,V5_4,V1,V2,V3,V4,V6,V7,V8,V9,V10,V11,V12,V5_1,V5_2,V5_3,kingdom,phylum,class,order,family,genus,species,OTU.ID
1,AB365865,OTU109,313,23,313,486,1,291,93,538,3.63e-153,100,gi,ESA00401,gb,k__Fungi,p__Mucoromycota,c__Glomeromycetes,o__Glomerales,f__Glomeraceae,g__Glomus,s__VTX00248,OTU109.g__Glomus
2,AB546420,OTU375,312,23,312,498,1,290,93,531,6.05e-151,99.655,gi,TJA00013,gb,k__Fungi,p__Mucoromycota,c__Glomeromycetes,o__Glomerales,f__Glomeraceae,g__Glomus,s__VTX00291,OTU375.g__Glomus
3,AB698614,OTU3,313,23,313,500,1,291,93,532,1.69e-151,99.656,gi,MOA08456,gb,k__Fungi,p__Mucoromycota,c__Glomeromycetes,o__Glomerales,f__Glomeraceae,g__Glomus,s__VTX00063,OTU3.g__Glomus
4,AB698614,OTU79,157,1,106,500,106,1,68,191,5.46e-49,99.057,gi,MOA08456,gb,k__Fungi,p__Mucoromycota,c__Glomeromycetes,o__Glomerales,f__Glomeraceae,g__Glomus,s__VTX00063,OTU79.g__Glomus
5,AB698614,OTU618,333,1,281,500,281,1,84,520,1.4e-147,100,gi,MOA08456,gb,k__Fungi,p__Mucoromycota,c__Glomeromycetes,o__Glomerales,f__Glomeraceae,g__Glomus,s__VTX00063,OTU618.g__Glomus
6,AB749493,OTU11,313,23,313,500,1,291,93,532,1.69e-151,99.656,gi,MOA08368,gb,k__Fungi,p__Mucoromycota,c__Glomeromycetes,o__Glomerales,f__Glomeraceae,g__Glomus,s__VTX00063,OTU11.g__Glomus
7,AF485886,OTU596,311,23,311,487,1,292,93,237,1.47e-62,81.757,gi,ESA00876,gb,k__Fungi,p__Mucoromycota,c__Glomeromycetes,o__Diversisporales,f__Acaulosporaceae,g__Acaulospora,s__VTX00010,OTU596.g__Acaulospora
8,AJ563900,OTU345,320,23,320,500,1,291,93,200,1.99e-51,79.739,gi,ESA01929,gb,k__Fungi,p__Mucoromycota,c__Glomeromycetes,o__Glomerales,f__Glomeraceae,g__Glomus,s__VTX00072,OTU345.g__Glomus
9,AJ854095,OTU617,371,238,371,488,158,293,50,195,1.08e-49,92.647,gi,ESA00909,gb,k__Fungi,p__Mucoromycota,c__Glomeromycetes,o__Diversisporales,f__Acaulosporaceae,g__Acaulospora,s__VTX00030,OTU617.g__Acaulospora
10,AJ854100,OTU622,313,176,313,494,162,299,44,167,1.97e-41,88.489,gi,ESA00914,gb,k__Fungi,p__Mucoromycota,c__Paraglomeromycetes,o__Paraglomerales,f__Paraglomeraceae,g__Paraglomus,s__VTX00001,OTU622.g__Paraglomus
11,AM295493,OTU406,318,23,318,497,1,291,93,182,7.16e-46,78.477,gi,ESA02317,gb,k__Fungi,p__Mucoromycota,c__Paraglomeromycetes,o__Paraglomerales,f__Paraglomeraceae,g__Paraglomus,s__VTX00281,OTU406.g__Paraglomus
12,AM412061,OTU18,313,23,313,500,1,291,93,538,3.63e-153,100,gi,ESA00506,gb,k__Fungi,p__Mucoromycota,c__Glomeromycetes,o__Glomerales,f__Glomeraceae,g__Glomus,s__VTX00114,OTU18.g__Glomus
13,AY129588,OTU751,321,184,321,483,159,290,43,134,2.05e-31,84.783,gi,ESA01057,gb,k__Fungi,p__Mucoromycota,c__Glomeromycetes,o__Glomerales,f__Glomeraceae,g__Glomus,s__VTX00206,OTU751.g__Glomus
14,DQ263980,OTU475,326,23,326,489,1,294,93,176,3.42e-44,78.135,gi,ESA02586,gb,k__Fungi,p__Mucoromycota,c__Glomeromycetes,o__Glomerales,f__Glomeraceae,g__Glomus,s__VTX00344,OTU475.g__Glomus
15,DQ263980,OTU561,326,23,326,489,1,294,93,154,1.6e-37,77.143,gi,ESA02586,gb,k__Fungi,p__Mucoromycota,c__Glomeromycetes,o__Glomerales,f__Glomeraceae,g__Glomus,s__VTX00344,OTU561.g__Glomus
16,DQ336488,OTU184,321,23,321,500,1,291,93,196,2.58e-50,79.208,gi,ESA01179,gb,k__Fungi,p__Mucoromycota,c__Glomeromycetes,o__Glomerales,f__Glomeraceae,g__Glomus,s__VTX00235,OTU184.g__Glomus
17,DQ336488,OTU259,321,23,321,500,1,291,93,191,1.2e-48,79.016,gi,ESA01179,gb,k__Fungi,p__Mucoromycota,c__Glomeromycetes,o__Glomerales,f__Glomeraceae,g__Glomus,s__VTX00235,OTU259.g__Glomus
18,DQ336488,OTU298,322,178,322,500,149,291,61,195,9.32e-50,91.096,gi,ESA01179,gb,k__Fungi,p__Mucoromycota,c__Glomeromycetes,o__Glomerales,f__Glomeraceae,g__Glomus,s__VTX00235,OTU298.g__Glomus
19,DQ336488,OTU377,323,180,323,500,149,291,45,187,1.56e-47,90.345,gi,ESA01179,gb,k__Fungi,p__Mucoromycota,c__Glomeromycetes,o__Glomerales,f__Glomeraceae,g__Glomus,s__VTX00235,OTU377.g__Glomus
20,DQ396687,OTU636,328,23,328,500,1,294,93,200,2.04e-51,79.553,gi,ESA01948,gb,k__Fungi,p__Mucoromycota,c__Archaeosporomycetes,o__Archaeosporales,f__Ambisporaceae,g__Ambispora,s__VTX00283,OTU636.g__Ambispora
21,EF154540,OTU198,323,23,323,461,1,291,93,231,7.13e-61,81.433,gi,ESA01313,gb,k__Fungi,p__Mucoromycota,c__Glomeromycetes,o__Glomerales,f__Glomeraceae,g__Glomus,s__VTX00247,OTU198.g__Glomus
22,EF154540,OTU214,320,23,320,461,1,291,93,217,1.98e-56,80.719,gi,ESA01313,gb,k__Fungi,p__Mucoromycota,c__Glomeromycetes,o__Glomerales,f__Glomeraceae,g__Glomus,s__VTX00247,OTU214.g__Glomus
23,EF154540,OTU684,198,54,198,461,149,291,73,195,5.5e-50,91.096,gi,ESA01313,gb,k__Fungi,p__Mucoromycota,c__Glomeromycetes,o__Glomerales,f__Glomeraceae,g__Glomus,s__VTX00247,OTU684.g__Glomus
24,EF409092,OTU28,325,183,325,265,123,263,44,174,1.23e-43,88.889,gi,ESA01467,gb,k__Fungi,p__Mucoromycota,c__Glomeromycetes,o__Glomerales,f__Glomeraceae,g__Glomus,s__VTX00115,OTU28.g__Glomus
25,EF409092,OTU192,328,186,328,265,121,263,44,193,3.42e-49,91.034,gi,ESA01467,gb,k__Fungi,p__Mucoromycota,c__Glomeromycetes,o__Glomerales,f__Glomeraceae,g__Glomus,s__VTX00115,OTU192.g__Glomus
26,EF409092,OTU257,330,187,330,265,120,263,44,189,4.45e-48,90.411,gi,ESA01467,gb,k__Fungi,p__Mucoromycota,c__Glomeromycetes,o__Glomerales,f__Glomeraceae,g__Glomus,s__VTX00115,OTU257.g__Glomus
27,EF409092,OTU265,321,179,321,265,123,263,45,185,5.59e-47,90.278,gi,ESA01467,gb,k__Fungi,p__Mucoromycota,c__Glomeromycetes,o__Glomerales,f__Glomeraceae,g__Glomus,s__VTX00115,OTU265.g__Glomus
28,EF409092,OTU533,321,179,321,265,123,263,45,185,5.59e-47,90.278,gi,ESA01467,gb,k__Fungi,p__Mucoromycota,c__Glomeromycetes,o__Glomerales,f__Glomeraceae,g__Glomus,s__VTX00115,OTU533.g__Glomus
29,EF409092,OTU723,324,191,324,265,131,263,41,180,2.63e-45,91.111,gi,ESA01467,gb,k__Fungi,p__Mucoromycota,c__Glomeromycetes,o__Glomerales,f__Glomeraceae,g__Glomus,s__VTX00115,OTU723.g__Glomus
30,EU123409,OTU409,320,162,320,500,134,291,50,187,1.55e-47,88.199,gi,ESA02674,gb,k__Fungi,p__Mucoromycota,c__Glomeromycetes,o__Glomerales,f__Glomeraceae,g__Glomus,s__VTX00234,OTU409.g__Glomus
31,EU123462,OTU122,311,23,311,500,1,291,93,342,3.03e-94,88.014,gi,ESA02692,gb,k__Fungi,p__Mucoromycota,c__Paraglomeromycetes,o__Paraglomerales,f__Paraglomeraceae,g__Paraglomus,s__VTX00308,OTU122.g__Paraglomus
32,EU123462,OTU166,313,23,313,500,1,291,93,311,8.6e-85,86.102,gi,ESA02692,gb,k__Fungi,p__Mucoromycota,c__Paraglomeromycetes,o__Paraglomerales,f__Paraglomeraceae,g__Paraglomus,s__VTX00308,OTU166.g__Paraglomus
33,EU123462,OTU260,314,23,314,500,1,291,93,255,4.1e-68,82.712,gi,ESA02692,gb,k__Fungi,p__Mucoromycota,c__Paraglomeromycetes,o__Paraglomerales,f__Paraglomeraceae,g__Paraglomus,s__VTX00308,OTU260.g__Paraglomus
34,EU123462,OTU327,314,23,314,500,1,291,93,300,1.87e-81,85.374,gi,ESA02692,gb,k__Fungi,p__Mucoromycota,c__Paraglomeromycetes,o__Paraglomerales,f__Paraglomeraceae,g__Paraglomus,s__VTX00308,OTU327.g__Paraglomus
35,EU123462,OTU600,313,23,313,500,1,291,93,449,1.75e-126,94.502,gi,ESA02692,gb,k__Fungi,p__Mucoromycota,c__Paraglomeromycetes,o__Paraglomerales,f__Paraglomeraceae,g__Paraglomus,s__VTX00308,OTU600.g__Paraglomus
36,EU332741,OTU95,315,23,315,504,1,297,93,492,2.88e-139,96.633,gi,ESA00179,gb,k__Fungi,p__Mucoromycota,c__Glomeromycetes,o__Glomerales,f__Claroideoglomeraceae,g__Claroideoglomus,s__VTX00279,OTU95.g__Claroideoglomus
37,EU417636,OTU432,312,23,312,501,1,292,93,305,3.99e-83,86.139,gi,ESA01253,gb,k__Fungi,p__Mucoromycota,c__Glomeromycetes,o__Glomerales,f__Glomeraceae,g__Glomus,s__VTX00204,OTU432.g__Glomus
38,EU573738,OTU279,312,23,312,478,1,290,93,281,6.72e-76,84.3,gi,ESA01484,gb,k__Fungi,p__Mucoromycota,c__Archaeosporomycetes,o__Archaeosporales,f__Archaeosporaceae,g__Archaeospora,s__VTX00008,OTU279.g__Archaeospora
39,EU573738,OTU297,310,23,310,478,1,290,93,302,5.12e-82,85.616,gi,ESA01484,gb,k__Fungi,p__Mucoromycota,c__Archaeosporomycetes,o__Archaeosporales,f__Archaeosporaceae,g__Archaeospora,s__VTX00008,OTU297.g__Archaeospora
40,EU573738,OTU421,311,23,311,478,1,290,93,291,1.11e-78,84.983,gi,ESA01484,gb,k__Fungi,p__Mucoromycota,c__Archaeosporomycetes,o__Archaeosporales,f__Archaeosporaceae,g__Archaeospora,s__VTX00008,OTU421.g__Archaeospora
41,EU573738,OTU459,322,23,322,478,1,290,93,207,1.2e-53,80,gi,ESA01484,gb,k__Fungi,p__Mucoromycota,c__Archaeosporomycetes,o__Archaeosporales,f__Archaeosporaceae,g__Archaeospora,s__VTX00008,OTU459.g__Archaeospora
42,EU573738,OTU673,313,23,313,478,1,290,93,292,3.12e-79,85.235,gi,ESA01484,gb,k__Fungi,p__Mucoromycota,c__Archaeosporomycetes,o__Archaeosporales,f__Archaeosporaceae,g__Archaeospora,s__VTX00008,OTU673.g__Archaeospora
43,EU573756,OTU180,321,23,321,466,1,291,93,257,1.17e-68,82.895,gi,ESA01485,gb,k__Fungi,p__Mucoromycota,c__Archaeosporomycetes,o__Archaeosporales,f__Archaeosporaceae,g__Archaeospora,s__VTX00005,OTU180.g__Archaeospora
44,FN263166,OTU493,321,23,321,498,1,290,93,200,2e-51,79.47,gi,ESA02472,gb,k__Fungi,p__Mucoromycota,c__Glomeromycetes,o__Glomerales,f__Glomeraceae,g__Glomus,s__VTX00154,OTU493.g__Glomus
45,FN820272,OTU558,407,272,407,499,162,294,45,171,2.02e-42,89.706,gi,MOA00384,gb,k__Fungi,p__Mucoromycota,c__Archaeosporomycetes,o__Archaeosporales,f__Ambisporaceae,g__Ambispora,s__VTX00283,OTU558.g__Ambispora
46,FN820272,OTU637,306,23,306,499,1,294,93,257,1.11e-68,83.498,gi,MOA00384,gb,k__Fungi,p__Mucoromycota,c__Archaeosporomycetes,o__Archaeosporales,f__Ambisporaceae,g__Ambispora,s__VTX00283,OTU637.g__Ambispora
47,FN820272,OTU731,404,269,404,499,162,294,46,171,2e-42,89.706,gi,MOA00384,gb,k__Fungi,p__Mucoromycota,c__Archaeosporomycetes,o__Archaeosporales,f__Ambisporaceae,g__Ambispora,s__VTX00283,OTU731.g__Ambispora
48,FN820274,OTU595,330,23,330,501,1,295,93,196,2.66e-50,79.299,gi,MOA00387,gb,k__Fungi,p__Mucoromycota,c__Archaeosporomycetes,o__Archaeosporales,f__Ambisporaceae,g__Ambispora,s__VTX00283,OTU595.g__Ambispora
49,FN869783,OTU149,336,189,336,499,151,290,60,134,2.16e-31,83.893,gi,MOA00657,gb,k__Fungi,p__Mucoromycota,c__Glomeromycetes,o__Glomerales,f__Glomeraceae,g__Glomus,s__VTX00234,OTU149.g__Glomus
50,FN869783,OTU220,339,192,339,499,151,290,59,134,2.18e-31,83.893,gi,MOA00657,gb,k__Fungi,p__Mucoromycota,c__Glomeromycetes,o__Glomerales,f__Glomeraceae,g__Glomus,s__VTX00234,OTU220.g__Glomus
51,FN869783,OTU303,320,23,320,499,1,290,93,183,2e-46,78.758,gi,MOA00657,gb,k__Fungi,p__Mucoromycota,c__Glomeromycetes,o__Glomerales,f__Glomeraceae,g__Glomus,s__VTX00234,OTU303.g__Glomus
52,FR693458,OTU62,310,23,310,500,1,291,93,291,1.11e-78,84.983,gi,MOA00687,gb,k__Fungi,p__Mucoromycota,c__Paraglomeromycetes,o__Paraglomerales,f__Paraglomeraceae,g__Paraglomus,s__VTX00308,OTU62.g__Paraglomus
53,FR693458,OTU165,309,23,309,500,1,291,93,291,1.11e-78,84.983,gi,MOA00687,gb,k__Fungi,p__Mucoromycota,c__Paraglomeromycetes,o__Paraglomerales,f__Paraglomeraceae,g__Paraglomus,s__VTX00308,OTU165.g__Paraglomus
54,FR693608,OTU117,314,23,314,505,1,296,93,211,9.01e-55,80,gi,MOA00693,gb,k__Fungi,p__Mucoromycota,c__Glomeromycetes,o__Glomerales,f__Claroideoglomeraceae,g__Claroideoglomus,s__VTX00193,OTU117.g__Claroideoglomus
55,FR715050,OTU13,313,23,313,500,1,291,93,538,3.63e-153,100,gi,MOA03352,gb,k__Fungi,p__Mucoromycota,c__Glomeromycetes,o__Glomerales,f__Glomeraceae,g__Glomus,s__VTX00098,OTU13.g__Glomus
56,FR715050,OTU568,329,1,278,500,278,1,84,492,3.02e-139,98.566,gi,MOA03352,gb,k__Fungi,p__Mucoromycota,c__Glomeromycetes,o__Glomerales,f__Glomeraceae,g__Glomus,s__VTX00098,OTU568.g__Glomus
57,FR821539,OTU335,313,23,313,500,1,291,93,532,1.69e-151,99.656,gi,TJA00651,gb,k__Fungi,p__Mucoromycota,c__Glomeromycetes,o__Glomerales,f__Glomeraceae,g__Glomus,s__VTX00363,OTU335.g__Glomus
58,GQ140599,OTU737,315,23,315,499,1,293,93,508,2.86e-144,97.952,gi,MOA00344,gb,k__Fungi,p__Mucoromycota,c__Archaeosporomycetes,o__Archaeosporales,f__Ambisporaceae,g__Ambispora,s__VTX00242,OTU737.g__Ambispora
59,GQ140600,OTU25,319,23,319,506,1,297,93,549,1.71e-156,100,gi,MOA00336,gb,k__Fungi,p__Mucoromycota,c__Glomeromycetes,o__Glomerales,f__Claroideoglomeraceae,g__Claroideoglomus,s__VTX00055,OTU25.g__Claroideoglomus
60,GQ140600,OTU415,336,1,284,506,284,1,85,525,3.05e-149,100,gi,MOA00336,gb,k__Fungi,p__Mucoromycota,c__Glomeromycetes,o__Glomerales,f__Claroideoglomeraceae,g__Claroideoglomus,s__VTX00055,OTU415.g__Claroideoglomus
61,GU353870,OTU118,157,1,106,500,106,1,68,196,1.17e-50,100,gi,MOA00077,gb,k__Fungi,p__Mucoromycota,c__Glomeromycetes,o__Glomerales,f__Glomeraceae,g__Glomus,s__VTX00063,OTU118.g__Glomus
62,GU353870,OTU588,312,23,312,500,1,291,93,525,2.81e-149,99.313,gi,MOA00077,gb,k__Fungi,p__Mucoromycota,c__Glomeromycetes,o__Glomerales,f__Glomeraceae,g__Glomus,s__VTX00063,OTU588.g__Glomus
63,GU353941,OTU382,310,23,310,507,1,298,93,159,3.26e-39,77.524,gi,MOA00049,gb,k__Fungi,p__Mucoromycota,c__Glomeromycetes,o__Glomerales,f__Claroideoglomeraceae,g__Claroideoglomus,s__VTX00057,OTU382.g__Claroideoglomus
64,GU353947,OTU201,315,23,315,499,1,290,93,322,4e-88,86.824,gi,MOA00066,gb,k__Fungi,p__Mucoromycota,c__Glomeromycetes,o__Glomerales,f__Glomeraceae,g__Glomus,s__VTX00332,OTU201.g__Glomus
65,GU353947,OTU252,312,23,312,499,1,290,93,309,3.08e-84,86.007,gi,MOA00066,gb,k__Fungi,p__Mucoromycota,c__Glomeromycetes,o__Glomerales,f__Glomeraceae,g__Glomus,s__VTX00332,OTU252.g__Glomus
66,GU353947,OTU497,315,23,315,499,1,290,93,289,4.06e-78,84.797,gi,MOA00066,gb,k__Fungi,p__Mucoromycota,c__Glomeromycetes,o__Glomerales,f__Glomeraceae,g__Glomus,s__VTX00332,OTU497.g__Glomus
67,GU353948,OTU580,315,23,315,502,1,293,93,215,6.99e-56,80.399,gi,MOA00094,gb,k__Fungi,p__Mucoromycota,c__Glomeromycetes,o__Glomerales,f__Glomeraceae,g__Glomus,s__VTX00151,OTU580.g__Glomus
68,HE576802,OTU40,318,25,318,503,3,294,92,148,7.26e-36,76.568,gi,MOA01119,gb,k__Fungi,p__Mucoromycota,c__Paraglomeromycetes,o__Paraglomerales,f__Paraglomeraceae,g__Paraglomus,s__VTX00352,OTU40.g__Paraglomus
69,HE576802,OTU312,309,25,309,503,3,294,92,206,4.12e-53,80.201,gi,MOA01119,gb,k__Fungi,p__Mucoromycota,c__Paraglomeromycetes,o__Paraglomerales,f__Paraglomeraceae,g__Paraglomus,s__VTX00352,OTU312.g__Paraglomus
70,HE576802,OTU318,309,25,309,503,3,294,92,195,8.92e-50,79.461,gi,MOA01119,gb,k__Fungi,p__Mucoromycota,c__Paraglomeromycetes,o__Paraglomerales,f__Paraglomeraceae,g__Paraglomus,s__VTX00352,OTU318.g__Paraglomus
71,HE576802,OTU366,310,25,310,503,3,294,92,185,5.38e-47,78.859,gi,MOA01119,gb,k__Fungi,p__Mucoromycota,c__Paraglomeromycetes,o__Paraglomerales,f__Paraglomeraceae,g__Paraglomus,s__VTX00352,OTU366.g__Paraglomus
72,HE576912,OTU159,310,23,310,498,1,292,93,265,6.72e-71,83.557,gi,MOA01171,gb,k__Fungi,p__Mucoromycota,c__Paraglomeromycetes,o__Paraglomerales,f__Paraglomeraceae,g__Paraglomus,s__VTX00350,OTU159.g__Paraglomus
73,HE576915,OTU171,312,23,312,499,1,292,93,161,9.14e-40,77.104,gi,MOA01174,gb,k__Fungi,p__Mucoromycota,c__Paraglomeromycetes,o__Paraglomerales,f__Paraglomeraceae,g__Paraglomus,s__VTX00350,OTU171.g__Paraglomus
74,HE576915,OTU571,320,23,320,499,1,292,93,202,5.53e-52,79.605,gi,MOA01174,gb,k__Fungi,p__Mucoromycota,c__Paraglomeromycetes,o__Paraglomerales,f__Paraglomeraceae,g__Paraglomus,s__VTX00350,OTU571.g__Paraglomus
75,HE576932,OTU268,319,23,319,510,1,301,93,475,2.94e-134,95.349,gi,MOA01183,gb,k__Fungi,p__Mucoromycota,c__Glomeromycetes,o__Glomerales,f__Claroideoglomeraceae,g__Claroideoglomus,s__VTX00357,OTU268.g__Claroideoglomus
76,HE578046,OTU496,333,1,282,500,282,1,85,521,3.9e-148,100,gi,MOA03384,gb,k__Fungi,p__Mucoromycota,c__Glomeromycetes,o__Glomerales,f__Glomeraceae,g__Glomus,s__VTX00363,OTU496.g__Glomus
77,HE613456,OTU749,306,23,306,499,1,293,93,161,8.95e-40,77.441,gi,MOA08543,gb,k__Fungi,p__Mucoromycota,c__Paraglomeromycetes,o__Paraglomerales,f__Paraglomeraceae,g__Paraglomus,s__VTX00348,OTU749.g__Paraglomus
78,HE615035,OTU329,307,23,307,504,1,295,93,265,6.65e-71,83.502,gi,MOA03524,gb,k__Fungi,p__Mucoromycota,c__Glomeromycetes,o__Glomerales,f__Claroideoglomeraceae,g__Claroideoglomus,s__VTX00193,OTU329.g__Claroideoglomus
79,HE615047,OTU473,323,23,323,509,1,301,93,556,1.04e-158,100,gi,MOA03534,gb,k__Fungi,p__Mucoromycota,c__Glomeromycetes,o__Glomerales,f__Claroideoglomeraceae,g__Claroideoglomus,s__VTX00357,OTU473.g__Claroideoglomus
80,HE615055,OTU71,312,23,312,499,1,290,93,531,6.05e-151,99.655,gi,MOA03540,gb,k__Fungi,p__Mucoromycota,c__Glomeromycetes,o__Glomerales,f__Glomeraceae,g__Glomus,s__VTX00064,OTU71.g__Glomus
81,HE615073,OTU53,316,23,316,504,1,295,93,466,1.75e-131,95.254,gi,MOA03554,gb,k__Fungi,p__Mucoromycota,c__Glomeromycetes,o__Glomerales,f__Claroideoglomeraceae,g__Claroideoglomus,s__VTX00402,OTU53.g__Claroideoglomus
82,HE615073,OTU174,331,192,331,504,161,295,42,171,1.62e-42,89.286,gi,MOA03554,gb,k__Fungi,p__Mucoromycota,c__Glomeromycetes,o__Glomerales,f__Claroideoglomeraceae,g__Claroideoglomus,s__VTX00402,OTU174.g__Claroideoglomus
83,HE615073,OTU189,326,181,326,504,155,295,45,143,3.47e-34,84.932,gi,MOA03554,gb,k__Fungi,p__Mucoromycota,c__Glomeromycetes,o__Glomerales,f__Claroideoglomeraceae,g__Claroideoglomus,s__VTX00402,OTU189.g__Claroideoglomus
84,HE615073,OTU191,330,191,330,504,161,295,42,165,7.5e-41,88.571,gi,MOA03554,gb,k__Fungi,p__Mucoromycota,c__Glomeromycetes,o__Glomerales,f__Claroideoglomeraceae,g__Claroideoglomus,s__VTX00402,OTU191.g__Claroideoglomus
85,HE615073,OTU227,339,194,339,504,155,295,43,176,3.57e-44,89.041,gi,MOA03554,gb,k__Fungi,p__Mucoromycota,c__Glomeromycetes,o__Glomerales,f__Claroideoglomeraceae,g__Claroideoglomus,s__VTX00402,OTU227.g__Claroideoglomus
86,HE615073,OTU232,333,191,333,504,155,295,43,191,1.25e-48,90.909,gi,MOA03554,gb,k__Fungi,p__Mucoromycota,c__Glomeromycetes,o__Glomerales,f__Claroideoglomeraceae,g__Claroideoglomus,s__VTX00402,OTU232.g__Claroideoglomus
87,HE615073,OTU247,330,184,330,504,155,295,45,139,4.55e-33,84.459,gi,MOA03554,gb,k__Fungi,p__Mucoromycota,c__Glomeromycetes,o__Glomerales,f__Claroideoglomeraceae,g__Claroideoglomus,s__VTX00402,OTU247.g__Claroideoglomus
88,HE615073,OTU276,339,196,339,504,155,295,42,185,5.93e-47,90.278,gi,MOA03554,gb,k__Fungi,p__Mucoromycota,c__Glomeromycetes,o__Glomerales,f__Claroideoglomeraceae,g__Claroideoglomus,s__VTX00402,OTU276.g__Claroideoglomus
89,HE615073,OTU333,320,23,320,504,1,295,93,453,1.38e-127,94.333,gi,MOA03554,gb,k__Fungi,p__Mucoromycota,c__Glomeromycetes,o__Glomerales,f__Claroideoglomeraceae,g__Claroideoglomus,s__VTX00402,OTU333.g__Claroideoglomus
90,HE615073,OTU441,332,192,332,504,161,295,42,167,2.1e-41,88.652,gi,MOA03554,gb,k__Fungi,p__Mucoromycota,c__Glomeromycetes,o__Glomerales,f__Claroideoglomeraceae,g__Claroideoglomus,s__VTX00402,OTU441.g__Claroideoglomus
91,HE615073,OTU538,342,199,342,504,157,295,42,172,4.66e-43,88.889,gi,MOA03554,gb,k__Fungi,p__Mucoromycota,c__Glomeromycetes,o__Glomerales,f__Claroideoglomeraceae,g__Claroideoglomus,s__VTX00402,OTU538.g__Claroideoglomus
92,HE798825,OTU2,313,23,313,500,1,291,93,538,3.63e-153,100,gi,MOA02859,gb,k__Fungi,p__Mucoromycota,c__Glomeromycetes,o__Glomerales,f__Glomeraceae,g__Glomus,s__VTX00100,OTU2.g__Glomus
93,HE798840,OTU602,311,25,311,500,3,291,92,261,8.73e-70,83.333,gi,MOA02874,gb,k__Fungi,p__Mucoromycota,c__Glomeromycetes,o__Glomerales,f__Glomeraceae,g__Glomus,s__VTX00419,OTU602.g__Glomus
94,HE798841,OTU195,309,23,309,500,1,291,93,224,1.14e-58,81.017,gi,MOA02875,gb,k__Fungi,p__Mucoromycota,c__Glomeromycetes,o__Glomerales,f__Glomeraceae,g__Glomus,s__VTX00419,OTU195.g__Glomus
95,HE798938,OTU72,310,25,310,499,3,290,92,187,1.5e-47,79.054,gi,MOA02972,gb,k__Fungi,p__Mucoromycota,c__Glomeromycetes,o__Glomerales,f__Glomeraceae,g__Glomus,s__VTX00132,OTU72.g__Glomus
96,HE798938,OTU146,310,25,310,499,3,290,92,182,6.96e-46,78.716,gi,MOA02972,gb,k__Fungi,p__Mucoromycota,c__Glomeromycetes,o__Glomerales,f__Glomeraceae,g__Glomus,s__VTX00132,OTU146.g__Glomus
97,HE799031,OTU530,337,191,337,500,144,291,59,195,9.79e-50,90.667,gi,MOA03065,gb,k__Fungi,p__Mucoromycota,c__Glomeromycetes,o__Glomerales,f__Glomeraceae,g__Glomus,s__VTX00184,OTU530.g__Glomus
98,HE799238,OTU598,330,185,330,501,149,292,59,191,1.24e-48,90.476,gi,MOA03272,gb,k__Fungi,p__Mucoromycota,c__Glomeromycetes,o__Glomerales,f__Glomeraceae,g__Glomus,s__VTX00098,OTU598.g__Glomus
99,HF566457,OTU188,310,23,310,497,1,291,93,329,2.35e-90,87.329,gi,MOA01418,gb,k__Fungi,p__Mucoromycota,c__Archaeosporomycetes,o__Archaeosporales,f__Archaeosporaceae,g__Archaeospora,s__VTX00005,OTU188.g__Archaeospora
100,HF566457,OTU365,310,25,310,497,3,291,92,320,1.41e-87,87.031,gi,MOA01418,gb,k__Fungi,p__Mucoromycota,c__Archaeosporomycetes,o__Archaeosporales,f__Archaeosporaceae,g__Archaeospora,s__VTX00005,OTU365.g__Archaeospora
101,HF566864,OTU271,314,181,314,501,158,290,43,196,2.52e-50,93.333,gi,MOA01825,gb,k__Fungi,p__Mucoromycota,c__Glomeromycetes,o__Glomerales,f__Glomeraceae,g__Glomus,s__VTX00361,OTU271.g__Glomus
102,HF566884,OTU448,312,23,312,504,1,291,93,226,3.19e-59,81.333,gi,MOA01845,gb,k__Fungi,p__Mucoromycota,c__Glomeromycetes,o__Glomerales,f__Glomeraceae,g__Glomus,s__VTX00367,OTU448.g__Glomus
103,HF567277,OTU551,312,23,312,441,1,289,93,529,2.17e-150,99.655,gi,MOA02238,gb,k__Fungi,p__Mucoromycota,c__Glomeromycetes,o__Glomerales,f__Glomeraceae,g__Glomus,s__VTX00224,OTU551.g__Glomus
104,HF567402,OTU101,310,27,310,501,5,292,92,302,5.12e-82,85.813,gi,MOA02363,gb,k__Fungi,p__Mucoromycota,c__Glomeromycetes,o__Glomerales,f__Glomeraceae,g__Glomus,s__VTX00093,OTU101.g__Glomus
105,HF568137,OTU340,338,25,74,498,3,52,15,82.4,7.98e-16,96,gi,MOA18254,gb,k__Fungi,p__Mucoromycota,c__Glomeromycetes,o__Diversisporales,f__Diversisporaceae,g__Diversispora,s__VTX00054,OTU340.g__Diversispora
106,HF568366,OTU519,287,162,287,498,164,289,62,200,1.77e-51,95.312,gi,MOA18483,gb,k__Fungi,p__Mucoromycota,c__Glomeromycetes,o__Glomerales,f__Glomeraceae,g__Glomus,s__VTX00143,OTU519.g__Glomus
107,HF568423,OTU491,316,23,316,498,1,291,93,141,1.21e-33,76.547,gi,MOA18540,gb,k__Fungi,p__Mucoromycota,c__Glomeromycetes,o__Glomerales,f__Glomeraceae,g__Glomus,s__VTX00156,OTU491.g__Glomus
108,HF568516,OTU414,327,23,327,498,1,296,93,200,2.04e-51,79.553,gi,MOA18633,gb,k__Fungi,p__Mucoromycota,c__Glomeromycetes,o__Glomerales,f__Claroideoglomeraceae,g__Claroideoglomus,s__VTX00193,OTU414.g__Claroideoglomus
109,HF568609,OTU569,319,178,319,498,152,291,45,156,4.35e-38,86.986,gi,MOA18726,gb,k__Fungi,p__Mucoromycota,c__Paraglomeromycetes,o__Paraglomerales,f__Paraglomeraceae,g__Paraglomus,s__VTX00281,OTU569.g__Paraglomus
110,HF568609,OTU690,318,177,318,498,152,291,45,145,9.39e-35,85.616,gi,MOA18726,gb,k__Fungi,p__Mucoromycota,c__Paraglomeromycetes,o__Paraglomerales,f__Paraglomeraceae,g__Paraglomus,s__VTX00281,OTU690.g__Paraglomus
111,HF568636,OTU341,310,23,310,498,1,291,93,219,5.31e-57,80.678,gi,MOA18753,gb,k__Fungi,p__Mucoromycota,c__Glomeromycetes,o__Glomerales,f__Glomeraceae,g__Glomus,s__VTX00295,OTU341.g__Glomus
112,HF568664,OTU393,305,163,305,498,155,290,47,124,1.17e-28,83.217,gi,MOA18781,gb,k__Fungi,p__Mucoromycota,c__Glomeromycetes,o__Glomerales,f__Glomeraceae,g__Glomus,s__VTX00305,OTU393.g__Glomus
113,HF954563,OTU331,314,23,314,494,1,298,93,257,1.14e-68,82.895,gi,MOA17424,gb,k__Fungi,p__Mucoromycota,c__Glomeromycetes,o__Glomerales,f__Claroideoglomeraceae,g__Claroideoglomus,s__VTX00056,OTU331.g__Claroideoglomus
114,HF954633,OTU134,310,180,310,500,160,290,42,176,3.24e-44,90.977,gi,MOA17494,gb,k__Fungi,p__Mucoromycota,c__Glomeromycetes,o__Glomerales,f__Glomeraceae,g__Glomus,s__VTX00143,OTU134.g__Glomus
115,HF954633,OTU559,312,23,312,500,1,290,93,226,3.19e-59,81.081,gi,MOA17494,gb,k__Fungi,p__Mucoromycota,c__Glomeromycetes,o__Glomerales,f__Glomeraceae,g__Glomus,s__VTX00143,OTU559.g__Glomus
116,HF954706,OTU738,313,23,313,498,1,288,93,313,2.39e-85,86.301,gi,MOA17567,gb,k__Fungi,p__Mucoromycota,c__Archaeosporomycetes,o__Archaeosporales,f__Archaeosporaceae,g__Archaeospora,s__VTX00009,OTU738.g__Archaeospora
117,HF954752,OTU629,318,23,318,494,1,290,93,176,3.33e-44,78.146,gi,MOA17613,gb,k__Fungi,p__Mucoromycota,c__Archaeosporomycetes,o__Archaeosporales,f__Archaeosporaceae,g__Archaeospora,s__VTX00338,OTU629.g__Archaeospora
118,HF954757,OTU623,311,23,311,496,1,288,93,316,1.84e-86,86.689,gi,MOA17618,gb,k__Fungi,p__Mucoromycota,c__Archaeosporomycetes,o__Archaeosporales,f__Archaeosporaceae,g__Archaeospora,s__VTX00009,OTU623.g__Archaeospora
119,HF954810,OTU34,313,23,313,463,1,290,93,315,6.65e-86,86.301,gi,MOA17671,gb,k__Fungi,p__Mucoromycota,c__Paraglomeromycetes,o__Paraglomerales,f__Paraglomeraceae,g__Paraglomus,s__VTX00308,OTU34.g__Paraglomus
120,HF954810,OTU63,312,23,312,463,1,290,93,303,1.43e-82,85.616,gi,MOA17671,gb,k__Fungi,p__Mucoromycota,c__Paraglomeromycetes,o__Paraglomerales,f__Paraglomeraceae,g__Paraglomus,s__VTX00308,OTU63.g__Paraglomus
121,HF954810,OTU75,312,23,312,463,1,290,93,326,3.06e-89,86.942,gi,MOA17671,gb,k__Fungi,p__Mucoromycota,c__Paraglomeromycetes,o__Paraglomerales,f__Paraglomeraceae,g__Paraglomus,s__VTX00308,OTU75.g__Paraglomus
122,HF954810,OTU96,314,23,314,463,1,290,93,300,1.87e-81,85.324,gi,MOA17671,gb,k__Fungi,p__Mucoromycota,c__Paraglomeromycetes,o__Paraglomerales,f__Paraglomeraceae,g__Paraglomus,s__VTX00308,OTU96.g__Paraglomus
123,HF954810,OTU124,313,23,313,463,1,290,93,320,1.43e-87,86.644,gi,MOA17671,gb,k__Fungi,p__Mucoromycota,c__Paraglomeromycetes,o__Paraglomerales,f__Paraglomeraceae,g__Paraglomus,s__VTX00308,OTU124.g__Paraglomus
124,HF954810,OTU139,312,23,312,463,1,290,93,436,1.36e-122,93.793,gi,MOA17671,gb,k__Fungi,p__Mucoromycota,c__Paraglomeromycetes,o__Paraglomerales,f__Paraglomeraceae,g__Paraglomus,s__VTX00308,OTU139.g__Paraglomus
125,HF954810,OTU140,313,23,313,463,1,290,93,331,6.6e-91,87.372,gi,MOA17671,gb,k__Fungi,p__Mucoromycota,c__Paraglomeromycetes,o__Paraglomerales,f__Paraglomeraceae,g__Paraglomus,s__VTX00308,OTU140.g__Paraglomus
126,HF954810,OTU141,312,23,312,463,1,290,93,298,6.67e-81,85.274,gi,MOA17671,gb,k__Fungi,p__Mucoromycota,c__Paraglomeromycetes,o__Paraglomerales,f__Paraglomeraceae,g__Paraglomus,s__VTX00308,OTU141.g__Paraglomus
127,HF954810,OTU153,314,23,314,463,1,290,93,278,8.76e-75,84.014,gi,MOA17671,gb,k__Fungi,p__Mucoromycota,c__Paraglomeromycetes,o__Paraglomerales,f__Paraglomeraceae,g__Paraglomus,s__VTX00308,OTU153.g__Paraglomus
128,HF954810,OTU194,313,23,313,463,1,290,93,320,1.43e-87,86.644,gi,MOA17671,gb,k__Fungi,p__Mucoromycota,c__Paraglomeromycetes,o__Paraglomerales,f__Paraglomeraceae,g__Paraglomus,s__VTX00308,OTU194.g__Paraglomus
129,HF954810,OTU215,312,23,312,463,1,290,93,298,6.67e-81,85.223,gi,MOA17671,gb,k__Fungi,p__Mucoromycota,c__Paraglomeromycetes,o__Paraglomerales,f__Paraglomeraceae,g__Paraglomus,s__VTX00308,OTU215.g__Paraglomus
130,HF954810,OTU230,313,23,313,463,1,290,93,303,1.44e-82,85.616,gi,MOA17671,gb,k__Fungi,p__Mucoromycota,c__Paraglomeromycetes,o__Paraglomerales,f__Paraglomeraceae,g__Paraglomus,s__VTX00308,OTU230.g__Paraglomus
131,HF954810,OTU296,314,23,314,463,1,290,93,316,1.86e-86,86.348,gi,MOA17671,gb,k__Fungi,p__Mucoromycota,c__Paraglomeromycetes,o__Paraglomerales,f__Paraglomeraceae,g__Paraglomus,s__VTX00308,OTU296.g__Paraglomus
132,HF954810,OTU385,312,23,312,463,1,290,93,320,1.42e-87,86.598,gi,MOA17671,gb,k__Fungi,p__Mucoromycota,c__Paraglomeromycetes,o__Paraglomerales,f__Paraglomeraceae,g__Paraglomus,s__VTX00308,OTU385.g__Paraglomus
133,HF954810,OTU401,315,23,315,463,1,290,93,316,1.86e-86,86.441,gi,MOA17671,gb,k__Fungi,p__Mucoromycota,c__Paraglomeromycetes,o__Paraglomerales,f__Paraglomeraceae,g__Paraglomus,s__VTX00308,OTU401.g__Paraglomus
134,HF954810,OTU443,311,23,311,463,1,290,93,346,2.34e-95,88.396,gi,MOA17671,gb,k__Fungi,p__Mucoromycota,c__Paraglomeromycetes,o__Paraglomerales,f__Paraglomeraceae,g__Paraglomus,s__VTX00308,OTU443.g__Paraglomus
135,HF954810,OTU479,314,23,314,463,1,290,93,316,1.86e-86,86.348,gi,MOA17671,gb,k__Fungi,p__Mucoromycota,c__Paraglomeromycetes,o__Paraglomerales,f__Paraglomeraceae,g__Paraglomus,s__VTX00308,OTU479.g__Paraglomus
136,HF954810,OTU492,312,23,312,463,1,290,93,414,6.35e-116,92.414,gi,MOA17671,gb,k__Fungi,p__Mucoromycota,c__Paraglomeromycetes,o__Paraglomerales,f__Paraglomeraceae,g__Paraglomus,s__VTX00308,OTU492.g__Paraglomus
137,HF954810,OTU494,312,23,312,463,1,290,93,370,1.39e-102,89.655,gi,MOA17671,gb,k__Fungi,p__Mucoromycota,c__Paraglomeromycetes,o__Paraglomerales,f__Paraglomeraceae,g__Paraglomus,s__VTX00308,OTU494.g__Paraglomus
138,HF954810,OTU508,316,23,316,463,1,290,93,296,2.43e-80,85.135,gi,MOA17671,gb,k__Fungi,p__Mucoromycota,c__Paraglomeromycetes,o__Paraglomerales,f__Paraglomeraceae,g__Paraglomus,s__VTX00308,OTU508.g__Paraglomus
139,HF954810,OTU522,311,23,311,463,1,290,93,313,2.38e-85,86.441,gi,MOA17671,gb,k__Fungi,p__Mucoromycota,c__Paraglomeromycetes,o__Paraglomerales,f__Paraglomeraceae,g__Paraglomus,s__VTX00308,OTU522.g__Paraglomus
140,HF954810,OTU546,312,23,312,463,1,290,93,331,6.58e-91,87.285,gi,MOA17671,gb,k__Fungi,p__Mucoromycota,c__Paraglomeromycetes,o__Paraglomerales,f__Paraglomeraceae,g__Paraglomus,s__VTX00308,OTU546.g__Paraglomus
141,HF954810,OTU547,312,23,312,463,1,290,93,320,1.42e-87,86.598,gi,MOA17671,gb,k__Fungi,p__Mucoromycota,c__Paraglomeromycetes,o__Paraglomerales,f__Paraglomeraceae,g__Paraglomus,s__VTX00308,OTU547.g__Paraglomus
142,HF954810,OTU605,313,23,313,463,1,290,93,303,1.44e-82,85.616,gi,MOA17671,gb,k__Fungi,p__Mucoromycota,c__Paraglomeromycetes,o__Paraglomerales,f__Paraglomeraceae,g__Paraglomus,s__VTX00308,OTU605.g__Paraglomus
143,HF954810,OTU639,312,23,312,463,1,290,93,353,1.4e-97,88.621,gi,MOA17671,gb,k__Fungi,p__Mucoromycota,c__Paraglomeromycetes,o__Paraglomerales,f__Paraglomeraceae,g__Paraglomus,s__VTX00308,OTU639.g__Paraglomus
144,HF954810,OTU646,310,23,310,463,1,290,93,318,5.09e-87,86.644,gi,MOA17671,gb,k__Fungi,p__Mucoromycota,c__Paraglomeromycetes,o__Paraglomerales,f__Paraglomeraceae,g__Paraglomus,s__VTX00308,OTU646.g__Paraglomus
145,HF954810,OTU748,312,23,312,463,1,290,93,398,6.4e-111,91.409,gi,MOA17671,gb,k__Fungi,p__Mucoromycota,c__Paraglomeromycetes,o__Paraglomerales,f__Paraglomeraceae,g__Paraglomus,s__VTX00308,OTU748.g__Paraglomus
146,HF954826,OTU466,383,248,383,425,158,290,48,176,4.06e-44,90.511,gi,MOA17687,gb,k__Fungi,p__Mucoromycota,c__Archaeosporomycetes,o__Archaeosporales,f__Archaeosporaceae,g__Archaeospora,s__VTX00008,OTU466.g__Archaeospora
147,HF954826,OTU630,391,256,391,425,158,290,47,171,1.93e-42,89.781,gi,MOA17687,gb,k__Fungi,p__Mucoromycota,c__Archaeosporomycetes,o__Archaeosporales,f__Archaeosporaceae,g__Archaeospora,s__VTX00008,OTU630.g__Archaeospora
148,HF954852,OTU217,313,23,313,483,1,291,93,499,1.71e-141,97.595,gi,MOA17713,gb,k__Fungi,p__Mucoromycota,c__Glomeromycetes,o__Diversisporales,f__Diversisporaceae,g__Diversispora,s__VTX00063,OTU217.g__Diversispora
149,HF954887,OTU423,317,23,317,499,1,291,93,276,3.18e-74,84.053,gi,MOA17748,gb,k__Fungi,p__Mucoromycota,c__Archaeosporomycetes,o__Archaeosporales,f__Archaeosporaceae,g__Archaeospora,s__VTX00009,OTU423.g__Archaeospora
150,HF954887,OTU511,400,252,400,499,147,291,60,167,2.56e-41,87.417,gi,MOA17748,gb,k__Fungi,p__Mucoromycota,c__Archaeosporomycetes,o__Archaeosporales,f__Archaeosporaceae,g__Archaeospora,s__VTX00009,OTU511.g__Archaeospora
151,HG004533,OTU397,320,23,320,507,1,298,93,551,4.77e-157,100,gi,MOA08190,gb,k__Fungi,p__Mucoromycota,c__Glomeromycetes,o__Glomerales,f__Claroideoglomeraceae,g__Claroideoglomus,s__VTX00193,OTU397.g__Claroideoglomus
152,HG969558,OTU717,310,23,310,498,1,290,93,302,5.12e-82,85.616,gi,MOA17367,gb,k__Fungi,p__Mucoromycota,c__Glomeromycetes,o__Glomerales,f__Glomeraceae,g__Glomus,s__VTX00146,OTU717.g__Glomus
153,HG975670,OTU10,332,23,332,457,1,294,93,254,1.57e-67,82.258,gi,MOA24005,gb,k__Fungi,p__Mucoromycota,c__Archaeosporomycetes,o__Archaeosporales,f__Ambisporaceae,g__Ambispora,s__VTX00283,OTU10.g__Ambispora
154,HG975679,OTU360,312,23,312,498,1,291,93,237,1.48e-62,81.94,gi,MOA24014,gb,k__Fungi,p__Mucoromycota,c__Archaeosporomycetes,o__Archaeosporales,f__Archaeosporaceae,g__Archaeospora,s__VTX00005,OTU360.g__Archaeospora
155,HG975693,OTU132,311,23,311,498,1,291,93,315,6.6e-86,86.441,gi,MOA24028,gb,k__Fungi,p__Mucoromycota,c__Archaeosporomycetes,o__Archaeosporales,f__Archaeosporaceae,g__Archaeospora,s__VTX00005,OTU132.g__Archaeospora
156,HG975693,OTU420,311,23,311,498,1,291,93,326,3.05e-89,87.075,gi,MOA24028,gb,k__Fungi,p__Mucoromycota,c__Archaeosporomycetes,o__Archaeosporales,f__Archaeosporaceae,g__Archaeospora,s__VTX00005,OTU420.g__Archaeospora
157,HG975724,OTU450,318,23,318,498,1,293,93,217,1.96e-56,80.528,gi,MOA24059,gb,k__Fungi,p__Mucoromycota,c__Archaeosporomycetes,o__Archaeosporales,f__Archaeosporaceae,g__Archaeospora,s__VTX00245,OTU450.g__Archaeospora
158,HG975825,OTU452,295,164,295,498,159,299,45,113,2.44e-25,82.394,gi,MOA24160,gb,k__Fungi,p__Mucoromycota,c__Glomeromycetes,o__Glomerales,f__Claroideoglomeraceae,g__Claroideoglomus,s__VTX00057,OTU452.g__Claroideoglomus
159,HG975858,OTU270,319,23,319,498,1,297,93,195,9.23e-50,78.947,gi,MOA24193,gb,k__Fungi,p__Mucoromycota,c__Glomeromycetes,o__Glomerales,f__Claroideoglomeraceae,g__Claroideoglomus,s__VTX00193,OTU270.g__Claroideoglomus
160,HG975858,OTU306,319,23,319,498,1,297,93,178,9.29e-45,78.033,gi,MOA24193,gb,k__Fungi,p__Mucoromycota,c__Glomeromycetes,o__Glomerales,f__Claroideoglomeraceae,g__Claroideoglomus,s__VTX00193,OTU306.g__Claroideoglomus
161,HG975911,OTU87,315,23,315,498,1,293,93,542,2.82e-154,100,gi,MOA24246,gb,k__Fungi,p__Mucoromycota,c__Glomeromycetes,o__Diversisporales,f__Diversisporaceae,g__Diversispora,s__VTX00061,OTU87.g__Diversispora
162,HG975926,OTU24,315,23,315,498,1,293,93,542,2.82e-154,100,gi,MOA24261,gb,k__Fungi,p__Mucoromycota,c__Glomeromycetes,o__Diversisporales,f__Diversisporaceae,g__Diversispora,s__VTX00062,OTU24.g__Diversispora
163,HG975992,OTU734,312,23,312,498,1,291,93,237,1.48e-62,81.757,gi,MOA24327,gb,k__Fungi,p__Mucoromycota,c__Glomeromycetes,o__Glomerales,f__Glomeraceae,g__Glomus,s__VTX00072,OTU734.g__Glomus
164,HG976212,OTU245,389,253,389,498,155,291,49,195,1.14e-49,92.029,gi,MOA24547,gb,k__Fungi,p__Mucoromycota,c__Glomeromycetes,o__Glomerales,f__Glomeraceae,g__Glomus,s__VTX00143,OTU245.g__Glomus
165,HM215647,OTU104,312,23,312,502,1,293,93,250,1.9e-66,82.313,gi,MOA01225,gb,k__Fungi,p__Mucoromycota,c__Glomeromycetes,o__Diversisporales,f__Diversisporaceae,g__Diversispora,s__VTX00356,OTU104.g__Diversispora
166,HM215647,OTU434,310,23,310,502,1,293,93,270,1.44e-72,83.893,gi,MOA01225,gb,k__Fungi,p__Mucoromycota,c__Glomeromycetes,o__Diversisporales,f__Diversisporaceae,g__Diversispora,s__VTX00356,OTU434.g__Diversispora
167,HM215885,OTU135,328,182,328,496,146,288,62,152,5.8e-37,85.811,gi,MOA01303,gb,k__Fungi,p__Mucoromycota,c__Glomeromycetes,o__Diversisporales,f__Gigasporaceae,g__Gigaspora,s__VTX00039,OTU135.g__Gigaspora
168,HM215891,OTU17,350,211,350,498,154,290,55,150,2.24e-36,86.62,gi,MOA01305,gb,k__Fungi,p__Mucoromycota,c__Glomeromycetes,o__Diversisporales,f__Gigasporaceae,g__Gigaspora,s__VTX00039,OTU17.g__Gigaspora
169,HM215891,OTU60,332,187,332,498,148,290,60,178,9.7e-45,89.189,gi,MOA01305,gb,k__Fungi,p__Mucoromycota,c__Glomeromycetes,o__Diversisporales,f__Gigasporaceae,g__Gigaspora,s__VTX00039,OTU60.g__Gigaspora
170,HM215891,OTU729,318,23,318,498,1,290,93,159,3.35e-39,77.377,gi,MOA01305,gb,k__Fungi,p__Mucoromycota,c__Glomeromycetes,o__Diversisporales,f__Gigasporaceae,g__Gigaspora,s__VTX00039,OTU729.g__Gigaspora
171,HM215923,OTU133,322,23,322,500,1,291,93,191,1.21e-48,79.153,gi,MOA01308,gb,k__Fungi,p__Mucoromycota,c__Glomeromycetes,o__Glomerales,f__Glomeraceae,g__Glomus,s__VTX00365,OTU133.g__Glomus
172,HM215923,OTU313,321,23,321,500,1,291,93,185,5.59e-47,78.548,gi,MOA01308,gb,k__Fungi,p__Mucoromycota,c__Glomeromycetes,o__Glomerales,f__Glomeraceae,g__Glomus,s__VTX00365,OTU313.g__Glomus
173,HM215923,OTU411,361,213,361,500,146,291,57,134,2.33e-31,83.444,gi,MOA01308,gb,k__Fungi,p__Mucoromycota,c__Glomeromycetes,o__Glomerales,f__Glomeraceae,g__Glomus,s__VTX00365,OTU411.g__Glomus
174,HM215923,OTU438,321,23,321,500,1,291,93,185,5.59e-47,79.032,gi,MOA01308,gb,k__Fungi,p__Mucoromycota,c__Glomeromycetes,o__Glomerales,f__Glomeraceae,g__Glomus,s__VTX00365,OTU438.g__Glomus
175,HM215923,OTU555,320,188,320,500,159,291,42,135,5.69e-32,85.075,gi,MOA01308,gb,k__Fungi,p__Mucoromycota,c__Glomeromycetes,o__Glomerales,f__Glomeraceae,g__Glomus,s__VTX00365,OTU555.g__Glomus
176,HM215923,OTU612,299,166,299,500,158,291,45,165,6.75e-41,88.889,gi,MOA01308,gb,k__Fungi,p__Mucoromycota,c__Glomeromycetes,o__Glomerales,f__Glomeraceae,g__Glomus,s__VTX00365,OTU612.g__Glomus
177,HM215923,OTU669,322,23,322,500,1,291,93,196,2.59e-50,79.344,gi,MOA01308,gb,k__Fungi,p__Mucoromycota,c__Glomeromycetes,o__Glomerales,f__Glomeraceae,g__Glomus,s__VTX00365,OTU669.g__Glomus
178,HM215923,OTU733,320,185,320,500,156,291,43,169,5.61e-42,89.051,gi,MOA01308,gb,k__Fungi,p__Mucoromycota,c__Glomeromycetes,o__Glomerales,f__Glomeraceae,g__Glomus,s__VTX00365,OTU733.g__Glomus
179,HQ424224,OTU83,337,25,77,498,3,55,16,82.4,7.95e-16,94.34,gi,MOA01102,gb,k__Fungi,p__Mucoromycota,c__Archaeosporomycetes,o__Archaeosporales,f__Ambisporaceae,g__Ambispora,s__VTX00405,OTU83.g__Ambispora
180,HQ424224,OTU243,337,25,112,498,3,89,26,89.8,4.75e-18,85.393,gi,MOA01102,gb,k__Fungi,p__Mucoromycota,c__Archaeosporomycetes,o__Archaeosporales,f__Ambisporaceae,g__Ambispora,s__VTX00405,OTU243.g__Ambispora
181,JF414186,OTU625,410,265,410,502,152,293,58,139,5.73e-33,84.459,gi,MOA00737,gb,k__Fungi,p__Mucoromycota,c__Glomeromycetes,o__Diversisporales,f__Acaulosporaceae,g__Acaulospora,s__VTX00023,OTU625.g__Acaulospora
182,JF414188,OTU490,291,149,291,499,147,293,67,147,2.37e-35,85.034,gi,MOA00733,gb,k__Fungi,p__Mucoromycota,c__Archaeosporomycetes,o__Archaeosporales,f__Ambisporaceae,g__Ambispora,s__VTX00283,OTU490.g__Ambispora
183,JF683559,OTU379,322,23,322,505,1,296,93,196,2.59e-50,78.878,gi,MOA01193,gb,k__Fungi,p__Mucoromycota,c__Glomeromycetes,o__Glomerales,f__Claroideoglomeraceae,g__Claroideoglomus,s__VTX00193,OTU379.g__Claroideoglomus
184,JN009145,OTU80,310,23,310,499,1,290,93,518,4.67e-147,98.966,gi,MOA02495,gb,k__Fungi,p__Mucoromycota,c__Glomeromycetes,o__Glomerales,f__Glomeraceae,g__Glomus,s__VTX00304,OTU80.g__Glomus
185,JN009440,OTU284,320,23,320,498,1,290,93,217,1.98e-56,80.528,gi,MOA02614,gb,k__Fungi,p__Mucoromycota,c__Glomeromycetes,o__Glomerales,f__Glomeraceae,g__Glomus,s__VTX00247,OTU284.g__Glomus
186,JN009453,OTU350,322,186,322,507,162,298,59,154,1.58e-37,87.143,gi,MOA02619,gb,k__Fungi,p__Mucoromycota,c__Glomeromycetes,o__Glomerales,f__Claroideoglomeraceae,g__Claroideoglomus,s__VTX00057,OTU350.g__Claroideoglomus
187,JQ246029,OTU351,322,186,322,423,155,290,58,191,1.21e-48,92.029,gi,MOA02630,gb,k__Fungi,p__Mucoromycota,c__Glomeromycetes,o__Glomerales,f__Glomeraceae,g__Glomus,s__VTX00359,OTU351.g__Glomus
188,JQ654498,OTU462,321,23,321,500,1,291,93,196,2.58e-50,79.412,gi,MOA08667,gb,k__Fungi,p__Mucoromycota,c__Glomeromycetes,o__Glomerales,f__Glomeraceae,g__Glomus,s__VTX00072,OTU462.g__Glomus
189,JQ654518,OTU93,305,174,305,500,159,291,60,156,4.15e-38,87.97,gi,MOA08679,gb,k__Fungi,p__Mucoromycota,c__Glomeromycetes,o__Glomerales,f__Glomeraceae,g__Glomus,s__VTX00115,OTU93.g__Glomus
190,JQ654518,OTU603,321,186,321,500,156,291,42,169,5.63e-42,89.051,gi,MOA08679,gb,k__Fungi,p__Mucoromycota,c__Glomeromycetes,o__Glomerales,f__Glomeraceae,g__Glomus,s__VTX00115,OTU603.g__Glomus
191,JQ654518,OTU635,317,23,317,500,1,291,93,182,7.13e-46,78.548,gi,MOA08679,gb,k__Fungi,p__Mucoromycota,c__Glomeromycetes,o__Glomerales,f__Glomeraceae,g__Glomus,s__VTX00115,OTU635.g__Glomus
192,JX999461,OTU114,331,188,331,500,153,294,44,171,1.62e-42,88.276,gi,MOA07968,gb,k__Fungi,p__Mucoromycota,c__Archaeosporomycetes,o__Archaeosporales,f__Ambisporaceae,g__Ambispora,s__VTX00283,OTU114.g__Ambispora
193,JX999461,OTU150,383,234,383,500,144,294,58,200,2.41e-51,90.728,gi,MOA07968,gb,k__Fungi,p__Mucoromycota,c__Archaeosporomycetes,o__Archaeosporales,f__Ambisporaceae,g__Ambispora,s__VTX00283,OTU150.g__Ambispora
194,JX999461,OTU179,325,23,325,500,1,294,93,263,2.54e-70,83.007,gi,MOA07968,gb,k__Fungi,p__Mucoromycota,c__Archaeosporomycetes,o__Archaeosporales,f__Ambisporaceae,g__Ambispora,s__VTX00283,OTU179.g__Ambispora
195,JX999461,OTU229,331,185,331,500,150,294,44,171,1.62e-42,87.838,gi,MOA07968,gb,k__Fungi,p__Mucoromycota,c__Archaeosporomycetes,o__Archaeosporales,f__Ambisporaceae,g__Ambispora,s__VTX00283,OTU229.g__Ambispora
196,JX999461,OTU275,398,257,398,500,153,294,36,196,3.25e-50,91.549,gi,MOA07968,gb,k__Fungi,p__Mucoromycota,c__Archaeosporomycetes,o__Archaeosporales,f__Ambisporaceae,g__Ambispora,s__VTX00283,OTU275.g__Ambispora
197,JX999461,OTU408,367,221,367,500,148,294,65,200,2.3e-51,91.156,gi,MOA07968,gb,k__Fungi,p__Mucoromycota,c__Archaeosporomycetes,o__Archaeosporales,f__Ambisporaceae,g__Ambispora,s__VTX00283,OTU408.g__Ambispora
198,JX999461,OTU502,358,206,358,500,142,294,69,200,2.24e-51,90.196,gi,MOA07968,gb,k__Fungi,p__Mucoromycota,c__Archaeosporomycetes,o__Archaeosporales,f__Ambisporaceae,g__Ambispora,s__VTX00283,OTU502.g__Ambispora
199,JX999474,OTU348,322,23,322,503,1,294,93,283,1.93e-76,84.158,gi,MOA07969,gb,k__Fungi,p__Mucoromycota,c__Archaeosporomycetes,o__Archaeosporales,f__Ambisporaceae,g__Ambispora,s__VTX00283,OTU348.g__Ambispora
200,JX999474,OTU528,322,23,322,503,1,294,93,255,4.22e-68,82.508,gi,MOA07969,gb,k__Fungi,p__Mucoromycota,c__Archaeosporomycetes,o__Archaeosporales,f__Ambisporaceae,g__Ambispora,s__VTX00283,OTU528.g__Ambispora
201,KC579428,OTU74,312,23,312,499,1,290,93,525,2.81e-149,99.31,gi,MOA08219,gb,k__Fungi,p__Mucoromycota,c__Glomeromycetes,o__Glomerales,f__Glomeraceae,g__Glomus,s__VTX00301,OTU74.g__Glomus
202,KC579432,OTU9,323,23,323,503,1,296,93,213,2.58e-55,80.195,gi,MOA08223,gb,k__Fungi,p__Mucoromycota,c__Glomeromycetes,o__Glomerales,f__Claroideoglomeraceae,g__Claroideoglomus,s__VTX00193,OTU9.g__Claroideoglomus
203,KC579432,OTU374,316,23,316,503,1,296,93,246,2.49e-65,82.178,gi,MOA08223,gb,k__Fungi,p__Mucoromycota,c__Glomeromycetes,o__Glomerales,f__Claroideoglomeraceae,g__Claroideoglomus,s__VTX00193,OTU374.g__Claroideoglomus
204,KC579432,OTU656,343,1,292,503,287,1,85,185,6e-47,78.93,gi,MOA08223,gb,k__Fungi,p__Mucoromycota,c__Glomeromycetes,o__Glomerales,f__Claroideoglomeraceae,g__Claroideoglomus,s__VTX00193,OTU656.g__Claroideoglomus
205,KC708366,OTU581,314,23,314,498,1,292,93,291,1.12e-78,84.899,gi,MOA08600,gb,k__Fungi,p__Mucoromycota,c__Archaeosporomycetes,o__Archaeosporales,f__Archaeosporaceae,g__Archaeospora,s__VTX00005,OTU581.g__Archaeospora
206,KC708369,OTU77,311,23,311,498,1,292,93,292,3.09e-79,85.085,gi,MOA08603,gb,k__Fungi,p__Mucoromycota,c__Archaeosporomycetes,o__Archaeosporales,f__Archaeosporaceae,g__Archaeospora,s__VTX00245,OTU77.g__Archaeospora
207,KC708371,OTU718,314,23,314,498,1,292,93,313,2.4e-85,86.149,gi,MOA08605,gb,k__Fungi,p__Mucoromycota,c__Archaeosporomycetes,o__Archaeosporales,f__Archaeosporaceae,g__Archaeospora,s__VTX00005,OTU718.g__Archaeospora
208,KF916654,OTU14,313,23,313,500,1,291,93,527,7.85e-150,99.313,gi,MOA08486,gb,k__Fungi,p__Mucoromycota,c__Glomeromycetes,o__Glomerales,f__Glomeraceae,g__Glomus,s__VTX00409,OTU14.g__Glomus
209,KF916654,OTU182,157,1,106,500,106,1,68,185,2.54e-47,98.113,gi,MOA08486,gb,k__Fungi,p__Mucoromycota,c__Glomeromycetes,o__Glomerales,f__Glomeraceae,g__Glomus,s__VTX00409,OTU182.g__Glomus
210,KF916661,OTU90,324,23,324,514,1,305,93,499,1.78e-141,96.405,gi,MOA08493,gb,k__Fungi,p__Mucoromycota,c__Glomeromycetes,o__Glomerales,f__Glomeraceae,g__Glomus,s__VTX00100,OTU90.g__Glomus
211,KF916661,OTU224,327,23,327,514,1,305,93,497,6.45e-141,96.117,gi,MOA08493,gb,k__Fungi,p__Mucoromycota,c__Glomeromycetes,o__Glomerales,f__Glomeraceae,g__Glomus,s__VTX00100,OTU224.g__Glomus
212,KF916669,OTU204,157,1,106,499,106,1,68,196,1.17e-50,100,gi,MOA08501,gb,k__Fungi,p__Mucoromycota,c__Glomeromycetes,o__Glomerales,f__Glomeraceae,g__Glomus,s__VTX00331,OTU204.g__Glomus
213,KJ960076,OTU431,319,178,319,501,151,292,45,185,5.55e-47,90.21,gi,MOA23840,gb,k__Fungi,p__Mucoromycota,c__Glomeromycetes,o__Glomerales,f__Glomeraceae,g__Glomus,s__VTX00122,OTU431.g__Glomus
214,KJ960076,OTU640,323,188,323,501,157,292,42,152,5.71e-37,86.957,gi,MOA23840,gb,k__Fungi,p__Mucoromycota,c__Glomeromycetes,o__Glomerales,f__Glomeraceae,g__Glomus,s__VTX00122,OTU640.g__Glomus
215,KJ960076,OTU671,358,210,358,501,146,292,42,185,6.28e-47,89.262,gi,MOA23840,gb,k__Fungi,p__Mucoromycota,c__Glomeromycetes,o__Glomerales,f__Glomeraceae,g__Glomus,s__VTX00122,OTU671.g__Glomus
216,KJ960076,OTU699,323,188,323,501,157,292,42,169,5.67e-42,89.051,gi,MOA23840,gb,k__Fungi,p__Mucoromycota,c__Glomeromycetes,o__Glomerales,f__Glomeraceae,g__Glomus,s__VTX00122,OTU699.g__Glomus
217,KJ960076,OTU719,329,188,329,501,152,292,59,183,2.06e-46,90.278,gi,MOA23840,gb,k__Fungi,p__Mucoromycota,c__Glomeromycetes,o__Glomerales,f__Glomeraceae,g__Glomus,s__VTX00122,OTU719.g__Glomus
218,KJ960132,OTU647,312,23,68,504,1,46,15,75,1.22e-13,95.652,gi,MOA23863,gb,k__Fungi,p__Mucoromycota,c__Glomeromycetes,o__Glomerales,f__Claroideoglomeraceae,g__Claroideoglomus,s__VTX00193,OTU647.g__Claroideoglomus
219,LN615280,OTU64,316,23,316,498,1,294,93,499,1.73e-141,97.279,gi,MOA08789,gb,k__Fungi,p__Mucoromycota,c__Paraglomeromycetes,o__Paraglomerales,f__Paraglomeraceae,g__Paraglomus,s__VTX00001,OTU64.g__Paraglomus
220,LN615357,OTU470,310,23,310,498,1,292,93,220,1.48e-57,80.936,gi,MOA08866,gb,k__Fungi,p__Mucoromycota,c__Archaeosporomycetes,o__Archaeosporales,f__Archaeosporaceae,g__Archaeospora,s__VTX00051,OTU470.g__Archaeospora
221,LN615639,OTU47,312,23,312,326,1,292,93,521,3.64e-148,98.973,gi,MOA09148,gb,k__Fungi,p__Mucoromycota,c__Glomeromycetes,o__Diversisporales,f__Gigasporaceae,g__Scutellospora,s__VTX00052,OTU47.g__Scutellospora
222,LN615766,OTU84,311,15,311,504,504,209,95,486,1.32e-137,96.309,gi,MOA09275,gb,k__Fungi,p__Mucoromycota,c__Glomeromycetes,o__Glomerales,f__Glomeraceae,g__Glomus,s__VTX00214,OTU84.g__Glomus
223,LN615770,OTU216,321,17,321,504,504,209,95,139,4.41e-33,76.266,gi,MOA09279,gb,k__Fungi,p__Mucoromycota,c__Archaeosporomycetes,o__Archaeosporales,f__Archaeosporaceae,g__Archaeospora,s__VTX00338,OTU216.g__Archaeospora
224,LN615770,OTU266,320,17,320,504,504,209,95,134,2.05e-31,75.873,gi,MOA09279,gb,k__Fungi,p__Mucoromycota,c__Archaeosporomycetes,o__Archaeosporales,f__Archaeosporaceae,g__Archaeospora,s__VTX00338,OTU266.g__Archaeospora
225,LN615770,OTU399,315,182,315,504,341,209,43,124,1.21e-28,83.942,gi,MOA09279,gb,k__Fungi,p__Mucoromycota,c__Archaeosporomycetes,o__Archaeosporales,f__Archaeosporaceae,g__Archaeospora,s__VTX00338,OTU399.g__Archaeospora
226,LN615770,OTU460,317,17,317,504,504,209,95,130,2.62e-30,75.641,gi,MOA09279,gb,k__Fungi,p__Mucoromycota,c__Archaeosporomycetes,o__Archaeosporales,f__Archaeosporaceae,g__Archaeospora,s__VTX00338,OTU460.g__Archaeospora
227,LN615770,OTU540,316,17,316,504,504,209,95,113,2.63e-25,74.434,gi,MOA09279,gb,k__Fungi,p__Mucoromycota,c__Archaeosporomycetes,o__Archaeosporales,f__Archaeosporaceae,g__Archaeospora,s__VTX00338,OTU540.g__Archaeospora
228,LN615770,OTU589,308,17,308,504,504,209,95,134,1.96e-31,75.497,gi,MOA09279,gb,k__Fungi,p__Mucoromycota,c__Archaeosporomycetes,o__Archaeosporales,f__Archaeosporaceae,g__Archaeospora,s__VTX00338,OTU589.g__Archaeospora
229,LN615770,OTU675,317,17,317,504,504,209,95,124,1.22e-28,75.241,gi,MOA09279,gb,k__Fungi,p__Mucoromycota,c__Archaeosporomycetes,o__Archaeosporales,f__Archaeosporaceae,g__Archaeospora,s__VTX00338,OTU675.g__Archaeospora
230,LN615961,OTU55,313,23,313,498,1,291,93,483,1.72e-136,96.564,gi,MOA09470,gb,k__Fungi,p__Mucoromycota,c__Paraglomeromycetes,o__Paraglomerales,f__Paraglomeraceae,g__Paraglomus,s__VTX00308,OTU55.g__Paraglomus
231,LN615961,OTU76,313,23,313,498,1,291,93,460,8.07e-130,95.205,gi,MOA09470,gb,k__Fungi,p__Mucoromycota,c__Paraglomeromycetes,o__Paraglomerales,f__Paraglomeraceae,g__Paraglomus,s__VTX00308,OTU76.g__Paraglomus
232,LN615961,OTU97,313,23,313,498,1,291,93,283,1.88e-76,84.354,gi,MOA09470,gb,k__Fungi,p__Mucoromycota,c__Paraglomeromycetes,o__Paraglomerales,f__Paraglomeraceae,g__Paraglomus,s__VTX00308,OTU97.g__Paraglomus
233,LN615961,OTU137,312,23,312,498,1,291,93,359,3.02e-99,89.078,gi,MOA09470,gb,k__Fungi,p__Mucoromycota,c__Paraglomeromycetes,o__Paraglomerales,f__Paraglomeraceae,g__Paraglomus,s__VTX00308,OTU137.g__Paraglomus
234,LN615961,OTU161,314,23,314,498,1,291,93,444,8.16e-125,94.178,gi,MOA09470,gb,k__Fungi,p__Mucoromycota,c__Paraglomeromycetes,o__Paraglomerales,f__Paraglomeraceae,g__Paraglomus,s__VTX00308,OTU161.g__Paraglomus
235,LN615961,OTU316,313,23,313,498,1,291,93,438,3.78e-123,93.814,gi,MOA09470,gb,k__Fungi,p__Mucoromycota,c__Paraglomeromycetes,o__Paraglomerales,f__Paraglomeraceae,g__Paraglomus,s__VTX00308,OTU316.g__Paraglomus
236,LN615961,OTU317,313,23,313,498,1,291,93,411,8.25e-115,92.096,gi,MOA09470,gb,k__Fungi,p__Mucoromycota,c__Paraglomeromycetes,o__Paraglomerales,f__Paraglomeraceae,g__Paraglomus,s__VTX00308,OTU317.g__Paraglomus
237,LN615961,OTU440,313,23,313,498,1,291,93,444,8.13e-125,94.158,gi,MOA09470,gb,k__Fungi,p__Mucoromycota,c__Paraglomeromycetes,o__Paraglomerales,f__Paraglomeraceae,g__Paraglomus,s__VTX00308,OTU440.g__Paraglomus
238,LN615961,OTU458,316,23,316,498,1,291,93,302,5.23e-82,85.522,gi,MOA09470,gb,k__Fungi,p__Mucoromycota,c__Paraglomeromycetes,o__Paraglomerales,f__Paraglomeraceae,g__Paraglomus,s__VTX00308,OTU458.g__Paraglomus
239,LN615961,OTU507,311,23,311,498,1,291,93,298,6.65e-81,85.374,gi,MOA09470,gb,k__Fungi,p__Mucoromycota,c__Paraglomeromycetes,o__Paraglomerales,f__Paraglomeraceae,g__Paraglomus,s__VTX00308,OTU507.g__Paraglomus
240,LN615961,OTU698,313,23,313,498,1,291,93,411,8.25e-115,92.096,gi,MOA09470,gb,k__Fungi,p__Mucoromycota,c__Paraglomeromycetes,o__Paraglomerales,f__Paraglomeraceae,g__Paraglomus,s__VTX00308,OTU698.g__Paraglomus
241,LN615961,OTU710,310,23,310,498,1,291,93,351,5.02e-97,88.66,gi,MOA09470,gb,k__Fungi,p__Mucoromycota,c__Paraglomeromycetes,o__Paraglomerales,f__Paraglomeraceae,g__Paraglomus,s__VTX00308,OTU710.g__Paraglomus
242,LN616085,OTU465,310,23,310,498,1,291,93,185,5.38e-47,78.644,gi,MOA09594,gb,k__Fungi,p__Mucoromycota,c__Glomeromycetes,o__Glomerales,f__Glomeraceae,g__Glomus,s__VTX00363,OTU465.g__Glomus
243,LN616245,OTU363,324,23,324,498,1,291,93,198,7.25e-51,79.344,gi,MOA09754,gb,k__Fungi,p__Mucoromycota,c__Glomeromycetes,o__Glomerales,f__Glomeraceae,g__Glomus,s__VTX00072,OTU363.g__Glomus
244,LN616319,OTU394,313,180,313,498,159,293,43,104,1.57e-22,81.159,gi,MOA09828,gb,k__Fungi,p__Mucoromycota,c__Glomeromycetes,o__Glomerales,f__Glomeraceae,g__Glomus,s__VTX00153,OTU394.g__Glomus
245,LN616459,OTU151,310,23,310,498,1,291,93,302,5.12e-82,85.616,gi,MOA09968,gb,k__Fungi,p__Mucoromycota,c__Paraglomeromycetes,o__Paraglomerales,f__Paraglomeraceae,g__Paraglomus,s__VTX00308,OTU151.g__Paraglomus
246,LN616459,OTU524,313,23,313,498,1,291,93,466,1.74e-131,95.533,gi,MOA09968,gb,k__Fungi,p__Mucoromycota,c__Paraglomeromycetes,o__Paraglomerales,f__Paraglomeraceae,g__Paraglomus,s__VTX00308,OTU524.g__Paraglomus
247,LN616459,OTU532,309,23,309,498,1,291,93,213,2.46e-55,80.339,gi,MOA09968,gb,k__Fungi,p__Mucoromycota,c__Paraglomeromycetes,o__Paraglomerales,f__Paraglomeraceae,g__Paraglomus,s__VTX00308,OTU532.g__Paraglomus
248,LN616459,OTU651,312,23,312,498,1,291,93,420,1.37e-117,92.784,gi,MOA09968,gb,k__Fungi,p__Mucoromycota,c__Paraglomeromycetes,o__Paraglomerales,f__Paraglomeraceae,g__Paraglomus,s__VTX00308,OTU651.g__Paraglomus
249,LN616459,OTU668,311,23,311,498,1,291,93,342,3.03e-94,88.014,gi,MOA09968,gb,k__Fungi,p__Mucoromycota,c__Paraglomeromycetes,o__Paraglomerales,f__Paraglomeraceae,g__Paraglomus,s__VTX00308,OTU668.g__Paraglomus
250,LN616520,OTU241,366,23,83,498,1,61,17,80.5,3.12e-15,90.164,gi,MOA10029,gb,k__Fungi,p__Mucoromycota,c__Glomeromycetes,o__Glomerales,f__Glomeraceae,g__Glomus,s__VTX00155,OTU241.g__Glomus
251,LN616529,OTU58,311,23,311,498,1,293,93,300,1.85e-81,85.473,gi,MOA10038,gb,k__Fungi,p__Mucoromycota,c__Paraglomeromycetes,o__Paraglomerales,f__Paraglomeraceae,g__Paraglomus,s__VTX00281,OTU58.g__Paraglomus
252,LN616529,OTU85,321,23,321,498,1,293,93,148,7.33e-36,76.316,gi,MOA10038,gb,k__Fungi,p__Mucoromycota,c__Paraglomeromycetes,o__Paraglomerales,f__Paraglomeraceae,g__Paraglomus,s__VTX00281,OTU85.g__Paraglomus
253,LN616529,OTU98,321,23,321,498,1,293,93,287,1.49e-77,84.437,gi,MOA10038,gb,k__Fungi,p__Mucoromycota,c__Paraglomeromycetes,o__Paraglomerales,f__Paraglomeraceae,g__Paraglomus,s__VTX00281,OTU98.g__Paraglomus
254,LN616529,OTU660,312,25,312,498,3,293,92,235,5.31e-62,81.757,gi,MOA10038,gb,k__Fungi,p__Mucoromycota,c__Paraglomeromycetes,o__Paraglomerales,f__Paraglomeraceae,g__Paraglomus,s__VTX00281,OTU660.g__Paraglomus
255,LN616757,OTU380,314,23,314,498,1,292,93,246,2.47e-65,82.333,gi,MOA10266,gb,k__Fungi,p__Mucoromycota,c__Paraglomeromycetes,o__Paraglomerales,f__Paraglomeraceae,g__Paraglomus,s__VTX00281,OTU380.g__Paraglomus
256,LN616757,OTU692,320,186,320,498,160,292,42,148,7.31e-36,86.765,gi,MOA10266,gb,k__Fungi,p__Mucoromycota,c__Paraglomeromycetes,o__Paraglomerales,f__Paraglomeraceae,g__Paraglomus,s__VTX00281,OTU692.g__Paraglomus
257,LN616802,OTU116,321,186,321,479,155,290,42,180,2.6e-45,90.511,gi,MOA10311,gb,k__Fungi,p__Mucoromycota,c__Glomeromycetes,o__Glomerales,f__Glomeraceae,g__Glomus,s__VTX00153,OTU116.g__Glomus
258,LN616802,OTU210,319,187,319,479,158,290,42,191,1.19e-48,92.537,gi,MOA10311,gb,k__Fungi,p__Mucoromycota,c__Glomeromycetes,o__Glomerales,f__Glomeraceae,g__Glomus,s__VTX00153,OTU210.g__Glomus
259,LN616802,OTU314,321,182,321,479,152,290,44,191,1.2e-48,91.489,gi,MOA10311,gb,k__Fungi,p__Mucoromycota,c__Glomeromycetes,o__Glomerales,f__Glomeraceae,g__Glomus,s__VTX00153,OTU314.g__Glomus
260,LN616802,OTU536,316,181,316,479,155,290,43,180,2.56e-45,90.511,gi,MOA10311,gb,k__Fungi,p__Mucoromycota,c__Glomeromycetes,o__Glomerales,f__Glomeraceae,g__Glomus,s__VTX00153,OTU536.g__Glomus
261,LN616802,OTU537,393,235,393,479,136,290,53,169,6.99e-42,86.25,gi,MOA10311,gb,k__Fungi,p__Mucoromycota,c__Glomeromycetes,o__Glomerales,f__Glomeraceae,g__Glomus,s__VTX00153,OTU537.g__Glomus
262,LN616802,OTU565,331,196,331,479,155,290,41,185,5.78e-47,91.241,gi,MOA10311,gb,k__Fungi,p__Mucoromycota,c__Glomeromycetes,o__Glomerales,f__Glomeraceae,g__Glomus,s__VTX00153,OTU565.g__Glomus
263,LN616802,OTU624,229,91,229,479,152,290,61,169,3.92e-42,88.652,gi,MOA10311,gb,k__Fungi,p__Mucoromycota,c__Glomeromycetes,o__Glomerales,f__Glomeraceae,g__Glomus,s__VTX00153,OTU624.g__Glomus
264,LN617134,OTU237,312,23,312,494,1,290,93,525,2.81e-149,99.31,gi,MOA10643,gb,k__Fungi,p__Mucoromycota,c__Glomeromycetes,o__Glomerales,f__Glomeraceae,g__Glomus,s__VTX00393,OTU237.g__Glomus
265,LN617217,OTU585,315,182,315,498,160,292,58,141,1.2e-33,86.232,gi,MOA10726,gb,k__Fungi,p__Mucoromycota,c__Glomeromycetes,o__Glomerales,f__Glomeraceae,g__Glomus,s__VTX00191,OTU585.g__Glomus
266,LN617656,OTU169,321,23,321,480,1,291,93,191,1.2e-48,78.878,gi,MOA11165,gb,k__Fungi,p__Mucoromycota,c__Glomeromycetes,o__Glomerales,f__Glomeraceae,g__Glomus,s__VTX00099,OTU169.g__Glomus
267,LN618000,OTU152,313,23,313,477,1,291,93,499,1.71e-141,97.595,gi,MOA11509,gb,k__Fungi,p__Mucoromycota,c__Glomeromycetes,o__Glomerales,f__Glomeraceae,g__Glomus,s__VTX00188,OTU152.g__Glomus
268,LN618006,OTU610,333,185,333,498,142,291,60,204,1.61e-52,91.391,gi,MOA11515,gb,k__Fungi,p__Mucoromycota,c__Glomeromycetes,o__Glomerales,f__Glomeraceae,g__Glomus,s__VTX00222,OTU610.g__Glomus
269,LN618205,OTU138,310,23,310,498,1,290,93,285,5.16e-77,84.746,gi,MOA11714,gb,k__Fungi,p__Mucoromycota,c__Glomeromycetes,o__Glomerales,f__Glomeraceae,g__Glomus,s__VTX00222,OTU138.g__Glomus
270,LN618329,OTU81,312,18,312,504,504,210,95,135,5.54e-32,76.206,gi,MOA11838,gb,k__Fungi,p__Mucoromycota,c__Glomeromycetes,o__Glomerales,f__Glomeraceae,g__Glomus,s__VTX00092,OTU81.g__Glomus
271,LN618329,OTU209,314,18,314,504,504,210,95,143,3.33e-34,76.299,gi,MOA11838,gb,k__Fungi,p__Mucoromycota,c__Glomeromycetes,o__Glomerales,f__Glomeraceae,g__Glomus,s__VTX00092,OTU209.g__Glomus
272,LN618329,OTU578,325,18,325,504,504,210,95,147,2.67e-35,76.358,gi,MOA11838,gb,k__Fungi,p__Mucoromycota,c__Glomeromycetes,o__Glomerales,f__Glomeraceae,g__Glomus,s__VTX00092,OTU578.g__Glomus
273,LN618515,OTU613,313,23,313,498,1,292,93,183,1.96e-46,78.595,gi,MOA12024,gb,k__Fungi,p__Mucoromycota,c__Glomeromycetes,o__Glomerales,f__Glomeraceae,g__Glomus,s__VTX00082,OTU613.g__Glomus
274,LN618574,OTU386,307,158,307,498,141,290,64,156,4.18e-38,85.714,gi,MOA12083,gb,k__Fungi,p__Mucoromycota,c__Glomeromycetes,o__Glomerales,f__Glomeraceae,g__Glomus,s__VTX00074,OTU386.g__Glomus
275,LN619088,OTU68,313,17,313,504,504,209,95,126,3.34e-29,75.641,gi,MOA12597,gb,k__Fungi,p__Mucoromycota,c__Glomeromycetes,o__Glomerales,f__Glomeraceae,g__Glomus,s__VTX00400,OTU68.g__Glomus
276,LN619088,OTU208,307,17,307,504,504,209,95,132,7.04e-31,76.282,gi,MOA12597,gb,k__Fungi,p__Mucoromycota,c__Glomeromycetes,o__Glomerales,f__Glomeraceae,g__Glomus,s__VTX00400,OTU208.g__Glomus
277,LN619088,OTU261,312,17,312,504,504,209,95,159,3.29e-39,77.049,gi,MOA12597,gb,k__Fungi,p__Mucoromycota,c__Glomeromycetes,o__Glomerales,f__Glomeraceae,g__Glomus,s__VTX00400,OTU261.g__Glomus
278,LN619106,OTU38,310,16,310,504,504,211,95,167,1.95e-41,77.558,gi,MOA12615,gb,k__Fungi,p__Mucoromycota,c__Glomeromycetes,o__Glomerales,f__Glomeraceae,g__Glomus,s__VTX00417,OTU38.g__Glomus
279,LN619106,OTU175,306,16,306,504,504,211,95,180,2.47e-45,78.548,gi,MOA12615,gb,k__Fungi,p__Mucoromycota,c__Glomeromycetes,o__Glomerales,f__Glomeraceae,g__Glomus,s__VTX00417,OTU175.g__Glomus
280,LN619106,OTU239,306,16,306,504,504,211,95,147,2.51e-35,76.333,gi,MOA12615,gb,k__Fungi,p__Mucoromycota,c__Glomeromycetes,o__Glomerales,f__Glomeraceae,g__Glomus,s__VTX00417,OTU239.g__Glomus
281,LN619106,OTU244,316,16,316,504,504,211,95,178,9.2e-45,78.105,gi,MOA12615,gb,k__Fungi,p__Mucoromycota,c__Glomeromycetes,o__Glomerales,f__Glomeraceae,g__Glomus,s__VTX00417,OTU244.g__Glomus
282,LN619106,OTU250,319,17,319,504,503,211,95,108,1.24e-23,73.856,gi,MOA12615,gb,k__Fungi,p__Mucoromycota,c__Glomeromycetes,o__Glomerales,f__Glomeraceae,g__Glomus,s__VTX00417,OTU250.g__Glomus
283,LN619106,OTU325,300,16,300,504,504,211,95,163,2.43e-40,77.441,gi,MOA12615,gb,k__Fungi,p__Mucoromycota,c__Glomeromycetes,o__Glomerales,f__Glomeraceae,g__Glomus,s__VTX00417,OTU325.g__Glomus
284,LN619106,OTU328,306,16,306,504,504,211,95,158,1.16e-38,77.152,gi,MOA12615,gb,k__Fungi,p__Mucoromycota,c__Glomeromycetes,o__Glomerales,f__Glomeraceae,g__Glomus,s__VTX00417,OTU328.g__Glomus
285,LN619106,OTU337,300,16,300,504,504,211,95,158,1.13e-38,77.258,gi,MOA12615,gb,k__Fungi,p__Mucoromycota,c__Glomeromycetes,o__Glomerales,f__Glomeraceae,g__Glomus,s__VTX00417,OTU337.g__Glomus
286,LN619106,OTU367,313,181,313,504,342,211,42,122,4.33e-28,84.058,gi,MOA12615,gb,k__Fungi,p__Mucoromycota,c__Glomeromycetes,o__Glomerales,f__Glomeraceae,g__Glomus,s__VTX00417,OTU367.g__Glomus
287,LN619106,OTU439,301,16,301,504,504,211,95,187,1.45e-47,78.788,gi,MOA12615,gb,k__Fungi,p__Mucoromycota,c__Glomeromycetes,o__Glomerales,f__Glomeraceae,g__Glomus,s__VTX00417,OTU439.g__Glomus
288,LN619106,OTU445,310,16,310,504,504,211,95,172,4.19e-43,78.176,gi,MOA12615,gb,k__Fungi,p__Mucoromycota,c__Glomeromycetes,o__Glomerales,f__Glomeraceae,g__Glomus,s__VTX00417,OTU445.g__Glomus
289,LN619106,OTU449,304,16,304,504,504,211,95,167,1.91e-41,77.888,gi,MOA12615,gb,k__Fungi,p__Mucoromycota,c__Glomeromycetes,o__Glomerales,f__Glomeraceae,g__Glomus,s__VTX00417,OTU449.g__Glomus
290,LN619106,OTU464,305,16,305,504,504,211,95,169,5.33e-42,77.888,gi,MOA12615,gb,k__Fungi,p__Mucoromycota,c__Glomeromycetes,o__Glomerales,f__Glomeraceae,g__Glomus,s__VTX00417,OTU464.g__Glomus
291,LN619106,OTU468,300,16,300,504,504,211,95,169,5.23e-42,77.926,gi,MOA12615,gb,k__Fungi,p__Mucoromycota,c__Glomeromycetes,o__Glomerales,f__Glomeraceae,g__Glomus,s__VTX00417,OTU468.g__Glomus
292,LN619106,OTU482,305,16,305,504,504,211,95,158,1.15e-38,77.228,gi,MOA12615,gb,k__Fungi,p__Mucoromycota,c__Glomeromycetes,o__Glomerales,f__Glomeraceae,g__Glomus,s__VTX00417,OTU482.g__Glomus
293,LN619106,OTU556,298,16,298,504,504,211,95,156,4.05e-38,77.258,gi,MOA12615,gb,k__Fungi,p__Mucoromycota,c__Glomeromycetes,o__Glomerales,f__Glomeraceae,g__Glomus,s__VTX00417,OTU556.g__Glomus
294,LN619106,OTU560,307,16,307,504,504,211,95,148,6.99e-36,76.797,gi,MOA12615,gb,k__Fungi,p__Mucoromycota,c__Glomeromycetes,o__Glomerales,f__Glomeraceae,g__Glomus,s__VTX00417,OTU560.g__Glomus
295,LN619106,OTU604,316,16,316,504,504,211,95,183,1.98e-46,78.571,gi,MOA12615,gb,k__Fungi,p__Mucoromycota,c__Glomeromycetes,o__Glomerales,f__Glomeraceae,g__Glomus,s__VTX00417,OTU604.g__Glomus
296,LN619106,OTU614,316,16,316,504,504,211,95,161,9.26e-40,77.049,gi,MOA12615,gb,k__Fungi,p__Mucoromycota,c__Glomeromycetes,o__Glomerales,f__Glomeraceae,g__Glomus,s__VTX00417,OTU614.g__Glomus
297,LN619106,OTU643,316,16,316,504,504,211,95,183,1.98e-46,78.641,gi,MOA12615,gb,k__Fungi,p__Mucoromycota,c__Glomeromycetes,o__Glomerales,f__Glomeraceae,g__Glomus,s__VTX00417,OTU643.g__Glomus
298,LN619106,OTU714,301,16,301,504,504,211,95,171,1.46e-42,77.703,gi,MOA12615,gb,k__Fungi,p__Mucoromycota,c__Glomeromycetes,o__Glomerales,f__Glomeraceae,g__Glomus,s__VTX00417,OTU714.g__Glomus
299,LN619106,OTU724,315,16,315,504,504,211,95,156,4.3e-38,76.645,gi,MOA12615,gb,k__Fungi,p__Mucoromycota,c__Glomeromycetes,o__Glomerales,f__Glomeraceae,g__Glomus,s__VTX00417,OTU724.g__Glomus
300,LN619283,OTU236,345,211,345,498,159,294,39,106,4.84e-23,81.429,gi,MOA12792,gb,k__Fungi,p__Mucoromycota,c__Archaeosporomycetes,o__Archaeosporales,f__Archaeosporaceae,g__Archaeospora,s__VTX00005,OTU236.g__Archaeospora
301,LN619665,OTU563,321,23,321,361,1,292,93,274,1.16e-73,84.039,gi,MOA13174,gb,k__Fungi,p__Mucoromycota,c__Archaeosporomycetes,o__Archaeosporales,f__Archaeosporaceae,g__Archaeospora,s__VTX00005,OTU563.g__Archaeospora
302,LN619665,OTU727,312,23,312,361,1,292,93,294,8.63e-80,85.235,gi,MOA13174,gb,k__Fungi,p__Mucoromycota,c__Archaeosporomycetes,o__Archaeosporales,f__Archaeosporaceae,g__Archaeospora,s__VTX00005,OTU727.g__Archaeospora
303,LN619776,OTU633,318,23,318,496,1,290,93,148,7.26e-36,76.568,gi,MOA13285,gb,k__Fungi,p__Mucoromycota,c__Archaeosporomycetes,o__Archaeosporales,f__Archaeosporaceae,g__Archaeospora,s__VTX00338,OTU633.g__Archaeospora
304,LN619868,OTU509,311,23,311,498,1,291,93,137,1.53e-32,76.238,gi,MOA13377,gb,k__Fungi,p__Mucoromycota,c__Glomeromycetes,o__Glomerales,f__Glomeraceae,g__Glomus,s__VTX00322,OTU509.g__Glomus
305,LN620216,OTU50,322,23,322,484,1,291,93,158,1.22e-38,77.707,gi,MOA13725,gb,k__Fungi,p__Mucoromycota,c__Glomeromycetes,o__Glomerales,f__Glomeraceae,g__Glomus,s__VTX00213,OTU50.g__Glomus
306,LN620216,OTU283,320,23,320,484,1,291,93,150,2.03e-36,77.023,gi,MOA13725,gb,k__Fungi,p__Mucoromycota,c__Glomeromycetes,o__Glomerales,f__Glomeraceae,g__Glomus,s__VTX00213,OTU283.g__Glomus
307,LN620216,OTU743,368,278,368,484,199,291,38,121,1.85e-27,90.323,gi,MOA13725,gb,k__Fungi,p__Mucoromycota,c__Glomeromycetes,o__Glomerales,f__Glomeraceae,g__Glomus,s__VTX00213,OTU743.g__Glomus
308,LN620216,OTU752,340,200,340,484,159,291,56,132,7.86e-31,84.615,gi,MOA13725,gb,k__Fungi,p__Mucoromycota,c__Glomeromycetes,o__Glomerales,f__Glomeraceae,g__Glomus,s__VTX00213,OTU752.g__Glomus
309,LN620230,OTU481,332,197,332,495,158,290,57,176,3.49e-44,90.511,gi,MOA13739,gb,k__Fungi,p__Mucoromycota,c__Glomeromycetes,o__Glomerales,f__Glomeraceae,g__Glomus,s__VTX00342,OTU481.g__Glomus
310,LN620291,OTU106,338,199,338,498,164,299,41,172,4.6e-43,89.362,gi,MOA13800,gb,k__Fungi,p__Mucoromycota,c__Glomeromycetes,o__Glomerales,f__Claroideoglomeraceae,g__Claroideoglomus,s__VTX00193,OTU106.g__Claroideoglomus
311,LN620291,OTU126,330,192,330,498,164,299,42,154,1.62e-37,87.143,gi,MOA13800,gb,k__Fungi,p__Mucoromycota,c__Glomeromycetes,o__Glomerales,f__Claroideoglomeraceae,g__Claroideoglomus,s__VTX00193,OTU126.g__Claroideoglomus
312,LN620291,OTU240,330,23,330,498,1,299,93,150,2.1e-36,76.433,gi,MOA13800,gb,k__Fungi,p__Mucoromycota,c__Glomeromycetes,o__Glomerales,f__Claroideoglomeraceae,g__Claroideoglomus,s__VTX00193,OTU240.g__Claroideoglomus
313,LN620291,OTU391,326,23,326,498,1,299,93,207,1.21e-53,80.063,gi,MOA13800,gb,k__Fungi,p__Mucoromycota,c__Glomeromycetes,o__Glomerales,f__Claroideoglomeraceae,g__Claroideoglomus,s__VTX00193,OTU391.g__Claroideoglomus
314,LN620291,OTU471,320,23,320,498,1,299,93,191,1.2e-48,78.758,gi,MOA13800,gb,k__Fungi,p__Mucoromycota,c__Glomeromycetes,o__Glomerales,f__Claroideoglomeraceae,g__Claroideoglomus,s__VTX00193,OTU471.g__Claroideoglomus
315,LN620683,OTU709,309,23,309,477,1,288,93,148,7.04e-36,76.846,gi,MOA14192,gb,k__Fungi,p__Mucoromycota,c__Glomeromycetes,o__Glomerales,f__Glomeraceae,g__Glomus,s__VTX00105,OTU709.g__Glomus
316,LN620974,OTU59,314,23,314,498,1,291,93,322,3.99e-88,86.78,gi,MOA14483,gb,k__Fungi,p__Mucoromycota,c__Paraglomeromycetes,o__Paraglomerales,f__Paraglomeraceae,g__Paraglomus,s__VTX00375,OTU59.g__Paraglomus
317,LN620974,OTU295,311,23,311,498,1,291,93,159,3.27e-39,77.333,gi,MOA14483,gb,k__Fungi,p__Mucoromycota,c__Paraglomeromycetes,o__Paraglomerales,f__Paraglomeraceae,g__Paraglomus,s__VTX00375,OTU295.g__Paraglomus
318,LN620974,OTU576,313,23,313,498,1,291,93,327,8.54e-90,87.075,gi,MOA14483,gb,k__Fungi,p__Mucoromycota,c__Paraglomeromycetes,o__Paraglomerales,f__Paraglomeraceae,g__Paraglomus,s__VTX00375,OTU576.g__Paraglomus
319,LN621037,OTU218,322,190,322,487,159,291,56,180,2.61e-45,91.111,gi,MOA14546,gb,k__Fungi,p__Mucoromycota,c__Glomeromycetes,o__Glomerales,f__Glomeraceae,g__Glomus,s__VTX00325,OTU218.g__Glomus
320,LN621120,OTU107,339,200,339,498,159,292,41,148,7.78e-36,86.525,gi,MOA14629,gb,k__Fungi,p__Mucoromycota,c__Glomeromycetes,o__Glomerales,f__Glomeraceae,g__Glomus,s__VTX00153,OTU107.g__Glomus
321,LN621172,OTU125,314,23,314,498,1,291,93,167,1.98e-41,77.815,gi,MOA14681,gb,k__Fungi,p__Mucoromycota,c__Glomeromycetes,o__Glomerales,f__Glomeraceae,g__Glomus,s__VTX00360,OTU125.g__Glomus
322,LN621224,OTU309,317,183,317,498,159,291,56,148,7.24e-36,86.765,gi,MOA14733,gb,k__Fungi,p__Mucoromycota,c__Glomeromycetes,o__Glomerales,f__Glomeraceae,g__Glomus,s__VTX00408,OTU309.g__Glomus
323,LN621382,OTU281,322,189,322,498,159,292,58,193,3.35e-49,92.593,gi,MOA14891,gb,k__Fungi,p__Mucoromycota,c__Glomeromycetes,o__Glomerales,f__Glomeraceae,g__Glomus,s__VTX00074,OTU281.g__Glomus
324,LN621453,OTU693,319,23,319,496,1,290,93,115,7.39e-26,74.919,gi,MOA14962,gb,k__Fungi,p__Mucoromycota,c__Paraglomeromycetes,o__Paraglomerales,f__Paraglomeraceae,g__Paraglomus,s__VTX00281,OTU693.g__Paraglomus
325,LN621850,OTU213,317,23,317,498,1,291,93,193,3.3e-49,79.07,gi,MOA15359,gb,k__Fungi,p__Mucoromycota,c__Glomeromycetes,o__Glomerales,f__Glomeraceae,g__Glomus,s__VTX00269,OTU213.g__Glomus
326,LN621903,OTU130,313,23,313,498,1,292,93,255,4.09e-68,82.653,gi,MOA15412,gb,k__Fungi,p__Mucoromycota,c__Archaeosporomycetes,o__Archaeosporales,f__Archaeosporaceae,g__Archaeospora,s__VTX00051,OTU130.g__Archaeospora
327,LN621930,OTU696,321,23,321,496,1,290,93,217,1.98e-56,80.528,gi,MOA15439,gb,k__Fungi,p__Mucoromycota,c__Glomeromycetes,o__Glomerales,f__Glomeraceae,g__Glomus,s__VTX00343,OTU696.g__Glomus
328,LN621930,OTU721,321,23,321,496,1,290,93,211,9.22e-55,80.198,gi,MOA15439,gb,k__Fungi,p__Mucoromycota,c__Glomeromycetes,o__Glomerales,f__Glomeraceae,g__Glomus,s__VTX00343,OTU721.g__Glomus
329,LN621935,OTU264,334,182,334,482,143,291,61,152,5.92e-37,85.256,gi,MOA15444,gb,k__Fungi,p__Mucoromycota,c__Glomeromycetes,o__Glomerales,f__Glomeraceae,g__Glomus,s__VTX00383,OTU264.g__Glomus
330,LN622174,OTU516,365,228,365,498,161,297,51,165,8.36e-41,88.489,gi,MOA15683,gb,k__Fungi,p__Mucoromycota,c__Glomeromycetes,o__Glomerales,f__Claroideoglomeraceae,g__Claroideoglomus,s__VTX00056,OTU516.g__Claroideoglomus
331,LN622174,OTU704,371,234,371,498,161,297,50,165,8.51e-41,88.489,gi,MOA15683,gb,k__Fungi,p__Mucoromycota,c__Glomeromycetes,o__Glomerales,f__Claroideoglomeraceae,g__Claroideoglomus,s__VTX00056,OTU704.g__Claroideoglomus
332,LN622337,OTU344,313,23,313,498,1,291,93,239,4.12e-63,81.879,gi,MOA15846,gb,k__Fungi,p__Mucoromycota,c__Glomeromycetes,o__Glomerales,f__Glomeraceae,g__Glomus,s__VTX00222,OTU344.g__Glomus
333,LN622554,OTU36,321,23,321,498,1,290,93,211,9.22e-55,80.132,gi,MOA16063,gb,k__Fungi,p__Mucoromycota,c__Glomeromycetes,o__Glomerales,f__Glomeraceae,g__Glomus,s__VTX00143,OTU36.g__Glomus
334,LN622554,OTU86,323,23,323,498,1,290,93,202,5.59e-52,79.605,gi,MOA16063,gb,k__Fungi,p__Mucoromycota,c__Glomeromycetes,o__Glomerales,f__Glomeraceae,g__Glomus,s__VTX00143,OTU86.g__Glomus
335,LN622554,OTU103,323,180,323,498,148,290,45,204,1.55e-52,92.414,gi,MOA16063,gb,k__Fungi,p__Mucoromycota,c__Glomeromycetes,o__Glomerales,f__Glomeraceae,g__Glomus,s__VTX00143,OTU103.g__Glomus
336,LN622976,OTU4,312,1,312,504,479,169,100,542,2.79e-154,98.083,gi,MOA16485,gb,k__Fungi,p__Mucoromycota,c__Glomeromycetes,o__Glomerales,f__Glomeraceae,g__Glomus,s__VTX00130,OTU4.g__Glomus
337,LN622976,OTU31,344,1,77,504,479,403,22,115,8.01e-26,93.506,gi,MOA16485,gb,k__Fungi,p__Mucoromycota,c__Glomeromycetes,o__Glomerales,f__Glomeraceae,g__Glomus,s__VTX00130,OTU31.g__Glomus
338,LN622976,OTU42,319,1,70,504,479,410,22,124,1.23e-28,98.571,gi,MOA16485,gb,k__Fungi,p__Mucoromycota,c__Glomeromycetes,o__Glomerales,f__Glomeraceae,g__Glomus,s__VTX00130,OTU42.g__Glomus
339,LN622976,OTU52,331,1,77,504,479,403,23,121,1.65e-27,94.805,gi,MOA16485,gb,k__Fungi,p__Mucoromycota,c__Glomeromycetes,o__Glomerales,f__Glomeraceae,g__Glomus,s__VTX00130,OTU52.g__Glomus
340,LN622976,OTU56,319,1,70,504,479,410,22,119,5.71e-27,97.143,gi,MOA16485,gb,k__Fungi,p__Mucoromycota,c__Glomeromycetes,o__Glomerales,f__Glomeraceae,g__Glomus,s__VTX00130,OTU56.g__Glomus
341,LN622976,OTU66,393,1,73,504,479,407,19,119,7.14e-27,95.89,gi,MOA16485,gb,k__Fungi,p__Mucoromycota,c__Glomeromycetes,o__Glomerales,f__Glomeraceae,g__Glomus,s__VTX00130,OTU66.g__Glomus
342,LN622976,OTU100,431,1,68,504,479,412,16,115,1.02e-25,97.059,gi,MOA16485,gb,k__Fungi,p__Mucoromycota,c__Glomeromycetes,o__Glomerales,f__Glomeraceae,g__Glomus,s__VTX00130,OTU100.g__Glomus
343,LN622976,OTU108,319,1,70,504,479,410,22,113,2.66e-25,95.714,gi,MOA16485,gb,k__Fungi,p__Mucoromycota,c__Glomeromycetes,o__Glomerales,f__Glomeraceae,g__Glomus,s__VTX00130,OTU108.g__Glomus
344,LN622976,OTU120,412,1,71,504,479,409,17,115,9.71e-26,95.775,gi,MOA16485,gb,k__Fungi,p__Mucoromycota,c__Glomeromycetes,o__Glomerales,f__Glomeraceae,g__Glomus,s__VTX00130,OTU120.g__Glomus
345,LN622976,OTU129,429,1,68,504,479,412,16,104,2.19e-22,94.118,gi,MOA16485,gb,k__Fungi,p__Mucoromycota,c__Glomeromycetes,o__Glomerales,f__Glomeraceae,g__Glomus,s__VTX00130,OTU129.g__Glomus
346,LN622976,OTU142,299,1,299,504,479,169,100,187,1.44e-47,78.549,gi,MOA16485,gb,k__Fungi,p__Mucoromycota,c__Glomeromycetes,o__Glomerales,f__Glomeraceae,g__Glomus,s__VTX00130,OTU142.g__Glomus
347,LN622976,OTU167,341,1,74,504,479,406,22,126,3.67e-29,97.297,gi,MOA16485,gb,k__Fungi,p__Mucoromycota,c__Glomeromycetes,o__Glomerales,f__Glomeraceae,g__Glomus,s__VTX00130,OTU167.g__Glomus
348,LN622976,OTU177,313,1,76,504,479,404,24,108,1.21e-23,92.105,gi,MOA16485,gb,k__Fungi,p__Mucoromycota,c__Glomeromycetes,o__Glomerales,f__Glomeraceae,g__Glomus,s__VTX00130,OTU177.g__Glomus
349,LN622976,OTU178,429,1,68,504,479,412,16,115,1.01e-25,97.059,gi,MOA16485,gb,k__Fungi,p__Mucoromycota,c__Glomeromycetes,o__Glomerales,f__Glomeraceae,g__Glomus,s__VTX00130,OTU178.g__Glomus
350,LN622976,OTU186,341,1,75,504,479,405,22,128,1.02e-29,97.333,gi,MOA16485,gb,k__Fungi,p__Mucoromycota,c__Glomeromycetes,o__Glomerales,f__Glomeraceae,g__Glomus,s__VTX00130,OTU186.g__Glomus
351,LN622976,OTU190,396,1,68,504,479,412,17,115,9.31e-26,97.059,gi,MOA16485,gb,k__Fungi,p__Mucoromycota,c__Glomeromycetes,o__Glomerales,f__Glomeraceae,g__Glomus,s__VTX00130,OTU190.g__Glomus
352,LN622976,OTU193,433,1,68,504,479,412,16,115,1.02e-25,97.059,gi,MOA16485,gb,k__Fungi,p__Mucoromycota,c__Glomeromycetes,o__Glomerales,f__Glomeraceae,g__Glomus,s__VTX00130,OTU193.g__Glomus
353,LN622976,OTU197,287,1,66,504,479,414,23,111,8.53e-25,96.97,gi,MOA16485,gb,k__Fungi,p__Mucoromycota,c__Glomeromycetes,o__Glomerales,f__Glomeraceae,g__Glomus,s__VTX00130,OTU197.g__Glomus
354,LN622976,OTU200,310,1,310,504,479,169,100,213,2.47e-55,79.365,gi,MOA16485,gb,k__Fungi,p__Mucoromycota,c__Glomeromycetes,o__Glomerales,f__Glomeraceae,g__Glomus,s__VTX00130,OTU200.g__Glomus
355,LN622976,OTU205,305,1,305,504,479,169,100,159,3.21e-39,76.947,gi,MOA16485,gb,k__Fungi,p__Mucoromycota,c__Glomeromycetes,o__Glomerales,f__Glomeraceae,g__Glomus,s__VTX00130,OTU205.g__Glomus
356,LN622976,OTU212,320,1,70,504,479,410,22,124,1.23e-28,98.571,gi,MOA16485,gb,k__Fungi,p__Mucoromycota,c__Glomeromycetes,o__Glomerales,f__Glomeraceae,g__Glomus,s__VTX00130,OTU212.g__Glomus
357,LN622976,OTU222,319,1,66,504,479,414,21,100,2.07e-21,93.939,gi,MOA16485,gb,k__Fungi,p__Mucoromycota,c__Glomeromycetes,o__Glomerales,f__Glomeraceae,g__Glomus,s__VTX00130,OTU222.g__Glomus
358,LN622976,OTU225,290,1,66,504,479,414,23,111,8.62e-25,96.97,gi,MOA16485,gb,k__Fungi,p__Mucoromycota,c__Glomeromycetes,o__Glomerales,f__Glomeraceae,g__Glomus,s__VTX00130,OTU225.g__Glomus
359,LN622976,OTU231,334,1,73,504,479,407,22,130,2.77e-30,98.63,gi,MOA16485,gb,k__Fungi,p__Mucoromycota,c__Glomeromycetes,o__Glomerales,f__Glomeraceae,g__Glomus,s__VTX00130,OTU231.g__Glomus
360,LN622976,OTU248,342,1,74,504,479,406,22,126,3.68e-29,97.297,gi,MOA16485,gb,k__Fungi,p__Mucoromycota,c__Glomeromycetes,o__Glomerales,f__Glomeraceae,g__Glomus,s__VTX00130,OTU248.g__Glomus
361,LN622976,OTU249,301,1,70,504,479,410,23,119,5.37e-27,97.143,gi,MOA16485,gb,k__Fungi,p__Mucoromycota,c__Glomeromycetes,o__Glomerales,f__Glomeraceae,g__Glomus,s__VTX00130,OTU249.g__Glomus
362,LN622976,OTU253,301,1,301,504,479,169,100,150,1.9e-36,76.341,gi,MOA16485,gb,k__Fungi,p__Mucoromycota,c__Glomeromycetes,o__Glomerales,f__Glomeraceae,g__Glomus,s__VTX00130,OTU253.g__Glomus
363,LN622976,OTU258,432,1,68,504,479,412,16,104,2.21e-22,94.118,gi,MOA16485,gb,k__Fungi,p__Mucoromycota,c__Glomeromycetes,o__Glomerales,f__Glomeraceae,g__Glomus,s__VTX00130,OTU258.g__Glomus
364,LN622976,OTU263,417,1,68,504,479,412,16,115,9.84e-26,97.059,gi,MOA16485,gb,k__Fungi,p__Mucoromycota,c__Glomeromycetes,o__Glomerales,f__Glomeraceae,g__Glomus,s__VTX00130,OTU263.g__Glomus
365,LN622976,OTU272,410,1,71,504,479,409,17,115,9.66e-26,95.775,gi,MOA16485,gb,k__Fungi,p__Mucoromycota,c__Glomeromycetes,o__Glomerales,f__Glomeraceae,g__Glomus,s__VTX00130,OTU272.g__Glomus
366,LN622976,OTU274,421,1,68,504,479,412,16,115,9.94e-26,97.059,gi,MOA16485,gb,k__Fungi,p__Mucoromycota,c__Glomeromycetes,o__Glomerales,f__Glomeraceae,g__Glomus,s__VTX00130,OTU274.g__Glomus
367,LN622976,OTU282,371,1,73,504,479,407,20,124,1.44e-28,97.26,gi,MOA16485,gb,k__Fungi,p__Mucoromycota,c__Glomeromycetes,o__Glomerales,f__Glomeraceae,g__Glomus,s__VTX00130,OTU282.g__Glomus
368,LN622976,OTU286,342,1,74,504,479,406,22,126,3.68e-29,97.297,gi,MOA16485,gb,k__Fungi,p__Mucoromycota,c__Glomeromycetes,o__Glomerales,f__Glomeraceae,g__Glomus,s__VTX00130,OTU286.g__Glomus
369,LN622976,OTU290,287,1,66,504,479,414,23,111,8.53e-25,96.97,gi,MOA16485,gb,k__Fungi,p__Mucoromycota,c__Glomeromycetes,o__Glomerales,f__Glomeraceae,g__Glomus,s__VTX00130,OTU290.g__Glomus
370,LN622976,OTU294,360,1,74,504,479,406,21,115,8.41e-26,94.595,gi,MOA16485,gb,k__Fungi,p__Mucoromycota,c__Glomeromycetes,o__Glomerales,f__Glomeraceae,g__Glomus,s__VTX00130,OTU294.g__Glomus
371,LN622976,OTU299,427,1,74,504,479,407,17,119,7.8e-27,95.946,gi,MOA16485,gb,k__Fungi,p__Mucoromycota,c__Glomeromycetes,o__Glomerales,f__Glomeraceae,g__Glomus,s__VTX00130,OTU299.g__Glomus
372,LN622976,OTU301,426,1,68,504,479,412,16,104,2.18e-22,94.118,gi,MOA16485,gb,k__Fungi,p__Mucoromycota,c__Glomeromycetes,o__Glomerales,f__Glomeraceae,g__Glomus,s__VTX00130,OTU301.g__Glomus
373,LN622976,OTU305,342,1,78,504,479,403,23,126,3.68e-29,96.154,gi,MOA16485,gb,k__Fungi,p__Mucoromycota,c__Glomeromycetes,o__Glomerales,f__Glomeraceae,g__Glomus,s__VTX00130,OTU305.g__Glomus
374,LN622976,OTU315,317,1,70,504,479,410,22,108,1.23e-23,94.286,gi,MOA16485,gb,k__Fungi,p__Mucoromycota,c__Glomeromycetes,o__Glomerales,f__Glomeraceae,g__Glomus,s__VTX00130,OTU315.g__Glomus
375,LN622976,OTU320,319,1,70,504,479,410,22,113,2.66e-25,95.714,gi,MOA16485,gb,k__Fungi,p__Mucoromycota,c__Glomeromycetes,o__Glomerales,f__Glomeraceae,g__Glomus,s__VTX00130,OTU320.g__Glomus
376,LN622976,OTU338,418,1,68,504,479,412,16,115,9.86e-26,97.059,gi,MOA16485,gb,k__Fungi,p__Mucoromycota,c__Glomeromycetes,o__Glomerales,f__Glomeraceae,g__Glomus,s__VTX00130,OTU338.g__Glomus
377,LN622976,OTU343,420,1,73,504,479,407,17,113,3.56e-25,94.521,gi,MOA16485,gb,k__Fungi,p__Mucoromycota,c__Glomeromycetes,o__Glomerales,f__Glomeraceae,g__Glomus,s__VTX00130,OTU343.g__Glomus
378,LN622976,OTU346,342,1,74,504,479,406,22,126,3.68e-29,97.297,gi,MOA16485,gb,k__Fungi,p__Mucoromycota,c__Glomeromycetes,o__Glomerales,f__Glomeraceae,g__Glomus,s__VTX00130,OTU346.g__Glomus
379,LN622976,OTU347,310,1,77,504,479,403,25,121,1.54e-27,94.805,gi,MOA16485,gb,k__Fungi,p__Mucoromycota,c__Glomeromycetes,o__Glomerales,f__Glomeraceae,g__Glomus,s__VTX00130,OTU347.g__Glomus
380,LN622976,OTU355,313,1,71,504,479,409,23,104,1.57e-22,92.958,gi,MOA16485,gb,k__Fungi,p__Mucoromycota,c__Glomeromycetes,o__Glomerales,f__Glomeraceae,g__Glomus,s__VTX00130,OTU355.g__Glomus
381,LN622976,OTU356,437,1,68,504,479,412,16,104,2.24e-22,94.118,gi,MOA16485,gb,k__Fungi,p__Mucoromycota,c__Glomeromycetes,o__Glomerales,f__Glomeraceae,g__Glomus,s__VTX00130,OTU356.g__Glomus
382,LN622976,OTU357,421,1,68,504,479,412,16,115,9.94e-26,97.059,gi,MOA16485,gb,k__Fungi,p__Mucoromycota,c__Glomeromycetes,o__Glomerales,f__Glomeraceae,g__Glomus,s__VTX00130,OTU357.g__Glomus
383,LN622976,OTU369,336,1,77,504,479,403,23,115,7.81e-26,93.506,gi,MOA16485,gb,k__Fungi,p__Mucoromycota,c__Glomeromycetes,o__Glomerales,f__Glomeraceae,g__Glomus,s__VTX00130,OTU369.g__Glomus
384,LN622976,OTU403,317,1,76,504,479,404,24,130,2.62e-30,97.368,gi,MOA16485,gb,k__Fungi,p__Mucoromycota,c__Glomeromycetes,o__Glomerales,f__Glomeraceae,g__Glomus,s__VTX00130,OTU403.g__Glomus
385,LN622976,OTU407,420,1,95,504,479,387,23,113,3.56e-25,88.421,gi,MOA16485,gb,k__Fungi,p__Mucoromycota,c__Glomeromycetes,o__Glomerales,f__Glomeraceae,g__Glomus,s__VTX00130,OTU407.g__Glomus
386,LN622976,OTU412,317,1,317,504,479,169,100,159,3.34e-39,76.687,gi,MOA16485,gb,k__Fungi,p__Mucoromycota,c__Glomeromycetes,o__Glomerales,f__Glomeraceae,g__Glomus,s__VTX00130,OTU412.g__Glomus
387,LN622976,OTU418,305,1,305,504,479,169,100,148,6.94e-36,76.324,gi,MOA16485,gb,k__Fungi,p__Mucoromycota,c__Glomeromycetes,o__Glomerales,f__Glomeraceae,g__Glomus,s__VTX00130,OTU418.g__Glomus
388,LN622976,OTU424,300,1,300,504,479,169,100,154,1.47e-37,76.73,gi,MOA16485,gb,k__Fungi,p__Mucoromycota,c__Glomeromycetes,o__Glomerales,f__Glomeraceae,g__Glomus,s__VTX00130,OTU424.g__Glomus
389,LN622976,OTU425,306,1,306,504,479,169,100,154,1.5e-37,76.636,gi,MOA16485,gb,k__Fungi,p__Mucoromycota,c__Glomeromycetes,o__Glomerales,f__Glomeraceae,g__Glomus,s__VTX00130,OTU425.g__Glomus
390,LN622976,OTU433,340,1,74,504,479,406,22,126,3.66e-29,97.297,gi,MOA16485,gb,k__Fungi,p__Mucoromycota,c__Glomeromycetes,o__Glomerales,f__Glomeraceae,g__Glomus,s__VTX00130,OTU433.g__Glomus
391,LN622976,OTU456,356,1,71,504,479,409,20,115,8.31e-26,95.775,gi,MOA16485,gb,k__Fungi,p__Mucoromycota,c__Glomeromycetes,o__Glomerales,f__Glomeraceae,g__Glomus,s__VTX00130,OTU456.g__Glomus
392,LN622976,OTU461,309,1,309,504,479,169,100,158,1.17e-38,76.562,gi,MOA16485,gb,k__Fungi,p__Mucoromycota,c__Glomeromycetes,o__Glomerales,f__Glomeraceae,g__Glomus,s__VTX00130,OTU461.g__Glomus
393,LN622976,OTU467,314,1,74,504,479,406,24,126,3.36e-29,97.297,gi,MOA16485,gb,k__Fungi,p__Mucoromycota,c__Glomeromycetes,o__Glomerales,f__Glomeraceae,g__Glomus,s__VTX00130,OTU467.g__Glomus
394,LN622976,OTU472,340,242,332,504,410,500,27,163,2.79e-40,98.901,gi,MOA16485,gb,k__Fungi,p__Mucoromycota,c__Glomeromycetes,o__Glomerales,f__Glomeraceae,g__Glomus,s__VTX00130,OTU472.g__Glomus
395,LN622976,OTU477,289,1,74,504,479,406,26,126,3.07e-29,97.297,gi,MOA16485,gb,k__Fungi,p__Mucoromycota,c__Glomeromycetes,o__Glomerales,f__Glomeraceae,g__Glomus,s__VTX00130,OTU477.g__Glomus
396,LN622976,OTU480,299,1,299,504,479,169,100,182,6.7e-46,78.095,gi,MOA16485,gb,k__Fungi,p__Mucoromycota,c__Glomeromycetes,o__Glomerales,f__Glomeraceae,g__Glomus,s__VTX00130,OTU480.g__Glomus
397,LN622976,OTU483,352,1,66,504,479,414,19,100,2.3e-21,93.939,gi,MOA16485,gb,k__Fungi,p__Mucoromycota,c__Glomeromycetes,o__Glomerales,f__Glomeraceae,g__Glomus,s__VTX00130,OTU483.g__Glomus
398,LN622976,OTU484,419,1,74,504,479,407,18,113,3.56e-25,94.595,gi,MOA16485,gb,k__Fungi,p__Mucoromycota,c__Glomeromycetes,o__Glomerales,f__Glomeraceae,g__Glomus,s__VTX00130,OTU484.g__Glomus
399,LN622976,OTU489,312,1,76,504,479,404,24,119,5.58e-27,94.737,gi,MOA16485,gb,k__Fungi,p__Mucoromycota,c__Glomeromycetes,o__Glomerales,f__Glomeraceae,g__Glomus,s__VTX00130,OTU489.g__Glomus
400,LN622976,OTU499,242,1,74,504,479,406,31,126,2.54e-29,97.297,gi,MOA16485,gb,k__Fungi,p__Mucoromycota,c__Glomeromycetes,o__Glomerales,f__Glomeraceae,g__Glomus,s__VTX00130,OTU499.g__Glomus
401,LN622976,OTU515,370,268,362,504,406,500,26,159,3.95e-39,96.842,gi,MOA16485,gb,k__Fungi,p__Mucoromycota,c__Glomeromycetes,o__Glomerales,f__Glomeraceae,g__Glomus,s__VTX00130,OTU515.g__Glomus
402,LN622976,OTU535,423,1,68,504,479,412,16,115,9.99e-26,97.059,gi,MOA16485,gb,k__Fungi,p__Mucoromycota,c__Glomeromycetes,o__Glomerales,f__Glomeraceae,g__Glomus,s__VTX00130,OTU535.g__Glomus
403,LN622976,OTU539,317,1,71,504,479,409,22,115,7.34e-26,95.775,gi,MOA16485,gb,k__Fungi,p__Mucoromycota,c__Glomeromycetes,o__Glomerales,f__Glomeraceae,g__Glomus,s__VTX00130,OTU539.g__Glomus
404,LN622976,OTU548,331,1,74,504,479,406,22,126,3.55e-29,97.297,gi,MOA16485,gb,k__Fungi,p__Mucoromycota,c__Glomeromycetes,o__Glomerales,f__Glomeraceae,g__Glomus,s__VTX00130,OTU548.g__Glomus
405,LN622976,OTU552,378,1,77,504,479,403,20,126,4.09e-29,96.104,gi,MOA16485,gb,k__Fungi,p__Mucoromycota,c__Glomeromycetes,o__Glomerales,f__Glomeraceae,g__Glomus,s__VTX00130,OTU552.g__Glomus
406,LN622976,OTU572,313,180,313,504,300,169,43,108,1.21e-23,82.014,gi,MOA16485,gb,k__Fungi,p__Mucoromycota,c__Glomeromycetes,o__Glomerales,f__Glomeraceae,g__Glomus,s__VTX00130,OTU572.g__Glomus
407,LN622976,OTU587,304,1,304,504,479,169,100,158,1.15e-38,77.019,gi,MOA16485,gb,k__Fungi,p__Mucoromycota,c__Glomeromycetes,o__Glomerales,f__Glomeraceae,g__Glomus,s__VTX00130,OTU587.g__Glomus
408,LN622976,OTU590,311,1,68,504,479,412,22,115,7.19e-26,97.059,gi,MOA16485,gb,k__Fungi,p__Mucoromycota,c__Glomeromycetes,o__Glomerales,f__Glomeraceae,g__Glomus,s__VTX00130,OTU590.g__Glomus
409,LN622976,OTU597,420,1,71,504,479,409,17,110,4.61e-24,94.366,gi,MOA16485,gb,k__Fungi,p__Mucoromycota,c__Glomeromycetes,o__Glomerales,f__Glomeraceae,g__Glomus,s__VTX00130,OTU597.g__Glomus
410,LN622976,OTU599,345,240,337,504,403,500,28,159,3.66e-39,95.918,gi,MOA16485,gb,k__Fungi,p__Mucoromycota,c__Glomeromycetes,o__Glomerales,f__Glomeraceae,g__Glomus,s__VTX00130,OTU599.g__Glomus
411,LN622976,OTU606,315,1,76,504,479,404,24,130,2.6e-30,97.368,gi,MOA16485,gb,k__Fungi,p__Mucoromycota,c__Glomeromycetes,o__Glomerales,f__Glomeraceae,g__Glomus,s__VTX00130,OTU606.g__Glomus
412,LN622976,OTU607,332,1,324,504,178,500,98,564,6.37e-161,98.154,gi,MOA16485,gb,k__Fungi,p__Mucoromycota,c__Glomeromycetes,o__Glomerales,f__Glomeraceae,g__Glomus,s__VTX00130,OTU607.g__Glomus
413,LN622976,OTU608,329,1,77,504,479,403,23,115,7.64e-26,93.506,gi,MOA16485,gb,k__Fungi,p__Mucoromycota,c__Glomeromycetes,o__Glomerales,f__Glomeraceae,g__Glomus,s__VTX00130,OTU608.g__Glomus
414,LN622976,OTU615,296,200,288,504,412,500,30,148,6.72e-36,96.629,gi,MOA16485,gb,k__Fungi,p__Mucoromycota,c__Glomeromycetes,o__Glomerales,f__Glomeraceae,g__Glomus,s__VTX00130,OTU615.g__Glomus
415,LN622976,OTU628,313,1,76,504,479,404,24,113,2.6e-25,93.421,gi,MOA16485,gb,k__Fungi,p__Mucoromycota,c__Glomeromycetes,o__Glomerales,f__Glomeraceae,g__Glomus,s__VTX00130,OTU628.g__Glomus
416,LN622976,OTU641,358,1,81,504,479,399,23,122,5e-28,93.827,gi,MOA16485,gb,k__Fungi,p__Mucoromycota,c__Glomeromycetes,o__Glomerales,f__Glomeraceae,g__Glomus,s__VTX00130,OTU641.g__Glomus
417,LN622976,OTU645,182,78,174,504,404,500,53,169,3.03e-42,97.938,gi,MOA16485,gb,k__Fungi,p__Mucoromycota,c__Glomeromycetes,o__Glomerales,f__Glomeraceae,g__Glomus,s__VTX00130,OTU645.g__Glomus
418,LN622976,OTU649,326,1,74,504,479,406,23,126,3.49e-29,97.297,gi,MOA16485,gb,k__Fungi,p__Mucoromycota,c__Glomeromycetes,o__Glomerales,f__Glomeraceae,g__Glomus,s__VTX00130,OTU649.g__Glomus
419,LN622976,OTU654,307,1,307,504,479,169,100,178,8.92e-45,77.95,gi,MOA16485,gb,k__Fungi,p__Mucoromycota,c__Glomeromycetes,o__Glomerales,f__Glomeraceae,g__Glomus,s__VTX00130,OTU654.g__Glomus
420,LN622976,OTU661,240,1,74,504,479,406,31,126,2.52e-29,97.297,gi,MOA16485,gb,k__Fungi,p__Mucoromycota,c__Glomeromycetes,o__Glomerales,f__Glomeraceae,g__Glomus,s__VTX00130,OTU661.g__Glomus
421,LN622976,OTU663,299,1,299,504,479,169,100,176,3.12e-44,77.848,gi,MOA16485,gb,k__Fungi,p__Mucoromycota,c__Glomeromycetes,o__Glomerales,f__Glomeraceae,g__Glomus,s__VTX00130,OTU663.g__Glomus
422,LN622976,OTU664,428,1,68,504,479,412,16,115,1.01e-25,97.059,gi,MOA16485,gb,k__Fungi,p__Mucoromycota,c__Glomeromycetes,o__Glomerales,f__Glomeraceae,g__Glomus,s__VTX00130,OTU664.g__Glomus
423,LN622976,OTU665,313,180,313,504,300,169,43,108,1.21e-23,81.884,gi,MOA16485,gb,k__Fungi,p__Mucoromycota,c__Glomeromycetes,o__Glomerales,f__Glomeraceae,g__Glomus,s__VTX00130,OTU665.g__Glomus
424,LN622976,OTU670,420,1,68,504,479,412,16,115,9.91e-26,97.059,gi,MOA16485,gb,k__Fungi,p__Mucoromycota,c__Glomeromycetes,o__Glomerales,f__Glomeraceae,g__Glomus,s__VTX00130,OTU670.g__Glomus
425,LN622976,OTU722,315,1,315,504,479,169,100,152,5.56e-37,76.38,gi,MOA16485,gb,k__Fungi,p__Mucoromycota,c__Glomeromycetes,o__Glomerales,f__Glomeraceae,g__Glomus,s__VTX00130,OTU722.g__Glomus
426,LN622976,OTU726,299,1,299,504,479,169,100,171,1.45e-42,77.743,gi,MOA16485,gb,k__Fungi,p__Mucoromycota,c__Glomeromycetes,o__Glomerales,f__Glomeraceae,g__Glomus,s__VTX00130,OTU726.g__Glomus
427,LN622976,OTU732,313,180,313,504,300,169,43,102,5.64e-22,81.159,gi,MOA16485,gb,k__Fungi,p__Mucoromycota,c__Glomeromycetes,o__Glomerales,f__Glomeraceae,g__Glomus,s__VTX00130,OTU732.g__Glomus
428,LN622976,OTU739,305,1,305,504,479,169,100,159,3.21e-39,76.803,gi,MOA16485,gb,k__Fungi,p__Mucoromycota,c__Glomeromycetes,o__Glomerales,f__Glomeraceae,g__Glomus,s__VTX00130,OTU739.g__Glomus
429,LN622976,OTU741,419,1,68,504,479,412,16,110,4.6e-24,95.588,gi,MOA16485,gb,k__Fungi,p__Mucoromycota,c__Glomeromycetes,o__Glomerales,f__Glomeraceae,g__Glomus,s__VTX00130,OTU741.g__Glomus
430,LN622976,OTU744,392,1,77,504,479,403,20,126,4.26e-29,96.104,gi,MOA16485,gb,k__Fungi,p__Mucoromycota,c__Glomeromycetes,o__Glomerales,f__Glomeraceae,g__Glomus,s__VTX00130,OTU744.g__Glomus
431,LN622976,OTU745,384,1,76,504,479,404,20,119,6.97e-27,94.737,gi,MOA16485,gb,k__Fungi,p__Mucoromycota,c__Glomeromycetes,o__Glomerales,f__Glomeraceae,g__Glomus,s__VTX00130,OTU745.g__Glomus
432,LN622976,OTU747,312,1,312,504,479,169,100,514,6.09e-146,96.486,gi,MOA16485,gb,k__Fungi,p__Mucoromycota,c__Glomeromycetes,o__Glomerales,f__Glomeraceae,g__Glomus,s__VTX00130,OTU747.g__Glomus
433,LN622983,OTU94,312,23,312,498,1,290,93,531,6.05e-151,99.655,gi,MOA16492,gb,k__Fungi,p__Mucoromycota,c__Glomeromycetes,o__Glomerales,f__Glomeraceae,g__Glomus,s__VTX00155,OTU94.g__Glomus
434,LN623013,OTU359,312,23,312,498,1,290,93,531,6.05e-151,99.655,gi,MOA16522,gb,k__Fungi,p__Mucoromycota,c__Glomeromycetes,o__Diversisporales,f__Gigasporaceae,g__Scutellospora,s__VTX00049,OTU359.g__Scutellospora
435,LN623099,OTU531,321,23,321,498,1,293,93,182,7.23e-46,78.361,gi,MOA16608,gb,k__Fungi,p__Mucoromycota,c__Glomeromycetes,o__Diversisporales,f__Diversisporaceae,g__Diversispora,s__VTX00353,OTU531.g__Diversispora
436,LN623104,OTU362,404,218,404,334,113,298,58,189,5.53e-48,85.263,gi,MOA16613,gb,k__Fungi,p__Mucoromycota,c__Glomeromycetes,o__Glomerales,f__Claroideoglomeraceae,g__Claroideoglomus,s__VTX00056,OTU362.g__Claroideoglomus
437,LN623104,OTU442,369,181,369,334,113,298,64,174,1.41e-43,83.854,gi,MOA16613,gb,k__Fungi,p__Mucoromycota,c__Glomeromycetes,o__Glomerales,f__Claroideoglomeraceae,g__Claroideoglomus,s__VTX00056,OTU442.g__Claroideoglomus
438,LN623104,OTU453,406,220,406,334,113,298,58,189,5.55e-48,85.263,gi,MOA16613,gb,k__Fungi,p__Mucoromycota,c__Glomeromycetes,o__Glomerales,f__Claroideoglomeraceae,g__Claroideoglomus,s__VTX00056,OTU453.g__Claroideoglomus
439,LN623104,OTU513,316,181,316,334,163,298,43,119,5.65e-27,82.609,gi,MOA16613,gb,k__Fungi,p__Mucoromycota,c__Glomeromycetes,o__Glomerales,f__Claroideoglomeraceae,g__Claroideoglomus,s__VTX00056,OTU513.g__Claroideoglomus
440,LN623104,OTU529,425,239,425,334,113,298,55,183,2.71e-46,84.737,gi,MOA16613,gb,k__Fungi,p__Mucoromycota,c__Glomeromycetes,o__Glomerales,f__Claroideoglomeraceae,g__Claroideoglomus,s__VTX00056,OTU529.g__Claroideoglomus
441,LN623104,OTU574,409,223,409,334,113,298,57,189,5.6e-48,85.263,gi,MOA16613,gb,k__Fungi,p__Mucoromycota,c__Glomeromycetes,o__Glomerales,f__Claroideoglomeraceae,g__Claroideoglomus,s__VTX00056,OTU574.g__Claroideoglomus
442,LN623104,OTU712,363,175,363,334,113,298,65,174,1.38e-43,83.854,gi,MOA16613,gb,k__Fungi,p__Mucoromycota,c__Glomeromycetes,o__Glomerales,f__Claroideoglomeraceae,g__Claroideoglomus,s__VTX00056,OTU712.g__Claroideoglomus
443,LN623271,OTU430,311,181,311,498,158,291,42,117,2e-26,83.088,gi,MOA16780,gb,k__Fungi,p__Mucoromycota,c__Glomeromycetes,o__Diversisporales,f__Acaulosporaceae,g__Acaulospora,s__VTX00231,OTU430.g__Acaulospora
444,LN623365,OTU527,342,200,342,498,159,293,42,147,2.82e-35,86.207,gi,MOA16874,gb,k__Fungi,p__Mucoromycota,c__Glomeromycetes,o__Glomerales,f__Glomeraceae,g__Glomus,s__VTX00185,OTU527.g__Glomus
445,LN824227,OTU73,315,23,315,498,1,293,93,486,1.34e-137,96.599,gi,MOA20292,gb,k__Fungi,p__Mucoromycota,c__Paraglomeromycetes,o__Paraglomerales,f__Paraglomeraceae,g__Paraglomus,s__VTX00001,OTU73.g__Paraglomus
446,LN824571,OTU111,325,23,325,498,1,299,93,174,1.23e-43,77.885,gi,MOA20636,gb,k__Fungi,p__Mucoromycota,c__Glomeromycetes,o__Glomerales,f__Claroideoglomeraceae,g__Claroideoglomus,s__VTX00057,OTU111.g__Claroideoglomus
447,LN824571,OTU112,321,181,321,498,157,299,44,180,2.6e-45,89.583,gi,MOA20636,gb,k__Fungi,p__Mucoromycota,c__Glomeromycetes,o__Glomerales,f__Claroideoglomeraceae,g__Claroideoglomus,s__VTX00057,OTU112.g__Claroideoglomus
448,LN824571,OTU162,321,181,321,498,157,299,44,180,2.6e-45,89.583,gi,MOA20636,gb,k__Fungi,p__Mucoromycota,c__Glomeromycetes,o__Glomerales,f__Claroideoglomeraceae,g__Claroideoglomus,s__VTX00057,OTU162.g__Claroideoglomus
449,LN824571,OTU373,321,23,321,498,1,299,93,182,7.23e-46,78.247,gi,MOA20636,gb,k__Fungi,p__Mucoromycota,c__Glomeromycetes,o__Glomerales,f__Claroideoglomeraceae,g__Claroideoglomus,s__VTX00057,OTU373.g__Claroideoglomus
450,LN824571,OTU384,321,181,321,498,157,299,62,174,1.21e-43,88.889,gi,MOA20636,gb,k__Fungi,p__Mucoromycota,c__Glomeromycetes,o__Glomerales,f__Claroideoglomeraceae,g__Claroideoglomus,s__VTX00057,OTU384.g__Claroideoglomus
451,LN824571,OTU444,326,186,326,498,157,299,43,180,2.64e-45,89.583,gi,MOA20636,gb,k__Fungi,p__Mucoromycota,c__Glomeromycetes,o__Glomerales,f__Claroideoglomeraceae,g__Claroideoglomus,s__VTX00057,OTU444.g__Claroideoglomus
452,LN824571,OTU510,330,190,330,498,157,299,43,180,2.68e-45,89.583,gi,MOA20636,gb,k__Fungi,p__Mucoromycota,c__Glomeromycetes,o__Glomerales,f__Claroideoglomeraceae,g__Claroideoglomus,s__VTX00057,OTU510.g__Claroideoglomus
453,LN824571,OTU514,321,181,321,498,157,299,44,180,2.6e-45,89.583,gi,MOA20636,gb,k__Fungi,p__Mucoromycota,c__Glomeromycetes,o__Glomerales,f__Claroideoglomeraceae,g__Claroideoglomus,s__VTX00057,OTU514.g__Claroideoglomus
454,LN824571,OTU700,324,23,324,498,1,299,93,183,2.03e-46,78.387,gi,MOA20636,gb,k__Fungi,p__Mucoromycota,c__Glomeromycetes,o__Glomerales,f__Claroideoglomeraceae,g__Claroideoglomus,s__VTX00057,OTU700.g__Claroideoglomus
455,LN824604,OTU557,313,23,313,498,1,298,93,272,4.06e-73,83.721,gi,MOA20669,gb,k__Fungi,p__Mucoromycota,c__Glomeromycetes,o__Glomerales,f__Claroideoglomeraceae,g__Claroideoglomus,s__VTX00057,OTU557.g__Claroideoglomus
456,LN824638,OTU550,321,23,321,498,1,298,93,207,1.19e-53,79.739,gi,MOA20703,gb,k__Fungi,p__Mucoromycota,c__Glomeromycetes,o__Glomerales,f__Claroideoglomeraceae,g__Claroideoglomus,s__VTX00057,OTU550.g__Claroideoglomus
457,LN824762,OTU687,321,178,321,498,149,291,45,193,3.34e-49,91.034,gi,MOA20827,gb,k__Fungi,p__Mucoromycota,c__Glomeromycetes,o__Glomerales,f__Glomeraceae,g__Glomus,s__VTX00074,OTU687.g__Glomus
458,LN825270,OTU115,312,23,312,498,1,290,93,536,1.3e-152,100,gi,MOA21335,gb,k__Fungi,p__Mucoromycota,c__Glomeromycetes,o__Glomerales,f__Glomeraceae,g__Glomus,s__VTX00125,OTU115.g__Glomus
459,LN825938,OTU176,333,198,333,498,157,290,56,161,9.8e-40,88.489,gi,MOA22003,gb,k__Fungi,p__Mucoromycota,c__Glomeromycetes,o__Glomerales,f__Glomeraceae,g__Glomus,s__VTX00187,OTU176.g__Glomus
460,LN825938,OTU300,322,180,322,498,148,290,44,193,3.35e-49,91.034,gi,MOA22003,gb,k__Fungi,p__Mucoromycota,c__Glomeromycetes,o__Glomerales,f__Glomeraceae,g__Glomus,s__VTX00187,OTU300.g__Glomus
461,LN825965,OTU740,329,23,329,498,1,292,93,193,3.43e-49,79.233,gi,MOA22030,gb,k__Fungi,p__Mucoromycota,c__Glomeromycetes,o__Glomerales,f__Glomeraceae,g__Glomus,s__VTX00191,OTU740.g__Glomus
462,LN826097,OTU292,321,181,321,498,157,299,44,180,2.6e-45,89.655,gi,MOA22162,gb,k__Fungi,p__Mucoromycota,c__Glomeromycetes,o__Glomerales,f__Claroideoglomeraceae,g__Claroideoglomus,s__VTX00193,OTU292.g__Claroideoglomus
463,LN826097,OTU503,333,187,333,498,151,299,44,158,1.27e-38,86.093,gi,MOA22162,gb,k__Fungi,p__Mucoromycota,c__Glomeromycetes,o__Glomerales,f__Claroideoglomeraceae,g__Claroideoglomus,s__VTX00193,OTU503.g__Claroideoglomus
464,LN826216,OTU594,313,23,313,498,1,292,93,294,8.66e-80,85.034,gi,MOA22281,gb,k__Fungi,p__Mucoromycota,c__Glomeromycetes,o__Glomerales,f__Glomeraceae,g__Glomus,s__VTX00199,OTU594.g__Glomus
465,LN826314,OTU285,310,23,310,498,1,291,93,185,5.38e-47,78.93,gi,MOA22379,gb,k__Fungi,p__Mucoromycota,c__Glomeromycetes,o__Glomerales,f__Glomeraceae,g__Glomus,s__VTX00213,OTU285.g__Glomus
466,LN826381,OTU43,315,23,315,498,1,290,93,510,7.96e-145,98.294,gi,MOA22446,gb,k__Fungi,p__Mucoromycota,c__Glomeromycetes,o__Glomerales,f__Glomeraceae,g__Glomus,s__VTX00222,OTU43.g__Glomus
467,LN826410,OTU609,313,23,313,498,1,290,93,248,6.84e-66,82.373,gi,MOA22475,gb,k__Fungi,p__Mucoromycota,c__Glomeromycetes,o__Glomerales,f__Glomeraceae,g__Glomus,s__VTX00222,OTU609.g__Glomus
468,LN826516,OTU156,313,23,313,498,1,292,93,128,9.3e-30,75.658,gi,MOA22581,gb,k__Fungi,p__Mucoromycota,c__Archaeosporomycetes,o__Archaeosporales,f__Ambisporaceae,g__Ambispora,s__VTX00242,OTU156.g__Ambispora
469,LN826516,OTU725,313,23,313,498,1,292,93,222,4.15e-58,80.936,gi,MOA22581,gb,k__Fungi,p__Mucoromycota,c__Archaeosporomycetes,o__Archaeosporales,f__Ambisporaceae,g__Ambispora,s__VTX00242,OTU725.g__Ambispora
470,LN826521,OTU526,311,23,311,498,1,293,93,272,4.03e-73,83.784,gi,MOA22586,gb,k__Fungi,p__Mucoromycota,c__Archaeosporomycetes,o__Archaeosporales,f__Ambisporaceae,g__Ambispora,s__VTX00242,OTU526.g__Ambispora
471,LN826864,OTU364,316,23,316,497,1,290,93,268,5.31e-72,83.667,gi,MOA22929,gb,k__Fungi,p__Mucoromycota,c__Glomeromycetes,o__Glomerales,f__Glomeraceae,g__Glomus,s__VTX00304,OTU364.g__Glomus
472,LN900283,OTU474,322,23,322,493,1,291,93,279,2.5e-75,84.211,gi,MOA19484,gb,k__Fungi,p__Mucoromycota,c__Archaeosporomycetes,o__Archaeosporales,f__Archaeosporaceae,g__Archaeospora,s__VTX00005,OTU474.g__Archaeospora
473,LN900736,OTU426,322,179,322,480,148,290,61,193,3.35e-49,91.034,gi,MOA19937,gb,k__Fungi,p__Mucoromycota,c__Glomeromycetes,o__Glomerales,f__Glomeraceae,g__Glomus,s__VTX00301,OTU426.g__Glomus
474,LT216657,OTU650,311,23,311,493,1,291,93,215,6.89e-56,80.731,gi,MOA25149,gb,k__Fungi,p__Mucoromycota,c__Glomeromycetes,o__Glomerales,f__Glomeraceae,g__Glomus,s__VTX00312,OTU650.g__Glomus
475,LT216799,OTU750,369,230,369,492,157,291,52,137,1.84e-32,85,gi,MOA25250,gb,k__Fungi,p__Mucoromycota,c__Paraglomeromycetes,o__Paraglomerales,f__Paraglomeraceae,g__Paraglomus,s__VTX00375,OTU750.g__Paraglomus
476,LT216830,OTU736,313,23,313,490,1,291,93,527,7.85e-150,99.313,gi,MOA24837,gb,k__Fungi,p__Mucoromycota,c__Glomeromycetes,o__Glomerales,f__Glomeraceae,g__Glomus,s__VTX00124,OTU736.g__Glomus
477,LT216953,OTU674,314,180,314,498,161,294,43,126,3.36e-29,84.286,gi,MOA25030,gb,k__Fungi,p__Mucoromycota,c__Glomeromycetes,o__Diversisporales,f__Acaulosporaceae,g__Kuklospora,s__VTX00249,OTU674.g__Kuklospora
478,LT216968,OTU667,314,181,314,489,160,293,43,143,3.33e-34,86.331,gi,MOA24947,gb,k__Fungi,p__Mucoromycota,c__Glomeromycetes,o__Diversisporales,f__Acaulosporaceae,g__Acaulospora,s__VTX00227,OTU667.g__Acaulospora
479,LT217065,OTU242,312,23,312,494,1,292,93,161,9.14e-40,77.181,gi,MOA25257,gb,k__Fungi,p__Mucoromycota,c__Paraglomeromycetes,o__Paraglomerales,f__Paraglomeraceae,g__Paraglomus,s__VTX00375,OTU242.g__Paraglomus
480,LT217084,OTU113,308,177,308,480,159,293,59,141,1.17e-33,85.926,gi,MOA25000,gb,k__Fungi,p__Mucoromycota,c__Archaeosporomycetes,o__Archaeosporales,f__Archaeosporaceae,g__Archaeospora,s__VTX00245,OTU113.g__Archaeospora
481,LT217326,OTU396,312,23,312,490,1,294,93,147,2.56e-35,76.412,gi,MOA24770,gb,k__Fungi,p__Mucoromycota,c__Paraglomeromycetes,o__Paraglomerales,f__Paraglomeraceae,g__Paraglomus,s__VTX00001,OTU396.g__Paraglomus
482,LT217355,OTU37,315,23,315,491,1,293,93,536,1.31e-152,99.659,gi,MOA25370,gb,k__Fungi,p__Mucoromycota,c__Glomeromycetes,o__Diversisporales,f__Acaulosporaceae,g__Acaulospora,s__VTX00047,OTU37.g__Acaulospora
483,LT217439,OTU99,319,23,319,498,1,290,93,159,3.37e-39,77.303,gi,MOA25375,gb,k__Fungi,p__Mucoromycota,c__Glomeromycetes,o__Diversisporales,f__Gigasporaceae,g__Scutellospora,s__VTX00049,OTU99.g__Scutellospora
484,LT217488,OTU469,312,23,312,497,1,293,93,233,1.91e-61,81.667,gi,MOA25206,gb,k__Fungi,p__Mucoromycota,c__Glomeromycetes,o__Glomerales,f__Glomeraceae,g__Glomus,s__VTX00344,OTU469.g__Glomus
485,LT716129,OTU485,314,174,314,479,153,293,45,139,4.31e-33,84.828,gi,MOA39365,gb,k__Fungi,p__Mucoromycota,c__Glomeromycetes,o__Diversisporales,f__Acaulosporaceae,g__Acaulospora,s__VTX00020,OTU485.g__Acaulospora
486,LT716154,OTU644,319,23,319,495,1,297,93,167,2.01e-41,77.451,gi,MOA39390,gb,k__Fungi,p__Mucoromycota,c__Glomeromycetes,o__Glomerales,f__Claroideoglomeraceae,g__Claroideoglomus,s__VTX00056,OTU644.g__Claroideoglomus
487,LT716156,OTU173,313,23,313,484,1,297,93,217,1.93e-56,80.464,gi,MOA39392,gb,k__Fungi,p__Mucoromycota,c__Glomeromycetes,o__Glomerales,f__Claroideoglomeraceae,g__Claroideoglomus,s__VTX00056,OTU173.g__Claroideoglomus
488,LT716358,OTU437,322,187,322,498,155,290,58,202,5.57e-52,93.431,gi,MOA39594,gb,k__Fungi,p__Mucoromycota,c__Glomeromycetes,o__Glomerales,f__Glomeraceae,g__Glomus,s__VTX00143,OTU437.g__Glomus
489,LT716358,OTU720,320,185,320,498,155,290,43,207,1.19e-53,94.161,gi,MOA39594,gb,k__Fungi,p__Mucoromycota,c__Glomeromycetes,o__Glomerales,f__Glomeraceae,g__Glomus,s__VTX00143,OTU720.g__Glomus
490,LT716410,OTU354,319,185,319,439,158,290,59,165,7.23e-41,89.051,gi,MOA39646,gb,k__Fungi,p__Mucoromycota,c__Glomeromycetes,o__Glomerales,f__Glomeraceae,g__Glomus,s__VTX00156,OTU354.g__Glomus
491,LT716497,OTU428,335,200,335,475,159,290,41,159,3.55e-39,88.321,gi,MOA39733,gb,k__Fungi,p__Mucoromycota,c__Glomeromycetes,o__Glomerales,f__Glomeraceae,g__Glomus,s__VTX00188,OTU428.g__Glomus
492,LT716500,OTU45,313,23,313,473,1,291,93,532,1.69e-151,99.656,gi,MOA39736,gb,k__Fungi,p__Mucoromycota,c__Glomeromycetes,o__Glomerales,f__Glomeraceae,g__Glomus,s__VTX00188,OTU45.g__Glomus
493,LT716500,OTU498,330,1,278,473,278,1,84,508,3.01e-144,99.64,gi,MOA39736,gb,k__Fungi,p__Mucoromycota,c__Glomeromycetes,o__Glomerales,f__Glomeraceae,g__Glomus,s__VTX00188,OTU498.g__Glomus
494,LT716507,OTU307,321,23,321,498,1,296,93,150,2.04e-36,76.774,gi,MOA39743,gb,k__Fungi,p__Mucoromycota,c__Glomeromycetes,o__Glomerales,f__Glomeraceae,g__Glomus,s__VTX00193,OTU307.g__Glomus
495,LT716509,OTU619,325,186,325,491,157,297,43,165,7.38e-41,88.276,gi,MOA39745,gb,k__Fungi,p__Mucoromycota,c__Glomeromycetes,o__Glomerales,f__Glomeraceae,g__Glomus,s__VTX00193,OTU619.g__Glomus
496,LT716516,OTU44,311,23,311,438,1,292,93,176,3.25e-44,78.548,gi,MOA39752,gb,k__Fungi,p__Mucoromycota,c__Glomeromycetes,o__Glomerales,f__Glomeraceae,g__Glomus,s__VTX00194,OTU44.g__Glomus
497,LT716517,OTU187,310,23,310,493,1,291,93,235,5.27e-62,81.818,gi,MOA39753,gb,k__Fungi,p__Mucoromycota,c__Glomeromycetes,o__Glomerales,f__Glomeraceae,g__Glomus,s__VTX00194,OTU187.g__Glomus
498,LT716564,OTU136,166,1,166,481,126,291,100,307,5.54e-84,100,gi,MOA39800,gb,k__Fungi,p__Mucoromycota,c__Glomeromycetes,o__Glomerales,f__Glomeraceae,g__Glomus,s__VTX00214,OTU136.g__Glomus
499,LT716591,OTU19,315,23,315,498,1,293,93,542,2.82e-154,100,gi,MOA39827,gb,k__Fungi,p__Mucoromycota,c__Archaeosporomycetes,o__Archaeosporales,f__Archaeosporaceae,g__Archaeospora,s__VTX00245,OTU19.g__Archaeospora
500,LT716616,OTU57,345,23,345,498,1,294,94,204,1.67e-52,79.63,gi,MOA39852,gb,k__Fungi,p__Mucoromycota,c__Archaeosporomycetes,o__Archaeosporales,f__Ambisporaceae,g__Ambispora,s__VTX00283,OTU57.g__Ambispora
501,LT716641,OTU638,313,182,313,487,157,290,59,152,5.52e-37,87.407,gi,MOA39877,gb,k__Fungi,p__Mucoromycota,c__Glomeromycetes,o__Glomerales,f__Glomeraceae,g__Glomus,s__VTX00301,OTU638.g__Glomus
502,LT716659,OTU583,325,192,325,499,160,292,41,185,5.67e-47,91.852,gi,MOA39895,gb,k__Fungi,p__Mucoromycota,c__Glomeromycetes,o__Glomerales,f__Glomeraceae,g__Glomus,s__VTX00305,OTU583.g__Glomus
503,LT716659,OTU621,322,22,322,499,1,292,93,193,3.35e-49,79.221,gi,MOA39895,gb,k__Fungi,p__Mucoromycota,c__Glomeromycetes,o__Glomerales,f__Glomeraceae,g__Glomus,s__VTX00305,OTU621.g__Glomus
504,LT716659,OTU634,319,184,319,499,157,292,43,191,1.19e-48,91.971,gi,MOA39895,gb,k__Fungi,p__Mucoromycota,c__Glomeromycetes,o__Glomerales,f__Glomeraceae,g__Glomus,s__VTX00305,OTU634.g__Glomus
505,LT716715,OTU429,315,182,315,498,160,293,57,132,7.24e-31,84.783,gi,MOA39951,gb,k__Fungi,p__Mucoromycota,c__Glomeromycetes,o__Diversisporales,f__Diversisporaceae,g__Diversispora,s__VTX00347,OTU429.g__Diversispora
506,LT716715,OTU506,315,182,315,498,160,293,57,132,7.24e-31,84.783,gi,MOA39951,gb,k__Fungi,p__Mucoromycota,c__Glomeromycetes,o__Diversisporales,f__Diversisporaceae,g__Diversispora,s__VTX00347,OTU506.g__Diversispora
507,LT723031,OTU199,315,23,315,487,1,297,93,169,5.52e-42,77.632,gi,MOA35128,gb,k__Fungi,p__Mucoromycota,c__Glomeromycetes,o__Glomerales,f__Claroideoglomeraceae,g__Claroideoglomus,s__VTX00057,OTU199.g__Claroideoglomus
508,LT723031,OTU435,315,23,315,487,1,297,93,174,1.19e-43,77.961,gi,MOA35128,gb,k__Fungi,p__Mucoromycota,c__Glomeromycetes,o__Glomerales,f__Claroideoglomeraceae,g__Claroideoglomus,s__VTX00057,OTU435.g__Claroideoglomus
509,LT723031,OTU688,315,23,315,487,1,297,93,158,1.19e-38,76.898,gi,MOA35128,gb,k__Fungi,p__Mucoromycota,c__Glomeromycetes,o__Glomerales,f__Claroideoglomeraceae,g__Claroideoglomus,s__VTX00057,OTU688.g__Claroideoglomus
510,LT723224,OTU371,311,23,311,498,1,292,93,298,6.65e-81,85.374,gi,MOA35321,gb,k__Fungi,p__Mucoromycota,c__Archaeosporomycetes,o__Archaeosporales,f__Archaeosporaceae,g__Archaeospora,s__VTX00005,OTU371.g__Archaeospora
511,LT723358,OTU148,310,25,310,491,3,288,92,180,2.51e-45,78.716,gi,MOA35455,gb,k__Fungi,p__Mucoromycota,c__Archaeosporomycetes,o__Archaeosporales,f__Archaeosporaceae,g__Archaeospora,s__VTX00009,OTU148.g__Archaeospora
512,LT723493,OTU553,312,23,312,484,1,291,93,337,1.41e-92,87.713,gi,MOA35590,gb,k__Fungi,p__Mucoromycota,c__Archaeosporomycetes,o__Archaeosporales,f__Archaeosporaceae,g__Archaeospora,s__VTX00005,OTU553.g__Archaeospora
513,LT723560,OTU181,309,23,309,436,1,290,93,145,9.11e-35,76.589,gi,MOA35657,gb,k__Fungi,p__Mucoromycota,c__Paraglomeromycetes,o__Paraglomerales,f__Paraglomeraceae,g__Paraglomus,s__VTX00281,OTU181.g__Paraglomus
514,LT723747,OTU706,312,23,312,498,1,293,93,261,8.76e-70,83.333,gi,MOA35844,gb,k__Fungi,p__Mucoromycota,c__Paraglomeromycetes,o__Paraglomerales,f__Paraglomeraceae,g__Paraglomus,s__VTX00349,OTU706.g__Paraglomus
515,LT723892,OTU293,311,23,311,460,1,292,93,298,6.65e-81,85.424,gi,MOA35989,gb,k__Fungi,p__Mucoromycota,c__Archaeosporomycetes,o__Archaeosporales,f__Archaeosporaceae,g__Archaeospora,s__VTX00005,OTU293.g__Archaeospora
516,LT723892,OTU575,311,23,311,460,1,292,93,315,6.6e-86,86.348,gi,MOA35989,gb,k__Fungi,p__Mucoromycota,c__Archaeosporomycetes,o__Archaeosporales,f__Archaeosporaceae,g__Archaeospora,s__VTX00005,OTU575.g__Archaeospora
517,LT724053,OTU170,424,288,424,436,161,291,44,137,2.14e-32,85.507,gi,MOA36150,gb,k__Fungi,p__Mucoromycota,c__Glomeromycetes,o__Diversisporales,f__Acaulosporaceae,g__Acaulospora,s__VTX00023,OTU170.g__Acaulospora
518,LT828692,OTU567,306,175,306,428,158,290,58,145,9.01e-35,86.567,gi,MOA31507,gb,k__Fungi,p__Mucoromycota,c__Archaeosporomycetes,o__Archaeosporales,f__Archaeosporaceae,g__Archaeospora,s__VTX00338,OTU567.g__Archaeospora
519,LT829017,OTU545,299,23,299,428,1,292,93,182,6.7e-46,79.125,gi,MOA29063,gb,k__Fungi,p__Mucoromycota,c__Glomeromycetes,o__Diversisporales,f__Acaulosporaceae,g__Acaulospora,s__VTX00231,OTU545.g__Acaulospora
520,LT829017,OTU593,299,23,299,428,1,292,93,165,6.75e-41,78.114,gi,MOA29063,gb,k__Fungi,p__Mucoromycota,c__Glomeromycetes,o__Diversisporales,f__Acaulosporaceae,g__Acaulospora,s__VTX00231,OTU593.g__Acaulospora
521,LT829083,OTU478,317,23,317,428,1,291,93,187,1.53e-47,79.355,gi,MOA32093,gb,k__Fungi,p__Mucoromycota,c__Glomeromycetes,o__Glomerales,f__Glomeraceae,g__Glomus,s__VTX00183,OTU478.g__Glomus
522,LT829173,OTU521,320,23,320,428,1,292,93,202,5.53e-52,79.672,gi,MOA29217,gb,k__Fungi,p__Mucoromycota,c__Glomeromycetes,o__Glomerales,f__Glomeraceae,g__Glomus,s__VTX00366,OTU521.g__Glomus
523,LT829240,OTU659,351,196,351,428,138,291,60,204,1.7e-52,90.385,gi,MOA33210,gb,k__Fungi,p__Mucoromycota,c__Glomeromycetes,o__Glomerales,f__Glomeraceae,g__Glomus,s__VTX00361,OTU659.g__Glomus
524,LT829321,OTU287,325,189,325,404,156,290,58,174,1.23e-43,89.855,gi,MOA30457,gb,k__Fungi,p__Mucoromycota,c__Glomeromycetes,o__Glomerales,f__Glomeraceae,g__Glomus,s__VTX00093,OTU287.g__Glomus
525,LT829321,OTU370,322,23,322,404,1,290,93,196,2.59e-50,79.412,gi,MOA30457,gb,k__Fungi,p__Mucoromycota,c__Glomeromycetes,o__Glomerales,f__Glomeraceae,g__Glomus,s__VTX00093,OTU370.g__Glomus
526,LT829321,OTU457,320,23,320,404,1,290,93,189,4.31e-48,79.085,gi,MOA30457,gb,k__Fungi,p__Mucoromycota,c__Glomeromycetes,o__Glomerales,f__Glomeraceae,g__Glomus,s__VTX00093,OTU457.g__Glomus
527,LT829321,OTU582,321,23,321,404,1,290,93,206,4.29e-53,79.868,gi,MOA30457,gb,k__Fungi,p__Mucoromycota,c__Glomeromycetes,o__Glomerales,f__Glomeraceae,g__Glomus,s__VTX00093,OTU582.g__Glomus
528,LT829357,OTU308,315,23,315,428,1,291,93,252,5.33e-67,82.609,gi,MOA30493,gb,k__Fungi,p__Mucoromycota,c__Glomeromycetes,o__Glomerales,f__Glomeraceae,g__Glomus,s__VTX00361,OTU308.g__Glomus
529,LT829566,OTU454,313,23,313,428,1,291,93,156,4.27e-38,77.076,gi,MOA29360,gb,k__Fungi,p__Mucoromycota,c__Paraglomeromycetes,o__Paraglomerales,f__Paraglomeraceae,g__Paraglomus,s__VTX00281,OTU454.g__Paraglomus
530,LT829665,OTU319,318,23,318,408,1,298,93,183,1.99e-46,78.431,gi,MOA28872,gb,k__Fungi,p__Mucoromycota,c__Glomeromycetes,o__Glomerales,f__Claroideoglomeraceae,g__Claroideoglomus,s__VTX00057,OTU319.g__Claroideoglomus
531,LT829665,OTU486,322,23,322,408,1,298,93,198,7.21e-51,79.355,gi,MOA28872,gb,k__Fungi,p__Mucoromycota,c__Glomeromycetes,o__Glomerales,f__Claroideoglomeraceae,g__Claroideoglomus,s__VTX00057,OTU486.g__Claroideoglomus
532,LT829696,OTU16,312,23,312,428,1,290,93,536,1.3e-152,100,gi,MOA28903,gb,k__Fungi,p__Mucoromycota,c__Glomeromycetes,o__Glomerales,f__Glomeraceae,g__Glomus,s__VTX00156,OTU16.g__Glomus
533,LT829696,OTU404,329,1,277,428,277,1,84,512,2.32e-145,100,gi,MOA28903,gb,k__Fungi,p__Mucoromycota,c__Glomeromycetes,o__Glomerales,f__Glomeraceae,g__Glomus,s__VTX00156,OTU404.g__Glomus
534,LT829736,OTU168,313,23,313,428,1,292,93,244,8.85e-65,81.973,gi,MOA28600,gb,k__Fungi,p__Mucoromycota,c__Archaeosporomycetes,o__Archaeosporales,f__Archaeosporaceae,g__Archaeospora,s__VTX00051,OTU168.g__Archaeospora
535,LT829736,OTU419,314,23,314,428,1,292,93,235,5.34e-62,81.419,gi,MOA28600,gb,k__Fungi,p__Mucoromycota,c__Archaeosporomycetes,o__Archaeosporales,f__Archaeosporaceae,g__Archaeospora,s__VTX00051,OTU419.g__Archaeospora
536,LT829785,OTU158,325,23,325,428,1,291,93,222,4.32e-58,80.592,gi,MOA28649,gb,k__Fungi,p__Mucoromycota,c__Paraglomeromycetes,o__Paraglomerales,f__Paraglomeraceae,g__Paraglomus,s__VTX00238,OTU158.g__Paraglomus
537,LT829796,OTU21,312,23,312,428,1,291,93,337,1.41e-92,87.755,gi,MOA28660,gb,k__Fungi,p__Mucoromycota,c__Paraglomeromycetes,o__Paraglomerales,f__Paraglomeraceae,g__Paraglomus,s__VTX00281,OTU21.g__Paraglomus
538,LT829817,OTU707,310,23,310,428,1,290,93,158,1.17e-38,77.104,gi,MOA28681,gb,k__Fungi,p__Mucoromycota,c__Glomeromycetes,o__Glomerales,f__Glomeraceae,g__Glomus,s__VTX00419,OTU707.g__Glomus
539,LT829820,OTU6,316,23,316,428,1,294,93,544,7.87e-155,100,gi,MOA27668,gb,k__Fungi,p__Mucoromycota,c__Paraglomeromycetes,o__Paraglomerales,f__Paraglomeraceae,g__Paraglomus,s__VTX00446,OTU6.g__Paraglomus
540,LT829998,OTU381,312,23,312,428,1,291,93,176,3.26e-44,78.114,gi,MOA28702,gb,k__Fungi,p__Mucoromycota,c__Glomeromycetes,o__Glomerales,f__Glomeraceae,g__Glomus,s__VTX00093,OTU381.g__Glomus
541,LT830024,OTU273,336,23,336,428,1,292,93,172,4.57e-43,77.778,gi,MOA28728,gb,k__Fungi,p__Mucoromycota,c__Paraglomeromycetes,o__Paraglomerales,f__Paraglomeraceae,g__Paraglomus,s__VTX00239,OTU273.g__Paraglomus
542,LT830059,OTU746,299,23,299,428,1,291,93,182,6.7e-46,79.054,gi,MOA31463,gb,k__Fungi,p__Mucoromycota,c__Glomeromycetes,o__Glomerales,f__Glomeraceae,g__Glomus,s__VTX00312,OTU746.g__Glomus
543,LT830247,OTU196,321,179,321,428,148,290,45,176,3.36e-44,89.041,gi,MOA28828,gb,k__Fungi,p__Mucoromycota,c__Glomeromycetes,o__Glomerales,f__Glomeraceae,g__Glomus,s__VTX00234,OTU196.g__Glomus
544,LT830443,OTU251,311,23,311,428,1,291,93,243,3.16e-64,81.911,gi,MOA27793,gb,k__Fungi,p__Mucoromycota,c__Glomeromycetes,o__Glomerales,f__Glomeraceae,g__Glomus,s__VTX00324,OTU251.g__Glomus
545,LT830450,OTU378,307,23,307,428,1,291,93,156,4.18e-38,77.258,gi,MOA27800,gb,k__Fungi,p__Mucoromycota,c__Glomeromycetes,o__Glomerales,f__Glomeraceae,g__Glomus,s__VTX00359,OTU378.g__Glomus
546,LT830660,OTU616,310,23,310,428,1,291,93,213,2.47e-55,80.405,gi,MOA32804,gb,k__Fungi,p__Mucoromycota,c__Glomeromycetes,o__Glomerales,f__Glomeraceae,g__Glomus,s__VTX00129,OTU616.g__Glomus
547,LT830983,OTU336,317,23,317,428,1,297,93,154,1.56e-37,76.568,gi,MOA32907,gb,k__Fungi,p__Mucoromycota,c__Glomeromycetes,o__Glomerales,f__Claroideoglomeraceae,g__Claroideoglomus,s__VTX00193,OTU336.g__Claroideoglomus
548,LT830983,OTU368,325,189,325,428,162,297,58,135,5.79e-32,85,gi,MOA32907,gb,k__Fungi,p__Mucoromycota,c__Glomeromycetes,o__Glomerales,f__Claroideoglomeraceae,g__Claroideoglomus,s__VTX00193,OTU368.g__Claroideoglomus
549,LT830983,OTU544,307,174,307,428,161,297,44,139,4.21e-33,85.507,gi,MOA32907,gb,k__Fungi,p__Mucoromycota,c__Glomeromycetes,o__Glomerales,f__Claroideoglomeraceae,g__Claroideoglomus,s__VTX00193,OTU544.g__Claroideoglomus
550,LT830983,OTU642,338,202,338,428,162,297,56,163,2.77e-40,88.489,gi,MOA32907,gb,k__Fungi,p__Mucoromycota,c__Glomeromycetes,o__Glomerales,f__Claroideoglomeraceae,g__Claroideoglomus,s__VTX00193,OTU642.g__Claroideoglomus
551,LT831366,OTU728,320,23,320,428,1,290,93,211,9.19e-55,80.132,gi,MOA31390,gb,k__Fungi,p__Mucoromycota,c__Glomeromycetes,o__Glomerales,f__Glomeraceae,g__Glomus,s__VTX00209,OTU728.g__Glomus
552,LT831426,OTU417,323,23,323,428,1,291,93,226,3.32e-59,80.858,gi,MOA27930,gb,k__Fungi,p__Mucoromycota,c__Glomeromycetes,o__Glomerales,f__Glomeraceae,g__Glomus,s__VTX00085,OTU417.g__Glomus
553,LT831790,OTU601,314,23,314,428,1,289,93,198,7.01e-51,79.392,gi,MOA33311,gb,k__Fungi,p__Mucoromycota,c__Archaeosporomycetes,o__Archaeosporales,f__Archaeosporaceae,g__Archaeospora,s__VTX00450,OTU601.g__Archaeospora
554,LT831817,OTU119,313,23,313,428,1,291,93,538,3.63e-153,100,gi,MOA33338,gb,k__Fungi,p__Mucoromycota,c__Glomeromycetes,o__Glomerales,f__Glomeraceae,g__Glomus,s__VTX00105,OTU119.g__Glomus
555,LT831865,OTU88,328,192,328,428,157,289,58,167,2.07e-41,89.13,gi,MOA33386,gb,k__Fungi,p__Mucoromycota,c__Glomeromycetes,o__Glomerales,f__Glomeraceae,g__Glomus,s__VTX00186,OTU88.g__Glomus
556,LT831877,OTU121,311,23,311,428,1,291,93,237,1.47e-62,81.757,gi,MOA33398,gb,k__Fungi,p__Mucoromycota,c__Paraglomeromycetes,o__Paraglomerales,f__Paraglomeraceae,g__Paraglomus,s__VTX00238,OTU121.g__Paraglomus
557,LT831877,OTU233,312,23,312,428,1,291,93,226,3.19e-59,81.081,gi,MOA33398,gb,k__Fungi,p__Mucoromycota,c__Paraglomeromycetes,o__Paraglomerales,f__Paraglomeraceae,g__Paraglomus,s__VTX00238,OTU233.g__Paraglomus
558,LT831877,OTU678,311,23,311,428,1,291,93,226,3.18e-59,81.208,gi,MOA33398,gb,k__Fungi,p__Mucoromycota,c__Paraglomeromycetes,o__Paraglomerales,f__Paraglomeraceae,g__Paraglomus,s__VTX00238,OTU678.g__Paraglomus
559,LT831935,OTU48,313,23,313,428,1,291,93,516,1.7e-146,98.625,gi,MOA28049,gb,k__Fungi,p__Mucoromycota,c__Glomeromycetes,o__Diversisporales,f__Diversisporaceae,g__Diversispora,s__VTX00063,OTU48.g__Diversispora
560,LT832124,OTU202,313,23,313,428,1,291,93,327,8.54e-90,87.031,gi,MOA30097,gb,k__Fungi,p__Mucoromycota,c__Paraglomeromycetes,o__Paraglomerales,f__Paraglomeraceae,g__Paraglomus,s__VTX00238,OTU202.g__Paraglomus
561,LT832124,OTU334,311,23,311,428,1,291,93,326,3.05e-89,87.119,gi,MOA30097,gb,k__Fungi,p__Mucoromycota,c__Paraglomeromycetes,o__Paraglomerales,f__Paraglomeraceae,g__Paraglomus,s__VTX00238,OTU334.g__Paraglomus
562,LT832868,OTU648,326,192,326,307,157,287,56,158,1.24e-38,88.321,gi,MOA32718,gb,k__Fungi,p__Mucoromycota,c__Glomeromycetes,o__Glomerales,f__Glomeraceae,g__Glomus,s__VTX00064,OTU648.g__Glomus
563,LT832945,OTU405,313,23,313,372,1,287,93,324,1.11e-88,86.986,gi,MOA31153,gb,k__Fungi,p__Mucoromycota,c__Archaeosporomycetes,o__Archaeosporales,f__Archaeosporaceae,g__Archaeospora,s__VTX00009,OTU405.g__Archaeospora
564,LT833011,OTU277,322,190,322,428,159,291,56,180,2.61e-45,91.045,gi,MOA32487,gb,k__Fungi,p__Mucoromycota,c__Glomeromycetes,o__Glomerales,f__Glomeraceae,g__Glomus,s__VTX00108,OTU277.g__Glomus
565,LT833011,OTU676,322,176,322,428,145,291,46,183,2.02e-46,89.262,gi,MOA32487,gb,k__Fungi,p__Mucoromycota,c__Glomeromycetes,o__Glomerales,f__Glomeraceae,g__Glomus,s__VTX00108,OTU676.g__Glomus
566,LT833040,OTU5,319,23,319,428,1,297,93,549,1.71e-156,100,gi,MOA33251,gb,k__Fungi,p__Mucoromycota,c__Glomeromycetes,o__Glomerales,f__Claroideoglomeraceae,g__Claroideoglomus,s__VTX00193,OTU5.g__Claroideoglomus
567,LT833040,OTU523,339,1,288,428,288,1,85,532,1.84e-151,100,gi,MOA33251,gb,k__Fungi,p__Mucoromycota,c__Glomeromycetes,o__Glomerales,f__Claroideoglomeraceae,g__Claroideoglomus,s__VTX00193,OTU523.g__Claroideoglomus
568,LT833265,OTU164,307,177,307,428,159,291,60,183,1.92e-46,91.729,gi,MOA31912,gb,k__Fungi,p__Mucoromycota,c__Glomeromycetes,o__Glomerales,f__Glomeraceae,g__Glomus,s__VTX00403,OTU164.g__Glomus
569,LT833275,OTU388,311,23,311,428,1,288,93,283,1.86e-76,84.694,gi,MOA31954,gb,k__Fungi,p__Mucoromycota,c__Archaeosporomycetes,o__Archaeosporales,f__Archaeosporaceae,g__Archaeospora,s__VTX00009,OTU388.g__Archaeospora
570,LT833321,OTU324,301,23,301,428,1,291,93,172,4.06e-43,78.523,gi,MOA32000,gb,k__Fungi,p__Mucoromycota,c__Glomeromycetes,o__Glomerales,f__Glomeraceae,g__Glomus,s__VTX00366,OTU324.g__Glomus
571,LT833431,OTU234,312,23,312,428,1,291,93,303,1.43e-82,85.859,gi,MOA32263,gb,k__Fungi,p__Mucoromycota,c__Paraglomeromycetes,o__Paraglomerales,f__Paraglomeraceae,g__Paraglomus,s__VTX00435,OTU234.g__Paraglomus
572,LT833432,OTU504,310,23,310,428,1,291,93,202,5.35e-52,79.661,gi,MOA32264,gb,k__Fungi,p__Mucoromycota,c__Paraglomeromycetes,o__Paraglomerales,f__Paraglomeraceae,g__Paraglomus,s__VTX00435,OTU504.g__Paraglomus
573,LT833506,OTU400,313,163,313,299,143,293,63,180,2.53e-45,88.235,gi,MOA27498,gb,k__Fungi,p__Mucoromycota,c__Glomeromycetes,o__Glomerales,f__Glomeraceae,g__Glomus,s__VTX00087,OTU400.g__Glomus
574,LT833659,OTU102,315,182,315,428,159,290,58,130,2.6e-30,84.672,gi,MOA32386,gb,k__Fungi,p__Mucoromycota,c__Glomeromycetes,o__Glomerales,f__Glomeraceae,g__Glomus,s__VTX00398,OTU102.g__Glomus
575,LT833667,OTU525,336,1,284,346,282,1,85,484,5.17e-137,97.535,gi,MOA27212,gb,k__Fungi,p__Mucoromycota,c__Paraglomeromycetes,o__Paraglomerales,f__Paraglomeraceae,g__Paraglomus,s__VTX00446,OTU525.g__Paraglomus
576,LT833675,OTU323,347,209,347,428,156,287,40,150,2.22e-36,87.05,gi,MOA27220,gb,k__Fungi,p__Mucoromycota,c__Glomeromycetes,o__Diversisporales,f__Gigasporaceae,g__Scutellospora,s__VTX00041,OTU323.g__Scutellospora
577,LT833836,OTU349,313,182,313,364,157,288,57,139,4.3e-33,86.029,gi,MOA32206,gb,k__Fungi,p__Mucoromycota,c__Glomeromycetes,o__Glomerales,f__Glomeraceae,g__Glomus,s__VTX00103,OTU349.g__Glomus
578,LT833836,OTU711,314,182,314,364,157,288,57,128,9.33e-30,84.559,gi,MOA32206,gb,k__Fungi,p__Mucoromycota,c__Glomeromycetes,o__Glomerales,f__Glomeraceae,g__Glomus,s__VTX00103,OTU711.g__Glomus
579,LT834554,OTU123,305,174,305,428,158,290,60,145,8.98e-35,86.567,gi,MOA33049,gb,k__Fungi,p__Mucoromycota,c__Archaeosporomycetes,o__Archaeosporales,f__Archaeosporaceae,g__Archaeospora,s__VTX00338,OTU123.g__Archaeospora
580,LT834554,OTU542,307,176,307,428,158,290,61,145,9.04e-35,86.567,gi,MOA33049,gb,k__Fungi,p__Mucoromycota,c__Archaeosporomycetes,o__Archaeosporales,f__Archaeosporaceae,g__Archaeospora,s__VTX00338,OTU542.g__Archaeospora
581,LT834811,OTU22,312,23,312,428,1,290,93,536,1.3e-152,100,gi,MOA33105,gb,k__Fungi,p__Mucoromycota,c__Glomeromycetes,o__Glomerales,f__Glomeraceae,g__Glomus,s__VTX00165,OTU22.g__Glomus
582,LT834811,OTU392,329,1,277,428,277,1,84,507,1.08e-143,99.639,gi,MOA33105,gb,k__Fungi,p__Mucoromycota,c__Glomeromycetes,o__Glomerales,f__Glomeraceae,g__Glomus,s__VTX00165,OTU392.g__Glomus
583,LT835034,OTU455,320,23,320,365,1,290,93,200,1.99e-51,79.605,gi,MOA27184,gb,k__Fungi,p__Mucoromycota,c__Glomeromycetes,o__Glomerales,f__Glomeraceae,g__Glomus,s__VTX00154,OTU455.g__Glomus
584,LT835199,OTU91,318,23,318,428,1,298,93,161,9.33e-40,77.419,gi,MOA40786,gb,k__Fungi,p__Mucoromycota,c__Glomeromycetes,o__Glomerales,f__Claroideoglomeraceae,g__Claroideoglomus,s__VTX00057,OTU91.g__Claroideoglomus
585,LT835199,OTU322,298,156,298,428,149,298,65,182,6.67e-46,89.404,gi,MOA40786,gb,k__Fungi,p__Mucoromycota,c__Glomeromycetes,o__Glomerales,f__Claroideoglomeraceae,g__Claroideoglomus,s__VTX00057,OTU322.g__Claroideoglomus
586,LT835294,OTU291,323,29,74,428,7,52,14,75,1.27e-13,95.652,gi,MOA40881,gb,k__Fungi,p__Mucoromycota,c__Glomeromycetes,o__Diversisporales,f__Acaulosporaceae,g__Acaulospora,s__VTX00028,OTU291.g__Acaulospora
587,LT835394,OTU541,312,23,312,428,1,293,93,167,1.96e-41,77.961,gi,MOA40981,gb,k__Fungi,p__Mucoromycota,c__Archaeosporomycetes,o__Archaeosporales,f__Ambisporaceae,g__Ambispora,s__VTX00283,OTU541.g__Ambispora
588,LT835558,OTU29,312,23,312,428,1,290,93,536,1.3e-152,100,gi,MOA41145,gb,k__Fungi,p__Mucoromycota,c__Glomeromycetes,o__Glomerales,f__Glomeraceae,g__Glomus,s__VTX00209,OTU29.g__Glomus
589,LT835559,OTU679,298,23,298,391,1,290,93,196,2.38e-50,79.863,gi,MOA41146,gb,k__Fungi,p__Mucoromycota,c__Glomeromycetes,o__Glomerales,f__Glomeraceae,g__Glomus,s__VTX00214,OTU679.g__Glomus
590,LT835585,OTU269,312,23,312,428,1,292,93,305,3.99e-83,85.859,gi,MOA41172,gb,k__Fungi,p__Mucoromycota,c__Paraglomeromycetes,o__Paraglomerales,f__Paraglomeraceae,g__Paraglomus,s__VTX00349,OTU269.g__Paraglomus
591,LT835585,OTU500,312,23,312,428,1,292,93,294,8.63e-80,85.185,gi,MOA41172,gb,k__Fungi,p__Mucoromycota,c__Paraglomeromycetes,o__Paraglomerales,f__Paraglomeraceae,g__Paraglomus,s__VTX00349,OTU500.g__Paraglomus
592,LT835585,OTU564,311,23,311,428,1,292,93,331,6.56e-91,87.542,gi,MOA41172,gb,k__Fungi,p__Mucoromycota,c__Paraglomeromycetes,o__Paraglomerales,f__Paraglomeraceae,g__Paraglomus,s__VTX00349,OTU564.g__Paraglomus
593,LT835585,OTU655,304,23,304,428,1,292,93,182,6.82e-46,78.859,gi,MOA41172,gb,k__Fungi,p__Mucoromycota,c__Paraglomeromycetes,o__Paraglomerales,f__Paraglomeraceae,g__Paraglomus,s__VTX00349,OTU655.g__Paraglomus
594,LT835585,OTU742,299,23,299,428,1,292,93,215,6.6e-56,81.081,gi,MOA41172,gb,k__Fungi,p__Mucoromycota,c__Paraglomeromycetes,o__Paraglomerales,f__Paraglomeraceae,g__Paraglomus,s__VTX00349,OTU742.g__Paraglomus
595,LT835593,OTU8,313,23,313,428,1,290,93,525,2.82e-149,99.313,gi,MOA41180,gb,k__Fungi,p__Mucoromycota,c__Paraglomeromycetes,o__Paraglomerales,f__Paraglomeraceae,g__Paraglomus,s__VTX00375,OTU8.g__Paraglomus
596,LT835593,OTU446,333,1,282,428,281,1,85,508,3.04e-144,99.291,gi,MOA41180,gb,k__Fungi,p__Mucoromycota,c__Paraglomeromycetes,o__Paraglomerales,f__Paraglomeraceae,g__Paraglomus,s__VTX00375,OTU446.g__Paraglomus
597,LT835604,OTU534,314,23,314,428,1,290,93,178,9.14e-45,78.477,gi,MOA41191,gb,k__Fungi,p__Mucoromycota,c__Glomeromycetes,o__Glomerales,f__Glomeraceae,g__Glomus,s__VTX00419,OTU534.g__Glomus
598,LT835927,OTU562,307,23,307,428,1,289,93,165,6.94e-41,77.778,gi,MOA41514,gb,k__Fungi,p__Mucoromycota,c__Archaeosporomycetes,o__Archaeosporales,f__Archaeosporaceae,g__Archaeospora,s__VTX00338,OTU562.g__Archaeospora
599,LT836143,OTU703,313,23,313,428,1,291,93,532,1.69e-151,99.656,gi,MOA41730,gb,k__Fungi,p__Mucoromycota,c__Glomeromycetes,o__Glomerales,f__Glomeraceae,g__Glomus,s__VTX00409,OTU703.g__Glomus
600,LT836232,OTU304,316,23,316,428,1,290,93,224,1.16e-58,81,gi,MOA41819,gb,k__Fungi,p__Mucoromycota,c__Glomeromycetes,o__Glomerales,f__Glomeraceae,g__Glomus,s__VTX00222,OTU304.g__Glomus
601,LT836373,OTU12,313,23,313,428,1,291,93,538,3.63e-153,100,gi,MOA41960,gb,k__Fungi,p__Mucoromycota,c__Glomeromycetes,o__Glomerales,f__Glomeraceae,g__Glomus,s__VTX00419,OTU12.g__Glomus
602,LT836373,OTU332,333,1,282,428,282,1,85,521,3.9e-148,100,gi,MOA41960,gb,k__Fungi,p__Mucoromycota,c__Glomeromycetes,o__Glomerales,f__Glomeraceae,g__Glomus,s__VTX00419,OTU332.g__Glomus
603,LT836438,OTU1,314,23,314,428,1,292,93,540,1.01e-153,100,gi,MOA42025,gb,k__Fungi,p__Mucoromycota,c__Glomeromycetes,o__Glomerales,f__Glomeraceae,g__Glomus,s__VTX00067,OTU1.g__Glomus
604,LT836438,OTU451,334,1,282,428,282,1,84,521,3.92e-148,100,gi,MOA42025,gb,k__Fungi,p__Mucoromycota,c__Glomeromycetes,o__Glomerales,f__Glomeraceae,g__Glomus,s__VTX00067,OTU451.g__Glomus
605,LT836487,OTU376,320,23,320,428,1,290,93,189,4.31e-48,78.947,gi,MOA42074,gb,k__Fungi,p__Mucoromycota,c__Glomeromycetes,o__Glomerales,f__Glomeraceae,g__Glomus,s__VTX00371,OTU376.g__Glomus
606,LT836553,OTU626,313,23,313,428,1,291,93,217,1.93e-56,80.405,gi,MOA42140,gb,k__Fungi,p__Mucoromycota,c__Glomeromycetes,o__Glomerales,f__Glomeraceae,g__Glomus,s__VTX00359,OTU626.g__Glomus
607,LT836559,OTU23,320,187,320,428,163,300,57,119,5.73e-27,82.734,gi,MOA42146,gb,k__Fungi,p__Mucoromycota,c__Glomeromycetes,o__Glomerales,f__Glomeraceae,g__Glomus,s__VTX00373,OTU23.g__Glomus
608,LT836583,OTU339,315,23,315,428,1,292,93,318,5.18e-87,86.532,gi,MOA42170,gb,k__Fungi,p__Mucoromycota,c__Archaeosporomycetes,o__Archaeosporales,f__Archaeosporaceae,g__Archaeospora,s__VTX00051,OTU339.g__Archaeospora
609,LT836583,OTU666,323,180,323,428,149,292,60,200,2.01e-51,91.781,gi,MOA42170,gb,k__Fungi,p__Mucoromycota,c__Archaeosporomycetes,o__Archaeosporales,f__Archaeosporaceae,g__Archaeospora,s__VTX00051,OTU666.g__Archaeospora
610,LT836665,OTU256,320,23,320,428,1,292,93,180,2.59e-45,78.218,gi,MOA42252,gb,k__Fungi,p__Mucoromycota,c__Paraglomeromycetes,o__Paraglomerales,f__Paraglomeraceae,g__Paraglomus,s__VTX00375,OTU256.g__Paraglomus
611,LT836725,OTU33,329,193,329,428,161,294,55,150,2.09e-36,86.957,gi,MOA42312,gb,k__Fungi,p__Mucoromycota,c__Glomeromycetes,o__Glomerales,f__Glomeraceae,g__Glomus,s__VTX00063,OTU33.g__Glomus
612,LT836768,OTU127,308,23,308,428,1,289,93,154,1.51e-37,77.409,gi,MOA42355,gb,k__Fungi,p__Mucoromycota,c__Archaeosporomycetes,o__Archaeosporales,f__Archaeosporaceae,g__Archaeospora,s__VTX00338,OTU127.g__Archaeospora
613,LT836768,OTU154,308,177,308,428,158,289,58,150,1.95e-36,87.218,gi,MOA42355,gb,k__Fungi,p__Mucoromycota,c__Archaeosporomycetes,o__Archaeosporales,f__Archaeosporaceae,g__Archaeospora,s__VTX00338,OTU154.g__Archaeospora
614,LT836768,OTU172,306,23,306,428,1,289,93,158,1.16e-38,77.441,gi,MOA42355,gb,k__Fungi,p__Mucoromycota,c__Archaeosporomycetes,o__Archaeosporales,f__Archaeosporaceae,g__Archaeospora,s__VTX00338,OTU172.g__Archaeospora
615,LT836768,OTU288,307,176,307,428,158,289,61,145,9.04e-35,86.466,gi,MOA42355,gb,k__Fungi,p__Mucoromycota,c__Archaeosporomycetes,o__Archaeosporales,f__Archaeosporaceae,g__Archaeospora,s__VTX00338,OTU288.g__Archaeospora
616,LT836768,OTU353,306,23,306,428,1,289,93,147,2.51e-35,76.846,gi,MOA42355,gb,k__Fungi,p__Mucoromycota,c__Archaeosporomycetes,o__Archaeosporales,f__Archaeosporaceae,g__Archaeospora,s__VTX00338,OTU353.g__Archaeospora
617,LT836768,OTU361,308,177,308,428,158,289,59,145,9.07e-35,86.466,gi,MOA42355,gb,k__Fungi,p__Mucoromycota,c__Archaeosporomycetes,o__Archaeosporales,f__Archaeosporaceae,g__Archaeospora,s__VTX00338,OTU361.g__Archaeospora
618,LT836863,OTU35,320,23,320,428,1,296,93,527,8.04e-150,98.658,gi,MOA42450,gb,k__Fungi,p__Mucoromycota,c__Glomeromycetes,o__Glomerales,f__Claroideoglomeraceae,g__Claroideoglomus,s__VTX00278,OTU35.g__Claroideoglomus
619,LT836883,OTU30,320,23,320,428,1,298,93,551,4.77e-157,100,gi,MOA42470,gb,k__Fungi,p__Mucoromycota,c__Glomeromycetes,o__Glomerales,f__Claroideoglomeraceae,g__Claroideoglomus,s__VTX00057,OTU30.g__Claroideoglomus
620,LT836925,OTU92,315,23,315,428,1,293,93,531,6.11e-151,99.317,gi,MOA42512,gb,k__Fungi,p__Mucoromycota,c__Archaeosporomycetes,o__Archaeosporales,f__Archaeosporaceae,g__Archaeospora,s__VTX00245,OTU92.g__Archaeospora
621,LT836927,OTU51,328,23,328,428,1,294,93,278,9.18e-75,83.713,gi,MOA42514,gb,k__Fungi,p__Mucoromycota,c__Archaeosporomycetes,o__Archaeosporales,f__Ambisporaceae,g__Ambispora,s__VTX00283,OTU51.g__Ambispora
622,LT836927,OTU70,325,23,325,428,1,294,93,252,5.51e-67,82.353,gi,MOA42514,gb,k__Fungi,p__Mucoromycota,c__Archaeosporomycetes,o__Archaeosporales,f__Ambisporaceae,g__Ambispora,s__VTX00283,OTU70.g__Ambispora
623,LT836927,OTU131,331,23,331,428,1,294,93,235,5.66e-62,81.35,gi,MOA42514,gb,k__Fungi,p__Mucoromycota,c__Archaeosporomycetes,o__Archaeosporales,f__Ambisporaceae,g__Ambispora,s__VTX00283,OTU131.g__Ambispora
624,LT836927,OTU145,330,23,330,428,1,294,93,185,5.76e-47,78.457,gi,MOA42514,gb,k__Fungi,p__Mucoromycota,c__Archaeosporomycetes,o__Archaeosporales,f__Ambisporaceae,g__Ambispora,s__VTX00283,OTU145.g__Ambispora
625,LT836927,OTU691,333,23,333,428,1,294,93,248,7.31e-66,82.051,gi,MOA42514,gb,k__Fungi,p__Mucoromycota,c__Archaeosporomycetes,o__Archaeosporales,f__Ambisporaceae,g__Ambispora,s__VTX00283,OTU691.g__Ambispora
626,LT836932,OTU517,320,23,320,428,1,294,93,99,7.47e-21,73.179,gi,MOA42519,gb,k__Fungi,p__Mucoromycota,c__Paraglomeromycetes,o__Paraglomerales,f__Paraglomeraceae,g__Paraglomus,s__VTX00335,OTU517.g__Paraglomus
627,LT836939,OTU520,322,186,322,428,156,291,59,185,5.61e-47,91.367,gi,MOA42526,gb,k__Fungi,p__Mucoromycota,c__Glomeromycetes,o__Glomerales,f__Glomeraceae,g__Glomus,s__VTX00412,OTU520.g__Glomus
628,LT836946,OTU41,320,23,320,428,1,298,93,551,4.77e-157,100,gi,MOA42533,gb,k__Fungi,p__Mucoromycota,c__Glomeromycetes,o__Glomerales,f__Claroideoglomeraceae,g__Claroideoglomus,s__VTX00056,OTU41.g__Claroideoglomus
629,LT836957,OTU342,333,1,282,428,282,1,85,521,3.9e-148,100,gi,MOA42544,gb,k__Fungi,p__Mucoromycota,c__Glomeromycetes,o__Glomerales,f__Glomeraceae,g__Glomus,s__VTX00113,OTU342.g__Glomus
630,LT836974,OTU160,319,23,319,428,1,294,93,185,5.55e-47,78.689,gi,MOA42561,gb,k__Fungi,p__Mucoromycota,c__Paraglomeromycetes,o__Paraglomerales,f__Paraglomeraceae,g__Paraglomus,s__VTX00335,OTU160.g__Paraglomus
631,LT837059,OTU487,307,176,307,428,158,289,43,139,4.21e-33,85.821,gi,MOA42646,gb,k__Fungi,p__Mucoromycota,c__Archaeosporomycetes,o__Archaeosporales,f__Archaeosporaceae,g__Archaeospora,s__VTX00338,OTU487.g__Archaeospora
632,LT837138,OTU389,321,23,321,428,1,296,93,161,9.42e-40,77.273,gi,MOA42725,gb,k__Fungi,p__Mucoromycota,c__Glomeromycetes,o__Glomerales,f__Claroideoglomeraceae,g__Claroideoglomus,s__VTX00193,OTU389.g__Claroideoglomus
633,LT837148,OTU352,313,23,313,428,1,290,93,226,3.21e-59,81.081,gi,MOA42735,gb,k__Fungi,p__Mucoromycota,c__Glomeromycetes,o__Glomerales,f__Glomeraceae,g__Glomus,s__VTX00222,OTU352.g__Glomus
634,LT837148,OTU549,313,23,313,428,1,290,93,215,6.94e-56,80.537,gi,MOA42735,gb,k__Fungi,p__Mucoromycota,c__Glomeromycetes,o__Glomerales,f__Glomeraceae,g__Glomus,s__VTX00222,OTU549.g__Glomus
635,LT837148,OTU715,312,23,312,428,1,290,93,231,6.87e-61,81.544,gi,MOA42735,gb,k__Fungi,p__Mucoromycota,c__Glomeromycetes,o__Glomerales,f__Glomeraceae,g__Glomus,s__VTX00222,OTU715.g__Glomus
636,LT837150,OTU685,333,195,333,428,157,291,56,198,7.47e-51,92.806,gi,MOA42737,gb,k__Fungi,p__Mucoromycota,c__Paraglomeromycetes,o__Paraglomerales,f__Paraglomeraceae,g__Paraglomus,s__VTX00238,OTU685.g__Paraglomus
637,LT837173,OTU413,311,23,311,428,1,289,93,130,2.57e-30,75.908,gi,MOA42760,gb,k__Fungi,p__Mucoromycota,c__Glomeromycetes,o__Glomerales,f__Glomeraceae,g__Glomus,s__VTX00384,OTU413.g__Glomus
638,LT837179,OTU358,309,23,309,428,1,291,93,147,2.53e-35,76.431,gi,MOA42766,gb,k__Fungi,p__Mucoromycota,c__Glomeromycetes,o__Glomerales,f__Glomeraceae,g__Glomus,s__VTX00419,OTU358.g__Glomus
639,LT837179,OTU686,310,23,310,428,1,291,93,152,5.46e-37,76.768,gi,MOA42766,gb,k__Fungi,p__Mucoromycota,c__Glomeromycetes,o__Glomerales,f__Glomeraceae,g__Glomus,s__VTX00419,OTU686.g__Glomus
640,LT837211,OTU416,151,1,106,428,106,1,70,191,5.21e-49,99.057,gi,MOA42798,gb,k__Fungi,p__Mucoromycota,c__Glomeromycetes,o__Glomerales,f__Glomeraceae,g__Glomus,s__VTX00063,OTU416.g__Glomus
641,LT837248,OTU185,303,22,303,429,1,292,93,226,3.1e-59,81.544,gi,MOA42835,gb,k__Fungi,p__Mucoromycota,c__Paraglomeromycetes,o__Paraglomerales,f__Paraglomeraceae,g__Paraglomus,s__VTX00238,OTU185.g__Paraglomus
642,LT837276,OTU226,346,194,346,428,150,290,44,122,4.82e-28,82.353,gi,MOA42863,gb,k__Fungi,p__Mucoromycota,c__Glomeromycetes,o__Diversisporales,f__Gigasporaceae,g__Gigaspora,s__VTX00049,OTU226.g__Gigaspora
643,LT837324,OTU697,305,23,305,428,1,287,93,222,4.03e-58,81.356,gi,MOA42911,gb,k__Fungi,p__Mucoromycota,c__Archaeosporomycetes,o__Archaeosporales,f__Archaeosporaceae,g__Archaeospora,s__VTX00009,OTU697.g__Archaeospora
644,LT837394,OTU280,310,23,310,428,1,289,93,488,3.66e-138,97.232,gi,MOA42981,gb,k__Fungi,p__Mucoromycota,c__Glomeromycetes,o__Glomerales,f__Glomeraceae,g__Glomus,s__VTX00222,OTU280.g__Glomus
645,LT837421,OTU32,312,23,312,428,1,290,93,536,1.3e-152,100,gi,MOA43008,gb,k__Fungi,p__Mucoromycota,c__Glomeromycetes,o__Glomerales,f__Glomeraceae,g__Glomus,s__VTX00342,OTU32.g__Glomus
646,LT837425,OTU54,315,23,315,428,1,292,93,534,4.72e-152,99.659,gi,MOA43012,gb,k__Fungi,p__Mucoromycota,c__Glomeromycetes,o__Diversisporales,f__Diversisporaceae,g__Diversispora,s__VTX00354,OTU54.g__Diversispora
647,LT981707,OTU27,312,23,312,498,1,290,93,409,2.96e-114,92.069,gi,MOA36620,gb,k__Fungi,p__Mucoromycota,c__Paraglomeromycetes,o__Paraglomerales,f__Paraglomeraceae,g__Paraglomus,s__VTX00444,OTU27.g__Paraglomus
648,LT981707,OTU157,311,23,311,498,1,290,93,418,4.89e-117,92.759,gi,MOA36620,gb,k__Fungi,p__Mucoromycota,c__Paraglomeromycetes,o__Paraglomerales,f__Paraglomeraceae,g__Paraglomus,s__VTX00444,OTU157.g__Paraglomus
649,LT981707,OTU278,311,23,311,498,1,290,93,390,1.07e-108,91.034,gi,MOA36620,gb,k__Fungi,p__Mucoromycota,c__Paraglomeromycetes,o__Paraglomerales,f__Paraglomeraceae,g__Paraglomus,s__VTX00444,OTU278.g__Paraglomus
650,LT981707,OTU488,309,23,309,498,1,290,93,344,8.37e-95,88.276,gi,MOA36620,gb,k__Fungi,p__Mucoromycota,c__Paraglomeromycetes,o__Paraglomerales,f__Paraglomeraceae,g__Paraglomus,s__VTX00444,OTU488.g__Paraglomus
651,LT981707,OTU584,312,23,312,498,1,290,93,453,1.35e-127,94.828,gi,MOA36620,gb,k__Fungi,p__Mucoromycota,c__Paraglomeromycetes,o__Paraglomerales,f__Paraglomeraceae,g__Paraglomus,s__VTX00444,OTU584.g__Paraglomus
652,LT981707,OTU611,332,1,280,498,280,1,84,401,5.29e-112,92.5,gi,MOA36620,gb,k__Fungi,p__Mucoromycota,c__Paraglomeromycetes,o__Paraglomerales,f__Paraglomeraceae,g__Paraglomus,s__VTX00444,OTU611.g__Paraglomus
653,LT981707,OTU672,311,23,311,498,1,290,93,401,4.93e-112,91.753,gi,MOA36620,gb,k__Fungi,p__Mucoromycota,c__Paraglomeromycetes,o__Paraglomerales,f__Paraglomeraceae,g__Paraglomus,s__VTX00444,OTU672.g__Paraglomus
654,LT981778,OTU7,312,23,312,498,1,290,93,459,2.89e-129,95.172,gi,MOA36691,gb,k__Fungi,p__Mucoromycota,c__Paraglomeromycetes,o__Paraglomerales,f__Paraglomeraceae,g__Paraglomus,s__VTX00444,OTU7.g__Paraglomus
655,LT981778,OTU46,311,23,311,498,1,290,93,407,1.06e-113,92.069,gi,MOA36691,gb,k__Fungi,p__Mucoromycota,c__Paraglomeromycetes,o__Paraglomerales,f__Paraglomeraceae,g__Paraglomus,s__VTX00444,OTU46.g__Paraglomus
656,LT981778,OTU67,311,23,311,498,1,290,93,351,5.03e-97,88.621,gi,MOA36691,gb,k__Fungi,p__Mucoromycota,c__Paraglomeromycetes,o__Paraglomerales,f__Paraglomeraceae,g__Paraglomus,s__VTX00444,OTU67.g__Paraglomus
657,LT981778,OTU89,312,23,312,498,1,290,93,370,1.39e-102,89.691,gi,MOA36691,gb,k__Fungi,p__Mucoromycota,c__Paraglomeromycetes,o__Paraglomerales,f__Paraglomeraceae,g__Paraglomus,s__VTX00444,OTU89.g__Paraglomus
658,LT981778,OTU163,312,23,312,498,1,290,93,398,6.4e-111,91.379,gi,MOA36691,gb,k__Fungi,p__Mucoromycota,c__Paraglomeromycetes,o__Paraglomerales,f__Paraglomeraceae,g__Paraglomus,s__VTX00444,OTU163.g__Paraglomus
659,LT981778,OTU206,312,23,312,498,1,290,93,431,6.31e-121,93.448,gi,MOA36691,gb,k__Fungi,p__Mucoromycota,c__Paraglomeromycetes,o__Paraglomerales,f__Paraglomeraceae,g__Paraglomus,s__VTX00444,OTU206.g__Paraglomus
660,LT981778,OTU219,312,23,312,498,1,290,93,398,6.4e-111,91.379,gi,MOA36691,gb,k__Fungi,p__Mucoromycota,c__Paraglomeromycetes,o__Paraglomerales,f__Paraglomeraceae,g__Paraglomus,s__VTX00444,OTU219.g__Paraglomus
661,LT981778,OTU223,312,23,312,498,1,290,93,342,3.04e-94,87.973,gi,MOA36691,gb,k__Fungi,p__Mucoromycota,c__Paraglomeromycetes,o__Paraglomerales,f__Paraglomeraceae,g__Paraglomus,s__VTX00444,OTU223.g__Paraglomus
662,LT981778,OTU246,311,23,311,498,1,290,93,407,1.06e-113,92.069,gi,MOA36691,gb,k__Fungi,p__Mucoromycota,c__Paraglomeromycetes,o__Paraglomerales,f__Paraglomeraceae,g__Paraglomus,s__VTX00444,OTU246.g__Paraglomus
663,LT981778,OTU302,312,23,312,498,1,290,93,409,2.96e-114,92.069,gi,MOA36691,gb,k__Fungi,p__Mucoromycota,c__Paraglomeromycetes,o__Paraglomerales,f__Paraglomeraceae,g__Paraglomus,s__VTX00444,OTU302.g__Paraglomus
664,LT981778,OTU383,312,23,312,498,1,290,93,409,2.96e-114,92.096,gi,MOA36691,gb,k__Fungi,p__Mucoromycota,c__Paraglomeromycetes,o__Paraglomerales,f__Paraglomeraceae,g__Paraglomus,s__VTX00444,OTU383.g__Paraglomus
665,LT981778,OTU390,311,23,311,498,1,290,93,363,2.33e-100,89.31,gi,MOA36691,gb,k__Fungi,p__Mucoromycota,c__Paraglomeromycetes,o__Paraglomerales,f__Paraglomeraceae,g__Paraglomus,s__VTX00444,OTU390.g__Paraglomus
666,LT981778,OTU422,312,23,312,498,1,290,93,448,6.26e-126,94.483,gi,MOA36691,gb,k__Fungi,p__Mucoromycota,c__Paraglomeromycetes,o__Paraglomerales,f__Paraglomeraceae,g__Paraglomus,s__VTX00444,OTU422.g__Paraglomus
667,LT981778,OTU463,312,23,312,498,1,290,93,409,2.96e-114,92.069,gi,MOA36691,gb,k__Fungi,p__Mucoromycota,c__Paraglomeromycetes,o__Paraglomerales,f__Paraglomeraceae,g__Paraglomus,s__VTX00444,OTU463.g__Paraglomus
668,LT981778,OTU501,311,23,311,498,1,290,93,390,1.07e-108,91.034,gi,MOA36691,gb,k__Fungi,p__Mucoromycota,c__Paraglomeromycetes,o__Paraglomerales,f__Paraglomeraceae,g__Paraglomus,s__VTX00444,OTU501.g__Paraglomus
669,LT981778,OTU512,312,23,312,498,1,290,93,392,2.98e-109,91.034,gi,MOA36691,gb,k__Fungi,p__Mucoromycota,c__Paraglomeromycetes,o__Paraglomerales,f__Paraglomeraceae,g__Paraglomus,s__VTX00444,OTU512.g__Paraglomus
670,LT981778,OTU570,311,23,311,498,1,290,93,374,1.07e-103,90,gi,MOA36691,gb,k__Fungi,p__Mucoromycota,c__Paraglomeromycetes,o__Paraglomerales,f__Paraglomeraceae,g__Paraglomus,s__VTX00444,OTU570.g__Paraglomus
671,LT981778,OTU631,312,23,312,498,1,290,93,370,1.39e-102,89.655,gi,MOA36691,gb,k__Fungi,p__Mucoromycota,c__Paraglomeromycetes,o__Paraglomerales,f__Paraglomeraceae,g__Paraglomus,s__VTX00444,OTU631.g__Paraglomus
672,LT981778,OTU632,312,23,312,498,1,290,93,370,1.39e-102,89.691,gi,MOA36691,gb,k__Fungi,p__Mucoromycota,c__Paraglomeromycetes,o__Paraglomerales,f__Paraglomeraceae,g__Paraglomus,s__VTX00444,OTU632.g__Paraglomus
673,LT981778,OTU689,312,23,312,498,1,290,93,409,2.96e-114,92.069,gi,MOA36691,gb,k__Fungi,p__Mucoromycota,c__Paraglomeromycetes,o__Paraglomerales,f__Paraglomeraceae,g__Paraglomus,s__VTX00444,OTU689.g__Paraglomus
674,LT981778,OTU701,312,23,312,498,1,290,93,442,2.91e-124,94.138,gi,MOA36691,gb,k__Fungi,p__Mucoromycota,c__Paraglomeromycetes,o__Paraglomerales,f__Paraglomeraceae,g__Paraglomus,s__VTX00444,OTU701.g__Paraglomus
675,LT981778,OTU713,311,23,311,498,1,290,93,390,1.07e-108,91.065,gi,MOA36691,gb,k__Fungi,p__Mucoromycota,c__Paraglomeromycetes,o__Paraglomerales,f__Paraglomeraceae,g__Paraglomus,s__VTX00444,OTU713.g__Paraglomus
676,LT982077,OTU730,310,23,310,498,1,291,93,185,5.38e-47,78.788,gi,MOA36990,gb,k__Fungi,p__Mucoromycota,c__Glomeromycetes,o__Glomerales,f__Glomeraceae,g__Glomus,s__VTX00419,OTU730.g__Glomus
677,LT982169,OTU395,311,23,311,467,1,290,93,329,2.36e-90,87.241,gi,MOA37082,gb,k__Fungi,p__Mucoromycota,c__Paraglomeromycetes,o__Paraglomerales,f__Paraglomeraceae,g__Paraglomus,s__VTX00444,OTU395.g__Paraglomus
678,LT982169,OTU518,311,23,311,467,1,290,93,329,2.36e-90,87.285,gi,MOA37082,gb,k__Fungi,p__Mucoromycota,c__Paraglomeromycetes,o__Paraglomerales,f__Paraglomeraceae,g__Paraglomus,s__VTX00444,OTU518.g__Paraglomus
679,LT982555,OTU683,315,23,315,493,1,291,93,235,5.36e-62,81.544,gi,MOA37468,gb,k__Fungi,p__Mucoromycota,c__Glomeromycetes,o__Glomerales,f__Glomeraceae,g__Glomus,s__VTX00324,OTU683.g__Glomus
680,LT982562,OTU82,322,23,322,467,1,298,93,182,7.26e-46,78.387,gi,MOA37475,gb,k__Fungi,p__Mucoromycota,c__Glomeromycetes,o__Glomerales,f__Glomeraceae,g__Glomus,s__VTX00373,OTU82.g__Glomus
681,LT982562,OTU143,321,23,321,467,1,298,93,180,2.6e-45,78.317,gi,MOA37475,gb,k__Fungi,p__Mucoromycota,c__Glomeromycetes,o__Glomerales,f__Glomeraceae,g__Glomus,s__VTX00373,OTU143.g__Glomus
682,LT982562,OTU330,321,23,321,467,1,298,93,202,5.55e-52,79.677,gi,MOA37475,gb,k__Fungi,p__Mucoromycota,c__Glomeromycetes,o__Glomerales,f__Glomeraceae,g__Glomus,s__VTX00373,OTU330.g__Glomus
683,LT982750,OTU577,310,23,310,447,1,289,93,222,4.1e-58,81.017,gi,MOA37663,gb,k__Fungi,p__Mucoromycota,c__Glomeromycetes,o__Glomerales,f__Glomeraceae,g__Glomus,s__VTX00196,OTU577.g__Glomus
684,LT982880,OTU402,319,187,319,498,158,290,42,169,5.59e-42,89.552,gi,MOA37793,gb,k__Fungi,p__Mucoromycota,c__Glomeromycetes,o__Glomerales,f__Glomeraceae,g__Glomus,s__VTX00234,OTU402.g__Glomus
685,LT982983,OTU705,314,23,314,433,1,295,93,309,3.1e-84,86,gi,MOA37896,gb,k__Fungi,p__Mucoromycota,c__Archaeosporomycetes,o__Archaeosporales,f__Ambisporaceae,g__Ambispora,s__VTX00283,OTU705.g__Ambispora
686,LT983016,OTU627,312,23,312,483,1,290,93,392,2.98e-109,91.034,gi,MOA37929,gb,k__Fungi,p__Mucoromycota,c__Paraglomeromycetes,o__Paraglomerales,f__Paraglomeraceae,g__Paraglomus,s__VTX00444,OTU627.g__Paraglomus
687,LT983088,OTU255,312,23,312,498,1,290,93,508,2.83e-144,98.276,gi,MOA38001,gb,k__Fungi,p__Mucoromycota,c__Glomeromycetes,o__Glomerales,f__Glomeraceae,g__Glomus,s__VTX00222,OTU255.g__Glomus
688,LT983088,OTU566,312,23,312,498,1,290,93,508,2.83e-144,98.276,gi,MOA38001,gb,k__Fungi,p__Mucoromycota,c__Glomeromycetes,o__Glomerales,f__Glomeraceae,g__Glomus,s__VTX00222,OTU566.g__Glomus
689,LT983088,OTU681,332,1,281,498,281,1,85,492,3.05e-139,98.221,gi,MOA38001,gb,k__Fungi,p__Mucoromycota,c__Glomeromycetes,o__Glomerales,f__Glomeraceae,g__Glomus,s__VTX00222,OTU681.g__Glomus
690,LT983112,OTU410,312,18,312,294,1,294,95,178,9.07e-45,78.218,gi,MOA38025,gb,k__Fungi,p__Mucoromycota,c__Glomeromycetes,o__Glomerales,f__Glomeraceae,g__Glomus,s__VTX00439,OTU410.g__Glomus
691,LT983157,OTU254,312,23,312,386,1,291,93,254,1.47e-67,82.77,gi,MOA38070,gb,k__Fungi,p__Mucoromycota,c__Glomeromycetes,o__Glomerales,f__Glomeraceae,g__Glomus,s__VTX00143,OTU254.g__Glomus
692,LT983306,OTU311,312,23,312,498,1,290,93,436,1.36e-122,93.793,gi,MOA38219,gb,k__Fungi,p__Mucoromycota,c__Paraglomeromycetes,o__Paraglomerales,f__Paraglomeraceae,g__Paraglomus,s__VTX00444,OTU311.g__Paraglomus
693,LT983307,OTU387,312,23,312,498,1,290,93,387,1.38e-107,90.722,gi,MOA38220,gb,k__Fungi,p__Mucoromycota,c__Paraglomeromycetes,o__Paraglomerales,f__Paraglomeraceae,g__Paraglomus,s__VTX00444,OTU387.g__Paraglomus
694,LT983359,OTU427,312,23,312,498,1,290,93,281,6.72e-76,84.3,gi,MOA38272,gb,k__Fungi,p__Mucoromycota,c__Glomeromycetes,o__Glomerales,f__Glomeraceae,g__Glomus,s__VTX00222,OTU427.g__Glomus
695,LT983496,OTU110,325,190,325,444,156,291,58,191,1.22e-48,91.971,gi,MOA38409,gb,k__Fungi,p__Mucoromycota,c__Glomeromycetes,o__Glomerales,f__Glomeraceae,g__Glomus,s__VTX00137,OTU110.g__Glomus
696,LT983496,OTU221,323,191,323,444,159,291,57,191,1.21e-48,92.537,gi,MOA38409,gb,k__Fungi,p__Mucoromycota,c__Glomeromycetes,o__Glomerales,f__Glomeraceae,g__Glomus,s__VTX00137,OTU221.g__Glomus
697,LT983510,OTU310,314,23,314,350,1,290,93,278,8.76e-75,84.068,gi,MOA38423,gb,k__Fungi,p__Mucoromycota,c__Glomeromycetes,o__Glomerales,f__Glomeraceae,g__Glomus,s__VTX00156,OTU310.g__Glomus
698,LT983599,OTU61,326,194,326,474,157,289,41,158,1.24e-38,88.235,gi,MOA38512,gb,k__Fungi,p__Mucoromycota,c__Glomeromycetes,o__Glomerales,f__Glomeraceae,g__Glomus,s__VTX00187,OTU61.g__Glomus
699,LT983599,OTU65,320,188,320,474,157,289,42,158,1.21e-38,88.235,gi,MOA38512,gb,k__Fungi,p__Mucoromycota,c__Glomeromycetes,o__Glomerales,f__Glomeraceae,g__Glomus,s__VTX00187,OTU65.g__Glomus
700,LT983599,OTU78,330,197,330,474,157,289,41,152,5.84e-37,87.591,gi,MOA38512,gb,k__Fungi,p__Mucoromycota,c__Glomeromycetes,o__Glomerales,f__Glomeraceae,g__Glomus,s__VTX00187,OTU78.g__Glomus
701,LT983599,OTU105,363,225,363,474,157,289,38,152,6.47e-37,87.05,gi,MOA38512,gb,k__Fungi,p__Mucoromycota,c__Glomeromycetes,o__Glomerales,f__Glomeraceae,g__Glomus,s__VTX00187,OTU105.g__Glomus
702,LT983599,OTU147,360,223,360,474,157,289,38,156,4.96e-38,87.681,gi,MOA38512,gb,k__Fungi,p__Mucoromycota,c__Glomeromycetes,o__Glomerales,f__Glomeraceae,g__Glomus,s__VTX00187,OTU147.g__Glomus
703,LT983599,OTU183,333,199,333,474,157,289,41,148,7.63e-36,86.957,gi,MOA38512,gb,k__Fungi,p__Mucoromycota,c__Glomeromycetes,o__Glomerales,f__Glomeraceae,g__Glomus,s__VTX00187,OTU183.g__Glomus
704,LT983599,OTU207,359,221,359,474,157,289,39,152,6.39e-37,87.05,gi,MOA38512,gb,k__Fungi,p__Mucoromycota,c__Glomeromycetes,o__Glomerales,f__Glomeraceae,g__Glomus,s__VTX00187,OTU207.g__Glomus
705,LT983599,OTU211,322,187,322,474,154,289,58,191,1.21e-48,91.971,gi,MOA38512,gb,k__Fungi,p__Mucoromycota,c__Glomeromycetes,o__Glomerales,f__Glomeraceae,g__Glomus,s__VTX00187,OTU211.g__Glomus
706,LT983599,OTU235,338,205,338,474,157,289,40,152,5.99e-37,87.591,gi,MOA38512,gb,k__Fungi,p__Mucoromycota,c__Glomeromycetes,o__Glomerales,f__Glomeraceae,g__Glomus,s__VTX00187,OTU235.g__Glomus
707,LT983599,OTU267,328,195,328,474,157,289,41,152,5.8e-37,87.591,gi,MOA38512,gb,k__Fungi,p__Mucoromycota,c__Glomeromycetes,o__Glomerales,f__Glomeraceae,g__Glomus,s__VTX00187,OTU267.g__Glomus
708,LT983599,OTU289,394,256,394,474,157,289,35,152,7.06e-37,87.05,gi,MOA38512,gb,k__Fungi,p__Mucoromycota,c__Glomeromycetes,o__Glomerales,f__Glomeraceae,g__Glomus,s__VTX00187,OTU289.g__Glomus
709,LT983599,OTU372,401,263,401,474,157,289,35,152,7.19e-37,87.05,gi,MOA38512,gb,k__Fungi,p__Mucoromycota,c__Glomeromycetes,o__Glomerales,f__Glomeraceae,g__Glomus,s__VTX00187,OTU372.g__Glomus
710,LT983599,OTU573,322,187,322,474,154,289,58,191,1.21e-48,91.971,gi,MOA38512,gb,k__Fungi,p__Mucoromycota,c__Glomeromycetes,o__Glomerales,f__Glomeraceae,g__Glomus,s__VTX00187,OTU573.g__Glomus
711,LT983599,OTU579,326,192,326,474,157,289,41,143,3.47e-34,86.131,gi,MOA38512,gb,k__Fungi,p__Mucoromycota,c__Glomeromycetes,o__Glomerales,f__Glomeraceae,g__Glomus,s__VTX00187,OTU579.g__Glomus
712,LT983599,OTU586,337,204,337,474,157,289,40,158,1.28e-38,88.321,gi,MOA38512,gb,k__Fungi,p__Mucoromycota,c__Glomeromycetes,o__Glomerales,f__Glomeraceae,g__Glomus,s__VTX00187,OTU586.g__Glomus
713,LT983599,OTU591,334,201,334,474,157,289,40,158,1.27e-38,88.321,gi,MOA38512,gb,k__Fungi,p__Mucoromycota,c__Glomeromycetes,o__Glomerales,f__Glomeraceae,g__Glomus,s__VTX00187,OTU591.g__Glomus
714,LT983599,OTU653,320,179,320,474,148,289,44,196,2.57e-50,91.608,gi,MOA38512,gb,k__Fungi,p__Mucoromycota,c__Glomeromycetes,o__Glomerales,f__Glomeraceae,g__Glomus,s__VTX00187,OTU653.g__Glomus
715,LT983599,OTU680,322,187,322,474,154,289,42,191,1.21e-48,91.971,gi,MOA38512,gb,k__Fungi,p__Mucoromycota,c__Glomeromycetes,o__Glomerales,f__Glomeraceae,g__Glomus,s__VTX00187,OTU680.g__Glomus
716,LT983599,OTU694,330,196,330,474,157,289,41,154,1.62e-37,87.681,gi,MOA38512,gb,k__Fungi,p__Mucoromycota,c__Glomeromycetes,o__Glomerales,f__Glomeraceae,g__Glomus,s__VTX00187,OTU694.g__Glomus
717,LT983599,OTU735,318,183,318,474,154,289,59,196,2.56e-50,92.701,gi,MOA38512,gb,k__Fungi,p__Mucoromycota,c__Glomeromycetes,o__Glomerales,f__Glomeraceae,g__Glomus,s__VTX00187,OTU735.g__Glomus
718,LT983602,OTU26,312,23,312,498,1,290,93,536,1.3e-152,100,gi,MOA38515,gb,k__Fungi,p__Mucoromycota,c__Glomeromycetes,o__Glomerales,f__Glomeraceae,g__Glomus,s__VTX00222,OTU26.g__Glomus
719,LT983698,OTU15,311,23,311,456,1,290,93,346,2.34e-95,88.276,gi,MOA38611,gb,k__Fungi,p__Mucoromycota,c__Paraglomeromycetes,o__Paraglomerales,f__Paraglomeraceae,g__Paraglomus,s__VTX00444,OTU15.g__Paraglomus
720,LT983698,OTU321,312,23,312,456,1,290,93,520,1.31e-147,98.966,gi,MOA38611,gb,k__Fungi,p__Mucoromycota,c__Paraglomeromycetes,o__Paraglomerales,f__Paraglomeraceae,g__Paraglomus,s__VTX00444,OTU321.g__Paraglomus
721,LT983698,OTU495,331,1,280,456,281,1,85,340,1.17e-93,88.612,gi,MOA38611,gb,k__Fungi,p__Mucoromycota,c__Paraglomeromycetes,o__Paraglomerales,f__Paraglomeraceae,g__Paraglomus,s__VTX00444,OTU495.g__Paraglomus
722,LT983698,OTU658,312,23,312,456,1,290,93,403,1.37e-112,91.724,gi,MOA38611,gb,k__Fungi,p__Mucoromycota,c__Paraglomeromycetes,o__Paraglomerales,f__Paraglomeraceae,g__Paraglomus,s__VTX00444,OTU658.g__Paraglomus
723,LT983703,OTU505,318,23,318,496,1,298,93,211,9.13e-55,80,gi,MOA38616,gb,k__Fungi,p__Mucoromycota,c__Glomeromycetes,o__Glomerales,f__Claroideoglomeraceae,g__Claroideoglomus,s__VTX00057,OTU505.g__Claroideoglomus
724,LT983707,OTU436,323,191,323,446,159,291,55,196,2.6e-50,93.284,gi,MOA38620,gb,k__Fungi,p__Mucoromycota,c__Glomeromycetes,o__Glomerales,f__Glomeraceae,g__Glomus,s__VTX00077,OTU436.g__Glomus
725,LT983707,OTU554,323,23,323,446,1,291,93,198,7.23e-51,79.412,gi,MOA38620,gb,k__Fungi,p__Mucoromycota,c__Glomeromycetes,o__Glomerales,f__Glomeraceae,g__Glomus,s__VTX00077,OTU554.g__Glomus
726,LT983708,OTU708,313,23,313,498,1,291,93,505,3.68e-143,97.938,gi,MOA38621,gb,k__Fungi,p__Mucoromycota,c__Glomeromycetes,o__Glomerales,f__Glomeraceae,g__Glomus,s__VTX00077,OTU708.g__Glomus
727,LT983878,OTU155,312,23,312,483,1,290,93,470,1.34e-132,95.862,gi,MOA38791,gb,k__Fungi,p__Mucoromycota,c__Glomeromycetes,o__Glomerales,f__Glomeraceae,g__Glomus,s__VTX00130,OTU155.g__Glomus
728,LT984003,OTU39,320,23,320,498,1,297,93,128,9.52e-30,75.405,gi,MOA38916,gb,k__Fungi,p__Mucoromycota,c__Glomeromycetes,o__Glomerales,f__Claroideoglomeraceae,g__Claroideoglomus,s__VTX00193,OTU39.g__Claroideoglomus
729,LT984008,OTU543,328,1,277,448,277,1,84,512,2.31e-145,100,gi,MOA38921,gb,k__Fungi,p__Mucoromycota,c__Glomeromycetes,o__Glomerales,f__Glomeraceae,g__Glomus,s__VTX00222,OTU543.g__Glomus
730,LT984126,OTU326,312,23,312,481,1,290,93,470,1.34e-132,95.862,gi,MOA39039,gb,k__Fungi,p__Mucoromycota,c__Paraglomeromycetes,o__Paraglomerales,f__Paraglomeraceae,g__Paraglomus,s__VTX00444,OTU326.g__Paraglomus
731,LT984126,OTU398,312,23,312,481,1,290,93,497,6.13e-141,97.586,gi,MOA39039,gb,k__Fungi,p__Mucoromycota,c__Paraglomeromycetes,o__Paraglomerales,f__Paraglomeraceae,g__Paraglomus,s__VTX00444,OTU398.g__Paraglomus
732,LT984126,OTU695,314,23,314,481,1,290,93,399,1.79e-111,91.438,gi,MOA39039,gb,k__Fungi,p__Mucoromycota,c__Paraglomeromycetes,o__Paraglomerales,f__Paraglomeraceae,g__Paraglomus,s__VTX00444,OTU695.g__Paraglomus
733,LT984185,OTU228,313,23,313,488,1,291,93,538,3.63e-153,100,gi,MOA39098,gb,k__Fungi,p__Mucoromycota,c__Glomeromycetes,o__Glomerales,f__Glomeraceae,g__Glomus,s__VTX00214,OTU228.g__Glomus
734,LT984234,OTU20,312,23,312,464,1,290,93,375,3e-104,90.034,gi,MOA39147,gb,k__Fungi,p__Mucoromycota,c__Paraglomeromycetes,o__Paraglomerales,f__Paraglomeraceae,g__Paraglomus,s__VTX00444,OTU20.g__Paraglomus
735,LT984234,OTU49,312,23,312,464,1,290,93,381,6.44e-106,90.378,gi,MOA39147,gb,k__Fungi,p__Mucoromycota,c__Paraglomeromycetes,o__Paraglomerales,f__Paraglomeraceae,g__Paraglomus,s__VTX00444,OTU49.g__Paraglomus
736,LT984234,OTU69,311,23,311,464,1,290,93,346,2.34e-95,88.276,gi,MOA39147,gb,k__Fungi,p__Mucoromycota,c__Paraglomeromycetes,o__Paraglomerales,f__Paraglomeraceae,g__Paraglomus,s__VTX00444,OTU69.g__Paraglomus
737,LT984234,OTU238,312,23,312,464,1,290,93,420,1.37e-117,92.808,gi,MOA39147,gb,k__Fungi,p__Mucoromycota,c__Paraglomeromycetes,o__Paraglomerales,f__Paraglomeraceae,g__Paraglomus,s__VTX00444,OTU238.g__Paraglomus
738,LT984234,OTU262,311,23,311,464,1,290,93,346,2.34e-95,88.276,gi,MOA39147,gb,k__Fungi,p__Mucoromycota,c__Paraglomeromycetes,o__Paraglomerales,f__Paraglomeraceae,g__Paraglomus,s__VTX00444,OTU262.g__Paraglomus
739,LT984234,OTU657,311,23,311,464,1,290,93,351,5.03e-97,88.621,gi,MOA39147,gb,k__Fungi,p__Mucoromycota,c__Paraglomeromycetes,o__Paraglomerales,f__Paraglomeraceae,g__Paraglomus,s__VTX00444,OTU657.g__Paraglomus
740,LT984234,OTU662,311,23,311,464,1,290,93,385,4.96e-107,90.722,gi,MOA39147,gb,k__Fungi,p__Mucoromycota,c__Paraglomeromycetes,o__Paraglomerales,f__Paraglomeraceae,g__Paraglomus,s__VTX00444,OTU662.g__Paraglomus
741,LT984234,OTU682,332,1,281,464,281,1,85,370,1.49e-102,90.426,gi,MOA39147,gb,k__Fungi,p__Mucoromycota,c__Paraglomeromycetes,o__Paraglomerales,f__Paraglomeraceae,g__Paraglomus,s__VTX00444,OTU682.g__Paraglomus
742,LT984328,OTU677,328,1,277,498,277,1,84,440,1.11e-123,95.307,gi,MOA39241,gb,k__Fungi,p__Mucoromycota,c__Paraglomeromycetes,o__Paraglomerales,f__Paraglomeraceae,g__Paraglomus,s__VTX00444,OTU677.g__Paraglomus
743,U36591,OTU716,313,5,34,504,473,502,10,52.8,5.76e-07,96.667,gi,ESA02203,gb,k__Fungi,p__Mucoromycota,c__Glomeromycetes,o__Glomerales,f__Claroideoglomeraceae,g__Claroideoglomus,s__VTX00193,OTU716.g__Claroideoglomus
744,X86686,OTU702,352,203,352,500,147,294,43,165,8.04e-41,86.842,gi,ESA02115,gb,k__Fungi,p__Mucoromycota,c__Archaeosporomycetes,o__Archaeosporales,f__Geosiphonaceae,g__Geosiphon,s__VTX00241,OTU702.g__Geosiphon
745,Z14006,OTU128,312,11,312,509,2,300,97,128,9.27e-30,75.241,gi,ESA02209,gb,k__Fungi,p__Mucoromycota,c__Glomeromycetes,o__Diversisporales,f__Acaulosporaceae,g__Kuklospora,s__VTX00249,OTU128.g__Kuklospora
746,Z14006,OTU144,312,11,312,509,2,300,97,122,4.31e-28,74.92,gi,ESA02209,gb,k__Fungi,p__Mucoromycota,c__Glomeromycetes,o__Diversisporales,f__Acaulosporaceae,g__Kuklospora,s__VTX00249,OTU144.g__Kuklospora
747,Z14006,OTU203,315,11,315,509,2,300,97,121,1.57e-27,75,gi,ESA02209,gb,k__Fungi,p__Mucoromycota,c__Glomeromycetes,o__Diversisporales,f__Acaulosporaceae,g__Kuklospora,s__VTX00249,OTU203.g__Kuklospora
748,Z14006,OTU476,315,11,315,509,2,300,97,171,1.53e-42,77.346,gi,ESA02209,gb,k__Fungi,p__Mucoromycota,c__Glomeromycetes,o__Diversisporales,f__Acaulosporaceae,g__Kuklospora,s__VTX00249,OTU476.g__Kuklospora
