#OTU ID	CKB1	CKB2	CKB3	CKB4	CKB5	CKB6	CKB7	CKB8	CKJ1	CKJ10	CKJ2	CKJ3	CKJ4	CKJ5	CKJ6	CKJ7	CKJ8	CKJ9	CKU1	CKU2	CKU3	CKU4	CKU5	CKU6	CKU7	CKU8	CKY1	CKY2	CKY3	CKY4	CKY5	CLU1	CLU2	CLU3	CLU4	CLU5	DDH1	DDH2	DDH3	DDL2	DDL22	DDL3	DDL4	DDN1	DDN2	DDN3	DDN4	DDN5	GLH1	GLH2	GLH3	GLL2	GLL3	GLL4	GLN1	GLN2	GLN3	GLN4	GLN5	JPU1	JPU2	JPU3	JPU4	JPU5	MHU1	MHU2	MHU3	MHU4	MHU5	TGH1	TGH2	TGH3	TGL2	TGL3	TGL4	TJH1	TJH2	TJH3	TJL2	TJL3	TJL4	TJN1	TJN2	TJN3	TJN4	TJN5	YMH1	YMH2	YMH3	YML2	YML3	YML4	YMN1	YMN2	YMN3	YMN4	YMN5	YMU1	YMU2	YMU3	YMU4	YMU5
OTU1	4	43	50	21	11	78	1238	2087	9	29	111	434	0	119	40	10	10	7	1493	1	3339	1241	454	136	323	542	6612	14503	218	7119	10019	503	2923	2506	2277	301	14917	5258	514	0	12060	11294	36298	4389	6921	21515	11516	1425	1930	897	251	1912	4117	759	1274	10397	2999	1317	2073	2544	1889	600	4561	1235	2755	5567	5687	430	21608	21077	16503	5920	9937	952	11796	418	350	384	2763	6220	8307	9318	11195	4709	24780	1451	470	895	343	459	1518	3052	5378	1584	2115	1431	4515	2537	483	2310	1326	3541
OTU10	0	12	4	3	0	4	5	2	1	9	12	17	0	5	0	3	1	1	2	0	0	0	1	0	1	2	68	111	34	59	39	2	0	0	62	2	41	38	45	0	46707	77	69	62	84	42	39	58	74	89	20	61	54	63	96	87	116	102	134	4	1	2	6	0	4	2	2	0	7	39	36	59	89	44	63	57	44	37	42	39	75	79	46	97	46	66	80	391	388	47	58	38	92	113	118	106	137	0	0	0	4	0
OTU100	0	2	0	0	0	1	1	1	0	0	0	2	0	5	0	0	0	0	0	0	14	0	1	1	0	0	11	35	0	9	2	0	7	0	2	1	6	0	3	0	1050	0	96	12	29	5	5	4	3	2	0	1	1	1	4	4	3	3	5	0	1	9	14	0	2	1	0	1	4	1	0	3	5	5	1	2	0	2	2	1	4	4	1	32	27	1	1	3	0	4	70	4	5	10	1	12	7	0	8	4	11	73
OTU101	0	1	0	0	0	0	0	1	0	0	0	5	0	1	0	0	0	0	2	0	28	0	0	0	10	0	690	111	5	122	2	1	134	0	0	3	0	1	1	0	2	2	173	4	0	0	0	3	2	1	3	2	6	0	6	3	1	6	3	1	0	0	0	0	0	1	0	3	1	0	3	8	3	1	2	1	3	2	3	3	1	0	0	4	1	4	1	1	0	1	1	4	0	0	0	12	2	2	1	0	2	2
OTU102	0	0	2	0	0	1	0	4	1	0	0	4	0	2	0	0	0	0	8	0	0	3	0	4	0	0	2	8	0	6	11	0	0	0	4	0	12	29	19	0	1813	10	1	1	6	3	3	4	0	0	1	2	5	1	1	1	3	0	8	0	0	0	6	1	0	0	0	0	3	7	3	0	9	5	6	33	0	60	12	0	2	0	1	8	11	2	6	38	27	4	1	2	4	3	17	3	10	1	2	1	0	0
OTU103	0	1	0	0	0	0	0	3	0	0	0	1	0	0	0	0	0	0	3	0	0	0	0	0	0	0	0	1	0	2	0	0	0	0	0	0	3	0	3	0	0	1	0	4	0	0	1	0	1	3	0	7	0	2	8	1	2	0	716	1	0	0	0	0	0	0	3	0	196	0	1	6	0	5	3	3	4	1	0	0	0	0	0	0	3	1	0	3	0	1	0	2	79	4	161	1	2	48	0	35	0	0
OTU104	0	0	4	0	0	0	0	0	0	0	0	2	0	1	0	0	0	0	0	0	0	0	0	0	1	0	0	1	1157	1	0	0	0	0	0	0	3	0	2	0	2	0	1	0	10	0	0	0	1	4	0	5	0	5	3	7	84	12	6	0	0	0	0	0	0	0	14	0	4	3	0	0	3	2	0	0	1	2	6	2	1	6	1	4	2	1	3	3	1	4	1	2	5	5	0	9	4	0	0	1	0	0
OTU105	0	0	0	0	0	0	6	5	0	0	0	0	0	0	0	0	0	0	5	2	1	5	4	3	0	8	0	0	0	0	0	1	4	3	13	8	0	0	0	0	0	0	0	0	0	0	0	8	0	0	0	0	0	0	11	4	0	4	3	4	2	2	0	0	917	3	1	689	14	0	0	0	0	0	0	0	0	0	1	0	3	2	0	0	0	0	0	0	0	0	0	0	0	0	0	8	7	1	13	2	195	241
OTU106	0	21	0	0	0	0	0	0	0	0	0	0	0	0	0	0	0	0	5	0	1	0	0	0	1	0	1	9	0	7	3	0	0	0	6	1	3	2	0	0	3	2	0	3	2	3	17	1	0	7	0	4	2	0	6	2	2	3	4	4	112	1	3	0	35	2	8	5	92	0	0	2	4	1	0	1	0	0	0	0	0	0	665	13	4	1	5	3	4	2	0	0	1	3	1	1	2	0	48	0	2	204
OTU107	0	1	0	0	0	0	102	0	0	1	0	2	0	0	0	0	0	0	40	0	4	0	0	3	0	5	3	0	6	2	1	15	30	9	4	49	1	0	1	0	155	106	3	78	34	25	3	224	5	4	1	9	0	2	2	8	132	24	3	1	23	19	30	8	0	2	38	13	1	1	0	1	2	0	5	0	4	4	4	0	247	6	112	69	88	47	10	6	2	1	0	0	2	46	2	2	32	2	32	2	8	11
OTU108	0	1	0	0	0	2	0	0	0	0	0	1	0	0	0	0	0	0	0	0	0	0	0	0	0	0	2	15	2	4	1	0	0	3	10	0	5	2	0	0	3	2	2	3	0	16	1	3	2	2	0	3	4	0	1	1	317	5	9	0	0	2	0	1	1	0	19	0	3	91	278	1	0	2	0	1	207	2	2	2	0	1	2	28	1	3	143	286	263	1	1	1	2	2	10	12	8	0	2	0	2	0
OTU109	0	1	0	0	0	0	0	2	0	2	0	0	0	1	0	0	0	0	3	0	2	0	0	0	1	0	0	0	0	1	1	0	0	0	2	3	1	0	3	0	2	4	2	2	0	2	0	2	5	0	0	0	4	6	7	5	5	7	1	0	0	0	2	0	2	0	2	1	1	2	4	1	3	4	0	0	0	1	0	0	2	1	3	2	2	0	2	4	0	4	2	1	6	4	315	6	881	0	1	90	2	247
OTU11	0	20	13	24	3	19	32	88	24	18	20	63	1	48	4	0	0	4	38	0	23	30	30	20	44	23	83	118	70	99	92	31	156	28	102	353	96	63	103	0	197	126	91	74	420	85	73	2054	137	151	41	214	132	134	7416	9103	202	9468	13532	204	52	32	26	61	810	1996	94	1858	2360	99	63	124	148	139	124	109	97	69	91	96	104	575	129	102	95	133	92	136	64	119	102	74	6956	1120	10338	2097	1433	2083	1693	6197	481	391
OTU110	0	0	0	0	0	0	3	1	0	0	0	0	0	0	0	0	0	0	4	0	0	0	0	5	0	4	1	0	0	0	0	0	2	5	0	2	0	0	0	0	0	0	0	0	0	0	0	0	0	0	0	1	0	0	0	0	0	5	0	0	2	0	1	0	14	14	15	61	5	0	0	0	0	0	3	0	0	0	0	0	0	0	0	0	0	0	0	0	0	0	0	0	1	9	4	0	1	5	1091	4	2	10
OTU111	0	1	0	0	0	0	1	0	0	0	0	3	0	0	0	0	0	0	1	0	2	0	0	0	2	3	3	12	0	5	3	42	23	0	98	0	3	4	3	0	8	3	3	303	58	3	1094	3	8	7	0	7	3	18	6	9	5	64	103	1	26	0	0	3	1	1	0	33	28	4	0	2	1	3	5	1	1	1	4	5	2	7	53	3	8	6	0	5	2	0	0	1	5	5	3	2	4	0	3	1	0	0
OTU112	0	3	0	0	0	0	10	7	0	2	1	20	0	0	2	0	0	0	46	0	0	11	6	11	5	13	252	104	22	10	90	19	95	6	46	9	180	20	19	0	382	287	19	55	43	38	80	13	10	10	1	15	49	6	111	27	333	37	120	13	47	10	27	38	292	43	112	90	54	25	45	49	21	1	150	72	303	95	40	89	26	39	113	53	74	33	272	21	358	41	61	24	28	20	86	30	19	15	11	23	144	7
OTU113	0	17	0	0	0	0	1	25	0	1	0	1	0	0	3	0	0	0	0	0	0	2	0	0	0	2	11	2	0	0	3	0	0	0	2	0	2	1	3	0	13	1	5	4	4	0	2	1	7	3	0	9	1	3	32	3	5	5	9	0	0	0	0	0	16	2	18	3	6	51	0	4	3	1	4	797	2	0	1	0	2	2	3	0	5	1	3	2	0	0	6	1	6	3	1	9	4	0	3	0	0	0
OTU114	0	0	0	0	0	0	0	4	0	0	0	4	0	0	0	0	0	0	0	0	0	0	1	0	0	2	253	365	2	174	0	17	68	0	0	0	4	0	0	0	1	0	0	134	7	1	0	0	0	1	0	2	2	0	2	0	1	1	1	1	1	0	0	0	0	0	1	0	5	0	0	1	1	51	0	3	1	0	0	4	0	0	1	2	0	0	2	6	2	1	0	0	1	1	1	2	8	0	0	0	1	5
OTU115	0	6	1	0	5	4	183	29	0	1	3	15	0	4	2	0	3	2	13	0	6	68	6	4	42	4	22	23	15	15	11	12	22	11	26	12	22	18	23	0	30	23	19	30	18	23	3	18	1641	114	186	2203	799	106	24	47	37	46	69	20	11	14	15	16	11	17	247	102	189	20	20	24	25	2381	22	17	8	9	436	16	1254	20	30	24	17	14	17	27	7	17	217	494	1094	83	50	165	52	395	3059	18	69	23
OTU116	0	1	0	0	0	0	1	22	0	0	0	12	0	0	0	0	0	0	32	0	6	1	2	11	4	15	3	4	164	49	2	2	33	6	53	0	14	50	23	0	458	131	0	5	38	3	68	10	1	6	1	10	3	3	9	8	15	15	205	11	3	12	0	1	19	13	16	298	69	1	17	70	38	1	10	23	0	3	6	59	1	8	30	43	5	4	4	15	15	11	6	0	15	33	7	5	19	9	33	8	65	69
OTU117	0	0	0	0	0	0	6	1	0	0	0	0	0	0	0	0	0	0	0	0	0	0	0	0	0	0	2	1	2	4	0	0	5	0	0	1	2	2	3	0	907	3	0	3	8	4	1	0	3	0	5	9	4	5	1	6	6	11	2	0	1	0	0	0	0	0	0	0	0	0	1	0	3	0	1	54	4	212	2	3	23	2	11	2	1	5	4	5	0	16	0	5	1	6	4	5	3	0	1	0	1	0
OTU118	0	0	0	1	0	0	0	0	0	0	0	0	0	0	0	0	0	0	0	0	0	0	0	0	0	0	970	0	0	0	0	0	0	0	0	0	0	0	0	0	0	0	0	0	0	0	0	0	0	2	0	0	0	0	0	0	0	0	0	0	0	0	0	0	0	0	0	0	0	0	0	0	0	0	0	0	0	0	0	0	1	0	0	0	0	0	0	0	0	0	0	0	0	0	0	0	0	0	0	0	0	0
OTU119	0	0	0	0	0	0	1	1	0	0	0	0	0	0	0	0	0	0	1	0	0	0	1	0	2	2	0	0	0	2	0	0	6	0	5	0	0	0	0	0	0	0	0	0	0	0	0	0	0	0	0	0	0	0	16	0	0	0	0	2	0	0	0	0	943	4	2	11	3	0	0	0	0	1	0	0	0	0	0	0	0	1	0	0	0	0	1	0	0	0	0	0	3	0	0	0	0	3	0	6	2	0
OTU12	1	14	8	1	43	10	26	31	8	39	24	64	1	22	5	4	7	0	41	0	19	32	22	16	89	22	72	65	24	90	42	16	1445	22	48	501	95	40	64	0	134	89	60	35	6887	47	33	3626	84	173	864	142	87	76	158	144	133	142	153	15	28	25	9	2387	44	42	45	375	210	1820	58	54	68	1412	715	46	71	1445	620	49	66	78	76	63	72	10861	89	117	37	66	184	70	1256	1241	455	1420	6028	400	293	111	404	2083
OTU120	0	0	0	0	0	0	34	0	1	0	0	0	0	0	1	0	1	0	7	0	0	4	0	0	7	8	1	8	1	1	127	1	0	0	11	0	80	3	2	0	112	31	1	4	6	7	0	3	0	4	5	33	0	2	1	13	59	5	1	0	0	1	1	13	0	0	8	0	2	0	0	5	1	6	4	4	2	0	40	99	319	3	0	11	15	6	0	38	3	3	7	3	7	4	2	6	3	0	2	0	5	0
OTU121	0	0	0	0	0	1	0	0	0	0	0	2	0	0	0	0	0	0	0	0	0	0	0	0	0	0	2	2	5	10	3	1	0	2	13	0	6	2	0	0	9	4	3	3	2	2	1	2	3	7	2	10	2	9	3	1	9	10	11	0	0	0	0	0	0	7	2	0	0	0	162	5	2	8	0	0	1	3	10	0	7	2	1	2	2	5	1018	4	314	2	2	5	1	1	3	6	4	0	0	1	0	0
OTU122	0	0	0	0	0	0	2	2	0	0	0	0	0	1	0	0	0	0	0	0	0	0	2	0	0	0	1	6	0	1	4	0	0	1	1	0	0	2	0	0	626	5	0	2	5	10	0	4	5	13	0	3	11	0	9	6	7	1	5	5	0	0	0	0	3	3	8	4	0	0	0	0	0	1	2	0	0	0	0	0	3	0	3	0	0	0	0	4	0	2	4	1	4	5	4	2	3	1	158	0	0	0
OTU123	0	35	0	0	0	0	6	2	0	0	0	0	0	1	0	0	0	0	0	0	2	1	0	0	0	1	0	0	0	0	1	2	5	1	1	0	0	0	2	0	13	2	0	0	0	0	0	0	2	0	0	0	0	0	0	1	0	11	1	5	3	0	3	1	2	3	1	823	9	0	1	0	1	0	0	1	0	0	0	4	29	0	1	0	9	0	0	0	0	0	0	0	0	0	4	8	0	12	1	5	7	1
OTU124	0	2	0	0	0	3	2	1	0	0	0	3	0	0	0	1	0	0	0	0	3	0	0	0	0	1	9	3	1	1	0	60	0	0	0	0	7	0	2	0	4	8	1	744	1	0	0	0	2	6	0	2	5	5	4	146	6	141	9	0	1	0	0	70	1	58	1	72	2	0	7	3	1	4	1	3	1	3	3	6	9	2	3	2	4	277	5	2	0	1	0	4	0	11	6	7	5	1	0	0	2	0
OTU125	0	0	0	0	0	0	0	0	0	0	0	0	0	0	0	0	0	0	3	0	0	0	0	0	0	0	1	0	1	1	3	1	0	0	2	0	0	4	0	0	655	3	3	2	7	2	2	1	6	9	0	0	1	1	0	0	4	1	7	0	0	0	4	0	0	0	0	0	0	5	1	0	4	0	0	4	3	64	1	0	4	0	6	5	0	1	14	43	0	0	2	0	1	1	4	1	0	1	0	0	0	0
OTU126	0	0	0	0	0	0	0	3	0	0	0	0	0	0	0	0	0	0	6	0	3	4	0	0	1	0	0	0	0	0	0	2	0	0	0	1	0	0	0	0	0	0	0	0	0	0	0	0	0	0	0	0	0	0	0	0	0	0	0	1	3	1	1	3	0	2	4	3	3	0	0	0	0	0	0	0	0	0	0	0	0	0	0	0	0	0	0	0	0	0	0	0	0	13	0	0	0	2	822	0	1	0
OTU127	0	4	0	0	1	1	53	29	0	1	1	5	0	2	0	0	0	0	17	0	15	15	19	68	8	7	459	49	24	104	49	26	75	4	39	12	151	184	304	0	853	86	96	239	57	59	234	58	9	23	4	111	46	6	98	31	40	25	180	0	38	7	29	47	267	204	125	1202	93	162	133	33	48	10	22	101	15	18	33	10	317	11	102	54	98	130	107	33	39	41	8	17	22	55	52	57	30	10	17	20	30	105
OTU128	0	0	0	0	0	0	0	0	0	0	0	0	0	0	1	0	0	0	0	0	0	15	3	0	0	0	4	8	0	0	1	0	0	0	11	1	104	2	0	0	268	0	0	0	9	0	2	2	5	0	0	2	2	1	2	5	2	2	0	0	0	0	0	0	0	0	0	0	0	199	2	0	0	0	3	1	117	0	3	0	0	0	2	0	1	0	3	0	171	2	4	1	1	0	1	3	3	2	0	0	0	0
OTU129	0	1	0	1	0	0	0	1	0	0	0	0	0	0	2	0	0	0	0	0	0	0	0	0	0	0	0	2	0	2	0	0	0	0	0	0	0	2	0	0	1019	4	0	1	1	0	0	4	0	4	0	1	0	3	0	8	1	4	1	0	0	0	0	0	0	0	0	0	0	1	3	0	1	2	6	5	0	1	0	0	0	1	3	1	3	0	2	3	0	1	2	0	4	6	1	1	1	0	0	0	0	0
OTU13	0	65	31	37	4	26	245	574	15	19	29	221	2	71	13	13	12	2	561	0	34	156	38	34	69	260	176	195	101	1697	156	226	950	442	260	244	1593	165	186	1	621	5846	157	2509	3199	2668	1596	1389	819	205	162	430	306	580	6319	12243	2272	9467	2966	2472	194	319	25	62	934	2015	2419	1547	843	161	136	149	1972	2205	902	2827	2038	1506	152	3441	1252	17901	1246	2201	187	216	156	328	106	181	9012	582	4877	7949	1166	982	2137	1562	1212	234	253	412
OTU130	0	1	2	0	0	0	0	2	0	0	0	1	0	0	0	0	0	0	0	0	0	2	0	0	0	0	0	186	0	0	0	0	0	0	2	0	0	0	0	0	0	3	3	3	0	0	0	0	0	1	0	1	3	0	178	7	373	3	1	0	0	0	0	0	53	0	76	0	2	2	0	3	1	2	0	1	2	2	1	0	0	0	0	1	0	0	0	2	0	0	4	7	0	3	0	2	2	0	0	1	0	0
OTU131	0	0	0	0	0	0	4	2	0	0	0	5	0	2	0	0	0	0	1	0	0	1	1	0	0	1	0	0	0	1	2	13	0	97	3	0	2	1	0	0	1	2	0	142	1	356	0	1	2	2	0	0	4	0	3	3	43	2	2	46	0	0	1	2	0	0	6	0	0	0	0	1	0	0	2	0	1	1	4	4	1	114	4	0	0	1	3	8	0	4	0	4	4	3	7	4	2	0	0	0	3	0
OTU132	0	0	0	0	0	0	0	0	0	0	0	1	0	0	0	0	0	0	0	0	0	0	0	0	3	0	8	4	2	8	0	0	1	15	1	0	1	1	0	0	413	5	1	0	0	57	0	0	0	2	1	2	2	0	2	1	11	4	6	1	1	0	0	0	0	0	3	0	0	0	5	0	0	6	0	0	0	0	0	1	0	6	0	2	2	0	4	4	2	62	0	0	1	0	144	10	7	1	0	41	0	0
OTU133	0	0	0	0	0	0	0	6	0	0	0	3	0	0	0	0	0	0	0	0	0	2	0	0	0	0	0	11	14	9	0	10	16	2	1	1	14	1	2	0	173	9	3	42	54	21	1	5	0	6	0	15	3	3	9	7	14	4	3	8	6	0	0	2	4	38	95	6	6	1	380	0	13	2	4	29	12	52	7	4	0	14	56	2	0	1	4	7	4	56	0	0	0	7	13	7	8	0	2	10	0	3
OTU134	0	0	0	0	0	0	0	0	0	0	0	0	0	0	1	0	0	0	0	0	15	0	3	0	3	9	0	0	1	63	2	0	0	0	0	0	1	0	4	0	111	2	109	1	6	0	2	0	1	0	0	65	2	0	3	1	2	0	3	0	0	0	0	1	0	0	7	0	0	2	0	1	3	0	2	1	1	131	2	82	0	0	0	0	1	0	145	0	0	1	0	0	1	2	1	2	4	0	0	0	2	1
OTU135	0	0	0	0	0	0	0	0	0	0	0	0	0	0	0	0	0	0	1	0	0	2	0	0	0	0	0	0	0	0	0	2	2	0	5	0	0	0	0	0	0	0	0	0	0	0	0	0	0	0	0	0	0	1	14	0	7	0	0	0	0	1	2	1	491	8	382	1	8	0	0	0	0	0	0	0	0	0	0	0	0	0	0	0	0	0	0	0	0	0	0	0	0	0	0	0	0	3	1	2	4	2
OTU136	0	0	0	0	0	0	0	2	0	0	0	0	0	0	0	0	0	0	0	0	1716	0	0	0	0	0	0	0	0	0	0	0	0	0	0	0	0	0	0	0	0	0	28	0	0	0	0	0	0	0	0	0	0	0	0	0	0	0	0	0	0	0	0	0	0	0	0	0	0	0	0	0	0	0	0	0	0	0	0	0	0	0	0	0	0	0	0	0	0	0	0	0	0	0	0	0	0	7	0	0	0	0
OTU137	0	0	0	0	0	0	2	0	0	0	0	1	0	0	0	0	0	0	0	0	0	0	2	0	0	0	1	1	494	13	32	0	0	0	0	0	3	3	1	0	6	3	0	0	1	1	0	3	1	0	1	0	1	0	1	23	4	19	21	0	0	0	0	6	2	17	0	14	2	0	0	0	1	4	6	0	0	0	0	0	15	0	0	0	0	0	0	0	0	3	0	5	2	2	0	2	4	0	2	0	0	0
OTU138	0	0	0	1	0	0	0	1	0	0	0	1	0	0	0	0	0	0	0	0	0	0	0	0	0	0	4	0	0	2	0	55	1	0	1	1	4	1	0	0	5	0	0	514	4	0	3	0	3	1	1	3	2	0	30	7	1	2	4	0	0	0	0	0	5	2	2	0	0	0	0	2	0	2	3	0	7	3	3	0	0	1	5	1	2	3	1	3	4	1	5	0	3	3	1	2	5	0	0	0	0	0
OTU139	0	0	0	0	0	0	4	7	0	0	0	0	0	0	0	0	0	0	0	0	0	2	0	0	7	1	1	0	0	0	0	1	6	0	5	0	0	0	0	0	2	1	3	4	2	0	15	4	0	2	0	5	1	0	6	9	35	16	2	1	13	0	0	3	243	258	14	30	33	3	0	0	0	0	0	0	2	5	0	0	0	4	28	7	0	2	0	1	0	0	0	5	3	24	8	1	4	5	19	4	112	76
OTU14	0	9	17	0	16	14	141	424	26	63	16	90	0	21	3	1	8	0	156	0	61	137	28	33	259	43	71	102	50	1549	84	36	910	30	418	451	101	102	118	0	335	887	103	89	2891	89	83	2781	1430	118	56	3565	986	159	2246	1526	191	2920	4533	298	211	396	265	1121	311	4227	611	998	2772	119	91	1887	1533	426	123	80	82	95	2251	87	533	1031	762	3261	1087	3760	117	178	75	66	905	79	3183	3837	2981	2480	5062	1124	897	581	625	1407
OTU140	0	7	0	1	0	1	1	24	0	0	0	4	0	5	0	0	0	0	46	0	0	5	1	3	6	2	6	3	4	1	0	3	0	2	54	11	32	0	4	0	31	303	1	20	1	5	7	18	3	14	0	4	3	1	17	5	9	5	18	0	4	2	2	2	10	0	48	417	7	2	2	3	3	3	2	267	3	3	40	4	1	2	23	1	4	9	2	264	1	1	210	53	6	1	5	4	4	4	16	0	3	6
OTU141	0	2	0	0	0	0	23	1	0	0	0	1	0	0	0	0	0	0	2	0	0	1	0	0	0	0	1	0	0	16	49	3	3	0	10	4	1	0	2	0	11	1	1	0	14	3	86	17	0	0	0	1	1	1	81	9	2	29	35	2	2	52	0	38	26	0	0	21	11	0	1	2	2	1	1	0	3	0	2	1	111	4	5	306	2	58	6	5	7	0	8	2	3	4	2	4	2	0	0	0	0	0
OTU142	0	1	0	0	0	0	0	0	0	0	0	2	0	1	0	0	0	0	2	0	10	0	0	0	0	1	0	0	0	0	2	9	1	11	0	0	0	0	1	0	2	1	48	70	0	25	4	0	0	0	1	9	0	7	1	25	30	1	7	0	0	0	0	0	0	17	7	2	2	290	0	2	0	0	118	1	3	0	0	4	0	0	0	0	0	1	0	1	1	0	0	1	1	5	0	7	1	2	3	0	2	0
OTU143	0	0	0	0	0	2	4	8	0	0	0	0	0	0	0	0	0	0	0	0	0	0	5	2	0	0	11	7	3	2	0	17	1	11	4	0	3	46	5	0	116	5	4	180	7	43	5	4	10	1	1	20	10	2	4	8	14	7	7	0	0	1	4	2	3	2	52	29	13	24	9	0	5	2	3	283	74	20	0	5	6	3	5	4	35	0	2	11	1	1	6	1	10	1	22	7	4	13	4	7	2	6
OTU144	0	0	0	0	0	2	2	1	0	0	1	4	0	0	0	0	0	0	0	0	0	0	0	0	0	2	1	0	4	0	2	13	0	0	0	0	1	0	0	0	0	0	1	22	0	1	0	2	0	21	1	4	3	2	73	15	1	8	94	19	0	0	0	0	29	0	4	12	39	5	5	0	0	2	64	0	3	54	0	0	3	59	1	2	0	0	1	2	1	118	57	14	2	0	19	0	0	0	8	6	1	1
OTU145	0	0	0	0	0	0	7	2	0	0	8	12	0	0	0	1	0	0	37	0	19	0	0	0	0	0	1	5	7	5	6	0	0	0	5	2	8	10	1	0	174	74	22	1	6	5	4	9	5	10	3	7	8	8	9	16	13	6	11	0	1	0	1	1	0	1	2	8	2	24	1	8	20	7	7	13	7	0	7	0	16	7	13	2	3	3	65	6	6	4	12	9	15	14	15	12	8	0	2	4	4	1
OTU146	0	2	0	2	0	0	0	0	0	0	0	2	0	0	0	0	0	0	2	0	31	15	0	48	0	0	12	0	1	2	0	0	0	0	2	0	174	5	119	0	1	1	225	0	0	0	0	0	1	2	0	1	0	0	0	2	196	5	0	0	0	0	0	0	0	0	47	0	0	2	0	0	2	2	2	0	5	0	1	0	0	0	1	1	1	0	0	2	0	0	2	2	1	2	0	2	2	3	0	0	0	1
OTU147	0	0	0	0	0	0	0	0	4	0	1	1	0	0	0	0	0	0	1	0	0	0	0	0	2	0	0	1	1	0	0	0	0	3	1	0	0	0	1	0	702	33	0	0	2	10	0	0	0	3	0	0	1	0	20	8	3	2	2	0	0	0	0	0	1	0	0	4	2	0	0	0	4	1	41	0	0	0	0	3	0	2	5	4	6	0	1	2	1	0	1	0	2	1	4	1	6	0	0	1	0	0
OTU148	0	0	1	0	0	0	3	2	0	0	1	0	0	0	0	0	2	0	0	0	3	0	2	1	2	0	0	0	0	140	0	0	1	0	2	2	0	1	4	0	2	0	0	0	1	0	5	0	1	3	0	2	0	1	7	3	15	1	4	0	125	1	2	2	2	156	539	3	1	0	1	0	0	1	0	0	1	0	2	0	3	0	455	0	0	0	1	2	0	0	0	0	0	2	0	1	40	1	1	0	0	17
OTU149	0	2	0	0	0	4	0	18	1	0	0	3	0	3	1	0	2	0	0	0	9	5	0	0	1	0	6	7	632	3	2	0	1	0	2	0	114	4	8	0	170	7	44	6	7	5	5	0	10	8	0	19	50	10	4	13	112	12	11	5	0	13	2	1	0	3	18	5	2	5	284	7	5	2	10	426	1284	5	3	11	7	5	10	56	5	4	266	5	0	2	3	5	5	8	12	5	12	1	0	1	1	1
OTU15	0	33	16	2	6	8	5	112	2	7	24	67	1	6	1	0	0	0	850	0	16	16	6	47	7	4	270	57	24	822	168	259	94	40	342	603	62	39	217	0	363	9560	154	2521	154	225	3514	5080	70	130	24	81	69	64	164	122	155	366	1108	81	138	400	54	37	28	24	23	155	284	42	43	76	230	50	106	302	46	57	49	56	79	245	687	3834	210	68	88	405	27	188	37	117	139	799	1855	421	831	57	237	321	176	161
OTU150	0	1	0	0	0	1	10	0	0	0	0	0	0	0	0	0	0	0	0	0	1	0	0	1	0	0	0	0	0	5	2	3	1	0	2	0	4	1	6	0	627	1	8	32	2	0	1	0	1	5	0	3	3	9	4	7	0	1	4	0	1	0	0	0	1	0	0	0	1	0	2	0	3	0	3	7	0	5	6	3	56	0	5	0	3	0	0	29	1	9	1	2	4	2	2	0	3	0	0	2	1	3
OTU151	0	0	0	0	0	0	0	0	0	0	0	0	0	0	0	1	0	0	0	0	0	0	0	0	0	0	0	4	1	2	0	0	0	0	0	0	1	0	3	0	577	0	2	0	1	0	0	0	0	9	0	1	0	0	2	0	4	0	2	0	0	0	0	0	0	0	0	0	0	1	5	3	1	1	2	5	0	1	0	0	1	1	0	1	2	1	4	3	0	0	0	0	0	5	1	0	2	0	0	0	0	0
OTU152	0	0	0	0	0	0	0	0	0	1	0	1	0	0	0	0	0	0	0	0	0	0	0	0	0	0	0	1	0	1	0	0	0	0	0	0	1	0	3	0	666	0	3	0	0	0	0	0	3	0	0	2	3	6	2	0	0	0	1	0	0	0	0	0	0	0	0	0	0	0	0	0	3	3	0	6	1	0	2	0	2	3	1	2	1	0	3	6	0	5	2	0	1	1	2	1	6	0	0	0	0	0
OTU153	0	0	0	0	0	0	0	0	0	0	0	0	0	0	0	0	0	530	0	0	0	0	0	0	0	0	1	1	0	0	1	0	0	0	0	0	0	0	0	0	0	0	0	3	2	0	0	0	1	0	1	0	0	0	0	6	1	0	2	0	0	0	0	0	0	0	0	0	0	0	0	0	1	0	0	0	0	1	1	0	0	2	0	1	0	1	0	3	0	0	0	0	3	0	1	6	1	0	1	0	0	0
OTU154	0	0	0	0	0	0	0	0	0	0	0	0	0	0	527	0	0	0	0	0	0	0	0	0	0	0	0	0	0	0	0	0	0	0	0	0	1	0	3	0	0	2	0	0	1	0	0	0	0	1	0	8	3	1	1	2	4	3	0	0	0	0	0	0	0	0	0	0	0	3	0	0	3	0	2	0	2	0	0	1	0	9	1	0	1	0	1	2	1	0	0	0	2	0	0	2	0	0	0	0	2	0
OTU155	0	0	0	0	0	1	5	52	0	0	0	2	0	0	0	0	0	0	0	0	6	5	2	0	0	0	1	0	1	0	0	0	0	0	2	0	0	7	0	0	2	6	0	0	5	3	0	4	30	2	2	405	2	2	0	2	3	4	0	0	0	0	0	0	3	2	91	0	8	0	0	4	217	68	1	0	1	0	0	0	0	1	2	1	4	1	3	0	0	262	0	2	2	33	1	0	4	0	10	1	1	3
OTU156	0	0	0	0	0	3	0	0	0	0	0	1	0	0	0	0	0	0	0	0	0	31	0	0	0	0	0	0	0	0	1	0	0	0	0	0	503	0	6	0	5	0	5	1	1	0	0	1	0	2	0	0	0	2	2	2	0	0	0	0	3	0	0	0	0	0	0	0	0	0	0	1	2	1	1	0	0	0	2	0	0	2	0	0	2	1	0	0	1	0	2	1	6	5	6	1	4	5	3	0	0	0
OTU157	16	50	0	1	1	4	66	58	124	21	15	54	0	8	481	1	0	3	54	0	47	27	23	61	46	7	771	279	2433	180	542	40	120	35	246	19	81	294	421	0	2663	381	310	288	86	143	1207	58	52	82	62	132	45	43	185	115	246	167	258	770	52	31	66	74	1188	877	458	2964	552	655	250	154	99	95	357	699	2096	1378	246	47	279	3165	256	129	199	76	953	606	416	292	223	182	97	105	205	117	77	154	360	58	280	170
OTU158	0	0	0	0	0	0	0	4	0	0	0	0	0	0	0	0	0	0	0	0	0	0	4	0	0	0	0	0	0	0	0	1	2	3	0	0	0	0	0	0	0	0	0	0	0	0	0	0	0	0	0	0	0	0	0	0	0	0	0	0	0	0	6	0	8	1	0	0	1	0	0	0	0	0	0	0	0	0	0	0	0	0	0	0	0	0	0	0	0	0	0	0	0	0	0	11	1	1	0	3	527	3
OTU159	0	0	0	0	0	2	12	0	0	0	0	2	0	0	0	0	0	0	0	0	0	3	0	0	1	1	4	0	2	20	27	1	1	0	6	3	1	0	0	0	51	0	10	2	0	0	22	0	0	2	3	1	2	0	94	1	0	0	3	1	1	0	11	5	19	0	1	62	10	0	0	0	0	0	7	0	1	23	12	0	39	0	0	1	37	0	4	16	1	0	1	0	1	4	74	0	2	0	5	19	6	0
OTU16	0	32	7	8	3	22	37	113	4	15	14	153	7	42	6	14	5	2	77	5	71	281	676	57	61	42	131	261	97	1431	963	38	110	60	1509	44	2499	12551	214	0	295	150	170	116	234	149	138	136	5123	3813	95	385	7239	18449	403	401	299	320	517	88	65	47	43	185	1808	699	148	125	1824	133	162	187	190	256	726	177	123	2351	155	99	175	183	213	132	165	180	2488	24732	92	3306	2238	5682	299	377	1566	242	580	82	151	285	93	1698
OTU160	0	0	0	0	0	0	4	2	0	0	1	2	0	0	0	0	0	0	0	0	2	9	0	0	17	2	54	0	1	0	10	0	14	0	0	0	21	0	2	0	2	3	0	0	3	0	0	6	5	2	0	3	4	8	6	1	4	1	5	7	4	0	3	0	2	0	0	0	4	0	2	3	4	3	10	0	0	2	170	0	2	27	2	1	2	1	0	4	0	161	1	0	1	1	1	7	4	0	163	0	5	2
OTU161	0	0	0	3	0	1	9	2	0	0	0	4	0	0	0	0	0	0	0	0	3	0	0	1	1	0	34	54	3	0	17	0	16	10	12	0	2	1	2	0	7	5	0	1	3	58	49	2	0	1	0	4	0	3	10	14	323	9	10	11	11	3	2	6	1	12	106	1	4	0	3	5	1	0	0	1	0	1	0	3	17	30	22	8	8	5	3	0	0	1	23	0	27	23	5	29	1	16	6	2	14	0
OTU162	0	0	0	1	0	0	0	14	0	0	0	6	0	0	2	0	0	0	0	0	0	24	6	0	0	4	8	6	5	4	6	0	3	0	8	0	306	13	4	0	185	8	5	15	6	12	25	6	3	2	0	6	4	4	142	6	16	14	9	0	1	0	11	1	24	2	8	6	62	0	4	1	0	4	8	236	20	12	0	63	1	6	6	1	12	7	0	0	2	6	0	5	6	1	18	10	25	6	1	10	8	9
OTU163	0	0	0	0	0	0	0	6	0	0	0	4	0	0	1	0	0	0	2	0	1	7	2	1	0	0	0	1	0	0	64	2	0	2	0	1	112	13	2	0	0	0	0	0	3	1	0	0	1	0	0	2	2	0	1	4	5	5	5	2	0	3	0	6	1	2	243	20	1	2	2	0	0	0	0	278	1	0	0	2	0	3	4	12	1	2	1	5	4	0	1	0	0	3	9	0	6	0	0	0	4	1
OTU164	0	1	0	0	0	0	0	0	1	0	1	0	0	0	0	0	0	0	10	0	0	0	0	0	1	0	0	3	0	1	2	0	0	1	1	0	0	0	1	0	672	95	1	1	0	4	2	2	0	4	0	1	0	0	4	4	3	4	3	0	0	0	0	0	0	0	0	0	0	0	0	1	0	1	3	8	1	0	1	0	0	0	2	0	1	0	1	5	0	0	0	5	0	1	1	1	2	0	0	0	0	0
OTU165	0	0	0	0	0	0	0	2	0	0	0	0	0	0	0	0	0	0	2	0	2	0	0	2	0	0	1	0	3	2	1	0	0	0	9	0	0	9	10	0	307	12	0	0	2	1	30	9	2	0	0	6	0	0	3	0	1	3	0	0	0	0	0	0	0	0	0	0	2	0	19	0	6	0	92	11	0	4	2	0	1	4	1	0	4	1	1	0	1	7	2	0	0	1	0	4	8	0	5	0	1	0
OTU166	0	0	0	0	1	0	0	4	0	0	0	2	0	0	0	0	0	0	0	0	0	19	0	0	0	0	2	0	6	0	0	19	1	0	6	0	48	0	0	0	8	0	1	236	0	3	0	0	1	0	3	3	2	1	47	8	20	1	2	0	0	0	0	9	13	0	7	7	2	0	0	1	0	1	0	147	114	2	1	0	0	1	1	5	8	58	57	35	1	2	15	0	20	15	1	19	2	13	2	0	9	0
OTU167	0	0	0	0	0	0	1	15	0	0	0	1	0	0	7	0	0	0	0	0	0	0	0	2	0	45	5	4	526	4	1	0	0	0	0	0	6	7	6	0	11	7	0	4	2	2	5	4	7	2	1	14	48	2	56	6	9	9	22	0	3	1	4	0	11	0	1	6	0	151	387	2	9	4	4	456	756	6	4	594	7	11	4	3	4	3	3	6	4	3	4	2	4	6	15	23	7	0	0	2	11	3
OTU168	0	0	0	0	0	2	3	1	3	0	0	0	0	0	0	0	0	1	0	0	0	4	0	0	0	1	2	0	1	0	0	0	51	2	1	0	0	0	0	0	0	0	0	3	61	7	11	2	2	3	0	0	0	2	1	0	0	1	117	0	0	0	0	7	2	4	1	1	28	7	0	1	0	1	0	4	0	2	2	2	15	2	1	1	1	26	0	0	0	0	0	1	126	1	2	10	13	57	0	0	4	1
OTU169	0	0	0	0	0	0	0	0	0	0	0	0	0	0	0	0	0	3	2	0	0	0	0	0	0	0	0	2	0	0	0	0	0	0	2	0	0	3	2	0	609	20	0	4	4	0	23	0	0	0	0	0	0	1	4	4	0	2	2	0	0	28	0	0	0	0	0	0	0	0	0	1	1	0	0	1	0	1	0	4	1	1	0	111	0	0	2	16	0	0	0	0	0	0	1	2	0	0	0	0	0	0
OTU17	0	27	18	4	9	19	20	79	0	3	15	57	0	13	2	2	9	0	20	0	11	12	7	7	103	22	220	371	23	604	35	177	701	68	688	479	47	33	37	0	112	56	30	1113	1846	167	4829	2426	57	43	16	6630	96	199	424	212	96	696	933	493	466	224	553	132	207	120	979	344	355	32	41	953	208	218	28	49	26	19	616	57	30	1033	2100	886	1807	295	59	85	24	64	417	30	363	109	1523	625	265	192	53	402	239	73
OTU170	0	1	0	0	4	1	0	6	0	0	3	0	0	0	0	0	0	0	2	0	0	0	0	0	1	0	1	35	421	45	192	0	0	0	0	0	0	1	1	0	4	1	0	2	2	3	2	0	1	4	0	0	4	0	1	0	1	4	2	0	0	0	0	27	0	0	3	0	2	1	2	0	9	3	0	1	3	1	3	0	1	5	1	1	3	0	0	3	1	2	0	0	5	6	3	0	2	0	0	1	0	0
OTU171	0	4	0	0	1	0	0	1	0	0	1	3	0	0	0	0	0	0	0	0	0	0	0	0	0	6	5	1	0	0	0	2	0	0	8	0	0	0	0	0	0	4	1	0	0	0	0	1	1	1	0	4	6	1	43	12	2	10	20	2	0	0	1	0	22	7	0	14	12	94	178	35	6	15	47	0	14	1	0	5	3	5	0	0	0	2	8	11	6	4	9	3	4	8	3	3	1	16	3	16	1	2
OTU172	0	2	0	0	0	0	0	0	0	0	0	0	0	0	0	0	0	0	0	0	0	0	0	0	0	0	4	5	0	0	0	2	5	0	11	0	3	0	0	0	170	0	0	2	22	0	57	0	0	0	6	0	3	0	113	8	4	6	4	0	0	0	0	1	30	0	169	5	2	1	1	10	2	1	0	1	4	8	11	0	18	0	1	6	1	1	0	0	0	4	0	1	1	0	31	1	4	0	0	2	4	6
OTU173	0	4	0	0	0	0	0	4	0	0	0	0	0	0	0	0	0	0	5	0	0	0	0	0	0	0	0	0	0	1	0	0	0	0	0	0	0	0	0	0	417	2	4	0	0	1	0	0	0	3	0	2	0	0	0	2	1	0	7	0	0	0	0	0	0	0	0	0	0	0	0	0	0	0	0	10	0	2	1	0	0	2	0	0	0	3	2	1	1	0	1	0	3	1	0	2	7	0	0	0	0	0
OTU174	9	15	0	0	0	0	0	6	0	0	0	3	0	0	0	0	0	0	5	0	2	0	0	0	0	0	0	0	2	1	0	0	0	0	0	0	0	0	2	0	207	15	13	0	0	0	6	6	0	0	0	3	0	3	0	1	0	0	0	0	0	4	0	0	0	0	0	0	1	0	0	0	1	5	0	197	2	2	1	0	0	3	3	4	0	1	2	1	9	9	0	2	1	0	1	5	0	0	2	0	0	2
OTU175	0	0	0	0	0	0	3	0	0	0	0	2	0	1	0	0	0	0	3	0	2	1	0	2	0	0	55	3	0	4	1	0	8	0	2	1	5	0	2	0	612	6	2	2	17	4	11	7	6	6	0	17	2	4	2	3	5	2	10	0	0	0	0	0	0	0	5	0	2	1	0	4	1	4	0	8	3	47	1	1	5	1	5	4	10	2	3	1	2	5	0	2	1	1	0	2	2	0	3	3	0	0
OTU176	0	0	0	0	0	0	0	0	0	0	0	0	0	0	0	0	0	0	0	0	0	0	0	0	0	0	0	3	1	3	5	0	5	0	1	0	0	0	0	0	0	1	0	0	1	0	0	2	0	1	0	0	0	0	0	0	2	0	0	0	114	0	1	0	0	0	0	0	1	0	0	1	3	0	0	0	1	2	1	0	3	1	389	0	0	0	1	0	0	0	0	0	1	2	1	0	0	0	0	0	1	2
OTU177	0	0	0	0	0	0	0	0	0	0	0	2	0	0	0	0	0	0	1	0	0	0	0	0	2	0	0	483	0	2	0	0	0	0	0	2	0	0	0	0	6	1	0	2	1	0	0	1	0	1	5	1	3	2	0	1	0	0	1	2	0	1	8	0	0	1	0	2	6	1	0	0	0	0	0	0	6	0	0	0	4	1	0	0	9	1	0	5	0	0	0	0	0	2	0	1	1	0	1	3	0	0
OTU178	11	86	0	0	0	0	1	2	2	0	0	6	0	5	0	0	0	1	9	0	4	1	2	2	3	0	0	0	1	0	3	9	26	23	6	0	0	3	0	0	2	50	0	42	33	84	2	2	0	0	0	1	0	3	2	0	10	3	13	4	1	3	2	0	125	7	479	598	9	0	0	1	2	0	0	0	0	0	0	0	0	0	0	0	0	0	0	0	0	0	0	0	35	1	0	5	43	10	10	6	0	10
OTU179	0	0	0	0	0	0	0	0	0	0	0	1	0	0	0	0	0	0	0	0	0	0	0	0	0	0	1	0	0	0	0	0	2	0	0	0	0	0	0	0	2	0	0	4	2	0	0	1	1	1	0	2	1	0	3	3	1	2	1	0	33	0	68	0	0	0	1	1	0	0	0	3	3	0	0	0	0	1	3	0	0	3	134	1	230	0	1	0	2	0	1	3	4	1	0	3	0	0	0	0	0	0
OTU18	0	15	12	4	16	11	200	1806	9	16	8	72	0	26	1	1	6	3	333	1	334	200	170	197	230	345	76	90	28	92	50	132	453	333	3252	330	87	90	110	0	202	966	834	68	125	391	98	627	264	181	51	150	141	440	711	780	2169	635	434	504	211	322	265	2222	28537	28235	66229	28819	9486	148	101	10988	6944	86	618	90	70	70	202	2363	116	866	101	825	260	6000	97	7052	5516	828	62	521	8463	354	494	2495	1682	3101	459	4420	3210	1022
OTU180	0	0	0	0	0	0	0	0	2	0	0	0	0	0	0	0	0	0	0	0	0	0	44	0	0	0	2	0	0	0	0	0	0	0	0	0	0	411	2	0	0	2	0	0	1	0	0	0	0	0	0	4	1	2	6	0	1	0	4	0	0	0	0	0	0	0	0	0	0	0	0	0	0	0	2	0	0	1	2	0	0	0	0	0	0	0	1	0	0	0	0	0	7	3	7	1	5	0	0	1	0	0
OTU181	0	0	0	0	0	0	0	0	0	0	0	0	0	1	0	0	0	0	1	0	0	1	0	0	2	0	1	2	1	0	1	0	0	0	0	1	5	0	3	0	0	0	2	0	2	0	2	0	0	0	0	1	3	0	235	0	1	0	112	0	0	0	0	0	48	5	0	0	38	2	0	0	0	2	0	0	0	0	0	0	0	3	0	0	1	1	1	1	0	1	1	0	0	0	1	3	0	0	0	0	4	1
OTU182	0	0	0	0	0	0	0	0	0	0	0	0	0	0	0	0	0	0	0	0	0	5	0	0	0	0	465	0	0	0	0	0	0	0	0	1	0	0	0	0	0	2	0	0	0	0	0	0	0	1	0	0	0	1	0	0	0	0	0	0	0	0	0	0	0	0	0	0	0	1	0	0	0	0	0	0	0	0	0	0	0	0	0	0	0	0	0	0	0	0	0	0	0	0	0	0	0	0	0	0	0	0
OTU183	0	0	0	0	0	0	2	1	0	0	0	0	0	0	0	0	0	0	0	0	1	0	1	0	0	1	0	0	0	0	0	0	1	0	1	0	0	0	0	0	0	0	0	0	0	0	0	0	0	0	0	0	0	0	5	2	6	5	4	0	0	2	0	1	96	87	142	149	24	0	0	0	0	0	0	0	0	0	0	0	0	0	0	0	0	0	0	0	0	0	0	1	0	0	0	0	0	0	6	0	0	1
OTU184	0	0	0	0	0	0	1	10	0	0	0	1	0	0	0	0	0	0	4	0	6	0	1	0	1	1	2	6	4	5	0	0	4	1	6	2	2	2	0	0	155	3	8	6	3	8	3	6	3	1	0	6	2	1	16	18	0	9	7	21	2	2	1	4	133	407	131	44	18	0	0	1	10	0	0	0	2	0	1	5	1	45	8	0	0	9	3	2	0	1	0	0	12	2	159	8	17	38	175	57	25	25
OTU185	0	3	0	0	0	0	0	0	0	0	0	2	0	0	0	0	0	0	0	0	0	0	0	0	0	0	0	2	0	5	0	0	0	0	0	1	2	5	1	0	0	0	1	0	0	0	2	3	0	0	1	2	0	1	1	0	0	0	2	0	0	0	0	0	0	0	0	0	2	0	0	0	0	0	1	0	438	0	0	0	1	3	0	0	0	0	0	4	0	1	0	0	2	3	0	0	3	0	0	0	0	0
OTU186	0	0	0	0	0	0	0	0	0	0	0	2	0	0	0	0	0	0	0	0	1	0	1	33	0	0	5	0	0	0	1	0	0	0	0	0	1	0	94	0	179	0	2	0	2	1	0	0	2	0	0	2	0	0	0	5	0	1	1	0	0	0	0	0	0	0	1	0	3	0	340	4	0	4	0	0	1	3	1	1	0	0	1	3	0	2	2	0	2	0	0	0	5	0	0	3	2	2	0	0	0	0
OTU187	0	0	0	0	0	0	0	0	0	0	0	1	0	0	0	0	0	0	2	0	0	44	0	0	0	0	0	0	0	7	0	0	0	0	0	0	362	1	0	0	7	16	0	2	0	1	1	3	5	0	0	3	0	0	0	3	0	1	2	0	0	0	0	2	0	0	0	0	0	2	1	0	0	1	0	0	0	0	4	0	1	0	0	0	0	8	0	2	3	0	2	0	1	0	0	2	4	0	0	0	0	0
OTU188	0	0	0	0	0	0	0	0	0	0	0	0	0	0	0	0	0	0	0	0	0	0	0	0	0	1	0	0	0	0	0	0	0	0	1	1	0	0	0	0	0	0	0	0	0	0	0	0	0	0	0	0	0	0	0	0	8	0	0	0	0	0	1	0	0	0	522	1	3	0	0	0	0	0	0	0	0	0	0	0	0	0	0	0	0	0	0	0	0	0	0	0	0	0	0	0	0	0	2	0	2	0
OTU189	0	0	0	0	0	0	0	0	0	0	0	0	0	0	0	0	0	0	0	0	0	0	0	0	0	0	0	0	0	0	0	2	1	0	2	0	0	0	0	0	0	0	0	0	0	0	0	0	0	0	0	0	0	0	0	0	0	0	0	0	0	0	0	1	1	1	2	2	1	0	0	0	0	0	0	0	0	0	0	0	0	0	0	0	0	0	0	0	0	0	0	0	0	0	0	0	4	0	2	0	2	481
OTU19	0	0	0	0	0	0	45	84	0	0	0	0	0	0	0	0	0	0	42	0	43	41	29	40	47	44	0	1	0	0	2	27	110	35	127	35	0	1	0	0	0	0	0	2	0	0	0	0	1	1	0	0	0	0	188	0	0	131	2	48	51	53	43	71	16091	91	124	13192	106	0	3	0	0	0	1	1	0	1	0	0	0	0	0	0	1	0	0	0	0	0	1	1	0	37	1	5	0	117	3778	93	68	115
OTU190	0	3	0	0	0	0	0	0	0	0	0	1	0	0	0	0	0	0	0	0	2	0	1	0	0	0	0	10	0	0	0	0	5	2	0	0	0	0	0	0	1	2	4	0	0	7	0	0	0	0	0	0	0	0	0	9	0	0	0	4	2	0	0	2	25	363	12	3	92	0	0	0	0	0	0	0	0	0	0	0	7	0	2	0	0	1	0	0	0	0	0	0	0	0	0	17	0	4	3	4	3	0
OTU191	0	1	0	3	0	0	0	1	0	0	0	0	0	0	0	0	0	0	1	0	3	0	0	0	0	2	0	0	4	0	0	0	3	1	3	2	0	0	0	0	64	1	3	4	0	0	0	0	0	1	0	1	2	0	0	0	0	3	5	0	2	3	20	6	6	3	16	57	23	0	0	0	1	0	0	0	1	0	0	0	0	1	0	1	47	0	0	1	0	0	0	0	3	28	0	5	2	9	28	0	438	5
OTU192	0	0	0	0	0	0	1	7	0	1	0	0	0	0	0	0	0	0	18	0	21	1	0	0	0	0	0	0	0	0	0	0	0	0	2	0	30	0	0	0	26	123	89	0	2	2	0	3	1	0	0	0	5	0	0	1	1	0	2	0	0	1	0	0	0	0	8	0	0	1	0	0	0	0	1	96	0	0	0	0	9	2	5	3	0	0	1	0	0	0	2	0	2	2	3	0	1	2	0	0	0	0
OTU193	0	0	0	0	0	0	0	0	0	0	0	0	0	0	0	0	0	0	1	0	1	0	0	1	3	0	0	0	0	0	0	2	2	0	2	0	0	0	0	0	0	0	0	0	0	0	0	0	0	0	0	0	0	0	0	0	0	0	0	3	2	0	2	0	0	0	10	4	0	0	0	0	0	0	0	0	0	0	0	0	0	0	0	0	0	0	0	0	0	0	1	0	0	0	0	1	8	2	2	1	344	181
OTU194	0	53	0	0	0	2	1	1	0	0	1	2	0	0	0	1	0	0	5	0	4	6	1	1	0	0	8	6	5	4	80	7	3	17	46	9	33	18	11	0	198	64	7	49	5	92	6	7	3	6	0	5	2	13	57	15	87	18	36	3	9	24	16	7	85	0	12	31	29	19	117	124	3	4	7	96	57	50	13	1	13	11	37	153	89	20	76	123	58	3	9	9	19	119	54	32	19	11	263	10	12	25
OTU195	0	0	0	0	0	0	0	0	0	0	0	0	0	4	0	0	0	0	7	0	0	6	0	0	0	11	0	0	0	7	7	0	1	0	15	0	32	2	0	0	61	24	0	0	1	6	0	1	4	0	0	2	0	0	0	1	7	1	2	0	1	0	1	0	0	0	0	0	0	5	0	0	0	0	0	0	1	0	7	49	1	0	7	2	5	1	0	22	178	3	0	1	0	1	2	3	0	0	0	0	0	0
OTU196	0	0	2	0	0	0	0	4	0	0	0	3	0	0	0	0	0	0	38	0	0	0	1	1	0	0	0	0	0	2	1	0	3	0	2	1	1	0	1	0	0	246	2	0	0	2	1	0	0	0	1	0	0	1	3	1	1	10	0	0	0	0	0	0	0	0	1	0	3	0	0	0	4	0	0	0	1	4	0	0	0	1	0	0	0	0	0	1	0	0	0	97	1	0	0	0	2	0	0	0	0	2
OTU197	0	0	0	0	0	0	0	0	2	0	2	3	0	0	2	0	0	0	0	0	0	0	0	0	0	0	0	0	1	1	4	31	0	0	2	1	0	0	1	0	0	0	0	217	0	0	0	0	0	0	0	0	1	0	1	1	0	1	0	1	0	0	33	0	0	0	0	0	0	0	0	1	0	0	0	0	0	0	0	0	0	0	1	0	102	0	0	0	0	0	0	0	1	0	4	1	0	0	0	0	0	0
OTU198	0	0	0	0	0	0	34	0	0	0	0	0	0	0	0	0	0	0	1	0	0	5	0	2	0	0	2	19	1	1	0	0	0	0	0	0	46	1	7	0	89	1	1	0	0	0	1	0	0	0	0	2	0	8	1	12	2	61	64	0	0	0	0	3	0	1	3	23	17	5	5	2	0	0	4	3	0	2	0	1	169	4	3	0	0	7	0	41	161	2	0	1	7	1	2	9	4	0	84	0	1	7
OTU199	0	0	0	0	0	0	2	0	0	0	0	1	0	0	0	0	0	0	0	0	0	0	2	0	0	0	0	5	2	3	0	0	2	0	4	0	2	1	0	0	431	3	8	0	0	34	1	0	2	1	1	3	0	0	12	2	11	3	7	2	0	0	2	0	31	0	0	3	5	3	1	0	3	3	0	7	5	4	2	1	0	4	3	1	0	0	21	4	77	34	2	2	0	3	4	2	0	0	1	1	0	1
OTU2	0	26	2	14	3	35	30	820	22	43	24	219	2	58	50	5	11	2	196	0	37	127	19	30	344	140	3730	237	114	644	5013	186	1056	1337	1412	56	174	204	207	0	736	1377	216	1375	1582	12118	1278	200	3464	242	116	4618	1964	286	529	840	2272	743	660	304	311	25	45	435	289	466	1715	349	321	13805	12279	4419	1893	1060	4323	13545	4167	150	5553	1587	219	1072	1245	173	215	223	24404	3107	7474	189	1436	2792	479	564	442	583	4804	65	152	87	189	1228
OTU20	0	12	3	2	7	2	10	78	2	13	13	61	0	8	15	1	1	0	86	0	7	14	12	95	25	20	43	67	29	48	38	246	80	29	48	375	49	34	448	0	1787	348	38	2585	175	95	41	3149	36	56	14	83	88	39	82	93	54	133	112	68	341	122	512	213	343	521	596	544	686	272	36	41	37	44	36	914	41	395	125	65	27	158	1811	785	3083	677	51	89	30	2718	47	115	117	920	91	390	1600	58	586	28	1033	456
OTU200	0	0	0	0	0	0	0	0	0	0	0	0	0	0	0	0	0	0	0	0	0	0	0	0	0	0	0	1	0	1	0	0	0	0	0	0	0	0	1	0	385	0	0	0	0	3	0	0	0	0	1	2	0	0	3	7	1	2	5	0	0	0	0	0	0	0	0	0	0	0	1	0	0	1	0	1	0	0	0	0	0	1	2	2	0	5	0	1	0	1	1	0	0	0	1	3	0	0	0	0	0	0
OTU201	0	0	0	0	0	0	15	0	0	0	0	3	0	0	0	0	0	0	2	0	0	0	1	0	0	0	3	0	0	3	2	0	0	0	4	0	4	0	0	0	124	1	3	0	0	0	17	7	4	14	1	38	0	17	0	0	0	1	1	0	2	0	0	4	2	0	10	0	0	2	2	0	1	0	1	0	1	0	0	0	91	1	14	0	0	2	2	4	1	0	1	0	0	2	3	2	0	0	1	0	0	0
OTU202	0	1	0	0	0	0	0	0	0	0	4	3	0	0	0	0	0	0	0	0	0	1	0	0	2	0	1	0	0	0	1	0	0	1	0	39	0	0	0	0	3	0	0	1	0	0	0	273	0	2	1	1	0	0	0	90	2	1	2	0	0	0	0	0	0	18	0	2	0	0	0	1	1	0	0	0	1	0	0	0	0	0	1	0	1	1	3	0	0	0	1	0	0	1	1	0	0	0	0	0	1	0
OTU203	0	0	0	0	0	0	6	5	0	0	0	1	0	2	0	0	0	0	1	0	27	0	0	0	0	1	4	2	27	32	31	0	55	19	0	1	0	3	0	0	3	0	146	3	65	62	1	0	1	0	0	2	0	1	0	3	0	0	0	0	0	5	4	21	4	156	28	5	2	1	72	1	0	1	4	0	2	2	2	3	0	0	2	45	1	2	0	1	0	22	0	1	0	0	71	0	0	0	2	21	0	4
OTU204	0	0	0	0	0	0	0	0	0	0	0	0	0	0	0	0	0	0	0	0	0	0	0	0	0	0	340	0	0	0	0	0	0	0	0	0	1	0	0	0	0	0	0	0	0	0	0	1	0	0	0	0	0	0	0	0	0	0	0	0	0	0	0	0	0	0	0	0	0	0	0	0	0	0	0	0	0	0	0	0	2	0	0	0	0	0	0	0	0	0	0	0	0	0	0	0	0	0	0	0	0	0
OTU205	0	0	0	0	0	0	0	0	0	0	0	0	0	0	0	0	0	0	37	0	0	0	0	0	0	0	1	10	0	58	0	0	0	1	0	0	4	0	0	0	14	133	1	2	0	0	11	5	0	0	0	0	3	0	4	2	2	2	5	0	0	0	10	0	0	0	0	0	0	0	1	0	2	3	2	0	0	0	1	0	0	0	0	0	16	0	0	3	1	0	0	0	1	1	74	2	0	0	1	10	2	0
OTU206	0	0	0	0	0	0	0	2	0	0	0	0	0	0	0	0	0	0	4	0	0	1	0	0	1	2	0	0	0	0	0	0	3	0	1	0	0	0	0	0	0	0	0	0	0	0	0	0	0	0	1	0	0	0	0	6	0	0	0	1	0	1	1	0	3	111	3	2	18	0	0	0	1	0	0	0	0	0	0	0	0	0	0	0	0	0	0	0	0	2	0	0	0	2	0	0	1	3	203	1	6	79
OTU207	0	0	0	0	0	0	0	1	0	0	0	0	0	0	0	0	0	0	1	0	0	0	0	0	0	0	0	0	0	0	0	7	2	4	3	3	0	0	0	0	0	0	0	18	0	0	0	0	0	0	0	0	0	0	29	1	0	4	0	1	0	1	1	2	19	3	2	524	0	0	0	0	0	0	0	0	0	0	0	0	0	0	0	0	0	0	0	1	0	0	0	0	0	0	0	0	0	2	2	2	1	0
OTU208	0	0	0	0	0	0	0	0	0	0	0	0	0	0	0	0	0	0	0	0	0	3	0	0	0	0	0	1	0	3	0	0	2	0	0	0	56	3	0	0	0	0	1	1	0	0	4	0	0	0	0	0	0	1	0	0	4	2	1	0	0	0	0	0	2	0	0	1	1	68	1	2	1	0	11	0	158	0	2	0	2	1	0	0	0	0	0	2	0	0	0	0	2	0	0	0	0	0	0	0	0	0
OTU209	0	0	2	0	1	0	0	1	0	0	0	0	0	0	0	0	0	0	0	0	0	1	0	0	0	0	1	3	0	75	0	0	2	0	7	2	0	1	0	0	133	1	0	2	0	5	63	6	0	2	0	18	7	4	1	3	6	2	25	0	6	0	17	38	0	0	7	0	10	0	0	0	0	1	0	66	0	1	0	0	0	0	23	11	37	58	0	0	0	1	0	2	0	22	3	4	8	0	10	0	1	0
OTU21	0	6	12	0	3	3	47	117	0	0	3	33	2	13	0	0	0	0	131	0	14	43	35	74	65	3	715	338	1548	88	306	58	251	20	410	78	306	83	292	0	2673	877	29	411	555	85	775	303	48	55	12	436	129	47	314	156	577	147	283	60	89	54	30	73	390	433	1010	1353	384	524	237	432	222	94	287	1114	506	72	478	58	162	114	382	294	121	92	133	248	4869	162	118	67	97	130	190	188	87	32	466	72	505	123
OTU210	0	0	0	0	0	2	0	15	0	0	2	1	0	2	0	0	0	0	7	0	0	0	7	0	0	12	1	12	6	6	4	2	0	2	5	1	7	51	3	0	206	11	6	0	0	1	2	2	1	1	3	10	0	0	10	7	138	7	8	1	3	47	4	2	5	2	44	109	1	4	0	5	12	0	0	2	14	1	3	81	1	3	2	112	11	2	0	0	2	0	5	7	2	4	15	3	1	1	0	5	16	14
OTU211	0	0	0	0	0	0	18	0	0	0	0	0	0	1	0	0	0	0	4	0	1	11	0	8	0	0	41	10	39	4	0	30	23	0	12	6	20	3	16	0	55	2	2	123	8	0	7	15	1	0	0	35	3	0	17	5	2	2	1	0	1	0	0	0	5	0	12	8	2	2	6	1	0	1	0	0	0	14	0	4	43	0	2	0	2	1	40	13	2	3	0	1	10	0	2	12	3	13	6	2	3	9
OTU212	0	0	0	0	0	0	0	0	0	0	0	0	0	0	0	0	0	0	0	0	3	0	0	0	0	1	0	0	0	0	1	0	0	0	0	0	0	0	1	0	1	2	0	0	0	0	0	0	2	4	0	0	0	0	1	0	0	219	0	0	0	0	0	1	0	0	0	118	0	0	0	0	0	0	0	0	0	1	1	0	0	3	6	1	0	0	0	0	0	0	0	0	0	0	0	1	0	0	5	0	2	0
OTU213	0	0	0	0	0	0	0	0	0	0	0	0	0	0	0	0	0	0	0	0	0	22	0	0	0	0	0	0	0	0	0	0	0	0	0	0	262	0	0	0	3	0	0	0	0	0	0	0	0	0	0	0	2	0	0	0	1	0	1	0	0	0	0	0	0	0	0	0	0	0	0	0	0	1	0	0	0	0	0	0	0	0	0	3	0	0	1	1	0	0	2	0	1	0	0	1	1	0	0	0	0	0
OTU214	0	0	0	0	0	0	0	0	0	0	0	0	0	0	0	0	0	0	0	0	0	0	0	1	0	0	0	0	0	0	0	0	0	3	2	0	0	0	0	0	0	0	0	0	0	0	0	0	0	0	0	0	0	0	0	0	0	0	0	2	0	0	0	1	0	2	102	2	1	0	0	0	0	0	0	0	0	0	0	0	0	0	0	0	0	0	0	0	0	0	0	0	0	0	0	0	2	0	0	0	0	191
OTU215	0	0	0	0	0	0	9	0	0	0	0	1	0	0	0	0	0	0	0	0	0	0	0	0	1	0	0	0	0	0	0	0	0	1	0	1	0	0	0	0	196	0	0	0	2	0	0	1	1	0	0	6	1	2	0	4	0	1	4	0	0	0	2	0	4	7	5	0	2	0	0	0	1	0	2	0	0	1	11	2	41	0	0	0	1	2	0	0	0	0	4	0	2	4	2	0	2	0	0	4	0	0
OTU216	0	0	0	0	0	0	4	0	0	0	0	0	0	0	0	0	0	0	1	0	0	2	0	0	0	0	95	1	1	122	16	0	54	0	3	3	0	0	0	0	2	0	0	0	3	0	4	4	0	3	1	46	4	0	4	2	7	0	0	0	1	6	0	3	1	0	22	0	3	0	0	0	0	3	1	0	0	3	1	0	4	0	2	24	1	1	0	1	0	0	1	1	4	0	1	5	2	0	0	0	1	1
OTU217	0	0	0	0	0	0	0	1	0	0	1	0	0	0	0	0	0	0	0	0	1	0	0	0	0	0	0	0	0	0	1	0	2	0	0	38	1	2	0	0	0	0	0	0	0	0	0	228	0	0	0	0	0	3	1	2	0	1	1	1	0	0	0	5	1	0	0	0	0	0	0	0	1	0	0	0	0	0	0	0	0	7	0	2	1	0	3	0	0	0	0	0	0	0	0	0	3	0	0	0	1	0
OTU218	0	0	0	0	0	0	0	12	0	0	0	2	0	0	1	0	0	0	0	0	1	27	0	0	0	0	1	0	42	0	0	0	0	0	0	0	199	0	0	0	0	1	0	0	0	1	0	1	0	0	0	0	0	0	0	4	1	1	1	3	0	0	0	0	0	0	0	0	0	0	2	2	0	0	0	225	0	0	1	0	0	0	0	0	0	1	0	2	0	0	5	0	0	0	0	0	7	1	0	0	23	4
OTU219	0	0	0	0	0	0	1	0	0	0	0	0	0	2	0	0	0	0	0	0	0	0	1	0	0	0	0	0	0	0	1	0	0	0	0	2	0	0	0	0	5	0	0	0	0	0	0	3	0	0	0	4	0	0	1	3	4	2	2	3	0	2	20	0	9	0	2	4	2	0	3	0	2	4	0	0	0	0	3	0	1	2	3	4	41	0	0	0	43	1	2	1	18	30	25	7	0	14	31	2	21	54
OTU22	0	12	6	0	0	6	77	79	6	10	9	41	2	14	2	0	1	2	15	0	33	55	12	21	80	12	53	107	25	3706	33	20	42	38	541	22	75	60	79	0	5943	66	71	47	78	77	61	56	152	16433	51	190	118	193	133	168	130	117	182	12	39	11	21	25	50	33	63	36	48	65	46	2388	97	86	2171	52	49	56	1193	88	575	103	68	76	78	67	52	154	32	774	310	9660	130	676	170	216	208	38	104	32	31	45
OTU220	0	0	0	0	0	0	0	11	0	0	0	6	0	1	0	0	0	0	0	0	9	1	0	0	0	23	0	3	0	0	0	0	0	0	0	0	7	3	0	0	4	6	40	1	1	5	3	4	1	1	0	5	0	6	7	4	1	0	6	0	0	0	0	0	0	0	0	2	1	3	0	1	0	3	0	264	529	0	0	281	0	0	1	3	2	2	0	5	7	2	0	2	1	4	1	5	6	0	0	0	0	0
OTU221	0	0	0	0	0	1	0	2	0	0	0	0	0	0	0	0	0	0	0	0	0	0	0	0	0	0	13	1	0	0	0	0	2	0	0	1	0	3	1	0	70	4	3	0	2	6	0	6	0	0	1	146	0	0	0	2	1	0	13	1	0	11	0	1	3	0	30	0	1	0	0	0	4	0	0	0	0	2	9	0	0	10	1	31	1	0	0	0	0	7	0	0	1	3	1	3	48	2	17	6	7	34
OTU222	0	0	0	0	0	0	0	0	0	0	0	0	0	0	0	0	0	0	0	0	0	0	0	0	0	0	0	1	0	0	0	0	0	0	0	0	0	0	0	0	297	0	0	0	0	4	0	0	0	1	0	0	0	0	0	0	1	2	1	0	0	0	0	0	0	0	0	0	0	0	1	0	1	0	2	0	0	1	0	0	2	0	0	0	0	0	0	1	0	0	0	0	1	0	0	3	0	0	0	0	0	0
OTU223	0	0	0	0	0	0	0	0	0	0	0	2	0	0	0	0	0	0	0	0	0	1	0	0	0	0	1	0	0	0	0	0	0	0	0	0	0	3	0	0	0	0	0	0	1	3	0	1	0	1	0	0	0	0	2	1	0	0	6	0	0	48	0	0	1	0	0	0	0	0	0	0	0	0	0	0	0	0	0	0	0	1	0	211	1	0	0	0	0	1	0	0	0	2	0	0	0	0	0	0	0	0
OTU224	0	0	0	1	0	0	0	11	0	0	8	1	0	1	0	0	0	0	0	0	0	17	0	0	0	0	3	1	0	2	3	0	0	63	0	0	0	0	0	0	1	3	4	1	1	417	0	0	200	2	1	1	4	2	7	2	6	47	1	4	1	0	0	1	0	0	2	16	0	0	0	0	43	3	0	0	1	3	1	0	0	3	2	2	0	0	13	4	0	1	1	4	1	2	2	2	22	0	5	4	0	7
OTU225	0	0	0	0	0	0	0	0	0	0	0	0	0	0	0	0	0	0	0	0	0	0	0	0	0	0	0	1	0	1	0	0	0	1	1	0	0	1	0	0	0	0	2	0	0	0	1	1	2	1	0	2	0	1	2	1	1	1	1	0	0	0	140	1	2	1	1	4	1	0	0	0	2	0	0	1	0	1	0	0	1	0	2	1	295	0	0	0	0	0	0	3	4	0	1	2	0	0	0	0	3	0
OTU226	0	0	0	0	0	0	0	0	0	0	0	0	0	0	0	0	0	0	0	0	0	0	0	0	0	0	0	0	0	0	0	3	2	0	17	0	9	1	0	0	156	4	2	0	2	1	0	1	0	0	0	0	0	0	0	0	0	4	1	0	0	0	2	0	0	0	0	0	0	14	0	0	0	0	4	0	0	0	0	0	0	1	0	0	0	0	1	88	19	1	0	0	0	0	0	0	1	0	0	0	0	0
OTU227	0	0	0	0	0	0	0	0	0	0	0	0	0	0	0	0	0	0	0	0	0	0	1	0	0	0	1	3	0	0	0	0	0	0	23	4	0	0	0	0	0	0	0	0	1	0	128	2	0	1	0	0	0	0	24	0	0	1	2	0	0	0	0	0	19	0	0	1	0	2	0	2	19	0	0	0	0	6	0	0	5	1	0	0	0	3	0	0	0	0	0	0	0	0	6	2	0	0	0	3	0	0
OTU228	0	0	0	0	0	0	10	12	0	0	0	0	0	0	0	0	0	0	22	0	22	8	7	18	13	12	0	0	1	0	0	13	10	30	11	11	5	0	0	0	2	3	0	1	1	2	1	2	1	0	0	0	1	0	2	1	1	0	5	23	22	14	13	9	42	90	39	35	66	0	0	1	3	0	1	0	0	0	0	0	0	0	0	4	0	0	2	0	2	0	0	3	187	4	0	40	333	9241	24	25	1758	104
OTU229	0	0	0	0	0	0	0	0	0	0	0	0	0	0	0	0	0	0	0	0	4	0	0	0	0	0	0	0	0	0	0	0	0	0	0	0	0	0	0	0	2	0	0	0	0	0	0	0	0	0	0	0	0	2	123	0	0	0	95	0	0	0	0	0	29	0	0	0	30	0	0	0	0	0	4	0	0	0	0	0	1	0	0	1	0	0	3	0	1	0	0	0	3	0	0	0	2	0	0	0	0	0
OTU23	0	43	8	11	7	10	157	15	6	7	59	160	1	39	8	8	13	5	194	0	7	464	391	3	17	397	1285	184	15490	167	131	9	154	200	404	20	15747	17560	212	0	5681	2041	162	162	264	1759	1093	191	227	794	105	409	479	231	348	389	3160	462	539	36	17	153	18	23	14	13	203	46	89	159	155	186	218	265	192	175	19013	17766	239	15259	1758	585	197	1093	196	197	3418	5154	4033	158	424	492	372	350	350	341	438	28	16	15	18	24
OTU230	0	0	0	0	0	0	0	0	0	0	0	0	0	0	0	0	0	0	1	0	0	0	0	0	0	0	0	0	0	0	0	2	1	3	2	0	0	0	0	0	0	0	0	0	0	0	0	0	0	0	0	3	0	0	0	0	4	0	0	0	0	0	0	0	0	2	250	0	1	0	0	0	0	0	0	0	0	0	0	0	0	0	0	0	0	0	0	0	0	0	1	0	0	0	0	0	0	0	0	0	0	0
OTU231	0	0	0	0	0	0	0	0	0	0	0	0	0	0	0	0	0	0	0	0	0	0	0	0	0	1	0	0	0	0	0	0	0	0	0	5	1	0	0	0	0	0	0	1	0	0	0	0	1	0	2	0	3	1	0	2	4	1	0	0	0	0	0	0	0	0	0	1	0	0	1	0	1	0	0	0	219	0	1	0	0	2	0	0	1	0	0	0	0	0	1	1	0	0	2	0	1	0	0	0	0	3
OTU232	0	0	0	0	0	0	0	0	0	0	0	0	0	0	0	0	0	0	0	0	0	0	0	0	0	0	0	1	0	0	0	0	0	0	0	0	2	3	0	0	0	0	1	0	0	0	4	1	0	1	0	0	3	4	0	3	0	1	0	87	0	0	0	0	0	0	0	0	0	0	0	0	0	0	0	0	0	0	0	0	1	133	0	0	1	0	1	0	0	0	0	1	0	0	0	0	0	0	0	0	1	3
OTU233	0	0	0	0	0	1	0	0	0	0	0	0	0	0	0	0	0	0	0	0	0	0	6	0	0	0	0	0	0	0	0	0	0	0	0	0	2	97	0	0	48	0	2	0	0	0	0	2	0	0	0	0	0	0	3	3	0	0	0	0	0	12	0	0	0	0	0	0	0	2	1	0	0	0	2	0	2	0	3	0	0	0	0	56	0	0	2	2	0	0	0	2	0	0	0	0	8	0	0	0	0	0
OTU234	0	0	0	0	0	0	0	0	0	0	0	1	0	0	0	0	0	0	0	0	0	0	0	0	4	0	0	0	22	1	0	0	0	0	0	0	0	0	0	0	103	7	1	4	0	0	0	0	0	0	2	1	12	3	18	0	0	0	3	0	1	0	4	0	2	1	2	0	6	0	0	1	0	0	1	5	0	0	28	15	2	8	0	0	4	0	0	0	0	0	0	1	1	2	2	12	0	0	0	0	3	0
OTU235	0	0	0	3	0	0	0	0	0	0	0	1	0	0	1	0	0	0	37	0	7	18	0	0	0	1	36	2	0	3	89	0	26	1	14	0	98	5	4	0	292	176	21	5	9	4	4	1	0	2	1	6	0	1	1	2	10	6	1	0	1	8	0	8	0	0	1	0	0	0	0	30	6	0	1	1	5	5	0	4	7	1	3	25	0	1	10	4	0	3	3	0	0	8	0	1	0	1	0	0	0	0
OTU236	0	0	0	0	0	0	0	1	0	0	0	0	0	0	0	0	0	0	3	0	0	0	0	0	0	0	0	1	3	0	54	0	0	0	0	0	0	0	0	0	0	21	0	0	0	1	0	0	0	0	0	0	0	0	1	0	1	0	0	0	1	0	0	7	0	0	0	0	0	3	0	0	0	0	1	137	0	0	1	0	1	0	0	0	0	0	0	5	20	0	4	0	0	0	0	4	0	0	0	0	0	0
OTU237	0	8	2	0	0	0	69	16	2	8	3	29	1	7	1	0	1	1	287	0	6	5	4	3	5	176	30	39	18	25	19	1	12	3	164	3	21	24	38	0	913	3013	24	26	17	21	17	24	105	30	51	87	489	60	47	74	46	205	94	19	2	2	0	2	6	3	20	65	57	1665	22	34	46	184	290	33	18	11	74	3005	608	56	36	29	30	24	21	810	2291	27	1599	30	166	37	63	65	638	67	25	16	17	147
OTU238	0	0	0	0	0	0	1	0	0	0	0	0	0	0	0	0	0	0	0	0	1	0	0	0	0	0	0	3	0	0	0	0	0	0	0	0	5	0	0	0	1	3	0	0	0	0	0	0	0	0	0	3	1	0	1	0	0	0	1	0	0	0	0	0	33	0	0	1	1	162	0	0	0	0	0	33	0	0	0	0	0	0	1	0	0	1	0	0	0	1	0	0	0	3	2	0	1	0	4	0	0	3
OTU239	0	0	0	0	0	0	0	5	0	0	0	0	0	0	0	0	0	0	0	0	0	0	0	0	0	0	1	0	0	0	0	0	0	0	11	0	2	0	0	0	43	1	1	0	0	1	0	0	0	3	0	0	0	0	0	2	1	0	2	0	0	0	0	0	0	0	0	0	0	3	0	1	0	0	0	65	0	0	0	0	5	0	1	0	3	0	0	95	1	0	0	0	0	0	1	3	0	0	0	0	0	0
OTU24	0	0	1	0	0	0	41	42	0	0	0	9	0	3	0	0	1	0	46	1	27	27	28	24	26	24	5	3	4	4	5	23	62	23	93	36	2	2	3	0	9	5	0	2	7	2	0	9	5	2	8	6	8	4	16	97	10	9	13	28	395	31	443	77	85	141	103	73	154	3	11	9	12	133	7	3	2	4	1	4	2	10	1238	2	813	6	1	4	1	6	0	1	152	7	20	7	202	12425	61	62	53	15985
OTU240	0	0	0	0	0	0	0	2	0	0	0	0	0	0	0	0	0	0	0	0	0	0	0	0	0	0	0	0	0	0	0	0	0	0	0	21	0	0	0	0	5	0	0	0	1	0	0	73	0	0	0	0	0	0	1	0	2	0	0	0	0	0	56	2	0	0	0	0	1	1	0	0	2	0	0	0	0	0	1	0	0	0	0	0	81	0	1	1	0	0	0	0	0	0	0	2	0	4	0	0	3	0
OTU241	0	0	0	0	0	0	0	0	0	0	0	1	0	0	0	0	0	0	0	0	0	0	0	0	0	0	0	0	0	0	0	0	0	0	6	0	0	0	0	0	0	1	1	0	0	0	2	0	0	0	0	4	0	0	0	0	0	0	0	0	0	0	0	0	0	0	0	0	0	0	50	3	0	0	2	0	0	0	5	0	0	2	0	0	0	0	105	79	87	1	0	0	0	0	0	3	0	0	2	0	0	0
OTU242	0	0	0	0	0	0	0	0	0	0	0	0	0	3	0	0	1	0	36	0	0	0	0	0	0	0	10	0	0	0	0	0	5	0	0	0	0	0	0	0	2	174	0	0	0	0	0	3	0	0	0	0	2	0	1	0	0	6	0	0	0	0	0	0	0	0	0	0	1	0	0	0	0	1	0	0	0	0	0	0	2	0	2	0	0	4	0	2	0	0	1	0	0	0	0	0	0	0	0	0	0	0
OTU243	0	0	0	0	0	0	9	0	0	0	0	0	0	0	0	0	0	0	0	0	0	0	0	0	0	0	0	0	3	0	0	1	7	0	0	1	0	0	0	0	77	0	0	3	9	0	3	0	2	0	0	4	0	0	0	0	0	0	44	0	0	0	0	0	0	0	4	0	9	0	0	0	0	0	0	0	0	0	0	0	56	1	0	0	0	0	0	0	0	0	0	0	3	1	0	0	0	0	0	0	0	1
OTU244	0	0	0	0	0	0	0	0	0	0	0	1	0	0	0	0	0	0	0	0	0	0	0	5	0	0	2	0	0	0	0	0	0	0	10	0	0	0	22	0	0	0	0	0	1	0	0	0	0	0	0	0	1	1	0	0	0	0	5	0	0	0	0	0	0	0	0	0	0	30	75	3	0	3	6	0	0	0	0	2	0	0	0	0	0	0	0	0	71	0	0	0	1	1	0	1	2	0	0	0	0	0
OTU245	0	0	0	0	0	0	5	5	0	0	0	0	0	1	0	0	0	0	1	0	1	0	0	0	0	0	0	1	7	0	0	2	1	0	1	0	3	4	2	0	91	6	2	1	2	0	1	1	0	2	0	0	0	0	0	0	3	0	1	0	0	0	0	0	0	0	0	0	0	6	0	1	4	5	8	0	14	6	2	0	44	0	3	0	3	0	0	14	13	0	0	0	1	2	0	3	3	0	0	0	0	0
OTU246	0	0	0	1	0	0	0	0	0	0	0	0	0	0	0	0	0	0	0	0	0	0	0	0	0	0	0	0	0	0	0	0	0	0	0	2	0	1	3	0	4	1	1	0	1	0	0	20	0	0	0	1	0	0	32	4	0	2	34	0	1	20	0	0	5	0	2	0	8	0	0	0	2	0	4	0	0	0	0	0	0	2	0	134	0	0	2	6	0	0	0	3	0	3	18	0	1	0	0	4	0	0
OTU247	0	0	0	0	2	0	0	0	0	0	0	2	0	0	0	0	0	0	0	0	0	0	0	0	0	0	0	0	0	0	0	0	0	0	0	2	1	0	0	0	0	0	0	0	4	0	0	0	1	1	0	0	0	0	0	0	1	2	0	1	0	0	2	58	3	2	0	11	0	0	0	0	0	0	0	0	0	0	0	0	0	0	0	0	0	128	0	0	0	0	0	0	0	0	0	0	0	0	0	0	0	0
OTU248	0	0	0	0	0	0	0	0	0	0	0	0	0	0	0	0	0	0	12	0	0	27	0	0	2	3	0	1	0	0	1	0	0	5	0	0	186	0	0	0	1	55	4	1	3	1	0	1	0	1	0	3	0	2	0	3	2	2	7	0	0	22	0	2	0	1	2	0	3	2	5	0	0	0	0	0	250	115	2	38	1	3	3	90	3	0	1	1	1	0	2	1	1	4	7	2	0	0	0	0	0	0
OTU249	0	0	0	0	0	0	0	0	0	0	0	0	0	0	0	0	0	0	0	0	0	0	0	0	0	0	2	0	0	0	0	33	3	0	2	0	1	1	0	0	0	1	0	179	0	0	0	0	0	0	0	0	0	2	0	1	4	2	3	2	0	0	0	0	0	4	0	4	1	0	10	0	0	0	0	0	0	0	1	1	0	11	0	0	0	0	0	0	0	0	0	4	2	0	1	2	0	0	0	0	1	0
OTU25	0	7	5	1	1	1	296	78	1	0	4	24	0	11	1	0	4	0	38	2	19	52	21	11	103	15	23	46	23	33	10	15	64	31	60	24	27	18	28	0	55	43	26	12	30	22	14	15	29	3102	1099	50	39	1389	85	76	57	29	77	32	28	20	14	47	45	41	50	562	223	14	33	35	44	734	37	24	34	18	646	35	1375	57	28	28	18	20	28	58	16	711	34	3776	51	104	50	36	63	28	3082	37	44	49
OTU250	0	0	0	0	0	0	0	0	0	0	0	0	0	0	0	0	0	0	0	0	0	0	0	0	0	0	0	0	0	0	0	0	0	0	0	39	0	0	0	0	2	0	0	0	0	0	0	163	0	0	0	0	0	0	1	0	0	0	0	0	0	0	0	0	0	0	0	0	0	0	0	0	0	0	0	0	1	0	0	0	0	0	0	0	0	0	0	0	0	5	0	0	0	2	0	11	2	0	0	0	4	0
OTU251	0	0	0	0	0	2	0	0	0	0	0	0	0	0	0	0	0	0	0	0	0	0	0	0	0	0	1	0	0	0	0	0	0	0	0	0	3	0	0	0	185	0	1	1	3	0	1	1	0	0	0	1	0	2	0	0	0	0	3	0	0	0	0	0	0	0	0	0	0	0	0	0	0	0	0	0	0	0	0	0	1	0	0	0	0	1	0	0	0	0	0	0	0	0	0	0	1	0	0	0	0	0
OTU252	0	2	0	0	0	0	0	0	0	0	1	0	0	1	0	0	0	0	0	0	0	0	4	0	0	0	0	0	1	0	0	0	0	0	0	0	4	8	0	0	6	2	0	0	0	0	0	0	0	0	0	0	0	0	0	3	171	0	0	0	0	0	0	0	0	3	25	0	0	2	0	0	0	0	1	0	0	11	1	1	0	0	0	0	0	0	0	0	0	0	0	1	0	0	0	0	0	0	0	0	0	0
OTU253	0	0	0	0	0	0	4	0	0	0	0	0	0	0	0	0	0	0	5	0	0	0	0	0	0	0	0	1	1	2	0	0	0	0	2	11	6	6	0	0	219	7	0	2	0	0	3	3	1	0	0	0	1	0	4	0	0	5	5	0	1	3	2	0	0	0	0	4	2	3	2	0	0	0	3	0	1	3	1	0	9	0	7	10	0	0	12	1	7	1	3	0	0	0	0	0	4	0	2	0	0	0
OTU254	0	0	0	0	0	0	0	0	0	0	0	0	0	0	0	0	0	0	1	0	1	0	0	0	0	0	0	0	0	0	0	0	0	0	0	0	0	0	0	0	0	0	0	0	0	0	0	0	0	0	0	0	0	0	0	0	0	0	0	0	1	0	0	0	0	0	1	0	0	0	0	0	0	0	0	0	0	0	0	0	0	0	0	0	0	0	0	0	0	0	0	0	0	0	0	0	4	1	0	1	3	205
OTU255	0	0	2	0	0	1	46	5	0	0	4	5	0	2	0	0	1	0	15	0	7	6	0	1	33	2	9	3	3	11	4	4	5	2	11	6	1	5	10	0	8	0	6	3	5	10	7	4	64	178	60	1086	884	32	17	14	12	7	15	13	5	8	5	11	11	10	107	22	52	11	4	4	4	629	13	5	4	2	383	12	243	2	5	4	6	1	8	16	1	7	8	9	388	34	16	20	12	143	1335	6	8	12
OTU256	0	0	0	0	1	0	0	4	0	0	0	0	0	2	0	0	0	0	1	0	0	2	0	0	0	10	21	1	207	0	14	1	11	1	4	2	4	2	0	0	18	10	6	0	5	0	1	1	0	0	0	1	1	1	1	0	2	0	14	0	1	1	0	2	0	1	0	2	3	5	1	0	0	0	4	55	1	22	4	52	0	0	4	15	1	2	0	43	2	0	2	0	0	0	2	2	4	0	2	0	0	0
OTU257	0	0	0	0	0	0	0	1	0	0	0	0	0	0	0	0	0	0	1	0	0	0	0	0	0	0	1	0	0	0	1	0	0	0	0	0	0	0	0	0	13	21	0	0	0	0	1	0	2	0	0	0	0	0	0	0	0	0	3	0	0	0	0	1	0	0	0	1	0	0	0	1	0	1	0	183	0	1	2	1	0	1	4	0	0	0	0	0	0	0	0	0	1	0	0	0	0	0	1	0	0	0
OTU258	0	0	0	0	0	0	0	0	0	0	0	0	0	0	0	0	0	0	0	0	0	0	0	0	0	0	2	1	0	8	0	0	2	0	0	0	1	0	0	0	1	1	0	1	3	1	1	1	7	0	0	0	0	6	0	2	0	23	12	0	23	0	0	18	0	4	0	4	3	0	0	0	0	0	1	1	0	0	0	0	0	0	138	5	0	38	0	0	2	0	1	0	3	5	52	0	0	0	0	10	0	0
OTU259	0	0	0	0	0	0	4	0	0	0	0	1	0	0	0	0	0	0	0	0	0	0	0	0	6	0	0	0	0	0	10	0	2	0	4	6	0	0	0	0	92	9	0	2	4	0	1	12	0	1	2	47	0	2	2	2	1	1	3	0	0	0	0	0	17	2	21	20	0	71	53	1	0	0	0	2	1	0	5	0	0	3	0	0	1	0	1	3	5	4	4	0	16	0	12	2	13	5	9	5	2	9
OTU26	0	10	3	0	1	4	499	51	5	10	13	78	3	23	17	2	13	2	21	0	11	93	15	36	224	8	59	90	34	480	39	16	73	30	34	18	73	51	99	0	140	80	65	50	96	71	35	69	3538	1595	948	8789	3426	791	136	150	107	140	200	43	42	10	8	25	45	38	853	332	596	59	72	72	107	8990	78	71	48	57	2947	40	3253	81	104	89	67	83	73	128	46	87	769	1704	2618	149	738	792	912	715	90	156	245	224
OTU260	0	0	0	0	0	0	32	1	0	0	2	1	1	1	0	0	0	0	0	0	0	0	0	0	7	0	0	0	1	0	0	0	0	0	0	0	0	2	1	0	0	1	0	0	0	0	0	0	0	0	0	1	0	0	0	0	0	0	7	12	0	0	0	0	0	0	0	0	0	0	64	0	0	0	2	1	0	0	53	0	186	6	5	0	0	0	1	0	9	32	6	1	1	0	2	0	1	0	0	0	0	0
OTU261	0	0	0	0	0	0	1	0	0	0	0	0	0	0	0	0	0	0	0	0	0	0	0	1	1	0	0	0	0	1	0	0	0	0	0	0	2	0	0	0	110	5	0	0	3	4	0	1	2	0	0	2	0	0	0	2	0	0	0	1	0	0	0	0	0	7	0	6	2	62	0	0	0	0	1	0	0	0	0	1	1	0	0	0	0	3	1	1	0	21	2	0	0	0	0	1	1	0	0	0	0	0
OTU262	0	0	0	0	0	0	0	4	0	0	0	0	0	0	0	0	0	0	0	0	0	1	0	0	0	0	0	0	0	0	0	0	0	11	0	2	0	0	0	0	0	0	0	1	0	34	0	34	0	1	0	0	3	0	1	0	0	1	1	11	3	1	0	18	1	0	0	1	0	97	0	0	0	1	0	38	0	0	0	0	2	9	11	23	0	16	4	0	0	0	0	0	2	0	0	0	0	2	0	0	0	2
OTU263	0	0	0	0	1	0	0	1	0	0	0	1	0	0	0	0	0	0	0	0	0	0	0	1	0	0	0	0	0	0	0	0	0	0	0	5	0	0	0	0	1	0	0	0	0	0	0	6	1	1	0	0	0	0	0	0	4	30	4	1	0	0	0	4	0	0	240	16	4	0	0	0	0	0	0	0	0	0	0	0	0	0	0	0	0	1	0	0	0	0	0	0	0	2	0	0	1	0	1	0	0	39
OTU264	0	0	0	0	0	0	0	0	0	0	0	2	0	0	0	0	0	0	0	0	0	6	0	0	0	0	0	2	0	0	1	0	0	0	12	0	116	0	0	0	0	0	0	0	0	0	0	0	0	0	0	0	0	0	0	0	0	0	1	0	0	0	0	0	0	0	0	0	0	1	0	2	0	0	0	0	0	0	0	0	0	0	0	0	0	0	0	60	0	0	0	0	0	0	1	0	0	0	0	0	0	0
OTU265	0	0	0	0	0	0	5	1	0	0	0	0	0	0	0	0	0	0	43	0	1	3	1	2	0	0	11	0	1	3	32	10	3	3	5	1	12	3	0	0	71	192	1	58	2	2	3	0	9	16	1	3	5	0	19	6	7	2	3	15	0	0	4	4	212	51	15	127	134	0	142	16	1	20	45	16	5	16	3	0	2	38	1	6	6	0	2	3	15	4	8	1	1	8	10	7	13	4	6	5	2	19
OTU266	0	0	0	0	0	0	0	0	0	0	0	0	0	0	0	0	0	0	0	0	1	0	0	0	0	0	2	0	1	10	0	0	0	0	53	0	1	0	0	0	0	0	12	0	0	0	278	0	0	0	0	1	2	0	0	0	0	13	1	0	0	1	0	1	0	0	1	6	0	5	0	0	0	1	0	0	1	0	4	2	0	3	0	7	2	0	0	2	1	0	0	0	12	2	2	2	4	11	1	1	1	1
OTU267	0	0	0	0	0	0	5	4	0	0	0	0	0	0	0	0	0	0	1	0	0	0	1	6	0	0	2	1	6	3	13	0	1	0	6	1	1	6	1	0	60	8	7	0	0	4	2	0	0	5	0	0	2	0	2	1	1	3	1	0	0	0	0	1	22	23	13	154	8	2	4	0	0	1	4	7	5	0	1	0	29	0	1	0	1	0	15	2	26	0	0	0	2	2	1	1	0	7	13	4	1	6
OTU268	0	0	0	0	0	0	0	4	0	0	0	0	0	0	0	0	0	0	0	0	0	0	0	0	3	0	0	0	0	0	0	0	0	0	0	0	0	0	0	0	0	0	0	0	0	0	0	0	0	0	0	0	0	0	8	0	0	0	0	2	1	0	2	0	307	41	2	0	16	0	2	0	0	0	0	0	0	0	0	0	0	0	0	0	0	0	0	0	0	0	0	0	0	0	0	0	0	3	2	2	3	2
OTU269	0	0	0	0	0	0	4	4	0	0	0	1	0	0	0	0	0	0	5	0	0	2	0	0	0	0	0	0	0	5	8	0	0	0	0	4	0	0	1	0	18	33	0	2	15	0	0	17	0	0	0	2	0	0	4	0	0	3	13	2	0	1	6	2	1	0	0	0	5	0	1	0	3	0	0	0	1	0	1	0	0	1	0	6	1	2	0	0	0	11	0	0	0	10	7	7	0	3	4	5	0	0
OTU27	0	4	5	0	0	8	29	38	3	1	162	15	1	1	4	5	0	3	32	5	18	10	3	15	13	25	77	52	281	43	236	59	88	126	265	44	55	104	86	0	1679	145	155	483	234	619	1723	260	27	18	21	69	55	82	288	92	2807	59	199	29	23	44	8	47	114	57	344	62	64	344	151	135	106	24	90	19	57	53	72	321	125	82	178	355	61	39	44	558	12	103	39	1081	66	61	50	85	92	18	79	15	132	74
OTU270	0	0	0	0	0	0	3	0	0	0	0	0	0	0	0	0	0	0	0	0	0	1	0	0	0	0	0	1	5	0	0	0	0	0	0	0	1	1	1	0	228	1	0	13	0	0	2	0	0	0	0	22	1	0	3	2	1	1	0	0	0	3	1	0	6	0	15	97	0	1	2	1	0	0	0	0	0	1	0	4	10	0	0	0	5	2	1	0	5	3	2	0	1	1	2	2	2	0	12	3	2	8
OTU271	0	6	0	7	3	0	312	56	1	5	8	35	0	4	6	0	2	2	135	0	25	90	65	49	55	26	421	289	194	118	736	53	186	80	270	51	1320	682	136	0	2911	1641	245	382	672	528	587	270	170	110	36	76	396	92	619	144	1085	138	198	156	166	90	65	167	116	349	1070	3807	653	562	1340	518	72	41	158	928	1335	1194	353	100	3320	397	965	555	266	371	833	520	1259	37	124	145	157	198	452	316	195	68	1488	80	1585	1370
OTU272	0	0	0	0	0	1	26	1	0	0	0	0	0	0	1	0	0	0	0	0	3	7	2	0	1	0	4	44	0	4	75	0	1	5	5	1	89	1	1	0	132	47	6	0	4	25	42	1	2	3	1	21	1	1	0	1	2	1	4	0	0	0	10	5	0	0	6	0	2	72	0	5	0	0	0	3	0	65	16	2	98	0	3	0	46	0	1	0	0	0	0	0	3	7	16	6	2	0	7	4	1	8
OTU273	0	0	0	0	0	0	0	0	0	0	0	0	0	0	0	0	0	0	1	0	0	0	0	1	0	0	0	1	0	1	9	4	0	0	0	0	0	0	0	0	5	1	0	5	0	0	1	0	0	0	0	0	1	4	0	0	3	3	0	0	0	1	0	4	92	0	1	0	0	0	0	0	1	0	5	2	0	0	1	0	2	0	4	1	0	3	20	0	0	1	0	0	33	0	0	9	4	35	3	3	17	0
OTU274	0	1	0	0	0	0	0	1	0	0	0	1	0	0	0	0	0	0	0	0	1	0	0	0	0	0	0	1	1	0	0	0	0	0	1	1	0	5	1	0	4	0	0	0	5	0	0	0	0	0	0	0	0	0	0	0	0	1	0	0	0	0	35	2	1	2	0	1	0	2	0	0	3	0	0	0	0	0	1	0	0	0	0	1	138	1	0	0	1	0	1	0	1	0	0	0	0	1	5	0	1	0
OTU275	0	0	0	0	0	0	0	0	0	0	0	0	0	0	0	0	0	0	0	0	0	0	0	0	0	0	0	0	0	2	0	0	66	0	0	0	0	0	2	0	0	0	0	0	130	0	0	0	0	2	0	0	0	0	3	0	4	1	0	0	0	0	0	0	1	0	0	0	0	0	0	0	0	0	0	0	0	0	0	0	1	0	0	0	0	0	0	0	0	0	0	0	0	0	0	0	0	2	0	0	0	0
OTU276	0	1	0	0	0	0	0	7	0	2	0	0	0	0	0	0	0	0	0	0	0	0	0	0	0	0	2	0	0	0	0	0	0	0	0	0	7	0	1	0	0	0	0	0	2	0	5	2	0	0	0	0	0	2	75	0	0	0	0	1	0	2	0	0	24	0	0	0	3	1	0	1	0	0	3	0	0	0	0	0	0	7	2	8	0	0	0	1	1	0	0	0	6	17	4	5	20	3	6	0	0	12
OTU277	0	0	0	0	0	0	0	0	0	0	0	0	0	0	0	0	0	0	0	0	0	0	0	0	0	0	0	0	0	0	0	0	0	0	0	0	0	0	0	0	0	0	0	0	0	0	0	8	0	0	0	0	0	0	0	0	0	0	0	0	0	1	0	0	5	20	168	0	3	0	0	0	0	0	0	0	0	0	0	0	0	0	0	13	0	0	0	0	0	0	0	0	0	0	0	0	0	0	3	0	5	0
OTU278	0	2	0	0	0	0	2	2	0	0	1	4	0	0	0	0	0	0	1	0	0	30	2	0	9	0	1	4	1	7	2	1	3	0	51	1	282	10	4	0	49	9	0	23	4	6	14	11	5	2	1	1	7	0	4	4	7	33	19	0	2	0	2	0	18	10	51	28	15	38	1	0	14	6	6	5	10	1	131	21	9	14	59	1	5	2	22	11	1259	6	43	6	4	6	6	11	2	0	8	1	14	1
OTU279	0	0	0	0	0	0	0	2	0	0	0	1	0	0	0	2	0	0	0	0	0	0	0	0	2	0	0	0	0	1	0	0	0	0	0	0	0	0	0	0	106	1	0	0	2	0	2	8	4	0	0	8	3	0	0	3	0	0	3	0	2	0	1	0	0	0	5	14	0	8	0	0	0	4	0	0	0	0	5	0	0	6	2	0	9	0	0	0	2	0	0	1	0	0	1	0	0	0	0	0	0	0
OTU28	0	14	6	2	8	5	19	128	0	1	8	33	0	8	0	1	0	1	6	0	9	4	8	10	18	9	21	54	13	82	25	22	386	24	197	123	40	30	44	0	52	32	25	117	1113	148	2478	736	27	15	12	80	167	145	2354	210	960	254	2850	125	220	6	10	338	329	61	174	126	627	459	27	36	311	36	3116	27	30	29	21	19	33	397	1334	34	41	1214	36	37	15	17	35	174	243	116	83	225	515	111	51	29	106	172
OTU280	0	0	0	0	0	0	0	1	0	0	0	0	0	4	0	0	0	0	0	0	0	2	0	0	0	0	0	0	0	1	0	0	0	0	0	0	0	0	0	0	0	0	0	0	1	1	0	0	72	0	0	1	0	1	3	2	1	5	2	0	2	0	0	0	0	0	0	0	18	1	0	1	0	116	1	0	0	0	0	0	0	0	0	0	1	0	0	1	0	0	0	18	0	1	0	0	1	0	0	0	1	0
OTU281	0	0	0	0	0	0	2	4	0	0	0	0	0	0	0	0	0	0	0	0	0	0	0	1	0	0	1	0	1	1	1	0	0	0	4	0	1	1	0	0	101	0	2	3	2	8	10	0	0	0	0	0	6	1	1	0	2	1	9	1	0	0	0	1	2	1	30	3	11	0	0	0	15	0	0	5	0	0	7	0	1	0	1	0	0	0	0	8	0	30	0	0	1	0	1	1	0	1	2	0	3	2
OTU282	0	0	0	0	0	0	0	0	0	0	0	0	0	0	0	0	0	0	0	0	0	0	0	0	0	0	0	0	0	0	0	0	0	1	4	0	0	0	0	0	0	0	0	0	0	0	0	4	0	1	0	0	0	2	0	0	0	0	145	1	0	1	0	0	0	0	0	0	37	3	0	1	0	0	0	0	0	2	0	1	0	0	0	0	0	1	1	0	0	0	0	0	5	0	1	0	0	1	0	0	0	0
OTU283	0	0	0	0	0	0	3	1	0	0	0	0	0	0	0	0	0	0	2	0	0	0	0	0	0	0	1	0	0	0	1	0	1	0	6	0	0	0	1	0	83	16	5	2	2	0	3	0	0	0	0	0	0	0	0	2	3	4	0	0	4	1	1	0	31	74	44	22	9	5	6	0	1	0	4	1	0	0	4	3	7	0	6	0	1	0	2	2	1	1	0	0	1	1	2	0	1	1	0	0	16	22
OTU284	0	0	0	0	0	0	0	0	0	0	0	0	0	0	0	0	0	0	0	0	0	0	1	0	1	0	2	39	0	0	0	3	0	0	0	0	0	0	0	0	78	0	1	5	1	3	0	1	0	0	0	3	3	4	46	0	0	0	0	0	2	1	2	0	6	0	2	0	0	2	0	0	0	2	0	5	0	0	2	0	4	0	0	0	3	0	0	0	0	0	4	0	1	0	1	1	1	8	4	1	0	1
OTU285	0	0	0	0	0	0	2	0	0	0	0	0	0	0	0	0	0	0	3	0	0	0	0	0	0	0	0	0	0	0	2	0	3	0	0	0	0	0	1	0	52	19	4	1	0	1	1	0	1	2	0	3	0	0	3	0	0	0	1	0	0	0	0	0	1	1	0	0	1	0	6	0	2	0	1	20	0	6	0	2	2	6	0	0	0	0	20	9	2	0	2	3	0	0	0	0	0	0	0	0	0	0
OTU286	0	0	0	0	0	0	0	0	0	0	0	0	0	0	0	0	0	0	0	0	0	0	0	0	0	13	0	1	0	0	0	0	0	0	0	0	0	0	0	0	0	0	0	0	0	0	0	0	0	2	0	6	0	0	0	1	1	1	0	0	0	0	0	0	0	0	0	0	0	0	1	0	0	0	0	0	0	0	0	152	0	2	0	0	0	0	0	0	0	0	0	0	0	0	0	0	0	0	0	0	0	0
OTU287	0	0	0	0	2	0	0	5	0	0	0	0	0	0	0	0	0	0	0	0	16	0	0	0	0	0	0	2	0	2	1	0	0	0	1	0	0	0	0	0	33	4	65	0	1	0	1	4	0	1	0	5	0	0	0	0	0	2	19	0	0	0	0	0	2	1	17	26	11	0	8	1	23	0	1	0	1	0	0	0	0	1	4	0	1	3	0	0	1	2	6	0	0	2	12	1	1	3	8	1	0	6
OTU288	0	0	1	0	0	0	2	1	0	0	0	0	0	0	0	0	0	0	0	0	0	2	0	0	12	0	3	0	0	0	0	4	1	0	4	0	1	0	1	0	28	10	2	20	0	0	0	0	1	3	0	1	3	0	14	0	4	0	5	0	1	0	0	0	5	0	0	1	0	0	0	0	1	6	0	5	0	0	80	0	17	0	0	1	0	0	4	19	1	3	7	0	1	0	3	3	0	2	0	0	0	0
OTU289	0	0	0	0	0	0	0	0	0	0	0	0	0	0	0	0	0	0	0	0	0	0	0	0	0	0	3	0	0	0	0	0	0	0	0	0	0	0	0	0	0	0	0	0	0	0	0	3	0	0	6	1	0	0	0	4	115	1	0	0	0	7	0	1	0	0	15	0	0	0	0	0	0	0	0	1	1	0	0	0	0	0	0	28	0	0	0	0	1	0	0	0	1	0	0	0	1	0	0	0	0	1
OTU29	0	2	0	0	0	0	41	92	0	0	0	0	0	0	0	0	0	0	47	0	41	39	39	50	51	23	0	0	0	0	0	39	101	51	141	36	1	2	4	0	3	0	1	0	0	0	4	3	0	0	1	4	2	0	86	2	0	2	619	89	51	48	53	75	3739	102	113	134	30937	2	3	0	0	3	0	2	0	1	2	1	0	2	1	5	3	1	0	1	1	2	0	0	2	1	5	0	8	73	102	98	44	100
OTU290	0	0	0	0	0	0	0	3	0	0	0	0	0	0	0	0	0	0	0	0	0	0	0	0	0	0	0	0	0	0	0	0	0	0	0	0	0	0	0	0	0	0	0	0	0	0	0	0	0	1	0	1	0	0	50	7	0	23	0	0	0	2	0	0	20	6	0	15	0	0	0	0	0	3	0	0	0	0	2	0	0	0	1	0	0	0	0	0	0	0	0	0	0	0	0	0	0	0	0	0	3	0
OTU291	0	0	0	0	0	0	0	0	0	0	0	0	0	0	0	0	0	0	0	0	0	0	0	0	0	0	0	0	0	0	0	0	0	0	0	0	0	0	0	0	0	0	0	3	0	0	0	0	0	0	0	0	0	0	0	0	0	0	0	0	0	0	0	0	25	115	23	0	0	0	0	0	0	0	0	0	0	0	0	0	0	0	0	0	0	0	0	0	0	0	0	0	0	0	0	0	0	0	0	0	0	0
OTU292	0	0	0	0	0	0	0	0	0	0	0	0	0	0	0	0	0	0	1	0	0	0	0	3	0	0	0	0	0	0	0	0	0	0	19	1	0	0	0	0	0	0	0	6	3	0	113	7	0	0	0	0	1	0	19	2	13	0	0	0	0	0	0	0	3	5	5	1	1	0	0	0	0	0	0	1	9	0	0	0	0	1	1	0	2	2	0	0	2	0	0	0	0	1	0	0	0	0	0	0	0	0
OTU293	0	54	0	0	0	0	0	0	0	0	0	0	0	0	0	0	0	0	0	0	0	0	1	0	0	0	0	0	0	0	0	0	1	0	0	0	1	0	1	0	0	0	0	0	13	0	0	0	1	1	0	0	0	0	1	0	17	1	0	0	0	0	4	0	1	0	4	0	0	0	1	2	0	0	0	0	0	2	1	0	1	0	0	1	8	0	30	1	0	0	0	0	0	3	5	7	1	0	0	2	3	0
OTU294	0	0	0	0	0	0	1	18	0	0	0	0	0	0	0	0	0	0	0	0	0	0	0	0	0	0	0	0	0	0	0	0	0	0	0	17	0	0	0	0	0	0	0	0	0	0	0	61	0	0	0	0	5	0	0	0	0	1	0	0	0	0	0	1	2	0	1	0	0	0	0	0	43	0	0	0	0	0	1	1	0	0	0	0	3	2	0	0	1	3	0	3	0	1	9	1	0	0	0	0	0	0
OTU295	0	0	0	0	1	0	2	0	0	0	0	0	0	0	0	0	0	0	0	0	0	0	0	0	1	2	0	0	0	0	0	0	0	0	0	0	1	0	0	0	0	2	0	1	0	0	0	2	0	0	0	2	1	0	0	0	0	1	0	1	0	0	11	0	0	0	0	0	0	0	1	0	0	0	0	26	0	0	10	57	6	0	0	9	10	0	0	0	0	0	0	0	0	1	0	0	0	0	0	0	1	0
OTU296	0	0	0	0	0	0	0	3	0	0	0	0	0	0	0	0	0	0	0	0	0	0	0	2	8	0	6	3	0	16	1	1	5	0	44	1	3	2	3	0	83	5	3	17	6	5	25	6	7	5	0	456	10	44	54	2	14	7	7	1	2	5	16	8	8	0	75	0	2	3	5	3	2	0	3	2	3	2	52	2	3	4	8	37	57	12	3	359	6	3	70	3	19	14	8	25	2	11	2	4	7	1
OTU297	0	0	0	0	0	0	0	0	0	0	0	1	0	1	0	0	0	0	0	0	0	21	0	0	0	0	1	0	0	1	0	0	0	0	0	0	274	0	0	0	2	0	1	0	0	0	0	1	0	0	0	0	0	1	0	6	0	0	0	0	0	0	1	0	0	0	0	0	1	6	2	0	0	1	0	1	1	2	0	0	0	0	1	0	3	1	10	0	1	0	0	0	0	1	0	2	2	0	2	0	0	0
OTU298	0	0	0	0	0	0	0	0	0	0	0	0	0	0	0	0	0	0	0	0	0	0	0	0	0	0	0	0	0	0	0	0	0	0	0	0	0	0	0	0	0	0	0	0	0	0	0	0	0	0	0	0	0	0	1	0	0	0	1	0	0	0	0	0	158	4	0	1	0	0	0	0	0	0	0	0	0	0	0	0	0	0	0	0	0	0	0	0	0	0	0	0	0	0	0	0	0	0	0	0	0	0
OTU299	0	0	0	2	0	0	0	0	0	0	0	0	0	0	0	0	0	0	0	0	0	2	0	0	0	0	1	0	0	0	0	0	0	0	0	0	5	0	0	0	99	0	0	2	0	0	0	0	0	0	0	0	0	1	0	1	0	0	2	0	0	0	0	0	0	0	1	0	0	0	0	0	1	0	35	0	0	0	3	0	3	0	0	0	1	0	0	1	23	0	0	0	0	0	1	0	0	0	0	1	0	0
OTU3	0	29	42	43	58	37	755	1925	65	77	39	297	37	82	9	16	16	2	220	4	222	215	94	94	466	87	296	869	123	7456	207	362	2681	120	838	1419	297	301	335	9	2061	809	419	2580	11306	344	239	10353	4117	530	149	6570	3651	802	14540	4107	672	8845	13725	874	2215	960	366	2930	8237	12713	1076	2213	6046	260	286	3201	9101	1411	688	288	267	233	4352	256	4236	2475	12491	10025	1226	12072	288	548	212	1071	7471	977	6652	9827	10457	11695	14119	1855	1939	1902	4857	4805
OTU30	0	0	0	0	0	0	47	59	0	0	0	0	0	0	0	0	0	0	29	0	32	33	19	24	29	35	0	0	0	0	0	16	55	23	87	17	0	0	1	0	0	0	0	0	0	0	1	0	1	3	0	1	0	0	0	0	1	2	0	57	32	31	18	47	58	80	101	75	106	0	0	1	0	0	0	0	0	0	0	0	1	0	0	2	3	0	0	1	0	4	0	0	2	26	49	80	33	66	2982	3466	6660	2481
OTU300	0	0	0	0	0	0	0	0	0	0	0	0	0	0	0	0	0	0	0	0	0	1	0	0	0	0	0	7	0	2	0	0	0	1	13	0	2	3	0	0	31	0	0	1	1	0	56	0	0	0	0	2	0	0	1	0	101	1	3	1	3	0	0	3	1	2	14	6	0	3	0	0	1	2	3	6	1	4	0	0	0	0	3	2	8	0	0	2	0	0	0	0	1	7	38	0	0	0	139	10	0	0
OTU301	0	0	0	0	0	0	0	0	0	0	0	0	0	0	0	0	0	0	0	0	0	0	0	0	0	0	0	0	0	115	0	0	6	0	1	0	1	0	0	0	1	0	0	0	12	0	0	5	0	0	0	1	0	0	0	0	0	7	0	0	0	2	0	0	0	0	0	1	0	0	0	0	0	2	0	0	0	0	0	0	0	0	0	6	0	0	0	0	0	0	0	0	6	0	0	12	0	0	0	0	6	0
OTU302	0	0	0	0	0	0	0	3	0	0	0	0	0	0	0	0	0	0	0	0	0	0	0	0	0	0	2	0	0	0	0	0	10	0	0	0	0	0	0	0	1	6	0	0	18	2	0	0	1	0	0	0	15	0	9	8	4	0	35	0	0	1	6	0	0	5	1	0	10	19	0	0	0	0	2	2	0	1	0	0	1	0	0	10	26	1	1	0	0	0	0	7	3	2	0	0	12	0	0	0	0	8
OTU303	0	0	0	0	0	0	0	0	0	0	0	0	0	0	0	0	0	2	0	0	0	0	0	0	0	0	0	0	111	0	0	0	0	0	1	0	1	0	0	0	0	0	0	0	0	0	1	3	0	1	1	0	0	0	1	1	0	1	0	0	0	0	0	0	0	0	0	1	0	0	1	0	1	0	0	0	138	1	0	1	0	0	0	0	0	0	0	0	0	0	0	0	1	0	0	0	1	0	0	0	0	0
OTU304	0	0	0	0	0	0	0	0	0	0	0	0	0	0	0	0	0	0	0	0	0	0	0	0	1	13	0	0	0	0	0	0	0	0	0	0	0	0	0	0	0	0	0	0	0	0	0	1	0	0	0	0	0	1	0	0	10	1	0	0	0	0	0	0	0	0	21	0	0	0	0	0	0	0	0	0	0	0	7	147	0	0	0	1	1	0	0	0	0	0	0	0	0	0	0	3	0	0	0	0	3	0
OTU305	0	0	0	0	0	0	0	0	0	0	0	0	0	0	0	0	0	0	0	0	0	0	0	0	0	10	0	0	2	0	0	0	0	3	4	0	0	0	1	0	3	0	4	0	0	2	54	0	4	4	0	0	0	1	1	0	4	31	0	0	0	0	0	1	0	0	0	48	0	0	0	0	0	0	1	2	226	57	3	130	0	0	0	0	1	2	0	0	2	1	0	0	2	2	1	0	2	0	1	0	0	0
OTU306	0	0	0	0	0	0	0	0	0	0	0	0	0	0	0	0	0	0	3	0	1	0	0	0	0	0	1	0	0	0	0	0	0	0	3	2	0	0	0	0	97	5	6	0	0	0	6	0	2	1	0	0	2	0	0	0	1	0	0	0	0	0	4	0	2	0	2	0	0	1	0	1	0	0	0	0	0	0	0	0	0	0	4	0	1	0	0	0	2	0	0	0	7	0	0	0	0	0	1	0	1	0
OTU307	0	0	0	0	0	0	0	0	0	0	0	0	0	0	0	0	0	0	2	0	0	0	0	0	0	0	0	0	0	0	0	0	0	0	0	0	0	0	0	0	0	0	0	0	0	0	0	0	0	0	0	0	0	0	0	0	4	0	1	0	0	0	0	0	0	3	163	7	66	0	0	0	0	0	0	0	0	0	0	0	0	0	0	0	0	0	0	0	0	0	0	0	0	0	0	0	0	0	61	0	0	0
OTU308	0	0	0	0	0	0	0	0	0	0	0	0	0	0	0	0	0	0	0	0	0	0	0	0	0	0	0	0	0	0	0	0	3	0	1	0	0	0	0	0	0	0	1	4	14	0	6	0	0	0	0	1	0	0	31	0	6	0	38	2	0	0	0	0	1	0	0	0	11	0	0	2	0	0	0	2	0	0	0	0	0	10	0	4	3	2	2	0	0	0	0	0	1	1	1	0	3	2	0	0	0	0
OTU309	0	0	0	0	0	0	0	0	0	0	0	0	0	0	0	0	0	0	2	0	0	0	0	0	0	0	0	2	0	0	0	0	0	0	1	0	0	0	0	0	199	1	2	0	0	0	0	0	0	0	0	0	1	1	1	0	2	1	0	0	0	0	0	0	0	0	0	0	0	0	0	0	0	0	0	0	0	0	0	0	0	0	0	1	0	3	0	1	7	0	2	0	1	0	0	0	0	0	0	0	0	0
OTU31	0	0	0	0	0	0	14	32	0	0	0	0	0	0	0	0	0	0	12	0	23	6	26	14	14	17	0	0	0	0	0	16	31	13	43	14	0	0	0	0	0	0	0	0	0	0	0	0	0	0	0	0	0	0	1	0	0	0	0	21	31	17	23	17	24	39	73	37	63	0	0	0	0	0	0	0	1	0	0	0	0	3	0	0	0	1	0	0	0	0	0	0	0	0	18	2	0	444	42	12190	4458	51
OTU310	0	1	0	0	0	0	0	0	0	0	0	0	0	0	0	0	0	0	0	0	0	0	0	0	0	0	0	0	0	1	0	0	0	0	2	0	0	0	0	0	5	0	0	0	0	0	0	0	0	1	0	4	4	1	0	0	0	2	1	0	0	0	0	0	0	0	0	0	0	0	0	1	0	0	0	0	1	0	3	0	0	0	0	0	1	1	0	0	122	0	0	0	0	0	0	1	0	0	0	0	0	0
OTU311	0	0	0	0	0	0	0	0	0	0	0	0	0	0	0	0	0	0	0	0	0	0	0	2	0	0	0	0	0	1	8	0	1	0	0	0	0	0	1	0	1	1	0	2	17	0	0	0	0	0	0	0	1	0	2	0	0	0	1	0	3	0	0	0	1	0	0	0	0	0	0	0	0	0	0	3	0	18	0	0	7	0	23	1	3	0	0	0	0	1	1	4	0	2	9	3	9	0	0	5	0	7
OTU312	0	0	0	0	0	0	1	0	0	0	0	0	0	0	0	0	0	0	3	0	0	0	0	0	0	0	0	0	0	0	0	0	0	0	0	0	0	30	0	0	52	17	9	2	0	0	3	0	0	1	0	3	0	0	2	1	5	0	0	0	0	0	0	0	0	1	2	0	0	17	23	0	0	0	1	14	32	14	0	0	6	0	0	3	0	0	59	0	0	1	1	0	2	2	0	0	1	0	0	0	0	0
OTU313	0	0	0	0	0	0	0	3	0	0	0	0	0	0	0	0	0	0	15	0	4	1	0	0	0	0	1	0	2	0	0	0	0	0	0	0	8	0	0	0	11	47	7	0	4	0	0	0	0	0	0	0	0	0	0	0	0	0	1	0	0	0	0	0	0	1	2	24	0	0	0	0	10	0	0	6	0	2	0	8	3	1	0	0	0	0	0	0	3	0	0	0	0	0	0	0	1	4	1	0	0	1
OTU314	0	0	0	0	0	0	0	3	0	0	1	0	0	0	0	0	0	0	0	0	0	0	0	0	0	1	0	0	0	6	0	0	0	0	1	1	0	0	0	0	0	0	0	0	0	1	2	7	0	1	0	0	0	0	0	0	0	1	5	0	2	1	1	0	1	2	6	87	1	0	1	0	8	0	0	0	0	0	0	12	0	0	0	0	0	0	0	0	0	0	11	0	0	0	16	0	0	1	2	9	0	0
OTU315	0	0	0	0	0	0	0	0	0	0	0	0	0	0	0	0	0	0	0	0	0	0	12	0	0	0	0	0	0	0	0	0	0	0	7	0	0	123	0	0	24	0	1	0	0	2	15	0	0	0	0	1	0	0	0	0	0	0	0	0	0	0	0	0	0	0	0	0	0	0	0	0	1	0	0	0	0	98	0	0	2	0	2	0	0	0	0	0	0	0	1	0	0	0	0	3	1	0	0	0	0	0
OTU316	0	0	0	0	0	0	0	0	0	0	0	0	0	0	0	0	0	0	0	0	0	0	0	0	0	0	0	0	1	0	0	0	0	0	24	0	0	0	0	0	0	0	0	0	0	0	84	0	0	0	2	0	0	0	0	0	1	0	2	0	0	0	0	3	0	0	0	0	0	0	0	0	0	0	0	0	0	0	0	0	0	0	0	0	0	3	0	0	0	0	0	0	0	1	0	0	0	0	4	0	0	0
OTU317	0	0	0	0	0	0	1	0	0	0	0	0	0	0	0	0	0	0	1	0	0	1	0	0	0	0	0	0	0	0	0	1	0	0	1	0	1	0	0	0	0	0	0	5	0	0	0	1	0	0	0	0	0	0	8	0	0	0	0	1	22	0	0	1	19	6	2	3	3	0	0	0	0	1	0	0	0	0	0	4	1	0	39	0	0	0	0	0	0	1	0	0	3	0	1	6	18	0	1	0	6	13
OTU318	0	0	0	0	0	0	0	0	0	0	0	0	0	0	0	0	0	0	0	0	0	0	0	0	1	0	0	0	0	0	0	0	0	0	0	0	0	0	0	0	113	0	3	0	0	0	0	0	0	3	0	0	1	0	0	0	0	0	4	0	4	0	0	0	0	0	0	0	0	0	0	0	0	0	1	0	3	1	0	1	0	0	4	0	0	0	1	0	0	1	0	0	0	0	4	0	0	2	0	0	0	0
OTU319	0	0	0	0	0	0	0	0	0	0	0	0	0	0	0	0	0	0	2	0	0	2	0	0	0	0	2	1	0	0	0	2	1	0	0	0	0	0	0	0	2	0	0	6	0	2	0	0	0	0	1	0	0	0	5	0	0	0	0	0	0	0	0	0	5	0	3	0	0	1	0	0	1	5	0	0	0	0	0	0	1	0	6	0	1	0	9	0	5	1	0	0	14	0	3	4	26	20	0	0	1	21
OTU32	0	0	0	0	0	0	46	75	0	0	0	0	0	0	0	0	0	0	41	0	25	40	27	56	35	22	2	0	3	4	3	26	74	30	131	56	2	1	2	0	0	6	1	1	0	0	1	1	1	0	4	4	3	0	347	571	4	2	0	46	28	34	49	67	13321	20480	119	103	138	5	2	0	0	1	0	0	0	0	1	0	1	5	2	3	0	2	0	1	0	0	2	0	10	4	3	5	2	108	60	76	55	106
OTU320	0	0	0	0	0	0	1	0	0	0	2	2	0	0	1	0	0	0	1	0	0	0	0	0	0	0	5	0	1	8	5	0	1	0	35	0	3	0	0	0	3	1	0	0	0	4	1	1	0	3	0	2	2	1	1	2	35	3	1	0	0	0	0	0	0	0	7	0	0	0	303	2	0	1	2	0	1	0	1	4	2	0	2	0	0	0	58	324	228	0	1	0	1	1	2	2	6	0	0	0	0	0
OTU321	0	0	0	0	0	0	0	1	0	0	0	0	0	0	0	0	0	0	1	0	0	0	2	0	0	2	0	2	5	0	2	0	0	0	0	0	4	6	0	0	176	4	1	2	1	0	7	4	1	0	0	7	0	0	0	4	4	3	7	0	0	0	0	0	3	0	6	1	0	0	3	1	1	0	0	3	2	0	2	15	2	0	2	4	0	2	3	0	0	0	0	3	0	2	7	0	1	5	10	2	4	4
OTU322	0	0	0	2	0	0	0	1	0	0	0	0	0	0	0	0	0	0	0	0	0	0	2	0	0	0	0	0	0	0	0	0	0	0	0	8	0	2	1	0	0	0	2	0	0	0	0	32	0	0	0	1	0	0	1	0	0	15	138	0	0	0	0	0	0	0	0	8	47	4	0	0	0	1	4	0	0	0	1	0	0	0	0	0	0	0	0	1	0	0	0	0	0	0	0	0	0	0	0	0	4	0
OTU323	0	0	0	0	0	0	0	0	0	0	0	0	0	0	0	0	0	0	0	0	0	0	0	0	0	0	1	0	169	0	0	0	0	0	0	0	0	1	1	0	1	0	0	0	0	0	0	1	0	1	0	0	0	1	2	4	0	0	0	0	0	0	0	0	0	0	0	0	0	0	0	0	0	0	0	0	0	0	1	0	0	0	0	0	0	0	0	0	1	0	0	1	3	0	0	1	0	0	0	0	0	0
OTU324	0	0	0	0	0	0	0	0	0	0	0	0	0	0	0	0	0	0	0	0	0	0	0	0	0	0	0	0	0	5	0	0	0	0	0	0	1	0	0	0	26	3	0	0	1	0	1	0	0	1	0	0	0	0	0	0	0	1	0	0	0	0	0	0	0	0	0	0	0	0	1	1	0	0	0	0	0	83	1	0	0	0	0	0	0	0	0	0	0	0	0	0	0	4	1	1	0	0	0	0	0	0
OTU325	0	0	0	0	0	0	0	0	0	0	0	0	0	1	0	0	0	0	0	0	0	0	0	0	0	0	0	1	0	0	0	3	1	2	0	0	0	0	0	0	104	0	0	2	0	1	1	0	2	1	0	12	1	0	0	0	0	0	0	0	0	0	0	0	0	0	2	0	0	0	0	1	0	1	0	5	0	0	0	14	0	0	1	0	0	1	1	1	0	0	0	0	0	0	0	2	0	0	0	0	0	0
OTU326	0	0	0	0	0	0	2	1	0	0	0	0	0	0	0	0	0	0	6	0	0	0	1	0	0	5	3	6	59	0	7	0	0	2	2	0	8	2	1	0	7	2	0	1	1	6	5	1	1	0	0	1	1	0	2	0	1	1	0	2	0	1	0	0	1	0	5	11	1	0	4	0	0	1	0	8	11	0	4	20	0	1	0	1	2	2	18	1	1	4	0	0	1	1	3	0	2	0	0	2	0	0
OTU327	0	0	0	0	0	0	0	0	0	0	0	0	0	0	0	0	0	0	0	0	0	0	0	0	0	0	0	0	0	0	0	0	0	0	0	0	0	0	0	0	0	0	1	0	0	0	1	0	0	0	0	0	0	0	0	0	1	0	0	0	0	0	0	0	0	0	0	0	0	0	0	0	0	0	0	0	98	1	2	0	0	0	0	0	0	0	1	0	0	0	0	0	0	0	0	0	0	0	0	0	0	0
OTU328	0	0	0	0	0	0	0	0	0	0	3	0	0	0	0	0	0	0	12	0	0	0	0	1	0	0	1	5	6	2	6	0	2	0	5	0	5	0	4	0	256	49	0	2	0	2	36	12	0	3	0	1	3	1	0	1	3	9	2	0	15	0	0	6	0	0	0	1	3	4	1	2	2	2	6	6	1	125	4	14	2	0	15	0	7	0	9	1	8	39	2	1	4	0	15	1	1	0	2	2	1	0
OTU329	0	0	0	0	0	0	0	0	0	0	0	0	0	0	0	0	0	0	0	0	0	0	0	0	0	0	0	0	0	0	0	0	0	0	0	0	0	1	0	0	99	2	1	0	0	0	0	0	0	0	1	0	0	2	0	0	0	0	0	0	0	0	0	0	0	0	0	0	0	0	0	0	0	0	0	0	0	0	0	0	0	0	0	0	0	0	0	2	0	0	0	0	0	0	0	0	0	0	0	0	0	0
OTU33	0	6	2	0	0	3	23	15	1	0	8	13	0	7	2	2	1	0	14	0	33	11	1	226	11	23	403	138	11	29	488	3	60	1	107	0	149	20	817	0	4713	122	246	12	46	11	51	22	13	43	16	86	44	20	50	37	300	23	49	1	12	11	2	55	5	0	75	3	28	507	488	48	20	52	163	137	958	380	61	180	63	23	73	22	55	21	20	522	1056	40	44	36	23	56	34	67	37	1	3	3	7	5
OTU330	0	0	0	0	0	0	0	1	0	0	0	0	0	0	0	0	0	0	0	0	0	0	0	0	0	0	2	0	3	0	2	0	0	0	0	0	0	0	1	0	4	2	0	1	1	0	0	4	0	0	0	0	0	2	0	0	0	0	1	0	1	0	0	0	0	0	10	2	1	0	0	0	0	0	1	94	2	0	0	0	0	0	7	0	0	0	2	2	3	0	0	0	0	3	22	0	0	0	0	6	0	0
OTU331	0	0	0	0	0	0	0	0	0	0	0	0	0	0	0	0	0	0	0	0	0	0	0	0	0	0	17	0	0	0	2	0	0	0	0	0	0	0	0	0	1	0	0	0	1	0	0	0	0	0	0	0	0	0	0	1	0	0	0	0	0	0	0	0	2	0	0	0	0	0	0	0	0	2	0	57	0	27	0	0	0	0	0	0	0	2	4	0	0	0	0	0	2	1	0	0	1	0	0	0	1	0
OTU332	0	0	0	38	2	0	4	0	0	0	0	0	4	0	0	0	0	0	0	0	0	4	0	0	0	0	0	0	0	6	0	0	0	0	0	0	45	0	0	0	0	0	0	0	1	0	0	32	0	134	0	0	2	51	2	0	0	0	0	0	0	0	0	0	0	0	0	0	0	0	0	1	0	0	1	0	4	5	0	0	64	0	6	0	0	0	0	9	0	2	0	1	0	0	0	0	0	0	0	0	0	0
OTU333	0	0	0	0	0	1	0	0	0	0	0	0	0	0	0	0	0	0	0	0	0	2	0	0	22	0	0	164	0	1	0	0	0	0	0	1	0	0	1	2	0	0	0	2	2	0	3	1	0	1	0	76	2	2	2	3	0	1	3	0	0	0	0	0	0	2	7	2	0	0	5	0	0	1	0	0	0	0	252	2	0	0	0	0	1	0	1	0	0	0	0	0	1	4	0	2	2	0	0	0	0	0
OTU334	0	0	0	0	0	0	0	0	0	0	0	0	0	0	0	0	0	0	0	0	0	0	0	0	0	0	1	0	0	1	4	0	0	0	8	0	0	0	0	0	2	0	0	0	0	0	0	0	1	0	0	0	0	0	0	1	0	0	0	0	0	0	0	1	0	0	0	0	0	0	0	0	0	0	0	0	0	0	0	0	0	0	0	0	0	0	0	98	0	2	1	0	0	1	38	0	0	0	0	4	0	0
OTU335	0	12	5	1	0	8	39	98	7	0	8	51	0	9	0	6	4	1	58	0	36	60	51	43	58	33	86	986	30	555	42	31	435	721	962	52	41	48	66	0	129	86	51	62	1021	6242	484	68	104	99	36	120	80	98	171	396	25842	159	296	306	44	222	248	79	121	9216	14859	118	6909	100	84	4248	99	114	5457	72	67	39	67	79	95	968	88	1423	730	121	98	97	86	71	84	85	270	476	134	1079	140	136	179	76	437	115
OTU336	0	0	0	0	0	0	0	0	0	0	0	0	0	0	0	0	0	0	0	0	0	0	0	0	0	1	0	32	0	0	0	0	2	0	1	0	0	0	0	0	69	0	0	0	0	0	0	0	0	4	0	0	3	0	0	0	0	0	3	0	0	0	0	0	0	0	0	0	0	0	0	0	1	0	4	0	0	0	2	1	0	0	3	3	0	0	0	0	30	0	0	0	0	1	2	0	0	0	0	0	0	0
OTU337	0	0	0	0	0	0	0	0	0	0	0	0	0	0	0	0	0	0	4	0	0	0	0	0	0	0	0	3	0	0	0	0	0	0	1	0	1	4	0	0	128	5	2	0	1	0	0	0	1	0	0	17	4	1	6	0	0	1	4	0	0	0	2	1	0	4	0	4	0	0	0	2	4	5	20	0	0	24	7	0	4	2	0	0	4	1	8	2	39	0	0	14	0	1	0	0	3	0	2	0	1	0
OTU338	0	0	2	0	0	0	0	0	0	0	0	0	0	0	0	0	0	0	0	0	0	0	0	0	0	0	0	0	0	0	0	0	0	24	0	3	0	0	0	0	0	0	0	0	5	91	0	6	2	0	0	0	0	0	0	0	0	0	1	0	0	0	0	0	0	0	0	0	0	0	0	0	0	0	0	0	2	2	0	0	0	0	1	0	0	0	0	0	0	0	0	0	0	0	0	0	0	0	0	0	3	0
OTU339	0	0	0	0	0	0	0	0	0	0	0	0	0	0	0	0	0	0	0	0	0	0	0	0	2	0	0	0	0	0	0	0	1	0	13	0	0	0	0	0	0	0	1	0	5	1	84	0	0	0	0	1	0	0	0	0	0	0	0	0	0	0	0	0	0	0	0	0	0	1	0	0	0	0	0	0	0	0	0	0	0	0	1	0	0	0	0	0	0	0	0	0	1	0	3	2	0	0	0	0	0	0
OTU34	0	6	12	1	0	4	388	65	1	2	0	20	0	4	3	0	1	0	21	0	165	34	6	6	153	6	187	18	78	18	37	19	46	14	40	47	221	20	24	1	236	126	1325	146	31	95	78	182	128	446	4	37	69	77	45	48	64	66	51	17	130	3	282	9	7	16	204	149	13	28	42	42	132	24	26	231	58	259	2289	16	2431	53	544	20	1296	32	731	51	592	33	38	20	58	901	486	89	38	9	834	97	71	36
OTU340	0	0	0	0	0	0	0	0	0	0	0	0	0	4	0	0	0	0	0	0	0	0	0	32	0	1	0	0	0	0	0	0	0	0	0	0	0	0	89	0	0	0	0	0	0	0	0	0	0	0	0	1	0	0	0	0	0	0	0	0	0	0	0	0	0	0	0	0	0	0	0	0	1	0	0	0	0	0	0	0	0	0	0	0	0	0	0	0	0	0	0	0	0	0	0	0	0	0	0	0	0	0
OTU341	0	0	0	0	0	0	0	0	0	0	0	0	0	0	0	0	0	0	0	0	0	0	0	0	0	0	0	1	0	0	0	0	0	0	0	0	0	2	0	0	1	0	0	0	0	0	0	0	0	0	0	0	0	0	0	0	0	1	0	0	0	0	0	0	0	0	0	1	0	0	0	0	0	0	0	10	95	0	0	7	0	0	0	0	0	0	0	0	0	0	0	0	0	0	0	0	0	0	0	0	0	0
OTU342	0	0	0	49	0	0	6	0	0	0	0	0	2	0	0	0	0	2	0	0	0	4	0	0	0	0	1	0	0	23	0	0	0	0	0	1	157	0	0	0	1	0	0	0	0	1	0	55	0	247	0	1	0	52	4	3	0	0	0	0	0	0	0	0	0	0	0	0	0	0	0	6	0	0	0	0	13	7	0	0	92	1	11	0	0	0	6	20	0	15	0	0	0	0	0	0	0	0	0	0	0	0
OTU343	0	0	0	0	0	0	0	0	0	0	0	0	0	0	0	0	0	0	0	0	0	0	0	0	0	0	1	0	0	0	0	0	0	0	0	0	0	0	0	0	1	0	0	0	0	0	0	0	0	0	0	2	2	0	1	2	0	0	1	0	0	0	0	0	0	0	0	0	5	0	0	0	0	0	0	2	0	98	0	0	0	0	0	0	0	0	0	0	0	0	0	0	0	0	0	0	0	0	0	0	0	0
OTU344	0	0	0	0	0	0	0	4	0	0	0	0	0	0	0	3	0	0	0	0	0	0	0	0	0	0	0	4	0	0	0	0	0	0	0	0	0	0	0	0	49	0	0	0	0	0	0	0	0	0	0	2	0	0	0	0	0	1	0	0	0	0	0	0	33	2	25	13	2	4	0	0	4	0	0	0	0	0	0	0	0	0	0	0	0	0	0	0	0	1	47	0	0	0	1	3	0	0	0	0	1	0
OTU345	0	0	0	0	0	0	0	0	0	0	0	0	0	0	0	0	0	0	1	0	0	0	0	2	1	0	0	0	0	0	0	0	1	0	1	0	0	0	0	0	0	0	0	0	0	0	0	0	0	0	0	0	0	0	0	0	0	0	0	0	0	0	0	0	0	1	0	0	0	0	0	0	0	0	0	0	0	0	0	0	0	0	0	0	0	0	0	0	0	0	0	0	0	0	0	0	0	0	120	0	2	0
OTU346	0	0	0	0	0	0	0	0	0	0	0	0	0	1	0	0	0	0	0	0	0	0	0	0	0	0	0	0	0	1	0	0	0	0	0	0	0	0	7	0	0	0	0	0	1	0	0	0	0	0	0	0	0	0	0	2	3	0	0	0	0	0	0	0	0	0	2	0	0	0	0	0	0	2	0	0	101	0	0	0	0	0	1	0	0	0	0	1	0	0	0	1	0	1	0	1	0	0	0	0	0	0
OTU347	0	0	0	0	0	0	0	0	0	0	1	0	0	0	0	0	0	0	1	0	0	0	0	0	0	0	1	0	24	0	1	0	0	0	0	0	10	29	0	0	12	2	0	0	1	1	0	0	0	0	0	1	1	0	4	0	0	0	0	0	0	0	0	0	0	0	0	0	1	1	4	0	0	0	0	50	2	25	0	2	0	0	0	0	0	0	34	0	7	4	5	0	0	2	0	4	4	0	0	0	0	0
OTU348	0	0	0	0	0	0	0	0	0	0	0	0	0	0	0	0	0	0	0	0	0	5	0	0	0	0	0	0	0	0	3	0	0	0	0	0	0	0	0	0	0	0	0	0	0	0	0	0	0	107	0	0	0	0	3	0	2	0	1	0	0	0	0	0	0	0	0	1	0	0	0	0	0	0	0	0	0	0	0	0	0	0	0	0	0	0	0	2	1	0	0	0	0	0	0	0	2	0	0	0	1	0
OTU349	0	0	0	0	0	0	0	0	0	0	0	0	0	0	0	0	0	0	0	0	0	1	0	0	0	0	0	0	0	0	0	0	1	0	0	4	0	0	0	0	90	0	0	0	20	0	7	1	4	0	0	1	7	1	0	0	0	0	1	5	1	0	9	2	0	0	0	2	0	0	0	0	0	0	6	1	2	0	0	0	0	2	14	0	25	6	0	0	0	0	0	1	0	0	0	0	0	0	0	7	0	60
OTU35	0	13	0	6	2	2	8	16	3	23	5	33	0	7	4	0	0	0	30	0	4	26	9	14	38	4	28	47	19	41	17	33	661	123	21	11	24	43	58	0	81	57	40	329	2531	727	30	40	52	48	14	75	43	49	542	5090	69	57	114	2846	12	10	10	19	154	1067	17	20	42	25	38	53	42	75	54	29	30	22	36	27	30	11290	38	29	38	42	38	62	28	26	38	46	69	67	49	79	1962	25	17	20	33	503
OTU350	0	0	0	0	0	0	0	0	0	0	0	0	0	0	0	0	0	0	0	0	0	0	0	0	0	0	0	0	0	0	0	0	1	0	6	0	0	1	0	0	0	0	0	0	1	0	1	0	0	0	0	5	2	0	0	0	7	1	0	0	4	0	0	0	0	0	6	87	0	0	0	13	3	0	0	0	0	0	0	0	0	0	0	0	5	0	0	0	3	0	0	0	0	0	1	0	0	0	3	0	1	2
OTU351	0	0	0	1	0	0	0	0	0	0	0	0	0	0	0	0	0	0	0	0	0	3	0	0	0	0	5	0	0	0	4	0	6	0	0	0	0	0	0	0	31	2	0	0	0	0	6	0	2	4	0	0	0	0	0	1	0	0	1	0	0	3	0	0	1	4	3	0	2	3	0	0	0	0	2	11	1	0	0	2	0	0	5	0	0	0	0	7	0	1	0	0	0	2	0	0	0	0	96	0	0	0
OTU352	0	0	0	0	0	0	0	0	0	0	0	0	0	0	0	0	0	0	0	0	0	3	7	4	0	0	0	0	0	0	0	0	0	0	5	0	7	33	25	0	0	0	0	0	0	0	0	0	0	0	0	0	0	0	0	0	0	0	0	0	0	0	0	0	0	2	0	0	0	0	0	0	0	0	0	0	6	0	0	0	0	0	0	0	0	0	0	19	0	0	0	0	0	0	0	0	0	0	0	0	0	0
OTU353	0	11	0	0	0	0	0	0	0	0	0	0	0	0	0	0	0	0	0	0	0	1	0	0	0	0	93	1	0	0	3	0	16	0	0	3	0	0	0	0	1	0	0	0	0	0	3	12	1	9	0	1	2	0	0	0	0	0	3	0	0	0	0	4	4	4	0	14	1	0	0	0	0	0	2	2	0	0	0	0	0	0	0	2	0	2	0	0	16	0	0	0	0	0	16	6	1	0	0	0	3	0
OTU354	0	0	0	0	0	0	0	0	0	0	0	0	0	0	0	0	0	0	0	0	0	0	0	0	0	0	0	0	0	0	1	0	0	2	0	0	0	0	0	0	0	0	0	0	0	4	0	0	2	0	0	0	0	0	1	0	114	1	0	0	0	0	0	0	0	0	8	1	0	0	0	0	0	0	0	0	0	0	0	0	0	0	0	0	0	0	0	0	0	0	0	0	2	0	0	0	0	0	0	0	0	0
OTU355	0	0	0	0	0	0	0	0	0	0	0	0	0	0	0	0	0	0	0	0	0	0	0	0	0	0	0	0	0	0	0	0	0	0	0	4	0	0	0	0	0	0	0	0	0	0	0	0	0	0	0	0	0	0	1	0	0	0	0	0	0	0	0	0	0	0	0	0	0	0	0	0	0	1	0	0	0	0	0	0	0	1	0	0	0	0	0	0	0	0	0	1	0	71	1	0	0	1	23	0	0	3
OTU356	0	0	0	0	0	0	0	13	1	0	0	0	0	0	0	0	0	0	0	0	0	0	0	0	0	0	1	0	0	1	0	0	2	0	6	0	0	0	0	0	0	0	0	0	0	0	2	0	0	0	0	56	3	0	0	0	0	0	0	0	0	0	0	0	0	0	5	1	0	0	0	0	17	0	0	0	0	0	0	0	0	0	3	0	0	0	0	0	0	0	0	0	0	0	0	1	0	0	0	0	0	0
OTU357	0	0	0	0	0	0	0	0	0	0	0	0	0	0	0	0	0	0	5	0	2	0	0	0	0	0	0	0	0	0	0	0	0	0	0	0	0	0	3	0	2	23	52	1	0	0	0	0	0	0	0	0	0	0	0	0	16	1	0	0	1	0	0	0	0	0	0	0	0	0	0	0	0	0	0	0	0	0	0	0	0	0	3	0	1	0	0	0	0	0	0	0	0	0	0	0	0	0	0	0	0	0
OTU358	0	0	0	0	0	0	1	0	0	0	0	0	0	0	0	0	0	0	0	0	0	1	1	0	0	0	2	9	1	10	0	4	1	0	0	1	6	7	0	0	54	3	1	20	4	2	1	2	0	0	0	0	2	0	4	0	17	1	23	1	0	1	0	0	5	3	2	6	0	9	10	0	0	0	2	9	1	3	0	1	0	9	3	0	0	2	13	2	8	4	0	0	1	0	3	1	3	1	2	2	1	6
OTU359	0	0	0	0	0	0	6	26	0	0	0	0	0	0	0	0	0	16	6	0	12	11	8	8	3	9	0	0	0	2	0	4	10	3	25	5	2	2	0	0	1	0	0	0	0	0	0	0	0	0	0	0	0	0	0	0	0	0	0	4	5	10	12	12	18	21	13	9	30	0	0	0	0	0	0	0	0	0	0	0	0	0	0	0	0	0	0	0	0	0	0	0	0	0	0	20	12	15	13	17	2548	2036
OTU36	0	5	1	0	0	3	24	129	0	1	2	9	0	3	12	0	1	0	43	0	59	31	18	32	57	12	13	15	3	21	8	27	56	28	62	40	4	14	14	0	2162	13	170	6	10	13	17	15	9	695	10	28	11	21	40	14	72	18	34	14	184	14	244	81	979	74	1938	58	88	12	3	15	102	8	7	1971	10	6	310	8	11	13	801	10	1136	6	12	24	7	12	11	7	79	191	273	21	101	5150	7453	106	38	3783
OTU360	0	0	0	0	0	0	0	0	74	0	0	0	0	0	0	0	0	0	0	0	0	0	0	0	0	0	0	0	0	0	0	0	0	0	0	0	0	0	0	0	1	0	0	0	0	1	0	0	2	0	0	0	8	0	0	0	0	0	0	0	0	0	0	0	0	0	0	0	0	0	1	0	0	1	0	0	0	0	0	0	0	0	0	0	0	0	0	0	0	0	0	0	0	4	0	0	0	0	0	0	4	0
OTU361	0	0	0	0	0	0	0	0	0	0	0	0	0	0	0	0	0	0	0	0	8	0	0	0	0	0	0	0	1	33	0	0	0	0	5	0	0	0	0	0	2	0	24	0	2	0	0	0	0	0	0	0	0	2	2	0	0	0	0	0	0	0	0	0	0	0	0	0	0	2	1	16	2	0	0	0	0	0	2	0	0	0	0	0	1	0	0	0	0	0	0	0	3	0	0	0	0	0	0	0	0	0
OTU362	0	3	0	0	0	0	0	0	0	0	0	0	0	0	0	0	0	0	0	0	0	0	0	0	1	0	6	1	0	0	0	0	8	6	0	0	0	0	0	0	1	0	0	13	10	9	0	11	0	0	0	1	0	0	29	1	1	4	4	2	0	0	1	0	10	2	0	0	1	0	0	1	0	4	0	0	0	0	6	0	1	0	0	0	3	0	0	0	0	3	5	0	1	1	2	1	4	0	1	6	0	0
OTU363	0	0	0	0	0	0	0	0	0	0	0	0	0	0	0	0	0	0	0	0	0	0	0	0	0	0	0	0	0	0	0	1	0	0	0	1	0	0	2	0	0	0	0	0	0	1	0	0	0	0	0	0	0	0	0	0	0	0	0	1	3	0	0	0	0	14	1	7	0	0	0	0	0	4	0	0	0	0	0	0	0	0	1	0	5	0	0	0	0	0	0	0	0	0	0	0	13	0	0	0	0	44
OTU364	0	0	0	0	0	0	0	0	0	0	0	0	0	0	0	0	0	0	0	0	0	0	0	0	0	0	0	0	0	0	0	0	11	0	0	0	0	0	0	0	0	0	0	0	70	0	0	0	0	0	0	1	0	0	0	0	0	0	0	0	0	0	0	0	0	0	0	0	0	0	0	0	0	0	0	0	0	0	0	0	0	0	0	0	0	0	0	0	0	0	0	0	0	0	0	0	0	0	0	0	0	0
OTU365	0	0	0	0	0	0	0	0	0	0	0	0	0	0	0	0	0	0	0	0	0	0	0	0	0	0	0	0	0	0	0	0	0	0	0	1	0	0	0	0	0	0	0	0	0	0	0	0	0	0	0	0	0	0	0	0	0	1	0	0	0	0	0	0	0	0	0	0	0	0	0	0	0	0	0	0	0	0	0	0	0	0	0	0	0	0	0	0	0	0	0	0	0	0	0	3	87	0	0	0	0	11
OTU366	0	0	0	0	0	0	0	0	0	0	0	0	0	0	0	0	0	0	0	0	0	0	0	0	0	0	0	2	1	0	33	0	0	0	0	0	0	0	0	0	0	0	0	0	3	0	0	0	0	0	0	0	0	0	0	0	51	0	0	0	0	0	0	3	0	0	4	0	0	0	0	0	0	0	0	0	0	0	0	0	0	0	0	0	0	0	0	0	0	0	0	0	1	0	0	2	2	0	0	0	0	0
OTU367	0	0	0	0	0	0	0	1	0	0	0	0	0	0	0	0	0	0	0	0	0	0	0	0	0	0	0	0	0	0	0	0	0	0	0	0	0	0	0	0	0	0	0	0	0	0	0	0	0	0	0	0	2	0	0	0	0	0	0	0	7	0	0	8	6	0	0	0	0	0	2	7	0	0	0	26	0	0	0	0	1	0	23	1	1	3	0	0	0	0	0	0	0	1	0	0	0	0	0	0	0	0
OTU368	0	0	0	0	0	0	0	0	0	0	0	0	0	0	0	0	0	0	0	0	0	0	0	0	0	0	3	0	2	0	1	1	2	0	5	0	0	3	1	0	44	0	3	2	11	2	1	0	0	1	0	0	0	0	0	2	12	0	0	0	0	0	0	0	0	0	0	0	0	34	0	0	1	0	0	0	0	0	0	1	0	0	0	0	5	2	0	13	0	0	0	0	0	0	0	3	0	1	0	0	0	0
OTU369	0	0	0	0	0	0	0	0	0	0	0	0	0	0	0	0	0	0	0	0	0	0	0	0	0	0	0	0	0	0	63	0	0	0	0	0	0	0	0	0	1	0	0	0	0	0	0	0	0	0	0	0	0	0	0	0	0	0	0	0	1	0	0	8	0	0	0	0	1	0	0	0	0	0	0	0	0	0	0	0	0	0	2	0	0	0	0	2	0	0	0	0	0	3	0	0	0	0	1	0	0	0
OTU37	0	1	3	0	0	3	4	3	2	0	4	4	0	1	0	0	0	0	6	0	3	5	1	4	3	2	10	6	1	17	5	4	1146	114	11	5	8	12	5	0	21	21	5	6	3601	325	6	12	9	3	0	41	10	16	2893	29	23	13	34	4	3	1	1	4	473	21	14	14	10	10	8	6	20	18	17	6	1	14	17	12	7	20	21	7	9	7	22	19	7	11	1	11	24	22	18	15	23	1	3	3	3	6
OTU370	0	0	0	0	0	0	0	0	0	0	1	0	0	0	0	0	0	0	0	0	0	0	0	0	0	0	0	0	0	0	62	0	0	3	0	0	0	0	0	0	0	1	0	1	0	0	1	0	0	0	0	0	0	0	0	0	0	0	0	0	0	0	0	13	0	0	0	0	0	5	0	1	0	0	1	0	0	1	0	0	0	0	1	0	0	0	0	0	0	1	0	0	0	1	0	0	0	0	2	0	0	0
OTU371	0	2	10	0	0	0	0	0	0	0	0	0	0	0	0	0	0	0	0	0	0	0	0	0	0	0	0	0	0	0	0	0	0	0	1	0	0	0	0	0	4	0	0	0	0	0	0	0	0	0	0	0	0	0	0	0	0	0	0	0	0	0	0	0	0	0	0	0	1	12	3	2	0	0	65	0	0	0	0	0	0	0	0	0	0	0	2	0	0	0	1	0	0	0	0	0	2	0	0	0	0	0
OTU372	0	0	0	0	0	0	0	0	0	0	0	0	0	0	0	0	0	0	0	0	0	0	0	0	0	0	0	0	0	0	0	0	0	0	0	0	0	0	1	0	0	0	0	0	0	0	2	0	0	0	0	0	0	0	0	0	87	2	0	0	0	0	0	0	0	0	6	0	0	0	0	1	1	0	0	0	0	0	0	0	1	0	0	0	0	0	0	0	0	0	0	0	0	0	0	0	0	0	0	0	0	0
OTU373	0	0	0	0	0	0	2	0	0	0	0	0	0	0	0	0	0	0	0	0	0	0	0	0	0	0	0	0	0	0	0	0	0	0	0	0	0	0	0	0	8	3	0	0	0	0	0	0	0	0	0	0	0	0	0	0	0	0	0	0	0	0	0	0	0	0	3	79	0	0	0	0	0	0	0	0	0	0	0	0	0	0	0	0	0	0	0	0	1	0	0	0	0	0	0	0	0	0	0	4	0	0
OTU374	0	3	0	0	0	0	0	3	0	0	0	0	0	0	0	0	0	0	0	0	0	0	0	2	0	0	3	0	0	1	1	0	0	4	0	0	0	2	10	0	57	1	0	0	10	1	12	0	0	0	0	7	0	0	3	0	3	0	3	0	0	0	6	0	0	0	4	1	1	2	0	0	9	0	0	2	0	0	2	1	1	1	0	0	14	0	2	0	0	0	0	2	1	0	2	0	0	0	1	0	0	3
OTU375	40	0	14	0	13	9	0	0	0	6	0	0	0	0	20	0	2	0	0	0	0	11	0	0	15	0	1	0	0	5	0	0	0	0	3	0	0	0	0	0	0	0	0	0	0	0	4	0	0	0	0	0	0	0	0	0	0	0	0	1	0	1	0	0	0	0	0	0	5	0	0	2	0	0	0	0	0	0	0	0	0	0	1	0	0	0	0	0	0	0	0	0	2	0	2	0	0	0	0	0	0	0
OTU376	0	62	0	0	0	0	0	10	0	0	0	0	0	0	0	0	0	0	0	0	0	0	0	0	0	0	0	0	0	0	0	0	0	0	0	0	0	0	0	0	0	0	0	0	0	0	0	0	0	0	0	2	0	0	0	0	0	0	0	0	0	0	0	0	0	0	0	0	0	0	0	0	0	0	0	0	0	0	0	0	0	0	0	0	3	0	0	0	0	0	0	0	0	0	0	0	0	0	0	0	0	0
OTU377	0	0	0	0	0	0	0	0	0	0	1	0	0	0	0	0	0	0	0	0	1	0	0	0	0	0	8	0	0	0	0	0	3	0	1	0	0	0	0	0	0	0	0	0	3	0	0	0	0	0	1	0	0	0	0	0	0	0	0	0	0	0	0	1	1	0	0	0	1	0	0	0	0	0	0	0	0	0	0	0	0	0	0	0	0	0	0	0	0	0	0	0	0	0	0	0	5	0	0	0	0	72
OTU378	0	0	0	0	0	0	0	0	0	0	0	0	0	0	0	0	0	0	0	0	0	0	3	0	0	0	0	0	0	0	0	0	0	0	0	0	0	0	0	0	0	0	0	0	0	0	0	0	0	0	0	0	0	0	0	1	0	0	0	0	0	0	0	0	0	0	0	0	0	0	0	0	0	0	0	2	0	0	0	0	0	0	0	2	0	0	0	0	0	0	6	0	20	0	0	0	17	20	0	0	0	7
OTU379	0	0	0	0	0	0	0	0	0	0	0	0	0	0	0	0	0	0	0	0	0	0	0	0	0	0	0	0	0	16	0	0	0	0	0	0	0	0	0	0	65	0	0	1	0	0	0	0	0	0	0	5	0	2	0	0	0	0	0	0	0	0	0	0	0	0	0	0	0	0	0	0	0	0	0	0	0	0	0	0	0	0	0	0	0	0	0	0	0	0	1	1	0	1	14	0	1	0	0	1	0	0
OTU38	0	4	2	0	0	1	2	63	0	0	5	15	0	2	0	0	0	0	4	0	147	4	0	2	0	2	11	15	19	14	6	1	3	0	2	1	13	15	14	0	4963	17	902	11	23	16	9	7	28	8	7	19	15	12	35	71	1466	97	138	0	2	3	1	2	12	42	243	39	84	22	9	25	151	22	12	12	11	22	18	10	11	29	17	15	20	20	1413	54	8	7	8	117	15	27	165	17	20	1	2	74	3	2
OTU380	0	2	0	0	0	0	0	0	0	0	0	0	0	0	0	0	0	0	0	0	0	0	0	0	0	0	0	0	0	0	1	0	0	2	0	0	0	0	0	0	24	0	2	0	0	14	0	0	0	0	0	0	0	0	0	1	0	0	32	2	0	0	0	0	0	0	0	0	10	11	0	0	0	0	0	0	0	0	0	0	6	12	0	0	0	0	0	0	0	0	0	1	2	0	0	0	0	3	0	0	0	0
OTU381	0	0	0	0	0	0	0	0	0	0	0	0	0	0	0	0	0	0	0	0	0	0	0	0	0	11	0	0	0	2	0	0	0	0	0	0	0	0	0	0	0	0	0	0	0	0	0	0	0	0	0	0	0	0	0	0	0	0	0	0	0	0	0	0	1	0	0	0	0	0	0	0	0	0	1	0	0	0	0	77	0	0	3	1	0	0	0	0	0	0	0	0	0	0	1	0	0	0	0	0	0	0
OTU382	0	0	0	0	0	0	0	1	0	0	0	0	0	0	0	0	0	0	0	0	0	1	0	0	0	0	0	0	1	0	2	40	4	0	3	0	0	1	0	0	3	0	4	217	2	0	0	5	1	116	0	4	59	1	3	98	0	0	6	1	0	1	3	95	1	36	6	1	0	1	0	4	0	0	1	0	0	3	1	1	1	0	0	0	0	153	0	0	0	0	1	1	0	0	3	2	5	0	0	2	0	0
OTU383	0	0	0	0	0	0	0	0	0	0	0	0	0	0	0	0	0	0	0	0	0	0	2	0	0	0	0	0	0	0	0	0	0	0	0	0	0	0	0	0	0	0	0	0	0	0	0	0	0	0	0	0	0	0	0	0	0	0	0	0	0	0	0	0	0	0	3	76	2	0	0	0	0	0	0	0	0	0	0	0	0	0	0	0	0	0	0	0	0	0	0	0	0	0	0	0	0	0	2	0	0	0
OTU384	0	0	0	0	0	0	0	0	0	0	0	0	0	0	0	0	0	0	0	0	0	0	0	0	0	0	0	0	0	0	0	0	11	0	2	0	0	0	0	0	0	0	0	0	11	0	0	0	0	0	0	0	0	0	0	0	0	0	0	0	0	2	0	0	0	0	2	0	1	0	0	0	0	0	0	0	0	0	0	0	0	0	0	0	0	0	0	0	0	0	0	0	0	0	0	0	0	0	80	0	0	1
OTU385	0	0	0	0	0	0	3	4	0	0	1	2	0	0	0	0	0	0	0	0	0	0	0	4	1	0	1	1	183	30	74	0	4	0	5	0	1	0	0	0	66	3	2	0	0	1	2	1	1	1	0	3	0	0	1	0	1	1	3	0	0	0	0	6	47	0	5	0	10	11	10	0	27	3	0	6	2	12	0	1	3	0	1	2	1	2	1	0	11	10	0	1	4	3	2	11	10	41	175	0	1	194
OTU386	0	0	0	0	0	0	3	0	0	0	0	0	0	0	0	0	0	0	0	0	0	0	0	0	0	0	0	0	0	0	0	0	0	0	0	0	0	0	0	0	37	0	0	0	0	0	0	0	0	0	0	0	0	0	0	0	0	0	0	0	0	0	0	0	0	0	0	0	0	0	0	0	0	0	0	0	0	0	0	2	68	0	0	0	0	0	1	0	0	0	0	0	3	0	0	4	0	0	0	0	0	0
OTU387	0	0	0	0	0	0	0	0	0	0	0	0	0	0	0	0	0	0	0	0	0	0	0	0	0	0	1	0	0	0	0	1	0	0	0	0	1	0	0	0	0	0	0	53	0	3	0	0	0	0	0	0	0	0	0	0	0	1	2	0	0	0	0	0	0	0	0	0	24	0	0	0	0	0	0	0	0	0	0	0	0	0	0	0	0	0	0	0	0	0	0	0	3	0	5	0	0	0	0	0	1	0
OTU388	0	0	0	0	0	0	0	0	0	0	0	0	0	0	0	0	0	0	0	0	0	0	0	0	0	0	0	0	0	0	0	0	0	0	3	0	0	5	0	0	0	2	0	21	1	0	0	0	1	0	0	0	0	0	1	2	0	0	1	0	0	0	0	0	0	0	0	0	2	0	0	15	1	0	0	0	0	0	0	0	0	1	0	1	0	0	0	0	0	0	0	3	11	1	7	0	2	2	0	6	0	0
OTU389	0	0	0	0	0	0	0	0	0	0	0	0	0	0	0	0	0	0	0	0	0	0	0	0	0	0	0	0	0	0	0	0	0	0	0	0	0	0	0	0	71	0	0	0	0	0	0	0	0	0	0	2	0	0	0	0	0	0	0	0	0	0	0	0	0	0	0	0	0	0	0	0	0	0	0	0	0	0	0	0	0	0	0	0	0	0	5	0	0	0	0	0	0	3	0	0	1	0	0	0	0	0
OTU39	0	3	2	3	1	2	86	9	0	0	1	5	0	1	2	0	0	0	3	0	6	2	6	2	47	3	6	9	7	13	1109	12	299	2	7	0	8	7	13	0	19	12	5	12	819	6	4	11	14	7	6	31	15	65	18	24	16	27	28	6	187	0	1	107	11	1	19	5	7	13	4	9	13	17	15	11	9	8	347	12	340	11	1362	6	7	13	14	33	13	3	185	437	438	32	256	526	24	235	10	54	164	6
OTU390	0	0	0	0	0	0	0	0	0	0	0	0	0	0	0	0	0	0	0	0	0	0	0	0	0	0	0	0	0	0	0	0	0	0	0	0	0	0	0	0	77	0	0	3	3	0	0	0	0	0	0	0	0	1	0	0	0	0	0	0	0	0	0	0	2	0	0	0	0	0	0	0	0	0	0	0	0	0	0	0	0	0	0	0	0	0	0	0	0	0	0	0	0	0	0	0	1	0	0	0	0	0
OTU391	0	0	0	0	0	0	0	0	0	2	0	0	0	0	0	0	0	0	0	0	0	0	0	0	0	0	0	0	0	0	0	0	1	0	0	0	0	0	0	0	0	0	0	0	1	0	0	0	0	0	0	0	0	4	1	0	0	0	0	0	1	0	0	0	0	0	0	0	0	0	0	0	0	0	0	0	0	0	0	0	0	0	0	0	0	0	0	0	0	0	0	0	0	0	0	0	48	0	12	0	0	20
OTU392	0	0	0	5	0	0	189	0	0	0	0	0	0	0	0	0	0	0	0	0	1	215	0	0	0	0	0	0	0	1	0	0	1	3	0	122	8	0	0	0	0	0	0	0	0	0	0	1	0	18	0	0	0	2	0	0	0	0	0	0	18	0	0	0	4	0	0	0	0	0	0	0	0	0	0	0	1	0	0	0	2	0	0	0	0	0	0	0	0	0	0	0	0	0	0	0	0	4	1	3	0	0
OTU393	0	0	0	0	0	0	0	0	0	0	0	0	0	0	0	0	0	0	0	0	0	0	0	0	0	0	1	0	39	0	6	0	0	0	0	0	0	0	0	0	0	1	2	0	0	0	0	0	0	0	0	0	0	0	0	1	3	0	2	2	0	0	0	1	0	0	0	0	0	3	0	0	0	0	0	5	0	4	0	1	0	0	0	1	2	0	0	0	3	0	0	0	1	1	0	0	0	0	0	0	1	1
OTU394	0	0	0	0	0	0	0	0	0	0	0	0	0	0	0	0	0	0	0	0	0	0	0	0	0	0	0	0	0	0	0	0	10	0	2	0	0	0	0	0	0	0	0	0	24	1	0	0	0	0	0	0	11	0	0	2	0	0	0	0	0	0	0	0	0	21	0	0	0	0	0	0	0	0	0	0	0	0	0	0	0	0	0	0	0	0	0	0	0	0	0	0	0	0	0	0	0	0	0	0	0	0
OTU395	0	0	0	0	0	0	0	0	0	0	0	0	0	0	0	0	0	0	0	0	0	0	0	0	0	0	0	0	0	0	0	0	0	0	0	0	0	0	3	0	91	0	0	0	0	0	0	0	0	0	0	0	0	0	0	0	0	0	0	0	0	0	0	0	0	0	0	0	0	0	0	0	0	0	5	0	0	0	0	0	0	0	0	0	0	0	0	0	0	1	0	0	0	1	0	0	0	0	0	0	0	0
OTU396	0	0	0	0	0	0	0	0	0	0	0	0	0	0	0	0	0	0	0	0	0	0	0	0	0	0	0	0	0	0	0	0	0	0	0	0	0	0	0	0	0	0	0	0	0	0	0	0	0	0	0	0	0	0	0	0	0	0	0	0	0	0	38	0	0	0	0	0	0	0	0	0	3	0	0	0	0	0	0	0	0	1	0	0	56	0	0	0	0	0	0	0	0	0	0	1	0	0	0	0	1	0
OTU397	0	0	0	0	0	0	7	20	0	0	0	0	0	0	0	0	0	0	25	0	4	12	6	11	9	7	0	1	0	0	0	7	30	19	28	17	0	0	0	0	2	0	0	1	0	0	0	0	0	0	1	0	0	0	0	0	0	0	1	27	19	11	17	20	39	38	20	36	44	0	0	0	0	0	0	0	4	0	0	0	0	0	0	1	0	0	0	2	0	0	0	0	0	45	2	49	0	35	2660	31	3921	28
OTU398	0	0	1	0	0	0	2	0	0	0	0	0	0	0	0	0	0	0	0	0	0	0	0	0	0	0	1	0	3	0	1	0	0	0	0	0	5	0	2	0	55	0	0	2	0	4	3	0	0	0	0	3	0	0	11	1	5	1	2	0	1	0	2	0	2	6	1	2	6	3	0	2	3	2	0	1	11	5	0	0	0	1	8	1	1	0	2	7	9	0	0	0	2	0	0	1	0	0	16	0	2	1
OTU399	0	0	0	0	0	0	0	0	0	0	0	0	0	0	0	0	0	0	0	0	0	0	0	0	0	0	0	0	0	1	0	0	0	0	0	0	0	0	0	0	0	0	2	0	0	0	0	0	0	0	0	0	0	0	58	0	0	1	0	6	14	0	0	0	13	0	1	0	2	1	0	0	0	0	0	0	0	0	0	0	0	6	59	0	0	1	0	0	0	0	0	0	0	0	0	0	1	0	0	0	0	0
OTU4	1	143	32	2	95	47	375	1540	22	27	48	367	15	124	52	13	55	11	203	1	93	421	147	4801	453	351	318	20197	161	17285	2115	76	219	192	555	123	410	473	39881	0	1048	467	361	302	635	412	305	431	13234	4230	19170	7453	16540	15841	1225	1069	741	799	1243	329	200	306	104	430	337	297	991	4318	1667	429	361	1727	9621	20888	15860	373	292	307	4999	6049	2055	1021	552	1835	383	698	376	996	266	23414	6420	735	896	6852	1269	685	1243	219	4820	2499	226	5897
OTU40	0	0	7	3	0	2	13	11	0	0	2	2	0	0	3	0	0	0	12	0	10	8	6	10	6	13	4	22	2	7	0	12	34	14	32	13	10	0	7	0	6	6	4	17	1	36	0	2	7	4	1	10	2	6	45	8	13	5	22	12	12	0	11	26	24	26	33	15	45	6	1	7	11	8	5	6	3	10	13	2	6	4	10	4	4	29	10	3	7	11	5	0	7	23	8	38	50	15	11	17	3590	5016
OTU400	0	0	0	0	0	0	0	0	0	0	0	1	0	0	0	0	0	0	0	0	0	0	0	0	1	0	0	1	0	11	0	0	8	0	2	0	0	0	0	0	0	0	0	0	6	0	3	16	1	0	0	6	2	3	0	0	0	0	0	0	0	1	0	0	1	0	0	2	3	0	0	1	0	0	0	0	0	0	12	0	0	0	0	2	19	2	0	2	0	0	4	0	1	6	0	0	12	2	9	0	1	16
OTU401	0	0	0	0	0	0	0	0	0	0	0	0	0	0	0	0	0	0	0	0	0	0	0	0	0	0	0	0	0	0	1	0	0	0	0	0	0	0	0	0	63	0	0	0	0	0	0	0	0	0	0	0	0	0	3	0	0	0	0	0	0	0	0	0	0	0	0	0	0	0	0	0	0	0	2	0	0	4	0	0	0	0	0	1	0	0	0	0	0	0	0	0	0	0	0	0	0	0	0	0	0	0
OTU402	0	0	0	0	0	0	0	0	0	0	0	0	0	0	0	0	0	0	1	0	0	0	0	0	0	0	0	0	0	1	0	0	0	0	0	0	0	0	0	0	0	0	0	0	0	0	0	0	0	0	0	0	0	0	0	0	0	0	0	0	0	0	0	0	0	0	0	0	0	0	0	0	0	0	0	0	0	0	0	0	0	0	0	0	0	0	0	1	0	0	0	0	0	0	1	2	43	0	0	0	7	19
OTU403	0	0	0	0	0	0	0	0	0	0	0	0	0	0	0	0	0	0	3	0	0	0	2	0	0	2	0	0	0	0	0	0	2	1	1	0	1	19	2	0	32	0	2	0	5	0	0	0	5	0	0	0	0	0	1	0	2	0	0	0	3	0	1	0	0	0	3	4	0	8	2	0	0	0	2	0	0	2	0	0	1	0	0	0	4	1	0	1	0	0	0	1	2	4	2	0	1	0	0	0	0	0
OTU404	0	0	0	5	0	0	121	0	0	0	0	0	0	0	0	0	0	0	0	0	0	145	0	0	0	0	0	0	0	0	0	0	0	1	1	83	3	0	0	0	0	0	0	0	0	0	0	0	0	7	0	0	0	5	0	0	0	0	0	0	14	0	0	0	3	0	0	0	0	0	0	0	0	0	0	0	0	0	0	0	4	0	0	0	0	0	0	7	0	0	0	0	0	0	0	0	0	0	0	0	0	0
OTU405	0	4	0	0	0	0	0	0	0	0	0	0	0	0	0	0	0	0	0	0	0	0	0	2	0	0	0	0	2	1	0	0	0	0	1	0	0	0	0	0	2	0	0	0	0	0	0	0	0	0	0	12	24	0	0	0	3	0	0	1	0	2	0	0	1	0	2	2	4	0	0	0	0	0	0	0	1	0	0	0	0	0	0	0	0	0	0	0	0	0	0	0	0	1	0	0	0	0	68	4	2	0
OTU406	0	0	0	0	0	0	0	0	0	0	0	0	0	0	0	0	0	0	0	0	0	0	0	0	0	0	0	2	0	0	2	0	1	0	10	0	1	0	0	0	1	10	3	0	0	0	39	0	0	0	0	1	0	0	0	1	0	0	2	0	3	0	7	0	0	1	0	0	0	0	0	0	2	0	0	0	1	0	1	3	0	1	0	0	6	0	0	0	1	0	0	0	0	0	0	0	1	0	0	1	0	0
OTU407	0	1	0	0	0	0	0	0	0	0	0	0	0	0	0	0	0	0	0	0	0	0	0	0	1	0	0	0	0	0	0	0	0	0	0	0	0	0	1	0	5	1	0	2	0	0	0	0	0	0	0	5	1	0	0	0	0	0	0	0	0	0	0	0	0	0	0	0	0	0	81	0	0	0	0	0	1	0	3	0	1	0	1	0	1	0	0	0	0	0	0	0	1	0	0	0	0	0	0	0	0	0
OTU408	0	0	0	0	0	0	0	0	0	0	0	0	0	0	0	0	0	0	1	0	0	0	0	3	0	0	9	0	1	0	0	0	1	0	6	0	0	0	5	0	30	0	0	0	0	0	0	0	0	1	1	0	0	0	0	0	1	0	0	0	0	0	0	0	0	0	0	0	2	8	0	0	0	0	0	0	0	0	0	0	0	0	4	0	0	0	0	11	0	0	0	0	0	0	0	0	0	0	1	0	0	0
OTU409	0	0	0	0	0	0	0	0	0	0	0	0	0	0	0	0	0	0	0	0	1	0	0	0	0	0	0	0	1	0	0	0	0	0	2	0	0	0	0	0	3	0	0	0	0	0	0	0	0	0	0	47	0	0	0	1	1	1	0	0	0	0	0	0	3	1	12	13	0	0	0	0	0	0	0	0	2	0	0	0	0	0	4	0	0	0	0	1	0	0	0	0	0	3	1	0	1	0	0	0	0	0
OTU41	0	0	0	0	0	0	24	30	0	0	0	0	0	0	0	0	0	0	21	0	31	15	27	12	17	15	0	0	0	1	0	11	44	26	71	25	0	0	0	0	0	0	0	0	3	5	0	0	4	2	0	0	1	0	0	1	1	0	1	84	23	15	20	28	28	52	50	32	41	0	0	0	0	0	0	0	0	0	0	1	0	0	0	0	0	2	0	0	0	0	3	2	0	4	2	12	172	45	709	51	1206	11291
OTU410	0	0	0	0	0	0	0	0	0	0	0	0	0	0	0	0	0	0	0	0	0	3	0	0	0	0	0	2	8	0	0	0	1	0	0	0	2	0	0	0	13	0	0	0	0	0	0	0	0	0	0	0	0	0	1	0	0	2	0	0	0	0	2	0	1	0	8	11	70	0	0	0	1	0	0	0	0	0	0	0	0	0	0	9	0	0	0	0	0	0	0	1	0	0	0	0	0	0	0	0	0	1
OTU411	0	0	0	0	0	0	0	0	0	0	0	0	0	0	0	0	0	0	0	0	0	0	0	0	0	0	0	0	0	0	0	0	0	0	0	0	0	0	0	0	0	0	0	0	0	0	0	0	0	0	0	0	0	0	1	0	0	0	0	0	0	0	0	0	74	0	0	0	0	0	0	0	0	0	0	0	0	0	0	0	0	0	0	0	0	0	0	0	0	0	0	0	0	0	0	0	0	0	0	0	0	0
OTU412	0	0	0	0	0	0	0	0	0	0	0	0	0	0	0	0	0	0	0	0	0	1	0	0	0	0	0	0	0	0	0	0	0	0	0	0	0	0	0	0	0	0	0	0	0	0	0	0	3	0	1	1	0	0	0	0	3	0	9	0	3	3	0	0	0	0	1	0	0	2	0	0	1	0	0	0	0	0	0	0	0	1	4	13	0	0	4	0	0	0	0	0	0	0	17	1	0	0	0	10	2	0
OTU413	0	1	0	0	0	0	0	0	0	0	1	2	0	0	0	0	0	0	0	0	0	0	0	0	0	0	0	0	2	0	0	0	0	0	0	0	5	1	0	0	16	2	0	0	0	0	3	0	0	0	0	0	3	0	0	0	2	0	0	0	0	0	0	0	0	0	0	1	0	1	0	0	0	0	2	0	0	0	7	0	13	1	4	0	0	0	0	1	4	1	0	0	0	2	1	1	0	0	0	0	0	1
OTU414	0	0	0	0	0	0	0	0	0	0	0	0	0	0	0	0	0	0	0	0	0	0	0	0	0	0	0	0	0	0	0	0	0	0	0	0	0	0	0	0	0	0	0	0	0	0	0	0	0	0	0	0	0	0	0	0	0	0	0	0	0	0	0	0	0	90	0	0	3	0	0	0	0	0	0	0	0	0	0	0	0	0	0	0	0	0	0	0	0	0	0	0	0	0	0	0	0	1	0	0	0	0
OTU415	0	0	0	0	0	0	98	0	0	0	0	0	0	0	0	0	0	0	0	0	0	89	0	0	0	0	0	0	0	0	0	0	0	3	1	65	1	0	0	0	0	0	0	0	0	0	0	0	0	4	0	0	0	0	0	0	0	0	0	1	4	0	0	0	6	0	0	0	0	0	0	0	0	0	0	0	0	0	0	0	2	0	0	0	0	0	0	0	0	0	0	0	0	0	0	0	0	0	0	2	1	1
OTU416	0	0	0	3	0	0	3	0	0	0	0	0	0	0	0	0	0	0	0	0	0	0	0	0	0	0	1008	0	0	0	0	0	0	0	0	0	0	0	0	0	0	0	0	0	0	0	0	0	0	0	0	0	0	0	0	0	0	0	0	0	0	0	0	0	0	0	0	0	0	0	0	0	0	0	0	0	0	0	0	0	0	0	0	0	0	0	0	0	0	0	0	0	0	0	0	0	0	0	0	0	0	0
OTU417	0	0	0	0	0	0	0	0	0	0	0	0	0	0	0	0	0	0	4	0	0	0	0	0	0	0	0	0	0	0	0	0	0	0	0	0	0	0	0	0	0	53	0	0	0	0	0	0	0	0	0	0	0	0	0	0	0	2	0	0	0	0	0	0	0	0	1	1	0	0	0	0	0	0	0	0	0	0	0	0	0	0	0	0	0	0	0	0	0	0	0	0	0	0	0	1	0	0	0	0	0	0
OTU418	0	0	0	0	0	0	0	0	0	0	0	0	0	0	0	0	0	0	0	0	0	0	0	0	0	0	0	0	0	0	1	0	0	0	10	0	0	0	0	0	0	0	0	0	0	2	0	0	0	1	0	0	0	0	0	2	3	0	10	0	0	0	0	0	0	0	0	0	6	0	0	0	0	0	0	0	0	0	0	0	0	0	0	0	0	0	0	27	0	0	0	0	1	0	0	0	0	0	0	0	0	0
OTU419	0	0	0	0	0	0	0	4	0	0	0	0	0	0	0	0	0	0	0	0	0	0	0	0	0	0	0	0	0	0	0	0	0	0	0	0	0	0	0	0	0	0	0	2	0	0	0	0	0	0	0	0	0	0	0	0	0	0	0	0	0	0	0	0	0	0	0	0	0	0	0	0	0	0	0	50	0	0	0	0	1	0	0	0	0	0	0	0	0	0	0	0	0	0	0	0	0	0	0	0	0	0
OTU42	0	6	0	2	3	3	6	33	0	0	1	3	0	0	0	0	0	0	5	0	5	5	2	7	19	8	3	3	2	2	11	4	85	9	27	64	5	2	3	0	13	5	2	2	470	5	4	423	4	5	3	881	11	7	16	7	11	6	3	8	3	11	12	46	17	19	106	15	24	1	4	2	193	7	2	9	10	6	3	4	5	3	9	4	0	215	9	5	4	4	0	3	19	6	531	30	4	17	15	55	3373	128
OTU420	0	0	0	0	0	0	0	0	0	0	0	0	0	0	0	0	0	0	0	0	0	0	0	0	0	0	0	0	0	0	0	0	11	0	0	1	0	0	0	0	30	0	0	0	20	0	0	0	0	0	0	0	1	0	0	6	0	0	0	0	0	0	0	0	0	1	0	0	0	0	0	0	0	0	0	0	0	0	2	0	1	0	0	0	0	0	5	0	0	0	0	0	0	0	0	0	0	0	0	0	0	0
OTU421	0	2	0	0	0	0	0	0	0	0	0	0	0	0	0	0	0	0	0	0	0	0	0	0	0	0	0	3	0	12	0	0	1	0	0	0	0	0	0	0	44	1	0	0	0	0	1	0	0	0	0	0	1	0	24	7	0	1	0	3	0	1	1	0	6	2	0	2	1	0	0	1	1	0	0	0	1	59	0	0	1	12	0	0	0	2	0	0	0	0	0	0	0	0	1	1	0	0	2	0	0	21
OTU422	0	0	0	0	0	0	0	0	0	0	0	0	0	0	0	0	0	0	0	0	0	0	0	0	0	0	0	0	0	0	0	0	0	0	1	0	0	0	0	0	0	0	0	0	0	0	0	2	0	0	0	0	0	0	0	0	0	9	7	0	0	0	0	0	0	0	0	7	4	0	0	0	1	0	0	0	0	0	0	0	0	0	5	2	0	0	0	0	0	0	0	1	0	1	5	0	0	16	5	1	0	0
OTU423	0	0	0	0	0	0	0	0	0	0	0	0	0	0	0	0	0	0	0	0	0	0	0	2	0	0	0	0	0	0	0	1	0	0	0	0	0	0	1	0	21	5	0	0	0	0	0	0	5	1	0	1	1	4	0	0	0	0	0	0	0	0	0	0	0	0	0	0	0	0	0	0	0	0	0	0	0	0	0	0	1	0	0	0	0	0	0	0	0	0	0	0	0	0	0	0	0	0	56	0	3	4
OTU424	0	0	0	0	0	0	0	0	0	0	0	0	0	0	0	0	0	0	0	0	0	0	0	0	0	0	0	0	0	0	0	0	0	0	0	0	0	0	0	0	45	0	0	0	0	1	0	0	0	0	0	0	0	0	0	0	0	0	0	0	0	0	0	0	0	0	0	0	0	0	0	1	0	0	0	0	0	0	0	0	0	0	3	4	0	0	4	0	0	0	0	0	0	1	0	0	0	0	0	0	0	1
OTU425	0	0	0	0	0	0	0	0	0	0	0	0	0	0	0	0	0	0	0	0	0	0	0	0	0	0	0	0	7	0	0	0	0	0	0	0	0	0	0	0	53	0	0	1	1	2	0	6	0	0	0	0	0	0	6	0	1	0	2	0	0	0	0	5	0	0	0	0	0	27	0	0	0	0	0	0	0	5	0	1	0	0	3	0	0	0	0	2	7	1	0	1	1	4	6	1	0	0	0	5	0	0
OTU426	0	0	0	0	0	0	0	8	0	0	0	0	0	0	0	0	0	0	4	0	0	0	0	0	0	0	2	0	0	0	0	0	0	0	0	0	0	0	3	0	4	17	0	0	0	0	0	3	0	0	0	2	0	0	0	0	0	0	0	0	0	0	0	0	2	0	0	3	0	0	0	0	12	0	0	0	0	0	0	0	0	1	1	0	0	0	1	0	0	0	0	1	0	0	0	0	0	0	0	0	0	0
OTU427	0	0	0	0	0	0	0	0	0	0	0	0	0	0	0	0	0	0	5	0	0	0	0	0	0	0	0	0	0	0	0	0	0	0	0	0	0	0	0	0	42	1	0	0	0	0	0	0	0	0	0	0	0	0	0	0	0	2	1	0	0	0	0	0	0	0	0	8	0	0	0	0	0	0	0	0	0	0	0	0	0	0	0	0	0	2	0	0	0	0	0	0	0	0	2	0	1	0	0	0	0	0
OTU428	0	0	0	0	0	0	0	0	0	0	0	0	0	0	0	0	0	0	0	0	0	0	0	0	1	0	0	0	0	0	0	0	0	0	0	0	0	0	0	0	0	0	0	0	0	0	0	0	0	0	0	0	0	0	0	0	0	0	0	0	0	0	0	0	0	0	0	0	0	0	0	0	0	0	0	0	0	0	0	0	0	0	0	0	0	0	0	0	0	0	0	0	0	0	0	0	1	0	0	0	0	70
OTU429	0	0	0	0	0	0	0	0	0	0	0	0	0	0	0	0	0	0	0	0	0	0	0	0	0	0	0	0	0	0	13	1	0	0	0	0	0	0	0	0	12	1	0	1	0	0	0	10	0	0	0	1	4	0	0	0	1	0	0	1	1	0	0	1	0	3	1	7	0	0	1	3	0	2	2	4	1	1	0	0	0	6	4	8	0	0	0	3	1	0	0	0	0	0	0	0	2	3	2	0	0	0
OTU43	0	4	1	2	0	0	2	8	0	2	1	16	3	0	2	0	2	0	2	2	1	11	3	1	2	1	2	8	3	11	2	2	9	6	9	1	8	8	8	0	9	8	5	8	5	16	5	3	118	288	99	3512	245	289	17	24	14	4	20	0	2	154	4	4	5	2	532	47	129	6	4	3	6	836	1	2	7	12	2	11	3	3	12	617	8	2	11	13	2	1	4	9	10	16	17	12	19	4	10	7	6	5
OTU430	0	0	0	0	0	0	0	0	0	0	0	0	0	0	0	0	0	0	0	0	0	0	0	0	0	0	0	0	0	0	0	0	3	0	0	0	0	0	0	0	0	0	0	0	1	0	0	0	0	0	0	6	0	1	0	0	0	0	4	0	0	7	0	0	0	0	0	0	2	0	0	0	0	2	0	0	0	0	0	0	0	1	0	2	0	0	0	0	0	1	0	0	0	0	0	0	0	10	0	0	0	19
OTU431	0	0	0	0	0	0	0	1	0	0	0	2	0	0	0	0	0	0	0	0	2	0	0	0	0	0	0	0	0	0	0	0	0	0	1	1	0	0	0	0	0	0	0	0	0	0	0	0	0	0	0	1	7	0	0	7	0	5	0	0	7	0	1	0	0	2	0	8	0	0	0	0	2	0	0	0	0	0	1	0	0	0	9	0	9	1	0	0	0	0	0	1	2	2	0	0	0	1	0	0	0	0
OTU432	0	0	0	0	0	0	0	0	0	0	0	1	0	0	0	0	0	0	0	0	0	0	0	0	0	0	17	0	14	0	0	0	5	0	0	0	0	0	0	0	0	2	0	0	0	0	0	0	0	0	0	0	0	2	0	0	0	0	0	0	0	0	0	0	0	0	0	0	0	0	0	0	0	0	0	1	0	0	0	0	0	0	2	0	0	0	0	0	0	0	15	0	0	0	0	1	1	0	0	0	0	0
OTU433	0	3	0	0	0	0	0	0	1	0	0	0	0	1	0	0	0	0	0	0	0	0	0	0	0	0	0	0	1	0	0	0	0	0	0	0	0	0	0	0	0	1	0	0	1	0	0	0	0	0	0	0	1	0	1	0	0	0	0	0	0	5	0	0	0	0	0	0	0	0	0	0	0	1	0	0	3	0	0	0	0	0	0	46	0	0	2	0	0	0	0	0	0	0	0	0	0	0	0	0	0	0
OTU434	0	0	0	0	0	0	0	0	0	0	0	0	0	0	0	0	0	0	0	0	0	0	0	0	0	0	0	15	0	0	0	0	0	0	0	0	0	0	0	0	2	1	0	0	0	0	0	1	0	0	0	0	0	0	2	0	0	0	0	0	0	0	0	0	0	0	0	0	2	0	0	0	0	0	0	68	0	0	0	0	1	1	0	0	0	0	0	1	0	0	0	0	0	0	0	0	1	0	0	0	1	0
OTU435	0	0	0	0	0	0	0	0	0	0	0	0	0	0	0	0	0	0	0	0	0	0	0	0	0	0	0	0	0	0	0	0	0	0	0	0	1	0	0	0	45	0	0	3	0	0	0	2	0	0	0	0	0	0	0	0	0	0	2	0	0	0	0	0	0	0	0	0	0	0	0	0	0	0	0	0	0	0	0	0	0	2	2	0	0	0	0	0	0	0	0	0	0	0	0	0	0	0	3	0	0	0
OTU436	0	0	0	0	0	0	0	0	0	0	0	0	0	0	0	0	0	0	0	0	0	0	0	0	0	0	22	0	0	0	1	0	6	0	2	0	0	0	0	0	3	0	0	0	0	0	0	0	2	0	0	0	0	0	0	0	1	0	3	2	0	0	0	0	3	0	0	0	0	9	0	0	0	0	0	1	0	0	0	0	0	0	0	0	0	0	0	0	6	0	0	0	0	0	0	1	1	0	0	0	0	1
OTU437	0	0	0	0	0	0	0	0	0	0	0	0	0	0	0	0	0	0	0	0	0	0	0	0	0	0	35	0	0	0	0	0	13	0	0	0	0	0	0	0	8	0	0	0	0	0	0	0	2	0	0	0	0	0	0	0	0	0	0	0	0	0	0	0	0	0	0	0	0	3	1	0	0	0	0	0	0	0	0	0	0	0	0	0	0	0	0	0	0	0	0	0	0	0	0	0	0	0	0	0	2	0
OTU438	0	0	0	0	1	0	3	0	0	0	0	0	0	0	0	0	0	0	3	0	0	0	0	0	15	0	0	6	0	3	0	1	2	3	0	0	0	0	0	0	156	12	2	4	1	19	0	2	2	0	0	4	0	0	13	0	1	2	1	0	1	0	6	1	3	6	6	8	0	9	10	2	0	0	11	3	17	8	50	0	0	3	3	1	26	1	0	1	1	3	7	0	28	5	1	0	0	23	3	0	4	0
OTU439	0	0	0	0	0	0	0	1	0	0	0	0	0	2	0	0	0	0	0	0	0	0	0	0	0	0	0	1	0	0	0	0	2	0	0	0	0	1	5	0	35	0	0	0	4	0	0	0	0	0	0	0	0	0	0	0	0	0	0	0	0	0	0	0	0	0	0	0	0	10	0	0	3	0	0	0	0	0	1	0	0	0	0	2	0	0	2	0	3	2	0	0	0	1	0	0	0	0	0	0	0	0
OTU44	0	1	0	1	0	6	2	36	2	0	1	31	0	3	0	0	0	0	6	0	4	2	3	2	363	6	18	26	9	12	2	3	0	2	38	4	6	6	13	0	32	13	7	4	18	9	4	13	15	13	0	19	15	1635	22	39	21	24	20	4	10	8	35	4	10	7	10	10	9	19	9	15	79	10	9	16	7	8	4691	9	7	15	33	39	87	18	17	32	532	13	14	13	35	23	16	60	25	9	3	3	17	4
OTU440	0	0	0	0	0	0	0	0	0	0	1	0	0	0	0	0	0	0	0	0	0	0	0	0	0	0	0	0	0	1	0	0	0	0	1	0	0	0	0	0	0	0	0	0	0	0	0	0	2	0	0	0	0	0	1	0	0	0	0	0	0	0	0	0	0	0	8	0	0	0	0	0	0	0	0	0	0	0	0	0	0	0	0	0	0	0	0	1	0	0	0	0	9	31	1	0	0	4	11	0	0	0
OTU441	0	0	0	2	0	0	0	0	0	0	0	0	0	0	0	0	0	0	0	0	0	0	0	0	0	0	8	0	0	4	0	0	0	0	0	0	0	0	0	0	23	4	0	0	2	0	0	7	0	3	0	0	1	0	1	0	0	2	0	0	0	0	0	0	21	1	2	8	0	0	0	0	0	0	0	0	0	0	1	0	0	2	0	0	0	0	0	5	0	0	0	0	0	16	5	0	0	0	14	7	4	7
OTU442	0	0	0	0	0	0	0	0	0	0	0	0	0	0	0	0	0	0	0	0	0	0	0	0	0	0	0	0	0	0	0	0	1	0	2	0	0	0	0	0	0	0	0	0	0	0	0	0	0	0	0	0	0	0	0	0	0	0	0	0	0	1	0	0	0	0	0	77	0	0	0	0	0	0	0	0	0	0	0	0	0	0	0	0	0	0	0	0	0	0	0	0	0	0	0	0	0	1	0	0	0	0
OTU443	0	0	0	0	0	0	0	0	0	0	0	0	0	0	51	0	0	0	0	0	0	0	0	0	0	0	0	0	0	0	0	0	0	0	0	0	0	0	0	0	0	0	0	0	0	0	0	0	0	0	0	0	0	0	0	0	0	0	0	0	0	0	0	0	0	0	0	0	0	0	0	0	0	0	0	0	0	0	0	0	0	0	0	0	0	0	0	0	0	0	0	0	0	0	0	0	0	0	0	0	0	0
OTU444	0	0	0	0	0	0	0	0	0	0	0	0	0	0	0	0	0	0	0	0	0	1	0	0	0	0	0	0	0	0	0	0	0	0	1	0	0	0	0	0	0	0	0	0	0	0	0	0	0	0	0	0	0	0	0	0	0	0	0	0	0	0	0	0	3	0	11	50	2	0	0	0	0	0	0	0	0	0	0	0	0	0	0	0	0	0	1	0	0	0	0	0	0	0	0	0	0	0	0	0	0	0
OTU445	0	0	0	0	0	0	0	0	0	0	0	0	0	0	0	0	0	0	0	0	0	0	0	0	0	0	0	0	0	0	0	0	0	0	0	0	27	1	1	0	0	0	0	0	0	0	0	0	0	0	0	0	0	0	0	0	0	0	0	0	0	0	0	6	2	0	0	0	2	0	0	0	0	0	1	0	0	0	0	0	0	0	0	0	0	28	0	0	0	0	0	2	0	0	0	0	0	2	0	0	0	0
OTU446	0	0	0	20	0	0	5	0	0	0	0	0	0	0	0	0	0	0	0	0	0	6	0	0	0	0	0	1	0	2	0	0	0	0	0	3	33	0	0	0	2	0	0	0	1	0	0	10	0	90	0	0	0	21	0	0	0	0	0	0	0	0	0	0	0	0	0	0	0	0	0	0	0	0	0	0	0	1	0	0	26	0	1	0	0	0	0	5	0	6	0	0	0	0	0	0	0	0	0	0	0	0
OTU447	0	0	0	0	0	0	0	0	0	0	0	0	0	0	0	84	0	0	0	0	0	0	0	0	0	0	0	0	0	0	0	0	0	0	0	0	0	0	0	0	0	0	0	0	0	0	0	0	0	0	0	0	0	0	0	0	0	0	0	0	0	0	0	0	0	0	0	0	0	0	0	0	0	0	0	0	0	0	0	0	0	0	0	0	0	0	0	0	0	0	0	0	0	1	0	0	0	0	0	0	0	0
OTU448	0	0	0	0	0	0	0	0	0	0	0	0	0	0	0	0	0	0	0	0	0	0	0	0	0	0	0	52	0	0	0	0	0	0	0	0	0	0	0	0	0	0	0	0	0	0	0	0	0	0	0	0	0	0	0	0	0	0	1	0	0	0	0	0	0	0	0	3	0	0	4	0	2	0	0	0	0	0	0	0	0	0	0	0	0	0	0	0	0	0	0	0	0	0	2	0	0	0	0	0	0	0
OTU449	0	0	0	0	0	0	0	7	0	0	0	0	0	0	0	0	0	0	0	0	7	0	0	0	0	0	0	0	11	0	7	0	0	0	1	11	5	2	2	0	72	3	13	0	1	0	8	32	0	0	1	0	2	0	2	2	0	4	1	0	0	6	0	3	1	2	1	1	0	8	0	3	0	0	2	3	2	14	0	0	0	2	0	22	6	0	2	5	0	22	16	0	5	1	9	4	1	2	0	2	0	1
OTU45	0	2	0	0	3	1	3	14	3	0	0	6	0	1	0	0	1	0	14	0	3	4	3	174	7	4	11	18	7	1265	8	7	4	2	8	6	15	14	807	0	648	12	8	5	13	14	8	11	33	1977	6	25	180	8	32	26	13	17	29	5	7	3	4	6	8	2	10	5	6	15	9	13	11	17	455	5	9	8	10	6	14	28	19	14	8	11	11	22	12	11	114	1173	20	31	16	17	34	3	9	12	15	4
OTU450	0	0	0	0	0	0	0	0	0	0	0	0	0	0	0	0	0	0	0	0	0	0	0	0	0	0	0	0	0	0	0	0	0	0	0	0	0	1	0	0	0	0	0	0	0	0	0	0	0	0	0	0	0	0	0	0	0	0	0	0	0	0	0	0	0	0	0	0	0	56	0	0	0	0	0	0	0	0	0	0	0	0	0	0	0	0	0	0	0	0	0	0	0	0	3	0	0	0	0	0	0	0
OTU451	0	0	0	17	0	0	66	0	0	0	0	0	0	0	0	0	0	0	0	0	0	55	0	0	0	0	0	0	0	2	0	0	0	0	1	65	24	0	0	0	0	0	0	0	0	0	0	31	0	67	0	0	0	14	0	0	0	0	0	0	7	0	0	1	7	0	0	0	0	0	0	1	0	0	0	0	3	2	0	0	40	0	0	0	0	0	1	2	0	1	0	0	0	0	3	0	0	0	0	0	0	1
OTU452	0	0	0	0	0	0	0	0	0	0	0	0	0	0	0	0	0	0	0	0	0	8	0	0	0	0	0	0	0	0	0	0	0	0	0	0	49	0	0	0	0	0	0	0	0	0	0	0	0	0	0	0	0	0	0	0	0	0	0	0	0	0	0	0	0	0	0	0	0	0	0	0	0	0	0	0	0	0	0	0	0	0	0	0	0	0	0	0	0	0	0	0	0	0	0	0	0	0	0	0	0	0
OTU453	0	0	0	0	0	0	0	0	0	0	0	0	0	0	0	0	0	0	0	0	0	0	0	0	0	0	8	0	0	1	0	0	6	3	0	2	0	0	0	0	3	2	0	0	27	2	1	4	0	0	0	0	0	0	27	3	0	0	4	1	0	0	6	0	4	0	0	0	0	0	0	0	0	4	0	0	0	0	5	0	0	0	0	0	1	0	0	0	0	1	0	0	3	1	3	1	2	0	1	4	0	0
OTU454	0	0	0	0	0	0	1	0	0	0	0	0	0	0	0	0	0	0	0	0	0	0	0	0	0	0	1	0	0	0	4	0	3	0	0	0	0	0	0	0	0	4	0	0	0	0	0	0	0	0	0	0	0	1	0	0	0	0	0	0	0	0	0	0	7	0	0	2	0	0	13	4	0	0	4	0	0	1	1	0	6	0	0	0	0	0	5	0	0	0	0	0	1	0	0	2	1	0	0	0	0	0
OTU455	0	0	0	0	0	0	1	0	0	0	0	0	0	0	0	0	0	0	0	0	0	0	0	0	0	0	0	0	0	0	1	0	20	0	0	0	0	0	0	0	0	0	0	0	34	0	0	0	0	2	0	0	0	0	0	0	0	0	0	0	0	0	0	0	0	1	0	0	0	0	0	0	0	0	0	0	0	0	3	0	3	0	0	0	0	0	0	0	0	0	0	0	1	0	0	0	0	0	1	0	0	8
OTU456	0	0	0	0	0	0	0	0	0	0	0	0	0	0	0	0	0	0	0	0	0	0	0	0	0	0	0	0	0	0	0	0	0	0	0	0	0	0	0	0	0	0	0	0	0	0	0	0	0	0	0	0	0	0	37	0	0	0	0	0	0	0	0	5	21	0	2	0	0	0	0	0	0	0	0	0	0	0	0	0	0	0	0	0	0	3	0	0	0	0	0	0	0	0	0	0	0	0	0	0	0	0
OTU457	0	0	0	0	0	0	3	0	0	0	0	0	0	0	0	0	0	0	0	0	0	7	0	0	0	0	3	0	0	0	1	0	4	2	1	1	44	0	0	0	40	5	0	3	0	11	0	1	2	0	0	3	0	0	0	0	0	0	0	0	0	0	0	0	5	1	2	0	5	0	0	0	0	1	0	0	0	1	0	2	16	0	0	0	0	0	1	0	0	0	1	0	0	0	0	0	1	1	0	0	11	1
OTU458	0	0	0	0	0	0	0	0	0	0	0	0	0	0	0	0	0	0	0	0	0	0	0	0	0	0	0	0	0	0	0	0	0	0	0	0	0	0	0	0	0	0	1	0	0	0	0	0	0	0	0	0	0	0	0	0	0	0	0	0	0	0	0	0	0	0	0	0	2	34	0	0	0	0	0	0	0	0	0	0	0	0	0	0	0	0	0	0	0	0	0	0	0	5	0	0	0	0	2	0	0	0
OTU459	0	0	0	0	0	0	0	0	0	0	0	0	0	0	0	0	0	0	0	0	0	0	0	0	0	0	0	0	0	0	0	0	0	0	0	0	0	0	0	0	0	0	0	0	0	0	0	0	0	0	0	0	0	0	22	0	0	0	0	0	0	0	0	0	3	0	0	0	0	0	0	0	0	0	0	0	0	0	0	0	0	1	0	0	0	0	0	0	20	0	0	0	1	0	0	0	0	0	0	0	0	0
OTU46	0	2	0	2	1	0	25	19	0	4	7	16	0	4	1	0	0	1	20	0	38	13	37	27	3	7	49	27	230	15	14	12	18	19	116	7	111	873	214	0	3744	234	261	86	77	83	259	34	8	108	3	81	10	26	58	67	113	40	98	8	13	16	10	11	32	21	44	103	12	558	269	326	25	38	42	422	327	319	45	68	156	45	73	182	53	29	175	132	237	52	26	18	32	46	59	34	49	7	26	7	14	13
OTU460	0	0	0	0	0	0	0	0	0	0	0	0	0	0	0	0	0	0	0	0	0	0	0	0	3	0	0	0	0	0	0	0	0	0	0	0	0	0	0	0	0	0	0	0	0	0	0	0	0	0	0	0	0	0	0	0	0	0	0	0	0	0	0	0	0	0	0	0	0	0	0	0	0	0	0	0	0	0	0	0	0	0	0	0	0	0	0	0	0	0	0	0	0	0	0	0	0	0	0	0	0	71
OTU461	0	0	0	0	0	0	2	0	0	0	0	0	0	0	0	0	0	0	1	0	1	0	0	0	0	0	1	0	2	0	0	0	0	0	2	0	3	0	0	0	7	8	15	0	2	2	0	0	0	0	0	1	0	0	0	1	0	0	1	0	1	0	0	0	0	0	0	0	0	1	0	0	0	0	7	0	1	0	0	11	8	0	0	0	0	0	2	12	0	1	0	0	0	0	0	0	0	0	0	0	6	0
OTU462	0	0	0	0	0	0	0	0	0	0	0	0	0	0	0	0	0	0	0	0	0	0	0	0	0	0	3	0	0	0	1	0	0	0	0	0	1	0	3	0	52	1	1	0	0	0	1	0	0	0	0	4	2	0	0	1	3	2	6	2	0	0	0	0	1	1	0	0	0	0	0	3	0	0	0	0	0	2	0	0	0	0	0	0	0	0	6	0	0	0	0	0	0	4	0	8	0	1	0	0	4	1
OTU463	0	0	0	0	0	0	0	1	0	0	0	0	0	0	0	0	0	0	0	0	0	0	0	0	0	0	0	2	8	0	2	0	0	2	0	1	2	2	0	0	3	1	2	3	0	1	0	1	1	0	0	0	0	0	0	2	2	0	0	0	0	0	0	0	2	6	4	22	7	2	1	0	0	0	1	0	2	2	0	1	0	0	11	0	1	0	1	8	1	0	0	1	0	1	7	0	0	17	7	0	12	7
OTU464	0	0	0	0	0	0	0	0	0	0	0	0	0	0	0	0	0	0	0	0	0	0	0	0	0	0	0	0	0	0	2	0	0	0	0	0	1	0	0	0	0	0	0	0	0	0	0	4	0	0	0	0	0	0	0	0	4	0	0	0	0	0	0	0	0	0	0	0	0	0	0	0	0	0	0	0	49	0	0	0	0	0	0	0	0	0	0	0	0	0	0	0	0	1	0	0	0	0	0	0	0	0
OTU465	0	0	0	0	0	0	0	0	0	0	0	0	0	0	0	0	0	0	0	0	0	0	0	0	0	0	0	0	0	0	0	7	0	0	0	0	0	0	0	0	0	0	0	30	0	0	0	2	0	0	0	0	0	0	0	3	0	0	0	0	0	0	0	0	0	0	0	0	0	0	0	0	0	0	0	0	0	0	0	0	0	0	0	0	0	0	0	0	0	0	0	0	2	0	0	0	0	0	0	0	0	0
OTU466	0	0	0	0	0	0	0	0	0	0	0	0	0	0	0	0	0	0	0	0	0	0	0	0	0	0	0	0	0	0	0	1	0	0	1	0	0	0	0	0	0	0	0	0	0	0	0	0	0	0	0	0	0	1	0	0	0	0	1	0	0	0	0	0	9	4	2	31	15	2	0	0	0	0	0	0	0	0	0	0	1	0	0	0	2	0	0	0	0	1	0	0	0	0	0	0	0	6	0	0	0	0
OTU467	0	0	0	0	0	0	0	0	0	0	0	0	0	0	0	0	0	0	0	0	0	0	0	0	0	0	0	0	0	0	0	0	0	0	0	0	0	0	0	0	42	0	1	0	0	0	0	0	0	0	0	0	0	0	0	0	0	0	0	0	0	0	0	0	0	0	0	0	0	0	0	0	0	2	0	0	0	0	0	0	0	0	0	0	0	0	0	0	0	0	0	0	0	0	0	0	0	0	0	0	0	0
OTU468	0	0	0	0	0	0	0	0	0	0	0	0	0	0	0	0	0	0	0	0	0	0	0	0	0	0	0	0	0	0	0	0	0	0	0	0	0	0	0	0	54	1	0	0	1	0	0	0	0	0	0	6	0	0	1	0	0	0	2	0	0	0	0	0	0	0	0	0	0	0	0	0	0	0	0	0	0	0	1	0	0	0	0	0	0	0	0	1	0	0	0	0	0	0	0	1	0	2	0	0	0	0
OTU469	0	0	0	0	0	0	3	0	0	0	0	0	0	0	0	0	0	0	0	0	0	0	0	0	0	0	0	1	0	0	0	0	0	0	2	0	0	0	0	0	24	0	0	0	0	0	0	0	0	0	0	1	0	0	0	0	0	0	0	0	0	0	0	0	2	1	0	8	0	0	0	0	0	0	0	0	0	0	0	0	7	0	0	0	0	0	0	0	7	0	0	0	1	0	0	0	0	0	0	0	0	1
OTU47	0	0	0	0	0	0	12	43	0	0	0	0	0	0	0	0	0	0	36	0	8	15	7	18	13	16	0	0	0	0	0	5	36	12	78	15	0	0	0	0	0	0	0	0	0	0	0	0	0	0	0	0	0	0	0	0	1	0	0	21	13	13	6	47	42	55	59	36	67	0	1	0	0	0	0	1	0	2	0	0	0	0	2	0	2	0	0	0	0	1	0	0	0	31	1	0	114	40	3575	27	17	10954
OTU470	0	0	0	0	0	0	0	0	0	0	0	0	0	0	0	0	0	0	5	0	0	0	0	0	0	0	0	0	0	0	0	0	0	0	0	0	0	23	0	0	0	16	0	0	0	0	0	0	0	0	0	0	0	0	2	0	0	0	11	0	0	0	0	0	0	0	0	0	4	0	0	0	0	0	0	0	0	0	0	0	0	0	0	0	0	0	0	0	0	0	0	0	0	0	0	0	0	0	0	0	0	0
OTU471	0	0	0	0	0	0	1	0	0	0	0	0	0	0	0	0	0	0	8	0	0	0	0	0	0	0	0	0	0	0	0	0	0	0	2	0	0	0	0	0	16	23	0	0	0	0	0	0	0	0	0	0	2	0	0	0	0	0	0	0	0	0	0	0	0	0	0	0	2	0	0	0	0	0	0	0	0	0	0	0	0	0	0	0	0	0	0	0	0	0	0	0	0	0	0	0	0	0	2	0	0	43
OTU472	0	0	0	11	0	0	8	0	0	0	0	0	0	0	0	0	0	0	0	0	0	5	0	0	0	0	0	3	0	0	0	0	0	0	1	9	23	0	0	0	0	0	0	0	0	0	0	16	0	49	0	0	0	19	1	0	0	0	0	0	2	0	0	0	3	0	0	0	0	0	0	2	0	0	0	0	1	1	0	0	18	0	1	0	0	1	1	0	0	2	0	0	0	0	0	0	0	0	0	0	0	0
OTU473	0	0	0	0	0	0	0	0	0	0	0	0	0	0	0	0	0	0	0	0	0	0	0	0	0	0	0	0	0	0	0	0	0	0	0	0	0	0	0	0	0	0	0	0	0	0	0	0	0	0	0	0	0	0	0	0	0	0	0	2	0	0	0	0	0	78	0	0	0	0	0	0	0	0	0	0	0	0	0	0	0	0	0	0	0	0	0	0	0	0	0	0	0	0	0	0	0	0	0	0	0	0
OTU474	0	0	0	0	0	0	0	1	0	0	0	0	0	0	0	0	0	0	0	0	0	1	0	0	0	0	0	41	0	0	1	0	0	0	1	0	0	0	0	0	0	0	0	0	0	0	0	0	0	0	0	0	0	0	0	0	1	0	0	0	0	0	0	0	0	0	0	0	0	0	0	0	0	0	0	5	0	0	0	0	0	0	0	0	0	0	0	0	0	0	0	0	0	0	0	0	0	0	0	0	0	0
OTU475	0	0	0	0	0	0	0	0	0	0	0	0	0	0	0	0	0	0	0	0	0	0	0	0	0	0	0	0	0	0	0	2	0	0	0	1	0	0	0	0	0	0	0	12	0	0	0	0	0	0	0	0	0	0	0	0	0	3	5	0	0	0	12	0	0	0	0	0	3	0	0	0	0	0	0	0	0	0	0	0	0	0	0	0	12	0	0	0	0	0	0	1	0	0	1	0	0	1	0	0	0	0
OTU476	0	0	0	0	0	0	0	0	0	0	0	0	0	0	0	0	0	0	0	0	0	0	0	0	0	0	0	0	0	0	0	0	0	0	0	8	0	0	0	0	51	0	0	0	0	0	0	18	0	0	0	0	0	2	0	0	0	0	0	0	0	0	0	0	0	0	0	0	0	0	2	0	0	0	0	0	0	0	0	0	0	0	1	0	0	0	0	0	3	0	0	0	0	0	0	0	0	0	0	0	1	0
OTU477	0	0	0	0	0	0	0	0	0	0	0	0	0	0	0	0	0	0	0	0	0	0	0	0	0	0	0	0	0	0	0	0	0	0	0	0	1	5	0	0	36	0	0	0	0	0	0	0	0	0	0	0	0	0	0	0	0	0	0	0	0	0	0	0	0	0	0	0	0	0	1	1	0	0	0	0	1	0	0	0	0	0	0	1	0	0	0	0	3	0	0	0	0	0	1	0	0	0	0	0	0	0
OTU478	0	0	0	0	0	0	0	0	0	0	0	0	0	0	0	0	0	0	1	0	0	0	0	0	0	0	0	0	0	0	0	0	0	0	0	0	0	0	0	0	45	4	0	0	0	0	0	0	0	0	0	0	0	0	0	2	0	0	0	0	0	0	0	0	0	0	0	0	0	0	0	0	0	0	0	1	0	0	0	0	0	0	0	0	0	0	0	0	0	0	0	1	0	0	0	0	0	0	0	0	0	0
OTU479	0	0	0	0	0	0	4	0	0	0	0	0	0	0	0	0	0	0	0	0	0	0	0	0	0	0	0	0	0	2	0	0	0	0	0	0	0	0	0	0	0	0	0	0	0	0	0	0	5	0	0	0	0	0	0	0	3	0	0	0	0	0	0	0	0	0	0	0	0	0	0	0	0	0	0	0	0	0	0	0	32	0	1	0	0	0	0	0	0	0	0	0	1	0	0	0	0	0	5	0	0	0
OTU48	0	7	2	0	2	0	3	13	3	31	1	18	0	6	0	1	1	0	10	0	22	8	5	7	7	3	22	22	12	424	17	0	82	0	13	41	14	23	23	0	38	53	24	18	353	43	17	248	31	35	12	45	26	35	57	410	56	504	3418	45	371	4	3	105	15	95	21	187	625	22	25	31	28	20	33	23	22	19	14	21	24	194	1897	15	28	379	18	30	13	20	15	21	354	716	808	986	3614	122	136	130	219	920
OTU480	0	0	0	0	0	0	0	0	0	0	0	0	0	0	0	0	0	0	0	0	0	3	0	0	0	0	0	0	0	0	0	0	0	0	0	0	34	0	0	0	3	0	0	0	0	0	0	0	0	0	0	0	0	0	0	0	0	0	0	0	0	0	0	0	0	0	0	0	0	0	0	0	0	0	0	0	0	0	0	0	0	0	0	0	0	0	0	0	0	0	0	0	0	1	0	0	0	0	0	0	0	0
OTU481	0	0	0	0	0	0	0	0	0	0	0	0	0	0	0	0	0	0	0	0	0	0	0	0	0	0	0	0	0	0	0	0	0	0	0	0	0	0	2	0	0	0	0	0	0	0	0	0	2	0	0	0	0	0	0	0	2	0	0	0	0	0	0	0	0	0	0	0	0	0	0	0	0	0	0	0	0	25	0	5	0	1	0	0	0	0	0	1	0	1	0	0	0	0	0	0	0	0	0	0	2	0
OTU482	0	0	0	0	0	0	0	0	0	0	1	0	0	0	0	0	0	0	0	0	0	0	0	0	0	0	0	0	0	0	0	0	0	0	0	0	0	0	0	0	0	0	0	0	0	1	0	9	0	0	0	0	0	0	0	2	0	0	47	0	0	0	0	0	0	0	0	0	11	0	0	0	0	0	0	2	0	0	0	0	0	0	0	0	0	1	1	0	0	0	0	0	0	0	1	0	0	0	0	0	0	0
OTU483	0	0	0	0	0	0	0	0	0	0	0	0	0	0	0	0	0	0	0	0	0	0	0	4	0	0	0	0	0	0	0	0	0	0	13	0	0	0	2	0	0	0	0	0	0	0	18	0	0	0	0	0	3	0	0	0	0	0	2	0	0	0	0	0	0	0	0	0	0	0	0	0	0	0	0	0	0	0	0	0	0	0	0	0	0	0	0	0	0	0	0	0	0	0	0	2	0	0	0	0	2	0
OTU484	0	2	0	0	0	0	0	0	0	0	0	0	0	1	0	0	0	0	0	0	0	0	0	1	0	0	0	0	0	0	0	0	0	0	0	0	0	0	7	0	54	0	0	0	0	0	0	0	1	0	0	0	0	0	0	0	0	1	0	0	0	0	0	0	0	0	2	0	0	0	1	0	0	0	0	1	3	0	1	0	0	0	0	0	0	0	0	1	0	42	0	0	0	0	3	0	3	0	0	3	0	0
OTU485	0	0	0	0	0	0	0	0	0	0	0	0	0	0	0	0	0	0	0	0	0	0	0	0	0	0	2	0	0	0	0	0	0	0	0	0	8	0	0	0	3	8	3	0	0	2	1	7	0	0	0	3	0	0	0	1	1	0	0	0	0	0	2	0	0	0	5	0	0	4	0	0	0	0	0	1	3	0	1	4	1	0	0	0	0	0	0	0	0	5	0	1	0	0	0	0	0	0	0	0	0	0
OTU486	0	0	0	0	0	0	0	0	0	0	0	0	0	0	0	0	0	0	0	0	0	0	0	0	0	0	0	0	0	0	0	0	0	0	0	0	0	0	0	0	11	0	0	0	0	0	0	0	0	0	0	0	1	0	0	0	0	0	0	0	2	0	0	0	0	0	0	0	0	0	0	0	0	0	0	0	0	0	0	0	0	0	14	0	0	0	0	0	1	0	0	0	0	0	11	0	2	2	0	0	0	0
OTU487	0	0	0	0	0	0	0	2	0	0	0	0	0	0	0	0	0	0	2	0	0	0	0	0	0	1	1	8	0	37	0	1	0	1	2	0	0	0	0	0	13	0	0	0	1	3	2	6	0	0	0	0	2	0	19	0	0	1	0	0	0	0	0	0	52	3	0	234	3	1	0	0	0	0	0	1	38	0	5	0	1	0	0	0	0	0	0	0	0	0	0	0	0	0	4	0	0	0	9	2	2	4
OTU488	0	0	0	0	0	0	0	0	0	0	0	0	0	0	0	0	0	0	0	0	0	0	0	0	0	0	0	4	0	0	2	0	0	0	0	0	0	0	0	0	0	0	0	0	0	0	0	0	0	0	0	0	24	0	0	0	0	0	1	0	0	2	0	0	0	1	6	8	3	0	0	0	0	1	0	0	0	0	0	0	0	0	0	0	0	0	20	0	0	0	0	0	0	0	0	0	0	0	0	0	0	0
OTU489	0	0	0	0	0	0	0	0	0	0	0	0	0	0	0	0	0	0	0	0	0	0	0	0	0	0	0	0	0	0	0	2	0	0	0	0	0	0	0	0	0	0	0	0	1	0	0	0	0	0	0	0	0	0	0	0	0	0	0	0	0	0	0	0	0	2	1	0	0	0	0	0	0	0	0	0	0	0	0	0	0	0	0	0	0	0	0	0	0	0	0	0	14	0	0	2	0	2	0	0	47	0
OTU49	0	1	0	0	0	0	4	22	1	1	1	7	0	1	1	0	0	0	6	0	9	9	17	11	5	2	3	2	9	4	3	19	12	6	29	11	0	2	4	1	5	3	1	90	5	5	1	100	4	5	5	8	2	5	121	20	9	62	624	8	6	8	7	14	1009	518	160	76	147	1	0	2	24	18	2	216	5	4	1	5	9	4	4	4	2	14	324	1	2	1	6	90	137	24	12	21	172	431	489	51	452	140
OTU490	0	0	0	0	0	0	0	0	0	0	0	0	0	0	0	0	0	0	0	0	0	0	0	0	0	0	0	0	0	0	0	0	0	0	0	0	0	0	1	0	0	0	0	0	0	0	0	0	0	0	0	0	0	0	0	0	0	0	28	0	0	0	3	0	0	0	0	0	7	0	0	0	0	0	0	0	0	0	0	0	0	0	0	0	6	0	0	0	0	0	0	0	0	0	0	0	0	0	0	0	0	0
OTU491	0	0	0	0	0	0	0	0	0	0	0	0	0	0	0	0	0	0	0	0	0	0	0	0	0	0	0	0	0	0	0	0	0	0	0	0	0	0	0	0	0	0	0	0	0	0	0	1	0	0	0	0	0	0	0	0	38	0	0	0	0	0	0	2	0	0	3	0	0	0	0	0	0	0	0	0	0	0	0	0	0	0	0	0	0	4	0	0	0	0	0	0	7	4	0	0	0	3	0	0	0	0
OTU492	0	0	0	0	0	0	0	0	0	0	0	0	0	0	0	0	0	0	0	0	0	0	0	0	0	0	19	6	0	0	0	0	3	0	0	0	0	0	0	0	0	0	0	0	0	0	0	0	0	0	0	0	0	0	0	0	0	0	0	0	0	0	0	0	0	0	0	0	0	0	0	0	0	0	0	7	3	1	0	0	0	0	0	0	1	0	0	0	1	0	0	0	0	0	3	0	0	0	0	0	0	0
OTU493	0	0	0	0	0	0	0	0	0	0	0	0	0	0	0	0	0	0	0	0	0	0	0	0	0	1	0	0	0	0	0	0	0	0	3	0	0	0	0	0	28	2	0	0	0	0	0	0	0	0	0	0	1	0	1	1	0	0	0	0	0	0	0	0	0	0	0	0	0	2	0	3	0	0	0	0	0	0	3	0	0	0	1	0	0	0	0	0	39	0	0	0	0	0	0	0	0	0	0	0	0	0
OTU494	0	0	0	0	0	0	0	0	0	0	0	0	0	0	0	0	0	0	0	0	0	0	0	0	0	0	0	0	0	0	0	0	0	0	0	0	0	0	0	0	14	0	0	2	1	0	0	0	0	0	0	27	0	0	0	0	0	0	1	2	0	0	0	0	0	0	9	0	0	0	0	0	0	0	0	0	0	0	0	0	0	0	0	0	0	0	2	0	0	0	0	0	0	0	0	0	0	0	0	0	1	0
OTU495	0	0	0	17	0	0	6	0	0	0	0	0	0	0	0	0	0	0	0	0	0	4	0	0	0	0	0	1	0	6	0	0	0	3	0	3	32	0	0	0	3	0	0	0	0	0	0	20	0	56	0	0	1	7	0	0	0	0	0	0	0	0	0	0	0	0	0	0	0	0	0	0	0	0	1	0	1	0	0	0	12	0	2	0	0	0	0	4	0	2	0	2	1	0	3	0	0	0	0	0	0	0
OTU496	0	0	1	35	0	0	2	0	0	0	0	0	0	0	0	0	0	0	0	0	0	5	0	0	0	0	0	0	0	2	0	0	0	0	0	1	84	0	0	0	0	0	0	0	0	0	0	43	0	152	0	0	0	28	0	0	0	0	0	0	0	0	0	0	0	0	0	0	0	0	0	1	0	0	1	0	1	0	0	0	53	0	1	0	0	0	1	9	0	5	0	0	0	0	1	0	0	0	0	0	0	0
OTU497	0	0	0	0	0	0	0	0	0	0	0	1	0	0	0	0	0	0	0	0	0	0	0	0	0	0	0	35	0	0	0	0	0	0	1	0	0	0	0	0	0	0	1	0	0	0	0	0	0	2	0	0	0	0	0	0	0	0	0	0	0	0	0	0	0	0	0	0	2	0	0	0	0	0	0	0	0	0	0	0	0	0	0	0	0	0	3	31	1	0	0	0	0	0	0	0	0	0	0	0	0	0
OTU498	0	0	0	0	0	0	39	0	0	0	0	0	0	0	0	0	0	0	0	0	0	52	0	0	0	0	0	0	0	1	0	0	0	3	0	10	0	0	0	0	0	0	0	0	0	0	0	0	0	0	0	0	0	1	0	0	0	0	0	0	3	0	0	0	0	0	0	0	0	0	0	0	0	0	0	0	0	0	0	0	0	0	0	0	0	0	0	0	0	0	0	0	0	0	0	0	0	0	0	0	0	0
OTU499	0	0	0	0	0	0	0	0	0	0	0	0	0	0	0	0	0	0	1	0	0	0	0	0	0	0	0	0	0	0	0	0	0	0	0	0	0	3	0	0	47	0	1	0	0	0	0	0	0	0	0	0	0	0	0	0	0	0	0	0	0	0	0	0	0	0	0	0	0	0	0	0	0	0	0	1	0	0	0	0	0	0	0	0	0	0	0	0	0	0	0	0	0	0	0	0	0	0	0	0	0	0
OTU5	0	22	10	16	13	18	748	357	6	9	20	155	0	49	4	11	1	1	366	0	86	224	57	104	593	75	3969	705	76	484	1047	308	838	122	1196	373	126	137	159	0	4838	1906	137	2611	733	505	1227	2108	2470	11133	64	304	2685	946	2632	8672	1196	4894	2956	1017	118	77	266	375	10027	7369	358	1389	4271	130	3711	4357	692	825	5039	125	124	104	6790	176	4192	3416	180	144	668	557	140	322	128	2892	2255	214	914	1866	3664	967	1511	9704	3249	8211	409	494
OTU50	0	0	0	0	1	1	36	4	0	0	2	7	0	6	3	0	0	2	37	0	13	2	43	36	5	8	189	5	4	6	442	1	43	12	86	0	4	449	172	0	570	153	31	32	9	66	108	4	17	23	14	10	6	16	21	22	23	8	16	1	4	12	21	65	3	1	5	3	7	122	304	50	13	4	14	28	307	146	36	39	120	4	15	57	76	9	322	76	952	8	15	5	18	20	14	37	34	1	5	4	3	7
OTU500	0	0	0	0	0	0	0	0	0	0	0	0	0	0	0	0	0	0	0	0	0	0	0	0	0	0	0	0	0	0	0	0	0	0	0	0	0	0	0	0	0	3	0	0	0	0	0	0	0	0	0	0	1	1	0	0	0	0	0	0	0	0	0	0	0	0	0	0	0	0	0	0	0	0	0	0	0	16	1	0	0	0	0	1	0	0	0	0	22	0	0	0	0	0	0	0	0	0	0	0	0	0
OTU501	0	33	0	0	0	0	0	0	0	0	2	0	0	0	0	0	0	0	0	0	0	1	0	0	0	0	0	1	0	0	0	2	0	0	0	0	0	0	0	0	0	0	0	32	1	0	0	0	0	0	0	0	0	0	0	0	0	0	0	0	0	0	0	0	0	1	0	0	0	0	3	0	0	0	0	2	0	0	0	0	0	1	1	1	0	0	0	0	1	0	0	0	0	0	2	2	16	0	0	2	0	1
OTU502	0	0	0	0	0	0	0	14	0	0	0	0	0	0	0	0	0	0	0	0	0	0	0	0	0	0	0	0	0	0	0	0	0	0	0	0	0	0	0	0	0	0	0	0	0	0	0	0	0	0	0	0	0	0	0	0	0	0	1	0	0	0	0	0	0	0	0	0	0	0	0	0	32	0	0	0	0	0	0	0	0	0	0	0	0	0	0	0	0	0	0	0	0	0	0	0	0	0	0	0	0	0
OTU503	0	0	0	0	0	0	0	0	0	0	0	0	0	0	0	0	0	0	0	0	0	0	0	0	0	5	0	0	0	0	0	0	0	0	0	0	0	0	5	0	4	1	0	0	0	0	0	1	0	0	0	0	0	0	0	0	0	0	0	0	0	0	0	0	0	0	0	0	0	0	0	0	0	1	0	0	0	11	0	6	4	0	0	0	1	0	0	0	0	0	0	0	0	0	0	0	0	0	0	0	0	0
OTU504	0	0	0	0	0	0	0	0	0	0	0	0	0	0	0	0	0	0	0	0	0	0	0	0	0	0	0	0	0	0	0	0	0	0	4	0	0	0	0	0	0	0	0	0	0	0	38	0	0	0	0	0	0	0	0	0	2	0	0	0	0	0	0	0	0	0	0	0	0	0	0	0	0	0	0	0	0	2	0	0	0	0	0	0	0	0	0	0	2	0	0	0	0	0	0	0	5	0	0	0	0	0
OTU505	0	0	0	0	0	0	0	0	0	0	0	0	0	0	0	0	0	0	0	0	0	0	5	0	0	0	0	0	0	0	0	0	0	0	4	0	0	0	0	0	0	0	0	0	0	0	0	0	0	0	0	0	0	0	0	3	15	0	0	0	0	0	0	0	0	0	2	0	0	0	0	15	0	0	0	0	0	0	0	0	0	0	0	0	0	0	0	0	0	0	0	0	0	0	0	0	0	0	0	0	0	0
OTU506	0	0	0	0	0	0	0	2	0	0	0	0	0	0	0	0	0	0	0	0	0	0	0	0	0	0	0	0	0	0	0	0	0	0	1	1	0	0	0	0	0	0	0	0	0	0	9	6	0	0	0	0	0	0	0	0	0	0	0	0	4	0	1	0	0	0	0	8	0	0	0	0	0	0	0	0	0	0	0	0	1	6	1	0	2	0	0	0	0	0	0	0	0	0	1	0	0	0	0	0	0	0
OTU507	0	0	0	0	0	0	0	0	0	0	0	0	0	0	0	0	0	0	0	0	0	0	0	0	0	0	0	0	0	0	0	0	0	0	0	0	0	1	0	0	32	0	1	0	0	0	0	0	0	0	0	0	0	0	0	1	0	0	0	0	0	0	0	0	0	0	0	0	0	0	0	0	1	0	0	0	0	0	0	0	0	0	0	0	0	0	0	0	0	0	0	0	0	0	0	0	1	0	0	0	0	0
OTU508	0	0	0	0	0	0	0	0	0	0	0	0	0	0	0	0	0	0	0	0	0	0	0	0	0	0	0	0	0	0	0	0	0	0	0	0	0	0	0	0	0	0	0	0	0	0	0	0	0	0	0	0	0	0	0	0	5	0	0	0	0	0	0	0	8	0	0	19	0	0	0	0	0	0	0	0	0	0	0	0	0	0	0	0	0	0	0	0	0	0	0	0	0	0	0	0	0	0	0	0	0	1
OTU509	0	0	0	0	0	0	0	0	0	0	0	0	0	0	0	0	0	0	0	0	0	0	0	0	2	0	0	1	0	0	0	0	0	0	0	0	3	2	0	0	18	0	2	0	0	0	0	2	0	0	0	0	0	0	1	0	0	0	1	0	2	0	0	0	0	0	0	0	0	0	0	0	0	0	1	0	0	0	5	0	3	1	0	0	0	0	0	0	0	5	0	0	0	1	0	0	2	0	0	0	0	0
OTU51	0	3	8	0	0	3	4	16	0	1	8	29	0	4	7	0	0	0	9	0	2	12	9	1	2	82	21	5	30	12	9	1	30	7	24	7	15	7	15	0	115	47	8	19	69	9	6	12	14	20	2	90	9	2	28	38	425	67	232	0	6	5	447	8	250	180	823	946	451	14	5	14	28	20	15	11	12	10	7	721	16	21	27	8	2021	7	3	11	7	0	39	11	48	45	2924	60	17	27	284	334	331	128
OTU510	0	0	0	0	0	0	0	0	0	0	0	0	0	0	0	0	0	0	0	0	0	0	0	0	0	0	0	0	0	0	0	0	1	0	0	0	0	3	0	0	1	10	0	0	0	0	0	0	0	0	0	0	0	0	0	0	0	0	0	0	0	0	0	0	0	0	0	0	0	10	10	0	0	0	1	0	0	0	0	0	0	2	0	0	0	0	0	2	0	0	0	0	0	0	0	0	1	0	0	0	0	0
OTU511	0	0	0	0	0	0	0	0	0	0	0	0	0	0	0	0	0	0	0	0	0	0	0	0	0	0	0	0	0	0	0	0	2	0	0	0	0	1	0	0	0	0	0	0	0	0	0	0	0	0	0	34	0	1	0	0	0	0	0	0	0	0	0	0	0	0	15	0	0	0	0	0	0	0	0	0	0	0	0	0	0	0	0	0	0	0	0	0	0	1	0	2	0	0	1	0	0	0	0	0	0	0
OTU512	0	0	0	0	0	0	0	0	0	0	0	0	0	0	0	0	0	0	0	0	1	6	0	0	4	0	1	0	2	0	0	0	3	1	0	0	66	2	0	0	61	4	9	2	15	0	0	0	2	1	0	6	14	4	4	3	2	0	43	0	0	1	0	0	2	0	3	20	12	3	2	1	1	2	61	6	0	0	13	2	4	0	0	19	0	2	0	0	0	4	11	2	1	29	4	0	2	0	1	1	0	0
OTU513	0	0	0	0	0	0	0	0	0	0	0	0	0	0	0	0	0	0	0	0	0	0	0	0	0	0	0	0	0	0	0	0	0	0	0	0	0	0	0	0	36	0	0	0	0	0	0	0	0	0	0	0	0	0	0	0	0	0	0	0	0	0	0	0	0	0	0	0	0	0	0	0	0	0	0	0	0	0	0	0	0	0	1	0	1	0	2	0	0	0	0	0	0	0	0	0	0	0	0	0	0	0
OTU514	0	0	0	0	0	0	0	0	0	0	0	0	0	0	0	0	0	0	0	0	0	0	0	0	0	0	0	0	0	0	0	0	0	0	0	0	2	0	0	0	0	2	0	1	0	0	0	0	0	0	0	0	0	0	0	0	0	0	0	0	7	0	0	0	0	0	0	0	0	0	0	0	0	5	0	0	0	0	0	0	0	0	42	0	0	0	0	2	0	0	0	0	0	0	0	0	0	0	0	0	1	0
OTU515	0	0	0	18	0	0	0	0	0	0	0	0	0	0	0	0	1	0	0	0	0	0	0	0	0	0	0	0	0	1	0	0	0	0	0	0	9	0	0	0	0	0	0	0	0	0	0	2	0	58	0	0	0	21	0	0	0	0	0	0	0	0	0	0	0	0	0	0	0	0	0	0	0	0	0	0	3	0	0	0	18	0	1	0	0	0	0	6	0	1	0	0	0	0	0	0	0	0	0	0	0	0
OTU516	0	0	0	0	0	0	0	0	0	0	0	0	0	0	0	0	0	0	0	0	0	0	0	0	1	0	0	0	0	0	0	0	0	0	0	0	0	0	0	0	0	0	0	0	0	0	0	0	0	0	0	3	0	0	0	0	0	0	0	0	0	0	0	0	13	6	19	8	3	0	0	0	0	0	0	0	0	0	0	0	0	0	0	0	0	0	0	0	0	0	0	0	0	0	0	0	0	1	0	0	0	0
OTU517	0	0	0	0	0	0	0	0	0	0	0	0	0	0	0	0	0	0	0	0	0	0	0	0	0	0	0	0	0	0	0	0	0	0	0	0	0	0	0	0	0	0	0	0	0	0	0	0	0	0	0	0	0	0	0	0	0	0	0	0	0	0	0	0	0	0	41	0	0	0	0	0	0	0	0	0	0	0	0	0	0	0	0	0	0	0	0	0	0	0	0	0	0	0	0	0	0	0	0	0	1	0
OTU518	0	0	0	0	0	0	4	0	0	0	0	0	0	0	0	0	0	0	0	0	0	0	0	2	0	0	0	0	0	0	2	0	0	2	0	0	0	0	0	0	0	3	0	8	2	12	0	0	0	18	0	0	0	0	0	13	0	0	1	0	0	0	0	0	0	9	0	0	0	0	0	0	0	0	0	0	0	1	0	0	0	0	0	12	0	0	0	0	0	2	0	0	0	0	0	3	2	0	0	0	2	0
OTU519	0	0	0	0	0	0	0	0	3	0	0	0	0	0	0	0	0	0	0	0	0	0	0	0	0	0	0	0	0	0	0	0	0	2	0	0	0	0	0	0	0	0	0	0	0	29	0	0	0	0	0	0	0	0	0	0	0	0	0	0	0	0	0	0	0	0	0	0	0	0	0	0	0	0	0	0	0	0	0	0	0	0	0	0	0	0	0	0	0	0	0	0	0	0	0	0	0	0	0	0	0	0
OTU52	0	4	1	0	0	1	1	85	4	1	3	10	0	0	0	0	2	0	6	0	1	1	0	3	13	2	14	17	8	8	8	15	237	49	0	141	4	14	9	0	7	9	6	78	358	137	6	488	2	11	0	996	7	5	14	31	15	8	13	10	44	71	4	7	3	8	293	0	3	4	3	4	158	6	6	11	7	6	9	11	4	14	150	196	6	4	7	20	3	847	4	4	47	56	213	12	16	40	41	85	12	0
OTU520	0	0	0	0	0	0	0	0	0	0	0	0	0	2	0	0	0	0	0	0	0	0	0	0	0	0	0	1	0	0	0	0	1	0	3	0	0	0	3	0	64	0	0	0	0	0	0	0	1	0	0	0	0	0	0	0	0	0	0	0	0	0	0	0	0	0	0	7	0	0	0	0	0	1	0	0	0	0	0	0	0	0	0	0	0	0	0	2	5	0	0	0	0	0	0	2	0	0	0	0	0	0
OTU521	0	0	0	0	0	0	0	0	0	0	3	0	0	0	0	0	0	0	0	0	0	0	0	0	0	0	0	0	1	0	0	0	0	0	0	5	0	0	0	0	5	0	0	0	0	0	0	21	0	0	0	0	0	0	0	0	0	0	0	0	0	0	0	0	0	0	0	0	1	0	0	0	0	0	0	0	0	0	0	0	0	0	8	1	0	0	0	0	0	0	0	0	0	0	0	0	0	0	0	0	0	0
OTU522	0	0	0	0	0	0	0	0	0	0	0	0	0	0	0	0	0	0	0	0	0	0	0	0	0	0	0	0	0	0	0	0	0	2	0	0	0	0	0	0	22	1	0	0	1	8	0	0	0	1	0	0	0	0	1	0	0	0	0	0	0	0	0	0	0	0	0	0	0	0	0	0	0	0	0	0	0	0	0	0	0	0	0	0	0	0	0	0	0	0	0	0	0	0	0	0	0	0	0	0	0	0
OTU523	0	0	0	19	0	0	13	0	0	0	0	0	1	0	0	0	0	0	0	0	0	12	0	0	0	0	0	0	0	16	0	0	0	0	0	3	55	0	0	0	3	0	0	0	0	0	0	18	0	84	0	0	0	24	1	0	0	0	0	0	1	0	0	0	0	0	0	0	0	0	0	2	0	0	3	0	7	2	0	0	24	0	3	0	0	0	0	3	0	5	0	0	0	0	0	0	0	0	0	0	0	0
OTU524	0	0	0	0	0	0	0	0	0	0	0	1	0	1	0	0	0	0	0	0	0	1	0	0	0	1	0	0	1	1	1	3	64	0	0	0	2	0	2	0	9	3	0	0	82	0	0	2	0	0	0	1	0	0	2	0	2	0	0	0	0	3	0	0	0	5	2	0	0	0	1	9	0	1	0	1	1	0	0	33	0	0	0	0	0	1	1	0	0	4	1	1	0	1	0	0	47	0	0	0	1	16
OTU525	0	0	0	0	0	0	37	0	0	0	0	0	0	0	0	0	0	0	0	0	0	25	2	0	0	1	0	0	0	0	0	0	0	3	0	23	0	0	0	0	0	0	0	0	0	0	0	0	0	0	0	0	0	0	0	0	0	0	0	0	2	0	0	0	2	0	0	0	0	0	0	0	0	0	0	0	0	0	0	0	0	0	0	0	0	0	0	0	0	0	0	0	0	0	0	0	0	0	0	0	0	0
OTU526	0	0	0	0	0	0	0	0	0	0	0	0	0	0	0	0	0	0	0	0	2	0	0	0	0	0	0	0	0	0	0	0	0	0	4	0	0	0	0	0	0	0	0	0	0	0	26	0	0	0	0	0	0	0	0	0	0	0	0	0	0	0	0	0	0	0	0	0	0	0	0	3	0	0	0	0	0	0	0	0	0	0	0	0	0	0	0	0	0	0	0	0	0	0	0	0	0	0	0	0	0	0
OTU527	0	0	0	0	0	0	0	0	0	0	0	0	0	0	0	0	0	0	0	0	0	0	0	0	0	0	0	26	0	0	0	0	0	0	0	0	0	0	0	0	0	0	1	0	0	0	0	0	1	0	0	0	0	0	0	0	0	0	1	0	0	0	0	0	4	0	0	0	0	0	0	0	0	0	0	0	0	0	0	0	0	0	1	0	0	0	0	0	0	0	0	0	0	0	0	0	0	0	0	0	0	0
OTU528	0	1	0	0	0	0	0	0	0	0	1	0	0	0	0	0	0	0	0	0	0	0	0	0	0	0	0	0	0	0	0	0	0	0	0	0	0	0	0	0	0	0	0	0	2	0	0	0	1	0	0	0	1	0	0	0	0	0	0	0	0	0	4	0	0	2	0	0	0	0	0	0	0	0	0	0	0	0	0	0	0	0	1	0	6	0	0	0	0	0	0	0	0	19	0	0	0	0	1	0	0	0
OTU529	0	0	0	0	0	0	0	0	0	0	0	0	0	0	0	0	0	0	0	0	3	0	0	0	0	0	0	2	0	0	1	0	0	0	0	1	0	0	0	0	2	0	2	0	0	0	0	2	0	0	0	5	0	0	4	2	4	0	3	0	0	0	0	0	5	1	0	0	2	0	0	4	0	0	0	0	0	0	0	0	1	0	0	1	0	0	0	1	0	11	0	0	0	0	0	0	0	0	0	0	0	0
OTU53	0	0	0	2	0	4	0	2	1	2	3	6	0	0	0	0	0	0	3	0	0	2	0	3	4	0	16	25	3	12	9	2	4	0	145	2	4	6	13	0	4208	15	9	28	22	15	1561	20	15	393	4	15	131	193	24	2167	23	80	31	45	2	0	1	2	1	210	5	15	13	16	1594	778	10	78	7	8	2	659	24	6	9	280	15	15	17	19	4	14	8	40	44	94	52	133	140	24	388	18	22	18	9	71
OTU530	0	0	0	0	0	0	0	0	0	0	0	0	0	0	0	0	0	0	0	0	0	0	0	0	0	0	7	0	0	0	0	0	0	0	0	0	0	1	0	0	63	0	0	0	0	0	0	0	0	0	0	0	1	0	0	0	0	0	0	0	0	0	0	0	0	0	0	0	0	0	0	0	0	0	0	0	0	0	0	0	0	0	1	0	0	0	0	0	0	1	0	0	0	0	0	0	0	0	0	0	0	0
OTU531	0	0	0	0	0	0	0	0	0	0	0	0	0	0	0	0	0	0	0	0	0	0	0	0	0	0	0	0	0	0	0	0	10	0	0	0	0	0	0	0	1	0	0	0	16	0	0	0	0	0	0	0	0	0	0	0	0	0	0	0	0	0	0	0	0	0	0	0	0	0	0	1	0	0	0	0	0	0	0	0	0	0	0	0	2	0	0	0	0	0	0	0	0	0	0	0	0	1	0	0	0	0
OTU532	0	0	0	0	0	0	0	0	0	0	0	0	0	0	0	0	0	0	0	0	0	0	0	0	0	0	0	0	0	0	0	0	0	0	0	0	0	0	0	0	0	0	0	1	0	0	0	0	0	0	0	0	0	0	0	0	25	0	0	0	0	0	0	0	0	0	13	0	0	0	0	0	0	0	0	0	0	0	0	0	0	0	0	0	0	1	0	0	0	0	0	1	0	0	0	0	0	0	0	0	0	0
OTU533	0	0	0	0	0	0	0	0	0	0	0	0	0	0	0	0	0	0	0	0	0	0	0	1	0	0	5	0	0	0	0	0	0	0	0	0	0	0	6	0	0	0	0	0	0	0	0	0	0	0	0	0	5	0	0	0	0	0	0	0	8	0	0	0	0	0	0	1	0	0	0	0	0	0	0	2	0	16	2	0	0	0	21	0	2	0	4	0	3	0	0	0	0	0	0	0	0	0	0	0	1	0
OTU534	0	0	0	0	0	0	0	0	0	0	0	0	0	0	0	0	0	0	0	0	0	0	0	0	0	0	0	0	0	0	0	0	0	0	0	0	0	0	0	0	0	0	0	0	0	0	0	0	1	0	0	0	0	3	0	1	0	0	1	0	0	0	0	0	0	0	0	0	2	0	0	0	0	0	0	0	0	22	0	0	0	0	0	0	0	0	0	1	0	0	0	0	1	0	0	0	0	0	0	0	0	0
OTU535	0	0	0	0	0	0	0	0	0	0	0	0	0	0	0	0	0	0	0	0	0	0	0	0	0	0	0	0	0	0	0	0	0	0	0	2	0	0	0	0	0	0	0	0	0	0	0	0	0	0	0	0	0	0	0	0	0	0	0	0	0	0	0	1	0	0	0	0	0	0	0	0	0	0	0	0	0	0	0	0	0	0	0	0	0	0	0	0	0	0	0	0	0	0	0	0	0	0	53	0	0	0
OTU536	0	0	0	0	0	0	0	0	0	0	0	0	0	0	0	0	0	0	2	0	0	0	0	0	0	0	0	0	0	0	0	0	0	0	0	0	0	0	0	0	1	3	0	0	0	0	0	0	0	2	0	0	0	0	0	0	0	0	0	0	0	0	0	0	0	0	0	0	1	26	0	0	0	0	0	0	0	0	0	0	2	0	0	1	0	0	0	0	0	0	0	0	2	2	0	0	0	0	0	0	0	0
OTU537	0	0	0	0	0	0	0	0	0	0	0	0	0	0	0	0	0	0	0	0	0	0	0	0	0	0	0	0	4	0	0	0	0	0	0	0	0	0	0	0	20	0	0	0	0	0	0	4	0	0	0	5	0	0	0	0	0	0	0	0	0	0	0	0	0	0	0	0	0	0	0	1	2	0	0	0	0	0	0	1	0	0	0	0	0	0	0	0	5	0	0	2	0	1	0	0	0	0	0	0	0	0
OTU538	0	0	0	0	0	0	0	0	0	0	0	0	0	0	0	0	0	0	0	0	0	0	0	0	0	0	0	0	0	0	0	0	0	0	0	0	0	0	0	0	0	0	0	0	1	0	0	0	0	0	0	0	0	0	0	0	0	0	0	0	13	0	0	0	0	0	0	0	0	0	0	0	0	0	0	0	0	0	0	0	0	0	16	0	0	0	0	0	0	0	0	0	0	0	0	0	0	0	0	0	1	1
OTU539	0	0	0	0	0	0	0	0	0	0	0	0	0	0	0	0	0	0	0	0	0	0	0	0	0	0	0	0	0	0	0	0	0	0	0	0	0	0	0	0	0	0	0	0	0	0	0	0	0	0	0	0	0	0	0	0	0	0	0	0	0	0	0	0	0	0	1	0	36	0	0	0	0	0	0	0	0	0	0	0	0	0	0	0	0	0	0	0	0	0	0	0	0	0	0	0	0	0	0	0	0	0
OTU54	0	0	0	0	0	0	15	10	0	0	0	0	0	0	0	0	0	0	3	0	4	3	9	7	8	3	0	0	0	1	0	2	15	8	22	9	0	0	0	0	0	0	0	0	1	0	0	0	0	0	0	2	0	0	2	0	0	0	0	11	8	2	7	13	11	22	7	11	13	0	0	0	0	0	0	1	0	1	0	0	0	0	0	0	0	0	0	0	0	0	0	0	0	0	75	0	1	13	8	4243	5	6
OTU540	0	0	0	0	0	0	0	0	0	0	0	0	0	0	0	0	0	0	0	0	0	0	0	0	0	0	0	0	0	0	0	0	0	0	0	0	0	0	0	0	0	0	0	0	0	0	0	0	0	0	0	0	0	0	1	0	0	0	0	0	0	0	0	0	0	0	0	1	0	0	0	0	0	0	0	0	0	0	0	0	0	0	0	0	0	0	0	0	0	0	0	0	0	0	0	23	0	0	0	0	12	0
OTU541	0	0	0	0	0	0	0	0	0	0	0	0	0	0	0	0	0	0	0	0	0	0	1	0	0	0	0	0	7	0	0	0	0	0	0	0	1	15	0	0	0	0	0	0	0	0	0	0	0	0	0	0	0	0	0	0	0	0	0	0	0	0	0	0	0	0	0	0	0	0	0	0	0	0	0	3	3	0	0	0	0	0	0	1	0	0	0	0	0	0	0	0	0	0	0	1	0	0	0	0	0	0
OTU542	0	0	0	0	0	0	0	0	0	0	0	0	0	0	0	0	0	0	1	0	0	0	0	0	0	0	0	0	0	0	1	0	0	0	0	0	0	0	0	0	0	16	0	0	0	0	0	0	0	0	0	0	0	0	5	1	0	0	0	0	0	0	0	0	0	0	1	0	0	0	0	0	4	0	0	1	0	0	0	0	0	0	0	0	0	0	0	0	0	0	0	0	0	0	0	0	0	0	3	0	0	1
OTU543	0	0	0	35	0	0	21	0	0	0	0	0	0	0	0	0	0	0	0	0	0	35	0	0	0	0	0	0	0	15	0	0	0	0	0	6	86	0	0	0	0	0	0	0	2	1	0	25	0	110	0	1	2	24	4	0	0	0	0	0	1	0	0	0	2	0	0	0	0	1	0	6	2	0	1	0	2	2	0	1	38	1	3	0	0	0	2	8	0	10	0	0	0	0	0	0	1	0	0	0	0	0
OTU544	0	0	0	0	0	0	0	0	0	0	0	0	0	0	0	0	0	0	0	0	0	0	0	0	0	0	0	0	0	0	0	0	0	0	0	0	0	0	0	0	40	0	0	0	0	0	0	0	0	0	0	0	0	0	0	0	0	0	0	0	0	0	0	0	0	0	0	0	0	0	0	0	1	0	0	0	0	0	0	0	0	0	0	0	0	0	0	0	0	0	0	0	0	0	0	1	0	0	0	0	0	0
OTU545	0	0	0	0	0	0	0	0	0	0	0	0	0	0	0	0	0	0	0	0	0	0	0	0	0	0	0	0	0	0	0	0	0	0	0	0	0	0	0	0	17	0	0	0	0	0	0	0	0	0	0	0	0	0	0	0	0	0	0	0	0	0	3	0	0	0	0	0	0	0	0	0	0	0	0	0	0	0	0	0	0	0	0	0	6	0	0	1	0	0	0	0	0	0	0	0	0	0	0	0	0	0
OTU546	0	0	0	0	0	0	0	0	0	0	0	0	0	0	0	0	0	0	0	0	0	0	0	0	0	0	0	0	0	0	0	0	0	0	0	0	0	0	0	0	0	0	0	5	0	0	0	0	0	0	0	1	3	2	0	0	1	0	0	1	0	0	0	0	0	0	0	0	0	0	0	0	0	0	0	0	0	0	0	0	0	0	1	0	0	0	0	0	0	1	0	0	16	0	0	0	0	8	0	0	0	0
OTU547	0	0	0	0	0	0	0	0	0	0	0	0	0	0	0	0	0	0	0	0	0	0	0	0	0	0	0	0	0	0	0	0	0	0	0	0	0	0	0	0	0	0	0	0	0	0	0	0	0	0	0	0	0	0	0	0	0	0	0	0	0	0	0	5	0	0	0	0	0	0	0	0	0	0	0	0	0	0	0	0	0	0	0	0	11	8	0	0	0	0	0	0	0	0	0	0	0	0	0	0	0	0
OTU548	0	0	0	0	0	0	0	0	0	0	0	0	0	0	0	0	0	0	0	0	0	0	0	0	0	0	0	0	0	0	0	0	0	0	0	0	0	0	0	0	0	0	0	0	0	8	0	0	0	0	0	0	0	0	2	0	0	0	0	0	0	3	0	0	0	42	0	0	0	0	0	0	0	0	0	0	0	0	0	0	0	0	0	1	0	0	0	0	0	0	0	0	0	0	0	0	0	0	0	0	1	0
OTU549	0	0	0	0	0	0	0	0	0	0	0	0	0	0	0	0	0	0	0	0	0	0	0	0	0	0	0	0	0	0	0	0	0	0	0	0	0	0	0	0	0	0	0	0	0	0	0	0	0	0	0	0	0	0	0	0	0	0	0	0	0	0	0	0	0	0	0	0	0	0	30	0	0	1	0	0	0	0	0	0	0	0	0	0	0	0	0	0	0	0	0	0	0	1	0	0	0	0	0	0	0	0
OTU55	0	77	1	0	0	3	30	43	0	50	0	14	0	1	0	0	0	446	3	0	4	3	1	30	3	5	8	31	702	13	9	16	24	19	89	3	6	10	54	0	251	12	13	37	51	105	254	21	17	11	3	11	14	12	70	31	21	21	39	17	7	11	31	50	46	16	25	19	31	4	307	130	105	14	132	13	5	669	23	22	36	30	15	21	13	92	11	38	216	2068	14	29	137	90	96	16	31	317	72	30	38	22
OTU550	0	0	0	0	0	0	0	0	0	0	0	0	0	0	0	0	0	0	0	0	0	0	0	0	0	0	0	0	0	0	0	0	0	0	0	0	0	0	0	0	0	0	0	0	0	0	0	0	0	0	0	0	0	0	0	0	0	0	0	0	0	0	0	0	0	0	0	0	0	0	0	0	0	0	0	0	0	0	0	0	0	0	0	0	0	0	0	0	0	0	0	0	0	0	0	0	31	0	0	0	1	6
OTU551	0	0	0	9	17	0	0	0	0	0	0	0	0	0	0	0	1	0	0	0	0	3	1	0	0	0	0	1	0	0	0	0	1	0	0	0	0	0	0	0	0	0	0	0	0	0	0	0	0	0	0	0	0	0	0	0	0	0	0	0	0	0	0	0	0	0	1	0	0	0	0	0	0	0	0	0	0	0	0	0	0	0	0	0	0	0	0	0	0	0	0	0	0	0	0	0	0	0	0	0	1	0
OTU552	0	0	0	0	0	0	0	0	0	0	0	0	0	0	0	0	0	0	0	0	0	0	0	3	0	0	2	0	0	0	0	0	0	0	3	0	0	0	0	0	5	0	0	0	0	0	0	0	0	0	0	0	0	0	0	0	3	0	0	0	0	0	0	0	0	0	0	0	0	0	0	0	0	0	19	0	0	0	0	0	0	0	4	0	0	0	0	0	0	1	0	0	0	0	0	0	0	0	0	0	0	0
OTU553	0	0	0	0	0	0	0	0	0	0	0	0	0	0	0	0	0	0	0	0	0	0	0	0	0	0	0	0	0	1	0	0	0	0	2	6	0	0	0	0	0	0	0	0	0	0	0	17	0	0	0	0	0	0	0	0	0	0	0	0	0	0	0	0	0	0	0	0	0	0	0	0	0	0	0	0	2	0	0	0	0	0	0	0	0	0	0	0	0	0	0	0	0	0	0	0	0	0	0	0	0	0
OTU554	0	0	0	0	0	0	0	0	0	0	0	0	0	0	0	0	0	0	0	0	0	0	0	0	0	0	0	0	0	0	19	0	0	0	0	0	0	0	1	0	32	0	0	0	0	0	0	0	0	1	0	0	0	0	0	0	0	0	0	0	0	0	0	2	0	0	0	0	0	0	1	0	0	0	0	0	1	4	0	0	0	0	0	0	1	0	0	0	1	0	0	0	0	0	0	1	0	0	0	0	0	0
OTU555	0	0	0	0	0	0	0	0	0	0	1	0	0	0	0	0	0	0	0	0	0	0	0	0	0	0	0	0	0	0	0	0	0	6	0	0	0	0	0	0	0	0	0	0	0	24	0	0	0	0	0	0	0	0	0	0	0	0	0	0	0	0	0	0	2	0	0	0	0	0	0	0	0	0	0	0	0	0	0	0	0	0	0	0	0	0	0	0	0	0	0	0	0	0	0	0	0	0	0	0	0	0
OTU556	0	0	0	0	0	0	0	0	0	0	0	0	0	0	0	0	0	0	0	0	0	0	0	0	0	0	0	0	0	0	0	0	0	8	0	0	0	0	0	0	1	0	0	0	0	17	0	0	0	0	0	0	0	0	0	0	0	0	0	0	0	0	0	0	0	0	0	0	0	0	0	0	0	0	0	0	0	0	0	0	0	0	0	0	0	0	0	0	0	0	0	0	0	0	0	0	0	0	0	0	1	0
OTU557	0	0	0	0	0	0	0	0	0	0	0	0	0	0	0	0	0	0	0	0	0	0	0	0	0	0	0	0	0	0	0	0	0	0	1	0	0	0	0	0	0	0	0	0	0	0	0	0	0	0	0	0	0	0	1	0	1	0	2	0	0	1	0	0	3	10	25	0	10	0	0	0	0	0	0	0	0	0	0	0	0	0	0	0	0	0	0	0	0	0	0	0	0	0	0	0	0	0	0	0	0	1
OTU558	0	0	0	0	0	0	0	0	0	0	0	0	0	0	0	0	0	0	0	0	0	0	0	0	0	0	0	1	0	0	0	0	0	0	0	0	0	0	2	0	13	1	0	0	0	1	0	0	0	0	0	3	0	0	0	0	0	0	0	0	0	0	0	1	0	0	3	0	0	0	2	0	0	0	0	0	0	1	1	0	0	0	8	4	0	0	0	0	0	0	0	0	0	2	1	4	0	0	1	2	0	0
OTU559	0	0	0	0	0	0	0	0	0	0	0	0	0	0	0	0	0	0	0	0	0	0	0	0	0	0	0	0	0	0	0	0	0	0	0	0	0	0	0	0	27	0	0	0	0	1	0	0	0	0	0	0	0	0	0	0	0	0	0	0	0	0	0	0	0	0	0	0	0	0	0	0	0	0	0	0	0	0	0	0	0	0	0	0	0	0	0	1	0	0	0	0	0	0	0	0	0	0	0	0	0	0
OTU56	0	5	0	0	0	4	2	7	5	0	7	8	0	1	3	2	0	0	11	0	1	21	14	25	5	7	329	10	838	15	335	0	32	6	49	0	131	185	146	0	1899	126	26	4	14	31	62	10	18	36	5	10	44	9	25	27	172	21	36	4	0	18	8	20	0	4	13	1	14	75	175	71	14	9	95	39	176	201	33	111	20	10	17	57	54	16	202	300	272	95	15	17	21	30	36	22	25	1	1	7	0	0
OTU560	0	0	0	0	0	0	0	0	0	0	0	0	0	0	0	0	0	0	0	0	0	0	0	0	0	0	0	0	0	0	0	0	0	0	0	0	0	0	0	0	9	0	0	1	0	0	0	0	0	0	0	0	0	0	0	0	0	0	0	0	0	0	4	0	0	0	0	0	0	0	0	0	1	0	0	0	0	1	0	0	4	0	0	0	12	0	0	0	0	0	0	0	0	0	0	0	0	0	0	0	0	0
OTU561	0	0	0	0	0	0	0	0	0	0	0	0	0	0	0	0	0	0	0	0	0	0	0	0	0	0	0	0	0	0	0	0	0	0	0	0	0	0	0	0	0	2	0	0	0	0	1	0	0	0	0	1	0	0	0	1	0	0	1	0	0	0	0	0	0	0	0	0	0	0	0	0	0	0	0	0	26	0	0	0	0	0	0	0	0	0	0	0	0	0	0	0	0	0	0	0	0	0	0	0	0	0
OTU562	0	0	0	0	0	0	0	0	0	0	0	0	0	0	0	0	0	0	0	0	0	0	0	0	0	0	0	0	0	0	0	0	0	0	0	0	0	0	0	0	17	0	1	0	0	0	0	0	0	0	0	0	0	0	0	0	0	0	0	0	0	0	0	0	0	0	0	0	0	0	0	0	0	0	0	0	26	0	0	0	0	0	0	0	0	0	0	0	0	0	0	0	0	0	1	0	0	0	0	0	0	0
OTU563	0	0	0	0	0	0	0	0	0	0	0	0	0	0	0	0	0	0	0	0	0	0	0	0	0	0	0	0	0	0	0	1	0	5	0	0	0	0	0	0	0	0	0	6	3	9	0	0	0	0	0	0	0	0	1	1	0	0	0	2	0	0	0	0	1	0	0	9	0	0	0	0	0	0	17	2	0	0	0	0	0	2	0	0	2	0	0	0	0	0	0	0	0	0	0	0	1	0	0	0	2	0
OTU564	0	0	0	0	0	0	0	0	0	0	0	0	0	0	0	1	0	0	0	0	0	0	0	0	0	0	1	0	0	0	0	0	0	0	0	0	0	0	0	0	0	0	0	0	0	0	0	0	0	0	0	0	0	0	2	0	0	0	0	0	0	0	0	3	0	0	0	0	0	0	0	0	0	0	0	0	0	0	0	0	0	0	0	0	0	0	0	0	0	0	0	0	0	0	11	5	0	0	0	6	2	0
OTU565	0	0	0	0	0	0	0	0	0	0	0	0	0	0	0	0	0	0	0	0	0	0	0	0	0	0	0	0	0	0	0	0	0	0	0	0	0	0	0	0	0	0	0	0	0	0	0	0	0	0	0	0	0	0	0	0	0	0	0	0	12	0	0	0	0	0	0	7	2	0	0	0	0	0	0	0	0	0	0	0	0	0	17	0	0	0	0	0	0	0	0	0	1	0	0	0	0	0	0	0	0	0
OTU566	0	1	0	0	0	0	7	5	0	0	0	3	0	0	0	0	0	0	1	0	1	0	0	1	8	0	5	5	2	1	0	0	0	2	1	1	1	3	3	0	4	5	4	0	0	0	0	0	2	11	5	40	47	5	6	2	2	5	1	0	2	1	0	1	2	0	7	0	24	0	1	0	2	122	0	0	2	2	84	1	9	2	1	1	0	1	0	5	0	1	1	1	208	4	152	297	11	71	47	35	92	0
OTU567	0	0	0	0	0	0	0	0	0	0	0	0	0	0	0	0	0	0	0	0	0	0	0	0	0	0	0	3	2	0	0	0	0	1	0	0	4	1	0	0	11	0	1	0	0	0	1	0	0	0	0	0	0	0	0	0	0	0	0	0	0	0	0	0	0	0	0	0	0	0	0	0	0	0	0	0	0	0	0	0	0	0	5	0	0	0	3	0	1	0	1	0	0	0	2	0	0	0	0	3	0	0
OTU568	0	0	0	21	0	0	3	0	0	0	0	0	3	0	0	0	0	0	0	0	0	3	0	0	0	0	0	0	0	7	0	0	0	0	0	2	66	0	0	0	0	4	0	0	1	3	0	18	0	88	0	0	1	30	1	0	0	0	0	0	1	0	0	0	0	0	0	0	0	0	0	0	0	0	0	1	8	0	0	0	33	0	6	0	0	0	0	17	0	4	0	0	0	0	0	0	0	0	0	0	0	0
OTU569	0	0	0	0	0	0	0	0	0	0	0	0	0	0	0	0	0	0	0	0	0	0	0	0	0	0	0	0	0	0	0	0	0	0	0	0	0	1	0	0	26	0	0	0	0	0	0	0	0	0	0	0	0	0	0	0	0	0	0	0	0	0	0	0	0	0	0	0	0	2	0	0	0	0	0	0	0	0	0	2	0	0	0	0	0	0	0	0	0	0	0	0	0	0	0	0	1	0	0	0	0	0
OTU57	0	4	4	0	0	0	137	25	0	0	7	13	0	5	1	0	0	0	9	0	21	21	2	4	55	3	97	285	8	320	155	1	62	0	30	1	227	5	14	0	25	55	56	14	77	5	11	17	4	8	1	190	26	9	24	20	9	44	30	4	104	11	20	38	9	80	140	15	168	15	4	40	23	80	10	15	22	9	377	6	644	12	462	74	106	66	7	15	345	97	70	66	25	64	126	50	14	18	51	16	8	3
OTU570	0	0	0	0	0	0	0	0	0	0	0	0	0	0	0	0	0	0	0	0	0	1	0	0	0	0	0	3	0	1	0	0	0	0	0	0	0	0	0	0	0	0	0	0	0	0	1	0	0	0	0	1	0	0	0	0	1	0	13	0	8	1	1	2	0	0	0	0	6	0	0	0	0	1	0	0	0	0	0	0	0	0	21	13	0	1	0	0	0	0	0	0	1	0	16	2	0	0	2	5	0	0
OTU571	0	0	0	0	0	0	0	1	0	0	0	0	0	0	0	0	0	0	0	0	0	0	0	0	0	0	0	0	0	0	0	0	0	0	0	0	0	0	0	0	0	0	0	0	0	0	0	0	0	0	0	0	0	0	0	0	0	0	0	0	0	0	0	0	1	0	0	1	23	0	0	0	1	0	0	0	0	0	0	0	0	0	0	0	0	0	0	0	0	0	0	0	0	0	0	0	0	0	0	0	6	0
OTU572	0	0	0	0	0	0	4	0	0	0	0	0	0	0	0	0	0	0	0	0	0	0	0	0	0	0	0	0	0	0	0	0	0	0	0	0	0	0	0	0	0	0	0	0	0	0	0	0	0	0	0	0	0	0	0	0	0	0	0	0	0	0	0	0	0	0	0	0	0	0	0	0	0	0	0	0	1	0	0	0	24	0	0	0	0	0	0	0	0	0	0	0	0	0	0	0	5	0	0	0	0	6
OTU573	0	0	0	0	0	0	0	0	0	0	0	0	0	0	0	0	0	0	0	0	1	0	0	0	0	0	0	3	0	0	0	0	0	0	0	0	0	0	0	0	9	0	0	0	0	0	0	0	1	0	0	0	0	0	0	0	0	0	3	0	6	0	0	1	0	0	0	0	0	0	0	0	0	0	0	0	0	0	0	0	0	0	19	1	0	0	0	0	0	0	0	0	0	0	0	0	0	0	0	0	0	0
OTU574	0	0	0	0	0	0	0	0	0	0	0	1	0	0	0	0	0	0	0	0	0	0	0	0	0	0	1	1	2	0	0	1	0	1	0	0	0	0	0	0	0	0	1	3	13	8	0	3	0	0	0	1	0	0	7	0	0	0	0	0	0	0	0	0	2	0	0	0	0	0	0	0	0	0	0	0	0	0	1	0	0	0	0	0	1	0	0	0	0	0	3	0	0	0	1	0	1	0	0	0	0	0
OTU575	0	0	0	0	0	0	0	0	0	0	0	0	0	0	0	0	0	0	0	0	0	0	0	0	0	0	0	0	0	0	19	0	0	0	0	0	0	0	0	0	0	0	0	0	0	0	0	0	0	0	0	0	0	0	0	0	1	0	0	0	0	0	0	6	0	0	0	0	0	0	0	0	0	0	1	0	0	0	0	0	0	0	0	0	0	0	0	0	0	0	0	0	0	0	0	0	0	0	0	0	0	0
OTU576	0	6	1	0	0	0	0	0	0	0	0	1	0	0	0	0	0	0	0	0	2	0	0	2	0	0	14	0	38	5	4	4	0	3	2	0	2	0	0	0	5	1	2	24	1	0	9	0	4	4	0	2	10	0	0	4	183	1	6	0	17	2	0	11	0	0	14	0	2	1	0	0	0	1	0	2	3	0	2	1	9	0	102	6	0	5	2	0	1	0	0	0	1	5	1	1	0	0	2	0	1	0
OTU577	0	0	0	0	0	0	0	0	0	0	0	0	0	0	0	0	0	0	0	0	0	0	0	0	0	0	0	0	0	0	0	0	0	0	0	3	0	0	0	0	25	0	0	0	0	2	0	3	0	0	0	0	0	0	0	16	1	0	0	0	0	0	0	0	0	7	0	0	0	0	0	0	0	0	0	0	0	0	0	0	0	0	0	0	0	0	0	1	0	0	0	2	0	0	0	0	0	0	0	0	0	0
OTU578	0	0	0	0	0	0	0	0	0	0	0	0	0	0	0	0	0	0	0	0	0	0	0	0	0	0	0	0	0	0	0	0	0	0	0	0	0	0	0	0	0	0	0	0	0	0	0	0	0	0	0	0	0	0	4	0	0	1	0	0	0	0	0	0	0	0	0	0	0	0	0	0	0	0	0	1	0	23	1	0	0	0	0	0	0	0	0	0	0	0	0	0	0	0	0	0	0	0	0	0	0	0
OTU579	0	0	0	0	0	0	0	0	0	0	0	0	0	0	0	0	0	0	0	0	0	0	0	0	0	0	0	0	0	0	0	0	0	0	0	0	0	0	0	0	0	0	0	0	1	0	0	0	0	0	3	0	0	0	0	0	0	3	0	0	0	0	0	0	0	0	0	22	0	0	3	0	0	1	0	0	0	0	0	0	0	0	0	0	4	0	0	0	0	0	0	0	0	0	0	0	0	0	0	0	0	0
OTU58	0	3	2	1	3	1	1	12	0	0	4	3	0	0	0	0	0	0	0	0	103	0	0	46	1	4	25	12	6	12	39	12	0	1	156	0	6	9	157	0	1118	9	509	114	4	7	265	5	6	34	5	11	17	6	32	8	17	12	8	1	1	18	3	15	4	1	4	0	2	4	1	6	28	4	6	5	7	0	27	37	9	13	10	67	19	27	10	855	410	3	3	16	11	10	47	7	27	0	2	9	4	7
OTU580	0	0	0	0	0	0	0	0	0	0	0	0	0	0	0	0	0	0	0	0	0	0	0	0	0	0	0	0	0	0	0	0	0	0	0	0	0	0	0	0	0	0	0	0	0	0	0	0	0	0	0	13	0	0	0	0	0	0	0	2	0	0	0	0	14	4	1	0	4	0	0	0	0	0	0	0	0	0	0	0	0	0	0	0	0	0	0	1	0	0	0	0	0	2	0	0	1	3	0	0	8	1
OTU581	0	0	0	0	0	0	0	0	0	0	0	0	0	0	0	0	0	0	0	0	0	0	0	0	0	0	0	0	0	0	0	0	0	0	0	0	0	0	0	0	0	0	0	0	0	0	0	0	0	0	0	0	0	0	0	0	0	0	1	13	0	0	0	0	0	0	0	1	0	0	0	0	0	0	0	0	0	0	0	0	0	16	1	0	0	0	0	0	0	0	0	0	0	0	0	0	0	0	0	0	0	0
OTU582	0	0	0	0	0	0	0	0	0	0	0	0	0	0	0	0	0	0	0	0	0	0	0	0	0	0	0	0	0	0	0	0	0	0	0	0	0	0	0	0	0	0	0	0	0	0	0	0	0	0	0	0	0	0	0	0	0	0	0	0	3	0	0	0	0	0	0	0	0	0	0	0	0	0	0	0	0	0	0	0	0	0	22	0	1	0	0	0	0	0	0	0	0	0	0	0	0	0	0	0	0	0
OTU583	0	0	0	0	0	0	0	0	0	0	0	0	0	0	0	0	0	0	0	0	0	0	0	0	0	0	0	0	0	0	0	0	0	0	0	0	0	0	0	0	0	0	0	0	0	0	0	0	0	0	0	0	0	0	0	0	0	0	0	0	0	0	0	0	0	0	0	0	0	0	0	0	0	0	0	0	0	0	0	0	0	1	0	0	0	0	27	0	0	0	0	0	0	2	0	0	0	0	0	0	0	0
OTU584	0	0	0	0	0	1	7	5	0	0	0	0	0	0	0	0	0	0	10	0	6	5	8	4	9	5	7	0	21	0	3	8	34	2	20	12	16	64	7	0	56	19	10	2	50	3	11	3	0	0	0	8	3	0	5	1	12	13	21	14	12	6	1	7	32	120	58	257	28	14	4	12	3	2	6	1	13	6	6	0	1	16	15	9	2	7	4	11	14	4	1	0	41	92	1	0	20	99	47	21	18	1578
OTU585	0	0	0	0	0	0	0	0	0	0	0	0	0	0	0	0	0	0	0	0	0	0	0	0	0	0	0	0	0	0	0	0	0	0	0	0	0	0	0	0	28	0	0	0	0	0	0	0	0	0	0	0	0	0	0	0	0	0	0	1	0	0	0	0	0	0	0	0	0	0	0	0	0	0	0	0	0	0	0	0	0	0	1	0	0	0	0	1	0	0	0	0	0	0	0	0	3	0	0	0	0	0
OTU586	0	0	0	0	0	0	0	0	0	0	0	0	0	0	0	0	0	0	2	0	0	0	0	0	0	0	0	2	0	1	0	1	1	3	0	0	0	0	2	0	33	5	0	3	3	0	7	0	0	0	0	1	0	0	0	0	1	0	0	2	0	0	1	0	29	5	0	1	3	0	1	2	2	0	0	7	0	0	0	0	0	0	1	0	4	0	0	3	0	0	0	1	0	0	0	0	0	0	6	0	2	4
OTU587	0	1	0	0	0	0	0	0	0	0	0	0	0	0	0	0	0	0	0	0	0	0	0	0	0	0	0	1	0	0	0	0	0	0	0	0	0	0	0	0	4	10	4	0	0	0	0	0	0	0	0	0	0	0	0	0	0	0	8	0	0	0	0	0	0	0	0	0	0	0	0	0	0	0	0	0	0	0	0	0	0	0	0	0	0	0	0	0	0	0	0	0	0	0	0	0	0	0	0	0	0	0
OTU588	4	23	13	14	26	29	393	990	17	47	28	153	0	51	4	13	6	0	112	0	57	156	62	38	161	107	156	203	107	1363	143	377	1245	34	484	772	185	129	201	3	842	283	177	3576	5183	163	125	5363	2474	231	128	4039	761	327	8539	2309	2074	5990	8932	324	1125	1127	400	1449	962	4790	891	1612	3016	177	138	1867	4715	680	260	122	143	147	1186	866	1728	942	7266	9998	1316	6179	168	377	93	225	1704	153	3831	7697	4074	5296	5313	1147	1450	668	1091	1242
OTU589	0	0	0	0	0	0	0	0	0	0	0	0	0	0	0	0	0	0	0	0	0	0	0	0	0	0	0	0	0	0	0	0	0	0	0	0	0	0	0	0	0	0	0	0	0	0	0	0	0	0	0	0	0	0	0	0	0	0	0	0	0	0	0	0	0	0	0	0	0	0	0	0	0	0	0	0	0	0	0	0	0	0	0	0	0	0	0	0	0	0	0	0	0	0	0	0	0	0	16	0	0	4
OTU59	0	2	1	0	0	0	23	8	1	0	2	1	0	1	0	0	0	0	4	0	2	2	1	0	8	1	9	6	4	5	5	3	5	0	12	1	8	6	10	0	3536	10	23	38	5	9	4	10	11	10	6	21	13	13	6	7	13	8	25	2	6	1	0	2	1	4	6	0	8	39	3	13	24	14	7	30	6	14	101	12	150	11	15	13	6	4	8	14	16	79	6	9	14	26	10	20	13	13	652	2	4	4
OTU590	2	18	0	0	0	0	0	0	0	0	0	0	0	0	0	0	0	0	0	0	0	0	0	0	0	0	0	0	0	0	0	0	0	0	0	0	0	0	0	0	0	0	0	0	0	0	0	0	0	0	0	0	0	0	0	0	3	0	0	0	0	0	0	0	0	0	0	0	0	0	0	0	0	0	0	0	0	0	0	0	0	0	0	0	0	0	0	0	0	0	0	0	0	0	0	0	0	0	0	0	0	0
OTU591	0	0	0	0	0	0	0	2	0	0	0	0	0	0	0	0	0	0	0	0	0	0	0	0	0	0	1	0	0	0	0	0	0	0	0	0	0	0	0	0	0	0	0	0	0	0	0	0	0	0	0	1	0	0	0	0	0	0	0	0	1	0	2	0	0	6	3	0	0	0	0	0	0	0	1	0	0	0	0	0	0	0	1	0	3	0	0	0	0	0	0	0	1	0	2	0	0	0	0	0	0	1
OTU593	0	0	0	0	0	0	0	0	0	0	0	0	0	0	0	0	0	0	0	0	0	0	0	0	0	0	0	6	0	0	0	0	0	0	0	0	1	0	0	0	16	0	0	0	0	0	0	0	0	0	0	0	1	0	0	0	0	0	0	0	0	0	0	0	0	0	0	0	0	0	0	0	0	0	0	0	0	0	0	0	1	0	0	0	0	0	0	0	0	0	0	0	0	0	0	0	0	0	0	0	1	0
OTU594	0	0	0	0	0	0	0	0	0	0	0	0	0	0	0	0	0	0	0	0	0	0	0	0	0	0	0	2	0	0	0	0	0	0	2	0	0	0	0	0	0	0	0	1	0	0	21	0	0	0	0	0	0	0	0	0	1	0	0	0	0	0	0	0	0	0	0	0	0	0	0	0	0	0	0	0	0	0	0	0	1	0	0	0	0	0	0	0	0	0	0	0	0	0	0	0	0	0	0	0	0	0
OTU595	0	0	0	0	0	0	0	0	0	0	0	0	0	0	0	0	0	0	0	0	0	0	0	0	0	0	1	0	0	0	0	0	1	0	0	0	0	0	0	0	6	0	0	0	1	0	0	0	0	0	0	0	0	0	0	0	0	0	0	0	0	0	0	0	0	0	0	0	0	0	0	2	0	0	0	0	0	0	1	0	14	0	0	0	0	0	0	0	0	0	0	0	1	0	0	0	0	0	0	0	0	0
OTU596	0	0	0	0	0	0	0	0	0	0	0	0	0	0	0	0	0	0	0	0	0	0	0	0	0	0	0	0	0	0	0	4	0	0	0	0	0	0	0	0	0	0	0	20	0	0	0	0	0	0	0	0	0	0	0	0	0	0	0	0	0	0	0	0	0	0	0	0	0	0	0	0	0	0	0	0	0	0	0	0	0	0	0	0	0	0	0	0	0	0	0	0	0	0	0	0	0	0	0	0	0	0
OTU597	0	0	0	0	0	0	0	0	0	0	0	0	0	0	0	0	0	0	0	0	1	0	0	0	0	0	0	0	0	0	0	0	0	0	0	0	1	0	0	0	0	2	6	0	0	0	0	0	0	0	0	27	0	0	0	0	0	0	0	0	0	0	0	0	0	0	0	0	0	0	0	0	0	0	0	0	0	0	0	0	0	0	0	0	0	0	0	0	0	0	0	0	0	0	0	0	0	0	0	0	0	0
OTU598	0	0	0	0	0	0	0	0	0	0	0	0	0	0	0	0	0	0	0	0	0	0	0	0	0	0	0	0	0	0	0	0	0	0	0	2	3	0	0	0	0	0	0	0	0	0	0	11	0	0	0	0	0	0	1	0	0	6	0	0	0	0	0	0	0	0	0	13	0	0	0	0	0	0	0	0	0	0	0	0	0	0	0	0	0	0	0	0	0	0	0	0	0	0	0	0	0	0	0	0	0	0
OTU599	0	0	0	7	0	0	0	0	0	0	0	0	0	0	0	0	0	0	0	0	0	2	0	0	0	0	0	0	0	3	0	0	0	0	0	1	16	0	0	0	0	0	0	0	0	0	0	9	0	41	0	0	0	9	0	0	0	0	0	0	0	0	0	0	0	0	0	0	0	0	0	0	0	0	0	0	3	0	0	0	8	0	2	0	0	0	0	0	0	3	0	0	0	0	0	0	0	0	0	0	0	0
OTU6	0	11	4	1	45	6	195	368	0	14	10	29	0	16	1	0	5	0	209	0	157	191	189	1153	195	143	36	41	25	1018	23	170	430	142	739	368	70	38	4262	0	87	42	33	35	49	30	23	591	42	216	59	111	53	554	60	71	64	117	379	262	372	314	172	1239	388	456	533	5649	17613	45	20	38	52	413	611	37	18	30	26	24	26	65	825	753	25	3811	26	1019	16	975	1111	35	600	219	6028	242	1988	22082	15487	42939	16866	29480
OTU60	0	0	0	0	0	0	1	19	0	0	1	1	0	0	0	0	0	1	12	0	8	50	29	39	3	41	221	5	81	60	76	6	60	1	91	7	329	175	103	0	440	34	51	9	9	17	6	26	10	8	17	29	34	4	51	11	131	6	96	31	4	0	9	20	9	0	50	15	33	7	170	7	28	4	4	313	187	142	16	280	20	56	20	21	23	10	32	778	53	113	59	9	4	11	14	12	28	0	10	3	11	12
OTU600	0	0	0	0	0	0	0	0	0	0	0	0	0	0	0	0	0	0	0	0	0	0	0	0	0	0	0	0	0	0	0	0	0	0	0	0	0	0	0	0	0	0	0	0	0	0	0	0	0	0	0	0	0	0	2	0	0	0	8	0	0	0	4	0	0	0	0	0	4	0	0	0	0	0	0	0	0	0	0	0	0	0	1	0	6	0	0	0	0	0	0	0	0	0	0	0	0	0	0	0	0	0
OTU601	0	0	0	0	0	0	0	0	0	0	0	0	0	0	0	0	0	0	1	0	0	0	0	0	0	0	0	0	0	0	0	0	0	0	0	0	0	0	0	0	0	0	0	0	0	0	0	0	0	0	0	0	0	0	0	0	0	0	0	0	0	0	0	0	0	0	0	0	0	0	0	0	0	0	0	0	0	0	0	0	0	0	0	0	0	0	0	0	0	0	0	0	0	0	0	0	0	0	10	1	10	0
OTU602	0	0	0	0	0	0	0	0	0	0	0	0	0	0	0	0	0	0	0	0	0	0	0	0	2	0	0	0	0	0	0	0	0	0	0	0	0	0	0	0	19	0	1	0	1	0	0	0	0	0	0	0	0	0	0	0	1	0	0	0	0	0	0	0	0	0	0	0	0	0	0	0	0	0	0	0	0	0	11	0	0	0	0	0	0	0	0	0	0	0	0	0	0	0	0	0	0	0	0	0	0	0
OTU603	0	0	0	0	0	0	0	0	0	0	0	0	0	0	0	0	0	0	0	0	0	0	0	0	0	0	0	26	0	0	0	0	0	0	0	0	0	0	0	0	0	0	0	0	0	0	0	1	0	0	0	0	0	0	0	0	0	0	0	0	0	0	0	0	0	0	0	3	1	0	0	0	0	0	0	0	0	0	0	0	0	0	0	0	0	0	0	0	0	0	0	0	0	0	0	0	0	0	0	0	0	0
OTU604	0	1	0	0	0	0	0	0	0	0	0	0	0	0	0	0	0	0	0	0	0	0	0	0	0	0	2	0	30	0	1	0	0	0	0	0	0	0	0	0	1	0	2	1	0	0	0	0	2	1	0	0	0	0	11	0	15	16	7	1	0	0	0	0	1	0	7	5	0	0	1	0	1	0	8	0	0	0	0	0	0	0	4	0	0	0	0	0	0	0	0	0	0	0	5	1	0	1	0	1	0	0
OTU605	0	0	0	0	0	0	0	0	0	0	0	0	0	0	0	0	0	0	1	0	0	0	0	3	0	0	0	0	0	0	0	1	0	2	0	11	0	0	0	0	0	0	0	0	1	17	0	34	0	0	0	0	0	0	0	0	1	0	0	0	2	0	4	13	0	1	1	0	4	0	0	1	0	0	0	1	0	0	0	0	0	0	0	0	7	16	0	0	0	0	0	0	0	0	0	2	1	0	0	0	0	145
OTU606	0	0	0	0	0	0	0	0	0	0	0	0	0	0	0	0	0	0	0	0	0	0	0	0	2	0	9	0	0	1	0	0	6	0	1	2	0	0	7	0	42	0	0	0	0	0	0	0	0	0	0	1	0	0	0	0	1	2	3	0	0	0	0	0	0	1	0	0	0	1	0	0	2	0	0	0	1	0	0	0	0	0	0	0	0	0	0	0	0	0	0	0	0	1	0	2	0	0	0	0	3	0
OTU607	0	0	0	15	0	0	14	0	0	0	0	0	0	0	0	0	0	0	0	0	0	16	0	0	0	0	0	1	0	2	0	0	1	0	0	4	24	0	0	0	1	0	0	0	0	0	0	22	0	67	0	2	1	8	1	0	0	0	0	0	1	0	0	0	4	0	0	0	0	0	0	0	0	0	0	0	1	3	0	0	16	0	1	0	0	0	1	8	0	5	0	0	0	0	0	0	0	0	0	0	0	0
OTU608	0	0	0	0	0	0	0	0	0	0	0	0	0	0	0	0	0	0	0	0	0	0	0	0	0	0	0	0	0	0	0	0	0	0	0	0	0	0	0	0	0	0	0	0	0	0	0	0	0	0	0	0	0	0	0	0	0	0	0	0	0	0	0	0	0	0	0	0	28	0	0	0	0	0	0	0	0	0	0	0	0	0	0	0	0	0	0	0	0	0	0	0	0	0	0	0	0	0	0	0	0	0
OTU609	0	0	0	0	0	0	0	0	0	0	0	0	0	0	0	0	0	0	0	0	0	0	0	0	0	0	0	0	0	0	0	0	0	0	0	0	0	0	0	0	0	0	0	0	0	0	0	0	0	0	0	0	0	0	3	0	0	0	0	0	0	0	0	0	0	0	0	0	0	0	0	0	6	0	0	0	0	0	0	0	0	0	0	0	0	0	0	0	0	0	0	0	0	7	16	0	2	0	4	0	0	0
OTU61	0	1	2	0	0	1	16	4	0	0	2	3	0	2	5	0	0	0	73	0	42	36	0	2	0	0	143	17	4	39	86	1	29	0	56	2	237	10	5	0	1685	294	301	11	10	4	301	39	5	8	5	39	20	4	8	11	3	14	16	0	22	11	0	9	3	1	10	3	1	2	4	27	26	17	21	69	6	4	20	39	35	3	62	26	6	3	7	57	9	57	8	13	7	27	155	13	13	1	9	38	14	3
OTU610	0	0	0	0	0	0	1	0	0	0	0	0	0	0	0	0	0	0	0	0	0	0	0	0	0	0	0	0	0	0	0	0	0	0	0	0	0	0	0	0	1	0	0	0	0	0	0	0	0	0	0	0	0	0	1	0	0	0	0	0	0	0	0	0	0	0	0	0	0	0	0	0	0	0	0	0	0	0	0	0	0	0	0	0	0	1	0	0	0	29	0	0	0	0	3	0	0	0	0	0	3	0
OTU611	0	0	0	1	0	0	26	0	0	0	0	0	0	0	0	0	0	0	1	0	0	13	0	0	0	0	0	0	0	1	0	0	0	0	0	10	1	0	0	0	0	0	0	0	0	0	0	4	0	8	0	0	0	0	0	0	0	0	0	0	0	0	0	1	0	0	0	0	0	0	0	0	0	0	0	0	2	0	0	0	2	0	0	0	0	0	0	0	0	0	0	0	0	0	0	0	0	0	0	0	0	0
OTU612	0	0	0	0	0	0	0	0	0	0	0	0	0	0	0	0	0	0	0	0	0	0	0	5	0	0	0	0	0	0	0	0	0	0	0	0	0	0	18	0	0	0	0	0	0	0	0	0	0	0	0	0	0	1	0	0	0	0	0	0	0	0	0	0	0	0	0	0	0	0	1	0	0	0	0	0	0	0	0	0	0	0	0	0	0	0	0	0	0	0	1	0	0	0	0	0	0	0	0	0	0	0
OTU613	0	0	0	0	0	0	0	0	0	0	0	0	0	0	0	0	0	0	0	0	0	0	0	0	0	0	0	0	3	0	0	0	0	0	0	0	0	0	0	0	17	0	4	0	0	0	0	0	0	0	0	0	0	0	0	0	0	1	0	0	0	0	0	0	0	0	0	0	0	0	0	0	0	0	0	0	0	0	0	0	0	0	0	0	0	0	0	0	0	0	0	0	0	0	0	0	0	0	0	0	0	0
OTU614	0	0	0	0	0	0	0	0	0	0	1	0	0	0	0	0	0	0	0	0	0	0	0	0	0	0	0	0	0	0	2	2	0	0	1	0	5	0	2	0	0	0	0	0	0	0	2	0	0	0	0	5	0	0	0	0	0	0	1	0	0	0	0	2	0	0	5	0	0	0	0	0	0	0	0	1	0	0	0	0	0	0	0	1	0	0	0	0	0	0	0	0	0	0	0	0	0	0	5	0	0	0
OTU615	0	0	0	0	0	0	0	0	0	0	0	0	0	0	0	0	0	0	0	0	0	0	0	0	0	0	0	0	0	0	0	0	0	0	0	0	30	0	0	0	0	0	0	0	0	0	0	0	0	0	0	0	0	0	0	0	0	0	0	0	0	0	0	0	0	0	0	0	0	0	0	0	0	0	0	0	0	0	0	0	0	0	0	0	0	0	0	0	0	0	0	0	0	0	0	0	0	0	0	0	0	0
OTU616	0	0	0	0	0	0	0	0	0	0	0	0	0	0	0	0	0	0	0	0	0	0	0	0	0	0	0	0	0	0	0	0	0	0	0	0	0	0	0	0	19	0	0	0	0	0	0	2	0	0	0	0	0	0	0	0	0	0	0	0	0	0	0	0	0	0	0	0	0	0	0	0	0	0	0	3	0	0	0	1	0	0	0	0	0	0	0	0	0	0	0	0	0	0	0	1	0	0	0	0	2	0
OTU617	0	0	0	0	0	0	0	0	0	0	0	0	0	0	0	0	0	0	0	0	0	0	0	0	0	0	0	0	0	0	0	0	0	0	0	0	0	0	0	0	0	0	0	0	0	0	0	0	0	0	0	0	0	0	0	0	0	0	2	0	0	0	0	0	0	0	0	0	23	0	0	0	0	0	0	0	0	0	0	0	0	0	0	0	0	0	0	0	0	0	0	0	0	0	0	0	0	0	0	0	0	0
OTU618	0	0	0	1	0	0	34	0	0	0	0	0	0	0	0	0	0	0	0	0	0	16	0	0	0	0	50	0	0	0	0	0	0	0	0	16	0	0	0	0	0	0	0	0	0	0	0	0	0	9	0	0	0	2	0	0	0	0	0	0	2	0	0	0	0	0	0	0	0	0	0	0	0	0	0	0	0	0	0	0	5	0	0	0	0	0	0	0	0	0	0	0	0	0	0	0	0	0	0	0	1	0
OTU619	0	0	0	0	0	0	0	7	0	0	0	0	0	0	0	0	0	0	0	0	0	0	0	0	0	0	0	0	0	0	0	0	0	0	0	0	0	0	0	0	0	0	0	0	2	0	0	0	0	0	0	0	0	0	6	0	0	0	2	0	0	0	0	0	1	0	0	0	0	0	0	0	15	0	0	0	0	0	0	0	0	0	0	0	0	0	0	0	0	0	0	0	0	0	0	0	0	0	0	0	0	0
OTU62	0	0	2	0	0	0	0	5	0	1	4	5	0	5	0	0	0	0	0	2	0	0	2	0	0	1	8	2	3	7	2	0	1	0	1	4	7	5	4	0	11	0	3	14	7	1	5	9	8	10	1	9	3	9	10	19	13	9	13	0	3	77	1	5	2	1	0	14	2	6	3	5	7	10	14	4	3308	1	8	0	7	6	4	382	7	4	9	7	10	8	2	5	8	3	5	1	18	0	4	0	0	1
OTU620	0	0	0	0	0	0	0	0	0	0	0	0	0	0	0	0	70	0	0	0	0	0	0	0	0	0	0	0	0	0	0	0	0	0	0	0	0	0	0	0	0	0	0	0	0	0	0	0	0	0	0	0	0	0	0	0	0	0	0	0	0	0	0	0	0	0	0	0	0	0	0	0	0	0	0	0	0	0	0	0	0	0	0	0	0	0	0	0	0	0	0	0	0	0	0	0	0	0	0	0	0	0
OTU621	0	0	0	0	0	0	0	0	0	0	0	0	0	0	0	0	0	0	2	0	1	0	0	0	0	0	0	0	0	1	0	0	0	0	0	0	0	0	0	0	0	12	2	0	0	0	0	0	0	0	0	0	0	0	0	0	0	0	0	0	0	0	0	0	0	0	0	0	0	0	0	0	0	0	0	0	0	3	0	0	0	0	1	0	0	0	0	1	0	0	0	0	0	0	0	0	0	0	0	0	0	0
OTU622	0	0	0	0	0	0	0	0	0	0	0	0	0	0	0	0	0	0	0	0	1	0	0	0	0	0	0	0	0	0	0	0	0	0	0	0	0	0	0	0	0	0	0	0	0	1	0	1	0	0	0	0	0	0	0	0	0	0	4	0	0	0	2	2	0	0	0	34	6	0	0	1	0	0	0	0	0	0	0	0	0	1	0	0	0	1	0	0	0	0	0	0	3	0	0	0	0	0	0	0	2	0
OTU623	0	0	0	0	0	0	0	0	0	0	0	0	0	0	0	0	0	0	0	0	0	0	0	0	0	0	0	0	0	0	0	1	0	0	0	0	0	0	0	0	0	0	0	14	0	0	0	0	0	0	0	0	0	0	0	0	0	0	0	0	0	0	0	0	0	0	0	0	0	0	0	0	0	0	0	0	0	0	0	0	0	0	0	0	0	0	0	0	0	0	0	0	0	0	3	0	0	0	0	0	0	0
OTU624	0	0	0	0	0	0	0	0	0	0	0	0	0	0	0	0	0	0	0	0	0	0	0	0	0	0	0	0	0	0	0	0	0	0	3	0	0	0	0	0	0	0	0	0	0	0	27	0	0	0	0	0	0	0	0	0	0	0	0	0	0	0	0	0	0	0	0	0	0	0	0	0	0	0	0	0	0	0	0	0	0	0	0	0	0	0	0	0	0	0	0	0	0	0	0	0	0	0	0	0	0	0
OTU625	0	0	0	0	0	0	0	1	0	0	0	0	0	0	0	0	0	0	0	0	0	0	0	0	0	0	0	0	0	0	0	0	0	0	0	0	0	0	2	0	0	0	0	0	0	0	0	0	0	0	0	0	0	0	0	0	0	0	2	0	0	14	0	0	0	0	0	0	0	0	0	0	0	0	0	0	0	0	0	0	0	0	0	47	0	0	0	0	0	0	0	0	0	0	0	1	1	0	0	0	0	0
OTU626	0	0	0	0	0	0	0	0	0	0	0	0	0	0	0	0	0	0	0	0	0	0	0	0	0	0	0	0	0	0	0	0	0	0	0	0	0	0	0	0	17	0	0	0	0	0	0	0	0	0	0	0	0	0	0	0	0	0	0	0	0	0	0	0	0	0	0	0	0	0	0	0	0	0	0	0	0	0	0	0	0	0	0	0	0	0	0	0	0	0	0	0	0	0	0	0	0	0	0	0	0	0
OTU627	0	0	0	0	0	0	0	0	0	0	0	0	0	0	0	0	0	0	0	0	0	0	0	0	0	0	0	0	0	0	0	0	0	0	0	0	0	0	0	0	0	0	0	0	0	0	1	5	0	0	0	0	0	0	0	0	0	0	0	0	0	0	0	0	0	0	5	0	5	0	0	0	0	0	0	0	0	0	0	0	0	2	6	0	0	0	0	0	1	0	0	0	0	0	0	0	0	3	0	0	0	0
OTU628	0	0	0	0	0	0	0	0	0	0	0	0	0	0	0	0	0	0	0	0	0	0	0	1	0	0	0	0	0	0	0	0	0	0	0	0	0	0	0	0	0	0	0	0	0	0	0	0	0	0	1	0	0	0	1	0	0	0	0	1	0	13	1	3	0	0	0	0	0	0	0	0	0	0	1	0	0	0	0	0	0	0	0	42	4	10	0	1	0	0	0	0	0	0	0	0	0	0	0	0	0	0
OTU629	0	0	0	0	0	0	0	0	0	0	0	0	0	0	0	0	0	0	0	0	0	0	0	0	0	0	0	0	0	0	0	0	0	0	0	0	0	0	0	0	3	0	0	0	0	0	0	0	0	0	0	0	0	0	0	9	1	0	0	0	0	0	0	0	0	1	0	0	0	0	0	0	0	0	0	0	0	0	0	0	0	0	0	0	0	0	0	0	0	0	0	0	4	0	0	1	0	7	0	0	0	0
OTU63	0	1	0	4	4	0	60	9	0	1	2	9	0	2	2	0	0	0	0	0	14	20	1	71	6	9	88	71	5	25	296	32	73	20	42	9	223	6	367	0	901	5	75	237	145	56	18	38	20	75	3	26	15	8	37	27	183	12	85	8	26	24	53	25	4	5	36	10	38	170	9	11	39	18	9	7	852	173	52	58	363	22	224	211	243	21	570	272	10	1	25	2	32	61	78	38	23	4	13	18	8	6
OTU630	0	0	0	0	0	0	0	0	0	0	0	0	0	0	0	0	0	0	0	0	0	0	0	0	0	0	0	0	0	0	0	0	2	0	0	0	0	0	0	0	3	3	0	0	0	0	0	1	0	0	0	1	0	0	0	0	0	0	0	1	0	0	2	0	4	0	5	0	0	0	0	0	0	0	0	0	0	0	3	0	0	2	1	2	1	1	0	0	0	0	0	0	0	0	0	0	4	1	0	0	0	0
OTU631	0	0	0	0	0	0	0	0	0	0	0	0	0	0	0	0	0	0	0	0	0	0	0	0	0	0	0	0	0	0	0	0	0	0	0	0	0	0	0	0	0	0	0	0	0	0	0	0	0	0	0	0	0	0	0	0	0	0	0	0	0	0	4	0	1	2	0	0	0	0	0	0	0	0	0	0	0	0	0	0	0	0	0	0	0	0	0	0	0	0	0	0	9	0	0	0	0	3	0	0	0	0
OTU632	0	0	0	0	0	0	3	0	0	0	0	0	0	0	0	0	0	0	0	0	0	0	0	0	0	0	0	0	0	0	0	0	0	0	0	0	0	0	0	0	0	7	0	0	0	0	0	0	0	0	0	0	0	0	0	0	0	0	2	0	0	0	0	0	0	0	0	4	0	0	0	0	0	0	0	0	0	0	0	0	13	0	0	0	0	0	0	0	0	0	0	0	0	0	0	0	0	0	0	0	0	0
OTU633	0	0	0	0	0	0	0	0	0	0	0	0	0	0	0	0	0	0	4	0	0	0	0	0	0	0	0	0	0	0	0	0	0	0	0	0	3	0	0	0	0	16	0	0	0	0	0	0	0	0	0	0	0	0	0	0	0	0	3	0	0	0	0	0	0	0	0	0	0	0	0	0	0	0	0	0	0	0	0	0	0	0	0	0	0	0	0	0	0	0	0	0	0	0	0	0	0	0	0	0	0	0
OTU634	0	0	0	0	0	1	0	0	0	0	0	0	0	0	0	0	0	0	2	0	0	0	0	0	0	0	0	0	0	0	1	0	0	0	4	0	0	0	0	0	0	17	0	0	0	0	0	0	0	0	0	0	0	0	0	1	0	0	0	0	0	0	0	0	0	0	1	0	0	0	0	4	0	0	0	0	0	0	0	0	0	0	0	0	0	0	5	1	0	0	0	0	0	0	0	0	1	0	2	0	0	7
OTU635	0	0	0	0	0	0	0	0	0	0	0	0	0	0	0	0	0	0	0	0	4	0	0	0	0	0	0	0	0	0	0	0	0	0	0	0	0	0	0	0	4	0	10	0	0	0	0	0	0	0	0	0	0	0	0	0	0	0	0	0	0	0	0	0	0	0	0	0	0	0	0	0	0	0	0	0	0	0	0	0	0	0	0	0	0	0	0	0	0	0	0	0	0	0	0	0	0	0	0	0	0	0
OTU636	0	0	0	0	0	0	0	0	0	0	0	0	0	0	3	0	0	0	0	0	0	0	0	0	0	0	2	0	0	0	0	0	0	0	0	0	0	0	0	0	0	0	0	0	0	0	0	0	0	0	0	0	0	0	0	0	0	0	0	0	0	0	0	0	0	0	0	0	0	0	0	0	1	0	0	0	0	0	0	0	0	0	14	0	1	0	0	0	0	0	0	0	0	3	0	0	0	0	0	0	0	0
OTU637	0	0	0	0	0	0	0	0	0	0	0	0	0	0	0	0	0	0	0	0	0	0	0	0	0	0	3	0	0	0	0	0	0	0	1	0	2	0	0	0	0	0	0	3	0	3	1	0	0	0	0	0	0	0	0	0	0	0	0	0	0	0	0	0	6	3	0	0	0	2	0	0	0	0	1	0	0	0	0	0	0	0	0	0	0	0	0	0	0	0	0	0	0	0	0	0	0	0	0	0	0	0
OTU638	0	0	0	0	0	0	0	0	0	0	0	0	0	0	0	0	0	0	0	0	0	0	0	0	0	0	0	0	12	0	0	0	0	0	0	0	0	0	0	0	0	0	0	0	0	0	0	0	0	0	0	0	0	0	0	0	0	0	0	0	0	0	0	0	0	0	0	0	0	0	0	0	0	0	0	0	0	0	0	0	0	0	0	0	0	0	0	3	1	0	0	0	0	0	0	0	0	0	0	0	0	0
OTU639	0	0	0	0	0	0	0	0	0	0	0	0	0	0	0	0	0	0	0	0	0	0	0	0	0	0	0	0	0	0	0	4	0	0	0	0	0	0	0	0	0	0	0	15	0	0	0	3	0	0	0	2	0	0	0	0	0	0	0	0	0	0	0	0	0	0	0	0	0	0	0	0	0	0	0	0	0	0	0	0	0	0	0	0	0	0	0	0	0	0	0	0	0	0	1	0	0	3	0	0	2	4
OTU64	0	0	0	0	0	0	11	7	0	0	0	0	0	0	0	0	0	0	17	0	7	19	2	16	6	5	0	0	0	1	0	3	35	11	29	2	0	0	0	0	0	0	0	0	2	0	0	1	0	0	0	0	0	2	2	0	1	0	0	7	7	3	6	36	13	14	38	16	23	0	0	0	0	2	0	0	0	0	0	0	0	0	0	0	0	0	0	0	1	0	0	0	0	65	0	0	0	40	6475	23	17	39
OTU640	0	0	0	0	0	0	0	0	0	0	0	0	0	0	0	0	0	0	1	0	0	0	0	0	0	0	0	0	0	0	10	0	0	0	0	0	0	0	0	0	17	0	0	0	0	0	0	0	0	0	0	0	0	0	0	0	1	0	0	0	0	0	0	2	0	0	0	0	0	0	0	0	0	0	0	0	0	0	0	0	0	3	0	0	1	0	0	0	0	0	0	0	0	0	0	0	0	0	0	0	0	0
OTU641	0	0	0	0	0	0	0	0	0	0	0	0	0	0	0	0	0	0	0	0	0	0	0	0	0	0	0	0	0	0	0	0	0	0	0	0	0	0	0	0	22	0	0	0	0	0	0	0	0	0	0	0	0	0	0	0	0	0	0	0	0	0	0	0	0	0	0	0	0	0	0	0	0	0	0	0	0	0	0	0	0	0	0	0	0	0	0	0	0	0	0	0	0	0	0	0	0	0	0	0	0	0
OTU642	0	0	0	0	0	0	0	0	0	0	0	0	0	0	0	0	0	0	0	0	0	0	0	0	0	0	0	0	0	0	0	0	0	0	0	0	0	0	0	0	23	0	0	0	0	0	0	0	0	4	0	0	0	0	0	0	0	0	0	0	0	0	0	0	0	0	0	0	0	0	0	0	0	0	0	0	0	0	0	0	0	1	0	0	0	0	0	0	0	0	0	0	0	0	0	0	0	0	0	0	0	0
OTU643	0	0	0	0	0	0	0	0	0	0	0	0	0	0	0	0	0	0	0	0	0	0	0	0	0	0	0	0	0	0	0	0	0	0	0	0	0	0	0	0	0	0	0	6	0	0	0	0	0	0	0	0	0	0	0	0	0	0	9	0	0	0	0	0	0	0	0	0	3	0	0	0	0	0	0	0	0	0	0	0	0	0	0	0	0	0	0	0	0	0	0	0	0	0	0	1	0	0	0	0	0	0
OTU644	0	0	0	0	0	0	0	0	0	0	0	0	0	0	0	0	0	0	0	0	0	0	0	0	0	0	0	0	0	0	0	0	0	0	0	0	0	0	0	0	0	0	0	0	2	0	0	0	0	0	0	9	0	0	0	0	0	2	0	0	0	0	0	0	0	0	0	0	0	0	0	0	0	0	0	0	0	0	0	0	0	0	0	2	0	0	0	0	0	0	0	0	0	0	13	0	0	0	0	2	0	0
OTU645	0	0	0	0	0	0	0	0	0	0	0	0	0	0	0	0	0	0	0	0	0	0	0	0	0	0	0	0	0	0	0	0	0	0	0	0	0	0	0	0	0	0	0	0	0	0	0	0	0	0	0	0	0	0	20	0	0	0	0	0	0	0	0	0	0	0	0	0	0	0	0	0	0	0	0	0	0	0	0	0	0	0	0	0	0	0	0	0	0	0	0	0	0	0	0	0	0	0	0	0	0	0
OTU646	0	0	0	0	0	0	0	0	0	0	0	0	0	0	0	0	0	0	0	0	0	0	0	0	0	0	0	0	0	0	0	0	0	0	0	0	0	0	0	0	0	0	0	0	0	0	0	0	0	0	0	0	0	0	5	0	0	0	0	0	0	0	0	0	0	0	0	0	0	0	0	0	0	0	0	0	0	0	0	0	15	0	0	0	0	0	0	0	0	0	0	0	0	0	1	0	0	0	0	0	0	0
OTU647	0	0	0	0	0	0	0	0	0	0	0	0	0	0	0	0	0	0	0	0	0	0	0	0	0	0	0	0	0	0	0	0	0	0	0	0	0	0	0	0	0	0	0	0	0	0	0	0	0	0	0	0	0	0	10	0	0	0	0	0	0	0	0	0	7	0	0	0	0	0	2	0	0	0	0	0	0	0	0	0	0	0	0	0	0	0	0	0	0	0	0	0	0	0	0	0	0	0	0	0	0	0
OTU648	0	0	0	0	0	0	0	0	0	0	0	0	0	0	0	0	0	0	0	0	0	0	0	0	0	0	0	0	0	0	0	0	0	0	0	0	0	0	0	0	0	0	0	0	0	0	0	0	0	0	0	0	0	0	2	2	0	2	0	0	0	0	0	0	4	3	16	15	2	0	0	0	0	0	0	0	0	0	0	0	0	0	0	0	0	0	0	0	0	0	0	0	0	0	0	0	0	0	0	0	0	0
OTU649	0	0	0	0	0	0	0	0	0	0	0	0	0	0	0	0	0	0	0	0	0	0	0	0	0	0	0	0	0	0	0	0	0	0	0	0	0	0	0	0	0	0	0	0	0	0	0	0	0	0	0	0	0	0	0	0	0	0	0	0	0	0	0	0	0	0	2	0	0	0	0	0	0	0	0	0	0	0	0	0	0	0	0	0	0	0	0	0	0	0	0	0	0	0	0	0	9	0	0	0	0	7
OTU65	0	0	0	0	0	0	32	12	0	0	0	0	0	0	77	0	0	0	13	0	9	1	5	10	3	3	1	18	0	2	5	21	22	1	81	11	4	2	0	0	2	5	0	59	28	2	305	19	0	10	0	2	3	3	34	4	4	14	43	35	43	7	32	12	1307	137	16	17	53	3	3	39	8	4	1	6	5	1	3	1	65	28	121	28	111	14	0	0	1	29	8	1	7	16	35	5	17	9	937	19	233	368
OTU650	0	0	0	0	0	0	0	0	0	0	0	0	0	0	0	0	0	0	0	0	0	0	0	0	0	0	0	0	0	0	0	0	0	0	0	0	0	0	0	0	0	0	0	0	0	0	0	0	0	0	0	0	0	0	0	2	0	0	0	0	0	0	0	0	0	0	0	0	0	0	0	0	0	0	0	0	0	0	0	0	0	0	0	0	0	0	0	0	18	0	0	0	0	0	0	0	0	0	0	0	0	0
OTU651	0	15	0	0	0	0	0	0	0	0	0	0	0	0	0	0	0	0	0	0	0	0	0	0	0	0	0	0	0	0	0	0	0	0	0	0	0	0	0	0	0	0	0	0	0	0	0	0	0	0	0	0	0	0	0	0	0	0	0	0	0	0	0	0	0	0	0	0	0	0	0	0	0	0	0	0	0	0	0	0	0	0	0	0	0	0	0	0	0	0	0	0	0	0	0	0	1	0	0	0	0	0
OTU652	0	0	0	0	0	0	0	0	0	0	0	0	0	0	0	0	67	0	0	0	0	0	0	0	0	0	0	0	0	0	0	0	0	0	0	0	0	0	0	0	0	0	0	0	0	0	0	0	0	0	0	0	0	0	0	0	0	0	0	0	0	0	0	0	0	0	0	0	0	0	0	0	0	0	0	0	0	0	0	0	0	0	0	0	0	0	0	0	1	0	0	0	0	0	0	0	0	0	0	0	0	0
OTU653	0	0	0	0	0	0	0	0	0	0	0	0	0	0	0	0	0	0	1	0	0	0	0	0	0	0	0	0	0	0	0	0	0	0	0	0	0	0	0	0	21	1	0	0	0	0	3	0	0	0	0	0	0	0	0	0	0	0	0	0	0	0	0	0	0	0	0	0	0	0	0	0	0	0	0	0	0	0	0	0	0	0	0	0	0	0	0	0	0	0	0	0	0	0	0	0	2	0	0	0	0	0
OTU654	0	0	0	0	0	0	0	0	0	0	0	0	0	0	0	0	0	0	0	0	1	0	0	0	0	0	0	0	0	0	0	0	0	0	0	0	0	0	0	0	0	0	0	0	0	0	0	0	0	2	0	0	0	0	0	0	0	0	0	0	0	0	4	0	0	0	0	0	0	0	0	0	0	0	0	0	0	0	0	0	0	0	0	0	8	0	0	0	0	0	0	0	0	0	0	0	0	0	0	0	0	0
OTU655	0	0	0	0	0	0	0	0	0	0	0	0	0	0	0	0	0	0	0	0	0	0	1	0	0	0	0	0	0	0	0	0	0	0	0	0	0	11	0	0	0	0	0	0	0	0	0	0	0	0	0	0	0	0	0	0	0	0	0	0	0	0	0	0	0	0	0	0	0	0	0	0	0	0	2	3	0	0	0	0	0	0	0	0	0	0	0	0	0	0	0	0	0	0	0	0	0	0	0	0	0	0
OTU656	0	0	0	24	0	0	18	0	0	0	0	0	2	2	0	0	0	0	0	0	0	27	0	0	0	0	0	1	0	14	0	0	0	0	0	4	36	0	0	0	0	0	0	0	0	0	0	13	0	89	0	1	0	29	3	0	0	0	0	0	0	0	0	0	0	0	0	0	0	0	0	4	0	0	0	0	3	2	0	4	33	0	4	0	0	0	0	9	0	3	0	0	0	0	0	0	0	0	0	0	0	0
OTU657	0	0	0	0	0	0	0	0	0	0	0	0	0	0	0	0	0	0	0	0	0	0	0	0	0	0	0	5	0	0	0	0	0	0	0	0	1	0	0	0	0	0	2	0	0	0	0	0	3	0	0	0	0	0	0	1	0	0	0	0	0	0	0	0	0	0	0	0	0	0	0	0	0	0	0	0	0	0	0	0	0	0	0	1	0	0	0	0	0	0	1	0	0	2	0	0	1	0	0	0	0	0
OTU658	0	0	0	0	0	0	0	0	0	0	0	0	0	0	0	0	0	0	1	0	0	0	0	0	0	0	0	0	8	0	0	0	0	0	0	0	0	1	0	0	1	0	0	0	0	0	0	0	0	0	0	0	0	0	0	0	0	0	0	0	0	0	0	0	0	0	0	0	0	3	0	5	0	0	0	1	3	2	0	0	0	0	0	0	0	0	0	1	1	0	0	0	0	0	0	0	0	0	0	0	0	0
OTU659	0	0	0	0	0	0	0	0	0	0	0	0	0	0	0	0	0	0	0	0	0	0	3	0	0	0	0	0	0	0	0	0	0	0	0	2	0	0	0	0	24	0	0	0	0	0	0	0	0	0	0	0	0	0	0	0	0	0	0	0	0	0	0	0	0	0	0	0	0	0	0	0	0	0	0	0	0	0	0	0	0	0	0	0	0	0	0	0	0	0	0	0	0	0	0	0	0	0	0	0	0	0
OTU66	0	1	0	0	0	0	9	25	0	2	5	7	0	0	3	0	0	0	0	0	1	1	0	3	1	1	14	14	2	13	4	0	0	1	3	0	7	8	57	0	17	17	7	5	13	15	2	7	4	13	1	10	17	17	18	27	21	20	13	0	1	1	0	4	2	0	5	0	9	11	7	5	18	9	8	107	17	6801	5	5	36	8	19	23	8	7	9	24	2	10	5	6	27	14	10	26	20	3	1	2	1	1
OTU660	0	0	0	0	0	0	0	0	0	0	0	0	0	0	0	0	0	0	0	0	0	0	0	0	0	0	0	0	0	0	0	0	0	0	0	0	0	0	0	0	23	0	0	0	0	0	0	0	2	0	0	0	0	0	0	0	0	0	0	0	0	0	0	0	0	0	0	0	0	0	0	0	0	0	0	0	0	0	0	0	0	0	0	0	0	3	0	0	0	0	1	0	0	1	0	0	0	0	0	0	0	0
OTU661	0	0	0	0	0	0	0	0	0	0	0	0	0	0	0	0	0	0	0	0	0	0	0	0	0	0	0	0	0	0	0	0	0	0	0	0	0	1	1	0	26	1	0	0	0	0	0	0	0	0	0	0	0	0	0	0	0	0	0	0	0	0	0	0	0	0	0	0	0	0	0	0	0	0	0	0	0	0	3	0	0	0	0	0	0	0	0	0	0	0	0	0	0	0	0	0	0	0	0	0	0	0
OTU662	0	0	0	0	0	0	0	0	0	0	0	0	0	0	0	0	0	0	0	0	0	0	0	0	0	0	1	0	0	0	0	0	0	0	0	1	1	0	0	0	9	1	3	1	1	0	0	1	0	0	0	3	0	0	0	0	0	2	0	0	0	0	0	0	0	0	1	1	0	3	4	0	0	0	0	0	1	0	0	1	0	0	0	0	0	0	1	0	0	0	0	0	0	0	0	0	0	0	0	0	0	0
OTU663	0	0	0	0	0	0	0	0	0	0	0	0	0	0	0	0	0	0	0	0	0	4	0	0	0	0	0	0	0	0	0	0	0	0	0	0	0	0	0	0	0	0	0	13	0	3	0	0	0	1	0	0	0	0	0	0	0	0	0	0	0	0	0	0	0	0	0	0	0	0	0	0	0	0	0	0	0	0	0	0	0	0	0	0	0	0	0	0	0	0	0	0	0	0	0	0	0	0	0	0	0	0
OTU664	0	0	0	0	0	0	0	0	0	0	0	0	0	0	0	0	0	0	0	0	0	0	0	0	0	0	0	0	0	0	0	0	0	0	0	0	0	0	0	0	0	0	0	0	0	0	0	0	0	1	0	0	0	0	0	0	0	0	0	0	0	0	0	0	0	0	0	0	0	1	0	0	0	0	0	0	0	0	0	0	0	0	0	0	0	0	0	0	25	0	0	0	0	0	0	0	0	0	0	0	0	0
OTU665	0	0	0	0	0	0	0	0	0	0	0	0	0	0	0	0	0	0	0	0	0	0	0	0	0	0	0	0	0	0	0	0	0	0	0	0	0	0	0	0	0	0	0	0	0	0	0	0	0	0	0	0	0	0	0	0	0	0	15	0	0	0	0	0	0	0	0	1	21	0	0	0	0	0	0	0	0	0	0	0	0	0	0	0	0	0	0	0	0	0	0	0	0	0	0	0	0	0	0	0	0	0
OTU666	0	0	0	0	0	0	0	0	0	0	0	0	0	0	0	0	0	0	0	0	0	0	0	0	0	0	0	0	0	0	0	0	0	0	0	0	0	0	0	0	0	0	0	0	0	0	0	0	0	0	0	0	0	0	0	0	0	0	0	0	0	0	0	5	0	1	0	0	0	0	0	0	0	0	0	0	0	0	0	0	0	2	0	0	0	10	0	0	0	0	0	0	0	0	0	0	0	0	0	0	0	0
OTU667	0	0	0	0	0	0	0	0	0	0	0	0	0	0	0	0	0	0	0	0	0	0	0	0	0	0	0	0	0	0	0	0	0	0	0	0	0	0	0	0	0	0	0	0	0	0	0	0	0	0	0	0	0	0	0	0	0	0	0	0	0	0	0	0	18	0	0	0	1	0	0	0	0	0	0	0	0	0	0	0	0	0	0	0	0	0	0	0	0	0	0	0	0	0	0	0	0	0	0	0	0	0
OTU668	0	0	0	0	0	0	0	0	0	0	0	0	0	0	0	0	0	0	1	0	0	0	0	0	0	0	0	0	0	0	0	0	0	0	0	0	0	0	0	0	0	0	0	0	0	0	0	0	0	0	0	0	0	0	0	0	0	0	0	0	0	0	0	0	0	0	0	0	0	11	0	0	0	3	0	0	0	0	0	0	0	0	0	0	2	0	0	0	0	0	0	0	3	0	0	0	0	0	0	0	0	0
OTU669	0	0	0	0	0	0	0	0	0	0	0	0	0	0	0	0	0	0	0	0	0	0	0	0	0	0	0	0	0	0	0	0	0	0	0	0	0	0	1	0	2	0	0	0	0	0	6	0	0	0	0	0	0	0	0	0	0	0	1	0	0	0	0	0	0	0	0	0	0	0	0	1	0	0	0	0	19	0	0	0	0	0	0	0	0	0	0	0	0	0	0	0	0	0	1	0	0	0	0	0	0	0
OTU67	0	0	0	0	0	0	0	0	0	0	0	22	0	0	0	3624	0	0	0	0	0	0	0	0	0	0	4	8	4	4	0	0	0	1	0	0	5	6	2	0	16	0	1	2	4	5	0	8	3	5	5	5	2	6	5	11	6	3	8	0	0	0	0	0	0	0	0	0	1	2	4	6	5	4	2	6	4	0	5	1	2	7	2	5	5	8	4	3	1	0	4	1	12	13	8	11	13	0	0	0	1	0
OTU670	0	0	0	0	0	0	4	0	0	0	0	0	0	0	0	0	0	0	0	0	0	0	0	0	0	0	0	0	0	0	0	0	0	0	0	0	0	0	0	0	0	1	0	0	0	0	0	0	0	0	0	0	0	0	0	1	0	0	0	0	0	0	0	0	0	0	0	0	0	0	0	0	0	0	1	0	0	0	0	0	9	0	0	0	0	0	0	0	0	0	0	2	0	0	0	0	0	0	0	1	0	0
OTU671	0	0	0	0	0	0	0	0	0	0	0	0	0	0	0	0	0	0	8	0	0	0	0	0	0	0	0	0	0	0	0	0	0	0	0	0	0	0	0	0	0	17	0	0	0	0	0	0	0	0	0	1	0	2	1	0	0	0	0	0	0	0	0	0	0	0	0	0	0	0	0	0	0	0	0	0	0	3	0	0	0	0	0	0	0	0	1	0	0	1	0	0	0	0	0	2	2	0	0	0	0	0
OTU672	0	0	0	0	0	0	0	0	0	0	0	0	0	0	0	0	0	0	3	0	0	0	0	0	0	0	0	0	0	0	0	0	0	0	0	0	0	0	0	0	0	14	0	0	0	0	0	0	0	0	0	0	0	0	0	0	0	0	0	0	0	0	0	0	0	0	0	0	0	0	0	0	0	0	0	0	0	0	0	0	0	0	0	0	0	0	0	0	0	0	0	0	0	0	0	0	0	0	0	0	0	0
OTU673	0	0	0	0	0	0	0	0	0	0	0	0	0	0	0	0	0	0	0	0	0	0	0	1	0	0	0	0	0	0	0	0	0	0	0	0	0	0	9	0	0	0	0	0	0	0	0	0	0	0	0	0	0	0	0	0	0	0	0	0	0	0	0	0	0	0	0	0	0	0	0	0	0	0	0	0	0	0	0	0	0	0	0	0	0	0	0	1	0	0	3	0	0	0	0	0	4	0	0	0	0	1
OTU674	0	0	0	0	0	0	0	0	0	0	0	0	0	0	0	0	0	0	0	0	0	0	0	0	0	0	0	0	0	3	0	3	0	0	0	0	0	0	0	0	0	0	0	6	0	0	0	0	0	0	0	0	0	0	0	0	0	0	0	0	0	0	0	0	0	0	0	0	0	0	0	0	0	0	0	0	0	0	0	0	0	0	0	5	0	0	0	0	0	0	0	0	0	0	0	0	0	0	0	0	0	0
OTU675	0	0	0	0	0	0	0	0	0	0	0	0	0	0	0	0	0	0	0	0	0	0	0	0	0	0	0	0	0	0	23	0	0	0	0	0	0	0	0	0	0	0	0	0	0	0	0	0	0	0	0	0	0	0	0	0	0	0	0	0	0	0	0	0	0	0	0	0	2	0	0	0	0	0	0	0	0	0	0	0	0	0	0	1	0	0	0	1	0	0	0	0	0	0	0	0	0	0	0	0	0	0
OTU676	0	0	0	0	0	0	0	0	0	0	1	0	0	0	0	0	0	0	0	0	0	0	0	0	0	0	0	0	0	0	0	0	2	0	0	0	0	0	0	0	0	0	0	5	4	0	0	0	0	0	0	0	0	0	0	0	2	0	0	0	0	0	0	0	0	2	5	0	0	0	0	0	3	0	0	0	0	0	0	0	0	0	0	1	0	1	0	0	0	0	0	0	0	0	0	0	0	0	0	0	0	0
OTU677	0	0	0	10	0	0	6	0	0	0	0	0	0	0	0	0	0	0	0	0	0	16	0	0	0	0	0	0	0	8	0	0	0	0	0	4	21	0	0	0	0	0	0	0	0	2	0	8	0	28	0	0	0	7	0	0	0	0	0	0	2	0	0	0	0	0	0	0	0	0	0	0	0	0	0	0	1	4	0	0	19	0	1	0	0	0	0	4	0	1	0	0	0	0	0	0	0	0	0	0	0	0
OTU678	0	0	0	0	0	0	0	0	0	0	0	0	0	0	0	0	0	0	0	0	0	0	0	0	0	0	0	0	0	0	0	0	0	0	0	0	0	0	0	0	19	0	0	0	0	0	0	0	0	0	0	0	0	0	0	0	0	0	1	0	0	0	0	0	0	0	0	0	0	0	2	0	0	0	0	0	0	0	0	0	0	0	0	0	0	0	0	0	0	0	0	0	0	0	0	0	0	0	0	0	0	0
OTU679	0	0	0	0	0	0	0	0	0	0	0	0	0	0	0	0	0	0	0	0	0	0	0	0	0	0	0	0	0	0	0	0	0	0	0	0	0	0	0	0	19	0	0	0	0	0	0	0	0	0	0	0	0	0	0	0	0	0	0	0	0	0	0	0	0	0	0	0	0	0	0	0	0	0	0	0	0	0	0	0	0	0	0	0	0	0	0	0	0	0	0	0	0	0	0	0	0	0	0	0	0	0
OTU68	0	3	2	2	1	0	1	2	0	0	0	1	0	4	0	0	0	0	66	0	0	5	1	1	2	5	55	4	54	64	7	0	71	18	20	0	11	1	1	0	764	303	1	13	115	109	77	10	34	5	3	17	5	2	8	14	12	9	22	2	2	0	0	0	4	0	2	1	9	748	18	9	18	9	481	1	4	5	19	58	6	1	9	2	15	4	265	9	573	8	2	15	16	10	169	8	17	3	4	49	0	6
OTU680	0	0	0	0	0	0	0	0	0	0	0	0	0	0	0	0	0	0	0	0	0	0	4	0	0	0	0	3	0	5	0	0	0	0	0	0	0	24	3	0	1	0	0	0	0	0	5	1	0	0	0	0	0	0	1	0	0	0	0	0	0	1	2	0	0	0	0	0	1	0	0	0	0	0	0	0	0	0	3	0	0	0	0	0	5	0	0	0	2	0	17	0	0	1	0	0	0	0	0	0	0	0
OTU681	0	0	0	12	0	0	0	0	0	0	0	0	0	0	0	0	0	0	0	0	0	0	0	0	0	0	0	0	0	0	0	0	0	0	0	0	17	0	0	0	0	0	0	0	0	0	0	3	0	36	0	0	0	3	0	0	0	0	0	0	0	0	0	0	0	0	0	0	0	0	0	0	0	0	0	0	0	6	0	0	6	1	1	0	0	0	0	0	0	0	0	0	0	0	0	0	0	0	0	0	0	0
OTU682	0	0	0	16	0	0	1	0	0	0	0	0	2	0	0	0	0	0	0	0	0	1	0	0	0	0	0	0	0	1	0	0	0	0	0	0	7	0	0	0	0	0	1	0	0	2	0	9	0	25	0	0	0	8	0	0	0	0	0	0	0	0	0	0	0	0	0	0	0	0	0	0	0	0	0	0	5	1	0	0	9	0	0	0	0	0	0	5	0	3	0	0	0	0	0	0	0	0	0	0	0	0
OTU683	0	0	0	0	0	0	0	0	0	0	0	0	0	0	0	0	0	0	0	0	0	0	0	0	0	0	0	0	0	0	0	0	0	0	0	0	0	0	0	0	0	0	0	0	0	0	0	0	0	0	0	0	0	0	1	0	0	7	0	0	2	0	0	0	0	0	0	8	0	0	0	0	0	0	0	0	0	0	0	0	0	0	0	0	0	0	0	0	0	0	0	0	0	0	0	0	0	0	0	0	0	0
OTU684	0	0	0	0	0	0	0	0	0	0	0	0	0	0	0	0	0	0	0	0	0	0	0	0	0	0	0	1	0	0	0	0	0	0	0	0	0	0	0	0	5	0	0	0	0	0	0	0	0	0	0	0	0	0	0	0	0	14	0	0	0	0	0	0	0	0	0	22	0	0	0	0	0	0	0	0	0	0	0	0	0	0	0	0	0	0	0	0	0	0	0	0	0	0	0	0	0	0	17	0	0	0
OTU685	0	0	0	0	0	0	0	0	0	0	0	0	0	0	0	0	0	0	0	0	0	0	0	0	0	0	0	0	0	0	0	0	0	0	0	0	0	0	0	0	0	0	0	0	0	0	0	0	0	0	0	0	0	1	0	0	0	0	22	0	0	0	1	0	0	0	0	0	2	0	0	0	0	0	0	0	0	0	0	0	0	0	0	0	0	0	0	0	0	0	0	0	0	0	0	0	0	0	0	0	0	0
OTU686	0	0	0	0	0	0	0	0	0	0	0	0	0	0	0	0	0	0	0	0	0	0	0	0	0	0	0	0	0	0	0	0	0	0	0	0	0	0	0	0	0	0	0	0	0	0	0	0	0	0	0	0	0	0	0	0	0	0	0	0	0	0	0	0	6	0	3	8	0	0	0	0	0	0	0	0	0	0	0	0	0	0	0	0	0	0	0	0	0	0	0	0	0	0	0	0	0	0	0	0	0	0
OTU687	0	0	0	0	0	0	0	0	0	0	0	0	0	0	0	0	0	0	0	0	0	0	0	0	0	0	0	0	0	0	0	0	0	0	0	0	0	0	0	0	0	0	0	0	0	0	0	0	0	0	0	0	0	0	3	0	0	0	0	0	0	0	0	0	2	0	17	1	0	0	0	0	0	0	0	0	0	0	0	0	0	0	0	0	0	0	0	0	0	0	0	0	0	0	0	0	0	0	0	0	0	0
OTU688	0	0	0	0	0	0	0	0	0	0	0	0	0	0	0	0	0	0	0	0	0	0	0	0	0	0	0	0	0	0	0	0	0	0	0	0	3	0	0	0	0	0	0	0	0	0	0	0	0	0	0	0	0	0	0	0	0	0	0	0	0	0	0	0	0	0	0	0	0	0	0	0	0	0	0	0	0	0	0	0	0	0	0	0	0	0	0	0	0	0	0	0	0	0	1	0	0	0	15	0	0	1
OTU689	0	0	0	3	11	9	0	0	0	14	0	0	0	0	0	0	0	0	2	0	1	0	0	2	0	0	1	0	0	0	0	1	0	0	0	0	0	0	0	0	0	1	0	0	0	0	1	0	0	0	0	0	0	0	2	0	2	0	1	1	0	0	0	2	5	4	23	34	3	0	0	5	0	0	0	0	5	0	0	0	0	0	0	0	0	0	0	0	0	0	0	0	0	0	0	0	0	0	0	0	17	0
OTU69	0	0	0	0	2	0	6	6	0	0	1	3	0	0	0	2	0	0	10	0	0	10	2	275	0	0	69	6	4	3	5	7	29	4	42	4	4	4	1351	0	9	18	5	3	15	7	7	7	82	8	2	14	0	3	45	1	3	5	39	8	3	3	6	1	14	25	13	7	1070	38	5	96	10	2	7	2	0	8	2	4	3	20	3	9	3	2	1	158	4	1	2	0	8	10	8	14	7	2	80	9	36	12
OTU690	0	0	0	0	0	0	0	0	0	0	0	2	0	0	0	0	0	0	0	0	0	0	0	0	0	0	0	0	0	0	0	0	0	0	0	0	0	0	0	0	21	0	0	0	0	0	0	0	0	0	0	0	0	0	0	0	0	0	0	0	0	0	0	0	0	0	0	0	0	0	0	0	0	0	0	0	0	0	0	0	0	0	0	0	0	0	0	0	0	0	0	0	0	0	0	0	0	0	0	0	0	0
OTU691	0	0	0	0	0	0	0	0	0	0	0	0	0	0	0	0	0	0	0	0	0	2	0	0	0	0	0	0	0	0	0	0	1	0	0	0	0	0	0	0	0	0	0	0	0	0	0	0	10	0	0	0	0	0	0	0	0	0	0	0	2	0	0	0	0	0	0	0	0	0	0	0	2	0	0	0	0	0	0	0	0	0	0	0	0	0	0	0	0	0	0	0	0	0	0	0	0	0	0	0	0	1
OTU692	0	0	0	0	0	0	0	0	0	0	0	0	0	0	0	0	0	0	0	0	0	1	0	0	0	0	1	0	4	0	2	0	0	0	0	0	11	0	0	0	0	0	0	0	0	0	0	0	0	0	0	0	0	0	0	0	0	0	0	0	0	0	0	1	0	0	0	0	0	0	0	0	0	0	0	0	0	0	0	0	0	0	0	0	0	0	0	0	0	0	0	0	0	0	0	0	0	0	0	0	0	0
OTU693	0	0	0	0	0	0	0	0	0	0	0	0	0	0	0	0	0	0	0	0	0	0	0	0	0	0	0	0	0	15	0	0	0	0	0	0	0	0	0	0	0	0	0	0	0	0	0	0	0	0	0	0	0	0	0	0	0	0	0	0	0	0	0	0	0	0	0	0	0	0	0	0	0	0	0	0	0	0	0	0	0	0	0	0	0	0	0	0	0	0	0	1	0	0	0	0	0	0	0	0	0	0
OTU694	0	0	0	0	0	0	0	0	0	0	0	0	0	0	0	0	0	0	0	0	0	0	0	0	0	0	0	0	0	2	0	0	0	0	0	0	0	0	0	0	8	2	0	0	0	0	0	0	0	0	0	0	0	3	0	0	0	0	1	0	0	0	0	0	0	0	0	0	0	0	0	0	1	0	0	0	0	0	0	0	0	0	3	0	0	1	0	0	0	0	0	0	0	0	0	0	0	0	0	0	0	0
OTU695	0	0	0	0	0	0	0	0	0	0	0	0	0	0	0	0	0	0	0	0	0	0	0	0	0	0	0	0	0	2	3	0	0	0	0	2	2	0	0	0	2	0	0	0	0	0	3	3	0	0	0	0	0	0	1	0	0	0	0	0	0	0	0	0	0	0	0	3	2	0	1	0	0	0	0	1	0	0	0	0	0	0	2	4	2	0	0	0	0	0	0	0	0	0	2	0	0	0	0	0	0	0
OTU696	0	0	0	0	0	0	0	0	0	0	0	0	0	0	0	0	0	0	0	0	0	0	0	0	0	0	0	0	0	3	0	0	0	0	1	0	0	0	0	0	4	0	0	0	0	0	0	0	0	2	0	0	0	0	0	0	0	0	0	0	0	0	0	0	0	0	0	0	0	0	0	0	0	0	0	0	0	0	0	0	0	0	0	0	0	0	0	0	3	0	0	0	0	0	0	0	0	0	0	0	0	0
OTU697	0	0	0	0	0	0	0	0	0	0	0	0	0	0	0	0	0	0	0	0	0	0	0	0	0	0	0	0	0	0	0	0	0	0	1	0	0	19	0	0	0	0	0	0	0	0	0	0	0	0	0	0	0	0	0	0	0	0	0	0	0	0	0	0	0	0	0	0	0	0	0	0	0	0	0	0	0	0	0	0	0	0	0	0	0	0	0	0	0	0	0	0	0	0	0	0	0	0	0	0	0	0
OTU698	0	0	0	0	0	0	0	0	0	0	0	0	0	0	0	0	0	0	1	0	0	0	0	0	0	0	16	0	1	0	0	0	4	0	5	0	0	0	0	0	1	0	0	0	4	0	8	0	0	0	0	0	0	0	0	0	2	0	0	0	0	0	0	0	0	1	0	0	0	0	0	0	0	0	0	0	0	0	0	0	0	0	2	0	0	0	0	0	0	0	0	0	3	0	9	0	0	0	0	0	0	0
OTU699	0	0	0	0	0	0	0	0	0	0	0	0	0	0	0	0	0	0	0	0	0	0	0	0	0	0	0	0	0	0	0	0	0	0	0	0	8	0	0	0	3	0	0	0	0	0	0	0	0	0	0	0	0	0	0	0	0	0	0	0	0	0	0	0	0	0	3	0	0	0	0	0	0	0	0	0	0	0	2	0	0	0	0	0	0	0	0	0	4	0	0	0	0	0	0	0	0	0	0	0	0	0
OTU7	0	46	9	5	10	7	155	326	11	4	60	111	0	28	33	26	3	1	338	0	166	309	98	239	74	387	1238	991	3633	677	593	62	365	74	526	90	4274	1572	899	2	5330	3077	937	606	359	361	1302	384	204	199	64	1154	807	189	433	291	933	358	689	149	251	80	216	139	645	391	782	2125	387	1891	3553	772	391	217	695	6461	5997	1228	467	6304	813	412	1319	454	792	216	2668	1272	2662	813	736	296	251	417	2088	477	435	381	1130	633	547	787
OTU70	0	1	0	0	0	0	2	26	0	0	4	9	0	4	1	1	0	0	48	0	56	1	0	0	0	3	156	9	3	4	1	80	27	4	0	1	0	1	0	0	725	289	505	718	4	46	0	10	3	55	0	5	2	0	4	8	7	34	14	0	0	1	2	4	0	0	2	12	3	10	4	5	5	3	288	372	3	7	4	3	1	7	4	0	7	6	1	9	0	2	2	1	2	9	7	7	13	3	1	0	1	0
OTU700	0	0	0	0	0	0	0	0	0	0	0	0	0	0	0	0	0	0	0	0	0	0	0	0	0	0	0	0	0	0	0	0	0	0	0	0	0	0	0	0	16	0	0	0	0	0	0	0	0	0	0	0	0	0	0	0	0	0	0	0	0	0	0	0	0	0	0	0	0	0	0	0	0	0	0	0	0	0	0	0	0	0	0	0	0	0	0	0	0	2	0	0	0	0	0	0	0	0	0	0	0	0
OTU701	9	21	0	0	1	1	10	59	0	3	2	31	0	8	7	1	1	0	180	0	32	14	52	27	21	8	22	30	30	56	13	41	64	28	269	9	70	681	79	0	1762	66	159	333	150	125	34	59	20	49	8	817	88	53	99	55	437	162	86	73	17	55	36	42	295	94	200	1987	139	235	53	314	56	27	92	957	623	707	122	38	107	206	72	375	242	161	581	2067	90	227	45	48	73	139	131	68	121	43	60	31	41	90
OTU702	0	0	0	0	0	0	0	0	0	0	0	0	0	0	0	0	0	0	0	0	0	0	0	0	0	0	0	0	0	0	0	0	1	0	0	0	0	0	0	0	0	0	0	1	2	0	0	0	0	0	0	0	0	0	0	0	0	1	3	0	0	0	0	0	0	0	0	0	0	0	0	0	0	0	0	0	0	0	0	0	0	0	0	0	0	0	0	0	0	0	0	0	4	0	0	0	1	2	0	0	0	0
OTU703	0	0	0	0	0	0	0	0	0	0	0	0	0	0	0	0	0	0	0	0	0	0	0	0	0	0	0	0	0	0	0	0	0	0	0	31	0	0	0	0	1	3	1	0	0	0	0	271	0	0	0	0	2	1	0	0	3	0	2	0	0	0	0	3	4	0	0	0	0	0	0	0	0	4	0	0	0	0	0	0	1	0	0	0	0	2	2	5	0	1	0	0	1	0	0	0	0	0	0	0	0	0
OTU704	0	0	0	0	0	0	0	0	0	0	0	0	0	0	0	0	0	0	0	0	0	0	0	0	0	0	0	0	0	0	0	0	0	0	0	0	0	0	0	0	0	0	0	0	0	0	0	0	0	0	0	11	0	0	0	0	0	0	0	5	2	0	0	0	0	0	0	0	0	0	0	0	0	0	0	0	0	0	0	0	0	0	3	0	2	0	0	0	0	1	0	1	0	1	0	0	0	0	0	0	0	0
OTU705	0	0	0	0	0	0	0	0	0	0	0	0	0	0	0	0	0	0	0	0	0	0	0	0	0	0	0	0	0	0	0	0	0	0	0	0	0	0	0	0	0	0	0	0	0	0	0	0	0	0	0	1	0	0	0	0	0	0	0	0	0	0	0	0	0	0	0	0	0	11	4	3	0	0	0	0	0	0	0	0	0	0	0	0	0	0	0	0	0	0	0	0	0	0	0	0	0	0	0	0	0	0
OTU706	0	0	0	0	0	0	0	0	0	0	0	0	0	0	0	0	0	0	0	0	0	0	0	0	0	0	0	0	0	0	0	0	0	0	0	0	0	0	0	0	0	0	0	0	0	1	0	0	0	0	0	0	0	0	0	0	0	0	0	0	0	0	0	2	0	0	0	0	15	0	0	0	0	0	0	0	0	0	0	0	0	0	1	0	0	0	0	0	0	0	0	2	0	0	0	0	0	0	0	0	0	0
OTU707	0	0	0	0	0	0	0	0	0	0	0	0	0	0	0	0	0	0	0	0	0	0	0	0	0	0	0	0	0	0	0	0	0	0	0	0	0	0	0	0	0	0	0	0	0	0	0	0	0	0	0	0	0	0	0	0	0	0	0	0	0	0	0	0	1	8	1	5	6	0	0	0	0	0	0	0	0	0	0	0	0	0	0	0	0	0	0	0	0	0	0	0	0	0	0	0	0	0	0	0	0	0
OTU708	0	0	0	0	0	0	11	4	0	0	0	0	0	0	0	0	0	0	16	0	33	7	7	10	17	11	0	3	0	0	0	6	12	11	5	5	1	1	0	0	0	1	3	0	1	0	0	0	0	1	0	0	1	0	62	152	5	0	25	31	12	8	13	13	1679	6696	23	26	1109	2	7	0	0	0	0	1	0	0	0	0	0	0	1	0	0	0	2	0	0	0	1	0	0	2	1	1	0	29	20	16	33	44
OTU709	0	0	0	0	0	0	0	0	0	0	0	0	0	0	0	0	0	0	0	0	0	0	0	0	3	0	0	0	0	0	0	0	0	0	0	0	0	0	0	0	0	0	0	0	0	0	0	0	0	0	0	0	0	0	0	0	0	0	0	0	0	0	0	0	0	0	0	13	0	0	0	0	0	0	0	0	0	0	0	0	0	0	0	0	0	0	0	0	0	0	0	0	0	0	0	0	0	0	0	0	0	0
OTU71	0	0	0	0	0	0	20	27	0	0	0	0	0	0	0	0	0	0	22	0	15	13	13	7	10	10	1	0	0	0	0	9	42	9	46	25	0	0	0	0	0	0	2	2	3	0	0	0	3	0	0	0	0	0	0	2	2	0	11	15	28	20	17	27	31	43	33	44	705	0	0	1	0	1	0	0	0	0	1	0	0	0	0	0	1	0	0	0	0	4	0	1	0	63	49	23	25	39	2717	1945	1433	1854
OTU710	0	0	0	0	0	0	0	0	0	0	0	0	0	0	0	0	0	0	0	0	0	0	0	0	0	0	0	0	0	0	0	0	0	0	0	0	0	0	0	0	0	0	0	0	0	0	0	0	2	0	0	0	0	0	0	0	0	0	0	0	0	0	0	0	0	0	0	0	0	0	0	0	0	0	0	0	0	0	0	0	0	0	0	0	0	0	0	0	0	0	0	0	0	0	15	0	0	0	0	8	0	0
OTU711	0	0	0	0	0	0	0	0	0	0	0	0	0	0	0	0	0	0	0	0	0	0	0	0	0	0	0	0	0	0	0	0	0	0	0	0	0	0	0	0	0	0	0	0	0	0	0	0	0	0	0	0	0	0	0	0	0	0	0	0	0	0	0	0	0	0	0	0	0	0	0	0	0	0	0	0	0	0	0	0	0	0	0	0	0	0	0	0	0	0	0	0	0	0	0	0	17	0	0	0	0	7
OTU712	0	0	0	0	0	0	0	0	0	0	0	0	0	0	0	0	0	0	0	0	0	0	0	0	0	0	0	0	0	0	0	0	0	0	0	0	0	0	0	0	0	0	0	0	0	0	0	0	0	0	0	0	0	0	0	0	0	0	0	0	0	0	0	0	0	0	1	2	0	0	0	0	0	0	0	0	0	0	0	0	0	0	0	0	0	0	0	0	0	0	0	0	0	0	0	0	0	18	0	0	4	0
OTU713	0	0	0	0	0	0	0	1	0	0	0	0	0	0	0	0	0	0	0	0	0	0	0	0	0	0	0	0	0	0	0	0	0	0	0	0	0	0	0	0	8	0	1	0	0	0	0	0	0	0	0	0	0	0	0	0	0	0	0	0	0	0	0	0	0	0	0	0	0	0	0	0	0	0	0	7	0	0	0	0	0	0	0	0	0	0	0	0	0	0	0	0	0	0	0	0	0	0	0	0	0	0
OTU714	0	0	0	0	0	0	0	0	0	0	0	0	0	0	0	0	0	0	0	0	4	0	0	0	0	0	0	0	0	0	0	0	0	0	0	0	0	0	0	0	0	0	3	0	0	0	0	0	0	0	0	0	0	0	0	0	0	0	0	0	0	0	0	0	0	0	0	0	0	0	0	0	0	0	0	0	0	0	1	0	0	0	0	0	0	0	0	0	0	0	0	0	0	4	0	0	0	0	0	0	0	0
OTU715	0	0	0	0	0	0	0	0	0	0	0	0	0	0	0	0	0	0	0	0	0	0	0	0	1	0	0	0	0	0	0	0	0	0	0	2	0	0	0	0	0	0	0	0	0	0	0	2	0	0	0	0	0	0	0	0	0	0	0	0	2	0	0	0	0	0	0	0	0	0	0	0	0	0	0	0	0	0	0	0	2	0	2	0	0	1	0	0	0	0	0	0	0	0	1	0	0	0	0	0	0	0
OTU716	0	0	0	0	0	0	0	0	0	0	0	0	0	0	0	0	0	0	0	0	0	0	0	0	0	0	6	4	0	0	0	0	1	0	0	0	0	0	0	0	0	0	0	0	0	0	0	0	0	0	0	0	0	0	0	4	0	0	0	0	0	0	0	0	0	0	0	0	0	0	0	0	0	0	1	0	0	0	0	0	0	0	0	0	0	0	0	0	0	0	0	0	0	0	0	0	0	0	0	0	0	0
OTU717	0	0	0	0	0	0	0	0	0	0	0	0	0	0	0	0	0	0	1	0	0	0	0	0	0	0	0	2	0	0	0	0	0	0	0	0	0	0	0	0	0	0	0	0	1	0	0	0	0	0	0	0	0	0	0	0	0	0	0	0	0	0	0	1	0	0	0	2	0	0	0	0	0	0	0	0	0	1	0	0	0	0	3	4	0	0	0	0	5	0	0	0	0	0	0	0	0	0	0	0	0	0
OTU718	0	0	0	0	0	0	0	0	0	0	0	0	0	0	0	0	0	0	0	0	0	0	1	0	0	0	0	0	7	0	0	0	0	0	0	2	0	0	1	0	0	0	0	0	0	0	0	0	0	0	0	1	0	0	2	0	0	0	1	0	2	0	0	0	1	0	0	0	0	0	0	0	0	0	0	2	0	0	0	0	4	0	0	0	0	0	0	0	3	0	0	0	0	0	0	0	0	0	1	0	0	0
OTU719	0	0	0	0	0	0	0	0	0	0	0	0	0	0	0	0	0	0	0	0	0	0	0	0	0	0	0	0	0	1	0	0	0	0	0	0	0	0	0	0	0	0	0	0	0	0	0	0	0	0	0	0	0	0	0	2	0	0	0	0	0	0	0	0	0	0	0	0	0	7	0	0	0	0	0	0	0	0	0	0	0	0	0	0	0	0	0	0	0	0	0	0	3	0	0	0	0	7	0	0	0	0
OTU72	0	0	0	0	0	0	1	0	0	0	0	4	0	0	0	0	0	0	0	0	1	0	18	0	2	1	2	3	1	6	1	0	2	0	1	5	7	237	5	0	16	5	1	6	9	1	3	5	6	1	1	24	4	1	2	6	13	6	15	1	3	0	3	0	0	0	2	0	4	5	1707	1	3	1	4	1	1161	4	3	5	0	11	3	1	9	4	1	6	8	1	6	6	4	8	11	12	5	0	0	0	3	2
OTU720	0	0	0	0	0	0	0	0	0	0	0	0	0	0	0	0	0	0	0	0	0	0	0	0	0	0	0	3	0	0	0	0	1	0	0	0	0	0	0	0	2	0	0	0	0	0	0	0	0	0	0	0	0	0	0	0	0	0	1	0	0	0	0	0	0	0	0	0	0	0	0	0	0	0	0	8	0	0	0	0	0	0	0	0	0	0	0	0	0	0	0	0	0	0	0	0	0	0	0	0	0	0
OTU721	0	0	0	0	0	0	0	0	0	0	0	0	0	0	0	0	0	0	0	0	0	0	0	0	0	0	0	0	0	0	0	0	0	1	0	0	0	0	0	0	0	0	0	0	0	0	0	0	0	0	0	0	0	0	0	0	0	0	0	0	0	0	0	0	0	0	2	0	0	0	0	0	0	0	0	0	0	2	0	0	0	0	0	0	0	0	0	0	0	0	0	0	6	0	0	0	0	2	0	0	0	0
OTU722	0	0	0	0	0	0	0	0	0	0	0	0	0	0	0	0	0	0	0	0	0	0	0	0	0	0	0	0	0	0	0	0	0	0	2	0	0	0	0	0	0	0	1	0	0	0	14	0	0	0	0	0	0	0	1	0	0	0	0	0	0	0	0	0	0	0	0	0	0	0	0	0	0	0	0	0	0	0	0	0	0	0	0	0	0	0	0	0	0	0	0	0	0	0	0	0	0	0	0	0	0	0
OTU723	0	0	0	0	0	0	0	0	0	0	0	0	0	0	0	0	0	0	0	0	0	0	0	0	0	0	0	0	0	0	0	0	0	0	0	10	0	0	0	0	0	0	0	0	0	0	0	3	0	0	0	0	0	0	0	0	0	0	0	0	0	0	0	0	0	0	0	0	0	0	0	0	0	0	0	0	0	0	0	0	0	0	0	0	0	0	0	0	0	0	0	0	0	0	0	0	0	0	0	0	0	0
OTU724	0	0	0	0	0	0	0	0	0	0	0	0	0	0	0	0	0	0	0	0	0	0	0	0	0	0	0	0	0	0	0	0	0	0	0	0	3	0	0	0	0	0	0	0	0	0	0	0	0	0	0	0	0	0	0	0	0	0	0	0	0	0	2	2	0	0	0	0	0	0	0	0	0	0	0	0	0	0	0	0	0	0	0	0	6	0	2	0	0	0	0	0	0	0	0	0	0	0	0	0	0	0
OTU725	0	0	0	0	0	0	0	0	0	0	0	0	0	0	0	0	0	0	0	0	0	0	0	0	0	0	0	0	0	0	0	0	0	0	0	0	0	0	0	0	21	0	0	0	0	0	0	0	0	0	0	0	0	0	0	0	0	0	0	0	0	0	0	0	0	0	0	0	0	0	0	0	0	0	0	0	0	0	0	0	0	0	0	0	0	0	0	0	0	0	0	0	0	0	0	0	0	0	0	0	0	0
OTU726	0	0	0	0	0	0	0	0	0	0	0	0	0	0	0	0	0	0	0	0	0	0	0	0	0	0	0	0	0	0	0	0	0	0	0	0	0	0	0	0	12	0	0	0	0	0	0	0	0	0	0	0	0	0	0	0	3	0	0	0	0	0	0	0	0	0	0	0	0	0	0	0	0	0	0	0	0	0	0	0	0	0	0	0	0	0	0	0	0	0	0	0	0	0	0	0	0	0	0	0	0	0
OTU727	0	0	0	0	0	0	0	0	0	0	0	0	0	0	0	0	0	0	2	0	0	0	0	0	0	0	0	0	0	0	0	0	0	0	0	0	0	0	0	0	28	24	8	1	0	0	12	0	0	0	0	0	0	0	0	1	2	0	0	0	0	0	0	0	0	0	0	0	0	0	0	0	0	0	0	1	0	0	0	0	0	0	0	0	0	0	0	0	0	0	0	4	0	0	0	0	0	0	0	0	0	0
OTU728	0	0	0	0	0	0	0	0	0	0	0	0	0	0	0	0	0	0	0	0	0	0	0	0	0	0	0	0	0	0	0	0	0	0	0	0	0	0	0	0	0	0	0	0	0	0	0	3	0	0	0	0	0	0	4	0	0	0	0	0	0	0	0	0	0	0	0	0	0	0	0	0	0	0	0	0	0	0	0	0	0	0	0	0	0	4	0	0	0	0	0	0	0	0	0	0	0	0	0	0	0	0
OTU729	0	0	0	0	0	0	0	0	0	0	0	0	0	0	0	0	0	0	0	0	0	0	0	0	0	0	0	0	0	0	0	0	0	0	0	0	0	0	0	0	0	0	0	0	0	0	0	0	0	0	0	0	0	0	14	0	0	0	0	0	0	0	0	0	1	0	0	0	0	0	0	0	0	2	0	0	0	0	0	0	0	0	0	0	0	0	0	0	0	1	0	0	0	0	0	0	0	0	0	0	0	0
OTU73	0	5	0	0	0	1	4	16	0	0	2	4	0	2	0	0	0	0	2	0	2	2	3	2	0	3	816	10	4	600	2	2	461	11	1	13	2	9	3	0	18	1	7	7	358	2	2	3	4	337	1	10	158	5	7	16	14	13	13	5	4	4	0	8	8	1	12	4	8	7	3	7	8	6	4	2	10	3	13	7	6	17	4	3	1	8	6	7	3	0	5	809	28	11	29	25	13	3	6	10	1	6
OTU730	0	0	0	0	0	0	0	0	0	0	0	0	0	0	0	0	0	0	0	0	0	2	0	0	0	0	0	0	0	0	0	0	0	0	0	0	0	0	0	0	0	0	4	0	0	0	0	0	0	0	0	0	0	0	0	9	0	0	0	0	0	0	0	0	0	5	0	0	0	0	0	0	0	0	0	0	0	0	0	0	0	0	0	0	0	0	0	0	0	0	0	1	0	0	0	0	0	0	0	0	0	0
OTU731	0	0	0	0	0	0	0	0	0	0	0	0	0	0	0	0	0	0	0	0	0	0	0	0	0	0	0	0	0	0	0	0	0	0	0	0	0	0	0	0	0	0	0	0	0	0	0	1	1	0	0	0	0	0	0	1	0	0	0	0	0	0	0	0	0	0	0	0	1	0	0	0	0	0	1	0	0	0	1	0	0	0	0	0	0	0	0	0	0	3	0	0	1	0	3	1	0	0	0	3	0	0
OTU732	0	0	0	0	0	0	0	0	0	0	0	0	0	0	0	0	0	0	0	0	0	0	0	0	0	0	0	0	0	0	0	0	0	0	0	0	0	0	0	0	0	0	0	0	0	0	0	0	0	0	0	0	0	0	0	10	0	0	0	0	0	0	0	0	0	2	0	0	0	0	0	0	0	0	0	0	0	0	0	0	0	0	0	0	0	0	0	0	0	0	0	0	0	0	0	0	0	0	0	0	0	0
OTU733	0	0	0	0	0	0	0	0	0	0	0	0	0	0	0	0	0	0	0	0	0	0	0	0	0	0	0	0	0	0	0	0	0	0	0	0	0	0	0	0	0	0	0	0	0	0	0	0	0	0	0	0	0	0	0	0	0	0	0	0	1	0	0	0	0	1	0	2	0	0	0	0	0	0	0	0	0	0	0	0	0	0	0	0	0	0	0	0	0	0	0	0	0	0	0	0	0	15	0	0	0	0
OTU734	0	0	0	0	0	0	0	0	0	0	0	0	0	0	0	0	0	0	0	0	0	0	0	0	0	0	0	0	0	0	0	0	0	0	0	0	0	0	0	0	0	0	0	0	0	0	0	0	0	0	0	0	0	0	0	0	0	0	0	0	0	0	0	0	0	0	0	0	0	9	2	0	0	0	0	0	0	3	0	0	0	0	0	0	0	0	1	0	1	0	0	0	0	0	0	0	0	0	0	0	0	0
OTU735	0	0	0	0	0	0	5	0	0	0	0	0	0	0	0	0	0	0	0	0	0	0	0	0	0	0	0	0	0	0	0	0	0	0	0	0	0	0	0	0	0	0	0	0	0	0	0	0	0	0	0	0	0	0	0	2	0	0	0	0	0	0	0	0	0	0	0	0	0	0	0	0	0	0	0	0	0	0	0	0	3	0	0	0	0	0	0	0	0	0	0	0	0	0	0	0	0	0	0	0	0	0
OTU736	0	0	0	0	5	0	0	0	0	0	0	0	0	0	0	0	3	0	0	11	0	0	1	0	0	0	0	0	0	0	0	0	0	0	0	0	0	0	0	0	0	0	0	0	0	0	0	0	0	0	0	0	0	0	0	0	0	0	0	0	0	0	0	0	0	0	0	0	1	0	0	0	0	0	0	0	0	0	0	0	0	0	0	0	0	1	0	0	0	0	0	0	0	0	0	0	0	0	0	0	0	0
OTU737	0	0	0	0	0	0	0	1	0	0	0	0	0	0	0	0	0	0	0	0	0	3	22	0	0	0	0	0	0	1	0	0	0	0	0	0	0	0	0	0	0	0	0	0	0	0	0	0	0	0	0	0	0	0	0	0	0	0	0	0	0	0	0	0	0	0	0	0	0	0	0	0	0	0	0	0	0	0	0	0	0	0	0	0	0	0	0	0	0	0	0	0	0	0	0	0	0	0	0	0	0	0
OTU738	0	0	0	0	0	0	0	0	0	0	0	0	0	0	0	0	0	0	0	0	0	0	9	0	1	0	0	0	0	0	0	0	0	0	0	0	0	0	0	0	0	0	0	0	0	0	0	0	0	0	0	0	0	0	0	0	0	0	0	0	0	0	0	0	0	0	0	0	0	0	0	0	0	0	0	0	0	0	0	0	0	0	0	0	0	0	0	0	0	0	0	0	0	0	0	0	0	0	0	0	0	0
OTU739	0	0	0	0	0	0	0	0	0	0	0	0	0	0	0	0	0	0	0	0	0	0	0	0	0	1	0	0	3	0	4	0	1	0	4	4	0	0	1	0	0	10	8	0	0	0	29	5	0	0	0	0	0	0	0	0	0	3	0	0	0	2	0	1	0	0	0	0	0	0	0	0	0	0	0	0	0	2	0	0	0	0	1	14	1	0	1	1	2	1	1	0	0	1	0	0	0	0	0	0	0	0
OTU74	0	0	1	0	0	0	2	10	5	0	0	8	1	0	1	0	0	0	2	0	8	2	2	2	5	0	9	14	1	566	0	2	5	2	13	0	7	7	6	0	9	4	0	1	2	2	3	5	1	2	0	2	2	55	24	3	6	4	4	4	4	6	0	3	1293	5	11	8	12	3	3	0	5	5	4	4	4	10	2	4	2	1	4	2	5	1	8	15	2	1974	0	0	114	9	3	4	11	29	6	0	4	3
OTU740	0	0	0	0	0	0	0	0	0	0	0	0	0	0	0	0	0	0	0	0	0	0	0	0	0	0	0	0	0	0	0	0	0	1	0	0	0	1	0	0	0	0	0	0	0	8	0	0	0	0	0	0	0	0	0	0	0	0	0	0	0	0	0	0	0	0	0	0	0	0	0	0	0	0	0	0	0	0	0	0	0	0	0	4	0	0	0	0	0	0	0	0	0	0	0	0	0	0	0	0	0	0
OTU741	0	0	0	0	0	0	0	0	0	0	0	0	0	1	0	0	0	0	0	0	0	0	0	0	0	0	0	0	0	0	0	0	0	0	0	0	0	0	0	0	42	0	0	0	0	0	0	0	0	0	0	0	1	0	0	0	0	0	1	0	0	0	0	0	0	0	0	0	0	0	0	0	0	0	0	0	0	0	0	0	0	0	0	0	0	0	0	0	0	0	0	0	0	0	0	0	0	0	0	0	0	0
OTU742	0	0	0	0	0	0	0	0	0	0	0	0	0	0	0	0	0	0	0	0	0	0	0	0	0	0	0	0	0	0	0	0	0	0	0	0	0	0	0	0	9	0	0	0	0	0	0	0	0	0	0	0	0	0	0	0	0	0	0	0	0	0	0	0	0	0	0	0	0	0	0	0	0	0	0	0	0	0	0	0	0	0	0	0	0	0	0	0	0	0	0	0	0	0	2	0	0	0	0	0	0	0
OTU743	0	0	0	0	0	0	0	0	0	0	0	0	0	0	0	0	0	0	2	0	0	0	0	0	0	0	0	0	0	0	0	0	0	0	0	0	5	0	0	0	5	0	0	0	0	0	0	0	0	0	0	0	0	0	0	6	4	0	0	0	0	0	0	0	0	0	0	0	0	0	1	0	0	0	0	0	0	0	0	1	0	0	0	0	0	0	0	0	0	0	0	0	0	0	0	0	2	0	0	0	0	0
OTU744	0	0	0	0	0	0	0	0	0	0	0	0	0	0	0	0	0	0	0	0	0	0	0	0	0	0	0	0	0	0	0	0	2	0	0	0	0	0	0	0	6	2	0	0	0	0	1	0	0	0	0	0	0	0	3	0	0	0	0	0	0	0	0	0	0	1	0	0	0	0	1	0	0	0	0	0	0	0	1	0	0	1	0	0	0	0	0	0	0	0	0	0	0	0	0	0	0	0	0	0	1	0
OTU745	0	0	0	0	0	0	0	0	0	0	0	0	0	0	0	0	0	0	0	0	0	0	0	0	0	0	0	0	0	1	0	0	0	0	0	0	0	0	0	0	0	4	0	0	0	0	0	0	0	0	0	0	0	0	0	0	0	0	0	1	0	0	0	0	0	0	0	0	0	1	0	0	0	0	1	0	0	0	0	0	5	0	2	0	0	0	0	0	0	0	0	0	0	0	0	0	0	0	1	3	0	0
OTU746	0	0	0	0	0	0	0	0	0	0	0	0	0	0	0	0	0	0	0	0	0	0	0	0	0	0	0	0	0	0	0	0	0	0	4	0	0	0	0	0	0	2	0	0	0	0	0	0	0	0	0	0	0	0	0	0	0	0	0	0	0	0	0	0	0	0	0	0	0	0	0	0	0	0	0	0	0	0	0	0	0	0	0	0	0	0	0	10	0	0	0	0	0	0	0	0	0	0	0	0	0	0
OTU747	0	0	0	0	0	2	0	25	0	0	6	0	0	1	0	0	0	0	0	0	0	0	0	0	0	1	0	0	0	1	2	2	5	0	4	0	0	2	0	0	1	0	0	0	3	0	0	2	2	5	2	41	0	2	3	0	0	1	0	0	0	0	0	1	0	0	6	0	0	0	0	0	126	15	0	0	0	2	0	1	0	1	0	1	0	5	0	3	1	6	0	1	2	9	7	0	0	4	0	1	0	0
OTU748	0	0	0	0	0	0	0	0	0	0	0	0	0	0	0	0	0	0	0	0	0	0	0	0	0	0	0	0	0	0	0	0	0	0	0	0	0	0	0	0	0	0	0	0	0	0	0	0	0	0	0	0	0	0	0	0	0	0	7	0	0	0	0	0	0	0	0	0	4	0	0	0	0	1	0	0	0	0	0	0	0	0	0	0	0	1	0	0	0	0	0	0	0	0	0	0	1	0	0	0	0	0
OTU749	0	0	0	0	0	0	0	0	0	0	0	0	0	0	0	0	0	0	0	0	0	0	0	0	0	0	0	0	0	0	0	0	0	0	0	0	0	0	0	0	0	0	0	0	0	0	0	0	0	0	0	0	0	0	0	0	0	0	0	0	0	1	0	0	0	1	0	0	0	0	0	0	0	0	0	0	0	0	0	0	0	0	0	0	3	0	0	2	0	0	0	0	4	0	2	0	0	0	0	1	0	0
OTU75	0	2	0	1	2	0	3	15	7	0	0	4	0	0	0	0	0	0	6	0	1	6	5	8	4	0	14	12	2	32	5	19	11	3	47	2	61	12	21	0	96	2	4	114	16	33	18	2	4	5	5	7	12	5	83	27	4	3	10	14	7	21	53	32	128	10	11	48	17	321	2	53	21	16	11	16	203	120	3	5	21	33	116	112	173	80	51	212	2	4	6	13	28	40	107	13	25	17	1302	32	1	8
OTU750	0	0	0	0	0	0	0	0	0	0	0	0	0	0	0	0	0	0	0	0	0	0	0	1	0	0	0	0	0	0	0	0	0	0	0	0	0	0	0	0	0	0	0	0	0	0	0	0	0	0	0	0	0	0	0	0	0	0	0	0	0	0	0	0	0	3	0	0	0	0	0	0	0	0	0	0	0	0	0	0	0	0	0	0	0	0	0	0	0	0	0	0	0	0	0	0	0	0	0	8	0	0
OTU751	0	0	0	0	0	0	0	0	0	0	0	0	0	0	0	0	0	0	0	0	0	0	0	0	0	0	0	0	0	0	0	0	0	0	0	0	0	0	0	0	0	0	0	0	0	0	0	0	0	0	0	0	0	0	0	0	0	0	0	0	0	0	0	0	0	0	2	13	1	0	0	0	0	0	0	0	0	0	0	0	0	0	0	0	0	0	0	0	0	0	0	0	0	0	0	0	0	6	0	0	2	5
OTU752	0	0	0	0	0	0	0	0	0	0	0	0	0	0	0	0	0	0	0	0	0	0	0	0	0	0	0	0	0	0	0	0	0	0	0	0	0	0	0	0	0	0	0	0	0	0	0	0	0	0	0	0	0	0	0	0	0	0	0	0	0	0	0	0	0	0	0	0	0	0	0	0	0	0	0	0	0	0	0	0	0	0	0	0	0	0	0	0	0	0	0	0	0	0	0	0	0	11	0	0	0	0
OTU76	0	0	0	0	0	0	0	0	0	2595	0	3	0	0	0	0	1	0	0	0	0	0	0	0	0	0	4	0	2	0	0	0	1	0	0	0	6	2	2	0	5	8	2	2	5	1	0	2	4	0	6	3	0	3	2	5	9	3	10	0	0	0	0	0	0	0	0	0	0	5	7	1	0	0	6	3	3	0	2	1	7	1	3	1	6	0	6	9	3	3	3	2	3	9	3	2	12	0	0	0	0	0
OTU77	0	0	0	0	0	0	0	5	0	0	0	0	0	0	0	0	0	0	3	0	1	3	1	5	4	4	0	0	0	0	0	2	12	7	14	1	0	0	0	0	0	0	0	0	0	0	0	0	0	0	0	0	0	0	8	0	19	7	0	12	9	9	5	3	628	18	655	773	17	0	0	0	0	0	1	0	0	0	0	0	0	3	0	0	1	0	0	0	0	0	0	0	0	0	0	10	0	4	17	7	527	11
OTU78	0	4	0	2	0	3	27	20	2	0	7	21	0	9	11	0	0	0	72	0	28	92	28	53	7	37	1614	45	417	42	1609	2	291	40	275	6	934	242	175	0	3336	283	113	23	37	95	153	23	31	35	4	59	38	21	63	29	346	71	54	5	3	11	72	194	6	10	89	13	19	126	1224	209	23	34	113	204	586	1420	67	258	76	32	38	32	182	24	665	899	1411	25	18	25	36	66	78	75	56	2	12	8	28	9
OTU79	0	0	0	3	0	0	0	0	0	0	0	0	0	1	0	0	0	1	0	0	0	0	0	0	0	0	4060	0	0	0	0	0	0	0	0	0	2	0	0	0	0	0	0	0	0	0	0	0	0	2	0	0	0	0	0	0	1	0	0	0	0	0	0	0	0	0	0	0	0	0	0	0	0	0	0	0	0	0	0	0	4	0	0	0	0	0	0	0	0	0	0	0	0	0	0	0	0	0	0	0	0	0
OTU8	1	40	10	8	1	15	156	47	4	38	31	127	0	15	9	4	0	0	25	0	44	30	9	12	48	15	1634	114	10814	94	3158	397	452	15	280	108	96	72	72	0	297	119	106	5570	803	82	4319	1113	137	100	38	215	411	77	5018	9921	183	4181	3390	34	20	17	7	220	707	1844	70	1065	623	109	86	102	107	149	870	99	100	87	95	112	931	154	170	109	102	94	95	222	70	126	4053	84	4929	2192	1092	723	3486	1488	386	173	163	541
OTU80	0	1	1	0	0	1	8	13	2	1	2	13	0	11	0	0	0	0	3	0	7	93	125	0	4	4	13	23	6	2170	8	1	6	0	32	9	1432	1992	22	0	26	21	16	10	20	16	7	16	57	190	3	37	150	335	48	50	26	45	53	9	2	4	3	8	16	8	12	4	614	11	16	16	21	24	31	9	13	17	23	9	20	37	10	22	9	24	7	366	22	1760	17	23	572	34	1463	34	165	143	1	222	5	48
OTU81	0	1	0	0	0	0	1	4	0	0	0	4	0	1	0	0	0	0	0	0	0	1	1	0	2	3	431	3	361	37	844	0	121	6	2	3	7	1	4	0	2	5	2	2	6	11	2	2	3	4	1	2	2	8	15	4	13	11	2	2	3	10	196	133	428	179	631	12	148	3	0	0	3	3	11	1	1	2	6	6	0	2	10	59	621	6	1	11	3	1	3	0	11	11	11	9	5	1	3	2	13	6
OTU82	0	0	5	0	0	0	0	3	0	0	1	6	0	0	0	0	2	0	14	0	1	1	10	4	0	3	57	25	308	11	10	6	23	2	9	11	2	66	3	0	148	121	5	50	8	8	31	53	12	4	0	15	22	3	13	8	22	55	38	10	32	1	0	19	106	76	42	183	15	16	14	2	7	1	4	66	32	57	3	4	8	18	209	6	16	8	90	21	20	16	34	19	18	16	26	10	33	5	5	9	5	106
OTU83	1	0	0	0	0	0	2	0	3	2	1	9	0	0	0	2	0	0	12	0	0	0	0	2	0	0	11	4	0	9	28	0	7	0	8	0	3	10	4	0	2043	58	1	1	5	2	58	4	1	10	4	0	2	3	8	2	1	2	23	0	0	0	0	12	0	0	5	0	0	8	0	0	1	4	7	2	9	58	17	0	1	4	1	4	2	0	22	5	20	2	5	2	8	6	7	1	33	0	0	2	0	11
OTU84	0	0	0	0	0	0	0	0	0	0	0	0	0	0	0	0	0	0	5	0	263	2	2	0	1	0	0	0	0	0	0	0	5	1	0	3	0	0	0	0	0	0	4	0	0	0	0	0	0	0	0	0	0	0	0	70	0	0	0	0	0	0	1	1	5	2582	1	7	4	2	0	0	0	0	1	0	1	1	0	0	0	0	0	0	0	1	0	0	0	0	0	0	0	1	0	0	0	5	0	2	2	8
OTU85	0	0	0	0	0	0	15	5	0	0	0	4	0	1	0	0	0	0	3	0	3	0	1	1	4	2	1	6	0	2	27	15	1	0	5	5	2	6	13	0	1069	2	12	38	3	3	4	3	2	22	5	82	26	3	9	7	13	2	9	5	1	0	3	6	395	136	33	125	163	5	6	0	1	5	1	22	50	64	45	10	60	4	8	2	3	2	13	7	11	4	11	2	1	21	6	9	2	0	76	2	28	6
OTU86	0	1	2	1	0	3	2	0	0	0	2	1	0	1	1	0	0	0	0	0	3	2	2	3	2	2	335	5	0	3	4	0	88	0	1	31	4	4	0	0	16	0	0	2	3	5	3	135	1	7	0	5	3	4	355	7	6	59	398	1	0	2	3	0	58	1	5	24	70	1	0	3	5	5	2	3	3	0	2	2	8	4	1	5	0	4	5	3	1	4	0	0	10	2	319	4	138	0	2	65	0	35
OTU87	0	0	0	1	0	0	13	9	0	0	0	0	0	0	0	0	0	0	246	0	8	8	6	6	3	10	1	4	2	1	0	7	21	5	26	11	0	0	2	0	4	944	1	4	1	2	1	0	1	0	1	0	3	4	3	5	1	5	2	3	11	3	12	13	9	17	28	29	29	1	4	1	1	4	1	0	0	1	3	2	2	2	0	5	3	2	0	1	1	0	0	0	1	6	0	2	90	7	21	10	21	6425
OTU88	0	0	0	0	0	0	0	11	0	0	5	4	0	0	0	0	0	0	10	0	1	3	1	1	3	1	102	0	0	2	4	44	50	0	2	57	1	4	2	0	8	1	0	303	74	2	1	228	2	6	2	6	8	3	226	9	6	10	115	1	56	56	0	9	499	5	4	15	32	1	0	4	21	2	5	4	3	0	2	4	0	8	283	232	2	6	2	3	3	5	1	3	1	38	56	38	1	2	7	32	24	1
OTU89	0	0	0	0	2	0	289	1	0	0	0	3	0	0	0	0	0	0	0	0	1	2	0	0	0	2	1	1	0	0	0	5	1	0	2	0	1	1	2	0	4	0	2	29	2	2	23	2	2	2	0	0	2	2	5	2	6	2	5	0	16	6	0	0	0	3	0	1	0	4	3	5	4	0	5	0	4	1	2	1	2099	8	83	26	6	2	1	3	3	0	4	1	4	1	0	2	2	0	7	1	2	1
OTU9	0	60	16	8	5	11	340	250	8	4	28	107	0	45	9	8	0	0	422	0	110	193	134	290	195	55	1076	2217	1941	1165	1293	151	378	134	447	203	1528	1292	1361	0	8199	3683	744	668	589	606	1580	851	328	138	85	856	1217	149	1429	437	790	473	857	343	274	129	376	417	5644	2611	7226	6016	4171	1666	1541	440	274	136	155	2547	1520	2724	1232	111	2360	831	1390	683	2104	915	1176	353	1572	429	350	247	543	915	2469	590	496	646	6692	980	1755	2927
OTU90	0	4	0	0	1	2	3	9	1	0	2	2	0	0	1	0	0	0	5	0	0	4	1	0	2	3	0	7	0	3	5	2	172	0	213	0	3	5	2	0	6	5	3	11	365	8	4	5	6	3	2	9	298	2	5	8	15	8	18	4	2	0	0	1	4	0	6	3	4	14	3	492	7	65	571	2	3	4	0	1	4	9	3	3	5	1	5	1120	3	4	3	122	17	4	5	3	12	1	7	4	0	2
OTU91	0	0	0	1	0	0	0	0	0	0	0	5	0	1	0	0	0	0	0	0	0	2	0	0	0	0	1	5	3	0	1	0	0	0	25	0	1	0	3	0	3	1	0	0	0	0	4	0	0	7	0	4	2	3	9	2	1	6	0	0	0	0	0	1	0	0	2	0	0	1	0	2	2	4	1	0	1	0	50	0	1	0	0	5	3	2	0	1	1884	0	1	2	5	0	1	14	7	0	2	0	0	0
OTU92	0	0	0	0	0	0	0	3	0	0	0	0	0	0	0	0	0	0	2	0	2	2	0	3	3	1	0	0	0	0	0	2	9	1	11	3	0	0	0	0	0	0	0	0	0	0	0	0	1	0	0	0	0	0	0	0	0	0	0	6	1	2	3	1	15	7	6	2	6	0	0	0	0	0	0	0	0	0	0	0	0	0	1	0	0	0	0	0	0	0	0	0	0	0	0	0	34	1	10	5	3	1796
OTU93	0	0	0	0	0	0	0	1	0	0	0	0	0	0	0	0	0	0	4	0	3	3	0	0	1	3	0	0	0	0	0	1	7	0	11	2	0	0	0	0	0	0	0	0	0	0	0	0	0	0	0	0	0	0	0	9	2	0	1	6	0	7	0	10	8	344	382	1	10	0	0	0	0	0	0	0	0	0	0	0	0	0	0	0	0	0	0	0	0	7	0	0	1	10	0	10	6	7	422	3	689	301
OTU94	0	0	0	0	0	0	6	20	0	0	0	0	0	0	0	0	0	0	7	0	17	9	6	12	7	3	2	0	0	9	1	11	168	17	39	11	1	0	0	0	0	3	0	1	606	3	0	2	2	0	1	6	2	0	38	174	1	5	35	12	13	8	5	12	1624	7440	45	30	858	0	0	1	0	3	0	0	0	0	4	2	0	0	5	0	0	0	1	0	3	1	1	1	2	4	3	3	6	28	19	26	19	24
OTU95	2	3	0	0	0	0	15	13	0	0	0	3	1	0	0	0	0	0	3	0	5	18	0	31	11	0	106	11	2	11	8	37	43	1	93	18	8	1	231	0	24	5	5	503	77	2	845	129	287	1349	7	8	62	29	13	388	24	526	386	5	3	1	1	40	7	45	255	106	68	8	31	767	6	11	54	4	0	10	99	2	100	5	14	3	6	149	9	13	8	484	1119	3	42	193	315	34	18	24	57	54	5	1
OTU96	0	0	0	0	0	0	5	3	0	0	0	0	0	0	0	0	0	0	1	0	7	4	3	1	0	1	0	0	0	1	0	1	5	2	4	0	0	0	0	0	0	0	0	0	0	0	0	1	0	0	0	0	0	0	16	7	17	0	0	0	1	1	2	4	702	28	795	11	12	0	0	0	2	0	0	0	0	0	0	0	0	0	0	0	0	0	0	2	0	1	0	0	0	0	0	0	0	3	4	3	1	1
OTU97	0	1	0	0	0	0	0	12	0	0	6	8	0	1	0	0	2	0	0	0	0	2	0	0	0	0	5	4	143	4	88	0	0	0	4	0	54	2	0	0	336	32	8	0	2	5	5	7	2	3	1	2	1	5	2	8	135	4	16	0	0	0	0	8	0	0	25	5	0	23	21	5	2	7	1	298	24	22	9	0	6	1	3	4	3	1	78	8	221	0	5	4	0	6	2	0	5	0	0	0	0	1
OTU98	0	1	0	0	0	0	0	0	0	0	0	4	0	0	1	0	0	0	0	0	0	0	0	0	3	0	226	0	0	2	671	0	72	0	0	0	0	3	1	0	3	5	1	0	3	4	1	1	2	2	0	0	1	2	5	6	2	2	2	5	3	2	0	72	0	0	3	4	0	7	0	1	2	6	1	0	4	3	3	2	0	9	7	1	0	3	2	9	1	3	0	0	5	6	333	5	9	0	3	98	2	2
OTU99	0	0	0	0	0	0	0	2	0	0	0	1	0	2	0	0	0	0	0	0	0	0	0	1	0	0	15	8	0	3	0	0	5	11	0	4	0	4	3	0	5	5	3	1	1	48	0	4	1	4	0	0	1	0	7	6	1377	4	5	0	0	0	0	1	1	1	103	0	0	0	3	0	3	4	2	0	2	1	1	1	0	2	2	9	0	0	2	3	0	1	3	2	69	5	2	21	2	17	3	0	2	2
