,V1,V2,V3,V4,V6,V7,V8,V9,V10,V11,V12,V5_2,V5_3,V5_4,V5_5,V5_6,V5_7,V5_1_1,V5_1_2,OTU.ID
1,OTU1,273,1,273,912,465,737,100,488,1.45e-136,98.901,Crenarchaeota,Nitrososphaeria,Nitrososphaerales,Nitrososphaeraceae,uncultured|archaeon,_,KX061118.1.912,Archaea,OTU1.Crenarchaeota.uncultured|archaeon
2,OTU2,273,1,273,1363,362,634,100,488,1.45e-136,98.901,Crenarchaeota,Nitrososphaeria,Nitrososphaerales,Nitrososphaeraceae,uncultured|archaeon,_,KP308704.6670.8032,Archaea,OTU2.Crenarchaeota.uncultured|archaeon
3,OTU3,273,1,273,1444,498,770,100,488,1.45e-136,98.901,Actinobacteriota,Actinobacteria,Micrococcales,Micrococcaceae,Pseudarthrobacter,Arthrobacter|sp.|11/16c,DQ310475.1.1444,Bacteria,OTU3.Actinobacteriota.Pseudarthrobacter
4,OTU4,273,1,273,1476,497,769,100,494,3.12e-138,99.267,Chloroflexi,KD4-96,_,_,_,_,KF712627.1.1476,Bacteria,OTU4.Chloroflexi._
5,OTU5,273,1,273,1525,522,794,100,488,1.45e-136,98.901,Proteobacteria,Gammaproteobacteria,Pseudomonadales,Moraxellaceae,Acinetobacter,Acinetobacter|junii|CIP|107470,APPS01000066.3407.4931,Bacteria,OTU5.Proteobacteria.Acinetobacter
6,OTU6,273,1,273,1460,483,755,100,477,3.15e-133,98.168,Cyanobacteria,Cyanobacteriia,Thermosynechococcales,Thermosynechococcaceae,Synechococcus|IR11,_,JX133605.1.1460,Bacteria,OTU6.Cyanobacteria.Synechococcus|IR11
7,OTU7,273,1,273,1475,489,761,100,460,3.17e-128,97.07,Proteobacteria,Alphaproteobacteria,Tistrellales,Geminicoccaceae,_,_,KJ817572.1.1475,Bacteria,OTU7.Proteobacteria._
8,OTU8,273,1,273,1404,536,808,100,494,3.12e-138,99.267,Acidobacteriota,Vicinamibacteria,Vicinamibacterales,_,uncultured|Acidobacteria|bacterium,_,AY921989.1.1404,Bacteria,OTU8.Acidobacteriota.uncultured|Acidobacteria|bacterium
9,OTU9,274,1,274,1487,509,782,100,490,4.06e-137,98.905,Actinobacteriota,Acidimicrobiia,Actinomarinales,_,uncultured|actinobacterium,_,EU328001.1.1487,Bacteria,OTU9.Actinobacteriota.uncultured|actinobacterium
10,OTU10,273,1,273,1326,482,754,100,494,3.12e-138,99.267,Chloroflexi,Gitt-GS-136,_,_,_,_,HM299006.1.1326,Bacteria,OTU10.Chloroflexi._
11,OTU11,273,1,273,1523,541,813,100,494,3.12e-138,99.267,Methylomirabilota,Methylomirabilia,Rokubacteriales,_,_,_,FJ444671.1.1523,Bacteria,OTU11.Methylomirabilota._
12,OTU12,273,1,273,1486,517,789,100,494,3.12e-138,99.267,Chloroflexi,Chloroflexia,Thermomicrobiales,JG30-KF-CM45,_,_,EU786123.1.1486,Bacteria,OTU12.Chloroflexi._
13,OTU13,273,1,273,914,465,737,100,488,1.45e-136,98.901,Crenarchaeota,Nitrososphaeria,Nitrososphaerales,Nitrososphaeraceae,uncultured|archaeon,_,HQ739002.1.914,Archaea,OTU13.Crenarchaeota.uncultured|archaeon
14,OTU14,273,1,273,1500,513,786,100,466,6.81e-130,97.445,Proteobacteria,Alphaproteobacteria,Tistrellales,Geminicoccaceae,_,_,HQ864192.1.1500,Bacteria,OTU14.Proteobacteria._
15,OTU15,275,1,275,1346,478,752,100,459,1.15e-127,96.739,Proteobacteria,Alphaproteobacteria,Tistrellales,Geminicoccaceae,_,_,EU133443.1.1346,Bacteria,OTU15.Proteobacteria._
16,OTU16,273,1,273,1308,445,717,100,494,3.12e-138,99.267,Crenarchaeota,Nitrososphaeria,Nitrososphaerales,Nitrososphaeraceae,uncultured|archaeon,_,JN562355.1.1308,Archaea,OTU16.Crenarchaeota.uncultured|archaeon
17,OTU17,273,1,273,1472,513,785,100,488,1.45e-136,98.901,Firmicutes,Bacilli,Bacillales,Planococcaceae,Planococcus,_,LC026829.1.1472,Bacteria,OTU17.Firmicutes.Planococcus
18,OTU18,121,1,121,1501,500,620,100,224,1.75e-57,100,Actinobacteriota,Actinobacteria,Corynebacteriales,Mycobacteriaceae,Mycobacterium,Mycobacterium|tusciae|JS617,AGJJ02000004.139203.140703,Bacteria,OTU18.Actinobacteriota.Mycobacterium
19,OTU19,273,1,273,1469,496,768,100,494,3.12e-138,99.267,Chloroflexi,Chloroflexia,Thermomicrobiales,AKYG1722,uncultured|Chloroflexi|bacterium,_,EU979025.1.1469,Bacteria,OTU19.Chloroflexi.uncultured|Chloroflexi|bacterium
20,OTU20,273,1,273,912,465,737,100,488,1.45e-136,98.901,Crenarchaeota,Nitrososphaeria,Nitrososphaerales,Nitrososphaeraceae,uncultured|archaeon,_,KX061157.1.912,Archaea,OTU20.Crenarchaeota.uncultured|archaeon
21,OTU21,274,1,274,1492,513,786,100,496,8.72e-139,99.27,Cyanobacteria,Cyanobacteriia,Cyanobacteriales,Coleofasciculaceae,Microcoleus|Es-Yyy1400,uncultured|microorganism,KP676444.1.1492,Bacteria,OTU21.Cyanobacteria.Microcoleus|Es-Yyy1400
22,OTU22,273,1,273,1327,481,753,100,466,6.81e-130,97.436,Chloroflexi,Chloroflexia,Thermomicrobiales,JG30-KF-CM45,_,_,JF210530.1.1327,Bacteria,OTU22.Chloroflexi._
23,OTU23,273,1,273,1362,485,757,100,488,1.45e-136,98.901,Actinobacteriota,Actinobacteria,Frankiales,Geodermatophilaceae,Blastococcus,_,FJ658351.1.1362,Bacteria,OTU23.Actinobacteriota.Blastococcus
24,OTU24,273,1,273,1386,440,712,100,488,1.45e-136,98.901,Proteobacteria,Alphaproteobacteria,Tistrellales,Geminicoccaceae,_,uncultured|Alphaproteobacteria|bacterium,JN825374.1.1386,Bacteria,OTU24.Proteobacteria._
25,OTU25,273,1,273,1476,517,789,100,499,6.71e-140,99.634,Acidobacteriota,Vicinamibacteria,Vicinamibacterales,_,_,_,KY190684.1.1476,Bacteria,OTU25.Acidobacteriota._
26,OTU26,273,1,273,1491,514,786,100,488,1.45e-136,98.901,Myxococcota,Myxococcia,Myxococcales,Myxococcaceae,Hyalangium,Hyalangium|minutum,DQ768124.1.1491,Bacteria,OTU26.Myxococcota.Hyalangium
27,OTU27,274,1,274,1521,536,809,100,496,8.72e-139,99.27,Acidobacteriota,Blastocatellia,Pyrinomonadales,Pyrinomonadaceae,RB41,_,FJ478667.1.1521,Bacteria,OTU27.Acidobacteriota.RB41
28,OTU28,273,1,273,1529,540,812,100,494,3.12e-138,99.267,Firmicutes,Bacilli,Bacillales,Bacillaceae,Bacillus,Bacillus|megaterium|NCT-2,CP032527.1.5193616,Bacteria,OTU28.Firmicutes.Bacillus
29,OTU29,274,1,274,1386,443,716,100,451,1.91e-125,96.35,Proteobacteria,Alphaproteobacteria,Tistrellales,Geminicoccaceae,_,uncultured|Alphaproteobacteria|bacterium,JN825373.1.1386,Bacteria,OTU29.Proteobacteria._
30,OTU30,274,1,274,1314,433,706,100,490,4.06e-137,98.905,Proteobacteria,Alphaproteobacteria,Azospirillales,_,_,_,JN607035.1.1314,Bacteria,OTU30.Proteobacteria._
31,OTU31,273,1,273,1502,502,774,100,488,1.45e-136,98.901,Actinobacteriota,Actinobacteria,Propionibacteriales,Nocardioidaceae,Marmoricola,metagenome,FPLL01008804.11.1512,Bacteria,OTU31.Actinobacteriota.Marmoricola
32,OTU32,273,2,273,1456,478,749,99,448,2.47e-124,96.324,Cyanobacteria,Cyanobacteriia,Cyanobacteriales,Coleofasciculaceae,_,_,JQ769623.1.1456,Bacteria,OTU32.Cyanobacteria._
33,OTU33,273,1,273,1499,514,786,100,488,1.45e-136,98.901,Gemmatimonadota,Gemmatimonadetes,Gemmatimonadales,Gemmatimonadaceae,_,_,GQ472385.1.1499,Bacteria,OTU33.Gemmatimonadota._
34,OTU34,273,1,273,1461,523,795,100,488,1.45e-136,98.901,Proteobacteria,Gammaproteobacteria,Steroidobacterales,Steroidobacteraceae,Steroidobacter,metagenome,FPLS01016444.19.1479,Bacteria,OTU34.Proteobacteria.Steroidobacter
35,OTU35,273,1,273,1499,488,760,100,488,1.45e-136,98.901,Proteobacteria,Alphaproteobacteria,Rhizobiales,Methyloligellaceae,Methyloceanibacter,Methyloceanibacter|superfactus,LPWF01000023.111361.112859,Bacteria,OTU35.Proteobacteria.Methyloceanibacter
36,OTU37,273,1,273,1296,326,598,100,449,6.86e-125,96.337,Chloroflexi,Anaerolineae,Anaerolineales,Anaerolineaceae,_,_,KC820861.1.1296,Bacteria,OTU37.Chloroflexi._
37,OTU38,273,1,273,1408,485,757,100,488,1.45e-136,98.901,Actinobacteriota,Actinobacteria,Streptosporangiales,Streptosporangiaceae,Nonomuraea,Nonomuraea|candida,DQ285421.1.1408,Bacteria,OTU38.Actinobacteriota.Nonomuraea
38,OTU39,273,1,273,1488,540,812,100,472,1.46e-131,97.802,Proteobacteria,Gammaproteobacteria,Steroidobacterales,Woeseiaceae,Woeseia,uncultured|gamma|proteobacterium,KC009935.1.1488,Bacteria,OTU39.Proteobacteria.Woeseia
39,OTU40,273,1,273,1348,491,763,100,488,1.45e-136,98.901,Chloroflexi,Chloroflexia,Thermomicrobiales,JG30-KF-CM45,uncultured|Chloroflexi|bacterium,_,AM935396.1.1348,Bacteria,OTU40.Chloroflexi.uncultured|Chloroflexi|bacterium
40,OTU41,273,1,273,1514,535,807,100,494,3.12e-138,99.267,Acidobacteriota,Vicinamibacteria,Vicinamibacterales,_,_,_,FJ479348.1.1514,Bacteria,OTU41.Acidobacteriota._
41,OTU42,274,1,274,1468,491,764,100,490,4.06e-137,98.905,Planctomycetota,Phycisphaerae,Tepidisphaerales,WD2101|soil|group,uncultured|planctomycete,_,HQ397106.1.1468,Bacteria,OTU42.Planctomycetota.uncultured|planctomycete
42,OTU43,273,1,273,1515,538,810,100,399,7.01e-110,93.066,Gemmatimonadota,S0134|terrestrial|group,_,_,_,_,JQ825031.1.1515,Bacteria,OTU43.Gemmatimonadota._
43,OTU44,273,1,273,1504,613,885,100,488,1.45e-136,98.901,Planctomycetota,Planctomycetes,Pirellulales,Pirellulaceae,Pir4|lineage,_,EU135053.1.1504,Bacteria,OTU44.Planctomycetota.Pir4|lineage
44,OTU45,273,1,273,1569,568,840,100,488,1.45e-136,98.901,Actinobacteriota,Actinobacteria,Streptomycetales,Streptomycetaceae,Streptomyces,Streptomyces|levis,DQ442517.1.1569,Bacteria,OTU45.Actinobacteriota.Streptomyces
45,OTU46,273,1,273,1409,450,722,100,488,1.45e-136,98.901,Proteobacteria,Alphaproteobacteria,Azospirillales,Azospirillaceae,Skermanella,_,LC026923.1.1409,Bacteria,OTU46.Proteobacteria.Skermanella
46,OTU47,273,1,273,1357,497,769,100,472,1.46e-131,97.802,Actinobacteriota,Thermoleophilia,Gaiellales,Gaiellaceae,Gaiella,_,KR779684.1.1357,Bacteria,OTU47.Actinobacteriota.Gaiella
47,OTU48,273,1,273,1519,532,804,100,488,1.45e-136,98.901,Actinobacteriota,Thermoleophilia,Gaiellales,Gaiellaceae,Gaiella,_,HQ190568.1.1519,Bacteria,OTU48.Actinobacteriota.Gaiella
48,OTU49,274,1,274,1467,498,771,100,501,1.87e-140,99.635,Chloroflexi,Anaerolineae,SBR1031,A4b,_,_,HQ697759.1.1467,Bacteria,OTU49.Chloroflexi._
49,OTU50,273,1,273,1500,522,794,100,488,1.45e-136,98.901,Proteobacteria,Gammaproteobacteria,Gammaproteobacteria|Incertae|Sedis,Unknown|Family,Acidibacter,uncultured|Sinobacteraceae|bacterium,KJ192005.1.1500,Bacteria,OTU50.Proteobacteria.Acidibacter
50,OTU51,273,1,273,1521,541,813,100,494,3.12e-138,99.267,Methylomirabilota,Methylomirabilia,Rokubacteriales,_,_,_,JQ825003.1.1521,Bacteria,OTU51.Methylomirabilota._
51,OTU52,273,1,273,1509,500,772,100,477,3.15e-133,98.168,Acidobacteriota,Blastocatellia,DS-100,_,_,_,JQ427176.1.1509,Bacteria,OTU52.Acidobacteriota._
52,OTU53,273,1,273,1312,456,728,100,499,6.71e-140,99.634,Cyanobacteria,Cyanobacteriia,Cyanobacteriales,Coleofasciculaceae,_,_,HM240942.1.1312,Bacteria,OTU53.Cyanobacteria._
53,OTU54,273,1,273,1460,483,755,100,427,3.21e-118,94.891,Cyanobacteria,Cyanobacteriia,Thermosynechococcales,Thermosynechococcaceae,Synechococcus|IR11,_,JX133605.1.1460,Bacteria,OTU54.Cyanobacteria.Synechococcus|IR11
54,OTU55,273,1,273,1508,498,770,100,494,3.12e-138,99.267,Acidobacteriota,Vicinamibacteria,Vicinamibacterales,Vicinamibacteraceae,_,_,FJ152857.1.1508,Bacteria,OTU55.Acidobacteriota._
55,OTU56,273,1,273,1510,530,802,100,460,3.17e-128,97.07,Actinobacteriota,Thermoleophilia,Gaiellales,_,_,_,DQ404672.1.1510,Bacteria,OTU56.Actinobacteriota._
56,OTU57,273,1,273,1470,502,774,100,477,3.15e-133,98.168,Chloroflexi,Anaerolineae,SBR1031,A4b,_,_,HQ697772.1.1470,Bacteria,OTU57.Chloroflexi._
57,OTU58,272,1,272,1478,499,770,100,481,2.42e-134,98.529,Entotheonellaeota,Entotheonellia,Entotheonellales,Entotheonellaceae,Candidatus|Entotheonella,_,KC331600.1.1478,Bacteria,OTU58.Entotheonellaeota.Candidatus|Entotheonella
58,OTU59,274,1,274,1497,501,774,100,440,4.14e-122,95.62,Chloroflexi,Anaerolineae,SBR1031,_,_,_,KC541034.1.1497,Bacteria,OTU59.Chloroflexi._
59,OTU60,274,1,274,1446,486,759,100,490,4.06e-137,98.905,Actinobacteriota,Acidimicrobiia,Microtrichales,_,_,_,EF157225.1.1446,Bacteria,OTU60.Actinobacteriota._
60,OTU61,273,1,273,1453,505,777,100,494,3.12e-138,99.267,Chloroflexi,Anaerolineae,Anaerolineales,Anaerolineaceae,_,uncultured|Chloroflexi|bacterium,KC009959.1.1453,Bacteria,OTU61.Chloroflexi._
61,OTU62,273,1,273,1434,455,727,100,449,6.86e-125,96.337,Cyanobacteria,Cyanobacteriia,Cyanobacteriales,_,uncultured|cyanobacterium,_,KC463673.1.1434,Bacteria,OTU62.Cyanobacteria.uncultured|cyanobacterium
62,OTU63,273,1,273,1334,492,764,100,494,3.12e-138,99.267,Chloroflexi,Chloroflexia,Thermomicrobiales,JG30-KF-CM45,uncultured|soil|bacterium,_,FQ659571.1.1334,Bacteria,OTU63.Chloroflexi.uncultured|soil|bacterium
63,OTU64,273,1,273,1509,499,771,100,494,3.12e-138,99.267,Acidobacteriota,Vicinamibacteria,Vicinamibacterales,Vicinamibacteraceae,_,_,FJ152800.1.1509,Bacteria,OTU64.Acidobacteriota._
64,OTU65,146,1,146,1512,660,805,100,259,6.06e-68,98.63,Acidobacteriota,Vicinamibacteria,Subgroup|17,_,_,_,FJ478605.1.1512,Bacteria,OTU65.Acidobacteriota._
65,OTU66,273,1,273,1452,467,739,100,499,6.71e-140,99.634,Planctomycetota,Phycisphaerae,Tepidisphaerales,WD2101|soil|group,_,_,KX753116.1.1452,Bacteria,OTU66.Planctomycetota._
66,OTU67,273,1,273,1515,535,807,100,488,1.45e-136,98.901,Acidobacteriota,Thermoanaerobaculia,Thermoanaerobaculales,Thermoanaerobaculaceae,Subgroup|10,_,FJ478537.1.1515,Bacteria,OTU67.Acidobacteriota.Subgroup|10
67,OTU68,273,1,273,1524,543,815,100,488,1.45e-136,98.901,RCP2-54,_,_,_,_,_,JQ978529.1.1524,Bacteria,OTU68.RCP2-54._
68,OTU69,273,1,273,912,465,737,100,488,1.45e-136,98.901,Crenarchaeota,Nitrososphaeria,Nitrososphaerales,Nitrososphaeraceae,uncultured|archaeon,_,EF125529.1.912,Archaea,OTU69.Crenarchaeota.uncultured|archaeon
69,OTU70,273,1,273,1432,478,750,100,488,1.45e-136,98.901,Actinobacteriota,Actinobacteria,Micrococcales,Micrococcaceae,Kocuria,uncultured|Kocuria|sp,KX911475.1.1432,Bacteria,OTU70.Actinobacteriota.Kocuria
70,OTU71,274,1,274,1490,500,773,100,484,1.89e-135,98.54,Proteobacteria,Alphaproteobacteria,Tistrellales,Geminicoccaceae,_,uncultured|Rhodospirillales|bacterium,JF421187.1.1490,Bacteria,OTU71.Proteobacteria._
71,OTU72,273,1,273,1544,530,802,100,455,1.47e-126,96.703,Actinobacteriota,Thermoleophilia,Gaiellales,_,_,_,KC554146.1.1544,Bacteria,OTU72.Actinobacteriota._
72,OTU73,273,1,273,1414,495,767,100,488,1.45e-136,98.901,Firmicutes,Bacilli,Bacillales,Bacillaceae,Bacillus,Bacillus|niabensis,MH698845.1.1414,Bacteria,OTU73.Firmicutes.Bacillus
73,OTU74,273,1,273,1344,487,759,100,483,6.76e-135,98.535,Actinobacteriota,Actinobacteria,Kineosporiales,Kineosporiaceae,Quadrisphaera,uncultured|actinobacterium,AY250880.1.1344,Bacteria,OTU74.Actinobacteriota.Quadrisphaera
74,OTU75,274,1,274,1479,498,771,100,490,4.06e-137,98.905,Planctomycetota,Planctomycetes,Isosphaerales,Isosphaeraceae,_,_,HM366468.1.1479,Bacteria,OTU75.Planctomycetota._
75,OTU76,273,1,273,1002,387,659,100,488,1.45e-136,98.901,Crenarchaeota,Nitrososphaeria,Nitrososphaerales,Nitrososphaeraceae,Candidatus|Nitrososphaera,uncultured|archaeon,HQ269048.1.1002,Archaea,OTU76.Crenarchaeota.Candidatus|Nitrososphaera
76,OTU77,273,1,273,1458,489,761,100,427,3.21e-118,94.872,Chloroflexi,OLB14,_,_,_,_,JF727734.1.1458,Bacteria,OTU77.Chloroflexi._
77,OTU78,273,1,273,1448,472,744,100,460,3.17e-128,97.07,Cyanobacteria,Cyanobacteriia,Leptolyngbyales,Leptolyngbyaceae,Leptolyngbya|RV74,_,FB705429.1.1448,Bacteria,OTU78.Cyanobacteria.Leptolyngbya|RV74
78,OTU79,273,1,273,1391,424,696,100,488,1.45e-136,98.901,Proteobacteria,Alphaproteobacteria,Rhizobiales,Xanthobacteraceae,Bradyrhizobium,Bradyrhizobium|sp.|CCBAU|43197,DQ267115.1.1391,Bacteria,OTU79.Proteobacteria.Bradyrhizobium
79,OTU80,273,1,273,1310,468,740,100,499,6.71e-140,99.634,Chloroflexi,Anaerolineae,SBR1031,A4b,OLB13,_,KC431975.1.1310,Bacteria,OTU80.Chloroflexi.OLB13
80,OTU81,273,1,273,1434,494,766,100,488,1.45e-136,98.901,Bacteroidota,Bacteroidia,Cytophagales,Hymenobacteraceae,Pontibacter,uncultured|Bacteroidetes|bacterium,KC442522.1.1434,Bacteria,OTU81.Bacteroidota.Pontibacter
81,OTU82,273,1,273,1516,520,792,100,488,1.45e-136,98.901,Proteobacteria,Gammaproteobacteria,CCD24,metagenome,_,_,FPLS01015982.11.1526,Bacteria,OTU82.Proteobacteria._
82,OTU83,274,1,274,1484,517,790,100,501,1.87e-140,99.635,Acidobacteriota,Blastocatellia,Pyrinomonadales,Pyrinomonadaceae,RB41,uncultured|Acidobacteria|bacterium,JF319237.1.1484,Bacteria,OTU83.Acidobacteriota.RB41
83,OTU84,273,1,273,1304,446,718,100,477,3.15e-133,98.168,Proteobacteria,Alphaproteobacteria,Kiloniellales,Kiloniellaceae,Pelagibius,uncultured|Alphaproteobacteria|bacterium,AM935521.1.1304,Bacteria,OTU84.Proteobacteria.Pelagibius
84,OTU85,273,1,273,1505,510,782,100,449,6.86e-125,96.337,Chloroflexi,Anaerolineae,SBR1031,_,_,_,KM823731.1.1505,Bacteria,OTU85.Chloroflexi._
85,OTU86,273,1,273,1442,454,726,100,494,3.12e-138,99.267,Cyanobacteria,Cyanobacteriia,Cyanobacteriales,Nostocaceae,Tolypothrix,Nostoc|carneum|SERB|44,KP890766.1.1442,Bacteria,OTU86.Cyanobacteria.Tolypothrix
86,OTU87,273,1,273,1374,472,744,100,488,1.45e-136,98.901,Myxococcota,bacteriap25,uncultured|Desulfuromonadales|bacterium,_,_,_,LN555055.1.1374,Bacteria,OTU87.Myxococcota._
87,OTU88,273,1,273,1461,480,752,100,494,3.12e-138,99.267,Proteobacteria,Alphaproteobacteria,_,_,_,_,HQ910281.1.1461,Bacteria,OTU88.Proteobacteria._
88,OTU89,273,1,273,1512,534,806,100,494,3.12e-138,99.267,Acidobacteriota,Vicinamibacteria,Vicinamibacterales,Vicinamibacteraceae,_,_,FJ444638.1.1512,Bacteria,OTU89.Acidobacteriota._
89,OTU90,273,1,273,1247,440,712,100,488,1.45e-136,98.901,Actinobacteriota,Actinobacteria,Micromonosporales,Micromonosporaceae,Actinoplanes,_,JX523919.1.1247,Bacteria,OTU90.Actinobacteriota.Actinoplanes
90,OTU91,273,1,273,1350,476,748,100,433,6.91e-120,95.238,Chloroflexi,Anaerolineae,Anaerolineales,Anaerolineaceae,_,_,GQ461665.1.1350,Bacteria,OTU91.Chloroflexi._
91,OTU92,273,1,273,1561,550,822,100,488,1.45e-136,98.901,Firmicutes,Bacilli,Thermoactinomycetales,Thermoactinomycetaceae,Novibacillus,Novibacillus|thermophilus,CP019699.1846965.1848525,Bacteria,OTU92.Firmicutes.Novibacillus
92,OTU93,273,1,273,1464,519,791,100,488,1.45e-136,98.901,Firmicutes,Bacilli,Bacillales,Bacillaceae,Bacillus,_,JX872373.1.1464,Bacteria,OTU93.Firmicutes.Bacillus
93,OTU94,273,1,273,1430,470,742,100,483,6.76e-135,98.535,Proteobacteria,Alphaproteobacteria,Rhodobacterales,Rhodobacteraceae,Limibaculum,uncultured|Alphaproteobacteria|bacterium,JN038228.1.1430,Bacteria,OTU94.Proteobacteria.Limibaculum
94,OTU95,273,1,273,1324,471,743,100,466,6.81e-130,97.436,Chloroflexi,Anaerolineae,SBR1031,A4b,_,_,EU134013.1.1324,Bacteria,OTU95.Chloroflexi._
95,OTU96,273,1,273,1516,535,807,100,488,1.45e-136,98.901,Firmicutes,Bacilli,Bacillales,Bacillaceae,Bacillus,uncultured|Bacillus|sp,JF727711.1.1516,Bacteria,OTU96.Firmicutes.Bacillus
96,OTU97,273,1,273,1366,510,782,100,488,1.45e-136,98.901,Actinobacteriota,Thermoleophilia,Solirubrobacterales,67-14,_,_,JF220882.1.1366,Bacteria,OTU97.Actinobacteriota._
97,OTU98,273,1,273,1223,214,486,100,494,3.12e-138,99.267,Proteobacteria,Alphaproteobacteria,Rhizobiales,Beijerinckiaceae,Microvirga,_,AY923079.1.1223,Bacteria,OTU98.Proteobacteria.Microvirga
98,OTU99,273,1,273,1425,471,743,100,494,3.12e-138,99.267,Proteobacteria,Alphaproteobacteria,Rhizobiales,Methyloligellaceae,Methyloceanibacter,_,GQ263303.1.1425,Bacteria,OTU99.Proteobacteria.Methyloceanibacter
99,OTU100,273,1,273,1287,510,782,100,494,3.12e-138,99.267,Actinobacteriota,Thermoleophilia,Gaiellales,_,_,_,EU132780.1.1287,Bacteria,OTU100.Actinobacteriota._
100,OTU101,273,2,273,1527,562,833,99,464,2.45e-129,97.426,Planctomycetota,Planctomycetes,Pirellulales,Pirellulaceae,Pir4|lineage,Planctomycetaceae|bacterium|LX124,KC854918.1.1527,Bacteria,OTU101.Planctomycetota.Pir4|lineage
101,OTU102,273,1,273,1319,477,749,100,438,1.48e-121,95.604,Chloroflexi,Chloroflexia,Thermomicrobiales,JG30-KF-CM45,_,_,GQ001578.1.1319,Bacteria,OTU102.Chloroflexi._
102,OTU103,273,1,273,1348,438,710,100,483,6.76e-135,98.535,Gemmatimonadota,Gemmatimonadetes,Gemmatimonadales,Gemmatimonadaceae,_,uncultured|Gemmatimonadetes|bacterium,HF679285.1.1348,Bacteria,OTU103.Gemmatimonadota._
103,OTU104,273,1,273,1391,384,656,100,488,1.45e-136,98.901,Actinobacteriota,Actinobacteria,Streptomycetales,Streptomycetaceae,Streptomyces,Streptomyces|sp.|NRRL|WC-3725,JOJH01000107.227.1617,Bacteria,OTU104.Actinobacteriota.Streptomyces
104,OTU105,273,1,273,1460,495,767,100,472,1.46e-131,97.802,Chloroflexi,Anaerolineae,Ardenticatenales,_,_,_,FJ710693.1.1460,Bacteria,OTU105.Chloroflexi._
105,OTU106,273,1,273,1501,500,772,100,488,1.45e-136,98.901,Actinobacteriota,Actinobacteria,Corynebacteriales,Mycobacteriaceae,Mycobacterium,Mycobacterium|tusciae|JS617,AGJJ02000004.139203.140703,Bacteria,OTU106.Actinobacteriota.Mycobacterium
106,OTU107,273,1,273,1506,483,756,100,427,3.21e-118,94.909,Proteobacteria,Alphaproteobacteria,Tistrellales,Geminicoccaceae,_,_,JX079441.1.1506,Bacteria,OTU107.Proteobacteria._
107,OTU108,273,1,273,1454,475,747,100,449,6.86e-125,96.364,Cyanobacteria,Cyanobacteriia,Leptolyngbyales,Leptolyngbyaceae,Leptolyngbya|ANT.L52.2,_,JQ769597.1.1454,Bacteria,OTU108.Cyanobacteria.Leptolyngbya|ANT.L52.2
108,OTU109,273,1,273,1514,504,776,100,488,1.45e-136,98.901,Proteobacteria,Gammaproteobacteria,Xanthomonadales,Xanthomonadaceae,Lysobacter,_,KM823745.1.1514,Bacteria,OTU109.Proteobacteria.Lysobacter
109,OTU110,273,1,273,1469,499,771,100,433,6.91e-120,95.238,Chloroflexi,Anaerolineae,Anaerolineales,Anaerolineaceae,_,_,HQ190431.1.1469,Bacteria,OTU110.Chloroflexi._
110,OTU111,273,1,273,1484,517,789,100,483,6.76e-135,98.535,Verrucomicrobiota,Verrucomicrobiae,Chthoniobacterales,Chthoniobacteraceae,Chthoniobacter,_,LC026824.1.1484,Bacteria,OTU111.Verrucomicrobiota.Chthoniobacter
111,OTU112,273,1,273,914,466,738,100,488,1.45e-136,98.901,Crenarchaeota,Nitrososphaeria,Nitrososphaerales,Nitrososphaeraceae,Candidatus|Nitrososphaera,uncultured|archaeon,GQ302599.1.914,Archaea,OTU112.Crenarchaeota.Candidatus|Nitrososphaera
112,OTU113,273,1,273,1467,500,772,100,405,1.51e-111,93.407,Chloroflexi,Chloroflexia,Thermomicrobiales,AKYG1722,uncultured|Chloroflexi|bacterium,_,HQ857691.1.1467,Bacteria,OTU113.Chloroflexi.uncultured|Chloroflexi|bacterium
113,OTU114,274,1,274,1519,538,811,100,490,4.06e-137,98.905,Gemmatimonadota,S0134|terrestrial|group,_,_,_,_,FJ444711.1.1519,Bacteria,OTU114.Gemmatimonadota._
114,OTU115,273,1,273,1459,501,773,100,488,1.45e-136,98.901,Proteobacteria,Gammaproteobacteria,Burkholderiales,Nitrosomonadaceae,MND1,uncultured|beta|proteobacterium,JF776963.1.1459,Bacteria,OTU115.Proteobacteria.MND1
115,OTU116,273,1,273,1475,489,761,100,466,6.81e-130,97.436,Proteobacteria,Alphaproteobacteria,Tistrellales,Geminicoccaceae,_,_,KJ817572.1.1475,Bacteria,OTU116.Proteobacteria._
116,OTU117,273,1,273,1511,520,792,100,488,1.45e-136,98.901,Proteobacteria,Gammaproteobacteria,Burkholderiales,Nitrosomonadaceae,Nitrosospira,metagenome,FPLS01033007.15.1525,Bacteria,OTU117.Proteobacteria.Nitrosospira
117,OTU118,274,1,274,1475,526,799,100,484,1.89e-135,98.54,Gemmatimonadota,Longimicrobia,Longimicrobiales,Longimicrobiaceae,_,_,GQ261285.1.1475,Bacteria,OTU118.Gemmatimonadota._
118,OTU119,273,1,273,1429,450,722,100,494,3.12e-138,99.267,Proteobacteria,Alphaproteobacteria,Azospirillales,Azospirillaceae,Skermanella,_,LC026850.1.1429,Bacteria,OTU119.Proteobacteria.Skermanella
119,OTU120,273,1,273,1468,491,763,100,494,3.12e-138,99.267,Proteobacteria,Alphaproteobacteria,Kiloniellales,Kiloniellaceae,Pelagibius,_,JQ825056.1.1468,Bacteria,OTU120.Proteobacteria.Pelagibius
120,OTU121,273,1,273,1407,534,806,100,483,6.76e-135,98.535,Acidobacteriota,Vicinamibacteria,Vicinamibacterales,_,uncultured|Acidobacteria|bacterium,_,AY922095.1.1407,Bacteria,OTU121.Acidobacteriota.uncultured|Acidobacteria|bacterium
121,OTU122,273,1,273,1443,482,754,100,494,3.12e-138,99.267,Acidobacteriota,Blastocatellia,Blastocatellales,Blastocatellaceae,_,_,KY190418.1.1443,Bacteria,OTU122.Acidobacteriota._
122,OTU123,273,1,273,1326,480,753,100,438,1.48e-121,94.891,Chloroflexi,Chloroflexia,Thermomicrobiales,JG30-KF-CM45,_,_,JQ407955.1.1326,Bacteria,OTU123.Chloroflexi._
123,OTU124,273,1,273,1475,508,780,100,444,3.19e-123,95.971,Chloroflexi,Anaerolineae,Anaerolineales,Anaerolineaceae,_,uncultured|Chloroflexi|bacterium,HQ183905.1.1475,Bacteria,OTU124.Chloroflexi._
124,OTU125,273,1,273,1284,465,737,100,472,1.46e-131,97.802,Chloroflexi,Gitt-GS-136,_,_,_,_,EU134030.1.1284,Bacteria,OTU125.Chloroflexi._
125,OTU126,273,1,273,1307,325,597,100,472,1.46e-131,97.802,Planctomycetota,Planctomycetes,Pirellulales,Pirellulaceae,Pirellula,uncultured|planctomycete,JN037957.1.1307,Bacteria,OTU126.Planctomycetota.Pirellula
126,OTU127,273,1,273,1541,528,800,100,483,6.76e-135,98.535,Actinobacteriota,Thermoleophilia,Gaiellales,_,_,_,KT905725.1.1541,Bacteria,OTU127.Actinobacteriota._
127,OTU128,273,1,273,1342,480,752,100,488,1.45e-136,98.901,Planctomycetota,Planctomycetes,Pirellulales,Pirellulaceae,_,_,JF129041.1.1342,Bacteria,OTU128.Planctomycetota._
128,OTU129,273,1,273,1518,537,809,100,494,3.12e-138,99.267,Acidobacteriota,Vicinamibacteria,Vicinamibacterales,_,_,_,HQ697720.1.1518,Bacteria,OTU129.Acidobacteriota._
129,OTU130,273,1,273,1512,533,805,100,488,1.45e-136,98.901,Firmicutes,Bacilli,Bacillales,Bacillaceae,Bacillus,uncultured|Bacillus|sp,FJ227509.1.1512,Bacteria,OTU130.Firmicutes.Bacillus
130,OTU131,273,1,273,1510,500,772,100,488,1.45e-136,98.901,Actinobacteriota,Actinobacteria,Propionibacteriales,Nocardioidaceae,Nocardioides,_,KC554132.1.1510,Bacteria,OTU131.Actinobacteriota.Nocardioides
131,OTU132,273,1,273,1490,525,797,100,494,3.12e-138,99.267,Bacteroidota,Bacteroidia,Flavobacteriales,Flavobacteriaceae,Zeaxanthinibacter,_,JQ800694.1.1490,Bacteria,OTU132.Bacteroidota.Zeaxanthinibacter
132,OTU133,273,1,273,1508,499,771,100,460,3.17e-128,97.08,Acidobacteriota,Vicinamibacteria,Vicinamibacterales,Vicinamibacteraceae,uncultured|Acidobacteriales|bacterium,_,FJ889248.1.1508,Bacteria,OTU133.Acidobacteriota.uncultured|Acidobacteriales|bacterium
133,OTU134,273,1,273,1368,510,782,100,483,6.76e-135,98.535,Actinobacteriota,Thermoleophilia,_,_,_,_,HM300494.1.1368,Bacteria,OTU134.Actinobacteriota._
134,OTU135,273,1,273,1453,472,744,100,494,3.12e-138,99.267,Cyanobacteria,Cyanobacteriia,Phormidesmiales,Nodosilineaceae,Nodosilinea|PCC-7104,_,JQ801002.1.1453,Bacteria,OTU135.Cyanobacteria.Nodosilinea|PCC-7104
135,OTU136,273,1,273,1501,500,772,100,394,3.26e-108,92.674,Planctomycetota,Planctomycetes,Planctomycetales,_,metagenome,_,FPLS01007209.21.1521,Bacteria,OTU136.Planctomycetota.metagenome
136,OTU137,273,1,273,1482,500,772,100,383,7.05e-105,91.941,Chloroflexi,Anaerolineae,Ardenticatenales,_,uncultured|Chloroflexi|bacterium,_,KC010007.1.1482,Bacteria,OTU137.Chloroflexi.uncultured|Chloroflexi|bacterium
137,OTU138,273,1,273,1494,526,798,100,488,1.45e-136,98.901,Firmicutes,Bacilli,Thermoactinomycetales,Thermoactinomycetaceae,Planifilum,Planifilum|composti,JN793954.1.1494,Bacteria,OTU138.Firmicutes.Planifilum
138,OTU139,273,1,273,1439,479,751,100,488,1.45e-136,98.901,Actinobacteriota,Actinobacteria,Pseudonocardiales,Pseudonocardiaceae,Actinosynnema,Actinosynnema|pretiosum|subsp.|auranticum,DQ464900.1.1439,Bacteria,OTU139.Actinobacteriota.Actinosynnema
139,OTU140,273,1,273,1559,533,805,100,372,1.53e-101,91.241,Dadabacteria,Dadabacteriia,Dadabacteriales,uncultured|organism,_,_,DQ395515.1.1559,Bacteria,OTU140.Dadabacteria._
140,OTU141,273,1,273,1355,496,768,100,494,3.12e-138,99.267,Chloroflexi,KD4-96,uncultured|Chloroflexi|bacterium,_,_,_,AY921965.1.1355,Bacteria,OTU141.Chloroflexi._
141,OTU142,273,1,273,1504,524,796,100,488,1.45e-136,98.901,Nitrospirota,Nitrospiria,Nitrospirales,Nitrospiraceae,Nitrospira,_,KF712855.1.1504,Bacteria,OTU142.Nitrospirota.Nitrospira
142,OTU143,273,1,273,1516,537,809,100,483,6.76e-135,98.535,Acidobacteriota,Vicinamibacteria,Vicinamibacterales,_,_,_,EF999349.1.1516,Bacteria,OTU143.Acidobacteriota._
143,OTU144,274,1,274,1525,542,815,100,473,4.09e-132,97.81,Gemmatimonadota,BD2-11|terrestrial|group,_,_,_,_,KJ817540.1.1525,Bacteria,OTU144.Gemmatimonadota._
144,OTU145,273,1,273,1485,516,788,100,433,6.91e-120,95.238,Chloroflexi,Anaerolineae,Caldilineales,Caldilineaceae,_,uncultured|Chloroflexi|bacterium,JN038247.1.1485,Bacteria,OTU145.Chloroflexi._
145,OTU146,273,1,273,1497,505,777,100,488,1.45e-136,98.901,Firmicutes,Bacilli,Paenibacillales,Paenibacillaceae,Ammoniphilus,Ammoniphilus|resinae,HM193518.1.1497,Bacteria,OTU146.Firmicutes.Ammoniphilus
146,OTU147,273,1,273,1509,530,802,100,488,1.45e-136,98.901,Actinobacteriota,Thermoleophilia,Solirubrobacterales,Solirubrobacteraceae,Solirubrobacter,metagenome,FPLS01003472.10.1518,Bacteria,OTU147.Actinobacteriota.Solirubrobacter
147,OTU148,273,1,273,1445,479,751,100,433,6.91e-120,95.238,Gemmatimonadota,AKAU4049,_,_,_,_,DQ125826.1.1445,Bacteria,OTU148.Gemmatimonadota._
148,OTU149,273,1,273,1518,538,810,100,494,3.12e-138,99.267,Desulfobacterota,Desulfuromonadia,Geobacterales,Geobacteraceae,Citrifermentans,_,JX222201.1.1518,Bacteria,OTU149.Desulfobacterota.Citrifermentans
149,OTU150,273,1,273,1425,520,792,100,427,3.21e-118,94.872,Proteobacteria,Gammaproteobacteria,HOC36,_,_,_,AB534043.1.1425,Bacteria,OTU150.Proteobacteria._
150,OTU151,273,1,273,1515,537,809,100,494,3.12e-138,99.267,Acidobacteriota,Vicinamibacteria,Vicinamibacterales,_,_,_,FJ444662.1.1515,Bacteria,OTU151.Acidobacteriota._
151,OTU152,273,1,273,1480,502,774,100,488,1.45e-136,98.901,Actinobacteriota,Actinobacteria,Micromonosporales,Micromonosporaceae,Virgisporangium,uncultured|soil|bacterium,JX489874.1.1480,Bacteria,OTU152.Actinobacteriota.Virgisporangium
152,OTU153,274,1,274,1418,456,729,100,496,8.72e-139,99.27,Cyanobacteria,Cyanobacteriia,Cyanobacteriales,Coleofasciculaceae,_,_,JN398099.1.1418,Bacteria,OTU153.Cyanobacteria._
153,OTU154,273,1,273,1541,528,800,100,494,3.12e-138,99.267,Actinobacteriota,Thermoleophilia,Gaiellales,Gaiellaceae,Gaiella,_,KT905685.1.1541,Bacteria,OTU154.Actinobacteriota.Gaiella
154,OTU155,273,1,273,1330,470,742,100,483,6.76e-135,98.535,Actinobacteriota,MB-A2-108,_,_,_,_,EU132961.1.1330,Bacteria,OTU155.Actinobacteriota._
155,OTU156,273,1,273,1371,487,759,100,483,6.76e-135,98.535,Planctomycetota,OM190,_,_,_,_,FJ208801.1.1371,Bacteria,OTU156.Planctomycetota._
156,OTU157,273,1,273,1439,440,712,100,488,1.45e-136,98.901,Proteobacteria,Alphaproteobacteria,Rhizobiales,Rhizobiaceae,Mesorhizobium,Rhizobium|sp.|TM-5,AF325770.1.1439,Bacteria,OTU157.Proteobacteria.Mesorhizobium
157,OTU158,273,1,273,1467,500,772,100,411,3.24e-113,93.773,Chloroflexi,Chloroflexia,Thermomicrobiales,AKYG1722,uncultured|Chloroflexi|bacterium,_,HQ857691.1.1467,Bacteria,OTU158.Chloroflexi.uncultured|Chloroflexi|bacterium
158,OTU159,273,1,273,1374,458,730,100,449,6.86e-125,96.337,Chloroflexi,Anaerolineae,Anaerolineales,Anaerolineaceae,_,_,JX648559.1.1374,Bacteria,OTU159.Chloroflexi._
159,OTU160,273,1,273,1466,485,757,100,488,1.45e-136,98.901,Actinobacteriota,Actinobacteria,Micrococcales,Promicromonosporaceae,Promicromonospora,_,GQ263857.1.1466,Bacteria,OTU160.Actinobacteriota.Promicromonospora
160,OTU161,273,1,273,1329,485,757,100,455,1.47e-126,96.703,Chloroflexi,Ktedonobacteria,C0119,_,_,_,EU134024.1.1329,Bacteria,OTU161.Chloroflexi._
161,OTU162,273,1,273,1438,490,762,100,416,6.96e-115,94.139,Chloroflexi,Chloroflexia,Thermomicrobiales,JG30-KF-CM45,uncultured|Thermomicrobia|bacterium,_,JF706687.1.1438,Bacteria,OTU162.Chloroflexi.uncultured|Thermomicrobia|bacterium
162,OTU163,273,1,273,1454,468,741,100,494,3.12e-138,99.27,Planctomycetota,Phycisphaerae,Tepidisphaerales,WD2101|soil|group,_,_,KX753162.1.1454,Bacteria,OTU163.Planctomycetota._
163,OTU164,273,1,273,1252,478,750,100,494,3.12e-138,99.267,Actinobacteriota,Actinobacteria,Micrococcales,Microbacteriaceae,Agromyces,Agromyces|sp.|Xb-3,DQ311007.1.1252,Bacteria,OTU164.Actinobacteriota.Agromyces
164,OTU165,273,1,273,1481,498,770,100,488,1.45e-136,98.901,Planctomycetota,Planctomycetes,Pirellulales,Pirellulaceae,Pirellula,uncultured|Pasteuria|sp,KC329598.1.1481,Bacteria,OTU165.Planctomycetota.Pirellula
165,OTU166,273,1,273,1339,493,765,100,350,7.16e-95,89.781,Chloroflexi,Anaerolineae,Caldilineales,Caldilineaceae,_,_,JQ407927.1.1339,Bacteria,OTU166.Chloroflexi._
166,OTU167,273,1,273,1427,471,743,100,488,1.45e-136,98.901,Proteobacteria,Alphaproteobacteria,Rhodobacterales,Rhodobacteraceae,_,uncultured|Alphaproteobacteria|bacterium,JQ404424.1.1427,Bacteria,OTU167.Proteobacteria._
167,OTU168,273,1,273,1507,500,772,100,494,3.12e-138,99.267,Actinobacteriota,Actinobacteria,Streptomycetales,Streptomycetaceae,Streptomyces,Streptomyces|bottropensis|ATCC|25435,ARTP01000003.1423987.1425493,Bacteria,OTU168.Actinobacteriota.Streptomyces
168,OTU169,273,1,273,1328,469,741,100,494,3.12e-138,99.267,Proteobacteria,Alphaproteobacteria,Rhizobiales,Methyloligellaceae,_,uncultured|Rhodobiaceae|bacterium,EF020244.1.1328,Bacteria,OTU169.Proteobacteria._
169,OTU170,273,1,273,1421,478,750,100,449,6.86e-125,96.337,Chloroflexi,Anaerolineae,SBR1031,uncultured|Chloroflexi|bacterium,_,_,JN409150.1.1421,Bacteria,OTU170.Chloroflexi._
170,OTU171,273,1,273,949,425,697,100,483,6.76e-135,98.535,Thermoplasmatota,Thermoplasmata,Marine|Group|II,uncultured|archaeon,_,_,HQ910244.1.949,Archaea,OTU171.Thermoplasmatota._
171,OTU172,273,1,273,1519,538,811,100,411,3.24e-113,93.796,Gemmatimonadota,S0134|terrestrial|group,_,_,_,_,FJ444711.1.1519,Bacteria,OTU172.Gemmatimonadota._
172,OTU173,273,1,273,1552,539,811,100,488,1.45e-136,98.901,Firmicutes,Bacilli,Bacillales,Bacillaceae,Bacillus,Bacillus|sp.|Y1,CP030028.336259.337810,Bacteria,OTU173.Firmicutes.Bacillus
173,OTU174,273,1,273,1335,480,752,100,488,1.45e-136,98.901,Actinobacteriota,Actinobacteria,Propionibacteriales,Nocardioidaceae,Nocardioides,_,JF229440.1.1335,Bacteria,OTU174.Actinobacteriota.Nocardioides
174,OTU175,273,1,273,1470,496,768,100,488,1.45e-136,98.901,Firmicutes,Clostridia,Clostridiales,Clostridiaceae,Clostridium|sensu|stricto|13,Clostridium|tunisiense,AB600546.1.1470,Bacteria,OTU175.Firmicutes.Clostridium|sensu|stricto|13
175,OTU176,273,1,273,1364,513,785,100,488,1.45e-136,98.901,Actinobacteriota,Thermoleophilia,Gaiellales,Gaiellaceae,Gaiella,_,EU132972.1.1364,Bacteria,OTU176.Actinobacteriota.Gaiella
176,OTU177,273,1,273,1380,491,763,100,455,1.47e-126,96.703,Planctomycetota,Planctomycetes,Gemmatales,Gemmataceae,_,_,EU135034.1.1380,Bacteria,OTU177.Planctomycetota._
177,OTU178,273,1,273,1408,508,782,100,451,1.91e-125,96.364,Chloroflexi,Anaerolineae,Anaerolineales,Anaerolineaceae,_,uncultured|soil|bacterium,DQ297988.1.1408,Bacteria,OTU178.Chloroflexi._
178,OTU179,273,1,273,1321,477,749,100,449,6.86e-125,96.337,Chloroflexi,KD4-96,_,_,_,_,JF124601.1.1321,Bacteria,OTU179.Chloroflexi._
179,OTU180,273,1,273,1362,485,757,100,488,1.45e-136,98.901,Nitrospirota,Nitrospiria,Nitrospirales,Nitrospiraceae,Nitrospira,_,JN615955.1.1362,Bacteria,OTU180.Nitrospirota.Nitrospira
180,OTU181,273,1,273,1526,515,787,100,494,3.12e-138,99.267,Planctomycetota,Planctomycetes,Planctomycetales,_,uncultured|planctomycete,_,KJ081644.1.1526,Bacteria,OTU181.Planctomycetota.uncultured|planctomycete
181,OTU182,274,1,274,1347,489,762,100,496,8.72e-139,99.27,Actinobacteriota,Acidimicrobiia,Actinomarinales,_,_,_,GQ002733.1.1347,Bacteria,OTU182.Actinobacteriota._
182,OTU183,273,1,273,1319,477,749,100,438,1.48e-121,95.604,Chloroflexi,Chloroflexia,Thermomicrobiales,JG30-KF-CM45,_,_,GQ001578.1.1319,Bacteria,OTU183.Chloroflexi._
183,OTU184,273,1,273,1443,481,753,100,483,6.76e-135,98.535,Chloroflexi,Chloroflexia,Chloroflexales,Roseiflexaceae,_,_,FJ478699.1.1443,Bacteria,OTU184.Chloroflexi._
184,OTU185,274,1,274,918,470,743,100,490,4.06e-137,98.905,Halobacterota,Halobacteria,Halobacterales,Haloferacaceae,Halogranum,uncultured|archaeon,HQ400516.1.918,Archaea,OTU185.Halobacterota.Halogranum
185,OTU186,273,1,273,1546,537,809,100,483,6.76e-135,98.535,Acidobacteriota,Vicinamibacteria,Vicinamibacterales,_,uncultured|Acidobacteria|bacterium,_,Z95727.1.1546,Bacteria,OTU186.Acidobacteriota.uncultured|Acidobacteria|bacterium
186,OTU187,273,1,273,1441,460,732,100,488,1.45e-136,98.901,Chloroflexi,Dehalococcoidia,S085,_,_,_,GQ262963.1.1441,Bacteria,OTU187.Chloroflexi._
187,OTU188,273,1,273,1403,480,752,100,466,6.81e-130,97.436,Chloroflexi,Chloroflexia,Thermomicrobiales,AKYG1722,uncultured|Chloroflexi|bacterium,_,JN825472.1.1403,Bacteria,OTU188.Chloroflexi.uncultured|Chloroflexi|bacterium
188,OTU189,273,1,273,1321,453,725,100,383,7.05e-105,91.941,Proteobacteria,Alphaproteobacteria,Tistrellales,Geminicoccaceae,Candidatus|Alysiosphaera,_,LN571324.1.1321,Bacteria,OTU189.Proteobacteria.Candidatus|Alysiosphaera
189,OTU190,273,1,273,1445,479,751,100,494,3.12e-138,99.267,Gemmatimonadota,AKAU4049,_,_,_,_,DQ125826.1.1445,Bacteria,OTU190.Gemmatimonadota._
190,OTU191,274,1,274,1349,485,758,100,490,4.06e-137,98.905,Planctomycetota,Planctomycetes,Isosphaerales,Isosphaeraceae,_,uncultured|Planctomycetales|bacterium,AM935706.1.1349,Bacteria,OTU191.Planctomycetota._
191,OTU192,273,2,273,1483,475,746,99,448,2.47e-124,96.324,Cyanobacteria,Cyanobacteriia,Cyanobacteriales,_,_,_,FJ230823.1.1483,Bacteria,OTU192.Cyanobacteria._
192,OTU193,273,1,273,1326,480,752,100,483,6.76e-135,98.535,Chloroflexi,Chloroflexia,Thermomicrobiales,AKYG1722,_,_,JQ407997.1.1326,Bacteria,OTU193.Chloroflexi._
193,OTU194,273,1,273,1516,537,809,100,444,3.19e-123,95.971,Acidobacteriota,Thermoanaerobaculia,Thermoanaerobaculales,Thermoanaerobaculaceae,Subgroup|10,_,KJ817695.1.1516,Bacteria,OTU194.Acidobacteriota.Subgroup|10
194,OTU195,274,1,274,1456,459,732,100,496,8.72e-139,99.27,Chloroflexi,Anaerolineae,SBR1031,A4b,_,_,FJ152787.1.1456,Bacteria,OTU195.Chloroflexi._
195,OTU196,273,1,273,1456,510,782,100,494,3.12e-138,99.267,Firmicutes,Bacilli,Bacillales,Bacillaceae,Bacillus,uncultured|Bacillus|sp,JF411326.1.1456,Bacteria,OTU196.Firmicutes.Bacillus
196,OTU197,273,1,273,1366,512,784,100,488,1.45e-136,98.901,Firmicutes,Bacilli,Alicyclobacillales,Alicyclobacillaceae,Tumebacillus,_,JF166668.1.1366,Bacteria,OTU197.Firmicutes.Tumebacillus
197,OTU198,273,1,273,1520,522,794,100,383,7.05e-105,91.941,Planctomycetota,Planctomycetes,Planctomycetales,_,metagenome,_,FPLS01050590.21.1540,Bacteria,OTU198.Planctomycetota.metagenome
198,OTU199,274,1,274,1447,487,760,100,484,1.89e-135,98.54,Actinobacteriota,Acidimicrobiia,Microtrichales,Iamiaceae,Iamia,_,DQ129371.1.1447,Bacteria,OTU199.Actinobacteriota.Iamia
199,OTU200,273,1,273,1547,531,803,100,488,1.45e-136,98.901,Nitrospirota,Nitrospiria,Nitrospirales,Nitrospiraceae,Nitrospira,Nitrospira|bacterium|SG8_3,LJNR01000573.162.1708,Bacteria,OTU200.Nitrospirota.Nitrospira
200,OTU201,273,1,273,1368,404,676,100,494,3.12e-138,99.267,Planctomycetota,Planctomycetes,Planctomycetales,Rubinisphaeraceae,SH-PL14,uncultured|Planctomycetaceae|bacterium,JQ771986.1.1368,Bacteria,OTU201.Planctomycetota.SH-PL14
201,OTU202,273,1,273,1485,521,794,100,483,6.76e-135,98.54,Methylomirabilota,Methylomirabilia,Rokubacteriales,_,_,_,JF319199.1.1485,Bacteria,OTU202.Methylomirabilota._
202,OTU203,273,1,273,1419,469,741,100,411,3.24e-113,93.773,Planctomycetota,Phycisphaerae,Tepidisphaerales,WD2101|soil|group,_,_,EF516530.1.1419,Bacteria,OTU203.Planctomycetota._
203,OTU204,273,1,273,1511,521,793,100,488,1.45e-136,98.901,Proteobacteria,Gammaproteobacteria,Burkholderiales,Comamonadaceae,Rhizobacter,metagenome,FPLL01001825.11.1521,Bacteria,OTU204.Proteobacteria.Rhizobacter
204,OTU205,273,1,273,1320,464,736,100,477,3.15e-133,98.168,Chloroflexi,Anaerolineae,SBR1031,_,_,_,EU134154.1.1320,Bacteria,OTU205.Chloroflexi._
205,OTU206,273,1,273,1493,492,764,100,494,3.12e-138,99.267,Actinobacteriota,Actinobacteria,Frankiales,Geodermatophilaceae,Blastococcus,_,KC554797.1.1493,Bacteria,OTU206.Actinobacteriota.Blastococcus
206,OTU207,273,1,273,1491,496,770,100,462,8.81e-129,97.091,Chloroflexi,Anaerolineae,Ardenticatenales,_,_,_,JN178485.1.1491,Bacteria,OTU207.Chloroflexi._
207,OTU208,273,1,273,1503,518,790,100,488,1.45e-136,98.901,Acidobacteriota,Holophagae,Subgroup|7,uncultured|Acidobacteria|bacterium,_,_,EU979112.1.1503,Bacteria,OTU208.Acidobacteriota._
208,OTU209,273,1,273,1538,528,800,100,494,3.12e-138,99.267,Proteobacteria,Gammaproteobacteria,Pseudomonadales,Pseudomonadaceae,Pseudomonas,Pseudomonas|sp.|LTGT-11-2Z,CP033104.1508719.1510256,Bacteria,OTU209.Proteobacteria.Pseudomonas
209,OTU210,273,1,273,1418,461,733,100,488,1.45e-136,98.901,Proteobacteria,Alphaproteobacteria,_,_,_,_,AM176885.1.1418,Bacteria,OTU210.Proteobacteria._
210,OTU211,274,1,274,1470,490,763,100,484,1.89e-135,98.54,Actinobacteriota,Acidimicrobiia,Actinomarinales,_,_,_,GQ262929.1.1470,Bacteria,OTU211.Actinobacteriota._
211,OTU212,273,1,273,1331,455,727,100,494,3.12e-138,99.267,Proteobacteria,Alphaproteobacteria,Dongiales,Dongiaceae,Dongia,_,JF266276.1.1331,Bacteria,OTU212.Proteobacteria.Dongia
212,OTU213,273,1,273,1496,500,772,100,488,1.45e-136,98.901,Actinobacteriota,Actinobacteria,Frankiales,_,metagenome,_,FPLS01057960.10.1505,Bacteria,OTU213.Actinobacteriota.metagenome
213,OTU214,274,1,274,1461,499,772,100,457,4.12e-127,96.715,Chloroflexi,Anaerolineae,SBR1031,uncultured|Chloroflexi|bacterium,_,_,JN886921.1.1461,Bacteria,OTU214.Chloroflexi._
214,OTU215,273,1,273,1510,506,778,100,494,3.12e-138,99.267,Actinobacteriota,Actinobacteria,Pseudonocardiales,Pseudonocardiaceae,Umezawaea,Umezawaea|endophytica,KP984506.1.1510,Bacteria,OTU215.Actinobacteriota.Umezawaea
215,OTU216,273,1,273,1371,502,774,100,488,1.45e-136,98.901,Bacteroidota,Bacteroidia,Cytophagales,Microscillaceae,_,uncultured|Sphingobacteriales|bacterium,AM935233.1.1371,Bacteria,OTU216.Bacteroidota._
216,OTU218,273,1,273,1453,474,746,100,494,3.12e-138,99.267,Cyanobacteria,Cyanobacteriia,Cyanobacteriales,_,uncultured|cyanobacterium,_,JN037922.1.1453,Bacteria,OTU218.Cyanobacteria.uncultured|cyanobacterium
217,OTU219,273,1,273,1502,523,795,100,488,1.45e-136,98.901,Proteobacteria,Gammaproteobacteria,Burkholderiales,Nitrosomonadaceae,MND1,_,KF712575.1.1502,Bacteria,OTU219.Proteobacteria.MND1
218,OTU220,273,1,273,1321,480,752,100,499,6.71e-140,99.634,Chloroflexi,Chloroflexia,Thermomicrobiales,JG30-KF-CM45,_,_,AM935607.1.1321,Bacteria,OTU220.Chloroflexi._
219,OTU221,273,1,273,1515,537,809,100,488,1.45e-136,98.901,Desulfobacterota,Desulfuromonadia,Geobacterales,Geobacteraceae,Citrifermentans,_,FJ479238.1.1515,Bacteria,OTU221.Desulfobacterota.Citrifermentans
220,OTU222,273,1,273,1465,497,769,100,499,6.71e-140,99.634,Chloroflexi,Anaerolineae,SBR1031,A4b,_,_,HQ697725.1.1465,Bacteria,OTU222.Chloroflexi._
221,OTU223,273,1,273,1514,535,807,100,494,3.12e-138,99.267,Myxococcota,Polyangia,Haliangiales,Haliangiaceae,Haliangium,uncultured|delta|proteobacterium,EU979075.1.1514,Bacteria,OTU223.Myxococcota.Haliangium
222,OTU224,274,1,274,1343,486,759,100,490,4.06e-137,98.905,Actinobacteriota,Acidimicrobiia,Microtrichales,_,uncultured|Acidimicrobiia|bacterium,_,AM936710.1.1343,Bacteria,OTU224.Actinobacteriota.uncultured|Acidimicrobiia|bacterium
223,OTU225,273,1,273,912,465,737,100,488,1.45e-136,98.901,Thermoplasmatota,Thermoplasmata,Marine|Group|II,uncultured|archaeon,_,_,KC604518.1.912,Archaea,OTU225.Thermoplasmatota._
224,OTU226,273,1,273,1426,480,753,100,472,1.46e-131,97.81,Chloroflexi,Chloroflexia,Thermomicrobiales,JG30-KF-CM45,_,_,EF157190.1.1426,Bacteria,OTU226.Chloroflexi._
225,OTU227,273,1,273,1490,512,784,100,416,6.96e-115,94.139,Actinobacteriota,Actinobacteria,0319-7L14,_,_,_,JQ978867.1.1490,Bacteria,OTU227.Actinobacteriota._
226,OTU228,273,1,273,1376,435,707,100,449,6.86e-125,96.337,Proteobacteria,Alphaproteobacteria,Rhodobacterales,Rhodobacteraceae,Limibaculum,uncultured|organism,JN493873.1.1376,Bacteria,OTU228.Proteobacteria.Limibaculum
227,OTU229,273,1,273,1458,496,768,100,499,6.71e-140,99.634,Chloroflexi,Anaerolineae,SBR1031,uncultured|soil|bacterium,_,_,EF688367.1.1458,Bacteria,OTU229.Chloroflexi._
228,OTU230,273,1,273,1422,495,767,100,422,1.5e-116,94.505,Chloroflexi,Chloroflexia,Thermomicrobiales,JG30-KF-CM45,_,_,JQ738763.1.1422,Bacteria,OTU230.Chloroflexi._
229,OTU231,274,1,274,1500,513,786,100,451,1.91e-125,96.35,Proteobacteria,Alphaproteobacteria,Tistrellales,Geminicoccaceae,_,_,HQ864192.1.1500,Bacteria,OTU231.Proteobacteria._
230,OTU232,273,1,273,1393,537,809,100,394,3.26e-108,92.674,Acidobacteriota,Subgroup|25,_,_,_,_,EF019375.1.1393,Bacteria,OTU232.Acidobacteriota._
231,OTU233,274,1,274,1488,506,779,100,490,4.06e-137,98.905,Actinobacteriota,Acidimicrobiia,IMCC26256,_,_,_,KF494766.1.1488,Bacteria,OTU233.Actinobacteriota._
232,OTU234,273,1,273,1395,521,793,100,494,3.12e-138,99.267,Proteobacteria,Gammaproteobacteria,Pseudomonadales,Pseudomonadaceae,Pseudomonas,_,EU539728.1.1395,Bacteria,OTU234.Proteobacteria.Pseudomonas
233,OTU235,273,1,273,1329,468,740,100,488,1.45e-136,98.901,Planctomycetota,Phycisphaerae,Tepidisphaerales,WD2101|soil|group,_,_,EU135114.1.1329,Bacteria,OTU235.Planctomycetota._
234,OTU236,274,1,274,1260,410,683,100,457,4.12e-127,96.715,Chloroflexi,Anaerolineae,SBR1031,A4b,_,_,JN672270.1.1260,Bacteria,OTU236.Chloroflexi._
235,OTU237,273,1,273,1340,442,714,100,438,1.48e-121,95.604,Cyanobacteria,Cyanobacteriia,Phormidesmiales,Nodosilineaceae,uncultured|cyanobacterium,_,FJ484822.1.1340,Bacteria,OTU237.Cyanobacteria.uncultured|cyanobacterium
236,OTU238,273,1,273,1412,416,688,100,494,3.12e-138,99.267,Proteobacteria,Alphaproteobacteria,Rhizobiales,Xanthobacteraceae,_,metagenome,FPLP01011777.1.1412,Bacteria,OTU238.Proteobacteria._
237,OTU239,273,1,273,1486,505,777,100,477,3.15e-133,98.168,Actinobacteriota,Actinobacteria,Euzebyales,Euzebyaceae,_,uncultured|actinobacterium,HQ396924.1.1486,Bacteria,OTU239.Actinobacteriota._
238,OTU240,273,1,273,1439,458,730,100,499,6.71e-140,99.634,Cyanobacteria,Cyanobacteriia,Cyanobacteriales,Nostocaceae,Nostoc|PCC-7107,Nostoc|sp.|SAG|2306,GQ287649.1.1439,Bacteria,OTU240.Cyanobacteria.Nostoc|PCC-7107
239,OTU241,273,1,273,1217,514,786,100,488,1.45e-136,98.901,Verrucomicrobiota,Verrucomicrobiae,Pedosphaerales,Pedosphaeraceae,_,_,KY363848.1.1217,Bacteria,OTU241.Verrucomicrobiota._
240,OTU242,273,1,273,1535,536,808,100,488,1.45e-136,98.901,Myxococcota,Polyangia,Polyangiales,Polyangiaceae,Sorangium,_,DQ532213.1.1535,Bacteria,OTU242.Myxococcota.Sorangium
241,OTU243,273,1,273,1459,468,740,100,488,1.45e-136,98.901,Proteobacteria,Alphaproteobacteria,Rhizobiales,Devosiaceae,Devosia,metagenome,FPLS01012477.15.1473,Bacteria,OTU243.Proteobacteria.Devosia
242,OTU244,273,1,273,1497,517,789,100,494,3.12e-138,99.267,Acidobacteriota,Holophagae,Subgroup|7,_,_,_,JX120419.1.1497,Bacteria,OTU244.Acidobacteriota._
243,OTU245,273,1,273,1513,516,788,100,488,1.45e-136,98.901,Actinobacteriota,Thermoleophilia,Solirubrobacterales,Solirubrobacteraceae,_,metagenome,FPLS01036117.10.1522,Bacteria,OTU245.Actinobacteriota._
244,OTU246,273,1,273,1487,540,812,100,466,6.81e-130,97.436,Latescibacterota,uncultured|Latescibacteria|bacterium,_,_,_,_,KC009993.1.1487,Bacteria,OTU246.Latescibacterota._
245,OTU247,274,1,274,1400,503,776,100,484,1.89e-135,98.54,Proteobacteria,Alphaproteobacteria,Tistrellales,Geminicoccaceae,_,_,JX079082.1.1400,Bacteria,OTU247.Proteobacteria._
246,OTU248,273,1,273,1464,501,773,100,444,3.19e-123,95.971,Planctomycetota,Planctomycetes,Pirellulales,Pirellulaceae,Pir4|lineage,_,KF616724.1.1464,Bacteria,OTU248.Planctomycetota.Pir4|lineage
247,OTU249,273,1,273,1421,449,721,100,488,1.45e-136,98.901,Proteobacteria,Alphaproteobacteria,Rhizobiales,Rhizobiaceae,Ensifer,Ensifer|meliloti,D12783.1.1421,Bacteria,OTU249.Proteobacteria.Ensifer
248,OTU250,273,1,273,1527,542,814,100,488,1.45e-136,98.901,Methylomirabilota,Methylomirabilia,Rokubacteriales,_,_,_,MF314789.1.1527,Bacteria,OTU250.Methylomirabilota._
249,OTU251,273,1,273,1435,472,744,100,488,1.45e-136,98.901,Gemmatimonadota,Gemmatimonadetes,Gemmatimonadales,Gemmatimonadaceae,Gemmatimonas,uncultured|Gemmatimonas|sp,HM438472.1.1435,Bacteria,OTU251.Gemmatimonadota.Gemmatimonas
250,OTU252,273,1,273,1471,466,735,100,451,1.91e-125,96.703,Actinobacteriota,MB-A2-108,uncultured|actinobacterium,_,_,_,HM438001.1.1471,Bacteria,OTU252.Actinobacteriota._
251,OTU253,274,1,274,1525,542,815,100,473,4.09e-132,97.81,Gemmatimonadota,BD2-11|terrestrial|group,_,_,_,_,KJ817540.1.1525,Bacteria,OTU253.Gemmatimonadota._
252,OTU254,273,1,273,1450,486,758,100,488,1.45e-136,98.901,Gemmatimonadota,Gemmatimonadetes,Gemmatimonadales,Gemmatimonadaceae,_,uncultured|soil|bacterium,EF540421.1.1450,Bacteria,OTU254.Gemmatimonadota._
253,OTU255,273,1,273,1533,525,797,100,488,1.45e-136,98.901,Proteobacteria,Gammaproteobacteria,Steroidobacterales,Woeseiaceae,Woeseia,_,JX193398.1.1533,Bacteria,OTU255.Proteobacteria.Woeseia
254,OTU256,273,1,273,1480,519,791,100,494,3.12e-138,99.267,Bacteroidota,Bacteroidia,Sphingobacteriales,Sphingobacteriaceae,Pedobacter,uncultured|Bacteroidetes|bacterium,JN038846.1.1480,Bacteria,OTU256.Bacteroidota.Pedobacter
255,OTU257,273,1,273,1253,503,775,100,494,3.12e-138,99.267,Proteobacteria,Gammaproteobacteria,Enterobacterales,Aeromonadaceae,Aeromonas,Aeromonas|sp.|HM-6,DQ303126.1.1253,Bacteria,OTU257.Proteobacteria.Aeromonas
256,OTU258,273,1,273,1469,499,771,100,488,1.45e-136,98.901,Chloroflexi,Anaerolineae,Anaerolineales,Anaerolineaceae,_,_,HQ190431.1.1469,Bacteria,OTU258.Chloroflexi._
257,OTU259,273,1,273,1384,478,750,100,483,6.76e-135,98.535,Gemmatimonadota,Gemmatimonadetes,Gemmatimonadales,Gemmatimonadaceae,_,_,EU134831.1.1384,Bacteria,OTU259.Gemmatimonadota._
258,OTU260,273,1,273,1498,521,793,100,483,6.76e-135,98.535,Proteobacteria,Gammaproteobacteria,Burkholderiales,Nitrosomonadaceae,MND1,_,EU786132.1.1498,Bacteria,OTU260.Proteobacteria.MND1
259,OTU261,273,1,273,1298,503,775,100,405,1.51e-111,93.407,Bacteroidota,Rhodothermia,Rhodothermales,Rhodothermaceae,_,uncultured|Salisaeta|sp,KF517401.1.1298,Bacteria,OTU261.Bacteroidota._
260,OTU262,273,1,273,1357,501,773,100,488,1.45e-136,98.901,Proteobacteria,Gammaproteobacteria,Steroidobacterales,Steroidobacteraceae,_,_,HM331160.1.1357,Bacteria,OTU262.Proteobacteria._
261,OTU263,273,1,273,1368,507,779,100,466,6.81e-130,97.436,Chloroflexi,Anaerolineae,Anaerolineales,Anaerolineaceae,_,_,HQ640644.1.1368,Bacteria,OTU263.Chloroflexi._
262,OTU264,273,1,273,1377,501,773,100,494,3.12e-138,99.267,Acidobacteriota,Vicinamibacteria,Subgroup|17,_,_,_,JF266014.1.1377,Bacteria,OTU264.Acidobacteriota._
263,OTU265,273,1,273,1456,473,745,100,488,1.45e-136,98.901,Proteobacteria,Alphaproteobacteria,Rhizobiales,Rhizobiales|Incertae|Sedis,Nordella,uncultured|Alphaproteobacteria|bacterium,EU979087.1.1456,Bacteria,OTU265.Proteobacteria.Nordella
264,OTU266,273,1,273,1426,469,741,100,455,1.47e-126,96.703,Planctomycetota,Phycisphaerae,Tepidisphaerales,WD2101|soil|group,uncultured|planctomycete,_,KJ540866.1.1426,Bacteria,OTU266.Planctomycetota.uncultured|planctomycete
265,OTU267,273,1,273,1319,466,735,100,401,1.95e-110,93.407,Thermoplasmatota,Thermoplasmata,Marine|Group|II,uncultured|archaeon,_,_,EU647179.1.1319,Archaea,OTU267.Thermoplasmatota._
266,OTU268,273,1,273,1363,436,708,100,455,1.47e-126,96.703,Chloroflexi,Dehalococcoidia,S085,_,_,_,FN421727.1.1363,Bacteria,OTU268.Chloroflexi._
267,OTU269,273,1,273,1475,489,761,100,438,1.48e-121,95.604,Proteobacteria,Alphaproteobacteria,Tistrellales,Geminicoccaceae,_,_,KJ817572.1.1475,Bacteria,OTU269.Proteobacteria._
268,OTU270,273,1,273,1477,506,778,100,488,1.45e-136,98.901,Proteobacteria,Gammaproteobacteria,Xanthomonadales,Xanthomonadaceae,Lysobacter,Lysobacter|niabensis,DQ462461.1.1477,Bacteria,OTU270.Proteobacteria.Lysobacter
269,OTU271,273,1,273,1442,465,737,100,488,1.45e-136,98.901,Crenarchaeota,Nitrososphaeria,Nitrososphaerales,Nitrososphaeraceae,Candidatus|Nitrososphaera,uncultured|archaeon,KF975587.1.1442,Archaea,OTU271.Crenarchaeota.Candidatus|Nitrososphaera
270,OTU272,273,1,273,1360,485,760,100,468,1.89e-130,97.464,Planctomycetota,Planctomycetes,Gemmatales,Gemmataceae,Gemmata,_,HM186489.1.1360,Bacteria,OTU272.Planctomycetota.Gemmata
271,OTU273,273,1,273,1482,522,794,100,472,1.46e-131,97.802,Acidobacteriota,Vicinamibacteria,Subgroup|9,_,_,_,KX172665.1.1482,Bacteria,OTU273.Acidobacteriota._
272,OTU274,273,1,273,1496,508,780,100,494,3.12e-138,99.267,Planctomycetota,Planctomycetes,Planctomycetales,_,uncultured|planctomycete,_,EU979049.1.1496,Bacteria,OTU274.Planctomycetota.uncultured|planctomycete
273,OTU275,273,1,273,1507,524,796,100,494,3.12e-138,99.267,Actinobacteriota,MB-A2-108,_,_,_,_,JQ979021.1.1507,Bacteria,OTU275.Actinobacteriota._
274,OTU276,273,1,273,1502,536,808,100,494,3.12e-138,99.267,Acidobacteriota,Thermoanaerobaculia,Thermoanaerobaculales,Thermoanaerobaculaceae,Subgroup|10,_,AY703465.1.1502,Bacteria,OTU276.Acidobacteriota.Subgroup|10
275,OTU277,273,1,273,1504,525,797,100,488,1.45e-136,98.901,Proteobacteria,Gammaproteobacteria,Pseudomonadales,Nitrincolaceae,Marinobacterium,_,JQ716322.1.1504,Bacteria,OTU277.Proteobacteria.Marinobacterium
276,OTU278,273,1,272,1488,493,764,99,436,5.34e-121,95.604,Chloroflexi,TK10,_,_,_,_,JX079347.1.1488,Bacteria,OTU278.Chloroflexi._
277,OTU279,273,1,273,1357,502,774,100,477,3.15e-133,98.168,Acidobacteriota,Vicinamibacteria,Vicinamibacterales,_,uncultured|Acidobacteria|bacterium,_,AM935664.1.1357,Bacteria,OTU279.Acidobacteriota.uncultured|Acidobacteria|bacterium
278,OTU280,273,1,273,1313,473,745,100,416,6.96e-115,94.139,Planctomycetota,Phycisphaerae,Tepidisphaerales,WD2101|soil|group,_,_,EU135116.1.1313,Bacteria,OTU280.Planctomycetota._
279,OTU281,273,1,273,1339,491,763,100,488,1.45e-136,98.901,Gemmatimonadota,Gemmatimonadetes,Gemmatimonadales,Gemmatimonadaceae,_,_,EU134819.1.1339,Bacteria,OTU281.Gemmatimonadota._
280,OTU282,273,1,273,1445,450,722,100,499,6.71e-140,99.634,Chloroflexi,Anaerolineae,SBR1031,A4b,_,_,FJ152726.1.1445,Bacteria,OTU282.Chloroflexi._
281,OTU283,273,1,273,1515,511,783,100,499,6.71e-140,99.634,Planctomycetota,Planctomycetes,Pirellulales,Pirellulaceae,Pir4|lineage,metagenome,FPLS01033705.10.1524,Bacteria,OTU283.Planctomycetota.Pir4|lineage
282,OTU284,273,1,273,1520,517,789,100,394,3.26e-108,92.701,Planctomycetota,Planctomycetes,Gemmatales,Gemmataceae,_,_,GU172185.1.1520,Bacteria,OTU284.Planctomycetota._
283,OTU285,273,1,273,1495,521,793,100,494,3.12e-138,99.267,Proteobacteria,Gammaproteobacteria,Steroidobacterales,Steroidobacteraceae,_,_,JQ825051.1.1495,Bacteria,OTU285.Proteobacteria._
284,OTU286,273,1,273,1527,547,819,100,466,6.81e-130,97.436,Acidobacteriota,Subgroup|25,_,_,_,_,HQ190371.1.1527,Bacteria,OTU286.Acidobacteriota._
285,OTU287,273,1,273,1453,471,743,100,488,1.45e-136,98.901,Proteobacteria,Alphaproteobacteria,Sphingomonadales,Sphingomonadaceae,Sphingomonas,uncultured|Sphingomonas|sp,KT122122.1.1453,Bacteria,OTU287.Proteobacteria.Sphingomonas
286,OTU288,274,1,274,1517,535,808,100,446,8.91e-124,95.985,Gemmatimonadota,PAUC43f|marine|benthic|group,_,_,_,_,HM598210.1.1517,Bacteria,OTU288.Gemmatimonadota._
287,OTU289,273,1,273,1348,470,743,100,438,1.48e-121,95.62,Planctomycetota,Phycisphaerae,Tepidisphaerales,WD2101|soil|group,_,_,EU135123.1.1348,Bacteria,OTU289.Planctomycetota._
288,OTU290,273,1,273,1468,504,776,100,494,3.12e-138,99.267,Actinobacteriota,MB-A2-108,uncultured|actinobacterium,_,_,_,JN409077.1.1468,Bacteria,OTU290.Actinobacteriota._
289,OTU291,273,1,273,1497,499,771,100,444,3.19e-123,95.971,Chloroflexi,Chloroflexia,Thermomicrobiales,Thermomicrobiaceae,Sphaerobacter,_,JN091923.1.1497,Bacteria,OTU291.Chloroflexi.Sphaerobacter
290,OTU292,273,1,273,1478,516,788,100,483,6.76e-135,98.535,Acidobacteriota,Thermoanaerobaculia,Thermoanaerobaculales,Thermoanaerobaculaceae,Subgroup|10,Acidobacteria|bacterium|WY11,KC854954.1.1478,Bacteria,OTU292.Acidobacteriota.Subgroup|10
291,OTU293,273,1,273,1503,524,796,100,488,1.45e-136,98.901,Proteobacteria,Gammaproteobacteria,Burkholderiales,TRA3-20,uncultured|beta|proteobacterium,_,EU979071.1.1503,Bacteria,OTU293.Proteobacteria.uncultured|beta|proteobacterium
292,OTU294,273,1,273,1458,461,733,100,444,3.19e-123,95.971,Chloroflexi,Anaerolineae,SBR1031,A4b,_,_,JQ425859.1.1458,Bacteria,OTU294.Chloroflexi._
293,OTU295,273,1,273,1445,433,705,100,472,1.46e-131,97.802,Proteobacteria,Alphaproteobacteria,Rhizobiales,Rhodobiaceae,Afifella,_,FJ152598.1.1445,Bacteria,OTU295.Proteobacteria.Afifella
294,OTU296,273,1,273,1458,487,759,100,494,3.12e-138,99.267,Planctomycetota,Phycisphaerae,Tepidisphaerales,WD2101|soil|group,uncultured|Planctomycetia|bacterium,_,JX114462.1.1458,Bacteria,OTU296.Planctomycetota.uncultured|Planctomycetia|bacterium
295,OTU297,273,1,273,1403,480,752,100,449,6.86e-125,96.337,Chloroflexi,Chloroflexia,Thermomicrobiales,AKYG1722,uncultured|Chloroflexi|bacterium,_,JN825472.1.1403,Bacteria,OTU297.Chloroflexi.uncultured|Chloroflexi|bacterium
296,OTU298,273,1,273,1420,474,746,100,488,1.45e-136,98.901,Actinobacteriota,Actinobacteria,Glycomycetales,Glycomycetaceae,Glycomyces,actinobacterium|NDZKDS33,KJ579964.1.1420,Bacteria,OTU298.Actinobacteriota.Glycomyces
297,OTU299,273,1,273,1451,483,755,100,488,1.45e-136,98.901,Acidobacteriota,Acidobacteriae,PAUC26f,_,_,_,GQ263375.1.1451,Bacteria,OTU299.Acidobacteriota._
298,OTU300,273,1,273,1327,481,753,100,438,1.48e-121,95.636,Chloroflexi,Chloroflexia,Thermomicrobiales,JG30-KF-CM45,_,_,JF210530.1.1327,Bacteria,OTU300.Chloroflexi._
299,OTU301,273,1,273,1478,501,773,100,488,1.45e-136,98.901,Planctomycetota,Planctomycetes,Pirellulales,Pirellulaceae,Pirellula,_,DQ129385.1.1478,Bacteria,OTU301.Planctomycetota.Pirellula
300,OTU302,273,1,273,1548,534,806,100,488,1.45e-136,98.901,Proteobacteria,Gammaproteobacteria,Enterobacterales,Erwiniaceae,Pantoea,Pantoea|ananatis,CP028033.4030893.4032440,Bacteria,OTU302.Proteobacteria.Pantoea
301,OTU303,273,1,273,1505,525,797,100,444,3.19e-123,95.971,Proteobacteria,Gammaproteobacteria,Steroidobacterales,Woeseiaceae,JTB255|marine|benthic|group,_,JQ800719.1.1505,Bacteria,OTU303.Proteobacteria.JTB255|marine|benthic|group
302,OTU304,273,1,273,1504,523,795,100,488,1.45e-136,98.901,Proteobacteria,Gammaproteobacteria,Burkholderiales,TRA3-20,_,_,HQ190271.1.1504,Bacteria,OTU304.Proteobacteria._
303,OTU305,273,1,273,912,465,737,100,488,1.45e-136,98.901,Crenarchaeota,Nitrososphaeria,Nitrososphaerales,Nitrososphaeraceae,uncultured|archaeon,_,HQ400564.1.912,Archaea,OTU305.Crenarchaeota.uncultured|archaeon
304,OTU306,273,1,273,1446,491,763,100,483,6.76e-135,98.535,Planctomycetota,Planctomycetes,Gemmatales,Gemmataceae,_,uncultured|prokaryote,GU208295.1.1446,Bacteria,OTU306.Planctomycetota._
305,OTU307,274,1,274,1472,453,726,100,473,4.09e-132,97.81,Proteobacteria,Alphaproteobacteria,Tistrellales,Geminicoccaceae,_,uncultured|Acetobacteraceae|bacterium,HM438096.1.1472,Bacteria,OTU307.Proteobacteria._
306,OTU308,273,1,273,1362,450,722,100,427,3.21e-118,94.872,Chloroflexi,Anaerolineae,SBR1031,A4b,uncultured|organism,_,JN437141.1.1362,Bacteria,OTU308.Chloroflexi.uncultured|organism
307,OTU309,273,1,273,1302,306,578,100,494,3.12e-138,99.267,Firmicutes,Bacilli,Bacillales,Bacillaceae,Bacillus,Bacillus|safensis,MKXN01000017.65.1366,Bacteria,OTU309.Firmicutes.Bacillus
308,OTU310,273,1,273,1522,535,807,100,494,3.12e-138,99.267,Verrucomicrobiota,Verrucomicrobiae,Chthoniobacterales,Chthoniobacteraceae,Chthoniobacter,metagenome,FPLS01034046.17.1538,Bacteria,OTU310.Verrucomicrobiota.Chthoniobacter
309,OTU311,274,1,274,1276,277,550,100,429,8.97e-119,94.909,Planctomycetota,Planctomycetes,Isosphaerales,Isosphaeraceae,_,metagenome,FPLS01010161.22.1297,Bacteria,OTU311.Planctomycetota._
310,OTU312,273,1,273,1445,479,751,100,433,6.91e-120,95.238,Gemmatimonadota,AKAU4049,_,_,_,_,DQ125826.1.1445,Bacteria,OTU312.Gemmatimonadota._
311,OTU313,273,1,273,1483,499,771,100,444,3.19e-123,95.985,Armatimonadota,_,_,_,_,_,FJ479177.1.1483,Bacteria,OTU313.Armatimonadota._
312,OTU314,273,1,273,1504,523,795,100,494,3.12e-138,99.267,Bacteroidota,Bacteroidia,Flavobacteriales,Flavobacteriaceae,Muricauda,Muricauda|sp.|MAR_2010_75,JQNJ01000001.768010.769513,Bacteria,OTU314.Bacteroidota.Muricauda
313,OTU315,273,1,273,1530,548,820,100,488,1.45e-136,98.901,Acidobacteriota,Vicinamibacteria,Vicinamibacterales,Vicinamibacteraceae,_,_,GQ396942.1.1530,Bacteria,OTU315.Acidobacteriota._
314,OTU316,273,1,273,1538,545,817,100,488,1.45e-136,98.901,Proteobacteria,Gammaproteobacteria,Gammaproteobacteria|Incertae|Sedis,Unknown|Family,_,_,JQ800910.1.1538,Bacteria,OTU316.Proteobacteria._
315,OTU317,273,1,273,1394,473,745,100,494,3.12e-138,99.267,Proteobacteria,Gammaproteobacteria,Burkholderiales,Hydrogenophilaceae,Thiobacillus,_,KX163902.1.1394,Bacteria,OTU317.Proteobacteria.Thiobacillus
316,OTU318,273,1,273,1484,519,791,100,477,3.15e-133,98.168,Bacteroidota,Bacteroidia,Cytophagales,Cyclobacteriaceae,_,uncultured|Bacteroidetes|bacterium,HQ857681.1.1484,Bacteria,OTU318.Bacteroidota._
317,OTU319,273,1,273,1486,541,813,100,444,3.19e-123,95.971,Gemmatimonadota,AKAU4049,_,_,_,_,JQ738770.1.1486,Bacteria,OTU319.Gemmatimonadota._
318,OTU320,291,1,291,1540,505,797,100,490,4.34e-137,96.928,Gemmatimonadota,Gemmatimonadetes,Gemmatimonadales,Gemmatimonadaceae,_,_,KC554981.1.1540,Bacteria,OTU320.Gemmatimonadota._
319,OTU321,273,1,273,1381,516,788,100,494,3.12e-138,99.267,Acidobacteriota,Vicinamibacteria,Vicinamibacterales,Vicinamibacteraceae,_,_,EU132030.1.1381,Bacteria,OTU321.Acidobacteriota._
320,OTU322,273,1,273,1351,415,687,100,494,3.12e-138,99.267,Actinobacteriota,Actinobacteria,Micromonosporales,Micromonosporaceae,Micromonospora,Micromonospora|sp.|69,DQ513507.1.1351,Bacteria,OTU322.Actinobacteriota.Micromonospora
321,OTU323,273,1,273,1484,499,771,100,438,1.48e-121,95.604,Armatimonadota,_,_,_,_,_,FJ478555.1.1484,Bacteria,OTU323.Armatimonadota._
322,OTU324,121,1,121,1501,501,621,100,224,1.75e-57,100,Actinobacteriota,Actinobacteria,Corynebacteriales,Mycobacteriaceae,Mycobacterium,metagenome,FPLS01056070.6.1506,Bacteria,OTU324.Actinobacteriota.Mycobacterium
323,OTU325,273,1,273,1373,509,781,100,494,3.12e-138,99.267,Acidobacteriota,Vicinamibacteria,Vicinamibacterales,_,_,_,FJ004693.1.1373,Bacteria,OTU325.Acidobacteriota._
324,OTU326,273,1,273,1500,514,786,100,494,3.12e-138,99.267,Planctomycetota,Planctomycetes,Pirellulales,Pirellulaceae,Blastopirellula,uncultured|Planctomycetaceae|bacterium,FJ542976.1.1500,Bacteria,OTU326.Planctomycetota.Blastopirellula
325,OTU327,273,1,273,1501,525,797,100,488,1.45e-136,98.901,Proteobacteria,Gammaproteobacteria,Pseudomonadales,Marinobacteraceae,Marinobacter,Marinobacter|gudaonensis,DQ414419.1.1501,Bacteria,OTU327.Proteobacteria.Marinobacter
326,OTU328,273,1,273,1322,451,723,100,466,6.81e-130,97.436,Proteobacteria,Alphaproteobacteria,Rhizobiales,Xanthobacteraceae,_,_,LN569798.1.1322,Bacteria,OTU328.Proteobacteria._
327,OTU329,273,1,273,1463,489,761,100,494,3.12e-138,99.267,Planctomycetota,Phycisphaerae,Tepidisphaerales,WD2101|soil|group,_,_,FJ444683.1.1463,Bacteria,OTU329.Planctomycetota._
328,OTU330,273,1,273,1443,467,739,100,483,6.76e-135,98.535,Planctomycetota,Phycisphaerae,Tepidisphaerales,WD2101|soil|group,uncultured|soil|bacterium,_,AF507705.1.1443,Bacteria,OTU330.Planctomycetota.uncultured|soil|bacterium
329,OTU331,273,1,273,1465,486,758,100,488,1.45e-136,98.901,Acidobacteriota,Acidobacteriae,Bryobacterales,Bryobacteraceae,Bryobacter,_,HQ190378.1.1465,Bacteria,OTU331.Acidobacteriota.Bryobacter
330,OTU332,273,2,273,1388,518,789,99,409,1.16e-112,93.75,Chloroflexi,Chloroflexia,Thermomicrobiales,JG30-KF-CM45,_,_,FJ671122.1.1388,Bacteria,OTU332.Chloroflexi._
331,OTU333,273,1,273,1349,489,761,100,438,1.48e-121,95.62,Chloroflexi,Anaerolineae,SBR1031,A4b,uncultured|Chloroflexi|bacterium,_,AY921879.1.1349,Bacteria,OTU333.Chloroflexi.uncultured|Chloroflexi|bacterium
332,OTU334,273,1,273,1407,481,753,100,383,7.05e-105,91.971,Chloroflexi,Anaerolineae,SBR1031,uncultured|organism,_,_,JN485563.1.1407,Bacteria,OTU334.Chloroflexi._
333,OTU335,273,1,273,1505,527,799,100,472,1.46e-131,97.802,Actinobacteriota,Thermoleophilia,Solirubrobacterales,67-14,_,_,FJ478527.1.1505,Bacteria,OTU335.Actinobacteriota._
334,OTU336,273,1,273,1489,522,794,100,483,6.76e-135,98.535,Chloroflexi,Anaerolineae,Anaerolineales,Anaerolineaceae,_,uncultured|Chloroflexi|bacterium,JN038250.1.1489,Bacteria,OTU336.Chloroflexi._
335,OTU337,273,1,273,1447,481,753,100,472,1.46e-131,97.802,Planctomycetota,Planctomycetes,Pirellulales,Pirellulaceae,_,uncultured|soil|bacterium,AY493904.1.1447,Bacteria,OTU337.Planctomycetota._
336,OTU338,274,1,274,1364,427,700,100,479,8.78e-134,98.175,Cyanobacteria,Cyanobacteriia,Cyanobacteriales,Desertifilaceae,CENA533,Oscillatoriales|cyanobacterium|KSU-AQIQ-8,LN997858.1.1364,Bacteria,OTU338.Cyanobacteria.CENA533
337,OTU339,273,1,273,1477,509,781,100,438,1.48e-121,95.604,Chloroflexi,Anaerolineae,Anaerolineales,Anaerolineaceae,_,_,KF712614.1.1477,Bacteria,OTU339.Chloroflexi._
338,OTU340,273,1,273,1375,516,788,100,477,3.15e-133,98.168,Acidobacteriota,Thermoanaerobaculia,Thermoanaerobaculales,Thermoanaerobaculaceae,Subgroup|10,_,JQ408035.1.1375,Bacteria,OTU340.Acidobacteriota.Subgroup|10
339,OTU341,273,1,273,1314,458,730,100,472,1.46e-131,97.802,Proteobacteria,Alphaproteobacteria,Tistrellales,Geminicoccaceae,Candidatus|Alysiosphaera,_,HM335869.1.1314,Bacteria,OTU341.Proteobacteria.Candidatus|Alysiosphaera
340,OTU342,274,1,274,1469,487,760,100,490,4.06e-137,98.905,Acidobacteriota,Acidobacteriae,Bryobacterales,Bryobacteraceae,Bryobacter,_,HQ190565.1.1469,Bacteria,OTU342.Acidobacteriota.Bryobacter
341,OTU343,273,1,273,1464,468,740,100,483,6.76e-135,98.535,Proteobacteria,Alphaproteobacteria,Rhizobiales,Hyphomicrobiaceae,Hyphomicrobium,metagenome,FPLS01022981.20.1483,Bacteria,OTU343.Proteobacteria.Hyphomicrobium
342,OTU344,273,1,273,1466,497,769,100,499,6.71e-140,99.634,Chloroflexi,Anaerolineae,SBR1031,A4b,_,_,HQ697736.1.1466,Bacteria,OTU344.Chloroflexi._
343,OTU345,273,1,273,1431,472,744,100,488,1.45e-136,98.901,Proteobacteria,Alphaproteobacteria,Rhodobacterales,Rhodobacteraceae,_,_,JQ801010.1.1431,Bacteria,OTU345.Proteobacteria._
344,OTU346,273,1,273,1377,511,783,100,488,1.45e-136,98.901,Proteobacteria,Gammaproteobacteria,Burkholderiales,TRA3-20,_,_,EU133849.1.1377,Bacteria,OTU346.Proteobacteria._
345,OTU347,273,1,273,1499,519,791,100,444,3.19e-123,95.971,Proteobacteria,Gammaproteobacteria,Pseudomonadales,KI89A|clade,_,_,KT952676.1.1499,Bacteria,OTU347.Proteobacteria._
346,OTU348,273,1,273,1366,510,782,100,494,3.12e-138,99.267,Actinobacteriota,Thermoleophilia,Solirubrobacterales,Solirubrobacteraceae,Solirubrobacter,_,HM269072.1.1366,Bacteria,OTU348.Actinobacteriota.Solirubrobacter
347,OTU349,273,1,273,1505,526,798,100,488,1.45e-136,98.901,Proteobacteria,Gammaproteobacteria,Burkholderiales,Rhodocyclaceae,Azoarcus,_,KX348540.1.1505,Bacteria,OTU349.Proteobacteria.Azoarcus
348,OTU350,273,1,273,1515,538,810,100,477,3.15e-133,98.168,Gemmatimonadota,S0134|terrestrial|group,_,_,_,_,JQ825031.1.1515,Bacteria,OTU350.Gemmatimonadota._
349,OTU351,273,1,273,1499,529,801,100,377,3.28e-103,91.606,Chloroflexi,Anaerolineae,Ardenticatenales,Ardenticatenaceae,Ardenticatena,uncultured|Chloroflexi|bacterium,KM018536.1.1499,Bacteria,OTU351.Chloroflexi.Ardenticatena
350,OTU352,273,1,273,1505,510,782,100,427,3.21e-118,94.872,Chloroflexi,Anaerolineae,SBR1031,_,_,_,KM823731.1.1505,Bacteria,OTU352.Chloroflexi._
351,OTU353,274,1,274,1522,539,811,100,466,6.84e-130,97.445,Planctomycetota,OM190,_,_,_,_,KJ782955.1.1522,Bacteria,OTU353.Planctomycetota._
352,OTU354,273,1,273,1449,470,742,100,494,3.12e-138,99.267,Cyanobacteria,Cyanobacteriia,Oxyphotobacteria|Incertae|Sedis,Unknown|Family,uncultured|cyanobacterium,_,FJ517069.1.1449,Bacteria,OTU354.Cyanobacteria.uncultured|cyanobacterium
353,OTU355,273,1,273,1473,506,778,100,494,3.12e-138,99.267,Chloroflexi,Anaerolineae,Anaerolineales,Anaerolineaceae,_,uncultured|Chloroflexi|bacterium,HQ727653.1.1473,Bacteria,OTU355.Chloroflexi._
354,OTU356,273,1,273,1492,521,793,100,488,1.45e-136,98.901,Proteobacteria,Gammaproteobacteria,Burkholderiales,Oxalobacteraceae,Massilia,_,KX508776.1.1492,Bacteria,OTU356.Proteobacteria.Massilia
355,OTU357,273,1,273,1394,520,792,100,488,1.45e-136,98.901,NB1-j,_,_,_,_,_,LN565856.1.1394,Bacteria,OTU357.NB1-j._
356,OTU358,273,1,273,1336,474,746,100,483,6.76e-135,98.535,Planctomycetota,Planctomycetes,Pirellulales,Pirellulaceae,_,_,EU135064.1.1336,Bacteria,OTU358.Planctomycetota._
357,OTU359,273,1,273,1487,521,793,100,483,6.76e-135,98.535,Bacteroidota,Bacteroidia,Cytophagales,Microscillaceae,_,_,HQ910286.1.1487,Bacteria,OTU359.Bacteroidota._
358,OTU360,273,1,273,1515,533,805,100,494,3.12e-138,99.267,Firmicutes,Bacilli,Bacillales,Bacillaceae,Fictibacillus,Bacillus|sp.|CNJ804|PL04,DQ448788.1.1515,Bacteria,OTU360.Firmicutes.Fictibacillus
359,OTU361,273,1,273,1357,501,773,100,483,6.76e-135,98.535,Proteobacteria,Gammaproteobacteria,Burkholderiales,TRA3-20,_,_,JF224996.1.1357,Bacteria,OTU361.Proteobacteria._
360,OTU362,273,1,273,1200,329,601,100,477,3.15e-133,98.168,Actinobacteriota,Actinobacteria,0319-7L14,uncultured|Actinomycetales|bacterium,_,_,LN555030.1.1200,Bacteria,OTU362.Actinobacteriota._
361,OTU363,273,1,273,1522,544,816,100,483,6.76e-135,98.535,Gemmatimonadota,BD2-11|terrestrial|group,_,_,_,_,JQ824907.1.1522,Bacteria,OTU363.Gemmatimonadota._
362,OTU364,273,1,273,1447,485,757,100,449,6.86e-125,96.35,Chloroflexi,Dehalococcoidia,S085,_,_,_,FJ479355.1.1447,Bacteria,OTU364.Chloroflexi._
363,OTU365,273,2,273,1463,499,770,99,409,1.16e-112,93.796,Chloroflexi,Chloroflexia,Thermomicrobiales,AKYG1722,uncultured|Sphaerobacter|sp,_,HQ183885.1.1463,Bacteria,OTU365.Chloroflexi.uncultured|Sphaerobacter|sp
364,OTU366,273,1,273,1372,448,720,100,466,6.81e-130,97.436,Chloroflexi,Anaerolineae,Anaerolineales,Anaerolineaceae,_,uncultured|Chloroflexi|bacterium,JN825474.1.1372,Bacteria,OTU366.Chloroflexi._
365,OTU367,273,1,273,1477,467,739,100,477,3.15e-133,98.168,Actinobacteriota,Actinobacteria,Euzebyales,Euzebyaceae,_,_,JQ425998.1.1477,Bacteria,OTU367.Actinobacteriota._
366,OTU368,273,2,273,1443,438,709,99,455,1.47e-126,96.691,Planctomycetota,Planctomycetes,Gemmatales,Gemmataceae,Gemmata,uncultured|endolithic|bacterium,AB473908.1.1443,Bacteria,OTU368.Planctomycetota.Gemmata
367,OTU369,146,1,146,1352,626,771,100,259,6.06e-68,98.63,Bacteroidota,Bacteroidia,Cytophagales,Hymenobacteraceae,Pontibacter,_,HM329034.1.1352,Bacteria,OTU369.Bacteroidota.Pontibacter
368,OTU370,273,1,273,1454,479,751,100,494,3.12e-138,99.267,Chloroflexi,KD4-96,_,_,_,_,KX753157.1.1454,Bacteria,OTU370.Chloroflexi._
369,OTU371,273,1,273,1310,447,719,100,488,1.45e-136,98.901,Crenarchaeota,Nitrososphaeria,Nitrosopumilales,Nitrosopumilaceae,Nitrosarchaeum,uncultured|archaeon,JN562364.1.1310,Archaea,OTU371.Crenarchaeota.Nitrosarchaeum
370,OTU372,273,1,273,1498,516,788,100,438,1.48e-121,95.604,Acidobacteriota,Holophagae,Subgroup|7,_,_,_,MF314493.1.1498,Bacteria,OTU372.Acidobacteriota._
371,OTU373,273,1,273,1445,484,756,100,483,6.76e-135,98.535,Actinobacteriota,Actinobacteria,Kineosporiales,Kineosporiaceae,Quadrisphaera,uncultured|Kineococcus|sp,HM241114.1.1445,Bacteria,OTU373.Actinobacteriota.Quadrisphaera
372,OTU374,273,1,273,1337,480,752,100,460,3.17e-128,97.07,Armatimonadota,_,_,_,_,_,EU135015.1.1337,Bacteria,OTU374.Armatimonadota._
373,OTU375,274,1,274,1422,468,741,100,479,8.78e-134,98.175,Patescibacteria,Saccharimonadia,Saccharimonadales,_,_,_,FJ542972.1.1422,Bacteria,OTU375.Patescibacteria._
374,OTU376,273,1,273,1343,484,756,100,494,3.12e-138,99.267,Actinobacteriota,Actinobacteria,Micrococcales,Microbacteriaceae,Microbacterium,_,HM277697.1.1343,Bacteria,OTU376.Actinobacteriota.Microbacterium
375,OTU377,273,1,273,1509,498,770,100,457,4.1e-127,96.703,Gemmatimonadota,S0134|terrestrial|group,_,_,_,_,JQ426183.1.1509,Bacteria,OTU377.Gemmatimonadota._
376,OTU378,273,1,273,1493,494,766,100,494,3.12e-138,99.267,Planctomycetota,Planctomycetes,Pirellulales,Pirellulaceae,Rhodopirellula,metagenome,FPLS01041677.14.1506,Bacteria,OTU378.Planctomycetota.Rhodopirellula
377,OTU379,273,1,273,1488,508,780,100,444,3.19e-123,95.985,Gemmatimonadota,Gemmatimonadetes,Gemmatimonadales,Gemmatimonadaceae,Gemmatimonas,_,JQ825021.1.1488,Bacteria,OTU379.Gemmatimonadota.Gemmatimonas
378,OTU380,273,1,273,1454,489,761,100,472,1.46e-131,97.802,Planctomycetota,Planctomycetes,Planctomycetales,_,_,_,GQ262849.1.1454,Bacteria,OTU380.Planctomycetota._
379,OTU381,121,1,121,1432,472,592,100,224,1.75e-57,100,Actinobacteriota,Actinobacteria,Corynebacteriales,Nocardiaceae,Rhodococcus,Rhodococcus|sp.|YU6,DQ011232.1.1432,Bacteria,OTU381.Actinobacteriota.Rhodococcus
380,OTU382,273,1,273,1421,476,748,100,424,4.16e-117,94.505,Chloroflexi,Anaerolineae,Ardenticatenales,_,uncultured|soil|bacterium,_,AY326635.1.1421,Bacteria,OTU382.Chloroflexi.uncultured|soil|bacterium
381,OTU383,273,1,273,1408,450,722,100,488,1.45e-136,98.901,Proteobacteria,Alphaproteobacteria,Sphingomonadales,Sphingomonadaceae,Sphingomonas,uncultured|Alphaproteobacteria|bacterium,JF319174.1.1408,Bacteria,OTU383.Proteobacteria.Sphingomonas
382,OTU384,273,1,273,1514,539,811,100,488,1.45e-136,98.901,Acidobacteriota,Vicinamibacteria,Vicinamibacterales,_,uncultured|Acidobacteria|bacterium,_,JN038957.1.1514,Bacteria,OTU384.Acidobacteriota.uncultured|Acidobacteria|bacterium
383,OTU385,273,1,273,1462,478,750,100,394,3.26e-108,92.674,Chloroflexi,Chloroflexia,Chloroflexales,Chloroflexaceae,Candidatus|Chloroploca,compost|metagenome,ADGO01078803.501.1962,Bacteria,OTU385.Chloroflexi.Candidatus|Chloroploca
384,OTU386,273,1,273,1336,458,730,100,488,1.45e-136,98.901,Proteobacteria,Alphaproteobacteria,Tistrellales,Geminicoccaceae,_,_,JN801098.1.1336,Bacteria,OTU386.Proteobacteria._
385,OTU387,273,1,273,1463,482,754,100,494,3.12e-138,99.267,Planctomycetota,Planctomycetes,Gemmatales,Gemmataceae,Gemmata,_,FJ479011.1.1463,Bacteria,OTU387.Planctomycetota.Gemmata
386,OTU388,273,1,273,1440,477,749,100,499,6.71e-140,99.634,Chloroflexi,Ktedonobacteria,Ktedonobacterales,Ktedonobacteraceae,1959-1,_,HQ397147.1.1440,Bacteria,OTU388.Chloroflexi.1959-1
387,OTU389,273,1,273,1414,455,727,100,494,3.12e-138,99.267,Cyanobacteria,Cyanobacteriia,Cyanobacteriales,Nostocaceae,Nostoc|PCC-7524,Nostoc|sp.|CAVN10,KJ511235.1.1414,Bacteria,OTU389.Cyanobacteria.Nostoc|PCC-7524
388,OTU390,273,1,273,1458,466,738,100,472,1.46e-131,97.802,Crenarchaeota,Nitrososphaeria,Nitrosopumilales,Nitrosopumilaceae,Candidatus|Nitrosotenuis,Thaumarchaeota|archaeon|MY2,AVSQ01000019.27413.28870,Archaea,OTU390.Crenarchaeota.Candidatus|Nitrosotenuis
389,OTU391,273,1,273,1371,488,760,100,499,6.71e-140,99.634,Planctomycetota,Phycisphaerae,Tepidisphaerales,WD2101|soil|group,uncultured|planctomycete,_,AY922173.1.1371,Bacteria,OTU391.Planctomycetota.uncultured|planctomycete
390,OTU393,273,1,273,1463,484,756,100,483,6.76e-135,98.535,Planctomycetota,Planctomycetes,Gemmatales,Gemmataceae,Gemmata,uncultured|Gemmata|sp,KM108648.1.1463,Bacteria,OTU393.Planctomycetota.Gemmata
391,OTU394,273,1,273,1493,499,773,100,379,9.13e-104,91.667,Chloroflexi,Anaerolineae,Ardenticatenales,_,_,_,JX504491.1.1493,Bacteria,OTU394.Chloroflexi._
392,OTU395,273,1,273,1518,523,795,100,488,1.45e-136,98.901,Proteobacteria,Gammaproteobacteria,Steroidobacterales,Steroidobacteraceae,Steroidobacter,metagenome,FPLS01027818.8.1525,Bacteria,OTU395.Proteobacteria.Steroidobacter
393,OTU396,273,1,273,1434,453,725,100,494,3.12e-138,99.267,Cyanobacteria,Cyanobacteriia,Cyanobacteriales,_,uncultured|cyanobacterium,_,KC463677.1.1434,Bacteria,OTU396.Cyanobacteria.uncultured|cyanobacterium
394,OTU397,273,1,273,1521,540,812,100,488,1.45e-136,98.901,Acidobacteriota,Thermoanaerobaculia,Thermoanaerobaculales,Thermoanaerobaculaceae,Subgroup|10,uncultured|prokaryote,GU208304.1.1521,Bacteria,OTU397.Acidobacteriota.Subgroup|10
395,OTU398,273,1,273,1475,482,754,100,483,6.76e-135,98.535,Actinobacteriota,Actinobacteria,Frankiales,Sporichthyaceae,_,_,KC554906.1.1475,Bacteria,OTU398.Actinobacteriota._
396,OTU399,274,1,274,1350,491,764,100,484,1.89e-135,98.54,Actinobacteriota,Actinobacteria,Pseudonocardiales,Pseudonocardiaceae,Actinomycetospora,_,GQ003660.1.1350,Bacteria,OTU399.Actinobacteriota.Actinomycetospora
397,OTU400,273,1,273,1492,508,780,100,488,1.45e-136,98.901,Acidobacteriota,Blastocatellia,Blastocatellales,Blastocatellaceae,_,_,HQ190319.1.1492,Bacteria,OTU400.Acidobacteriota._
398,OTU401,273,1,273,1495,499,771,100,488,1.45e-136,98.901,Actinobacteriota,Actinobacteria,Micrococcales,Bogoriellaceae,Georgenia,metagenome,FPLP01009833.16.1510,Bacteria,OTU401.Actinobacteriota.Georgenia
399,OTU403,273,1,273,1512,524,796,100,433,6.91e-120,95.238,Planctomycetota,OM190,_,_,_,_,KX097257.1.1512,Bacteria,OTU403.Planctomycetota._
400,OTU404,273,1,273,1338,482,754,100,477,3.15e-133,98.168,Actinobacteriota,Actinobacteria,Propionibacteriales,Nocardioidaceae,Nocardioides,_,HM270234.1.1338,Bacteria,OTU404.Actinobacteriota.Nocardioides
401,OTU405,273,1,273,1470,498,770,100,460,3.17e-128,97.07,Chloroflexi,Chloroflexia,Thermomicrobiales,Thermomicrobiaceae,Nitrolancea,Nitrolancea|hollandica|Lb,JQ345500.1.1470,Bacteria,OTU405.Chloroflexi.Nitrolancea
402,OTU406,273,1,273,1417,462,734,100,494,3.12e-138,99.267,Actinobacteriota,Actinobacteria,Streptosporangiales,Thermomonosporaceae,Actinomadura,Actinobacteria|bacterium,MF984400.1.1417,Bacteria,OTU406.Actinobacteriota.Actinomadura
403,OTU407,273,1,273,1476,467,739,100,455,1.47e-126,96.703,Actinobacteriota,Actinobacteria,Euzebyales,Euzebyaceae,_,_,JQ427490.1.1476,Bacteria,OTU407.Actinobacteriota._
404,OTU408,273,1,273,1402,450,722,100,488,1.45e-136,98.901,Cyanobacteria,Cyanobacteriia,Cyanobacteriales,Nostocaceae,Tolypothrix,Nostoc|punctiforme,LC361246.1.1402,Bacteria,OTU408.Cyanobacteria.Tolypothrix
405,OTU409,273,1,273,1376,444,716,100,438,1.48e-121,95.604,Proteobacteria,Alphaproteobacteria,Rhodobacterales,Rhodobacteraceae,Limibaculum,uncultured|organism,JN437559.1.1376,Bacteria,OTU409.Proteobacteria.Limibaculum
406,OTU410,273,1,273,1492,521,793,100,494,3.12e-138,99.267,Chloroflexi,Anaerolineae,Caldilineales,Caldilineaceae,_,_,HQ120453.1.1492,Bacteria,OTU410.Chloroflexi._
407,OTU411,273,1,273,1244,286,559,100,449,6.86e-125,96.377,Chloroflexi,Chloroflexia,Chloroflexales,Chloroflexaceae,FFCH7168,_,EU676444.1.1244,Bacteria,OTU411.Chloroflexi.FFCH7168
408,OTU412,273,1,273,1515,538,810,100,394,3.26e-108,92.674,Gemmatimonadota,S0134|terrestrial|group,_,_,_,_,JQ825031.1.1515,Bacteria,OTU412.Gemmatimonadota._
409,OTU413,273,1,273,1353,498,770,100,460,3.17e-128,97.07,Chloroflexi,KD4-96,uncultured|Gram-positive|bacterium,_,_,_,AM709744.1.1353,Bacteria,OTU413.Chloroflexi._
410,OTU414,273,1,273,1449,471,743,100,483,6.76e-135,98.535,Proteobacteria,Alphaproteobacteria,Rhizobiales,Rhodomicrobiaceae,Rhodomicrobium,_,HQ864182.1.1449,Bacteria,OTU414.Proteobacteria.Rhodomicrobium
411,OTU415,273,1,273,1515,538,810,100,394,3.26e-108,92.701,Gemmatimonadota,S0134|terrestrial|group,_,_,_,_,JQ825031.1.1515,Bacteria,OTU415.Gemmatimonadota._
412,OTU416,273,1,273,1456,466,738,100,494,3.12e-138,99.267,Verrucomicrobiota,Verrucomicrobiae,Pedosphaerales,Pedosphaeraceae,_,metagenome,FPLP01001919.1.1456,Bacteria,OTU416.Verrucomicrobiota._
413,OTU417,273,1,273,1524,539,811,100,494,3.12e-138,99.267,Acidobacteriota,Blastocatellia,Pyrinomonadales,Pyrinomonadaceae,RB41,uncultured|Acidobacteria|bacterium,KC011101.1.1524,Bacteria,OTU417.Acidobacteriota.RB41
414,OTU418,273,1,273,1485,503,775,100,438,1.48e-121,95.62,Planctomycetota,Planctomycetes,Pirellulales,Pirellulaceae,Rhodopirellula,uncultured|planctomycete,JQ579970.1.1485,Bacteria,OTU418.Planctomycetota.Rhodopirellula
415,OTU419,273,1,273,1287,492,764,100,405,1.51e-111,93.455,Planctomycetota,Planctomycetes,Gemmatales,Gemmataceae,_,_,EU135138.1.1287,Bacteria,OTU419.Planctomycetota._
416,OTU420,273,1,273,1450,483,755,100,449,6.86e-125,96.337,Chloroflexi,TK10,_,_,_,_,HQ014648.1.1450,Bacteria,OTU420.Chloroflexi._
417,OTU421,273,1,273,1522,517,789,100,488,1.45e-136,98.901,Actinobacteriota,Actinobacteria,Propionibacteriales,Nocardioidaceae,Nocardioides,metagenome,FPLS01047868.11.1532,Bacteria,OTU421.Actinobacteriota.Nocardioides
418,OTU422,273,1,273,1337,477,751,100,484,1.88e-135,98.545,Chloroflexi,KD4-96,_,_,_,_,LN565063.1.1337,Bacteria,OTU422.Chloroflexi._
419,OTU423,273,1,273,1462,483,756,100,449,6.86e-125,96.35,Proteobacteria,Alphaproteobacteria,Tistrellales,Geminicoccaceae,_,_,EF125410.1.1462,Bacteria,OTU423.Proteobacteria._
420,OTU424,273,1,273,1424,474,746,100,466,6.81e-130,97.436,Chloroflexi,Anaerolineae,SBR1031,uncultured|soil|bacterium,_,_,KM205527.1.1424,Bacteria,OTU424.Chloroflexi._
421,OTU425,273,1,273,1443,432,704,100,488,1.45e-136,98.901,Proteobacteria,Alphaproteobacteria,Sphingomonadales,Sphingomonadaceae,Ellin6055,_,JQ426243.1.1443,Bacteria,OTU425.Proteobacteria.Ellin6055
422,OTU426,273,1,273,1463,484,756,100,494,3.12e-138,99.267,Acidobacteriota,Acidobacteriae,Bryobacterales,Bryobacteraceae,Bryobacter,_,FJ444678.1.1463,Bacteria,OTU426.Acidobacteriota.Bryobacter
423,OTU427,273,1,273,1531,514,786,100,494,3.12e-138,99.267,Actinobacteriota,Actinobacteria,Micrococcales,Intrasporangiaceae,Knoellia,Knoellia|sp.|Soil729,LMSA01000001.3814.5344,Bacteria,OTU427.Actinobacteriota.Knoellia
424,OTU428,273,1,273,1357,482,754,100,411,3.24e-113,93.773,Planctomycetota,Phycisphaerae,Tepidisphaerales,WD2101|soil|group,_,_,EF018678.1.1357,Bacteria,OTU428.Planctomycetota._
425,OTU429,273,1,273,1475,492,764,100,494,3.12e-138,99.267,Planctomycetota,Planctomycetes,Gemmatales,Gemmataceae,Gemmata,_,HQ697730.1.1475,Bacteria,OTU429.Planctomycetota.Gemmata
426,OTU430,273,1,273,1518,537,809,100,427,3.21e-118,94.872,Acidobacteriota,Thermoanaerobaculia,Thermoanaerobaculales,Thermoanaerobaculaceae,Subgroup|10,_,EU287125.1.1518,Bacteria,OTU430.Acidobacteriota.Subgroup|10
427,OTU431,274,1,274,1260,410,683,100,457,4.12e-127,96.715,Chloroflexi,Anaerolineae,SBR1031,A4b,_,_,JN672270.1.1260,Bacteria,OTU431.Chloroflexi._
428,OTU432,106,1,106,1301,430,535,100,185,6.95e-46,98.113,Proteobacteria,Alphaproteobacteria,Caulobacterales,Hyphomonadaceae,Hirschia,_,HM445219.1.1301,Bacteria,OTU432.Proteobacteria.Hirschia
429,OTU433,273,1,273,1521,504,776,100,416,6.96e-115,94.203,Armatimonadota,_,_,_,_,_,JN178268.1.1521,Bacteria,OTU433.Armatimonadota._
430,OTU434,273,1,273,1332,517,789,100,494,3.12e-138,99.267,Myxococcota,Polyangia,Polyangiales,BIrii41,_,_,EU134470.1.1332,Bacteria,OTU434.Myxococcota._
431,OTU435,273,1,273,1528,540,812,100,483,6.76e-135,98.535,NB1-j,_,_,_,_,_,EU881113.1.1528,Bacteria,OTU435.NB1-j._
432,OTU436,273,1,273,1528,544,816,100,483,6.76e-135,98.535,Acidobacteriota,Subgroup|25,_,_,_,_,DQ404639.1.1528,Bacteria,OTU436.Acidobacteriota._
433,OTU437,273,1,273,1462,478,750,100,399,7.01e-110,93.04,Chloroflexi,Chloroflexia,Chloroflexales,Chloroflexaceae,Candidatus|Chloroploca,compost|metagenome,ADGO01078803.501.1962,Bacteria,OTU437.Chloroflexi.Candidatus|Chloroploca
434,OTU438,273,1,273,1407,448,720,100,494,3.12e-138,99.267,Proteobacteria,Alphaproteobacteria,Rhizobiales,Xanthobacteraceae,_,_,GQ402708.1.1407,Bacteria,OTU438.Proteobacteria._
435,OTU439,273,1,273,1417,479,751,100,499,6.71e-140,99.634,Proteobacteria,Gammaproteobacteria,Steroidobacterales,Steroidobacteraceae,Steroidobacter,_,KP398529.1.1417,Bacteria,OTU439.Proteobacteria.Steroidobacter
436,OTU440,273,1,273,1442,491,763,100,488,1.45e-136,98.901,Proteobacteria,Gammaproteobacteria,Pseudomonadales,Microbulbiferaceae,Microbulbifer,bacterium|QM13,DQ822522.1.1442,Bacteria,OTU440.Proteobacteria.Microbulbifer
437,OTU441,273,1,273,1447,469,741,100,488,1.45e-136,98.901,Proteobacteria,Alphaproteobacteria,Sphingomonadales,Sphingomonadaceae,Sphingomonas,_,FJ478806.1.1447,Bacteria,OTU441.Proteobacteria.Sphingomonas
438,OTU442,273,1,273,1360,501,773,100,494,3.12e-138,99.267,Proteobacteria,Gammaproteobacteria,Xanthomonadales,Xanthomonadaceae,Arenimonas,_,JF180336.1.1360,Bacteria,OTU442.Proteobacteria.Arenimonas
439,OTU443,273,1,273,1319,475,747,100,435,1.92e-120,95.238,Chloroflexi,Anaerolineae,SBR1031,_,_,_,EU134014.1.1319,Bacteria,OTU443.Chloroflexi._
440,OTU444,273,1,273,1504,508,780,100,483,6.76e-135,98.535,Chloroflexi,Anaerolineae,Anaerolineales,Anaerolineaceae,_,uncultured|soil|bacterium,JN417575.1.1504,Bacteria,OTU444.Chloroflexi._
441,OTU445,273,1,273,1507,539,811,100,472,1.46e-131,97.802,Chloroflexi,Anaerolineae,Ardenticatenales,_,uncultured|Chloroflexi|bacterium,_,HQ397401.1.1507,Bacteria,OTU445.Chloroflexi.uncultured|Chloroflexi|bacterium
442,OTU446,273,1,273,1479,494,766,100,488,1.45e-136,98.901,Planctomycetota,Planctomycetes,Pirellulales,Pirellulaceae,Pir4|lineage,uncultured|Planctomycetaceae|bacterium,FJ543087.1.1479,Bacteria,OTU446.Planctomycetota.Pir4|lineage
443,OTU447,273,1,273,1323,466,738,100,483,6.76e-135,98.535,Chloroflexi,OLB14,_,_,_,_,EU134263.1.1323,Bacteria,OTU447.Chloroflexi._
444,OTU448,273,1,273,1291,434,706,100,460,3.17e-128,97.07,Proteobacteria,Alphaproteobacteria,Rhodobacterales,Rhodobacteraceae,Limibaculum,_,JF266069.1.1291,Bacteria,OTU448.Proteobacteria.Limibaculum
445,OTU449,273,1,273,1463,497,769,100,472,1.46e-131,97.802,Chloroflexi,OLB14,_,_,_,_,KJ817501.1.1463,Bacteria,OTU449.Chloroflexi._
446,OTU450,273,1,273,1509,521,793,100,477,3.15e-133,98.168,Planctomycetota,Planctomycetes,Gemmatales,Gemmataceae,_,_,DQ404708.1.1509,Bacteria,OTU450.Planctomycetota._
447,OTU451,273,1,273,1357,382,654,100,488,1.45e-136,98.901,Proteobacteria,Alphaproteobacteria,Rhodobacterales,Rhodobacteraceae,_,metagenome,FPLM01006229.15.1371,Bacteria,OTU451.Proteobacteria._
448,OTU452,273,1,273,1486,494,763,100,435,1.92e-120,95.62,Chloroflexi,Anaerolineae,Ardenticatenales,_,_,_,JN178759.1.1486,Bacteria,OTU452.Chloroflexi._
449,OTU453,273,1,273,1518,542,814,100,477,3.15e-133,98.168,MBNT15,_,_,_,_,_,AB240371.1.1518,Bacteria,OTU453.MBNT15._
450,OTU454,273,1,273,1501,522,794,100,483,6.76e-135,98.535,Proteobacteria,Gammaproteobacteria,Gammaproteobacteria|Incertae|Sedis,Unknown|Family,Acidibacter,uncultured|gamma|proteobacterium,EU979070.1.1501,Bacteria,OTU454.Proteobacteria.Acidibacter
451,OTU455,273,1,273,1337,480,752,100,488,1.45e-136,98.901,Actinobacteriota,Actinobacteria,Micromonosporales,Micromonosporaceae,Rhizocola,_,JF124113.1.1337,Bacteria,OTU455.Actinobacteriota.Rhizocola
452,OTU456,273,1,273,1481,498,771,100,483,6.76e-135,98.54,Planctomycetota,Planctomycetes,Pirellulales,Pirellulaceae,Pirellula,_,FJ479541.1.1481,Bacteria,OTU456.Planctomycetota.Pirellula
453,OTU457,273,1,273,1498,499,772,100,418,1.93e-115,94.161,Chloroflexi,Anaerolineae,Ardenticatenales,_,_,_,JX504478.1.1498,Bacteria,OTU457.Chloroflexi._
454,OTU458,273,1,273,1438,485,757,100,438,1.48e-121,95.604,Proteobacteria,Alphaproteobacteria,Rhodobacterales,Rhodobacteraceae,_,_,JQ979003.1.1438,Bacteria,OTU458.Proteobacteria._
455,OTU459,273,1,273,1482,503,775,100,494,3.12e-138,99.267,Planctomycetota,Planctomycetes,Pirellulales,Pirellulaceae,Pirellula,uncultured|soil|bacterium,JX489973.1.1482,Bacteria,OTU459.Planctomycetota.Pirellula
456,OTU460,273,1,273,1451,473,745,100,494,3.12e-138,99.267,Chloroflexi,TK10,_,_,_,_,KX753046.1.1451,Bacteria,OTU460.Chloroflexi._
457,OTU461,273,1,273,1408,489,761,100,472,1.46e-131,97.802,Myxococcota,Myxococcia,Myxococcales,Anaeromyxobacteraceae,Anaeromyxobacter,_,FJ190063.1.1408,Bacteria,OTU461.Myxococcota.Anaeromyxobacter
458,OTU462,274,1,274,1469,492,764,100,455,1.48e-126,96.715,Chloroflexi,Chloroflexia,Kallotenuales,AKIW781,_,_,HQ120359.1.1469,Bacteria,OTU462.Chloroflexi._
459,OTU463,273,1,273,1500,513,786,100,427,3.21e-118,94.891,Proteobacteria,Alphaproteobacteria,Tistrellales,Geminicoccaceae,_,_,HQ864192.1.1500,Bacteria,OTU463.Proteobacteria._
460,OTU464,273,1,273,1367,404,676,100,449,6.86e-125,96.337,Planctomycetota,Planctomycetes,Planctomycetales,Rubinisphaeraceae,Planctomicrobium,_,GU119008.1.1367,Bacteria,OTU464.Planctomycetota.Planctomicrobium
461,OTU465,273,1,273,1469,489,761,100,466,6.81e-130,97.436,Armatimonadota,_,_,_,_,_,HQ863984.1.1469,Bacteria,OTU465.Armatimonadota._
462,OTU466,273,1,273,1458,489,761,100,438,1.48e-121,95.604,Chloroflexi,Anaerolineae,SBR1031,A4b,_,_,HQ120613.1.1458,Bacteria,OTU466.Chloroflexi._
463,OTU467,273,1,273,1536,541,813,100,494,3.12e-138,99.267,Verrucomicrobiota,Verrucomicrobiae,Opitutales,Opitutaceae,Opitutus,metagenome,FPLS01062878.19.1554,Bacteria,OTU467.Verrucomicrobiota.Opitutus
464,OTU468,273,1,273,1479,520,792,100,472,1.46e-131,97.802,Proteobacteria,Gammaproteobacteria,EPR3968-O8a-Bc78,uncultured|gamma|proteobacterium,_,_,HE804013.1.1479,Bacteria,OTU468.Proteobacteria._
465,OTU469,273,1,273,1513,535,807,100,494,3.12e-138,99.267,Acidobacteriota,Vicinamibacteria,Vicinamibacterales,_,_,_,JX280084.1.1513,Bacteria,OTU469.Acidobacteriota._
466,OTU470,273,1,273,912,465,737,100,494,3.12e-138,99.267,Thermoplasmatota,Thermoplasmata,Marine|Group|II,uncultured|archaeon,_,_,KC604510.1.912,Archaea,OTU470.Thermoplasmatota._
467,OTU471,273,1,273,1375,503,775,100,488,1.45e-136,98.901,Proteobacteria,Gammaproteobacteria,PLTA13,uncultured|gamma|proteobacterium,_,_,AM934944.1.1375,Bacteria,OTU471.Proteobacteria._
468,OTU472,273,1,273,1493,514,786,100,488,1.45e-136,98.901,Actinobacteriota,Actinobacteria,Propionibacteriales,Nocardioidaceae,Nocardioides,_,KF037464.1.1493,Bacteria,OTU472.Actinobacteriota.Nocardioides
469,OTU473,273,1,273,1505,527,799,100,494,3.12e-138,99.267,Acidobacteriota,Vicinamibacteria,Vicinamibacterales,Vicinamibacteraceae,uncultured|Acidobacteria|bacterium,_,HQ598621.1.1505,Bacteria,OTU473.Acidobacteriota.uncultured|Acidobacteria|bacterium
470,OTU474,273,1,273,1494,522,794,100,494,3.12e-138,99.267,Proteobacteria,Gammaproteobacteria,Burkholderiales,Oxalobacteraceae,Noviherbaspirillum,_,KY287386.1.1494,Bacteria,OTU474.Proteobacteria.Noviherbaspirillum
471,OTU475,273,1,273,1503,522,794,100,494,3.12e-138,99.267,Proteobacteria,Gammaproteobacteria,HOC36,_,_,_,HG764477.1.1503,Bacteria,OTU475.Proteobacteria._
472,OTU476,274,1,274,1356,485,758,100,484,1.89e-135,98.54,Planctomycetota,Planctomycetes,Isosphaerales,Isosphaeraceae,_,_,MH041030.1.1356,Bacteria,OTU476.Planctomycetota._
473,OTU477,273,1,273,1494,501,773,100,488,1.45e-136,98.901,Firmicutes,Clostridia,Clostridiales,Clostridiaceae,Clostridium|sensu|stricto|1,Clostridium|sp.|DL-VIII,AFWX01000002.1658084.1659577,Bacteria,OTU477.Firmicutes.Clostridium|sensu|stricto|1
474,OTU478,273,1,273,1527,512,784,100,494,3.12e-138,99.267,Actinobacteriota,Actinobacteria,Pseudonocardiales,Pseudonocardiaceae,Saccharomonospora,Saccharomonospora|viridis|DSM|43017,CP001683.767227.768753,Bacteria,OTU478.Actinobacteriota.Saccharomonospora
475,OTU479,273,1,273,1490,505,777,100,488,1.45e-136,98.901,Planctomycetota,Planctomycetes,Pirellulales,Pirellulaceae,Pirellula,_,JQ800993.1.1490,Bacteria,OTU479.Planctomycetota.Pirellula
476,OTU480,273,1,273,1283,455,727,100,494,3.12e-138,99.267,Planctomycetota,Planctomycetes,Pirellulales,Pirellulaceae,Pir4|lineage,_,AM116753.1.1283,Bacteria,OTU480.Planctomycetota.Pir4|lineage
477,OTU481,273,2,273,1434,471,742,99,470,5.26e-131,97.794,Planctomycetota,Planctomycetes,Pirellulales,Pirellulaceae,Blastopirellula,_,KT223250.1.1434,Bacteria,OTU481.Planctomycetota.Blastopirellula
478,OTU482,135,1,135,1538,674,808,100,239,7.17e-62,98.519,Verrucomicrobiota,Verrucomicrobiae,Chthoniobacterales,Chthoniobacteraceae,Chthoniobacter,metagenome,FPLS01001103.12.1549,Bacteria,OTU482.Verrucomicrobiota.Chthoniobacter
479,OTU483,273,1,273,1339,464,736,100,477,3.15e-133,98.168,Armatimonadota,_,_,_,_,_,EU134979.1.1339,Bacteria,OTU483.Armatimonadota._
480,OTU484,273,1,273,1310,454,726,100,494,3.12e-138,99.267,Cyanobacteria,Cyanobacteriia,Leptolyngbyales,Leptolyngbyaceae,Leptolyngbya|ANT.L52.2,uncultured|Oscillatoriales|cyanobacterium,FJ790634.1.1310,Bacteria,OTU484.Cyanobacteria.Leptolyngbya|ANT.L52.2
481,OTU485,274,1,274,1260,410,683,100,424,4.17e-117,94.526,Chloroflexi,Anaerolineae,SBR1031,A4b,_,_,JN672270.1.1260,Bacteria,OTU485.Chloroflexi._
482,OTU486,273,1,273,1415,541,813,100,455,1.47e-126,96.703,Acidobacteriota,Thermoanaerobaculia,Thermoanaerobaculales,Thermoanaerobaculaceae,Subgroup|10,_,KM454327.1.1415,Bacteria,OTU486.Acidobacteriota.Subgroup|10
483,OTU487,273,1,273,1520,541,813,100,449,6.86e-125,96.337,NB1-j,uncultured|delta|proteobacterium,_,_,_,_,JX241004.1.1520,Bacteria,OTU487.NB1-j._
484,OTU488,273,1,273,914,467,739,100,483,6.76e-135,98.535,Thermoplasmatota,Thermoplasmata,Marine|Group|II,uncultured|archaeon,_,_,KX061126.1.914,Archaea,OTU488.Thermoplasmatota._
485,OTU489,273,1,273,1471,514,786,100,488,1.45e-136,98.901,Myxococcota,Polyangia,Haliangiales,Haliangiaceae,Haliangium,_,HM459635.1.1471,Bacteria,OTU489.Myxococcota.Haliangium
486,OTU490,273,1,273,1499,501,773,100,488,1.45e-136,98.901,Actinobacteriota,Actinobacteria,Propionibacteriales,Nocardioidaceae,Aeromicrobium,metagenome,FPLM01002183.6.1504,Bacteria,OTU490.Actinobacteriota.Aeromicrobium
487,OTU491,274,1,274,1518,506,779,100,484,1.89e-135,98.54,Actinobacteriota,Acidimicrobiia,Actinomarinales,_,_,_,KT905763.1.1518,Bacteria,OTU491.Actinobacteriota._
488,OTU492,273,1,273,1461,484,756,100,422,1.5e-116,94.505,Planctomycetota,Planctomycetes,Gemmatales,Gemmataceae,Fimbriiglobus,_,JX133515.1.1461,Bacteria,OTU492.Planctomycetota.Fimbriiglobus
489,OTU493,274,1,274,1322,453,725,100,433,6.93e-120,95.255,Cyanobacteria,Cyanobacteriia,Cyanobacteriales,Phormidiaceae,Lyngbya|PCC-7419,_,JX002316.1.1322,Bacteria,OTU493.Cyanobacteria.Lyngbya|PCC-7419
490,OTU494,273,1,273,1446,469,741,100,488,1.45e-136,98.901,Proteobacteria,Alphaproteobacteria,Sphingomonadales,Sphingomonadaceae,Sphingomonas,_,FJ479559.1.1446,Bacteria,OTU494.Proteobacteria.Sphingomonas
491,OTU495,273,1,273,1498,498,770,100,460,3.17e-128,97.07,Actinobacteriota,Actinobacteria,Micromonosporales,Micromonosporaceae,Actinoplanes,Actinoplanes|subtropicus,JOJL01000117.84.1581,Bacteria,OTU495.Actinobacteriota.Actinoplanes
492,OTU496,273,1,273,1475,518,790,100,460,3.17e-128,97.07,Acidobacteriota,Blastocatellia,DS-100,_,_,_,KF956492.1.1475,Bacteria,OTU496.Acidobacteriota._
493,OTU497,273,1,273,1517,537,809,100,455,1.47e-126,96.703,Acidobacteriota,Vicinamibacteria,Vicinamibacterales,Vicinamibacteraceae,uncultured|Acidobacteria|bacterium,_,KJ191853.1.1517,Bacteria,OTU497.Acidobacteriota.uncultured|Acidobacteria|bacterium
494,OTU498,273,1,273,1508,496,768,100,483,6.76e-135,98.535,Actinobacteriota,MB-A2-108,_,_,_,_,KC554912.1.1508,Bacteria,OTU498.Actinobacteriota._
495,OTU499,273,1,273,1447,471,743,100,488,1.45e-136,98.901,Proteobacteria,Alphaproteobacteria,Rhizobiales,Hyphomicrobiaceae,Pedomicrobium,_,FJ479237.1.1447,Bacteria,OTU499.Proteobacteria.Pedomicrobium
496,OTU500,273,2,273,1399,426,697,99,409,1.16e-112,93.75,Planctomycetota,Planctomycetes,Pirellulales,Pirellulaceae,Pir4|lineage,uncultured|planctomycete,HM798848.1.1399,Bacteria,OTU500.Planctomycetota.Pir4|lineage
497,OTU501,273,1,273,1541,529,801,100,494,3.12e-138,99.267,Actinobacteriota,Thermoleophilia,Solirubrobacterales,67-14,_,_,KC554214.1.1541,Bacteria,OTU501.Actinobacteriota._
498,OTU502,273,1,273,1430,452,724,100,477,3.15e-133,98.168,Proteobacteria,Alphaproteobacteria,Rhizobiales,Xanthobacteraceae,_,_,GQ263085.1.1430,Bacteria,OTU502.Proteobacteria._
499,OTU503,274,1,274,1352,479,753,100,484,1.89e-135,98.545,Actinobacteriota,Actinobacteria,Micromonosporales,Micromonosporaceae,Luedemannella,_,LN573322.1.1352,Bacteria,OTU503.Actinobacteriota.Luedemannella
500,OTU504,274,1,274,1519,540,813,100,501,1.87e-140,99.635,Acidobacteriota,Vicinamibacteria,Vicinamibacterales,Vicinamibacteraceae,_,_,JF718685.1.1519,Bacteria,OTU504.Acidobacteriota._
501,OTU505,273,1,273,1302,458,730,100,444,3.19e-123,95.971,Chloroflexi,Anaerolineae,Anaerolineales,Anaerolineaceae,Anaerolinea,uncultured|soil|bacterium,FQ659487.1.1302,Bacteria,OTU505.Chloroflexi.Anaerolinea
502,OTU506,273,1,273,1490,514,786,100,466,6.81e-130,97.436,Myxococcota,Polyangia,Nannocystales,Nannocystaceae,Nannocystis,Nannocystis|sp.|0558-ZXW50,JX073726.1.1490,Bacteria,OTU506.Myxococcota.Nannocystis
503,OTU507,273,1,273,1516,537,809,100,449,6.86e-125,96.337,Acidobacteriota,Thermoanaerobaculia,Thermoanaerobaculales,Thermoanaerobaculaceae,Subgroup|10,_,JQ712943.1.1516,Bacteria,OTU507.Acidobacteriota.Subgroup|10
504,OTU508,273,1,273,1422,496,768,100,477,3.15e-133,98.168,Chloroflexi,Anaerolineae,Anaerolineales,Anaerolineaceae,_,metagenome,FPLP01009845.9.1430,Bacteria,OTU508.Chloroflexi._
505,OTU509,273,1,273,1391,470,742,100,483,6.76e-135,98.535,Actinobacteriota,Thermoleophilia,Gaiellales,Gaiellaceae,Gaiella,_,AB486416.1.1391,Bacteria,OTU509.Actinobacteriota.Gaiella
506,OTU510,273,1,273,1520,535,807,100,483,6.76e-135,98.535,Desulfobacterota,Syntrophobacteria,Syntrophobacterales,Syntrophobacteraceae,Syntrophobacter,_,HQ190416.1.1520,Bacteria,OTU510.Desulfobacterota.Syntrophobacter
507,OTU511,273,1,273,1482,501,773,100,494,3.12e-138,99.267,Acidobacteriota,Vicinamibacteria,Vicinamibacterales,Vicinamibacteraceae,Luteitalea,_,KR560000.1.1482,Bacteria,OTU511.Acidobacteriota.Luteitalea
508,OTU512,272,1,272,1374,517,788,100,486,5.21e-136,98.897,Firmicutes,Bacilli,Paenibacillales,Paenibacillaceae,Paenibacillus,_,JF225451.1.1374,Bacteria,OTU512.Firmicutes.Paenibacillus
509,OTU513,273,1,273,922,103,375,100,444,3.19e-123,95.971,Thermoplasmatota,Thermoplasmata,Marine|Group|II,uncultured|euryarchaeote,_,_,EU888335.1.922,Archaea,OTU513.Thermoplasmatota._
510,OTU514,273,1,273,1495,511,783,100,472,1.46e-131,97.802,Planctomycetota,Planctomycetes,Pirellulales,Pirellulaceae,Pir4|lineage,_,JQ979025.1.1495,Bacteria,OTU514.Planctomycetota.Pir4|lineage
511,OTU515,273,1,273,1499,529,801,100,394,3.26e-108,92.701,Chloroflexi,Anaerolineae,Ardenticatenales,Ardenticatenaceae,Ardenticatena,uncultured|Chloroflexi|bacterium,KM018536.1.1499,Bacteria,OTU515.Chloroflexi.Ardenticatena
512,OTU516,273,1,273,1475,498,770,100,483,6.76e-135,98.535,Chloroflexi,Anaerolineae,SBR1031,A4b,_,_,JQ769730.1.1475,Bacteria,OTU516.Chloroflexi._
513,OTU517,272,1,272,1347,477,748,100,481,2.42e-134,98.529,Entotheonellaeota,Entotheonellia,Entotheonellales,Entotheonellaceae,Candidatus|Entotheonella,_,LN572982.1.1347,Bacteria,OTU517.Entotheonellaeota.Candidatus|Entotheonella
514,OTU518,273,1,273,1358,504,776,100,494,3.12e-138,99.267,Nitrospirota,Nitrospiria,Nitrospirales,Nitrospiraceae,Nitrospira,_,HE650030.1.1358,Bacteria,OTU518.Nitrospirota.Nitrospira
515,OTU519,273,1,273,1498,521,793,100,488,1.45e-136,98.901,Proteobacteria,Gammaproteobacteria,Pseudomonadales,Halomonadaceae,Halomonas|sp.|NO4,_,MK103896.1.1498,Bacteria,OTU519.Proteobacteria.Halomonas|sp.|NO4
516,OTU520,273,1,273,1331,478,750,100,494,3.12e-138,99.267,Chloroflexi,KD4-96,_,_,_,_,EU134196.1.1331,Bacteria,OTU520.Chloroflexi._
517,OTU521,273,1,273,1442,484,756,100,477,3.15e-133,98.168,Actinobacteriota,MB-A2-108,_,_,_,_,KY190469.1.1442,Bacteria,OTU521.Actinobacteriota._
518,OTU522,273,1,273,1494,514,788,100,484,1.88e-135,98.545,Actinobacteriota,Actinobacteria,0319-7L14,_,_,_,JQ978862.1.1494,Bacteria,OTU522.Actinobacteriota._
519,OTU523,273,1,273,1490,505,777,100,494,3.12e-138,99.267,Planctomycetota,Planctomycetes,Planctomycetales,Gimesiaceae,_,uncultured|Planctomyces|sp,FJ542997.1.1490,Bacteria,OTU523.Planctomycetota._
520,OTU524,273,1,273,1332,475,747,100,494,3.12e-138,99.267,Chloroflexi,Anaerolineae,Ardenticatenales,_,_,_,LN573072.1.1332,Bacteria,OTU524.Chloroflexi._
521,OTU525,273,1,273,1380,507,779,100,477,3.15e-133,98.168,Proteobacteria,Gammaproteobacteria,Xanthomonadales,Xanthomonadaceae,Luteimonas,_,LN562186.1.1380,Bacteria,OTU525.Proteobacteria.Luteimonas
522,OTU526,273,1,273,1477,516,788,100,433,6.91e-120,95.238,Gemmatimonadota,S0134|terrestrial|group,_,_,_,_,EF157218.1.1477,Bacteria,OTU526.Gemmatimonadota._
523,OTU527,273,1,273,1461,496,768,100,499,6.71e-140,99.634,Planctomycetota,Planctomycetes,Pirellulales,Pirellulaceae,Pir4|lineage,uncultured|planctomycete,JN409030.1.1461,Bacteria,OTU527.Planctomycetota.Pir4|lineage
524,OTU528,273,1,273,1315,351,623,100,499,6.71e-140,99.634,Acidobacteriota,Vicinamibacteria,Vicinamibacterales,Vicinamibacteraceae,metagenome,_,FPLS01007424.1.1315,Bacteria,OTU528.Acidobacteriota.metagenome
525,OTU529,273,1,273,1344,482,754,100,494,3.12e-138,99.267,Chloroflexi,Anaerolineae,SBR1031,A4b,uncultured|Chloroflexi|bacterium,_,AY921898.1.1344,Bacteria,OTU529.Chloroflexi.uncultured|Chloroflexi|bacterium
526,OTU530,273,1,273,1541,528,800,100,488,1.45e-136,98.901,Actinobacteriota,Thermoleophilia,Gaiellales,Gaiellaceae,Gaiella,_,KC554988.1.1541,Bacteria,OTU530.Actinobacteriota.Gaiella
527,OTU531,273,1,273,1504,520,792,100,466,6.81e-130,97.436,Bacteroidota,Bacteroidia,Cytophagales,Microscillaceae,_,metagenome,FPLS01029428.11.1514,Bacteria,OTU531.Bacteroidota._
528,OTU532,274,1,274,1350,480,754,100,484,1.89e-135,98.545,Proteobacteria,Alphaproteobacteria,Tistrellales,Geminicoccaceae,_,_,LN563386.1.1350,Bacteria,OTU532.Proteobacteria._
529,OTU533,273,2,273,1457,476,747,99,375,1.18e-102,91.544,Cyanobacteria,Cyanobacteriia,Cyanobacteriales,Nostocaceae,_,_,JQ769979.1.1457,Bacteria,OTU533.Cyanobacteria._
530,OTU534,273,1,273,1486,507,779,100,488,1.45e-136,98.901,Actinobacteriota,Actinobacteria,Nitriliruptorales,Nitriliruptoraceae,_,_,HQ397426.1.1486,Bacteria,OTU534.Actinobacteriota._
531,OTU535,273,1,273,1404,515,787,100,483,6.76e-135,98.535,Verrucomicrobiota,Verrucomicrobiae,Opitutales,Opitutaceae,Alterococcus,_,EU135429.1.1404,Bacteria,OTU535.Verrucomicrobiota.Alterococcus
532,OTU536,273,1,273,1417,476,748,100,460,3.17e-128,97.07,Planctomycetota,Planctomycetes,Pirellulales,Pirellulaceae,Rhodopirellula,uncultured|organism,JN536224.1.1417,Bacteria,OTU536.Planctomycetota.Rhodopirellula
533,OTU537,273,1,273,1480,490,762,100,494,3.12e-138,99.267,Planctomycetota,Planctomycetes,Gemmatales,Gemmataceae,Fimbriiglobus,_,HQ120465.1.1480,Bacteria,OTU537.Planctomycetota.Fimbriiglobus
534,OTU538,273,1,273,1349,478,750,100,483,6.76e-135,98.535,Gemmatimonadota,Gemmatimonadetes,Gemmatimonadales,Gemmatimonadaceae,_,_,EU134835.1.1349,Bacteria,OTU538.Gemmatimonadota._
535,OTU539,273,2,273,1422,496,767,99,431,2.48e-119,95.221,Chloroflexi,Chloroflexia,Thermomicrobiales,JG30-KF-CM45,_,_,JQ738763.1.1422,Bacteria,OTU539.Chloroflexi._
536,OTU540,273,1,273,1463,482,754,100,488,1.45e-136,98.901,Acidobacteriota,Acidobacteriae,Bryobacterales,Bryobacteraceae,Bryobacter,uncultured|Acidobacteria|bacterium,KJ191783.1.1463,Bacteria,OTU540.Acidobacteriota.Bryobacter
537,OTU541,273,1,273,1515,520,792,100,494,3.12e-138,99.267,Proteobacteria,Gammaproteobacteria,Burkholderiales,Nitrosomonadaceae,Ellin6067,metagenome,FPLS01043612.11.1525,Bacteria,OTU541.Proteobacteria.Ellin6067
538,OTU542,273,1,273,1394,520,792,100,483,6.76e-135,98.535,NB1-j,uncultured|Myxococcales|bacterium,_,_,_,_,AM935700.1.1394,Bacteria,OTU542.NB1-j._
539,OTU543,273,1,273,1320,462,734,100,488,1.45e-136,98.901,Proteobacteria,Alphaproteobacteria,_,uncultured|Rhodospirillaceae|bacterium,_,_,AM935712.1.1320,Bacteria,OTU543.Proteobacteria._
540,OTU544,273,1,273,1289,450,722,100,494,3.12e-138,99.267,Chloroflexi,Anaerolineae,SBR1031,A4b,_,_,HM921105.1.1289,Bacteria,OTU544.Chloroflexi._
541,OTU545,273,1,273,1366,510,782,100,494,3.12e-138,99.267,Actinobacteriota,Thermoleophilia,Solirubrobacterales,67-14,_,_,JF184096.1.1366,Bacteria,OTU545.Actinobacteriota._
542,OTU546,273,1,273,1374,431,703,100,483,6.76e-135,98.535,Proteobacteria,Alphaproteobacteria,Kiloniellales,Kiloniellaceae,Pelagibius,uncultured|Alphaproteobacteria|bacterium,JN825381.1.1374,Bacteria,OTU546.Proteobacteria.Pelagibius
543,OTU547,273,1,273,1505,468,740,100,494,3.12e-138,99.267,Cyanobacteria,Cyanobacteriia,Cyanobacteriales,Desertifilaceae,Oscillatoria,Oscillatoria|tenuis|SERB|8,KM982557.1.1505,Bacteria,OTU547.Cyanobacteria.Oscillatoria
544,OTU548,273,1,273,1431,460,732,100,466,6.81e-130,97.436,Chloroflexi,KD4-96,_,_,_,_,HQ844554.1.1431,Bacteria,OTU548.Chloroflexi._
545,OTU549,273,1,273,1507,528,800,100,488,1.45e-136,98.901,Proteobacteria,Gammaproteobacteria,Xanthomonadales,Xanthomonadaceae,Lysobacter,_,JQ978804.1.1507,Bacteria,OTU549.Proteobacteria.Lysobacter
546,OTU550,273,1,273,1498,517,788,100,481,2.43e-134,98.535,Gemmatimonadota,Gemmatimonadetes,Gemmatimonadales,Gemmatimonadaceae,_,_,JQ978812.1.1498,Bacteria,OTU550.Gemmatimonadota._
547,OTU551,273,1,273,_,_,_,_,_,_,_,Chloroflexi,Anaerolineae,Anaerolineales,Anaerolineaceae,_,uncultured|bacterium|,AF234134.1.1356,Bacteria,OTU551.Chloroflexi._
548,OTU552,146,1,146,1351,626,771,100,254,2.82e-66,97.945,Bacteroidota,Bacteroidia,Cytophagales,Hymenobacteraceae,Pontibacter,_,JQ408069.1.1351,Bacteria,OTU552.Bacteroidota.Pontibacter
549,OTU553,273,1,273,1426,470,742,100,488,1.45e-136,98.901,Proteobacteria,Alphaproteobacteria,Alphaproteobacteria|Incertae|Sedis,Unknown|Family,Acuticoccus,uncultured|Alphaproteobacteria|bacterium,JN038224.1.1426,Bacteria,OTU553.Proteobacteria.Acuticoccus
550,OTU554,273,1,273,1435,517,789,100,433,6.91e-120,95.238,Desulfobacterota,Syntrophobacteria,Syntrophobacterales,Syntrophobacteraceae,_,sulfate-reducing|bacterium|EZ-2C2,AJ012598.1.1435,Bacteria,OTU554.Desulfobacterota._
551,OTU555,272,1,272,1500,522,793,100,475,1.13e-132,98.162,Firmicutes,Bacilli,Brevibacillales,Brevibacillaceae,Brevibacillus,Brevibacillus|sp.|CHY01,KX022123.1.1500,Bacteria,OTU555.Firmicutes.Brevibacillus
552,OTU556,273,1,273,1538,542,814,100,460,3.17e-128,97.07,Chloroflexi,Anaerolineae,Ardenticatenales,_,_,_,KM823711.1.1538,Bacteria,OTU556.Chloroflexi._
553,OTU557,273,1,273,1512,500,772,100,494,3.12e-138,99.267,Acidobacteriota,Vicinamibacteria,Subgroup|17,_,_,_,FJ152709.1.1512,Bacteria,OTU557.Acidobacteriota._
554,OTU558,274,1,274,1324,458,731,100,429,8.97e-119,94.891,Chloroflexi,Anaerolineae,SBR1031,A4b,_,_,JF266054.1.1324,Bacteria,OTU558.Chloroflexi._
555,OTU559,273,1,273,1382,496,768,100,411,3.24e-113,93.773,Planctomycetota,Planctomycetes,Gemmatales,Gemmataceae,_,_,EU135106.1.1382,Bacteria,OTU559.Planctomycetota._
556,OTU560,273,1,273,1491,523,795,100,460,3.17e-128,97.07,Verrucomicrobiota,Verrucomicrobiae,Pedosphaerales,Pedosphaeraceae,uncultured|subdivision|3|bacterium,_,KJ540859.1.1491,Bacteria,OTU560.Verrucomicrobiota.uncultured|subdivision|3|bacterium
557,OTU561,273,1,273,1290,492,764,100,477,3.15e-133,98.175,Actinobacteriota,Actinobacteria,Propionibacteriales,Propionibacteriaceae,_,_,JX079106.1.1290,Bacteria,OTU561.Actinobacteriota._
558,OTU562,274,1,274,1515,538,810,100,399,7.03e-110,93.066,Gemmatimonadota,S0134|terrestrial|group,_,_,_,_,JQ825031.1.1515,Bacteria,OTU562.Gemmatimonadota._
559,OTU563,273,1,273,1506,528,800,100,488,1.45e-136,98.901,Acidobacteriota,Vicinamibacteria,Vicinamibacterales,Vicinamibacteraceae,uncultured|Acidobacteria|bacterium,_,HQ598567.1.1506,Bacteria,OTU563.Acidobacteriota.uncultured|Acidobacteria|bacterium
560,OTU564,273,1,273,1417,499,771,100,483,6.76e-135,98.535,Planctomycetota,Planctomycetes,Planctomycetales,Rubinisphaeraceae,SH-PL14,metagenome,FPLS01017735.2.1418,Bacteria,OTU564.Planctomycetota.SH-PL14
561,OTU565,273,1,273,1351,499,771,100,488,1.45e-136,98.901,Bacteroidota,Bacteroidia,Cytophagales,Hymenobacteraceae,Pontibacter,_,JQ408069.1.1351,Bacteria,OTU565.Bacteroidota.Pontibacter
562,OTU566,273,2,273,1529,552,823,99,431,2.48e-119,95.221,Firmicutes,Bacilli,Bacillales,Salisediminibacteriaceae,Salipaludibacillus,uncultured|Virgibacillus|sp,JN860415.1.1529,Bacteria,OTU566.Firmicutes.Salipaludibacillus
563,OTU567,273,1,273,1461,480,752,100,494,3.12e-138,99.267,Proteobacteria,Alphaproteobacteria,Kiloniellales,Kiloniellaceae,Tagaea,_,KJ578027.1.1461,Bacteria,OTU567.Proteobacteria.Tagaea
564,OTU568,273,1,273,1488,507,780,100,494,3.12e-138,99.27,Planctomycetota,Planctomycetes,Planctomycetales,_,uncultured|planctomycete,_,EU753676.1.1488,Bacteria,OTU568.Planctomycetota.uncultured|planctomycete
565,OTU569,273,1,273,1493,503,775,100,416,6.96e-115,94.203,Chloroflexi,Anaerolineae,SBR1031,_,_,_,JQ996674.1.1493,Bacteria,OTU569.Chloroflexi._
566,OTU570,273,1,273,1348,472,744,100,483,6.76e-135,98.535,Gemmatimonadota,Gemmatimonadetes,Gemmatimonadales,Gemmatimonadaceae,_,uncultured|Gemmatimonadales|bacterium,AM935162.1.1348,Bacteria,OTU570.Gemmatimonadota._
567,OTU571,273,1,273,1480,536,809,100,488,1.45e-136,98.905,Chloroflexi,Anaerolineae,Ardenticatenales,_,uncultured|soil|bacterium,_,AY493958.1.1480,Bacteria,OTU571.Chloroflexi.uncultured|soil|bacterium
568,OTU572,273,1,273,1511,532,804,100,499,6.71e-140,99.634,Acidobacteriota,Vicinamibacteria,Subgroup|17,_,_,_,KC331473.1.1511,Bacteria,OTU572.Acidobacteriota._
569,OTU573,273,1,273,1514,536,808,100,494,3.12e-138,99.267,Acidobacteriota,Vicinamibacteria,Vicinamibacterales,Vicinamibacteraceae,_,_,FJ478895.1.1514,Bacteria,OTU573.Acidobacteriota._
570,OTU574,273,1,273,1457,495,767,100,488,1.45e-136,98.901,Acidobacteriota,Holophagae,Subgroup|7,_,_,_,GQ214099.1.1457,Bacteria,OTU574.Acidobacteriota._
571,OTU575,273,1,273,1342,484,756,100,494,3.12e-138,99.267,Acidobacteriota,Blastocatellia,Blastocatellales,Blastocatellaceae,Blastocatella,_,HM276222.1.1342,Bacteria,OTU575.Acidobacteriota.Blastocatella
572,OTU576,273,1,273,1516,534,806,100,460,3.17e-128,97.07,Acidobacteriota,Thermoanaerobaculia,Thermoanaerobaculales,Thermoanaerobaculaceae,Subgroup|10,uncultured|Acidobacteria|bacterium,KC329607.1.1516,Bacteria,OTU576.Acidobacteriota.Subgroup|10
573,OTU577,273,1,273,1492,486,758,100,483,6.76e-135,98.535,Planctomycetota,Planctomycetes,Gemmatales,Gemmataceae,Gemmata,_,JN869159.1.1492,Bacteria,OTU577.Planctomycetota.Gemmata
574,OTU578,273,1,273,1465,504,777,100,405,1.51e-111,93.431,Chloroflexi,Anaerolineae,SBR1031,_,_,_,JQ800911.1.1465,Bacteria,OTU578.Chloroflexi._
575,OTU579,273,1,273,1457,471,743,100,455,1.47e-126,96.703,Proteobacteria,Alphaproteobacteria,Defluviicoccales,Defluviicoccaceae,Defluviicoccus,_,JQ738784.1.1457,Bacteria,OTU579.Proteobacteria.Defluviicoccus
576,OTU580,273,1,273,1479,501,773,100,438,1.48e-121,95.604,Planctomycetota,Phycisphaerae,Tepidisphaerales,WD2101|soil|group,uncultured|planctomycete,_,EU979098.1.1479,Bacteria,OTU580.Planctomycetota.uncultured|planctomycete
577,OTU581,273,1,273,1434,455,727,100,472,1.46e-131,97.802,Cyanobacteria,Cyanobacteriia,Cyanobacteriales,_,uncultured|cyanobacterium,_,KC463673.1.1434,Bacteria,OTU581.Cyanobacteria.uncultured|cyanobacterium
578,OTU582,273,1,273,1509,529,801,100,483,6.76e-135,98.535,Actinobacteriota,Thermoleophilia,Gaiellales,Gaiellaceae,Gaiella,_,FJ479462.1.1509,Bacteria,OTU582.Actinobacteriota.Gaiella
579,OTU583,273,1,273,1403,524,796,100,438,1.48e-121,95.604,Verrucomicrobiota,Verrucomicrobiae,Pedosphaerales,Pedosphaeraceae,_,_,HM186571.1.1403,Bacteria,OTU583.Verrucomicrobiota._
580,OTU584,273,1,273,1450,468,740,100,494,3.12e-138,99.267,Proteobacteria,Alphaproteobacteria,Rhizobiales,Rhizobiaceae,Aminobacter,uncultured|Mesorhizobium|sp,FJ542966.1.1450,Bacteria,OTU584.Proteobacteria.Aminobacter
581,OTU585,273,1,273,1445,468,740,100,494,3.12e-138,99.267,Proteobacteria,Alphaproteobacteria,Rhizobiales,Xanthobacteraceae,Pseudorhodoplanes,uncultured|Alphaproteobacteria|bacterium,JN038643.1.1445,Bacteria,OTU585.Proteobacteria.Pseudorhodoplanes
582,OTU586,273,1,273,1469,503,775,100,416,6.96e-115,94.182,Chloroflexi,Anaerolineae,Anaerolineales,Anaerolineaceae,_,_,HQ697833.1.1469,Bacteria,OTU586.Chloroflexi._
583,OTU587,273,1,273,1270,481,753,100,449,6.86e-125,96.337,Armatimonadota,_,_,_,_,_,EF516491.1.1270,Bacteria,OTU587.Armatimonadota._
584,OTU588,273,1,273,1452,495,767,100,472,1.46e-131,97.802,Chloroflexi,Anaerolineae,Caldilineales,Caldilineaceae,_,uncultured|Chloroflexi|bacterium,HM799013.1.1452,Bacteria,OTU588.Chloroflexi._
585,OTU589,273,1,273,1564,577,849,100,494,3.12e-138,99.267,Verrucomicrobiota,Verrucomicrobiae,Verrucomicrobiales,Rubritaleaceae,Luteolibacter,_,GU305823.1.1564,Bacteria,OTU589.Verrucomicrobiota.Luteolibacter
586,OTU590,121,1,119,1532,511,629,98,220,2.26e-56,100,Actinobacteriota,Actinobacteria,Frankiales,Geodermatophilaceae,Modestobacter,Modestobacter|caceresii,JPMX01000078.150.1681,Bacteria,OTU590.Actinobacteriota.Modestobacter
587,OTU591,273,1,273,1518,533,805,100,494,3.12e-138,99.267,Methylomirabilota,Methylomirabilia,Rokubacteriales,WX65,_,_,JQ978967.1.1518,Bacteria,OTU591.Methylomirabilota._
588,OTU592,273,1,273,1382,450,722,100,444,3.19e-123,95.985,Actinobacteriota,Actinobacteria,Micromonosporales,Micromonosporaceae,Longispora,uncultured|actinobacterium,JN825539.1.1382,Bacteria,OTU592.Actinobacteriota.Longispora
589,OTU593,274,1,274,1433,474,747,100,496,8.72e-139,99.27,Planctomycetota,Planctomycetes,_,_,_,_,JQ311889.1.1433,Bacteria,OTU593.Planctomycetota._
590,OTU594,273,1,273,1442,476,748,100,494,3.12e-138,99.267,Chloroflexi,Chloroflexia,Chloroflexales,Roseiflexaceae,_,uncultured|Chloroflexaceae|bacterium,KJ191934.1.1442,Bacteria,OTU594.Chloroflexi._
591,OTU595,273,1,273,1356,486,758,100,483,6.76e-135,98.535,Acidobacteriota,Acidobacteriae,Bryobacterales,Bryobacteraceae,Bryobacter,uncultured|Solibacteraceae|bacterium,FM209154.1.1356,Bacteria,OTU595.Acidobacteriota.Bryobacter
592,OTU596,273,1,273,1483,497,770,100,483,6.76e-135,98.54,Planctomycetota,Planctomycetes,Pirellulales,Pirellulaceae,Pir4|lineage,_,HQ397566.1.1483,Bacteria,OTU596.Planctomycetota.Pir4|lineage
593,OTU597,273,1,273,1422,482,754,100,494,3.12e-138,99.267,Chloroflexi,Anaerolineae,SBR1031,_,_,_,GQ202634.1.1422,Bacteria,OTU597.Chloroflexi._
594,OTU598,273,1,273,1487,505,777,100,494,3.12e-138,99.267,Actinobacteriota,Actinobacteria,Micrococcales,Microbacteriaceae,Agromyces,_,FJ479046.1.1487,Bacteria,OTU598.Actinobacteriota.Agromyces
595,OTU599,273,1,273,1396,520,792,100,483,6.76e-135,98.535,Gemmatimonadota,BD2-11|terrestrial|group,uncultured|Gemmatimonadetes|bacterium,_,_,_,AM935174.1.1396,Bacteria,OTU599.Gemmatimonadota._
596,OTU600,273,1,273,1465,497,769,100,472,1.46e-131,97.802,Chloroflexi,Anaerolineae,SBR1031,A4b,_,_,AM490728.1.1465,Bacteria,OTU600.Chloroflexi._
597,OTU601,293,1,293,1209,489,781,100,520,5.57e-146,98.635,Actinobacteriota,Acidimicrobiia,Microtrichales,Ilumatobacteraceae,Ilumatobacter,_,HQ011565.1.1209,Bacteria,OTU601.Actinobacteriota.Ilumatobacter
598,OTU602,273,1,273,1514,529,801,100,472,1.46e-131,97.802,Actinobacteriota,Thermoleophilia,Gaiellales,Gaiellaceae,Gaiella,_,GQ396948.1.1514,Bacteria,OTU602.Actinobacteriota.Gaiella
599,OTU603,273,1,273,1520,544,816,100,494,3.12e-138,99.267,Chloroflexi,Anaerolineae,Ardenticatenales,_,_,_,JQ801284.1.1520,Bacteria,OTU603.Chloroflexi._
600,OTU604,273,1,273,1282,450,722,100,477,3.15e-133,98.168,Proteobacteria,Alphaproteobacteria,Rhodobacterales,Rhodobacteraceae,Wenxinia,_,JF108026.1.1282,Bacteria,OTU604.Proteobacteria.Wenxinia
601,OTU605,274,1,274,1486,505,778,100,484,1.89e-135,98.54,Actinobacteriota,Acidimicrobiia,Microtrichales,Microtrichaceae,_,uncultured|Actinomycetales|bacterium,JX240747.1.1486,Bacteria,OTU605.Actinobacteriota._
602,OTU606,273,1,273,1349,489,761,100,472,1.46e-131,97.802,Chloroflexi,Anaerolineae,SBR1031,A4b,uncultured|Chloroflexi|bacterium,_,AY921879.1.1349,Bacteria,OTU606.Chloroflexi.uncultured|Chloroflexi|bacterium
603,OTU607,273,1,273,1520,523,795,100,494,3.12e-138,99.267,Chloroflexi,Anaerolineae,Ardenticatenales,_,_,_,KC191775.1.1520,Bacteria,OTU607.Chloroflexi._
604,OTU608,273,1,273,1551,537,809,100,488,1.45e-136,98.901,Acidobacteriota,Vicinamibacteria,Subgroup|17,_,_,_,KC541074.1.1551,Bacteria,OTU608.Acidobacteriota._
605,OTU609,273,1,273,1438,478,750,100,488,1.45e-136,98.901,Planctomycetota,Planctomycetes,Pirellulales,Pirellulaceae,Pirellula,uncultured|planctomycete,JN409258.1.1438,Bacteria,OTU609.Planctomycetota.Pirellula
606,OTU610,272,1,272,1474,497,768,100,492,1.12e-137,99.265,Entotheonellaeota,Entotheonellia,Entotheonellales,Entotheonellaceae,Candidatus|Entotheonella,uncultured|Candidatus|Entotheonella|sp,AY897120.1.1474,Bacteria,OTU610.Entotheonellaeota.Candidatus|Entotheonella
607,OTU611,273,1,273,1471,487,759,100,488,1.45e-136,98.901,Chloroflexi,KD4-96,metagenome,_,_,_,FPLL01001877.15.1485,Bacteria,OTU611.Chloroflexi._
608,OTU612,274,1,274,1250,486,759,100,435,1.93e-120,95.255,Actinobacteriota,Acidimicrobiia,Microtrichales,_,_,_,JF267661.1.1250,Bacteria,OTU612.Actinobacteriota._
609,OTU613,274,1,274,1460,487,760,100,462,8.84e-129,97.08,Actinobacteriota,Acidimicrobiia,Microtrichales,Iamiaceae,Iamia,_,GQ263233.1.1460,Bacteria,OTU613.Actinobacteriota.Iamia
610,OTU614,274,1,274,1483,505,778,100,424,4.17e-117,94.526,Planctomycetota,Planctomycetes,Isosphaerales,Isosphaeraceae,_,_,KF912965.1.1483,Bacteria,OTU614.Planctomycetota._
611,OTU615,273,1,273,1450,482,754,100,411,3.24e-113,93.773,Chloroflexi,Anaerolineae,Ardenticatenales,_,_,_,HQ120814.1.1450,Bacteria,OTU615.Chloroflexi._
612,OTU616,273,1,273,1511,534,806,100,488,1.45e-136,98.901,Firmicutes,Bacilli,Bacillales,Bacillaceae,Bacillus,_,AM930318.1.1511,Bacteria,OTU616.Firmicutes.Bacillus
613,OTU617,273,1,273,1458,480,752,100,488,1.45e-136,98.901,Proteobacteria,Alphaproteobacteria,Rhizobiales,Rhizobiales|Incertae|Sedis,Bauldia,_,JF268389.1.1458,Bacteria,OTU617.Proteobacteria.Bauldia
614,OTU618,273,1,273,1363,493,765,100,488,1.45e-136,98.901,Myxococcota,Polyangia,Polyangiales,BIrii41,_,_,EU134467.1.1363,Bacteria,OTU618.Myxococcota._
615,OTU619,273,1,273,1267,450,722,100,488,1.45e-136,98.901,Actinobacteriota,Actinobacteria,Pseudonocardiales,Pseudonocardiaceae,Actinophytocola,_,KC775453.1.1267,Bacteria,OTU619.Actinobacteriota.Actinophytocola
616,OTU620,273,1,273,1485,505,777,100,488,1.45e-136,98.901,Actinobacteriota,Actinobacteria,Micrococcales,Cellulomonadaceae,Cellulomonas,_,JQ978988.1.1485,Bacteria,OTU620.Actinobacteriota.Cellulomonas
617,OTU621,273,1,264,1434,426,688,97,427,3.21e-118,95.865,Planctomycetota,Planctomycetes,Pirellulales,Pirellulaceae,Pir4|lineage,_,JN178761.1.1434,Bacteria,OTU621.Planctomycetota.Pir4|lineage
618,OTU622,273,1,273,1462,510,782,100,429,8.93e-119,94.872,Actinobacteriota,Thermoleophilia,Solirubrobacterales,67-14,uncultured|soil|bacterium,_,AF423269.1.1462,Bacteria,OTU622.Actinobacteriota.uncultured|soil|bacterium
619,OTU623,273,1,273,1532,537,809,100,494,3.12e-138,99.267,Acidobacteriota,Vicinamibacteria,Vicinamibacterales,Vicinamibacteraceae,Vicinamibacter,metagenome,FPLS01047491.11.1542,Bacteria,OTU623.Acidobacteriota.Vicinamibacter
620,OTU624,275,1,275,1350,486,759,100,462,8.88e-129,97.091,Planctomycetota,Planctomycetes,Isosphaerales,Isosphaeraceae,_,_,HM263019.1.1350,Bacteria,OTU624.Planctomycetota._
621,OTU625,273,1,273,1514,503,775,100,455,1.47e-126,96.703,Actinobacteriota,MB-A2-108,_,_,_,_,KC554230.1.1514,Bacteria,OTU625.Actinobacteriota._
622,OTU626,273,1,273,1491,507,779,100,466,6.81e-130,97.436,Planctomycetota,Planctomycetes,Planctomycetales,_,uncultured|Planctomyces|sp,_,FJ543020.1.1491,Bacteria,OTU626.Planctomycetota.uncultured|Planctomyces|sp
623,OTU627,273,1,273,1327,487,759,100,472,1.46e-131,97.802,Chloroflexi,Anaerolineae,SBR1031,uncultured|Chloroflexi|bacterium,_,_,AB638625.1.1327,Bacteria,OTU627.Chloroflexi._
624,OTU629,274,1,274,1522,537,810,100,473,4.09e-132,97.81,Gemmatimonadota,S0134|terrestrial|group,uncultured|Gemmatimonadetes|bacterium,_,_,_,EU979091.1.1522,Bacteria,OTU629.Gemmatimonadota._
625,OTU630,273,1,273,1491,505,778,100,466,6.81e-130,97.445,Planctomycetota,Planctomycetes,Pirellulales,Pirellulaceae,Rhodopirellula,_,EU786149.1.1491,Bacteria,OTU630.Planctomycetota.Rhodopirellula
626,OTU631,273,1,273,1428,498,769,100,459,1.14e-127,97.07,Planctomycetota,Planctomycetes,Pirellulales,Pirellulaceae,Pir4|lineage,_,GU118871.1.1428,Bacteria,OTU631.Planctomycetota.Pir4|lineage
627,OTU632,273,1,273,1507,532,804,100,405,1.51e-111,93.431,Proteobacteria,Gammaproteobacteria,HOC36,uncultured|gamma|proteobacterium,_,_,JF343980.1.1507,Bacteria,OTU632.Proteobacteria._
628,OTU633,273,1,273,1351,498,770,100,472,1.46e-131,97.802,Chloroflexi,Anaerolineae,SBR1031,A4b,_,_,EU134149.1.1351,Bacteria,OTU633.Chloroflexi._
629,OTU634,274,1,274,1406,526,799,100,490,4.06e-137,98.905,Sumerlaeota,Sumerlaeia,Sumerlaeales,Sumerlaeaceae,Sumerlaea,_,HQ120337.1.1406,Bacteria,OTU634.Sumerlaeota.Sumerlaea
630,OTU635,273,1,273,1478,498,770,100,499,6.71e-140,99.634,Actinobacteriota,Actinobacteria,Propionibacteriales,Nocardioidaceae,Nocardioides,_,JQ978954.1.1478,Bacteria,OTU635.Actinobacteriota.Nocardioides
631,OTU636,274,1,274,1349,485,758,100,435,1.93e-120,95.255,Planctomycetota,Planctomycetes,Isosphaerales,Isosphaeraceae,_,uncultured|Planctomycetales|bacterium,AM935706.1.1349,Bacteria,OTU636.Planctomycetota._
632,OTU637,273,6,273,1273,403,670,98,385,1.96e-105,92.537,Planctomycetota,Phycisphaerae,Phycisphaerales,Phycisphaeraceae,AKYG587,_,JN672063.1.1273,Bacteria,OTU637.Planctomycetota.AKYG587
633,OTU638,274,1,274,1275,465,737,100,427,3.23e-118,94.891,Planctomycetota,Planctomycetes,Gemmatales,Gemmataceae,_,_,EU135180.1.1275,Bacteria,OTU638.Planctomycetota._
634,OTU639,273,1,273,1509,514,786,100,488,1.45e-136,98.901,Myxococcota,Polyangia,Nannocystales,Nannocystaceae,Nannocystis,metagenome,FPLP01012581.15.1523,Bacteria,OTU639.Myxococcota.Nannocystis
635,OTU640,273,1,273,1349,346,618,100,466,6.81e-130,97.436,Planctomycetota,Planctomycetes,Pirellulales,Pirellulaceae,Rhodopirellula,metagenome,FPLS01001419.1.1349,Bacteria,OTU640.Planctomycetota.Rhodopirellula
636,OTU641,274,1,274,1481,469,742,100,490,4.06e-137,98.905,Actinobacteriota,Acidimicrobiia,Microtrichales,_,_,_,JQ426020.1.1481,Bacteria,OTU641.Actinobacteriota._
637,OTU642,273,1,273,1498,519,791,100,444,3.19e-123,95.971,Proteobacteria,Gammaproteobacteria,HOC36,_,_,_,KF799120.1.1498,Bacteria,OTU642.Proteobacteria._
638,OTU643,274,1,274,1380,547,820,100,496,8.72e-139,99.27,Acidobacteriota,Blastocatellia,Pyrinomonadales,Pyrinomonadaceae,RB41,uncultured|Acidobacteria|bacterium,AY281355.1.1380,Bacteria,OTU643.Acidobacteriota.RB41
639,OTU644,273,1,273,1450,485,757,100,494,3.12e-138,99.267,Chloroflexi,TK10,_,_,_,_,JX079209.1.1450,Bacteria,OTU644.Chloroflexi._
640,OTU645,273,1,273,1493,506,778,100,499,6.71e-140,99.634,Planctomycetota,Planctomycetes,Pirellulales,Pirellulaceae,Pirellula,_,GQ472367.1.1493,Bacteria,OTU645.Planctomycetota.Pirellula
641,OTU646,273,1,273,1404,536,808,100,460,3.17e-128,97.07,Acidobacteriota,Thermoanaerobaculia,Thermoanaerobaculales,Thermoanaerobaculaceae,Subgroup|10,_,EF020070.1.1404,Bacteria,OTU646.Acidobacteriota.Subgroup|10
642,OTU647,273,1,273,1520,541,813,100,488,1.45e-136,98.901,Acidobacteriota,Vicinamibacteria,Subgroup|9,_,_,_,JX221835.1.1520,Bacteria,OTU647.Acidobacteriota._
643,OTU648,273,1,273,953,425,697,100,455,1.47e-126,96.703,Thermoplasmatota,Thermoplasmata,Marine|Group|II,uncultured|archaeon,_,_,HQ910241.1.953,Archaea,OTU648.Thermoplasmatota._
644,OTU649,273,1,273,1278,298,570,100,488,1.45e-136,98.901,Proteobacteria,Alphaproteobacteria,Rhizobiales,_,_,_,DQ537530.1.1278,Bacteria,OTU649.Proteobacteria._
645,OTU650,273,1,273,1458,466,738,100,494,3.12e-138,99.267,Crenarchaeota,Nitrososphaeria,Nitrosopumilales,Nitrosopumilaceae,Candidatus|Nitrosopumilus,Nitrosopumilus|sp.|Nsub,LQMW01000026.5821.7278,Archaea,OTU650.Crenarchaeota.Candidatus|Nitrosopumilus
646,OTU651,273,1,273,1457,481,753,100,472,1.46e-131,97.802,Acidobacteriota,Acidobacteriae,Bryobacterales,Bryobacteraceae,Bryobacter,uncultured|soil|bacterium,JX490036.1.1457,Bacteria,OTU651.Acidobacteriota.Bryobacter
647,OTU652,273,1,273,1512,534,806,100,499,6.71e-140,99.634,Acidobacteriota,Vicinamibacteria,Vicinamibacterales,_,_,_,FJ479031.1.1512,Bacteria,OTU652.Acidobacteriota._
648,OTU653,273,1,273,1518,537,809,100,460,3.17e-128,97.07,Desulfobacterota,Desulfuromonadia,Desulfuromonadales,Geoalkalibacteraceae,Geoalkalibacter,_,KF964607.1.1518,Bacteria,OTU653.Desulfobacterota.Geoalkalibacter
649,OTU654,273,1,273,1416,490,762,100,446,8.87e-124,95.971,Chloroflexi,TK10,_,_,_,_,JQ738760.1.1416,Bacteria,OTU654.Chloroflexi._
650,OTU655,273,1,273,1369,429,701,100,499,6.71e-140,99.634,Cyanobacteria,Cyanobacteriia,Cyanobacteriales,Nostocaceae,Sphaerospermopsis|BCCUSP55,Dolichospermum|flos-aquae,AF317628.1.1369,Bacteria,OTU655.Cyanobacteria.Sphaerospermopsis|BCCUSP55
651,OTU656,273,1,273,1471,489,761,100,488,1.45e-136,98.901,Planctomycetota,Planctomycetes,Planctomycetales,Rubinisphaeraceae,Planctomicrobium,uncultured|soil|bacterium,EU589320.1.1471,Bacteria,OTU656.Planctomycetota.Planctomicrobium
652,OTU657,273,1,270,1314,457,726,99,444,3.19e-123,96.296,Planctomycetota,Phycisphaerae,Tepidisphaerales,uncultured|Planctomycetales|bacterium,_,_,AM936264.1.1314,Bacteria,OTU657.Planctomycetota._
653,OTU658,273,1,273,1492,521,793,100,472,1.46e-131,97.81,Proteobacteria,Gammaproteobacteria,Burkholderiales,SC-I-84,uncultured|Burkholderiales|bacterium,_,KJ191993.1.1492,Bacteria,OTU658.Proteobacteria.uncultured|Burkholderiales|bacterium
654,OTU659,273,1,273,1483,519,791,100,477,3.15e-133,98.168,Bacteroidota,Bacteroidia,Cytophagales,Microscillaceae,_,uncultured|Bacteroidetes|bacterium,EU753657.1.1483,Bacteria,OTU659.Bacteroidota._
655,OTU660,273,1,273,1307,468,740,100,449,6.86e-125,96.337,Chloroflexi,Anaerolineae,SBR1031,_,_,_,EU134178.1.1307,Bacteria,OTU660.Chloroflexi._
656,OTU661,273,1,273,1541,529,801,100,466,6.81e-130,97.436,Actinobacteriota,Thermoleophilia,Solirubrobacterales,Solirubrobacteraceae,Solirubrobacter,_,KC554356.1.1541,Bacteria,OTU661.Actinobacteriota.Solirubrobacter
657,OTU662,273,1,273,1486,506,778,100,444,3.19e-123,95.985,Gemmatimonadota,Gemmatimonadetes,Gemmatimonadales,Gemmatimonadaceae,_,_,JQ769792.1.1486,Bacteria,OTU662.Gemmatimonadota._
658,OTU663,273,1,273,1480,520,792,100,433,6.91e-120,95.238,Entotheonellaeota,Entotheonellia,Entotheonellales,Entotheonellaceae,_,_,KX172521.1.1480,Bacteria,OTU663.Entotheonellaeota._
659,OTU664,273,1,273,1373,494,766,100,455,1.47e-126,96.703,Planctomycetota,Planctomycetes,Gemmatales,Gemmataceae,_,_,JF178889.1.1373,Bacteria,OTU664.Planctomycetota._
660,OTU665,273,1,273,1470,497,769,100,339,1.55e-91,89.011,Chloroflexi,Anaerolineae,Caldilineales,Caldilineaceae,_,uncultured|Chloroflexus|sp,MG552022.1.1470,Bacteria,OTU665.Chloroflexi._
661,OTU666,274,1,274,1349,471,744,100,496,8.72e-139,99.27,Actinobacteriota,Acidimicrobiia,Microtrichales,_,_,_,JN615880.1.1349,Bacteria,OTU666.Actinobacteriota._
662,OTU667,274,1,274,1335,484,757,100,490,4.06e-137,98.905,Chloroflexi,Anaerolineae,SBR1031,_,_,_,EU134118.1.1335,Bacteria,OTU667.Chloroflexi._
663,OTU668,121,1,121,1448,482,602,100,224,1.75e-57,100,Actinobacteriota,Actinobacteria,Corynebacteriales,Mycobacteriaceae,Mycobacterium,uncultured|Mycobacterium|sp,JX080263.1.1448,Bacteria,OTU668.Actinobacteriota.Mycobacterium
664,OTU669,274,1,274,1443,430,703,100,484,1.89e-135,98.54,Proteobacteria,Alphaproteobacteria,Rhizobiales,C2U,_,_,JQ426900.1.1443,Bacteria,OTU669.Proteobacteria._
665,OTU670,273,1,273,1465,498,770,100,449,6.86e-125,96.35,Chloroflexi,Anaerolineae,SBR1031,A4b,_,_,HQ697680.1.1465,Bacteria,OTU670.Chloroflexi._
666,OTU671,273,1,273,1521,531,803,100,483,6.76e-135,98.535,Proteobacteria,Gammaproteobacteria,Burkholderiales,Nitrosomonadaceae,MND1,_,JF429074.1.1521,Bacteria,OTU671.Proteobacteria.MND1
667,OTU672,273,1,273,1522,539,811,100,488,1.45e-136,98.901,Myxococcota,Myxococcia,Myxococcales,Anaeromyxobacteraceae,Anaeromyxobacter,_,EU881101.1.1522,Bacteria,OTU672.Myxococcota.Anaeromyxobacter
668,OTU673,274,1,274,1521,536,809,100,496,8.72e-139,99.27,Gemmatimonadota,S0134|terrestrial|group,_,_,_,_,JF833697.1.1521,Bacteria,OTU673.Gemmatimonadota._
669,OTU674,273,1,273,1489,502,774,100,494,3.12e-138,99.267,Planctomycetota,Planctomycetes,Pirellulales,Pirellulaceae,Pirellula,uncultured|Pirellula|sp,JF833731.1.1489,Bacteria,OTU674.Planctomycetota.Pirellula
670,OTU675,273,1,273,1371,503,775,100,388,1.52e-106,92.308,Planctomycetota,Planctomycetes,Gemmatales,Gemmataceae,_,_,EU135223.1.1371,Bacteria,OTU675.Planctomycetota._
671,OTU676,273,1,273,1388,516,788,100,460,3.17e-128,97.07,Acidobacteriota,Subgroup|22,_,_,_,_,EU132096.1.1388,Bacteria,OTU676.Acidobacteriota._
672,OTU677,274,1,274,1519,506,779,100,496,8.72e-139,99.27,Actinobacteriota,Acidimicrobiia,_,_,_,_,KC554203.1.1519,Bacteria,OTU677.Actinobacteriota._
673,OTU678,273,1,273,1483,517,789,100,455,1.47e-126,96.703,Chloroflexi,Anaerolineae,Caldilineales,Caldilineaceae,_,uncultured|Chloroflexi|bacterium,DQ811875.1.1483,Bacteria,OTU678.Chloroflexi._
674,OTU679,273,1,273,1476,492,764,100,494,3.12e-138,99.267,Gemmatimonadota,Gemmatimonadetes,Gemmatimonadales,Gemmatimonadaceae,_,uncultured|Alphaproteobacteria|bacterium,EU979110.1.1476,Bacteria,OTU679.Gemmatimonadota._
675,OTU680,273,1,273,1397,413,683,100,436,5.34e-121,95.604,Verrucomicrobiota,Verrucomicrobiae,Pedosphaerales,Pedosphaeraceae,_,_,HQ118661.1.1397,Bacteria,OTU680.Verrucomicrobiota._
676,OTU681,273,1,273,1363,483,755,100,488,1.45e-136,98.901,Myxococcota,Polyangia,Haliangiales,Haliangiaceae,Haliangium,uncultured|Kofleria|sp,AB679973.1.1363,Bacteria,OTU681.Myxococcota.Haliangium
677,OTU682,273,1,273,1404,467,739,100,477,3.15e-133,98.168,Proteobacteria,Gammaproteobacteria,EPR3968-O8a-Bc78,_,_,_,JQ337622.1.1404,Bacteria,OTU682.Proteobacteria._
678,OTU683,273,1,273,1512,540,812,100,472,1.46e-131,97.802,Latescibacterota,_,_,_,_,_,JN038633.1.1512,Bacteria,OTU683.Latescibacterota._
679,OTU684,273,1,273,1448,472,744,100,477,3.15e-133,98.168,Proteobacteria,Alphaproteobacteria,Reyranellales,Reyranellaceae,Reyranella,uncultured|Alphaproteobacteria|bacterium,GQ120641.1.1448,Bacteria,OTU684.Proteobacteria.Reyranella
680,OTU685,273,1,273,1378,503,775,100,438,1.48e-121,95.604,Actinobacteriota,Actinobacteria,Propionibacteriales,Nocardioidaceae,Nocardioides,_,DQ298292.1.1378,Bacteria,OTU685.Actinobacteriota.Nocardioides
681,OTU686,273,1,273,1480,520,792,100,477,3.15e-133,98.168,Entotheonellaeota,Entotheonellia,Entotheonellales,Entotheonellaceae,_,_,KX172521.1.1480,Bacteria,OTU686.Entotheonellaeota._
682,OTU687,273,1,273,1458,490,762,100,350,7.16e-95,89.855,Chloroflexi,Anaerolineae,SBR1031,A4b,_,_,JQ769789.1.1458,Bacteria,OTU687.Chloroflexi._
683,OTU688,273,1,273,1485,516,788,100,449,6.86e-125,96.337,Chloroflexi,Anaerolineae,Caldilineales,Caldilineaceae,_,uncultured|Chloroflexi|bacterium,JN038247.1.1485,Bacteria,OTU688.Chloroflexi._
684,OTU689,273,2,273,1383,522,793,99,370,5.49e-101,91.176,Chloroflexi,Anaerolineae,Ardenticatenales,_,_,_,KM454348.1.1383,Bacteria,OTU689.Chloroflexi._
685,OTU691,273,1,273,1551,542,814,100,483,6.76e-135,98.535,Proteobacteria,Gammaproteobacteria,Gammaproteobacteria|Incertae|Sedis,Unknown|Family,_,_,JN977284.1.1551,Bacteria,OTU691.Proteobacteria._
686,OTU692,273,1,273,1366,510,782,100,460,3.17e-128,97.07,Actinobacteriota,Thermoleophilia,Solirubrobacterales,67-14,_,_,HM248824.1.1366,Bacteria,OTU692.Actinobacteriota._
687,OTU693,273,1,273,1379,517,789,100,494,3.12e-138,99.267,Verrucomicrobiota,Verrucomicrobiae,Chthoniobacterales,Chthoniobacteraceae,Chthoniobacter,_,JF096995.1.1379,Bacteria,OTU693.Verrucomicrobiota.Chthoniobacter
688,OTU694,273,1,273,1442,494,766,100,494,3.12e-138,99.267,Proteobacteria,Gammaproteobacteria,Burkholderiales,Nitrosomonadaceae,MND1,_,GQ261308.1.1442,Bacteria,OTU694.Proteobacteria.MND1
689,OTU695,273,1,273,1510,530,802,100,488,1.45e-136,98.901,Myxococcota,Polyangia,Polyangiales,Phaselicystidaceae,Phaselicystis,_,FJ478708.1.1510,Bacteria,OTU695.Myxococcota.Phaselicystis
690,OTU696,273,1,273,1384,503,775,100,499,6.71e-140,99.634,Methylomirabilota,Methylomirabilia,Rokubacteriales,_,_,_,JF265956.1.1384,Bacteria,OTU696.Methylomirabilota._
691,OTU697,273,1,273,1465,468,740,100,488,1.45e-136,98.901,Proteobacteria,Alphaproteobacteria,Tistrellales,Geminicoccaceae,Geminicoccus,Geminicoccus|roseus|DSM|18922,ATYL01000002.3594901.3596365,Bacteria,OTU697.Proteobacteria.Geminicoccus
692,OTU698,273,1,273,1492,521,793,100,488,1.45e-136,98.901,Proteobacteria,Gammaproteobacteria,Burkholderiales,Oxalobacteraceae,Massilia,_,KX508986.1.1492,Bacteria,OTU698.Proteobacteria.Massilia
693,OTU699,273,1,273,1502,502,774,100,488,1.45e-136,98.901,Actinobacteriota,Actinobacteria,Micrococcales,Promicromonosporaceae,Cellulosimicrobium,Cellulosimicrobium|cellulans|LMG|16121,CAOI01000359.318.1819,Bacteria,OTU699.Actinobacteriota.Cellulosimicrobium
694,OTU700,273,1,273,1505,528,800,100,460,3.17e-128,97.07,Proteobacteria,Gammaproteobacteria,Burkholderiales,Nitrosomonadaceae,MND1,uncultured|beta|proteobacterium,FJ517011.1.1505,Bacteria,OTU700.Proteobacteria.MND1
695,OTU701,273,1,273,1493,520,792,100,460,3.17e-128,97.07,Bacteroidota,Rhodothermia,Rhodothermales,Rhodothermaceae,_,_,KF964583.1.1493,Bacteria,OTU701.Bacteroidota._
696,OTU702,273,1,273,1460,498,770,100,494,3.12e-138,99.267,Chloroflexi,Chloroflexia,Thermomicrobiales,JG30-KF-CM45,_,_,JQ978845.1.1460,Bacteria,OTU702.Chloroflexi._
697,OTU703,273,1,273,1499,519,791,100,466,6.81e-130,97.436,Proteobacteria,Gammaproteobacteria,Pseudomonadales,KI89A|clade,_,_,KT952676.1.1499,Bacteria,OTU703.Proteobacteria._
698,OTU704,273,1,273,1484,519,791,100,466,6.81e-130,97.436,Bacteroidota,Bacteroidia,Cytophagales,Cyclobacteriaceae,_,uncultured|Bacteroidetes|bacterium,HQ857681.1.1484,Bacteria,OTU704.Bacteroidota._
699,OTU705,273,1,273,1413,476,748,100,477,3.15e-133,98.168,Chloroflexi,Anaerolineae,Caldilineales,Caldilineaceae,_,_,JQ311907.1.1413,Bacteria,OTU705.Chloroflexi._
700,OTU706,273,1,273,1460,516,788,100,494,3.12e-138,99.267,Myxococcota,Myxococcia,Myxococcales,Myxococcaceae,_,_,AB696146.1.1460,Bacteria,OTU706.Myxococcota._
701,OTU707,273,1,273,1506,506,778,100,494,3.12e-138,99.267,Actinobacteriota,Actinobacteria,Micromonosporales,Micromonosporaceae,_,metagenome,FPLS01062107.9.1514,Bacteria,OTU707.Actinobacteriota._
702,OTU708,273,1,273,1509,535,807,100,494,3.12e-138,99.267,Firmicutes,Bacilli,Bacillales,Marinococcaceae,Bacillaceae|bacterium|BM62,_,KT999394.1.1509,Bacteria,OTU708.Firmicutes.Bacillaceae|bacterium|BM62
703,OTU709,273,1,273,1502,536,808,100,444,3.19e-123,95.971,Acidobacteriota,Thermoanaerobaculia,Thermoanaerobaculales,Thermoanaerobaculaceae,Subgroup|10,_,AY703465.1.1502,Bacteria,OTU709.Acidobacteriota.Subgroup|10
704,OTU710,273,1,273,1518,542,814,100,449,6.86e-125,96.337,NB1-j,_,_,_,_,_,KF836249.1.1518,Bacteria,OTU710.NB1-j._
705,OTU711,273,1,273,1427,426,698,100,316,7.26e-85,87.636,Planctomycetota,OM190,metagenome,_,_,_,FPLP01002156.16.1442,Bacteria,OTU711.Planctomycetota._
706,OTU712,273,1,273,1405,455,727,100,488,1.45e-136,98.901,Proteobacteria,Alphaproteobacteria,Rhodobacterales,Rhodobacteraceae,Maribius,Maribius|pelagius,DQ514326.1.1405,Bacteria,OTU712.Proteobacteria.Maribius
707,OTU713,273,1,273,1337,471,743,100,488,1.45e-136,98.901,Proteobacteria,Alphaproteobacteria,_,_,_,_,EF018877.1.1337,Bacteria,OTU713.Proteobacteria._
708,OTU714,273,1,273,1326,481,753,100,483,6.76e-135,98.535,Chloroflexi,Chloroflexia,Thermomicrobiales,JG30-KF-CM45,_,_,JQ408063.1.1326,Bacteria,OTU714.Chloroflexi._
709,OTU715,273,1,273,1487,501,773,100,416,6.96e-115,94.139,Acidobacteriota,Subgroup|21,_,_,_,_,JN802266.1.1487,Bacteria,OTU715.Acidobacteriota._
710,OTU716,272,1,272,1412,478,749,100,486,5.21e-136,98.897,Firmicutes,Clostridia,Peptostreptococcales-Tissierellales,Thermotaleaceae,Anaerosolibacter,Anaerosolibacter|carboniphilus,KF601947.1.1412,Bacteria,OTU716.Firmicutes.Anaerosolibacter
711,OTU717,273,1,273,1498,519,791,100,433,6.91e-120,95.238,Bacteroidota,Rhodothermia,Rhodothermales,Rhodothermaceae,_,_,GU056052.1.1498,Bacteria,OTU717.Bacteroidota._
712,OTU718,273,1,273,1482,511,783,100,477,3.15e-133,98.168,Chloroflexi,Chloroflexia,Chloroflexales,Roseiflexaceae,_,uncultured|soil|bacterium,EU589284.1.1482,Bacteria,OTU718.Chloroflexi._
713,OTU719,273,1,273,1464,505,777,100,488,1.45e-136,98.901,Desulfobacterota,Desulfuromonadia,Desulfuromonadales,Desulfuromonadaceae,_,_,JF699492.1.1464,Bacteria,OTU719.Desulfobacterota._
714,OTU720,273,1,273,1342,472,744,100,488,1.45e-136,98.901,Proteobacteria,Alphaproteobacteria,_,_,_,_,LN569972.1.1342,Bacteria,OTU720.Proteobacteria._
715,OTU721,273,1,273,1331,461,733,100,494,3.12e-138,99.267,Planctomycetota,Planctomycetes,Gemmatales,Gemmataceae,Gemmata,_,EU135078.1.1331,Bacteria,OTU721.Planctomycetota.Gemmata
716,OTU722,273,1,273,1447,483,755,100,488,1.45e-136,98.901,Planctomycetota,Planctomycetes,Pirellulales,Pirellulaceae,Pirellula,uncultured|planctomycete,JN408918.1.1447,Bacteria,OTU722.Planctomycetota.Pirellula
717,OTU723,273,1,273,1345,349,621,100,466,6.81e-130,97.436,Actinobacteriota,Thermoleophilia,Gaiellales,_,metagenome,_,FPLS01000268.1.1345,Bacteria,OTU723.Actinobacteriota.metagenome
718,OTU724,273,1,273,1499,511,783,100,416,6.96e-115,94.139,Planctomycetota,Planctomycetes,Gemmatales,Gemmataceae,_,_,KM200564.1.1499,Bacteria,OTU724.Planctomycetota._
719,OTU725,273,1,273,1482,501,773,100,488,1.45e-136,98.901,Acidobacteriota,Blastocatellia,Blastocatellales,Blastocatellaceae,Blastocatella,uncultured|Acidobacteria|bacterium,HM565059.1.1482,Bacteria,OTU725.Acidobacteriota.Blastocatella
720,OTU726,273,1,273,1458,487,759,100,455,1.47e-126,96.703,Planctomycetota,Phycisphaerae,Tepidisphaerales,WD2101|soil|group,uncultured|Planctomycetia|bacterium,_,JX114462.1.1458,Bacteria,OTU726.Planctomycetota.uncultured|Planctomycetia|bacterium
721,OTU727,273,1,273,1381,459,731,100,449,6.86e-125,96.337,Firmicutes,Symbiobacteriia,Symbiobacteriales,Symbiobacteraceae,_,_,AB488168.1.1381,Bacteria,OTU727.Firmicutes._
722,OTU728,273,1,273,1521,539,811,100,494,3.12e-138,99.267,Methylomirabilota,Methylomirabilia,Rokubacteriales,_,_,_,FJ479051.1.1521,Bacteria,OTU728.Methylomirabilota._
723,OTU729,273,1,273,1310,452,724,100,455,1.47e-126,96.703,Proteobacteria,Alphaproteobacteria,Rhizobiales,Beijerinckiaceae,_,_,GQ065523.1.1310,Bacteria,OTU729.Proteobacteria._
724,OTU730,273,1,273,1450,470,742,100,488,1.45e-136,98.901,Proteobacteria,Alphaproteobacteria,Rhizobiales,Rhizobiaceae,Aurantimonas,Aurantimonas|aggregata,KY984095.1.1450,Bacteria,OTU730.Proteobacteria.Aurantimonas
725,OTU731,273,1,273,1512,498,770,100,494,3.12e-138,99.267,Actinobacteriota,Actinobacteria,Pseudonocardiales,Pseudonocardiaceae,Saccharothrix,Saccharothrix|texasensis,AF114814.1.1512,Bacteria,OTU731.Actinobacteriota.Saccharothrix
726,OTU732,273,1,273,1474,513,785,100,488,1.45e-136,98.901,Firmicutes,Bacilli,Bacillales,Planococcaceae,Jeotgalibacillus,_,KC777207.1.1474,Bacteria,OTU732.Firmicutes.Jeotgalibacillus
727,OTU733,273,1,273,1476,493,765,100,488,1.45e-136,98.901,Gemmatimonadota,Gemmatimonadetes,Gemmatimonadales,Gemmatimonadaceae,_,_,JQ801081.1.1476,Bacteria,OTU733.Gemmatimonadota._
728,OTU734,273,1,273,1455,507,779,100,466,6.81e-130,97.436,Acidobacteriota,Thermoanaerobaculia,Thermoanaerobaculales,Thermoanaerobaculaceae,Subgroup|10,_,HE653859.1.1455,Bacteria,OTU734.Acidobacteriota.Subgroup|10
729,OTU735,273,1,273,1313,445,717,100,466,6.81e-130,97.436,Proteobacteria,Alphaproteobacteria,Azospirillales,Azospirillaceae,Skermanella,uncultured|Skermanella|sp,JF968488.1.1313,Bacteria,OTU735.Proteobacteria.Skermanella
730,OTU736,274,1,274,1489,509,782,100,490,4.06e-137,98.905,Actinobacteriota,Acidimicrobiia,Actinomarinales,_,uncultured|actinobacterium,_,HQ183925.1.1489,Bacteria,OTU736.Actinobacteriota.uncultured|actinobacterium
731,OTU737,273,1,273,1487,506,778,100,494,3.12e-138,99.267,Planctomycetota,Planctomycetes,Planctomycetales,Rubinisphaeraceae,SH-PL14,_,KC238388.1.1487,Bacteria,OTU737.Planctomycetota.SH-PL14
732,OTU738,273,1,273,1466,476,748,100,488,1.45e-136,98.901,Actinobacteriota,Actinobacteria,Micromonosporales,Micromonosporaceae,Dactylosporangium,Dactylosporangium|salmoneum,D86938.1.1466,Bacteria,OTU738.Actinobacteriota.Dactylosporangium
733,OTU739,273,1,273,1302,487,759,100,438,1.48e-121,95.604,Planctomycetota,Planctomycetes,Gemmatales,Gemmataceae,_,_,EU135254.1.1302,Bacteria,OTU739.Planctomycetota._
734,OTU740,274,1,274,1476,466,739,100,479,8.78e-134,98.175,Actinobacteriota,Acidimicrobiia,Microtrichales,_,_,_,JQ427280.1.1476,Bacteria,OTU740.Actinobacteriota._
735,OTU741,274,1,274,1515,499,772,100,446,8.91e-124,95.985,Gemmatimonadota,PAUC43f|marine|benthic|group,_,_,_,_,JQ426305.1.1515,Bacteria,OTU741.Gemmatimonadota._
736,OTU742,273,1,273,1376,459,731,100,494,3.12e-138,99.267,Bacteroidota,Bacteroidia,Cytophagales,Cyclobacteriaceae,Marivirga,_,HQ916604.1.1376,Bacteria,OTU742.Bacteroidota.Marivirga
737,OTU743,274,1,274,1525,544,817,100,473,4.09e-132,97.81,Gemmatimonadota,BD2-11|terrestrial|group,_,_,_,_,KY609406.1.1525,Bacteria,OTU743.Gemmatimonadota._
738,OTU744,273,1,273,1339,478,751,100,488,1.45e-136,98.905,Chloroflexi,Anaerolineae,Caldilineales,Caldilineaceae,_,_,LN562857.1.1339,Bacteria,OTU744.Chloroflexi._
739,OTU745,274,1,274,1507,521,794,100,484,1.89e-135,98.54,Sumerlaeota,Sumerlaeia,Sumerlaeales,Sumerlaeaceae,Sumerlaea,_,JQ978842.1.1507,Bacteria,OTU745.Sumerlaeota.Sumerlaea
740,OTU747,273,1,273,952,425,697,100,427,3.21e-118,94.891,Thermoplasmatota,Thermoplasmata,Marine|Group|II,uncultured|archaeon,_,_,AY396005.1.952,Archaea,OTU747.Thermoplasmatota._
741,OTU748,273,1,273,1457,487,759,100,494,3.12e-138,99.267,Chloroflexi,Dehalococcoidia,S085,_,_,_,KF712734.1.1457,Bacteria,OTU748.Chloroflexi._
742,OTU749,273,1,273,1420,462,734,100,494,3.12e-138,99.267,Acidobacteriota,Acidobacteriae,Bryobacterales,Bryobacteraceae,Bryobacter,_,LC026877.1.1420,Bacteria,OTU749.Acidobacteriota.Bryobacter
743,OTU750,273,1,273,1457,482,754,100,427,3.21e-118,94.872,Proteobacteria,Alphaproteobacteria,Rhizobiales,Methyloligellaceae,_,_,HM598218.1.1457,Bacteria,OTU750.Proteobacteria._
744,OTU751,273,1,273,1480,499,771,100,472,1.46e-131,97.802,Gemmatimonadota,Gemmatimonadetes,Gemmatimonadales,Gemmatimonadaceae,_,_,JQ978896.1.1480,Bacteria,OTU751.Gemmatimonadota._
745,OTU752,273,1,273,1334,479,751,100,472,1.46e-131,97.81,Chloroflexi,KD4-96,_,_,_,_,LN573063.1.1334,Bacteria,OTU752.Chloroflexi._
746,OTU753,273,1,273,1368,507,779,100,488,1.45e-136,98.901,Myxococcota,Polyangia,Polyangiales,Sandaracinaceae,_,_,JF198860.1.1368,Bacteria,OTU753.Myxococcota._
747,OTU754,273,1,273,1491,521,793,100,488,1.45e-136,98.901,Proteobacteria,Gammaproteobacteria,Burkholderiales,Comamonadaceae,Comamonas,_,HQ166645.1.1491,Bacteria,OTU754.Proteobacteria.Comamonas
748,OTU755,273,1,273,1456,506,778,100,416,6.96e-115,94.139,Acidobacteriota,Thermoanaerobaculia,Thermoanaerobaculales,Thermoanaerobaculaceae,Subgroup|10,_,HE653827.1.1456,Bacteria,OTU755.Acidobacteriota.Subgroup|10
749,OTU756,273,2,273,1443,438,709,99,427,3.21e-118,94.853,Planctomycetota,Planctomycetes,Gemmatales,Gemmataceae,Gemmata,uncultured|endolithic|bacterium,AB473908.1.1443,Bacteria,OTU756.Planctomycetota.Gemmata
750,OTU757,274,1,274,1351,486,759,100,440,4.14e-122,95.62,Planctomycetota,Planctomycetes,Isosphaerales,Isosphaeraceae,_,_,HM278484.1.1351,Bacteria,OTU757.Planctomycetota._
751,OTU758,274,1,274,1360,489,762,100,484,1.89e-135,98.54,Actinobacteriota,Acidimicrobiia,Actinomarinales,_,_,_,LN563021.1.1360,Bacteria,OTU758.Actinobacteriota._
752,OTU759,273,1,273,1531,546,818,100,494,3.12e-138,99.267,Acidobacteriota,Subgroup|25,_,_,_,_,HQ190284.1.1531,Bacteria,OTU759.Acidobacteriota._
753,OTU760,273,1,273,1407,470,742,100,427,3.21e-118,94.891,Planctomycetota,Planctomycetes,Pirellulales,Pirellulaceae,Pir4|lineage,_,KF268797.1.1407,Bacteria,OTU760.Planctomycetota.Pir4|lineage
754,OTU761,273,2,273,1325,486,757,99,436,5.34e-121,95.588,Chloroflexi,Chloroflexia,Thermomicrobiales,JG30-KF-CM45,_,_,JF139487.1.1325,Bacteria,OTU761.Chloroflexi._
755,OTU762,273,1,273,1489,506,778,100,494,3.12e-138,99.267,Planctomycetota,Planctomycetes,Gemmatales,Gemmataceae,_,uncultured|soil|bacterium,EU589316.1.1489,Bacteria,OTU762.Planctomycetota._
756,OTU763,273,1,273,1384,491,763,100,477,3.15e-133,98.168,Planctomycetota,Planctomycetes,Gemmatales,Gemmataceae,_,_,EU135145.1.1384,Bacteria,OTU763.Planctomycetota._
757,OTU764,273,1,273,1478,520,792,100,455,1.47e-126,96.703,Latescibacterota,_,_,_,_,_,AJ863228.1.1478,Bacteria,OTU764.Latescibacterota._
758,OTU765,273,1,273,1391,452,724,100,488,1.45e-136,98.901,Proteobacteria,Alphaproteobacteria,Rhodobacterales,Rhodobacteraceae,Rubellimicrobium,_,LC026814.1.1391,Bacteria,OTU765.Proteobacteria.Rubellimicrobium
759,OTU766,273,1,273,1510,534,806,100,488,1.45e-136,98.901,Acidobacteriota,Vicinamibacteria,Vicinamibacterales,Vicinamibacteraceae,_,_,JQ825072.1.1510,Bacteria,OTU766.Acidobacteriota._
760,OTU767,273,1,273,1331,432,704,100,483,6.76e-135,98.535,Proteobacteria,Alphaproteobacteria,Rhizobiales,Beijerinckiaceae,Methylobacterium-Methylorubrum,uncultured|Alphaproteobacteria|bacterium,JQ627550.1.1331,Bacteria,OTU767.Proteobacteria.Methylobacterium-Methylorubrum
761,OTU768,273,1,273,1487,499,771,100,444,3.19e-123,95.971,Acidobacteriota,Vicinamibacteria,Vicinamibacterales,_,uncultured|Acidobacteriales|bacterium,_,EU276479.1.1487,Bacteria,OTU768.Acidobacteriota.uncultured|Acidobacteriales|bacterium
762,OTU769,273,1,273,1518,537,809,100,499,6.71e-140,99.634,Acidobacteriota,Blastocatellia,11-24,_,_,_,JQ769978.1.1518,Bacteria,OTU769.Acidobacteriota._
763,OTU770,273,1,273,1446,470,742,100,488,1.45e-136,98.901,Proteobacteria,Alphaproteobacteria,Rhizobiales,Rhodomicrobiaceae,Rhodomicrobium,_,JQ978930.1.1446,Bacteria,OTU770.Proteobacteria.Rhodomicrobium
764,OTU771,273,1,273,1341,479,751,100,494,3.12e-138,99.267,Planctomycetota,Planctomycetes,Planctomycetales,_,_,_,KC432215.1.1341,Bacteria,OTU771.Planctomycetota._
765,OTU772,273,1,273,1444,474,746,100,499,6.71e-140,99.634,Actinobacteriota,Actinobacteria,Micromonosporales,Micromonosporaceae,Actinoplanes,Actinoplanes|ianthinogenes,AJ277576.1.1444,Bacteria,OTU772.Actinobacteriota.Actinoplanes
766,OTU773,273,1,273,1490,512,784,100,422,1.5e-116,94.505,Actinobacteriota,Actinobacteria,0319-7L14,_,_,_,JQ978867.1.1490,Bacteria,OTU773.Actinobacteriota._
767,OTU774,273,1,273,1457,504,776,100,488,1.45e-136,98.901,Proteobacteria,Gammaproteobacteria,Burkholderiales,B1-7BS,_,_,KM456142.1.1457,Bacteria,OTU774.Proteobacteria._
768,OTU775,273,1,273,1454,473,745,100,472,1.46e-131,97.802,Cyanobacteria,Cyanobacteriia,Phormidesmiales,Phormidesmiaceae,Phormidium|MBIC10003,_,JQ801095.1.1454,Bacteria,OTU775.Cyanobacteria.Phormidium|MBIC10003
769,OTU776,274,1,274,1494,510,783,100,468,1.9e-130,97.445,Planctomycetota,Planctomycetes,Isosphaerales,Isosphaeraceae,_,uncultured|Singulisphaera|sp,HQ674911.1.1494,Bacteria,OTU776.Planctomycetota._
770,OTU777,274,1,274,1488,505,778,100,490,4.06e-137,98.905,Actinobacteriota,Acidimicrobiia,IMCC26256,_,_,_,GQ396929.1.1488,Bacteria,OTU777.Actinobacteriota._
771,OTU778,273,1,273,1470,510,783,100,477,3.15e-133,98.175,Actinobacteriota,Thermoleophilia,Solirubrobacterales,67-14,uncultured|actinobacterium,_,JN409049.1.1470,Bacteria,OTU778.Actinobacteriota.uncultured|actinobacterium
772,OTU779,273,1,272,1488,493,764,99,436,5.34e-121,95.62,Chloroflexi,TK10,_,_,_,_,JX079347.1.1488,Bacteria,OTU779.Chloroflexi._
773,OTU780,273,1,273,1220,221,493,100,455,1.47e-126,96.703,Myxococcota,Polyangia,Polyangiales,Sandaracinaceae,_,metagenome,FPLS01002939.1.1220,Bacteria,OTU780.Myxococcota._
774,OTU781,273,1,273,1289,484,756,100,477,3.15e-133,98.168,Proteobacteria,Alphaproteobacteria,Kiloniellales,Kiloniellaceae,_,uncultured|Rhodospirillaceae|bacterium,KC009862.1.1289,Bacteria,OTU781.Proteobacteria._
775,OTU782,273,1,273,914,467,739,100,466,6.81e-130,97.436,Crenarchaeota,Nitrososphaeria,Nitrosopumilales,Nitrosopumilaceae,Candidatus|Nitrosopelagicus,uncultured|archaeon,JQ396269.1.914,Archaea,OTU782.Crenarchaeota.Candidatus|Nitrosopelagicus
776,OTU783,273,1,273,1460,498,770,100,355,1.54e-96,90.182,Chloroflexi,Anaerolineae,Ardenticatenales,_,_,_,JF344544.1.1460,Bacteria,OTU783.Chloroflexi._
777,OTU784,273,1,273,952,425,697,100,466,6.81e-130,97.436,Thermoplasmatota,Thermoplasmata,Marine|Group|II,uncultured|archaeon,_,_,AY396005.1.952,Archaea,OTU784.Thermoplasmatota._
778,OTU785,289,1,289,1495,486,774,100,512,9.18e-144,98.616,Gemmatimonadota,Gemmatimonadetes,Gemmatimonadales,Gemmatimonadaceae,_,_,KX753134.1.1495,Bacteria,OTU785.Gemmatimonadota._
779,OTU786,273,1,273,1403,471,743,100,483,6.76e-135,98.535,Firmicutes,Bacilli,Alicyclobacillales,Alicyclobacillaceae,Tumebacillus,bacterium|S1(2012),JQ028130.1.1403,Bacteria,OTU786.Firmicutes.Tumebacillus
780,OTU787,273,1,273,1513,498,770,100,488,1.45e-136,98.901,Actinobacteriota,Actinobacteria,Micromonosporales,Micromonosporaceae,Actinoplanes,_,KC554520.1.1513,Bacteria,OTU787.Actinobacteriota.Actinoplanes
781,OTU788,274,1,274,1349,485,758,100,457,4.12e-127,96.727,Planctomycetota,Planctomycetes,Isosphaerales,Isosphaeraceae,_,uncultured|Planctomycetales|bacterium,AM935706.1.1349,Bacteria,OTU788.Planctomycetota._
782,OTU789,273,1,273,1452,457,729,100,494,3.12e-138,99.267,Chloroflexi,Anaerolineae,SBR1031,A4b,_,_,JQ426979.1.1452,Bacteria,OTU789.Chloroflexi._
783,OTU790,273,1,273,1376,511,783,100,494,3.12e-138,99.267,Myxococcota,Polyangia,Polyangiales,Sandaracinaceae,_,_,EU134552.1.1376,Bacteria,OTU790.Myxococcota._
784,OTU791,273,1,273,1227,463,735,100,438,1.48e-121,95.604,Gemmatimonadota,Gemmatimonadetes,Gemmatimonadales,Gemmatimonadaceae,_,_,KF697516.1.1227,Bacteria,OTU791.Gemmatimonadota._
785,OTU792,273,1,273,1516,499,771,100,488,1.45e-136,98.901,Actinobacteriota,Actinobacteria,Micromonosporales,Micromonosporaceae,Catellatospora,Catellatospora|tagetis,KJ522750.1.1516,Bacteria,OTU792.Actinobacteriota.Catellatospora
786,OTU793,273,1,273,1521,542,814,100,494,3.12e-138,99.267,Proteobacteria,Gammaproteobacteria,Xanthomonadales,Xanthomonadaceae,Lysobacter,_,JQ978871.1.1521,Bacteria,OTU793.Proteobacteria.Lysobacter
787,OTU794,273,1,273,1424,479,751,100,466,6.81e-130,97.436,Chloroflexi,Gitt-GS-136,uncultured|Caldilineaceae|bacterium,_,_,_,KX035452.1.1424,Bacteria,OTU794.Chloroflexi._
788,OTU795,273,1,273,1376,511,783,100,488,1.45e-136,98.901,Firmicutes,Bacilli,Bacillales,Bacillaceae,Pontibacillus,Pontibacillus|marinus,AY603977.1.1376,Bacteria,OTU795.Firmicutes.Pontibacillus
789,OTU796,273,1,273,1492,506,779,100,483,6.76e-135,98.54,Planctomycetota,Planctomycetes,Planctomycetales,_,uncultured|planctomycete,_,HQ857699.1.1492,Bacteria,OTU796.Planctomycetota.uncultured|planctomycete
790,OTU797,274,1,274,1386,443,716,100,440,4.14e-122,95.62,Proteobacteria,Alphaproteobacteria,Tistrellales,Geminicoccaceae,_,uncultured|Alphaproteobacteria|bacterium,JN825373.1.1386,Bacteria,OTU797.Proteobacteria._
791,OTU798,274,1,274,1464,505,777,100,449,6.89e-125,96.35,Chloroflexi,Anaerolineae,SBR1031,_,_,_,AB240347.1.1464,Bacteria,OTU798.Chloroflexi._
792,OTU799,273,1,273,1399,470,742,100,433,6.91e-120,95.238,Planctomycetota,Planctomycetes,Gemmatales,Gemmataceae,_,uncultured|thermal|soil|bacterium,AF391976.1.1399,Bacteria,OTU799.Planctomycetota._
793,OTU800,273,1,273,1311,467,739,100,494,3.12e-138,99.267,Chloroflexi,KD4-96,_,_,_,_,JF120425.1.1311,Bacteria,OTU800.Chloroflexi._
794,OTU801,273,1,273,1425,466,739,100,477,3.15e-133,98.175,Planctomycetota,Phycisphaerae,Tepidisphaerales,WD2101|soil|group,uncultured|planctomycete,_,JN409029.1.1425,Bacteria,OTU801.Planctomycetota.uncultured|planctomycete
795,OTU802,273,1,273,1335,489,761,100,416,6.96e-115,94.139,Chloroflexi,Anaerolineae,Caldilineales,Caldilineaceae,_,_,KC431985.1.1335,Bacteria,OTU802.Chloroflexi._
796,OTU803,273,1,273,1408,458,730,100,494,3.12e-138,99.267,Proteobacteria,Gammaproteobacteria,Pseudomonadales,Pseudomonadaceae,Pseudomonas,uncultured|Burkholderia|sp,JQ061267.1.1408,Bacteria,OTU803.Proteobacteria.Pseudomonas
797,OTU804,273,1,273,1438,490,762,100,394,3.26e-108,92.674,Chloroflexi,Chloroflexia,Thermomicrobiales,JG30-KF-CM45,uncultured|Thermomicrobia|bacterium,_,JF706687.1.1438,Bacteria,OTU804.Chloroflexi.uncultured|Thermomicrobia|bacterium
798,OTU805,273,1,273,1357,500,772,100,494,3.12e-138,99.267,Verrucomicrobiota,Verrucomicrobiae,Verrucomicrobiales,Rubritaleaceae,Luteolibacter,_,JF235420.1.1357,Bacteria,OTU805.Verrucomicrobiota.Luteolibacter
799,OTU806,273,1,273,1456,495,767,100,499,6.71e-140,99.634,Chloroflexi,Anaerolineae,Ardenticatenales,_,uncultured|Chloroflexi|bacterium,_,JN038958.1.1456,Bacteria,OTU806.Chloroflexi.uncultured|Chloroflexi|bacterium
800,OTU807,273,1,273,1470,510,783,100,444,3.19e-123,95.985,Actinobacteriota,Thermoleophilia,Solirubrobacterales,67-14,uncultured|actinobacterium,_,JN409049.1.1470,Bacteria,OTU807.Actinobacteriota.uncultured|actinobacterium
801,OTU808,273,1,273,1518,541,813,100,494,3.12e-138,99.267,Latescibacterota,_,_,_,_,_,FJ478933.1.1518,Bacteria,OTU808.Latescibacterota._
802,OTU809,273,1,273,1488,508,780,100,477,3.15e-133,98.168,Gemmatimonadota,Gemmatimonadetes,Gemmatimonadales,Gemmatimonadaceae,Gemmatimonas,_,JQ825021.1.1488,Bacteria,OTU809.Gemmatimonadota.Gemmatimonas
803,OTU810,273,1,273,1321,479,751,100,433,6.91e-120,95.238,Chloroflexi,Anaerolineae,SBR1031,uncultured|soil|bacterium,_,_,FQ659918.1.1321,Bacteria,OTU810.Chloroflexi._
804,OTU811,273,1,273,1494,491,763,100,499,6.71e-140,99.634,Planctomycetota,Planctomycetes,Pirellulales,Pirellulaceae,Blastopirellula,metagenome,FPLS01020149.9.1502,Bacteria,OTU811.Planctomycetota.Blastopirellula
805,OTU812,273,1,273,1457,480,752,100,477,3.15e-133,98.168,Proteobacteria,Alphaproteobacteria,_,_,_,_,JQ824919.1.1457,Bacteria,OTU812.Proteobacteria._
806,OTU813,273,1,273,1350,476,748,100,483,6.76e-135,98.535,Chloroflexi,Anaerolineae,Anaerolineales,Anaerolineaceae,_,_,GQ461665.1.1350,Bacteria,OTU813.Chloroflexi._
807,OTU814,273,1,273,1491,485,753,100,457,4.1e-127,97.07,Proteobacteria,Gammaproteobacteria,Xanthomonadales,Xanthomonadaceae,Arenimonas,uncultured|Xanthomonadaceae|bacterium,HM438440.1.1491,Bacteria,OTU814.Proteobacteria.Arenimonas
808,OTU815,273,1,273,1359,503,775,100,466,6.81e-130,97.436,Proteobacteria,Gammaproteobacteria,R7C24,_,_,_,JF198689.1.1359,Bacteria,OTU815.Proteobacteria._
809,OTU816,274,1,274,1365,488,761,100,490,4.06e-137,98.905,Actinobacteriota,Actinobacteria,Pseudonocardiales,Pseudonocardiaceae,Pseudonocardia,_,JN801078.1.1365,Bacteria,OTU816.Actinobacteriota.Pseudonocardia
810,OTU817,273,1,273,1389,517,789,100,488,1.45e-136,98.901,Acidobacteriota,Vicinamibacteria,Vicinamibacterales,_,uncultured|Acidobacteria|bacterium,_,AM934963.1.1389,Bacteria,OTU817.Acidobacteriota.uncultured|Acidobacteria|bacterium
811,OTU818,273,1,273,1515,503,775,100,477,3.15e-133,98.168,Actinobacteriota,MB-A2-108,_,_,_,_,KT905713.1.1515,Bacteria,OTU818.Actinobacteriota._
812,OTU819,274,1,274,1467,502,775,100,490,4.06e-137,98.905,Chloroflexi,Anaerolineae,SBR1031,_,_,_,KC331417.1.1467,Bacteria,OTU819.Chloroflexi._
813,OTU820,273,1,273,1372,448,720,100,449,6.86e-125,96.35,Chloroflexi,Anaerolineae,Anaerolineales,Anaerolineaceae,_,uncultured|Chloroflexi|bacterium,JN825474.1.1372,Bacteria,OTU820.Chloroflexi._
814,OTU821,273,1,273,1499,501,773,100,494,3.12e-138,99.267,Actinobacteriota,Actinobacteria,Propionibacteriales,Nocardioidaceae,Kribbella,metagenome,FPLS01056159.11.1509,Bacteria,OTU821.Actinobacteriota.Kribbella
815,OTU822,274,1,274,1483,502,774,100,444,3.2e-123,95.985,Gemmatimonadota,Gemmatimonadetes,Gemmatimonadales,Gemmatimonadaceae,_,uncultured|soil|bacterium,JX490013.1.1483,Bacteria,OTU822.Gemmatimonadota._
816,OTU823,273,1,273,1342,482,754,100,499,6.71e-140,99.634,Acidobacteriota,Blastocatellia,Blastocatellales,Blastocatellaceae,Aridibacter,_,JF139787.1.1342,Bacteria,OTU823.Acidobacteriota.Aridibacter
817,OTU824,273,1,273,1514,536,808,100,494,3.12e-138,99.267,Acidobacteriota,Vicinamibacteria,Vicinamibacterales,_,_,_,FJ479465.1.1514,Bacteria,OTU824.Acidobacteriota._
818,OTU825,273,1,273,1333,463,735,100,472,1.46e-131,97.802,Proteobacteria,Alphaproteobacteria,Rhodospirillales,Magnetospiraceae,_,_,LN569986.1.1333,Bacteria,OTU825.Proteobacteria._
819,OTU826,274,1,274,1461,499,772,100,435,1.93e-120,95.255,Chloroflexi,Anaerolineae,SBR1031,uncultured|Chloroflexi|bacterium,_,_,JN886921.1.1461,Bacteria,OTU826.Chloroflexi._
820,OTU827,273,1,273,1532,526,805,100,449,6.86e-125,96.071,Chloroflexi,Chloroflexia,Thermomicrobiales,JG30-KF-CM45,_,_,JX647759.1.1532,Bacteria,OTU827.Chloroflexi._
821,OTU828,274,1,274,1324,458,731,100,490,4.06e-137,98.905,Chloroflexi,Anaerolineae,SBR1031,A4b,_,_,JF266054.1.1324,Bacteria,OTU828.Chloroflexi._
822,OTU829,273,1,273,1470,502,774,100,422,1.5e-116,94.505,Chloroflexi,Anaerolineae,SBR1031,A4b,_,_,HQ697772.1.1470,Bacteria,OTU829.Chloroflexi._
823,OTU830,273,1,273,914,467,739,100,460,3.17e-128,97.07,Thermoplasmatota,Thermoplasmata,Marine|Group|II,uncultured|archaeon,_,_,KT165030.1.914,Archaea,OTU830.Thermoplasmatota._
824,OTU831,273,1,273,1546,552,824,100,444,3.19e-123,95.971,Verrucomicrobiota,Verrucomicrobiae,Pedosphaerales,Pedosphaeraceae,ADurb.Bin063-1,_,JF428900.1.1546,Bacteria,OTU831.Verrucomicrobiota.ADurb.Bin063-1
825,OTU832,273,1,273,1463,498,770,100,494,3.12e-138,99.267,Chloroflexi,KD4-96,_,_,_,_,KT952794.1.1463,Bacteria,OTU832.Chloroflexi._
826,OTU833,273,1,273,1454,505,777,100,411,3.24e-113,93.773,Bacteroidota,Rhodothermia,Rhodothermales,Rhodothermaceae,Salinibacter,_,KU196575.1.1454,Bacteria,OTU833.Bacteroidota.Salinibacter
827,OTU834,274,1,274,1352,480,753,100,490,4.06e-137,98.905,Actinobacteriota,Acidimicrobiia,IMCC26256,_,_,_,EU132841.1.1352,Bacteria,OTU834.Actinobacteriota._
828,OTU835,273,1,273,1480,518,790,100,488,1.45e-136,98.901,Desulfobacterota,Desulfuromonadia,Desulfuromonadales,Desulfuromonadaceae,Desulfuromonas,_,LC124783.1.1480,Bacteria,OTU835.Desulfobacterota.Desulfuromonas
829,OTU836,273,1,273,1246,518,790,100,416,6.96e-115,94.139,Planctomycetota,Planctomycetes,Gemmatales,Gemmataceae,_,_,X64376.1.1246,Bacteria,OTU836.Planctomycetota._
830,OTU837,273,1,273,1427,482,754,100,405,1.51e-111,93.431,Chloroflexi,Anaerolineae,SBR1031,anaerobic|bacterium|KX,_,_,LC276257.1.1427,Bacteria,OTU837.Chloroflexi._
831,OTU838,273,1,273,1404,453,725,100,433,6.91e-120,95.238,Chloroflexi,Chloroflexia,Thermomicrobiales,AKYG1722,_,_,KY190375.1.1404,Bacteria,OTU838.Chloroflexi._
832,OTU839,273,2,273,1325,462,733,99,497,2.41e-139,99.632,Planctomycetota,Phycisphaerae,Phycisphaerales,Phycisphaeraceae,AKYG587,_,FJ535343.1.1325,Bacteria,OTU839.Planctomycetota.AKYG587
833,OTU840,273,1,273,1421,482,754,100,488,1.45e-136,98.901,Bacteroidota,Bacteroidia,Cytophagales,Microscillaceae,_,uncultured|Bacteroidetes|bacterium,JF703445.1.1421,Bacteria,OTU840.Bacteroidota._
834,OTU841,273,1,273,1464,496,768,100,449,6.86e-125,96.337,Chloroflexi,Anaerolineae,SBR1031,A4b,_,_,HQ697779.1.1464,Bacteria,OTU841.Chloroflexi._
835,OTU842,273,1,273,1343,360,632,100,483,6.76e-135,98.535,Acidobacteriota,Thermoanaerobaculia,Thermoanaerobaculales,Thermoanaerobaculaceae,Subgroup|10,bacterium|3-5_YC-ZSS-LKJ-3024,KP174610.1.1343,Bacteria,OTU842.Acidobacteriota.Subgroup|10
836,OTU843,273,1,273,1313,469,741,100,494,3.12e-138,99.267,Chloroflexi,Anaerolineae,SBR1031,A4b,_,_,KC432188.1.1313,Bacteria,OTU843.Chloroflexi._
837,OTU844,273,1,273,1340,477,749,100,483,6.76e-135,98.535,Planctomycetota,Planctomycetes,Pirellulales,Pirellulaceae,_,_,JF135868.1.1340,Bacteria,OTU844.Planctomycetota._
838,OTU845,121,1,121,1407,393,513,100,224,1.75e-57,100,Actinobacteriota,Actinobacteria,Corynebacteriales,Nocardiaceae,Rhodococcus,Rhodococcus|sp.|N1319,DQ157925.1.1407,Bacteria,OTU845.Actinobacteriota.Rhodococcus
839,OTU846,273,1,273,1263,449,721,100,494,3.12e-138,99.267,Proteobacteria,Alphaproteobacteria,Rhizobiales,Rhodomicrobiaceae,Rhodomicrobium,_,EU133416.1.1263,Bacteria,OTU846.Proteobacteria.Rhodomicrobium
840,OTU847,273,1,273,1507,524,796,100,488,1.45e-136,98.901,Acidobacteriota,Holophagae,Subgroup|7,_,_,_,HQ697854.1.1507,Bacteria,OTU847.Acidobacteriota._
841,OTU848,274,1,274,1472,504,777,100,484,1.89e-135,98.54,Chloroflexi,Anaerolineae,SBR1031,_,_,_,HQ120500.1.1472,Bacteria,OTU848.Chloroflexi._
842,OTU849,273,1,273,1513,534,806,100,488,1.45e-136,98.901,Myxococcota,Polyangia,Polyangiales,BIrii41,uncultured|delta|proteobacterium,_,JN038942.1.1513,Bacteria,OTU849.Myxococcota.uncultured|delta|proteobacterium
843,OTU850,273,1,273,1491,540,810,100,470,5.26e-131,97.81,Gemmatimonadota,S0134|terrestrial|group,_,_,_,_,HQ119898.1.1491,Bacteria,OTU850.Gemmatimonadota._
844,OTU851,273,1,273,1435,491,763,100,488,1.45e-136,98.901,Proteobacteria,Gammaproteobacteria,Burkholderiales,Alcaligenaceae,Achromobacter,uncultured|Achromobacter|sp,JF411321.1.1435,Bacteria,OTU851.Proteobacteria.Achromobacter
845,OTU852,274,1,274,1500,484,758,100,440,4.14e-122,95.636,Gemmatimonadota,Longimicrobia,Longimicrobiales,Longimicrobiaceae,YC-ZSS-LKJ147,_,FJ152617.1.1500,Bacteria,OTU852.Gemmatimonadota.YC-ZSS-LKJ147
846,OTU853,274,1,274,1490,500,773,100,446,8.91e-124,95.985,Proteobacteria,Alphaproteobacteria,Tistrellales,Geminicoccaceae,_,uncultured|Rhodospirillales|bacterium,JF421187.1.1490,Bacteria,OTU853.Proteobacteria._
847,OTU854,273,1,273,1395,454,726,100,494,3.12e-138,99.267,Chloroflexi,Chloroflexia,Chloroflexales,Roseiflexaceae,_,uncultured|Chloroflexi|bacterium,JN409115.1.1395,Bacteria,OTU854.Chloroflexi._
848,OTU855,273,1,273,1364,496,768,100,494,3.12e-138,99.267,Acidobacteriota,Holophagae,Subgroup|7,_,_,_,EU132200.1.1364,Bacteria,OTU855.Acidobacteriota._
849,OTU856,273,7,273,1383,527,793,98,366,7.1e-100,91.386,Chloroflexi,Anaerolineae,Ardenticatenales,_,_,_,KM454348.1.1383,Bacteria,OTU856.Chloroflexi._
850,OTU857,273,1,273,1490,525,797,100,494,3.12e-138,99.267,Bacteroidota,Bacteroidia,Chitinophagales,Chitinophagaceae,_,uncultured|soil|bacterium,JX489946.1.1490,Bacteria,OTU857.Bacteroidota._
851,OTU858,273,1,273,1481,493,765,100,377,3.28e-103,91.575,Armatimonadota,_,_,_,_,_,JQ738752.1.1481,Bacteria,OTU858.Armatimonadota._
852,OTU859,274,1,274,1330,483,756,100,462,8.84e-129,97.08,Actinobacteriota,Acidimicrobiia,IMCC26256,_,_,_,EU132977.1.1330,Bacteria,OTU859.Actinobacteriota._
853,OTU860,273,1,273,1436,471,743,100,399,7.01e-110,93.04,Planctomycetota,Phycisphaerae,Tepidisphaerales,WD2101|soil|group,_,_,KJ540668.1.1436,Bacteria,OTU860.Planctomycetota._
854,OTU861,273,1,273,1454,479,751,100,483,6.76e-135,98.535,Chloroflexi,Anaerolineae,RBG-13-54-9,_,_,_,KX753202.1.1454,Bacteria,OTU861.Chloroflexi._
855,OTU862,273,1,273,1331,467,739,100,444,3.19e-123,95.971,Planctomycetota,Phycisphaerae,Tepidisphaerales,WD2101|soil|group,_,_,JF136007.1.1331,Bacteria,OTU862.Planctomycetota._
856,OTU863,274,1,274,1518,537,810,100,496,8.72e-139,99.27,Gemmatimonadota,S0134|terrestrial|group,_,_,_,_,FJ444650.1.1518,Bacteria,OTU863.Gemmatimonadota._
857,OTU864,273,1,270,1314,457,726,99,394,3.26e-108,92.963,Planctomycetota,Phycisphaerae,Tepidisphaerales,uncultured|Planctomycetales|bacterium,_,_,AM936264.1.1314,Bacteria,OTU864.Planctomycetota._
858,OTU865,274,1,274,1454,476,748,100,416,6.98e-115,94.182,Cyanobacteria,Cyanobacteriia,Cyanobacteriales,Coleofasciculaceae,Microcoleus|SAG|1449-1a,uncultured|cyanobacterium,KC011138.1.1454,Bacteria,OTU865.Cyanobacteria.Microcoleus|SAG|1449-1a
859,OTU866,273,1,273,1508,530,802,100,483,6.76e-135,98.535,Acidobacteriota,Vicinamibacteria,Vicinamibacterales,_,uncultured|Acidobacteria|bacterium,_,HQ597492.1.1508,Bacteria,OTU866.Acidobacteriota.uncultured|Acidobacteria|bacterium
860,OTU867,273,1,273,1486,500,772,100,472,1.46e-131,97.802,Planctomycetota,Planctomycetes,Pirellulales,Pirellulaceae,Pirellula,uncultured|planctomycete,EU979019.1.1486,Bacteria,OTU867.Planctomycetota.Pirellula
861,OTU868,272,1,272,1374,438,709,100,492,1.12e-137,99.265,Firmicutes,Clostridia,Peptostreptococcales-Tissierellales,Peptostreptococcaceae,Sporacetigenium,uncultured|Firmicutes|bacterium,JN825560.1.1374,Bacteria,OTU868.Firmicutes.Sporacetigenium
862,OTU869,273,1,273,1351,436,708,100,427,3.21e-118,94.872,Proteobacteria,Alphaproteobacteria,Rhodobacterales,Rhodobacteraceae,Limibaculum,uncultured|organism,JN513536.1.1351,Bacteria,OTU869.Proteobacteria.Limibaculum
863,OTU870,273,1,273,1467,461,733,100,444,3.19e-123,95.971,Chloroflexi,Anaerolineae,Caldilineales,Caldilineaceae,_,_,JQ426157.1.1467,Bacteria,OTU870.Chloroflexi._
864,OTU871,273,1,273,1323,481,753,100,499,6.71e-140,99.634,Chloroflexi,Chloroflexia,Thermomicrobiales,JG30-KF-CM45,_,_,JF178205.1.1323,Bacteria,OTU871.Chloroflexi._
865,OTU872,273,1,273,1385,530,802,100,488,1.45e-136,98.901,Actinobacteriota,Thermoleophilia,Solirubrobacterales,67-14,uncultured|Rubrobacteria|bacterium,_,AM935529.1.1385,Bacteria,OTU872.Actinobacteriota.uncultured|Rubrobacteria|bacterium
866,OTU873,273,1,273,1505,493,765,100,483,6.76e-135,98.535,Actinobacteriota,Thermoleophilia,Gaiellales,_,_,_,FJ152732.1.1505,Bacteria,OTU873.Actinobacteriota._
867,OTU874,273,1,273,1540,536,808,100,499,6.71e-140,99.634,Firmicutes,Bacilli,Bacillales,Bacillaceae,Bacillus,Bacillus|cereus|ATCC|4342,ACLZ01000007.65.1604,Bacteria,OTU874.Firmicutes.Bacillus
868,OTU875,273,1,273,1479,497,769,100,455,1.47e-126,96.703,Planctomycetota,Planctomycetes,Pirellulales,Pirellulaceae,Rhodopirellula,uncultured|Planctomycetaceae|bacterium,FJ542955.1.1479,Bacteria,OTU875.Planctomycetota.Rhodopirellula
869,OTU876,273,1,273,1437,482,754,100,455,1.47e-126,96.703,Proteobacteria,Alphaproteobacteria,Rhodobacterales,Rhodobacteraceae,_,_,FJ478567.1.1437,Bacteria,OTU876.Proteobacteria._
870,OTU877,273,1,273,1389,516,788,100,460,3.17e-128,97.07,Myxococcota,Polyangia,Polyangiales,Sandaracinaceae,_,_,LN565851.1.1389,Bacteria,OTU877.Myxococcota._
871,OTU878,273,1,273,1416,541,813,100,488,1.45e-136,98.901,Desulfobacterota,Desulfobulbia,Desulfobulbales,Desulfocapsaceae,_,_,JX224913.1.1416,Bacteria,OTU878.Desulfobacterota._
872,OTU879,273,1,273,1498,520,792,100,488,1.45e-136,98.901,Proteobacteria,Gammaproteobacteria,Burkholderiales,Nitrosomonadaceae,Ellin6067,_,KF712783.1.1498,Bacteria,OTU879.Proteobacteria.Ellin6067
873,OTU880,273,1,273,1441,478,750,100,488,1.45e-136,98.901,Chloroflexi,Chloroflexia,Kallotenuales,AKIW781,_,_,KX508708.1.1441,Bacteria,OTU880.Chloroflexi._
874,OTU881,273,1,273,1460,483,755,100,483,6.76e-135,98.535,Acidobacteriota,Acidobacteriae,Solibacterales,Solibacteraceae,Candidatus|Solibacter,uncultured|Candidatus|Solibacter|sp,KM108641.1.1460,Bacteria,OTU881.Acidobacteriota.Candidatus|Solibacter
875,OTU882,273,1,273,1448,485,757,100,444,3.19e-123,95.971,Planctomycetota,Planctomycetes,Pirellulales,Pirellulaceae,Pir4|lineage,_,FJ203446.1.1448,Bacteria,OTU882.Planctomycetota.Pir4|lineage
876,OTU883,274,1,274,1343,486,759,100,490,4.06e-137,98.905,Actinobacteriota,Acidimicrobiia,_,uncultured|Acidimicrobiia|bacterium,_,_,AM936883.1.1343,Bacteria,OTU883.Actinobacteriota._
877,OTU884,273,1,273,1508,497,769,100,488,1.45e-136,98.901,Myxococcota,Polyangia,Polyangiales,BIrii41,_,_,JQ427951.1.1508,Bacteria,OTU884.Myxococcota._
878,OTU885,275,1,275,1372,510,784,100,492,1.13e-137,98.909,Gemmatimonadota,Longimicrobia,Longimicrobiales,Longimicrobiaceae,Longimicrobium,_,HM278073.1.1372,Bacteria,OTU885.Gemmatimonadota.Longimicrobium
879,OTU886,274,1,274,1461,508,781,100,468,1.9e-130,97.445,Chloroflexi,Anaerolineae,SBR1031,_,_,_,HQ697679.1.1461,Bacteria,OTU886.Chloroflexi._
880,OTU887,273,1,273,1539,541,813,100,433,6.91e-120,95.238,Gemmatimonadota,BD2-11|terrestrial|group,metagenome,_,_,_,FPLS01025245.16.1554,Bacteria,OTU887.Gemmatimonadota._
881,OTU888,273,1,273,1227,424,696,100,444,3.19e-123,95.971,Proteobacteria,Alphaproteobacteria,Tistrellales,Geminicoccaceae,Candidatus|Alysiosphaera,_,KF697506.1.1227,Bacteria,OTU888.Proteobacteria.Candidatus|Alysiosphaera
882,OTU889,273,1,273,1211,486,758,100,472,1.46e-131,97.802,Planctomycetota,Planctomycetes,Pirellulales,Pirellulaceae,Blastopirellula,_,HM346778.1.1211,Bacteria,OTU889.Planctomycetota.Blastopirellula
883,OTU890,273,1,273,1487,518,790,100,494,3.12e-138,99.267,Bacteroidota,Bacteroidia,Cytophagales,Hymenobacteraceae,Pontibacter,uncultured|Pontibacter|sp,HG917252.1.1487,Bacteria,OTU890.Bacteroidota.Pontibacter
884,OTU891,273,2,273,1426,425,696,99,436,5.34e-121,95.588,Planctomycetota,Planctomycetes,Planctomycetales,Gimesiaceae,_,seawater|metagenome,FLLY01001302.23.1448,Bacteria,OTU891.Planctomycetota._
885,OTU892,273,1,273,1384,503,775,100,433,6.91e-120,95.255,Methylomirabilota,Methylomirabilia,Rokubacteriales,_,_,_,JF266122.1.1384,Bacteria,OTU892.Methylomirabilota._
886,OTU893,273,1,273,1266,435,707,100,444,3.19e-123,95.971,Chloroflexi,Anaerolineae,Caldilineales,Caldilineaceae,_,_,EU134256.1.1266,Bacteria,OTU893.Chloroflexi._
887,OTU894,273,1,273,1465,497,769,100,494,3.12e-138,99.267,Chloroflexi,Anaerolineae,SBR1031,A4b,_,_,JQ800790.1.1465,Bacteria,OTU894.Chloroflexi._
888,OTU895,273,1,273,1418,527,799,100,494,3.12e-138,99.267,Verrucomicrobiota,Verrucomicrobiae,Verrucomicrobiales,Rubritaleaceae,Luteolibacter,_,HQ120660.1.1418,Bacteria,OTU895.Verrucomicrobiota.Luteolibacter
889,OTU896,273,1,273,1372,448,720,100,438,1.48e-121,95.62,Chloroflexi,Anaerolineae,Anaerolineales,Anaerolineaceae,_,uncultured|Chloroflexi|bacterium,JN825474.1.1372,Bacteria,OTU896.Chloroflexi._
890,OTU897,274,1,274,1362,483,756,100,424,4.17e-117,94.526,Planctomycetota,Planctomycetes,Isosphaerales,Isosphaeraceae,_,_,FJ232688.1.1362,Bacteria,OTU897.Planctomycetota._
891,OTU898,273,1,273,1486,474,746,100,488,1.45e-136,98.901,Proteobacteria,Alphaproteobacteria,Rhizobiales,Devosiaceae,Devosia,Devosia|sp.|I507,CP026747.2002584.2004069,Bacteria,OTU898.Proteobacteria.Devosia
892,OTU899,273,1,273,1459,510,782,100,494,3.12e-138,99.267,Firmicutes,Bacilli,Bacillales,Bacillaceae,Bacillus,_,JX872362.1.1459,Bacteria,OTU899.Firmicutes.Bacillus
893,OTU900,273,1,273,1434,475,747,100,494,3.12e-138,99.267,Chloroflexi,Anaerolineae,Caldilineales,Caldilineaceae,_,_,EU037352.1.1434,Bacteria,OTU900.Chloroflexi._
894,OTU901,273,1,273,1480,497,769,100,488,1.45e-136,98.901,Planctomycetota,Planctomycetes,Pirellulales,Pirellulaceae,_,_,JX133475.1.1480,Bacteria,OTU901.Planctomycetota._
895,OTU902,273,1,273,1543,531,803,100,488,1.45e-136,98.901,Proteobacteria,Gammaproteobacteria,Burkholderiales,Nitrosomonadaceae,Nitrosomonas,Nitrosomonas|communis,CP011451.98899.100441,Bacteria,OTU902.Proteobacteria.Nitrosomonas
896,OTU903,273,1,273,1568,557,829,100,488,1.45e-136,98.901,Firmicutes,Bacilli,Bacillales,Bacillaceae,Oceanobacillus,Oceanobacillus|iheyensis,CP020357.105570.107137,Bacteria,OTU903.Firmicutes.Oceanobacillus
897,OTU904,273,1,273,1415,468,740,100,488,1.45e-136,98.901,Proteobacteria,Alphaproteobacteria,Rhodobacterales,Rhodobacteraceae,_,uncultured|forest|soil|bacterium,AY913245.1.1415,Bacteria,OTU904.Proteobacteria._
898,OTU905,273,1,273,1361,422,694,100,488,1.45e-136,98.901,Proteobacteria,Alphaproteobacteria,Rhizobiales,Rhodomicrobiaceae,Rhodomicrobium,uncultured|Alphaproteobacteria|bacterium,JN825404.1.1361,Bacteria,OTU905.Proteobacteria.Rhodomicrobium
899,OTU906,273,1,273,1397,500,772,100,449,6.86e-125,96.337,Planctomycetota,Planctomycetes,Pirellulales,Pirellulaceae,Bythopirellula,_,GU118850.1.1397,Bacteria,OTU906.Planctomycetota.Bythopirellula
900,OTU907,273,1,273,1421,425,697,100,488,1.45e-136,98.901,Firmicutes,Bacilli,Bacillales,Bacillaceae,Halobacillus,Halobacillus|massiliensis,FUVA01000024.4094.5514,Bacteria,OTU907.Firmicutes.Halobacillus
901,OTU908,273,1,273,1386,516,788,100,483,6.76e-135,98.535,Myxococcota,Polyangia,Nannocystales,Nannocystaceae,_,_,DQ298325.1.1386,Bacteria,OTU908.Myxococcota._
902,OTU909,273,1,273,1357,516,788,100,477,3.15e-133,98.168,Planctomycetota,OM190,_,_,_,_,EU135179.1.1357,Bacteria,OTU909.Planctomycetota._
903,OTU910,273,1,273,1445,468,740,100,494,3.12e-138,99.267,Proteobacteria,Alphaproteobacteria,Caulobacterales,Hyphomonadaceae,SWB02,metagenome,FPLS01017382.16.1460,Bacteria,OTU910.Proteobacteria.SWB02
904,OTU911,273,1,273,1378,520,792,100,483,6.76e-135,98.535,Gemmatimonadota,BD2-11|terrestrial|group,uncultured|Gemmatimonadetes|bacterium,_,_,_,AM935382.1.1378,Bacteria,OTU911.Gemmatimonadota._
905,OTU912,273,1,273,1538,545,817,100,438,1.48e-121,95.604,Myxococcota,Polyangia,Polyangiales,Sandaracinaceae,_,uncultured|Myxococcales|bacterium,EF636835.1.1538,Bacteria,OTU912.Myxococcota._
906,OTU913,273,1,273,1346,471,743,100,488,1.45e-136,98.901,Proteobacteria,Alphaproteobacteria,Rhizobiales,Xanthobacteraceae,_,uncultured|Alphaproteobacteria|bacterium,AY921875.1.1346,Bacteria,OTU913.Proteobacteria._
907,OTU914,273,1,273,1488,506,778,100,444,3.19e-123,96,Actinobacteriota,Actinobacteria,0319-7L14,_,_,_,JQ738730.1.1488,Bacteria,OTU914.Actinobacteriota._
908,OTU915,273,1,273,1511,530,802,100,488,1.45e-136,98.901,Myxococcota,Polyangia,Polyangiales,Sandaracinaceae,_,_,FJ479375.1.1511,Bacteria,OTU915.Myxococcota._
909,OTU916,273,1,273,1394,465,737,100,427,3.21e-118,94.872,Chloroflexi,Chloroflexia,Chloroflexales,Chloroflexaceae,Chloroflexus,_,FR675955.1.1394,Bacteria,OTU916.Chloroflexi.Chloroflexus
910,OTU917,273,1,273,1333,467,739,100,488,1.45e-136,98.901,Proteobacteria,Alphaproteobacteria,Rhizobiales,Labraceae,Labrys,uncultured|Phyllobacteriaceae|bacterium,EF019390.1.1333,Bacteria,OTU917.Proteobacteria.Labrys
911,OTU918,273,1,273,1494,507,779,100,494,3.12e-138,99.267,Planctomycetota,Planctomycetes,Pirellulales,Pirellulaceae,Pirellula,_,HQ190276.1.1494,Bacteria,OTU918.Planctomycetota.Pirellula
912,OTU919,273,1,273,1446,483,755,100,494,3.12e-138,99.267,Planctomycetota,Planctomycetes,Pirellulales,Pirellulaceae,Pirellula,_,FJ849362.1.1446,Bacteria,OTU919.Planctomycetota.Pirellula
913,OTU920,273,1,273,1421,495,767,100,438,1.48e-121,95.604,Planctomycetota,Pla4|lineage,_,_,_,_,KX163952.1.1421,Bacteria,OTU920.Planctomycetota._
914,OTU921,273,1,273,1512,533,805,100,472,1.46e-131,97.802,Acidobacteriota,Vicinamibacteria,Subgroup|17,uncultured|Acidobacteria|bacterium,_,_,HQ729835.1.1512,Bacteria,OTU921.Acidobacteriota._
915,OTU922,273,1,273,1492,521,793,100,494,3.12e-138,99.267,Proteobacteria,Gammaproteobacteria,Burkholderiales,Comamonadaceae,Ramlibacter,metagenome,FPLP01011626.6.1497,Bacteria,OTU922.Proteobacteria.Ramlibacter
916,OTU923,274,1,274,1519,506,779,100,490,4.06e-137,98.905,Actinobacteriota,Acidimicrobiia,Microtrichales,_,_,_,KT905735.1.1519,Bacteria,OTU923.Actinobacteriota._
917,OTU924,274,1,274,1497,501,774,100,468,1.9e-130,97.445,Chloroflexi,Anaerolineae,SBR1031,_,_,_,KC541034.1.1497,Bacteria,OTU924.Chloroflexi._
918,OTU925,273,1,273,1318,474,746,100,472,1.46e-131,97.802,Chloroflexi,Chloroflexia,Thermomicrobiales,JG30-KF-CM45,_,_,HM270445.1.1318,Bacteria,OTU925.Chloroflexi._
919,OTU926,273,1,273,1385,487,759,100,466,6.81e-130,97.436,Planctomycetota,Planctomycetes,Gemmatales,Gemmataceae,Gemmata,_,HQ119506.1.1385,Bacteria,OTU926.Planctomycetota.Gemmata
920,OTU927,273,1,273,1475,489,761,100,449,6.86e-125,96.337,Proteobacteria,Alphaproteobacteria,Tistrellales,Geminicoccaceae,_,_,KJ817572.1.1475,Bacteria,OTU927.Proteobacteria._
921,OTU928,273,1,273,1487,527,799,100,455,1.47e-126,96.703,Verrucomicrobiota,Verrucomicrobiae,Chthoniobacterales,Chthoniobacteraceae,Chthoniobacter,uncultured|Verrucomicrobia|bacterium,FM877557.1.1487,Bacteria,OTU928.Verrucomicrobiota.Chthoniobacter
922,OTU929,273,1,273,1282,455,727,100,472,1.46e-131,97.802,Proteobacteria,Gammaproteobacteria,Burkholderiales,Nitrosomonadaceae,mle1-7,_,EU133834.1.1282,Bacteria,OTU929.Proteobacteria.mle1-7
923,OTU930,273,1,271,1495,499,769,99,418,1.93e-115,94.526,Chloroflexi,Anaerolineae,Ardenticatenales,_,_,_,JX504313.1.1495,Bacteria,OTU930.Chloroflexi._
924,OTU931,273,1,273,1329,466,739,100,494,3.12e-138,99.27,Planctomycetota,Planctomycetes,Planctomycetales,Rubinisphaeraceae,SH-PL14,_,JQ408017.1.1329,Bacteria,OTU931.Planctomycetota.SH-PL14
925,OTU932,273,1,273,1465,468,740,100,499,6.71e-140,99.634,Proteobacteria,Alphaproteobacteria,Rhizobiales,Rhizobiaceae,Ensifer,Ensifer|sojae|CCBAU|05684,AJQT01000154.4351.5815,Bacteria,OTU932.Proteobacteria.Ensifer
926,OTU933,273,1,273,1463,484,756,100,483,6.76e-135,98.535,Acidobacteriota,Acidobacteriae,Bryobacterales,Bryobacteraceae,Bryobacter,uncultured|Acidobacteria|bacterium,JN037861.1.1463,Bacteria,OTU933.Acidobacteriota.Bryobacter
927,OTU934,273,1,273,1326,461,733,100,433,6.91e-120,95.238,Chloroflexi,Anaerolineae,Caldilineales,Caldilineaceae,Litorilinea,_,JN801077.1.1326,Bacteria,OTU934.Chloroflexi.Litorilinea
928,OTU935,273,1,273,1371,495,767,100,460,3.17e-128,97.07,Planctomycetota,Planctomycetes,Pirellulales,Pirellulaceae,Pir4|lineage,_,LN573947.1.1371,Bacteria,OTU935.Planctomycetota.Pir4|lineage
929,OTU936,273,1,273,1460,468,740,100,488,1.45e-136,98.901,Proteobacteria,Alphaproteobacteria,Caulobacterales,Caulobacteraceae,Phenylobacterium,metagenome,FPLS01036612.10.1469,Bacteria,OTU936.Proteobacteria.Phenylobacterium
930,OTU937,273,1,273,1440,482,759,100,464,2.45e-129,97.122,Chloroflexi,Chloroflexia,Thermomicrobiales,JG30-KF-CM45,_,_,DQ906780.1.1440,Bacteria,OTU937.Chloroflexi._
931,OTU939,273,1,273,1476,505,777,100,494,3.12e-138,99.267,Chloroflexi,Anaerolineae,Caldilineales,Caldilineaceae,_,_,HQ121095.1.1476,Bacteria,OTU939.Chloroflexi._
932,OTU940,273,1,273,1446,485,757,100,433,6.91e-120,95.238,Chloroflexi,Anaerolineae,SBR1031,A4b,_,_,HQ910266.1.1446,Bacteria,OTU940.Chloroflexi._
933,OTU941,274,1,274,919,471,744,100,401,1.96e-110,93.066,Halobacterota,Halobacteria,Halobacterales,Haloferacaceae,A07HB70,uncultured|archaeon,HE604629.1.919,Archaea,OTU941.Halobacterota.A07HB70
934,OTU942,273,1,273,1378,446,718,100,488,1.45e-136,98.901,Chloroflexi,Dehalococcoidia,S085,_,_,_,JF703479.1.1378,Bacteria,OTU942.Chloroflexi._
935,OTU943,274,1,274,1481,469,742,100,490,4.06e-137,98.905,Actinobacteriota,Acidimicrobiia,Microtrichales,Iamiaceae,Iamia,_,JQ428099.1.1481,Bacteria,OTU943.Actinobacteriota.Iamia
936,OTU944,273,2,273,1322,481,752,99,309,1.21e-82,87.179,Chloroflexi,Chloroflexia,Thermomicrobiales,JG30-KF-CM45,_,_,JF175516.1.1322,Bacteria,OTU944.Chloroflexi._
937,OTU945,273,1,273,1483,499,771,100,488,1.45e-136,98.901,Proteobacteria,Gammaproteobacteria,Xanthomonadales,Rhodanobacteraceae,Ahniella,_,HQ119992.1.1483,Bacteria,OTU945.Proteobacteria.Ahniella
938,OTU946,273,1,273,1481,499,771,100,488,1.45e-136,98.901,Gemmatimonadota,Gemmatimonadetes,Gemmatimonadales,Gemmatimonadaceae,_,_,KF712764.1.1481,Bacteria,OTU946.Gemmatimonadota._
939,OTU947,273,1,273,1382,517,789,100,466,6.81e-130,97.436,Verrucomicrobiota,Verrucomicrobiae,Chthoniobacterales,Chthoniobacteraceae,Chthoniobacter,_,HM332109.1.1382,Bacteria,OTU947.Verrucomicrobiota.Chthoniobacter
940,OTU948,273,1,273,1342,472,744,100,427,3.21e-118,94.872,Proteobacteria,Alphaproteobacteria,_,_,_,_,LN569972.1.1342,Bacteria,OTU948.Proteobacteria._
941,OTU949,273,1,273,1302,458,730,100,416,6.96e-115,94.161,Chloroflexi,Anaerolineae,Anaerolineales,Anaerolineaceae,Anaerolinea,uncultured|soil|bacterium,FQ659487.1.1302,Bacteria,OTU949.Chloroflexi.Anaerolinea
942,OTU950,273,1,273,1521,542,814,100,488,1.45e-136,98.901,Desulfobacterota,Desulfuromonadia,Desulfuromonadales,Geothermobacteraceae,Geothermobacter,bacterium|YC-ZSS-LKJ70,KP174425.1.1521,Bacteria,OTU950.Desulfobacterota.Geothermobacter
943,OTU951,273,1,273,1510,536,808,100,472,1.46e-131,97.802,Acidobacteriota,Thermoanaerobaculia,Thermoanaerobaculales,Thermoanaerobaculaceae,Subgroup|10,_,AY703471.1.1510,Bacteria,OTU951.Acidobacteriota.Subgroup|10
944,OTU952,273,1,273,1473,486,758,100,488,1.45e-136,98.901,Acidobacteriota,Acidobacteriae,PAUC26f,metagenome,_,_,FPLS01062616.25.1497,Bacteria,OTU952.Acidobacteriota._
945,OTU953,273,2,273,1380,502,773,99,442,1.15e-122,95.956,Planctomycetota,Planctomycetes,Pirellulales,Pirellulaceae,_,_,LN870723.1.1380,Bacteria,OTU953.Planctomycetota._
946,OTU954,273,1,273,1293,542,814,100,472,1.46e-131,97.802,Latescibacterota,metagenome,_,_,_,_,FPLS01034779.10.1302,Bacteria,OTU954.Latescibacterota._
947,OTU955,273,1,273,1443,447,719,100,449,6.86e-125,96.337,Chloroflexi,Anaerolineae,SBR1031,A4b,_,_,FJ152867.1.1443,Bacteria,OTU955.Chloroflexi._
948,OTU956,273,1,273,1423,443,715,100,433,6.91e-120,95.255,Proteobacteria,Alphaproteobacteria,Azospirillales,Azospirillaceae,Skermanella,uncultured|Skermanella|sp,EU440691.1.1423,Bacteria,OTU956.Proteobacteria.Skermanella
949,OTU957,273,1,273,1454,499,772,100,483,6.76e-135,98.54,Bacteroidota,Bacteroidia,Chitinophagales,Saprospiraceae,_,uncultured|Bacteroidetes|bacterium,JN408932.1.1454,Bacteria,OTU957.Bacteroidota._
950,OTU958,273,1,273,1495,499,771,100,411,3.24e-113,93.796,Armatimonadota,_,_,_,_,_,HQ397580.1.1495,Bacteria,OTU958.Armatimonadota._
951,OTU959,273,1,273,1399,510,782,100,494,3.12e-138,99.267,Planctomycetota,Planctomycetes,Planctomycetales,_,_,_,HQ120675.1.1399,Bacteria,OTU959.Planctomycetota._
952,OTU960,273,1,273,1252,470,742,100,477,3.15e-133,98.168,Armatimonadota,_,_,_,_,_,EU135022.1.1252,Bacteria,OTU960.Armatimonadota._
953,OTU961,273,1,273,1331,467,739,100,483,6.76e-135,98.535,Planctomycetota,Phycisphaerae,Tepidisphaerales,WD2101|soil|group,_,_,JF116704.1.1331,Bacteria,OTU961.Planctomycetota._
954,OTU962,273,1,273,1513,525,797,100,444,3.19e-123,95.971,Planctomycetota,OM190,_,_,_,_,KJ590543.1.1513,Bacteria,OTU962.Planctomycetota._
955,OTU963,273,1,273,1470,509,782,100,460,3.17e-128,97.08,Actinobacteriota,Thermoleophilia,Gaiellales,_,_,_,DQ906854.1.1470,Bacteria,OTU963.Actinobacteriota._
956,OTU964,273,1,273,1471,510,782,100,488,1.45e-136,98.901,Actinobacteriota,Thermoleophilia,Solirubrobacterales,67-14,_,_,GQ264056.1.1471,Bacteria,OTU964.Actinobacteriota._
957,OTU966,274,1,274,1496,510,783,100,473,4.09e-132,97.81,Planctomycetota,Planctomycetes,Isosphaerales,Isosphaeraceae,_,uncultured|Singulisphaera|sp,HQ674907.1.1496,Bacteria,OTU966.Planctomycetota._
958,OTU967,273,1,273,1509,534,807,100,483,6.76e-135,98.54,Firmicutes,Bacilli,Alicyclobacillales,Alicyclobacillaceae,Tumebacillus,_,JQ978939.1.1509,Bacteria,OTU967.Firmicutes.Tumebacillus
959,OTU968,274,1,274,919,471,744,100,473,4.09e-132,97.81,Halobacterota,Halobacteria,Halobacterales,Haloferacaceae,Halopelagius,uncultured|archaeon,KT216174.1.919,Archaea,OTU968.Halobacterota.Halopelagius
960,OTU969,274,1,274,1489,507,780,100,496,8.72e-139,99.27,Actinobacteriota,Acidimicrobiia,Microtrichales,_,_,_,GU444117.1.1489,Bacteria,OTU969.Actinobacteriota._
961,OTU970,273,1,273,1500,520,792,100,483,6.76e-135,98.535,Proteobacteria,Gammaproteobacteria,_,_,_,_,EU735694.1.1500,Bacteria,OTU970.Proteobacteria._
962,OTU971,273,1,273,1477,506,777,100,481,2.43e-134,98.535,Chloroflexi,Anaerolineae,SBR1031,A4b,_,_,EU735669.1.1477,Bacteria,OTU971.Chloroflexi._
963,OTU972,273,1,273,1550,542,814,100,494,3.12e-138,99.267,Verrucomicrobiota,Verrucomicrobiae,Opitutales,Opitutaceae,Lacunisphaera,_,DQ833492.1.1550,Bacteria,OTU972.Verrucomicrobiota.Lacunisphaera
964,OTU974,273,1,273,1326,480,753,100,427,3.21e-118,94.182,Chloroflexi,Chloroflexia,Thermomicrobiales,JG30-KF-CM45,_,_,JQ407955.1.1326,Bacteria,OTU974.Chloroflexi._
965,OTU975,273,1,273,1200,342,614,100,427,3.21e-118,94.872,Cyanobacteria,Cyanobacteriia,Cyanobacteriales,Microcystaceae,Cyanothece|PCC-7424,Gloeocapsa|sp.|Ryu1-8DN_B9,LC325266.1.1200,Bacteria,OTU975.Cyanobacteria.Cyanothece|PCC-7424
966,OTU976,274,1,274,1462,483,756,100,462,8.84e-129,97.08,Proteobacteria,Alphaproteobacteria,Tistrellales,Geminicoccaceae,_,_,EF125410.1.1462,Bacteria,OTU976.Proteobacteria._
967,OTU977,273,1,273,1455,491,763,100,483,6.76e-135,98.535,Chloroflexi,Anaerolineae,SBR1031,A4b,_,_,KC238402.1.1455,Bacteria,OTU977.Chloroflexi._
968,OTU978,273,1,273,1511,530,801,100,486,5.23e-136,98.901,Proteobacteria,Gammaproteobacteria,Salinisphaerales,Solimonadaceae,Polycyclovorans,_,GQ500707.1.1511,Bacteria,OTU978.Proteobacteria.Polycyclovorans
969,OTU979,273,1,273,1481,492,764,100,483,6.76e-135,98.535,Acidobacteriota,Subgroup|21,_,_,_,_,HQ190496.1.1481,Bacteria,OTU979.Acidobacteriota._
970,OTU980,273,1,273,1479,516,788,100,477,3.15e-133,98.168,Myxococcota,Polyangia,Polyangiales,BIrii41,_,_,KP745047.1.1479,Bacteria,OTU980.Myxococcota._
971,OTU981,273,1,273,1381,488,760,100,455,1.47e-126,96.715,Planctomycetota,Planctomycetes,Gemmatales,Gemmataceae,_,_,LN573922.1.1381,Bacteria,OTU981.Planctomycetota._
972,OTU982,274,1,274,1465,500,773,100,401,1.96e-110,93.091,Chloroflexi,Anaerolineae,SBR1031,uncultured|Chloroflexi|bacterium,_,_,JN038251.1.1465,Bacteria,OTU982.Chloroflexi._
973,OTU983,273,1,264,1521,541,805,97,433,6.91e-120,96.226,Gemmatimonadota,S0134|terrestrial|group,_,_,_,_,AM930306.1.1521,Bacteria,OTU983.Gemmatimonadota._
974,OTU984,273,1,273,1448,477,750,100,438,1.48e-121,95.62,Chloroflexi,Anaerolineae,Anaerolineales,Anaerolineaceae,_,_,EU915265.1.1448,Bacteria,OTU984.Chloroflexi._
975,OTU985,272,1,272,1564,546,817,100,486,5.21e-136,98.897,Firmicutes,Bacilli,Paenibacillales,Paenibacillaceae,Paenibacillus,Paenibacillus|sp.|Root52,LMFO01000023.649269.650832,Bacteria,OTU985.Firmicutes.Paenibacillus
976,OTU986,273,1,273,1494,506,778,100,388,1.52e-106,92.308,Chloroflexi,Anaerolineae,SBR1031,_,_,_,JN977367.1.1494,Bacteria,OTU986.Chloroflexi._
977,OTU987,272,1,272,1411,477,748,100,492,1.12e-137,99.265,Firmicutes,Bacilli,Paenibacillales,Paenibacillaceae,Paenibacillus,Paenibacillus|thermoaerophilus,MF101160.1.1411,Bacteria,OTU987.Firmicutes.Paenibacillus
978,OTU988,273,1,273,1315,453,725,100,449,6.86e-125,96.337,Chloroflexi,Anaerolineae,SBR1031,A4b,_,_,JF796795.1.1315,Bacteria,OTU988.Chloroflexi._
979,OTU989,273,1,273,1505,536,808,100,466,6.81e-130,97.436,Myxococcota,Myxococcia,Myxococcales,Myxococcaceae,Aggregicoccus,_,HG764487.1.1505,Bacteria,OTU989.Myxococcota.Aggregicoccus
980,OTU990,273,1,273,1499,519,791,100,411,3.24e-113,93.773,Proteobacteria,Gammaproteobacteria,Competibacterales,Competibacteraceae,Plasticicumulans,_,EU735630.1.1499,Bacteria,OTU990.Proteobacteria.Plasticicumulans
981,OTU991,273,1,273,1521,541,813,100,488,1.45e-136,98.901,Desulfobacterota,_,_,_,_,_,FJ478897.1.1521,Bacteria,OTU991.Desulfobacterota._
982,OTU992,273,1,273,1311,462,734,100,483,6.76e-135,98.535,Chloroflexi,Chloroflexia,Chloroflexales,Roseiflexaceae,_,_,EU134125.1.1311,Bacteria,OTU992.Chloroflexi._
983,OTU993,121,1,121,1544,505,625,100,224,1.75e-57,100,Actinobacteriota,Actinobacteria,Corynebacteriales,Nocardiaceae,Nocardia,Nocardia|kroppenstedtii,DQ157924.1.1544,Bacteria,OTU993.Actinobacteriota.Nocardia
984,OTU994,273,1,273,1378,507,779,100,449,6.86e-125,96.337,Proteobacteria,Gammaproteobacteria,Xanthomonadales,Xanthomonadaceae,Arenimonas,_,LN563740.1.1378,Bacteria,OTU994.Proteobacteria.Arenimonas
985,OTU995,273,1,273,1484,518,790,100,477,3.15e-133,98.168,Bacteroidota,Bacteroidia,Cytophagales,Cyclobacteriaceae,Fulvivirga,uncultured|Bacteroidetes|bacterium,EF123560.1.1484,Bacteria,OTU995.Bacteroidota.Fulvivirga
986,OTU996,273,1,273,1479,491,763,100,444,3.19e-123,95.971,Proteobacteria,Alphaproteobacteria,Defluviicoccales,_,_,_,JQ825071.1.1479,Bacteria,OTU996.Proteobacteria._
987,OTU997,273,1,273,1524,542,813,100,475,1.13e-132,98.168,Acidobacteriota,Vicinamibacteria,Vicinamibacterales,_,_,_,HQ120990.1.1524,Bacteria,OTU997.Acidobacteriota._
988,OTU998,273,1,273,1333,471,743,100,472,1.46e-131,97.802,Planctomycetota,Planctomycetes,Pirellulales,Pirellulaceae,_,uncultured|Planctomycetales|bacterium,AM935325.1.1333,Bacteria,OTU998.Planctomycetota._
989,OTU999,273,1,273,1488,533,805,100,494,3.12e-138,99.267,Proteobacteria,Gammaproteobacteria,Burkholderiales,Oxalobacteraceae,Massilia,Duganella|sp.|Root1480D1,LMFZ01000004.34974.36461,Bacteria,OTU999.Proteobacteria.Massilia
990,OTU1000,292,1,292,1473,486,777,100,523,4.29e-147,98.973,Gemmatimonadota,Gemmatimonadetes,Gemmatimonadales,Gemmatimonadaceae,_,uncultured|Gemmatimonadetes|bacterium,JN409176.1.1473,Bacteria,OTU1000.Gemmatimonadota._
991,OTU1001,273,1,273,1477,509,781,100,416,6.96e-115,94.161,Planctomycetota,Planctomycetes,Gemmatales,Gemmataceae,Tuwongella,_,LC215123.1.1477,Bacteria,OTU1001.Planctomycetota.Tuwongella
992,OTU1002,273,1,273,1500,507,779,100,488,1.45e-136,98.901,Proteobacteria,Gammaproteobacteria,Xanthomonadales,Xanthomonadaceae,Pseudoxanthomonas,Pseudoxanthomonas|dokdonensis,DQ178977.1.1500,Bacteria,OTU1002.Proteobacteria.Pseudoxanthomonas
993,OTU1003,274,1,274,1366,487,760,100,440,4.14e-122,95.62,Planctomycetota,Planctomycetes,Isosphaerales,Isosphaeraceae,_,_,LN565452.1.1366,Bacteria,OTU1003.Planctomycetota._
994,OTU1004,273,1,273,1520,506,777,100,486,5.23e-136,98.901,Planctomycetota,Planctomycetes,Pirellulales,Pirellulaceae,_,uncultured|soil|bacterium,JN417566.1.1520,Bacteria,OTU1004.Planctomycetota._
995,OTU1005,273,1,273,1502,520,792,100,472,1.46e-131,97.802,Bacteroidota,Rhodothermia,Rhodothermales,Rhodothermaceae,_,_,HQ190542.1.1502,Bacteria,OTU1005.Bacteroidota._
996,OTU1006,274,1,274,1485,503,776,100,414,2.51e-114,93.796,Actinobacteriota,Acidimicrobiia,Microtrichales,Microtrichaceae,Sva0996|marine|group,uncultured|actinobacterium,EU374087.1.1485,Bacteria,OTU1006.Actinobacteriota.Sva0996|marine|group
997,OTU1007,273,1,273,1424,471,743,100,488,1.45e-136,98.901,Firmicutes,Clostridia,Clostridiales,Clostridiaceae,Clostridium|sensu|stricto|8,_,HE804354.1.1424,Bacteria,OTU1007.Firmicutes.Clostridium|sensu|stricto|8
998,OTU1008,274,1,274,1335,490,763,100,435,1.93e-120,95.255,Chloroflexi,Anaerolineae,Ardenticatenales,_,uncultured|Chloroflexi|bacterium,_,EU283568.1.1335,Bacteria,OTU1008.Chloroflexi.uncultured|Chloroflexi|bacterium
999,OTU1009,273,1,273,1388,517,789,100,483,6.76e-135,98.535,Chloroflexi,Chloroflexia,Thermomicrobiales,JG30-KF-CM45,_,_,FJ671122.1.1388,Bacteria,OTU1009.Chloroflexi._
1000,OTU1010,273,1,273,1506,527,799,100,494,3.12e-138,99.267,Actinobacteriota,Thermoleophilia,Solirubrobacterales,Solirubrobacteraceae,Conexibacter,_,FJ478579.1.1506,Bacteria,OTU1010.Actinobacteriota.Conexibacter
1001,OTU1011,273,1,273,1467,468,740,100,494,3.12e-138,99.267,Proteobacteria,Alphaproteobacteria,Rhizobiales,Rhizobiaceae,Mesorhizobium,metagenome,FPLS01039204.13.1479,Bacteria,OTU1011.Proteobacteria.Mesorhizobium
1002,OTU1012,273,1,273,1482,499,771,100,483,6.76e-135,98.535,Planctomycetota,Planctomycetes,Pirellulales,Pirellulaceae,Pirellula,_,GQ487887.1.1482,Bacteria,OTU1012.Planctomycetota.Pirellula
1003,OTU1013,273,1,273,1484,508,780,100,422,1.5e-116,94.505,Planctomycetota,Planctomycetes,Gemmatales,Gemmataceae,_,_,HQ121003.1.1484,Bacteria,OTU1013.Planctomycetota._
1004,OTU1014,273,1,273,1515,537,809,100,494,3.12e-138,99.267,Acidobacteriota,Vicinamibacteria,Vicinamibacterales,_,_,_,JX133378.1.1515,Bacteria,OTU1014.Acidobacteriota._
1005,OTU1015,273,1,273,1392,517,789,100,472,1.46e-131,97.802,Desulfobacterota,Desulfuromonadia,Desulfuromonadales,Desulfuromonadaceae,uncultured|Pelobacter|sp,_,AM935028.1.1392,Bacteria,OTU1015.Desulfobacterota.uncultured|Pelobacter|sp
1006,OTU1016,273,1,273,1476,489,761,100,499,6.71e-140,99.634,Chloroflexi,Anaerolineae,SBR1031,A4b,metagenome,_,FPLS01039234.11.1486,Bacteria,OTU1016.Chloroflexi.metagenome
1007,OTU1017,273,1,273,1462,498,770,100,355,1.54e-96,90.11,Chloroflexi,Anaerolineae,SBR1031,A4b,_,_,KC896668.1.1462,Bacteria,OTU1017.Chloroflexi._
1008,OTU1018,272,1,272,1436,477,748,100,475,1.13e-132,98.162,Entotheonellaeota,Entotheonellia,Entotheonellales,Entotheonellaceae,Candidatus|Entotheonella,_,LC026816.1.1436,Bacteria,OTU1018.Entotheonellaeota.Candidatus|Entotheonella
1009,OTU1019,273,1,273,1483,501,773,100,483,6.76e-135,98.535,Acidobacteriota,Subgroup|21,_,_,_,_,JX120436.1.1483,Bacteria,OTU1019.Acidobacteriota._
1010,OTU1020,273,1,273,1469,500,772,100,416,6.96e-115,94.139,Chloroflexi,Dehalococcoidia,SAR202|clade,_,_,_,HQ910309.1.1469,Bacteria,OTU1020.Chloroflexi._
1011,OTU1021,273,1,273,1488,498,770,100,472,1.46e-131,97.802,Acidobacteriota,Vicinamibacteria,Subgroup|17,uncultured|Acidobacteriales|bacterium,_,_,EU276492.1.1488,Bacteria,OTU1021.Acidobacteriota._
1012,OTU1022,273,1,273,1377,504,776,100,488,1.45e-136,98.901,Firmicutes,Clostridia,Clostridiales,Clostridiaceae,Clostridium|sensu|stricto|1,_,EU779107.1.1377,Bacteria,OTU1022.Firmicutes.Clostridium|sensu|stricto|1
1013,OTU1023,273,1,273,1371,488,760,100,444,3.19e-123,96,Planctomycetota,Phycisphaerae,Tepidisphaerales,WD2101|soil|group,uncultured|planctomycete,_,AY922173.1.1371,Bacteria,OTU1023.Planctomycetota.uncultured|planctomycete
1014,OTU1024,273,1,273,1456,475,747,100,488,1.45e-136,98.901,Proteobacteria,Alphaproteobacteria,_,_,_,_,JX133305.1.1456,Bacteria,OTU1024.Proteobacteria._
1015,OTU1025,273,1,271,1481,515,785,99,484,1.88e-135,98.893,Myxococcota,Polyangia,Polyangiales,BIrii41,_,_,JX080238.1.1481,Bacteria,OTU1025.Myxococcota._
1016,OTU1026,274,1,274,1445,486,759,100,429,8.97e-119,94.909,Planctomycetota,Planctomycetes,Isosphaerales,Isosphaeraceae,_,planctomycete|WY108,KC855018.1.1445,Bacteria,OTU1026.Planctomycetota._
1017,OTU1027,273,1,273,1540,533,805,100,494,3.12e-138,99.267,Proteobacteria,Gammaproteobacteria,Burkholderiales,Oxalobacteraceae,Massilia,Janthinobacterium|agaricidamnosum,CP033019.576600.578139,Bacteria,OTU1027.Proteobacteria.Massilia
1018,OTU1029,273,1,273,1517,536,808,100,488,1.45e-136,98.901,Firmicutes,Bacilli,Bacillales,Bacillaceae,Bacillus,_,JX133340.1.1517,Bacteria,OTU1029.Firmicutes.Bacillus
1019,OTU1030,273,1,273,1324,480,752,100,433,6.91e-120,95.238,Chloroflexi,Chloroflexia,Thermomicrobiales,JG30-KF-CM45,_,_,JF135724.1.1324,Bacteria,OTU1030.Chloroflexi._
1020,OTU1031,273,1,273,1419,473,745,100,494,3.12e-138,99.267,Chloroflexi,Anaerolineae,SBR1031,A4b,uncultured|soil|bacterium,_,AY493960.1.1419,Bacteria,OTU1031.Chloroflexi.uncultured|soil|bacterium
1021,OTU1032,272,1,272,1485,504,776,100,448,2.46e-124,96.337,Entotheonellaeota,Entotheonellia,Entotheonellales,Entotheonellaceae,Candidatus|Entotheonella,_,HQ397208.1.1485,Bacteria,OTU1032.Entotheonellaeota.Candidatus|Entotheonella
1022,OTU1033,273,2,273,1405,527,798,99,409,1.16e-112,93.773,Planctomycetota,Planctomycetes,Planctomycetales,_,_,_,KM454320.1.1405,Bacteria,OTU1033.Planctomycetota._
1023,OTU1034,273,1,273,1458,496,768,100,433,6.91e-120,95.238,Chloroflexi,Anaerolineae,SBR1031,A4b,_,_,JQ347351.1.1458,Bacteria,OTU1034.Chloroflexi._
1024,OTU1035,273,1,273,1491,514,786,100,488,1.45e-136,98.901,Myxococcota,Myxococcia,Myxococcales,Myxococcaceae,Cystobacter,Cystobacter|velatus,DQ768115.1.1491,Bacteria,OTU1035.Myxococcota.Cystobacter
1025,OTU1036,273,1,273,1489,505,777,100,499,6.71e-140,99.634,Planctomycetota,Planctomycetes,Pirellulales,Pirellulaceae,Rhodopirellula,_,JQ824908.1.1489,Bacteria,OTU1036.Planctomycetota.Rhodopirellula
1026,OTU1037,273,1,273,1502,523,795,100,483,6.76e-135,98.535,Proteobacteria,Gammaproteobacteria,PLTA13,_,_,_,GQ500744.1.1502,Bacteria,OTU1037.Proteobacteria._
1027,OTU1038,273,1,273,1361,483,755,100,488,1.45e-136,98.901,Planctomycetota,Planctomycetes,Gemmatales,Gemmataceae,_,_,JQ408008.1.1361,Bacteria,OTU1038.Planctomycetota._
1028,OTU1039,273,1,273,1211,284,556,100,427,3.21e-118,94.872,Proteobacteria,Alphaproteobacteria,Rhodobacterales,Rhodobacteraceae,Limibaculum,uncultured|organism,JN517182.1.1211,Bacteria,OTU1039.Proteobacteria.Limibaculum
1029,OTU1040,273,1,273,1349,440,712,100,472,1.46e-131,97.802,Firmicutes,Limnochordia,Hydrogenispora,_,_,_,AB487539.1.1349,Bacteria,OTU1040.Firmicutes._
1030,OTU1041,273,1,273,1335,489,761,100,438,1.48e-121,95.604,Chloroflexi,Anaerolineae,Caldilineales,Caldilineaceae,_,_,KC431985.1.1335,Bacteria,OTU1041.Chloroflexi._
1031,OTU1042,273,1,273,1368,507,779,100,488,1.45e-136,98.901,Planctomycetota,OM190,_,_,_,_,EU135035.1.1368,Bacteria,OTU1042.Planctomycetota._
1032,OTU1043,273,1,273,1493,521,793,100,488,1.45e-136,98.901,Proteobacteria,Gammaproteobacteria,Burkholderiales,Sutterellaceae,_,_,KX505055.1.1493,Bacteria,OTU1043.Proteobacteria._
1033,OTU1044,273,1,273,1499,517,789,100,499,6.71e-140,99.634,Acidobacteriota,Holophagae,Subgroup|7,_,_,_,KF712785.1.1499,Bacteria,OTU1044.Acidobacteriota._
1034,OTU1045,273,1,273,1465,468,740,100,488,1.45e-136,98.901,Proteobacteria,Alphaproteobacteria,Rhizobiales,Rhizobiaceae,Allorhizobium-Neorhizobium-Pararhizobium-Rhizobium,metagenome,FPLS01034413.21.1485,Bacteria,OTU1045.Proteobacteria.Allorhizobium-Neorhizobium-Pararhizobium-Rhizobium
1035,OTU1046,273,1,273,1464,454,726,100,455,1.47e-126,96.703,Proteobacteria,Alphaproteobacteria,_,_,_,_,FJ152805.1.1464,Bacteria,OTU1046.Proteobacteria._
1036,OTU1047,273,1,273,1380,491,763,100,477,3.15e-133,98.168,Planctomycetota,Planctomycetes,Gemmatales,Gemmataceae,_,_,EU135034.1.1380,Bacteria,OTU1047.Planctomycetota._
1037,OTU1048,273,1,273,1398,536,808,100,494,3.12e-138,99.267,Planctomycetota,Planctomycetes,Pirellulales,Pirellulaceae,Pir4|lineage,_,HE650024.1.1398,Bacteria,OTU1048.Planctomycetota.Pir4|lineage
1038,OTU1049,273,1,273,1376,489,761,100,477,3.15e-133,98.168,Planctomycetota,Planctomycetes,Gemmatales,Gemmataceae,_,_,EU135159.1.1376,Bacteria,OTU1049.Planctomycetota._
1039,OTU1050,273,1,273,1379,502,774,100,494,3.12e-138,99.267,Acidobacteriota,Blastocatellia,11-24,_,_,_,JF266512.1.1379,Bacteria,OTU1050.Acidobacteriota._
1040,OTU1051,273,1,273,1507,499,771,100,488,1.45e-136,98.901,Actinobacteriota,Actinobacteria,Propionibacteriales,Nocardioidaceae,Nocardioides,_,KC554754.1.1507,Bacteria,OTU1051.Actinobacteriota.Nocardioides
1041,OTU1052,273,1,273,1366,510,782,100,422,1.5e-116,94.505,Actinobacteriota,Thermoleophilia,Solirubrobacterales,Solirubrobacteraceae,Solirubrobacter,_,JF175176.1.1366,Bacteria,OTU1052.Actinobacteriota.Solirubrobacter
1042,OTU1053,274,1,274,1529,540,813,100,473,4.09e-132,97.81,Gemmatimonadota,PAUC43f|marine|benthic|group,_,_,_,_,HQ190538.1.1529,Bacteria,OTU1053.Gemmatimonadota._
1043,OTU1054,273,1,273,1328,476,748,100,466,6.81e-130,97.436,Chloroflexi,Anaerolineae,SBR1031,A4b,_,_,EU134153.1.1328,Bacteria,OTU1054.Chloroflexi._
1044,OTU1055,273,1,273,1520,538,810,100,438,1.48e-121,95.604,Myxococcota,Polyangia,Haliangiales,Haliangiaceae,Haliangium,_,FJ479050.1.1520,Bacteria,OTU1055.Myxococcota.Haliangium
1045,OTU1056,273,1,273,1447,434,707,100,477,3.15e-133,98.175,Proteobacteria,Alphaproteobacteria,Rhizobiales,_,_,_,JQ427579.1.1447,Bacteria,OTU1056.Proteobacteria._
1046,OTU1057,273,1,273,1483,503,775,100,488,1.45e-136,98.901,Acidobacteriota,Subgroup|21,_,_,_,_,JX120437.1.1483,Bacteria,OTU1057.Acidobacteriota._
1047,OTU1058,121,1,121,1340,481,601,100,213,3.79e-54,98.347,Actinobacteriota,Actinobacteria,Corynebacteriales,Mycobacteriaceae,Mycobacterium,_,JF200689.1.1340,Bacteria,OTU1058.Actinobacteriota.Mycobacterium
1048,OTU1059,275,1,275,1467,454,727,100,385,1.98e-105,92.029,Proteobacteria,Alphaproteobacteria,Tistrellales,Geminicoccaceae,_,uncultured|Acetobacteraceae|bacterium,HM438094.1.1467,Bacteria,OTU1059.Proteobacteria._
1049,OTU1060,273,1,273,1518,542,814,100,438,1.48e-121,95.62,NB1-j,_,_,_,_,_,KF836249.1.1518,Bacteria,OTU1060.NB1-j._
1050,OTU1061,273,2,273,1400,457,728,99,331,2.59e-89,88.686,Chloroflexi,Chloroflexia,Chloroflexales,Roseiflexaceae,_,_,DQ906857.1.1400,Bacteria,OTU1061.Chloroflexi._
1051,OTU1062,273,1,273,1354,487,759,100,422,1.5e-116,94.505,Actinobacteriota,Actinobacteria,Nitriliruptorales,Nitriliruptoraceae,_,_,LN563173.1.1354,Bacteria,OTU1062.Actinobacteriota._
1052,OTU1063,273,1,273,1420,474,746,100,366,7.1e-100,90.842,Chloroflexi,Anaerolineae,SBR1031,A4b,uncultured|marine|bacterium,_,JN119131.1.1420,Bacteria,OTU1063.Chloroflexi.uncultured|marine|bacterium
1053,OTU1064,273,1,273,1488,509,780,100,481,2.43e-134,98.535,Planctomycetota,Planctomycetes,Gemmatales,Gemmataceae,Gemmata,_,HQ121127.1.1488,Bacteria,OTU1064.Planctomycetota.Gemmata
1054,OTU1065,273,1,273,1391,512,784,100,466,6.81e-130,97.436,Planctomycetota,OM190,_,_,_,_,FJ208810.1.1391,Bacteria,OTU1065.Planctomycetota._
1055,OTU1066,273,2,273,1310,467,738,99,381,2.54e-104,91.941,Chloroflexi,Chloroflexia,Kallotenuales,AKIW781,_,_,JQ407966.1.1310,Bacteria,OTU1066.Chloroflexi._
1056,OTU1067,273,1,273,1501,523,795,100,488,1.45e-136,98.901,Bacteroidota,Bacteroidia,Chitinophagales,Chitinophagaceae,Flavitalea,metagenome,FPLS01048191.22.1522,Bacteria,OTU1067.Bacteroidota.Flavitalea
1057,OTU1068,273,1,273,1511,533,805,100,494,3.12e-138,99.267,Acidobacteriota,Vicinamibacteria,Vicinamibacterales,Vicinamibacteraceae,_,_,FJ479169.1.1511,Bacteria,OTU1068.Acidobacteriota._
1058,OTU1069,273,1,273,1412,537,809,100,483,6.76e-135,98.535,Myxococcota,Myxococcia,Myxococcales,Anaeromyxobacteraceae,Anaeromyxobacter,uncultured|delta|proteobacterium,AY921809.1.1412,Bacteria,OTU1069.Myxococcota.Anaeromyxobacter
1059,OTU1070,273,1,273,1468,523,795,100,494,3.12e-138,99.267,Bacteroidota,Bacteroidia,Chitinophagales,Chitinophagaceae,Flavisolibacter,_,DQ129646.1.1468,Bacteria,OTU1070.Bacteroidota.Flavisolibacter
1060,OTU1071,274,1,274,1350,486,759,100,446,8.91e-124,95.985,Planctomycetota,Planctomycetes,Isosphaerales,Isosphaeraceae,_,_,JF175654.1.1350,Bacteria,OTU1071.Planctomycetota._
1061,OTU1072,273,1,273,1321,470,742,100,483,6.76e-135,98.535,Chloroflexi,Anaerolineae,SBR1031,A4b,_,_,EU133957.1.1321,Bacteria,OTU1072.Chloroflexi._
1062,OTU1073,273,1,273,1389,515,789,100,473,4.07e-132,97.818,Myxococcota,Polyangia,Polyangiales,BIrii41,_,_,LN570784.1.1389,Bacteria,OTU1073.Myxococcota._
1063,OTU1074,273,1,273,1360,501,773,100,494,3.12e-138,99.267,Proteobacteria,Gammaproteobacteria,Xanthomonadales,Rhodanobacteraceae,_,_,KC432241.1.1360,Bacteria,OTU1074.Proteobacteria._
1064,OTU1075,273,1,273,1359,486,758,100,449,6.86e-125,96.337,Planctomycetota,Phycisphaerae,Tepidisphaerales,WD2101|soil|group,_,_,EF018647.1.1359,Bacteria,OTU1075.Planctomycetota._
1065,OTU1076,274,1,274,1504,517,790,100,473,4.09e-132,97.81,Gemmatimonadota,Longimicrobia,Longimicrobiales,Longimicrobiaceae,_,_,GQ262858.1.1504,Bacteria,OTU1076.Gemmatimonadota._
1066,OTU1077,273,1,273,1453,474,746,100,494,3.12e-138,99.267,Cyanobacteria,Cyanobacteriia,Leptolyngbyales,Leptolyngbyaceae,Leptolyngbya|VRUC|135,_,JQ769826.1.1453,Bacteria,OTU1077.Cyanobacteria.Leptolyngbya|VRUC|135
1067,OTU1078,274,1,274,1464,497,769,100,455,1.48e-126,96.715,Proteobacteria,Alphaproteobacteria,Kiloniellales,Kiloniellaceae,_,_,KF596677.1.1464,Bacteria,OTU1078.Proteobacteria._
1068,OTU1079,273,1,265,1490,491,760,97,460,3.17e-128,97.778,Chloroflexi,Anaerolineae,Ardenticatenales,Ardenticatenaceae,_,_,JN178578.1.1490,Bacteria,OTU1079.Chloroflexi._
1069,OTU1080,274,1,274,1456,492,765,100,490,4.06e-137,98.905,Planctomycetota,Planctomycetes,Isosphaerales,Isosphaeraceae,_,uncultured|organism,JN537385.1.1456,Bacteria,OTU1080.Planctomycetota._
1070,OTU1081,273,1,273,1524,542,814,100,438,1.48e-121,95.62,Planctomycetota,OM190,_,_,_,_,EU881095.1.1524,Bacteria,OTU1081.Planctomycetota._
1071,OTU1082,273,1,273,1369,447,719,100,477,3.15e-133,98.168,Planctomycetota,Planctomycetes,Pirellulales,Pirellulaceae,Pirellula,_,AB696331.1.1369,Bacteria,OTU1082.Planctomycetota.Pirellula
1072,OTU1083,273,1,273,1344,484,756,100,472,1.46e-131,97.802,Planctomycetota,Planctomycetes,Planctomycetales,_,uncultured|planctomycete,_,AM935815.1.1344,Bacteria,OTU1083.Planctomycetota.uncultured|planctomycete
1073,OTU1084,273,1,273,1520,523,795,100,449,6.86e-125,96.337,Chloroflexi,Anaerolineae,Ardenticatenales,_,_,_,KC191775.1.1520,Bacteria,OTU1084.Chloroflexi._
1074,OTU1085,273,1,273,1374,460,732,100,460,3.17e-128,97.07,Cyanobacteria,Cyanobacteriia,Cyanobacteriales,Nostocaceae,Nostoc|BDU-40302,Nostoc|sp.|HCC1088,MH036183.1.1374,Bacteria,OTU1085.Cyanobacteria.Nostoc|BDU-40302
1075,OTU1086,274,1,274,1340,482,755,100,468,1.9e-130,97.445,Actinobacteriota,Acidimicrobiia,IMCC26256,_,_,_,JF145577.1.1340,Bacteria,OTU1086.Actinobacteriota._
1076,OTU1087,273,1,273,1513,512,784,100,488,1.45e-136,98.901,Actinobacteriota,Actinobacteria,Streptosporangiales,Nocardiopsaceae,Nocardiopsis,Nocardiopsis|synnemataformans|DSM|44143,ANAW01000308.302.1814,Bacteria,OTU1087.Actinobacteriota.Nocardiopsis
1077,OTU1088,273,2,273,1345,424,695,99,331,2.59e-89,88.645,Chloroflexi,Chloroflexia,Thermomicrobiales,AKYG1722,wastewater|metagenome,_,CXWK01001735.4041.5385,Bacteria,OTU1088.Chloroflexi.wastewater|metagenome
1078,OTU1089,273,2,273,1443,438,709,99,466,6.81e-130,97.436,Planctomycetota,Planctomycetes,Gemmatales,Gemmataceae,Gemmata,uncultured|endolithic|bacterium,AB473908.1.1443,Bacteria,OTU1089.Planctomycetota.Gemmata
1079,OTU1090,273,1,273,1316,454,726,100,483,6.76e-135,98.535,Planctomycetota,OM190,_,_,_,_,BX294710.1.1316,Bacteria,OTU1090.Planctomycetota._
1080,OTU1091,273,1,273,1500,522,794,100,488,1.45e-136,98.901,Proteobacteria,Gammaproteobacteria,Pseudomonadales,Pseudomonadaceae,Pseudomonas,Pseudomonas|sp.|LFJS3-9,DQ164217.1.1500,Bacteria,OTU1091.Proteobacteria.Pseudomonas
1081,OTU1092,273,1,273,1456,496,768,100,466,6.81e-130,97.436,Actinobacteriota,Thermoleophilia,Solirubrobacterales,Solirubrobacteraceae,Parviterribacter,Parviterribacter|kavangonensis,KP981370.1.1456,Bacteria,OTU1092.Actinobacteriota.Parviterribacter
1082,OTU1093,273,1,273,913,465,737,100,444,3.19e-123,95.971,Thermoplasmatota,Thermoplasmata,Marine|Group|II,uncultured|archaeon,_,_,KC604476.1.913,Archaea,OTU1093.Thermoplasmatota._
1083,OTU1094,273,1,273,1426,470,742,100,477,3.15e-133,98.168,Acidobacteriota,Acidobacteriae,PAUC26f,_,_,_,KF616613.1.1426,Bacteria,OTU1094.Acidobacteriota._
1084,OTU1095,273,1,273,1374,515,787,100,494,3.12e-138,99.267,Gemmatimonadota,BD2-11|terrestrial|group,_,_,_,_,KC432270.1.1374,Bacteria,OTU1095.Gemmatimonadota._
1085,OTU1096,273,2,273,1548,542,813,99,453,5.3e-126,96.691,Acidobacteriota,Subgroup|26,_,_,_,_,JN977197.1.1548,Bacteria,OTU1096.Acidobacteriota._
1086,OTU1097,273,1,273,1494,515,787,100,449,6.86e-125,96.337,Acidobacteriota,Thermoanaerobaculia,Thermoanaerobaculales,Thermoanaerobaculaceae,Subgroup|10,uncultured|Acidobacteria|bacterium,FJ205217.1.1494,Bacteria,OTU1097.Acidobacteriota.Subgroup|10
1087,OTU1098,273,1,273,1487,497,769,100,483,6.76e-135,98.535,Armatimonadota,_,_,_,_,_,JN037996.1.1487,Bacteria,OTU1098.Armatimonadota._
1088,OTU1099,273,1,273,1409,438,710,100,488,1.45e-136,98.901,Actinobacteriota,Actinobacteria,Propionibacteriales,Propionibacteriaceae,Jiangella,_,GU574028.1.1409,Bacteria,OTU1099.Actinobacteriota.Jiangella
1089,OTU1100,273,1,273,1395,450,722,100,455,1.47e-126,96.703,Chloroflexi,KD4-96,_,_,_,_,KY190653.1.1395,Bacteria,OTU1100.Chloroflexi._
1090,OTU1101,273,1,273,1421,476,748,100,429,8.93e-119,94.872,Chloroflexi,Anaerolineae,Ardenticatenales,_,uncultured|soil|bacterium,_,AY326635.1.1421,Bacteria,OTU1101.Chloroflexi.uncultured|soil|bacterium
1091,OTU1102,273,1,273,1367,487,759,100,433,6.91e-120,95.238,Planctomycetota,OM190,_,_,_,_,LN573914.1.1367,Bacteria,OTU1102.Planctomycetota._
1092,OTU1103,273,1,273,1326,461,733,100,427,3.21e-118,94.872,Chloroflexi,Anaerolineae,Caldilineales,Caldilineaceae,Litorilinea,_,JN801077.1.1326,Bacteria,OTU1103.Chloroflexi.Litorilinea
1093,OTU1104,273,1,273,1452,511,783,100,472,1.46e-131,97.802,Acidobacteriota,Vicinamibacteria,Vicinamibacterales,_,_,_,JQ337437.1.1452,Bacteria,OTU1104.Acidobacteriota._
1094,OTU1105,273,1,273,1467,461,733,100,466,6.81e-130,97.436,Chloroflexi,Anaerolineae,Caldilineales,Caldilineaceae,_,_,JQ426157.1.1467,Bacteria,OTU1105.Chloroflexi._
1095,OTU1106,273,1,272,1429,436,706,99,457,4.1e-127,97.059,Chloroflexi,Anaerolineae,SBR1031,uncultured|Caldilineaceae|bacterium,_,_,HM438265.1.1429,Bacteria,OTU1106.Chloroflexi._
1096,OTU1107,273,1,273,1471,508,781,100,477,3.15e-133,98.175,Verrucomicrobiota,Verrucomicrobiae,Verrucomicrobiales,Verrucomicrobiaceae,_,_,KY190353.1.1471,Bacteria,OTU1107.Verrucomicrobiota._
1097,OTU1108,272,1,272,1461,500,771,100,353,5.51e-96,90.11,Chloroflexi,SHA-26,_,_,_,_,JF922436.1.1461,Bacteria,OTU1108.Chloroflexi._
1098,OTU1109,273,1,273,1462,497,769,100,488,1.45e-136,98.901,Chloroflexi,Anaerolineae,Ardenticatenales,_,_,_,JX133465.1.1462,Bacteria,OTU1109.Chloroflexi._
1099,OTU1110,273,1,273,1496,522,794,100,494,3.12e-138,99.267,Planctomycetota,OM190,_,_,_,_,GQ264091.1.1496,Bacteria,OTU1110.Planctomycetota._
1100,OTU1111,273,1,270,1314,457,726,99,460,3.17e-128,97.407,Planctomycetota,Phycisphaerae,Tepidisphaerales,uncultured|Planctomycetales|bacterium,_,_,AM936264.1.1314,Bacteria,OTU1111.Planctomycetota._
1101,OTU1112,273,1,273,1290,540,812,100,488,1.45e-136,98.901,Acidobacteriota,Vicinamibacteria,Vicinamibacterales,Vicinamibacteraceae,Luteitalea,uncultured|bacterium|gp6,FJ946614.1.1290,Bacteria,OTU1112.Acidobacteriota.Luteitalea
1102,OTU1113,273,1,273,1376,507,779,100,477,3.15e-133,98.168,Actinobacteriota,Thermoleophilia,Gaiellales,_,_,_,LN566413.1.1376,Bacteria,OTU1113.Actinobacteriota._
1103,OTU1114,273,1,273,1483,519,791,100,483,6.76e-135,98.535,Bacteroidota,Bacteroidia,Cytophagales,Microscillaceae,_,_,FJ479173.1.1483,Bacteria,OTU1114.Bacteroidota._
1104,OTU1115,274,1,274,1394,517,790,100,490,4.06e-137,98.905,Gemmatimonadota,S0134|terrestrial|group,uncultured|Gemmatimonadetes|bacterium,_,_,_,AM935336.1.1394,Bacteria,OTU1115.Gemmatimonadota._
1105,OTU1116,274,1,274,1349,485,758,100,451,1.91e-125,96.364,Planctomycetota,Planctomycetes,Isosphaerales,Isosphaeraceae,_,uncultured|Planctomycetales|bacterium,AM935706.1.1349,Bacteria,OTU1116.Planctomycetota._
1106,OTU1117,273,1,273,1506,516,790,100,390,4.22e-107,92.364,Planctomycetota,Planctomycetes,Gemmatales,Gemmataceae,_,_,EU881276.1.1506,Bacteria,OTU1117.Planctomycetota._
1107,OTU1118,273,1,273,1503,508,780,100,499,6.71e-140,99.634,Proteobacteria,Gammaproteobacteria,Enterobacterales,Enterobacteriaceae,Klebsiella,Klebsiella|pneumoniae,FXOZ01000058.154.1656,Bacteria,OTU1118.Proteobacteria.Klebsiella
1108,OTU1119,273,1,273,1432,474,746,100,494,3.12e-138,99.267,Proteobacteria,Alphaproteobacteria,Rhodobacterales,Rhodobacteraceae,Rubellimicrobium,_,KF964627.1.1432,Bacteria,OTU1119.Proteobacteria.Rubellimicrobium
1109,OTU1120,273,1,273,1475,468,740,100,477,3.15e-133,98.168,Proteobacteria,Alphaproteobacteria,Rhizobiales,Beijerinckiaceae,Salinarimonas,_,DQ833503.1.1475,Bacteria,OTU1120.Proteobacteria.Salinarimonas
1110,OTU1121,274,1,274,1460,471,744,100,490,4.06e-137,98.905,Halobacterota,Halobacteria,Halobacterales,Haloferacaceae,Halogeometricum,Halogeometricum|pallidum|JCM|14848,AOIV01000004.19067.20526,Archaea,OTU1121.Halobacterota.Halogeometricum
1111,OTU1122,273,1,273,1399,461,733,100,477,3.15e-133,98.168,Chloroflexi,Dehalococcoidia,S085,_,_,_,KM071677.1.1399,Bacteria,OTU1122.Chloroflexi._
1112,OTU1123,273,1,273,1454,474,746,100,488,1.45e-136,98.901,Proteobacteria,Alphaproteobacteria,Tistrellales,Geminicoccaceae,Candidatus|Alysiosphaera,uncultured|Alphaproteobacteria|bacterium,HQ397225.1.1454,Bacteria,OTU1123.Proteobacteria.Candidatus|Alysiosphaera
1113,OTU1124,274,1,274,1479,469,742,100,490,4.06e-137,98.905,Actinobacteriota,Acidimicrobiia,Microtrichales,_,_,_,JQ427395.1.1479,Bacteria,OTU1124.Actinobacteriota._
1114,OTU1125,273,1,273,1256,510,782,100,433,6.91e-120,95.238,Actinobacteriota,Thermoleophilia,Solirubrobacterales,67-14,_,_,EU132541.1.1256,Bacteria,OTU1125.Actinobacteriota._
1115,OTU1126,274,1,274,1514,501,774,100,496,8.72e-139,99.27,Actinobacteriota,Acidimicrobiia,Microtrichales,Iamiaceae,Iamia,_,KC554166.1.1514,Bacteria,OTU1126.Actinobacteriota.Iamia
1116,OTU1127,273,1,273,1362,450,722,100,438,1.48e-121,95.604,Chloroflexi,Anaerolineae,SBR1031,A4b,uncultured|organism,_,JN437141.1.1362,Bacteria,OTU1127.Chloroflexi.uncultured|organism
1117,OTU1128,273,1,273,1381,520,792,100,449,6.86e-125,96.337,Myxococcota,bacteriap25,_,_,_,_,HM270382.1.1381,Bacteria,OTU1128.Myxococcota._
1118,OTU1129,273,1,273,1384,513,785,100,488,1.45e-136,98.901,Planctomycetota,Planctomycetes,Planctomycetales,Rubinisphaeraceae,SH-PL14,uncultured|planctomycete,EF019633.1.1384,Bacteria,OTU1129.Planctomycetota.SH-PL14
1119,OTU1130,273,1,273,1319,467,739,100,438,1.48e-121,95.604,Chloroflexi,Dehalococcoidia,S085,_,_,_,EU134062.1.1319,Bacteria,OTU1130.Chloroflexi._
1120,OTU1131,273,1,273,1317,471,745,100,490,4.04e-137,98.909,Chloroflexi,Anaerolineae,Anaerolineales,Anaerolineaceae,_,_,KR779671.1.1317,Bacteria,OTU1131.Chloroflexi._
1121,OTU1132,273,1,272,1484,516,787,99,442,1.15e-122,95.956,Proteobacteria,Gammaproteobacteria,EPR3968-O8a-Bc78,_,_,_,FJ900559.1.1484,Bacteria,OTU1132.Proteobacteria._
1122,OTU1133,273,1,273,1517,521,793,100,488,1.45e-136,98.901,Proteobacteria,Gammaproteobacteria,Pseudomonadales,Cellvibrionaceae,Cellvibrio,Cellvibrio|sp.|OA-2007,BBUL01000055.3960.5476,Bacteria,OTU1133.Proteobacteria.Cellvibrio
1123,OTU1134,273,1,273,1319,466,735,100,429,8.93e-119,95.238,Thermoplasmatota,Thermoplasmata,Marine|Group|II,uncultured|archaeon,_,_,EU647179.1.1319,Archaea,OTU1134.Thermoplasmatota._
1124,OTU1135,273,1,273,1491,508,780,100,483,6.76e-135,98.535,Planctomycetota,Planctomycetes,Pirellulales,Pirellulaceae,_,uncultured|soil|bacterium,JX489895.1.1491,Bacteria,OTU1135.Planctomycetota._
1125,OTU1137,273,1,273,1391,432,704,100,477,3.15e-133,98.168,Proteobacteria,Alphaproteobacteria,Sphingomonadales,Sphingomonadaceae,Sphingomonas,uncultured|Sphingomonadaceae|bacterium,HM438383.1.1391,Bacteria,OTU1137.Proteobacteria.Sphingomonas
1126,OTU1138,273,1,273,1415,483,754,100,442,1.15e-122,95.985,Planctomycetota,Planctomycetes,Gemmatales,Gemmataceae,_,_,GU118256.1.1415,Bacteria,OTU1138.Planctomycetota._
1127,OTU1139,274,1,274,1515,503,776,100,462,8.84e-129,97.08,Gemmatimonadota,Gemmatimonadetes,Gemmatimonadales,Gemmatimonadaceae,_,_,JQ711724.1.1515,Bacteria,OTU1139.Gemmatimonadota._
1128,OTU1140,273,1,273,1318,475,747,100,477,3.15e-133,98.168,Chloroflexi,Anaerolineae,Anaerolineales,Anaerolineaceae,Anaerolinea,uncultured|soil|bacterium,FQ659472.1.1318,Bacteria,OTU1140.Chloroflexi.Anaerolinea
1129,OTU1141,273,1,273,1340,480,752,100,499,6.71e-140,99.634,Planctomycetota,Planctomycetes,Planctomycetales,Rubinisphaeraceae,SH-PL14,_,JQ408032.1.1340,Bacteria,OTU1141.Planctomycetota.SH-PL14
1130,OTU1142,273,1,273,1445,483,755,100,494,3.12e-138,99.267,Bacteroidota,Bacteroidia,Chitinophagales,Chitinophagaceae,Niastella,Niastella|populi,EU877262.1.1445,Bacteria,OTU1142.Bacteroidota.Niastella
1131,OTU1143,273,1,273,1476,497,769,100,433,6.91e-120,95.238,Planctomycetota,Phycisphaerae,Tepidisphaerales,WD2101|soil|group,_,_,HQ119897.1.1476,Bacteria,OTU1143.Planctomycetota._
1132,OTU1144,273,1,273,1500,485,757,100,460,3.17e-128,97.07,Proteobacteria,Alphaproteobacteria,Thalassobaculales,_,_,_,JF979363.1.1500,Bacteria,OTU1144.Proteobacteria._
1133,OTU1145,273,1,273,1494,511,783,100,505,1.44e-141,100,Planctomycetota,Planctomycetes,Pirellulales,Pirellulaceae,Pir4|lineage,_,KX589497.1.1494,Bacteria,OTU1145.Planctomycetota.Pir4|lineage
1134,OTU1146,273,1,273,1483,504,776,100,494,3.12e-138,99.267,Acidobacteriota,Blastocatellia,Blastocatellales,Blastocatellaceae,Stenotrophobacter,Stenotrophobacter|roseus,KP638489.1.1483,Bacteria,OTU1146.Acidobacteriota.Stenotrophobacter
1135,OTU1147,274,1,274,1494,497,770,100,496,8.72e-139,99.27,Planctomycetota,Planctomycetes,Isosphaerales,Isosphaeraceae,Singulisphaera,metagenome,FPLS01001279.16.1509,Bacteria,OTU1147.Planctomycetota.Singulisphaera
1136,OTU1148,273,1,273,1422,495,767,100,477,3.15e-133,98.168,Chloroflexi,Chloroflexia,Thermomicrobiales,JG30-KF-CM45,_,_,JQ738763.1.1422,Bacteria,OTU1148.Chloroflexi._
1137,OTU1149,273,1,273,1335,461,733,100,488,1.45e-136,98.901,Planctomycetota,Planctomycetes,Gemmatales,Gemmataceae,Gemmata,_,JF185859.1.1335,Bacteria,OTU1149.Planctomycetota.Gemmata
1138,OTU1150,273,1,273,1450,490,762,100,488,1.45e-136,98.901,Firmicutes,Clostridia,Thermincolales,Thermincolaceae,Thermincola,_,AB806242.1.1450,Bacteria,OTU1150.Firmicutes.Thermincola
1139,OTU1151,273,1,273,1340,462,734,100,483,6.76e-135,98.535,Planctomycetota,Planctomycetes,Gemmatales,Gemmataceae,Gemmata,_,MH041116.1.1340,Bacteria,OTU1151.Planctomycetota.Gemmata
1140,OTU1152,273,1,273,1480,498,770,100,494,3.12e-138,99.267,Planctomycetota,Planctomycetes,Planctomycetales,Rubinisphaeraceae,SH-PL14,_,JX280094.1.1480,Bacteria,OTU1152.Planctomycetota.SH-PL14
1141,OTU1153,273,2,273,1325,486,757,99,326,1.21e-87,88.235,Chloroflexi,Chloroflexia,Thermomicrobiales,JG30-KF-CM45,_,_,JF139487.1.1325,Bacteria,OTU1153.Chloroflexi._
1142,OTU1154,273,1,273,1496,512,784,100,494,3.12e-138,99.267,Firmicutes,Clostridia,Thermincolales,Thermincolaceae,Thermincola,uncultured|Peptococcaceae|bacterium,EU016425.1.1496,Bacteria,OTU1154.Firmicutes.Thermincola
1143,OTU1155,273,1,273,1468,504,776,100,494,3.12e-138,99.267,Planctomycetota,OM190,_,_,_,_,JF703542.1.1468,Bacteria,OTU1155.Planctomycetota._
1144,OTU1156,273,1,273,1528,546,818,100,494,3.12e-138,99.267,Gemmatimonadota,BD2-11|terrestrial|group,_,_,_,_,KJ817524.1.1528,Bacteria,OTU1156.Gemmatimonadota._
1145,OTU1157,274,1,274,1488,505,778,100,490,4.06e-137,98.905,Actinobacteriota,Acidimicrobiia,Actinomarinales,_,uncultured|Actinomycetales|bacterium,_,HQ857657.1.1488,Bacteria,OTU1157.Actinobacteriota.uncultured|Actinomycetales|bacterium
1146,OTU1158,289,1,289,1504,506,794,100,518,1.97e-145,98.962,Gemmatimonadota,Gemmatimonadetes,Gemmatimonadales,Gemmatimonadaceae,_,_,JX133583.1.1504,Bacteria,OTU1158.Gemmatimonadota._
1147,OTU1159,274,1,274,1486,503,776,100,479,8.78e-134,98.175,Planctomycetota,Planctomycetes,Isosphaerales,Isosphaeraceae,_,_,KF037431.1.1486,Bacteria,OTU1159.Planctomycetota._
1148,OTU1160,273,2,273,1447,466,737,99,381,2.54e-104,91.971,Planctomycetota,Planctomycetes,Planctomycetales,_,_,_,DQ832636.1.1447,Bacteria,OTU1160.Planctomycetota._
1149,OTU1161,273,1,273,1407,531,803,100,472,1.46e-131,97.802,Latescibacterota,Latescibacteria,Latescibacterales,Latescibacteraceae,uncultured|Latescibacteria|bacterium,_,AM935176.1.1407,Bacteria,OTU1161.Latescibacterota.uncultured|Latescibacteria|bacterium
1150,OTU1162,273,1,273,1444,479,753,100,484,1.88e-135,98.545,Planctomycetota,Planctomycetes,Pirellulales,Pirellulaceae,Pirellula,_,DQ001635.1.1444,Bacteria,OTU1162.Planctomycetota.Pirellula
1151,OTU1163,273,1,273,1519,538,811,100,411,3.24e-113,93.796,Gemmatimonadota,S0134|terrestrial|group,_,_,_,_,FJ444711.1.1519,Bacteria,OTU1163.Gemmatimonadota._
1152,OTU1164,273,1,273,1514,517,789,100,488,1.45e-136,98.901,Chloroflexi,Anaerolineae,Caldilineales,Caldilineaceae,_,_,KM823667.1.1514,Bacteria,OTU1164.Chloroflexi._
1153,OTU1165,273,1,273,1312,448,720,100,494,3.12e-138,99.267,Proteobacteria,Alphaproteobacteria,Rhizobiales,D05-2,_,_,LN571238.1.1312,Bacteria,OTU1165.Proteobacteria._
1154,OTU1166,273,1,273,1417,450,722,100,488,1.45e-136,98.901,Proteobacteria,Alphaproteobacteria,Sphingomonadales,Sphingomonadaceae,Altererythrobacter,_,GQ263147.1.1417,Bacteria,OTU1166.Proteobacteria.Altererythrobacter
1155,OTU1167,273,1,273,1492,512,785,100,477,3.15e-133,98.175,Actinobacteriota,MB-A2-108,uncultured|actinobacterium,_,_,_,JN037892.1.1492,Bacteria,OTU1167.Actinobacteriota._
1156,OTU1168,273,1,273,1451,514,786,100,488,1.45e-136,98.901,Gemmatimonadota,Gemmatimonadetes,Gemmatimonadales,Gemmatimonadaceae,_,uncultured|Gemmatimonas|sp,JQ087116.1.1451,Bacteria,OTU1168.Gemmatimonadota._
1157,OTU1169,273,1,273,1539,529,801,100,483,6.76e-135,98.535,Actinobacteriota,Thermoleophilia,Solirubrobacterales,Solirubrobacteraceae,Conexibacter,_,KC554941.1.1539,Bacteria,OTU1169.Actinobacteriota.Conexibacter
1158,OTU1170,273,1,273,1520,535,807,100,499,6.71e-140,99.634,Acidobacteriota,Blastocatellia,11-24,_,_,_,FJ444692.1.1520,Bacteria,OTU1170.Acidobacteriota._
1159,OTU1171,273,1,273,1380,520,792,100,483,6.76e-135,98.535,Desulfobacterota,Syntrophobacteria,Syntrophobacterales,Syntrophobacteraceae,Syntrophobacter,uncultured|soil|bacterium,FQ659578.2.1381,Bacteria,OTU1171.Desulfobacterota.Syntrophobacter
1160,OTU1172,274,1,274,1250,486,759,100,440,4.14e-122,95.62,Actinobacteriota,Acidimicrobiia,Microtrichales,_,_,_,JF267661.1.1250,Bacteria,OTU1172.Actinobacteriota._
1161,OTU1173,273,1,273,1448,505,777,100,483,6.76e-135,98.535,Bacteroidota,Bacteroidia,Flavobacteriales,Flavobacteriaceae,Zeaxanthinibacter,Zeaxanthinibacter|aestuarii,KU667250.1.1448,Bacteria,OTU1173.Bacteroidota.Zeaxanthinibacter
1162,OTU1174,273,1,273,1433,548,820,100,499,6.71e-140,99.634,Planctomycetota,Planctomycetes,Gemmatales,Gemmataceae,_,_,EU135086.1.1433,Bacteria,OTU1174.Planctomycetota._
1163,OTU1175,273,1,273,1374,501,773,100,494,3.12e-138,99.267,Actinobacteriota,Actinobacteria,Propionibacteriales,Nocardioidaceae,Nocardioides,_,DQ298376.1.1374,Bacteria,OTU1175.Actinobacteriota.Nocardioides
1164,OTU1176,273,1,273,1323,459,731,100,488,1.45e-136,98.901,Actinobacteriota,MB-A2-108,_,_,_,_,EU133192.1.1323,Bacteria,OTU1176.Actinobacteriota._
1165,OTU1177,273,1,273,1513,531,803,100,488,1.45e-136,98.901,Actinobacteriota,Rubrobacteria,Rubrobacterales,Rubrobacteriaceae,Rubrobacter,uncultured|actinobacterium,GQ249533.1.1513,Bacteria,OTU1177.Actinobacteriota.Rubrobacter
1166,OTU1178,273,1,273,1433,472,744,100,477,3.15e-133,98.168,Proteobacteria,Alphaproteobacteria,Rhodobacterales,Rhodobacteraceae,Rubellimicrobium,uncultured|Rubellimicrobium|sp,KC110911.1.1433,Bacteria,OTU1178.Proteobacteria.Rubellimicrobium
1167,OTU1179,273,1,273,1332,418,690,100,477,3.15e-133,98.168,Cyanobacteria,Cyanobacteriia,Cyanobacteriales,Nostocaceae,Nostoc|PCC-7107,Nostoc|sp.|MACC-461,MH702237.1.1332,Bacteria,OTU1179.Cyanobacteria.Nostoc|PCC-7107
1168,OTU1180,274,1,274,1437,525,798,100,490,4.06e-137,98.905,Actinobacteriota,Acidimicrobiia,Actinomarinales,_,uncultured|actinobacterium,_,DQ811922.1.1437,Bacteria,OTU1180.Actinobacteriota.uncultured|actinobacterium
1169,OTU1181,273,1,273,1507,524,796,100,438,1.48e-121,95.604,Actinobacteriota,MB-A2-108,_,_,_,_,JQ979021.1.1507,Bacteria,OTU1181.Actinobacteriota._
1170,OTU1182,273,1,273,1508,499,771,100,483,6.76e-135,98.535,Acidobacteriota,Vicinamibacteria,Vicinamibacterales,Vicinamibacteraceae,_,_,JQ426705.1.1508,Bacteria,OTU1182.Acidobacteriota._
1171,OTU1183,273,1,273,1366,510,782,100,488,1.45e-136,98.901,Actinobacteriota,Thermoleophilia,Solirubrobacterales,67-14,_,_,HM339090.1.1366,Bacteria,OTU1183.Actinobacteriota._
1172,OTU1184,274,1,274,1518,504,777,100,490,4.06e-137,98.905,Actinobacteriota,Acidimicrobiia,IMCC26256,_,_,_,KC554504.1.1518,Bacteria,OTU1184.Actinobacteriota._
1173,OTU1185,273,1,273,1498,505,777,100,460,3.17e-128,97.07,Planctomycetota,Planctomycetes,Planctomycetales,_,_,_,JQ769606.1.1498,Bacteria,OTU1185.Planctomycetota._
1174,OTU1186,273,1,273,1323,482,754,100,460,3.17e-128,97.07,Chloroflexi,Chloroflexia,Thermomicrobiales,JG30-KF-CM45,_,_,AY250886.1.1323,Bacteria,OTU1186.Chloroflexi._
1175,OTU1187,273,1,273,1556,521,793,100,488,1.45e-136,98.901,Verrucomicrobiota,Verrucomicrobiae,Chthoniobacterales,Xiphinematobacteraceae,Candidatus|Xiphinematobacter,_,EU335421.1.1556,Bacteria,OTU1187.Verrucomicrobiota.Candidatus|Xiphinematobacter
1176,OTU1188,273,1,273,1377,498,770,100,455,1.47e-126,96.703,Planctomycetota,OM190,_,_,_,_,FJ208842.1.1377,Bacteria,OTU1188.Planctomycetota._
1177,OTU1189,273,1,273,1465,483,755,100,488,1.45e-136,98.901,Proteobacteria,Alphaproteobacteria,Kiloniellales,Kiloniellaceae,_,_,JQ801044.1.1465,Bacteria,OTU1189.Proteobacteria._
1178,OTU1190,273,1,273,1383,450,722,100,477,3.15e-133,98.168,Proteobacteria,Alphaproteobacteria,Rhodobacterales,Rhodobacteraceae,Tateyamaria,_,KY190866.1.1383,Bacteria,OTU1190.Proteobacteria.Tateyamaria
1179,OTU1191,273,1,273,1335,489,761,100,433,6.91e-120,95.255,Chloroflexi,Anaerolineae,Caldilineales,Caldilineaceae,_,_,KC431985.1.1335,Bacteria,OTU1191.Chloroflexi._
1180,OTU1192,273,1,273,1461,489,761,100,444,3.19e-123,95.971,Chloroflexi,OLB14,uncultured|Chloroflexi|bacterium,_,_,_,HQ857646.1.1461,Bacteria,OTU1192.Chloroflexi._
1181,OTU1193,273,1,273,1321,477,749,100,477,3.15e-133,98.168,Chloroflexi,KD4-96,_,_,_,_,JF124601.1.1321,Bacteria,OTU1193.Chloroflexi._
1182,OTU1194,273,1,273,1411,452,724,100,488,1.45e-136,98.901,Proteobacteria,Alphaproteobacteria,Rhizobiales,_,uncultured|forest|soil|bacterium,_,AY913339.1.1411,Bacteria,OTU1194.Proteobacteria.uncultured|forest|soil|bacterium
1183,OTU1195,273,1,273,1527,521,793,100,494,3.12e-138,99.267,Planctomycetota,Planctomycetes,Gemmatales,Gemmataceae,_,_,HQ121097.1.1527,Bacteria,OTU1195.Planctomycetota._
1184,OTU1196,273,1,273,1487,469,741,100,488,1.45e-136,98.901,Proteobacteria,Alphaproteobacteria,Tistrellales,Geminicoccaceae,Candidatus|Alysiosphaera,_,JX079422.1.1487,Bacteria,OTU1196.Proteobacteria.Candidatus|Alysiosphaera
1185,OTU1197,273,1,273,1322,448,720,100,494,3.12e-138,99.267,Firmicutes,Bacilli,Alicyclobacillales,Alicyclobacillaceae,Tumebacillus,Tumebacillus|ginsengisoli,KC921162.1.1322,Bacteria,OTU1197.Firmicutes.Tumebacillus
1186,OTU1198,273,1,273,1520,539,811,100,477,3.15e-133,98.168,NB1-j,_,_,_,_,_,KF712605.1.1520,Bacteria,OTU1198.NB1-j._
1187,OTU1199,273,1,273,1540,525,797,100,499,6.71e-140,99.634,Planctomycetota,Planctomycetes,Planctomycetales,_,_,_,JN869162.1.1540,Bacteria,OTU1199.Planctomycetota._
1188,OTU1200,273,2,273,1319,476,747,99,425,1.16e-117,94.853,Chloroflexi,Chloroflexia,Thermomicrobiales,JG30-KF-CM45,_,_,HM318301.1.1319,Bacteria,OTU1200.Chloroflexi._
1189,OTU1201,273,1,273,1499,489,761,100,494,3.12e-138,99.267,Proteobacteria,Gammaproteobacteria,Xanthomonadales,Xanthomonadaceae,Luteimonas,_,JQ426954.1.1499,Bacteria,OTU1201.Proteobacteria.Luteimonas
1190,OTU1202,273,1,273,1379,499,771,100,460,3.17e-128,97.07,Myxococcota,Polyangia,Polyangiales,BIrii41,_,_,JN615941.1.1379,Bacteria,OTU1202.Myxococcota._
1191,OTU1203,273,1,273,1472,509,781,100,499,6.71e-140,99.634,Chloroflexi,Anaerolineae,SBR1031,_,_,_,HQ697812.1.1472,Bacteria,OTU1203.Chloroflexi._
1192,OTU1204,273,1,273,1472,513,785,100,494,3.12e-138,99.267,Firmicutes,Bacilli,Bacillales,Bacillaceae,Bacillus,_,DQ129445.1.1472,Bacteria,OTU1204.Firmicutes.Bacillus
1193,OTU1205,273,1,273,1390,458,730,100,405,1.51e-111,93.431,Chloroflexi,TK10,_,_,_,_,HE602811.1.1390,Bacteria,OTU1205.Chloroflexi._
1194,OTU1206,274,1,274,1457,464,737,100,484,1.89e-135,98.54,Acidobacteriota,Acidobacteriae,Solibacterales,Solibacteraceae,Candidatus|Solibacter,_,KX753064.1.1457,Bacteria,OTU1206.Acidobacteriota.Candidatus|Solibacter
1195,OTU1207,273,1,273,1452,497,769,100,455,1.47e-126,96.727,Planctomycetota,Phycisphaerae,Tepidisphaerales,WD2101|soil|group,planctomycete|WY108,_,KC854973.1.1452,Bacteria,OTU1207.Planctomycetota.planctomycete|WY108
1196,OTU1208,273,1,273,1421,447,719,100,483,6.76e-135,98.535,Chloroflexi,Anaerolineae,SBR1031,A4b,uncultured|Caldilineales|bacterium,_,EU276546.1.1421,Bacteria,OTU1208.Chloroflexi.uncultured|Caldilineales|bacterium
1197,OTU1209,273,1,273,1473,494,766,100,438,1.48e-121,95.62,Chloroflexi,Chloroflexia,Kallotenuales,AKIW781,_,_,HQ120983.1.1473,Bacteria,OTU1209.Chloroflexi._
1198,OTU1210,274,2,274,1483,507,779,99,427,3.23e-118,94.872,Actinobacteriota,Acidimicrobiia,_,_,_,_,AB637349.1.1483,Bacteria,OTU1210.Actinobacteriota._
1199,OTU1211,273,1,273,1430,470,742,100,472,1.46e-131,97.802,Proteobacteria,Alphaproteobacteria,Rhodobacterales,Rhodobacteraceae,_,uncultured|Rhodobacteraceae|bacterium,FJ543062.1.1430,Bacteria,OTU1211.Proteobacteria._
1200,OTU1212,273,1,273,1439,449,721,100,477,3.15e-133,98.168,Chloroflexi,Anaerolineae,Ardenticatenales,Ardenticatenaceae,_,_,JQ426207.1.1439,Bacteria,OTU1212.Chloroflexi._
1201,OTU1213,273,1,273,954,427,699,100,388,1.52e-106,92.308,Thermoplasmatota,Thermoplasmata,Marine|Group|II,uncultured|archaeon,_,_,AY396003.1.954,Archaea,OTU1213.Thermoplasmatota._
1202,OTU1214,273,1,273,1497,499,771,100,488,1.45e-136,98.901,Actinobacteriota,Actinobacteria,Corynebacteriales,Nocardiaceae,Nocardia,Nocardia|testacea|NBRC|100365,BAGJ01000040.209.1705,Bacteria,OTU1214.Actinobacteriota.Nocardia
1203,OTU1215,273,1,273,1307,324,596,100,460,3.17e-128,97.07,Myxococcota,bacteriap25,_,_,_,_,FJ479294.1.1307,Bacteria,OTU1215.Myxococcota._
1204,OTU1216,273,1,273,1321,452,724,100,466,6.81e-130,97.436,Proteobacteria,Alphaproteobacteria,Rhizobiales,Xanthobacteraceae,Pseudolabrys,_,LN568215.1.1321,Bacteria,OTU1216.Proteobacteria.Pseudolabrys
1205,OTU1217,273,1,273,1362,484,756,100,455,1.47e-126,96.703,Planctomycetota,Planctomycetes,Pirellulales,Pirellulaceae,Blastopirellula,_,KM454360.1.1362,Bacteria,OTU1217.Planctomycetota.Blastopirellula
1206,OTU1218,273,1,273,1486,517,789,100,460,3.17e-128,97.07,Chloroflexi,Chloroflexia,Thermomicrobiales,JG30-KF-CM45,_,_,EU786123.1.1486,Bacteria,OTU1218.Chloroflexi._
1207,OTU1219,274,1,274,1486,507,780,100,457,4.12e-127,96.715,Actinobacteriota,Acidimicrobiia,Microtrichales,Iamiaceae,Iamia,uncultured|actinobacterium,EU753662.1.1486,Bacteria,OTU1219.Actinobacteriota.Iamia
1208,OTU1220,273,1,273,1313,457,729,100,444,3.19e-123,95.971,Cyanobacteria,Cyanobacteriia,Oxyphotobacteria|Incertae|Sedis,Unknown|Family,Leptolyngbya|EcFYyyy-00,_,JF174787.1.1313,Bacteria,OTU1220.Cyanobacteria.Leptolyngbya|EcFYyyy-00
1209,OTU1221,273,1,273,1372,513,785,100,505,1.44e-141,100,Firmicutes,Bacilli,Bacillales,Bacillaceae,Bacillus,_,JF210672.1.1372,Bacteria,OTU1221.Firmicutes.Bacillus
1210,OTU1222,273,1,273,1343,469,741,100,494,3.12e-138,99.267,Proteobacteria,Alphaproteobacteria,Sphingomonadales,Sphingomonadaceae,_,_,FJ674974.1.1343,Bacteria,OTU1222.Proteobacteria._
1211,OTU1223,273,1,273,1461,492,764,100,427,3.21e-118,94.872,Chloroflexi,Anaerolineae,Ardenticatenales,Ardenticatenaceae,_,_,HQ120627.1.1461,Bacteria,OTU1223.Chloroflexi._
1212,OTU1224,273,1,273,1504,515,787,100,366,7.1e-100,90.842,Planctomycetota,Planctomycetes,Gemmatales,Gemmataceae,_,_,JX133452.1.1504,Bacteria,OTU1224.Planctomycetota._
1213,OTU1225,275,1,275,1372,510,784,100,492,1.13e-137,98.909,Gemmatimonadota,Longimicrobia,Longimicrobiales,Longimicrobiaceae,YC-ZSS-LKJ147,_,HM335954.1.1372,Bacteria,OTU1225.Gemmatimonadota.YC-ZSS-LKJ147
1214,OTU1226,273,1,273,1305,452,724,100,455,1.47e-126,96.703,Proteobacteria,Alphaproteobacteria,Kiloniellales,Kiloniellaceae,Tistlia,uncultured|Alphaproteobacteria|bacterium,AM935829.1.1305,Bacteria,OTU1226.Proteobacteria.Tistlia
1215,OTU1227,273,1,273,1446,470,742,100,466,6.81e-130,97.436,Proteobacteria,Alphaproteobacteria,Acetobacterales,Acetobacteraceae,Roseomonas,uncultured|Roseomonas|sp,KJ127986.1.1446,Bacteria,OTU1227.Proteobacteria.Roseomonas
1216,OTU1228,274,1,274,1372,497,771,100,490,4.06e-137,98.909,Gemmatimonadota,Longimicrobia,Longimicrobiales,Longimicrobiaceae,_,_,LN563777.1.1372,Bacteria,OTU1228.Gemmatimonadota._
1217,OTU1229,273,1,273,1453,489,761,100,494,3.12e-138,99.267,Proteobacteria,Gammaproteobacteria,Xanthomonadales,Xanthomonadaceae,Arenimonas,_,KY190407.1.1453,Bacteria,OTU1229.Proteobacteria.Arenimonas
1218,OTU1230,273,1,273,1414,525,797,100,411,3.24e-113,93.818,Planctomycetota,Planctomycetes,Gemmatales,Gemmataceae,_,_,EU135255.1.1414,Bacteria,OTU1230.Planctomycetota._
1219,OTU1231,273,1,273,1312,454,726,100,466,6.81e-130,97.455,Proteobacteria,Alphaproteobacteria,Acetobacterales,Acetobacteraceae,Roseomonas,_,JF124862.1.1312,Bacteria,OTU1231.Proteobacteria.Roseomonas
1220,OTU1232,272,1,272,1523,530,801,100,486,5.21e-136,98.897,Firmicutes,Bacilli,Paenibacillales,Paenibacillaceae,Ammoniibacillus,Ammoniibacillus|agariperforans,AB745450.1.1523,Bacteria,OTU1232.Firmicutes.Ammoniibacillus
1221,OTU1233,273,2,273,1400,457,728,99,303,5.65e-81,86.765,Chloroflexi,Chloroflexia,Chloroflexales,Roseiflexaceae,_,_,DQ906857.1.1400,Bacteria,OTU1233.Chloroflexi._
1222,OTU1234,273,1,273,1523,541,813,100,427,3.21e-118,94.872,Desulfobacterota,Syntrophobacteria,Syntrophobacterales,Syntrophobacteraceae,Syntrophobacter,_,KX823820.1.1523,Bacteria,OTU1234.Desulfobacterota.Syntrophobacter
1223,OTU1235,273,1,273,1243,409,681,100,483,6.76e-135,98.535,Proteobacteria,Alphaproteobacteria,Rhodobacterales,Rhodobacteraceae,Amaricoccus,_,JF167711.1.1243,Bacteria,OTU1235.Proteobacteria.Amaricoccus
1224,OTU1236,273,1,273,1447,477,749,100,427,3.21e-118,94.891,Chloroflexi,Chloroflexia,Chloroflexales,Chloroflexaceae,Candidatus|Chloroploca,_,KF037581.1.1447,Bacteria,OTU1236.Chloroflexi.Candidatus|Chloroploca
1225,OTU1237,273,1,273,1530,544,817,100,499,6.71e-140,99.635,Verrucomicrobiota,Verrucomicrobiae,Opitutales,Opitutaceae,Alterococcus,_,JQ716335.1.1530,Bacteria,OTU1237.Verrucomicrobiota.Alterococcus
1226,OTU1238,273,1,273,1504,524,796,100,499,6.71e-140,99.634,Planctomycetota,Planctomycetes,Planctomycetales,Gimesiaceae,_,_,HF558633.1.1504,Bacteria,OTU1238.Planctomycetota._
1227,OTU1239,273,1,273,1515,520,792,100,488,1.45e-136,98.901,Bacteroidota,Bacteroidia,Cytophagales,Microscillaceae,Hassallia,uncultured|soil|bacterium,JN417572.1.1515,Bacteria,OTU1239.Bacteroidota.Hassallia
1228,OTU1240,273,1,273,1433,481,753,100,433,6.91e-120,95.238,Chloroflexi,Anaerolineae,SBR1031,A4b,uncultured|organism,_,JN438678.1.1433,Bacteria,OTU1240.Chloroflexi.uncultured|organism
1229,OTU1241,273,1,273,1510,540,812,100,488,1.45e-136,98.901,Chloroflexi,Anaerolineae,Ardenticatenales,_,uncultured|Chloroflexi|bacterium,_,HQ397021.1.1510,Bacteria,OTU1241.Chloroflexi.uncultured|Chloroflexi|bacterium
1230,OTU1242,273,1,273,1531,533,805,100,477,3.15e-133,98.168,Planctomycetota,Planctomycetes,Pirellulales,Pirellulaceae,Pir4|lineage,_,EU491106.1.1531,Bacteria,OTU1242.Planctomycetota.Pir4|lineage
1231,OTU1243,273,1,273,1504,502,774,100,488,1.45e-136,98.901,Planctomycetota,Planctomycetes,Pirellulales,Pirellulaceae,_,metagenome,FPLS01060080.9.1512,Bacteria,OTU1243.Planctomycetota._
1232,OTU1244,273,1,273,1375,517,789,100,460,3.17e-128,97.07,Acidobacteriota,Thermoanaerobaculia,Thermoanaerobaculales,Thermoanaerobaculaceae,Subgroup|10,uncultured|Acidobacteria|bacterium,AM936563.1.1375,Bacteria,OTU1244.Acidobacteriota.Subgroup|10
1233,OTU1245,273,1,273,1439,450,722,100,488,1.45e-136,98.901,Proteobacteria,Alphaproteobacteria,Sphingomonadales,Sphingomonadaceae,Sphingomonas,_,AM697063.1.1439,Bacteria,OTU1245.Proteobacteria.Sphingomonas
1234,OTU1246,273,1,273,1472,509,781,100,494,3.12e-138,99.267,Chloroflexi,Anaerolineae,SBR1031,_,_,_,HQ697755.1.1472,Bacteria,OTU1246.Chloroflexi._
1235,OTU1247,273,1,273,1436,477,749,100,449,6.86e-125,96.337,Proteobacteria,Alphaproteobacteria,Azospirillales,Azospirillaceae,Skermanella,_,KX239108.1.1436,Bacteria,OTU1247.Proteobacteria.Skermanella
1236,OTU1248,273,1,273,1457,496,768,100,483,6.76e-135,98.535,Acidobacteriota,Holophagae,Subgroup|7,uncultured|Acidobacteria|bacterium,_,_,JN409217.1.1457,Bacteria,OTU1248.Acidobacteriota._
1237,OTU1249,273,1,273,1373,494,766,100,427,3.21e-118,94.872,Planctomycetota,Planctomycetes,Gemmatales,Gemmataceae,_,_,JF178889.1.1373,Bacteria,OTU1249.Planctomycetota._
1238,OTU1250,273,1,273,1482,492,764,100,422,1.5e-116,94.505,Proteobacteria,Alphaproteobacteria,Defluviicoccales,_,uncultured|deep-sea|bacterium,_,AM997954.1.1482,Bacteria,OTU1250.Proteobacteria.uncultured|deep-sea|bacterium
1239,OTU1251,273,1,273,1523,538,810,100,411,3.24e-113,93.773,Planctomycetota,OM190,_,_,_,_,JF514277.1.1523,Bacteria,OTU1251.Planctomycetota._
1240,OTU1252,273,1,273,1452,470,742,100,494,3.12e-138,99.267,Proteobacteria,Alphaproteobacteria,Rhizobiales,Hyphomicrobiaceae,_,_,JQ801232.1.1452,Bacteria,OTU1252.Proteobacteria._
1241,OTU1253,273,1,273,1452,475,747,100,472,1.46e-131,97.802,Chloroflexi,Anaerolineae,SBR1031,A4b,_,_,DQ017911.1.1452,Bacteria,OTU1253.Chloroflexi._
1242,OTU1254,273,1,273,1348,347,619,100,460,3.17e-128,97.07,Planctomycetota,Planctomycetes,Gemmatales,Gemmataceae,_,_,HQ119174.1.1348,Bacteria,OTU1254.Planctomycetota._
1243,OTU1255,273,1,273,1519,536,808,100,494,3.12e-138,99.267,Myxococcota,Polyangia,Polyangiales,Polyangiaceae,_,uncultured|delta|proteobacterium,KC011100.1.1519,Bacteria,OTU1255.Myxococcota._
1244,OTU1256,273,1,273,1498,516,788,100,483,6.76e-135,98.535,Acidobacteriota,Holophagae,Subgroup|7,_,_,_,JQ769882.1.1498,Bacteria,OTU1256.Acidobacteriota._
1245,OTU1257,273,1,273,1396,466,738,100,411,3.24e-113,93.773,Chloroflexi,Anaerolineae,Ardenticatenales,_,uncultured|organism,_,JN513063.1.1396,Bacteria,OTU1257.Chloroflexi.uncultured|organism
1246,OTU1258,273,1,273,1315,454,726,100,505,1.44e-141,100,Myxococcota,bacteriap25,_,_,_,_,JN672093.1.1315,Bacteria,OTU1258.Myxococcota._
1247,OTU1259,273,1,273,1469,503,775,100,416,6.96e-115,94.161,Chloroflexi,Anaerolineae,Anaerolineales,Anaerolineaceae,_,_,HQ697833.1.1469,Bacteria,OTU1259.Chloroflexi._
1248,OTU1260,273,2,273,1325,470,741,99,420,5.38e-116,94.485,Planctomycetota,Phycisphaerae,Tepidisphaerales,WD2101|soil|group,_,_,EU135269.1.1325,Bacteria,OTU1260.Planctomycetota._
1249,OTU1261,273,1,273,1468,504,776,100,438,1.48e-121,95.604,Actinobacteriota,MB-A2-108,uncultured|actinobacterium,_,_,_,JN409077.1.1468,Bacteria,OTU1261.Actinobacteriota._
1250,OTU1262,273,1,273,1445,512,784,100,494,3.12e-138,99.267,Chloroflexi,Anaerolineae,Ardenticatenales,_,uncultured|Chloroflexi|bacterium,_,FJ535096.1.1445,Bacteria,OTU1262.Chloroflexi.uncultured|Chloroflexi|bacterium
1251,OTU1263,273,1,273,1319,477,749,100,472,1.46e-131,97.802,Chloroflexi,Chloroflexia,Thermomicrobiales,JG30-KF-CM45,_,_,GQ001578.1.1319,Bacteria,OTU1263.Chloroflexi._
1252,OTU1264,273,1,273,1448,482,754,100,472,1.46e-131,97.802,Chloroflexi,TK10,uncultured|Chloroflexi|bacterium,_,_,_,KJ191935.1.1448,Bacteria,OTU1264.Chloroflexi._
1253,OTU1265,273,1,273,1364,496,768,100,472,1.46e-131,97.802,Armatimonadota,_,_,_,_,_,EU135013.1.1364,Bacteria,OTU1265.Armatimonadota._
1254,OTU1266,273,1,273,1483,491,763,100,405,1.51e-111,93.407,Planctomycetota,Phycisphaerae,Phycisphaerales,Phycisphaeraceae,Urania-1B-19|marine|sediment|group,uncultured|planctomycete,KR086481.1.1483,Bacteria,OTU1266.Planctomycetota.Urania-1B-19|marine|sediment|group
1255,OTU1267,273,1,273,1525,540,812,100,488,1.45e-136,98.901,Firmicutes,Bacilli,Thermoactinomycetales,Thermoactinomycetaceae,Planifilum,Planifilum|yunnanense,DQ119659.1.1525,Bacteria,OTU1267.Firmicutes.Planifilum
1256,OTU1268,273,1,273,1387,454,726,100,460,3.17e-128,97.07,Cyanobacteria,Cyanobacteriia,Leptolyngbyales,Leptolyngbyaceae,_,uncultured|organism,JN534995.1.1387,Bacteria,OTU1268.Cyanobacteria._
1257,OTU1269,273,1,273,1484,479,751,100,488,1.45e-136,98.901,Chloroflexi,Chloroflexia,Chloroflexales,Chloroflexaceae,Chloronema,Scytonema|tolypothrichoides|VB-61278,JXCA01000035.6001.7484,Bacteria,OTU1269.Chloroflexi.Chloronema
1258,OTU1270,273,1,273,1530,512,784,100,488,1.45e-136,98.901,Actinobacteriota,Actinobacteria,Micrococcales,Intrasporangiaceae,Ornithinimicrobium,Ornithinimicrobium|sp.|AMA3305,CP031229.379778.381307,Bacteria,OTU1270.Actinobacteriota.Ornithinimicrobium
1259,OTU1271,273,1,273,1421,478,750,100,449,6.86e-125,96.337,Chloroflexi,Dehalococcoidia,SAR202|clade,_,_,_,KX172577.1.1421,Bacteria,OTU1271.Chloroflexi._
1260,OTU1272,273,1,273,1487,529,801,100,494,3.12e-138,99.267,Firmicutes,Bacilli,Bacillales,Bacillaceae,Oceanobacillus,Ornithinibacillus|heyuanensis,KF317693.1.1487,Bacteria,OTU1272.Firmicutes.Oceanobacillus
1261,OTU1273,273,1,273,1426,481,754,100,388,1.52e-106,92.336,Chloroflexi,Anaerolineae,Ardenticatenales,_,_,_,KX173127.1.1426,Bacteria,OTU1273.Chloroflexi._
1262,OTU1274,273,1,273,1475,491,763,100,444,3.19e-123,95.971,Chloroflexi,Anaerolineae,SBR1031,A4b,metagenome,_,FPLS01003901.14.1488,Bacteria,OTU1274.Chloroflexi.metagenome
1263,OTU1275,273,1,273,1484,501,773,100,499,6.71e-140,99.634,Planctomycetota,Planctomycetes,Pirellulales,Pirellulaceae,_,_,KJ782981.1.1484,Bacteria,OTU1275.Planctomycetota._
1264,OTU1276,273,1,273,1383,521,793,100,449,6.86e-125,96.337,Planctomycetota,Planctomycetes,Gemmatales,Gemmataceae,_,_,EU135176.1.1383,Bacteria,OTU1276.Planctomycetota._
1265,OTU1277,273,1,273,1402,451,723,100,394,3.26e-108,92.674,Thermoplasmatota,Thermoplasmata,Marine|Group|II,uncultured|archaeon,_,_,KX771236.1.1402,Archaea,OTU1277.Thermoplasmatota._
1266,OTU1278,273,1,273,1324,520,792,100,411,3.24e-113,93.773,Planctomycetota,OM190,_,_,_,_,AY592637.1.1324,Bacteria,OTU1278.Planctomycetota._
1267,OTU1279,273,1,273,1386,505,777,100,460,3.17e-128,97.07,Chloroflexi,Anaerolineae,Caldilineales,Caldilineaceae,_,_,HQ120771.1.1386,Bacteria,OTU1279.Chloroflexi._
1268,OTU1280,274,1,274,1329,470,743,100,479,8.78e-134,98.175,Proteobacteria,Alphaproteobacteria,_,uncultured|Rhodospirillaceae|bacterium,_,_,AM935515.1.1329,Bacteria,OTU1280.Proteobacteria._
1269,OTU1281,273,1,273,1448,477,750,100,444,3.19e-123,95.985,Chloroflexi,Anaerolineae,Anaerolineales,Anaerolineaceae,_,_,EU915265.1.1448,Bacteria,OTU1281.Chloroflexi._
1270,OTU1282,273,1,273,1523,546,818,100,494,3.12e-138,99.267,Firmicutes,Bacilli,Bacillales,Bacillaceae,Bacillus,Terribacillus|sp.|mixed|culture|X10-56,KR029386.1.1523,Bacteria,OTU1282.Firmicutes.Bacillus
1271,OTU1283,273,1,273,1534,538,810,100,494,3.12e-138,99.267,Myxococcota,Polyangia,Polyangiales,Polyangiaceae,Aetherobacter,_,JX521039.1.1534,Bacteria,OTU1283.Myxococcota.Aetherobacter
1272,OTU1284,273,1,273,1401,513,785,100,388,1.52e-106,92.308,Planctomycetota,Planctomycetes,Gemmatales,Gemmataceae,_,uncultured|planctomycete,EF018919.1.1401,Bacteria,OTU1284.Planctomycetota._
1273,OTU1285,273,1,273,1539,527,799,100,477,3.15e-133,98.168,Desulfobacterota,Desulfobulbia,Desulfobulbales,Desulfocapsaceae,Desulfopila,_,KC631474.1.1539,Bacteria,OTU1285.Desulfobacterota.Desulfopila
1274,OTU1286,273,1,273,1476,489,761,100,477,3.15e-133,98.168,Proteobacteria,Gammaproteobacteria,Xanthomonadales,Rhodanobacteraceae,Dokdonella,Dokdonella|fugitiva,AJ969432.27.1502,Bacteria,OTU1286.Proteobacteria.Dokdonella
1275,OTU1287,273,1,273,1529,531,803,100,444,3.19e-123,95.971,Acidobacteriota,Thermoanaerobaculia,Thermoanaerobaculales,Thermoanaerobaculaceae,Subgroup|10,_,HE818642.1.1529,Bacteria,OTU1287.Acidobacteriota.Subgroup|10
1276,OTU1288,273,1,273,1317,471,745,100,446,8.87e-124,96,Chloroflexi,Anaerolineae,Anaerolineales,Anaerolineaceae,_,_,KR779671.1.1317,Bacteria,OTU1288.Chloroflexi._
1277,OTU1289,273,1,273,1360,498,770,100,460,3.17e-128,97.07,Chloroflexi,JG30-KF-CM66,_,_,_,_,HQ640601.1.1360,Bacteria,OTU1289.Chloroflexi._
1278,OTU1290,273,2,273,1322,481,752,99,281,2.65e-74,85.455,Chloroflexi,Chloroflexia,Thermomicrobiales,JG30-KF-CM45,_,_,JF175516.1.1322,Bacteria,OTU1290.Chloroflexi._
1279,OTU1291,273,1,273,1427,479,751,100,399,7.01e-110,93.04,Chloroflexi,Chloroflexia,Thermomicrobiales,JG30-KF-CM45,uncultured|anaerobic|ammonium-oxidizing|bacterium,_,LC192382.1.1427,Bacteria,OTU1291.Chloroflexi.uncultured|anaerobic|ammonium-oxidizing|bacterium
1280,OTU1292,273,1,273,1463,469,741,100,499,6.71e-140,99.634,Proteobacteria,Alphaproteobacteria,Rhizobiales,Hyphomicrobiaceae,Pedomicrobium,Hyphomicrobium|sp.|CS1BSMeth3,FPEI01000006.2581282.2582744,Bacteria,OTU1292.Proteobacteria.Pedomicrobium
1281,OTU1293,273,1,273,1400,436,708,100,438,1.48e-121,95.604,Firmicutes,Symbiobacteriia,Symbiobacteriales,Symbiobacteraceae,_,_,KF939469.1.1400,Bacteria,OTU1293.Firmicutes._
1282,OTU1294,273,1,273,1458,482,754,100,499,6.71e-140,99.634,Planctomycetota,Planctomycetes,Gemmatales,Gemmataceae,Gemmata,_,FJ478935.1.1458,Bacteria,OTU1294.Planctomycetota.Gemmata
1283,OTU1295,273,1,273,1442,552,824,100,483,6.76e-135,98.535,Planctomycetota,Planctomycetes,Pirellulales,Pirellulaceae,_,_,EU135161.1.1442,Bacteria,OTU1295.Planctomycetota._
1284,OTU1296,273,1,273,1291,440,712,100,405,1.51e-111,93.407,Chloroflexi,Anaerolineae,SBR1031,A4b,_,_,JX298442.1.1291,Bacteria,OTU1296.Chloroflexi._
1285,OTU1297,273,1,273,1329,485,757,100,488,1.45e-136,98.901,Chloroflexi,Chloroflexia,Thermomicrobiales,JG30-KF-CM45,_,_,GQ065582.1.1329,Bacteria,OTU1297.Chloroflexi._
1286,OTU1298,273,1,273,1477,510,782,100,438,1.48e-121,95.604,Chloroflexi,Anaerolineae,SBR1031,_,_,_,DQ404819.1.1477,Bacteria,OTU1298.Chloroflexi._
1287,OTU1299,273,1,273,1485,504,777,100,449,6.86e-125,96.364,Planctomycetota,Planctomycetes,Gemmatales,Gemmataceae,_,_,JX133298.1.1485,Bacteria,OTU1299.Planctomycetota._
1288,OTU1300,273,1,273,1399,510,782,100,455,1.47e-126,96.727,Planctomycetota,Planctomycetes,Planctomycetales,_,_,_,HQ120675.1.1399,Bacteria,OTU1300.Planctomycetota._
1289,OTU1301,273,1,273,1492,524,796,100,455,1.47e-126,96.703,Bacteroidota,Bacteroidia,Cytophagales,Cyclobacteriaceae,Imperialibacter,_,JQ800973.1.1492,Bacteria,OTU1301.Bacteroidota.Imperialibacter
1290,OTU1302,273,1,273,1366,502,774,100,477,3.15e-133,98.168,Myxococcota,Polyangia,Haliangiales,Haliangiaceae,Haliangium,_,EU134477.1.1366,Bacteria,OTU1302.Myxococcota.Haliangium
1291,OTU1303,273,1,273,1486,505,777,100,494,3.12e-138,99.267,Firmicutes,Limnochordia,Hydrogenispora,_,_,_,EF558967.1.1486,Bacteria,OTU1303.Firmicutes._
1292,OTU1304,273,1,273,1423,502,774,100,427,3.21e-118,94.872,Planctomycetota,OM190,uncultured|organism,_,_,_,JN467391.1.1423,Bacteria,OTU1304.Planctomycetota._
1293,OTU1305,274,1,274,919,471,744,100,490,4.06e-137,98.905,Halobacterota,Halobacteria,Halobacterales,Halomicrobiaceae,_,uncultured|archaeon,KT216149.1.919,Archaea,OTU1305.Halobacterota._
1294,OTU1306,273,1,273,1320,445,717,100,399,7.01e-110,93.066,Chloroflexi,Anaerolineae,SBR1031,A4b,_,_,EU134152.1.1320,Bacteria,OTU1306.Chloroflexi._
1295,OTU1307,273,1,273,1464,498,770,100,416,6.96e-115,94.139,Chloroflexi,Anaerolineae,Caldilineales,Caldilineaceae,_,_,KX589493.1.1464,Bacteria,OTU1307.Chloroflexi._
1296,OTU1308,273,1,273,1552,537,809,100,477,3.15e-133,98.168,Myxococcota,Polyangia,Polyangiales,Sandaracinaceae,Sandaracinus,Sandaracinus|amylolyticus,CP011125.8624128.8625679,Bacteria,OTU1308.Myxococcota.Sandaracinus
1297,OTU1309,273,2,273,1493,505,776,99,353,5.53e-96,90.074,Planctomycetota,Planctomycetes,Gemmatales,Gemmataceae,_,uncultured|Planctomycetaceae|bacterium,JF500994.1.1493,Bacteria,OTU1309.Planctomycetota._
1298,OTU1310,273,1,273,1511,514,786,100,466,6.81e-130,97.436,Actinobacteriota,Actinobacteria,Streptosporangiales,Thermomonosporaceae,Actinomadura,metagenome,FPLS01038142.9.1519,Bacteria,OTU1310.Actinobacteriota.Actinomadura
1299,OTU1311,273,1,273,1456,475,747,100,494,3.12e-138,99.267,Cyanobacteria,Cyanobacteriia,Cyanobacteriales,Coleofasciculaceae,_,_,JQ769701.1.1456,Bacteria,OTU1311.Cyanobacteria._
1300,OTU1312,273,1,273,1304,459,731,100,499,6.71e-140,99.634,Chloroflexi,Chloroflexia,Chloroflexales,Herpetosiphonaceae,Herpetosiphon,_,JF175353.1.1304,Bacteria,OTU1312.Chloroflexi.Herpetosiphon
1301,OTU1313,273,1,273,1367,487,759,100,483,6.76e-135,98.535,Planctomycetota,OM190,_,_,_,_,LN573914.1.1367,Bacteria,OTU1313.Planctomycetota._
1302,OTU1314,273,1,273,1416,490,762,100,488,1.45e-136,98.901,Firmicutes,Bacilli,Alicyclobacillales,Alicyclobacillaceae,Tumebacillus,uncultured|Tumebacillus|sp,JN625665.1.1416,Bacteria,OTU1314.Firmicutes.Tumebacillus
1303,OTU1315,273,1,273,1331,409,681,100,388,1.52e-106,92.308,Planctomycetota,Phycisphaerae,Phycisphaerales,Phycisphaeraceae,SM1A02,uncultured|Planctomycetales|bacterium,JN825577.1.1331,Bacteria,OTU1315.Planctomycetota.SM1A02
1304,OTU1316,273,1,263,1550,535,798,96,470,5.26e-131,98.864,Myxococcota,Polyangia,Polyangiales,Polyangiaceae,Jahnella,Jahnella|thaxteri,GU207876.1.1550,Bacteria,OTU1316.Myxococcota.Jahnella
1305,OTU1317,273,1,273,1496,516,788,100,494,3.12e-138,99.267,Proteobacteria,Gammaproteobacteria,Xanthomonadales,Xanthomonadaceae,Lysobacter,Lysobacter|soli,EF623862.1.1496,Bacteria,OTU1317.Proteobacteria.Lysobacter
1306,OTU1318,274,1,274,1326,484,756,100,344,3.34e-93,89.416,Chloroflexi,Chloroflexia,Thermomicrobiales,JG30-KF-CM45,_,_,KX771535.1.1326,Bacteria,OTU1318.Chloroflexi._
1307,OTU1319,273,1,273,1462,495,767,100,488,1.45e-136,98.901,Chloroflexi,Chloroflexia,Thermomicrobiales,AKYG1722,_,_,HQ910308.1.1462,Bacteria,OTU1319.Chloroflexi._
1308,OTU1320,273,1,273,1513,523,795,100,472,1.46e-131,97.802,Planctomycetota,Planctomycetes,Planctomycetales,_,_,_,HQ190380.1.1513,Bacteria,OTU1320.Planctomycetota._
1309,OTU1321,273,1,273,1480,495,767,100,438,1.48e-121,95.604,Planctomycetota,Planctomycetes,Pirellulales,Pirellulaceae,_,uncultured|planctomycete,HE614813.1.1480,Bacteria,OTU1321.Planctomycetota._
1310,OTU1322,273,1,273,1457,498,770,100,422,1.5e-116,94.505,Bacteroidota,Bacteroidia,Cytophagales,Cyclobacteriaceae,Tunicatimonas,Tunicatimonas|pelagia,AB602437.1.1457,Bacteria,OTU1322.Bacteroidota.Tunicatimonas
1311,OTU1323,273,1,273,1491,494,766,100,444,3.19e-123,95.971,Chloroflexi,Anaerolineae,Ardenticatenales,_,_,_,DQ833488.1.1491,Bacteria,OTU1323.Chloroflexi._
1312,OTU1324,273,1,273,1515,504,776,100,488,1.45e-136,98.901,Desulfobacterota,_,_,_,_,_,JQ426134.1.1515,Bacteria,OTU1324.Desulfobacterota._
1313,OTU1325,272,1,272,1463,488,759,100,486,5.21e-136,98.897,Firmicutes,Clostridia,Peptostreptococcales-Tissierellales,Peptostreptococcaceae,uncultured|Clostridium|sp,_,KF511904.1.1463,Bacteria,OTU1325.Firmicutes.uncultured|Clostridium|sp
1314,OTU1326,274,1,274,1486,506,779,100,484,1.89e-135,98.54,Planctomycetota,Planctomycetes,Isosphaerales,Isosphaeraceae,_,_,KC662302.1.1486,Bacteria,OTU1326.Planctomycetota._
1315,OTU1327,274,1,274,1362,479,752,100,501,1.87e-140,99.635,Planctomycetota,Planctomycetes,_,uncultured|planctomycete,_,_,AM934800.1.1362,Bacteria,OTU1327.Planctomycetota._
1316,OTU1328,273,1,273,1405,451,723,100,472,1.46e-131,97.802,Proteobacteria,Alphaproteobacteria,Rhizobiales,KF-JG30-B3,_,_,KX172358.1.1405,Bacteria,OTU1328.Proteobacteria._
1317,OTU1329,273,1,273,1344,484,756,100,444,3.19e-123,95.971,Acidobacteriota,Blastocatellia,Blastocatellales,Blastocatellaceae,Blastocatella,_,JF171462.1.1344,Bacteria,OTU1329.Acidobacteriota.Blastocatella
1318,OTU1330,273,1,273,1412,517,789,100,494,3.12e-138,99.267,Planctomycetota,Planctomycetes,Gemmatales,Gemmataceae,_,uncultured|planctomycete,AY921762.1.1412,Bacteria,OTU1330.Planctomycetota._
1319,OTU1331,273,1,273,1522,517,789,100,472,1.46e-131,97.802,Actinobacteriota,Thermoleophilia,Solirubrobacterales,67-14,_,_,KC554839.1.1522,Bacteria,OTU1331.Actinobacteriota._
1320,OTU1332,273,1,273,1424,469,741,100,477,3.15e-133,98.168,Planctomycetota,Phycisphaerae,Tepidisphaerales,WD2101|soil|group,uncultured|planctomycete,_,KJ540740.1.1424,Bacteria,OTU1332.Planctomycetota.uncultured|planctomycete
1321,OTU1333,273,1,273,1303,482,755,100,449,6.86e-125,96.35,Chloroflexi,Anaerolineae,SBR1031,A4b,_,_,EU133991.1.1303,Bacteria,OTU1333.Chloroflexi._
1322,OTU1334,273,1,273,1528,502,774,100,499,6.71e-140,99.634,Armatimonadota,_,uncultured|soil|bacterium,_,_,_,JN417587.1.1528,Bacteria,OTU1334.Armatimonadota._
1323,OTU1335,106,1,106,1021,47,152,100,147,3.28e-34,91.509,Nanoarchaeota,Nanoarchaeia,Woesearchaeales,SCGC|AAA011-D5,Candidatus|Levybacteria|bacterium|RIFOXYB1_FULL_40_17,_,MFPN01000018.5069.6089,Archaea,OTU1335.Nanoarchaeota.Candidatus|Levybacteria|bacterium|RIFOXYB1_FULL_40_17
1324,OTU1336,274,2,274,1362,499,770,99,431,2.49e-119,95.238,Chloroflexi,Anaerolineae,Anaerolineales,Anaerolineaceae,_,_,GQ182839.1.1362,Bacteria,OTU1336.Chloroflexi._
1325,OTU1337,273,1,273,1337,480,752,100,494,3.12e-138,99.267,Actinobacteriota,Actinobacteria,Kineosporiales,Kineosporiaceae,Kineosporia,_,JF145509.1.1337,Bacteria,OTU1337.Actinobacteriota.Kineosporia
1326,OTU1338,273,1,273,1319,475,747,100,479,8.75e-134,98.168,Chloroflexi,Anaerolineae,SBR1031,_,_,_,EU134014.1.1319,Bacteria,OTU1338.Chloroflexi._
1327,OTU1339,273,1,273,1469,496,768,100,427,3.21e-118,94.909,Chloroflexi,Chloroflexia,Thermomicrobiales,AKYG1722,uncultured|Chloroflexi|bacterium,_,EU979025.1.1469,Bacteria,OTU1339.Chloroflexi.uncultured|Chloroflexi|bacterium
1328,OTU1340,273,1,273,1327,481,753,100,460,3.17e-128,97.07,Chloroflexi,TK10,metagenome,_,_,_,FPLM01005722.11.1337,Bacteria,OTU1340.Chloroflexi._
1329,OTU1341,273,1,273,1384,489,761,100,472,1.46e-131,97.802,Planctomycetota,Planctomycetes,Gemmatales,Gemmataceae,_,uncultured|planctomycete,AM934926.1.1384,Bacteria,OTU1341.Planctomycetota._
1330,OTU1342,273,1,273,1342,468,740,100,416,6.96e-115,94.139,Planctomycetota,Phycisphaerae,Tepidisphaerales,WD2101|soil|group,_,_,EU135087.1.1342,Bacteria,OTU1342.Planctomycetota._
1331,OTU1343,273,1,273,1407,448,720,100,399,7.01e-110,93.04,Planctomycetota,Planctomycetes,Gemmatales,Gemmataceae,_,uncultured|planctomycete,FJ824049.1.1407,Bacteria,OTU1343.Planctomycetota._
1332,OTU1344,273,1,273,1458,509,781,100,460,3.17e-128,97.07,Acidobacteriota,Thermoanaerobaculia,Thermoanaerobaculales,Thermoanaerobaculaceae,Subgroup|10,bacterium|YC-LK-LKJ13,KP174654.1.1458,Bacteria,OTU1344.Acidobacteriota.Subgroup|10
1333,OTU1345,273,1,273,1481,503,775,100,488,1.45e-136,98.901,Proteobacteria,Gammaproteobacteria,Acidiferrobacterales,Acidiferrobacteraceae,Sulfurifustis,_,HQ910265.1.1481,Bacteria,OTU1345.Proteobacteria.Sulfurifustis
1334,OTU1346,273,1,273,1515,527,799,100,472,1.46e-131,97.802,Verrucomicrobiota,Verrucomicrobiae,Pedosphaerales,Pedosphaeraceae,Ellin517,uncultured|soil|bacterium,JX489941.1.1515,Bacteria,OTU1346.Verrucomicrobiota.Ellin517
1335,OTU1347,273,1,273,1551,539,811,100,494,3.12e-138,99.267,Acidobacteriota,Holophagae,Subgroup|7,_,_,_,JX898165.1.1551,Bacteria,OTU1347.Acidobacteriota._
1336,OTU1348,273,1,273,1320,467,739,100,483,6.76e-135,98.535,Chloroflexi,Chloroflexia,Chloroflexales,Roseiflexaceae,_,_,EU134077.1.1320,Bacteria,OTU1348.Chloroflexi._
1337,OTU1349,273,1,273,1278,475,747,100,372,1.53e-101,91.273,Chloroflexi,TK10,_,_,_,_,EU134040.1.1278,Bacteria,OTU1349.Chloroflexi._
1338,OTU1350,273,1,273,1441,480,752,100,455,1.47e-126,96.715,Chloroflexi,Chloroflexia,Chloroflexales,Roseiflexaceae,_,_,AB240368.1.1441,Bacteria,OTU1350.Chloroflexi._
1339,OTU1351,273,1,273,1473,497,769,100,494,3.12e-138,99.267,Planctomycetota,Planctomycetes,Gemmatales,Gemmataceae,_,uncultured|soil|bacterium,EU589267.1.1473,Bacteria,OTU1351.Planctomycetota._
1340,OTU1352,273,1,273,1464,499,772,100,427,3.21e-118,94.928,Chloroflexi,Anaerolineae,SBR1031,_,_,_,JF421158.1.1464,Bacteria,OTU1352.Chloroflexi._
1341,OTU1353,273,1,273,1500,510,782,100,477,3.15e-133,98.168,Proteobacteria,Gammaproteobacteria,Burkholderiales,SC-I-84,_,_,LC093161.1.1500,Bacteria,OTU1353.Proteobacteria._
1342,OTU1354,273,1,273,1424,442,714,100,449,6.86e-125,96.337,Proteobacteria,Alphaproteobacteria,Azospirillales,Azospirillaceae,Skermanella,Skermanella|rubra,KP280066.1.1424,Bacteria,OTU1354.Proteobacteria.Skermanella
1343,OTU1355,273,1,273,1494,515,787,100,427,3.21e-118,94.872,Acidobacteriota,Thermoanaerobaculia,Thermoanaerobaculales,Thermoanaerobaculaceae,Subgroup|10,uncultured|Acidobacteria|bacterium,FJ205217.1.1494,Bacteria,OTU1355.Acidobacteriota.Subgroup|10
1344,OTU1356,273,1,273,1309,405,677,100,472,1.46e-131,97.802,Chloroflexi,Anaerolineae,Anaerolineales,Anaerolineaceae,Anaerolinea,metagenome,FPLP01012507.10.1318,Bacteria,OTU1356.Chloroflexi.Anaerolinea
1345,OTU1357,273,1,273,1482,501,773,100,488,1.45e-136,98.901,Actinobacteriota,Actinobacteria,Frankiales,Acidothermaceae,Acidothermus,uncultured|actinobacterium,JQ861397.1.1482,Bacteria,OTU1357.Actinobacteriota.Acidothermus
1346,OTU1358,273,1,273,1509,524,796,100,483,6.76e-135,98.535,Planctomycetota,Planctomycetes,Planctomycetales,Gimesiaceae,_,uncultured|planctomycete,EU330396.1.1509,Bacteria,OTU1358.Planctomycetota._
1347,OTU1359,273,1,273,1469,470,742,100,494,3.12e-138,99.267,Proteobacteria,Alphaproteobacteria,Sphingomonadales,Sphingomonadaceae,Novosphingobium,metagenome,FPLL01006035.10.1478,Bacteria,OTU1359.Proteobacteria.Novosphingobium
1348,OTU1360,273,1,273,1477,518,790,100,449,6.86e-125,96.337,Myxococcota,Myxococcia,Myxococcales,Vulgatibacteraceae,Vulgatibacter,uncultured|Hyalangium|sp,KJ540848.1.1477,Bacteria,OTU1360.Myxococcota.Vulgatibacter
1349,OTU1362,274,1,274,1505,506,779,100,424,4.17e-117,94.565,Actinobacteriota,Acidimicrobiia,Microtrichales,metagenome,_,_,FPLS01056051.11.1515,Bacteria,OTU1362.Actinobacteriota._
1350,OTU1363,274,1,274,1467,491,763,100,466,6.84e-130,97.445,Planctomycetota,Phycisphaerae,Tepidisphaerales,WD2101|soil|group,uncultured|soil|bacterium,_,JX489858.1.1467,Bacteria,OTU1363.Planctomycetota.uncultured|soil|bacterium
1351,OTU1364,273,1,273,1476,519,791,100,440,4.13e-122,95.604,NB1-j,_,_,_,_,_,KX172759.1.1476,Bacteria,OTU1364.NB1-j._
1352,OTU1365,273,1,273,1512,509,781,100,394,3.26e-108,92.674,Planctomycetota,Planctomycetes,Gemmatales,Gemmataceae,_,_,FJ478962.1.1512,Bacteria,OTU1365.Planctomycetota._
1353,OTU1366,273,1,273,1453,489,761,100,472,1.46e-131,97.802,Planctomycetota,Planctomycetes,Pirellulales,Pirellulaceae,_,_,KM456092.1.1453,Bacteria,OTU1366.Planctomycetota._
1354,OTU1367,273,1,273,1474,480,752,100,483,6.76e-135,98.535,Proteobacteria,Alphaproteobacteria,Dongiales,Dongiaceae,Dongia,metagenome,FPLL01001464.14.1487,Bacteria,OTU1367.Proteobacteria.Dongia
1355,OTU1368,273,1,273,1547,536,808,100,455,1.47e-126,96.715,Myxococcota,Myxococcia,Myxococcales,Anaeromyxobacteraceae,Anaeromyxobacter,uncultured|Anaeromyxobacter|sp,JX079225.1.1547,Bacteria,OTU1368.Myxococcota.Anaeromyxobacter
1356,OTU1369,273,1,273,1342,468,740,100,444,3.19e-123,95.971,Planctomycetota,Phycisphaerae,Tepidisphaerales,WD2101|soil|group,_,_,EU135087.1.1342,Bacteria,OTU1369.Planctomycetota._
1357,OTU1370,273,1,273,1347,481,753,100,427,3.21e-118,94.872,Gemmatimonadota,S0134|terrestrial|group,_,_,_,_,EU219931.1.1347,Bacteria,OTU1370.Gemmatimonadota._
1358,OTU1371,273,1,273,1501,523,795,100,472,1.46e-131,97.802,Proteobacteria,Gammaproteobacteria,Nitrosococcales,Nitrosococcaceae,Cm1-21,uncultured|gamma|proteobacterium,JN825488.1.1501,Bacteria,OTU1371.Proteobacteria.Cm1-21
1359,OTU1372,273,1,273,1483,499,771,100,433,6.91e-120,95.238,Armatimonadota,_,_,_,_,_,FJ479177.1.1483,Bacteria,OTU1372.Armatimonadota._
1360,OTU1373,273,1,273,1206,219,491,100,405,1.51e-111,93.407,Armatimonadota,_,_,_,_,_,MG002277.1.1206,Bacteria,OTU1373.Armatimonadota._
1361,OTU1374,273,1,273,1298,448,720,100,488,1.45e-136,98.901,Proteobacteria,Alphaproteobacteria,Caulobacterales,Hyphomonadaceae,SWB02,_,LN572259.1.1298,Bacteria,OTU1374.Proteobacteria.SWB02
1362,OTU1375,273,1,273,1383,460,733,100,350,7.16e-95,89.781,Chloroflexi,Anaerolineae,Ardenticatenales,Ardenticatenaceae,_,uncultured|Chloroflexi|bacterium,HQ397036.1.1383,Bacteria,OTU1375.Chloroflexi._
1363,OTU1376,273,1,273,1361,505,777,100,488,1.45e-136,98.901,Bacteroidota,Bacteroidia,Chitinophagales,Chitinophagaceae,UTBCD1,_,HM328597.1.1361,Bacteria,OTU1376.Bacteroidota.UTBCD1
1364,OTU1377,273,1,273,1542,528,800,100,488,1.45e-136,98.901,Actinobacteriota,Thermoleophilia,Gaiellales,_,_,_,KC554261.1.1542,Bacteria,OTU1377.Actinobacteriota._
1365,OTU1378,273,1,273,1429,457,729,100,488,1.45e-136,98.901,Proteobacteria,Alphaproteobacteria,Reyranellales,Reyranellaceae,Reyranella,Reyranella|soli,JX260424.1.1429,Bacteria,OTU1378.Proteobacteria.Reyranella
1366,OTU1379,273,1,273,1402,446,718,100,488,1.45e-136,98.901,Proteobacteria,Alphaproteobacteria,Rhodobacterales,Rhodobacteraceae,Roseivivax,Roseivivax|isoporae,FJ593905.1.1402,Bacteria,OTU1379.Proteobacteria.Roseivivax
1367,OTU1380,274,1,274,1481,470,743,100,490,4.06e-137,98.905,Actinobacteriota,Acidimicrobiia,Microtrichales,Iamiaceae,Iamia,_,FJ152827.1.1481,Bacteria,OTU1380.Actinobacteriota.Iamia
1368,OTU1381,273,1,273,1462,477,749,100,460,3.17e-128,97.08,Proteobacteria,Alphaproteobacteria,Acetobacterales,Acetobacteraceae,Rubritepida,_,KF037440.1.1462,Bacteria,OTU1381.Proteobacteria.Rubritepida
1369,OTU1382,273,1,273,1445,467,739,100,472,1.46e-131,97.802,Proteobacteria,Alphaproteobacteria,Rhizobiales,Xanthobacteraceae,Rhodoplanes,_,FJ479334.1.1445,Bacteria,OTU1382.Proteobacteria.Rhodoplanes
1370,OTU1383,273,1,273,1525,544,816,100,460,3.17e-128,97.07,Acidobacteriota,Subgroup|25,uncultured|Acidobacteria|bacterium,_,_,_,EU979072.1.1525,Bacteria,OTU1383.Acidobacteriota._
1371,OTU1384,273,1,273,1350,475,747,100,494,3.12e-138,99.267,Planctomycetota,Planctomycetes,Planctomycetales,_,_,_,LN570310.1.1350,Bacteria,OTU1384.Planctomycetota._
1372,OTU1385,293,1,293,1277,467,759,100,520,5.57e-146,98.635,Actinobacteriota,Acidimicrobiia,Microtrichales,Ilumatobacteraceae,_,_,EU132744.1.1277,Bacteria,OTU1385.Actinobacteriota._
1373,OTU1386,274,1,274,1350,486,759,100,457,4.12e-127,96.715,Planctomycetota,Planctomycetes,Isosphaerales,Isosphaeraceae,_,_,HM323377.1.1350,Bacteria,OTU1386.Planctomycetota._
1374,OTU1387,273,1,273,1509,523,795,100,488,1.45e-136,98.901,Planctomycetota,BD7-11,_,_,_,_,KF712721.1.1509,Bacteria,OTU1387.Planctomycetota._
1375,OTU1388,273,1,273,1415,461,733,100,499,6.71e-140,99.634,Verrucomicrobiota,Verrucomicrobiae,Verrucomicrobiales,Rubritaleaceae,Luteolibacter,Verrucomicrobium|sp.|IMCC25901,KT730049.1.1415,Bacteria,OTU1388.Verrucomicrobiota.Luteolibacter
1376,OTU1389,273,1,273,1497,519,791,100,494,3.12e-138,99.267,Verrucomicrobiota,Verrucomicrobiae,Verrucomicrobiales,Verrucomicrobiaceae,Roseimicrobium,_,FJ623345.1.1497,Bacteria,OTU1389.Verrucomicrobiota.Roseimicrobium
1377,OTU1390,273,1,273,1443,535,808,100,455,1.47e-126,96.715,Gemmatimonadota,S0134|terrestrial|group,_,_,_,_,HQ166680.1.1443,Bacteria,OTU1390.Gemmatimonadota._
1378,OTU1391,273,1,273,1391,507,779,100,460,3.17e-128,97.07,Myxococcota,Polyangia,Polyangiales,BIrii41,uncultured|delta|proteobacterium,_,JN178921.1.1391,Bacteria,OTU1391.Myxococcota.uncultured|delta|proteobacterium
1379,OTU1392,273,1,273,1518,540,812,100,466,6.81e-130,97.436,Proteobacteria,Gammaproteobacteria,EPR3968-O8a-Bc78,uncultured|bacterium|KM3-69-F5,_,_,EU686647.15498.17015,Bacteria,OTU1392.Proteobacteria._
1380,OTU1393,273,1,273,1384,514,786,100,394,3.26e-108,92.727,Planctomycetota,Planctomycetes,Planctomycetales,_,uncultured|planctomycete,_,EF019893.1.1384,Bacteria,OTU1393.Planctomycetota.uncultured|planctomycete
1381,OTU1394,272,1,272,1456,479,750,100,486,5.21e-136,98.897,Firmicutes,Bacilli,Thermoactinomycetales,Thermoactinomycetaceae,Shimazuella,_,DQ129360.1.1456,Bacteria,OTU1394.Firmicutes.Shimazuella
1382,OTU1395,273,1,273,1515,533,805,100,499,6.71e-140,99.634,Proteobacteria,Gammaproteobacteria,Burkholderiales,Nitrosomonadaceae,MND1,_,HQ190476.1.1515,Bacteria,OTU1395.Proteobacteria.MND1
1383,OTU1396,274,1,274,1465,468,740,100,477,3.16e-133,98.175,Proteobacteria,Alphaproteobacteria,Rhizobiales,Labraceae,Labrys,metagenome,FPLS01023051.15.1479,Bacteria,OTU1396.Proteobacteria.Labrys
1384,OTU1397,274,1,274,1486,501,774,100,412,9.03e-114,93.796,Planctomycetota,Planctomycetes,_,_,_,_,AY375065.1.1486,Bacteria,OTU1397.Planctomycetota._
1385,OTU1398,273,1,273,1420,474,746,100,416,6.96e-115,94.139,Chloroflexi,Anaerolineae,SBR1031,A4b,uncultured|marine|bacterium,_,JN119131.1.1420,Bacteria,OTU1398.Chloroflexi.uncultured|marine|bacterium
1386,OTU1399,273,1,273,1363,455,727,100,394,3.26e-108,92.674,Planctomycetota,Planctomycetes,Gemmatales,Gemmataceae,_,_,FR667303.1.1363,Bacteria,OTU1399.Planctomycetota._
1387,OTU1400,273,1,273,1353,421,693,100,488,1.45e-136,98.901,Proteobacteria,Alphaproteobacteria,Sphingomonadales,Sphingomonadaceae,Erythrobacter,Erythrobacter|odishensis,HE680094.1.1353,Bacteria,OTU1400.Proteobacteria.Erythrobacter
1388,OTU1401,273,1,273,1469,456,728,100,477,3.15e-133,98.168,Proteobacteria,Alphaproteobacteria,Elsterales,_,_,_,JN024078.1.1469,Bacteria,OTU1401.Proteobacteria._
1389,OTU1402,273,1,273,1431,472,745,100,494,3.12e-138,99.27,Proteobacteria,Alphaproteobacteria,Rhodobacterales,Rhodobacteraceae,Rubellimicrobium,uncultured|soil|bacterium,JX489881.1.1431,Bacteria,OTU1402.Proteobacteria.Rubellimicrobium
1390,OTU1403,273,1,273,1469,489,761,100,494,3.12e-138,99.267,Armatimonadota,_,_,_,_,_,HQ397562.1.1469,Bacteria,OTU1403.Armatimonadota._
1391,OTU1404,273,2,273,1383,461,733,99,348,2.57e-94,89.744,Chloroflexi,Anaerolineae,Ardenticatenales,Ardenticatenaceae,_,uncultured|Chloroflexi|bacterium,HQ397036.1.1383,Bacteria,OTU1404.Chloroflexi._
1392,OTU1405,273,1,273,1370,464,736,100,455,1.47e-126,96.703,Planctomycetota,Planctomycetes,Gemmatales,Gemmataceae,_,_,GQ262846.1.1370,Bacteria,OTU1405.Planctomycetota._
1393,OTU1406,274,1,274,1366,487,760,100,429,8.97e-119,94.891,Planctomycetota,Planctomycetes,Isosphaerales,Isosphaeraceae,_,_,LN565452.1.1366,Bacteria,OTU1406.Planctomycetota._
1394,OTU1407,273,1,273,1392,522,794,100,472,1.46e-131,97.802,Methylomirabilota,Methylomirabilia,Rokubacteriales,_,_,_,EU135322.1.1392,Bacteria,OTU1407.Methylomirabilota._
1395,OTU1408,274,1,274,1483,503,776,100,496,8.72e-139,99.27,Actinobacteriota,Acidimicrobiia,Microtrichales,_,_,_,FJ478585.1.1483,Bacteria,OTU1408.Actinobacteriota._
1396,OTU1409,273,1,273,1402,476,749,100,399,7.01e-110,93.091,Bacteroidota,Bacteroidia,Chitinophagales,Saprospiraceae,Phaeodactylibacter,uncultured|Bacteroidetes|bacterium,MG520375.1.1402,Bacteria,OTU1409.Bacteroidota.Phaeodactylibacter
1397,OTU1410,273,1,273,1523,537,810,100,422,1.5e-116,94.526,Planctomycetota,OM190,_,_,_,_,JQ978593.1.1523,Bacteria,OTU1410.Planctomycetota._
1398,OTU1411,273,1,273,1518,504,776,100,488,1.45e-136,98.901,Myxococcota,Polyangia,Haliangiales,Haliangiaceae,Haliangium,_,FJ152723.1.1518,Bacteria,OTU1411.Myxococcota.Haliangium
1399,OTU1412,273,1,273,1510,522,794,100,411,3.24e-113,93.773,Planctomycetota,OM190,uncultured|Planctomycetales|bacterium,_,_,_,JN825600.1.1510,Bacteria,OTU1412.Planctomycetota._
1400,OTU1413,273,1,273,1518,541,813,100,444,3.19e-123,95.971,Latescibacterota,_,_,_,_,_,FJ479520.1.1518,Bacteria,OTU1413.Latescibacterota._
1401,OTU1414,273,1,273,1505,510,782,100,411,3.24e-113,93.773,Chloroflexi,Anaerolineae,SBR1031,_,_,_,KM823731.1.1505,Bacteria,OTU1414.Chloroflexi._
1402,OTU1415,273,1,273,1418,457,729,100,466,6.81e-130,97.445,Acidobacteriota,Acidobacteriae,Solibacterales,Solibacteraceae,Candidatus|Solibacter,_,EF516650.1.1418,Bacteria,OTU1415.Acidobacteriota.Candidatus|Solibacter
1403,OTU1416,273,1,273,1303,482,755,100,444,3.19e-123,96,Chloroflexi,Anaerolineae,SBR1031,A4b,_,_,EU133991.1.1303,Bacteria,OTU1416.Chloroflexi._
1404,OTU1417,273,1,273,1326,484,756,100,350,7.16e-95,89.744,Chloroflexi,Chloroflexia,Thermomicrobiales,JG30-KF-CM45,_,_,KX771535.1.1326,Bacteria,OTU1417.Chloroflexi._
1405,OTU1418,273,1,273,1201,299,571,100,460,3.17e-128,97.07,Actinobacteriota,MB-A2-108,_,_,_,_,KC191788.1.1201,Bacteria,OTU1418.Actinobacteriota._
1406,OTU1419,274,1,274,1486,500,773,100,484,1.89e-135,98.54,Gemmatimonadota,S0134|terrestrial|group,_,_,_,_,KR559964.1.1486,Bacteria,OTU1419.Gemmatimonadota._
1407,OTU1420,273,1,273,1340,480,752,100,477,3.15e-133,98.168,Chloroflexi,TK10,uncultured|Chloroflexi|bacterium,_,_,_,AY922056.1.1340,Bacteria,OTU1420.Chloroflexi._
1408,OTU1421,273,1,273,1310,466,738,100,433,6.91e-120,95.238,Chloroflexi,Chloroflexia,Kallotenuales,AKIW781,_,_,JQ407966.1.1310,Bacteria,OTU1421.Chloroflexi._
1409,OTU1422,274,1,274,1532,530,803,100,424,4.17e-117,94.545,Gemmatimonadota,Longimicrobia,Longimicrobiales,Longimicrobiaceae,YC-ZSS-LKJ147,metagenome,FPLS01054097.16.1547,Bacteria,OTU1422.Gemmatimonadota.YC-ZSS-LKJ147
1410,OTU1423,273,1,273,1447,476,748,100,488,1.45e-136,98.901,Chloroflexi,Dehalococcoidia,S085,_,_,_,GQ264295.1.1447,Bacteria,OTU1423.Chloroflexi._
1411,OTU1424,273,1,273,1475,498,770,100,494,3.12e-138,99.267,Planctomycetota,Planctomycetes,Pirellulales,Pirellulaceae,Pirellula,uncultured|soil|bacterium,JX489984.1.1475,Bacteria,OTU1424.Planctomycetota.Pirellula
1412,OTU1425,273,1,273,1508,530,802,100,472,1.46e-131,97.802,Acidobacteriota,Vicinamibacteria,Vicinamibacterales,_,uncultured|Acidobacteria|bacterium,_,HQ597803.1.1508,Bacteria,OTU1425.Acidobacteriota.uncultured|Acidobacteria|bacterium
1413,OTU1426,273,1,273,1484,508,780,100,394,3.26e-108,92.674,Planctomycetota,Planctomycetes,Gemmatales,Gemmataceae,_,_,HQ121003.1.1484,Bacteria,OTU1426.Planctomycetota._
1414,OTU1427,272,1,272,1544,528,799,100,492,1.12e-137,99.265,Firmicutes,Bacilli,Paenibacillales,Paenibacillaceae,Paenibacillus,Paenibacillus|prosopidis,LT900196.1.1544,Bacteria,OTU1427.Firmicutes.Paenibacillus
1415,OTU1428,276,1,276,1355,492,767,100,488,1.47e-136,98.551,Gemmatimonadota,Gemmatimonadetes,Gemmatimonadales,Gemmatimonadaceae,Gemmatimonas,_,JF168972.1.1355,Bacteria,OTU1428.Gemmatimonadota.Gemmatimonas
1416,OTU1429,273,1,273,1529,551,823,100,494,3.12e-138,99.267,Halanaerobiaeota,Halanaerobiia,Halanaerobiales,Halanaerobiaceae,Halocella,_,EF585981.1.1529,Bacteria,OTU1429.Halanaerobiaeota.Halocella
1417,OTU1430,273,2,273,1531,545,816,99,385,1.96e-105,91.912,Planctomycetota,Pla4|lineage,uncultured|planctomycete,_,_,_,EU373998.1.1531,Bacteria,OTU1430.Planctomycetota._
1418,OTU1431,273,1,273,1466,489,761,100,472,1.46e-131,97.802,Planctomycetota,Phycisphaerae,Tepidisphaerales,WD2101|soil|group,uncultured|soil|bacterium,_,JX489879.1.1466,Bacteria,OTU1431.Planctomycetota.uncultured|soil|bacterium
1419,OTU1432,273,1,273,1354,485,757,100,466,6.81e-130,97.436,Armatimonadota,_,_,_,_,_,EU135016.1.1354,Bacteria,OTU1432.Armatimonadota._
1420,OTU1433,273,1,273,914,467,739,100,433,6.91e-120,95.255,Thermoplasmatota,Thermoplasmata,Marine|Group|II,uncultured|archaeon,_,_,KT216113.1.914,Archaea,OTU1433.Thermoplasmatota._
1421,OTU1434,273,1,273,1485,505,777,100,472,1.46e-131,97.802,Actinobacteriota,Actinobacteria,Nitriliruptorales,Nitriliruptoraceae,_,_,JQ801064.1.1485,Bacteria,OTU1434.Actinobacteriota._
1422,OTU1435,274,1,274,1490,491,764,100,490,4.06e-137,98.905,Actinobacteriota,Acidimicrobiia,_,_,_,_,KC554731.1.1490,Bacteria,OTU1435.Actinobacteriota._
1423,OTU1436,273,1,273,1502,521,793,100,477,3.15e-133,98.168,Proteobacteria,Gammaproteobacteria,Acidithiobacillales,Acidithiobacillaceae,RCP1-48,uncultured|gamma|proteobacterium,HQ857713.1.1502,Bacteria,OTU1436.Proteobacteria.RCP1-48
1424,OTU1437,273,1,273,1455,481,753,100,477,3.15e-133,98.168,Chloroflexi,Dehalococcoidia,SAR202|clade,_,_,_,GQ263976.1.1455,Bacteria,OTU1437.Chloroflexi._
1425,OTU1438,273,1,273,1510,539,811,100,483,6.76e-135,98.535,Planctomycetota,OM190,uncultured|planctomycete,_,_,_,KC010003.1.1510,Bacteria,OTU1438.Planctomycetota._
1426,OTU1439,273,1,273,1484,508,780,100,449,6.86e-125,96.35,Planctomycetota,Planctomycetes,Gemmatales,Gemmataceae,_,_,HQ121003.1.1484,Bacteria,OTU1439.Planctomycetota._
1427,OTU1440,121,1,121,1517,505,625,100,224,1.75e-57,100,Actinobacteriota,Actinobacteria,Corynebacteriales,Nocardiaceae,Rhodococcus,Rhodococcus|zopfii|NBRC|100606|=|JCM|9919,BBGJ01000072.224.1740,Bacteria,OTU1440.Actinobacteriota.Rhodococcus
1428,OTU1441,274,1,274,1360,484,756,100,449,6.89e-125,96.35,Proteobacteria,Gammaproteobacteria,Burkholderiales,SC-I-84,_,_,JF796751.1.1360,Bacteria,OTU1441.Proteobacteria._
1429,OTU1442,274,1,274,1495,516,789,100,468,1.9e-130,97.445,Gemmatimonadota,S0134|terrestrial|group,_,_,_,_,DQ129378.1.1495,Bacteria,OTU1442.Gemmatimonadota._
1430,OTU1443,273,1,273,1481,501,773,100,427,3.21e-118,94.872,Planctomycetota,Phycisphaerae,Tepidisphaerales,WD2101|soil|group,_,_,KF037664.1.1481,Bacteria,OTU1443.Planctomycetota._
1431,OTU1444,273,1,273,1374,507,779,100,488,1.45e-136,98.901,Bacteroidota,Bacteroidia,Chitinophagales,Chitinophagaceae,_,_,EU133735.1.1374,Bacteria,OTU1444.Bacteroidota._
1432,OTU1445,273,1,273,1436,467,739,100,455,1.47e-126,96.703,Proteobacteria,Alphaproteobacteria,Caulobacterales,Hyphomonadaceae,Hirschia,metagenome,FPLS01031594.17.1452,Bacteria,OTU1445.Proteobacteria.Hirschia
1433,OTU1446,273,1,273,1491,514,786,100,499,6.71e-140,99.634,Myxococcota,Myxococcia,Myxococcales,Myxococcaceae,Myxococcus,Myxococcus|stipitatus,DQ768118.1.1491,Bacteria,OTU1446.Myxococcota.Myxococcus
1434,OTU1447,273,1,273,1495,520,792,100,477,3.15e-133,98.168,Bacteroidota,Rhodothermia,Rhodothermales,Rhodothermaceae,_,_,KJ817566.1.1495,Bacteria,OTU1447.Bacteroidota._
1435,OTU1448,273,1,270,1314,457,726,99,422,1.5e-116,94.815,Planctomycetota,Phycisphaerae,Tepidisphaerales,uncultured|Planctomycetales|bacterium,_,_,AM936264.1.1314,Bacteria,OTU1448.Planctomycetota._
1436,OTU1449,273,1,273,1490,512,784,100,444,3.19e-123,95.971,Actinobacteriota,Actinobacteria,0319-7L14,_,_,_,JQ978867.1.1490,Bacteria,OTU1449.Actinobacteriota._
1437,OTU1450,273,1,273,1234,247,519,100,444,3.19e-123,95.985,Planctomycetota,Planctomycetes,Pirellulales,Pirellulaceae,Rhodopirellula,_,HQ120658.1.1234,Bacteria,OTU1450.Planctomycetota.Rhodopirellula
1438,OTU1451,273,1,273,1319,470,742,100,488,1.45e-136,98.901,Proteobacteria,Gammaproteobacteria,Burkholderiales,Nitrosomonadaceae,MND1,_,EU133823.1.1319,Bacteria,OTU1451.Proteobacteria.MND1
1439,OTU1452,273,1,273,1523,537,809,100,438,1.48e-121,95.604,Planctomycetota,OM190,uncultured|Planctomycetales|bacterium,_,_,_,FJ516881.1.1523,Bacteria,OTU1452.Planctomycetota._
1440,OTU1453,273,1,273,903,461,732,100,486,5.23e-136,98.901,Thermoplasmatota,Thermoplasmata,Marine|Group|II,uncultured|archaeon,_,_,JX196265.1.903,Archaea,OTU1453.Thermoplasmatota._
1441,OTU1454,274,1,274,1260,410,683,100,457,4.12e-127,96.727,Chloroflexi,Anaerolineae,SBR1031,A4b,_,_,JN672270.1.1260,Bacteria,OTU1454.Chloroflexi._
1442,OTU1455,273,1,273,1445,433,705,100,494,3.12e-138,99.267,Proteobacteria,Alphaproteobacteria,Sphingomonadales,Sphingomonadaceae,Altererythrobacter,_,JQ427571.1.1445,Bacteria,OTU1455.Proteobacteria.Altererythrobacter
1443,OTU1456,292,1,292,1505,506,797,100,518,2e-145,98.63,Gemmatimonadota,Gemmatimonadetes,Gemmatimonadales,Gemmatimonadaceae,_,_,KF712733.1.1505,Bacteria,OTU1456.Gemmatimonadota._
1444,OTU1457,274,2,274,1500,508,780,99,488,1.46e-136,98.901,Actinobacteriota,Actinobacteria,Pseudonocardiales,Pseudonocardiaceae,Pseudonocardia,Pseudonocardia|kunmingensis,MH432692.1.1500,Bacteria,OTU1457.Actinobacteriota.Pseudonocardia
1445,OTU1458,273,1,273,1430,491,763,100,488,1.45e-136,98.901,Chloroflexi,Anaerolineae,SBR1031,_,_,_,KF911236.1.1430,Bacteria,OTU1458.Chloroflexi._
1446,OTU1459,273,1,273,1382,504,776,100,472,1.46e-131,97.802,Desulfobacterota,_,_,_,_,_,JF266167.1.1382,Bacteria,OTU1459.Desulfobacterota._
1447,OTU1460,274,1,274,1260,410,683,100,468,1.9e-130,97.445,Chloroflexi,Anaerolineae,SBR1031,A4b,_,_,JN672270.1.1260,Bacteria,OTU1460.Chloroflexi._
1448,OTU1461,273,1,272,1450,485,756,99,492,1.12e-137,99.265,Chloroflexi,JG30-KF-CM66,_,_,_,_,HQ397138.1.1450,Bacteria,OTU1461.Chloroflexi._
1449,OTU1462,273,1,273,1440,547,819,100,438,1.48e-121,95.62,Latescibacterota,_,_,_,_,_,EU135575.1.1440,Bacteria,OTU1462.Latescibacterota._
1450,OTU1463,273,1,273,1384,522,794,100,488,1.45e-136,98.901,Myxococcota,Polyangia,Haliangiales,Haliangiaceae,Haliangium,_,EU134373.1.1384,Bacteria,OTU1463.Myxococcota.Haliangium
1451,OTU1464,273,1,273,1351,486,758,100,488,1.45e-136,98.901,Bacteroidota,Bacteroidia,Cytophagales,Cytophagaceae,Rhodocytophaga,_,LN561113.1.1351,Bacteria,OTU1464.Bacteroidota.Rhodocytophaga
1452,OTU1465,273,1,273,1448,500,772,100,494,3.12e-138,99.267,Verrucomicrobiota,Verrucomicrobiae,Pedosphaerales,Pedosphaeraceae,_,_,FJ716073.1.1448,Bacteria,OTU1465.Verrucomicrobiota._
1453,OTU1466,273,1,273,1462,487,759,100,444,3.19e-123,95.971,Planctomycetota,Phycisphaerae,Tepidisphaerales,WD2101|soil|group,uncultured|planctomycete,_,KC011133.1.1462,Bacteria,OTU1466.Planctomycetota.uncultured|planctomycete
1454,OTU1467,274,1,274,1384,508,782,100,418,1.94e-115,94.182,Actinobacteriota,Acidimicrobiia,Actinomarinales,_,_,_,JF809695.1.1384,Bacteria,OTU1467.Actinobacteriota._
1455,OTU1468,273,1,273,1465,499,771,100,455,1.47e-126,96.703,Chloroflexi,Anaerolineae,SBR1031,uncultured|soil|bacterium,_,_,EU589270.1.1465,Bacteria,OTU1468.Chloroflexi._
1456,OTU1469,273,1,273,1340,468,740,100,477,3.15e-133,98.168,Planctomycetota,Planctomycetes,Gemmatales,Gemmataceae,Gemmata,_,HM269125.1.1340,Bacteria,OTU1469.Planctomycetota.Gemmata
1457,OTU1470,273,1,273,1517,539,811,100,455,1.47e-126,96.703,Acidobacteriota,Vicinamibacteria,Vicinamibacterales,_,uncultured|Acidobacteriales|bacterium,_,JN886929.1.1517,Bacteria,OTU1470.Acidobacteriota.uncultured|Acidobacteriales|bacterium
1458,OTU1471,273,1,273,1523,540,812,100,416,6.96e-115,94.139,Entotheonellaeota,Entotheonellia,Entotheonellales,Entotheonellaceae,uncultured|delta|proteobacterium,_,KJ192015.1.1523,Bacteria,OTU1471.Entotheonellaeota.uncultured|delta|proteobacterium
1459,OTU1472,273,1,273,1480,495,767,100,411,3.24e-113,93.773,Planctomycetota,Planctomycetes,Pirellulales,Pirellulaceae,_,_,JQ978630.1.1480,Bacteria,OTU1472.Planctomycetota._
1460,OTU1473,273,1,273,1475,508,780,100,494,3.12e-138,99.267,Chloroflexi,Anaerolineae,Anaerolineales,Anaerolineaceae,_,uncultured|Chloroflexi|bacterium,HQ727651.1.1475,Bacteria,OTU1473.Chloroflexi._
1461,OTU1474,274,1,274,1495,524,797,100,468,1.9e-130,97.445,Gemmatimonadota,BD2-11|terrestrial|group,uncultured|forest|soil|bacterium,_,_,_,AY913406.1.1495,Bacteria,OTU1474.Gemmatimonadota._
1462,OTU1475,273,1,273,1499,524,796,100,427,3.21e-118,94.872,Proteobacteria,Gammaproteobacteria,UBA10353|marine|group,_,_,_,EU491429.1.1499,Bacteria,OTU1475.Proteobacteria._
1463,OTU1476,273,1,273,1353,441,713,100,444,3.19e-123,95.971,Proteobacteria,Alphaproteobacteria,Rhodobacterales,Rhodobacteraceae,Limibaculum,uncultured|organism,JN534417.1.1353,Bacteria,OTU1476.Proteobacteria.Limibaculum
1464,OTU1477,273,1,273,1316,458,730,100,477,3.15e-133,98.168,Proteobacteria,Alphaproteobacteria,Elsterales,_,uncultured|Alphaproteobacteria|bacterium,_,AM936715.1.1316,Bacteria,OTU1477.Proteobacteria.uncultured|Alphaproteobacteria|bacterium
1465,OTU1478,272,1,272,1561,542,813,100,486,5.21e-136,98.897,Firmicutes,Bacilli,Paenibacillales,Paenibacillaceae,Cohnella,Cohnella|sp.|VKM|B-2846,JXAL01000015.3677.5237,Bacteria,OTU1478.Firmicutes.Cohnella
1466,OTU1479,273,1,273,1369,505,777,100,499,6.71e-140,99.634,Acidobacteriota,Vicinamibacteria,Vicinamibacterales,Vicinamibacteraceae,_,_,FJ004692.1.1369,Bacteria,OTU1479.Acidobacteriota._
1467,OTU1480,273,1,273,1462,498,770,100,455,1.47e-126,96.703,Chloroflexi,Anaerolineae,Ardenticatenales,_,_,_,FJ479103.1.1462,Bacteria,OTU1480.Chloroflexi._
1468,OTU1481,273,1,273,1339,463,735,100,460,3.17e-128,97.07,Actinobacteriota,Actinobacteria,0319-7L14,_,_,_,JF265833.1.1339,Bacteria,OTU1481.Actinobacteriota._
1469,OTU1482,273,1,273,1530,546,818,100,488,1.45e-136,98.901,Myxococcota,Polyangia,Haliangiales,Haliangiaceae,Haliangium,_,HQ645177.1.1530,Bacteria,OTU1482.Myxococcota.Haliangium
1470,OTU1483,273,1,273,1400,448,720,100,488,1.45e-136,98.901,Proteobacteria,Alphaproteobacteria,Rhizobiales,Beijerinckiaceae,Methylobacterium-Methylorubrum,Methylobacterium|radiotolerans,D32227.1.1400,Bacteria,OTU1483.Proteobacteria.Methylobacterium-Methylorubrum
1471,OTU1484,273,1,273,1430,503,775,100,460,3.17e-128,97.07,Chloroflexi,Anaerolineae,Caldilineales,Caldilineaceae,_,_,HQ119039.1.1430,Bacteria,OTU1484.Chloroflexi._
1472,OTU1485,273,1,273,1432,472,744,100,488,1.45e-136,98.901,Actinobacteriota,Actinobacteria,Corynebacteriales,Nocardiaceae,Rhodococcus,Rhodococcus|sp.|YU6,DQ011232.1.1432,Bacteria,OTU1485.Actinobacteriota.Rhodococcus
1473,OTU1486,273,1,273,1392,514,786,100,488,1.45e-136,98.901,Myxococcota,Myxococcia,Myxococcales,Myxococcaceae,P3OB-42,_,EU134340.1.1392,Bacteria,OTU1486.Myxococcota.P3OB-42
1474,OTU1487,273,1,273,1430,470,742,100,488,1.45e-136,98.901,Proteobacteria,Alphaproteobacteria,Rhodobacterales,Rhodobacteraceae,_,_,JQ801000.1.1430,Bacteria,OTU1487.Proteobacteria._
1475,OTU1488,274,1,274,1529,540,813,100,435,1.93e-120,95.255,Gemmatimonadota,PAUC43f|marine|benthic|group,_,_,_,_,HQ190538.1.1529,Bacteria,OTU1488.Gemmatimonadota._
1476,OTU1489,273,1,273,1507,526,798,100,416,6.96e-115,94.139,Bacteroidota,Rhodothermia,Rhodothermales,Rhodothermaceae,_,uncultured|Bacteroidetes|bacterium,JN886920.1.1507,Bacteria,OTU1489.Bacteroidota._
1477,OTU1490,273,1,273,1352,501,773,100,466,6.81e-130,97.436,Verrucomicrobiota,Verrucomicrobiae,Chthoniobacterales,Chthoniobacteraceae,Candidatus|Udaeobacter,_,EU135484.1.1352,Bacteria,OTU1490.Verrucomicrobiota.Candidatus|Udaeobacter
1478,OTU1491,273,1,273,1490,520,792,100,494,3.12e-138,99.267,Bacteroidota,Bacteroidia,Cytophagales,Microscillaceae,_,_,KF712860.1.1490,Bacteria,OTU1491.Bacteroidota._
1479,OTU1492,273,1,273,1467,460,732,100,411,3.24e-113,93.796,Cyanobacteria,Cyanobacteriia,Cyanobacteriales,Microcystaceae,Cyanothece|PCC-7424,Cyanothece|sp.|Vietnam|01,AB774154.1.1467,Bacteria,OTU1492.Cyanobacteria.Cyanothece|PCC-7424
1480,OTU1493,273,1,273,1454,474,746,100,460,3.17e-128,97.07,Cyanobacteria,Cyanobacteriia,Leptolyngbyales,Leptolyngbyaceae,EcFYyy-200,_,JQ769520.1.1454,Bacteria,OTU1493.Cyanobacteria.EcFYyy-200
1481,OTU1494,273,1,273,1491,495,768,100,377,3.28e-103,91.667,Chloroflexi,Anaerolineae,Anaerolineales,Anaerolineaceae,_,_,JX079300.1.1491,Bacteria,OTU1494.Chloroflexi._
1482,OTU1495,273,1,273,1513,525,797,100,494,3.12e-138,99.267,Verrucomicrobiota,Verrucomicrobiae,Opitutales,Opitutaceae,Lacunisphaera,Opitutus|sp,KY039339.1.1513,Bacteria,OTU1495.Verrucomicrobiota.Lacunisphaera
1483,OTU1496,273,1,273,1514,536,808,100,488,1.45e-136,98.901,Myxococcota,Polyangia,Polyangiales,Phaselicystidaceae,Phaselicystis,uncultured|delta|proteobacterium,JN038651.1.1514,Bacteria,OTU1496.Myxococcota.Phaselicystis
1484,OTU1497,273,1,273,1501,510,782,100,466,6.81e-130,97.436,Actinobacteriota,Thermoleophilia,Solirubrobacterales,67-14,_,_,KX752966.1.1501,Bacteria,OTU1497.Actinobacteriota._
1485,OTU1498,273,1,273,1482,497,769,100,405,1.51e-111,93.407,Proteobacteria,Alphaproteobacteria,Tistrellales,Geminicoccaceae,_,_,AB694437.1.1482,Bacteria,OTU1498.Proteobacteria._
1486,OTU1499,273,1,273,1345,484,756,100,494,3.12e-138,99.267,Planctomycetota,Planctomycetes,Pirellulales,Pirellulaceae,Rhodopirellula,_,KC432212.1.1345,Bacteria,OTU1499.Planctomycetota.Rhodopirellula
1487,OTU1500,273,1,273,1478,509,781,100,477,3.15e-133,98.168,Actinobacteriota,Thermoleophilia,Solirubrobacterales,67-14,_,_,JX079178.1.1478,Bacteria,OTU1500.Actinobacteriota._
1488,OTU1501,273,1,273,1495,488,760,100,488,1.45e-136,98.901,Planctomycetota,Phycisphaerae,Tepidisphaerales,WD2101|soil|group,_,_,JN868823.1.1495,Bacteria,OTU1501.Planctomycetota._
1489,OTU1502,272,1,272,1284,445,716,100,470,5.24e-131,97.794,Firmicutes,Bacilli,Brevibacillales,Brevibacillaceae,Brevibacillus,Brevibacillus|borstelensis,KX426620.1.1284,Bacteria,OTU1502.Firmicutes.Brevibacillus
1490,OTU1503,135,1,135,1394,668,802,100,228,1.55e-58,97.037,Latescibacterota,Latescibacteria,Latescibacterales,Latescibacteraceae,_,_,EU135570.1.1394,Bacteria,OTU1503.Latescibacterota._
1491,OTU1504,273,1,273,1509,528,800,100,444,3.19e-123,95.971,Proteobacteria,Gammaproteobacteria,Acidithiobacillales,Acidithiobacillaceae,RCP1-48,uncultured|Chromatiales|bacterium,HQ857668.1.1509,Bacteria,OTU1504.Proteobacteria.RCP1-48
1492,OTU1505,273,1,273,1531,546,818,100,438,1.48e-121,95.604,Acidobacteriota,Subgroup|25,_,_,_,_,HQ190284.1.1531,Bacteria,OTU1505.Acidobacteriota._
1493,OTU1506,273,1,273,1207,240,512,100,472,1.46e-131,97.802,Gemmatimonadota,S0134|terrestrial|group,_,_,_,_,KF517394.1.1207,Bacteria,OTU1506.Gemmatimonadota._
1494,OTU1507,295,1,295,1506,521,815,100,484,2.05e-135,96.296,Gemmatimonadota,S0134|terrestrial|group,_,_,_,_,KF911301.1.1506,Bacteria,OTU1507.Gemmatimonadota._
1495,OTU1508,273,1,273,1527,500,772,100,494,3.12e-138,99.267,Actinobacteriota,Actinobacteria,Streptosporangiales,Streptosporangiaceae,Streptosporangium,Streptosporangium|sp.|caverna,CP029711.3868151.3869677,Bacteria,OTU1508.Actinobacteriota.Streptosporangium
1496,OTU1509,273,1,273,1455,503,775,100,466,6.81e-130,97.436,Acidobacteriota,Thermoanaerobaculia,Thermoanaerobaculales,Thermoanaerobaculaceae,Subgroup|10,_,HE653878.1.1455,Bacteria,OTU1509.Acidobacteriota.Subgroup|10
1497,OTU1510,273,1,273,1444,489,761,100,422,1.5e-116,94.526,Planctomycetota,Planctomycetes,Gemmatales,Gemmataceae,_,uncultured|planctomycete,JF833639.1.1444,Bacteria,OTU1510.Planctomycetota._
1498,OTU1511,273,1,273,1338,481,753,100,449,6.86e-125,96.337,Acidobacteriota,Blastocatellia,Blastocatellales,Blastocatellaceae,Blastocatella,_,JF225891.1.1338,Bacteria,OTU1511.Acidobacteriota.Blastocatella
1499,OTU1512,273,1,273,1381,381,653,100,488,1.45e-136,98.901,Proteobacteria,Alphaproteobacteria,Elsterales,_,metagenome,_,FPLS01055601.16.1396,Bacteria,OTU1512.Proteobacteria.metagenome
1500,OTU1513,273,1,273,1450,472,744,100,438,1.48e-121,95.604,Cyanobacteria,Cyanobacteriia,Leptolyngbyales,Leptolyngbyaceae,Leptolyngbya|ANT.L52.2,uncultured|cyanobacterium,EU753633.1.1450,Bacteria,OTU1513.Cyanobacteria.Leptolyngbya|ANT.L52.2
1501,OTU1514,273,1,273,1224,544,816,100,494,3.12e-138,99.267,Desulfobacterota,_,uncultured|Dongia|sp,_,_,_,KJ410625.1.1224,Bacteria,OTU1514.Desulfobacterota._
1502,OTU1515,273,1,273,1519,535,807,100,483,6.76e-135,98.535,Myxococcota,Polyangia,Polyangiales,BIrii41,_,_,JN559179.1.1519,Bacteria,OTU1515.Myxococcota._
1503,OTU1516,273,1,273,1480,513,785,100,449,6.86e-125,96.337,Bacteroidota,Bacteroidia,Chitinophagales,Saprospiraceae,Phaeodactylibacter,_,KJ578039.1.1480,Bacteria,OTU1516.Bacteroidota.Phaeodactylibacter
1504,OTU1517,273,2,273,1542,527,798,99,420,5.38e-116,94.526,Planctomycetota,OM190,uncultured|planctomycete,_,_,_,GQ274294.1.1542,Bacteria,OTU1517.Planctomycetota._
1505,OTU1518,273,1,273,1515,537,809,100,449,6.86e-125,96.337,Planctomycetota,Pla3|lineage,uncultured|planctomycete,_,_,_,JN886895.1.1515,Bacteria,OTU1518.Planctomycetota._
1506,OTU1519,274,1,274,1487,505,778,100,479,8.78e-134,98.175,Actinobacteriota,Acidimicrobiia,Microtrichales,_,_,_,KF428098.1.1487,Bacteria,OTU1519.Actinobacteriota._
1507,OTU1520,273,1,273,1508,529,801,100,466,6.81e-130,97.445,Actinobacteriota,Thermoleophilia,Gaiellales,_,_,_,FJ479113.1.1508,Bacteria,OTU1520.Actinobacteriota._
1508,OTU1521,273,1,273,1363,487,759,100,488,1.45e-136,98.901,Myxococcota,Polyangia,Haliangiales,Haliangiaceae,Haliangium,_,JF266242.1.1363,Bacteria,OTU1521.Myxococcota.Haliangium
1509,OTU1522,273,1,273,1482,468,740,100,494,3.12e-138,99.267,Proteobacteria,Alphaproteobacteria,Azospirillales,Inquilinaceae,Inquilinus,_,DQ304805.1.1482,Bacteria,OTU1522.Proteobacteria.Inquilinus
1510,OTU1523,274,1,274,1505,522,795,100,451,1.91e-125,96.35,Gemmatimonadota,Longimicrobia,Longimicrobiales,Longimicrobiaceae,YC-ZSS-LKJ147,_,JQ798462.1.1505,Bacteria,OTU1523.Gemmatimonadota.YC-ZSS-LKJ147
1511,OTU1524,273,1,273,1451,509,781,100,449,6.86e-125,96.337,Planctomycetota,Pla4|lineage,uncultured|planctomycete,_,_,_,DQ676396.1.1451,Bacteria,OTU1524.Planctomycetota._
1512,OTU1525,273,1,273,1368,490,762,100,455,1.47e-126,96.703,Planctomycetota,Planctomycetes,Gemmatales,Gemmataceae,_,_,JF108092.1.1368,Bacteria,OTU1525.Planctomycetota._
1513,OTU1526,274,1,274,919,471,744,100,484,1.89e-135,98.54,Halobacterota,Halobacteria,Halobacterales,Haloadaptaceae,Haladaptatus,uncultured|archaeon,HQ400419.1.919,Archaea,OTU1526.Halobacterota.Haladaptatus
1514,OTU1527,274,1,274,1435,492,764,100,477,3.16e-133,98.175,Chloroflexi,Anaerolineae,SBR1031,_,_,_,KP745086.1.1435,Bacteria,OTU1527.Chloroflexi._
1515,OTU1528,273,1,273,1324,476,748,100,494,3.12e-138,99.267,Chloroflexi,Chloroflexia,Thermomicrobiales,AKYG1722,_,_,GQ002644.1.1324,Bacteria,OTU1528.Chloroflexi._
1516,OTU1529,273,1,273,1477,484,756,100,433,6.91e-120,95.238,Gemmatimonadota,Gemmatimonadetes,Gemmatimonadales,Gemmatimonadaceae,_,_,KX752922.1.1477,Bacteria,OTU1529.Gemmatimonadota._
1517,OTU1530,273,1,273,1399,482,754,100,477,3.15e-133,98.168,Bacteroidota,Bacteroidia,Cytophagales,Microscillaceae,Hassallia,_,HE602796.1.1399,Bacteria,OTU1530.Bacteroidota.Hassallia
1518,OTU1531,273,1,273,1426,468,740,100,488,1.45e-136,98.901,Planctomycetota,Phycisphaerae,Tepidisphaerales,WD2101|soil|group,_,_,GQ263727.1.1426,Bacteria,OTU1531.Planctomycetota._
1519,OTU1532,273,1,273,1494,512,784,100,433,6.91e-120,95.238,Planctomycetota,Planctomycetes,Gemmatales,Gemmataceae,_,_,JX133456.1.1494,Bacteria,OTU1532.Planctomycetota._
1520,OTU1533,273,1,273,1394,519,791,100,472,1.46e-131,97.802,Methylomirabilota,Methylomirabilia,Rokubacteriales,WX65,_,_,LN563648.1.1394,Bacteria,OTU1533.Methylomirabilota._
1521,OTU1534,273,1,273,1318,474,746,100,433,6.91e-120,95.273,Chloroflexi,Chloroflexia,Thermomicrobiales,JG30-KF-CM45,_,_,HM270445.1.1318,Bacteria,OTU1534.Chloroflexi._
1522,OTU1535,273,1,273,1244,265,537,100,449,6.86e-125,96.35,Acidobacteriota,Thermoanaerobaculia,Thermoanaerobaculales,Thermoanaerobaculaceae,Subgroup|10,_,KX239263.1.1244,Bacteria,OTU1535.Acidobacteriota.Subgroup|10
1523,OTU1536,273,1,273,1522,540,812,100,483,6.76e-135,98.535,SAR324|clade(Marine|group|B),uncultured|delta|proteobacterium,_,_,_,_,HQ727627.1.1522,Bacteria,OTU1536.SAR324|clade(Marine|group|B)._
1524,OTU1537,273,1,273,1305,450,722,100,488,1.45e-136,98.901,Proteobacteria,Alphaproteobacteria,Rhizobiales,Beijerinckiaceae,Methylobacterium-Methylorubrum,_,JF224904.1.1305,Bacteria,OTU1537.Proteobacteria.Methylobacterium-Methylorubrum
1525,OTU1538,273,1,273,1353,500,772,100,488,1.45e-136,98.901,Bacteroidota,Bacteroidia,Cytophagales,Microscillaceae,Ohtaekwangia,_,KC432116.1.1353,Bacteria,OTU1538.Bacteroidota.Ohtaekwangia
1526,OTU1539,273,1,273,1339,493,765,100,460,3.17e-128,97.07,Chloroflexi,Anaerolineae,Caldilineales,Caldilineaceae,_,_,JQ407927.1.1339,Bacteria,OTU1539.Chloroflexi._
1527,OTU1540,273,1,273,1514,533,805,100,394,3.26e-108,92.727,Proteobacteria,Gammaproteobacteria,Xanthomonadales,Rhodanobacteraceae,Luteibacter,uncultured|Luteibacter|sp,KJ123795.1.1514,Bacteria,OTU1540.Proteobacteria.Luteibacter
1528,OTU1541,274,1,274,1524,533,806,100,457,4.12e-127,96.715,Gemmatimonadota,Longimicrobia,Longimicrobiales,Longimicrobiaceae,_,_,KJ817605.1.1524,Bacteria,OTU1541.Gemmatimonadota._
1529,OTU1542,273,1,273,1503,527,799,100,488,1.45e-136,98.901,Proteobacteria,Gammaproteobacteria,JTB23,_,_,_,JQ824983.1.1503,Bacteria,OTU1542.Proteobacteria._
1530,OTU1543,273,1,273,1478,508,780,100,472,1.46e-131,97.802,Chloroflexi,Anaerolineae,Anaerolineales,Anaerolineaceae,_,uncultured|Chloroflexi|bacterium,JF727744.1.1478,Bacteria,OTU1543.Chloroflexi._
1531,OTU1544,274,1,274,1515,499,772,100,429,8.97e-119,94.909,Gemmatimonadota,PAUC43f|marine|benthic|group,_,_,_,_,JQ426305.1.1515,Bacteria,OTU1544.Gemmatimonadota._
1532,OTU1546,273,1,273,1382,503,775,100,416,6.96e-115,94.139,Planctomycetota,OM190,_,_,_,_,EU135195.1.1382,Bacteria,OTU1546.Planctomycetota._
1533,OTU1547,273,1,273,1438,432,704,100,483,6.76e-135,98.535,Proteobacteria,Alphaproteobacteria,Rhizobiales,Devosiaceae,Devosia,_,JQ426484.1.1438,Bacteria,OTU1547.Proteobacteria.Devosia
1534,OTU1548,273,1,273,1508,519,792,100,488,1.45e-136,98.905,Planctomycetota,Planctomycetes,Planctomycetales,_,_,_,HQ697832.1.1508,Bacteria,OTU1548.Planctomycetota._
1535,OTU1549,273,1,273,1427,470,742,100,477,3.15e-133,98.168,Proteobacteria,Alphaproteobacteria,Rhodobacterales,Rhodobacteraceae,_,_,KF964585.1.1427,Bacteria,OTU1549.Proteobacteria._
1536,OTU1550,273,1,273,1449,497,769,100,477,3.15e-133,98.168,Bacteroidota,Bacteroidia,Chitinophagales,Saprospiraceae,_,_,HE650088.1.1449,Bacteria,OTU1550.Bacteroidota._
1537,OTU1551,273,1,273,1535,543,816,100,455,1.47e-126,96.715,Planctomycetota,Planctomycetes,Gemmatales,Gemmataceae,_,_,EU881105.1.1535,Bacteria,OTU1551.Planctomycetota._
1538,OTU1552,273,1,273,1391,461,733,100,494,3.12e-138,99.267,Planctomycetota,Planctomycetes,Gemmatales,Gemmataceae,_,uncultured|planctomycete,EU044304.1.1391,Bacteria,OTU1552.Planctomycetota._
1539,OTU1553,273,1,273,1307,494,766,100,477,3.15e-133,98.168,Actinobacteriota,Actinobacteria,Micromonosporales,Micromonosporaceae,Phytohabitans,_,EU132488.1.1307,Bacteria,OTU1553.Actinobacteriota.Phytohabitans
1540,OTU1554,274,1,274,1486,505,778,100,462,8.84e-129,97.08,Actinobacteriota,Acidimicrobiia,Microtrichales,_,_,_,GQ487905.1.1486,Bacteria,OTU1554.Actinobacteriota._
1541,OTU1555,273,1,273,1547,537,809,100,488,1.45e-136,98.901,Acidobacteriota,Thermoanaerobaculia,Thermoanaerobaculales,Thermoanaerobaculaceae,Subgroup|10,uncultured|soil|bacterium,JN417560.1.1547,Bacteria,OTU1555.Acidobacteriota.Subgroup|10
1542,OTU1556,273,1,273,1541,540,812,100,488,1.45e-136,98.901,Myxococcota,Polyangia,Haliangiales,Haliangiaceae,Haliangium,_,HM779939.1.1541,Bacteria,OTU1556.Myxococcota.Haliangium
1543,OTU1557,273,1,273,1451,486,758,100,488,1.45e-136,98.901,Gemmatimonadota,Gemmatimonadetes,Gemmatimonadales,Gemmatimonadaceae,_,uncultured|soil|bacterium,KM205536.1.1451,Bacteria,OTU1557.Gemmatimonadota._
1544,OTU1558,273,1,273,1491,529,801,100,472,1.46e-131,97.802,Actinobacteriota,Thermoleophilia,Gaiellales,_,_,_,EU335232.1.1491,Bacteria,OTU1558.Actinobacteriota._
1545,OTU1559,273,1,273,1275,465,737,100,411,3.24e-113,93.773,Planctomycetota,Planctomycetes,Gemmatales,Gemmataceae,_,_,EU135180.1.1275,Bacteria,OTU1559.Planctomycetota._
1546,OTU1560,273,1,273,1404,466,738,100,494,3.12e-138,99.267,Planctomycetota,Planctomycetes,Pirellulales,Pirellulaceae,Pir4|lineage,planctomycete|DDSe3021,JF443761.1.1404,Bacteria,OTU1560.Planctomycetota.Pir4|lineage
1547,OTU1561,274,1,274,1510,521,794,100,457,4.12e-127,96.715,Sumerlaeota,Sumerlaeia,Sumerlaeales,Sumerlaeaceae,Sumerlaea,_,HQ910315.1.1510,Bacteria,OTU1561.Sumerlaeota.Sumerlaea
1548,OTU1562,273,1,273,1357,494,766,100,494,3.12e-138,99.267,Chloroflexi,Anaerolineae,RBG-13-54-9,uncultured|Chloroflexi|bacterium,_,_,AY921867.1.1357,Bacteria,OTU1562.Chloroflexi._
1549,OTU1563,273,1,273,1416,484,756,100,494,3.12e-138,99.267,Firmicutes,Bacilli,Bacillales,Planococcaceae,Lysinibacillus,uncultured|Lysinibacillus|sp,JF411368.1.1416,Bacteria,OTU1563.Firmicutes.Lysinibacillus
1550,OTU1564,273,1,273,1499,503,775,100,460,3.17e-128,97.07,Planctomycetota,Pla4|lineage,metagenome,_,_,_,FPLS01055125.10.1508,Bacteria,OTU1564.Planctomycetota._
1551,OTU1565,273,1,273,1463,484,756,100,444,3.19e-123,95.971,Planctomycetota,Planctomycetes,Gemmatales,Gemmataceae,Gemmata,_,HQ863991.1.1463,Bacteria,OTU1565.Planctomycetota.Gemmata
1552,OTU1566,273,1,273,1479,516,788,100,460,3.17e-128,97.07,Myxococcota,Polyangia,Polyangiales,BIrii41,_,_,KP745047.1.1479,Bacteria,OTU1566.Myxococcota._
1553,OTU1567,273,1,273,1403,465,737,100,466,6.81e-130,97.436,Planctomycetota,Planctomycetes,Gemmatales,Gemmataceae,_,_,JQ072897.1.1403,Bacteria,OTU1567.Planctomycetota._
1554,OTU1568,273,2,273,1398,437,708,99,387,5.45e-106,92.336,Planctomycetota,Phycisphaerae,Tepidisphaerales,WD2101|soil|group,uncultured|planctomycete,_,JN020219.1.1398,Bacteria,OTU1568.Planctomycetota.uncultured|planctomycete
1555,OTU1569,273,1,273,1404,508,780,100,411,3.24e-113,93.773,Planctomycetota,Planctomycetes,Gemmatales,Gemmataceae,_,_,FR873154.1.1404,Bacteria,OTU1569.Planctomycetota._
1556,OTU1570,273,1,273,1511,532,804,100,483,6.76e-135,98.535,Actinobacteriota,Rubrobacteria,Rubrobacterales,Rubrobacteriaceae,Rubrobacter,_,HQ864157.1.1511,Bacteria,OTU1570.Actinobacteriota.Rubrobacter
1557,OTU1571,273,1,273,1567,555,827,100,494,3.12e-138,99.267,Firmicutes,Bacilli,Bacillales,Bacillaceae,Terribacillus,Terribacillus|goriensis,CP008876.3483845.3485411,Bacteria,OTU1571.Firmicutes.Terribacillus
1558,OTU1572,273,1,273,1352,501,774,100,483,6.76e-135,98.54,Bacteroidota,Bacteroidia,Cytophagales,Microscillaceae,_,_,HM186256.1.1352,Bacteria,OTU1572.Bacteroidota._
1559,OTU1573,273,1,273,1378,466,738,100,460,3.17e-128,97.07,Chloroflexi,JG30-KF-CM66,_,_,_,_,KX239086.1.1378,Bacteria,OTU1573.Chloroflexi._
1560,OTU1574,273,1,273,1249,416,688,100,472,1.46e-131,97.802,Planctomycetota,Planctomycetes,Gemmatales,Gemmataceae,_,_,EU135090.1.1249,Bacteria,OTU1574.Planctomycetota._
1561,OTU1575,273,1,273,1247,464,736,100,494,3.12e-138,99.267,Chloroflexi,Chloroflexia,Chloroflexales,Roseiflexaceae,_,_,EU133988.1.1247,Bacteria,OTU1575.Chloroflexi._
1562,OTU1576,274,1,274,1336,479,751,100,455,1.48e-126,96.715,Actinobacteriota,Acidimicrobiia,IMCC26256,_,_,_,JF129084.1.1336,Bacteria,OTU1576.Actinobacteriota._
1563,OTU1577,274,1,274,1343,486,759,100,484,1.89e-135,98.54,Actinobacteriota,Acidimicrobiia,_,uncultured|Acidimicrobiia|bacterium,_,_,AM936165.1.1343,Bacteria,OTU1577.Actinobacteriota._
1564,OTU1578,273,1,273,1437,435,707,100,466,6.81e-130,97.445,Planctomycetota,Planctomycetes,Pirellulales,Pirellulaceae,Pir4|lineage,metagenome,FPLS01047385.2.1438,Bacteria,OTU1578.Planctomycetota.Pir4|lineage
1565,OTU1579,273,1,273,1512,549,821,100,472,1.46e-131,97.802,Halanaerobiaeota,Halanaerobiia,Halanaerobiales,Halanaerobiaceae,Halocella,uncultured|Firmicutes|bacterium,HQ727567.1.1512,Bacteria,OTU1579.Halanaerobiaeota.Halocella
1566,OTU1580,273,1,273,1508,530,802,100,466,6.81e-130,97.436,Acidobacteriota,Vicinamibacteria,Vicinamibacterales,Vicinamibacteraceae,Luteitalea,uncultured|Acidobacteria|bacterium,HQ597894.1.1508,Bacteria,OTU1580.Acidobacteriota.Luteitalea
1567,OTU1581,273,1,273,1493,520,792,100,438,1.48e-121,95.604,Bacteroidota,Rhodothermia,Rhodothermales,Rhodothermaceae,_,_,KF964583.1.1493,Bacteria,OTU1581.Bacteroidota._
1568,OTU1582,273,1,273,1405,493,765,100,494,3.12e-138,99.267,Firmicutes,Clostridia,Clostridiales,Clostridiaceae,Clostridium|sensu|stricto|13,uncultured|Clostridiales|bacterium,JN540099.1.1405,Bacteria,OTU1582.Firmicutes.Clostridium|sensu|stricto|13
1569,OTU1583,274,1,274,1472,472,745,100,473,4.09e-132,97.81,Halobacterota,Halobacteria,Halobacterales,Haloferacaceae,Halobaculum,Halobaculum|magnesiiphilum,AB627357.1.1472,Archaea,OTU1583.Halobacterota.Halobaculum
1570,OTU1584,273,1,273,1520,544,816,100,427,3.21e-118,94.872,Chloroflexi,Anaerolineae,Ardenticatenales,_,_,_,JQ801284.1.1520,Bacteria,OTU1584.Chloroflexi._
1571,OTU1585,273,1,273,1499,521,793,100,483,6.76e-135,98.535,Proteobacteria,Gammaproteobacteria,Nitrococcales,Nitrococcaceae,Nitrococcus,_,AB240322.1.1499,Bacteria,OTU1585.Proteobacteria.Nitrococcus
1572,OTU1586,273,1,273,1544,512,784,100,411,3.24e-113,93.818,Planctomycetota,Planctomycetes,Gemmatales,Gemmataceae,_,_,JN868963.1.1544,Bacteria,OTU1586.Planctomycetota._
1573,OTU1587,273,1,273,1519,537,809,100,405,1.51e-111,93.431,Planctomycetota,Pla3|lineage,_,_,_,_,GU145499.1.1519,Bacteria,OTU1587.Planctomycetota._
1574,OTU1588,273,1,273,1514,535,807,100,483,6.76e-135,98.535,Verrucomicrobiota,Verrucomicrobiae,Verrucomicrobiales,DEV007,_,_,JQ825123.1.1514,Bacteria,OTU1588.Verrucomicrobiota._
1575,OTU1589,273,1,273,1400,458,730,100,411,3.24e-113,93.796,Planctomycetota,Planctomycetes,Gemmatales,Gemmataceae,_,uncultured|planctomycete,EU043957.1.1400,Bacteria,OTU1589.Planctomycetota._
1576,OTU1590,274,1,274,1394,457,730,100,496,8.72e-139,99.27,Actinobacteriota,Acidimicrobiia,Microtrichales,Microtrichaceae,_,uncultured|actinobacterium,JN825530.1.1394,Bacteria,OTU1590.Actinobacteriota._
1577,OTU1591,273,1,273,1449,455,727,100,483,6.76e-135,98.535,Chloroflexi,Anaerolineae,SBR1031,A4b,_,_,JQ427484.1.1449,Bacteria,OTU1591.Chloroflexi._
1578,OTU1592,273,1,273,1526,540,813,100,460,3.17e-128,97.08,Planctomycetota,Planctomycetes,Planctomycetales,_,_,_,KC682665.1.1526,Bacteria,OTU1592.Planctomycetota._
1579,OTU1593,273,1,273,1327,452,724,100,483,6.76e-135,98.535,Proteobacteria,Alphaproteobacteria,Kiloniellales,Kiloniellaceae,_,_,LN569976.1.1327,Bacteria,OTU1593.Proteobacteria._
1580,OTU1594,273,1,273,1366,510,782,100,483,6.76e-135,98.535,Actinobacteriota,Thermoleophilia,Solirubrobacterales,67-14,_,_,JF139636.1.1366,Bacteria,OTU1594.Actinobacteriota._
1581,OTU1595,273,1,273,1495,511,783,100,488,1.45e-136,98.901,Planctomycetota,Planctomycetes,Pirellulales,Pirellulaceae,Rubripirellula,uncultured|marine|bacterium,KX936894.1.1495,Bacteria,OTU1595.Planctomycetota.Rubripirellula
1582,OTU1596,273,1,273,1501,522,794,100,494,3.12e-138,99.267,Myxococcota,Polyangia,Polyangiales,BIrii41,uncultured|delta|proteobacterium,_,JN038691.1.1501,Bacteria,OTU1596.Myxococcota.uncultured|delta|proteobacterium
1583,OTU1597,273,1,271,1501,503,775,99,359,1.19e-97,90.545,Chloroflexi,Anaerolineae,Ardenticatenales,_,_,_,JX504302.1.1501,Bacteria,OTU1597.Chloroflexi._
1584,OTU1598,273,1,273,1461,487,759,100,466,6.81e-130,97.436,Planctomycetota,Phycisphaerae,Tepidisphaerales,WD2101|soil|group,_,_,JX133448.1.1461,Bacteria,OTU1598.Planctomycetota._
1585,OTU1599,273,1,273,1482,502,774,100,494,3.12e-138,99.267,Fibrobacterota,Fibrobacteria,Fibrobacterales,Fibrobacteraceae,possible|genus|04,uncultured|soil|bacterium,JX489861.1.1482,Bacteria,OTU1599.Fibrobacterota.possible|genus|04
1586,OTU1600,273,1,273,1261,444,716,100,488,1.45e-136,98.901,Planctomycetota,Planctomycetes,Pirellulales,Pirellulaceae,Pir4|lineage,_,JF681766.1.1261,Bacteria,OTU1600.Planctomycetota.Pir4|lineage
1587,OTU1601,273,1,273,1546,552,824,100,427,3.21e-118,94.872,Verrucomicrobiota,Verrucomicrobiae,Pedosphaerales,Pedosphaeraceae,ADurb.Bin063-1,_,JF428900.1.1546,Bacteria,OTU1601.Verrucomicrobiota.ADurb.Bin063-1
1588,OTU1602,273,1,273,1314,482,754,100,483,6.76e-135,98.535,Armatimonadota,_,_,_,_,_,EU134978.1.1314,Bacteria,OTU1602.Armatimonadota._
1589,OTU1603,273,1,273,1525,543,817,100,440,4.13e-122,95.636,Myxococcota,Polyangia,Haliangiales,Haliangiaceae,Haliangium,_,EU617833.1.1525,Bacteria,OTU1603.Myxococcota.Haliangium
1590,OTU1604,273,1,273,1309,463,735,100,444,3.19e-123,95.971,Planctomycetota,Planctomycetes,Gemmatales,Gemmataceae,_,uncultured|soil|bacterium,AY289462.1.1309,Bacteria,OTU1604.Planctomycetota._
1591,OTU1605,273,2,273,1542,527,798,99,414,2.5e-114,94.161,Planctomycetota,OM190,uncultured|planctomycete,_,_,_,GQ274294.1.1542,Bacteria,OTU1605.Planctomycetota._
1592,OTU1606,274,1,274,1469,489,761,100,388,1.52e-106,92.336,Planctomycetota,Planctomycetes,Gemmatales,Gemmataceae,Gemmata,_,JX133595.1.1469,Bacteria,OTU1606.Planctomycetota.Gemmata
1593,OTU1607,273,1,273,1335,415,687,100,377,3.28e-103,91.575,Chloroflexi,Chloroflexia,Kallotenuales,AKIW781,_,_,JQ738800.1.1335,Bacteria,OTU1607.Chloroflexi._
1594,OTU1608,273,1,273,1483,499,771,100,499,6.71e-140,99.634,Armatimonadota,_,_,_,_,_,FJ479177.1.1483,Bacteria,OTU1608.Armatimonadota._
1595,OTU1609,273,1,273,1375,517,789,100,488,1.45e-136,98.901,Myxococcota,Polyangia,Polyangiales,Sandaracinaceae,Sandaracinus,_,HM306201.1.1375,Bacteria,OTU1609.Myxococcota.Sandaracinus
1596,OTU1610,273,1,273,1495,508,780,100,466,6.81e-130,97.436,Planctomycetota,Planctomycetes,Pirellulales,Pirellulaceae,Blastopirellula,uncultured|planctomycete,JF727702.1.1495,Bacteria,OTU1610.Planctomycetota.Blastopirellula
1597,OTU1611,274,1,274,1493,512,786,100,468,1.9e-130,97.455,Actinobacteriota,Acidimicrobiia,_,_,_,_,HQ863973.1.1493,Bacteria,OTU1611.Actinobacteriota._
1598,OTU1612,273,1,273,1445,499,771,100,488,1.45e-136,98.901,Bacteroidota,Bacteroidia,Cytophagales,Hymenobacteraceae,Adhaeribacter,uncultured|Bacteroidetes|bacterium,JN408920.1.1445,Bacteria,OTU1612.Bacteroidota.Adhaeribacter
1599,OTU1613,274,1,274,1260,410,683,100,457,4.12e-127,96.715,Chloroflexi,Anaerolineae,SBR1031,A4b,_,_,JN672270.1.1260,Bacteria,OTU1613.Chloroflexi._
1600,OTU1614,273,1,273,1477,473,745,100,449,6.86e-125,96.337,Chloroflexi,Anaerolineae,SJA-15,_,_,_,LC124504.1.1477,Bacteria,OTU1614.Chloroflexi._
1601,OTU1615,273,1,273,951,425,697,100,483,6.76e-135,98.535,Thermoplasmatota,Thermoplasmata,Marine|Group|II,uncultured|archaeon,_,_,AY396002.1.951,Archaea,OTU1615.Thermoplasmatota._
1602,OTU1616,273,1,273,1466,498,770,100,494,3.12e-138,99.267,Chloroflexi,Anaerolineae,Ardenticatenales,_,uncultured|Chloroflexi|bacterium,_,HQ727647.1.1466,Bacteria,OTU1616.Chloroflexi.uncultured|Chloroflexi|bacterium
1603,OTU1617,273,1,273,1463,474,746,100,488,1.45e-136,98.901,Proteobacteria,Alphaproteobacteria,Rhodobacterales,Rhodobacteraceae,Palleronia-Pseudomaribius,Palleronia|marisminoris,FWFV01000023.538.2000,Bacteria,OTU1617.Proteobacteria.Palleronia-Pseudomaribius
1604,OTU1618,273,1,273,1379,517,789,100,494,3.12e-138,99.267,Planctomycetota,BD7-11,_,_,_,_,AM936894.1.1379,Bacteria,OTU1618.Planctomycetota._
1605,OTU1619,274,1,274,1269,526,799,100,418,1.94e-115,94.203,Sumerlaeota,Sumerlaeia,_,uncultured|organism,_,_,JN448397.1.1269,Bacteria,OTU1619.Sumerlaeota._
1606,OTU1620,273,1,273,1465,504,777,100,399,7.01e-110,93.066,Chloroflexi,Anaerolineae,SBR1031,_,_,_,JQ800911.1.1465,Bacteria,OTU1620.Chloroflexi._
1607,OTU1621,273,1,273,1501,521,793,100,488,1.45e-136,98.901,Proteobacteria,Gammaproteobacteria,Burkholderiales,Rhodocyclaceae,Azospira,uncultured|Rhodocyclaceae|bacterium,KJ191915.1.1501,Bacteria,OTU1621.Proteobacteria.Azospira
1608,OTU1622,274,1,274,1344,486,759,100,496,8.72e-139,99.27,Actinobacteriota,Acidimicrobiia,Microtrichales,_,_,_,JF211856.1.1344,Bacteria,OTU1622.Actinobacteriota._
1609,OTU1623,273,1,273,1445,482,754,100,460,3.17e-128,97.07,Acidobacteriota,Blastocatellia,Blastocatellales,Blastocatellaceae,Blastocatella,_,KX172238.1.1445,Bacteria,OTU1623.Acidobacteriota.Blastocatella
1610,OTU1624,273,1,273,1445,450,722,100,416,6.96e-115,94.161,Chloroflexi,Anaerolineae,SBR1031,A4b,_,_,FJ152726.1.1445,Bacteria,OTU1624.Chloroflexi._
1611,OTU1625,273,1,273,916,96,368,100,444,3.19e-123,95.971,Thermoplasmatota,Thermoplasmata,Marine|Group|II,uncultured|euryarchaeote,_,_,EU888367.1.916,Archaea,OTU1625.Thermoplasmatota._
1612,OTU1626,273,1,273,1510,529,801,100,449,6.86e-125,96.337,Actinobacteriota,Rubrobacteria,Rubrobacterales,Rubrobacteriaceae,Rubrobacter,uncultured|actinobacterium,JX240742.1.1510,Bacteria,OTU1626.Actinobacteriota.Rubrobacter
1613,OTU1627,273,2,273,1450,489,760,99,448,2.47e-124,96.324,Planctomycetota,Planctomycetes,Pirellulales,Pirellulaceae,_,_,GU118067.1.1450,Bacteria,OTU1627.Planctomycetota._
1614,OTU1628,274,1,274,1051,469,742,100,490,4.06e-137,98.905,Halobacterota,Halobacteria,Halobacterales,Haloferacaceae,Haloferax,uncultured|archaeon|2MT310,AF015988.1.1051,Archaea,OTU1628.Halobacterota.Haloferax
1615,OTU1629,273,1,273,1318,451,723,100,444,3.19e-123,95.971,Planctomycetota,Phycisphaerae,Tepidisphaerales,WD2101|soil|group,_,_,EU135111.1.1318,Bacteria,OTU1629.Planctomycetota._
1616,OTU1630,273,1,273,1385,520,792,100,488,1.45e-136,98.901,Planctomycetota,Pla3|lineage,_,_,_,_,EU135268.1.1385,Bacteria,OTU1630.Planctomycetota._
1617,OTU1631,273,1,273,1392,527,799,100,477,3.15e-133,98.168,Proteobacteria,Gammaproteobacteria,Gammaproteobacteria|Incertae|Sedis,Unknown|Family,Acidibacter,uncultured|proteobacterium,EF019722.1.1392,Bacteria,OTU1631.Proteobacteria.Acidibacter
1618,OTU1632,273,1,273,1341,468,740,100,466,6.81e-130,97.436,Planctomycetota,Phycisphaerae,Tepidisphaerales,WD2101|soil|group,_,_,EU135032.1.1341,Bacteria,OTU1632.Planctomycetota._
1619,OTU1633,273,1,273,1366,510,782,100,483,6.76e-135,98.535,Actinobacteriota,Thermoleophilia,Solirubrobacterales,Solirubrobacteraceae,Solirubrobacter,_,HM263289.1.1366,Bacteria,OTU1633.Actinobacteriota.Solirubrobacter
1620,OTU1634,273,1,273,1512,509,781,100,444,3.19e-123,95.971,Planctomycetota,Planctomycetes,Gemmatales,Gemmataceae,_,_,FJ478962.1.1512,Bacteria,OTU1634.Planctomycetota._
1621,OTU1635,274,1,274,1326,484,756,100,344,3.34e-93,89.416,Chloroflexi,Chloroflexia,Thermomicrobiales,JG30-KF-CM45,_,_,KX771535.1.1326,Bacteria,OTU1635.Chloroflexi._
1622,OTU1636,274,1,274,1518,505,778,100,440,4.14e-122,95.668,Actinobacteriota,Acidimicrobiia,_,_,_,_,KC555024.1.1518,Bacteria,OTU1636.Actinobacteriota._
1623,OTU1637,273,1,273,1499,520,792,100,477,3.15e-133,98.168,Proteobacteria,Gammaproteobacteria,Salinisphaerales,Solimonadaceae,Polycyclovorans,_,AB179503.1.1499,Bacteria,OTU1637.Proteobacteria.Polycyclovorans
1624,OTU1638,273,1,273,1517,536,808,100,488,1.45e-136,98.901,Myxococcota,Polyangia,Polyangiales,Polyangiaceae,Pajaroellobacter,_,KJ782744.1.1517,Bacteria,OTU1638.Myxococcota.Pajaroellobacter
1625,OTU1639,273,1,273,1407,464,736,100,438,1.48e-121,95.604,Acidobacteriota,Acidobacteriae,Bryobacterales,Bryobacteraceae,Bryobacter,_,GQ402655.1.1407,Bacteria,OTU1639.Acidobacteriota.Bryobacter
1626,OTU1640,273,1,273,1449,487,759,100,438,1.48e-121,95.604,Chloroflexi,Chloroflexia,Chloroflexales,Roseiflexaceae,_,_,JQ738766.1.1449,Bacteria,OTU1640.Chloroflexi._
1627,OTU1641,273,1,273,1333,443,715,100,494,3.12e-138,99.267,Planctomycetota,Planctomycetes,Gemmatales,Gemmataceae,Gemmata,bacterium|enrichment|culture|clone|KIST-JJY169,FJ828508.1.1333,Bacteria,OTU1641.Planctomycetota.Gemmata
1628,OTU1643,273,1,273,1536,529,800,100,486,5.23e-136,98.901,Proteobacteria,Gammaproteobacteria,Pseudomonadales,Porticoccaceae,C1-B045,uncultured|Marinobacter|sp,JF979330.1.1536,Bacteria,OTU1643.Proteobacteria.C1-B045
1629,OTU1644,273,1,273,1507,521,793,100,488,1.45e-136,98.901,Proteobacteria,Gammaproteobacteria,HOC36,_,_,_,JQ716316.1.1507,Bacteria,OTU1644.Proteobacteria._
1630,OTU1645,273,1,273,1350,433,705,100,466,6.81e-130,97.436,Proteobacteria,Alphaproteobacteria,Kiloniellales,Kiloniellaceae,Tagaea,uncultured|Alphaproteobacteria|bacterium,JN825384.1.1350,Bacteria,OTU1645.Proteobacteria.Tagaea
1631,OTU1646,273,1,273,1474,496,768,100,460,3.17e-128,97.07,Firmicutes,Bacilli,Bacillales,Bacillaceae,_,uncultured|compost|bacterium,DQ346527.1.1474,Bacteria,OTU1646.Firmicutes._
1632,OTU1647,273,1,273,1484,486,758,100,444,3.19e-123,95.971,Chloroflexi,Anaerolineae,SBR1031,A4b,_,_,KC683182.1.1484,Bacteria,OTU1647.Chloroflexi._
1633,OTU1648,273,2,273,1435,481,752,99,420,5.38e-116,94.485,Planctomycetota,Planctomycetes,Pirellulales,Pirellulaceae,_,_,FJ466345.1.1435,Bacteria,OTU1648.Planctomycetota._
1634,OTU1649,274,1,274,1486,506,779,100,496,8.72e-139,99.27,Planctomycetota,Planctomycetes,Isosphaerales,Isosphaeraceae,Aquisphaera,_,KM200476.1.1486,Bacteria,OTU1649.Planctomycetota.Aquisphaera
1635,OTU1650,273,1,273,1527,561,833,100,460,3.17e-128,97.07,Planctomycetota,Planctomycetes,Pirellulales,Pirellulaceae,Pir4|lineage,Planctomycetaceae|bacterium|LX124,KC854918.1.1527,Bacteria,OTU1650.Planctomycetota.Pir4|lineage
1636,OTU1651,274,1,274,1318,475,747,100,294,3.41e-78,86.131,Chloroflexi,Chloroflexia,Thermomicrobiales,JG30-KF-CM45,_,_,JF166757.1.1318,Bacteria,OTU1651.Chloroflexi._
1637,OTU1652,273,1,273,1309,463,735,100,444,3.19e-123,95.971,Planctomycetota,Planctomycetes,Gemmatales,Gemmataceae,_,uncultured|soil|bacterium,AY289462.1.1309,Bacteria,OTU1652.Planctomycetota._
1638,OTU1653,273,1,273,1500,514,786,100,427,3.21e-118,94.872,Planctomycetota,Planctomycetes,Gemmatales,Gemmataceae,_,_,EF492919.1.1500,Bacteria,OTU1653.Planctomycetota._
1639,OTU1654,273,1,273,1479,501,773,100,488,1.45e-136,98.901,Acidobacteriota,Blastocatellia,Blastocatellales,Blastocatellaceae,JGI|0001001-H03,uncultured|Acidobacteria|bacterium,JX114407.1.1479,Bacteria,OTU1654.Acidobacteriota.JGI|0001001-H03
1640,OTU1655,273,1,271,1331,460,730,99,473,4.07e-132,98.155,Proteobacteria,Alphaproteobacteria,Rhizobiales,Methyloligellaceae,_,_,LN567307.1.1331,Bacteria,OTU1655.Proteobacteria._
1641,OTU1656,273,1,273,1464,512,784,100,488,1.45e-136,98.901,Gemmatimonadota,Gemmatimonadetes,Gemmatimonadales,Gemmatimonadaceae,_,_,JF703541.1.1464,Bacteria,OTU1656.Gemmatimonadota._
1642,OTU1657,273,1,273,1505,505,777,100,488,1.45e-136,98.901,Chloroflexi,Anaerolineae,Anaerolineales,Anaerolineaceae,_,uncultured|sludge|bacterium|H39,AF234690.1.1505,Bacteria,OTU1657.Chloroflexi._
1643,OTU1658,293,1,293,1363,483,775,100,508,1.21e-142,97.952,Gemmatimonadota,Gemmatimonadetes,Gemmatimonadales,Gemmatimonadaceae,_,_,EU134859.1.1363,Bacteria,OTU1658.Gemmatimonadota._
1644,OTU1659,273,1,271,1501,503,775,99,342,1.2e-92,89.377,Chloroflexi,Anaerolineae,Ardenticatenales,_,_,_,JX504302.1.1501,Bacteria,OTU1659.Chloroflexi._
1645,OTU1660,273,1,273,1310,361,633,100,505,1.44e-141,100,Cyanobacteria,Cyanobacteriia,Cyanobacteriales,Nostocaceae,Nostoc|PCC-8976,Nostoc|sp.|MGCY393,KY056807.1.1310,Bacteria,OTU1660.Cyanobacteria.Nostoc|PCC-8976
1646,OTU1661,274,1,274,1519,538,811,100,451,1.91e-125,96.35,Gemmatimonadota,S0134|terrestrial|group,_,_,_,_,FJ444711.1.1519,Bacteria,OTU1661.Gemmatimonadota._
1647,OTU1662,273,1,273,1474,491,763,100,483,6.76e-135,98.535,Planctomycetota,Planctomycetes,Pirellulales,Pirellulaceae,_,_,JX222356.1.1474,Bacteria,OTU1662.Planctomycetota._
1648,OTU1663,273,1,273,1510,529,801,100,350,7.16e-95,89.744,Verrucomicrobiota,Verrucomicrobiae,Chthoniobacterales,Chthoniobacteraceae,Chthoniobacter,_,DQ984548.1.1510,Bacteria,OTU1663.Verrucomicrobiota.Chthoniobacter
1649,OTU1664,273,1,273,1522,532,804,100,483,6.76e-135,98.535,Dadabacteria,Dadabacteriia,Dadabacteriales,_,_,_,JN825639.1.1522,Bacteria,OTU1664.Dadabacteria._
1650,OTU1665,273,1,273,1494,505,777,100,405,1.51e-111,93.407,Planctomycetota,Planctomycetes,Gemmatales,Gemmataceae,_,_,KC831411.1.1494,Bacteria,OTU1665.Planctomycetota._
1651,OTU1666,273,1,273,1463,476,748,100,477,3.15e-133,98.168,Bdellovibrionota,Bdellovibrionia,Bdellovibrionales,Bdellovibrionaceae,OM27|clade,_,AY048892.1.1463,Bacteria,OTU1666.Bdellovibrionota.OM27|clade
1652,OTU1667,273,1,273,1328,390,662,100,433,6.91e-120,95.238,Planctomycetota,Phycisphaerae,mle1-8,uncultured|organism,_,_,JN531725.1.1328,Bacteria,OTU1667.Planctomycetota._
1653,OTU1668,273,1,273,1450,470,742,100,494,3.12e-138,99.267,Proteobacteria,Alphaproteobacteria,Acetobacterales,Acetobacteraceae,Roseomonas,_,HQ910320.1.1450,Bacteria,OTU1668.Proteobacteria.Roseomonas
1654,OTU1669,273,1,273,1354,502,774,100,494,3.12e-138,99.267,Bacteroidota,Bacteroidia,Cytophagales,Microscillaceae,Chryseolinea,uncultured|Bacteroidetes|bacterium,AM936286.1.1354,Bacteria,OTU1669.Bacteroidota.Chryseolinea
1655,OTU1670,273,1,273,1454,481,753,100,488,1.45e-136,98.901,Planctomycetota,Phycisphaerae,Phycisphaerales,Phycisphaeraceae,AKYG587,_,FJ478689.1.1454,Bacteria,OTU1670.Planctomycetota.AKYG587
1656,OTU1671,273,1,273,1340,482,754,100,488,1.45e-136,98.901,Actinobacteriota,Actinobacteria,Frankiales,Geodermatophilaceae,Geodermatophilus,_,HM274453.1.1340,Bacteria,OTU1671.Actinobacteriota.Geodermatophilus
1657,OTU1672,273,1,273,1465,468,740,100,494,3.12e-138,99.267,Proteobacteria,Alphaproteobacteria,Rhizobiales,Rhizobiaceae,Allorhizobium-Neorhizobium-Pararhizobium-Rhizobium,metagenome,FPLS01061784.16.1480,Bacteria,OTU1672.Proteobacteria.Allorhizobium-Neorhizobium-Pararhizobium-Rhizobium
1658,OTU1673,273,1,273,1378,520,792,100,477,3.15e-133,98.168,Myxococcota,Polyangia,Haliangiales,Haliangiaceae,Haliangium,_,JF225418.1.1378,Bacteria,OTU1673.Myxococcota.Haliangium
1659,OTU1674,273,1,273,1456,469,741,100,477,3.15e-133,98.168,Planctomycetota,Phycisphaerae,Tepidisphaerales,WD2101|soil|group,_,_,KX753146.1.1456,Bacteria,OTU1674.Planctomycetota._
1660,OTU1675,273,1,273,1295,458,730,100,355,1.54e-96,90.182,Chloroflexi,Chloroflexia,Chloroflexales,Roseiflexaceae,Roseiflexus,_,HM240957.1.1295,Bacteria,OTU1675.Chloroflexi.Roseiflexus
1661,OTU1676,273,1,273,1296,454,726,100,488,1.45e-136,98.901,Chloroflexi,JG30-KF-CM66,uncultured|Chloroflexi|bacterium,_,_,_,AM936638.1.1296,Bacteria,OTU1676.Chloroflexi._
1662,OTU1677,273,1,273,1317,461,733,100,499,6.71e-140,99.634,Proteobacteria,Alphaproteobacteria,Dongiales,Dongiaceae,Dongia,_,KC432401.1.1317,Bacteria,OTU1677.Proteobacteria.Dongia
1663,OTU1678,273,1,273,1523,543,815,100,460,3.17e-128,97.07,Acidobacteriota,Subgroup|25,_,_,_,_,KC331542.1.1523,Bacteria,OTU1678.Acidobacteriota._
1664,OTU1679,273,1,273,1309,467,739,100,483,6.76e-135,98.535,Chloroflexi,JG30-KF-CM66,_,_,_,_,HM308457.1.1309,Bacteria,OTU1679.Chloroflexi._
1665,OTU1680,273,1,273,1421,459,731,100,494,3.12e-138,99.267,Planctomycetota,Planctomycetes,Pirellulales,Pirellulaceae,Blastopirellula,_,HQ114185.1.1421,Bacteria,OTU1680.Planctomycetota.Blastopirellula
1666,OTU1681,273,1,273,1492,523,795,100,466,6.81e-130,97.436,Verrucomicrobiota,Verrucomicrobiae,Pedosphaerales,Pedosphaeraceae,_,_,JF319250.1.1492,Bacteria,OTU1681.Verrucomicrobiota._
1667,OTU1682,273,1,273,1497,515,787,100,488,1.45e-136,98.901,Myxococcota,Polyangia,Polyangiales,BIrii41,_,_,GQ264089.1.1497,Bacteria,OTU1682.Myxococcota._
1668,OTU1683,273,1,273,1467,509,781,100,494,3.12e-138,99.267,Acidobacteriota,Vicinamibacteria,Vicinamibacterales,Vicinamibacteraceae,uncultured|Acidobacteria|bacterium,_,JN367076.1.1467,Bacteria,OTU1683.Acidobacteriota.uncultured|Acidobacteria|bacterium
1669,OTU1684,273,1,273,1336,458,730,100,444,3.19e-123,95.971,Proteobacteria,Alphaproteobacteria,Tistrellales,Geminicoccaceae,_,_,JN801098.1.1336,Bacteria,OTU1684.Proteobacteria._
1670,OTU1685,274,1,274,1378,418,691,100,468,1.9e-130,97.445,Planctomycetota,Planctomycetes,Isosphaerales,Isosphaeraceae,Tundrisphaera,_,EF516307.1.1378,Bacteria,OTU1685.Planctomycetota.Tundrisphaera
1671,OTU1686,273,1,273,1356,477,749,100,405,1.51e-111,93.407,Planctomycetota,Phycisphaerae,Phycisphaerales,Phycisphaeraceae,_,_,LN563186.1.1356,Bacteria,OTU1686.Planctomycetota._
1672,OTU1687,273,1,273,1451,470,742,100,455,1.47e-126,96.727,Proteobacteria,Alphaproteobacteria,_,_,_,_,JQ978855.1.1451,Bacteria,OTU1687.Proteobacteria._
1673,OTU1688,273,1,273,1478,497,769,100,427,3.21e-118,94.872,Proteobacteria,Alphaproteobacteria,Kordiimonadales,Kordiimonadaceae,Kordiimonas,uncultured|Alphaproteobacteria|bacterium,HQ727622.1.1478,Bacteria,OTU1688.Proteobacteria.Kordiimonas
1674,OTU1689,273,1,273,1506,524,796,100,488,1.45e-136,98.901,Bacteroidota,Rhodothermia,Balneolales,Balneolaceae,_,uncultured|Bacteroidetes|bacterium,HQ396952.1.1506,Bacteria,OTU1689.Bacteroidota._
1675,OTU1690,274,1,274,1521,538,811,100,462,8.84e-129,97.08,Gemmatimonadota,PAUC43f|marine|benthic|group,_,_,_,_,KJ817474.1.1521,Bacteria,OTU1690.Gemmatimonadota._
1676,OTU1691,273,1,273,1476,477,749,100,494,3.12e-138,99.267,Bdellovibrionota,Bdellovibrionia,Bdellovibrionales,Bdellovibrionaceae,OM27|clade,metagenome,FPLS01029023.16.1491,Bacteria,OTU1691.Bdellovibrionota.OM27|clade
1677,OTU1692,273,1,273,1548,539,811,100,444,3.19e-123,95.971,Firmicutes,Bacilli,Alicyclobacillales,Alicyclobacillaceae,Tumebacillus,Tumebacillus|algifaecis,CP022657.3124485.3126032,Bacteria,OTU1692.Firmicutes.Tumebacillus
1678,OTU1693,273,1,273,1523,541,813,100,444,3.19e-123,95.971,NB1-j,_,_,_,_,_,EU335146.1.1523,Bacteria,OTU1693.NB1-j._
1679,OTU1694,273,1,273,1364,373,646,100,427,3.21e-118,94.891,Planctomycetota,Planctomycetes,Gemmatales,Gemmataceae,_,_,HQ120661.1.1364,Bacteria,OTU1694.Planctomycetota._
1680,OTU1695,273,1,273,1343,467,739,100,455,1.47e-126,96.703,Planctomycetota,Phycisphaerae,Tepidisphaerales,WD2101|soil|group,_,_,LN563849.1.1343,Bacteria,OTU1695.Planctomycetota._
1681,OTU1696,273,1,273,1457,487,759,100,494,3.12e-138,99.267,Planctomycetota,Phycisphaerae,MSBL9,SG8-4,_,_,LC124685.1.1457,Bacteria,OTU1696.Planctomycetota._
1682,OTU1697,273,1,273,1506,523,795,100,494,3.12e-138,99.267,Bacteroidota,Bacteroidia,Cytophagales,Cyclobacteriaceae,_,_,HQ190505.1.1506,Bacteria,OTU1697.Bacteroidota._
1683,OTU1698,273,1,273,1360,487,759,100,444,3.19e-123,95.985,Chloroflexi,Anaerolineae,SBR1031,A4b,uncultured|organism,_,JN430956.1.1360,Bacteria,OTU1698.Chloroflexi.uncultured|organism
1684,OTU1699,273,1,273,1497,523,795,100,466,6.81e-130,97.436,Bacteroidota,Ignavibacteria,Ignavibacteriales,PHOS-HE36,_,_,JX120421.1.1497,Bacteria,OTU1699.Bacteroidota._
1685,OTU1700,273,1,273,1431,456,728,100,394,3.26e-108,92.674,Planctomycetota,Phycisphaerae,Phycisphaerales,Phycisphaeraceae,SM1A02,uncultured|Planctomycetales|bacterium,JN825574.1.1431,Bacteria,OTU1700.Planctomycetota.SM1A02
1686,OTU1701,273,1,273,1521,537,809,100,494,3.12e-138,99.267,Acidobacteriota,Vicinamibacteria,Subgroup|17,uncultured|Acidobacteria|bacterium,_,_,JF727719.1.1521,Bacteria,OTU1701.Acidobacteriota._
1687,OTU1702,273,1,273,1517,538,810,100,449,6.86e-125,96.337,Desulfobacterota,Desulfuromonadia,Geobacterales,Geobacteraceae,_,_,JX222985.1.1517,Bacteria,OTU1702.Desulfobacterota._
1688,OTU1703,273,1,273,1484,520,792,100,488,1.45e-136,98.901,Bacteroidota,Bacteroidia,Cytophagales,Microscillaceae,_,_,KC331300.1.1484,Bacteria,OTU1703.Bacteroidota._
1689,OTU1704,273,1,273,1461,487,760,100,422,1.5e-116,94.526,Planctomycetota,Phycisphaerae,Tepidisphaerales,WD2101|soil|group,_,_,AB240234.1.1461,Bacteria,OTU1704.Planctomycetota._
1690,OTU1705,273,1,273,1367,445,717,100,433,6.91e-120,95.238,Myxococcota,Polyangia,Polyangiales,Eel-36e1D6,_,_,HQ153902.1.1367,Bacteria,OTU1705.Myxococcota._
1691,OTU1706,273,1,273,1509,530,802,100,477,3.15e-133,98.168,Myxococcota,Polyangia,Haliangiales,Haliangiaceae,Haliangium,uncultured|Nannocystineae|bacterium,KJ192031.1.1509,Bacteria,OTU1706.Myxococcota.Haliangium
1692,OTU1707,273,1,273,1428,482,754,100,472,1.46e-131,97.802,Proteobacteria,Gammaproteobacteria,Salinisphaerales,Solimonadaceae,Polycyclovorans,_,HE653884.1.1428,Bacteria,OTU1707.Proteobacteria.Polycyclovorans
1693,OTU1708,274,1,274,1432,467,740,100,490,4.06e-137,98.905,Actinobacteriota,Acidimicrobiia,IMCC26256,uncultured|Actinomycetales|bacterium,_,_,EU449558.1.1432,Bacteria,OTU1708.Actinobacteriota._
1694,OTU1709,273,1,273,1491,507,779,100,466,6.81e-130,97.436,Planctomycetota,Planctomycetes,Planctomycetales,_,uncultured|Planctomyces|sp,_,FJ542987.1.1491,Bacteria,OTU1709.Planctomycetota.uncultured|Planctomyces|sp
1695,OTU1710,273,1,273,1381,505,777,100,477,3.15e-133,98.168,Gemmatimonadota,Gemmatimonadetes,Gemmatimonadales,Gemmatimonadaceae,_,uncultured|Gemmatimonadetes|bacterium,AY922110.1.1381,Bacteria,OTU1710.Gemmatimonadota._
1696,OTU1711,273,1,273,1377,522,794,100,449,6.86e-125,96.337,Acidobacteriota,Subgroup|25,_,_,_,_,EU132094.1.1377,Bacteria,OTU1711.Acidobacteriota._
1697,OTU1712,273,1,272,1250,381,652,99,459,1.14e-127,97.059,Planctomycetota,Planctomycetes,Pirellulales,Pirellulaceae,Blastopirellula,_,JQ347367.1.1250,Bacteria,OTU1712.Planctomycetota.Blastopirellula
1698,OTU1713,273,1,273,1514,539,811,100,455,1.47e-126,96.703,Acidobacteriota,Vicinamibacteria,Vicinamibacterales,_,uncultured|Acidobacteria|bacterium,_,JN038957.1.1514,Bacteria,OTU1713.Acidobacteriota.uncultured|Acidobacteria|bacterium
1699,OTU1714,274,1,274,1449,456,729,100,496,8.72e-139,99.27,Halobacterota,Methanosarcinia,Methanosarciniales,Methanosarcinaceae,Methanosarcina,uncultured|Methanosarcina|sp,EU857628.1.1449,Archaea,OTU1714.Halobacterota.Methanosarcina
1700,OTU1715,273,1,273,1521,541,813,100,472,1.46e-131,97.802,NB1-j,uncultured|delta|proteobacterium,_,_,_,_,HE974832.1.1521,Bacteria,OTU1715.NB1-j._
1701,OTU1716,273,1,273,1470,498,771,100,460,3.17e-128,97.08,Chloroflexi,Chloroflexia,Thermomicrobiales,JG30-KF-CM45,uncultured|Chloroflexi|bacterium,_,HG917221.1.1470,Bacteria,OTU1716.Chloroflexi.uncultured|Chloroflexi|bacterium
1702,OTU1717,273,1,273,1536,536,808,100,466,6.81e-130,97.436,Acidobacteriota,Thermoanaerobaculia,Thermoanaerobaculales,Thermoanaerobaculaceae,Subgroup|10,metagenome,FPLS01026231.15.1550,Bacteria,OTU1717.Acidobacteriota.Subgroup|10
1703,OTU1718,273,2,273,1464,489,760,99,331,2.59e-89,88.603,Chloroflexi,Anaerolineae,SBR1031,metagenome,_,_,FPLP01002552.16.1479,Bacteria,OTU1718.Chloroflexi._
1704,OTU1719,273,1,273,1465,499,771,100,383,7.05e-105,91.941,Chloroflexi,Anaerolineae,Ardenticatenales,_,uncultured|Chloroflexi|bacterium,_,EU374068.1.1465,Bacteria,OTU1719.Chloroflexi.uncultured|Chloroflexi|bacterium
1705,OTU1720,273,1,273,1475,510,782,100,466,6.81e-130,97.436,Chloroflexi,Dehalococcoidia,SAR202|clade,_,_,_,JQ801054.1.1475,Bacteria,OTU1720.Chloroflexi._
1706,OTU1721,273,1,273,1461,500,771,100,370,5.49e-101,91.241,Chloroflexi,SHA-26,_,_,_,_,JF922436.1.1461,Bacteria,OTU1721.Chloroflexi._
1707,OTU1722,273,1,273,1495,497,769,100,494,3.12e-138,99.267,Actinobacteriota,Actinobacteria,Pseudonocardiales,Pseudonocardiaceae,Amycolatopsis,Amycolatopsis|orientalis|DSM|40040|=|KCTC|9412,ASJB01000052.124.1618,Bacteria,OTU1722.Actinobacteriota.Amycolatopsis
1708,OTU1723,274,1,274,1549,527,800,100,435,1.93e-120,95.255,Gemmatimonadota,Longimicrobia,Longimicrobiales,Longimicrobiaceae,_,_,KF975561.1.1549,Bacteria,OTU1723.Gemmatimonadota._
1709,OTU1724,273,1,273,1417,434,706,100,460,3.17e-128,97.07,Proteobacteria,Alphaproteobacteria,Azospirillales,Azospirillaceae,_,uncultured|Rhodospirillaceae|bacterium,HM438288.1.1417,Bacteria,OTU1724.Proteobacteria._
1710,OTU1725,273,1,273,1504,527,799,100,488,1.45e-136,98.901,Myxococcota,Polyangia,Polyangiales,Sandaracinaceae,_,_,AB636929.1.1504,Bacteria,OTU1725.Myxococcota._
1711,OTU1726,273,1,273,1445,481,753,100,472,1.46e-131,97.802,Acidobacteriota,Acidobacteriae,Solibacterales,Solibacteraceae,Candidatus|Solibacter,_,GQ264287.1.1445,Bacteria,OTU1726.Acidobacteriota.Candidatus|Solibacter
1712,OTU1727,273,1,273,1349,477,749,100,466,6.81e-130,97.436,Bacteroidota,Rhodothermia,Rhodothermales,Rhodothermaceae,_,_,JN616001.1.1349,Bacteria,OTU1727.Bacteroidota._
1713,OTU1728,274,1,274,1519,507,780,100,496,8.72e-139,99.27,Actinobacteriota,Acidimicrobiia,Microtrichales,_,_,_,KC554548.1.1519,Bacteria,OTU1728.Actinobacteriota._
1714,OTU1729,273,1,273,1521,539,811,100,411,3.24e-113,93.773,Entotheonellaeota,Entotheonellia,Entotheonellales,Entotheonellaceae,_,_,HE974828.1.1521,Bacteria,OTU1729.Entotheonellaeota._
1715,OTU1730,273,1,273,1455,485,757,100,394,3.26e-108,92.701,Chloroflexi,Chloroflexia,Chloroflexales,Chloroflexaceae,Chloronema,_,JX521257.1.1455,Bacteria,OTU1730.Chloroflexi.Chloronema
1716,OTU1731,273,1,273,1503,515,787,100,494,3.12e-138,99.267,Planctomycetota,Planctomycetes,Gemmatales,Gemmataceae,_,_,EU881097.1.1503,Bacteria,OTU1731.Planctomycetota._
1717,OTU1732,273,1,273,1511,528,800,100,494,3.12e-138,99.267,Proteobacteria,Gammaproteobacteria,Xanthomonadales,Xanthomonadaceae,Arenimonas,_,KF481594.1.1511,Bacteria,OTU1732.Proteobacteria.Arenimonas
1718,OTU1733,274,1,274,1318,475,747,100,333,7.24e-90,88.686,Chloroflexi,Chloroflexia,Thermomicrobiales,JG30-KF-CM45,_,_,JF166757.1.1318,Bacteria,OTU1733.Chloroflexi._
1719,OTU1734,273,1,273,1479,499,771,100,477,3.15e-133,98.168,Acidobacteriota,Vicinamibacteria,Vicinamibacterales,_,uncultured|Acidobacteriales|bacterium,_,EU440598.1.1479,Bacteria,OTU1734.Acidobacteriota.uncultured|Acidobacteriales|bacterium
1720,OTU1735,273,1,273,1507,515,787,100,483,6.76e-135,98.535,Planctomycetota,Planctomycetes,Gemmatales,Gemmataceae,_,_,HQ120623.1.1507,Bacteria,OTU1735.Planctomycetota._
1721,OTU1736,273,1,273,1415,471,743,100,488,1.45e-136,98.901,Chloroflexi,Anaerolineae,SBR1031,uncultured|Chloroflexi|bacterium,_,_,JN409196.1.1415,Bacteria,OTU1736.Chloroflexi._
1722,OTU1737,274,1,274,1435,502,775,100,479,8.78e-134,98.175,Planctomycetota,Planctomycetes,_,_,_,_,HQ120485.1.1435,Bacteria,OTU1737.Planctomycetota._
1723,OTU1738,274,1,274,1463,471,744,100,479,8.78e-134,98.175,Planctomycetota,Planctomycetes,Isosphaerales,Isosphaeraceae,Singulisphaera,Nostocoida|limicola|III,AF244751.1.1463,Bacteria,OTU1738.Planctomycetota.Singulisphaera
1724,OTU1739,273,1,273,1519,516,788,100,477,3.15e-133,98.168,Actinobacteriota,Thermoleophilia,Solirubrobacterales,67-14,_,_,KC554774.1.1519,Bacteria,OTU1739.Actinobacteriota._
1725,OTU1740,274,1,274,1349,482,755,100,468,1.9e-130,97.445,Planctomycetota,Planctomycetes,_,_,_,_,KC432357.1.1349,Bacteria,OTU1740.Planctomycetota._
1726,OTU1741,273,1,273,1360,497,769,100,466,6.81e-130,97.445,Chloroflexi,Anaerolineae,Caldilineales,Caldilineaceae,_,uncultured|Chloroflexi|bacterium,AY921999.1.1360,Bacteria,OTU1741.Chloroflexi._
1727,OTU1742,274,1,274,1342,478,751,100,462,8.84e-129,97.08,Planctomycetota,Planctomycetes,Isosphaerales,Isosphaeraceae,Singulisphaera,_,HM278131.1.1342,Bacteria,OTU1742.Planctomycetota.Singulisphaera
1728,OTU1743,273,1,273,1468,489,761,100,449,6.86e-125,96.364,Planctomycetota,Phycisphaerae,Tepidisphaerales,WD2101|soil|group,_,_,GU444061.1.1468,Bacteria,OTU1743.Planctomycetota._
1729,OTU1744,273,1,273,1400,481,753,100,411,3.24e-113,93.818,Proteobacteria,Gammaproteobacteria,EC3,_,_,_,GU362966.1.1400,Bacteria,OTU1744.Proteobacteria._
1730,OTU1745,273,1,273,1483,505,777,100,377,3.28e-103,91.575,Bacteroidota,Rhodothermia,Rhodothermales,Rhodothermaceae,_,uncultured|Bacteroidetes|bacterium,HQ396984.1.1483,Bacteria,OTU1745.Bacteroidota._
1731,OTU1746,273,1,273,1516,537,809,100,399,7.01e-110,93.04,Acidobacteriota,Thermoanaerobaculia,Thermoanaerobaculales,Thermoanaerobaculaceae,Subgroup|10,_,KJ817695.1.1516,Bacteria,OTU1746.Acidobacteriota.Subgroup|10
1732,OTU1747,273,1,273,1467,500,772,100,499,6.71e-140,99.634,Chloroflexi,Chloroflexia,Thermomicrobiales,AKYG1722,uncultured|Chloroflexi|bacterium,_,HQ857691.1.1467,Bacteria,OTU1747.Chloroflexi.uncultured|Chloroflexi|bacterium
1733,OTU1748,274,1,274,908,472,745,100,484,1.89e-135,98.54,Halobacterota,Halobacteria,Halobacterales,Halomicrobiaceae,_,uncultured|archaeon,HQ400473.1.908,Archaea,OTU1748.Halobacterota._
1734,OTU1749,273,1,273,1447,483,755,100,449,6.86e-125,96.337,Chloroflexi,Dehalococcoidia,S085,_,_,_,JX240969.1.1447,Bacteria,OTU1749.Chloroflexi._
1735,OTU1750,273,1,273,1319,477,749,100,499,6.71e-140,99.634,Chloroflexi,Chloroflexia,Thermomicrobiales,JG30-KF-CM45,_,_,JF096040.1.1319,Bacteria,OTU1750.Chloroflexi._
1736,OTU1751,273,1,273,1475,516,788,100,433,6.91e-120,95.238,Acidobacteriota,Thermoanaerobaculia,Thermoanaerobaculales,Thermoanaerobaculaceae,Subgroup|10,uncultured|Acidobacteriaceae|bacterium,AY225645.1.1475,Bacteria,OTU1751.Acidobacteriota.Subgroup|10
1737,OTU1752,273,1,273,1488,497,769,100,416,6.96e-115,94.139,Chloroflexi,Anaerolineae,SBR1031,uncultured|soil|bacterium,_,_,JN417576.1.1488,Bacteria,OTU1752.Chloroflexi._
1738,OTU1753,273,1,273,1400,479,751,100,494,3.12e-138,99.267,Planctomycetota,Planctomycetes,Planctomycetales,Rubinisphaeraceae,SH-PL14,uncultured|planctomycete,KF827048.1.1400,Bacteria,OTU1753.Planctomycetota.SH-PL14
1739,OTU1754,273,1,273,1337,465,737,100,466,6.81e-130,97.436,Planctomycetota,Planctomycetes,Planctomycetales,Rubinisphaeraceae,SH-PL14,_,LN563858.1.1337,Bacteria,OTU1754.Planctomycetota.SH-PL14
1740,OTU1755,273,1,273,1449,477,749,100,422,1.5e-116,94.505,Planctomycetota,Phycisphaerae,Phycisphaerales,Phycisphaeraceae,SM1A02,_,KM051822.1.1449,Bacteria,OTU1755.Planctomycetota.SM1A02
1741,OTU1756,273,1,273,1454,468,740,100,444,3.19e-123,95.971,Proteobacteria,Alphaproteobacteria,Rhizobiales,Rhodomicrobiaceae,Rhodomicrobium,_,JQ769965.1.1454,Bacteria,OTU1756.Proteobacteria.Rhodomicrobium
1742,OTU1757,273,1,273,1427,479,751,100,433,6.91e-120,95.273,Chloroflexi,Chloroflexia,Thermomicrobiales,JG30-KF-CM45,uncultured|anaerobic|ammonium-oxidizing|bacterium,_,LC192382.1.1427,Bacteria,OTU1757.Chloroflexi.uncultured|anaerobic|ammonium-oxidizing|bacterium
1743,OTU1758,273,1,273,1440,478,750,100,427,3.21e-118,94.872,Chloroflexi,Anaerolineae,Anaerolineales,Anaerolineaceae,Anaerolinea,_,JX079312.1.1440,Bacteria,OTU1758.Chloroflexi.Anaerolinea
1744,OTU1759,273,1,273,1436,487,759,100,455,1.47e-126,96.703,Chloroflexi,Anaerolineae,Anaerolineales,Anaerolineaceae,_,_,GQ264029.1.1436,Bacteria,OTU1759.Chloroflexi._
1745,OTU1760,273,1,273,1337,480,752,100,433,6.91e-120,95.238,Armatimonadota,_,_,_,_,_,EU135015.1.1337,Bacteria,OTU1760.Armatimonadota._
1746,OTU1761,274,1,274,1489,493,766,100,374,4.26e-102,91.241,Chloroflexi,Anaerolineae,SBR1031,A4b,_,_,KF975540.1.1489,Bacteria,OTU1761.Chloroflexi._
1747,OTU1762,273,1,273,1537,547,820,100,466,6.81e-130,97.445,SAR324|clade(Marine|group|B),bacterium|enrichment|culture|clone|B30(2011),_,_,_,_,JF830203.1.1537,Bacteria,OTU1762.SAR324|clade(Marine|group|B)._
1748,OTU1763,291,1,291,1543,507,795,100,464,2.63e-129,95.533,Gemmatimonadota,Gemmatimonadetes,Gemmatimonadales,Gemmatimonadaceae,_,_,JX898170.1.1543,Bacteria,OTU1763.Gemmatimonadota._
1749,OTU1764,273,1,273,1476,497,769,100,494,3.12e-138,99.267,Planctomycetota,Phycisphaerae,Phycisphaerales,Phycisphaeraceae,_,_,GU444111.1.1476,Bacteria,OTU1764.Planctomycetota._
1750,OTU1765,274,1,274,1382,519,792,100,446,8.91e-124,95.985,Planctomycetota,OM190,_,_,_,_,HE650011.1.1382,Bacteria,OTU1765.Planctomycetota._
1751,OTU1766,273,1,273,1497,516,788,100,488,1.45e-136,98.901,Acidobacteriota,Holophagae,Subgroup|7,_,_,_,FJ479007.1.1497,Bacteria,OTU1766.Acidobacteriota._
1752,OTU1767,273,1,273,1471,495,768,100,477,3.15e-133,98.175,Planctomycetota,Planctomycetes,Gemmatales,Gemmataceae,Gemmata,_,JQ978938.1.1471,Bacteria,OTU1767.Planctomycetota.Gemmata
1753,OTU1768,273,1,273,1383,521,793,100,405,1.51e-111,93.407,Planctomycetota,Planctomycetes,Gemmatales,Gemmataceae,_,_,EU135176.1.1383,Bacteria,OTU1768.Planctomycetota._
1754,OTU1769,273,1,273,1426,424,696,100,438,1.48e-121,95.604,Planctomycetota,Planctomycetes,Planctomycetales,Gimesiaceae,_,seawater|metagenome,FLLY01001302.23.1448,Bacteria,OTU1769.Planctomycetota._
1755,OTU1770,273,1,273,1507,525,797,100,472,1.46e-131,97.802,Myxococcota,Polyangia,Polyangiales,Sandaracinaceae,_,_,FJ444747.1.1507,Bacteria,OTU1770.Myxococcota._
1756,OTU1771,273,1,273,1487,483,755,100,494,3.12e-138,99.267,Actinobacteriota,Actinobacteria,Streptosporangiales,Streptosporangiaceae,Sphaerisporangium,Sphaerisporangium|sp,MG687442.1.1487,Bacteria,OTU1771.Actinobacteriota.Sphaerisporangium
1757,OTU1772,273,1,273,1412,535,807,100,488,1.45e-136,98.901,Myxococcota,Polyangia,Polyangiales,Polyangiaceae,Sorangium,uncultured|delta|proteobacterium,AY921933.1.1412,Bacteria,OTU1772.Myxococcota.Sorangium
1758,OTU1773,273,1,273,1376,435,707,100,460,3.17e-128,97.07,Proteobacteria,Alphaproteobacteria,Rhodobacterales,Rhodobacteraceae,Limibaculum,uncultured|organism,JN493873.1.1376,Bacteria,OTU1773.Proteobacteria.Limibaculum
1759,OTU1774,273,1,273,1467,491,763,100,483,6.76e-135,98.535,Planctomycetota,Phycisphaerae,Tepidisphaerales,WD2101|soil|group,_,_,KC331594.1.1467,Bacteria,OTU1774.Planctomycetota._
1760,OTU1775,273,1,273,1382,392,664,100,494,3.12e-138,99.267,Proteobacteria,Gammaproteobacteria,Burkholderiales,Comamonadaceae,Rhizobacter,metagenome,FPLS01014480.18.1399,Bacteria,OTU1775.Proteobacteria.Rhizobacter
1761,OTU1776,273,1,273,1463,488,760,100,466,6.81e-130,97.436,Planctomycetota,Phycisphaerae,Tepidisphaerales,WD2101|soil|group,_,_,JQ769659.1.1463,Bacteria,OTU1776.Planctomycetota._
1762,OTU1777,273,1,273,1376,485,757,100,494,3.12e-138,99.267,Planctomycetota,Planctomycetes,Gemmatales,Gemmataceae,_,_,LN573921.1.1376,Bacteria,OTU1777.Planctomycetota._
1763,OTU1778,273,1,273,1384,502,774,100,488,1.45e-136,98.901,Methylomirabilota,Methylomirabilia,Rokubacteriales,_,_,_,JF265691.1.1384,Bacteria,OTU1778.Methylomirabilota._
1764,OTU1779,273,1,273,1536,546,818,100,455,1.47e-126,96.703,Verrucomicrobiota,Verrucomicrobiae,Pedosphaerales,Pedosphaeraceae,_,_,JQ801058.1.1536,Bacteria,OTU1779.Verrucomicrobiota._
1765,OTU1780,273,1,273,1437,473,745,100,460,3.17e-128,97.07,Chloroflexi,Chloroflexia,Chloroflexales,Roseiflexaceae,_,_,FJ479184.1.1437,Bacteria,OTU1780.Chloroflexi._
1766,OTU1781,273,1,273,1467,483,757,100,457,4.1e-127,96.727,Acidobacteriota,Acidobacteriae,Solibacterales,Solibacteraceae,Candidatus|Solibacter,uncultured|Acidobacteria|bacterium,MH031301.1.1467,Bacteria,OTU1781.Acidobacteriota.Candidatus|Solibacter
1767,OTU1782,274,1,274,1525,516,789,100,490,4.06e-137,98.905,Actinobacteriota,Acidimicrobiia,_,uncultured|actinobacterium,_,_,KJ081635.1.1525,Bacteria,OTU1782.Actinobacteriota._
1768,OTU1783,274,1,274,1516,521,794,100,496,8.72e-139,99.27,Gemmatimonadota,Longimicrobia,Longimicrobiales,Longimicrobiaceae,YC-ZSS-LKJ147,_,JQ769741.1.1516,Bacteria,OTU1783.Gemmatimonadota.YC-ZSS-LKJ147
1769,OTU1784,273,1,273,1463,489,761,100,394,3.26e-108,92.674,Chloroflexi,Anaerolineae,SBR1031,metagenome,_,_,FPLS01049200.9.1471,Bacteria,OTU1784.Chloroflexi._
1770,OTU1785,274,1,274,1485,517,790,100,490,4.06e-137,98.905,Acidobacteriota,Blastocatellia,Pyrinomonadales,Pyrinomonadaceae,RB41,_,KY190689.1.1485,Bacteria,OTU1785.Acidobacteriota.RB41
1771,OTU1786,273,1,273,1490,506,778,100,466,6.81e-130,97.436,Planctomycetota,Planctomycetes,Gemmatales,Gemmataceae,_,_,JX406226.1.1490,Bacteria,OTU1786.Planctomycetota._
1772,OTU1787,273,1,273,1388,521,793,100,449,6.86e-125,96.337,Gemmatimonadota,BD2-11|terrestrial|group,_,_,_,_,EU134854.1.1388,Bacteria,OTU1787.Gemmatimonadota._
1773,OTU1788,273,1,273,1485,518,790,100,483,6.76e-135,98.535,Bacteroidota,Bacteroidia,Cytophagales,Cyclobacteriaceae,Catalinimonas,_,JQ800752.1.1485,Bacteria,OTU1788.Bacteroidota.Catalinimonas
1774,OTU1789,273,1,273,1387,491,763,100,438,1.48e-121,95.604,Planctomycetota,Planctomycetes,Gemmatales,Gemmataceae,_,_,EU135148.1.1387,Bacteria,OTU1789.Planctomycetota._
1775,OTU1790,273,1,273,1493,522,794,100,488,1.45e-136,98.901,Bacteroidota,Bacteroidia,Cytophagales,Microscillaceae,Hassallia,_,HQ190454.1.1493,Bacteria,OTU1790.Bacteroidota.Hassallia
1776,OTU1791,273,1,273,1466,484,756,100,494,3.12e-138,99.267,Proteobacteria,Alphaproteobacteria,_,_,_,_,JQ684346.1.1466,Bacteria,OTU1791.Proteobacteria._
1777,OTU1792,273,1,273,1501,506,777,100,459,1.14e-127,97.07,Chloroflexi,Anaerolineae,Anaerolineales,Anaerolineaceae,_,_,KM823707.1.1501,Bacteria,OTU1792.Chloroflexi._
1778,OTU1793,273,1,273,1359,503,775,100,466,6.81e-130,97.436,Proteobacteria,Gammaproteobacteria,R7C24,_,_,_,JF198689.1.1359,Bacteria,OTU1793.Proteobacteria._
1779,OTU1794,274,1,274,1499,501,774,100,468,1.9e-130,97.445,Actinobacteriota,Acidimicrobiia,IMCC26256,metagenome,_,_,FPLS01054903.11.1509,Bacteria,OTU1794.Actinobacteriota._
1780,OTU1795,274,1,274,941,473,746,100,484,1.89e-135,98.54,Halobacterota,Halobacteria,Halobacterales,Haloadaptaceae,Haladaptatus,Haladaptatus|sp.|R4,LWHG01000011.1.941,Archaea,OTU1795.Halobacterota.Haladaptatus
1781,OTU1796,273,1,273,1450,511,783,100,488,1.45e-136,98.901,Firmicutes,Bacilli,Bacillales,Bacillaceae,Gracilibacillus,Gracilibacillus|sp.|BH082,DQ664539.1.1450,Bacteria,OTU1796.Firmicutes.Gracilibacillus
1782,OTU1797,273,1,273,1338,477,748,100,425,1.16e-117,94.872,Chloroflexi,N9D0,_,_,_,_,LN562852.1.1338,Bacteria,OTU1797.Chloroflexi._
1783,OTU1798,273,1,273,1375,456,728,100,422,1.5e-116,94.505,Chloroflexi,Dehalococcoidia,SAR202|clade,_,_,_,AB694431.1.1375,Bacteria,OTU1798.Chloroflexi._
1784,OTU1799,273,1,273,1372,508,780,100,505,1.44e-141,100,Actinobacteriota,Thermoleophilia,Gaiellales,_,_,_,EU132818.1.1372,Bacteria,OTU1799.Actinobacteriota._
1785,OTU1800,273,1,273,1289,470,742,100,455,1.47e-126,96.703,Chloroflexi,Anaerolineae,SBR1031,A4b,_,_,EU133971.1.1289,Bacteria,OTU1800.Chloroflexi._
1786,OTU1801,274,1,274,1347,489,762,100,451,1.91e-125,96.35,Actinobacteriota,Acidimicrobiia,Actinomarinales,_,_,_,JF168382.1.1347,Bacteria,OTU1801.Actinobacteriota._
1787,OTU1802,273,1,273,1479,526,798,100,494,3.12e-138,99.267,Myxococcota,Polyangia,Polyangiales,BIrii41,_,_,AJ318128.1.1479,Bacteria,OTU1802.Myxococcota._
1788,OTU1803,273,1,273,1357,502,774,100,472,1.46e-131,97.802,Proteobacteria,Gammaproteobacteria,Diplorickettsiales,Diplorickettsiaceae,Aquicella,_,GQ074238.1.1357,Bacteria,OTU1803.Proteobacteria.Aquicella
1789,OTU1804,273,2,273,1527,515,786,99,459,1.14e-127,97.059,Planctomycetota,Planctomycetes,Pirellulales,Pirellulaceae,Blastopirellula,_,JN977238.1.1527,Bacteria,OTU1804.Planctomycetota.Blastopirellula
1790,OTU1805,273,1,273,1321,466,738,100,472,1.46e-131,97.802,Planctomycetota,Phycisphaerae,Tepidisphaerales,WD2101|soil|group,_,_,EU135283.1.1321,Bacteria,OTU1805.Planctomycetota._
1791,OTU1806,273,1,273,1410,463,735,100,455,1.47e-126,96.703,Planctomycetota,Planctomycetes,Pirellulales,Pirellulaceae,_,uncultured|Planctomycetales|bacterium,JN825614.1.1410,Bacteria,OTU1806.Planctomycetota._
1792,OTU1808,273,1,273,1495,518,790,100,494,3.12e-138,99.267,Proteobacteria,Gammaproteobacteria,Burkholderiales,Nitrosomonadaceae,MND1,_,FJ479121.1.1495,Bacteria,OTU1808.Proteobacteria.MND1
1793,OTU1809,273,1,273,1502,523,795,100,488,1.45e-136,98.901,Proteobacteria,Gammaproteobacteria,Steroidobacterales,Steroidobacteraceae,_,_,GQ261292.1.1502,Bacteria,OTU1809.Proteobacteria._
1794,OTU1810,273,1,273,1483,488,760,100,494,3.12e-138,99.267,Planctomycetota,Planctomycetes,Pirellulales,Pirellulaceae,Pirellula,metagenome,FPLP01001651.30.1512,Bacteria,OTU1810.Planctomycetota.Pirellula
1795,OTU1811,273,1,273,1487,508,780,100,416,6.96e-115,94.161,Planctomycetota,Planctomycetes,Isosphaerales,Isosphaeraceae,_,_,JQ712937.1.1487,Bacteria,OTU1811.Planctomycetota._
1796,OTU1812,292,1,292,1304,485,776,100,490,4.35e-137,96.918,Gemmatimonadota,Gemmatimonadetes,Gemmatimonadales,Gemmatimonadaceae,_,_,EU134804.1.1304,Bacteria,OTU1812.Gemmatimonadota._
1797,OTU1813,273,1,273,1456,477,749,100,477,3.15e-133,98.168,Planctomycetota,Phycisphaerae,Phycisphaerales,Phycisphaeraceae,SM1A02,uncultured|planctomycete,KT122157.1.1456,Bacteria,OTU1813.Planctomycetota.SM1A02
1798,OTU1814,273,1,273,1438,480,752,100,394,3.26e-108,92.674,Planctomycetota,Planctomycetes,Pirellulales,Pirellulaceae,Pirellula,_,GQ472450.1.1438,Bacteria,OTU1814.Planctomycetota.Pirellula
1799,OTU1815,273,1,273,1367,491,763,100,488,1.45e-136,98.901,Bacteroidota,Bacteroidia,Chitinophagales,Chitinophagaceae,Terrimonas,_,JN592642.1.1367,Bacteria,OTU1815.Bacteroidota.Terrimonas
1800,OTU1816,274,1,274,1362,483,756,100,363,9.23e-99,90.511,Planctomycetota,Planctomycetes,Isosphaerales,Isosphaeraceae,_,_,FJ232688.1.1362,Bacteria,OTU1816.Planctomycetota._
1801,OTU1817,273,1,273,1363,455,727,100,488,1.45e-136,98.901,Planctomycetota,Planctomycetes,Gemmatales,Gemmataceae,_,_,FR667303.1.1363,Bacteria,OTU1817.Planctomycetota._
1802,OTU1818,273,1,273,1369,500,772,100,488,1.45e-136,98.901,Firmicutes,Clostridia,Clostridiales,Clostridiaceae,Clostridium|sensu|stricto|12,_,KY883356.1.1369,Bacteria,OTU1818.Firmicutes.Clostridium|sensu|stricto|12
1803,OTU1819,273,1,273,1302,464,736,100,449,6.86e-125,96.337,Planctomycetota,Planctomycetes,Planctomycetales,Rubinisphaeraceae,SH-PL14,_,EU135225.1.1302,Bacteria,OTU1819.Planctomycetota.SH-PL14
1804,OTU1820,273,1,273,1451,470,742,100,488,1.45e-136,98.901,Proteobacteria,Alphaproteobacteria,Sphingomonadales,Sphingomonadaceae,Sphingomonas,_,JQ801201.1.1451,Bacteria,OTU1820.Proteobacteria.Sphingomonas
1805,OTU1821,273,1,273,1415,406,678,100,416,6.96e-115,94.139,Chloroflexi,JG30-KF-CM66,_,_,_,_,HQ397158.1.1415,Bacteria,OTU1821.Chloroflexi._
1806,OTU1822,273,1,273,1368,490,762,100,394,3.26e-108,92.674,Planctomycetota,Planctomycetes,Gemmatales,Gemmataceae,_,_,JF108092.1.1368,Bacteria,OTU1822.Planctomycetota._
1807,OTU1823,273,1,273,900,436,708,100,488,1.45e-136,98.901,Crenarchaeota,Nitrososphaeria,Nitrososphaerales,Nitrososphaeraceae,Candidatus|Nitrososphaera,uncultured|archaeon,EF503695.1.900,Archaea,OTU1823.Crenarchaeota.Candidatus|Nitrososphaera
1808,OTU1824,273,1,273,1468,492,764,100,433,6.91e-120,95.238,Actinobacteriota,MB-A2-108,_,_,_,_,GQ263145.1.1468,Bacteria,OTU1824.Actinobacteriota._
1809,OTU1825,273,1,273,1486,495,767,100,388,1.52e-106,92.308,Chloroflexi,Anaerolineae,Ardenticatenales,Ardenticatenaceae,_,uncultured|endolithic|bacterium,AB473902.1.1486,Bacteria,OTU1825.Chloroflexi._
1810,OTU1826,273,1,273,1359,491,763,100,416,6.96e-115,94.139,Planctomycetota,Planctomycetes,Gemmatales,Gemmataceae,_,_,EU135300.1.1359,Bacteria,OTU1826.Planctomycetota._
1811,OTU1827,273,1,273,1352,496,768,100,483,6.76e-135,98.535,Actinobacteriota,Thermoleophilia,Solirubrobacterales,Solirubrobacteraceae,Parviterribacter,_,JF177233.1.1352,Bacteria,OTU1827.Actinobacteriota.Parviterribacter
1812,OTU1828,273,1,273,1320,464,736,100,466,6.81e-130,97.436,Chloroflexi,Anaerolineae,SBR1031,_,_,_,EU134154.1.1320,Bacteria,OTU1828.Chloroflexi._
1813,OTU1829,273,1,273,1324,478,750,100,488,1.45e-136,98.901,Chloroflexi,Anaerolineae,Caldilineales,Caldilineaceae,_,_,CU924649.1.1324,Bacteria,OTU1829.Chloroflexi._
1814,OTU1830,273,1,273,1406,435,707,100,449,6.86e-125,96.337,Chloroflexi,Anaerolineae,Caldilineales,Caldilineaceae,_,_,HQ120529.1.1406,Bacteria,OTU1830.Chloroflexi._
1815,OTU1831,273,1,273,1481,498,770,100,438,1.48e-121,95.62,Planctomycetota,Planctomycetes,Pirellulales,Pirellulaceae,Pirellula,uncultured|Pasteuria|sp,KC329598.1.1481,Bacteria,OTU1831.Planctomycetota.Pirellula
1816,OTU1832,273,1,273,1343,480,752,100,460,3.17e-128,97.07,Armatimonadota,_,_,_,_,_,JF116099.1.1343,Bacteria,OTU1832.Armatimonadota._
1817,OTU1833,273,1,273,1513,525,797,100,438,1.48e-121,95.604,Planctomycetota,OM190,_,_,_,_,KJ590543.1.1513,Bacteria,OTU1833.Planctomycetota._
1818,OTU1834,273,1,273,1463,492,764,100,429,8.93e-119,94.872,Planctomycetota,Planctomycetes,Gemmatales,Gemmataceae,_,_,GQ262993.1.1463,Bacteria,OTU1834.Planctomycetota._
1819,OTU1835,273,1,273,1369,489,761,100,405,1.51e-111,93.455,Planctomycetota,Phycisphaerae,Tepidisphaerales,WD2101|soil|group,_,_,FJ592729.1.1369,Bacteria,OTU1835.Planctomycetota._
1820,OTU1836,273,1,273,1309,451,723,100,494,3.12e-138,99.267,Proteobacteria,Alphaproteobacteria,Rhizobiales,Beijerinckiaceae,Microvirga,_,JF178095.1.1309,Bacteria,OTU1836.Proteobacteria.Microvirga
1821,OTU1837,274,1,274,1521,541,814,100,484,1.89e-135,98.54,Acidobacteriota,Vicinamibacteria,Subgroup|17,_,_,_,DQ453809.1.1521,Bacteria,OTU1837.Acidobacteriota._
1822,OTU1838,273,1,273,1520,540,812,100,466,6.81e-130,97.436,Myxococcota,Polyangia,Haliangiales,Haliangiaceae,Haliangium,_,HQ397519.1.1520,Bacteria,OTU1838.Myxococcota.Haliangium
1823,OTU1839,273,1,273,1362,484,756,100,472,1.46e-131,97.802,Planctomycetota,Planctomycetes,Gemmatales,Gemmataceae,_,_,JF176809.1.1362,Bacteria,OTU1839.Planctomycetota._
1824,OTU1840,274,1,274,1348,476,749,100,440,4.14e-122,95.62,Proteobacteria,Alphaproteobacteria,Tistrellales,Geminicoccaceae,_,_,LN572471.1.1348,Bacteria,OTU1840.Proteobacteria._
1825,OTU1841,312,95,312,1522,593,810,89,370,6.36e-101,97.248,Gemmatimonadota,S0134|terrestrial|group,uncultured|Gemmatimonadetes|bacterium,_,_,_,EU979091.1.1522,Bacteria,OTU1841.Gemmatimonadota._
1826,OTU1842,273,1,273,1498,526,798,100,411,3.24e-113,93.773,Chloroflexi,Ktedonobacteria,C0119,uncultured|soil|bacterium,_,_,AF507679.1.1498,Bacteria,OTU1842.Chloroflexi._
1827,OTU1843,273,1,273,1335,480,752,100,455,1.47e-126,96.703,Armatimonadota,_,_,_,_,_,EU135014.1.1335,Bacteria,OTU1843.Armatimonadota._
1828,OTU1844,274,1,274,1445,486,759,100,462,8.84e-129,97.08,Actinobacteriota,Acidimicrobiia,_,uncultured|actinobacterium,_,_,JF776897.1.1445,Bacteria,OTU1844.Actinobacteriota._
1829,OTU1845,273,1,273,1425,478,750,100,488,1.45e-136,98.901,Chloroflexi,Dehalococcoidia,S085,_,_,_,GQ263148.1.1425,Bacteria,OTU1845.Chloroflexi._
1830,OTU1846,273,1,273,1454,476,748,100,488,1.45e-136,98.901,Proteobacteria,Alphaproteobacteria,Azospirillales,Azospirillaceae,Desertibacter,uncultured|proteobacterium,EF682992.1.1454,Bacteria,OTU1846.Proteobacteria.Desertibacter
1831,OTU1847,275,1,275,1386,443,716,100,435,1.94e-120,95.273,Proteobacteria,Alphaproteobacteria,Tistrellales,Geminicoccaceae,_,uncultured|Alphaproteobacteria|bacterium,JN825373.1.1386,Bacteria,OTU1847.Proteobacteria._
1832,OTU1848,273,1,273,1526,542,814,100,477,3.15e-133,98.168,Planctomycetota,Pla4|lineage,uncultured|planctomycete,_,_,_,JN038763.1.1526,Bacteria,OTU1848.Planctomycetota._
1833,OTU1849,273,1,273,1373,489,761,100,383,7.05e-105,91.941,Planctomycetota,Planctomycetes,Gemmatales,Gemmataceae,_,_,EU135165.1.1373,Bacteria,OTU1849.Planctomycetota._
1834,OTU1850,273,1,273,1505,510,782,100,433,6.91e-120,95.238,Chloroflexi,Anaerolineae,SBR1031,_,_,_,KM823731.1.1505,Bacteria,OTU1850.Chloroflexi._
1835,OTU1851,273,1,273,1415,483,754,100,409,1.16e-112,93.773,Planctomycetota,Planctomycetes,Gemmatales,Gemmataceae,_,_,GU118256.1.1415,Bacteria,OTU1851.Planctomycetota._
1836,OTU1852,272,1,272,1499,625,896,100,492,1.12e-137,99.265,Firmicutes,Negativicutes,Veillonellales-Selenomonadales,Sporomusaceae,Anaerosinus,_,JN697971.1.1499,Bacteria,OTU1852.Firmicutes.Anaerosinus
1837,OTU1853,273,1,273,1521,537,809,100,427,3.21e-118,94.872,Acidobacteriota,Thermoanaerobaculia,Thermoanaerobaculales,Thermoanaerobaculaceae,Subgroup|10,_,EU881104.1.1521,Bacteria,OTU1853.Acidobacteriota.Subgroup|10
1838,OTU1854,273,1,273,1389,520,792,100,488,1.45e-136,98.901,Verrucomicrobiota,Verrucomicrobiae,Chthoniobacterales,Xiphinematobacteraceae,Candidatus|Xiphinematobacter,uncultured|Verrucomicrobia|bacterium,EF019121.1.1389,Bacteria,OTU1854.Verrucomicrobiota.Candidatus|Xiphinematobacter
1839,OTU1855,273,1,273,1239,273,545,100,488,1.45e-136,98.901,Deinococcota,Deinococci,Deinococcales,Trueperaceae,Truepera,uncultured|microorganism,JN387343.1.1239,Bacteria,OTU1855.Deinococcota.Truepera
1840,OTU1856,273,1,273,1500,525,797,100,494,3.12e-138,99.267,Bacteroidota,Rhodothermia,Balneolales,Balneolaceae,_,_,EU735679.1.1500,Bacteria,OTU1856.Bacteroidota._
1841,OTU1857,274,1,274,1466,502,775,100,490,4.06e-137,98.905,Chloroflexi,Anaerolineae,SBR1031,_,_,_,EU735641.1.1466,Bacteria,OTU1857.Chloroflexi._
1842,OTU1858,273,1,273,1459,449,721,100,466,6.81e-130,97.436,Cyanobacteria,Cyanobacteriia,Cyanobacteriales,Nostocaceae,Nostoc|PCC-7107,Nostoc|sp.|TH1S01,AM711547.1.1459,Bacteria,OTU1858.Cyanobacteria.Nostoc|PCC-7107
1843,OTU1859,273,1,273,1378,506,778,100,455,1.47e-126,96.703,Gemmatimonadota,Gemmatimonadetes,Gemmatimonadales,Gemmatimonadaceae,_,uncultured|Gemmatimonadetes|bacterium,AY921939.1.1378,Bacteria,OTU1859.Gemmatimonadota._
1844,OTU1860,273,1,273,1379,522,794,100,477,3.15e-133,98.168,Desulfobacterota,_,uncultured|delta|proteobacterium,_,_,_,AM935979.1.1379,Bacteria,OTU1860.Desulfobacterota._
1845,OTU1861,273,1,273,1453,439,711,100,433,6.91e-120,95.238,Bdellovibrionota,Bdellovibrionia,Bdellovibrionales,Bdellovibrionaceae,OM27|clade,_,JQ427023.1.1453,Bacteria,OTU1861.Bdellovibrionota.OM27|clade
1846,OTU1862,273,1,273,1424,469,741,100,472,1.46e-131,97.802,Myxococcota,Polyangia,Nannocystales,Nannocystaceae,Enhygromyxa,Enhygromyxa|salina,HM769727.1.1424,Bacteria,OTU1862.Myxococcota.Enhygromyxa
1847,OTU1863,273,1,273,1486,506,778,100,411,3.24e-113,93.773,Planctomycetota,Planctomycetes,Planctomycetales,_,_,_,KF771579.1.1486,Bacteria,OTU1863.Planctomycetota._
1848,OTU1864,273,1,273,1445,479,751,100,416,6.96e-115,94.139,Gemmatimonadota,AKAU4049,_,_,_,_,DQ125826.1.1445,Bacteria,OTU1864.Gemmatimonadota._
1849,OTU1865,274,1,274,919,471,744,100,490,4.06e-137,98.905,Halobacterota,Halobacteria,Halobacterales,Haloadaptaceae,Haladaptatus,uncultured|archaeon,KX061114.1.919,Archaea,OTU1865.Halobacterota.Haladaptatus
1850,OTU1866,273,1,273,1469,511,783,100,455,1.47e-126,96.703,Actinobacteriota,Thermoleophilia,Solirubrobacterales,67-14,_,_,KY190596.1.1469,Bacteria,OTU1866.Actinobacteriota._
1851,OTU1867,273,1,273,1498,505,777,100,460,3.17e-128,97.07,Planctomycetota,Planctomycetes,Planctomycetales,_,_,_,HQ910245.1.1498,Bacteria,OTU1867.Planctomycetota._
1852,OTU1868,273,1,273,1498,507,781,100,451,1.91e-125,96.377,Planctomycetota,Planctomycetes,_,uncultured|Planctomycetales|bacterium,_,_,JN860418.1.1498,Bacteria,OTU1868.Planctomycetota._
1853,OTU1869,274,1,274,1505,506,779,100,435,1.93e-120,95.255,Actinobacteriota,Acidimicrobiia,Microtrichales,metagenome,_,_,FPLS01056051.11.1515,Bacteria,OTU1869.Actinobacteriota._
1854,OTU1870,273,1,273,1485,516,788,100,488,1.45e-136,98.901,Chloroflexi,Anaerolineae,Caldilineales,Caldilineaceae,_,uncultured|Chloroflexi|bacterium,JN038247.1.1485,Bacteria,OTU1870.Chloroflexi._
1855,OTU1871,273,1,273,1507,530,802,100,488,1.45e-136,98.901,Actinobacteriota,Thermoleophilia,Solirubrobacterales,67-14,_,_,KC331509.1.1507,Bacteria,OTU1871.Actinobacteriota._
1856,OTU1872,273,1,273,1486,513,785,100,399,7.01e-110,93.066,Chloroflexi,Anaerolineae,Caldilineales,Caldilineaceae,_,uncultured|Chloroflexi|bacterium,JX240801.1.1486,Bacteria,OTU1872.Chloroflexi._
1857,OTU1873,273,1,273,1508,499,771,100,460,3.17e-128,97.08,Acidobacteriota,Vicinamibacteria,Vicinamibacterales,_,uncultured|Acidobacteriaceae|bacterium,_,HM438126.1.1508,Bacteria,OTU1873.Acidobacteriota.uncultured|Acidobacteriaceae|bacterium
1858,OTU1874,273,1,273,1404,460,732,100,494,3.12e-138,99.267,Actinobacteriota,Actinobacteria,Frankiales,Geodermatophilaceae,Blastococcus,Blastococcus|jejuensis,DQ200983.1.1404,Bacteria,OTU1874.Actinobacteriota.Blastococcus
1859,OTU1875,273,1,273,1484,520,792,100,494,3.12e-138,99.267,Bacteroidota,Bacteroidia,Cytophagales,Hymenobacteraceae,Adhaeribacter,_,JX133487.1.1484,Bacteria,OTU1875.Bacteroidota.Adhaeribacter
1860,OTU1876,273,1,273,1513,510,782,100,383,7.05e-105,91.941,Planctomycetota,Planctomycetes,Gemmatales,Gemmataceae,_,uncultured|planctomycete,KM200491.1.1513,Bacteria,OTU1876.Planctomycetota._
1861,OTU1877,273,1,273,1525,511,783,100,438,1.48e-121,95.604,Actinobacteriota,Actinobacteria,0319-7L14,_,_,_,KC554231.1.1525,Bacteria,OTU1877.Actinobacteriota._
1862,OTU1878,274,1,274,1468,521,793,100,466,6.84e-130,97.445,Proteobacteria,Gammaproteobacteria,Burkholderiales,SC-I-84,metagenome,_,FPLS01016998.12.1479,Bacteria,OTU1878.Proteobacteria.metagenome
1863,OTU1879,273,1,273,1334,483,755,100,488,1.45e-136,98.901,Bacteroidota,Kapabacteria,Kapabacteriales,_,_,_,HM256600.1.1334,Bacteria,OTU1879.Bacteroidota._
1864,OTU1880,273,1,273,1360,482,754,100,388,1.52e-106,92.308,Planctomycetota,Planctomycetes,Gemmatales,Gemmataceae,Gemmata,_,HM270418.1.1360,Bacteria,OTU1880.Planctomycetota.Gemmata
1865,OTU1881,273,1,273,1333,460,734,100,374,4.25e-102,91.304,Thermoplasmatota,Thermoplasmata,Marine|Group|II,uncultured|archaeon,_,_,HM187523.1.1333,Archaea,OTU1881.Thermoplasmatota._
1866,OTU1882,274,1,274,1488,505,778,100,479,8.78e-134,98.175,Actinobacteriota,Acidimicrobiia,Microtrichales,_,_,_,GQ500882.1.1488,Bacteria,OTU1882.Actinobacteriota._
1867,OTU1883,273,1,273,1488,512,784,100,488,1.45e-136,98.901,Acidobacteriota,Subgroup|5,uncultured|deep-sea|bacterium,_,_,_,AM997612.1.1488,Bacteria,OTU1883.Acidobacteriota._
1868,OTU1884,273,1,273,1424,464,736,100,472,1.46e-131,97.802,Planctomycetota,Phycisphaerae,Phycisphaerales,Phycisphaeraceae,AKYG587,_,JX080248.1.1424,Bacteria,OTU1884.Planctomycetota.AKYG587
1869,OTU1885,274,1,274,1342,478,751,100,468,1.9e-130,97.445,Planctomycetota,Planctomycetes,Isosphaerales,Isosphaeraceae,Tundrisphaera,_,JF121474.1.1342,Bacteria,OTU1885.Planctomycetota.Tundrisphaera
1870,OTU1886,273,1,273,1337,445,717,100,466,6.81e-130,97.436,Proteobacteria,Alphaproteobacteria,Kiloniellales,Kiloniellaceae,_,_,LC004293.1.1337,Bacteria,OTU1886.Proteobacteria._
1871,OTU1887,273,1,273,1431,508,780,100,477,3.15e-133,98.168,Bacteroidota,Bacteroidia,Cytophagales,Cyclobacteriaceae,Echinicola,Echinicola|sediminis,KX774280.1.1431,Bacteria,OTU1887.Bacteroidota.Echinicola
1872,OTU1888,273,1,273,1397,470,742,100,455,1.47e-126,96.703,Proteobacteria,Gammaproteobacteria,Burkholderiales,Comamonadaceae,_,_,HG380594.1.1397,Bacteria,OTU1888.Proteobacteria._
1873,OTU1889,273,1,273,1430,487,759,100,405,1.51e-111,93.407,Bacteroidota,Rhodothermia,Rhodothermales,Rhodothermaceae,_,uncultured|organism,JN513276.1.1430,Bacteria,OTU1889.Bacteroidota._
1874,OTU1890,274,1,274,1488,497,770,100,490,4.06e-137,98.905,Armatimonadota,Fimbriimonadia,Fimbriimonadales,Fimbriimonadaceae,_,_,HQ190460.1.1488,Bacteria,OTU1890.Armatimonadota._
1875,OTU1891,273,1,273,1453,508,780,100,433,6.91e-120,95.238,Proteobacteria,Gammaproteobacteria,Gammaproteobacteria|Incertae|Sedis,Unknown|Family,_,uncultured|organism,JN536952.1.1453,Bacteria,OTU1891.Proteobacteria._
1876,OTU1892,273,1,273,1380,460,732,100,488,1.45e-136,98.901,Actinobacteriota,Actinobacteria,Micrococcales,Intrasporangiaceae,Aquipuribacter,Jannaschia|sp.|psc3,EU930868.1.1380,Bacteria,OTU1892.Actinobacteriota.Aquipuribacter
1877,OTU1893,273,1,273,1526,544,817,100,477,3.15e-133,98.175,Gemmatimonadota,BD2-11|terrestrial|group,_,_,_,_,JN038216.1.1526,Bacteria,OTU1893.Gemmatimonadota._
1878,OTU1894,273,1,270,1314,457,726,99,477,3.15e-133,98.519,Planctomycetota,Phycisphaerae,Tepidisphaerales,uncultured|Planctomycetales|bacterium,_,_,AM936264.1.1314,Bacteria,OTU1894.Planctomycetota._
1879,OTU1895,273,1,273,1457,483,755,100,422,1.5e-116,94.505,Chloroflexi,Chloroflexia,Chloroflexales,Chloroflexaceae,_,_,JX521533.1.1457,Bacteria,OTU1895.Chloroflexi._
1880,OTU1896,274,1,274,1492,512,785,100,385,1.97e-105,91.971,Planctomycetota,Planctomycetes,Isosphaerales,Isosphaeraceae,_,uncultured|Isosphaera|sp,EU223954.1.1492,Bacteria,OTU1896.Planctomycetota._
1881,OTU1897,273,1,273,1360,494,768,100,407,4.19e-112,93.502,Planctomycetota,Planctomycetes,Gemmatales,Gemmataceae,_,_,EU135253.1.1360,Bacteria,OTU1897.Planctomycetota._
1882,OTU1898,273,1,273,1463,492,764,100,407,4.19e-112,93.407,Planctomycetota,Planctomycetes,Gemmatales,Gemmataceae,_,_,GQ262993.1.1463,Bacteria,OTU1898.Planctomycetota._
1883,OTU1899,273,1,273,1347,484,756,100,433,6.91e-120,95.238,Planctomycetota,Planctomycetes,Pirellulales,Pirellulaceae,_,_,JF176823.1.1347,Bacteria,OTU1899.Planctomycetota._
1884,OTU1900,273,1,273,1495,499,771,100,427,3.21e-118,94.872,Armatimonadota,_,_,_,_,_,HQ397580.1.1495,Bacteria,OTU1900.Armatimonadota._
1885,OTU1901,273,1,273,1531,542,814,100,499,6.71e-140,99.634,Verrucomicrobiota,Verrucomicrobiae,Pedosphaerales,Pedosphaeraceae,_,_,FJ478883.1.1531,Bacteria,OTU1901.Verrucomicrobiota._
1886,OTU1902,273,1,273,1526,536,808,100,499,6.71e-140,99.634,Verrucomicrobiota,Verrucomicrobiae,Chthoniobacterales,Chthoniobacteraceae,Candidatus|Udaeobacter,_,GQ396893.1.1526,Bacteria,OTU1902.Verrucomicrobiota.Candidatus|Udaeobacter
1887,OTU1903,273,1,273,1394,460,732,100,438,1.48e-121,95.636,Chloroflexi,TK10,uncultured|Chloroflexi|bacterium,_,_,_,AY395384.1.1394,Bacteria,OTU1903.Chloroflexi._
1888,OTU1904,292,1,292,1472,485,776,100,523,4.29e-147,98.973,Gemmatimonadota,Gemmatimonadetes,Gemmatimonadales,Gemmatimonadaceae,_,uncultured|Gemmatimonadetes|bacterium,JN409257.1.1472,Bacteria,OTU1904.Gemmatimonadota._
1889,OTU1905,275,1,275,1514,533,807,100,481,2.45e-134,98.182,Gemmatimonadota,Longimicrobia,Longimicrobiales,Longimicrobiaceae,_,_,AB637086.1.1514,Bacteria,OTU1905.Gemmatimonadota._
1890,OTU1906,273,1,273,1426,504,776,100,422,1.5e-116,94.505,Planctomycetota,Pla3|lineage,uncultured|planctomycete,_,_,_,KC009961.1.1426,Bacteria,OTU1906.Planctomycetota._
1891,OTU1907,274,1,274,1487,496,769,100,424,4.17e-117,94.526,Planctomycetota,Planctomycetes,_,_,_,_,EU881193.1.1487,Bacteria,OTU1907.Planctomycetota._
1892,OTU1908,273,1,273,1500,511,783,100,433,6.91e-120,95.238,Planctomycetota,Planctomycetes,Gemmatales,Gemmataceae,_,uncultured|planctomycete,KM200524.1.1500,Bacteria,OTU1908.Planctomycetota._
1893,OTU1909,273,1,273,1498,523,795,100,488,1.45e-136,98.901,Proteobacteria,Gammaproteobacteria,Burkholderiales,Comamonadaceae,Caenimonas,_,JQ978605.1.1498,Bacteria,OTU1909.Proteobacteria.Caenimonas
1894,OTU1910,273,1,273,1453,503,775,100,494,3.12e-138,99.267,Myxococcota,Polyangia,Polyangiales,Polyangiaceae,Polyangium,Polyangium|sp,MF706251.1.1453,Bacteria,OTU1910.Myxococcota.Polyangium
1895,OTU1911,273,1,273,1368,504,776,100,488,1.45e-136,98.901,Myxococcota,Polyangia,Haliangiales,Haliangiaceae,Haliangium,_,EU134425.1.1368,Bacteria,OTU1911.Myxococcota.Haliangium
1896,OTU1912,273,2,273,1326,484,755,99,315,2.61e-84,87.5,Chloroflexi,SHA-26,_,_,_,_,CU921924.1.1326,Bacteria,OTU1912.Chloroflexi._
1897,OTU1913,273,1,273,1463,485,757,100,499,6.71e-140,99.634,Planctomycetota,Planctomycetes,Gemmatales,Gemmataceae,Gemmata,_,HQ592603.1.1463,Bacteria,OTU1913.Planctomycetota.Gemmata
1898,OTU1914,273,1,273,1282,434,706,100,344,3.33e-93,89.455,Chloroflexi,Anaerolineae,SBR1031,uncultured|Gemmatimonadetes|bacterium,_,_,JN002780.1.1282,Bacteria,OTU1914.Chloroflexi._
1899,OTU1915,273,1,273,1426,547,819,100,472,1.46e-131,97.802,Actinobacteriota,MB-A2-108,_,_,_,_,EU132808.1.1426,Bacteria,OTU1915.Actinobacteriota._
1900,OTU1916,273,1,273,1547,536,808,100,494,3.12e-138,99.267,Proteobacteria,Gammaproteobacteria,Xanthomonadales,Xanthomonadaceae,Pseudoxanthomonas,Pseudoxanthomonas|suwonensis,CP011144.2103349.2104895,Bacteria,OTU1916.Proteobacteria.Pseudoxanthomonas
1901,OTU1917,273,1,273,1369,498,770,100,494,3.12e-138,99.267,Planctomycetota,Planctomycetes,Pirellulales,Pirellulaceae,_,_,EU135089.1.1369,Bacteria,OTU1917.Planctomycetota._
1902,OTU1918,273,2,273,1504,505,776,99,265,2.67e-69,84.307,Chloroflexi,Chloroflexia,Thermomicrobiales,AKYG1722,_,_,JX534194.1.1504,Bacteria,OTU1918.Chloroflexi._
1903,OTU1919,273,1,273,1464,502,775,100,488,1.45e-136,98.905,Firmicutes,Symbiobacteriia,Symbiobacteriales,Symbiobacteraceae,_,uncultured|soil|bacterium,AY493974.1.1464,Bacteria,OTU1919.Firmicutes._
1904,OTU1920,273,1,273,1484,502,774,100,499,6.71e-140,99.634,Acidobacteriota,Vicinamibacteria,Subgroup|17,_,_,_,KR560031.1.1484,Bacteria,OTU1920.Acidobacteriota._
1905,OTU1921,274,1,274,1475,496,769,100,468,1.9e-130,97.445,Actinobacteriota,Acidimicrobiia,Microtrichales,Microtrichaceae,_,uncultured|actinobacterium,JN825528.1.1475,Bacteria,OTU1921.Actinobacteriota._
1906,OTU1922,273,1,273,1437,473,745,100,494,3.12e-138,99.267,Planctomycetota,Planctomycetes,Pirellulales,Pirellulaceae,_,_,HE646350.1.1437,Bacteria,OTU1922.Planctomycetota._
1907,OTU1923,273,1,273,1359,491,763,100,405,1.51e-111,93.407,Planctomycetota,Planctomycetes,Gemmatales,Gemmataceae,_,_,EU135300.1.1359,Bacteria,OTU1923.Planctomycetota._
1908,OTU1924,273,1,273,1426,471,743,100,488,1.45e-136,98.901,Planctomycetota,Phycisphaerae,Tepidisphaerales,WD2101|soil|group,uncultured|planctomycete,_,KJ540865.1.1426,Bacteria,OTU1924.Planctomycetota.uncultured|planctomycete
1909,OTU1925,273,1,273,1504,506,778,100,411,3.24e-113,93.818,Gemmatimonadota,Gemmatimonadetes,Gemmatimonadales,Gemmatimonadaceae,_,_,GQ396950.1.1504,Bacteria,OTU1925.Gemmatimonadota._
1910,OTU1926,273,1,273,913,465,737,100,488,1.45e-136,98.901,Thermoplasmatota,Thermoplasmata,Marine|Group|II,uncultured|archaeon,_,_,KC604474.1.913,Archaea,OTU1926.Thermoplasmatota._
1911,OTU1927,273,1,273,1377,436,709,100,449,6.86e-125,96.35,Proteobacteria,Alphaproteobacteria,Kiloniellales,Kiloniellaceae,Pelagibius,_,KF268910.1.1377,Bacteria,OTU1927.Proteobacteria.Pelagibius
1912,OTU1928,274,1,274,1471,505,778,100,496,8.72e-139,99.27,Chloroflexi,Anaerolineae,SBR1031,uncultured|Chloroflexi|bacterium,_,_,HQ183891.1.1471,Bacteria,OTU1928.Chloroflexi._
1913,OTU1929,273,1,273,1498,523,795,100,505,1.44e-141,100,Proteobacteria,Gammaproteobacteria,Burkholderiales,TRA3-20,_,_,KC331455.1.1498,Bacteria,OTU1929.Proteobacteria._
1914,OTU1930,273,1,273,1320,466,738,100,488,1.45e-136,98.901,Chloroflexi,Ktedonobacteria,Ktedonobacterales,Ktedonobacteraceae,_,_,LN573883.1.1320,Bacteria,OTU1930.Chloroflexi._
1915,OTU1931,274,1,274,1521,538,811,100,468,1.9e-130,97.445,Gemmatimonadota,PAUC43f|marine|benthic|group,_,_,_,_,KJ817776.1.1521,Bacteria,OTU1931.Gemmatimonadota._
1916,OTU1932,274,1,274,914,466,739,100,490,4.06e-137,98.905,Halobacterota,Halobacteria,Halobacterales,Halomicrobiaceae,Natronomonas,uncultured|archaeon,HQ400553.1.914,Archaea,OTU1932.Halobacterota.Natronomonas
1917,OTU1933,273,1,273,1446,471,743,100,488,1.45e-136,98.901,Proteobacteria,Alphaproteobacteria,Rhizobiales,Hyphomicrobiaceae,Hyphomicrobium,uncultured|Hyphomicrobiaceae|bacterium,HQ183835.1.1446,Bacteria,OTU1933.Proteobacteria.Hyphomicrobium
1918,OTU1934,273,1,273,1479,501,773,100,472,1.46e-131,97.802,Planctomycetota,Phycisphaerae,Tepidisphaerales,WD2101|soil|group,uncultured|planctomycete,_,EU979098.1.1479,Bacteria,OTU1934.Planctomycetota.uncultured|planctomycete
1919,OTU1935,273,1,273,1415,468,740,100,483,6.76e-135,98.535,Proteobacteria,Alphaproteobacteria,Sphingomonadales,Sphingomonadaceae,Rhizorhapis,Rhizorhapis|suberifaciens|(corky|root|of|lettuce),D13737.1.1415,Bacteria,OTU1935.Proteobacteria.Rhizorhapis
1920,OTU1936,273,1,273,1378,516,788,100,416,6.96e-115,94.139,Chloroflexi,Anaerolineae,Caldilineales,Caldilineaceae,_,_,JN018969.1.1378,Bacteria,OTU1936.Chloroflexi._
1921,OTU1937,273,2,273,1524,527,798,99,448,2.47e-124,96.324,Firmicutes,Desulfotomaculia,Desulfotomaculales,Desulfotomaculaceae,Desulfotomaculum,Desulfotomaculum|nigrificans,AY742958.1.1524,Bacteria,OTU1937.Firmicutes.Desulfotomaculum
1922,OTU1938,273,1,273,1525,544,816,100,477,3.15e-133,98.168,Desulfobacterota,Desulfobacteria,Desulfobacterales,Desulfosarcinaceae,Desulfatitalea,_,KP728222.1.1525,Bacteria,OTU1938.Desulfobacterota.Desulfatitalea
1923,OTU1939,273,1,273,1374,459,731,100,488,1.45e-136,98.901,Bdellovibrionota,Oligoflexia,Oligoflexales,Oligoflexaceae,Oligoflexus,_,AB486128.1.1374,Bacteria,OTU1939.Bdellovibrionota.Oligoflexus
1924,OTU1940,273,2,273,1421,470,741,99,409,1.16e-112,93.75,Planctomycetota,Phycisphaerae,Tepidisphaerales,WD2101|soil|group,_,_,AB630891.1.1421,Bacteria,OTU1940.Planctomycetota._
1925,OTU1941,273,1,273,1256,505,777,100,444,3.19e-123,95.985,Armatimonadota,_,_,_,_,_,EU135008.1.1256,Bacteria,OTU1941.Armatimonadota._
1926,OTU1942,273,1,273,1396,466,738,100,350,7.16e-95,89.781,Chloroflexi,Anaerolineae,Ardenticatenales,_,uncultured|organism,_,JN513063.1.1396,Bacteria,OTU1942.Chloroflexi.uncultured|organism
1927,OTU1943,273,1,273,1368,363,635,100,494,3.12e-138,99.267,Verrucomicrobiota,Verrucomicrobiae,Chthoniobacterales,Chthoniobacteraceae,Candidatus|Udaeobacter,metagenome,FPLS01018047.1.1368,Bacteria,OTU1943.Verrucomicrobiota.Candidatus|Udaeobacter
1928,OTU1944,273,1,273,1449,498,770,100,483,6.76e-135,98.535,Proteobacteria,Gammaproteobacteria,Xanthomonadales,Rhodanobacteraceae,_,_,JN367240.1.1449,Bacteria,OTU1944.Proteobacteria._
1929,OTU1945,273,1,273,1451,486,758,100,488,1.45e-136,98.901,Planctomycetota,Planctomycetes,Planctomycetales,Gimesiaceae,_,_,GQ202636.1.1451,Bacteria,OTU1945.Planctomycetota._
1930,OTU1946,273,1,273,1302,451,723,100,472,1.46e-131,97.802,Chloroflexi,Anaerolineae,SBR1031,A4b,_,_,EU134033.1.1302,Bacteria,OTU1946.Chloroflexi._
1931,OTU1947,273,1,273,1478,468,740,100,494,3.12e-138,99.267,Proteobacteria,Alphaproteobacteria,Ferrovibrionales,Ferrovibrionaceae,Ferrovibrio,_,AY328772.1.1478,Bacteria,OTU1947.Proteobacteria.Ferrovibrio
1932,OTU1948,275,1,275,1378,501,776,100,481,2.45e-134,98.188,Gemmatimonadota,Longimicrobia,Longimicrobiales,Longimicrobiaceae,_,_,LN562302.1.1378,Bacteria,OTU1948.Gemmatimonadota._
1933,OTU1949,273,6,264,1512,503,761,95,457,4.1e-127,98.456,Actinobacteriota,Actinobacteria,Pseudonocardiales,Pseudonocardiaceae,Pseudonocardia,_,KC554396.1.1512,Bacteria,OTU1949.Actinobacteriota.Pseudonocardia
1934,OTU1950,273,1,273,1507,498,770,100,488,1.45e-136,98.901,Acidobacteriota,Vicinamibacteria,Subgroup|17,uncultured|Acidobacteriales|bacterium,_,_,EU193005.1.1507,Bacteria,OTU1950.Acidobacteriota._
1935,OTU1951,273,1,273,1333,460,734,100,407,4.19e-112,93.478,Thermoplasmatota,Thermoplasmata,Marine|Group|II,uncultured|archaeon,_,_,HM187523.1.1333,Archaea,OTU1951.Thermoplasmatota._
1936,OTU1952,273,1,273,1417,461,733,100,499,6.71e-140,99.634,WS2,uncultured|soil|bacterium,_,_,_,_,AY493961.1.1417,Bacteria,OTU1952.WS2._
1937,OTU1953,273,1,273,1514,520,792,100,472,1.46e-131,97.802,Myxococcota,Polyangia,Nannocystales,Nannocystaceae,metagenome,_,FPLS01006895.21.1534,Bacteria,OTU1953.Myxococcota.metagenome
1938,OTU1954,273,1,273,1357,422,694,100,444,3.19e-123,95.971,Proteobacteria,Alphaproteobacteria,Sphingomonadales,Sphingomonadaceae,Sphingosinicella,Sphingosinicella|vermicomposti,MK045805.1.1357,Bacteria,OTU1954.Proteobacteria.Sphingosinicella
1939,OTU1955,273,1,273,1518,500,773,100,377,3.28e-103,91.636,Armatimonadota,_,_,_,_,_,JN178799.1.1518,Bacteria,OTU1955.Armatimonadota._
1940,OTU1956,273,2,273,1450,489,760,99,425,1.16e-117,94.853,Planctomycetota,Planctomycetes,Pirellulales,Pirellulaceae,_,_,GU118067.1.1450,Bacteria,OTU1956.Planctomycetota._
1941,OTU1957,273,1,273,1468,500,772,100,494,3.12e-138,99.267,Chloroflexi,Anaerolineae,Ardenticatenales,_,_,_,HQ697735.1.1468,Bacteria,OTU1957.Chloroflexi._
1942,OTU1958,274,1,274,1493,508,781,100,490,4.06e-137,98.905,Actinobacteriota,Acidimicrobiia,Actinomarinales,_,_,_,JQ800829.1.1493,Bacteria,OTU1958.Actinobacteriota._
1943,OTU1959,273,1,273,1516,521,793,100,477,3.15e-133,98.168,Proteobacteria,Gammaproteobacteria,Burkholderiales,Rhodocyclaceae,_,Thauera|hydrothermalis,CP029331.2640145.2641660,Bacteria,OTU1959.Proteobacteria._
1944,OTU1960,274,1,274,1519,505,778,100,429,8.97e-119,94.891,Actinobacteriota,Acidimicrobiia,_,_,_,_,KF927709.1.1519,Bacteria,OTU1960.Actinobacteriota._
1945,OTU1961,273,1,273,1504,504,776,100,494,3.12e-138,99.267,Planctomycetota,Planctomycetes,Pirellulales,Pirellulaceae,Pirellula,metagenome,FPLS01021948.16.1519,Bacteria,OTU1961.Planctomycetota.Pirellula
1946,OTU1962,273,1,273,1466,488,760,100,494,3.12e-138,99.267,Cyanobacteria,Sericytochromatia,_,_,_,_,JF417809.1.1466,Bacteria,OTU1962.Cyanobacteria._
1947,OTU1963,274,1,274,1491,509,781,100,449,6.89e-125,96.35,Planctomycetota,Planctomycetes,Isosphaerales,Isosphaeraceae,_,_,EF492942.1.1491,Bacteria,OTU1963.Planctomycetota._
1948,OTU1964,273,1,273,1360,454,726,100,455,1.47e-126,96.703,Planctomycetota,BD7-11,_,_,_,_,AB487699.1.1360,Bacteria,OTU1964.Planctomycetota._
1949,OTU1965,273,1,273,1423,472,744,100,399,7.01e-110,93.04,Proteobacteria,Alphaproteobacteria,_,uncultured|Alphaproteobacteria|bacterium,_,_,JN178889.1.1423,Bacteria,OTU1965.Proteobacteria._
1950,OTU1966,273,1,273,1511,521,793,100,488,1.45e-136,98.901,Myxococcota,Myxococcia,Myxococcales,Myxococcaceae,_,metagenome,FPLS01061730.7.1517,Bacteria,OTU1966.Myxococcota._
1951,OTU1967,274,1,274,1505,522,795,100,457,4.12e-127,96.727,Gemmatimonadota,Longimicrobia,Longimicrobiales,Longimicrobiaceae,YC-ZSS-LKJ147,_,JQ798462.1.1505,Bacteria,OTU1967.Gemmatimonadota.YC-ZSS-LKJ147
1952,OTU1968,273,1,273,1425,468,740,100,438,1.48e-121,95.604,Planctomycetota,Phycisphaerae,Tepidisphaerales,WD2101|soil|group,_,_,EF516309.1.1425,Bacteria,OTU1968.Planctomycetota._
1953,OTU1969,106,1,106,1477,530,635,100,158,1.51e-37,93.396,Bacteroidota,Rhodothermia,Rhodothermales,Rhodothermaceae,_,uncultured|Bacteroidales|bacterium,KC009953.1.1477,Bacteria,OTU1969.Bacteroidota._
1954,OTU1970,273,1,273,1373,500,772,100,466,6.81e-130,97.436,Planctomycetota,OM190,_,_,_,_,EU135143.1.1373,Bacteria,OTU1970.Planctomycetota._
1955,OTU1971,273,1,273,1483,503,775,100,449,6.86e-125,96.337,Planctomycetota,Planctomycetes,Pirellulales,Pirellulaceae,Pirellula,_,KC331499.1.1483,Bacteria,OTU1971.Planctomycetota.Pirellula
1956,OTU1972,273,1,273,1511,525,798,100,433,6.91e-120,95.255,Planctomycetota,Planctomycetes,Planctomycetales,_,uncultured|Planctomyces|sp,_,HQ397415.1.1511,Bacteria,OTU1972.Planctomycetota.uncultured|Planctomyces|sp
1957,OTU1973,273,1,273,1229,381,653,100,488,1.45e-136,98.901,Proteobacteria,Alphaproteobacteria,Rhizobiales,Hyphomicrobiaceae,Pedomicrobium,_,DQ137966.1.1229,Bacteria,OTU1973.Proteobacteria.Pedomicrobium
1958,OTU1974,291,1,291,1489,501,791,100,510,3.33e-143,98.282,Gemmatimonadota,Gemmatimonadetes,Gemmatimonadales,Gemmatimonadaceae,_,uncultured|Gemmatimonadetes|bacterium,EF612385.1.1489,Bacteria,OTU1974.Gemmatimonadota._
1959,OTU1975,273,1,273,1378,529,802,100,455,1.47e-126,96.715,Proteobacteria,Gammaproteobacteria,Legionellales,Legionellaceae,_,unidentified|marine|bacterioplankton,KC000827.1.1378,Bacteria,OTU1975.Proteobacteria._
1960,OTU1976,274,1,274,955,102,375,100,457,4.12e-127,96.715,Nanoarchaeota,Nanoarchaeia,Woesearchaeales,uncultured|euryarchaeote,_,_,KJ566458.1.955,Archaea,OTU1976.Nanoarchaeota._
1961,OTU1977,273,1,273,1489,500,772,100,483,6.76e-135,98.535,Armatimonadota,_,_,_,_,_,KF494550.1.1489,Bacteria,OTU1977.Armatimonadota._
1962,OTU1978,273,1,273,1336,518,790,100,488,1.45e-136,98.901,Bdellovibrionota,Bdellovibrionia,Bdellovibrionales,Bdellovibrionaceae,OM27|clade,_,EU134497.1.1336,Bacteria,OTU1978.Bdellovibrionota.OM27|clade
1963,OTU1979,273,1,273,1346,468,740,100,477,3.15e-133,98.168,Acidobacteriota,Acidobacteriae,Solibacterales,Solibacteraceae,Candidatus|Solibacter,_,CU926691.1.1346,Bacteria,OTU1979.Acidobacteriota.Candidatus|Solibacter
