"","CKU1","CKU3","CKU4","CKU5","CKU2","CLU1","CLU2","CLU3","CLU4","CLU5","JPU1","JPU2","JPU3","JPU4","JPU5","MHU1","MHU2","MHU3","MHU4","MHU5","YMU1","YMU2","YMU3","YMU4","YMU5"
"OTU1.Crenarchaeota.uncultured|archaeon",29,22,23,12,17,9,24,26,32,19,27,42,22,9,24,29,40,37,57,41,22,16,29,24,18
"OTU2.Crenarchaeota.uncultured|archaeon",22,21,9,6,21,1,7,20,10,4,9,17,14,1,12,2,4,7,7,3,18,15,23,22,14
"OTU3.Actinobacteriota.Pseudarthrobacter",2,7,5,3,4,3,3,9,7,13,16,20,1,8,11,9,12,9,6,8,13,19,14,15,22
"OTU4.Chloroflexi._",6,6,11,3,2,6,3,6,5,9,6,10,6,0,9,18,15,10,12,15,11,17,9,10,6
"OTU5.Proteobacteria.Acinetobacter",131,215,171,319,75,225,256,25,116,198,204,60,150,96,181,2,1,8,0,1,4,0,1,3,1
"OTU6.Cyanobacteria.Synechococcus|IR11",0,2,6,26,0,0,0,1,2,2,0,1,0,0,1,0,0,0,0,0,0,0,0,0,0
"OTU7.Proteobacteria._",4,3,4,2,2,1,0,1,6,0,2,2,0,0,1,0,0,0,0,0,0,0,0,0,0
"OTU8.Acidobacteriota.uncultured|Acidobacteria|bacterium",12,9,16,5,7,6,12,13,13,16,11,16,12,9,10,21,33,31,44,23,22,16,26,19,15
"OTU9.Actinobacteriota.uncultured|actinobacterium",8,3,7,9,4,4,2,0,6,2,2,1,2,1,2,1,2,2,10,10,1,0,0,1,0
"OTU10.Chloroflexi._",7,9,1,2,2,10,5,3,7,6,2,6,7,5,2,4,5,7,11,7,3,3,3,4,4
"OTU11.Methylomirabilota._",4,7,3,1,7,5,6,7,11,7,9,13,13,7,8,15,15,11,17,18,6,8,3,11,13
"OTU12.Chloroflexi._",5,5,7,7,3,6,3,13,7,12,7,10,8,4,3,10,7,9,9,7,18,18,10,10,17
"OTU13.Crenarchaeota.uncultured|archaeon",11,9,12,7,4,4,7,3,10,7,14,13,6,2,9,23,17,13,15,13,6,7,2,4,4
"OTU14.Proteobacteria._",8,0,8,5,2,1,1,0,6,2,4,7,3,3,1,9,5,3,3,1,2,2,2,2,0
"OTU15.Proteobacteria._",1,5,2,0,0,0,1,1,3,3,2,4,3,0,3,0,1,1,0,0,0,0,0,0,0
"OTU16.Crenarchaeota.uncultured|archaeon",7,11,6,4,7,13,4,18,16,5,5,19,15,4,8,4,4,11,9,2,8,4,25,6,7
"OTU17.Firmicutes.Planococcus",11,5,11,6,10,6,3,3,8,12,10,8,12,1,4,16,13,9,11,13,14,14,10,8,12
"OTU18.Actinobacteriota.Mycobacterium",0,0,0,0,0,0,0,0,0,0,0,0,0,0,0,0,0,0,0,0,0,0,0,0,0
"OTU19.Chloroflexi.uncultured|Chloroflexi|bacterium",6,6,2,5,1,0,1,4,0,5,4,1,4,1,3,3,2,5,6,2,1,2,4,3,3
"OTU20.Crenarchaeota.uncultured|archaeon",5,4,2,6,1,0,0,1,7,4,1,1,8,0,3,6,12,5,8,7,4,1,0,2,3
"OTU21.Cyanobacteria.Microcoleus|Es-Yyy1400",1,1,7,1,2,0,0,0,0,1,1,0,0,0,0,0,0,0,0,0,0,0,0,0,0
"OTU22.Chloroflexi._",8,5,3,1,3,1,0,4,2,3,1,5,8,1,5,4,0,9,6,5,2,0,2,3,6
"OTU23.Actinobacteriota.Blastococcus",2,1,0,3,2,6,3,7,5,3,1,5,1,0,2,4,1,2,2,3,3,4,3,4,7
"OTU24.Proteobacteria._",1,3,2,0,3,3,1,2,5,4,3,2,4,0,4,13,9,5,9,12,2,0,0,1,1
"OTU25.Acidobacteriota._",4,5,2,1,1,0,1,6,2,9,2,1,0,5,5,7,3,6,1,5,9,15,5,14,8
"OTU26.Myxococcota.Hyalangium",2,0,3,2,2,2,1,2,6,5,1,7,2,1,3,1,2,2,1,3,4,7,6,6,6
"OTU27.Acidobacteriota.RB41",7,4,5,5,2,0,2,7,6,8,6,9,12,7,6,11,8,10,9,14,10,9,13,12,10
"OTU28.Firmicutes.Bacillus",6,3,3,3,3,0,1,5,4,2,0,3,4,1,1,2,1,1,4,2,6,1,14,3,2
"OTU29.Proteobacteria._",0,4,1,1,0,0,0,1,3,0,0,0,4,0,0,0,0,0,0,0,0,0,0,0,0
"OTU30.Proteobacteria._",1,1,2,0,0,1,2,2,2,1,1,0,3,3,2,3,5,2,5,4,4,2,0,2,3
"OTU31.Actinobacteriota.Marmoricola",1,7,5,5,6,1,3,5,7,6,4,4,3,2,5,13,8,3,7,11,1,6,3,7,1
"OTU32.Cyanobacteria._",1,0,2,8,1,0,0,0,0,0,2,7,0,0,1,0,0,0,0,0,0,0,0,0,0
"OTU33.Gemmatimonadota._",9,1,2,0,0,4,2,4,6,2,7,3,8,0,0,6,2,4,5,7,6,7,5,5,4
"OTU34.Proteobacteria.Steroidobacter",7,4,8,2,5,5,4,7,6,3,2,6,0,1,1,9,10,6,18,8,9,1,7,6,2
"OTU35.Proteobacteria.Methyloceanibacter",0,0,0,2,1,0,0,0,3,0,0,2,1,0,1,0,0,0,0,0,0,0,0,1,0
"OTU37.Chloroflexi._",0,2,1,2,1,0,3,0,5,9,5,0,2,0,0,4,8,9,12,5,3,3,4,1,1
"OTU38.Actinobacteriota.Nonomuraea",2,1,0,3,1,1,2,0,1,1,1,3,4,1,1,4,2,4,0,3,4,6,1,1,0
"OTU39.Proteobacteria.Woeseia",4,0,3,1,1,0,1,0,1,0,0,0,0,1,1,0,0,0,0,0,0,0,0,0,0
"OTU40.Chloroflexi.uncultured|Chloroflexi|bacterium",1,1,3,1,3,3,4,1,3,0,5,7,1,3,1,3,10,6,11,12,3,0,2,2,4
"OTU41.Acidobacteriota._",6,6,2,4,1,2,1,4,2,1,3,1,0,8,0,8,7,12,6,3,1,1,1,5,1
"OTU42.Planctomycetota.uncultured|planctomycete",7,5,7,7,4,1,2,7,1,0,3,8,6,3,6,8,10,17,17,3,9,4,6,6,5
"OTU43.Gemmatimonadota._",1,6,0,3,0,0,0,0,1,0,0,2,0,0,0,0,0,0,0,0,0,0,0,0,1
"OTU44.Planctomycetota.Pir4|lineage",9,11,7,7,8,0,3,3,7,6,2,17,3,2,9,5,9,5,6,2,12,9,1,5,0
"OTU45.Actinobacteriota.Streptomyces",4,4,4,4,1,9,1,3,5,4,2,4,1,2,5,2,3,1,0,2,3,6,2,3,5
"OTU46.Proteobacteria.Skermanella",3,4,3,2,2,1,0,4,0,4,3,4,1,0,0,3,5,3,3,4,5,4,3,6,7
"OTU47.Actinobacteriota.Gaiella",2,0,6,2,3,0,0,0,4,0,3,0,2,1,0,1,1,0,0,2,0,0,0,0,0
"OTU48.Actinobacteriota.Gaiella",1,0,0,0,1,1,3,2,1,0,1,1,1,0,3,2,0,1,3,1,0,1,0,1,0
"OTU49.Chloroflexi._",1,2,2,2,0,0,2,1,2,0,0,1,0,0,1,0,0,0,1,0,0,1,0,0,0
"OTU50.Proteobacteria.Acidibacter",0,8,1,1,1,2,1,4,2,5,1,2,2,3,3,0,3,0,0,1,3,4,2,3,2
"OTU51.Methylomirabilota._",1,1,1,0,1,2,0,0,3,3,1,1,4,1,1,6,9,6,9,13,0,0,0,0,1
"OTU52.Acidobacteriota._",1,0,1,0,0,0,0,3,7,2,0,1,0,0,0,1,2,2,1,0,3,3,4,2,1
"OTU53.Cyanobacteria._",0,0,2,0,0,0,0,0,0,0,0,0,0,0,0,0,0,0,0,0,0,0,0,0,0
"OTU54.Cyanobacteria.Synechococcus|IR11",0,0,1,6,0,0,0,0,0,1,0,0,0,0,0,0,0,0,0,0,0,0,0,0,0
"OTU55.Acidobacteriota._",1,3,3,2,2,2,0,3,2,0,2,2,1,2,2,0,1,0,1,1,5,6,5,7,6
"OTU56.Actinobacteriota._",0,0,0,0,0,0,0,0,0,1,0,2,0,0,1,0,0,1,1,0,0,0,0,0,0
"OTU57.Chloroflexi._",2,1,5,0,0,0,0,0,2,0,2,0,3,0,0,1,0,1,1,1,0,0,0,0,0
"OTU58.Entotheonellaeota.Candidatus|Entotheonella",0,1,1,1,0,0,0,0,2,0,0,0,3,0,1,0,0,1,1,1,0,0,0,0,0
"OTU59.Chloroflexi._",1,6,4,0,1,0,1,0,0,1,0,1,2,0,1,0,0,0,0,0,0,0,0,0,0
"OTU60.Actinobacteriota._",1,0,0,0,0,0,1,1,0,0,0,0,1,0,3,1,1,0,0,0,0,0,1,0,1
"OTU61.Chloroflexi._",6,1,5,0,0,0,0,0,4,0,1,0,0,0,0,0,0,0,0,0,0,0,0,0,0
"OTU62.Cyanobacteria.uncultured|cyanobacterium",0,2,1,4,0,0,0,0,0,0,0,0,0,0,0,0,0,0,0,0,0,0,0,0,0
"OTU63.Chloroflexi.uncultured|soil|bacterium",0,1,1,7,2,6,2,1,2,2,1,1,0,0,2,1,3,1,3,0,1,1,2,0,1
"OTU64.Acidobacteriota._",7,4,2,4,3,0,2,5,2,5,1,1,1,3,2,5,6,2,1,7,2,3,4,3,9
"OTU65.Acidobacteriota._",0,0,0,0,0,0,0,0,0,0,0,0,0,101,1,0,0,0,0,0,0,0,0,0,0
"OTU66.Planctomycetota._",4,2,4,3,2,1,3,5,3,0,0,2,7,1,6,10,6,7,8,6,5,2,5,5,4
"OTU67.Acidobacteriota.Subgroup|10",0,3,4,1,2,3,3,1,4,5,4,1,2,4,4,6,3,5,0,1,2,3,6,2,4
"OTU68.RCP2-54._",5,3,2,1,2,1,1,1,2,3,0,2,3,1,0,9,2,2,0,2,6,4,1,1,2
"OTU69.Crenarchaeota.uncultured|archaeon",2,2,5,5,2,0,2,1,8,1,3,0,2,1,1,0,0,1,0,0,1,0,0,3,0
"OTU70.Actinobacteriota.Kocuria",2,2,3,1,1,14,15,4,3,1,1,3,0,0,0,1,0,3,0,2,2,4,1,1,4
"OTU71.Proteobacteria._",0,1,2,1,1,0,2,0,1,1,0,0,1,1,2,0,0,0,1,0,0,0,0,0,0
"OTU72.Actinobacteriota._",1,1,3,3,2,1,3,0,1,1,2,0,4,1,1,5,4,0,3,7,0,0,0,0,0
"OTU73.Firmicutes.Bacillus",0,3,0,0,1,1,0,1,2,4,2,2,5,0,2,2,3,6,2,5,1,1,0,0,5
"OTU74.Actinobacteriota.Quadrisphaera",2,0,2,1,1,0,0,0,1,0,0,0,0,0,0,0,0,1,0,0,0,0,0,0,1
"OTU75.Planctomycetota._",5,0,3,1,3,24,6,17,1,10,2,5,8,3,9,11,10,9,12,16,7,8,12,12,9
"OTU76.Crenarchaeota.Candidatus|Nitrososphaera",1,1,2,0,8,0,3,11,5,3,6,6,7,3,1,3,4,4,3,0,8,12,10,13,9
"OTU77.Chloroflexi._",2,3,4,2,1,0,1,0,0,0,2,2,6,1,0,10,5,5,8,7,1,3,1,2,1
"OTU78.Cyanobacteria.Leptolyngbya|RV74",3,1,1,0,0,0,0,0,2,2,0,2,0,0,0,0,0,0,0,0,0,0,0,0,0
"OTU79.Proteobacteria.Bradyrhizobium",5,3,1,9,16,12,5,3,2,2,4,3,3,0,9,0,1,0,0,0,3,5,6,6,7
"OTU80.Chloroflexi.OLB13",2,1,0,3,1,1,8,0,1,2,0,0,0,2,1,3,2,0,2,1,0,0,0,1,2
"OTU81.Bacteroidota.Pontibacter",0,1,0,0,0,11,0,1,0,0,0,1,0,14,1,0,0,0,1,0,0,0,0,0,0
"OTU82.Proteobacteria._",6,2,0,3,1,4,4,2,3,0,5,12,4,3,1,4,3,3,3,4,4,3,1,2,6
"OTU83.Acidobacteriota.RB41",2,2,5,0,1,0,0,2,0,2,2,1,0,0,3,6,3,2,3,3,2,1,1,2,5
"OTU84.Proteobacteria.Pelagibius",2,1,0,2,0,0,0,1,0,0,1,1,1,0,0,0,0,0,0,0,0,0,0,0,1
"OTU85.Chloroflexi._",4,3,2,2,0,0,1,0,0,0,0,1,3,0,0,0,0,2,0,4,1,0,0,0,1
"OTU86.Cyanobacteria.Tolypothrix",3,0,0,0,1,1,1,0,0,0,0,1,0,0,2,0,0,0,0,0,0,0,0,0,0
"OTU87.Myxococcota._",1,4,0,3,2,1,1,3,4,0,1,4,1,1,0,1,4,5,1,4,2,0,1,1,4
"OTU88.Proteobacteria._",3,3,2,1,1,9,0,0,5,0,1,0,1,1,2,3,2,2,1,3,0,0,0,0,0
"OTU89.Acidobacteriota._",3,4,2,4,4,1,7,11,2,6,9,12,5,2,6,11,13,8,12,9,14,10,17,13,14
"OTU90.Actinobacteriota.Actinoplanes",4,3,1,5,4,0,1,1,1,0,1,8,0,7,3,3,0,1,1,2,5,5,3,3,8
"OTU91.Chloroflexi._",0,4,1,3,0,0,0,0,1,0,0,2,0,1,1,0,0,0,1,0,0,0,0,0,0
"OTU92.Firmicutes.Novibacillus",2,4,2,0,0,0,0,0,0,1,0,0,0,0,0,0,2,0,3,2,1,0,0,0,0
"OTU93.Firmicutes.Bacillus",1,1,9,3,0,6,3,5,3,0,2,4,2,2,5,5,4,4,1,2,6,9,1,4,5
"OTU94.Proteobacteria.Limibaculum",0,1,1,2,0,0,1,0,2,0,0,0,1,1,1,1,0,1,0,1,3,0,1,3,2
"OTU95.Chloroflexi._",0,2,0,0,0,0,0,0,1,1,0,2,2,0,1,0,0,0,0,0,0,0,0,0,0
"OTU96.Firmicutes.Bacillus",5,3,1,6,0,3,2,1,4,2,2,3,3,1,1,12,4,6,4,1,2,0,2,1,1
"OTU97.Actinobacteriota._",0,1,1,2,2,0,3,3,2,2,2,1,1,1,2,2,4,6,7,7,6,2,2,7,5
"OTU98.Proteobacteria.Microvirga",2,4,0,2,2,3,0,5,2,1,2,2,2,1,4,2,2,5,1,3,8,4,9,4,2
"OTU99.Proteobacteria.Methyloceanibacter",0,1,1,0,0,2,0,0,1,0,0,0,2,1,0,0,0,0,0,1,0,1,0,2,1
"OTU100.Actinobacteriota._",2,2,0,3,0,1,3,4,4,1,0,1,6,1,2,3,4,1,1,0,7,8,4,7,2
"OTU101.Planctomycetota.Pir4|lineage",0,3,2,0,3,5,4,6,1,2,0,8,3,0,2,5,4,2,3,2,3,3,4,4,1
"OTU102.Chloroflexi._",1,0,0,2,0,0,0,0,0,0,1,0,3,0,0,0,0,0,0,0,0,0,0,0,0
"OTU103.Gemmatimonadota._",0,0,1,0,0,0,1,0,1,0,3,1,0,0,0,3,6,0,3,2,5,4,2,5,7
"OTU104.Actinobacteriota.Streptomyces",0,0,2,0,1,11,1,4,4,3,2,2,0,0,0,2,3,2,4,7,5,1,7,2,5
"OTU105.Chloroflexi._",1,2,0,0,0,1,0,0,2,0,0,1,0,0,1,0,0,0,0,0,0,0,0,0,0
"OTU106.Actinobacteriota.Mycobacterium",1,2,1,1,2,45,3,1,4,4,2,3,3,4,1,1,2,1,1,0,1,5,4,1,2
"OTU107.Proteobacteria._",1,1,5,0,0,0,0,0,1,0,0,0,1,0,0,0,0,0,0,0,0,0,0,0,0
"OTU108.Cyanobacteria.Leptolyngbya|ANT.L52.2",0,0,0,0,0,0,0,0,0,0,1,0,0,0,0,0,0,0,0,0,0,0,0,0,0
"OTU109.Proteobacteria.Lysobacter",0,0,0,1,1,4,1,1,2,0,1,0,5,1,0,4,1,2,2,3,0,0,0,1,2
"OTU110.Chloroflexi._",0,0,2,1,0,0,2,0,3,2,2,2,1,0,2,0,0,0,0,0,0,0,0,0,0
"OTU111.Verrucomicrobiota.Chthoniobacter",5,1,0,1,3,2,0,7,5,2,8,3,1,0,4,7,5,4,2,1,2,1,4,6,5
"OTU112.Crenarchaeota.Candidatus|Nitrososphaera",5,5,2,2,4,5,3,5,4,4,8,6,2,0,5,6,8,4,8,9,4,5,1,3,9
"OTU113.Chloroflexi.uncultured|Chloroflexi|bacterium",1,0,1,0,0,0,0,0,0,0,0,0,0,0,0,0,0,0,0,0,0,0,0,0,0
"OTU114.Gemmatimonadota._",1,2,1,1,1,0,0,0,2,0,0,0,1,0,0,1,0,0,0,0,0,0,0,1,0
"OTU115.Proteobacteria.MND1",1,0,2,1,2,1,1,5,1,0,1,2,0,3,3,8,7,5,1,2,4,3,0,4,2
"OTU116.Proteobacteria._",2,2,2,3,2,0,1,1,4,1,0,3,0,0,1,0,0,0,0,0,0,0,0,0,0
"OTU117.Proteobacteria.Nitrosospira",0,2,0,0,3,0,0,1,1,2,1,0,0,1,2,1,0,2,4,1,4,0,4,3,2
"OTU118.Gemmatimonadota._",0,0,1,0,0,0,5,2,0,0,0,0,0,0,1,1,0,2,1,0,0,0,0,0,1
"OTU119.Proteobacteria.Skermanella",0,0,0,1,0,8,2,2,1,0,1,2,2,0,3,1,3,0,2,0,2,2,0,1,3
"OTU120.Proteobacteria.Pelagibius",0,0,2,2,1,0,0,0,1,0,0,0,0,0,0,0,0,0,0,0,0,0,0,0,0
"OTU121.Acidobacteriota.uncultured|Acidobacteria|bacterium",5,2,10,1,0,0,0,0,1,0,1,0,1,0,1,0,2,3,2,2,0,3,0,0,0
"OTU122.Acidobacteriota._",0,0,0,2,0,0,1,2,0,0,4,1,1,0,1,0,2,0,2,1,2,1,1,0,2
"OTU123.Chloroflexi._",0,2,0,2,0,0,0,1,2,0,1,0,0,0,2,5,4,0,2,1,1,0,0,1,0
"OTU124.Chloroflexi._",2,0,0,1,0,0,0,0,1,0,0,0,1,0,0,0,0,0,0,0,0,0,0,0,0
"OTU125.Chloroflexi._",2,2,3,3,0,1,0,0,5,1,2,4,0,1,1,1,1,0,0,1,1,0,0,1,1
"OTU126.Planctomycetota.Pirellula",4,3,3,1,1,2,5,0,2,6,1,4,1,1,6,6,3,5,6,9,0,0,1,0,0
"OTU127.Actinobacteriota._",2,4,0,2,0,0,1,0,1,0,2,3,0,0,2,1,4,5,3,3,3,0,0,1,0
"OTU128.Planctomycetota._",8,0,1,0,3,0,0,1,0,3,2,2,0,4,1,6,6,4,3,7,0,1,1,0,1
"OTU129.Acidobacteriota._",2,2,0,1,1,2,0,1,3,2,1,2,1,0,0,0,3,1,2,0,2,0,1,3,1
"OTU130.Firmicutes.Bacillus",4,3,0,2,0,1,1,3,3,0,1,0,1,0,1,4,4,3,1,6,5,1,2,0,0
"OTU131.Actinobacteriota.Nocardioides",1,4,6,0,1,0,0,1,1,0,0,0,0,0,2,0,0,0,1,1,3,0,2,1,1
"OTU132.Bacteroidota.Zeaxanthinibacter",0,1,2,1,0,0,0,0,0,0,0,0,0,0,0,0,0,0,0,0,0,0,0,0,0
"OTU133.Acidobacteriota.uncultured|Acidobacteriales|bacterium",0,2,0,0,1,0,0,0,0,0,1,0,1,23,3,0,0,1,0,0,0,0,0,1,0
"OTU134.Actinobacteriota._",2,3,5,0,0,8,0,3,1,4,2,0,2,0,1,3,4,1,1,1,1,2,6,6,3
"OTU135.Cyanobacteria.Nodosilinea|PCC-7104",0,0,6,0,0,0,0,0,0,0,0,1,0,0,0,0,0,0,0,0,0,0,0,0,0
"OTU136.Planctomycetota.metagenome",1,2,1,1,5,0,2,0,3,2,1,4,4,1,2,8,7,6,8,2,1,1,0,1,0
"OTU137.Chloroflexi.uncultured|Chloroflexi|bacterium",0,2,0,1,0,0,0,0,0,0,1,0,0,0,1,1,1,0,0,0,0,0,0,0,0
"OTU138.Firmicutes.Planifilum",1,0,6,0,0,0,0,0,0,0,0,0,0,0,0,0,0,0,0,1,0,0,0,0,0
"OTU139.Actinobacteriota.Actinosynnema",1,3,0,0,1,2,1,5,1,2,1,0,2,0,1,0,2,0,2,0,2,4,1,4,2
"OTU140.Dadabacteria._",0,0,0,0,0,0,0,0,0,1,0,0,0,0,1,0,0,0,0,0,0,0,0,0,0
"OTU141.Chloroflexi._",0,0,0,2,0,1,2,2,0,1,0,2,4,1,3,1,6,1,0,0,5,1,1,0,6
"OTU142.Nitrospirota.Nitrospira",2,2,0,3,0,0,1,4,2,1,1,2,0,3,1,2,1,1,2,0,2,4,4,2,1
"OTU143.Acidobacteriota._",0,0,0,0,0,0,1,4,4,3,1,1,0,1,2,1,0,1,0,0,4,4,2,2,5
"OTU144.Gemmatimonadota._",0,1,1,0,0,0,0,0,0,0,0,0,3,0,0,0,0,0,0,0,0,0,0,0,0
"OTU145.Chloroflexi._",1,0,0,2,0,0,0,0,0,0,0,0,0,0,1,0,0,0,0,0,0,0,0,0,0
"OTU146.Firmicutes.Ammoniphilus",4,0,3,1,0,0,0,1,3,2,4,3,0,0,0,3,3,2,9,8,2,2,5,2,2
"OTU147.Actinobacteriota.Solirubrobacter",1,5,3,0,1,1,4,14,6,1,3,4,12,2,4,5,2,3,3,1,7,8,10,8,13
"OTU148.Gemmatimonadota._",0,1,1,1,0,0,0,0,1,0,0,0,0,0,1,0,0,0,0,1,0,0,0,0,0
"OTU149.Desulfobacterota.Citrifermentans",0,0,3,0,1,1,0,0,0,0,0,0,1,0,0,0,1,1,0,0,0,0,0,0,0
"OTU150.Proteobacteria._",0,4,0,2,0,0,2,0,0,0,0,0,0,0,0,0,0,0,0,0,0,0,0,0,0
"OTU151.Acidobacteriota._",2,0,1,2,1,0,2,6,3,1,3,3,1,1,2,1,2,3,0,0,6,6,4,7,5
"OTU152.Actinobacteriota.Virgisporangium",1,0,1,0,0,2,0,0,0,1,2,0,2,0,1,1,0,1,1,3,0,1,0,2,0
"OTU153.Cyanobacteria._",0,0,0,0,0,0,0,0,0,0,1,0,0,0,0,0,0,0,0,0,0,0,0,0,0
"OTU154.Actinobacteriota.Gaiella",0,0,0,4,1,0,0,5,0,0,0,3,2,0,1,2,2,1,0,0,2,4,1,2,2
"OTU155.Actinobacteriota._",1,3,0,1,0,1,1,4,1,1,1,0,0,1,1,1,0,2,0,1,10,12,1,7,5
"OTU156.Planctomycetota._",0,0,2,0,0,0,0,1,1,0,0,0,4,0,2,0,1,0,0,1,1,1,0,1,0
"OTU157.Proteobacteria.Mesorhizobium",0,1,1,0,0,8,2,1,3,0,1,2,0,0,0,1,0,1,0,1,2,2,0,0,0
"OTU158.Chloroflexi.uncultured|Chloroflexi|bacterium",0,0,3,1,0,0,0,0,0,0,0,0,0,0,0,0,0,0,0,0,0,0,0,0,0
"OTU159.Chloroflexi._",0,3,0,0,0,1,0,0,0,0,1,0,0,0,0,0,2,0,0,0,0,0,0,0,0
"OTU160.Actinobacteriota.Promicromonospora",0,2,0,1,0,0,0,3,0,0,1,1,0,1,1,0,1,0,0,0,0,0,2,1,2
"OTU161.Chloroflexi._",1,0,2,0,0,0,1,0,1,0,2,0,0,0,0,2,0,2,2,1,0,0,0,1,0
"OTU162.Chloroflexi.uncultured|Thermomicrobia|bacterium",2,0,1,0,0,1,1,2,0,1,1,0,0,0,0,2,0,6,0,0,0,1,2,0,0
"OTU163.Planctomycetota._",3,0,2,0,2,0,1,3,2,4,3,3,1,0,1,5,7,5,4,3,4,3,6,1,2
"OTU164.Actinobacteriota.Agromyces",1,0,0,1,0,0,1,1,0,0,0,3,0,2,1,1,0,1,3,0,1,3,1,2,0
"OTU165.Planctomycetota.Pirellula",1,2,1,0,1,3,2,2,1,2,2,2,0,2,2,7,2,9,3,4,1,1,0,0,0
"OTU166.Chloroflexi._",0,2,1,0,0,0,0,0,4,0,0,0,0,0,0,0,0,0,0,0,0,0,0,0,0
"OTU167.Proteobacteria._",4,1,0,0,1,1,0,0,0,0,0,0,0,0,0,0,0,0,0,0,0,0,0,0,0
"OTU168.Actinobacteriota.Streptomyces",2,3,0,0,3,1,3,0,2,1,1,0,0,0,1,0,3,3,0,0,3,2,4,0,1
"OTU169.Proteobacteria._",0,4,0,1,0,0,0,1,1,3,0,0,0,0,0,0,1,1,1,4,2,0,0,0,0
"OTU170.Chloroflexi._",0,2,0,0,0,0,1,0,0,2,0,0,0,0,0,0,0,0,0,0,0,0,0,0,0
"OTU171.Thermoplasmatota._",21,4,3,5,1,4,0,6,2,4,4,3,0,2,1,10,2,10,7,8,6,3,8,2,2
"OTU172.Gemmatimonadota._",0,0,0,0,0,0,0,0,1,0,0,0,0,0,0,2,0,0,1,1,0,0,0,0,0
"OTU173.Firmicutes.Bacillus",0,0,0,0,0,0,1,1,0,1,0,0,0,0,1,0,2,1,0,1,0,1,1,0,1
"OTU174.Actinobacteriota.Nocardioides",0,1,0,0,1,0,0,0,2,1,3,0,2,0,0,0,2,0,1,1,2,0,2,1,0
"OTU175.Firmicutes.Clostridium|sensu|stricto|13",2,5,3,1,0,7,16,1,1,4,2,2,11,1,16,1,1,1,0,0,0,0,0,0,0
"OTU176.Actinobacteriota.Gaiella",2,1,0,0,3,0,6,3,0,3,2,3,0,4,1,6,7,8,3,5,8,5,2,2,0
"OTU177.Planctomycetota._",1,1,0,0,0,0,1,0,2,1,0,4,2,0,0,0,1,3,2,0,0,1,2,0,1
"OTU178.Chloroflexi._",0,2,0,0,0,0,2,0,0,1,1,1,3,0,0,2,2,0,1,0,1,2,1,2,1
"OTU179.Chloroflexi._",0,0,3,0,1,0,1,1,0,1,1,1,1,0,2,4,4,7,3,2,2,1,1,0,0
"OTU180.Nitrospirota.Nitrospira",0,0,0,0,0,0,2,0,2,0,1,0,1,0,0,0,0,0,0,0,0,0,1,0,1
"OTU181.Planctomycetota.uncultured|planctomycete",3,2,3,0,1,6,1,1,1,0,0,1,1,0,1,2,1,2,2,3,2,1,0,0,0
"OTU182.Actinobacteriota._",0,0,1,0,0,0,1,0,0,0,1,0,1,0,0,1,0,1,0,0,1,0,0,0,0
"OTU183.Chloroflexi._",0,1,0,0,0,0,0,1,0,0,1,0,0,0,0,1,0,1,1,1,0,0,0,0,1
"OTU184.Chloroflexi._",3,0,3,2,2,1,2,9,2,1,0,3,0,1,5,3,3,4,1,1,3,3,2,5,3
"OTU185.Halobacterota.Halogranum",0,0,2,1,0,0,0,0,0,0,0,0,0,0,0,0,0,0,0,0,0,0,0,0,0
"OTU186.Acidobacteriota.uncultured|Acidobacteria|bacterium",1,0,2,0,0,0,2,2,2,2,3,1,2,1,2,6,3,0,2,6,1,2,2,2,3
"OTU187.Chloroflexi._",3,0,0,1,1,0,0,1,2,0,0,0,4,0,0,1,0,2,1,1,0,0,0,0,0
"OTU188.Chloroflexi.uncultured|Chloroflexi|bacterium",0,0,0,0,2,0,0,0,2,0,0,0,0,0,0,1,1,0,0,0,0,0,0,0,0
"OTU189.Proteobacteria.Candidatus|Alysiosphaera",2,0,1,0,0,0,0,0,1,0,0,0,0,0,0,3,2,2,0,0,0,0,3,0,0
"OTU190.Gemmatimonadota._",1,1,2,1,0,0,3,4,2,1,0,1,1,0,1,2,0,1,2,2,0,0,0,1,1
"OTU191.Planctomycetota._",7,4,2,4,2,0,1,1,3,4,3,2,4,1,2,2,3,3,7,6,2,1,2,5,0
"OTU192.Cyanobacteria._",0,0,4,0,0,0,1,0,0,0,0,0,0,0,0,0,0,0,0,0,0,0,0,0,0
"OTU193.Chloroflexi._",0,0,0,0,0,1,1,0,0,1,1,0,0,0,0,0,0,0,2,0,0,0,0,0,0
"OTU194.Acidobacteriota.Subgroup|10",0,0,0,1,0,2,0,0,1,0,0,0,0,0,0,0,0,0,0,0,0,0,0,0,0
"OTU195.Chloroflexi._",0,1,1,0,2,0,2,0,0,0,0,2,0,0,0,1,0,0,0,3,1,0,1,0,0
"OTU196.Firmicutes.Bacillus",0,0,0,2,0,0,0,0,2,0,0,0,1,0,0,0,0,0,2,0,0,0,0,0,0
"OTU197.Firmicutes.Tumebacillus",0,2,1,0,1,0,1,4,0,0,1,0,0,0,1,1,0,0,0,0,1,2,2,0,4
"OTU198.Planctomycetota.metagenome",2,1,8,0,1,0,2,1,2,1,0,2,5,0,0,2,2,4,1,9,2,0,0,0,0
"OTU199.Actinobacteriota.Iamia",1,0,2,1,0,6,1,1,2,1,2,0,0,0,1,3,2,1,3,5,1,3,2,0,4
"OTU200.Nitrospirota.Nitrospira",2,0,1,0,0,1,1,0,2,1,0,0,2,0,0,1,0,0,0,0,0,0,0,0,0
"OTU201.Planctomycetota.SH-PL14",3,0,0,0,0,0,1,0,0,0,0,1,1,0,0,0,0,0,0,0,0,0,0,0,0
"OTU202.Methylomirabilota._",2,0,0,0,0,0,1,4,1,1,1,0,0,0,2,0,1,0,0,0,3,1,2,2,1
"OTU203.Planctomycetota._",0,1,0,0,0,1,0,0,0,1,1,0,0,0,0,2,4,1,2,0,0,1,1,0,0
"OTU204.Proteobacteria.Rhizobacter",1,5,1,1,2,5,4,6,5,4,2,4,2,1,5,6,3,7,2,2,8,8,5,5,7
"OTU205.Chloroflexi._",0,0,0,0,0,0,0,0,0,1,0,0,0,1,0,1,1,2,1,0,0,0,0,0,0
"OTU206.Actinobacteriota.Blastococcus",1,0,0,0,1,4,5,0,1,0,2,0,0,0,1,0,0,0,0,0,1,0,2,0,1
"OTU207.Chloroflexi._",0,0,3,1,1,0,0,0,1,2,3,4,0,0,0,0,1,0,0,3,0,0,0,1,0
"OTU208.Acidobacteriota._",1,1,0,0,0,0,0,1,0,0,0,0,0,0,1,0,1,1,2,2,0,0,1,0,0
"OTU209.Proteobacteria.Pseudomonas",6,14,6,12,0,8,0,3,6,21,6,2,8,4,4,0,0,6,0,1,0,26,2,2,1
"OTU210.Proteobacteria._",1,1,0,1,0,0,1,1,0,0,0,0,0,1,0,0,0,0,0,1,0,0,0,0,0
"OTU211.Actinobacteriota._",0,2,2,0,0,0,1,0,1,0,0,0,2,0,1,0,0,0,0,0,0,0,0,0,0
"OTU212.Proteobacteria.Dongia",0,0,1,0,0,0,1,4,4,0,3,2,1,0,2,1,2,0,4,1,8,5,1,2,8
"OTU213.Actinobacteriota.metagenome",0,0,0,0,3,0,0,0,1,0,4,1,0,0,0,2,1,2,1,1,0,1,2,1,1
"OTU214.Chloroflexi._",0,0,2,0,0,0,0,0,2,0,0,1,0,0,0,0,0,0,0,0,0,1,0,0,0
"OTU215.Actinobacteriota.Umezawaea",0,0,0,0,0,0,0,0,0,0,0,1,0,0,0,0,1,0,1,1,2,1,0,0,0
"OTU216.Bacteroidota._",0,0,1,0,2,0,4,1,0,0,1,1,3,1,1,1,0,0,0,2,2,0,1,0,1
"OTU218.Cyanobacteria.uncultured|cyanobacterium",0,0,0,0,0,0,0,0,0,1,0,7,0,0,0,0,0,0,0,0,0,0,0,0,0
"OTU219.Proteobacteria.MND1",0,5,2,0,1,2,0,8,1,3,2,1,5,0,1,2,2,0,0,1,10,1,12,3,3
"OTU220.Chloroflexi._",0,0,0,0,0,0,1,0,0,0,2,1,0,0,1,0,0,0,0,0,0,0,0,1,0
"OTU221.Desulfobacterota.Citrifermentans",0,0,1,0,0,0,1,0,0,0,1,5,0,1,0,4,1,0,2,0,1,5,0,2,1
"OTU222.Chloroflexi._",0,1,1,0,0,0,0,0,0,0,0,0,0,0,0,0,0,0,0,0,0,0,0,0,0
"OTU223.Myxococcota.Haliangium",0,0,0,0,0,5,1,1,0,0,0,1,3,0,1,3,0,0,0,1,0,0,2,1,9
"OTU224.Actinobacteriota.uncultured|Acidimicrobiia|bacterium",0,1,2,0,2,0,0,2,1,1,1,0,0,0,2,0,1,0,1,2,0,0,0,0,0
"OTU225.Thermoplasmatota._",4,1,8,1,2,0,2,10,4,2,5,9,0,2,4,5,6,9,1,3,0,3,9,4,8
"OTU226.Chloroflexi._",2,0,0,2,0,0,0,1,0,0,0,1,0,0,0,0,0,0,0,0,0,0,0,1,0
"OTU227.Actinobacteriota._",1,0,0,0,0,0,0,0,0,0,0,2,0,0,0,0,0,0,0,0,0,0,0,0,0
"OTU228.Proteobacteria.Limibaculum",0,1,0,0,1,0,0,0,2,0,0,0,0,0,0,0,0,0,0,0,0,0,0,0,0
"OTU229.Chloroflexi._",3,5,0,3,0,0,1,3,0,4,0,0,3,0,1,2,1,1,0,0,3,3,4,3,6
"OTU230.Chloroflexi._",0,3,0,0,0,1,1,0,0,0,1,3,3,0,1,1,0,0,4,2,0,1,0,0,2
"OTU231.Proteobacteria._",0,0,0,3,0,0,1,0,0,0,0,0,0,1,0,0,0,0,0,0,0,0,0,0,0
"OTU232.Acidobacteriota._",0,0,0,0,0,0,0,0,0,0,0,0,0,0,1,0,0,0,0,0,0,0,0,0,0
"OTU233.Actinobacteriota._",0,0,0,0,0,0,1,1,0,5,1,0,3,1,0,1,0,1,1,2,0,1,1,0,1
"OTU234.Proteobacteria.Pseudomonas",13,15,12,20,9,29,21,1,13,22,25,5,8,7,21,0,0,1,0,0,0,0,0,0,1
"OTU235.Planctomycetota._",0,1,0,0,0,0,0,3,1,1,1,0,0,0,0,1,0,0,0,0,2,3,4,8,4
"OTU236.Chloroflexi._",0,0,0,0,0,0,0,0,1,0,0,0,0,0,0,0,0,0,0,0,0,0,0,0,0
"OTU237.Cyanobacteria.uncultured|cyanobacterium",0,0,0,0,0,0,0,0,0,0,0,0,0,0,0,0,0,0,0,0,0,0,0,0,0
"OTU238.Proteobacteria._",1,0,4,1,3,10,1,3,1,1,0,3,3,13,1,3,3,2,0,3,3,4,2,2,4
"OTU239.Actinobacteriota._",3,0,1,0,0,0,0,0,1,0,0,0,0,0,1,0,1,0,0,0,0,0,0,0,0
"OTU240.Cyanobacteria.Nostoc|PCC-7107",0,0,0,0,0,0,2,1,0,0,0,0,0,0,0,0,0,1,0,0,0,0,0,0,0
"OTU241.Verrucomicrobiota._",1,0,1,0,0,1,3,9,4,2,2,2,0,1,0,1,2,0,7,2,1,6,7,3,6
"OTU242.Myxococcota.Sorangium",1,0,0,0,0,0,1,1,1,0,2,1,0,0,0,2,0,3,0,0,0,0,0,1,0
"OTU243.Proteobacteria.Devosia",1,0,2,1,0,0,0,2,0,0,0,1,3,1,0,0,0,0,1,0,0,2,2,0,1
"OTU244.Acidobacteriota._",1,0,0,0,1,0,0,0,0,0,0,1,0,0,0,0,0,0,0,0,0,0,0,1,0
"OTU245.Actinobacteriota._",1,0,2,2,0,5,0,1,0,0,0,1,1,0,1,1,1,0,0,2,0,0,1,0,1
"OTU246.Latescibacterota._",0,0,1,0,0,0,0,0,2,0,0,0,0,0,0,0,0,0,0,0,0,0,0,0,0
"OTU247.Proteobacteria._",4,5,2,2,0,0,1,5,1,0,1,1,3,1,1,4,3,0,6,4,5,9,6,6,8
"OTU248.Planctomycetota.Pir4|lineage",0,3,0,0,0,0,0,0,0,0,0,0,0,0,0,0,0,0,0,0,0,0,0,0,0
"OTU249.Proteobacteria.Ensifer",2,1,1,0,0,2,1,0,1,1,0,2,1,0,2,0,0,0,1,0,1,1,2,1,0
"OTU250.Methylomirabilota._",0,0,0,0,0,0,0,0,0,3,0,0,0,0,1,0,0,0,0,0,0,1,0,0,0
"OTU251.Gemmatimonadota.Gemmatimonas",1,0,0,1,0,2,1,4,0,0,0,0,1,0,3,1,1,0,2,1,0,0,1,0,1
"OTU252.Actinobacteriota._",0,2,2,1,0,0,0,0,2,0,1,1,0,0,0,2,2,1,0,2,0,0,0,0,0
"OTU253.Gemmatimonadota._",0,0,0,0,0,0,0,1,1,0,0,1,0,0,1,0,0,1,1,3,0,0,0,0,0
"OTU254.Gemmatimonadota._",1,0,3,0,0,1,0,0,0,0,0,0,0,0,0,0,1,0,3,0,0,0,0,0,0
"OTU255.Proteobacteria.Woeseia",0,0,0,0,0,1,0,1,0,0,0,0,2,0,1,1,0,0,1,0,0,0,0,0,0
"OTU256.Bacteroidota.Pedobacter",0,0,1,0,0,2,2,1,1,0,5,2,2,0,0,2,7,6,2,6,1,0,0,1,3
"OTU257.Proteobacteria.Aeromonas",2,0,0,0,0,1,0,0,1,0,5,1,0,0,5,0,0,2,0,0,0,22,0,0,0
"OTU258.Chloroflexi._",3,0,0,0,0,1,0,0,1,0,0,0,0,0,1,0,0,0,0,0,0,0,0,0,0
"OTU259.Gemmatimonadota._",0,1,0,1,4,0,0,1,0,1,0,0,3,1,0,4,2,1,1,3,1,3,1,1,0
"OTU260.Proteobacteria.MND1",5,2,1,0,2,0,2,3,4,4,3,4,0,2,0,2,0,1,1,3,6,1,1,1,1
"OTU261.Bacteroidota._",0,0,1,2,0,0,2,0,0,0,0,0,0,0,0,0,0,0,0,0,0,0,0,0,0
"OTU262.Proteobacteria._",0,0,3,0,0,0,1,0,1,0,0,2,0,0,0,1,0,3,0,1,1,0,0,1,2
"OTU263.Chloroflexi._",1,0,2,0,1,0,0,0,0,0,0,0,3,0,0,0,0,0,0,0,1,0,0,0,0
"OTU264.Acidobacteriota._",0,0,0,0,0,0,1,0,0,0,0,0,0,25,0,0,0,0,0,0,2,2,1,2,0
"OTU265.Proteobacteria.Nordella",0,2,0,0,0,0,2,1,1,0,0,0,0,1,0,1,0,1,1,1,1,2,3,1,2
"OTU266.Planctomycetota.uncultured|planctomycete",4,2,0,0,0,0,5,0,0,1,0,1,0,1,0,5,6,4,4,0,0,0,0,0,0
"OTU267.Thermoplasmatota._",2,0,2,1,3,1,4,6,0,3,7,9,1,4,2,4,14,6,4,2,4,1,1,2,1
"OTU268.Chloroflexi._",0,0,0,0,1,0,0,0,0,0,1,0,0,0,0,1,1,0,0,0,0,0,0,0,0
"OTU269.Proteobacteria._",0,2,2,0,0,0,0,0,0,0,0,0,0,0,0,0,0,0,0,0,0,0,0,0,0
"OTU270.Proteobacteria.Lysobacter",2,3,0,0,1,1,1,2,1,0,0,0,0,0,0,0,0,0,0,0,1,1,2,1,1
"OTU271.Crenarchaeota.Candidatus|Nitrososphaera",1,1,0,0,1,0,0,5,2,1,1,0,3,0,1,2,0,2,0,2,4,1,3,1,5
"OTU272.Planctomycetota.Gemmata",0,2,1,3,1,0,1,7,6,1,2,2,5,3,2,8,3,6,5,5,3,8,2,6,2
"OTU273.Acidobacteriota._",0,0,1,0,0,0,0,0,0,0,0,0,0,1,0,0,0,0,0,0,0,0,0,0,0
"OTU274.Planctomycetota.uncultured|planctomycete",0,0,0,2,0,2,0,0,1,5,0,1,0,0,2,4,0,3,4,5,1,2,1,2,1
"OTU275.Actinobacteriota._",3,1,0,0,1,0,3,2,3,2,7,2,0,0,2,11,14,6,1,10,5,3,1,5,4
"OTU276.Acidobacteriota.Subgroup|10",3,0,2,0,0,0,0,1,0,4,5,1,2,1,0,1,0,1,0,0,3,1,1,0,3
"OTU277.Proteobacteria.Marinobacterium",0,0,0,0,0,0,0,0,0,0,0,0,0,0,0,0,0,0,0,0,0,0,0,0,0
"OTU278.Chloroflexi._",0,0,0,0,1,1,0,0,0,0,0,0,0,1,0,2,0,1,0,2,0,2,0,0,1
"OTU279.Acidobacteriota.uncultured|Acidobacteria|bacterium",0,0,1,0,0,0,1,0,0,0,0,0,0,0,0,2,1,1,4,0,0,0,0,0,0
"OTU280.Planctomycetota._",3,0,0,0,0,0,0,0,1,0,2,2,0,0,1,3,0,2,0,2,0,0,0,0,0
"OTU281.Gemmatimonadota._",0,0,0,0,0,0,0,2,1,1,0,0,0,0,0,0,0,0,0,1,0,2,0,0,1
"OTU282.Chloroflexi._",0,0,0,0,0,0,0,0,0,0,0,1,4,0,1,0,0,0,1,1,1,2,0,0,0
"OTU283.Planctomycetota.Pir4|lineage",3,0,1,0,0,5,0,0,6,0,0,3,2,0,0,0,1,1,0,1,0,2,0,1,4
"OTU284.Planctomycetota._",0,1,1,0,0,0,0,0,0,1,0,1,0,0,2,2,1,0,1,3,0,0,0,0,0
"OTU285.Proteobacteria._",1,2,0,0,0,0,0,0,0,1,0,0,0,0,5,0,0,1,0,0,0,0,0,0,0
"OTU286.Acidobacteriota._",1,2,0,0,2,2,0,0,0,0,0,0,3,0,1,0,0,0,0,0,0,0,0,0,0
"OTU287.Proteobacteria.Sphingomonas",2,0,1,1,0,0,0,0,0,1,1,2,0,0,0,0,1,1,0,0,0,0,0,0,0
"OTU288.Gemmatimonadota._",0,0,0,0,0,0,0,0,0,0,0,0,0,0,0,0,0,0,0,0,0,0,0,0,1
"OTU289.Planctomycetota._",2,0,0,1,0,0,0,0,0,0,0,0,0,0,0,0,0,0,0,0,0,1,1,0,2
"OTU290.Actinobacteriota._",2,5,2,2,0,1,2,4,3,5,3,4,1,0,2,10,4,5,5,6,0,2,1,2,2
"OTU291.Chloroflexi.Sphaerobacter",0,0,0,0,0,0,1,1,0,0,0,0,0,0,0,0,0,0,1,2,0,0,0,0,0
"OTU292.Acidobacteriota.Subgroup|10",2,0,0,0,2,0,0,0,0,0,1,2,0,0,0,0,1,1,0,0,0,1,0,1,1
"OTU293.Proteobacteria.uncultured|beta|proteobacterium",1,0,2,1,1,0,0,0,0,2,3,1,3,0,0,3,1,1,0,0,1,1,2,2,1
"OTU294.Chloroflexi._",2,2,0,0,0,0,0,0,0,0,0,0,0,0,0,0,0,0,0,0,0,0,0,0,0
"OTU295.Proteobacteria.Afifella",1,0,1,0,0,0,0,0,0,0,0,0,0,0,0,0,0,0,0,0,0,0,0,0,0
"OTU296.Planctomycetota.uncultured|Planctomycetia|bacterium",0,0,0,0,1,2,2,4,1,3,0,4,0,0,2,3,4,4,6,0,4,1,5,2,2
"OTU297.Chloroflexi.uncultured|Chloroflexi|bacterium",1,1,0,0,0,0,0,0,0,0,0,0,0,0,0,0,0,0,0,0,0,0,0,0,0
"OTU298.Actinobacteriota.Glycomyces",1,0,0,0,0,12,0,0,1,0,1,0,0,1,0,0,0,0,0,0,1,0,0,0,0
"OTU299.Acidobacteriota._",1,3,0,0,0,0,0,0,1,1,0,0,0,0,0,0,0,0,0,2,0,0,0,0,0
"OTU300.Chloroflexi._",2,0,0,0,2,0,1,1,0,1,0,3,0,0,0,0,0,2,1,0,4,5,0,3,4
"OTU301.Planctomycetota.Pirellula",1,0,0,0,0,0,0,3,0,3,7,2,3,0,0,2,1,0,1,3,2,1,1,3,1
"OTU302.Proteobacteria.Pantoea",0,0,0,0,4,0,0,0,0,0,2,0,0,0,0,0,0,0,0,0,0,0,0,0,0
"OTU303.Proteobacteria.JTB255|marine|benthic|group",1,2,0,0,0,0,0,0,0,1,1,0,0,0,0,0,0,1,1,1,0,0,0,0,0
"OTU304.Proteobacteria._",1,0,2,3,0,0,0,1,2,0,1,0,0,0,1,1,0,1,2,0,1,2,4,1,2
"OTU305.Crenarchaeota.uncultured|archaeon",32,13,20,11,13,9,14,11,20,16,31,25,20,5,15,39,42,36,54,43,23,7,12,11,6
"OTU306.Planctomycetota._",1,1,1,1,0,0,0,0,1,0,0,0,1,1,1,3,1,3,0,1,1,0,0,0,0
"OTU307.Proteobacteria._",0,0,1,1,0,1,0,0,0,0,1,2,1,0,2,0,0,0,0,0,1,0,1,0,3
"OTU308.Chloroflexi.uncultured|organism",0,0,1,1,0,0,0,3,1,0,0,0,1,0,0,0,0,0,0,0,0,0,0,0,0
"OTU309.Firmicutes.Bacillus",0,0,0,1,3,0,0,2,2,0,0,2,0,0,0,0,2,3,0,1,1,3,1,1,3
"OTU310.Verrucomicrobiota.Chthoniobacter",2,1,0,0,0,0,1,6,1,1,0,2,0,0,5,3,0,0,2,1,2,3,3,5,3
"OTU311.Planctomycetota._",1,0,0,0,0,0,0,0,0,0,0,0,1,0,1,0,0,0,0,1,0,0,1,0,0
"OTU312.Gemmatimonadota._",0,0,0,0,0,0,0,0,1,0,0,0,0,0,0,0,0,0,0,0,0,0,0,0,0
"OTU313.Armatimonadota._",0,1,0,0,0,0,0,0,0,0,0,0,0,1,2,0,0,1,0,0,0,1,0,0,0
"OTU314.Bacteroidota.Muricauda",0,0,2,0,0,0,0,0,0,0,0,0,0,0,0,0,0,0,0,0,0,0,0,0,0
"OTU315.Acidobacteriota._",0,0,0,0,3,1,0,1,0,1,0,2,0,0,0,1,1,0,0,2,1,1,2,1,0
"OTU316.Proteobacteria._",0,3,0,0,0,0,0,0,1,0,0,0,0,0,0,0,0,0,0,0,0,0,0,0,0
"OTU317.Proteobacteria.Thiobacillus",0,1,1,0,0,0,0,1,0,0,0,0,2,0,0,0,0,1,0,0,0,0,0,0,0
"OTU318.Bacteroidota._",0,0,0,0,0,0,0,0,3,0,0,0,0,0,0,0,1,0,0,0,0,0,0,0,0
"OTU319.Gemmatimonadota._",0,0,0,0,0,0,0,0,0,0,0,0,0,0,0,0,0,0,0,0,0,0,0,0,0
"OTU320.Gemmatimonadota._",0,0,0,0,0,1,0,0,1,0,1,1,0,0,2,0,0,2,2,1,0,0,0,0,0
"OTU321.Acidobacteriota._",2,6,2,2,2,2,0,2,4,0,3,2,0,2,0,4,0,1,2,1,7,2,1,5,4
"OTU322.Actinobacteriota.Micromonospora",3,1,3,0,1,0,2,2,3,0,3,3,3,10,0,0,1,0,0,1,1,1,0,2,4
"OTU323.Armatimonadota._",0,0,0,0,0,1,2,0,0,0,0,0,0,1,0,1,1,4,3,0,3,1,0,0,1
"OTU324.Actinobacteriota.Mycobacterium",0,0,0,0,0,0,0,0,0,0,0,0,0,0,0,0,0,0,0,0,0,0,0,0,0
"OTU325.Acidobacteriota._",1,0,0,0,0,1,0,1,1,0,3,0,0,1,0,1,0,1,0,2,1,3,0,1,2
"OTU326.Planctomycetota.Blastopirellula",0,0,0,4,0,0,0,0,0,0,0,1,0,0,0,1,0,0,1,1,1,0,0,0,0
"OTU327.Proteobacteria.Marinobacter",0,0,1,5,0,7,0,0,0,0,0,0,4,1,0,0,0,0,0,0,0,0,0,0,0
"OTU328.Proteobacteria._",1,0,0,4,2,3,0,0,0,2,1,0,0,0,0,0,0,1,0,0,0,0,0,0,0
"OTU329.Planctomycetota._",1,0,1,1,1,1,0,1,3,3,1,2,6,0,4,2,3,3,5,0,1,2,3,0,4
"OTU330.Planctomycetota.uncultured|soil|bacterium",0,0,3,1,2,0,0,4,0,4,1,2,2,1,1,1,4,4,0,3,4,1,5,2,1
"OTU331.Acidobacteriota.Bryobacter",0,0,1,0,1,0,0,0,1,1,0,0,0,0,0,0,1,0,1,2,0,0,0,0,0
"OTU332.Chloroflexi._",0,0,0,1,1,0,0,0,0,0,2,1,1,0,0,0,0,0,2,0,1,0,0,2,0
"OTU333.Chloroflexi.uncultured|Chloroflexi|bacterium",4,0,0,0,0,0,0,0,0,0,2,0,0,0,0,0,0,0,0,0,0,1,0,0,1
"OTU334.Chloroflexi._",0,0,1,0,0,0,0,0,0,0,0,0,1,0,0,0,0,0,0,0,0,0,0,0,0
"OTU335.Actinobacteriota._",0,0,1,1,1,0,0,1,0,0,0,0,0,0,0,2,1,0,5,3,1,1,0,0,0
"OTU336.Chloroflexi._",0,0,0,1,0,0,0,0,0,2,0,0,4,0,0,0,0,0,0,0,0,0,0,0,0
"OTU337.Planctomycetota._",1,5,0,0,0,0,0,1,1,3,1,2,0,0,2,6,4,3,1,1,1,0,1,1,2
"OTU338.Cyanobacteria.CENA533",0,0,1,0,0,0,0,0,0,1,0,0,0,0,1,0,0,0,0,0,0,0,0,0,0
"OTU339.Chloroflexi._",0,0,1,0,1,0,0,0,1,0,1,0,1,1,0,0,0,0,0,0,0,0,0,0,0
"OTU340.Acidobacteriota.Subgroup|10",0,0,0,0,1,0,1,0,1,1,1,0,1,0,1,0,1,3,0,0,0,0,0,1,1
"OTU341.Proteobacteria.Candidatus|Alysiosphaera",0,0,1,0,0,0,0,2,0,0,0,1,0,0,1,0,1,0,0,2,2,5,3,1,3
"OTU342.Acidobacteriota.Bryobacter",1,0,0,0,1,0,0,0,1,0,0,1,0,0,0,0,0,0,1,0,1,0,0,0,1
"OTU343.Proteobacteria.Hyphomicrobium",1,0,0,0,0,0,1,0,1,0,0,0,1,0,3,1,3,2,1,0,1,1,0,2,2
"OTU344.Chloroflexi._",0,1,3,0,0,0,0,0,0,0,1,2,0,0,1,0,0,1,0,0,0,0,0,0,0
"OTU345.Proteobacteria._",0,0,0,1,0,0,0,0,1,0,1,0,2,0,1,0,0,0,0,0,0,0,0,0,0
"OTU346.Proteobacteria._",0,3,1,0,0,0,0,0,1,0,0,0,0,0,0,0,0,2,0,0,1,0,0,0,0
"OTU347.Proteobacteria._",0,0,0,0,0,0,0,0,1,1,0,0,0,0,0,1,1,0,0,0,0,0,0,0,0
"OTU348.Actinobacteriota.Solirubrobacter",0,2,0,0,1,0,3,2,1,2,2,4,10,2,3,3,1,1,3,1,5,2,6,3,2
"OTU349.Proteobacteria.Azoarcus",1,0,0,1,0,1,1,0,5,0,3,0,0,1,0,0,0,1,0,0,0,1,0,0,2
"OTU350.Gemmatimonadota._",2,0,0,0,0,0,0,0,1,0,0,0,0,0,0,0,0,0,0,0,0,0,0,0,0
"OTU351.Chloroflexi.Ardenticatena",0,0,0,0,0,0,0,0,0,0,1,0,0,0,0,0,0,0,0,0,0,0,0,0,0
"OTU352.Chloroflexi._",0,0,1,1,0,0,0,0,0,0,0,0,0,0,0,0,0,0,0,0,0,0,0,0,0
"OTU353.Planctomycetota._",0,2,0,0,0,0,3,0,1,0,0,1,0,0,0,0,0,1,1,0,1,0,0,0,0
"OTU354.Cyanobacteria.uncultured|cyanobacterium",0,0,0,0,0,0,0,0,0,0,2,1,0,0,0,0,0,0,0,0,0,0,0,0,0
"OTU355.Chloroflexi._",0,0,0,3,0,0,0,0,0,0,0,0,0,0,0,0,0,0,0,0,0,0,0,0,0
"OTU356.Proteobacteria.Massilia",0,0,0,0,14,0,0,0,0,1,0,0,0,0,0,0,0,0,1,0,0,0,0,0,1
"OTU357.NB1-j._",0,0,0,0,0,0,1,0,0,0,0,0,0,0,0,1,0,1,0,2,0,0,0,0,0
"OTU358.Planctomycetota._",1,3,1,0,1,0,3,0,1,0,2,2,2,0,2,1,5,4,0,1,0,1,0,0,0
"OTU359.Bacteroidota._",2,1,1,0,0,1,0,3,0,0,2,3,0,1,0,4,0,3,2,1,1,1,4,1,1
"OTU360.Firmicutes.Fictibacillus",0,0,1,0,0,0,0,0,0,0,0,0,0,1,0,1,1,0,0,0,0,1,0,0,0
"OTU361.Proteobacteria._",0,0,0,0,0,1,0,0,2,1,3,0,0,1,3,2,2,1,2,1,0,0,0,1,0
"OTU362.Actinobacteriota._",0,1,2,0,0,2,0,1,4,3,0,1,0,1,1,3,3,7,4,7,2,1,0,0,0
"OTU363.Gemmatimonadota._",0,0,3,0,0,0,1,0,0,1,0,0,0,0,1,1,0,0,0,2,0,0,0,0,0
"OTU364.Chloroflexi._",1,0,4,0,0,0,0,0,2,0,0,0,0,2,0,1,0,0,0,1,0,0,0,0,0
"OTU365.Chloroflexi.uncultured|Sphaerobacter|sp",1,0,0,0,0,0,0,0,0,0,0,0,0,0,0,2,0,0,0,1,0,0,0,0,0
"OTU366.Chloroflexi._",3,1,1,3,1,0,1,2,3,1,5,7,3,0,2,10,8,4,7,6,2,1,3,5,2
"OTU367.Actinobacteriota._",0,0,0,1,0,0,0,0,1,0,0,0,0,1,0,1,0,0,0,0,0,0,0,1,0
"OTU368.Planctomycetota.Gemmata",0,1,0,0,0,0,0,3,0,1,1,0,0,0,0,0,1,2,0,0,3,3,3,3,1
"OTU369.Bacteroidota.Pontibacter",1,0,0,0,0,0,0,0,0,0,0,0,0,30,0,0,0,0,0,0,0,0,0,0,0
"OTU370.Chloroflexi._",0,0,2,0,0,2,0,0,2,0,0,0,0,0,2,0,0,1,0,0,1,0,1,1,2
"OTU371.Crenarchaeota.Nitrosarchaeum",0,2,1,0,0,0,0,0,2,0,0,0,0,0,0,0,0,0,0,0,0,0,0,0,0
"OTU372.Acidobacteriota._",0,0,0,0,0,0,0,0,0,0,0,0,0,0,0,0,0,0,0,0,0,0,0,0,0
"OTU373.Actinobacteriota.Quadrisphaera",3,2,1,1,0,0,0,1,0,0,2,0,0,0,0,0,0,1,0,0,0,0,0,0,0
"OTU374.Armatimonadota._",1,0,1,0,0,0,0,0,0,2,0,0,0,0,0,2,0,0,3,2,0,0,0,0,0
"OTU375.Patescibacteria._",1,0,1,0,0,0,0,0,0,0,0,0,0,0,0,0,0,0,0,0,0,0,0,0,0
"OTU376.Actinobacteriota.Microbacterium",1,1,0,0,5,1,4,0,3,5,1,6,6,2,4,0,0,0,1,2,1,1,2,2,2
"OTU377.Gemmatimonadota._",0,0,0,1,2,1,0,0,0,0,0,0,0,0,0,0,0,0,1,0,0,0,0,0,0
"OTU378.Planctomycetota.Rhodopirellula",0,0,1,0,1,44,0,1,4,2,0,1,0,0,1,0,0,0,1,0,0,1,2,1,0
"OTU379.Gemmatimonadota.Gemmatimonas",0,0,1,0,0,0,0,0,2,0,2,0,0,0,1,0,1,1,0,2,0,1,0,0,0
"OTU380.Planctomycetota._",1,0,2,0,0,0,0,0,1,0,1,0,0,0,0,3,1,0,1,2,0,0,0,2,0
"OTU381.Actinobacteriota.Rhodococcus",0,0,0,0,0,0,0,0,0,0,0,0,0,0,0,0,0,0,0,0,0,0,0,0,0
"OTU382.Chloroflexi.uncultured|soil|bacterium",0,0,0,0,0,0,0,0,0,0,0,0,0,0,0,0,0,0,0,0,0,0,0,0,0
"OTU383.Proteobacteria.Sphingomonas",2,2,1,3,2,0,1,8,1,6,0,3,0,0,0,4,0,3,2,0,1,0,7,1,3
"OTU384.Acidobacteriota.uncultured|Acidobacteria|bacterium",0,0,0,0,0,0,0,0,0,0,0,0,0,0,0,0,0,0,0,0,0,0,0,0,0
"OTU385.Chloroflexi.Candidatus|Chloroploca",1,3,4,0,0,1,0,0,0,1,0,0,0,0,0,1,1,0,2,0,0,0,0,1,0
"OTU386.Proteobacteria._",2,0,0,0,0,0,0,0,0,0,0,3,0,0,0,0,0,0,0,0,0,0,0,0,0
"OTU387.Planctomycetota.Gemmata",1,1,1,0,0,0,0,3,1,2,1,0,1,1,1,0,4,2,0,1,2,0,2,1,2
"OTU388.Chloroflexi.1959-1",2,1,1,1,1,0,10,0,0,0,0,2,3,0,0,1,2,5,1,0,3,0,1,0,0
"OTU389.Cyanobacteria.Nostoc|PCC-7524",3,0,0,0,0,0,0,0,2,0,0,1,0,0,0,0,0,0,0,0,0,0,0,0,0
"OTU390.Crenarchaeota.Candidatus|Nitrosotenuis",2,0,2,0,0,0,1,0,1,0,0,0,0,0,0,0,0,0,0,0,0,0,0,0,0
"OTU391.Planctomycetota.uncultured|planctomycete",3,1,1,0,1,0,1,0,1,1,1,2,0,1,3,4,1,6,2,1,0,0,1,3,6
"OTU393.Planctomycetota.Gemmata",0,1,0,2,1,0,3,0,2,0,2,2,2,0,3,5,5,4,5,10,0,0,1,0,0
"OTU394.Chloroflexi._",3,2,0,0,1,0,0,0,2,1,0,2,4,1,1,3,2,1,1,4,0,0,0,0,0
"OTU395.Proteobacteria.Steroidobacter",0,0,0,0,0,0,0,3,2,1,0,2,2,1,0,1,0,0,0,2,0,1,0,1,4
"OTU396.Cyanobacteria.uncultured|cyanobacterium",0,0,1,0,1,0,0,0,0,1,1,0,0,0,0,0,0,0,0,0,0,0,0,0,0
"OTU397.Acidobacteriota.Subgroup|10",0,0,0,0,0,0,0,0,1,0,0,0,1,0,0,0,0,0,0,1,0,0,0,0,0
"OTU398.Actinobacteriota._",2,2,0,1,0,2,0,1,1,0,0,0,1,4,0,1,0,0,2,1,2,1,0,1,0
"OTU399.Actinobacteriota.Actinomycetospora",1,0,2,0,119,1,1,0,0,1,1,1,0,7,0,0,0,1,0,1,1,0,0,8,0
"OTU400.Acidobacteriota._",0,1,0,0,0,0,0,0,0,0,1,2,0,1,1,0,0,0,0,0,0,0,0,1,0
"OTU401.Actinobacteriota.Georgenia",3,1,0,0,0,0,0,2,2,0,0,0,0,0,0,1,1,0,2,1,0,0,0,0,0
"OTU403.Planctomycetota._",0,0,0,1,0,0,0,0,0,0,0,0,0,0,0,0,0,0,0,0,0,0,0,0,0
"OTU404.Actinobacteriota.Nocardioides",0,0,1,0,4,2,2,2,5,5,1,3,0,0,2,1,6,4,8,9,4,0,1,0,1
"OTU405.Chloroflexi.Nitrolancea",0,0,2,0,0,0,1,2,0,4,0,4,3,1,1,0,0,4,3,0,2,0,0,1,0
"OTU406.Actinobacteriota.Actinomadura",0,0,1,1,0,1,0,0,1,0,0,0,0,0,0,3,0,0,0,0,3,0,0,0,0
"OTU407.Actinobacteriota._",0,0,0,0,1,0,0,0,0,0,0,0,0,0,0,0,0,0,0,0,0,0,0,0,0
"OTU408.Cyanobacteria.Tolypothrix",1,0,0,0,1,0,0,0,0,0,0,0,0,0,0,0,0,0,0,0,0,0,0,0,0
"OTU409.Proteobacteria.Limibaculum",0,0,0,0,0,0,1,0,0,0,0,0,0,1,0,0,0,0,0,0,0,0,0,0,0
"OTU410.Chloroflexi._",1,0,0,0,0,0,1,0,0,0,0,0,0,0,0,0,0,0,0,0,0,0,0,0,0
"OTU411.Chloroflexi.FFCH7168",0,0,1,2,2,1,0,1,2,0,1,0,0,0,1,0,0,0,1,1,1,1,6,1,1
"OTU412.Gemmatimonadota._",0,1,2,0,0,0,0,0,0,0,0,0,0,0,0,0,0,0,0,0,0,0,0,0,0
"OTU413.Chloroflexi._",1,1,1,2,0,1,0,0,1,1,1,0,0,0,0,0,0,0,0,0,0,0,0,1,0
"OTU414.Proteobacteria.Rhodomicrobium",0,0,1,0,0,0,0,2,0,0,0,0,3,0,2,1,0,0,0,0,0,0,0,0,0
"OTU415.Gemmatimonadota._",0,0,0,0,0,0,0,0,0,0,0,0,2,0,1,0,0,0,0,0,0,0,0,0,0
"OTU416.Verrucomicrobiota._",1,1,0,0,0,0,0,1,0,3,0,1,2,0,0,0,3,0,0,1,1,1,0,0,0
"OTU417.Acidobacteriota.RB41",0,0,1,2,1,2,1,0,2,0,3,0,1,0,0,0,0,1,1,0,2,5,8,3,14
"OTU418.Planctomycetota.Rhodopirellula",0,0,0,0,0,0,0,0,1,0,0,0,0,0,0,0,0,0,0,0,0,0,0,1,0
"OTU419.Planctomycetota._",0,0,0,0,0,0,0,0,0,0,0,0,0,0,0,0,0,0,0,0,0,0,0,0,0
"OTU420.Chloroflexi._",0,0,2,0,0,2,1,0,1,0,1,0,0,0,0,1,1,0,1,1,0,1,0,1,1
"OTU421.Actinobacteriota.Nocardioides",2,0,0,2,0,2,0,2,0,1,1,2,0,0,3,1,1,0,2,2,1,1,3,3,0
"OTU422.Chloroflexi._",1,0,0,1,0,0,0,1,0,2,0,0,0,0,0,0,0,0,0,1,0,0,0,1,0
"OTU423.Proteobacteria._",0,0,0,0,0,0,0,0,1,0,0,0,0,0,0,0,0,0,0,0,0,0,0,0,0
"OTU424.Chloroflexi._",0,0,0,0,0,0,0,0,0,0,1,1,0,0,0,0,0,0,0,0,0,0,0,0,0
"OTU425.Proteobacteria.Ellin6055",1,0,0,0,13,1,0,0,0,1,0,0,2,0,3,4,2,4,1,1,1,1,2,0,4
"OTU426.Acidobacteriota.Bryobacter",0,0,0,0,0,0,1,0,1,0,1,0,0,0,0,0,0,2,0,0,0,0,0,0,0
"OTU427.Actinobacteriota.Knoellia",2,0,0,0,1,3,2,2,0,0,2,1,1,0,0,0,1,2,0,1,1,3,0,3,2
"OTU428.Planctomycetota._",0,0,0,0,1,0,0,0,0,1,1,1,2,0,0,2,1,1,1,1,1,0,0,0,0
"OTU429.Planctomycetota.Gemmata",0,3,1,0,0,0,0,0,0,5,0,1,4,0,0,0,0,1,0,0,1,0,0,1,0
"OTU430.Acidobacteriota.Subgroup|10",0,0,0,0,0,0,0,0,0,0,0,0,0,0,0,0,0,0,0,0,0,0,0,0,0
"OTU431.Chloroflexi._",0,0,0,0,0,0,1,0,0,0,0,0,0,0,0,0,0,0,0,0,0,0,0,0,0
"OTU433.Armatimonadota._",0,0,0,0,0,0,0,0,0,0,0,1,3,0,1,0,0,0,0,0,0,0,0,0,0
"OTU434.Myxococcota._",0,0,0,0,0,0,0,0,0,1,3,0,0,0,1,0,0,1,0,2,1,0,0,0,1
"OTU435.NB1-j._",0,0,3,0,1,0,0,0,3,0,2,1,0,3,1,1,0,5,1,5,0,1,0,0,1
"OTU436.Acidobacteriota._",0,0,0,0,0,0,0,0,0,0,0,0,0,0,0,0,0,0,0,0,0,0,0,0,0
"OTU437.Chloroflexi.Candidatus|Chloroploca",2,2,0,1,2,0,1,3,0,0,0,2,2,0,0,0,1,1,4,2,0,1,1,2,4
"OTU438.Proteobacteria._",2,3,0,9,58,20,37,5,1,19,12,4,7,10,11,1,3,1,0,2,1,4,2,3,2
"OTU439.Proteobacteria.Steroidobacter",5,0,1,0,0,0,0,0,0,2,0,0,3,0,0,0,0,1,0,2,3,0,1,4,1
"OTU440.Proteobacteria.Microbulbifer",0,0,1,1,0,0,0,0,0,0,0,0,0,0,0,0,0,0,0,0,0,0,0,0,0
"OTU441.Proteobacteria.Sphingomonas",0,0,0,0,0,0,0,0,2,0,1,2,0,0,0,0,1,1,0,2,1,0,0,0,0
"OTU442.Proteobacteria.Arenimonas",0,0,1,0,0,9,0,0,0,0,0,2,0,2,0,0,1,0,0,0,0,0,0,0,0
"OTU443.Chloroflexi._",1,0,0,0,0,0,0,1,0,1,2,2,1,0,1,0,1,1,1,1,1,1,1,1,1
"OTU444.Chloroflexi._",1,0,0,0,1,0,0,0,0,0,0,0,0,0,1,0,0,0,0,0,0,0,0,0,0
"OTU445.Chloroflexi.uncultured|Chloroflexi|bacterium",1,0,0,1,0,0,0,1,0,0,0,0,3,0,0,0,0,0,0,0,0,0,0,0,0
"OTU446.Planctomycetota.Pir4|lineage",1,0,3,0,0,0,0,0,0,0,2,0,1,0,0,0,0,0,2,0,0,1,0,0,0
"OTU447.Chloroflexi._",0,3,0,0,0,0,0,0,0,1,0,1,0,0,0,0,0,0,1,0,0,2,1,2,2
"OTU448.Proteobacteria.Limibaculum",2,1,0,2,0,0,0,0,1,0,0,1,0,0,1,0,0,0,0,1,0,0,0,0,0
"OTU449.Chloroflexi._",0,0,0,0,0,0,0,0,0,0,0,0,0,0,1,0,0,0,0,0,0,0,0,0,0
"OTU450.Planctomycetota._",1,0,2,0,0,0,1,3,2,0,0,1,1,2,0,4,2,3,2,2,2,1,0,0,0
"OTU451.Proteobacteria._",0,0,0,0,0,0,0,0,0,1,0,0,1,2,0,0,0,0,2,0,2,2,0,3,1
"OTU452.Chloroflexi._",0,0,0,0,0,0,0,0,0,0,0,0,0,0,0,0,0,0,0,1,0,0,0,0,0
"OTU453.MBNT15._",0,0,0,0,0,0,0,0,0,0,0,0,0,0,0,1,0,0,0,0,0,1,0,0,0
"OTU454.Proteobacteria.Acidibacter",0,0,0,0,6,3,2,0,0,0,5,0,0,1,3,0,2,0,2,0,4,2,1,2,0
"OTU455.Actinobacteriota.Rhizocola",0,0,0,0,0,0,0,1,0,0,0,0,0,0,1,2,3,1,1,0,0,2,0,0,1
"OTU456.Planctomycetota.Pirellula",0,2,1,0,1,0,2,0,1,3,0,3,0,0,1,2,3,2,2,1,1,0,2,1,0
"OTU457.Chloroflexi._",0,0,0,0,0,0,0,0,0,0,0,0,0,0,1,0,0,0,0,0,0,0,0,0,0
"OTU458.Proteobacteria._",0,0,0,0,0,0,0,0,0,0,0,0,0,0,0,0,0,0,0,0,0,0,0,0,0
"OTU459.Planctomycetota.Pirellula",0,1,0,0,0,0,0,2,0,0,0,2,2,1,0,1,2,1,1,1,0,0,0,2,1
"OTU460.Chloroflexi._",2,0,0,0,0,1,0,4,1,5,5,1,1,0,6,3,4,6,2,4,3,9,8,7,2
"OTU461.Myxococcota.Anaeromyxobacter",3,0,0,0,0,0,0,1,0,0,0,0,0,0,0,0,0,0,0,1,0,0,0,0,0
"OTU462.Chloroflexi._",2,0,1,0,2,0,0,0,2,0,0,1,0,0,0,1,3,4,1,2,1,0,1,3,1
"OTU463.Proteobacteria._",3,0,0,0,0,0,0,0,0,0,0,0,0,1,0,0,0,0,0,0,0,0,0,0,0
"OTU464.Planctomycetota.Planctomicrobium",0,2,0,0,0,0,2,0,1,0,0,0,0,0,0,0,0,0,0,0,0,0,0,0,0
"OTU465.Armatimonadota._",1,0,2,0,0,0,0,2,0,0,0,0,0,1,2,3,0,1,0,2,0,3,2,2,2
"OTU466.Chloroflexi._",0,0,0,0,0,0,0,0,0,2,0,0,0,1,0,0,0,0,0,0,0,0,0,0,0
"OTU467.Verrucomicrobiota.Opitutus",0,1,1,0,2,0,0,1,0,2,3,4,7,1,0,1,1,0,4,3,2,5,1,1,1
"OTU468.Proteobacteria._",0,0,0,0,0,0,0,0,1,0,0,0,0,0,0,0,0,0,0,0,0,0,0,0,0
"OTU469.Acidobacteriota._",1,0,2,0,2,0,0,1,2,1,2,0,0,0,0,2,1,4,4,3,0,2,2,0,5
"OTU470.Thermoplasmatota._",1,0,0,1,0,0,0,0,5,1,0,1,5,0,2,0,2,4,3,0,0,1,0,0,1
"OTU471.Proteobacteria._",1,0,0,0,1,1,0,0,1,0,1,0,0,0,2,0,2,3,0,2,3,1,1,0,1
"OTU472.Actinobacteriota.Nocardioides",0,0,0,0,0,0,0,0,0,0,0,0,0,0,1,0,0,0,0,0,1,0,0,0,0
"OTU473.Acidobacteriota.uncultured|Acidobacteria|bacterium",0,1,0,2,0,0,1,1,0,0,0,0,6,0,0,1,1,0,0,0,5,4,0,3,2
"OTU474.Proteobacteria.Noviherbaspirillum",1,3,2,1,3,2,0,1,3,4,0,6,0,2,0,0,1,3,0,3,1,1,3,1,6
"OTU475.Proteobacteria._",0,0,0,0,0,0,0,0,0,0,1,0,0,0,0,0,0,0,0,0,0,0,0,0,0
"OTU476.Planctomycetota._",3,1,0,0,0,0,1,0,1,0,0,0,0,0,0,1,1,2,2,2,0,1,1,1,2
"OTU477.Firmicutes.Clostridium|sensu|stricto|1",0,0,0,0,0,0,0,1,3,0,3,0,0,0,1,0,1,1,0,0,0,0,0,0,0
"OTU478.Actinobacteriota.Saccharomonospora",2,2,0,1,0,0,0,0,0,0,0,0,0,0,0,0,0,0,0,0,0,0,0,0,0
"OTU479.Planctomycetota.Pirellula",2,2,0,0,0,0,0,0,1,0,0,0,0,0,0,0,0,0,0,0,0,0,0,0,0
"OTU480.Planctomycetota.Pir4|lineage",2,0,0,0,1,1,0,0,0,0,0,1,2,0,1,0,0,1,0,1,0,0,1,0,1
"OTU481.Planctomycetota.Blastopirellula",0,2,1,0,0,0,1,0,0,0,0,0,0,0,0,0,0,0,0,0,0,0,0,0,0
"OTU482.Verrucomicrobiota.Chthoniobacter",0,0,0,0,0,0,0,1,0,0,0,0,0,0,0,0,0,0,1,0,1,2,1,1,0
"OTU483.Armatimonadota._",0,1,1,0,0,0,0,0,0,0,0,3,2,0,1,2,3,2,2,3,1,0,0,1,0
"OTU484.Cyanobacteria.Leptolyngbya|ANT.L52.2",0,0,0,0,0,0,0,0,0,0,1,0,0,0,0,0,0,0,0,0,0,0,0,0,0
"OTU485.Chloroflexi._",0,0,1,0,0,0,0,0,0,0,0,0,0,0,0,0,0,0,0,0,0,0,0,0,0
"OTU486.Acidobacteriota.Subgroup|10",0,0,0,0,0,1,0,1,0,0,0,0,0,0,0,0,0,0,0,0,0,0,0,0,0
"OTU487.NB1-j._",0,0,0,1,0,0,0,0,0,0,0,0,0,0,0,0,0,0,0,0,0,0,0,0,0
"OTU488.Thermoplasmatota._",2,0,1,0,0,0,0,0,0,0,0,0,0,0,0,0,0,0,0,0,0,0,0,0,0
"OTU489.Myxococcota.Haliangium",0,4,1,3,0,2,1,1,0,1,1,0,1,0,1,1,1,0,0,0,2,2,0,1,1
"OTU490.Actinobacteriota.Aeromicrobium",1,1,3,0,2,0,0,2,2,0,3,2,1,2,0,0,0,0,0,0,1,3,0,2,3
"OTU491.Actinobacteriota._",1,0,0,1,1,0,1,0,0,0,2,0,0,3,0,1,1,1,0,3,1,0,0,0,0
"OTU492.Planctomycetota.Fimbriiglobus",1,0,0,0,0,0,0,0,0,0,0,0,0,0,0,1,0,0,0,1,0,0,0,0,0
"OTU493.Cyanobacteria.Lyngbya|PCC-7419",0,0,0,0,0,0,0,0,0,0,0,0,0,0,0,0,0,0,0,0,0,0,0,0,0
"OTU494.Proteobacteria.Sphingomonas",2,2,0,0,1,0,1,1,1,2,1,1,5,0,0,2,4,0,2,1,0,1,4,4,4
"OTU495.Actinobacteriota.Actinoplanes",0,2,0,0,0,0,0,0,1,0,0,0,0,0,0,0,2,1,1,0,0,0,0,0,0
"OTU496.Acidobacteriota._",0,0,0,2,0,0,0,0,0,0,0,0,0,0,0,0,0,0,0,0,0,0,0,0,0
"OTU497.Acidobacteriota.uncultured|Acidobacteria|bacterium",0,0,2,0,1,0,0,0,0,0,0,0,0,19,0,0,0,0,0,0,0,0,0,0,0
"OTU498.Actinobacteriota._",0,0,0,0,0,0,0,1,0,0,0,1,0,0,0,0,0,0,0,0,0,1,0,0,0
"OTU499.Proteobacteria.Pedomicrobium",3,3,1,0,1,1,5,0,0,0,0,0,0,3,0,3,0,4,2,2,2,0,6,2,2
"OTU500.Planctomycetota.Pir4|lineage",0,0,1,0,0,0,0,0,0,0,0,0,0,0,0,0,0,0,0,0,0,0,0,0,0
"OTU501.Actinobacteriota._",1,1,2,0,0,0,1,2,4,0,1,5,0,0,0,2,2,2,2,3,1,1,1,1,0
"OTU502.Proteobacteria._",0,0,0,3,4,0,3,0,0,2,5,0,2,2,2,0,1,0,0,0,1,0,1,0,0
"OTU503.Actinobacteriota.Luedemannella",0,0,1,0,0,0,0,0,0,0,0,0,0,0,1,2,0,0,1,1,1,2,0,0,2
"OTU504.Acidobacteriota._",1,0,1,1,0,1,0,8,1,0,4,0,1,1,2,0,0,0,0,1,2,4,14,4,2
"OTU505.Chloroflexi.Anaerolinea",0,0,0,0,0,0,0,0,1,0,0,0,0,0,0,0,0,0,0,0,0,0,0,0,0
"OTU506.Myxococcota.Nannocystis",0,2,2,0,0,3,0,0,1,1,0,0,0,1,1,2,2,0,1,0,3,0,0,0,0
"OTU507.Acidobacteriota.Subgroup|10",2,1,1,2,0,0,0,1,3,1,0,0,0,0,1,0,0,0,0,0,0,0,0,0,0
"OTU508.Chloroflexi._",0,0,0,0,0,0,1,0,0,0,0,0,0,0,0,0,0,0,0,0,0,0,0,0,0
"OTU509.Actinobacteriota.Gaiella",1,1,0,1,0,0,0,2,0,3,1,2,1,0,5,8,7,8,0,6,4,3,2,4,3
"OTU510.Desulfobacterota.Syntrophobacter",0,0,0,1,0,0,1,0,0,0,0,0,0,0,1,0,0,0,0,0,0,0,0,0,0
"OTU511.Acidobacteriota.Luteitalea",0,0,0,1,0,0,0,2,0,1,0,0,0,0,0,1,0,1,0,1,1,1,7,1,0
"OTU512.Firmicutes.Paenibacillus",0,0,0,0,0,0,0,0,0,0,0,0,0,0,0,0,0,0,0,0,0,0,0,0,0
"OTU513.Thermoplasmatota._",0,1,1,0,1,0,2,6,0,1,3,0,3,1,0,2,5,4,0,2,1,1,1,1,5
"OTU514.Planctomycetota.Pir4|lineage",0,0,0,0,0,0,0,0,0,0,1,0,0,0,1,0,0,0,0,0,0,0,0,0,0
"OTU515.Chloroflexi.Ardenticatena",0,0,0,0,0,0,0,0,0,0,0,0,0,0,0,0,0,0,0,0,0,0,0,0,0
"OTU516.Chloroflexi._",0,0,0,1,0,0,1,2,0,0,0,1,1,0,2,0,0,0,0,0,1,1,1,0,0
"OTU517.Entotheonellaeota.Candidatus|Entotheonella",0,0,0,3,0,0,2,0,0,1,0,0,0,0,2,0,1,1,3,0,1,0,0,0,0
"OTU518.Nitrospirota.Nitrospira",0,0,0,0,0,0,0,0,0,0,0,1,0,0,0,0,0,0,0,0,0,0,0,0,0
"OTU519.Proteobacteria.Halomonas|sp.|NO4",0,0,0,0,0,1,0,0,0,0,0,0,11,18,0,0,0,0,0,0,0,0,0,0,0
"OTU520.Chloroflexi._",0,0,1,2,2,2,0,0,2,0,2,4,2,0,0,4,2,1,3,3,1,0,0,1,1
"OTU521.Actinobacteriota._",0,0,1,0,0,1,0,0,0,0,0,1,0,1,1,1,0,1,0,2,0,0,0,0,0
"OTU522.Actinobacteriota._",0,0,2,0,0,0,1,1,2,0,0,1,2,0,0,1,4,1,2,4,0,0,0,0,0
"OTU523.Planctomycetota._",0,0,1,0,0,0,0,0,0,0,0,0,0,0,1,0,0,0,0,0,0,0,0,0,0
"OTU524.Chloroflexi._",1,0,0,0,2,2,0,0,0,2,3,1,0,0,0,0,1,1,3,1,1,1,0,0,0
"OTU525.Proteobacteria.Luteimonas",0,0,0,0,0,0,0,0,1,1,0,0,2,0,0,0,0,0,0,0,0,1,0,0,0
"OTU526.Gemmatimonadota._",0,0,0,0,0,0,1,0,0,0,0,0,0,0,0,0,0,0,0,0,0,0,0,0,0
"OTU527.Planctomycetota.Pir4|lineage",0,0,1,1,0,0,0,0,1,0,1,0,0,1,0,0,0,0,0,0,0,0,0,0,0
"OTU528.Acidobacteriota.metagenome",0,0,0,0,0,0,0,0,1,0,0,0,0,0,0,1,0,0,1,1,2,0,1,2,1
"OTU529.Chloroflexi.uncultured|Chloroflexi|bacterium",0,0,2,0,3,0,0,2,1,0,3,1,0,0,0,0,1,0,0,0,1,0,0,2,2
"OTU530.Actinobacteriota.Gaiella",3,3,5,0,3,1,1,12,5,2,4,1,5,5,2,1,0,1,0,2,4,7,5,13,6
"OTU531.Bacteroidota._",0,0,0,0,0,1,0,0,0,0,0,0,0,0,0,0,0,0,0,0,0,0,0,0,0
"OTU532.Proteobacteria._",2,1,1,0,0,0,1,0,0,1,0,2,0,1,1,0,1,0,0,1,1,0,0,1,0
"OTU533.Cyanobacteria._",0,0,0,0,0,0,0,0,0,0,1,0,0,0,0,0,0,0,0,0,0,0,0,1,0
"OTU534.Actinobacteriota._",0,1,1,0,0,0,0,0,0,0,0,0,0,0,0,0,0,0,0,0,0,0,0,0,0
"OTU535.Verrucomicrobiota.Alterococcus",0,0,0,2,0,0,0,0,0,0,0,0,0,0,0,0,0,0,0,0,0,0,0,0,0
"OTU536.Planctomycetota.Rhodopirellula",0,1,0,0,0,0,0,0,0,0,0,0,0,1,0,0,0,0,0,0,0,0,0,0,0
"OTU537.Planctomycetota.Fimbriiglobus",2,0,1,1,0,0,0,0,1,1,1,0,3,0,1,0,1,2,0,0,1,4,5,3,3
"OTU538.Gemmatimonadota._",1,0,0,2,0,0,0,0,0,0,0,0,1,2,0,3,2,0,3,4,1,3,0,4,3
"OTU539.Chloroflexi._",0,1,0,0,1,1,0,0,0,0,1,0,0,0,0,0,0,1,0,0,1,0,1,0,1
"OTU540.Acidobacteriota.Bryobacter",1,1,1,1,0,0,0,0,1,0,0,1,0,0,0,0,0,0,0,0,1,0,0,1,1
"OTU541.Proteobacteria.Ellin6067",4,2,1,0,0,3,4,8,6,1,0,2,0,2,0,1,1,0,1,1,2,3,5,3,6
"OTU542.NB1-j._",0,0,0,0,0,0,0,0,0,0,0,0,3,0,1,0,0,0,0,0,1,1,1,0,0
"OTU543.Proteobacteria._",1,1,0,0,0,0,0,0,0,0,0,0,0,0,0,0,0,0,0,0,0,0,0,0,0
"OTU544.Chloroflexi._",2,0,1,0,0,0,0,1,1,1,0,0,1,1,1,0,3,2,1,1,3,3,1,1,2
"OTU545.Actinobacteriota._",1,0,2,0,1,0,0,1,0,2,0,1,0,0,0,3,2,1,5,2,2,4,1,0,3
"OTU546.Proteobacteria.Pelagibius",0,3,2,0,0,0,0,0,1,0,0,0,0,0,0,0,0,0,0,0,0,0,0,0,0
"OTU547.Cyanobacteria.Oscillatoria",0,0,0,0,0,0,0,0,0,0,0,0,0,0,0,0,0,0,0,0,0,0,0,0,0
"OTU548.Chloroflexi._",1,0,0,0,0,0,0,0,1,1,0,0,0,0,1,1,0,0,0,0,0,0,0,1,0
"OTU549.Proteobacteria.Lysobacter",0,1,0,0,0,0,1,1,0,0,0,1,2,0,0,0,0,0,0,0,0,0,0,1,0
"OTU550.Gemmatimonadota._",0,0,0,1,0,0,0,1,1,0,0,0,0,0,0,0,1,1,0,1,0,0,0,0,2
"OTU551.Chloroflexi._",2,0,0,0,0,0,0,0,0,0,0,0,0,0,0,0,0,0,0,0,0,0,0,1,0
"OTU552.Bacteroidota.Pontibacter",0,0,0,0,0,0,0,0,0,0,0,1,0,40,0,0,0,0,0,0,0,0,0,0,0
"OTU553.Proteobacteria.Acuticoccus",0,0,0,0,1,2,0,0,2,0,0,0,0,0,0,0,0,0,0,0,0,0,0,0,0
"OTU554.Desulfobacterota._",0,0,0,0,0,0,0,0,0,0,1,0,0,0,2,0,0,0,0,0,0,0,0,0,0
"OTU555.Firmicutes.Brevibacillus",1,1,0,0,1,0,0,9,0,0,0,1,0,0,0,1,1,1,0,0,1,2,5,4,0
"OTU556.Chloroflexi._",0,0,0,0,0,0,0,0,1,0,0,0,1,0,0,0,0,0,0,0,0,0,0,0,0
"OTU557.Acidobacteriota._",0,0,0,0,0,0,1,0,0,1,0,2,0,0,1,0,1,0,0,0,0,0,1,0,2
"OTU558.Chloroflexi._",0,0,0,0,1,0,0,0,0,0,0,0,0,0,0,0,0,0,0,0,0,0,0,0,0
"OTU559.Planctomycetota._",0,0,0,1,0,0,0,0,0,0,2,0,0,0,0,1,2,0,0,0,0,1,0,0,1
"OTU560.Verrucomicrobiota.uncultured|subdivision|3|bacterium",1,0,1,0,0,0,0,0,0,0,1,0,0,2,1,0,1,0,0,1,1,1,1,2,0
"OTU561.Actinobacteriota._",0,0,1,0,0,0,0,1,0,0,1,0,1,0,0,0,0,0,0,0,0,0,0,0,0
"OTU562.Gemmatimonadota._",0,0,1,0,0,0,0,0,0,0,1,0,0,0,0,0,1,1,0,0,0,0,0,0,0
"OTU563.Acidobacteriota.uncultured|Acidobacteria|bacterium",1,0,0,1,1,1,1,0,3,2,1,0,0,0,1,3,7,2,3,3,0,0,0,0,0
"OTU564.Planctomycetota.SH-PL14",0,0,0,0,0,0,0,3,0,0,1,0,0,0,2,0,2,0,1,0,0,0,1,0,1
"OTU565.Bacteroidota.Pontibacter",0,0,0,0,0,0,0,0,1,0,0,1,0,38,0,2,0,1,2,0,0,0,0,2,1
"OTU566.Firmicutes.Salipaludibacillus",1,0,0,0,0,0,0,0,0,0,0,0,0,0,0,1,0,1,1,0,0,0,0,0,0
"OTU567.Proteobacteria.Tagaea",0,0,0,0,0,0,0,0,0,0,0,0,0,0,0,0,0,0,0,0,0,0,0,0,0
"OTU568.Planctomycetota.uncultured|planctomycete",1,1,0,0,1,0,0,0,0,6,0,0,0,0,0,0,1,0,0,0,0,0,0,0,0
"OTU569.Chloroflexi._",0,0,0,0,1,0,0,0,0,0,0,1,0,0,0,0,0,0,0,0,0,0,0,0,0
"OTU570.Gemmatimonadota._",0,1,0,0,0,0,0,0,0,0,1,0,0,0,0,1,0,0,0,0,0,0,0,0,0
"OTU571.Chloroflexi.uncultured|soil|bacterium",0,0,0,0,0,0,0,0,0,0,0,0,0,0,0,1,0,0,0,1,0,1,0,0,0
"OTU572.Acidobacteriota._",0,0,0,0,0,0,1,0,0,1,0,1,0,28,1,0,0,0,0,0,1,1,2,1,2
"OTU573.Acidobacteriota._",1,0,0,0,0,0,0,1,0,0,0,1,0,1,1,0,0,1,0,0,2,0,1,1,0
"OTU574.Acidobacteriota._",0,1,0,0,0,0,0,0,0,1,0,0,2,0,3,0,1,2,0,0,0,1,1,0,1
"OTU575.Acidobacteriota.Blastocatella",2,0,1,0,0,0,0,0,1,0,0,0,0,0,1,0,0,1,0,0,0,0,0,0,0
"OTU576.Acidobacteriota.Subgroup|10",1,0,0,0,0,0,2,0,1,0,0,1,0,0,0,0,0,0,0,0,0,0,0,0,0
"OTU577.Planctomycetota.Gemmata",0,0,1,0,2,1,1,1,0,0,0,1,0,0,0,3,3,3,2,1,0,0,1,0,1
"OTU578.Chloroflexi._",0,0,0,0,0,0,0,0,0,0,0,0,0,0,0,0,0,0,0,0,0,0,0,0,0
"OTU579.Proteobacteria.Defluviicoccus",0,1,0,0,0,1,1,0,0,0,0,0,0,0,1,1,0,3,1,1,0,1,0,0,0
"OTU580.Planctomycetota.uncultured|planctomycete",0,0,1,0,0,0,0,0,2,0,0,0,0,0,0,0,0,0,0,0,0,0,0,0,0
"OTU581.Cyanobacteria.uncultured|cyanobacterium",0,0,0,0,0,0,0,0,0,0,0,0,0,0,0,0,0,0,0,0,0,0,0,0,0
"OTU582.Actinobacteriota.Gaiella",0,0,1,0,1,1,0,4,1,1,2,2,0,1,0,0,0,2,2,2,1,2,0,1,2
"OTU583.Verrucomicrobiota._",1,0,0,0,0,0,0,0,1,0,0,2,0,0,1,2,4,0,1,1,1,2,1,0,0
"OTU584.Proteobacteria.Aminobacter",0,0,0,0,1,0,0,0,0,0,0,0,0,0,0,1,1,1,0,0,0,3,0,0,0
"OTU585.Proteobacteria.Pseudorhodoplanes",0,1,0,0,0,0,0,0,0,0,0,2,0,12,0,0,0,0,0,0,1,0,0,0,0
"OTU586.Chloroflexi._",0,0,0,0,0,0,0,0,0,0,0,1,0,0,0,0,0,0,0,0,0,0,0,0,0
"OTU587.Armatimonadota._",2,1,0,1,0,0,0,0,0,3,0,0,2,0,0,2,1,2,1,0,0,0,0,0,0
"OTU588.Chloroflexi._",0,0,0,0,0,2,0,0,2,0,0,0,0,0,0,0,0,0,0,0,1,0,0,0,0
"OTU589.Verrucomicrobiota.Luteolibacter",0,0,7,0,0,0,0,0,0,0,0,2,0,0,0,0,0,1,0,0,0,0,0,0,0
"OTU590.Actinobacteriota.Modestobacter",0,0,0,0,0,1,0,0,0,0,0,0,0,0,0,0,0,0,0,0,0,0,0,0,0
"OTU591.Methylomirabilota._",0,0,0,0,0,0,0,0,1,0,0,1,0,0,0,0,0,2,0,0,3,0,0,2,2
"OTU592.Actinobacteriota.Longispora",1,0,3,0,0,0,0,0,0,0,0,0,0,2,0,0,0,0,0,0,0,0,0,0,0
"OTU593.Planctomycetota._",0,1,0,0,0,0,0,0,0,1,0,1,0,0,0,0,0,0,0,1,1,2,2,0,1
"OTU594.Chloroflexi._",0,0,0,0,0,2,0,0,1,0,0,0,0,0,0,1,1,0,1,2,0,1,0,1,1
"OTU595.Acidobacteriota.Bryobacter",0,1,0,0,1,0,0,0,1,2,4,1,1,0,1,1,2,1,1,1,0,0,0,0,1
"OTU596.Planctomycetota.Pir4|lineage",0,1,0,0,0,0,0,0,0,0,0,0,4,0,0,0,0,0,0,0,0,0,0,0,0
"OTU597.Chloroflexi._",0,2,2,0,0,0,0,0,0,0,0,0,0,0,0,0,0,0,1,1,0,0,0,0,0
"OTU598.Actinobacteriota.Agromyces",2,1,2,0,9,1,1,6,1,0,2,0,2,0,0,1,2,1,2,3,0,0,1,3,1
"OTU599.Gemmatimonadota._",1,0,0,0,0,1,0,0,1,0,1,0,4,0,1,0,0,0,0,2,1,0,1,0,0
"OTU600.Chloroflexi._",2,1,0,0,0,0,0,0,4,0,2,0,0,0,0,0,0,0,1,4,0,0,0,0,0
"OTU601.Actinobacteriota.Ilumatobacter",1,0,0,0,1,0,1,0,1,3,1,2,3,2,1,4,5,4,3,6,2,1,1,1,3
"OTU602.Actinobacteriota.Gaiella",0,0,1,0,0,0,0,0,0,0,1,1,0,0,0,0,0,0,1,0,1,2,1,1,1
"OTU603.Chloroflexi._",0,1,0,0,0,0,0,0,0,0,1,0,0,0,0,0,0,0,0,0,0,0,0,0,0
"OTU604.Proteobacteria.Wenxinia",0,0,0,2,0,0,0,0,0,0,0,0,0,0,0,0,0,0,0,0,0,0,0,0,0
"OTU605.Actinobacteriota._",1,0,0,0,0,0,0,0,0,0,0,0,0,0,0,0,2,0,0,0,0,0,0,0,0
"OTU606.Chloroflexi.uncultured|Chloroflexi|bacterium",0,0,0,0,0,0,0,0,0,1,1,0,0,0,0,0,0,0,0,0,0,0,0,0,0
"OTU607.Chloroflexi._",0,2,0,0,0,0,0,0,0,0,0,0,0,0,0,2,0,0,0,2,0,0,0,0,0
"OTU608.Acidobacteriota._",2,2,0,0,0,0,1,0,0,0,0,0,1,27,1,1,0,0,0,1,1,2,2,2,1
"OTU609.Planctomycetota.Pirellula",1,0,0,1,3,0,1,4,0,2,0,1,0,0,3,2,0,2,0,0,7,4,2,7,2
"OTU610.Entotheonellaeota.Candidatus|Entotheonella",0,0,0,0,0,0,0,0,0,0,0,0,0,0,0,0,0,0,0,0,0,0,0,0,0
"OTU611.Chloroflexi._",0,0,0,0,0,0,0,2,1,2,1,2,2,0,0,1,2,2,1,0,2,0,2,0,1
"OTU612.Actinobacteriota._",0,0,0,0,0,0,0,0,0,0,0,0,0,0,1,0,0,0,0,0,0,0,0,0,0
"OTU613.Actinobacteriota.Iamia",1,0,0,0,0,0,0,0,0,1,0,0,0,0,0,0,0,0,0,0,0,0,0,0,0
"OTU614.Planctomycetota._",0,0,0,0,0,1,1,1,1,0,0,1,0,1,0,1,2,1,0,0,2,0,0,0,0
"OTU615.Chloroflexi._",0,0,0,0,0,1,0,0,0,0,2,0,0,0,0,0,0,0,0,0,0,0,0,0,0
"OTU616.Firmicutes.Bacillus",0,2,0,0,0,0,0,0,0,0,0,0,0,0,0,0,0,0,0,0,0,0,0,0,0
"OTU617.Proteobacteria.Bauldia",0,0,0,1,0,0,0,0,0,0,0,0,0,0,2,0,0,0,0,0,0,0,0,0,0
"OTU618.Myxococcota._",2,0,1,3,0,0,0,0,0,0,0,0,0,0,0,0,0,0,0,0,1,1,0,0,0
"OTU619.Actinobacteriota.Actinophytocola",1,1,2,1,1,0,0,1,1,1,1,0,1,1,0,0,0,0,0,0,1,0,3,1,1
"OTU620.Actinobacteriota.Cellulomonas",0,1,1,2,0,5,0,3,0,4,1,1,2,0,8,0,0,2,2,1,0,1,5,1,3
"OTU621.Planctomycetota.Pir4|lineage",4,0,1,0,0,0,1,0,1,0,0,1,1,0,1,0,0,0,0,0,0,1,0,0,0
"OTU622.Actinobacteriota.uncultured|soil|bacterium",0,0,0,0,0,0,1,0,0,0,0,0,0,0,0,0,1,0,0,0,0,0,0,0,0
"OTU623.Acidobacteriota.Vicinamibacter",0,1,2,0,0,0,0,2,1,1,0,1,2,2,1,0,0,0,0,0,2,2,4,1,3
"OTU624.Planctomycetota._",0,0,0,0,0,0,0,1,0,0,2,0,0,0,0,0,0,0,1,0,0,0,0,0,0
"OTU625.Actinobacteriota._",0,1,0,0,1,0,1,1,0,0,0,0,0,1,0,2,1,1,0,1,1,0,1,0,0
"OTU626.Planctomycetota.uncultured|Planctomyces|sp",0,0,0,1,0,0,0,0,2,0,0,0,0,0,0,0,0,0,1,0,0,0,0,0,0
"OTU627.Chloroflexi._",0,0,0,0,0,0,1,0,0,0,0,0,0,0,0,0,0,0,0,0,0,0,0,0,0
"OTU629.Gemmatimonadota._",0,1,1,1,0,0,0,0,0,0,1,0,0,1,0,1,4,1,0,0,0,0,0,0,0
"OTU630.Planctomycetota.Rhodopirellula",4,0,0,0,0,0,1,2,0,0,0,0,0,0,1,0,0,1,0,0,0,0,0,0,0
"OTU631.Planctomycetota.Pir4|lineage",0,0,1,0,0,0,1,0,0,0,0,0,0,0,0,0,0,0,0,0,0,0,0,0,0
"OTU632.Proteobacteria._",0,0,0,0,0,0,0,0,0,0,0,0,0,0,1,0,0,0,0,0,0,0,0,0,0
"OTU633.Chloroflexi._",0,0,0,0,0,2,0,0,0,1,0,0,0,0,0,0,0,0,0,0,0,0,0,0,0
"OTU634.Sumerlaeota.Sumerlaea",0,1,1,0,0,0,0,1,0,1,0,0,0,0,0,0,0,1,0,2,2,0,0,0,1
"OTU635.Actinobacteriota.Nocardioides",0,0,1,0,3,2,1,2,2,1,0,3,6,0,1,3,2,1,3,2,1,4,4,2,3
"OTU636.Planctomycetota._",0,0,0,1,0,0,0,0,1,0,0,0,0,0,0,0,1,0,0,0,0,0,0,0,0
"OTU637.Planctomycetota.AKYG587",0,0,0,0,0,0,0,0,0,0,0,0,0,0,0,0,0,0,0,0,0,0,0,0,0
"OTU638.Planctomycetota._",0,0,0,1,0,0,1,0,0,1,3,0,0,0,0,2,2,1,3,0,0,0,0,1,0
"OTU639.Myxococcota.Nannocystis",1,0,2,0,0,0,0,1,0,0,0,0,0,0,0,1,1,0,0,0,0,2,0,1,0
"OTU640.Planctomycetota.Rhodopirellula",0,0,0,0,0,0,0,0,1,0,0,1,0,1,1,1,0,1,0,1,0,0,0,0,1
"OTU641.Actinobacteriota._",3,1,0,0,0,0,1,0,0,0,0,0,0,0,1,0,0,1,0,1,1,1,1,0,0
"OTU642.Proteobacteria._",0,1,0,0,0,0,0,0,0,0,0,0,0,0,0,0,0,0,0,0,0,0,0,0,0
"OTU643.Acidobacteriota.RB41",0,1,2,2,0,0,0,0,0,0,0,0,0,0,0,0,0,0,0,0,0,0,0,0,1
"OTU644.Chloroflexi._",0,0,0,4,5,2,10,0,1,1,4,2,0,0,0,0,0,0,0,0,0,1,0,2,2
"OTU645.Planctomycetota.Pirellula",0,1,0,0,1,0,0,1,0,0,1,0,0,0,0,0,0,0,0,0,0,0,0,1,1
"OTU646.Acidobacteriota.Subgroup|10",0,0,0,0,0,0,0,4,0,0,1,0,0,0,0,0,1,0,0,0,0,1,0,0,0
"OTU647.Acidobacteriota._",1,0,0,1,0,0,0,0,0,0,0,0,0,0,0,0,0,0,0,0,0,0,0,0,0
"OTU648.Thermoplasmatota._",0,3,1,0,1,0,0,0,0,0,1,0,0,1,0,0,0,0,0,0,0,0,0,0,0
"OTU649.Proteobacteria._",0,0,1,0,0,0,0,0,0,0,0,0,0,0,0,0,0,0,0,0,1,0,0,0,0
"OTU650.Crenarchaeota.Candidatus|Nitrosopumilus",0,0,1,0,0,0,0,0,0,0,0,0,1,0,0,0,0,0,0,0,0,0,0,0,0
"OTU651.Acidobacteriota.Bryobacter",0,0,0,1,0,0,0,1,0,0,0,0,1,0,1,0,1,0,0,0,0,0,1,0,0
"OTU652.Acidobacteriota._",3,5,4,10,5,0,4,7,1,7,3,3,0,11,12,1,5,7,1,1,5,8,4,14,6
"OTU653.Desulfobacterota.Geoalkalibacter",0,0,0,0,0,0,0,0,1,0,0,0,0,0,0,0,0,0,0,0,0,0,0,0,0
"OTU654.Chloroflexi._",0,0,0,0,0,0,0,0,0,0,0,2,0,1,0,0,1,1,0,0,2,1,0,3,3
"OTU655.Cyanobacteria.Sphaerospermopsis|BCCUSP55",0,0,0,0,0,0,0,0,0,0,0,0,0,0,1,0,0,0,0,0,0,0,0,0,0
"OTU656.Planctomycetota.Planctomicrobium",0,3,0,0,0,0,0,1,0,0,0,1,0,0,0,0,0,0,1,0,1,1,1,0,1
"OTU657.Planctomycetota._",0,0,0,0,0,0,0,0,0,0,1,0,0,1,1,1,7,0,0,0,1,0,0,0,0
"OTU658.Proteobacteria.uncultured|Burkholderiales|bacterium",0,1,0,0,0,0,1,0,0,1,0,0,0,0,1,0,0,0,0,0,1,1,2,0,0
"OTU659.Bacteroidota._",1,0,0,0,1,0,2,0,0,2,1,0,0,0,0,1,1,0,5,3,0,0,0,1,0
"OTU660.Chloroflexi._",0,0,0,0,0,1,0,0,0,0,0,0,0,0,0,1,0,0,0,0,0,0,0,0,0
"OTU661.Actinobacteriota.Solirubrobacter",0,0,0,1,1,0,2,1,2,1,1,1,0,0,3,1,2,2,4,1,2,2,0,0,1
"OTU662.Gemmatimonadota._",1,1,2,0,0,0,0,1,0,1,0,0,0,0,1,4,1,2,0,0,0,0,0,0,0
"OTU663.Entotheonellaeota._",0,0,0,0,0,0,0,0,0,0,0,0,0,0,0,0,0,0,0,0,0,0,0,0,0
"OTU664.Planctomycetota._",0,0,3,0,1,0,1,0,1,1,1,0,0,0,1,1,4,4,3,2,0,0,0,2,1
"OTU665.Chloroflexi._",0,0,0,0,0,0,0,0,0,1,0,1,0,0,0,0,0,0,0,0,0,0,0,0,0
"OTU666.Actinobacteriota._",0,0,0,0,0,0,0,1,0,0,0,2,0,0,0,0,0,0,0,0,0,0,0,0,0
"OTU667.Chloroflexi._",1,0,0,0,0,0,0,0,1,0,0,0,0,0,0,0,0,0,0,0,0,0,0,0,0
"OTU668.Actinobacteriota.Mycobacterium",0,0,0,0,0,0,0,0,0,0,0,0,0,0,0,0,0,0,0,0,0,0,0,0,0
"OTU669.Proteobacteria._",0,0,0,1,0,0,1,0,0,0,0,0,0,0,0,0,1,0,0,0,0,0,0,0,0
"OTU670.Chloroflexi._",0,0,1,1,0,0,0,0,0,0,2,0,0,0,0,0,0,0,0,0,0,0,0,0,0
"OTU671.Proteobacteria.MND1",2,0,2,0,0,0,0,0,2,0,0,0,0,0,0,0,1,1,0,0,3,0,1,0,1
"OTU672.Myxococcota.Anaeromyxobacter",0,0,0,0,0,0,0,0,1,0,0,1,0,0,1,0,0,0,0,0,0,0,0,0,0
"OTU673.Gemmatimonadota._",0,0,0,0,0,0,0,0,0,0,0,0,0,0,0,0,0,1,0,0,0,0,0,0,0
"OTU674.Planctomycetota.Pirellula",1,1,0,0,0,0,0,0,0,0,1,1,0,2,0,0,1,0,0,0,0,1,0,0,0
"OTU675.Planctomycetota._",0,0,0,0,0,0,0,0,0,0,0,0,0,0,0,0,0,0,0,0,0,0,0,0,0
"OTU676.Acidobacteriota._",0,0,0,0,0,0,0,0,0,0,0,0,0,0,0,0,0,0,0,0,0,0,0,0,0
"OTU677.Actinobacteriota._",1,0,0,1,0,0,0,0,0,4,0,0,0,0,0,0,0,0,1,0,0,0,1,0,0
"OTU678.Chloroflexi._",0,0,0,0,0,0,0,0,1,0,1,0,1,0,0,1,0,0,0,0,0,0,0,0,0
"OTU679.Gemmatimonadota._",0,0,0,0,0,0,0,1,0,1,0,1,0,0,0,0,0,1,0,0,0,1,2,3,1
"OTU680.Verrucomicrobiota._",1,0,1,0,0,0,0,2,1,0,1,1,0,0,1,1,2,2,1,2,0,0,0,1,0
"OTU681.Myxococcota.Haliangium",0,1,0,0,0,0,2,1,0,0,1,0,5,0,0,0,0,0,0,0,0,0,0,0,0
"OTU682.Proteobacteria._",0,3,0,2,0,0,0,0,2,0,1,1,0,0,0,0,1,0,1,0,0,0,0,0,0
"OTU683.Latescibacterota._",0,0,0,1,1,0,1,1,0,0,1,0,0,0,0,0,0,0,0,0,0,0,0,0,0
"OTU684.Proteobacteria.Reyranella",0,1,0,0,1,0,0,1,0,1,0,0,0,0,5,0,0,0,0,0,0,2,1,1,0
"OTU685.Actinobacteriota.Nocardioides",0,0,0,0,0,0,1,0,1,1,0,0,0,2,0,0,0,0,0,3,0,0,0,0,0
"OTU686.Entotheonellaeota._",0,0,0,0,0,0,0,0,2,0,0,0,0,0,0,0,0,0,0,0,0,0,0,0,0
"OTU687.Chloroflexi._",0,0,0,0,0,0,0,0,0,0,0,0,0,0,0,0,0,0,0,0,0,0,0,0,0
"OTU688.Chloroflexi._",0,0,1,0,0,0,0,0,0,0,0,0,1,0,0,0,0,0,0,0,0,0,0,0,0
"OTU689.Chloroflexi._",0,0,0,0,0,0,1,0,0,0,0,0,1,0,0,0,0,0,0,0,0,0,0,0,0
"OTU691.Proteobacteria._",0,0,1,1,0,0,0,1,0,0,0,0,0,0,0,0,0,0,0,0,0,0,0,0,0
"OTU692.Actinobacteriota._",1,1,1,0,0,0,0,0,0,0,0,0,4,0,1,0,0,0,1,0,0,2,2,3,2
"OTU693.Verrucomicrobiota.Chthoniobacter",1,0,0,0,1,3,0,0,1,3,0,1,0,1,2,3,2,1,1,1,2,3,1,1,0
"OTU694.Proteobacteria.MND1",0,1,0,1,0,0,1,0,1,0,0,0,0,0,0,1,2,1,0,2,0,0,0,0,0
"OTU695.Myxococcota.Phaselicystis",0,0,0,1,0,0,0,0,0,1,2,0,2,0,4,0,0,0,1,0,1,0,0,0,0
"OTU696.Methylomirabilota._",1,0,0,0,0,0,1,1,0,0,2,2,0,0,1,0,0,0,0,0,3,2,1,2,0
"OTU697.Proteobacteria.Geminicoccus",1,0,0,0,0,0,0,0,0,0,0,0,0,0,0,0,0,0,0,0,0,0,0,0,0
"OTU698.Proteobacteria.Massilia",0,0,0,0,6,1,1,3,1,0,0,0,0,1,2,1,0,1,1,2,0,1,0,1,1
"OTU699.Actinobacteriota.Cellulosimicrobium",0,0,0,1,0,0,1,2,0,1,0,0,0,1,0,0,0,0,0,0,1,0,0,2,0
"OTU700.Proteobacteria.MND1",0,0,7,1,0,0,0,0,1,0,0,0,0,0,0,0,0,0,0,0,0,0,0,0,0
"OTU701.Bacteroidota._",0,0,1,0,0,0,0,0,0,0,0,0,0,0,0,0,0,0,0,0,0,0,0,0,0
"OTU702.Chloroflexi._",0,0,0,0,0,0,0,0,0,0,0,0,0,0,0,0,0,0,0,0,0,0,0,0,0
"OTU703.Proteobacteria._",0,0,0,0,0,0,0,0,0,0,0,0,0,0,0,0,0,0,0,0,0,0,0,0,0
"OTU704.Bacteroidota._",1,0,1,0,0,0,0,0,0,0,0,0,0,1,0,0,0,0,0,0,0,0,0,0,0
"OTU705.Chloroflexi._",1,1,1,0,0,0,1,0,0,0,1,0,0,0,0,1,0,4,2,1,1,0,0,0,0
"OTU706.Myxococcota._",1,1,0,1,0,0,1,0,2,2,0,0,0,0,0,0,1,0,1,1,3,2,1,1,0
"OTU707.Actinobacteriota._",1,1,0,0,0,0,1,0,2,3,0,0,0,1,0,0,4,2,1,0,0,1,2,2,1
"OTU708.Firmicutes.Bacillaceae|bacterium|BM62",0,0,0,0,1,0,0,0,0,0,0,0,0,1,0,0,0,0,0,0,1,0,0,0,0
"OTU709.Acidobacteriota.Subgroup|10",0,0,1,0,0,0,0,0,0,0,0,0,0,0,0,0,0,0,0,0,0,0,0,0,0
"OTU710.NB1-j._",1,1,1,0,0,0,0,0,0,0,0,2,0,1,0,0,0,0,0,0,0,0,0,0,1
"OTU711.Planctomycetota._",0,0,0,0,0,0,0,0,0,0,1,1,0,0,0,0,1,0,0,0,0,0,0,0,1
"OTU712.Proteobacteria.Maribius",0,0,0,2,0,0,0,0,1,0,0,0,0,0,0,0,0,0,0,0,0,0,0,1,0
"OTU713.Proteobacteria._",0,3,1,0,0,1,0,0,0,0,0,0,0,1,0,0,0,0,1,0,0,0,0,0,0
"OTU714.Chloroflexi._",3,1,0,0,0,0,1,2,0,0,0,3,0,0,1,0,1,0,1,0,0,2,0,0,0
"OTU715.Acidobacteriota._",0,0,0,0,0,0,0,0,0,0,0,0,0,0,0,0,0,0,0,0,0,0,0,0,0
"OTU716.Firmicutes.Anaerosolibacter",0,0,0,0,0,0,0,0,1,1,0,0,0,0,0,0,0,0,1,0,0,0,0,0,0
"OTU717.Bacteroidota._",0,0,0,0,0,0,0,0,0,0,0,0,0,1,0,0,0,0,0,0,0,0,0,0,0
"OTU718.Chloroflexi._",0,1,2,0,0,0,0,2,0,2,1,0,0,0,0,0,1,1,1,0,0,1,1,0,0
"OTU719.Desulfobacterota._",0,0,0,0,0,0,0,1,0,0,0,0,0,0,0,0,0,0,0,0,0,0,0,0,0
"OTU720.Proteobacteria._",0,0,4,0,0,0,0,0,0,1,0,0,0,0,1,0,0,0,3,0,1,0,0,0,0
"OTU721.Planctomycetota.Gemmata",1,0,0,0,0,0,0,1,3,3,0,0,0,0,0,0,0,0,1,1,0,2,2,3,3
"OTU722.Planctomycetota.Pirellula",2,0,0,0,1,0,1,0,0,0,0,1,0,1,1,0,0,1,0,0,0,0,1,1,0
"OTU723.Actinobacteriota.metagenome",0,0,0,0,0,0,0,3,0,1,2,0,0,0,0,0,1,3,1,1,3,2,1,1,2
"OTU724.Planctomycetota._",0,2,1,0,0,0,1,0,0,0,0,0,0,0,0,2,2,0,4,2,0,0,0,0,0
"OTU725.Acidobacteriota.Blastocatella",0,0,0,0,1,0,0,0,1,0,0,0,0,0,1,0,0,0,0,0,0,0,1,2,0
"OTU726.Planctomycetota.uncultured|Planctomycetia|bacterium",0,0,0,0,0,0,0,0,0,0,0,0,0,1,0,0,0,0,0,0,1,0,0,0,0
"OTU727.Firmicutes._",0,0,0,0,0,0,0,1,1,0,1,1,1,0,1,0,0,1,4,0,2,1,0,2,0
"OTU728.Methylomirabilota._",0,0,0,0,0,0,0,0,1,0,1,1,0,0,0,0,0,0,0,0,1,0,2,2,2
"OTU729.Proteobacteria._",0,2,0,0,2,0,0,0,0,0,0,0,0,0,0,0,0,0,0,0,0,0,0,0,0
"OTU730.Proteobacteria.Aurantimonas",1,0,0,0,8,1,0,0,0,0,0,0,0,0,0,0,0,0,0,0,0,0,0,1,0
"OTU731.Actinobacteriota.Saccharothrix",0,0,0,0,0,0,0,1,1,0,0,0,1,1,1,0,0,1,0,1,0,0,3,2,0
"OTU732.Firmicutes.Jeotgalibacillus",0,0,0,0,0,1,0,1,0,0,0,0,2,0,0,0,0,0,0,1,0,0,0,0,0
"OTU733.Gemmatimonadota._",0,0,0,0,0,0,0,0,0,0,0,0,0,0,0,0,0,0,0,0,0,0,0,0,0
"OTU734.Acidobacteriota.Subgroup|10",0,0,0,0,0,0,0,2,1,0,1,0,3,2,0,1,0,0,1,3,1,1,0,0,0
"OTU735.Proteobacteria.Skermanella",2,0,0,1,0,0,0,0,2,1,2,1,1,0,0,1,1,1,2,0,1,0,1,1,0
"OTU736.Actinobacteriota.uncultured|actinobacterium",1,0,0,0,0,0,0,0,1,0,0,0,0,0,0,0,0,0,1,0,0,0,0,0,0
"OTU737.Planctomycetota.SH-PL14",2,0,1,2,0,0,0,0,0,0,0,0,0,0,0,0,0,0,0,1,0,0,0,0,0
"OTU738.Actinobacteriota.Dactylosporangium",1,0,1,0,0,0,0,2,0,1,0,2,0,0,1,2,0,0,0,1,1,3,2,2,3
"OTU739.Planctomycetota._",0,0,0,0,0,0,0,0,0,1,1,1,0,0,0,1,1,1,1,0,1,0,0,0,0
"OTU740.Actinobacteriota._",0,0,0,0,0,0,1,0,0,0,0,0,0,0,1,1,2,0,1,1,0,0,1,0,0
"OTU741.Gemmatimonadota._",0,0,0,0,0,0,0,0,0,0,0,0,0,0,0,0,0,0,0,0,0,0,0,0,0
"OTU742.Bacteroidota.Marivirga",0,0,1,2,0,0,0,0,0,0,0,0,0,0,0,0,0,0,0,0,1,0,0,0,0
"OTU743.Gemmatimonadota._",0,0,0,1,0,0,1,2,0,0,0,0,0,0,0,0,1,0,0,0,0,0,0,0,0
"OTU744.Chloroflexi._",0,1,0,1,0,0,0,0,0,1,0,2,0,0,0,0,0,0,0,0,0,0,0,1,0
"OTU745.Sumerlaeota.Sumerlaea",0,0,0,0,1,2,0,1,0,0,1,1,0,0,1,0,2,0,1,0,0,0,0,0,0
"OTU747.Thermoplasmatota._",0,0,0,0,0,0,0,0,0,0,0,0,0,0,0,0,0,0,0,0,0,0,0,0,0
"OTU748.Chloroflexi._",0,0,0,0,0,0,0,0,0,0,0,0,0,0,0,0,0,0,0,0,0,0,0,0,0
"OTU749.Acidobacteriota.Bryobacter",0,0,1,2,0,1,1,4,0,2,1,1,0,0,1,0,1,2,2,1,1,5,2,2,3
"OTU750.Proteobacteria._",0,0,0,0,0,0,0,0,0,0,0,0,0,0,0,0,0,0,0,0,0,0,0,0,0
"OTU751.Gemmatimonadota._",0,1,0,0,0,0,0,0,0,0,0,0,0,0,1,0,0,0,0,0,0,0,0,0,0
"OTU752.Chloroflexi._",1,3,0,1,0,0,0,0,1,0,0,1,0,0,0,2,1,1,1,1,4,1,0,0,1
"OTU753.Myxococcota._",0,0,0,0,0,0,0,0,1,0,1,0,0,0,0,0,0,0,0,0,0,0,0,2,2
"OTU754.Proteobacteria.Comamonas",0,0,0,0,0,0,0,0,0,0,1,1,0,0,0,0,1,0,0,0,1,0,2,2,3
"OTU756.Planctomycetota.Gemmata",0,0,0,0,0,0,0,0,0,0,2,0,0,0,1,0,0,0,0,0,0,1,1,0,1
"OTU757.Planctomycetota._",0,0,0,0,0,0,0,0,0,0,0,0,0,0,0,0,0,0,0,0,0,0,0,0,0
"OTU758.Actinobacteriota._",1,0,1,0,0,0,0,0,0,0,0,0,0,0,0,0,0,0,0,0,0,0,0,0,0
"OTU759.Acidobacteriota._",0,0,0,0,0,0,0,0,0,0,0,0,0,0,1,0,0,0,0,0,0,0,0,0,0
"OTU760.Planctomycetota.Pir4|lineage",1,0,0,0,0,0,0,0,0,0,0,0,0,0,0,0,0,0,0,0,0,0,0,0,0
"OTU761.Chloroflexi._",1,0,0,4,0,0,0,0,0,0,1,0,0,0,0,1,0,0,3,2,2,1,2,2,1
"OTU762.Planctomycetota._",0,1,0,0,0,0,0,2,2,0,0,2,1,0,0,1,5,2,1,2,2,1,3,1,1
"OTU763.Planctomycetota._",1,1,0,2,0,0,0,0,1,1,2,0,0,0,0,2,1,1,1,1,1,0,0,1,0
"OTU764.Latescibacterota._",0,0,0,0,0,0,0,0,0,0,0,0,0,0,0,0,0,0,0,0,0,0,0,0,0
"OTU765.Proteobacteria.Rubellimicrobium",0,0,1,3,0,0,0,1,2,0,1,0,0,0,0,0,0,0,1,0,1,1,0,2,1
"OTU766.Acidobacteriota._",0,0,1,0,0,0,0,0,0,0,0,0,0,1,0,0,0,0,0,0,0,0,0,0,0
"OTU767.Proteobacteria.Methylobacterium-Methylorubrum",0,0,0,0,0,0,0,0,2,1,0,0,1,0,0,0,2,0,0,1,0,2,0,0,0
"OTU768.Acidobacteriota.uncultured|Acidobacteriales|bacterium",0,0,0,0,0,0,0,0,0,0,0,0,0,0,0,0,0,0,0,0,0,0,0,0,0
"OTU769.Acidobacteriota._",0,0,0,0,0,0,0,0,0,0,0,0,0,0,0,0,0,0,0,0,1,0,0,1,0
"OTU770.Proteobacteria.Rhodomicrobium",0,1,1,0,0,0,0,0,0,2,0,0,0,4,0,0,0,1,0,0,1,3,2,0,1
"OTU771.Planctomycetota._",0,0,0,0,0,1,1,2,0,0,0,1,0,0,0,0,2,1,1,1,0,1,0,1,1
"OTU772.Actinobacteriota.Actinoplanes",0,0,0,0,0,0,0,1,0,0,0,0,0,5,0,1,0,0,1,0,1,0,0,0,0
"OTU773.Actinobacteriota._",1,0,0,0,0,1,1,0,0,0,0,2,5,0,0,2,2,0,0,0,0,0,0,1,0
"OTU774.Proteobacteria._",0,0,0,0,0,0,0,0,0,0,0,0,0,1,0,0,0,0,0,1,0,0,0,0,0
"OTU775.Cyanobacteria.Phormidium|MBIC10003",0,0,0,0,1,0,0,0,0,0,0,0,0,0,0,0,0,0,0,0,0,0,0,0,0
"OTU776.Planctomycetota._",0,0,0,0,0,0,0,2,0,1,0,0,0,0,1,1,1,1,0,1,0,2,0,2,0
"OTU777.Actinobacteriota._",0,0,1,0,1,0,0,0,2,0,0,1,0,0,1,2,2,1,0,1,2,0,0,1,0
"OTU778.Actinobacteriota.uncultured|actinobacterium",0,0,0,0,1,1,3,0,0,1,1,0,0,0,1,2,0,0,0,0,0,1,1,0,0
"OTU779.Chloroflexi._",0,0,1,0,1,0,0,2,2,0,3,0,0,2,0,3,1,1,0,1,0,0,1,0,3
"OTU780.Myxococcota._",1,0,0,0,0,0,0,0,0,0,0,0,0,0,0,0,0,0,0,0,0,0,0,0,0
"OTU781.Proteobacteria._",0,0,1,0,0,0,0,0,0,0,0,0,4,0,0,0,0,0,0,0,0,0,0,0,0
"OTU783.Chloroflexi._",0,0,0,0,0,0,0,0,0,0,0,0,0,0,0,0,0,0,0,0,0,0,0,0,0
"OTU784.Thermoplasmatota._",0,0,0,0,0,0,1,0,0,0,0,0,0,0,2,0,0,0,0,0,0,0,0,0,0
"OTU785.Gemmatimonadota._",1,0,0,0,1,0,0,1,0,1,0,1,1,0,0,0,0,0,0,0,2,2,0,2,0
"OTU786.Firmicutes.Tumebacillus",0,0,0,0,0,0,0,0,0,0,0,0,0,0,0,0,0,0,0,0,0,0,0,0,0
"OTU787.Actinobacteriota.Actinoplanes",0,0,0,0,1,1,0,4,0,0,0,1,0,0,0,0,0,0,0,0,3,0,1,1,1
"OTU788.Planctomycetota._",0,1,1,3,1,0,0,2,0,0,1,1,0,0,0,1,1,1,2,3,0,0,2,1,1
"OTU789.Chloroflexi._",0,0,0,0,0,0,0,0,0,0,0,1,0,0,0,0,0,0,0,0,0,0,0,0,0
"OTU790.Myxococcota._",0,0,0,0,1,10,2,0,1,0,0,0,0,0,0,0,0,0,1,0,0,0,0,0,0
"OTU791.Gemmatimonadota._",2,0,0,2,0,0,0,0,2,0,0,0,0,0,1,0,0,0,0,0,0,0,0,0,0
"OTU792.Actinobacteriota.Catellatospora",0,1,0,1,0,4,1,0,3,0,1,0,2,1,1,0,1,1,1,1,0,3,0,1,2
"OTU793.Proteobacteria.Lysobacter",0,0,0,0,1,2,0,0,0,0,0,0,2,0,0,0,0,0,0,0,0,0,0,0,0
"OTU794.Chloroflexi._",0,0,0,0,0,0,0,0,0,0,0,0,0,1,0,0,0,0,0,0,0,1,0,0,0
"OTU795.Firmicutes.Pontibacillus",0,0,0,0,0,0,0,0,1,1,0,0,0,0,0,0,0,0,0,0,0,0,0,0,0
"OTU796.Planctomycetota.uncultured|planctomycete",0,0,0,0,0,0,0,0,0,0,0,0,0,0,0,0,0,0,0,0,0,0,0,0,0
"OTU797.Proteobacteria._",0,1,0,1,0,0,1,0,1,0,1,1,2,0,0,0,1,2,0,1,1,0,0,0,0
"OTU798.Chloroflexi._",0,0,0,0,0,1,0,0,0,0,1,0,0,0,0,0,0,0,0,0,0,0,0,0,0
"OTU799.Planctomycetota._",0,0,0,0,0,0,0,0,0,0,1,0,0,0,0,0,0,0,1,1,0,0,0,0,0
"OTU800.Chloroflexi._",0,0,0,0,0,0,0,0,0,0,0,1,0,0,0,0,1,0,0,0,0,1,0,1,0
"OTU801.Planctomycetota.uncultured|planctomycete",0,3,1,1,1,0,0,1,0,0,0,0,0,0,1,3,0,1,1,3,2,1,0,0,1
"OTU802.Chloroflexi._",0,1,0,0,0,0,0,0,0,0,1,1,3,1,2,0,0,0,0,0,0,0,0,0,0
"OTU803.Proteobacteria.Pseudomonas",0,0,0,0,1,0,0,0,0,0,0,0,0,0,0,0,0,0,0,0,0,0,0,0,0
"OTU804.Chloroflexi.uncultured|Thermomicrobia|bacterium",0,0,0,0,0,0,0,0,0,0,0,0,0,0,1,0,0,0,0,0,0,0,0,0,0
"OTU805.Verrucomicrobiota.Luteolibacter",0,0,0,0,0,1,0,1,1,0,1,0,1,0,0,0,0,2,0,1,0,2,1,0,0
"OTU806.Chloroflexi.uncultured|Chloroflexi|bacterium",0,1,1,0,0,1,0,0,0,0,0,1,0,0,0,3,1,0,3,1,2,0,0,0,1
"OTU807.Actinobacteriota.uncultured|actinobacterium",0,1,0,0,0,0,0,1,2,0,0,0,0,0,0,1,0,0,0,0,0,0,1,0,0
"OTU808.Latescibacterota._",0,1,0,0,0,0,1,0,0,0,1,0,2,0,0,1,1,0,0,1,3,0,0,0,1
"OTU809.Gemmatimonadota.Gemmatimonas",0,0,0,0,0,1,0,0,1,0,0,0,0,0,0,0,0,0,0,0,0,0,0,0,0
"OTU810.Chloroflexi._",1,1,0,0,0,0,0,0,0,0,0,0,0,0,0,0,0,0,0,0,0,0,0,0,0
"OTU811.Planctomycetota.Blastopirellula",1,0,0,0,0,0,1,0,0,1,0,0,0,0,0,0,0,0,0,0,0,0,0,0,0
"OTU812.Proteobacteria._",0,0,0,4,0,0,0,0,0,0,0,0,0,0,0,0,0,0,0,1,0,0,0,0,0
"OTU813.Chloroflexi._",0,0,0,0,0,0,0,0,1,1,0,0,0,0,0,0,0,0,0,0,0,0,0,0,0
"OTU814.Proteobacteria.Arenimonas",0,0,0,0,0,0,0,0,0,0,1,0,0,0,0,0,1,0,0,0,0,0,0,0,0
"OTU815.Proteobacteria._",0,0,0,0,1,0,1,0,0,0,0,1,1,0,0,0,0,0,0,0,1,0,0,1,0
"OTU816.Actinobacteriota.Pseudonocardia",0,2,1,1,32,1,1,3,2,0,0,2,0,0,2,1,0,2,0,1,2,3,4,4,3
"OTU817.Acidobacteriota.uncultured|Acidobacteria|bacterium",0,0,0,0,1,2,2,2,0,2,10,3,7,14,3,5,5,5,5,3,4,0,2,3,1
"OTU818.Actinobacteriota._",0,0,0,0,0,0,0,0,0,0,1,0,0,0,1,0,0,0,0,0,0,0,0,0,0
"OTU819.Chloroflexi._",0,0,0,0,0,0,0,0,0,0,0,0,0,0,0,0,0,0,0,0,0,2,0,0,1
"OTU820.Chloroflexi._",2,0,0,0,0,0,0,4,0,2,1,1,0,0,0,0,1,1,0,0,2,0,0,1,1
"OTU821.Actinobacteriota.Kribbella",0,0,0,0,2,1,0,1,0,2,0,0,0,1,0,1,0,0,0,0,0,2,0,1,0
"OTU822.Gemmatimonadota._",0,1,0,2,0,0,0,0,0,0,0,0,0,0,0,2,2,0,1,1,1,1,0,0,0
"OTU823.Acidobacteriota.Aridibacter",0,2,0,0,1,0,1,3,0,0,1,0,0,0,1,0,1,0,0,1,1,1,2,1,0
"OTU824.Acidobacteriota._",4,1,1,1,1,0,0,1,1,2,0,1,3,2,0,0,2,0,0,2,4,1,3,4,0
"OTU825.Proteobacteria._",0,0,0,0,0,0,0,0,1,0,0,0,0,0,0,0,0,0,0,0,0,0,0,0,0
"OTU826.Chloroflexi._",1,0,0,0,1,0,0,0,0,0,0,0,0,0,0,0,0,0,0,0,0,0,0,0,0
"OTU827.Chloroflexi._",0,0,0,0,0,0,0,0,0,0,0,0,0,0,0,0,0,0,1,0,0,1,0,0,0
"OTU828.Chloroflexi._",0,0,0,0,0,0,0,0,0,0,0,0,0,0,1,0,0,0,0,0,0,0,0,0,0
"OTU829.Chloroflexi._",0,11,2,0,0,0,0,0,0,0,0,0,0,0,0,0,0,0,0,0,0,0,0,0,0
"OTU830.Thermoplasmatota._",0,0,0,0,0,0,0,0,0,0,0,0,0,0,0,0,0,0,0,0,0,0,0,0,0
"OTU831.Verrucomicrobiota.ADurb.Bin063-1",3,0,0,0,0,0,0,0,2,1,0,0,0,0,0,0,0,0,0,0,0,0,0,0,0
"OTU832.Chloroflexi._",0,0,0,0,0,0,0,0,0,0,0,1,1,0,0,0,0,0,0,0,0,0,0,0,0
"OTU833.Bacteroidota.Salinibacter",0,0,0,1,0,0,0,0,0,0,0,0,0,0,0,0,0,0,0,0,0,0,0,0,0
"OTU834.Actinobacteriota._",0,0,0,0,0,0,5,0,0,0,0,0,0,0,0,1,1,0,1,0,0,0,0,2,0
"OTU835.Desulfobacterota.Desulfuromonas",0,0,1,0,1,0,0,0,0,0,0,0,0,0,0,0,1,0,0,0,0,0,0,0,0
"OTU836.Planctomycetota._",0,0,1,0,0,0,0,1,0,0,1,0,0,0,0,0,0,0,0,0,0,0,1,2,0
"OTU837.Chloroflexi._",0,0,0,0,0,0,0,0,0,0,0,0,0,0,0,0,0,0,0,1,0,0,0,0,0
"OTU838.Chloroflexi._",0,0,0,0,0,0,0,1,1,0,0,0,1,0,0,1,2,0,2,2,1,0,0,1,0
"OTU839.Planctomycetota.AKYG587",0,0,0,0,0,1,0,0,0,0,0,0,0,0,0,0,1,0,0,0,0,0,0,0,1
"OTU840.Bacteroidota._",0,0,0,0,1,3,0,1,0,0,1,0,1,0,0,1,0,1,0,0,0,0,0,0,0
"OTU841.Chloroflexi._",0,0,0,0,0,0,0,0,0,0,0,0,1,0,0,0,0,0,0,0,0,0,0,0,0
"OTU842.Acidobacteriota.Subgroup|10",0,0,0,0,0,0,0,0,0,0,0,0,0,1,0,0,0,0,0,0,0,0,0,0,0
"OTU843.Chloroflexi._",0,0,0,0,1,0,0,0,0,0,0,0,0,0,0,0,0,0,0,0,0,0,0,0,0
"OTU844.Planctomycetota._",1,0,1,0,0,0,0,0,1,0,0,0,0,0,0,0,0,0,0,1,0,1,0,0,0
"OTU845.Actinobacteriota.Rhodococcus",0,0,0,0,0,0,0,0,0,0,0,0,0,0,0,0,0,0,0,0,0,0,0,0,0
"OTU846.Proteobacteria.Rhodomicrobium",1,0,0,0,0,0,1,0,0,0,0,0,0,0,0,0,0,0,0,0,0,0,0,0,0
"OTU847.Acidobacteriota._",1,0,0,1,0,0,0,0,0,0,0,0,0,0,0,0,0,1,0,0,0,0,0,0,0
"OTU848.Chloroflexi._",0,0,0,0,0,0,0,0,0,0,0,0,0,0,0,0,0,0,0,0,0,0,0,0,0
"OTU849.Myxococcota.uncultured|delta|proteobacterium",3,0,1,0,0,0,1,0,1,0,0,3,0,0,0,0,1,3,0,2,0,1,1,1,0
"OTU850.Gemmatimonadota._",0,0,0,0,0,0,0,1,2,1,0,3,0,0,0,0,2,1,0,0,0,0,2,0,0
"OTU851.Proteobacteria.Achromobacter",0,0,0,0,0,1,0,0,2,0,0,1,0,0,0,0,0,0,0,0,0,0,0,0,0
"OTU852.Gemmatimonadota.YC-ZSS-LKJ147",0,0,0,0,0,0,0,0,0,0,0,1,0,0,0,0,0,0,0,0,0,0,0,0,0
"OTU853.Proteobacteria._",0,0,0,0,1,0,0,0,0,0,0,0,0,0,0,0,0,1,2,0,1,0,1,0,0
"OTU854.Chloroflexi._",0,1,1,0,0,0,0,1,0,1,0,0,0,1,1,0,0,2,0,0,0,2,0,1,1
"OTU855.Acidobacteriota._",0,1,0,1,0,0,0,0,0,0,0,0,1,0,1,0,1,0,1,0,0,0,0,0,1
"OTU856.Chloroflexi._",0,0,0,0,0,0,0,0,0,0,0,0,0,0,0,0,0,0,0,0,0,0,0,0,0
"OTU857.Bacteroidota._",0,0,0,0,0,0,0,0,1,0,0,0,0,0,1,0,0,0,1,0,0,0,0,0,0
"OTU858.Armatimonadota._",0,0,0,0,0,0,0,0,0,0,0,0,0,0,0,0,0,0,0,0,0,0,0,0,0
"OTU859.Actinobacteriota._",1,1,0,0,0,0,0,0,2,0,0,1,1,0,0,0,0,0,0,0,0,2,0,0,0
"OTU860.Planctomycetota._",0,0,1,0,0,0,1,0,0,0,0,0,0,0,0,0,0,0,0,0,0,0,0,0,0
"OTU861.Chloroflexi._",0,0,0,0,0,0,0,0,0,0,0,2,0,0,0,0,0,1,0,0,0,0,0,0,0
"OTU862.Planctomycetota._",0,0,0,0,0,0,0,0,1,0,1,0,0,0,0,0,0,0,2,0,0,0,0,0,0
"OTU863.Gemmatimonadota._",0,1,0,1,0,0,0,0,0,0,0,0,0,0,2,0,1,0,1,1,0,0,1,0,1
"OTU864.Planctomycetota._",0,0,0,1,0,0,0,0,1,3,0,0,0,0,0,3,1,2,1,4,0,0,0,0,0
"OTU865.Cyanobacteria.Microcoleus|SAG|1449-1a",0,0,0,0,0,0,0,0,0,0,0,0,0,0,0,0,0,0,0,0,0,0,0,0,0
"OTU866.Acidobacteriota.uncultured|Acidobacteria|bacterium",0,0,0,0,0,0,0,0,0,0,1,0,0,0,1,0,1,0,0,1,0,3,0,3,1
"OTU867.Planctomycetota.Pirellula",2,0,0,0,0,0,0,0,0,0,3,0,0,1,0,0,0,1,0,2,5,1,1,1,4
"OTU868.Firmicutes.Sporacetigenium",0,0,0,0,0,0,0,0,0,1,2,0,0,0,0,0,1,1,2,0,0,0,0,0,0
"OTU869.Proteobacteria.Limibaculum",0,0,5,0,1,0,0,0,0,0,0,0,0,0,0,0,0,0,0,0,0,0,0,0,0
"OTU870.Chloroflexi._",0,0,0,0,0,0,0,0,0,0,0,0,0,0,0,0,0,0,0,0,0,0,0,0,0
"OTU871.Chloroflexi._",0,0,0,0,0,9,0,0,0,0,0,0,0,0,0,0,0,0,0,0,0,0,0,0,0
"OTU872.Actinobacteriota.uncultured|Rubrobacteria|bacterium",0,0,1,0,0,0,0,0,0,0,0,0,0,0,3,0,2,1,2,3,1,0,0,0,0
"OTU873.Actinobacteriota._",0,0,0,0,0,0,0,0,1,0,0,0,0,0,1,0,0,0,0,0,0,0,0,0,0
"OTU874.Firmicutes.Bacillus",8,14,11,17,10,11,12,4,7,12,7,5,10,2,7,4,2,2,3,1,1,1,3,1,0
"OTU875.Planctomycetota.Rhodopirellula",0,0,0,0,0,0,0,0,0,0,0,0,0,0,0,0,0,0,0,0,0,0,0,0,0
"OTU876.Proteobacteria._",0,0,2,0,0,1,0,0,0,0,0,0,1,0,0,2,1,0,2,0,2,2,0,0,1
"OTU877.Myxococcota._",0,0,0,0,0,0,0,0,0,0,0,0,0,0,0,0,0,0,0,0,0,0,0,0,0
"OTU878.Desulfobacterota._",1,0,0,0,0,1,0,0,0,0,1,0,0,0,0,0,0,0,0,0,0,0,0,0,0
"OTU879.Proteobacteria.Ellin6067",0,0,0,0,0,2,0,3,0,0,0,1,0,0,0,1,1,0,1,1,1,1,5,4,5
"OTU880.Chloroflexi._",0,0,0,0,0,0,0,0,0,0,0,4,0,0,0,0,0,0,0,0,0,0,0,0,1
"OTU881.Acidobacteriota.Candidatus|Solibacter",0,0,1,0,0,0,0,0,0,0,1,0,0,0,0,0,2,0,0,0,0,0,0,1,0
"OTU882.Planctomycetota.Pir4|lineage",0,0,0,1,0,0,0,0,0,0,0,0,0,0,0,0,0,0,0,0,0,0,0,0,0
"OTU883.Actinobacteriota._",1,0,0,0,0,0,1,1,0,0,1,5,0,0,0,0,0,0,1,1,1,3,1,1,3
"OTU884.Myxococcota._",0,1,5,0,0,1,1,1,0,0,0,1,0,0,0,0,0,3,0,0,3,1,0,1,1
"OTU885.Gemmatimonadota.Longimicrobium",1,0,0,0,0,0,0,1,0,0,0,1,0,0,0,0,0,0,0,0,0,0,0,0,1
"OTU886.Chloroflexi._",0,0,0,0,0,0,0,0,0,0,0,0,0,0,0,0,0,0,0,0,0,0,0,0,0
"OTU887.Gemmatimonadota._",0,0,0,0,0,0,0,0,0,0,0,0,0,0,0,0,0,0,0,0,0,0,0,0,0
"OTU888.Proteobacteria.Candidatus|Alysiosphaera",0,0,0,0,0,0,0,0,0,0,0,0,0,0,0,0,0,0,0,0,0,0,0,0,0
"OTU889.Planctomycetota.Blastopirellula",1,1,0,0,0,0,0,0,0,0,0,0,0,0,1,0,0,0,0,0,0,0,0,0,0
"OTU890.Bacteroidota.Pontibacter",0,0,0,0,0,0,0,0,0,0,0,0,0,27,1,0,0,0,1,1,0,0,0,0,0
"OTU891.Planctomycetota._",0,0,0,0,0,0,1,0,0,0,0,0,0,0,0,0,0,0,0,0,0,0,0,0,0
"OTU892.Methylomirabilota._",0,0,0,0,0,1,0,0,0,1,0,1,0,0,1,0,0,0,0,0,2,1,4,1,1
"OTU893.Chloroflexi._",0,0,0,0,0,0,0,0,0,0,0,0,0,0,0,0,0,0,0,0,0,0,1,0,0
"OTU894.Chloroflexi._",0,0,0,0,0,0,0,0,0,0,0,0,1,0,0,0,0,0,0,0,0,0,0,0,0
"OTU895.Verrucomicrobiota.Luteolibacter",0,0,0,0,0,0,1,0,0,0,0,0,0,0,0,0,0,0,0,0,0,0,1,0,1
"OTU896.Chloroflexi._",0,0,0,0,0,0,1,1,0,0,2,2,0,0,0,0,0,0,0,0,0,0,3,1,1
"OTU897.Planctomycetota._",0,1,0,0,1,0,0,0,1,1,1,3,0,0,0,0,1,1,1,1,1,0,1,3,2
"OTU898.Proteobacteria.Devosia",0,2,0,0,0,0,1,0,1,1,0,1,0,2,0,0,0,0,0,0,0,0,0,0,0
"OTU899.Firmicutes.Bacillus",0,1,2,1,1,3,1,0,0,0,1,0,0,0,1,3,0,2,2,2,1,0,0,0,1
"OTU900.Chloroflexi._",0,0,1,1,0,0,0,0,0,0,1,0,3,1,0,1,0,0,3,0,0,0,1,0,1
"OTU901.Planctomycetota._",0,0,0,0,0,0,0,0,0,0,0,0,0,0,0,0,0,0,0,0,1,0,2,4,0
"OTU902.Proteobacteria.Nitrosomonas",0,0,0,0,0,1,0,1,0,0,0,0,0,0,0,2,0,0,0,0,0,0,0,0,0
"OTU903.Firmicutes.Oceanobacillus",0,0,0,0,0,17,1,0,0,1,1,1,0,0,0,0,1,0,0,1,0,0,0,0,0
"OTU904.Proteobacteria._",0,0,0,0,0,0,0,0,0,1,0,0,0,0,0,0,0,0,0,0,0,0,0,0,0
"OTU905.Proteobacteria.Rhodomicrobium",0,0,0,0,0,0,0,0,1,0,0,0,0,0,0,0,0,0,0,0,0,0,0,0,0
"OTU906.Planctomycetota.Bythopirellula",0,0,0,0,0,0,0,0,3,0,0,0,0,0,0,0,0,0,0,0,0,0,0,0,0
"OTU907.Firmicutes.Halobacillus",1,2,1,1,0,10,0,0,0,1,1,0,0,1,0,1,1,0,1,1,0,0,1,3,1
"OTU908.Myxococcota._",1,2,0,0,1,0,0,0,1,0,0,0,7,0,1,0,0,0,0,1,0,0,1,1,2
"OTU909.Planctomycetota._",0,0,0,0,0,0,0,0,0,0,0,0,0,1,0,0,0,0,0,0,0,0,0,0,1
"OTU910.Proteobacteria.SWB02",0,1,0,0,0,0,0,2,0,0,0,1,0,0,0,0,0,0,0,0,1,1,0,0,0
"OTU911.Gemmatimonadota._",0,0,0,0,0,0,0,0,0,0,0,0,0,0,0,1,0,1,1,1,0,1,0,0,0
"OTU912.Myxococcota._",0,0,0,1,0,0,0,0,0,0,0,0,0,0,0,0,0,0,0,0,0,0,0,0,0
"OTU913.Proteobacteria._",0,0,0,0,1,0,0,0,0,0,0,1,0,0,2,1,0,0,0,0,0,0,1,0,0
"OTU914.Actinobacteriota._",1,0,0,1,0,0,0,0,0,0,0,0,0,0,0,1,1,0,2,1,0,0,0,0,0
"OTU915.Myxococcota._",0,0,0,0,0,0,0,1,0,0,0,1,0,0,0,0,1,0,0,0,1,0,0,0,0
"OTU916.Chloroflexi.Chloroflexus",0,0,0,0,0,0,0,0,0,0,0,0,0,0,0,1,0,0,0,0,0,0,0,0,0
"OTU917.Proteobacteria.Labrys",0,0,0,0,0,0,0,0,0,0,0,0,0,0,0,0,0,0,0,0,1,0,0,0,0
"OTU918.Planctomycetota.Pirellula",1,1,0,1,0,1,0,0,0,1,0,0,0,0,2,1,1,0,0,0,1,2,2,0,0
"OTU919.Planctomycetota.Pirellula",0,0,2,0,0,0,0,1,0,0,0,0,0,0,0,0,0,0,0,0,0,0,2,0,0
"OTU920.Planctomycetota._",0,0,1,0,0,0,0,0,0,0,0,0,0,0,0,0,0,0,0,0,0,0,0,0,0
"OTU921.Acidobacteriota._",0,1,0,0,0,0,0,0,0,0,0,1,0,38,0,0,0,0,0,0,1,0,0,1,0
"OTU922.Proteobacteria.Ramlibacter",0,1,2,0,2,2,2,5,1,2,0,1,4,1,7,1,0,2,0,2,8,8,4,3,4
"OTU923.Actinobacteriota._",0,0,0,0,0,0,0,0,0,0,0,0,0,0,0,0,0,1,0,0,0,0,0,0,0
"OTU924.Chloroflexi._",0,0,0,0,0,2,0,0,0,0,0,0,0,0,0,0,0,0,0,0,0,0,0,0,0
"OTU925.Chloroflexi._",0,1,2,1,0,0,0,0,0,0,1,0,0,1,1,0,0,1,0,0,0,0,1,0,3
"OTU926.Planctomycetota.Gemmata",0,0,0,0,0,0,0,3,0,0,0,0,0,0,1,0,0,0,0,1,1,1,0,0,2
"OTU927.Proteobacteria._",0,0,0,0,0,1,0,0,1,0,0,0,0,0,0,0,0,0,0,0,0,0,0,0,0
"OTU928.Verrucomicrobiota.Chthoniobacter",0,0,0,0,1,0,1,3,1,0,0,1,3,3,0,0,0,1,0,2,0,0,5,0,3
"OTU929.Proteobacteria.mle1-7",0,0,0,0,0,0,0,0,0,0,0,2,1,0,0,1,3,1,0,0,0,3,2,2,1
"OTU930.Chloroflexi._",0,0,0,1,0,0,0,0,0,0,0,0,0,0,0,0,0,0,0,0,0,0,0,0,0
"OTU931.Planctomycetota.SH-PL14",0,1,2,0,0,0,0,0,0,0,1,0,0,0,0,0,0,0,0,0,0,0,0,0,0
"OTU932.Proteobacteria.Ensifer",2,0,0,3,0,0,0,0,1,2,0,0,0,0,0,1,0,0,1,0,1,1,0,0,0
"OTU933.Acidobacteriota.Bryobacter",0,1,0,1,0,0,0,2,0,1,0,0,0,0,0,4,2,1,0,0,1,0,1,0,0
"OTU934.Chloroflexi.Litorilinea",0,0,0,0,0,0,0,0,0,0,0,0,0,0,0,0,0,0,0,0,0,0,0,0,0
"OTU935.Planctomycetota.Pir4|lineage",0,0,0,0,0,0,0,0,0,0,0,0,0,0,0,0,0,0,0,0,0,0,0,0,0
"OTU936.Proteobacteria.Phenylobacterium",0,1,0,0,0,5,3,2,0,0,0,0,0,0,3,0,0,0,0,2,1,3,1,1,1
"OTU937.Chloroflexi._",0,0,0,0,0,0,0,0,0,2,0,1,0,0,0,0,0,0,0,0,1,0,1,0,0
"OTU939.Chloroflexi._",0,0,0,0,0,0,0,0,0,0,0,0,0,0,0,0,1,1,0,0,0,0,0,0,0
"OTU940.Chloroflexi._",0,0,0,0,0,1,0,0,0,0,1,0,0,0,0,0,0,0,0,0,0,0,0,0,0
"OTU941.Halobacterota.A07HB70",1,0,0,1,0,0,0,0,0,0,0,0,0,0,0,0,0,0,0,0,0,0,0,0,0
"OTU942.Chloroflexi._",0,0,2,0,0,0,0,0,0,3,0,2,0,0,6,4,2,3,0,1,0,1,0,1,3
"OTU943.Actinobacteriota.Iamia",0,0,1,0,0,0,1,0,0,1,2,1,3,0,0,0,1,1,0,1,3,0,1,2,0
"OTU944.Chloroflexi._",1,0,1,0,0,0,0,0,0,0,0,0,0,0,0,1,0,0,1,3,0,0,0,1,0
"OTU945.Proteobacteria.Ahniella",0,0,2,0,0,0,0,2,0,0,0,1,2,0,0,0,1,0,0,0,1,1,2,2,2
"OTU946.Gemmatimonadota._",1,0,0,0,0,0,0,0,0,0,0,0,0,2,1,0,1,0,2,0,0,0,0,0,0
"OTU947.Verrucomicrobiota.Chthoniobacter",1,0,0,0,0,0,0,0,0,0,0,0,0,0,0,0,0,0,0,0,0,0,0,0,0
"OTU948.Proteobacteria._",0,0,1,0,0,0,0,0,0,0,0,0,0,0,0,0,0,0,0,0,0,0,0,0,0
"OTU949.Chloroflexi.Anaerolinea",0,0,0,0,0,0,0,0,0,0,0,0,0,0,0,0,0,0,0,0,0,0,0,0,0
"OTU950.Desulfobacterota.Geothermobacter",0,0,0,0,0,0,0,0,0,0,0,0,0,0,0,0,0,0,0,0,0,0,0,0,0
"OTU951.Acidobacteriota.Subgroup|10",0,0,3,0,0,0,0,0,1,0,1,1,0,1,0,0,0,0,1,0,0,0,0,0,0
"OTU952.Acidobacteriota._",0,1,0,1,0,0,0,0,1,0,0,0,0,0,0,0,0,0,0,0,0,0,0,0,0
"OTU953.Planctomycetota._",0,0,0,1,0,0,0,0,0,0,0,0,0,0,0,0,0,0,0,0,0,0,0,0,0
"OTU954.Latescibacterota._",0,0,1,0,0,0,0,0,1,2,0,0,0,0,0,2,0,0,1,2,1,0,0,0,1
"OTU955.Chloroflexi._",0,0,0,0,0,0,1,0,0,0,0,0,0,0,0,0,0,0,0,0,0,0,0,0,0
"OTU956.Proteobacteria.Skermanella",0,0,0,0,0,0,0,0,0,0,1,0,0,0,2,0,3,1,1,0,1,2,0,0,0
"OTU957.Bacteroidota._",0,0,0,0,0,0,0,0,0,0,0,1,1,2,0,0,0,0,0,0,0,0,0,0,0
"OTU958.Armatimonadota._",0,0,0,0,0,0,0,0,0,0,0,0,0,0,0,1,0,0,1,0,0,0,0,0,0
"OTU959.Planctomycetota._",0,0,0,0,0,0,0,0,0,1,1,0,0,0,1,0,1,0,1,1,0,0,0,0,0
"OTU960.Armatimonadota._",0,0,0,0,0,0,0,0,0,0,0,0,1,0,0,0,0,0,0,0,0,0,1,0,0
"OTU961.Planctomycetota._",1,0,3,2,0,0,0,2,1,0,3,2,0,0,2,0,1,3,2,2,1,1,1,1,4
"OTU962.Planctomycetota._",0,0,0,0,0,0,0,0,0,0,0,0,0,0,0,0,0,0,0,0,0,0,0,0,0
"OTU963.Actinobacteriota._",0,0,0,0,0,0,0,0,0,0,0,0,0,0,0,0,0,0,0,0,0,0,0,0,0
"OTU964.Actinobacteriota._",0,0,0,0,0,0,0,0,0,0,0,0,0,0,0,0,0,0,0,0,0,0,0,0,0
"OTU966.Planctomycetota._",0,0,0,0,0,5,1,0,0,0,1,0,0,0,0,1,2,0,0,0,1,0,1,0,1
"OTU967.Firmicutes.Tumebacillus",0,0,0,0,0,0,0,0,1,2,1,0,0,0,0,1,1,1,0,0,2,1,0,0,0
"OTU968.Halobacterota.Halopelagius",0,0,0,2,0,0,0,0,0,0,0,0,0,0,0,0,0,0,0,0,0,0,0,0,0
"OTU969.Actinobacteriota._",0,0,0,0,0,0,0,0,1,0,0,0,0,0,0,0,0,1,1,3,0,2,0,2,0
"OTU970.Proteobacteria._",0,0,1,0,0,0,0,0,0,1,0,0,0,0,0,0,0,0,0,0,0,0,0,0,0
"OTU971.Chloroflexi._",0,0,0,0,0,0,0,0,0,0,0,0,0,0,0,0,0,0,0,0,0,0,0,0,0
"OTU972.Verrucomicrobiota.Lacunisphaera",0,0,0,0,0,0,0,0,0,0,0,1,1,0,0,0,0,0,0,0,0,0,0,0,0
"OTU974.Chloroflexi._",0,0,1,0,0,0,0,0,0,1,1,1,0,0,1,0,0,0,1,0,1,0,1,0,0
"OTU975.Cyanobacteria.Cyanothece|PCC-7424",1,2,0,0,0,0,0,0,0,0,0,0,0,0,0,0,0,0,0,0,0,0,0,0,0
"OTU976.Proteobacteria._",0,0,0,0,0,0,0,0,0,0,0,0,1,0,0,0,0,0,0,0,0,0,0,0,0
"OTU977.Chloroflexi._",0,0,0,0,1,0,0,0,0,0,0,1,0,0,0,0,0,0,0,0,0,0,0,0,0
"OTU978.Proteobacteria.Polycyclovorans",1,0,2,1,0,0,1,3,2,0,0,0,0,0,1,2,1,0,0,0,3,1,5,2,3
"OTU979.Acidobacteriota._",0,1,1,0,0,0,0,0,2,0,0,0,0,0,0,0,0,0,0,0,0,0,0,0,0
"OTU980.Myxococcota._",0,0,0,0,0,0,1,1,1,0,1,0,2,0,0,0,0,0,0,0,0,2,2,1,0
"OTU981.Planctomycetota._",1,0,0,0,0,0,1,0,0,0,0,1,0,0,0,0,0,1,0,0,0,0,0,3,3
"OTU982.Chloroflexi._",0,0,0,0,0,0,0,0,0,0,0,0,0,0,0,0,0,0,0,0,0,0,0,0,0
"OTU983.Gemmatimonadota._",2,3,1,0,0,0,0,0,0,0,0,0,0,0,0,0,0,0,0,0,0,0,0,0,0
"OTU984.Chloroflexi._",0,1,0,0,0,0,0,0,0,0,0,0,0,0,1,0,0,0,0,0,0,0,0,0,0
"OTU985.Firmicutes.Paenibacillus",0,0,0,0,0,1,3,0,0,0,0,0,0,0,0,1,1,0,0,0,0,0,1,0,1
"OTU986.Chloroflexi._",0,0,1,0,0,0,0,0,0,0,0,0,0,0,0,0,0,0,0,0,0,0,0,0,0
"OTU987.Firmicutes.Paenibacillus",0,1,0,0,0,0,0,2,0,0,0,0,0,0,1,0,1,0,1,1,0,0,0,0,0
"OTU988.Chloroflexi._",0,0,0,0,0,0,0,0,0,0,0,0,1,0,0,0,0,1,0,0,0,0,0,0,1
"OTU989.Myxococcota.Aggregicoccus",1,0,0,0,0,1,0,0,1,1,0,2,0,0,0,1,1,2,1,0,0,0,0,0,0
"OTU990.Proteobacteria.Plasticicumulans",0,0,0,0,0,0,0,0,0,0,0,0,0,0,0,0,0,0,0,0,0,0,0,0,0
"OTU991.Desulfobacterota._",1,0,0,0,1,0,0,1,0,0,0,0,1,0,0,0,1,0,0,0,0,1,0,0,1
"OTU992.Chloroflexi._",0,2,0,0,0,0,0,0,0,0,0,0,0,0,0,0,0,0,0,0,0,0,0,0,2
"OTU994.Proteobacteria.Arenimonas",0,0,0,0,0,0,0,0,2,0,0,0,0,0,0,0,0,0,0,0,0,0,0,0,0
"OTU995.Bacteroidota.Fulvivirga",0,0,0,2,0,0,0,0,0,0,0,0,0,0,0,0,0,0,0,0,0,0,0,0,0
"OTU996.Proteobacteria._",0,1,0,0,0,0,0,0,0,0,0,0,1,0,0,0,0,0,0,1,0,0,0,0,0
"OTU997.Acidobacteriota._",1,0,1,3,0,0,0,0,0,0,1,0,0,0,0,0,0,0,0,1,0,0,1,0,1
"OTU998.Planctomycetota._",0,0,0,0,0,0,0,0,0,0,0,0,0,0,0,0,0,0,0,0,0,0,0,0,0
"OTU999.Proteobacteria.Massilia",0,2,1,0,1,0,0,1,0,0,0,0,0,0,0,0,0,0,0,0,1,1,2,1,0
"OTU1000.Gemmatimonadota._",0,0,0,0,0,1,0,1,2,0,0,0,0,0,0,1,0,0,0,1,0,1,0,1,0
"OTU1001.Planctomycetota.Tuwongella",0,0,0,0,0,0,2,0,0,0,0,1,0,0,0,0,0,0,1,0,0,1,1,0,0
"OTU1002.Proteobacteria.Pseudoxanthomonas",0,0,0,0,0,0,0,0,0,0,0,0,2,0,0,0,1,0,0,0,0,0,1,0,0
"OTU1003.Planctomycetota._",0,0,1,0,0,0,0,0,0,0,0,2,0,0,0,0,1,1,0,0,0,0,0,0,0
"OTU1004.Planctomycetota._",0,0,0,0,0,0,0,0,0,1,0,0,0,0,0,0,1,0,0,0,0,0,0,1,1
"OTU1005.Bacteroidota._",0,0,0,0,0,0,0,0,0,0,0,0,0,0,0,0,0,0,0,0,0,0,0,0,0
"OTU1006.Actinobacteriota.Sva0996|marine|group",0,0,0,0,0,0,0,0,0,0,0,0,0,0,0,0,0,0,0,0,0,0,0,0,0
"OTU1007.Firmicutes.Clostridium|sensu|stricto|8",0,0,0,0,0,0,0,0,1,0,0,0,0,0,2,0,0,1,1,0,0,0,0,0,0
"OTU1008.Chloroflexi.uncultured|Chloroflexi|bacterium",0,0,0,0,0,1,0,0,0,0,0,0,0,0,0,0,0,0,0,1,0,0,0,0,0
"OTU1009.Chloroflexi._",0,0,0,1,0,0,0,0,0,0,0,2,0,1,0,0,0,0,0,0,0,0,0,0,0
"OTU1010.Actinobacteriota.Conexibacter",0,0,0,0,0,0,0,0,1,1,0,0,0,0,0,1,0,0,0,1,0,1,0,0,0
"OTU1011.Proteobacteria.Mesorhizobium",0,1,0,0,0,7,0,0,0,0,0,0,0,0,0,0,1,0,0,0,0,0,1,0,0
"OTU1012.Planctomycetota.Pirellula",0,0,1,0,0,0,1,1,0,0,0,0,0,0,3,2,0,1,0,0,0,0,0,0,0
"OTU1013.Planctomycetota._",0,0,0,1,0,0,0,0,0,0,0,0,0,0,0,0,0,0,1,1,0,0,0,0,0
"OTU1014.Acidobacteriota._",0,0,0,0,0,0,0,0,0,1,1,1,0,0,0,0,0,0,0,0,0,0,0,3,0
"OTU1015.Desulfobacterota.uncultured|Pelobacter|sp",0,0,0,0,0,0,0,0,0,0,1,0,0,0,0,0,0,0,0,0,0,0,0,0,0
"OTU1016.Chloroflexi.metagenome",1,1,1,0,0,3,0,0,0,0,1,0,0,0,0,0,0,0,0,0,1,1,1,0,0
"OTU1017.Chloroflexi._",0,0,0,0,0,0,0,0,0,1,0,0,0,0,0,0,0,0,0,0,0,0,0,0,0
"OTU1018.Entotheonellaeota.Candidatus|Entotheonella",0,2,0,0,0,0,0,0,0,0,0,2,0,0,0,0,0,0,0,0,0,0,0,0,0
"OTU1019.Acidobacteriota._",0,0,1,0,0,0,1,0,0,2,0,0,0,0,0,0,0,0,0,0,0,0,0,0,0
"OTU1020.Chloroflexi._",0,0,2,0,0,0,0,0,0,0,0,1,1,0,0,0,0,0,0,0,0,0,0,0,0
"OTU1021.Acidobacteriota._",1,0,0,0,0,1,0,0,0,0,0,0,0,33,0,0,0,0,0,0,0,1,0,1,1
"OTU1022.Firmicutes.Clostridium|sensu|stricto|1",0,0,0,0,0,0,0,1,0,0,0,0,0,0,0,0,1,0,0,0,0,0,0,0,0
"OTU1023.Planctomycetota.uncultured|planctomycete",0,0,0,0,0,0,0,1,1,0,2,0,0,0,0,0,0,1,0,0,0,0,0,1,0
"OTU1024.Proteobacteria._",1,0,0,0,0,0,1,3,1,1,0,0,1,0,0,1,0,2,0,2,0,1,1,0,0
"OTU1025.Myxococcota._",1,0,0,0,1,0,0,0,0,0,1,0,0,0,0,0,1,0,0,0,0,1,0,0,0
"OTU1026.Planctomycetota._",0,0,1,0,0,0,1,0,0,1,0,0,0,0,0,1,1,0,1,2,0,0,1,3,0
"OTU1027.Proteobacteria.Massilia",3,10,1,7,1,19,20,1,0,9,1,1,6,3,2,1,3,1,1,1,0,1,0,0,1
"OTU1029.Firmicutes.Bacillus",0,0,0,0,0,0,0,0,0,0,0,0,0,0,0,0,0,0,0,0,0,0,0,0,0
"OTU1030.Chloroflexi._",1,0,0,0,1,0,0,0,0,0,1,0,0,0,0,0,0,1,0,0,0,0,0,0,0
"OTU1031.Chloroflexi.uncultured|soil|bacterium",0,0,0,0,0,0,0,0,1,0,0,0,0,0,0,0,0,0,0,0,0,0,0,0,0
"OTU1032.Entotheonellaeota.Candidatus|Entotheonella",0,0,0,0,0,0,0,0,0,0,0,0,0,0,0,0,0,0,0,0,0,0,0,0,0
"OTU1033.Planctomycetota._",0,0,0,0,0,0,0,0,0,0,0,0,0,0,0,0,0,0,0,0,0,0,0,0,0
"OTU1035.Myxococcota.Cystobacter",0,0,0,0,0,0,0,0,0,0,0,0,0,0,2,0,0,0,0,0,0,0,0,1,0
"OTU1036.Planctomycetota.Rhodopirellula",1,0,3,1,1,0,0,1,1,0,0,0,7,1,1,1,0,3,3,2,0,1,0,1,0
"OTU1037.Proteobacteria._",4,0,0,1,1,0,0,1,3,0,0,0,2,0,0,4,2,2,1,3,2,1,1,0,0
"OTU1038.Planctomycetota._",1,0,0,0,0,0,0,1,2,1,0,1,0,0,1,0,1,2,0,1,1,2,1,1,1
"OTU1039.Proteobacteria.Limibaculum",0,0,0,0,0,0,0,0,0,0,0,0,0,0,0,0,0,0,0,0,0,0,0,0,0
"OTU1040.Firmicutes._",0,0,0,1,0,0,0,0,1,0,0,0,0,0,1,0,0,0,0,0,0,0,0,0,0
"OTU1041.Chloroflexi._",0,2,0,0,0,0,0,0,1,0,0,0,1,0,1,0,0,0,0,0,0,0,0,0,0
"OTU1042.Planctomycetota._",0,0,0,0,0,0,0,0,0,0,0,0,1,0,0,0,0,0,0,0,0,0,0,0,0
"OTU1043.Proteobacteria._",1,0,1,0,0,0,0,0,0,0,0,0,0,0,0,0,0,0,0,0,0,0,0,0,0
"OTU1044.Acidobacteriota._",0,0,0,0,0,0,0,0,0,0,1,0,0,0,1,0,0,0,0,0,1,3,3,0,1
"OTU1045.Proteobacteria.Allorhizobium-Neorhizobium-Pararhizobium-Rhizobium",0,0,1,1,1,4,1,1,1,1,1,0,2,1,0,0,0,0,0,1,1,1,1,2,6
"OTU1046.Proteobacteria._",1,1,0,0,0,0,0,0,0,0,0,0,0,0,0,1,0,1,0,0,0,0,0,0,0
"OTU1047.Planctomycetota._",0,0,0,1,0,0,0,1,0,1,0,3,0,0,0,1,2,0,0,0,0,1,1,0,1
"OTU1048.Planctomycetota.Pir4|lineage",1,0,1,0,0,0,0,0,0,0,0,2,4,0,1,0,2,2,0,0,2,0,1,1,1
"OTU1049.Planctomycetota._",0,0,1,0,1,0,0,0,0,1,0,0,0,0,0,0,0,0,0,0,4,0,1,4,0
"OTU1050.Acidobacteriota._",1,0,0,0,0,0,1,1,0,1,1,0,0,1,2,0,0,1,0,0,0,0,3,1,1
"OTU1051.Actinobacteriota.Nocardioides",0,0,0,0,0,0,0,0,0,0,0,0,0,0,0,0,0,0,0,1,0,0,1,1,0
"OTU1052.Actinobacteriota.Solirubrobacter",0,0,0,0,0,0,0,0,0,0,0,1,0,0,0,0,1,2,1,0,0,0,0,0,0
"OTU1053.Gemmatimonadota._",0,0,0,0,0,0,0,0,0,0,0,0,0,0,0,0,0,0,0,0,0,0,0,0,0
"OTU1054.Chloroflexi._",0,1,3,0,0,1,0,0,0,2,1,1,0,0,0,0,2,0,0,2,0,1,1,1,0
"OTU1055.Myxococcota.Haliangium",0,0,0,0,0,0,0,0,0,0,0,0,0,0,0,0,0,0,0,0,0,0,0,0,0
"OTU1056.Proteobacteria._",0,1,0,0,1,0,0,0,0,0,0,0,0,0,0,0,0,0,0,0,0,0,0,0,0
"OTU1057.Acidobacteriota._",0,5,0,0,0,0,0,0,0,0,0,0,0,0,0,0,0,0,0,0,0,0,0,0,0
"OTU1058.Actinobacteriota.Mycobacterium",0,0,0,0,0,0,0,0,0,0,0,0,0,0,0,0,0,0,0,0,0,0,0,0,0
"OTU1059.Proteobacteria._",0,0,1,0,0,0,0,0,0,0,0,0,0,0,1,0,1,1,0,0,0,0,0,0,0
"OTU1060.NB1-j._",0,0,0,0,0,0,0,0,0,0,0,0,0,0,1,0,0,0,0,0,0,0,0,0,0
"OTU1061.Chloroflexi._",2,0,0,0,0,0,0,0,0,0,0,0,0,0,0,0,0,0,0,0,0,0,0,0,0
"OTU1062.Actinobacteriota._",0,0,0,0,0,0,0,0,0,0,0,0,0,0,0,0,0,0,0,0,0,0,0,0,0
"OTU1063.Chloroflexi.uncultured|marine|bacterium",0,0,0,0,0,0,0,0,0,0,0,0,0,0,1,0,0,0,0,0,0,0,0,0,0
"OTU1064.Planctomycetota.Gemmata",0,0,0,0,0,0,0,1,1,0,0,1,0,0,0,0,0,1,2,0,0,0,1,0,1
"OTU1065.Planctomycetota._",0,0,0,0,0,0,0,0,0,0,0,0,0,0,0,0,0,0,0,0,0,0,0,0,0
"OTU1066.Chloroflexi._",0,1,0,0,0,0,0,0,0,0,0,0,0,0,0,1,2,1,0,1,1,0,1,1,1
"OTU1067.Bacteroidota.Flavitalea",0,0,0,2,0,0,0,0,0,0,0,0,0,0,1,0,0,0,0,0,0,0,0,0,2
"OTU1068.Acidobacteriota._",0,0,1,1,0,0,1,1,1,1,1,0,0,1,0,1,1,1,0,3,3,2,1,1,0
"OTU1069.Myxococcota.Anaeromyxobacter",0,0,0,0,0,0,0,0,0,0,0,1,0,0,0,0,0,0,0,0,0,0,0,0,0
"OTU1070.Bacteroidota.Flavisolibacter",0,1,1,0,2,0,0,0,1,0,0,2,3,0,3,3,0,3,2,2,1,0,2,0,2
"OTU1071.Planctomycetota._",0,0,0,0,0,0,1,2,0,1,1,2,0,0,0,0,0,0,0,0,1,2,6,2,0
"OTU1072.Chloroflexi._",0,0,2,1,0,0,0,1,0,0,0,0,0,0,0,0,0,0,1,0,1,1,0,1,1
"OTU1073.Myxococcota._",0,0,0,0,0,0,0,0,0,0,0,0,0,0,1,0,0,1,0,0,0,1,0,2,1
"OTU1074.Proteobacteria._",0,0,0,1,1,0,0,0,0,0,0,0,0,0,0,0,0,0,0,0,0,0,0,1,0
"OTU1075.Planctomycetota._",0,0,0,0,0,0,0,2,0,0,0,1,0,0,2,0,0,1,0,0,1,0,0,0,0
"OTU1076.Gemmatimonadota._",0,0,0,0,0,0,0,0,0,0,0,0,0,0,0,0,0,0,0,0,0,0,0,0,0
"OTU1077.Cyanobacteria.Leptolyngbya|VRUC|135",0,0,0,0,0,0,0,0,0,0,1,0,0,0,0,0,0,0,0,0,0,0,0,0,0
"OTU1078.Proteobacteria._",0,0,0,0,1,0,0,0,0,0,0,0,0,0,0,0,0,0,0,0,0,0,0,0,0
"OTU1079.Chloroflexi._",5,0,0,1,2,0,0,0,0,0,0,0,0,0,0,0,0,0,0,0,0,0,0,0,0
"OTU1080.Planctomycetota._",0,1,0,0,0,0,0,0,1,0,0,0,0,0,0,0,0,2,0,0,1,0,0,0,0
"OTU1081.Planctomycetota._",0,0,0,1,0,0,0,0,0,0,0,0,0,0,0,0,0,0,0,0,0,0,0,0,0
"OTU1082.Planctomycetota.Pirellula",2,0,0,0,1,0,1,1,0,0,1,0,0,0,0,0,2,0,0,0,2,6,1,3,2
"OTU1083.Planctomycetota.uncultured|planctomycete",1,1,0,2,0,0,0,2,0,2,1,1,0,0,1,1,1,1,1,1,1,3,3,0,0
"OTU1084.Chloroflexi._",0,0,2,0,0,0,0,0,2,0,0,0,0,0,0,0,0,0,0,0,0,0,0,0,0
"OTU1085.Cyanobacteria.Nostoc|BDU-40302",0,0,0,0,0,0,0,0,0,0,0,0,0,0,0,0,0,0,0,0,0,0,0,0,0
"OTU1086.Actinobacteriota._",0,0,0,0,0,0,0,0,0,0,0,0,0,0,1,0,0,0,0,0,0,0,0,0,0
"OTU1087.Actinobacteriota.Nocardiopsis",0,0,0,0,0,0,0,0,0,0,0,0,0,0,0,0,0,0,0,0,0,0,0,1,0
"OTU1088.Chloroflexi.wastewater|metagenome",0,0,0,0,0,0,0,0,0,0,0,0,0,0,0,0,0,0,0,0,0,0,0,0,0
"OTU1089.Planctomycetota.Gemmata",1,0,1,1,0,2,1,5,0,1,0,0,0,0,0,0,0,0,0,0,2,6,5,3,3
"OTU1090.Planctomycetota._",1,0,0,0,0,1,1,0,1,0,0,1,0,1,1,0,0,0,0,1,0,2,0,1,0
"OTU1091.Proteobacteria.Pseudomonas",0,0,0,0,0,0,0,0,0,0,0,0,0,0,0,0,0,0,0,0,0,0,0,0,0
"OTU1092.Actinobacteriota.Parviterribacter",0,2,0,0,0,0,0,1,2,0,0,1,0,0,1,1,0,0,2,0,0,1,1,0,1
"OTU1093.Thermoplasmatota._",0,2,0,1,0,0,0,4,6,0,1,1,2,0,0,4,1,1,0,0,2,0,6,3,1
"OTU1094.Acidobacteriota._",0,0,0,0,0,0,0,0,0,0,0,0,0,0,0,0,0,0,0,0,0,0,0,0,0
"OTU1095.Gemmatimonadota._",0,0,0,0,0,0,0,2,1,0,0,0,0,0,1,0,0,3,1,1,1,0,1,0,0
"OTU1096.Acidobacteriota._",0,0,0,0,0,0,0,0,0,0,0,0,0,0,0,0,0,0,0,0,0,0,0,0,0
"OTU1097.Acidobacteriota.Subgroup|10",0,0,0,0,0,0,0,0,0,0,0,0,0,0,0,0,0,0,0,0,0,0,0,0,0
"OTU1098.Armatimonadota._",0,0,0,0,0,0,0,1,0,0,2,0,1,0,0,0,0,0,2,0,0,0,0,1,1
"OTU1099.Actinobacteriota.Jiangella",0,0,0,0,0,0,0,0,0,0,0,0,0,1,0,0,0,1,0,0,1,0,0,0,0
"OTU1100.Chloroflexi._",0,0,0,0,0,0,0,0,0,0,0,1,0,0,1,1,0,0,0,0,0,0,0,0,0
"OTU1101.Chloroflexi.uncultured|soil|bacterium",0,0,0,0,0,0,0,0,0,0,0,0,0,0,1,0,0,0,0,0,0,0,0,0,0
"OTU1102.Planctomycetota._",0,0,0,0,0,0,0,0,0,0,0,0,0,0,0,0,0,0,0,0,0,0,0,0,0
"OTU1103.Chloroflexi.Litorilinea",2,0,0,0,0,0,0,0,0,0,0,1,0,0,0,0,0,0,0,0,0,0,0,0,0
"OTU1104.Acidobacteriota._",0,0,1,0,0,0,0,1,2,0,3,2,1,0,1,1,4,2,7,1,0,0,0,1,0
"OTU1105.Chloroflexi._",1,0,0,0,0,0,0,0,0,0,0,0,0,0,0,0,0,0,0,0,0,0,0,0,0
"OTU1106.Chloroflexi._",0,0,0,0,0,0,0,0,0,0,0,0,0,0,0,0,0,0,0,0,0,0,0,0,0
"OTU1107.Verrucomicrobiota._",0,0,0,0,0,0,2,0,0,0,0,0,1,0,0,0,0,0,0,1,0,1,0,2,0
"OTU1108.Chloroflexi._",0,0,0,0,0,0,0,0,0,0,0,0,0,0,0,0,0,0,0,0,0,0,0,0,0
"OTU1109.Chloroflexi._",0,0,0,0,0,1,0,0,0,0,0,1,0,0,0,0,0,0,0,0,0,0,0,0,0
"OTU1110.Planctomycetota._",0,0,0,0,0,0,0,0,0,0,0,0,0,0,0,0,0,0,0,0,0,0,0,0,0
"OTU1111.Planctomycetota._",0,0,1,0,0,0,0,0,0,0,0,1,1,0,0,0,1,1,0,1,0,0,0,0,0
"OTU1112.Acidobacteriota.Luteitalea",1,0,0,0,0,0,0,0,2,0,0,0,0,3,0,0,0,0,0,0,0,0,0,0,0
"OTU1113.Actinobacteriota._",1,0,1,0,0,0,0,0,0,2,0,2,0,0,1,1,0,0,0,2,0,2,0,0,1
"OTU1114.Bacteroidota._",1,0,0,0,0,0,0,1,0,0,0,0,2,1,1,4,1,0,0,0,0,0,4,0,1
"OTU1115.Gemmatimonadota._",0,0,0,0,0,0,1,0,0,0,0,0,0,0,0,0,0,0,0,0,0,0,0,0,0
"OTU1116.Planctomycetota._",1,0,1,0,0,1,0,1,1,0,0,0,0,0,0,0,0,1,0,0,1,0,0,0,0
"OTU1117.Planctomycetota._",0,2,1,0,1,1,0,2,1,0,0,0,1,0,0,1,5,1,2,0,3,0,2,3,1
"OTU1118.Proteobacteria.Klebsiella",0,2,0,1,4,1,0,1,1,1,0,0,1,1,0,0,0,0,0,0,0,11,0,0,0
"OTU1119.Proteobacteria.Rubellimicrobium",0,0,0,0,0,0,0,1,0,0,0,0,0,0,0,0,1,0,0,0,0,0,1,0,0
"OTU1120.Proteobacteria.Salinarimonas",0,0,4,3,0,0,1,0,1,0,0,0,2,0,0,0,0,0,0,0,0,0,0,0,0
"OTU1122.Chloroflexi._",0,0,0,0,0,0,0,0,0,0,0,0,0,0,0,0,0,0,0,0,0,0,0,0,0
"OTU1123.Proteobacteria.Candidatus|Alysiosphaera",0,0,0,0,0,0,0,0,0,0,1,0,0,0,0,0,0,0,0,0,0,0,1,0,0
"OTU1124.Actinobacteriota._",0,0,0,0,0,0,0,0,0,0,0,0,0,0,0,0,0,0,0,0,0,0,0,0,0
"OTU1125.Actinobacteriota._",0,0,0,0,0,1,0,0,0,0,1,0,0,0,0,0,0,0,1,0,1,2,1,0,0
"OTU1126.Actinobacteriota.Iamia",1,0,0,0,0,0,0,0,0,0,0,1,0,1,0,0,0,0,0,0,0,0,0,0,0
"OTU1128.Myxococcota._",0,1,0,0,0,0,0,0,0,0,0,0,0,0,0,0,0,0,0,0,0,0,0,0,0
"OTU1129.Planctomycetota.SH-PL14",0,1,0,0,1,0,0,2,2,0,0,0,1,1,0,0,0,0,0,0,0,0,1,2,1
"OTU1130.Chloroflexi._",0,0,0,0,0,0,0,0,0,0,0,0,0,0,0,0,0,0,0,0,0,0,0,0,0
"OTU1131.Chloroflexi._",0,0,0,0,0,0,0,0,0,0,0,0,1,0,0,0,0,0,0,0,0,0,0,0,0
"OTU1132.Proteobacteria._",0,0,0,0,0,0,0,1,0,0,0,0,0,0,0,0,0,0,0,0,0,0,0,0,0
"OTU1133.Proteobacteria.Cellvibrio",0,0,0,0,0,0,1,0,2,0,0,0,0,2,0,0,0,0,0,0,1,0,0,0,0
"OTU1134.Thermoplasmatota._",4,0,0,0,2,0,1,0,1,1,0,0,0,0,0,0,0,2,1,1,3,1,2,1,1
"OTU1135.Planctomycetota._",0,3,1,0,0,0,0,0,0,0,0,0,0,0,0,0,0,0,0,0,0,0,1,0,0
"OTU1137.Proteobacteria.Sphingomonas",0,0,0,0,0,0,1,0,0,0,0,0,0,1,0,0,0,0,1,0,0,0,0,0,0
"OTU1138.Planctomycetota._",0,0,2,0,0,0,0,0,0,0,0,0,0,0,0,0,0,0,0,0,0,0,0,0,0
"OTU1139.Gemmatimonadota._",0,0,0,0,0,0,0,0,0,1,0,1,0,0,0,1,1,1,1,1,0,0,1,0,0
"OTU1140.Chloroflexi.Anaerolinea",0,0,0,0,0,0,0,0,0,0,0,0,0,0,0,0,0,0,0,0,0,0,0,0,0
"OTU1141.Planctomycetota.SH-PL14",2,0,0,1,0,0,0,2,0,3,0,2,3,1,0,0,0,0,0,0,0,1,0,1,3
"OTU1142.Bacteroidota.Niastella",0,0,0,0,1,0,0,1,1,0,0,0,0,0,0,0,1,0,0,0,0,0,1,1,0
"OTU1143.Planctomycetota._",1,1,0,0,0,0,0,0,1,0,0,0,0,0,0,0,0,1,0,2,0,0,0,0,2
"OTU1144.Proteobacteria._",1,0,0,0,0,0,0,0,0,0,1,0,0,0,0,0,0,0,0,1,1,0,2,2,2
"OTU1145.Planctomycetota.Pir4|lineage",0,0,0,0,0,0,0,0,0,0,0,0,0,0,0,0,0,0,1,0,0,0,0,0,0
"OTU1146.Acidobacteriota.Stenotrophobacter",0,1,1,0,1,0,0,0,0,0,0,0,0,0,0,0,0,0,0,1,0,0,0,0,0
"OTU1147.Planctomycetota.Singulisphaera",0,1,0,0,0,1,0,5,1,3,1,0,0,0,0,0,2,0,1,1,2,3,3,2,1
"OTU1148.Chloroflexi._",0,0,0,0,1,0,0,2,0,0,0,0,1,0,0,0,0,0,0,0,2,0,1,0,2
"OTU1149.Planctomycetota.Gemmata",1,0,0,0,1,0,0,1,0,0,0,0,0,0,0,0,0,0,0,0,0,2,2,1,1
"OTU1150.Firmicutes.Thermincola",0,0,0,0,0,0,0,0,0,0,0,0,0,0,0,0,0,0,0,0,0,0,0,0,0
"OTU1151.Planctomycetota.Gemmata",0,0,0,0,0,0,0,0,0,1,1,0,0,1,0,0,0,0,0,0,1,2,1,0,1
"OTU1152.Planctomycetota.SH-PL14",0,0,0,0,0,0,0,0,0,0,0,0,0,0,0,0,0,0,0,0,0,0,0,0,0
"OTU1153.Chloroflexi._",0,0,0,0,0,0,0,0,0,0,0,0,0,0,0,0,0,0,0,0,0,0,0,0,0
"OTU1154.Firmicutes.Thermincola",0,0,0,0,0,0,0,0,0,0,0,0,0,0,0,0,0,0,0,0,0,0,0,0,0
"OTU1155.Planctomycetota._",0,0,0,0,0,0,0,0,0,0,0,0,0,0,0,0,0,0,0,0,0,0,0,0,0
"OTU1157.Actinobacteriota.uncultured|Actinomycetales|bacterium",0,0,0,0,0,0,0,0,0,0,0,0,0,0,0,0,0,0,0,0,0,0,0,0,0
"OTU1158.Gemmatimonadota._",0,1,0,0,0,0,0,2,0,0,0,1,2,0,0,0,0,0,0,0,0,2,1,3,3
"OTU1159.Planctomycetota._",3,0,3,0,1,4,0,6,0,0,0,0,2,0,2,2,2,0,4,1,1,4,11,3,2
"OTU1160.Planctomycetota._",0,0,0,0,0,0,0,0,0,0,0,0,0,0,0,0,0,0,0,0,0,0,0,0,0
"OTU1161.Latescibacterota.uncultured|Latescibacteria|bacterium",0,0,1,0,0,0,0,0,0,0,0,0,0,0,0,0,0,0,0,0,0,0,0,0,0
"OTU1162.Planctomycetota.Pirellula",0,3,1,0,0,0,0,0,0,0,0,1,0,0,0,0,0,0,0,1,1,0,0,0,1
"OTU1163.Gemmatimonadota._",0,0,0,0,0,0,0,0,0,0,1,0,0,0,0,0,0,0,0,0,0,0,0,0,0
"OTU1164.Chloroflexi._",0,0,0,1,0,0,0,0,0,0,0,0,0,0,0,0,0,0,0,0,0,0,0,0,0
"OTU1165.Proteobacteria._",0,0,0,0,0,2,0,1,0,0,0,0,0,0,0,0,0,0,0,0,0,0,0,0,0
"OTU1166.Proteobacteria.Altererythrobacter",0,2,0,0,1,0,0,0,1,0,0,1,0,0,0,1,0,0,2,0,1,0,1,1,1
"OTU1167.Actinobacteriota._",0,0,0,0,0,0,0,0,0,0,0,1,0,0,1,0,0,0,0,0,0,0,0,0,0
"OTU1168.Gemmatimonadota._",0,0,0,0,0,0,0,1,0,0,0,0,0,0,0,0,0,0,0,0,0,0,0,0,0
"OTU1169.Actinobacteriota.Conexibacter",2,1,3,3,5,1,3,1,1,3,1,4,0,8,6,1,0,0,0,2,0,1,1,0,1
"OTU1170.Acidobacteriota._",1,0,0,1,0,0,0,0,0,0,0,0,0,0,0,0,0,0,0,0,4,1,1,1,2
"OTU1171.Desulfobacterota.Syntrophobacter",1,0,0,0,0,0,0,0,0,0,0,0,0,0,0,0,0,0,0,0,0,0,0,0,0
"OTU1172.Actinobacteriota._",0,0,0,0,0,0,0,0,0,0,0,0,0,1,0,0,0,0,0,0,0,0,0,0,0
"OTU1173.Bacteroidota.Zeaxanthinibacter",0,0,0,0,0,0,0,0,0,0,0,0,2,1,0,0,0,0,0,0,0,0,0,0,0
"OTU1174.Planctomycetota._",0,0,0,0,1,0,0,0,2,0,1,0,0,0,0,0,0,0,0,0,1,0,1,0,0
"OTU1175.Actinobacteriota.Nocardioides",0,0,0,0,0,0,0,0,0,0,0,0,1,1,0,0,0,0,0,0,0,0,0,0,1
"OTU1176.Actinobacteriota._",0,0,0,0,0,0,0,0,0,0,0,0,0,0,0,0,0,0,0,0,0,0,0,1,0
"OTU1177.Actinobacteriota.Rubrobacter",0,0,0,0,0,2,0,2,0,0,0,0,0,0,0,0,0,0,0,0,1,1,0,1,2
"OTU1178.Proteobacteria.Rubellimicrobium",1,0,0,0,2,0,0,3,2,0,1,0,0,4,0,1,0,0,1,0,0,0,1,1,2
"OTU1179.Cyanobacteria.Nostoc|PCC-7107",0,0,0,0,0,1,1,0,0,1,0,0,0,0,0,0,0,0,0,0,0,0,0,0,0
"OTU1180.Actinobacteriota.uncultured|actinobacterium",0,0,0,0,0,0,0,0,0,0,0,0,0,0,0,0,0,0,0,0,0,0,0,0,0
"OTU1181.Actinobacteriota._",0,0,0,0,0,0,0,0,0,0,0,0,0,0,0,0,0,0,0,0,0,0,0,0,0
"OTU1182.Acidobacteriota._",0,0,0,0,1,1,0,1,0,3,1,0,1,0,0,1,2,2,0,1,5,1,1,1,2
"OTU1183.Actinobacteriota._",0,0,0,0,0,0,0,1,0,0,0,2,0,0,0,5,2,1,3,2,0,1,0,0,0
"OTU1184.Actinobacteriota._",1,0,0,0,0,0,0,0,1,0,2,0,0,0,0,1,0,1,0,0,0,2,0,0,0
"OTU1185.Planctomycetota._",0,0,0,0,0,0,0,3,2,0,0,0,2,0,0,0,0,0,0,1,0,0,6,1,2
"OTU1186.Chloroflexi._",0,0,1,0,1,0,0,0,0,0,0,0,1,0,0,0,0,1,0,0,0,0,1,1,4
"OTU1187.Verrucomicrobiota.Candidatus|Xiphinematobacter",0,0,0,0,2,0,0,0,0,7,1,7,0,2,7,0,0,1,0,0,0,0,0,0,0
"OTU1188.Planctomycetota._",0,0,0,0,0,0,0,0,0,0,0,0,0,0,0,0,0,0,0,0,0,0,0,0,0
"OTU1189.Proteobacteria._",0,0,0,0,0,0,0,0,0,0,0,0,0,0,0,0,0,0,0,0,0,0,0,0,0
"OTU1190.Proteobacteria.Tateyamaria",0,0,0,1,0,0,0,0,0,0,0,0,0,2,0,0,0,0,0,0,0,0,0,0,0
"OTU1191.Chloroflexi._",0,0,0,0,0,0,0,0,0,0,0,0,0,0,0,0,0,0,0,0,0,0,0,0,0
"OTU1192.Chloroflexi._",0,0,0,0,0,0,0,0,0,0,0,0,0,0,0,0,0,0,0,0,0,0,0,0,0
"OTU1193.Chloroflexi._",0,0,0,1,0,0,2,0,1,0,0,0,0,0,0,0,0,0,1,0,0,2,0,0,1
"OTU1194.Proteobacteria.uncultured|forest|soil|bacterium",1,0,0,0,0,0,0,0,0,0,0,1,0,0,0,0,0,0,0,0,0,0,0,0,0
"OTU1195.Planctomycetota._",0,0,0,0,0,0,0,0,0,1,0,1,0,1,1,0,0,0,1,0,0,0,0,0,0
"OTU1196.Proteobacteria.Candidatus|Alysiosphaera",2,0,0,1,0,0,1,1,0,1,0,0,4,0,0,0,0,0,0,0,2,2,1,1,0
"OTU1197.Firmicutes.Tumebacillus",0,0,0,0,0,0,0,0,0,0,0,0,0,0,0,0,0,0,0,0,0,0,0,0,0
"OTU1198.NB1-j._",0,0,0,0,0,0,0,0,0,0,0,0,0,0,0,1,0,0,0,0,0,0,0,0,0
"OTU1199.Planctomycetota._",0,0,0,0,0,0,0,0,0,0,0,0,0,0,0,1,0,0,1,1,0,0,1,0,0
"OTU1200.Chloroflexi._",1,0,0,0,0,0,0,0,0,0,0,0,0,0,0,0,0,0,0,0,0,0,0,0,0
"OTU1201.Proteobacteria.Luteimonas",0,0,0,0,0,0,0,0,0,0,0,0,0,0,2,0,0,0,0,0,0,0,0,0,0
"OTU1202.Myxococcota._",0,0,0,0,0,0,0,0,0,0,0,0,0,1,0,0,0,0,0,0,0,0,0,0,0
"OTU1203.Chloroflexi._",0,0,0,1,0,0,0,0,0,0,0,0,0,0,0,0,0,0,0,0,0,0,0,0,0
"OTU1204.Firmicutes.Bacillus",0,1,0,0,0,0,0,2,0,1,0,0,0,0,0,4,1,1,4,6,3,2,1,0,1
"OTU1205.Chloroflexi._",0,0,0,0,0,0,0,0,0,1,0,0,0,0,0,2,0,0,1,0,0,0,0,0,0
"OTU1206.Acidobacteriota.Candidatus|Solibacter",3,0,0,0,4,4,3,1,0,6,3,3,0,1,0,0,0,0,0,0,0,2,0,0,0
"OTU1207.Planctomycetota.planctomycete|WY108",0,0,1,0,0,1,0,0,0,0,0,0,0,0,0,0,0,0,1,0,0,0,1,1,1
"OTU1208.Chloroflexi.uncultured|Caldilineales|bacterium",2,0,0,0,0,0,0,0,1,0,0,0,0,0,0,0,0,0,0,0,0,0,0,1,0
"OTU1209.Chloroflexi._",0,0,0,0,0,0,0,0,0,0,0,0,0,0,0,0,0,0,0,0,0,1,0,0,0
"OTU1210.Actinobacteriota._",0,0,0,0,0,0,0,0,0,0,0,0,0,0,0,0,0,0,0,0,0,0,0,0,0
"OTU1211.Proteobacteria._",0,0,0,1,0,0,0,0,0,0,0,0,0,0,0,0,0,0,0,0,0,0,0,0,0
"OTU1212.Chloroflexi._",2,0,0,0,0,0,0,0,0,0,0,0,0,0,0,1,0,1,1,0,0,0,0,0,0
"OTU1213.Thermoplasmatota._",0,1,1,1,0,0,0,0,0,0,0,0,0,0,0,0,0,0,0,0,0,0,0,0,0
"OTU1214.Actinobacteriota.Nocardia",0,0,0,0,0,0,0,1,0,0,0,0,0,0,0,0,0,1,0,0,0,0,0,0,0
"OTU1215.Myxococcota._",0,0,1,1,0,1,1,1,0,0,2,1,0,2,0,2,1,1,2,1,0,0,0,0,0
"OTU1216.Proteobacteria.Pseudolabrys",0,0,0,0,0,0,0,0,0,0,0,0,0,22,0,0,0,0,0,0,0,0,0,0,0
"OTU1217.Planctomycetota.Blastopirellula",1,0,0,0,0,0,0,0,4,0,0,0,0,0,0,0,0,0,0,0,0,0,0,0,0
"OTU1218.Chloroflexi._",0,0,0,0,0,0,0,1,0,2,0,1,0,0,0,0,1,0,3,0,2,3,1,0,0
"OTU1219.Actinobacteriota.Iamia",0,0,0,0,0,0,0,2,0,0,1,0,0,0,0,0,0,1,0,0,1,0,1,0,0
"OTU1220.Cyanobacteria.Leptolyngbya|EcFYyyy-00",0,3,0,0,0,0,1,0,0,0,0,0,0,0,0,0,0,0,0,0,0,0,0,0,0
"OTU1221.Firmicutes.Bacillus",1,2,3,3,1,8,0,1,4,1,2,4,1,0,4,2,6,0,5,4,5,1,2,2,2
"OTU1222.Proteobacteria._",0,1,0,0,0,0,0,0,1,10,0,0,0,0,0,0,0,0,0,0,0,1,0,0,0
"OTU1223.Chloroflexi._",0,0,0,0,0,0,0,0,1,0,0,0,0,0,1,0,0,0,0,0,0,0,0,0,0
"OTU1224.Planctomycetota._",0,0,0,0,0,0,0,3,0,0,0,0,0,0,0,0,0,0,1,0,1,2,2,2,5
"OTU1225.Gemmatimonadota.YC-ZSS-LKJ147",0,0,0,0,0,0,0,0,0,0,0,0,0,0,0,0,0,0,0,0,0,0,1,0,2
"OTU1226.Proteobacteria.Tistlia",0,0,0,0,0,0,0,0,0,0,0,0,0,0,0,0,0,0,0,0,0,0,0,0,0
"OTU1227.Proteobacteria.Roseomonas",0,0,0,0,0,0,1,0,0,0,0,0,0,1,0,1,0,1,0,0,0,0,1,0,0
"OTU1228.Gemmatimonadota._",0,0,0,0,0,1,0,0,0,0,0,0,0,0,0,0,0,1,0,1,0,0,0,0,0
"OTU1229.Proteobacteria.Arenimonas",1,0,0,0,0,0,0,0,0,0,0,0,0,0,0,0,0,0,0,0,0,1,0,0,2
"OTU1230.Planctomycetota._",0,0,2,0,0,0,0,0,1,0,0,0,0,0,0,0,0,0,0,0,0,0,0,0,0
"OTU1231.Proteobacteria.Roseomonas",1,0,1,0,0,0,0,0,0,1,0,1,0,0,0,0,0,0,1,0,1,0,0,0,0
"OTU1232.Firmicutes.Ammoniibacillus",0,0,0,0,0,0,0,0,0,0,0,0,0,0,0,0,0,0,0,0,0,0,0,0,0
"OTU1233.Chloroflexi._",0,0,0,0,0,0,0,0,0,0,0,0,0,0,0,0,0,0,0,0,0,0,0,0,0
"OTU1234.Desulfobacterota.Syntrophobacter",0,0,0,0,0,0,1,0,0,0,0,0,0,0,0,0,0,0,0,0,0,0,0,0,0
"OTU1235.Proteobacteria.Amaricoccus",0,0,0,0,0,0,0,0,3,1,2,1,0,0,0,0,0,0,0,0,0,0,1,1,0
"OTU1236.Chloroflexi.Candidatus|Chloroploca",0,0,1,0,0,0,0,0,0,0,0,0,0,0,0,0,0,0,0,0,0,0,0,0,0
"OTU1237.Verrucomicrobiota.Alterococcus",0,0,0,0,0,0,0,0,2,0,0,0,0,0,2,0,0,0,0,0,0,0,0,0,0
"OTU1238.Planctomycetota._",0,0,1,0,0,0,0,0,0,0,0,0,10,0,0,0,0,0,0,0,0,0,0,0,0
"OTU1239.Bacteroidota.Hassallia",0,0,0,0,0,0,0,0,0,0,0,0,0,0,0,0,0,0,0,1,0,0,0,0,0
"OTU1240.Chloroflexi.uncultured|organism",0,0,0,0,0,0,0,0,0,0,0,0,0,0,0,0,0,0,0,0,0,0,0,0,0
"OTU1241.Chloroflexi.uncultured|Chloroflexi|bacterium",0,0,0,0,0,0,0,0,0,0,0,0,0,0,0,0,0,0,0,0,0,0,0,0,0
"OTU1242.Planctomycetota.Pir4|lineage",0,0,1,0,1,0,0,0,0,0,0,0,0,0,0,0,0,0,0,0,0,0,0,0,0
"OTU1243.Planctomycetota._",0,0,2,1,1,0,0,0,0,0,0,1,0,0,0,0,0,0,0,1,0,0,0,0,0
"OTU1244.Acidobacteriota.Subgroup|10",0,0,0,0,0,0,0,0,1,0,0,0,0,0,0,0,0,0,0,0,0,0,0,0,0
"OTU1245.Proteobacteria.Sphingomonas",0,0,0,0,2,0,0,0,2,1,1,0,0,0,0,2,0,1,0,0,1,0,3,1,1
"OTU1246.Chloroflexi._",0,0,0,0,0,0,0,0,0,0,0,0,0,0,0,0,0,0,0,0,0,0,0,0,0
"OTU1247.Proteobacteria.Skermanella",0,0,0,0,0,0,0,1,0,0,0,1,0,0,0,0,0,0,3,1,3,1,1,0,2
"OTU1248.Acidobacteriota._",0,0,0,0,0,0,0,0,0,0,0,0,0,0,0,0,0,0,0,0,0,0,0,0,0
"OTU1249.Planctomycetota._",0,0,0,0,0,0,0,0,0,0,0,0,0,0,0,0,0,0,0,0,0,0,1,0,1
"OTU1250.Proteobacteria.uncultured|deep-sea|bacterium",0,0,0,0,0,0,0,1,0,0,0,0,0,0,0,0,0,0,0,0,0,0,0,0,0
"OTU1251.Planctomycetota._",0,0,0,0,0,0,0,0,0,0,0,0,0,1,0,0,0,0,0,0,0,0,0,0,0
"OTU1252.Proteobacteria._",0,0,2,0,0,0,0,3,1,0,0,0,0,1,0,0,0,1,0,0,1,5,3,2,4
"OTU1253.Chloroflexi._",0,1,1,0,0,0,0,0,0,1,1,3,0,0,1,0,0,0,0,1,0,0,2,0,0
"OTU1254.Planctomycetota._",0,1,0,0,0,0,0,3,1,1,1,0,0,0,0,0,0,0,0,1,2,0,0,1,0
"OTU1255.Myxococcota._",0,0,0,0,1,0,0,1,1,0,0,1,0,0,0,0,0,0,0,0,0,1,1,0,0
"OTU1256.Acidobacteriota._",1,0,0,0,0,0,0,1,1,0,0,0,1,0,2,0,1,2,0,1,1,0,0,3,2
"OTU1257.Chloroflexi.uncultured|organism",0,0,0,0,0,0,0,0,0,0,0,0,0,0,0,0,0,0,0,0,0,0,0,0,0
"OTU1258.Myxococcota._",1,2,0,0,0,0,1,1,0,0,2,0,0,0,1,1,1,0,0,0,0,1,0,1,0
"OTU1259.Chloroflexi._",0,0,0,0,0,0,0,0,0,0,0,0,0,0,0,0,0,0,0,0,0,0,0,0,0
"OTU1260.Planctomycetota._",0,0,0,0,0,0,0,0,0,0,0,0,0,0,0,0,0,0,0,0,0,0,0,0,0
"OTU1261.Actinobacteriota._",0,0,0,0,0,0,1,0,0,2,0,0,2,0,0,0,0,0,0,1,1,1,0,1,0
"OTU1262.Chloroflexi.uncultured|Chloroflexi|bacterium",0,0,0,0,0,0,0,2,0,0,0,1,0,0,0,0,2,1,2,2,0,0,0,0,0
"OTU1263.Chloroflexi._",0,0,0,0,0,2,1,1,1,1,0,1,0,0,1,0,2,2,0,0,0,1,0,0,4
"OTU1264.Chloroflexi._",0,2,0,0,0,0,0,1,1,0,0,1,0,1,0,1,1,1,3,0,2,0,0,0,1
"OTU1265.Armatimonadota._",0,0,0,1,0,0,0,0,0,0,0,0,0,0,0,3,1,1,0,0,0,0,0,0,0
"OTU1266.Planctomycetota.Urania-1B-19|marine|sediment|group",0,0,0,0,1,0,0,0,0,0,0,0,0,0,0,0,0,0,0,0,0,0,0,0,0
"OTU1267.Firmicutes.Planifilum",0,0,0,0,0,0,0,0,1,0,0,0,0,0,0,0,0,0,0,1,0,0,0,0,0
"OTU1268.Cyanobacteria._",0,0,0,1,0,0,0,0,0,0,0,0,0,0,0,0,0,0,0,0,0,0,0,0,0
"OTU1269.Chloroflexi.Chloronema",1,1,0,0,0,0,0,0,0,0,0,1,0,0,0,0,0,0,0,0,0,0,0,0,0
"OTU1270.Actinobacteriota.Ornithinimicrobium",0,0,0,0,0,0,0,0,2,0,0,1,0,0,0,0,0,0,0,0,0,0,0,0,0
"OTU1271.Chloroflexi._",0,0,0,1,0,0,0,0,0,0,0,0,0,0,0,0,0,0,0,0,0,0,0,0,0
"OTU1272.Firmicutes.Oceanobacillus",1,0,0,0,0,0,0,0,3,0,0,0,0,0,0,0,0,0,0,1,0,0,0,0,0
"OTU1273.Chloroflexi._",0,0,1,0,0,0,0,0,0,0,0,0,0,0,0,0,0,0,0,0,0,0,0,0,0
"OTU1274.Chloroflexi.metagenome",0,0,0,0,0,0,0,0,0,0,0,0,0,0,0,0,0,0,0,0,0,0,0,0,0
"OTU1275.Planctomycetota._",0,0,0,0,0,0,0,0,0,0,0,0,0,0,0,0,0,0,0,0,0,1,0,0,0
"OTU1276.Planctomycetota._",1,0,1,0,0,0,0,0,0,0,0,0,0,0,0,0,1,1,1,0,0,1,2,0,1
"OTU1277.Thermoplasmatota._",1,1,0,0,0,2,0,0,1,0,0,3,1,0,1,0,1,0,1,1,2,1,0,0,0
"OTU1278.Planctomycetota._",0,0,0,0,0,0,0,0,0,0,0,0,0,0,0,0,0,0,0,0,0,0,0,0,0
"OTU1279.Chloroflexi._",0,0,1,0,0,0,0,0,0,0,0,0,0,0,0,0,0,1,0,0,0,0,1,0,0
"OTU1280.Proteobacteria._",1,0,0,0,0,1,0,0,0,0,0,0,0,0,0,1,0,0,0,0,0,0,0,0,0
"OTU1281.Chloroflexi._",1,0,0,0,0,0,0,0,0,0,0,0,0,0,0,0,0,0,0,0,0,0,0,0,0
"OTU1282.Firmicutes.Bacillus",0,0,0,0,0,1,0,0,0,0,0,0,0,0,0,0,0,0,0,1,0,0,0,0,0
"OTU1283.Myxococcota.Aetherobacter",1,0,2,0,1,0,0,0,0,1,0,0,0,0,1,2,0,0,0,0,0,3,2,0,1
"OTU1284.Planctomycetota._",0,0,0,19,0,0,0,0,0,8,10,0,11,0,0,0,0,0,0,0,0,0,0,0,0
"OTU1285.Desulfobacterota.Desulfopila",0,0,0,0,0,0,0,0,0,0,0,0,0,0,0,0,0,0,0,0,0,0,0,0,0
"OTU1286.Proteobacteria.Dokdonella",2,0,0,0,0,0,0,0,0,0,0,0,0,0,0,0,0,0,0,0,0,0,0,0,0
"OTU1287.Acidobacteriota.Subgroup|10",0,0,0,0,0,0,1,0,0,0,0,0,0,0,0,0,0,0,0,0,1,0,0,0,0
"OTU1288.Chloroflexi._",0,0,0,0,0,0,0,1,0,0,0,0,0,0,0,0,0,0,0,0,0,0,0,0,1
"OTU1289.Chloroflexi._",0,0,0,0,0,0,0,0,0,0,0,0,0,0,0,0,0,0,0,0,0,0,0,0,0
"OTU1290.Chloroflexi._",0,0,0,0,0,0,0,0,0,0,0,0,0,0,0,0,0,0,0,2,0,0,0,0,0
"OTU1291.Chloroflexi.uncultured|anaerobic|ammonium-oxidizing|bacterium",0,0,0,0,0,0,0,0,1,0,0,0,0,0,0,0,1,0,0,0,0,0,0,0,0
"OTU1292.Proteobacteria.Pedomicrobium",0,0,0,0,0,1,2,2,0,0,0,0,0,0,0,0,1,1,0,0,1,0,0,0,0
"OTU1293.Firmicutes._",1,0,0,0,1,0,0,0,0,0,0,0,0,0,2,0,1,2,0,1,1,3,0,0,2
"OTU1294.Planctomycetota.Gemmata",0,0,3,1,0,0,0,2,0,0,0,0,0,0,0,0,0,0,0,0,1,0,1,3,2
"OTU1295.Planctomycetota._",0,0,0,0,0,0,0,0,1,0,0,0,0,0,0,0,0,0,0,1,2,0,0,1,0
"OTU1296.Chloroflexi._",0,0,0,2,0,0,0,0,0,0,0,0,0,0,0,0,0,0,0,0,0,0,0,0,0
"OTU1297.Chloroflexi._",1,0,0,0,0,0,0,0,0,0,0,0,0,0,0,0,0,0,0,0,0,0,0,0,0
"OTU1298.Chloroflexi._",0,0,0,0,0,0,0,0,0,0,0,0,0,0,0,0,0,1,0,0,0,0,0,0,0
"OTU1299.Planctomycetota._",0,0,0,0,0,0,0,1,0,2,0,0,0,0,1,0,2,0,0,0,1,4,0,2,0
"OTU1300.Planctomycetota._",0,0,0,1,0,0,0,4,1,0,0,0,0,0,0,0,0,2,0,0,0,1,1,0,0
"OTU1301.Bacteroidota.Imperialibacter",0,0,0,0,0,0,0,0,0,0,0,0,0,0,0,0,0,0,0,0,0,0,0,0,0
"OTU1302.Myxococcota.Haliangium",0,0,0,0,0,1,1,1,1,0,0,4,0,0,0,0,0,0,0,2,0,0,0,1,0
"OTU1303.Firmicutes._",0,2,0,0,0,0,0,0,0,0,0,0,1,0,0,1,0,1,0,0,0,1,0,0,0
"OTU1304.Planctomycetota._",0,0,0,0,0,0,0,0,0,0,0,0,0,0,0,0,0,0,0,0,0,0,0,0,0
"OTU1305.Halobacterota._",0,0,0,0,0,0,0,0,0,0,0,0,0,0,0,0,0,0,0,0,0,0,0,0,0
"OTU1306.Chloroflexi._",0,0,0,0,0,0,0,0,1,0,1,0,0,0,0,0,0,0,0,0,0,0,0,0,0
"OTU1307.Chloroflexi._",0,0,0,0,0,0,0,0,0,0,0,0,0,0,0,0,0,0,0,0,0,0,0,0,0
"OTU1308.Myxococcota.Sandaracinus",0,0,0,0,0,2,0,0,1,0,0,1,0,0,0,0,0,0,0,0,0,0,0,0,0
"OTU1309.Planctomycetota._",3,0,0,0,0,0,0,0,1,0,0,0,0,0,0,0,0,0,0,0,0,0,0,0,0
"OTU1310.Actinobacteriota.Actinomadura",0,0,0,0,1,0,0,0,0,0,0,0,0,0,0,0,0,0,0,0,0,0,0,0,1
"OTU1311.Cyanobacteria._",0,0,0,0,0,0,0,0,0,0,0,0,0,0,0,0,0,0,0,0,0,0,0,0,0
"OTU1312.Chloroflexi.Herpetosiphon",0,0,1,0,0,0,0,0,0,0,1,0,0,0,0,0,0,0,0,0,0,0,0,0,0
"OTU1313.Planctomycetota._",0,0,0,0,0,0,0,0,0,1,0,1,0,0,0,0,0,0,1,0,0,0,0,0,0
"OTU1314.Firmicutes.Tumebacillus",0,0,0,0,0,0,0,0,0,0,0,0,0,0,0,0,0,0,0,0,0,0,0,0,0
"OTU1315.Planctomycetota.SM1A02",0,0,0,0,1,0,0,0,1,0,0,0,0,0,0,0,0,0,0,0,0,0,0,0,0
"OTU1316.Myxococcota.Jahnella",0,0,0,0,0,0,0,0,0,0,0,0,2,0,0,0,0,0,0,0,0,0,0,0,0
"OTU1317.Proteobacteria.Lysobacter",2,1,0,0,0,0,2,1,1,0,3,1,0,0,1,0,0,1,0,0,3,2,0,0,2
"OTU1318.Chloroflexi._",1,0,1,0,0,0,0,1,0,0,2,0,0,0,2,0,0,2,0,0,2,3,0,3,0
"OTU1319.Chloroflexi._",0,0,0,0,0,4,0,0,0,1,0,2,0,0,0,0,0,1,0,0,0,0,0,0,0
"OTU1320.Planctomycetota._",0,0,0,0,0,0,0,0,0,0,1,0,0,1,0,0,0,0,0,0,0,0,0,0,0
"OTU1321.Planctomycetota._",0,0,0,1,0,0,0,0,0,0,0,0,0,0,0,0,0,0,0,0,0,0,0,0,0
"OTU1322.Bacteroidota.Tunicatimonas",0,0,1,0,0,0,0,0,0,0,0,0,0,0,0,0,0,0,0,0,0,0,0,0,0
"OTU1323.Chloroflexi._",0,0,0,0,0,0,0,0,0,0,0,1,0,0,0,0,0,0,0,0,0,0,0,0,0
"OTU1324.Desulfobacterota._",0,0,0,0,0,0,0,0,0,0,0,0,0,0,0,0,0,0,0,0,0,1,0,0,0
"OTU1325.Firmicutes.uncultured|Clostridium|sp",0,0,0,0,0,0,0,0,0,0,0,0,0,0,0,0,0,0,0,0,0,0,0,0,0
"OTU1326.Planctomycetota._",0,0,1,0,0,0,0,1,1,0,0,0,0,0,0,0,0,0,1,0,0,2,0,0,2
"OTU1327.Planctomycetota._",0,1,0,0,0,0,0,0,0,0,0,0,0,0,0,0,1,0,0,0,0,0,0,0,0
"OTU1328.Proteobacteria._",0,0,0,0,0,0,0,0,0,0,0,0,0,0,0,0,0,0,0,0,0,0,0,0,0
"OTU1329.Acidobacteriota.Blastocatella",0,0,0,0,0,0,0,0,0,0,0,0,0,0,0,0,0,0,0,0,0,0,0,0,0
"OTU1330.Planctomycetota._",0,0,0,0,0,0,0,1,0,0,1,0,0,0,2,0,1,0,0,0,0,0,0,0,0
"OTU1331.Actinobacteriota._",0,0,0,0,0,0,0,0,0,0,0,0,0,0,0,0,0,0,0,0,0,0,0,0,0
"OTU1332.Planctomycetota.uncultured|planctomycete",0,0,0,0,0,0,0,1,0,0,0,0,0,0,0,0,0,0,0,1,3,2,3,0,2
"OTU1333.Chloroflexi._",0,0,0,0,0,2,0,0,0,0,0,0,0,0,0,0,0,0,0,1,0,0,0,0,0
"OTU1334.Armatimonadota._",0,0,0,0,0,0,0,0,2,0,0,1,0,0,0,0,0,1,1,0,0,1,0,0,0
"OTU1336.Chloroflexi._",0,0,0,0,0,0,0,0,0,0,0,0,0,0,0,0,0,0,0,0,0,0,0,0,0
"OTU1337.Actinobacteriota.Kineosporia",0,0,0,1,0,0,1,0,0,2,0,1,0,0,0,0,0,0,1,0,0,0,0,1,1
"OTU1338.Chloroflexi._",0,0,0,0,0,0,0,0,0,0,0,0,0,0,0,0,0,1,0,0,0,0,0,0,0
"OTU1339.Chloroflexi.uncultured|Chloroflexi|bacterium",0,0,0,0,0,0,0,0,0,0,0,0,0,0,0,0,0,0,0,0,0,0,0,0,0
"OTU1340.Chloroflexi._",1,2,0,0,1,0,2,3,0,1,0,1,0,1,0,1,0,1,0,0,2,2,0,1,6
"OTU1341.Planctomycetota._",0,0,0,0,0,0,0,0,0,0,0,0,0,0,0,0,0,0,0,1,0,0,0,0,0
"OTU1342.Planctomycetota._",2,0,0,0,0,0,0,0,0,0,0,0,0,0,0,0,0,0,0,0,1,0,1,0,2
"OTU1343.Planctomycetota._",0,0,0,0,1,0,0,1,0,0,0,0,0,0,0,0,1,0,0,1,0,1,2,1,0
"OTU1344.Acidobacteriota.Subgroup|10",1,0,1,0,0,0,0,0,0,0,0,0,0,0,0,0,0,0,0,0,0,0,0,0,0
"OTU1345.Proteobacteria.Sulfurifustis",0,0,0,0,0,0,0,0,0,0,0,0,0,0,0,0,0,0,0,0,0,0,0,0,0
"OTU1346.Verrucomicrobiota.Ellin517",0,0,0,0,0,0,1,1,0,0,1,0,3,0,0,0,0,0,0,0,0,0,1,1,1
"OTU1347.Acidobacteriota._",0,0,0,0,0,0,1,0,0,0,0,0,0,0,1,0,2,0,0,3,0,0,0,1,0
"OTU1348.Chloroflexi._",1,0,0,0,1,0,1,0,3,2,1,2,1,0,1,1,0,0,0,0,0,5,1,3,1
"OTU1349.Chloroflexi._",0,0,0,0,0,0,0,0,0,0,0,0,0,0,0,0,0,0,1,0,0,0,0,0,0
"OTU1350.Chloroflexi._",0,0,0,0,0,0,0,0,0,0,1,0,2,0,0,0,0,0,0,0,0,0,0,1,0
"OTU1351.Planctomycetota._",0,0,0,0,0,1,1,0,0,1,0,1,0,0,0,0,0,0,2,0,1,0,0,1,0
"OTU1353.Proteobacteria._",0,0,0,0,0,0,0,0,0,0,0,0,0,1,0,0,0,0,0,0,1,0,0,0,0
"OTU1354.Proteobacteria.Skermanella",0,0,0,0,0,0,0,0,0,0,0,0,0,0,0,0,0,0,0,0,0,0,0,0,0
"OTU1356.Chloroflexi.Anaerolinea",0,0,0,0,0,0,0,0,0,0,0,0,0,0,0,0,0,1,0,0,0,0,0,0,0
"OTU1357.Actinobacteriota.Acidothermus",1,0,2,4,19,8,4,0,2,6,3,2,0,0,2,0,0,1,0,0,0,0,0,1,0
"OTU1358.Planctomycetota._",0,0,0,0,0,0,0,0,0,0,0,0,0,0,0,0,0,0,0,0,0,0,0,0,0
"OTU1359.Proteobacteria.Novosphingobium",0,0,0,0,0,0,0,0,0,0,0,0,0,0,0,0,0,1,0,0,0,1,0,0,0
"OTU1360.Myxococcota.Vulgatibacter",1,0,0,0,0,0,0,0,0,0,0,0,0,0,0,0,0,1,0,2,0,0,0,0,0
"OTU1362.Actinobacteriota._",0,0,0,0,0,0,0,0,0,0,0,0,0,0,0,0,0,0,0,0,0,0,0,0,0
"OTU1363.Planctomycetota.uncultured|soil|bacterium",0,0,0,0,0,1,0,0,0,0,0,0,0,0,0,1,0,1,0,0,1,0,0,0,0
"OTU1365.Planctomycetota._",1,0,0,0,0,0,0,0,0,0,0,0,0,0,3,0,0,0,0,0,0,0,0,0,0
"OTU1366.Planctomycetota._",0,0,1,0,1,0,0,0,0,0,0,1,0,0,0,0,0,0,0,0,0,1,0,1,1
"OTU1367.Proteobacteria.Dongia",0,0,0,0,0,0,0,0,0,0,0,0,0,0,0,1,0,0,0,0,1,0,1,0,0
"OTU1368.Myxococcota.Anaeromyxobacter",0,2,1,0,0,1,0,0,0,0,0,0,0,0,0,0,2,0,1,0,0,0,0,0,0
"OTU1369.Planctomycetota._",1,0,0,1,0,0,0,2,0,0,0,0,0,0,0,0,0,0,0,0,0,0,0,1,0
"OTU1370.Gemmatimonadota._",0,0,2,0,1,0,0,0,0,0,0,0,2,0,0,0,0,0,0,1,0,0,0,0,0
"OTU1371.Proteobacteria.Cm1-21",0,0,0,0,0,0,0,0,0,0,1,0,0,0,0,0,0,0,0,0,0,0,0,0,0
"OTU1372.Armatimonadota._",0,1,0,0,0,0,0,0,0,0,1,0,0,0,0,0,0,0,0,1,1,0,0,0,0
"OTU1373.Armatimonadota._",0,0,0,0,0,0,0,0,0,0,0,0,0,0,0,0,0,0,0,0,0,0,0,0,0
"OTU1374.Proteobacteria.SWB02",0,0,0,0,0,0,0,0,0,0,0,0,0,1,2,0,0,0,0,0,0,0,0,0,0
"OTU1375.Chloroflexi._",0,0,0,0,0,0,0,0,0,0,0,0,0,0,0,0,0,0,0,0,0,0,0,0,0
"OTU1376.Bacteroidota.UTBCD1",0,0,0,0,0,0,0,0,0,0,0,0,0,0,0,0,0,0,0,0,0,0,0,0,0
"OTU1377.Actinobacteriota._",0,0,0,0,0,0,0,0,0,0,0,1,0,0,0,0,0,1,0,0,2,2,1,0,2
"OTU1378.Proteobacteria.Reyranella",0,0,0,0,0,0,0,0,1,0,0,0,0,0,1,0,0,1,0,2,2,4,1,2,0
"OTU1379.Proteobacteria.Roseivivax",0,0,0,1,0,0,0,0,0,0,0,0,0,0,0,0,0,0,0,0,0,0,0,0,0
"OTU1380.Actinobacteriota.Iamia",1,0,0,0,3,0,0,1,0,0,0,0,0,0,0,1,0,0,0,1,1,1,0,0,3
"OTU1381.Proteobacteria.Rubritepida",0,0,0,0,0,0,0,0,0,0,0,0,0,0,0,0,0,0,0,0,0,0,0,0,0
"OTU1382.Proteobacteria.Rhodoplanes",0,1,2,9,3,1,5,0,0,8,3,0,0,0,3,0,0,0,0,0,2,0,0,1,2
"OTU1383.Acidobacteriota._",0,0,0,0,0,0,0,1,0,1,0,1,0,0,0,0,0,0,0,0,0,1,2,0,0
"OTU1384.Planctomycetota._",0,0,0,0,0,0,0,1,0,0,0,0,0,0,1,1,0,0,0,0,0,2,0,1,0
"OTU1385.Actinobacteriota._",0,0,1,0,0,0,0,2,2,0,2,2,0,0,3,2,3,2,3,0,1,0,0,0,1
"OTU1386.Planctomycetota._",0,0,0,0,2,0,2,2,1,0,0,0,0,0,0,0,1,1,0,0,1,1,5,1,0
"OTU1387.Planctomycetota._",0,0,0,0,0,0,0,1,0,0,0,0,1,1,0,0,0,0,0,0,1,1,2,1,3
"OTU1388.Verrucomicrobiota.Luteolibacter",0,0,0,0,0,0,0,0,0,0,0,0,0,0,0,0,0,1,0,0,0,0,0,0,0
"OTU1389.Verrucomicrobiota.Roseimicrobium",0,0,0,0,0,0,0,1,0,0,0,0,0,0,0,0,0,0,0,0,1,0,2,0,0
"OTU1390.Gemmatimonadota._",0,0,0,0,0,0,1,0,0,0,0,0,0,0,1,1,0,0,3,0,1,1,0,0,1
"OTU1391.Myxococcota.uncultured|delta|proteobacterium",0,0,0,0,0,0,0,0,0,0,1,0,0,0,0,0,0,0,0,0,0,0,0,0,0
"OTU1392.Proteobacteria._",0,1,0,0,0,0,0,0,1,0,0,0,0,0,0,0,0,0,0,0,0,0,0,0,0
"OTU1394.Firmicutes.Shimazuella",0,0,1,0,0,0,0,1,0,0,0,0,0,0,0,1,0,1,1,1,0,0,0,0,1
"OTU1395.Proteobacteria.MND1",0,0,0,0,0,0,0,0,0,0,0,0,0,0,0,0,0,0,0,0,0,0,0,0,0
"OTU1396.Proteobacteria.Labrys",0,0,0,0,0,0,0,0,0,0,0,0,0,0,0,0,0,0,0,0,0,0,0,0,0
"OTU1397.Planctomycetota._",0,0,0,0,0,0,0,0,0,0,0,0,0,0,0,0,0,0,0,0,0,0,0,0,0
"OTU1398.Chloroflexi.uncultured|marine|bacterium",0,0,0,0,0,0,0,0,0,0,0,0,0,0,0,0,0,0,0,0,0,0,0,0,0
"OTU1399.Planctomycetota._",0,1,0,2,0,0,0,0,0,0,0,0,0,0,0,0,0,3,0,0,1,1,0,1,0
"OTU1401.Proteobacteria._",0,0,0,7,0,1,10,0,1,0,0,0,0,2,7,0,0,0,0,1,0,0,0,0,0
"OTU1402.Proteobacteria.Rubellimicrobium",0,0,0,0,0,0,0,0,0,0,0,0,0,0,0,1,0,0,1,0,0,0,1,0,0
"OTU1403.Armatimonadota._",0,0,0,0,0,0,0,0,0,0,0,0,0,0,0,0,0,0,2,0,0,0,1,0,0
"OTU1404.Chloroflexi._",0,0,0,0,0,0,0,0,0,0,0,1,0,0,0,0,0,0,0,0,0,0,0,0,0
"OTU1405.Planctomycetota._",0,0,0,0,0,1,0,0,0,0,0,0,0,0,0,1,0,0,0,0,0,0,0,0,0
"OTU1406.Planctomycetota._",2,0,0,1,0,0,0,1,0,0,0,0,0,0,0,0,0,0,0,0,0,0,1,0,1
"OTU1407.Methylomirabilota._",0,0,1,0,1,0,0,0,2,0,0,1,0,0,2,0,0,0,0,0,1,0,2,3,0
"OTU1408.Actinobacteriota._",0,0,0,0,0,0,1,0,0,0,0,0,0,0,0,0,0,0,2,1,0,2,1,0,0
"OTU1409.Bacteroidota.Phaeodactylibacter",0,0,0,0,1,0,0,0,0,0,0,0,0,0,2,0,0,0,0,0,0,0,0,0,0
"OTU1410.Planctomycetota._",0,0,0,0,0,0,0,0,0,0,0,0,0,0,0,0,0,0,0,0,0,0,0,0,0
"OTU1411.Myxococcota.Haliangium",0,3,1,0,0,0,1,0,0,0,0,0,0,0,1,0,0,4,0,1,1,0,2,0,0
"OTU1412.Planctomycetota._",0,0,0,0,0,0,0,0,0,0,0,0,0,0,0,0,0,0,0,0,0,0,0,0,0
"OTU1413.Latescibacterota._",0,0,0,0,0,0,0,0,0,0,0,0,0,0,0,1,0,0,0,1,0,0,0,0,0
"OTU1414.Chloroflexi._",1,0,0,0,0,0,0,0,0,0,1,0,0,0,1,0,0,0,0,0,0,0,0,1,0
"OTU1415.Acidobacteriota.Candidatus|Solibacter",0,0,0,1,1,1,4,0,0,0,0,0,0,0,0,0,0,0,1,0,0,1,0,1,0
"OTU1416.Chloroflexi._",0,0,0,0,1,0,0,0,0,0,0,0,0,0,1,0,1,1,0,0,1,0,0,0,0
"OTU1417.Chloroflexi._",0,0,0,0,0,0,1,1,0,0,1,1,0,0,0,1,1,0,0,0,0,1,0,0,2
"OTU1418.Actinobacteriota._",0,0,1,0,0,0,0,1,1,0,0,1,0,0,0,1,0,0,0,0,1,0,0,1,0
"OTU1419.Gemmatimonadota._",0,0,0,0,0,0,0,0,1,0,0,0,0,0,1,0,0,0,0,0,0,1,0,0,1
"OTU1420.Chloroflexi._",0,0,5,0,0,0,0,0,0,0,0,0,1,0,0,0,1,1,0,1,0,0,0,0,0
"OTU1421.Chloroflexi._",0,0,0,0,0,0,0,0,0,0,0,0,0,0,0,0,0,0,0,0,0,0,1,0,0
"OTU1422.Gemmatimonadota.YC-ZSS-LKJ147",0,0,0,0,0,0,0,0,0,0,0,0,0,1,0,0,0,0,0,0,0,0,0,0,0
"OTU1423.Chloroflexi._",0,0,1,0,0,0,0,0,0,0,0,0,0,0,0,0,0,0,0,0,0,0,1,0,0
"OTU1424.Planctomycetota.Pirellula",0,1,2,0,1,0,1,8,0,1,2,1,2,2,2,3,2,1,0,0,1,3,1,3,2
"OTU1425.Acidobacteriota.uncultured|Acidobacteria|bacterium",1,0,0,0,0,0,0,0,0,0,0,0,0,0,1,0,0,1,0,1,0,0,0,0,0
"OTU1426.Planctomycetota._",0,0,0,0,0,0,0,0,0,0,1,0,1,0,0,0,0,1,0,0,0,0,0,0,0
"OTU1427.Firmicutes.Paenibacillus",0,0,0,2,0,0,0,1,2,0,1,0,0,1,1,2,2,1,4,2,1,0,1,0,0
"OTU1428.Gemmatimonadota.Gemmatimonas",0,0,1,0,0,0,0,1,1,1,1,1,0,0,0,0,1,0,0,0,5,1,2,0,1
"OTU1429.Halanaerobiaeota.Halocella",0,0,0,0,0,0,0,0,0,0,0,0,0,0,0,0,0,0,0,0,0,0,0,0,0
"OTU1430.Planctomycetota._",0,0,0,0,0,0,0,0,0,0,0,0,0,0,0,0,0,0,0,0,0,0,0,0,0
"OTU1431.Planctomycetota.uncultured|soil|bacterium",0,0,0,0,0,0,0,2,0,0,2,0,0,0,0,0,0,0,0,0,0,1,2,1,1
"OTU1432.Armatimonadota._",0,0,0,0,0,0,0,0,0,0,0,0,0,0,0,0,1,0,0,1,0,0,0,1,1
"OTU1433.Thermoplasmatota._",0,0,1,0,0,0,1,0,0,0,0,0,0,0,0,0,0,0,0,0,0,0,0,0,0
"OTU1435.Actinobacteriota._",0,0,0,1,0,0,0,0,0,0,0,0,0,0,1,0,0,0,0,0,0,0,0,0,0
"OTU1436.Proteobacteria.RCP1-48",0,0,0,0,0,0,0,0,0,0,0,0,0,0,0,0,0,0,0,0,0,0,0,0,0
"OTU1437.Chloroflexi._",0,0,1,0,0,0,0,2,0,0,0,0,0,0,0,0,1,0,0,0,0,0,0,0,0
"OTU1438.Planctomycetota._",0,0,0,2,0,0,0,0,0,0,0,0,0,0,0,0,0,0,0,0,0,0,0,0,0
"OTU1439.Planctomycetota._",0,1,0,0,0,0,0,0,1,0,0,0,0,0,0,0,0,0,0,0,0,0,0,0,0
"OTU1440.Actinobacteriota.Rhodococcus",0,0,0,0,0,0,0,0,0,0,0,0,0,0,0,0,0,0,0,0,0,0,0,0,0
"OTU1441.Proteobacteria._",0,0,0,0,0,0,0,0,0,0,0,0,0,0,0,0,0,0,0,0,0,0,1,2,0
"OTU1442.Gemmatimonadota._",1,0,0,0,0,0,0,0,0,1,0,0,1,0,0,0,0,0,0,0,0,0,2,0,0
"OTU1443.Planctomycetota._",0,0,0,0,0,0,0,0,1,0,0,0,0,0,0,0,0,0,0,0,0,0,0,0,0
"OTU1444.Bacteroidota._",0,0,1,0,0,2,0,2,1,0,0,0,2,0,0,0,0,2,0,0,1,1,1,2,2
"OTU1445.Proteobacteria.Hirschia",1,0,0,0,0,0,0,0,0,0,0,0,5,0,0,0,0,0,0,1,0,1,0,0,0
"OTU1446.Myxococcota.Myxococcus",0,0,0,0,1,0,0,0,0,0,0,2,1,0,1,0,1,1,0,1,1,2,0,3,3
"OTU1447.Bacteroidota._",1,0,0,0,0,0,0,0,0,0,0,0,0,0,0,0,0,0,0,0,0,0,0,0,0
"OTU1448.Planctomycetota._",0,0,0,0,0,0,0,0,0,0,1,0,0,0,0,0,0,0,0,0,0,0,0,0,0
"OTU1449.Actinobacteriota._",0,0,0,1,0,0,0,0,0,1,0,0,0,0,0,0,0,0,0,0,0,0,0,0,1
"OTU1450.Planctomycetota.Rhodopirellula",0,1,0,0,0,0,1,0,0,0,0,1,0,0,0,0,0,0,0,0,0,0,0,0,0
"OTU1451.Proteobacteria.MND1",1,0,0,1,2,0,0,0,0,0,0,0,0,0,2,0,0,0,0,0,0,0,0,0,0
"OTU1452.Planctomycetota._",0,1,0,1,0,0,0,0,0,0,0,0,0,0,0,0,0,0,0,0,0,0,0,0,0
"OTU1453.Thermoplasmatota._",0,3,0,0,0,0,0,0,0,0,1,0,0,0,0,0,0,0,0,0,0,0,0,0,0
"OTU1454.Chloroflexi._",0,0,0,0,0,0,0,0,0,0,0,0,0,0,0,0,0,0,0,0,0,0,0,0,0
"OTU1455.Proteobacteria.Altererythrobacter",0,0,0,0,0,0,0,0,0,0,0,0,0,0,0,0,0,0,0,0,0,0,0,0,0
"OTU1456.Gemmatimonadota._",0,0,0,0,0,0,0,0,1,1,0,1,0,0,0,1,0,1,0,1,0,0,0,0,0
"OTU1457.Actinobacteriota.Pseudonocardia",1,0,1,1,34,2,0,0,0,1,1,2,0,0,0,1,0,0,0,0,1,0,0,3,0
"OTU1458.Chloroflexi._",1,0,1,0,0,0,0,0,0,0,0,0,0,0,0,0,0,0,0,0,0,0,0,0,0
"OTU1459.Desulfobacterota._",0,0,0,0,0,0,0,1,0,0,0,0,0,0,0,0,0,0,0,1,0,0,0,2,1
"OTU1460.Chloroflexi._",0,0,0,0,0,0,0,0,0,0,0,0,0,0,0,0,0,0,0,0,0,0,0,0,0
"OTU1461.Chloroflexi._",0,0,0,0,0,0,0,0,0,0,0,0,0,0,0,0,0,0,0,0,0,0,0,1,0
"OTU1462.Latescibacterota._",0,0,0,0,0,0,0,0,0,0,0,0,0,0,0,0,0,1,0,0,0,0,0,0,0
"OTU1463.Myxococcota.Haliangium",2,0,0,0,0,0,0,0,0,0,2,0,0,0,0,0,0,0,0,0,4,0,0,0,0
"OTU1464.Bacteroidota.Rhodocytophaga",0,0,0,0,0,0,0,0,0,0,0,0,0,0,2,0,0,0,0,0,0,0,0,0,1
"OTU1465.Verrucomicrobiota._",0,0,0,1,0,0,3,4,0,0,1,0,0,0,1,0,1,1,0,0,1,3,2,6,4
"OTU1466.Planctomycetota.uncultured|planctomycete",0,1,0,0,0,1,0,1,1,0,0,1,0,1,0,0,0,0,0,0,0,0,1,1,1
"OTU1468.Chloroflexi._",0,0,0,1,0,0,0,0,0,0,0,0,0,0,0,0,0,0,0,0,0,1,1,0,0
"OTU1469.Planctomycetota.Gemmata",0,0,0,0,0,0,0,0,1,0,0,0,0,0,0,0,0,2,0,0,1,1,0,1,0
"OTU1470.Acidobacteriota.uncultured|Acidobacteriales|bacterium",0,0,1,0,0,0,0,0,0,0,0,0,0,0,0,0,0,0,0,0,0,0,0,0,0
"OTU1471.Entotheonellaeota.uncultured|delta|proteobacterium",0,1,0,0,0,0,1,0,0,0,0,0,1,0,0,1,0,0,0,0,0,0,0,0,0
"OTU1472.Planctomycetota._",0,0,0,0,0,4,0,0,0,0,0,0,0,0,0,0,0,0,0,0,0,0,0,0,0
"OTU1473.Chloroflexi._",0,0,0,0,0,0,0,0,0,0,0,0,0,0,0,0,0,0,0,0,0,0,0,0,0
"OTU1476.Proteobacteria.Limibaculum",0,0,0,0,0,0,0,0,0,0,0,0,0,0,0,0,0,0,0,0,0,0,0,0,0
"OTU1477.Proteobacteria.uncultured|Alphaproteobacteria|bacterium",1,0,0,0,0,1,0,0,0,0,0,0,0,0,0,0,0,0,0,0,0,0,0,0,1
"OTU1478.Firmicutes.Cohnella",0,0,0,1,1,0,0,0,0,1,0,0,0,1,2,0,1,0,0,0,0,0,0,0,0
"OTU1479.Acidobacteriota._",1,1,0,1,1,3,0,2,1,1,1,3,2,1,0,5,2,2,3,0,3,7,5,5,5
"OTU1480.Chloroflexi._",0,0,0,0,0,0,0,0,0,0,0,0,0,0,0,0,0,0,0,0,0,0,0,0,0
"OTU1481.Actinobacteriota._",0,0,0,0,0,0,0,0,0,0,0,0,0,0,1,2,1,0,2,0,1,0,0,0,0
"OTU1482.Myxococcota.Haliangium",1,0,0,0,2,0,0,0,0,0,0,1,0,0,0,0,0,1,0,0,0,0,1,3,0
"OTU1483.Proteobacteria.Methylobacterium-Methylorubrum",0,0,1,0,62,0,0,0,0,0,0,2,0,5,2,0,0,0,0,0,0,0,0,0,0
"OTU1484.Chloroflexi._",0,0,0,0,1,0,0,0,1,0,0,0,0,0,0,0,0,0,0,0,0,0,0,0,0
"OTU1485.Actinobacteriota.Rhodococcus",0,0,0,0,0,0,0,1,0,0,0,0,0,0,0,0,0,0,0,0,1,0,0,0,1
"OTU1486.Myxococcota.P3OB-42",0,0,0,0,0,0,0,0,0,1,0,0,0,0,0,0,0,1,0,1,1,0,1,0,0
"OTU1487.Proteobacteria._",0,0,0,0,0,0,0,0,0,0,0,0,0,0,0,0,0,0,0,0,0,0,0,0,0
"OTU1488.Gemmatimonadota._",0,0,0,0,0,0,0,0,0,0,0,0,0,0,0,0,0,0,0,0,0,0,0,0,0
"OTU1489.Bacteroidota._",0,0,0,0,0,0,0,0,0,0,0,0,0,0,0,0,0,0,0,0,0,0,0,0,0
"OTU1490.Verrucomicrobiota.Candidatus|Udaeobacter",0,0,0,0,0,0,1,0,0,0,0,0,0,0,0,0,0,0,0,0,0,0,0,0,0
"OTU1491.Bacteroidota._",0,0,0,0,0,0,0,0,0,1,1,0,2,1,2,0,0,0,0,0,2,1,0,0,0
"OTU1492.Cyanobacteria.Cyanothece|PCC-7424",0,0,0,0,0,1,0,0,0,0,0,0,0,0,0,0,0,0,0,0,0,0,0,0,0
"OTU1493.Cyanobacteria.EcFYyy-200",0,0,0,0,0,0,1,0,0,0,0,0,0,0,1,0,0,0,0,0,0,0,0,0,0
"OTU1494.Chloroflexi._",0,0,0,0,0,0,0,0,0,0,0,0,0,0,0,0,0,0,0,0,0,0,0,0,1
"OTU1495.Verrucomicrobiota.Lacunisphaera",0,0,0,0,0,0,0,0,0,0,0,0,0,0,0,0,0,0,0,0,0,0,0,0,0
"OTU1496.Myxococcota.Phaselicystis",0,1,2,0,0,0,0,0,0,0,0,0,0,0,0,0,0,0,0,0,0,0,0,0,1
"OTU1497.Actinobacteriota._",0,0,0,0,0,0,0,0,0,0,0,0,0,0,0,0,0,1,1,1,2,0,1,4,1
"OTU1498.Proteobacteria._",0,0,1,0,0,0,0,1,0,0,0,0,0,0,0,2,0,3,0,0,0,0,0,0,1
"OTU1499.Planctomycetota.Rhodopirellula",0,0,0,0,0,0,0,0,0,0,0,0,0,0,0,0,0,0,0,0,0,0,0,1,0
"OTU1500.Actinobacteriota._",1,4,0,2,0,0,0,1,1,0,1,0,0,0,0,1,0,0,0,0,1,0,1,1,0
"OTU1501.Planctomycetota._",0,0,0,0,0,0,0,1,0,0,1,0,0,0,0,0,0,1,0,1,0,3,0,1,1
"OTU1502.Firmicutes.Brevibacillus",0,0,0,0,0,0,0,1,0,0,0,0,0,0,0,1,0,0,0,0,0,0,0,0,0
"OTU1503.Latescibacterota._",0,0,0,0,0,0,0,0,0,0,0,0,0,0,0,0,0,1,0,0,0,0,0,0,0
"OTU1504.Proteobacteria.RCP1-48",0,0,0,0,0,0,0,0,0,0,0,0,0,0,0,0,0,0,0,0,0,0,0,0,0
"OTU1505.Acidobacteriota._",0,0,0,0,0,0,0,0,0,0,0,0,0,0,0,0,0,0,0,0,0,0,0,0,0
"OTU1506.Gemmatimonadota._",0,0,0,0,0,0,0,0,0,0,0,0,2,0,0,0,0,0,0,0,0,0,0,0,0
"OTU1507.Gemmatimonadota._",0,1,0,0,0,0,0,0,0,0,0,0,0,0,0,0,1,0,0,3,0,0,0,0,0
"OTU1508.Actinobacteriota.Streptosporangium",0,0,0,0,0,0,0,0,0,0,0,0,0,0,0,0,0,0,0,0,2,0,0,0,0
"OTU1509.Acidobacteriota.Subgroup|10",0,1,0,0,0,0,0,0,1,0,0,0,0,0,0,0,0,0,0,0,0,0,0,0,0
"OTU1510.Planctomycetota._",1,0,0,0,0,0,0,0,0,0,0,0,0,0,0,0,0,0,0,0,0,0,0,0,0
"OTU1511.Acidobacteriota.Blastocatella",0,0,0,0,0,0,0,0,0,0,0,0,0,0,0,0,0,0,0,0,0,0,0,0,0
"OTU1512.Proteobacteria.metagenome",0,0,0,0,0,0,1,0,0,0,0,1,0,1,0,1,0,0,0,0,0,0,2,0,0
"OTU1513.Cyanobacteria.Leptolyngbya|ANT.L52.2",0,0,0,0,0,0,0,0,0,0,0,0,0,0,0,0,0,0,0,0,0,0,0,0,0
"OTU1514.Desulfobacterota._",1,0,0,0,0,0,0,0,0,0,0,0,0,0,0,0,0,0,0,0,0,0,1,0,0
"OTU1515.Myxococcota._",0,0,1,0,0,0,1,0,0,0,0,0,2,0,0,0,0,0,0,0,0,1,1,0,0
"OTU1516.Bacteroidota.Phaeodactylibacter",0,0,0,0,0,0,0,0,0,0,0,0,0,0,0,0,0,0,0,0,0,0,0,0,0
"OTU1517.Planctomycetota._",0,0,0,0,0,0,1,0,1,0,0,0,0,0,0,0,0,0,0,0,0,0,0,0,0
"OTU1518.Planctomycetota._",0,0,1,0,0,0,0,0,0,0,0,0,0,0,0,0,0,0,0,0,0,0,0,0,0
"OTU1519.Actinobacteriota._",0,0,0,0,0,0,0,0,0,0,0,0,0,0,0,0,0,0,0,0,0,0,0,0,0
"OTU1520.Actinobacteriota._",0,0,0,0,0,0,0,0,0,0,0,0,0,0,1,0,0,0,0,1,0,0,0,0,0
"OTU1521.Myxococcota.Haliangium",0,0,0,0,0,0,0,0,0,0,0,0,1,0,0,0,0,0,0,0,1,0,0,1,0
"OTU1522.Proteobacteria.Inquilinus",0,0,0,0,0,0,1,0,0,0,0,0,0,0,0,0,0,0,0,0,0,0,0,2,0
"OTU1523.Gemmatimonadota.YC-ZSS-LKJ147",0,0,0,0,0,0,1,0,0,0,1,0,0,0,0,0,0,0,0,0,0,0,0,0,0
"OTU1524.Planctomycetota._",0,0,0,0,0,0,0,0,0,0,0,0,0,0,0,0,0,0,0,0,0,0,0,1,0
"OTU1525.Planctomycetota._",0,0,0,3,0,0,0,0,0,0,0,0,0,0,0,0,1,0,0,0,0,0,0,0,0
"OTU1526.Halobacterota.Haladaptatus",0,0,0,0,0,0,0,0,0,0,0,0,0,0,0,0,0,0,0,0,0,0,0,0,0
"OTU1527.Chloroflexi._",0,2,0,0,0,0,1,0,0,0,0,0,0,0,0,0,0,0,1,1,0,0,0,1,0
"OTU1528.Chloroflexi._",0,0,0,0,2,0,0,0,0,0,0,0,0,0,1,0,0,0,2,0,0,0,0,0,0
"OTU1529.Gemmatimonadota._",0,0,0,0,0,0,0,0,0,0,0,0,0,0,0,0,0,0,0,0,0,0,0,0,0
"OTU1530.Bacteroidota.Hassallia",0,0,1,0,0,0,0,0,0,0,1,0,0,0,0,0,0,1,0,0,1,0,0,0,0
"OTU1531.Planctomycetota._",0,0,0,0,0,0,0,0,1,0,1,0,0,0,1,0,0,3,0,0,0,0,1,1,1
"OTU1532.Planctomycetota._",0,0,0,2,0,0,0,0,0,0,0,0,0,0,0,0,0,0,0,0,0,1,2,1,0
"OTU1533.Methylomirabilota._",0,0,0,0,0,0,0,1,0,0,0,0,0,0,0,0,0,0,0,1,1,0,2,2,0
"OTU1534.Chloroflexi._",0,0,0,0,0,0,0,0,0,0,0,0,0,0,0,1,0,0,0,0,0,0,0,0,0
"OTU1535.Acidobacteriota.Subgroup|10",0,1,0,0,0,0,0,0,0,0,0,0,0,0,0,0,0,0,0,0,1,0,0,0,0
"OTU1536.SAR324|clade(Marine|group|B)._",0,0,0,0,0,0,0,0,1,0,0,0,0,0,0,0,0,0,0,0,0,0,0,0,0
"OTU1537.Proteobacteria.Methylobacterium-Methylorubrum",0,0,0,0,55,0,1,0,0,0,3,2,0,18,1,0,0,0,0,0,0,0,0,2,0
"OTU1538.Bacteroidota.Ohtaekwangia",1,0,0,1,0,0,0,2,1,0,1,0,1,0,0,0,0,0,0,1,2,2,3,1,1
"OTU1539.Chloroflexi._",0,0,0,0,0,0,0,0,0,0,0,0,0,1,0,0,0,0,0,0,0,0,0,0,0
"OTU1540.Proteobacteria.Luteibacter",0,0,0,0,0,0,0,0,0,0,0,0,0,0,0,0,0,0,0,0,0,0,0,0,0
"OTU1541.Gemmatimonadota._",2,0,1,0,0,0,0,0,0,0,0,0,0,0,0,0,0,0,0,0,0,0,0,0,0
"OTU1542.Proteobacteria._",0,0,0,0,0,0,0,0,0,0,0,0,0,0,0,0,0,0,0,0,0,0,0,0,0
"OTU1544.Gemmatimonadota._",0,0,0,0,0,0,0,0,0,0,0,0,0,0,0,0,0,0,0,0,0,0,0,0,0
"OTU1546.Planctomycetota._",0,0,0,0,0,0,0,0,0,0,0,0,0,0,0,0,0,0,0,0,0,0,0,0,0
"OTU1547.Proteobacteria.Devosia",0,0,1,0,0,0,0,0,0,0,0,0,0,0,0,0,0,0,0,0,0,0,0,0,0
"OTU1548.Planctomycetota._",0,0,0,0,1,0,1,0,0,0,0,0,3,0,0,0,0,0,0,0,0,0,0,0,0
"OTU1549.Proteobacteria._",0,0,0,1,0,0,0,0,0,0,0,0,0,0,0,0,0,0,0,0,0,0,0,0,0
"OTU1550.Bacteroidota._",0,0,2,0,0,0,0,0,0,0,0,0,0,0,0,1,0,0,0,0,0,0,0,0,0
"OTU1551.Planctomycetota._",0,0,0,0,0,0,0,0,1,0,0,0,0,0,0,0,0,0,0,1,0,0,0,1,0
"OTU1552.Planctomycetota._",0,0,0,26,3,0,5,0,0,3,7,2,0,0,1,0,0,0,0,0,0,0,0,0,0
"OTU1553.Actinobacteriota.Phytohabitans",0,1,5,2,1,0,1,1,0,0,1,0,0,0,0,2,2,0,2,0,1,0,0,1,0
"OTU1554.Actinobacteriota._",0,0,0,0,1,0,0,0,0,0,0,0,0,0,0,0,1,0,0,0,1,0,1,0,0
"OTU1555.Acidobacteriota.Subgroup|10",0,0,0,0,0,0,0,0,0,0,0,0,0,0,0,0,0,0,0,0,0,0,0,0,0
"OTU1556.Myxococcota.Haliangium",0,0,0,0,0,0,1,0,0,0,0,0,3,0,0,0,0,0,0,0,0,0,0,0,3
"OTU1557.Gemmatimonadota._",0,0,0,0,0,0,0,0,0,0,0,0,0,0,0,0,0,0,0,0,0,0,0,0,0
"OTU1558.Actinobacteriota._",0,0,0,0,2,0,0,0,0,0,0,0,0,1,0,0,0,0,0,0,0,0,0,0,0
"OTU1559.Planctomycetota._",0,1,0,0,0,0,0,0,0,0,0,0,0,0,0,0,0,0,0,0,0,0,0,0,0
"OTU1560.Planctomycetota.Pir4|lineage",0,0,0,1,0,0,0,0,0,0,0,0,0,0,0,0,0,0,0,0,0,0,0,0,0
"OTU1561.Sumerlaeota.Sumerlaea",1,0,0,0,0,0,0,0,2,0,0,0,0,0,2,0,0,1,1,0,0,0,0,0,1
"OTU1562.Chloroflexi._",0,0,0,0,0,0,0,0,0,0,0,0,0,0,1,0,0,0,0,0,0,0,0,0,0
"OTU1563.Firmicutes.Lysinibacillus",7,9,2,2,0,0,18,0,0,5,2,1,4,0,2,0,0,0,0,0,0,0,0,0,0
"OTU1564.Planctomycetota._",0,0,0,1,0,0,1,0,0,0,0,0,0,0,0,0,0,0,0,0,0,0,0,0,0
"OTU1565.Planctomycetota.Gemmata",1,0,0,0,0,0,0,0,0,0,0,0,0,0,0,0,0,0,0,0,0,0,0,1,0
"OTU1566.Myxococcota._",1,0,0,0,1,0,0,0,1,0,0,0,0,0,0,0,0,0,0,0,1,1,0,0,0
"OTU1567.Planctomycetota._",0,0,0,0,0,0,0,0,0,0,0,0,0,0,0,0,0,0,0,2,1,0,0,2,1
"OTU1569.Planctomycetota._",1,0,0,0,0,0,0,0,0,0,0,0,0,0,0,1,0,0,1,0,0,0,1,0,0
"OTU1570.Actinobacteriota.Rubrobacter",0,0,4,0,0,0,0,2,0,0,0,0,0,0,0,0,0,0,0,0,0,0,1,1,0
"OTU1571.Firmicutes.Terribacillus",0,0,0,0,0,0,1,0,0,0,0,0,0,0,0,2,0,0,0,1,1,0,0,0,1
"OTU1572.Bacteroidota._",0,0,0,0,0,0,0,1,0,0,1,0,0,0,0,0,1,0,0,0,0,0,0,0,0
"OTU1573.Chloroflexi._",0,2,0,0,0,0,0,0,0,0,0,0,0,0,0,0,0,0,0,0,0,0,0,1,1
"OTU1574.Planctomycetota._",0,0,1,0,2,0,0,1,0,0,1,0,0,1,1,0,1,2,1,2,2,2,0,3,1
"OTU1575.Chloroflexi._",1,0,0,0,1,0,0,3,0,0,1,0,0,0,0,0,0,0,0,1,2,2,0,2,1
"OTU1576.Actinobacteriota._",0,0,0,0,0,0,0,0,0,2,0,0,0,0,0,1,0,1,0,0,0,0,0,0,0
"OTU1577.Actinobacteriota._",0,0,0,0,0,0,0,0,0,0,0,0,1,0,0,1,0,0,0,0,0,0,1,0,0
"OTU1578.Planctomycetota.Pir4|lineage",0,1,1,2,0,0,0,0,0,0,0,0,0,0,0,0,0,0,0,0,0,0,0,0,0
"OTU1579.Halanaerobiaeota.Halocella",1,0,0,0,0,0,0,0,0,0,0,0,0,0,0,0,0,0,1,0,0,0,0,0,0
"OTU1580.Acidobacteriota.Luteitalea",0,0,0,0,0,0,0,0,0,0,0,2,0,0,0,0,0,0,0,0,0,0,0,0,0
"OTU1581.Bacteroidota._",0,0,0,0,0,0,0,0,1,0,0,0,0,0,0,0,0,0,0,0,0,0,0,0,0
"OTU1582.Firmicutes.Clostridium|sensu|stricto|13",0,0,0,0,0,0,0,0,0,0,1,0,0,0,0,0,0,0,1,0,0,0,0,0,0
"OTU1583.Halobacterota.Halobaculum",0,0,1,0,0,0,0,0,0,0,0,0,0,0,0,0,0,0,0,0,0,0,0,0,0
"OTU1584.Chloroflexi._",0,0,0,0,0,0,0,0,0,0,0,0,0,0,0,0,0,0,0,0,0,0,0,0,0
"OTU1585.Proteobacteria.Nitrococcus",0,0,0,0,0,0,0,0,0,0,0,0,0,0,0,0,1,0,1,0,0,0,0,0,0
"OTU1586.Planctomycetota._",0,0,0,0,1,0,1,1,0,0,0,0,0,0,0,0,0,0,0,1,0,0,1,0,0
"OTU1587.Planctomycetota._",0,0,0,1,0,0,0,0,0,0,0,0,0,0,0,0,0,0,0,0,0,0,0,0,0
"OTU1588.Verrucomicrobiota._",0,0,0,0,0,0,0,0,1,0,0,0,3,0,0,0,0,0,0,0,0,0,0,0,0
"OTU1589.Planctomycetota._",0,0,0,0,1,0,27,0,0,16,0,0,0,0,0,0,0,0,0,0,0,0,0,0,0
"OTU1590.Actinobacteriota._",1,0,0,0,0,0,0,0,0,0,0,0,0,0,0,0,0,0,0,0,0,0,0,0,0
"OTU1591.Chloroflexi._",0,0,0,0,0,0,0,0,1,0,0,0,0,0,0,0,0,0,0,0,0,0,0,0,0
"OTU1592.Planctomycetota._",0,0,0,0,1,0,0,0,0,0,0,0,0,0,0,0,0,0,0,0,0,0,0,0,0
"OTU1593.Proteobacteria._",0,0,0,0,0,0,0,0,0,0,0,0,0,0,0,0,0,0,0,0,0,0,0,0,0
"OTU1594.Actinobacteriota._",2,0,0,0,0,0,0,0,0,0,1,0,1,0,0,1,0,1,1,0,1,0,0,0,0
"OTU1595.Planctomycetota.Rubripirellula",1,0,0,0,0,0,0,0,0,0,0,0,0,0,0,0,0,0,0,0,0,0,0,0,0
"OTU1596.Myxococcota.uncultured|delta|proteobacterium",0,0,1,0,0,0,0,0,1,0,0,0,0,0,0,1,0,0,0,0,0,0,2,0,0
"OTU1597.Chloroflexi._",0,0,0,0,0,0,0,0,0,0,0,0,0,0,0,0,0,0,0,0,0,0,0,0,0
"OTU1598.Planctomycetota._",2,1,0,0,0,0,1,2,2,0,0,2,0,1,1,1,0,1,0,0,0,0,1,0,0
"OTU1599.Fibrobacterota.possible|genus|04",2,1,2,0,0,0,0,0,1,0,1,1,0,0,1,0,0,0,0,1,0,1,2,1,0
"OTU1600.Planctomycetota.Pir4|lineage",0,0,0,0,0,0,0,0,0,0,0,0,2,0,0,0,0,0,0,0,0,0,0,0,0
"OTU1601.Verrucomicrobiota.ADurb.Bin063-1",1,0,0,1,0,0,0,1,0,1,0,1,0,0,3,0,0,2,0,2,0,0,0,0,0
"OTU1602.Armatimonadota._",0,0,0,2,1,1,0,0,5,0,0,0,0,0,0,1,2,0,1,1,2,1,1,0,2
"OTU1603.Myxococcota.Haliangium",0,0,0,1,0,0,0,0,0,0,0,0,0,0,0,0,0,0,0,0,0,0,0,0,0
"OTU1604.Planctomycetota._",0,0,0,0,0,0,0,4,0,0,1,0,0,0,0,1,0,1,0,0,0,0,1,3,1
"OTU1605.Planctomycetota._",0,0,0,0,0,0,1,0,0,0,1,0,0,0,0,0,0,0,1,0,0,0,0,0,0
"OTU1606.Planctomycetota.Gemmata",0,0,0,0,0,0,0,0,0,0,0,0,0,0,0,0,0,0,0,0,0,0,0,0,0
"OTU1607.Chloroflexi._",1,0,0,0,0,0,0,0,0,0,0,0,0,0,0,0,0,0,0,0,0,0,0,0,0
"OTU1608.Armatimonadota._",0,1,0,0,0,0,0,2,0,0,0,2,0,0,0,1,0,1,1,0,0,1,0,0,0
"OTU1609.Myxococcota.Sandaracinus",0,0,0,0,0,0,0,0,0,0,0,0,0,0,0,0,0,0,0,1,0,0,0,0,0
"OTU1610.Planctomycetota.Blastopirellula",0,0,0,0,0,0,0,0,0,0,0,0,0,0,0,0,0,0,0,0,0,0,0,0,0
"OTU1611.Actinobacteriota._",0,1,0,0,0,0,0,0,0,0,0,2,0,0,2,0,0,1,1,0,0,0,0,1,0
"OTU1612.Bacteroidota.Adhaeribacter",0,0,0,0,0,1,0,0,0,0,0,0,0,0,0,0,0,1,0,0,0,0,1,0,0
"OTU1613.Chloroflexi._",0,0,0,0,0,0,0,0,0,0,0,0,0,0,0,0,0,0,0,0,0,0,0,0,0
"OTU1615.Thermoplasmatota._",0,0,0,0,0,0,0,0,0,0,0,0,0,0,0,0,0,0,0,0,0,0,0,0,0
"OTU1616.Chloroflexi.uncultured|Chloroflexi|bacterium",0,0,1,0,0,0,0,0,0,1,0,0,0,0,0,0,0,0,0,0,0,0,0,0,0
"OTU1617.Proteobacteria.Palleronia-Pseudomaribius",0,0,0,0,0,0,0,0,0,0,1,0,0,0,0,0,0,0,0,0,0,0,0,0,0
"OTU1618.Planctomycetota._",0,0,0,0,0,0,0,0,0,1,0,0,1,0,0,0,1,1,0,0,0,0,0,1,1
"OTU1619.Sumerlaeota._",0,0,0,0,0,0,0,0,0,0,0,0,0,0,0,0,0,0,0,0,0,0,0,0,0
"OTU1620.Chloroflexi._",0,0,0,0,0,0,0,0,0,0,1,0,0,0,0,0,0,0,0,0,0,0,0,0,0
"OTU1621.Proteobacteria.Azospira",0,0,0,0,0,0,1,0,0,0,0,0,0,0,0,0,0,0,0,0,0,1,0,0,0
"OTU1622.Actinobacteriota._",0,0,1,0,1,0,0,0,0,0,1,2,5,0,0,0,0,0,0,0,0,0,0,0,0
"OTU1623.Acidobacteriota.Blastocatella",1,0,0,0,0,0,0,0,0,0,0,0,0,0,0,0,0,0,0,0,0,0,0,0,0
"OTU1624.Chloroflexi._",0,0,0,0,0,0,0,0,0,0,0,0,0,0,0,0,0,0,0,0,0,0,0,0,2
"OTU1625.Thermoplasmatota._",0,0,0,0,0,0,0,0,0,0,0,0,0,1,0,0,2,0,3,0,0,0,0,0,0
"OTU1626.Actinobacteriota.Rubrobacter",0,0,0,0,0,0,0,0,0,0,0,0,0,0,0,0,0,0,0,0,0,0,0,0,0
"OTU1627.Planctomycetota._",0,0,0,0,0,0,0,0,0,0,0,0,0,0,0,0,0,0,0,0,0,0,0,0,0
"OTU1629.Planctomycetota._",0,0,0,0,0,0,0,0,0,1,0,0,0,0,0,0,0,0,0,0,0,0,0,0,0
"OTU1630.Planctomycetota._",0,0,0,0,0,0,0,1,0,0,0,0,0,0,0,0,1,1,0,1,1,0,0,0,0
"OTU1631.Proteobacteria.Acidibacter",0,1,0,0,0,0,0,1,2,0,1,3,0,0,2,0,0,0,0,0,2,0,1,2,3
"OTU1632.Planctomycetota._",0,0,0,0,0,0,0,0,0,0,0,1,0,0,0,0,0,0,0,0,0,0,0,0,0
"OTU1633.Actinobacteriota.Solirubrobacter",0,0,0,0,1,0,0,0,0,0,0,1,3,0,0,0,0,1,0,2,0,1,0,1,1
"OTU1634.Planctomycetota._",0,0,0,2,0,0,0,0,0,1,2,0,0,0,1,0,0,0,0,0,2,1,4,3,5
"OTU1635.Chloroflexi._",0,0,0,1,1,0,0,0,0,0,0,0,0,0,0,0,0,0,2,0,1,0,1,0,0
"OTU1636.Actinobacteriota._",0,0,0,0,0,0,0,0,0,0,0,0,0,0,0,1,0,1,0,0,0,0,0,0,0
"OTU1637.Proteobacteria.Polycyclovorans",0,1,0,0,0,0,1,1,0,2,1,0,0,0,0,0,0,0,0,0,3,1,2,2,1
"OTU1638.Myxococcota.Pajaroellobacter",0,0,0,0,0,0,0,1,0,0,1,0,1,0,1,0,1,1,0,0,0,0,0,0,1
"OTU1639.Acidobacteriota.Bryobacter",1,1,0,0,0,0,1,0,0,0,2,0,0,0,0,2,0,1,0,0,0,1,1,1,3
"OTU1640.Chloroflexi._",0,0,0,0,0,0,0,0,0,0,0,0,0,0,0,0,0,0,0,0,1,3,1,2,0
"OTU1641.Planctomycetota.Gemmata",0,0,0,0,0,0,1,2,0,0,1,0,0,0,0,0,0,0,0,0,1,0,3,1,3
"OTU1643.Proteobacteria.C1-B045",0,0,0,0,0,0,0,0,0,0,0,0,1,0,0,0,0,0,0,0,0,0,0,0,0
"OTU1644.Proteobacteria._",0,0,0,0,0,0,0,0,0,0,0,0,0,0,0,0,0,0,0,0,0,0,0,0,0
"OTU1645.Proteobacteria.Tagaea",0,0,0,0,0,0,0,0,2,0,0,0,0,0,0,0,0,0,0,0,0,0,0,0,0
"OTU1646.Firmicutes._",0,0,1,2,0,0,0,0,0,0,0,0,0,0,0,0,0,0,0,0,0,0,0,0,0
"OTU1647.Chloroflexi._",0,0,0,0,0,0,0,0,0,0,0,0,2,0,0,0,0,0,0,0,0,0,0,0,0
"OTU1648.Planctomycetota._",0,0,0,0,0,0,0,0,0,0,0,0,0,0,0,0,1,0,0,0,0,0,0,0,0
"OTU1649.Planctomycetota.Aquisphaera",0,0,2,11,18,7,15,2,0,1,0,2,8,10,0,1,0,0,0,0,0,0,0,0,0
"OTU1650.Planctomycetota.Pir4|lineage",0,0,0,0,0,0,0,0,0,0,0,1,0,1,0,0,0,0,0,0,0,0,0,0,0
"OTU1651.Chloroflexi._",0,0,0,0,0,0,0,0,0,0,0,0,0,0,0,0,0,0,0,0,0,0,0,0,0
"OTU1652.Planctomycetota._",0,0,0,0,1,0,0,1,0,1,1,0,0,0,0,0,0,0,0,1,0,0,0,2,1
"OTU1653.Planctomycetota._",0,0,0,0,0,0,0,0,0,0,0,0,0,0,0,0,0,0,0,0,1,0,0,0,0
"OTU1654.Acidobacteriota.JGI|0001001-H03",0,0,0,1,0,0,0,1,0,0,0,0,0,0,0,0,0,0,0,1,1,0,0,0,0
"OTU1655.Proteobacteria._",0,0,0,0,0,0,0,0,0,0,0,0,0,0,0,0,0,0,0,0,0,0,0,0,0
"OTU1656.Gemmatimonadota._",0,0,0,0,0,0,1,0,1,0,0,0,0,0,0,0,0,0,0,0,0,0,0,0,0
"OTU1657.Chloroflexi._",0,0,0,0,1,0,0,0,2,0,0,0,0,1,0,0,0,0,0,0,0,0,0,0,0
"OTU1658.Gemmatimonadota._",0,1,0,0,0,0,0,0,0,0,0,0,0,0,1,2,0,0,0,0,0,1,0,0,0
"OTU1659.Chloroflexi._",1,0,0,0,0,0,0,0,0,0,0,0,0,0,0,0,0,0,0,0,0,0,0,0,0
"OTU1660.Cyanobacteria.Nostoc|PCC-8976",0,0,0,0,0,0,0,0,0,0,0,0,0,0,0,0,0,0,0,0,0,0,0,0,0
"OTU1661.Gemmatimonadota._",0,0,0,0,0,0,0,0,0,0,0,0,0,0,0,0,0,0,0,0,0,0,0,0,0
"OTU1662.Planctomycetota._",0,0,0,0,0,1,0,0,0,0,0,0,0,0,0,0,0,0,0,0,0,1,0,0,0
"OTU1663.Verrucomicrobiota.Chthoniobacter",1,0,0,0,0,0,0,0,0,0,0,0,0,0,0,0,0,0,0,0,0,0,0,0,0
"OTU1664.Dadabacteria._",0,0,1,0,0,0,0,0,0,0,0,0,0,0,0,0,0,0,0,0,0,0,0,0,0
"OTU1665.Planctomycetota._",0,0,0,0,0,0,0,0,0,0,0,1,0,0,0,0,0,0,0,0,0,0,0,0,0
"OTU1666.Bdellovibrionota.OM27|clade",0,1,2,0,0,1,0,2,0,0,0,0,0,0,0,1,2,2,2,1,1,1,2,2,0
"OTU1668.Proteobacteria.Roseomonas",0,0,0,0,0,4,0,0,0,0,0,0,0,0,0,0,0,0,0,0,0,0,0,0,0
"OTU1669.Bacteroidota.Chryseolinea",0,0,0,0,0,0,0,0,0,0,0,0,0,1,0,0,0,0,0,0,1,0,0,0,0
"OTU1670.Planctomycetota.AKYG587",0,0,0,0,0,0,2,0,0,0,0,0,0,0,0,0,0,0,0,0,0,0,0,0,0
"OTU1671.Actinobacteriota.Geodermatophilus",0,0,0,0,0,0,0,0,0,0,0,0,3,0,0,0,0,0,0,0,0,0,1,0,2
"OTU1672.Proteobacteria.Allorhizobium-Neorhizobium-Pararhizobium-Rhizobium",0,0,0,0,2,0,0,0,0,0,1,0,0,0,0,0,0,0,0,0,0,0,0,0,0
"OTU1673.Myxococcota.Haliangium",0,0,0,0,0,0,0,0,0,0,0,0,0,0,0,0,0,0,0,0,0,0,0,0,0
"OTU1674.Planctomycetota._",0,0,0,0,0,0,0,1,0,1,0,0,0,0,1,0,0,0,0,1,1,3,0,0,0
"OTU1675.Chloroflexi.Roseiflexus",0,0,0,0,0,0,0,0,0,0,0,0,0,0,0,0,0,0,0,0,0,0,0,0,0
"OTU1676.Chloroflexi._",0,0,0,0,0,0,0,0,0,0,2,0,0,0,0,1,0,0,0,0,0,0,0,1,0
"OTU1677.Proteobacteria.Dongia",1,0,0,2,0,1,2,0,1,0,1,1,0,0,0,4,4,4,6,1,1,1,0,2,1
"OTU1678.Acidobacteriota._",0,0,0,1,1,0,1,0,0,0,1,0,0,0,0,2,0,0,0,1,0,0,0,0,0
"OTU1679.Chloroflexi._",0,0,0,0,0,0,0,0,0,1,0,0,0,0,0,0,0,0,0,0,0,0,0,0,1
"OTU1680.Planctomycetota.Blastopirellula",0,0,0,0,0,0,0,0,0,0,0,0,0,0,0,0,0,0,0,0,0,0,0,0,0
"OTU1681.Verrucomicrobiota._",2,0,0,0,0,0,0,0,0,0,1,0,0,0,0,0,1,1,2,0,0,1,0,1,1
"OTU1682.Myxococcota._",0,0,0,0,0,0,0,0,0,0,0,0,0,0,0,0,0,2,0,0,0,1,0,2,1
"OTU1683.Acidobacteriota.uncultured|Acidobacteria|bacterium",0,0,0,0,0,0,0,0,0,0,0,0,0,14,3,0,1,0,0,0,0,0,0,0,1
"OTU1684.Proteobacteria._",0,0,0,0,0,0,0,0,1,0,0,0,0,0,0,0,0,0,0,1,0,0,0,0,0
"OTU1685.Planctomycetota.Tundrisphaera",0,0,0,0,3,0,0,1,0,0,0,0,0,0,0,0,0,0,0,0,0,1,1,2,1
"OTU1686.Planctomycetota._",1,0,0,0,0,0,0,0,0,0,0,0,0,0,0,0,0,0,0,0,0,0,0,0,0
"OTU1687.Proteobacteria._",0,1,2,0,0,0,0,1,0,0,0,0,0,0,0,0,0,1,0,0,1,0,0,1,0
"OTU1688.Proteobacteria.Kordiimonas",0,0,0,0,0,0,0,0,0,0,0,0,0,0,0,0,0,0,0,0,0,0,0,0,0
"OTU1689.Bacteroidota._",0,0,0,0,0,0,0,0,0,0,0,0,2,0,0,0,0,0,0,0,0,0,0,0,0
"OTU1690.Gemmatimonadota._",0,0,0,0,0,0,0,0,0,0,0,0,0,0,0,0,0,0,0,0,0,0,0,0,0
"OTU1691.Bdellovibrionota.OM27|clade",0,0,0,0,0,0,0,0,0,1,1,0,0,0,1,0,0,0,0,0,1,1,0,0,1
"OTU1692.Firmicutes.Tumebacillus",0,0,0,0,0,0,0,0,0,0,0,0,0,0,0,0,0,1,0,0,1,0,0,0,0
"OTU1693.NB1-j._",0,0,0,0,0,0,0,0,0,0,0,0,0,0,0,0,0,0,0,0,0,0,0,0,0
"OTU1694.Planctomycetota._",0,0,0,0,0,0,0,0,0,0,0,0,0,0,0,0,0,0,0,0,0,0,1,0,1
"OTU1695.Planctomycetota._",2,2,0,0,0,0,0,0,1,0,0,0,0,0,0,0,0,0,0,0,0,0,0,0,0
"OTU1696.Planctomycetota._",0,0,0,0,0,0,0,0,1,0,0,0,0,0,1,0,0,0,0,0,0,0,0,0,0
"OTU1697.Bacteroidota._",0,0,0,0,0,0,0,0,0,0,0,0,0,0,0,0,0,0,0,0,0,0,0,0,0
"OTU1698.Chloroflexi.uncultured|organism",0,0,0,0,0,0,0,0,0,0,0,0,0,0,0,0,0,0,0,0,0,0,0,0,0
"OTU1699.Bacteroidota._",1,0,1,0,0,0,0,0,0,0,0,0,0,0,0,0,0,0,0,0,0,0,0,0,0
"OTU1700.Planctomycetota.SM1A02",0,0,0,0,0,0,0,0,0,0,0,0,0,0,0,1,0,0,0,0,0,0,0,0,0
"OTU1701.Acidobacteriota._",0,0,0,0,0,0,0,0,0,0,0,0,0,0,0,0,0,0,0,0,0,0,0,0,0
"OTU1702.Desulfobacterota._",0,0,0,0,0,0,0,0,0,0,0,0,0,0,0,0,0,0,1,0,0,0,0,0,0
"OTU1703.Bacteroidota._",0,0,0,1,0,0,0,0,0,0,0,1,0,0,0,0,0,0,1,0,0,0,2,0,0
"OTU1704.Planctomycetota._",0,0,0,0,0,0,0,0,0,0,0,0,0,0,0,0,0,0,0,0,0,0,0,0,0
"OTU1705.Myxococcota._",0,0,0,0,0,0,0,0,0,0,0,0,0,0,0,0,0,0,0,0,0,0,0,0,0
"OTU1706.Myxococcota.Haliangium",0,0,0,0,0,0,0,0,0,0,0,0,0,0,0,0,0,0,0,1,0,0,2,0,0
"OTU1707.Proteobacteria.Polycyclovorans",0,0,0,0,0,0,0,0,0,0,0,0,0,0,1,0,0,0,0,0,1,0,0,0,0
"OTU1708.Actinobacteriota._",0,0,0,0,0,0,0,0,0,0,0,0,0,0,0,0,0,0,0,0,0,0,0,0,1
"OTU1709.Planctomycetota.uncultured|Planctomyces|sp",1,0,0,0,1,0,0,0,0,0,0,0,0,0,0,1,0,0,0,0,0,0,0,0,0
"OTU1710.Gemmatimonadota._",0,0,0,0,0,0,1,0,0,0,0,0,0,0,0,0,0,0,0,0,0,0,0,0,0
"OTU1711.Acidobacteriota._",0,0,0,0,0,0,0,0,0,0,0,0,0,0,0,0,0,0,0,0,0,0,0,0,0
"OTU1712.Planctomycetota.Blastopirellula",0,0,0,0,0,0,0,0,0,0,0,0,0,0,0,0,0,0,0,0,0,0,0,0,0
"OTU1713.Acidobacteriota.uncultured|Acidobacteria|bacterium",0,0,0,2,0,0,0,0,0,0,0,0,0,0,0,1,0,0,0,0,0,0,0,0,0
"OTU1714.Halobacterota.Methanosarcina",0,0,0,0,0,0,0,0,0,3,0,0,0,0,0,0,0,0,0,0,0,0,0,0,0
"OTU1715.NB1-j._",2,0,0,0,0,0,0,0,0,0,0,0,0,0,0,0,0,0,0,1,0,0,0,0,0
"OTU1716.Chloroflexi.uncultured|Chloroflexi|bacterium",1,0,0,0,0,0,0,1,0,0,0,0,0,0,0,0,0,0,0,0,0,1,0,0,0
"OTU1717.Acidobacteriota.Subgroup|10",0,0,0,0,0,0,0,0,0,0,0,0,0,0,0,0,0,0,0,0,3,1,1,1,0
"OTU1718.Chloroflexi._",0,0,0,0,0,0,0,0,0,0,0,0,0,0,0,0,0,0,0,0,0,0,0,0,0
"OTU1719.Chloroflexi.uncultured|Chloroflexi|bacterium",0,0,0,0,0,0,0,0,0,0,0,0,0,0,0,0,0,0,0,0,0,0,0,0,0
"OTU1720.Chloroflexi._",0,0,0,0,0,0,0,0,0,0,0,0,0,0,0,0,0,0,0,0,0,0,0,0,0
"OTU1721.Chloroflexi._",0,0,0,0,0,0,0,0,0,0,0,0,0,0,0,0,0,0,0,0,0,0,0,0,0
"OTU1722.Actinobacteriota.Amycolatopsis",0,0,0,0,0,0,0,0,0,0,0,0,0,0,0,0,0,0,0,0,0,0,0,0,0
"OTU1723.Gemmatimonadota._",1,0,0,0,0,0,0,1,0,0,0,0,0,0,0,0,0,0,0,0,0,0,0,0,0
"OTU1724.Proteobacteria._",0,0,0,0,0,0,0,0,0,0,0,1,0,1,0,0,0,0,0,0,0,0,0,0,0
"OTU1725.Myxococcota._",0,0,0,0,0,0,0,0,0,0,0,0,0,0,0,0,0,0,0,0,0,0,0,0,0
"OTU1726.Acidobacteriota.Candidatus|Solibacter",0,0,0,0,0,0,0,0,0,0,1,0,0,0,0,0,0,0,1,0,1,0,0,0,0
"OTU1727.Bacteroidota._",0,0,1,2,1,0,0,1,1,0,0,0,0,0,0,0,0,0,0,0,0,0,0,0,0
"OTU1728.Actinobacteriota._",0,0,0,0,0,1,0,0,0,1,0,0,0,0,0,0,0,1,0,0,1,0,0,0,1
"OTU1729.Entotheonellaeota._",0,1,0,0,0,0,0,0,0,0,0,0,0,1,0,0,1,0,1,0,0,0,0,0,0
"OTU1730.Chloroflexi.Chloronema",0,0,1,0,0,0,1,0,0,0,0,0,0,0,0,0,0,0,0,0,0,0,0,0,0
"OTU1731.Planctomycetota._",1,0,1,0,0,0,0,3,1,0,0,0,0,0,0,1,1,0,0,0,0,0,0,0,2
"OTU1732.Proteobacteria.Arenimonas",1,0,0,0,1,0,0,1,0,0,0,0,1,0,0,0,0,0,0,0,0,2,2,0,0
"OTU1733.Chloroflexi._",0,0,0,1,0,0,1,2,0,0,0,1,0,0,0,0,2,1,0,1,0,1,0,1,0
"OTU1734.Acidobacteriota.uncultured|Acidobacteriales|bacterium",0,1,1,0,0,1,1,1,0,1,2,0,0,1,1,0,0,0,0,0,9,4,8,6,4
"OTU1735.Planctomycetota._",0,0,0,0,0,0,0,0,0,0,0,0,0,0,1,0,0,0,0,1,0,0,0,0,0
"OTU1736.Chloroflexi._",0,0,0,0,0,0,0,0,0,0,0,0,0,0,0,0,0,0,0,0,0,0,0,0,0
"OTU1737.Planctomycetota._",1,0,0,0,0,1,0,0,0,0,0,0,0,0,0,1,0,1,2,0,0,0,0,0,0
"OTU1738.Planctomycetota.Singulisphaera",0,0,0,2,0,0,0,0,0,0,0,0,0,0,0,0,0,0,0,0,0,0,0,0,0
"OTU1739.Actinobacteriota._",0,0,0,0,0,2,0,0,0,0,0,1,0,0,1,1,1,0,0,0,0,0,0,0,0
"OTU1740.Planctomycetota._",1,1,0,0,0,0,0,0,0,0,0,0,0,0,0,0,0,0,0,0,0,0,0,0,0
"OTU1741.Chloroflexi._",0,0,0,0,0,1,0,0,0,0,0,0,0,0,0,0,0,0,0,0,0,0,0,0,0
"OTU1742.Planctomycetota.Singulisphaera",0,0,0,0,0,0,0,3,1,0,0,0,0,0,0,1,0,0,0,0,1,0,1,1,1
"OTU1743.Planctomycetota._",1,0,0,0,0,0,0,1,0,0,0,0,0,0,0,0,0,1,2,0,0,0,1,0,0
"OTU1746.Acidobacteriota.Subgroup|10",0,0,0,0,0,0,0,0,0,0,0,0,1,1,0,0,0,0,0,0,0,0,0,0,0
"OTU1747.Chloroflexi.uncultured|Chloroflexi|bacterium",0,0,0,0,0,0,0,0,0,0,4,0,0,0,0,0,0,0,0,0,0,0,0,0,0
"OTU1748.Halobacterota._",0,0,0,0,0,0,0,0,0,0,0,0,0,0,0,0,0,0,0,0,0,0,0,0,0
"OTU1750.Chloroflexi._",0,0,0,0,1,0,0,0,1,0,0,0,0,0,0,0,0,0,1,0,0,0,0,0,0
"OTU1752.Chloroflexi._",0,0,0,0,0,0,0,0,0,0,0,0,0,0,0,0,0,0,0,0,0,0,0,0,0
"OTU1753.Planctomycetota.SH-PL14",0,0,0,0,1,0,0,2,0,0,0,0,0,0,0,0,0,0,0,1,0,0,0,0,0
"OTU1754.Planctomycetota.SH-PL14",0,1,0,0,0,0,0,0,0,0,0,0,0,0,0,0,0,0,0,1,0,0,0,0,0
"OTU1755.Planctomycetota.SM1A02",0,0,0,0,0,0,0,0,0,0,0,0,0,0,0,0,0,0,0,0,0,0,0,0,0
"OTU1756.Proteobacteria.Rhodomicrobium",0,0,0,0,0,0,0,0,0,0,0,0,0,0,0,0,0,0,0,0,0,0,0,0,0
"OTU1757.Chloroflexi.uncultured|anaerobic|ammonium-oxidizing|bacterium",0,0,0,0,0,0,0,0,0,0,0,0,0,0,0,0,0,0,0,0,0,0,0,0,0
"OTU1759.Chloroflexi._",0,0,0,0,0,0,1,0,0,0,0,0,0,0,0,0,0,0,0,0,0,0,0,0,0
"OTU1760.Armatimonadota._",2,0,0,0,0,1,0,0,0,0,0,0,0,0,0,0,0,0,0,0,0,0,0,0,0
"OTU1761.Chloroflexi._",0,0,0,0,0,0,0,0,0,0,0,0,0,0,0,0,0,0,0,0,0,0,0,0,0
"OTU1762.SAR324|clade(Marine|group|B)._",0,0,0,0,0,0,0,0,0,0,0,0,0,0,0,0,0,0,0,0,0,0,0,0,0
"OTU1763.Gemmatimonadota._",0,0,0,0,0,0,0,0,0,0,0,0,3,0,0,0,0,0,0,0,1,0,1,1,0
"OTU1764.Planctomycetota._",0,0,0,0,0,0,0,0,0,0,0,0,0,0,0,0,0,0,0,0,0,0,0,0,0
"OTU1765.Planctomycetota._",0,0,0,0,0,0,0,0,0,0,0,0,0,0,0,0,0,0,0,0,0,0,0,0,1
"OTU1766.Acidobacteriota._",0,0,0,0,0,1,0,2,0,0,0,0,0,0,0,0,0,1,0,0,1,0,2,2,1
"OTU1767.Planctomycetota.Gemmata",0,1,2,0,0,0,1,0,0,0,2,1,0,0,1,0,0,3,0,1,3,2,1,0,3
"OTU1768.Planctomycetota._",0,0,0,0,0,0,0,0,0,0,0,0,0,0,0,0,0,0,0,0,0,0,0,0,0
"OTU1769.Planctomycetota._",0,0,0,0,0,0,0,0,0,0,0,0,0,0,0,0,0,0,0,0,0,0,0,0,0
"OTU1770.Myxococcota._",0,0,0,0,0,0,0,0,0,0,0,0,0,0,0,0,0,0,0,0,1,0,2,1,0
"OTU1771.Actinobacteriota.Sphaerisporangium",1,0,0,0,0,0,0,0,0,0,0,0,2,0,1,0,0,0,0,0,1,2,0,0,1
"OTU1772.Myxococcota.Sorangium",0,0,0,0,0,0,0,0,0,0,0,0,0,0,0,1,0,0,0,0,1,0,2,0,1
"OTU1773.Proteobacteria.Limibaculum",0,0,0,0,0,0,0,0,0,0,0,0,0,0,0,0,0,0,0,0,0,0,0,0,0
"OTU1774.Planctomycetota._",0,0,2,1,0,0,0,0,0,0,0,0,1,0,0,0,0,0,0,1,1,1,1,0,2
"OTU1775.Proteobacteria.Rhizobacter",1,0,0,4,1,0,1,0,0,15,2,1,0,2,1,0,1,0,0,1,2,0,1,0,1
"OTU1776.Planctomycetota._",1,0,0,0,0,0,0,0,0,0,0,0,0,0,0,0,0,0,0,0,2,1,1,1,2
"OTU1777.Planctomycetota._",0,0,0,0,0,0,0,0,0,0,0,0,0,0,0,0,0,0,0,1,0,0,0,0,0
"OTU1778.Methylomirabilota._",0,0,0,0,0,6,0,0,0,7,0,0,0,0,0,0,0,0,0,1,1,1,0,0,0
"OTU1779.Verrucomicrobiota._",2,0,0,0,0,1,0,0,0,0,0,2,0,0,0,0,0,0,0,0,0,0,0,1,0
"OTU1780.Chloroflexi._",0,0,0,0,0,0,0,0,0,0,0,1,0,0,0,0,0,0,0,0,1,0,0,0,1
"OTU1781.Acidobacteriota.Candidatus|Solibacter",0,0,0,0,0,0,0,0,0,0,0,0,0,0,1,0,0,0,0,0,0,0,0,0,0
"OTU1782.Actinobacteriota._",0,0,1,0,0,0,0,0,0,0,0,0,0,0,0,0,0,0,0,0,0,0,1,0,0
"OTU1783.Gemmatimonadota.YC-ZSS-LKJ147",0,0,0,0,0,0,0,0,0,0,0,0,0,0,0,0,0,0,0,0,0,1,0,0,0
"OTU1784.Chloroflexi._",1,0,0,0,0,0,0,0,0,0,0,0,0,0,0,0,0,0,0,0,0,0,0,0,0
"OTU1785.Acidobacteriota.RB41",0,0,0,0,0,0,0,0,0,0,0,1,0,0,0,0,0,0,0,0,1,1,1,3,0
"OTU1786.Planctomycetota._",0,0,4,0,0,0,0,0,0,0,0,0,0,0,0,0,0,0,0,0,0,2,2,1,0
"OTU1787.Gemmatimonadota._",0,0,0,0,0,0,0,0,0,0,0,0,0,0,0,0,1,0,0,0,0,0,0,0,0
"OTU1788.Bacteroidota.Catalinimonas",0,0,0,5,0,3,0,0,1,0,0,0,0,0,1,0,0,0,0,0,0,0,0,0,0
"OTU1789.Planctomycetota._",0,1,1,0,0,0,0,0,2,9,0,1,0,0,0,0,0,0,1,0,0,0,0,0,0
"OTU1790.Bacteroidota.Hassallia",0,0,0,0,0,0,0,0,0,0,0,0,0,0,0,0,0,0,0,0,1,0,0,0,0
"OTU1791.Proteobacteria._",0,0,0,0,0,0,1,1,0,0,0,3,0,0,1,1,1,1,1,0,0,0,0,1,0
"OTU1792.Chloroflexi._",0,0,0,0,0,0,0,0,0,0,1,3,0,3,0,0,0,0,0,0,0,0,0,0,0
"OTU1793.Proteobacteria._",0,0,0,0,0,0,0,0,0,0,0,0,0,0,0,0,0,0,0,0,0,0,0,0,0
"OTU1794.Actinobacteriota._",0,0,0,0,0,0,0,0,0,0,0,0,0,0,0,0,0,0,0,0,0,0,0,0,0
"OTU1795.Halobacterota.Haladaptatus",0,0,0,0,0,0,0,0,0,0,0,0,0,0,0,0,0,0,0,0,0,0,0,0,0
"OTU1796.Firmicutes.Gracilibacillus",0,0,1,0,1,0,0,0,1,0,0,0,0,0,0,0,2,1,1,0,0,0,0,0,0
"OTU1797.Chloroflexi._",0,0,0,0,0,0,0,0,0,0,0,0,0,0,0,0,0,0,0,0,0,0,0,0,0
"OTU1798.Chloroflexi._",0,0,1,0,0,0,1,0,0,0,0,0,0,0,0,0,0,0,0,0,0,0,0,0,0
"OTU1799.Actinobacteriota._",0,0,0,0,0,0,0,0,0,1,0,1,0,0,0,0,0,0,0,0,0,0,0,0,0
"OTU1800.Chloroflexi._",0,0,0,0,0,0,0,0,0,0,0,0,0,0,1,0,0,0,0,0,0,0,0,0,0
"OTU1801.Actinobacteriota._",0,0,0,0,0,0,0,0,0,0,0,0,0,0,0,0,0,0,0,0,0,0,0,0,0
"OTU1802.Myxococcota._",0,0,0,1,0,0,1,0,0,0,0,0,0,0,0,0,0,1,0,1,0,1,0,0,1
"OTU1803.Proteobacteria.Aquicella",1,0,0,0,0,0,0,0,0,0,0,0,0,0,0,0,1,0,0,0,0,0,0,0,0
"OTU1804.Planctomycetota.Blastopirellula",0,0,0,0,0,0,0,0,0,0,0,0,0,0,0,0,0,0,0,0,0,0,0,1,0
"OTU1805.Planctomycetota._",0,0,0,0,0,0,0,0,0,0,0,0,0,0,0,0,0,0,0,0,0,0,0,0,0
"OTU1806.Planctomycetota._",0,0,0,0,0,0,0,0,0,1,0,0,0,0,0,0,0,0,0,0,0,0,0,0,0
"OTU1808.Proteobacteria.MND1",1,3,2,0,1,0,0,7,0,1,1,0,1,1,1,1,1,0,1,0,7,8,4,5,4
"OTU1809.Proteobacteria._",0,0,0,0,1,0,0,0,0,0,0,1,0,0,1,0,0,0,0,0,0,1,0,0,0
"OTU1810.Planctomycetota.Pirellula",0,0,0,1,0,0,0,0,0,0,0,0,0,0,1,0,0,0,0,0,0,0,0,0,0
"OTU1811.Planctomycetota._",0,0,0,0,1,0,1,0,0,0,0,0,0,0,0,1,1,0,0,0,1,0,0,0,0
"OTU1812.Gemmatimonadota._",0,0,0,0,2,0,0,0,0,0,0,0,0,0,0,0,0,0,0,0,0,0,0,0,0
"OTU1813.Planctomycetota.SM1A02",0,0,0,0,0,0,0,0,0,0,0,0,1,0,0,0,0,0,0,0,0,1,0,0,0
"OTU1815.Bacteroidota.Terrimonas",2,0,0,0,3,0,1,0,0,2,0,0,1,5,1,1,0,0,0,0,1,0,3,0,2
"OTU1816.Planctomycetota._",0,0,0,0,0,0,0,0,0,0,0,0,0,0,0,0,0,0,0,0,0,0,0,0,0
"OTU1817.Planctomycetota._",0,0,0,7,0,0,1,1,2,6,0,2,0,0,0,0,0,1,0,0,0,0,0,0,0
"OTU1818.Firmicutes.Clostridium|sensu|stricto|12",0,0,0,0,1,0,0,0,0,0,0,0,0,0,0,0,0,0,0,0,0,0,0,0,0
"OTU1819.Planctomycetota.SH-PL14",0,1,0,0,0,0,0,0,0,1,0,0,0,0,0,0,0,0,0,0,0,0,0,0,0
"OTU1820.Proteobacteria.Sphingomonas",2,0,0,1,0,0,0,1,0,0,0,0,0,0,0,1,1,0,0,0,0,0,3,1,0
"OTU1821.Chloroflexi._",0,0,1,0,0,0,0,0,0,0,0,6,0,0,0,0,0,0,0,0,0,0,0,0,0
"OTU1822.Planctomycetota._",0,0,0,0,2,0,0,0,0,0,0,0,0,0,0,0,2,1,0,0,4,0,4,2,2
"OTU1823.Crenarchaeota.Candidatus|Nitrososphaera",3,1,0,0,3,1,0,1,0,0,0,2,3,0,0,0,0,1,0,0,0,1,0,5,0
"OTU1824.Actinobacteriota._",0,0,0,0,0,0,0,0,1,0,0,0,0,0,0,0,0,0,0,0,0,0,0,0,0
"OTU1825.Chloroflexi._",0,0,0,0,0,0,0,0,0,0,0,0,0,0,0,0,0,0,0,0,0,0,0,0,0
"OTU1826.Planctomycetota._",1,0,0,0,0,0,0,0,0,0,0,0,0,0,0,0,0,0,0,0,0,0,0,0,0
"OTU1827.Actinobacteriota.Parviterribacter",0,0,0,0,0,9,2,1,2,0,0,0,3,0,0,1,1,1,0,1,0,1,0,1,0
"OTU1828.Chloroflexi._",0,2,0,1,0,0,0,1,0,0,0,0,0,0,0,0,0,0,0,0,1,2,0,0,0
"OTU1829.Chloroflexi._",0,0,0,0,0,0,10,0,0,0,0,0,0,0,0,0,0,0,0,0,0,0,0,0,0
"OTU1830.Chloroflexi._",0,0,0,0,0,0,0,0,0,0,0,0,0,1,0,0,0,0,0,0,0,0,0,0,0
"OTU1831.Planctomycetota.Pirellula",0,0,0,0,0,0,0,0,0,0,1,0,0,0,0,0,0,0,0,0,0,0,0,0,0
"OTU1832.Armatimonadota._",0,0,0,2,0,0,0,1,0,0,1,1,0,2,0,0,0,0,1,3,0,0,0,0,0
"OTU1833.Planctomycetota._",0,0,0,0,0,0,0,2,0,0,0,0,0,0,0,0,0,0,0,0,0,3,0,1,1
"OTU1834.Planctomycetota._",0,0,0,0,0,0,0,0,0,0,0,0,1,0,0,0,0,0,0,0,0,1,0,0,0
"OTU1835.Planctomycetota._",0,0,0,0,0,0,0,0,0,0,0,0,1,0,0,0,0,1,0,0,2,0,1,1,0
"OTU1836.Proteobacteria.Microvirga",0,0,0,0,0,0,0,0,0,0,0,0,0,0,0,1,0,0,0,1,0,0,1,0,0
"OTU1837.Acidobacteriota._",0,0,0,0,0,1,0,0,0,0,0,0,1,8,1,0,0,0,0,0,0,1,0,0,0
"OTU1838.Myxococcota.Haliangium",0,0,0,0,0,0,0,0,0,0,0,0,0,0,1,0,1,0,2,0,0,1,0,0,0
"OTU1839.Planctomycetota._",0,0,0,0,0,1,0,3,0,0,2,3,0,0,2,1,0,3,0,0,1,1,1,2,1
"OTU1840.Proteobacteria._",1,0,0,0,0,1,0,0,0,0,0,0,0,0,0,1,0,2,1,2,0,0,0,0,0
"OTU1841.Gemmatimonadota._",0,0,0,0,0,0,0,0,0,0,0,0,0,2,0,0,0,2,0,1,0,0,0,0,0
"OTU1842.Chloroflexi._",0,0,1,0,0,0,0,0,0,0,0,0,0,0,0,0,0,0,0,0,0,0,1,3,2
"OTU1843.Armatimonadota._",1,1,1,0,0,0,0,1,0,0,0,1,3,2,1,0,0,0,0,0,1,2,2,5,5
"OTU1844.Actinobacteriota._",0,0,0,0,0,0,0,0,0,0,0,0,0,2,2,1,2,0,1,1,0,0,0,0,0
"OTU1845.Chloroflexi._",0,0,1,0,0,0,0,0,1,0,0,0,1,0,0,0,0,0,0,3,1,0,0,0,0
"OTU1846.Proteobacteria.Desertibacter",0,2,0,0,0,0,0,0,0,0,0,0,0,0,0,0,0,0,0,0,0,0,0,0,0
"OTU1847.Proteobacteria._",0,0,0,1,0,0,0,0,0,0,0,0,1,0,1,0,1,0,0,0,1,0,0,0,1
"OTU1848.Planctomycetota._",1,0,0,0,0,0,0,0,0,0,0,1,0,0,0,0,1,1,0,1,0,0,0,0,1
"OTU1849.Planctomycetota._",0,0,0,2,0,0,0,0,0,0,0,0,0,0,0,0,0,2,0,0,0,0,2,3,1
"OTU1851.Planctomycetota._",0,0,0,0,0,0,0,0,0,0,0,0,0,0,0,0,0,0,0,0,0,0,0,0,0
"OTU1854.Verrucomicrobiota.Candidatus|Xiphinematobacter",0,17,11,8,12,0,3,0,0,3,7,7,2,2,34,0,0,0,0,0,0,0,0,1,0
"OTU1855.Deinococcota.Truepera",0,0,0,0,0,0,0,0,0,0,1,0,0,0,0,0,0,0,0,0,0,0,0,0,0
"OTU1856.Bacteroidota._",0,0,0,0,0,0,0,0,0,0,0,0,6,0,0,0,0,0,0,0,0,0,0,0,0
"OTU1858.Cyanobacteria.Nostoc|PCC-7107",0,0,0,0,0,0,0,0,0,0,0,0,0,0,0,0,0,0,0,0,0,0,0,0,0
"OTU1859.Gemmatimonadota._",0,0,0,0,0,0,0,0,0,0,1,0,0,0,0,0,0,0,0,0,0,0,1,0,0
"OTU1860.Desulfobacterota._",0,2,0,0,0,0,0,0,0,0,0,0,0,0,0,0,0,0,0,0,0,0,0,0,0
"OTU1861.Bdellovibrionota.OM27|clade",0,0,0,0,0,0,0,0,1,0,0,0,0,0,0,0,0,0,0,0,0,0,0,0,0
"OTU1862.Myxococcota.Enhygromyxa",0,0,0,0,1,0,0,0,0,0,0,0,1,0,0,0,0,0,0,0,0,0,0,0,0
"OTU1863.Planctomycetota._",0,0,0,0,0,0,0,0,0,0,0,0,0,0,0,0,0,0,0,0,0,0,0,0,0
"OTU1864.Gemmatimonadota._",0,0,0,0,0,0,0,0,0,1,0,0,0,0,0,0,0,0,0,0,0,0,0,0,0
"OTU1865.Halobacterota.Haladaptatus",0,0,0,0,0,0,0,0,0,0,0,0,0,0,0,0,0,0,0,0,0,0,0,0,0
"OTU1866.Actinobacteriota._",0,0,0,0,2,0,0,0,0,0,1,0,0,0,0,0,0,0,0,0,0,0,1,0,0
"OTU1867.Planctomycetota._",0,0,0,0,0,0,0,0,2,0,0,0,0,0,0,0,0,0,1,0,0,0,0,0,0
"OTU1869.Actinobacteriota._",0,0,0,0,0,0,0,0,0,0,0,0,0,0,0,0,0,0,0,0,0,0,0,0,0
"OTU1870.Chloroflexi._",0,0,0,0,0,0,0,0,0,0,0,0,0,0,0,0,1,0,0,0,0,0,0,0,0
"OTU1871.Actinobacteriota._",0,0,1,0,0,0,0,0,0,0,0,0,0,0,0,0,0,0,0,0,0,0,1,1,0
"OTU1872.Chloroflexi._",0,0,0,0,0,0,0,0,0,0,0,0,0,0,0,0,0,0,0,0,0,0,0,0,0
"OTU1873.Acidobacteriota.uncultured|Acidobacteriaceae|bacterium",0,0,1,0,0,0,0,0,0,0,0,0,0,0,0,0,0,0,0,0,0,0,0,0,0
"OTU1874.Actinobacteriota.Blastococcus",4,2,1,6,1,0,2,4,0,1,4,1,2,0,1,0,1,2,1,0,2,5,1,5,4
"OTU1875.Bacteroidota.Adhaeribacter",1,0,3,0,0,2,0,0,0,0,1,0,0,0,0,0,1,0,0,0,0,1,2,0,2
"OTU1876.Planctomycetota._",0,0,0,0,0,0,0,1,0,0,0,0,0,0,1,0,0,0,0,0,0,1,0,0,0
"OTU1877.Actinobacteriota._",0,0,0,0,0,0,0,0,0,0,0,0,0,0,0,0,0,0,2,0,0,0,0,1,0
"OTU1878.Proteobacteria.metagenome",0,0,0,0,0,0,0,0,0,0,0,0,0,0,0,0,0,0,0,0,0,0,0,0,0
"OTU1879.Bacteroidota._",0,0,0,0,0,0,0,0,0,0,0,0,0,0,0,0,0,0,0,0,0,0,0,0,0
"OTU1880.Planctomycetota.Gemmata",0,1,0,0,0,0,0,0,0,0,0,0,0,0,0,0,0,0,0,0,0,0,0,0,0
"OTU1881.Thermoplasmatota._",0,0,0,0,0,0,0,0,0,0,0,0,0,0,0,0,0,0,0,0,0,0,0,0,0
"OTU1882.Actinobacteriota._",0,0,0,0,0,0,0,0,0,0,0,0,0,0,1,0,0,0,0,0,2,0,0,0,1
"OTU1883.Acidobacteriota._",0,0,0,0,0,0,0,0,0,0,0,0,0,0,0,0,0,0,0,0,0,0,0,0,0
"OTU1884.Planctomycetota.AKYG587",0,0,0,0,0,0,0,0,0,0,1,0,0,0,0,0,0,0,0,0,0,0,0,0,0
"OTU1885.Planctomycetota.Tundrisphaera",0,0,0,0,0,0,0,0,0,0,0,0,0,0,2,0,0,0,0,0,0,0,0,0,0
"OTU1887.Bacteroidota.Echinicola",1,0,1,0,0,0,0,1,0,0,0,0,0,0,0,0,0,0,0,0,0,0,0,0,0
"OTU1888.Proteobacteria._",0,0,0,0,0,0,0,0,0,0,0,0,0,0,0,0,0,0,0,0,0,0,0,0,0
"OTU1889.Bacteroidota._",0,0,0,0,0,0,0,0,0,0,0,0,0,0,1,0,0,0,0,0,0,0,0,0,0
"OTU1890.Armatimonadota._",0,0,0,0,0,0,0,0,0,0,0,0,0,0,0,0,0,0,0,0,0,0,0,0,0
"OTU1892.Actinobacteriota.Aquipuribacter",0,1,0,0,0,0,0,0,0,0,0,0,0,0,0,0,0,1,0,0,0,0,0,0,0
"OTU1893.Gemmatimonadota._",0,0,0,0,0,0,0,0,0,0,0,0,0,0,0,0,0,0,0,0,0,0,0,0,0
"OTU1894.Planctomycetota._",0,0,0,0,0,0,0,0,0,0,1,0,0,1,0,0,0,0,2,0,1,1,0,0,0
"OTU1895.Chloroflexi._",0,1,0,0,0,0,0,0,0,0,0,0,0,0,0,0,0,0,0,0,0,0,0,0,0
"OTU1896.Planctomycetota._",0,0,0,0,0,0,0,0,0,0,0,0,0,0,0,0,0,0,0,0,0,0,0,0,0
"OTU1897.Planctomycetota._",0,5,0,0,0,0,25,0,0,0,0,0,0,0,0,0,0,0,0,0,0,0,0,0,0
"OTU1898.Planctomycetota._",0,0,0,0,0,0,0,1,0,0,0,0,0,0,0,0,0,0,0,0,2,2,0,1,0
"OTU1899.Planctomycetota._",0,0,0,0,0,0,0,1,0,0,0,0,0,0,1,0,0,0,0,1,2,0,0,0,2
"OTU1900.Armatimonadota._",0,0,0,0,0,0,0,1,0,0,1,0,0,0,0,0,0,0,0,0,0,1,0,0,0
"OTU1901.Verrucomicrobiota._",0,2,4,0,0,1,1,4,4,1,1,1,0,0,2,7,6,4,4,6,1,3,3,5,5
"OTU1902.Verrucomicrobiota.Candidatus|Udaeobacter",0,0,0,0,0,0,5,2,0,0,0,0,0,0,0,0,0,0,0,0,1,1,3,1,1
"OTU1903.Chloroflexi._",1,0,0,0,0,0,0,0,1,0,0,0,1,0,0,0,0,0,0,0,0,0,0,3,0
"OTU1904.Gemmatimonadota._",0,0,0,0,2,0,0,1,1,0,0,0,0,0,0,1,1,0,0,0,0,0,0,0,0
"OTU1905.Gemmatimonadota._",0,0,0,0,0,0,0,2,0,0,0,0,0,0,0,0,0,0,0,0,0,0,1,0,0
"OTU1906.Planctomycetota._",0,0,0,0,0,0,0,0,0,0,0,0,0,1,0,0,0,0,0,2,0,0,0,0,0
"OTU1907.Planctomycetota._",0,0,0,0,0,0,0,0,0,0,0,0,0,0,0,0,0,0,0,0,0,0,0,0,0
"OTU1908.Planctomycetota._",0,0,0,0,0,0,0,0,0,0,0,0,0,0,0,1,0,1,1,0,0,2,0,0,0
"OTU1909.Proteobacteria.Caenimonas",0,0,0,0,1,0,0,0,2,0,2,0,0,1,0,0,0,0,0,0,1,1,1,3,0
"OTU1910.Myxococcota.Polyangium",1,0,0,0,0,0,0,0,0,0,1,0,0,0,0,0,1,0,0,0,1,0,1,0,0
"OTU1911.Myxococcota.Haliangium",3,0,0,0,0,0,1,1,0,0,0,0,0,0,0,0,0,0,0,1,2,0,1,0,2
"OTU1912.Chloroflexi._",0,0,0,0,0,2,0,0,0,0,0,0,0,0,0,0,0,0,0,0,0,0,0,0,0
"OTU1913.Planctomycetota.Gemmata",0,0,0,0,0,0,0,0,0,0,0,0,0,0,1,0,0,0,0,0,0,0,0,0,0
"OTU1914.Chloroflexi._",0,0,0,0,0,0,0,1,0,0,0,0,0,0,0,0,1,0,0,0,1,0,1,1,0
"OTU1915.Actinobacteriota._",0,0,0,0,0,0,0,0,0,0,0,0,0,0,0,0,0,0,0,1,0,0,0,0,0
"OTU1916.Proteobacteria.Pseudoxanthomonas",0,0,0,0,0,0,0,0,0,0,0,0,0,0,0,0,0,0,0,0,0,0,0,0,0
"OTU1917.Planctomycetota._",0,1,0,0,0,0,0,0,0,0,0,0,2,0,0,0,0,0,0,1,0,0,0,0,0
"OTU1918.Chloroflexi._",0,0,0,0,1,0,0,2,0,0,0,0,0,0,0,0,0,0,2,0,0,0,0,0,0
"OTU1919.Firmicutes._",0,0,0,0,0,0,0,0,0,0,0,0,0,0,0,0,0,0,1,1,0,0,0,0,0
"OTU1920.Acidobacteriota._",0,0,0,0,0,0,0,0,0,0,0,0,0,15,0,0,1,0,0,0,2,1,1,0,1
"OTU1921.Actinobacteriota._",0,0,0,0,0,0,0,0,0,0,0,0,0,0,0,0,0,0,0,0,0,0,0,0,0
"OTU1922.Planctomycetota._",0,1,0,0,0,0,0,0,0,0,1,1,0,0,0,1,0,0,0,0,0,1,1,0,0
"OTU1923.Planctomycetota._",0,0,0,0,0,0,0,0,0,0,0,0,0,0,0,0,0,0,0,0,0,0,1,0,1
"OTU1924.Planctomycetota.uncultured|planctomycete",0,0,0,0,0,0,0,1,0,1,0,1,0,0,0,1,0,0,1,1,1,0,0,1,1
"OTU1925.Gemmatimonadota._",0,0,0,0,0,0,0,0,0,0,0,0,0,0,0,0,0,0,0,0,2,0,2,0,1
"OTU1926.Thermoplasmatota._",0,0,0,0,0,0,0,1,0,0,0,0,0,0,0,0,0,0,0,0,1,0,0,0,0
"OTU1927.Proteobacteria.Pelagibius",0,0,0,0,0,0,0,0,0,0,0,1,0,0,0,0,0,0,0,0,0,0,0,0,0
"OTU1928.Chloroflexi._",0,0,0,0,0,0,0,0,0,0,0,0,0,0,0,0,0,0,0,0,0,1,0,0,0
"OTU1929.Proteobacteria._",0,1,1,0,0,0,0,2,0,0,1,0,0,0,0,1,0,0,2,0,0,1,1,1,0
"OTU1930.Chloroflexi._",0,0,4,0,0,0,12,0,0,0,0,1,0,0,0,0,0,0,0,0,0,0,0,0,0
"OTU1931.Gemmatimonadota._",0,0,0,0,0,0,0,0,0,0,0,0,0,0,0,0,0,0,0,0,0,0,0,0,0
"OTU1932.Halobacterota.Natronomonas",0,1,0,0,0,0,0,0,0,0,0,0,0,0,0,0,0,0,0,0,0,0,0,0,0
"OTU1933.Proteobacteria.Hyphomicrobium",0,0,1,0,0,0,0,0,0,0,0,0,0,0,0,0,0,0,0,0,0,0,1,0,0
"OTU1934.Planctomycetota.uncultured|planctomycete",2,0,0,1,0,0,0,0,0,0,2,1,0,0,0,0,0,0,0,0,0,0,0,0,1
"OTU1935.Proteobacteria.Rhizorhapis",0,0,0,0,0,0,0,0,0,0,0,0,0,0,0,0,1,0,0,0,0,0,0,0,1
"OTU1937.Firmicutes.Desulfotomaculum",0,0,0,0,0,0,0,0,0,0,0,0,1,0,0,0,0,0,0,0,0,0,0,0,0
"OTU1938.Desulfobacterota.Desulfatitalea",0,0,0,0,0,0,0,0,0,0,0,0,0,0,0,0,0,0,0,0,0,0,0,0,0
"OTU1939.Bdellovibrionota.Oligoflexus",0,1,0,0,0,0,0,0,1,0,0,0,0,0,0,0,0,2,1,0,1,2,1,0,0
"OTU1940.Planctomycetota._",0,0,0,0,0,0,0,0,0,0,0,1,0,0,0,0,0,0,0,0,0,0,0,0,0
"OTU1941.Armatimonadota._",0,0,0,0,0,0,0,1,0,0,0,0,0,0,0,2,0,0,0,1,0,0,0,0,0
"OTU1942.Chloroflexi.uncultured|organism",0,0,0,0,0,0,1,0,1,0,0,0,0,0,0,0,0,0,0,1,0,0,0,0,0
"OTU1943.Verrucomicrobiota.Candidatus|Udaeobacter",1,6,0,0,7,34,7,1,0,7,6,2,1,5,7,0,0,0,0,0,0,0,0,0,0
"OTU1944.Proteobacteria._",0,0,0,0,0,0,0,0,0,0,0,0,0,0,0,0,0,0,0,0,0,0,0,0,0
"OTU1945.Planctomycetota._",0,1,0,0,0,0,0,0,0,0,0,0,0,0,0,0,0,0,0,0,0,0,0,0,0
"OTU1946.Chloroflexi._",0,0,0,0,0,0,0,0,0,0,0,1,0,0,0,0,0,0,0,0,0,0,0,0,0
"OTU1947.Proteobacteria.Ferrovibrio",0,0,0,0,0,0,0,0,1,0,0,0,0,0,0,0,0,0,0,0,0,0,0,2,1
"OTU1948.Gemmatimonadota._",0,0,0,0,0,0,1,0,0,0,0,0,0,0,0,0,1,0,0,0,0,0,0,0,0
"OTU1949.Actinobacteriota.Pseudonocardia",0,0,0,0,0,0,0,0,0,0,0,0,0,0,0,0,0,0,0,0,0,0,0,0,0
"OTU1950.Acidobacteriota._",0,0,0,0,0,0,0,1,0,0,1,0,0,0,0,0,0,0,0,0,0,0,0,1,0
"OTU1951.Thermoplasmatota._",0,0,0,0,0,0,0,0,0,0,0,0,1,0,0,1,1,2,0,1,0,0,0,0,0
"OTU1952.WS2._",0,0,0,0,0,0,0,0,0,0,0,0,0,0,0,0,0,0,0,0,0,0,0,0,0
"OTU1953.Myxococcota.metagenome",0,0,0,0,0,0,0,0,1,0,0,1,0,0,0,0,0,1,0,0,0,0,0,3,1
"OTU1954.Proteobacteria.Sphingosinicella",0,0,0,0,0,0,0,0,0,0,0,0,0,0,0,0,0,0,0,0,0,0,0,0,0
"OTU1955.Armatimonadota._",0,0,0,0,0,0,0,0,0,0,0,0,0,0,0,0,0,0,0,0,0,0,0,0,0
"OTU1956.Planctomycetota._",0,0,0,0,0,0,0,0,0,0,0,0,0,0,0,0,0,0,0,0,0,0,0,0,0
"OTU1957.Chloroflexi._",0,0,0,0,0,0,0,0,0,0,0,0,0,0,0,0,0,0,0,0,0,0,0,0,0
"OTU1958.Actinobacteriota._",0,0,0,0,0,0,0,0,0,0,0,0,0,1,0,0,0,0,0,0,0,0,0,0,0
"OTU1959.Proteobacteria._",0,0,0,0,0,0,0,0,1,1,0,0,0,0,0,0,0,0,0,0,0,0,0,0,0
"OTU1960.Actinobacteriota._",0,0,0,0,0,0,0,0,0,0,0,0,0,4,0,0,0,0,1,0,0,0,0,0,0
"OTU1961.Planctomycetota.Pirellula",0,0,1,0,0,0,1,0,0,0,1,3,3,0,0,0,0,0,0,0,1,0,3,1,1
"OTU1962.Cyanobacteria._",0,0,0,0,0,0,0,0,1,2,0,0,0,0,0,0,1,0,0,0,0,0,0,0,0
"OTU1963.Planctomycetota._",0,0,0,0,0,8,13,0,0,0,0,0,8,0,0,0,0,0,0,0,0,0,0,0,0
"OTU1964.Planctomycetota._",0,0,0,0,1,0,0,0,0,0,1,0,0,0,0,0,0,0,0,0,0,2,0,1,2
"OTU1966.Myxococcota._",0,0,0,0,0,0,0,1,0,0,0,0,0,0,0,0,0,0,0,0,1,1,1,0,0
"OTU1967.Gemmatimonadota.YC-ZSS-LKJ147",0,0,0,0,0,0,1,0,1,0,0,0,0,0,0,0,0,0,0,1,0,0,0,0,0
"OTU1968.Planctomycetota._",0,0,0,0,0,0,0,0,0,0,0,0,0,0,0,0,0,0,0,0,0,0,0,0,0
"OTU1970.Planctomycetota._",0,1,0,0,0,0,0,0,0,0,0,0,0,0,1,0,0,0,0,1,0,0,0,0,0
"OTU1971.Planctomycetota.Pirellula",0,0,0,2,0,0,0,0,0,0,0,0,0,0,0,0,0,0,0,0,0,0,0,0,0
"OTU1972.Planctomycetota.uncultured|Planctomyces|sp",0,0,0,0,0,0,0,0,0,0,0,0,0,0,0,0,0,0,0,0,0,0,0,0,0
"OTU1973.Proteobacteria.Pedomicrobium",0,0,0,0,0,0,0,0,0,0,0,0,0,0,0,0,0,0,0,0,0,1,0,0,0
"OTU1974.Gemmatimonadota._",0,0,0,0,0,0,0,0,0,1,1,0,0,0,0,1,0,0,0,0,0,0,2,0,0
"OTU1975.Proteobacteria._",0,0,0,1,0,0,0,0,1,0,0,0,0,0,22,0,0,0,0,0,0,0,0,0,0
"OTU1976.Nanoarchaeota._",1,0,0,0,0,0,0,1,0,0,0,0,0,0,0,0,0,1,2,0,0,0,0,0,0
"OTU1977.Armatimonadota._",0,0,1,0,0,0,0,0,1,1,0,0,0,0,0,0,0,0,0,0,0,0,0,1,0
"OTU1978.Bdellovibrionota.OM27|clade",0,0,0,0,2,0,0,0,1,0,0,0,0,0,0,1,0,1,0,1,1,1,1,0,0
