,V1,V2,V3,V4,V6,V7,V8,V9,V10,V11,V12,V5_2,V5_3,V5_4,V5_5,V5_6,V5_7,V5_1_1,V5_1_2,V5_1_3,V5_1_4,V5_1_5,OTU.ID
1,OTU1,262,1,216,503,287,503,82,383,7.79e-106,98.618,p__Ascomycota,c__Leotiomycetes,o__Thelebolales,f__Pseudeurotiaceae,g__Pseudogymnoascus,s__Pseudogymnoascus_roseus,Pseudogymnoascus_roseus,DQ117451,SH1477560.09FU,refs,k__Fungi,OTU1.p__Ascomycota.g__Pseudogymnoascus
2,OTU2,276,1,216,484,269,484,78,399,8.19e-111,100,p__Ascomycota,c__Sordariomycetes,o__Hypocreales,f__Stachybotryaceae,g__Striaticonidium,s__Striaticonidium_brachysporum,Striaticonidium_brachysporum,KU847232,SH1073990.09FU,refs,k__Fungi,OTU2.p__Ascomycota.g__Striaticonidium
3,OTU3,328,252,326,1125,89,12,23,69.4,3.15e-11,83.544,p__Ascomycota,c__Sordariomycetes,o__Hypocreales,f__Nectriaceae,g__Fusarium,s__Fusarium_oxysporum,Fusarium_oxysporum,UDB041458,SH1099032.09FU,reps,k__Fungi,OTU3.p__Ascomycota.g__Fusarium
4,OTU4,286,1,238,471,232,471,83,409,1.41e-113,97.5,p__Ascomycota,c__Sordariomycetes,o__Hypocreales,f__Nectriaceae,g__Fusarium,s__Fusarium_oxysporum,Fusarium_oxysporum,KJ801775,SH1079261.09FU,reps,k__Fungi,OTU4.p__Ascomycota.g__Fusarium
5,OTU5,269,1,229,504,278,504,85,394,3.7e-109,97.826,p__Ascomycota,c__Sordariomycetes,o__Sordariales,f__Chaetomiaceae,g__Chaetomium,s__Chaetomium_nepalense,Chaetomium_nepalense,MH861591,SH2145427.09FU,refs,k__Fungi,OTU5.p__Ascomycota.g__Chaetomium
6,OTU6,297,241,295,1125,66,12,19,69.4,2.82e-11,89.091,p__Ascomycota,c__Sordariomycetes,o__Hypocreales,f__Nectriaceae,g__Fusarium,s__Fusarium_oxysporum,Fusarium_oxysporum,UDB041458,SH1099032.09FU,reps,k__Fungi,OTU6.p__Ascomycota.g__Fusarium
7,OTU7,269,1,209,493,286,493,78,379,1.04e-104,99.522,p__Ascomycota,c__Dothideomycetes,o__Pleosporales,f__Sporormiaceae,g__Preussia,s__Preussia_sp,Preussia_sp,UDB05239316,SH0921821.09FU,reps,k__Fungi,OTU7.p__Ascomycota.g__Preussia
8,OTU8,263,1,201,439,238,439,76,339,1.72e-92,97.044,p__Ascomycota,c__Sordariomycetes,o__Hypocreales,f__Hypocreales_fam_Incertae_sedis,g__Hypocreales_gen_Incertae_sedis,s__Hypocreales_sp,Hypocreales_sp,UDB03574003,SH1085542.09FU,reps,k__Fungi,OTU8.p__Ascomycota.g__Hypocreales_gen_Incertae_sedis
9,OTU9,266,1,206,473,268,473,77,375,1.32e-103,99.515,p__Ascomycota,c__Sordariomycetes,o__Hypocreales,f__Nectriaceae,g__Nectriaceae_gen_Incertae_sedis,s__Nectriaceae_sp,Nectriaceae_sp,KX515816,SH1110964.09FU,reps,k__Fungi,OTU9.p__Ascomycota.g__Nectriaceae_gen_Incertae_sedis
10,OTU10,277,1,224,523,300,523,81,414,2.94e-115,100,p__Ascomycota,c__Dothideomycetes,o__Pleosporales,f__Pleosporaceae,g__Curvularia,s__Curvularia_fallax,Curvularia_fallax,MH855476,SH1933481.09FU,refs,k__Fungi,OTU10.p__Ascomycota.g__Curvularia
11,OTU11,274,1,241,510,275,510,88,407,4.85e-113,97.51,p__Ascomycota,c__Dothideomycetes,o__Pleosporales,f__Pleosporaceae,g__Alternaria,s__Alternaria_prunicola,Alternaria_prunicola,MH827035,SH1082575.09FU,refs,k__Fungi,OTU11.p__Ascomycota.g__Alternaria
12,OTU12,269,1,209,451,244,451,78,368,2.24e-101,98.565,p__Ascomycota,c__Dothideomycetes,o__Pleosporales,f__Sporormiaceae,g__Preussia,s__Preussia_flanaganii,Preussia_flanaganii,AY943061,SH1082255.09FU,refs,k__Fungi,OTU12.p__Ascomycota.g__Preussia
13,OTU13,291,1,248,505,257,505,85,442,1.41e-123,98.795,p__Ascomycota,c__Sordariomycetes,o__Hypocreales,f__Clavicipitaceae,g__Metarhizium,s__Metarhizium_anisopliae,Metarhizium_anisopliae,KC147657,SH0901290.09FU,reps,k__Fungi,OTU13.p__Ascomycota.g__Metarhizium
14,OTU14,269,1,209,487,279,487,78,375,1.34e-103,99.043,p__Ascomycota,c__Sordariomycetes,o__Sordariales,f__Chaetomiaceae,g__Botryotrichum,s__Botryotrichum_atrogriseum,Botryotrichum_atrogriseum,KX976589,SH0881584.09FU,refs,k__Fungi,OTU14.p__Ascomycota.g__Botryotrichum
15,OTU15,266,1,206,447,243,447,77,368,2.22e-101,99.029,p__Ascomycota,c__Dothideomycetes,o__Pleosporales,f__Cucurbitariaceae,g__Pyrenochaetopsis,s__Pyrenochaetopsis_indica,Pyrenochaetopsis_indica,LT623224,SH0994475.09FU,refs,k__Fungi,OTU15.p__Ascomycota.g__Pyrenochaetopsis
16,OTU16,301,1,241,517,277,517,80,424,5.31e-118,98.34,p__Ascomycota,c__Sordariomycetes,o__Microascales,f__Microascaceae,g__Cephalotrichum,s__Cephalotrichum_stemonitis,Cephalotrichum_stemonitis,LN850951,SH1070194.09FU,refs,k__Fungi,OTU16.p__Ascomycota.g__Cephalotrichum
17,OTU17,274,1,213,470,258,470,78,316,8.41e-86,93.458,p__Ascomycota,c__Sordariomycetes,o__Sordariales,f__Chaetomiaceae,g__Chaetomiaceae_gen_Incertae_sedis,s__Chaetomiaceae_sp,Chaetomiaceae_sp,UDB01730467,SH0993202.09FU,reps,k__Fungi,OTU17.p__Ascomycota.g__Chaetomiaceae_gen_Incertae_sedis
18,OTU18,322,1,262,613,354,613,81,466,9.36e-131,98.855,p__Basidiomycota,c__Agaricomycetes,o__Agaricales,f__Psathyrellaceae,g__Candolleomyces,s__Candolleomyces_candolleanus,Candolleomyces_candolleanus,DQ389720,SH1250729.09FU,refs,k__Fungi,OTU18.p__Basidiomycota.g__Candolleomyces
19,OTU19,265,1,204,478,275,478,77,372,1.71e-102,99.51,p__Ascomycota,c__Sordariomycetes,o__Sordariales,f__Lasiosphaeriaceae,g__Schizothecium,s__Schizothecium_sp,Schizothecium_sp,UDB06568671,SH0965329.09FU,reps,k__Fungi,OTU19.p__Ascomycota.g__Schizothecium
20,OTU20,369,1,308,602,296,602,83,562,1.34e-159,99.675,p__Mortierellomycota,c__Mortierellomycetes,o__Mortierellales,f__Mortierellaceae,g__Mortierellaceae_gen_Incertae_sedis,s__Mortierellaceae_sp,Mortierellaceae_sp,UDB04691502,SH1213091.09FU,reps,k__Fungi,OTU20.p__Mortierellomycota.g__Mortierellaceae_gen_Incertae_sedis
21,OTU21,277,1,218,456,239,456,79,403,6.35e-112,100,p__Ascomycota,c__Sordariomycetes,o__Hypocreales,f__Nectriaceae,g__Nectria,s__Nectria_ramulariae,Nectria_ramulariae,AY677291,SH1239897.09FU,refs,k__Fungi,OTU21.p__Ascomycota.g__Nectria
22,OTU22,290,1,230,474,245,474,79,420,6.6e-117,99.565,p__Ascomycota,c__Sordariomycetes,o__Hypocreales,f__Stachybotryaceae,g__Stachybotrys,s__Stachybotrys_chartarum,Stachybotrys_chartarum,EF568081,SH1073994.09FU,refs,k__Fungi,OTU22.p__Ascomycota.g__Stachybotrys
23,OTU23,281,1,222,481,260,481,79,411,3.86e-114,100,p__Ascomycota,c__Sordariomycetes,o__Hypocreales,f__Bionectriaceae,g__Clonostachys,s__Clonostachys_eriocamporesii,Clonostachys_eriocamporesii,MN699133,SH1077305.09FU,refs,k__Fungi,OTU23.p__Ascomycota.g__Clonostachys
24,OTU24,366,1,306,591,286,591,84,499,1.06e-140,96.104,p__Mortierellomycota,c__Mortierellomycetes,o__Mortierellales,f__Mortierellaceae,g__Linnemannia,s__Linnemannia_amoeboidea,Linnemannia_amoeboidea,HQ630346,SH2088875.09FU,refs,k__Fungi,OTU24.p__Mortierellomycota.g__Linnemannia
25,OTU25,279,1,230,516,284,513,82,409,1.38e-113,98.701,p__Ascomycota,c__Sordariomycetes,o__Hypocreales,f__Nectriaceae,g__Fusarium,s__Fusarium_oxysporum,Fusarium_oxysporum,KF206433,SH1087535.09FU,reps,k__Fungi,OTU25.p__Ascomycota.g__Fusarium
26,OTU26,287,1,226,577,352,577,79,412,1.1e-114,99.558,p__Ascomycota,c__Eurotiomycetes,o__Chaetothyriales,f__Herpotrichiellaceae,g__Herpotrichiellaceae_gen_Incertae_sedis,s__Herpotrichiellaceae_sp,Herpotrichiellaceae_sp,UDB03374380,SH1119522.09FU,reps,k__Fungi,OTU26.p__Ascomycota.g__Herpotrichiellaceae_gen_Incertae_sedis
27,OTU27,338,1,261,504,243,504,77,444,4.62e-124,97.338,p__Chytridiomycota,c__Chytridiomycota_cls_Incertae_sedis,o__Chytridiomycota_ord_Incertae_sedis,f__Chytridiomycota_fam_Incertae_sedis,g__Chytridiomycota_gen_Incertae_sedis,s__Chytridiomycota_sp,Chytridiomycota_sp,UDB02287150,SH1122624.09FU,reps,k__Fungi,OTU27.p__Chytridiomycota.g__Chytridiomycota_gen_Incertae_sedis
28,OTU28,261,1,201,463,262,463,77,350,7.86e-96,98.02,p__Ascomycota,c__Sordariomycetes,o__Sordariales,f__Lasiosphaeriaceae,g__Schizothecium,s__Schizothecium_sp,Schizothecium_sp,HG327983,SH0965481.09FU,reps,k__Fungi,OTU28.p__Ascomycota.g__Schizothecium
29,OTU29,293,1,246,522,277,522,84,449,8.51e-126,99.593,p__Ascomycota,c__Dothideomycetes,o__Pleosporales,f__Pleosporaceae,g__Exserohilum,s__Exserohilum_rostratum,Exserohilum_rostratum,HE664050,SH0885118.09FU,refs,k__Fungi,OTU29.p__Ascomycota.g__Exserohilum
30,OTU30,285,1,232,499,268,499,81,412,1.09e-114,98.707,p__Ascomycota,c__Sordariomycetes,o__Hypocreales,f__Stachybotryaceae,g__Albifimbria,s__Albifimbria_verrucaria,Albifimbria_verrucaria,KU845893,SH1074164.09FU,refs,k__Fungi,OTU30.p__Ascomycota.g__Albifimbria
31,OTU31,268,1,207,476,270,476,77,366,8.04e-101,98.551,p__Ascomycota,c__Sordariomycetes,o__Sordariales,f__Chaetomiaceae,g__Stolonocarpus,s__Stolonocarpus_sp,Stolonocarpus_sp,UDB07634549,SH0881579.09FU,reps,k__Fungi,OTU31.p__Ascomycota.g__Stolonocarpus
32,OTU32,264,1,220,479,259,479,83,385,2.18e-106,98.19,p__Ascomycota,c__Dothideomycetes,o__Capnodiales,f__Cladosporiaceae,g__Cladosporium,s__Cladosporium_tenuissimum,Cladosporium_tenuissimum,KU821452,SH1081563.09FU,reps,k__Fungi,OTU32.p__Ascomycota.g__Cladosporium
33,OTU33,269,1,208,458,251,458,77,385,2.23e-106,100,p__Ascomycota,c__Sordariomycetes,o__Sordariales,f__Podosporaceae,g__Podospora,s__Podospora_sp,Podospora_sp,UDB07326907,SH0999994.09FU,reps,k__Fungi,OTU33.p__Ascomycota.g__Podospora
34,OTU34,267,1,206,449,244,449,77,370,6.19e-102,99.029,p__Ascomycota,c__Sordariomycetes,o__Sordariales,f__Sordariales_fam_Incertae_sedis,g__Sordariales_gen_Incertae_sedis,s__Sordariales_sp,Sordariales_sp,UDB05105171,SH0939024.09FU,reps,k__Fungi,OTU34.p__Ascomycota.g__Sordariales_gen_Incertae_sedis
35,OTU35,262,1,134,467,256,387,51,108,5.25e-23,81.618,p__Ascomycota,c__Dothideomycetes,o__Dothideomycetes_ord_Incertae_sedis,f__Nowamycetaceae,g__Nowamyces,s__Nowamyces_globulus,Nowamyces_globulus,MN161941,SH0983576.09FU,reps,k__Fungi,OTU35.p__Ascomycota.g__Nowamyces
36,OTU36,278,1,217,448,231,448,78,390,4.97e-108,99.083,p__Ascomycota,c__Sordariomycetes,o__Lulworthiales,f__Lulworthiaceae,g__Lulworthiaceae_gen_Incertae_sedis,s__Lulworthiaceae_sp,Lulworthiaceae_sp,UDB03142541,SH1037861.09FU,reps,k__Fungi,OTU36.p__Ascomycota.g__Lulworthiaceae_gen_Incertae_sedis
37,OTU37,286,1,242,464,223,462,85,435,2.33e-121,99.174,p__Ascomycota,c__Sordariomycetes,o__Glomerellales,f__Plectosphaerellaceae,g__Gibellulopsis,s__Gibellulopsis_piscis,Gibellulopsis_piscis,DQ825985,SH0941075.09FU,refs,k__Fungi,OTU37.p__Ascomycota.g__Gibellulopsis
38,OTU38,349,302,347,1125,57,12,13,69.4,3.36e-11,93.478,p__Ascomycota,c__Sordariomycetes,o__Hypocreales,f__Nectriaceae,g__Fusarium,s__Fusarium_oxysporum,Fusarium_oxysporum,UDB041458,SH1099032.09FU,reps,k__Fungi,OTU38.p__Ascomycota.g__Fusarium
39,OTU39,357,320,355,758,510,545,10,67.6,1.24e-10,100,p__Basidiomycota,c__Agaricomycetes,o__Auriculariales,f__Auriculariales_fam_Incertae_sedis,g__Auriculariales_gen_Incertae_sedis,s__Auriculariales_sp,Auriculariales_sp,JQ272342,SH0954825.09FU,reps,k__Fungi,OTU39.p__Basidiomycota.g__Auriculariales_gen_Incertae_sedis
40,OTU40,289,1,172,522,283,457,60,198,3.35e-50,87.5,p__Ascomycota,c__Sordariomycetes,o__Microascales,f__Halosphaeriaceae,g__Halosphaeriaceae_gen_Incertae_sedis,s__Halosphaeriaceae_sp,Halosphaeriaceae_sp,UDB03252575,SH1096213.09FU,reps,k__Fungi,OTU40.p__Ascomycota.g__Halosphaeriaceae_gen_Incertae_sedis
41,OTU41,303,1,243,519,277,519,80,444,4.11e-124,99.588,p__Ascomycota,c__Sordariomycetes,o__Microascales,f__Microascaceae,g__Cephalotrichum,s__Cephalotrichum_dendrocephalum,Cephalotrichum_dendrocephalum,LN850966,SH3135923.09FU,refs,k__Fungi,OTU41.p__Ascomycota.g__Cephalotrichum
42,OTU42,267,1,206,469,264,469,77,381,2.86e-105,100,p__Ascomycota,c__Sordariomycetes,o__Sordariales,f__Sordariales_fam_Incertae_sedis,g__Sordariales_gen_Incertae_sedis,s__Sordariales_sp,Sordariales_sp,UDB05113794,SH0968845.09FU,reps,k__Fungi,OTU42.p__Ascomycota.g__Sordariales_gen_Incertae_sedis
43,OTU43,277,1,217,515,299,515,78,401,2.29e-111,100,p__Ascomycota,c__Sordariomycetes,o__Sordariales,f__Sordariales_fam_Incertae_sedis,g__Papulaspora,s__Papulaspora_equi,Papulaspora_equi,JX280870,SH2520871.09FU,refs,k__Fungi,OTU43.p__Ascomycota.g__Papulaspora
44,OTU44,315,1,255,597,343,597,81,472,1.96e-132,100,p__Basidiomycota,c__Agaricomycetes,o__Agaricales,f__Psathyrellaceae,g__Coprinellus,s__Coprinellus_alkalinus,Coprinellus_alkalinus,UDB035290,SH1207641.09FU,refs,k__Fungi,OTU44.p__Basidiomycota.g__Coprinellus
45,OTU45,278,1,217,463,246,463,78,379,1.08e-104,98.165,p__Ascomycota,c__Ascomycota_cls_Incertae_sedis,o__Ascomycota_ord_Incertae_sedis,f__Ascomycota_fam_Incertae_sedis,g__Ascomycota_gen_Incertae_sedis,s__Ascomycota_sp,Ascomycota_sp,UDB03409154,SH0936463.09FU,reps,k__Fungi,OTU45.p__Ascomycota.g__Ascomycota_gen_Incertae_sedis
46,OTU46,363,1,302,580,277,580,83,538,2.23e-152,98.684,p__Fungi_phy_Incertae_sedis,c__Fungi_cls_Incertae_sedis,o__Fungi_ord_Incertae_sedis,f__Fungi_fam_Incertae_sedis,g__Fungi_gen_Incertae_sedis,s__Fungi_sp,Fungi_sp,UDB04597193,SH1302576.09FU,reps,k__Fungi,OTU46.p__Fungi_phy_Incertae_sedis.g__Fungi_gen_Incertae_sedis
47,OTU47,378,331,376,1125,57,12,12,69.4,3.67e-11,93.478,p__Ascomycota,c__Sordariomycetes,o__Hypocreales,f__Nectriaceae,g__Fusarium,s__Fusarium_oxysporum,Fusarium_oxysporum,UDB041458,SH1099032.09FU,reps,k__Fungi,OTU47.p__Ascomycota.g__Fusarium
48,OTU48,291,1,231,498,268,498,79,427,3.96e-119,100,p__Ascomycota,c__Sordariomycetes,o__Hypocreales,f__Hypocreales_fam_Incertae_sedis,g__Sarocladium,s__Sarocladium_implicatum,Sarocladium_implicatum,FN706540,SH0913436.09FU,refs,k__Fungi,OTU48.p__Ascomycota.g__Sarocladium
49,OTU49,299,1,238,501,266,501,80,405,1.91e-112,97.479,p__Ascomycota,c__Sordariomycetes,o__Hypocreales,f__Stachybotryaceae,g__Stachybotryaceae_gen_Incertae_sedis,s__Stachybotryaceae_sp,Stachybotryaceae_sp,UDB01844847,SH1074043.09FU,reps,k__Fungi,OTU49.p__Ascomycota.g__Stachybotryaceae_gen_Incertae_sedis
50,OTU50,270,1,218,481,263,481,81,398,2.87e-110,99.543,p__Ascomycota,c__Eurotiomycetes,o__Eurotiales,f__Aspergillaceae,g__Talaromyces,s__Talaromyces_paucisporus,Talaromyces_paucisporus,AB176603,SH4240811.09FU,refs_singleton,k__Fungi,OTU50.p__Ascomycota.g__Talaromyces
51,OTU51,326,1,265,565,301,565,81,468,2.64e-131,98.491,p__Basidiomycota,c__Agaricomycetes,o__Polyporales,f__Irpicaceae,g__Gloeoporus,s__Gloeoporus_sp,Gloeoporus_sp,UDB02236138,SH1273122.09FU,reps,k__Fungi,OTU51.p__Basidiomycota.g__Gloeoporus
52,OTU52,269,1,222,492,271,492,83,399,7.96e-111,99.099,p__Ascomycota,c__Sordariomycetes,o__Sordariales,f__Chaetomiaceae,g__Chaetomidium,s__Chaetomidium_leptoderma,Chaetomidium_leptoderma,JN573176,SH0881853.09FU,refs,k__Fungi,OTU52.p__Ascomycota.g__Chaetomidium
53,OTU53,407,1,346,628,280,628,85,619,8.73e-177,98.854,p__Ascomycota,c__Sordariomycetes,o__Xylariales,f__Microdochiaceae,g__Idriella,s__Idriella_sp,Idriella_sp,UDB03590469,SH1265368.09FU,reps,k__Fungi,OTU53.p__Ascomycota.g__Idriella
54,OTU54,292,1,232,494,263,494,79,424,5.14e-118,99.569,p__Ascomycota,c__Sordariomycetes,o__Microascales,f__Microascales_fam_Incertae_sedis,g__Microascales_gen_Incertae_sedis,s__Microascales_sp,Microascales_sp,UDB061186,SH1091207.09FU,reps,k__Fungi,OTU54.p__Ascomycota.g__Microascales_gen_Incertae_sedis
55,OTU55,267,1,206,443,238,443,77,359,1.34e-98,98.058,p__Ascomycota,c__Sordariomycetes,o__Sordariales,f__Podosporaceae,g__Podospora,s__Podospora_sp,Podospora_sp,UDB05110506,SH0939025.09FU,reps,k__Fungi,OTU55.p__Ascomycota.g__Podospora
56,OTU56,285,1,224,509,287,509,79,390,5.1e-108,98.214,p__Ascomycota,c__Eurotiomycetes,o__Eurotiales,f__Eurotiales_fam_Incertae_sedis,g__Eurotiales_gen_Incertae_sedis,s__Eurotiales_sp,Eurotiales_sp,OM899655,SH0906952.09FU,reps,k__Fungi,OTU56.p__Ascomycota.g__Eurotiales_gen_Incertae_sedis
57,OTU57,269,1,217,472,258,472,81,377,3.73e-104,98.157,p__Ascomycota,c__Sordariomycetes,o__Sordariales,f__Lasiosphaeriaceae,g__Lasiosphaeriaceae_gen_Incertae_sedis,s__Lasiosphaeriaceae_sp,Lasiosphaeriaceae_sp,MK247867,SH0945371.09FU,reps,k__Fungi,OTU57.p__Ascomycota.g__Lasiosphaeriaceae_gen_Incertae_sedis
58,OTU58,285,3,224,469,247,469,78,405,1.82e-112,99.552,p__Ascomycota,c__Sordariomycetes,o__Glomerellales,f__Plectosphaerellaceae,g__Plectosphaerellaceae_gen_Incertae_sedis,s__Plectosphaerellaceae_sp,Plectosphaerellaceae_sp,UDB04977944,SH0941147.09FU,reps,k__Fungi,OTU58.p__Ascomycota.g__Plectosphaerellaceae_gen_Incertae_sedis
59,OTU59,268,1,208,478,271,478,78,368,2.24e-101,98.558,p__Ascomycota,c__Sordariomycetes,o__Sordariales,f__Chaetomiaceae,g__Acrophialophora,s__Acrophialophora_jodhpurensis,Acrophialophora_jodhpurensis,MK926790,SH0881845.09FU,refs,k__Fungi,OTU59.p__Ascomycota.g__Acrophialophora
60,OTU60,286,1,226,486,261,486,79,418,2.35e-116,100,p__Ascomycota,c__Sordariomycetes,o__Hypocreales,f__Hypocreales_fam_Incertae_sedis,g__Acremonium,s__Acremonium_sclerotigenum,Acremonium_sclerotigenum,AJ621772,SH1291669.09FU,refs,k__Fungi,OTU60.p__Ascomycota.g__Acremonium
61,OTU61,304,1,243,496,254,496,80,444,4.12e-124,99.588,p__Basidiomycota,c__Exobasidiomycetes,o__Exobasidiales,f__Brachybasidiaceae,g__Brachybasidiaceae_gen_Incertae_sedis,s__Brachybasidiaceae_sp,Brachybasidiaceae_sp,UDB01549893,SH1123160.09FU,reps,k__Fungi,OTU61.p__Basidiomycota.g__Brachybasidiaceae_gen_Incertae_sedis
62,OTU62,275,1,215,519,305,519,78,370,6.39e-102,97.685,p__Ascomycota,c__Sordariomycetes,o__Coniochaetales,f__Coniochaetaceae,g__Coniochaeta,s__Coniochaeta_sp,Coniochaeta_sp,UDB0228810,SH0947674.09FU,reps,k__Fungi,OTU62.p__Ascomycota.g__Coniochaeta
63,OTU63,268,1,208,536,330,536,78,366,8.04e-101,98.558,p__Ascomycota,c__Dothideomycetes,o__Pleosporales,f__Pleosporales_fam_Incertae_sedis,g__Pleosporales_gen_Incertae_sedis,s__Pleosporales_sp,Pleosporales_sp,KP137418,SH0896665.09FU,reps,k__Fungi,OTU63.p__Ascomycota.g__Pleosporales_gen_Incertae_sedis
64,OTU64,327,251,325,1125,89,12,23,69.4,3.14e-11,83.544,p__Ascomycota,c__Sordariomycetes,o__Hypocreales,f__Nectriaceae,g__Fusarium,s__Fusarium_oxysporum,Fusarium_oxysporum,UDB041458,SH1099032.09FU,reps,k__Fungi,OTU64.p__Ascomycota.g__Fusarium
65,OTU65,284,1,224,488,265,488,79,405,1.82e-112,99.107,p__Ascomycota,c__Sordariomycetes,o__Hypocreales,f__Hypocreales_fam_Incertae_sedis,g__Emericellopsis,s__Emericellopsis_glabra,Emericellopsis_glabra,AY632657,SH2067741.09FU,refs,k__Fungi,OTU65.p__Ascomycota.g__Emericellopsis
66,OTU66,325,1,264,561,298,561,81,488,2.02e-137,100,p__Basidiomycota,c__Agaricomycetes,o__Polyporales,f__Irpicaceae,g__Gloeoporus,s__Gloeoporus_sp,Gloeoporus_sp,UDB02236190,SH1273130.09FU,reps,k__Fungi,OTU66.p__Basidiomycota.g__Gloeoporus
67,OTU67,358,1,298,538,241,538,83,551,2.82e-156,100,p__Basidiomycota,c__Tremellomycetes,o__Filobasidiales,f__Filobasidiaceae,g__Filobasidium,s__Filobasidium_magnum,Filobasidium_magnum,AF190008,SH1389554.09FU,refs,k__Fungi,OTU67.p__Basidiomycota.g__Filobasidium
68,OTU68,284,1,224,466,242,466,79,387,6.58e-107,97.778,p__Ascomycota,c__Sordariomycetes,o__Glomerellales,f__Plectosphaerellaceae,g__Plectosphaerella,s__Plectosphaerella_slobbergiarum,Plectosphaerella_slobbergiarum,MW883443,SH3177798.09FU,refs,k__Fungi,OTU68.p__Ascomycota.g__Plectosphaerella
69,OTU69,263,1,202,427,226,427,77,363,1.02e-99,99.01,p__Ascomycota,c__Sordariomycetes,o__Sordariales,f__Chaetomiaceae,g__Zopfiella,s__Zopfiella_sp,Zopfiella_sp,UDB07627973,SH1039525.09FU,reps,k__Fungi,OTU69.p__Ascomycota.g__Zopfiella
70,OTU70,287,1,133,442,220,355,46,137,7.4e-32,85.401,p__Basidiomycota,c__Tremellomycetes,o__Tremellales,f__Trimorphomycetaceae,g__Carlosrosaea,s__Carlosrosaea_sp,Carlosrosaea_sp,KX009100,SH0999671.09FU,reps,k__Fungi,OTU70.p__Basidiomycota.g__Carlosrosaea
71,OTU71,268,1,265,553,281,548,99,431,2.81e-120,95.911,p__Ascomycota,c__Eurotiomycetes,o__Onygenales,f__Onygenaceae,g__Chrysosporium,s__Chrysosporium_lobatum,Chrysosporium_lobatum,MK952494,SH1219450.09FU,reps,k__Fungi,OTU71.p__Ascomycota.g__Chrysosporium
72,OTU72,423,1,364,710,346,710,86,667,0,99.726,p__Basidiomycota,c__Ustilaginomycetes,o__Ustilaginales,f__Ustilaginaceae,g__Ustilago,s__Ustilago_maydis,Ustilago_maydis,UDB016255,SH1058415.09FU,refs,k__Fungi,OTU72.p__Basidiomycota.g__Ustilago
73,OTU73,271,1,218,507,290,507,80,403,6.2e-112,100,p__Ascomycota,c__Sordariomycetes,o__Sordariales,f__Sordariales_fam_Incertae_sedis,g__Madurella,s__Madurella_tropicana,Madurella_tropicana,JX280869,SH0881728.09FU,refs,k__Fungi,OTU73.p__Ascomycota.g__Madurella
74,OTU74,261,1,201,467,267,467,77,372,1.68e-102,100,p__Ascomycota,c__Sordariomycetes,o__Myrmecridiales,f__Myrmecridiaceae,g__Myrmecridium,s__Myrmecridium_thailandicum,Myrmecridium_thailandicum,KF777169,SH0980692.09FU,refs,k__Fungi,OTU74.p__Ascomycota.g__Myrmecridium
75,OTU75,366,1,305,578,278,578,83,494,4.93e-139,96.078,p__Mortierellomycota,c__Mortierellomycetes,o__Mortierellales,f__Mortierellaceae,g__Mortierella,s__Mortierella_sp,Mortierella_sp,UDB04911054,SH1302567.09FU,reps,k__Fungi,OTU75.p__Mortierellomycota.g__Mortierella
76,OTU76,405,1,346,661,318,661,85,621,2.42e-177,99.133,p__Basidiomycota,c__Ustilaginomycetes,o__Ustilaginales,f__Ustilaginaceae,g__Ustilago,s__Ustilago_sphaerogena,Ustilago_sphaerogena,JX219371,SH1089550.09FU,reps,k__Fungi,OTU76.p__Basidiomycota.g__Ustilago
77,OTU77,312,1,251,501,250,501,80,459,1.51e-128,99.603,p__Chytridiomycota,c__Chytridiomycetes,o__Chytridiales,f__Phlyctochytriaceae,g__Phlyctochytriaceae_gen_Incertae_sedis,s__Phlyctochytriaceae_sp,Phlyctochytriaceae_sp,UDB04551916,SH1331798.09FU,reps,k__Fungi,OTU77.p__Chytridiomycota.g__Phlyctochytriaceae_gen_Incertae_sedis
78,OTU78,264,1,204,465,262,465,77,350,7.96e-96,97.549,p__Fungi_phy_Incertae_sedis,c__Fungi_cls_Incertae_sedis,o__Fungi_ord_Incertae_sedis,f__Fungi_fam_Incertae_sedis,g__Fungi_gen_Incertae_sedis,s__Fungi_sp,Fungi_sp,HG328077,SH0965554.09FU,reps,k__Fungi,OTU78.p__Fungi_phy_Incertae_sedis.g__Fungi_gen_Incertae_sedis
79,OTU79,342,295,340,1125,57,12,13,69.4,3.29e-11,93.478,p__Ascomycota,c__Sordariomycetes,o__Hypocreales,f__Nectriaceae,g__Fusarium,s__Fusarium_oxysporum,Fusarium_oxysporum,UDB041458,SH1099032.09FU,reps,k__Fungi,OTU79.p__Ascomycota.g__Fusarium
80,OTU80,271,1,210,490,281,490,77,388,1.74e-107,100,p__Ascomycota,c__Eurotiomycetes,o__Eurotiales,f__Aspergillaceae,g__Talaromyces,s__Talaromyces_fusiformis,Talaromyces_fusiformis,KU866656,SH2062493.09FU,refs,k__Fungi,OTU80.p__Ascomycota.g__Talaromyces
81,OTU81,267,1,206,455,250,455,77,381,2.86e-105,100,p__Ascomycota,c__Sordariomycetes,o__Hypocreales,f__Nectriaceae,g__Nectriaceae_gen_Incertae_sedis,s__Nectriaceae_sp,Nectriaceae_sp,UDB03053568,SH1087403.09FU,reps,k__Fungi,OTU81.p__Ascomycota.g__Nectriaceae_gen_Incertae_sedis
82,OTU82,262,1,201,465,263,465,77,340,4.75e-93,97.044,p__Ascomycota,c__Leotiomycetes,o__Helotiales,f__Helotiaceae,g__Tetracladium,s__Tetracladium_sp,Tetracladium_sp,UDB05454697,SH1078562.09FU,reps,k__Fungi,OTU82.p__Ascomycota.g__Tetracladium
83,OTU83,283,1,223,540,318,540,79,412,1.08e-114,100,p__Ascomycota,c__Sordariomycetes,o__Hypocreales,f__Hypocreaceae,g__Trichoderma,s__Trichoderma_virens,Trichoderma_virens,AF328552,SH2616631.09FU,refs,k__Fungi,OTU83.p__Ascomycota.g__Trichoderma
84,OTU84,268,1,208,450,243,450,78,385,2.22e-106,100,p__Ascomycota,c__Dothideomycetes,o__Pleosporales,f__Lentitheciaceae,g__Halobyssothecium,s__Halobyssothecium_sp,Halobyssothecium_sp,MG865841,SH0906650.09FU,reps,k__Fungi,OTU84.p__Ascomycota.g__Halobyssothecium
85,OTU85,269,1,208,493,286,493,77,379,1.04e-104,99.519,p__Ascomycota,c__Pezizomycetes,o__Pezizales,f__Ascobolaceae,g__Ascobolus,s__Ascobolus_sp,Ascobolus_sp,UDB01331393,SH1309782.09FU,reps,k__Fungi,OTU85.p__Ascomycota.g__Ascobolus
86,OTU86,362,326,360,758,511,545,10,65.8,4.53e-10,100,p__Basidiomycota,c__Agaricomycetes,o__Auriculariales,f__Auriculariales_fam_Incertae_sedis,g__Auriculariales_gen_Incertae_sedis,s__Auriculariales_sp,Auriculariales_sp,JQ272342,SH0954825.09FU,reps,k__Fungi,OTU86.p__Basidiomycota.g__Auriculariales_gen_Incertae_sedis
87,OTU87,271,1,190,433,232,433,70,296,1.08e-79,94.059,p__Ascomycota,c__Sordariomycetes,o__Sordariales,f__Chaetomiaceae,g__Chaetomiaceae_gen_Incertae_sedis,s__Chaetomiaceae_sp,Chaetomiaceae_sp,JX347164,SH0997600.09FU,reps,k__Fungi,OTU87.p__Ascomycota.g__Chaetomiaceae_gen_Incertae_sedis
88,OTU88,376,329,374,1125,57,12,12,69.4,3.65e-11,93.478,p__Ascomycota,c__Sordariomycetes,o__Hypocreales,f__Nectriaceae,g__Fusarium,s__Fusarium_oxysporum,Fusarium_oxysporum,UDB041458,SH1099032.09FU,reps,k__Fungi,OTU88.p__Ascomycota.g__Fusarium
89,OTU89,337,1,276,581,306,581,82,499,9.7e-141,99.275,p__Ascomycota,c__Pezizomycotina_cls_Incertae_sedis,o__Pezizomycotina_ord_Incertae_sedis,f__Pezizomycotina_fam_Incertae_sedis,g__Pezizomycotina_gen_Incertae_sedis,s__Pezizomycotina_sp,Pezizomycotina_sp,UDB04347484,SH0887054.09FU,reps,k__Fungi,OTU89.p__Ascomycota.g__Pezizomycotina_gen_Incertae_sedis
90,OTU90,334,295,332,758,507,545,11,65.8,4.15e-10,97.436,p__Basidiomycota,c__Agaricomycetes,o__Auriculariales,f__Auriculariales_fam_Incertae_sedis,g__Auriculariales_gen_Incertae_sedis,s__Auriculariales_sp,Auriculariales_sp,JQ272342,SH0954825.09FU,reps,k__Fungi,OTU90.p__Basidiomycota.g__Auriculariales_gen_Incertae_sedis
91,OTU91,264,1,203,502,300,502,77,359,1.32e-98,98.522,p__Ascomycota,c__Dothideomycetes,o__Pleosporales,f__Massarinaceae,g__Stagonospora,s__Stagonospora_sp,Stagonospora_sp,UDB07567647,SH0942270.09FU,reps,k__Fungi,OTU91.p__Ascomycota.g__Stagonospora
92,OTU92,275,1,214,474,261,474,78,396,1.05e-109,100,p__Ascomycota,c__Sordariomycetes,o__Hypocreales,f__Nectriaceae,g__Fusarium,s__Fusarium_sp,Fusarium_sp,UDB02208213,SH1079500.09FU,reps,k__Fungi,OTU92.p__Ascomycota.g__Fusarium
93,OTU93,285,1,225,483,259,483,79,411,3.92e-114,99.556,p__Ascomycota,c__Sordariomycetes,o__Xylariales,f__Diatrypaceae,g__Monosporascus,s__Monosporascus_sp,Monosporascus_sp,OM106608,SH1290647.09FU,reps,k__Fungi,OTU93.p__Ascomycota.g__Monosporascus
94,OTU94,286,1,225,493,268,493,79,399,8.51e-111,98.673,p__Ascomycota,c__Sordariomycetes,o__Hypocreales,f__Stachybotryaceae,g__Stachybotryaceae_gen_Incertae_sedis,s__Stachybotryaceae_sp,Stachybotryaceae_sp,UDB07067430,SH1073881.09FU,reps,k__Fungi,OTU94.p__Ascomycota.g__Stachybotryaceae_gen_Incertae_sedis
95,OTU95,286,1,213,574,348,558,74,292,1.49e-78,91.628,p__Ascomycota,c__Eurotiomycetes,o__Chaetothyriales,f__Chaetothyriales_fam_Incertae_sedis,g__Chaetothyriales_gen_Incertae_sedis,s__Chaetothyriales_sp,Chaetothyriales_sp,UDB01803372,SH1158413.09FU,reps,k__Fungi,OTU95.p__Ascomycota.g__Chaetothyriales_gen_Incertae_sedis
96,OTU96,326,279,324,1125,57,12,14,69.4,3.13e-11,93.478,p__Ascomycota,c__Sordariomycetes,o__Hypocreales,f__Nectriaceae,g__Fusarium,s__Fusarium_oxysporum,Fusarium_oxysporum,UDB041458,SH1099032.09FU,reps,k__Fungi,OTU96.p__Ascomycota.g__Fusarium
97,OTU97,294,1,234,492,259,492,80,433,8.6e-121,100,p__Ascomycota,c__Sordariomycetes,o__Hypocreales,f__Sarocladiaceae,g__Parasarocladium,s__Parasarocladium_wereldwijsianum,Parasarocladium_wereldwijsianum,MW883440,SH3168582.09FU,refs,k__Fungi,OTU97.p__Ascomycota.g__Parasarocladium
98,OTU98,402,363,400,758,507,545,9,65.8,5.06e-10,97.436,p__Basidiomycota,c__Agaricomycetes,o__Auriculariales,f__Auriculariales_fam_Incertae_sedis,g__Auriculariales_gen_Incertae_sedis,s__Auriculariales_sp,Auriculariales_sp,JQ272342,SH0954825.09FU,reps,k__Fungi,OTU98.p__Basidiomycota.g__Auriculariales_gen_Incertae_sedis
99,OTU99,333,1,278,621,340,621,83,440,5.88e-123,95.035,p__Ascomycota,c__Leotiomycetes,o__Erysiphales,f__Erysiphaceae,g__Blumeria,s__Blumeria_graminis,Blumeria_graminis,MT462296,SH1234330.09FU,reps,k__Fungi,OTU99.p__Ascomycota.g__Blumeria
100,OTU100,362,1,302,553,252,553,83,558,1.7e-158,100,p__Mortierellomycota,c__Mortierellomycetes,o__Mortierellales,f__Mortierellaceae,g__Mortierella,s__Mortierella_sp,Mortierella_sp,UDB061650,SH1039256.09FU,reps,k__Fungi,OTU100.p__Mortierellomycota.g__Mortierella
101,OTU101,336,297,334,758,508,545,11,65.8,4.18e-10,97.368,p__Basidiomycota,c__Agaricomycetes,o__Auriculariales,f__Auriculariales_fam_Incertae_sedis,g__Auriculariales_gen_Incertae_sedis,s__Auriculariales_sp,Auriculariales_sp,JQ272342,SH0954825.09FU,reps,k__Fungi,OTU101.p__Basidiomycota.g__Auriculariales_gen_Incertae_sedis
102,OTU102,365,318,363,1125,57,12,13,69.4,3.53e-11,93.478,p__Ascomycota,c__Sordariomycetes,o__Hypocreales,f__Nectriaceae,g__Fusarium,s__Fusarium_oxysporum,Fusarium_oxysporum,UDB041458,SH1099032.09FU,reps,k__Fungi,OTU102.p__Ascomycota.g__Fusarium
103,OTU103,273,1,212,480,269,480,78,375,1.36e-103,98.585,p__Ascomycota,c__Dothideomycetes,o__Pleosporales,f__Phaeosphaeriaceae,g__Phaeosphaeria,s__Phaeosphaeria_sp,Phaeosphaeria_sp,UDB04493083,SH1091968.09FU,reps,k__Fungi,OTU103.p__Ascomycota.g__Phaeosphaeria
104,OTU104,298,1,231,529,299,529,78,427,4.06e-119,100,p__Ascomycota,c__Pezizomycetes,o__Pezizales,f__Pezizaceae,g__Phylloscypha,s__Phylloscypha_retrocurvatoides,Phylloscypha_retrocurvatoides,MF509778,SH1290750.09FU,refs,k__Fungi,OTU104.p__Ascomycota.g__Phylloscypha
105,OTU105,346,1,306,580,271,575,88,542,1.63e-153,98.693,p__Basidiomycota,c__Tremellomycetes,o__Filobasidiales,f__Piskurozymaceae,g__Solicoccozyma,s__Solicoccozyma_fuscescens,Solicoccozyma_fuscescens,KY105436,SH0879828.09FU,refs,k__Fungi,OTU105.p__Basidiomycota.g__Solicoccozyma
106,OTU106,272,1,211,457,248,457,78,361,3.8e-99,97.63,p__Ascomycota,c__Sordariomycetes,o__Sordariales,f__Lasiosphaeriaceae,g__Lasiosphaeriaceae_gen_Incertae_sedis,s__Lasiosphaeriaceae_sp,Lasiosphaeriaceae_sp,UDB02714250,SH0945287.09FU,reps,k__Fungi,OTU106.p__Ascomycota.g__Lasiosphaeriaceae_gen_Incertae_sedis
107,OTU108,277,1,217,534,318,534,78,401,2.29e-111,100,p__Ascomycota,c__Eurotiomycetes,o__Onygenales,f__Gymnoascaceae,g__Gymnoascus,s__Gymnoascus_halophilus,Gymnoascus_halophilus,KP278210,SH1001457.09FU,reps,k__Fungi,OTU108.p__Ascomycota.g__Gymnoascus
108,OTU109,260,1,200,466,267,466,77,364,2.8e-100,99.5,p__Ascomycota,c__Sordariomycetes,o__Myrmecridiales,f__Myrmecridiaceae,g__Myrmecridium,s__Myrmecridium_schulzeri,Myrmecridium_schulzeri,KP968462,SH0980706.09FU,reps,k__Fungi,OTU109.p__Ascomycota.g__Myrmecridium
109,OTU110,266,1,191,446,241,433,72,195,3.98e-49,85.427,p__Ascomycota,c__Dothideomycetes,o__Mycosphaerellales,f__Teratosphaeriaceae,g__Teratosphaeriaceae_gen_Incertae_sedis,s__Teratosphaeriaceae_sp,Teratosphaeriaceae_sp,UDB05439366,SH1085510.09FU,reps,k__Fungi,OTU110.p__Ascomycota.g__Teratosphaeriaceae_gen_Incertae_sedis
110,OTU111,273,1,213,516,305,516,78,381,2.93e-105,99.061,p__Ascomycota,c__Dothideomycetes,o__Pleosporales,f__Pleosporaceae,g__Alternaria,s__Alternaria_chlamydospora,Alternaria_chlamydospora,KC584189,SH1301443.09FU,refs,k__Fungi,OTU111.p__Ascomycota.g__Alternaria
111,OTU112,358,321,356,758,510,545,10,67.6,1.24e-10,100,p__Basidiomycota,c__Agaricomycetes,o__Auriculariales,f__Auriculariales_fam_Incertae_sedis,g__Auriculariales_gen_Incertae_sedis,s__Auriculariales_sp,Auriculariales_sp,JQ272342,SH0954825.09FU,reps,k__Fungi,OTU112.p__Basidiomycota.g__Auriculariales_gen_Incertae_sedis
112,OTU113,315,1,255,602,349,602,81,453,7.12e-127,98.824,p__Basidiomycota,c__Agaricomycetes,o__Agaricales,f__Psathyrellaceae,g__Coprinopsis,s__Coprinopsis_villosa,Coprinopsis_villosa,HQ847031,SH1204412.09FU,refs,k__Fungi,OTU113.p__Basidiomycota.g__Coprinopsis
113,OTU114,354,317,352,758,510,545,10,67.6,1.23e-10,100,p__Basidiomycota,c__Agaricomycetes,o__Auriculariales,f__Auriculariales_fam_Incertae_sedis,g__Auriculariales_gen_Incertae_sedis,s__Auriculariales_sp,Auriculariales_sp,JQ272342,SH0954825.09FU,reps,k__Fungi,OTU114.p__Basidiomycota.g__Auriculariales_gen_Incertae_sedis
114,OTU115,261,1,201,483,283,483,77,372,1.68e-102,100,p__Ascomycota,c__Leotiomycetes,o__Thelebolales,f__Thelebolaceae,g__Thelebolaceae_gen_Incertae_sedis,s__Thelebolaceae_sp,Thelebolaceae_sp,MZ444071,SH0956573.09FU,reps,k__Fungi,OTU115.p__Ascomycota.g__Thelebolaceae_gen_Incertae_sedis
115,OTU116,269,1,209,521,313,521,78,387,6.2e-107,100,p__Ascomycota,c__Sordariomycetes,o__Xylariales,f__Apiosporaceae,g__Apiospora,s__Apiospora_jiangxiensis,Apiospora_jiangxiensis,KY494693,SH3754730.09FU,refs,k__Fungi,OTU116.p__Ascomycota.g__Apiospora
116,OTU117,374,327,372,1125,57,12,12,69.4,3.62e-11,93.478,p__Ascomycota,c__Sordariomycetes,o__Hypocreales,f__Nectriaceae,g__Fusarium,s__Fusarium_oxysporum,Fusarium_oxysporum,UDB041458,SH1099032.09FU,reps,k__Fungi,OTU117.p__Ascomycota.g__Fusarium
117,OTU118,270,1,225,516,292,516,83,411,3.69e-114,99.556,p__Ascomycota,c__Dothideomycetes,o__Pleosporales,f__Lentitheciaceae,g__Darksidea,s__Darksidea_epsilon,Darksidea_epsilon,KP183983,SH0906589.09FU,refs,k__Fungi,OTU118.p__Ascomycota.g__Darksidea
118,OTU119,319,1,258,594,337,594,81,438,2.02e-122,97.287,p__Basidiomycota,c__Agaricomycetes,o__Agaricales,f__Entolomataceae,g__Entoloma,s__Entoloma_sp,Entoloma_sp,UDB05325691,SH1260602.09FU,reps,k__Fungi,OTU119.p__Basidiomycota.g__Entoloma
119,OTU120,335,1,275,624,352,624,82,468,2.72e-131,97.455,p__Basidiomycota,c__Agaricomycetes,o__Agaricales,f__Agaricaceae,g__Coprinus,s__Coprinus_amphibius,Coprinus_amphibius,UDB035216,SH1896751.09FU,refs_singleton,k__Fungi,OTU120.p__Basidiomycota.g__Coprinus
120,OTU121,281,1,221,539,319,539,79,409,1.39e-113,100,p__Ascomycota,c__Sordariomycetes,o__Hypocreales,f__Hypocreaceae,g__Trichoderma,s__Trichoderma_turrialbense,Trichoderma_turrialbense,EU330945,SH0961471.09FU,refs,k__Fungi,OTU121.p__Ascomycota.g__Trichoderma
121,OTU122,300,1,181,473,266,442,60,265,3.39e-70,93.37,p__Ascomycota,c__Sordariomycetes,o__Coniochaetales,f__Coniochaetaceae,g__Lecythophora,s__Lecythophora_sp,Lecythophora_sp,UDB02757985,SH0905843.09FU,reps,k__Fungi,OTU122.p__Ascomycota.g__Lecythophora
122,OTU123,305,1,123,604,316,442,40,126,1.7e-28,85.156,p__Monoblepharomycota,c__Monoblepharomycota_cls_Incertae_sedis,o__Monoblepharomycota_ord_Incertae_sedis,f__Monoblepharomycota_fam_Incertae_sedis,g__Monoblepharomycota_gen_Incertae_sedis,s__Monoblepharomycota_sp,Monoblepharomycota_sp,UDB04224970,SH1143690.09FU,reps,k__Fungi,OTU123.p__Monoblepharomycota.g__Monoblepharomycota_gen_Incertae_sedis
123,OTU124,362,323,360,758,508,545,10,65.8,4.53e-10,97.368,p__Basidiomycota,c__Agaricomycetes,o__Auriculariales,f__Auriculariales_fam_Incertae_sedis,g__Auriculariales_gen_Incertae_sedis,s__Auriculariales_sp,Auriculariales_sp,JQ272342,SH0954825.09FU,reps,k__Fungi,OTU124.p__Basidiomycota.g__Auriculariales_gen_Incertae_sedis
124,OTU125,271,1,210,452,244,452,77,370,6.29e-102,98.571,p__Ascomycota,c__Dothideomycetes,o__Pleosporales,f__Sporormiaceae,g__Preussia,s__Preussia_polymorpha,Preussia_polymorpha,UDB05231089,SH0921860.09FU,reps,k__Fungi,OTU125.p__Ascomycota.g__Preussia
125,OTU126,269,1,201,1223,1013,1214,75,344,3.78e-94,97.525,p__Ascomycota,c__Dothideomycetes,o__Pleosporales,f__Phaeosphaeriaceae,g__Phaeosphaeriaceae_gen_Incertae_sedis,s__Phaeosphaeriaceae_sp,Phaeosphaeriaceae_sp,UDB04501225,SH1098720.09FU,reps,k__Fungi,OTU126.p__Ascomycota.g__Phaeosphaeriaceae_gen_Incertae_sedis
126,OTU127,261,1,106,442,248,351,41,117,8.68e-26,86.916,p__Ascomycota,c__Dothideomycetes,o__Mycosphaerellales,f__Extremaceae,g__Extremaceae_gen_Incertae_sedis,s__Extremaceae_sp,Extremaceae_sp,UDB02020516,SH0996601.09FU,reps,k__Fungi,OTU127.p__Ascomycota.g__Extremaceae_gen_Incertae_sedis
127,OTU128,350,1,290,591,301,591,83,475,1.7e-133,96.246,p__Chytridiomycota,c__Chytridiomycota_cls_Incertae_sedis,o__Chytridiomycota_ord_Incertae_sedis,f__Chytridiomycota_fam_Incertae_sedis,g__Chytridiomycota_gen_Incertae_sedis,s__Chytridiomycota_sp,Chytridiomycota_sp,UDB02301958,SH1280750.09FU,reps,k__Fungi,OTU128.p__Chytridiomycota.g__Chytridiomycota_gen_Incertae_sedis
128,OTU129,284,1,223,437,214,437,79,335,2.42e-91,93.75,p__Basidiomycota,c__Tremellomycetes,o__Tremellales,f__Trimorphomycetaceae,g__Saitozyma,s__Saitozyma_sp,Saitozyma_sp,UDB06393731,SH0998093.09FU,reps,k__Fungi,OTU129.p__Basidiomycota.g__Saitozyma
129,OTU130,324,1,264,561,298,561,81,477,4.35e-134,99.242,p__Basidiomycota,c__Agaricomycetes,o__Agaricales,f__Tricholomataceae,g__Tricholomataceae_gen_Incertae_sedis,s__Tricholomataceae_sp,Tricholomataceae_sp,MW812542,SH1201792.09FU,reps,k__Fungi,OTU130.p__Basidiomycota.g__Tricholomataceae_gen_Incertae_sedis
130,OTU131,296,1,235,517,283,517,79,418,2.43e-116,98.723,p__Ascomycota,c__Sordariomycetes,o__Hypocreales,f__Bionectriaceae,g__Bionectriaceae_gen_Incertae_sedis,s__Bionectriaceae_sp,Bionectriaceae_sp,UDB01523013,SH0885385.09FU,reps,k__Fungi,OTU131.p__Ascomycota.g__Bionectriaceae_gen_Incertae_sedis
131,OTU132,289,1,229,477,249,477,79,424,5.08e-118,100,p__Ascomycota,c__Sordariomycetes,o__Glomerellales,f__Plectosphaerellaceae,g__Lectera,s__Lectera_nordwiniana,Lectera_nordwiniana,MK047461,SH1694896.09FU,refs,k__Fungi,OTU132.p__Ascomycota.g__Lectera
132,OTU133,320,1,261,500,240,500,82,444,4.36e-124,97.318,p__Basidiomycota,c__Cystobasidiomycetes,o__Cystobasidiales,f__Cystobasidiaceae,g__Occultifur,s__Occultifur_kilbournensis,Occultifur_kilbournensis,KP413162,SH1223398.09FU,refs,k__Fungi,OTU133.p__Basidiomycota.g__Occultifur
133,OTU134,235,1,175,385,211,385,74,324,4.24e-88,100,p__Basidiomycota,c__Tremellomycetes,o__Tremellales,f__Bulleribasidiaceae,g__Hannaella,s__Hannaella_sinensis,Hannaella_sinensis,AF444468,SH1003194.09FU,refs,k__Fungi,OTU134.p__Basidiomycota.g__Hannaella
134,OTU135,285,1,225,490,266,490,79,416,8.42e-116,100,p__Ascomycota,c__Sordariomycetes,o__Hypocreales,f__Hypocreales_fam_Incertae_sedis,g__Emericellopsis,s__Emericellopsis_atlantica,Emericellopsis_atlantica,OL539742,SH4257231.09FU,refs,k__Fungi,OTU135.p__Ascomycota.g__Emericellopsis
135,OTU136,276,1,216,425,210,425,78,399,8.19e-111,100,p__Basidiomycota,c__Tremellomycetes,o__Tremellales,f__Trimorphomycetaceae,g__Saitozyma,s__Saitozyma_podzolica,Saitozyma_podzolica,AF444321,SH1003748.09FU,refs,k__Fungi,OTU136.p__Basidiomycota.g__Saitozyma
136,OTU137,297,1,236,486,251,486,79,436,6.72e-122,100,p__Ascomycota,c__Sordariomycetes,o__Glomerellales,f__Plectosphaerellaceae,g__Stachylidium,s__Stachylidium_bicolor,Stachylidium_bicolor,MF803164,SH0929089.09FU,refs,k__Fungi,OTU137.p__Ascomycota.g__Stachylidium
137,OTU138,343,304,341,758,507,545,11,65.8,4.27e-10,97.436,p__Basidiomycota,c__Agaricomycetes,o__Auriculariales,f__Auriculariales_fam_Incertae_sedis,g__Auriculariales_gen_Incertae_sedis,s__Auriculariales_sp,Auriculariales_sp,JQ272342,SH0954825.09FU,reps,k__Fungi,OTU138.p__Basidiomycota.g__Auriculariales_gen_Incertae_sedis
138,OTU139,299,1,238,544,308,544,80,383,8.95e-106,95.798,p__Ascomycota,c__Sordariomycetes,o__Microascales,f__Halosphaeriaceae,g__Natantispora,s__Natantispora_sp,Natantispora_sp,UDB01910976,SH1145169.09FU,reps,k__Fungi,OTU139.p__Ascomycota.g__Natantispora
139,OTU140,333,286,331,1125,57,12,14,69.4,3.2e-11,93.478,p__Ascomycota,c__Sordariomycetes,o__Hypocreales,f__Nectriaceae,g__Fusarium,s__Fusarium_oxysporum,Fusarium_oxysporum,UDB041458,SH1099032.09FU,reps,k__Fungi,OTU140.p__Ascomycota.g__Fusarium
140,OTU141,378,331,376,1125,57,12,12,69.4,3.67e-11,93.478,p__Ascomycota,c__Sordariomycetes,o__Hypocreales,f__Nectriaceae,g__Fusarium,s__Fusarium_oxysporum,Fusarium_oxysporum,UDB041458,SH1099032.09FU,reps,k__Fungi,OTU141.p__Ascomycota.g__Fusarium
141,OTU142,265,1,204,463,260,463,77,366,7.94e-101,99.02,p__Ascomycota,c__Sordariomycetes,o__Sordariales,f__Sordariales_fam_Incertae_sedis,g__Sordariales_gen_Incertae_sedis,s__Sordariales_sp,Sordariales_sp,UDB02732378,SH1003244.09FU,reps,k__Fungi,OTU142.p__Ascomycota.g__Sordariales_gen_Incertae_sedis
142,OTU143,298,1,237,496,260,496,80,433,8.73e-121,99.578,p__Ascomycota,c__Sordariomycetes,o__Glomerellales,f__Plectosphaerellaceae,g__Plectosphaerellaceae_gen_Incertae_sedis,s__Plectosphaerellaceae_sp,Plectosphaerellaceae_sp,UDB04978078,SH0941063.09FU,reps,k__Fungi,OTU143.p__Ascomycota.g__Plectosphaerellaceae_gen_Incertae_sedis
143,OTU144,298,1,237,512,276,512,80,438,1.88e-122,100,p__Ascomycota,c__Dothideomycetes,o__Pleosporales,f__Pleosporales_fam_Incertae_sedis,g__Pseudorobillarda,s__Pseudorobillarda_phragmitis,Pseudorobillarda_phragmitis,UDB05381778,SH0945254.09FU,reps,k__Fungi,OTU144.p__Ascomycota.g__Pseudorobillarda
144,OTU145,360,1,299,907,608,907,83,492,1.74e-138,96.333,p__Chytridiomycota,c__Spizellomycetes,o__Spizellomycetales,f__Spizellomycetales_fam_Incertae_sedis,g__Spizellomycetales_gen_Incertae_sedis,s__Spizellomycetales_sp,Spizellomycetales_sp,UDB07388785,SH1100244.09FU,reps,k__Fungi,OTU145.p__Chytridiomycota.g__Spizellomycetales_gen_Incertae_sedis
145,OTU146,286,1,246,613,367,613,86,438,1.8e-122,98.79,p__Ascomycota,c__Sordariomycetes,o__Hypocreales,f__Hypocreaceae,g__Trichoderma,s__Trichoderma_asperellum,Trichoderma_asperellum,KU317838,SH0961641.09FU,reps,k__Fungi,OTU146.p__Ascomycota.g__Trichoderma
146,OTU147,257,1,197,475,280,475,77,357,4.62e-98,99.492,p__Ascomycota,c__Dothideomycetes,o__Pleosporales,f__Phaeosphaeriaceae,g__Paraphoma,s__Paraphoma_pye,Paraphoma_pye,KU999073,SH1486945.09FU,refs,k__Fungi,OTU147.p__Ascomycota.g__Paraphoma
147,OTU148,307,1,196,389,171,365,64,244,4.53e-64,89.34,p__Ascomycota,c__Sordariomycetes,o__Sordariales,f__Chaetomiaceae,g__Chaetomium,s__Chaetomium_globosum,Chaetomium_globosum,FJ791145,SH0881564.09FU,reps,k__Fungi,OTU148.p__Ascomycota.g__Chaetomium
148,OTU149,359,312,357,1125,57,12,13,69.4,3.47e-11,93.478,p__Ascomycota,c__Sordariomycetes,o__Hypocreales,f__Nectriaceae,g__Fusarium,s__Fusarium_oxysporum,Fusarium_oxysporum,UDB041458,SH1099032.09FU,reps,k__Fungi,OTU149.p__Ascomycota.g__Fusarium
149,OTU150,261,1,200,418,220,418,77,340,4.73e-93,97.5,p__Ascomycota,c__Sordariomycetes,o__Sordariales,f__Chaetomiaceae,g__Chaetomium,s__Chaetomium_sp,Chaetomium_sp,UDB01743793,SH1045442.09FU,reps,k__Fungi,OTU150.p__Ascomycota.g__Chaetomium
150,OTU151,287,1,238,481,242,481,83,403,6.61e-112,97.083,p__Ascomycota,c__Pezizomycetes,o__Pezizales,f__Pezizales_fam_Incertae_sedis,g__Pezizales_gen_Incertae_sedis,s__Pezizales_sp,Pezizales_sp,KU325002,SH0919370.09FU,reps,k__Fungi,OTU151.p__Ascomycota.g__Pezizales_gen_Incertae_sedis
151,OTU152,347,300,345,1125,57,12,13,69.4,3.34e-11,93.478,p__Ascomycota,c__Sordariomycetes,o__Hypocreales,f__Nectriaceae,g__Fusarium,s__Fusarium_oxysporum,Fusarium_oxysporum,UDB041458,SH1099032.09FU,reps,k__Fungi,OTU152.p__Ascomycota.g__Fusarium
152,OTU153,346,1,285,541,257,541,82,494,4.64e-139,97.895,p__Chytridiomycota,c__Rhizophydiomycetes,o__Rhizophydiales,f__Alphamycetaceae,g__Betamyces,s__Betamyces_sp,Betamyces_sp,UDB01509828,SH0903505.09FU,reps,k__Fungi,OTU153.p__Chytridiomycota.g__Betamyces
153,OTU154,273,1,212,495,284,495,78,392,1.35e-108,100,p__Ascomycota,c__Ascomycota_cls_Incertae_sedis,o__Ascomycota_ord_Incertae_sedis,f__Ascomycota_fam_Incertae_sedis,g__Ascomycota_gen_Incertae_sedis,s__Ascomycota_sp,Ascomycota_sp,EU818698,SH1288455.09FU,reps,k__Fungi,OTU154.p__Ascomycota.g__Ascomycota_gen_Incertae_sedis
154,OTU155,271,1,211,482,272,482,78,368,2.26e-101,98.104,p__Ascomycota,c__Sordariomycetes,o__Xylariales,f__Xylariales_fam_Incertae_sedis,g__Xylariales_gen_Incertae_sedis,s__Xylariales_sp,Xylariales_sp,HM998754,SH0921524.09FU,reps,k__Fungi,OTU155.p__Ascomycota.g__Xylariales_gen_Incertae_sedis
155,OTU156,264,1,217,452,236,452,82,340,4.79e-93,94.931,p__Ascomycota,c__Eurotiomycetes,o__Chaetothyriales,f__Herpotrichiellaceae,g__Phialophora,s__Phialophora_cyclaminis,Phialophora_cyclaminis,HQ713776,SH0994584.09FU,refs,k__Fungi,OTU156.p__Ascomycota.g__Phialophora
156,OTU157,327,1,267,522,257,522,82,315,3.65e-85,88.104,p__Chytridiomycota,c__Rhizophydiomycetes,o__Rhizophydiales,f__Halomycetaceae,g__Ulkenomyces,s__Ulkenomyces_aestuarii,Ulkenomyces_aestuarii,DQ485676,SH1144252.09FU,reps,k__Fungi,OTU157.p__Chytridiomycota.g__Ulkenomyces
157,OTU158,391,1,64,755,326,389,16,119,3.72e-26,100,p__Basidiomycota,c__Tremellomycetes,o__Tremellomycetes_ord_Incertae_sedis,f__Tremellomycetes_fam_Incertae_sedis,g__Tremellomycetes_gen_Incertae_sedis,s__Tremellomycetes_sp,Tremellomycetes_sp,UDB06411540,SH1180303.09FU,reps,k__Fungi,OTU158.p__Basidiomycota.g__Tremellomycetes_gen_Incertae_sedis
158,OTU159,339,1,242,593,316,554,71,394,4.74e-109,96.296,p__Basidiomycota,c__Basidiomycota_cls_Incertae_sedis,o__Basidiomycota_ord_Incertae_sedis,f__Basidiomycota_fam_Incertae_sedis,g__Basidiomycota_gen_Incertae_sedis,s__Basidiomycota_sp,Basidiomycota_sp,UDB02169572,SH1278625.09FU,reps,k__Fungi,OTU159.p__Basidiomycota.g__Basidiomycota_gen_Incertae_sedis
159,OTU160,276,1,230,492,264,491,83,407,4.89e-113,98.696,p__Fungi_phy_Incertae_sedis,c__Fungi_cls_Incertae_sedis,o__Fungi_ord_Incertae_sedis,f__Fungi_fam_Incertae_sedis,g__Fungi_gen_Incertae_sedis,s__Fungi_sp,Fungi_sp,MG725816,SH1259145.09FU,reps,k__Fungi,OTU160.p__Fungi_phy_Incertae_sedis.g__Fungi_gen_Incertae_sedis
160,OTU161,314,1,157,560,314,465,50,135,2.92e-31,83.019,p__Basidiomycota,c__Agaricomycetes,o__Agaricales,f__Agaricales_fam_Incertae_sedis,g__Agaricales_gen_Incertae_sedis,s__Agaricales_sp,Agaricales_sp,UDB0896472,SH1144703.09FU,reps,k__Fungi,OTU161.p__Basidiomycota.g__Agaricales_gen_Incertae_sedis
161,OTU162,306,1,245,474,232,474,80,418,2.52e-116,97.551,p__Ascomycota,c__Ascomycota_cls_Incertae_sedis,o__Ascomycota_ord_Incertae_sedis,f__Ascomycota_fam_Incertae_sedis,g__Ascomycota_gen_Incertae_sedis,s__Ascomycota_sp,Ascomycota_sp,UDB0548023,SH1202554.09FU,reps,k__Fungi,OTU162.p__Ascomycota.g__Ascomycota_gen_Incertae_sedis
162,OTU163,289,1,225,465,241,460,78,311,4.13e-84,92.07,p__Ascomycota,c__Sordariomycetes,o__Hypocreales,f__Hypocreales_fam_Incertae_sedis,g__Hypocreales_gen_Incertae_sedis,s__Hypocreales_sp,Hypocreales_sp,UDB03565761,SH1000780.09FU,reps,k__Fungi,OTU163.p__Ascomycota.g__Hypocreales_gen_Incertae_sedis
163,OTU164,321,273,319,1125,58,12,15,71.3,8.55e-12,93.617,p__Ascomycota,c__Sordariomycetes,o__Hypocreales,f__Nectriaceae,g__Fusarium,s__Fusarium_oxysporum,Fusarium_oxysporum,UDB041458,SH1099032.09FU,reps,k__Fungi,OTU164.p__Ascomycota.g__Fusarium
164,OTU165,256,1,196,437,242,437,77,329,1e-89,96.939,p__Basidiomycota,c__Tremellomycetes,o__Tremellales,f__Bulleribasidiaceae,g__Vishniacozyma,s__Vishniacozyma_foliicola,Vishniacozyma_foliicola,AY557600,SH2787855.09FU,refs,k__Fungi,OTU165.p__Basidiomycota.g__Vishniacozyma
165,OTU166,260,1,199,466,268,466,77,363,1.01e-99,99.497,p__Ascomycota,c__Ascomycota_cls_Incertae_sedis,o__Ascomycota_ord_Incertae_sedis,f__Ascomycota_fam_Incertae_sedis,g__Ascomycota_gen_Incertae_sedis,s__Ascomycota_sp,Ascomycota_sp,UDB01838442,SH0980677.09FU,reps,k__Fungi,OTU166.p__Ascomycota.g__Ascomycota_gen_Incertae_sedis
166,OTU167,335,1,275,531,257,531,82,508,1.6e-143,100,p__Basidiomycota,c__Tremellomycetes,o__Cystofilobasidiales,f__Mrakiaceae,g__Tausonia,s__Tausonia_pullulans,Tausonia_pullulans,AF444417,SH1071204.09FU,refs,k__Fungi,OTU167.p__Basidiomycota.g__Tausonia
167,OTU168,284,1,233,513,282,513,82,424,5.01e-118,99.571,p__Ascomycota,c__Dothideomycetes,o__Pleosporales,f__Pleosporaceae,g__Bipolaris,s__Bipolaris_eleusines,Bipolaris_eleusines,AF081451,SH2164983.09FU,refs,k__Fungi,OTU168.p__Ascomycota.g__Bipolaris
168,OTU169,300,1,240,527,288,527,80,444,4.06e-124,100,p__Ascomycota,c__Sordariomycetes,o__Microascales,f__Microascaceae,g__Microascus,s__Microascus_alveolaris,Microascus_alveolaris,KX923829,SH1681795.09FU,refs,k__Fungi,OTU169.p__Ascomycota.g__Microascus
169,OTU170,300,1,239,540,302,540,80,436,6.8e-122,99.582,p__Ascomycota,c__Eurotiomycetes,o__Chaetothyriales,f__Cyphellophoraceae,g__Cyphellophora,s__Cyphellophora_fusarioides,Cyphellophora_fusarioides,UDB04511500,SH1233330.09FU,reps,k__Fungi,OTU170.p__Ascomycota.g__Cyphellophora
170,OTU171,362,1,53,750,423,475,15,87.9,9.66e-17,96.226,p__Mucoromycota,c__Endogonomycetes,o__Endogonomycetes_ord_Incertae_sedis,f__Endogonomycetes_fam_Incertae_sedis,g__Endogonomycetes_gen_Incertae_sedis,s__Endogonomycetes_sp,Endogonomycetes_sp,UDB05311503,SH1112697.09FU,reps,k__Fungi,OTU171.p__Mucoromycota.g__Endogonomycetes_gen_Incertae_sedis
171,OTU172,280,1,218,504,287,504,78,398,2.99e-110,99.541,p__Ascomycota,c__Eurotiomycetes,o__Eurotiales,f__Aspergillaceae,g__Talaromyces,s__Talaromyces_assiutensis,Talaromyces_assiutensis,MH861122,SH1388556.09FU,refs,k__Fungi,OTU172.p__Ascomycota.g__Talaromyces
172,OTU173,319,1,259,632,374,632,81,479,1.19e-134,100,p__Basidiomycota,c__Agaricomycetes,o__Agaricales,f__Psathyrellaceae,g__Coprinellus,s__Coprinellus_flocculosus,Coprinellus_flocculosus,UDB011849,SH1198982.09FU,refs,k__Fungi,OTU173.p__Basidiomycota.g__Coprinellus
173,OTU174,272,1,212,479,268,479,78,392,1.35e-108,100,p__Ascomycota,c__Dothideomycetes,o__Pleosporales,f__Pleosporales_fam_Incertae_sedis,g__Aaosphaeria,s__Aaosphaeria_arxii,Aaosphaeria_arxii,MH872962,SH0929427.09FU,refs,k__Fungi,OTU174.p__Ascomycota.g__Aaosphaeria
174,OTU175,377,1,316,659,344,659,84,568,2.96e-161,99.051,p__Mortierellomycota,c__Mortierellomycetes,o__Mortierellales,f__Mortierellaceae,g__Mortierellaceae_gen_Incertae_sedis,s__Mortierellaceae_sp,Mortierellaceae_sp,UDB04945518,SH1196661.09FU,reps,k__Fungi,OTU175.p__Mortierellomycota.g__Mortierellaceae_gen_Incertae_sedis
175,OTU176,307,1,250,453,201,450,81,429,1.17e-119,97.619,p__Glomeromycota,c__Glomeromycetes,o__Glomerales,f__Glomeraceae,g__Glomeraceae_gen_Incertae_sedis,s__Glomeraceae_sp,Glomeraceae_sp,UDB03135808,SH0993336.09FU,reps,k__Fungi,OTU176.p__Glomeromycota.g__Glomeraceae_gen_Incertae_sedis
176,OTU177,367,1,307,562,256,562,84,568,2.87e-161,100,p__Mortierellomycota,c__Mortierellomycetes,o__Mortierellales,f__Mortierellaceae,g__Mortierella,s__Mortierella_rishikesha,Mortierella_rishikesha,HQ630308,SH1038451.09FU,refs,k__Fungi,OTU177.p__Mortierellomycota.g__Mortierella
177,OTU178,265,1,204,444,241,444,77,366,7.94e-101,99.02,p__Ascomycota,c__Dothideomycetes,o__Pleosporales,f__Phaeosphaeriaceae,g__Parastagonospora,s__Parastagonospora_sp,Parastagonospora_sp,UDB03695851,SH0942262.09FU,reps,k__Fungi,OTU178.p__Ascomycota.g__Parastagonospora
178,OTU179,274,1,195,497,287,479,71,315,3.03e-85,95.897,p__Ascomycota,c__Sordariomycetes,o__Sordariales,f__Sordariales_fam_Incertae_sedis,g__Sordariales_gen_Incertae_sedis,s__Sordariales_sp,Sordariales_sp,UDB07334722,SH0969597.09FU,reps,k__Fungi,OTU179.p__Ascomycota.g__Sordariales_gen_Incertae_sedis
179,OTU180,275,1,215,508,294,508,78,383,8.21e-106,98.605,p__Ascomycota,c__Dothideomycetes,o__Pleosporales,f__Didymosphaeriaceae,g__Didymosphaeriaceae_gen_Incertae_sedis,s__Didymosphaeriaceae_sp,Didymosphaeriaceae_sp,MH128316,SH0949262.09FU,reps,k__Fungi,OTU180.p__Ascomycota.g__Didymosphaeriaceae_gen_Incertae_sedis
180,OTU181,267,1,207,480,274,480,78,366,8.01e-101,98.551,p__Ascomycota,c__Sordariomycetes,o__Trichosphaeriales,f__Trichosphaeriaceae,g__Nigrospora,s__Nigrospora_aurantiaca,Nigrospora_aurantiaca,KX986064,SH1528022.09FU,refs,k__Fungi,OTU181.p__Ascomycota.g__Nigrospora
181,OTU182,371,335,369,758,511,545,9,65.8,4.65e-10,100,p__Basidiomycota,c__Agaricomycetes,o__Auriculariales,f__Auriculariales_fam_Incertae_sedis,g__Auriculariales_gen_Incertae_sedis,s__Auriculariales_sp,Auriculariales_sp,JQ272342,SH0954825.09FU,reps,k__Fungi,OTU182.p__Basidiomycota.g__Auriculariales_gen_Incertae_sedis
182,OTU183,287,1,225,1501,1276,1501,78,411,3.95e-114,99.558,p__Ascomycota,c__Dothideomycetes,o__Pleosporales,f__Delitschiaceae,g__Delitschiaceae_gen_Incertae_sedis,s__Delitschiaceae_sp,Delitschiaceae_sp,UDB05065936,SH1332245.09FU,reps,k__Fungi,OTU183.p__Ascomycota.g__Delitschiaceae_gen_Incertae_sedis
183,OTU184,359,1,298,687,390,687,83,545,1.31e-154,99.664,p__Chytridiomycota,c__Spizellomycetes,o__Spizellomycetales,f__Powellomycetaceae,g__Fimicolochytrium,s__Fimicolochytrium_sp,Fimicolochytrium_sp,UDB02044775,SH1159087.09FU,reps,k__Fungi,OTU184.p__Chytridiomycota.g__Fimicolochytrium
184,OTU185,321,1,261,602,342,602,81,440,5.66e-123,96.935,p__Basidiomycota,c__Agaricomycetes,o__Agaricales,f__Psathyrellaceae,g__Coprinopsis,s__Coprinopsis_afronivea,Coprinopsis_afronivea,KX017208,SH1217835.09FU,refs,k__Fungi,OTU185.p__Basidiomycota.g__Coprinopsis
185,OTU186,276,1,216,475,260,475,78,399,8.19e-111,100,p__Ascomycota,c__Sordariomycetes,o__Hypocreales,f__Ophiocordycipitaceae,g__Purpureocillium,s__Purpureocillium_lilacinum,Purpureocillium_lilacinum,FR734101,SH1268988.09FU,refs,k__Fungi,OTU186.p__Ascomycota.g__Purpureocillium
186,OTU187,235,1,174,384,211,384,74,322,1.53e-87,100,p__Fungi_phy_Incertae_sedis,c__Fungi_cls_Incertae_sedis,o__Fungi_ord_Incertae_sedis,f__Fungi_fam_Incertae_sedis,g__Fungi_gen_Incertae_sedis,s__Fungi_sp,Fungi_sp,UDB03260192,SH1003234.09FU,reps,k__Fungi,OTU187.p__Fungi_phy_Incertae_sedis.g__Fungi_gen_Incertae_sedis
187,OTU188,266,1,206,448,243,448,77,381,2.85e-105,100,p__Ascomycota,c__Dothideomycetes,o__Pleosporales,f__Cucurbitariaceae,g__Pyrenochaetopsis,s__Pyrenochaetopsis_confluens,Pyrenochaetopsis_confluens,LT592950,SH0994499.09FU,refs,k__Fungi,OTU188.p__Ascomycota.g__Pyrenochaetopsis
188,OTU189,276,1,216,471,256,471,78,394,3.81e-109,99.537,p__Ascomycota,c__Sordariomycetes,o__Hypocreales,f__Nectriaceae,g__Fusicolla,s__Fusicolla_aquaeductuum,Fusicolla_aquaeductuum,KM231823,SH1239877.09FU,refs,k__Fungi,OTU189.p__Ascomycota.g__Fusicolla
189,OTU190,360,1,299,636,338,636,83,547,3.67e-155,99.666,p__Chytridiomycota,c__Rhizophlyctidomycetes,o__Rhizophlyctidales,f__Rhizophlyctidaceae,g__Rhizophlyctis,s__Rhizophlyctis_rosea,Rhizophlyctis_rosea,AY997078,SH1204085.09FU,reps,k__Fungi,OTU190.p__Chytridiomycota.g__Rhizophlyctis
190,OTU191,270,1,210,459,251,459,78,375,1.35e-103,99.048,p__Ascomycota,c__Dothideomycetes,o__Pleosporales,f__Didymellaceae,g__Neoascochyta,s__Neoascochyta_triticicola,Neoascochyta_triticicola,GU237887,SH2738016.09FU,refs,k__Fungi,OTU191.p__Ascomycota.g__Neoascochyta
191,OTU192,307,1,246,473,233,473,80,399,9.14e-111,96.356,p__Basidiomycota,c__Agaricomycetes,o__Agaricales,f__Agaricales_fam_Incertae_sedis,g__Agaricales_gen_Incertae_sedis,s__Agaricales_sp,Agaricales_sp,UDB0911808,SH1102436.09FU,reps,k__Fungi,OTU192.p__Basidiomycota.g__Agaricales_gen_Incertae_sedis
192,OTU193,266,1,205,451,246,451,77,329,1.05e-89,95.631,p__Ascomycota,c__Dothideomycetes,o__Pleosporales,f__Sporormiaceae,g__Sporormiaceae_gen_Incertae_sedis,s__Sporormiaceae_sp,Sporormiaceae_sp,UDB07557748,SH1085454.09FU,reps,k__Fungi,OTU193.p__Ascomycota.g__Sporormiaceae_gen_Incertae_sedis
193,OTU194,263,1,203,419,217,419,77,364,2.83e-100,99.015,p__Ascomycota,c__Sordariomycetes,o__Sordariales,f__Chaetomiaceae,g__Zopfiella,s__Zopfiella_sp,Zopfiella_sp,MW709893,SH0994668.09FU,reps,k__Fungi,OTU194.p__Ascomycota.g__Zopfiella
194,OTU195,320,1,260,517,262,517,81,412,1.23e-114,95.385,p__Basidiomycota,c__Agaricomycetes,o__Polyporales,f__Irpicaceae,g__Irpex,s__Irpex_lenis,Irpex_lenis,MZ636992,SH1142671.09FU,refs,k__Fungi,OTU195.p__Basidiomycota.g__Irpex
195,OTU196,271,1,210,457,249,457,77,370,6.29e-102,98.571,p__Ascomycota,c__Dothideomycetes,o__Pleosporales,f__Sporormiaceae,g__Preussia,s__Preussia_sp,Preussia_sp,UDB05230285,SH1085488.09FU,reps,k__Fungi,OTU196.p__Ascomycota.g__Preussia
196,OTU197,275,1,215,468,255,468,78,385,2.28e-106,99.07,p__Ascomycota,c__Dothideomycetes,o__Pleosporales,f__Pleosporales_fam_Incertae_sedis,g__Pleosporales_gen_Incertae_sedis,s__Pleosporales_sp,Pleosporales_sp,UDB04282492,SH0949708.09FU,reps,k__Fungi,OTU197.p__Ascomycota.g__Pleosporales_gen_Incertae_sedis
197,OTU198,280,1,216,489,270,485,77,366,8.44e-101,97.235,p__Ascomycota,c__Sordariomycetes,o__Hypocreales,f__Bionectriaceae,g__Valsonectria,s__Valsonectria_portsmouthensis,Valsonectria_portsmouthensis,OK664742,SH1505137.09FU,refs_singleton,k__Fungi,OTU198.p__Ascomycota.g__Valsonectria
198,OTU199,286,1,226,495,270,495,79,407,5.09e-113,99.115,p__Ascomycota,c__Sordariomycetes,o__Xylariales,f__Xylariaceae,g__Ascotricha,s__Ascotricha_lusitanica,Ascotricha_lusitanica,KF893289,SH2558145.09FU,refs_singleton,k__Fungi,OTU199.p__Ascomycota.g__Ascotricha
199,OTU200,289,1,215,478,267,465,74,200,9.32e-51,84.722,p__Basidiomycota,c__Exobasidiomycetes,o__Exobasidiales,f__Exobasidiales_fam_Incertae_sedis,g__Exobasidiales_gen_Incertae_sedis,s__Exobasidiales_sp,Exobasidiales_sp,UDB01957495,SH1176570.09FU,reps,k__Fungi,OTU200.p__Basidiomycota.g__Exobasidiales_gen_Incertae_sedis
200,OTU201,288,1,227,496,267,493,79,420,6.58e-117,100,p__Ascomycota,c__Sordariomycetes,o__Hypocreales,f__Hypocreales_fam_Incertae_sedis,g__Acremonium,s__Acremonium_persicinum,Acremonium_persicinum,AB540575,SH0885442.09FU,refs,k__Fungi,OTU201.p__Ascomycota.g__Acremonium
201,OTU202,419,1,358,608,251,608,85,656,0,99.721,p__Mortierellomycota,c__Mortierellomycetes,o__Mortierellales,f__Mortierellaceae,g__Mortierella,s__Mortierella_sp,Mortierella_sp,UDB04844896,SH1196060.09FU,reps,k__Fungi,OTU202.p__Mortierellomycota.g__Mortierella
202,OTU203,261,1,201,464,264,464,77,366,7.81e-101,99.502,p__Ascomycota,c__Leotiomycetes,o__Helotiales,f__Calloriaceae,g__Populomyces,s__Populomyces_zwinianus,Populomyces_zwinianus,MW883444,SH1239743.09FU,refs,k__Fungi,OTU203.p__Ascomycota.g__Populomyces
203,OTU204,283,1,222,492,271,492,78,411,3.89e-114,100,p__Ascomycota,c__Sordariomycetes,o__Hypocreales,f__Hypocreales_fam_Incertae_sedis,g__Sarocladium,s__Sarocladium_sp,Sarocladium_sp,UDB06555035,SH0913364.09FU,reps,k__Fungi,OTU204.p__Ascomycota.g__Sarocladium
204,OTU205,327,280,325,1125,57,12,14,69.4,3.14e-11,93.478,p__Ascomycota,c__Sordariomycetes,o__Hypocreales,f__Nectriaceae,g__Fusarium,s__Fusarium_oxysporum,Fusarium_oxysporum,UDB041458,SH1099032.09FU,reps,k__Fungi,OTU205.p__Ascomycota.g__Fusarium
205,OTU206,288,1,248,498,252,498,86,429,1.09e-119,97.984,p__Ascomycota,c__Sordariomycetes,o__Magnaporthales,f__Magnaporthaceae,g__Magnaporthiopsis,s__Magnaporthiopsis_panicorum,Magnaporthiopsis_panicorum,KF689643,SH0933382.09FU,refs,k__Fungi,OTU206.p__Ascomycota.g__Magnaporthiopsis
206,OTU207,297,1,236,488,259,488,79,348,3.24e-95,93.644,p__Basidiomycota,c__Agaricomycetes,o__Agaricomycetes_ord_Incertae_sedis,f__Agaricomycetes_fam_Incertae_sedis,g__Agaricomycetes_gen_Incertae_sedis,s__Agaricomycetes_sp,Agaricomycetes_sp,UDB0939736,SH0971221.09FU,reps,k__Fungi,OTU207.p__Basidiomycota.g__Agaricomycetes_gen_Incertae_sedis
207,OTU208,287,1,227,480,255,480,79,412,1.1e-114,99.559,p__Ascomycota,c__Sordariomycetes,o__Hypocreales,f__Hypocreales_fam_Incertae_sedis,g__Hapsidospora,s__Hapsidospora_irregularis,Hapsidospora_irregularis,UDB035118,SH0945041.09FU,refs,k__Fungi,OTU208.p__Ascomycota.g__Hapsidospora
208,OTU209,353,306,351,1125,57,12,13,69.4,3.41e-11,93.478,p__Ascomycota,c__Sordariomycetes,o__Hypocreales,f__Nectriaceae,g__Fusarium,s__Fusarium_oxysporum,Fusarium_oxysporum,UDB041458,SH1099032.09FU,reps,k__Fungi,OTU209.p__Ascomycota.g__Fusarium
209,OTU210,291,1,230,504,275,504,79,398,3.1e-110,97.826,p__Ascomycota,c__Pezizomycetes,o__Pezizales,f__Pezizales_fam_Incertae_sedis,g__Pezizales_gen_Incertae_sedis,s__Pezizales_sp,Pezizales_sp,UDB05753251,SH0941668.09FU,reps,k__Fungi,OTU210.p__Ascomycota.g__Pezizales_gen_Incertae_sedis
210,OTU211,269,1,208,455,248,455,77,379,1.04e-104,99.519,p__Ascomycota,c__Sordariomycetes,o__Sordariales,f__Podosporaceae,g__Podosporaceae_gen_Incertae_sedis,s__Podosporaceae_sp,Podosporaceae_sp,UDB05115676,SH1033715.09FU,reps,k__Fungi,OTU211.p__Ascomycota.g__Podosporaceae_gen_Incertae_sedis
211,OTU212,260,1,199,478,280,478,77,368,2.16e-101,100,p__Ascomycota,c__Leotiomycetes,o__Thelebolales,f__Pseudeurotiaceae,g__Pseudeurotiaceae_gen_Incertae_sedis,s__Pseudeurotiaceae_sp,Pseudeurotiaceae_sp,UDB05275964,SH0956529.09FU,reps,k__Fungi,OTU212.p__Ascomycota.g__Pseudeurotiaceae_gen_Incertae_sedis
212,OTU213,273,1,212,455,244,455,78,370,6.34e-102,98.113,p__Ascomycota,c__Dothideomycetes,o__Pleosporales,f__Phaeosphaeriaceae,g__Phaeosphaeria,s__Phaeosphaeria_sp,Phaeosphaeria_sp,UDB04497629,SH0993022.09FU,reps,k__Fungi,OTU213.p__Ascomycota.g__Phaeosphaeria
213,OTU214,354,1,294,666,373,666,83,544,4.66e-154,100,p__Basidiomycota,c__Agaricomycetes,o__Agaricales,f__Nidulariaceae,g__Cyathus,s__Cyathus_stercoreus,Cyathus_stercoreus,EU784193,SH0886369.09FU,refs,k__Fungi,OTU214.p__Basidiomycota.g__Cyathus
214,OTU215,286,1,225,469,245,469,79,416,8.45e-116,100,p__Ascomycota,c__Sordariomycetes,o__Glomerellales,f__Plectosphaerellaceae,g__Chordomyces,s__Chordomyces_antarcticus,Chordomyces_antarcticus,KJ443241,SH1451459.09FU,refs,k__Fungi,OTU215.p__Ascomycota.g__Chordomyces
215,OTU216,282,1,222,478,257,478,79,399,8.38e-111,99.099,p__Ascomycota,c__Sordariomycetes,o__Microascales,f__Microascaceae,g__Enterocarpus,s__Enterocarpus_grenotii,Enterocarpus_grenotii,MH861153,SH0936422.09FU,refs,k__Fungi,OTU216.p__Ascomycota.g__Enterocarpus
216,OTU217,362,1,301,644,346,644,83,494,4.87e-139,96.346,p__Chytridiomycota,c__Rhizophlyctidomycetes,o__Rhizophlyctidales,f__Rhizophlyctidaceae,g__Rhizophlyctis,s__Rhizophlyctis_sp,Rhizophlyctis_sp,UDB06409612,SH1202761.09FU,reps,k__Fungi,OTU217.p__Chytridiomycota.g__Rhizophlyctis
217,OTU218,270,1,209,467,259,467,77,364,2.92e-100,98.086,p__Ascomycota,c__Sordariomycetes,o__Xylariales,f__Microdochiaceae,g__Idriella,s__Idriella_sp,Idriella_sp,UDB03588569,SH0991152.09FU,reps,k__Fungi,OTU218.p__Ascomycota.g__Idriella
218,OTU219,344,1,284,630,349,630,83,512,1.27e-144,99.296,p__Basidiomycota,c__Agaricomycetes,o__Agaricales,f__Typhulaceae,g__Typhula,s__Typhula_sp,Typhula_sp,AF193390,SH1267411.09FU,reps,k__Fungi,OTU219.p__Basidiomycota.g__Typhula
219,OTU220,263,1,203,456,254,456,77,364,2.83e-100,99.015,p__Ascomycota,c__Dothideomycetes,o__Pleosporales,f__Pleosporales_fam_Incertae_sedis,g__Pleosporales_gen_Incertae_sedis,s__Pleosporales_sp,Pleosporales_sp,HM162090,SH1009332.09FU,reps,k__Fungi,OTU220.p__Ascomycota.g__Pleosporales_gen_Incertae_sedis
220,OTU221,391,1,330,651,321,650,84,610,5.04e-174,100,p__Basidiomycota,c__Agaricomycetes,o__Agaricales,f__Agaricales_fam_Incertae_sedis,g__Agaricales_gen_Incertae_sedis,s__Agaricales_sp,Agaricales_sp,OM522625,SH1076007.09FU,reps,k__Fungi,OTU221.p__Basidiomycota.g__Agaricales_gen_Incertae_sedis
221,OTU222,333,1,278,621,340,621,83,374,6.05e-103,90.78,p__Ascomycota,c__Leotiomycetes,o__Erysiphales,f__Erysiphaceae,g__Blumeria,s__Blumeria_graminis,Blumeria_graminis,MT462296,SH1234330.09FU,reps,k__Fungi,OTU222.p__Ascomycota.g__Blumeria
222,OTU223,262,1,202,445,244,445,77,374,4.69e-103,100,p__Ascomycota,c__Dothideomycetes,o__Pleosporales,f__Didymellaceae,g__Epicoccum,s__Epicoccum_mnesitheae,Epicoccum_mnesitheae,OK442372,SH2739583.09FU,refs,k__Fungi,OTU223.p__Ascomycota.g__Epicoccum
223,OTU224,387,1,326,972,647,972,84,592,1.8e-168,99.387,p__Chytridiomycota,c__Chytridiomycota_cls_Incertae_sedis,o__Chytridiomycota_ord_Incertae_sedis,f__Chytridiomycota_fam_Incertae_sedis,g__Chytridiomycota_gen_Incertae_sedis,s__Chytridiomycota_sp,Chytridiomycota_sp,UDB02274897,SH1009110.09FU,reps,k__Fungi,OTU224.p__Chytridiomycota.g__Chytridiomycota_gen_Incertae_sedis
224,OTU225,293,1,232,484,253,484,79,407,5.19e-113,98.276,p__Chytridiomycota,c__Chytridiomycetes,o__Chytridiales,f__Chytridiales_fam_Incertae_sedis,g__Chytridiales_gen_Incertae_sedis,s__Chytridiales_sp,Chytridiales_sp,UDB02248772,SH0973877.09FU,reps,k__Fungi,OTU225.p__Chytridiomycota.g__Chytridiales_gen_Incertae_sedis
225,OTU227,283,1,222,493,269,493,78,379,1.1e-104,97.333,p__Ascomycota,c__Sordariomycetes,o__Hypocreales,f__Stachybotryaceae,g__Stachybotryaceae_gen_Incertae_sedis,s__Stachybotryaceae_sp,Stachybotryaceae_sp,UDB05227047,SH1074217.09FU,reps,k__Fungi,OTU227.p__Ascomycota.g__Stachybotryaceae_gen_Incertae_sedis
226,OTU228,331,1,270,487,213,487,82,204,8.35e-52,80.783,p__Aphelidiomycota,c__Aphelidiomycota_cls_Incertae_sedis,o__Aphelidiomycota_ord_Incertae_sedis,f__Aphelidiomycota_fam_Incertae_sedis,g__Aphelidiomycota_gen_Incertae_sedis,s__Aphelidiomycota_sp,Aphelidiomycota_sp,UDB01170806,SH1101595.09FU,reps,k__Fungi,OTU228.p__Aphelidiomycota.g__Aphelidiomycota_gen_Incertae_sedis
227,OTU230,366,1,306,564,258,564,84,532,1.04e-150,98.046,p__Mortierellomycota,c__Mortierellomycetes,o__Mortierellales,f__Mortierellaceae,g__Linnemannia,s__Linnemannia_gamsii,Linnemannia_gamsii,HQ630340,SH2972051.09FU,refs,k__Fungi,OTU230.p__Mortierellomycota.g__Linnemannia
228,OTU231,306,1,253,537,286,537,83,449,8.92e-126,98.814,p__Ascomycota,c__Sordariomycetes,o__Hypocreales,f__Niessliaceae,g__Niesslia,s__Niesslia_curvisetosa,Niesslia_curvisetosa,MH862499,SH1290943.09FU,refs,k__Fungi,OTU231.p__Ascomycota.g__Niesslia
229,OTU232,265,1,221,484,264,484,83,381,2.84e-105,97.738,p__Ascomycota,c__Sordariomycetes,o__Sordariales,f__Podosporaceae,g__Triangularia,s__Triangularia_longicaudata,Triangularia_longicaudata,MH857710,SH0945474.09FU,refs,k__Fungi,OTU232.p__Ascomycota.g__Triangularia
230,OTU233,262,1,201,433,233,433,77,355,1.7e-97,98.507,p__Ascomycota,c__Sordariomycetes,o__Sordariales,f__Sordariales_fam_Incertae_sedis,g__Sordariales_gen_Incertae_sedis,s__Sordariales_sp,Sordariales_sp,UDB07331078,SH0997555.09FU,reps,k__Fungi,OTU233.p__Ascomycota.g__Sordariales_gen_Incertae_sedis
231,OTU234,284,1,224,438,215,438,79,414,3.02e-115,100,p__Basidiomycota,c__Tremellomycetes,o__Trichosporonales,f__Trichosporonaceae,g__Cutaneotrichosporon,s__Cutaneotrichosporon_curvatum,Cutaneotrichosporon_curvatum,AF410467,SH1712668.09FU,refs,k__Fungi,OTU234.p__Basidiomycota.g__Cutaneotrichosporon
232,OTU235,289,1,229,522,296,522,79,377,4.01e-104,96.507,p__Ascomycota,c__Eurotiomycetes,o__Chaetothyriales,f__Trichomeriaceae,g__Brycekendrickomyces,s__Brycekendrickomyces_acaciae,Brycekendrickomyces_acaciae,FJ839606,SH1110689.09FU,refs,k__Fungi,OTU235.p__Ascomycota.g__Brycekendrickomyces
233,OTU236,341,1,280,499,221,499,82,449,1e-125,95.745,p__Glomeromycota,c__Glomeromycetes,o__Glomerales,f__Glomeraceae,g__Septoglomus,s__Septoglomus_sp,Septoglomus_sp,UDB06941781,SH0939991.09FU,reps,k__Fungi,OTU236.p__Glomeromycota.g__Septoglomus
234,OTU237,345,298,343,1125,57,12,13,69.4,3.32e-11,93.478,p__Ascomycota,c__Sordariomycetes,o__Hypocreales,f__Nectriaceae,g__Fusarium,s__Fusarium_oxysporum,Fusarium_oxysporum,UDB041458,SH1099032.09FU,reps,k__Fungi,OTU237.p__Ascomycota.g__Fusarium
235,OTU238,346,1,285,570,286,570,82,505,2.14e-142,98.596,p__Basidiomycota,c__Agaricomycetes,o__Cantharellales,f__Ceratobasidiaceae,g__Ceratobasidium,s__Ceratobasidium_sp,Ceratobasidium_sp,UDB01688991,SH1040724.09FU,reps,k__Fungi,OTU238.p__Basidiomycota.g__Ceratobasidium
236,OTU239,281,1,198,498,285,481,70,303,6.73e-82,94.444,p__Ascomycota,c__Sordariomycetes,o__Sordariales,f__Chaetomiaceae,g__Chaetomium,s__Chaetomium_globosum,Chaetomium_globosum,MT920575,SH0881857.09FU,reps,k__Fungi,OTU239.p__Ascomycota.g__Chaetomium
237,OTU240,365,1,304,654,351,654,83,562,1.33e-159,100,p__Chytridiomycota,c__Rhizophlyctidomycetes,o__Rhizophlyctidales,f__Rhizophlyctidaceae,g__Rhizophlyctis,s__Rhizophlyctis_sp,Rhizophlyctis_sp,UDB06425419,SH1202743.09FU,reps,k__Fungi,OTU240.p__Chytridiomycota.g__Rhizophlyctis
238,OTU241,309,1,245,515,268,512,79,453,6.97e-127,100,p__Basidiomycota,c__Agaricomycetes,o__Auriculariales,f__Auriculariales_fam_Incertae_sedis,g__Auriculariales_gen_Incertae_sedis,s__Auriculariales_sp,Auriculariales_sp,UDB01470299,SH1090683.09FU,reps,k__Fungi,OTU241.p__Basidiomycota.g__Auriculariales_gen_Incertae_sedis
239,OTU242,302,246,300,1125,66,12,18,69.4,2.88e-11,89.091,p__Ascomycota,c__Sordariomycetes,o__Hypocreales,f__Nectriaceae,g__Fusarium,s__Fusarium_oxysporum,Fusarium_oxysporum,UDB041458,SH1099032.09FU,reps,k__Fungi,OTU242.p__Ascomycota.g__Fusarium
240,OTU243,262,1,209,481,272,481,80,370,6.06e-102,98.571,p__Ascomycota,c__Leotiomycetes,o__Thelebolales,f__Pseudeurotiaceae,g__Pseudeurotium,s__Pseudeurotium_desertorum,Pseudeurotium_desertorum,MH860636,SH1478243.09FU,refs,k__Fungi,OTU243.p__Ascomycota.g__Pseudeurotium
241,OTU244,297,1,251,631,382,631,85,457,5.16e-128,99.602,p__Ascomycota,c__Dothideomycetes,o__Venturiales,f__Sympoventuriaceae,g__Ochroconis,s__Ochroconis_helicteris,Ochroconis_helicteris,MK014833,SH0949422.09FU,refs,k__Fungi,OTU244.p__Ascomycota.g__Ochroconis
242,OTU245,269,1,209,490,282,490,78,387,6.2e-107,100,p__Ascomycota,c__Sordariomycetes,o__Sordariales,f__Chaetomiaceae,g__Chaetomium,s__Chaetomium_globosum,Chaetomium_globosum,KT214565,SH2143447.09FU,refs,k__Fungi,OTU245.p__Ascomycota.g__Chaetomium
243,OTU246,269,1,209,517,309,517,78,370,6.24e-102,98.565,p__Ascomycota,c__Dothideomycetes,o__Pleosporales,f__Didymosphaeriaceae,g__Pseudopithomyces,s__Pseudopithomyces_angolensis,Pseudopithomyces_angolensis,MK047427,SH4257743.09FU,refs_singleton,k__Fungi,OTU246.p__Ascomycota.g__Pseudopithomyces
244,OTU247,323,1,263,592,331,592,81,462,1.22e-129,98.479,p__Basidiomycota,c__Agaricomycetes,o__Agaricales,f__Bolbitiaceae,g__Panaeolus,s__Panaeolus_sp,Panaeolus_sp,MZ016063,SH1136654.09FU,reps,k__Fungi,OTU247.p__Basidiomycota.g__Panaeolus
245,OTU248,349,1,288,665,378,665,83,455,2.21e-127,95.189,p__Basidiomycota,c__Agaricomycetes,o__Agaricales,f__Stephanosporaceae,g__Lindtneria,s__Lindtneria_sp,Lindtneria_sp,UDB03087383,SH1168632.09FU,reps,k__Fungi,OTU248.p__Basidiomycota.g__Lindtneria
246,OTU249,270,1,192,504,296,487,71,327,3.83e-89,97.396,p__Ascomycota,c__Eurotiomycetes,o__Eurotiales,f__Trichocomaceae,g__Trichocomaceae_gen_Incertae_sedis,s__Trichocomaceae_sp,Trichocomaceae_sp,UDB06459825,SH0906929.09FU,reps,k__Fungi,OTU249.p__Ascomycota.g__Trichocomaceae_gen_Incertae_sedis
247,OTU250,267,1,206,478,274,478,77,363,1.04e-99,98.544,p__Ascomycota,c__Sordariomycetes,o__Sordariales,f__Sordariales_fam_Incertae_sedis,g__Sordariales_gen_Incertae_sedis,s__Sordariales_sp,Sordariales_sp,UDB05094821,SH0962352.09FU,reps,k__Fungi,OTU250.p__Ascomycota.g__Sordariales_gen_Incertae_sedis
248,OTU251,345,298,343,1125,57,12,13,69.4,3.32e-11,93.478,p__Ascomycota,c__Sordariomycetes,o__Hypocreales,f__Nectriaceae,g__Fusarium,s__Fusarium_oxysporum,Fusarium_oxysporum,UDB041458,SH1099032.09FU,reps,k__Fungi,OTU251.p__Ascomycota.g__Fusarium
249,OTU252,326,279,324,1125,57,12,14,69.4,3.13e-11,93.478,p__Ascomycota,c__Sordariomycetes,o__Hypocreales,f__Nectriaceae,g__Fusarium,s__Fusarium_oxysporum,Fusarium_oxysporum,UDB041458,SH1099032.09FU,reps,k__Fungi,OTU252.p__Ascomycota.g__Fusarium
250,OTU253,350,1,290,637,348,637,83,470,7.92e-132,95.862,p__Chytridiomycota,c__Spizellomycetes,o__Spizellomycetales,f__Powellomycetaceae,g__Fimicolochytrium,s__Fimicolochytrium_sp,Fimicolochytrium_sp,MT730804,SH1200284.09FU,reps,k__Fungi,OTU253.p__Chytridiomycota.g__Fimicolochytrium
251,OTU254,352,305,350,1125,57,12,13,69.4,3.4e-11,93.478,p__Ascomycota,c__Sordariomycetes,o__Hypocreales,f__Nectriaceae,g__Fusarium,s__Fusarium_oxysporum,Fusarium_oxysporum,UDB041458,SH1099032.09FU,reps,k__Fungi,OTU254.p__Ascomycota.g__Fusarium
252,OTU255,363,1,302,589,288,589,83,508,1.75e-143,97.039,p__Mortierellomycota,c__Mortierellomycetes,o__Mortierellales,f__Mortierellales_fam_Incertae_sedis,g__Mortierellales_gen_Incertae_sedis,s__Mortierellales_sp,Mortierellales_sp,UDB04948757,SH1249575.09FU,reps,k__Fungi,OTU255.p__Mortierellomycota.g__Mortierellales_gen_Incertae_sedis
253,OTU256,256,1,195,435,241,435,76,355,1.65e-97,99.487,p__Basidiomycota,c__Tremellomycetes,o__Tremellales,f__Tremellales_fam_Incertae_sedis,g__Tremellales_gen_Incertae_sedis,s__Tremellales_sp,Tremellales_sp,UDB07348569,SH0994193.09FU,reps,k__Fungi,OTU256.p__Basidiomycota.g__Tremellales_gen_Incertae_sedis
254,OTU257,312,1,239,530,290,519,77,272,2.12e-72,87.917,p__Ascomycota,c__Sordariomycetes,o__Microascales,f__Microascaceae,g__Acaulium,s__Acaulium_peruvianum,Acaulium_peruvianum,MN991959,SH1380087.09FU,refs_singleton,k__Fungi,OTU257.p__Ascomycota.g__Acaulium
255,OTU258,409,1,177,851,328,509,43,204,1.05e-51,87.363,p__Basidiomycota,c__Basidiomycota_cls_Incertae_sedis,o__Basidiomycota_ord_Incertae_sedis,f__Basidiomycota_fam_Incertae_sedis,g__Basidiomycota_gen_Incertae_sedis,s__Basidiomycota_sp,Basidiomycota_sp,UDB0951292,SH1183836.09FU,reps,k__Fungi,OTU258.p__Basidiomycota.g__Basidiomycota_gen_Incertae_sedis
256,OTU259,306,1,246,546,302,546,80,448,3.21e-125,99.593,p__Ascomycota,c__Sordariomycetes,o__Microascales,f__Microascaceae,g__Microascus,s__Microascus_brevicaulis,Microascus_brevicaulis,AJ853776,SH1070271.09FU,refs,k__Fungi,OTU259.p__Ascomycota.g__Microascus
257,OTU260,340,293,338,1125,57,12,14,69.4,3.27e-11,93.478,p__Ascomycota,c__Sordariomycetes,o__Hypocreales,f__Nectriaceae,g__Fusarium,s__Fusarium_oxysporum,Fusarium_oxysporum,UDB041458,SH1099032.09FU,reps,k__Fungi,OTU260.p__Ascomycota.g__Fusarium
258,OTU261,281,1,228,496,269,496,81,411,3.86e-114,99.123,p__Ascomycota,c__Eurotiomycetes,o__Onygenales,f__Arachnomycetaceae,g__Arachnomyces,s__Arachnomyces_pilosus,Arachnomyces_pilosus,KT155843,SH0953171.09FU,refs,k__Fungi,OTU261.p__Ascomycota.g__Arachnomyces
259,OTU262,266,1,206,457,252,457,77,370,6.16e-102,99.029,p__Ascomycota,c__Dothideomycetes,o__Pleosporales,f__Pleosporaceae,g__Edenia,s__Edenia_gomezpompae,Edenia_gomezpompae,FJ839619,SH1009330.09FU,refs,k__Fungi,OTU262.p__Ascomycota.g__Edenia
260,OTU263,264,1,203,432,230,432,77,370,6.11e-102,99.507,p__Ascomycota,c__Sordariomycetes,o__Sordariales,f__Chaetomiaceae,g__Chaetomiaceae_gen_Incertae_sedis,s__Chaetomiaceae_sp,Chaetomiaceae_sp,UDB01731267,SH0997486.09FU,reps,k__Fungi,OTU263.p__Ascomycota.g__Chaetomiaceae_gen_Incertae_sedis
261,OTU264,262,1,201,461,261,461,77,350,7.9e-96,98.01,p__Ascomycota,c__Sordariomycetes,o__Sordariales,f__Lasiosphaeriaceae,g__Lasiosphaeriaceae_gen_Incertae_sedis,s__Lasiosphaeriaceae_sp,Lasiosphaeriaceae_sp,UDB02715408,SH1094189.09FU,reps,k__Fungi,OTU264.p__Ascomycota.g__Lasiosphaeriaceae_gen_Incertae_sedis
262,OTU265,270,1,227,515,288,515,84,375,1.35e-103,96.491,p__Ascomycota,c__Dothideomycetes,o__Pleosporales,f__Sporormiaceae,g__Preussia,s__Preussia_sp,Preussia_sp,UDB0233068,SH0921779.09FU,reps,k__Fungi,OTU265.p__Ascomycota.g__Preussia
263,OTU266,297,1,237,487,251,487,80,433,8.7e-121,99.578,p__Ascomycota,c__Sordariomycetes,o__Melanosporales,f__Ceratostomataceae,g__Pteridiosperma,s__Pteridiosperma_ciliatum,Pteridiosperma_ciliatum,MH860865,SH2770335.09FU,refs,k__Fungi,OTU266.p__Ascomycota.g__Pteridiosperma
264,OTU267,379,1,318,612,295,612,84,582,1.06e-165,99.686,p__Mortierellomycota,c__Mortierellomycetes,o__Mortierellales,f__Mortierellaceae,g__Mortierella,s__Mortierella_capitata,Mortierella_capitata,UDB04916908,SH1213027.09FU,reps,k__Fungi,OTU267.p__Mortierellomycota.g__Mortierella
265,OTU268,290,1,228,493,265,493,79,372,1.87e-102,96.087,p__Ascomycota,c__Sordariomycetes,o__Sordariales,f__Sordariales_fam_Incertae_sedis,g__Sordariales_gen_Incertae_sedis,s__Sordariales_sp,Sordariales_sp,HQ649813,SH0970750.09FU,reps,k__Fungi,OTU268.p__Ascomycota.g__Sordariales_gen_Incertae_sedis
266,OTU269,312,256,310,1125,66,12,18,69.4,2.98e-11,89.091,p__Ascomycota,c__Sordariomycetes,o__Hypocreales,f__Nectriaceae,g__Fusarium,s__Fusarium_oxysporum,Fusarium_oxysporum,UDB041458,SH1099032.09FU,reps,k__Fungi,OTU269.p__Ascomycota.g__Fusarium
267,OTU270,320,1,280,535,256,535,88,479,1.19e-134,97.5,p__Basidiomycota,c__Microbotryomycetes,o__Sporidiobolales,f__Sporidiobolaceae,g__Sporobolomyces,s__Sporobolomyces_sp,Sporobolomyces_sp,MG471341,SH0882322.09FU,reps,k__Fungi,OTU270.p__Basidiomycota.g__Sporobolomyces
268,OTU271,309,1,252,453,201,452,82,427,4.22e-119,97.233,p__Glomeromycota,c__Glomeromycetes,o__Glomerales,f__Glomeraceae,g__Glomeraceae_gen_Incertae_sedis,s__Glomeraceae_sp,Glomeraceae_sp,UDB03135808,SH0993336.09FU,reps,k__Fungi,OTU271.p__Glomeromycota.g__Glomeraceae_gen_Incertae_sedis
269,OTU272,427,1,63,576,313,376,15,106,3.18e-22,96.875,p__Chytridiomycota,c__Rhizophydiomycetes,o__Rhizophydiales,f__Rhizophydiaceae,g__Rhizophydium,s__Rhizophydium_sp,Rhizophydium_sp,UDB06482339,SH1275308.09FU,reps,k__Fungi,OTU272.p__Chytridiomycota.g__Rhizophydium
270,OTU273,304,4,262,551,293,549,85,455,1.9e-127,98.462,p__Mucoromycota,c__Mucoromycetes,o__Mucorales,f__Rhizopodaceae,g__Rhizopus,s__Rhizopus_arrhizus,Rhizopus_arrhizus,MK087654,SH1193262.09FU,reps,k__Fungi,OTU273.p__Mucoromycota.g__Rhizopus
271,OTU274,283,1,223,489,267,489,79,412,1.08e-114,100,p__Ascomycota,c__Sordariomycetes,o__Hypocreales,f__Hypocreales_fam_Incertae_sedis,g__Sarocladium,s__Sarocladium_kiliense,Sarocladium_kiliense,FN691446,SH1402658.09FU,refs,k__Fungi,OTU274.p__Ascomycota.g__Sarocladium
272,OTU275,342,295,340,1125,57,12,13,69.4,3.29e-11,93.478,p__Ascomycota,c__Sordariomycetes,o__Hypocreales,f__Nectriaceae,g__Fusarium,s__Fusarium_oxysporum,Fusarium_oxysporum,UDB041458,SH1099032.09FU,reps,k__Fungi,OTU275.p__Ascomycota.g__Fusarium
273,OTU276,266,1,223,486,264,486,84,381,2.85e-105,97.309,p__Ascomycota,c__Sordariomycetes,o__Sordariales,f__Sordariales_fam_Incertae_sedis,g__Sordariales_gen_Incertae_sedis,s__Sordariales_sp,Sordariales_sp,MN417955,SH0965553.09FU,reps,k__Fungi,OTU276.p__Ascomycota.g__Sordariales_gen_Incertae_sedis
274,OTU277,288,1,224,490,268,488,78,327,4.11e-89,93.363,p__Ascomycota,c__Sordariomycetes,o__Hypocreales,f__Cordycipitaceae,g__Cordycipitaceae_gen_Incertae_sedis,s__Cordycipitaceae_sp,Cordycipitaceae_sp,UDB04201230,SH1146231.09FU,reps,k__Fungi,OTU277.p__Ascomycota.g__Cordycipitaceae_gen_Incertae_sedis
275,OTU278,265,1,205,498,294,498,77,379,1.02e-104,100,p__Ascomycota,c__Sordariomycetes,o__Sordariales,f__Sordariaceae,g__Neurospora,s__Neurospora_crassa,Neurospora_crassa,UDB035255,SH2147899.09FU,refs,k__Fungi,OTU278.p__Ascomycota.g__Neurospora
276,OTU279,355,318,353,758,510,545,10,67.6,1.23e-10,100,p__Basidiomycota,c__Agaricomycetes,o__Auriculariales,f__Auriculariales_fam_Incertae_sedis,g__Auriculariales_gen_Incertae_sedis,s__Auriculariales_sp,Auriculariales_sp,JQ272342,SH0954825.09FU,reps,k__Fungi,OTU279.p__Basidiomycota.g__Auriculariales_gen_Incertae_sedis
277,OTU280,279,1,219,459,241,459,78,405,1.78e-112,100,p__Ascomycota,c__Sordariomycetes,o__Hypocreales,f__Nectriaceae,g__Fusarium,s__Fusarium_tricinctum,Fusarium_tricinctum,AB587028,SH1079201.09FU,refs,k__Fungi,OTU280.p__Ascomycota.g__Fusarium
278,OTU281,299,1,227,515,282,502,76,342,1.52e-93,94.273,p__Ascomycota,c__Sordariomycetes,o__Hypocreales,f__Bionectriaceae,g__Bionectriaceae_gen_Incertae_sedis,s__Bionectriaceae_sp,Bionectriaceae_sp,UDB01523511,SH0885452.09FU,reps,k__Fungi,OTU281.p__Ascomycota.g__Bionectriaceae_gen_Incertae_sedis
279,OTU282,271,1,210,497,287,497,77,350,8.2e-96,96.682,p__Ascomycota,c__Sordariomycetes,o__Sordariales,f__Sordariales_fam_Incertae_sedis,g__Sordariales_gen_Incertae_sedis,s__Sordariales_sp,Sordariales_sp,UDB07334722,SH0969597.09FU,reps,k__Fungi,OTU282.p__Ascomycota.g__Sordariales_gen_Incertae_sedis
280,OTU283,271,1,218,467,251,467,80,390,4.83e-108,99.083,p__Ascomycota,c__Sordariomycetes,o__Sordariales,f__Podosporaceae,g__Podospora,s__Podospora_cochleariformis,Podospora_cochleariformis,HQ873335,SH0983429.09FU,reps,k__Fungi,OTU283.p__Ascomycota.g__Podospora
281,OTU284,353,1,113,600,319,431,32,148,4.25e-35,90.435,p__Fungi_phy_Incertae_sedis,c__Fungi_cls_Incertae_sedis,o__Fungi_ord_Incertae_sedis,f__Fungi_fam_Incertae_sedis,g__Fungi_gen_Incertae_sedis,s__Fungi_sp,Fungi_sp,UDB02106147,SH1278618.09FU,reps,k__Fungi,OTU284.p__Fungi_phy_Incertae_sedis.g__Fungi_gen_Incertae_sedis
282,OTU285,301,1,256,540,283,540,85,342,1.53e-93,90.875,p__Ascomycota,c__Sordariomycetes,o__Microascales,f__Microascaceae,g__Microascus,s__Microascus_cinereus,Microascus_cinereus,LM652397,SH1681953.09FU,refs,k__Fungi,OTU285.p__Ascomycota.g__Microascus
283,OTU286,273,1,212,461,250,461,78,364,2.95e-100,97.653,p__Ascomycota,c__Dothideomycetes,o__Pleosporales,f__Pleosporales_fam_Incertae_sedis,g__Pleosporales_gen_Incertae_sedis,s__Pleosporales_sp,Pleosporales_sp,UDB05013951,SH0999598.09FU,reps,k__Fungi,OTU286.p__Ascomycota.g__Pleosporales_gen_Incertae_sedis
284,OTU287,392,1,331,581,251,581,84,612,1.4e-174,100,p__Mortierellomycota,c__Mortierellomycetes,o__Mortierellales,f__Mortierellaceae,g__Mortierella,s__Mortierella_sp,Mortierella_sp,UDB04911009,SH1196052.09FU,reps,k__Fungi,OTU287.p__Mortierellomycota.g__Mortierella
285,OTU288,288,1,228,440,213,440,79,422,1.83e-117,100,p__Basidiomycota,c__Tremellomycetes,o__Tremellales,f__Rhynchogastremataceae,g__Papiliotrema,s__Papiliotrema_flavescens,Papiliotrema_flavescens,AB035046,SH1539345.09FU,refs,k__Fungi,OTU288.p__Basidiomycota.g__Papiliotrema
286,OTU289,256,1,196,433,238,433,77,363,9.89e-100,100,p__Basidiomycota,c__Tremellomycetes,o__Tremellales,f__Bulleribasidiaceae,g__Vishniacozyma,s__Vishniacozyma_tephrensis,Vishniacozyma_tephrensis,DQ000318,SH0994229.09FU,refs,k__Fungi,OTU289.p__Basidiomycota.g__Vishniacozyma
287,OTU290,347,1,286,593,308,593,82,523,5.94e-148,99.65,p__Basidiomycota,c__Agaricomycetes,o__Cantharellales,f__Ceratobasidiaceae,g__Ceratobasidiaceae_gen_Incertae_sedis,s__Ceratobasidiaceae_sp,Ceratobasidiaceae_sp,UDB05481319,SH1183415.09FU,reps,k__Fungi,OTU290.p__Basidiomycota.g__Ceratobasidiaceae_gen_Incertae_sedis
288,OTU292,309,1,249,513,264,513,81,455,1.94e-127,99.6,p__Ascomycota,c__Sordariomycetes,o__Microascales,f__Microascaceae,g__Wardomycopsis,s__Wardomycopsis_inopinata,Wardomycopsis_inopinata,LM652498,SH1083726.09FU,reps,k__Fungi,OTU292.p__Ascomycota.g__Wardomycopsis
289,OTU293,279,1,201,538,319,518,72,315,3.09e-85,95.05,p__Ascomycota,c__Eurotiomycetes,o__Chaetothyriales,f__Herpotrichiellaceae,g__Cladophialophora,s__Cladophialophora_sp,Cladophialophora_sp,UDB02842125,SH0889635.09FU,reps,k__Fungi,OTU293.p__Ascomycota.g__Cladophialophora
290,OTU294,320,1,260,537,278,537,81,481,3.32e-135,100,p__Basidiomycota,c__Exobasidiomycetes,o__Exobasidiales,f__Brachybasidiaceae,g__Meira,s__Meira_nashicola,Meira_nashicola,MT822720,SH0996634.09FU,reps,k__Fungi,OTU294.p__Basidiomycota.g__Meira
291,OTU295,403,1,342,753,411,753,85,593,5.24e-169,97.965,p__Chytridiomycota,c__Chytridiomycota_cls_Incertae_sedis,o__Chytridiomycota_ord_Incertae_sedis,f__Chytridiomycota_fam_Incertae_sedis,g__Chytridiomycota_gen_Incertae_sedis,s__Chytridiomycota_sp,Chytridiomycota_sp,UDB02302316,SH1236134.09FU,reps,k__Fungi,OTU295.p__Chytridiomycota.g__Chytridiomycota_gen_Incertae_sedis
292,OTU296,269,1,208,571,364,571,77,379,1.04e-104,99.519,p__Ascomycota,c__Dothideomycetes,o__Mycosphaerellales,f__Mycosphaerellaceae,g__Cercospora,s__Cercospora_sp,Cercospora_sp,UDB01701569,SH1169473.09FU,reps,k__Fungi,OTU296.p__Ascomycota.g__Cercospora
293,OTU297,269,1,225,480,256,480,84,377,3.73e-104,96.903,p__Ascomycota,c__Sordariomycetes,o__Trichosphaeriales,f__Trichosphaeriaceae,g__Nigrospora,s__Nigrospora_magnoliae,Nigrospora_magnoliae,MW285092,SH1528085.09FU,refs,k__Fungi,OTU297.p__Ascomycota.g__Nigrospora
294,OTU298,270,1,209,504,296,504,77,387,6.22e-107,100,p__Ascomycota,c__Pezizomycetes,o__Pezizales,f__Ascobolaceae,g__Ascobolus,s__Ascobolus_sp,Ascobolus_sp,UDB01324811,SH1309940.09FU,reps,k__Fungi,OTU298.p__Ascomycota.g__Ascobolus
295,OTU299,263,1,220,460,248,460,84,228,3.88e-59,85.909,p__Ascomycota,c__Dothideomycetes,o__Mycosphaerellales,f__Mycosphaerellaceae,g__Mycosphaerella,s__Mycosphaerella_sp,Mycosphaerella_sp,JX981509,SH0995183.09FU,reps,k__Fungi,OTU299.p__Ascomycota.g__Mycosphaerella
296,OTU300,270,1,205,487,282,487,76,351,2.27e-96,97.573,p__Ascomycota,c__Sordariomycetes,o__Sordariales,f__Chaetomiaceae,g__Chaetomium,s__Chaetomium_sp,Chaetomium_sp,KY463487,SH0881589.09FU,reps,k__Fungi,OTU300.p__Ascomycota.g__Chaetomium
297,OTU301,270,1,209,490,281,490,77,364,2.92e-100,98.095,p__Ascomycota,c__Dothideomycetes,o__Dothideomycetes_ord_Incertae_sedis,f__Dothideomycetes_fam_Incertae_sedis,g__Pseudoarthrographis,s__Pseudoarthrographis_sp,Pseudoarthrographis_sp,UDB05317676,SH1091584.09FU,reps,k__Fungi,OTU301.p__Ascomycota.g__Pseudoarthrographis
298,OTU302,274,1,214,511,299,511,78,372,1.77e-102,98.131,p__Ascomycota,c__Dothideomycetes,o__Pleosporales,f__Phaeosphaeriaceae,g__Didymocyrtis,s__Didymocyrtis_brachylaenae,Didymocyrtis_brachylaenae,MH327821,SH0942267.09FU,refs,k__Fungi,OTU302.p__Ascomycota.g__Didymocyrtis
299,OTU303,277,1,233,521,289,521,84,420,6.31e-117,99.142,p__Ascomycota,c__Sordariomycetes,o__Hypocreales,f__Stachybotryaceae,g__Achroiostachys,s__Achroiostachys_betulicola,Achroiostachys_betulicola,KU845792,SH1456468.09FU,refs,k__Fungi,OTU303.p__Ascomycota.g__Achroiostachys
300,OTU304,351,312,349,758,508,545,11,65.8,4.38e-10,97.368,p__Basidiomycota,c__Agaricomycetes,o__Auriculariales,f__Auriculariales_fam_Incertae_sedis,g__Auriculariales_gen_Incertae_sedis,s__Auriculariales_sp,Auriculariales_sp,JQ272342,SH0954825.09FU,reps,k__Fungi,OTU304.p__Basidiomycota.g__Auriculariales_gen_Incertae_sedis
301,OTU305,261,1,200,452,251,452,77,322,1.71e-87,95.545,p__Ascomycota,c__Sordariomycetes,o__Hypocreales,f__Hypocreales_fam_Incertae_sedis,g__Hypocreales_gen_Incertae_sedis,s__Hypocreales_sp,Hypocreales_sp,UDB03564835,SH1001291.09FU,reps,k__Fungi,OTU305.p__Ascomycota.g__Hypocreales_gen_Incertae_sedis
302,OTU306,336,1,275,517,241,517,82,472,2.11e-132,97.473,p__Ascomycota,c__Sordariomycetes,o__Lulworthiales,f__Lulworthiaceae,g__Lulworthiaceae_gen_Incertae_sedis,s__Lulworthiaceae_sp,Lulworthiaceae_sp,UDB03143098,SH0937556.09FU,reps,k__Fungi,OTU306.p__Ascomycota.g__Lulworthiaceae_gen_Incertae_sedis
303,OTU307,369,1,308,645,371,645,83,217,1.21e-55,81.23,p__Basidiomycota,c__Agaricomycetes,o__Agaricales,f__Typhulaceae,g__Typhula,s__Typhula_sp,Typhula_sp,UDB06917869,SH1010570.09FU,reps,k__Fungi,OTU307.p__Basidiomycota.g__Typhula
304,OTU308,321,1,261,506,246,506,81,472,2.01e-132,99.237,p__Glomeromycota,c__Glomeromycetes,o__Glomerales,f__Glomeraceae,g__Rhizophagus,s__Rhizophagus_irregularis,Rhizophagus_irregularis,OL449405,SH0984994.09FU,reps,k__Fungi,OTU308.p__Glomeromycota.g__Rhizophagus
305,OTU309,293,1,233,535,305,535,80,407,5.19e-113,98.283,p__Ascomycota,c__Dothideomycetes,o__Pleosporales,f__Pleosporaceae,g__Curvularia,s__Curvularia_intermedia,Curvularia_intermedia,HE861854,SH1224268.09FU,refs,k__Fungi,OTU309.p__Ascomycota.g__Curvularia
306,OTU310,287,1,227,465,239,465,79,409,1.42e-113,99.119,p__Ascomycota,c__Sordariomycetes,o__Hypocreales,f__Hypocreales_fam_Incertae_sedis,g__Hypocreales_gen_Incertae_sedis,s__Hypocreales_sp,Hypocreales_sp,KP968383,SH0913342.09FU,reps,k__Fungi,OTU310.p__Ascomycota.g__Hypocreales_gen_Incertae_sedis
307,OTU311,268,1,198,505,292,493,74,315,2.95e-85,95.05,p__Ascomycota,c__Sordariomycetes,o__Sordariales,f__Sordariales_fam_Incertae_sedis,g__Sordariales_gen_Incertae_sedis,s__Sordariales_sp,Sordariales_sp,UDB07326979,SH0881436.09FU,reps,k__Fungi,OTU311.p__Ascomycota.g__Sordariales_gen_Incertae_sedis
308,OTU312,381,1,65,650,369,431,17,102,3.65e-21,95.385,p__Chytridiomycota,c__Spizellomycetes,o__Spizellomycetales,f__Spizellomycetales_fam_Incertae_sedis,g__Spizellomycetales_gen_Incertae_sedis,s__Spizellomycetales_sp,Spizellomycetales_sp,UDB07389061,SH1208317.09FU,reps,k__Fungi,OTU312.p__Chytridiomycota.g__Spizellomycetales_gen_Incertae_sedis
309,OTU313,288,1,227,492,268,492,79,407,5.13e-113,99.119,p__Ascomycota,c__Sordariomycetes,o__Hypocreales,f__Stachybotryaceae,g__Alfaria,s__Alfaria_sp,Alfaria_sp,UDB0963515,SH1078468.09FU,reps,k__Fungi,OTU313.p__Ascomycota.g__Alfaria
310,OTU314,345,298,343,758,500,545,13,69.4,3.32e-11,93.478,p__Basidiomycota,c__Agaricomycetes,o__Auriculariales,f__Auriculariales_fam_Incertae_sedis,g__Auriculariales_gen_Incertae_sedis,s__Auriculariales_sp,Auriculariales_sp,JQ272342,SH0954825.09FU,reps,k__Fungi,OTU314.p__Basidiomycota.g__Auriculariales_gen_Incertae_sedis
311,OTU315,279,1,219,450,232,450,78,405,1.78e-112,100,p__Basidiomycota,c__Tremellomycetes,o__Tremellales,f__Trimorphomycetaceae,g__Carlosrosaea,s__Carlosrosaea_simaoensis,Carlosrosaea_simaoensis,MK050283,SH1883275.09FU,refs_singleton,k__Fungi,OTU315.p__Basidiomycota.g__Carlosrosaea
312,OTU316,318,1,257,611,355,611,81,453,7.19e-127,98.444,p__Basidiomycota,c__Agaricomycetes,o__Agaricales,f__Psathyrellaceae,g__Coprinellus,s__Coprinellus_radians,Coprinellus_radians,UDB04160428,SH1198987.09FU,reps,k__Fungi,OTU316.p__Basidiomycota.g__Coprinellus
313,OTU317,289,1,228,495,268,495,79,416,8.5e-116,99.561,p__Ascomycota,c__Sordariomycetes,o__Hypocreales,f__Hypocreales_fam_Incertae_sedis,g__Fusariella,s__Fusariella_hughesii,Fusariella_hughesii,UDB02179835,SH0885414.09FU,reps,k__Fungi,OTU317.p__Ascomycota.g__Fusariella
314,OTU318,422,1,363,692,330,692,86,671,0,100,p__Basidiomycota,c__Ustilaginomycetes,o__Ustilaginales,f__Ustilaginaceae,g__Moesziomyces,s__Moesziomyces_aphidis,Moesziomyces_aphidis,AF294699,SH1146193.09FU,refs,k__Fungi,OTU318.p__Basidiomycota.g__Moesziomyces
315,OTU319,400,1,339,593,255,593,85,627,5.12e-179,100,p__Mortierellomycota,c__Mortierellomycetes,o__Mortierellales,f__Mortierellaceae,g__Mortierella,s__Mortierella_sp,Mortierella_sp,UDB04949731,SH1276871.09FU,reps,k__Fungi,OTU319.p__Mortierellomycota.g__Mortierella
316,OTU320,300,1,239,520,283,520,80,435,2.44e-121,99.582,p__Ascomycota,c__Sordariomycetes,o__Hypocreales,f__Niessliaceae,g__Niesslia,s__Niesslia_sp,Niesslia_sp,UDB02241910,SH1290942.09FU,reps,k__Fungi,OTU320.p__Ascomycota.g__Niesslia
317,OTU321,348,1,287,544,259,544,82,501,2.79e-141,98.258,p__Chytridiomycota,c__Rhizophydiomycetes,o__Rhizophydiales,f__Alphamycetaceae,g__Betamyces,s__Betamyces_sp,Betamyces_sp,UDB01509769,SH0903506.09FU,reps,k__Fungi,OTU321.p__Chytridiomycota.g__Betamyces
318,OTU322,274,1,213,450,239,450,78,359,1.38e-98,97.183,p__Ascomycota,c__Sordariomycetes,o__Hypocreales,f__Hypocreales_fam_Incertae_sedis,g__Hypocreales_gen_Incertae_sedis,s__Hypocreales_sp,Hypocreales_sp,UDB03569449,SH0945052.09FU,reps,k__Fungi,OTU322.p__Ascomycota.g__Hypocreales_gen_Incertae_sedis
319,OTU323,277,1,216,457,242,457,78,388,1.78e-107,99.074,p__Ascomycota,c__Sordariomycetes,o__Sordariomycetes_ord_Incertae_sedis,f__Sordariomycetes_fam_Incertae_sedis,g__Sordariomycetes_gen_Incertae_sedis,s__Sordariomycetes_sp,Sordariomycetes_sp,UDB07349445,SH1021172.09FU,reps,k__Fungi,OTU323.p__Ascomycota.g__Sordariomycetes_gen_Incertae_sedis
320,OTU324,261,1,201,539,339,539,77,372,1.68e-102,100,p__Ascomycota,c__Ascomycota_cls_Incertae_sedis,o__Ascomycota_ord_Incertae_sedis,f__Ascomycota_fam_Incertae_sedis,g__Ascomycota_gen_Incertae_sedis,s__Ascomycota_sp,Ascomycota_sp,MK407859,SH1277406.09FU,reps,k__Fungi,OTU324.p__Ascomycota.g__Ascomycota_gen_Incertae_sedis
321,OTU325,147,1,139,500,412,274,95,252,1.18e-66,99.281,p__Ascomycota,c__Pezizomycetes,o__Pezizales,f__Ascobolaceae,g__Ascobolus,s__Ascobolus_sp,Ascobolus_sp,UDB01324779,SH1309828.09FU,reps,k__Fungi,OTU325.p__Ascomycota.g__Ascobolus
322,OTU326,339,1,278,877,602,877,82,329,1.35e-89,88.256,p__Chytridiomycota,c__Spizellomycetes,o__Spizellomycetales,f__Spizellomycetales_fam_Incertae_sedis,g__Spizellomycetales_gen_Incertae_sedis,s__Spizellomycetales_sp,Spizellomycetales_sp,UDB07392311,SH1015944.09FU,reps,k__Fungi,OTU326.p__Chytridiomycota.g__Spizellomycetales_gen_Incertae_sedis
323,OTU327,306,1,245,542,295,542,80,433,8.98e-121,98.387,p__Ascomycota,c__Ascomycota_cls_Incertae_sedis,o__Ascomycota_ord_Incertae_sedis,f__Ascomycota_fam_Incertae_sedis,g__Ascomycota_gen_Incertae_sedis,s__Ascomycota_sp,Ascomycota_sp,UDB04142976,SH1070260.09FU,reps,k__Fungi,OTU327.p__Ascomycota.g__Ascomycota_gen_Incertae_sedis
324,OTU328,371,332,369,758,508,545,10,71.3,9.99e-12,100,p__Basidiomycota,c__Agaricomycetes,o__Auriculariales,f__Auriculariales_fam_Incertae_sedis,g__Auriculariales_gen_Incertae_sedis,s__Auriculariales_sp,Auriculariales_sp,JQ272342,SH0954825.09FU,reps,k__Fungi,OTU328.p__Basidiomycota.g__Auriculariales_gen_Incertae_sedis
325,OTU329,366,327,364,758,507,545,10,65.8,4.58e-10,97.436,p__Basidiomycota,c__Agaricomycetes,o__Auriculariales,f__Auriculariales_fam_Incertae_sedis,g__Auriculariales_gen_Incertae_sedis,s__Auriculariales_sp,Auriculariales_sp,JQ272342,SH0954825.09FU,reps,k__Fungi,OTU329.p__Basidiomycota.g__Auriculariales_gen_Incertae_sedis
326,OTU330,383,1,63,566,302,364,16,111,6.09e-24,98.413,p__Ascomycota,c__Ascomycota_cls_Incertae_sedis,o__Ascomycota_ord_Incertae_sedis,f__Ascomycota_fam_Incertae_sedis,g__Ascomycota_gen_Incertae_sedis,s__Ascomycota_sp,Ascomycota_sp,UDB01399752,SH0896786.09FU,reps,k__Fungi,OTU330.p__Ascomycota.g__Ascomycota_gen_Incertae_sedis
327,OTU331,314,1,261,537,278,537,83,464,3.28e-130,98.851,p__Ascomycota,c__Sordariomycetes,o__Microascales,f__Microascaceae,g__Pseudallescheria,s__Pseudallescheria_boydii,Pseudallescheria_boydii,HQ185335,SH2540297.09FU,refs,k__Fungi,OTU331.p__Ascomycota.g__Pseudallescheria
328,OTU332,342,303,340,758,508,545,11,65.8,4.26e-10,97.368,p__Basidiomycota,c__Agaricomycetes,o__Auriculariales,f__Auriculariales_fam_Incertae_sedis,g__Auriculariales_gen_Incertae_sedis,s__Auriculariales_sp,Auriculariales_sp,JQ272342,SH0954825.09FU,reps,k__Fungi,OTU332.p__Basidiomycota.g__Auriculariales_gen_Incertae_sedis
329,OTU333,319,1,259,618,359,618,81,473,5.54e-133,99.615,p__Basidiomycota,c__Agaricomycetes,o__Agaricales,f__Psathyrellaceae,g__Coprinopsis,s__Coprinopsis_urticicola,Coprinopsis_urticicola,AM901940,SH1204426.09FU,reps,k__Fungi,OTU333.p__Basidiomycota.g__Coprinopsis
330,OTU334,313,1,253,459,208,459,81,438,1.98e-122,98.024,p__Glomeromycota,c__Glomeromycetes,o__Glomerales,f__Glomeraceae,g__Glomeraceae_gen_Incertae_sedis,s__Glomeraceae_sp,Glomeraceae_sp,UDB03131927,SH0993289.09FU,reps,k__Fungi,OTU334.p__Glomeromycota.g__Glomeraceae_gen_Incertae_sedis
331,OTU335,350,1,289,1088,800,1088,83,529,1.29e-149,99.654,p__Chytridiomycota,c__Spizellomycetes,o__Spizellomycetales,f__Spizellomycetales_fam_Incertae_sedis,g__Spizellomycetales_gen_Incertae_sedis,s__Spizellomycetales_sp,Spizellomycetales_sp,UDB07387936,SH1146621.09FU,reps,k__Fungi,OTU335.p__Chytridiomycota.g__Spizellomycetales_gen_Incertae_sedis
332,OTU336,291,1,231,489,265,489,79,327,4.13e-89,92.672,p__Ascomycota,c__Sordariomycetes,o__Hypocreales,f__Hypocreales_fam_Incertae_sedis,g__Acremonium,s__Acremonium_sp,Acremonium_sp,MG250390,SH0971612.09FU,reps,k__Fungi,OTU336.p__Ascomycota.g__Acremonium
333,OTU337,327,1,266,617,353,617,81,473,5.69e-133,98.872,p__Basidiomycota,c__Agaricomycetes,o__Agaricales,f__Psathyrellaceae,g__Parasola,s__Parasola_lilatincta,Parasola_lilatincta,UDB03692820,SH1213204.09FU,reps,k__Fungi,OTU337.p__Basidiomycota.g__Parasola
334,OTU338,306,1,245,520,275,520,80,425,1.5e-118,97.967,p__Ascomycota,c__Sordariomycetes,o__Microascales,f__Halosphaeriaceae,g__Halosphaeriaceae_gen_Incertae_sedis,s__Halosphaeriaceae_sp,Halosphaeriaceae_sp,UDB03251508,SH1121200.09FU,reps,k__Fungi,OTU338.p__Ascomycota.g__Halosphaeriaceae_gen_Incertae_sedis
335,OTU339,284,1,223,486,264,486,79,401,2.35e-111,99.103,p__Ascomycota,c__Sordariomycetes,o__Hypocreales,f__Bionectriaceae,g__Bionectriaceae_gen_Incertae_sedis,s__Bionectriaceae_sp,Bionectriaceae_sp,UDB03922481,SH1077278.09FU,reps,k__Fungi,OTU339.p__Ascomycota.g__Bionectriaceae_gen_Incertae_sedis
336,OTU340,268,1,208,562,355,562,78,385,2.22e-106,100,p__Ascomycota,c__Sordariomycetes,o__Xylariales,f__Apiosporaceae,g__Apiosporaceae_gen_Incertae_sedis,s__Apiosporaceae_sp,Apiosporaceae_sp,KP050630,SH1216820.09FU,reps,k__Fungi,OTU340.p__Ascomycota.g__Apiosporaceae_gen_Incertae_sedis
337,OTU341,291,1,227,466,238,464,78,403,6.67e-112,98.678,p__Ascomycota,c__Sordariomycetes,o__Hypocreales,f__Clavicipitaceae,g__Metarhizium,s__Metarhizium_lepidiotae,Metarhizium_lepidiotae,UDB03956637,SH0901222.09FU,reps,k__Fungi,OTU341.p__Ascomycota.g__Metarhizium
338,OTU342,364,1,303,647,344,647,83,549,1.03e-155,99.342,p__Chytridiomycota,c__Rhizophlyctidomycetes,o__Rhizophlyctidales,f__Rhizophlyctidaceae,g__Rhizophlyctis,s__Rhizophlyctis_sp,Rhizophlyctis_sp,UDB06432686,SH1202745.09FU,reps,k__Fungi,OTU342.p__Chytridiomycota.g__Rhizophlyctis
339,OTU343,333,1,201,773,499,699,60,178,5.09e-44,82.843,p__Chytridiomycota,c__Spizellomycetes,o__Spizellomycetales,f__Spizellomycetales_fam_Incertae_sedis,g__Spizellomycetales_gen_Incertae_sedis,s__Spizellomycetales_sp,Spizellomycetales_sp,UDB07390755,SH1217803.09FU,reps,k__Fungi,OTU343.p__Chytridiomycota.g__Spizellomycetales_gen_Incertae_sedis
340,OTU344,308,1,247,505,259,505,80,457,5.37e-128,100,p__Basidiomycota,c__Agaricomycetes,o__Auriculariales,f__Auriculariaceae,g__Auricularia,s__Auricularia_sp,Auricularia_sp,UDB01465505,SH1090718.09FU,reps,k__Fungi,OTU344.p__Basidiomycota.g__Auricularia
341,OTU345,296,1,235,509,276,509,79,377,4.12e-104,95.745,p__Ascomycota,c__Sordariomycetes,o__Hypocreales,f__Hypocreaceae,g__Monocillium,s__Monocillium_bulbillosum,Monocillium_bulbillosum,UDB04226296,SH1290924.09FU,reps,k__Fungi,OTU345.p__Ascomycota.g__Monocillium
342,OTU346,296,1,210,566,318,530,71,346,1.16e-94,96.244,p__Ascomycota,c__Eurotiomycetes,o__Onygenales,f__Onygenales_fam_Incertae_sedis,g__Onygenales_gen_Incertae_sedis,s__Onygenales_sp,Onygenales_sp,UDB02527139,SH1120009.09FU,reps,k__Fungi,OTU346.p__Ascomycota.g__Onygenales_gen_Incertae_sedis
343,OTU347,293,1,232,497,266,497,79,407,5.19e-113,98.276,p__Ascomycota,c__Sordariomycetes,o__Microascales,f__Halosphaeriaceae,g__Halosphaeriaceae_gen_Incertae_sedis,s__Halosphaeriaceae_sp,Halosphaeriaceae_sp,UDB03251234,SH1091215.09FU,reps,k__Fungi,OTU347.p__Ascomycota.g__Halosphaeriaceae_gen_Incertae_sedis
344,OTU348,263,1,220,460,248,460,84,239,1.79e-62,86.818,p__Ascomycota,c__Dothideomycetes,o__Mycosphaerellales,f__Mycosphaerellaceae,g__Mycosphaerella,s__Mycosphaerella_sp,Mycosphaerella_sp,JX981509,SH0995183.09FU,reps,k__Fungi,OTU348.p__Ascomycota.g__Mycosphaerella
345,OTU349,275,1,222,489,268,489,81,411,3.77e-114,100,p__Ascomycota,c__Dothideomycetes,o__Pleosporales,f__Torulaceae,g__Torula,s__Torula_fici,Torula_fici,KF443408,SH0977863.09FU,refs,k__Fungi,OTU349.p__Ascomycota.g__Torula
346,OTU350,350,1,290,650,361,650,83,453,7.98e-127,94.863,p__Chytridiomycota,c__Spizellomycetes,o__Spizellomycetales,f__Spizellomycetaceae,g__Spizellomycetaceae_gen_Incertae_sedis,s__Spizellomycetaceae_sp,Spizellomycetaceae_sp,UDB07378191,SH1208316.09FU,reps,k__Fungi,OTU350.p__Chytridiomycota.g__Spizellomycetaceae_gen_Incertae_sedis
347,OTU351,261,1,200,479,280,479,77,359,1.31e-98,99,p__Ascomycota,c__Ascomycota_cls_Incertae_sedis,o__Ascomycota_ord_Incertae_sedis,f__Ascomycota_fam_Incertae_sedis,g__Ascomycota_gen_Incertae_sedis,s__Ascomycota_sp,Ascomycota_sp,UDB02974520,SH0956526.09FU,reps,k__Fungi,OTU351.p__Ascomycota.g__Ascomycota_gen_Incertae_sedis
348,OTU352,338,3,277,519,243,519,81,444,4.62e-124,95.668,p__Ascomycota,c__Sordariomycetes,o__Lulworthiales,f__Lulworthiaceae,g__Lulworthiaceae_gen_Incertae_sedis,s__Lulworthiaceae_sp,Lulworthiaceae_sp,UDB03143959,SH0937561.09FU,reps,k__Fungi,OTU352.p__Ascomycota.g__Lulworthiaceae_gen_Incertae_sedis
349,OTU353,265,1,202,446,241,444,76,259,1.39e-68,89.806,p__Ascomycota,c__Dothideomycetes,o__Mycosphaerellales,f__Mycosphaerellaceae,g__Teratoramularia,s__Teratoramularia_infinita,Teratoramularia_infinita,KX287545,SH1085513.09FU,refs,k__Fungi,OTU353.p__Ascomycota.g__Teratoramularia
350,OTU354,262,1,217,494,278,494,83,401,2.15e-111,100,p__Ascomycota,c__Sordariomycetes,o__Myrmecridiales,f__Myrmecridiaceae,g__Myrmecridium,s__Myrmecridium_pulvericola,Myrmecridium_pulvericola,KU309312,SH0980727.09FU,refs,k__Fungi,OTU354.p__Ascomycota.g__Myrmecridium
351,OTU355,323,275,321,1125,58,12,15,71.3,8.61e-12,93.617,p__Ascomycota,c__Sordariomycetes,o__Hypocreales,f__Nectriaceae,g__Fusarium,s__Fusarium_oxysporum,Fusarium_oxysporum,UDB041458,SH1099032.09FU,reps,k__Fungi,OTU355.p__Ascomycota.g__Fusarium
352,OTU356,345,1,284,584,308,584,82,468,2.8e-131,96.831,p__Ascomycota,c__Sordariomycetes,o__Branch06,f__Branch06_fam_Incertae_sedis,g__Branch06_gen_Incertae_sedis,s__Branch06_sp,Branch06_sp,UDB0751309,SH1271018.09FU,reps,k__Fungi,OTU356.p__Ascomycota.g__Branch06_gen_Incertae_sedis
353,OTU357,356,319,354,758,510,545,10,67.6,1.24e-10,100,p__Basidiomycota,c__Agaricomycetes,o__Auriculariales,f__Auriculariales_fam_Incertae_sedis,g__Auriculariales_gen_Incertae_sedis,s__Auriculariales_sp,Auriculariales_sp,JQ272342,SH0954825.09FU,reps,k__Fungi,OTU357.p__Basidiomycota.g__Auriculariales_gen_Incertae_sedis
354,OTU358,342,1,282,628,347,628,82,521,2.1e-147,100,p__Chytridiomycota,c__Spizellomycetes,o__Spizellomycetales,f__Spizellomycetaceae,g__Spizellomyces,s__Spizellomyces_sp,Spizellomyces_sp,UDB0729880,SH1165032.09FU,reps,k__Fungi,OTU358.p__Chytridiomycota.g__Spizellomyces
355,OTU359,298,1,239,535,292,535,80,191,5.8e-48,81.673,p__Ascomycota,c__Pezizomycetes,o__Pezizales,f__Pyronemataceae,g__Pyronemataceae_gen_Incertae_sedis,s__Pyronemataceae_sp,Pyronemataceae_sp,GQ153026,SH1100504.09FU,reps,k__Fungi,OTU359.p__Ascomycota.g__Pyronemataceae_gen_Incertae_sedis
356,OTU360,334,1,274,559,286,559,82,496,1.24e-139,99.27,p__Basidiomycota,c__Exobasidiomycetes,o__Exobasidiales,f__Brachybasidiaceae,g__Meira,s__Meira_argovae,Meira_argovae,HM595576,SH0888386.09FU,reps,k__Fungi,OTU360.p__Basidiomycota.g__Meira
357,OTU361,355,308,353,1125,57,12,13,69.4,3.43e-11,93.478,p__Ascomycota,c__Sordariomycetes,o__Hypocreales,f__Nectriaceae,g__Fusarium,s__Fusarium_oxysporum,Fusarium_oxysporum,UDB041458,SH1099032.09FU,reps,k__Fungi,OTU361.p__Ascomycota.g__Fusarium
358,OTU362,273,1,212,515,304,515,78,359,1.37e-98,97.17,p__Ascomycota,c__Pezizomycetes,o__Pezizales,f__Ascobolaceae,g__Ascobolus,s__Ascobolus_sp,Ascobolus_sp,UDB01332393,SH0932439.09FU,reps,k__Fungi,OTU362.p__Ascomycota.g__Ascobolus
359,OTU363,300,1,200,484,271,468,67,279,1.21e-74,92.079,p__Ascomycota,c__Sordariomycetes,o__Sordariales,f__Sordariaceae,g__Sordariaceae_gen_Incertae_sedis,s__Sordariaceae_sp,Sordariaceae_sp,UDB07283028,SH0931691.09FU,reps,k__Fungi,OTU363.p__Ascomycota.g__Sordariaceae_gen_Incertae_sedis
360,OTU364,315,1,275,615,342,615,87,473,5.46e-133,97.818,p__Basidiomycota,c__Agaricomycetes,o__Agaricales,f__Psathyrellaceae,g__Coprinellus,s__Coprinellus_sclerocystidiosus,Coprinellus_sclerocystidiosus,MH856996,SH1902031.09FU,refs,k__Fungi,OTU364.p__Basidiomycota.g__Coprinellus
361,OTU365,323,276,321,1125,57,12,14,69.4,3.09e-11,93.478,p__Ascomycota,c__Sordariomycetes,o__Hypocreales,f__Nectriaceae,g__Fusarium,s__Fusarium_oxysporum,Fusarium_oxysporum,UDB041458,SH1099032.09FU,reps,k__Fungi,OTU365.p__Ascomycota.g__Fusarium
362,OTU366,272,1,209,505,295,503,77,375,1.36e-103,99.043,p__Ascomycota,c__Dothideomycetes,o__Pleosporales,f__Cucurbitariaceae,g__Pyrenochaeta,s__Pyrenochaeta_sp,Pyrenochaeta_sp,UDB05787445,SH0898088.09FU,reps,k__Fungi,OTU366.p__Ascomycota.g__Pyrenochaeta
363,OTU367,239,1,187,408,222,408,78,340,4.29e-93,99.465,p__Basidiomycota,c__Tremellomycetes,o__Tremellales,f__Bulleribasidiaceae,g__Hannaella,s__Hannaella_oryzae,Hannaella_oryzae,AF314986,SH1003209.09FU,refs,k__Fungi,OTU367.p__Basidiomycota.g__Hannaella
364,OTU368,304,1,243,556,314,556,80,416,8.98e-116,97.531,p__Basidiomycota,c__Agaricomycetes,o__Agaricomycetes_ord_Incertae_sedis,f__Agaricomycetes_fam_Incertae_sedis,g__Agaricomycetes_gen_Incertae_sedis,s__Agaricomycetes_sp,Agaricomycetes_sp,UDB07364335,SH1011663.09FU,reps,k__Fungi,OTU368.p__Basidiomycota.g__Agaricomycetes_gen_Incertae_sedis
365,OTU369,288,1,245,588,344,588,85,448,3.02e-125,99.592,p__Ascomycota,c__Sordariomycetes,o__Hypocreales,f__Hypocreaceae,g__Trichoderma,s__Trichoderma_asperellum,Trichoderma_asperellum,FJ610268,SH1331108.09FU,reps,k__Fungi,OTU369.p__Ascomycota.g__Trichoderma
366,OTU370,298,242,296,1125,66,12,18,69.4,2.84e-11,89.091,p__Ascomycota,c__Sordariomycetes,o__Hypocreales,f__Nectriaceae,g__Fusarium,s__Fusarium_oxysporum,Fusarium_oxysporum,UDB041458,SH1099032.09FU,reps,k__Fungi,OTU370.p__Ascomycota.g__Fusarium
367,OTU371,425,1,385,727,344,714,91,405,2.79e-112,86.41,p__Mucoromycota,c__Mucoromycetes,o__Mucorales,f__Saksenaeaceae,g__Saksenaea,s__Saksenaea_vasiformis,Saksenaea_vasiformis,MK499472,SH1125440.09FU,reps,k__Fungi,OTU371.p__Mucoromycota.g__Saksenaea
368,OTU372,278,1,200,478,267,461,72,182,3.25e-45,83.744,p__Basidiomycota,c__Exobasidiomycetes,o__Exobasidiales,f__Exobasidiales_fam_Incertae_sedis,g__Exobasidiales_gen_Incertae_sedis,s__Exobasidiales_sp,Exobasidiales_sp,UDB01957495,SH1176570.09FU,reps,k__Fungi,OTU372.p__Basidiomycota.g__Exobasidiales_gen_Incertae_sedis
369,OTU373,402,363,400,1125,49,12,9,65.8,5.06e-10,97.368,p__Ascomycota,c__Sordariomycetes,o__Hypocreales,f__Nectriaceae,g__Fusarium,s__Fusarium_oxysporum,Fusarium_oxysporum,UDB041458,SH1099032.09FU,reps,k__Fungi,OTU373.p__Ascomycota.g__Fusarium
370,OTU374,289,1,228,478,250,478,79,411,3.95e-114,99.127,p__Ascomycota,c__Sordariomycetes,o__Hypocreales,f__Nectriaceae,g__Fusarium,s__Fusarium_nematophilum,Fusarium_nematophilum,UDB02180536,SH1239896.09FU,reps,k__Fungi,OTU374.p__Ascomycota.g__Fusarium
371,OTU375,269,1,208,510,303,510,77,379,1.04e-104,99.519,p__Ascomycota,c__Dothideomycetes,o__Pleosporales,f__Didymosphaeriaceae,g__Paraphaeosphaeria,s__Paraphaeosphaeria_sporulosa,Paraphaeosphaeria_sporulosa,UDB03680018,SH1000615.09FU,reps,k__Fungi,OTU375.p__Ascomycota.g__Paraphaeosphaeria
372,OTU376,274,1,210,481,267,477,77,222,1.89e-57,85.981,p__Ascomycota,c__Pezizomycetes,o__Pezizales,f__Pyronemataceae,g__Pyronemataceae_gen_Incertae_sedis,s__Pyronemataceae_sp,Pyronemataceae_sp,MH857340,SH0902370.09FU,reps,k__Fungi,OTU376.p__Ascomycota.g__Pyronemataceae_gen_Incertae_sedis
373,OTU377,341,302,339,758,508,545,11,65.8,4.25e-10,97.368,p__Basidiomycota,c__Agaricomycetes,o__Auriculariales,f__Auriculariales_fam_Incertae_sedis,g__Auriculariales_gen_Incertae_sedis,s__Auriculariales_sp,Auriculariales_sp,JQ272342,SH0954825.09FU,reps,k__Fungi,OTU377.p__Basidiomycota.g__Auriculariales_gen_Incertae_sedis
374,OTU378,322,1,261,618,358,618,81,472,2.01e-132,99.234,p__Basidiomycota,c__Agaricomycetes,o__Agaricales,f__Psathyrellaceae,g__Psathyrella,s__Psathyrella_sp,Psathyrella_sp,UDB05268651,SH1250831.09FU,reps,k__Fungi,OTU378.p__Basidiomycota.g__Psathyrella
375,OTU379,385,338,383,1125,57,12,12,69.4,3.74e-11,93.478,p__Ascomycota,c__Sordariomycetes,o__Hypocreales,f__Nectriaceae,g__Fusarium,s__Fusarium_oxysporum,Fusarium_oxysporum,UDB041458,SH1099032.09FU,reps,k__Fungi,OTU379.p__Ascomycota.g__Fusarium
376,OTU380,289,1,246,515,269,514,85,438,1.81e-122,98.78,p__Ascomycota,c__Sordariomycetes,o__Hypocreales,f__Hypocreales_fam_Incertae_sedis,g__Sarocladium,s__Sarocladium_bactrocephalum,Sarocladium_bactrocephalum,HG965006,SH2340005.09FU,refs,k__Fungi,OTU380.p__Ascomycota.g__Sarocladium
377,OTU381,309,1,248,457,211,457,80,451,2.51e-126,99.597,p__Glomeromycota,c__Glomeromycetes,o__Glomerales,f__Glomeraceae,g__Glomeraceae_gen_Incertae_sedis,s__Glomeraceae_sp,Glomeraceae_sp,UDB03121258,SH1310037.09FU,reps,k__Fungi,OTU381.p__Glomeromycota.g__Glomeraceae_gen_Incertae_sedis
378,OTU382,329,1,269,620,352,620,82,497,3.4e-140,100,p__Basidiomycota,c__Agaricomycetes,o__Agaricales,f__Psathyrellaceae,g__Coprinopsis,s__Coprinopsis_sp,Coprinopsis_sp,KT220680,SH1204522.09FU,reps,k__Fungi,OTU382.p__Basidiomycota.g__Coprinopsis
379,OTU383,317,1,256,606,351,606,81,291,5.95e-78,87.259,p__Basidiomycota,c__Agaricomycetes,o__Agaricales,f__Agaricaceae,g__Coprinus,s__Coprinus_sp,Coprinus_sp,UDB04187097,SH1217817.09FU,reps,k__Fungi,OTU383.p__Basidiomycota.g__Coprinus
380,OTU384,354,1,293,674,381,674,83,536,7.79e-152,99.66,p__Basidiomycota,c__Agaricomycetes,o__Agaricales,f__Agaricales_fam_Incertae_sedis,g__Agaricales_gen_Incertae_sedis,s__Agaricales_sp,Agaricales_sp,UDB0912608,SH1158738.09FU,reps,k__Fungi,OTU384.p__Basidiomycota.g__Agaricales_gen_Incertae_sedis
381,OTU385,297,1,236,486,261,486,79,366,8.95e-101,95.339,p__Basidiomycota,c__Agaricomycetes,o__Agaricomycetes_ord_Incertae_sedis,f__Agaricomycetes_fam_Incertae_sedis,g__Agaricomycetes_gen_Incertae_sedis,s__Agaricomycetes_sp,Agaricomycetes_sp,UDB0939732,SH0971218.09FU,reps,k__Fungi,OTU385.p__Basidiomycota.g__Agaricomycetes_gen_Incertae_sedis
382,OTU386,278,1,218,459,242,459,78,403,6.38e-112,100,p__Ascomycota,c__Sordariomycetes,o__Hypocreales,f__Hypocreales_fam_Incertae_sedis,g__Acremonium,s__Acremonium_pilosum,Acremonium_pilosum,HF680228,SH0984600.09FU,refs,k__Fungi,OTU386.p__Ascomycota.g__Acremonium
383,OTU387,272,1,211,497,287,497,78,379,1.05e-104,99.052,p__Ascomycota,c__Eurotiomycetes,o__Chaetothyriales,f__Chaetothyriales_fam_Incertae_sedis,g__Chaetothyriales_gen_Incertae_sedis,s__Chaetothyriales_sp,Chaetothyriales_sp,UDB01765549,SH0955369.09FU,reps,k__Fungi,OTU387.p__Ascomycota.g__Chaetothyriales_gen_Incertae_sedis
384,OTU388,279,1,219,524,310,524,78,346,1.09e-94,95.434,p__Ascomycota,c__Eurotiomycetes,o__Chaetothyriales,f__Chaetothyriales_fam_Incertae_sedis,g__Chaetothyriales_gen_Incertae_sedis,s__Chaetothyriales_sp,Chaetothyriales_sp,HG325818,SH1070799.09FU,reps,k__Fungi,OTU388.p__Ascomycota.g__Chaetothyriales_gen_Incertae_sedis
385,OTU389,335,1,275,498,223,498,82,470,7.55e-132,97.473,p__Glomeromycota,c__Glomeromycetes,o__Entrophosporales,f__Entrophosporaceae,g__Entrophospora,s__Entrophospora_infrequens,Entrophospora_infrequens,MT722037,SH0902992.09FU,reps,k__Fungi,OTU389.p__Glomeromycota.g__Entrophospora
386,OTU390,349,310,347,758,508,545,11,71.3,9.36e-12,100,p__Basidiomycota,c__Agaricomycetes,o__Auriculariales,f__Auriculariales_fam_Incertae_sedis,g__Auriculariales_gen_Incertae_sedis,s__Auriculariales_sp,Auriculariales_sp,JQ272342,SH0954825.09FU,reps,k__Fungi,OTU390.p__Basidiomycota.g__Auriculariales_gen_Incertae_sedis
387,OTU391,264,1,204,452,249,452,77,377,3.65e-104,100,p__Ascomycota,c__Ascomycota_cls_Incertae_sedis,o__Ascomycota_ord_Incertae_sedis,f__Ascomycota_fam_Incertae_sedis,g__Ascomycota_gen_Incertae_sedis,s__Ascomycota_sp,Ascomycota_sp,MG820085,SH0994444.09FU,reps,k__Fungi,OTU391.p__Ascomycota.g__Ascomycota_gen_Incertae_sedis
388,OTU392,326,1,265,566,302,566,81,484,2.62e-136,99.623,p__Basidiomycota,c__Agaricomycetes,o__Sebacinales,f__Sebacinales_fam_Incertae_sedis,g__Sebacinales_gen_Incertae_sedis,s__Sebacinales_sp,Sebacinales_sp,UDB06951648,SH0904913.09FU,reps,k__Fungi,OTU392.p__Basidiomycota.g__Sebacinales_gen_Incertae_sedis
389,OTU393,283,1,207,443,220,426,73,255,1.93e-67,89.1,p__Basidiomycota,c__Tremellomycetes,o__Tremellales,f__Trimorphomycetaceae,g__Carlosrosaea,s__Carlosrosaea_aechmeae,Carlosrosaea_aechmeae,KX009088,SH1740134.09FU,refs_singleton,k__Fungi,OTU393.p__Basidiomycota.g__Carlosrosaea
390,OTU394,349,302,347,1125,57,12,13,69.4,3.36e-11,93.478,p__Ascomycota,c__Sordariomycetes,o__Hypocreales,f__Nectriaceae,g__Fusarium,s__Fusarium_oxysporum,Fusarium_oxysporum,UDB041458,SH1099032.09FU,reps,k__Fungi,OTU394.p__Ascomycota.g__Fusarium
391,OTU395,271,1,211,504,294,504,78,390,4.83e-108,100,p__Ascomycota,c__Dothideomycetes,o__Pleosporales,f__Phaeosphaeriaceae,g__Septoriella,s__Septoriella_huberti,Septoriella_huberti,KF251230,SH1091934.09FU,refs,k__Fungi,OTU395.p__Ascomycota.g__Septoriella
392,OTU396,282,1,221,465,246,465,78,374,5.08e-103,97.285,p__Ascomycota,c__Dothideomycetes,o__Pleosporales,f__Sporormiaceae,g__Preussia,s__Preussia_sp,Preussia_sp,UDB05239270,SH0999617.09FU,reps,k__Fungi,OTU396.p__Ascomycota.g__Preussia
393,OTU397,364,1,303,1013,710,1013,83,544,4.8e-154,99.013,p__Chytridiomycota,c__Spizellomycetes,o__Spizellomycetales,f__Spizellomycetaceae,g__Spizellomyces,s__Spizellomyces_sp,Spizellomyces_sp,UDB07376399,SH1008335.09FU,reps,k__Fungi,OTU397.p__Chytridiomycota.g__Spizellomyces
394,OTU398,262,1,202,463,262,463,77,374,4.69e-103,100,p__Ascomycota,c__Leotiomycetes,o__Helotiales,f__Helotiales_fam_Incertae_sedis,g__Leohumicola,s__Leohumicola_minima,Leohumicola_minima,AY706329,SH1078813.09FU,refs,k__Fungi,OTU398.p__Ascomycota.g__Leohumicola
395,OTU399,286,1,196,389,171,365,69,255,1.95e-67,90.355,p__Ascomycota,c__Sordariomycetes,o__Sordariales,f__Chaetomiaceae,g__Chaetomium,s__Chaetomium_globosum,Chaetomium_globosum,FJ791145,SH0881564.09FU,reps,k__Fungi,OTU399.p__Ascomycota.g__Chaetomium
396,OTU400,299,1,240,525,285,525,80,405,1.91e-112,97.107,p__Ascomycota,c__Sordariomycetes,o__Savoryellales,f__Savoryellaceae,g__Savoryellaceae_gen_Incertae_sedis,s__Savoryellaceae_sp,Savoryellaceae_sp,UDB06557300,SH0949479.09FU,reps,k__Fungi,OTU400.p__Ascomycota.g__Savoryellaceae_gen_Incertae_sedis
397,OTU401,293,1,233,513,281,513,80,431,3.08e-120,100,p__Ascomycota,c__Sordariomycetes,o__Microascales,f__Microascaceae,g__Kernia,s__Kernia_columnaris,Kernia_columnaris,KY852475,SH1443094.09FU,refs,k__Fungi,OTU401.p__Ascomycota.g__Kernia
398,OTU402,267,1,207,449,243,449,78,361,3.73e-99,98.068,p__Ascomycota,c__Dothideomycetes,o__Pleosporales,f__Amniculicolaceae,g__Murispora,s__Murispora_kazachstanica,Murispora_kazachstanica,MZ996880,SH0969960.09FU,refs,k__Fungi,OTU402.p__Ascomycota.g__Murispora
399,OTU403,390,1,330,651,322,651,85,604,2.34e-172,99.697,p__Basidiomycota,c__Malasseziomycetes,o__Malasseziales,f__Malasseziaceae,g__Malassezia,s__Malassezia_restricta,Malassezia_restricta,AY743636,SH1102553.09FU,refs,k__Fungi,OTU403.p__Basidiomycota.g__Malassezia
400,OTU404,286,1,225,491,270,491,79,396,1.1e-109,98.667,p__Ascomycota,c__Sordariomycetes,o__Hypocreales,f__Stachybotryaceae,g__Alfaria,s__Alfaria_sp,Alfaria_sp,UDB0963525,SH1078330.09FU,reps,k__Fungi,OTU404.p__Ascomycota.g__Alfaria
401,OTU405,327,1,233,553,315,539,71,302,2.84e-81,90.598,p__Ascomycota,c__Sordariomycetes,o__Hypocreales,f__Hypocreales_fam_Incertae_sedis,g__Hypocreales_gen_Incertae_sedis,s__Hypocreales_sp,Hypocreales_sp,UDB01387904,SH0900523.09FU,reps,k__Fungi,OTU405.p__Ascomycota.g__Hypocreales_gen_Incertae_sedis
402,OTU406,287,1,238,450,214,450,83,422,1.82e-117,98.739,p__Basidiomycota,c__Tremellomycetes,o__Tremellales,f__Cryptococcaceae,g__Cryptococcus,s__Cryptococcus_aureus,Cryptococcus_aureus,KY104457,SH2758326.09FU,refs,k__Fungi,OTU406.p__Basidiomycota.g__Cryptococcus
403,OTU407,393,1,332,1464,1133,1464,84,608,1.82e-173,99.699,p__Chytridiomycota,c__Chytridiomycota_cls_Incertae_sedis,o__Chytridiomycota_ord_Incertae_sedis,f__Chytridiomycota_fam_Incertae_sedis,g__Chytridiomycota_gen_Incertae_sedis,s__Chytridiomycota_sp,Chytridiomycota_sp,UDB02302391,SH1006847.09FU,reps,k__Fungi,OTU407.p__Chytridiomycota.g__Chytridiomycota_gen_Incertae_sedis
404,OTU408,266,1,206,461,256,461,77,375,1.32e-103,99.515,p__Ascomycota,c__Sordariomycetes,o__Hypocreales,f__Nectriaceae,g__Fusarium,s__Fusarium_graminearum,Fusarium_graminearum,AB586992,SH1079370.09FU,refs,k__Fungi,OTU408.p__Ascomycota.g__Fusarium
405,OTU409,271,1,211,499,289,499,78,379,1.05e-104,99.052,p__Ascomycota,c__Sordariomycetes,o__Glomerellales,f__Glomerellaceae,g__Colletotrichum,s__Colletotrichum_lilii,Colletotrichum_lilii,GU227810,SH2249030.09FU,refs,k__Fungi,OTU409.p__Ascomycota.g__Colletotrichum
406,OTU410,261,1,216,475,261,475,83,375,1.3e-103,98.148,p__Ascomycota,c__Sordariomycetes,o__Chaetosphaeriales,f__Chaetosphaeriaceae,g__Chloridium,s__Chloridium_aseptatum,Chloridium_aseptatum,MH476571,SH0979780.09FU,refs,k__Fungi,OTU410.p__Ascomycota.g__Chloridium
407,OTU411,330,1,269,483,216,483,82,396,1.28e-109,93.382,p__Glomeromycota,c__Glomeromycetes,o__Glomerales,f__Glomeraceae,g__Rhizophagus,s__Rhizophagus_sp,Rhizophagus_sp,UDB06376610,SH0988897.09FU,reps,k__Fungi,OTU411.p__Glomeromycota.g__Rhizophagus
408,OTU412,261,1,200,426,227,426,77,359,1.31e-98,99,p__Ascomycota,c__Sordariomycetes,o__Sordariales,f__Lasiosphaeriaceae,g__Lasiosphaeriaceae_gen_Incertae_sedis,s__Lasiosphaeriaceae_sp,Lasiosphaeriaceae_sp,UDB02714245,SH0994622.09FU,reps,k__Fungi,OTU412.p__Ascomycota.g__Lasiosphaeriaceae_gen_Incertae_sedis
409,OTU413,288,232,286,1125,66,12,19,69.4,2.75e-11,89.091,p__Ascomycota,c__Sordariomycetes,o__Hypocreales,f__Nectriaceae,g__Fusarium,s__Fusarium_oxysporum,Fusarium_oxysporum,UDB041458,SH1099032.09FU,reps,k__Fungi,OTU413.p__Ascomycota.g__Fusarium
410,OTU414,315,1,275,615,342,615,87,407,5.62e-113,93.455,p__Basidiomycota,c__Agaricomycetes,o__Agaricales,f__Psathyrellaceae,g__Coprinellus,s__Coprinellus_sclerocystidiosus,Coprinellus_sclerocystidiosus,MH856996,SH1902031.09FU,refs,k__Fungi,OTU414.p__Basidiomycota.g__Coprinellus
411,OTU415,298,242,296,1125,66,12,18,69.4,2.84e-11,89.091,p__Ascomycota,c__Sordariomycetes,o__Hypocreales,f__Nectriaceae,g__Fusarium,s__Fusarium_oxysporum,Fusarium_oxysporum,UDB041458,SH1099032.09FU,reps,k__Fungi,OTU415.p__Ascomycota.g__Fusarium
412,OTU416,290,1,230,515,286,515,79,425,1.42e-118,100,p__Ascomycota,c__Ascomycota_cls_Incertae_sedis,o__Ascomycota_ord_Incertae_sedis,f__Ascomycota_fam_Incertae_sedis,g__Ascomycota_gen_Incertae_sedis,s__Ascomycota_sp,Ascomycota_sp,MT293556,SH1083168.09FU,reps,k__Fungi,OTU416.p__Ascomycota.g__Ascomycota_gen_Incertae_sedis
413,OTU417,378,1,115,527,412,527,30,185,3.49e-46,95.69,p__Fungi_phy_Incertae_sedis,c__Fungi_cls_Incertae_sedis,o__Fungi_ord_Incertae_sedis,f__Fungi_fam_Incertae_sedis,g__Fungi_gen_Incertae_sedis,s__Fungi_sp,Fungi_sp,UDB0584564,SH1089013.09FU,reps,k__Fungi,OTU417.p__Fungi_phy_Incertae_sedis.g__Fungi_gen_Incertae_sedis
414,OTU418,342,1,281,590,310,590,82,503,7.62e-142,98.932,p__Basidiomycota,c__Agaricomycetes,o__Cantharellales,f__Ceratobasidiaceae,g__Thanatephorus,s__Thanatephorus_sp,Thanatephorus_sp,UDB05481513,SH1183504.09FU,reps,k__Fungi,OTU418.p__Basidiomycota.g__Thanatephorus
415,OTU419,268,1,201,443,239,438,75,353,6.26e-97,98.507,p__Ascomycota,c__Sordariomycetes,o__Sordariales,f__Lasiosphaeriaceae,g__Lasiosphaeriaceae_gen_Incertae_sedis,s__Lasiosphaeriaceae_sp,Lasiosphaeriaceae_sp,UDB02729523,SH0938904.09FU,reps,k__Fungi,OTU419.p__Ascomycota.g__Lasiosphaeriaceae_gen_Incertae_sedis
416,OTU420,345,308,343,758,510,545,10,67.6,1.2e-10,100,p__Basidiomycota,c__Agaricomycetes,o__Auriculariales,f__Auriculariales_fam_Incertae_sedis,g__Auriculariales_gen_Incertae_sedis,s__Auriculariales_sp,Auriculariales_sp,JQ272342,SH0954825.09FU,reps,k__Fungi,OTU420.p__Basidiomycota.g__Auriculariales_gen_Incertae_sedis
417,OTU421,289,1,228,499,271,499,79,416,8.5e-116,99.563,p__Ascomycota,c__Sordariomycetes,o__Hypocreales,f__Hypocreales_fam_Incertae_sedis,g__Hypocreales_gen_Incertae_sedis,s__Hypocreales_sp,Hypocreales_sp,UDB02179725,SH0885454.09FU,reps,k__Fungi,OTU421.p__Ascomycota.g__Hypocreales_gen_Incertae_sedis
418,OTU422,309,1,248,546,298,546,80,342,1.57e-93,91.7,p__Ascomycota,c__Sordariomycetes,o__Hypocreales,f__Hypocreales_fam_Incertae_sedis,g__Hypocreales_gen_Incertae_sedis,s__Hypocreales_sp,Hypocreales_sp,UDB03561816,SH1262804.09FU,reps,k__Fungi,OTU422.p__Ascomycota.g__Hypocreales_gen_Incertae_sedis
419,OTU423,311,255,309,1125,66,12,18,69.4,2.97e-11,89.091,p__Ascomycota,c__Sordariomycetes,o__Hypocreales,f__Nectriaceae,g__Fusarium,s__Fusarium_oxysporum,Fusarium_oxysporum,UDB041458,SH1099032.09FU,reps,k__Fungi,OTU423.p__Ascomycota.g__Fusarium
420,OTU424,366,1,306,588,283,588,84,560,4.79e-159,99.673,p__Mortierellomycota,c__Mortierellomycetes,o__Mortierellales,f__Mortierellaceae,g__Mortierella,s__Mortierella_polygonia,Mortierella_polygonia,HQ630301,SH1260731.09FU,refs,k__Fungi,OTU424.p__Mortierellomycota.g__Mortierella
421,OTU425,339,1,278,618,342,618,82,479,1.27e-134,97.842,p__Basidiomycota,c__Agaricomycetes,o__Agaricales,f__Agaricales_fam_Incertae_sedis,g__Uncobasidium,s__Uncobasidium_sp,Uncobasidium_sp,UDB07176012,SH0882085.09FU,reps,k__Fungi,OTU425.p__Basidiomycota.g__Uncobasidium
422,OTU426,339,1,279,491,213,491,82,477,4.57e-134,97.5,p__Glomeromycota,c__Glomeromycetes,o__Glomerales,f__Glomeraceae,g__Funneliformis,s__Funneliformis_mosseae,Funneliformis_mosseae,FN547474,SH4151653.09FU,refs,k__Fungi,OTU426.p__Glomeromycota.g__Funneliformis
423,OTU427,319,1,258,601,342,601,81,457,5.58e-128,98.462,p__Ascomycota,c__Ascomycota_cls_Incertae_sedis,o__Ascomycota_ord_Incertae_sedis,f__Ascomycota_fam_Incertae_sedis,g__Ascomycota_gen_Incertae_sedis,s__Ascomycota_sp,Ascomycota_sp,UDB01398886,SH1143482.09FU,reps,k__Fungi,OTU427.p__Ascomycota.g__Ascomycota_gen_Incertae_sedis
424,OTU428,327,1,264,526,263,526,81,455,2.06e-127,97.727,p__Basidiomycota,c__Agaricomycetes,o__Agaricales,f__Clavariaceae,g__Hodophilus,s__Hodophilus_sp,Hodophilus_sp,UDB03401684,SH1279030.09FU,reps,k__Fungi,OTU428.p__Basidiomycota.g__Hodophilus
425,OTU429,366,1,305,647,346,647,83,488,2.29e-137,95.738,p__Chytridiomycota,c__Rhizophlyctidomycetes,o__Rhizophlyctidales,f__Rhizophlyctidaceae,g__Rhizophlyctis,s__Rhizophlyctis_sp,Rhizophlyctis_sp,UDB06431645,SH1202757.09FU,reps,k__Fungi,OTU429.p__Chytridiomycota.g__Rhizophlyctis
426,OTU430,346,299,344,1125,57,12,13,69.4,3.33e-11,93.478,p__Ascomycota,c__Sordariomycetes,o__Hypocreales,f__Nectriaceae,g__Fusarium,s__Fusarium_oxysporum,Fusarium_oxysporum,UDB041458,SH1099032.09FU,reps,k__Fungi,OTU430.p__Ascomycota.g__Fusarium
427,OTU431,292,1,232,518,288,518,79,422,1.85e-117,99.569,p__Ascomycota,c__Sordariomycetes,o__Hypocreales,f__Hypocreaceae,g__Trichoderma,s__Trichoderma_atroviride,Trichoderma_atroviride,MH862505,SH3109910.09FU,refs,k__Fungi,OTU431.p__Ascomycota.g__Trichoderma
428,OTU432,270,1,210,488,280,488,78,353,6.31e-97,97.143,p__Ascomycota,c__Sordariomycetes,o__Sordariales,f__Chaetomiaceae,g__Chaetomium,s__Chaetomium_sp,Chaetomium_sp,MK361149,SH0881544.09FU,reps,k__Fungi,OTU432.p__Ascomycota.g__Chaetomium
429,OTU433,310,1,249,562,314,562,80,455,1.94e-127,99.598,p__Ascomycota,c__Eurotiomycetes,o__Onygenales,f__Onygenales_fam_Incertae_sedis,g__Onygenales_gen_Incertae_sedis,s__Onygenales_sp,Onygenales_sp,UDB02525378,SH1120017.09FU,reps,k__Fungi,OTU433.p__Ascomycota.g__Onygenales_gen_Incertae_sedis
430,OTU434,360,1,60,779,385,445,17,89.8,2.67e-17,93.443,p__Chytridiomycota,c__Spizellomycetes,o__Spizellomycetales,f__Spizellomycetales_fam_Incertae_sedis,g__Spizellomycetales_gen_Incertae_sedis,s__Spizellomycetales_sp,Spizellomycetales_sp,UDB07380404,SH1331421.09FU,reps,k__Fungi,OTU434.p__Chytridiomycota.g__Spizellomycetales_gen_Incertae_sedis
431,OTU435,286,1,225,523,294,523,79,303,6.87e-82,90.87,p__Ascomycota,c__Sordariomycetes,o__Microascales,f__Microascaceae,g__Pithoascus,s__Pithoascus_stoveri,Pithoascus_stoveri,UDB04696324,SH1070288.09FU,reps,k__Fungi,OTU435.p__Ascomycota.g__Pithoascus
432,OTU436,342,1,281,625,344,625,82,514,3.52e-145,99.645,p__Basidiomycota,c__Agaricomycetes,o__Russulales,f__Peniophoraceae,g__Peniophora,s__Peniophora_sp,Peniophora_sp,UDB06285930,SH1266254.09FU,reps,k__Fungi,OTU436.p__Basidiomycota.g__Peniophora
433,OTU437,427,1,337,706,369,680,79,388,2.82e-107,88.757,p__Kickxellomycota,c__Ramicandelaberomycetes,o__Ramicandelaberales,f__Ramicandelaberaceae,g__Ramicandelaber,s__Ramicandelaber_sp,Ramicandelaber_sp,UDB06291202,SH1124592.09FU,reps,k__Fungi,OTU437.p__Kickxellomycota.g__Ramicandelaber
434,OTU438,283,1,223,436,214,436,79,396,1.09e-109,98.655,p__Basidiomycota,c__Tremellomycetes,o__Tremellales,f__Trimorphomycetaceae,g__Saitozyma,s__Saitozyma_flava,Saitozyma_flava,AF444338,SH0998089.09FU,refs,k__Fungi,OTU438.p__Basidiomycota.g__Saitozyma
435,OTU440,407,1,346,600,253,600,85,592,1.9e-168,97.421,p__Mortierellomycota,c__Mortierellomycota_cls_Incertae_sedis,o__Mortierellomycota_ord_Incertae_sedis,f__Mortierellomycota_fam_Incertae_sedis,g__Mortierellomycota_gen_Incertae_sedis,s__Mortierellomycota_sp,Mortierellomycota_sp,UDB04953494,SH1257051.09FU,reps,k__Fungi,OTU440.p__Mortierellomycota.g__Mortierellomycota_gen_Incertae_sedis
436,OTU441,273,1,186,461,259,444,68,316,8.38e-86,97.312,p__Fungi_phy_Incertae_sedis,c__Fungi_cls_Incertae_sedis,o__Fungi_ord_Incertae_sedis,f__Fungi_fam_Incertae_sedis,g__Fungi_gen_Incertae_sedis,s__Fungi_sp,Fungi_sp,JX456667,SH0957568.09FU,reps,k__Fungi,OTU441.p__Fungi_phy_Incertae_sedis.g__Fungi_gen_Incertae_sedis
437,OTU442,268,1,223,494,272,494,83,390,4.77e-108,98.214,p__Ascomycota,c__Dothideomycetes,o__Pleosporales,f__Lentitheciaceae,g__Keissleriella,s__Keissleriella_bambusicola,Keissleriella_bambusicola,MK995881,SH1387997.09FU,refs_singleton,k__Fungi,OTU442.p__Ascomycota.g__Keissleriella
438,OTU443,410,1,349,579,235,579,85,564,4.18e-160,96.011,p__Mortierellomycota,c__Mortierellomycetes,o__Mortierellales,f__Mortierellaceae,g__Mortierella,s__Mortierella_sp,Mortierella_sp,UDB04805159,SH1196014.09FU,reps,k__Fungi,OTU443.p__Mortierellomycota.g__Mortierella
439,OTU444,284,1,224,462,236,462,79,333,8.69e-91,93.392,p__Basidiomycota,c__Tremellomycetes,o__Tremellales,f__Trimorphomycetaceae,g__Carlosrosaea,s__Carlosrosaea_sp,Carlosrosaea_sp,UDB01637027,SH0999668.09FU,reps,k__Fungi,OTU444.p__Basidiomycota.g__Carlosrosaea
440,OTU445,233,1,172,380,209,380,74,291,4.26e-78,97.093,p__Ascomycota,c__Leotiomycetes,o__Helotiales,f__Chaetomellaceae,g__Chaetomella,s__Chaetomella_sp,Chaetomella_sp,UDB01726726,SH1003409.09FU,reps,k__Fungi,OTU445.p__Ascomycota.g__Chaetomella
441,OTU446,260,1,199,462,263,462,77,357,4.68e-98,99,p__Ascomycota,c__Leotiomycetes,o__Leotiales,f__Leotiales_fam_Incertae_sedis,g__Leotiales_gen_Incertae_sedis,s__Leotiales_sp,Leotiales_sp,UDB02815144,SH1025404.09FU,reps,k__Fungi,OTU446.p__Ascomycota.g__Leotiales_gen_Incertae_sedis
442,OTU447,326,1,167,529,290,446,51,172,2.32e-42,86.391,p__Ascomycota,c__Dothideomycetes,o__Dothideomycetes_ord_Incertae_sedis,f__Dothideomycetes_fam_Incertae_sedis,g__Dothideomycetes_gen_Incertae_sedis,s__Dothideomycetes_sp,Dothideomycetes_sp,UDB05269073,SH0930654.09FU,reps,k__Fungi,OTU447.p__Ascomycota.g__Dothideomycetes_gen_Incertae_sedis
443,OTU448,308,2,248,524,278,524,80,440,5.41e-123,98.785,p__Ascomycota,c__Sordariomycetes,o__Hypocreales,f__Hypocreales_fam_Incertae_sedis,g__Trichothecium,s__Trichothecium_roseum,Trichothecium_roseum,MT309112,SH1298961.09FU,reps,k__Fungi,OTU448.p__Ascomycota.g__Trichothecium
444,OTU449,334,297,332,758,510,545,11,67.6,1.15e-10,100,p__Basidiomycota,c__Agaricomycetes,o__Auriculariales,f__Auriculariales_fam_Incertae_sedis,g__Auriculariales_gen_Incertae_sedis,s__Auriculariales_sp,Auriculariales_sp,JQ272342,SH0954825.09FU,reps,k__Fungi,OTU449.p__Basidiomycota.g__Auriculariales_gen_Incertae_sedis
445,OTU450,302,1,241,522,280,522,80,436,6.85e-122,99.177,p__Ascomycota,c__Ascomycota_cls_Incertae_sedis,o__Ascomycota_ord_Incertae_sedis,f__Ascomycota_fam_Incertae_sedis,g__Ascomycota_gen_Incertae_sedis,s__Ascomycota_sp,Ascomycota_sp,UDB01402146,SH0962135.09FU,reps,k__Fungi,OTU450.p__Ascomycota.g__Ascomycota_gen_Incertae_sedis
446,OTU451,299,1,238,578,341,578,80,440,5.23e-123,100,p__Ascomycota,c__Orbiliomycetes,o__Orbiliales,f__Orbiliales_fam_Incertae_sedis,g__Orbiliales_gen_Incertae_sedis,s__Orbiliales_sp,Orbiliales_sp,UDB02643783,SH1272963.09FU,reps,k__Fungi,OTU451.p__Ascomycota.g__Orbiliales_gen_Incertae_sedis
447,OTU452,257,1,196,453,258,453,76,346,1e-94,98.469,p__Ascomycota,c__Leotiomycetes,o__Helotiales,f__Hyaloscyphaceae,g__Cistella,s__Cistella_sp,Cistella_sp,UDB02670107,SH0990284.09FU,reps,k__Fungi,OTU452.p__Ascomycota.g__Cistella
448,OTU453,324,1,264,567,303,567,81,455,2.04e-127,97.744,p__Ascomycota,c__Sordariomycetes,o__Diaporthales,f__Melanconidaceae,g__Melanconiella,s__Melanconiella_sp,Melanconiella_sp,UDB03684720,SH0940480.09FU,reps,k__Fungi,OTU453.p__Ascomycota.g__Melanconiella
449,OTU454,348,309,346,1125,49,12,11,65.8,4.34e-10,97.368,p__Ascomycota,c__Sordariomycetes,o__Hypocreales,f__Nectriaceae,g__Fusarium,s__Fusarium_oxysporum,Fusarium_oxysporum,UDB041458,SH1099032.09FU,reps,k__Fungi,OTU454.p__Ascomycota.g__Fusarium
450,OTU455,286,1,225,513,289,513,79,399,8.51e-111,98.667,p__Ascomycota,c__Pezizomycetes,o__Pezizales,f__Pyronemataceae,g__Trichophaeopsis,s__Trichophaeopsis_sp,Trichophaeopsis_sp,UDB06640160,SH0919365.09FU,reps,k__Fungi,OTU455.p__Ascomycota.g__Trichophaeopsis
451,OTU456,262,1,202,538,337,538,77,368,2.18e-101,99.505,p__Ascomycota,c__Ascomycota_cls_Incertae_sedis,o__Ascomycota_ord_Incertae_sedis,f__Ascomycota_fam_Incertae_sedis,g__Ascomycota_gen_Incertae_sedis,s__Ascomycota_sp,Ascomycota_sp,MK406855,SH1277440.09FU,reps,k__Fungi,OTU456.p__Ascomycota.g__Ascomycota_gen_Incertae_sedis
452,OTU457,340,1,270,505,231,498,79,414,3.65e-115,94.485,p__Glomeromycota,c__Glomeromycetes,o__Glomerales,f__Glomeraceae,g__Septoglomus,s__Septoglomus_sp,Septoglomus_sp,UDB06941786,SH0939976.09FU,reps,k__Fungi,OTU457.p__Glomeromycota.g__Septoglomus
453,OTU458,272,1,211,481,271,481,78,385,2.26e-106,99.526,p__Ascomycota,c__Sordariomycetes,o__Sordariales,f__Chaetomiaceae,g__Acrophialophora,s__Acrophialophora_sp,Acrophialophora_sp,UDB0861942,SH0881751.09FU,reps,k__Fungi,OTU458.p__Ascomycota.g__Acrophialophora
454,OTU459,342,1,255,584,312,561,75,183,1.13e-45,80.233,p__Basidiomycota,c__Agaricomycetes,o__Cantharellales,f__Hydnaceae,g__Multiclavula,s__Multiclavula_corynoides,Multiclavula_corynoides,UDB024615,SH1159969.09FU,refs,k__Fungi,OTU459.p__Basidiomycota.g__Multiclavula
455,OTU460,340,1,279,567,288,567,82,466,9.93e-131,96.786,p__Basidiomycota,c__Agaricomycetes,o__Trechisporales,f__Hydnodontaceae,g__Trechispora,s__Trechispora_stellulata,Trechispora_stellulata,UDB06345877,SH1238657.09FU,reps,k__Fungi,OTU460.p__Basidiomycota.g__Trechispora
456,OTU461,265,1,214,477,264,477,81,396,1.01e-109,100,p__Ascomycota,c__Dothideomycetes,o__Capnodiales,f__Cladosporiaceae,g__Cladosporium,s__Cladosporium_sphaerospermum,Cladosporium_sphaerospermum,DQ780343,SH4358594.09FU,refs,k__Fungi,OTU461.p__Ascomycota.g__Cladosporium
457,OTU462,286,1,226,507,282,507,79,418,2.35e-116,100,p__Ascomycota,c__Sordariomycetes,o__Sordariales,f__Sordariaceae,g__Diplogelasinospora,s__Diplogelasinospora_inaequalis,Diplogelasinospora_inaequalis,AY681201,SH1462958.09FU,refs,k__Fungi,OTU462.p__Ascomycota.g__Diplogelasinospora
458,OTU463,276,1,215,472,258,472,78,387,6.37e-107,99.07,p__Ascomycota,c__Pezizomycetes,o__Pezizales,f__Ascodesmidaceae,g__Cephaliophora,s__Cephaliophora_sp,Cephaliophora_sp,UDB0591927,SH0935923.09FU,reps,k__Fungi,OTU463.p__Ascomycota.g__Cephaliophora
459,OTU464,307,1,139,586,325,467,45,122,2.22e-27,83.108,p__Basidiomycota,c__Agaricomycetes,o__Agaricales,f__Bolbitiaceae,g__Panaeolus,s__Panaeolus_papilionaceus,Panaeolus_papilionaceus,UDB011744,SH1136640.09FU,refs,k__Fungi,OTU464.p__Basidiomycota.g__Panaeolus
460,OTU465,373,326,371,1125,57,12,12,69.4,3.61e-11,93.478,p__Ascomycota,c__Sordariomycetes,o__Hypocreales,f__Nectriaceae,g__Fusarium,s__Fusarium_oxysporum,Fusarium_oxysporum,UDB041458,SH1099032.09FU,reps,k__Fungi,OTU465.p__Ascomycota.g__Fusarium
461,OTU466,369,334,364,581,496,527,8,52.8,3.6e-06,96.875,p__Ascomycota,c__Leotiomycetes,o__Helotiales,f__Dermateaceae,g__Pezicula,s__Pezicula_radicicola,Pezicula_radicicola,FJ179465,SH0975489.09FU,reps,k__Fungi,OTU466.p__Ascomycota.g__Pezicula
462,OTU467,242,1,55,558,281,335,23,91.6,4.84e-18,96.364,p__Basidiomycota,c__Agaricomycetes,o__Agaricales,f__Agaricales_fam_Incertae_sedis,g__Agaricales_gen_Incertae_sedis,s__Agaricales_sp,Agaricales_sp,UDB0905791,SH1308630.09FU,reps,k__Fungi,OTU467.p__Basidiomycota.g__Agaricales_gen_Incertae_sedis
463,OTU469,267,1,206,1484,1278,1484,77,359,1.34e-98,98.068,p__Ascomycota,c__Dothideomycetes,o__Pleosporales,f__Trematosphaeriaceae,g__Trematosphaeria,s__Trematosphaeria_sp,Trematosphaeria_sp,UDB06391034,SH1006809.09FU,reps,k__Fungi,OTU469.p__Ascomycota.g__Trematosphaeria
464,OTU470,302,1,242,487,246,487,80,442,1.47e-123,99.587,p__Glomeromycota,c__Glomeromycetes,o__Glomerales,f__Glomeraceae,g__Rhizophagus,s__Rhizophagus_irregularis,Rhizophagus_irregularis,OL449411,SH0984995.09FU,reps,k__Fungi,OTU470.p__Glomeromycota.g__Rhizophagus
465,OTU471,329,56,268,213,1,213,65,394,4.59e-109,100,p__Glomeromycota,c__Glomeromycetes,o__Glomerales,f__Glomeraceae,g__Rhizophagus,s__Rhizophagus_irregularis,Rhizophagus_irregularis,MG008508,SH1006699.09FU,reps,k__Fungi,OTU471.p__Glomeromycota.g__Rhizophagus
466,OTU472,371,1,310,558,246,558,84,470,8.43e-132,93.93,p__Mortierellomycota,c__Mortierellomycetes,o__Mortierellales,f__Mortierellaceae,g__Mortierella,s__Mortierella_sp,Mortierella_sp,UDB04709568,SH0894477.09FU,reps,k__Fungi,OTU472.p__Mortierellomycota.g__Mortierella
467,OTU473,268,1,202,438,237,436,75,305,1.78e-82,94.089,p__Ascomycota,c__Dothideomycetes,o__Mycosphaerellales,f__Mycosphaerellaceae,g__Teratoramularia,s__Teratoramularia_rumicicola,Teratoramularia_rumicicola,KX287550,SH1085508.09FU,refs,k__Fungi,OTU473.p__Ascomycota.g__Teratoramularia
468,OTU474,343,1,282,606,325,606,82,516,9.81e-146,99.645,p__Basidiomycota,c__Agaricomycetes,o__Cantharellales,f__Ceratobasidiaceae,g__Thanatephorus,s__Thanatephorus_sp,Thanatephorus_sp,UDB05487487,SH1012440.09FU,reps,k__Fungi,OTU474.p__Basidiomycota.g__Thanatephorus
469,OTU475,371,1,126,549,272,394,34,113,1.64e-24,83.594,p__Chytridiomycota,c__Chytridiomycota_cls_Incertae_sedis,o__Chytridiomycota_ord_Incertae_sedis,f__Chytridiomycota_fam_Incertae_sedis,g__Chytridiomycota_gen_Incertae_sedis,s__Chytridiomycota_sp,Chytridiomycota_sp,HQ219429,SH1297653.09FU,reps,k__Fungi,OTU475.p__Chytridiomycota.g__Chytridiomycota_gen_Incertae_sedis
470,OTU476,297,1,237,513,277,513,80,361,4.16e-99,94.118,p__Ascomycota,c__Pezizomycetes,o__Pezizales,f__Pezizales_fam_Incertae_sedis,g__Pezizales_gen_Incertae_sedis,s__Pezizales_sp,Pezizales_sp,MF971771,SH0941651.09FU,reps,k__Fungi,OTU476.p__Ascomycota.g__Pezizales_gen_Incertae_sedis
471,OTU477,347,1,286,544,259,544,82,501,2.78e-141,98.252,p__Chytridiomycota,c__Rhizophydiomycetes,o__Rhizophydiales,f__Alphamycetaceae,g__Betamyces,s__Betamyces_sp,Betamyces_sp,UDB0461123,SH0903500.09FU,reps,k__Fungi,OTU477.p__Chytridiomycota.g__Betamyces
472,OTU478,280,1,232,514,283,514,83,401,2.31e-111,97.854,p__Ascomycota,c__Dothideomycetes,o__Pleosporales,f__Pleosporaceae,g__Exserohilum,s__Exserohilum_turcicum,Exserohilum_turcicum,AF163067,SH0885113.09FU,reps,k__Fungi,OTU478.p__Ascomycota.g__Exserohilum
473,OTU479,329,1,269,510,246,510,82,427,4.52e-119,95.539,p__Basidiomycota,c__Agaricomycetes,o__Agaricomycetes_ord_Incertae_sedis,f__Agaricomycetes_fam_Incertae_sedis,g__Agaricomycetes_gen_Incertae_sedis,s__Agaricomycetes_sp,Agaricomycetes_sp,FN397184,SH0917030.09FU,reps,k__Fungi,OTU479.p__Basidiomycota.g__Agaricomycetes_gen_Incertae_sedis
474,OTU480,353,314,351,758,508,545,11,65.8,4.41e-10,97.368,p__Basidiomycota,c__Agaricomycetes,o__Auriculariales,f__Auriculariales_fam_Incertae_sedis,g__Auriculariales_gen_Incertae_sedis,s__Auriculariales_sp,Auriculariales_sp,JQ272342,SH0954825.09FU,reps,k__Fungi,OTU480.p__Basidiomycota.g__Auriculariales_gen_Incertae_sedis
475,OTU481,313,1,252,577,326,577,81,455,1.97e-127,99.206,p__Ascomycota,c__Orbiliomycetes,o__Orbiliales,f__Orbiliales_fam_Incertae_sedis,g__Vermispora,s__Vermispora_sp,Vermispora_sp,UDB07332765,SH1277101.09FU,reps,k__Fungi,OTU481.p__Ascomycota.g__Vermispora
476,OTU482,304,1,239,482,240,478,79,420,6.94e-117,98.326,p__Ascomycota,c__Dothideomycetes,o__Dothideomycetes_ord_Incertae_sedis,f__Dothideomycetes_fam_Incertae_sedis,g__Dothideomycetes_gen_Incertae_sedis,s__Dothideomycetes_sp,Dothideomycetes_sp,UDB05266213,SH0972485.09FU,reps,k__Fungi,OTU482.p__Ascomycota.g__Dothideomycetes_gen_Incertae_sedis
477,OTU483,326,1,265,532,266,532,81,442,1.6e-123,96.642,p__Basidiomycota,c__Agaricomycetes,o__Agaricales,f__Clavariaceae,g__Clavulinopsis,s__Clavulinopsis_sp,Clavulinopsis_sp,UDB03817580,SH1237245.09FU,reps,k__Fungi,OTU483.p__Basidiomycota.g__Clavulinopsis
478,OTU484,376,1,315,628,315,628,84,542,1.79e-153,97.792,p__Mortierellomycota,c__Mortierellomycetes,o__Mortierellales,f__Mortierellaceae,g__Mortierella,s__Mortierella_sp,Mortierella_sp,UDB04916903,SH1211371.09FU,reps,k__Fungi,OTU484.p__Mortierellomycota.g__Mortierella
479,OTU485,326,1,266,520,255,520,82,492,1.57e-138,100,p__Basidiomycota,c__Microbotryomycetes,o__Sporidiobolales,f__Sporidiobolaceae,g__Rhodotorula,s__Rhodotorula_paludigena,Rhodotorula_paludigena,AF444492,SH1008721.09FU,refs,k__Fungi,OTU485.p__Basidiomycota.g__Rhodotorula
480,OTU487,309,1,249,456,210,456,81,409,1.53e-113,96.386,p__Glomeromycota,c__Glomeromycetes,o__Glomerales,f__Glomeraceae,g__Dominikia,s__Dominikia_sp,Dominikia_sp,UDB0311953,SH0977405.09FU,reps,k__Fungi,OTU487.p__Glomeromycota.g__Dominikia
481,OTU488,270,1,210,637,428,637,78,388,1.73e-107,100,p__Ascomycota,c__Dothideomycetes,o__Pleosporales,f__Didymosphaeriaceae,g__Tremateia,s__Tremateia_murispora,Tremateia_murispora,MK962245,SH1813403.09FU,refs_singleton,k__Fungi,OTU488.p__Ascomycota.g__Tremateia
482,OTU489,265,1,205,480,276,480,77,374,4.75e-103,99.512,p__Ascomycota,c__Leotiomycetes,o__Helotiales,f__Helotiaceae,g__Articulospora,s__Articulospora_sp,Articulospora_sp,UDB01320081,SH0961030.09FU,reps,k__Fungi,OTU489.p__Ascomycota.g__Articulospora
483,OTU490,346,1,285,573,290,573,82,497,3.59e-140,98.246,p__Basidiomycota,c__Agaricomycetes,o__Cantharellales,f__Ceratobasidiaceae,g__Ceratobasidium,s__Ceratobasidium_sp,Ceratobasidium_sp,UDB01688014,SH1263211.09FU,reps,k__Fungi,OTU490.p__Basidiomycota.g__Ceratobasidium
484,OTU491,273,1,212,495,287,495,78,267,8.56e-71,89.671,p__Ascomycota,c__Lecanoromycetes,o__Ostropales,f__Stictidaceae,g__Cyanodermella,s__Cyanodermella_sp,Cyanodermella_sp,UDB04486520,SH1110937.09FU,reps,k__Fungi,OTU491.p__Ascomycota.g__Cyanodermella
485,OTU492,338,1,278,512,235,512,82,459,1.65e-128,96.416,p__Basidiomycota,c__Basidiomycota_cls_Incertae_sedis,o__Basidiomycota_ord_Incertae_sedis,f__Basidiomycota_fam_Incertae_sedis,g__Basidiomycota_gen_Incertae_sedis,s__Basidiomycota_sp,Basidiomycota_sp,UDB0691746,SH0942595.09FU,reps,k__Fungi,OTU492.p__Basidiomycota.g__Basidiomycota_gen_Incertae_sedis
486,OTU493,273,1,213,387,174,387,78,366,8.2e-101,97.664,p__Ascomycota,c__Dothideomycetes,o__Pleosporales,f__Pleosporaceae,g__Stemphylium,s__Stemphylium_sp,Stemphylium_sp,KY092493,SH0885124.09FU,reps,k__Fungi,OTU493.p__Ascomycota.g__Stemphylium
487,OTU494,370,323,368,1125,57,12,12,69.4,3.58e-11,93.478,p__Ascomycota,c__Sordariomycetes,o__Hypocreales,f__Nectriaceae,g__Fusarium,s__Fusarium_oxysporum,Fusarium_oxysporum,UDB041458,SH1099032.09FU,reps,k__Fungi,OTU494.p__Ascomycota.g__Fusarium
488,OTU495,263,1,192,438,237,431,73,279,1.06e-74,92.893,p__Ascomycota,c__Dothideomycetes,o__Mycosphaerellales,f__Mycosphaerellaceae,g__Teratoramularia,s__Teratoramularia_rumicicola,Teratoramularia_rumicicola,KX287550,SH1085508.09FU,refs,k__Fungi,OTU495.p__Ascomycota.g__Teratoramularia
489,OTU496,236,1,176,387,213,387,75,313,9.23e-85,98.864,p__Basidiomycota,c__Tremellomycetes,o__Tremellales,f__Tremellales_fam_Incertae_sedis,g__Tremellales_gen_Incertae_sedis,s__Tremellales_sp,Tremellales_sp,LC384369,SH1003207.09FU,reps,k__Fungi,OTU496.p__Basidiomycota.g__Tremellales_gen_Incertae_sedis
490,OTU498,283,1,223,544,322,544,79,407,5.03e-113,99.552,p__Ascomycota,c__Eurotiomycetes,o__Chaetothyriales,f__Chaetothyriales_fam_Incertae_sedis,g__Digitopodium,s__Digitopodium_tectonae,Digitopodium_tectonae,KJ869142,SH1110506.09FU,refs,k__Fungi,OTU498.p__Ascomycota.g__Digitopodium
491,OTU499,419,1,358,686,326,686,85,470,9.6e-132,90.331,p__Chytridiomycota,c__Rhizophlyctidomycetes,o__Rhizophlyctidales,f__Rhizophlyctidaceae,g__Rhizophlyctidaceae_gen_Incertae_sedis,s__Rhizophlyctidaceae_sp,Rhizophlyctidaceae_sp,UDB06383652,SH1163693.09FU,reps,k__Fungi,OTU499.p__Chytridiomycota.g__Rhizophlyctidaceae_gen_Incertae_sedis
492,OTU500,270,1,210,492,283,492,78,372,1.74e-102,98.578,p__Ascomycota,c__Sordariomycetes,o__Sordariales,f__Sordariales_fam_Incertae_sedis,g__Staphylotrichum,s__Staphylotrichum_acaciicola,Staphylotrichum_acaciicola,LT993613,SH1339448.09FU,refs,k__Fungi,OTU500.p__Ascomycota.g__Staphylotrichum
493,OTU501,275,1,199,445,247,445,72,368,2.3e-101,100,p__Ascomycota,c__Sordariomycetes,o__Sordariales,f__Chaetomiaceae,g__Melanocarpus,s__Melanocarpus_albomyces,Melanocarpus_albomyces,JF412014,SH0881532.09FU,refs,k__Fungi,OTU501.p__Ascomycota.g__Melanocarpus
494,OTU502,356,1,296,681,382,678,83,470,8.07e-132,95.286,p__Chytridiomycota,c__Chytridiomycota_cls_Incertae_sedis,o__Chytridiomycota_ord_Incertae_sedis,f__Chytridiomycota_fam_Incertae_sedis,g__Chytridiomycota_gen_Incertae_sedis,s__Chytridiomycota_sp,Chytridiomycota_sp,UDB02294519,SH1317225.09FU,reps,k__Fungi,OTU502.p__Chytridiomycota.g__Chytridiomycota_gen_Incertae_sedis
495,OTU503,288,1,214,516,288,501,74,357,5.24e-98,96.729,p__Ascomycota,c__Sordariomycetes,o__Microascales,f__Halosphaeriaceae,g__Halosphaeriaceae_gen_Incertae_sedis,s__Halosphaeriaceae_sp,Halosphaeriaceae_sp,UDB03251722,SH0888087.09FU,reps,k__Fungi,OTU503.p__Ascomycota.g__Halosphaeriaceae_gen_Incertae_sedis
496,OTU504,344,297,342,1125,57,12,13,69.4,3.31e-11,93.478,p__Ascomycota,c__Sordariomycetes,o__Hypocreales,f__Nectriaceae,g__Fusarium,s__Fusarium_oxysporum,Fusarium_oxysporum,UDB041458,SH1099032.09FU,reps,k__Fungi,OTU504.p__Ascomycota.g__Fusarium
497,OTU505,288,1,227,479,253,479,79,403,6.63e-112,98.678,p__Ascomycota,c__Sordariomycetes,o__Xylariales,f__Xylariales_fam_Incertae_sedis,g__Fusidium,s__Fusidium_sp,Fusidium_sp,UDB02243188,SH0953614.09FU,reps,k__Fungi,OTU505.p__Ascomycota.g__Fusidium
498,OTU507,338,299,336,1125,49,12,11,65.8,4.21e-10,97.368,p__Ascomycota,c__Sordariomycetes,o__Hypocreales,f__Nectriaceae,g__Fusarium,s__Fusarium_oxysporum,Fusarium_oxysporum,UDB041458,SH1099032.09FU,reps,k__Fungi,OTU507.p__Ascomycota.g__Fusarium
499,OTU508,259,1,199,458,260,458,77,363,1e-99,99.497,p__Ascomycota,c__Dothideomycetes,o__Mycosphaerellales,f__Mycosphaerellaceae,g__Cercospora,s__Cercospora_sojina,Cercospora_sojina,JX143659,SH3228237.09FU,refs,k__Fungi,OTU508.p__Ascomycota.g__Cercospora
500,OTU509,252,1,158,424,246,399,63,217,8.01e-56,91.824,p__Basidiomycota,c__Tremellomycetes,o__Tremellales,f__Bulleribasidiaceae,g__Bulleribasidium,s__Bulleribasidium_hainanense,Bulleribasidium_hainanense,KY101802,SH1097979.09FU,refs,k__Fungi,OTU509.p__Basidiomycota.g__Bulleribasidium
501,OTU510,269,1,208,497,290,497,77,368,2.24e-101,98.558,p__Ascomycota,c__Dothideomycetes,o__Pleosporales,f__Sporormiaceae,g__Sporormiaceae_gen_Incertae_sedis,s__Sporormiaceae_sp,Sporormiaceae_sp,UDB07556856,SH0921793.09FU,reps,k__Fungi,OTU510.p__Ascomycota.g__Sporormiaceae_gen_Incertae_sedis
502,OTU511,272,1,220,472,253,472,81,351,2.29e-96,95.495,p__Ascomycota,c__Sordariomycetes,o__Xylariales,f__Xylariaceae,g__Xylaria,s__Xylaria_sp,Xylaria_sp,MK247891,SH1101501.09FU,reps,k__Fungi,OTU511.p__Ascomycota.g__Xylaria
503,OTU512,260,1,190,438,237,429,73,276,1.35e-73,92.784,p__Ascomycota,c__Dothideomycetes,o__Mycosphaerellales,f__Mycosphaerellaceae,g__Teratoramularia,s__Teratoramularia_rumicicola,Teratoramularia_rumicicola,KX287550,SH1085508.09FU,refs,k__Fungi,OTU512.p__Ascomycota.g__Teratoramularia
504,OTU513,334,297,332,758,510,545,11,67.6,1.15e-10,100,p__Basidiomycota,c__Agaricomycetes,o__Auriculariales,f__Auriculariales_fam_Incertae_sedis,g__Auriculariales_gen_Incertae_sedis,s__Auriculariales_sp,Auriculariales_sp,JQ272342,SH0954825.09FU,reps,k__Fungi,OTU513.p__Basidiomycota.g__Auriculariales_gen_Incertae_sedis
505,OTU514,265,1,205,472,268,472,77,374,4.75e-103,99.512,p__Ascomycota,c__Sordariomycetes,o__Sordariales,f__Neoschizotheciaceae,g__Neoschizothecium,s__Neoschizothecium_carpinicola,Neoschizothecium_carpinicola,AY999118,SH0965557.09FU,refs,k__Fungi,OTU514.p__Ascomycota.g__Neoschizothecium
506,OTU515,288,1,227,497,271,497,79,409,1.43e-113,99.119,p__Ascomycota,c__Sordariomycetes,o__Sordariomycetes_ord_Incertae_sedis,f__Sordariomycetes_fam_Incertae_sedis,g__Sordariomycetes_gen_Incertae_sedis,s__Sordariomycetes_sp,Sordariomycetes_sp,UDB03568840,SH0943376.09FU,reps,k__Fungi,OTU515.p__Ascomycota.g__Sordariomycetes_gen_Incertae_sedis
507,OTU516,263,1,219,457,238,457,83,222,1.8e-57,85.202,p__Ascomycota,c__Leotiomycetes,o__Rhytismatales,f__Cudoniaceae,g__Cudoniaceae_gen_Incertae_sedis,s__Cudoniaceae_sp,Cudoniaceae_sp,KC833172,SH0996011.09FU,reps,k__Fungi,OTU516.p__Ascomycota.g__Cudoniaceae_gen_Incertae_sedis
508,OTU517,316,1,252,454,206,454,80,435,2.59e-121,98.016,p__Glomeromycota,c__Glomeromycetes,o__Glomerales,f__Glomeraceae,g__Glomus,s__Glomus_sp,Glomus_sp,UDB03146139,SH0958711.09FU,reps,k__Fungi,OTU517.p__Glomeromycota.g__Glomus
509,OTU518,292,1,233,478,243,477,80,327,4.14e-89,91.949,p__Ascomycota,c__Dothideomycetes,o__Mycosphaerellales,f__Phaeothecoidiellaceae,g__Translucidithyrium,s__Translucidithyrium_thailandicum,Translucidithyrium_thailandicum,MG993045,SH2105108.09FU,refs_singleton,k__Fungi,OTU518.p__Ascomycota.g__Translucidithyrium
510,OTU519,282,1,243,530,280,521,86,431,2.97e-120,98.77,p__Ascomycota,c__Eurotiomycetes,o__Eurotiales,f__Aspergillaceae,g__Penicillium,s__Penicillium_oxalicum,Penicillium_oxalicum,KX090323,SH1226753.09FU,reps,k__Fungi,OTU519.p__Ascomycota.g__Penicillium
511,OTU520,260,1,199,457,259,457,77,368,2.16e-101,100,p__Ascomycota,c__Ascomycota_cls_Incertae_sedis,o__Ascomycota_ord_Incertae_sedis,f__Ascomycota_fam_Incertae_sedis,g__Ascomycota_gen_Incertae_sedis,s__Ascomycota_sp,Ascomycota_sp,UDB01384894,SH1035399.09FU,reps,k__Fungi,OTU520.p__Ascomycota.g__Ascomycota_gen_Incertae_sedis
512,OTU521,321,1,260,507,248,507,81,470,7.21e-132,99.231,p__Ascomycota,c__Sordariomycetes,o__Xylariales,f__Amphisphaeriaceae,g__Polyscytalum,s__Polyscytalum_sp,Polyscytalum_sp,UDB05165149,SH0960430.09FU,reps,k__Fungi,OTU521.p__Ascomycota.g__Polyscytalum
513,OTU522,283,1,223,536,313,536,79,368,2.37e-101,96.429,p__Ascomycota,c__Sordariomycetes,o__Xylariales,f__Diatrypaceae,g__Monosporascus,s__Monosporascus_sp,Monosporascus_sp,MK808708,SH1290673.09FU,reps,k__Fungi,OTU522.p__Ascomycota.g__Monosporascus
514,OTU523,281,1,221,484,264,484,79,398,3e-110,99.095,p__Ascomycota,c__Sordariomycetes,o__Sordariales,f__Chaetomiaceae,g__Dichotomopilus,s__Dichotomopilus_ramosissimus,Dichotomopilus_ramosissimus,GU563371,SH0881880.09FU,refs,k__Fungi,OTU523.p__Ascomycota.g__Dichotomopilus
515,OTU524,269,1,209,484,276,484,78,387,6.2e-107,100,p__Ascomycota,c__Dothideomycetes,o__Pleosporales,f__Pleosporales_fam_Incertae_sedis,g__Pleosporales_gen_Incertae_sedis,s__Pleosporales_sp,Pleosporales_sp,KP757574,SH0906662.09FU,reps,k__Fungi,OTU524.p__Ascomycota.g__Pleosporales_gen_Incertae_sedis
516,OTU525,360,1,239,640,366,615,66,296,1.47e-79,88.8,p__Basidiomycota,c__Agaricomycetes,o__Agaricomycetes_ord_Incertae_sedis,f__Agaricomycetes_fam_Incertae_sedis,g__Agaricomycetes_gen_Incertae_sedis,s__Agaricomycetes_sp,Agaricomycetes_sp,UDB0939142,SH1076928.09FU,reps,k__Fungi,OTU525.p__Basidiomycota.g__Agaricomycetes_gen_Incertae_sedis
517,OTU526,372,337,370,758,512,545,9,63.9,1.68e-09,100,p__Basidiomycota,c__Agaricomycetes,o__Auriculariales,f__Auriculariales_fam_Incertae_sedis,g__Auriculariales_gen_Incertae_sedis,s__Auriculariales_sp,Auriculariales_sp,JQ272342,SH0954825.09FU,reps,k__Fungi,OTU526.p__Basidiomycota.g__Auriculariales_gen_Incertae_sedis
518,OTU527,361,1,300,674,369,674,83,455,2.29e-127,93.851,p__Basidiomycota,c__Agaricomycetes,o__Agaricales,f__Stephanosporaceae,g__Stephanosporaceae_gen_Incertae_sedis,s__Stephanosporaceae_sp,Stephanosporaceae_sp,UDB07582881,SH1168642.09FU,reps,k__Fungi,OTU527.p__Basidiomycota.g__Stephanosporaceae_gen_Incertae_sedis
519,OTU528,271,1,210,474,265,474,77,383,8.08e-106,99.524,p__Ascomycota,c__Sordariomycetes,o__Hypocreales,f__Hypocreales_fam_Incertae_sedis,g__Sesquicillium,s__Sesquicillium_sp,Sesquicillium_sp,UDB07010688,SH0978443.09FU,reps,k__Fungi,OTU528.p__Ascomycota.g__Sesquicillium
520,OTU529,282,1,220,502,286,502,78,359,1.42e-98,96.364,p__Ascomycota,c__Eurotiomycetes,o__Eurotiales,f__Aspergillaceae,g__Penicillium,s__Penicillium_sp,Penicillium_sp,UDB03825939,SH0907018.09FU,reps,k__Fungi,OTU529.p__Ascomycota.g__Penicillium
521,OTU530,325,1,247,552,293,539,76,318,2.8e-86,89.919,p__Basidiomycota,c__Agaricomycetes,o__Agaricales,f__Agaricales_fam_Incertae_sedis,g__Agaricales_gen_Incertae_sedis,s__Agaricales_sp,Agaricales_sp,UDB03521157,SH1213966.09FU,reps,k__Fungi,OTU530.p__Basidiomycota.g__Agaricales_gen_Incertae_sedis
522,OTU531,321,1,260,591,335,591,81,366,9.73e-101,92.308,p__Basidiomycota,c__Agaricomycetes,o__Agaricales,f__Entolomataceae,g__Entoloma,s__Entoloma_sp,Entoloma_sp,UDB05329235,SH1167378.09FU,reps,k__Fungi,OTU531.p__Basidiomycota.g__Entoloma
523,OTU532,346,1,286,582,299,582,83,505,2.14e-142,98.606,p__Basidiomycota,c__Agaricomycetes,o__Agaricomycetes_ord_Incertae_sedis,f__Agaricomycetes_fam_Incertae_sedis,g__Agaricomycetes_gen_Incertae_sedis,s__Agaricomycetes_sp,Agaricomycetes_sp,GQ221863,SH1263236.09FU,reps,k__Fungi,OTU532.p__Basidiomycota.g__Agaricomycetes_gen_Incertae_sedis
524,OTU533,291,1,230,577,352,577,79,300,9e-81,90.476,p__Ascomycota,c__Eurotiomycetes,o__Chaetothyriales,f__Herpotrichiellaceae,g__Herpotrichiellaceae_gen_Incertae_sedis,s__Herpotrichiellaceae_sp,Herpotrichiellaceae_sp,UDB03374380,SH1119522.09FU,reps,k__Fungi,OTU533.p__Ascomycota.g__Herpotrichiellaceae_gen_Incertae_sedis
525,OTU534,355,308,353,1125,57,12,13,69.4,3.43e-11,93.478,p__Ascomycota,c__Sordariomycetes,o__Hypocreales,f__Nectriaceae,g__Fusarium,s__Fusarium_oxysporum,Fusarium_oxysporum,UDB041458,SH1099032.09FU,reps,k__Fungi,OTU534.p__Ascomycota.g__Fusarium
526,OTU535,326,279,324,1125,57,12,14,69.4,3.13e-11,93.478,p__Ascomycota,c__Sordariomycetes,o__Hypocreales,f__Nectriaceae,g__Fusarium,s__Fusarium_oxysporum,Fusarium_oxysporum,UDB041458,SH1099032.09FU,reps,k__Fungi,OTU535.p__Ascomycota.g__Fusarium
527,OTU536,345,298,343,1125,57,12,13,69.4,3.32e-11,93.478,p__Ascomycota,c__Sordariomycetes,o__Hypocreales,f__Nectriaceae,g__Fusarium,s__Fusarium_oxysporum,Fusarium_oxysporum,UDB041458,SH1099032.09FU,reps,k__Fungi,OTU536.p__Ascomycota.g__Fusarium
528,OTU537,248,1,188,424,246,424,76,233,7.81e-61,89.947,p__Basidiomycota,c__Tremellomycetes,o__Tremellales,f__Bulleribasidiaceae,g__Bulleribasidium,s__Bulleribasidium_hainanense,Bulleribasidium_hainanense,KY101802,SH1097979.09FU,refs,k__Fungi,OTU537.p__Basidiomycota.g__Bulleribasidium
529,OTU538,285,1,233,498,266,498,82,431,3.01e-120,100,p__Ascomycota,c__Sordariomycetes,o__Hypocreales,f__Nectriaceae,g__Nectriaceae_gen_Incertae_sedis,s__Nectriaceae_sp,Nectriaceae_sp,MK715412,SH1079440.09FU,reps,k__Fungi,OTU538.p__Ascomycota.g__Nectriaceae_gen_Incertae_sedis
530,OTU539,239,1,179,430,252,430,75,331,2.58e-90,100,p__Ascomycota,c__Saccharomycetes,o__Saccharomycetales,f__Saccharomycetales_fam_Incertae_sedis,g__Candida,s__Candida_orthopsilosis,Candida_orthopsilosis,AJ698048,SH1595843.09FU,refs,k__Fungi,OTU539.p__Ascomycota.g__Candida
531,OTU540,255,1,202,449,248,449,79,374,4.55e-103,100,p__Ascomycota,c__Dothideomycetes,o__Mycosphaerellales,f__Mycosphaerellaceae,g__Neoceratosperma,s__Neoceratosperma_haldinae,Neoceratosperma_haldinae,MF951328,SH1086910.09FU,refs,k__Fungi,OTU540.p__Ascomycota.g__Neoceratosperma
532,OTU541,221,151,221,451,270,201,32,69.4,2.05e-11,84.932,p__Ascomycota,c__Ascomycota_cls_Incertae_sedis,o__Ascomycota_ord_Incertae_sedis,f__Ascomycota_fam_Incertae_sedis,g__Ascomycota_gen_Incertae_sedis,s__Ascomycota_sp,Ascomycota_sp,UDB01393172,SH1316215.09FU,reps,k__Fungi,OTU541.p__Ascomycota.g__Ascomycota_gen_Incertae_sedis
533,OTU542,255,1,212,475,267,475,83,261,3.69e-69,89.252,p__Fungi_phy_Incertae_sedis,c__Fungi_cls_Incertae_sedis,o__Fungi_ord_Incertae_sedis,f__Fungi_fam_Incertae_sedis,g__Fungi_gen_Incertae_sedis,s__Fungi_sp,Fungi_sp,UDB0784067,SH0980559.09FU,reps,k__Fungi,OTU542.p__Fungi_phy_Incertae_sedis.g__Fungi_gen_Incertae_sedis
534,OTU543,330,283,328,1125,57,12,14,69.4,3.17e-11,93.478,p__Ascomycota,c__Sordariomycetes,o__Hypocreales,f__Nectriaceae,g__Fusarium,s__Fusarium_oxysporum,Fusarium_oxysporum,UDB041458,SH1099032.09FU,reps,k__Fungi,OTU543.p__Ascomycota.g__Fusarium
535,OTU545,354,1,234,530,261,482,66,228,5.33e-59,85.106,p__Chytridiomycota,c__Chytridiomycetes,o__Chytridiomycetes_ord_Incertae_sedis,f__Chytridiomycetes_fam_Incertae_sedis,g__Chytridiomycetes_gen_Incertae_sedis,s__Chytridiomycetes_sp,Chytridiomycetes_sp,UDB038297,SH1133438.09FU,reps,k__Fungi,OTU545.p__Chytridiomycota.g__Chytridiomycetes_gen_Incertae_sedis
536,OTU546,271,1,211,548,338,548,78,385,2.25e-106,99.526,p__Ascomycota,c__Dothideomycetes,o__Pleosporales,f__Pleosporales_fam_Incertae_sedis,g__Pleosporales_gen_Incertae_sedis,s__Pleosporales_sp,Pleosporales_sp,JN116650,SH1303838.09FU,reps,k__Fungi,OTU546.p__Ascomycota.g__Pleosporales_gen_Incertae_sedis
537,OTU548,283,1,223,437,215,437,79,374,5.1e-103,96.861,p__Basidiomycota,c__Tremellomycetes,o__Tremellales,f__Trimorphomycetaceae,g__Saitozyma,s__Saitozyma_sp,Saitozyma_sp,JX984705,SH0998098.09FU,reps,k__Fungi,OTU548.p__Basidiomycota.g__Saitozyma
538,OTU549,270,1,209,455,247,455,77,387,6.22e-107,100,p__Ascomycota,c__Dothideomycetes,o__Pleosporales,f__Sporormiaceae,g__Sporormia,s__Sporormia_sp,Sporormia_sp,UDB07554500,SH1031381.09FU,reps,k__Fungi,OTU549.p__Ascomycota.g__Sporormia
539,OTU550,285,1,225,471,245,471,79,396,1.1e-109,98.238,p__Ascomycota,c__Sordariomycetes,o__Magnaporthales,f__Magnaporthaceae,g__Falciphora,s__Falciphora_oryzae,Falciphora_oryzae,EU636699,SH0933327.09FU,refs,k__Fungi,OTU550.p__Ascomycota.g__Falciphora
540,OTU552,266,1,206,477,272,477,77,364,2.87e-100,98.544,p__Ascomycota,c__Sordariomycetes,o__Sordariales,f__Chaetomiaceae,g__Ovatospora,s__Ovatospora_sp,Ovatospora_sp,UDB0769678,SH0881748.09FU,reps,k__Fungi,OTU552.p__Ascomycota.g__Ovatospora
541,OTU553,357,320,355,758,510,545,10,67.6,1.24e-10,100,p__Basidiomycota,c__Agaricomycetes,o__Auriculariales,f__Auriculariales_fam_Incertae_sedis,g__Auriculariales_gen_Incertae_sedis,s__Auriculariales_sp,Auriculariales_sp,JQ272342,SH0954825.09FU,reps,k__Fungi,OTU553.p__Basidiomycota.g__Auriculariales_gen_Incertae_sedis
542,OTU554,388,1,327,688,362,688,84,582,1.09e-165,98.777,p__Basidiomycota,c__Agaricomycetes,o__Agaricales,f__Marasmiaceae,g__Marasmius,s__Marasmius_sp,Marasmius_sp,UDB03233012,SH1132911.09FU,reps,k__Fungi,OTU554.p__Basidiomycota.g__Marasmius
543,OTU555,288,1,227,479,253,479,79,414,3.06e-115,99.559,p__Ascomycota,c__Sordariomycetes,o__Sordariomycetes_ord_Incertae_sedis,f__Sordariomycetes_fam_Incertae_sedis,g__Sordariomycetes_gen_Incertae_sedis,s__Sordariomycetes_sp,Sordariomycetes_sp,UDB02236844,SH0953482.09FU,reps,k__Fungi,OTU555.p__Ascomycota.g__Sordariomycetes_gen_Incertae_sedis
544,OTU556,346,1,285,655,372,655,82,425,1.72e-118,93.706,p__Chytridiomycota,c__Spizellomycetes,o__Spizellomycetales,f__Spizellomycetales_fam_Incertae_sedis,g__Spizellomycetales_gen_Incertae_sedis,s__Spizellomycetales_sp,Spizellomycetales_sp,UDB07382627,SH1147245.09FU,reps,k__Fungi,OTU556.p__Chytridiomycota.g__Spizellomycetales_gen_Incertae_sedis
545,OTU557,294,1,251,483,232,483,85,425,1.44e-118,97.222,p__Basidiomycota,c__Tremellomycetes,o__Tremellales,f__Tremellales_fam_Incertae_sedis,g__Tremellales_gen_Incertae_sedis,s__Tremellales_sp,Tremellales_sp,OM480723,SH0960110.09FU,reps,k__Fungi,OTU557.p__Basidiomycota.g__Tremellales_gen_Incertae_sedis
546,OTU558,280,1,211,509,296,504,75,283,8.74e-76,91.08,p__Ascomycota,c__Eurotiomycetes,o__Chaetothyriales,f__Chaetothyriaceae,g__Ceramothyrium,s__Ceramothyrium_chiangraiense,Ceramothyrium_chiangraiense,MN481190,SH1373415.09FU,refs_singleton,k__Fungi,OTU558.p__Ascomycota.g__Ceramothyrium
547,OTU559,269,1,196,478,270,463,73,300,8.3e-81,94.416,p__Ascomycota,c__Dothideomycetes,o__Capnodiales,f__Neodevriesiaceae,g__Neodevriesia,s__Neodevriesia_kalakoutskii,Neodevriesia_kalakoutskii,MZ025963,SH0960553.09FU,refs,k__Fungi,OTU559.p__Ascomycota.g__Neodevriesia
548,OTU560,265,1,205,430,227,430,77,366,7.94e-101,99.024,p__Ascomycota,c__Sordariomycetes,o__Sordariales,f__Sordariales_fam_Incertae_sedis,g__Sordariales_gen_Incertae_sedis,s__Sordariales_sp,Sordariales_sp,KT220677,SH0994640.09FU,reps,k__Fungi,OTU560.p__Ascomycota.g__Sordariales_gen_Incertae_sedis
549,OTU561,292,1,231,504,273,504,79,405,1.86e-112,98.276,p__Ascomycota,c__Sordariomycetes,o__Sordariales,f__Sordariales_fam_Incertae_sedis,g__Sordariales_gen_Incertae_sedis,s__Sordariales_sp,Sordariales_sp,UDB07296072,SH0945000.09FU,reps,k__Fungi,OTU561.p__Ascomycota.g__Sordariales_gen_Incertae_sedis
550,OTU562,342,295,340,1125,57,12,13,69.4,3.29e-11,93.478,p__Ascomycota,c__Sordariomycetes,o__Hypocreales,f__Nectriaceae,g__Fusarium,s__Fusarium_oxysporum,Fusarium_oxysporum,UDB041458,SH1099032.09FU,reps,k__Fungi,OTU562.p__Ascomycota.g__Fusarium
551,OTU563,395,356,393,758,508,545,10,71.3,1.07e-11,100,p__Basidiomycota,c__Agaricomycetes,o__Auriculariales,f__Auriculariales_fam_Incertae_sedis,g__Auriculariales_gen_Incertae_sedis,s__Auriculariales_sp,Auriculariales_sp,JQ272342,SH0954825.09FU,reps,k__Fungi,OTU563.p__Basidiomycota.g__Auriculariales_gen_Incertae_sedis
552,OTU564,272,1,211,507,297,507,78,379,1.05e-104,99.052,p__Ascomycota,c__Dothideomycetes,o__Pleosporales,f__Cucurbitariaceae,g__Cucurbitariaceae_gen_Incertae_sedis,s__Cucurbitariaceae_sp,Cucurbitariaceae_sp,UDB04471693,SH0950832.09FU,reps,k__Fungi,OTU564.p__Ascomycota.g__Cucurbitariaceae_gen_Incertae_sedis
553,OTU565,358,321,356,758,510,545,10,67.6,1.24e-10,100,p__Basidiomycota,c__Agaricomycetes,o__Auriculariales,f__Auriculariales_fam_Incertae_sedis,g__Auriculariales_gen_Incertae_sedis,s__Auriculariales_sp,Auriculariales_sp,JQ272342,SH0954825.09FU,reps,k__Fungi,OTU565.p__Basidiomycota.g__Auriculariales_gen_Incertae_sedis
554,OTU566,360,1,63,468,240,302,18,111,5.7e-24,98.413,p__Ascomycota,c__Taphrinomycetes,o__Taphrinales,f__Protomycetaceae,g__Protomyces,s__Protomyces_sp,Protomyces_sp,UDB05262281,SH1022420.09FU,reps,k__Fungi,OTU566.p__Ascomycota.g__Protomyces
555,OTU567,286,1,212,542,313,526,74,167,9.4e-41,81.019,p__Ascomycota,c__Eurotiomycetes,o__Chaetothyriales,f__Trichomeriaceae,g__Knufia,s__Knufia_sp,Knufia_sp,UDB02317919,SH1071072.09FU,reps,k__Fungi,OTU567.p__Ascomycota.g__Knufia
556,OTU568,283,1,230,479,251,479,81,401,2.34e-111,98.261,p__Ascomycota,c__Sordariomycetes,o__Ophiostomatales,f__Ophiostomataceae,g__Sporothrix,s__Sporothrix_sclerotialis,Sporothrix_sclerotialis,MH861068,SH0946114.09FU,refs,k__Fungi,OTU568.p__Ascomycota.g__Sporothrix
557,OTU569,279,1,194,515,295,488,70,265,3.15e-70,91.371,p__Ascomycota,c__Eurotiomycetes,o__Onygenales,f__Gymnoascaceae,g__Gymnoascus,s__Gymnoascus_petalosporus,Gymnoascus_petalosporus,AB361639,SH1281029.09FU,reps,k__Fungi,OTU569.p__Ascomycota.g__Gymnoascus
558,OTU570,350,303,348,1125,57,12,13,69.4,3.38e-11,93.478,p__Ascomycota,c__Sordariomycetes,o__Hypocreales,f__Nectriaceae,g__Fusarium,s__Fusarium_oxysporum,Fusarium_oxysporum,UDB041458,SH1099032.09FU,reps,k__Fungi,OTU570.p__Ascomycota.g__Fusarium
559,OTU571,391,344,389,1125,57,12,12,69.4,3.8e-11,93.478,p__Ascomycota,c__Sordariomycetes,o__Hypocreales,f__Nectriaceae,g__Fusarium,s__Fusarium_oxysporum,Fusarium_oxysporum,UDB041458,SH1099032.09FU,reps,k__Fungi,OTU571.p__Ascomycota.g__Fusarium
560,OTU572,342,295,340,1125,57,12,13,69.4,3.29e-11,93.478,p__Ascomycota,c__Sordariomycetes,o__Hypocreales,f__Nectriaceae,g__Fusarium,s__Fusarium_oxysporum,Fusarium_oxysporum,UDB041458,SH1099032.09FU,reps,k__Fungi,OTU572.p__Ascomycota.g__Fusarium
561,OTU573,351,1,290,537,249,537,83,523,6.01e-148,99.31,p__Mortierellomycota,c__Mortierellomycetes,o__Mortierellales,f__Mortierellaceae,g__Mortierella,s__Mortierella_sp,Mortierella_sp,UDB04815101,SH1201177.09FU,reps,k__Fungi,OTU573.p__Mortierellomycota.g__Mortierella
562,OTU574,267,1,206,452,247,452,77,381,2.86e-105,100,p__Ascomycota,c__Sordariomycetes,o__Sordariales,f__Sordariales_fam_Incertae_sedis,g__Sordariales_gen_Incertae_sedis,s__Sordariales_sp,Sordariales_sp,UDB06300720,SH1000606.09FU,reps,k__Fungi,OTU574.p__Ascomycota.g__Sordariales_gen_Incertae_sedis
563,OTU575,352,305,350,1125,57,12,13,69.4,3.4e-11,93.478,p__Ascomycota,c__Sordariomycetes,o__Hypocreales,f__Nectriaceae,g__Fusarium,s__Fusarium_oxysporum,Fusarium_oxysporum,UDB041458,SH1099032.09FU,reps,k__Fungi,OTU575.p__Ascomycota.g__Fusarium
564,OTU576,268,1,208,447,241,447,78,311,3.82e-84,93.75,p__Ascomycota,c__Sordariomycetes,o__Sordariales,f__Podosporaceae,g__Podospora,s__Podospora_dimorpha,Podospora_dimorpha,DQ166963,SH1446932.09FU,refs_singleton,k__Fungi,OTU576.p__Ascomycota.g__Podospora
565,OTU577,254,1,193,410,218,410,76,357,4.56e-98,100,p__Basidiomycota,c__Tremellomycetes,o__Tremellales,f__Bulleribasidiaceae,g__Vishniacozyma,s__Vishniacozyma_pseudopenaeus,Vishniacozyma_pseudopenaeus,MK050333,SH0994203.09FU,refs,k__Fungi,OTU577.p__Basidiomycota.g__Vishniacozyma
566,OTU578,357,1,296,658,361,658,83,399,1.08e-110,91.118,p__Basidiomycota,c__Agaricomycetes,o__Agaricales,f__Stephanosporaceae,g__Stephanosporaceae_gen_Incertae_sedis,s__Stephanosporaceae_sp,Stephanosporaceae_sp,UDB07581505,SH1194953.09FU,reps,k__Fungi,OTU578.p__Basidiomycota.g__Stephanosporaceae_gen_Incertae_sedis
567,OTU579,376,340,374,758,511,545,9,65.8,4.72e-10,100,p__Basidiomycota,c__Agaricomycetes,o__Auriculariales,f__Auriculariales_fam_Incertae_sedis,g__Auriculariales_gen_Incertae_sedis,s__Auriculariales_sp,Auriculariales_sp,JQ272342,SH0954825.09FU,reps,k__Fungi,OTU579.p__Basidiomycota.g__Auriculariales_gen_Incertae_sedis
568,OTU580,268,1,208,486,279,486,78,379,1.03e-104,99.519,p__Ascomycota,c__Sordariomycetes,o__Sordariales,f__Sordariales_fam_Incertae_sedis,g__Staphylotrichum,s__Staphylotrichum_boninense,Staphylotrichum_boninense,AB625580,SH0881469.09FU,refs,k__Fungi,OTU580.p__Ascomycota.g__Staphylotrichum
569,OTU581,272,1,211,512,302,512,78,385,2.26e-106,99.526,p__Ascomycota,c__Dothideomycetes,o__Tubeufiales,f__Tubeufiaceae,g__Helicoma,s__Helicoma_sp,Helicoma_sp,UDB03297991,SH1306063.09FU,reps,k__Fungi,OTU581.p__Ascomycota.g__Helicoma
570,OTU582,303,1,141,493,282,417,47,156,2.15e-37,87.324,p__Ascomycota,c__Pezizomycotina_cls_Incertae_sedis,o__Pezizomycotina_ord_Incertae_sedis,f__Pezizomycotina_fam_Incertae_sedis,g__Cryptophiale,s__Cryptophiale_udagawae,Cryptophiale_udagawae,OL628579,SH0986854.09FU,reps,k__Fungi,OTU582.p__Ascomycota.g__Cryptophiale
571,OTU583,273,1,203,501,289,492,74,231,3.12e-60,87.317,p__Ascomycota,c__Pezizomycetes,o__Pezizales,f__Pyronemataceae,g__Parawilcoxina,s__Parawilcoxina_inexpectata,Parawilcoxina_inexpectata,UDB0193102,SH1200141.09FU,reps,k__Fungi,OTU583.p__Ascomycota.g__Parawilcoxina
572,OTU584,262,1,218,478,261,478,83,398,2.78e-110,99.541,p__Ascomycota,c__Dothideomycetes,o__Pleosporales,f__Cucurbitariaceae,g__Pyrenochaetopsis,s__Pyrenochaetopsis_tabarestanensis,Pyrenochaetopsis_tabarestanensis,KF730241,SH2789239.09FU,refs_singleton,k__Fungi,OTU584.p__Ascomycota.g__Pyrenochaetopsis
573,OTU585,290,1,231,501,271,501,80,405,1.85e-112,98.268,p__Ascomycota,c__Sordariomycetes,o__Hypocreales,f__Nectriaceae,g__Sarcopodium,s__Sarcopodium_durantae,Sarcopodium_durantae,MT386004,SH1074049.09FU,refs,k__Fungi,OTU585.p__Ascomycota.g__Sarcopodium
574,OTU586,355,1,353,849,782,431,99,562,1.29e-159,95.506,p__Ascomycota,c__GS35,o__GS35_ord_Incertae_sedis,f__GS35_fam_Incertae_sedis,g__GS35_gen_Incertae_sedis,s__GS35_sp,GS35_sp,UDB097091,SH1322839.09FU,reps,k__Fungi,OTU586.p__Ascomycota.g__GS35_gen_Incertae_sedis
575,OTU587,313,1,230,552,324,532,73,239,2.15e-62,87.013,p__Ascomycota,c__Eurotiomycetes,o__Eurotiomycetes_ord_Incertae_sedis,f__Eurotiomycetes_fam_Incertae_sedis,g__Eurotiomycetes_gen_Incertae_sedis,s__Eurotiomycetes_sp,Eurotiomycetes_sp,UDB01946566,SH1321952.09FU,reps,k__Fungi,OTU587.p__Ascomycota.g__Eurotiomycetes_gen_Incertae_sedis
576,OTU588,265,1,204,468,264,468,77,361,3.69e-99,98.537,p__Ascomycota,c__Leotiomycetes,o__Helotiales,f__Helotiaceae,g__Hymenoscyphus,s__Hymenoscyphus_sp,Hymenoscyphus_sp,UDB03547518,SH0979199.09FU,reps,k__Fungi,OTU588.p__Ascomycota.g__Hymenoscyphus
577,OTU589,336,1,52,892,392,443,15,91.6,6.89e-18,98.077,p__Chytridiomycota,c__Mesochytriomycetes,o__Gromochytriales,f__Gromochytriaceae,g__Gromochytrium,s__Gromochytrium_mamkaevae,Gromochytrium_mamkaevae,KF586842,SH2106529.09FU,refs_singleton,k__Fungi,OTU589.p__Chytridiomycota.g__Gromochytrium
578,OTU590,271,1,202,488,279,480,75,351,2.28e-96,98.02,p__Ascomycota,c__Sordariomycetes,o__Sordariales,f__Schizotheciaceae,g__Pseudoechria,s__Pseudoechria_decidua,Pseudoechria_decidua,MH860104,SH0962343.09FU,refs,k__Fungi,OTU590.p__Ascomycota.g__Pseudoechria
579,OTU592,320,1,260,511,252,511,81,481,3.32e-135,100,p__Basidiomycota,c__Microbotryomycetes,o__Sporidiobolales,f__Sporidiobolaceae,g__Sporobolomyces,s__Sporobolomyces_cellobiolyticus,Sporobolomyces_cellobiolyticus,MK050406,SH0882317.09FU,refs,k__Fungi,OTU592.p__Basidiomycota.g__Sporobolomyces
580,OTU593,290,1,230,491,262,491,79,414,3.07e-115,99.13,p__Ascomycota,c__Sordariomycetes,o__Magnaporthales,f__Magnaporthaceae,g__Magnaporthiopsis,s__Magnaporthiopsis_sp,Magnaporthiopsis_sp,MK808967,SH0933279.09FU,reps,k__Fungi,OTU593.p__Ascomycota.g__Magnaporthiopsis
581,OTU594,290,1,230,450,221,450,79,420,6.6e-117,99.565,p__Basidiomycota,c__Tremellomycetes,o__Tremellales,f__Cuniculitremaceae,g__Kockovaella,s__Kockovaella_ischaemi,Kockovaella_ischaemi,MK050276,SH0996972.09FU,refs,k__Fungi,OTU594.p__Basidiomycota.g__Kockovaella
582,OTU595,298,1,238,493,256,493,80,440,5.22e-123,100,p__Fungi_phy_Incertae_sedis,c__Fungi_cls_Incertae_sedis,o__Fungi_ord_Incertae_sedis,f__Fungi_fam_Incertae_sedis,g__Fungi_gen_Incertae_sedis,s__Fungi_sp,Fungi_sp,KJ834349,SH0929099.09FU,reps,k__Fungi,OTU595.p__Fungi_phy_Incertae_sedis.g__Fungi_gen_Incertae_sedis
583,OTU596,266,1,205,469,265,469,77,363,1.03e-99,98.537,p__Ascomycota,c__Pezizomycotina_cls_Incertae_sedis,o__Pezizomycotina_ord_Incertae_sedis,f__Pezizomycotina_fam_Incertae_sedis,g__Pezizomycotina_gen_Incertae_sedis,s__Pezizomycotina_sp,Pezizomycotina_sp,UDB04360278,SH0984001.09FU,reps,k__Fungi,OTU596.p__Ascomycota.g__Pezizomycotina_gen_Incertae_sedis
584,OTU597,271,1,210,472,262,472,77,383,8.08e-106,99.526,p__Ascomycota,c__Dothideomycetes,o__Pleosporales,f__Pleosporales_fam_Incertae_sedis,g__Pleosporales_gen_Incertae_sedis,s__Pleosporales_sp,Pleosporales_sp,UDB02736861,SH0977862.09FU,reps,k__Fungi,OTU597.p__Ascomycota.g__Pleosporales_gen_Incertae_sedis
585,OTU598,275,1,214,487,275,487,78,366,8.27e-101,97.664,p__Ascomycota,c__Eurotiomycetes,o__Chaetothyriales,f__Herpotrichiellaceae,g__Capronia,s__Capronia_sp,Capronia_sp,UDB01623069,SH0910033.09FU,reps,k__Fungi,OTU598.p__Ascomycota.g__Capronia
586,OTU599,278,1,170,464,289,462,61,263,1.13e-69,94.253,p__Ascomycota,c__Eurotiomycetes,o__Chaetothyriales,f__Chaetothyriaceae,g__Ceramothyrium,s__Ceramothyrium_podocarpicola,Ceramothyrium_podocarpicola,MN562139,SH1700222.09FU,refs_singleton,k__Fungi,OTU599.p__Ascomycota.g__Ceramothyrium
587,OTU600,349,302,347,1125,57,12,13,69.4,3.36e-11,93.478,p__Ascomycota,c__Sordariomycetes,o__Hypocreales,f__Nectriaceae,g__Fusarium,s__Fusarium_oxysporum,Fusarium_oxysporum,UDB041458,SH1099032.09FU,reps,k__Fungi,OTU600.p__Ascomycota.g__Fusarium
588,OTU601,329,282,327,1125,57,12,14,69.4,3.16e-11,93.478,p__Ascomycota,c__Sordariomycetes,o__Hypocreales,f__Nectriaceae,g__Fusarium,s__Fusarium_oxysporum,Fusarium_oxysporum,UDB041458,SH1099032.09FU,reps,k__Fungi,OTU601.p__Ascomycota.g__Fusarium
589,OTU602,270,1,219,471,253,471,81,405,1.72e-112,100,p__Ascomycota,c__Sordariomycetes,o__Xylariales,f__Xylariales_fam_Incertae_sedis,g__Hansfordia,s__Hansfordia_pulvinata,Hansfordia_pulvinata,AY908995,SH0988190.09FU,reps,k__Fungi,OTU602.p__Ascomycota.g__Hansfordia
590,OTU603,349,1,288,599,312,599,83,499,1.01e-140,97.917,p__Chytridiomycota,c__Spizellomycetes,o__Spizellomycetales,f__Spizellomycetales_fam_Incertae_sedis,g__Spizellomycetales_gen_Incertae_sedis,s__Spizellomycetales_sp,Spizellomycetales_sp,UDB07382590,SH1167253.09FU,reps,k__Fungi,OTU603.p__Chytridiomycota.g__Spizellomycetales_gen_Incertae_sedis
591,OTU604,346,1,285,931,644,931,82,457,6.09e-128,95.517,p__Chytridiomycota,c__Chytridiomycota_cls_Incertae_sedis,o__Chytridiomycota_ord_Incertae_sedis,f__Chytridiomycota_fam_Incertae_sedis,g__Chytridiomycota_gen_Incertae_sedis,s__Chytridiomycota_sp,Chytridiomycota_sp,UDB02306651,SH1012151.09FU,reps,k__Fungi,OTU604.p__Chytridiomycota.g__Chytridiomycota_gen_Incertae_sedis
592,OTU605,305,1,244,539,296,539,80,429,1.16e-119,98.361,p__Basidiomycota,c__Agaricomycetes,o__Trechisporales,f__Hydnodontaceae,g__Subulicystidium,s__Subulicystidium_sp,Subulicystidium_sp,UDB07649058,SH1260377.09FU,reps,k__Fungi,OTU605.p__Basidiomycota.g__Subulicystidium
593,OTU606,262,1,201,482,282,482,77,344,3.67e-94,97.512,p__Ascomycota,c__Ascomycota_cls_Incertae_sedis,o__Ascomycota_ord_Incertae_sedis,f__Ascomycota_fam_Incertae_sedis,g__Ascomycota_gen_Incertae_sedis,s__Ascomycota_sp,Ascomycota_sp,UDB02986753,SH0956570.09FU,reps,k__Fungi,OTU606.p__Ascomycota.g__Ascomycota_gen_Incertae_sedis
594,OTU607,366,1,305,797,492,797,83,508,1.76e-143,96.732,p__Chytridiomycota,c__Spizellomycetes,o__Spizellomycetales,f__Spizellomycetaceae,g__Spizellomyces,s__Spizellomyces_sp,Spizellomyces_sp,FJ827726,SH1008340.09FU,reps,k__Fungi,OTU607.p__Chytridiomycota.g__Spizellomyces
595,OTU608,256,1,196,462,267,462,77,340,4.63e-93,97.959,p__Ascomycota,c__Dothideomycetes,o__Mycosphaerellales,f__Teratosphaeriaceae,g__Teratosphaeria,s__Teratosphaeria_sp,Teratosphaeria_sp,UDB05436886,SH0981328.09FU,reps,k__Fungi,OTU608.p__Ascomycota.g__Teratosphaeria
596,OTU609,310,1,262,576,315,576,85,484,2.48e-136,100,p__Ascomycota,c__Saccharomycetes,o__Saccharomycetales,f__Debaryomycetaceae,g__Schwanniomyces,s__Schwanniomyces_occidentalis,Schwanniomyces_occidentalis,AB054023,SH1029552.09FU,refs,k__Fungi,OTU609.p__Ascomycota.g__Schwanniomyces
597,OTU610,277,1,217,477,260,477,78,374,4.98e-103,97.706,p__Ascomycota,c__Dothideomycetes,o__Pleosporales,f__Phaeoseptaceae,g__Pleopunctum,s__Pleopunctum_ellipsoideum,Pleopunctum_ellipsoideum,MK804512,SH1168968.09FU,refs,k__Fungi,OTU610.p__Ascomycota.g__Pleopunctum
598,OTU611,315,1,253,454,202,454,80,390,5.66e-108,94.488,p__Glomeromycota,c__Glomeromycetes,o__Glomerales,f__Glomeraceae,g__Glomeraceae_gen_Incertae_sedis,s__Glomeraceae_sp,Glomeraceae_sp,UDB03128229,SH1035519.09FU,reps,k__Fungi,OTU611.p__Glomeromycota.g__Glomeraceae_gen_Incertae_sedis
599,OTU612,339,1,279,502,224,502,82,505,2.1e-142,99.283,p__Glomeromycota,c__Glomeromycetes,o__Glomerales,f__Glomeraceae,g__Glomeraceae_gen_Incertae_sedis,s__Glomeraceae_sp,Glomeraceae_sp,JX276920,SH1145873.09FU,reps,k__Fungi,OTU612.p__Glomeromycota.g__Glomeraceae_gen_Incertae_sedis
600,OTU613,322,1,257,640,381,637,80,387,7.5e-107,93.846,p__Basidiomycota,c__Agaricomycetes,o__Agaricales,f__Bolbitiaceae,g__Conocybe,s__Conocybe_sp,Conocybe_sp,UDB04138036,SH1182653.09FU,reps,k__Fungi,OTU613.p__Basidiomycota.g__Conocybe
601,OTU614,292,58,284,458,458,232,78,420,6.65e-117,100,p__Ascomycota,c__Sordariomycetes,o__Sordariales,f__Podosporaceae,g__Podospora,s__Podospora_sp,Podospora_sp,UDB07326907,SH0999994.09FU,reps,k__Fungi,OTU614.p__Ascomycota.g__Podospora
602,OTU615,270,1,209,508,300,508,77,381,2.89e-105,99.522,p__Ascomycota,c__Sordariomycetes,o__Sordariomycetes_ord_Incertae_sedis,f__Sordariomycetes_fam_Incertae_sedis,g__Sordariomycetes_gen_Incertae_sedis,s__Sordariomycetes_sp,Sordariomycetes_sp,UDB02762091,SH0905941.09FU,reps,k__Fungi,OTU615.p__Ascomycota.g__Sordariomycetes_gen_Incertae_sedis
603,OTU616,278,1,218,485,268,485,78,403,6.38e-112,100,p__Ascomycota,c__Sordariomycetes,o__Hypocreales,f__Hypocreales_fam_Incertae_sedis,g__Acremonium,s__Acremonium_hyalinulum,Acremonium_hyalinulum,KP131521,SH0971596.09FU,refs,k__Fungi,OTU616.p__Ascomycota.g__Acremonium
604,OTU617,403,356,401,1125,57,12,11,69.4,3.93e-11,93.478,p__Ascomycota,c__Sordariomycetes,o__Hypocreales,f__Nectriaceae,g__Fusarium,s__Fusarium_oxysporum,Fusarium_oxysporum,UDB041458,SH1099032.09FU,reps,k__Fungi,OTU617.p__Ascomycota.g__Fusarium
605,OTU618,307,1,247,453,204,453,80,425,1.51e-118,97.6,p__Glomeromycota,c__Glomeromycetes,o__Glomerales,f__Glomeraceae,g__Rhizophagus,s__Rhizophagus_irregularis,Rhizophagus_irregularis,FM992381,SH0988875.09FU,refs,k__Fungi,OTU618.p__Glomeromycota.g__Rhizophagus
606,OTU619,278,1,218,471,254,471,78,403,6.38e-112,100,p__Ascomycota,c__Dothideomycetes,o__Pleosporales,f__Corynesporascaceae,g__Corynespora,s__Corynespora_cassiicola,Corynespora_cassiicola,KJ908842,SH0978299.09FU,reps,k__Fungi,OTU619.p__Ascomycota.g__Corynespora
607,OTU620,321,274,319,1125,57,12,14,69.4,3.07e-11,93.478,p__Ascomycota,c__Sordariomycetes,o__Hypocreales,f__Nectriaceae,g__Fusarium,s__Fusarium_oxysporum,Fusarium_oxysporum,UDB041458,SH1099032.09FU,reps,k__Fungi,OTU620.p__Ascomycota.g__Fusarium
608,OTU621,256,1,196,434,239,434,77,363,9.89e-100,100,p__Basidiomycota,c__Tremellomycetes,o__Tremellales,f__Bulleribasidiaceae,g__Dioszegia,s__Dioszegia_zsoltii,Dioszegia_zsoltii,AF385445,SH1004025.09FU,refs,k__Fungi,OTU621.p__Basidiomycota.g__Dioszegia
609,OTU622,372,335,370,758,510,545,10,67.6,1.3e-10,100,p__Basidiomycota,c__Agaricomycetes,o__Auriculariales,f__Auriculariales_fam_Incertae_sedis,g__Auriculariales_gen_Incertae_sedis,s__Auriculariales_sp,Auriculariales_sp,JQ272342,SH0954825.09FU,reps,k__Fungi,OTU622.p__Basidiomycota.g__Auriculariales_gen_Incertae_sedis
610,OTU623,320,1,260,506,247,506,81,481,3.32e-135,100,p__Basidiomycota,c__Cystobasidiomycetes,o__Cystobasidiomycetes_ord_Incertae_sedis,f__Symmetrosporaceae,g__Symmetrospora,s__Symmetrospora_oryzicola,Symmetrospora_oryzicola,AF444546,SH1223355.09FU,refs,k__Fungi,OTU623.p__Basidiomycota.g__Symmetrospora
611,OTU624,366,1,205,609,307,519,56,148,4.42e-35,80.365,p__Basidiomycota,c__Agaricomycetes,o__Agaricales,f__Hygrophoraceae,g__Hygrocybe,s__Hygrocybe_sp,Hygrocybe_sp,UDB03493516,SH1167003.09FU,reps,k__Fungi,OTU624.p__Basidiomycota.g__Hygrocybe
612,OTU625,346,1,285,533,249,533,82,449,1.02e-125,95.088,p__Chytridiomycota,c__Rhizophydiomycetes,o__Rhizophydiales,f__Rhizophydiales_fam_Incertae_sedis,g__Rhizophydiales_gen_Incertae_sedis,s__Rhizophydiales_sp,Rhizophydiales_sp,UDB0521347,SH1115140.09FU,reps,k__Fungi,OTU625.p__Chytridiomycota.g__Rhizophydiales_gen_Incertae_sedis
613,OTU626,327,1,266,606,334,606,81,381,3.55e-105,92.336,p__Basidiomycota,c__Agaricomycetes,o__Agaricomycetes_ord_Incertae_sedis,f__Agaricomycetes_fam_Incertae_sedis,g__Agaricomycetes_gen_Incertae_sedis,s__Agaricomycetes_sp,Agaricomycetes_sp,UDB0943912,SH1290286.09FU,reps,k__Fungi,OTU626.p__Basidiomycota.g__Agaricomycetes_gen_Incertae_sedis
614,OTU627,305,1,244,546,303,546,80,446,1.15e-124,99.59,p__Ascomycota,c__Eurotiomycetes,o__Chaetothyriales,f__Herpotrichiellaceae,g__Herpotrichiellaceae_gen_Incertae_sedis,s__Herpotrichiellaceae_sp,Herpotrichiellaceae_sp,UDB03387847,SH0895276.09FU,reps,k__Fungi,OTU627.p__Ascomycota.g__Herpotrichiellaceae_gen_Incertae_sedis
615,OTU628,320,1,259,458,203,458,81,403,7.39e-112,95,p__Glomeromycota,c__Glomeromycetes,o__Glomerales,f__Glomeraceae,g__Glomeraceae_gen_Incertae_sedis,s__Glomeraceae_sp,Glomeraceae_sp,UDB03133728,SH1035546.09FU,reps,k__Fungi,OTU628.p__Glomeromycota.g__Glomeraceae_gen_Incertae_sedis
616,OTU629,397,1,350,693,344,693,88,625,1.83e-178,98.857,p__Basidiomycota,c__Ustilaginomycetes,o__Ustilaginales,f__Ustilaginaceae,g__Pseudozyma,s__Pseudozyma_hubeiensis,Pseudozyma_hubeiensis,DQ008954,SH1089534.09FU,refs,k__Fungi,OTU629.p__Basidiomycota.g__Pseudozyma
617,OTU630,261,1,195,461,263,457,75,350,7.86e-96,98.974,p__Ascomycota,c__Leotiomycetes,o__Helotiales,f__Dermateaceae,g__Dermateaceae_gen_Incertae_sedis,s__Dermateaceae_sp,Dermateaceae_sp,UDB05071488,SH0990392.09FU,reps,k__Fungi,OTU630.p__Ascomycota.g__Dermateaceae_gen_Incertae_sedis
618,OTU631,425,1,310,751,392,705,73,172,3.08e-42,77.744,p__Fungi_phy_Incertae_sedis,c__Fungi_cls_Incertae_sedis,o__Fungi_ord_Incertae_sedis,f__Fungi_fam_Incertae_sedis,g__Fungi_gen_Incertae_sedis,s__Fungi_sp,Fungi_sp,UDB0349693,SH1231748.09FU,reps,k__Fungi,OTU631.p__Fungi_phy_Incertae_sedis.g__Fungi_gen_Incertae_sedis
619,OTU632,270,1,210,512,303,512,78,388,1.73e-107,100,p__Ascomycota,c__Dothideomycetes,o__Pleosporales,f__Coniothyriaceae,g__Coniothyrium,s__Coniothyrium_sp,Coniothyrium_sp,MH019922,SH1298791.09FU,reps,k__Fungi,OTU632.p__Ascomycota.g__Coniothyrium
620,OTU633,277,1,216,472,258,472,78,337,6.54e-92,94.907,p__Ascomycota,c__Pezizomycetes,o__Pezizales,f__Ascodesmidaceae,g__Cephaliophora,s__Cephaliophora_sp,Cephaliophora_sp,UDB0591927,SH0935923.09FU,reps,k__Fungi,OTU633.p__Ascomycota.g__Cephaliophora
621,OTU634,308,1,247,609,365,609,80,366,9.31e-101,93.548,p__Ascomycota,c__Saccharomycetes,o__Saccharomycetales,f__Saccharomycetaceae,g__Saccharomycetaceae_gen_Incertae_sedis,s__Saccharomycetaceae_sp,Saccharomycetaceae_sp,UDB06291860,SH1262246.09FU,reps,k__Fungi,OTU634.p__Ascomycota.g__Saccharomycetaceae_gen_Incertae_sedis
622,OTU635,344,1,283,570,286,570,82,392,1.73e-108,91.579,p__Chytridiomycota,c__Chytridiomycota_cls_Incertae_sedis,o__Chytridiomycota_ord_Incertae_sedis,f__Chytridiomycota_fam_Incertae_sedis,g__Chytridiomycota_gen_Incertae_sedis,s__Chytridiomycota_sp,Chytridiomycota_sp,UDB02262229,SH0897720.09FU,reps,k__Fungi,OTU635.p__Chytridiomycota.g__Chytridiomycota_gen_Incertae_sedis
623,OTU636,347,300,345,1125,57,12,13,69.4,3.34e-11,93.478,p__Ascomycota,c__Sordariomycetes,o__Hypocreales,f__Nectriaceae,g__Fusarium,s__Fusarium_oxysporum,Fusarium_oxysporum,UDB041458,SH1099032.09FU,reps,k__Fungi,OTU636.p__Ascomycota.g__Fusarium
624,OTU637,280,1,220,916,697,916,79,401,2.31e-111,99.545,p__Ascomycota,c__Sordariomycetes,o__Xylariales,f__Xylariaceae,g__Xylariaceae_gen_Incertae_sedis,s__Xylariaceae_sp,Xylariaceae_sp,MT183785,SH1211935.09FU,reps,k__Fungi,OTU637.p__Ascomycota.g__Xylariaceae_gen_Incertae_sedis
625,OTU638,402,1,341,710,368,710,85,544,5.34e-154,95.376,p__Kickxellomycota,c__Ramicandelaberomycetes,o__Ramicandelaberales,f__Ramicandelaberaceae,g__Ramicandelaber,s__Ramicandelaber_sp,Ramicandelaber_sp,UDB06291255,SH1119236.09FU,reps,k__Fungi,OTU638.p__Kickxellomycota.g__Ramicandelaber
626,OTU639,283,1,222,521,299,521,78,344,4e-94,94.643,p__Ascomycota,c__Eurotiomycetes,o__Chaetothyriales,f__Strelitzianaceae,g__Strelitziana,s__Strelitziana_sp,Strelitziana_sp,UDB07638466,SH0931730.09FU,reps,k__Fungi,OTU639.p__Ascomycota.g__Strelitziana
627,OTU640,301,1,238,529,295,527,79,285,2.61e-76,88.703,p__Ascomycota,c__Sordariomycetes,o__Xylariales,f__Amphisphaeriaceae,g__Amphisphaeria,s__Amphisphaeria_qujingensis,Amphisphaeria_qujingensis,MN477033,SH1291855.09FU,reps,k__Fungi,OTU640.p__Ascomycota.g__Amphisphaeria
628,OTU641,271,1,210,490,283,490,77,281,3.03e-75,90.995,p__Ascomycota,c__Lecanoromycetes,o__Ostropales,f__Stictidaceae,g__Stictidaceae_gen_Incertae_sedis,s__Stictidaceae_sp,Stictidaceae_sp,UDB07632922,SH1110938.09FU,reps,k__Fungi,OTU641.p__Ascomycota.g__Stictidaceae_gen_Incertae_sedis
629,OTU642,295,258,293,758,510,545,12,67.6,1.01e-10,100,p__Basidiomycota,c__Agaricomycetes,o__Auriculariales,f__Auriculariales_fam_Incertae_sedis,g__Auriculariales_gen_Incertae_sedis,s__Auriculariales_sp,Auriculariales_sp,JQ272342,SH0954825.09FU,reps,k__Fungi,OTU642.p__Basidiomycota.g__Auriculariales_gen_Incertae_sedis
630,OTU643,295,1,234,499,266,499,79,433,8.63e-121,100,p__Ascomycota,c__Sordariomycetes,o__Hypocreales,f__Hypocreales_fam_Incertae_sedis,g__Acremonium,s__Acremonium_acutatum,Acremonium_acutatum,KP131516,SH1291626.09FU,refs,k__Fungi,OTU643.p__Ascomycota.g__Acremonium
631,OTU644,274,1,154,488,277,434,56,178,4.14e-44,87.342,p__Ascomycota,c__Eurotiomycetes,o__Chaetothyriales,f__Herpotrichiellaceae,g__Cladophialophora,s__Cladophialophora_sp,Cladophialophora_sp,UDB02738672,SH0910733.09FU,reps,k__Fungi,OTU644.p__Ascomycota.g__Cladophialophora
632,OTU645,289,1,229,521,288,521,79,250,9.12e-66,86.383,p__Ascomycota,c__Orbiliomycetes,o__Orbiliales,f__Orbiliaceae,g__Retiarius,s__Retiarius_bovicornutus,Retiarius_bovicornutus,KY352466,SH1164902.09FU,reps,k__Fungi,OTU645.p__Ascomycota.g__Retiarius
633,OTU646,289,1,229,497,269,497,79,424,5.08e-118,100,p__Ascomycota,c__Sordariomycetes,o__Hypocreales,f__Hypocreales_fam_Incertae_sedis,g__Hypocreales_gen_Incertae_sedis,s__Hypocreales_sp,Hypocreales_sp,FJ231504,SH1074202.09FU,reps,k__Fungi,OTU646.p__Ascomycota.g__Hypocreales_gen_Incertae_sedis
634,OTU647,316,1,256,471,214,471,81,403,7.29e-112,94.961,p__Glomeromycota,c__Glomeromycetes,o__Glomerales,f__Glomeraceae,g__Rhizophagus,s__Rhizophagus_intraradices,Rhizophagus_intraradices,KF836955,SH0956021.09FU,reps,k__Fungi,OTU647.p__Glomeromycota.g__Rhizophagus
635,OTU648,282,1,217,524,303,518,77,305,1.88e-82,92.202,p__Ascomycota,c__Eurotiomycetes,o__Chaetothyriales,f__Strelitzianaceae,g__Strelitziana,s__Strelitziana_sp,Strelitziana_sp,UDB07638322,SH0931727.09FU,reps,k__Fungi,OTU648.p__Ascomycota.g__Strelitziana
636,OTU649,303,1,259,592,334,592,85,440,5.31e-123,97.308,p__Basidiomycota,c__Agaricomycetes,o__Agaricales,f__Psathyrellaceae,g__Psathyrella,s__Psathyrella_panaeoloides,Psathyrella_panaeoloides,MK045663,SH1207557.09FU,refs,k__Fungi,OTU649.p__Basidiomycota.g__Psathyrella
637,OTU650,304,1,243,594,352,594,80,449,8.86e-126,100,p__Ascomycota,c__Ascomycota_cls_Incertae_sedis,o__Ascomycota_ord_Incertae_sedis,f__Ascomycota_fam_Incertae_sedis,g__Ascomycota_gen_Incertae_sedis,s__Ascomycota_sp,Ascomycota_sp,UDB01402164,SH1278112.09FU,reps,k__Fungi,OTU650.p__Ascomycota.g__Ascomycota_gen_Incertae_sedis
638,OTU651,348,1,287,653,365,653,82,372,2.28e-102,90,p__Chytridiomycota,c__Spizellomycetes,o__Spizellomycetales,f__Spizellomycetales_fam_Incertae_sedis,g__Spizellomycetales_gen_Incertae_sedis,s__Spizellomycetales_sp,Spizellomycetales_sp,UDB07380422,SH1204239.09FU,reps,k__Fungi,OTU651.p__Chytridiomycota.g__Spizellomycetales_gen_Incertae_sedis
639,OTU652,308,1,247,499,260,499,80,399,9.18e-111,96.356,p__Ascomycota,c__Sordariomycetes,o__Microascales,f__Microascaceae,g__Scopulariopsis,s__Scopulariopsis_acremonium,Scopulariopsis_acremonium,LM652456,SH0902174.09FU,refs,k__Fungi,OTU652.p__Ascomycota.g__Scopulariopsis
640,OTU653,354,307,352,1125,57,12,13,69.4,3.42e-11,93.478,p__Ascomycota,c__Sordariomycetes,o__Hypocreales,f__Nectriaceae,g__Fusarium,s__Fusarium_oxysporum,Fusarium_oxysporum,UDB041458,SH1099032.09FU,reps,k__Fungi,OTU653.p__Ascomycota.g__Fusarium
641,OTU654,349,1,288,577,288,577,83,507,6.02e-143,98.276,p__Chytridiomycota,c__Lobulomycetes,o__Lobulomycetales,f__Lobulomycetales_fam_Incertae_sedis,g__Lobulomycetales_gen_Incertae_sedis,s__Lobulomycetales_sp,Lobulomycetales_sp,UDB03108286,SH1167565.09FU,reps,k__Fungi,OTU654.p__Chytridiomycota.g__Lobulomycetales_gen_Incertae_sedis
642,OTU655,334,287,332,1125,57,12,14,69.4,3.21e-11,93.478,p__Ascomycota,c__Sordariomycetes,o__Hypocreales,f__Nectriaceae,g__Fusarium,s__Fusarium_oxysporum,Fusarium_oxysporum,UDB041458,SH1099032.09FU,reps,k__Fungi,OTU655.p__Ascomycota.g__Fusarium
643,OTU656,263,1,200,465,264,463,76,326,1.34e-88,96,p__Ascomycota,c__Leotiomycetes,o__Helotiales,f__Leotiaceae,g__Leotiaceae_gen_Incertae_sedis,s__Leotiaceae_sp,Leotiaceae_sp,UDB02810873,SH0992848.09FU,reps,k__Fungi,OTU656.p__Ascomycota.g__Leotiaceae_gen_Incertae_sedis
644,OTU657,320,1,260,424,163,424,81,438,2.03e-122,96.958,p__Glomeromycota,c__Glomeromycetes,o__Glomerales,f__Glomeraceae,g__Rhizophagus,s__Rhizophagus_sp,Rhizophagus_sp,AF185660,SH0907805.09FU,reps,k__Fungi,OTU657.p__Glomeromycota.g__Rhizophagus
645,OTU658,267,1,207,482,276,482,78,383,7.95e-106,100,p__Ascomycota,c__Sordariomycetes,o__Sordariales,f__Chaetomiaceae,g__Humicola,s__Humicola_repens,Humicola_repens,MH444275,SH2143709.09FU,refs,k__Fungi,OTU658.p__Ascomycota.g__Humicola
646,OTU659,291,1,185,523,295,480,64,259,1.53e-68,91.979,p__Ascomycota,c__Eurotiomycetes,o__Chaetothyriales,f__Chaetothyriaceae,g__Ceramothyrium,s__Ceramothyrium_menglunense,Ceramothyrium_menglunense,KX524148,SH1828321.09FU,refs_singleton,k__Fungi,OTU659.p__Ascomycota.g__Ceramothyrium
647,OTU660,276,1,213,509,293,506,77,361,3.86e-99,97.196,p__Ascomycota,c__Eurotiomycetes,o__Chaetothyriales,f__Herpotrichiellaceae,g__Herpotrichiellaceae_gen_Incertae_sedis,s__Herpotrichiellaceae_sp,Herpotrichiellaceae_sp,UDB03378155,SH1073267.09FU,reps,k__Fungi,OTU660.p__Ascomycota.g__Herpotrichiellaceae_gen_Incertae_sedis
648,OTU661,342,1,282,544,263,544,82,477,4.62e-134,97.163,p__Basidiomycota,c__Geminibasidiomycetes,o__Geminibasidiales,f__Geminibasidiaceae,g__Geminibasidium,s__Geminibasidium_sp,Geminibasidium_sp,UDB0681903,SH1091521.09FU,reps,k__Fungi,OTU661.p__Basidiomycota.g__Geminibasidium
649,OTU662,285,1,225,523,299,523,79,411,3.92e-114,99.556,p__Ascomycota,c__Dothideomycetes,o__Coniosporiales,f__Coniosporiaceae,g__Coniosporium,s__Coniosporium_sp,Coniosporium_sp,HQ262498,SH1110504.09FU,reps,k__Fungi,OTU662.p__Ascomycota.g__Coniosporium
650,OTU663,399,1,338,706,369,706,85,525,1.92e-148,94.706,p__Kickxellomycota,c__Ramicandelaberomycetes,o__Ramicandelaberales,f__Ramicandelaberaceae,g__Ramicandelaber,s__Ramicandelaber_sp,Ramicandelaber_sp,UDB06291202,SH1124592.09FU,reps,k__Fungi,OTU663.p__Kickxellomycota.g__Ramicandelaber
651,OTU664,273,1,213,476,262,476,78,318,2.33e-86,93.548,p__Ascomycota,c__Dothideomycetes,o__Capnodiales,f__Dissoconiaceae,g__Ramichloridium,s__Ramichloridium_eucleae,Ramichloridium_eucleae,KJ869155,SH1694702.09FU,refs_singleton,k__Fungi,OTU664.p__Ascomycota.g__Ramichloridium
652,OTU665,295,1,235,440,206,440,80,435,2.4e-121,100,p__Glomeromycota,c__Glomeromycetes,o__Glomerales,f__Glomeraceae,g__Glomus,s__Glomus_sp,Glomus_sp,UDB0201023,SH1030990.09FU,reps,k__Fungi,OTU665.p__Glomeromycota.g__Glomus
653,OTU666,300,1,240,524,284,524,80,416,8.85e-116,97.925,p__Ascomycota,c__Sordariomycetes,o__Microascales,f__Microascaceae,g__Microascus,s__Microascus_croci,Microascus_croci,LM652407,SH1070226.09FU,refs,k__Fungi,OTU666.p__Ascomycota.g__Microascus
654,OTU667,294,1,216,552,324,538,73,303,7.04e-82,92.13,p__Ascomycota,c__Eurotiomycetes,o__Eurotiomycetes_ord_Incertae_sedis,f__Eurotiomycetes_fam_Incertae_sedis,g__Eurotiomycetes_gen_Incertae_sedis,s__Eurotiomycetes_sp,Eurotiomycetes_sp,UDB01946566,SH1321952.09FU,reps,k__Fungi,OTU667.p__Ascomycota.g__Eurotiomycetes_gen_Incertae_sedis
655,OTU668,313,276,311,758,510,545,12,67.6,1.08e-10,100,p__Basidiomycota,c__Agaricomycetes,o__Auriculariales,f__Auriculariales_fam_Incertae_sedis,g__Auriculariales_gen_Incertae_sedis,s__Auriculariales_sp,Auriculariales_sp,JQ272342,SH0954825.09FU,reps,k__Fungi,OTU668.p__Basidiomycota.g__Auriculariales_gen_Incertae_sedis
656,OTU669,377,1,317,649,340,649,84,379,1.49e-104,88.679,p__Chytridiomycota,c__Spizellomycetes,o__Spizellomycetales,f__Spizellomycetales_fam_Incertae_sedis,g__Spizellomycetales_gen_Incertae_sedis,s__Spizellomycetales_sp,Spizellomycetales_sp,UDB07382599,SH1203270.09FU,reps,k__Fungi,OTU669.p__Chytridiomycota.g__Spizellomycetales_gen_Incertae_sedis
657,OTU670,286,1,226,543,318,543,79,418,2.35e-116,100,p__Ascomycota,c__Eurotiomycetes,o__Eurotiales,f__Trichocomaceae,g__Thermomyces,s__Thermomyces_ibadanensis,Thermomyces_ibadanensis,MH858968,SH4133604.09FU,refs,k__Fungi,OTU670.p__Ascomycota.g__Thermomyces
658,OTU671,262,1,202,445,244,445,77,374,4.69e-103,100,p__Ascomycota,c__Dothideomycetes,o__Dothideomycetes_ord_Incertae_sedis,f__Eremomycetaceae,g__Arthrographis,s__Arthrographis_sp,Arthrographis_sp,UDB01289822,SH0964662.09FU,reps,k__Fungi,OTU671.p__Ascomycota.g__Arthrographis
659,OTU672,347,300,345,1125,57,12,13,69.4,3.34e-11,93.478,p__Ascomycota,c__Sordariomycetes,o__Hypocreales,f__Nectriaceae,g__Fusarium,s__Fusarium_oxysporum,Fusarium_oxysporum,UDB041458,SH1099032.09FU,reps,k__Fungi,OTU672.p__Ascomycota.g__Fusarium
660,OTU673,264,1,195,471,268,462,74,333,8.02e-91,97.436,p__Ascomycota,c__Dothideomycetes,o__Pleosporales,f__Pleosporales_fam_Incertae_sedis,g__Pleosporales_gen_Incertae_sedis,s__Pleosporales_sp,Pleosporales_sp,UDB05019228,SH1029837.09FU,reps,k__Fungi,OTU673.p__Ascomycota.g__Pleosporales_gen_Incertae_sedis
661,OTU674,302,1,258,555,298,555,85,472,1.88e-132,99.612,p__Ascomycota,c__Sordariomycetes,o__Microascales,f__Microascaceae,g__Microascus,s__Microascus_verrucosus,Microascus_verrucosus,LM652446,SH1070254.09FU,refs,k__Fungi,OTU674.p__Ascomycota.g__Microascus
662,OTU675,324,268,319,581,475,527,16,58.4,6.72e-08,86.792,p__Ascomycota,c__Leotiomycetes,o__Helotiales,f__Dermateaceae,g__Pezicula,s__Pezicula_radicicola,Pezicula_radicicola,FJ179465,SH0975489.09FU,reps,k__Fungi,OTU675.p__Ascomycota.g__Pezicula
663,OTU676,294,1,233,606,373,606,79,398,3.14e-110,97.436,p__Ascomycota,c__Dothideomycetes,o__Venturiales,f__Sympoventuriaceae,g__Ochroconis,s__Ochroconis_sp,Ochroconis_sp,UDB02279056,SH1041667.09FU,reps,k__Fungi,OTU676.p__Ascomycota.g__Ochroconis
664,OTU677,356,309,354,1125,57,12,13,69.4,3.44e-11,93.478,p__Ascomycota,c__Sordariomycetes,o__Hypocreales,f__Nectriaceae,g__Fusarium,s__Fusarium_oxysporum,Fusarium_oxysporum,UDB041458,SH1099032.09FU,reps,k__Fungi,OTU677.p__Ascomycota.g__Fusarium
665,OTU678,287,1,227,572,347,572,79,407,5.11e-113,99.119,p__Ascomycota,c__Sordariomycetes,o__Hypocreales,f__Hypocreaceae,g__Trichoderma,s__Trichoderma_patella,Trichoderma_patella,AF487663,SH1243319.09FU,refs,k__Fungi,OTU678.p__Ascomycota.g__Trichoderma
666,OTU679,337,298,335,758,508,545,11,65.8,4.19e-10,97.368,p__Basidiomycota,c__Agaricomycetes,o__Auriculariales,f__Auriculariales_fam_Incertae_sedis,g__Auriculariales_gen_Incertae_sedis,s__Auriculariales_sp,Auriculariales_sp,JQ272342,SH0954825.09FU,reps,k__Fungi,OTU679.p__Basidiomycota.g__Auriculariales_gen_Incertae_sedis
667,OTU680,286,1,226,452,231,452,79,375,1.43e-103,96.903,p__Ascomycota,c__Sordariomycetes,o__Chaetosphaeriales,f__Chaetosphaeriaceae,g__Eucalyptostroma,s__Eucalyptostroma_eucalypti,Eucalyptostroma_eucalypti,KY173408,SH0996124.09FU,refs,k__Fungi,OTU680.p__Ascomycota.g__Eucalyptostroma
668,OTU681,293,1,233,516,284,516,80,431,3.08e-120,100,p__Ascomycota,c__Sordariomycetes,o__Hypocreales,f__Bionectriaceae,g__Gliomastix,s__Gliomastix_roseogrisea,Gliomastix_roseogrisea,MH857544,SH1346449.09FU,refs,k__Fungi,OTU681.p__Ascomycota.g__Gliomastix
669,OTU682,248,1,188,411,225,411,76,335,2.08e-91,98.936,p__Ascomycota,c__Sordariomycetes,o__Sordariomycetes_ord_Incertae_sedis,f__Sordariomycetes_fam_Incertae_sedis,g__Sordariomycetes_gen_Incertae_sedis,s__Sordariomycetes_sp,Sordariomycetes_sp,UDB07350190,SH1021777.09FU,reps,k__Fungi,OTU682.p__Ascomycota.g__Sordariomycetes_gen_Incertae_sedis
670,OTU683,299,1,239,519,281,519,80,442,1.46e-123,100,p__Ascomycota,c__Sordariomycetes,o__Microascales,f__Microascaceae,g__Microascus,s__Microascus_melanosporus,Microascus_melanosporus,LM652437,SH1681891.09FU,refs,k__Fungi,OTU683.p__Ascomycota.g__Microascus
671,OTU684,274,1,210,491,283,481,77,261,4e-69,90.047,p__Ascomycota,c__Sordariomycetes,o__Sordariales,f__Sordariales_fam_Incertae_sedis,g__Staphylotrichum,s__Staphylotrichum_microascosporum,Staphylotrichum_microascosporum,LT993624,SH0881650.09FU,refs,k__Fungi,OTU684.p__Ascomycota.g__Staphylotrichum
672,OTU685,318,1,257,557,301,557,81,420,7.29e-117,96.109,p__Basidiomycota,c__Agaricomycetes,o__Trechisporales,f__Hydnodontaceae,g__Trechispora,s__Trechispora_sp,Trechispora_sp,UDB06351311,SH1300258.09FU,reps,k__Fungi,OTU685.p__Basidiomycota.g__Trechispora
673,OTU686,276,1,216,503,288,503,78,399,8.19e-111,100,p__Ascomycota,c__Sordariomycetes,o__Hypocreales,f__Cordycipitaceae,g__Akanthomyces,s__Akanthomyces_muscarius,Akanthomyces_muscarius,AJ292388,SH2006624.09FU,refs,k__Fungi,OTU686.p__Ascomycota.g__Akanthomyces
674,OTU687,313,1,253,596,345,596,81,460,4.22e-129,99.605,p__Basidiomycota,c__Agaricomycetes,o__Agaricales,f__Bolbitiaceae,g__Conocybe,s__Conocybe_apala,Conocybe_apala,KU931459,SH1222611.09FU,reps,k__Fungi,OTU687.p__Basidiomycota.g__Conocybe
675,OTU689,266,1,206,446,241,446,77,381,2.85e-105,100,p__Ascomycota,c__Dothideomycetes,o__Mycosphaerellales,f__Mycosphaerellaceae,g__Teratoramularia,s__Teratoramularia_infinita,Teratoramularia_infinita,KX287545,SH1085513.09FU,refs,k__Fungi,OTU689.p__Ascomycota.g__Teratoramularia
676,OTU690,347,1,286,643,358,643,82,512,1.29e-144,98.955,p__Chytridiomycota,c__Spizellomycetes,o__Spizellomycetales,f__Spizellomycetales_fam_Incertae_sedis,g__Spizellomycetales_gen_Incertae_sedis,s__Spizellomycetales_sp,Spizellomycetales_sp,UDB07382278,SH1073714.09FU,reps,k__Fungi,OTU690.p__Chytridiomycota.g__Spizellomycetales_gen_Incertae_sedis
677,OTU691,287,1,242,536,295,536,84,425,1.41e-118,98.354,p__Ascomycota,c__Eurotiomycetes,o__Eurotiales,f__Aspergillaceae,g__Talaromyces,s__Talaromyces_subaurantiacus,Talaromyces_subaurantiacus,JX091475,SH2059760.09FU,refs,k__Fungi,OTU691.p__Ascomycota.g__Talaromyces
678,OTU692,289,1,174,411,192,355,60,147,1.23e-34,82.857,p__Ascomycota,c__Pezizomycetes,o__Pezizales,f__Pyronemataceae,g__Pyronemataceae_gen_Incertae_sedis,s__Pyronemataceae_sp,Pyronemataceae_sp,HM162021,SH1004708.09FU,reps,k__Fungi,OTU692.p__Ascomycota.g__Pyronemataceae_gen_Incertae_sedis
679,OTU693,281,1,241,513,260,499,86,427,3.83e-119,98.755,p__Ascomycota,c__Sordariomycetes,o__Hypocreales,f__Bionectriaceae,g__Clonostachys,s__Clonostachys_krabiensis,Clonostachys_krabiensis,MH388335,SH3170534.09FU,refs,k__Fungi,OTU693.p__Ascomycota.g__Clonostachys
680,OTU694,402,1,341,710,368,710,85,544,5.34e-154,95.376,p__Kickxellomycota,c__Ramicandelaberomycetes,o__Ramicandelaberales,f__Ramicandelaberaceae,g__Ramicandelaber,s__Ramicandelaber_sp,Ramicandelaber_sp,UDB06291255,SH1119236.09FU,reps,k__Fungi,OTU694.p__Kickxellomycota.g__Ramicandelaber
681,OTU695,367,1,307,589,283,589,84,551,2.89e-156,99.023,p__Mortierellomycota,c__Mortierellomycetes,o__Mortierellales,f__Mortierellaceae,g__Mortierella,s__Mortierella_yunnanensis,Mortierella_yunnanensis,MT031917,SH1302555.09FU,refs,k__Fungi,OTU695.p__Mortierellomycota.g__Mortierella
682,OTU696,256,1,195,442,248,442,76,344,3.58e-94,98.462,p__Ascomycota,c__Dothideomycetes,o__Mycosphaerellales,f__Teratosphaeriaceae,g__Devriesia,s__Devriesia_sp,Devriesia_sp,UDB05111527,SH1021021.09FU,reps,k__Fungi,OTU696.p__Ascomycota.g__Devriesia
683,OTU697,270,1,210,466,257,466,78,388,1.73e-107,100,p__Ascomycota,c__Sordariomycetes,o__Trichosphaeriales,f__Trichosphaeriaceae,g__Nigrospora,s__Nigrospora_oryzae,Nigrospora_oryzae,DQ219433,SH0983198.09FU,refs,k__Fungi,OTU697.p__Ascomycota.g__Nigrospora
684,OTU698,231,1,165,383,222,377,71,152,2.08e-36,84.431,p__Fungi_phy_Incertae_sedis,c__Fungi_cls_Incertae_sedis,o__Fungi_ord_Incertae_sedis,f__Fungi_fam_Incertae_sedis,g__Fungi_gen_Incertae_sedis,s__Fungi_sp,Fungi_sp,UDB02085541,SH1051006.09FU,reps,k__Fungi,OTU698.p__Fungi_phy_Incertae_sedis.g__Fungi_gen_Incertae_sedis
685,OTU699,267,1,207,480,274,480,78,305,1.77e-82,93.269,p__Ascomycota,c__Pezizomycotina_cls_Incertae_sedis,o__Pezizomycotina_ord_Incertae_sedis,f__Pezizomycotina_fam_Incertae_sedis,g__Arcuadendron,s__Arcuadendron_ovatum,Arcuadendron_ovatum,UDB035252,SH0980549.09FU,refs,k__Fungi,OTU699.p__Ascomycota.g__Arcuadendron
686,OTU700,275,1,273,1151,286,11,99,340,5.01e-93,89.286,p__Ascomycota,c__Eurotiomycetes,o__Eurotiales,f__Aspergillaceae,g__Penicillium,s__Penicillium_sp,Penicillium_sp,UDB0162238,SH1056194.09FU,reps,k__Fungi,OTU700.p__Ascomycota.g__Penicillium
687,OTU701,354,1,293,645,358,645,83,425,1.76e-118,93.22,p__Basidiomycota,c__Agaricomycetes,o__Agaricales,f__Stephanosporaceae,g__Cristinia,s__Cristinia_sp,Cristinia_sp,UDB04464944,SH1194961.09FU,reps,k__Fungi,OTU701.p__Basidiomycota.g__Cristinia
688,OTU702,302,1,57,575,258,314,19,100,1.02e-20,98.246,p__Mortierellomycota,c__Mortierellomycetes,o__Mortierellales,f__Mortierellaceae,g__Mortierellaceae_gen_Incertae_sedis,s__Mortierellaceae_sp,Mortierellaceae_sp,UDB04941660,SH1071125.09FU,reps,k__Fungi,OTU702.p__Mortierellomycota.g__Mortierellaceae_gen_Incertae_sedis
689,OTU703,296,1,235,441,207,441,79,435,2.41e-121,100,p__Glomeromycota,c__Glomeromycetes,o__Glomerales,f__Glomeraceae,g__Glomeraceae_gen_Incertae_sedis,s__Glomeraceae_sp,Glomeraceae_sp,UDB0565005,SH1030992.09FU,reps,k__Fungi,OTU703.p__Glomeromycota.g__Glomeraceae_gen_Incertae_sedis
690,OTU704,301,1,240,582,342,582,80,327,4.28e-89,91.393,p__Ascomycota,c__Ascomycota_cls_Incertae_sedis,o__Ascomycota_ord_Incertae_sedis,f__Ascomycota_fam_Incertae_sedis,g__Ascomycota_gen_Incertae_sedis,s__Ascomycota_sp,Ascomycota_sp,UDB01401854,SH1304227.09FU,reps,k__Fungi,OTU704.p__Ascomycota.g__Ascomycota_gen_Incertae_sedis
691,OTU705,342,295,340,1125,57,12,13,69.4,3.29e-11,93.478,p__Ascomycota,c__Sordariomycetes,o__Hypocreales,f__Nectriaceae,g__Fusarium,s__Fusarium_oxysporum,Fusarium_oxysporum,UDB041458,SH1099032.09FU,reps,k__Fungi,OTU705.p__Ascomycota.g__Fusarium
692,OTU706,301,1,240,597,358,597,80,433,8.82e-121,99.167,p__Ascomycota,c__Eurotiomycetes,o__Eurotiales,f__Eurotiales_fam_Incertae_sedis,g__Eurotiales_gen_Incertae_sedis,s__Eurotiales_sp,Eurotiales_sp,UDB01930816,SH1274477.09FU,reps,k__Fungi,OTU706.p__Ascomycota.g__Eurotiales_gen_Incertae_sedis
693,OTU707,297,1,237,532,296,532,80,438,1.87e-122,100,p__Ascomycota,c__Sordariomycetes,o__Hypocreales,f__Hypocreales_fam_Incertae_sedis,g__Pseudomicrodochium,s__Pseudomicrodochium_suttonii,Pseudomicrodochium_suttonii,UDB035063,SH3874911.09FU,refs,k__Fungi,OTU707.p__Ascomycota.g__Pseudomicrodochium
694,OTU708,270,1,210,505,296,505,78,388,1.73e-107,100,p__Ascomycota,c__Dothideomycetes,o__Pleosporales,f__Periconiaceae,g__Periconia,s__Periconia_celtidis,Periconia_celtidis,MW063162,SH0949764.09FU,refs,k__Fungi,OTU708.p__Ascomycota.g__Periconia
695,OTU709,290,1,230,520,291,520,79,409,1.43e-113,98.696,p__Ascomycota,c__Sordariomycetes,o__Sordariomycetes_ord_Incertae_sedis,f__Sordariomycetes_fam_Incertae_sedis,g__Sordariomycetes_gen_Incertae_sedis,s__Sordariomycetes_sp,Sordariomycetes_sp,AJ271591,SH0932555.09FU,reps,k__Fungi,OTU709.p__Ascomycota.g__Sordariomycetes_gen_Incertae_sedis
696,OTU710,272,1,212,475,264,475,78,392,1.35e-108,100,p__Ascomycota,c__Dothideomycetes,o__Capnodiales,f__Dissoconiaceae,g__Uwebraunia,s__Uwebraunia_dekkeri,Uwebraunia_dekkeri,AF173309,SH1694715.09FU,refs,k__Fungi,OTU710.p__Ascomycota.g__Uwebraunia
697,OTU711,331,1,271,500,232,500,82,488,2.06e-137,99.262,p__Glomeromycota,c__Glomeromycetes,o__Glomerales,f__Claroideoglomeraceae,g__Claroideoglomus,s__Claroideoglomus_sp,Claroideoglomus_sp,UDB0601589,SH0922241.09FU,reps,k__Fungi,OTU711.p__Glomeromycota.g__Claroideoglomus
698,OTU712,267,1,207,419,213,419,78,383,7.95e-106,100,p__Ascomycota,c__Dothideomycetes,o__Microthyriales,f__Microthyriales_fam_Incertae_sedis,g__Parazalerion,s__Parazalerion_indica,Parazalerion_indica,MH863483,SH1049123.09FU,refs,k__Fungi,OTU712.p__Ascomycota.g__Parazalerion
699,OTU713,338,1,277,593,316,593,82,501,2.7e-141,99.281,p__Basidiomycota,c__Basidiomycota_cls_Incertae_sedis,o__Basidiomycota_ord_Incertae_sedis,f__Basidiomycota_fam_Incertae_sedis,g__Basidiomycota_gen_Incertae_sedis,s__Basidiomycota_sp,Basidiomycota_sp,UDB02169572,SH1278625.09FU,reps,k__Fungi,OTU713.p__Basidiomycota.g__Basidiomycota_gen_Incertae_sedis
700,OTU714,266,1,206,440,235,440,77,381,2.85e-105,100,p__Ascomycota,c__Sordariomycetes,o__Chaetosphaeriales,f__Chaetosphaeriaceae,g__Pseudophialocephala,s__Pseudophialocephala_humicola,Pseudophialocephala_humicola,AF486131,SH0979722.09FU,refs,k__Fungi,OTU714.p__Ascomycota.g__Pseudophialocephala
701,OTU715,314,1,212,484,224,440,68,191,6.14e-48,83.408,p__Basidiomycota,c__Basidiomycota_cls_Incertae_sedis,o__Basidiomycota_ord_Incertae_sedis,f__Basidiomycota_fam_Incertae_sedis,g__Basidiomycota_gen_Incertae_sedis,s__Basidiomycota_sp,Basidiomycota_sp,UDB01489683,SH1324488.09FU,reps,k__Fungi,OTU715.p__Basidiomycota.g__Basidiomycota_gen_Incertae_sedis
702,OTU716,332,1,271,637,367,637,82,440,5.87e-123,95.956,p__Basidiomycota,c__Agaricomycetes,o__Agaricales,f__Tricholomataceae,g__Dermoloma,s__Dermoloma_sp,Dermoloma_sp,UDB05081965,SH1112226.09FU,reps,k__Fungi,OTU716.p__Basidiomycota.g__Dermoloma
703,OTU717,296,1,210,566,318,530,71,313,1.18e-84,93.427,p__Ascomycota,c__Eurotiomycetes,o__Onygenales,f__Onygenales_fam_Incertae_sedis,g__Onygenales_gen_Incertae_sedis,s__Onygenales_sp,Onygenales_sp,UDB02527139,SH1120009.09FU,reps,k__Fungi,OTU717.p__Ascomycota.g__Onygenales_gen_Incertae_sedis
704,OTU718,359,1,298,653,356,653,83,523,6.16e-148,98.322,p__Chytridiomycota,c__Spizellomycetes,o__Spizellomycetales,f__Spizellomycetales_fam_Incertae_sedis,g__Spizellomycetales_gen_Incertae_sedis,s__Spizellomycetales_sp,Spizellomycetales_sp,UDB07382585,SH1201872.09FU,reps,k__Fungi,OTU718.p__Chytridiomycota.g__Spizellomycetales_gen_Incertae_sedis
705,OTU719,314,1,63,578,299,360,20,99,3.83e-20,95.238,p__Ascomycota,c__Lecanoromycetes,o__Acarosporales,f__Acarosporaceae,g__Neoacrodontiella,s__Neoacrodontiella_eucalypti,Neoacrodontiella_eucalypti,MK876396,SH2121765.09FU,refs_singleton,k__Fungi,OTU719.p__Ascomycota.g__Neoacrodontiella
706,OTU720,350,1,290,811,522,811,83,536,7.7e-152,100,p__Chytridiomycota,c__Spizellomycetes,o__Spizellomycetales,f__Spizellomycetaceae,g__Spizellomyces,s__Spizellomyces_acuminatus,Spizellomyces_acuminatus,JN943809,SH1182561.09FU,refs,k__Fungi,OTU720.p__Chytridiomycota.g__Spizellomyces
707,OTU721,251,1,193,422,228,422,77,254,6.08e-67,90.355,p__Rozellomycota,c__Rozellomycota_cls_Incertae_sedis,o__Rozellomycota_ord_Incertae_sedis,f__Rozellomycota_fam_Incertae_sedis,g__Rozellomycota_gen_Incertae_sedis,s__Rozellomycota_sp,Rozellomycota_sp,UDB06710036,SH1040590.09FU,reps,k__Fungi,OTU721.p__Rozellomycota.g__Rozellomycota_gen_Incertae_sedis
708,OTU722,283,1,191,369,179,369,67,337,6.69e-92,98.429,p__Basidiomycota,c__Exobasidiomycetes,o__Exobasidiales,f__Brachybasidiaceae,g__Brachybasidiaceae_gen_Incertae_sedis,s__Brachybasidiaceae_sp,Brachybasidiaceae_sp,MW267815,SH1176571.09FU,reps,k__Fungi,OTU722.p__Basidiomycota.g__Brachybasidiaceae_gen_Incertae_sedis
709,OTU723,353,306,351,1125,57,12,13,69.4,3.41e-11,93.478,p__Ascomycota,c__Sordariomycetes,o__Hypocreales,f__Nectriaceae,g__Fusarium,s__Fusarium_oxysporum,Fusarium_oxysporum,UDB041458,SH1099032.09FU,reps,k__Fungi,OTU723.p__Ascomycota.g__Fusarium
710,OTU724,267,1,206,469,265,469,77,340,4.85e-93,96.618,p__Ascomycota,c__Pezizomycotina_cls_Incertae_sedis,o__Pezizomycotina_ord_Incertae_sedis,f__Pezizomycotina_fam_Incertae_sedis,g__Pezizomycotina_gen_Incertae_sedis,s__Pezizomycotina_sp,Pezizomycotina_sp,UDB04352073,SH0984000.09FU,reps,k__Fungi,OTU724.p__Ascomycota.g__Pezizomycotina_gen_Incertae_sedis
711,OTU725,311,1,250,530,282,530,80,449,9.08e-126,99.2,p__Ascomycota,c__Ascomycota_cls_Incertae_sedis,o__Ascomycota_ord_Incertae_sedis,f__Ascomycota_fam_Incertae_sedis,g__Ascomycota_gen_Incertae_sedis,s__Ascomycota_sp,Ascomycota_sp,UDB02987175,SH1278553.09FU,reps,k__Fungi,OTU725.p__Ascomycota.g__Ascomycota_gen_Incertae_sedis
712,OTU726,319,284,317,758,512,545,11,63.9,1.42e-09,100,p__Basidiomycota,c__Agaricomycetes,o__Auriculariales,f__Auriculariales_fam_Incertae_sedis,g__Auriculariales_gen_Incertae_sedis,s__Auriculariales_sp,Auriculariales_sp,JQ272342,SH0954825.09FU,reps,k__Fungi,OTU726.p__Basidiomycota.g__Auriculariales_gen_Incertae_sedis
713,OTU727,315,1,196,500,259,454,62,163,1.34e-39,82.266,p__Basidiomycota,c__Basidiomycota_cls_Incertae_sedis,o__Basidiomycota_ord_Incertae_sedis,f__Basidiomycota_fam_Incertae_sedis,g__Basidiomycota_gen_Incertae_sedis,s__Basidiomycota_sp,Basidiomycota_sp,KJ156987,SH0986322.09FU,reps,k__Fungi,OTU727.p__Basidiomycota.g__Basidiomycota_gen_Incertae_sedis
714,OTU728,263,1,191,477,274,466,73,261,3.82e-69,91.237,p__Ascomycota,c__Dothideomycetes,o__Mycosphaerellales,f__Mycosphaerellaceae,g__Phloeospora,s__Phloeospora_mimosae-pigrae,Phloeospora_mimosae-pigrae,AJ307022,SH0990905.09FU,reps,k__Fungi,OTU728.p__Ascomycota.g__Phloeospora
715,OTU729,308,1,245,593,347,591,80,375,1.55e-103,94.309,p__Basidiomycota,c__Agaricomycetes,o__Agaricales,f__Bolbitiaceae,g__Bolbitiaceae_gen_Incertae_sedis,s__Bolbitiaceae_sp,Bolbitiaceae_sp,UDB01533217,SH1063214.09FU,reps,k__Fungi,OTU729.p__Basidiomycota.g__Bolbitiaceae_gen_Incertae_sedis
716,OTU730,359,312,357,758,500,545,13,69.4,3.47e-11,93.478,p__Basidiomycota,c__Agaricomycetes,o__Auriculariales,f__Auriculariales_fam_Incertae_sedis,g__Auriculariales_gen_Incertae_sedis,s__Auriculariales_sp,Auriculariales_sp,JQ272342,SH0954825.09FU,reps,k__Fungi,OTU730.p__Basidiomycota.g__Auriculariales_gen_Incertae_sedis
717,OTU731,263,1,192,461,259,450,73,344,3.69e-94,98.958,p__Fungi_phy_Incertae_sedis,c__Fungi_cls_Incertae_sedis,o__Fungi_ord_Incertae_sedis,f__Fungi_fam_Incertae_sedis,g__Fungi_gen_Incertae_sedis,s__Fungi_sp,Fungi_sp,JX456667,SH0957568.09FU,reps,k__Fungi,OTU731.p__Fungi_phy_Incertae_sedis.g__Fungi_gen_Incertae_sedis
718,OTU732,316,1,255,576,322,576,81,427,4.33e-119,96.875,p__Basidiomycota,c__Agaricomycetes,o__Hymenochaetales,f__Schizoporaceae,g__Schizoporaceae_gen_Incertae_sedis,s__Schizoporaceae_sp,Schizoporaceae_sp,UDB0569517,SH1215125.09FU,reps,k__Fungi,OTU732.p__Basidiomycota.g__Schizoporaceae_gen_Incertae_sedis
719,OTU733,275,1,214,495,287,495,78,268,2.4e-71,89.767,p__Ascomycota,c__Lecanoromycetes,o__Ostropales,f__Stictidaceae,g__Cyanodermella,s__Cyanodermella_sp,Cyanodermella_sp,UDB04486520,SH1110937.09FU,reps,k__Fungi,OTU733.p__Ascomycota.g__Cyanodermella
720,OTU734,333,1,273,624,351,624,82,294,4.85e-79,86.331,p__Basidiomycota,c__Agaricomycetes,o__Agaricales,f__Entolomataceae,g__Entoloma,s__Entoloma_sp,Entoloma_sp,MW775267,SH1215577.09FU,reps,k__Fungi,OTU734.p__Basidiomycota.g__Entoloma
721,OTU735,394,1,333,605,262,605,85,497,4.12e-140,93.353,p__Mortierellomycota,c__Mortierellomycetes,o__Mortierellales,f__Mortierellales_fam_Incertae_sedis,g__Mortierellales_gen_Incertae_sedis,s__Mortierellales_sp,Mortierellales_sp,UDB0167613,SH1292758.09FU,reps,k__Fungi,OTU735.p__Mortierellomycota.g__Mortierellales_gen_Incertae_sedis
722,OTU736,324,277,322,1125,57,12,14,69.4,3.11e-11,93.478,p__Ascomycota,c__Sordariomycetes,o__Hypocreales,f__Nectriaceae,g__Fusarium,s__Fusarium_oxysporum,Fusarium_oxysporum,UDB041458,SH1099032.09FU,reps,k__Fungi,OTU736.p__Ascomycota.g__Fusarium
723,OTU737,411,1,350,697,354,697,85,492,2.01e-138,92.416,p__Chytridiomycota,c__Chytridiomycota_cls_Incertae_sedis,o__Chytridiomycota_ord_Incertae_sedis,f__Chytridiomycota_fam_Incertae_sedis,g__Chytridiomycota_gen_Incertae_sedis,s__Chytridiomycota_sp,Chytridiomycota_sp,UDB02282541,SH1165558.09FU,reps,k__Fungi,OTU737.p__Chytridiomycota.g__Chytridiomycota_gen_Incertae_sedis
724,OTU738,314,1,254,540,288,540,81,462,1.18e-129,99.606,p__Ascomycota,c__Sordariomycetes,o__Ophiostomatales,f__Ophiostomataceae,g__Hawksworthiomyces,s__Hawksworthiomyces_taylorii,Hawksworthiomyces_taylorii,KX396549,SH1299211.09FU,refs,k__Fungi,OTU738.p__Ascomycota.g__Hawksworthiomyces
725,OTU739,346,299,344,1125,57,12,13,69.4,3.33e-11,93.478,p__Ascomycota,c__Sordariomycetes,o__Hypocreales,f__Nectriaceae,g__Fusarium,s__Fusarium_oxysporum,Fusarium_oxysporum,UDB041458,SH1099032.09FU,reps,k__Fungi,OTU739.p__Ascomycota.g__Fusarium
726,OTU740,256,1,196,467,272,467,77,329,1e-89,96.939,p__Ascomycota,c__Leotiomycetes,o__Helotiales,f__Myxotrichaceae,g__Oidiodendron,s__Oidiodendron_sp,Oidiodendron_sp,JX270489,SH1239530.09FU,reps,k__Fungi,OTU740.p__Ascomycota.g__Oidiodendron
727,OTU741,349,1,252,530,261,498,72,270,8.59e-72,86.905,p__Chytridiomycota,c__Chytridiomycetes,o__Chytridiomycetes_ord_Incertae_sedis,f__Chytridiomycetes_fam_Incertae_sedis,g__Chytridiomycetes_gen_Incertae_sedis,s__Chytridiomycetes_sp,Chytridiomycetes_sp,UDB038297,SH1133438.09FU,reps,k__Fungi,OTU741.p__Chytridiomycota.g__Chytridiomycetes_gen_Incertae_sedis
728,OTU742,265,1,205,479,275,479,77,379,1.02e-104,100,p__Ascomycota,c__Dothideomycetes,o__Pleosporales,f__Didymosphaeriaceae,g__Bimuria,s__Bimuria_novae-zelandiae,Bimuria_novae-zelandiae,KC113291,SH0983507.09FU,reps,k__Fungi,OTU742.p__Ascomycota.g__Bimuria
729,OTU743,277,1,232,497,266,497,84,429,1.05e-119,100,p__Ascomycota,c__Dothideomycetes,o__Pleosporales,f__Pleosporaceae,g__Curvularia,s__Curvularia_spicifera,Curvularia_spicifera,HE792904,SH1933415.09FU,refs,k__Fungi,OTU743.p__Ascomycota.g__Curvularia
730,OTU744,335,1,62,1402,784,845,19,87.9,8.89e-17,91.935,p__Basidiomycota,c__Agaricomycetes,o__Thelephorales,f__Thelephoraceae,g__Thelephora,s__Thelephora_palmata,Thelephora_palmata,UDB05500191,SH1200215.09FU,reps,k__Fungi,OTU744.p__Basidiomycota.g__Thelephora
731,OTU745,285,1,225,494,270,494,79,416,8.42e-116,100,p__Ascomycota,c__Eurotiomycetes,o__Onygenales,f__Ajellomycetaceae,g__Emmonsiellopsis,s__Emmonsiellopsis_coralliformis,Emmonsiellopsis_coralliformis,KP101584,SH1111575.09FU,refs,k__Fungi,OTU745.p__Ascomycota.g__Emmonsiellopsis
732,OTU746,326,279,324,1125,57,12,14,69.4,3.13e-11,93.478,p__Ascomycota,c__Sordariomycetes,o__Hypocreales,f__Nectriaceae,g__Fusarium,s__Fusarium_oxysporum,Fusarium_oxysporum,UDB041458,SH1099032.09FU,reps,k__Fungi,OTU746.p__Ascomycota.g__Fusarium
733,OTU747,270,1,209,495,287,495,77,381,2.89e-105,99.522,p__Ascomycota,c__Eurotiomycetes,o__Eurotiales,f__Aspergillaceae,g__Talaromyces,s__Talaromyces_chlamydosporus,Talaromyces_chlamydosporus,KU866648,SH1388719.09FU,refs,k__Fungi,OTU747.p__Ascomycota.g__Talaromyces
734,OTU748,457,1,59,950,657,714,13,80.5,2.07e-14,91.525,p__Chytridiomycota,c__Spizellomycetes,o__Spizellomycetales,f__Spizellomycetales_fam_Incertae_sedis,g__Spizellomycetales_gen_Incertae_sedis,s__Spizellomycetales_sp,Spizellomycetales_sp,UDB07389784,SH1012245.09FU,reps,k__Fungi,OTU748.p__Chytridiomycota.g__Spizellomycetales_gen_Incertae_sedis
735,OTU749,352,1,212,576,316,519,60,152,3.28e-36,80.645,p__Basidiomycota,c__Agaricomycetes,o__Cantharellales,f__Hydnaceae,g__Multiclavula,s__Multiclavula_petricola,Multiclavula_petricola,LC516462,SH1318596.09FU,refs,k__Fungi,OTU749.p__Basidiomycota.g__Multiclavula
736,OTU750,395,348,393,1125,57,12,12,69.4,3.84e-11,93.478,p__Ascomycota,c__Sordariomycetes,o__Hypocreales,f__Nectriaceae,g__Fusarium,s__Fusarium_oxysporum,Fusarium_oxysporum,UDB041458,SH1099032.09FU,reps,k__Fungi,OTU750.p__Ascomycota.g__Fusarium
737,OTU751,315,1,254,594,342,594,81,440,5.54e-123,98.031,p__Basidiomycota,c__Agaricomycetes,o__Agaricales,f__Pluteaceae,g__Pluteus,s__Pluteus_sp,Pluteus_sp,UDB05069767,SH1191473.09FU,reps,k__Fungi,OTU751.p__Basidiomycota.g__Pluteus
738,OTU752,285,1,229,507,244,472,80,418,2.34e-116,99.563,p__Ascomycota,c__Sordariomycetes,o__Hypocreales,f__Hypocreaceae,g__Kiflimonium,s__Kiflimonium_curvulum,Kiflimonium_curvulum,HE608638,SH1000746.09FU,refs,k__Fungi,OTU752.p__Ascomycota.g__Kiflimonium
739,OTU753,290,1,229,598,370,598,79,412,1.1e-114,99.127,p__Ascomycota,c__Eurotiomycetes,o__Onygenales,f__Onygenales_fam_Incertae_sedis,g__Onygenales_gen_Incertae_sedis,s__Onygenales_sp,Onygenales_sp,UDB02524221,SH1118459.09FU,reps,k__Fungi,OTU753.p__Ascomycota.g__Onygenales_gen_Incertae_sedis
740,OTU754,325,278,323,1125,57,12,14,69.4,3.12e-11,93.478,p__Ascomycota,c__Sordariomycetes,o__Hypocreales,f__Nectriaceae,g__Fusarium,s__Fusarium_oxysporum,Fusarium_oxysporum,UDB041458,SH1099032.09FU,reps,k__Fungi,OTU754.p__Ascomycota.g__Fusarium
741,OTU755,352,1,291,576,286,576,83,527,4.66e-149,99.313,p__Basidiomycota,c__Agaricomycetes,o__Cantharellales,f__Ceratobasidiaceae,g__Ceratobasidium,s__Ceratobasidium_sp,Ceratobasidium_sp,UDB01681261,SH1040773.09FU,reps,k__Fungi,OTU755.p__Basidiomycota.g__Ceratobasidium
742,OTU756,272,1,65,514,290,354,24,104,7.07e-22,95.385,p__Ascomycota,c__Ascomycota_cls_Incertae_sedis,o__Ascomycota_ord_Incertae_sedis,f__Ascomycota_fam_Incertae_sedis,g__Ascomycota_gen_Incertae_sedis,s__Ascomycota_sp,Ascomycota_sp,UDB01346089,SH1205772.09FU,reps,k__Fungi,OTU756.p__Ascomycota.g__Ascomycota_gen_Incertae_sedis
743,OTU757,296,1,238,528,299,528,80,217,9.5e-56,83.75,p__Ascomycota,c__Sordariomycetes,o__Xylariales,f__Diatrypaceae,g__Monosporascus,s__Monosporascus_cannonballus,Monosporascus_cannonballus,KT347319,SH1290705.09FU,reps,k__Fungi,OTU757.p__Ascomycota.g__Monosporascus
744,OTU758,323,1,262,612,351,612,81,479,1.21e-134,99.618,p__Basidiomycota,c__Agaricomycetes,o__Agaricales,f__Bolbitiaceae,g__Bolbitius,s__Bolbitius_sp,Bolbitius_sp,UDB0365931,SH1278839.09FU,reps,k__Fungi,OTU758.p__Basidiomycota.g__Bolbitius
745,OTU759,338,1,277,605,329,605,82,490,5.85e-138,98.556,p__Chytridiomycota,c__Spizellomycetes,o__Spizellomycetales,f__Spizellomycetales_fam_Incertae_sedis,g__Spizellomycetales_gen_Incertae_sedis,s__Spizellomycetales_sp,Spizellomycetales_sp,UDB07392206,SH1060902.09FU,reps,k__Fungi,OTU759.p__Chytridiomycota.g__Spizellomycetales_gen_Incertae_sedis
746,OTU760,264,1,203,460,258,458,77,219,2.34e-56,86.408,p__Ascomycota,c__Dothideomycetes,o__Pleosporales,f__Massarinaceae,g__Massarina,s__Massarina_sp,Massarina_sp,UDB03665945,SH1001765.09FU,reps,k__Fungi,OTU760.p__Ascomycota.g__Massarina
747,OTU761,262,1,200,459,258,458,76,353,6.11e-97,98.507,p__Ascomycota,c__Dothideomycetes,o__Venturiales,f__Venturiaceae,g__Venturiaceae_gen_Incertae_sedis,s__Venturiaceae_sp,Venturiaceae_sp,UDB07287385,SH0957635.09FU,reps,k__Fungi,OTU761.p__Ascomycota.g__Venturiaceae_gen_Incertae_sedis
748,OTU762,298,57,290,519,519,286,79,399,8.85e-111,97.447,p__Ascomycota,c__Sordariomycetes,o__Coniochaetales,f__Coniochaetaceae,g__Coniochaeta,s__Coniochaeta_sp,Coniochaeta_sp,UDB0228810,SH0947674.09FU,reps,k__Fungi,OTU762.p__Ascomycota.g__Coniochaeta
749,OTU763,261,1,201,441,241,441,77,372,1.68e-102,100,p__Ascomycota,c__Dothideomycetes,o__Mycosphaerellales,f__Mycosphaerellaceae,g__Paramycosphaerella,s__Paramycosphaerella_intermedia,Paramycosphaerella_intermedia,LC121136,SH0990914.09FU,refs,k__Fungi,OTU763.p__Ascomycota.g__Paramycosphaerella
750,OTU765,269,1,192,551,315,507,71,311,3.84e-84,95.876,p__Ascomycota,c__Eurotiomycetes,o__Onygenales,f__Onygenales_fam_Incertae_sedis,g__Spiromastix,s__Spiromastix_sp,Spiromastix_sp,UDB07374249,SH1219454.09FU,reps,k__Fungi,OTU765.p__Ascomycota.g__Spiromastix
751,OTU766,288,1,227,475,249,475,79,370,6.72e-102,96.053,p__Ascomycota,c__Ascomycota_cls_Incertae_sedis,o__Ascomycota_ord_Incertae_sedis,f__Ascomycota_fam_Incertae_sedis,g__Ascomycota_gen_Incertae_sedis,s__Ascomycota_sp,Ascomycota_sp,UDB01373815,SH1024698.09FU,reps,k__Fungi,OTU766.p__Ascomycota.g__Ascomycota_gen_Incertae_sedis
752,OTU767,366,310,364,1125,66,12,15,69.4,3.54e-11,89.091,p__Ascomycota,c__Sordariomycetes,o__Hypocreales,f__Nectriaceae,g__Fusarium,s__Fusarium_oxysporum,Fusarium_oxysporum,UDB041458,SH1099032.09FU,reps,k__Fungi,OTU767.p__Ascomycota.g__Fusarium
753,OTU768,420,1,359,686,326,686,85,654,0,99.446,p__Chytridiomycota,c__Rhizophlyctidomycetes,o__Rhizophlyctidales,f__Rhizophlyctidaceae,g__Rhizophlyctidaceae_gen_Incertae_sedis,s__Rhizophlyctidaceae_sp,Rhizophlyctidaceae_sp,UDB06383652,SH1163693.09FU,reps,k__Fungi,OTU768.p__Chytridiomycota.g__Rhizophlyctidaceae_gen_Incertae_sedis
754,OTU769,318,1,257,606,349,606,81,436,7.24e-122,97.297,p__Basidiomycota,c__Agaricomycetes,o__Agaricales,f__Agaricales_fam_Incertae_sedis,g__Agaricales_gen_Incertae_sedis,s__Agaricales_sp,Agaricales_sp,UDB0897138,SH1253626.09FU,reps,k__Fungi,OTU769.p__Basidiomycota.g__Agaricales_gen_Incertae_sedis
755,OTU770,328,1,260,424,157,416,79,464,3.44e-130,98.846,p__Basidiomycota,c__Pucciniomycetes,o__Pucciniales,f__Pucciniaceae,g__Puccinia,s__Puccinia_recondita,Puccinia_recondita,JX533515,SH1134139.09FU,reps,k__Fungi,OTU770.p__Basidiomycota.g__Puccinia
756,OTU771,349,1,252,584,308,558,72,448,3.7e-125,98.81,p__Ascomycota,c__Sordariomycetes,o__Branch06,f__Branch06_fam_Incertae_sedis,g__Branch06_gen_Incertae_sedis,s__Branch06_sp,Branch06_sp,UDB0751309,SH1271018.09FU,reps,k__Fungi,OTU771.p__Ascomycota.g__Branch06_gen_Incertae_sedis
757,OTU772,275,1,209,457,245,451,76,213,1.14e-54,85.377,p__Ascomycota,c__Pezizomycetes,o__Pezizales,f__Pyronemataceae,g__Anthracobia,s__Anthracobia_rehmii,Anthracobia_rehmii,UDB0663627,SH1200140.09FU,reps,k__Fungi,OTU772.p__Ascomycota.g__Anthracobia
758,OTU773,324,1,284,649,367,645,88,492,1.55e-138,98.239,p__Basidiomycota,c__Agaricomycetes,o__Agaricales,f__Strophariaceae,g__Agrocybe,s__Agrocybe_pediades,Agrocybe_pediades,UDB011682,SH1162763.09FU,refs,k__Fungi,OTU773.p__Basidiomycota.g__Agrocybe
759,OTU774,343,296,341,1125,57,12,13,69.4,3.3e-11,93.478,p__Ascomycota,c__Sordariomycetes,o__Hypocreales,f__Nectriaceae,g__Fusarium,s__Fusarium_oxysporum,Fusarium_oxysporum,UDB041458,SH1099032.09FU,reps,k__Fungi,OTU774.p__Ascomycota.g__Fusarium
760,OTU775,261,1,200,466,267,466,77,359,1.31e-98,99,p__Ascomycota,c__Leotiomycetes,o__Leotiales,f__Leotiales_fam_Incertae_sedis,g__Leotiales_gen_Incertae_sedis,s__Leotiales_sp,Leotiales_sp,UDB02812439,SH1025405.09FU,reps,k__Fungi,OTU775.p__Ascomycota.g__Leotiales_gen_Incertae_sedis
761,OTU776,336,1,239,612,336,579,71,324,6.24e-88,91.129,p__Basidiomycota,c__Agaricomycetes,o__Agaricales,f__Agaricales_fam_Incertae_sedis,g__Agaricales_gen_Incertae_sedis,s__Agaricales_sp,Agaricales_sp,UDB0912761,SH1256173.09FU,reps,k__Fungi,OTU776.p__Basidiomycota.g__Agaricales_gen_Incertae_sedis
762,OTU777,343,1,231,487,222,454,67,224,6.66e-58,84.322,p__Chytridiomycota,c__Rhizophydiomycetes,o__Rhizophydiales,f__Rhizophydiales_fam_Incertae_sedis,g__Rhizophydiales_gen_Incertae_sedis,s__Rhizophydiales_sp,Rhizophydiales_sp,UDB06452635,SH0969140.09FU,reps,k__Fungi,OTU777.p__Chytridiomycota.g__Rhizophydiales_gen_Incertae_sedis
763,OTU778,349,1,289,585,297,585,83,490,6.06e-138,97.241,p__Chytridiomycota,c__Chytridiomycota_cls_Incertae_sedis,o__Chytridiomycota_ord_Incertae_sedis,f__Chytridiomycota_fam_Incertae_sedis,g__Chytridiomycota_gen_Incertae_sedis,s__Chytridiomycota_sp,Chytridiomycota_sp,UDB044451,SH0886099.09FU,reps,k__Fungi,OTU778.p__Chytridiomycota.g__Chytridiomycota_gen_Incertae_sedis
764,OTU779,347,1,287,616,329,616,83,492,1.67e-138,97.569,p__Basidiomycota,c__Agaricomycetes,o__Cantharellales,f__Ceratobasidiaceae,g__Thanatephorus,s__Thanatephorus_sp,Thanatephorus_sp,UDB0203920,SH1183495.09FU,reps,k__Fungi,OTU779.p__Basidiomycota.g__Thanatephorus
765,OTU780,317,1,257,466,210,466,81,475,1.53e-133,100,p__Glomeromycota,c__Glomeromycetes,o__Glomerales,f__Glomeraceae,g__Rhizophagus,s__Rhizophagus_sp,Rhizophagus_sp,HM570023,SH1002213.09FU,reps,k__Fungi,OTU780.p__Glomeromycota.g__Rhizophagus
766,OTU781,366,308,364,1125,68,12,16,73.1,2.74e-12,89.474,p__Ascomycota,c__Sordariomycetes,o__Hypocreales,f__Nectriaceae,g__Fusarium,s__Fusarium_oxysporum,Fusarium_oxysporum,UDB041458,SH1099032.09FU,reps,k__Fungi,OTU781.p__Ascomycota.g__Fusarium
767,OTU782,280,1,220,473,255,473,79,399,8.32e-111,99.545,p__Ascomycota,c__Sordariomycetes,o__Hypocreales,f__Nectriaceae,g__Fusarium,s__Fusarium_algeriense,Fusarium_algeriense,MF120477,SH1699438.09FU,refs,k__Fungi,OTU782.p__Ascomycota.g__Fusarium
768,OTU783,322,1,261,637,378,637,81,453,7.29e-127,98.092,p__Basidiomycota,c__Agaricomycetes,o__Agaricomycetes_ord_Incertae_sedis,f__Agaricomycetes_fam_Incertae_sedis,g__Agaricomycetes_gen_Incertae_sedis,s__Agaricomycetes_sp,Agaricomycetes_sp,UDB0947104,SH1200862.09FU,reps,k__Fungi,OTU783.p__Basidiomycota.g__Agaricomycetes_gen_Incertae_sedis
769,OTU784,271,1,211,460,253,460,78,370,6.29e-102,98.578,p__Ascomycota,c__Sordariomycetes,o__Sordariales,f__Chaetomiaceae,g__Allocanariomyces,s__Allocanariomyces_tritici,Allocanariomyces_tritici,MT568839,SH0881788.09FU,refs,k__Fungi,OTU784.p__Ascomycota.g__Allocanariomyces
770,OTU785,334,287,332,1125,57,12,14,69.4,3.21e-11,93.478,p__Ascomycota,c__Sordariomycetes,o__Hypocreales,f__Nectriaceae,g__Fusarium,s__Fusarium_oxysporum,Fusarium_oxysporum,UDB041458,SH1099032.09FU,reps,k__Fungi,OTU785.p__Ascomycota.g__Fusarium
771,OTU786,342,1,235,583,284,530,69,279,1.4e-74,88,p__Basidiomycota,c__Agaricomycetes,o__Agaricales,f__Clavariaceae,g__Clavariaceae_gen_Incertae_sedis,s__Clavariaceae_sp,Clavariaceae_sp,UDB03185652,SH1276483.09FU,reps,k__Fungi,OTU786.p__Basidiomycota.g__Clavariaceae_gen_Incertae_sedis
772,OTU787,288,1,228,456,229,456,79,411,3.96e-114,99.123,p__Basidiomycota,c__Tremellomycetes,o__Tremellales,f__Rhynchogastremataceae,g__Papiliotrema,s__Papiliotrema_leoncinii,Papiliotrema_leoncinii,KP203864,SH0989458.09FU,refs,k__Fungi,OTU787.p__Basidiomycota.g__Papiliotrema
773,OTU788,286,1,226,519,294,519,79,418,2.35e-116,100,p__Ascomycota,c__Sordariomycetes,o__Hypocreales,f__Cordycipitaceae,g__Cordycipitaceae_gen_Incertae_sedis,s__Cordycipitaceae_sp,Cordycipitaceae_sp,MW361278,SH1258986.09FU,reps,k__Fungi,OTU788.p__Ascomycota.g__Cordycipitaceae_gen_Incertae_sedis
774,OTU789,309,1,249,539,291,539,81,455,1.94e-127,99.598,p__Glomeromycota,c__Glomeromycetes,o__Glomerales,f__Glomeraceae,g__Glomeraceae_gen_Incertae_sedis,s__Glomeraceae_sp,Glomeraceae_sp,UDB0201204,SH1310067.09FU,reps,k__Fungi,OTU789.p__Glomeromycota.g__Glomeraceae_gen_Incertae_sedis
775,OTU790,263,1,203,454,252,454,77,370,6.09e-102,99.507,p__Ascomycota,c__Dothideomycetes,o__Mycosphaerellales,f__Mycosphaerellaceae,g__Pseudocercospora,s__Pseudocercospora_madagascariensis,Pseudocercospora_madagascariensis,FJ790268,SH3228600.09FU,refs,k__Fungi,OTU790.p__Ascomycota.g__Pseudocercospora
776,OTU791,305,1,245,450,212,450,80,375,1.53e-103,94.694,p__Glomeromycota,c__Glomeromycetes,o__Glomerales,f__Glomeraceae,g__Glomus,s__Glomus_sp,Glomus_sp,UDB03151014,SH1030927.09FU,reps,k__Fungi,OTU791.p__Glomeromycota.g__Glomus
777,OTU792,259,1,198,468,271,468,76,305,1.71e-82,94.444,p__Ascomycota,c__Leotiomycetes,o__Helotiales,f__Dermateaceae,g__Dermateaceae_gen_Incertae_sedis,s__Dermateaceae_sp,Dermateaceae_sp,UDB03329332,SH0989871.09FU,reps,k__Fungi,OTU792.p__Ascomycota.g__Dermateaceae_gen_Incertae_sedis
778,OTU793,345,1,269,484,224,470,78,239,2.39e-62,84.015,p__Basidiomycota,c__Basidiomycota_cls_Incertae_sedis,o__Basidiomycota_ord_Incertae_sedis,f__Basidiomycota_fam_Incertae_sedis,g__Basidiomycota_gen_Incertae_sedis,s__Basidiomycota_sp,Basidiomycota_sp,UDB01489683,SH1324488.09FU,reps,k__Fungi,OTU793.p__Basidiomycota.g__Basidiomycota_gen_Incertae_sedis
779,OTU794,261,1,221,512,286,505,85,230,1.07e-59,85.778,p__Ascomycota,c__Dothideomycetes,o__Pleosporales,f__Phaeosphaeriaceae,g__Paraphoma,s__Paraphoma_chrysanthemicola,Paraphoma_chrysanthemicola,MK426809,SH0961114.09FU,reps,k__Fungi,OTU794.p__Ascomycota.g__Paraphoma
780,OTU795,316,1,227,584,323,562,72,231,3.64e-60,85.306,p__Basidiomycota,c__Agaricomycetes,o__Agaricales,f__Agaricales_fam_Incertae_sedis,g__Agaricales_gen_Incertae_sedis,s__Agaricales_sp,Agaricales_sp,UDB0907515,SH1256170.09FU,reps,k__Fungi,OTU795.p__Basidiomycota.g__Agaricales_gen_Incertae_sedis
781,OTU796,358,1,298,575,279,575,83,538,2.19e-152,99.329,p__Mortierellomycota,c__Mortierellomycetes,o__Mortierellales,f__Mortierellaceae,g__Mortierella,s__Mortierella_antarctica,Mortierella_antarctica,HQ630347,SH1302529.09FU,refs,k__Fungi,OTU796.p__Mortierellomycota.g__Mortierella
782,OTU797,229,1,128,442,220,349,56,139,1.6e-32,86.466,p__Basidiomycota,c__Tremellomycetes,o__Tremellales,f__Trimorphomycetaceae,g__Carlosrosaea,s__Carlosrosaea_sp,Carlosrosaea_sp,KX009100,SH0999671.09FU,reps,k__Fungi,OTU797.p__Basidiomycota.g__Carlosrosaea
783,OTU798,335,1,52,892,392,443,16,91.6,6.87e-18,98.077,p__Chytridiomycota,c__Mesochytriomycetes,o__Gromochytriales,f__Gromochytriaceae,g__Gromochytrium,s__Gromochytrium_mamkaevae,Gromochytrium_mamkaevae,KF586842,SH2106529.09FU,refs_singleton,k__Fungi,OTU798.p__Chytridiomycota.g__Gromochytrium
784,OTU799,340,1,279,519,244,519,82,412,1.31e-114,93.548,p__Chytridiomycota,c__Rhizophydiomycetes,o__Rhizophydiales,f__Rhizophydiales_fam_Incertae_sedis,g__Rhizophydiales_gen_Incertae_sedis,s__Rhizophydiales_sp,Rhizophydiales_sp,UDB06469491,SH1125160.09FU,reps,k__Fungi,OTU799.p__Chytridiomycota.g__Rhizophydiales_gen_Incertae_sedis
785,OTU800,327,1,266,632,367,632,81,492,1.57e-138,100,p__Basidiomycota,c__Agaricomycetes,o__Agaricales,f__Psathyrellaceae,g__Coprinopsis,s__Coprinopsis_sp,Coprinopsis_sp,UDB04181628,SH1204429.09FU,reps,k__Fungi,OTU800.p__Basidiomycota.g__Coprinopsis
786,OTU801,332,1,277,621,340,621,83,327,4.76e-89,87.943,p__Ascomycota,c__Leotiomycetes,o__Erysiphales,f__Erysiphaceae,g__Blumeria,s__Blumeria_graminis,Blumeria_graminis,MT462296,SH1234330.09FU,reps,k__Fungi,OTU801.p__Ascomycota.g__Blumeria
787,OTU802,307,1,236,483,240,473,77,279,1.24e-74,88.333,p__Basidiomycota,c__Agaricostilbomycetes,o__Agaricostilbales,f__Chionosphaeraceae,g__Chionosphaeraceae_gen_Incertae_sedis,s__Chionosphaeraceae_sp,Chionosphaeraceae_sp,UDB01887176,SH0948751.09FU,reps,k__Fungi,OTU802.p__Basidiomycota.g__Chionosphaeraceae_gen_Incertae_sedis
788,OTU803,314,1,312,1342,936,625,99,566,8.73e-161,99.359,p__Chytridiomycota,c__Rhizophydiomycetes,o__Rhizophydiales,f__Rhizophydiales_fam_Incertae_sedis,g__Rhizophydiales_gen_Incertae_sedis,s__Rhizophydiales_sp,Rhizophydiales_sp,UDB0641656,SH1257715.09FU,reps,k__Fungi,OTU803.p__Chytridiomycota.g__Rhizophydiales_gen_Incertae_sedis
789,OTU804,273,1,175,551,327,504,64,231,3.12e-60,90.503,p__Ascomycota,c__Eurotiomycetes,o__Chaetothyriales,f__Herpotrichiellaceae,g__Herpotrichiellaceae_gen_Incertae_sedis,s__Herpotrichiellaceae_sp,Herpotrichiellaceae_sp,UDB03385034,SH0898489.09FU,reps,k__Fungi,OTU804.p__Ascomycota.g__Herpotrichiellaceae_gen_Incertae_sedis
790,OTU805,306,1,246,456,210,456,80,372,1.99e-102,93.976,p__Glomeromycota,c__Glomeromycetes,o__Glomerales,f__Glomeraceae,g__Dominikia,s__Dominikia_sp,Dominikia_sp,UDB0311953,SH0977405.09FU,reps,k__Fungi,OTU805.p__Glomeromycota.g__Dominikia
791,OTU806,315,1,255,547,293,547,81,460,4.25e-129,99.216,p__Basidiomycota,c__Agaricomycetes,o__Polyporales,f__Irpicaceae,g__Ceriporia,s__Ceriporia_lacerata,Ceriporia_lacerata,AB091675,SH1142630.09FU,refs,k__Fungi,OTU806.p__Basidiomycota.g__Ceriporia
792,OTU807,373,1,309,609,289,606,83,390,6.79e-108,89.375,p__Basidiomycota,c__Agaricomycetes,o__Agaricomycetes_ord_Incertae_sedis,f__Agaricomycetes_fam_Incertae_sedis,g__Agaricomycetes_gen_Incertae_sedis,s__Agaricomycetes_sp,Agaricomycetes_sp,UDB0923158,SH1272542.09FU,reps,k__Fungi,OTU807.p__Basidiomycota.g__Agaricomycetes_gen_Incertae_sedis
793,OTU808,317,270,315,1125,57,12,15,69.4,3.03e-11,93.478,p__Ascomycota,c__Sordariomycetes,o__Hypocreales,f__Nectriaceae,g__Fusarium,s__Fusarium_oxysporum,Fusarium_oxysporum,UDB041458,SH1099032.09FU,reps,k__Fungi,OTU808.p__Ascomycota.g__Fusarium
794,OTU809,334,1,273,606,334,606,82,494,4.47e-139,99.267,p__Basidiomycota,c__Agaricomycetes,o__Agaricomycetes_ord_Incertae_sedis,f__Agaricomycetes_fam_Incertae_sedis,g__Agaricomycetes_gen_Incertae_sedis,s__Agaricomycetes_sp,Agaricomycetes_sp,UDB0943912,SH1290286.09FU,reps,k__Fungi,OTU809.p__Basidiomycota.g__Agaricomycetes_gen_Incertae_sedis
795,OTU810,351,1,290,566,278,566,83,507,6.05e-143,98.282,p__Chytridiomycota,c__Rhizophydiomycetes,o__Rhizophydiales,f__Rhizophydiales_fam_Incertae_sedis,g__Rhizophydiales_gen_Incertae_sedis,s__Rhizophydiales_sp,Rhizophydiales_sp,UDB06468708,SH1253748.09FU,reps,k__Fungi,OTU810.p__Chytridiomycota.g__Rhizophydiales_gen_Incertae_sedis
796,OTU811,299,57,291,484,484,250,79,429,1.13e-119,99.574,p__Ascomycota,c__Sordariomycetes,o__Hypocreales,f__Stachybotryaceae,g__Striaticonidium,s__Striaticonidium_brachysporum,Striaticonidium_brachysporum,KU847232,SH1073990.09FU,refs,k__Fungi,OTU811.p__Ascomycota.g__Striaticonidium
797,OTU812,270,1,209,490,281,490,77,364,2.92e-100,98.095,p__Ascomycota,c__Sordariomycetes,o__Coniochaetales,f__Coniochaetaceae,g__Coniochaeta,s__Coniochaeta_ligniaria,Coniochaeta_ligniaria,UDB04084257,SH0905769.09FU,reps,k__Fungi,OTU812.p__Ascomycota.g__Coniochaeta
798,OTU813,265,1,205,495,291,495,77,379,1.02e-104,100,p__Ascomycota,c__Dothideomycetes,o__Dothideomycetes_ord_Incertae_sedis,f__Dothideomycetes_fam_Incertae_sedis,g__Dothideomycetes_gen_Incertae_sedis,s__Dothideomycetes_sp,Dothideomycetes_sp,JQ234977,SH0945237.09FU,reps,k__Fungi,OTU813.p__Ascomycota.g__Dothideomycetes_gen_Incertae_sedis
799,OTU814,426,1,66,619,378,443,15,106,3.17e-22,95.455,p__Ascomycota,c__Pezizomycotina_cls_Incertae_sedis,o__Pezizomycotina_ord_Incertae_sedis,f__Pezizomycotina_fam_Incertae_sedis,g__Pezizomycotina_gen_Incertae_sedis,s__Pezizomycotina_sp,Pezizomycotina_sp,UDB04354347,SH1252376.09FU,reps,k__Fungi,OTU814.p__Ascomycota.g__Pezizomycotina_gen_Incertae_sedis
800,OTU815,347,1,283,502,221,502,82,472,2.18e-132,96.853,p__Glomeromycota,c__Glomeromycetes,o__Glomerales,f__Glomeraceae,g__Septoglomus,s__Septoglomus_sp,Septoglomus_sp,UDB06941809,SH0882766.09FU,reps,k__Fungi,OTU815.p__Glomeromycota.g__Septoglomus
801,OTU816,339,1,274,589,316,585,81,193,1.85e-48,80.071,p__Basidiomycota,c__Agaricomycetes,o__Cantharellales,f__Hydnaceae,g__Multiclavula,s__Multiclavula_vernalis,Multiclavula_vernalis,LC507463,SH1159973.09FU,reps,k__Fungi,OTU816.p__Basidiomycota.g__Multiclavula
802,OTU817,269,1,229,504,278,504,85,305,1.79e-82,90.948,p__Ascomycota,c__Sordariomycetes,o__Sordariales,f__Chaetomiaceae,g__Chaetomium,s__Chaetomium_nepalense,Chaetomium_nepalense,MH861591,SH2145427.09FU,refs,k__Fungi,OTU817.p__Ascomycota.g__Chaetomium
803,OTU818,294,1,234,454,221,454,80,433,8.6e-121,100,p__Basidiomycota,c__Tremellomycetes,o__Tremellales,f__Bulleraceae,g__Bullera,s__Bullera_alba,Bullera_alba,AF444662,SH1008214.09FU,refs,k__Fungi,OTU818.p__Basidiomycota.g__Bullera
804,OTU820,312,1,252,466,210,466,81,414,3.32e-115,96.109,p__Glomeromycota,c__Glomeromycetes,o__Glomerales,f__Glomeraceae,g__Rhizophagus,s__Rhizophagus_sp,Rhizophagus_sp,HM570023,SH1002213.09FU,reps,k__Fungi,OTU820.p__Glomeromycota.g__Rhizophagus
805,OTU821,346,1,285,544,259,544,82,394,4.84e-109,91.781,p__Mortierellomycota,c__Mortierellomycetes,o__Mortierellales,f__Mortierellales_fam_Incertae_sedis,g__Mortierellales_gen_Incertae_sedis,s__Mortierellales_sp,Mortierellales_sp,UDB04949561,SH0936590.09FU,reps,k__Fungi,OTU821.p__Mortierellomycota.g__Mortierellales_gen_Incertae_sedis
806,OTU822,318,1,257,620,365,620,81,446,1.2e-124,98.062,p__Basidiomycota,c__Agaricomycetes,o__Agaricales,f__Bolbitiaceae,g__Conocybe,s__Conocybe_sp,Conocybe_sp,UDB04135717,SH1182670.09FU,reps,k__Fungi,OTU822.p__Basidiomycota.g__Conocybe
807,OTU823,270,1,210,495,286,495,78,388,1.73e-107,100,p__Ascomycota,c__Dothideomycetes,o__Pleosporales,f__Pleosporaceae,g__Pyrenophora,s__Pyrenophora_tritici-repentis,Pyrenophora_tritici-repentis,MH857371,SH1295141.09FU,refs,k__Fungi,OTU823.p__Ascomycota.g__Pyrenophora
808,OTU824,282,1,217,532,311,527,77,401,2.33e-111,100,p__Ascomycota,c__Eurotiomycetes,o__Chaetothyriales,f__Cyphellophoraceae,g__Cyphellophora,s__Cyphellophora_livistonae,Cyphellophora_livistonae,KC005774,SH1205942.09FU,refs,k__Fungi,OTU824.p__Ascomycota.g__Cyphellophora
809,OTU825,330,291,328,1125,49,12,12,65.8,4.1e-10,97.368,p__Ascomycota,c__Sordariomycetes,o__Hypocreales,f__Nectriaceae,g__Fusarium,s__Fusarium_oxysporum,Fusarium_oxysporum,UDB041458,SH1099032.09FU,reps,k__Fungi,OTU825.p__Ascomycota.g__Fusarium
810,OTU826,320,1,275,631,358,631,86,473,5.56e-133,97.826,p__Basidiomycota,c__Agaricomycetes,o__Agaricomycetes_ord_Incertae_sedis,f__Agaricomycetes_fam_Incertae_sedis,g__Agaricomycetes_gen_Incertae_sedis,s__Agaricomycetes_sp,Agaricomycetes_sp,MN523287,SH1144641.09FU,reps,k__Fungi,OTU826.p__Basidiomycota.g__Agaricomycetes_gen_Incertae_sedis
811,OTU827,255,1,190,429,240,429,75,351,2.13e-96,100,p__Basidiomycota,c__Tremellomycetes,o__Tremellales,f__Bulleribasidiaceae,g__Vishniacozyma,s__Vishniacozyma_carnescens,Vishniacozyma_carnescens,KF036588,SH2787831.09FU,refs,k__Fungi,OTU827.p__Basidiomycota.g__Vishniacozyma
812,OTU828,266,1,206,445,241,445,77,374,4.77e-103,99.515,p__Ascomycota,c__Sordariomycetes,o__Sordariales,f__Chaetomiaceae,g__Gilmaniella,s__Gilmaniella_humicola,Gilmaniella_humicola,UDB035107,SH0968792.09FU,refs,k__Fungi,OTU828.p__Ascomycota.g__Gilmaniella
813,OTU830,356,319,354,758,510,545,10,67.6,1.24e-10,100,p__Basidiomycota,c__Agaricomycetes,o__Auriculariales,f__Auriculariales_fam_Incertae_sedis,g__Auriculariales_gen_Incertae_sedis,s__Auriculariales_sp,Auriculariales_sp,JQ272342,SH0954825.09FU,reps,k__Fungi,OTU830.p__Basidiomycota.g__Auriculariales_gen_Incertae_sedis
814,OTU831,285,1,225,519,299,519,79,335,2.43e-91,93.778,p__Ascomycota,c__Pezizomycotina_cls_Incertae_sedis,o__Pezizomycotina_ord_Incertae_sedis,f__Pezizomycotina_fam_Incertae_sedis,g__Irpicomyces,s__Irpicomyces_cornicola,Irpicomyces_cornicola,UDB035169,SH0931736.09FU,refs,k__Fungi,OTU831.p__Ascomycota.g__Irpicomyces
815,OTU832,313,1,253,533,268,533,81,246,1.29e-64,84.328,p__Ascomycota,c__Saccharomycetes,o__Saccharomycetales,f__Saccharomycetales_fam_Incertae_sedis,g__Saccharomycetales_gen_Incertae_sedis,s__Saccharomycetales_sp,Saccharomycetales_sp,MW017493,SH1163113.09FU,reps,k__Fungi,OTU832.p__Ascomycota.g__Saccharomycetales_gen_Incertae_sedis
816,OTU833,270,1,210,488,278,488,78,383,8.05e-106,99.526,p__Ascomycota,c__Dothideomycetes,o__Pleosporales,f__Didymosphaeriaceae,g__Didymosphaeriaceae_gen_Incertae_sedis,s__Didymosphaeriaceae_sp,Didymosphaeriaceae_sp,MK460907,SH1084793.09FU,reps,k__Fungi,OTU833.p__Ascomycota.g__Didymosphaeriaceae_gen_Incertae_sedis
817,OTU834,294,1,243,539,298,539,83,209,1.58e-53,82.731,p__Ascomycota,c__Eurotiomycetes,o__Chaetothyriales,f__Herpotrichiellaceae,g__Herpotrichiellaceae_gen_Incertae_sedis,s__Herpotrichiellaceae_sp,Herpotrichiellaceae_sp,KF675708,SH1323081.09FU,reps,k__Fungi,OTU834.p__Ascomycota.g__Herpotrichiellaceae_gen_Incertae_sedis
818,OTU835,355,1,163,1402,784,943,46,93.5,2.03e-18,77.976,p__Basidiomycota,c__Agaricomycetes,o__Thelephorales,f__Thelephoraceae,g__Thelephora,s__Thelephora_palmata,Thelephora_palmata,UDB05500191,SH1200215.09FU,reps,k__Fungi,OTU835.p__Basidiomycota.g__Thelephora
819,OTU836,295,1,249,546,298,546,84,444,3.99e-124,98.795,p__Ascomycota,c__Eurotiomycetes,o__Chaetothyriales,f__Herpotrichiellaceae,g__Fonsecaea,s__Fonsecaea_pedrosoi,Fonsecaea_pedrosoi,MH971241,SH1069678.09FU,reps,k__Fungi,OTU836.p__Ascomycota.g__Fonsecaea
820,OTU837,295,237,290,581,473,527,18,56.5,2.18e-07,85.455,p__Ascomycota,c__Leotiomycetes,o__Helotiales,f__Dermateaceae,g__Pezicula,s__Pezicula_radicicola,Pezicula_radicicola,FJ179465,SH0975489.09FU,reps,k__Fungi,OTU837.p__Ascomycota.g__Pezicula
821,OTU838,328,1,268,534,270,534,82,448,3.46e-125,97.015,p__Basidiomycota,c__Agaricomycetes,o__Agaricales,f__Clavariaceae,g__Clavulinopsis,s__Clavulinopsis_sp,Clavulinopsis_sp,UDB039676,SH0936718.09FU,reps,k__Fungi,OTU838.p__Basidiomycota.g__Clavulinopsis
822,OTU839,272,1,196,484,275,466,72,215,3.13e-55,86.802,p__Ascomycota,c__Dothideomycetes,o__Microthyriales,f__Microthyriaceae,g__Scolecopeltidium,s__Scolecopeltidium_wangtianshuiense,Scolecopeltidium_wangtianshuiense,MK095926,SH2125158.09FU,refs_singleton,k__Fungi,OTU839.p__Ascomycota.g__Scolecopeltidium
823,OTU840,293,1,233,494,263,494,80,374,5.27e-103,95.726,p__Ascomycota,c__Sordariomycetes,o__Microascales,f__Microascales_fam_Incertae_sedis,g__Microascales_gen_Incertae_sedis,s__Microascales_sp,Microascales_sp,UDB061186,SH1091207.09FU,reps,k__Fungi,OTU840.p__Ascomycota.g__Microascales_gen_Incertae_sedis
824,OTU841,292,1,255,565,309,565,87,429,1.1e-119,96.887,p__Fungi_phy_Incertae_sedis,c__Fungi_cls_Incertae_sedis,o__Fungi_ord_Incertae_sedis,f__Fungi_fam_Incertae_sedis,g__Fungi_gen_Incertae_sedis,s__Fungi_sp,Fungi_sp,MW215432,SH0885420.09FU,reps,k__Fungi,OTU841.p__Fungi_phy_Incertae_sedis.g__Fungi_gen_Incertae_sedis
825,OTU842,278,1,215,470,252,468,77,311,3.98e-84,92.627,p__Ascomycota,c__Dothideomycetes,o__Mycosphaerellales,f__Teratosphaeriaceae,g__Teratosphaeriaceae_gen_Incertae_sedis,s__Teratosphaeriaceae_sp,Teratosphaeriaceae_sp,UDB05440186,SH1021094.09FU,reps,k__Fungi,OTU842.p__Ascomycota.g__Teratosphaeriaceae_gen_Incertae_sedis
826,OTU843,371,1,55,578,299,353,15,97.1,1.65e-19,98.182,p__Ascomycota,c__Lecanoromycetes,o__Acarosporales,f__Acarosporaceae,g__Neoacrodontiella,s__Neoacrodontiella_eucalypti,Neoacrodontiella_eucalypti,MK876396,SH2121765.09FU,refs_singleton,k__Fungi,OTU843.p__Ascomycota.g__Neoacrodontiella
827,OTU844,280,1,220,441,222,441,79,357,5.08e-98,95.909,p__Basidiomycota,c__Tremellomycetes,o__Tremellales,f__Cuniculitremaceae,g__Kockovaella,s__Kockovaella_lichenicola,Kockovaella_lichenicola,AJ608655,SH0997003.09FU,refs,k__Fungi,OTU844.p__Basidiomycota.g__Kockovaella
828,OTU845,326,1,265,477,211,477,81,409,1.62e-113,94.444,p__Glomeromycota,c__Glomeromycetes,o__Glomerales,f__Glomeraceae,g__Rhizophagus,s__Rhizophagus_sp,Rhizophagus_sp,UDB06373254,SH0988839.09FU,reps,k__Fungi,OTU845.p__Glomeromycota.g__Rhizophagus
829,OTU846,321,1,260,637,378,637,81,442,1.57e-123,97.318,p__Basidiomycota,c__Agaricomycetes,o__Agaricomycetes_ord_Incertae_sedis,f__Agaricomycetes_fam_Incertae_sedis,g__Agaricomycetes_gen_Incertae_sedis,s__Agaricomycetes_sp,Agaricomycetes_sp,UDB0947104,SH1200862.09FU,reps,k__Fungi,OTU846.p__Basidiomycota.g__Agaricomycetes_gen_Incertae_sedis
830,OTU847,395,1,334,706,371,706,85,470,9.02e-132,92.059,p__Kickxellomycota,c__Ramicandelaberomycetes,o__Ramicandelaberales,f__Ramicandelaberaceae,g__Ramicandelaber,s__Ramicandelaber_sp,Ramicandelaber_sp,UDB06291274,SH1119233.09FU,reps,k__Fungi,OTU847.p__Kickxellomycota.g__Ramicandelaber
831,OTU848,279,1,170,464,289,462,61,257,5.28e-68,93.678,p__Ascomycota,c__Eurotiomycetes,o__Chaetothyriales,f__Chaetothyriaceae,g__Ceramothyrium,s__Ceramothyrium_podocarpicola,Ceramothyrium_podocarpicola,MN562139,SH1700222.09FU,refs_singleton,k__Fungi,OTU848.p__Ascomycota.g__Ceramothyrium
832,OTU850,293,1,186,578,314,494,63,167,9.59e-41,83.598,p__Ascomycota,c__Eurotiomycetes,o__Eurotiales,f__Aspergillaceae,g__Aspergillus,s__Aspergillus_keratitidis,Aspergillus_keratitidis,KY980637,SH1067476.09FU,reps,k__Fungi,OTU850.p__Ascomycota.g__Aspergillus
833,OTU851,283,1,222,519,298,519,78,350,8.6e-96,95.045,p__Ascomycota,c__Eurotiomycetes,o__Chaetothyriales,f__Herpotrichiellaceae,g__Herpotrichiellaceae_gen_Incertae_sedis,s__Herpotrichiellaceae_sp,Herpotrichiellaceae_sp,UDB03389236,SH0962089.09FU,reps,k__Fungi,OTU851.p__Ascomycota.g__Herpotrichiellaceae_gen_Incertae_sedis
834,OTU852,316,1,256,521,266,521,81,473,5.48e-133,100,p__Ascomycota,c__Sordariomycetes,o__Sordariomycetes_ord_Incertae_sedis,f__Sordariomycetes_fam_Incertae_sedis,g__Sordariomycetes_gen_Incertae_sedis,s__Sordariomycetes_sp,Sordariomycetes_sp,AJ875370,SH1301980.09FU,reps,k__Fungi,OTU852.p__Ascomycota.g__Sordariomycetes_gen_Incertae_sedis
835,OTU853,283,1,240,436,197,436,85,438,1.78e-122,99.583,p__Basidiomycota,c__Basidiomycota_cls_Incertae_sedis,o__Basidiomycota_ord_Incertae_sedis,f__Basidiomycota_fam_Incertae_sedis,g__Basidiomycota_gen_Incertae_sedis,s__Basidiomycota_sp,Basidiomycota_sp,MW216171,SH1044648.09FU,reps,k__Fungi,OTU853.p__Basidiomycota.g__Basidiomycota_gen_Incertae_sedis
836,OTU854,298,1,142,528,276,418,48,180,1.26e-44,89.655,p__Ascomycota,c__Eurotiomycetes,o__Onygenales,f__Arthrodermataceae,g__Arthroderma,s__Arthroderma_grubyi,Arthroderma_grubyi,AJ000612,SH1299244.09FU,refs,k__Fungi,OTU854.p__Ascomycota.g__Arthroderma
837,OTU855,290,1,216,485,253,467,74,215,3.34e-55,84.722,p__Basidiomycota,c__Tremellomycetes,o__Tremellales,f__Trimorphomycetaceae,g__Trimorphomycetaceae_gen_Incertae_sedis,s__Trimorphomycetaceae_sp,Trimorphomycetaceae_sp,UDB06653392,SH0974105.09FU,reps,k__Fungi,OTU855.p__Basidiomycota.g__Trimorphomycetaceae_gen_Incertae_sedis
838,OTU856,317,1,257,463,210,463,81,449,9.27e-126,98.444,p__Glomeromycota,c__Glomeromycetes,o__Glomerales,f__Glomeraceae,g__Glomeraceae_gen_Incertae_sedis,s__Glomeraceae_sp,Glomeraceae_sp,AM992821,SH0908010.09FU,reps,k__Fungi,OTU856.p__Glomeromycota.g__Glomeraceae_gen_Incertae_sedis
839,OTU857,273,1,212,456,245,456,78,381,2.93e-105,99.057,p__Ascomycota,c__Dothideomycetes,o__Pleosporales,f__Sporormiaceae,g__Preussia,s__Preussia_sp,Preussia_sp,UDB05021902,SH1004092.09FU,reps,k__Fungi,OTU857.p__Ascomycota.g__Preussia
840,OTU858,269,1,209,470,262,470,78,381,2.88e-105,99.522,p__Ascomycota,c__Dothideomycetes,o__Pleosporales,f__Phaeosphaeriaceae,g__Setophoma,s__Setophoma_endophytica,Setophoma_endophytica,MK511931,SH0905101.09FU,refs,k__Fungi,OTU858.p__Ascomycota.g__Setophoma
841,OTU859,269,1,205,798,593,798,76,346,1.05e-94,97.087,p__Ascomycota,c__Dothideomycetes,o__Pleosporales,f__Pleosporales_fam_Incertae_sedis,g__Pleosporales_gen_Incertae_sedis,s__Pleosporales_sp,Pleosporales_sp,UDB05004812,SH1098776.09FU,reps,k__Fungi,OTU859.p__Ascomycota.g__Pleosporales_gen_Incertae_sedis
842,OTU860,286,1,226,533,312,533,79,309,1.48e-83,91.63,p__Ascomycota,c__Eurotiomycetes,o__Chaetothyriales,f__Chaetothyriales_fam_Incertae_sedis,g__Neostrelitziana,s__Neostrelitziana_acaciigena,Neostrelitziana_acaciigena,KR476730,SH2083190.09FU,refs_singleton,k__Fungi,OTU860.p__Ascomycota.g__Neostrelitziana
843,OTU861,304,1,243,442,196,442,80,398,3.25e-110,95.984,p__Glomeromycota,c__Glomeromycetes,o__Glomerales,f__Glomeraceae,g__Glomeraceae_gen_Incertae_sedis,s__Glomeraceae_sp,Glomeraceae_sp,UDB03128517,SH1035515.09FU,reps,k__Fungi,OTU861.p__Glomeromycota.g__Glomeraceae_gen_Incertae_sedis
844,OTU862,342,1,281,545,265,545,82,514,3.52e-145,99.644,p__Chytridiomycota,c__Rhizophydiomycetes,o__Rhizophydiales,f__Rhizophydiales_fam_Incertae_sedis,g__Rhizophydiales_gen_Incertae_sedis,s__Rhizophydiales_sp,Rhizophydiales_sp,UDB06471355,SH0909129.09FU,reps,k__Fungi,OTU862.p__Chytridiomycota.g__Rhizophydiales_gen_Incertae_sedis
845,OTU863,335,1,275,532,258,532,82,503,7.45e-142,99.636,p__Basidiomycota,c__Tremellomycetes,o__Filobasidiales,f__Filobasidiaceae,g__Naganishia,s__Naganishia_uzbekistanensis,Naganishia_uzbekistanensis,AF444339,SH3626198.09FU,refs,k__Fungi,OTU863.p__Basidiomycota.g__Naganishia
846,OTU864,262,1,201,537,337,537,77,355,1.7e-97,98.507,p__Ascomycota,c__Leotiomycetes,o__Helotiales,f__Tricladiaceae,g__Tricladiaceae_gen_Incertae_sedis,s__Tricladiaceae_sp,Tricladiaceae_sp,UDB06646005,SH0963018.09FU,reps,k__Fungi,OTU864.p__Ascomycota.g__Tricladiaceae_gen_Incertae_sedis
847,OTU865,297,1,215,528,302,508,72,285,2.58e-76,91.163,p__Ascomycota,c__Eurotiomycetes,o__Chaetothyriales,f__Chaetothyriaceae,g__Hermetothecium,s__Hermetothecium_mikaniae-micranthae,Hermetothecium_mikaniae-micranthae,MN537723,SH1129177.09FU,refs,k__Fungi,OTU865.p__Ascomycota.g__Hermetothecium
848,OTU866,313,1,243,566,318,559,78,409,1.55e-113,97.119,p__Ascomycota,c__Eurotiomycetes,o__Onygenales,f__Onygenales_fam_Incertae_sedis,g__Onygenales_gen_Incertae_sedis,s__Onygenales_sp,Onygenales_sp,UDB02527139,SH1120009.09FU,reps,k__Fungi,OTU866.p__Ascomycota.g__Onygenales_gen_Incertae_sedis
849,OTU867,291,1,230,523,293,523,79,409,1.43e-113,98.701,p__Ascomycota,c__Sordariomycetes,o__Hypocreales,f__Stachybotryaceae,g__Stachybotrys,s__Stachybotrys_sp,Stachybotrys_sp,UDB07566219,SH0960082.09FU,reps,k__Fungi,OTU867.p__Ascomycota.g__Stachybotrys
850,OTU868,303,1,205,578,299,512,68,248,3.46e-65,88.318,p__Ascomycota,c__Lecanoromycetes,o__Acarosporales,f__Acarosporaceae,g__Neoacrodontiella,s__Neoacrodontiella_eucalypti,Neoacrodontiella_eucalypti,MK876396,SH2121765.09FU,refs_singleton,k__Fungi,OTU868.p__Ascomycota.g__Neoacrodontiella
851,OTU869,326,1,237,553,315,539,73,300,1.02e-80,90.295,p__Ascomycota,c__Sordariomycetes,o__Hypocreales,f__Hypocreales_fam_Incertae_sedis,g__Hypocreales_gen_Incertae_sedis,s__Hypocreales_sp,Hypocreales_sp,UDB01387904,SH0900523.09FU,reps,k__Fungi,OTU869.p__Ascomycota.g__Hypocreales_gen_Incertae_sedis
852,OTU870,321,1,261,504,244,504,81,483,9.26e-136,100,p__Basidiomycota,c__Cystobasidiomycetes,o__Cystobasidiomycetes_ord_Incertae_sedis,f__Symmetrosporaceae,g__Symmetrospora,s__Symmetrospora_symmetrica,Symmetrospora_symmetrica,AY364836,SH1223461.09FU,refs,k__Fungi,OTU870.p__Basidiomycota.g__Symmetrospora
853,OTU871,326,1,267,580,312,580,82,307,6.09e-83,87.454,p__Basidiomycota,c__Agaricomycetes,o__Agaricales,f__Entolomataceae,g__Entoloma,s__Entoloma_lepidissimum,Entoloma_lepidissimum,KC898366,SH1188354.09FU,reps,k__Fungi,OTU871.p__Basidiomycota.g__Entoloma
854,OTU872,366,1,50,562,256,305,14,93.5,2.1e-18,100,p__Mortierellomycota,c__Mortierellomycetes,o__Mortierellales,f__Mortierellaceae,g__Mortierella,s__Mortierella_sp,Mortierella_sp,UDB04780265,SH1039127.09FU,reps,k__Fungi,OTU872.p__Mortierellomycota.g__Mortierella
855,OTU873,243,1,203,666,460,666,84,335,2.04e-91,96.135,p__Fungi_phy_Incertae_sedis,c__Fungi_cls_Incertae_sedis,o__Fungi_ord_Incertae_sedis,f__Fungi_fam_Incertae_sedis,g__Fungi_gen_Incertae_sedis,s__Fungi_sp,Fungi_sp,MW215620,SH1116954.09FU,reps,k__Fungi,OTU873.p__Fungi_phy_Incertae_sedis.g__Fungi_gen_Incertae_sedis
856,OTU874,283,1,223,493,271,493,79,407,5.03e-113,99.552,p__Ascomycota,c__Sordariomycetes,o__Hypocreales,f__Nectriaceae,g__Sarcopodium,s__Sarcopodium_araliae,Sarcopodium_araliae,UDB035172,SH0900727.09FU,refs,k__Fungi,OTU874.p__Ascomycota.g__Sarcopodium
857,OTU875,265,1,222,486,264,486,84,379,1.02e-104,97.309,p__Ascomycota,c__Sordariomycetes,o__Sordariales,f__Sordariales_fam_Incertae_sedis,g__Sordariales_gen_Incertae_sedis,s__Sordariales_sp,Sordariales_sp,MN417955,SH0965553.09FU,reps,k__Fungi,OTU875.p__Ascomycota.g__Sordariales_gen_Incertae_sedis
858,OTU876,273,1,114,346,226,339,42,167,8.93e-41,93.043,p__Fungi_phy_Incertae_sedis,c__Fungi_cls_Incertae_sedis,o__Fungi_ord_Incertae_sedis,f__Fungi_fam_Incertae_sedis,g__Fungi_gen_Incertae_sedis,s__Fungi_sp,Fungi_sp,JX356701,SH0994671.09FU,reps,k__Fungi,OTU876.p__Fungi_phy_Incertae_sedis.g__Fungi_gen_Incertae_sedis
859,OTU877,291,1,216,477,262,477,74,399,8.63e-111,100,p__Ascomycota,c__Eurotiomycetes,o__Chaetothyriales,f__Herpotrichiellaceae,g__Rhinocladiella,s__Rhinocladiella_similis,Rhinocladiella_similis,EF551461,SH1098744.09FU,refs,k__Fungi,OTU877.p__Ascomycota.g__Rhinocladiella
860,OTU878,343,296,341,1125,57,12,13,69.4,3.3e-11,93.478,p__Ascomycota,c__Sordariomycetes,o__Hypocreales,f__Nectriaceae,g__Fusarium,s__Fusarium_oxysporum,Fusarium_oxysporum,UDB041458,SH1099032.09FU,reps,k__Fungi,OTU878.p__Ascomycota.g__Fusarium
861,OTU879,334,1,248,605,337,583,74,257,6.38e-68,85.6,p__Ascomycota,c__Pezizomycetes,o__Pezizales,f__Pezizales_fam_Incertae_sedis,g__Pezizales_gen_Incertae_sedis,s__Pezizales_sp,Pezizales_sp,UDB04328554,SH1262864.09FU,reps,k__Fungi,OTU879.p__Ascomycota.g__Pezizales_gen_Incertae_sedis
862,OTU880,321,1,261,505,245,505,81,472,2.01e-132,99.234,p__Basidiomycota,c__Basidiomycota_cls_Incertae_sedis,o__Basidiomycota_ord_Incertae_sedis,f__Basidiomycota_fam_Incertae_sedis,g__Basidiomycota_gen_Incertae_sedis,s__Basidiomycota_sp,Basidiomycota_sp,UDB0730653,SH1223324.09FU,reps,k__Fungi,OTU880.p__Basidiomycota.g__Basidiomycota_gen_Incertae_sedis
863,OTU881,367,1,69,652,361,428,19,110,2.09e-23,95.652,p__Chytridiomycota,c__Spizellomycetes,o__Spizellomycetales,f__Powellomycetaceae,g__Fimicolochytrium,s__Fimicolochytrium_sp,Fimicolochytrium_sp,UDB02044807,SH1200288.09FU,reps,k__Fungi,OTU881.p__Chytridiomycota.g__Fimicolochytrium
864,OTU882,250,1,149,406,227,368,60,97.1,1.08e-19,80,p__Ascomycota,c__Ascomycota_cls_Incertae_sedis,o__Ascomycota_ord_Incertae_sedis,f__Ascomycota_fam_Incertae_sedis,g__Ascomycota_gen_Incertae_sedis,s__Ascomycota_sp,Ascomycota_sp,HM239789,SH1184431.09FU,reps,k__Fungi,OTU882.p__Ascomycota.g__Ascomycota_gen_Incertae_sedis
865,OTU883,275,1,215,467,253,467,78,398,2.93e-110,100,p__Ascomycota,c__Sordariomycetes,o__Microascales,f__Ceratocystidaceae,g__Berkeleyomyces,s__Berkeleyomyces_rouxiae,Berkeleyomyces_rouxiae,MF952412,SH0917704.09FU,refs,k__Fungi,OTU883.p__Ascomycota.g__Berkeleyomyces
866,OTU884,284,1,216,491,272,487,76,394,3.93e-109,99.537,p__Ascomycota,c__Sordariomycetes,o__Sordariales,f__Chaetomiaceae,g__Achaetomium,s__Achaetomium_lippiae,Achaetomium_lippiae,KY855413,SH1339614.09FU,refs_singleton,k__Fungi,OTU884.p__Ascomycota.g__Achaetomium
867,OTU885,273,1,210,485,274,482,77,298,3.04e-80,92.381,p__Ascomycota,c__Sordariomycetes,o__Sordariales,f__Chaetomiaceae,g__Chaetomiaceae_gen_Incertae_sedis,s__Chaetomiaceae_sp,Chaetomiaceae_sp,UDB01731080,SH0881638.09FU,reps,k__Fungi,OTU885.p__Ascomycota.g__Chaetomiaceae_gen_Incertae_sedis
868,OTU886,390,1,329,674,348,674,84,556,6.64e-158,97.264,p__Kickxellomycota,c__Ramicandelaberomycetes,o__Ramicandelaberales,f__Ramicandelaberaceae,g__Ramicandelaber,s__Ramicandelaber_sp,Ramicandelaber_sp,UDB06291264,SH1117014.09FU,reps,k__Fungi,OTU886.p__Kickxellomycota.g__Ramicandelaber
869,OTU887,269,1,206,503,295,501,77,353,6.29e-97,97.585,p__Ascomycota,c__Pezizomycetes,o__Pezizales,f__Ascobolaceae,g__Ascobolus,s__Ascobolus_foliicola,Ascobolus_foliicola,UDB01331812,SH1309931.09FU,reps,k__Fungi,OTU887.p__Ascomycota.g__Ascobolus
870,OTU888,417,1,106,904,379,479,25,135,3.96e-31,90.566,p__Chytridiomycota,c__Chytridiomycota_cls_Incertae_sedis,o__Chytridiomycota_ord_Incertae_sedis,f__Chytridiomycota_fam_Incertae_sedis,g__Chytridiomycota_gen_Incertae_sedis,s__Chytridiomycota_sp,Chytridiomycota_sp,UDB02308178,SH1014399.09FU,reps,k__Fungi,OTU888.p__Chytridiomycota.g__Chytridiomycota_gen_Incertae_sedis
871,OTU889,319,1,259,501,241,501,81,459,1.55e-128,98.467,p__Basidiomycota,c__Cystobasidiomycetes,o__Cystobasidiales,f__Cystobasidiaceae,g__Cystobasidium,s__Cystobasidium_terricola,Cystobasidium_terricola,MK050390,SH1931996.09FU,refs,k__Fungi,OTU889.p__Basidiomycota.g__Cystobasidium
872,OTU890,318,1,258,574,292,553,81,442,1.56e-123,97.328,p__Ascomycota,c__Sordariomycetes,o__Sordariomycetes_ord_Incertae_sedis,f__Sordariomycetes_fam_Incertae_sedis,g__Sordariomycetes_gen_Incertae_sedis,s__Sordariomycetes_sp,Sordariomycetes_sp,MF971994,SH1254874.09FU,reps,k__Fungi,OTU890.p__Ascomycota.g__Sordariomycetes_gen_Incertae_sedis
873,OTU891,274,1,213,491,281,491,78,381,2.94e-105,99.061,p__Ascomycota,c__Eurotiomycetes,o__Eurotiales,f__Aspergillaceae,g__Talaromyces,s__Talaromyces_adpressus,Talaromyces_adpressus,KU866657,SH4242394.09FU,refs,k__Fungi,OTU891.p__Ascomycota.g__Talaromyces
874,OTU892,319,1,258,440,198,440,81,346,1.26e-94,91.86,p__Glomeromycota,c__Glomeromycetes,o__Glomerales,f__Glomeraceae,g__Glomeraceae_gen_Incertae_sedis,s__Glomeraceae_sp,Glomeraceae_sp,UDB03118134,SH1035556.09FU,reps,k__Fungi,OTU892.p__Glomeromycota.g__Glomeraceae_gen_Incertae_sedis
875,OTU893,355,1,295,565,271,565,83,540,6.04e-153,99.661,p__Basidiomycota,c__Agaricomycetes,o__Agaricales,f__Schizophyllaceae,g__Schizophyllum,s__Schizophyllum_commune,Schizophyllum_commune,UDB011478,SH1009473.09FU,refs,k__Fungi,OTU893.p__Basidiomycota.g__Schizophyllum
876,OTU894,320,1,260,512,253,512,81,464,3.34e-130,98.846,p__Basidiomycota,c__Exobasidiomycetes,o__Ceraceosorales,f__Ceraceosoraceae,g__Ceraceosorus,s__Ceraceosorus_guamensis,Ceraceosorus_guamensis,KT984934,SH0983350.09FU,reps,k__Fungi,OTU894.p__Basidiomycota.g__Ceraceosorus
877,OTU895,269,1,209,451,243,451,78,387,6.2e-107,100,p__Ascomycota,c__Dothideomycetes,o__Pleosporales,f__Massarinaceae,g__Stagonospora,s__Stagonospora_heteroderae,Stagonospora_heteroderae,UDB035376,SH0989042.09FU,refs,k__Fungi,OTU895.p__Ascomycota.g__Stagonospora
878,OTU896,370,323,368,1125,57,12,12,69.4,3.58e-11,93.478,p__Ascomycota,c__Sordariomycetes,o__Hypocreales,f__Nectriaceae,g__Fusarium,s__Fusarium_oxysporum,Fusarium_oxysporum,UDB041458,SH1099032.09FU,reps,k__Fungi,OTU896.p__Ascomycota.g__Fusarium
879,OTU897,350,315,348,758,512,545,10,63.9,1.57e-09,100,p__Basidiomycota,c__Agaricomycetes,o__Auriculariales,f__Auriculariales_fam_Incertae_sedis,g__Auriculariales_gen_Incertae_sedis,s__Auriculariales_sp,Auriculariales_sp,JQ272342,SH0954825.09FU,reps,k__Fungi,OTU897.p__Basidiomycota.g__Auriculariales_gen_Incertae_sedis
880,OTU898,264,1,204,454,251,454,77,377,3.65e-104,100,p__Ascomycota,c__Dothideomycetes,o__Capnodiales,f__Capnodiaceae,g__Leptoxyphium,s__Leptoxyphium_glochidion,Leptoxyphium_glochidion,KF982307,SH0992025.09FU,refs,k__Fungi,OTU898.p__Ascomycota.g__Leptoxyphium
881,OTU900,335,1,274,619,346,619,82,507,5.76e-143,100,p__Ascomycota,c__Pezizomycetes,o__Pezizales,f__Pyronemataceae,g__Boubovia,s__Boubovia_sp,Boubovia_sp,UDB01542008,SH1250008.09FU,reps,k__Fungi,OTU900.p__Ascomycota.g__Boubovia
882,OTU901,318,1,266,605,340,605,84,475,1.53e-133,98.872,p__Basidiomycota,c__Agaricomycetes,o__Agaricales,f__Agaricaceae,g__Micropsalliota,s__Micropsalliota_globocystis,Micropsalliota_globocystis,HM436634,SH1253410.09FU,reps,k__Fungi,OTU901.p__Basidiomycota.g__Micropsalliota
883,OTU902,262,1,190,446,241,434,73,250,8.24e-66,90.256,p__Ascomycota,c__Dothideomycetes,o__Mycosphaerellales,f__Mycosphaerellaceae,g__Teratoramularia,s__Teratoramularia_infinita,Teratoramularia_infinita,KX287545,SH1085513.09FU,refs,k__Fungi,OTU902.p__Ascomycota.g__Teratoramularia
884,OTU903,276,1,232,478,244,473,84,416,8.13e-116,99.138,p__Ascomycota,c__Sordariomycetes,o__Sordariomycetes_ord_Incertae_sedis,f__Sordariomycetes_fam_Incertae_sedis,g__Sordariomycetes_gen_Incertae_sedis,s__Sordariomycetes_sp,Sordariomycetes_sp,MF164512,SH1094960.09FU,reps,k__Fungi,OTU903.p__Ascomycota.g__Sordariomycetes_gen_Incertae_sedis
885,OTU904,263,1,202,473,272,473,77,340,4.77e-93,97.03,p__Ascomycota,c__Leotiomycetes,o__Helotiales,f__Hyaloscyphaceae,g__Cistella,s__Cistella_sp,Cistella_sp,UDB02657851,SH0967982.09FU,reps,k__Fungi,OTU904.p__Ascomycota.g__Cistella
886,OTU905,232,193,230,758,508,545,16,65.8,2.8e-10,97.368,p__Basidiomycota,c__Agaricomycetes,o__Auriculariales,f__Auriculariales_fam_Incertae_sedis,g__Auriculariales_gen_Incertae_sedis,s__Auriculariales_sp,Auriculariales_sp,JQ272342,SH0954825.09FU,reps,k__Fungi,OTU905.p__Basidiomycota.g__Auriculariales_gen_Incertae_sedis
887,OTU906,327,1,267,621,355,621,82,488,2.03e-137,99.625,p__Mucoromycota,c__Mucoromycetes,o__Mucorales,f__Mucoraceae,g__Actinomucor,s__Actinomucor_elegans,Actinomucor_elegans,JN205828,SH1002491.09FU,refs,k__Fungi,OTU906.p__Mucoromycota.g__Actinomucor
888,OTU907,308,271,306,758,510,545,12,67.6,1.06e-10,100,p__Basidiomycota,c__Agaricomycetes,o__Auriculariales,f__Auriculariales_fam_Incertae_sedis,g__Auriculariales_gen_Incertae_sedis,s__Auriculariales_sp,Auriculariales_sp,JQ272342,SH0954825.09FU,reps,k__Fungi,OTU907.p__Basidiomycota.g__Auriculariales_gen_Incertae_sedis
889,OTU908,266,1,206,476,271,476,77,375,1.32e-103,99.515,p__Ascomycota,c__Dothideomycetes,o__Pleosporales,f__Lentitheciaceae,g__Keissleriella,s__Keissleriella_quadriseptata,Keissleriella_quadriseptata,AB811456,SH0906697.09FU,refs,k__Fungi,OTU908.p__Ascomycota.g__Keissleriella
890,OTU909,242,163,234,461,307,237,30,71.3,6.31e-12,85.135,p__Ascomycota,c__Ascomycota_cls_Incertae_sedis,o__Ascomycota_ord_Incertae_sedis,f__Ascomycota_fam_Incertae_sedis,g__Ascomycota_gen_Incertae_sedis,s__Ascomycota_sp,Ascomycota_sp,UDB01377393,SH1148388.09FU,reps,k__Fungi,OTU909.p__Ascomycota.g__Ascomycota_gen_Incertae_sedis
891,OTU910,330,1,270,557,287,557,82,488,2.05e-137,99.262,p__Basidiomycota,c__Exobasidiomycetes,o__Exobasidiales,f__Brachybasidiaceae,g__Meira,s__Meira_nashicola,Meira_nashicola,AB185159,SH0996641.09FU,refs,k__Fungi,OTU910.p__Basidiomycota.g__Meira
892,OTU911,274,1,211,506,295,504,77,355,1.78e-97,97.156,p__Ascomycota,c__Pezizomycetes,o__Pezizales,f__Ascobolaceae,g__Ascobolaceae_gen_Incertae_sedis,s__Ascobolaceae_sp,Ascobolaceae_sp,UDB01323159,SH1309802.09FU,reps,k__Fungi,OTU911.p__Ascomycota.g__Ascobolaceae_gen_Incertae_sedis
893,OTU912,335,288,333,1125,57,12,14,69.4,3.22e-11,93.478,p__Ascomycota,c__Sordariomycetes,o__Hypocreales,f__Nectriaceae,g__Fusarium,s__Fusarium_oxysporum,Fusarium_oxysporum,UDB041458,SH1099032.09FU,reps,k__Fungi,OTU912.p__Ascomycota.g__Fusarium
894,OTU913,310,1,249,535,288,535,80,348,3.4e-95,92,p__Ascomycota,c__Orbiliomycetes,o__Orbiliales,f__Orbiliaceae,g__Orbiliaceae_gen_Incertae_sedis,s__Orbiliaceae_sp,Orbiliaceae_sp,UDB02606428,SH1308512.09FU,reps,k__Fungi,OTU913.p__Ascomycota.g__Orbiliaceae_gen_Incertae_sedis
895,OTU914,271,1,210,453,244,453,77,383,8.08e-106,99.524,p__Ascomycota,c__Sordariomycetes,o__Sordariales,f__Podosporaceae,g__Podosporaceae_gen_Incertae_sedis,s__Podosporaceae_sp,Podosporaceae_sp,UDB05114343,SH1033711.09FU,reps,k__Fungi,OTU914.p__Ascomycota.g__Podosporaceae_gen_Incertae_sedis
896,OTU915,286,1,219,452,227,445,77,250,9.07e-66,87.5,p__Basidiomycota,c__Tremellomycetes,o__Tremellales,f__Trimorphomycetaceae,g__Trimorphomycetaceae_gen_Incertae_sedis,s__Trimorphomycetaceae_sp,Trimorphomycetaceae_sp,UDB090808,SH0999665.09FU,reps,k__Fungi,OTU915.p__Basidiomycota.g__Trimorphomycetaceae_gen_Incertae_sedis
897,OTU916,284,1,223,483,260,483,79,407,5.05e-113,99.554,p__Ascomycota,c__Sordariomycetes,o__Hypocreales,f__Bionectriaceae,g__Bionectriaceae_gen_Incertae_sedis,s__Bionectriaceae_sp,Bionectriaceae_sp,UDB01522252,SH0900826.09FU,reps,k__Fungi,OTU916.p__Ascomycota.g__Bionectriaceae_gen_Incertae_sedis
898,OTU917,342,295,340,1125,57,12,13,69.4,3.29e-11,93.478,p__Ascomycota,c__Sordariomycetes,o__Hypocreales,f__Nectriaceae,g__Fusarium,s__Fusarium_oxysporum,Fusarium_oxysporum,UDB041458,SH1099032.09FU,reps,k__Fungi,OTU917.p__Ascomycota.g__Fusarium
899,OTU918,278,1,217,516,294,516,78,230,1.15e-59,85.903,p__Ascomycota,c__Eurotiomycetes,o__Chaetothyriales,f__Chaetothyriales_fam_Incertae_sedis,g__Chaetothyriales_gen_Incertae_sedis,s__Chaetothyriales_sp,Chaetothyriales_sp,UDB01803383,SH0898488.09FU,reps,k__Fungi,OTU918.p__Ascomycota.g__Chaetothyriales_gen_Incertae_sedis
900,OTU919,296,1,235,606,373,606,79,416,8.73e-116,98.723,p__Ascomycota,c__Dothideomycetes,o__Venturiales,f__Sympoventuriaceae,g__Ochroconis,s__Ochroconis_sp,Ochroconis_sp,UDB02279056,SH1041667.09FU,reps,k__Fungi,OTU919.p__Ascomycota.g__Ochroconis
901,OTU920,268,1,207,479,273,479,77,377,3.71e-104,99.517,p__Ascomycota,c__Sordariomycetes,o__Sordariales,f__Lasiosphaeriaceae,g__Schizothecium,s__Schizothecium_sp,Schizothecium_sp,UDB06565657,SH0965439.09FU,reps,k__Fungi,OTU920.p__Ascomycota.g__Schizothecium
902,OTU921,275,1,215,472,258,472,78,398,2.93e-110,100,p__Ascomycota,c__Sordariomycetes,o__Hypocreales,f__Hypocreales_fam_Incertae_sedis,g__Acremonium,s__Acremonium_sp,Acremonium_sp,ON041037,SH1029968.09FU,reps,k__Fungi,OTU921.p__Ascomycota.g__Acremonium
903,OTU922,271,1,211,455,246,455,78,366,8.14e-101,98.104,p__Fungi_phy_Incertae_sedis,c__Fungi_cls_Incertae_sedis,o__Fungi_ord_Incertae_sedis,f__Fungi_fam_Incertae_sedis,g__Fungi_gen_Incertae_sedis,s__Fungi_sp,Fungi_sp,KX515101,SH1020015.09FU,reps,k__Fungi,OTU922.p__Fungi_phy_Incertae_sedis.g__Fungi_gen_Incertae_sedis
904,OTU923,335,1,275,546,272,546,82,508,1.6e-143,100,p__Basidiomycota,c__Microbotryomycetes,o__Sporidiobolales,f__Sporidiobolaceae,g__Rhodotorula,s__Rhodotorula_pacifica,Rhodotorula_pacifica,AB026006,SH1008730.09FU,refs,k__Fungi,OTU923.p__Basidiomycota.g__Rhodotorula
905,OTU924,285,1,206,475,263,463,72,326,1.46e-88,95.652,p__Ascomycota,c__Eurotiomycetes,o__Onygenales,f__Arachnomycetaceae,g__Arachnomyces,s__Arachnomyces_gracilis,Arachnomyces_gracilis,UDB01255484,SH0953165.09FU,reps,k__Fungi,OTU924.p__Ascomycota.g__Arachnomyces
906,OTU925,349,1,288,645,358,645,83,532,9.93e-151,100,p__Basidiomycota,c__Agaricomycetes,o__Agaricales,f__Stephanosporaceae,g__Cristinia,s__Cristinia_sp,Cristinia_sp,UDB04464944,SH1194961.09FU,reps,k__Fungi,OTU925.p__Basidiomycota.g__Cristinia
907,OTU926,264,1,204,499,297,499,77,364,2.84e-100,99.02,p__Ascomycota,c__Leotiomycetes,o__Helotiales,f__Helotiaceae,g__Scytalidium,s__Scytalidium_sp,Scytalidium_sp,GQ370375,SH1276249.09FU,reps,k__Fungi,OTU926.p__Ascomycota.g__Scytalidium
908,OTU927,323,1,234,562,313,549,72,302,2.8e-81,89.916,p__Ascomycota,c__Sordariomycetes,o__Ophiostomatales,f__Ophiostomataceae,g__Ophiostomataceae_gen_Incertae_sedis,s__Ophiostomataceae_sp,Ophiostomataceae_sp,UDB02594319,SH0946027.09FU,reps,k__Fungi,OTU927.p__Ascomycota.g__Ophiostomataceae_gen_Incertae_sedis
909,OTU928,295,1,234,689,454,689,79,329,1.17e-89,91.949,p__Ascomycota,c__Pezizomycetes,o__Pezizales,f__Pyronemataceae,g__Pyronemataceae_gen_Incertae_sedis,s__Pyronemataceae_sp,Pyronemataceae_sp,UDB05852717,SH1319395.09FU,reps,k__Fungi,OTU928.p__Ascomycota.g__Pyronemataceae_gen_Incertae_sedis
910,OTU929,271,1,211,502,292,502,78,390,4.83e-108,100,p__Ascomycota,c__Sordariomycetes,o__Glomerellales,f__Glomerellaceae,g__Colletotrichum,s__Colletotrichum_truncatum,Colletotrichum_truncatum,MH855611,SH2247786.09FU,refs,k__Fungi,OTU929.p__Ascomycota.g__Colletotrichum
911,OTU930,286,1,223,523,299,521,78,379,1.11e-104,97.309,p__Ascomycota,c__Sordariomycetes,o__Sordariales,f__Sordariales_fam_Incertae_sedis,g__Sordariales_gen_Incertae_sedis,s__Sordariales_sp,Sordariales_sp,FJ362343,SH1290619.09FU,reps,k__Fungi,OTU930.p__Ascomycota.g__Sordariales_gen_Incertae_sedis
912,OTU931,305,1,244,454,213,454,80,388,1.97e-107,95.51,p__Glomeromycota,c__Glomeromycetes,o__Glomerales,f__Glomeraceae,g__Dominikia,s__Dominikia_sp,Dominikia_sp,UDB0520170,SH0977463.09FU,reps,k__Fungi,OTU931.p__Glomeromycota.g__Dominikia
913,OTU932,355,1,212,589,316,522,60,148,4.28e-35,80.365,p__Basidiomycota,c__Agaricomycetes,o__Cantharellales,f__Hydnaceae,g__Multiclavula,s__Multiclavula_vernalis,Multiclavula_vernalis,LC507463,SH1159973.09FU,reps,k__Fungi,OTU932.p__Basidiomycota.g__Multiclavula
914,OTU933,304,1,243,526,297,526,80,287,7.35e-77,88.934,p__Ascomycota,c__Eurotiomycetes,o__Chaetothyriales,f__Herpotrichiellaceae,g__Exophiala,s__Exophiala_sp,Exophiala_sp,UDB01980243,SH1304340.09FU,reps,k__Fungi,OTU933.p__Ascomycota.g__Exophiala
915,OTU934,372,294,364,461,307,237,19,76.8,2.15e-13,86.486,p__Ascomycota,c__Ascomycota_cls_Incertae_sedis,o__Ascomycota_ord_Incertae_sedis,f__Ascomycota_fam_Incertae_sedis,g__Ascomycota_gen_Incertae_sedis,s__Ascomycota_sp,Ascomycota_sp,UDB01377393,SH1148388.09FU,reps,k__Fungi,OTU934.p__Ascomycota.g__Ascomycota_gen_Incertae_sedis
916,OTU935,339,1,279,515,233,515,82,403,7.87e-112,92.657,p__Basidiomycota,c__Agaricomycetes,o__Russulales,f__Russulaceae,g__Russula,s__Russula_aeruginea,Russula_aeruginea,MH930940,SH1077357.09FU,reps,k__Fungi,OTU935.p__Basidiomycota.g__Russula
917,OTU936,292,1,217,478,243,462,74,298,3.25e-80,91.403,p__Ascomycota,c__Dothideomycetes,o__Mycosphaerellales,f__Phaeothecoidiellaceae,g__Translucidithyrium,s__Translucidithyrium_thailandicum,Translucidithyrium_thailandicum,MG993045,SH2105108.09FU,refs_singleton,k__Fungi,OTU936.p__Ascomycota.g__Translucidithyrium
918,OTU937,286,1,214,539,312,528,75,287,6.91e-77,90.783,p__Ascomycota,c__Sordariomycetes,o__Xylariales,f__Hypoxylaceae,g__Hypoxylon,s__Hypoxylon_sp,Hypoxylon_sp,UDB03577132,SH1270634.09FU,reps,k__Fungi,OTU937.p__Ascomycota.g__Hypoxylon
919,OTU938,273,1,220,487,268,487,81,385,2.27e-106,98.19,p__Ascomycota,c__Ascomycota_cls_Incertae_sedis,o__Ascomycota_ord_Incertae_sedis,f__Ascomycota_fam_Incertae_sedis,g__Ascomycota_gen_Incertae_sedis,s__Ascomycota_sp,Ascomycota_sp,MH010639,SH0977864.09FU,reps,k__Fungi,OTU938.p__Ascomycota.g__Ascomycota_gen_Incertae_sedis
920,OTU939,267,1,209,459,251,459,78,353,6.23e-97,97.129,p__Ascomycota,c__Sordariomycetes,o__Hypocreales,f__Nectriaceae,g__Fusarium,s__Fusarium_sp,Fusarium_sp,GU721385,SH1060282.09FU,reps,k__Fungi,OTU939.p__Ascomycota.g__Fusarium
921,OTU940,353,1,292,676,386,676,83,483,1.03e-135,96.575,p__Chytridiomycota,c__Spizellomycetes,o__Spizellomycetales,f__Spizellomycetaceae,g__Spizellomyces,s__Spizellomyces_sp,Spizellomyces_sp,UDB07377385,SH1160358.09FU,reps,k__Fungi,OTU940.p__Chytridiomycota.g__Spizellomyces
922,OTU941,252,3,191,374,186,374,75,350,7.57e-96,100,p__Rozellomycota,c__Rozellomycota_cls_Incertae_sedis,o__Rozellomycota_ord_Incertae_sedis,f__Rozellomycota_fam_Incertae_sedis,g__Rozellomycota_gen_Incertae_sedis,s__Rozellomycota_sp,Rozellomycota_sp,UDB091121,SH1056072.09FU,reps,k__Fungi,OTU941.p__Rozellomycota.g__Rozellomycota_gen_Incertae_sedis
923,OTU942,294,1,233,521,289,521,79,403,6.74e-112,97.863,p__Ascomycota,c__Pezizomycetes,o__Pezizales,f__Pezizaceae,g__Peziza,s__Peziza_sp,Peziza_sp,UDB04297604,SH1285535.09FU,reps,k__Fungi,OTU942.p__Ascomycota.g__Peziza
924,OTU943,294,1,215,486,261,476,73,353,6.89e-97,96.296,p__Basidiomycota,c__Agaricomycetes,o__Agaricomycetes_ord_Incertae_sedis,f__Agaricomycetes_fam_Incertae_sedis,g__Agaricomycetes_gen_Incertae_sedis,s__Agaricomycetes_sp,Agaricomycetes_sp,UDB0939732,SH0971218.09FU,reps,k__Fungi,OTU943.p__Basidiomycota.g__Agaricomycetes_gen_Incertae_sedis
925,OTU944,296,1,235,689,454,689,79,374,5.33e-103,95.339,p__Ascomycota,c__Pezizomycetes,o__Pezizales,f__Pyronemataceae,g__Pyronemataceae_gen_Incertae_sedis,s__Pyronemataceae_sp,Pyronemataceae_sp,UDB05852717,SH1319395.09FU,reps,k__Fungi,OTU944.p__Ascomycota.g__Pyronemataceae_gen_Incertae_sedis
926,OTU946,314,1,254,507,254,507,81,464,3.28e-130,99.606,p__Basidiomycota,c__Basidiomycota_cls_Incertae_sedis,o__Basidiomycota_ord_Incertae_sedis,f__Basidiomycota_fam_Incertae_sedis,g__Basidiomycota_gen_Incertae_sedis,s__Basidiomycota_sp,Basidiomycota_sp,KT819328,SH0918878.09FU,reps,k__Fungi,OTU946.p__Basidiomycota.g__Basidiomycota_gen_Incertae_sedis
927,OTU947,322,1,261,591,331,591,81,411,4.45e-114,95.019,p__Ascomycota,c__Orbiliomycetes,o__Orbiliales,f__Orbiliales_fam_Incertae_sedis,g__Vermispora,s__Vermispora_sp,Vermispora_sp,UDB07332771,SH1277090.09FU,reps,k__Fungi,OTU947.p__Ascomycota.g__Vermispora
928,OTU948,365,318,363,1125,57,12,13,69.4,3.53e-11,93.478,p__Ascomycota,c__Sordariomycetes,o__Hypocreales,f__Nectriaceae,g__Fusarium,s__Fusarium_oxysporum,Fusarium_oxysporum,UDB041458,SH1099032.09FU,reps,k__Fungi,OTU948.p__Ascomycota.g__Fusarium
929,OTU949,341,1,253,599,308,560,74,252,3.04e-66,84.646,p__Basidiomycota,c__Agaricomycetes,o__Agaricomycetes_ord_Incertae_sedis,f__Agaricomycetes_fam_Incertae_sedis,g__Agaricomycetes_gen_Incertae_sedis,s__Agaricomycetes_sp,Agaricomycetes_sp,UDB0937668,SH1197972.09FU,reps,k__Fungi,OTU949.p__Basidiomycota.g__Agaricomycetes_gen_Incertae_sedis
930,OTU950,280,1,219,451,233,451,78,322,1.85e-87,93.213,p__Ascomycota,c__Sordariomycetes,o__Hypocreales,f__Hypocreales_fam_Incertae_sedis,g__Hypocreales_gen_Incertae_sedis,s__Hypocreales_sp,Hypocreales_sp,UDB04225929,SH1004081.09FU,reps,k__Fungi,OTU950.p__Ascomycota.g__Hypocreales_gen_Incertae_sedis
931,OTU951,298,1,239,547,309,547,80,442,1.45e-123,100,p__Basidiomycota,c__Agaricomycetes,o__Sebacinales,f__Serendipitaceae,g__Serendipita,s__Serendipita_indica,Serendipita_indica,DQ411527,SH1270189.09FU,refs,k__Fungi,OTU951.p__Basidiomycota.g__Serendipita
932,OTU952,270,1,210,503,294,503,78,388,1.73e-107,100,p__Ascomycota,c__Sordariomycetes,o__Glomerellales,f__Glomerellaceae,g__Colletotrichum,s__Colletotrichum_hanaui,Colletotrichum_hanaui,JX519217,SH1375277.09FU,refs,k__Fungi,OTU952.p__Ascomycota.g__Colletotrichum
933,OTU953,286,1,223,593,366,590,78,398,3.06e-110,98.667,p__Ascomycota,c__Eurotiomycetes,o__Chaetothyriales,f__Trichomeriaceae,g__Trichomerium,s__Trichomerium_foliicola,Trichomerium_foliicola,UDB06629931,SH1253668.09FU,reps,k__Fungi,OTU953.p__Ascomycota.g__Trichomerium
934,OTU954,381,333,379,1125,58,12,12,71.3,1.03e-11,93.617,p__Ascomycota,c__Sordariomycetes,o__Hypocreales,f__Nectriaceae,g__Fusarium,s__Fusarium_oxysporum,Fusarium_oxysporum,UDB041458,SH1099032.09FU,reps,k__Fungi,OTU954.p__Ascomycota.g__Fusarium
935,OTU955,269,1,209,464,256,464,78,387,6.2e-107,100,p__Ascomycota,c__Sordariomycetes,o__Sordariales,f__Podosporaceae,g__Cladorrhinum,s__Cladorrhinum_terricola,Cladorrhinum_terricola,UDB035166,SH1459389.09FU,refs,k__Fungi,OTU955.p__Ascomycota.g__Cladorrhinum
936,OTU956,357,1,291,483,194,483,82,481,3.74e-135,96.599,p__Glomeromycota,c__Glomeromycetes,o__Glomerales,f__Claroideoglomeraceae,g__Claroideoglomus,s__Claroideoglomus_sp,Claroideoglomus_sp,UDB03120009,SH1080297.09FU,reps,k__Fungi,OTU956.p__Glomeromycota.g__Claroideoglomus
937,OTU957,281,1,179,500,294,465,64,174,5.51e-43,85,p__Ascomycota,c__Eurotiomycetes,o__Chaetothyriales,f__Herpotrichiellaceae,g__Herpotrichiellaceae_gen_Incertae_sedis,s__Herpotrichiellaceae_sp,Herpotrichiellaceae_sp,UDB03379107,SH0891950.09FU,reps,k__Fungi,OTU957.p__Ascomycota.g__Herpotrichiellaceae_gen_Incertae_sedis
938,OTU958,416,1,105,751,392,498,25,152,3.92e-36,92.523,p__Fungi_phy_Incertae_sedis,c__Fungi_cls_Incertae_sedis,o__Fungi_ord_Incertae_sedis,f__Fungi_fam_Incertae_sedis,g__Fungi_gen_Incertae_sedis,s__Fungi_sp,Fungi_sp,UDB0349693,SH1231748.09FU,reps,k__Fungi,OTU958.p__Fungi_phy_Incertae_sedis.g__Fungi_gen_Incertae_sedis
939,OTU959,327,1,269,576,286,559,82,429,1.25e-119,95.255,p__Basidiomycota,c__Agaricomycetes,o__Cantharellales,f__Ceratobasidiaceae,g__Ceratobasidium,s__Ceratobasidium_sp,Ceratobasidium_sp,UDB01681261,SH1040773.09FU,reps,k__Fungi,OTU959.p__Basidiomycota.g__Ceratobasidium
940,OTU960,273,1,213,484,272,484,78,366,8.2e-101,97.653,p__Ascomycota,c__Pezizomycetes,o__Pezizales,f__Pyronemataceae,g__Tricharina,s__Tricharina_sp,Tricharina_sp,KU728330,SH0936752.09FU,reps,k__Fungi,OTU960.p__Ascomycota.g__Tricharina
941,OTU961,349,302,347,1125,57,12,13,69.4,3.36e-11,93.478,p__Ascomycota,c__Sordariomycetes,o__Hypocreales,f__Nectriaceae,g__Fusarium,s__Fusarium_oxysporum,Fusarium_oxysporum,UDB041458,SH1099032.09FU,reps,k__Fungi,OTU961.p__Ascomycota.g__Fusarium
942,OTU962,270,1,210,471,262,471,78,383,8.05e-106,99.524,p__Ascomycota,c__Dothideomycetes,o__Pleosporales,f__Phaeosphaeriaceae,g__Setophaeosphaeria,s__Setophaeosphaeria_badalingensis,Setophaeosphaeria_badalingensis,KJ869162,SH0932593.09FU,refs,k__Fungi,OTU962.p__Ascomycota.g__Setophaeosphaeria
943,OTU963,294,1,83,474,274,356,28,143,1.62e-33,97.59,p__Ascomycota,c__Leotiomycetes,o__Helotiales,f__Cenangiaceae,g__Chlorencoelia,s__Chlorencoelia_versiformis,Chlorencoelia_versiformis,UDB031065,SH0986742.09FU,reps,k__Fungi,OTU963.p__Ascomycota.g__Chlorencoelia
944,OTU965,342,295,340,1125,57,12,13,69.4,3.29e-11,93.478,p__Ascomycota,c__Sordariomycetes,o__Hypocreales,f__Nectriaceae,g__Fusarium,s__Fusarium_oxysporum,Fusarium_oxysporum,UDB041458,SH1099032.09FU,reps,k__Fungi,OTU965.p__Ascomycota.g__Fusarium
945,OTU966,272,1,212,470,259,470,78,392,1.35e-108,100,p__Ascomycota,c__Dothideomycetes,o__Pleosporales,f__Periconiaceae,g__Periconia,s__Periconia_circinata,Periconia_circinata,MW775902,SH0949748.09FU,reps,k__Fungi,OTU966.p__Ascomycota.g__Periconia
946,OTU967,286,1,207,478,267,460,72,137,7.37e-32,79.808,p__Basidiomycota,c__Exobasidiomycetes,o__Exobasidiales,f__Exobasidiales_fam_Incertae_sedis,g__Exobasidiales_gen_Incertae_sedis,s__Exobasidiales_sp,Exobasidiales_sp,UDB01957495,SH1176570.09FU,reps,k__Fungi,OTU967.p__Basidiomycota.g__Exobasidiales_gen_Incertae_sedis
947,OTU968,329,282,327,1125,57,12,14,69.4,3.16e-11,93.478,p__Ascomycota,c__Sordariomycetes,o__Hypocreales,f__Nectriaceae,g__Fusarium,s__Fusarium_oxysporum,Fusarium_oxysporum,UDB041458,SH1099032.09FU,reps,k__Fungi,OTU968.p__Ascomycota.g__Fusarium
948,OTU969,374,337,372,758,510,545,10,67.6,1.3e-10,100,p__Basidiomycota,c__Agaricomycetes,o__Auriculariales,f__Auriculariales_fam_Incertae_sedis,g__Auriculariales_gen_Incertae_sedis,s__Auriculariales_sp,Auriculariales_sp,JQ272342,SH0954825.09FU,reps,k__Fungi,OTU969.p__Basidiomycota.g__Auriculariales_gen_Incertae_sedis
949,OTU970,321,285,319,758,511,545,11,65.8,3.98e-10,100,p__Basidiomycota,c__Agaricomycetes,o__Auriculariales,f__Auriculariales_fam_Incertae_sedis,g__Auriculariales_gen_Incertae_sedis,s__Auriculariales_sp,Auriculariales_sp,JQ272342,SH0954825.09FU,reps,k__Fungi,OTU970.p__Basidiomycota.g__Auriculariales_gen_Incertae_sedis
950,OTU971,386,1,325,1005,682,1005,84,588,2.33e-167,99.385,p__Chytridiomycota,c__Chytridiomycota_cls_Incertae_sedis,o__Chytridiomycota_ord_Incertae_sedis,f__Chytridiomycota_fam_Incertae_sedis,g__Chytridiomycota_gen_Incertae_sedis,s__Chytridiomycota_sp,Chytridiomycota_sp,UDB02275433,SH1008643.09FU,reps,k__Fungi,OTU971.p__Chytridiomycota.g__Chytridiomycota_gen_Incertae_sedis
951,OTU972,327,1,267,492,227,492,82,470,7.36e-132,98.502,p__Glomeromycota,c__Glomeromycetes,o__Glomerales,f__Claroideoglomeraceae,g__Claroideoglomus,s__Claroideoglomus_sp,Claroideoglomus_sp,AM076567,SH0922260.09FU,reps,k__Fungi,OTU972.p__Glomeromycota.g__Claroideoglomus
952,OTU973,308,1,193,523,298,487,63,171,7.83e-42,83.163,p__Ascomycota,c__Eurotiomycetes,o__Chaetothyriales,f__Chaetothyriaceae,g__Aphanophora,s__Aphanophora_eugeniae,Aphanophora_eugeniae,FJ839617,SH1778392.09FU,refs_singleton,k__Fungi,OTU973.p__Ascomycota.g__Aphanophora
953,OTU974,286,1,225,453,229,453,79,411,3.93e-114,99.556,p__Ascomycota,c__Sordariomycetes,o__Hypocreales,f__Hypocreales_fam_Incertae_sedis,g__Hypocreales_gen_Incertae_sedis,s__Hypocreales_sp,Hypocreales_sp,UDB0837805,SH1000756.09FU,reps,k__Fungi,OTU974.p__Ascomycota.g__Hypocreales_gen_Incertae_sedis
954,OTU975,415,1,354,606,253,606,85,643,0,99.435,p__Mortierellomycota,c__Mortierellomycetes,o__Mortierellales,f__Mortierellaceae,g__Mortierella,s__Mortierella_sp,Mortierella_sp,UDB04828491,SH1196013.09FU,reps,k__Fungi,OTU975.p__Mortierellomycota.g__Mortierella
955,OTU976,353,314,351,758,508,545,11,71.3,9.47e-12,100,p__Basidiomycota,c__Agaricomycetes,o__Auriculariales,f__Auriculariales_fam_Incertae_sedis,g__Auriculariales_gen_Incertae_sedis,s__Auriculariales_sp,Auriculariales_sp,JQ272342,SH0954825.09FU,reps,k__Fungi,OTU976.p__Basidiomycota.g__Auriculariales_gen_Incertae_sedis
956,OTU977,352,1,292,631,338,631,83,520,7.8e-147,98.639,p__Basidiomycota,c__Agaricomycetes,o__Agaricales,f__Hygrophoraceae,g__Hygrocybe,s__Hygrocybe_griseonigricans,Hygrocybe_griseonigricans,MW001790,SH1232816.09FU,refs,k__Fungi,OTU977.p__Basidiomycota.g__Hygrocybe
957,OTU978,261,1,190,449,246,434,73,305,1.73e-82,95.789,p__Ascomycota,c__Dothideomycetes,o__Capnodiales,f__Johansoniaceae,g__Johansonia,s__Johansonia_chapadensis,Johansonia_chapadensis,HQ423449,SH1314594.09FU,refs,k__Fungi,OTU978.p__Ascomycota.g__Johansonia
958,OTU979,376,329,374,1125,57,12,12,69.4,3.65e-11,93.478,p__Ascomycota,c__Sordariomycetes,o__Hypocreales,f__Nectriaceae,g__Fusarium,s__Fusarium_oxysporum,Fusarium_oxysporum,UDB041458,SH1099032.09FU,reps,k__Fungi,OTU979.p__Ascomycota.g__Fusarium
959,OTU980,285,1,224,499,274,499,79,366,8.6e-101,96.018,p__Ascomycota,c__Pezizomycetes,o__Pezizales,f__Pyronemataceae,g__Pulvinula,s__Pulvinula_sp,Pulvinula_sp,UDB05739517,SH0941624.09FU,reps,k__Fungi,OTU980.p__Ascomycota.g__Pulvinula
960,OTU981,261,1,201,473,273,473,77,333,7.92e-91,96.517,p__Ascomycota,c__Leotiomycetes,o__Helotiales,f__Helotiales_fam_Incertae_sedis,g__Helotiales_gen_Incertae_sedis,s__Helotiales_sp,Helotiales_sp,UDB0804377,SH0977754.09FU,reps,k__Fungi,OTU981.p__Ascomycota.g__Helotiales_gen_Incertae_sedis
961,OTU982,320,58,312,486,486,232,80,466,9.3e-131,99.608,p__Ascomycota,c__Sordariomycetes,o__Glomerellales,f__Plectosphaerellaceae,g__Stachylidium,s__Stachylidium_bicolor,Stachylidium_bicolor,MF803164,SH0929089.09FU,refs,k__Fungi,OTU982.p__Ascomycota.g__Stachylidium
962,OTU983,343,1,282,650,370,650,82,503,7.64e-142,98.936,p__Chytridiomycota,c__Spizellomycetes,o__Spizellomycetales,f__Spizellomycetales_fam_Incertae_sedis,g__Spizellomycetales_gen_Incertae_sedis,s__Spizellomycetales_sp,Spizellomycetales_sp,UDB07382292,SH1207075.09FU,reps,k__Fungi,OTU983.p__Chytridiomycota.g__Spizellomycetales_gen_Incertae_sedis
963,OTU984,356,1,68,636,303,370,19,76.8,2.05e-13,87.143,p__Fungi_phy_Incertae_sedis,c__Fungi_cls_Incertae_sedis,o__Fungi_ord_Incertae_sedis,f__Fungi_fam_Incertae_sedis,g__Fungi_gen_Incertae_sedis,s__Fungi_sp,Fungi_sp,UDB02124093,SH1182276.09FU,reps,k__Fungi,OTU984.p__Fungi_phy_Incertae_sedis.g__Fungi_gen_Incertae_sedis
964,OTU985,343,1,206,520,257,454,60,152,3.19e-36,81.132,p__Basidiomycota,c__Microbotryomycetes,o__Sporidiobolales,f__Sporidiobolaceae,g__Rhodosporidiobolus,s__Rhodosporidiobolus_sp,Rhodosporidiobolus_sp,UDB06546875,SH1008789.09FU,reps,k__Fungi,OTU985.p__Basidiomycota.g__Rhodosporidiobolus
965,OTU986,263,1,191,448,249,435,73,211,3.9e-54,86.979,p__Ascomycota,c__Dothideomycetes,o__Mycosphaerellales,f__Mycosphaerellaceae,g__Xenosonderhenia,s__Xenosonderhenia_eucalypti,Xenosonderhenia_eucalypti,KP004457,SH1677949.09FU,refs_singleton,k__Fungi,OTU986.p__Ascomycota.g__Xenosonderhenia
966,OTU987,220,181,218,758,508,545,17,65.8,2.64e-10,97.368,p__Basidiomycota,c__Agaricomycetes,o__Auriculariales,f__Auriculariales_fam_Incertae_sedis,g__Auriculariales_gen_Incertae_sedis,s__Auriculariales_sp,Auriculariales_sp,JQ272342,SH0954825.09FU,reps,k__Fungi,OTU987.p__Basidiomycota.g__Auriculariales_gen_Incertae_sedis
967,OTU988,364,1,303,556,250,556,83,514,3.76e-145,97.068,p__Mortierellomycota,c__Mortierellomycetes,o__Mortierellales,f__Mortierellaceae,g__Mortierella,s__Mortierella_sp,Mortierella_sp,UDB04795978,SH1205156.09FU,reps,k__Fungi,OTU988.p__Mortierellomycota.g__Mortierella
968,OTU989,257,1,196,438,243,438,76,357,4.62e-98,99.49,p__Ascomycota,c__Ascomycota_cls_Incertae_sedis,o__Ascomycota_ord_Incertae_sedis,f__Ascomycota_fam_Incertae_sedis,g__Ascomycota_gen_Incertae_sedis,s__Ascomycota_sp,Ascomycota_sp,UDB01370362,SH1148672.09FU,reps,k__Fungi,OTU989.p__Ascomycota.g__Ascomycota_gen_Incertae_sedis
969,OTU990,267,1,207,482,275,482,78,327,3.78e-89,95.215,p__Ascomycota,c__Sordariomycetes,o__Sordariales,f__Helminthosphaeriaceae,g__Endophragmiella,s__Endophragmiella_constricta,Endophragmiella_constricta,UDB035464,SH1613373.09FU,refs_singleton,k__Fungi,OTU990.p__Ascomycota.g__Endophragmiella
970,OTU991,289,57,281,473,473,249,78,411,3.95e-114,99.556,p__Ascomycota,c__Sordariomycetes,o__Hypocreales,f__Nectriaceae,g__Nectriaceae_gen_Incertae_sedis,s__Nectriaceae_sp,Nectriaceae_sp,KX515816,SH1110964.09FU,reps,k__Fungi,OTU991.p__Ascomycota.g__Nectriaceae_gen_Incertae_sedis
971,OTU992,269,1,192,439,244,439,71,331,2.94e-90,97.449,p__Ascomycota,c__Dothideomycetes,o__Pleosporales,f__Pleosporales_fam_Incertae_sedis,g__Pleosporales_gen_Incertae_sedis,s__Pleosporales_sp,Pleosporales_sp,JX323415,SH1082189.09FU,reps,k__Fungi,OTU992.p__Ascomycota.g__Pleosporales_gen_Incertae_sedis
972,OTU993,343,1,282,552,273,552,82,503,7.64e-142,98.936,p__Basidiomycota,c__Agaricomycetes,o__Agaricales,f__Agaricales_fam_Incertae_sedis,g__Agaricales_gen_Incertae_sedis,s__Agaricales_sp,Agaricales_sp,UDB0893089,SH0889449.09FU,reps,k__Fungi,OTU993.p__Basidiomycota.g__Agaricales_gen_Incertae_sedis
973,OTU994,331,284,329,1125,57,12,14,69.4,3.18e-11,93.478,p__Ascomycota,c__Sordariomycetes,o__Hypocreales,f__Nectriaceae,g__Fusarium,s__Fusarium_oxysporum,Fusarium_oxysporum,UDB041458,SH1099032.09FU,reps,k__Fungi,OTU994.p__Ascomycota.g__Fusarium
974,OTU995,395,1,335,682,352,682,85,560,5.2e-159,97.024,p__Kickxellomycota,c__Ramicandelaberomycetes,o__Ramicandelaberales,f__Ramicandelaberaceae,g__Ramicandelaber,s__Ramicandelaber_sp,Ramicandelaber_sp,UDB0695742,SH1117023.09FU,reps,k__Fungi,OTU995.p__Kickxellomycota.g__Ramicandelaber
975,OTU996,304,1,247,504,247,504,81,178,4.61e-44,80.451,p__Basidiomycota,c__Exobasidiomycetes,o__Ceraceosorales,f__Ceraceosoraceae,g__Ceraceosorus,s__Ceraceosorus_bombacis,Ceraceosorus_bombacis,KT984947,SH0983353.09FU,reps,k__Fungi,OTU996.p__Basidiomycota.g__Ceraceosorus
976,OTU998,287,1,227,539,313,539,79,420,6.56e-117,100,p__Ascomycota,c__Eurotiomycetes,o__Onygenales,f__Gymnoascaceae,g__Arachniotus,s__Arachniotus_dankaliensis,Arachniotus_dankaliensis,HM991265,SH1118896.09FU,refs,k__Fungi,OTU998.p__Ascomycota.g__Arachniotus
977,OTU999,256,1,196,466,267,466,77,289,1.7e-77,93.035,p__Ascomycota,c__Dothideomycetes,o__Dothideomycetes_ord_Incertae_sedis,f__Eremomycetaceae,g__Eremomyces,s__Eremomyces_bilateralis,Eremomyces_bilateralis,HG004552,SH1028980.09FU,refs,k__Fungi,OTU999.p__Ascomycota.g__Eremomyces
978,OTU1000,295,1,251,536,298,536,85,353,6.91e-97,92.857,p__Ascomycota,c__Eurotiomycetes,o__Chaetothyriales,f__Chaetothyriaceae,g__Chaetothyrium,s__Chaetothyrium_agathidis,Chaetothyrium_agathidis,KP744437,SH1449630.09FU,refs_singleton,k__Fungi,OTU1000.p__Ascomycota.g__Chaetothyrium
979,OTU1001,340,1,279,563,285,563,82,510,4.52e-144,99.642,p__Basidiomycota,c__Agaricomycetes,o__Cantharellales,f__Ceratobasidiaceae,g__Ceratobasidiaceae_gen_Incertae_sedis,s__Ceratobasidiaceae_sp,Ceratobasidiaceae_sp,UDB01678327,SH1267303.09FU,reps,k__Fungi,OTU1001.p__Basidiomycota.g__Ceratobasidiaceae_gen_Incertae_sedis
980,OTU1002,336,289,334,1125,57,12,14,69.4,3.23e-11,93.478,p__Ascomycota,c__Sordariomycetes,o__Hypocreales,f__Nectriaceae,g__Fusarium,s__Fusarium_oxysporum,Fusarium_oxysporum,UDB041458,SH1099032.09FU,reps,k__Fungi,OTU1002.p__Ascomycota.g__Fusarium
981,OTU1003,292,1,225,478,243,467,77,300,9.03e-81,90.83,p__Ascomycota,c__Dothideomycetes,o__Mycosphaerellales,f__Phaeothecoidiellaceae,g__Translucidithyrium,s__Translucidithyrium_thailandicum,Translucidithyrium_thailandicum,MG993045,SH2105108.09FU,refs_singleton,k__Fungi,OTU1003.p__Ascomycota.g__Translucidithyrium
982,OTU1004,366,319,364,1125,57,12,13,69.4,3.54e-11,93.478,p__Ascomycota,c__Sordariomycetes,o__Hypocreales,f__Nectriaceae,g__Fusarium,s__Fusarium_oxysporum,Fusarium_oxysporum,UDB041458,SH1099032.09FU,reps,k__Fungi,OTU1004.p__Ascomycota.g__Fusarium
983,OTU1005,346,1,285,589,305,589,82,444,4.74e-124,94.792,p__Basidiomycota,c__Tritirachiomycetes,o__Tritirachiomycetes_ord_Incertae_sedis,f__Tritirachiomycetes_fam_Incertae_sedis,g__Tritirachiomycetes_gen_Incertae_sedis,s__Tritirachiomycetes_sp,Tritirachiomycetes_sp,UDB06741529,SH1286602.09FU,reps,k__Fungi,OTU1005.p__Basidiomycota.g__Tritirachiomycetes_gen_Incertae_sedis
984,OTU1006,299,1,179,424,234,420,60,222,2.06e-57,88.83,p__Basidiomycota,c__Tremellomycetes,o__Tremellales,f__Tremellales_fam_Incertae_sedis,g__Tremellales_gen_Incertae_sedis,s__Tremellales_sp,Tremellales_sp,KT161111,SH1021786.09FU,reps,k__Fungi,OTU1006.p__Basidiomycota.g__Tremellales_gen_Incertae_sedis
985,OTU1007,330,274,325,581,475,527,16,58.4,6.86e-08,87.037,p__Ascomycota,c__Leotiomycetes,o__Helotiales,f__Dermateaceae,g__Pezicula,s__Pezicula_radicicola,Pezicula_radicicola,FJ179465,SH0975489.09FU,reps,k__Fungi,OTU1007.p__Ascomycota.g__Pezicula
986,OTU1008,301,1,240,545,306,545,80,422,1.91e-117,98.333,p__Ascomycota,c__Eurotiomycetes,o__Onygenales,f__Onygenales_fam_Incertae_sedis,g__Spiromastix,s__Spiromastix_sp,Spiromastix_sp,UDB07374159,SH1219467.09FU,reps,k__Fungi,OTU1008.p__Ascomycota.g__Spiromastix
987,OTU1009,329,1,268,533,270,533,81,381,3.57e-105,92.537,p__Basidiomycota,c__Atractiellomycetes,o__Atractiellales,f__Atractiellales_fam_Incertae_sedis,g__Atractiellales_gen_Incertae_sedis,s__Atractiellales_sp,Atractiellales_sp,UDB01456863,SH0919450.09FU,reps,k__Fungi,OTU1009.p__Basidiomycota.g__Atractiellales_gen_Incertae_sedis
988,OTU1010,229,150,221,451,270,200,31,71.3,5.93e-12,85.135,p__Ascomycota,c__Ascomycota_cls_Incertae_sedis,o__Ascomycota_ord_Incertae_sedis,f__Ascomycota_fam_Incertae_sedis,g__Ascomycota_gen_Incertae_sedis,s__Ascomycota_sp,Ascomycota_sp,UDB01393172,SH1316215.09FU,reps,k__Fungi,OTU1010.p__Ascomycota.g__Ascomycota_gen_Incertae_sedis
989,OTU1011,354,1,294,556,263,556,83,544,4.66e-154,100,p__Glomeromycota,c__Paraglomeromycetes,o__Paraglomerales,f__Paraglomeraceae,g__Paraglomus,s__Paraglomus_sp,Paraglomus_sp,KF849561,SH1147846.09FU,reps,k__Fungi,OTU1011.p__Glomeromycota.g__Paraglomus
990,OTU1012,330,294,328,758,511,545,11,65.8,4.1e-10,100,p__Basidiomycota,c__Agaricomycetes,o__Auriculariales,f__Auriculariales_fam_Incertae_sedis,g__Auriculariales_gen_Incertae_sedis,s__Auriculariales_sp,Auriculariales_sp,JQ272342,SH0954825.09FU,reps,k__Fungi,OTU1012.p__Basidiomycota.g__Auriculariales_gen_Incertae_sedis
991,OTU1013,362,315,360,1125,57,12,13,69.4,3.5e-11,93.478,p__Ascomycota,c__Sordariomycetes,o__Hypocreales,f__Nectriaceae,g__Fusarium,s__Fusarium_oxysporum,Fusarium_oxysporum,UDB041458,SH1099032.09FU,reps,k__Fungi,OTU1013.p__Ascomycota.g__Fusarium
992,OTU1014,311,56,250,195,1,195,63,322,2.07e-87,96.41,p__Ascomycota,c__Sordariomycetes,o__Microascales,f__Halosphaeriaceae,g__Halosarpheia,s__Halosarpheia_japonica,Halosarpheia_japonica,MK626717,SH1190452.09FU,reps,k__Fungi,OTU1014.p__Ascomycota.g__Halosarpheia
993,OTU1015,316,1,67,559,328,394,21,119,2.96e-26,98.507,p__Ascomycota,c__Ascomycota_cls_Incertae_sedis,o__Ascomycota_ord_Incertae_sedis,f__Ascomycota_fam_Incertae_sedis,g__Ascomycota_gen_Incertae_sedis,s__Ascomycota_sp,Ascomycota_sp,UDB01381914,SH0911281.09FU,reps,k__Fungi,OTU1015.p__Ascomycota.g__Ascomycota_gen_Incertae_sedis
994,OTU1016,301,1,52,478,244,295,17,91.6,6.12e-18,98.077,p__Ascomycota,c__Sordariomycetes,o__Glomerellales,f__Plectosphaerellaceae,g__Stachylidium,s__Stachylidium_bicolor,Stachylidium_bicolor,LR026834,SH1492838.09FU,refs_singleton,k__Fungi,OTU1016.p__Ascomycota.g__Stachylidium
995,OTU1017,339,1,255,583,311,560,75,183,1.12e-45,80.46,p__Basidiomycota,c__Agaricomycetes,o__Cantharellales,f__Hydnaceae,g__Multiclavula,s__Multiclavula_mucida,Multiclavula_mucida,UDB023581,SH1159971.09FU,refs,k__Fungi,OTU1017.p__Basidiomycota.g__Multiclavula
996,OTU1018,274,1,213,475,263,475,78,394,3.78e-109,100,p__Ascomycota,c__Eurotiomycetes,o__Onygenales,f__Arachnomycetaceae,g__Arachnomyces,s__Arachnomyces_gracilis,Arachnomyces_gracilis,UDB01255484,SH0953165.09FU,reps,k__Fungi,OTU1018.p__Ascomycota.g__Arachnomyces
997,OTU1019,303,1,263,613,349,610,87,468,2.44e-131,98.864,p__Mucoromycota,c__Mucoromycetes,o__Mucorales,f__Cunninghamellaceae,g__Gongronella,s__Gongronella_sp,Gongronella_sp,JQ070507,SH0933533.09FU,reps,k__Fungi,OTU1019.p__Mucoromycota.g__Gongronella
998,OTU1020,310,1,249,565,318,565,80,448,3.25e-125,99.197,p__Ascomycota,c__Eurotiomycetes,o__Onygenales,f__Onygenales_fam_Incertae_sedis,g__Onygenales_gen_Incertae_sedis,s__Onygenales_sp,Onygenales_sp,UDB02518650,SH1120014.09FU,reps,k__Fungi,OTU1020.p__Ascomycota.g__Onygenales_gen_Incertae_sedis
999,OTU1022,263,1,196,490,286,483,75,315,2.89e-85,95.455,p__Ascomycota,c__Dothideomycetes,o__Pleosporales,f__Lentitheciaceae,g__Lentitheciaceae_gen_Incertae_sedis,s__Lentitheciaceae_sp,Lentitheciaceae_sp,UDB02771429,SH0906752.09FU,reps,k__Fungi,OTU1022.p__Ascomycota.g__Lentitheciaceae_gen_Incertae_sedis
1000,OTU1023,332,1,187,591,329,513,56,145,5.15e-34,80.952,p__Ascomycota,c__Pezizomycetes,o__Pezizales,f__Pezizales_fam_Incertae_sedis,g__Coprotus,s__Coprotus_sp,Coprotus_sp,UDB04190370,SH1272445.09FU,reps,k__Fungi,OTU1023.p__Ascomycota.g__Coprotus
1001,OTU1024,317,1,257,562,303,562,81,427,4.34e-119,96.552,p__Ascomycota,c__Sordariomycetes,o__Diaporthales,f__Melanconidaceae,g__Melanconiella,s__Melanconiella_sp,Melanconiella_sp,UDB03685199,SH0940533.09FU,reps,k__Fungi,OTU1024.p__Ascomycota.g__Melanconiella
1002,OTU1025,310,1,250,456,210,456,81,387,7.19e-107,94.821,p__Glomeromycota,c__Glomeromycetes,o__Glomerales,f__Glomeraceae,g__Dominikia,s__Dominikia_sp,Dominikia_sp,UDB0311953,SH0977405.09FU,reps,k__Fungi,OTU1025.p__Glomeromycota.g__Dominikia
1003,OTU1026,274,1,222,513,292,513,81,411,3.75e-114,100,p__Ascomycota,c__Eurotiomycetes,o__Onygenales,f__Arachnomycetaceae,g__Arachnomycetaceae_gen_Incertae_sedis,s__Arachnomycetaceae_sp,Arachnomycetaceae_sp,AY624315,SH1084830.09FU,reps,k__Fungi,OTU1026.p__Ascomycota.g__Arachnomycetaceae_gen_Incertae_sedis
1004,OTU1027,274,1,102,481,215,318,37,135,2.53e-31,90.476,p__Ascomycota,c__Sordariomycetes,o__Sordariomycetes_ord_Incertae_sedis,f__Sordariomycetes_fam_Incertae_sedis,g__Sordariomycetes_gen_Incertae_sedis,s__Sordariomycetes_sp,Sordariomycetes_sp,MH141235,SH1325668.09FU,reps,k__Fungi,OTU1027.p__Ascomycota.g__Sordariomycetes_gen_Incertae_sedis
1005,OTU1028,290,1,230,492,263,492,79,425,1.42e-118,100,p__Ascomycota,c__Sordariomycetes,o__Sordariomycetes_ord_Incertae_sedis,f__Sordariomycetes_fam_Incertae_sedis,g__Sordariomycetes_gen_Incertae_sedis,s__Sordariomycetes_sp,Sordariomycetes_sp,LC198062,SH0949205.09FU,reps,k__Fungi,OTU1028.p__Ascomycota.g__Sordariomycetes_gen_Incertae_sedis
1006,OTU1029,349,1,288,544,257,544,83,521,2.15e-147,99.306,p__Mortierellomycota,c__Mortierellomycetes,o__Mortierellales,f__Mortierellaceae,g__Mortierella,s__Mortierella_sp,Mortierella_sp,UDB04754778,SH1105736.09FU,reps,k__Fungi,OTU1029.p__Mortierellomycota.g__Mortierella
1007,OTU1030,361,1,299,604,282,601,83,217,1.18e-55,80.247,p__Chytridiomycota,c__Chytridiomycota_cls_Incertae_sedis,o__Chytridiomycota_ord_Incertae_sedis,f__Chytridiomycota_fam_Incertae_sedis,g__Chytridiomycota_gen_Incertae_sedis,s__Chytridiomycota_sp,Chytridiomycota_sp,UDB02271215,SH1276083.09FU,reps,k__Fungi,OTU1030.p__Chytridiomycota.g__Chytridiomycota_gen_Incertae_sedis
1008,OTU1031,296,1,236,560,325,560,80,436,6.7e-122,100,p__Ascomycota,c__Sordariomycetes,o__Hypocreales,f__Catabotrydaceae,g__Catabotrydaceae_gen_Incertae_sedis,s__Catabotrydaceae_sp,Catabotrydaceae_sp,KP710894,SH1067381.09FU,reps,k__Fungi,OTU1031.p__Ascomycota.g__Catabotrydaceae_gen_Incertae_sedis
1009,OTU1032,289,1,172,450,232,401,60,261,4.21e-69,94.186,p__Basidiomycota,c__Tremellomycetes,o__Tremellales,f__Trimorphomycetaceae,g__Carlosrosaea,s__Carlosrosaea_simaoensis,Carlosrosaea_simaoensis,MK050283,SH1883275.09FU,refs_singleton,k__Fungi,OTU1032.p__Basidiomycota.g__Carlosrosaea
1010,OTU1033,306,1,261,540,283,540,85,429,1.16e-119,96.565,p__Ascomycota,c__Sordariomycetes,o__Microascales,f__Microascaceae,g__Microascus,s__Microascus_cinereus,Microascus_cinereus,LM652397,SH1681953.09FU,refs,k__Fungi,OTU1033.p__Ascomycota.g__Microascus
1011,OTU1034,283,2,186,494,279,459,65,167,9.29e-41,83.511,p__Ascomycota,c__Eurotiomycetes,o__Chaetothyriales,f__Herpotrichiellaceae,g__Herpotrichiellaceae_gen_Incertae_sedis,s__Herpotrichiellaceae_sp,Herpotrichiellaceae_sp,UDB03389013,SH1073290.09FU,reps,k__Fungi,OTU1034.p__Ascomycota.g__Herpotrichiellaceae_gen_Incertae_sedis
1012,OTU1035,272,1,233,562,308,539,86,401,2.24e-111,97.863,p__Ascomycota,c__Sordariomycetes,o__Glomerellales,f__Glomerellaceae,g__Colletotrichum,s__Colletotrichum_gloeosporioides,Colletotrichum_gloeosporioides,EF025940,SH1126551.09FU,reps,k__Fungi,OTU1035.p__Ascomycota.g__Colletotrichum
1013,OTU1036,282,2,221,505,287,505,78,383,8.44e-106,98.182,p__Ascomycota,c__Orbiliomycetes,o__GS33,f__GS33_fam_Incertae_sedis,g__GS33_gen_Incertae_sedis,s__GS33_sp,GS33_sp,UDB02484932,SH0944841.09FU,reps,k__Fungi,OTU1036.p__Ascomycota.g__GS33_gen_Incertae_sedis
1014,OTU1037,389,342,387,1125,57,12,12,69.4,3.78e-11,93.478,p__Ascomycota,c__Sordariomycetes,o__Hypocreales,f__Nectriaceae,g__Fusarium,s__Fusarium_oxysporum,Fusarium_oxysporum,UDB041458,SH1099032.09FU,reps,k__Fungi,OTU1037.p__Ascomycota.g__Fusarium
1015,OTU1038,282,1,222,512,290,512,79,405,1.8e-112,99.552,p__Basidiomycota,c__Agaricomycetes,o__Agaricales,f__Stephanosporaceae,g__Myriococcum,s__Myriococcum_thermophilum,Myriococcum_thermophilum,JF412008,SH0881720.09FU,refs,k__Fungi,OTU1038.p__Basidiomycota.g__Myriococcum
1016,OTU1039,295,1,233,497,262,491,79,377,4.1e-104,96.137,p__Ascomycota,c__Sordariomycetes,o__Microascales,f__Microascaceae,g__Microascaceae_gen_Incertae_sedis,s__Microascaceae_sp,Microascaceae_sp,UDB04139915,SH1097073.09FU,reps,k__Fungi,OTU1039.p__Ascomycota.g__Microascaceae_gen_Incertae_sedis
1017,OTU1040,419,1,277,624,277,548,66,241,8.19e-63,83.099,p__Ascomycota,c__Sordariomycetes,o__Xylariales,f__Microdochiaceae,g__Idriella,s__Idriella_sp,Idriella_sp,UDB03591025,SH1265381.09FU,reps,k__Fungi,OTU1040.p__Ascomycota.g__Idriella
1018,OTU1041,317,270,315,1125,57,12,15,69.4,3.03e-11,93.478,p__Ascomycota,c__Sordariomycetes,o__Hypocreales,f__Nectriaceae,g__Fusarium,s__Fusarium_oxysporum,Fusarium_oxysporum,UDB041458,SH1099032.09FU,reps,k__Fungi,OTU1041.p__Ascomycota.g__Fusarium
1019,OTU1042,318,283,313,581,496,527,10,52.8,3.06e-06,96.875,p__Ascomycota,c__Leotiomycetes,o__Helotiales,f__Dermateaceae,g__Pezicula,s__Pezicula_radicicola,Pezicula_radicicola,FJ179465,SH0975489.09FU,reps,k__Fungi,OTU1042.p__Ascomycota.g__Pezicula
1020,OTU1043,341,1,264,504,243,504,77,431,3.63e-120,96.241,p__Chytridiomycota,c__Chytridiomycota_cls_Incertae_sedis,o__Chytridiomycota_ord_Incertae_sedis,f__Chytridiomycota_fam_Incertae_sedis,g__Chytridiomycota_gen_Incertae_sedis,s__Chytridiomycota_sp,Chytridiomycota_sp,UDB02287150,SH1122624.09FU,reps,k__Fungi,OTU1043.p__Chytridiomycota.g__Chytridiomycota_gen_Incertae_sedis
1021,OTU1044,258,1,194,449,253,446,75,359,1.29e-98,100,p__Ascomycota,c__Dothideomycetes,o__Mycosphaerellales,f__Mycosphaerellaceae,g__Mycosphaerellaceae_gen_Incertae_sedis,s__Mycosphaerellaceae_sp,Mycosphaerellaceae_sp,UDB04406860,SH1086976.09FU,reps,k__Fungi,OTU1044.p__Ascomycota.g__Mycosphaerellaceae_gen_Incertae_sedis
1022,OTU1045,347,1,286,610,335,610,82,359,1.77e-98,89.895,p__Basidiomycota,c__Agaricomycetes,o__Thelephorales,f__Thelephoraceae,g__Amaurodon,s__Amaurodon_sp,Amaurodon_sp,UDB01069440,SH1067235.09FU,reps,k__Fungi,OTU1045.p__Basidiomycota.g__Amaurodon
1023,OTU1046,366,1,305,1019,716,1019,83,523,6.29e-148,97.712,p__Chytridiomycota,c__Spizellomycetes,o__Spizellomycetales,f__Spizellomycetaceae,g__Spizellomyces,s__Spizellomyces_sp,Spizellomyces_sp,UDB07377489,SH1008338.09FU,reps,k__Fungi,OTU1046.p__Chytridiomycota.g__Spizellomyces
1024,OTU1047,263,1,174,405,197,363,66,204,6.53e-52,88.506,p__Ascomycota,c__Dothideomycetes,o__Microthyriales,f__Microthyriales_fam_Incertae_sedis,g__Microthyriales_gen_Incertae_sedis,s__Microthyriales_sp,Microthyriales_sp,UDB04198550,SH1184762.09FU,reps,k__Fungi,OTU1047.p__Ascomycota.g__Microthyriales_gen_Incertae_sedis
1025,OTU1048,342,1,295,619,324,619,86,507,5.89e-143,97.635,p__Basidiomycota,c__Agaricomycetes,o__Cantharellales,f__Ceratobasidiaceae,g__Ceratobasidiaceae_gen_Incertae_sedis,s__Ceratobasidiaceae_sp,Ceratobasidiaceae_sp,JX514390,SH1183391.09FU,reps,k__Fungi,OTU1048.p__Basidiomycota.g__Ceratobasidiaceae_gen_Incertae_sedis
1026,OTU1049,267,1,206,467,261,467,77,375,1.33e-103,99.517,p__Ascomycota,c__Sordariomycetes,o__Cordanales,f__Cordanaceae,g__Cordana,s__Cordana_sp,Cordana_sp,UDB04192605,SH0973787.09FU,reps,k__Fungi,OTU1049.p__Ascomycota.g__Cordana
1027,OTU1050,288,58,280,478,478,256,77,401,2.38e-111,99.103,p__Ascomycota,c__Sordariomycetes,o__Sordariales,f__Lasiosphaeriaceae,g__Schizothecium,s__Schizothecium_sp,Schizothecium_sp,UDB06568671,SH0965329.09FU,reps,k__Fungi,OTU1050.p__Ascomycota.g__Schizothecium
1028,OTU1051,327,280,325,758,500,545,14,63.9,1.46e-09,91.304,p__Basidiomycota,c__Agaricomycetes,o__Auriculariales,f__Auriculariales_fam_Incertae_sedis,g__Auriculariales_gen_Incertae_sedis,s__Auriculariales_sp,Auriculariales_sp,JQ272342,SH0954825.09FU,reps,k__Fungi,OTU1051.p__Basidiomycota.g__Auriculariales_gen_Incertae_sedis
1029,OTU1053,344,307,342,758,510,545,10,67.6,1.19e-10,100,p__Basidiomycota,c__Agaricomycetes,o__Auriculariales,f__Auriculariales_fam_Incertae_sedis,g__Auriculariales_gen_Incertae_sedis,s__Auriculariales_sp,Auriculariales_sp,JQ272342,SH0954825.09FU,reps,k__Fungi,OTU1053.p__Basidiomycota.g__Auriculariales_gen_Incertae_sedis
1030,OTU1054,277,1,216,504,289,504,78,366,8.34e-101,97.222,p__Ascomycota,c__Sordariomycetes,o__Xylariales,f__Xylariaceae,g__Halorosellinia,s__Halorosellinia_sp,Halorosellinia_sp,UDB03250704,SH0887245.09FU,reps,k__Fungi,OTU1054.p__Ascomycota.g__Halorosellinia
1031,OTU1055,410,1,347,1026,698,1024,85,390,7.51e-108,87.931,p__Chytridiomycota,c__Chytridiomycota_cls_Incertae_sedis,o__Chytridiomycota_ord_Incertae_sedis,f__Chytridiomycota_fam_Incertae_sedis,g__Chytridiomycota_gen_Incertae_sedis,s__Chytridiomycota_sp,Chytridiomycota_sp,UDB02303416,SH1318107.09FU,reps,k__Fungi,OTU1055.p__Chytridiomycota.g__Chytridiomycota_gen_Incertae_sedis
1032,OTU1056,258,1,197,455,260,455,76,296,1.03e-79,93.939,p__Ascomycota,c__Leotiomycetes,o__Helotiales,f__Helotiales_fam_Incertae_sedis,g__Helotiales_gen_Incertae_sedis,s__Helotiales_sp,Helotiales_sp,UDB03309734,SH0989740.09FU,reps,k__Fungi,OTU1056.p__Ascomycota.g__Helotiales_gen_Incertae_sedis
1033,OTU1057,321,1,261,613,355,613,81,459,1.56e-128,98.467,p__Basidiomycota,c__Agaricomycetes,o__Agaricales,f__Psathyrellaceae,g__Psathyrella,s__Psathyrella_sp,Psathyrella_sp,KC992858,SH1250782.09FU,reps,k__Fungi,OTU1057.p__Basidiomycota.g__Psathyrella
1034,OTU1058,342,1,280,502,221,502,82,459,1.67e-128,96.127,p__Glomeromycota,c__Glomeromycetes,o__Glomerales,f__Glomeraceae,g__Septoglomus,s__Septoglomus_sp,Septoglomus_sp,UDB06941809,SH0882766.09FU,reps,k__Fungi,OTU1058.p__Glomeromycota.g__Septoglomus
1035,OTU1059,339,1,279,504,227,504,82,436,7.76e-122,95.053,p__Glomeromycota,c__Glomeromycetes,o__Glomerales,f__Glomeraceae,g__Septoglomus,s__Septoglomus_viscosum,Septoglomus_viscosum,HF548856,SH0939989.09FU,reps,k__Fungi,OTU1059.p__Glomeromycota.g__Septoglomus
1036,OTU1060,350,1,289,531,242,531,83,501,2.81e-141,97.931,p__Aphelidiomycota,c__Aphelidiomycetes,o__GS16,f__GS16_fam_Incertae_sedis,g__GS16_gen_Incertae_sedis,s__GS16_sp,GS16_sp,UDB02397657,SH0916171.09FU,reps,k__Fungi,OTU1060.p__Aphelidiomycota.g__GS16_gen_Incertae_sedis
1037,OTU1061,339,1,279,527,249,527,82,516,9.69e-146,100,p__Basidiomycota,c__Cystobasidiomycetes,o__Erythrobasidiales,f__Erythrobasidiaceae,g__Erythrobasidium,s__Erythrobasidium_hasegawae,Erythrobasidium_hasegawae,AB030352,SH0918842.09FU,refs,k__Fungi,OTU1061.p__Basidiomycota.g__Erythrobasidium
1038,OTU1062,311,1,251,620,370,620,81,464,3.24e-130,100,p__Basidiomycota,c__Agaricomycetes,o__Agaricales,f__Psathyrellaceae,g__Coprinopsis,s__Coprinopsis_cinerea,Coprinopsis_cinerea,UDB015474,SH3692336.09FU,refs,k__Fungi,OTU1062.p__Basidiomycota.g__Coprinopsis
1039,OTU1063,308,1,247,567,320,567,80,440,5.41e-123,98.79,p__Ascomycota,c__Eurotiomycetes,o__Onygenales,f__Onygenales_fam_Incertae_sedis,g__Onygenales_gen_Incertae_sedis,s__Onygenales_sp,Onygenales_sp,UDB02505265,SH1120012.09FU,reps,k__Fungi,OTU1063.p__Ascomycota.g__Onygenales_gen_Incertae_sedis
1040,OTU1064,285,43,277,503,503,268,82,412,1.09e-114,98.305,p__Ascomycota,c__Leotiomycetes,o__Thelebolales,f__Pseudeurotiaceae,g__Pseudogymnoascus,s__Pseudogymnoascus_roseus,Pseudogymnoascus_roseus,DQ117451,SH1477560.09FU,refs,k__Fungi,OTU1064.p__Ascomycota.g__Pseudogymnoascus
1041,OTU1065,327,1,274,498,222,498,84,492,1.57e-138,98.917,p__Basidiomycota,c__Wallemiomycetes,o__Wallemiales,f__Wallemiaceae,g__Wallemia,s__Wallemia_sebi,Wallemia_sebi,AY328915,SH0958501.09FU,refs,k__Fungi,OTU1065.p__Basidiomycota.g__Wallemia
1042,OTU1066,414,1,353,600,246,600,85,616,1.15e-175,98.039,p__Mortierellomycota,c__Mortierellomycetes,o__Mortierellales,f__Mortierellaceae,g__Mortierella,s__Mortierella_sp,Mortierella_sp,UDB04906402,SH1196051.09FU,reps,k__Fungi,OTU1066.p__Mortierellomycota.g__Mortierella
1043,OTU1067,281,1,221,515,295,515,79,409,1.39e-113,100,p__Ascomycota,c__Dothideomycetes,o__Pleosporales,f__Pleosporaceae,g__Dichotomophthora,s__Dichotomophthora_basellae,Dichotomophthora_basellae,LT990654,SH3803291.09FU,refs,k__Fungi,OTU1067.p__Ascomycota.g__Dichotomophthora
1044,OTU1068,401,354,399,1125,57,12,11,69.4,3.91e-11,93.478,p__Ascomycota,c__Sordariomycetes,o__Hypocreales,f__Nectriaceae,g__Fusarium,s__Fusarium_oxysporum,Fusarium_oxysporum,UDB041458,SH1099032.09FU,reps,k__Fungi,OTU1068.p__Ascomycota.g__Fusarium
1045,OTU1069,340,1,275,510,217,503,81,254,8.41e-67,83.505,p__Glomeromycota,c__Glomeromycetes,o__Glomerales,f__Glomeraceae,g__Glomeraceae_gen_Incertae_sedis,s__Glomeraceae_sp,Glomeraceae_sp,UDB03136212,SH0882754.09FU,reps,k__Fungi,OTU1069.p__Glomeromycota.g__Glomeraceae_gen_Incertae_sedis
1046,OTU1070,320,1,275,612,337,612,86,475,1.55e-133,97.826,p__Basidiomycota,c__Agaricomycetes,o__Hymenochaetales,f__Hymenochaetales_fam_Incertae_sedis,g__Trichaptum,s__Trichaptum_biforme,Trichaptum_biforme,MH347289,SH1186721.09FU,reps,k__Fungi,OTU1070.p__Basidiomycota.g__Trichaptum
1047,OTU1071,348,58,340,561,561,279,81,518,2.77e-146,99.647,p__Basidiomycota,c__Agaricomycetes,o__Polyporales,f__Irpicaceae,g__Gloeoporus,s__Gloeoporus_sp,Gloeoporus_sp,UDB02236190,SH1273130.09FU,reps,k__Fungi,OTU1071.p__Basidiomycota.g__Gloeoporus
1048,OTU1072,362,323,360,758,508,545,10,65.8,4.53e-10,97.368,p__Basidiomycota,c__Agaricomycetes,o__Auriculariales,f__Auriculariales_fam_Incertae_sedis,g__Auriculariales_gen_Incertae_sedis,s__Auriculariales_sp,Auriculariales_sp,JQ272342,SH0954825.09FU,reps,k__Fungi,OTU1072.p__Basidiomycota.g__Auriculariales_gen_Incertae_sedis
1049,OTU1073,299,1,254,486,234,486,85,440,5.23e-123,98.039,p__Ascomycota,c__Sordariomycetes,o__Magnaporthales,f__Magnaporthaceae,g__Magnaporthiopsis,s__Magnaporthiopsis_poae,Magnaporthiopsis_poae,JX134600,SH0978704.09FU,reps,k__Fungi,OTU1073.p__Ascomycota.g__Magnaporthiopsis
1050,OTU1074,290,58,282,449,449,225,78,399,8.59e-111,98.667,p__Ascomycota,c__Sordariomycetes,o__Sordariales,f__Sordariales_fam_Incertae_sedis,g__Sordariales_gen_Incertae_sedis,s__Sordariales_sp,Sordariales_sp,UDB05105171,SH0939024.09FU,reps,k__Fungi,OTU1074.p__Ascomycota.g__Sordariales_gen_Incertae_sedis
1051,OTU1075,310,1,262,575,314,575,85,479,1.15e-134,99.618,p__Ascomycota,c__Saccharomycetes,o__Saccharomycetales,f__Debaryomycetaceae,g__Schwanniomyces,s__Schwanniomyces_vanrijiae,Schwanniomyces_vanrijiae,AB054105,SH1029409.09FU,refs,k__Fungi,OTU1075.p__Ascomycota.g__Schwanniomyces
1052,OTU1076,332,1,271,596,323,596,82,459,1.62e-128,97.091,p__Mucoromycota,c__Umbelopsidomycetes,o__GS23,f__GS23_fam_Incertae_sedis,g__GS23_gen_Incertae_sedis,s__GS23_sp,GS23_sp,UDB02451661,SH1209930.09FU,reps,k__Fungi,OTU1076.p__Mucoromycota.g__GS23_gen_Incertae_sedis
1053,OTU1077,333,286,331,1125,57,12,14,69.4,3.2e-11,93.478,p__Ascomycota,c__Sordariomycetes,o__Hypocreales,f__Nectriaceae,g__Fusarium,s__Fusarium_oxysporum,Fusarium_oxysporum,UDB041458,SH1099032.09FU,reps,k__Fungi,OTU1077.p__Ascomycota.g__Fusarium
1054,OTU1079,284,1,96,455,252,348,34,117,9.53e-26,88.776,p__Ascomycota,c__Dothideomycetes,o__Mycosphaerellales,f__Teratosphaeriaceae,g__Neohortaea,s__Neohortaea_acidophila,Neohortaea_acidophila,GU214636,SH1707131.09FU,refs_singleton,k__Fungi,OTU1079.p__Ascomycota.g__Neohortaea
1055,OTU1080,276,1,217,457,241,457,79,401,2.28e-111,100,p__Ascomycota,c__Sordariomycetes,o__Hypocreales,f__Nectriaceae,g__Dactylonectria,s__Dactylonectria_macrodidyma,Dactylonectria_macrodidyma,AY677290,SH0972898.09FU,refs,k__Fungi,OTU1080.p__Ascomycota.g__Dactylonectria
1056,OTU1082,323,1,262,608,346,608,81,401,2.69e-111,94.361,p__Basidiomycota,c__Agaricomycetes,o__Agaricales,f__Entolomataceae,g__Entoloma,s__Entoloma_sp,Entoloma_sp,UDB05327189,SH1167406.09FU,reps,k__Fungi,OTU1082.p__Basidiomycota.g__Entoloma
1057,OTU1083,257,1,196,452,257,452,76,357,4.62e-98,99.49,p__Ascomycota,c__Leotiomycetes,o__Helotiales,f__Hyaloscyphaceae,g__Hyaloscyphaceae_gen_Incertae_sedis,s__Hyaloscyphaceae_sp,Hyaloscyphaceae_sp,UDB02669641,SH0989884.09FU,reps,k__Fungi,OTU1083.p__Ascomycota.g__Hyaloscyphaceae_gen_Incertae_sedis
1058,OTU1084,349,58,341,565,565,282,81,497,3.62e-140,98.239,p__Basidiomycota,c__Agaricomycetes,o__Polyporales,f__Irpicaceae,g__Gloeoporus,s__Gloeoporus_sp,Gloeoporus_sp,UDB02236138,SH1273122.09FU,reps,k__Fungi,OTU1084.p__Basidiomycota.g__Gloeoporus
1059,OTU1085,356,319,354,758,510,545,10,67.6,1.24e-10,100,p__Basidiomycota,c__Agaricomycetes,o__Auriculariales,f__Auriculariales_fam_Incertae_sedis,g__Auriculariales_gen_Incertae_sedis,s__Auriculariales_sp,Auriculariales_sp,JQ272342,SH0954825.09FU,reps,k__Fungi,OTU1085.p__Basidiomycota.g__Auriculariales_gen_Incertae_sedis
1060,OTU1086,273,1,199,444,216,415,73,324,5.01e-88,96.02,p__Ascomycota,c__Sordariomycetes,o__Sordariomycetes_ord_Incertae_sedis,f__Sordariomycetes_fam_Incertae_sedis,g__Sordariomycetes_gen_Incertae_sedis,s__Sordariomycetes_sp,Sordariomycetes_sp,ON153486,SH1074702.09FU,reps,k__Fungi,OTU1086.p__Ascomycota.g__Sordariomycetes_gen_Incertae_sedis
1061,OTU1087,292,1,249,562,314,562,85,422,1.85e-117,97.189,p__Ascomycota,c__Dothideomycetes,o__Mycosphaerellales,f__Mycosphaerellaceae,g__Scleroramularia,s__Scleroramularia_abundans,Scleroramularia_abundans,FR716676,SH1026926.09FU,reps,k__Fungi,OTU1087.p__Ascomycota.g__Scleroramularia
1062,OTU1088,290,1,230,436,207,436,79,425,1.42e-118,100,p__Basidiomycota,c__Spiculogloeomycetes,o__Spiculogloeales,f__Spiculogloeaceae,g__Phyllozyma,s__Phyllozyma_subbrunnea,Phyllozyma_subbrunnea,AF444549,SH1001299.09FU,refs,k__Fungi,OTU1088.p__Basidiomycota.g__Phyllozyma
1063,OTU1089,310,1,249,529,290,529,80,307,5.76e-83,89.558,p__Ascomycota,c__Dothideomycetes,o__Dothideomycetes_ord_Incertae_sedis,f__Dothideomycetes_fam_Incertae_sedis,g__Dothideomycetes_gen_Incertae_sedis,s__Dothideomycetes_sp,Dothideomycetes_sp,UDB05269073,SH0930654.09FU,reps,k__Fungi,OTU1089.p__Ascomycota.g__Dothideomycetes_gen_Incertae_sedis
1064,OTU1090,373,1,313,581,269,581,84,579,1.35e-164,100,p__Chytridiomycota,c__Rhizophydiomycetes,o__Rhizophydiales,f__Rhizophydiales_fam_Incertae_sedis,g__Rhizophydiales_gen_Incertae_sedis,s__Rhizophydiales_sp,Rhizophydiales_sp,UDB0149010,SH1111490.09FU,reps,k__Fungi,OTU1090.p__Chytridiomycota.g__Rhizophydiales_gen_Incertae_sedis
1065,OTU1091,285,1,225,495,271,495,79,388,1.84e-107,97.778,p__Ascomycota,c__Sordariomycetes,o__Hypocreales,f__Hypocreales_fam_Incertae_sedis,g__Acremonium,s__Acremonium_rutilum,Acremonium_rutilum,AB540580,SH1072909.09FU,refs,k__Fungi,OTU1091.p__Ascomycota.g__Acremonium
1066,OTU1092,269,1,204,474,269,472,76,372,1.74e-102,99.51,p__Ascomycota,c__Dothideomycetes,o__Capnodiales,f__Neodevriesiaceae,g__Neodevriesia,s__Neodevriesia_sp,Neodevriesia_sp,UDB02024734,SH0960562.09FU,reps,k__Fungi,OTU1092.p__Ascomycota.g__Neodevriesia
1067,OTU1093,282,1,222,506,285,506,79,411,3.87e-114,100,p__Ascomycota,c__Eurotiomycetes,o__Eurotiales,f__Aspergillaceae,g__Aspergillus,s__Aspergillus_flavus,Aspergillus_flavus,JX852615,SH1082483.09FU,reps,k__Fungi,OTU1093.p__Ascomycota.g__Aspergillus
1068,OTU1094,344,1,284,529,247,529,83,390,6.23e-108,91.608,p__Basidiomycota,c__Cystobasidiomycetes,o__Erythrobasidiales,f__Erythrobasidiaceae,g__Erythrobasidium,s__Erythrobasidium_sp,Erythrobasidium_sp,KT328821,SH1310093.09FU,reps,k__Fungi,OTU1094.p__Basidiomycota.g__Erythrobasidium
1069,OTU1095,281,1,218,514,292,512,78,383,8.41e-106,98.19,p__Ascomycota,c__Dothideomycetes,o__Venturiales,f__Venturiales_fam_Incertae_sedis,g__Venturiales_gen_Incertae_sedis,s__Venturiales_sp,Venturiales_sp,UDB07323771,SH0946365.09FU,reps,k__Fungi,OTU1095.p__Ascomycota.g__Venturiales_gen_Incertae_sedis
1070,OTU1096,419,1,358,603,257,603,85,534,3.36e-151,94.134,p__Basidiomycota,c__Agaricomycetes,o__Cantharellales,f__Tulasnellaceae,g__Tulasnella,s__Tulasnella_sp,Tulasnella_sp,UDB06811955,SH1210673.09FU,reps,k__Fungi,OTU1096.p__Basidiomycota.g__Tulasnella
1071,OTU1097,328,1,267,568,302,568,81,361,4.64e-99,91.144,p__Basidiomycota,c__Agaricomycetes,o__Trechisporales,f__Trechisporales_fam_Incertae_sedis,g__Trechisporales_gen_Incertae_sedis,s__Trechisporales_sp,Trechisporales_sp,UDB06375413,SH1129828.09FU,reps,k__Fungi,OTU1097.p__Basidiomycota.g__Trechisporales_gen_Incertae_sedis
1072,OTU1098,270,1,220,521,300,521,81,361,3.77e-99,95.946,p__Fungi_phy_Incertae_sedis,c__Fungi_cls_Incertae_sedis,o__Fungi_ord_Incertae_sedis,f__Fungi_fam_Incertae_sedis,g__Fungi_gen_Incertae_sedis,s__Fungi_sp,Fungi_sp,MK593746,SH0945791.09FU,reps,k__Fungi,OTU1098.p__Fungi_phy_Incertae_sedis.g__Fungi_gen_Incertae_sedis
1073,OTU1099,422,1,361,706,369,706,86,418,3.55e-116,88.674,p__Kickxellomycota,c__Ramicandelaberomycetes,o__Ramicandelaberales,f__Ramicandelaberaceae,g__Ramicandelaber,s__Ramicandelaber_sp,Ramicandelaber_sp,UDB06291202,SH1124592.09FU,reps,k__Fungi,OTU1099.p__Kickxellomycota.g__Ramicandelaber
1074,OTU1100,278,1,226,534,310,534,81,377,3.87e-104,96.903,p__Ascomycota,c__Eurotiomycetes,o__Chaetothyriales,f__Trichomeriaceae,g__Knufia,s__Knufia_tsunedae,Knufia_tsunedae,HG003669,SH1682696.09FU,refs,k__Fungi,OTU1100.p__Ascomycota.g__Knufia
1075,OTU1101,298,1,238,512,275,512,80,435,2.43e-121,99.58,p__Ascomycota,c__Sordariomycetes,o__Microascales,f__Microascaceae,g__Acaulium,s__Acaulium_acremonium,Acaulium_acremonium,LM652457,SH0902182.09FU,refs,k__Fungi,OTU1101.p__Ascomycota.g__Acaulium
1076,OTU1102,436,1,141,782,338,480,44,174,8.79e-43,89.116,p__Chytridiomycota,c__Chytridiomycota_cls_Incertae_sedis,o__Chytridiomycota_ord_Incertae_sedis,f__Chytridiomycota_fam_Incertae_sedis,g__Chytridiomycota_gen_Incertae_sedis,s__Chytridiomycota_sp,Chytridiomycota_sp,UDB02298513,SH1179958.09FU,reps,k__Fungi,OTU1102.p__Chytridiomycota.g__Chytridiomycota_gen_Incertae_sedis
1077,OTU1103,355,1,295,620,325,620,83,518,2.83e-146,98.311,p__Mucoromycota,c__Mucoromycotina_cls_Incertae_sedis,o__Mucoromycotina_ord_Incertae_sedis,f__Mucoromycotina_fam_Incertae_sedis,g__Bifiguratus,s__Bifiguratus_adelaidae,Bifiguratus_adelaidae,HM123225,SH1215212.09FU,refs,k__Fungi,OTU1103.p__Mucoromycota.g__Bifiguratus
1078,OTU1104,282,1,229,492,265,492,81,416,8.32e-116,99.563,p__Ascomycota,c__Sordariomycetes,o__Sordariales,f__Chaetomiaceae,g__Chaetomiaceae_gen_Incertae_sedis,s__Chaetomiaceae_sp,Chaetomiaceae_sp,KU141378,SH0881877.09FU,reps,k__Fungi,OTU1104.p__Ascomycota.g__Chaetomiaceae_gen_Incertae_sedis
1079,OTU1105,319,272,317,1125,57,12,14,69.4,3.05e-11,93.478,p__Ascomycota,c__Sordariomycetes,o__Hypocreales,f__Nectriaceae,g__Fusarium,s__Fusarium_oxysporum,Fusarium_oxysporum,UDB041458,SH1099032.09FU,reps,k__Fungi,OTU1105.p__Ascomycota.g__Fusarium
1080,OTU1106,291,1,230,507,278,507,79,370,6.76e-102,95.671,p__Ascomycota,c__Pezizomycetes,o__Pezizales,f__Pulvinulaceae,g__Pulvinulaceae_gen_Incertae_sedis,s__Pulvinulaceae_sp,Pulvinulaceae_sp,UDB05751407,SH0941646.09FU,reps,k__Fungi,OTU1106.p__Ascomycota.g__Pulvinulaceae_gen_Incertae_sedis
1081,OTU1107,279,1,204,528,288,493,73,241,5.31e-63,88.095,p__Ascomycota,c__Eurotiomycetes,o__Chaetothyriales,f__Chaetothyriaceae,g__Ceramothyrium,s__Ceramothyrium_thailandicum,Ceramothyrium_thailandicum,KP324928,SH1163092.09FU,reps,k__Fungi,OTU1107.p__Ascomycota.g__Ceramothyrium
1082,OTU1108,356,1,295,536,243,536,83,499,1.03e-140,97.288,p__Aphelidiomycota,c__Aphelidiomycetes,o__Aphelidiomycetes_ord_Incertae_sedis,f__Aphelidiomycetes_fam_Incertae_sedis,g__Aphelidiomycetes_gen_Incertae_sedis,s__Aphelidiomycetes_sp,Aphelidiomycetes_sp,UDB02398095,SH0916181.09FU,reps,k__Fungi,OTU1108.p__Aphelidiomycota.g__Aphelidiomycetes_gen_Incertae_sedis
1083,OTU1109,300,255,298,1125,55,12,15,71.3,7.94e-12,95.455,p__Ascomycota,c__Sordariomycetes,o__Hypocreales,f__Nectriaceae,g__Fusarium,s__Fusarium_oxysporum,Fusarium_oxysporum,UDB041458,SH1099032.09FU,reps,k__Fungi,OTU1109.p__Ascomycota.g__Fusarium
1084,OTU1110,339,300,337,758,508,545,11,65.8,4.22e-10,97.368,p__Basidiomycota,c__Agaricomycetes,o__Auriculariales,f__Auriculariales_fam_Incertae_sedis,g__Auriculariales_gen_Incertae_sedis,s__Auriculariales_sp,Auriculariales_sp,JQ272342,SH0954825.09FU,reps,k__Fungi,OTU1110.p__Basidiomycota.g__Auriculariales_gen_Incertae_sedis
1085,OTU1111,288,1,228,497,270,497,79,411,3.96e-114,99.123,p__Ascomycota,c__Sordariomycetes,o__Hypocreales,f__Ophiocordycipitaceae,g__Albophoma,s__Albophoma_yamanashiensis,Albophoma_yamanashiensis,LC228661,SH1268746.09FU,refs,k__Fungi,OTU1111.p__Ascomycota.g__Albophoma
1086,OTU1112,303,1,242,478,251,478,80,329,1.2e-89,92.149,p__Ascomycota,c__Sordariomycetes,o__Sordariales,f__Sordariales_fam_Incertae_sedis,g__Sordariales_gen_Incertae_sedis,s__Sordariales_sp,Sordariales_sp,UDB07315893,SH0947289.09FU,reps,k__Fungi,OTU1112.p__Ascomycota.g__Sordariales_gen_Incertae_sedis
1087,OTU1114,377,1,82,737,419,500,22,119,3.58e-26,92.683,p__Fungi_phy_Incertae_sedis,c__Fungi_cls_Incertae_sedis,o__Fungi_ord_Incertae_sedis,f__Fungi_fam_Incertae_sedis,g__Fungi_gen_Incertae_sedis,s__Fungi_sp,Fungi_sp,UDB0751837,SH1321765.09FU,reps,k__Fungi,OTU1114.p__Fungi_phy_Incertae_sedis.g__Fungi_gen_Incertae_sedis
1088,OTU1115,316,1,256,471,214,471,81,414,3.37e-115,95.736,p__Glomeromycota,c__Glomeromycetes,o__Glomerales,f__Glomeraceae,g__Rhizophagus,s__Rhizophagus_intraradices,Rhizophagus_intraradices,KF836955,SH0956021.09FU,reps,k__Fungi,OTU1115.p__Glomeromycota.g__Rhizophagus
1089,OTU1116,367,328,365,758,508,545,10,65.8,4.59e-10,97.368,p__Basidiomycota,c__Agaricomycetes,o__Auriculariales,f__Auriculariales_fam_Incertae_sedis,g__Auriculariales_gen_Incertae_sedis,s__Auriculariales_sp,Auriculariales_sp,JQ272342,SH0954825.09FU,reps,k__Fungi,OTU1116.p__Basidiomycota.g__Auriculariales_gen_Incertae_sedis
1090,OTU1117,306,261,304,1125,55,12,14,71.3,8.11e-12,95.455,p__Ascomycota,c__Sordariomycetes,o__Hypocreales,f__Nectriaceae,g__Fusarium,s__Fusarium_oxysporum,Fusarium_oxysporum,UDB041458,SH1099032.09FU,reps,k__Fungi,OTU1117.p__Ascomycota.g__Fusarium
1091,OTU1118,268,1,207,472,266,472,77,383,7.98e-106,100,p__Ascomycota,c__Dothideomycetes,o__Capnodiales,f__Neodevriesiaceae,g__Neodevriesia,s__Neodevriesia_sp,Neodevriesia_sp,UDB02024570,SH0960604.09FU,reps,k__Fungi,OTU1118.p__Ascomycota.g__Neodevriesia
1092,OTU1119,299,1,240,524,285,524,80,411,4.1e-114,97.5,p__Ascomycota,c__Sordariomycetes,o__Savoryellales,f__Savoryellaceae,g__Savoryellaceae_gen_Incertae_sedis,s__Savoryellaceae_sp,Savoryellaceae_sp,UDB06557302,SH0949473.09FU,reps,k__Fungi,OTU1119.p__Ascomycota.g__Savoryellaceae_gen_Incertae_sedis
1093,OTU1120,316,1,253,616,364,614,80,411,4.36e-114,96.047,p__Basidiomycota,c__Agaricomycetes,o__Agaricales,f__Bolbitiaceae,g__Conocybe,s__Conocybe_sp,Conocybe_sp,UDB04137862,SH1182658.09FU,reps,k__Fungi,OTU1120.p__Basidiomycota.g__Conocybe
1094,OTU1121,291,1,230,480,250,480,79,398,3.1e-110,97.835,p__Ascomycota,c__Sordariomycetes,o__Hypocreales,f__Hypocreales_fam_Incertae_sedis,g__Hypocreales_gen_Incertae_sedis,s__Hypocreales_sp,Hypocreales_sp,UDB06920093,SH1074288.09FU,reps,k__Fungi,OTU1121.p__Ascomycota.g__Hypocreales_gen_Incertae_sedis
1095,OTU1122,421,374,419,1125,57,12,11,69.4,4.11e-11,93.478,p__Ascomycota,c__Sordariomycetes,o__Hypocreales,f__Nectriaceae,g__Fusarium,s__Fusarium_oxysporum,Fusarium_oxysporum,UDB041458,SH1099032.09FU,reps,k__Fungi,OTU1122.p__Ascomycota.g__Fusarium
1096,OTU1123,287,1,227,559,334,559,79,285,2.5e-76,89.474,p__Ascomycota,c__Eurotiomycetes,o__Chaetothyriales,f__Chaetothyriaceae,g__Ceramothyrium,s__Ceramothyrium_melastoma,Ceramothyrium_melastoma,KC005771,SH1676532.09FU,refs_singleton,k__Fungi,OTU1123.p__Ascomycota.g__Ceramothyrium
1097,OTU1124,341,1,280,843,565,843,82,472,2.14e-132,97.143,p__Chytridiomycota,c__Spizellomycetes,o__Spizellomycetales,f__Spizellomycetaceae,g__Spizellomyces,s__Spizellomyces_sp,Spizellomyces_sp,UDB07377062,SH1111360.09FU,reps,k__Fungi,OTU1124.p__Chytridiomycota.g__Spizellomyces
1098,OTU1125,340,1,298,507,213,507,88,486,7.62e-137,96.321,p__Glomeromycota,c__Glomeromycetes,o__Glomerales,f__Claroideoglomeraceae,g__Claroideoglomus,s__Claroideoglomus_sp,Claroideoglomus_sp,AM420360,SH0902990.09FU,reps,k__Fungi,OTU1125.p__Glomeromycota.g__Claroideoglomus
1099,OTU1126,297,1,257,537,298,530,87,176,1.62e-43,80.62,p__Ascomycota,c__Eurotiomycetes,o__Chaetothyriales,f__Chaetothyriaceae,g__Longihyalospora,s__Longihyalospora_ampeli,Longihyalospora_ampeli,MN219716,SH1158568.09FU,refs,k__Fungi,OTU1126.p__Ascomycota.g__Longihyalospora
1100,OTU1127,324,1,263,536,274,536,81,448,3.41e-125,97.338,p__Basidiomycota,c__Microbotryomycetes,o__Microbotryomycetes_ord_Incertae_sedis,f__Microbotryomycetes_fam_Incertae_sedis,g__Microbotryomycetes_gen_Incertae_sedis,s__Microbotryomycetes_sp,Microbotryomycetes_sp,UDB06553329,SH1294808.09FU,reps,k__Fungi,OTU1127.p__Basidiomycota.g__Microbotryomycetes_gen_Incertae_sedis
1101,OTU1128,259,1,198,449,252,449,76,355,1.68e-97,98.99,p__Ascomycota,c__Dothideomycetes,o__Mycosphaerellales,f__Mycosphaerellaceae,g__Pseudocercospora,s__Pseudocercospora_sp,Pseudocercospora_sp,UDB05321661,SH1087014.09FU,reps,k__Fungi,OTU1128.p__Ascomycota.g__Pseudocercospora
1102,OTU1130,359,1,299,681,382,679,83,424,6.43e-118,92.333,p__Chytridiomycota,c__Chytridiomycota_cls_Incertae_sedis,o__Chytridiomycota_ord_Incertae_sedis,f__Chytridiomycota_fam_Incertae_sedis,g__Chytridiomycota_gen_Incertae_sedis,s__Chytridiomycota_sp,Chytridiomycota_sp,UDB02294519,SH1317225.09FU,reps,k__Fungi,OTU1130.p__Chytridiomycota.g__Chytridiomycota_gen_Incertae_sedis
1103,OTU1131,367,1,307,710,401,710,84,248,4.25e-65,81.587,p__Fungi_phy_Incertae_sedis,c__Fungi_cls_Incertae_sedis,o__Fungi_ord_Incertae_sedis,f__Fungi_fam_Incertae_sedis,g__Fungi_gen_Incertae_sedis,s__Fungi_sp,Fungi_sp,UDB0750761,SH1122208.09FU,reps,k__Fungi,OTU1131.p__Fungi_phy_Incertae_sedis.g__Fungi_gen_Incertae_sedis
1104,OTU1132,285,1,211,533,312,522,74,302,2.46e-81,92.523,p__Ascomycota,c__Eurotiomycetes,o__Chaetothyriales,f__Chaetothyriales_fam_Incertae_sedis,g__Neostrelitziana,s__Neostrelitziana_sp,Neostrelitziana_sp,UDB02064316,SH1299368.09FU,reps,k__Fungi,OTU1132.p__Ascomycota.g__Neostrelitziana
1105,OTU1133,286,1,219,539,317,535,77,405,1.83e-112,100,p__Ascomycota,c__Eurotiomycetes,o__Chaetothyriales,f__Chaetothyriales_fam_Incertae_sedis,g__Chaetothyriales_gen_Incertae_sedis,s__Chaetothyriales_sp,Chaetothyriales_sp,UDB01806077,SH1070757.09FU,reps,k__Fungi,OTU1133.p__Ascomycota.g__Chaetothyriales_gen_Incertae_sedis
1106,OTU1134,352,305,350,1125,57,12,13,69.4,3.4e-11,93.478,p__Ascomycota,c__Sordariomycetes,o__Hypocreales,f__Nectriaceae,g__Fusarium,s__Fusarium_oxysporum,Fusarium_oxysporum,UDB041458,SH1099032.09FU,reps,k__Fungi,OTU1134.p__Ascomycota.g__Fusarium
1107,OTU1135,385,1,323,946,627,945,84,477,5.24e-134,93.519,p__Chytridiomycota,c__Chytridiomycota_cls_Incertae_sedis,o__Chytridiomycota_ord_Incertae_sedis,f__Chytridiomycota_fam_Incertae_sedis,g__Chytridiomycota_gen_Incertae_sedis,s__Chytridiomycota_sp,Chytridiomycota_sp,UDB02251493,SH1085408.09FU,reps,k__Fungi,OTU1135.p__Chytridiomycota.g__Chytridiomycota_gen_Incertae_sedis
1108,OTU1136,335,1,275,533,259,533,82,492,1.61e-138,98.909,p__Basidiomycota,c__Tremellomycetes,o__Filobasidiales,f__Filobasidiaceae,g__Filobasidium,s__Filobasidium_mali,Filobasidium_mali,MK050346,SH0890070.09FU,refs,k__Fungi,OTU1136.p__Basidiomycota.g__Filobasidium
1109,OTU1137,302,1,239,504,267,502,79,250,9.57e-66,85.95,p__Ascomycota,c__Sordariomycetes,o__Hypocreales,f__Hypocreales_fam_Incertae_sedis,g__Hypocreales_gen_Incertae_sedis,s__Hypocreales_sp,Hypocreales_sp,UDB03570872,SH0943635.09FU,reps,k__Fungi,OTU1137.p__Ascomycota.g__Hypocreales_gen_Incertae_sedis
1110,OTU1138,337,1,277,505,224,505,82,466,9.83e-131,96.809,p__Glomeromycota,c__Glomeromycetes,o__Glomerales,f__Glomeraceae,g__Septoglomus,s__Septoglomus_sp,Septoglomus_sp,KF849493,SH0939971.09FU,reps,k__Fungi,OTU1138.p__Glomeromycota.g__Septoglomus
1111,OTU1139,292,1,235,469,235,469,80,429,1.1e-119,99.574,p__Ascomycota,c__Sordariomycetes,o__Magnaporthales,f__Pyriculariaceae,g__Pyricularia,s__Pyricularia_grisea,Pyricularia_grisea,KM484885,SH0974034.09FU,refs,k__Fungi,OTU1139.p__Ascomycota.g__Pyricularia
1112,OTU1140,262,1,219,499,281,499,84,355,1.7e-97,95.89,p__Ascomycota,c__Leotiomycetes,o__Thelebolales,f__Pseudeurotiaceae,g__Pseudogymnoascus,s__Pseudogymnoascus_appendiculatus,Pseudogymnoascus_appendiculatus,KJ755523,SH2575709.09FU,refs,k__Fungi,OTU1140.p__Ascomycota.g__Pseudogymnoascus
1113,OTU1142,279,1,211,480,271,480,76,372,1.81e-102,98.578,p__Monoblepharomycota,c__Hyaloraphidiomycetes,o__Hyaloraphidiales,f__Hyaloraphidiales_fam_Incertae_sedis,g__Hyaloraphidiales_gen_Incertae_sedis,s__Hyaloraphidiales_sp,Hyaloraphidiales_sp,UDB03439846,SH1097103.09FU,reps,k__Fungi,OTU1142.p__Monoblepharomycota.g__Hyaloraphidiales_gen_Incertae_sedis
1114,OTU1143,294,1,254,537,298,530,86,200,9.5e-51,82.422,p__Ascomycota,c__Eurotiomycetes,o__Chaetothyriales,f__Chaetothyriaceae,g__Longihyalospora,s__Longihyalospora_ampeli,Longihyalospora_ampeli,MN219716,SH1158568.09FU,refs,k__Fungi,OTU1143.p__Ascomycota.g__Longihyalospora
1115,OTU1144,425,1,368,587,227,587,87,584,3.34e-166,95.664,p__Rozellomycota,c__Rozellomycotina_cls_Incertae_sedis,o__GS11,f__GS11_fam_Incertae_sedis,g__GS11_gen_Incertae_sedis,s__GS11_sp,GS11_sp,UDB02389838,SH1267778.09FU,reps,k__Fungi,OTU1144.p__Rozellomycota.g__GS11_gen_Incertae_sedis
1116,OTU1145,276,1,216,421,206,421,78,394,3.81e-109,99.537,p__Basidiomycota,c__Tremellomycetes,o__Tremellales,f__Bulleribasidiaceae,g__Vishniacozyma,s__Vishniacozyma_sp,Vishniacozyma_sp,MN450782,SH0999926.09FU,reps,k__Fungi,OTU1145.p__Basidiomycota.g__Vishniacozyma
1117,OTU1146,288,1,228,436,209,436,79,283,9.01e-76,89.083,p__Basidiomycota,c__Tremellomycetes,o__Tremellales,f__Rhynchogastremataceae,g__Rhynchogastrema,s__Rhynchogastrema_tunnelae,Rhynchogastrema_tunnelae,AF444453,SH0989474.09FU,refs,k__Fungi,OTU1146.p__Basidiomycota.g__Rhynchogastrema
1118,OTU1147,264,1,204,446,243,446,77,366,7.91e-101,99.02,p__Ascomycota,c__Dothideomycetes,o__Pleosporales,f__Phaeosphaeriaceae,g__Phaeosphaeria,s__Phaeosphaeria_oryzae,Phaeosphaeria_oryzae,KF251186,SH0994151.09FU,refs,k__Fungi,OTU1147.p__Ascomycota.g__Phaeosphaeria
1119,OTU1148,305,1,244,504,268,504,80,377,4.25e-104,95.082,p__Ascomycota,c__Sordariomycetes,o__Hypocreales,f__Niessliaceae,g__Niesslia,s__Niesslia_mucida,Niesslia_mucida,MG826989,SH1078447.09FU,refs,k__Fungi,OTU1148.p__Ascomycota.g__Niesslia
1120,OTU1149,372,1,312,710,401,710,84,403,8.7e-112,90.064,p__Fungi_phy_Incertae_sedis,c__Fungi_cls_Incertae_sedis,o__Fungi_ord_Incertae_sedis,f__Fungi_fam_Incertae_sedis,g__Fungi_gen_Incertae_sedis,s__Fungi_sp,Fungi_sp,UDB0750761,SH1122208.09FU,reps,k__Fungi,OTU1149.p__Fungi_phy_Incertae_sedis.g__Fungi_gen_Incertae_sedis
1121,OTU1150,344,297,342,758,500,545,13,75,7.12e-13,95.652,p__Basidiomycota,c__Agaricomycetes,o__Auriculariales,f__Auriculariales_fam_Incertae_sedis,g__Auriculariales_gen_Incertae_sedis,s__Auriculariales_sp,Auriculariales_sp,JQ272342,SH0954825.09FU,reps,k__Fungi,OTU1150.p__Basidiomycota.g__Auriculariales_gen_Incertae_sedis
1122,OTU1151,305,1,244,454,213,454,80,327,4.35e-89,91.02,p__Glomeromycota,c__Glomeromycetes,o__Glomerales,f__Glomeraceae,g__Dominikia,s__Dominikia_sp,Dominikia_sp,UDB0520170,SH0977463.09FU,reps,k__Fungi,OTU1151.p__Glomeromycota.g__Dominikia
1123,OTU1153,286,59,278,439,439,219,77,368,2.4e-101,96.847,p__Ascomycota,c__Sordariomycetes,o__Hypocreales,f__Hypocreales_fam_Incertae_sedis,g__Hypocreales_gen_Incertae_sedis,s__Hypocreales_sp,Hypocreales_sp,UDB03574003,SH1085542.09FU,reps,k__Fungi,OTU1153.p__Ascomycota.g__Hypocreales_gen_Incertae_sedis
1124,OTU1154,360,323,358,758,510,545,10,67.6,1.25e-10,100,p__Basidiomycota,c__Agaricomycetes,o__Auriculariales,f__Auriculariales_fam_Incertae_sedis,g__Auriculariales_gen_Incertae_sedis,s__Auriculariales_sp,Auriculariales_sp,JQ272342,SH0954825.09FU,reps,k__Fungi,OTU1154.p__Basidiomycota.g__Auriculariales_gen_Incertae_sedis
1125,OTU1155,342,1,294,619,325,619,86,488,2.13e-137,96.61,p__Basidiomycota,c__Agaricomycetes,o__Cantharellales,f__Ceratobasidiaceae,g__Rhizoctonia,s__Rhizoctonia_bicornis,Rhizoctonia_bicornis,MN265834,SH1263194.09FU,reps,k__Fungi,OTU1155.p__Basidiomycota.g__Rhizoctonia
1126,OTU1156,335,1,274,533,259,533,82,496,1.25e-139,99.273,p__Mortierellomycota,c__Mortierellomycetes,o__Mortierellales,f__Mortierellales_fam_Incertae_sedis,g__Mortierellales_gen_Incertae_sedis,s__Mortierellales_sp,Mortierellales_sp,UDB04946818,SH0936592.09FU,reps,k__Fungi,OTU1156.p__Mortierellomycota.g__Mortierellales_gen_Incertae_sedis
1127,OTU1157,351,304,346,581,484,527,12,63.9,1.58e-09,93.182,p__Ascomycota,c__Leotiomycetes,o__Helotiales,f__Dermateaceae,g__Pezicula,s__Pezicula_radicicola,Pezicula_radicicola,FJ179465,SH0975489.09FU,reps,k__Fungi,OTU1157.p__Ascomycota.g__Pezicula
1128,OTU1158,444,1,57,512,209,265,13,100,1.54e-20,98.246,p__Fungi_phy_Incertae_sedis,c__Fungi_cls_Incertae_sedis,o__Fungi_ord_Incertae_sedis,f__Fungi_fam_Incertae_sedis,g__Fungi_gen_Incertae_sedis,s__Fungi_sp,Fungi_sp,UDB0465232,SH1231662.09FU,reps,k__Fungi,OTU1158.p__Fungi_phy_Incertae_sedis.g__Fungi_gen_Incertae_sedis
1129,OTU1159,328,1,267,593,326,593,81,444,4.48e-124,96.667,p__Mucoromycota,c__Umbelopsidomycetes,o__GS23,f__GS23_fam_Incertae_sedis,g__GS23_gen_Incertae_sedis,s__GS23_sp,GS23_sp,UDB02461033,SH1209957.09FU,reps,k__Fungi,OTU1159.p__Mucoromycota.g__GS23_gen_Incertae_sedis
1130,OTU1160,315,1,254,458,203,458,81,427,4.31e-119,96.875,p__Glomeromycota,c__Glomeromycetes,o__Glomerales,f__Glomeraceae,g__Glomeraceae_gen_Incertae_sedis,s__Glomeraceae_sp,Glomeraceae_sp,UDB03133728,SH1035546.09FU,reps,k__Fungi,OTU1160.p__Glomeromycota.g__Glomeraceae_gen_Incertae_sedis
1131,OTU1163,323,1,260,501,240,499,80,431,3.43e-120,96.552,p__Ascomycota,c__Sordariomycetes,o__Lulworthiales,f__Lulworthiaceae,g__Lulworthiaceae_gen_Incertae_sedis,s__Lulworthiaceae_sp,Lulworthiaceae_sp,UDB03144079,SH0937533.09FU,reps,k__Fungi,OTU1163.p__Ascomycota.g__Lulworthiaceae_gen_Incertae_sedis
1132,OTU1164,349,1,289,752,466,752,83,516,1e-145,98.962,p__Ascomycota,c__Saccharomycetes,o__Saccharomycetales,f__Saccharomycetaceae,g__Saccharomyces,s__Saccharomyces_paradoxus,Saccharomyces_paradoxus,KY105208,SH3077309.09FU,refs,k__Fungi,OTU1164.p__Ascomycota.g__Saccharomyces
1133,OTU1166,272,1,212,491,280,491,78,387,6.27e-107,99.528,p__Ascomycota,c__Sordariomycetes,o__Xylariales,f__Xylariaceae,g__Nemania,s__Nemania_bipapillata,Nemania_bipapillata,HQ435670,SH0986432.09FU,reps,k__Fungi,OTU1166.p__Ascomycota.g__Nemania
1134,OTU1167,269,1,209,506,298,506,78,387,6.2e-107,100,p__Ascomycota,c__Eurotiomycetes,o__Onygenales,f__Onygenales_fam_Incertae_sedis,g__Onygenales_gen_Incertae_sedis,s__Onygenales_sp,Onygenales_sp,HG328122,SH0945181.09FU,reps,k__Fungi,OTU1167.p__Ascomycota.g__Onygenales_gen_Incertae_sedis
1135,OTU1168,275,1,205,498,287,487,75,287,6.62e-77,92.271,p__Ascomycota,c__Sordariomycetes,o__Hypocreales,f__Ophiocordycipitaceae,g__Drechmeria,s__Drechmeria_campanulata,Drechmeria_campanulata,AJ292416,SH0976328.09FU,refs,k__Fungi,OTU1168.p__Ascomycota.g__Drechmeria
1136,OTU1169,384,1,323,598,277,598,84,534,3.06e-151,96.615,p__Basidiobolomycota,c__Basidiobolomycetes,o__Basidiobolales,f__Basidiobolaceae,g__Basidiobolus,s__Basidiobolus_sp,Basidiobolus_sp,UDB01481530,SH1250542.09FU,reps,k__Fungi,OTU1169.p__Basidiobolomycota.g__Basidiobolus
1137,OTU1170,288,1,245,598,355,598,85,296,1.16e-79,88.618,p__Ascomycota,c__Eurotiomycetes,o__Chaetothyriales,f__Trichomeriaceae,g__Trichomerium,s__Trichomerium_lapideum,Trichomerium_lapideum,KP174850,SH1253658.09FU,refs,k__Fungi,OTU1170.p__Ascomycota.g__Trichomerium
1138,OTU1171,235,1,175,386,212,386,74,324,4.24e-88,100,p__Basidiomycota,c__Tremellomycetes,o__Tremellales,f__Bulleribasidiaceae,g__Bulleribasidium,s__Bulleribasidium_panici,Bulleribasidium_panici,AY188386,SH1069071.09FU,refs,k__Fungi,OTU1171.p__Basidiomycota.g__Bulleribasidium
1139,OTU1172,295,1,235,554,320,554,80,435,2.4e-121,100,p__Ascomycota,c__Sordariomycetes,o__Hypocreales,f__Clavicipitaceae,g__Ustilaginoidea,s__Ustilaginoidea_virens,Ustilaginoidea_virens,LC474612,SH1270307.09FU,refs,k__Fungi,OTU1172.p__Ascomycota.g__Ustilaginoidea
1140,OTU1173,295,1,236,525,285,525,80,396,1.13e-109,96.68,p__Ascomycota,c__Sordariomycetes,o__Savoryellales,f__Savoryellaceae,g__Savoryellaceae_gen_Incertae_sedis,s__Savoryellaceae_sp,Savoryellaceae_sp,UDB06557300,SH0949479.09FU,reps,k__Fungi,OTU1173.p__Ascomycota.g__Savoryellaceae_gen_Incertae_sedis
1141,OTU1174,361,314,359,1125,57,12,13,69.4,3.49e-11,93.478,p__Ascomycota,c__Sordariomycetes,o__Hypocreales,f__Nectriaceae,g__Fusarium,s__Fusarium_oxysporum,Fusarium_oxysporum,UDB041458,SH1099032.09FU,reps,k__Fungi,OTU1174.p__Ascomycota.g__Fusarium
1142,OTU1175,267,1,206,462,257,462,77,320,6.32e-87,94.66,p__Ascomycota,c__Dothideomycetes,o__Pleosporales,f__Lentitheciaceae,g__Keissleriella,s__Keissleriella_sp,Keissleriella_sp,UDB02293551,SH0994107.09FU,reps,k__Fungi,OTU1175.p__Ascomycota.g__Keissleriella
1143,OTU1176,370,335,368,758,512,545,9,63.9,1.67e-09,100,p__Basidiomycota,c__Agaricomycetes,o__Auriculariales,f__Auriculariales_fam_Incertae_sedis,g__Auriculariales_gen_Incertae_sedis,s__Auriculariales_sp,Auriculariales_sp,JQ272342,SH0954825.09FU,reps,k__Fungi,OTU1176.p__Basidiomycota.g__Auriculariales_gen_Incertae_sedis
1144,OTU1177,286,1,217,519,297,510,76,215,3.31e-55,84.862,p__Fungi_phy_Incertae_sedis,c__Fungi_cls_Incertae_sedis,o__Fungi_ord_Incertae_sedis,f__Fungi_fam_Incertae_sedis,g__Fungi_gen_Incertae_sedis,s__Fungi_sp,Fungi_sp,UDB0539423,SH0959836.09FU,reps,k__Fungi,OTU1177.p__Fungi_phy_Incertae_sedis.g__Fungi_gen_Incertae_sedis
1145,OTU1179,267,1,198,486,278,475,74,311,3.81e-84,94.949,p__Ascomycota,c__Sordariomycetes,o__Coniochaetales,f__Coniochaetales_fam_Incertae_sedis,g__Coniochaetales_gen_Incertae_sedis,s__Coniochaetales_sp,Coniochaetales_sp,UDB04111536,SH0905744.09FU,reps,k__Fungi,OTU1179.p__Ascomycota.g__Coniochaetales_gen_Incertae_sedis
1146,OTU1180,173,1,165,514,435,271,95,294,2.35e-79,98.788,p__Ascomycota,c__Dothideomycetes,o__Pleosporales,f__Lentitheciaceae,g__Darksidea,s__Darksidea_alpha,Darksidea_alpha,KP183998,SH2284139.09FU,refs,k__Fungi,OTU1180.p__Ascomycota.g__Darksidea
1147,OTU1181,307,1,246,596,351,596,80,455,1.92e-127,100,p__Basidiomycota,c__Agaricomycetes,o__Agaricales,f__Psathyrellaceae,g__Parasola,s__Parasola_sp,Parasola_sp,UDB03694213,SH1213178.09FU,reps,k__Fungi,OTU1181.p__Basidiomycota.g__Parasola
1148,OTU1182,293,1,232,530,299,530,79,429,1.11e-119,100,p__Ascomycota,c__Sordariomycetes,o__Hypocreales,f__Hypocreales_fam_Incertae_sedis,g__Gliocladium,s__Gliocladium_sp,Gliocladium_sp,UDB03103765,SH1090141.09FU,reps,k__Fungi,OTU1182.p__Ascomycota.g__Gliocladium
1149,OTU1183,344,57,336,602,602,323,81,470,7.77e-132,96.786,p__Basidiomycota,c__Agaricomycetes,o__Agaricales,f__Psathyrellaceae,g__Coprinopsis,s__Coprinopsis_afronivea,Coprinopsis_afronivea,KX017208,SH1217835.09FU,refs,k__Fungi,OTU1183.p__Basidiomycota.g__Coprinopsis
1150,OTU1184,358,1,59,617,335,394,16,99,4.41e-20,96.667,p__Chytridiomycota,c__Spizellomycetes,o__Spizellomycetales,f__Spizellomycetales_fam_Incertae_sedis,g__Spizellomycetales_gen_Incertae_sedis,s__Spizellomycetales_sp,Spizellomycetales_sp,UDB07387082,SH1208318.09FU,reps,k__Fungi,OTU1184.p__Chytridiomycota.g__Spizellomycetales_gen_Incertae_sedis
1151,OTU1185,343,296,341,1125,57,12,13,69.4,3.3e-11,93.478,p__Ascomycota,c__Sordariomycetes,o__Hypocreales,f__Nectriaceae,g__Fusarium,s__Fusarium_oxysporum,Fusarium_oxysporum,UDB041458,SH1099032.09FU,reps,k__Fungi,OTU1185.p__Ascomycota.g__Fusarium
1152,OTU1186,278,1,217,470,254,470,78,396,1.07e-109,99.539,p__Ascomycota,c__Pezizomycotina_cls_Incertae_sedis,o__Pezizomycotina_ord_Incertae_sedis,f__Pezizomycotina_fam_Incertae_sedis,g__Arcuadendron,s__Arcuadendron_sp,Arcuadendron_sp,UDB01266897,SH1029062.09FU,reps,k__Fungi,OTU1186.p__Ascomycota.g__Arcuadendron
1153,OTU1187,320,1,280,528,249,528,88,512,1.18e-144,99.643,p__Basidiomycota,c__Microbotryomycetes,o__Sporidiobolales,f__Sporidiobolaceae,g__Sporobolomyces,s__Sporobolomyces_bannaensis,Sporobolomyces_bannaensis,AY274824,SH0882321.09FU,refs,k__Fungi,OTU1187.p__Basidiomycota.g__Sporobolomyces
1154,OTU1188,284,1,223,524,302,524,79,390,5.08e-108,98.206,p__Ascomycota,c__Eurotiomycetes,o__Onygenales,f__Onygenales_fam_Incertae_sedis,g__Onygenales_gen_Incertae_sedis,s__Onygenales_sp,Onygenales_sp,UDB02531558,SH0915302.09FU,reps,k__Fungi,OTU1188.p__Ascomycota.g__Onygenales_gen_Incertae_sedis
1155,OTU1189,265,1,204,474,272,474,77,348,2.88e-95,97.549,p__Ascomycota,c__Ascomycota_cls_Incertae_sedis,o__Ascomycota_ord_Incertae_sedis,f__Ascomycota_fam_Incertae_sedis,g__Ascomycota_gen_Incertae_sedis,s__Ascomycota_sp,Ascomycota_sp,UDB01370368,SH0970984.09FU,reps,k__Fungi,OTU1189.p__Ascomycota.g__Ascomycota_gen_Incertae_sedis
1156,OTU1190,293,234,291,943,67,10,20,102,2.74e-21,98.276,p__Basidiomycota,c__Agaricomycetes,o__Agaricales,f__Inocybaceae,g__Inocybe,s__Inocybe_sp,Inocybe_sp,UDB0125874,SH1322845.09FU,reps,k__Fungi,OTU1190.p__Basidiomycota.g__Inocybe
1157,OTU1191,269,3,207,645,440,645,76,357,4.86e-98,98.058,p__Ascomycota,c__Dothideomycetes,o__Pleosporales,f__Phaeosphaeriaceae,g__Phaeosphaeria,s__Phaeosphaeria_sp,Phaeosphaeria_sp,UDB04498483,SH1098771.09FU,reps,k__Fungi,OTU1191.p__Ascomycota.g__Phaeosphaeria
1158,OTU1192,266,1,205,451,247,451,77,379,1.02e-104,100,p__Ascomycota,c__Dothideomycetes,o__Mycosphaerellales,f__Teratosphaeriaceae,g__Hyweljonesia,s__Hyweljonesia_sp,Hyweljonesia_sp,UDB03584842,SH1084591.09FU,reps,k__Fungi,OTU1192.p__Ascomycota.g__Hyweljonesia
1159,OTU1193,271,2,210,478,268,478,77,366,8.14e-101,98.104,p__Basidiomycota,c__Exobasidiomycetes,o__Exobasidiales,f__Exobasidiales_fam_Incertae_sedis,g__Exobasidiales_gen_Incertae_sedis,s__Exobasidiales_sp,Exobasidiales_sp,UDB01957495,SH1176570.09FU,reps,k__Fungi,OTU1193.p__Basidiomycota.g__Exobasidiales_gen_Incertae_sedis
1160,OTU1194,306,1,245,599,356,599,80,440,5.37e-123,99.184,p__Fungi_phy_Incertae_sedis,c__Fungi_cls_Incertae_sedis,o__Fungi_ord_Incertae_sedis,f__Fungi_fam_Incertae_sedis,g__Fungi_gen_Incertae_sedis,s__Fungi_sp,Fungi_sp,MN603006,SH0933502.09FU,reps,k__Fungi,OTU1194.p__Fungi_phy_Incertae_sedis.g__Fungi_gen_Incertae_sedis
1161,OTU1195,313,1,255,450,195,450,81,455,1.97e-127,98.828,p__Glomeromycota,c__Glomeromycetes,o__Glomerales,f__Glomeraceae,g__Glomus,s__Glomus_sp,Glomus_sp,UDB03159578,SH0958668.09FU,reps,k__Fungi,OTU1195.p__Glomeromycota.g__Glomus
1162,OTU1196,367,1,204,572,278,479,56,137,9.6e-32,79.524,p__Basidiomycota,c__Exobasidiomycetes,o__Entylomatales,f__Entylomataceae,g__Entyloma,s__Entyloma_polysporum,Entyloma_polysporum,AY081046,SH1087860.09FU,reps,k__Fungi,OTU1196.p__Basidiomycota.g__Entyloma
1163,OTU1197,261,1,201,463,262,463,77,361,3.63e-99,99.01,p__Ascomycota,c__Leotiomycetes,o__Helotiales,f__Helotiales_fam_Incertae_sedis,g__Helotiales_gen_Incertae_sedis,s__Helotiales_sp,Helotiales_sp,JN859279,SH2726606.09FU,refs,k__Fungi,OTU1197.p__Ascomycota.g__Helotiales_gen_Incertae_sedis
1164,OTU1198,405,3,344,604,263,604,84,627,5.19e-179,99.708,p__Mortierellomycota,c__Mortierellomycetes,o__Mortierellales,f__Mortierellaceae,g__Mortierella,s__Mortierella_sp,Mortierella_sp,UDB04771194,SH1196055.09FU,reps,k__Fungi,OTU1198.p__Mortierellomycota.g__Mortierella
1165,OTU1199,292,37,284,504,504,259,85,435,2.37e-121,98.387,p__Ascomycota,c__Sordariomycetes,o__Sordariales,f__Chaetomiaceae,g__Chaetomium,s__Chaetomium_nepalense,Chaetomium_nepalense,MH861591,SH2145427.09FU,refs,k__Fungi,OTU1199.p__Ascomycota.g__Chaetomium
1166,OTU1200,270,1,209,462,254,462,77,364,2.92e-100,98.086,p__Ascomycota,c__Ascomycota_cls_Incertae_sedis,o__Ascomycota_ord_Incertae_sedis,f__Ascomycota_fam_Incertae_sedis,g__Ascomycota_gen_Incertae_sedis,s__Ascomycota_sp,Ascomycota_sp,UDB01382911,SH1046127.09FU,reps,k__Fungi,OTU1200.p__Ascomycota.g__Ascomycota_gen_Incertae_sedis
1167,OTU1201,289,1,228,507,280,507,79,416,8.5e-116,99.561,p__Ascomycota,c__Sordariomycetes,o__Hypocreales,f__Stachybotryaceae,g__Stachybotryaceae_gen_Incertae_sedis,s__Stachybotryaceae_sp,Stachybotryaceae_sp,UDB07564816,SH1074261.09FU,reps,k__Fungi,OTU1201.p__Ascomycota.g__Stachybotryaceae_gen_Incertae_sedis
1168,OTU1202,402,1,341,660,320,660,85,608,1.87e-173,98.827,p__Basidiomycota,c__Ustilaginomycetes,o__Ustilaginales,f__Ustilaginaceae,g__Ustilaginaceae_gen_Incertae_sedis,s__Ustilaginaceae_sp,Ustilaginaceae_sp,UDB05238169,SH1089506.09FU,reps,k__Fungi,OTU1202.p__Basidiomycota.g__Ustilaginaceae_gen_Incertae_sedis
1169,OTU1203,259,1,198,456,260,456,76,353,6.03e-97,98.99,p__Ascomycota,c__Leotiomycetes,o__Helotiales,f__Hyaloscyphaceae,g__Cistella,s__Cistella_sp,Cistella_sp,UDB02667937,SH0989652.09FU,reps,k__Fungi,OTU1203.p__Ascomycota.g__Cistella
1170,OTU1204,303,245,301,1125,68,12,19,67.6,1.04e-10,87.719,p__Ascomycota,c__Sordariomycetes,o__Hypocreales,f__Nectriaceae,g__Fusarium,s__Fusarium_oxysporum,Fusarium_oxysporum,UDB041458,SH1099032.09FU,reps,k__Fungi,OTU1204.p__Ascomycota.g__Fusarium
1171,OTU1205,350,1,290,570,281,570,83,525,1.67e-148,99.31,p__Fungi_phy_Incertae_sedis,c__Fungi_cls_Incertae_sedis,o__Fungi_ord_Incertae_sedis,f__Fungi_fam_Incertae_sedis,g__Fungi_gen_Incertae_sedis,s__Fungi_sp,Fungi_sp,UDB02160535,SH1304318.09FU,reps,k__Fungi,OTU1205.p__Fungi_phy_Incertae_sedis.g__Fungi_gen_Incertae_sedis
1172,OTU1206,411,1,371,704,328,704,90,614,4.11e-175,96.306,p__Basidiomycota,c__Ustilaginomycetes,o__Ustilaginales,f__Ustilaginaceae,g__Moesziomyces,s__Moesziomyces_antarcticus,Moesziomyces_antarcticus,KY104282,SH3438093.09FU,refs,k__Fungi,OTU1206.p__Basidiomycota.g__Moesziomyces
1173,OTU1207,297,1,236,500,262,500,79,416,8.76e-116,98.326,p__Ascomycota,c__Sordariomycetes,o__Microascales,f__Microascaceae,g__Microascaceae_gen_Incertae_sedis,s__Microascaceae_sp,Microascaceae_sp,UDB04139928,SH1097074.09FU,reps,k__Fungi,OTU1207.p__Ascomycota.g__Microascaceae_gen_Incertae_sedis
1174,OTU1208,282,1,222,507,286,507,79,411,3.87e-114,100,p__Ascomycota,c__Eurotiomycetes,o__Eurotiales,f__Aspergillaceae,g__Aspergillus,s__Aspergillus_magaliesburgensis,Aspergillus_magaliesburgensis,MK450649,SH3213999.09FU,refs,k__Fungi,OTU1208.p__Ascomycota.g__Aspergillus
1175,OTU1209,321,274,319,1125,57,12,14,69.4,3.07e-11,93.478,p__Ascomycota,c__Sordariomycetes,o__Hypocreales,f__Nectriaceae,g__Fusarium,s__Fusarium_oxysporum,Fusarium_oxysporum,UDB041458,SH1099032.09FU,reps,k__Fungi,OTU1209.p__Ascomycota.g__Fusarium
1176,OTU1211,263,1,203,467,265,467,77,359,1.32e-98,98.522,p__Ascomycota,c__Leotiomycetes,o__Helotiales,f__Helotiales_fam_Incertae_sedis,g__Helotiales_gen_Incertae_sedis,s__Helotiales_sp,Helotiales_sp,UDB0293558,SH0979070.09FU,reps,k__Fungi,OTU1211.p__Ascomycota.g__Helotiales_gen_Incertae_sedis
1177,OTU1212,258,1,160,452,255,414,62,207,4.95e-53,90.123,p__Ascomycota,c__Dothideomycetes,o__Capnodiales,f__Capnodiales_fam_Incertae_sedis,g__Capnodiales_gen_Incertae_sedis,s__Capnodiales_sp,Capnodiales_sp,UDB01615018,SH1021254.09FU,reps,k__Fungi,OTU1212.p__Ascomycota.g__Capnodiales_gen_Incertae_sedis
1178,OTU1213,305,257,303,758,499,545,15,76.8,1.74e-13,95.745,p__Basidiomycota,c__Agaricomycetes,o__Auriculariales,f__Auriculariales_fam_Incertae_sedis,g__Auriculariales_gen_Incertae_sedis,s__Auriculariales_sp,Auriculariales_sp,JQ272342,SH0954825.09FU,reps,k__Fungi,OTU1213.p__Basidiomycota.g__Auriculariales_gen_Incertae_sedis
1179,OTU1214,284,1,223,547,326,547,79,399,8.45e-111,99.103,p__Ascomycota,c__Eurotiomycetes,o__Onygenales,f__Onygenaceae,g__Amauroascus,s__Amauroascus_kuehnii,Amauroascus_kuehnii,AJ271417,SH0901105.09FU,refs,k__Fungi,OTU1214.p__Ascomycota.g__Amauroascus
1180,OTU1215,347,300,345,758,500,545,13,69.4,3.34e-11,93.478,p__Basidiomycota,c__Agaricomycetes,o__Auriculariales,f__Auriculariales_fam_Incertae_sedis,g__Auriculariales_gen_Incertae_sedis,s__Auriculariales_sp,Auriculariales_sp,JQ272342,SH0954825.09FU,reps,k__Fungi,OTU1215.p__Basidiomycota.g__Auriculariales_gen_Incertae_sedis
1181,OTU1217,320,1,187,573,308,496,58,187,8.11e-47,84.737,p__Rozellomycota,c__Rozellomycota_cls_Incertae_sedis,o__Rozellomycota_ord_Incertae_sedis,f__Rozellomycota_fam_Incertae_sedis,g__Rozellomycota_gen_Incertae_sedis,s__Rozellomycota_sp,Rozellomycota_sp,UDB05342079,SH1119629.09FU,reps,k__Fungi,OTU1217.p__Rozellomycota.g__Rozellomycota_gen_Incertae_sedis
1182,OTU1218,379,344,377,758,512,545,9,63.9,1.71e-09,100,p__Basidiomycota,c__Agaricomycetes,o__Auriculariales,f__Auriculariales_fam_Incertae_sedis,g__Auriculariales_gen_Incertae_sedis,s__Auriculariales_sp,Auriculariales_sp,JQ272342,SH0954825.09FU,reps,k__Fungi,OTU1218.p__Basidiomycota.g__Auriculariales_gen_Incertae_sedis
1183,OTU1219,261,1,200,484,285,484,77,364,2.81e-100,99.5,p__Ascomycota,c__Dothideomycetes,o__Mycosphaerellales,f__Mycosphaerellaceae,g__Mycosphaerella,s__Mycosphaerella_sp,Mycosphaerella_sp,UDB01815083,SH0963606.09FU,reps,k__Fungi,OTU1219.p__Ascomycota.g__Mycosphaerella
1184,OTU1220,258,1,197,455,259,455,76,353,6e-97,98.985,p__Ascomycota,c__Dothideomycetes,o__Mycosphaerellales,f__Teratosphaeriaceae,g__Devriesia,s__Devriesia_sp,Devriesia_sp,UDB05109604,SH0993830.09FU,reps,k__Fungi,OTU1220.p__Ascomycota.g__Devriesia
1185,OTU1221,371,1,68,652,361,427,18,108,7.62e-23,95.588,p__Chytridiomycota,c__Spizellomycetes,o__Spizellomycetales,f__Powellomycetaceae,g__Fimicolochytrium,s__Fimicolochytrium_sp,Fimicolochytrium_sp,UDB02044807,SH1200288.09FU,reps,k__Fungi,OTU1221.p__Chytridiomycota.g__Fimicolochytrium
1186,OTU1222,317,1,257,469,212,469,81,470,7.12e-132,99.612,p__Glomeromycota,c__Glomeromycetes,o__Glomerales,f__Glomeraceae,g__Rhizophagus,s__Rhizophagus_intraradices,Rhizophagus_intraradices,JF439107,SH0908036.09FU,reps,k__Fungi,OTU1222.p__Glomeromycota.g__Rhizophagus
1187,OTU1223,268,1,208,482,275,482,78,368,2.24e-101,98.565,p__Ascomycota,c__Sordariomycetes,o__Sordariales,f__Podosporaceae,g__Podospora,s__Podospora_striatispora,Podospora_striatispora,MT784137,SH0945392.09FU,refs,k__Fungi,OTU1223.p__Ascomycota.g__Podospora
1188,OTU1225,273,1,212,491,280,491,78,381,2.93e-105,99.057,p__Ascomycota,c__Sordariomycetes,o__Sordariales,f__Podosporaceae,g__Cladorrhinum,s__Cladorrhinum_flexuosum,Cladorrhinum_flexuosum,UDB03063171,SH0945414.09FU,reps,k__Fungi,OTU1225.p__Ascomycota.g__Cladorrhinum
1189,OTU1226,320,1,255,640,381,637,80,379,1.25e-104,93.411,p__Basidiomycota,c__Agaricomycetes,o__Agaricales,f__Bolbitiaceae,g__Conocybe,s__Conocybe_sp,Conocybe_sp,UDB04138036,SH1182653.09FU,reps,k__Fungi,OTU1226.p__Basidiomycota.g__Conocybe
1190,OTU1227,351,1,285,483,194,483,81,425,1.74e-118,93.493,p__Glomeromycota,c__Glomeromycetes,o__Glomerales,f__Claroideoglomeraceae,g__Claroideoglomus,s__Claroideoglomus_sp,Claroideoglomus_sp,UDB03120009,SH1080297.09FU,reps,k__Fungi,OTU1227.p__Glomeromycota.g__Claroideoglomus
1191,OTU1229,323,1,263,471,210,471,81,435,2.65e-121,96.591,p__Glomeromycota,c__Glomeromycetes,o__Glomerales,f__Glomeraceae,g__Rhizophagus,s__Rhizophagus_irregularis,Rhizophagus_irregularis,FM865613,SH0908008.09FU,refs,k__Fungi,OTU1229.p__Glomeromycota.g__Rhizophagus
1192,OTU1230,332,1,272,658,384,658,82,416,9.88e-116,94.182,p__Basidiomycota,c__Agaricomycetes,o__Agaricales,f__Clavariaceae,g__Camarophyllopsis,s__Camarophyllopsis_sp,Camarophyllopsis_sp,UDB01599202,SH1196424.09FU,reps,k__Fungi,OTU1230.p__Basidiomycota.g__Camarophyllopsis
1193,OTU1231,386,1,99,568,320,416,26,143,2.18e-33,92.929,p__Ascomycota,c__Ascomycota_cls_Incertae_sedis,o__Ascomycota_ord_Incertae_sedis,f__Ascomycota_fam_Incertae_sedis,g__Ascomycota_gen_Incertae_sedis,s__Ascomycota_sp,Ascomycota_sp,UDB01357030,SH0895936.09FU,reps,k__Fungi,OTU1231.p__Ascomycota.g__Ascomycota_gen_Incertae_sedis
1194,OTU1232,317,1,276,531,257,531,87,403,7.32e-112,93.141,p__Basidiomycota,c__Cystobasidiomycetes,o__Cystobasidiales,f__Cystobasidiaceae,g__Cystobasidium,s__Cystobasidium_slooffiae,Cystobasidium_slooffiae,MT988261,SH1223334.09FU,reps,k__Fungi,OTU1232.p__Basidiomycota.g__Cystobasidium
1195,OTU1233,278,1,215,502,287,501,77,315,3.07e-85,93.119,p__Ascomycota,c__Dothideomycetes,o__Venturiales,f__Venturiales_fam_Incertae_sedis,g__Venturiales_gen_Incertae_sedis,s__Venturiales_sp,Venturiales_sp,UDB07295975,SH0897022.09FU,reps,k__Fungi,OTU1233.p__Ascomycota.g__Venturiales_gen_Incertae_sedis
1196,OTU1234,276,1,215,512,298,512,78,387,6.37e-107,99.07,p__Ascomycota,c__Pezizomycetes,o__Pezizales,f__Pyronemataceae,g__Scutellinia,s__Scutellinia_sp,Scutellinia_sp,UDB06706371,SH1290503.09FU,reps,k__Fungi,OTU1234.p__Ascomycota.g__Scutellinia
1197,OTU1235,418,350,416,1342,690,625,16,95.3,6.73e-19,92.537,p__Chytridiomycota,c__Rhizophydiomycetes,o__Rhizophydiales,f__Rhizophydiales_fam_Incertae_sedis,g__Rhizophydiales_gen_Incertae_sedis,s__Rhizophydiales_sp,Rhizophydiales_sp,UDB0641656,SH1257715.09FU,reps,k__Fungi,OTU1235.p__Chytridiomycota.g__Rhizophydiales_gen_Incertae_sedis
1198,OTU1236,261,1,201,482,278,482,77,248,2.95e-65,88.78,p__Ascomycota,c__Dothideomycetes,o__Mycosphaerellales,f__Teratosphaeriaceae,g__Parapenidiella,s__Parapenidiella_pseudotasmaniensis,Parapenidiella_pseudotasmaniensis,GQ852749,SH1153912.09FU,refs,k__Fungi,OTU1236.p__Ascomycota.g__Parapenidiella
1199,OTU1238,270,1,196,453,247,438,73,248,3.06e-65,89.848,p__Ascomycota,c__Dothideomycetes,o__Mycosphaerellales,f__Teratosphaeriaceae,g__Hyweljonesia,s__Hyweljonesia_queenslandica,Hyweljonesia_queenslandica,KY173476,SH1708645.09FU,refs_singleton,k__Fungi,OTU1238.p__Ascomycota.g__Hyweljonesia
1200,OTU1239,303,1,243,434,192,434,80,449,8.82e-126,100,p__Ascomycota,c__Sordariomycetes,o__Microascales,f__Microascaceae,g__Microascaceae_gen_Incertae_sedis,s__Microascaceae_sp,Microascaceae_sp,MH860051,SH1204983.09FU,reps,k__Fungi,OTU1239.p__Ascomycota.g__Microascaceae_gen_Incertae_sedis
1201,OTU1240,317,1,256,492,241,492,81,342,1.62e-93,91.016,p__Basidiomycota,c__Agaricomycetes,o__Thelephorales,f__Thelephorales_fam_Incertae_sedis,g__Thelephorales_gen_Incertae_sedis,s__Thelephorales_sp,Thelephorales_sp,UDB05526983,SH0963533.09FU,reps,k__Fungi,OTU1240.p__Basidiomycota.g__Thelephorales_gen_Incertae_sedis
1202,OTU1241,282,1,242,513,260,499,86,401,2.33e-111,96.694,p__Ascomycota,c__Sordariomycetes,o__Hypocreales,f__Bionectriaceae,g__Clonostachys,s__Clonostachys_krabiensis,Clonostachys_krabiensis,MH388335,SH3170534.09FU,refs,k__Fungi,OTU1241.p__Ascomycota.g__Clonostachys
1203,OTU1242,356,1,295,498,202,498,83,525,1.7e-148,98.653,p__Glomeromycota,c__Glomeromycetes,o__Glomerales,f__Glomeraceae,g__Funneliformis,s__Funneliformis_sp,Funneliformis_sp,UDB02179141,SH1274920.09FU,reps,k__Fungi,OTU1242.p__Glomeromycota.g__Funneliformis
1204,OTU1243,273,1,213,516,304,516,78,361,3.82e-99,97.183,p__Ascomycota,c__Eurotiomycetes,o__Eurotiomycetes_ord_Incertae_sedis,f__Eurotiomycetes_fam_Incertae_sedis,g__Eurotiomycetes_gen_Incertae_sedis,s__Eurotiomycetes_sp,Eurotiomycetes_sp,UDB01949635,SH0917315.09FU,reps,k__Fungi,OTU1243.p__Ascomycota.g__Eurotiomycetes_gen_Incertae_sedis
1205,OTU1244,416,1,354,765,427,764,85,379,1.65e-104,86.798,p__Chytridiomycota,c__Rhizophlyctidomycetes,o__Rhizophlyctidales,f__Rhizophlyctidales_fam_Incertae_sedis,g__Rhizophlyctidales_gen_Incertae_sedis,s__Rhizophlyctidales_sp,Rhizophlyctidales_sp,UDB06401040,SH1191519.09FU,reps,k__Fungi,OTU1244.p__Chytridiomycota.g__Rhizophlyctidales_gen_Incertae_sedis
1206,OTU1245,258,1,198,459,262,459,77,361,3.59e-99,99.495,p__Ascomycota,c__Leotiomycetes,o__Helotiales,f__Hyaloscyphaceae,g__Cistella,s__Cistella_sp,Cistella_sp,EU520606,SH0990255.09FU,reps,k__Fungi,OTU1245.p__Ascomycota.g__Cistella
1207,OTU1246,339,283,334,581,475,527,15,52.8,3.28e-06,84.906,p__Ascomycota,c__Leotiomycetes,o__Helotiales,f__Dermateaceae,g__Pezicula,s__Pezicula_radicicola,Pezicula_radicicola,FJ179465,SH0975489.09FU,reps,k__Fungi,OTU1246.p__Ascomycota.g__Pezicula
1208,OTU1248,298,1,237,441,206,441,80,370,6.94e-102,94.979,p__Glomeromycota,c__Glomeromycetes,o__Glomerales,f__Glomeraceae,g__Glomus,s__Glomus_sp,Glomus_sp,UDB03150844,SH1030969.09FU,reps,k__Fungi,OTU1248.p__Glomeromycota.g__Glomus
1209,OTU1249,293,1,233,513,281,513,80,414,3.1e-115,98.718,p__Ascomycota,c__Sordariomycetes,o__Hypocreales,f__Hypocreales_fam_Incertae_sedis,g__Trichothecium,s__Trichothecium_crotocinigenum,Trichothecium_crotocinigenum,AJ621773,SH1298977.09FU,refs,k__Fungi,OTU1249.p__Ascomycota.g__Trichothecium
1210,OTU1250,288,1,227,514,288,514,79,414,3.06e-115,99.559,p__Ascomycota,c__Dothideomycetes,o__Dothideomycetes_ord_Incertae_sedis,f__Dothideomycetes_fam_Incertae_sedis,g__Dothideomycetes_gen_Incertae_sedis,s__Dothideomycetes_sp,Dothideomycetes_sp,UDB07445831,SH0903128.09FU,reps,k__Fungi,OTU1250.p__Ascomycota.g__Dothideomycetes_gen_Incertae_sedis
1211,OTU1251,265,1,205,491,287,491,77,379,1.02e-104,100,p__Ascomycota,c__Dothideomycetes,o__Pleosporales,f__Pleosporales_fam_Incertae_sedis,g__Pleosporales_gen_Incertae_sedis,s__Pleosporales_sp,Pleosporales_sp,MT679688,SH0945202.09FU,reps,k__Fungi,OTU1251.p__Ascomycota.g__Pleosporales_gen_Incertae_sedis
1212,OTU1252,322,1,265,520,226,517,82,176,1.77e-43,79.599,p__Glomeromycota,c__Glomeromycetes,o__Glomerales,f__Glomeraceae,g__Glomeraceae_gen_Incertae_sedis,s__Glomeraceae_sp,Glomeraceae_sp,UDB03124228,SH0947274.09FU,reps,k__Fungi,OTU1252.p__Glomeromycota.g__Glomeraceae_gen_Incertae_sedis
1213,OTU1253,280,1,219,523,305,523,78,394,3.87e-109,99.087,p__Ascomycota,c__Dothideomycetes,o__Pleosporales,f__Pleosporaceae,g__Curvularia,s__Curvularia_xishuangbannaensis,Curvularia_xishuangbannaensis,MH275058,SH3803098.09FU,refs,k__Fungi,OTU1253.p__Ascomycota.g__Curvularia
1214,OTU1254,324,1,264,537,273,537,81,433,9.56e-121,96.226,p__Basidiomycota,c__Agaricomycetes,o__Sebacinales,f__Serendipitaceae,g__Serendipita,s__Serendipita_sp,Serendipita_sp,UDB07004477,SH1235115.09FU,reps,k__Fungi,OTU1254.p__Basidiomycota.g__Serendipita
1215,OTU1255,350,1,290,637,348,637,83,531,3.58e-150,99.655,p__Chytridiomycota,c__Spizellomycetes,o__Spizellomycetales,f__Powellomycetaceae,g__Fimicolochytrium,s__Fimicolochytrium_sp,Fimicolochytrium_sp,MT730804,SH1200284.09FU,reps,k__Fungi,OTU1255.p__Chytridiomycota.g__Fimicolochytrium
1216,OTU1256,383,1,58,621,342,401,15,71.3,1.03e-11,88.333,p__Chytridiomycota,c__Spizellomycetes,o__Spizellomycetales,f__Spizellomycetales_fam_Incertae_sedis,g__Spizellomycetales_gen_Incertae_sedis,s__Spizellomycetales_sp,Spizellomycetales_sp,UDB042544,SH1182214.09FU,reps,k__Fungi,OTU1256.p__Chytridiomycota.g__Spizellomycetales_gen_Incertae_sedis
1217,OTU1257,263,1,202,537,337,537,77,361,3.66e-99,99.01,p__Ascomycota,c__Leotiomycetes,o__Helotiales,f__Helotiales_fam_Incertae_sedis,g__Helotiales_gen_Incertae_sedis,s__Helotiales_sp,Helotiales_sp,UDB01585685,SH1163336.09FU,reps,k__Fungi,OTU1257.p__Ascomycota.g__Helotiales_gen_Incertae_sedis
1218,OTU1258,196,1,188,496,435,248,96,337,4.44e-92,98.936,p__Ascomycota,c__Sordariomycetes,o__Hypocreales,f__Hypocreales_fam_Incertae_sedis,g__Acremonium,s__Acremonium_persicinum,Acremonium_persicinum,AB540575,SH0885442.09FU,refs,k__Fungi,OTU1258.p__Ascomycota.g__Acremonium
1219,OTU1259,271,1,211,497,286,497,78,379,1.05e-104,99.057,p__Ascomycota,c__Dothideomycetes,o__Pleosporales,f__Pleosporales_fam_Incertae_sedis,g__Pleosporales_gen_Incertae_sedis,s__Pleosporales_sp,Pleosporales_sp,JN637946,SH0934578.09FU,reps,k__Fungi,OTU1259.p__Ascomycota.g__Pleosporales_gen_Incertae_sedis
1220,OTU1260,274,1,213,499,286,499,78,366,8.24e-101,97.664,p__Ascomycota,c__Sordariomycetes,o__Xylariales,f__Diatrypaceae,g__Monosporascus,s__Monosporascus_sp,Monosporascus_sp,UDB04496606,SH0921501.09FU,reps,k__Fungi,OTU1260.p__Ascomycota.g__Monosporascus
1221,OTU1261,278,1,217,454,238,454,78,390,4.97e-108,99.078,p__Ascomycota,c__Sordariomycetes,o__Magnaporthales,f__Magnaporthales_fam_Incertae_sedis,g__Magnaporthales_gen_Incertae_sedis,s__Magnaporthales_sp,Magnaporthales_sp,UDB03176535,SH1035123.09FU,reps,k__Fungi,OTU1261.p__Ascomycota.g__Magnaporthales_gen_Incertae_sedis
1222,OTU1262,294,233,292,1103,64,5,20,89.8,2.14e-17,93.333,p__Ascomycota,c__Sordariomycetes,o__Sordariales,f__Sordariales_fam_Incertae_sedis,g__Papulaspora,s__Papulaspora_byssina,Papulaspora_byssina,UDB0490743,SH1123845.09FU,reps,k__Fungi,OTU1262.p__Ascomycota.g__Papulaspora
1223,OTU1263,349,310,347,758,508,545,11,71.3,9.36e-12,100,p__Basidiomycota,c__Agaricomycetes,o__Auriculariales,f__Auriculariales_fam_Incertae_sedis,g__Auriculariales_gen_Incertae_sedis,s__Auriculariales_sp,Auriculariales_sp,JQ272342,SH0954825.09FU,reps,k__Fungi,OTU1263.p__Basidiomycota.g__Auriculariales_gen_Incertae_sedis
1224,OTU1264,279,1,217,462,243,459,78,396,1.07e-109,99.539,p__Ascomycota,c__Dothideomycetes,o__Pleosporales,f__Sporormiaceae,g__Sporormiaceae_gen_Incertae_sedis,s__Sporormiaceae_sp,Sporormiaceae_sp,EU144632,SH0999550.09FU,reps,k__Fungi,OTU1264.p__Ascomycota.g__Sporormiaceae_gen_Incertae_sedis
1225,OTU1265,276,1,212,466,252,463,77,342,1.4e-93,95.755,p__Ascomycota,c__Dothideomycetes,o__Mycosphaerellales,f__Teratosphaeriaceae,g__Teratosphaeriaceae_gen_Incertae_sedis,s__Teratosphaeriaceae_sp,Teratosphaeriaceae_sp,UDB05439289,SH1021047.09FU,reps,k__Fungi,OTU1265.p__Ascomycota.g__Teratosphaeriaceae_gen_Incertae_sedis
1226,OTU1267,256,1,203,465,263,465,79,364,2.75e-100,99.015,p__Ascomycota,c__Dothideomycetes,o__Mycosphaerellales,f__Mycosphaerellaceae,g__Pallidocercospora,s__Pallidocercospora_crystallina,Pallidocercospora_crystallina,MF951340,SH0995231.09FU,reps,k__Fungi,OTU1267.p__Ascomycota.g__Pallidocercospora
1227,OTU1268,323,275,321,1125,58,12,15,71.3,8.61e-12,93.617,p__Ascomycota,c__Sordariomycetes,o__Hypocreales,f__Nectriaceae,g__Fusarium,s__Fusarium_oxysporum,Fusarium_oxysporum,UDB041458,SH1099032.09FU,reps,k__Fungi,OTU1268.p__Ascomycota.g__Fusarium
1228,OTU1269,372,1,312,580,269,580,84,534,2.96e-151,97.115,p__Basidiobolomycota,c__Basidiobolomycetes,o__Basidiobolales,f__Basidiobolaceae,g__Basidiobolus,s__Basidiobolus_ranarum,Basidiobolus_ranarum,EF392525,SH1250522.09FU,reps,k__Fungi,OTU1269.p__Basidiobolomycota.g__Basidiobolus
1229,OTU1270,361,1,300,548,248,548,83,549,1.02e-155,99.668,p__Mortierellomycota,c__Mortierellomycetes,o__Mortierellales,f__Mortierellaceae,g__Mortierellaceae_gen_Incertae_sedis,s__Mortierellaceae_sp,Mortierellaceae_sp,UDB04600165,SH1038399.09FU,reps,k__Fungi,OTU1270.p__Mortierellomycota.g__Mortierellaceae_gen_Incertae_sedis
1230,OTU1271,318,1,258,568,312,568,81,453,7.19e-127,98.45,p__Basidiomycota,c__Agaricomycetes,o__Sebacinales,f__Serendipitaceae,g__Serendipita,s__Serendipita_sp,Serendipita_sp,UDB06965034,SH1308499.09FU,reps,k__Fungi,OTU1271.p__Basidiomycota.g__Serendipita
1231,OTU1272,282,1,238,524,288,523,84,405,1.8e-112,97.479,p__Ascomycota,c__Sordariomycetes,o__Hypocreales,f__Stachybotryaceae,g__Sirastachys,s__Sirastachys_cylindrospora,Sirastachys_cylindrospora,KU846662,SH1268553.09FU,reps,k__Fungi,OTU1272.p__Ascomycota.g__Sirastachys
1232,OTU1273,283,1,223,477,255,477,79,412,1.08e-114,100,p__Ascomycota,c__Sordariomycetes,o__Hypocreales,f__Nectriaceae,g__Rectifusarium,s__Rectifusarium_ventricosum,Rectifusarium_ventricosum,L36657,SH1076358.09FU,refs,k__Fungi,OTU1273.p__Ascomycota.g__Rectifusarium
1233,OTU1274,264,1,203,435,233,435,77,342,1.33e-93,97.044,p__Ascomycota,c__Sordariomycetes,o__Sordariales,f__Chaetomiaceae,g__Chaetomiaceae_gen_Incertae_sedis,s__Chaetomiaceae_sp,Chaetomiaceae_sp,UDB01730294,SH0997641.09FU,reps,k__Fungi,OTU1274.p__Ascomycota.g__Chaetomiaceae_gen_Incertae_sedis
1234,OTU1275,291,1,244,518,275,518,84,451,2.35e-126,100,p__Ascomycota,c__Eurotiomycetes,o__Eurotiomycetidae_ord_Incertae_sedis,f__Monascaceae,g__Monascus,s__Monascus_purpureus,Monascus_purpureus,AY629431,SH1287661.09FU,refs,k__Fungi,OTU1275.p__Ascomycota.g__Monascus
1235,OTU1276,276,1,194,481,271,464,70,326,1.41e-88,96.923,p__Ascomycota,c__Sordariomycetes,o__Sordariales,f__Chaetomiaceae,g__Acrophialophora,s__Acrophialophora_sp,Acrophialophora_sp,UDB0861942,SH0881751.09FU,reps,k__Fungi,OTU1276.p__Ascomycota.g__Acrophialophora
1236,OTU1277,336,1,276,491,217,491,82,475,1.63e-133,97.842,p__Glomeromycota,c__Glomeromycetes,o__Entrophosporales,f__Entrophosporaceae,g__Entrophospora,s__Entrophospora_infrequens,Entrophospora_infrequens,MT722039,SH0902931.09FU,reps,k__Fungi,OTU1277.p__Glomeromycota.g__Entrophospora
1237,OTU1278,342,1,282,629,348,629,82,383,1.04e-105,91.135,p__Chytridiomycota,c__Spizellomycetes,o__Spizellomycetales,f__Spizellomycetaceae,g__Spizellomyces,s__Spizellomyces_sp,Spizellomyces_sp,UDB0728711,SH1165030.09FU,reps,k__Fungi,OTU1278.p__Chytridiomycota.g__Spizellomyces
1238,OTU1280,359,1,206,472,224,414,57,134,1.21e-30,80,p__Chytridiomycota,c__Rhizophydiomycetes,o__Rhizophydiales,f__Rhizophydiales_fam_Incertae_sedis,g__Rhizophydiales_gen_Incertae_sedis,s__Rhizophydiales_sp,Rhizophydiales_sp,UDB06475736,SH1027499.09FU,reps,k__Fungi,OTU1280.p__Chytridiomycota.g__Rhizophydiales_gen_Incertae_sedis
1239,OTU1281,281,1,237,521,283,521,84,429,1.06e-119,99.163,p__Ascomycota,c__Dothideomycetes,o__Pleosporales,f__Pleosporaceae,g__Pleosporaceae_gen_Incertae_sedis,s__Pleosporaceae_sp,Pleosporaceae_sp,AF071340,SH0885031.09FU,reps,k__Fungi,OTU1281.p__Ascomycota.g__Pleosporaceae_gen_Incertae_sedis
1240,OTU1282,318,271,316,1125,57,12,14,69.4,3.04e-11,93.478,p__Ascomycota,c__Sordariomycetes,o__Hypocreales,f__Nectriaceae,g__Fusarium,s__Fusarium_oxysporum,Fusarium_oxysporum,UDB041458,SH1099032.09FU,reps,k__Fungi,OTU1282.p__Ascomycota.g__Fusarium
1241,OTU1283,284,1,223,491,268,491,79,401,2.35e-111,99.107,p__Ascomycota,c__Sordariomycetes,o__Hypocreales,f__Hypocreales_fam_Incertae_sedis,g__Hypocreales_gen_Incertae_sedis,s__Hypocreales_sp,Hypocreales_sp,UDB07633404,SH1291692.09FU,reps,k__Fungi,OTU1283.p__Ascomycota.g__Hypocreales_gen_Incertae_sedis
1242,OTU1284,317,1,256,601,347,601,81,466,9.2e-131,99.609,p__Basidiomycota,c__Agaricomycetes,o__Agaricales,f__Psathyrellaceae,g__Coprinellus,s__Coprinellus_curtus,Coprinellus_curtus,UDB04164996,SH1198995.09FU,reps,k__Fungi,OTU1284.p__Basidiomycota.g__Coprinellus
1243,OTU1285,352,1,291,570,279,570,83,527,4.66e-149,99.315,p__Chytridiomycota,c__Rhizophydiomycetes,o__Rhizophydiales,f__Rhizophydiales_fam_Incertae_sedis,g__Rhizophydiales_gen_Incertae_sedis,s__Rhizophydiales_sp,Rhizophydiales_sp,UDB06454122,SH0909122.09FU,reps,k__Fungi,OTU1285.p__Chytridiomycota.g__Rhizophydiales_gen_Incertae_sedis
1244,OTU1286,280,1,196,470,255,448,70,278,4.07e-74,92.386,p__Ascomycota,c__Dothideomycetes,o__Mycosphaerellales,f__Teratosphaeriaceae,g__Devriesia,s__Devriesia_sp,Devriesia_sp,UDB05111899,SH1077794.09FU,reps,k__Fungi,OTU1286.p__Ascomycota.g__Devriesia
1245,OTU1287,284,1,241,523,268,508,85,418,2.33e-116,97.942,p__Ascomycota,c__Sordariomycetes,o__Hypocreales,f__Nectriaceae,g__Nectria,s__Nectria_sp,Nectria_sp,KX761860,SH0913434.09FU,reps,k__Fungi,OTU1287.p__Ascomycota.g__Nectria
1246,OTU1288,261,1,201,424,224,424,77,355,1.69e-97,98.507,p__Ascomycota,c__Sordariomycetes,o__Chaetosphaeriales,f__Chaetosphaeriaceae,g__Chloridium,s__Chloridium_submersum,Chloridium_submersum,MN860551,SH0979741.09FU,refs,k__Fungi,OTU1288.p__Ascomycota.g__Chloridium
1247,OTU1289,321,1,260,574,315,574,81,359,1.63e-98,91.603,p__Basidiomycota,c__Agaricomycetes,o__Agaricales,f__Entolomataceae,g__Entoloma,s__Entoloma_sp,Entoloma_sp,UDB05324905,SH1188342.09FU,reps,k__Fungi,OTU1289.p__Basidiomycota.g__Entoloma
1248,OTU1290,304,1,243,536,292,536,80,396,1.17e-109,95.935,p__Ascomycota,c__Orbiliomycetes,o__Orbiliales,f__Orbiliaceae,g__Orbiliaceae_gen_Incertae_sedis,s__Orbiliaceae_sp,Orbiliaceae_sp,UDB02612278,SH1195856.09FU,reps,k__Fungi,OTU1290.p__Ascomycota.g__Orbiliaceae_gen_Incertae_sedis
1249,OTU1291,296,1,236,523,288,523,80,436,6.7e-122,100,p__Ascomycota,c__Sordariomycetes,o__Hypocreales,f__Cordycipitaceae,g__Simplicillium,s__Simplicillium_lanosoniveum,Simplicillium_lanosoniveum,AJ292395,SH4180574.09FU,refs,k__Fungi,OTU1291.p__Ascomycota.g__Simplicillium
1250,OTU1292,260,1,200,498,299,498,77,370,6.01e-102,100,p__Ascomycota,c__Dothideomycetes,o__Pleosporales,f__Phaeosphaeriaceae,g__Leptospora,s__Leptospora_macarangae,Leptospora_macarangae,MW063171,SH0895935.09FU,refs,k__Fungi,OTU1292.p__Ascomycota.g__Leptospora
1251,OTU1293,272,1,202,551,327,532,74,244,4e-64,88.517,p__Ascomycota,c__Eurotiomycetes,o__Chaetothyriales,f__Herpotrichiellaceae,g__Herpotrichiellaceae_gen_Incertae_sedis,s__Herpotrichiellaceae_sp,Herpotrichiellaceae_sp,UDB03385034,SH0898489.09FU,reps,k__Fungi,OTU1293.p__Ascomycota.g__Herpotrichiellaceae_gen_Incertae_sedis
1252,OTU1294,266,1,206,496,291,496,77,375,1.32e-103,99.515,p__Ascomycota,c__Sordariomycetes,o__Sordariales,f__Sordariaceae,g__Neurospora,s__Neurospora_brevispora,Neurospora_brevispora,MH862485,SH2148655.09FU,refs,k__Fungi,OTU1294.p__Ascomycota.g__Neurospora
1253,OTU1295,268,1,222,1030,810,1030,83,370,6.22e-102,96.847,p__Ascomycota,c__Dothideomycetes,o__Pleosporales,f__Lindgomycetaceae,g__Hongkongmyces,s__Hongkongmyces_thailandicus,Hongkongmyces_thailandicus,KY771325,SH1839778.09FU,refs_singleton,k__Fungi,OTU1295.p__Ascomycota.g__Hongkongmyces
1254,OTU1296,273,1,211,534,318,528,77,357,4.94e-98,97.156,p__Ascomycota,c__Eurotiomycetes,o__Onygenales,f__Gymnoascaceae,g__Gymnoascus,s__Gymnoascus_halophilus,Gymnoascus_halophilus,KP278210,SH1001457.09FU,reps,k__Fungi,OTU1296.p__Ascomycota.g__Gymnoascus
1255,OTU1297,264,1,224,512,286,505,85,272,1.77e-72,89.083,p__Ascomycota,c__Dothideomycetes,o__Pleosporales,f__Phaeosphaeriaceae,g__Paraphoma,s__Paraphoma_chrysanthemicola,Paraphoma_chrysanthemicola,MK426809,SH0961114.09FU,reps,k__Fungi,OTU1297.p__Ascomycota.g__Paraphoma
1256,OTU1298,348,1,287,554,267,554,82,220,8.75e-57,80.822,p__Chytridiomycota,c__Rhizophydiomycetes,o__Rhizophydiales,f__Rhizophydiales_fam_Incertae_sedis,g__Rhizophydiales_gen_Incertae_sedis,s__Rhizophydiales_sp,Rhizophydiales_sp,UDB06470208,SH1062416.09FU,reps,k__Fungi,OTU1298.p__Chytridiomycota.g__Rhizophydiales_gen_Incertae_sedis
1257,OTU1299,291,1,231,501,271,501,79,427,3.96e-119,100,p__Ascomycota,c__Sordariomycetes,o__Hypocreales,f__Bionectriaceae,g__Gliomastix,s__Gliomastix_luzulae,Gliomastix_luzulae,MH859486,SH0885515.09FU,reps,k__Fungi,OTU1299.p__Ascomycota.g__Gliomastix
1258,OTU1300,307,1,264,475,206,475,86,438,1.94e-122,96.296,p__Glomeromycota,c__Glomeromycetes,o__Glomerales,f__Glomeraceae,g__Glomeraceae_gen_Incertae_sedis,s__Glomeraceae_sp,Glomeraceae_sp,JQ951575,SH0993389.09FU,reps,k__Fungi,OTU1300.p__Glomeromycota.g__Glomeraceae_gen_Incertae_sedis
1259,OTU1301,365,1,301,562,266,560,82,479,1.38e-134,95.71,p__Fungi_phy_Incertae_sedis,c__Fungi_cls_Incertae_sedis,o__Fungi_ord_Incertae_sedis,f__Fungi_fam_Incertae_sedis,g__Fungi_gen_Incertae_sedis,s__Fungi_sp,Fungi_sp,UDB02153256,SH1119997.09FU,reps,k__Fungi,OTU1301.p__Fungi_phy_Incertae_sedis.g__Fungi_gen_Incertae_sedis
1260,OTU1302,333,1,272,519,241,519,82,431,3.54e-120,94.982,p__Ascomycota,c__Sordariomycetes,o__Lulworthiales,f__Lulworthiaceae,g__Lulworthiaceae_gen_Incertae_sedis,s__Lulworthiaceae_sp,Lulworthiaceae_sp,UDB03142840,SH0937562.09FU,reps,k__Fungi,OTU1302.p__Ascomycota.g__Lulworthiaceae_gen_Incertae_sedis
1261,OTU1303,243,1,182,395,215,395,75,219,2.14e-56,88.525,p__Ascomycota,c__Pezizomycotina_cls_Incertae_sedis,o__Pezizomycotina_ord_Incertae_sedis,f__Pezizomycotina_fam_Incertae_sedis,g__Pezizomycotina_gen_Incertae_sedis,s__Pezizomycotina_sp,Pezizomycotina_sp,UDB04356700,SH1048595.09FU,reps,k__Fungi,OTU1303.p__Ascomycota.g__Pezizomycotina_gen_Incertae_sedis
1262,OTU1304,333,1,248,665,382,627,74,213,1.4e-54,82.609,p__Chytridiomycota,c__Chytridiomycota_cls_Incertae_sedis,o__Chytridiomycota_ord_Incertae_sedis,f__Chytridiomycota_fam_Incertae_sedis,g__Chytridiomycota_gen_Incertae_sedis,s__Chytridiomycota_sp,Chytridiomycota_sp,UDB02290659,SH1195155.09FU,reps,k__Fungi,OTU1304.p__Chytridiomycota.g__Chytridiomycota_gen_Incertae_sedis
1263,OTU1305,342,295,340,1125,57,12,13,69.4,3.29e-11,93.478,p__Ascomycota,c__Sordariomycetes,o__Hypocreales,f__Nectriaceae,g__Fusarium,s__Fusarium_oxysporum,Fusarium_oxysporum,UDB041458,SH1099032.09FU,reps,k__Fungi,OTU1305.p__Ascomycota.g__Fusarium
1264,OTU1306,306,1,245,508,264,508,80,442,1.49e-123,99.184,p__Basidiomycota,c__Agaricomycetes,o__Auriculariales,f__Exidiaceae,g__Exidia,s__Exidia_sp,Exidia_sp,UDB01956340,SH0939876.09FU,reps,k__Fungi,OTU1306.p__Basidiomycota.g__Exidia
1265,OTU1307,399,1,339,691,353,691,85,449,1.19e-125,90.778,p__Kickxellomycota,c__Ramicandelaberomycetes,o__Ramicandelaberales,f__Ramicandelaberaceae,g__Ramicandelaber,s__Ramicandelaber_sp,Ramicandelaber_sp,UDB0550761,SH1117054.09FU,reps,k__Fungi,OTU1307.p__Kickxellomycota.g__Ramicandelaber
1266,OTU1308,287,1,226,523,300,523,79,377,4e-104,96.903,p__Ascomycota,c__Sordariomycetes,o__Xylariales,f__Diatrypaceae,g__Monosporascus,s__Monosporascus_sp,Monosporascus_sp,UDB04495725,SH1290681.09FU,reps,k__Fungi,OTU1308.p__Ascomycota.g__Monosporascus
1267,OTU1309,322,1,261,501,241,501,81,444,4.39e-124,97.318,p__Basidiomycota,c__Cystobasidiomycetes,o__Cystobasidiales,f__Cystobasidiaceae,g__Occultifur,s__Occultifur_sp,Occultifur_sp,UDB02277876,SH0918879.09FU,reps,k__Fungi,OTU1309.p__Basidiomycota.g__Occultifur
1268,OTU1310,323,1,263,572,310,572,81,436,7.36e-122,96.604,p__Ascomycota,c__Sordariomycetes,o__Branch06,f__Branch06_fam_Incertae_sedis,g__Branch06_gen_Incertae_sedis,s__Branch06_sp,Branch06_sp,UDB01557601,SH1270894.09FU,reps,k__Fungi,OTU1310.p__Ascomycota.g__Branch06_gen_Incertae_sedis
1269,OTU1311,298,1,238,578,341,578,80,440,5.22e-123,100,p__Basidiomycota,c__Agaricomycetes,o__Hymenochaetales,f__Schizoporaceae,g__Xylodon,s__Xylodon_subflaviporus,Xylodon_subflaviporus,KX857803,SH1236554.09FU,refs,k__Fungi,OTU1311.p__Basidiomycota.g__Xylodon
1270,OTU1312,300,1,214,594,352,568,71,220,7.45e-57,85.586,p__Ascomycota,c__Ascomycota_cls_Incertae_sedis,o__Ascomycota_ord_Incertae_sedis,f__Ascomycota_fam_Incertae_sedis,g__Ascomycota_gen_Incertae_sedis,s__Ascomycota_sp,Ascomycota_sp,UDB01402164,SH1278112.09FU,reps,k__Fungi,OTU1312.p__Ascomycota.g__Ascomycota_gen_Incertae_sedis
1271,OTU1313,350,303,348,1125,57,12,13,69.4,3.38e-11,93.478,p__Ascomycota,c__Sordariomycetes,o__Hypocreales,f__Nectriaceae,g__Fusarium,s__Fusarium_oxysporum,Fusarium_oxysporum,UDB041458,SH1099032.09FU,reps,k__Fungi,OTU1313.p__Ascomycota.g__Fusarium
1272,OTU1314,411,1,350,608,259,608,85,614,4.11e-175,98.286,p__Basidiomycota,c__Agaricomycetes,o__Cantharellales,f__Tulasnellaceae,g__Tulasnella,s__Tulasnella_sp,Tulasnella_sp,UDB06811940,SH1210649.09FU,reps,k__Fungi,OTU1314.p__Basidiomycota.g__Tulasnella
1273,OTU1315,343,304,341,758,508,545,11,71.3,9.18e-12,100,p__Basidiomycota,c__Agaricomycetes,o__Auriculariales,f__Auriculariales_fam_Incertae_sedis,g__Auriculariales_gen_Incertae_sedis,s__Auriculariales_sp,Auriculariales_sp,JQ272342,SH0954825.09FU,reps,k__Fungi,OTU1315.p__Basidiomycota.g__Auriculariales_gen_Incertae_sedis
1274,OTU1316,316,1,256,602,349,602,81,399,9.44e-111,94.922,p__Basidiomycota,c__Agaricomycetes,o__Agaricales,f__Psathyrellaceae,g__Coprinopsis,s__Coprinopsis_villosa,Coprinopsis_villosa,HQ847031,SH1204412.09FU,refs,k__Fungi,OTU1316.p__Basidiomycota.g__Coprinopsis
1275,OTU1317,365,1,303,604,282,601,83,237,9.15e-62,81.231,p__Chytridiomycota,c__Chytridiomycota_cls_Incertae_sedis,o__Chytridiomycota_ord_Incertae_sedis,f__Chytridiomycota_fam_Incertae_sedis,g__Chytridiomycota_gen_Incertae_sedis,s__Chytridiomycota_sp,Chytridiomycota_sp,UDB02271215,SH1276083.09FU,reps,k__Fungi,OTU1317.p__Chytridiomycota.g__Chytridiomycota_gen_Incertae_sedis
1276,OTU1318,342,1,283,504,215,504,83,479,1.28e-134,96.897,p__Glomeromycota,c__Glomeromycetes,o__Glomerales,f__Glomeraceae,g__Funneliformis,s__Funneliformis_xanthium,Funneliformis_xanthium,AJ849467,SH0886972.09FU,refs,k__Fungi,OTU1318.p__Glomeromycota.g__Funneliformis
1277,OTU1319,356,1,294,561,268,561,83,544,4.69e-154,100,p__Fungi_phy_Incertae_sedis,c__Fungi_cls_Incertae_sedis,o__Fungi_ord_Incertae_sedis,f__Fungi_fam_Incertae_sedis,g__Fungi_gen_Incertae_sedis,s__Fungi_sp,Fungi_sp,UDB02153262,SH1119998.09FU,reps,k__Fungi,OTU1319.p__Fungi_phy_Incertae_sedis.g__Fungi_gen_Incertae_sedis
1278,OTU1320,284,1,231,540,301,533,81,418,2.33e-116,99.142,p__Ascomycota,c__Eurotiomycetes,o__Chaetothyriales,f__Strelitzianaceae,g__Strelitziana,s__Strelitziana_africana,Strelitziana_africana,GQ850386,SH0931710.09FU,reps,k__Fungi,OTU1320.p__Ascomycota.g__Strelitziana
1279,OTU1321,348,1,287,545,259,545,82,531,3.56e-150,100,p__Chytridiomycota,c__Rhizophydiomycetes,o__Rhizophydiales,f__Rhizophydiales_fam_Incertae_sedis,g__Rhizophydiales_gen_Incertae_sedis,s__Rhizophydiales_sp,Rhizophydiales_sp,UDB06471345,SH0903526.09FU,reps,k__Fungi,OTU1321.p__Chytridiomycota.g__Rhizophydiales_gen_Incertae_sedis
1280,OTU1322,273,1,168,545,336,502,62,187,6.86e-47,87.059,p__Ascomycota,c__Eurotiomycetes,o__Chaetothyriales,f__Cyphellophoraceae,g__Cyphellophoraceae_gen_Incertae_sedis,s__Cyphellophoraceae_sp,Cyphellophoraceae_sp,UDB04512768,SH0894442.09FU,reps,k__Fungi,OTU1322.p__Ascomycota.g__Cyphellophoraceae_gen_Incertae_sedis
1281,OTU1323,279,1,211,561,318,527,76,211,4.17e-54,85.116,p__Ascomycota,c__Dothideomycetes,o__Myriangiales,f__Elsinoaceae,g__Elsinoe,s__Elsinoe_necatrix,Elsinoe_necatrix,MW079505,SH1277071.09FU,refs,k__Fungi,OTU1323.p__Ascomycota.g__Elsinoe
1282,OTU1324,290,223,288,758,480,545,23,89.8,2.11e-17,91.045,p__Basidiomycota,c__Agaricomycetes,o__Auriculariales,f__Auriculariales_fam_Incertae_sedis,g__Auriculariales_gen_Incertae_sedis,s__Auriculariales_sp,Auriculariales_sp,JQ272342,SH0954825.09FU,reps,k__Fungi,OTU1324.p__Basidiomycota.g__Auriculariales_gen_Incertae_sedis
1283,OTU1325,352,1,291,647,357,647,83,505,2.18e-142,97.938,p__Chytridiomycota,c__Spizellomycetes,o__Spizellomycetales,f__Spizellomycetales_fam_Incertae_sedis,g__Spizellomycetales_gen_Incertae_sedis,s__Spizellomycetales_sp,Spizellomycetales_sp,UDB07384972,SH1321706.09FU,reps,k__Fungi,OTU1325.p__Chytridiomycota.g__Spizellomycetales_gen_Incertae_sedis
1284,OTU1328,308,1,248,495,248,495,81,459,1.49e-128,100,p__Ascomycota,c__Sordariomycetes,o__Hypocreales,f__Clavicipitaceae,g__Marquandomyces,s__Marquandomyces_marquandii,Marquandomyces_marquandii,MK952552,SH0980742.09FU,reps,k__Fungi,OTU1328.p__Ascomycota.g__Marquandomyces
1285,OTU1329,265,1,221,463,240,461,83,398,2.82e-110,99.099,p__Ascomycota,c__Dothideomycetes,o__Pleosporales,f__Nigrogranaceae,g__Nigrograna,s__Nigrograna_hydei,Nigrograna_hydei,MN387225,SH2783093.09FU,refs,k__Fungi,OTU1329.p__Ascomycota.g__Nigrograna
1286,OTU1330,260,1,199,436,238,436,77,357,4.68e-98,98.995,p__Ascomycota,c__Leotiomycetes,o__Helotiales,f__Helotiales_fam_Incertae_sedis,g__Mycoarthris,s__Mycoarthris_sp,Mycoarthris_sp,UDB0621108,SH0937331.09FU,reps,k__Fungi,OTU1330.p__Ascomycota.g__Mycoarthris
1287,OTU1331,441,387,439,1125,64,12,12,71.3,1.2e-11,90.566,p__Ascomycota,c__Sordariomycetes,o__Hypocreales,f__Nectriaceae,g__Fusarium,s__Fusarium_oxysporum,Fusarium_oxysporum,UDB041458,SH1099032.09FU,reps,k__Fungi,OTU1331.p__Ascomycota.g__Fusarium
1288,OTU1332,269,1,208,450,244,450,77,350,8.13e-96,97.115,p__Ascomycota,c__Sordariomycetes,o__Hypocreales,f__Hypocreales_fam_Incertae_sedis,g__Hypocreales_gen_Incertae_sedis,s__Hypocreales_sp,Hypocreales_sp,UDB03559085,SH1031226.09FU,reps,k__Fungi,OTU1332.p__Ascomycota.g__Hypocreales_gen_Incertae_sedis
1289,OTU1333,366,327,364,758,508,545,10,71.3,9.85e-12,100,p__Basidiomycota,c__Agaricomycetes,o__Auriculariales,f__Auriculariales_fam_Incertae_sedis,g__Auriculariales_gen_Incertae_sedis,s__Auriculariales_sp,Auriculariales_sp,JQ272342,SH0954825.09FU,reps,k__Fungi,OTU1333.p__Basidiomycota.g__Auriculariales_gen_Incertae_sedis
1290,OTU1334,342,306,340,758,511,545,10,65.8,4.26e-10,100,p__Basidiomycota,c__Agaricomycetes,o__Auriculariales,f__Auriculariales_fam_Incertae_sedis,g__Auriculariales_gen_Incertae_sedis,s__Auriculariales_sp,Auriculariales_sp,JQ272342,SH0954825.09FU,reps,k__Fungi,OTU1334.p__Basidiomycota.g__Auriculariales_gen_Incertae_sedis
1291,OTU1335,331,1,96,600,297,392,29,156,2.37e-37,95.876,p__Ascomycota,c__Pezizomycotina_cls_Incertae_sedis,o__Pezizomycotina_ord_Incertae_sedis,f__Pezizomycotina_fam_Incertae_sedis,g__Cytosporella,s__Cytosporella_juncicola,Cytosporella_juncicola,MN562153,SH1676415.09FU,refs_singleton,k__Fungi,OTU1335.p__Ascomycota.g__Cytosporella
1292,OTU1336,281,1,221,522,296,522,79,331,3.09e-90,93.421,p__Ascomycota,c__Eurotiomycetes,o__Chaetothyriales,f__Trichomeriaceae,g__Brycekendrickomyces,s__Brycekendrickomyces_acaciae,Brycekendrickomyces_acaciae,FJ839606,SH1110689.09FU,refs,k__Fungi,OTU1336.p__Ascomycota.g__Brycekendrickomyces
1293,OTU1338,269,1,207,515,308,514,77,383,8.02e-106,100,p__Ascomycota,c__Pezizomycetes,o__Pezizales,f__Ascobolaceae,g__Ascobolus,s__Ascobolus_sp,Ascobolus_sp,UDB01324647,SH1309842.09FU,reps,k__Fungi,OTU1338.p__Ascomycota.g__Ascobolus
1294,OTU1339,307,1,250,461,211,461,81,407,5.46e-113,96.032,p__Glomeromycota,c__Glomeromycetes,o__Glomerales,f__Glomeraceae,g__Glomus,s__Glomus_sp,Glomus_sp,UDB03125159,SH0993403.09FU,reps,k__Fungi,OTU1339.p__Glomeromycota.g__Glomus
1295,OTU1340,331,1,258,537,264,524,78,390,5.97e-108,93.893,p__Basidiomycota,c__Agaricomycetes,o__Agaricales,f__Clavariaceae,g__Clavulinopsis,s__Clavulinopsis_sp,Clavulinopsis_sp,UDB03838794,SH1236848.09FU,reps,k__Fungi,OTU1340.p__Basidiomycota.g__Clavulinopsis
1296,OTU1341,307,1,264,475,206,475,86,366,9.27e-101,91.513,p__Glomeromycota,c__Glomeromycetes,o__Glomerales,f__Glomeraceae,g__Glomeraceae_gen_Incertae_sedis,s__Glomeraceae_sp,Glomeraceae_sp,JQ951575,SH0993389.09FU,reps,k__Fungi,OTU1341.p__Glomeromycota.g__Glomeraceae_gen_Incertae_sedis
1297,OTU1342,286,1,237,442,207,442,83,414,3.04e-115,98.312,p__Ascomycota,c__Sordariomycetes,o__Magnaporthales,f__Magnaporthaceae,g__Gaeumannomyces,s__Gaeumannomyces_graminis,Gaeumannomyces_graminis,KU901545,SH0933398.09FU,reps,k__Fungi,OTU1342.p__Ascomycota.g__Gaeumannomyces
1298,OTU1343,278,1,217,516,294,516,78,263,1.13e-69,88.393,p__Ascomycota,c__Eurotiomycetes,o__Chaetothyriales,f__Chaetothyriales_fam_Incertae_sedis,g__Chaetothyriales_gen_Incertae_sedis,s__Chaetothyriales_sp,Chaetothyriales_sp,UDB01803383,SH0898488.09FU,reps,k__Fungi,OTU1343.p__Ascomycota.g__Chaetothyriales_gen_Incertae_sedis
1299,OTU1344,311,1,241,529,290,522,77,316,9.61e-86,90.871,p__Ascomycota,c__Dothideomycetes,o__Dothideomycetes_ord_Incertae_sedis,f__Dothideomycetes_fam_Incertae_sedis,g__Dothideomycetes_gen_Incertae_sedis,s__Dothideomycetes_sp,Dothideomycetes_sp,UDB05269073,SH0930654.09FU,reps,k__Fungi,OTU1344.p__Ascomycota.g__Dothideomycetes_gen_Incertae_sedis
1300,OTU1345,266,1,205,454,250,454,77,379,1.02e-104,100,p__Ascomycota,c__Dothideomycetes,o__Pleosporales,f__Lophiostomataceae,g__Lophiostomataceae_gen_Incertae_sedis,s__Lophiostomataceae_sp,Lophiostomataceae_sp,UDB03121060,SH0997766.09FU,reps,k__Fungi,OTU1345.p__Ascomycota.g__Lophiostomataceae_gen_Incertae_sedis
1301,OTU1346,378,1,318,677,361,677,84,497,3.95e-140,95,p__Mucoromycota,c__Mucoromycetes,o__Mucorales,f__Mucorales_fam_Incertae_sedis,g__Mucorales_gen_Incertae_sedis,s__Mucorales_sp,Mucorales_sp,HQ608032,SH1172494.09FU,reps,k__Fungi,OTU1346.p__Mucoromycota.g__Mucorales_gen_Incertae_sedis
1302,OTU1347,286,1,242,526,285,526,85,448,3e-125,100,p__Ascomycota,c__Dothideomycetes,o__Pleosporales,f__Pleosporaceae,g__Bipolaris,s__Bipolaris_maydis,Bipolaris_maydis,AF071325,SH0885034.09FU,refs,k__Fungi,OTU1347.p__Ascomycota.g__Bipolaris
1303,OTU1348,369,1,310,582,283,582,84,486,8.32e-137,95.498,p__Fungi_phy_Incertae_sedis,c__Fungi_cls_Incertae_sedis,o__Fungi_ord_Incertae_sedis,f__Fungi_fam_Incertae_sedis,g__Fungi_gen_Incertae_sedis,s__Fungi_sp,Fungi_sp,UDB02130540,SH1143695.09FU,reps,k__Fungi,OTU1348.p__Fungi_phy_Incertae_sedis.g__Fungi_gen_Incertae_sedis
1304,OTU1349,361,1,217,763,464,680,60,147,1.57e-34,79.646,p__Chytridiomycota,c__Spizellomycetes,o__Spizellomycetales,f__Spizellomycetaceae,g__Spizellomycetaceae_gen_Incertae_sedis,s__Spizellomycetaceae_sp,Spizellomycetaceae_sp,UDB07379803,SH1222882.09FU,reps,k__Fungi,OTU1349.p__Chytridiomycota.g__Spizellomycetaceae_gen_Incertae_sedis
1305,OTU1351,325,1,241,497,242,480,74,355,2.14e-97,93.416,p__Ascomycota,c__Sordariomycetes,o__Melanosporales,f__Ceratostomataceae,g__Echinusitheca,s__Echinusitheca_citrispora,Echinusitheca_citrispora,KP981477,SH1542815.09FU,refs_singleton,k__Fungi,OTU1351.p__Ascomycota.g__Echinusitheca
1306,OTU1352,259,1,190,446,241,434,73,222,1.77e-57,87.692,p__Ascomycota,c__Dothideomycetes,o__Mycosphaerellales,f__Mycosphaerellaceae,g__Teratoramularia,s__Teratoramularia_infinita,Teratoramularia_infinita,KX287545,SH1085513.09FU,refs,k__Fungi,OTU1352.p__Ascomycota.g__Teratoramularia
1307,OTU1353,344,1,303,638,330,638,88,449,1.01e-125,93.226,p__Basidiomycota,c__Agaricomycetes,o__Russulales,f__Russulaceae,g__Lactarius,s__Lactarius_atromarginatus,Lactarius_atromarginatus,MG551722,SH1290327.09FU,reps,k__Fungi,OTU1353.p__Basidiomycota.g__Lactarius
1308,OTU1354,292,1,231,574,344,574,79,427,3.97e-119,100,p__Ascomycota,c__Ascomycota_cls_Incertae_sedis,o__Ascomycota_ord_Incertae_sedis,f__Ascomycota_fam_Incertae_sedis,g__Ascomycota_gen_Incertae_sedis,s__Ascomycota_sp,Ascomycota_sp,UDB01373951,SH1305340.09FU,reps,k__Fungi,OTU1354.p__Ascomycota.g__Ascomycota_gen_Incertae_sedis
1309,OTU1355,274,1,208,501,289,495,76,222,1.89e-57,86.256,p__Ascomycota,c__Pezizomycetes,o__Pezizales,f__Pyronemataceae,g__Parawilcoxina,s__Parawilcoxina_inexpectata,Parawilcoxina_inexpectata,UDB0193102,SH1200141.09FU,reps,k__Fungi,OTU1355.p__Ascomycota.g__Parawilcoxina
1310,OTU1356,389,1,329,576,247,576,85,603,8.38e-172,99.697,p__Mortierellomycota,c__Mortierellomycetes,o__Mortierellales,f__Mortierellaceae,g__Mortierella,s__Mortierella_sp,Mortierella_sp,UDB0736320,SH1254895.09FU,reps,k__Fungi,OTU1356.p__Mortierellomycota.g__Mortierella
1311,OTU1357,336,299,334,758,510,545,11,67.6,1.16e-10,100,p__Basidiomycota,c__Agaricomycetes,o__Auriculariales,f__Auriculariales_fam_Incertae_sedis,g__Auriculariales_gen_Incertae_sedis,s__Auriculariales_sp,Auriculariales_sp,JQ272342,SH0954825.09FU,reps,k__Fungi,OTU1357.p__Basidiomycota.g__Auriculariales_gen_Incertae_sedis
1312,OTU1358,348,1,287,653,365,653,82,377,4.91e-104,90.311,p__Chytridiomycota,c__Spizellomycetes,o__Spizellomycetales,f__Spizellomycetales_fam_Incertae_sedis,g__Spizellomycetales_gen_Incertae_sedis,s__Spizellomycetales_sp,Spizellomycetales_sp,UDB07382168,SH1204237.09FU,reps,k__Fungi,OTU1358.p__Chytridiomycota.g__Spizellomycetales_gen_Incertae_sedis
1313,OTU1359,337,1,293,497,203,497,87,411,4.67e-114,91.919,p__Ascomycota,c__Sordariomycetes,o__Lulworthiales,f__Lulworthiaceae,g__Moleospora,s__Moleospora_sp,Moleospora_sp,KP114313,SH1096308.09FU,reps,k__Fungi,OTU1359.p__Ascomycota.g__Moleospora
1314,OTU1360,293,1,233,495,264,495,80,424,5.16e-118,99.571,p__Ascomycota,c__Sordariomycetes,o__Hypocreales,f__Sarocladiaceae,g__Parasarocladium,s__Parasarocladium_gamsii,Parasarocladium_gamsii,MH860311,SH1076911.09FU,refs,k__Fungi,OTU1360.p__Ascomycota.g__Parasarocladium
1315,OTU1361,325,1,72,519,244,315,22,95.3,5.14e-19,90.278,p__Chytridiomycota,c__Rhizophydiomycetes,o__Rhizophydiales,f__Rhizophydiales_fam_Incertae_sedis,g__Rhizophydiales_gen_Incertae_sedis,s__Rhizophydiales_sp,Rhizophydiales_sp,UDB06469491,SH1125160.09FU,reps,k__Fungi,OTU1361.p__Chytridiomycota.g__Rhizophydiales_gen_Incertae_sedis
1316,OTU1362,313,1,100,570,319,418,32,113,1.36e-24,87.129,p__Fungi_phy_Incertae_sedis,c__Fungi_cls_Incertae_sedis,o__Fungi_ord_Incertae_sedis,f__Fungi_fam_Incertae_sedis,g__Fungi_gen_Incertae_sedis,s__Fungi_sp,Fungi_sp,UDB02134224,SH0906579.09FU,reps,k__Fungi,OTU1362.p__Fungi_phy_Incertae_sedis.g__Fungi_gen_Incertae_sedis
1317,OTU1363,279,1,218,551,334,551,78,392,1.39e-108,99.083,p__Ascomycota,c__Eurotiomycetes,o__Onygenales,f__Onygenales_fam_Incertae_sedis,g__Onygenales_gen_Incertae_sedis,s__Onygenales_sp,Onygenales_sp,UDB02524162,SH0902250.09FU,reps,k__Fungi,OTU1363.p__Ascomycota.g__Onygenales_gen_Incertae_sedis
1318,OTU1364,290,1,229,489,261,489,79,401,2.39e-111,98.253,p__Ascomycota,c__Sordariomycetes,o__Hypocreales,f__Cordycipitaceae,g__Beauveria,s__Beauveria_sp,Beauveria_sp,UDB01507436,SH1275702.09FU,reps,k__Fungi,OTU1364.p__Ascomycota.g__Beauveria
1319,OTU1365,296,1,229,523,295,523,77,424,5.21e-118,100,p__Ascomycota,c__Eurotiomycetes,o__Chaetothyriales,f__Chaetothyriaceae,g__Ceramothyrium,s__Ceramothyrium_menglunense,Ceramothyrium_menglunense,KX524148,SH1828321.09FU,refs_singleton,k__Fungi,OTU1365.p__Ascomycota.g__Ceramothyrium
1320,OTU1366,302,1,241,488,254,488,80,230,1.25e-59,84.553,p__Ascomycota,c__Sordariomycetes,o__Hypocreales,f__Stachybotryaceae,g__Myrothecium,s__Myrothecium_thailandicum,Myrothecium_thailandicum,KU940135,SH1688350.09FU,refs_singleton,k__Fungi,OTU1366.p__Ascomycota.g__Myrothecium
1321,OTU1367,336,1,275,611,337,611,82,497,3.48e-140,99.273,p__Chytridiomycota,c__Spizellomycetes,o__Spizellomycetales,f__Spizellomycetales_fam_Incertae_sedis,g__Spizellomycetales_gen_Incertae_sedis,s__Spizellomycetales_sp,Spizellomycetales_sp,UDB07380729,SH1249859.09FU,reps,k__Fungi,OTU1367.p__Chytridiomycota.g__Spizellomycetales_gen_Incertae_sedis
1322,OTU1368,265,1,204,449,246,449,77,372,1.71e-102,99.51,p__Ascomycota,c__Ascomycota_cls_Incertae_sedis,o__Ascomycota_ord_Incertae_sedis,f__Ascomycota_fam_Incertae_sedis,g__Ascomycota_gen_Incertae_sedis,s__Ascomycota_sp,Ascomycota_sp,UDB05233728,SH0992160.09FU,reps,k__Fungi,OTU1368.p__Ascomycota.g__Ascomycota_gen_Incertae_sedis
1323,OTU1369,364,327,362,758,510,545,10,67.6,1.27e-10,100,p__Basidiomycota,c__Agaricomycetes,o__Auriculariales,f__Auriculariales_fam_Incertae_sedis,g__Auriculariales_gen_Incertae_sedis,s__Auriculariales_sp,Auriculariales_sp,JQ272342,SH0954825.09FU,reps,k__Fungi,OTU1369.p__Basidiomycota.g__Auriculariales_gen_Incertae_sedis
1324,OTU1370,309,1,252,453,201,451,82,431,3.27e-120,97.628,p__Glomeromycota,c__Glomeromycetes,o__Glomerales,f__Glomeraceae,g__Glomeraceae_gen_Incertae_sedis,s__Glomeraceae_sp,Glomeraceae_sp,UDB03135808,SH0993336.09FU,reps,k__Fungi,OTU1370.p__Glomeromycota.g__Glomeraceae_gen_Incertae_sedis
1325,OTU1371,322,1,95,576,316,410,30,143,1.79e-33,93.684,p__Basidiomycota,c__Agaricomycetes,o__Cantharellales,f__Hydnaceae,g__Multiclavula,s__Multiclavula_petricola,Multiclavula_petricola,LC516462,SH1318596.09FU,refs,k__Fungi,OTU1371.p__Basidiomycota.g__Multiclavula
1326,OTU1372,313,1,252,464,212,464,81,444,4.25e-124,98.425,p__Glomeromycota,c__Glomeromycetes,o__Glomerales,f__Glomeraceae,g__Glomus,s__Glomus_sp,Glomus_sp,UDB03158979,SH1310078.09FU,reps,k__Fungi,OTU1372.p__Glomeromycota.g__Glomus
1327,OTU1373,321,1,260,504,244,504,81,470,7.21e-132,99.234,p__Basidiomycota,c__Cystobasidiomycetes,o__Sakaguchiales,f__Sakaguchiaceae,g__Sakaguchia,s__Sakaguchia_sp,Sakaguchia_sp,UDB06521814,SH1223415.09FU,reps,k__Fungi,OTU1373.p__Basidiomycota.g__Sakaguchia
1328,OTU1374,416,1,47,656,345,391,11,65.8,5.25e-10,91.489,p__Chytridiomycota,c__Chytridiomycota_cls_Incertae_sedis,o__Chytridiomycota_ord_Incertae_sedis,f__Chytridiomycota_fam_Incertae_sedis,g__Chytridiomycota_gen_Incertae_sedis,s__Chytridiomycota_sp,Chytridiomycota_sp,UDB02293639,SH1171806.09FU,reps,k__Fungi,OTU1374.p__Chytridiomycota.g__Chytridiomycota_gen_Incertae_sedis
1329,OTU1375,291,1,230,507,278,507,79,387,6.71e-107,96.957,p__Ascomycota,c__Pezizomycetes,o__Pezizales,f__Pulvinulaceae,g__Pulvinulaceae_gen_Incertae_sedis,s__Pulvinulaceae_sp,Pulvinulaceae_sp,UDB05751407,SH0941646.09FU,reps,k__Fungi,OTU1375.p__Ascomycota.g__Pulvinulaceae_gen_Incertae_sedis
1330,OTU1376,353,1,213,607,336,554,60,211,5.35e-54,84.545,p__Ascomycota,c__Lecanoromycetes,o__Ostropales,f__Gomphillaceae,g__Corticifraga,s__Corticifraga_sp,Corticifraga_sp,UDB04207151,SH1143238.09FU,reps,k__Fungi,OTU1376.p__Ascomycota.g__Corticifraga
1331,OTU1377,376,341,374,758,512,545,9,63.9,1.7e-09,100,p__Basidiomycota,c__Agaricomycetes,o__Auriculariales,f__Auriculariales_fam_Incertae_sedis,g__Auriculariales_gen_Incertae_sedis,s__Auriculariales_sp,Auriculariales_sp,JQ272342,SH0954825.09FU,reps,k__Fungi,OTU1377.p__Basidiomycota.g__Auriculariales_gen_Incertae_sedis
1332,OTU1378,372,1,282,643,323,615,76,315,4.19e-85,86.689,p__Fungi_phy_Incertae_sedis,c__Fungi_cls_Incertae_sedis,o__Fungi_ord_Incertae_sedis,f__Fungi_fam_Incertae_sedis,g__Fungi_gen_Incertae_sedis,s__Fungi_sp,Fungi_sp,UDB02165735,SH1117372.09FU,reps,k__Fungi,OTU1378.p__Fungi_phy_Incertae_sedis.g__Fungi_gen_Incertae_sedis
1333,OTU1379,303,1,243,521,279,521,80,427,4.14e-119,98.354,p__Ascomycota,c__Sordariomycetes,o__Microascales,f__Microascaceae,g__Cephalotrichum,s__Cephalotrichum_asperulum,Cephalotrichum_asperulum,LN850960,SH1070244.09FU,refs,k__Fungi,OTU1379.p__Ascomycota.g__Cephalotrichum
1334,OTU1380,307,1,246,549,304,549,80,444,4.16e-124,99.187,p__Ascomycota,c__Pezizomycetes,o__Pezizales,f__Pyronemataceae,g__Boubovia,s__Boubovia_sp,Boubovia_sp,UDB01543618,SH0890978.09FU,reps,k__Fungi,OTU1380.p__Ascomycota.g__Boubovia
1335,OTU1381,381,342,379,758,508,545,10,71.3,1.03e-11,100,p__Basidiomycota,c__Agaricomycetes,o__Auriculariales,f__Auriculariales_fam_Incertae_sedis,g__Auriculariales_gen_Incertae_sedis,s__Auriculariales_sp,Auriculariales_sp,JQ272342,SH0954825.09FU,reps,k__Fungi,OTU1381.p__Basidiomycota.g__Auriculariales_gen_Incertae_sedis
1336,OTU1382,314,1,253,596,346,596,81,433,9.24e-121,97.638,p__Basidiomycota,c__Agaricomycetes,o__Agaricales,f__Entolomataceae,g__Entoloma,s__Entoloma_sp,Entoloma_sp,UDB05329546,SH1259733.09FU,reps,k__Fungi,OTU1382.p__Basidiomycota.g__Entoloma
1337,OTU1383,309,1,248,538,287,531,80,422,1.97e-117,97.581,p__Ascomycota,c__Pezizomycetes,o__Pezizales,f__Pezizaceae,g__Peziza,s__Peziza_sp,Peziza_sp,UDB04312670,SH1285540.09FU,reps,k__Fungi,OTU1383.p__Ascomycota.g__Peziza
1338,OTU1384,318,1,260,600,339,598,82,481,3.3e-135,100,p__Basidiomycota,c__Agaricomycetes,o__Agaricales,f__Psathyrellaceae,g__Coprinellus,s__Coprinellus_radians,Coprinellus_radians,MK358840,SH1130939.09FU,reps,k__Fungi,OTU1384.p__Basidiomycota.g__Coprinellus
1339,OTU1385,436,379,434,1125,67,12,13,76.8,2.55e-13,91.071,p__Ascomycota,c__Sordariomycetes,o__Hypocreales,f__Nectriaceae,g__Fusarium,s__Fusarium_oxysporum,Fusarium_oxysporum,UDB041458,SH1099032.09FU,reps,k__Fungi,OTU1385.p__Ascomycota.g__Fusarium
1340,OTU1386,285,1,189,513,314,504,66,268,2.49e-71,92.147,p__Ascomycota,c__Lecanoromycetes,o__Lecanorales,f__Pilocarpaceae,g__Fellhanera,s__Fellhanera_sp,Fellhanera_sp,MK946981,SH1087233.09FU,reps,k__Fungi,OTU1386.p__Ascomycota.g__Fellhanera
1341,OTU1387,267,1,207,472,266,472,78,383,7.95e-106,100,p__Ascomycota,c__Sordariomycetes,o__Trichosphaeriales,f__Trichosphaeriaceae,g__Nigrospora,s__Nigrospora_chinensis,Nigrospora_chinensis,KX986023,SH1527888.09FU,refs,k__Fungi,OTU1387.p__Ascomycota.g__Nigrospora
1342,OTU1388,331,58,327,501,501,231,82,488,2.06e-137,99.262,p__Chytridiomycota,c__Chytridiomycetes,o__Chytridiales,f__Phlyctochytriaceae,g__Phlyctochytriaceae_gen_Incertae_sedis,s__Phlyctochytriaceae_sp,Phlyctochytriaceae_sp,UDB04551916,SH1331798.09FU,reps,k__Fungi,OTU1388.p__Chytridiomycota.g__Phlyctochytriaceae_gen_Incertae_sedis
1343,OTU1389,315,136,243,526,407,514,63,183,1.03e-45,97.248,p__Ascomycota,c__Dothideomycetes,o__Venturiales,f__Sympoventuriaceae,g__Sympoventuriaceae_gen_Incertae_sedis,s__Sympoventuriaceae_sp,Sympoventuriaceae_sp,UDB07661284,SH0916991.09FU,reps,k__Fungi,OTU1389.p__Ascomycota.g__Sympoventuriaceae_gen_Incertae_sedis
1344,OTU1390,280,1,219,451,233,451,78,399,8.32e-111,99.543,p__Ascomycota,c__Sordariomycetes,o__Hypocreales,f__Hypocreaceae,g__Hypocreaceae_gen_Incertae_sedis,s__Hypocreaceae_sp,Hypocreaceae_sp,UDB03557871,SH1000772.09FU,reps,k__Fungi,OTU1390.p__Ascomycota.g__Hypocreaceae_gen_Incertae_sedis
1345,OTU1391,315,1,254,588,337,588,81,346,1.24e-94,91.373,p__Basidiomycota,c__Agaricomycetes,o__Agaricales,f__Limnoperdaceae,g__Limnoperdaceae_gen_Incertae_sedis,s__Limnoperdaceae_sp,Limnoperdaceae_sp,UDB0194439,SH1234987.09FU,reps,k__Fungi,OTU1391.p__Basidiomycota.g__Limnoperdaceae_gen_Incertae_sedis
1346,OTU1392,320,1,277,678,396,671,87,483,9.23e-136,98.195,p__Basidiomycota,c__Agaricomycetes,o__Agaricales,f__Agaricaceae,g__Agaricus,s__Agaricus_taeniatus,Agaricus_taeniatus,KJ623317,SH1214753.09FU,refs,k__Fungi,OTU1392.p__Basidiomycota.g__Agaricus
1347,OTU1393,349,1,69,564,281,349,20,111,5.51e-24,95.652,p__Basidiomycota,c__Basidiomycota_cls_Incertae_sedis,o__Basidiomycota_ord_Incertae_sedis,f__Basidiomycota_fam_Incertae_sedis,g__Basidiomycota_gen_Incertae_sedis,s__Basidiomycota_sp,Basidiomycota_sp,MH864053,SH0893864.09FU,reps,k__Fungi,OTU1393.p__Basidiomycota.g__Basidiomycota_gen_Incertae_sedis
1348,OTU1394,421,1,107,751,392,498,25,137,1.11e-31,89.815,p__Fungi_phy_Incertae_sedis,c__Fungi_cls_Incertae_sedis,o__Fungi_ord_Incertae_sedis,f__Fungi_fam_Incertae_sedis,g__Fungi_gen_Incertae_sedis,s__Fungi_sp,Fungi_sp,UDB0349693,SH1231748.09FU,reps,k__Fungi,OTU1394.p__Fungi_phy_Incertae_sedis.g__Fungi_gen_Incertae_sedis
1349,OTU1395,320,1,260,506,247,506,81,481,3.32e-135,100,p__Basidiomycota,c__Cystobasidiomycetes,o__Cystobasidiomycetes_ord_Incertae_sedis,f__Symmetrosporaceae,g__Symmetrospora,s__Symmetrospora_suhii,Symmetrospora_suhii,KJ701206,SH1223389.09FU,refs,k__Fungi,OTU1395.p__Basidiomycota.g__Symmetrospora
1350,OTU1396,323,1,263,469,211,469,81,422,2.06e-117,95.817,p__Glomeromycota,c__Glomeromycetes,o__Glomerales,f__Glomeraceae,g__Rhizophagus,s__Rhizophagus_intraradices,Rhizophagus_intraradices,FM865598,SH0956034.09FU,refs,k__Fungi,OTU1396.p__Glomeromycota.g__Rhizophagus
1351,OTU1397,275,1,214,497,284,497,78,396,1.05e-109,100,p__Ascomycota,c__Eurotiomycetes,o__Eurotiales,f__Elaphomycetaceae,g__Elaphomyces,s__Elaphomyces_cyanosporus,Elaphomyces_cyanosporus,UDB05288688,SH0955586.09FU,reps,k__Fungi,OTU1397.p__Ascomycota.g__Elaphomyces
1352,OTU1398,269,1,208,502,295,502,77,368,2.24e-101,98.558,p__Ascomycota,c__Pezizomycetes,o__Pezizales,f__Ascobolaceae,g__Ascobolus,s__Ascobolus_sp,Ascobolus_sp,UDB01327271,SH0945794.09FU,reps,k__Fungi,OTU1398.p__Ascomycota.g__Ascobolus
1353,OTU1399,321,1,213,592,280,493,66,183,1.05e-45,82.569,p__Chytridiomycota,c__Rhizophydiomycetes,o__Rhizophydiales,f__Rhizophydiaceae,g__Rhizophydiaceae_gen_Incertae_sedis,s__Rhizophydiaceae_sp,Rhizophydiaceae_sp,UDB06442577,SH1279871.09FU,reps,k__Fungi,OTU1399.p__Chytridiomycota.g__Rhizophydiaceae_gen_Incertae_sedis
1354,OTU1400,275,1,214,497,284,497,78,390,4.91e-108,99.533,p__Ascomycota,c__Dothideomycetes,o__Pleosporales,f__Pleosporales_fam_Incertae_sedis,g__Pleosporales_gen_Incertae_sedis,s__Pleosporales_sp,Pleosporales_sp,UDB05012779,SH1199472.09FU,reps,k__Fungi,OTU1400.p__Ascomycota.g__Pleosporales_gen_Incertae_sedis
1355,OTU1401,355,1,294,579,285,579,83,499,1.03e-140,97.288,p__Aphelidiomycota,c__Aphelidiomycota_cls_Incertae_sedis,o__Aphelidiomycota_ord_Incertae_sedis,f__Aphelidiomycota_fam_Incertae_sedis,g__Aphelidiomycota_gen_Incertae_sedis,s__Aphelidiomycota_sp,Aphelidiomycota_sp,UDB01170747,SH1119540.09FU,reps,k__Fungi,OTU1401.p__Aphelidiomycota.g__Aphelidiomycota_gen_Incertae_sedis
1356,OTU1403,394,1,333,1454,1122,1454,85,604,2.36e-172,99.401,p__Chytridiomycota,c__Chytridiomycota_cls_Incertae_sedis,o__Chytridiomycota_ord_Incertae_sedis,f__Chytridiomycota_fam_Incertae_sedis,g__Chytridiomycota_gen_Incertae_sedis,s__Chytridiomycota_sp,Chytridiomycota_sp,UDB02262292,SH1007451.09FU,reps,k__Fungi,OTU1403.p__Chytridiomycota.g__Chytridiomycota_gen_Incertae_sedis
1357,OTU1404,265,1,204,420,220,420,77,318,2.26e-86,95.122,p__Ascomycota,c__Sordariomycetes,o__Sordariales,f__Chaetomiaceae,g__Chaetomium,s__Chaetomium_sp,Chaetomium_sp,UDB01745691,SH1045439.09FU,reps,k__Fungi,OTU1404.p__Ascomycota.g__Chaetomium
1358,OTU1405,305,1,245,471,227,471,80,453,6.87e-127,100,p__Basidiomycota,c__Tremellomycetes,o__Tremellales,f__Carcinomycetaceae,g__Carcinomyces,s__Carcinomyces_nordestinensis,Carcinomyces_nordestinensis,MK792959,SH0986321.09FU,reps,k__Fungi,OTU1405.p__Basidiomycota.g__Carcinomyces
1359,OTU1406,294,1,233,499,267,499,79,431,3.09e-120,100,p__Ascomycota,c__Sordariomycetes,o__Hypocreales,f__Hypocreales_fam_Incertae_sedis,g__Acremonium,s__Acremonium_sp,Acremonium_sp,UDB0839053,SH1291677.09FU,reps,k__Fungi,OTU1406.p__Ascomycota.g__Acremonium
1360,OTU1407,278,1,217,485,269,485,78,401,2.29e-111,100,p__Ascomycota,c__Dothideomycetes,o__Pleosporales,f__Pleosporales_fam_Incertae_sedis,g__Pleosporales_gen_Incertae_sedis,s__Pleosporales_sp,Pleosporales_sp,UDB05037951,SH1298892.09FU,reps,k__Fungi,OTU1407.p__Ascomycota.g__Pleosporales_gen_Incertae_sedis
1361,OTU1408,256,1,195,436,242,436,76,327,3.61e-89,96.923,p__Basidiomycota,c__Tremellomycetes,o__Tremellales,f__Bulleribasidiaceae,g__Vishniacozyma,s__Vishniacozyma_sp,Vishniacozyma_sp,UDB07348385,SH0994196.09FU,reps,k__Fungi,OTU1408.p__Basidiomycota.g__Vishniacozyma
1362,OTU1409,285,1,242,550,309,550,85,448,2.99e-125,100,p__Ascomycota,c__Eurotiomycetes,o__Chaetothyriales,f__Chaetothyriales_fam_Incertae_sedis,g__Anthracina,s__Anthracina_ramosa,Anthracina_ramosa,KP174844,SH1088790.09FU,refs,k__Fungi,OTU1409.p__Ascomycota.g__Anthracina
1363,OTU1410,269,1,210,499,290,499,78,377,3.73e-104,99.048,p__Ascomycota,c__Dothideomycetes,o__Pleosporales,f__Phaeosphaeriaceae,g__Neoophiobolus,s__Neoophiobolus_chromolaenae,Neoophiobolus_chromolaenae,MN994585,SH0889064.09FU,refs,k__Fungi,OTU1410.p__Ascomycota.g__Neoophiobolus
1364,OTU1411,381,1,67,637,342,408,18,80.5,1.71e-14,88.06,p__Chytridiomycota,c__Chytridiomycota_cls_Incertae_sedis,o__Chytridiomycota_ord_Incertae_sedis,f__Chytridiomycota_fam_Incertae_sedis,g__Chytridiomycota_gen_Incertae_sedis,s__Chytridiomycota_sp,Chytridiomycota_sp,UDB02283695,SH1319611.09FU,reps,k__Fungi,OTU1411.p__Chytridiomycota.g__Chytridiomycota_gen_Incertae_sedis
1365,OTU1412,311,1,195,523,298,487,63,172,2.2e-42,83.077,p__Ascomycota,c__Eurotiomycetes,o__Chaetothyriales,f__Chaetothyriaceae,g__Aphanophora,s__Aphanophora_eugeniae,Aphanophora_eugeniae,FJ839617,SH1778392.09FU,refs_singleton,k__Fungi,OTU1412.p__Ascomycota.g__Aphanophora
1366,OTU1416,318,1,258,473,213,473,81,457,5.56e-128,98.467,p__Glomeromycota,c__Glomeromycetes,o__Glomerales,f__Glomeraceae,g__Rhizophagus,s__Rhizophagus_irregularis,Rhizophagus_irregularis,OK184923,SH0907924.09FU,reps,k__Fungi,OTU1416.p__Glomeromycota.g__Rhizophagus
1367,OTU1417,328,1,270,466,195,466,82,451,2.67e-126,96.703,p__Glomeromycota,c__Glomeromycetes,o__Glomerales,f__Glomeraceae,g__Glomus,s__Glomus_sp,Glomus_sp,UDB03149483,SH1027981.09FU,reps,k__Fungi,OTU1417.p__Glomeromycota.g__Glomus
1368,OTU1418,339,300,337,1125,49,12,11,65.8,4.22e-10,97.368,p__Ascomycota,c__Sordariomycetes,o__Hypocreales,f__Nectriaceae,g__Fusarium,s__Fusarium_oxysporum,Fusarium_oxysporum,UDB041458,SH1099032.09FU,reps,k__Fungi,OTU1418.p__Ascomycota.g__Fusarium
1369,OTU1419,317,1,225,545,265,494,71,132,3.81e-30,77.872,p__Basidiomycota,c__Exobasidiomycetes,o__Exobasidiales,f__Brachybasidiaceae,g__Meira,s__Meira_geulakonigae,Meira_geulakonigae,AY158674,SH0888384.09FU,refs,k__Fungi,OTU1419.p__Basidiomycota.g__Meira
1370,OTU1420,290,58,282,469,469,245,78,411,3.97e-114,99.556,p__Ascomycota,c__Sordariomycetes,o__Sordariales,f__Sordariales_fam_Incertae_sedis,g__Sordariales_gen_Incertae_sedis,s__Sordariales_sp,Sordariales_sp,UDB05113794,SH0968845.09FU,reps,k__Fungi,OTU1420.p__Ascomycota.g__Sordariales_gen_Incertae_sedis
1371,OTU1421,282,1,216,484,263,477,77,254,6.91e-67,88.128,p__Ascomycota,c__Sordariomycetes,o__Hypocreales,f__Cordycipitaceae,g__Cordycipitaceae_gen_Incertae_sedis,s__Cordycipitaceae_sp,Cordycipitaceae_sp,UDB04197205,SH0945043.09FU,reps,k__Fungi,OTU1421.p__Ascomycota.g__Cordycipitaceae_gen_Incertae_sedis
1372,OTU1422,279,1,219,498,281,498,78,398,2.98e-110,99.543,p__Ascomycota,c__Eurotiomycetes,o__Chaetothyriales,f__Herpotrichiellaceae,g__Herpotrichiellaceae_gen_Incertae_sedis,s__Herpotrichiellaceae_sp,Herpotrichiellaceae_sp,MF971669,SH0912703.09FU,reps,k__Fungi,OTU1422.p__Ascomycota.g__Herpotrichiellaceae_gen_Incertae_sedis
1373,OTU1423,300,1,177,539,303,483,59,165,3.54e-40,83.516,p__Ascomycota,c__Pezizomycetes,o__Pezizales,f__Pezizaceae,g__Terfezia,s__Terfezia_olbiensis,Terfezia_olbiensis,HM056223,SH1144140.09FU,refs,k__Fungi,OTU1423.p__Ascomycota.g__Terfezia
1374,OTU1424,339,1,278,584,308,584,82,490,5.87e-138,98.561,p__Ascomycota,c__Sordariomycetes,o__Branch06,f__Branch06_fam_Incertae_sedis,g__Branch06_gen_Incertae_sedis,s__Branch06_sp,Branch06_sp,UDB0751309,SH1271018.09FU,reps,k__Fungi,OTU1424.p__Ascomycota.g__Branch06_gen_Incertae_sedis
1375,OTU1425,312,1,268,559,292,559,86,496,1.15e-139,100,p__Basidiomycota,c__Agaricomycetes,o__Russulales,f__Russulaceae,g__Russulaceae_gen_Incertae_sedis,s__Russulaceae_sp,Russulaceae_sp,UDB033444,SH1135800.09FU,reps,k__Fungi,OTU1425.p__Basidiomycota.g__Russulaceae_gen_Incertae_sedis
1376,OTU1427,280,1,219,519,301,519,78,399,8.32e-111,99.543,p__Ascomycota,c__Ascomycota_cls_Incertae_sedis,o__Ascomycota_ord_Incertae_sedis,f__Ascomycota_fam_Incertae_sedis,g__Ascomycota_gen_Incertae_sedis,s__Ascomycota_sp,Ascomycota_sp,UDB01289619,SH1070875.09FU,reps,k__Fungi,OTU1427.p__Ascomycota.g__Ascomycota_gen_Incertae_sedis
1377,OTU1428,255,1,195,437,243,437,76,361,3.54e-99,100,p__Basidiomycota,c__Tremellomycetes,o__Tremellales,f__Tremellales_fam_Incertae_sedis,g__Tremellales_gen_Incertae_sedis,s__Tremellales_sp,Tremellales_sp,KM246183,SH0994226.09FU,reps,k__Fungi,OTU1428.p__Basidiomycota.g__Tremellales_gen_Incertae_sedis
1378,OTU1430,320,1,260,464,206,464,81,418,2.64e-116,95.785,p__Glomeromycota,c__Glomeromycota_cls_Incertae_sedis,o__Glomeromycota_ord_Incertae_sedis,f__Glomeromycota_fam_Incertae_sedis,g__Glomeromycota_gen_Incertae_sedis,s__Glomeromycota_sp,Glomeromycota_sp,MG664453,SH0988920.09FU,reps,k__Fungi,OTU1430.p__Glomeromycota.g__Glomeromycota_gen_Incertae_sedis
1379,OTU1431,329,1,269,492,224,492,82,442,1.61e-123,96.283,p__Basidiomycota,c__Cystobasidiomycetes,o__Erythrobasidiales,f__Erythrobasidiaceae,g__Bannoa,s__Bannoa_ogasawarensis,Bannoa_ogasawarensis,OL853677,SH0918832.09FU,reps,k__Fungi,OTU1431.p__Basidiomycota.g__Bannoa
1380,OTU1432,329,1,269,479,212,479,82,473,5.73e-133,98.513,p__Glomeromycota,c__Glomeromycetes,o__Glomerales,f__Glomeraceae,g__Rhizophagus,s__Rhizophagus_irregularis,Rhizophagus_irregularis,HF968936,SH0908101.09FU,reps,k__Fungi,OTU1432.p__Glomeromycota.g__Rhizophagus
1381,OTU1433,286,1,226,473,249,473,79,394,3.96e-109,98.23,p__Ascomycota,c__Sordariomycetes,o__Glomerellales,f__Plectosphaerellaceae,g__Gibellulopsis,s__Gibellulopsis_simonii,Gibellulopsis_simonii,MK047467,SH2495297.09FU,refs,k__Fungi,OTU1433.p__Ascomycota.g__Gibellulopsis
1382,OTU1434,317,270,315,1125,57,12,15,69.4,3.03e-11,93.478,p__Ascomycota,c__Sordariomycetes,o__Hypocreales,f__Nectriaceae,g__Fusarium,s__Fusarium_oxysporum,Fusarium_oxysporum,UDB041458,SH1099032.09FU,reps,k__Fungi,OTU1434.p__Ascomycota.g__Fusarium
1383,OTU1435,346,1,285,845,561,845,82,383,1.05e-105,91.003,p__Fungi_phy_Incertae_sedis,c__Fungi_cls_Incertae_sedis,o__Fungi_ord_Incertae_sedis,f__Fungi_fam_Incertae_sedis,g__Fungi_gen_Incertae_sedis,s__Fungi_sp,Fungi_sp,UDB02130491,SH1173364.09FU,reps,k__Fungi,OTU1435.p__Fungi_phy_Incertae_sedis.g__Fungi_gen_Incertae_sedis
1384,OTU1436,324,287,322,758,510,545,11,67.6,1.12e-10,100,p__Basidiomycota,c__Agaricomycetes,o__Auriculariales,f__Auriculariales_fam_Incertae_sedis,g__Auriculariales_gen_Incertae_sedis,s__Auriculariales_sp,Auriculariales_sp,JQ272342,SH0954825.09FU,reps,k__Fungi,OTU1436.p__Basidiomycota.g__Auriculariales_gen_Incertae_sedis
1385,OTU1437,316,1,256,469,212,469,81,425,1.56e-118,96.552,p__Glomeromycota,c__Glomeromycetes,o__Glomerales,f__Glomeraceae,g__Rhizophagus,s__Rhizophagus_intraradices,Rhizophagus_intraradices,JF439107,SH0908036.09FU,reps,k__Fungi,OTU1437.p__Glomeromycota.g__Rhizophagus
1386,OTU1438,273,215,271,729,559,503,21,100,9.19e-21,98.246,p__Ascomycota,c__Sordariomycetes,o__Hypocreales,f__Hypocreaceae,g__Trichoderma,s__Trichoderma_sp,Trichoderma_sp,UDB0684998,SH1177165.09FU,reps,k__Fungi,OTU1438.p__Ascomycota.g__Trichoderma
1387,OTU1439,270,1,230,504,278,504,85,311,3.85e-84,91.342,p__Ascomycota,c__Sordariomycetes,o__Sordariales,f__Chaetomiaceae,g__Chaetomium,s__Chaetomium_nepalense,Chaetomium_nepalense,MH861591,SH2145427.09FU,refs,k__Fungi,OTU1439.p__Ascomycota.g__Chaetomium
1388,OTU1440,338,291,336,1125,57,12,14,69.4,3.25e-11,93.478,p__Ascomycota,c__Sordariomycetes,o__Hypocreales,f__Nectriaceae,g__Fusarium,s__Fusarium_oxysporum,Fusarium_oxysporum,UDB041458,SH1099032.09FU,reps,k__Fungi,OTU1440.p__Ascomycota.g__Fusarium
1389,OTU1441,271,1,210,396,186,396,77,383,8.08e-106,99.526,p__Ascomycota,c__Sordariomycetes,o__Sordariales,f__Podosporaceae,g__Podospora,s__Podospora_sp,Podospora_sp,UDB05099541,SH1004568.09FU,reps,k__Fungi,OTU1441.p__Ascomycota.g__Podospora
1390,OTU1442,325,1,264,601,338,601,81,455,2.05e-127,97.727,p__Basidiomycota,c__Agaricomycetes,o__Hymenochaetales,f__Rickenellaceae,g__Peniophorella,s__Peniophorella_sp,Peniophorella_sp,UDB04280056,SH1124821.09FU,reps,k__Fungi,OTU1442.p__Basidiomycota.g__Peniophorella
1391,OTU1443,287,1,228,524,298,524,79,403,6.61e-112,98.684,p__Ascomycota,c__Eurotiomycetes,o__Chaetothyriales,f__Cyphellophoraceae,g__Cyphellophora,s__Cyphellophora_eucalypti,Cyphellophora_eucalypti,KC455238,SH1953486.09FU,refs,k__Fungi,OTU1443.p__Ascomycota.g__Cyphellophora
1392,OTU1444,421,386,419,758,512,545,8,63.9,1.91e-09,100,p__Basidiomycota,c__Agaricomycetes,o__Auriculariales,f__Auriculariales_fam_Incertae_sedis,g__Auriculariales_gen_Incertae_sedis,s__Auriculariales_sp,Auriculariales_sp,JQ272342,SH0954825.09FU,reps,k__Fungi,OTU1444.p__Basidiomycota.g__Auriculariales_gen_Incertae_sedis
1393,OTU1445,320,273,318,1125,57,12,14,69.4,3.06e-11,93.478,p__Ascomycota,c__Sordariomycetes,o__Hypocreales,f__Nectriaceae,g__Fusarium,s__Fusarium_oxysporum,Fusarium_oxysporum,UDB041458,SH1099032.09FU,reps,k__Fungi,OTU1445.p__Ascomycota.g__Fusarium
1394,OTU1446,353,316,351,758,510,545,10,67.6,1.23e-10,100,p__Basidiomycota,c__Agaricomycetes,o__Auriculariales,f__Auriculariales_fam_Incertae_sedis,g__Auriculariales_gen_Incertae_sedis,s__Auriculariales_sp,Auriculariales_sp,JQ272342,SH0954825.09FU,reps,k__Fungi,OTU1446.p__Basidiomycota.g__Auriculariales_gen_Incertae_sedis
1395,OTU1447,329,1,269,530,262,530,82,492,1.58e-138,99.628,p__Basidiomycota,c__Microbotryomycetes,o__Microbotryomycetes_ord_Incertae_sedis,f__Chrysozymaceae,g__Slooffia,s__Slooffia_cresolica,Slooffia_cresolica,AF444570,SH1307403.09FU,refs,k__Fungi,OTU1447.p__Basidiomycota.g__Slooffia
1396,OTU1448,341,294,339,1125,57,12,13,69.4,3.28e-11,93.478,p__Ascomycota,c__Sordariomycetes,o__Hypocreales,f__Nectriaceae,g__Fusarium,s__Fusarium_oxysporum,Fusarium_oxysporum,UDB041458,SH1099032.09FU,reps,k__Fungi,OTU1448.p__Ascomycota.g__Fusarium
1397,OTU1449,367,1,68,479,182,248,19,102,3.5e-21,94.118,p__Glomeromycota,c__Glomeromycetes,o__Glomerales,f__Glomerales_fam_Incertae_sedis,g__Glomerales_gen_Incertae_sedis,s__Glomerales_sp,Glomerales_sp,KY990997,SH1101631.09FU,reps,k__Fungi,OTU1449.p__Glomeromycota.g__Glomerales_gen_Incertae_sedis
1398,OTU1450,268,1,208,480,273,480,78,379,1.03e-104,99.519,p__Ascomycota,c__Dothideomycetes,o__Pleosporales,f__Phaeosphaeriaceae,g__Paraphoma,s__Paraphoma_radicina,Paraphoma_radicina,KF251172,SH0961090.09FU,refs,k__Fungi,OTU1450.p__Ascomycota.g__Paraphoma
1399,OTU1451,285,1,83,478,243,325,29,143,1.58e-33,97.59,p__Ascomycota,c__Dothideomycetes,o__Mycosphaerellales,f__Phaeothecoidiellaceae,g__Translucidithyrium,s__Translucidithyrium_thailandicum,Translucidithyrium_thailandicum,MG993045,SH2105108.09FU,refs_singleton,k__Fungi,OTU1451.p__Ascomycota.g__Translucidithyrium
1400,OTU1452,334,1,273,708,439,708,82,446,1.27e-124,96.337,p__Chytridiomycota,c__Spizellomycetes,o__Spizellomycetales,f__Spizellomycetales_fam_Incertae_sedis,g__Spizellomycetales_gen_Incertae_sedis,s__Spizellomycetales_sp,Spizellomycetales_sp,UDB07389028,SH1133181.09FU,reps,k__Fungi,OTU1452.p__Chytridiomycota.g__Spizellomycetales_gen_Incertae_sedis
1401,OTU1453,279,1,219,428,210,428,78,399,8.28e-111,99.543,p__Basidiomycota,c__Tremellomycetes,o__Tremellales,f__Bulleribasidiaceae,g__Bulleribasidiaceae_gen_Incertae_sedis,s__Bulleribasidiaceae_sp,Bulleribasidiaceae_sp,UDB01571912,SH0999918.09FU,reps,k__Fungi,OTU1453.p__Basidiomycota.g__Bulleribasidiaceae_gen_Incertae_sedis
1402,OTU1454,266,1,221,478,261,478,83,350,8.03e-96,95.475,p__Ascomycota,c__Dothideomycetes,o__Mycosphaerellales,f__Mycosphaerellaceae,g__Zasmidium,s__Zasmidium_liboense,Zasmidium_liboense,MT683373,SH1547691.09FU,refs_singleton,k__Fungi,OTU1454.p__Ascomycota.g__Zasmidium
1403,OTU1455,313,57,305,474,474,226,80,449,9.14e-126,99.197,p__Ascomycota,c__Sordariomycetes,o__Hypocreales,f__Stachybotryaceae,g__Stachybotrys,s__Stachybotrys_chartarum,Stachybotrys_chartarum,EF568081,SH1073994.09FU,refs,k__Fungi,OTU1455.p__Ascomycota.g__Stachybotrys
1404,OTU1456,281,1,179,551,327,504,64,235,2.49e-61,90.556,p__Ascomycota,c__Eurotiomycetes,o__Chaetothyriales,f__Herpotrichiellaceae,g__Herpotrichiellaceae_gen_Incertae_sedis,s__Herpotrichiellaceae_sp,Herpotrichiellaceae_sp,UDB03385034,SH0898489.09FU,reps,k__Fungi,OTU1456.p__Ascomycota.g__Herpotrichiellaceae_gen_Incertae_sedis
1405,OTU1457,267,1,203,473,268,471,76,331,2.92e-90,96.117,p__Ascomycota,c__Dothideomycetes,o__Capnodiales,f__Neodevriesiaceae,g__Neodevriesia,s__Neodevriesia_sp,Neodevriesia_sp,UDB02024640,SH0960613.09FU,reps,k__Fungi,OTU1457.p__Ascomycota.g__Neodevriesia
1406,OTU1458,318,1,257,591,335,591,81,453,7.19e-127,98.444,p__Basidiomycota,c__Agaricomycetes,o__Agaricales,f__Entolomataceae,g__Entoloma,s__Entoloma_sp,Entoloma_sp,UDB05329235,SH1167378.09FU,reps,k__Fungi,OTU1458.p__Basidiomycota.g__Entoloma
1407,OTU1459,398,334,396,1228,566,503,16,78.7,6.44e-14,89.062,p__Basidiomycota,c__Agaricomycetes,o__Agaricales,f__Psathyrellaceae,g__Lacrymaria,s__Lacrymaria_glareosa,Lacrymaria_glareosa,UDB073985,SH1319901.09FU,reps,k__Fungi,OTU1459.p__Basidiomycota.g__Lacrymaria
1408,OTU1460,349,1,105,728,406,514,30,148,4.2e-35,91.743,p__Fungi_phy_Incertae_sedis,c__Fungi_cls_Incertae_sedis,o__Fungi_ord_Incertae_sedis,f__Fungi_fam_Incertae_sedis,g__Fungi_gen_Incertae_sedis,s__Fungi_sp,Fungi_sp,UDB02145562,SH1136594.09FU,reps,k__Fungi,OTU1460.p__Fungi_phy_Incertae_sedis.g__Fungi_gen_Incertae_sedis
1409,OTU1461,408,1,349,682,335,682,86,630,4.05e-180,99.14,p__Basidiomycota,c__Ustilaginomycetes,o__Ustilaginales,f__Ustilaginaceae,g__Ustilago,s__Ustilago_sp,Ustilago_sp,KF800126,SH1146176.09FU,reps,k__Fungi,OTU1461.p__Basidiomycota.g__Ustilago
1410,OTU1462,316,1,255,492,241,492,81,379,1.23e-104,93.725,p__Basidiomycota,c__Agaricomycetes,o__Thelephorales,f__Thelephorales_fam_Incertae_sedis,g__Thelephorales_gen_Incertae_sedis,s__Thelephorales_sp,Thelephorales_sp,UDB05526983,SH0963533.09FU,reps,k__Fungi,OTU1462.p__Basidiomycota.g__Thelephorales_gen_Incertae_sedis
1411,OTU1463,330,293,328,758,510,545,11,67.6,1.14e-10,100,p__Basidiomycota,c__Agaricomycetes,o__Auriculariales,f__Auriculariales_fam_Incertae_sedis,g__Auriculariales_gen_Incertae_sedis,s__Auriculariales_sp,Auriculariales_sp,JQ272342,SH0954825.09FU,reps,k__Fungi,OTU1463.p__Basidiomycota.g__Auriculariales_gen_Incertae_sedis
1412,OTU1464,272,1,103,443,248,349,38,145,4.17e-34,92.233,p__Ascomycota,c__Dothideomycetes,o__Mycosphaerellales,f__Extremaceae,g__Extremaceae_gen_Incertae_sedis,s__Extremaceae_sp,Extremaceae_sp,UDB02020528,SH0996513.09FU,reps,k__Fungi,OTU1464.p__Ascomycota.g__Extremaceae_gen_Incertae_sedis
1413,OTU1465,282,1,221,525,304,525,78,381,3.04e-105,97.748,p__Ascomycota,c__Eurotiomycetes,o__Chaetothyriales,f__Chaetothyriales_fam_Incertae_sedis,g__Chaetothyriales_gen_Incertae_sedis,s__Chaetothyriales_sp,Chaetothyriales_sp,UDB04508857,SH1233321.09FU,reps,k__Fungi,OTU1465.p__Ascomycota.g__Chaetothyriales_gen_Incertae_sedis
1414,OTU1466,316,3,283,492,209,492,89,472,1.97e-132,96.831,p__Glomeromycota,c__Glomeromycetes,o__Diversisporales,f__Diversisporaceae,g__Diversisporaceae_gen_Incertae_sedis,s__Diversisporaceae_sp,Diversisporaceae_sp,HE775358,SH0981127.09FU,reps,k__Fungi,OTU1466.p__Glomeromycota.g__Diversisporaceae_gen_Incertae_sedis
1415,OTU1468,406,1,321,884,547,860,79,387,9.62e-107,88.854,p__Chytridiomycota,c__Chytridiomycota_cls_Incertae_sedis,o__Chytridiomycota_ord_Incertae_sedis,f__Chytridiomycota_fam_Incertae_sedis,g__Chytridiomycota_gen_Incertae_sedis,s__Chytridiomycota_sp,Chytridiomycota_sp,UDB02273624,SH1017845.09FU,reps,k__Fungi,OTU1468.p__Chytridiomycota.g__Chytridiomycota_gen_Incertae_sedis
1416,OTU1469,354,1,293,907,608,907,83,381,3.86e-105,90.132,p__Chytridiomycota,c__Spizellomycetes,o__Spizellomycetales,f__Spizellomycetales_fam_Incertae_sedis,g__Spizellomycetales_gen_Incertae_sedis,s__Spizellomycetales_sp,Spizellomycetales_sp,UDB07388785,SH1100244.09FU,reps,k__Fungi,OTU1469.p__Chytridiomycota.g__Spizellomycetales_gen_Incertae_sedis
1417,OTU1470,303,258,301,1125,55,12,15,71.3,8.03e-12,95.455,p__Ascomycota,c__Sordariomycetes,o__Hypocreales,f__Nectriaceae,g__Fusarium,s__Fusarium_oxysporum,Fusarium_oxysporum,UDB041458,SH1099032.09FU,reps,k__Fungi,OTU1470.p__Ascomycota.g__Fusarium
1418,OTU1471,338,1,277,583,308,583,82,455,2.14e-127,96.39,p__Basidiomycota,c__Agaricomycetes,o__Thelephorales,f__Thelephoraceae,g__Tomentella,s__Tomentella_sp,Tomentella_sp,UDB05634540,SH0922371.09FU,reps,k__Fungi,OTU1471.p__Basidiomycota.g__Tomentella
1419,OTU1472,231,1,172,351,180,351,74,296,9.08e-80,97.674,p__Ascomycota,c__Saccharomycetes,o__Saccharomycetales,f__Debaryomycetaceae,g__Hyphopichia,s__Hyphopichia_sp,Hyphopichia_sp,UDB03555708,SH1088421.09FU,reps,k__Fungi,OTU1472.p__Ascomycota.g__Hyphopichia
1420,OTU1473,322,1,262,515,254,515,81,468,2.6e-131,98.855,p__Basidiomycota,c__Microbotryomycetes,o__Sporidiobolales,f__Sporidiobolaceae,g__Rhodosporidiobolus,s__Rhodosporidiobolus_jianfalingensis,Rhodosporidiobolus_jianfalingensis,MK050402,SH1008780.09FU,refs,k__Fungi,OTU1473.p__Basidiomycota.g__Rhodosporidiobolus
1421,OTU1474,271,1,211,500,290,500,78,385,2.25e-106,99.526,p__Ascomycota,c__Dothideomycetes,o__Pleosporales,f__Phaeosphaeriaceae,g__Setophoma,s__Setophoma_vernoniae,Setophoma_vernoniae,KJ869141,SH0905170.09FU,refs,k__Fungi,OTU1474.p__Ascomycota.g__Setophoma
1422,OTU1475,270,1,206,479,271,476,76,359,1.36e-98,98.058,p__Fungi_phy_Incertae_sedis,c__Fungi_cls_Incertae_sedis,o__Fungi_ord_Incertae_sedis,f__Fungi_fam_Incertae_sedis,g__Fungi_gen_Incertae_sedis,s__Fungi_sp,Fungi_sp,KU534840,SH0965365.09FU,reps,k__Fungi,OTU1475.p__Fungi_phy_Incertae_sedis.g__Fungi_gen_Incertae_sedis
1423,OTU1476,328,1,295,514,220,514,90,484,2.64e-136,96.296,p__Glomeromycota,c__Glomeromycetes,o__Glomerales,f__Claroideoglomeraceae,g__Claroideoglomus,s__Claroideoglomus_sp,Claroideoglomus_sp,AM384930,SH0922285.09FU,reps,k__Fungi,OTU1476.p__Glomeromycota.g__Claroideoglomus
1424,OTU1477,282,1,222,511,289,511,79,405,1.8e-112,99.552,p__Ascomycota,c__Eurotiomycetes,o__Eurotiales,f__Aspergillaceae,g__Aspergillus,s__Aspergillus_piperis,Aspergillus_piperis,FJ629352,SH1082749.09FU,refs,k__Fungi,OTU1477.p__Ascomycota.g__Aspergillus
1425,OTU1478,400,361,398,758,508,545,10,71.3,1.08e-11,100,p__Basidiomycota,c__Agaricomycetes,o__Auriculariales,f__Auriculariales_fam_Incertae_sedis,g__Auriculariales_gen_Incertae_sedis,s__Auriculariales_sp,Auriculariales_sp,JQ272342,SH0954825.09FU,reps,k__Fungi,OTU1478.p__Basidiomycota.g__Auriculariales_gen_Incertae_sedis
1426,OTU1479,268,1,208,477,272,477,78,206,1.85e-52,84.906,p__Ascomycota,c__Saccharomycetes,o__Saccharomycetales,f__Trichomonascaceae,g__Blastobotrys,s__Blastobotrys_arbuscula,Blastobotrys_arbuscula,OL772655,SH1004490.09FU,refs,k__Fungi,OTU1479.p__Ascomycota.g__Blastobotrys
1427,OTU1480,371,1,311,710,401,710,84,457,6.56e-128,93.248,p__Fungi_phy_Incertae_sedis,c__Fungi_cls_Incertae_sedis,o__Fungi_ord_Incertae_sedis,f__Fungi_fam_Incertae_sedis,g__Fungi_gen_Incertae_sedis,s__Fungi_sp,Fungi_sp,UDB0750761,SH1122208.09FU,reps,k__Fungi,OTU1480.p__Fungi_phy_Incertae_sedis.g__Fungi_gen_Incertae_sedis
1428,OTU1481,287,1,238,549,311,549,83,418,2.36e-116,98.333,p__Ascomycota,c__Sordariomycetes,o__Hypocreales,f__Hypocreaceae,g__Trichoderma,s__Trichoderma_aggressivum,Trichoderma_aggressivum,MF967528,SH0961506.09FU,reps,k__Fungi,OTU1481.p__Ascomycota.g__Trichoderma
1429,OTU1482,353,1,292,502,211,502,83,529,1.3e-149,99.315,p__Glomeromycota,c__Glomeromycetes,o__Glomerales,f__Glomeraceae,g__Septoglomus,s__Septoglomus_sp,Septoglomus_sp,UDB06941508,SH0882753.09FU,reps,k__Fungi,OTU1482.p__Glomeromycota.g__Septoglomus
1430,OTU1483,355,299,353,1125,66,12,15,69.4,3.43e-11,89.091,p__Ascomycota,c__Sordariomycetes,o__Hypocreales,f__Nectriaceae,g__Fusarium,s__Fusarium_oxysporum,Fusarium_oxysporum,UDB041458,SH1099032.09FU,reps,k__Fungi,OTU1483.p__Ascomycota.g__Fusarium
1431,OTU1484,280,1,219,516,294,516,78,292,1.45e-78,90.667,p__Ascomycota,c__Eurotiomycetes,o__Chaetothyriales,f__Chaetothyriales_fam_Incertae_sedis,g__Chaetothyriales_gen_Incertae_sedis,s__Chaetothyriales_sp,Chaetothyriales_sp,UDB01803383,SH0898488.09FU,reps,k__Fungi,OTU1484.p__Ascomycota.g__Chaetothyriales_gen_Incertae_sedis
1432,OTU1485,322,1,262,536,275,536,81,440,5.67e-123,96.947,p__Monoblepharomycota,c__Monoblepharidomycetes,o__Monoblepharidales,f__Monoblepharidales_fam_Incertae_sedis,g__Monoblepharidales_gen_Incertae_sedis,s__Monoblepharidales_sp,Monoblepharidales_sp,UDB04224407,SH0917026.09FU,reps,k__Fungi,OTU1485.p__Monoblepharomycota.g__Monoblepharidales_gen_Incertae_sedis
1433,OTU1486,281,1,221,418,198,418,79,403,6.45e-112,99.548,p__Ascomycota,c__Sordariomycetes,o__Glomerellales,f__Plectosphaerellaceae,g__Verticillium,s__Verticillium_zaregamsianum,Verticillium_zaregamsianum,JN188005,SH2786076.09FU,refs,k__Fungi,OTU1486.p__Ascomycota.g__Verticillium
1434,OTU1487,290,1,229,519,291,519,79,412,1.1e-114,99.127,p__Ascomycota,c__Sordariomycetes,o__Amphisphaeriales,f__Amphisphaeriales_fam_Incertae_sedis,g__Amphisphaeriales_gen_Incertae_sedis,s__Amphisphaeriales_sp,Amphisphaeriales_sp,UDB01116388,SH0949200.09FU,reps,k__Fungi,OTU1487.p__Ascomycota.g__Amphisphaeriales_gen_Incertae_sedis
1435,OTU1488,291,44,283,492,492,252,82,399,8.63e-111,96.694,p__Ascomycota,c__Sordariomycetes,o__Sordariales,f__Chaetomiaceae,g__Chaetomidium,s__Chaetomidium_leptoderma,Chaetomidium_leptoderma,JN573176,SH0881853.09FU,refs,k__Fungi,OTU1488.p__Ascomycota.g__Chaetomidium
1436,OTU1489,132,1,130,495,380,251,98,241,2.28e-63,100,p__Ascomycota,c__Sordariomycetes,o__Xylariales,f__Xylariaceae,g__Ascotricha,s__Ascotricha_lusitanica,Ascotricha_lusitanica,KF893289,SH2558145.09FU,refs_singleton,k__Fungi,OTU1489.p__Ascomycota.g__Ascotricha
1437,OTU1490,362,1,76,575,275,354,21,111,5.73e-24,92.5,p__Chytridiomycota,c__Chytridiomycota_cls_Incertae_sedis,o__Chytridiomycota_ord_Incertae_sedis,f__Chytridiomycota_fam_Incertae_sedis,g__Chytridiomycota_gen_Incertae_sedis,s__Chytridiomycota_sp,Chytridiomycota_sp,UDB02252179,SH1306011.09FU,reps,k__Fungi,OTU1490.p__Chytridiomycota.g__Chytridiomycota_gen_Incertae_sedis
1438,OTU1491,376,320,371,581,475,527,14,52.8,3.67e-06,85.185,p__Ascomycota,c__Leotiomycetes,o__Helotiales,f__Dermateaceae,g__Pezicula,s__Pezicula_radicicola,Pezicula_radicicola,FJ179465,SH0975489.09FU,reps,k__Fungi,OTU1491.p__Ascomycota.g__Pezicula
1439,OTU1492,240,205,235,581,496,527,13,52.8,2.26e-06,96.875,p__Ascomycota,c__Leotiomycetes,o__Helotiales,f__Dermateaceae,g__Pezicula,s__Pezicula_radicicola,Pezicula_radicicola,FJ179465,SH0975489.09FU,reps,k__Fungi,OTU1492.p__Ascomycota.g__Pezicula
1440,OTU1493,319,1,259,496,238,496,81,451,2.59e-126,98.069,p__Chytridiomycota,c__Chytridiomycetes,o__Chytridiales,f__Chytridiaceae,g__Phlyctochytrium,s__Phlyctochytrium_arcticum,Phlyctochytrium_arcticum,MT730743,SH1075626.09FU,reps,k__Fungi,OTU1493.p__Chytridiomycota.g__Phlyctochytrium
1441,OTU1494,355,1,217,1081,759,985,61,122,2.59e-27,77.489,p__Chytridiomycota,c__Chytridiomycota_cls_Incertae_sedis,o__Chytridiomycota_ord_Incertae_sedis,f__Chytridiomycota_fam_Incertae_sedis,g__Chytridiomycota_gen_Incertae_sedis,s__Chytridiomycota_sp,Chytridiomycota_sp,UDB02256398,SH1320216.09FU,reps,k__Fungi,OTU1494.p__Chytridiomycota.g__Chytridiomycota_gen_Incertae_sedis
1442,OTU1495,296,1,235,635,403,635,79,327,4.21e-89,91.915,p__Ascomycota,c__Ascomycota_cls_Incertae_sedis,o__Ascomycota_ord_Incertae_sedis,f__Ascomycota_fam_Incertae_sedis,g__Ascomycota_gen_Incertae_sedis,s__Ascomycota_sp,Ascomycota_sp,UDB01397325,SH1265424.09FU,reps,k__Fungi,OTU1495.p__Ascomycota.g__Ascomycota_gen_Incertae_sedis
1443,OTU1496,426,368,424,1125,68,12,13,78.7,6.92e-14,91.228,p__Ascomycota,c__Sordariomycetes,o__Hypocreales,f__Nectriaceae,g__Fusarium,s__Fusarium_oxysporum,Fusarium_oxysporum,UDB041458,SH1099032.09FU,reps,k__Fungi,OTU1496.p__Ascomycota.g__Fusarium
1444,OTU1498,337,265,335,758,475,545,21,71.3,9.01e-12,84.932,p__Basidiomycota,c__Agaricomycetes,o__Auriculariales,f__Auriculariales_fam_Incertae_sedis,g__Auriculariales_gen_Incertae_sedis,s__Auriculariales_sp,Auriculariales_sp,JQ272342,SH0954825.09FU,reps,k__Fungi,OTU1498.p__Basidiomycota.g__Auriculariales_gen_Incertae_sedis
1445,OTU1499,348,1,288,551,264,551,83,510,4.64e-144,98.611,p__Basidiomycota,c__Tremellomycetes,o__Cystofilobasidiales,f__Mrakiaceae,g__Mrakia,s__Mrakia_blollopis,Mrakia_blollopis,AY038826,SH3145738.09FU,refs,k__Fungi,OTU1499.p__Basidiomycota.g__Mrakia
1446,OTU1500,257,1,197,445,248,443,77,318,2.18e-86,95.96,p__Ascomycota,c__Dothideomycetes,o__Mycosphaerellales,f__Teratosphaeriaceae,g__Devriesia,s__Devriesia_sp,Devriesia_sp,KC978010,SH1021100.09FU,reps,k__Fungi,OTU1500.p__Ascomycota.g__Devriesia
1447,OTU1501,355,299,350,581,475,527,15,52.8,3.45e-06,84.906,p__Ascomycota,c__Leotiomycetes,o__Helotiales,f__Dermateaceae,g__Pezicula,s__Pezicula_radicicola,Pezicula_radicicola,FJ179465,SH0975489.09FU,reps,k__Fungi,OTU1501.p__Ascomycota.g__Pezicula
1448,OTU1502,289,57,281,447,447,224,78,398,3.08e-110,98.667,p__Ascomycota,c__Dothideomycetes,o__Pleosporales,f__Cucurbitariaceae,g__Pyrenochaetopsis,s__Pyrenochaetopsis_indica,Pyrenochaetopsis_indica,LT623224,SH0994475.09FU,refs,k__Fungi,OTU1502.p__Ascomycota.g__Pyrenochaetopsis
1449,OTU1503,316,1,210,492,268,475,66,215,3.67e-55,85.446,p__Ascomycota,c__Sordariomycetes,o__Hypocreales,f__Tilachlidiaceae,g__Tilachlidium,s__Tilachlidium_sp,Tilachlidium_sp,UDB05544371,SH0943549.09FU,reps,k__Fungi,OTU1503.p__Ascomycota.g__Tilachlidium
1450,OTU1504,345,1,285,515,230,515,83,521,2.12e-147,99.65,p__Glomeromycota,c__Glomeromycetes,o__Glomerales,f__Glomeraceae,g__Septoglomus,s__Septoglomus_viscosum,Septoglomus_viscosum,KC182040,SH0939954.09FU,reps,k__Fungi,OTU1504.p__Glomeromycota.g__Septoglomus
1451,OTU1505,325,278,323,1125,57,12,14,69.4,3.12e-11,93.478,p__Ascomycota,c__Sordariomycetes,o__Hypocreales,f__Nectriaceae,g__Fusarium,s__Fusarium_oxysporum,Fusarium_oxysporum,UDB041458,SH1099032.09FU,reps,k__Fungi,OTU1505.p__Ascomycota.g__Fusarium
1452,OTU1506,296,1,235,547,312,547,79,412,1.13e-114,98.305,p__Ascomycota,c__Ascomycota_cls_Incertae_sedis,o__Ascomycota_ord_Incertae_sedis,f__Ascomycota_fam_Incertae_sedis,g__Ascomycota_gen_Incertae_sedis,s__Ascomycota_sp,Ascomycota_sp,UDB01399462,SH0892671.09FU,reps,k__Fungi,OTU1506.p__Ascomycota.g__Ascomycota_gen_Incertae_sedis
1453,OTU1507,323,1,64,566,284,348,20,97.1,1.42e-19,93.846,p__Chytridiomycota,c__Chytridiomycota_cls_Incertae_sedis,o__Chytridiomycota_ord_Incertae_sedis,f__Chytridiomycota_fam_Incertae_sedis,g__Chytridiomycota_gen_Incertae_sedis,s__Chytridiomycota_sp,Chytridiomycota_sp,UDB02300361,SH0897721.09FU,reps,k__Fungi,OTU1507.p__Chytridiomycota.g__Chytridiomycota_gen_Incertae_sedis
1454,OTU1508,367,1,86,737,419,504,23,110,2.09e-23,89.655,p__Fungi_phy_Incertae_sedis,c__Fungi_cls_Incertae_sedis,o__Fungi_ord_Incertae_sedis,f__Fungi_fam_Incertae_sedis,g__Fungi_gen_Incertae_sedis,s__Fungi_sp,Fungi_sp,UDB0751837,SH1321765.09FU,reps,k__Fungi,OTU1508.p__Fungi_phy_Incertae_sedis.g__Fungi_gen_Incertae_sedis
1455,OTU1509,317,1,203,490,255,453,64,189,2.23e-47,83.902,p__Rozellomycota,c__Rozellomycota_cls_Incertae_sedis,o__Rozellomycota_ord_Incertae_sedis,f__Rozellomycota_fam_Incertae_sedis,g__Rozellomycota_gen_Incertae_sedis,s__Rozellomycota_sp,Rozellomycota_sp,UDB06720950,SH1192130.09FU,reps,k__Fungi,OTU1509.p__Rozellomycota.g__Rozellomycota_gen_Incertae_sedis
1456,OTU1510,376,1,222,737,419,645,59,171,9.71e-42,80.952,p__Fungi_phy_Incertae_sedis,c__Fungi_cls_Incertae_sedis,o__Fungi_ord_Incertae_sedis,f__Fungi_fam_Incertae_sedis,g__Fungi_gen_Incertae_sedis,s__Fungi_sp,Fungi_sp,UDB0751837,SH1321765.09FU,reps,k__Fungi,OTU1510.p__Fungi_phy_Incertae_sedis.g__Fungi_gen_Incertae_sedis
1457,OTU1511,276,1,210,551,327,539,76,307,5.1e-83,92.991,p__Ascomycota,c__Eurotiomycetes,o__Chaetothyriales,f__Herpotrichiellaceae,g__Herpotrichiellaceae_gen_Incertae_sedis,s__Herpotrichiellaceae_sp,Herpotrichiellaceae_sp,UDB03385034,SH0898489.09FU,reps,k__Fungi,OTU1511.p__Ascomycota.g__Herpotrichiellaceae_gen_Incertae_sedis
1458,OTU1512,349,293,344,581,475,527,15,63.9,1.57e-09,88.679,p__Ascomycota,c__Leotiomycetes,o__Helotiales,f__Dermateaceae,g__Pezicula,s__Pezicula_radicicola,Pezicula_radicicola,FJ179465,SH0975489.09FU,reps,k__Fungi,OTU1512.p__Ascomycota.g__Pezicula
1459,OTU1513,272,1,211,454,245,454,78,377,3.78e-104,99.052,p__Ascomycota,c__Dothideomycetes,o__Mycosphaerellales,f__Mycosphaerellaceae,g__Zymoseptoria,s__Zymoseptoria_sp,Zymoseptoria_sp,UDB07631078,SH0989553.09FU,reps,k__Fungi,OTU1513.p__Ascomycota.g__Zymoseptoria
1460,OTU1514,272,1,208,459,253,458,76,355,1.77e-97,97.596,p__Ascomycota,c__Sordariomycetes,o__Sordariales,f__Podosporaceae,g__Podosporaceae_gen_Incertae_sedis,s__Podosporaceae_sp,Podosporaceae_sp,UDB05114302,SH1033705.09FU,reps,k__Fungi,OTU1514.p__Ascomycota.g__Podosporaceae_gen_Incertae_sedis
1461,OTU1515,265,1,225,483,265,483,85,305,1.76e-82,91.63,p__Ascomycota,c__Lecanoromycetes,o__Lecanoromycetes_ord_Incertae_sedis,f__Micropeltidaceae,g__Micropeltis,s__Micropeltis_ficina,Micropeltis_ficina,MW063189,SH1160562.09FU,refs,k__Fungi,OTU1515.p__Ascomycota.g__Micropeltis
1462,OTU1516,317,261,312,581,475,527,16,58.4,6.56e-08,86.792,p__Ascomycota,c__Leotiomycetes,o__Helotiales,f__Dermateaceae,g__Pezicula,s__Pezicula_radicicola,Pezicula_radicicola,FJ179465,SH0975489.09FU,reps,k__Fungi,OTU1516.p__Ascomycota.g__Pezicula
1463,OTU1517,365,318,363,1125,57,12,13,69.4,3.53e-11,93.478,p__Ascomycota,c__Sordariomycetes,o__Hypocreales,f__Nectriaceae,g__Fusarium,s__Fusarium_oxysporum,Fusarium_oxysporum,UDB041458,SH1099032.09FU,reps,k__Fungi,OTU1517.p__Ascomycota.g__Fusarium
1464,OTU1518,284,1,224,520,298,520,79,396,1.09e-109,98.661,p__Ascomycota,c__Eurotiomycetes,o__Chaetothyriales,f__Strelitzianaceae,g__Strelitziana,s__Strelitziana_malaysiana,Strelitziana_malaysiana,KR476731,SH1434952.09FU,refs_singleton,k__Fungi,OTU1518.p__Ascomycota.g__Strelitziana
1465,OTU1519,303,1,240,518,298,516,79,235,2.69e-61,86.008,p__Ascomycota,c__Eurotiomycetes,o__Onygenales,f__Onygenales_fam_Incertae_sedis,g__Onygenales_gen_Incertae_sedis,s__Onygenales_sp,Onygenales_sp,UDB02511955,SH0919532.09FU,reps,k__Fungi,OTU1519.p__Ascomycota.g__Onygenales_gen_Incertae_sedis
1466,OTU1520,284,1,244,509,266,508,86,416,8.39e-116,97.551,p__Ascomycota,c__Sordariomycetes,o__Hypocreales,f__Hypocreales_fam_Incertae_sedis,g__Sarocladium,s__Sarocladium_dejongiae,Sarocladium_dejongiae,MK069419,SH0913432.09FU,refs,k__Fungi,OTU1520.p__Ascomycota.g__Sarocladium
1467,OTU1521,342,295,340,1125,57,12,13,69.4,3.29e-11,93.478,p__Ascomycota,c__Sordariomycetes,o__Hypocreales,f__Nectriaceae,g__Fusarium,s__Fusarium_oxysporum,Fusarium_oxysporum,UDB041458,SH1099032.09FU,reps,k__Fungi,OTU1521.p__Ascomycota.g__Fusarium
1468,OTU1522,360,56,299,244,1,244,68,451,2.96e-126,100,p__Blastocladiomycota,c__Blastocladiomycetes,o__Blastocladiales,f__Physodermataceae,g__Paraphysoderma,s__Paraphysoderma_sp,Paraphysoderma_sp,MK018332,SH1174843.09FU,reps,k__Fungi,OTU1522.p__Blastocladiomycota.g__Paraphysoderma
1469,OTU1523,282,1,217,495,270,485,77,361,3.96e-99,96.774,p__Ascomycota,c__Sordariomycetes,o__Xylariales,f__Xylariaceae,g__Ascotricha,s__Ascotricha_lusitanica,Ascotricha_lusitanica,KF893289,SH2558145.09FU,refs_singleton,k__Fungi,OTU1523.p__Ascomycota.g__Ascotricha
1470,OTU1524,359,1,298,770,474,770,83,405,2.33e-112,91.419,p__Chytridiomycota,c__Spizellomycetes,o__Spizellomycetales,f__Spizellomycetales_fam_Incertae_sedis,g__Spizellomycetales_gen_Incertae_sedis,s__Spizellomycetales_sp,Spizellomycetales_sp,UDB07389060,SH1166512.09FU,reps,k__Fungi,OTU1524.p__Chytridiomycota.g__Spizellomycetales_gen_Incertae_sedis
1471,OTU1525,390,351,388,758,507,545,10,65.8,4.9e-10,97.436,p__Basidiomycota,c__Agaricomycetes,o__Auriculariales,f__Auriculariales_fam_Incertae_sedis,g__Auriculariales_gen_Incertae_sedis,s__Auriculariales_sp,Auriculariales_sp,JQ272342,SH0954825.09FU,reps,k__Fungi,OTU1525.p__Basidiomycota.g__Auriculariales_gen_Incertae_sedis
1472,OTU1526,365,1,304,640,337,640,83,545,1.34e-154,99.013,p__Chytridiomycota,c__Rhizophlyctidomycetes,o__Rhizophlyctidales,f__Rhizophlyctidaceae,g__Rhizophlyctidaceae_gen_Incertae_sedis,s__Rhizophlyctidaceae_sp,Rhizophlyctidaceae_sp,UDB06381196,SH1213408.09FU,reps,k__Fungi,OTU1526.p__Chytridiomycota.g__Rhizophlyctidaceae_gen_Incertae_sedis
1473,OTU1527,292,1,209,463,235,446,72,239,2e-62,87.442,p__Basidiomycota,c__Tremellomycetes,o__Tremellales,f__Trimorphomycetaceae,g__Trimorphomycetaceae_gen_Incertae_sedis,s__Trimorphomycetaceae_sp,Trimorphomycetaceae_sp,UDB06653395,SH1104385.09FU,reps,k__Fungi,OTU1527.p__Basidiomycota.g__Trimorphomycetaceae_gen_Incertae_sedis
1474,OTU1528,299,1,235,500,266,498,79,300,9.27e-81,89.873,p__Ascomycota,c__Sordariomycetes,o__Hypocreales,f__Hypocreales_fam_Incertae_sedis,g__Hypocreales_gen_Incertae_sedis,s__Hypocreales_sp,Hypocreales_sp,UDB03569463,SH0943655.09FU,reps,k__Fungi,OTU1528.p__Ascomycota.g__Hypocreales_gen_Incertae_sedis
1475,OTU1529,284,1,195,488,230,420,69,185,2.57e-46,84.343,p__Fungi_phy_Incertae_sedis,c__Fungi_cls_Incertae_sedis,o__Fungi_ord_Incertae_sedis,f__Fungi_fam_Incertae_sedis,g__Fungi_gen_Incertae_sedis,s__Fungi_sp,Fungi_sp,UDB067797,SH1030120.09FU,reps,k__Fungi,OTU1529.p__Fungi_phy_Incertae_sedis.g__Fungi_gen_Incertae_sedis
1476,OTU1530,273,1,202,387,175,376,74,302,2.35e-81,93.659,p__Ascomycota,c__Dothideomycetes,o__Dothideomycetes_ord_Incertae_sedis,f__Dothideomycetes_fam_Incertae_sedis,g__Dothideomycetes_gen_Incertae_sedis,s__Dothideomycetes_sp,Dothideomycetes_sp,JX136635,SH1123768.09FU,reps,k__Fungi,OTU1530.p__Ascomycota.g__Dothideomycetes_gen_Incertae_sedis
1477,OTU1531,324,1,263,624,362,624,81,448,3.41e-125,97.338,p__Basidiomycota,c__Agaricomycetes,o__Agaricales,f__Crepidotaceae,g__Simocybe,s__Simocybe_sp,Simocybe_sp,UDB07020796,SH1256373.09FU,reps,k__Fungi,OTU1531.p__Basidiomycota.g__Simocybe
1478,OTU1532,313,58,313,501,501,248,82,433,9.21e-121,97.266,p__Ascomycota,c__Sordariomycetes,o__Hypocreales,f__Stachybotryaceae,g__Stachybotryaceae_gen_Incertae_sedis,s__Stachybotryaceae_sp,Stachybotryaceae_sp,UDB01844847,SH1074043.09FU,reps,k__Fungi,OTU1532.p__Ascomycota.g__Stachybotryaceae_gen_Incertae_sedis
1479,OTU1533,327,1,260,597,331,591,80,425,1.62e-118,96.169,p__Ascomycota,c__Pezizomycetes,o__Pezizales,f__Pezizales_fam_Incertae_sedis,g__Pezizales_gen_Incertae_sedis,s__Pezizales_sp,Pezizales_sp,UDB04328627,SH1272457.09FU,reps,k__Fungi,OTU1533.p__Ascomycota.g__Pezizales_gen_Incertae_sedis
1480,OTU1534,265,1,205,444,240,444,77,363,1.03e-99,98.537,p__Ascomycota,c__Sordariomycetes,o__Sordariales,f__Sordariales_fam_Incertae_sedis,g__Sordariales_gen_Incertae_sedis,s__Sordariales_sp,Sordariales_sp,JN859392,SH0997649.09FU,reps,k__Fungi,OTU1534.p__Ascomycota.g__Sordariales_gen_Incertae_sedis
1481,OTU1535,289,1,224,495,269,493,78,392,1.43e-108,98.222,p__Ascomycota,c__Sordariomycetes,o__Hypocreales,f__Bionectriaceae,g__Paracylindrocarpon,s__Paracylindrocarpon_nabanheensis,Paracylindrocarpon_nabanheensis,MH388356,SH0885372.09FU,refs,k__Fungi,OTU1535.p__Ascomycota.g__Paracylindrocarpon
1482,OTU1536,348,291,343,581,474,527,15,60.2,2.02e-08,87.037,p__Ascomycota,c__Leotiomycetes,o__Helotiales,f__Dermateaceae,g__Pezicula,s__Pezicula_radicicola,Pezicula_radicicola,FJ179465,SH0975489.09FU,reps,k__Fungi,OTU1536.p__Ascomycota.g__Pezicula
1483,OTU1537,301,1,241,515,275,515,80,446,1.13e-124,100,p__Ascomycota,c__Sordariomycetes,o__Hypocreales,f__Cordycipitaceae,g__Beauveria,s__Beauveria_bassiana,Beauveria_bassiana,LC433840,SH1072924.09FU,reps,k__Fungi,OTU1537.p__Ascomycota.g__Beauveria
1484,OTU1538,304,1,244,488,245,488,80,446,1.15e-124,99.59,p__Ascomycota,c__Sordariomycetes,o__Hypocreales,f__Cordycipitaceae,g__Leptobacillium,s__Leptobacillium_symbioticum,Leptobacillium_symbioticum,LC485673,SH0940224.09FU,refs,k__Fungi,OTU1538.p__Ascomycota.g__Leptobacillium
1485,OTU1539,341,294,339,1125,57,12,13,69.4,3.28e-11,93.478,p__Ascomycota,c__Sordariomycetes,o__Hypocreales,f__Nectriaceae,g__Fusarium,s__Fusarium_oxysporum,Fusarium_oxysporum,UDB041458,SH1099032.09FU,reps,k__Fungi,OTU1539.p__Ascomycota.g__Fusarium
1486,OTU1540,368,1,307,542,236,542,83,551,2.9e-156,99.023,p__Olpidiomycota,c__Olpidiomycetes,o__Olpidiales,f__Olpidiaceae,g__Olpidiaster,s__Olpidiaster_brassicae,Olpidiaster_brassicae,AY997067,SH1223269.09FU,refs,k__Fungi,OTU1540.p__Olpidiomycota.g__Olpidiaster
1487,OTU1541,343,1,282,587,306,587,82,488,2.14e-137,97.872,p__Basidiomycota,c__Agaricomycetes,o__Cantharellales,f__Ceratobasidiaceae,g__Thanatephorus,s__Thanatephorus_sp,Thanatephorus_sp,UDB05485336,SH1183595.09FU,reps,k__Fungi,OTU1541.p__Basidiomycota.g__Thanatephorus
1488,OTU1542,300,1,240,564,325,564,80,444,4.06e-124,100,p__Ascomycota,c__Eurotiomycetes,o__Onygenales,f__Onygenales_fam_Incertae_sedis,g__Onygenales_gen_Incertae_sedis,s__Onygenales_sp,Onygenales_sp,MN944465,SH1153860.09FU,reps,k__Fungi,OTU1542.p__Ascomycota.g__Onygenales_gen_Incertae_sedis
1489,OTU1543,297,1,236,689,454,689,79,425,1.46e-118,99.153,p__Ascomycota,c__Pezizomycetes,o__Pezizales,f__Pyronemataceae,g__Pyronemataceae_gen_Incertae_sedis,s__Pyronemataceae_sp,Pyronemataceae_sp,UDB05852717,SH1319395.09FU,reps,k__Fungi,OTU1543.p__Ascomycota.g__Pyronemataceae_gen_Incertae_sedis
1490,OTU1544,318,1,271,507,240,507,85,464,3.32e-130,97.786,p__Basidiomycota,c__Cystobasidiomycetes,o__Cystobasidiales,f__Cystobasidiaceae,g__Cystobasidium,s__Cystobasidium_minuta,Cystobasidium_minuta,KY103140,SH1223467.09FU,refs,k__Fungi,OTU1544.p__Basidiomycota.g__Cystobasidium
1491,OTU1545,356,56,295,244,1,244,67,353,8.47e-97,93.033,p__Blastocladiomycota,c__Blastocladiomycetes,o__Blastocladiales,f__Physodermataceae,g__Paraphysoderma,s__Paraphysoderma_sp,Paraphysoderma_sp,MK018332,SH1174843.09FU,reps,k__Fungi,OTU1545.p__Blastocladiomycota.g__Paraphysoderma
1492,OTU1546,354,307,349,581,484,527,12,63.9,1.59e-09,93.182,p__Ascomycota,c__Leotiomycetes,o__Helotiales,f__Dermateaceae,g__Pezicula,s__Pezicula_radicicola,Pezicula_radicicola,FJ179465,SH0975489.09FU,reps,k__Fungi,OTU1546.p__Ascomycota.g__Pezicula
1493,OTU1547,282,1,221,509,289,509,78,364,3.06e-100,96.396,p__Ascomycota,c__Eurotiomycetes,o__Chaetothyriales,f__Chaetothyriales_fam_Incertae_sedis,g__Chaetothyriales_gen_Incertae_sedis,s__Chaetothyriales_sp,Chaetothyriales_sp,UDB01803403,SH0947910.09FU,reps,k__Fungi,OTU1547.p__Ascomycota.g__Chaetothyriales_gen_Incertae_sedis
1494,OTU1548,222,183,220,758,508,545,17,65.8,2.67e-10,97.368,p__Basidiomycota,c__Agaricomycetes,o__Auriculariales,f__Auriculariales_fam_Incertae_sedis,g__Auriculariales_gen_Incertae_sedis,s__Auriculariales_sp,Auriculariales_sp,JQ272342,SH0954825.09FU,reps,k__Fungi,OTU1548.p__Basidiomycota.g__Auriculariales_gen_Incertae_sedis
1495,OTU1549,272,1,201,478,265,463,74,298,3.02e-80,93.564,p__Ascomycota,c__Dothideomycetes,o__Venturiales,f__Venturiaceae,g__Venturiaceae_gen_Incertae_sedis,s__Venturiaceae_sp,Venturiaceae_sp,UDB07284555,SH0957673.09FU,reps,k__Fungi,OTU1549.p__Ascomycota.g__Venturiaceae_gen_Incertae_sedis
1496,OTU1550,328,281,326,1125,57,12,14,69.4,3.15e-11,93.478,p__Ascomycota,c__Sordariomycetes,o__Hypocreales,f__Nectriaceae,g__Fusarium,s__Fusarium_oxysporum,Fusarium_oxysporum,UDB041458,SH1099032.09FU,reps,k__Fungi,OTU1550.p__Ascomycota.g__Fusarium
1497,OTU1551,340,1,279,486,209,486,82,486,7.62e-137,98.214,p__Glomeromycota,c__Glomeromycetes,o__Glomerales,f__Glomeraceae,g__Septoglomus,s__Septoglomus_sp,Septoglomus_sp,UDB06941582,SH0887008.09FU,reps,k__Fungi,OTU1551.p__Glomeromycota.g__Septoglomus
1498,OTU1552,287,1,220,580,352,572,77,296,1.15e-79,91.071,p__Fungi_phy_Incertae_sedis,c__Fungi_cls_Incertae_sedis,o__Fungi_ord_Incertae_sedis,f__Fungi_fam_Incertae_sedis,g__Fungi_gen_Incertae_sedis,s__Fungi_sp,Fungi_sp,UDB0747091,SH1287400.09FU,reps,k__Fungi,OTU1552.p__Fungi_phy_Incertae_sedis.g__Fungi_gen_Incertae_sedis
1499,OTU1553,293,1,225,503,270,497,77,340,5.34e-93,93.86,p__Ascomycota,c__Sordariomycetes,o__Microascales,f__Microascaceae,g__Scedosporium,s__Scedosporium_prolificans,Scedosporium_prolificans,UDB06559583,SH0936459.09FU,reps,k__Fungi,OTU1553.p__Ascomycota.g__Scedosporium
1500,OTU1554,270,1,209,428,220,428,77,359,1.36e-98,97.608,p__Basidiomycota,c__Tremellomycetes,o__Trichosporonales,f__Trichosporonaceae,g__Trichosporonaceae_gen_Incertae_sedis,s__Trichosporonaceae_sp,Trichosporonaceae_sp,UDB0258398,SH1095474.09FU,reps,k__Fungi,OTU1554.p__Basidiomycota.g__Trichosporonaceae_gen_Incertae_sedis
1501,OTU1555,336,1,274,773,499,772,82,390,6.07e-108,92.336,p__Chytridiomycota,c__Spizellomycetes,o__Spizellomycetales,f__Spizellomycetales_fam_Incertae_sedis,g__Spizellomycetales_gen_Incertae_sedis,s__Spizellomycetales_sp,Spizellomycetales_sp,UDB07390755,SH1217803.09FU,reps,k__Fungi,OTU1555.p__Chytridiomycota.g__Spizellomycetales_gen_Incertae_sedis
1502,OTU1556,313,278,308,581,496,527,10,52.8,3.01e-06,96.875,p__Ascomycota,c__Leotiomycetes,o__Helotiales,f__Dermateaceae,g__Pezicula,s__Pezicula_radicicola,Pezicula_radicicola,FJ179465,SH0975489.09FU,reps,k__Fungi,OTU1556.p__Ascomycota.g__Pezicula
1503,OTU1557,313,1,76,565,345,417,24,104,8.2e-22,92.208,p__Ascomycota,c__Pezizomycetes,o__Pezizales,f__Pyronemataceae,g__Paurocotylis,s__Paurocotylis_sp,Paurocotylis_sp,UDB03726274,SH1308743.09FU,reps,k__Fungi,OTU1557.p__Ascomycota.g__Paurocotylis
1504,OTU1558,268,1,190,502,279,471,71,292,1.38e-78,94.33,p__Ascomycota,c__Sordariomycetes,o__Sordariales,f__Chaetomiaceae,g__Brachychaeta,s__Brachychaeta_variospora,Brachychaeta_variospora,JX280860,SH0881621.09FU,refs,k__Fungi,OTU1558.p__Ascomycota.g__Brachychaeta
1505,OTU1559,336,280,331,581,475,527,15,52.8,3.25e-06,85.185,p__Ascomycota,c__Leotiomycetes,o__Helotiales,f__Dermateaceae,g__Pezicula,s__Pezicula_radicicola,Pezicula_radicicola,FJ179465,SH0975489.09FU,reps,k__Fungi,OTU1559.p__Ascomycota.g__Pezicula
1506,OTU1560,310,59,302,509,509,267,79,422,1.97e-117,97.951,p__Ascomycota,c__Eurotiomycetes,o__Eurotiales,f__Eurotiales_fam_Incertae_sedis,g__Eurotiales_gen_Incertae_sedis,s__Eurotiales_sp,Eurotiales_sp,OM899655,SH0906952.09FU,reps,k__Fungi,OTU1560.p__Ascomycota.g__Eurotiales_gen_Incertae_sedis
1507,OTU1561,277,1,237,537,298,530,86,263,1.13e-69,87.029,p__Ascomycota,c__Eurotiomycetes,o__Chaetothyriales,f__Chaetothyriaceae,g__Longihyalospora,s__Longihyalospora_ampeli,Longihyalospora_ampeli,MN219716,SH1158568.09FU,refs,k__Fungi,OTU1561.p__Ascomycota.g__Longihyalospora
1508,OTU1562,366,1,307,643,337,643,84,545,1.34e-154,98.697,p__Basidiomycota,c__Agaricomycetes,o__Boletales,f__Rhizopogonaceae,g__Rhizopogon,s__Rhizopogon_sp,Rhizopogon_sp,AB769904,SH1213461.09FU,refs,k__Fungi,OTU1562.p__Basidiomycota.g__Rhizopogon
1509,OTU1563,303,264,301,758,508,545,13,65.8,3.73e-10,97.368,p__Basidiomycota,c__Agaricomycetes,o__Auriculariales,f__Auriculariales_fam_Incertae_sedis,g__Auriculariales_gen_Incertae_sedis,s__Auriculariales_sp,Auriculariales_sp,JQ272342,SH0954825.09FU,reps,k__Fungi,OTU1563.p__Basidiomycota.g__Auriculariales_gen_Incertae_sedis
1510,OTU1564,295,1,217,574,348,558,74,318,2.52e-86,93.548,p__Ascomycota,c__Eurotiomycetes,o__Chaetothyriales,f__Chaetothyriales_fam_Incertae_sedis,g__Chaetothyriales_gen_Incertae_sedis,s__Chaetothyriales_sp,Chaetothyriales_sp,UDB01803372,SH1158413.09FU,reps,k__Fungi,OTU1564.p__Ascomycota.g__Chaetothyriales_gen_Incertae_sedis
1511,OTU1565,433,1,372,693,323,693,86,652,0,98.387,p__Chytridiomycota,c__Chytridiomycota_cls_Incertae_sedis,o__Chytridiomycota_ord_Incertae_sedis,f__Chytridiomycota_fam_Incertae_sedis,g__Chytridiomycota_gen_Incertae_sedis,s__Chytridiomycota_sp,Chytridiomycota_sp,UDB02274957,SH1158375.09FU,reps,k__Fungi,OTU1565.p__Chytridiomycota.g__Chytridiomycota_gen_Incertae_sedis
1512,OTU1567,265,1,202,515,311,512,76,363,1.03e-99,99.01,p__Ascomycota,c__Sordariomycetes,o__Xylariales,f__Anungitiomycetaceae,g__Strelitziomyces,s__Strelitziomyces_knysnanus,Strelitziomyces_knysnanus,MN562135,SH1476205.09FU,refs_singleton,k__Fungi,OTU1567.p__Ascomycota.g__Strelitziomyces
1513,OTU1568,336,1,277,586,297,586,82,296,1.36e-79,86.007,p__Fungi_phy_Incertae_sedis,c__Fungi_cls_Incertae_sedis,o__Fungi_ord_Incertae_sedis,f__Fungi_fam_Incertae_sedis,g__Fungi_gen_Incertae_sedis,s__Fungi_sp,Fungi_sp,UDB02175981,SH1143694.09FU,reps,k__Fungi,OTU1568.p__Fungi_phy_Incertae_sedis.g__Fungi_gen_Incertae_sedis
1514,OTU1569,318,1,258,607,350,607,81,438,2.01e-122,97.287,p__Basidiomycota,c__Agaricomycetes,o__Agaricales,f__Psathyrellaceae,g__Psathyrella,s__Psathyrella_kellermanii,Psathyrella_kellermanii,KC992920,SH1218354.09FU,refs,k__Fungi,OTU1569.p__Basidiomycota.g__Psathyrella
1515,OTU1570,338,1,257,568,297,544,76,169,3.12e-41,79.468,p__Basidiomycota,c__Agaricomycetes,o__Polyporales,f__Steccherinaceae,g__Etheirodon,s__Etheirodon_purpureum,Etheirodon_purpureum,MT849301,SH1341406.09FU,refs_singleton,k__Fungi,OTU1570.p__Basidiomycota.g__Etheirodon
1516,OTU1571,431,375,426,581,475,527,12,58.4,9.13e-08,86.792,p__Ascomycota,c__Leotiomycetes,o__Helotiales,f__Dermateaceae,g__Pezicula,s__Pezicula_radicicola,Pezicula_radicicola,FJ179465,SH0975489.09FU,reps,k__Fungi,OTU1571.p__Ascomycota.g__Pezicula
1517,OTU1572,308,1,248,534,287,534,81,453,6.94e-127,99.597,p__Basidiomycota,c__Agaricomycetes,o__Polyporales,f__Phanerochaetaceae,g__Phanerochaete,s__Phanerochaete_avellanea,Phanerochaete_avellanea,GU062467,SH1125528.09FU,refs,k__Fungi,OTU1572.p__Basidiomycota.g__Phanerochaete
1518,OTU1574,266,1,206,477,273,477,77,357,4.8e-98,98.058,p__Ascomycota,c__Dothideomycetes,o__Capnodiales,f__Cladosporiaceae,g__Toxicocladosporium,s__Toxicocladosporium_aquimarinum,Toxicocladosporium_aquimarinum,MK394101,SH1440047.09FU,refs_singleton,k__Fungi,OTU1574.p__Ascomycota.g__Toxicocladosporium
1519,OTU1575,355,1,68,615,317,384,19,99,4.37e-20,92.647,p__Basidiomycota,c__Basidiomycota_cls_Incertae_sedis,o__Basidiomycota_ord_Incertae_sedis,f__Basidiomycota_fam_Incertae_sedis,g__Basidiomycota_gen_Incertae_sedis,s__Basidiomycota_sp,Basidiomycota_sp,UDB01493952,SH1182331.09FU,reps,k__Fungi,OTU1575.p__Basidiomycota.g__Basidiomycota_gen_Incertae_sedis
1520,OTU1576,315,1,254,545,290,545,81,339,2.08e-92,90.661,p__Ascomycota,c__Laboulbeniomycetes,o__Pyxidiophorales,f__Pyxidiophoraceae,g__Pyxidiophora,s__Pyxidiophora_arvernensis,Pyxidiophora_arvernensis,UDB0492278,SH0921543.09FU,reps,k__Fungi,OTU1576.p__Ascomycota.g__Pyxidiophora
1521,OTU1577,271,1,211,527,317,527,78,385,2.25e-106,99.526,p__Ascomycota,c__Dothideomycetes,o__Pleosporales,f__Didymosphaeriaceae,g__Pseudopithomyces,s__Pseudopithomyces_karoo,Pseudopithomyces_karoo,HG933811,SH1291823.09FU,refs,k__Fungi,OTU1577.p__Ascomycota.g__Pseudopithomyces
1522,OTU1579,295,58,287,502,502,273,78,420,6.72e-117,99.565,p__Ascomycota,c__Eurotiomycetes,o__Eurotiales,f__Aspergillaceae,g__Talaromyces,s__Talaromyces_purpureogenus,Talaromyces_purpureogenus,JX315671,SH2062555.09FU,refs,k__Fungi,OTU1579.p__Ascomycota.g__Talaromyces
1523,OTU1580,308,58,300,488,488,246,79,435,2.52e-121,98.765,p__Ascomycota,c__Sordariomycetes,o__Hypocreales,f__Hypocreales_fam_Incertae_sedis,g__Emericellopsis,s__Emericellopsis_glabra,Emericellopsis_glabra,AY632657,SH2067741.09FU,refs,k__Fungi,OTU1580.p__Ascomycota.g__Emericellopsis
1524,OTU1582,372,1,108,737,419,527,29,111,5.9e-24,85.455,p__Fungi_phy_Incertae_sedis,c__Fungi_cls_Incertae_sedis,o__Fungi_ord_Incertae_sedis,f__Fungi_fam_Incertae_sedis,g__Fungi_gen_Incertae_sedis,s__Fungi_sp,Fungi_sp,UDB0751837,SH1321765.09FU,reps,k__Fungi,OTU1582.p__Fungi_phy_Incertae_sedis.g__Fungi_gen_Incertae_sedis
1525,OTU1583,359,312,357,1125,57,12,13,69.4,3.47e-11,93.478,p__Ascomycota,c__Sordariomycetes,o__Hypocreales,f__Nectriaceae,g__Fusarium,s__Fusarium_oxysporum,Fusarium_oxysporum,UDB041458,SH1099032.09FU,reps,k__Fungi,OTU1583.p__Ascomycota.g__Fusarium
1526,OTU1584,311,1,220,607,336,558,71,215,3.61e-55,84.581,p__Ascomycota,c__Lecanoromycetes,o__Ostropales,f__Gomphillaceae,g__Corticifraga,s__Corticifraga_sp,Corticifraga_sp,UDB04207151,SH1143238.09FU,reps,k__Fungi,OTU1584.p__Ascomycota.g__Corticifraga
1527,OTU1585,300,1,239,457,219,457,80,431,3.16e-120,99.163,p__Basidiomycota,c__Tremellomycetes,o__Tremellales,f__Rhynchogastremataceae,g__Papiliotrema,s__Papiliotrema_sp,Papiliotrema_sp,UDB03002764,SH0960140.09FU,reps,k__Fungi,OTU1585.p__Basidiomycota.g__Papiliotrema
1528,OTU1586,276,1,211,496,288,494,76,154,7.04e-37,80.734,p__Ascomycota,c__Eurotiomycetes,o__Chaetothyriales,f__Herpotrichiellaceae,g__Capronia,s__Capronia_sp,Capronia_sp,UDB01621664,SH0887127.09FU,reps,k__Fungi,OTU1586.p__Ascomycota.g__Capronia
1529,OTU1587,286,1,225,528,304,528,79,388,1.84e-107,97.778,p__Ascomycota,c__Sordariomycetes,o__Xylariales,f__Diatrypaceae,g__Monosporascus,s__Monosporascus_sp,Monosporascus_sp,UDB04496909,SH1290607.09FU,reps,k__Fungi,OTU1587.p__Ascomycota.g__Monosporascus
1530,OTU1588,292,49,284,472,472,239,81,407,5.17e-113,97.881,p__Ascomycota,c__Sordariomycetes,o__Sordariales,f__Lasiosphaeriaceae,g__Lasiosphaeriaceae_gen_Incertae_sedis,s__Lasiosphaeriaceae_sp,Lasiosphaeriaceae_sp,MK247867,SH0945371.09FU,reps,k__Fungi,OTU1588.p__Ascomycota.g__Lasiosphaeriaceae_gen_Incertae_sedis
1531,OTU1589,401,323,393,461,307,237,18,76.8,2.33e-13,86.486,p__Ascomycota,c__Ascomycota_cls_Incertae_sedis,o__Ascomycota_ord_Incertae_sedis,f__Ascomycota_fam_Incertae_sedis,g__Ascomycota_gen_Incertae_sedis,s__Ascomycota_sp,Ascomycota_sp,UDB01377393,SH1148388.09FU,reps,k__Fungi,OTU1589.p__Ascomycota.g__Ascomycota_gen_Incertae_sedis
1532,OTU1590,309,1,106,570,295,405,34,150,1.02e-35,91.892,p__Ascomycota,c__Pezizomycotina_cls_Incertae_sedis,o__Pezizomycotina_ord_Incertae_sedis,f__Pezizomycotina_fam_Incertae_sedis,g__Cytosporella,s__Cytosporella_sp,Cytosporella_sp,UDB05027123,SH1067435.09FU,reps,k__Fungi,OTU1590.p__Ascomycota.g__Cytosporella
1533,OTU1591,279,1,207,483,274,474,74,211,4.17e-54,85.577,p__Ascomycota,c__Ascomycota_cls_Incertae_sedis,o__Ascomycota_ord_Incertae_sedis,f__Ascomycota_fam_Incertae_sedis,g__Ascomycota_gen_Incertae_sedis,s__Ascomycota_sp,Ascomycota_sp,UDB01370466,SH0974454.09FU,reps,k__Fungi,OTU1591.p__Ascomycota.g__Ascomycota_gen_Incertae_sedis
1534,OTU1592,355,308,353,1125,57,12,13,69.4,3.43e-11,93.478,p__Ascomycota,c__Sordariomycetes,o__Hypocreales,f__Nectriaceae,g__Fusarium,s__Fusarium_oxysporum,Fusarium_oxysporum,UDB041458,SH1099032.09FU,reps,k__Fungi,OTU1592.p__Ascomycota.g__Fusarium
1535,OTU1593,309,1,231,536,311,521,75,220,7.69e-57,85.345,p__Ascomycota,c__Eurotiomycetes,o__Chaetothyriales,f__Trichomeriaceae,g__Knufia,s__Knufia_sp,Knufia_sp,UDB02354022,SH1070704.09FU,reps,k__Fungi,OTU1593.p__Ascomycota.g__Knufia
1536,OTU1594,342,295,340,1125,57,12,13,69.4,3.29e-11,93.478,p__Ascomycota,c__Sordariomycetes,o__Hypocreales,f__Nectriaceae,g__Fusarium,s__Fusarium_oxysporum,Fusarium_oxysporum,UDB041458,SH1099032.09FU,reps,k__Fungi,OTU1594.p__Ascomycota.g__Fusarium
1537,OTU1595,333,1,169,445,277,445,51,307,6.23e-83,99.408,p__Fungi_phy_Incertae_sedis,c__Fungi_cls_Incertae_sedis,o__Fungi_ord_Incertae_sedis,f__Fungi_fam_Incertae_sedis,g__Fungi_gen_Incertae_sedis,s__Fungi_sp,Fungi_sp,UDB078745,SH1304200.09FU,reps,k__Fungi,OTU1595.p__Fungi_phy_Incertae_sedis.g__Fungi_gen_Incertae_sedis
1538,OTU1596,363,316,361,1125,57,12,13,69.4,3.51e-11,93.478,p__Ascomycota,c__Sordariomycetes,o__Hypocreales,f__Nectriaceae,g__Fusarium,s__Fusarium_oxysporum,Fusarium_oxysporum,UDB041458,SH1099032.09FU,reps,k__Fungi,OTU1596.p__Ascomycota.g__Fusarium
1539,OTU1597,355,1,294,536,243,536,83,494,4.77e-139,96.939,p__Aphelidiomycota,c__Aphelidiomycetes,o__GS16,f__GS16_fam_Incertae_sedis,g__GS16_gen_Incertae_sedis,s__GS16_sp,GS16_sp,UDB0162745,SH0916174.09FU,reps,k__Fungi,OTU1597.p__Aphelidiomycota.g__GS16_gen_Incertae_sedis
1540,OTU1598,348,301,346,758,500,545,13,63.9,1.56e-09,91.304,p__Basidiomycota,c__Agaricomycetes,o__Auriculariales,f__Auriculariales_fam_Incertae_sedis,g__Auriculariales_gen_Incertae_sedis,s__Auriculariales_sp,Auriculariales_sp,JQ272342,SH0954825.09FU,reps,k__Fungi,OTU1598.p__Basidiomycota.g__Auriculariales_gen_Incertae_sedis
1541,OTU1599,353,1,293,684,390,684,83,510,4.71e-144,97.966,p__Chytridiomycota,c__Chytridiomycota_cls_Incertae_sedis,o__Chytridiomycota_ord_Incertae_sedis,f__Chytridiomycota_fam_Incertae_sedis,g__Chytridiomycota_gen_Incertae_sedis,s__Chytridiomycota_sp,Chytridiomycota_sp,UDB0713244,SH1160356.09FU,reps,k__Fungi,OTU1599.p__Chytridiomycota.g__Chytridiomycota_gen_Incertae_sedis
1542,OTU1600,281,1,220,571,352,571,78,401,2.32e-111,99.545,p__Ascomycota,c__Pezizomycetes,o__Pezizales,f__Pyronemataceae,g__Paurocotylis,s__Paurocotylis_sp,Paurocotylis_sp,UDB03726301,SH1308745.09FU,reps,k__Fungi,OTU1600.p__Ascomycota.g__Paurocotylis
1543,OTU1601,274,1,213,512,300,512,78,372,1.77e-102,98.122,p__Ascomycota,c__Pezizomycetes,o__Pezizales,f__Ascobolaceae,g__Ascobolus,s__Ascobolus_sp,Ascobolus_sp,UDB0189428,SH0932430.09FU,reps,k__Fungi,OTU1601.p__Ascomycota.g__Ascobolus
1544,OTU1602,320,1,277,475,206,475,87,422,2.04e-117,94.624,p__Glomeromycota,c__Glomeromycetes,o__Glomerales,f__Glomeraceae,g__Glomeraceae_gen_Incertae_sedis,s__Glomeraceae_sp,Glomeraceae_sp,JQ951575,SH0993389.09FU,reps,k__Fungi,OTU1602.p__Glomeromycota.g__Glomeraceae_gen_Incertae_sedis
1545,OTU1603,170,3,170,467,401,234,99,300,4.95e-81,98.81,p__Ascomycota,c__Dothideomycetes,o__Pleosporales,f__Periconiaceae,g__Periconia,s__Periconia_sp,Periconia_sp,UDB04282047,SH0949732.09FU,reps,k__Fungi,OTU1603.p__Ascomycota.g__Periconia
1546,OTU1604,258,1,152,466,266,417,59,198,2.98e-50,90.26,p__Ascomycota,c__Leotiomycetes,o__Helotiales,f__Helotiales_fam_Incertae_sedis,g__Helotiales_gen_Incertae_sedis,s__Helotiales_sp,Helotiales_sp,UDB02826254,SH1065355.09FU,reps,k__Fungi,OTU1604.p__Ascomycota.g__Helotiales_gen_Incertae_sedis
1547,OTU1605,264,1,204,499,295,499,77,366,7.91e-101,99.024,p__Ascomycota,c__Dothideomycetes,o__Pleosporales,f__Phaeosphaeriaceae,g__Neosetophoma,s__Neosetophoma_poaceicola,Neosetophoma_poaceicola,KY568986,SH1091984.09FU,refs,k__Fungi,OTU1605.p__Ascomycota.g__Neosetophoma
1548,OTU1606,316,269,314,758,500,545,15,69.4,3.02e-11,93.478,p__Basidiomycota,c__Agaricomycetes,o__Auriculariales,f__Auriculariales_fam_Incertae_sedis,g__Auriculariales_gen_Incertae_sedis,s__Auriculariales_sp,Auriculariales_sp,JQ272342,SH0954825.09FU,reps,k__Fungi,OTU1606.p__Basidiomycota.g__Auriculariales_gen_Incertae_sedis
1549,OTU1607,340,1,280,536,258,536,82,505,2.1e-142,99.286,p__Basidiomycota,c__Tremellomycetes,o__Filobasidiales,f__Filobasidiaceae,g__Filobasidium,s__Filobasidium_globosum,Filobasidium_globosum,MK050344,SH0890069.09FU,refs,k__Fungi,OTU1607.p__Basidiomycota.g__Filobasidium
1550,OTU1608,269,1,208,485,277,485,77,368,2.24e-101,98.565,p__Ascomycota,c__Leotiomycetes,o__Helotiales,f__Helotiaceae,g__Scytalidium,s__Scytalidium_sphaerosporum,Scytalidium_sphaerosporum,UDB06311152,SH1276113.09FU,reps,k__Fungi,OTU1608.p__Ascomycota.g__Scytalidium
1551,OTU1609,316,269,314,1125,57,12,15,69.4,3.02e-11,93.478,p__Ascomycota,c__Sordariomycetes,o__Hypocreales,f__Nectriaceae,g__Fusarium,s__Fusarium_oxysporum,Fusarium_oxysporum,UDB041458,SH1099032.09FU,reps,k__Fungi,OTU1609.p__Ascomycota.g__Fusarium
1552,OTU1611,282,1,222,441,220,441,79,411,3.87e-114,100,p__Basidiomycota,c__Tremellomycetes,o__Tremellales,f__Cuniculitremaceae,g__Kockovaella,s__Kockovaella_sichuanensis,Kockovaella_sichuanensis,AF444461,SH0996992.09FU,refs,k__Fungi,OTU1611.p__Basidiomycota.g__Kockovaella
1553,OTU1612,282,1,221,487,267,487,78,392,1.4e-108,98.643,p__Ascomycota,c__Sordariomycetes,o__Xylariales,f__Castanediellaceae,g__Castanediella,s__Castanediella_sp,Castanediella_sp,UDB01642628,SH1094948.09FU,reps,k__Fungi,OTU1612.p__Ascomycota.g__Castanediella
1554,OTU1614,328,1,268,522,257,522,82,305,2.2e-82,87.361,p__Chytridiomycota,c__Rhizophydiomycetes,o__Rhizophydiales,f__Halomycetaceae,g__Ulkenomyces,s__Ulkenomyces_aestuarii,Ulkenomyces_aestuarii,DQ485676,SH1144252.09FU,reps,k__Fungi,OTU1614.p__Chytridiomycota.g__Ulkenomyces
1555,OTU1615,310,1,250,516,267,516,81,429,1.18e-119,97.6,p__Basidiomycota,c__Agaricomycetes,o__Auriculariales,f__Auriculariales_fam_Incertae_sedis,g__Oliveonia,s__Oliveonia_sp,Oliveonia_sp,HM162319,SH1090739.09FU,reps,k__Fungi,OTU1615.p__Basidiomycota.g__Oliveonia
1556,OTU1616,320,1,260,467,208,467,81,414,3.42e-115,95.385,p__Glomeromycota,c__Glomeromycota_cls_Incertae_sedis,o__Glomeromycota_ord_Incertae_sedis,f__Glomeromycota_fam_Incertae_sedis,g__Glomeromycota_gen_Incertae_sedis,s__Glomeromycota_sp,Glomeromycota_sp,MG664422,SH0984398.09FU,reps,k__Fungi,OTU1616.p__Glomeromycota.g__Glomeromycota_gen_Incertae_sedis
1557,OTU1617,332,1,272,527,256,527,82,497,3.43e-140,99.632,p__Basidiomycota,c__Microbotryomycetes,o__Sporidiobolales,f__Sporidiobolaceae,g__Rhodotorula,s__Rhodotorula_mucilaginosa,Rhodotorula_mucilaginosa,AF444541,SH1008722.09FU,refs,k__Fungi,OTU1617.p__Basidiomycota.g__Rhodotorula
1558,OTU1618,290,58,287,452,452,224,79,401,2.39e-111,98.261,p__Ascomycota,c__Dothideomycetes,o__Pleosporales,f__Sporormiaceae,g__Preussia,s__Preussia_polymorpha,Preussia_polymorpha,UDB05231089,SH0921860.09FU,reps,k__Fungi,OTU1618.p__Ascomycota.g__Preussia
1559,OTU1619,309,45,301,471,471,213,83,438,1.95e-122,97.297,p__Ascomycota,c__Sordariomycetes,o__Hypocreales,f__Nectriaceae,g__Fusarium,s__Fusarium_oxysporum,Fusarium_oxysporum,KJ801775,SH1079261.09FU,reps,k__Fungi,OTU1619.p__Ascomycota.g__Fusarium
1560,OTU1620,364,1,303,651,350,651,83,531,3.74e-150,98.35,p__Chytridiomycota,c__Spizellomycetes,o__Spizellomycetales,f__Powellomycetaceae,g__Powellomyces,s__Powellomyces_sp,Powellomyces_sp,UDB05207792,SH1159070.09FU,reps,k__Fungi,OTU1620.p__Chytridiomycota.g__Powellomyces
1561,OTU1621,318,1,257,468,213,468,81,446,1.2e-124,98.062,p__Glomeromycota,c__Glomeromycetes,o__Glomerales,f__Glomeraceae,g__Glomus,s__Glomus_sp,Glomus_sp,UDB03145249,SH0993256.09FU,reps,k__Fungi,OTU1621.p__Glomeromycota.g__Glomus
1562,OTU1622,357,320,355,758,510,545,10,67.6,1.24e-10,100,p__Basidiomycota,c__Agaricomycetes,o__Auriculariales,f__Auriculariales_fam_Incertae_sedis,g__Auriculariales_gen_Incertae_sedis,s__Auriculariales_sp,Auriculariales_sp,JQ272342,SH0954825.09FU,reps,k__Fungi,OTU1622.p__Basidiomycota.g__Auriculariales_gen_Incertae_sedis
1563,OTU1623,331,1,270,578,309,578,82,494,4.42e-139,99.63,p__Basidiomycota,c__Agaricomycetes,o__Agaricomycetes_ord_Incertae_sedis,f__Agaricomycetes_fam_Incertae_sedis,g__Agaricomycetes_gen_Incertae_sedis,s__Agaricomycetes_sp,Agaricomycetes_sp,UDB06326755,SH1056404.09FU,reps,k__Fungi,OTU1623.p__Basidiomycota.g__Agaricomycetes_gen_Incertae_sedis
1564,OTU1624,370,331,368,758,508,545,10,71.3,9.96e-12,100,p__Basidiomycota,c__Agaricomycetes,o__Auriculariales,f__Auriculariales_fam_Incertae_sedis,g__Auriculariales_gen_Incertae_sedis,s__Auriculariales_sp,Auriculariales_sp,JQ272342,SH0954825.09FU,reps,k__Fungi,OTU1624.p__Basidiomycota.g__Auriculariales_gen_Incertae_sedis
1565,OTU1625,448,394,446,1125,64,12,12,71.3,1.22e-11,90.566,p__Ascomycota,c__Sordariomycetes,o__Hypocreales,f__Nectriaceae,g__Fusarium,s__Fusarium_oxysporum,Fusarium_oxysporum,UDB041458,SH1099032.09FU,reps,k__Fungi,OTU1625.p__Ascomycota.g__Fusarium
1566,OTU1626,288,1,227,576,350,576,79,237,7.12e-62,85.652,p__Ascomycota,c__Eurotiomycetes,o__Chaetothyriales,f__Herpotrichiellaceae,g__Herpotrichiellaceae_gen_Incertae_sedis,s__Herpotrichiellaceae_sp,Herpotrichiellaceae_sp,UDB03379810,SH1119524.09FU,reps,k__Fungi,OTU1626.p__Ascomycota.g__Herpotrichiellaceae_gen_Incertae_sedis
1567,OTU1627,238,1,177,404,228,404,74,233,7.46e-61,90.556,p__Ascomycota,c__Archaeorhizomycetes,o__Archaeorhizomycetales,f__Archaeorhizomycetaceae,g__Archaeorhizomyces,s__Archaeorhizomyces_sp,Archaeorhizomyces_sp,UDB01263720,SH1095697.09FU,reps,k__Fungi,OTU1627.p__Ascomycota.g__Archaeorhizomyces
1568,OTU1628,292,1,239,543,304,543,82,425,1.43e-118,98.75,p__Ascomycota,c__Eurotiomycetes,o__Chaetothyriales,f__Herpotrichiellaceae,g__Herpotrichiellaceae_gen_Incertae_sedis,s__Herpotrichiellaceae_sp,Herpotrichiellaceae_sp,JQ766431,SH1233291.09FU,reps,k__Fungi,OTU1628.p__Ascomycota.g__Herpotrichiellaceae_gen_Incertae_sedis
1569,OTU1629,276,1,212,471,258,469,77,387,6.37e-107,99.528,p__Ascomycota,c__Eurotiomycetes,o__Eurotiales,f__Aspergillaceae,g__Aspergillus,s__Aspergillus_sp,Aspergillus_sp,UDB01430315,SH0942161.09FU,reps,k__Fungi,OTU1629.p__Ascomycota.g__Aspergillus
1570,OTU1630,273,1,213,484,272,484,78,394,3.76e-109,100,p__Ascomycota,c__Sordariomycetes,o__Diaporthales,f__Diaporthaceae,g__Diaporthe,s__Diaporthe_tectonendophytica,Diaporthe_tectonendophytica,JX985026,SH0983824.09FU,reps,k__Fungi,OTU1630.p__Ascomycota.g__Diaporthe
1571,OTU1631,290,1,249,542,294,542,86,449,8.41e-126,99.2,p__Ascomycota,c__Eurotiomycetes,o__Chaetothyriales,f__Chaetothyriaceae,g__Ceramothyrium,s__Ceramothyrium_fici,Ceramothyrium_fici,KT588601,SH1098322.09FU,refs,k__Fungi,OTU1631.p__Ascomycota.g__Ceramothyrium
1572,OTU1632,436,401,434,758,512,545,8,63.9,1.99e-09,100,p__Basidiomycota,c__Agaricomycetes,o__Auriculariales,f__Auriculariales_fam_Incertae_sedis,g__Auriculariales_gen_Incertae_sedis,s__Auriculariales_sp,Auriculariales_sp,JQ272342,SH0954825.09FU,reps,k__Fungi,OTU1632.p__Basidiomycota.g__Auriculariales_gen_Incertae_sedis
1573,OTU1633,327,1,249,594,339,584,76,257,6.24e-68,85.992,p__Basidiomycota,c__Agaricomycetes,o__Agaricales,f__Limnoperdaceae,g__Limnoperdaceae_gen_Incertae_sedis,s__Limnoperdaceae_sp,Limnoperdaceae_sp,UDB03081777,SH1234984.09FU,reps,k__Fungi,OTU1633.p__Basidiomycota.g__Limnoperdaceae_gen_Incertae_sedis
1574,OTU1634,346,299,344,1125,57,12,13,69.4,3.33e-11,93.478,p__Ascomycota,c__Sordariomycetes,o__Hypocreales,f__Nectriaceae,g__Fusarium,s__Fusarium_oxysporum,Fusarium_oxysporum,UDB041458,SH1099032.09FU,reps,k__Fungi,OTU1634.p__Ascomycota.g__Fusarium
1575,OTU1635,411,1,350,631,281,631,85,614,4.11e-175,98.295,p__Ascomycota,c__Sordariomycetes,o__Xylariales,f__Microdochiaceae,g__Idriella,s__Idriella_sp,Idriella_sp,UDB03590981,SH1265373.09FU,reps,k__Fungi,OTU1635.p__Ascomycota.g__Idriella
1576,OTU1636,300,1,240,500,261,500,80,438,1.89e-122,99.583,p__Ascomycota,c__Sordariomycetes,o__Microascales,f__Microascales_fam_Incertae_sedis,g__Cephalotrichiella,s__Cephalotrichiella_penicillata,Cephalotrichiella_penicillata,KJ869166,SH0958420.09FU,refs,k__Fungi,OTU1636.p__Ascomycota.g__Cephalotrichiella
1577,OTU1637,318,1,245,577,311,566,77,296,1.28e-79,88.417,p__Basidiomycota,c__Basidiomycota_cls_Incertae_sedis,o__Basidiomycota_ord_Incertae_sedis,f__Basidiomycota_fam_Incertae_sedis,g__Basidiomycota_gen_Incertae_sedis,s__Basidiomycota_sp,Basidiomycota_sp,UDB01485127,SH1307631.09FU,reps,k__Fungi,OTU1637.p__Basidiomycota.g__Basidiomycota_gen_Incertae_sedis
1578,OTU1638,337,290,335,1125,57,12,14,69.4,3.24e-11,93.478,p__Ascomycota,c__Sordariomycetes,o__Hypocreales,f__Nectriaceae,g__Fusarium,s__Fusarium_oxysporum,Fusarium_oxysporum,UDB041458,SH1099032.09FU,reps,k__Fungi,OTU1638.p__Ascomycota.g__Fusarium
1579,OTU1639,346,1,258,594,336,573,75,281,3.93e-75,87.597,p__Basidiomycota,c__Agaricomycetes,o__Agaricomycetes_ord_Incertae_sedis,f__Agaricomycetes_fam_Incertae_sedis,g__Agaricomycetes_gen_Incertae_sedis,s__Agaricomycetes_sp,Agaricomycetes_sp,UDB07670715,SH1290287.09FU,reps,k__Fungi,OTU1639.p__Basidiomycota.g__Agaricomycetes_gen_Incertae_sedis
1580,OTU1640,295,1,234,481,249,481,79,403,6.77e-112,97.863,p__Ascomycota,c__Sordariomycetes,o__Sordariomycetes_ord_Incertae_sedis,f__Sordariomycetes_fam_Incertae_sedis,g__Sordariomycetes_gen_Incertae_sedis,s__Sordariomycetes_sp,Sordariomycetes_sp,UDB01116651,SH0973894.09FU,reps,k__Fungi,OTU1640.p__Ascomycota.g__Sordariomycetes_gen_Incertae_sedis
1581,OTU1641,236,1,176,401,226,401,75,315,2.57e-85,98.864,p__Basidiomycota,c__Tremellomycetes,o__Tremellales,f__Bulleribasidiaceae,g__Hannaella,s__Hannaella_taiwanensis,Hannaella_taiwanensis,HQ591444,SH1003193.09FU,refs,k__Fungi,OTU1641.p__Basidiomycota.g__Hannaella
1582,OTU1642,306,1,246,454,209,454,80,427,4.18e-119,97.976,p__Glomeromycota,c__Glomeromycetes,o__Glomerales,f__Glomeraceae,g__Glomus,s__Glomus_sp,Glomus_sp,KF836929,SH1310005.09FU,reps,k__Fungi,OTU1642.p__Glomeromycota.g__Glomus
1583,OTU1643,297,1,237,489,254,489,80,414,3.15e-115,98.312,p__Basidiomycota,c__Tremellomycetes,o__Tremellales,f__Bulleraceae,g__Bullera,s__Bullera_penniseticola,Bullera_penniseticola,AF444471,SH1190974.09FU,refs,k__Fungi,OTU1643.p__Basidiomycota.g__Bullera
1584,OTU1644,280,1,205,519,298,502,73,291,5.22e-78,92.233,p__Ascomycota,c__Eurotiomycetes,o__Chaetothyriales,f__Herpotrichiellaceae,g__Herpotrichiellaceae_gen_Incertae_sedis,s__Herpotrichiellaceae_sp,Herpotrichiellaceae_sp,UDB03378915,SH0895392.09FU,reps,k__Fungi,OTU1644.p__Ascomycota.g__Herpotrichiellaceae_gen_Incertae_sedis
1585,OTU1645,301,1,241,564,324,564,80,435,2.45e-121,99.17,p__Ascomycota,c__Eurotiomycetes,o__Chaetothyriales,f__Cyphellophoraceae,g__Cyphellophora,s__Cyphellophora_sessilis,Cyphellophora_sessilis,EU514700,SH1205923.09FU,refs,k__Fungi,OTU1645.p__Ascomycota.g__Cyphellophora
1586,OTU1646,281,1,220,508,289,508,78,390,5.03e-108,98.636,p__Ascomycota,c__Sordariomycetes,o__Sordariomycetes_ord_Incertae_sedis,f__Sordariomycetes_fam_Incertae_sedis,g__Sordariomycetes_gen_Incertae_sedis,s__Sordariomycetes_sp,Sordariomycetes_sp,UDB04575613,SH1074684.09FU,reps,k__Fungi,OTU1646.p__Ascomycota.g__Sordariomycetes_gen_Incertae_sedis
1587,OTU1647,319,1,273,641,370,641,86,298,3.58e-80,86.691,p__Basidiomycota,c__Agaricomycetes,o__Agaricales,f__Bolbitiaceae,g__Conocybe,s__Conocybe_papillata,Conocybe_papillata,JX968218,SH1109354.09FU,reps,k__Fungi,OTU1647.p__Basidiomycota.g__Conocybe
1588,OTU1648,286,1,225,481,258,481,79,392,1.42e-108,98.222,p__Ascomycota,c__Sordariomycetes,o__Xylariales,f__Xylariaceae,g__Coniolariella,s__Coniolariella_hispanica,Coniolariella_hispanica,FJ172294,SH0961754.09FU,refs,k__Fungi,OTU1648.p__Ascomycota.g__Coniolariella
1589,OTU1649,284,1,223,470,247,470,79,396,1.09e-109,98.661,p__Ascomycota,c__Sordariomycetes,o__Glomerellales,f__Plectosphaerellaceae,g__Paragibellulopsis,s__Paragibellulopsis_chrysanthemi,Paragibellulopsis_chrysanthemi,UDB03666596,SH0941162.09FU,reps,k__Fungi,OTU1649.p__Ascomycota.g__Paragibellulopsis
1590,OTU1650,289,1,229,478,243,478,79,307,5.34e-83,90.717,p__Ascomycota,c__Dothideomycetes,o__Mycosphaerellales,f__Phaeothecoidiellaceae,g__Translucidithyrium,s__Translucidithyrium_thailandicum,Translucidithyrium_thailandicum,MG993045,SH2105108.09FU,refs_singleton,k__Fungi,OTU1650.p__Ascomycota.g__Translucidithyrium
1591,OTU1651,396,1,350,694,345,694,88,647,0,100,p__Basidiomycota,c__Ustilaginomycetes,o__Ustilaginales,f__Ustilaginaceae,g__Ustilaginaceae_gen_Incertae_sedis,s__Ustilaginaceae_sp,Ustilaginaceae_sp,MH866061,SH0919909.09FU,reps,k__Fungi,OTU1651.p__Basidiomycota.g__Ustilaginaceae_gen_Incertae_sedis
1592,OTU1652,309,1,241,447,207,447,78,440,5.43e-123,99.585,p__Glomeromycota,c__Glomeromycetes,o__Glomerales,f__Glomeraceae,g__Funneliformis,s__Funneliformis_sp,Funneliformis_sp,UDB02179160,SH0977615.09FU,reps,k__Fungi,OTU1652.p__Glomeromycota.g__Funneliformis
1593,OTU1653,265,1,212,478,267,478,80,375,1.32e-103,98.585,p__Ascomycota,c__Dothideomycetes,o__Capnodiales,f__Cladosporiaceae,g__Cladosporium,s__Cladosporium_halotolerans,Cladosporium_halotolerans,DQ780364,SH2100630.09FU,refs,k__Fungi,OTU1653.p__Ascomycota.g__Cladosporium
1594,OTU1654,270,1,230,504,278,504,85,344,3.8e-94,93.966,p__Ascomycota,c__Sordariomycetes,o__Sordariales,f__Chaetomiaceae,g__Chaetomium,s__Chaetomium_nepalense,Chaetomium_nepalense,MH861591,SH2145427.09FU,refs,k__Fungi,OTU1654.p__Ascomycota.g__Chaetomium
1595,OTU1655,281,1,99,459,261,355,35,102,2.64e-21,85.859,p__Ascomycota,c__Leotiomycetes,o__Leotiomycetes_ord_Incertae_sedis,f__Leotiomycetes_fam_Incertae_sedis,g__Leotiomycetes_gen_Incertae_sedis,s__Leotiomycetes_sp,Leotiomycetes_sp,UDB0391158,SH1022638.09FU,reps,k__Fungi,OTU1655.p__Ascomycota.g__Leotiomycetes_gen_Incertae_sedis
1596,OTU1656,341,1,279,495,213,495,82,420,7.87e-117,93.64,p__Blastocladiomycota,c__Blastocladiomycetes,o__Blastocladiales,f__Blastocladiales_fam_Incertae_sedis,g__Blastocladiales_gen_Incertae_sedis,s__Blastocladiales_sp,Blastocladiales_sp,UDB01528363,SH1183191.09FU,reps,k__Fungi,OTU1656.p__Blastocladiomycota.g__Blastocladiales_gen_Incertae_sedis
1597,OTU1657,263,1,203,463,261,463,77,309,1.35e-83,94.118,p__Ascomycota,c__Dothideomycetes,o__Pleosporales,f__Neophaeosphaeriaceae,g__Neophaeosphaeria,s__Neophaeosphaeria_agaves,Neophaeosphaeria_agaves,JQ760101,SH1542923.09FU,refs_singleton,k__Fungi,OTU1657.p__Ascomycota.g__Neophaeosphaeria
1598,OTU1658,401,1,342,666,322,666,85,590,6.74e-168,97.681,p__Fungi_phy_Incertae_sedis,c__Fungi_cls_Incertae_sedis,o__Fungi_ord_Incertae_sedis,f__Fungi_fam_Incertae_sedis,g__Fungi_gen_Incertae_sedis,s__Fungi_sp,Fungi_sp,KX515787,SH1089511.09FU,reps,k__Fungi,OTU1658.p__Fungi_phy_Incertae_sedis.g__Fungi_gen_Incertae_sedis
1599,OTU1659,326,1,266,473,208,473,82,470,7.33e-132,98.496,p__Glomeromycota,c__Glomeromycetes,o__Glomerales,f__Glomeraceae,g__Glomeraceae_gen_Incertae_sedis,s__Glomeraceae_sp,Glomeraceae_sp,FR873163,SH0955965.09FU,reps,k__Fungi,OTU1659.p__Glomeromycota.g__Glomeraceae_gen_Incertae_sedis
1600,OTU1660,271,1,210,505,297,505,77,381,2.91e-105,99.524,p__Ascomycota,c__Eurotiomycetes,o__Eurotiales,f__Aspergillaceae,g__Talaromyces,s__Talaromyces_albobiverticillius,Talaromyces_albobiverticillius,HQ605705,SH0907050.09FU,refs,k__Fungi,OTU1660.p__Ascomycota.g__Talaromyces
1601,OTU1661,323,1,83,489,292,374,26,126,1.81e-28,93.976,p__Ascomycota,c__Dothideomycetes,o__Dothideomycetes_ord_Incertae_sedis,f__Dothideomycetes_fam_Incertae_sedis,g__Dothideomycetes_gen_Incertae_sedis,s__Dothideomycetes_sp,Dothideomycetes_sp,UDB05269184,SH0969439.09FU,reps,k__Fungi,OTU1661.p__Ascomycota.g__Dothideomycetes_gen_Incertae_sedis
1602,OTU1662,376,320,371,581,475,527,14,58.4,7.89e-08,87.037,p__Ascomycota,c__Leotiomycetes,o__Helotiales,f__Dermateaceae,g__Pezicula,s__Pezicula_radicicola,Pezicula_radicicola,FJ179465,SH0975489.09FU,reps,k__Fungi,OTU1662.p__Ascomycota.g__Pezicula
1603,OTU1663,282,1,221,463,243,463,78,398,3.01e-110,99.095,p__Ascomycota,c__Sordariomycetes,o__Glomerellales,f__Glomerellales_fam_Incertae_sedis,g__Glomerellales_gen_Incertae_sedis,s__Glomerellales_sp,Glomerellales_sp,UDB03140612,SH0964567.09FU,reps,k__Fungi,OTU1663.p__Ascomycota.g__Glomerellales_gen_Incertae_sedis
1604,OTU1664,269,1,209,489,281,489,78,387,6.2e-107,100,p__Ascomycota,c__Sordariomycetes,o__Sordariales,f__Chaetomiaceae,g__Acrophialophora,s__Acrophialophora_hechuanensis,Acrophialophora_hechuanensis,DQ185070,SH0881837.09FU,refs,k__Fungi,OTU1664.p__Ascomycota.g__Acrophialophora
1605,OTU1665,327,1,267,473,208,473,82,337,7.79e-92,89.818,p__Glomeromycota,c__Glomeromycetes,o__Glomerales,f__Glomeraceae,g__Glomeraceae_gen_Incertae_sedis,s__Glomeraceae_sp,Glomeraceae_sp,FR873163,SH0955965.09FU,reps,k__Fungi,OTU1665.p__Glomeromycota.g__Glomeraceae_gen_Incertae_sedis
1606,OTU1666,277,1,173,420,248,420,62,315,3.06e-85,99.422,p__Ascomycota,c__Sordariomycetes,o__Sordariales,f__Chaetomiaceae,g__Chaetomium,s__Chaetomium_thermophilum,Chaetomium_thermophilum,KM655348,SH0908531.09FU,refs,k__Fungi,OTU1666.p__Ascomycota.g__Chaetomium
1607,OTU1668,239,1,175,398,224,398,73,324,4.32e-88,100,p__Basidiomycota,c__Tremellomycetes,o__Tremellales,f__Bulleribasidiaceae,g__Hannaella,s__Hannaella_oryzae,Hannaella_oryzae,MK794212,SH1003217.09FU,reps,k__Fungi,OTU1668.p__Basidiomycota.g__Hannaella
1608,OTU1670,362,1,301,553,250,553,83,520,8.04e-147,97.697,p__Glomeromycota,c__Paraglomeromycetes,o__Paraglomeromycetes_ord_Incertae_sedis,f__Paraglomeromycetes_fam_Incertae_sedis,g__Paraglomeromycetes_gen_Incertae_sedis,s__Paraglomeromycetes_sp,Paraglomeromycetes_sp,UDB0753828,SH1057929.09FU,reps,k__Fungi,OTU1670.p__Glomeromycota.g__Paraglomeromycetes_gen_Incertae_sedis
1609,OTU1671,280,1,184,519,302,480,66,152,2.57e-36,82.065,p__Ascomycota,c__Eurotiomycetes,o__Chaetothyriales,f__Herpotrichiellaceae,g__Herpotrichiellaceae_gen_Incertae_sedis,s__Herpotrichiellaceae_sp,Herpotrichiellaceae_sp,HG996354,SH1073291.09FU,reps,k__Fungi,OTU1671.p__Ascomycota.g__Herpotrichiellaceae_gen_Incertae_sedis
1610,OTU1672,273,1,212,484,272,483,78,370,6.34e-102,98.113,p__Ascomycota,c__Pezizomycetes,o__Pezizales,f__Pyronemataceae,g__Tricharina,s__Tricharina_sp,Tricharina_sp,KU728330,SH0936752.09FU,reps,k__Fungi,OTU1672.p__Ascomycota.g__Tricharina
1611,OTU1673,299,249,297,943,58,10,16,75,6.12e-13,93.878,p__Basidiomycota,c__Agaricomycetes,o__Agaricales,f__Inocybaceae,g__Inocybe,s__Inocybe_sp,Inocybe_sp,UDB0125874,SH1322845.09FU,reps,k__Fungi,OTU1673.p__Basidiomycota.g__Inocybe
1612,OTU1674,341,294,339,1125,57,12,13,69.4,3.28e-11,93.478,p__Ascomycota,c__Sordariomycetes,o__Hypocreales,f__Nectriaceae,g__Fusarium,s__Fusarium_oxysporum,Fusarium_oxysporum,UDB041458,SH1099032.09FU,reps,k__Fungi,OTU1674.p__Ascomycota.g__Fusarium
1613,OTU1675,345,306,343,758,508,545,11,71.3,9.24e-12,100,p__Basidiomycota,c__Agaricomycetes,o__Auriculariales,f__Auriculariales_fam_Incertae_sedis,g__Auriculariales_gen_Incertae_sedis,s__Auriculariales_sp,Auriculariales_sp,JQ272342,SH0954825.09FU,reps,k__Fungi,OTU1675.p__Basidiomycota.g__Auriculariales_gen_Incertae_sedis
1614,OTU1676,399,1,241,737,419,645,60,128,6.32e-29,77.733,p__Fungi_phy_Incertae_sedis,c__Fungi_cls_Incertae_sedis,o__Fungi_ord_Incertae_sedis,f__Fungi_fam_Incertae_sedis,g__Fungi_gen_Incertae_sedis,s__Fungi_sp,Fungi_sp,UDB0751837,SH1321765.09FU,reps,k__Fungi,OTU1676.p__Fungi_phy_Incertae_sedis.g__Fungi_gen_Incertae_sedis
1615,OTU1677,259,1,161,466,267,427,62,148,3.05e-35,83.537,p__Ascomycota,c__Dothideomycetes,o__Venturiales,f__Venturiales_fam_Incertae_sedis,g__Venturiales_gen_Incertae_sedis,s__Venturiales_sp,Venturiales_sp,UDB07331568,SH0979484.09FU,reps,k__Fungi,OTU1677.p__Ascomycota.g__Venturiales_gen_Incertae_sedis
1616,OTU1679,267,1,115,475,263,377,43,158,5.25e-38,91.453,p__Ascomycota,c__Ascomycota_cls_Incertae_sedis,o__Ascomycota_ord_Incertae_sedis,f__Ascomycota_fam_Incertae_sedis,g__Ascomycota_gen_Incertae_sedis,s__Ascomycota_sp,Ascomycota_sp,UDB01393337,SH1102274.09FU,reps,k__Fungi,OTU1679.p__Ascomycota.g__Ascomycota_gen_Incertae_sedis
1617,OTU1680,314,278,312,758,511,545,11,65.8,3.88e-10,100,p__Basidiomycota,c__Agaricomycetes,o__Auriculariales,f__Auriculariales_fam_Incertae_sedis,g__Auriculariales_gen_Incertae_sedis,s__Auriculariales_sp,Auriculariales_sp,JQ272342,SH0954825.09FU,reps,k__Fungi,OTU1680.p__Basidiomycota.g__Auriculariales_gen_Incertae_sedis
1618,OTU1681,352,1,289,600,311,597,82,399,1.06e-110,91.696,p__Basidiomycota,c__Agaricomycetes,o__Agaricomycetes_ord_Incertae_sedis,f__Agaricomycetes_fam_Incertae_sedis,g__Agaricomycetes_gen_Incertae_sedis,s__Agaricomycetes_sp,Agaricomycetes_sp,UDB0947703,SH1167119.09FU,reps,k__Fungi,OTU1681.p__Basidiomycota.g__Agaricomycetes_gen_Incertae_sedis
1619,OTU1682,309,57,301,486,486,242,79,448,3.24e-125,99.592,p__Ascomycota,c__Sordariomycetes,o__Hypocreales,f__Hypocreales_fam_Incertae_sedis,g__Acremonium,s__Acremonium_sclerotigenum,Acremonium_sclerotigenum,AJ621772,SH1291669.09FU,refs,k__Fungi,OTU1682.p__Ascomycota.g__Acremonium
1620,OTU1683,275,1,215,511,297,511,78,392,1.36e-108,99.535,p__Ascomycota,c__Pezizomycetes,o__Pezizales,f__Pyronemataceae,g__Melastiza,s__Melastiza_cornubiensis,Melastiza_cornubiensis,MZ159634,SH1290492.09FU,reps,k__Fungi,OTU1683.p__Ascomycota.g__Melastiza
1621,OTU1684,305,1,243,527,289,527,80,412,1.17e-114,97.531,p__Ascomycota,c__Pezizomycetes,o__Pezizales,f__Pezizaceae,g__Peziza,s__Peziza_sp,Peziza_sp,UDB04301805,SH1285511.09FU,reps,k__Fungi,OTU1684.p__Ascomycota.g__Peziza
1622,OTU1685,285,1,225,454,229,454,79,399,8.48e-111,98.673,p__Basidiomycota,c__Tremellomycetes,o__Tremellales,f__Tremellales_fam_Incertae_sedis,g__Tremellales_gen_Incertae_sedis,s__Tremellales_sp,Tremellales_sp,KP691951,SH0999667.09FU,reps,k__Fungi,OTU1685.p__Basidiomycota.g__Tremellales_gen_Incertae_sedis
1623,OTU1686,282,1,222,441,221,441,79,359,1.42e-98,95.946,p__Basidiomycota,c__Tremellomycetes,o__Tremellales,f__Trimorphomycetaceae,g__Carlosrosaea,s__Carlosrosaea_sp,Carlosrosaea_sp,KX009096,SH0999661.09FU,reps,k__Fungi,OTU1686.p__Basidiomycota.g__Carlosrosaea
1624,OTU1687,277,1,209,516,294,507,75,296,1.11e-79,92.13,p__Ascomycota,c__Eurotiomycetes,o__Chaetothyriales,f__Chaetothyriales_fam_Incertae_sedis,g__Chaetothyriales_gen_Incertae_sedis,s__Chaetothyriales_sp,Chaetothyriales_sp,UDB01803383,SH0898488.09FU,reps,k__Fungi,OTU1687.p__Ascomycota.g__Chaetothyriales_gen_Incertae_sedis
1625,OTU1688,398,1,337,884,547,884,85,545,1.47e-154,95.858,p__Chytridiomycota,c__Chytridiomycota_cls_Incertae_sedis,o__Chytridiomycota_ord_Incertae_sedis,f__Chytridiomycota_fam_Incertae_sedis,g__Chytridiomycota_gen_Incertae_sedis,s__Chytridiomycota_sp,Chytridiomycota_sp,UDB02273624,SH1017845.09FU,reps,k__Fungi,OTU1688.p__Chytridiomycota.g__Chytridiomycota_gen_Incertae_sedis
1626,OTU1689,290,1,229,490,261,490,79,412,1.1e-114,99.13,p__Ascomycota,c__Ascomycota_cls_Incertae_sedis,o__Ascomycota_ord_Incertae_sedis,f__Ascomycota_fam_Incertae_sedis,g__Ascomycota_gen_Incertae_sedis,s__Ascomycota_sp,Ascomycota_sp,UDB06734792,SH0955218.09FU,reps,k__Fungi,OTU1689.p__Ascomycota.g__Ascomycota_gen_Incertae_sedis
1627,OTU1690,367,1,307,591,286,591,84,472,2.32e-132,94.551,p__Mortierellomycota,c__Mortierellomycetes,o__Mortierellales,f__Mortierellaceae,g__Linnemannia,s__Linnemannia_amoeboidea,Linnemannia_amoeboidea,HQ630346,SH2088875.09FU,refs,k__Fungi,OTU1690.p__Mortierellomycota.g__Linnemannia
1628,OTU1691,275,1,214,486,275,486,78,372,1.78e-102,98.131,p__Ascomycota,c__Pezizomycetes,o__Pezizales,f__Ascodesmidaceae,g__Cephaliophora,s__Cephaliophora_sp,Cephaliophora_sp,UDB01669949,SH0935958.09FU,reps,k__Fungi,OTU1691.p__Ascomycota.g__Cephaliophora
1629,OTU1692,310,1,267,577,318,577,86,259,1.64e-68,84.871,p__Ascomycota,c__Eurotiomycetes,o__Chaetothyriales,f__Herpotrichiellaceae,g__Phialophora,s__Phialophora_sp,Phialophora_sp,KF928465,SH1233324.09FU,reps,k__Fungi,OTU1692.p__Ascomycota.g__Phialophora
1630,OTU1693,280,1,219,506,290,506,78,331,3.08e-90,94.064,p__Ascomycota,c__Eurotiomycetes,o__Chaetothyriales,f__Chaetothyriales_fam_Incertae_sedis,g__Chaetothyriales_gen_Incertae_sedis,s__Chaetothyriales_sp,Chaetothyriales_sp,UDB0437568,SH1106572.09FU,reps,k__Fungi,OTU1693.p__Ascomycota.g__Chaetothyriales_gen_Incertae_sedis
1631,OTU1694,292,1,249,579,336,579,85,278,4.23e-74,87.2,p__Ascomycota,c__Eurotiomycetes,o__Chaetothyriales,f__Trichomeriaceae,g__Trichomerium,s__Trichomerium_cicatricatum,Trichomerium_cicatricatum,KP174854,SH1287399.09FU,refs,k__Fungi,OTU1694.p__Ascomycota.g__Trichomerium
1632,OTU1695,379,340,377,758,508,545,10,65.8,4.76e-10,97.368,p__Basidiomycota,c__Agaricomycetes,o__Auriculariales,f__Auriculariales_fam_Incertae_sedis,g__Auriculariales_gen_Incertae_sedis,s__Auriculariales_sp,Auriculariales_sp,JQ272342,SH0954825.09FU,reps,k__Fungi,OTU1695.p__Basidiomycota.g__Auriculariales_gen_Incertae_sedis
1633,OTU1696,277,1,216,495,280,495,78,394,3.82e-109,99.537,p__Ascomycota,c__Leotiomycetes,o__Helotiales,f__Helotiaceae,g__Scytalidium,s__Scytalidium_sp,Scytalidium_sp,UDB06736436,SH1276307.09FU,reps,k__Fungi,OTU1696.p__Ascomycota.g__Scytalidium
1634,OTU1697,315,268,313,1125,57,12,15,69.4,3.01e-11,93.478,p__Ascomycota,c__Sordariomycetes,o__Hypocreales,f__Nectriaceae,g__Fusarium,s__Fusarium_oxysporum,Fusarium_oxysporum,UDB041458,SH1099032.09FU,reps,k__Fungi,OTU1697.p__Ascomycota.g__Fusarium
1635,OTU1698,387,1,327,533,207,533,84,544,5.12e-154,96.636,p__Fungi_phy_Incertae_sedis,c__Fungi_cls_Incertae_sedis,o__Fungi_ord_Incertae_sedis,f__Fungi_fam_Incertae_sedis,g__Fungi_gen_Incertae_sedis,s__Fungi_sp,Fungi_sp,UDB0705048,SH1285591.09FU,reps,k__Fungi,OTU1698.p__Fungi_phy_Incertae_sedis.g__Fungi_gen_Incertae_sedis
1636,OTU1699,369,37,361,580,575,252,88,571,2.23e-162,98.462,p__Basidiomycota,c__Tremellomycetes,o__Filobasidiales,f__Piskurozymaceae,g__Solicoccozyma,s__Solicoccozyma_fuscescens,Solicoccozyma_fuscescens,KY105436,SH0879828.09FU,refs,k__Fungi,OTU1699.p__Basidiomycota.g__Solicoccozyma
1637,OTU1700,282,1,228,470,247,470,81,390,5.04e-108,97.807,p__Ascomycota,c__Sordariomycetes,o__Hypocreales,f__Hypocreales_fam_Incertae_sedis,g__Acremonium,s__Acremonium_vitellinum,Acremonium_vitellinum,KT699123,SH0900777.09FU,reps,k__Fungi,OTU1700.p__Ascomycota.g__Acremonium
1638,OTU1701,325,1,263,536,273,534,81,462,1.22e-129,98.099,p__Basidiomycota,c__Agaricomycetes,o__Sebacinales,f__Serendipitaceae,g__Serendipita,s__Serendipita_sp,Serendipita_sp,KF061298,SH1235086.09FU,refs,k__Fungi,OTU1701.p__Basidiomycota.g__Serendipita
1639,OTU1702,301,1,241,456,217,456,80,438,1.9e-122,99.585,p__Basidiomycota,c__Tremellomycetes,o__Tremellales,f__Rhynchogastremataceae,g__Papiliotrema,s__Papiliotrema_pseudoalba,Papiliotrema_pseudoalba,AF444399,SH0960186.09FU,refs,k__Fungi,OTU1702.p__Basidiomycota.g__Papiliotrema
1640,OTU1703,327,1,264,659,392,653,81,470,7.36e-132,98.864,p__Basidiomycota,c__Agaricomycetes,o__Agaricales,f__Agaricales_fam_Incertae_sedis,g__Agaricales_gen_Incertae_sedis,s__Agaricales_sp,Agaricales_sp,UDB0905640,SH1196321.09FU,reps,k__Fungi,OTU1703.p__Basidiomycota.g__Agaricales_gen_Incertae_sedis
1641,OTU1704,421,1,361,751,392,751,86,649,0,99.169,p__Fungi_phy_Incertae_sedis,c__Fungi_cls_Incertae_sedis,o__Fungi_ord_Incertae_sedis,f__Fungi_fam_Incertae_sedis,g__Fungi_gen_Incertae_sedis,s__Fungi_sp,Fungi_sp,UDB0349693,SH1231748.09FU,reps,k__Fungi,OTU1704.p__Fungi_phy_Incertae_sedis.g__Fungi_gen_Incertae_sedis
1642,OTU1705,267,1,190,454,253,440,71,239,1.82e-62,89.529,p__Ascomycota,c__Dothideomycetes,o__Mycosphaerellales,f__Mycosphaerellaceae,g__Readeriella,s__Readeriella_sp,Readeriella_sp,UDB06319591,SH0998419.09FU,reps,k__Fungi,OTU1705.p__Ascomycota.g__Readeriella
1643,OTU1706,255,1,184,362,159,342,72,230,1.04e-59,89.247,p__Ascomycota,c__Dothideomycetes,o__Capnodiales,f__Capnodiales_fam_Incertae_sedis,g__Capnodiales_gen_Incertae_sedis,s__Capnodiales_sp,Capnodiales_sp,UDB077918,SH1103669.09FU,reps,k__Fungi,OTU1706.p__Ascomycota.g__Capnodiales_gen_Incertae_sedis
1644,OTU1707,278,1,213,524,303,517,77,363,1.08e-99,97.209,p__Ascomycota,c__Eurotiomycetes,o__Chaetothyriales,f__Strelitzianaceae,g__Strelitziana,s__Strelitziana_sp,Strelitziana_sp,UDB07638322,SH0931727.09FU,reps,k__Fungi,OTU1707.p__Ascomycota.g__Strelitziana
1645,OTU1708,270,1,152,532,317,469,56,154,6.87e-37,84.967,p__Ascomycota,c__Dothideomycetes,o__Dothideomycetes_ord_Incertae_sedis,f__Dothideomycetes_fam_Incertae_sedis,g__Peltaster,s__Peltaster_cerophilus,Peltaster_cerophilus,KP400558,SH1325477.09FU,reps,k__Fungi,OTU1708.p__Ascomycota.g__Peltaster
1646,OTU1709,284,3,223,515,295,515,78,398,3.04e-110,99.095,p__Ascomycota,c__Eurotiomycetes,o__Onygenales,f__Onygenales_fam_Incertae_sedis,g__Onygenales_gen_Incertae_sedis,s__Onygenales_sp,Onygenales_sp,UDB02530392,SH0891843.09FU,reps,k__Fungi,OTU1709.p__Ascomycota.g__Onygenales_gen_Incertae_sedis
1647,OTU1710,294,1,233,526,294,526,79,431,3.09e-120,100,p__Ascomycota,c__Eurotiomycetes,o__Chaetothyriales,f__Cyphellophoraceae,g__Cyphellophora,s__Cyphellophora_sp,Cyphellophora_sp,UDB04509202,SH1233303.09FU,reps,k__Fungi,OTU1710.p__Ascomycota.g__Cyphellophora
1648,OTU1711,332,293,330,758,508,545,11,65.8,4.12e-10,97.368,p__Basidiomycota,c__Agaricomycetes,o__Auriculariales,f__Auriculariales_fam_Incertae_sedis,g__Auriculariales_gen_Incertae_sedis,s__Auriculariales_sp,Auriculariales_sp,JQ272342,SH0954825.09FU,reps,k__Fungi,OTU1711.p__Basidiomycota.g__Auriculariales_gen_Incertae_sedis
1649,OTU1712,278,1,218,511,300,511,78,320,6.61e-87,93.607,p__Ascomycota,c__Sordariomycetes,o__Sordariales,f__Chaetomiaceae,g__Chaetomiaceae_gen_Incertae_sedis,s__Chaetomiaceae_sp,Chaetomiaceae_sp,MF161084,SH0904485.09FU,reps,k__Fungi,OTU1712.p__Ascomycota.g__Chaetomiaceae_gen_Incertae_sedis
1650,OTU1713,359,1,299,601,302,601,83,525,1.71e-148,98.333,p__Chytridiomycota,c__Rhizophydiomycetes,o__Rhizophydiales,f__Rhizophydiaceae,g__Rhizophydiaceae_gen_Incertae_sedis,s__Rhizophydiaceae_sp,Rhizophydiaceae_sp,UDB01829263,SH1292559.09FU,reps,k__Fungi,OTU1713.p__Chytridiomycota.g__Rhizophydiaceae_gen_Incertae_sedis
1651,OTU1714,402,1,343,702,358,702,85,569,8.8e-162,96.542,p__Basidiomycota,c__Ustilaginomycetes,o__Ustilaginales,f__Ustilaginaceae,g__Ustilago,s__Ustilago_xerochloae,Ustilago_xerochloae,MH865954,SH1089526.09FU,reps,k__Fungi,OTU1714.p__Basidiomycota.g__Ustilago
1652,OTU1715,331,1,270,589,320,589,82,499,9.51e-141,100,p__Ascomycota,c__Orbiliomycetes,o__Orbiliales,f__Orbiliaceae,g__Hyalorbilia,s__Hyalorbilia_sp,Hyalorbilia_sp,UDB03440346,SH1216188.09FU,reps,k__Fungi,OTU1715.p__Ascomycota.g__Hyalorbilia
1653,OTU1716,295,1,232,494,259,491,79,401,2.43e-111,97.854,p__Ascomycota,c__Dothideomycetes,o__Mycosphaerellales,f__Phaeothecoidiellaceae,g__Translucidithyrium,s__Translucidithyrium_chinense,Translucidithyrium_chinense,MT659671,SH2113102.09FU,refs_singleton,k__Fungi,OTU1716.p__Ascomycota.g__Translucidithyrium
1654,OTU1717,286,1,226,522,296,522,79,401,2.37e-111,98.678,p__Ascomycota,c__Eurotiomycetes,o__Chaetothyriales,f__Trichomeriaceae,g__Brycekendrickomyces,s__Brycekendrickomyces_acaciae,Brycekendrickomyces_acaciae,FJ839606,SH1110689.09FU,refs,k__Fungi,OTU1717.p__Ascomycota.g__Brycekendrickomyces
1655,OTU1718,268,1,207,489,282,489,77,361,3.74e-99,98.077,p__Ascomycota,c__Dothideomycetes,o__Pleosporales,f__Sporormiaceae,g__Preussia,s__Preussia_terricola,Preussia_terricola,UDB05237125,SH0921798.09FU,reps,k__Fungi,OTU1718.p__Ascomycota.g__Preussia
1656,OTU1719,390,1,329,651,324,651,84,590,6.54e-168,99.088,p__Chytridiomycota,c__Spizellomycetes,o__Spizellomycetales,f__Spizellomycetales_fam_Incertae_sedis,g__Spizellomycetales_gen_Incertae_sedis,s__Spizellomycetales_sp,Spizellomycetales_sp,UDB07391476,SH1201953.09FU,reps,k__Fungi,OTU1719.p__Chytridiomycota.g__Spizellomycetales_gen_Incertae_sedis
1657,OTU1720,346,299,344,1125,57,12,13,69.4,3.33e-11,93.478,p__Ascomycota,c__Sordariomycetes,o__Hypocreales,f__Nectriaceae,g__Fusarium,s__Fusarium_oxysporum,Fusarium_oxysporum,UDB041458,SH1099032.09FU,reps,k__Fungi,OTU1720.p__Ascomycota.g__Fusarium
1658,OTU1721,352,1,204,643,358,550,58,183,1.16e-45,83.981,p__Chytridiomycota,c__Spizellomycetes,o__Spizellomycetales,f__Spizellomycetales_fam_Incertae_sedis,g__Spizellomycetales_gen_Incertae_sedis,s__Spizellomycetales_sp,Spizellomycetales_sp,UDB07382278,SH1073714.09FU,reps,k__Fungi,OTU1721.p__Chytridiomycota.g__Spizellomycetales_gen_Incertae_sedis
1659,OTU1722,292,1,249,562,314,562,85,438,1.83e-122,98.394,p__Ascomycota,c__Dothideomycetes,o__Mycosphaerellales,f__Mycosphaerellaceae,g__Scleroramularia,s__Scleroramularia_abundans,Scleroramularia_abundans,FR716676,SH1026926.09FU,reps,k__Fungi,OTU1722.p__Ascomycota.g__Scleroramularia
1660,OTU1723,267,1,192,471,270,459,72,209,1.43e-53,86.528,p__Ascomycota,c__Dothideomycetes,o__Mycosphaerellales,f__Mycosphaerellaceae,g__Xenosonderhenia,s__Xenosonderhenia_syzygii,Xenosonderhenia_syzygii,MK732145,SH1068427.09FU,reps,k__Fungi,OTU1723.p__Ascomycota.g__Xenosonderhenia
1661,OTU1724,414,1,368,728,360,726,89,656,0,98.913,p__Basidiomycota,c__Ustilaginomycetes,o__Ustilaginales,f__Ustilaginaceae,g__Moesziomyces,s__Moesziomyces_penicillariae,Moesziomyces_penicillariae,KF926673,SH1146173.09FU,reps,k__Fungi,OTU1724.p__Basidiomycota.g__Moesziomyces
1662,OTU1725,387,321,385,758,480,545,17,71.3,1.05e-11,86.567,p__Basidiomycota,c__Agaricomycetes,o__Auriculariales,f__Auriculariales_fam_Incertae_sedis,g__Auriculariales_gen_Incertae_sedis,s__Auriculariales_sp,Auriculariales_sp,JQ272342,SH0954825.09FU,reps,k__Fungi,OTU1725.p__Basidiomycota.g__Auriculariales_gen_Incertae_sedis
1663,OTU1726,383,348,381,758,512,545,9,63.9,1.73e-09,100,p__Basidiomycota,c__Agaricomycetes,o__Auriculariales,f__Auriculariales_fam_Incertae_sedis,g__Auriculariales_gen_Incertae_sedis,s__Auriculariales_sp,Auriculariales_sp,JQ272342,SH0954825.09FU,reps,k__Fungi,OTU1726.p__Basidiomycota.g__Auriculariales_gen_Incertae_sedis
1664,OTU1727,291,1,231,437,209,437,79,303,6.96e-82,90.517,p__Basidiomycota,c__Spiculogloeomycetes,o__Spiculogloeales,f__Spiculogloeaceae,g__Phyllozyma,s__Phyllozyma_aceris,Phyllozyma_aceris,MK050377,SH1001304.09FU,refs,k__Fungi,OTU1727.p__Basidiomycota.g__Phyllozyma
1665,OTU1728,343,1,282,500,215,500,82,497,3.55e-140,98.252,p__Glomeromycota,c__Glomeromycetes,o__Glomerales,f__Glomeraceae,g__Septoglomus,s__Septoglomus_sp,Septoglomus_sp,UDB06942058,SH0886909.09FU,reps,k__Fungi,OTU1728.p__Glomeromycota.g__Septoglomus
1666,OTU1729,293,1,233,543,318,543,80,346,1.15e-94,94.017,p__Ascomycota,c__Eurotiomycetes,o__Eurotiales,f__Trichocomaceae,g__Thermomyces,s__Thermomyces_ibadanensis,Thermomyces_ibadanensis,MH858968,SH4133604.09FU,refs,k__Fungi,OTU1729.p__Ascomycota.g__Thermomyces
1667,OTU1730,343,1,301,507,213,507,88,501,2.75e-141,97.01,p__Glomeromycota,c__Glomeromycetes,o__Glomerales,f__Claroideoglomeraceae,g__Claroideoglomus,s__Claroideoglomus_sp,Claroideoglomus_sp,AM420360,SH0902990.09FU,reps,k__Fungi,OTU1730.p__Glomeromycota.g__Claroideoglomus
1668,OTU1732,311,1,53,1125,14,66,17,65.8,3.84e-10,88.679,p__Ascomycota,c__Sordariomycetes,o__Hypocreales,f__Nectriaceae,g__Fusarium,s__Fusarium_oxysporum,Fusarium_oxysporum,UDB041458,SH1099032.09FU,reps,k__Fungi,OTU1732.p__Ascomycota.g__Fusarium
1669,OTU1733,287,1,227,511,283,511,79,394,3.98e-109,97.826,p__Ascomycota,c__Sordariomycetes,o__Hypocreales,f__Hypocreales_fam_Incertae_sedis,g__Acremonium,s__Acremonium_sp,Acremonium_sp,KF669512,SH1160521.09FU,reps,k__Fungi,OTU1733.p__Ascomycota.g__Acremonium
1670,OTU1734,357,1,296,589,294,589,83,547,3.63e-155,100,p__Chytridiomycota,c__Lobulomycetes,o__Lobulomycetales,f__Lobulomycetales_fam_Incertae_sedis,g__Lobulomycetales_gen_Incertae_sedis,s__Lobulomycetales_sp,Lobulomycetales_sp,UDB03108281,SH1288543.09FU,reps,k__Fungi,OTU1734.p__Chytridiomycota.g__Lobulomycetales_gen_Incertae_sedis
1671,OTU1735,368,1,71,556,273,342,19,113,1.62e-24,95.775,p__Chytridiomycota,c__Rhizophydiomycetes,o__Rhizophydiales,f__Rhizophydiales_fam_Incertae_sedis,g__Rhizophydiales_gen_Incertae_sedis,s__Rhizophydiales_sp,Rhizophydiales_sp,UDB06470404,SH1062401.09FU,reps,k__Fungi,OTU1735.p__Chytridiomycota.g__Rhizophydiales_gen_Incertae_sedis
1672,OTU1736,266,1,187,464,259,443,70,172,1.87e-42,83.77,p__Ascomycota,c__Sordariomycetes,o__Sordariales,f__Sordariales_fam_Incertae_sedis,g__Sordariales_gen_Incertae_sedis,s__Sordariales_sp,Sordariales_sp,UDB0419969,SH1032184.09FU,reps,k__Fungi,OTU1736.p__Ascomycota.g__Sordariales_gen_Incertae_sedis
1673,OTU1738,344,1,282,595,312,595,82,318,2.98e-86,87.063,p__Chytridiomycota,c__Spizellomycetes,o__Spizellomycetales,f__Spizellomycetales_fam_Incertae_sedis,g__Spizellomycetales_gen_Incertae_sedis,s__Spizellomycetales_sp,Spizellomycetales_sp,UDB07388360,SH1213924.09FU,reps,k__Fungi,OTU1738.p__Chytridiomycota.g__Spizellomycetales_gen_Incertae_sedis
1674,OTU1739,268,1,215,495,281,495,80,398,2.85e-110,100,p__Ascomycota,c__Sordariomycetes,o__Microascales,f__Microascaceae,g__Canariomyces,s__Canariomyces_subthermophilus,Canariomyces_subthermophilus,JX280873,SH2145680.09FU,refs,k__Fungi,OTU1739.p__Ascomycota.g__Canariomyces
1675,OTU1740,262,1,202,478,277,478,77,363,1.01e-99,99.01,p__Ascomycota,c__Dothideomycetes,o__Pleosporales,f__Dictyosporiaceae,g__Neodendryphiella,s__Neodendryphiella_sp,Neodendryphiella_sp,UDB02024550,SH1178189.09FU,reps,k__Fungi,OTU1740.p__Ascomycota.g__Neodendryphiella
1676,OTU1741,384,327,382,1125,67,12,15,76.8,2.23e-13,91.071,p__Ascomycota,c__Sordariomycetes,o__Hypocreales,f__Nectriaceae,g__Fusarium,s__Fusarium_oxysporum,Fusarium_oxysporum,UDB041458,SH1099032.09FU,reps,k__Fungi,OTU1741.p__Ascomycota.g__Fusarium
1677,OTU1743,338,1,258,629,351,610,76,279,1.38e-74,86.364,p__Chytridiomycota,c__Spizellomycetes,o__Spizellomycetales,f__Spizellomycetales_fam_Incertae_sedis,g__Spizellomycetales_gen_Incertae_sedis,s__Spizellomycetales_sp,Spizellomycetales_sp,UDB07381619,SH1073703.09FU,reps,k__Fungi,OTU1743.p__Chytridiomycota.g__Spizellomycetales_gen_Incertae_sedis
1678,OTU1744,366,1,305,664,366,664,83,298,4.15e-80,84.74,p__Chytridiomycota,c__Spizellomycetes,o__Spizellomycetales,f__Powellomycetaceae,g__Powellomycetaceae_gen_Incertae_sedis,s__Powellomycetaceae_sp,Powellomycetaceae_sp,UDB05208539,SH1331451.09FU,reps,k__Fungi,OTU1744.p__Chytridiomycota.g__Powellomycetaceae_gen_Incertae_sedis
1679,OTU1745,305,1,252,555,304,555,83,466,8.83e-131,100,p__Ascomycota,c__Eurotiomycetes,o__Chaetothyriales,f__Herpotrichiellaceae,g__Exophiala,s__Exophiala_equina,Exophiala_equina,JF747094,SH1072530.09FU,refs,k__Fungi,OTU1745.p__Ascomycota.g__Exophiala
1680,OTU1746,255,1,195,458,263,458,76,327,3.59e-89,96.939,p__Ascomycota,c__Leotiomycetes,o__Leotiomycetes_ord_Incertae_sedis,f__Leotiomycetes_fam_Incertae_sedis,g__Leotiomycetes_gen_Incertae_sedis,s__Leotiomycetes_sp,Leotiomycetes_sp,UDB039990,SH1012501.09FU,reps,k__Fungi,OTU1746.p__Ascomycota.g__Leotiomycetes_gen_Incertae_sedis
1681,OTU1747,269,1,207,589,383,589,77,372,1.74e-102,99.034,p__Ascomycota,c__Dothideomycetes,o__Pleosporales,f__Amniculicolaceae,g__Murispora,s__Murispora_sp,Murispora_sp,UDB04997655,SH1278970.09FU,reps,k__Fungi,OTU1747.p__Ascomycota.g__Murispora
1682,OTU1748,326,1,205,484,224,434,63,130,1.41e-29,78.995,p__Basidiomycota,c__Basidiomycota_cls_Incertae_sedis,o__Basidiomycota_ord_Incertae_sedis,f__Basidiomycota_fam_Incertae_sedis,g__Basidiomycota_gen_Incertae_sedis,s__Basidiomycota_sp,Basidiomycota_sp,UDB01489683,SH1324488.09FU,reps,k__Fungi,OTU1748.p__Basidiomycota.g__Basidiomycota_gen_Incertae_sedis
1683,OTU1749,309,1,249,609,359,609,81,385,2.58e-106,94.444,p__Basidiomycota,c__Agaricomycetes,o__Agaricales,f__Psathyrellaceae,g__Coprinellus,s__Coprinellus_brevisetulosus,Coprinellus_brevisetulosus,GU227711,SH1207643.09FU,refs,k__Fungi,OTU1749.p__Basidiomycota.g__Coprinellus
1684,OTU1750,369,330,367,758,508,545,10,71.3,9.93e-12,100,p__Basidiomycota,c__Agaricomycetes,o__Auriculariales,f__Auriculariales_fam_Incertae_sedis,g__Auriculariales_gen_Incertae_sedis,s__Auriculariales_sp,Auriculariales_sp,JQ272342,SH0954825.09FU,reps,k__Fungi,OTU1750.p__Basidiomycota.g__Auriculariales_gen_Incertae_sedis
1685,OTU1751,310,1,250,517,271,517,81,375,1.56e-103,94.024,p__Ascomycota,c__Sordariomycetes,o__Microascales,f__Microascaceae,g__Microascus,s__Microascus_ennothomasiorum,Microascus_ennothomasiorum,LS447483,SH2069368.09FU,refs_singleton,k__Fungi,OTU1751.p__Ascomycota.g__Microascus
1686,OTU1752,275,1,215,473,259,473,78,398,2.93e-110,100,p__Ascomycota,c__Dothideomycetes,o__Pleosporales,f__Trematosphaeriaceae,g__Trematosphaeria,s__Trematosphaeria_sp,Trematosphaeria_sp,MT679671,SH0993606.09FU,reps,k__Fungi,OTU1752.p__Ascomycota.g__Trematosphaeria
1687,OTU1753,318,1,257,558,302,558,81,436,7.24e-122,97.276,p__Basidiomycota,c__Agaricomycetes,o__Trechisporales,f__Hydnodontaceae,g__Trechispora,s__Trechispora_sp,Trechispora_sp,UDB06326412,SH1162022.09FU,reps,k__Fungi,OTU1753.p__Basidiomycota.g__Trechispora
1688,OTU1754,287,1,234,564,331,564,82,433,8.42e-121,100,p__Ascomycota,c__Eurotiomycetes,o__Onygenales,f__Onygenaceae,g__Chrysosporium,s__Chrysosporium_vallenarense,Chrysosporium_vallenarense,KT155949,SH1168921.09FU,refs,k__Fungi,OTU1754.p__Ascomycota.g__Chrysosporium
1689,OTU1755,338,1,240,662,386,626,71,222,2.36e-57,83.673,p__Chytridiomycota,c__Spizellomycetes,o__Spizellomycetales,f__Spizellomycetales_fam_Incertae_sedis,g__Spizellomycetales_gen_Incertae_sedis,s__Spizellomycetales_sp,Spizellomycetales_sp,UDB07387087,SH1317290.09FU,reps,k__Fungi,OTU1755.p__Chytridiomycota.g__Spizellomycetales_gen_Incertae_sedis
1690,OTU1756,371,332,369,758,508,545,10,71.3,9.99e-12,100,p__Basidiomycota,c__Agaricomycetes,o__Auriculariales,f__Auriculariales_fam_Incertae_sedis,g__Auriculariales_gen_Incertae_sedis,s__Auriculariales_sp,Auriculariales_sp,JQ272342,SH0954825.09FU,reps,k__Fungi,OTU1756.p__Basidiomycota.g__Auriculariales_gen_Incertae_sedis
1691,OTU1757,275,1,215,433,219,433,78,392,1.36e-108,99.535,p__Ascomycota,c__Sordariomycetes,o__Hypocreales,f__Nectriaceae,g__Fusarium,s__Fusarium_cassiae,Fusarium_cassiae,MT215495,SH1079872.09FU,refs,k__Fungi,OTU1757.p__Ascomycota.g__Fusarium
1692,OTU1758,316,1,270,641,370,641,85,468,2.55e-131,97.802,p__Basidiomycota,c__Agaricomycetes,o__Agaricales,f__Bolbitiaceae,g__Conocybe,s__Conocybe_papillata,Conocybe_papillata,JX968218,SH1109354.09FU,reps,k__Fungi,OTU1758.p__Basidiomycota.g__Conocybe
1693,OTU1759,270,1,209,494,286,494,77,387,6.22e-107,100,p__Ascomycota,c__Dothideomycetes,o__Botryosphaeriales,f__Botryosphaeriaceae,g__Macrophomina,s__Macrophomina_phaseolina,Macrophomina_phaseolina,KF766195,SH0913905.09FU,refs,k__Fungi,OTU1759.p__Ascomycota.g__Macrophomina
1694,OTU1760,272,1,211,457,249,457,78,377,3.78e-104,99.052,p__Ascomycota,c__Sordariomycetes,o__Coniochaetales,f__Coniochaetaceae,g__Coniochaeta,s__Coniochaeta_sp,Coniochaeta_sp,UDB04104496,SH0906021.09FU,reps,k__Fungi,OTU1760.p__Ascomycota.g__Coniochaeta
1695,OTU1761,292,1,223,491,263,483,76,316,8.97e-86,92.377,p__Ascomycota,c__Sordariomycetes,o__Hypocreales,f__Bionectriaceae,g__Verrucostoma,s__Verrucostoma_sp,Verrucostoma_sp,UDB07340562,SH1133777.09FU,reps,k__Fungi,OTU1761.p__Ascomycota.g__Verrucostoma
1696,OTU1762,272,1,211,474,264,474,78,374,4.88e-103,98.578,p__Ascomycota,c__Dothideomycetes,o__Venturiales,f__Venturiaceae,g__Venturiaceae_gen_Incertae_sedis,s__Venturiaceae_sp,Venturiaceae_sp,UDB07281091,SH0957683.09FU,reps,k__Fungi,OTU1762.p__Ascomycota.g__Venturiaceae_gen_Incertae_sedis
1697,OTU1763,273,1,212,452,241,452,78,387,6.3e-107,99.528,p__Ascomycota,c__Sordariomycetes,o__Sordariales,f__Sordariales_fam_Incertae_sedis,g__Staphylotrichum,s__Staphylotrichum_sp,Staphylotrichum_sp,UDB07569657,SH1021173.09FU,reps,k__Fungi,OTU1763.p__Ascomycota.g__Staphylotrichum
1698,OTU1764,314,1,254,622,366,622,81,449,9.17e-126,98.444,p__Basidiomycota,c__Agaricomycetes,o__Agaricales,f__Bolbitiaceae,g__Conocybe,s__Conocybe_deliquescens,Conocybe_deliquescens,AY194555,SH1222543.09FU,reps,k__Fungi,OTU1764.p__Basidiomycota.g__Conocybe
1699,OTU1765,325,1,265,465,204,465,82,464,3.4e-130,98.491,p__Glomeromycota,c__Glomeromycetes,o__Glomerales,f__Glomeraceae,g__Glomus,s__Glomus_sp,Glomus_sp,UDB073439,SH0904365.09FU,reps,k__Fungi,OTU1765.p__Glomeromycota.g__Glomus
1700,OTU1766,316,1,255,587,335,587,81,442,1.55e-123,98.047,p__Basidiomycota,c__Agaricomycetes,o__Agaricales,f__Tricholomataceae,g__Calyptella,s__Calyptella_sp,Calyptella_sp,UDB01595213,SH1054940.09FU,reps,k__Fungi,OTU1766.p__Basidiomycota.g__Calyptella
1701,OTU1767,433,1,371,695,325,695,86,614,4.34e-175,96.524,p__Chytridiomycota,c__Chytridiomycota_cls_Incertae_sedis,o__Chytridiomycota_ord_Incertae_sedis,f__Chytridiomycota_fam_Incertae_sedis,g__Chytridiomycota_gen_Incertae_sedis,s__Chytridiomycota_sp,Chytridiomycota_sp,UDB02289847,SH1158380.09FU,reps,k__Fungi,OTU1767.p__Chytridiomycota.g__Chytridiomycota_gen_Incertae_sedis
1702,OTU1768,436,401,431,581,496,527,7,52.8,4.3e-06,96.875,p__Ascomycota,c__Leotiomycetes,o__Helotiales,f__Dermateaceae,g__Pezicula,s__Pezicula_radicicola,Pezicula_radicicola,FJ179465,SH0975489.09FU,reps,k__Fungi,OTU1768.p__Ascomycota.g__Pezicula
1703,OTU1769,362,304,360,1125,68,12,16,73.1,2.71e-12,89.474,p__Ascomycota,c__Sordariomycetes,o__Hypocreales,f__Nectriaceae,g__Fusarium,s__Fusarium_oxysporum,Fusarium_oxysporum,UDB041458,SH1099032.09FU,reps,k__Fungi,OTU1769.p__Ascomycota.g__Fusarium
1704,OTU1770,154,1,146,480,397,252,95,259,7.48e-69,98.63,p__Monoblepharomycota,c__Hyaloraphidiomycetes,o__Hyaloraphidiales,f__Hyaloraphidiales_fam_Incertae_sedis,g__Hyaloraphidiales_gen_Incertae_sedis,s__Hyaloraphidiales_sp,Hyaloraphidiales_sp,UDB03439846,SH1097103.09FU,reps,k__Fungi,OTU1770.p__Monoblepharomycota.g__Hyaloraphidiales_gen_Incertae_sedis
1705,OTU1771,269,1,209,464,256,464,78,387,6.2e-107,100,p__Ascomycota,c__Sordariomycetes,o__Trichosphaeriales,f__Trichosphaeriaceae,g__Nigrospora,s__Nigrospora_pyriformis,Nigrospora_pyriformis,KX985940,SH2728836.09FU,refs,k__Fungi,OTU1771.p__Ascomycota.g__Nigrospora
1706,OTU1772,362,1,301,574,274,574,83,556,6.13e-158,100,p__Mortierellomycota,c__Mortierellomycetes,o__Mortierellales,f__Mortierellales_fam_Incertae_sedis,g__Mortierellales_gen_Incertae_sedis,s__Mortierellales_sp,Mortierellales_sp,UDB04946858,SH1105911.09FU,reps,k__Fungi,OTU1772.p__Mortierellomycota.g__Mortierellales_gen_Incertae_sedis
1707,OTU1773,285,1,225,601,378,601,79,375,1.43e-103,96.903,p__Ascomycota,c__Eurotiomycetes,o__Chaetothyriales,f__Trichomeriaceae,g__Trichomerium,s__Trichomerium_syzygii,Trichomerium_syzygii,MT223865,SH2060816.09FU,refs_singleton,k__Fungi,OTU1773.p__Ascomycota.g__Trichomerium
1708,OTU1774,289,1,210,536,310,517,73,315,3.19e-85,93.868,p__Ascomycota,c__Eurotiomycetes,o__Chaetothyriales,f__Trichomeriaceae,g__Knufia,s__Knufia_sp,Knufia_sp,UDB02305665,SH1194878.09FU,reps,k__Fungi,OTU1774.p__Ascomycota.g__Knufia
1709,OTU1775,283,1,224,497,274,497,79,414,3.01e-115,100,p__Ascomycota,c__Sordariomycetes,o__Hypocreales,f__Hypocreales_fam_Incertae_sedis,g__Sarocladium,s__Sarocladium_zeae,Sarocladium_zeae,FN691451,SH0913386.09FU,refs,k__Fungi,OTU1775.p__Ascomycota.g__Sarocladium
1710,OTU1776,263,1,203,421,219,421,77,364,2.83e-100,99.015,p__Ascomycota,c__Dothideomycetes,o__Pleosporales,f__Cucurbitariaceae,g__Pyrenochaetopsis,s__Pyrenochaetopsis_sinensis,Pyrenochaetopsis_sinensis,MK348586,SH2789084.09FU,refs,k__Fungi,OTU1776.p__Ascomycota.g__Pyrenochaetopsis
1711,OTU1777,312,1,252,461,211,461,81,425,1.54e-118,97.233,p__Glomeromycota,c__Glomeromycetes,o__Glomerales,f__Glomeraceae,g__Glomus,s__Glomus_sp,Glomus_sp,UDB03125159,SH0993403.09FU,reps,k__Fungi,OTU1777.p__Glomeromycota.g__Glomus
1712,OTU1778,323,276,321,758,500,545,14,69.4,3.09e-11,93.478,p__Basidiomycota,c__Agaricomycetes,o__Auriculariales,f__Auriculariales_fam_Incertae_sedis,g__Auriculariales_gen_Incertae_sedis,s__Auriculariales_sp,Auriculariales_sp,JQ272342,SH0954825.09FU,reps,k__Fungi,OTU1778.p__Basidiomycota.g__Auriculariales_gen_Incertae_sedis
1713,OTU1779,300,1,221,478,243,462,74,257,5.68e-68,87.946,p__Ascomycota,c__Dothideomycetes,o__Mycosphaerellales,f__Phaeothecoidiellaceae,g__Translucidithyrium,s__Translucidithyrium_thailandicum,Translucidithyrium_thailandicum,MG993045,SH2105108.09FU,refs_singleton,k__Fungi,OTU1779.p__Ascomycota.g__Translucidithyrium
1714,OTU1780,362,327,360,758,512,545,9,63.9,1.63e-09,100,p__Basidiomycota,c__Agaricomycetes,o__Auriculariales,f__Auriculariales_fam_Incertae_sedis,g__Auriculariales_gen_Incertae_sedis,s__Auriculariales_sp,Auriculariales_sp,JQ272342,SH0954825.09FU,reps,k__Fungi,OTU1780.p__Basidiomycota.g__Auriculariales_gen_Incertae_sedis
1715,OTU1781,302,1,241,526,285,526,80,440,5.29e-123,99.587,p__Ascomycota,c__Sordariomycetes,o__Sordariomycetes_ord_Incertae_sedis,f__Sordariomycetes_fam_Incertae_sedis,g__Sordariomycetes_gen_Incertae_sedis,s__Sordariomycetes_sp,Sordariomycetes_sp,UDB02744984,SH1270302.09FU,reps,k__Fungi,OTU1781.p__Ascomycota.g__Sordariomycetes_gen_Incertae_sedis
1716,OTU1782,352,1,291,642,351,642,83,483,1.02e-135,96.599,p__Chytridiomycota,c__Spizellomycetes,o__Spizellomycetales,f__Spizellomycetales_fam_Incertae_sedis,g__Spizellomycetales_gen_Incertae_sedis,s__Spizellomycetales_sp,Spizellomycetales_sp,UDB07388509,SH1209049.09FU,reps,k__Fungi,OTU1782.p__Chytridiomycota.g__Spizellomycetales_gen_Incertae_sedis
1717,OTU1783,272,1,228,508,282,508,84,403,6.23e-112,98.684,p__Ascomycota,c__Sordariomycetes,o__Diaporthales,f__Diaporthaceae,g__Diaporthe,s__Diaporthe_bohemiae,Diaporthe_bohemiae,KC507267,SH1198287.09FU,reps,k__Fungi,OTU1783.p__Ascomycota.g__Diaporthe
1718,OTU1784,340,301,338,1125,49,12,11,65.8,4.23e-10,97.368,p__Ascomycota,c__Sordariomycetes,o__Hypocreales,f__Nectriaceae,g__Fusarium,s__Fusarium_oxysporum,Fusarium_oxysporum,UDB041458,SH1099032.09FU,reps,k__Fungi,OTU1784.p__Ascomycota.g__Fusarium
1719,OTU1785,274,1,186,442,239,425,68,233,8.72e-61,89.418,p__Ascomycota,c__Sordariomycetes,o__Torpedosporales,f__Torpedosporaceae,g__Torpedospora,s__Torpedospora_mangrovei,Torpedospora_mangrovei,LC146768,SH2106629.09FU,refs_singleton,k__Fungi,OTU1785.p__Ascomycota.g__Torpedospora
1720,OTU1786,266,1,221,508,288,508,83,320,6.3e-87,92.825,p__Ascomycota,c__Dothideomycetes,o__Pleosporales,f__Phaeosphaeriaceae,g__Phaeosphaeria,s__Phaeosphaeria_halima,Phaeosphaeria_halima,FJ614623,SH0970706.09FU,reps,k__Fungi,OTU1786.p__Ascomycota.g__Phaeosphaeria
1721,OTU1787,327,1,278,613,336,613,85,503,7.26e-142,99.281,p__Basidiomycota,c__Agaricomycetes,o__Agaricales,f__Bolbitiaceae,g__Panaeolus,s__Panaeolus_axfordii,Panaeolus_axfordii,MN482689,SH1136639.09FU,refs,k__Fungi,OTU1787.p__Basidiomycota.g__Panaeolus
1722,OTU1788,302,1,242,500,259,500,80,448,3.16e-125,100,p__Ascomycota,c__Sordariomycetes,o__Hypocreales,f__Clavicipitaceae,g__Mycophilomyces,s__Mycophilomyces_periconiae,Mycophilomyces_periconiae,KY173418,SH1614120.09FU,refs_singleton,k__Fungi,OTU1788.p__Ascomycota.g__Mycophilomyces
1723,OTU1789,286,1,246,537,298,530,86,248,3.26e-65,85.887,p__Ascomycota,c__Eurotiomycetes,o__Chaetothyriales,f__Chaetothyriaceae,g__Longihyalospora,s__Longihyalospora_ampeli,Longihyalospora_ampeli,MN219716,SH1158568.09FU,refs,k__Fungi,OTU1789.p__Ascomycota.g__Longihyalospora
1724,OTU1790,290,1,230,528,302,528,79,366,8.72e-101,95.652,p__Ascomycota,c__Eurotiomycetes,o__Chaetothyriales,f__Chaetothyriaceae,g__Hermetothecium,s__Hermetothecium_mikaniae-micranthae,Hermetothecium_mikaniae-micranthae,MN537723,SH1129177.09FU,refs,k__Fungi,OTU1790.p__Ascomycota.g__Hermetothecium
1725,OTU1791,262,1,215,452,236,452,82,350,7.9e-96,95.872,p__Ascomycota,c__Eurotiomycetes,o__Chaetothyriales,f__Herpotrichiellaceae,g__Phialophora,s__Phialophora_cyclaminis,Phialophora_cyclaminis,HQ713776,SH0994584.09FU,refs,k__Fungi,OTU1791.p__Ascomycota.g__Phialophora
1726,OTU1792,263,1,202,404,204,404,77,333,7.99e-91,96.535,p__Ascomycota,c__Ascomycota_cls_Incertae_sedis,o__Ascomycota_ord_Incertae_sedis,f__Ascomycota_fam_Incertae_sedis,g__Ascomycota_gen_Incertae_sedis,s__Ascomycota_sp,Ascomycota_sp,UDB01367817,SH1332852.09FU,reps,k__Fungi,OTU1792.p__Ascomycota.g__Ascomycota_gen_Incertae_sedis
1727,OTU1793,361,326,359,758,512,545,9,63.9,1.62e-09,100,p__Basidiomycota,c__Agaricomycetes,o__Auriculariales,f__Auriculariales_fam_Incertae_sedis,g__Auriculariales_gen_Incertae_sedis,s__Auriculariales_sp,Auriculariales_sp,JQ272342,SH0954825.09FU,reps,k__Fungi,OTU1793.p__Basidiomycota.g__Auriculariales_gen_Incertae_sedis
1728,OTU1794,348,1,287,544,259,544,82,451,2.85e-126,95.172,p__Mortierellomycota,c__Mortierellomycetes,o__Mortierellales,f__Mortierellales_fam_Incertae_sedis,g__Mortierellales_gen_Incertae_sedis,s__Mortierellales_sp,Mortierellales_sp,UDB04951184,SH0936597.09FU,reps,k__Fungi,OTU1794.p__Mortierellomycota.g__Mortierellales_gen_Incertae_sedis
1729,OTU1795,256,1,196,440,245,440,77,351,2.14e-96,98.98,p__Ascomycota,c__Dothideomycetes,o__Mycosphaerellales,f__Mycosphaerellaceae,g__Clypeosphaerella,s__Clypeosphaerella_quasiparkii,Clypeosphaerella_quasiparkii,EU882125,SH1086773.09FU,refs,k__Fungi,OTU1795.p__Ascomycota.g__Clypeosphaerella
1730,OTU1797,297,1,229,586,351,579,77,329,1.17e-89,92.609,p__Ascomycota,c__Pezizomycetes,o__Pezizales,f__Pezizales_fam_Incertae_sedis,g__Pezizales_gen_Incertae_sedis,s__Pezizales_sp,Pezizales_sp,UDB04324054,SH1287757.09FU,reps,k__Fungi,OTU1797.p__Ascomycota.g__Pezizales_gen_Incertae_sedis
1731,OTU1798,400,361,398,758,508,545,10,65.8,5.04e-10,97.368,p__Basidiomycota,c__Agaricomycetes,o__Auriculariales,f__Auriculariales_fam_Incertae_sedis,g__Auriculariales_gen_Incertae_sedis,s__Auriculariales_sp,Auriculariales_sp,JQ272342,SH0954825.09FU,reps,k__Fungi,OTU1798.p__Basidiomycota.g__Auriculariales_gen_Incertae_sedis
1732,OTU1799,270,1,210,472,263,472,78,383,8.05e-106,99.524,p__Ascomycota,c__Sordariomycetes,o__Hypocreales,f__Stachybotryaceae,g__Striaticonidium,s__Striaticonidium_synnematum,Striaticonidium_synnematum,KU847242,SH1074073.09FU,refs,k__Fungi,OTU1799.p__Ascomycota.g__Striaticonidium
1733,OTU1800,374,339,372,758,512,545,9,63.9,1.69e-09,100,p__Basidiomycota,c__Agaricomycetes,o__Auriculariales,f__Auriculariales_fam_Incertae_sedis,g__Auriculariales_gen_Incertae_sedis,s__Auriculariales_sp,Auriculariales_sp,JQ272342,SH0954825.09FU,reps,k__Fungi,OTU1800.p__Basidiomycota.g__Auriculariales_gen_Incertae_sedis
1734,OTU1801,269,1,129,456,252,378,48,110,1.5e-23,82.308,p__Ascomycota,c__Sordariomycetes,o__Phyllachorales,f__Telimenaceae,g__Telimenaceae_gen_Incertae_sedis,s__Telimenaceae_sp,Telimenaceae_sp,UDB05431131,SH0992875.09FU,reps,k__Fungi,OTU1801.p__Ascomycota.g__Telimenaceae_gen_Incertae_sedis
1735,OTU1802,306,1,246,513,268,513,80,444,4.15e-124,99.187,p__Glomeromycota,c__Glomeromycetes,o__Glomerales,f__Glomeraceae,g__Glomus,s__Glomus_sp,Glomus_sp,JX276918,SH1310072.09FU,reps,k__Fungi,OTU1802.p__Glomeromycota.g__Glomus
1736,OTU1803,315,268,313,1125,57,12,15,69.4,3.01e-11,93.478,p__Ascomycota,c__Sordariomycetes,o__Hypocreales,f__Nectriaceae,g__Fusarium,s__Fusarium_oxysporum,Fusarium_oxysporum,UDB041458,SH1099032.09FU,reps,k__Fungi,OTU1803.p__Ascomycota.g__Fusarium
1737,OTU1804,331,1,271,475,205,475,82,473,5.76e-133,98.155,p__Glomeromycota,c__Glomeromycetes,o__Glomerales,f__Claroideoglomeraceae,g__Claroideoglomus,s__Claroideoglomus_sp,Claroideoglomus_sp,HG425961,SH0964074.09FU,reps,k__Fungi,OTU1804.p__Glomeromycota.g__Claroideoglomus
1738,OTU1805,347,300,345,1125,57,12,13,69.4,3.34e-11,93.478,p__Ascomycota,c__Sordariomycetes,o__Hypocreales,f__Nectriaceae,g__Fusarium,s__Fusarium_oxysporum,Fusarium_oxysporum,UDB041458,SH1099032.09FU,reps,k__Fungi,OTU1805.p__Ascomycota.g__Fusarium
1739,OTU1806,345,298,343,1125,57,12,13,69.4,3.32e-11,93.478,p__Ascomycota,c__Sordariomycetes,o__Hypocreales,f__Nectriaceae,g__Fusarium,s__Fusarium_oxysporum,Fusarium_oxysporum,UDB041458,SH1099032.09FU,reps,k__Fungi,OTU1806.p__Ascomycota.g__Fusarium
1740,OTU1807,187,1,127,303,177,303,68,235,1.58e-61,100,p__Ascomycota,c__Saccharomycetes,o__Saccharomycetales,f__Metschnikowiaceae,g__Clavispora,s__Clavispora_lusitaniae,Clavispora_lusitaniae,MT814267,SH1002940.09FU,reps,k__Fungi,OTU1807.p__Ascomycota.g__Clavispora
1741,OTU1808,271,1,210,453,243,453,77,344,3.81e-94,96.226,p__Ascomycota,c__Dothideomycetes,o__Mycosphaerellales,f__Mycosphaerellaceae,g__Zymoseptoria,s__Zymoseptoria_sp,Zymoseptoria_sp,UDB07631096,SH0989581.09FU,reps,k__Fungi,OTU1808.p__Ascomycota.g__Zymoseptoria
1742,OTU1809,369,1,84,581,293,377,23,117,1.26e-25,91.954,p__Basidiomycota,c__Microbotryomycetes,o__Microbotryomycetes_ord_Incertae_sedis,f__Chrysozymaceae,g__Chrysozyma,s__Chrysozyma_pseudogriseoflava,Chrysozyma_pseudogriseoflava,MK050428,SH1843221.09FU,refs,k__Fungi,OTU1809.p__Basidiomycota.g__Chrysozyma
1743,OTU1810,299,1,183,493,290,462,61,147,1.28e-34,81.967,p__Ascomycota,c__Lecanoromycetes,o__Lecanorales,f__Parmeliaceae,g__Hypotrachyna,s__Hypotrachyna_sp,Hypotrachyna_sp,MN335177,SH1075533.09FU,reps,k__Fungi,OTU1810.p__Ascomycota.g__Hypotrachyna
1744,OTU1811,278,1,217,469,253,469,78,390,4.97e-108,99.078,p__Ascomycota,c__Dothideomycetes,o__Mycosphaerellales,f__Teratosphaeriaceae,g__Devriesia,s__Devriesia_sp,Devriesia_sp,UDB05109255,SH1021115.09FU,reps,k__Fungi,OTU1811.p__Ascomycota.g__Devriesia
1745,OTU1812,263,1,202,444,243,444,77,351,2.21e-96,98.02,p__Ascomycota,c__Dothideomycetes,o__Pleosporales,f__Pleosporales_fam_Incertae_sedis,g__Pleosporales_gen_Incertae_sedis,s__Pleosporales_sp,Pleosporales_sp,UDB03696457,SH0993030.09FU,reps,k__Fungi,OTU1812.p__Ascomycota.g__Pleosporales_gen_Incertae_sedis
1746,OTU1813,366,319,364,1125,57,12,13,69.4,3.54e-11,93.478,p__Ascomycota,c__Sordariomycetes,o__Hypocreales,f__Nectriaceae,g__Fusarium,s__Fusarium_oxysporum,Fusarium_oxysporum,UDB041458,SH1099032.09FU,reps,k__Fungi,OTU1813.p__Ascomycota.g__Fusarium
1747,OTU1814,341,1,280,637,358,637,82,507,5.87e-143,99.286,p__Chytridiomycota,c__Spizellomycetes,o__Spizellomycetales,f__Spizellomycetales_fam_Incertae_sedis,g__Spizellomycetales_gen_Incertae_sedis,s__Spizellomycetales_sp,Spizellomycetales_sp,UDB07388437,SH1073701.09FU,reps,k__Fungi,OTU1814.p__Chytridiomycota.g__Spizellomycetales_gen_Incertae_sedis
1748,OTU1815,325,1,265,581,316,581,82,457,5.69e-128,97.744,p__Basidiomycota,c__Agaricomycetes,o__Agaricales,f__Agaricales_fam_Incertae_sedis,g__Agaricales_gen_Incertae_sedis,s__Agaricales_sp,Agaricales_sp,EU935570,SH1233039.09FU,reps,k__Fungi,OTU1815.p__Basidiomycota.g__Agaricales_gen_Incertae_sedis
1749,OTU1816,305,1,241,521,279,518,79,416,9.02e-116,97.925,p__Mucoromycota,c__Mucoromycetes,o__Mucorales,f__Cunninghamellaceae,g__Absidia,s__Absidia_sp,Absidia_sp,UDB04475140,SH0915700.09FU,reps,k__Fungi,OTU1816.p__Mucoromycota.g__Absidia
1750,OTU1817,332,1,272,548,276,548,82,481,3.46e-135,98.54,p__Basidiomycota,c__Exobasidiomycetes,o__Exobasidiales,f__Brachybasidiaceae,g__Meira,s__Meira_sp,Meira_sp,JX682683,SH0996638.09FU,reps,k__Fungi,OTU1817.p__Basidiomycota.g__Meira
1751,OTU1818,353,292,351,657,370,311,17,67.6,1.23e-10,86.667,p__Fungi_phy_Incertae_sedis,c__Fungi_cls_Incertae_sedis,o__Fungi_ord_Incertae_sedis,f__Fungi_fam_Incertae_sedis,g__Fungi_gen_Incertae_sedis,s__Fungi_sp,Fungi_sp,UDB02135298,SH1195924.09FU,reps,k__Fungi,OTU1818.p__Fungi_phy_Incertae_sedis.g__Fungi_gen_Incertae_sedis
1752,OTU1819,303,1,234,553,329,544,77,172,2.14e-42,81.59,p__Ascomycota,c__Ascomycota_cls_Incertae_sedis,o__Ascomycota_ord_Incertae_sedis,f__Ascomycota_fam_Incertae_sedis,g__Ascomycota_gen_Incertae_sedis,s__Ascomycota_sp,Ascomycota_sp,AB217787,SH1184108.09FU,reps,k__Fungi,OTU1819.p__Ascomycota.g__Ascomycota_gen_Incertae_sedis
1753,OTU1820,389,1,65,673,263,327,17,104,1.04e-21,95.385,p__Zoopagomycota,c__Zoopagomycetes,o__Zoopagales,f__Piptocephalidaceae,g__Syncephalis,s__Syncephalis_sp,Syncephalis_sp,UDB0722130,SH1175445.09FU,reps,k__Fungi,OTU1820.p__Zoopagomycota.g__Syncephalis
1754,OTU1821,309,1,241,610,358,597,78,405,1.98e-112,97.095,p__Basidiomycota,c__Agaricomycetes,o__Agaricales,f__Bolbitiaceae,g__Conocybe,s__Conocybe_sp,Conocybe_sp,UDB04143995,SH1182687.09FU,reps,k__Fungi,OTU1821.p__Basidiomycota.g__Conocybe
1755,OTU1822,323,1,262,527,265,527,81,473,5.61e-133,99.24,p__Basidiomycota,c__Agaricomycetes,o__Agaricales,f__Clavariaceae,g__Clavariaceae_gen_Incertae_sedis,s__Clavariaceae_sp,Clavariaceae_sp,UDB03185547,SH0892607.09FU,reps,k__Fungi,OTU1822.p__Basidiomycota.g__Clavariaceae_gen_Incertae_sedis
1756,OTU1823,370,1,86,737,419,504,23,110,2.11e-23,89.655,p__Fungi_phy_Incertae_sedis,c__Fungi_cls_Incertae_sedis,o__Fungi_ord_Incertae_sedis,f__Fungi_fam_Incertae_sedis,g__Fungi_gen_Incertae_sedis,s__Fungi_sp,Fungi_sp,UDB0751837,SH1321765.09FU,reps,k__Fungi,OTU1823.p__Fungi_phy_Incertae_sedis.g__Fungi_gen_Incertae_sedis
1757,OTU1824,393,346,391,1125,57,12,12,69.4,3.82e-11,93.478,p__Ascomycota,c__Sordariomycetes,o__Hypocreales,f__Nectriaceae,g__Fusarium,s__Fusarium_oxysporum,Fusarium_oxysporum,UDB041458,SH1099032.09FU,reps,k__Fungi,OTU1824.p__Ascomycota.g__Fusarium
1758,OTU1825,287,1,226,494,272,494,79,337,6.79e-92,93.805,p__Ascomycota,c__Sordariomycetes,o__Hypocreales,f__Nectriaceae,g__Volutella,s__Volutella_sp,Volutella_sp,UDB07352236,SH0900849.09FU,reps,k__Fungi,OTU1825.p__Ascomycota.g__Volutella
1759,OTU1826,347,300,345,1125,57,12,13,69.4,3.34e-11,93.478,p__Ascomycota,c__Sordariomycetes,o__Hypocreales,f__Nectriaceae,g__Fusarium,s__Fusarium_oxysporum,Fusarium_oxysporum,UDB041458,SH1099032.09FU,reps,k__Fungi,OTU1826.p__Ascomycota.g__Fusarium
1760,OTU1827,403,349,401,1125,64,12,13,65.8,5.08e-10,88.889,p__Ascomycota,c__Sordariomycetes,o__Hypocreales,f__Nectriaceae,g__Fusarium,s__Fusarium_oxysporum,Fusarium_oxysporum,UDB041458,SH1099032.09FU,reps,k__Fungi,OTU1827.p__Ascomycota.g__Fusarium
1761,OTU1829,280,1,174,464,289,462,62,239,1.92e-62,91.379,p__Ascomycota,c__Eurotiomycetes,o__Chaetothyriales,f__Chaetothyriaceae,g__Ceramothyrium,s__Ceramothyrium_podocarpicola,Ceramothyrium_podocarpicola,MN562139,SH1700222.09FU,refs_singleton,k__Fungi,OTU1829.p__Ascomycota.g__Ceramothyrium
1762,OTU1830,272,1,211,485,274,485,78,368,2.27e-101,98.113,p__Ascomycota,c__Eurotiomycetes,o__Verrucariales,f__Verrucariaceae,g__Endocarpon,s__Endocarpon_petrolepideum,Endocarpon_petrolepideum,UDB05308172,SH1304775.09FU,reps,k__Fungi,OTU1830.p__Ascomycota.g__Endocarpon
1763,OTU1831,344,1,55,1402,784,838,16,91.6,7.07e-18,96.364,p__Basidiomycota,c__Agaricomycetes,o__Thelephorales,f__Thelephoraceae,g__Thelephora,s__Thelephora_palmata,Thelephora_palmata,UDB05500191,SH1200215.09FU,reps,k__Fungi,OTU1831.p__Basidiomycota.g__Thelephora
1764,OTU1832,316,1,276,615,342,615,87,448,3.32e-125,96.029,p__Basidiomycota,c__Agaricomycetes,o__Agaricales,f__Psathyrellaceae,g__Coprinellus,s__Coprinellus_sclerocystidiosus,Coprinellus_sclerocystidiosus,MH856996,SH1902031.09FU,refs,k__Fungi,OTU1832.p__Basidiomycota.g__Coprinellus
1765,OTU1833,349,302,344,581,484,527,12,63.9,1.57e-09,93.182,p__Ascomycota,c__Leotiomycetes,o__Helotiales,f__Dermateaceae,g__Pezicula,s__Pezicula_radicicola,Pezicula_radicicola,FJ179465,SH0975489.09FU,reps,k__Fungi,OTU1833.p__Ascomycota.g__Pezicula
1766,OTU1834,300,1,239,526,289,526,80,368,2.51e-101,94.583,p__Ascomycota,c__Sordariomycetes,o__Hypocreales,f__Hypocreales_fam_Incertae_sedis,g__Hypocreales_gen_Incertae_sedis,s__Hypocreales_sp,Hypocreales_sp,UDB03563207,SH1192107.09FU,reps,k__Fungi,OTU1834.p__Ascomycota.g__Hypocreales_gen_Incertae_sedis
1767,OTU1835,341,1,280,619,338,619,82,503,7.59e-142,98.936,p__Chytridiomycota,c__Rhizophlyctidomycetes,o__Rhizophlyctidales,f__Rhizophlyctidaceae,g__Rhizophlyctis,s__Rhizophlyctis_rosea,Rhizophlyctis_rosea,UDB06417993,SH1067652.09FU,reps,k__Fungi,OTU1835.p__Chytridiomycota.g__Rhizophlyctis
1768,OTU1836,298,1,237,503,267,503,80,427,4.06e-119,99.156,p__Basidiomycota,c__Agaricomycetes,o__Geastrales,f__Geastraceae,g__Geastrum,s__Geastrum_sp,Geastrum_sp,UDB02682604,SH0907435.09FU,reps,k__Fungi,OTU1836.p__Basidiomycota.g__Geastrum
1769,OTU1837,299,1,238,689,454,689,80,350,9.08e-96,93.305,p__Ascomycota,c__Pezizomycetes,o__Pezizales,f__Pyronemataceae,g__Pyronemataceae_gen_Incertae_sedis,s__Pyronemataceae_sp,Pyronemataceae_sp,UDB05852717,SH1319395.09FU,reps,k__Fungi,OTU1837.p__Ascomycota.g__Pyronemataceae_gen_Incertae_sedis
1770,OTU1838,347,1,154,569,298,454,44,126,1.96e-28,81.875,p__Basidiomycota,c__Agaricomycetes,o__Cantharellales,f__Ceratobasidiaceae,g__Ceratobasidiaceae_gen_Incertae_sedis,s__Ceratobasidiaceae_sp,Ceratobasidiaceae_sp,UDB01676816,SH0891511.09FU,reps,k__Fungi,OTU1838.p__Basidiomycota.g__Ceratobasidiaceae_gen_Incertae_sedis
1771,OTU1839,409,1,348,765,427,765,85,385,3.49e-106,87.179,p__Chytridiomycota,c__Rhizophlyctidomycetes,o__Rhizophlyctidales,f__Rhizophlyctidales_fam_Incertae_sedis,g__Rhizophlyctidales_gen_Incertae_sedis,s__Rhizophlyctidales_sp,Rhizophlyctidales_sp,UDB06401040,SH1191519.09FU,reps,k__Fungi,OTU1839.p__Chytridiomycota.g__Rhizophlyctidales_gen_Incertae_sedis
1772,OTU1840,334,1,274,594,323,594,82,494,4.47e-139,99.27,p__Ascomycota,c__Sordariomycetes,o__Branch06,f__Branch06_fam_Incertae_sedis,g__Branch06_gen_Incertae_sedis,s__Branch06_sp,Branch06_sp,EU003051,SH1270983.09FU,reps,k__Fungi,OTU1840.p__Ascomycota.g__Branch06_gen_Incertae_sedis
1773,OTU1841,270,1,209,504,296,504,77,375,1.35e-103,99.043,p__Ascomycota,c__Dothideomycetes,o__Pleosporales,f__Phaeosphaeriaceae,g__Neosetophoma,s__Neosetophoma_rosigena,Neosetophoma_rosigena,MG828928,SH1092041.09FU,refs,k__Fungi,OTU1841.p__Ascomycota.g__Neosetophoma
1774,OTU1842,316,1,256,465,211,465,81,466,9.17e-131,99.609,p__Glomeromycota,c__Glomeromycetes,o__Glomerales,f__Glomeraceae,g__Rhizophagus,s__Rhizophagus_irregularis,Rhizophagus_irregularis,JF820475,SH0908016.09FU,reps,k__Fungi,OTU1842.p__Glomeromycota.g__Rhizophagus
1775,OTU1843,288,1,228,501,274,501,79,411,3.96e-114,99.123,p__Ascomycota,c__Sordariomycetes,o__Hypocreales,f__Bionectriaceae,g__Caespitomonium,s__Caespitomonium_euphorbiae,Caespitomonium_euphorbiae,OK664698,SH0885397.09FU,refs,k__Fungi,OTU1843.p__Ascomycota.g__Caespitomonium
1776,OTU1844,307,1,267,542,272,536,87,481,3.17e-135,99.251,p__Ascomycota,c__Saccharomycetes,o__Saccharomycetales,f__Debaryomycetaceae,g__Meyerozyma,s__Meyerozyma_caribbica,Meyerozyma_caribbica,KY104222,SH2935616.09FU,refs,k__Fungi,OTU1844.p__Ascomycota.g__Meyerozyma
1777,OTU1845,310,275,305,581,496,527,10,52.8,2.98e-06,96.875,p__Ascomycota,c__Leotiomycetes,o__Helotiales,f__Dermateaceae,g__Pezicula,s__Pezicula_radicicola,Pezicula_radicicola,FJ179465,SH0975489.09FU,reps,k__Fungi,OTU1845.p__Ascomycota.g__Pezicula
1778,OTU1846,366,331,361,581,496,527,8,52.8,3.57e-06,96.875,p__Ascomycota,c__Leotiomycetes,o__Helotiales,f__Dermateaceae,g__Pezicula,s__Pezicula_radicicola,Pezicula_radicicola,FJ179465,SH0975489.09FU,reps,k__Fungi,OTU1846.p__Ascomycota.g__Pezicula
1779,OTU1847,401,1,338,1026,698,1024,84,414,4.35e-115,89.381,p__Chytridiomycota,c__Chytridiomycota_cls_Incertae_sedis,o__Chytridiomycota_ord_Incertae_sedis,f__Chytridiomycota_fam_Incertae_sedis,g__Chytridiomycota_gen_Incertae_sedis,s__Chytridiomycota_sp,Chytridiomycota_sp,UDB02303416,SH1318107.09FU,reps,k__Fungi,OTU1847.p__Chytridiomycota.g__Chytridiomycota_gen_Incertae_sedis
1780,OTU1848,343,296,341,1125,57,12,13,69.4,3.3e-11,93.478,p__Ascomycota,c__Sordariomycetes,o__Hypocreales,f__Nectriaceae,g__Fusarium,s__Fusarium_oxysporum,Fusarium_oxysporum,UDB041458,SH1099032.09FU,reps,k__Fungi,OTU1848.p__Ascomycota.g__Fusarium
1781,OTU1849,356,321,351,581,496,527,9,52.8,3.46e-06,96.875,p__Ascomycota,c__Leotiomycetes,o__Helotiales,f__Dermateaceae,g__Pezicula,s__Pezicula_radicicola,Pezicula_radicicola,FJ179465,SH0975489.09FU,reps,k__Fungi,OTU1849.p__Ascomycota.g__Pezicula
1782,OTU1850,344,1,239,546,290,505,69,143,1.92e-33,79.508,p__Ascomycota,c__Sordariomycetes,o__Microascales,f__Halosphaeriaceae,g__Arenariomyces,s__Arenariomyces_majusculus,Arenariomyces_majusculus,MT569559,SH0995476.09FU,reps,k__Fungi,OTU1850.p__Ascomycota.g__Arenariomyces
1783,OTU1851,261,1,200,418,219,418,77,364,2.81e-100,99.5,p__Ascomycota,c__Pezizomycotina_cls_Incertae_sedis,o__Pezizomycotina_ord_Incertae_sedis,f__Pezizomycotina_fam_Incertae_sedis,g__Pezizomycotina_gen_Incertae_sedis,s__Pezizomycotina_sp,Pezizomycotina_sp,UDB04351118,SH1041834.09FU,reps,k__Fungi,OTU1851.p__Ascomycota.g__Pezizomycotina_gen_Incertae_sedis
1784,OTU1852,313,1,253,520,269,520,81,427,4.28e-119,97.233,p__Olpidiomycota,c__Olpidiomycota_cls_Incertae_sedis,o__Olpidiomycota_ord_Incertae_sedis,f__Olpidiomycota_fam_Incertae_sedis,g__Olpidiomycota_gen_Incertae_sedis,s__Olpidiomycota_sp,Olpidiomycota_sp,UDB02414973,SH0959308.09FU,reps,k__Fungi,OTU1852.p__Olpidiomycota.g__Olpidiomycota_gen_Incertae_sedis
1785,OTU1853,268,1,208,466,259,466,78,385,2.22e-106,100,p__Ascomycota,c__Dothideomycetes,o__Pleosporales,f__Massarinaceae,g__Stagonospora,s__Stagonospora_trichophoricola,Stagonospora_trichophoricola,MH793587,SH0952924.09FU,reps,k__Fungi,OTU1853.p__Ascomycota.g__Stagonospora
1786,OTU1855,370,331,368,758,508,545,10,65.8,4.64e-10,97.368,p__Basidiomycota,c__Agaricomycetes,o__Auriculariales,f__Auriculariales_fam_Incertae_sedis,g__Auriculariales_gen_Incertae_sedis,s__Auriculariales_sp,Auriculariales_sp,JQ272342,SH0954825.09FU,reps,k__Fungi,OTU1855.p__Basidiomycota.g__Auriculariales_gen_Incertae_sedis
1787,OTU1856,446,1,109,531,242,344,24,108,9.27e-23,85.455,p__Aphelidiomycota,c__Aphelidiomycetes,o__GS16,f__GS16_fam_Incertae_sedis,g__GS16_gen_Incertae_sedis,s__GS16_sp,GS16_sp,UDB02397657,SH0916171.09FU,reps,k__Fungi,OTU1856.p__Aphelidiomycota.g__GS16_gen_Incertae_sedis
1788,OTU1857,303,1,243,511,267,511,80,440,5.31e-123,99.184,p__Ascomycota,c__Sordariomycetes,o__Hypocreales,f__Stachybotryaceae,g__Paramyrothecium,s__Paramyrothecium_humicola,Paramyrothecium_humicola,KU846295,SH1074294.09FU,refs,k__Fungi,OTU1857.p__Ascomycota.g__Paramyrothecium
1789,OTU1858,325,51,264,214,1,214,66,396,1.26e-109,100,p__Chytridiomycota,c__Chytridiomycetes,o__Chytridiomycetes_ord_Incertae_sedis,f__Chytridiomycetes_fam_Incertae_sedis,g__Chytridiomycetes_gen_Incertae_sedis,s__Chytridiomycetes_sp,Chytridiomycetes_sp,MK018998,SH1192113.09FU,reps,k__Fungi,OTU1858.p__Chytridiomycota.g__Chytridiomycetes_gen_Incertae_sedis
1790,OTU1859,297,59,289,491,491,261,78,427,4.05e-119,100,p__Ascomycota,c__Eurotiomycetes,o__Eurotiales,f__Aspergillaceae,g__Talaromyces,s__Talaromyces_adpressus,Talaromyces_adpressus,KU866657,SH4242394.09FU,refs,k__Fungi,OTU1859.p__Ascomycota.g__Talaromyces
1791,OTU1860,283,203,281,1125,88,12,28,106,2.05e-22,91.25,p__Ascomycota,c__Sordariomycetes,o__Hypocreales,f__Nectriaceae,g__Fusarium,s__Fusarium_oxysporum,Fusarium_oxysporum,UDB041458,SH1099032.09FU,reps,k__Fungi,OTU1860.p__Ascomycota.g__Fusarium
1792,OTU1861,289,1,227,523,293,523,79,235,2.55e-61,85.345,p__Ascomycota,c__Sordariomycetes,o__Hypocreales,f__Stachybotryaceae,g__Stachybotrys,s__Stachybotrys_sp,Stachybotrys_sp,UDB07566219,SH0960082.09FU,reps,k__Fungi,OTU1861.p__Ascomycota.g__Stachybotrys
1793,OTU1862,325,278,323,1125,57,12,14,69.4,3.12e-11,93.478,p__Ascomycota,c__Sordariomycetes,o__Hypocreales,f__Nectriaceae,g__Fusarium,s__Fusarium_oxysporum,Fusarium_oxysporum,UDB041458,SH1099032.09FU,reps,k__Fungi,OTU1862.p__Ascomycota.g__Fusarium
1794,OTU1863,353,1,292,642,351,642,83,484,2.85e-136,96.61,p__Chytridiomycota,c__Spizellomycetes,o__Spizellomycetales,f__Spizellomycetales_fam_Incertae_sedis,g__Spizellomycetales_gen_Incertae_sedis,s__Spizellomycetales_sp,Spizellomycetales_sp,UDB07388509,SH1209049.09FU,reps,k__Fungi,OTU1863.p__Chytridiomycota.g__Spizellomycetales_gen_Incertae_sedis
1795,OTU1864,315,41,307,505,505,238,85,472,1.96e-132,98.507,p__Ascomycota,c__Sordariomycetes,o__Hypocreales,f__Clavicipitaceae,g__Metarhizium,s__Metarhizium_anisopliae,Metarhizium_anisopliae,KC147657,SH0901290.09FU,reps,k__Fungi,OTU1864.p__Ascomycota.g__Metarhizium
1796,OTU1865,335,3,273,489,220,489,81,433,9.91e-121,95.636,p__Glomeromycota,c__Glomeromycetes,o__Glomerales,f__Glomeraceae,g__Septoglomus,s__Septoglomus_sp,Septoglomus_sp,UDB06941702,SH1145875.09FU,reps,k__Fungi,OTU1865.p__Glomeromycota.g__Septoglomus
1797,OTU1866,309,1,249,454,207,454,81,414,3.29e-115,96.8,p__Glomeromycota,c__Glomeromycetes,o__Diversisporales,f__Diversisporaceae,g__Diversisporaceae_gen_Incertae_sedis,s__Diversisporaceae_sp,Diversisporaceae_sp,UDB0695821,SH0981065.09FU,reps,k__Fungi,OTU1866.p__Glomeromycota.g__Diversisporaceae_gen_Incertae_sedis
1798,OTU1868,279,1,239,537,298,530,86,243,1.48e-63,85.356,p__Ascomycota,c__Eurotiomycetes,o__Chaetothyriales,f__Chaetothyriaceae,g__Longihyalospora,s__Longihyalospora_ampeli,Longihyalospora_ampeli,MN219716,SH1158568.09FU,refs,k__Fungi,OTU1868.p__Ascomycota.g__Longihyalospora
1799,OTU1869,273,1,223,476,254,476,82,412,1.04e-114,100,p__Ascomycota,c__Dothideomycetes,o__Pleosporales,f__Trematosphaeriaceae,g__Trematosphaeria,s__Trematosphaeria_grisea,Trematosphaeria_grisea,KF015662,SH0985884.09FU,refs,k__Fungi,OTU1869.p__Ascomycota.g__Trematosphaeria
1800,OTU1870,348,313,346,758,512,545,10,63.9,1.56e-09,100,p__Basidiomycota,c__Agaricomycetes,o__Auriculariales,f__Auriculariales_fam_Incertae_sedis,g__Auriculariales_gen_Incertae_sedis,s__Auriculariales_sp,Auriculariales_sp,JQ272342,SH0954825.09FU,reps,k__Fungi,OTU1870.p__Basidiomycota.g__Auriculariales_gen_Incertae_sedis
1801,OTU1871,397,1,335,867,533,866,84,424,7.16e-118,89.645,p__Chytridiomycota,c__Chytridiomycota_cls_Incertae_sedis,o__Chytridiomycota_ord_Incertae_sedis,f__Chytridiomycota_fam_Incertae_sedis,g__Chytridiomycota_gen_Incertae_sedis,s__Chytridiomycota_sp,Chytridiomycota_sp,UDB02301760,SH1147490.09FU,reps,k__Fungi,OTU1871.p__Chytridiomycota.g__Chytridiomycota_gen_Incertae_sedis
1802,OTU1872,328,1,268,425,159,425,82,488,2.04e-137,99.627,p__Basidiomycota,c__Agaricomycetes,o__Agaricales,f__Psathyrellaceae,g__Coprinopsis,s__Coprinopsis_sp,Coprinopsis_sp,FM866380,SH1204287.09FU,reps,k__Fungi,OTU1872.p__Basidiomycota.g__Coprinopsis
1803,OTU1873,347,1,286,544,259,544,82,529,1.28e-149,100,p__Chytridiomycota,c__Rhizophydiomycetes,o__Rhizophydiales,f__Alphamycetaceae,g__Betamyces,s__Betamyces_sp,Betamyces_sp,UDB01509835,SH0903512.09FU,reps,k__Fungi,OTU1873.p__Chytridiomycota.g__Betamyces
1804,OTU1874,281,1,234,520,289,520,83,414,2.98e-115,98.718,p__Ascomycota,c__Eurotiomycetes,o__Eurotiales,f__Aspergillaceae,g__Penicillium,s__Penicillium_javanicum,Penicillium_javanicum,FJ231025,SH1229122.09FU,reps,k__Fungi,OTU1874.p__Ascomycota.g__Penicillium
1805,OTU1875,331,1,251,529,240,492,76,399,9.92e-111,95.257,p__Ascomycota,c__Sordariomycetes,o__Lulworthiales,f__Lulworthiaceae,g__Lulworthiaceae_gen_Incertae_sedis,s__Lulworthiaceae_sp,Lulworthiaceae_sp,UDB03143364,SH0937547.09FU,reps,k__Fungi,OTU1875.p__Ascomycota.g__Lulworthiaceae_gen_Incertae_sedis
1806,OTU1876,349,1,289,536,248,536,83,534,2.76e-151,100,p__Basidiomycota,c__Tremellomycetes,o__Cystofilobasidiales,f__Cystofilobasidiaceae,g__Cystofilobasidium,s__Cystofilobasidium_macerans,Cystofilobasidium_macerans,AF444329,SH1295650.09FU,refs,k__Fungi,OTU1876.p__Basidiomycota.g__Cystofilobasidium
1807,OTU1877,323,1,263,562,300,562,81,486,7.21e-137,100,p__Basidiomycota,c__Agaricomycetes,o__Sebacinales,f__Serendipitaceae,g__Serendipita,s__Serendipita_sp,Serendipita_sp,UDB07001245,SH1212346.09FU,reps,k__Fungi,OTU1877.p__Basidiomycota.g__Serendipita
1808,OTU1878,269,1,208,450,244,450,77,355,1.75e-97,97.596,p__Ascomycota,c__Dothideomycetes,o__Pleosporales,f__Sporormiaceae,g__Sporormiella,s__Sporormiella_sp,Sporormiella_sp,UDB07559137,SH0978282.09FU,reps,k__Fungi,OTU1878.p__Ascomycota.g__Sporormiella
1809,OTU1879,291,1,231,496,266,496,79,427,3.96e-119,100,p__Ascomycota,c__Sordariomycetes,o__Hypocreales,f__Stachybotryaceae,g__Stachybotrys,s__Stachybotrys_limonisporus,Stachybotrys_limonisporus,KU846735,SH1074105.09FU,refs,k__Fungi,OTU1879.p__Ascomycota.g__Stachybotrys
1810,OTU1880,259,1,159,430,235,390,61,196,1.08e-49,89.375,p__Ascomycota,c__Ascomycota_cls_Incertae_sedis,o__Ascomycota_ord_Incertae_sedis,f__Ascomycota_fam_Incertae_sedis,g__Ascomycota_gen_Incertae_sedis,s__Ascomycota_sp,Ascomycota_sp,UDB01391067,SH1050992.09FU,reps,k__Fungi,OTU1880.p__Ascomycota.g__Ascomycota_gen_Incertae_sedis
1811,OTU1881,371,1,64,646,350,413,17,97.1,1.65e-19,93.846,p__Chytridiomycota,c__Chytridiomycota_cls_Incertae_sedis,o__Chytridiomycota_ord_Incertae_sedis,f__Chytridiomycota_fam_Incertae_sedis,g__Chytridiomycota_gen_Incertae_sedis,s__Chytridiomycota_sp,Chytridiomycota_sp,UDB02251140,SH1321704.09FU,reps,k__Fungi,OTU1881.p__Chytridiomycota.g__Chytridiomycota_gen_Incertae_sedis
1812,OTU1882,314,1,244,511,260,500,78,359,1.59e-98,93.469,p__Fungi_phy_Incertae_sedis,c__Fungi_cls_Incertae_sedis,o__Fungi_ord_Incertae_sedis,f__Fungi_fam_Incertae_sedis,g__Fungi_gen_Incertae_sedis,s__Fungi_sp,Fungi_sp,KY379617,SH1160566.09FU,reps,k__Fungi,OTU1882.p__Fungi_phy_Incertae_sedis.g__Fungi_gen_Incertae_sedis
1813,OTU1883,355,1,295,611,317,611,83,540,6.04e-153,99.661,p__Basidiomycota,c__Exobasidiomycetes,o__Tilletiales,f__Tilletiaceae,g__Tilletia,s__Tilletia_setariae-parviflorae,Tilletia_setariae-parviflorae,MH231806,SH1231188.09FU,reps,k__Fungi,OTU1883.p__Basidiomycota.g__Tilletia
1814,OTU1884,299,1,248,585,338,582,83,435,2.44e-121,98.387,p__Mucoromycota,c__Mucoromycetes,o__Mucorales,f__Mucoraceae,g__Mucor,s__Mucor_circinelloides,Mucor_circinelloides,JQ418436,SH1055186.09FU,reps,k__Fungi,OTU1884.p__Mucoromycota.g__Mucor
1815,OTU1885,267,1,216,479,267,479,81,324,4.89e-88,93.981,p__Ascomycota,c__Dothideomycetes,o__Mycosphaerellales,f__Teratosphaeriaceae,g__Hyweljonesia,s__Hyweljonesia_indica,Hyweljonesia_indica,MF322773,SH1708642.09FU,refs_singleton,k__Fungi,OTU1885.p__Ascomycota.g__Hyweljonesia
1816,OTU1886,341,302,339,758,508,545,11,71.3,9.12e-12,100,p__Basidiomycota,c__Agaricomycetes,o__Auriculariales,f__Auriculariales_fam_Incertae_sedis,g__Auriculariales_gen_Incertae_sedis,s__Auriculariales_sp,Auriculariales_sp,JQ272342,SH0954825.09FU,reps,k__Fungi,OTU1886.p__Basidiomycota.g__Auriculariales_gen_Incertae_sedis
1817,OTU1887,292,1,231,495,260,495,79,375,1.46e-103,95.763,p__Ascomycota,c__Sordariomycetes,o__Hypocreales,f__Bionectriaceae,g__Geosmithia,s__Geosmithia_sp,Geosmithia_sp,UDB03042562,SH0945922.09FU,reps,k__Fungi,OTU1887.p__Ascomycota.g__Geosmithia
1818,OTU1888,310,1,250,460,211,460,81,462,1.16e-129,100,p__Glomeromycota,c__Glomeromycetes,o__Glomerales,f__Glomeraceae,g__Rhizophagus,s__Rhizophagus_irregularis,Rhizophagus_irregularis,JF820469,SH0908027.09FU,reps,k__Fungi,OTU1888.p__Glomeromycota.g__Rhizophagus
1819,OTU1889,342,282,340,1125,70,12,17,71.3,9.15e-12,88.136,p__Ascomycota,c__Sordariomycetes,o__Hypocreales,f__Nectriaceae,g__Fusarium,s__Fusarium_oxysporum,Fusarium_oxysporum,UDB041458,SH1099032.09FU,reps,k__Fungi,OTU1889.p__Ascomycota.g__Fusarium
1820,OTU1890,287,1,226,550,325,550,79,412,1.1e-114,99.558,p__Ascomycota,c__Eurotiomycetes,o__Chaetothyriales,f__Cyphellophoraceae,g__Cyphellophora,s__Cyphellophora_sp,Cyphellophora_sp,UDB04511488,SH1205938.09FU,reps,k__Fungi,OTU1890.p__Ascomycota.g__Cyphellophora
1821,OTU1891,340,293,335,581,484,527,13,63.9,1.52e-09,93.182,p__Ascomycota,c__Leotiomycetes,o__Helotiales,f__Dermateaceae,g__Pezicula,s__Pezicula_radicicola,Pezicula_radicicola,FJ179465,SH0975489.09FU,reps,k__Fungi,OTU1891.p__Ascomycota.g__Pezicula
1822,OTU1892,274,1,214,526,313,526,78,374,4.92e-103,98.131,p__Ascomycota,c__Sordariomycetes,o__Coniochaetales,f__Coniochaetales_fam_Incertae_sedis,g__Coniochaetales_gen_Incertae_sedis,s__Coniochaetales_sp,Coniochaetales_sp,UDB0162817,SH0947671.09FU,reps,k__Fungi,OTU1892.p__Ascomycota.g__Coniochaetales_gen_Incertae_sedis
1823,OTU1893,361,1,300,1059,758,1059,83,446,1.38e-124,93.399,p__Chytridiomycota,c__Spizellomycetes,o__Spizellomycetales,f__Spizellomycetales_fam_Incertae_sedis,g__Spizellomycetales_gen_Incertae_sedis,s__Spizellomycetales_sp,Spizellomycetales_sp,UDB07390097,SH1005815.09FU,reps,k__Fungi,OTU1893.p__Chytridiomycota.g__Spizellomycetales_gen_Incertae_sedis
1824,OTU1894,332,1,247,601,335,580,74,189,2.35e-47,80.876,p__Ascomycota,c__Pezizomycetes,o__Pezizales,f__Pezizales_fam_Incertae_sedis,g__Pezizales_gen_Incertae_sedis,s__Pezizales_sp,Pezizales_sp,UDB04328620,SH1270601.09FU,reps,k__Fungi,OTU1894.p__Ascomycota.g__Pezizales_gen_Incertae_sedis
1825,OTU1895,282,1,82,482,276,356,29,139,2.02e-32,97.561,p__Ascomycota,c__Lecanoromycetes,o__Acarosporales,f__Acarosporaceae,g__Acarosporaceae_gen_Incertae_sedis,s__Acarosporaceae_sp,Acarosporaceae_sp,AJ972824,SH0954396.09FU,reps,k__Fungi,OTU1895.p__Ascomycota.g__Acarosporaceae_gen_Incertae_sedis
1826,OTU1896,343,1,277,529,247,523,81,351,2.93e-96,89.716,p__Basidiomycota,c__Cystobasidiomycetes,o__Erythrobasidiales,f__Erythrobasidiaceae,g__Erythrobasidium,s__Erythrobasidium_sp,Erythrobasidium_sp,KT328821,SH1310093.09FU,reps,k__Fungi,OTU1896.p__Basidiomycota.g__Erythrobasidium
1827,OTU1897,288,3,227,497,273,497,78,377,4.02e-104,96.889,p__Ascomycota,c__Sordariomycetes,o__Hypocreales,f__Hypocreales_fam_Incertae_sedis,g__Hypocreales_gen_Incertae_sedis,s__Hypocreales_sp,Hypocreales_sp,UDB081425,SH1146229.09FU,reps,k__Fungi,OTU1897.p__Ascomycota.g__Hypocreales_gen_Incertae_sedis
1828,OTU1898,310,1,250,453,206,453,81,444,4.21e-124,98.8,p__Glomeromycota,c__Glomeromycetes,o__Glomerales,f__Glomeraceae,g__Rhizophagus,s__Rhizophagus_irregularis,Rhizophagus_irregularis,MN388908,SH0988887.09FU,reps,k__Fungi,OTU1898.p__Glomeromycota.g__Rhizophagus
1829,OTU1899,389,56,381,591,591,267,84,534,3.1e-151,96.33,p__Mortierellomycota,c__Mortierellomycetes,o__Mortierellales,f__Mortierellaceae,g__Linnemannia,s__Linnemannia_amoeboidea,Linnemannia_amoeboidea,HQ630346,SH2088875.09FU,refs,k__Fungi,OTU1899.p__Mortierellomycota.g__Linnemannia
1830,OTU1900,272,1,212,480,269,480,78,392,1.35e-108,100,p__Ascomycota,c__Sordariomycetes,o__Glomerellales,f__Glomerellaceae,g__Colletotrichum,s__Colletotrichum_reniforme,Colletotrichum_reniforme,MZ595847,SH2247803.09FU,refs,k__Fungi,OTU1900.p__Ascomycota.g__Colletotrichum
1831,OTU1901,356,1,295,560,262,560,83,521,2.2e-147,98.328,p__Mortierellomycota,c__Mortierellomycetes,o__Mortierellales,f__Mortierellaceae,g__Mortierella,s__Mortierella_sp,Mortierella_sp,UDB04715164,SH1105737.09FU,reps,k__Fungi,OTU1901.p__Mortierellomycota.g__Mortierella
1832,OTU1902,338,301,336,758,510,545,11,67.6,1.17e-10,100,p__Basidiomycota,c__Agaricomycetes,o__Auriculariales,f__Auriculariales_fam_Incertae_sedis,g__Auriculariales_gen_Incertae_sedis,s__Auriculariales_sp,Auriculariales_sp,JQ272342,SH0954825.09FU,reps,k__Fungi,OTU1902.p__Basidiomycota.g__Auriculariales_gen_Incertae_sedis
1833,OTU1903,342,295,340,1125,57,12,13,69.4,3.29e-11,93.478,p__Ascomycota,c__Sordariomycetes,o__Hypocreales,f__Nectriaceae,g__Fusarium,s__Fusarium_oxysporum,Fusarium_oxysporum,UDB041458,SH1099032.09FU,reps,k__Fungi,OTU1903.p__Ascomycota.g__Fusarium
1834,OTU1904,331,284,329,1125,57,12,14,69.4,3.18e-11,93.478,p__Ascomycota,c__Sordariomycetes,o__Hypocreales,f__Nectriaceae,g__Fusarium,s__Fusarium_oxysporum,Fusarium_oxysporum,UDB041458,SH1099032.09FU,reps,k__Fungi,OTU1904.p__Ascomycota.g__Fusarium
1835,OTU1905,305,1,245,443,199,443,80,442,1.49e-123,99.184,p__Glomeromycota,c__Glomeromycetes,o__Glomerales,f__Glomeraceae,g__Glomus,s__Glomus_sp,Glomus_sp,GQ388380,SH0892274.09FU,reps,k__Fungi,OTU1905.p__Glomeromycota.g__Glomus
1836,OTU1906,341,1,278,529,258,527,82,163,1.46e-39,78.621,p__Rozellomycota,c__Rozellomycetes,o__Rozellomycetes_ord_Incertae_sedis,f__Rozellomycetes_fam_Incertae_sedis,g__Rozellomycetes_gen_Incertae_sedis,s__Rozellomycetes_sp,Rozellomycetes_sp,UDB0221805,SH1321998.09FU,reps,k__Fungi,OTU1906.p__Rozellomycota.g__Rozellomycetes_gen_Incertae_sedis
1837,OTU1907,390,1,307,624,277,598,79,370,9.28e-102,88.344,p__Ascomycota,c__Sordariomycetes,o__Xylariales,f__Microdochiaceae,g__Idriella,s__Idriella_sp,Idriella_sp,UDB03591025,SH1265381.09FU,reps,k__Fungi,OTU1907.p__Ascomycota.g__Idriella
1838,OTU1908,278,1,238,552,310,543,86,392,1.38e-108,96.639,p__Ascomycota,c__Sordariomycetes,o__Diaporthales,f__Valsaceae,g__Cytospora,s__Cytospora_globosa,Cytospora_globosa,MT177935,SH1885892.09FU,refs,k__Fungi,OTU1908.p__Ascomycota.g__Cytospora
1839,OTU1909,384,1,255,654,345,594,66,128,6.06e-29,77.239,p__Chytridiomycota,c__Chytridiomycota_cls_Incertae_sedis,o__Chytridiomycota_ord_Incertae_sedis,f__Chytridiomycota_fam_Incertae_sedis,g__Chytridiomycota_gen_Incertae_sedis,s__Chytridiomycota_sp,Chytridiomycota_sp,UDB02253788,SH1137826.09FU,reps,k__Fungi,OTU1909.p__Chytridiomycota.g__Chytridiomycota_gen_Incertae_sedis
1840,OTU1910,270,1,204,456,249,452,76,361,3.77e-99,98.529,p__Ascomycota,c__Sordariomycetes,o__Sordariales,f__Bombardiaceae,g__Ramophialophora,s__Ramophialophora_sp,Ramophialophora_sp,UDB06297061,SH1000591.09FU,reps,k__Fungi,OTU1910.p__Ascomycota.g__Ramophialophora
1841,OTU1911,367,1,307,620,314,620,84,568,2.87e-161,100,p__Mucoromycota,c__Endogonomycetes,o__Endogonomycetes_ord_Incertae_sedis,f__Endogonomycetes_fam_Incertae_sedis,g__Endogonomycetes_gen_Incertae_sedis,s__Endogonomycetes_sp,Endogonomycetes_sp,UDB05312147,SH1252379.09FU,reps,k__Fungi,OTU1911.p__Mucoromycota.g__Endogonomycetes_gen_Incertae_sedis
1842,OTU1912,240,1,179,404,228,404,75,235,2.09e-61,90.608,p__Ascomycota,c__Archaeorhizomycetes,o__Archaeorhizomycetales,f__Archaeorhizomycetaceae,g__Archaeorhizomyces,s__Archaeorhizomyces_sp,Archaeorhizomyces_sp,UDB01263720,SH1095697.09FU,reps,k__Fungi,OTU1912.p__Ascomycota.g__Archaeorhizomyces
1843,OTU1913,326,270,321,581,475,527,16,52.8,3.15e-06,84.906,p__Ascomycota,c__Leotiomycetes,o__Helotiales,f__Dermateaceae,g__Pezicula,s__Pezicula_radicicola,Pezicula_radicicola,FJ179465,SH0975489.09FU,reps,k__Fungi,OTU1913.p__Ascomycota.g__Pezicula
1844,OTU1914,261,1,177,405,197,370,68,213,1.08e-54,88.701,p__Ascomycota,c__Dothideomycetes,o__Microthyriales,f__Microthyriales_fam_Incertae_sedis,g__Microthyriales_gen_Incertae_sedis,s__Microthyriales_sp,Microthyriales_sp,UDB04198550,SH1184762.09FU,reps,k__Fungi,OTU1914.p__Ascomycota.g__Microthyriales_gen_Incertae_sedis
1845,OTU1915,328,256,326,1125,82,12,22,71.3,8.75e-12,84.507,p__Ascomycota,c__Sordariomycetes,o__Hypocreales,f__Nectriaceae,g__Fusarium,s__Fusarium_oxysporum,Fusarium_oxysporum,UDB041458,SH1099032.09FU,reps,k__Fungi,OTU1915.p__Ascomycota.g__Fusarium
1846,OTU1917,316,249,314,1125,77,12,21,73.1,2.34e-12,86.364,p__Ascomycota,c__Sordariomycetes,o__Hypocreales,f__Nectriaceae,g__Fusarium,s__Fusarium_oxysporum,Fusarium_oxysporum,UDB041458,SH1099032.09FU,reps,k__Fungi,OTU1917.p__Ascomycota.g__Fusarium
1847,OTU1918,389,1,213,627,329,533,55,132,4.75e-30,78.704,p__Glomeromycota,c__Glomeromycota_cls_Incertae_sedis,o__Glomeromycota_ord_Incertae_sedis,f__Glomeromycota_fam_Incertae_sedis,g__Glomeromycota_gen_Incertae_sedis,s__Glomeromycota_sp,Glomeromycota_sp,UDB03141530,SH1133100.09FU,reps,k__Fungi,OTU1918.p__Glomeromycota.g__Glomeromycota_gen_Incertae_sedis
1848,OTU1919,303,1,207,566,318,526,68,313,1.21e-84,93.81,p__Ascomycota,c__Eurotiomycetes,o__Onygenales,f__Onygenales_fam_Incertae_sedis,g__Onygenales_gen_Incertae_sedis,s__Onygenales_sp,Onygenales_sp,UDB02527139,SH1120009.09FU,reps,k__Fungi,OTU1919.p__Ascomycota.g__Onygenales_gen_Incertae_sedis
1849,OTU1920,342,295,340,1125,57,12,13,69.4,3.29e-11,93.478,p__Ascomycota,c__Sordariomycetes,o__Hypocreales,f__Nectriaceae,g__Fusarium,s__Fusarium_oxysporum,Fusarium_oxysporum,UDB041458,SH1099032.09FU,reps,k__Fungi,OTU1920.p__Ascomycota.g__Fusarium
1850,OTU1921,275,1,215,497,283,497,78,398,2.93e-110,100,p__Ascomycota,c__Sordariomycetes,o__Hypocreales,f__Ophiocordycipitaceae,g__Hirsutella,s__Hirsutella_vermicola,Hirsutella_vermicola,DQ345589,SH0885310.09FU,refs,k__Fungi,OTU1921.p__Ascomycota.g__Hirsutella
1851,OTU1922,336,1,243,551,279,527,72,267,1.07e-70,86.508,p__Chytridiomycota,c__Chytridiomycetes,o__Chytridiomycetes_ord_Incertae_sedis,f__Chytridiomycetes_fam_Incertae_sedis,g__Chytridiomycetes_gen_Incertae_sedis,s__Chytridiomycetes_sp,Chytridiomycetes_sp,UDB0205585,SH1121346.09FU,reps,k__Fungi,OTU1922.p__Chytridiomycota.g__Chytridiomycetes_gen_Incertae_sedis
1852,OTU1923,334,298,332,758,511,545,10,65.8,4.15e-10,100,p__Basidiomycota,c__Agaricomycetes,o__Auriculariales,f__Auriculariales_fam_Incertae_sedis,g__Auriculariales_gen_Incertae_sedis,s__Auriculariales_sp,Auriculariales_sp,JQ272342,SH0954825.09FU,reps,k__Fungi,OTU1923.p__Basidiomycota.g__Auriculariales_gen_Incertae_sedis
1853,OTU1924,267,1,201,463,258,458,75,355,1.73e-97,98.507,p__Ascomycota,c__Dothideomycetes,o__Capnodiales,f__Neodevriesiaceae,g__Neodevriesiaceae_gen_Incertae_sedis,s__Neodevriesiaceae_sp,Neodevriesiaceae_sp,UDB02025420,SH0960535.09FU,reps,k__Fungi,OTU1924.p__Ascomycota.g__Neodevriesiaceae_gen_Incertae_sedis
1854,OTU1925,378,1,270,931,644,916,71,418,3.16e-116,94.545,p__Chytridiomycota,c__Chytridiomycota_cls_Incertae_sedis,o__Chytridiomycota_ord_Incertae_sedis,f__Chytridiomycota_fam_Incertae_sedis,g__Chytridiomycota_gen_Incertae_sedis,s__Chytridiomycota_sp,Chytridiomycota_sp,UDB02306651,SH1012151.09FU,reps,k__Fungi,OTU1925.p__Chytridiomycota.g__Chytridiomycota_gen_Incertae_sedis
1855,OTU1927,299,49,291,523,523,281,81,444,4.05e-124,99.588,p__Ascomycota,c__Dothideomycetes,o__Pleosporales,f__Pleosporaceae,g__Curvularia,s__Curvularia_fallax,Curvularia_fallax,MH855476,SH1933481.09FU,refs,k__Fungi,OTU1927.p__Ascomycota.g__Curvularia
1856,OTU1928,366,309,364,1125,67,12,15,76.8,2.12e-13,91.071,p__Ascomycota,c__Sordariomycetes,o__Hypocreales,f__Nectriaceae,g__Fusarium,s__Fusarium_oxysporum,Fusarium_oxysporum,UDB041458,SH1099032.09FU,reps,k__Fungi,OTU1928.p__Ascomycota.g__Fusarium
1857,OTU1929,344,297,342,1125,57,12,13,69.4,3.31e-11,93.478,p__Ascomycota,c__Sordariomycetes,o__Hypocreales,f__Nectriaceae,g__Fusarium,s__Fusarium_oxysporum,Fusarium_oxysporum,UDB041458,SH1099032.09FU,reps,k__Fungi,OTU1929.p__Ascomycota.g__Fusarium
1858,OTU1930,352,1,292,666,374,666,83,523,6.03e-148,98.976,p__Chytridiomycota,c__Spizellomycetes,o__Spizellomycetales,f__Spizellomycetales_fam_Incertae_sedis,g__Spizellomycetales_gen_Incertae_sedis,s__Spizellomycetales_sp,Spizellomycetales_sp,UDB07384236,SH1204991.09FU,reps,k__Fungi,OTU1930.p__Chytridiomycota.g__Spizellomycetales_gen_Incertae_sedis
1859,OTU1932,272,1,227,469,244,469,83,412,1.03e-114,99.559,p__Fungi_phy_Incertae_sedis,c__Fungi_cls_Incertae_sedis,o__Fungi_ord_Incertae_sedis,f__Fungi_fam_Incertae_sedis,g__Fungi_gen_Incertae_sedis,s__Fungi_sp,Fungi_sp,KM376908,SH1010485.09FU,reps,k__Fungi,OTU1932.p__Fungi_phy_Incertae_sedis.g__Fungi_gen_Incertae_sedis
1860,OTU1933,263,1,150,446,241,392,57,219,2.33e-56,92.81,p__Ascomycota,c__Dothideomycetes,o__Mycosphaerellales,f__Mycosphaerellaceae,g__Teratoramularia,s__Teratoramularia_infinita,Teratoramularia_infinita,KX287545,SH1085513.09FU,refs,k__Fungi,OTU1933.p__Ascomycota.g__Teratoramularia
1861,OTU1934,279,1,219,520,301,520,78,355,1.82e-97,95.909,p__Ascomycota,c__Eurotiomycetes,o__Chaetothyriales,f__Strelitzianaceae,g__Strelitziana,s__Strelitziana_eucalypti,Strelitziana_eucalypti,KM246173,SH0931728.09FU,reps,k__Fungi,OTU1934.p__Ascomycota.g__Strelitziana
1862,OTU1935,262,1,201,451,251,451,77,361,3.65e-99,99.005,p__Ascomycota,c__Sordariomycetes,o__Chaetosphaeriales,f__Chaetosphaeriaceae,g__Chaetosphaeriaceae_gen_Incertae_sedis,s__Chaetosphaeriaceae_sp,Chaetosphaeriaceae_sp,UDB01761795,SH1021180.09FU,reps,k__Fungi,OTU1935.p__Ascomycota.g__Chaetosphaeriaceae_gen_Incertae_sedis
1863,OTU1936,386,58,378,580,580,257,83,568,3.03e-161,98.457,p__Fungi_phy_Incertae_sedis,c__Fungi_cls_Incertae_sedis,o__Fungi_ord_Incertae_sedis,f__Fungi_fam_Incertae_sedis,g__Fungi_gen_Incertae_sedis,s__Fungi_sp,Fungi_sp,UDB04597193,SH1302576.09FU,reps,k__Fungi,OTU1936.p__Fungi_phy_Incertae_sedis.g__Fungi_gen_Incertae_sedis
1864,OTU1937,317,57,309,492,492,240,80,446,1.2e-124,98.419,p__Ascomycota,c__Sordariomycetes,o__Hypocreales,f__Sarocladiaceae,g__Parasarocladium,s__Parasarocladium_wereldwijsianum,Parasarocladium_wereldwijsianum,MW883440,SH3168582.09FU,refs,k__Fungi,OTU1937.p__Ascomycota.g__Parasarocladium
1865,OTU1938,303,1,219,475,244,462,72,361,4.25e-99,96.347,p__Ascomycota,c__Sordariomycetes,o__Microascales,f__Microascales_fam_Incertae_sedis,g__Microascales_gen_Incertae_sedis,s__Microascales_sp,Microascales_sp,KY379815,SH1189459.09FU,reps,k__Fungi,OTU1938.p__Ascomycota.g__Microascales_gen_Incertae_sedis
1866,OTU1939,358,311,356,1125,57,12,13,69.4,3.46e-11,93.478,p__Ascomycota,c__Sordariomycetes,o__Hypocreales,f__Nectriaceae,g__Fusarium,s__Fusarium_oxysporum,Fusarium_oxysporum,UDB041458,SH1099032.09FU,reps,k__Fungi,OTU1939.p__Ascomycota.g__Fusarium
1867,OTU1940,279,1,277,1151,286,11,99,433,8.17e-121,94.982,p__Ascomycota,c__Eurotiomycetes,o__Eurotiales,f__Aspergillaceae,g__Penicillium,s__Penicillium_sp,Penicillium_sp,UDB0162238,SH1056194.09FU,reps,k__Fungi,OTU1940.p__Ascomycota.g__Penicillium
1868,OTU1941,267,1,206,497,291,497,77,370,6.19e-102,99.034,p__Ascomycota,c__Dothideomycetes,o__Pleosporales,f__Lentitheciaceae,g__Towyspora,s__Towyspora_aestuari,Towyspora_aestuari,KU248851,SH0906703.09FU,refs,k__Fungi,OTU1941.p__Ascomycota.g__Towyspora
1869,OTU1942,274,1,224,521,300,521,82,342,1.39e-93,94.248,p__Fungi_phy_Incertae_sedis,c__Fungi_cls_Incertae_sedis,o__Fungi_ord_Incertae_sedis,f__Fungi_fam_Incertae_sedis,g__Fungi_gen_Incertae_sedis,s__Fungi_sp,Fungi_sp,MK593746,SH0945791.09FU,reps,k__Fungi,OTU1942.p__Fungi_phy_Incertae_sedis.g__Fungi_gen_Incertae_sedis
1870,OTU1943,334,1,274,487,213,487,82,501,2.67e-141,99.636,p__Glomeromycota,c__Glomeromycetes,o__Glomerales,f__Claroideoglomeraceae,g__Claroideoglomus,s__Claroideoglomus_sp,Claroideoglomus_sp,GQ388714,SH0902966.09FU,reps,k__Fungi,OTU1943.p__Glomeromycota.g__Claroideoglomus
1871,OTU1944,424,366,422,1125,68,12,13,78.7,6.89e-14,91.228,p__Ascomycota,c__Sordariomycetes,o__Hypocreales,f__Nectriaceae,g__Fusarium,s__Fusarium_oxysporum,Fusarium_oxysporum,UDB041458,SH1099032.09FU,reps,k__Fungi,OTU1944.p__Ascomycota.g__Fusarium
1872,OTU1945,418,360,416,1125,68,12,14,73.1,3.16e-12,89.474,p__Ascomycota,c__Sordariomycetes,o__Hypocreales,f__Nectriaceae,g__Fusarium,s__Fusarium_oxysporum,Fusarium_oxysporum,UDB041458,SH1099032.09FU,reps,k__Fungi,OTU1945.p__Ascomycota.g__Fusarium
1873,OTU1946,285,1,217,532,313,528,76,183,9.3e-46,82.511,p__Ascomycota,c__Eurotiomycetes,o__Chaetothyriales,f__Herpotrichiellaceae,g__Exophiala,s__Exophiala_eucalyptorum,Exophiala_eucalyptorum,KX147965,SH1129170.09FU,reps,k__Fungi,OTU1946.p__Ascomycota.g__Exophiala
1874,OTU1947,286,1,225,519,300,519,79,344,4.05e-94,94.714,p__Ascomycota,c__Eurotiomycetes,o__Onygenales,f__Onygenales_fam_Incertae_sedis,g__Onygenales_gen_Incertae_sedis,s__Onygenales_sp,Onygenales_sp,UDB02531986,SH0915345.09FU,reps,k__Fungi,OTU1947.p__Ascomycota.g__Onygenales_gen_Incertae_sedis
1875,OTU1948,324,1,263,542,295,542,81,316,1e-85,89.394,p__Ascomycota,c__Ascomycota_cls_Incertae_sedis,o__Ascomycota_ord_Incertae_sedis,f__Ascomycota_fam_Incertae_sedis,g__Ascomycota_gen_Incertae_sedis,s__Ascomycota_sp,Ascomycota_sp,UDB04142976,SH1070260.09FU,reps,k__Fungi,OTU1948.p__Ascomycota.g__Ascomycota_gen_Incertae_sedis
1876,OTU1949,287,1,227,483,258,483,79,396,1.11e-109,98.238,p__Ascomycota,c__Sordariomycetes,o__Hypocreales,f__Sarocladiaceae,g__Parasarocladium,s__Parasarocladium_sp,Parasarocladium_sp,MK069420,SH1076903.09FU,refs,k__Fungi,OTU1949.p__Ascomycota.g__Parasarocladium
1877,OTU1950,274,1,212,495,281,492,77,370,6.37e-102,98.113,p__Ascomycota,c__Dothideomycetes,o__Pleosporales,f__Pleosporaceae,g__Dendryphiella,s__Dendryphiella_phitsanulokensis,Dendryphiella_phitsanulokensis,MG754400,SH0931809.09FU,refs,k__Fungi,OTU1950.p__Ascomycota.g__Dendryphiella
1878,OTU1951,272,1,212,464,253,464,78,392,1.35e-108,100,p__Ascomycota,c__Dothideomycetes,o__Pleosporales,f__Sporormiaceae,g__Sporormiaceae_gen_Incertae_sedis,s__Sporormiaceae_sp,Sporormiaceae_sp,KX710258,SH0999545.09FU,reps,k__Fungi,OTU1951.p__Ascomycota.g__Sporormiaceae_gen_Incertae_sedis
1879,OTU1952,292,1,231,532,301,532,79,416,8.6e-116,99.138,p__Ascomycota,c__Pezizomycetes,o__Pezizales,f__Pezizaceae,g__Chromelosporium,s__Chromelosporium_macrospermum,Chromelosporium_macrospermum,UDB01994613,SH0922026.09FU,reps,k__Fungi,OTU1952.p__Ascomycota.g__Chromelosporium
1880,OTU1953,291,1,184,495,282,464,63,322,1.92e-87,98.37,p__Ascomycota,c__Eurotiomycetes,o__Chaetothyriales,f__Chaetothyriales_fam_Incertae_sedis,g__Chaetothyriales_gen_Incertae_sedis,s__Chaetothyriales_sp,Chaetothyriales_sp,UDB01777026,SH0940622.09FU,reps,k__Fungi,OTU1953.p__Ascomycota.g__Chaetothyriales_gen_Incertae_sedis
1881,OTU1954,352,305,350,1125,57,12,13,69.4,3.4e-11,93.478,p__Ascomycota,c__Sordariomycetes,o__Hypocreales,f__Nectriaceae,g__Fusarium,s__Fusarium_oxysporum,Fusarium_oxysporum,UDB041458,SH1099032.09FU,reps,k__Fungi,OTU1954.p__Ascomycota.g__Fusarium
1882,OTU1955,404,1,343,706,369,706,85,446,1.56e-124,90.517,p__Kickxellomycota,c__Ramicandelaberomycetes,o__Ramicandelaberales,f__Ramicandelaberaceae,g__Ramicandelaber,s__Ramicandelaber_sp,Ramicandelaber_sp,UDB06291202,SH1124592.09FU,reps,k__Fungi,OTU1955.p__Kickxellomycota.g__Ramicandelaber
1883,OTU1956,291,57,283,447,447,222,78,340,5.3e-93,93.833,p__Ascomycota,c__Sordariomycetes,o__Sordariales,f__Podosporaceae,g__Podospora,s__Podospora_dimorpha,Podospora_dimorpha,DQ166963,SH1446932.09FU,refs_singleton,k__Fungi,OTU1956.p__Ascomycota.g__Podospora
1884,OTU1957,273,1,212,512,301,512,78,392,1.35e-108,100,p__Ascomycota,c__Dothideomycetes,o__Tubeufiales,f__Tubeufiaceae,g__Helicoma,s__Helicoma_sp,Helicoma_sp,UDB03297929,SH1306079.09FU,reps,k__Fungi,OTU1957.p__Ascomycota.g__Helicoma
1885,OTU1958,327,1,266,614,349,614,81,481,3.4e-135,99.248,p__Basidiomycota,c__Agaricomycetes,o__Agaricales,f__Psathyrellaceae,g__Coprinopsis,s__Coprinopsis_sp,Coprinopsis_sp,UDB04181622,SH1204291.09FU,reps,k__Fungi,OTU1958.p__Basidiomycota.g__Coprinopsis
1886,OTU1959,313,1,212,520,269,479,68,279,1.27e-74,90.61,p__Olpidiomycota,c__Olpidiomycota_cls_Incertae_sedis,o__Olpidiomycota_ord_Incertae_sedis,f__Olpidiomycota_fam_Incertae_sedis,g__Olpidiomycota_gen_Incertae_sedis,s__Olpidiomycota_sp,Olpidiomycota_sp,UDB02414973,SH0959308.09FU,reps,k__Fungi,OTU1959.p__Olpidiomycota.g__Olpidiomycota_gen_Incertae_sedis
1887,OTU1960,323,1,263,502,240,502,81,486,7.21e-137,100,p__Basidiomycota,c__Cystobasidiomycetes,o__Cystobasidiales,f__Cystobasidiaceae,g__Occultifur,s__Occultifur_externus,Occultifur_externus,AF444567,SH0918836.09FU,refs,k__Fungi,OTU1960.p__Basidiomycota.g__Occultifur
1888,OTU1961,294,1,233,594,362,594,79,431,3.09e-120,100,p__Ascomycota,c__Pezizomycetes,o__Pezizales,f__Pezizaceae,g__Peziza,s__Peziza_sp,Peziza_sp,UDB04305684,SH1194411.09FU,reps,k__Fungi,OTU1961.p__Ascomycota.g__Peziza
1889,OTU1962,283,1,240,503,263,502,85,433,8.3e-121,99.17,p__Ascomycota,c__Eurotiomycetes,o__Eurotiales,f__Aspergillaceae,g__Aspergillus,s__Aspergillus_thesauricus,Aspergillus_thesauricus,HE615088,SH2499590.09FU,refs,k__Fungi,OTU1962.p__Ascomycota.g__Aspergillus
1890,OTU1963,276,1,216,494,279,494,78,394,3.81e-109,99.537,p__Ascomycota,c__Sordariomycetes,o__Diaporthales,f__Diaporthaceae,g__Diaporthe,s__Diaporthe_goulteri,Diaporthe_goulteri,KJ197290,SH1273728.09FU,refs,k__Fungi,OTU1963.p__Ascomycota.g__Diaporthe
1891,OTU1964,413,1,56,619,332,387,14,93.5,2.39e-18,96.429,p__Chytridiomycota,c__Spizellomycetes,o__Spizellomycetales,f__Spizellomycetaceae,g__Spizellomycetaceae_gen_Incertae_sedis,s__Spizellomycetaceae_sp,Spizellomycetaceae_sp,UDB07378598,SH1253315.09FU,reps,k__Fungi,OTU1964.p__Chytridiomycota.g__Spizellomycetaceae_gen_Incertae_sedis
1892,OTU1965,272,1,270,1151,286,11,99,438,1.71e-122,95.668,p__Ascomycota,c__Eurotiomycetes,o__Eurotiales,f__Aspergillaceae,g__Penicillium,s__Penicillium_sp,Penicillium_sp,UDB0162238,SH1056194.09FU,reps,k__Fungi,OTU1965.p__Ascomycota.g__Penicillium
1893,OTU1966,343,296,341,1125,57,12,13,69.4,3.3e-11,93.478,p__Ascomycota,c__Sordariomycetes,o__Hypocreales,f__Nectriaceae,g__Fusarium,s__Fusarium_oxysporum,Fusarium_oxysporum,UDB041458,SH1099032.09FU,reps,k__Fungi,OTU1966.p__Ascomycota.g__Fusarium
1894,OTU1967,276,1,216,469,254,469,78,377,3.84e-104,98.148,p__Ascomycota,c__Sordariomycetes,o__Hypocreales,f__Hypocreales_fam_Incertae_sedis,g__Hypocreales_gen_Incertae_sedis,s__Hypocreales_sp,Hypocreales_sp,KP306955,SH1074244.09FU,reps,k__Fungi,OTU1967.p__Ascomycota.g__Hypocreales_gen_Incertae_sedis
1895,OTU1968,283,1,223,522,301,522,79,394,3.91e-109,98.655,p__Ascomycota,c__Eurotiomycetes,o__Chaetothyriales,f__Strelitzianaceae,g__Strelitziana,s__Strelitziana_sarbhoyi,Strelitziana_sarbhoyi,MN547363,SH0931719.09FU,refs,k__Fungi,OTU1968.p__Ascomycota.g__Strelitziana
1896,OTU1969,338,291,336,1125,57,12,14,69.4,3.25e-11,93.478,p__Ascomycota,c__Sordariomycetes,o__Hypocreales,f__Nectriaceae,g__Fusarium,s__Fusarium_oxysporum,Fusarium_oxysporum,UDB041458,SH1099032.09FU,reps,k__Fungi,OTU1969.p__Ascomycota.g__Fusarium
1897,OTU1970,269,1,208,468,261,468,77,374,4.82e-103,99.038,p__Ascomycota,c__Dothideomycetes,o__Pleosporales,f__Lentitheciaceae,g__Poaceascoma,s__Poaceascoma_sp,Poaceascoma_sp,UDB05088859,SH0972480.09FU,reps,k__Fungi,OTU1970.p__Ascomycota.g__Poaceascoma
1898,OTU1971,293,1,216,607,336,556,74,187,7.36e-47,82.969,p__Ascomycota,c__Lecanoromycetes,o__Ostropales,f__Gomphillaceae,g__Corticifraga,s__Corticifraga_sp,Corticifraga_sp,UDB04207151,SH1143238.09FU,reps,k__Fungi,OTU1971.p__Ascomycota.g__Corticifraga
1899,OTU1972,285,1,225,466,242,466,79,405,1.82e-112,99.111,p__Ascomycota,c__Sordariomycetes,o__Glomerellales,f__Plectosphaerellaceae,g__Plectosphaerella,s__Plectosphaerella_oligotrophica,Plectosphaerella_oligotrophica,JX508810,SH3177366.09FU,refs,k__Fungi,OTU1972.p__Ascomycota.g__Plectosphaerella
1900,OTU1975,307,1,264,475,206,475,86,372,1.99e-102,91.882,p__Glomeromycota,c__Glomeromycetes,o__Glomerales,f__Glomeraceae,g__Glomeraceae_gen_Incertae_sedis,s__Glomeraceae_sp,Glomeraceae_sp,JQ951575,SH0993389.09FU,reps,k__Fungi,OTU1975.p__Glomeromycota.g__Glomeraceae_gen_Incertae_sedis
1901,OTU1976,252,1,191,403,213,403,76,342,1.27e-93,98.953,p__Ascomycota,c__Dothideomycetes,o__Capnodiales,f__Capnodiales_fam_Incertae_sedis,g__Capnodiales_gen_Incertae_sedis,s__Capnodiales_sp,Capnodiales_sp,UDB01392968,SH1095589.09FU,reps,k__Fungi,OTU1976.p__Ascomycota.g__Capnodiales_gen_Incertae_sedis
1902,OTU1977,361,1,300,644,345,644,83,532,1.03e-150,98.667,p__Chytridiomycota,c__Rhizophlyctidomycetes,o__Rhizophlyctidales,f__Rhizophlyctidaceae,g__Rhizophlyctis,s__Rhizophlyctis_sp,Rhizophlyctis_sp,UDB06429282,SH1204078.09FU,reps,k__Fungi,OTU1977.p__Chytridiomycota.g__Rhizophlyctis
1903,OTU1978,280,1,220,496,277,496,79,407,4.97e-113,100,p__Ascomycota,c__Eurotiomycetes,o__Eurotiales,f__Aspergillaceae,g__Aspergillus,s__Aspergillus_sp,Aspergillus_sp,OL896997,SH1029055.09FU,reps,k__Fungi,OTU1978.p__Ascomycota.g__Aspergillus
1904,OTU1979,386,341,384,1125,55,12,11,76.8,2.24e-13,97.727,p__Ascomycota,c__Sordariomycetes,o__Hypocreales,f__Nectriaceae,g__Fusarium,s__Fusarium_oxysporum,Fusarium_oxysporum,UDB041458,SH1099032.09FU,reps,k__Fungi,OTU1979.p__Ascomycota.g__Fusarium
1905,OTU1980,439,1,381,698,318,698,87,704,0,100,p__Zoopagomycota,c__Zoopagomycetes,o__Zoopagales,f__Piptocephalidaceae,g__Piptocephalis,s__Piptocephalis_graefenhanii,Piptocephalis_graefenhanii,UDB04688758,SH1115240.09FU,reps,k__Fungi,OTU1980.p__Zoopagomycota.g__Piptocephalis
1906,OTU1981,356,309,354,1125,57,12,13,69.4,3.44e-11,93.478,p__Ascomycota,c__Sordariomycetes,o__Hypocreales,f__Nectriaceae,g__Fusarium,s__Fusarium_oxysporum,Fusarium_oxysporum,UDB041458,SH1099032.09FU,reps,k__Fungi,OTU1981.p__Ascomycota.g__Fusarium
1907,OTU1982,328,281,326,1125,57,12,14,69.4,3.15e-11,93.478,p__Ascomycota,c__Sordariomycetes,o__Hypocreales,f__Nectriaceae,g__Fusarium,s__Fusarium_oxysporum,Fusarium_oxysporum,UDB041458,SH1099032.09FU,reps,k__Fungi,OTU1982.p__Ascomycota.g__Fusarium
1908,OTU1984,255,1,191,453,257,449,75,289,1.69e-77,93.782,p__Ascomycota,c__Leotiomycetes,o__Helotiales,f__Helotiales_fam_Incertae_sedis,g__Helotiales_gen_Incertae_sedis,s__Helotiales_sp,Helotiales_sp,UDB03317367,SH0980560.09FU,reps,k__Fungi,OTU1984.p__Ascomycota.g__Helotiales_gen_Incertae_sedis
1909,OTU1985,323,1,257,572,306,567,80,363,1.27e-99,91.985,p__Ascomycota,c__Eurotiomycetes,o__Chaetothyriales,f__Herpotrichiellaceae,g__Herpotrichiellaceae_gen_Incertae_sedis,s__Herpotrichiellaceae_sp,Herpotrichiellaceae_sp,UDB03376574,SH0912366.09FU,reps,k__Fungi,OTU1985.p__Ascomycota.g__Herpotrichiellaceae_gen_Incertae_sedis
1910,OTU1986,276,1,173,498,289,455,63,154,7.04e-37,83.523,p__Ascomycota,c__Eurotiomycetes,o__Chaetothyriales,f__Chaetothyriales_fam_Incertae_sedis,g__Chaetothyriales_gen_Incertae_sedis,s__Chaetothyriales_sp,Chaetothyriales_sp,UDB01770910,SH0952219.09FU,reps,k__Fungi,OTU1986.p__Ascomycota.g__Chaetothyriales_gen_Incertae_sedis
1911,OTU1987,272,1,222,496,275,496,82,394,3.75e-109,98.649,p__Ascomycota,c__Sordariomycetes,o__Diaporthales,f__Diaporthaceae,g__Diaporthe,s__Diaporthe_pescicola,Diaporthe_pescicola,KU557555,SH3660482.09FU,refs,k__Fungi,OTU1987.p__Ascomycota.g__Diaporthe
1912,OTU1988,397,1,337,667,333,667,85,571,2.42e-162,97.345,p__Mucoromycota,c__Mucoromycetes,o__Mucorales,f__Saksenaeaceae,g__Saksenaea,s__Saksenaea_sp,Saksenaea_sp,OL981347,SH1125442.09FU,reps,k__Fungi,OTU1988.p__Mucoromycota.g__Saksenaea
1913,OTU1989,299,1,238,479,242,479,80,407,5.31e-113,97.479,p__Ascomycota,c__Ascomycota_cls_Incertae_sedis,o__Ascomycota_ord_Incertae_sedis,f__Ascomycota_fam_Incertae_sedis,g__Ascomycota_gen_Incertae_sedis,s__Ascomycota_sp,Ascomycota_sp,UDB03082091,SH1078088.09FU,reps,k__Fungi,OTU1989.p__Ascomycota.g__Ascomycota_gen_Incertae_sedis
1914,OTU1990,289,1,229,559,334,559,79,287,6.95e-77,89.61,p__Ascomycota,c__Eurotiomycetes,o__Chaetothyriales,f__Chaetothyriaceae,g__Ceramothyrium,s__Ceramothyrium_melastoma,Ceramothyrium_melastoma,KC005771,SH1676532.09FU,refs_singleton,k__Fungi,OTU1990.p__Ascomycota.g__Ceramothyrium
1915,OTU1991,282,1,207,504,289,496,73,355,1.84e-97,97.596,p__Ascomycota,c__Eurotiomycetes,o__Onygenales,f__Onygenales_fam_Incertae_sedis,g__Onygenales_gen_Incertae_sedis,s__Onygenales_sp,Onygenales_sp,UDB02500097,SH0951271.09FU,reps,k__Fungi,OTU1991.p__Ascomycota.g__Onygenales_gen_Incertae_sedis
1916,OTU1992,301,1,223,545,310,537,74,278,4.38e-74,89.083,p__Ascomycota,c__Ascomycota_cls_Incertae_sedis,o__Ascomycota_ord_Incertae_sedis,f__Ascomycota_fam_Incertae_sedis,g__Ascomycota_gen_Incertae_sedis,s__Ascomycota_sp,Ascomycota_sp,UDB01381506,SH1121142.09FU,reps,k__Fungi,OTU1992.p__Ascomycota.g__Ascomycota_gen_Incertae_sedis
1917,OTU1993,270,1,210,519,311,519,78,381,2.89e-105,99.524,p__Ascomycota,c__Dothideomycetes,o__Pleosporales,f__Phaeosphaeriaceae,g__Neosetophoma,s__Neosetophoma_buxi,Neosetophoma_buxi,MW621494,SH1091901.09FU,refs,k__Fungi,OTU1993.p__Ascomycota.g__Neosetophoma
1918,OTU1994,309,59,301,469,469,226,79,433,9.08e-121,98.77,p__Ascomycota,c__Sordariomycetes,o__Glomerellales,f__Plectosphaerellaceae,g__Plectosphaerellaceae_gen_Incertae_sedis,s__Plectosphaerellaceae_sp,Plectosphaerellaceae_sp,UDB04977944,SH0941147.09FU,reps,k__Fungi,OTU1994.p__Ascomycota.g__Plectosphaerellaceae_gen_Incertae_sedis
1919,OTU1995,393,1,332,605,262,605,84,503,8.84e-142,93.642,p__Mortierellomycota,c__Mortierellomycetes,o__Mortierellales,f__Mortierellales_fam_Incertae_sedis,g__Mortierellales_gen_Incertae_sedis,s__Mortierellales_sp,Mortierellales_sp,UDB0167613,SH1292758.09FU,reps,k__Fungi,OTU1995.p__Mortierellomycota.g__Mortierellales_gen_Incertae_sedis
1920,OTU1996,268,1,224,473,251,473,84,396,1.03e-109,98.661,p__Ascomycota,c__Dothideomycetes,o__Pleosporales,f__Sporormiaceae,g__Preussia,s__Preussia_persica,Preussia_persica,GQ292750,SH0999571.09FU,refs,k__Fungi,OTU1996.p__Ascomycota.g__Preussia
1921,OTU1997,318,1,258,475,210,475,81,429,1.21e-119,96.241,p__Glomeromycota,c__Glomeromycetes,o__Glomerales,f__Glomeraceae,g__Rhizophagus,s__Rhizophagus_irregularis,Rhizophagus_irregularis,FM992386,SH0907889.09FU,reps,k__Fungi,OTU1997.p__Glomeromycota.g__Rhizophagus
1922,OTU1998,308,1,247,594,347,594,80,435,2.52e-121,98.387,p__Basidiomycota,c__Agaricomycetes,o__Agaricales,f__Bolbitiaceae,g__Conocybe,s__Conocybe_sp,Conocybe_sp,UDB04135122,SH1272133.09FU,reps,k__Fungi,OTU1998.p__Basidiomycota.g__Conocybe
1923,OTU1999,317,270,315,1125,57,12,15,69.4,3.03e-11,93.478,p__Ascomycota,c__Sordariomycetes,o__Hypocreales,f__Nectriaceae,g__Fusarium,s__Fusarium_oxysporum,Fusarium_oxysporum,UDB041458,SH1099032.09FU,reps,k__Fungi,OTU1999.p__Ascomycota.g__Fusarium
1924,OTU2000,307,1,247,518,272,518,80,429,1.17e-119,97.976,p__Glomeromycota,c__Glomeromycetes,o__Glomerales,f__Glomeraceae,g__Glomus,s__Glomus_sp,Glomus_sp,JX276879,SH1288143.09FU,reps,k__Fungi,OTU2000.p__Glomeromycota.g__Glomus
1925,OTU2001,357,310,355,1125,57,12,13,69.4,3.45e-11,93.478,p__Ascomycota,c__Sordariomycetes,o__Hypocreales,f__Nectriaceae,g__Fusarium,s__Fusarium_oxysporum,Fusarium_oxysporum,UDB041458,SH1099032.09FU,reps,k__Fungi,OTU2001.p__Ascomycota.g__Fusarium
1926,OTU2002,366,319,364,1125,57,12,13,69.4,3.54e-11,93.478,p__Ascomycota,c__Sordariomycetes,o__Hypocreales,f__Nectriaceae,g__Fusarium,s__Fusarium_oxysporum,Fusarium_oxysporum,UDB041458,SH1099032.09FU,reps,k__Fungi,OTU2002.p__Ascomycota.g__Fusarium
1927,OTU2003,396,338,394,1228,559,503,14,73.1,2.98e-12,89.474,p__Basidiomycota,c__Agaricomycetes,o__Agaricales,f__Psathyrellaceae,g__Lacrymaria,s__Lacrymaria_glareosa,Lacrymaria_glareosa,UDB073985,SH1319901.09FU,reps,k__Fungi,OTU2003.p__Basidiomycota.g__Lacrymaria
1928,OTU2004,325,1,264,618,357,618,81,448,3.43e-125,97.348,p__Basidiomycota,c__Agaricomycetes,o__Agaricales,f__Bolbitiaceae,g__Conocybe,s__Conocybe_sp,Conocybe_sp,UDB04141259,SH1222589.09FU,reps,k__Fungi,OTU2004.p__Basidiomycota.g__Conocybe
1929,OTU2005,293,1,232,525,295,525,79,399,8.69e-111,97.845,p__Ascomycota,c__Eurotiomycetes,o__Chaetothyriales,f__Cyphellophoraceae,g__Cyphellophora,s__Cyphellophora_sp,Cyphellophora_sp,UDB04511581,SH1071516.09FU,reps,k__Fungi,OTU2005.p__Ascomycota.g__Cyphellophora
1930,OTU2006,355,308,353,1125,57,12,13,69.4,3.43e-11,93.478,p__Ascomycota,c__Sordariomycetes,o__Hypocreales,f__Nectriaceae,g__Fusarium,s__Fusarium_oxysporum,Fusarium_oxysporum,UDB041458,SH1099032.09FU,reps,k__Fungi,OTU2006.p__Ascomycota.g__Fusarium
1931,OTU2007,342,303,340,758,507,545,11,65.8,4.26e-10,97.436,p__Basidiomycota,c__Agaricomycetes,o__Auriculariales,f__Auriculariales_fam_Incertae_sedis,g__Auriculariales_gen_Incertae_sedis,s__Auriculariales_sp,Auriculariales_sp,JQ272342,SH0954825.09FU,reps,k__Fungi,OTU2007.p__Basidiomycota.g__Auriculariales_gen_Incertae_sedis
1932,OTU2008,323,1,203,587,366,569,63,265,3.68e-70,90.244,p__Ascomycota,c__Eurotiomycetes,o__Chaetothyriales,f__Trichomeriaceae,g__Trichomerium,s__Trichomerium_chiangmaiensis,Trichomerium_chiangmaiensis,MH345731,SH1996664.09FU,refs_singleton,k__Fungi,OTU2008.p__Ascomycota.g__Trichomerium
1933,OTU2009,284,1,199,553,334,527,70,252,2.5e-66,89.95,p__Ascomycota,c__Eurotiomycetes,o__Onygenales,f__Onygenales_fam_Incertae_sedis,g__Onygenales_gen_Incertae_sedis,s__Onygenales_sp,Onygenales_sp,UDB02541130,SH1324342.09FU,reps,k__Fungi,OTU2009.p__Ascomycota.g__Onygenales_gen_Incertae_sedis
1934,OTU2010,293,1,232,505,273,505,79,424,5.16e-118,99.571,p__Ascomycota,c__Sordariomycetes,o__Hypocreales,f__Bionectriaceae,g__Geosmithia,s__Geosmithia_sp,Geosmithia_sp,UDB03042495,SH0945916.09FU,reps,k__Fungi,OTU2010.p__Ascomycota.g__Geosmithia
1935,OTU2011,300,1,227,473,208,430,76,316,9.24e-86,92.14,p__Glomeromycota,c__Glomeromycetes,o__Glomerales,f__Glomeraceae,g__Glomeraceae_gen_Incertae_sedis,s__Glomeraceae_sp,Glomeraceae_sp,FR873163,SH0955965.09FU,reps,k__Fungi,OTU2011.p__Glomeromycota.g__Glomeraceae_gen_Incertae_sedis
1936,OTU2012,360,321,358,758,508,545,11,71.3,9.67e-12,100,p__Basidiomycota,c__Agaricomycetes,o__Auriculariales,f__Auriculariales_fam_Incertae_sedis,g__Auriculariales_gen_Incertae_sedis,s__Auriculariales_sp,Auriculariales_sp,JQ272342,SH0954825.09FU,reps,k__Fungi,OTU2012.p__Basidiomycota.g__Auriculariales_gen_Incertae_sedis
1937,OTU2013,358,319,356,758,508,545,11,71.3,9.62e-12,100,p__Basidiomycota,c__Agaricomycetes,o__Auriculariales,f__Auriculariales_fam_Incertae_sedis,g__Auriculariales_gen_Incertae_sedis,s__Auriculariales_sp,Auriculariales_sp,JQ272342,SH0954825.09FU,reps,k__Fungi,OTU2013.p__Basidiomycota.g__Auriculariales_gen_Incertae_sedis
1938,OTU2014,315,1,254,468,214,468,81,464,3.29e-130,99.608,p__Glomeromycota,c__Glomeromycetes,o__Glomerales,f__Glomeraceae,g__Glomus,s__Glomus_sp,Glomus_sp,UDB03159081,SH1309984.09FU,reps,k__Fungi,OTU2014.p__Glomeromycota.g__Glomus
1939,OTU2015,339,1,241,588,339,582,71,359,1.73e-98,93.496,p__Basidiomycota,c__Agaricomycetes,o__Agaricales,f__Agaricales_fam_Incertae_sedis,g__Agaricales_gen_Incertae_sedis,s__Agaricales_sp,Agaricales_sp,UDB0901092,SH1196312.09FU,reps,k__Fungi,OTU2015.p__Basidiomycota.g__Agaricales_gen_Incertae_sedis
1940,OTU2016,413,1,352,629,280,629,85,494,5.61e-139,92.09,p__Fungi_phy_Incertae_sedis,c__Fungi_cls_Incertae_sedis,o__Fungi_ord_Incertae_sedis,f__Fungi_fam_Incertae_sedis,g__Fungi_gen_Incertae_sedis,s__Fungi_sp,Fungi_sp,UDB02129663,SH1250457.09FU,reps,k__Fungi,OTU2016.p__Fungi_phy_Incertae_sedis.g__Fungi_gen_Incertae_sedis
1941,OTU2017,326,1,280,645,360,640,86,412,1.25e-114,93.357,p__Basidiomycota,c__Agaricomycetes,o__Agaricales,f__Psathyrellaceae,g__Coprinopsis,s__Coprinopsis_sp,Coprinopsis_sp,DQ386139,SH1204392.09FU,reps,k__Fungi,OTU2017.p__Basidiomycota.g__Coprinopsis
1942,OTU2018,282,1,222,533,312,533,79,399,8.38e-111,99.099,p__Ascomycota,c__Eurotiomycetes,o__Chaetothyriales,f__Chaetothyriales_fam_Incertae_sedis,g__Neostrelitziana,s__Neostrelitziana_acaciigena,Neostrelitziana_acaciigena,KR476730,SH2083190.09FU,refs_singleton,k__Fungi,OTU2018.p__Ascomycota.g__Neostrelitziana
1943,OTU2019,370,335,368,758,512,545,9,63.9,1.67e-09,100,p__Basidiomycota,c__Agaricomycetes,o__Auriculariales,f__Auriculariales_fam_Incertae_sedis,g__Auriculariales_gen_Incertae_sedis,s__Auriculariales_sp,Auriculariales_sp,JQ272342,SH0954825.09FU,reps,k__Fungi,OTU2019.p__Basidiomycota.g__Auriculariales_gen_Incertae_sedis
1944,OTU2020,280,1,198,498,285,481,71,309,1.44e-83,94.949,p__Ascomycota,c__Sordariomycetes,o__Sordariales,f__Chaetomiaceae,g__Chaetomium,s__Chaetomium_globosum,Chaetomium_globosum,MT920575,SH0881857.09FU,reps,k__Fungi,OTU2020.p__Ascomycota.g__Chaetomium
1945,OTU2021,336,256,334,1125,89,12,24,73.1,2.5e-12,83.75,p__Ascomycota,c__Sordariomycetes,o__Hypocreales,f__Nectriaceae,g__Fusarium,s__Fusarium_oxysporum,Fusarium_oxysporum,UDB041458,SH1099032.09FU,reps,k__Fungi,OTU2021.p__Ascomycota.g__Fusarium
1946,OTU2023,333,1,273,481,209,481,82,444,4.55e-124,96.014,p__Glomeromycota,c__Glomeromycetes,o__Glomerales,f__Claroideoglomeraceae,g__Claroideoglomus,s__Claroideoglomus_sp,Claroideoglomus_sp,UDB03119817,SH0964075.09FU,reps,k__Fungi,OTU2023.p__Glomeromycota.g__Claroideoglomus
1947,OTU2024,452,395,450,1125,67,12,12,76.8,2.65e-13,91.071,p__Ascomycota,c__Sordariomycetes,o__Hypocreales,f__Nectriaceae,g__Fusarium,s__Fusarium_oxysporum,Fusarium_oxysporum,UDB041458,SH1099032.09FU,reps,k__Fungi,OTU2024.p__Ascomycota.g__Fusarium
1948,OTU2025,268,1,202,485,277,478,75,340,4.87e-93,97.044,p__Ascomycota,c__Leotiomycetes,o__Helotiales,f__Helotiaceae,g__Scytalidium,s__Scytalidium_sphaerosporum,Scytalidium_sphaerosporum,UDB06311152,SH1276113.09FU,reps,k__Fungi,OTU2025.p__Ascomycota.g__Scytalidium
1949,OTU2026,272,1,198,490,283,477,73,252,2.39e-66,89.95,p__Ascomycota,c__Lecanoromycetes,o__Ostropales,f__Stictidaceae,g__Stictidaceae_gen_Incertae_sedis,s__Stictidaceae_sp,Stictidaceae_sp,UDB07632922,SH1110938.09FU,reps,k__Fungi,OTU2026.p__Ascomycota.g__Stictidaceae_gen_Incertae_sedis
1950,OTU2027,256,1,210,464,255,464,82,383,7.59e-106,99.524,p__Ascomycota,c__Leotiomycetes,o__Helotiales,f__Myxotrichaceae,g__Oidiodendron,s__Oidiodendron_tenuissimum,Oidiodendron_tenuissimum,KC008950,SH1239496.09FU,reps,k__Fungi,OTU2027.p__Ascomycota.g__Oidiodendron
1951,OTU2028,366,1,305,769,465,769,83,558,1.72e-158,99.672,p__Chytridiomycota,c__Spizellomycetes,o__Spizellomycetales,f__Powellomycetaceae,g__Powellomyces,s__Powellomyces_hirtus,Powellomyces_hirtus,FJ827711,SH1233397.09FU,refs,k__Fungi,OTU2028.p__Chytridiomycota.g__Powellomyces
1952,OTU2029,371,324,369,1125,57,12,12,69.4,3.59e-11,93.478,p__Ascomycota,c__Sordariomycetes,o__Hypocreales,f__Nectriaceae,g__Fusarium,s__Fusarium_oxysporum,Fusarium_oxysporum,UDB041458,SH1099032.09FU,reps,k__Fungi,OTU2029.p__Ascomycota.g__Fusarium
1953,OTU2030,286,1,205,578,354,555,72,320,6.82e-87,95.122,p__Ascomycota,c__Eurotiomycetes,o__Chaetothyriales,f__Trichomeriaceae,g__Trichomerium,s__Trichomerium_sp,Trichomerium_sp,UDB06629929,SH1253662.09FU,reps,k__Fungi,OTU2030.p__Ascomycota.g__Trichomerium
1954,OTU2031,277,1,217,465,251,465,78,377,3.85e-104,98.157,p__Ascomycota,c__Dothideomycetes,o__Dothideomycetes_ord_Incertae_sedis,f__Eremomycetaceae,g__Arthrographis,s__Arthrographis_sp,Arthrographis_sp,OL475528,SH0964682.09FU,reps,k__Fungi,OTU2031.p__Ascomycota.g__Arthrographis
1955,OTU2032,305,268,303,758,510,545,12,62.1,4.87e-09,97.222,p__Basidiomycota,c__Agaricomycetes,o__Auriculariales,f__Auriculariales_fam_Incertae_sedis,g__Auriculariales_gen_Incertae_sedis,s__Auriculariales_sp,Auriculariales_sp,JQ272342,SH0954825.09FU,reps,k__Fungi,OTU2032.p__Basidiomycota.g__Auriculariales_gen_Incertae_sedis
1956,OTU2033,324,277,322,758,500,545,14,69.4,3.11e-11,93.478,p__Basidiomycota,c__Agaricomycetes,o__Auriculariales,f__Auriculariales_fam_Incertae_sedis,g__Auriculariales_gen_Incertae_sedis,s__Auriculariales_sp,Auriculariales_sp,JQ272342,SH0954825.09FU,reps,k__Fungi,OTU2033.p__Basidiomycota.g__Auriculariales_gen_Incertae_sedis
1957,OTU2034,291,1,231,413,180,413,79,401,2.4e-111,97.863,p__Glomeromycota,c__Glomeromycetes,o__Gigasporales,f__Gigasporales_fam_Incertae_sedis,g__Gigasporales_gen_Incertae_sedis,s__Gigasporales_sp,Gigasporales_sp,UDB0722454,SH1030542.09FU,reps,k__Fungi,OTU2034.p__Glomeromycota.g__Gigasporales_gen_Incertae_sedis
1958,OTU2035,286,1,184,514,290,470,64,182,3.36e-45,85.185,p__Ascomycota,c__Eurotiomycetes,o__Eurotiales,f__Aspergillaceae,g__Penicillium,s__Penicillium_capsulatum,Penicillium_capsulatum,AF033429,SH0884684.09FU,refs,k__Fungi,OTU2035.p__Ascomycota.g__Penicillium
1959,OTU2036,276,1,204,511,296,500,74,267,8.66e-71,90.431,p__Ascomycota,c__Eurotiomycetes,o__Chaetothyriales,f__Chaetothyriales_fam_Incertae_sedis,g__Chaetothyriales_gen_Incertae_sedis,s__Chaetothyriales_sp,Chaetothyriales_sp,UDB01764532,SH1145146.09FU,reps,k__Fungi,OTU2036.p__Ascomycota.g__Chaetothyriales_gen_Incertae_sedis
1960,OTU2037,297,1,237,486,250,486,80,438,1.87e-122,100,p__Ascomycota,c__Sordariomycetes,o__Glomerellales,f__Plectosphaerellaceae,g__Acrostalagmus,s__Acrostalagmus_luteoalbus,Acrostalagmus_luteoalbus,AJ292420,SH0941164.09FU,refs,k__Fungi,OTU2037.p__Ascomycota.g__Acrostalagmus
1961,OTU2038,272,1,212,462,251,462,78,387,6.27e-107,99.528,p__Ascomycota,c__Dothideomycetes,o__Pleosporales,f__Didymellaceae,g__Stagonosporopsis,s__Stagonosporopsis_tanaceti,Stagonosporopsis_tanaceti,JQ897481,SH1489764.09FU,refs,k__Fungi,OTU2038.p__Ascomycota.g__Stagonosporopsis
1962,OTU2039,341,1,280,560,287,560,82,291,6.43e-78,85.866,p__Chytridiomycota,c__Rhizophydiomycetes,o__Rhizophydiales,f__Rhizophydiales_fam_Incertae_sedis,g__Rhizophydiales_gen_Incertae_sedis,s__Rhizophydiales_sp,Rhizophydiales_sp,UDB06471366,SH0889767.09FU,reps,k__Fungi,OTU2039.p__Chytridiomycota.g__Rhizophydiales_gen_Incertae_sedis
1963,OTU2040,279,1,214,516,294,513,77,263,1.13e-69,88.688,p__Ascomycota,c__Eurotiomycetes,o__Chaetothyriales,f__Chaetothyriales_fam_Incertae_sedis,g__Chaetothyriales_gen_Incertae_sedis,s__Chaetothyriales_sp,Chaetothyriales_sp,UDB01803383,SH0898488.09FU,reps,k__Fungi,OTU2040.p__Ascomycota.g__Chaetothyriales_gen_Incertae_sedis
1964,OTU2041,350,303,348,1125,57,12,13,69.4,3.38e-11,93.478,p__Ascomycota,c__Sordariomycetes,o__Hypocreales,f__Nectriaceae,g__Fusarium,s__Fusarium_oxysporum,Fusarium_oxysporum,UDB041458,SH1099032.09FU,reps,k__Fungi,OTU2041.p__Ascomycota.g__Fusarium
1965,OTU2042,350,1,184,533,249,429,53,126,1.97e-28,79.894,p__Chytridiomycota,c__Rhizophydiomycetes,o__Rhizophydiales,f__Rhizophydiales_fam_Incertae_sedis,g__Rhizophydiales_gen_Incertae_sedis,s__Rhizophydiales_sp,Rhizophydiales_sp,UDB0521347,SH1115140.09FU,reps,k__Fungi,OTU2042.p__Chytridiomycota.g__Rhizophydiales_gen_Incertae_sedis
1966,OTU2043,323,1,262,471,209,471,81,335,2.76e-91,90.074,p__Glomeromycota,c__Glomeromycetes,o__Glomerales,f__Glomeraceae,g__Rhizophagus,s__Rhizophagus_sp,Rhizophagus_sp,UDB06373706,SH0907825.09FU,reps,k__Fungi,OTU2043.p__Glomeromycota.g__Rhizophagus
1967,OTU2044,394,1,289,819,462,772,73,189,2.82e-47,78.914,p__Fungi_phy_Incertae_sedis,c__Fungi_cls_Incertae_sedis,o__Fungi_ord_Incertae_sedis,f__Fungi_fam_Incertae_sedis,g__Fungi_gen_Incertae_sedis,s__Fungi_sp,Fungi_sp,UDB0751801,SH1204921.09FU,reps,k__Fungi,OTU2044.p__Fungi_phy_Incertae_sedis.g__Fungi_gen_Incertae_sedis
1968,OTU2045,286,1,221,479,256,474,77,252,2.52e-66,87.556,p__Ascomycota,c__Eurotiomycetes,o__Chaetothyriales,f__Herpotrichiellaceae,g__Cladophialophora,s__Cladophialophora_sp,Cladophialophora_sp,UDB0344580,SH1073258.09FU,reps,k__Fungi,OTU2045.p__Ascomycota.g__Cladophialophora
1969,OTU2046,329,1,260,467,202,455,79,387,7.67e-107,93.87,p__Glomeromycota,c__Archaeosporomycetes,o__Archaeosporales,f__Archaeosporaceae,g__Archaeospora,s__Archaeospora_sp,Archaeospora_sp,GQ388701,SH1027675.09FU,reps,k__Fungi,OTU2046.p__Glomeromycota.g__Archaeospora
1970,OTU2047,340,1,280,482,202,482,82,429,1.3e-119,94.346,p__Glomeromycota,c__Glomeromycetes,o__Glomerales,f__Claroideoglomeraceae,g__Claroideoglomus,s__Claroideoglomus_drummondii,Claroideoglomus_drummondii,AJ972465,SH0964062.09FU,refs,k__Fungi,OTU2047.p__Glomeromycota.g__Claroideoglomus
1971,OTU2048,376,329,374,1125,57,12,12,69.4,3.65e-11,93.478,p__Ascomycota,c__Sordariomycetes,o__Hypocreales,f__Nectriaceae,g__Fusarium,s__Fusarium_oxysporum,Fusarium_oxysporum,UDB041458,SH1099032.09FU,reps,k__Fungi,OTU2048.p__Ascomycota.g__Fusarium
1972,OTU2049,440,56,438,710,710,327,87,702,0,99.74,p__Basidiomycota,c__Ustilaginomycetes,o__Ustilaginales,f__Ustilaginaceae,g__Ustilago,s__Ustilago_maydis,Ustilago_maydis,UDB016255,SH1058415.09FU,refs,k__Fungi,OTU2049.p__Basidiomycota.g__Ustilago
1973,OTU2050,278,1,217,460,247,460,78,359,1.4e-98,96.774,p__Ascomycota,c__Dothideomycetes,o__Pleosporales,f__Pleosporales_fam_Incertae_sedis,g__Pleosporales_gen_Incertae_sedis,s__Pleosporales_sp,Pleosporales_sp,UDB05032604,SH0992176.09FU,reps,k__Fungi,OTU2050.p__Ascomycota.g__Pleosporales_gen_Incertae_sedis
1974,OTU2051,304,1,243,541,298,541,80,411,4.18e-114,97.131,p__Ascomycota,c__Sordariomycetes,o__Hypocreales,f__Hypocreales_fam_Incertae_sedis,g__Hypocreales_gen_Incertae_sedis,s__Hypocreales_sp,Hypocreales_sp,UDB06800214,SH1085627.09FU,reps,k__Fungi,OTU2051.p__Ascomycota.g__Hypocreales_gen_Incertae_sedis
1975,OTU2052,338,301,336,758,510,545,11,67.6,1.17e-10,100,p__Basidiomycota,c__Agaricomycetes,o__Auriculariales,f__Auriculariales_fam_Incertae_sedis,g__Auriculariales_gen_Incertae_sedis,s__Auriculariales_sp,Auriculariales_sp,JQ272342,SH0954825.09FU,reps,k__Fungi,OTU2052.p__Basidiomycota.g__Auriculariales_gen_Incertae_sedis
1976,OTU2053,261,1,215,467,249,467,82,235,2.3e-61,86.425,p__Ascomycota,c__Dothideomycetes,o__Mycosphaerellales,f__Mycosphaerellaceae,g__Paramycosphaerella,s__Paramycosphaerella_syzygii,Paramycosphaerella_syzygii,MZ064447,SH1542915.09FU,refs_singleton,k__Fungi,OTU2053.p__Ascomycota.g__Paramycosphaerella
1977,OTU2054,293,1,215,552,324,538,73,298,3.26e-80,91.667,p__Ascomycota,c__Eurotiomycetes,o__Eurotiomycetes_ord_Incertae_sedis,f__Eurotiomycetes_fam_Incertae_sedis,g__Eurotiomycetes_gen_Incertae_sedis,s__Eurotiomycetes_sp,Eurotiomycetes_sp,UDB01946566,SH1321952.09FU,reps,k__Fungi,OTU2054.p__Ascomycota.g__Eurotiomycetes_gen_Incertae_sedis
1978,OTU2055,306,261,304,1125,55,12,14,71.3,8.11e-12,95.455,p__Ascomycota,c__Sordariomycetes,o__Hypocreales,f__Nectriaceae,g__Fusarium,s__Fusarium_oxysporum,Fusarium_oxysporum,UDB041458,SH1099032.09FU,reps,k__Fungi,OTU2055.p__Ascomycota.g__Fusarium
1979,OTU2056,294,255,292,758,508,545,13,65.8,3.61e-10,97.368,p__Basidiomycota,c__Agaricomycetes,o__Auriculariales,f__Auriculariales_fam_Incertae_sedis,g__Auriculariales_gen_Incertae_sedis,s__Auriculariales_sp,Auriculariales_sp,JQ272342,SH0954825.09FU,reps,k__Fungi,OTU2056.p__Basidiomycota.g__Auriculariales_gen_Incertae_sedis
1980,OTU2057,268,1,201,474,268,468,75,322,1.77e-87,95.545,p__Ascomycota,c__Sordariomycetes,o__Hypocreales,f__Hypocreales_fam_Incertae_sedis,g__Hypocreales_gen_Incertae_sedis,s__Hypocreales_sp,Hypocreales_sp,UDB03564922,SH1083444.09FU,reps,k__Fungi,OTU2057.p__Ascomycota.g__Hypocreales_gen_Incertae_sedis
1981,OTU2058,285,1,245,537,298,530,86,231,3.27e-60,84.553,p__Ascomycota,c__Eurotiomycetes,o__Chaetothyriales,f__Chaetothyriaceae,g__Longihyalospora,s__Longihyalospora_ampeli,Longihyalospora_ampeli,MN219716,SH1158568.09FU,refs,k__Fungi,OTU2058.p__Ascomycota.g__Longihyalospora
1982,OTU2059,366,1,258,582,283,543,70,379,1.44e-104,93.13,p__Fungi_phy_Incertae_sedis,c__Fungi_cls_Incertae_sedis,o__Fungi_ord_Incertae_sedis,f__Fungi_fam_Incertae_sedis,g__Fungi_gen_Incertae_sedis,s__Fungi_sp,Fungi_sp,UDB02130540,SH1143695.09FU,reps,k__Fungi,OTU2059.p__Fungi_phy_Incertae_sedis.g__Fungi_gen_Incertae_sedis
1983,OTU2060,318,271,316,1125,57,12,14,69.4,3.04e-11,93.478,p__Ascomycota,c__Sordariomycetes,o__Hypocreales,f__Nectriaceae,g__Fusarium,s__Fusarium_oxysporum,Fusarium_oxysporum,UDB041458,SH1099032.09FU,reps,k__Fungi,OTU2060.p__Ascomycota.g__Fusarium
1984,OTU2061,334,1,274,489,215,489,82,451,2.73e-126,96.403,p__Glomeromycota,c__Glomeromycetes,o__Glomerales,f__Glomeraceae,g__Glomus,s__Glomus_aggregatum,Glomus_aggregatum,JF439163,SH1145876.09FU,reps,k__Fungi,OTU2061.p__Glomeromycota.g__Glomus
1985,OTU2062,367,328,365,758,508,545,10,65.8,4.59e-10,97.368,p__Basidiomycota,c__Agaricomycetes,o__Auriculariales,f__Auriculariales_fam_Incertae_sedis,g__Auriculariales_gen_Incertae_sedis,s__Auriculariales_sp,Auriculariales_sp,JQ272342,SH0954825.09FU,reps,k__Fungi,OTU2062.p__Basidiomycota.g__Auriculariales_gen_Incertae_sedis
1986,OTU2063,360,321,358,758,508,545,11,71.3,9.67e-12,100,p__Basidiomycota,c__Agaricomycetes,o__Auriculariales,f__Auriculariales_fam_Incertae_sedis,g__Auriculariales_gen_Incertae_sedis,s__Auriculariales_sp,Auriculariales_sp,JQ272342,SH0954825.09FU,reps,k__Fungi,OTU2063.p__Basidiomycota.g__Auriculariales_gen_Incertae_sedis
1987,OTU2064,354,1,293,569,277,569,83,542,1.68e-153,100,p__Basidiomycota,c__Basidiomycota_cls_Incertae_sedis,o__Basidiomycota_ord_Incertae_sedis,f__Basidiomycota_fam_Incertae_sedis,g__Basidiomycota_gen_Incertae_sedis,s__Basidiomycota_sp,Basidiomycota_sp,UDB02629429,SH0893300.09FU,reps,k__Fungi,OTU2064.p__Basidiomycota.g__Basidiomycota_gen_Incertae_sedis
1988,OTU2065,270,1,197,462,253,450,73,276,1.41e-73,91.919,p__Ascomycota,c__Dothideomycetes,o__Pleosporales,f__Pleosporales_fam_Incertae_sedis,g__Pleosporales_gen_Incertae_sedis,s__Pleosporales_sp,Pleosporales_sp,UDB05035285,SH1056474.09FU,reps,k__Fungi,OTU2065.p__Ascomycota.g__Pleosporales_gen_Incertae_sedis
1989,OTU2066,296,1,236,513,277,513,80,420,6.75e-117,98.734,p__Ascomycota,c__Pezizomycetes,o__Pezizales,f__Pezizales_fam_Incertae_sedis,g__Pezizales_gen_Incertae_sedis,s__Pezizales_sp,Pezizales_sp,MF971771,SH0941651.09FU,reps,k__Fungi,OTU2066.p__Ascomycota.g__Pezizales_gen_Incertae_sedis
1990,OTU2067,298,1,238,527,290,527,80,435,2.43e-121,99.58,p__Ascomycota,c__Sordariomycetes,o__Microascales,f__Microascaceae,g__Yunnania,s__Yunnania_carbonaria,Yunnania_carbonaria,LM652489,SH1070280.09FU,refs,k__Fungi,OTU2067.p__Ascomycota.g__Yunnania
1991,OTU2068,276,1,216,559,334,559,78,243,1.46e-63,86.784,p__Ascomycota,c__Eurotiomycetes,o__Chaetothyriales,f__Chaetothyriaceae,g__Ceramothyrium,s__Ceramothyrium_melastoma,Ceramothyrium_melastoma,KC005771,SH1676532.09FU,refs_singleton,k__Fungi,OTU2068.p__Ascomycota.g__Ceramothyrium
1992,OTU2069,315,1,254,593,347,593,81,291,5.9e-78,87.891,p__Basidiomycota,c__Agaricomycetes,o__Agaricales,f__Bolbitiaceae,g__Bolbitiaceae_gen_Incertae_sedis,s__Bolbitiaceae_sp,Bolbitiaceae_sp,UDB01533015,SH1063207.09FU,reps,k__Fungi,OTU2069.p__Basidiomycota.g__Bolbitiaceae_gen_Incertae_sedis
1993,OTU2070,363,316,361,1125,57,12,13,69.4,3.51e-11,93.478,p__Ascomycota,c__Sordariomycetes,o__Hypocreales,f__Nectriaceae,g__Fusarium,s__Fusarium_oxysporum,Fusarium_oxysporum,UDB041458,SH1099032.09FU,reps,k__Fungi,OTU2070.p__Ascomycota.g__Fusarium
1994,OTU2071,269,1,208,476,269,476,77,385,2.23e-106,100,p__Ascomycota,c__Sordariomycetes,o__Sordariales,f__Podosporaceae,g__Podospora,s__Podospora_sp,Podospora_sp,UDB05099765,SH0962326.09FU,reps,k__Fungi,OTU2071.p__Ascomycota.g__Podospora
1995,OTU2072,270,1,199,497,287,484,74,294,3.88e-79,93.5,p__Ascomycota,c__Sordariomycetes,o__Sordariales,f__Sordariales_fam_Incertae_sedis,g__Sordariales_gen_Incertae_sedis,s__Sordariales_sp,Sordariales_sp,UDB07334722,SH0969597.09FU,reps,k__Fungi,OTU2072.p__Ascomycota.g__Sordariales_gen_Incertae_sedis
1996,OTU2073,261,1,200,461,262,461,77,359,1.31e-98,99,p__Ascomycota,c__Leotiomycetes,o__Helotiales,f__Helotiaceae,g__Tetracladium,s__Tetracladium_sp,Tetracladium_sp,UDB05471897,SH0998283.09FU,reps,k__Fungi,OTU2073.p__Ascomycota.g__Tetracladium
1997,OTU2074,263,1,202,474,273,474,77,368,2.19e-101,99.505,p__Ascomycota,c__Leotiomycetes,o__Helotiales,f__Hyaloscyphaceae,g__Cistella,s__Cistella_sp,Cistella_sp,UDB02657559,SH0967803.09FU,reps,k__Fungi,OTU2074.p__Ascomycota.g__Cistella
1998,OTU2075,367,1,67,637,342,408,18,80.5,1.64e-14,88.06,p__Chytridiomycota,c__Chytridiomycota_cls_Incertae_sedis,o__Chytridiomycota_ord_Incertae_sedis,f__Chytridiomycota_fam_Incertae_sedis,g__Chytridiomycota_gen_Incertae_sedis,s__Chytridiomycota_sp,Chytridiomycota_sp,UDB02283695,SH1319611.09FU,reps,k__Fungi,OTU2075.p__Chytridiomycota.g__Chytridiomycota_gen_Incertae_sedis
1999,OTU2076,356,1,296,549,254,549,83,542,1.69e-153,99.662,p__Mortierellomycota,c__Mortierellomycetes,o__Mortierellales,f__Mortierellaceae,g__Mortierellaceae_gen_Incertae_sedis,s__Mortierellaceae_sp,Mortierellaceae_sp,UDB04898903,SH1306530.09FU,reps,k__Fungi,OTU2076.p__Mortierellomycota.g__Mortierellaceae_gen_Incertae_sedis
2000,OTU2077,333,1,272,621,347,621,82,399,9.99e-111,93.116,p__Blastocladiomycota,c__Blastocladiomycota_cls_Incertae_sedis,o__Blastocladiomycota_ord_Incertae_sedis,f__Blastocladiomycota_fam_Incertae_sedis,g__Blastocladiomycota_gen_Incertae_sedis,s__Blastocladiomycota_sp,Blastocladiomycota_sp,UDB01530396,SH1166893.09FU,reps,k__Fungi,OTU2077.p__Blastocladiomycota.g__Blastocladiomycota_gen_Incertae_sedis
2001,OTU2078,354,317,352,758,510,545,10,67.6,1.23e-10,100,p__Basidiomycota,c__Agaricomycetes,o__Auriculariales,f__Auriculariales_fam_Incertae_sedis,g__Auriculariales_gen_Incertae_sedis,s__Auriculariales_sp,Auriculariales_sp,JQ272342,SH0954825.09FU,reps,k__Fungi,OTU2078.p__Basidiomycota.g__Auriculariales_gen_Incertae_sedis
2002,OTU2079,286,1,225,521,299,521,79,315,3.17e-85,92.07,p__Ascomycota,c__Eurotiomycetes,o__Chaetothyriales,f__Strelitzianaceae,g__Strelitziana,s__Strelitziana_sp,Strelitziana_sp,UDB07638466,SH0931730.09FU,reps,k__Fungi,OTU2079.p__Ascomycota.g__Strelitziana
2003,OTU2080,285,1,253,583,322,576,89,348,3.12e-95,91.44,p__Ascomycota,c__Sordariomycetes,o__Hypocreales,f__Hypocreaceae,g__Trichoderma,s__Trichoderma_ghanense,Trichoderma_ghanense,Z69588,SH1063013.09FU,refs,k__Fungi,OTU2080.p__Ascomycota.g__Trichoderma
2004,OTU2081,335,299,333,758,511,545,10,65.8,4.16e-10,100,p__Basidiomycota,c__Agaricomycetes,o__Auriculariales,f__Auriculariales_fam_Incertae_sedis,g__Auriculariales_gen_Incertae_sedis,s__Auriculariales_sp,Auriculariales_sp,JQ272342,SH0954825.09FU,reps,k__Fungi,OTU2081.p__Basidiomycota.g__Auriculariales_gen_Incertae_sedis
2005,OTU2082,362,315,360,1125,57,12,13,69.4,3.5e-11,93.478,p__Ascomycota,c__Sordariomycetes,o__Hypocreales,f__Nectriaceae,g__Fusarium,s__Fusarium_oxysporum,Fusarium_oxysporum,UDB041458,SH1099032.09FU,reps,k__Fungi,OTU2082.p__Ascomycota.g__Fusarium
2006,OTU2084,313,1,252,594,344,594,81,364,3.41e-100,92.913,p__Basidiomycota,c__Agaricomycetes,o__Agaricales,f__Entolomataceae,g__Entoloma,s__Entoloma_sp,Entoloma_sp,UDB0100981,SH1167413.09FU,reps,k__Fungi,OTU2084.p__Basidiomycota.g__Entoloma
2007,OTU2085,290,1,230,497,268,497,79,425,1.42e-118,100,p__Ascomycota,c__Sordariomycetes,o__Hypocreales,f__Hypocreales_fam_Incertae_sedis,g__Acremonium,s__Acremonium_sp,Acremonium_sp,GU721808,SH0913383.09FU,reps,k__Fungi,OTU2085.p__Ascomycota.g__Acremonium
2008,OTU2086,309,1,232,597,342,577,75,217,9.95e-56,83.951,p__Basidiomycota,c__Agaricomycetes,o__Agaricales,f__Cyphellaceae,g__Limnoperdon,s__Limnoperdon_sp,Limnoperdon_sp,UDB03081894,SH1234999.09FU,reps,k__Fungi,OTU2086.p__Basidiomycota.g__Limnoperdon
2009,OTU2087,264,1,204,456,253,456,77,377,3.65e-104,100,p__Ascomycota,c__Dothideomycetes,o__Pleosporales,f__Sporormiaceae,g__Preussia,s__Preussia_globosa,Preussia_globosa,KY260681,SH0988285.09FU,reps,k__Fungi,OTU2087.p__Ascomycota.g__Preussia
2010,OTU2088,325,1,265,536,271,536,82,473,5.65e-133,98.872,p__Basidiomycota,c__Agaricomycetes,o__Sebacinales,f__Sebacinaceae,g__Chaetospermum,s__Chaetospermum_chaetosporum,Chaetospermum_chaetosporum,KJ710461,SH0937640.09FU,refs,k__Fungi,OTU2088.p__Basidiomycota.g__Chaetospermum
2011,OTU2089,282,1,221,579,358,579,78,381,3.04e-105,97.748,p__Ascomycota,c__Eurotiomycetes,o__Chaetothyriales,f__Trichomeriaceae,g__Trichomerium,s__Trichomerium_camporesii,Trichomerium_camporesii,MN644590,SH1996694.09FU,refs_singleton,k__Fungi,OTU2089.p__Ascomycota.g__Trichomerium
2012,OTU2090,315,1,249,576,322,569,79,425,1.55e-118,97.59,p__Basidiomycota,c__Agaricomycetes,o__Hymenochaetales,f__Schizoporaceae,g__Schizoporaceae_gen_Incertae_sedis,s__Schizoporaceae_sp,Schizoporaceae_sp,UDB0569517,SH1215125.09FU,reps,k__Fungi,OTU2090.p__Basidiomycota.g__Schizoporaceae_gen_Incertae_sedis
2013,OTU2091,282,1,221,530,309,530,78,398,3.01e-110,99.099,p__Ascomycota,c__Pezizomycetes,o__Pezizales,f__Pyronemataceae,g__Pyronemataceae_gen_Incertae_sedis,s__Pyronemataceae_sp,Pyronemataceae_sp,UDB01872611,SH1289722.09FU,reps,k__Fungi,OTU2091.p__Ascomycota.g__Pyronemataceae_gen_Incertae_sedis
2014,OTU2093,262,1,201,484,282,484,77,351,2.2e-96,98.03,p__Ascomycota,c__Ascomycota_cls_Incertae_sedis,o__Ascomycota_ord_Incertae_sedis,f__Ascomycota_fam_Incertae_sedis,g__Ascomycota_gen_Incertae_sedis,s__Ascomycota_sp,Ascomycota_sp,UDB05490140,SH0956326.09FU,reps,k__Fungi,OTU2093.p__Ascomycota.g__Ascomycota_gen_Incertae_sedis
2015,OTU2094,312,1,252,454,203,454,81,455,1.96e-127,99.206,p__Glomeromycota,c__Glomeromycetes,o__Diversisporales,f__Diversisporaceae,g__Diversisporaceae_gen_Incertae_sedis,s__Diversisporaceae_sp,Diversisporaceae_sp,UDB0350499,SH0981035.09FU,reps,k__Fungi,OTU2094.p__Glomeromycota.g__Diversisporaceae_gen_Incertae_sedis
2016,OTU2095,332,285,330,1125,57,12,14,69.4,3.19e-11,93.478,p__Ascomycota,c__Sordariomycetes,o__Hypocreales,f__Nectriaceae,g__Fusarium,s__Fusarium_oxysporum,Fusarium_oxysporum,UDB041458,SH1099032.09FU,reps,k__Fungi,OTU2095.p__Ascomycota.g__Fusarium
2017,OTU2096,350,315,345,581,496,527,9,52.8,3.4e-06,96.875,p__Ascomycota,c__Leotiomycetes,o__Helotiales,f__Dermateaceae,g__Pezicula,s__Pezicula_radicicola,Pezicula_radicicola,FJ179465,SH0975489.09FU,reps,k__Fungi,OTU2096.p__Ascomycota.g__Pezicula
2018,OTU2097,271,1,211,474,264,474,78,368,2.26e-101,98.104,p__Ascomycota,c__Sordariomycetes,o__Sordariales,f__Chaetomiaceae,g__Chaetomium,s__Chaetomium_sp,Chaetomium_sp,UDB0226295,SH0952027.09FU,reps,k__Fungi,OTU2097.p__Ascomycota.g__Chaetomium
2019,OTU2098,405,368,403,758,510,545,9,67.6,1.42e-10,100,p__Basidiomycota,c__Agaricomycetes,o__Auriculariales,f__Auriculariales_fam_Incertae_sedis,g__Auriculariales_gen_Incertae_sedis,s__Auriculariales_sp,Auriculariales_sp,JQ272342,SH0954825.09FU,reps,k__Fungi,OTU2098.p__Basidiomycota.g__Auriculariales_gen_Incertae_sedis
2020,OTU2099,266,1,222,484,264,484,83,381,2.85e-105,97.748,p__Ascomycota,c__Sordariomycetes,o__Sordariales,f__Podosporaceae,g__Triangularia,s__Triangularia_longicaudata,Triangularia_longicaudata,MH857710,SH0945474.09FU,refs,k__Fungi,OTU2099.p__Ascomycota.g__Triangularia
2021,OTU2100,311,1,251,520,269,520,81,392,1.55e-108,94.841,p__Olpidiomycota,c__Olpidiomycota_cls_Incertae_sedis,o__Olpidiomycota_ord_Incertae_sedis,f__Olpidiomycota_fam_Incertae_sedis,g__Olpidiomycota_gen_Incertae_sedis,s__Olpidiomycota_sp,Olpidiomycota_sp,UDB02414973,SH0959308.09FU,reps,k__Fungi,OTU2100.p__Olpidiomycota.g__Olpidiomycota_gen_Incertae_sedis
2022,OTU2101,381,1,321,597,277,597,84,566,1.08e-160,98.442,p__Basidiobolomycota,c__Basidiobolomycetes,o__Basidiobolales,f__Basidiobolaceae,g__Basidiobolus,s__Basidiobolus_magnus,Basidiobolus_magnus,EF392534,SH1250545.09FU,refs,k__Fungi,OTU2101.p__Basidiobolomycota.g__Basidiobolus
2023,OTU2102,311,1,250,519,270,519,80,424,5.5e-118,97.211,p__Basidiomycota,c__Agaricomycetes,o__Auriculariales,f__Auriculariaceae,g__Auricularia,s__Auricularia_sp,Auricularia_sp,UDB01465259,SH1090472.09FU,reps,k__Fungi,OTU2102.p__Basidiomycota.g__Auricularia
2024,OTU2103,230,152,222,461,307,237,31,82.4,2.75e-15,87.838,p__Ascomycota,c__Ascomycota_cls_Incertae_sedis,o__Ascomycota_ord_Incertae_sedis,f__Ascomycota_fam_Incertae_sedis,g__Ascomycota_gen_Incertae_sedis,s__Ascomycota_sp,Ascomycota_sp,UDB01377393,SH1148388.09FU,reps,k__Fungi,OTU2103.p__Ascomycota.g__Ascomycota_gen_Incertae_sedis
2025,OTU2104,324,287,322,758,510,545,11,67.6,1.12e-10,100,p__Basidiomycota,c__Agaricomycetes,o__Auriculariales,f__Auriculariales_fam_Incertae_sedis,g__Auriculariales_gen_Incertae_sedis,s__Auriculariales_sp,Auriculariales_sp,JQ272342,SH0954825.09FU,reps,k__Fungi,OTU2104.p__Basidiomycota.g__Auriculariales_gen_Incertae_sedis
2026,OTU2105,318,1,258,574,292,553,81,342,1.62e-93,90.494,p__Ascomycota,c__Sordariomycetes,o__Sordariomycetes_ord_Incertae_sedis,f__Sordariomycetes_fam_Incertae_sedis,g__Sordariomycetes_gen_Incertae_sedis,s__Sordariomycetes_sp,Sordariomycetes_sp,MF971994,SH1254874.09FU,reps,k__Fungi,OTU2105.p__Ascomycota.g__Sordariomycetes_gen_Incertae_sedis
2027,OTU2106,336,289,334,1125,57,12,14,69.4,3.23e-11,93.478,p__Ascomycota,c__Sordariomycetes,o__Hypocreales,f__Nectriaceae,g__Fusarium,s__Fusarium_oxysporum,Fusarium_oxysporum,UDB041458,SH1099032.09FU,reps,k__Fungi,OTU2106.p__Ascomycota.g__Fusarium
2028,OTU2107,363,316,361,1125,57,12,13,63.9,1.63e-09,91.304,p__Ascomycota,c__Sordariomycetes,o__Hypocreales,f__Nectriaceae,g__Fusarium,s__Fusarium_oxysporum,Fusarium_oxysporum,UDB041458,SH1099032.09FU,reps,k__Fungi,OTU2107.p__Ascomycota.g__Fusarium
2029,OTU2108,280,1,219,482,269,482,78,250,8.86e-66,87.727,p__Ascomycota,c__Dothideomycetes,o__Capnodiales,f__Capnodiales_fam_Incertae_sedis,g__Diatractium,s__Diatractium_sp,Diatractium_sp,UDB05121396,SH1192691.09FU,reps,k__Fungi,OTU2108.p__Ascomycota.g__Diatractium
2030,OTU2109,272,1,212,474,263,474,78,392,1.35e-108,100,p__Ascomycota,c__Dothideomycetes,o__Pleosporales,f__Phaeosphaeriaceae,g__Setophoma,s__Setophoma_yingyisheniae,Setophoma_yingyisheniae,MK511918,SH0905115.09FU,refs,k__Fungi,OTU2109.p__Ascomycota.g__Setophoma
2031,OTU2111,280,1,132,515,295,422,47,185,2.54e-46,92.424,p__Ascomycota,c__Eurotiomycetes,o__Onygenales,f__Gymnoascaceae,g__Gymnoascus,s__Gymnoascus_petalosporus,Gymnoascus_petalosporus,AB361639,SH1281029.09FU,reps,k__Fungi,OTU2111.p__Ascomycota.g__Gymnoascus
2032,OTU2112,265,1,193,447,248,434,73,241,5.02e-63,89.637,p__Ascomycota,c__Dothideomycetes,o__Mycosphaerellales,f__Mycosphaerellaceae,g__Xenosonderhenia,s__Xenosonderhenia_syzygii,Xenosonderhenia_syzygii,JX069872,SH1491434.09FU,refs_singleton,k__Fungi,OTU2112.p__Ascomycota.g__Xenosonderhenia
2033,OTU2114,274,1,214,476,262,476,78,346,1.07e-94,95.853,p__Ascomycota,c__Dothideomycetes,o__Capnodiales,f__Dissoconiaceae,g__Ramichloridium,s__Ramichloridium_eucleae,Ramichloridium_eucleae,KJ869155,SH1694702.09FU,refs_singleton,k__Fungi,OTU2114.p__Ascomycota.g__Ramichloridium
2034,OTU2115,273,1,212,468,257,468,78,381,2.93e-105,99.057,p__Ascomycota,c__Sordariomycetes,o__Xylariales,f__Coniocessiaceae,g__Coniocessia,s__Coniocessia_sp,Coniocessia_sp,UDB04071730,SH1026183.09FU,reps,k__Fungi,OTU2115.p__Ascomycota.g__Coniocessia
2035,OTU2116,284,1,224,549,326,549,79,398,3.04e-110,98.661,p__Ascomycota,c__Eurotiomycetes,o__Onygenales,f__Onygenaceae,g__Keratinophyton,s__Keratinophyton_hubeiense,Keratinophyton_hubeiense,KJ849227,SH1237762.09FU,refs,k__Fungi,OTU2116.p__Ascomycota.g__Keratinophyton
2036,OTU2117,305,1,245,452,208,452,80,442,1.49e-123,99.184,p__Glomeromycota,c__Glomeromycetes,o__Glomerales,f__Glomeraceae,g__Glomeraceae_gen_Incertae_sedis,s__Glomeraceae_sp,Glomeraceae_sp,HG425898,SH1310074.09FU,reps,k__Fungi,OTU2117.p__Glomeromycota.g__Glomeraceae_gen_Incertae_sedis
2037,OTU2118,416,1,96,736,391,486,23,167,1.4e-40,97.917,p__Fungi_phy_Incertae_sedis,c__Fungi_cls_Incertae_sedis,o__Fungi_ord_Incertae_sedis,f__Fungi_fam_Incertae_sedis,g__Fungi_gen_Incertae_sedis,s__Fungi_sp,Fungi_sp,UDB093676,SH1112698.09FU,reps,k__Fungi,OTU2118.p__Fungi_phy_Incertae_sedis.g__Fungi_gen_Incertae_sedis
2038,OTU2119,272,1,220,499,277,496,81,385,2.26e-106,98.19,p__Ascomycota,c__Sordariomycetes,o__Sordariales,f__Podosporaceae,g__Cladorrhinum,s__Cladorrhinum_australe,Cladorrhinum_australe,KT321062,SH0945292.09FU,refs,k__Fungi,OTU2119.p__Ascomycota.g__Cladorrhinum
2039,OTU2120,354,1,352,849,782,431,99,612,1.26e-174,98.011,p__Ascomycota,c__GS35,o__GS35_ord_Incertae_sedis,f__GS35_fam_Incertae_sedis,g__GS35_gen_Incertae_sedis,s__GS35_sp,GS35_sp,UDB097091,SH1322839.09FU,reps,k__Fungi,OTU2120.p__Ascomycota.g__GS35_gen_Incertae_sedis
2040,OTU2121,265,1,147,470,271,416,55,187,6.64e-47,89.865,p__Ascomycota,c__Dothideomycetes,o__Mycosphaerellales,f__Mycosphaerellaceae,g__Stomiopeltis,s__Stomiopeltis_syzygii,Stomiopeltis_syzygii,MN562119,SH1699911.09FU,refs_singleton,k__Fungi,OTU2121.p__Ascomycota.g__Stomiopeltis
2041,OTU2122,355,308,353,1125,57,12,13,69.4,3.43e-11,93.478,p__Ascomycota,c__Sordariomycetes,o__Hypocreales,f__Nectriaceae,g__Fusarium,s__Fusarium_oxysporum,Fusarium_oxysporum,UDB041458,SH1099032.09FU,reps,k__Fungi,OTU2122.p__Ascomycota.g__Fusarium
2042,OTU2123,309,58,300,466,466,223,79,416,9.14e-116,97.541,p__Ascomycota,c__Sordariomycetes,o__Glomerellales,f__Plectosphaerellaceae,g__Plectosphaerella,s__Plectosphaerella_slobbergiarum,Plectosphaerella_slobbergiarum,MW883443,SH3177798.09FU,refs,k__Fungi,OTU2123.p__Ascomycota.g__Plectosphaerella
2043,OTU2125,278,1,238,537,298,530,86,296,1.11e-79,89.496,p__Ascomycota,c__Eurotiomycetes,o__Chaetothyriales,f__Chaetothyriaceae,g__Longihyalospora,s__Longihyalospora_ampeli,Longihyalospora_ampeli,MN219716,SH1158568.09FU,refs,k__Fungi,OTU2125.p__Ascomycota.g__Longihyalospora
2044,OTU2126,323,1,263,520,258,520,81,475,1.56e-133,99.24,p__Basidiomycota,c__Microbotryomycetes,o__Sporidiobolales,f__Sporidiobolaceae,g__Rhodosporidiobolus,s__Rhodosporidiobolus_odoratus,Rhodosporidiobolus_odoratus,KJ778638,SH1008727.09FU,refs,k__Fungi,OTU2126.p__Basidiomycota.g__Rhodosporidiobolus
2045,OTU2127,343,1,207,583,311,516,60,215,4.01e-55,85.714,p__Basidiomycota,c__Agaricomycetes,o__Cantharellales,f__Hydnaceae,g__Multiclavula,s__Multiclavula_mucida,Multiclavula_mucida,UDB023581,SH1159971.09FU,refs,k__Fungi,OTU2127.p__Basidiomycota.g__Multiclavula
2046,OTU2128,292,1,232,471,240,471,79,412,1.11e-114,98.707,p__Basidiomycota,c__Tremellomycetes,o__Tremellales,f__Trimorphomycetaceae,g__Trimorphomycetaceae_gen_Incertae_sedis,s__Trimorphomycetaceae_sp,Trimorphomycetaceae_sp,UDB06653389,SH0999673.09FU,reps,k__Fungi,OTU2128.p__Basidiomycota.g__Trimorphomycetaceae_gen_Incertae_sedis
2047,OTU2129,441,174,379,840,634,839,62,348,4.96e-95,97.087,p__Chytridiomycota,c__Rhizophlyctidomycetes,o__Rhizophlyctidales,f__Rhizophlyctidales_fam_Incertae_sedis,g__Rhizophlyctidales_gen_Incertae_sedis,s__Rhizophlyctidales_sp,Rhizophlyctidales_sp,UDB06401028,SH1320417.09FU,reps,k__Fungi,OTU2129.p__Chytridiomycota.g__Rhizophlyctidales_gen_Incertae_sedis
2048,OTU2130,289,1,229,468,240,468,79,424,5.08e-118,100,p__Ascomycota,c__Sordariomycetes,o__Hypocreales,f__Tilachlidiaceae,g__Tilachlidium,s__Tilachlidium_brachiatum,Tilachlidium_brachiatum,KJ882910,SH1079638.09FU,reps,k__Fungi,OTU2130.p__Ascomycota.g__Tilachlidium
2049,OTU2131,324,1,264,674,398,674,81,228,4.84e-59,82.5,p__Basidiomycota,c__Tritirachiomycetes,o__Tritirachiales,f__Tritirachiaceae,g__Tritirachium,s__Tritirachium_oryzae,Tritirachium_oryzae,MK028996,SH1108272.09FU,reps,k__Fungi,OTU2131.p__Basidiomycota.g__Tritirachium
2050,OTU2132,340,1,262,565,290,549,77,294,4.96e-79,87.266,p__Ascomycota,c__Ascomycota_cls_Incertae_sedis,o__Ascomycota_ord_Incertae_sedis,f__Ascomycota_fam_Incertae_sedis,g__Ascomycota_gen_Incertae_sedis,s__Ascomycota_sp,Ascomycota_sp,UDB01404727,SH1120372.09FU,reps,k__Fungi,OTU2132.p__Ascomycota.g__Ascomycota_gen_Incertae_sedis
2051,OTU2133,174,1,166,437,375,210,95,302,1.41e-81,99.398,p__Ascomycota,c__Dothideomycetes,o__Pleosporales,f__Didymosphaeriaceae,g__Pseudopithomyces,s__Pseudopithomyces_rosae,Pseudopithomyces_rosae,MG828953,SH1291829.09FU,refs,k__Fungi,OTU2133.p__Ascomycota.g__Pseudopithomyces
2052,OTU2134,327,1,267,628,362,628,82,488,2.03e-137,99.625,p__Basidiomycota,c__Agaricomycetes,o__Agaricales,f__Lycoperdaceae,g__Calvatia,s__Calvatia_gigantea,Calvatia_gigantea,DQ112623,SH0948438.09FU,refs,k__Fungi,OTU2134.p__Basidiomycota.g__Calvatia
2053,OTU2135,254,1,194,438,244,438,76,331,2.76e-90,97.436,p__Basidiomycota,c__Tremellomycetes,o__Tremellales,f__Bulleribasidiaceae,g__Vishniacozyma,s__Vishniacozyma_taibaiensis,Vishniacozyma_taibaiensis,AY557601,SH0994231.09FU,refs,k__Fungi,OTU2135.p__Basidiomycota.g__Vishniacozyma
2054,OTU2136,283,1,224,485,262,485,79,414,3.01e-115,100,p__Ascomycota,c__Sordariomycetes,o__Microascales,f__Microascaceae,g__Pseudallescheria,s__Pseudallescheria_fimeti,Pseudallescheria_fimeti,AY879799,SH0936439.09FU,refs,k__Fungi,OTU2136.p__Ascomycota.g__Pseudallescheria
2055,OTU2137,310,1,248,454,202,454,80,390,5.56e-108,94.862,p__Glomeromycota,c__Glomeromycetes,o__Glomerales,f__Glomeraceae,g__Glomeraceae_gen_Incertae_sedis,s__Glomeraceae_sp,Glomeraceae_sp,UDB03128229,SH1035519.09FU,reps,k__Fungi,OTU2137.p__Glomeromycota.g__Glomeraceae_gen_Incertae_sedis
2056,OTU2138,340,1,174,607,336,509,51,161,5.25e-39,83.708,p__Ascomycota,c__Lecanoromycetes,o__Ostropales,f__Gomphillaceae,g__Corticifraga,s__Corticifraga_sp,Corticifraga_sp,UDB04207151,SH1143238.09FU,reps,k__Fungi,OTU2138.p__Ascomycota.g__Corticifraga
2057,OTU2139,288,1,228,502,275,502,79,416,8.52e-116,99.561,p__Ascomycota,c__Eurotiomycetes,o__Eurotiales,f__Aspergillaceae,g__Talaromyces,s__Talaromyces_radicus,Talaromyces_radicus,KC920844,SH1286650.09FU,reps,k__Fungi,OTU2139.p__Ascomycota.g__Talaromyces
2058,OTU2140,363,1,275,544,254,523,76,442,1.8e-123,96.014,p__Mortierellomycota,c__Mortierellomycetes,o__Mortierellales,f__Mortierellaceae,g__Mortierellaceae_gen_Incertae_sedis,s__Mortierellaceae_sp,Mortierellaceae_sp,MH487572,SH1299165.09FU,reps,k__Fungi,OTU2140.p__Mortierellomycota.g__Mortierellaceae_gen_Incertae_sedis
2059,OTU2141,284,1,241,598,355,598,85,309,1.46e-83,89.837,p__Ascomycota,c__Eurotiomycetes,o__Chaetothyriales,f__Trichomeriaceae,g__Trichomerium,s__Trichomerium_lapideum,Trichomerium_lapideum,KP174850,SH1253658.09FU,refs,k__Fungi,OTU2141.p__Ascomycota.g__Trichomerium
2060,OTU2142,305,1,262,598,355,598,86,279,1.23e-74,87.218,p__Ascomycota,c__Eurotiomycetes,o__Chaetothyriales,f__Trichomeriaceae,g__Trichomerium,s__Trichomerium_lapideum,Trichomerium_lapideum,KP174850,SH1253658.09FU,refs,k__Fungi,OTU2142.p__Ascomycota.g__Trichomerium
2061,OTU2143,308,40,300,464,462,204,85,464,3.21e-130,98.851,p__Ascomycota,c__Sordariomycetes,o__Glomerellales,f__Plectosphaerellaceae,g__Gibellulopsis,s__Gibellulopsis_piscis,Gibellulopsis_piscis,DQ825985,SH0941075.09FU,refs,k__Fungi,OTU2143.p__Ascomycota.g__Gibellulopsis
2062,OTU2144,298,251,296,1125,57,12,15,69.4,2.84e-11,93.478,p__Ascomycota,c__Sordariomycetes,o__Hypocreales,f__Nectriaceae,g__Fusarium,s__Fusarium_oxysporum,Fusarium_oxysporum,UDB041458,SH1099032.09FU,reps,k__Fungi,OTU2144.p__Ascomycota.g__Fusarium
2063,OTU2145,356,317,354,1125,49,12,11,65.8,4.45e-10,97.368,p__Ascomycota,c__Sordariomycetes,o__Hypocreales,f__Nectriaceae,g__Fusarium,s__Fusarium_oxysporum,Fusarium_oxysporum,UDB041458,SH1099032.09FU,reps,k__Fungi,OTU2145.p__Ascomycota.g__Fusarium
2064,OTU2146,270,1,209,482,274,482,77,348,2.94e-95,96.651,p__Ascomycota,c__Dothideomycetes,o__Pleosporales,f__Pleosporales_fam_Incertae_sedis,g__Pleosporales_gen_Incertae_sedis,s__Pleosporales_sp,Pleosporales_sp,UDB05007498,SH0958199.09FU,reps,k__Fungi,OTU2146.p__Ascomycota.g__Pleosporales_gen_Incertae_sedis
2065,OTU2147,349,312,347,758,510,545,10,67.6,1.21e-10,100,p__Basidiomycota,c__Agaricomycetes,o__Auriculariales,f__Auriculariales_fam_Incertae_sedis,g__Auriculariales_gen_Incertae_sedis,s__Auriculariales_sp,Auriculariales_sp,JQ272342,SH0954825.09FU,reps,k__Fungi,OTU2147.p__Basidiomycota.g__Auriculariales_gen_Incertae_sedis
2066,OTU2148,352,1,268,540,249,511,76,351,3.01e-96,90.741,p__Basidiomycota,c__Cystobasidiomycetes,o__Erythrobasidiales,f__Erythrobasidiaceae,g__Erythrobasidium,s__Erythrobasidium_elongatum,Erythrobasidium_elongatum,AF444561,SH1067786.09FU,refs,k__Fungi,OTU2148.p__Basidiomycota.g__Erythrobasidium
2067,OTU2149,300,1,237,500,259,498,79,335,2.55e-91,92.149,p__Basidiomycota,c__Basidiomycota_cls_Incertae_sedis,o__Basidiomycota_ord_Incertae_sedis,f__Basidiomycota_fam_Incertae_sedis,g__Basidiomycota_gen_Incertae_sedis,s__Basidiomycota_sp,Basidiomycota_sp,KJ156987,SH0986322.09FU,reps,k__Fungi,OTU2149.p__Basidiomycota.g__Basidiomycota_gen_Incertae_sedis
2068,OTU2150,286,1,206,607,382,589,72,289,1.92e-77,91.866,p__Ascomycota,c__Eurotiomycetes,o__Chaetothyriales,f__Chaetothyriales_fam_Incertae_sedis,g__Chaetothyriales_gen_Incertae_sedis,s__Chaetothyriales_sp,Chaetothyriales_sp,UDB01785155,SH1326670.09FU,reps,k__Fungi,OTU2150.p__Ascomycota.g__Chaetothyriales_gen_Incertae_sedis
2069,OTU2151,260,1,200,447,248,447,77,326,1.32e-88,96,p__Ascomycota,c__Dothideomycetes,o__Mycosphaerellales,f__Mycosphaerellaceae,g__Xenosonderhenia,s__Xenosonderhenia_syzygii,Xenosonderhenia_syzygii,JX069872,SH1491434.09FU,refs_singleton,k__Fungi,OTU2151.p__Ascomycota.g__Xenosonderhenia
2070,OTU2152,338,299,336,1125,49,12,11,65.8,4.21e-10,97.368,p__Ascomycota,c__Sordariomycetes,o__Hypocreales,f__Nectriaceae,g__Fusarium,s__Fusarium_oxysporum,Fusarium_oxysporum,UDB041458,SH1099032.09FU,reps,k__Fungi,OTU2152.p__Ascomycota.g__Fusarium
2071,OTU2153,260,1,199,387,189,387,77,363,1.01e-99,99.497,p__Ascomycota,c__Pezizomycotina_cls_Incertae_sedis,o__Pezizomycotina_ord_Incertae_sedis,f__Pezizomycotina_fam_Incertae_sedis,g__Pezizomycotina_gen_Incertae_sedis,s__Pezizomycotina_sp,Pezizomycotina_sp,UDB04350093,SH1055076.09FU,reps,k__Fungi,OTU2153.p__Ascomycota.g__Pezizomycotina_gen_Incertae_sedis
2072,OTU2154,256,1,195,484,290,484,76,355,1.65e-97,99.487,p__Ascomycota,c__Dothideomycetes,o__Pleosporales,f__Pleosporaceae,g__Comoclathris,s__Comoclathris_sp,Comoclathris_sp,UDB04058130,SH1080216.09FU,reps,k__Fungi,OTU2154.p__Ascomycota.g__Comoclathris
2073,OTU2156,324,57,316,517,517,258,80,448,3.41e-125,97.692,p__Ascomycota,c__Sordariomycetes,o__Microascales,f__Microascaceae,g__Cephalotrichum,s__Cephalotrichum_stemonitis,Cephalotrichum_stemonitis,LN850951,SH1070194.09FU,refs,k__Fungi,OTU2156.p__Ascomycota.g__Cephalotrichum
2074,OTU2157,338,299,336,758,508,545,11,65.8,4.21e-10,97.368,p__Basidiomycota,c__Agaricomycetes,o__Auriculariales,f__Auriculariales_fam_Incertae_sedis,g__Auriculariales_gen_Incertae_sedis,s__Auriculariales_sp,Auriculariales_sp,JQ272342,SH0954825.09FU,reps,k__Fungi,OTU2157.p__Basidiomycota.g__Auriculariales_gen_Incertae_sedis
2075,OTU2158,296,1,235,602,370,602,79,333,9.04e-91,92.34,p__Ascomycota,c__Pezizomycetes,o__Pezizales,f__Pezizales_fam_Incertae_sedis,g__Pezizales_gen_Incertae_sedis,s__Pezizales_sp,Pezizales_sp,UDB04324966,SH1287762.09FU,reps,k__Fungi,OTU2158.p__Ascomycota.g__Pezizales_gen_Incertae_sedis
2076,OTU2159,353,306,351,1125,57,12,13,69.4,3.41e-11,93.478,p__Ascomycota,c__Sordariomycetes,o__Hypocreales,f__Nectriaceae,g__Fusarium,s__Fusarium_oxysporum,Fusarium_oxysporum,UDB041458,SH1099032.09FU,reps,k__Fungi,OTU2159.p__Ascomycota.g__Fusarium
2077,OTU2160,284,1,225,499,266,499,79,246,1.16e-64,86.667,p__Rozellomycota,c__Rozellomycota_cls_Incertae_sedis,o__Rozellomycota_ord_Incertae_sedis,f__Rozellomycota_fam_Incertae_sedis,g__Rozellomycota_gen_Incertae_sedis,s__Rozellomycota_sp,Rozellomycota_sp,UDB06708908,SH1122948.09FU,reps,k__Fungi,OTU2160.p__Rozellomycota.g__Rozellomycota_gen_Incertae_sedis
2078,OTU2161,338,1,277,519,242,519,82,462,1.28e-129,96.786,p__Ascomycota,c__Sordariomycetes,o__Lulworthiales,f__Lulworthiaceae,g__Lulworthiaceae_gen_Incertae_sedis,s__Lulworthiaceae_sp,Lulworthiaceae_sp,UDB03143774,SH0937563.09FU,reps,k__Fungi,OTU2161.p__Ascomycota.g__Lulworthiaceae_gen_Incertae_sedis
2079,OTU2162,274,1,213,422,211,422,78,375,1.37e-103,98.592,p__Basidiomycota,c__Tremellomycetes,o__Tremellales,f__Trimorphomycetaceae,g__Saitozyma,s__Saitozyma_sp,Saitozyma_sp,UDB06488803,SH1044954.09FU,reps,k__Fungi,OTU2162.p__Basidiomycota.g__Saitozyma
2080,OTU2163,295,1,234,535,302,535,79,422,1.87e-117,99.145,p__Ascomycota,c__Sordariomycetes,o__Hypocreales,f__Clavicipitaceae,g__Metarhizium,s__Metarhizium_sp,Metarhizium_sp,UDB03934036,SH0913204.09FU,reps,k__Fungi,OTU2163.p__Ascomycota.g__Metarhizium
2081,OTU2164,301,1,240,539,299,539,80,427,4.11e-119,98.755,p__Ascomycota,c__Eurotiomycetes,o__Chaetothyriales,f__Cyphellophoraceae,g__Cyphellophora,s__Cyphellophora_sp,Cyphellophora_sp,UDB04512190,SH1233307.09FU,reps,k__Fungi,OTU2164.p__Ascomycota.g__Cyphellophora
2082,OTU2165,293,1,220,528,302,518,75,315,3.24e-85,92.76,p__Ascomycota,c__Eurotiomycetes,o__Chaetothyriales,f__Chaetothyriaceae,g__Hermetothecium,s__Hermetothecium_mikaniae-micranthae,Hermetothecium_mikaniae-micranthae,MN537723,SH1129177.09FU,refs,k__Fungi,OTU2165.p__Ascomycota.g__Hermetothecium
2083,OTU2166,311,1,253,479,225,479,81,370,7.27e-102,92.969,p__Chytridiomycota,c__Rhizophydiomycetes,o__Rhizophydiales,f__Rhizophydiales_fam_Incertae_sedis,g__Rhizophydiales_gen_Incertae_sedis,s__Rhizophydiales_sp,Rhizophydiales_sp,UDB06462325,SH1102128.09FU,reps,k__Fungi,OTU2166.p__Chytridiomycota.g__Rhizophydiales_gen_Incertae_sedis
2084,OTU2167,321,285,319,758,511,545,11,65.8,3.98e-10,100,p__Basidiomycota,c__Agaricomycetes,o__Auriculariales,f__Auriculariales_fam_Incertae_sedis,g__Auriculariales_gen_Incertae_sedis,s__Auriculariales_sp,Auriculariales_sp,JQ272342,SH0954825.09FU,reps,k__Fungi,OTU2167.p__Basidiomycota.g__Auriculariales_gen_Incertae_sedis
2085,OTU2168,313,1,252,463,211,463,81,444,4.25e-124,98.419,p__Glomeromycota,c__Glomeromycetes,o__Glomerales,f__Glomeraceae,g__Glomeraceae_gen_Incertae_sedis,s__Glomeraceae_sp,Glomeraceae_sp,UDB03135838,SH0993466.09FU,reps,k__Fungi,OTU2168.p__Glomeromycota.g__Glomeraceae_gen_Incertae_sedis
2086,OTU2169,286,1,193,479,256,448,67,219,2.56e-56,87.31,p__Ascomycota,c__Eurotiomycetes,o__Chaetothyriales,f__Herpotrichiellaceae,g__Cladophialophora,s__Cladophialophora_sp,Cladophialophora_sp,UDB0344580,SH1073258.09FU,reps,k__Fungi,OTU2169.p__Ascomycota.g__Cladophialophora
2087,OTU2170,355,1,295,615,321,615,83,479,1.34e-134,95.946,p__Basidiomycota,c__Exobasidiomycetes,o__Tilletiales,f__Tilletiaceae,g__Tilletia,s__Tilletia_mactaggartii,Tilletia_mactaggartii,KF055227,SH1949546.09FU,refs_singleton,k__Fungi,OTU2170.p__Basidiomycota.g__Tilletia
2088,OTU2171,309,1,248,574,327,574,80,442,1.51e-123,98.79,p__Ascomycota,c__Eurotiomycetes,o__Chaetothyriales,f__Cyphellophoraceae,g__Cyphellophora,s__Cyphellophora_sp,Cyphellophora_sp,UDB04508214,SH1205939.09FU,reps,k__Fungi,OTU2171.p__Ascomycota.g__Cyphellophora
2089,OTU2172,287,1,218,478,243,464,76,307,5.33e-83,91.892,p__Ascomycota,c__Dothideomycetes,o__Mycosphaerellales,f__Phaeothecoidiellaceae,g__Translucidithyrium,s__Translucidithyrium_thailandicum,Translucidithyrium_thailandicum,MG993045,SH2105108.09FU,refs_singleton,k__Fungi,OTU2172.p__Ascomycota.g__Translucidithyrium
2090,OTU2173,263,1,210,483,273,483,80,377,3.64e-104,99.052,p__Ascomycota,c__Leotiomycetes,o__Thelebolales,f__Thelebolaceae,g__Thelebolus,s__Thelebolus_globosus,Thelebolus_globosus,DQ028268,SH0956600.09FU,refs,k__Fungi,OTU2173.p__Ascomycota.g__Thelebolus
2091,OTU2174,283,1,218,538,319,533,77,327,4.03e-89,94.064,p__Ascomycota,c__Eurotiomycetes,o__Chaetothyriales,f__Herpotrichiellaceae,g__Cladophialophora,s__Cladophialophora_sp,Cladophialophora_sp,UDB02842125,SH0889635.09FU,reps,k__Fungi,OTU2174.p__Ascomycota.g__Cladophialophora
2092,OTU2175,245,1,189,418,228,418,77,307,4.48e-83,95.812,p__Rozellomycota,c__Rozellomycota_cls_Incertae_sedis,o__Rozellomycota_ord_Incertae_sedis,f__Rozellomycota_fam_Incertae_sedis,g__Rozellomycota_gen_Incertae_sedis,s__Rozellomycota_sp,Rozellomycota_sp,UDB06748190,SH1048129.09FU,reps,k__Fungi,OTU2175.p__Rozellomycota.g__Rozellomycota_gen_Incertae_sedis
2093,OTU2176,308,1,247,588,342,588,80,451,2.5e-126,99.595,p__Basidiomycota,c__Agaricomycetes,o__Agaricales,f__Psathyrellaceae,g__Coprinellus,s__Coprinellus_sp,Coprinellus_sp,UDB04166080,SH1198907.09FU,reps,k__Fungi,OTU2176.p__Basidiomycota.g__Coprinellus
2094,OTU2177,394,316,386,461,307,237,18,71.3,1.07e-11,85.135,p__Ascomycota,c__Ascomycota_cls_Incertae_sedis,o__Ascomycota_ord_Incertae_sedis,f__Ascomycota_fam_Incertae_sedis,g__Ascomycota_gen_Incertae_sedis,s__Ascomycota_sp,Ascomycota_sp,UDB01377393,SH1148388.09FU,reps,k__Fungi,OTU2177.p__Ascomycota.g__Ascomycota_gen_Incertae_sedis
2095,OTU2178,339,292,337,1125,57,12,14,69.4,3.26e-11,93.478,p__Ascomycota,c__Sordariomycetes,o__Hypocreales,f__Nectriaceae,g__Fusarium,s__Fusarium_oxysporum,Fusarium_oxysporum,UDB041458,SH1099032.09FU,reps,k__Fungi,OTU2178.p__Ascomycota.g__Fusarium
2096,OTU2179,397,1,68,566,294,361,17,110,2.28e-23,95.652,p__Chytridiomycota,c__Rhizophydiomycetes,o__Rhizophydiales,f__Rhizophydiaceae,g__Rhizophydium,s__Rhizophydium_sp,Rhizophydium_sp,UDB06485375,SH1275274.09FU,reps,k__Fungi,OTU2179.p__Chytridiomycota.g__Rhizophydium
2097,OTU2180,287,1,227,483,257,483,79,414,3.05e-115,99.559,p__Ascomycota,c__Sordariomycetes,o__Hypocreales,f__Nectriaceae,g__Fusarium,s__Fusarium_croci,Fusarium_croci,LT746264,SH1699521.09FU,refs,k__Fungi,OTU2180.p__Ascomycota.g__Fusarium
2098,OTU2181,354,1,293,599,307,598,83,446,1.35e-124,94.237,p__Basidiomycota,c__Exobasidiomycetes,o__Tilletiales,f__Tilletiaceae,g__Tilletia,s__Tilletia_maclaganii,Tilletia_maclaganii,JF745116,SH1217939.09FU,reps,k__Fungi,OTU2181.p__Basidiomycota.g__Tilletia
2099,OTU2182,260,1,194,447,248,440,75,313,1.03e-84,95.876,p__Ascomycota,c__Dothideomycetes,o__Mycosphaerellales,f__Mycosphaerellaceae,g__Xenosonderhenia,s__Xenosonderhenia_syzygii,Xenosonderhenia_syzygii,JX069872,SH1491434.09FU,refs_singleton,k__Fungi,OTU2182.p__Ascomycota.g__Xenosonderhenia
2100,OTU2183,265,1,200,435,234,431,75,263,1.07e-69,90.547,p__Ascomycota,c__Saccharomycetes,o__Saccharomycetales,f__Trichomonascaceae,g__Blastobotrys,s__Blastobotrys_bombycis,Blastobotrys_bombycis,OL772657,SH1129727.09FU,refs,k__Fungi,OTU2183.p__Ascomycota.g__Blastobotrys
2101,OTU2184,361,1,299,690,392,690,83,409,1.81e-113,91.531,p__Basidiomycota,c__Agaricomycetes,o__Agaricales,f__Agaricales_fam_Incertae_sedis,g__Agaricales_gen_Incertae_sedis,s__Agaricales_sp,Agaricales_sp,UDB0896717,SH1158722.09FU,reps,k__Fungi,OTU2184.p__Basidiomycota.g__Agaricales_gen_Incertae_sedis
2102,OTU2185,345,1,284,797,512,797,82,372,2.26e-102,90.278,p__Rozellomycota,c__Rozellomycota_cls_Incertae_sedis,o__Rozellomycota_ord_Incertae_sedis,f__Rozellomycota_fam_Incertae_sedis,g__Rozellomycota_gen_Incertae_sedis,s__Rozellomycota_sp,Rozellomycota_sp,UDB06710453,SH1183181.09FU,reps,k__Fungi,OTU2185.p__Rozellomycota.g__Rozellomycota_gen_Incertae_sedis
2103,OTU2186,421,365,419,1125,66,12,13,69.4,4.11e-11,89.091,p__Ascomycota,c__Sordariomycetes,o__Hypocreales,f__Nectriaceae,g__Fusarium,s__Fusarium_oxysporum,Fusarium_oxysporum,UDB041458,SH1099032.09FU,reps,k__Fungi,OTU2186.p__Ascomycota.g__Fusarium
2104,OTU2187,300,57,292,515,515,280,79,436,6.8e-122,100,p__Ascomycota,c__Sordariomycetes,o__Sordariales,f__Sordariales_fam_Incertae_sedis,g__Papulaspora,s__Papulaspora_equi,Papulaspora_equi,JX280870,SH2520871.09FU,refs,k__Fungi,OTU2187.p__Ascomycota.g__Papulaspora
2105,OTU2188,316,1,267,575,317,575,84,370,7.4e-102,92.135,p__Ascomycota,c__Pezizomycetes,o__Pezizales,f__Pezizales_fam_Incertae_sedis,g__Pezizales_gen_Incertae_sedis,s__Pezizales_sp,Pezizales_sp,KF128875,SH1100501.09FU,reps,k__Fungi,OTU2188.p__Ascomycota.g__Pezizales_gen_Incertae_sedis
2106,OTU2189,314,1,255,462,206,462,81,446,1.19e-124,98.054,p__Glomeromycota,c__Glomeromycetes,o__Diversisporales,f__Diversisporaceae,g__Diversispora,s__Diversispora_epigaea,Diversispora_epigaea,JN685287,SH0981079.09FU,reps,k__Fungi,OTU2189.p__Glomeromycota.g__Diversispora
2107,OTU2190,363,316,361,1125,57,12,13,69.4,3.51e-11,93.478,p__Ascomycota,c__Sordariomycetes,o__Hypocreales,f__Nectriaceae,g__Fusarium,s__Fusarium_oxysporum,Fusarium_oxysporum,UDB041458,SH1099032.09FU,reps,k__Fungi,OTU2190.p__Ascomycota.g__Fusarium
2108,OTU2191,353,274,345,525,335,265,20,76.8,2.04e-13,86.667,p__Ascomycota,c__Ascomycota_cls_Incertae_sedis,o__Ascomycota_ord_Incertae_sedis,f__Ascomycota_fam_Incertae_sedis,g__Ascomycota_gen_Incertae_sedis,s__Ascomycota_sp,Ascomycota_sp,UDB01399151,SH0913164.09FU,reps,k__Fungi,OTU2191.p__Ascomycota.g__Ascomycota_gen_Incertae_sedis
2109,OTU2192,348,291,343,581,474,527,15,60.2,2.02e-08,87.037,p__Ascomycota,c__Leotiomycetes,o__Helotiales,f__Dermateaceae,g__Pezicula,s__Pezicula_radicicola,Pezicula_radicicola,FJ179465,SH0975489.09FU,reps,k__Fungi,OTU2192.p__Ascomycota.g__Pezicula
2110,OTU2194,227,1,92,403,223,313,41,91.6,4.51e-18,84.946,p__Ascomycota,c__Archaeorhizomycetes,o__Archaeorhizomycetales,f__Archaeorhizomycetales_fam_Incertae_sedis,g__Archaeorhizomycetales_gen_Incertae_sedis,s__Archaeorhizomycetales_sp,Archaeorhizomycetales_sp,UDB0755028,SH1048937.09FU,reps,k__Fungi,OTU2194.p__Ascomycota.g__Archaeorhizomycetales_gen_Incertae_sedis
2111,OTU2196,412,1,351,628,281,628,85,540,7.09e-153,94.602,p__Chytridiomycota,c__GS13,o__GS13_ord_Incertae_sedis,f__GS13_fam_Incertae_sedis,g__GS13_gen_Incertae_sedis,s__GS13_sp,GS13_sp,UDB02392986,SH1265387.09FU,reps,k__Fungi,OTU2196.p__Chytridiomycota.g__GS13_gen_Incertae_sedis
2112,OTU2197,360,315,358,1125,55,12,12,65.8,4.5e-10,93.182,p__Ascomycota,c__Sordariomycetes,o__Hypocreales,f__Nectriaceae,g__Fusarium,s__Fusarium_oxysporum,Fusarium_oxysporum,UDB041458,SH1099032.09FU,reps,k__Fungi,OTU2197.p__Ascomycota.g__Fusarium
2113,OTU2198,359,1,317,606,290,606,88,569,7.8e-162,99.057,p__Mortierellomycota,c__Mortierellomycetes,o__Mortierellales,f__Mortierellaceae,g__Mortierella,s__Mortierella_capitata,Mortierella_capitata,JX975923,SH1213077.09FU,refs,k__Fungi,OTU2198.p__Mortierellomycota.g__Mortierella
2114,OTU2199,302,1,242,458,219,458,80,390,5.41e-108,95.885,p__Basidiomycota,c__Tremellomycetes,o__Tremellales,f__Rhynchogastremataceae,g__Papiliotrema,s__Papiliotrema_mangalensis,Papiliotrema_mangalensis,FJ008052,SH0960174.09FU,refs,k__Fungi,OTU2199.p__Basidiomycota.g__Papiliotrema
2115,OTU2200,290,1,230,505,278,505,79,390,5.17e-108,97.403,p__Ascomycota,c__Sordariomycetes,o__Magnaporthales,f__Magnaporthaceae,g__Slopeiomyces,s__Slopeiomyces_cylindrosporus,Slopeiomyces_cylindrosporus,JX134667,SH0933250.09FU,refs,k__Fungi,OTU2200.p__Ascomycota.g__Slopeiomyces
2116,OTU2202,286,1,225,538,312,538,79,368,2.4e-101,96.035,p__Basidiomycota,c__Agaricomycetes,o__Agaricomycetes_ord_Incertae_sedis,f__Agaricomycetes_fam_Incertae_sedis,g__Agaricomycetes_gen_Incertae_sedis,s__Agaricomycetes_sp,Agaricomycetes_sp,UDB0948898,SH0903800.09FU,reps,k__Fungi,OTU2202.p__Basidiomycota.g__Agaricomycetes_gen_Incertae_sedis
2117,OTU2203,338,301,336,758,510,545,11,67.6,1.17e-10,100,p__Basidiomycota,c__Agaricomycetes,o__Auriculariales,f__Auriculariales_fam_Incertae_sedis,g__Auriculariales_gen_Incertae_sedis,s__Auriculariales_sp,Auriculariales_sp,JQ272342,SH0954825.09FU,reps,k__Fungi,OTU2203.p__Basidiomycota.g__Auriculariales_gen_Incertae_sedis
2118,OTU2204,242,1,132,395,216,352,55,121,6.17e-27,83.453,p__Basidiomycota,c__Tremellomycetes,o__Tremellales,f__Bulleribasidiaceae,g__Bulleribasidium,s__Bulleribasidium_siamense,Bulleribasidium_siamense,AY188389,SH1678771.09FU,refs_singleton,k__Fungi,OTU2204.p__Basidiomycota.g__Bulleribasidium
2119,OTU2205,321,265,316,581,475,527,16,52.8,3.1e-06,84.906,p__Ascomycota,c__Leotiomycetes,o__Helotiales,f__Dermateaceae,g__Pezicula,s__Pezicula_radicicola,Pezicula_radicicola,FJ179465,SH0975489.09FU,reps,k__Fungi,OTU2205.p__Ascomycota.g__Pezicula
2120,OTU2206,289,1,228,552,324,552,79,383,8.62e-106,96.943,p__Ascomycota,c__Eurotiomycetes,o__Eurotiomycetes_ord_Incertae_sedis,f__Eurotiomycetes_fam_Incertae_sedis,g__Eurotiomycetes_gen_Incertae_sedis,s__Eurotiomycetes_sp,Eurotiomycetes_sp,UDB01946566,SH1321952.09FU,reps,k__Fungi,OTU2206.p__Ascomycota.g__Eurotiomycetes_gen_Incertae_sedis
2121,OTU2207,352,305,350,1125,57,12,13,69.4,3.4e-11,93.478,p__Ascomycota,c__Sordariomycetes,o__Hypocreales,f__Nectriaceae,g__Fusarium,s__Fusarium_oxysporum,Fusarium_oxysporum,UDB041458,SH1099032.09FU,reps,k__Fungi,OTU2207.p__Ascomycota.g__Fusarium
2122,OTU2208,231,176,229,943,63,10,23,78.7,3.58e-14,92.593,p__Basidiomycota,c__Agaricomycetes,o__Agaricales,f__Inocybaceae,g__Inocybe,s__Inocybe_sp,Inocybe_sp,UDB0125874,SH1322845.09FU,reps,k__Fungi,OTU2208.p__Basidiomycota.g__Inocybe
2123,OTU2209,302,1,241,553,313,553,80,418,2.48e-116,97.925,p__Ascomycota,c__Dothideomycetes,o__Pleosporales,f__Lentitheciaceae,g__Setoseptoria,s__Setoseptoria_arundelensis,Setoseptoria_arundelensis,MG828962,SH1005062.09FU,refs,k__Fungi,OTU2209.p__Ascomycota.g__Setoseptoria
2124,OTU2210,319,1,258,492,241,492,81,377,4.47e-104,93.411,p__Basidiomycota,c__Agaricomycetes,o__Thelephorales,f__Thelephorales_fam_Incertae_sedis,g__Thelephorales_gen_Incertae_sedis,s__Thelephorales_sp,Thelephorales_sp,UDB05526983,SH0963533.09FU,reps,k__Fungi,OTU2210.p__Basidiomycota.g__Thelephorales_gen_Incertae_sedis
2125,OTU2211,361,322,359,758,508,545,11,71.3,9.7e-12,100,p__Basidiomycota,c__Agaricomycetes,o__Auriculariales,f__Auriculariales_fam_Incertae_sedis,g__Auriculariales_gen_Incertae_sedis,s__Auriculariales_sp,Auriculariales_sp,JQ272342,SH0954825.09FU,reps,k__Fungi,OTU2211.p__Basidiomycota.g__Auriculariales_gen_Incertae_sedis
2126,OTU2212,266,1,205,485,279,485,77,337,6.25e-92,96.135,p__Ascomycota,c__Sareomycetes,o__Sareales,f__Sareaceae,g__Sareaceae_gen_Incertae_sedis,s__Sareaceae_sp,Sareaceae_sp,UDB06553280,SH0969467.09FU,reps,k__Fungi,OTU2212.p__Ascomycota.g__Sareaceae_gen_Incertae_sedis
2127,OTU2213,307,1,242,530,287,528,79,431,3.24e-120,98.765,p__Ascomycota,c__Dothideomycetes,o__Pleosporales,f__Pleosporales_fam_Incertae_sedis,g__Pleosporales_gen_Incertae_sedis,s__Pleosporales_sp,Pleosporales_sp,UDB05024061,SH0919670.09FU,reps,k__Fungi,OTU2213.p__Ascomycota.g__Pleosporales_gen_Incertae_sedis
2128,OTU2214,308,1,207,499,279,482,67,279,1.25e-74,91.304,p__Ascomycota,c__Sordariomycetes,o__Microascales,f__Halosphaeriaceae,g__Halosphaeriaceae_gen_Incertae_sedis,s__Halosphaeriaceae_sp,Halosphaeriaceae_sp,UDB03252579,SH1091214.09FU,reps,k__Fungi,OTU2214.p__Ascomycota.g__Halosphaeriaceae_gen_Incertae_sedis
2129,OTU2215,284,1,223,510,290,510,79,372,1.84e-102,96.861,p__Ascomycota,c__Eurotiomycetes,o__Eurotiales,f__Aspergillaceae,g__Talaromyces,s__Talaromyces_diversus,Talaromyces_diversus,KJ865740,SH1288255.09FU,refs,k__Fungi,OTU2215.p__Ascomycota.g__Talaromyces
2130,OTU2216,247,1,191,418,228,418,77,353,5.72e-97,100,p__Rozellomycota,c__Rozellomycota_cls_Incertae_sedis,o__Rozellomycota_ord_Incertae_sedis,f__Rozellomycota_fam_Incertae_sedis,g__Rozellomycota_gen_Incertae_sedis,s__Rozellomycota_sp,Rozellomycota_sp,UDB06748190,SH1048129.09FU,reps,k__Fungi,OTU2216.p__Rozellomycota.g__Rozellomycota_gen_Incertae_sedis
2131,OTU2217,280,1,220,476,257,476,79,401,2.31e-111,99.545,p__Ascomycota,c__Eurotiomycetes,o__Eurotiales,f__Aspergillaceae,g__Aspergillus,s__Aspergillus_intermedius,Aspergillus_intermedius,EF652074,SH3212574.09FU,refs,k__Fungi,OTU2217.p__Ascomycota.g__Aspergillus
2132,OTU2218,412,355,410,1125,67,12,14,76.8,2.4e-13,91.071,p__Ascomycota,c__Sordariomycetes,o__Hypocreales,f__Nectriaceae,g__Fusarium,s__Fusarium_oxysporum,Fusarium_oxysporum,UDB041458,SH1099032.09FU,reps,k__Fungi,OTU2218.p__Ascomycota.g__Fusarium
2133,OTU2219,373,330,371,758,504,545,11,67.6,1.3e-10,95.238,p__Basidiomycota,c__Agaricomycetes,o__Auriculariales,f__Auriculariales_fam_Incertae_sedis,g__Auriculariales_gen_Incertae_sedis,s__Auriculariales_sp,Auriculariales_sp,JQ272342,SH0954825.09FU,reps,k__Fungi,OTU2219.p__Basidiomycota.g__Auriculariales_gen_Incertae_sedis
2134,OTU2220,275,1,215,505,291,505,78,392,1.36e-108,99.535,p__Ascomycota,c__Sordariomycetes,o__Hypocreales,f__Cordycipitaceae,g__Lecanicillium,s__Lecanicillium_sp,Lecanicillium_sp,AB378531,SH1259335.09FU,reps,k__Fungi,OTU2220.p__Ascomycota.g__Lecanicillium
2135,OTU2222,342,1,275,475,201,470,80,453,7.78e-127,96.739,p__Glomeromycota,c__Glomeromycetes,o__Glomerales,f__Claroideoglomeraceae,g__Claroideoglomeraceae_gen_Incertae_sedis,s__Claroideoglomeraceae_sp,Claroideoglomeraceae_sp,HF970288,SH0990828.09FU,reps,k__Fungi,OTU2222.p__Glomeromycota.g__Claroideoglomeraceae_gen_Incertae_sedis
2136,OTU2223,270,1,209,434,226,434,77,387,6.22e-107,100,p__Ascomycota,c__Dothideomycetes,o__Pleosporales,f__Dictyosporiaceae,g__Dictyosporiaceae_gen_Incertae_sedis,s__Dictyosporiaceae_sp,Dictyosporiaceae_sp,UDB0184192,SH0958202.09FU,reps,k__Fungi,OTU2223.p__Ascomycota.g__Dictyosporiaceae_gen_Incertae_sedis
2137,OTU2224,397,1,48,603,301,348,12,89.8,2.97e-17,100,p__Fungi_phy_Incertae_sedis,c__Fungi_cls_Incertae_sedis,o__Fungi_ord_Incertae_sedis,f__Fungi_fam_Incertae_sedis,g__Fungi_gen_Incertae_sedis,s__Fungi_sp,Fungi_sp,UDB02174167,SH1202827.09FU,reps,k__Fungi,OTU2224.p__Fungi_phy_Incertae_sedis.g__Fungi_gen_Incertae_sedis
2138,OTU2225,269,1,209,485,277,485,78,359,1.35e-98,97.619,p__Ascomycota,c__Dothideomycetes,o__Capnodiales,f__Neodevriesiaceae,g__Neodevriesia,s__Neodevriesia_hilliana,Neodevriesia_hilliana,GU214633,SH0960648.09FU,refs,k__Fungi,OTU2225.p__Ascomycota.g__Neodevriesia
2139,OTU2226,287,1,244,598,355,598,85,368,2.41e-101,93.902,p__Ascomycota,c__Eurotiomycetes,o__Chaetothyriales,f__Trichomeriaceae,g__Trichomerium,s__Trichomerium_lapideum,Trichomerium_lapideum,KP174850,SH1253658.09FU,refs,k__Fungi,OTU2226.p__Ascomycota.g__Trichomerium
2140,OTU2227,361,326,359,758,512,545,9,63.9,1.62e-09,100,p__Basidiomycota,c__Agaricomycetes,o__Auriculariales,f__Auriculariales_fam_Incertae_sedis,g__Auriculariales_gen_Incertae_sedis,s__Auriculariales_sp,Auriculariales_sp,JQ272342,SH0954825.09FU,reps,k__Fungi,OTU2227.p__Basidiomycota.g__Auriculariales_gen_Incertae_sedis
2141,OTU2228,276,1,232,528,300,528,84,409,1.36e-113,98.707,p__Ascomycota,c__Eurotiomycetes,o__Eurotiales,f__Aspergillaceae,g__Aspergillus,s__Aspergillus_capensis,Aspergillus_capensis,KJ775550,SH3212667.09FU,refs,k__Fungi,OTU2228.p__Ascomycota.g__Aspergillus
2142,OTU2229,329,282,327,1125,57,12,14,69.4,3.16e-11,93.478,p__Ascomycota,c__Sordariomycetes,o__Hypocreales,f__Nectriaceae,g__Fusarium,s__Fusarium_oxysporum,Fusarium_oxysporum,UDB041458,SH1099032.09FU,reps,k__Fungi,OTU2229.p__Ascomycota.g__Fusarium
2143,OTU2230,324,1,264,530,261,530,81,228,4.84e-59,82.545,p__Chytridiomycota,c__Chytridiomycetes,o__Chytridiomycetes_ord_Incertae_sedis,f__Chytridiomycetes_fam_Incertae_sedis,g__Chytridiomycetes_gen_Incertae_sedis,s__Chytridiomycetes_sp,Chytridiomycetes_sp,UDB038297,SH1133438.09FU,reps,k__Fungi,OTU2230.p__Chytridiomycota.g__Chytridiomycetes_gen_Incertae_sedis
2144,OTU2231,343,1,282,631,349,631,82,472,2.15e-132,96.82,p__Chytridiomycota,c__Rhizophlyctidomycetes,o__Rhizophlyctidales,f__Rhizophlyctidaceae,g__Rhizophlyctis,s__Rhizophlyctis_sp,Rhizophlyctis_sp,UDB06426716,SH1067599.09FU,reps,k__Fungi,OTU2231.p__Chytridiomycota.g__Rhizophlyctis
2145,OTU2232,380,1,280,629,311,589,74,167,1.27e-40,77.972,p__Chytridiomycota,c__Chytridiomycota_cls_Incertae_sedis,o__Chytridiomycota_ord_Incertae_sedis,f__Chytridiomycota_fam_Incertae_sedis,g__Chytridiomycota_gen_Incertae_sedis,s__Chytridiomycota_sp,Chytridiomycota_sp,UDB02296614,SH1268183.09FU,reps,k__Fungi,OTU2232.p__Chytridiomycota.g__Chytridiomycota_gen_Incertae_sedis
2146,OTU2233,352,305,350,1125,57,12,13,69.4,3.4e-11,93.478,p__Ascomycota,c__Sordariomycetes,o__Hypocreales,f__Nectriaceae,g__Fusarium,s__Fusarium_oxysporum,Fusarium_oxysporum,UDB041458,SH1099032.09FU,reps,k__Fungi,OTU2233.p__Ascomycota.g__Fusarium
2147,OTU2234,356,309,354,1125,57,12,13,69.4,3.44e-11,93.478,p__Ascomycota,c__Sordariomycetes,o__Hypocreales,f__Nectriaceae,g__Fusarium,s__Fusarium_oxysporum,Fusarium_oxysporum,UDB041458,SH1099032.09FU,reps,k__Fungi,OTU2234.p__Ascomycota.g__Fusarium
2148,OTU2235,365,1,69,636,303,370,19,82.4,4.54e-15,88.406,p__Fungi_phy_Incertae_sedis,c__Fungi_cls_Incertae_sedis,o__Fungi_ord_Incertae_sedis,f__Fungi_fam_Incertae_sedis,g__Fungi_gen_Incertae_sedis,s__Fungi_sp,Fungi_sp,UDB02124093,SH1182276.09FU,reps,k__Fungi,OTU2235.p__Fungi_phy_Incertae_sedis.g__Fungi_gen_Incertae_sedis
2149,OTU2236,262,1,129,588,394,526,49,121,6.74e-27,83.582,p__Aphelidiomycota,c__Aphelidiomycota_cls_Incertae_sedis,o__Aphelidiomycota_ord_Incertae_sedis,f__Aphelidiomycota_fam_Incertae_sedis,g__Aphelidiomycota_gen_Incertae_sedis,s__Aphelidiomycota_sp,Aphelidiomycota_sp,UDB01170765,SH0942307.09FU,reps,k__Fungi,OTU2236.p__Aphelidiomycota.g__Aphelidiomycota_gen_Incertae_sedis
2150,OTU2237,307,262,305,1125,55,12,14,71.3,8.14e-12,95.455,p__Ascomycota,c__Sordariomycetes,o__Hypocreales,f__Nectriaceae,g__Fusarium,s__Fusarium_oxysporum,Fusarium_oxysporum,UDB041458,SH1099032.09FU,reps,k__Fungi,OTU2237.p__Ascomycota.g__Fusarium
2151,OTU2238,267,1,207,479,273,479,78,355,1.73e-97,97.585,p__Ascomycota,c__Dothideomycetes,o__Pleosporales,f__Phaeosphaeriaceae,g__Paraphoma,s__Paraphoma_chlamydocopiosa,Paraphoma_chlamydocopiosa,KU999072,SH0961142.09FU,refs,k__Fungi,OTU2238.p__Ascomycota.g__Paraphoma
2152,OTU2239,333,1,187,519,233,418,56,195,5.06e-49,85.638,p__Fungi_phy_Incertae_sedis,c__Fungi_cls_Incertae_sedis,o__Fungi_ord_Incertae_sedis,f__Fungi_fam_Incertae_sedis,g__Fungi_gen_Incertae_sedis,s__Fungi_sp,Fungi_sp,MW215849,SH1121997.09FU,reps,k__Fungi,OTU2239.p__Fungi_phy_Incertae_sedis.g__Fungi_gen_Incertae_sedis
2153,OTU2240,262,1,201,454,254,454,77,366,7.84e-101,99.502,p__Ascomycota,c__Dothideomycetes,o__Dothideomycetes_ord_Incertae_sedis,f__Dothideomycetes_fam_Incertae_sedis,g__Dothideomycetes_gen_Incertae_sedis,s__Dothideomycetes_sp,Dothideomycetes_sp,UDB05272379,SH1023776.09FU,reps,k__Fungi,OTU2240.p__Ascomycota.g__Dothideomycetes_gen_Incertae_sedis
2154,OTU2241,295,58,287,481,481,252,78,409,1.45e-113,98.696,p__Ascomycota,c__Sordariomycetes,o__Sordariales,f__Chaetomiaceae,g__Acrophialophora,s__Acrophialophora_sp,Acrophialophora_sp,UDB0861942,SH0881751.09FU,reps,k__Fungi,OTU2241.p__Ascomycota.g__Acrophialophora
2155,OTU2242,280,1,189,449,229,416,68,198,3.26e-50,85.864,p__Ascomycota,c__Sordariomycetes,o__Lulworthiales,f__Lulworthiaceae,g__Lulworthiaceae_gen_Incertae_sedis,s__Lulworthiaceae_sp,Lulworthiaceae_sp,UDB03143389,SH1046978.09FU,reps,k__Fungi,OTU2242.p__Ascomycota.g__Lulworthiaceae_gen_Incertae_sedis
2156,OTU2243,395,1,59,651,319,377,15,104,1.05e-21,98.305,p__Chytridiomycota,c__Rhizophydiomycetes,o__Rhizophydiales,f__Rhizophydiales_fam_Incertae_sedis,g__Rhizophydiales_gen_Incertae_sedis,s__Rhizophydiales_sp,Rhizophydiales_sp,UDB06475024,SH1191545.09FU,reps,k__Fungi,OTU2243.p__Chytridiomycota.g__Rhizophydiales_gen_Incertae_sedis
2157,OTU2244,277,1,215,435,219,433,78,387,6.4e-107,99.07,p__Ascomycota,c__Sordariomycetes,o__Hypocreales,f__Hypocreales_fam_Incertae_sedis,g__Acremonium,s__Acremonium_fusidioides,Acremonium_fusidioides,FN706542,SH1022448.09FU,refs,k__Fungi,OTU2244.p__Ascomycota.g__Acremonium
2158,OTU2245,314,1,253,476,225,476,81,455,1.97e-127,99.209,p__Basidiomycota,c__Agaricomycetes,o__Agaricales,f__Psathyrellaceae,g__Coprinopsis,s__Coprinopsis_rugosobispora,Coprinopsis_rugosobispora,UDB0571209,SH1204444.09FU,reps,k__Fungi,OTU2245.p__Basidiomycota.g__Coprinopsis
2159,OTU2246,389,1,57,595,280,336,15,106,2.88e-22,100,p__Chytridiomycota,c__Chytridiomycota_cls_Incertae_sedis,o__Chytridiomycota_ord_Incertae_sedis,f__Chytridiomycota_fam_Incertae_sedis,g__Chytridiomycota_gen_Incertae_sedis,s__Chytridiomycota_sp,Chytridiomycota_sp,UDB02272828,SH1252854.09FU,reps,k__Fungi,OTU2246.p__Chytridiomycota.g__Chytridiomycota_gen_Incertae_sedis
2160,OTU2247,302,1,242,525,284,525,80,414,3.21e-115,97.521,p__Ascomycota,c__Saccharomycetes,o__Saccharomycetales,f__Debaryomycetaceae,g__Kurtzmaniella,s__Kurtzmaniella_quercitrusa,Kurtzmaniella_quercitrusa,AM158924,SH1029379.09FU,refs,k__Fungi,OTU2247.p__Ascomycota.g__Kurtzmaniella
2161,OTU2248,344,1,283,615,332,615,82,512,1.27e-144,99.296,p__Basidiomycota,c__Agaricomycetes,o__Cantharellales,f__Ceratobasidiaceae,g__Thanatephorus,s__Thanatephorus_sp,Thanatephorus_sp,UDB05481827,SH1252628.09FU,reps,k__Fungi,OTU2248.p__Basidiomycota.g__Thanatephorus
2162,OTU2249,333,1,278,621,340,621,83,363,1.31e-99,90.071,p__Ascomycota,c__Leotiomycetes,o__Erysiphales,f__Erysiphaceae,g__Blumeria,s__Blumeria_graminis,Blumeria_graminis,MT462296,SH1234330.09FU,reps,k__Fungi,OTU2249.p__Ascomycota.g__Blumeria
2163,OTU2250,360,1,299,674,376,674,83,520,7.99e-147,97.993,p__Chytridiomycota,c__Spizellomycetes,o__Spizellomycetales,f__Spizellomycetales_fam_Incertae_sedis,g__Spizellomycetales_gen_Incertae_sedis,s__Spizellomycetales_sp,Spizellomycetales_sp,UDB041410,SH1197702.09FU,reps,k__Fungi,OTU2250.p__Chytridiomycota.g__Spizellomycetales_gen_Incertae_sedis
2164,OTU2251,257,1,197,436,240,436,77,342,1.29e-93,97.97,p__Basidiomycota,c__Tremellomycetes,o__Tremellales,f__Bulleribasidiaceae,g__Derxomyces,s__Derxomyces_longicylindricus,Derxomyces_longicylindricus,MK050300,SH1328192.09FU,refs,k__Fungi,OTU2251.p__Basidiomycota.g__Derxomyces
2165,OTU2252,288,1,210,534,309,518,73,311,4.13e-84,93.365,p__Ascomycota,c__Eurotiomycetes,o__Chaetothyriales,f__Chaetothyriales_fam_Incertae_sedis,g__Chaetothyriales_gen_Incertae_sedis,s__Chaetothyriales_sp,Chaetothyriales_sp,UDB01782716,SH1299359.09FU,reps,k__Fungi,OTU2252.p__Ascomycota.g__Chaetothyriales_gen_Incertae_sedis
2166,OTU2253,291,1,198,494,259,458,68,252,2.56e-66,89.604,p__Ascomycota,c__Dothideomycetes,o__Mycosphaerellales,f__Phaeothecoidiellaceae,g__Translucidithyrium,s__Translucidithyrium_chinense,Translucidithyrium_chinense,MT659671,SH2113102.09FU,refs_singleton,k__Fungi,OTU2253.p__Ascomycota.g__Translucidithyrium
2167,OTU2254,348,292,346,1125,66,12,16,69.4,3.35e-11,89.091,p__Ascomycota,c__Sordariomycetes,o__Hypocreales,f__Nectriaceae,g__Fusarium,s__Fusarium_oxysporum,Fusarium_oxysporum,UDB041458,SH1099032.09FU,reps,k__Fungi,OTU2254.p__Ascomycota.g__Fusarium
2168,OTU2255,360,1,207,557,269,468,58,176,1.99e-43,82.609,p__Chytridiomycota,c__Rhizophydiomycetes,o__Rhizophydiales,f__Rhizophydiales_fam_Incertae_sedis,g__Rhizophydiales_gen_Incertae_sedis,s__Rhizophydiales_sp,Rhizophydiales_sp,UDB0124182,SH0892118.09FU,reps,k__Fungi,OTU2255.p__Chytridiomycota.g__Rhizophydiales_gen_Incertae_sedis
2169,OTU2256,278,1,227,525,301,525,82,407,4.93e-113,99.119,p__Ascomycota,c__Eurotiomycetes,o__Onygenales,f__Gymnoascaceae,g__Gymnoascus,s__Gymnoascus_reessii,Gymnoascus_reessii,GQ376102,SH0921934.09FU,refs,k__Fungi,OTU2256.p__Ascomycota.g__Gymnoascus
2170,OTU2257,332,1,274,466,195,466,83,444,4.53e-124,96.014,p__Glomeromycota,c__Glomeromycetes,o__Glomerales,f__Glomeraceae,g__Glomus,s__Glomus_sp,Glomus_sp,UDB03149483,SH1027981.09FU,reps,k__Fungi,OTU2257.p__Glomeromycota.g__Glomus
2171,OTU2258,285,58,277,465,465,244,77,370,6.65e-102,96.847,p__Ascomycota,c__Leotiomycetes,o__Helotiales,f__Helotiaceae,g__Tetracladium,s__Tetracladium_sp,Tetracladium_sp,UDB05454697,SH1078562.09FU,reps,k__Fungi,OTU2258.p__Ascomycota.g__Tetracladium
2172,OTU2259,308,114,305,522,457,263,62,230,1.27e-59,88.265,p__Ascomycota,c__Sordariomycetes,o__Microascales,f__Halosphaeriaceae,g__Halosphaeriaceae_gen_Incertae_sedis,s__Halosphaeriaceae_sp,Halosphaeriaceae_sp,UDB03252575,SH1096213.09FU,reps,k__Fungi,OTU2259.p__Ascomycota.g__Halosphaeriaceae_gen_Incertae_sedis
2173,OTU2260,283,58,275,466,466,249,77,392,1.41e-108,99.083,p__Ascomycota,c__Ascomycota_cls_Incertae_sedis,o__Ascomycota_ord_Incertae_sedis,f__Ascomycota_fam_Incertae_sedis,g__Ascomycota_gen_Incertae_sedis,s__Ascomycota_sp,Ascomycota_sp,UDB01838442,SH0980677.09FU,reps,k__Fungi,OTU2260.p__Ascomycota.g__Ascomycota_gen_Incertae_sedis
2174,OTU2261,308,57,306,498,498,249,81,462,1.15e-129,100,p__Ascomycota,c__Sordariomycetes,o__Hypocreales,f__Hypocreales_fam_Incertae_sedis,g__Sarocladium,s__Sarocladium_implicatum,Sarocladium_implicatum,FN706540,SH0913436.09FU,refs,k__Fungi,OTU2261.p__Ascomycota.g__Sarocladium
2175,OTU2263,334,287,332,1125,57,12,14,69.4,3.21e-11,93.478,p__Ascomycota,c__Sordariomycetes,o__Hypocreales,f__Nectriaceae,g__Fusarium,s__Fusarium_oxysporum,Fusarium_oxysporum,UDB041458,SH1099032.09FU,reps,k__Fungi,OTU2263.p__Ascomycota.g__Fusarium
2176,OTU2264,342,303,340,758,508,545,11,65.8,4.26e-10,97.368,p__Basidiomycota,c__Agaricomycetes,o__Auriculariales,f__Auriculariales_fam_Incertae_sedis,g__Auriculariales_gen_Incertae_sedis,s__Auriculariales_sp,Auriculariales_sp,JQ272342,SH0954825.09FU,reps,k__Fungi,OTU2264.p__Basidiomycota.g__Auriculariales_gen_Incertae_sedis
2177,OTU2265,355,277,353,1125,93,12,22,69.4,3.43e-11,82.927,p__Ascomycota,c__Sordariomycetes,o__Hypocreales,f__Nectriaceae,g__Fusarium,s__Fusarium_oxysporum,Fusarium_oxysporum,UDB041458,SH1099032.09FU,reps,k__Fungi,OTU2265.p__Ascomycota.g__Fusarium
2178,OTU2266,324,1,211,546,290,500,65,202,2.93e-51,83.962,p__Ascomycota,c__Sordariomycetes,o__Microascales,f__Halosphaeriaceae,g__Arenariomyces,s__Arenariomyces_majusculus,Arenariomyces_majusculus,MT569559,SH0995476.09FU,reps,k__Fungi,OTU2266.p__Ascomycota.g__Arenariomyces
2179,OTU2267,162,36,162,534,534,409,78,200,4.88e-51,95.349,p__Basidiomycota,c__Cystobasidiomycetes,o__Sakaguchiales,f__Sakaguchiaceae,g__Sakaguchia,s__Sakaguchia_sp,Sakaguchia_sp,KU171069,SH1223413.09FU,reps,k__Fungi,OTU2267.p__Basidiomycota.g__Sakaguchia
2180,OTU2268,247,1,173,421,234,406,70,226,1.3e-58,90.173,p__Ascomycota,c__Ascomycota_cls_Incertae_sedis,o__Ascomycota_ord_Incertae_sedis,f__Ascomycota_fam_Incertae_sedis,g__Ascomycota_gen_Incertae_sedis,s__Ascomycota_sp,Ascomycota_sp,UDB01343960,SH1148977.09FU,reps,k__Fungi,OTU2268.p__Ascomycota.g__Ascomycota_gen_Incertae_sedis
2181,OTU2269,357,1,53,666,460,512,15,87.9,9.52e-17,96.226,p__Fungi_phy_Incertae_sedis,c__Fungi_cls_Incertae_sedis,o__Fungi_ord_Incertae_sedis,f__Fungi_fam_Incertae_sedis,g__Fungi_gen_Incertae_sedis,s__Fungi_sp,Fungi_sp,MW215620,SH1116954.09FU,reps,k__Fungi,OTU2269.p__Fungi_phy_Incertae_sedis.g__Fungi_gen_Incertae_sedis
2182,OTU2271,279,1,201,562,315,515,72,361,3.91e-99,99.005,p__Ascomycota,c__Eurotiomycetes,o__Onygenales,f__Onygenaceae,g__Keratinophyton,s__Keratinophyton_linfenense,Keratinophyton_linfenense,FJ392561,SH1237753.09FU,refs,k__Fungi,OTU2271.p__Ascomycota.g__Keratinophyton
2183,OTU2272,322,275,320,1125,57,12,14,69.4,3.08e-11,93.478,p__Ascomycota,c__Sordariomycetes,o__Hypocreales,f__Nectriaceae,g__Fusarium,s__Fusarium_oxysporum,Fusarium_oxysporum,UDB041458,SH1099032.09FU,reps,k__Fungi,OTU2272.p__Ascomycota.g__Fusarium
2184,OTU2273,273,1,212,461,250,461,78,381,2.93e-105,99.057,p__Ascomycota,c__Dothideomycetes,o__Pleosporales,f__Pleosporales_fam_Incertae_sedis,g__Pleosporales_gen_Incertae_sedis,s__Pleosporales_sp,Pleosporales_sp,UDB05009372,SH0992145.09FU,reps,k__Fungi,OTU2273.p__Ascomycota.g__Pleosporales_gen_Incertae_sedis
2185,OTU2274,273,1,204,475,264,468,75,311,3.9e-84,94.175,p__Ascomycota,c__Dothideomycetes,o__Capnodiales,f__Dissoconiaceae,g__Uwebraunia,s__Uwebraunia_dekkeri,Uwebraunia_dekkeri,AF173309,SH1694715.09FU,refs,k__Fungi,OTU2274.p__Ascomycota.g__Uwebraunia
2186,OTU2275,343,304,341,1125,49,12,11,65.8,4.27e-10,97.368,p__Ascomycota,c__Sordariomycetes,o__Hypocreales,f__Nectriaceae,g__Fusarium,s__Fusarium_oxysporum,Fusarium_oxysporum,UDB041458,SH1099032.09FU,reps,k__Fungi,OTU2275.p__Ascomycota.g__Fusarium
2187,OTU2276,357,320,355,758,510,545,10,67.6,1.24e-10,100,p__Basidiomycota,c__Agaricomycetes,o__Auriculariales,f__Auriculariales_fam_Incertae_sedis,g__Auriculariales_gen_Incertae_sedis,s__Auriculariales_sp,Auriculariales_sp,JQ272342,SH0954825.09FU,reps,k__Fungi,OTU2276.p__Basidiomycota.g__Auriculariales_gen_Incertae_sedis
2188,OTU2277,270,1,210,472,263,472,78,388,1.73e-107,100,p__Ascomycota,c__Sordariomycetes,o__Hypocreales,f__Nectriaceae,g__Paracremonium,s__Paracremonium_binnewijzendii,Paracremonium_binnewijzendii,MG250173,SH1074162.09FU,refs,k__Fungi,OTU2277.p__Ascomycota.g__Paracremonium
2189,OTU2278,288,1,243,480,244,480,84,272,1.95e-72,87.295,p__Ascomycota,c__Sordariomycetes,o__Hypocreales,f__Nectriaceae,g__Gliocephalotrichum,s__Gliocephalotrichum_bacillisporum,Gliocephalotrichum_bacillisporum,MH864159,SH1506959.09FU,refs,k__Fungi,OTU2278.p__Ascomycota.g__Gliocephalotrichum
2190,OTU2279,403,1,356,689,324,689,88,545,1.49e-154,94.022,p__Basidiomycota,c__Ustilaginomycetes,o__Ustilaginales,f__Ustilaginaceae,g__Anthracocystis,s__Anthracocystis_loudetiae-pedicellatae,Anthracocystis_loudetiae-pedicellatae,AY740053,SH1800576.09FU,refs_singleton,k__Fungi,OTU2279.p__Basidiomycota.g__Anthracocystis
2191,OTU2280,433,1,59,651,319,377,14,104,1.16e-21,98.305,p__Chytridiomycota,c__Rhizophydiomycetes,o__Rhizophydiales,f__Rhizophydiales_fam_Incertae_sedis,g__Rhizophydiales_gen_Incertae_sedis,s__Rhizophydiales_sp,Rhizophydiales_sp,UDB06475024,SH1191545.09FU,reps,k__Fungi,OTU2280.p__Chytridiomycota.g__Rhizophydiales_gen_Incertae_sedis
2192,OTU2281,261,1,201,447,248,447,77,331,2.85e-90,96.517,p__Ascomycota,c__Dothideomycetes,o__Mycosphaerellales,f__Mycosphaerellaceae,g__Xenosonderhenia,s__Xenosonderhenia_syzygii,Xenosonderhenia_syzygii,JX069872,SH1491434.09FU,refs_singleton,k__Fungi,OTU2281.p__Ascomycota.g__Xenosonderhenia
2193,OTU2282,273,1,213,480,268,480,78,388,1.75e-107,99.531,p__Ascomycota,c__Eurotiomycetes,o__Eurotiales,f__Eurotiales_fam_Incertae_sedis,g__Eurotiales_gen_Incertae_sedis,s__Eurotiales_sp,Eurotiales_sp,UDB0513178,SH1031942.09FU,reps,k__Fungi,OTU2282.p__Ascomycota.g__Eurotiales_gen_Incertae_sedis
2194,OTU2283,305,60,297,504,504,267,78,429,1.16e-119,99.16,p__Ascomycota,c__Eurotiomycetes,o__Eurotiales,f__Aspergillaceae,g__Talaromyces,s__Talaromyces_assiutensis,Talaromyces_assiutensis,MH861122,SH1388556.09FU,refs,k__Fungi,OTU2283.p__Ascomycota.g__Talaromyces
2195,OTU2284,284,1,223,533,311,533,79,407,5.05e-113,99.552,p__Ascomycota,c__Eurotiomycetes,o__Chaetothyriales,f__Chaetothyriales_fam_Incertae_sedis,g__Chaetothyriales_gen_Incertae_sedis,s__Chaetothyriales_sp,Chaetothyriales_sp,UDB01766743,SH1070937.09FU,reps,k__Fungi,OTU2284.p__Ascomycota.g__Chaetothyriales_gen_Incertae_sedis
2196,OTU2285,428,1,51,613,351,401,12,73.1,3.24e-12,92.157,p__Basidiomycota,c__Agaricomycetes,o__Agaricales,f__Agaricales_fam_Incertae_sedis,g__Agaricales_gen_Incertae_sedis,s__Agaricales_sp,Agaricales_sp,UDB0893011,SH1258175.09FU,reps,k__Fungi,OTU2285.p__Basidiomycota.g__Agaricales_gen_Incertae_sedis
2197,OTU2286,388,58,380,654,654,332,83,597,3.89e-170,100,p__Chytridiomycota,c__Rhizophlyctidomycetes,o__Rhizophlyctidales,f__Rhizophlyctidaceae,g__Rhizophlyctis,s__Rhizophlyctis_sp,Rhizophlyctis_sp,UDB06425419,SH1202743.09FU,reps,k__Fungi,OTU2286.p__Chytridiomycota.g__Rhizophlyctis
2198,OTU2287,342,58,334,601,601,323,81,486,7.67e-137,98.208,p__Ascomycota,c__Ascomycota_cls_Incertae_sedis,o__Ascomycota_ord_Incertae_sedis,f__Ascomycota_fam_Incertae_sedis,g__Ascomycota_gen_Incertae_sedis,s__Ascomycota_sp,Ascomycota_sp,UDB01398886,SH1143482.09FU,reps,k__Fungi,OTU2287.p__Ascomycota.g__Ascomycota_gen_Incertae_sedis
2199,OTU2288,400,57,392,649,649,321,84,409,2.02e-113,89.021,p__Chytridiomycota,c__Spizellomycetes,o__Spizellomycetales,f__Spizellomycetales_fam_Incertae_sedis,g__Spizellomycetales_gen_Incertae_sedis,s__Spizellomycetales_sp,Spizellomycetales_sp,UDB07382599,SH1203270.09FU,reps,k__Fungi,OTU2288.p__Chytridiomycota.g__Spizellomycetales_gen_Incertae_sedis
2200,OTU2289,298,1,237,504,268,504,80,411,4.09e-114,97.89,p__Ascomycota,c__Sordariomycetes,o__Hypocreales,f__Niessliaceae,g__Niesslia,s__Niesslia_mucida,Niesslia_mucida,MG826989,SH1078447.09FU,refs,k__Fungi,OTU2289.p__Ascomycota.g__Niesslia
2201,OTU2290,286,1,228,528,299,528,80,412,1.09e-114,99.13,p__Ascomycota,c__Sordariomycetes,o__Xylariales,f__Diatrypaceae,g__Monosporascus,s__Monosporascus_cannonballus,Monosporascus_cannonballus,KT347319,SH1290705.09FU,reps,k__Fungi,OTU2290.p__Ascomycota.g__Monosporascus
2202,OTU2291,251,1,191,413,230,413,76,202,2.23e-51,86.387,p__Ascomycota,c__Archaeorhizomycetes,o__Archaeorhizomycetales,f__Archaeorhizomycetaceae,g__Archaeorhizomyces,s__Archaeorhizomyces_sp,Archaeorhizomyces_sp,KF675241,SH1101704.09FU,reps,k__Fungi,OTU2291.p__Ascomycota.g__Archaeorhizomyces
2203,OTU2292,287,1,227,529,303,529,79,370,6.7e-102,96.035,p__Ascomycota,c__Eurotiomycetes,o__Onygenales,f__Onygenaceae,g__Chrysosporium,s__Chrysosporium_sp,Chrysosporium_sp,AB861775,SH1122377.09FU,reps,k__Fungi,OTU2292.p__Ascomycota.g__Chrysosporium
2204,OTU2293,309,1,248,551,304,551,80,459,1.5e-128,100,p__Ascomycota,c__Pezizomycetes,o__Pezizales,f__Pezizales_fam_Incertae_sedis,g__Pezizales_gen_Incertae_sedis,s__Pezizales_sp,Pezizales_sp,UDB04328751,SH0890960.09FU,reps,k__Fungi,OTU2293.p__Ascomycota.g__Pezizales_gen_Incertae_sedis
2205,OTU2295,327,292,325,758,512,545,10,63.9,1.46e-09,100,p__Basidiomycota,c__Agaricomycetes,o__Auriculariales,f__Auriculariales_fam_Incertae_sedis,g__Auriculariales_gen_Incertae_sedis,s__Auriculariales_sp,Auriculariales_sp,JQ272342,SH0954825.09FU,reps,k__Fungi,OTU2295.p__Basidiomycota.g__Auriculariales_gen_Incertae_sedis
2206,OTU2296,261,1,106,442,248,351,41,111,4.04e-24,85.981,p__Ascomycota,c__Dothideomycetes,o__Mycosphaerellales,f__Extremaceae,g__Extremaceae_gen_Incertae_sedis,s__Extremaceae_sp,Extremaceae_sp,UDB02020516,SH0996601.09FU,reps,k__Fungi,OTU2296.p__Ascomycota.g__Extremaceae_gen_Incertae_sedis
2207,OTU2297,246,1,203,494,257,463,83,351,2.05e-96,97.585,p__Ascomycota,c__Dothideomycetes,o__Mycosphaerellales,f__Mycosphaerellaceae,g__Mycosphaerella,s__Mycosphaerella_asteroma,Mycosphaerella_asteroma,AF222850,SH1081703.09FU,reps,k__Fungi,OTU2297.p__Ascomycota.g__Mycosphaerella
2208,OTU2299,321,57,313,544,544,289,80,412,1.23e-114,95.72,p__Ascomycota,c__Sordariomycetes,o__Microascales,f__Halosphaeriaceae,g__Natantispora,s__Natantispora_sp,Natantispora_sp,UDB01910976,SH1145169.09FU,reps,k__Fungi,OTU2299.p__Ascomycota.g__Natantispora
2209,OTU2301,277,1,204,470,254,458,74,305,1.84e-82,93.659,p__Ascomycota,c__Pezizomycotina_cls_Incertae_sedis,o__Pezizomycotina_ord_Incertae_sedis,f__Pezizomycotina_fam_Incertae_sedis,g__Arcuadendron,s__Arcuadendron_sp,Arcuadendron_sp,UDB01266897,SH1029062.09FU,reps,k__Fungi,OTU2301.p__Ascomycota.g__Arcuadendron
2210,OTU2302,416,381,414,758,512,545,8,63.9,1.89e-09,100,p__Basidiomycota,c__Agaricomycetes,o__Auriculariales,f__Auriculariales_fam_Incertae_sedis,g__Auriculariales_gen_Incertae_sedis,s__Auriculariales_sp,Auriculariales_sp,JQ272342,SH0954825.09FU,reps,k__Fungi,OTU2302.p__Basidiomycota.g__Auriculariales_gen_Incertae_sedis
2211,OTU2303,377,1,108,527,412,521,29,163,1.63e-39,93.636,p__Fungi_phy_Incertae_sedis,c__Fungi_cls_Incertae_sedis,o__Fungi_ord_Incertae_sedis,f__Fungi_fam_Incertae_sedis,g__Fungi_gen_Incertae_sedis,s__Fungi_sp,Fungi_sp,UDB0584564,SH1089013.09FU,reps,k__Fungi,OTU2303.p__Fungi_phy_Incertae_sedis.g__Fungi_gen_Incertae_sedis
2212,OTU2304,349,1,268,519,241,514,77,429,1.34e-119,95.255,p__Ascomycota,c__Sordariomycetes,o__Lulworthiales,f__Lulworthiaceae,g__Lulworthiaceae_gen_Incertae_sedis,s__Lulworthiaceae_sp,Lulworthiaceae_sp,UDB03142840,SH0937562.09FU,reps,k__Fungi,OTU2304.p__Ascomycota.g__Lulworthiaceae_gen_Incertae_sedis
2213,OTU2305,298,1,238,525,289,525,80,422,1.89e-117,98.739,p__Basidiomycota,c__Agaricomycetes,o__Russulales,f__Russulales_fam_Incertae_sedis,g__Russulales_gen_Incertae_sedis,s__Russulales_sp,Russulales_sp,KX516509,SH0949469.09FU,reps,k__Fungi,OTU2305.p__Basidiomycota.g__Russulales_gen_Incertae_sedis
2214,OTU2306,315,58,313,494,494,239,81,457,5.5e-128,98.828,p__Ascomycota,c__Sordariomycetes,o__Microascales,f__Microascales_fam_Incertae_sedis,g__Microascales_gen_Incertae_sedis,s__Microascales_sp,Microascales_sp,UDB061186,SH1091207.09FU,reps,k__Fungi,OTU2306.p__Ascomycota.g__Microascales_gen_Incertae_sedis
2215,OTU2307,315,1,270,708,439,708,86,499,9.01e-141,100,p__Ascomycota,c__Dothideomycetes,o__Venturiales,f__Sympoventuriaceae,g__Ochroconis,s__Ochroconis_tshawytschae,Ochroconis_tshawytschae,FR832476,SH1148040.09FU,refs,k__Fungi,OTU2307.p__Ascomycota.g__Ochroconis
2216,OTU2308,262,1,190,438,237,429,73,259,1.37e-68,91.237,p__Ascomycota,c__Dothideomycetes,o__Mycosphaerellales,f__Mycosphaerellaceae,g__Teratoramularia,s__Teratoramularia_rumicicola,Teratoramularia_rumicicola,KX287550,SH1085508.09FU,refs,k__Fungi,OTU2308.p__Ascomycota.g__Teratoramularia
2217,OTU2309,286,1,225,488,264,488,79,405,1.83e-112,99.111,p__Ascomycota,c__Sordariomycetes,o__Magnaporthales,f__Magnaporthaceae,g__Magnaporthe,s__Magnaporthe_sp,Magnaporthe_sp,UDB03176978,SH0909356.09FU,reps,k__Fungi,OTU2309.p__Ascomycota.g__Magnaporthe
2218,OTU2310,368,1,293,682,392,672,80,414,3.97e-115,92.833,p__Basidiomycota,c__Agaricomycetes,o__Agaricales,f__Agaricales_fam_Incertae_sedis,g__Agaricales_gen_Incertae_sedis,s__Agaricales_sp,Agaricales_sp,UDB0912562,SH1158726.09FU,reps,k__Fungi,OTU2310.p__Basidiomycota.g__Agaricales_gen_Incertae_sedis
2219,OTU2311,354,1,264,554,267,532,75,241,6.84e-63,83.456,p__Chytridiomycota,c__Rhizophydiomycetes,o__Rhizophydiales,f__Rhizophydiales_fam_Incertae_sedis,g__Rhizophydiales_gen_Incertae_sedis,s__Rhizophydiales_sp,Rhizophydiales_sp,UDB06470208,SH1062416.09FU,reps,k__Fungi,OTU2311.p__Chytridiomycota.g__Rhizophydiales_gen_Incertae_sedis
2220,OTU2312,302,1,242,528,287,528,80,431,3.19e-120,98.76,p__Ascomycota,c__Ascomycota_cls_Incertae_sedis,o__Ascomycota_ord_Incertae_sedis,f__Ascomycota_fam_Incertae_sedis,g__Ascomycota_gen_Incertae_sedis,s__Ascomycota_sp,Ascomycota_sp,KT203065,SH1019875.09FU,reps,k__Fungi,OTU2312.p__Ascomycota.g__Ascomycota_gen_Incertae_sedis
2221,OTU2313,409,362,407,1125,57,12,11,69.4,3.99e-11,93.478,p__Ascomycota,c__Sordariomycetes,o__Hypocreales,f__Nectriaceae,g__Fusarium,s__Fusarium_oxysporum,Fusarium_oxysporum,UDB041458,SH1099032.09FU,reps,k__Fungi,OTU2313.p__Ascomycota.g__Fusarium
2222,OTU2314,319,1,261,453,197,453,82,435,2.61e-121,96.935,p__Glomeromycota,c__Glomeromycetes,o__Glomerales,f__Glomeraceae,g__Glomus,s__Glomus_sp,Glomus_sp,UDB03160093,SH0958752.09FU,reps,k__Fungi,OTU2314.p__Glomeromycota.g__Glomus
2223,OTU2315,316,44,308,522,522,258,84,479,1.18e-134,99.245,p__Ascomycota,c__Dothideomycetes,o__Pleosporales,f__Pleosporaceae,g__Exserohilum,s__Exserohilum_rostratum,Exserohilum_rostratum,HE664050,SH0885118.09FU,refs,k__Fungi,OTU2315.p__Ascomycota.g__Exserohilum
2224,OTU2316,292,58,284,571,571,345,78,409,1.44e-113,99.119,p__Ascomycota,c__Dothideomycetes,o__Mycosphaerellales,f__Mycosphaerellaceae,g__Cercospora,s__Cercospora_sp,Cercospora_sp,UDB01701569,SH1169473.09FU,reps,k__Fungi,OTU2316.p__Ascomycota.g__Cercospora
2225,OTU2317,119,2,117,575,461,346,97,209,5.65e-54,99.138,p__Ascomycota,c__Dothideomycetes,o__Pleosporales,f__Phaeosphaeriaceae,g__Phaeosphaeriaceae_gen_Incertae_sedis,s__Phaeosphaeriaceae_sp,Phaeosphaeriaceae_sp,UDB04500974,SH1307773.09FU,reps,k__Fungi,OTU2317.p__Ascomycota.g__Phaeosphaeriaceae_gen_Incertae_sedis
2226,OTU2318,398,1,337,706,369,706,85,512,1.49e-144,94.118,p__Kickxellomycota,c__Ramicandelaberomycetes,o__Ramicandelaberales,f__Ramicandelaberaceae,g__Ramicandelaber,s__Ramicandelaber_sp,Ramicandelaber_sp,UDB06291202,SH1124592.09FU,reps,k__Fungi,OTU2318.p__Kickxellomycota.g__Ramicandelaber
2227,OTU2319,436,397,431,581,493,527,8,54.7,1.2e-06,94.444,p__Ascomycota,c__Leotiomycetes,o__Helotiales,f__Dermateaceae,g__Pezicula,s__Pezicula_radicicola,Pezicula_radicicola,FJ179465,SH0975489.09FU,reps,k__Fungi,OTU2319.p__Ascomycota.g__Pezicula
2228,OTU2320,326,1,247,598,333,580,76,274,6.17e-73,86.853,p__Ascomycota,c__Pezizomycetes,o__Pezizales,f__Pezizales_fam_Incertae_sedis,g__Pezizales_gen_Incertae_sedis,s__Pezizales_sp,Pezizales_sp,UDB04329071,SH1118441.09FU,reps,k__Fungi,OTU2320.p__Ascomycota.g__Pezizales_gen_Incertae_sedis
2229,OTU2321,370,335,368,758,512,545,9,63.9,1.67e-09,100,p__Basidiomycota,c__Agaricomycetes,o__Auriculariales,f__Auriculariales_fam_Incertae_sedis,g__Auriculariales_gen_Incertae_sedis,s__Auriculariales_sp,Auriculariales_sp,JQ272342,SH0954825.09FU,reps,k__Fungi,OTU2321.p__Basidiomycota.g__Auriculariales_gen_Incertae_sedis
2230,OTU2322,331,284,329,1125,57,12,14,69.4,3.18e-11,93.478,p__Ascomycota,c__Sordariomycetes,o__Hypocreales,f__Nectriaceae,g__Fusarium,s__Fusarium_oxysporum,Fusarium_oxysporum,UDB041458,SH1099032.09FU,reps,k__Fungi,OTU2322.p__Ascomycota.g__Fusarium
2231,OTU2323,322,275,320,1125,57,12,14,69.4,3.08e-11,93.478,p__Ascomycota,c__Sordariomycetes,o__Hypocreales,f__Nectriaceae,g__Fusarium,s__Fusarium_oxysporum,Fusarium_oxysporum,UDB041458,SH1099032.09FU,reps,k__Fungi,OTU2323.p__Ascomycota.g__Fusarium
2232,OTU2324,314,1,254,501,248,501,81,464,3.28e-130,99.606,p__Basidiomycota,c__Cystobasidiomycetes,o__Cystobasidiomycetes_ord_Incertae_sedis,f__Buckleyzymaceae,g__Buckleyzyma,s__Buckleyzyma_aurantiaca,Buckleyzyma_aurantiaca,AF444538,SH1223449.09FU,refs,k__Fungi,OTU2324.p__Basidiomycota.g__Buckleyzyma
2233,OTU2325,393,358,391,758,512,545,9,63.9,1.78e-09,100,p__Basidiomycota,c__Agaricomycetes,o__Auriculariales,f__Auriculariales_fam_Incertae_sedis,g__Auriculariales_gen_Incertae_sedis,s__Auriculariales_sp,Auriculariales_sp,JQ272342,SH0954825.09FU,reps,k__Fungi,OTU2325.p__Basidiomycota.g__Auriculariales_gen_Incertae_sedis
2234,OTU2326,273,1,221,481,263,481,81,351,2.3e-96,95.495,p__Ascomycota,c__Eurotiomycetes,o__Eurotiales,f__Aspergillaceae,g__Talaromyces,s__Talaromyces_paucisporus,Talaromyces_paucisporus,AB176603,SH4240811.09FU,refs_singleton,k__Fungi,OTU2326.p__Ascomycota.g__Talaromyces
2235,OTU2327,358,1,66,595,279,343,18,115,4.38e-25,98.485,p__Chytridiomycota,c__Chytridiomycota_cls_Incertae_sedis,o__Chytridiomycota_ord_Incertae_sedis,f__Chytridiomycota_fam_Incertae_sedis,g__Chytridiomycota_gen_Incertae_sedis,s__Chytridiomycota_sp,Chytridiomycota_sp,UDB0363293,SH1119013.09FU,reps,k__Fungi,OTU2327.p__Chytridiomycota.g__Chytridiomycota_gen_Incertae_sedis
2236,OTU2328,345,1,282,562,286,560,82,420,7.96e-117,93.972,p__Basidiomycota,c__Agaricomycetes,o__Cantharellales,f__Ceratobasidiaceae,g__Ceratobasidium,s__Ceratobasidium_sp,Ceratobasidium_sp,UDB01683298,SH1040663.09FU,reps,k__Fungi,OTU2328.p__Basidiomycota.g__Ceratobasidium
2237,OTU2329,280,1,240,510,272,509,86,431,2.95e-120,99.167,p__Ascomycota,c__Dothideomycetes,o__Pleosporales,f__Pleosporaceae,g__Exserohilum,s__Exserohilum_oryzicola,Exserohilum_oryzicola,HF934949,SH0885110.09FU,refs,k__Fungi,OTU2329.p__Ascomycota.g__Exserohilum
2238,OTU2331,398,344,393,581,477,527,13,60.2,2.33e-08,88.235,p__Ascomycota,c__Leotiomycetes,o__Helotiales,f__Dermateaceae,g__Pezicula,s__Pezicula_radicicola,Pezicula_radicicola,FJ179465,SH0975489.09FU,reps,k__Fungi,OTU2331.p__Ascomycota.g__Pezicula
2239,OTU2332,338,291,336,1125,57,12,14,69.4,3.25e-11,93.478,p__Ascomycota,c__Sordariomycetes,o__Hypocreales,f__Nectriaceae,g__Fusarium,s__Fusarium_oxysporum,Fusarium_oxysporum,UDB041458,SH1099032.09FU,reps,k__Fungi,OTU2332.p__Ascomycota.g__Fusarium
2240,OTU2333,267,1,222,475,254,475,83,399,7.89e-111,99.099,p__Ascomycota,c__Dothideomycetes,o__Pleosporales,f__Sporormiaceae,g__Sporormiella,s__Sporormiella_similis,Sporormiella_similis,DQ468028,SH1085481.09FU,refs,k__Fungi,OTU2333.p__Ascomycota.g__Sporormiella
2241,OTU2335,268,1,207,489,283,489,77,372,1.73e-102,99.034,p__Ascomycota,c__Dothideomycetes,o__Pleosporales,f__Didymosphaeriaceae,g__Paraconiothyrium,s__Paraconiothyrium_brasiliense,Paraconiothyrium_brasiliense,UDB03011824,SH1291824.09FU,reps,k__Fungi,OTU2335.p__Ascomycota.g__Paraconiothyrium
2242,OTU2336,272,1,198,503,286,483,73,289,1.82e-77,93,p__Ascomycota,c__Sordariomycetes,o__Sordariales,f__Chaetomiaceae,g__Subramaniula,s__Subramaniula_obscura,Subramaniula_obscura,KP862595,SH4314947.09FU,refs_singleton,k__Fungi,OTU2336.p__Ascomycota.g__Subramaniula
2243,OTU2337,294,1,234,478,243,478,80,340,5.36e-93,92.797,p__Ascomycota,c__Dothideomycetes,o__Mycosphaerellales,f__Phaeothecoidiellaceae,g__Translucidithyrium,s__Translucidithyrium_thailandicum,Translucidithyrium_thailandicum,MG993045,SH2105108.09FU,refs_singleton,k__Fungi,OTU2337.p__Ascomycota.g__Translucidithyrium
2244,OTU2338,362,323,360,758,508,545,10,65.8,4.53e-10,97.368,p__Basidiomycota,c__Agaricomycetes,o__Auriculariales,f__Auriculariales_fam_Incertae_sedis,g__Auriculariales_gen_Incertae_sedis,s__Auriculariales_sp,Auriculariales_sp,JQ272342,SH0954825.09FU,reps,k__Fungi,OTU2338.p__Basidiomycota.g__Auriculariales_gen_Incertae_sedis
2245,OTU2339,265,228,263,758,510,545,14,67.6,9.02e-11,100,p__Basidiomycota,c__Agaricomycetes,o__Auriculariales,f__Auriculariales_fam_Incertae_sedis,g__Auriculariales_gen_Incertae_sedis,s__Auriculariales_sp,Auriculariales_sp,JQ272342,SH0954825.09FU,reps,k__Fungi,OTU2339.p__Basidiomycota.g__Auriculariales_gen_Incertae_sedis
2246,OTU2340,268,1,204,469,263,466,76,355,1.74e-97,98.039,p__Ascomycota,c__Pezizomycotina_cls_Incertae_sedis,o__Pezizomycotina_ord_Incertae_sedis,f__Pezizomycotina_fam_Incertae_sedis,g__Pezizomycotina_gen_Incertae_sedis,s__Pezizomycotina_sp,Pezizomycotina_sp,UDB04351596,SH0983963.09FU,reps,k__Fungi,OTU2340.p__Ascomycota.g__Pezizomycotina_gen_Incertae_sedis
2247,OTU2341,287,57,284,536,536,310,79,398,3.07e-110,98.246,p__Ascomycota,c__Dothideomycetes,o__Pleosporales,f__Pleosporales_fam_Incertae_sedis,g__Pleosporales_gen_Incertae_sedis,s__Pleosporales_sp,Pleosporales_sp,KP137418,SH0896665.09FU,reps,k__Fungi,OTU2341.p__Ascomycota.g__Pleosporales_gen_Incertae_sedis
2248,OTU2342,340,1,121,688,377,510,36,119,3.2e-26,84.444,p__Chytridiomycota,c__Cladochytriomycetes,o__Cladochytriales,f__Endochytriaceae,g__Endochytrium,s__Endochytrium_sp,Endochytrium_sp,MT730749,SH1200379.09FU,reps,k__Fungi,OTU2342.p__Chytridiomycota.g__Endochytrium
2249,OTU2343,261,1,213,492,280,492,82,361,3.63e-99,97.183,p__Ascomycota,c__Eurotiomycetes,o__Onygenales,f__Onygenaceae,g__Chrysosporium,s__Chrysosporium_sp,Chrysosporium_sp,MW216032,SH0956786.09FU,reps,k__Fungi,OTU2343.p__Ascomycota.g__Chrysosporium
2250,OTU2344,266,1,221,496,275,496,83,364,2.87e-100,96.429,p__Ascomycota,c__Dothideomycetes,o__Pleosporales,f__Pleosporales_fam_Incertae_sedis,g__Ochrocladosporium,s__Ochrocladosporium_adansoniae,Ochrocladosporium_adansoniae,KF777176,SH1458177.09FU,refs_singleton,k__Fungi,OTU2344.p__Ascomycota.g__Ochrocladosporium
2251,OTU2345,311,1,251,461,210,461,81,431,3.29e-120,97.628,p__Glomeromycota,c__Glomeromycetes,o__Glomerales,f__Glomeraceae,g__Glomeraceae_gen_Incertae_sedis,s__Glomeraceae_sp,Glomeraceae_sp,UDB0696360,SH0993512.09FU,reps,k__Fungi,OTU2345.p__Glomeromycota.g__Glomeraceae_gen_Incertae_sedis
2252,OTU2346,349,293,347,1125,66,12,16,69.4,3.36e-11,89.091,p__Ascomycota,c__Sordariomycetes,o__Hypocreales,f__Nectriaceae,g__Fusarium,s__Fusarium_oxysporum,Fusarium_oxysporum,UDB041458,SH1099032.09FU,reps,k__Fungi,OTU2346.p__Ascomycota.g__Fusarium
2253,OTU2347,352,1,291,554,264,554,83,516,1.01e-145,98.625,p__Fungi_phy_Incertae_sedis,c__Fungi_cls_Incertae_sedis,o__Fungi_ord_Incertae_sedis,f__Fungi_fam_Incertae_sedis,g__Fungi_gen_Incertae_sedis,s__Fungi_sp,Fungi_sp,UDB02106316,SH0898588.09FU,reps,k__Fungi,OTU2347.p__Fungi_phy_Incertae_sedis.g__Fungi_gen_Incertae_sedis
2254,OTU2348,284,1,224,450,225,450,79,322,1.88e-87,92.544,p__Basidiomycota,c__Tremellomycetes,o__Tremellales,f__Cuniculitremaceae,g__Kockovaella,s__Kockovaella_prillingeri,Kockovaella_prillingeri,AJ608647,SH0997000.09FU,refs,k__Fungi,OTU2348.p__Basidiomycota.g__Kockovaella
2255,OTU2349,285,1,225,502,278,502,79,399,8.48e-111,98.667,p__Ascomycota,c__Sordariomycetes,o__Hypocreales,f__Ophiocordycipitaceae,g__Ophiocordycipitaceae_gen_Incertae_sedis,s__Ophiocordycipitaceae_sp,Ophiocordycipitaceae_sp,MF971608,SH0896937.09FU,reps,k__Fungi,OTU2349.p__Ascomycota.g__Ophiocordycipitaceae_gen_Incertae_sedis
2256,OTU2350,286,57,284,451,451,225,80,398,3.06e-110,98.246,p__Ascomycota,c__Dothideomycetes,o__Pleosporales,f__Sporormiaceae,g__Preussia,s__Preussia_flanaganii,Preussia_flanaganii,AY943061,SH1082255.09FU,refs,k__Fungi,OTU2350.p__Ascomycota.g__Preussia
2257,OTU2351,304,80,296,498,481,266,71,333,9.31e-91,94.47,p__Ascomycota,c__Sordariomycetes,o__Sordariales,f__Chaetomiaceae,g__Chaetomium,s__Chaetomium_globosum,Chaetomium_globosum,MT920575,SH0881857.09FU,reps,k__Fungi,OTU2351.p__Ascomycota.g__Chaetomium
2258,OTU2352,298,58,290,474,474,242,78,425,1.46e-118,99.571,p__Ascomycota,c__Sordariomycetes,o__Hypocreales,f__Nectriaceae,g__Fusarium,s__Fusarium_sp,Fusarium_sp,UDB02208213,SH1079500.09FU,reps,k__Fungi,OTU2352.p__Ascomycota.g__Fusarium
2259,OTU2353,349,1,290,504,215,504,83,508,1.67e-143,98.282,p__Glomeromycota,c__Glomeromycetes,o__Glomerales,f__Glomeraceae,g__Funneliformis,s__Funneliformis_xanthium,Funneliformis_xanthium,AJ849467,SH0886972.09FU,refs,k__Fungi,OTU2353.p__Glomeromycota.g__Funneliformis
2260,OTU2354,390,353,388,758,510,545,9,67.6,1.36e-10,100,p__Basidiomycota,c__Agaricomycetes,o__Auriculariales,f__Auriculariales_fam_Incertae_sedis,g__Auriculariales_gen_Incertae_sedis,s__Auriculariales_sp,Auriculariales_sp,JQ272342,SH0954825.09FU,reps,k__Fungi,OTU2354.p__Basidiomycota.g__Auriculariales_gen_Incertae_sedis
2261,OTU2355,295,1,234,442,211,442,79,414,3.13e-115,98.718,p__Glomeromycota,c__Glomeromycetes,o__Glomerales,f__Glomeraceae,g__Kamienskia,s__Kamienskia_perpusilla,Kamienskia_perpusilla,UDB02263819,SH1031022.09FU,reps,k__Fungi,OTU2355.p__Glomeromycota.g__Kamienskia
2262,OTU2356,167,1,165,637,573,409,99,305,1.04e-82,100,p__Ascomycota,c__Dothideomycetes,o__Pleosporales,f__Didymosphaeriaceae,g__Tremateia,s__Tremateia_murispora,Tremateia_murispora,MK962245,SH1813403.09FU,refs_singleton,k__Fungi,OTU2356.p__Ascomycota.g__Tremateia
2263,OTU2357,422,1,47,634,332,378,11,71.3,1.15e-11,93.617,p__Chytridiomycota,c__Chytridiomycota_cls_Incertae_sedis,o__Chytridiomycota_ord_Incertae_sedis,f__Chytridiomycota_fam_Incertae_sedis,g__Chytridiomycota_gen_Incertae_sedis,s__Chytridiomycota_sp,Chytridiomycota_sp,UDB02299221,SH1133151.09FU,reps,k__Fungi,OTU2357.p__Chytridiomycota.g__Chytridiomycota_gen_Incertae_sedis
2264,OTU2358,341,302,339,1125,49,12,11,65.8,4.25e-10,97.368,p__Ascomycota,c__Sordariomycetes,o__Hypocreales,f__Nectriaceae,g__Fusarium,s__Fusarium_oxysporum,Fusarium_oxysporum,UDB041458,SH1099032.09FU,reps,k__Fungi,OTU2358.p__Ascomycota.g__Fusarium
2265,OTU2359,329,1,268,630,361,630,81,392,1.65e-108,92.963,p__Chytridiomycota,c__Spizellomycetes,o__Spizellomycetales,f__Spizellomycetaceae,g__Spizellomycetaceae_gen_Incertae_sedis,s__Spizellomycetaceae_sp,Spizellomycetaceae_sp,UDB07377927,SH1173689.09FU,reps,k__Fungi,OTU2359.p__Chytridiomycota.g__Spizellomycetaceae_gen_Incertae_sedis
2266,OTU2360,275,1,214,452,239,452,78,385,2.28e-106,99.065,p__Ascomycota,c__Sordariomycetes,o__Sordariomycetes_ord_Incertae_sedis,f__Sordariomycetes_fam_Incertae_sedis,g__Sordariomycetes_gen_Incertae_sedis,s__Sordariomycetes_sp,Sordariomycetes_sp,UDB03559913,SH0996097.09FU,reps,k__Fungi,OTU2360.p__Ascomycota.g__Sordariomycetes_gen_Incertae_sedis
2267,OTU2361,375,320,373,849,484,431,14,73.1,2.81e-12,90.741,p__Ascomycota,c__GS35,o__GS35_ord_Incertae_sedis,f__GS35_fam_Incertae_sedis,g__GS35_gen_Incertae_sedis,s__GS35_sp,GS35_sp,UDB097091,SH1322839.09FU,reps,k__Fungi,OTU2361.p__Ascomycota.g__GS35_gen_Incertae_sedis
2268,OTU2362,319,1,258,619,368,619,81,327,4.56e-89,90.152,p__Ascomycota,c__Ascomycota_cls_Incertae_sedis,o__Ascomycota_ord_Incertae_sedis,f__Ascomycota_fam_Incertae_sedis,g__Ascomycota_gen_Incertae_sedis,s__Ascomycota_sp,Ascomycota_sp,UDB01346074,SH1202557.09FU,reps,k__Fungi,OTU2362.p__Ascomycota.g__Ascomycota_gen_Incertae_sedis
2269,OTU2363,356,1,296,512,218,512,83,507,6.15e-143,97.635,p__Glomeromycota,c__Glomeromycetes,o__Glomerales,f__Glomeraceae,g__Glomeraceae_gen_Incertae_sedis,s__Glomeraceae_sp,Glomeraceae_sp,KF206537,SH1275028.09FU,reps,k__Fungi,OTU2363.p__Glomeromycota.g__Glomeraceae_gen_Incertae_sedis
2270,OTU2364,378,1,333,608,276,608,88,505,2.36e-142,93.994,p__Basidiomycota,c__Ustilaginomycetes,o__Urocystidales,f__Urocystidaceae,g__Urocystis,s__Urocystis_kmetiana,Urocystis_kmetiana,MN855223,SH1298436.09FU,reps,k__Fungi,OTU2364.p__Basidiomycota.g__Urocystis
2271,OTU2365,340,292,338,1125,58,12,14,71.3,9.1e-12,93.617,p__Ascomycota,c__Sordariomycetes,o__Hypocreales,f__Nectriaceae,g__Fusarium,s__Fusarium_oxysporum,Fusarium_oxysporum,UDB041458,SH1099032.09FU,reps,k__Fungi,OTU2365.p__Ascomycota.g__Fusarium
2272,OTU2366,276,1,216,484,267,484,78,390,4.93e-108,99.083,p__Ascomycota,c__Sordariomycetes,o__Sordariales,f__Chaetomiaceae,g__Pseudothielavia,s__Pseudothielavia_arxii,Pseudothielavia_arxii,MK926830,SH0881440.09FU,refs,k__Fungi,OTU2366.p__Ascomycota.g__Pseudothielavia
2273,OTU2367,397,358,395,758,508,545,10,65.8,5e-10,97.368,p__Basidiomycota,c__Agaricomycetes,o__Auriculariales,f__Auriculariales_fam_Incertae_sedis,g__Auriculariales_gen_Incertae_sedis,s__Auriculariales_sp,Auriculariales_sp,JQ272342,SH0954825.09FU,reps,k__Fungi,OTU2367.p__Basidiomycota.g__Auriculariales_gen_Incertae_sedis
2274,OTU2368,312,1,251,535,288,535,80,405,2e-112,96.032,p__Glomeromycota,c__Glomeromycetes,o__Glomerales,f__Glomeraceae,g__Glomus,s__Glomus_sp,Glomus_sp,UDB03143990,SH1310055.09FU,reps,k__Fungi,OTU2368.p__Glomeromycota.g__Glomus
2275,OTU2369,379,1,225,737,419,645,59,180,1.63e-44,81.466,p__Fungi_phy_Incertae_sedis,c__Fungi_cls_Incertae_sedis,o__Fungi_ord_Incertae_sedis,f__Fungi_fam_Incertae_sedis,g__Fungi_gen_Incertae_sedis,s__Fungi_sp,Fungi_sp,UDB0751837,SH1321765.09FU,reps,k__Fungi,OTU2369.p__Fungi_phy_Incertae_sedis.g__Fungi_gen_Incertae_sedis
2276,OTU2370,277,1,217,486,270,486,78,390,4.95e-108,99.078,p__Ascomycota,c__Dothideomycetes,o__Pleosporales,f__Pleosporaceae,g__Curvularia,s__Curvularia_hawaiiensis,Curvularia_hawaiiensis,HE792910,SH1224143.09FU,refs,k__Fungi,OTU2370.p__Ascomycota.g__Curvularia
2277,OTU2371,430,383,428,1125,57,12,11,69.4,4.21e-11,93.478,p__Ascomycota,c__Sordariomycetes,o__Hypocreales,f__Nectriaceae,g__Fusarium,s__Fusarium_oxysporum,Fusarium_oxysporum,UDB041458,SH1099032.09FU,reps,k__Fungi,OTU2371.p__Ascomycota.g__Fusarium
2278,OTU2372,401,345,396,581,475,527,13,63.9,1.82e-09,88.889,p__Ascomycota,c__Leotiomycetes,o__Helotiales,f__Dermateaceae,g__Pezicula,s__Pezicula_radicicola,Pezicula_radicicola,FJ179465,SH0975489.09FU,reps,k__Fungi,OTU2372.p__Ascomycota.g__Pezicula
2279,OTU2373,410,352,408,1125,68,12,14,78.7,6.64e-14,91.228,p__Ascomycota,c__Sordariomycetes,o__Hypocreales,f__Nectriaceae,g__Fusarium,s__Fusarium_oxysporum,Fusarium_oxysporum,UDB041458,SH1099032.09FU,reps,k__Fungi,OTU2373.p__Ascomycota.g__Fusarium
2280,OTU2374,267,1,206,474,269,474,77,375,1.33e-103,99.515,p__Ascomycota,c__Pezizomycotina_cls_Incertae_sedis,o__Pezizomycotina_ord_Incertae_sedis,f__Pezizomycotina_fam_Incertae_sedis,g__Pezizomycotina_gen_Incertae_sedis,s__Pezizomycotina_sp,Pezizomycotina_sp,UDB04359560,SH1026632.09FU,reps,k__Fungi,OTU2374.p__Ascomycota.g__Pezizomycotina_gen_Incertae_sedis
2281,OTU2376,272,1,211,487,277,487,78,390,4.85e-108,100,p__Ascomycota,c__Sordariomycetes,o__Hypocreales,f__Hypocreales_fam_Incertae_sedis,g__Hypocreales_gen_Incertae_sedis,s__Hypocreales_sp,Hypocreales_sp,UDB03571463,SH0971635.09FU,reps,k__Fungi,OTU2376.p__Ascomycota.g__Hypocreales_gen_Incertae_sedis
2282,OTU2377,379,332,377,1125,57,12,12,69.4,3.68e-11,93.478,p__Ascomycota,c__Sordariomycetes,o__Hypocreales,f__Nectriaceae,g__Fusarium,s__Fusarium_oxysporum,Fusarium_oxysporum,UDB041458,SH1099032.09FU,reps,k__Fungi,OTU2377.p__Ascomycota.g__Fusarium
2283,OTU2378,284,1,213,479,259,470,75,287,6.86e-77,91.121,p__Ascomycota,c__Sordariomycetes,o__Hypocreales,f__Hypocreales_fam_Incertae_sedis,g__Hypocreales_gen_Incertae_sedis,s__Hypocreales_sp,Hypocreales_sp,UDB03572190,SH1032732.09FU,reps,k__Fungi,OTU2378.p__Ascomycota.g__Hypocreales_gen_Incertae_sedis
2284,OTU2379,273,1,212,489,278,489,78,381,2.93e-105,99.061,p__Ascomycota,c__Sordariomycetes,o__Diaporthales,f__Diaporthaceae,g__Phaeocytostroma,s__Phaeocytostroma_ambiguum,Phaeocytostroma_ambiguum,UDB04403625,SH1198211.09FU,reps,k__Fungi,OTU2379.p__Ascomycota.g__Phaeocytostroma
2285,OTU2380,424,1,367,587,227,587,87,617,3.28e-176,97.283,p__Rozellomycota,c__Rozellomycotina_cls_Incertae_sedis,o__GS11,f__GS11_fam_Incertae_sedis,g__GS11_gen_Incertae_sedis,s__GS11_sp,GS11_sp,UDB02389838,SH1267778.09FU,reps,k__Fungi,OTU2380.p__Rozellomycota.g__GS11_gen_Incertae_sedis
2286,OTU2381,330,283,328,1125,57,12,14,69.4,3.17e-11,93.478,p__Ascomycota,c__Sordariomycetes,o__Hypocreales,f__Nectriaceae,g__Fusarium,s__Fusarium_oxysporum,Fusarium_oxysporum,UDB041458,SH1099032.09FU,reps,k__Fungi,OTU2381.p__Ascomycota.g__Fusarium
2287,OTU2382,278,1,217,486,268,486,78,370,6.47e-102,97.26,p__Ascomycota,c__Sordariomycetes,o__Hypocreales,f__Hypocreales_fam_Incertae_sedis,g__Hypocreales_gen_Incertae_sedis,s__Hypocreales_sp,Hypocreales_sp,UDB02195873,SH0968195.09FU,reps,k__Fungi,OTU2382.p__Ascomycota.g__Hypocreales_gen_Incertae_sedis
2288,OTU2383,272,1,212,474,263,474,78,387,6.27e-107,99.528,p__Ascomycota,c__Dothideomycetes,o__Pleosporales,f__Periconiaceae,g__Periconia,s__Periconia_sp,Periconia_sp,KF907244,SH0999004.09FU,reps,k__Fungi,OTU2383.p__Ascomycota.g__Periconia
2289,OTU2384,318,1,259,618,359,618,81,429,1.21e-119,96.552,p__Basidiomycota,c__Agaricomycetes,o__Agaricales,f__Psathyrellaceae,g__Coprinopsis,s__Coprinopsis_urticicola,Coprinopsis_urticicola,AM901940,SH1204426.09FU,reps,k__Fungi,OTU2384.p__Basidiomycota.g__Coprinopsis
2290,OTU2385,379,336,377,1125,53,12,11,67.6,1.32e-10,95.238,p__Ascomycota,c__Sordariomycetes,o__Hypocreales,f__Nectriaceae,g__Fusarium,s__Fusarium_oxysporum,Fusarium_oxysporum,UDB041458,SH1099032.09FU,reps,k__Fungi,OTU2385.p__Ascomycota.g__Fusarium
2291,OTU2386,337,1,222,494,235,449,66,154,8.7e-37,80.519,p__Basidiomycota,c__Agaricomycetes,o__Phallales,f__Phallales_fam_Incertae_sedis,g__Phallales_gen_Incertae_sedis,s__Phallales_sp,Phallales_sp,UDB04513203,SH1097116.09FU,reps,k__Fungi,OTU2386.p__Basidiomycota.g__Phallales_gen_Incertae_sedis
2292,OTU2387,364,1,304,532,252,532,84,379,1.43e-104,90.461,p__Fungi_phy_Incertae_sedis,c__Fungi_cls_Incertae_sedis,o__Fungi_ord_Incertae_sedis,f__Fungi_fam_Incertae_sedis,g__Fungi_gen_Incertae_sedis,s__Fungi_sp,Fungi_sp,UDB0198284,SH0915195.09FU,reps,k__Fungi,OTU2387.p__Fungi_phy_Incertae_sedis.g__Fungi_gen_Incertae_sedis
2293,OTU2388,273,1,193,551,327,525,71,235,2.41e-61,88.5,p__Ascomycota,c__Eurotiomycetes,o__Chaetothyriales,f__Herpotrichiellaceae,g__Herpotrichiellaceae_gen_Incertae_sedis,s__Herpotrichiellaceae_sp,Herpotrichiellaceae_sp,UDB03385034,SH0898489.09FU,reps,k__Fungi,OTU2388.p__Ascomycota.g__Herpotrichiellaceae_gen_Incertae_sedis
2294,OTU2389,291,1,213,574,348,557,73,291,5.42e-78,91.589,p__Ascomycota,c__Eurotiomycetes,o__Chaetothyriales,f__Chaetothyriales_fam_Incertae_sedis,g__Chaetothyriales_gen_Incertae_sedis,s__Chaetothyriales_sp,Chaetothyriales_sp,UDB01803372,SH1158413.09FU,reps,k__Fungi,OTU2389.p__Ascomycota.g__Chaetothyriales_gen_Incertae_sedis
2295,OTU2390,261,1,218,460,248,460,84,243,1.37e-63,87.156,p__Ascomycota,c__Dothideomycetes,o__Mycosphaerellales,f__Mycosphaerellaceae,g__Mycosphaerella,s__Mycosphaerella_sp,Mycosphaerella_sp,JX981509,SH0995183.09FU,reps,k__Fungi,OTU2390.p__Ascomycota.g__Mycosphaerella
2296,OTU2391,285,1,222,528,302,523,78,355,1.86e-97,95.516,p__Ascomycota,c__Eurotiomycetes,o__Chaetothyriales,f__Chaetothyriaceae,g__Hermetothecium,s__Hermetothecium_mikaniae-micranthae,Hermetothecium_mikaniae-micranthae,MN537723,SH1129177.09FU,refs,k__Fungi,OTU2391.p__Ascomycota.g__Hermetothecium
2297,OTU2392,371,336,369,758,512,545,9,63.9,1.67e-09,100,p__Basidiomycota,c__Agaricomycetes,o__Auriculariales,f__Auriculariales_fam_Incertae_sedis,g__Auriculariales_gen_Incertae_sedis,s__Auriculariales_sp,Auriculariales_sp,JQ272342,SH0954825.09FU,reps,k__Fungi,OTU2392.p__Basidiomycota.g__Auriculariales_gen_Incertae_sedis
2298,OTU2393,273,1,212,458,247,458,78,348,2.97e-95,96.226,p__Ascomycota,c__Sordariomycetes,o__Xylariales,f__Coniocessiaceae,g__Coniocessia,s__Coniocessia_sp,Coniocessia_sp,UDB04071420,SH0949085.09FU,reps,k__Fungi,OTU2393.p__Ascomycota.g__Coniocessia
2299,OTU2394,343,1,63,646,327,389,18,106,2.52e-22,96.825,p__Chytridiomycota,c__Spizellomycetes,o__Spizellomycetales,f__Spizellomycetales_fam_Incertae_sedis,g__Spizellomycetales_gen_Incertae_sedis,s__Spizellomycetales_sp,Spizellomycetales_sp,UDB07390816,SH1199670.09FU,reps,k__Fungi,OTU2394.p__Chytridiomycota.g__Spizellomycetales_gen_Incertae_sedis
2300,OTU2395,345,1,284,542,265,542,82,381,3.76e-105,91.259,p__Chytridiomycota,c__Rhizophydiomycetes,o__Rhizophydiales,f__Alphamycetaceae,g__Betamyces,s__Betamyces_sp,Betamyces_sp,UDB01509701,SH0888226.09FU,reps,k__Fungi,OTU2395.p__Chytridiomycota.g__Betamyces
2301,OTU2396,308,1,248,457,210,457,81,459,1.49e-128,100,p__Glomeromycota,c__Glomeromycetes,o__Diversisporales,f__Diversisporaceae,g__Diversisporaceae_gen_Incertae_sedis,s__Diversisporaceae_sp,Diversisporaceae_sp,UDB0200389,SH0981134.09FU,reps,k__Fungi,OTU2396.p__Glomeromycota.g__Diversisporaceae_gen_Incertae_sedis
2302,OTU2397,320,262,318,1125,68,12,18,84.2,1.09e-15,92.982,p__Ascomycota,c__Sordariomycetes,o__Hypocreales,f__Nectriaceae,g__Fusarium,s__Fusarium_oxysporum,Fusarium_oxysporum,UDB041458,SH1099032.09FU,reps,k__Fungi,OTU2397.p__Ascomycota.g__Fusarium
2303,OTU2398,397,350,395,1125,57,12,12,69.4,3.86e-11,93.478,p__Ascomycota,c__Sordariomycetes,o__Hypocreales,f__Nectriaceae,g__Fusarium,s__Fusarium_oxysporum,Fusarium_oxysporum,UDB041458,SH1099032.09FU,reps,k__Fungi,OTU2398.p__Ascomycota.g__Fusarium
2304,OTU2399,348,301,346,1125,57,12,13,69.4,3.35e-11,93.478,p__Ascomycota,c__Sordariomycetes,o__Hypocreales,f__Nectriaceae,g__Fusarium,s__Fusarium_oxysporum,Fusarium_oxysporum,UDB041458,SH1099032.09FU,reps,k__Fungi,OTU2399.p__Ascomycota.g__Fusarium
2305,OTU2401,284,57,276,483,483,264,77,407,5.05e-113,100,p__Ascomycota,c__Leotiomycetes,o__Thelebolales,f__Thelebolaceae,g__Thelebolaceae_gen_Incertae_sedis,s__Thelebolaceae_sp,Thelebolaceae_sp,MZ444071,SH0956573.09FU,reps,k__Fungi,OTU2401.p__Ascomycota.g__Thelebolaceae_gen_Incertae_sedis
2306,OTU2402,332,58,324,514,514,248,80,483,9.61e-136,99.251,p__Basidiomycota,c__Agaricomycetes,o__Auriculariales,f__Auriculariales_fam_Incertae_sedis,g__Oliveonia,s__Oliveonia_sp,Oliveonia_sp,UDB02405782,SH1090747.09FU,reps,k__Fungi,OTU2402.p__Basidiomycota.g__Oliveonia
2307,OTU2403,292,57,284,493,493,267,78,414,3.09e-115,99.561,p__Ascomycota,c__Dothideomycetes,o__Pleosporales,f__Sporormiaceae,g__Preussia,s__Preussia_sp,Preussia_sp,UDB05239316,SH0921821.09FU,reps,k__Fungi,OTU2403.p__Ascomycota.g__Preussia
2308,OTU2404,301,58,293,463,463,227,78,409,1.49e-113,97.89,p__Ascomycota,c__Ascomycota_cls_Incertae_sedis,o__Ascomycota_ord_Incertae_sedis,f__Ascomycota_fam_Incertae_sedis,g__Ascomycota_gen_Incertae_sedis,s__Ascomycota_sp,Ascomycota_sp,UDB03409154,SH0936463.09FU,reps,k__Fungi,OTU2404.p__Ascomycota.g__Ascomycota_gen_Incertae_sedis
2309,OTU2405,439,1,64,556,243,306,15,119,4.21e-26,100,p__Aphelidiomycota,c__Aphelidiomycota_cls_Incertae_sedis,o__Aphelidiomycota_ord_Incertae_sedis,f__Aphelidiomycota_fam_Incertae_sedis,g__Aphelidiomycota_gen_Incertae_sedis,s__Aphelidiomycota_sp,Aphelidiomycota_sp,UDB01170950,SH1144432.09FU,reps,k__Fungi,OTU2405.p__Aphelidiomycota.g__Aphelidiomycota_gen_Incertae_sedis
2310,OTU2406,331,1,265,486,222,486,80,462,1.25e-129,98.12,p__Glomeromycota,c__Glomeromycetes,o__Glomerales,f__Claroideoglomeraceae,g__Claroideoglomus,s__Claroideoglomus_sp,Claroideoglomus_sp,UDB03120055,SH0902929.09FU,reps,k__Fungi,OTU2406.p__Glomeromycota.g__Claroideoglomus
2311,OTU2407,286,1,226,525,300,525,79,418,2.35e-116,100,p__Ascomycota,c__Pezizomycetes,o__Pezizales,f__Pyronemataceae,g__Lasiobolidium,s__Lasiobolidium_orbiculoides,Lasiobolidium_orbiculoides,MH860695,SH0919353.09FU,refs,k__Fungi,OTU2407.p__Ascomycota.g__Lasiobolidium
2312,OTU2408,339,1,279,560,283,560,82,508,1.62e-143,99.642,p__Basidiomycota,c__Basidiomycota_cls_Incertae_sedis,o__Basidiomycota_ord_Incertae_sedis,f__Basidiomycota_fam_Incertae_sedis,g__Basidiomycota_gen_Incertae_sedis,s__Basidiomycota_sp,Basidiomycota_sp,UDB0203850,SH1262733.09FU,reps,k__Fungi,OTU2408.p__Basidiomycota.g__Basidiomycota_gen_Incertae_sedis
2313,OTU2409,452,1,354,633,243,591,78,460,6.26e-129,90.582,p__Mortierellomycota,c__Mortierellomycota_cls_Incertae_sedis,o__Mortierellomycota_ord_Incertae_sedis,f__Mortierellomycota_fam_Incertae_sedis,g__Mortierellomycota_gen_Incertae_sedis,s__Mortierellomycota_sp,Mortierellomycota_sp,UDB04953081,SH1257055.09FU,reps,k__Fungi,OTU2409.p__Mortierellomycota.g__Mortierellomycota_gen_Incertae_sedis
2314,OTU2410,328,281,326,1125,57,12,14,69.4,3.15e-11,93.478,p__Ascomycota,c__Sordariomycetes,o__Hypocreales,f__Nectriaceae,g__Fusarium,s__Fusarium_oxysporum,Fusarium_oxysporum,UDB041458,SH1099032.09FU,reps,k__Fungi,OTU2410.p__Ascomycota.g__Fusarium
2315,OTU2411,234,1,174,358,185,358,74,322,1.52e-87,100,p__Ascomycota,c__Saccharomycetes,o__Saccharomycetales,f__Debaryomycetaceae,g__Hyphopichia,s__Hyphopichia_burtonii,Hyphopichia_burtonii,EU714323,SH1088425.09FU,refs,k__Fungi,OTU2411.p__Ascomycota.g__Hyphopichia
2316,OTU2412,329,1,269,630,364,630,82,451,2.68e-126,97.026,p__Basidiomycota,c__Agaricomycetes,o__Agaricales,f__Psathyrellaceae,g__Coprinopsis,s__Coprinopsis_atramentaria,Coprinopsis_atramentaria,UDB011751,SH1204519.09FU,refs,k__Fungi,OTU2412.p__Basidiomycota.g__Coprinopsis
2317,OTU2413,390,1,318,624,277,608,82,374,7.17e-103,87.798,p__Ascomycota,c__Sordariomycetes,o__Xylariales,f__Microdochiaceae,g__Idriella,s__Idriella_sp,Idriella_sp,UDB03591025,SH1265381.09FU,reps,k__Fungi,OTU2413.p__Ascomycota.g__Idriella
2318,OTU2414,333,286,331,1125,57,12,14,69.4,3.2e-11,93.478,p__Ascomycota,c__Sordariomycetes,o__Hypocreales,f__Nectriaceae,g__Fusarium,s__Fusarium_oxysporum,Fusarium_oxysporum,UDB041458,SH1099032.09FU,reps,k__Fungi,OTU2414.p__Ascomycota.g__Fusarium
2319,OTU2415,380,1,115,527,412,527,30,191,7.54e-48,96.552,p__Fungi_phy_Incertae_sedis,c__Fungi_cls_Incertae_sedis,o__Fungi_ord_Incertae_sedis,f__Fungi_fam_Incertae_sedis,g__Fungi_gen_Incertae_sedis,s__Fungi_sp,Fungi_sp,UDB0584564,SH1089013.09FU,reps,k__Fungi,OTU2415.p__Fungi_phy_Incertae_sedis.g__Fungi_gen_Incertae_sedis
2320,OTU2416,367,59,358,590,590,291,82,538,2.25e-152,99,p__Basidiomycota,c__Agaricomycetes,o__Cantharellales,f__Ceratobasidiaceae,g__Thanatephorus,s__Thanatephorus_sp,Thanatephorus_sp,UDB05481513,SH1183504.09FU,reps,k__Fungi,OTU2416.p__Basidiomycota.g__Thanatephorus
2321,OTU2417,283,1,236,528,293,528,83,431,2.98e-120,99.576,p__Ascomycota,c__Sordariomycetes,o__Sordariales,f__Chaetomiaceae,g__Humicola,s__Humicola_alopallonella,Humicola_alopallonella,MH857957,SH1101952.09FU,reps,k__Fungi,OTU2417.p__Ascomycota.g__Humicola
2322,OTU2418,331,284,329,1125,57,12,14,69.4,3.18e-11,93.478,p__Ascomycota,c__Sordariomycetes,o__Hypocreales,f__Nectriaceae,g__Fusarium,s__Fusarium_oxysporum,Fusarium_oxysporum,UDB041458,SH1099032.09FU,reps,k__Fungi,OTU2418.p__Ascomycota.g__Fusarium
2323,OTU2419,317,1,256,591,336,591,81,462,1.19e-129,99.219,p__Basidiomycota,c__Agaricomycetes,o__Agaricales,f__Entolomataceae,g__Entoloma,s__Entoloma_albotomentosum,Entoloma_albotomentosum,UDB05332310,SH1260568.09FU,reps,k__Fungi,OTU2419.p__Basidiomycota.g__Entoloma
2324,OTU2420,306,250,301,581,475,527,17,58.4,6.32e-08,86.792,p__Ascomycota,c__Leotiomycetes,o__Helotiales,f__Dermateaceae,g__Pezicula,s__Pezicula_radicicola,Pezicula_radicicola,FJ179465,SH0975489.09FU,reps,k__Fungi,OTU2420.p__Ascomycota.g__Pezicula
2325,OTU2421,267,1,206,442,237,442,77,359,1.34e-98,98.058,p__Ascomycota,c__Sordariomycetes,o__Sordariales,f__Podosporaceae,g__Podospora,s__Podospora_sp,Podospora_sp,UDB05112419,SH0938825.09FU,reps,k__Fungi,OTU2421.p__Ascomycota.g__Podospora
2326,OTU2422,291,1,231,494,263,494,79,383,8.69e-106,96.552,p__Ascomycota,c__Sordariomycetes,o__Microascales,f__Microascales_fam_Incertae_sedis,g__Microascales_gen_Incertae_sedis,s__Microascales_sp,Microascales_sp,UDB061186,SH1091207.09FU,reps,k__Fungi,OTU2422.p__Ascomycota.g__Microascales_gen_Incertae_sedis
2327,OTU2423,394,1,238,737,419,654,60,167,1.32e-40,80.081,p__Fungi_phy_Incertae_sedis,c__Fungi_cls_Incertae_sedis,o__Fungi_ord_Incertae_sedis,f__Fungi_fam_Incertae_sedis,g__Fungi_gen_Incertae_sedis,s__Fungi_sp,Fungi_sp,UDB0751837,SH1321765.09FU,reps,k__Fungi,OTU2423.p__Fungi_phy_Incertae_sedis.g__Fungi_gen_Incertae_sedis
2328,OTU2424,352,1,291,554,277,554,83,359,1.8e-98,89.726,p__Basidiomycota,c__Agaricomycetes,o__Agaricales,f__Agaricales_fam_Incertae_sedis,g__Agaricales_gen_Incertae_sedis,s__Agaricales_sp,Agaricales_sp,UDB0902984,SH0892624.09FU,reps,k__Fungi,OTU2424.p__Basidiomycota.g__Agaricales_gen_Incertae_sedis
2329,OTU2426,284,1,205,505,280,485,72,180,1.2e-44,82.938,p__Ascomycota,c__Eurotiomycetes,o__Chaetothyriales,f__Chaetothyriaceae,g__Nullicamyces,s__Nullicamyces_eucalypti,Nullicamyces_eucalypti,MH327807,SH1449624.09FU,refs_singleton,k__Fungi,OTU2426.p__Ascomycota.g__Nullicamyces
2330,OTU2427,352,305,350,1125,57,12,13,69.4,3.4e-11,93.478,p__Ascomycota,c__Sordariomycetes,o__Hypocreales,f__Nectriaceae,g__Fusarium,s__Fusarium_oxysporum,Fusarium_oxysporum,UDB041458,SH1099032.09FU,reps,k__Fungi,OTU2427.p__Ascomycota.g__Fusarium
2331,OTU2428,273,1,193,551,327,523,71,255,1.85e-67,90.355,p__Ascomycota,c__Eurotiomycetes,o__Chaetothyriales,f__Herpotrichiellaceae,g__Herpotrichiellaceae_gen_Incertae_sedis,s__Herpotrichiellaceae_sp,Herpotrichiellaceae_sp,UDB03385034,SH0898489.09FU,reps,k__Fungi,OTU2428.p__Ascomycota.g__Herpotrichiellaceae_gen_Incertae_sedis
2332,OTU2429,285,1,205,523,298,500,72,255,1.94e-67,89.423,p__Ascomycota,c__Eurotiomycetes,o__Chaetothyriales,f__Chaetothyriaceae,g__Aphanophora,s__Aphanophora_eugeniae,Aphanophora_eugeniae,FJ839617,SH1778392.09FU,refs_singleton,k__Fungi,OTU2429.p__Ascomycota.g__Aphanophora
2333,OTU2430,276,72,276,466,447,235,74,220,6.84e-57,85.915,p__Ascomycota,c__Ascomycota_cls_Incertae_sedis,o__Ascomycota_ord_Incertae_sedis,f__Ascomycota_fam_Incertae_sedis,g__Ascomycota_gen_Incertae_sedis,s__Ascomycota_sp,Ascomycota_sp,UDB01394191,SH1148262.09FU,reps,k__Fungi,OTU2430.p__Ascomycota.g__Ascomycota_gen_Incertae_sedis
2334,OTU2431,299,55,291,456,456,220,79,438,1.88e-122,100,p__Ascomycota,c__Sordariomycetes,o__Hypocreales,f__Nectriaceae,g__Nectria,s__Nectria_ramulariae,Nectria_ramulariae,AY677291,SH1239897.09FU,refs,k__Fungi,OTU2431.p__Ascomycota.g__Nectria
2335,OTU2432,376,1,52,721,420,471,14,91.6,7.78e-18,98.077,p__Chytridiomycota,c__Chytridiomycota_cls_Incertae_sedis,o__Chytridiomycota_ord_Incertae_sedis,f__Chytridiomycota_fam_Incertae_sedis,g__Chytridiomycota_gen_Incertae_sedis,s__Chytridiomycota_sp,Chytridiomycota_sp,UDB02275010,SH1165185.09FU,reps,k__Fungi,OTU2432.p__Chytridiomycota.g__Chytridiomycota_gen_Incertae_sedis
2336,OTU2433,322,285,320,758,510,545,11,67.6,1.11e-10,100,p__Basidiomycota,c__Agaricomycetes,o__Auriculariales,f__Auriculariales_fam_Incertae_sedis,g__Auriculariales_gen_Incertae_sedis,s__Auriculariales_sp,Auriculariales_sp,JQ272342,SH0954825.09FU,reps,k__Fungi,OTU2433.p__Basidiomycota.g__Auriculariales_gen_Incertae_sedis
2337,OTU2434,282,1,222,477,256,477,79,411,3.87e-114,100,p__Ascomycota,c__Sordariomycetes,o__Microascales,f__Microascaceae,g__Pithoascus,s__Pithoascus_nidicola,Pithoascus_nidicola,LM652450,SH1070236.09FU,reps,k__Fungi,OTU2434.p__Ascomycota.g__Pithoascus
2338,OTU2435,366,319,364,1125,57,12,13,69.4,3.54e-11,93.478,p__Ascomycota,c__Sordariomycetes,o__Hypocreales,f__Nectriaceae,g__Fusarium,s__Fusarium_oxysporum,Fusarium_oxysporum,UDB041458,SH1099032.09FU,reps,k__Fungi,OTU2435.p__Ascomycota.g__Fusarium
2339,OTU2436,379,1,111,527,412,523,29,189,2.7e-47,97.321,p__Fungi_phy_Incertae_sedis,c__Fungi_cls_Incertae_sedis,o__Fungi_ord_Incertae_sedis,f__Fungi_fam_Incertae_sedis,g__Fungi_gen_Incertae_sedis,s__Fungi_sp,Fungi_sp,UDB0584564,SH1089013.09FU,reps,k__Fungi,OTU2436.p__Fungi_phy_Incertae_sedis.g__Fungi_gen_Incertae_sedis
2340,OTU2437,288,1,228,466,240,466,79,315,3.2e-85,91.739,p__Ascomycota,c__Sordariomycetes,o__Hypocreales,f__Hypocreales_fam_Incertae_sedis,g__Hypocreales_gen_Incertae_sedis,s__Hypocreales_sp,Hypocreales_sp,KU837948,SH1000783.09FU,reps,k__Fungi,OTU2437.p__Ascomycota.g__Hypocreales_gen_Incertae_sedis
2341,OTU2438,318,1,257,492,241,492,81,348,3.49e-95,91.44,p__Basidiomycota,c__Agaricomycetes,o__Thelephorales,f__Thelephorales_fam_Incertae_sedis,g__Thelephorales_gen_Incertae_sedis,s__Thelephorales_sp,Thelephorales_sp,UDB05526983,SH0963533.09FU,reps,k__Fungi,OTU2438.p__Basidiomycota.g__Thelephorales_gen_Incertae_sedis
2342,OTU2439,278,1,233,489,257,489,84,420,6.33e-117,99.142,p__Ascomycota,c__Eurotiomycetes,o__Onygenales,f__Arachnomycetaceae,g__Arachnomyces,s__Arachnomyces_scleroticus,Arachnomyces_scleroticus,AY123785,SH1084833.09FU,refs,k__Fungi,OTU2439.p__Ascomycota.g__Arachnomyces
2343,OTU2440,305,1,231,475,244,475,76,411,4.19e-114,98.707,p__Ascomycota,c__Sordariomycetes,o__Microascales,f__Microascales_fam_Incertae_sedis,g__Microascales_gen_Incertae_sedis,s__Microascales_sp,Microascales_sp,KY379815,SH1189459.09FU,reps,k__Fungi,OTU2440.p__Ascomycota.g__Microascales_gen_Incertae_sedis
2344,OTU2442,365,1,304,598,295,598,83,451,3e-126,93.421,p__Fungi_phy_Incertae_sedis,c__Fungi_cls_Incertae_sedis,o__Fungi_ord_Incertae_sedis,f__Fungi_fam_Incertae_sedis,g__Fungi_gen_Incertae_sedis,s__Fungi_sp,Fungi_sp,UDB0258920,SH1191797.09FU,reps,k__Fungi,OTU2442.p__Fungi_phy_Incertae_sedis.g__Fungi_gen_Incertae_sedis
2345,OTU2443,325,1,259,518,245,515,80,185,2.97e-46,80,p__Fungi_phy_Incertae_sedis,c__Fungi_cls_Incertae_sedis,o__Fungi_ord_Incertae_sedis,f__Fungi_fam_Incertae_sedis,g__Fungi_gen_Incertae_sedis,s__Fungi_sp,Fungi_sp,UDB02105601,SH1319817.09FU,reps,k__Fungi,OTU2443.p__Fungi_phy_Incertae_sedis.g__Fungi_gen_Incertae_sedis
2346,OTU2444,299,59,290,470,470,239,78,346,1.17e-94,93.562,p__Ascomycota,c__Sordariomycetes,o__Sordariales,f__Chaetomiaceae,g__Chaetomiaceae_gen_Incertae_sedis,s__Chaetomiaceae_sp,Chaetomiaceae_sp,UDB01730467,SH0993202.09FU,reps,k__Fungi,OTU2444.p__Ascomycota.g__Chaetomiaceae_gen_Incertae_sedis
2347,OTU2445,373,1,312,715,403,715,84,538,2.29e-152,97.764,p__Chytridiomycota,c__Spizellomycetes,o__Spizellomycetales,f__Spizellomycetaceae,g__Kochiomyces,s__Kochiomyces_sp,Kochiomyces_sp,UDB02362844,SH1108889.09FU,reps,k__Fungi,OTU2445.p__Chytridiomycota.g__Kochiomyces
2348,OTU2446,308,1,248,525,277,525,81,381,3.32e-105,94.378,p__Glomeromycota,c__Glomeromycetes,o__Glomerales,f__Glomeraceae,g__Dominikia,s__Dominikia_iranica,Dominikia_iranica,KJ564152,SH1288150.09FU,reps,k__Fungi,OTU2446.p__Glomeromycota.g__Dominikia
2349,OTU2447,414,1,353,665,322,665,85,532,1.19e-150,94.366,p__Calcarisporiellomycota,c__Calcarisporiellomycetes,o__Calcarisporiellales,f__Calcarisporiellaceae,g__Calcarisporiella,s__Calcarisporiella_sp,Calcarisporiella_sp,UDB01587882,SH1202581.09FU,reps,k__Fungi,OTU2447.p__Calcarisporiellomycota.g__Calcarisporiella
2350,OTU2448,351,304,349,1125,57,12,13,69.4,3.39e-11,93.478,p__Ascomycota,c__Sordariomycetes,o__Hypocreales,f__Nectriaceae,g__Fusarium,s__Fusarium_oxysporum,Fusarium_oxysporum,UDB041458,SH1099032.09FU,reps,k__Fungi,OTU2448.p__Ascomycota.g__Fusarium
2351,OTU2449,378,1,293,566,246,541,78,427,5.25e-119,93,p__Mortierellomycota,c__Mortierellomycetes,o__Mortierellales,f__Mortierellaceae,g__Mortierellaceae_gen_Incertae_sedis,s__Mortierellaceae_sp,Mortierellaceae_sp,UDB04943044,SH1070007.09FU,reps,k__Fungi,OTU2449.p__Mortierellomycota.g__Mortierellaceae_gen_Incertae_sedis
2352,OTU2450,287,57,279,452,452,230,78,407,5.11e-113,99.552,p__Ascomycota,c__Ascomycota_cls_Incertae_sedis,o__Ascomycota_ord_Incertae_sedis,f__Ascomycota_fam_Incertae_sedis,g__Ascomycota_gen_Incertae_sedis,s__Ascomycota_sp,Ascomycota_sp,MG820085,SH0994444.09FU,reps,k__Fungi,OTU2450.p__Ascomycota.g__Ascomycota_gen_Incertae_sedis
2353,OTU2451,348,52,342,621,621,327,84,459,1.7e-128,94.915,p__Ascomycota,c__Leotiomycetes,o__Erysiphales,f__Erysiphaceae,g__Blumeria,s__Blumeria_graminis,Blumeria_graminis,MT462296,SH1234330.09FU,reps,k__Fungi,OTU2451.p__Ascomycota.g__Blumeria
2354,OTU2452,414,356,409,581,473,527,13,62.1,6.76e-09,87.273,p__Ascomycota,c__Leotiomycetes,o__Helotiales,f__Dermateaceae,g__Pezicula,s__Pezicula_radicicola,Pezicula_radicicola,FJ179465,SH0975489.09FU,reps,k__Fungi,OTU2452.p__Ascomycota.g__Pezicula
2355,OTU2453,269,1,262,527,256,516,97,449,7.79e-126,97.71,p__Ascomycota,c__Dothideomycetes,o__Pleosporales,f__Lophiostomataceae,g__Lophiostoma,s__Lophiostoma_scrophulariicola,Lophiostoma_scrophulariicola,MG828969,SH2151412.09FU,refs,k__Fungi,OTU2453.p__Ascomycota.g__Lophiostoma
2356,OTU2454,320,1,261,458,201,457,82,451,2.6e-126,98.084,p__Glomeromycota,c__Glomeromycetes,o__Diversisporales,f__Diversisporaceae,g__Diversispora,s__Diversispora_celata,Diversispora_celata,UDB0696968,SH0981022.09FU,reps,k__Fungi,OTU2454.p__Glomeromycota.g__Diversispora
2357,OTU2455,272,1,186,434,233,417,68,287,6.54e-77,94.681,p__Ascomycota,c__Ascomycota_cls_Incertae_sedis,o__Ascomycota_ord_Incertae_sedis,f__Ascomycota_fam_Incertae_sedis,g__Ascomycota_gen_Incertae_sedis,s__Ascomycota_sp,Ascomycota_sp,UDB01379846,SH1047247.09FU,reps,k__Fungi,OTU2455.p__Ascomycota.g__Ascomycota_gen_Incertae_sedis
2358,OTU2456,370,1,309,658,350,658,84,560,4.85e-159,99.353,p__Basidiomycota,c__Agaricomycetes,o__Geastrales,f__Geastrales_fam_Incertae_sedis,g__Geastrales_gen_Incertae_sedis,s__Geastrales_sp,Geastrales_sp,UDB07369203,SH1176489.09FU,reps,k__Fungi,OTU2456.p__Basidiomycota.g__Geastrales_gen_Incertae_sedis
2359,OTU2457,274,1,213,489,276,489,78,350,8.3e-96,96.262,p__Ascomycota,c__Eurotiomycetes,o__Chaetothyriales,f__Herpotrichiellaceae,g__Capronia,s__Capronia_sp,Capronia_sp,UDB01629251,SH0910059.09FU,reps,k__Fungi,OTU2457.p__Ascomycota.g__Capronia
2360,OTU2459,279,1,239,537,298,530,86,281,3.13e-75,88.382,p__Ascomycota,c__Eurotiomycetes,o__Chaetothyriales,f__Chaetothyriaceae,g__Longihyalospora,s__Longihyalospora_ampeli,Longihyalospora_ampeli,MN219716,SH1158568.09FU,refs,k__Fungi,OTU2459.p__Ascomycota.g__Longihyalospora
2361,OTU2460,358,1,296,636,342,634,83,411,4.99e-114,91.892,p__Chytridiomycota,c__Spizellomycetes,o__Spizellomycetales,f__Spizellomycetales_fam_Incertae_sedis,g__Spizellomycetales_gen_Incertae_sedis,s__Spizellomycetales_sp,Spizellomycetales_sp,UDB07381104,SH1255025.09FU,reps,k__Fungi,OTU2460.p__Chytridiomycota.g__Spizellomycetales_gen_Incertae_sedis
2362,OTU2461,325,1,285,544,245,527,88,492,1.56e-138,97.895,p__Basidiomycota,c__Cystobasidiomycetes,o__Cystobasidiomycetes_ord_Incertae_sedis,f__Symmetrosporaceae,g__Symmetrospora,s__Symmetrospora_foliicola,Symmetrospora_foliicola,MW723931,SH1223417.09FU,reps,k__Fungi,OTU2461.p__Basidiomycota.g__Symmetrospora
2363,OTU2462,303,1,243,516,275,516,80,420,6.92e-117,97.942,p__Mucoromycota,c__Mucoromycetes,o__Mucorales,f__Cunninghamellaceae,g__Absidia,s__Absidia_sp,Absidia_sp,MW671541,SH0915732.09FU,reps,k__Fungi,OTU2462.p__Mucoromycota.g__Absidia
2364,OTU2463,343,1,282,828,549,828,82,453,7.8e-127,95.745,p__Chytridiomycota,c__Chytridiomycota_cls_Incertae_sedis,o__Chytridiomycota_ord_Incertae_sedis,f__Chytridiomycota_fam_Incertae_sedis,g__Chytridiomycota_gen_Incertae_sedis,s__Chytridiomycota_sp,Chytridiomycota_sp,UDB02287349,SH1173361.09FU,reps,k__Fungi,OTU2463.p__Chytridiomycota.g__Chytridiomycota_gen_Incertae_sedis
2365,OTU2464,307,262,305,1125,55,12,14,71.3,8.14e-12,95.455,p__Ascomycota,c__Sordariomycetes,o__Hypocreales,f__Nectriaceae,g__Fusarium,s__Fusarium_oxysporum,Fusarium_oxysporum,UDB041458,SH1099032.09FU,reps,k__Fungi,OTU2464.p__Ascomycota.g__Fusarium
2366,OTU2465,345,1,74,636,303,376,21,110,1.96e-23,93.243,p__Fungi_phy_Incertae_sedis,c__Fungi_cls_Incertae_sedis,o__Fungi_ord_Incertae_sedis,f__Fungi_fam_Incertae_sedis,g__Fungi_gen_Incertae_sedis,s__Fungi_sp,Fungi_sp,UDB02124093,SH1182276.09FU,reps,k__Fungi,OTU2465.p__Fungi_phy_Incertae_sedis.g__Fungi_gen_Incertae_sedis
2367,OTU2466,342,56,333,632,632,355,81,508,1.64e-143,99.64,p__Basidiomycota,c__Agaricomycetes,o__Agaricales,f__Psathyrellaceae,g__Coprinellus,s__Coprinellus_flocculosus,Coprinellus_flocculosus,UDB011849,SH1198982.09FU,refs,k__Fungi,OTU2466.p__Basidiomycota.g__Coprinellus
2368,OTU2467,341,294,339,1125,57,12,13,69.4,3.28e-11,93.478,p__Ascomycota,c__Sordariomycetes,o__Hypocreales,f__Nectriaceae,g__Fusarium,s__Fusarium_oxysporum,Fusarium_oxysporum,UDB041458,SH1099032.09FU,reps,k__Fungi,OTU2467.p__Ascomycota.g__Fusarium
2369,OTU2468,339,292,337,1125,57,12,14,69.4,3.26e-11,93.478,p__Ascomycota,c__Sordariomycetes,o__Hypocreales,f__Nectriaceae,g__Fusarium,s__Fusarium_oxysporum,Fusarium_oxysporum,UDB041458,SH1099032.09FU,reps,k__Fungi,OTU2468.p__Ascomycota.g__Fusarium
2370,OTU2469,311,1,251,539,291,539,81,396,1.2e-109,95.238,p__Glomeromycota,c__Glomeromycetes,o__Glomerales,f__Glomeraceae,g__Glomeraceae_gen_Incertae_sedis,s__Glomeraceae_sp,Glomeraceae_sp,UDB0201204,SH1310067.09FU,reps,k__Fungi,OTU2469.p__Glomeromycota.g__Glomeraceae_gen_Incertae_sedis
2371,OTU2471,407,1,156,604,424,590,38,226,2.22e-58,92.216,p__Fungi_phy_Incertae_sedis,c__Fungi_cls_Incertae_sedis,o__Fungi_ord_Incertae_sedis,f__Fungi_fam_Incertae_sedis,g__Fungi_gen_Incertae_sedis,s__Fungi_sp,Fungi_sp,UDB0371868,SH1185021.09FU,reps,k__Fungi,OTU2471.p__Fungi_phy_Incertae_sedis.g__Fungi_gen_Incertae_sedis
2372,OTU2473,361,1,67,604,316,382,19,102,3.44e-21,94.03,p__Monoblepharomycota,c__Monoblepharomycota_cls_Incertae_sedis,o__Monoblepharomycota_ord_Incertae_sedis,f__Monoblepharomycota_fam_Incertae_sedis,g__Monoblepharomycota_gen_Incertae_sedis,s__Monoblepharomycota_sp,Monoblepharomycota_sp,UDB04224970,SH1143690.09FU,reps,k__Fungi,OTU2473.p__Monoblepharomycota.g__Monoblepharomycota_gen_Incertae_sedis
2373,OTU2474,269,1,156,405,197,348,58,202,2.41e-51,90.385,p__Ascomycota,c__Dothideomycetes,o__Microthyriales,f__Microthyriales_fam_Incertae_sedis,g__Microthyriales_gen_Incertae_sedis,s__Microthyriales_sp,Microthyriales_sp,UDB04198550,SH1184762.09FU,reps,k__Fungi,OTU2474.p__Ascomycota.g__Microthyriales_gen_Incertae_sedis
2374,OTU2476,366,1,305,542,237,542,83,492,1.77e-138,95.752,p__Fungi_phy_Incertae_sedis,c__Fungi_cls_Incertae_sedis,o__Fungi_ord_Incertae_sedis,f__Fungi_fam_Incertae_sedis,g__Fungi_gen_Incertae_sedis,s__Fungi_sp,Fungi_sp,UDB0749009,SH1200169.09FU,reps,k__Fungi,OTU2476.p__Fungi_phy_Incertae_sedis.g__Fungi_gen_Incertae_sedis
2375,OTU2477,353,1,292,545,259,545,83,396,1.38e-109,91.468,p__Chytridiomycota,c__Rhizophydiomycetes,o__Rhizophydiales,f__Rhizophydiales_fam_Incertae_sedis,g__Rhizophydiales_gen_Incertae_sedis,s__Rhizophydiales_sp,Rhizophydiales_sp,UDB06471345,SH0903526.09FU,reps,k__Fungi,OTU2477.p__Chytridiomycota.g__Rhizophydiales_gen_Incertae_sedis
2376,OTU2479,296,1,234,432,203,432,79,407,5.25e-113,98.291,p__Glomeromycota,c__Glomeromycetes,o__Glomerales,f__Glomeraceae,g__Glomeraceae_gen_Incertae_sedis,s__Glomeraceae_sp,Glomeraceae_sp,UDB04188308,SH0993311.09FU,reps,k__Fungi,OTU2479.p__Glomeromycota.g__Glomeraceae_gen_Incertae_sedis
2377,OTU2480,216,168,214,1125,58,12,22,82.4,2.57e-15,97.872,p__Ascomycota,c__Sordariomycetes,o__Hypocreales,f__Nectriaceae,g__Fusarium,s__Fusarium_oxysporum,Fusarium_oxysporum,UDB041458,SH1099032.09FU,reps,k__Fungi,OTU2480.p__Ascomycota.g__Fusarium
2378,OTU2482,292,1,243,497,254,497,83,411,4e-114,97.131,p__Ascomycota,c__Sordariomycetes,o__Magnaporthales,f__Magnaporthaceae,g__Magnaporthiopsis,s__Magnaporthiopsis_maydis,Magnaporthiopsis_maydis,KM484856,SH0978700.09FU,refs,k__Fungi,OTU2482.p__Ascomycota.g__Magnaporthiopsis
2379,OTU2483,299,1,229,450,212,442,77,409,1.48e-113,98.701,p__Ascomycota,c__Sordariomycetes,o__Microascales,f__Microascaceae,g__Wardomycopsis,s__Wardomycopsis_litoralis,Wardomycopsis_litoralis,LN851000,SH1083732.09FU,refs,k__Fungi,OTU2483.p__Ascomycota.g__Wardomycopsis
2380,OTU2484,408,1,368,705,351,705,90,523,7.06e-148,92.935,p__Basidiomycota,c__Ustilaginomycetes,o__Ustilaginales,f__Ustilaginaceae,g__Ustilago,s__Ustilago_shanxiensis,Ustilago_shanxiensis,DQ008956,SH1089560.09FU,refs,k__Fungi,OTU2484.p__Basidiomycota.g__Ustilago
2381,OTU2485,243,1,182,395,214,395,75,276,1.25e-73,93.956,p__Ascomycota,c__Pezizomycotina_cls_Incertae_sedis,o__Pezizomycotina_ord_Incertae_sedis,f__Pezizomycotina_fam_Incertae_sedis,g__Pezizomycotina_gen_Incertae_sedis,s__Pezizomycotina_sp,Pezizomycotina_sp,UDB04353760,SH1048596.09FU,reps,k__Fungi,OTU2485.p__Ascomycota.g__Pezizomycotina_gen_Incertae_sedis
2382,OTU2486,283,1,223,484,262,484,79,390,5.06e-108,98.206,p__Ascomycota,c__Sordariomycetes,o__Hypocreales,f__Ophiocordycipitaceae,g__Ophiocordycipitaceae_gen_Incertae_sedis,s__Ophiocordycipitaceae_sp,Ophiocordycipitaceae_sp,GU723780,SH1131174.09FU,reps,k__Fungi,OTU2486.p__Ascomycota.g__Ophiocordycipitaceae_gen_Incertae_sedis
2383,OTU2488,269,1,196,446,247,433,73,243,1.42e-63,89.848,p__Fungi_phy_Incertae_sedis,c__Fungi_cls_Incertae_sedis,o__Fungi_ord_Incertae_sedis,f__Fungi_fam_Incertae_sedis,g__Fungi_gen_Incertae_sedis,s__Fungi_sp,Fungi_sp,UDB0746495,SH1040611.09FU,reps,k__Fungi,OTU2488.p__Fungi_phy_Incertae_sedis.g__Fungi_gen_Incertae_sedis
2384,OTU2489,270,1,193,478,267,460,71,346,1.06e-94,98.969,p__Basidiomycota,c__Exobasidiomycetes,o__Exobasidiales,f__Exobasidiales_fam_Incertae_sedis,g__Exobasidiales_gen_Incertae_sedis,s__Exobasidiales_sp,Exobasidiales_sp,UDB01957495,SH1176570.09FU,reps,k__Fungi,OTU2489.p__Basidiomycota.g__Exobasidiales_gen_Incertae_sedis
2385,OTU2490,262,1,202,468,267,468,77,363,1.01e-99,99.01,p__Ascomycota,c__Sordariomycetes,o__Hypocreales,f__Hypocreales_fam_Incertae_sedis,g__Acremonium,s__Acremonium_hennebertii,Acremonium_hennebertii,HF680238,SH0984594.09FU,refs,k__Fungi,OTU2490.p__Ascomycota.g__Acremonium
2386,OTU2491,261,1,200,438,237,438,77,344,3.66e-94,97.525,p__Ascomycota,c__Dothideomycetes,o__Mycosphaerellales,f__Mycosphaerellaceae,g__Teratoramularia,s__Teratoramularia_rumicicola,Teratoramularia_rumicicola,KX287550,SH1085508.09FU,refs,k__Fungi,OTU2491.p__Ascomycota.g__Teratoramularia
2387,OTU2492,335,288,333,1125,57,12,14,69.4,3.22e-11,93.478,p__Ascomycota,c__Sordariomycetes,o__Hypocreales,f__Nectriaceae,g__Fusarium,s__Fusarium_oxysporum,Fusarium_oxysporum,UDB041458,SH1099032.09FU,reps,k__Fungi,OTU2492.p__Ascomycota.g__Fusarium
2388,OTU2493,296,1,235,574,348,574,79,305,1.97e-82,90.717,p__Ascomycota,c__Eurotiomycetes,o__Chaetothyriales,f__Chaetothyriales_fam_Incertae_sedis,g__Chaetothyriales_gen_Incertae_sedis,s__Chaetothyriales_sp,Chaetothyriales_sp,UDB01803372,SH1158413.09FU,reps,k__Fungi,OTU2493.p__Ascomycota.g__Chaetothyriales_gen_Incertae_sedis
2389,OTU2494,296,1,186,513,304,488,63,303,7.09e-82,96.237,p__Ascomycota,c__Eurotiomycetes,o__Onygenales,f__Onygenales_fam_Incertae_sedis,g__Onygenales_gen_Incertae_sedis,s__Onygenales_sp,Onygenales_sp,UDB02504203,SH1122161.09FU,reps,k__Fungi,OTU2494.p__Ascomycota.g__Onygenales_gen_Incertae_sedis
2390,OTU2495,301,1,62,522,286,347,21,99,3.66e-20,95.161,p__Ascomycota,c__Sordariomycetes,o__Sordariales,f__Sordariales_fam_Incertae_sedis,g__Sordariales_gen_Incertae_sedis,s__Sordariales_sp,Sordariales_sp,UDB0641676,SH0959398.09FU,reps,k__Fungi,OTU2495.p__Ascomycota.g__Sordariales_gen_Incertae_sedis
2391,OTU2496,291,254,289,758,510,545,12,67.6,9.94e-11,100,p__Basidiomycota,c__Agaricomycetes,o__Auriculariales,f__Auriculariales_fam_Incertae_sedis,g__Auriculariales_gen_Incertae_sedis,s__Auriculariales_sp,Auriculariales_sp,JQ272342,SH0954825.09FU,reps,k__Fungi,OTU2496.p__Basidiomycota.g__Auriculariales_gen_Incertae_sedis
2392,OTU2497,290,1,230,516,287,516,79,425,1.42e-118,100,p__Ascomycota,c__Eurotiomycetes,o__Eurotiales,f__Aspergillaceae,g__Paecilomyces,s__Paecilomyces_lagunculariae,Paecilomyces_lagunculariae,DQ322219,SH1200244.09FU,reps,k__Fungi,OTU2497.p__Ascomycota.g__Paecilomyces
2393,OTU2498,339,1,278,544,266,544,82,464,3.56e-130,96.774,p__Chytridiomycota,c__Rhizophydiomycetes,o__Rhizophydiales,f__Alphamycetaceae,g__Betamyces,s__Betamyces_sp,Betamyces_sp,UDB01509599,SH0888235.09FU,reps,k__Fungi,OTU2498.p__Chytridiomycota.g__Betamyces
2394,OTU2499,284,1,223,496,270,496,79,372,1.84e-102,96.476,p__Ascomycota,c__Sordariomycetes,o__Hypocreales,f__Hypocreales_fam_Incertae_sedis,g__Acremonium,s__Acremonium_sp,Acremonium_sp,UDB0836220,SH0885476.09FU,reps,k__Fungi,OTU2499.p__Ascomycota.g__Acremonium
2395,OTU2500,321,1,258,603,356,602,80,261,4.73e-69,85.824,p__Basidiomycota,c__Agaricomycetes,o__Agaricales,f__Bolbitiaceae,g__Conocybe,s__Conocybe_sp,Conocybe_sp,MG250378,SH1039729.09FU,reps,k__Fungi,OTU2500.p__Basidiomycota.g__Conocybe
2396,OTU2501,294,1,254,599,347,599,86,435,2.39e-121,97.638,p__Fungi_phy_Incertae_sedis,c__Fungi_cls_Incertae_sedis,o__Fungi_ord_Incertae_sedis,f__Fungi_fam_Incertae_sedis,g__Fungi_gen_Incertae_sedis,s__Fungi_sp,Fungi_sp,MW216146,SH1274703.09FU,reps,k__Fungi,OTU2501.p__Fungi_phy_Incertae_sedis.g__Fungi_gen_Incertae_sedis
2397,OTU2502,266,1,225,508,287,508,85,374,4.77e-103,96.889,p__Ascomycota,c__Dothideomycetes,o__Pleosporales,f__Neocamarosporiaceae,g__Neocamarosporium,s__Neocamarosporium_korfii,Neocamarosporium_korfii,MF434190,SH2069831.09FU,refs_singleton,k__Fungi,OTU2502.p__Ascomycota.g__Neocamarosporium
2398,OTU2503,271,1,211,510,300,510,78,390,4.83e-108,100,p__Ascomycota,c__Sordariomycetes,o__Glomerellales,f__Glomerellaceae,g__Colletotrichum,s__Colletotrichum_sublineola,Colletotrichum_sublineola,JQ005771,SH0899352.09FU,refs,k__Fungi,OTU2503.p__Ascomycota.g__Colletotrichum
2399,OTU2505,289,40,281,486,486,245,84,422,1.83e-117,97.934,p__Ascomycota,c__Sordariomycetes,o__Sordariales,f__Sordariales_fam_Incertae_sedis,g__Sordariales_gen_Incertae_sedis,s__Sordariales_sp,Sordariales_sp,MN417955,SH0965553.09FU,reps,k__Fungi,OTU2505.p__Ascomycota.g__Sordariales_gen_Incertae_sedis
2400,OTU2506,419,380,417,758,508,545,9,71.3,1.14e-11,100,p__Basidiomycota,c__Agaricomycetes,o__Auriculariales,f__Auriculariales_fam_Incertae_sedis,g__Auriculariales_gen_Incertae_sedis,s__Auriculariales_sp,Auriculariales_sp,JQ272342,SH0954825.09FU,reps,k__Fungi,OTU2506.p__Basidiomycota.g__Auriculariales_gen_Incertae_sedis
2401,OTU2508,274,1,211,501,290,500,77,324,5.03e-88,94.34,p__Ascomycota,c__Sordariomycetes,o__Sordariales,f__Chaetomiaceae,g__Remersonia,s__Remersonia_thermophila,Remersonia_thermophila,JF412016,SH1300810.09FU,refs,k__Fungi,OTU2508.p__Ascomycota.g__Remersonia
2402,OTU2509,370,323,368,1125,57,12,12,69.4,3.58e-11,93.478,p__Ascomycota,c__Sordariomycetes,o__Hypocreales,f__Nectriaceae,g__Fusarium,s__Fusarium_oxysporum,Fusarium_oxysporum,UDB041458,SH1099032.09FU,reps,k__Fungi,OTU2509.p__Ascomycota.g__Fusarium
2403,OTU2510,333,1,272,471,203,471,82,311,4.81e-84,87.857,p__Glomeromycota,c__Archaeosporomycetes,o__Archaeosporales,f__Archaeosporaceae,g__Archaeospora,s__Archaeospora_sp,Archaeospora_sp,UDB01266155,SH1027674.09FU,reps,k__Fungi,OTU2510.p__Glomeromycota.g__Archaeospora
2404,OTU2511,358,1,297,630,333,630,83,532,1.02e-150,98.993,p__Basidiomycota,c__Agaricomycetes,o__Polyporales,f__Polyporales_fam_Incertae_sedis,g__Polyporales_gen_Incertae_sedis,s__Polyporales_sp,Polyporales_sp,UDB0104433,SH1263375.09FU,reps,k__Fungi,OTU2511.p__Basidiomycota.g__Polyporales_gen_Incertae_sedis
2405,OTU2512,261,1,215,503,287,503,82,372,1.68e-102,97.696,p__Ascomycota,c__Leotiomycetes,o__Thelebolales,f__Pseudeurotiaceae,g__Pseudogymnoascus,s__Pseudogymnoascus_roseus,Pseudogymnoascus_roseus,DQ117451,SH1477560.09FU,refs,k__Fungi,OTU2512.p__Ascomycota.g__Pseudogymnoascus
2406,OTU2513,334,287,332,1125,57,12,14,69.4,3.21e-11,93.478,p__Ascomycota,c__Sordariomycetes,o__Hypocreales,f__Nectriaceae,g__Fusarium,s__Fusarium_oxysporum,Fusarium_oxysporum,UDB041458,SH1099032.09FU,reps,k__Fungi,OTU2513.p__Ascomycota.g__Fusarium
2407,OTU2514,323,1,262,518,248,518,81,326,1.66e-88,88.971,p__Ascomycota,c__Ascomycota_cls_Incertae_sedis,o__Ascomycota_ord_Incertae_sedis,f__Ascomycota_fam_Incertae_sedis,g__Ascomycota_gen_Incertae_sedis,s__Ascomycota_sp,Ascomycota_sp,UDB01366274,SH0943914.09FU,reps,k__Fungi,OTU2514.p__Ascomycota.g__Ascomycota_gen_Incertae_sedis
2408,OTU2515,312,1,251,470,222,470,80,368,2.62e-101,93.227,p__Chytridiomycota,c__Rhizophydiomycetes,o__Rhizophydiales,f__Rhizophydiales_fam_Incertae_sedis,g__Rhizophydiales_gen_Incertae_sedis,s__Rhizophydiales_sp,Rhizophydiales_sp,UDB06469474,SH1027481.09FU,reps,k__Fungi,OTU2515.p__Chytridiomycota.g__Rhizophydiales_gen_Incertae_sedis
2409,OTU2517,306,1,63,555,303,364,21,104,8e-22,96.825,p__Basidiomycota,c__Agaricomycetes,o__Polyporales,f__Ganodermataceae,g__Amauroderma,s__Amauroderma_sp,Amauroderma_sp,UDB01068769,SH1217175.09FU,reps,k__Fungi,OTU2517.p__Basidiomycota.g__Amauroderma
2410,OTU2518,273,1,192,502,279,471,70,305,1.81e-82,95.361,p__Ascomycota,c__Sordariomycetes,o__Sordariales,f__Chaetomiaceae,g__Brachychaeta,s__Brachychaeta_variospora,Brachychaeta_variospora,JX280860,SH0881621.09FU,refs,k__Fungi,OTU2518.p__Ascomycota.g__Brachychaeta
2411,OTU2519,396,1,335,810,476,810,85,619,8.48e-177,100,p__Chytridiomycota,c__Chytridiomycota_cls_Incertae_sedis,o__Chytridiomycota_ord_Incertae_sedis,f__Chytridiomycota_fam_Incertae_sedis,g__Chytridiomycota_gen_Incertae_sedis,s__Chytridiomycota_sp,Chytridiomycota_sp,UDB02286821,SH1113408.09FU,reps,k__Fungi,OTU2519.p__Chytridiomycota.g__Chytridiomycota_gen_Incertae_sedis
2412,OTU2520,413,1,72,518,245,317,17,122,3.05e-27,97.26,p__Fungi_phy_Incertae_sedis,c__Fungi_cls_Incertae_sedis,o__Fungi_ord_Incertae_sedis,f__Fungi_fam_Incertae_sedis,g__Fungi_gen_Incertae_sedis,s__Fungi_sp,Fungi_sp,UDB02105601,SH1319817.09FU,reps,k__Fungi,OTU2520.p__Fungi_phy_Incertae_sedis.g__Fungi_gen_Incertae_sedis
2413,OTU2521,333,1,289,639,352,639,87,444,4.55e-124,94.483,p__Basidiomycota,c__Agaricomycetes,o__Agaricales,f__Entolomataceae,g__Entoloma,s__Entoloma_pulchripes,Entoloma_pulchripes,MZ145189,SH1223052.09FU,reps,k__Fungi,OTU2521.p__Basidiomycota.g__Entoloma
2414,OTU2523,329,1,269,511,243,511,82,464,3.45e-130,97.77,p__Basidiomycota,c__Cystobasidiomycetes,o__Erythrobasidiales,f__Erythrobasidiaceae,g__Bannoa,s__Bannoa_hahajimensis,Bannoa_hahajimensis,AB035897,SH0918861.09FU,refs,k__Fungi,OTU2523.p__Basidiomycota.g__Bannoa
2415,OTU2524,318,1,257,604,347,604,81,459,1.55e-128,98.837,p__Basidiomycota,c__Agaricomycetes,o__Agaricales,f__Psathyrellaceae,g__Psathyrella,s__Psathyrella_sp,Psathyrella_sp,UDB05267934,SH1207545.09FU,reps,k__Fungi,OTU2524.p__Basidiomycota.g__Psathyrella
2416,OTU2525,291,1,230,486,256,486,79,398,3.1e-110,97.835,p__Ascomycota,c__Geoglossomycetes,o__Geoglossales,f__Geoglossaceae,g__Glutinoglossum,s__Glutinoglossum_triseptatum,Glutinoglossum_triseptatum,KX694185,SH0936361.09FU,refs,k__Fungi,OTU2525.p__Ascomycota.g__Glutinoglossum
2417,OTU2526,241,1,59,403,225,285,24,89.8,1.73e-17,93.443,p__Ascomycota,c__Archaeorhizomycetes,o__Archaeorhizomycetales,f__Archaeorhizomycetales_fam_Incertae_sedis,g__Archaeorhizomycetales_gen_Incertae_sedis,s__Archaeorhizomycetales_sp,Archaeorhizomycetales_sp,UDB01264286,SH1049290.09FU,reps,k__Fungi,OTU2526.p__Ascomycota.g__Archaeorhizomycetales_gen_Incertae_sedis
2418,OTU2527,405,1,344,593,255,593,85,564,4.13e-160,96.512,p__Mortierellomycota,c__Mortierellomycetes,o__Mortierellales,f__Mortierellaceae,g__Mortierella,s__Mortierella_sp,Mortierella_sp,UDB04949731,SH1276871.09FU,reps,k__Fungi,OTU2527.p__Mortierellomycota.g__Mortierella
2419,OTU2528,406,1,80,737,419,498,20,126,2.32e-28,95,p__Fungi_phy_Incertae_sedis,c__Fungi_cls_Incertae_sedis,o__Fungi_ord_Incertae_sedis,f__Fungi_fam_Incertae_sedis,g__Fungi_gen_Incertae_sedis,s__Fungi_sp,Fungi_sp,UDB0751837,SH1321765.09FU,reps,k__Fungi,OTU2528.p__Fungi_phy_Incertae_sedis.g__Fungi_gen_Incertae_sedis
2420,OTU2529,340,1,279,828,549,828,82,466,9.93e-131,96.786,p__Chytridiomycota,c__Chytridiomycota_cls_Incertae_sedis,o__Chytridiomycota_ord_Incertae_sedis,f__Chytridiomycota_fam_Incertae_sedis,g__Chytridiomycota_gen_Incertae_sedis,s__Chytridiomycota_sp,Chytridiomycota_sp,UDB02287349,SH1173361.09FU,reps,k__Fungi,OTU2529.p__Chytridiomycota.g__Chytridiomycota_gen_Incertae_sedis
2421,OTU2530,162,57,161,504,504,400,65,195,2.27e-49,100,p__Basidiomycota,c__Cystobasidiomycetes,o__Sakaguchiales,f__Sakaguchiaceae,g__Sakaguchia,s__Sakaguchia_sp,Sakaguchia_sp,UDB06521814,SH1223415.09FU,reps,k__Fungi,OTU2530.p__Basidiomycota.g__Sakaguchia
2422,OTU2532,335,1,63,487,213,275,19,117,1.13e-25,100,p__Aphelidiomycota,c__Aphelidiomycota_cls_Incertae_sedis,o__Aphelidiomycota_ord_Incertae_sedis,f__Aphelidiomycota_fam_Incertae_sedis,g__Aphelidiomycota_gen_Incertae_sedis,s__Aphelidiomycota_sp,Aphelidiomycota_sp,UDB01170806,SH1101595.09FU,reps,k__Fungi,OTU2532.p__Aphelidiomycota.g__Aphelidiomycota_gen_Incertae_sedis
2423,OTU2533,270,1,209,394,186,394,77,370,6.27e-102,98.565,p__Ascomycota,c__Sordariomycetes,o__Sordariales,f__Podosporaceae,g__Podosporaceae_gen_Incertae_sedis,s__Podosporaceae_sp,Podosporaceae_sp,UDB05114598,SH1004564.09FU,reps,k__Fungi,OTU2533.p__Ascomycota.g__Podosporaceae_gen_Incertae_sedis
2424,OTU2534,416,362,414,1125,64,12,13,65.8,5.25e-10,88.889,p__Ascomycota,c__Sordariomycetes,o__Hypocreales,f__Nectriaceae,g__Fusarium,s__Fusarium_oxysporum,Fusarium_oxysporum,UDB041458,SH1099032.09FU,reps,k__Fungi,OTU2534.p__Ascomycota.g__Fusarium
2425,OTU2535,311,56,250,195,1,195,63,300,9.68e-81,94.359,p__Ascomycota,c__Sordariomycetes,o__Microascales,f__Halosphaeriaceae,g__Halosarpheia,s__Halosarpheia_japonica,Halosarpheia_japonica,MK626717,SH1190452.09FU,reps,k__Fungi,OTU2535.p__Ascomycota.g__Halosarpheia
2426,OTU2536,314,279,309,581,496,527,10,52.8,3.02e-06,96.875,p__Ascomycota,c__Leotiomycetes,o__Helotiales,f__Dermateaceae,g__Pezicula,s__Pezicula_radicicola,Pezicula_radicicola,FJ179465,SH0975489.09FU,reps,k__Fungi,OTU2536.p__Ascomycota.g__Pezicula
2427,OTU2537,331,284,329,1125,57,12,14,69.4,3.18e-11,93.478,p__Ascomycota,c__Sordariomycetes,o__Hypocreales,f__Nectriaceae,g__Fusarium,s__Fusarium_oxysporum,Fusarium_oxysporum,UDB041458,SH1099032.09FU,reps,k__Fungi,OTU2537.p__Ascomycota.g__Fusarium
2428,OTU2538,371,316,369,849,484,431,15,73.1,2.78e-12,90.741,p__Ascomycota,c__GS35,o__GS35_ord_Incertae_sedis,f__GS35_fam_Incertae_sedis,g__GS35_gen_Incertae_sedis,s__GS35_sp,GS35_sp,UDB097091,SH1322839.09FU,reps,k__Fungi,OTU2538.p__Ascomycota.g__GS35_gen_Incertae_sedis
2429,OTU2539,317,261,312,581,475,527,16,58.4,6.56e-08,86.792,p__Ascomycota,c__Leotiomycetes,o__Helotiales,f__Dermateaceae,g__Pezicula,s__Pezicula_radicicola,Pezicula_radicicola,FJ179465,SH0975489.09FU,reps,k__Fungi,OTU2539.p__Ascomycota.g__Pezicula
2430,OTU2540,306,57,298,486,486,245,79,431,3.23e-120,98.76,p__Ascomycota,c__Sordariomycetes,o__Hypocreales,f__Bionectriaceae,g__Bionectriaceae_gen_Incertae_sedis,s__Bionectriaceae_sp,Bionectriaceae_sp,UDB03922481,SH1077278.09FU,reps,k__Fungi,OTU2540.p__Ascomycota.g__Bionectriaceae_gen_Incertae_sedis
2431,OTU2541,358,1,268,552,251,531,75,191,7.07e-48,79.93,p__Fungi_phy_Incertae_sedis,c__Fungi_cls_Incertae_sedis,o__Fungi_ord_Incertae_sedis,f__Fungi_fam_Incertae_sedis,g__Fungi_gen_Incertae_sedis,s__Fungi_sp,Fungi_sp,UDB0707150,SH1067361.09FU,reps,k__Fungi,OTU2541.p__Fungi_phy_Incertae_sedis.g__Fungi_gen_Incertae_sedis
2432,OTU2542,257,1,197,443,247,443,77,337,6.02e-92,97.462,p__Basidiomycota,c__Tremellomycetes,o__Tremellales,f__Bulleribasidiaceae,g__Vishniacozyma,s__Vishniacozyma_sp,Vishniacozyma_sp,MZ734456,SH0994190.09FU,reps,k__Fungi,OTU2542.p__Basidiomycota.g__Vishniacozyma
2433,OTU2543,305,1,245,531,287,531,80,453,6.87e-127,100,p__Ascomycota,c__Sordariomycetes,o__Hypocreales,f__Clavicipitaceae,g__Metarhizium,s__Metarhizium_rileyi,Metarhizium_rileyi,MW828653,SH1111143.09FU,reps,k__Fungi,OTU2543.p__Ascomycota.g__Metarhizium
2434,OTU2544,345,298,343,1125,57,12,13,69.4,3.32e-11,93.478,p__Ascomycota,c__Sordariomycetes,o__Hypocreales,f__Nectriaceae,g__Fusarium,s__Fusarium_oxysporum,Fusarium_oxysporum,UDB041458,SH1099032.09FU,reps,k__Fungi,OTU2544.p__Ascomycota.g__Fusarium
2435,OTU2545,353,306,348,581,484,527,12,63.9,1.58e-09,93.182,p__Ascomycota,c__Leotiomycetes,o__Helotiales,f__Dermateaceae,g__Pezicula,s__Pezicula_radicicola,Pezicula_radicicola,FJ179465,SH0975489.09FU,reps,k__Fungi,OTU2545.p__Ascomycota.g__Pezicula
2436,OTU2546,356,309,354,1125,57,12,13,69.4,3.44e-11,93.478,p__Ascomycota,c__Sordariomycetes,o__Hypocreales,f__Nectriaceae,g__Fusarium,s__Fusarium_oxysporum,Fusarium_oxysporum,UDB041458,SH1099032.09FU,reps,k__Fungi,OTU2546.p__Ascomycota.g__Fusarium
2437,OTU2547,308,1,241,497,256,497,78,412,1.18e-114,97.521,p__Glomeromycota,c__Glomeromycetes,o__Glomerales,f__Glomeraceae,g__Glomus,s__Glomus_sp,Glomus_sp,UDB03156047,SH0945743.09FU,reps,k__Fungi,OTU2547.p__Glomeromycota.g__Glomus
2438,OTU2548,367,320,365,1125,57,12,13,69.4,3.55e-11,93.478,p__Ascomycota,c__Sordariomycetes,o__Hypocreales,f__Nectriaceae,g__Fusarium,s__Fusarium_oxysporum,Fusarium_oxysporum,UDB041458,SH1099032.09FU,reps,k__Fungi,OTU2548.p__Ascomycota.g__Fusarium
2439,OTU2549,385,1,324,588,266,588,84,575,1.81e-163,98.765,p__Mortierellomycota,c__Mortierellomycetes,o__Mortierellales,f__Mortierellaceae,g__Mortierella,s__Mortierella_sp,Mortierella_sp,UDB04732601,SH1281078.09FU,reps,k__Fungi,OTU2549.p__Mortierellomycota.g__Mortierella
2440,OTU2550,289,1,245,571,327,570,85,446,1.08e-124,99.592,p__Ascomycota,c__Eurotiomycetes,o__Chaetothyriales,f__Herpotrichiellaceae,g__Cladophialophora,s__Cladophialophora_eucalypti,Cladophialophora_eucalypti,MK876380,SH0895739.09FU,refs,k__Fungi,OTU2550.p__Ascomycota.g__Cladophialophora
2441,OTU2551,357,310,355,1125,57,12,13,69.4,3.45e-11,93.478,p__Ascomycota,c__Sordariomycetes,o__Hypocreales,f__Nectriaceae,g__Fusarium,s__Fusarium_oxysporum,Fusarium_oxysporum,UDB041458,SH1099032.09FU,reps,k__Fungi,OTU2551.p__Ascomycota.g__Fusarium
2442,OTU2552,368,1,64,646,350,413,17,97.1,1.63e-19,93.846,p__Chytridiomycota,c__Chytridiomycota_cls_Incertae_sedis,o__Chytridiomycota_ord_Incertae_sedis,f__Chytridiomycota_fam_Incertae_sedis,g__Chytridiomycota_gen_Incertae_sedis,s__Chytridiomycota_sp,Chytridiomycota_sp,UDB02251140,SH1321704.09FU,reps,k__Fungi,OTU2552.p__Chytridiomycota.g__Chytridiomycota_gen_Incertae_sedis
2443,OTU2553,254,1,194,433,241,433,76,329,9.94e-90,97.423,p__Ascomycota,c__Dothideomycetes,o__Pleosporales,f__Pleosporales_fam_Incertae_sedis,g__Monodictys,s__Monodictys_bicolorata,Monodictys_bicolorata,UDB035410,SH1049819.09FU,reps,k__Fungi,OTU2553.p__Ascomycota.g__Monodictys
2444,OTU2554,338,1,330,602,266,597,98,521,2.08e-147,94.91,p__Basidiomycota,c__Agaricomycetes,o__Cantharellales,f__Ceratobasidiaceae,g__Ceratobasidiaceae_gen_Incertae_sedis,s__Ceratobasidiaceae_sp,Ceratobasidiaceae_sp,KT362069,SH1263053.09FU,reps,k__Fungi,OTU2554.p__Basidiomycota.g__Ceratobasidiaceae_gen_Incertae_sedis
2445,OTU2555,237,1,177,389,213,389,75,322,1.54e-87,99.435,p__Basidiomycota,c__Tremellomycetes,o__Tremellales,f__Bulleribasidiaceae,g__Hannaella,s__Hannaella_zeae,Hannaella_zeae,AJ965481,SH1003232.09FU,refs,k__Fungi,OTU2555.p__Basidiomycota.g__Hannaella
2446,OTU2556,191,1,144,310,169,310,75,254,4.47e-67,98.611,p__Ascomycota,c__Saccharomycetes,o__Saccharomycetales,f__Saccharomycetales_fam_Incertae_sedis,g__Saccharomycetales_gen_Incertae_sedis,s__Saccharomycetales_sp,Saccharomycetales_sp,KY102158,SH1002910.09FU,reps,k__Fungi,OTU2556.p__Ascomycota.g__Saccharomycetales_gen_Incertae_sedis
2447,OTU2557,291,1,231,527,298,527,79,398,3.1e-110,97.835,p__Ascomycota,c__Eurotiomycetes,o__Chaetothyriales,f__Cyphellophoraceae,g__Cyphellophora,s__Cyphellophora_sp,Cyphellophora_sp,MK116366,SH1233302.09FU,reps,k__Fungi,OTU2557.p__Ascomycota.g__Cyphellophora
2448,OTU2558,404,350,399,581,477,527,12,60.2,2.37e-08,88.235,p__Ascomycota,c__Leotiomycetes,o__Helotiales,f__Dermateaceae,g__Pezicula,s__Pezicula_radicicola,Pezicula_radicicola,FJ179465,SH0975489.09FU,reps,k__Fungi,OTU2558.p__Ascomycota.g__Pezicula
2449,OTU2559,238,156,232,578,351,276,32,124,4.69e-28,96.104,p__Monoblepharomycota,c__Monoblepharidomycetes,o__Monoblepharidales,f__Monoblepharidales_fam_Incertae_sedis,g__Monoblepharidales_gen_Incertae_sedis,s__Monoblepharidales_sp,Monoblepharidales_sp,UDB04224438,SH1119831.09FU,reps,k__Fungi,OTU2559.p__Monoblepharomycota.g__Monoblepharidales_gen_Incertae_sedis
2450,OTU2560,317,1,256,597,345,597,81,453,7.17e-127,98.828,p__Mucoromycota,c__Mucoromycetes,o__Mucorales,f__Cunninghamellaceae,g__Cunninghamella,s__Cunninghamella_sp,Cunninghamella_sp,UDB04472790,SH1185446.09FU,reps,k__Fungi,OTU2560.p__Mucoromycota.g__Cunninghamella
2451,OTU2561,341,302,339,758,508,545,11,65.8,4.25e-10,97.368,p__Basidiomycota,c__Agaricomycetes,o__Auriculariales,f__Auriculariales_fam_Incertae_sedis,g__Auriculariales_gen_Incertae_sedis,s__Auriculariales_sp,Auriculariales_sp,JQ272342,SH0954825.09FU,reps,k__Fungi,OTU2561.p__Basidiomycota.g__Auriculariales_gen_Incertae_sedis
2452,OTU2562,299,1,220,456,230,444,74,219,2.67e-56,85.268,p__Basidiomycota,c__Tremellomycetes,o__Tremellales,f__Trimorphomycetaceae,g__Carlosrosaea,s__Carlosrosaea_foliicola,Carlosrosaea_foliicola,MK050282,SH1104384.09FU,refs,k__Fungi,OTU2562.p__Basidiomycota.g__Carlosrosaea
2453,OTU2563,273,1,168,574,357,521,62,152,2.5e-36,83.815,p__Ascomycota,c__Dothideomycetes,o__Botryosphaeriales,f__Phyllostictaceae,g__Phyllosticta,s__Phyllosticta_kerriae,Phyllosticta_kerriae,AB454266,SH4253857.09FU,refs_singleton,k__Fungi,OTU2563.p__Ascomycota.g__Phyllosticta
2454,OTU2564,277,1,203,511,293,495,73,298,3.08e-80,93.204,p__Ascomycota,c__Eurotiomycetes,o__Chaetothyriales,f__Chaetothyriales_fam_Incertae_sedis,g__Chaetothyriales_gen_Incertae_sedis,s__Chaetothyriales_sp,Chaetothyriales_sp,UDB01803409,SH0898486.09FU,reps,k__Fungi,OTU2564.p__Ascomycota.g__Chaetothyriales_gen_Incertae_sedis
2455,OTU2565,360,325,358,758,512,545,9,63.9,1.62e-09,100,p__Basidiomycota,c__Agaricomycetes,o__Auriculariales,f__Auriculariales_fam_Incertae_sedis,g__Auriculariales_gen_Incertae_sedis,s__Auriculariales_sp,Auriculariales_sp,JQ272342,SH0954825.09FU,reps,k__Fungi,OTU2565.p__Basidiomycota.g__Auriculariales_gen_Incertae_sedis
2456,OTU2566,403,364,401,758,508,545,9,65.8,5.08e-10,97.368,p__Basidiomycota,c__Agaricomycetes,o__Auriculariales,f__Auriculariales_fam_Incertae_sedis,g__Auriculariales_gen_Incertae_sedis,s__Auriculariales_sp,Auriculariales_sp,JQ272342,SH0954825.09FU,reps,k__Fungi,OTU2566.p__Basidiomycota.g__Auriculariales_gen_Incertae_sedis
2457,OTU2568,334,278,329,581,475,527,16,63.9,1.49e-09,88.679,p__Ascomycota,c__Leotiomycetes,o__Helotiales,f__Dermateaceae,g__Pezicula,s__Pezicula_radicicola,Pezicula_radicicola,FJ179465,SH0975489.09FU,reps,k__Fungi,OTU2568.p__Ascomycota.g__Pezicula
2458,OTU2569,276,1,239,549,311,549,87,436,6.24e-122,99.582,p__Ascomycota,c__Dothideomycetes,o__Dothideomycetes_ord_Incertae_sedis,f__Dothideomycetes_fam_Incertae_sedis,g__Dothideomycetes_gen_Incertae_sedis,s__Dothideomycetes_sp,Dothideomycetes_sp,MW215551,SH0916789.09FU,reps,k__Fungi,OTU2569.p__Ascomycota.g__Dothideomycetes_gen_Incertae_sedis
2459,OTU2570,403,346,401,1125,67,12,14,76.8,2.35e-13,91.071,p__Ascomycota,c__Sordariomycetes,o__Hypocreales,f__Nectriaceae,g__Fusarium,s__Fusarium_oxysporum,Fusarium_oxysporum,UDB041458,SH1099032.09FU,reps,k__Fungi,OTU2570.p__Ascomycota.g__Fusarium
2460,OTU2571,292,1,149,578,314,454,51,158,5.75e-38,86.577,p__Ascomycota,c__Eurotiomycetes,o__Eurotiales,f__Aspergillaceae,g__Aspergillus,s__Aspergillus_keratitidis,Aspergillus_keratitidis,KY980637,SH1067476.09FU,reps,k__Fungi,OTU2571.p__Ascomycota.g__Aspergillus
2461,OTU2572,384,1,323,840,538,840,84,141,7.79e-33,75.841,p__Chytridiomycota,c__Rhizophlyctidomycetes,o__Rhizophlyctidales,f__Rhizophlyctidales_fam_Incertae_sedis,g__Rhizophlyctidales_gen_Incertae_sedis,s__Rhizophlyctidales_sp,Rhizophlyctidales_sp,UDB06401028,SH1320417.09FU,reps,k__Fungi,OTU2572.p__Chytridiomycota.g__Rhizophlyctidales_gen_Incertae_sedis
2462,OTU2573,442,385,440,1228,558,503,13,76.8,2.59e-13,91.071,p__Basidiomycota,c__Agaricomycetes,o__Agaricales,f__Psathyrellaceae,g__Lacrymaria,s__Lacrymaria_glareosa,Lacrymaria_glareosa,UDB073985,SH1319901.09FU,reps,k__Fungi,OTU2573.p__Basidiomycota.g__Lacrymaria
2463,OTU2574,296,1,230,425,196,425,78,414,3.14e-115,99.13,p__Glomeromycota,c__Glomeromycetes,o__Glomerales,f__Glomeraceae,g__Glomus,s__Glomus_sp,Glomus_sp,UDB03160078,SH0958722.09FU,reps,k__Fungi,OTU2574.p__Glomeromycota.g__Glomus
2464,OTU2575,304,1,243,597,358,597,80,351,2.57e-96,93.061,p__Ascomycota,c__Eurotiomycetes,o__Eurotiales,f__Eurotiales_fam_Incertae_sedis,g__Eurotiales_gen_Incertae_sedis,s__Eurotiales_sp,Eurotiales_sp,UDB01930816,SH1274477.09FU,reps,k__Fungi,OTU2575.p__Ascomycota.g__Eurotiales_gen_Incertae_sedis
2465,OTU2576,295,1,233,477,244,476,79,353,6.91e-97,94.017,p__Ascomycota,c__Sordariomycetes,o__Glomerellales,f__Plectosphaerellaceae,g__Plectosphaerellaceae_gen_Incertae_sedis,s__Plectosphaerellaceae_sp,Plectosphaerellaceae_sp,UDB04978599,SH1078094.09FU,reps,k__Fungi,OTU2576.p__Ascomycota.g__Plectosphaerellaceae_gen_Incertae_sedis
2466,OTU2577,331,296,329,758,512,545,10,63.9,1.48e-09,100,p__Basidiomycota,c__Agaricomycetes,o__Auriculariales,f__Auriculariales_fam_Incertae_sedis,g__Auriculariales_gen_Incertae_sedis,s__Auriculariales_sp,Auriculariales_sp,JQ272342,SH0954825.09FU,reps,k__Fungi,OTU2577.p__Basidiomycota.g__Auriculariales_gen_Incertae_sedis
2467,OTU2578,285,1,284,553,547,261,99,460,3.84e-129,95.833,p__Ascomycota,c__Eurotiomycetes,o__Onygenales,f__Onygenaceae,g__Chrysosporium,s__Chrysosporium_lobatum,Chrysosporium_lobatum,MK952494,SH1219450.09FU,reps,k__Fungi,OTU2578.p__Ascomycota.g__Chrysosporium
2468,OTU2579,287,41,279,479,479,240,83,414,3.05e-115,97.917,p__Ascomycota,c__Dothideomycetes,o__Capnodiales,f__Cladosporiaceae,g__Cladosporium,s__Cladosporium_tenuissimum,Cladosporium_tenuissimum,KU821452,SH1081563.09FU,reps,k__Fungi,OTU2579.p__Ascomycota.g__Cladosporium
2469,OTU2580,290,50,287,507,507,270,82,435,2.36e-121,99.58,p__Ascomycota,c__Sordariomycetes,o__Sordariales,f__Sordariales_fam_Incertae_sedis,g__Madurella,s__Madurella_tropicana,Madurella_tropicana,JX280869,SH0881728.09FU,refs,k__Fungi,OTU2580.p__Ascomycota.g__Madurella
2470,OTU2581,287,58,284,476,476,250,79,398,3.07e-110,98.238,p__Ascomycota,c__Sordariomycetes,o__Sordariales,f__Chaetomiaceae,g__Stolonocarpus,s__Stolonocarpus_sp,Stolonocarpus_sp,UDB07634549,SH0881579.09FU,reps,k__Fungi,OTU2581.p__Ascomycota.g__Stolonocarpus
2471,OTU2582,363,95,355,593,554,297,72,429,1.4e-119,96.565,p__Basidiomycota,c__Basidiomycota_cls_Incertae_sedis,o__Basidiomycota_ord_Incertae_sedis,f__Basidiomycota_fam_Incertae_sedis,g__Basidiomycota_gen_Incertae_sedis,s__Basidiomycota_sp,Basidiomycota_sp,UDB02169572,SH1278625.09FU,reps,k__Fungi,OTU2582.p__Basidiomycota.g__Basidiomycota_gen_Incertae_sedis
2472,OTU2583,284,58,284,521,521,295,80,414,3.02e-115,99.559,p__Ascomycota,c__Sordariomycetes,o__Xylariales,f__Apiosporaceae,g__Apiospora,s__Apiospora_jiangxiensis,Apiospora_jiangxiensis,KY494693,SH3754730.09FU,refs,k__Fungi,OTU2583.p__Ascomycota.g__Apiospora
2473,OTU2584,282,1,222,491,271,491,79,342,1.43e-93,94.619,p__Ascomycota,c__Sordariomycetes,o__Xylariales,f__Xylariales_fam_Incertae_sedis,g__Xenoanthostomella,s__Xenoanthostomella_chromolaenae,Xenoanthostomella_chromolaenae,MN638863,SH0921452.09FU,refs,k__Fungi,OTU2584.p__Ascomycota.g__Xenoanthostomella
2474,OTU2585,309,1,249,520,273,520,81,436,7.02e-122,98.394,p__Ascomycota,c__Sordariomycetes,o__Hypocreales,f__Clavicipitaceae,g__Metacordyceps,s__Metacordyceps_chlamydosporia,Metacordyceps_chlamydosporia,AY555965,SH1111254.09FU,refs,k__Fungi,OTU2585.p__Ascomycota.g__Metacordyceps
2475,OTU2586,268,1,208,446,241,446,78,361,3.74e-99,98.077,p__Ascomycota,c__Sordariomycetes,o__Sordariales,f__Sordariales_fam_Incertae_sedis,g__Sordariales_gen_Incertae_sedis,s__Sordariales_sp,Sordariales_sp,MW376487,SH0938899.09FU,reps,k__Fungi,OTU2586.p__Ascomycota.g__Sordariales_gen_Incertae_sedis
2476,OTU2588,318,1,57,579,311,367,18,78.7,5.06e-14,91.228,p__Basidiomycota,c__Agaricomycetes,o__Agaricales,f__Clavariaceae,g__Clavaria,s__Clavaria_sp,Clavaria_sp,UDB03151852,SH1063845.09FU,reps,k__Fungi,OTU2588.p__Basidiomycota.g__Clavaria
2477,OTU2589,323,1,264,463,200,463,82,477,4.34e-134,99.242,p__Glomeromycota,c__Glomeromycetes,o__Glomerales,f__Glomeraceae,g__Glomus,s__Glomus_sp,Glomus_sp,UDB0600150,SH0904344.09FU,reps,k__Fungi,OTU2589.p__Glomeromycota.g__Glomus
2478,OTU2590,317,1,249,565,314,559,79,357,5.78e-98,92.771,p__Basidiomycota,c__Basidiomycota_cls_Incertae_sedis,o__Basidiomycota_ord_Incertae_sedis,f__Basidiomycota_fam_Incertae_sedis,g__Basidiomycota_gen_Incertae_sedis,s__Basidiomycota_sp,Basidiomycota_sp,UDB01491475,SH1306659.09FU,reps,k__Fungi,OTU2590.p__Basidiomycota.g__Basidiomycota_gen_Incertae_sedis
2479,OTU2591,313,1,252,465,214,465,81,460,4.22e-129,99.603,p__Glomeromycota,c__Glomeromycetes,o__Glomerales,f__Glomeraceae,g__Rhizophagus,s__Rhizophagus_sp,Rhizophagus_sp,UDB06373318,SH0956075.09FU,reps,k__Fungi,OTU2591.p__Glomeromycota.g__Rhizophagus
2480,OTU2592,358,1,298,597,298,597,83,364,3.94e-100,88.889,p__Chytridiomycota,c__Lobulomycetes,o__Lobulomycetales,f__Lobulomycetales_fam_Incertae_sedis,g__Lobulomycetales_gen_Incertae_sedis,s__Lobulomycetales_sp,Lobulomycetales_sp,UDB0448027,SH1143403.09FU,reps,k__Fungi,OTU2592.p__Chytridiomycota.g__Lobulomycetales_gen_Incertae_sedis
2481,OTU2593,367,1,306,690,392,690,83,508,1.77e-143,97.059,p__Basidiomycota,c__Agaricomycetes,o__Agaricales,f__Agaricales_fam_Incertae_sedis,g__Agaricales_gen_Incertae_sedis,s__Agaricales_sp,Agaricales_sp,UDB0896717,SH1158722.09FU,reps,k__Fungi,OTU2593.p__Basidiomycota.g__Agaricales_gen_Incertae_sedis
2482,OTU2594,325,1,265,618,356,618,82,444,4.43e-124,96.981,p__Basidiomycota,c__Agaricomycetes,o__Agaricomycetes_ord_Incertae_sedis,f__Agaricomycetes_fam_Incertae_sedis,g__Agaricomycetes_gen_Incertae_sedis,s__Agaricomycetes_sp,Agaricomycetes_sp,JF449872,SH1287823.09FU,reps,k__Fungi,OTU2594.p__Basidiomycota.g__Agaricomycetes_gen_Incertae_sedis
2483,OTU2595,268,1,195,485,280,473,73,182,3.13e-45,83.92,p__Ascomycota,c__Leotiomycetes,o__Helotiales,f__Tricladiaceae,g__Tricladium,s__Tricladium_angustum,Tricladium_angustum,UDB034348,SH1110935.09FU,reps,k__Fungi,OTU2595.p__Ascomycota.g__Tricladium
2484,OTU2597,318,282,316,758,511,545,11,65.8,3.94e-10,100,p__Basidiomycota,c__Agaricomycetes,o__Auriculariales,f__Auriculariales_fam_Incertae_sedis,g__Auriculariales_gen_Incertae_sedis,s__Auriculariales_sp,Auriculariales_sp,JQ272342,SH0954825.09FU,reps,k__Fungi,OTU2597.p__Basidiomycota.g__Auriculariales_gen_Incertae_sedis
2485,OTU2598,301,1,248,636,387,636,82,449,8.76e-126,99.2,p__Ascomycota,c__Dothideomycetes,o__Venturiales,f__Sympoventuriaceae,g__Ochroconis,s__Ochroconis_musae,Ochroconis_musae,KF156029,SH0949400.09FU,refs,k__Fungi,OTU2598.p__Ascomycota.g__Ochroconis
2486,OTU2599,354,307,349,581,484,527,12,63.9,1.59e-09,93.182,p__Ascomycota,c__Leotiomycetes,o__Helotiales,f__Dermateaceae,g__Pezicula,s__Pezicula_radicicola,Pezicula_radicicola,FJ179465,SH0975489.09FU,reps,k__Fungi,OTU2599.p__Ascomycota.g__Pezicula
2487,OTU2600,354,1,74,636,303,376,21,110,2.01e-23,93.243,p__Fungi_phy_Incertae_sedis,c__Fungi_cls_Incertae_sedis,o__Fungi_ord_Incertae_sedis,f__Fungi_fam_Incertae_sedis,g__Fungi_gen_Incertae_sedis,s__Fungi_sp,Fungi_sp,UDB02124093,SH1182276.09FU,reps,k__Fungi,OTU2600.p__Fungi_phy_Incertae_sedis.g__Fungi_gen_Incertae_sedis
2488,OTU2601,267,1,207,457,251,457,78,383,7.95e-106,100,p__Ascomycota,c__Sordariomycetes,o__Hypocreales,f__Nectriaceae,g__Fusarium,s__Fusarium_polyphialidicum,Fusarium_polyphialidicum,U34580,SH1060307.09FU,refs,k__Fungi,OTU2601.p__Ascomycota.g__Fusarium
2489,OTU2602,383,328,381,1125,65,12,14,73.1,2.87e-12,90.741,p__Ascomycota,c__Sordariomycetes,o__Hypocreales,f__Nectriaceae,g__Fusarium,s__Fusarium_oxysporum,Fusarium_oxysporum,UDB041458,SH1099032.09FU,reps,k__Fungi,OTU2602.p__Ascomycota.g__Fusarium
2490,OTU2603,289,1,229,579,351,579,79,418,2.36e-116,99.563,p__Ascomycota,c__Eurotiomycetes,o__Chaetothyriales,f__Trichomeriaceae,g__Trichomerium,s__Trichomerium_deniquelatum,Trichomerium_deniquelatum,MZ373996,SH1287420.09FU,reps,k__Fungi,OTU2603.p__Ascomycota.g__Trichomerium
2491,OTU2604,274,1,213,489,277,489,78,361,3.83e-99,97.183,p__Ascomycota,c__Dothideomycetes,o__Dothideomycetes_ord_Incertae_sedis,f__Dothideomycetes_fam_Incertae_sedis,g__Dothideomycetes_gen_Incertae_sedis,s__Dothideomycetes_sp,Dothideomycetes_sp,UDB05262680,SH0946283.09FU,reps,k__Fungi,OTU2604.p__Ascomycota.g__Dothideomycetes_gen_Incertae_sedis
2492,OTU2605,369,57,361,544,544,240,83,536,8.15e-152,98.361,p__Chytridiomycota,c__Rhizophydiomycetes,o__Rhizophydiales,f__Alphamycetaceae,g__Betamyces,s__Betamyces_sp,Betamyces_sp,UDB0461123,SH0903500.09FU,reps,k__Fungi,OTU2605.p__Chytridiomycota.g__Betamyces
2493,OTU2606,345,300,343,439,361,403,13,69.4,3.32e-11,95.455,p__Ascomycota,c__Saccharomycetes,o__Saccharomycetales,f__Trichomonascaceae,g__Wickerhamiella,s__Wickerhamiella_sp,Wickerhamiella_sp,KT792875,SH1040992.09FU,reps,k__Fungi,OTU2606.p__Ascomycota.g__Wickerhamiella
2494,OTU2607,358,311,356,1125,57,12,13,69.4,3.46e-11,93.478,p__Ascomycota,c__Sordariomycetes,o__Hypocreales,f__Nectriaceae,g__Fusarium,s__Fusarium_oxysporum,Fusarium_oxysporum,UDB041458,SH1099032.09FU,reps,k__Fungi,OTU2607.p__Ascomycota.g__Fusarium
2495,OTU2608,395,337,393,1125,68,12,14,73.1,2.97e-12,89.474,p__Ascomycota,c__Sordariomycetes,o__Hypocreales,f__Nectriaceae,g__Fusarium,s__Fusarium_oxysporum,Fusarium_oxysporum,UDB041458,SH1099032.09FU,reps,k__Fungi,OTU2608.p__Ascomycota.g__Fusarium
2496,OTU2609,364,1,303,451,148,451,83,549,1.03e-155,99.342,p__Mortierellomycota,c__Mortierellomycetes,o__Mortierellales,f__Mortierellaceae,g__Mortierella,s__Mortierella_sp,Mortierella_sp,UDB0190201,SH1038856.09FU,reps,k__Fungi,OTU2609.p__Mortierellomycota.g__Mortierella
2497,OTU2610,405,331,403,1125,88,12,18,73.1,3.05e-12,84.416,p__Ascomycota,c__Sordariomycetes,o__Hypocreales,f__Nectriaceae,g__Fusarium,s__Fusarium_oxysporum,Fusarium_oxysporum,UDB041458,SH1099032.09FU,reps,k__Fungi,OTU2610.p__Ascomycota.g__Fusarium
2498,OTU2611,347,1,74,636,303,376,21,99,4.27e-20,90.541,p__Fungi_phy_Incertae_sedis,c__Fungi_cls_Incertae_sedis,o__Fungi_ord_Incertae_sedis,f__Fungi_fam_Incertae_sedis,g__Fungi_gen_Incertae_sedis,s__Fungi_sp,Fungi_sp,UDB02124093,SH1182276.09FU,reps,k__Fungi,OTU2611.p__Fungi_phy_Incertae_sedis.g__Fungi_gen_Incertae_sedis
2499,OTU2612,327,1,266,526,269,526,81,158,6.51e-38,78.388,p__Chytridiomycota,c__Chytridiomycota_cls_Incertae_sedis,o__Chytridiomycota_ord_Incertae_sedis,f__Chytridiomycota_fam_Incertae_sedis,g__Chytridiomycota_gen_Incertae_sedis,s__Chytridiomycota_sp,Chytridiomycota_sp,UDB02301410,SH1195962.09FU,reps,k__Fungi,OTU2612.p__Chytridiomycota.g__Chytridiomycota_gen_Incertae_sedis
2500,OTU2613,340,101,264,770,540,698,71,159,1.89e-38,84.94,p__Basidiomycota,c__Agaricomycetes,o__Agaricomycetes_ord_Incertae_sedis,f__Agaricomycetes_fam_Incertae_sedis,g__Agaricomycetes_gen_Incertae_sedis,s__Agaricomycetes_sp,Agaricomycetes_sp,UDB0946785,SH1112718.09FU,reps,k__Fungi,OTU2613.p__Basidiomycota.g__Agaricomycetes_gen_Incertae_sedis
2501,OTU2614,308,1,247,442,196,442,80,451,2.5e-126,99.595,p__Glomeromycota,c__Glomeromycetes,o__Glomerales,f__Glomeraceae,g__Glomeraceae_gen_Incertae_sedis,s__Glomeraceae_sp,Glomeraceae_sp,UDB03128517,SH1035515.09FU,reps,k__Fungi,OTU2614.p__Glomeromycota.g__Glomeraceae_gen_Incertae_sedis
2502,OTU2615,272,1,212,456,245,456,78,381,2.92e-105,99.057,p__Ascomycota,c__Dothideomycetes,o__Pleosporales,f__Sporormiaceae,g__Preussia,s__Preussia_procaviae,Preussia_procaviae,MW175362,SH0992154.09FU,refs,k__Fungi,OTU2615.p__Ascomycota.g__Preussia
2503,OTU2616,259,1,198,459,261,459,76,322,1.7e-87,95.98,p__Ascomycota,c__Leotiomycetes,o__Helotiales,f__Helotiaceae,g__Tetracladium,s__Tetracladium_sp,Tetracladium_sp,UDB05461402,SH1078669.09FU,reps,k__Fungi,OTU2616.p__Ascomycota.g__Tetracladium
2504,OTU2617,312,1,252,490,239,490,81,455,1.96e-127,99.206,p__Basidiomycota,c__Cystobasidiomycetes,o__Cystobasidiales,f__Cystobasidiales_fam_Incertae_sedis,g__Robertozyma,s__Robertozyma_ningxiaensis,Robertozyma_ningxiaensis,MK050392,SH1087548.09FU,refs,k__Fungi,OTU2617.p__Basidiomycota.g__Robertozyma
2505,OTU2618,334,1,264,568,310,568,79,372,2.18e-102,92.453,p__Ascomycota,c__Sordariomycetes,o__Branch06,f__Branch06_fam_Incertae_sedis,g__Branch06_gen_Incertae_sedis,s__Branch06_sp,Branch06_sp,UDB01558065,SH1271044.09FU,reps,k__Fungi,OTU2618.p__Ascomycota.g__Branch06_gen_Incertae_sedis
2506,OTU2619,310,1,248,598,350,597,80,425,1.52e-118,97.581,p__Basidiomycota,c__Agaricomycetes,o__Agaricales,f__Psathyrellaceae,g__Coprinopsis,s__Coprinopsis_sp,Coprinopsis_sp,UDB04184643,SH1204422.09FU,reps,k__Fungi,OTU2619.p__Basidiomycota.g__Coprinopsis
2507,OTU2620,355,318,353,758,510,545,10,67.6,1.23e-10,100,p__Basidiomycota,c__Agaricomycetes,o__Auriculariales,f__Auriculariales_fam_Incertae_sedis,g__Auriculariales_gen_Incertae_sedis,s__Auriculariales_sp,Auriculariales_sp,JQ272342,SH0954825.09FU,reps,k__Fungi,OTU2620.p__Basidiomycota.g__Auriculariales_gen_Incertae_sedis
2508,OTU2621,363,316,361,1125,57,12,13,69.4,3.51e-11,93.478,p__Ascomycota,c__Sordariomycetes,o__Hypocreales,f__Nectriaceae,g__Fusarium,s__Fusarium_oxysporum,Fusarium_oxysporum,UDB041458,SH1099032.09FU,reps,k__Fungi,OTU2621.p__Ascomycota.g__Fusarium
2509,OTU2622,285,1,227,528,302,528,80,420,6.51e-117,100,p__Ascomycota,c__Sordariomycetes,o__Xylariales,f__Diatrypaceae,g__Monosporascus,s__Monosporascus_eutypoides,Monosporascus_eutypoides,JQ958964,SH1290612.09FU,reps,k__Fungi,OTU2622.p__Ascomycota.g__Monosporascus
2510,OTU2623,321,1,239,586,323,566,74,119,3.01e-26,76.21,p__Chytridiomycota,c__Rhizophydiomycetes,o__Rhizophydiales,f__Rhizophydiaceae,g__Rhizophydium,s__Rhizophydium_sp,Rhizophydium_sp,UDB06477609,SH1275295.09FU,reps,k__Fungi,OTU2623.p__Chytridiomycota.g__Rhizophydium
2511,OTU2624,274,1,214,440,227,440,78,396,1.05e-109,100,p__Ascomycota,c__Sordariomycetes,o__Hypocreales,f__Cordycipitaceae,g__Beauveria,s__Beauveria_felina,Beauveria_felina,KX034384,SH1029925.09FU,reps,k__Fungi,OTU2624.p__Ascomycota.g__Beauveria
2512,OTU2625,288,1,213,536,310,524,74,296,1.16e-79,91.743,p__Ascomycota,c__Eurotiomycetes,o__Chaetothyriales,f__Trichomeriaceae,g__Knufia,s__Knufia_sp,Knufia_sp,UDB02336136,SH1194889.09FU,reps,k__Fungi,OTU2625.p__Ascomycota.g__Knufia
2513,OTU2626,356,1,214,620,328,542,60,135,3.34e-31,78.44,p__Chytridiomycota,c__Spizellomycetes,o__Spizellomycetales,f__Spizellomycetales_fam_Incertae_sedis,g__Spizellomycetales_gen_Incertae_sedis,s__Spizellomycetales_sp,Spizellomycetales_sp,UDB07390570,SH1117559.09FU,reps,k__Fungi,OTU2626.p__Chytridiomycota.g__Spizellomycetales_gen_Incertae_sedis
2514,OTU2627,410,1,349,665,322,665,85,545,1.52e-154,95.17,p__Calcarisporiellomycota,c__Calcarisporiellomycetes,o__Calcarisporiellales,f__Calcarisporiellaceae,g__Calcarisporiella,s__Calcarisporiella_sp,Calcarisporiella_sp,UDB01587882,SH1202581.09FU,reps,k__Fungi,OTU2627.p__Calcarisporiellomycota.g__Calcarisporiella
2515,OTU2628,306,1,202,470,269,470,66,374,5.52e-103,100,p__Ascomycota,c__Saccharomycetes,o__Saccharomycetales,f__Saccharomycopsidaceae,g__Saccharomycopsis,s__Saccharomycopsis_vini,Saccharomycopsis_vini,KY105291,SH1073330.09FU,refs,k__Fungi,OTU2628.p__Ascomycota.g__Saccharomycopsis
2516,OTU2629,274,1,227,476,251,476,83,407,4.85e-113,99.119,p__Ascomycota,c__Dothideomycetes,o__Botryosphaeriales,f__Botryosphaeriaceae,g__Lasiodiplodia,s__Lasiodiplodia_endophytica,Lasiodiplodia_endophytica,MK501838,SH2730661.09FU,refs,k__Fungi,OTU2629.p__Ascomycota.g__Lasiodiplodia
2517,OTU2630,399,1,65,673,263,327,16,104,1.06e-21,95.385,p__Zoopagomycota,c__Zoopagomycetes,o__Zoopagales,f__Piptocephalidaceae,g__Syncephalis,s__Syncephalis_sp,Syncephalis_sp,UDB0722130,SH1175445.09FU,reps,k__Fungi,OTU2630.p__Zoopagomycota.g__Syncephalis
2518,OTU2631,349,295,347,1125,64,12,15,71.3,9.36e-12,90.566,p__Ascomycota,c__Sordariomycetes,o__Hypocreales,f__Nectriaceae,g__Fusarium,s__Fusarium_oxysporum,Fusarium_oxysporum,UDB041458,SH1099032.09FU,reps,k__Fungi,OTU2631.p__Ascomycota.g__Fusarium
2519,OTU2632,389,1,130,594,309,439,33,147,1.7e-34,87.218,p__Fungi_phy_Incertae_sedis,c__Fungi_cls_Incertae_sedis,o__Fungi_ord_Incertae_sedis,f__Fungi_fam_Incertae_sedis,g__Fungi_gen_Incertae_sedis,s__Fungi_sp,Fungi_sp,UDB0750705,SH1119533.09FU,reps,k__Fungi,OTU2632.p__Fungi_phy_Incertae_sedis.g__Fungi_gen_Incertae_sedis
2520,OTU2633,387,1,291,534,249,523,75,147,1.69e-34,77.258,p__Fungi_phy_Incertae_sedis,c__Fungi_cls_Incertae_sedis,o__Fungi_ord_Incertae_sedis,f__Fungi_fam_Incertae_sedis,g__Fungi_gen_Incertae_sedis,s__Fungi_sp,Fungi_sp,UDB02107518,SH0919053.09FU,reps,k__Fungi,OTU2633.p__Fungi_phy_Incertae_sedis.g__Fungi_gen_Incertae_sedis
2521,OTU2634,267,1,186,438,237,424,70,252,2.34e-66,91.005,p__Ascomycota,c__Dothideomycetes,o__Mycosphaerellales,f__Mycosphaerellaceae,g__Teratoramularia,s__Teratoramularia_rumicicola,Teratoramularia_rumicicola,KX287550,SH1085508.09FU,refs,k__Fungi,OTU2634.p__Ascomycota.g__Teratoramularia
2522,OTU2635,363,316,361,1125,57,12,13,69.4,3.51e-11,93.478,p__Ascomycota,c__Sordariomycetes,o__Hypocreales,f__Nectriaceae,g__Fusarium,s__Fusarium_oxysporum,Fusarium_oxysporum,UDB041458,SH1099032.09FU,reps,k__Fungi,OTU2635.p__Ascomycota.g__Fusarium
2523,OTU2636,333,1,273,643,373,643,82,464,3.49e-130,97.436,p__Basidiomycota,c__Agaricomycetes,o__Agaricales,f__Agaricaceae,g__Tulostoma,s__Tulostoma_sp,Tulostoma_sp,KU518994,SH0963931.09FU,reps,k__Fungi,OTU2636.p__Basidiomycota.g__Tulostoma
2524,OTU2637,412,1,349,675,326,675,85,606,6.89e-173,98,p__Entomophthoromycota,c__Entomophthoromycetes,o__Entomophthorales,f__Ancylistaceae,g__Conidiobolus,s__Conidiobolus_coronatus,Conidiobolus_coronatus,HQ602777,SH1170527.09FU,reps,k__Fungi,OTU2637.p__Entomophthoromycota.g__Conidiobolus
2525,OTU2638,286,57,278,456,456,235,78,394,3.96e-109,98.649,p__Ascomycota,c__Dothideomycetes,o__Pleosporales,f__Pleosporales_fam_Incertae_sedis,g__Pleosporales_gen_Incertae_sedis,s__Pleosporales_sp,Pleosporales_sp,HM162090,SH1009332.09FU,reps,k__Fungi,OTU2638.p__Ascomycota.g__Pleosporales_gen_Incertae_sedis
2526,OTU2639,290,1,225,491,264,488,78,383,8.65e-106,97.333,p__Ascomycota,c__Sordariomycetes,o__Xylariales,f__Diatrypaceae,g__Monosporascus,s__Monosporascus_ibericus,Monosporascus_ibericus,MT555319,SH0970748.09FU,reps,k__Fungi,OTU2639.p__Ascomycota.g__Monosporascus
2527,OTU2640,356,319,354,758,510,545,10,67.6,1.24e-10,100,p__Basidiomycota,c__Agaricomycetes,o__Auriculariales,f__Auriculariales_fam_Incertae_sedis,g__Auriculariales_gen_Incertae_sedis,s__Auriculariales_sp,Auriculariales_sp,JQ272342,SH0954825.09FU,reps,k__Fungi,OTU2640.p__Basidiomycota.g__Auriculariales_gen_Incertae_sedis
2528,OTU2641,179,1,118,665,547,665,66,174,3.32e-43,93.388,p__Basidiomycota,c__Agaricomycetes,o__Agaricales,f__Stephanosporaceae,g__Lindtneria,s__Lindtneria_sp,Lindtneria_sp,UDB03087383,SH1168632.09FU,reps,k__Fungi,OTU2641.p__Basidiomycota.g__Lindtneria
2529,OTU2642,272,1,219,470,253,470,81,392,1.35e-108,99.087,p__Ascomycota,c__Sordariomycetes,o__Coniochaetales,f__Coniochaetaceae,g__Coniochaeta,s__Coniochaeta_simbalensis,Coniochaeta_simbalensis,MG825743,SH1386080.09FU,refs_singleton,k__Fungi,OTU2642.p__Ascomycota.g__Coniochaeta
2530,OTU2643,355,1,294,651,360,651,83,497,3.69e-140,97.279,p__Chytridiomycota,c__Spizellomycetes,o__Spizellomycetales,f__Powellomycetaceae,g__Powellomycetaceae_gen_Incertae_sedis,s__Powellomycetaceae_sp,Powellomycetaceae_sp,UDB05209214,SH1200296.09FU,reps,k__Fungi,OTU2643.p__Chytridiomycota.g__Powellomycetaceae_gen_Incertae_sedis
2531,OTU2644,335,1,176,519,233,407,53,163,1.44e-39,83.708,p__Fungi_phy_Incertae_sedis,c__Fungi_cls_Incertae_sedis,o__Fungi_ord_Incertae_sedis,f__Fungi_fam_Incertae_sedis,g__Fungi_gen_Incertae_sedis,s__Fungi_sp,Fungi_sp,MW215849,SH1121997.09FU,reps,k__Fungi,OTU2644.p__Fungi_phy_Incertae_sedis.g__Fungi_gen_Incertae_sedis
2532,OTU2645,345,1,291,498,213,498,84,483,1e-135,96.918,p__Glomeromycota,c__Glomeromycetes,o__Glomerales,f__Glomeraceae,g__Glomeraceae_gen_Incertae_sedis,s__Glomeraceae_sp,Glomeraceae_sp,JN936304,SH0886901.09FU,reps,k__Fungi,OTU2645.p__Glomeromycota.g__Glomeraceae_gen_Incertae_sedis
2533,OTU2646,355,1,291,547,255,545,82,483,1.03e-135,96.587,p__Glomeromycota,c__Paraglomeromycetes,o__Paraglomerales,f__Pervetustaceae,g__Pervetustus,s__Pervetustus_sp,Pervetustus_sp,UDB04286401,SH1304303.09FU,reps,k__Fungi,OTU2646.p__Glomeromycota.g__Pervetustus
2534,OTU2647,408,1,347,778,430,778,85,621,2.43e-177,98.854,p__Chytridiomycota,c__Chytridiomycota_cls_Incertae_sedis,o__Chytridiomycota_ord_Incertae_sedis,f__Chytridiomycota_fam_Incertae_sedis,g__Chytridiomycota_gen_Incertae_sedis,s__Chytridiomycota_sp,Chytridiomycota_sp,UDB02280195,SH1216875.09FU,reps,k__Fungi,OTU2647.p__Chytridiomycota.g__Chytridiomycota_gen_Incertae_sedis
2535,OTU2648,282,1,222,475,254,475,79,377,3.93e-104,97.297,p__Ascomycota,c__Sordariomycetes,o__Sordariales,f__Chaetomiaceae,g__Achaetomium,s__Achaetomium_aegilopis,Achaetomium_aegilopis,MT568841,SH1339282.09FU,refs,k__Fungi,OTU2648.p__Ascomycota.g__Achaetomium
2536,OTU2649,318,1,258,622,365,622,81,455,2e-127,98.45,p__Basidiomycota,c__Agaricomycetes,o__Agaricales,f__Bolbitiaceae,g__Bolbitiaceae_gen_Incertae_sedis,s__Bolbitiaceae_sp,Bolbitiaceae_sp,JF907827,SH1182674.09FU,reps,k__Fungi,OTU2649.p__Basidiomycota.g__Bolbitiaceae_gen_Incertae_sedis
2537,OTU2650,303,1,243,583,341,583,80,449,8.82e-126,100,p__Ascomycota,c__Eurotiomycetes,o__Onygenales,f__Onygenaceae,g__Chrysosporium,s__Chrysosporium_europae,Chrysosporium_europae,AJ007843,SH1198162.09FU,refs,k__Fungi,OTU2650.p__Ascomycota.g__Chrysosporium
2538,OTU2651,263,1,203,503,301,503,77,353,6.13e-97,98.03,p__Ascomycota,c__Dothideomycetes,o__Mycosphaerellales,f__Mycosphaerellaceae,g__Chaetothyrina,s__Chaetothyrina_guttulata,Chaetothyrina_guttulata,KX372276,SH1192200.09FU,refs,k__Fungi,OTU2651.p__Ascomycota.g__Chaetothyrina
2539,OTU2652,351,304,349,1125,57,12,13,69.4,3.39e-11,93.478,p__Ascomycota,c__Sordariomycetes,o__Hypocreales,f__Nectriaceae,g__Fusarium,s__Fusarium_oxysporum,Fusarium_oxysporum,UDB041458,SH1099032.09FU,reps,k__Fungi,OTU2652.p__Ascomycota.g__Fusarium
2540,OTU2653,335,288,333,1125,57,12,14,69.4,3.22e-11,93.478,p__Ascomycota,c__Sordariomycetes,o__Hypocreales,f__Nectriaceae,g__Fusarium,s__Fusarium_oxysporum,Fusarium_oxysporum,UDB041458,SH1099032.09FU,reps,k__Fungi,OTU2653.p__Ascomycota.g__Fusarium
2541,OTU2654,359,312,357,1125,57,12,13,69.4,3.47e-11,93.478,p__Ascomycota,c__Sordariomycetes,o__Hypocreales,f__Nectriaceae,g__Fusarium,s__Fusarium_oxysporum,Fusarium_oxysporum,UDB041458,SH1099032.09FU,reps,k__Fungi,OTU2654.p__Ascomycota.g__Fusarium
2542,OTU2655,391,1,69,743,392,460,18,128,6.18e-29,100,p__Chytridiomycota,c__Chytridiomycetes,o__Chytridiales,f__Chytridiales_fam_Incertae_sedis,g__Chytridiales_gen_Incertae_sedis,s__Chytridiales_sp,Chytridiales_sp,UDB0549939,SH1235300.09FU,reps,k__Fungi,OTU2655.p__Chytridiomycota.g__Chytridiales_gen_Incertae_sedis
2543,OTU2656,340,1,279,492,222,492,82,436,7.78e-122,95.341,p__Glomeromycota,c__Glomeromycetes,o__Glomerales,f__Glomeraceae,g__Rhizophagus,s__Rhizophagus_sp,Rhizophagus_sp,UDB06373403,SH0908073.09FU,reps,k__Fungi,OTU2656.p__Glomeromycota.g__Rhizophagus
2544,OTU2657,257,1,174,405,197,369,68,165,3.01e-40,84.091,p__Ascomycota,c__Dothideomycetes,o__Microthyriales,f__Microthyriales_fam_Incertae_sedis,g__Microthyriales_gen_Incertae_sedis,s__Microthyriales_sp,Microthyriales_sp,UDB04198550,SH1184762.09FU,reps,k__Fungi,OTU2657.p__Ascomycota.g__Microthyriales_gen_Incertae_sedis
2545,OTU2658,284,1,223,581,359,581,79,412,1.08e-114,100,p__Ascomycota,c__Dothideomycetes,o__Venturiales,f__Sympoventuriaceae,g__Scolecobasidium,s__Scolecobasidium_sp,Scolecobasidium_sp,UDB06702941,SH1135536.09FU,reps,k__Fungi,OTU2658.p__Ascomycota.g__Scolecobasidium
2546,OTU2659,280,56,271,475,475,261,77,392,1.39e-108,99.537,p__Ascomycota,c__Dothideomycetes,o__Pleosporales,f__Phaeosphaeriaceae,g__Paraphoma,s__Paraphoma_pye,Paraphoma_pye,KU999073,SH1486945.09FU,refs,k__Fungi,OTU2659.p__Ascomycota.g__Paraphoma
2547,OTU2660,371,315,366,581,475,527,14,63.9,1.67e-09,88.679,p__Ascomycota,c__Leotiomycetes,o__Helotiales,f__Dermateaceae,g__Pezicula,s__Pezicula_radicicola,Pezicula_radicicola,FJ179465,SH0975489.09FU,reps,k__Fungi,OTU2660.p__Ascomycota.g__Pezicula
2548,OTU2661,289,1,228,501,274,501,79,361,4.04e-99,95.175,p__Ascomycota,c__Pezizomycetes,o__Pezizales,f__Pyronemataceae,g__Pulvinula,s__Pulvinula_sp,Pulvinula_sp,UDB05748632,SH1145480.09FU,reps,k__Fungi,OTU2661.p__Ascomycota.g__Pulvinula
2549,OTU2662,372,1,312,639,330,639,84,514,3.85e-145,96.474,p__Basidiomycota,c__Agaricomycetes,o__Cantharellales,f__Ceratobasidiaceae,g__Ceratobasidiaceae_gen_Incertae_sedis,s__Ceratobasidiaceae_sp,Ceratobasidiaceae_sp,FJ492108,SH0951599.09FU,reps,k__Fungi,OTU2662.p__Basidiomycota.g__Ceratobasidiaceae_gen_Incertae_sedis
2550,OTU2664,345,298,343,1125,57,12,13,69.4,3.32e-11,93.478,p__Ascomycota,c__Sordariomycetes,o__Hypocreales,f__Nectriaceae,g__Fusarium,s__Fusarium_oxysporum,Fusarium_oxysporum,UDB041458,SH1099032.09FU,reps,k__Fungi,OTU2664.p__Ascomycota.g__Fusarium
2551,OTU2665,282,1,222,533,312,533,79,399,8.38e-111,99.099,p__Ascomycota,c__Eurotiomycetes,o__Onygenales,f__Gymnoascaceae,g__Gymnascella,s__Gymnascella_hyalinospora,Gymnascella_hyalinospora,AJ315826,SH1281027.09FU,refs,k__Fungi,OTU2665.p__Ascomycota.g__Gymnascella
2552,OTU2666,302,1,192,532,308,496,64,191,5.88e-48,85.052,p__Ascomycota,c__Dothideomycetes,o__Coniosporiales,f__Coniosporiaceae,g__Coniosporium,s__Coniosporium_sp,Coniosporium_sp,UDB04121095,SH1070636.09FU,reps,k__Fungi,OTU2666.p__Ascomycota.g__Coniosporium
2553,OTU2668,308,1,247,535,288,535,80,401,2.55e-111,95.984,p__Glomeromycota,c__Glomeromycetes,o__Glomerales,f__Glomeraceae,g__Glomus,s__Glomus_sp,Glomus_sp,UDB03143990,SH1310055.09FU,reps,k__Fungi,OTU2668.p__Glomeromycota.g__Glomus
2554,OTU2669,427,55,419,661,661,299,85,651,0,98.904,p__Basidiomycota,c__Ustilaginomycetes,o__Ustilaginales,f__Ustilaginaceae,g__Ustilago,s__Ustilago_sphaerogena,Ustilago_sphaerogena,JX219371,SH1089550.09FU,reps,k__Fungi,OTU2669.p__Basidiomycota.g__Ustilago
2555,OTU2670,420,1,47,634,332,378,11,71.3,1.14e-11,93.617,p__Chytridiomycota,c__Chytridiomycota_cls_Incertae_sedis,o__Chytridiomycota_ord_Incertae_sedis,f__Chytridiomycota_fam_Incertae_sedis,g__Chytridiomycota_gen_Incertae_sedis,s__Chytridiomycota_sp,Chytridiomycota_sp,UDB02299221,SH1133151.09FU,reps,k__Fungi,OTU2670.p__Chytridiomycota.g__Chytridiomycota_gen_Incertae_sedis
2556,OTU2671,301,1,175,493,282,450,58,169,2.75e-41,84.746,p__Ascomycota,c__Pezizomycotina_cls_Incertae_sedis,o__Pezizomycotina_ord_Incertae_sedis,f__Pezizomycotina_fam_Incertae_sedis,g__Cryptophiale,s__Cryptophiale_udagawae,Cryptophiale_udagawae,OL628579,SH0986854.09FU,reps,k__Fungi,OTU2671.p__Ascomycota.g__Cryptophiale
2557,OTU2672,363,326,361,758,510,545,10,67.6,1.26e-10,100,p__Basidiomycota,c__Agaricomycetes,o__Auriculariales,f__Auriculariales_fam_Incertae_sedis,g__Auriculariales_gen_Incertae_sedis,s__Auriculariales_sp,Auriculariales_sp,JQ272342,SH0954825.09FU,reps,k__Fungi,OTU2672.p__Basidiomycota.g__Auriculariales_gen_Incertae_sedis
2558,OTU2673,316,1,213,493,229,451,67,187,8e-47,82.743,p__Basidiomycota,c__Spiculogloeomycetes,o__Spiculogloeales,f__Spiculogloeales_fam_Incertae_sedis,g__Meniscomyces,s__Meniscomyces_layueensis,Meniscomyces_layueensis,MK050380,SH1193363.09FU,reps,k__Fungi,OTU2673.p__Basidiomycota.g__Meniscomyces
2559,OTU2674,353,316,351,758,510,545,10,67.6,1.23e-10,100,p__Basidiomycota,c__Agaricomycetes,o__Auriculariales,f__Auriculariales_fam_Incertae_sedis,g__Auriculariales_gen_Incertae_sedis,s__Auriculariales_sp,Auriculariales_sp,JQ272342,SH0954825.09FU,reps,k__Fungi,OTU2674.p__Basidiomycota.g__Auriculariales_gen_Incertae_sedis
2560,OTU2675,353,314,351,1125,49,12,11,65.8,4.41e-10,97.368,p__Ascomycota,c__Sordariomycetes,o__Hypocreales,f__Nectriaceae,g__Fusarium,s__Fusarium_oxysporum,Fusarium_oxysporum,UDB041458,SH1099032.09FU,reps,k__Fungi,OTU2675.p__Ascomycota.g__Fusarium
2561,OTU2676,400,1,339,867,533,867,85,518,3.22e-146,94.412,p__Chytridiomycota,c__Chytridiomycota_cls_Incertae_sedis,o__Chytridiomycota_ord_Incertae_sedis,f__Chytridiomycota_fam_Incertae_sedis,g__Chytridiomycota_gen_Incertae_sedis,s__Chytridiomycota_sp,Chytridiomycota_sp,UDB02301760,SH1147490.09FU,reps,k__Fungi,OTU2676.p__Chytridiomycota.g__Chytridiomycota_gen_Incertae_sedis
2562,OTU2677,320,285,315,581,496,527,10,52.8,3.09e-06,96.875,p__Ascomycota,c__Leotiomycetes,o__Helotiales,f__Dermateaceae,g__Pezicula,s__Pezicula_radicicola,Pezicula_radicicola,FJ179465,SH0975489.09FU,reps,k__Fungi,OTU2677.p__Ascomycota.g__Pezicula
2563,OTU2678,394,336,392,1228,559,503,14,73.1,2.96e-12,89.474,p__Basidiomycota,c__Agaricomycetes,o__Agaricales,f__Psathyrellaceae,g__Lacrymaria,s__Lacrymaria_glareosa,Lacrymaria_glareosa,UDB073985,SH1319901.09FU,reps,k__Fungi,OTU2678.p__Basidiomycota.g__Lacrymaria
2564,OTU2679,362,315,360,1125,57,12,13,69.4,3.5e-11,93.478,p__Ascomycota,c__Sordariomycetes,o__Hypocreales,f__Nectriaceae,g__Fusarium,s__Fusarium_oxysporum,Fusarium_oxysporum,UDB041458,SH1099032.09FU,reps,k__Fungi,OTU2679.p__Ascomycota.g__Fusarium
2565,OTU2680,389,1,58,601,304,362,15,75,8.13e-13,89.831,p__Fungi_phy_Incertae_sedis,c__Fungi_cls_Incertae_sedis,o__Fungi_ord_Incertae_sedis,f__Fungi_fam_Incertae_sedis,g__Fungi_gen_Incertae_sedis,s__Fungi_sp,Fungi_sp,UDB0752068,SH1176669.09FU,reps,k__Fungi,OTU2680.p__Fungi_phy_Incertae_sedis.g__Fungi_gen_Incertae_sedis
2566,OTU2681,323,1,50,1136,495,544,15,87.9,8.54e-17,98,p__Chytridiomycota,c__Chytridiomycota_cls_Incertae_sedis,o__Chytridiomycota_ord_Incertae_sedis,f__Chytridiomycota_fam_Incertae_sedis,g__Chytridiomycota_gen_Incertae_sedis,s__Chytridiomycota_sp,Chytridiomycota_sp,UDB02308187,SH1169213.09FU,reps,k__Fungi,OTU2681.p__Chytridiomycota.g__Chytridiomycota_gen_Incertae_sedis
2567,OTU2682,308,271,306,758,510,545,12,67.6,1.06e-10,100,p__Basidiomycota,c__Agaricomycetes,o__Auriculariales,f__Auriculariales_fam_Incertae_sedis,g__Auriculariales_gen_Incertae_sedis,s__Auriculariales_sp,Auriculariales_sp,JQ272342,SH0954825.09FU,reps,k__Fungi,OTU2682.p__Basidiomycota.g__Auriculariales_gen_Incertae_sedis
2568,OTU2683,327,1,266,538,274,538,81,457,5.73e-128,97.744,p__Basidiomycota,c__Agaricomycetes,o__Agaricomycetes_ord_Incertae_sedis,f__Agaricomycetes_fam_Incertae_sedis,g__Agaricomycetes_gen_Incertae_sedis,s__Agaricomycetes_sp,Agaricomycetes_sp,UDB0932516,SH0913539.09FU,reps,k__Fungi,OTU2683.p__Basidiomycota.g__Agaricomycetes_gen_Incertae_sedis
2569,OTU2684,272,1,233,479,242,471,86,405,1.73e-112,98.283,p__Ascomycota,c__Dothideomycetes,o__Pleosporales,f__Didymellaceae,g__Didymella,s__Didymella_coffeae-arabicae,Didymella_coffeae-arabicae,FJ426993,SH2737882.09FU,refs,k__Fungi,OTU2684.p__Ascomycota.g__Didymella
2570,OTU2686,250,1,190,430,241,430,76,351,2.09e-96,100,p__Basidiomycota,c__Tremellomycetes,o__Tremellales,f__Bulleribasidiaceae,g__Hannaella,s__Hannaella_sp,Hannaella_sp,OM014123,SH1098057.09FU,reps,k__Fungi,OTU2686.p__Basidiomycota.g__Hannaella
2571,OTU2687,275,1,214,520,303,520,78,339,1.8e-92,94.977,p__Ascomycota,c__Eurotiomycetes,o__Onygenales,f__Arachnomycetaceae,g__Arachnomyces,s__Arachnomyces_sp,Arachnomyces_sp,UDB01255435,SH0936542.09FU,reps,k__Fungi,OTU2687.p__Ascomycota.g__Arachnomyces
2572,OTU2688,279,1,204,532,304,503,73,158,5.51e-38,81.068,p__Ascomycota,c__Ascomycota_cls_Incertae_sedis,o__Ascomycota_ord_Incertae_sedis,f__Ascomycota_fam_Incertae_sedis,g__Ascomycota_gen_Incertae_sedis,s__Ascomycota_sp,Ascomycota_sp,UDB01371143,SH0928833.09FU,reps,k__Fungi,OTU2688.p__Ascomycota.g__Ascomycota_gen_Incertae_sedis
2573,OTU2689,291,1,224,502,275,498,77,315,3.21e-85,92,p__Ascomycota,c__Pezizomycetes,o__Pezizales,f__Pyronemataceae,g__Pulvinula,s__Pulvinula_sp,Pulvinula_sp,UDB0662483,SH0941639.09FU,reps,k__Fungi,OTU2689.p__Ascomycota.g__Pulvinula
2574,OTU2690,373,1,313,653,340,653,84,494,5.03e-139,94.921,p__Basidiomycota,c__Agaricomycetes,o__Agaricomycetes_ord_Incertae_sedis,f__Agaricomycetes_fam_Incertae_sedis,g__Akenomyces,s__Akenomyces_costatus,Akenomyces_costatus,UDB035229,SH1265448.09FU,refs,k__Fungi,OTU2690.p__Basidiomycota.g__Akenomyces
2575,OTU2691,318,283,313,581,496,527,10,52.8,3.06e-06,96.875,p__Ascomycota,c__Leotiomycetes,o__Helotiales,f__Dermateaceae,g__Pezicula,s__Pezicula_radicicola,Pezicula_radicicola,FJ179465,SH0975489.09FU,reps,k__Fungi,OTU2691.p__Ascomycota.g__Pezicula
2576,OTU2692,312,1,266,474,211,474,85,407,5.56e-113,94.424,p__Basidiomycota,c__Agaricomycetes,o__Agaricales,f__Psathyrellaceae,g__Coprinopsis,s__Coprinopsis_babosiae,Coprinopsis_babosiae,FN396128,SH1204427.09FU,refs,k__Fungi,OTU2692.p__Basidiomycota.g__Coprinopsis
2577,OTU2693,319,1,259,602,349,602,81,407,5.7e-113,95.367,p__Basidiomycota,c__Agaricomycetes,o__Agaricales,f__Psathyrellaceae,g__Coprinopsis,s__Coprinopsis_villosa,Coprinopsis_villosa,HQ847031,SH1204412.09FU,refs,k__Fungi,OTU2693.p__Basidiomycota.g__Coprinopsis
2578,OTU2694,337,1,68,1402,784,851,20,104,8.88e-22,94.118,p__Basidiomycota,c__Agaricomycetes,o__Thelephorales,f__Thelephoraceae,g__Thelephora,s__Thelephora_palmata,Thelephora_palmata,UDB05500191,SH1200215.09FU,reps,k__Fungi,OTU2694.p__Basidiomycota.g__Thelephora
2579,OTU2695,316,1,233,607,336,568,74,182,3.72e-45,81.25,p__Ascomycota,c__Lecanoromycetes,o__Ostropales,f__Gomphillaceae,g__Corticifraga,s__Corticifraga_sp,Corticifraga_sp,UDB04207151,SH1143238.09FU,reps,k__Fungi,OTU2695.p__Ascomycota.g__Corticifraga
2580,OTU2696,285,1,223,559,334,556,78,291,5.32e-78,90.265,p__Ascomycota,c__Eurotiomycetes,o__Chaetothyriales,f__Chaetothyriaceae,g__Ceramothyrium,s__Ceramothyrium_melastoma,Ceramothyrium_melastoma,KC005771,SH1676532.09FU,refs_singleton,k__Fungi,OTU2696.p__Ascomycota.g__Ceramothyrium
2581,OTU2697,368,1,308,540,233,540,84,569,8.01e-162,100,p__Mortierellomycota,c__Mortierellomycetes,o__Mortierellales,f__Mortierellaceae,g__Linnemannia,s__Linnemannia_hyalina,Linnemannia_hyalina,HQ630355,SH0894516.09FU,refs,k__Fungi,OTU2697.p__Mortierellomycota.g__Linnemannia
2582,OTU2698,362,327,360,758,512,545,9,63.9,1.63e-09,100,p__Basidiomycota,c__Agaricomycetes,o__Auriculariales,f__Auriculariales_fam_Incertae_sedis,g__Auriculariales_gen_Incertae_sedis,s__Auriculariales_sp,Auriculariales_sp,JQ272342,SH0954825.09FU,reps,k__Fungi,OTU2698.p__Basidiomycota.g__Auriculariales_gen_Incertae_sedis
2583,OTU2699,352,287,350,758,482,545,18,63.9,1.58e-09,84.848,p__Basidiomycota,c__Agaricomycetes,o__Auriculariales,f__Auriculariales_fam_Incertae_sedis,g__Auriculariales_gen_Incertae_sedis,s__Auriculariales_sp,Auriculariales_sp,JQ272342,SH0954825.09FU,reps,k__Fungi,OTU2699.p__Basidiomycota.g__Auriculariales_gen_Incertae_sedis
2584,OTU2700,265,1,204,464,261,464,77,355,1.72e-97,98.039,p__Ascomycota,c__Dothideomycetes,o__Pleosporales,f__Halotthiaceae,g__Sulcosporium,s__Sulcosporium_thailandicum,Sulcosporium_thailandicum,UDB05018365,SH1001768.09FU,reps,k__Fungi,OTU2700.p__Ascomycota.g__Sulcosporium
2585,OTU2701,285,1,224,536,310,536,79,289,1.92e-77,89.956,p__Ascomycota,c__Eurotiomycetes,o__Chaetothyriales,f__Chaetothyriales_fam_Incertae_sedis,g__Chaetothyriales_gen_Incertae_sedis,s__Chaetothyriales_sp,Chaetothyriales_sp,UDB04401838,SH1194881.09FU,reps,k__Fungi,OTU2701.p__Ascomycota.g__Chaetothyriales_gen_Incertae_sedis
2586,OTU2702,259,1,184,466,262,446,71,296,1.03e-79,95.676,p__Ascomycota,c__Dothideomycetes,o__Capnodiales,f__Capnodiaceae,g__Capnodium,s__Capnodium_alfenasii,Capnodium_alfenasii,MN749233,SH1545181.09FU,refs,k__Fungi,OTU2702.p__Ascomycota.g__Capnodium
2587,OTU2703,267,1,207,471,265,471,78,372,1.72e-102,99.034,p__Ascomycota,c__Sordariomycetes,o__Sordariales,f__Lasiosphaeriaceae,g__Lasiosphaeriaceae_gen_Incertae_sedis,s__Lasiosphaeriaceae_sp,Lasiosphaeriaceae_sp,HG937013,SH0945351.09FU,reps,k__Fungi,OTU2703.p__Ascomycota.g__Lasiosphaeriaceae_gen_Incertae_sedis
2588,OTU2704,259,1,198,471,271,471,76,219,2.29e-56,86.567,p__Ascomycota,c__Leotiomycetes,o__Helotiales,f__Leptodontidiaceae,g__Leptodontidium,s__Leptodontidium_sp,Leptodontidium_sp,UDB02916738,SH1160667.09FU,reps,k__Fungi,OTU2704.p__Ascomycota.g__Leptodontidium
2589,OTU2705,343,296,341,758,500,545,13,75,7.1e-13,95.652,p__Basidiomycota,c__Agaricomycetes,o__Auriculariales,f__Auriculariales_fam_Incertae_sedis,g__Auriculariales_gen_Incertae_sedis,s__Auriculariales_sp,Auriculariales_sp,JQ272342,SH0954825.09FU,reps,k__Fungi,OTU2705.p__Basidiomycota.g__Auriculariales_gen_Incertae_sedis
2590,OTU2706,325,1,208,629,361,566,64,195,4.93e-49,83.886,p__Basidiomycota,c__Basidiomycota_cls_Incertae_sedis,o__Basidiomycota_ord_Incertae_sedis,f__Basidiomycota_fam_Incertae_sedis,g__Basidiomycota_gen_Incertae_sedis,s__Basidiomycota_sp,Basidiomycota_sp,AB711989,SH0992761.09FU,reps,k__Fungi,OTU2706.p__Basidiomycota.g__Basidiomycota_gen_Incertae_sedis
2591,OTU2707,307,1,247,457,210,457,80,407,5.46e-113,96.371,p__Glomeromycota,c__Glomeromycetes,o__Diversisporales,f__Diversisporaceae,g__Diversisporaceae_gen_Incertae_sedis,s__Diversisporaceae_sp,Diversisporaceae_sp,UDB0200389,SH0981134.09FU,reps,k__Fungi,OTU2707.p__Glomeromycota.g__Diversisporaceae_gen_Incertae_sedis
2592,OTU2708,318,1,273,678,406,678,86,484,2.55e-136,98.535,p__Basidiomycota,c__Agaricomycetes,o__Agaricales,f__Agaricaceae,g__Agaricus,s__Agaricus_sipapuensis,Agaricus_sipapuensis,KJ026950,SH3744726.09FU,refs,k__Fungi,OTU2708.p__Basidiomycota.g__Agaricus
2593,OTU2709,272,1,194,497,287,479,71,285,2.35e-76,93.299,p__Ascomycota,c__Sordariomycetes,o__Sordariales,f__Sordariales_fam_Incertae_sedis,g__Sordariales_gen_Incertae_sedis,s__Sordariales_sp,Sordariales_sp,UDB07334722,SH0969597.09FU,reps,k__Fungi,OTU2709.p__Ascomycota.g__Sordariales_gen_Incertae_sedis
2594,OTU2710,306,1,246,557,314,557,80,375,1.54e-103,94.309,p__Basidiomycota,c__Agaricomycetes,o__Hymenochaetales,f__Schizoporaceae,g__Lyomyces,s__Lyomyces_mascarensis,Lyomyces_mascarensis,KY800399,SH1215095.09FU,refs,k__Fungi,OTU2710.p__Basidiomycota.g__Lyomyces
2595,OTU2711,425,1,364,745,382,745,86,667,0,99.725,p__Mortierellomycota,c__Mortierellomycetes,o__Mortierellales,f__Mortierellales_fam_Incertae_sedis,g__Mortierellales_gen_Incertae_sedis,s__Mortierellales_sp,Mortierellales_sp,UDB04951158,SH1138470.09FU,reps,k__Fungi,OTU2711.p__Mortierellomycota.g__Mortierellales_gen_Incertae_sedis
2596,OTU2713,335,1,266,648,375,638,79,368,2.83e-101,91.791,p__Basidiomycota,c__Agaricomycetes,o__Agaricales,f__Agaricaceae,g__Tulostoma,s__Tulostoma_pseudopulchellum,Tulostoma_pseudopulchellum,KX513827,SH0963935.09FU,refs,k__Fungi,OTU2713.p__Basidiomycota.g__Tulostoma
2597,OTU2714,314,1,60,522,272,331,19,84.2,1.07e-15,91.667,p__Aphelidiomycota,c__Aphelidiomycota_cls_Incertae_sedis,o__Aphelidiomycota_ord_Incertae_sedis,f__Aphelidiomycota_fam_Incertae_sedis,g__Aphelidiomycota_gen_Incertae_sedis,s__Aphelidiomycota_sp,Aphelidiomycota_sp,UDB01170985,SH1096198.09FU,reps,k__Fungi,OTU2714.p__Aphelidiomycota.g__Aphelidiomycota_gen_Incertae_sedis
2598,OTU2715,308,1,247,510,264,510,80,424,5.45e-118,97.571,p__Ascomycota,c__Geoglossomycetes,o__Geoglossales,f__Geoglossaceae,g__Trichoglossum,s__Trichoglossum_sp,Trichoglossum_sp,UDB06604110,SH1279654.09FU,reps,k__Fungi,OTU2715.p__Ascomycota.g__Trichoglossum
2599,OTU2716,269,1,209,480,272,480,78,381,2.88e-105,99.522,p__Ascomycota,c__Dothideomycetes,o__Pleosporales,f__Leptosphaeriaceae,g__Heterosporicola,s__Heterosporicola_beijingensis,Heterosporicola_beijingensis,MN733734,SH1298746.09FU,refs,k__Fungi,OTU2716.p__Ascomycota.g__Heterosporicola
2600,OTU2717,411,354,409,758,490,545,14,65.8,5.19e-10,87.5,p__Basidiomycota,c__Agaricomycetes,o__Auriculariales,f__Auriculariales_fam_Incertae_sedis,g__Auriculariales_gen_Incertae_sedis,s__Auriculariales_sp,Auriculariales_sp,JQ272342,SH0954825.09FU,reps,k__Fungi,OTU2717.p__Basidiomycota.g__Auriculariales_gen_Incertae_sedis
2601,OTU2719,317,57,312,519,519,264,81,468,2.56e-131,99.609,p__Ascomycota,c__Sordariomycetes,o__Microascales,f__Microascaceae,g__Cephalotrichum,s__Cephalotrichum_dendrocephalum,Cephalotrichum_dendrocephalum,LN850966,SH3135923.09FU,refs,k__Fungi,OTU2719.p__Ascomycota.g__Cephalotrichum
2602,OTU2720,302,58,302,577,577,333,81,448,3.16e-125,99.592,p__Ascomycota,c__Eurotiomycetes,o__Chaetothyriales,f__Herpotrichiellaceae,g__Herpotrichiellaceae_gen_Incertae_sedis,s__Herpotrichiellaceae_sp,Herpotrichiellaceae_sp,UDB03374380,SH1119522.09FU,reps,k__Fungi,OTU2720.p__Ascomycota.g__Herpotrichiellaceae_gen_Incertae_sedis
2603,OTU2721,350,278,348,461,307,237,20,76.8,2.02e-13,86.486,p__Ascomycota,c__Ascomycota_cls_Incertae_sedis,o__Ascomycota_ord_Incertae_sedis,f__Ascomycota_fam_Incertae_sedis,g__Ascomycota_gen_Incertae_sedis,s__Ascomycota_sp,Ascomycota_sp,UDB01377393,SH1148388.09FU,reps,k__Fungi,OTU2721.p__Ascomycota.g__Ascomycota_gen_Incertae_sedis
2604,OTU2722,393,319,390,461,307,236,18,78.7,6.35e-14,86.667,p__Ascomycota,c__Ascomycota_cls_Incertae_sedis,o__Ascomycota_ord_Incertae_sedis,f__Ascomycota_fam_Incertae_sedis,g__Ascomycota_gen_Incertae_sedis,s__Ascomycota_sp,Ascomycota_sp,UDB01377393,SH1148388.09FU,reps,k__Fungi,OTU2722.p__Ascomycota.g__Ascomycota_gen_Incertae_sedis
2605,OTU2723,319,58,319,496,496,235,82,473,5.54e-133,99.237,p__Basidiomycota,c__Exobasidiomycetes,o__Exobasidiales,f__Brachybasidiaceae,g__Brachybasidiaceae_gen_Incertae_sedis,s__Brachybasidiaceae_sp,Brachybasidiaceae_sp,UDB01549893,SH1123160.09FU,reps,k__Fungi,OTU2723.p__Basidiomycota.g__Brachybasidiaceae_gen_Incertae_sedis
2606,OTU2724,291,40,283,490,487,245,84,438,1.83e-122,99.18,p__Ascomycota,c__Sordariomycetes,o__Sordariales,f__Chaetomiaceae,g__Trichocladium,s__Trichocladium_crispatum,Trichocladium_crispatum,LT993636,SH3926352.09FU,refs,k__Fungi,OTU2724.p__Ascomycota.g__Trichocladium
2607,OTU2725,287,57,279,465,465,243,78,379,1.11e-104,97.309,p__Fungi_phy_Incertae_sedis,c__Fungi_cls_Incertae_sedis,o__Fungi_ord_Incertae_sedis,f__Fungi_fam_Incertae_sedis,g__Fungi_gen_Incertae_sedis,s__Fungi_sp,Fungi_sp,HG328077,SH0965554.09FU,reps,k__Fungi,OTU2725.p__Fungi_phy_Incertae_sedis.g__Fungi_gen_Incertae_sedis
2608,OTU2726,298,31,290,510,510,256,87,436,6.75e-122,97.308,p__Ascomycota,c__Dothideomycetes,o__Pleosporales,f__Pleosporaceae,g__Alternaria,s__Alternaria_prunicola,Alternaria_prunicola,MH827035,SH1082575.09FU,refs,k__Fungi,OTU2726.p__Ascomycota.g__Alternaria
2609,OTU2727,269,1,226,515,288,515,84,359,1.35e-98,95.175,p__Ascomycota,c__Dothideomycetes,o__Pleosporales,f__Sporormiaceae,g__Preussia,s__Preussia_sp,Preussia_sp,UDB0233068,SH0921779.09FU,reps,k__Fungi,OTU2727.p__Ascomycota.g__Preussia
2610,OTU2728,319,1,273,497,213,483,86,475,1.54e-133,98.168,p__Glomeromycota,c__Glomeromycetes,o__Glomerales,f__Glomeraceae,g__Glomeraceae_gen_Incertae_sedis,s__Glomeraceae_sp,Glomeraceae_sp,GU322950,SH0956104.09FU,reps,k__Fungi,OTU2728.p__Glomeromycota.g__Glomeraceae_gen_Incertae_sedis
2611,OTU2729,322,1,237,609,354,590,74,263,1.32e-69,86.831,p__Basidiomycota,c__Agaricomycetes,o__Agaricales,f__Bolbitiaceae,g__Bolbitiaceae_gen_Incertae_sedis,s__Bolbitiaceae_sp,Bolbitiaceae_sp,MF142240,SH1120334.09FU,reps,k__Fungi,OTU2729.p__Basidiomycota.g__Bolbitiaceae_gen_Incertae_sedis
2612,OTU2731,278,224,276,849,483,431,19,76.8,1.58e-13,92.453,p__Ascomycota,c__GS35,o__GS35_ord_Incertae_sedis,f__GS35_fam_Incertae_sedis,g__GS35_gen_Incertae_sedis,s__GS35_sp,GS35_sp,UDB097091,SH1322839.09FU,reps,k__Fungi,OTU2731.p__Ascomycota.g__GS35_gen_Incertae_sedis
2613,OTU2732,339,1,278,642,365,642,82,481,3.53e-135,97.842,p__Basidiomycota,c__Agaricomycetes,o__Agaricomycetes_ord_Incertae_sedis,f__Agaricomycetes_fam_Incertae_sedis,g__Agaricomycetes_gen_Incertae_sedis,s__Agaricomycetes_sp,Agaricomycetes_sp,UDB0515161,SH1014179.09FU,reps,k__Fungi,OTU2732.p__Basidiomycota.g__Agaricomycetes_gen_Incertae_sedis
2614,OTU2733,280,1,220,439,220,439,79,407,4.97e-113,100,p__Basidiomycota,c__Tremellomycetes,o__Trichosporonales,f__Trichosporonaceae,g__Apiotrichum,s__Apiotrichum_dehoogii,Apiotrichum_dehoogii,AF444476,SH0998015.09FU,refs,k__Fungi,OTU2733.p__Basidiomycota.g__Apiotrichum
2615,OTU2734,322,1,261,507,247,507,81,477,4.32e-134,99.617,p__Basidiomycota,c__Cystobasidiomycetes,o__Sakaguchiales,f__Sakaguchiaceae,g__Sakaguchia,s__Sakaguchia_sp,Sakaguchia_sp,UDB06521333,SH1223358.09FU,reps,k__Fungi,OTU2734.p__Basidiomycota.g__Sakaguchia
2616,OTU2737,369,322,367,1125,57,12,12,69.4,3.57e-11,93.478,p__Ascomycota,c__Sordariomycetes,o__Hypocreales,f__Nectriaceae,g__Fusarium,s__Fusarium_oxysporum,Fusarium_oxysporum,UDB041458,SH1099032.09FU,reps,k__Fungi,OTU2737.p__Ascomycota.g__Fusarium
2617,OTU2738,271,1,216,484,269,484,80,399,8.02e-111,100,p__Ascomycota,c__Dothideomycetes,o__Capnodiales,f__Dissoconiaceae,g__Ramichloridium,s__Ramichloridium_punctatum,Ramichloridium_punctatum,JQ622086,SH1077954.09FU,refs,k__Fungi,OTU2738.p__Ascomycota.g__Ramichloridium
2618,OTU2739,318,1,258,644,387,644,81,466,9.24e-131,99.225,p__Basidiomycota,c__Agaricomycetes,o__Agaricales,f__Agaricaceae,g__Agaricus,s__Agaricus_berryessae,Agaricus_berryessae,KJ609482,SH3745920.09FU,refs,k__Fungi,OTU2739.p__Basidiomycota.g__Agaricus
2619,OTU2740,307,1,247,456,213,456,80,392,1.53e-108,95.565,p__Glomeromycota,c__Glomeromycetes,o__Glomerales,f__Glomeraceae,g__Glomus,s__Glomus_sp,Glomus_sp,KY114705,SH1310003.09FU,reps,k__Fungi,OTU2740.p__Glomeromycota.g__Glomus
2620,OTU2741,281,1,220,528,307,528,78,364,3.05e-100,96.413,p__Ascomycota,c__Eurotiomycetes,o__Ascosphaerales,f__Ascosphaeraceae,g__Ascosphaera,s__Ascosphaera_sp,Ascosphaera_sp,UDB01408705,SH1292315.09FU,reps,k__Fungi,OTU2741.p__Ascomycota.g__Ascosphaera
2621,OTU2742,347,1,48,496,255,302,14,84.2,1.19e-15,97.917,p__Chytridiomycota,c__Chytridiomycota_cls_Incertae_sedis,o__Chytridiomycota_ord_Incertae_sedis,f__Chytridiomycota_fam_Incertae_sedis,g__Chytridiomycota_gen_Incertae_sedis,s__Chytridiomycota_sp,Chytridiomycota_sp,UDB0276294,SH0966072.09FU,reps,k__Fungi,OTU2742.p__Chytridiomycota.g__Chytridiomycota_gen_Incertae_sedis
2622,OTU2743,280,1,220,499,280,499,79,401,2.31e-111,99.545,p__Ascomycota,c__Dothideomycetes,o__Pleosporales,f__Pleosporaceae,g__Curvularia,s__Curvularia_americana,Curvularia_americana,HE861833,SH1224262.09FU,refs,k__Fungi,OTU2743.p__Ascomycota.g__Curvularia
2623,OTU2744,269,230,267,1125,49,12,14,65.8,3.3e-10,97.368,p__Ascomycota,c__Sordariomycetes,o__Hypocreales,f__Nectriaceae,g__Fusarium,s__Fusarium_oxysporum,Fusarium_oxysporum,UDB041458,SH1099032.09FU,reps,k__Fungi,OTU2744.p__Ascomycota.g__Fusarium
2624,OTU2745,260,1,200,433,233,433,77,359,1.3e-98,99.005,p__Ascomycota,c__Leotiomycetes,o__Helotiales,f__Helotiales_fam_Incertae_sedis,g__Helotiales_gen_Incertae_sedis,s__Helotiales_sp,Helotiales_sp,MT820084,SH1240971.09FU,reps,k__Fungi,OTU2745.p__Ascomycota.g__Helotiales_gen_Incertae_sedis
2625,OTU2746,411,1,350,590,241,590,85,641,0,99.714,p__Mortierellomycota,c__Mortierellomycetes,o__Mortierellales,f__Mortierellaceae,g__Mortierella,s__Mortierella_sp,Mortierella_sp,UDB04824217,SH1279545.09FU,reps,k__Fungi,OTU2746.p__Mortierellomycota.g__Mortierella
2626,OTU2747,281,1,224,726,503,726,80,331,3.09e-90,93.333,p__Ascomycota,c__Pezizomycetes,o__Pezizales,f__Pyronemataceae,g__Paurocotylis,s__Paurocotylis_patagonica,Paurocotylis_patagonica,MZ150392,SH1063112.09FU,reps,k__Fungi,OTU2747.p__Ascomycota.g__Paurocotylis
2627,OTU2748,322,275,320,1125,57,12,14,69.4,3.08e-11,93.478,p__Ascomycota,c__Sordariomycetes,o__Hypocreales,f__Nectriaceae,g__Fusarium,s__Fusarium_oxysporum,Fusarium_oxysporum,UDB041458,SH1099032.09FU,reps,k__Fungi,OTU2748.p__Ascomycota.g__Fusarium
2628,OTU2749,433,1,69,1001,602,670,16,117,1.49e-25,97.101,p__Ascomycota,c__Eurotiomycetes,o__Chaetothyriales,f__Chaetothyriales_fam_Incertae_sedis,g__Chaetothyriales_gen_Incertae_sedis,s__Chaetothyriales_sp,Chaetothyriales_sp,AM711476,SH0960323.09FU,reps,k__Fungi,OTU2749.p__Ascomycota.g__Chaetothyriales_gen_Incertae_sedis
2629,OTU2750,253,1,219,499,281,499,87,383,7.49e-106,98.174,p__Ascomycota,c__Leotiomycetes,o__Thelebolales,f__Pseudeurotiaceae,g__Pseudogymnoascus,s__Pseudogymnoascus_appendiculatus,Pseudogymnoascus_appendiculatus,KJ755523,SH2575709.09FU,refs,k__Fungi,OTU2750.p__Ascomycota.g__Pseudogymnoascus
2630,OTU2751,320,275,318,1125,55,12,14,76.8,1.83e-13,97.727,p__Ascomycota,c__Sordariomycetes,o__Hypocreales,f__Nectriaceae,g__Fusarium,s__Fusarium_oxysporum,Fusarium_oxysporum,UDB041458,SH1099032.09FU,reps,k__Fungi,OTU2751.p__Ascomycota.g__Fusarium
2631,OTU2752,344,305,342,758,508,545,11,71.3,9.21e-12,100,p__Basidiomycota,c__Agaricomycetes,o__Auriculariales,f__Auriculariales_fam_Incertae_sedis,g__Auriculariales_gen_Incertae_sedis,s__Auriculariales_sp,Auriculariales_sp,JQ272342,SH0954825.09FU,reps,k__Fungi,OTU2752.p__Basidiomycota.g__Auriculariales_gen_Incertae_sedis
2632,OTU2753,330,283,328,1125,57,12,14,69.4,3.17e-11,93.478,p__Ascomycota,c__Sordariomycetes,o__Hypocreales,f__Nectriaceae,g__Fusarium,s__Fusarium_oxysporum,Fusarium_oxysporum,UDB041458,SH1099032.09FU,reps,k__Fungi,OTU2753.p__Ascomycota.g__Fusarium
2633,OTU2754,313,274,311,758,508,545,12,65.8,3.87e-10,97.368,p__Basidiomycota,c__Agaricomycetes,o__Auriculariales,f__Auriculariales_fam_Incertae_sedis,g__Auriculariales_gen_Incertae_sedis,s__Auriculariales_sp,Auriculariales_sp,JQ272342,SH0954825.09FU,reps,k__Fungi,OTU2754.p__Basidiomycota.g__Auriculariales_gen_Incertae_sedis
2634,OTU2755,357,321,352,581,495,527,9,54.7,9.65e-07,96.97,p__Ascomycota,c__Leotiomycetes,o__Helotiales,f__Dermateaceae,g__Pezicula,s__Pezicula_radicicola,Pezicula_radicicola,FJ179465,SH0975489.09FU,reps,k__Fungi,OTU2755.p__Ascomycota.g__Pezicula
2635,OTU2756,341,302,339,1125,49,12,11,65.8,4.25e-10,97.368,p__Ascomycota,c__Sordariomycetes,o__Hypocreales,f__Nectriaceae,g__Fusarium,s__Fusarium_oxysporum,Fusarium_oxysporum,UDB041458,SH1099032.09FU,reps,k__Fungi,OTU2756.p__Ascomycota.g__Fusarium
2636,OTU2757,330,283,328,1125,57,12,14,69.4,3.17e-11,93.478,p__Ascomycota,c__Sordariomycetes,o__Hypocreales,f__Nectriaceae,g__Fusarium,s__Fusarium_oxysporum,Fusarium_oxysporum,UDB041458,SH1099032.09FU,reps,k__Fungi,OTU2757.p__Ascomycota.g__Fusarium
2637,OTU2758,257,1,194,444,249,440,75,224,4.89e-58,87.817,p__Ascomycota,c__Lecanoromycetes,o__Peltigerales,f__Pannariaceae,g__Pectenia,s__Pectenia_sp,Pectenia_sp,UDB03757684,SH1012740.09FU,reps,k__Fungi,OTU2758.p__Ascomycota.g__Pectenia
2638,OTU2759,281,1,220,452,227,452,78,296,1.13e-79,90.708,p__Basidiomycota,c__Tremellomycetes,o__Tremellales,f__Trimorphomycetaceae,g__Trimorphomycetaceae_gen_Incertae_sedis,s__Trimorphomycetaceae_sp,Trimorphomycetaceae_sp,UDB090808,SH0999665.09FU,reps,k__Fungi,OTU2759.p__Basidiomycota.g__Trimorphomycetaceae_gen_Incertae_sedis
2639,OTU2760,353,1,282,560,250,530,80,464,3.72e-130,96.466,p__Basidiomycota,c__Agaricostilbomycetes,o__Agaricostilbales,f__Chionosphaeraceae,g__Kurtzmanomyces,s__Kurtzmanomyces_sp,Kurtzmanomyces_sp,UDB02373920,SH0916137.09FU,reps,k__Fungi,OTU2760.p__Basidiomycota.g__Kurtzmanomyces
2640,OTU2761,362,57,361,541,541,237,84,525,1.73e-148,97.705,p__Chytridiomycota,c__Rhizophydiomycetes,o__Rhizophydiales,f__Alphamycetaceae,g__Betamyces,s__Betamyces_sp,Betamyces_sp,UDB01509828,SH0903505.09FU,reps,k__Fungi,OTU2761.p__Chytridiomycota.g__Betamyces
2641,OTU2762,350,289,348,1125,72,12,17,84.2,1.21e-15,91.803,p__Ascomycota,c__Sordariomycetes,o__Hypocreales,f__Nectriaceae,g__Fusarium,s__Fusarium_oxysporum,Fusarium_oxysporum,UDB041458,SH1099032.09FU,reps,k__Fungi,OTU2762.p__Ascomycota.g__Fusarium
2642,OTU2763,371,1,71,683,394,464,19,115,4.55e-25,95.833,p__Basidiomycota,c__Agaricomycetes,o__Agaricales,f__Agaricales_fam_Incertae_sedis,g__Agaricales_gen_Incertae_sedis,s__Agaricales_sp,Agaricales_sp,UDB0911805,SH1012335.09FU,reps,k__Fungi,OTU2763.p__Basidiomycota.g__Agaricales_gen_Incertae_sedis
2643,OTU2764,361,314,356,581,484,527,12,63.9,1.62e-09,93.182,p__Ascomycota,c__Leotiomycetes,o__Helotiales,f__Dermateaceae,g__Pezicula,s__Pezicula_radicicola,Pezicula_radicicola,FJ179465,SH0975489.09FU,reps,k__Fungi,OTU2764.p__Ascomycota.g__Pezicula
2644,OTU2765,405,368,403,758,510,545,9,67.6,1.42e-10,100,p__Basidiomycota,c__Agaricomycetes,o__Auriculariales,f__Auriculariales_fam_Incertae_sedis,g__Auriculariales_gen_Incertae_sedis,s__Auriculariales_sp,Auriculariales_sp,JQ272342,SH0954825.09FU,reps,k__Fungi,OTU2765.p__Basidiomycota.g__Auriculariales_gen_Incertae_sedis
2645,OTU2766,347,300,345,1125,57,12,13,69.4,3.34e-11,93.478,p__Ascomycota,c__Sordariomycetes,o__Hypocreales,f__Nectriaceae,g__Fusarium,s__Fusarium_oxysporum,Fusarium_oxysporum,UDB041458,SH1099032.09FU,reps,k__Fungi,OTU2766.p__Ascomycota.g__Fusarium
2646,OTU2767,272,1,211,514,304,514,78,379,1.05e-104,99.052,p__Ascomycota,c__Sordariomycetes,o__Coniochaetales,f__Coniochaetaceae,g__Lecythophora,s__Lecythophora_sp,Lecythophora_sp,UDB02756390,SH0905822.09FU,reps,k__Fungi,OTU2767.p__Ascomycota.g__Lecythophora
2647,OTU2768,341,1,47,708,298,344,14,82.4,4.22e-15,97.872,p__Chytridiomycota,c__Chytridiomycota_cls_Incertae_sedis,o__Chytridiomycota_ord_Incertae_sedis,f__Chytridiomycota_fam_Incertae_sedis,g__Chytridiomycota_gen_Incertae_sedis,s__Chytridiomycota_sp,Chytridiomycota_sp,UDB02254395,SH1165222.09FU,reps,k__Fungi,OTU2768.p__Chytridiomycota.g__Chytridiomycota_gen_Incertae_sedis
2648,OTU2769,323,276,321,1125,57,12,14,69.4,3.09e-11,93.478,p__Ascomycota,c__Sordariomycetes,o__Hypocreales,f__Nectriaceae,g__Fusarium,s__Fusarium_oxysporum,Fusarium_oxysporum,UDB041458,SH1099032.09FU,reps,k__Fungi,OTU2769.p__Ascomycota.g__Fusarium
2649,OTU2770,267,1,187,500,295,482,70,296,1.07e-79,95.238,p__Ascomycota,c__Eurotiomycetes,o__Onygenales,f__Onygenales_fam_Incertae_sedis,g__Onygenales_gen_Incertae_sedis,s__Onygenales_sp,Onygenales_sp,JQ247363,SH0945176.09FU,reps,k__Fungi,OTU2770.p__Ascomycota.g__Onygenales_gen_Incertae_sedis
2650,OTU2771,288,1,248,537,285,529,86,433,8.46e-121,98.387,p__Ascomycota,c__Sordariomycetes,o__Sordariomycetes_ord_Incertae_sedis,f__Sordariomycetes_fam_Incertae_sedis,g__Sordariomycetes_gen_Incertae_sedis,s__Sordariomycetes_sp,Sordariomycetes_sp,KC131374,SH1074673.09FU,reps,k__Fungi,OTU2771.p__Ascomycota.g__Sordariomycetes_gen_Incertae_sedis
2651,OTU2772,359,298,357,849,490,431,17,84.2,1.24e-15,91.667,p__Ascomycota,c__GS35,o__GS35_ord_Incertae_sedis,f__GS35_fam_Incertae_sedis,g__GS35_gen_Incertae_sedis,s__GS35_sp,GS35_sp,UDB097091,SH1322839.09FU,reps,k__Fungi,OTU2772.p__Ascomycota.g__GS35_gen_Incertae_sedis
2652,OTU2774,302,1,242,611,370,611,80,448,3.16e-125,100,p__Ascomycota,c__Dothideomycetes,o__Pleosporales,f__Lentitheciaceae,g__Setoseptoria,s__Setoseptoria_sp,Setoseptoria_sp,OM692196,SH1005058.09FU,reps,k__Fungi,OTU2774.p__Ascomycota.g__Setoseptoria
2653,OTU2775,300,1,268,525,255,524,89,464,3.12e-130,97.778,p__Ascomycota,c__Saccharomycetes,o__Saccharomycetales,f__Saccharomycetaceae,g__Tetrapisispora,s__Tetrapisispora_iriomotensis,Tetrapisispora_iriomotensis,KY105605,SH1164762.09FU,refs,k__Fungi,OTU2775.p__Ascomycota.g__Tetrapisispora
2654,OTU2776,257,1,197,431,235,431,77,353,5.98e-97,98.985,p__Basidiomycota,c__Tremellomycetes,o__Tremellales,f__Bulleribasidiaceae,g__Dioszegia,s__Dioszegia_maotaiensis,Dioszegia_maotaiensis,MK050295,SH1004041.09FU,refs,k__Fungi,OTU2776.p__Basidiomycota.g__Dioszegia
2655,OTU2777,270,1,210,465,256,465,78,383,8.05e-106,99.524,p__Ascomycota,c__Sordariomycetes,o__Xylariales,f__Xylariales_fam_Incertae_sedis,g__Hansfordia,s__Hansfordia_pruni,Hansfordia_pruni,MK442585,SH0988189.09FU,refs,k__Fungi,OTU2777.p__Ascomycota.g__Hansfordia
2656,OTU2778,275,1,215,506,292,506,78,392,1.36e-108,99.535,p__Ascomycota,c__Dothideomycetes,o__Pleosporales,f__Roussoellaceae,g__Neoroussoella,s__Neoroussoella_solani,Neoroussoella_solani,KX228261,SH0929423.09FU,refs,k__Fungi,OTU2778.p__Ascomycota.g__Neoroussoella
2657,OTU2779,378,1,115,527,412,527,30,185,3.49e-46,95.69,p__Fungi_phy_Incertae_sedis,c__Fungi_cls_Incertae_sedis,o__Fungi_ord_Incertae_sedis,f__Fungi_fam_Incertae_sedis,g__Fungi_gen_Incertae_sedis,s__Fungi_sp,Fungi_sp,UDB0584564,SH1089013.09FU,reps,k__Fungi,OTU2779.p__Fungi_phy_Incertae_sedis.g__Fungi_gen_Incertae_sedis
2658,OTU2780,382,343,380,758,508,545,10,65.8,4.8e-10,97.368,p__Basidiomycota,c__Agaricomycetes,o__Auriculariales,f__Auriculariales_fam_Incertae_sedis,g__Auriculariales_gen_Incertae_sedis,s__Auriculariales_sp,Auriculariales_sp,JQ272342,SH0954825.09FU,reps,k__Fungi,OTU2780.p__Basidiomycota.g__Auriculariales_gen_Incertae_sedis
2659,OTU2781,380,333,378,1125,57,12,12,69.4,3.69e-11,93.478,p__Ascomycota,c__Sordariomycetes,o__Hypocreales,f__Nectriaceae,g__Fusarium,s__Fusarium_oxysporum,Fusarium_oxysporum,UDB041458,SH1099032.09FU,reps,k__Fungi,OTU2781.p__Ascomycota.g__Fusarium
2660,OTU2782,305,260,303,1125,55,12,14,71.3,8.09e-12,95.455,p__Ascomycota,c__Sordariomycetes,o__Hypocreales,f__Nectriaceae,g__Fusarium,s__Fusarium_oxysporum,Fusarium_oxysporum,UDB041458,SH1099032.09FU,reps,k__Fungi,OTU2782.p__Ascomycota.g__Fusarium
2661,OTU2783,271,1,210,392,183,392,77,366,8.14e-101,98.095,p__Ascomycota,c__Sordariomycetes,o__Sordariales,f__Lasiosphaeriaceae,g__Lasiosphaeriaceae_gen_Incertae_sedis,s__Lasiosphaeriaceae_sp,Lasiosphaeriaceae_sp,UDB0184104,SH0932574.09FU,reps,k__Fungi,OTU2783.p__Ascomycota.g__Lasiosphaeriaceae_gen_Incertae_sedis
2662,OTU2784,396,1,335,702,358,702,85,468,3.25e-131,91.643,p__Kickxellomycota,c__Ramicandelaberomycetes,o__Ramicandelaberales,f__Ramicandelaberaceae,g__Ramicandelaber,s__Ramicandelaber_sp,Ramicandelaber_sp,UDB06291880,SH1117127.09FU,reps,k__Fungi,OTU2784.p__Kickxellomycota.g__Ramicandelaber
2663,OTU2785,327,1,266,541,275,541,81,270,8.01e-72,85.24,p__Basidiomycota,c__Agaricomycetes,o__Geastrales,f__Geastrales_fam_Incertae_sedis,g__Geastrales_gen_Incertae_sedis,s__Geastrales_sp,Geastrales_sp,UDB02630231,SH1300981.09FU,reps,k__Fungi,OTU2785.p__Basidiomycota.g__Geastrales_gen_Incertae_sedis
2664,OTU2786,318,1,253,482,227,479,80,462,1.19e-129,99.605,p__Basidiomycota,c__Tremellomycetes,o__Tremellales,f__Rhynchogastremataceae,g__Papiliotrema,s__Papiliotrema_fusca,Papiliotrema_fusca,AF444668,SH0960201.09FU,refs,k__Fungi,OTU2786.p__Basidiomycota.g__Papiliotrema
2665,OTU2787,293,1,233,545,310,545,80,416,8.63e-116,98.729,p__Ascomycota,c__Ascomycota_cls_Incertae_sedis,o__Ascomycota_ord_Incertae_sedis,f__Ascomycota_fam_Incertae_sedis,g__Ascomycota_gen_Incertae_sedis,s__Ascomycota_sp,Ascomycota_sp,UDB01381506,SH1121142.09FU,reps,k__Fungi,OTU2787.p__Ascomycota.g__Ascomycota_gen_Incertae_sedis
2666,OTU2789,284,1,224,508,285,508,79,414,3.02e-115,100,p__Ascomycota,c__Sordariomycetes,o__Hypocreales,f__Hypocreaceae,g__Trichoderma,s__Trichoderma_orientale,Trichoderma_orientale,EU401550,SH1062958.09FU,refs,k__Fungi,OTU2789.p__Ascomycota.g__Trichoderma
2667,OTU2790,369,334,367,758,512,545,9,63.9,1.66e-09,100,p__Basidiomycota,c__Agaricomycetes,o__Auriculariales,f__Auriculariales_fam_Incertae_sedis,g__Auriculariales_gen_Incertae_sedis,s__Auriculariales_sp,Auriculariales_sp,JQ272342,SH0954825.09FU,reps,k__Fungi,OTU2790.p__Basidiomycota.g__Auriculariales_gen_Incertae_sedis
2668,OTU2791,285,1,174,518,292,462,61,135,2.64e-31,81.25,p__Ascomycota,c__Eurotiomycetes,o__Chaetothyriales,f__Herpotrichiellaceae,g__Cladophialophora,s__Cladophialophora_sp,Cladophialophora_sp,UDB02753793,SH1165505.09FU,reps,k__Fungi,OTU2791.p__Ascomycota.g__Cladophialophora
2669,OTU2792,261,1,191,448,249,436,73,239,1.78e-62,89.637,p__Ascomycota,c__Dothideomycetes,o__Mycosphaerellales,f__Mycosphaerellaceae,g__Xenosonderhenia,s__Xenosonderhenia_eucalypti,Xenosonderhenia_eucalypti,KP004457,SH1677949.09FU,refs_singleton,k__Fungi,OTU2792.p__Ascomycota.g__Xenosonderhenia
2670,OTU2793,322,1,262,517,256,517,81,468,2.6e-131,98.855,p__Basidiomycota,c__Microbotryomycetes,o__Sporidiobolales,f__Sporidiobolaceae,g__Sporobolomyces,s__Sporobolomyces_reniformis,Sporobolomyces_reniformis,MK050408,SH2149882.09FU,refs_singleton,k__Fungi,OTU2793.p__Basidiomycota.g__Sporobolomyces
2671,OTU2794,247,1,187,441,257,441,76,333,7.45e-91,98.93,p__Basidiomycota,c__Tremellomycetes,o__Tremellales,f__Bulleribasidiaceae,g__Bulleribasidium,s__Bulleribasidium_phyllophilum,Bulleribasidium_phyllophilum,MK050328,SH1097980.09FU,refs,k__Fungi,OTU2794.p__Basidiomycota.g__Bulleribasidium
2672,OTU2795,284,1,223,446,223,446,79,401,2.35e-111,99.107,p__Basidiomycota,c__Tremellomycetes,o__Trichosporonales,f__Trichosporonaceae,g__Trichosporonaceae_gen_Incertae_sedis,s__Trichosporonaceae_sp,Trichosporonaceae_sp,UDB01226055,SH1087087.09FU,reps,k__Fungi,OTU2795.p__Basidiomycota.g__Trichosporonaceae_gen_Incertae_sedis
2673,OTU2796,288,1,227,534,302,534,79,326,1.48e-88,92.34,p__Ascomycota,c__Eurotiomycetes,o__Chaetothyriales,f__Cyphellophoraceae,g__Cyphellophora,s__Cyphellophora_sp,Cyphellophora_sp,UDB04512110,SH1144986.09FU,reps,k__Fungi,OTU2796.p__Ascomycota.g__Cyphellophora
2674,OTU2797,280,1,220,520,301,520,79,401,2.31e-111,99.545,p__Ascomycota,c__Eurotiomycetes,o__Chaetothyriales,f__Strelitzianaceae,g__Strelitziana,s__Strelitziana_eucalypti,Strelitziana_eucalypti,KM246173,SH0931728.09FU,reps,k__Fungi,OTU2797.p__Ascomycota.g__Strelitziana
2675,OTU2798,361,1,318,593,275,593,88,427,5e-119,90.938,p__Fungi_phy_Incertae_sedis,c__Fungi_cls_Incertae_sedis,o__Fungi_ord_Incertae_sedis,f__Fungi_fam_Incertae_sedis,g__Fungi_gen_Incertae_sedis,s__Fungi_sp,Fungi_sp,MW216190,SH1274578.09FU,reps,k__Fungi,OTU2798.p__Fungi_phy_Incertae_sedis.g__Fungi_gen_Incertae_sedis
2676,OTU2799,290,1,230,523,294,523,79,425,1.42e-118,100,p__Ascomycota,c__Eurotiomycetes,o__Eurotiales,f__Aspergillaceae,g__Talaromyces,s__Talaromyces_tiftonensis,Talaromyces_tiftonensis,KX657353,SH1286663.09FU,refs,k__Fungi,OTU2799.p__Ascomycota.g__Talaromyces
2677,OTU2800,381,345,376,581,495,527,8,54.7,1.04e-06,96.97,p__Ascomycota,c__Leotiomycetes,o__Helotiales,f__Dermateaceae,g__Pezicula,s__Pezicula_radicicola,Pezicula_radicicola,FJ179465,SH0975489.09FU,reps,k__Fungi,OTU2800.p__Ascomycota.g__Pezicula
2678,OTU2801,266,1,206,472,267,472,77,375,1.32e-103,99.515,p__Ascomycota,c__Eurotiomycetes,o__Eurotiales,f__Trichocomaceae,g__Sagenomella,s__Sagenomella_oligospora,Sagenomella_oligospora,LT633929,SH0997120.09FU,refs,k__Fungi,OTU2801.p__Ascomycota.g__Sagenomella
2679,OTU2802,336,1,200,487,213,419,60,159,1.86e-38,81.34,p__Aphelidiomycota,c__Aphelidiomycota_cls_Incertae_sedis,o__Aphelidiomycota_ord_Incertae_sedis,f__Aphelidiomycota_fam_Incertae_sedis,g__Aphelidiomycota_gen_Incertae_sedis,s__Aphelidiomycota_sp,Aphelidiomycota_sp,UDB01170806,SH1101595.09FU,reps,k__Fungi,OTU2802.p__Aphelidiomycota.g__Aphelidiomycota_gen_Incertae_sedis
2680,OTU2803,273,1,212,505,294,505,78,364,2.95e-100,97.653,p__Ascomycota,c__Ascomycota_cls_Incertae_sedis,o__Ascomycota_ord_Incertae_sedis,f__Ascomycota_fam_Incertae_sedis,g__Ascomycota_gen_Incertae_sedis,s__Ascomycota_sp,Ascomycota_sp,UDB01384220,SH0952980.09FU,reps,k__Fungi,OTU2803.p__Ascomycota.g__Ascomycota_gen_Incertae_sedis
2681,OTU2804,271,1,219,510,294,510,81,337,6.38e-92,94.57,p__Ascomycota,c__Dothideomycetes,o__Pleosporales,f__Phaeosphaeriaceae,g__Pseudoophiobolus,s__Pseudoophiobolus_galii,Pseudoophiobolus_galii,MG520947,SH3245424.09FU,refs_singleton,k__Fungi,OTU2804.p__Ascomycota.g__Pseudoophiobolus
2682,OTU2805,427,1,47,634,332,378,11,71.3,1.16e-11,93.617,p__Chytridiomycota,c__Chytridiomycota_cls_Incertae_sedis,o__Chytridiomycota_ord_Incertae_sedis,f__Chytridiomycota_fam_Incertae_sedis,g__Chytridiomycota_gen_Incertae_sedis,s__Chytridiomycota_sp,Chytridiomycota_sp,UDB02299221,SH1133151.09FU,reps,k__Fungi,OTU2805.p__Chytridiomycota.g__Chytridiomycota_gen_Incertae_sedis
2683,OTU2807,350,1,348,587,553,208,99,592,1.62e-168,97.414,p__Rozellomycota,c__Rozellomycotina_cls_Incertae_sedis,o__GS11,f__GS11_fam_Incertae_sedis,g__GS11_gen_Incertae_sedis,s__GS11_sp,GS11_sp,UDB02389838,SH1267778.09FU,reps,k__Fungi,OTU2807.p__Rozellomycota.g__GS11_gen_Incertae_sedis
2684,OTU2808,293,58,285,490,490,262,78,394,4.04e-109,97.817,p__Ascomycota,c__Dothideomycetes,o__Dothideomycetes_ord_Incertae_sedis,f__Dothideomycetes_fam_Incertae_sedis,g__Pseudoarthrographis,s__Pseudoarthrographis_sp,Pseudoarthrographis_sp,UDB05317676,SH1091584.09FU,reps,k__Fungi,OTU2808.p__Ascomycota.g__Pseudoarthrographis
2685,OTU2809,397,320,389,485,306,236,18,69.4,3.86e-11,85.135,p__Ascomycota,c__Sordariomycetes,o__Sordariomycetes_ord_Incertae_sedis,f__Sordariomycetes_fam_Incertae_sedis,g__Sordariomycetes_gen_Incertae_sedis,s__Sordariomycetes_sp,Sordariomycetes_sp,UDB07346279,SH0967077.09FU,reps,k__Fungi,OTU2809.p__Ascomycota.g__Sordariomycetes_gen_Incertae_sedis
2686,OTU2810,265,1,194,460,258,448,73,211,3.94e-54,86.802,p__Ascomycota,c__Dothideomycetes,o__Pleosporales,f__Massarinaceae,g__Massarina,s__Massarina_sp,Massarina_sp,UDB03665945,SH1001765.09FU,reps,k__Fungi,OTU2810.p__Ascomycota.g__Massarina
2687,OTU2811,344,1,283,617,335,617,82,484,2.78e-136,97.527,p__Chytridiomycota,c__Spizellomycetes,o__Spizellomycetales,f__Spizellomycetales_fam_Incertae_sedis,g__Spizellomycetales_gen_Incertae_sedis,s__Spizellomycetales_sp,Spizellomycetales_sp,UDB07387082,SH1208318.09FU,reps,k__Fungi,OTU2811.p__Chytridiomycota.g__Spizellomycetales_gen_Incertae_sedis
2688,OTU2812,403,1,342,790,448,790,85,472,2.56e-132,91.738,p__Chytridiomycota,c__Chytridiomycota_cls_Incertae_sedis,o__Chytridiomycota_ord_Incertae_sedis,f__Chytridiomycota_fam_Incertae_sedis,g__Chytridiomycota_gen_Incertae_sedis,s__Chytridiomycota_sp,Chytridiomycota_sp,UDB02263590,SH1233233.09FU,reps,k__Fungi,OTU2812.p__Chytridiomycota.g__Chytridiomycota_gen_Incertae_sedis
2689,OTU2813,279,1,218,467,250,467,78,398,2.98e-110,99.541,p__Ascomycota,c__Sordariomycetes,o__Hypocreales,f__Nectriaceae,g__Nectriaceae_gen_Incertae_sedis,s__Nectriaceae_sp,Nectriaceae_sp,UDB06671086,SH0968939.09FU,reps,k__Fungi,OTU2813.p__Ascomycota.g__Nectriaceae_gen_Incertae_sedis
2690,OTU2814,205,1,197,647,521,325,96,353,4.64e-97,98.985,p__Chytridiomycota,c__Rhizophlyctidomycetes,o__Rhizophlyctidales,f__Rhizophlyctidaceae,g__Rhizophlyctis,s__Rhizophlyctis_sp,Rhizophlyctis_sp,UDB06432686,SH1202745.09FU,reps,k__Fungi,OTU2814.p__Chytridiomycota.g__Rhizophlyctis
2691,OTU2815,268,1,207,477,271,477,77,383,7.98e-106,100,p__Ascomycota,c__Sordariomycetes,o__Sordariales,f__Lasiosphaeriaceae,g__Apiosordaria,s__Apiosordaria_sp,Apiosordaria_sp,UDB01224111,SH0971541.09FU,reps,k__Fungi,OTU2815.p__Ascomycota.g__Apiosordaria
2692,OTU2816,280,1,202,499,280,478,72,281,3.14e-75,92.079,p__Ascomycota,c__Sordariomycetes,o__Sordariales,f__Chaetomiaceae,g__Humicola,s__Humicola_hyalothermophila,Humicola_hyalothermophila,MH861283,SH0881616.09FU,refs,k__Fungi,OTU2816.p__Ascomycota.g__Humicola
2693,OTU2817,359,1,296,553,259,550,82,283,1.14e-75,84.281,p__Chytridiomycota,c__Chytridiomycota_cls_Incertae_sedis,o__Chytridiomycota_ord_Incertae_sedis,f__Chytridiomycota_fam_Incertae_sedis,g__Chytridiomycota_gen_Incertae_sedis,s__Chytridiomycota_sp,Chytridiomycota_sp,UDB02295491,SH1321950.09FU,reps,k__Fungi,OTU2817.p__Chytridiomycota.g__Chytridiomycota_gen_Incertae_sedis
2694,OTU2818,274,1,214,494,281,494,78,390,4.89e-108,99.533,p__Ascomycota,c__Ascomycota_cls_Incertae_sedis,o__Ascomycota_ord_Incertae_sedis,f__Ascomycota_fam_Incertae_sedis,g__Ascomycota_gen_Incertae_sedis,s__Ascomycota_sp,Ascomycota_sp,LC014584,SH0949747.09FU,reps,k__Fungi,OTU2818.p__Ascomycota.g__Ascomycota_gen_Incertae_sedis
2695,OTU2819,274,1,229,462,236,462,84,250,8.66e-66,86.695,p__Ascomycota,c__Sordariomycetes,o__Coniochaetales,f__Coniochaetaceae,g__Coniochaetaceae_gen_Incertae_sedis,s__Coniochaetaceae_sp,Coniochaetaceae_sp,LN865113,SH0906101.09FU,reps,k__Fungi,OTU2819.p__Ascomycota.g__Coniochaetaceae_gen_Incertae_sedis
2696,OTU2820,202,1,202,482,422,221,100,351,1.64e-96,98.02,p__Ascomycota,c__Dothideomycetes,o__Dothideomycetes_ord_Incertae_sedis,f__Dothideomycetes_fam_Incertae_sedis,g__Dothideomycetes_gen_Incertae_sedis,s__Dothideomycetes_sp,Dothideomycetes_sp,UDB05266213,SH0972485.09FU,reps,k__Fungi,OTU2820.p__Ascomycota.g__Dothideomycetes_gen_Incertae_sedis
2697,OTU2821,289,1,229,545,310,545,79,351,2.43e-96,94.068,p__Ascomycota,c__Ascomycota_cls_Incertae_sedis,o__Ascomycota_ord_Incertae_sedis,f__Ascomycota_fam_Incertae_sedis,g__Ascomycota_gen_Incertae_sedis,s__Ascomycota_sp,Ascomycota_sp,UDB01381506,SH1121142.09FU,reps,k__Fungi,OTU2821.p__Ascomycota.g__Ascomycota_gen_Incertae_sedis
2698,OTU2822,298,239,296,943,67,10,19,102,2.8e-21,98.276,p__Basidiomycota,c__Agaricomycetes,o__Agaricales,f__Inocybaceae,g__Inocybe,s__Inocybe_sp,Inocybe_sp,UDB0125874,SH1322845.09FU,reps,k__Fungi,OTU2822.p__Basidiomycota.g__Inocybe
2699,OTU2823,256,1,213,494,281,494,83,322,1.68e-87,93.925,p__Ascomycota,c__Leotiomycetes,o__Helotiales,f__Myxotrichaceae,g__Oidiodendron,s__Oidiodendron_sp,Oidiodendron_sp,UDB0794404,SH1239489.09FU,reps,k__Fungi,OTU2823.p__Ascomycota.g__Oidiodendron
2700,OTU2824,274,1,227,496,270,496,83,392,1.36e-108,97.797,p__Ascomycota,c__Sordariomycetes,o__Diaporthales,f__Diaporthaceae,g__Diaporthe,s__Diaporthe_phaseolorum,Diaporthe_phaseolorum,KM266297,SH0983782.09FU,reps,k__Fungi,OTU2824.p__Ascomycota.g__Diaporthe
2701,OTU2825,355,316,353,758,508,545,11,71.3,9.53e-12,100,p__Basidiomycota,c__Agaricomycetes,o__Auriculariales,f__Auriculariales_fam_Incertae_sedis,g__Auriculariales_gen_Incertae_sedis,s__Auriculariales_sp,Auriculariales_sp,JQ272342,SH0954825.09FU,reps,k__Fungi,OTU2825.p__Basidiomycota.g__Auriculariales_gen_Incertae_sedis
2702,OTU2826,366,329,364,758,510,545,10,67.6,1.27e-10,100,p__Basidiomycota,c__Agaricomycetes,o__Auriculariales,f__Auriculariales_fam_Incertae_sedis,g__Auriculariales_gen_Incertae_sedis,s__Auriculariales_sp,Auriculariales_sp,JQ272342,SH0954825.09FU,reps,k__Fungi,OTU2826.p__Basidiomycota.g__Auriculariales_gen_Incertae_sedis
2703,OTU2827,268,1,208,484,277,484,78,379,1.03e-104,99.519,p__Ascomycota,c__Sordariomycetes,o__Xylariales,f__Sporocadaceae,g__Pseudopestalotiopsis,s__Pseudopestalotiopsis_thailandica,Pseudopestalotiopsis_thailandica,MK764292,SH4086934.09FU,refs,k__Fungi,OTU2827.p__Ascomycota.g__Pseudopestalotiopsis
2704,OTU2828,220,1,115,373,200,314,52,135,1.98e-31,88.136,p__Basidiomycota,c__Tremellomycetes,o__Tremellales,f__Bulleribasidiaceae,g__Bulleribasidium,s__Bulleribasidium_setariae,Bulleribasidium_setariae,KY101807,SH1162134.09FU,refs,k__Fungi,OTU2828.p__Basidiomycota.g__Bulleribasidium
2705,OTU2829,341,1,166,617,299,470,49,241,6.57e-63,92.486,p__Fungi_phy_Incertae_sedis,c__Fungi_cls_Incertae_sedis,o__Fungi_ord_Incertae_sedis,f__Fungi_fam_Incertae_sedis,g__Fungi_gen_Incertae_sedis,s__Fungi_sp,Fungi_sp,UDB02176073,SH1253206.09FU,reps,k__Fungi,OTU2829.p__Fungi_phy_Incertae_sedis.g__Fungi_gen_Incertae_sedis
2706,OTU2830,440,384,438,1125,66,12,13,69.4,4.31e-11,89.091,p__Ascomycota,c__Sordariomycetes,o__Hypocreales,f__Nectriaceae,g__Fusarium,s__Fusarium_oxysporum,Fusarium_oxysporum,UDB041458,SH1099032.09FU,reps,k__Fungi,OTU2830.p__Ascomycota.g__Fusarium
2707,OTU2831,376,1,111,527,412,523,30,172,2.7e-42,94.643,p__Fungi_phy_Incertae_sedis,c__Fungi_cls_Incertae_sedis,o__Fungi_ord_Incertae_sedis,f__Fungi_fam_Incertae_sedis,g__Fungi_gen_Incertae_sedis,s__Fungi_sp,Fungi_sp,UDB0584564,SH1089013.09FU,reps,k__Fungi,OTU2831.p__Fungi_phy_Incertae_sedis.g__Fungi_gen_Incertae_sedis
2708,OTU2832,331,292,329,758,508,545,11,65.8,4.11e-10,97.368,p__Basidiomycota,c__Agaricomycetes,o__Auriculariales,f__Auriculariales_fam_Incertae_sedis,g__Auriculariales_gen_Incertae_sedis,s__Auriculariales_sp,Auriculariales_sp,JQ272342,SH0954825.09FU,reps,k__Fungi,OTU2832.p__Basidiomycota.g__Auriculariales_gen_Incertae_sedis
2709,OTU2833,273,1,229,483,256,483,84,383,8.15e-106,96.957,p__Ascomycota,c__Dothideomycetes,o__Pleosporales,f__Melanommataceae,g__Herpotrichia,s__Herpotrichia_striatispora,Herpotrichia_striatispora,MH858624,SH0994817.09FU,refs,k__Fungi,OTU2833.p__Ascomycota.g__Herpotrichia
2710,OTU2834,431,375,426,581,475,527,12,58.4,9.13e-08,86.792,p__Ascomycota,c__Leotiomycetes,o__Helotiales,f__Dermateaceae,g__Pezicula,s__Pezicula_radicicola,Pezicula_radicicola,FJ179465,SH0975489.09FU,reps,k__Fungi,OTU2834.p__Ascomycota.g__Pezicula
2711,OTU2835,300,1,239,492,255,492,80,396,1.15e-109,96.667,p__Ascomycota,c__Geoglossomycetes,o__Geoglossales,f__Geoglossaceae,g__Geoglossaceae_gen_Incertae_sedis,s__Geoglossaceae_sp,Geoglossaceae_sp,UDB02911769,SH0964437.09FU,reps,k__Fungi,OTU2835.p__Ascomycota.g__Geoglossaceae_gen_Incertae_sedis
2712,OTU2836,399,1,113,689,374,484,28,108,8.23e-23,84.348,p__Basidiomycota,c__Agaricomycetes,o__Agaricomycetes_ord_Incertae_sedis,f__Agaricomycetes_fam_Incertae_sedis,g__Agaricomycetes_gen_Incertae_sedis,s__Agaricomycetes_sp,Agaricomycetes_sp,UDB0949231,SH1174533.09FU,reps,k__Fungi,OTU2836.p__Basidiomycota.g__Agaricomycetes_gen_Incertae_sedis
2713,OTU2837,158,41,156,509,509,396,73,163,6.22e-40,92.241,p__Basidiomycota,c__Cystobasidiomycetes,o__Cystobasidiales,f__Cystobasidiaceae,g__Cystobasidium,s__Cystobasidium_calyptogenae,Cystobasidium_calyptogenae,KY103128,SH1223425.09FU,refs,k__Fungi,OTU2837.p__Basidiomycota.g__Cystobasidium
2714,OTU2838,313,257,311,1125,66,12,18,75,6.43e-13,90.909,p__Ascomycota,c__Sordariomycetes,o__Hypocreales,f__Nectriaceae,g__Fusarium,s__Fusarium_oxysporum,Fusarium_oxysporum,UDB041458,SH1099032.09FU,reps,k__Fungi,OTU2838.p__Ascomycota.g__Fusarium
2715,OTU2839,382,1,321,939,620,939,84,564,3.88e-160,98.442,p__Chytridiomycota,c__Chytridiomycota_cls_Incertae_sedis,o__Chytridiomycota_ord_Incertae_sedis,f__Chytridiomycota_fam_Incertae_sedis,g__Chytridiomycota_gen_Incertae_sedis,s__Chytridiomycota_sp,Chytridiomycota_sp,UDB02285304,SH1085406.09FU,reps,k__Fungi,OTU2839.p__Chytridiomycota.g__Chytridiomycota_gen_Incertae_sedis
2716,OTU2840,405,1,344,672,316,672,85,448,4.34e-125,90.028,p__Basidiomycota,c__Basidiomycota_cls_Incertae_sedis,o__Basidiomycota_ord_Incertae_sedis,f__Basidiomycota_fam_Incertae_sedis,g__Basidiomycota_gen_Incertae_sedis,s__Basidiomycota_sp,Basidiomycota_sp,UDB01499632,SH1326401.09FU,reps,k__Fungi,OTU2840.p__Basidiomycota.g__Basidiomycota_gen_Incertae_sedis
2717,OTU2841,276,1,216,504,290,504,78,392,1.37e-108,99.537,p__Ascomycota,c__Dothideomycetes,o__Tubeufiales,f__Wiesneriomycetaceae,g__Spissiomyces,s__Spissiomyces_ramosus,Spissiomyces_ramosus,KF513517,SH1255192.09FU,refs,k__Fungi,OTU2841.p__Ascomycota.g__Spissiomyces
2718,OTU2842,258,1,169,425,237,396,66,126,1.42e-28,81.176,p__Ascomycota,c__Ascomycota_cls_Incertae_sedis,o__Ascomycota_ord_Incertae_sedis,f__Ascomycota_fam_Incertae_sedis,g__Ascomycota_gen_Incertae_sedis,s__Ascomycota_sp,Ascomycota_sp,UDB01352734,SH1148976.09FU,reps,k__Fungi,OTU2842.p__Ascomycota.g__Ascomycota_gen_Incertae_sedis
2719,OTU2843,362,315,360,1125,57,12,13,69.4,3.5e-11,93.478,p__Ascomycota,c__Sordariomycetes,o__Hypocreales,f__Nectriaceae,g__Fusarium,s__Fusarium_oxysporum,Fusarium_oxysporum,UDB041458,SH1099032.09FU,reps,k__Fungi,OTU2843.p__Ascomycota.g__Fusarium
2720,OTU2844,298,1,219,594,352,574,73,326,1.52e-88,93.274,p__Ascomycota,c__Ascomycota_cls_Incertae_sedis,o__Ascomycota_ord_Incertae_sedis,f__Ascomycota_fam_Incertae_sedis,g__Ascomycota_gen_Incertae_sedis,s__Ascomycota_sp,Ascomycota_sp,UDB01402164,SH1278112.09FU,reps,k__Fungi,OTU2844.p__Ascomycota.g__Ascomycota_gen_Incertae_sedis
2721,OTU2845,431,396,426,581,496,527,7,52.8,4.25e-06,96.875,p__Ascomycota,c__Leotiomycetes,o__Helotiales,f__Dermateaceae,g__Pezicula,s__Pezicula_radicicola,Pezicula_radicicola,FJ179465,SH0975489.09FU,reps,k__Fungi,OTU2845.p__Ascomycota.g__Pezicula
2722,OTU2846,295,1,234,490,257,490,79,422,1.87e-117,99.145,p__Ascomycota,c__Sordariomycetes,o__Hypocreales,f__Hypocreales_fam_Incertae_sedis,g__Acremonium,s__Acremonium_sp,Acremonium_sp,UDB0837810,SH1291698.09FU,reps,k__Fungi,OTU2846.p__Ascomycota.g__Acremonium
2723,OTU2847,412,1,346,614,263,608,84,529,1.53e-149,94.22,p__Rozellomycota,c__Rozellomycotina_cls_Incertae_sedis,o__GS05,f__GS05_fam_Incertae_sedis,g__GS05_gen_Incertae_sedis,s__GS05_sp,GS05_sp,UDB0274971,SH1257556.09FU,reps,k__Fungi,OTU2847.p__Rozellomycota.g__GS05_gen_Incertae_sedis
2724,OTU2848,369,313,364,581,475,527,14,52.8,3.6e-06,84.906,p__Ascomycota,c__Leotiomycetes,o__Helotiales,f__Dermateaceae,g__Pezicula,s__Pezicula_radicicola,Pezicula_radicicola,FJ179465,SH0975489.09FU,reps,k__Fungi,OTU2848.p__Ascomycota.g__Pezicula
2725,OTU2849,198,150,196,1125,58,12,24,65.8,2.34e-10,91.489,p__Ascomycota,c__Sordariomycetes,o__Hypocreales,f__Nectriaceae,g__Fusarium,s__Fusarium_oxysporum,Fusarium_oxysporum,UDB041458,SH1099032.09FU,reps,k__Fungi,OTU2849.p__Ascomycota.g__Fusarium
2726,OTU2850,284,234,282,1228,551,503,17,80.5,1.25e-14,95.918,p__Basidiomycota,c__Agaricomycetes,o__Agaricales,f__Psathyrellaceae,g__Lacrymaria,s__Lacrymaria_glareosa,Lacrymaria_glareosa,UDB073985,SH1319901.09FU,reps,k__Fungi,OTU2850.p__Basidiomycota.g__Lacrymaria
2727,OTU2851,266,1,213,492,280,492,80,394,3.66e-109,100,p__Ascomycota,c__Sordariomycetes,o__Microascales,f__Microascaceae,g__Canariomyces,s__Canariomyces_microsporus,Canariomyces_microsporus,MH860852,SH0980001.09FU,refs,k__Fungi,OTU2851.p__Ascomycota.g__Canariomyces
2728,OTU2852,316,1,271,602,333,602,86,494,4.21e-139,99.631,p__Basidiomycota,c__Agaricomycetes,o__Agaricales,f__Entolomataceae,g__Entoloma,s__Entoloma_shandongense,Entoloma_shandongense,KC257440,SH1260508.09FU,refs,k__Fungi,OTU2852.p__Basidiomycota.g__Entoloma
2729,OTU2853,267,1,207,1464,1257,1464,78,333,8.12e-91,95.673,p__Ascomycota,c__Dothideomycetes,o__Pleosporales,f__Lindgomycetaceae,g__Lindgomycetaceae_gen_Incertae_sedis,s__Lindgomycetaceae_sp,Lindgomycetaceae_sp,UDB044373,SH1006812.09FU,reps,k__Fungi,OTU2853.p__Ascomycota.g__Lindgomycetaceae_gen_Incertae_sedis
2730,OTU2854,348,290,343,581,473,527,16,62.1,5.61e-09,87.273,p__Ascomycota,c__Leotiomycetes,o__Helotiales,f__Dermateaceae,g__Pezicula,s__Pezicula_radicicola,Pezicula_radicicola,FJ179465,SH0975489.09FU,reps,k__Fungi,OTU2854.p__Ascomycota.g__Pezicula
2731,OTU2855,319,1,259,574,292,553,81,337,7.58e-92,90.152,p__Ascomycota,c__Sordariomycetes,o__Sordariomycetes_ord_Incertae_sedis,f__Sordariomycetes_fam_Incertae_sedis,g__Sordariomycetes_gen_Incertae_sedis,s__Sordariomycetes_sp,Sordariomycetes_sp,MF971994,SH1254874.09FU,reps,k__Fungi,OTU2855.p__Ascomycota.g__Sordariomycetes_gen_Incertae_sedis
2732,OTU2856,365,311,360,581,477,527,14,60.2,2.13e-08,88.235,p__Ascomycota,c__Leotiomycetes,o__Helotiales,f__Dermateaceae,g__Pezicula,s__Pezicula_radicicola,Pezicula_radicicola,FJ179465,SH0975489.09FU,reps,k__Fungi,OTU2856.p__Ascomycota.g__Pezicula
2733,OTU2857,307,1,254,555,301,555,83,464,3.2e-130,99.608,p__Ascomycota,c__Eurotiomycetes,o__Chaetothyriales,f__Herpotrichiellaceae,g__Exophiala,s__Exophiala_lacus,Exophiala_lacus,JF747110,SH1266759.09FU,refs,k__Fungi,OTU2857.p__Ascomycota.g__Exophiala
2734,OTU2858,412,1,269,736,391,649,65,183,1.38e-45,79.853,p__Fungi_phy_Incertae_sedis,c__Fungi_cls_Incertae_sedis,o__Fungi_ord_Incertae_sedis,f__Fungi_fam_Incertae_sedis,g__Fungi_gen_Incertae_sedis,s__Fungi_sp,Fungi_sp,UDB093676,SH1112698.09FU,reps,k__Fungi,OTU2858.p__Fungi_phy_Incertae_sedis.g__Fungi_gen_Incertae_sedis
2735,OTU2859,304,1,244,520,276,520,80,440,5.33e-123,99.184,p__Ascomycota,c__Sordariomycetes,o__Hypocreales,f__Hypocreales_fam_Incertae_sedis,g__Hypocreales_gen_Incertae_sedis,s__Hypocreales_sp,Hypocreales_sp,MG826923,SH1191039.09FU,reps,k__Fungi,OTU2859.p__Ascomycota.g__Hypocreales_gen_Incertae_sedis
2736,OTU2860,261,1,201,419,219,419,77,372,1.68e-102,100,p__Ascomycota,c__Dothideomycetes,o__Pleosporales,f__Phaeosphaeriaceae,g__Setophaeosphaeria,s__Setophaeosphaeria_microspora,Setophaeosphaeria_microspora,MK329131,SH1020736.09FU,refs,k__Fungi,OTU2860.p__Ascomycota.g__Setophaeosphaeria
2737,OTU2861,357,310,355,1125,57,12,13,69.4,3.45e-11,93.478,p__Ascomycota,c__Sordariomycetes,o__Hypocreales,f__Nectriaceae,g__Fusarium,s__Fusarium_oxysporum,Fusarium_oxysporum,UDB041458,SH1099032.09FU,reps,k__Fungi,OTU2861.p__Ascomycota.g__Fusarium
2738,OTU2862,401,364,399,758,510,545,9,62.1,6.53e-09,97.222,p__Basidiomycota,c__Agaricomycetes,o__Auriculariales,f__Auriculariales_fam_Incertae_sedis,g__Auriculariales_gen_Incertae_sedis,s__Auriculariales_sp,Auriculariales_sp,JQ272342,SH0954825.09FU,reps,k__Fungi,OTU2862.p__Basidiomycota.g__Auriculariales_gen_Incertae_sedis
2739,OTU2863,320,1,260,598,338,598,81,453,7.24e-127,98.084,p__Basidiomycota,c__Agaricomycetes,o__Agaricales,f__Strophariaceae,g__Pholiota,s__Pholiota_conissans,Pholiota_conissans,OL687126,SH1243420.09FU,reps,k__Fungi,OTU2863.p__Basidiomycota.g__Pholiota
2740,OTU2864,273,8,200,489,288,478,71,122,1.96e-27,79,p__Ascomycota,c__Sordariomycetes,o__Coniochaetales,f__Coniochaetaceae,g__Coniochaeta,s__Coniochaeta_sp,Coniochaeta_sp,UDB04086067,SH0905989.09FU,reps,k__Fungi,OTU2864.p__Ascomycota.g__Coniochaeta
2741,OTU2865,359,322,357,758,510,545,10,67.6,1.25e-10,100,p__Basidiomycota,c__Agaricomycetes,o__Auriculariales,f__Auriculariales_fam_Incertae_sedis,g__Auriculariales_gen_Incertae_sedis,s__Auriculariales_sp,Auriculariales_sp,JQ272342,SH0954825.09FU,reps,k__Fungi,OTU2865.p__Basidiomycota.g__Auriculariales_gen_Incertae_sedis
2742,OTU2866,348,301,346,1125,57,12,13,69.4,3.35e-11,93.478,p__Ascomycota,c__Sordariomycetes,o__Hypocreales,f__Nectriaceae,g__Fusarium,s__Fusarium_oxysporum,Fusarium_oxysporum,UDB041458,SH1099032.09FU,reps,k__Fungi,OTU2866.p__Ascomycota.g__Fusarium
2743,OTU2867,283,1,230,495,267,495,81,407,5.03e-113,98.696,p__Ascomycota,c__Sordariomycetes,o__Hypocreales,f__Cordycipitaceae,g__Cordycipitaceae_gen_Incertae_sedis,s__Cordycipitaceae_sp,Cordycipitaceae_sp,MH854578,SH1275709.09FU,reps,k__Fungi,OTU2867.p__Ascomycota.g__Cordycipitaceae_gen_Incertae_sedis
2744,OTU2868,417,359,415,1125,68,12,14,73.1,3.15e-12,89.474,p__Ascomycota,c__Sordariomycetes,o__Hypocreales,f__Nectriaceae,g__Fusarium,s__Fusarium_oxysporum,Fusarium_oxysporum,UDB041458,SH1099032.09FU,reps,k__Fungi,OTU2868.p__Ascomycota.g__Fusarium
2745,OTU2869,271,1,210,509,300,509,77,361,3.79e-99,97.619,p__Ascomycota,c__Dothideomycetes,o__Pleosporales,f__Phaeosphaeriaceae,g__Chaetosphaeronema,s__Chaetosphaeronema_sp,Chaetosphaeronema_sp,UDB01764022,SH0889072.09FU,reps,k__Fungi,OTU2869.p__Ascomycota.g__Chaetosphaeronema
2746,OTU2870,397,340,392,581,474,527,13,60.2,2.33e-08,87.037,p__Ascomycota,c__Leotiomycetes,o__Helotiales,f__Dermateaceae,g__Pezicula,s__Pezicula_radicicola,Pezicula_radicicola,FJ179465,SH0975489.09FU,reps,k__Fungi,OTU2870.p__Ascomycota.g__Pezicula
2747,OTU2871,296,1,234,438,205,438,79,399,8.79e-111,97.436,p__Glomeromycota,c__Glomeromycetes,o__Glomerales,f__Glomeraceae,g__Microdominikia,s__Microdominikia_sp,Microdominikia_sp,UDB04189923,SH0993523.09FU,reps,k__Fungi,OTU2871.p__Glomeromycota.g__Microdominikia
2748,OTU2872,289,1,210,552,324,532,73,315,3.19e-85,93.868,p__Ascomycota,c__Eurotiomycetes,o__Eurotiomycetes_ord_Incertae_sedis,f__Eurotiomycetes_fam_Incertae_sedis,g__Eurotiomycetes_gen_Incertae_sedis,s__Eurotiomycetes_sp,Eurotiomycetes_sp,UDB01946566,SH1321952.09FU,reps,k__Fungi,OTU2872.p__Ascomycota.g__Eurotiomycetes_gen_Incertae_sedis
2749,OTU2873,247,1,207,666,460,666,84,344,3.44e-94,96.635,p__Fungi_phy_Incertae_sedis,c__Fungi_cls_Incertae_sedis,o__Fungi_ord_Incertae_sedis,f__Fungi_fam_Incertae_sedis,g__Fungi_gen_Incertae_sedis,s__Fungi_sp,Fungi_sp,MW215620,SH1116954.09FU,reps,k__Fungi,OTU2873.p__Fungi_phy_Incertae_sedis.g__Fungi_gen_Incertae_sedis
2750,OTU2874,355,308,353,1125,57,12,13,69.4,3.43e-11,93.478,p__Ascomycota,c__Sordariomycetes,o__Hypocreales,f__Nectriaceae,g__Fusarium,s__Fusarium_oxysporum,Fusarium_oxysporum,UDB041458,SH1099032.09FU,reps,k__Fungi,OTU2874.p__Ascomycota.g__Fusarium
2751,OTU2875,331,292,329,758,508,545,11,65.8,4.11e-10,97.368,p__Basidiomycota,c__Agaricomycetes,o__Auriculariales,f__Auriculariales_fam_Incertae_sedis,g__Auriculariales_gen_Incertae_sedis,s__Auriculariales_sp,Auriculariales_sp,JQ272342,SH0954825.09FU,reps,k__Fungi,OTU2875.p__Basidiomycota.g__Auriculariales_gen_Incertae_sedis
2752,OTU2876,354,317,352,758,510,545,10,67.6,1.23e-10,100,p__Basidiomycota,c__Agaricomycetes,o__Auriculariales,f__Auriculariales_fam_Incertae_sedis,g__Auriculariales_gen_Incertae_sedis,s__Auriculariales_sp,Auriculariales_sp,JQ272342,SH0954825.09FU,reps,k__Fungi,OTU2876.p__Basidiomycota.g__Auriculariales_gen_Incertae_sedis
2753,OTU2877,326,1,266,475,210,475,82,492,1.57e-138,100,p__Basidiomycota,c__Tremellomycetes,o__Holtermanniales,f__Holtermanniaceae,g__Holtermannia,s__Holtermannia_saccardoi,Holtermannia_saccardoi,MK050336,SH0966258.09FU,refs,k__Fungi,OTU2877.p__Basidiomycota.g__Holtermannia
2754,OTU2879,306,1,247,501,254,501,81,448,3.21e-125,99.194,p__Basidiomycota,c__Agaricomycetes,o__Phallales,f__Phallaceae,g__Phallus,s__Phallus_hadriani,Phallus_hadriani,DQ404385,SH0992458.09FU,refs,k__Fungi,OTU2879.p__Basidiomycota.g__Phallus
2755,OTU2880,295,1,234,534,301,534,79,394,4.07e-109,97.021,p__Ascomycota,c__Eurotiomycetes,o__Chaetothyriales,f__Herpotrichiellaceae,g__Herpotrichiellaceae_gen_Incertae_sedis,s__Herpotrichiellaceae_sp,Herpotrichiellaceae_sp,UDB03389027,SH0917071.09FU,reps,k__Fungi,OTU2880.p__Ascomycota.g__Herpotrichiellaceae_gen_Incertae_sedis
2756,OTU2881,325,278,323,1125,57,12,14,69.4,3.12e-11,93.478,p__Ascomycota,c__Sordariomycetes,o__Hypocreales,f__Nectriaceae,g__Fusarium,s__Fusarium_oxysporum,Fusarium_oxysporum,UDB041458,SH1099032.09FU,reps,k__Fungi,OTU2881.p__Ascomycota.g__Fusarium
2757,OTU2882,367,320,365,1125,57,12,13,69.4,3.55e-11,93.478,p__Ascomycota,c__Sordariomycetes,o__Hypocreales,f__Nectriaceae,g__Fusarium,s__Fusarium_oxysporum,Fusarium_oxysporum,UDB041458,SH1099032.09FU,reps,k__Fungi,OTU2882.p__Ascomycota.g__Fusarium
2758,OTU2883,401,1,215,819,462,684,54,134,1.37e-30,78.509,p__Fungi_phy_Incertae_sedis,c__Fungi_cls_Incertae_sedis,o__Fungi_ord_Incertae_sedis,f__Fungi_fam_Incertae_sedis,g__Fungi_gen_Incertae_sedis,s__Fungi_sp,Fungi_sp,UDB0751801,SH1204921.09FU,reps,k__Fungi,OTU2883.p__Fungi_phy_Incertae_sedis.g__Fungi_gen_Incertae_sedis
2759,OTU2884,248,1,187,441,258,441,75,259,1.29e-68,92.021,p__Fungi_phy_Incertae_sedis,c__Fungi_cls_Incertae_sedis,o__Fungi_ord_Incertae_sedis,f__Fungi_fam_Incertae_sedis,g__Fungi_gen_Incertae_sedis,s__Fungi_sp,Fungi_sp,UDB02171617,SH1170576.09FU,reps,k__Fungi,OTU2884.p__Fungi_phy_Incertae_sedis.g__Fungi_gen_Incertae_sedis
2760,OTU2885,319,272,317,1125,57,12,14,69.4,3.05e-11,93.478,p__Ascomycota,c__Sordariomycetes,o__Hypocreales,f__Nectriaceae,g__Fusarium,s__Fusarium_oxysporum,Fusarium_oxysporum,UDB041458,SH1099032.09FU,reps,k__Fungi,OTU2885.p__Ascomycota.g__Fusarium
2761,OTU2886,362,1,301,580,290,580,83,436,8.33e-122,93.421,p__Mortierellomycota,c__Mortierellomycetes,o__Mortierellales,f__Mortierellaceae,g__Mortierellaceae_gen_Incertae_sedis,s__Mortierellaceae_sp,Mortierellaceae_sp,UDB04940954,SH1216261.09FU,reps,k__Fungi,OTU2886.p__Mortierellomycota.g__Mortierellaceae_gen_Incertae_sedis
2762,OTU2887,343,1,282,564,282,564,82,516,9.81e-146,99.647,p__Basidiomycota,c__Geminibasidiomycetes,o__Geminibasidiales,f__Geminibasidiaceae,g__Geminibasidium,s__Geminibasidium_sp,Geminibasidium_sp,UDB02864412,SH1273336.09FU,reps,k__Fungi,OTU2887.p__Basidiomycota.g__Geminibasidium
2763,OTU2888,294,1,126,468,258,378,43,150,9.7e-36,88.976,p__Ascomycota,c__Dothideomycetes,o__Dothideomycetes_ord_Incertae_sedis,f__Nowamycetaceae,g__Nowamyces,s__Nowamyces_piperitae,Nowamyces_piperitae,MN161944,SH0983573.09FU,refs,k__Fungi,OTU2888.p__Ascomycota.g__Nowamyces
2764,OTU2890,284,1,223,487,265,487,79,412,1.08e-114,100,p__Ascomycota,c__Sordariomycetes,o__Hypocreales,f__Nectriaceae,g__Stephanonectria,s__Stephanonectria_keithii,Stephanonectria_keithii,UDB07579974,SH1077106.09FU,reps,k__Fungi,OTU2890.p__Ascomycota.g__Stephanonectria
2765,OTU2891,370,335,368,758,512,545,9,63.9,1.67e-09,100,p__Basidiomycota,c__Agaricomycetes,o__Auriculariales,f__Auriculariales_fam_Incertae_sedis,g__Auriculariales_gen_Incertae_sedis,s__Auriculariales_sp,Auriculariales_sp,JQ272342,SH0954825.09FU,reps,k__Fungi,OTU2891.p__Basidiomycota.g__Auriculariales_gen_Incertae_sedis
2766,OTU2892,247,1,193,394,202,394,78,351,2.06e-96,99.482,p__Basidiomycota,c__Tremellomycetes,o__Tremellales,f__Bulleribasidiaceae,g__Bulleribasidium,s__Bulleribasidium_variabile,Bulleribasidium_variabile,AF314965,SH1039876.09FU,refs,k__Fungi,OTU2892.p__Basidiomycota.g__Bulleribasidium
2767,OTU2893,306,1,249,503,244,503,81,182,3.59e-45,80.524,p__Basidiomycota,c__Exobasidiomycetes,o__Ceraceosorales,f__Ceraceosoraceae,g__Ceraceosorus,s__Ceraceosorus_bombacis,Ceraceosorus_bombacis,KT984944,SH0983355.09FU,reps,k__Fungi,OTU2893.p__Basidiomycota.g__Ceraceosorus
2768,OTU2894,355,320,353,758,512,545,10,63.9,1.59e-09,100,p__Basidiomycota,c__Agaricomycetes,o__Auriculariales,f__Auriculariales_fam_Incertae_sedis,g__Auriculariales_gen_Incertae_sedis,s__Auriculariales_sp,Auriculariales_sp,JQ272342,SH0954825.09FU,reps,k__Fungi,OTU2894.p__Basidiomycota.g__Auriculariales_gen_Incertae_sedis
2769,OTU2895,288,1,228,589,363,589,79,398,3.08e-110,98.246,p__Ascomycota,c__Eurotiomycetes,o__Chaetothyriales,f__Trichomeriaceae,g__Trichomerium,s__Trichomerium_eucalypti,Trichomerium_eucalypti,MG386068,SH2060804.09FU,refs_singleton,k__Fungi,OTU2895.p__Ascomycota.g__Trichomerium
2770,OTU2896,286,1,226,450,225,450,79,407,5.09e-113,99.115,p__Basidiomycota,c__Tremellomycetes,o__Tremellales,f__Cuniculitremaceae,g__Kockovaella,s__Kockovaella_prillingeri,Kockovaella_prillingeri,AJ608647,SH0997000.09FU,refs,k__Fungi,OTU2896.p__Basidiomycota.g__Kockovaella
2771,OTU2897,320,1,260,580,321,580,81,431,3.39e-120,96.538,p__Basidiomycota,c__Agaricomycetes,o__Agaricomycetes_ord_Incertae_sedis,f__Agaricomycetes_fam_Incertae_sedis,g__Agaricomycetes_gen_Incertae_sedis,s__Agaricomycetes_sp,Agaricomycetes_sp,UDB0780141,SH0891787.09FU,reps,k__Fungi,OTU2897.p__Basidiomycota.g__Agaricomycetes_gen_Incertae_sedis
2772,OTU2898,293,1,209,523,298,500,71,254,7.16e-67,88.995,p__Ascomycota,c__Eurotiomycetes,o__Chaetothyriales,f__Chaetothyriaceae,g__Aphanophora,s__Aphanophora_eugeniae,Aphanophora_eugeniae,FJ839617,SH1778392.09FU,refs_singleton,k__Fungi,OTU2898.p__Ascomycota.g__Aphanophora
2773,OTU2899,271,1,158,510,297,452,58,196,1.13e-49,89.241,p__Ascomycota,c__Eurotiomycetes,o__Chaetothyriales,f__Chaetothyriaceae,g__Chaetothyriaceae_gen_Incertae_sedis,s__Chaetothyriaceae_sp,Chaetothyriaceae_sp,UDB0195566,SH0891967.09FU,reps,k__Fungi,OTU2899.p__Ascomycota.g__Chaetothyriaceae_gen_Incertae_sedis
2774,OTU2900,288,1,228,449,222,449,79,411,3.96e-114,99.123,p__Basidiomycota,c__Tremellomycetes,o__Tremellales,f__Tremellaceae,g__Tremella,s__Tremella_sp,Tremella_sp,UDB06399417,SH1036209.09FU,reps,k__Fungi,OTU2900.p__Basidiomycota.g__Tremella
2775,OTU2901,423,1,362,628,265,628,86,660,0,99.451,p__Mortierellomycota,c__Mortierellomycetes,o__Mortierellales,f__Mortierellales_fam_Incertae_sedis,g__Mortierellales_gen_Incertae_sedis,s__Mortierellales_sp,Mortierellales_sp,UDB04950261,SH1027623.09FU,reps,k__Fungi,OTU2901.p__Mortierellomycota.g__Mortierellales_gen_Incertae_sedis
2776,OTU2902,260,2,220,469,250,467,84,375,1.29e-103,97.717,p__Ascomycota,c__Dothideomycetes,o__Mycosphaerellales,f__Mycosphaerellaceae,g__Septoria,s__Septoria_steviae,Septoria_steviae,MH532394,SH3228727.09FU,refs,k__Fungi,OTU2902.p__Ascomycota.g__Septoria
2777,OTU2903,348,291,343,581,474,527,15,60.2,2.02e-08,87.037,p__Ascomycota,c__Leotiomycetes,o__Helotiales,f__Dermateaceae,g__Pezicula,s__Pezicula_radicicola,Pezicula_radicicola,FJ179465,SH0975489.09FU,reps,k__Fungi,OTU2903.p__Ascomycota.g__Pezicula
2778,OTU2904,339,281,337,1125,68,12,17,84.2,1.16e-15,92.982,p__Ascomycota,c__Sordariomycetes,o__Hypocreales,f__Nectriaceae,g__Fusarium,s__Fusarium_oxysporum,Fusarium_oxysporum,UDB041458,SH1099032.09FU,reps,k__Fungi,OTU2904.p__Ascomycota.g__Fusarium
2779,OTU2905,323,1,140,524,263,404,43,111,5.07e-24,81.25,p__Aphelidiomycota,c__Aphelidiomycota_cls_Incertae_sedis,o__Aphelidiomycota_ord_Incertae_sedis,f__Aphelidiomycota_fam_Incertae_sedis,g__Aphelidiomycota_gen_Incertae_sedis,s__Aphelidiomycota_sp,Aphelidiomycota_sp,UDB01170785,SH1315557.09FU,reps,k__Fungi,OTU2905.p__Aphelidiomycota.g__Aphelidiomycota_gen_Incertae_sedis
2780,OTU2906,361,322,359,758,508,545,11,65.8,4.51e-10,97.368,p__Basidiomycota,c__Agaricomycetes,o__Auriculariales,f__Auriculariales_fam_Incertae_sedis,g__Auriculariales_gen_Incertae_sedis,s__Auriculariales_sp,Auriculariales_sp,JQ272342,SH0954825.09FU,reps,k__Fungi,OTU2906.p__Basidiomycota.g__Auriculariales_gen_Incertae_sedis
2781,OTU2907,393,354,391,758,508,545,10,71.3,1.06e-11,100,p__Basidiomycota,c__Agaricomycetes,o__Auriculariales,f__Auriculariales_fam_Incertae_sedis,g__Auriculariales_gen_Incertae_sedis,s__Auriculariales_sp,Auriculariales_sp,JQ272342,SH0954825.09FU,reps,k__Fungi,OTU2907.p__Basidiomycota.g__Auriculariales_gen_Incertae_sedis
2782,OTU2908,312,267,310,1125,55,12,14,71.3,8.29e-12,95.455,p__Ascomycota,c__Sordariomycetes,o__Hypocreales,f__Nectriaceae,g__Fusarium,s__Fusarium_oxysporum,Fusarium_oxysporum,UDB041458,SH1099032.09FU,reps,k__Fungi,OTU2908.p__Ascomycota.g__Fusarium
2783,OTU2910,342,303,340,758,507,545,11,65.8,4.26e-10,97.436,p__Basidiomycota,c__Agaricomycetes,o__Auriculariales,f__Auriculariales_fam_Incertae_sedis,g__Auriculariales_gen_Incertae_sedis,s__Auriculariales_sp,Auriculariales_sp,JQ272342,SH0954825.09FU,reps,k__Fungi,OTU2910.p__Basidiomycota.g__Auriculariales_gen_Incertae_sedis
2784,OTU2913,326,1,267,597,331,597,82,488,2.02e-137,99.625,p__Ascomycota,c__Saccharomycetes,o__Saccharomycetales,f__Saccharomycetaceae,g__Lachancea,s__Lachancea_kluyveri,Lachancea_kluyveri,AB037401,SH1271987.09FU,refs,k__Fungi,OTU2913.p__Ascomycota.g__Lachancea
2785,OTU2915,287,1,226,468,245,468,79,339,1.89e-92,93.805,p__Ascomycota,c__Sordariomycetes,o__Magnaporthales,f__Magnaporthaceae,g__Falciphoriella,s__Falciphoriella_sp,Falciphoriella_sp,UDB02024608,SH0933256.09FU,reps,k__Fungi,OTU2915.p__Ascomycota.g__Falciphoriella
2786,OTU2916,366,1,308,659,353,659,84,268,3.25e-71,82.524,p__Aphelidiomycota,c__Aphelidiomycota_cls_Incertae_sedis,o__Aphelidiomycota_ord_Incertae_sedis,f__Aphelidiomycota_fam_Incertae_sedis,g__Aphelidiomycota_gen_Incertae_sedis,s__Aphelidiomycota_sp,Aphelidiomycota_sp,UDB01170934,SH1200241.09FU,reps,k__Fungi,OTU2916.p__Aphelidiomycota.g__Aphelidiomycota_gen_Incertae_sedis
2787,OTU2917,327,1,196,547,263,465,60,113,1.43e-24,77.885,p__Chytridiomycota,c__Rhizophydiomycetes,o__Rhizophydiales,f__Alphamycetaceae,g__Betamyces,s__Betamyces_sp,Betamyces_sp,UDB01509671,SH1087206.09FU,reps,k__Fungi,OTU2917.p__Chytridiomycota.g__Betamyces
2788,OTU2918,290,57,282,449,449,224,78,390,5.17e-108,97.788,p__Ascomycota,c__Dothideomycetes,o__Pleosporales,f__Amniculicolaceae,g__Murispora,s__Murispora_kazachstanica,Murispora_kazachstanica,MZ996880,SH0969960.09FU,refs,k__Fungi,OTU2918.p__Ascomycota.g__Murispora
2789,OTU2919,344,254,336,521,321,239,24,121,9.02e-27,92.771,p__Chytridiomycota,c__Rhizophydiomycetes,o__Rhizophydiales,f__Rhizophydiales_fam_Incertae_sedis,g__Rhizophydiales_gen_Incertae_sedis,s__Rhizophydiales_sp,Rhizophydiales_sp,UDB06468529,SH0960738.09FU,reps,k__Fungi,OTU2919.p__Chytridiomycota.g__Rhizophydiales_gen_Incertae_sedis
2790,OTU2920,305,260,303,1125,55,12,14,71.3,8.09e-12,95.455,p__Ascomycota,c__Sordariomycetes,o__Hypocreales,f__Nectriaceae,g__Fusarium,s__Fusarium_oxysporum,Fusarium_oxysporum,UDB041458,SH1099032.09FU,reps,k__Fungi,OTU2920.p__Ascomycota.g__Fusarium
2791,OTU2921,261,1,197,472,269,465,75,298,2.89e-80,93.909,p__Ascomycota,c__Sordariomycetes,o__Sordariales,f__Neoschizotheciaceae,g__Neoschizothecium,s__Neoschizothecium_selenosporum,Neoschizothecium_selenosporum,MK926849,SH0965431.09FU,refs,k__Fungi,OTU2921.p__Ascomycota.g__Neoschizothecium
2792,OTU2922,360,1,294,483,194,483,82,462,1.37e-129,95.302,p__Glomeromycota,c__Glomeromycetes,o__Glomerales,f__Claroideoglomeraceae,g__Claroideoglomus,s__Claroideoglomus_sp,Claroideoglomus_sp,UDB03120009,SH1080297.09FU,reps,k__Fungi,OTU2922.p__Glomeromycota.g__Claroideoglomus
2793,OTU2923,413,1,346,719,350,716,84,359,2.14e-98,85.405,p__Chytridiomycota,c__Cladochytriomycetes,o__Cladochytriales,f__Cladochytriales_fam_Incertae_sedis,g__Cladochytriales_gen_Incertae_sedis,s__Cladochytriales_sp,Cladochytriales_sp,UDB02678023,SH1114690.09FU,reps,k__Fungi,OTU2923.p__Chytridiomycota.g__Cladochytriales_gen_Incertae_sedis
2794,OTU2924,351,1,291,573,283,573,83,532,9.99e-151,99.656,p__Mortierellomycota,c__Mortierellomycetes,o__Mortierellales,f__Mortierellaceae,g__Necromortierella,s__Necromortierella_dichotoma,Necromortierella_dichotoma,HQ630316,SH1299108.09FU,refs,k__Fungi,OTU2924.p__Mortierellomycota.g__Necromortierella
2795,OTU2925,426,1,367,635,269,635,86,662,0,99.183,p__Zoopagomycota,c__Zoopagomycetes,o__Zoopagales,f__Piptocephalidaceae,g__Syncephalis,s__Syncephalis_sp,Syncephalis_sp,UDB07664329,SH1050701.09FU,reps,k__Fungi,OTU2925.p__Zoopagomycota.g__Syncephalis
2796,OTU2926,327,1,267,631,365,631,82,488,2.03e-137,99.625,p__Basidiomycota,c__Agaricomycetes,o__Agaricales,f__Psathyrellaceae,g__Parasola,s__Parasola_setulosa,Parasola_setulosa,HQ847030,SH1252270.09FU,reps,k__Fungi,OTU2926.p__Basidiomycota.g__Parasola
2797,OTU2927,344,309,342,758,512,545,10,63.9,1.54e-09,100,p__Basidiomycota,c__Agaricomycetes,o__Auriculariales,f__Auriculariales_fam_Incertae_sedis,g__Auriculariales_gen_Incertae_sedis,s__Auriculariales_sp,Auriculariales_sp,JQ272342,SH0954825.09FU,reps,k__Fungi,OTU2927.p__Basidiomycota.g__Auriculariales_gen_Incertae_sedis
2798,OTU2928,269,1,206,489,279,485,77,326,1.37e-88,95.169,p__Ascomycota,c__Sordariomycetes,o__Coniochaetales,f__Coniochaetaceae,g__Lecythophora,s__Lecythophora_sp,Lecythophora_sp,UDB02757112,SH0906050.09FU,reps,k__Fungi,OTU2928.p__Ascomycota.g__Lecythophora
2799,OTU2929,297,1,236,476,242,476,79,424,5.23e-118,99.153,p__Ascomycota,c__Sordariomycetes,o__Sordariomycetes_ord_Incertae_sedis,f__Sordariomycetes_fam_Incertae_sedis,g__Sordariomycetes_gen_Incertae_sedis,s__Sordariomycetes_sp,Sordariomycetes_sp,UDB0862306,SH0941087.09FU,reps,k__Fungi,OTU2929.p__Ascomycota.g__Sordariomycetes_gen_Incertae_sedis
2800,OTU2930,301,1,240,503,264,503,80,438,1.9e-122,99.583,p__Ascomycota,c__Sordariomycetes,o__Xylariales,f__Xylariales_fam_Incertae_sedis,g__Xylariales_gen_Incertae_sedis,s__Xylariales_sp,Xylariales_sp,UDB07531373,SH1004629.09FU,reps,k__Fungi,OTU2930.p__Ascomycota.g__Xylariales_gen_Incertae_sedis
2801,OTU2931,352,289,337,1236,48,1,14,67.6,1.22e-10,91.837,p__Basidiomycota,c__Agaricomycetes,o__Agaricales,f__Inocybaceae,g__Inocybe,s__Inocybe_sp,Inocybe_sp,UDB0349047,SH1190075.09FU,reps,k__Fungi,OTU2931.p__Basidiomycota.g__Inocybe
2802,OTU2932,257,1,214,463,250,463,83,379,9.86e-105,98.598,p__Ascomycota,c__Dothideomycetes,o__Mycosphaerellales,f__Mycosphaerellaceae,g__Cercosporidium,s__Cercosporidium_californicum,Cercosporidium_californicum,HQ728116,SH1712304.09FU,refs,k__Fungi,OTU2932.p__Ascomycota.g__Cercosporidium
2803,OTU2933,288,59,280,432,432,211,77,399,8.58e-111,99.099,p__Ascomycota,c__Sordariomycetes,o__Sordariales,f__Chaetomiaceae,g__Chaetomiaceae_gen_Incertae_sedis,s__Chaetomiaceae_sp,Chaetomiaceae_sp,UDB01731267,SH0997486.09FU,reps,k__Fungi,OTU2933.p__Ascomycota.g__Chaetomiaceae_gen_Incertae_sedis
2804,OTU2934,221,1,163,401,239,401,74,302,1.86e-81,100,p__Fungi_phy_Incertae_sedis,c__Fungi_cls_Incertae_sedis,o__Fungi_ord_Incertae_sedis,f__Fungi_fam_Incertae_sedis,g__Fungi_gen_Incertae_sedis,s__Fungi_sp,Fungi_sp,UDB02172965,SH1105074.09FU,reps,k__Fungi,OTU2934.p__Fungi_phy_Incertae_sedis.g__Fungi_gen_Incertae_sedis
2805,OTU2935,326,1,95,564,304,396,29,119,3.06e-26,89.474,p__Mucoromycota,c__Endogonomycetes,o__Endogonomycetes_ord_Incertae_sedis,f__Endogonomycetes_fam_Incertae_sedis,g__Endogonomycetes_gen_Incertae_sedis,s__Endogonomycetes_sp,Endogonomycetes_sp,UDB05309327,SH1321962.09FU,reps,k__Fungi,OTU2935.p__Mucoromycota.g__Endogonomycetes_gen_Incertae_sedis
2806,OTU2936,278,1,218,501,284,501,78,403,6.38e-112,100,p__Ascomycota,c__Sordariomycetes,o__Xylariales,f__Diatrypaceae,g__Peroneutypa,s__Peroneutypa_scoparia,Peroneutypa_scoparia,MW448609,SH0882591.09FU,reps,k__Fungi,OTU2936.p__Ascomycota.g__Peroneutypa
2807,OTU2937,340,1,275,589,309,584,81,398,3.67e-110,92.806,p__Ascomycota,c__Ascomycota_cls_Incertae_sedis,o__Ascomycota_ord_Incertae_sedis,f__Ascomycota_fam_Incertae_sedis,g__Ascomycota_gen_Incertae_sedis,s__Ascomycota_sp,Ascomycota_sp,UDB01404931,SH1119861.09FU,reps,k__Fungi,OTU2937.p__Ascomycota.g__Ascomycota_gen_Incertae_sedis
2808,OTU2938,378,1,261,646,332,589,69,302,3.32e-81,87.786,p__Mucoromycota,c__Mucoromycetes,o__Mucorales,f__Mucoraceae,g__Mucoraceae_gen_Incertae_sedis,s__Mucoraceae_sp,Mucoraceae_sp,UDB04988338,SH1197553.09FU,reps,k__Fungi,OTU2938.p__Mucoromycota.g__Mucoraceae_gen_Incertae_sedis
2809,OTU2939,413,355,411,1228,559,503,14,73.1,3.12e-12,89.474,p__Basidiomycota,c__Agaricomycetes,o__Agaricales,f__Psathyrellaceae,g__Lacrymaria,s__Lacrymaria_glareosa,Lacrymaria_glareosa,UDB073985,SH1319901.09FU,reps,k__Fungi,OTU2939.p__Basidiomycota.g__Lacrymaria
2810,OTU2940,281,1,241,537,298,530,86,278,4.08e-74,88.066,p__Ascomycota,c__Eurotiomycetes,o__Chaetothyriales,f__Chaetothyriaceae,g__Longihyalospora,s__Longihyalospora_ampeli,Longihyalospora_ampeli,MN219716,SH1158568.09FU,refs,k__Fungi,OTU2940.p__Ascomycota.g__Longihyalospora
2811,OTU2941,340,293,338,1125,57,12,14,69.4,3.27e-11,93.478,p__Ascomycota,c__Sordariomycetes,o__Hypocreales,f__Nectriaceae,g__Fusarium,s__Fusarium_oxysporum,Fusarium_oxysporum,UDB041458,SH1099032.09FU,reps,k__Fungi,OTU2941.p__Ascomycota.g__Fusarium
2812,OTU2942,280,1,220,479,260,479,79,407,4.97e-113,100,p__Ascomycota,c__Sordariomycetes,o__Hypocreales,f__Nectriaceae,g__Bisifusarium,s__Bisifusarium_delphinoides,Bisifusarium_delphinoides,EU926229,SH0968959.09FU,refs,k__Fungi,OTU2942.p__Ascomycota.g__Bisifusarium
2813,OTU2943,273,1,227,477,251,477,83,392,1.35e-108,97.797,p__Ascomycota,c__Dothideomycetes,o__Pleosporales,f__Didymellaceae,g__Ascochyta,s__Ascochyta_manawaorae,Ascochyta_manawaorae,GU230751,SH0992996.09FU,reps,k__Fungi,OTU2943.p__Ascomycota.g__Ascochyta
2814,OTU2944,333,286,331,1125,57,12,14,69.4,3.2e-11,93.478,p__Ascomycota,c__Sordariomycetes,o__Hypocreales,f__Nectriaceae,g__Fusarium,s__Fusarium_oxysporum,Fusarium_oxysporum,UDB041458,SH1099032.09FU,reps,k__Fungi,OTU2944.p__Ascomycota.g__Fusarium
2815,OTU2945,347,300,345,1125,57,12,13,69.4,3.34e-11,93.478,p__Ascomycota,c__Sordariomycetes,o__Hypocreales,f__Nectriaceae,g__Fusarium,s__Fusarium_oxysporum,Fusarium_oxysporum,UDB041458,SH1099032.09FU,reps,k__Fungi,OTU2945.p__Ascomycota.g__Fusarium
2816,OTU2946,265,1,205,472,268,472,77,340,4.81e-93,96.585,p__Ascomycota,c__Dothideomycetes,o__Pleosporales,f__Lentitheciaceae,g__Keissleriella,s__Keissleriella_trichophoricola,Keissleriella_trichophoricola,KJ869113,SH1388161.09FU,refs_singleton,k__Fungi,OTU2946.p__Ascomycota.g__Keissleriella
2817,OTU2947,287,1,227,549,323,549,79,359,1.45e-98,95.154,p__Ascomycota,c__Pezizomycetes,o__Pezizales,f__Pyronemataceae,g__Sporendonema,s__Sporendonema_purpurascens,Sporendonema_purpurascens,GQ272631,SH1089659.09FU,reps,k__Fungi,OTU2947.p__Ascomycota.g__Sporendonema
2818,OTU2948,272,1,212,474,263,474,78,392,1.35e-108,100,p__Ascomycota,c__Dothideomycetes,o__Pleosporales,f__Periconiaceae,g__Periconia,s__Periconia_chimonanthi,Periconia_chimonanthi,MW448660,SH0949693.09FU,refs,k__Fungi,OTU2948.p__Ascomycota.g__Periconia
2819,OTU2951,314,1,253,565,311,565,81,442,1.54e-123,98.039,p__Basidiomycota,c__Agaricomycetes,o__Agaricales,f__Pluteaceae,g__Pluteus,s__Pluteus_sp,Pluteus_sp,UDB05069452,SH0962034.09FU,reps,k__Fungi,OTU2951.p__Basidiomycota.g__Pluteus
2820,OTU2952,346,299,341,581,484,527,12,58.4,7.22e-08,90.909,p__Ascomycota,c__Leotiomycetes,o__Helotiales,f__Dermateaceae,g__Pezicula,s__Pezicula_radicicola,Pezicula_radicicola,FJ179465,SH0975489.09FU,reps,k__Fungi,OTU2952.p__Ascomycota.g__Pezicula
2821,OTU2954,373,318,371,849,484,431,14,73.1,2.79e-12,90.741,p__Ascomycota,c__GS35,o__GS35_ord_Incertae_sedis,f__GS35_fam_Incertae_sedis,g__GS35_gen_Incertae_sedis,s__GS35_sp,GS35_sp,UDB097091,SH1322839.09FU,reps,k__Fungi,OTU2954.p__Ascomycota.g__GS35_gen_Incertae_sedis
2822,OTU2955,325,1,260,568,310,568,80,401,2.7e-111,94.677,p__Glomeromycota,c__Glomeromycetes,o__Glomerales,f__Glomeraceae,g__Glomus,s__Glomus_sp,Glomus_sp,UDB03150964,SH1301017.09FU,reps,k__Fungi,OTU2955.p__Glomeromycota.g__Glomus
2823,OTU2956,296,1,236,528,292,528,80,431,3.12e-120,99.578,p__Ascomycota,c__Pezizomycetes,o__Pezizales,f__Pezizaceae,g__Iodophanus,s__Iodophanus_carneus,Iodophanus_carneus,UDB02163940,SH0898371.09FU,reps,k__Fungi,OTU2956.p__Ascomycota.g__Iodophanus
2824,OTU2957,343,285,341,1125,68,12,17,67.6,1.19e-10,87.719,p__Ascomycota,c__Sordariomycetes,o__Hypocreales,f__Nectriaceae,g__Fusarium,s__Fusarium_oxysporum,Fusarium_oxysporum,UDB041458,SH1099032.09FU,reps,k__Fungi,OTU2957.p__Ascomycota.g__Fusarium
2825,OTU2958,305,1,245,530,287,530,80,435,2.49e-121,98.78,p__Ascomycota,c__Sordariomycetes,o__Microascales,f__Microascaceae,g__Scopulariopsis,s__Scopulariopsis_candida,Scopulariopsis_candida,LM652484,SH1070223.09FU,refs,k__Fungi,OTU2958.p__Ascomycota.g__Scopulariopsis
2826,OTU2959,364,286,356,461,307,237,20,71.3,9.79e-12,85.135,p__Ascomycota,c__Ascomycota_cls_Incertae_sedis,o__Ascomycota_ord_Incertae_sedis,f__Ascomycota_fam_Incertae_sedis,g__Ascomycota_gen_Incertae_sedis,s__Ascomycota_sp,Ascomycota_sp,UDB01377393,SH1148388.09FU,reps,k__Fungi,OTU2959.p__Ascomycota.g__Ascomycota_gen_Incertae_sedis
2827,OTU2960,425,57,416,628,628,266,85,645,0,98.898,p__Ascomycota,c__Sordariomycetes,o__Xylariales,f__Microdochiaceae,g__Idriella,s__Idriella_sp,Idriella_sp,UDB03590469,SH1265368.09FU,reps,k__Fungi,OTU2960.p__Ascomycota.g__Idriella
2828,OTU2961,313,256,308,581,474,527,17,54.7,8.38e-07,85.185,p__Ascomycota,c__Leotiomycetes,o__Helotiales,f__Dermateaceae,g__Pezicula,s__Pezicula_radicicola,Pezicula_radicicola,FJ179465,SH0975489.09FU,reps,k__Fungi,OTU2961.p__Ascomycota.g__Pezicula
2829,OTU2962,286,1,211,515,295,498,74,261,4.19e-69,89.767,p__Ascomycota,c__Eurotiomycetes,o__Onygenales,f__Gymnoascaceae,g__Gymnoascus,s__Gymnoascus_petalosporus,Gymnoascus_petalosporus,AB361639,SH1281029.09FU,reps,k__Fungi,OTU2962.p__Ascomycota.g__Gymnoascus
2830,OTU2963,413,357,411,1125,66,12,13,69.4,4.03e-11,89.091,p__Ascomycota,c__Sordariomycetes,o__Hypocreales,f__Nectriaceae,g__Fusarium,s__Fusarium_oxysporum,Fusarium_oxysporum,UDB041458,SH1099032.09FU,reps,k__Fungi,OTU2963.p__Ascomycota.g__Fusarium
2831,OTU2964,266,1,213,512,300,512,80,350,8.03e-96,96.244,p__Ascomycota,c__Sordariomycetes,o__Sordariales,f__Sordariaceae,g__Neurospora,s__Neurospora_cratophora,Neurospora_cratophora,MH862487,SH2149446.09FU,refs,k__Fungi,OTU2964.p__Ascomycota.g__Neurospora
2832,OTU2965,373,334,371,758,508,545,10,65.8,4.68e-10,97.368,p__Basidiomycota,c__Agaricomycetes,o__Auriculariales,f__Auriculariales_fam_Incertae_sedis,g__Auriculariales_gen_Incertae_sedis,s__Auriculariales_sp,Auriculariales_sp,JQ272342,SH0954825.09FU,reps,k__Fungi,OTU2965.p__Basidiomycota.g__Auriculariales_gen_Incertae_sedis
2833,OTU2966,357,300,352,581,474,527,15,60.2,2.08e-08,87.037,p__Ascomycota,c__Leotiomycetes,o__Helotiales,f__Dermateaceae,g__Pezicula,s__Pezicula_radicicola,Pezicula_radicicola,FJ179465,SH0975489.09FU,reps,k__Fungi,OTU2966.p__Ascomycota.g__Pezicula
2834,OTU2967,364,1,99,568,320,416,27,143,2.05e-33,92.929,p__Ascomycota,c__Ascomycota_cls_Incertae_sedis,o__Ascomycota_ord_Incertae_sedis,f__Ascomycota_fam_Incertae_sedis,g__Ascomycota_gen_Incertae_sedis,s__Ascomycota_sp,Ascomycota_sp,UDB01357030,SH0895936.09FU,reps,k__Fungi,OTU2967.p__Ascomycota.g__Ascomycota_gen_Incertae_sedis
2835,OTU2968,345,289,340,581,475,527,15,52.8,3.35e-06,84.906,p__Ascomycota,c__Leotiomycetes,o__Helotiales,f__Dermateaceae,g__Pezicula,s__Pezicula_radicicola,Pezicula_radicicola,FJ179465,SH0975489.09FU,reps,k__Fungi,OTU2968.p__Ascomycota.g__Pezicula
2836,OTU2969,322,1,261,607,345,607,81,379,1.25e-104,92.803,p__Basidiomycota,c__Agaricomycetes,o__Agaricales,f__Entolomataceae,g__Entoloma,s__Entoloma_sp,Entoloma_sp,UDB05327210,SH1167482.09FU,reps,k__Fungi,OTU2969.p__Basidiomycota.g__Entoloma
2837,OTU2970,276,1,198,527,306,507,72,270,6.7e-72,91.089,p__Ascomycota,c__Eurotiomycetes,o__Chaetothyriales,f__Herpotrichiellaceae,g__Herpotrichiellaceae_gen_Incertae_sedis,s__Herpotrichiellaceae_sp,Herpotrichiellaceae_sp,UDB03382504,SH1145147.09FU,reps,k__Fungi,OTU2970.p__Ascomycota.g__Herpotrichiellaceae_gen_Incertae_sedis
2838,OTU2971,367,328,365,758,508,545,10,71.3,9.88e-12,100,p__Basidiomycota,c__Agaricomycetes,o__Auriculariales,f__Auriculariales_fam_Incertae_sedis,g__Auriculariales_gen_Incertae_sedis,s__Auriculariales_sp,Auriculariales_sp,JQ272342,SH0954825.09FU,reps,k__Fungi,OTU2971.p__Basidiomycota.g__Auriculariales_gen_Incertae_sedis
2839,OTU2972,285,1,224,519,296,519,79,398,3.05e-110,98.661,p__Ascomycota,c__Eurotiomycetes,o__Onygenales,f__Onygenales_fam_Incertae_sedis,g__Onygenales_gen_Incertae_sedis,s__Onygenales_sp,Onygenales_sp,UDB02502910,SH0916328.09FU,reps,k__Fungi,OTU2972.p__Ascomycota.g__Onygenales_gen_Incertae_sedis
2840,OTU2973,339,1,122,688,377,510,36,126,1.91e-28,85.185,p__Chytridiomycota,c__Cladochytriomycetes,o__Cladochytriales,f__Endochytriaceae,g__Endochytrium,s__Endochytrium_sp,Endochytrium_sp,MT730749,SH1200379.09FU,reps,k__Fungi,OTU2973.p__Chytridiomycota.g__Endochytrium
2841,OTU2974,341,294,339,1125,57,12,13,69.4,3.28e-11,93.478,p__Ascomycota,c__Sordariomycetes,o__Hypocreales,f__Nectriaceae,g__Fusarium,s__Fusarium_oxysporum,Fusarium_oxysporum,UDB041458,SH1099032.09FU,reps,k__Fungi,OTU2974.p__Ascomycota.g__Fusarium
2842,OTU2975,272,1,211,455,245,455,78,357,4.92e-98,97.156,p__Ascomycota,c__Dothideomycetes,o__Pleosporales,f__Phaeosphaeriaceae,g__Phaeosphaeria,s__Phaeosphaeria_sp,Phaeosphaeria_sp,UDB04496172,SH0942264.09FU,reps,k__Fungi,OTU2975.p__Ascomycota.g__Phaeosphaeria
2843,OTU2976,327,280,325,1125,57,12,14,69.4,3.14e-11,93.478,p__Ascomycota,c__Sordariomycetes,o__Hypocreales,f__Nectriaceae,g__Fusarium,s__Fusarium_oxysporum,Fusarium_oxysporum,UDB041458,SH1099032.09FU,reps,k__Fungi,OTU2976.p__Ascomycota.g__Fusarium
2844,OTU2977,361,306,359,849,485,431,15,73.1,2.7e-12,90.909,p__Ascomycota,c__GS35,o__GS35_ord_Incertae_sedis,f__GS35_fam_Incertae_sedis,g__GS35_gen_Incertae_sedis,s__GS35_sp,GS35_sp,UDB097091,SH1322839.09FU,reps,k__Fungi,OTU2977.p__Ascomycota.g__GS35_gen_Incertae_sedis
2845,OTU2978,340,293,338,1125,57,12,14,69.4,3.27e-11,93.478,p__Ascomycota,c__Sordariomycetes,o__Hypocreales,f__Nectriaceae,g__Fusarium,s__Fusarium_oxysporum,Fusarium_oxysporum,UDB041458,SH1099032.09FU,reps,k__Fungi,OTU2978.p__Ascomycota.g__Fusarium
2846,OTU2979,336,280,331,581,475,527,15,58.4,6.99e-08,86.792,p__Ascomycota,c__Leotiomycetes,o__Helotiales,f__Dermateaceae,g__Pezicula,s__Pezicula_radicicola,Pezicula_radicicola,FJ179465,SH0975489.09FU,reps,k__Fungi,OTU2979.p__Ascomycota.g__Pezicula
2847,OTU2980,313,1,267,474,211,474,85,412,1.2e-114,94.776,p__Basidiomycota,c__Agaricomycetes,o__Agaricales,f__Psathyrellaceae,g__Coprinopsis,s__Coprinopsis_babosiae,Coprinopsis_babosiae,FN396128,SH1204427.09FU,refs,k__Fungi,OTU2980.p__Basidiomycota.g__Coprinopsis
2848,OTU2981,257,1,207,478,274,478,81,320,6.06e-87,94.686,p__Ascomycota,c__Dothideomycetes,o__Pleosporales,f__Phaeosphaeriaceae,g__Paraphoma,s__Paraphoma_ledniceana,Paraphoma_ledniceana,MT371091,SH1486987.09FU,refs,k__Fungi,OTU2981.p__Ascomycota.g__Paraphoma
2849,OTU2982,323,1,263,481,209,481,81,368,2.72e-101,91.697,p__Glomeromycota,c__Glomeromycetes,o__Glomerales,f__Claroideoglomeraceae,g__Claroideoglomus,s__Claroideoglomus_sp,Claroideoglomus_sp,UDB03119817,SH0964075.09FU,reps,k__Fungi,OTU2982.p__Glomeromycota.g__Claroideoglomus
2850,OTU2983,303,258,301,1125,55,12,15,71.3,8.03e-12,95.455,p__Ascomycota,c__Sordariomycetes,o__Hypocreales,f__Nectriaceae,g__Fusarium,s__Fusarium_oxysporum,Fusarium_oxysporum,UDB041458,SH1099032.09FU,reps,k__Fungi,OTU2983.p__Ascomycota.g__Fusarium
2851,OTU2984,338,58,336,597,597,319,83,505,2.09e-142,99.283,p__Basidiomycota,c__Agaricomycetes,o__Agaricales,f__Psathyrellaceae,g__Coprinellus,s__Coprinellus_alkalinus,Coprinellus_alkalinus,UDB035290,SH1207641.09FU,refs,k__Fungi,OTU2984.p__Basidiomycota.g__Coprinellus
2852,OTU2985,288,59,279,427,427,207,77,392,1.44e-108,98.643,p__Ascomycota,c__Sordariomycetes,o__Sordariales,f__Chaetomiaceae,g__Zopfiella,s__Zopfiella_sp,Zopfiella_sp,UDB07627973,SH1039525.09FU,reps,k__Fungi,OTU2985.p__Ascomycota.g__Zopfiella
2853,OTU2986,384,305,375,461,307,237,18,71.3,1.04e-11,85.135,p__Ascomycota,c__Ascomycota_cls_Incertae_sedis,o__Ascomycota_ord_Incertae_sedis,f__Ascomycota_fam_Incertae_sedis,g__Ascomycota_gen_Incertae_sedis,s__Ascomycota_sp,Ascomycota_sp,UDB01377393,SH1148388.09FU,reps,k__Fungi,OTU2986.p__Ascomycota.g__Ascomycota_gen_Incertae_sedis
2854,OTU2987,258,1,215,460,248,460,83,241,4.88e-63,87.156,p__Ascomycota,c__Dothideomycetes,o__Mycosphaerellales,f__Mycosphaerellaceae,g__Mycosphaerella,s__Mycosphaerella_sp,Mycosphaerella_sp,JX981509,SH0995183.09FU,reps,k__Fungi,OTU2987.p__Ascomycota.g__Mycosphaerella
2855,OTU2988,326,1,215,545,276,489,66,274,6.17e-73,90,p__Fungi_phy_Incertae_sedis,c__Fungi_cls_Incertae_sedis,o__Fungi_ord_Incertae_sedis,f__Fungi_fam_Incertae_sedis,g__Fungi_gen_Incertae_sedis,s__Fungi_sp,Fungi_sp,UDB0750548,SH0934977.09FU,reps,k__Fungi,OTU2988.p__Fungi_phy_Incertae_sedis.g__Fungi_gen_Incertae_sedis
2856,OTU2989,261,1,201,461,261,461,77,372,1.68e-102,100,p__Ascomycota,c__Leotiomycetes,o__Helotiales,f__Sclerotiniaceae,g__Botrytis,s__Botrytis_caroliniana,Botrytis_caroliniana,KC171350,SH0986633.09FU,refs,k__Fungi,OTU2989.p__Ascomycota.g__Botrytis
2857,OTU2990,246,1,186,409,220,409,76,270,5.9e-72,92.632,p__Ascomycota,c__Dothideomycetes,o__Dothideomycetes_ord_Incertae_sedis,f__Dothideomycetes_fam_Incertae_sedis,g__Dothideomycetes_gen_Incertae_sedis,s__Dothideomycetes_sp,Dothideomycetes_sp,KT987434,SH1035884.09FU,reps,k__Fungi,OTU2990.p__Ascomycota.g__Dothideomycetes_gen_Incertae_sedis
2858,OTU2991,393,358,391,758,512,545,9,63.9,1.78e-09,100,p__Basidiomycota,c__Agaricomycetes,o__Auriculariales,f__Auriculariales_fam_Incertae_sedis,g__Auriculariales_gen_Incertae_sedis,s__Auriculariales_sp,Auriculariales_sp,JQ272342,SH0954825.09FU,reps,k__Fungi,OTU2991.p__Basidiomycota.g__Auriculariales_gen_Incertae_sedis
2859,OTU2992,266,1,145,491,283,425,55,222,1.83e-57,94.483,p__Ascomycota,c__Dothideomycetes,o__Mycosphaerellales,f__Mycosphaerellaceae,g__Lecanosticta,s__Lecanosticta_guatemalensis,Lecanosticta_guatemalensis,MK015216,SH0963632.09FU,reps,k__Fungi,OTU2992.p__Ascomycota.g__Lecanosticta
2860,OTU2993,343,1,282,599,318,599,82,516,9.81e-146,99.645,p__Basidiomycota,c__Agaricomycetes,o__Russulales,f__Russulaceae,g__Russula,s__Russula_sp,Russula_sp,UDB05982451,SH1195289.09FU,reps,k__Fungi,OTU2993.p__Basidiomycota.g__Russula
2861,OTU2994,273,1,208,409,201,404,76,276,1.42e-73,90.865,p__Basidiomycota,c__Tremellomycetes,o__Tremellales,f__Tremellales_fam_Incertae_sedis,g__Tremellales_gen_Incertae_sedis,s__Tremellales_sp,Tremellales_sp,UDB06403084,SH1090954.09FU,reps,k__Fungi,OTU2994.p__Basidiomycota.g__Tremellales_gen_Incertae_sedis
2862,OTU2996,287,1,218,536,310,530,76,322,1.9e-87,93.304,p__Ascomycota,c__Eurotiomycetes,o__Chaetothyriales,f__Trichomeriaceae,g__Knufia,s__Knufia_sp,Knufia_sp,UDB02336136,SH1194889.09FU,reps,k__Fungi,OTU2996.p__Ascomycota.g__Knufia
2863,OTU2997,385,1,325,637,312,637,84,556,6.55e-158,97.546,p__Basidiomycota,c__Agaricomycetes,o__Russulales,f__Russulaceae,g__Russula,s__Russula_sp,Russula_sp,UDB032627,SH1106281.09FU,reps,k__Fungi,OTU2997.p__Basidiomycota.g__Russula
2864,OTU2998,266,1,81,459,258,339,30,122,1.91e-27,93.902,p__Ascomycota,c__Leotiomycetes,o__Helotiales,f__Helotiales_fam_Incertae_sedis,g__Helotiales_gen_Incertae_sedis,s__Helotiales_sp,Helotiales_sp,UDB03336603,SH0975678.09FU,reps,k__Fungi,OTU2998.p__Ascomycota.g__Helotiales_gen_Incertae_sedis
2865,OTU2999,245,1,173,396,208,385,71,230,9.97e-60,90.556,p__Basidiomycota,c__Tremellomycetes,o__Tremellales,f__Bulleribasidiaceae,g__Derxomyces,s__Derxomyces_anomalus,Derxomyces_anomalus,AF453289,SH1184936.09FU,refs,k__Fungi,OTU2999.p__Basidiomycota.g__Derxomyces
2866,OTU3000,281,1,200,551,327,525,71,246,1.15e-64,89.268,p__Ascomycota,c__Eurotiomycetes,o__Chaetothyriales,f__Herpotrichiellaceae,g__Herpotrichiellaceae_gen_Incertae_sedis,s__Herpotrichiellaceae_sp,Herpotrichiellaceae_sp,UDB03385034,SH0898489.09FU,reps,k__Fungi,OTU3000.p__Ascomycota.g__Herpotrichiellaceae_gen_Incertae_sedis
2867,OTU3001,289,1,229,513,285,513,79,424,5.08e-118,100,p__Ascomycota,c__Sordariomycetes,o__Hypocreales,f__Hypocreales_fam_Incertae_sedis,g__Chlorocillium,s__Chlorocillium_griseum,Chlorocillium_griseum,KU382150,SH1076879.09FU,refs,k__Fungi,OTU3001.p__Ascomycota.g__Chlorocillium
2868,OTU3002,287,1,223,533,312,531,78,315,3.18e-85,92.377,p__Ascomycota,c__Eurotiomycetes,o__Chaetothyriales,f__Chaetothyriales_fam_Incertae_sedis,g__Neostrelitziana,s__Neostrelitziana_acaciigena,Neostrelitziana_acaciigena,KR476730,SH2083190.09FU,refs_singleton,k__Fungi,OTU3002.p__Ascomycota.g__Neostrelitziana
2869,OTU3003,280,1,237,576,340,576,85,438,1.76e-122,100,p__Ascomycota,c__Sordariomycetes,o__Amphisphaeriales,f__Pestalotiopsidaceae,g__Pestalotiopsis,s__Pestalotiopsis_macadamiae,Pestalotiopsis_macadamiae,KX186588,SH4087933.09FU,refs,k__Fungi,OTU3003.p__Ascomycota.g__Pestalotiopsis
2870,OTU3004,277,1,207,540,334,540,75,383,8.28e-106,100,p__Ascomycota,c__Dothideomycetes,o__Botryosphaeriales,f__Phyllostictaceae,g__Phyllosticta,s__Phyllosticta_capitalensis,Phyllosticta_capitalensis,JF261465,SH1291101.09FU,refs,k__Fungi,OTU3004.p__Ascomycota.g__Phyllosticta
2871,OTU3005,269,1,209,483,280,483,78,320,6.37e-87,94.737,p__Ascomycota,c__Sordariomycetes,o__Sordariales,f__Chaetomiaceae,g__Chaetomium,s__Chaetomium_cervicicola,Chaetomium_cervicicola,KT214558,SH1339328.09FU,refs,k__Fungi,OTU3005.p__Ascomycota.g__Chaetomium
2872,OTU3006,283,1,230,496,269,496,81,318,2.42e-86,91.81,p__Ascomycota,c__Eurotiomycetes,o__Onygenales,f__Arachnomycetaceae,g__Arachnomyces,s__Arachnomyces_pilosus,Arachnomyces_pilosus,KT155843,SH0953171.09FU,refs,k__Fungi,OTU3006.p__Ascomycota.g__Arachnomyces
2873,OTU3007,375,308,373,758,479,545,18,84.2,1.3e-15,89.552,p__Basidiomycota,c__Agaricomycetes,o__Auriculariales,f__Auriculariales_fam_Incertae_sedis,g__Auriculariales_gen_Incertae_sedis,s__Auriculariales_sp,Auriculariales_sp,JQ272342,SH0954825.09FU,reps,k__Fungi,OTU3007.p__Basidiomycota.g__Auriculariales_gen_Incertae_sedis
2874,OTU3008,351,1,291,679,398,679,83,363,1.39e-99,89.761,p__Kickxellomycota,c__Kickxellomycota_cls_Incertae_sedis,o__Kickxellomycota_ord_Incertae_sedis,f__Kickxellomycota_fam_Incertae_sedis,g__Kickxellomycota_gen_Incertae_sedis,s__Kickxellomycota_sp,Kickxellomycota_sp,UDB0247195,SH1170632.09FU,reps,k__Fungi,OTU3008.p__Kickxellomycota.g__Kickxellomycota_gen_Incertae_sedis
2875,OTU3009,289,1,209,578,354,557,72,248,3.28e-65,88.517,p__Ascomycota,c__Eurotiomycetes,o__Chaetothyriales,f__Trichomeriaceae,g__Trichomerium,s__Trichomerium_sp,Trichomerium_sp,UDB06629929,SH1253662.09FU,reps,k__Fungi,OTU3009.p__Ascomycota.g__Trichomerium
2876,OTU3010,341,1,201,488,207,412,59,209,1.85e-53,85.714,p__Glomeromycota,c__Archaeosporomycetes,o__Archaeosporales,f__Archaeosporaceae,g__Archaeospora,s__Archaeospora_ecuadoriana,Archaeospora_ecuadoriana,LR596344,SH1134225.09FU,refs,k__Fungi,OTU3010.p__Glomeromycota.g__Archaeospora
2877,OTU3011,262,1,202,445,244,445,77,335,2.21e-91,96.535,p__Ascomycota,c__Dothideomycetes,o__Dothideomycetes_ord_Incertae_sedis,f__Eremomycetaceae,g__Arthrographis,s__Arthrographis_sp,Arthrographis_sp,UDB01289822,SH0964662.09FU,reps,k__Fungi,OTU3011.p__Ascomycota.g__Arthrographis
2878,OTU3012,302,1,241,543,303,543,80,429,1.15e-119,98.755,p__Ascomycota,c__Eurotiomycetes,o__Onygenales,f__Onygenales_fam_Incertae_sedis,g__Onygenales_gen_Incertae_sedis,s__Onygenales_sp,Onygenales_sp,UDB02515672,SH1168084.09FU,reps,k__Fungi,OTU3012.p__Ascomycota.g__Onygenales_gen_Incertae_sedis
2879,OTU3013,330,1,269,589,319,589,82,477,4.44e-134,98.524,p__Basidiomycota,c__Agaricomycetes,o__Agaricales,f__Agaricaceae,g__Tulostoma,s__Tulostoma_beccarianum,Tulostoma_beccarianum,UDB06815946,SH1299455.09FU,reps,k__Fungi,OTU3013.p__Basidiomycota.g__Tulostoma
2880,OTU3014,274,1,214,499,287,499,78,388,1.76e-107,99.533,p__Ascomycota,c__Eurotiomycetes,o__Eurotiales,f__Aspergillaceae,g__Aspergillus,s__Aspergillus_frequens,Aspergillus_frequens,EF669602,SH3214659.09FU,refs,k__Fungi,OTU3014.p__Ascomycota.g__Aspergillus
2881,OTU3015,335,1,289,593,304,593,86,396,1.3e-109,91.379,p__Basidiomycota,c__Agaricomycetes,o__Thelephorales,f__Thelephoraceae,g__Thelephoraceae_gen_Incertae_sedis,s__Thelephoraceae_sp,Thelephoraceae_sp,LC035298,SH1140808.09FU,reps,k__Fungi,OTU3015.p__Basidiomycota.g__Thelephoraceae_gen_Incertae_sedis
2882,OTU3016,335,269,333,1125,75,12,19,69.4,3.22e-11,86.154,p__Ascomycota,c__Sordariomycetes,o__Hypocreales,f__Nectriaceae,g__Fusarium,s__Fusarium_oxysporum,Fusarium_oxysporum,UDB041458,SH1099032.09FU,reps,k__Fungi,OTU3016.p__Ascomycota.g__Fusarium
2883,OTU3017,334,295,332,758,507,545,11,65.8,4.15e-10,97.436,p__Basidiomycota,c__Agaricomycetes,o__Auriculariales,f__Auriculariales_fam_Incertae_sedis,g__Auriculariales_gen_Incertae_sedis,s__Auriculariales_sp,Auriculariales_sp,JQ272342,SH0954825.09FU,reps,k__Fungi,OTU3017.p__Basidiomycota.g__Auriculariales_gen_Incertae_sedis
2884,OTU3018,429,1,47,634,332,378,11,71.3,1.17e-11,93.617,p__Chytridiomycota,c__Chytridiomycota_cls_Incertae_sedis,o__Chytridiomycota_ord_Incertae_sedis,f__Chytridiomycota_fam_Incertae_sedis,g__Chytridiomycota_gen_Incertae_sedis,s__Chytridiomycota_sp,Chytridiomycota_sp,UDB02299221,SH1133151.09FU,reps,k__Fungi,OTU3018.p__Chytridiomycota.g__Chytridiomycota_gen_Incertae_sedis
2885,OTU3022,333,61,332,454,454,186,82,472,2.09e-132,98.162,p__Glomeromycota,c__Glomeromycetes,o__Glomerales,f__Glomeraceae,g__Glomus,s__Glomus_sp,Glomus_sp,UDB03146139,SH0958711.09FU,reps,k__Fungi,OTU3022.p__Glomeromycota.g__Glomus
2886,OTU3023,423,367,421,1125,66,12,13,75,8.88e-13,90.909,p__Ascomycota,c__Sordariomycetes,o__Hypocreales,f__Nectriaceae,g__Fusarium,s__Fusarium_oxysporum,Fusarium_oxysporum,UDB041458,SH1099032.09FU,reps,k__Fungi,OTU3023.p__Ascomycota.g__Fusarium
2887,OTU3024,381,339,373,487,286,252,9,65.8,4.78e-10,100,p__Ascomycota,c__Ascomycota_cls_Incertae_sedis,o__Ascomycota_ord_Incertae_sedis,f__Ascomycota_fam_Incertae_sedis,g__Ascomycota_gen_Incertae_sedis,s__Ascomycota_sp,Ascomycota_sp,UDB01344301,SH1081446.09FU,reps,k__Fungi,OTU3024.p__Ascomycota.g__Ascomycota_gen_Incertae_sedis
2888,OTU3025,298,1,297,682,624,332,99,496,1.1e-139,96.98,p__Kickxellomycota,c__Ramicandelaberomycetes,o__Ramicandelaberales,f__Ramicandelaberaceae,g__Ramicandelaber,s__Ramicandelaber_sp,Ramicandelaber_sp,UDB0695742,SH1117023.09FU,reps,k__Fungi,OTU3025.p__Kickxellomycota.g__Ramicandelaber
2889,OTU3026,327,57,319,545,545,283,80,481,3.4e-135,99.62,p__Mucoromycota,c__Mucoromycetes,o__Mucorales,f__Rhizopodaceae,g__Rhizopus,s__Rhizopus_arrhizus,Rhizopus_arrhizus,JN206324,SH1193255.09FU,refs,k__Fungi,OTU3026.p__Mucoromycota.g__Rhizopus
2890,OTU3027,388,58,380,578,578,259,83,538,2.39e-152,96.914,p__Mortierellomycota,c__Mortierellomycetes,o__Mortierellales,f__Mortierellaceae,g__Mortierella,s__Mortierella_sp,Mortierella_sp,UDB04911054,SH1302567.09FU,reps,k__Fungi,OTU3027.p__Mortierellomycota.g__Mortierella
2891,OTU3028,300,1,240,458,219,458,80,422,1.9e-117,98.333,p__Basidiomycota,c__Tremellomycetes,o__Tremellales,f__Rhynchogastremataceae,g__Papiliotrema,s__Papiliotrema_mangalensis,Papiliotrema_mangalensis,FJ008052,SH0960174.09FU,refs,k__Fungi,OTU3028.p__Basidiomycota.g__Papiliotrema
2892,OTU3029,326,42,318,592,592,315,85,462,1.23e-129,96.774,p__Basidiomycota,c__Agaricomycetes,o__Agaricales,f__Psathyrellaceae,g__Psathyrella,s__Psathyrella_panaeoloides,Psathyrella_panaeoloides,MK045663,SH1207557.09FU,refs,k__Fungi,OTU3029.p__Basidiomycota.g__Psathyrella
2893,OTU3030,309,1,57,705,345,401,18,100,1.05e-20,98.246,p__Mucoromycota,c__Endogonomycetes,o__Endogonomycetes_ord_Incertae_sedis,f__Endogonomycetes_fam_Incertae_sedis,g__Endogonomycetes_gen_Incertae_sedis,s__Endogonomycetes_sp,Endogonomycetes_sp,UDB05311211,SH1126773.09FU,reps,k__Fungi,OTU3030.p__Mucoromycota.g__Endogonomycetes_gen_Incertae_sedis
2894,OTU3031,316,277,314,758,508,545,12,65.8,3.91e-10,97.368,p__Basidiomycota,c__Agaricomycetes,o__Auriculariales,f__Auriculariales_fam_Incertae_sedis,g__Auriculariales_gen_Incertae_sedis,s__Auriculariales_sp,Auriculariales_sp,JQ272342,SH0954825.09FU,reps,k__Fungi,OTU3031.p__Basidiomycota.g__Auriculariales_gen_Incertae_sedis
2895,OTU3032,361,314,359,1125,57,12,13,69.4,3.49e-11,93.478,p__Ascomycota,c__Sordariomycetes,o__Hypocreales,f__Nectriaceae,g__Fusarium,s__Fusarium_oxysporum,Fusarium_oxysporum,UDB041458,SH1099032.09FU,reps,k__Fungi,OTU3032.p__Ascomycota.g__Fusarium
2896,OTU3033,322,1,264,468,205,468,82,483,9.3e-136,99.621,p__Glomeromycota,c__Glomeromycetes,o__Glomerales,f__Glomeraceae,g__Glomus,s__Glomus_sp,Glomus_sp,UDB03146628,SH0904322.09FU,reps,k__Fungi,OTU3033.p__Glomeromycota.g__Glomus
2897,OTU3034,381,334,379,1125,57,12,12,69.4,3.7e-11,93.478,p__Ascomycota,c__Sordariomycetes,o__Hypocreales,f__Nectriaceae,g__Fusarium,s__Fusarium_oxysporum,Fusarium_oxysporum,UDB041458,SH1099032.09FU,reps,k__Fungi,OTU3034.p__Ascomycota.g__Fusarium
2898,OTU3035,395,360,393,758,512,545,9,63.9,1.79e-09,100,p__Basidiomycota,c__Agaricomycetes,o__Auriculariales,f__Auriculariales_fam_Incertae_sedis,g__Auriculariales_gen_Incertae_sedis,s__Auriculariales_sp,Auriculariales_sp,JQ272342,SH0954825.09FU,reps,k__Fungi,OTU3035.p__Basidiomycota.g__Auriculariales_gen_Incertae_sedis
2899,OTU3036,283,1,223,479,258,479,79,405,1.81e-112,99.552,p__Ascomycota,c__Sordariomycetes,o__Hypocreales,f__Stachybotryaceae,g__Stachybotryaceae_gen_Incertae_sedis,s__Stachybotryaceae_sp,Stachybotryaceae_sp,AJ875386,SH0970150.09FU,reps,k__Fungi,OTU3036.p__Ascomycota.g__Stachybotryaceae_gen_Incertae_sedis
2900,OTU3038,394,1,333,585,254,585,85,608,1.83e-173,99.7,p__Mortierellomycota,c__Mortierellomycetes,o__Mortierellales,f__Mortierellaceae,g__Mortierellaceae_gen_Incertae_sedis,s__Mortierellaceae_sp,Mortierellaceae_sp,UDB04944165,SH1295503.09FU,reps,k__Fungi,OTU3038.p__Mortierellomycota.g__Mortierellaceae_gen_Incertae_sedis
2901,OTU3039,381,1,307,976,652,963,81,394,5.37e-109,89.776,p__Chytridiomycota,c__Chytridiomycota_cls_Incertae_sedis,o__Chytridiomycota_ord_Incertae_sedis,f__Chytridiomycota_fam_Incertae_sedis,g__Chytridiomycota_gen_Incertae_sedis,s__Chytridiomycota_sp,Chytridiomycota_sp,UDB02260945,SH1205976.09FU,reps,k__Fungi,OTU3039.p__Chytridiomycota.g__Chytridiomycota_gen_Incertae_sedis
2902,OTU3040,256,1,213,494,281,494,83,355,1.65e-97,96.729,p__Ascomycota,c__Leotiomycetes,o__Helotiales,f__Myxotrichaceae,g__Oidiodendron,s__Oidiodendron_sp,Oidiodendron_sp,UDB0794404,SH1239489.09FU,reps,k__Fungi,OTU3040.p__Ascomycota.g__Oidiodendron
2903,OTU3041,423,388,421,758,512,545,8,63.9,1.92e-09,100,p__Basidiomycota,c__Agaricomycetes,o__Auriculariales,f__Auriculariales_fam_Incertae_sedis,g__Auriculariales_gen_Incertae_sedis,s__Auriculariales_sp,Auriculariales_sp,JQ272342,SH0954825.09FU,reps,k__Fungi,OTU3041.p__Basidiomycota.g__Auriculariales_gen_Incertae_sedis
2904,OTU3042,363,326,361,758,510,545,10,67.6,1.26e-10,100,p__Basidiomycota,c__Agaricomycetes,o__Auriculariales,f__Auriculariales_fam_Incertae_sedis,g__Auriculariales_gen_Incertae_sedis,s__Auriculariales_sp,Auriculariales_sp,JQ272342,SH0954825.09FU,reps,k__Fungi,OTU3042.p__Basidiomycota.g__Auriculariales_gen_Incertae_sedis
2905,OTU3043,392,1,331,779,440,779,84,492,1.91e-138,93.294,p__Chytridiomycota,c__Chytridiomycota_cls_Incertae_sedis,o__Chytridiomycota_ord_Incertae_sedis,f__Chytridiomycota_fam_Incertae_sedis,g__Chytridiomycota_gen_Incertae_sedis,s__Chytridiomycota_sp,Chytridiomycota_sp,UDB02288680,SH1197582.09FU,reps,k__Fungi,OTU3043.p__Chytridiomycota.g__Chytridiomycota_gen_Incertae_sedis
2906,OTU3044,309,264,307,1125,55,12,14,71.3,8.2e-12,95.455,p__Ascomycota,c__Sordariomycetes,o__Hypocreales,f__Nectriaceae,g__Fusarium,s__Fusarium_oxysporum,Fusarium_oxysporum,UDB041458,SH1099032.09FU,reps,k__Fungi,OTU3044.p__Ascomycota.g__Fusarium
2907,OTU3045,397,1,66,624,277,342,17,111,6.33e-24,96.97,p__Ascomycota,c__Sordariomycetes,o__Xylariales,f__Microdochiaceae,g__Idriella,s__Idriella_sp,Idriella_sp,UDB03591025,SH1265381.09FU,reps,k__Fungi,OTU3045.p__Ascomycota.g__Idriella
2908,OTU3046,322,1,262,613,352,613,81,479,1.2e-134,99.618,p__Basidiomycota,c__Agaricomycetes,o__Agaricales,f__Psathyrellaceae,g__Psathyrella,s__Psathyrella_sulcatotuberculosa,Psathyrella_sulcatotuberculosa,MN523296,SH1250816.09FU,reps,k__Fungi,OTU3046.p__Basidiomycota.g__Psathyrella
2909,OTU3047,283,1,222,472,251,472,78,399,8.41e-111,99.099,p__Ascomycota,c__Sordariomycetes,o__Microascales,f__Microascaceae,g__Microascaceae_gen_Incertae_sedis,s__Microascaceae_sp,Microascaceae_sp,UDB04140282,SH0936443.09FU,reps,k__Fungi,OTU3047.p__Ascomycota.g__Microascaceae_gen_Incertae_sedis
2910,OTU3048,177,138,175,758,508,545,21,71.3,4.43e-12,100,p__Basidiomycota,c__Agaricomycetes,o__Auriculariales,f__Auriculariales_fam_Incertae_sedis,g__Auriculariales_gen_Incertae_sedis,s__Auriculariales_sp,Auriculariales_sp,JQ272342,SH0954825.09FU,reps,k__Fungi,OTU3048.p__Basidiomycota.g__Auriculariales_gen_Incertae_sedis
2911,OTU3049,274,1,213,514,302,514,78,388,1.76e-107,99.531,p__Ascomycota,c__Dothideomycetes,o__Tubeufiales,f__Tubeufiaceae,g__Helicoma,s__Helicoma_sp,Helicoma_sp,UDB03298011,SH1306084.09FU,reps,k__Fungi,OTU3049.p__Ascomycota.g__Helicoma
2912,OTU3050,409,1,337,641,269,623,82,473,7.23e-133,91.62,p__Blastocladiomycota,c__Blastocladiomycetes,o__Blastocladiales,f__Catenariaceae,g__Catenophlyctis,s__Catenophlyctis_sp,Catenophlyctis_sp,UDB01645068,SH1205753.09FU,reps,k__Fungi,OTU3050.p__Blastocladiomycota.g__Catenophlyctis
2913,OTU3051,317,1,217,607,336,554,68,204,7.97e-52,83.636,p__Ascomycota,c__Lecanoromycetes,o__Ostropales,f__Gomphillaceae,g__Corticifraga,s__Corticifraga_sp,Corticifraga_sp,UDB04207151,SH1143238.09FU,reps,k__Fungi,OTU3051.p__Ascomycota.g__Corticifraga
2914,OTU3052,287,1,251,552,299,545,87,394,3.98e-109,95.257,p__Ascomycota,c__Eurotiomycetes,o__Chaetothyriales,f__Trichomeriaceae,g__Arthrocladium,s__Arthrocladium_tropicale,Arthrocladium_tropicale,KT337442,SH0889622.09FU,refs,k__Fungi,OTU3052.p__Ascomycota.g__Arthrocladium
2915,OTU3053,267,1,177,471,269,443,66,126,1.48e-28,80.328,p__Ascomycota,c__Leotiomycetes,o__Helotiales,f__Hyaloscyphaceae,g__Hyphodiscus,s__Hyphodiscus_sp,Hyphodiscus_sp,UDB03552233,SH0967903.09FU,reps,k__Fungi,OTU3053.p__Ascomycota.g__Hyphodiscus
2916,OTU3054,400,346,395,581,477,527,13,60.2,2.34e-08,88.235,p__Ascomycota,c__Leotiomycetes,o__Helotiales,f__Dermateaceae,g__Pezicula,s__Pezicula_radicicola,Pezicula_radicicola,FJ179465,SH0975489.09FU,reps,k__Fungi,OTU3054.p__Ascomycota.g__Pezicula
2917,OTU3056,366,1,305,758,453,758,83,542,1.74e-153,98.693,p__Chytridiomycota,c__Spizellomycetes,o__Spizellomycetales,f__Spizellomycetales_fam_Incertae_sedis,g__Spizellomycetales_gen_Incertae_sedis,s__Spizellomycetales_sp,Spizellomycetales_sp,UDB07389192,SH1111505.09FU,reps,k__Fungi,OTU3056.p__Chytridiomycota.g__Spizellomycetales_gen_Incertae_sedis
2918,OTU3057,395,356,393,758,507,545,10,65.8,4.97e-10,97.436,p__Basidiomycota,c__Agaricomycetes,o__Auriculariales,f__Auriculariales_fam_Incertae_sedis,g__Auriculariales_gen_Incertae_sedis,s__Auriculariales_sp,Auriculariales_sp,JQ272342,SH0954825.09FU,reps,k__Fungi,OTU3057.p__Basidiomycota.g__Auriculariales_gen_Incertae_sedis
2919,OTU3059,276,1,200,494,282,479,72,191,5.36e-48,84.314,p__Ascomycota,c__Sordariomycetes,o__Boliniales,f__Boliniales_fam_Incertae_sedis,g__Boliniales_gen_Incertae_sedis,s__Boliniales_sp,Boliniales_sp,UDB01536989,SH1322086.09FU,reps,k__Fungi,OTU3059.p__Ascomycota.g__Boliniales_gen_Incertae_sedis
2920,OTU3060,269,1,208,473,266,473,77,379,1.04e-104,99.519,p__Ascomycota,c__Ascomycota_cls_Incertae_sedis,o__Ascomycota_ord_Incertae_sedis,f__Ascomycota_fam_Incertae_sedis,g__Ascomycota_gen_Incertae_sedis,s__Ascomycota_sp,Ascomycota_sp,UDB01745163,SH0881568.09FU,reps,k__Fungi,OTU3060.p__Ascomycota.g__Ascomycota_gen_Incertae_sedis
2921,OTU3061,371,1,120,759,429,541,32,143,2.09e-33,89.167,p__Fungi_phy_Incertae_sedis,c__Fungi_cls_Incertae_sedis,o__Fungi_ord_Incertae_sedis,f__Fungi_fam_Incertae_sedis,g__Fungi_gen_Incertae_sedis,s__Fungi_sp,Fungi_sp,UDB0750776,SH1223786.09FU,reps,k__Fungi,OTU3061.p__Fungi_phy_Incertae_sedis.g__Fungi_gen_Incertae_sedis
2922,OTU3062,369,1,292,753,439,736,79,435,3.06e-121,93.289,p__Fungi_phy_Incertae_sedis,c__Fungi_cls_Incertae_sedis,o__Fungi_ord_Incertae_sedis,f__Fungi_fam_Incertae_sedis,g__Fungi_gen_Incertae_sedis,s__Fungi_sp,Fungi_sp,UDB0753201,SH1231138.09FU,reps,k__Fungi,OTU3062.p__Fungi_phy_Incertae_sedis.g__Fungi_gen_Incertae_sedis
2923,OTU3063,281,1,227,510,286,510,81,390,5.03e-108,97.797,p__Ascomycota,c__Eurotiomycetes,o__Eurotiales,f__Aspergillaceae,g__Talaromyces,s__Talaromyces_ucrainicus,Talaromyces_ucrainicus,JN899394,SH0906896.09FU,refs,k__Fungi,OTU3063.p__Ascomycota.g__Talaromyces
2924,OTU3064,347,300,345,1125,57,12,13,69.4,3.34e-11,93.478,p__Ascomycota,c__Sordariomycetes,o__Hypocreales,f__Nectriaceae,g__Fusarium,s__Fusarium_oxysporum,Fusarium_oxysporum,UDB041458,SH1099032.09FU,reps,k__Fungi,OTU3064.p__Ascomycota.g__Fusarium
2925,OTU3065,245,1,211,494,257,466,86,377,3.36e-104,99.052,p__Ascomycota,c__Dothideomycetes,o__Mycosphaerellales,f__Mycosphaerellaceae,g__Mycosphaerella,s__Mycosphaerella_asteroma,Mycosphaerella_asteroma,AF222850,SH1081703.09FU,reps,k__Fungi,OTU3065.p__Ascomycota.g__Mycosphaerella
2926,OTU3066,274,1,200,500,291,489,73,324,5.03e-88,96,p__Ascomycota,c__Dothideomycetes,o__Pleosporales,f__Phaeosphaeriaceae,g__Setophoma,s__Setophoma_sp,Setophoma_sp,UDB07017572,SH0905105.09FU,reps,k__Fungi,OTU3066.p__Ascomycota.g__Setophoma
2927,OTU3067,283,1,201,527,306,504,71,265,3.2e-70,90.547,p__Ascomycota,c__Eurotiomycetes,o__Chaetothyriales,f__Herpotrichiellaceae,g__Herpotrichiellaceae_gen_Incertae_sedis,s__Herpotrichiellaceae_sp,Herpotrichiellaceae_sp,UDB03382504,SH1145147.09FU,reps,k__Fungi,OTU3067.p__Ascomycota.g__Herpotrichiellaceae_gen_Incertae_sedis
2928,OTU3068,337,56,337,592,592,312,84,492,1.62e-138,98.227,p__Basidiomycota,c__Agaricomycetes,o__Agaricales,f__Bolbitiaceae,g__Panaeolus,s__Panaeolus_sp,Panaeolus_sp,MZ016063,SH1136654.09FU,reps,k__Fungi,OTU3068.p__Basidiomycota.g__Panaeolus
2929,OTU3069,301,45,293,516,513,265,83,438,1.9e-122,98.4,p__Ascomycota,c__Sordariomycetes,o__Hypocreales,f__Nectriaceae,g__Fusarium,s__Fusarium_oxysporum,Fusarium_oxysporum,KF206433,SH1087535.09FU,reps,k__Fungi,OTU3069.p__Ascomycota.g__Fusarium
2930,OTU3070,293,56,292,534,534,298,81,433,8.57e-121,99.578,p__Ascomycota,c__Eurotiomycetes,o__Onygenales,f__Gymnoascaceae,g__Gymnoascus,s__Gymnoascus_halophilus,Gymnoascus_halophilus,KP278210,SH1001457.09FU,reps,k__Fungi,OTU3070.p__Ascomycota.g__Gymnoascus
2931,OTU3071,391,57,383,602,602,277,84,597,3.92e-170,99.694,p__Mortierellomycota,c__Mortierellomycetes,o__Mortierellales,f__Mortierellaceae,g__Mortierellaceae_gen_Incertae_sedis,s__Mortierellaceae_sp,Mortierellaceae_sp,UDB04691502,SH1213091.09FU,reps,k__Fungi,OTU3071.p__Mortierellomycota.g__Mortierellaceae_gen_Incertae_sedis
2932,OTU3072,395,1,66,624,277,342,17,111,6.3e-24,96.97,p__Ascomycota,c__Sordariomycetes,o__Xylariales,f__Microdochiaceae,g__Idriella,s__Idriella_sp,Idriella_sp,UDB03591025,SH1265381.09FU,reps,k__Fungi,OTU3072.p__Ascomycota.g__Idriella
2933,OTU3073,341,1,253,598,342,595,74,462,1.29e-129,99.606,p__Basidiomycota,c__Agaricomycetes,o__Agaricales,f__Cyphellaceae,g__Cyphellaceae_gen_Incertae_sedis,s__Cyphellaceae_sp,Cyphellaceae_sp,HQ116392,SH0882091.09FU,refs,k__Fungi,OTU3073.p__Basidiomycota.g__Cyphellaceae_gen_Incertae_sedis
2934,OTU3074,323,265,321,1125,68,12,18,89.8,2.38e-17,94.737,p__Ascomycota,c__Sordariomycetes,o__Hypocreales,f__Nectriaceae,g__Fusarium,s__Fusarium_oxysporum,Fusarium_oxysporum,UDB041458,SH1099032.09FU,reps,k__Fungi,OTU3074.p__Ascomycota.g__Fusarium
2935,OTU3075,309,1,247,457,211,457,80,429,1.17e-119,97.984,p__Glomeromycota,c__Glomeromycetes,o__Glomerales,f__Glomeraceae,g__Glomeraceae_gen_Incertae_sedis,s__Glomeraceae_sp,Glomeraceae_sp,UDB03121258,SH1310037.09FU,reps,k__Fungi,OTU3075.p__Glomeromycota.g__Glomeraceae_gen_Incertae_sedis
2936,OTU3076,336,289,334,1125,57,12,14,69.4,3.23e-11,93.478,p__Ascomycota,c__Sordariomycetes,o__Hypocreales,f__Nectriaceae,g__Fusarium,s__Fusarium_oxysporum,Fusarium_oxysporum,UDB041458,SH1099032.09FU,reps,k__Fungi,OTU3076.p__Ascomycota.g__Fusarium
2937,OTU3077,318,1,67,543,314,379,21,100,1.08e-20,94.03,p__Aphelidiomycota,c__Aphelidiomycota_cls_Incertae_sedis,o__Aphelidiomycota_ord_Incertae_sedis,f__Aphelidiomycota_fam_Incertae_sedis,g__Aphelidiomycota_gen_Incertae_sedis,s__Aphelidiomycota_sp,Aphelidiomycota_sp,UDB01170741,SH1315546.09FU,reps,k__Fungi,OTU3077.p__Aphelidiomycota.g__Aphelidiomycota_gen_Incertae_sedis
2938,OTU3078,357,318,355,758,508,545,11,71.3,9.59e-12,100,p__Basidiomycota,c__Agaricomycetes,o__Auriculariales,f__Auriculariales_fam_Incertae_sedis,g__Auriculariales_gen_Incertae_sedis,s__Auriculariales_sp,Auriculariales_sp,JQ272342,SH0954825.09FU,reps,k__Fungi,OTU3078.p__Basidiomycota.g__Auriculariales_gen_Incertae_sedis
2939,OTU3079,266,1,206,410,205,410,77,359,1.33e-98,98.068,p__Basidiomycota,c__Tremellomycetes,o__Tremellales,f__Bulleribasidiaceae,g__Vishniacozyma,s__Vishniacozyma_dimennae,Vishniacozyma_dimennae,AY188365,SH0999930.09FU,reps,k__Fungi,OTU3079.p__Basidiomycota.g__Vishniacozyma
2940,OTU3080,282,1,219,476,258,476,78,339,1.85e-92,94.521,p__Ascomycota,c__Sordariomycetes,o__Magnaporthales,f__Magnaporthales_fam_Incertae_sedis,g__Magnaporthales_gen_Incertae_sedis,s__Magnaporthales_sp,Magnaporthales_sp,UDB02590252,SH1024893.09FU,reps,k__Fungi,OTU3080.p__Ascomycota.g__Magnaporthales_gen_Incertae_sedis
2941,OTU3081,322,1,282,683,403,683,88,497,3.32e-140,98.587,p__Mucoromycota,c__Mucoromycetes,o__Mucorales,f__Cunninghamellaceae,g__Cunninghamella,s__Cunninghamella_blakesleeana,Cunninghamella_blakesleeana,MN886586,SH1200665.09FU,reps,k__Fungi,OTU3081.p__Mucoromycota.g__Cunninghamella
2942,OTU3082,293,1,233,497,266,497,80,390,5.23e-108,96.996,p__Ascomycota,c__Sordariomycetes,o__Hypocreales,f__Bionectriaceae,g__Valsonectria,s__Valsonectria_pulchella,Valsonectria_pulchella,GU566290,SH0971595.09FU,reps,k__Fungi,OTU3082.p__Ascomycota.g__Valsonectria
2943,OTU3083,323,288,318,581,496,527,10,52.8,3.12e-06,96.875,p__Ascomycota,c__Leotiomycetes,o__Helotiales,f__Dermateaceae,g__Pezicula,s__Pezicula_radicicola,Pezicula_radicicola,FJ179465,SH0975489.09FU,reps,k__Fungi,OTU3083.p__Ascomycota.g__Pezicula
2944,OTU3084,307,1,255,413,159,413,83,472,1.91e-132,100,p__Ascomycota,c__Sordariomycetes,o__Microascales,f__Microascaceae,g__Wardomycopsis,s__Wardomycopsis_humicola,Wardomycopsis_humicola,LM652497,SH1136117.09FU,refs,k__Fungi,OTU3084.p__Ascomycota.g__Wardomycopsis
2945,OTU3085,386,339,384,1125,57,12,12,69.4,3.75e-11,93.478,p__Ascomycota,c__Sordariomycetes,o__Hypocreales,f__Nectriaceae,g__Fusarium,s__Fusarium_oxysporum,Fusarium_oxysporum,UDB041458,SH1099032.09FU,reps,k__Fungi,OTU3085.p__Ascomycota.g__Fusarium
2946,OTU3086,328,293,326,758,512,545,10,63.9,1.46e-09,100,p__Basidiomycota,c__Agaricomycetes,o__Auriculariales,f__Auriculariales_fam_Incertae_sedis,g__Auriculariales_gen_Incertae_sedis,s__Auriculariales_sp,Auriculariales_sp,JQ272342,SH0954825.09FU,reps,k__Fungi,OTU3086.p__Basidiomycota.g__Auriculariales_gen_Incertae_sedis
2947,OTU3087,288,1,228,454,227,454,79,422,1.83e-117,100,p__Ascomycota,c__Sordariomycetes,o__Magnaporthales,f__Pyriculariaceae,g__Pyricularia,s__Pyricularia_urashimae,Pyricularia_urashimae,KY173437,SH0974019.09FU,refs,k__Fungi,OTU3087.p__Ascomycota.g__Pyricularia
2948,OTU3088,373,1,313,717,405,717,84,579,1.35e-164,100,p__Ascomycota,c__Saccharomycetes,o__Saccharomycetales,f__Debaryomycetaceae,g__Debaryomyces,s__Debaryomyces_delbrueckii,Debaryomyces_delbrueckii,EF568083,SH1061921.09FU,refs,k__Fungi,OTU3088.p__Ascomycota.g__Debaryomyces
2949,OTU3089,289,1,228,489,262,489,79,405,1.84e-112,98.684,p__Ascomycota,c__Leotiomycetes,o__Helotiales,f__Helotiaceae,g__Scytalidium,s__Scytalidium_circinatum,Scytalidium_circinatum,UDB06739649,SH0955258.09FU,reps,k__Fungi,OTU3089.p__Ascomycota.g__Scytalidium
2950,OTU3090,271,1,211,456,245,456,78,368,2.26e-101,98.113,p__Ascomycota,c__Dothideomycetes,o__Pleosporales,f__Didymellaceae,g__Remotididymella,s__Remotididymella_anthropophila,Remotididymella_anthropophila,LT592936,SH1532233.09FU,refs,k__Fungi,OTU3090.p__Ascomycota.g__Remotididymella
2951,OTU3091,345,298,343,1125,57,12,13,69.4,3.32e-11,93.478,p__Ascomycota,c__Sordariomycetes,o__Hypocreales,f__Nectriaceae,g__Fusarium,s__Fusarium_oxysporum,Fusarium_oxysporum,UDB041458,SH1099032.09FU,reps,k__Fungi,OTU3091.p__Ascomycota.g__Fusarium
2952,OTU3092,341,1,274,508,221,504,80,366,1.04e-100,90.69,p__Glomeromycota,c__Glomeromycetes,o__Glomerales,f__Glomerales_fam_Incertae_sedis,g__Glomerales_gen_Incertae_sedis,s__Glomerales_sp,Glomerales_sp,UDB03138035,SH0950186.09FU,reps,k__Fungi,OTU3092.p__Glomeromycota.g__Glomerales_gen_Incertae_sedis
2953,OTU3093,267,1,208,506,299,506,78,368,2.23e-101,98.558,p__Ascomycota,c__Dothideomycetes,o__Pleosporales,f__Didymosphaeriaceae,g__Paraconiothyrium,s__Paraconiothyrium_estuarinum,Paraconiothyrium_estuarinum,AY642530,SH1068224.09FU,refs,k__Fungi,OTU3093.p__Ascomycota.g__Paraconiothyrium
2954,OTU3094,282,1,222,505,280,505,79,326,1.44e-88,92.952,p__Ascomycota,c__Eurotiomycetes,o__Chaetothyriales,f__Chaetothyriaceae,g__Nullicamyces,s__Nullicamyces_eucalypti,Nullicamyces_eucalypti,MH327807,SH1449624.09FU,refs_singleton,k__Fungi,OTU3094.p__Ascomycota.g__Nullicamyces
2955,OTU3095,418,364,413,581,477,527,12,65.8,5.28e-10,90.385,p__Ascomycota,c__Leotiomycetes,o__Helotiales,f__Dermateaceae,g__Pezicula,s__Pezicula_radicicola,Pezicula_radicicola,FJ179465,SH0975489.09FU,reps,k__Fungi,OTU3095.p__Ascomycota.g__Pezicula
2956,OTU3096,319,272,317,1125,57,12,14,69.4,3.05e-11,93.478,p__Ascomycota,c__Sordariomycetes,o__Hypocreales,f__Nectriaceae,g__Fusarium,s__Fusarium_oxysporum,Fusarium_oxysporum,UDB041458,SH1099032.09FU,reps,k__Fungi,OTU3096.p__Ascomycota.g__Fusarium
2957,OTU3097,387,340,385,1125,57,12,12,69.4,3.76e-11,93.478,p__Ascomycota,c__Sordariomycetes,o__Hypocreales,f__Nectriaceae,g__Fusarium,s__Fusarium_oxysporum,Fusarium_oxysporum,UDB041458,SH1099032.09FU,reps,k__Fungi,OTU3097.p__Ascomycota.g__Fusarium
2958,OTU3098,359,312,354,581,484,527,12,63.9,1.61e-09,93.182,p__Ascomycota,c__Leotiomycetes,o__Helotiales,f__Dermateaceae,g__Pezicula,s__Pezicula_radicicola,Pezicula_radicicola,FJ179465,SH0975489.09FU,reps,k__Fungi,OTU3098.p__Ascomycota.g__Pezicula
2959,OTU3099,323,276,321,1125,57,12,14,69.4,3.09e-11,93.478,p__Ascomycota,c__Sordariomycetes,o__Hypocreales,f__Nectriaceae,g__Fusarium,s__Fusarium_oxysporum,Fusarium_oxysporum,UDB041458,SH1099032.09FU,reps,k__Fungi,OTU3099.p__Ascomycota.g__Fusarium
2960,OTU3100,276,1,223,489,268,489,81,316,8.48e-86,92.411,p__Ascomycota,c__Dothideomycetes,o__Pleosporales,f__Torulaceae,g__Torula,s__Torula_fici,Torula_fici,KF443408,SH0977863.09FU,refs,k__Fungi,OTU3100.p__Ascomycota.g__Torula
2961,OTU3101,268,1,208,466,258,466,78,374,4.8e-103,99.043,p__Ascomycota,c__Sordariomycetes,o__Trichosphaeriales,f__Trichosphaeriaceae,g__Nigrospora,s__Nigrospora_sp,Nigrospora_sp,GU721331,SH1069294.09FU,reps,k__Fungi,OTU3101.p__Ascomycota.g__Nigrospora
2962,OTU3102,429,390,427,758,508,545,9,71.3,1.17e-11,100,p__Basidiomycota,c__Agaricomycetes,o__Auriculariales,f__Auriculariales_fam_Incertae_sedis,g__Auriculariales_gen_Incertae_sedis,s__Auriculariales_sp,Auriculariales_sp,JQ272342,SH0954825.09FU,reps,k__Fungi,OTU3102.p__Basidiomycota.g__Auriculariales_gen_Incertae_sedis
2963,OTU3103,334,295,332,758,507,545,11,65.8,4.15e-10,97.436,p__Basidiomycota,c__Agaricomycetes,o__Auriculariales,f__Auriculariales_fam_Incertae_sedis,g__Auriculariales_gen_Incertae_sedis,s__Auriculariales_sp,Auriculariales_sp,JQ272342,SH0954825.09FU,reps,k__Fungi,OTU3103.p__Basidiomycota.g__Auriculariales_gen_Incertae_sedis
2964,OTU3104,313,266,311,1125,57,12,15,69.4,2.99e-11,93.478,p__Ascomycota,c__Sordariomycetes,o__Hypocreales,f__Nectriaceae,g__Fusarium,s__Fusarium_oxysporum,Fusarium_oxysporum,UDB041458,SH1099032.09FU,reps,k__Fungi,OTU3104.p__Ascomycota.g__Fusarium
2965,OTU3105,307,58,299,540,540,299,79,442,1.5e-123,99.587,p__Ascomycota,c__Sordariomycetes,o__Hypocreales,f__Hypocreaceae,g__Trichoderma,s__Trichoderma_virens,Trichoderma_virens,AF328552,SH2616631.09FU,refs,k__Fungi,OTU3105.p__Ascomycota.g__Trichoderma
2966,OTU3106,306,57,297,481,481,241,79,440,5.37e-123,99.585,p__Ascomycota,c__Sordariomycetes,o__Hypocreales,f__Bionectriaceae,g__Clonostachys,s__Clonostachys_eriocamporesii,Clonostachys_eriocamporesii,MN699133,SH1077305.09FU,refs,k__Fungi,OTU3106.p__Ascomycota.g__Clonostachys
2967,OTU3107,279,1,213,531,314,526,76,366,8.4e-101,97.664,p__Ascomycota,c__Eurotiomycetes,o__Chaetothyriales,f__Trichomeriaceae,g__Trichomeriaceae_gen_Incertae_sedis,s__Trichomeriaceae_sp,Trichomeriaceae_sp,UDB06629331,SH0915563.09FU,reps,k__Fungi,OTU3107.p__Ascomycota.g__Trichomeriaceae_gen_Incertae_sedis
2968,OTU3108,284,1,241,579,336,579,85,342,1.44e-93,92.245,p__Ascomycota,c__Eurotiomycetes,o__Chaetothyriales,f__Trichomeriaceae,g__Trichomerium,s__Trichomerium_cicatricatum,Trichomerium_cicatricatum,KP174854,SH1287399.09FU,refs,k__Fungi,OTU3108.p__Ascomycota.g__Trichomerium
2969,OTU3109,321,1,261,533,273,533,81,466,9.33e-131,98.851,p__Basidiomycota,c__Microbotryomycetes,o__Microbotryomycetes_ord_Incertae_sedis,f__Chrysozymaceae,g__Pseudohyphozyma,s__Pseudohyphozyma_bogoriensis,Pseudohyphozyma_bogoriensis,AF444536,SH0917945.09FU,refs,k__Fungi,OTU3109.p__Basidiomycota.g__Pseudohyphozyma
2970,OTU3110,267,1,207,465,260,465,78,303,6.37e-82,93.237,p__Ascomycota,c__Sordariomycetes,o__Hypocreales,f__Hypocreales_fam_Incertae_sedis,g__Hypocreales_gen_Incertae_sedis,s__Hypocreales_sp,Hypocreales_sp,UDB0281695,SH1083439.09FU,reps,k__Fungi,OTU3110.p__Ascomycota.g__Hypocreales_gen_Incertae_sedis
2971,OTU3111,319,1,258,629,373,629,81,453,7.21e-127,98.45,p__Basidiomycota,c__Agaricomycetes,o__Hymenochaetales,f__Hymenochaetaceae,g__Hymenochaetaceae_gen_Incertae_sedis,s__Hymenochaetaceae_sp,Hymenochaetaceae_sp,JN615237,SH1058491.09FU,reps,k__Fungi,OTU3111.p__Basidiomycota.g__Hymenochaetaceae_gen_Incertae_sedis
2972,OTU3112,317,1,239,494,239,478,75,337,7.53e-92,92.213,p__Basidiomycota,c__Cystobasidiomycetes,o__Cystobasidiales,f__Cystobasidiaceae,g__Occultifur,s__Occultifur_sp,Occultifur_sp,UDB02277393,SH1076854.09FU,reps,k__Fungi,OTU3112.p__Basidiomycota.g__Occultifur
2973,OTU3113,302,1,242,500,259,500,80,442,1.47e-123,99.587,p__Basidiomycota,c__Basidiomycota_cls_Incertae_sedis,o__Basidiomycota_ord_Incertae_sedis,f__Basidiomycota_fam_Incertae_sedis,g__Basidiomycota_gen_Incertae_sedis,s__Basidiomycota_sp,Basidiomycota_sp,KJ156987,SH0986322.09FU,reps,k__Fungi,OTU3113.p__Basidiomycota.g__Basidiomycota_gen_Incertae_sedis
2974,OTU3114,267,1,195,446,241,434,73,298,2.96e-80,94.359,p__Ascomycota,c__Dothideomycetes,o__Mycosphaerellales,f__Mycosphaerellaceae,g__Teratoramularia,s__Teratoramularia_infinita,Teratoramularia_infinita,KX287545,SH1085513.09FU,refs,k__Fungi,OTU3114.p__Ascomycota.g__Teratoramularia
2975,OTU3115,354,317,352,758,510,545,10,67.6,1.23e-10,100,p__Basidiomycota,c__Agaricomycetes,o__Auriculariales,f__Auriculariales_fam_Incertae_sedis,g__Auriculariales_gen_Incertae_sedis,s__Auriculariales_sp,Auriculariales_sp,JQ272342,SH0954825.09FU,reps,k__Fungi,OTU3115.p__Basidiomycota.g__Auriculariales_gen_Incertae_sedis
2976,OTU3116,351,1,311,690,384,690,89,372,2.3e-102,88.644,p__Basidiomycota,c__Agaricomycetes,o__Agaricales,f__Stephanosporaceae,g__Stephanosporaceae_gen_Incertae_sedis,s__Stephanosporaceae_sp,Stephanosporaceae_sp,AB846965,SH1111834.09FU,reps,k__Fungi,OTU3116.p__Basidiomycota.g__Stephanosporaceae_gen_Incertae_sedis
2977,OTU3117,341,1,82,570,305,387,24,108,6.95e-23,90.476,p__Basidiomycota,c__Basidiomycota_cls_Incertae_sedis,o__Basidiomycota_ord_Incertae_sedis,f__Basidiomycota_fam_Incertae_sedis,g__Basidiomycota_gen_Incertae_sedis,s__Basidiomycota_sp,Basidiomycota_sp,UDB01494917,SH0880023.09FU,reps,k__Fungi,OTU3117.p__Basidiomycota.g__Basidiomycota_gen_Incertae_sedis
2978,OTU3118,332,276,327,581,475,527,16,58.4,6.9e-08,86.792,p__Ascomycota,c__Leotiomycetes,o__Helotiales,f__Dermateaceae,g__Pezicula,s__Pezicula_radicicola,Pezicula_radicicola,FJ179465,SH0975489.09FU,reps,k__Fungi,OTU3118.p__Ascomycota.g__Pezicula
2979,OTU3119,256,1,175,414,215,392,68,209,1.36e-53,88.268,p__Basidiomycota,c__Tremellomycetes,o__Tremellales,f__Tremellales_fam_Incertae_sedis,g__Tremellales_gen_Incertae_sedis,s__Tremellales_sp,Tremellales_sp,UDB06405556,SH1048589.09FU,reps,k__Fungi,OTU3119.p__Basidiomycota.g__Tremellales_gen_Incertae_sedis
2980,OTU3120,284,1,224,538,315,538,79,387,6.58e-107,97.768,p__Ascomycota,c__Eurotiomycetes,o__Chaetothyriales,f__Cyphellophoraceae,g__Cyphellophora,s__Cyphellophora_sp,Cyphellophora_sp,OM001338,SH1205946.09FU,reps,k__Fungi,OTU3120.p__Ascomycota.g__Cyphellophora
2981,OTU3121,272,1,231,507,277,507,85,427,3.7e-119,100,p__Ascomycota,c__Dothideomycetes,o__Pleosporales,f__Roussoellaceae,g__Xenoroussoella,s__Xenoroussoella_triseptata,Xenoroussoella_triseptata,MT214343,SH0949648.09FU,refs,k__Fungi,OTU3121.p__Ascomycota.g__Xenoroussoella
2982,OTU3122,327,1,200,572,297,501,61,158,6.51e-38,81.34,p__Basidiomycota,c__Basidiomycota_cls_Incertae_sedis,o__Basidiomycota_ord_Incertae_sedis,f__Basidiomycota_fam_Incertae_sedis,g__Basidiomycota_gen_Incertae_sedis,s__Basidiomycota_sp,Basidiomycota_sp,UDB01484693,SH1309469.09FU,reps,k__Fungi,OTU3122.p__Basidiomycota.g__Basidiomycota_gen_Incertae_sedis
2983,OTU3123,286,1,243,562,314,562,85,311,4.1e-84,89.641,p__Ascomycota,c__Dothideomycetes,o__Mycosphaerellales,f__Mycosphaerellaceae,g__Scleroramularia,s__Scleroramularia_abundans,Scleroramularia_abundans,FR716676,SH1026926.09FU,reps,k__Fungi,OTU3123.p__Ascomycota.g__Scleroramularia
2984,OTU3124,314,1,228,536,273,507,73,250,9.99e-66,86.611,p__Basidiomycota,c__Exobasidiomycetes,o__Exobasidiales,f__Brachybasidiaceae,g__Meira,s__Meira_sp,Meira_sp,JX575187,SH1178739.09FU,reps,k__Fungi,OTU3124.p__Basidiomycota.g__Meira
2985,OTU3125,288,1,227,576,350,576,79,414,3.06e-115,99.559,p__Ascomycota,c__Eurotiomycetes,o__Chaetothyriales,f__Herpotrichiellaceae,g__Herpotrichiellaceae_gen_Incertae_sedis,s__Herpotrichiellaceae_sp,Herpotrichiellaceae_sp,UDB03379810,SH1119524.09FU,reps,k__Fungi,OTU3125.p__Ascomycota.g__Herpotrichiellaceae_gen_Incertae_sedis
2986,OTU3126,446,399,444,1125,57,12,10,69.4,4.37e-11,93.478,p__Ascomycota,c__Sordariomycetes,o__Hypocreales,f__Nectriaceae,g__Fusarium,s__Fusarium_oxysporum,Fusarium_oxysporum,UDB041458,SH1099032.09FU,reps,k__Fungi,OTU3126.p__Ascomycota.g__Fusarium
2987,OTU3127,284,1,224,499,276,499,79,414,3.02e-115,100,p__Ascomycota,c__Eurotiomycetes,o__Eurotiales,f__Aspergillaceae,g__Penicillium,s__Penicillium_terrigenum,Penicillium_terrigenum,JN617684,SH0883662.09FU,refs,k__Fungi,OTU3127.p__Ascomycota.g__Penicillium
2988,OTU3128,416,360,414,1125,66,12,13,69.4,4.06e-11,89.091,p__Ascomycota,c__Sordariomycetes,o__Hypocreales,f__Nectriaceae,g__Fusarium,s__Fusarium_oxysporum,Fusarium_oxysporum,UDB041458,SH1099032.09FU,reps,k__Fungi,OTU3128.p__Ascomycota.g__Fusarium
2989,OTU3129,372,306,370,1125,74,12,17,69.4,3.6e-11,86.154,p__Ascomycota,c__Sordariomycetes,o__Hypocreales,f__Nectriaceae,g__Fusarium,s__Fusarium_oxysporum,Fusarium_oxysporum,UDB041458,SH1099032.09FU,reps,k__Fungi,OTU3129.p__Ascomycota.g__Fusarium
2990,OTU3130,293,1,199,507,294,488,68,303,7.01e-82,94.472,p__Ascomycota,c__Eurotiomycetes,o__Chaetothyriales,f__Herpotrichiellaceae,g__Herpotrichiellaceae_gen_Incertae_sedis,s__Herpotrichiellaceae_sp,Herpotrichiellaceae_sp,UDB03381499,SH1233270.09FU,reps,k__Fungi,OTU3130.p__Ascomycota.g__Herpotrichiellaceae_gen_Incertae_sedis
2991,OTU3131,318,1,258,498,241,498,81,472,1.99e-132,99.612,p__Basidiomycota,c__Cystobasidiomycetes,o__Cystobasidiales,f__Cystobasidiaceae,g__Cystobasidium,s__Cystobasidium_slooffiae,Cystobasidium_slooffiae,AF444627,SH1223375.09FU,refs,k__Fungi,OTU3131.p__Basidiomycota.g__Cystobasidium
2992,OTU3132,416,359,414,1125,67,12,13,76.8,2.43e-13,91.071,p__Ascomycota,c__Sordariomycetes,o__Hypocreales,f__Nectriaceae,g__Fusarium,s__Fusarium_oxysporum,Fusarium_oxysporum,UDB041458,SH1099032.09FU,reps,k__Fungi,OTU3132.p__Ascomycota.g__Fusarium
2993,OTU3133,276,1,216,507,292,507,78,399,8.19e-111,100,p__Ascomycota,c__Sordariomycetes,o__Xylariales,f__Xylariaceae,g__Rosellinia,s__Rosellinia_sanctae-cruciana,Rosellinia_sanctae-cruciana,MT102446,SH1076034.09FU,reps,k__Fungi,OTU3133.p__Ascomycota.g__Rosellinia
2994,OTU3134,354,306,352,729,549,503,13,82.4,4.39e-15,97.872,p__Ascomycota,c__Sordariomycetes,o__Hypocreales,f__Hypocreaceae,g__Trichoderma,s__Trichoderma_sp,Trichoderma_sp,UDB0684998,SH1177165.09FU,reps,k__Fungi,OTU3134.p__Ascomycota.g__Trichoderma
2995,OTU3135,385,327,383,1125,68,12,15,78.7,6.21e-14,91.228,p__Ascomycota,c__Sordariomycetes,o__Hypocreales,f__Nectriaceae,g__Fusarium,s__Fusarium_oxysporum,Fusarium_oxysporum,UDB041458,SH1099032.09FU,reps,k__Fungi,OTU3135.p__Ascomycota.g__Fusarium
2996,OTU3136,355,308,353,1125,57,12,13,69.4,3.43e-11,93.478,p__Ascomycota,c__Sordariomycetes,o__Hypocreales,f__Nectriaceae,g__Fusarium,s__Fusarium_oxysporum,Fusarium_oxysporum,UDB041458,SH1099032.09FU,reps,k__Fungi,OTU3136.p__Ascomycota.g__Fusarium
2997,OTU3137,282,1,215,477,258,473,76,392,1.4e-108,99.537,p__Ascomycota,c__Ascomycota_cls_Incertae_sedis,o__Ascomycota_ord_Incertae_sedis,f__Ascomycota_fam_Incertae_sedis,g__Ascomycota_gen_Incertae_sedis,s__Ascomycota_sp,Ascomycota_sp,UDB01346076,SH1023570.09FU,reps,k__Fungi,OTU3137.p__Ascomycota.g__Ascomycota_gen_Incertae_sedis
2998,OTU3139,359,1,298,578,279,578,83,459,1.76e-128,94.333,p__Chytridiomycota,c__Rhizophydiomycetes,o__Rhizophydiales,f__Protrudomycetaceae,g__Protrudomycetaceae_gen_Incertae_sedis,s__Protrudomycetaceae_sp,Protrudomycetaceae_sp,UDB05263544,SH1119362.09FU,reps,k__Fungi,OTU3139.p__Chytridiomycota.g__Protrudomycetaceae_gen_Incertae_sedis
2999,OTU3140,333,279,331,1125,64,12,16,71.3,8.89e-12,90.566,p__Ascomycota,c__Sordariomycetes,o__Hypocreales,f__Nectriaceae,g__Fusarium,s__Fusarium_oxysporum,Fusarium_oxysporum,UDB041458,SH1099032.09FU,reps,k__Fungi,OTU3140.p__Ascomycota.g__Fusarium
3000,OTU3141,270,1,209,497,289,497,77,381,2.89e-105,99.522,p__Ascomycota,c__Ascomycota_cls_Incertae_sedis,o__Ascomycota_ord_Incertae_sedis,f__Ascomycota_fam_Incertae_sedis,g__Ascomycota_gen_Incertae_sedis,s__Ascomycota_sp,Ascomycota_sp,UDB07560279,SH0921831.09FU,reps,k__Fungi,OTU3141.p__Ascomycota.g__Ascomycota_gen_Incertae_sedis
3001,OTU3142,425,1,47,634,332,378,11,71.3,1.16e-11,93.617,p__Chytridiomycota,c__Chytridiomycota_cls_Incertae_sedis,o__Chytridiomycota_ord_Incertae_sedis,f__Chytridiomycota_fam_Incertae_sedis,g__Chytridiomycota_gen_Incertae_sedis,s__Chytridiomycota_sp,Chytridiomycota_sp,UDB02299221,SH1133151.09FU,reps,k__Fungi,OTU3142.p__Chytridiomycota.g__Chytridiomycota_gen_Incertae_sedis
3002,OTU3143,263,1,193,490,286,480,73,215,3.02e-55,86.667,p__Ascomycota,c__Dothideomycetes,o__Pleosporales,f__Lentitheciaceae,g__Lentitheciaceae_gen_Incertae_sedis,s__Lentitheciaceae_sp,Lentitheciaceae_sp,UDB02771429,SH0906752.09FU,reps,k__Fungi,OTU3143.p__Ascomycota.g__Lentitheciaceae_gen_Incertae_sedis
3003,OTU3145,322,275,320,1125,57,12,14,69.4,3.08e-11,93.478,p__Ascomycota,c__Sordariomycetes,o__Hypocreales,f__Nectriaceae,g__Fusarium,s__Fusarium_oxysporum,Fusarium_oxysporum,UDB041458,SH1099032.09FU,reps,k__Fungi,OTU3145.p__Ascomycota.g__Fusarium
3004,OTU3146,285,1,224,528,305,528,79,414,3.03e-115,100,p__Ascomycota,c__Dothideomycetes,o__Coniosporiales,f__Coniosporiaceae,g__Coniosporium,s__Coniosporium_sp,Coniosporium_sp,UDB04119951,SH1070770.09FU,reps,k__Fungi,OTU3146.p__Ascomycota.g__Coniosporium
3005,OTU3147,334,287,332,1125,57,12,14,69.4,3.21e-11,93.478,p__Ascomycota,c__Sordariomycetes,o__Hypocreales,f__Nectriaceae,g__Fusarium,s__Fusarium_oxysporum,Fusarium_oxysporum,UDB041458,SH1099032.09FU,reps,k__Fungi,OTU3147.p__Ascomycota.g__Fusarium
3006,OTU3148,240,207,234,480,276,249,12,52.8,2.26e-06,100,p__Ascomycota,c__Ascomycota_cls_Incertae_sedis,o__Ascomycota_ord_Incertae_sedis,f__Ascomycota_fam_Incertae_sedis,g__Ascomycota_gen_Incertae_sedis,s__Ascomycota_sp,Ascomycota_sp,UDB01368634,SH0966122.09FU,reps,k__Fungi,OTU3148.p__Ascomycota.g__Ascomycota_gen_Incertae_sedis
3007,OTU3149,327,58,319,556,556,295,80,479,1.22e-134,99.618,p__Basidiomycota,c__Agaricomycetes,o__Agaricomycetes_ord_Incertae_sedis,f__Agaricomycetes_fam_Incertae_sedis,g__Agaricomycetes_gen_Incertae_sedis,s__Agaricomycetes_sp,Agaricomycetes_sp,UDB07364335,SH1011663.09FU,reps,k__Fungi,OTU3149.p__Basidiomycota.g__Agaricomycetes_gen_Incertae_sedis
3008,OTU3150,343,56,335,500,500,221,82,484,2.77e-136,97.857,p__Basidiomycota,c__Cystobasidiomycetes,o__Cystobasidiales,f__Cystobasidiaceae,g__Occultifur,s__Occultifur_kilbournensis,Occultifur_kilbournensis,KP413162,SH1223398.09FU,refs,k__Fungi,OTU3150.p__Basidiomycota.g__Occultifur
3009,OTU3151,290,57,282,482,482,257,78,418,2.37e-116,100,p__Ascomycota,c__Sordariomycetes,o__Sordariales,f__Chaetomiaceae,g__Humicola,s__Humicola_repens,Humicola_repens,MH444275,SH2143709.09FU,refs,k__Fungi,OTU3151.p__Ascomycota.g__Humicola
3010,OTU3152,294,78,286,433,433,213,71,326,1.5e-88,94.118,p__Ascomycota,c__Sordariomycetes,o__Sordariales,f__Chaetomiaceae,g__Chaetomiaceae_gen_Incertae_sedis,s__Chaetomiaceae_sp,Chaetomiaceae_sp,JX347164,SH0997600.09FU,reps,k__Fungi,OTU3152.p__Ascomycota.g__Chaetomiaceae_gen_Incertae_sedis
3011,OTU3153,396,61,388,609,606,270,83,425,1.98e-118,89.971,p__Basidiomycota,c__Agaricomycetes,o__Agaricomycetes_ord_Incertae_sedis,f__Agaricomycetes_fam_Incertae_sedis,g__Agaricomycetes_gen_Incertae_sedis,s__Agaricomycetes_sp,Agaricomycetes_sp,UDB0923158,SH1272542.09FU,reps,k__Fungi,OTU3153.p__Basidiomycota.g__Agaricomycetes_gen_Incertae_sedis
3012,OTU3154,309,37,301,613,613,348,86,468,2.49e-131,98.502,p__Ascomycota,c__Sordariomycetes,o__Hypocreales,f__Hypocreaceae,g__Trichoderma,s__Trichoderma_asperellum,Trichoderma_asperellum,KU317838,SH0961641.09FU,reps,k__Fungi,OTU3154.p__Ascomycota.g__Trichoderma
3013,OTU3155,358,58,350,533,533,240,82,525,1.71e-148,98.98,p__Mortierellomycota,c__Mortierellomycetes,o__Mortierellales,f__Mortierellales_fam_Incertae_sedis,g__Mortierellales_gen_Incertae_sedis,s__Mortierellales_sp,Mortierellales_sp,UDB04946818,SH0936592.09FU,reps,k__Fungi,OTU3155.p__Mortierellomycota.g__Mortierellales_gen_Incertae_sedis
3014,OTU3156,382,58,374,907,907,589,83,566,1.08e-160,98.746,p__Chytridiomycota,c__Spizellomycetes,o__Spizellomycetales,f__Spizellomycetales_fam_Incertae_sedis,g__Spizellomycetales_gen_Incertae_sedis,s__Spizellomycetales_sp,Spizellomycetales_sp,UDB07388785,SH1100244.09FU,reps,k__Fungi,OTU3156.p__Chytridiomycota.g__Spizellomycetales_gen_Incertae_sedis
3015,OTU3157,307,57,304,441,441,193,81,442,1.5e-123,98.795,p__Basidiomycota,c__Tremellomycetes,o__Tremellales,f__Rhynchogastremataceae,g__Papiliotrema,s__Papiliotrema_sp,Papiliotrema_sp,UDB02999269,SH0989451.09FU,reps,k__Fungi,OTU3157.p__Basidiomycota.g__Papiliotrema
3016,OTU3158,311,58,303,497,497,252,79,438,1.97e-122,98.78,p__Ascomycota,c__Sordariomycetes,o__Sordariomycetes_ord_Incertae_sedis,f__Sordariomycetes_fam_Incertae_sedis,g__Sordariomycetes_gen_Incertae_sedis,s__Sordariomycetes_sp,Sordariomycetes_sp,UDB03568840,SH0943376.09FU,reps,k__Fungi,OTU3158.p__Ascomycota.g__Sordariomycetes_gen_Incertae_sedis
3017,OTU3159,432,58,424,668,668,283,85,257,8.41e-68,79.744,p__Basidiomycota,c__Agaricomycetes,o__Agaricomycetes_ord_Incertae_sedis,f__Agaricomycetes_fam_Incertae_sedis,g__Agaricomycetes_gen_Incertae_sedis,s__Agaricomycetes_sp,Agaricomycetes_sp,UDB0946781,SH1183832.09FU,reps,k__Fungi,OTU3159.p__Basidiomycota.g__Agaricomycetes_gen_Incertae_sedis
3018,OTU3160,320,96,317,488,475,254,69,311,4.61e-84,92,p__Ascomycota,c__Sordariomycetes,o__Sordariales,f__Sordariaceae,g__Sordariaceae_gen_Incertae_sedis,s__Sordariaceae_sp,Sordariaceae_sp,UDB07283042,SH0931690.09FU,reps,k__Fungi,OTU3160.p__Ascomycota.g__Sordariaceae_gen_Incertae_sedis
3019,OTU3161,287,231,285,1125,66,12,19,69.4,2.74e-11,89.091,p__Ascomycota,c__Sordariomycetes,o__Hypocreales,f__Nectriaceae,g__Fusarium,s__Fusarium_oxysporum,Fusarium_oxysporum,UDB041458,SH1099032.09FU,reps,k__Fungi,OTU3161.p__Ascomycota.g__Fusarium
3020,OTU3162,310,262,308,1125,58,12,15,65.8,3.83e-10,91.489,p__Ascomycota,c__Sordariomycetes,o__Hypocreales,f__Nectriaceae,g__Fusarium,s__Fusarium_oxysporum,Fusarium_oxysporum,UDB041458,SH1099032.09FU,reps,k__Fungi,OTU3162.p__Ascomycota.g__Fusarium
3021,OTU3163,270,1,149,473,268,416,55,121,6.97e-27,81.457,p__Ascomycota,c__Sordariomycetes,o__Sordariales,f__Podosporaceae,g__Podosporaceae_gen_Incertae_sedis,s__Podosporaceae_sp,Podosporaceae_sp,UDB05116406,SH0974847.09FU,reps,k__Fungi,OTU3163.p__Ascomycota.g__Podosporaceae_gen_Incertae_sedis
3022,OTU3164,259,1,199,482,278,482,77,268,2.25e-71,90.732,p__Ascomycota,c__Dothideomycetes,o__Mycosphaerellales,f__Teratosphaeriaceae,g__Parapenidiella,s__Parapenidiella_pseudotasmaniensis,Parapenidiella_pseudotasmaniensis,GQ852749,SH1153912.09FU,refs,k__Fungi,OTU3164.p__Ascomycota.g__Parapenidiella
3023,OTU3165,408,351,406,1125,67,12,14,76.8,2.38e-13,91.071,p__Ascomycota,c__Sordariomycetes,o__Hypocreales,f__Nectriaceae,g__Fusarium,s__Fusarium_oxysporum,Fusarium_oxysporum,UDB041458,SH1099032.09FU,reps,k__Fungi,OTU3165.p__Ascomycota.g__Fusarium
3024,OTU3166,275,1,215,464,253,464,78,250,8.69e-66,88.073,p__Ascomycota,c__Saccharomycetes,o__Saccharomycetales,f__Trichomonascaceae,g__Blastobotrys,s__Blastobotrys_niveus,Blastobotrys_niveus,EU343817,SH1068459.09FU,refs,k__Fungi,OTU3166.p__Ascomycota.g__Blastobotrys
3025,OTU3167,393,1,332,718,380,718,84,531,4.06e-150,95.294,p__Kickxellomycota,c__Ramicandelaberomycetes,o__Ramicandelaberales,f__Ramicandelaberaceae,g__Ramicandelaber,s__Ramicandelaber_sp,Ramicandelaber_sp,UDB06291974,SH1117140.09FU,reps,k__Fungi,OTU3167.p__Kickxellomycota.g__Ramicandelaber
3026,OTU3168,267,1,207,480,274,480,78,377,3.7e-104,99.517,p__Ascomycota,c__Pezizomycotina_cls_Incertae_sedis,o__Pezizomycotina_ord_Incertae_sedis,f__Pezizomycotina_fam_Incertae_sedis,g__Arcuadendron,s__Arcuadendron_ovatum,Arcuadendron_ovatum,UDB035252,SH0980549.09FU,refs,k__Fungi,OTU3168.p__Ascomycota.g__Arcuadendron
3027,OTU3169,265,1,205,450,246,450,77,379,1.02e-104,100,p__Ascomycota,c__Dothideomycetes,o__Pleosporales,f__Nigrogranaceae,g__Nigrograna,s__Nigrograna_antibiotica,Nigrograna_antibiotica,JX570932,SH0992941.09FU,refs,k__Fungi,OTU3169.p__Ascomycota.g__Nigrograna
3028,OTU3170,320,1,275,678,405,678,86,490,5.52e-138,98.909,p__Basidiomycota,c__Agaricomycetes,o__Agaricales,f__Agaricaceae,g__Leucoagaricus,s__Leucoagaricus_viridariorum,Leucoagaricus_viridariorum,KU041692,SH1239435.09FU,reps,k__Fungi,OTU3170.p__Basidiomycota.g__Leucoagaricus
3029,OTU3171,312,1,231,615,357,589,74,324,5.76e-88,91.949,p__Basidiomycota,c__Agaricomycetes,o__Agaricales,f__Psathyrellaceae,g__Coprinopsis,s__Coprinopsis_psammophila,Coprinopsis_psammophila,MK491274,SH1047278.09FU,refs,k__Fungi,OTU3171.p__Basidiomycota.g__Coprinopsis
