"","CKU1","CKU3","CKU4","CKU5","CKU2","CLU1","CLU2","CLU3","CLU4","CLU5","JPU1","JPU2","JPU3","JPU4","JPU5","MHU1","MHU2","MHU3","MHU4","MHU5","YMU1","YMU2","YMU3","YMU4","YMU5"
"OTU1.p__Ascomycota.g__Pseudogymnoascus",226,5,294,83,115,24,73,7,186,92,50,9,33,70,4,84,7,128,123,85,7,49,46,90,156
"OTU2.p__Ascomycota.g__Striaticonidium",34,3,18,10,52,13,80,9,71,38,71,7,70,28,4,1,2,10,2,3,10,113,391,240,96
"OTU3.p__Ascomycota.g__Fusarium",148,6,8,3,20,0,2,1,41,11,4,2,5,0,0,1,0,2,6,8,0,0,0,0,0
"OTU4.p__Ascomycota.g__Fusarium",89,1,32,25,58,198,52,6,106,66,45,6,26,38,2,150,13,163,173,316,12,152,101,65,33
"OTU5.p__Ascomycota.g__Chaetomium",56,2,36,34,78,14,46,42,155,70,21,30,57,50,27,175,41,113,144,120,34,20,70,38,28
"OTU6.p__Ascomycota.g__Fusarium",20,1,5,2,186,0,0,0,4,8,141,5,0,0,7,5,4,1,0,1,5,0,0,0,0
"OTU7.p__Ascomycota.g__Preussia",125,1,97,97,6,1,5,7,50,6,3,0,0,0,1,0,0,6,1,18,0,1,2,1,4
"OTU8.p__Ascomycota.g__Hypocreales_gen_Incertae_sedis",2,0,11,5,12,7,121,6,11,117,25,7,19,17,6,10,8,9,19,22,4,140,163,53,89
"OTU9.p__Ascomycota.g__Nectriaceae_gen_Incertae_sedis",28,33,61,24,63,8,39,13,127,127,30,17,79,70,24,10,21,9,22,24,18,48,9,26,13
"OTU10.p__Ascomycota.g__Curvularia",6,1,1,1,3,6,45,6,108,28,22,1,14,4,2,0,4,9,0,1,3,3,1,1,7
"OTU11.p__Ascomycota.g__Alternaria",46,3,41,13,37,32,46,11,43,30,26,19,59,12,8,10,7,11,157,13,3,3,6,2,3
"OTU12.p__Ascomycota.g__Preussia",17,1,25,7,22,8,25,1,24,36,7,3,16,23,5,37,5,132,109,78,3,10,28,11,1258
"OTU13.p__Ascomycota.g__Metarhizium",4,1,6,7,33,3,16,4,4,7,3,1,14,3,1,101,1,17,11,7,4,5,8,4,3
"OTU14.p__Ascomycota.g__Botryotrichum",27,3,102,14,21,354,26,1,45,333,13,7,34,227,2,214,8,284,270,166,4,51,15,63,126
"OTU15.p__Ascomycota.g__Pyrenochaetopsis",52,1,10,2,38,6,35,1,24,21,5,3,41,14,0,1,1,14,3,1,2,53,53,44,116
"OTU16.p__Ascomycota.g__Cephalotrichum",8,3,67,2,0,2,6,0,11,4,5,0,11,11,6,1,0,1,2,0,0,1,1,3,0
"OTU17.p__Ascomycota.g__Chaetomiaceae_gen_Incertae_sedis",13,4,0,60,7,0,7,0,74,6,5,0,4,0,3,0,0,0,1,2,0,0,0,1,0
"OTU18.p__Basidiomycota.g__Candolleomyces",1,0,0,0,96,0,0,0,2,0,5,0,0,0,0,0,0,1,0,0,0,0,0,0,0
"OTU19.p__Ascomycota.g__Schizothecium",6,0,4,3,11,12,14,0,29,48,17,12,19,10,0,16,4,28,13,13,2,108,105,136,212
"OTU20.p__Mortierellomycota.g__Mortierellaceae_gen_Incertae_sedis",5,0,4,1,2,4,14,0,24,31,24,3,5,20,0,9,1,11,48,7,1,767,4,8,3
"OTU21.p__Ascomycota.g__Nectria",22,1,2,2,61,1,41,1,57,26,3,0,3,6,3,22,0,2,8,6,0,22,10,22,2
"OTU22.p__Ascomycota.g__Stachybotrys",18,1,19,7,21,4,11,6,24,19,9,2,17,7,3,160,0,58,51,114,3,42,104,62,90
"OTU23.p__Ascomycota.g__Clonostachys",1,7,5,3,2,1,5,0,27,10,15,3,81,1,0,1,0,0,0,1,1,0,1,0,0
"OTU24.p__Mortierellomycota.g__Linnemannia",88,0,25,17,36,15,30,7,129,61,27,4,4,8,7,69,3,133,58,44,2,100,44,51,31
"OTU25.p__Ascomycota.g__Fusarium",4,24,2,285,18,1,13,22,16,9,9,34,3,2,11,18,23,7,8,2,18,0,4,8,11
"OTU26.p__Ascomycota.g__Herpotrichiellaceae_gen_Incertae_sedis",14,294,6,6,7,0,13,226,21,27,4,241,5,10,435,0,210,4,0,1,309,1,0,0,0
"OTU27.p__Chytridiomycota.g__Chytridiomycota_gen_Incertae_sedis",16,1,6,4,7,2,3,0,11,38,5,1,2,4,0,287,0,379,4,37,1,0,0,1,0
"OTU28.p__Ascomycota.g__Schizothecium",6,15,6,2,4,0,8,7,9,33,7,7,193,15,1,15,0,16,0,3,1,8,118,9,7
"OTU29.p__Ascomycota.g__Exserohilum",0,4,12,0,10,0,0,0,8,6,2,1,4,3,0,0,0,0,0,2,0,0,0,1,0
"OTU30.p__Ascomycota.g__Albifimbria",3,0,9,129,4,0,0,2,2,0,0,0,0,1,0,0,0,0,0,0,1,1,3,4,2
"OTU31.p__Ascomycota.g__Stolonocarpus",8,0,34,12,6,2,3,0,40,4,5,0,8,0,0,23,1,6,2,13,0,0,0,0,0
"OTU32.p__Ascomycota.g__Cladosporium",30,111,34,73,518,252,22,224,126,43,62,218,46,503,272,64,232,25,460,49,211,25,94,26,35
"OTU33.p__Ascomycota.g__Podospora",1,0,0,0,0,1,5,0,3,89,0,1,0,26,0,0,0,1,0,8,1,1,0,6,0
"OTU34.p__Ascomycota.g__Sordariales_gen_Incertae_sedis",14,0,9,1,4,1,8,4,47,4,12,2,1,2,0,8,0,2,1,3,1,41,43,47,5
"OTU35.p__Ascomycota.g__Nowamyces",11,48,20,2,4,7,9,366,9,23,3,228,5,10,244,1,305,4,2,0,219,0,0,0,0
"OTU36.p__Ascomycota.g__Lulworthiaceae_gen_Incertae_sedis",0,0,1,0,0,0,0,1,0,12,0,3,2,0,0,0,0,0,0,1,0,0,0,0,0
"OTU37.p__Ascomycota.g__Gibellulopsis",23,1,7,3,4,9,10,15,19,62,6,8,11,11,13,25,30,4,14,19,11,117,26,25,9
"OTU38.p__Ascomycota.g__Fusarium",8,1,2,7,9,0,11,4,10,25,12,2,2,0,0,227,4,76,52,124,7,83,94,326,63
"OTU39.p__Basidiomycota.g__Auriculariales_gen_Incertae_sedis",2,22,1,0,12,0,1,0,3,0,3,1,1,0,0,0,0,0,1,0,0,0,0,2,0
"OTU40.p__Ascomycota.g__Halosphaeriaceae_gen_Incertae_sedis",4,0,4,11,0,0,3,0,2,3,0,0,0,0,0,0,0,2,1,0,0,0,0,2,1
"OTU41.p__Ascomycota.g__Cephalotrichum",3,0,38,4,0,0,3,0,6,0,0,0,0,0,2,0,1,0,0,0,1,0,0,0,0
"OTU42.p__Ascomycota.g__Sordariales_gen_Incertae_sedis",0,3,1,1,7,3,5,3,4,111,0,1,1,3,0,6,0,5,3,1,2,2,23,28,1
"OTU43.p__Ascomycota.g__Papulaspora",5,0,1,6,1,0,6,2,12,13,2,10,0,2,0,2,0,115,24,4,2,12,1,9,11
"OTU44.p__Basidiomycota.g__Coprinellus",3,0,0,3,3,0,0,0,24,0,2,0,0,0,0,0,0,0,1,0,1,0,0,1,0
"OTU45.p__Ascomycota.g__Ascomycota_gen_Incertae_sedis",15,0,6,2,8,7,13,0,21,29,11,1,2,6,5,18,2,13,13,5,1,1,6,2,13
"OTU46.p__Fungi_phy_Incertae_sedis.g__Fungi_gen_Incertae_sedis",18,0,11,8,19,2,12,7,27,15,14,3,15,5,4,127,9,114,56,131,5,33,31,40,23
"OTU47.p__Ascomycota.g__Fusarium",7,0,5,9,53,0,0,0,8,5,3,0,0,0,0,1,0,1,34,2,0,0,0,4,2
"OTU48.p__Ascomycota.g__Sarocladium",0,0,3,0,0,11,0,1,1,0,1,0,13,3,0,1,0,1,0,1,0,0,0,0,2
"OTU49.p__Ascomycota.g__Stachybotryaceae_gen_Incertae_sedis",0,0,1,2,0,0,0,0,1,0,0,0,0,0,0,0,1,0,0,0,0,1,0,0,0
"OTU50.p__Ascomycota.g__Talaromyces",4,6,1,193,9,0,7,1,32,13,7,17,8,4,1,4,6,37,4,5,6,0,5,8,3
"OTU51.p__Basidiomycota.g__Gloeoporus",1,2,2,6,5,2,5,1,5,2,1,0,8,1,4,134,1,13,28,100,1,2,23,117,22
"OTU52.p__Ascomycota.g__Chaetomidium",3,8,13,2,4,11,4,8,4,10,16,2,4,10,0,25,2,5,21,4,0,20,28,18,30
"OTU53.p__Ascomycota.g__Idriella",0,0,15,1,4,3,14,1,19,8,6,1,8,3,0,0,2,0,2,0,1,0,0,1,1
"OTU54.p__Ascomycota.g__Microascales_gen_Incertae_sedis",9,1,0,1,1,0,6,0,22,1,0,0,3,4,1,0,0,0,0,0,1,0,0,1,0
"OTU55.p__Ascomycota.g__Podospora",0,0,0,0,0,70,0,0,0,0,1,0,0,0,0,0,0,0,0,0,0,0,0,0,0
"OTU56.p__Ascomycota.g__Eurotiales_gen_Incertae_sedis",0,0,0,0,0,0,1,0,1,5,11,0,6,0,0,0,0,1,0,0,0,0,0,0,0
"OTU57.p__Ascomycota.g__Lasiosphaeriaceae_gen_Incertae_sedis",0,0,1,0,0,8,2,0,4,28,1,0,21,6,0,0,0,0,0,1,0,0,0,1,2
"OTU58.p__Ascomycota.g__Plectosphaerellaceae_gen_Incertae_sedis",0,0,0,1,0,0,9,0,0,43,1,0,0,0,0,0,0,0,0,2,0,0,0,0,0
"OTU59.p__Ascomycota.g__Acrophialophora",10,1,3,5,6,5,3,0,13,14,6,2,7,12,0,158,1,91,62,44,5,103,60,45,33
"OTU60.p__Ascomycota.g__Acremonium",1,1,10,1,6,5,0,5,4,11,2,0,36,4,1,5,0,16,16,7,1,16,36,81,9
"OTU61.p__Basidiomycota.g__Brachybasidiaceae_gen_Incertae_sedis",7,183,2,2,3,0,2,183,6,15,2,99,2,2,399,0,190,3,0,0,293,0,1,0,0
"OTU62.p__Ascomycota.g__Coniochaeta",3,1,4,4,2,6,5,0,13,17,18,3,7,7,2,11,1,7,9,22,4,7,15,312,12
"OTU63.p__Ascomycota.g__Pleosporales_gen_Incertae_sedis",0,0,9,21,0,0,0,0,17,0,0,0,9,1,0,0,0,0,1,0,0,0,0,0,0
"OTU64.p__Ascomycota.g__Fusarium",6,1,2,2,8,1,3,0,9,6,4,1,0,7,0,0,0,1,3,0,2,1,0,0,0
"OTU65.p__Ascomycota.g__Emericellopsis",2,0,12,39,24,1,1,0,4,0,0,0,0,2,0,1,0,6,8,4,1,3,8,2,0
"OTU66.p__Basidiomycota.g__Gloeoporus",3,2,9,5,4,2,6,0,4,19,3,1,1,1,1,111,0,19,35,60,4,2,18,112,7
"OTU67.p__Basidiomycota.g__Filobasidium",0,0,0,3,5,0,10,2,0,0,2,0,1,0,3,1,2,4,1,1,1,1,1,0,2
"OTU68.p__Ascomycota.g__Plectosphaerella",4,33,4,0,0,4,4,21,1,19,12,24,1,5,19,0,27,1,0,2,28,9,3,1,3
"OTU69.p__Ascomycota.g__Zopfiella",1,0,0,0,0,1,0,7,1,0,0,0,1,0,0,0,0,0,0,0,0,0,0,0,0
"OTU70.p__Basidiomycota.g__Carlosrosaea",6,53,10,1,4,0,1,140,5,4,1,70,0,4,126,0,127,0,0,0,165,0,0,0,0
"OTU71.p__Ascomycota.g__Chrysosporium",2,1,6,5,1,3,14,0,4,6,1,1,2,8,0,52,1,62,51,118,2,8,5,4,4
"OTU72.p__Basidiomycota.g__Ustilago",1,1,7,6,9,1,8,0,6,7,2,1,2,1,2,128,1,41,21,114,3,1,0,12,0
"OTU73.p__Ascomycota.g__Madurella",1,0,1,3,0,0,2,0,10,4,0,0,0,0,1,0,0,0,0,0,0,0,0,0,0
"OTU74.p__Ascomycota.g__Myrmecridium",0,0,1,0,0,2,1,1,9,0,1,1,43,2,1,0,0,1,0,0,0,0,0,0,0
"OTU75.p__Mortierellomycota.g__Mortierella",9,0,14,2,19,2,13,8,22,8,4,0,15,1,8,1,13,6,2,2,5,78,36,31,9
"OTU76.p__Basidiomycota.g__Ustilago",5,0,0,0,0,3,5,0,9,25,5,0,4,2,1,1,0,3,1,0,0,0,0,0,1
"OTU77.p__Chytridiomycota.g__Phlyctochytriaceae_gen_Incertae_sedis",0,0,0,6,0,0,0,0,1,0,0,0,3,0,0,0,0,0,0,1,0,0,0,0,0
"OTU78.p__Fungi_phy_Incertae_sedis.g__Fungi_gen_Incertae_sedis",7,0,1,2,0,0,4,0,9,1,2,0,13,2,0,0,0,0,0,0,0,0,1,0,0
"OTU79.p__Ascomycota.g__Fusarium",8,0,27,15,0,0,0,0,11,1,1,0,2,0,1,0,1,0,0,0,0,0,0,0,0
"OTU80.p__Ascomycota.g__Talaromyces",0,0,1,0,0,2,13,1,34,19,0,0,0,1,0,0,0,0,0,0,0,0,0,0,1
"OTU81.p__Ascomycota.g__Nectriaceae_gen_Incertae_sedis",5,7,3,1,1,0,6,3,7,2,86,1,2,2,1,18,4,19,25,10,1,13,11,12,11
"OTU82.p__Ascomycota.g__Tetracladium",1,0,11,2,5,1,6,0,5,7,5,2,2,4,1,12,1,12,5,147,2,51,4,35,15
"OTU83.p__Ascomycota.g__Trichoderma",0,0,0,0,2,0,16,0,0,6,0,6,0,3,0,7,1,0,1,3,0,0,7,0,0
"OTU84.p__Ascomycota.g__Halobyssothecium",17,3,4,4,2,0,1,0,3,1,1,0,0,1,1,0,0,1,0,0,0,0,0,0,0
"OTU85.p__Ascomycota.g__Ascobolus",0,0,5,4,3,5,4,3,6,23,3,0,2,4,0,19,0,49,1,2,0,36,40,31,57
"OTU86.p__Basidiomycota.g__Auriculariales_gen_Incertae_sedis",4,0,9,2,7,0,4,1,4,11,5,1,2,6,0,70,0,54,339,79,4,5,0,5,2
"OTU87.p__Ascomycota.g__Chaetomiaceae_gen_Incertae_sedis",0,0,0,0,20,0,0,0,0,4,0,1,1,1,0,7,1,0,0,3,0,1,0,1,1
"OTU88.p__Ascomycota.g__Fusarium",1,0,0,0,58,0,0,0,0,1,0,0,0,0,0,0,0,0,0,0,0,0,0,1,1
"OTU89.p__Ascomycota.g__Pezizomycotina_gen_Incertae_sedis",0,19,0,0,0,1,0,2,0,0,0,16,0,0,5,0,4,0,0,0,0,1,0,0,0
"OTU90.p__Basidiomycota.g__Auriculariales_gen_Incertae_sedis",0,0,17,46,0,0,1,0,1,0,0,0,0,0,0,0,0,0,0,0,0,0,0,0,0
"OTU91.p__Ascomycota.g__Stagonospora",0,2,3,0,0,0,0,0,16,0,0,0,0,0,0,0,0,0,0,0,0,0,0,0,0
"OTU92.p__Ascomycota.g__Fusarium",4,1,4,2,0,1,1,2,3,0,2,1,1,3,0,2,1,11,0,0,2,60,25,30,87
"OTU93.p__Ascomycota.g__Monosporascus",50,0,2,0,5,0,2,0,0,12,0,0,0,12,0,0,1,0,0,0,0,0,0,0,0
"OTU94.p__Ascomycota.g__Stachybotryaceae_gen_Incertae_sedis",0,0,1,0,0,1,6,1,0,115,0,0,0,0,0,0,1,1,0,0,0,0,0,0,0
"OTU95.p__Ascomycota.g__Chaetothyriales_gen_Incertae_sedis",4,106,6,3,0,0,0,78,3,6,1,73,4,1,84,1,69,3,1,0,69,1,0,2,0
"OTU96.p__Ascomycota.g__Fusarium",3,0,3,5,3,1,0,0,7,0,0,0,0,0,0,0,0,1,0,0,2,0,0,0,0
"OTU97.p__Ascomycota.g__Parasarocladium",2,0,1,2,0,0,6,0,2,1,0,0,0,1,0,1,1,8,5,1,0,6,4,24,0
"OTU98.p__Basidiomycota.g__Auriculariales_gen_Incertae_sedis",1,0,2,14,0,1,0,0,0,0,0,0,0,0,0,0,0,0,0,0,0,0,0,0,0
"OTU99.p__Ascomycota.g__Blumeria",9,243,9,5,7,5,11,360,4,58,8,415,2,5,265,0,885,7,3,0,709,2,2,1,0
"OTU100.p__Mortierellomycota.g__Mortierella",4,0,1,4,5,1,36,0,2,7,1,0,8,1,2,13,1,12,7,3,0,2,3,7,4
"OTU101.p__Basidiomycota.g__Auriculariales_gen_Incertae_sedis",2,0,4,0,7,0,4,1,3,7,2,1,0,0,0,32,0,30,3,134,2,1,0,0,0
"OTU102.p__Ascomycota.g__Fusarium",2,3,5,1,43,0,3,1,4,6,7,0,0,3,1,2,1,7,75,3,1,1,0,0,0
"OTU103.p__Ascomycota.g__Phaeosphaeria",0,0,2,0,0,0,11,0,7,8,0,1,1,11,1,0,0,0,0,0,1,0,0,0,1
"OTU104.p__Ascomycota.g__Phylloscypha",7,0,2,1,3,0,0,0,1,0,0,0,0,1,0,0,0,160,0,0,1,0,0,0,0
"OTU105.p__Basidiomycota.g__Solicoccozyma",1,0,2,0,3,1,8,4,6,2,1,1,1,0,2,0,1,7,4,2,1,137,43,68,134
"OTU106.p__Ascomycota.g__Lasiosphaeriaceae_gen_Incertae_sedis",5,0,2,0,1,0,7,2,2,5,0,0,9,4,0,0,3,0,1,1,1,0,9,3,0
"OTU108.p__Ascomycota.g__Gymnoascus",2,0,0,3,2,0,3,0,4,5,3,1,1,3,0,18,0,56,41,51,0,0,0,0,0
"OTU109.p__Ascomycota.g__Myrmecridium",0,0,6,2,5,0,8,0,36,2,0,0,31,0,0,0,0,0,0,0,0,0,0,0,0
"OTU110.p__Ascomycota.g__Teratosphaeriaceae_gen_Incertae_sedis",1,152,3,3,0,1,1,88,1,11,1,64,4,4,49,0,30,2,0,0,90,0,1,0,0
"OTU111.p__Ascomycota.g__Alternaria",5,0,10,12,0,0,4,2,21,5,3,1,7,13,1,0,0,2,19,4,1,20,37,10,36
"OTU112.p__Basidiomycota.g__Auriculariales_gen_Incertae_sedis",20,0,15,2,10,2,2,1,1,6,4,2,2,0,0,8,1,3,4,28,0,6,8,14,1
"OTU113.p__Basidiomycota.g__Coprinopsis",5,1,0,1,0,0,1,3,3,9,0,0,1,1,0,0,0,2,0,0,0,54,69,3,28
"OTU114.p__Basidiomycota.g__Auriculariales_gen_Incertae_sedis",15,0,7,2,0,0,0,0,4,0,0,1,0,0,0,0,0,1,0,0,0,0,0,0,0
"OTU115.p__Ascomycota.g__Thelebolaceae_gen_Incertae_sedis",4,1,2,3,0,0,4,4,7,5,1,1,2,1,0,6,0,25,10,4,2,47,10,18,18
"OTU116.p__Ascomycota.g__Apiospora",2,0,1,0,0,0,0,0,3,2,0,0,0,0,0,1,0,2,2,0,2,0,0,1,0
"OTU117.p__Ascomycota.g__Fusarium",3,13,0,0,31,0,0,0,1,1,0,0,0,0,0,0,0,0,0,0,0,0,0,0,0
"OTU118.p__Ascomycota.g__Darksidea",2,0,0,1,2,2,0,0,6,2,1,0,4,1,0,0,0,0,0,0,0,60,21,5,15
"OTU119.p__Basidiomycota.g__Entoloma",0,0,17,0,2,2,15,1,5,1,0,0,0,1,0,6,1,6,2,0,0,0,0,0,0
"OTU120.p__Basidiomycota.g__Coprinus",0,0,0,0,0,0,3,0,0,0,0,0,0,0,0,0,0,0,0,0,0,0,0,0,0
"OTU121.p__Ascomycota.g__Trichoderma",0,0,2,0,4,3,6,0,0,6,1,0,0,1,0,14,1,2,2,2,0,2,3,4,0
"OTU122.p__Ascomycota.g__Lecythophora",0,1,0,0,1,0,3,4,2,2,2,2,3,2,0,0,1,0,1,0,0,0,179,0,2
"OTU123.p__Monoblepharomycota.g__Monoblepharomycota_gen_Incertae_sedis",0,0,1,0,0,0,4,0,0,0,0,1,0,0,0,0,0,0,0,0,0,0,0,0,0
"OTU124.p__Basidiomycota.g__Auriculariales_gen_Incertae_sedis",0,0,1,49,0,0,0,0,0,0,0,0,0,0,0,0,0,0,0,0,0,0,0,0,0
"OTU125.p__Ascomycota.g__Preussia",0,0,2,0,1,0,0,1,0,0,0,0,0,0,0,0,0,1,0,0,0,0,0,0,0
"OTU126.p__Ascomycota.g__Phaeosphaeriaceae_gen_Incertae_sedis",2,0,1,0,2,0,0,0,0,0,0,0,2,2,0,12,0,0,3,0,0,3,0,0,1
"OTU127.p__Ascomycota.g__Extremaceae_gen_Incertae_sedis",4,54,2,1,2,2,1,95,2,3,1,57,2,0,42,0,73,2,0,0,39,0,0,0,0
"OTU128.p__Chytridiomycota.g__Chytridiomycota_gen_Incertae_sedis",2,0,0,0,1,1,0,1,4,5,1,0,0,2,0,1,0,0,176,0,0,0,0,0,1
"OTU129.p__Basidiomycota.g__Saitozyma",0,0,0,16,0,0,0,0,6,0,0,0,0,0,0,0,0,0,0,0,0,0,0,0,0
"OTU130.p__Basidiomycota.g__Tricholomataceae_gen_Incertae_sedis",1,0,1,0,476,0,368,0,0,1,81,4,2,654,1,1,0,0,1,0,0,1,2,0,40
"OTU131.p__Ascomycota.g__Bionectriaceae_gen_Incertae_sedis",0,0,0,0,52,0,0,0,0,6,0,0,0,0,0,0,0,0,0,0,2,0,0,0,0
"OTU132.p__Ascomycota.g__Lectera",0,0,2,0,0,0,0,5,3,28,22,0,6,2,6,0,8,0,0,0,7,0,0,0,0
"OTU133.p__Basidiomycota.g__Occultifur",6,1,0,2,2,1,4,0,9,6,1,6,0,0,0,1,0,13,0,1,0,47,10,11,75
"OTU134.p__Basidiomycota.g__Hannaella",1,0,0,0,0,0,3,0,1,0,5,11,0,0,5,0,1,0,0,0,4,0,0,0,0
"OTU135.p__Ascomycota.g__Emericellopsis",3,1,13,14,3,0,0,0,2,0,1,0,4,0,3,0,0,0,1,0,0,0,0,5,0
"OTU136.p__Basidiomycota.g__Saitozyma",716,86,1,457,148,112,298,14,93,0,285,4,753,0,9,0,8,0,0,0,5,0,2,0,0
"OTU137.p__Ascomycota.g__Stachylidium",0,0,3,0,0,1,1,0,1,1,1,2,1,0,0,0,0,1,2,0,0,1,13,150,3
"OTU138.p__Basidiomycota.g__Auriculariales_gen_Incertae_sedis",4,0,7,5,3,0,0,0,4,0,0,0,0,0,0,0,0,0,0,0,0,0,0,0,0
"OTU139.p__Ascomycota.g__Natantispora",1,0,1,0,0,0,0,0,0,0,0,0,0,0,1,0,0,0,0,0,0,1,0,1,0
"OTU140.p__Ascomycota.g__Fusarium",2,0,0,1,5,0,1,0,2,16,1,1,1,0,0,54,1,12,8,140,0,20,5,14,4
"OTU141.p__Ascomycota.g__Fusarium",2,0,0,0,17,0,5,0,9,3,4,0,2,1,0,1,1,3,3,1,0,1,0,0,0
"OTU142.p__Ascomycota.g__Sordariales_gen_Incertae_sedis",0,0,0,0,0,9,18,0,2,6,0,0,8,0,0,0,1,0,1,0,1,0,0,0,0
"OTU143.p__Ascomycota.g__Plectosphaerellaceae_gen_Incertae_sedis",22,0,14,1,0,0,0,0,8,0,1,0,0,0,0,0,0,0,0,1,0,0,0,0,0
"OTU144.p__Ascomycota.g__Pseudorobillarda",0,0,6,0,1,0,0,0,8,0,0,2,11,1,0,0,0,0,0,0,0,0,0,0,0
"OTU145.p__Chytridiomycota.g__Spizellomycetales_gen_Incertae_sedis",1,0,4,1,1,0,0,0,3,0,5,0,3,0,0,0,0,0,4,1,0,0,2,1,1
"OTU146.p__Ascomycota.g__Trichoderma",0,0,0,1,4,3,4,3,0,6,6,10,5,4,2,5,5,5,1,7,1,1,0,4,5
"OTU147.p__Ascomycota.g__Paraphoma",0,0,3,0,26,0,0,0,0,5,4,1,0,0,0,0,1,0,0,0,0,0,0,0,0
"OTU148.p__Ascomycota.g__Chaetomium",0,0,4,7,6,0,0,0,6,2,0,0,0,0,0,0,0,0,0,2,0,0,0,0,0
"OTU149.p__Ascomycota.g__Fusarium",1,0,0,4,0,0,1,0,3,0,0,0,0,0,0,0,0,0,0,0,0,0,0,0,0
"OTU150.p__Ascomycota.g__Chaetomium",0,0,0,0,0,0,0,0,0,0,0,1,0,0,0,0,0,0,0,0,0,0,0,0,0
"OTU151.p__Ascomycota.g__Pezizales_gen_Incertae_sedis",2,0,35,0,18,0,0,0,3,1,0,0,3,3,0,3,0,0,18,0,0,0,0,0,0
"OTU152.p__Ascomycota.g__Fusarium",1,0,5,3,3,0,3,0,7,0,1,0,0,0,0,0,0,1,1,1,1,0,0,0,1
"OTU153.p__Chytridiomycota.g__Betamyces",0,0,2,0,7,1,1,0,0,1,0,0,0,3,0,24,0,19,4,62,1,0,1,1,1
"OTU154.p__Ascomycota.g__Ascomycota_gen_Incertae_sedis",4,4,3,6,19,0,11,3,10,10,7,1,7,1,2,12,1,8,19,4,4,14,123,45,8
"OTU155.p__Ascomycota.g__Xylariales_gen_Incertae_sedis",0,0,2,2,2,0,0,0,4,1,0,0,1,0,0,0,0,0,0,0,0,0,0,0,0
"OTU156.p__Ascomycota.g__Phialophora",1,0,0,0,3,27,2,0,2,2,1,1,0,1,0,0,0,0,0,0,1,2,4,0,0
"OTU157.p__Chytridiomycota.g__Ulkenomyces",0,0,0,0,0,0,1,0,0,0,0,0,0,0,0,0,0,0,0,0,0,0,0,0,0
"OTU158.p__Basidiomycota.g__Tremellomycetes_gen_Incertae_sedis",42,0,0,0,1,0,7,0,0,0,0,0,0,0,0,0,0,0,0,0,0,0,0,0,0
"OTU159.p__Basidiomycota.g__Basidiomycota_gen_Incertae_sedis",0,0,0,0,2,0,1,1,18,3,0,0,2,0,1,0,1,0,0,0,2,0,1,2,0
"OTU160.p__Fungi_phy_Incertae_sedis.g__Fungi_gen_Incertae_sedis",1,11,0,1,0,0,0,9,0,16,1,1,5,0,4,96,2,2,0,0,3,0,2,0,0
"OTU161.p__Basidiomycota.g__Agaricales_gen_Incertae_sedis",0,0,0,0,3,2,20,3,4,10,15,0,0,9,0,0,0,0,0,0,0,0,0,0,0
"OTU162.p__Ascomycota.g__Ascomycota_gen_Incertae_sedis",2,0,0,0,8,0,0,0,0,0,0,0,0,0,0,3,0,1,0,8,0,0,0,0,0
"OTU163.p__Ascomycota.g__Hypocreales_gen_Incertae_sedis",0,0,1,1,0,0,44,0,0,47,0,1,2,3,0,0,0,0,0,0,0,0,0,0,0
"OTU164.p__Ascomycota.g__Fusarium",9,0,1,1,4,0,0,0,2,0,2,0,0,0,0,2,0,2,3,7,0,0,0,2,2
"OTU165.p__Basidiomycota.g__Vishniacozyma",1,0,1,1,0,0,2,4,0,3,2,0,0,0,0,0,0,0,1,1,0,3,121,1,0
"OTU166.p__Ascomycota.g__Ascomycota_gen_Incertae_sedis",2,0,1,3,3,1,2,2,2,1,2,0,2,0,0,0,0,0,0,1,1,14,57,14,18
"OTU167.p__Basidiomycota.g__Tausonia",0,0,0,0,0,0,2,8,1,0,0,9,0,0,6,0,4,1,0,0,7,7,10,1,4
"OTU168.p__Ascomycota.g__Bipolaris",0,11,0,0,2,1,1,0,0,3,0,1,0,24,0,0,0,0,0,0,0,1,2,0,1
"OTU169.p__Ascomycota.g__Microascus",1,0,1,0,3,1,1,0,0,3,3,0,0,0,0,42,0,10,2,51,0,0,0,2,0
"OTU170.p__Ascomycota.g__Cyphellophora",12,0,0,1,0,0,0,0,2,17,2,0,7,1,2,0,0,0,0,0,1,0,0,0,0
"OTU171.p__Mucoromycota.g__Endogonomycetes_gen_Incertae_sedis",23,0,0,0,12,0,0,0,0,1,0,2,0,0,0,0,0,0,0,0,0,0,0,0,0
"OTU172.p__Ascomycota.g__Talaromyces",0,0,0,1,2,0,3,0,0,1,5,0,0,0,0,0,0,0,0,0,0,0,1,5,3
"OTU173.p__Basidiomycota.g__Coprinellus",0,0,0,0,0,0,1,0,3,3,0,0,4,6,1,0,0,0,0,0,17,0,0,0,0
"OTU174.p__Ascomycota.g__Aaosphaeria",0,0,0,0,24,0,0,0,0,0,1,0,0,0,0,0,0,0,0,0,0,0,0,0,0
"OTU175.p__Mortierellomycota.g__Mortierellaceae_gen_Incertae_sedis",0,0,2,0,2,0,1,0,5,0,0,0,0,0,0,0,0,0,0,0,0,0,1,0,0
"OTU176.p__Glomeromycota.g__Glomeraceae_gen_Incertae_sedis",0,1,1,0,1,0,0,0,0,0,1,0,0,0,0,0,0,0,0,0,0,2,2,0,0
"OTU177.p__Mortierellomycota.g__Mortierella",2,25,2,0,1,1,9,41,0,6,3,40,2,3,66,0,71,1,0,0,50,3,2,1,1
"OTU178.p__Ascomycota.g__Parastagonospora",0,0,2,2,0,0,0,0,4,3,0,0,0,0,0,0,0,0,0,0,0,0,0,0,1
"OTU179.p__Ascomycota.g__Sordariales_gen_Incertae_sedis",0,0,1,2,0,1,3,0,2,2,1,0,4,1,0,2,1,69,1,0,0,1,0,1,0
"OTU180.p__Ascomycota.g__Didymosphaeriaceae_gen_Incertae_sedis",0,0,1,0,0,0,0,0,0,0,0,0,0,0,0,0,0,0,0,0,0,0,0,0,0
"OTU181.p__Ascomycota.g__Nigrospora",0,0,1,2,2,0,1,0,3,0,4,0,2,0,0,0,1,0,0,0,0,0,0,0,0
"OTU182.p__Basidiomycota.g__Auriculariales_gen_Incertae_sedis",2,0,4,1,3,0,1,1,3,1,0,0,0,0,0,2,1,3,41,0,0,6,8,12,13
"OTU183.p__Ascomycota.g__Delitschiaceae_gen_Incertae_sedis",0,0,0,0,1,0,10,0,0,4,0,0,0,0,0,0,0,0,0,0,0,0,0,0,0
"OTU184.p__Chytridiomycota.g__Fimicolochytrium",0,0,0,0,0,0,0,0,1,0,0,0,0,0,1,0,0,0,0,0,0,0,0,1,0
"OTU185.p__Basidiomycota.g__Coprinopsis",0,0,0,0,2,0,1,0,0,0,0,0,0,0,0,0,1,1,0,0,0,1,0,98,0
"OTU186.p__Ascomycota.g__Purpureocillium",0,0,0,0,2,0,393,2,3,10,10,12,0,7,1,1,2,1,0,2,0,0,1,0,1
"OTU187.p__Fungi_phy_Incertae_sedis.g__Fungi_gen_Incertae_sedis",1,33,0,3,2,0,2,22,2,1,0,17,2,0,42,0,18,1,0,0,26,0,1,0,0
"OTU188.p__Ascomycota.g__Pyrenochaetopsis",0,0,0,0,0,5,0,0,0,2,0,0,19,0,0,0,0,0,0,0,0,1,0,0,1
"OTU189.p__Ascomycota.g__Fusicolla",0,0,0,4,0,2,2,8,3,5,3,11,1,3,10,19,11,34,8,16,15,10,11,3,7
"OTU190.p__Chytridiomycota.g__Rhizophlyctis",0,0,5,0,0,1,0,1,3,0,0,0,4,0,0,0,0,0,0,1,0,0,0,0,0
"OTU191.p__Ascomycota.g__Neoascochyta",1,0,0,0,0,0,0,0,0,0,0,0,3,0,0,0,0,0,0,0,0,0,0,0,0
"OTU192.p__Basidiomycota.g__Agaricales_gen_Incertae_sedis",0,0,0,0,0,0,6,0,1,0,0,0,1,0,2,0,0,0,0,0,0,0,0,0,0
"OTU193.p__Ascomycota.g__Sporormiaceae_gen_Incertae_sedis",0,0,2,0,0,0,3,0,2,1,0,1,6,1,0,5,0,25,12,4,0,3,7,5,0
"OTU194.p__Ascomycota.g__Zopfiella",1,0,0,3,0,4,0,0,5,0,0,0,0,0,0,0,0,0,0,0,0,0,0,0,0
"OTU195.p__Basidiomycota.g__Irpex",0,0,0,0,0,0,3,0,3,0,0,0,2,0,0,0,0,1,1,0,0,0,0,0,0
"OTU196.p__Ascomycota.g__Preussia",0,0,0,0,0,0,0,0,0,2,0,0,0,0,0,0,0,0,0,0,0,0,0,0,0
"OTU197.p__Ascomycota.g__Pleosporales_gen_Incertae_sedis",2,1,2,2,0,0,1,0,4,10,1,1,3,1,1,9,0,6,6,12,1,5,50,2,4
"OTU198.p__Ascomycota.g__Valsonectria",0,1,0,0,0,0,0,0,2,0,1,0,2,0,0,0,0,0,0,0,0,0,0,0,0
"OTU199.p__Ascomycota.g__Ascotricha",2,0,4,1,1,0,3,0,0,5,0,0,0,0,0,16,0,13,9,27,0,0,4,1,0
"OTU200.p__Basidiomycota.g__Exobasidiales_gen_Incertae_sedis",0,46,1,1,0,0,2,27,2,3,0,19,0,1,60,0,17,0,1,0,27,0,0,0,0
"OTU201.p__Ascomycota.g__Acremonium",2,1,1,0,4,1,2,0,1,12,0,1,3,0,0,23,0,5,18,2,1,3,11,16,1
"OTU202.p__Mortierellomycota.g__Mortierella",3,0,2,0,0,0,1,0,1,0,0,1,0,1,0,0,0,56,0,0,0,0,0,0,0
"OTU203.p__Ascomycota.g__Populomyces",0,0,0,0,0,0,0,0,0,12,0,0,0,4,2,0,0,0,0,0,0,0,0,0,0
"OTU204.p__Ascomycota.g__Sarocladium",0,0,0,0,2,0,1,0,3,0,0,0,0,0,0,0,0,0,0,0,0,0,0,0,0
"OTU205.p__Ascomycota.g__Fusarium",0,1,0,0,0,0,1,0,0,0,5,0,1,0,0,0,0,0,0,0,0,0,0,2,0
"OTU206.p__Ascomycota.g__Magnaporthiopsis",3,0,0,0,0,1,4,1,8,9,0,0,0,0,0,1,0,0,13,0,0,2,5,4,0
"OTU207.p__Basidiomycota.g__Agaricomycetes_gen_Incertae_sedis",0,0,0,0,0,0,1,0,0,0,0,0,0,0,0,0,0,0,0,0,0,0,0,0,0
"OTU208.p__Ascomycota.g__Hapsidospora",10,1,10,0,0,0,0,0,0,0,0,0,0,0,0,0,1,0,1,0,0,0,0,0,0
"OTU209.p__Ascomycota.g__Fusarium",2,0,0,0,1,0,0,1,1,1,0,0,0,0,0,0,0,0,0,0,0,0,0,0,0
"OTU210.p__Ascomycota.g__Pezizales_gen_Incertae_sedis",6,1,0,0,0,0,0,0,0,0,0,0,0,0,0,0,0,0,0,0,1,0,0,0,0
"OTU211.p__Ascomycota.g__Podosporaceae_gen_Incertae_sedis",1,0,1,0,2,686,0,0,1,0,0,0,1,1,0,0,0,0,0,0,0,0,0,1,0
"OTU212.p__Ascomycota.g__Pseudeurotiaceae_gen_Incertae_sedis",18,0,3,0,0,0,0,0,0,0,0,0,0,0,0,0,0,0,1,0,0,0,0,0,0
"OTU213.p__Ascomycota.g__Phaeosphaeria",0,0,0,0,0,0,0,0,0,1,0,0,0,2,0,0,0,0,0,0,0,0,0,0,0
"OTU214.p__Basidiomycota.g__Cyathus",1,0,0,0,0,0,0,6,0,0,0,10,1,0,2,0,2,1,1,0,4,2,0,0,0
"OTU215.p__Ascomycota.g__Chordomyces",1,34,0,0,0,0,3,44,5,6,1,29,0,1,23,0,51,0,0,2,32,1,0,3,1
"OTU216.p__Ascomycota.g__Enterocarpus",1,0,7,0,0,0,2,0,1,0,0,0,0,0,0,2,0,4,2,0,0,0,0,0,0
"OTU217.p__Chytridiomycota.g__Rhizophlyctis",0,0,15,0,0,0,0,0,0,0,0,0,0,0,0,0,0,0,0,1,0,0,0,0,0
"OTU218.p__Ascomycota.g__Idriella",0,0,1,0,0,0,0,0,0,0,0,0,1,0,0,0,0,0,0,0,0,33,0,2,1
"OTU219.p__Basidiomycota.g__Typhula",1,0,0,0,0,0,0,0,24,0,1,0,0,0,0,0,0,2,0,0,0,9,0,0,0
"OTU220.p__Ascomycota.g__Pleosporales_gen_Incertae_sedis",0,0,0,0,0,0,0,2,2,2,0,3,0,2,0,1,2,0,0,0,0,10,31,11,1
"OTU221.p__Basidiomycota.g__Agaricales_gen_Incertae_sedis",0,0,0,0,0,0,0,0,11,0,0,0,0,0,0,0,0,0,2,0,0,0,0,0,0
"OTU222.p__Ascomycota.g__Blumeria",4,93,3,1,0,0,0,52,1,3,0,35,0,2,42,1,141,1,1,0,115,0,1,0,0
"OTU223.p__Ascomycota.g__Epicoccum",0,0,0,2,0,0,1,0,0,2,0,0,0,0,0,0,1,0,0,1,0,0,0,0,0
"OTU224.p__Chytridiomycota.g__Chytridiomycota_gen_Incertae_sedis",0,0,0,0,0,0,0,0,0,0,0,0,0,0,0,0,0,0,0,0,0,41,0,0,0
"OTU225.p__Chytridiomycota.g__Chytridiales_gen_Incertae_sedis",3,0,0,0,3,0,1,1,1,1,1,0,1,0,0,0,0,1,0,1,1,1,0,2,0
"OTU227.p__Ascomycota.g__Stachybotryaceae_gen_Incertae_sedis",0,0,0,0,0,0,0,0,4,1,0,0,0,3,0,0,0,0,0,0,0,0,0,0,0
"OTU228.p__Aphelidiomycota.g__Aphelidiomycota_gen_Incertae_sedis",0,0,44,0,0,0,0,0,0,0,0,0,0,0,0,0,0,0,0,0,0,0,0,0,0
"OTU230.p__Mortierellomycota.g__Linnemannia",0,0,1,2,0,0,2,0,1,2,1,0,4,0,7,15,1,5,27,9,2,2,0,1,0
"OTU231.p__Ascomycota.g__Niesslia",0,0,0,0,0,0,0,0,2,1,1,0,2,0,0,12,0,1,0,1,0,0,0,0,0
"OTU232.p__Ascomycota.g__Triangularia",4,0,0,1,0,0,0,0,0,1,0,0,0,0,0,0,0,0,0,0,0,0,0,0,0
"OTU233.p__Ascomycota.g__Sordariales_gen_Incertae_sedis",0,0,0,0,0,0,0,0,0,0,0,0,1,0,2,0,0,0,0,0,0,0,0,0,0
"OTU234.p__Basidiomycota.g__Cutaneotrichosporon",9,0,942,0,0,0,95,0,0,0,117,0,1,0,0,0,0,0,0,0,0,0,0,0,0
"OTU235.p__Ascomycota.g__Brycekendrickomyces",0,45,0,0,3,0,1,21,0,0,0,45,1,0,22,0,10,0,0,0,16,0,0,0,0
"OTU236.p__Glomeromycota.g__Septoglomus",3,0,1,0,0,0,6,0,0,4,2,0,5,2,0,0,1,1,3,3,0,0,0,1,1
"OTU237.p__Ascomycota.g__Fusarium",0,0,15,0,1,0,0,0,1,0,0,0,0,0,0,0,0,0,0,0,0,0,0,0,0
"OTU238.p__Basidiomycota.g__Ceratobasidium",0,0,1,0,0,2,3,0,2,9,2,0,2,0,0,0,1,0,0,0,0,0,0,4,0
"OTU239.p__Ascomycota.g__Chaetomium",0,0,0,1,0,0,1,0,0,14,0,0,0,1,0,6,0,2,0,1,0,2,0,1,0
"OTU240.p__Chytridiomycota.g__Rhizophlyctis",2,0,0,0,0,0,0,4,3,1,1,0,0,0,0,7,0,0,2,9,0,5,27,6,1
"OTU241.p__Basidiomycota.g__Auriculariales_gen_Incertae_sedis",2,41,0,0,1,0,2,19,0,4,0,27,0,0,28,0,21,0,0,0,23,2,0,25,0
"OTU242.p__Ascomycota.g__Fusarium",0,0,7,0,0,0,0,1,0,2,0,0,0,0,0,0,0,0,0,0,0,0,0,0,0
"OTU243.p__Ascomycota.g__Pseudeurotium",1,0,2,1,0,0,2,0,3,8,0,4,1,0,0,15,0,18,24,34,0,0,0,4,7
"OTU244.p__Ascomycota.g__Ochroconis",0,0,0,0,0,0,0,0,0,1,0,0,0,0,0,0,0,0,0,0,0,0,0,0,0
"OTU245.p__Ascomycota.g__Chaetomium",0,0,0,0,0,8,6,0,0,2,1,0,2,0,0,0,5,0,0,0,1,0,0,0,0
"OTU246.p__Ascomycota.g__Pseudopithomyces",0,23,0,2,0,0,0,3,4,1,1,9,1,0,5,0,4,0,0,0,7,0,0,0,0
"OTU247.p__Basidiomycota.g__Panaeolus",0,0,0,0,0,0,0,1,0,0,0,14,0,0,0,0,6,0,0,0,0,0,0,0,0
"OTU248.p__Basidiomycota.g__Lindtneria",0,0,0,0,0,0,0,1,0,1,0,0,0,0,0,0,0,0,0,0,0,0,0,0,0
"OTU249.p__Ascomycota.g__Trichocomaceae_gen_Incertae_sedis",0,0,0,0,3,0,0,0,0,2,0,0,0,0,0,0,0,0,0,0,0,0,0,0,0
"OTU250.p__Ascomycota.g__Sordariales_gen_Incertae_sedis",0,0,0,0,1,1,1,0,2,4,3,0,2,0,0,20,0,9,4,6,0,9,0,2,5
"OTU251.p__Ascomycota.g__Fusarium",2,0,0,3,0,1,0,0,3,0,0,0,0,0,0,0,0,0,0,0,0,0,0,0,0
"OTU252.p__Ascomycota.g__Fusarium",3,0,0,1,0,0,1,0,1,3,0,1,0,0,0,23,0,6,3,15,1,0,0,0,0
"OTU253.p__Chytridiomycota.g__Fimicolochytrium",0,0,0,0,1,0,0,0,0,0,0,0,2,0,0,0,0,0,0,0,0,0,0,1,0
"OTU254.p__Ascomycota.g__Fusarium",0,0,2,0,1,0,0,0,2,0,2,1,0,0,0,2,0,0,0,3,2,0,0,9,4
"OTU255.p__Mortierellomycota.g__Mortierellales_gen_Incertae_sedis",0,0,2,0,0,0,0,0,0,0,0,0,0,0,0,0,0,0,0,0,0,0,0,0,0
"OTU256.p__Basidiomycota.g__Tremellales_gen_Incertae_sedis",0,16,1,0,1,0,0,8,0,3,2,6,0,0,11,0,11,1,0,0,6,0,0,0,0
"OTU257.p__Ascomycota.g__Acaulium",0,0,0,0,0,0,1,0,0,6,0,0,0,5,1,0,0,0,0,0,0,1,6,6,0
"OTU258.p__Basidiomycota.g__Basidiomycota_gen_Incertae_sedis",3,0,0,2,5,0,0,0,0,0,0,1,0,0,0,6,0,2,0,6,0,0,0,1,1
"OTU259.p__Ascomycota.g__Microascus",3,1,5,0,0,0,7,0,2,1,0,1,0,0,0,0,0,0,0,20,0,1,0,0,0
"OTU260.p__Ascomycota.g__Fusarium",0,0,0,0,0,0,0,0,0,0,1,0,0,0,0,0,2,0,0,0,0,0,0,0,0
"OTU261.p__Ascomycota.g__Arachnomyces",0,0,3,0,2,0,2,2,0,3,0,0,4,1,0,4,0,4,20,1,0,6,12,32,8
"OTU262.p__Ascomycota.g__Edenia",0,0,0,0,2,0,0,2,1,13,0,0,0,0,0,0,1,0,0,0,0,0,0,0,0
"OTU263.p__Ascomycota.g__Chaetomiaceae_gen_Incertae_sedis",0,0,0,0,0,0,0,0,0,11,0,0,0,1,1,0,0,0,0,0,0,0,0,1,0
"OTU264.p__Ascomycota.g__Lasiosphaeriaceae_gen_Incertae_sedis",0,0,0,0,0,1,0,0,0,0,1,0,0,0,0,0,0,0,0,0,0,0,0,0,0
"OTU265.p__Ascomycota.g__Preussia",1,0,0,3,0,0,2,0,2,3,0,0,0,0,0,0,0,0,0,2,2,15,22,3,0
"OTU266.p__Ascomycota.g__Pteridiosperma",2,0,0,0,3,0,1,0,3,1,0,0,0,0,0,0,0,0,0,0,0,0,0,0,0
"OTU267.p__Mortierellomycota.g__Mortierella",0,0,0,0,0,0,0,0,1,0,0,0,0,0,0,0,0,0,0,0,0,0,0,0,0
"OTU268.p__Ascomycota.g__Sordariales_gen_Incertae_sedis",1,0,1,0,1,0,0,0,2,0,0,0,0,0,0,0,0,0,0,0,0,0,0,0,0
"OTU269.p__Ascomycota.g__Fusarium",0,0,2,0,1,0,0,0,0,2,0,0,0,0,0,13,0,21,1,3,0,1,0,5,1
"OTU270.p__Basidiomycota.g__Sporobolomyces",0,13,1,0,2,0,2,8,0,0,1,1,0,0,8,0,5,2,0,0,6,0,0,0,0
"OTU271.p__Glomeromycota.g__Glomeraceae_gen_Incertae_sedis",0,0,1,0,0,0,0,0,3,0,0,1,1,0,0,0,0,0,2,0,0,0,0,0,0
"OTU272.p__Chytridiomycota.g__Rhizophydium",0,0,1,0,0,0,0,0,0,0,0,0,0,0,0,0,0,0,0,0,0,0,0,0,0
"OTU273.p__Mucoromycota.g__Rhizopus",0,0,1,1,1,0,0,0,3,1,0,1,0,0,1,3,1,1,0,3,0,6,4,0,0
"OTU274.p__Ascomycota.g__Sarocladium",0,0,2,0,0,0,4,7,0,0,2,0,0,0,0,6,0,4,6,5,0,4,4,0,1
"OTU275.p__Ascomycota.g__Fusarium",1,1,1,0,0,0,0,0,1,4,1,0,1,0,0,4,0,19,4,9,0,2,1,0,3
"OTU276.p__Ascomycota.g__Sordariales_gen_Incertae_sedis",0,0,0,6,1,0,4,0,3,0,1,1,1,4,0,8,0,12,19,34,3,24,9,5,6
"OTU277.p__Ascomycota.g__Cordycipitaceae_gen_Incertae_sedis",0,0,0,0,0,0,0,0,2,0,0,0,1,0,0,0,0,0,0,0,0,0,0,0,0
"OTU278.p__Ascomycota.g__Neurospora",0,0,1,0,2,0,0,0,0,0,0,0,0,0,0,0,0,0,0,3,0,0,2,0,0
"OTU279.p__Basidiomycota.g__Auriculariales_gen_Incertae_sedis",0,0,0,0,1,0,0,0,0,0,0,0,0,0,0,0,0,0,0,0,0,0,0,0,0
"OTU280.p__Ascomycota.g__Fusarium",1,0,2,4,2,0,2,1,3,0,1,0,1,1,0,4,2,13,6,3,4,11,7,2,8
"OTU281.p__Ascomycota.g__Bionectriaceae_gen_Incertae_sedis",0,0,1,1,6,0,0,0,0,0,0,0,0,0,0,0,0,0,0,0,0,0,0,0,0
"OTU282.p__Ascomycota.g__Sordariales_gen_Incertae_sedis",0,0,3,0,0,0,1,0,1,2,0,0,0,1,0,5,1,19,20,5,0,0,0,1,0
"OTU283.p__Ascomycota.g__Podospora",0,0,23,0,0,0,0,0,2,0,0,0,0,0,0,0,0,0,0,0,0,0,0,0,0
"OTU284.p__Fungi_phy_Incertae_sedis.g__Fungi_gen_Incertae_sedis",6,0,2,1,3,0,0,0,2,0,0,0,0,0,0,2,0,6,1,0,0,0,0,0,0
"OTU285.p__Ascomycota.g__Microascus",0,0,4,1,0,0,0,0,0,5,3,0,0,0,0,5,0,12,15,7,0,0,0,0,0
"OTU286.p__Ascomycota.g__Pleosporales_gen_Incertae_sedis",1,0,0,0,0,0,0,0,0,2,0,0,1,1,1,0,0,38,3,0,0,0,0,0,0
"OTU287.p__Mortierellomycota.g__Mortierella",6,0,1,1,0,0,0,0,4,2,2,0,2,1,0,1,0,1,43,2,1,0,0,0,0
"OTU288.p__Basidiomycota.g__Papiliotrema",0,0,0,0,1,0,0,2,3,0,0,0,0,0,7,0,1,0,0,0,5,0,0,0,0
"OTU289.p__Basidiomycota.g__Vishniacozyma",0,0,1,0,0,0,0,2,0,0,0,0,0,0,0,0,0,0,0,0,0,0,45,0,0
"OTU290.p__Basidiomycota.g__Ceratobasidiaceae_gen_Incertae_sedis",0,0,0,0,0,0,0,0,0,6,1,6,0,0,0,0,0,1,0,0,0,0,0,0,0
"OTU292.p__Ascomycota.g__Wardomycopsis",0,0,4,0,0,0,2,0,2,0,0,0,0,1,0,12,0,6,9,1,0,0,0,0,0
"OTU293.p__Ascomycota.g__Cladophialophora",0,1,1,0,2,0,0,0,1,0,0,0,0,4,0,0,0,0,0,21,0,1,1,0,0
"OTU294.p__Basidiomycota.g__Meira",2,41,4,1,0,0,1,28,1,0,2,52,0,0,47,0,28,1,1,0,48,0,1,0,0
"OTU295.p__Chytridiomycota.g__Chytridiomycota_gen_Incertae_sedis",0,0,0,0,0,3,0,0,2,0,0,0,1,0,0,0,0,0,0,0,0,0,0,0,0
"OTU296.p__Ascomycota.g__Cercospora",1,0,0,0,0,1,1,0,0,0,1,2,0,1,0,0,0,0,0,0,1,7,17,9,5
"OTU297.p__Ascomycota.g__Nigrospora",0,0,0,2,0,0,0,0,0,0,1,0,0,0,0,0,0,0,0,0,0,0,0,0,0
"OTU298.p__Ascomycota.g__Ascobolus",0,0,1,0,2,0,0,0,9,0,3,0,2,0,0,0,0,0,0,0,0,0,0,0,0
"OTU299.p__Ascomycota.g__Mycosphaerella",2,43,0,0,0,0,2,4,0,1,0,9,0,0,10,0,7,0,0,0,14,0,0,0,0
"OTU300.p__Ascomycota.g__Chaetomium",0,0,0,0,0,0,0,0,0,1,1,0,3,0,0,19,0,11,4,11,0,0,0,0,0
"OTU301.p__Ascomycota.g__Pseudoarthrographis",2,0,2,1,5,0,0,0,1,2,0,0,0,3,0,0,0,3,0,0,0,9,10,28,32
"OTU302.p__Ascomycota.g__Didymocyrtis",0,0,1,0,0,0,1,0,2,0,1,0,0,0,0,0,0,0,0,0,0,0,0,0,0
"OTU303.p__Ascomycota.g__Achroiostachys",7,0,0,0,1,0,2,0,0,2,2,0,2,0,0,1,0,0,3,1,0,0,0,2,1
"OTU304.p__Basidiomycota.g__Auriculariales_gen_Incertae_sedis",0,0,0,0,0,0,1,0,0,0,0,0,0,0,0,0,0,0,0,0,0,0,0,0,0
"OTU305.p__Ascomycota.g__Hypocreales_gen_Incertae_sedis",1,0,2,0,0,0,0,0,0,2,2,0,0,1,0,1,0,1,45,1,0,0,0,0,0
"OTU306.p__Ascomycota.g__Lulworthiaceae_gen_Incertae_sedis",0,0,0,2,0,0,8,0,1,0,0,0,1,0,0,0,0,1,0,0,0,0,0,0,0
"OTU307.p__Basidiomycota.g__Typhula",0,0,0,0,0,0,0,0,4,0,0,0,0,0,0,0,0,0,0,0,0,0,0,0,0
"OTU308.p__Glomeromycota.g__Rhizophagus",0,0,1,0,2,0,1,0,0,4,0,0,0,0,0,7,0,31,6,8,0,0,0,3,1
"OTU309.p__Ascomycota.g__Curvularia",0,0,0,0,0,0,0,0,0,1,0,0,0,0,0,0,0,0,0,0,0,0,0,0,1
"OTU310.p__Ascomycota.g__Hypocreales_gen_Incertae_sedis",0,0,0,0,0,1,0,0,0,2,0,0,0,0,0,0,0,0,0,0,0,1,0,0,0
"OTU311.p__Ascomycota.g__Sordariales_gen_Incertae_sedis",0,0,0,0,0,0,0,0,1,0,0,3,0,0,0,0,0,0,0,0,0,0,0,0,0
"OTU312.p__Chytridiomycota.g__Spizellomycetales_gen_Incertae_sedis",0,0,0,0,0,0,0,0,0,0,0,0,0,0,0,0,0,0,0,0,0,0,0,0,0
"OTU313.p__Ascomycota.g__Alfaria",0,0,0,0,0,1,0,0,2,0,0,0,0,0,0,0,0,0,0,1,0,1,1,0,0
"OTU314.p__Basidiomycota.g__Auriculariales_gen_Incertae_sedis",2,18,9,0,1,0,1,58,1,7,0,54,0,0,45,0,62,3,0,0,71,0,0,0,0
"OTU315.p__Basidiomycota.g__Carlosrosaea",1,0,2,0,0,0,0,17,1,0,0,0,0,0,19,0,15,0,0,0,21,0,0,0,0
"OTU316.p__Basidiomycota.g__Coprinellus",0,0,0,0,0,0,0,0,0,0,0,0,0,0,0,0,2,0,0,0,0,0,0,0,0
"OTU317.p__Ascomycota.g__Fusariella",15,0,0,0,0,0,0,0,0,3,0,0,0,3,0,0,0,0,0,0,0,0,0,0,0
"OTU318.p__Basidiomycota.g__Moesziomyces",0,0,0,0,0,0,0,0,0,5,1,1,3,0,3,0,0,1,0,1,1,0,0,0,0
"OTU319.p__Mortierellomycota.g__Mortierella",4,1,2,0,0,0,0,1,1,1,2,0,0,0,0,14,0,5,0,18,0,2,6,3,2
"OTU320.p__Ascomycota.g__Niesslia",0,0,0,8,2,0,0,0,0,0,0,0,2,0,0,0,0,0,0,0,0,0,0,0,0
"OTU321.p__Chytridiomycota.g__Betamyces",7,0,0,0,15,0,0,0,0,2,0,1,0,0,0,7,0,4,5,4,0,0,0,0,0
"OTU322.p__Ascomycota.g__Hypocreales_gen_Incertae_sedis",0,0,1,0,2,0,3,0,1,0,0,0,0,0,0,0,0,0,0,28,1,0,0,0,0
"OTU323.p__Ascomycota.g__Sordariomycetes_gen_Incertae_sedis",0,0,0,0,0,0,0,0,0,1,0,0,0,24,0,1,0,6,1,1,0,1,0,0,0
"OTU324.p__Ascomycota.g__Ascomycota_gen_Incertae_sedis",0,0,1,0,0,0,1,0,1,0,0,0,1,0,0,0,0,0,0,1,0,1,2,3,2
"OTU325.p__Ascomycota.g__Ascobolus",0,0,0,0,0,0,0,0,0,0,1,0,0,0,0,0,0,0,0,0,0,0,0,0,0
"OTU326.p__Chytridiomycota.g__Spizellomycetales_gen_Incertae_sedis",0,0,0,0,0,0,0,1,2,0,0,0,0,1,0,0,0,0,0,0,0,5,3,0,0
"OTU327.p__Ascomycota.g__Ascomycota_gen_Incertae_sedis",2,0,0,0,0,0,0,0,0,0,0,0,0,0,0,0,0,0,1,0,0,0,0,0,0
"OTU328.p__Basidiomycota.g__Auriculariales_gen_Incertae_sedis",0,0,0,1,0,0,1,0,0,0,0,0,0,0,0,0,0,0,0,0,0,0,0,0,0
"OTU329.p__Basidiomycota.g__Auriculariales_gen_Incertae_sedis",3,0,4,0,2,0,1,0,0,0,0,0,1,2,0,0,0,0,0,0,0,0,0,0,0
"OTU330.p__Ascomycota.g__Ascomycota_gen_Incertae_sedis",0,0,0,0,0,0,2,0,0,0,0,0,0,0,0,0,0,0,0,0,0,0,0,0,0
"OTU331.p__Ascomycota.g__Pseudallescheria",2,0,3,0,0,0,0,0,0,0,0,0,0,0,0,1,0,0,1,35,2,0,0,0,0
"OTU332.p__Basidiomycota.g__Auriculariales_gen_Incertae_sedis",0,0,0,0,0,0,0,0,0,6,0,0,0,0,0,0,0,0,0,0,0,0,0,0,0
"OTU333.p__Basidiomycota.g__Coprinopsis",0,0,0,0,0,0,0,0,0,0,0,0,3,0,0,0,1,0,0,0,0,0,0,0,0
"OTU334.p__Glomeromycota.g__Glomeraceae_gen_Incertae_sedis",0,0,0,0,0,0,0,0,0,2,0,0,0,0,0,0,0,0,1,0,0,0,0,0,0
"OTU335.p__Chytridiomycota.g__Spizellomycetales_gen_Incertae_sedis",4,0,0,0,1,1,1,0,1,0,0,0,2,0,0,1,0,1,2,5,0,0,0,3,8
"OTU336.p__Ascomycota.g__Acremonium",0,0,0,0,0,0,0,0,15,0,0,0,0,0,0,0,0,0,0,0,0,0,0,0,0
"OTU337.p__Basidiomycota.g__Parasola",0,0,0,0,3,0,0,0,0,0,0,0,0,0,0,0,0,0,0,0,0,0,1,0,0
"OTU338.p__Ascomycota.g__Halosphaeriaceae_gen_Incertae_sedis",0,0,0,0,0,0,0,0,0,0,2,0,1,0,0,0,0,0,0,0,0,0,0,0,0
"OTU339.p__Ascomycota.g__Bionectriaceae_gen_Incertae_sedis",1,0,1,0,0,0,0,1,0,3,1,0,3,1,0,0,0,1,1,0,1,15,22,24,7
"OTU340.p__Ascomycota.g__Apiosporaceae_gen_Incertae_sedis",0,0,0,0,0,0,1,0,1,0,0,0,0,0,0,0,0,0,0,0,0,0,0,0,0
"OTU341.p__Ascomycota.g__Metarhizium",0,0,0,0,0,0,0,0,0,0,0,0,2,0,0,0,0,0,0,0,0,0,0,0,0
"OTU342.p__Chytridiomycota.g__Rhizophlyctis",0,1,1,0,0,0,1,1,0,6,1,0,3,0,0,5,0,0,14,10,0,1,0,0,0
"OTU343.p__Chytridiomycota.g__Spizellomycetales_gen_Incertae_sedis",0,0,0,0,0,0,0,0,3,0,0,0,0,0,0,0,0,0,0,0,0,0,0,0,0
"OTU344.p__Basidiomycota.g__Auricularia",2,0,0,0,1,0,2,1,0,0,0,0,0,0,0,0,1,1,0,0,0,37,0,3,0
"OTU345.p__Ascomycota.g__Monocillium",0,0,0,0,0,0,0,0,0,0,0,0,0,0,0,0,0,0,0,0,0,0,0,0,0
"OTU346.p__Ascomycota.g__Onygenales_gen_Incertae_sedis",0,0,0,0,1,0,0,0,0,0,0,0,0,0,0,0,0,2,0,2,0,0,0,0,0
"OTU347.p__Ascomycota.g__Halosphaeriaceae_gen_Incertae_sedis",2,0,0,0,0,0,2,0,2,0,0,0,0,0,0,0,0,0,0,0,0,0,0,0,0
"OTU348.p__Ascomycota.g__Mycosphaerella",0,47,2,0,0,0,0,1,0,0,0,8,0,0,6,0,2,0,0,0,7,0,0,0,0
"OTU349.p__Ascomycota.g__Torula",0,12,0,0,0,1,3,9,1,3,0,7,6,1,2,0,6,0,0,0,3,0,0,0,1
"OTU350.p__Chytridiomycota.g__Spizellomycetaceae_gen_Incertae_sedis",0,0,0,0,0,0,1,0,13,0,0,0,0,0,0,0,0,0,0,0,0,0,0,0,0
"OTU351.p__Ascomycota.g__Ascomycota_gen_Incertae_sedis",2,0,3,0,0,0,0,0,0,3,1,0,0,0,0,3,0,25,8,0,1,0,6,6,0
"OTU352.p__Ascomycota.g__Lulworthiaceae_gen_Incertae_sedis",0,0,3,1,1,0,1,0,2,0,0,0,0,0,0,1,0,0,0,0,0,0,0,0,0
"OTU353.p__Ascomycota.g__Teratoramularia",3,2,0,0,0,0,0,35,0,0,0,7,1,0,8,0,13,0,0,0,8,0,0,0,0
"OTU354.p__Ascomycota.g__Myrmecridium",0,0,0,0,0,2,0,0,0,1,0,0,3,0,0,0,0,0,0,0,0,0,0,0,0
"OTU355.p__Ascomycota.g__Fusarium",2,0,0,1,6,0,1,0,0,0,8,0,0,0,0,0,0,0,0,0,0,2,0,0,0
"OTU356.p__Ascomycota.g__Branch06_gen_Incertae_sedis",1,0,6,1,2,0,1,0,1,0,1,0,2,0,0,0,0,2,0,55,1,0,0,1,0
"OTU357.p__Basidiomycota.g__Auriculariales_gen_Incertae_sedis",0,0,0,0,0,0,0,0,0,1,0,1,0,2,0,0,0,0,0,0,0,0,0,0,0
"OTU358.p__Chytridiomycota.g__Spizellomyces",3,0,0,0,6,0,1,0,0,0,0,0,0,0,0,3,0,0,3,10,0,1,0,0,0
"OTU359.p__Ascomycota.g__Pyronemataceae_gen_Incertae_sedis",0,0,0,0,1,0,0,0,2,0,1,0,0,0,0,0,0,1,0,0,0,0,30,1,0
"OTU360.p__Basidiomycota.g__Meira",0,41,2,0,0,0,0,11,0,0,2,24,0,0,20,0,16,0,0,0,14,0,0,0,0
"OTU361.p__Ascomycota.g__Fusarium",1,0,0,3,0,0,2,0,0,1,0,0,0,0,0,1,0,4,1,18,0,0,1,1,0
"OTU362.p__Ascomycota.g__Ascobolus",0,0,0,0,2,0,1,0,0,0,0,0,0,0,0,0,0,0,0,0,1,1,3,4,1
"OTU363.p__Ascomycota.g__Sordariaceae_gen_Incertae_sedis",0,0,1,0,0,0,0,0,0,0,0,0,0,0,0,0,0,0,0,0,0,0,0,0,0
"OTU364.p__Basidiomycota.g__Coprinellus",0,0,0,0,0,0,2,0,0,0,2,0,2,0,0,0,0,0,0,0,3,0,0,0,0
"OTU365.p__Ascomycota.g__Fusarium",2,0,7,0,0,0,0,1,0,1,0,0,0,0,0,7,0,3,1,7,0,0,6,0,2
"OTU366.p__Ascomycota.g__Pyrenochaeta",0,0,0,0,0,0,4,0,2,0,0,0,6,0,0,0,0,0,0,0,0,2,11,8,1
"OTU367.p__Basidiomycota.g__Hannaella",2,9,1,0,0,0,0,10,0,2,2,0,0,1,6,0,7,0,0,0,3,0,0,0,0
"OTU368.p__Basidiomycota.g__Agaricomycetes_gen_Incertae_sedis",0,0,0,1,0,0,0,0,1,0,0,0,0,6,0,0,0,0,0,0,0,0,0,13,0
"OTU369.p__Ascomycota.g__Trichoderma",0,0,0,0,0,0,4,0,1,1,0,0,0,0,0,0,0,0,0,0,0,0,0,0,0
"OTU370.p__Ascomycota.g__Fusarium",0,0,11,4,0,0,0,0,0,0,0,0,0,0,0,0,0,0,0,0,0,0,0,0,0
"OTU371.p__Mucoromycota.g__Saksenaea",0,0,0,0,0,0,0,0,0,0,0,0,0,0,1,0,0,0,0,0,0,0,0,0,0
"OTU372.p__Basidiomycota.g__Exobasidiales_gen_Incertae_sedis",1,11,0,0,0,1,1,19,0,0,1,9,0,0,24,0,10,0,0,0,5,0,0,0,0
"OTU373.p__Ascomycota.g__Fusarium",1,0,4,0,0,0,0,0,1,0,1,0,0,0,0,0,0,0,0,0,0,0,0,0,0
"OTU374.p__Ascomycota.g__Fusarium",1,1,3,0,0,1,1,0,0,1,1,0,0,0,0,0,0,3,0,7,0,3,0,4,9
"OTU375.p__Ascomycota.g__Paraphaeosphaeria",0,0,0,0,0,0,2,16,0,0,0,22,0,0,6,0,12,0,0,0,10,0,0,0,1
"OTU376.p__Ascomycota.g__Pyronemataceae_gen_Incertae_sedis",0,0,0,0,0,2,0,0,0,0,1,0,0,0,0,0,0,0,0,0,0,0,0,0,0
"OTU377.p__Basidiomycota.g__Auriculariales_gen_Incertae_sedis",0,0,1,6,0,0,1,0,0,3,0,0,0,0,0,2,0,9,3,15,0,1,6,0,1
"OTU378.p__Basidiomycota.g__Psathyrella",0,0,0,0,0,0,0,0,0,0,0,0,0,0,0,0,0,0,0,0,0,0,0,0,0
"OTU379.p__Ascomycota.g__Fusarium",0,0,0,0,1,0,0,0,2,1,0,0,1,0,0,0,0,0,0,0,0,0,0,0,0
"OTU380.p__Ascomycota.g__Sarocladium",0,0,0,0,0,0,1,0,2,1,0,0,0,0,0,0,1,0,1,0,0,0,0,0,0
"OTU381.p__Glomeromycota.g__Glomeraceae_gen_Incertae_sedis",0,1,0,0,0,0,0,0,0,0,0,0,0,0,0,0,0,0,0,0,0,0,0,2,0
"OTU382.p__Basidiomycota.g__Coprinopsis",0,0,0,0,0,0,0,0,22,0,0,0,0,0,0,0,0,0,0,0,0,0,0,0,0
"OTU383.p__Basidiomycota.g__Coprinus",0,0,0,0,0,0,0,0,0,0,0,0,0,0,0,0,0,0,0,0,0,0,0,0,0
"OTU384.p__Basidiomycota.g__Agaricales_gen_Incertae_sedis",3,0,0,1,0,0,0,0,1,2,0,0,0,0,0,8,0,2,2,5,0,2,1,0,0
"OTU385.p__Basidiomycota.g__Agaricomycetes_gen_Incertae_sedis",0,0,0,0,0,0,0,0,0,0,0,0,0,0,0,0,0,0,0,0,0,0,0,0,0
"OTU386.p__Ascomycota.g__Acremonium",0,0,0,2,0,1,0,0,0,0,0,0,0,0,0,0,0,0,0,0,0,0,0,0,0
"OTU387.p__Ascomycota.g__Chaetothyriales_gen_Incertae_sedis",1,0,0,0,0,0,0,0,0,0,0,0,0,0,0,0,0,0,0,0,0,0,0,0,0
"OTU388.p__Ascomycota.g__Chaetothyriales_gen_Incertae_sedis",0,0,0,0,0,0,0,0,0,0,0,0,0,0,0,0,0,0,0,1,0,0,0,0,0
"OTU389.p__Glomeromycota.g__Entrophospora",0,0,2,0,1,0,0,0,0,2,0,0,0,0,0,0,0,0,0,0,1,0,6,1,0
"OTU390.p__Basidiomycota.g__Auriculariales_gen_Incertae_sedis",0,0,0,0,3,0,0,0,0,0,0,0,0,0,0,0,0,0,0,0,0,1,0,1,0
"OTU391.p__Ascomycota.g__Ascomycota_gen_Incertae_sedis",0,0,0,0,0,0,0,0,1,2,2,0,49,0,0,0,0,0,0,0,0,0,0,1,0
"OTU392.p__Basidiomycota.g__Sebacinales_gen_Incertae_sedis",0,0,0,0,0,0,1,1,0,6,0,0,2,0,0,0,0,0,0,0,0,13,14,12,4
"OTU393.p__Basidiomycota.g__Carlosrosaea",0,17,0,0,1,0,0,6,0,0,0,2,0,0,7,0,2,0,0,0,10,0,0,0,0
"OTU394.p__Ascomycota.g__Fusarium",0,0,0,0,3,0,3,0,2,4,1,1,2,0,0,1,0,0,0,0,0,0,0,0,0
"OTU395.p__Ascomycota.g__Septoriella",0,0,1,1,0,0,0,0,1,0,0,0,0,0,0,0,1,0,0,0,0,0,0,0,0
"OTU396.p__Ascomycota.g__Preussia",0,0,1,2,3,0,1,0,0,0,0,0,1,0,0,0,1,1,0,0,0,9,1,0,14
"OTU397.p__Chytridiomycota.g__Spizellomyces",0,0,0,0,0,0,0,0,0,0,0,0,4,0,0,0,0,0,0,0,0,0,0,0,0
"OTU398.p__Ascomycota.g__Leohumicola",593,0,0,0,0,0,1,0,0,0,164,1,0,462,0,0,0,1,0,0,0,0,0,0,0
"OTU399.p__Ascomycota.g__Chaetomium",0,0,1,3,0,0,0,0,2,0,0,0,0,0,0,0,0,2,0,0,0,0,0,0,0
"OTU400.p__Ascomycota.g__Savoryellaceae_gen_Incertae_sedis",0,0,0,0,1,0,0,0,8,1,1,0,1,0,0,0,0,0,0,0,0,0,0,0,0
"OTU401.p__Ascomycota.g__Kernia",2,0,0,0,0,0,0,0,3,0,0,0,0,0,0,1,1,0,4,1,0,0,0,0,0
"OTU402.p__Ascomycota.g__Murispora",0,0,0,0,0,0,0,1,0,0,0,1,1,0,0,0,1,0,0,0,0,0,13,9,0
"OTU403.p__Basidiomycota.g__Malassezia",3,19,0,0,0,0,0,6,2,0,0,2,0,0,11,0,4,1,0,0,9,0,0,0,0
"OTU404.p__Ascomycota.g__Alfaria",0,0,0,0,0,0,1,0,0,0,0,0,0,0,0,0,1,0,0,0,0,0,0,0,0
"OTU405.p__Ascomycota.g__Hypocreales_gen_Incertae_sedis",0,0,0,0,0,0,2,0,0,0,0,0,1,0,0,0,0,0,0,0,0,0,0,0,0
"OTU406.p__Basidiomycota.g__Cryptococcus",0,0,0,0,2,0,1,5,0,5,2,0,0,0,1,0,3,0,0,0,1,0,0,0,0
"OTU407.p__Chytridiomycota.g__Chytridiomycota_gen_Incertae_sedis",0,0,0,0,0,0,0,0,0,0,0,0,0,0,0,0,0,0,0,0,0,0,0,0,0
"OTU408.p__Ascomycota.g__Fusarium",1,0,0,0,0,0,0,10,3,0,3,1,1,3,7,0,4,3,0,0,3,12,2,4,2
"OTU409.p__Ascomycota.g__Colletotrichum",0,27,0,0,0,0,0,9,0,0,1,7,0,0,4,0,1,0,0,0,4,0,0,0,1
"OTU410.p__Ascomycota.g__Chloridium",2,0,0,0,0,0,0,3,0,2,0,6,0,0,3,0,0,0,0,0,0,0,0,0,0
"OTU411.p__Glomeromycota.g__Rhizophagus",0,0,0,0,0,0,0,0,0,1,0,0,0,0,0,5,0,14,0,1,0,0,0,0,0
"OTU412.p__Ascomycota.g__Lasiosphaeriaceae_gen_Incertae_sedis",1,0,1,0,3,0,0,0,0,0,0,0,1,0,0,0,0,0,0,0,0,0,0,0,0
"OTU413.p__Ascomycota.g__Fusarium",0,0,0,0,0,0,0,0,0,0,0,0,0,0,0,0,0,0,0,0,0,0,0,0,0
"OTU414.p__Basidiomycota.g__Coprinellus",0,0,0,0,3,0,0,0,1,0,0,0,0,0,0,0,0,0,0,0,0,0,0,0,0
"OTU415.p__Ascomycota.g__Fusarium",0,0,3,0,0,0,1,0,0,0,0,0,0,0,0,0,0,0,0,0,0,0,0,0,0
"OTU416.p__Ascomycota.g__Ascomycota_gen_Incertae_sedis",3,0,0,0,0,0,0,0,1,0,4,0,0,0,0,0,0,0,0,0,0,0,0,0,0
"OTU417.p__Fungi_phy_Incertae_sedis.g__Fungi_gen_Incertae_sedis",0,0,1,0,0,0,0,0,5,0,0,0,0,0,1,0,1,0,0,1,0,0,1,0,0
"OTU418.p__Basidiomycota.g__Thanatephorus",0,0,0,0,0,0,0,0,2,2,0,0,0,0,0,0,0,0,0,3,0,0,0,1,0
"OTU419.p__Ascomycota.g__Lasiosphaeriaceae_gen_Incertae_sedis",0,0,0,0,0,0,1,4,0,0,0,0,0,0,0,0,1,0,0,0,0,2,0,3,0
"OTU420.p__Basidiomycota.g__Auriculariales_gen_Incertae_sedis",0,0,0,0,0,0,0,0,1,1,0,0,0,0,0,0,0,0,0,0,0,0,0,0,0
"OTU421.p__Ascomycota.g__Hypocreales_gen_Incertae_sedis",5,0,0,0,0,0,0,1,0,0,0,0,0,0,0,0,0,0,0,0,0,0,0,0,0
"OTU422.p__Ascomycota.g__Hypocreales_gen_Incertae_sedis",0,0,0,304,0,0,0,0,0,0,0,0,0,0,0,0,0,0,0,0,0,0,0,0,0
"OTU423.p__Ascomycota.g__Fusarium",1,1,0,0,0,0,0,0,0,0,0,0,1,0,0,0,1,0,0,0,0,0,0,0,0
"OTU424.p__Mortierellomycota.g__Mortierella",0,0,0,0,0,0,0,0,0,0,0,0,0,0,0,0,0,0,0,0,0,0,0,0,0
"OTU425.p__Basidiomycota.g__Uncobasidium",0,0,2,0,0,0,0,0,0,0,0,0,0,0,0,1,0,0,0,0,0,0,0,0,0
"OTU426.p__Glomeromycota.g__Funneliformis",3,2,3,0,0,0,0,0,2,1,4,1,1,0,0,0,1,0,0,32,0,0,3,0,2
"OTU427.p__Ascomycota.g__Ascomycota_gen_Incertae_sedis",0,0,0,0,0,0,1,0,0,4,0,0,0,0,0,0,0,0,0,0,0,0,0,29,0
"OTU428.p__Basidiomycota.g__Hodophilus",0,0,0,99,0,0,0,0,0,0,0,11,137,0,1,0,0,0,0,0,0,0,0,0,0
"OTU429.p__Chytridiomycota.g__Rhizophlyctis",0,0,3,0,0,0,0,1,0,0,0,1,0,0,0,0,0,0,0,0,1,3,10,0,20
"OTU430.p__Ascomycota.g__Fusarium",1,0,0,0,0,0,0,0,1,0,0,0,0,0,0,0,0,0,0,0,0,0,0,0,0
"OTU431.p__Ascomycota.g__Trichoderma",0,0,1,0,13,0,0,0,0,0,286,0,0,0,1,0,0,0,0,0,0,0,0,0,7
"OTU432.p__Ascomycota.g__Chaetomium",2,1,0,1,0,0,1,0,1,2,0,0,0,2,0,4,0,3,5,2,0,0,0,0,0
"OTU433.p__Ascomycota.g__Onygenales_gen_Incertae_sedis",1,0,4,0,0,0,0,0,0,0,0,0,0,0,0,0,0,0,0,0,0,0,0,0,0
"OTU434.p__Chytridiomycota.g__Spizellomycetales_gen_Incertae_sedis",0,0,0,0,0,0,0,0,0,2,0,0,0,0,0,0,0,1,0,0,0,0,0,0,0
"OTU435.p__Ascomycota.g__Pithoascus",0,0,0,0,0,199,0,6,0,0,0,0,0,0,0,1,0,0,0,0,0,0,0,0,0
"OTU436.p__Basidiomycota.g__Peniophora",0,0,0,2,0,0,0,1,0,0,0,1,0,0,0,0,0,0,0,0,0,15,10,0,0
"OTU437.p__Kickxellomycota.g__Ramicandelaber",0,0,0,6,0,0,0,0,0,2,0,0,1,0,0,8,0,0,0,18,0,1,0,0,1
"OTU438.p__Basidiomycota.g__Saitozyma",0,5,0,1,0,0,0,0,2,0,0,0,0,0,1,0,1,0,0,0,0,0,0,0,0
"OTU440.p__Mortierellomycota.g__Mortierellomycota_gen_Incertae_sedis",0,0,0,0,0,0,0,0,0,0,0,0,6,0,0,0,0,0,0,0,0,0,0,0,0
"OTU441.p__Fungi_phy_Incertae_sedis.g__Fungi_gen_Incertae_sedis",0,0,1,0,0,0,0,1,0,0,0,0,0,147,0,0,0,0,0,0,0,0,0,0,0
"OTU442.p__Ascomycota.g__Keissleriella",0,0,0,0,0,0,0,0,0,0,2,0,2,0,0,0,0,0,0,0,0,0,0,0,0
"OTU443.p__Mortierellomycota.g__Mortierella",0,0,0,0,0,0,0,0,0,0,0,0,0,0,0,0,0,0,0,0,0,0,0,0,0
"OTU444.p__Basidiomycota.g__Carlosrosaea",2,20,1,0,0,0,0,22,0,2,0,23,0,0,15,0,3,0,0,0,2,0,0,0,0
"OTU445.p__Ascomycota.g__Chaetomella",0,29,68,0,0,0,0,3,0,0,0,8,0,0,3,0,1,0,0,0,5,0,0,0,0
"OTU446.p__Ascomycota.g__Leotiales_gen_Incertae_sedis",0,0,0,0,0,0,0,0,0,0,0,0,0,0,0,0,0,0,0,1,0,0,0,0,0
"OTU447.p__Ascomycota.g__Dothideomycetes_gen_Incertae_sedis",0,17,1,1,0,0,0,15,1,6,1,0,0,0,6,0,5,0,0,0,8,0,0,0,0
"OTU448.p__Ascomycota.g__Trichothecium",0,0,1,0,0,4,1,0,0,0,0,0,0,0,0,0,0,0,0,0,0,0,0,0,0
"OTU449.p__Basidiomycota.g__Auriculariales_gen_Incertae_sedis",5,0,5,0,5,0,2,0,0,2,0,0,0,0,0,0,0,0,0,0,0,0,0,0,0
"OTU450.p__Ascomycota.g__Ascomycota_gen_Incertae_sedis",1,0,2,0,0,1,0,0,0,0,0,0,1,0,0,0,0,0,0,6,0,0,0,0,0
"OTU451.p__Ascomycota.g__Orbiliales_gen_Incertae_sedis",0,0,1,0,0,0,0,0,0,2,0,0,0,0,0,3,0,0,4,3,0,1,6,0,5
"OTU452.p__Ascomycota.g__Cistella",0,0,0,0,0,2,0,0,0,0,0,0,0,0,0,0,0,0,0,0,0,0,0,0,0
"OTU453.p__Ascomycota.g__Melanconiella",0,0,0,0,0,0,0,0,0,1,0,0,0,0,0,0,0,0,0,0,0,0,0,0,0
"OTU454.p__Ascomycota.g__Fusarium",0,0,1,0,0,0,1,0,0,5,1,0,0,0,0,4,1,4,0,15,0,0,0,0,0
"OTU455.p__Ascomycota.g__Trichophaeopsis",0,0,0,0,0,0,0,0,0,0,0,0,3,0,0,0,0,0,0,1,0,0,0,0,0
"OTU456.p__Ascomycota.g__Ascomycota_gen_Incertae_sedis",0,0,1,0,0,1,1,1,4,1,0,0,2,0,0,1,0,3,1,1,0,9,7,1,15
"OTU457.p__Glomeromycota.g__Septoglomus",0,0,0,0,1,0,1,0,0,0,0,0,1,0,0,0,1,0,0,0,1,0,0,0,0
"OTU458.p__Ascomycota.g__Acrophialophora",4,0,5,3,5,1,3,0,9,0,3,0,0,4,0,0,0,0,2,1,2,60,90,65,11
"OTU459.p__Basidiomycota.g__Multiclavula",7,13,0,0,0,0,1,16,3,1,0,0,0,0,7,0,14,0,0,0,11,0,0,0,0
"OTU460.p__Basidiomycota.g__Trechispora",0,0,0,288,0,0,0,0,0,0,0,0,0,0,0,0,0,0,0,0,0,0,0,0,0
"OTU461.p__Ascomycota.g__Cladosporium",1,0,0,0,0,0,0,1,0,0,1,16,0,0,12,0,7,0,3,1,5,0,0,0,0
"OTU462.p__Ascomycota.g__Diplogelasinospora",0,0,2,264,0,0,0,0,1,0,0,0,4,3,0,0,0,0,0,0,0,0,0,0,0
"OTU463.p__Ascomycota.g__Cephaliophora",0,0,0,2,0,0,0,0,0,1,0,0,0,1,0,0,0,0,0,1,0,0,0,0,0
"OTU464.p__Basidiomycota.g__Panaeolus",0,0,2,0,0,0,0,0,0,0,0,0,0,0,0,0,0,0,0,0,0,0,0,0,0
"OTU465.p__Ascomycota.g__Fusarium",0,0,0,0,0,0,0,0,4,0,0,0,0,0,0,0,0,0,0,0,0,0,0,0,0
"OTU466.p__Ascomycota.g__Pezicula",0,0,8,0,0,0,0,0,0,0,0,0,0,0,0,0,0,0,0,0,1,0,0,0,0
"OTU467.p__Basidiomycota.g__Agaricales_gen_Incertae_sedis",0,0,0,0,0,0,0,0,0,0,1,1,0,0,0,0,0,0,0,1,0,0,4,0,0
"OTU469.p__Ascomycota.g__Trematosphaeria",0,0,0,0,0,0,1,0,0,1,0,0,0,0,0,0,0,1,0,0,0,0,0,0,0
"OTU470.p__Glomeromycota.g__Rhizophagus",0,0,0,0,0,0,0,0,0,0,0,0,0,0,0,0,0,0,0,0,0,0,1,0,0
"OTU471.p__Glomeromycota.g__Rhizophagus",0,0,0,0,1,0,3,0,0,1,2,0,0,1,0,0,0,11,1,24,0,0,0,0,0
"OTU472.p__Mortierellomycota.g__Mortierella",0,0,0,0,0,0,0,0,0,0,0,0,0,0,0,0,0,0,0,0,0,0,0,0,0
"OTU473.p__Ascomycota.g__Teratoramularia",0,1,0,0,0,0,0,31,0,0,0,6,2,2,12,0,16,1,1,0,11,0,0,0,0
"OTU474.p__Basidiomycota.g__Thanatephorus",0,0,0,0,0,0,0,0,6,0,0,0,0,0,0,0,0,0,0,0,0,0,0,0,0
"OTU475.p__Chytridiomycota.g__Chytridiomycota_gen_Incertae_sedis",0,0,0,0,0,0,0,0,0,0,0,0,0,0,0,0,0,0,0,0,0,0,0,0,0
"OTU476.p__Ascomycota.g__Pezizales_gen_Incertae_sedis",0,0,0,0,0,0,3,0,0,0,0,0,0,0,0,0,0,0,0,0,0,0,0,2,0
"OTU477.p__Chytridiomycota.g__Betamyces",0,0,0,2,2,0,0,0,0,2,0,0,0,1,0,2,0,2,6,7,0,4,1,23,0
"OTU478.p__Ascomycota.g__Exserohilum",0,0,0,0,0,1,0,0,0,0,0,0,0,0,0,0,0,0,0,0,0,0,0,0,0
"OTU479.p__Basidiomycota.g__Agaricomycetes_gen_Incertae_sedis",0,0,0,0,0,0,0,0,0,0,0,0,0,0,0,0,3,0,0,0,0,0,0,0,0
"OTU481.p__Ascomycota.g__Vermispora",0,0,0,0,0,1,2,0,0,0,0,0,0,0,0,0,0,0,0,0,0,0,0,0,0
"OTU482.p__Ascomycota.g__Dothideomycetes_gen_Incertae_sedis",0,0,0,0,0,3,0,0,0,3,0,0,0,3,0,0,1,0,4,0,0,0,0,0,0
"OTU483.p__Basidiomycota.g__Clavulinopsis",0,0,0,0,0,0,0,0,0,0,247,0,0,0,0,0,0,0,0,0,0,0,0,0,0
"OTU484.p__Mortierellomycota.g__Mortierella",0,0,0,0,0,0,0,0,1,0,0,0,0,0,0,0,0,0,0,0,0,0,0,0,0
"OTU485.p__Basidiomycota.g__Rhodotorula",1,0,0,0,0,0,0,0,2,0,0,0,0,0,0,0,0,0,0,0,0,0,0,0,0
"OTU487.p__Glomeromycota.g__Dominikia",0,0,0,0,2,0,0,0,1,0,0,0,0,0,0,0,0,0,0,0,0,0,0,0,0
"OTU488.p__Ascomycota.g__Tremateia",0,0,0,0,1,1,0,0,0,0,0,0,0,0,0,0,0,0,0,0,0,0,0,1,0
"OTU489.p__Ascomycota.g__Articulospora",0,0,0,0,0,0,0,0,0,0,0,0,0,0,0,0,0,0,0,0,0,0,0,0,0
"OTU490.p__Basidiomycota.g__Ceratobasidium",0,0,0,0,18,0,0,0,0,0,1,0,0,0,0,0,0,0,0,0,0,0,0,0,0
"OTU491.p__Ascomycota.g__Cyanodermella",0,24,0,0,0,0,0,2,0,1,0,5,1,0,1,0,0,0,0,0,3,0,0,0,0
"OTU492.p__Basidiomycota.g__Basidiomycota_gen_Incertae_sedis",0,16,0,0,0,0,1,0,0,0,0,0,0,0,5,0,2,0,0,0,1,0,0,0,0
"OTU493.p__Ascomycota.g__Stemphylium",2,0,0,0,0,0,4,0,0,0,1,0,1,0,0,0,0,0,2,0,0,0,0,3,0
"OTU494.p__Ascomycota.g__Fusarium",0,0,1,0,0,0,0,0,0,0,0,1,0,0,0,0,0,0,0,0,0,0,0,0,0
"OTU495.p__Ascomycota.g__Teratoramularia",0,24,0,0,0,0,0,1,0,0,0,8,0,0,2,0,0,0,0,0,0,0,0,0,0
"OTU496.p__Basidiomycota.g__Tremellales_gen_Incertae_sedis",1,11,0,0,0,0,0,11,0,1,0,0,0,0,12,0,2,0,0,0,13,0,1,0,0
"OTU498.p__Ascomycota.g__Digitopodium",2,11,0,0,0,0,0,14,0,0,0,15,0,0,22,0,5,0,0,1,4,0,0,0,0
"OTU499.p__Chytridiomycota.g__Rhizophlyctidaceae_gen_Incertae_sedis",1,0,0,0,0,0,0,0,0,3,0,0,2,0,0,0,0,0,0,0,0,0,0,0,0
"OTU500.p__Ascomycota.g__Staphylotrichum",0,0,0,0,1,0,1,0,0,2,0,0,0,0,0,0,0,0,1,0,1,7,0,1,1
"OTU501.p__Ascomycota.g__Melanocarpus",4,0,1,0,0,0,0,0,0,0,0,0,0,0,0,0,0,1,0,0,0,0,0,0,0
"OTU502.p__Chytridiomycota.g__Chytridiomycota_gen_Incertae_sedis",0,0,0,0,0,0,0,0,0,16,0,0,0,1,0,0,0,0,0,0,0,0,0,0,0
"OTU503.p__Ascomycota.g__Halosphaeriaceae_gen_Incertae_sedis",0,0,0,0,0,0,1,0,0,0,0,0,0,0,0,0,0,0,0,0,0,0,0,0,0
"OTU504.p__Ascomycota.g__Fusarium",0,0,0,0,2,0,0,0,0,1,0,0,0,0,0,0,0,0,0,0,0,1,1,1,2
"OTU505.p__Ascomycota.g__Fusidium",0,0,0,0,0,0,1,0,0,0,0,0,1,0,0,0,1,0,0,1,0,5,9,3,0
"OTU507.p__Ascomycota.g__Fusarium",0,0,0,0,0,0,0,0,0,0,0,0,0,0,0,2,1,0,0,1,0,0,0,0,0
"OTU508.p__Ascomycota.g__Cercospora",1,30,0,0,0,0,0,1,0,0,0,8,0,0,7,0,9,0,0,0,10,0,0,1,0
"OTU509.p__Basidiomycota.g__Bulleribasidium",0,24,0,0,0,0,0,0,0,0,1,0,0,0,6,0,0,0,0,0,1,0,0,0,0
"OTU510.p__Ascomycota.g__Sporormiaceae_gen_Incertae_sedis",2,0,0,0,0,0,0,0,0,0,0,0,0,0,1,0,0,0,0,1,0,0,15,0,0
"OTU511.p__Ascomycota.g__Xylaria",0,0,1,0,0,0,0,0,224,1,0,0,0,0,1,0,0,0,0,0,0,0,0,0,0
"OTU512.p__Ascomycota.g__Teratoramularia",0,24,0,1,0,0,0,3,0,0,0,17,2,0,4,0,0,0,0,0,1,0,0,0,0
"OTU513.p__Basidiomycota.g__Auriculariales_gen_Incertae_sedis",1,0,0,0,2,0,0,0,0,2,0,0,0,0,0,0,0,0,0,0,0,0,0,0,0
"OTU514.p__Ascomycota.g__Neoschizothecium",0,0,0,0,0,2,2,1,3,6,0,0,0,0,0,1,0,1,0,0,1,3,0,0,0
"OTU515.p__Ascomycota.g__Sordariomycetes_gen_Incertae_sedis",0,0,0,0,0,1,0,0,0,0,0,0,0,0,0,0,0,0,0,0,0,0,4,11,0
"OTU516.p__Ascomycota.g__Cudoniaceae_gen_Incertae_sedis",0,0,0,208,0,1,0,0,0,0,0,0,0,0,0,0,0,0,0,0,0,0,0,0,0
"OTU517.p__Glomeromycota.g__Glomus",0,0,0,1,0,0,0,0,0,0,0,0,0,0,0,2,0,0,0,14,0,0,0,2,0
"OTU518.p__Ascomycota.g__Translucidithyrium",0,25,0,0,0,0,0,2,0,0,0,0,0,0,0,0,0,0,0,0,0,0,0,0,0
"OTU519.p__Ascomycota.g__Penicillium",0,0,0,0,0,0,0,0,2,0,0,0,0,0,0,0,0,0,0,0,0,0,0,0,0
"OTU520.p__Ascomycota.g__Ascomycota_gen_Incertae_sedis",2,0,0,0,0,169,0,0,0,0,0,0,0,0,0,0,0,0,0,0,0,0,0,0,0
"OTU521.p__Ascomycota.g__Polyscytalum",0,0,0,0,0,0,0,0,0,0,0,0,0,0,0,0,0,0,0,0,0,0,0,0,0
"OTU523.p__Ascomycota.g__Dichotomopilus",0,0,1,0,2,0,1,1,0,1,0,0,1,0,0,1,1,2,0,2,1,8,5,9,7
"OTU524.p__Ascomycota.g__Pleosporales_gen_Incertae_sedis",0,0,2,3,0,0,1,0,6,0,0,0,0,0,0,0,0,0,0,0,0,0,0,0,0
"OTU525.p__Basidiomycota.g__Agaricomycetes_gen_Incertae_sedis",0,0,0,0,0,0,0,0,3,0,0,0,0,2,0,0,0,0,0,0,0,0,0,0,0
"OTU526.p__Basidiomycota.g__Auriculariales_gen_Incertae_sedis",1,42,1,0,0,0,0,2,0,0,0,6,0,0,7,0,7,0,0,0,6,0,0,0,0
"OTU527.p__Basidiomycota.g__Stephanosporaceae_gen_Incertae_sedis",0,0,0,0,0,0,0,0,0,0,0,0,0,0,0,0,0,0,0,0,0,0,0,0,0
"OTU528.p__Ascomycota.g__Sesquicillium",0,0,0,0,0,0,0,0,0,2,0,0,3,0,0,0,0,0,0,0,0,0,0,0,0
"OTU529.p__Ascomycota.g__Penicillium",1,0,3,0,1,0,0,5,0,4,0,35,0,0,4,0,4,0,0,0,3,0,0,0,0
"OTU530.p__Basidiomycota.g__Agaricales_gen_Incertae_sedis",0,0,0,0,13,0,0,0,0,0,0,0,0,0,0,0,0,0,0,0,0,0,0,0,0
"OTU531.p__Basidiomycota.g__Entoloma",2,0,0,0,0,0,0,0,0,1,0,0,0,2,0,4,0,14,0,1,0,0,0,0,0
"OTU532.p__Basidiomycota.g__Agaricomycetes_gen_Incertae_sedis",0,0,0,0,0,0,0,0,4,0,0,0,0,0,0,0,0,0,0,0,0,0,0,0,0
"OTU533.p__Ascomycota.g__Herpotrichiellaceae_gen_Incertae_sedis",1,11,0,0,0,0,0,4,0,1,0,7,0,0,13,0,7,0,0,0,4,0,0,0,0
"OTU534.p__Ascomycota.g__Fusarium",0,0,1,0,0,0,1,0,0,0,0,0,0,0,0,0,0,2,0,4,0,0,5,4,2
"OTU535.p__Ascomycota.g__Fusarium",0,0,0,0,0,0,0,0,0,0,0,0,0,0,0,0,0,0,0,0,0,0,0,0,0
"OTU536.p__Ascomycota.g__Fusarium",0,0,0,0,0,0,1,0,0,0,1,0,1,0,0,0,0,1,1,14,0,0,0,1,0
"OTU537.p__Basidiomycota.g__Bulleribasidium",0,17,0,0,0,0,0,0,0,0,0,0,0,0,3,0,0,0,0,0,0,0,0,0,0
"OTU538.p__Ascomycota.g__Nectriaceae_gen_Incertae_sedis",0,0,0,1,0,2,0,4,0,0,0,0,0,1,0,0,1,0,0,0,1,0,1,0,0
"OTU539.p__Ascomycota.g__Candida",0,0,0,0,0,155,0,0,1,0,0,0,0,0,0,0,0,0,0,0,0,0,0,0,0
"OTU540.p__Ascomycota.g__Neoceratosperma",0,19,0,0,0,0,0,1,0,0,1,14,0,0,9,0,3,0,0,0,11,0,0,0,0
"OTU542.p__Fungi_phy_Incertae_sedis.g__Fungi_gen_Incertae_sedis",0,0,1,83,1,0,0,0,225,0,1,0,0,0,0,0,0,0,0,0,0,0,0,0,0
"OTU543.p__Ascomycota.g__Fusarium",0,0,0,0,0,0,1,0,2,0,0,0,0,0,0,0,0,1,0,0,0,1,0,0,2
"OTU545.p__Chytridiomycota.g__Chytridiomycetes_gen_Incertae_sedis",0,0,0,0,0,0,0,0,0,0,0,0,0,0,0,0,1,0,0,0,0,0,0,0,0
"OTU546.p__Ascomycota.g__Pleosporales_gen_Incertae_sedis",0,29,0,0,0,0,0,1,2,0,0,0,0,0,5,0,2,0,0,0,1,0,0,0,0
"OTU548.p__Basidiomycota.g__Saitozyma",0,0,1,0,0,0,0,0,0,0,0,0,0,0,0,0,0,0,0,0,0,0,0,0,0
"OTU549.p__Ascomycota.g__Sporormia",0,0,0,0,0,0,0,0,0,0,0,0,1,0,0,2,0,2,13,0,0,0,0,0,0
"OTU550.p__Ascomycota.g__Falciphora",0,0,0,2,0,0,0,0,1,0,0,0,0,0,0,0,0,0,0,0,0,0,0,0,0
"OTU552.p__Ascomycota.g__Ovatospora",0,0,0,0,0,0,0,0,1,0,0,0,2,0,1,2,0,0,2,0,0,2,9,3,1
"OTU553.p__Basidiomycota.g__Auriculariales_gen_Incertae_sedis",2,0,0,0,0,0,0,0,0,0,0,0,0,0,0,0,0,0,0,0,0,0,0,0,0
"OTU554.p__Basidiomycota.g__Marasmius",0,0,0,0,0,0,0,0,0,0,0,0,0,0,0,0,0,0,0,0,0,1,0,0,0
"OTU555.p__Ascomycota.g__Sordariomycetes_gen_Incertae_sedis",0,0,0,0,0,0,0,0,0,0,0,0,0,0,0,0,0,0,0,1,0,3,10,4,0
"OTU556.p__Chytridiomycota.g__Spizellomycetales_gen_Incertae_sedis",0,0,0,0,0,0,0,0,0,0,0,0,0,0,1,0,0,0,0,0,0,0,0,0,0
"OTU557.p__Basidiomycota.g__Tremellales_gen_Incertae_sedis",0,0,0,0,0,0,0,0,0,0,0,0,0,0,0,0,0,0,0,0,0,0,0,0,0
"OTU558.p__Ascomycota.g__Ceramothyrium",0,19,0,0,0,0,0,6,0,0,0,0,0,0,3,0,0,0,0,0,1,0,0,0,0
"OTU559.p__Ascomycota.g__Neodevriesia",0,0,0,0,0,0,0,0,0,0,0,0,0,0,0,0,0,0,0,0,0,0,0,0,0
"OTU560.p__Ascomycota.g__Sordariales_gen_Incertae_sedis",0,0,0,0,1,0,0,0,1,0,0,0,0,0,0,0,0,0,0,0,0,0,0,0,0
"OTU561.p__Ascomycota.g__Sordariales_gen_Incertae_sedis",3,0,0,0,0,184,0,0,0,0,0,0,0,0,0,0,0,0,0,0,0,0,0,0,0
"OTU562.p__Ascomycota.g__Fusarium",0,0,1,0,0,0,0,0,0,1,2,0,2,0,0,0,0,0,0,0,0,3,0,11,0
"OTU563.p__Basidiomycota.g__Auriculariales_gen_Incertae_sedis",0,0,0,0,1,0,0,0,1,0,0,0,2,0,0,0,0,0,0,0,0,0,0,0,0
"OTU564.p__Ascomycota.g__Cucurbitariaceae_gen_Incertae_sedis",0,0,0,0,0,0,0,0,0,3,0,0,0,0,0,0,0,0,0,0,0,0,0,0,0
"OTU565.p__Basidiomycota.g__Auriculariales_gen_Incertae_sedis",0,0,0,0,1,0,0,0,0,0,0,0,0,0,0,0,0,0,0,0,1,0,0,0,0
"OTU566.p__Ascomycota.g__Protomyces",0,33,0,0,0,0,0,0,0,0,0,0,0,0,1,0,0,0,1,0,0,0,0,0,0
"OTU567.p__Ascomycota.g__Knufia",0,41,0,0,0,0,0,11,1,0,0,9,0,0,4,0,2,0,0,0,8,0,0,0,0
"OTU568.p__Ascomycota.g__Sporothrix",0,0,0,0,0,0,0,1,0,0,0,0,0,0,0,0,1,2,0,0,0,5,6,4,4
"OTU569.p__Ascomycota.g__Gymnoascus",0,0,1,0,0,0,0,0,1,0,0,0,0,0,0,8,0,0,3,3,0,0,0,0,0
"OTU570.p__Ascomycota.g__Fusarium",0,0,0,0,0,0,0,0,1,1,0,1,0,0,0,0,0,1,0,0,0,14,0,6,1
"OTU571.p__Ascomycota.g__Fusarium",0,0,0,0,0,0,0,0,5,0,0,0,0,0,0,0,0,0,0,0,0,0,0,0,0
"OTU572.p__Ascomycota.g__Fusarium",0,0,0,0,0,0,1,0,2,0,0,0,0,0,0,2,0,16,3,0,0,0,0,0,0
"OTU573.p__Mortierellomycota.g__Mortierella",0,0,0,0,5,0,1,0,3,0,1,2,0,0,0,6,0,1,13,0,0,4,3,12,0
"OTU574.p__Ascomycota.g__Sordariales_gen_Incertae_sedis",0,0,0,0,0,0,0,0,0,0,0,0,0,0,1,0,0,2,0,2,0,2,0,5,1
"OTU575.p__Ascomycota.g__Fusarium",0,0,0,0,0,0,0,0,2,0,0,0,0,0,0,0,0,0,0,0,0,0,0,0,0
"OTU576.p__Ascomycota.g__Podospora",0,0,0,0,0,0,0,0,0,0,0,0,0,0,1,0,0,2,0,1,0,1,1,0,0
"OTU577.p__Basidiomycota.g__Vishniacozyma",1,13,0,0,0,0,0,6,1,0,0,3,0,1,10,0,2,0,0,0,10,0,0,0,0
"OTU578.p__Basidiomycota.g__Stephanosporaceae_gen_Incertae_sedis",0,0,0,0,0,0,5,0,0,4,0,0,0,0,0,0,0,0,0,0,0,0,0,0,0
"OTU579.p__Basidiomycota.g__Auriculariales_gen_Incertae_sedis",0,0,0,0,1,0,0,0,1,0,1,0,0,0,0,0,0,0,0,0,0,0,0,0,0
"OTU580.p__Ascomycota.g__Staphylotrichum",2,0,0,0,0,0,0,0,0,0,0,0,0,0,1,0,0,0,0,0,0,0,1,0,0
"OTU581.p__Ascomycota.g__Helicoma",0,0,0,0,2,0,0,0,1,0,0,40,1,0,2,0,4,0,0,0,2,0,0,0,0
"OTU582.p__Ascomycota.g__Cryptophiale",0,0,2,0,0,0,0,0,1,0,0,0,0,0,0,0,0,0,0,0,0,0,0,0,0
"OTU583.p__Ascomycota.g__Parawilcoxina",0,0,0,0,3,0,0,0,0,0,0,0,0,3,0,0,0,0,0,0,0,0,0,1,0
"OTU584.p__Ascomycota.g__Pyrenochaetopsis",0,0,0,0,0,0,0,0,0,0,0,0,1,0,0,0,0,0,0,0,0,0,0,0,0
"OTU585.p__Ascomycota.g__Sarcopodium",0,28,0,0,0,0,0,2,0,0,0,0,0,0,1,0,0,0,0,0,0,0,0,0,0
"OTU586.p__Ascomycota.g__GS35_gen_Incertae_sedis",0,0,0,0,0,0,0,0,0,0,0,0,0,0,0,0,0,0,0,0,0,0,2,0,0
"OTU587.p__Ascomycota.g__Eurotiomycetes_gen_Incertae_sedis",0,0,1,0,0,0,0,0,0,0,0,0,0,0,0,0,0,0,0,0,0,0,0,0,0
"OTU588.p__Ascomycota.g__Hymenoscyphus",0,0,0,0,0,0,0,0,0,0,206,0,0,0,0,0,0,0,0,0,0,0,0,0,0
"OTU589.p__Chytridiomycota.g__Gromochytrium",0,0,1,0,0,2,3,0,0,0,0,0,0,0,0,0,0,0,0,0,0,0,0,0,0
"OTU590.p__Ascomycota.g__Pseudoechria",0,0,0,0,0,0,0,0,0,0,0,0,0,0,0,2,0,1,1,0,0,0,0,0,0
"OTU592.p__Basidiomycota.g__Sporobolomyces",1,0,2,0,0,0,1,18,0,2,3,3,0,5,19,0,25,0,0,0,10,0,0,0,0
"OTU593.p__Ascomycota.g__Magnaporthiopsis",0,0,0,0,0,0,0,0,3,0,0,0,0,0,0,0,0,0,0,0,0,0,0,0,0
"OTU594.p__Basidiomycota.g__Kockovaella",0,27,0,0,0,0,0,0,0,0,0,2,0,0,0,0,0,0,0,0,0,0,0,0,0
"OTU595.p__Fungi_phy_Incertae_sedis.g__Fungi_gen_Incertae_sedis",0,0,0,0,0,0,0,0,0,0,0,0,0,0,0,12,0,3,0,1,0,0,0,0,0
"OTU596.p__Ascomycota.g__Pezizomycotina_gen_Incertae_sedis",0,0,0,0,0,0,0,0,0,0,0,0,0,0,0,0,0,0,0,0,0,0,0,0,0
"OTU597.p__Ascomycota.g__Pleosporales_gen_Incertae_sedis",0,0,0,0,0,1,0,4,0,0,0,0,0,0,0,0,1,0,0,0,2,0,0,0,0
"OTU598.p__Ascomycota.g__Capronia",0,0,0,0,0,0,0,0,0,0,0,0,0,0,0,0,0,1,0,0,0,0,0,0,0
"OTU599.p__Ascomycota.g__Ceramothyrium",0,17,0,0,0,0,0,0,0,0,0,0,0,0,2,0,2,0,0,0,1,0,0,0,0
"OTU600.p__Ascomycota.g__Fusarium",0,0,0,3,0,0,0,0,1,0,0,0,0,0,0,0,0,0,0,0,0,0,0,0,0
"OTU601.p__Ascomycota.g__Fusarium",1,0,1,0,0,0,0,0,0,0,1,0,0,0,0,0,0,0,0,0,0,0,0,0,0
"OTU602.p__Ascomycota.g__Hansfordia",0,18,0,0,0,0,0,0,0,0,1,0,0,0,5,0,1,0,0,0,0,0,0,0,0
"OTU603.p__Chytridiomycota.g__Spizellomycetales_gen_Incertae_sedis",0,0,0,0,0,0,0,0,0,0,0,0,0,0,0,0,0,0,0,0,0,0,0,0,0
"OTU604.p__Chytridiomycota.g__Chytridiomycota_gen_Incertae_sedis",0,0,1,0,0,0,1,0,0,0,0,1,0,0,0,0,0,0,1,3,0,13,2,3,1
"OTU605.p__Basidiomycota.g__Subulicystidium",1,0,0,0,0,0,0,0,0,0,1,0,0,0,0,0,0,0,0,0,0,10,3,1,0
"OTU606.p__Ascomycota.g__Ascomycota_gen_Incertae_sedis",0,0,4,0,0,0,0,0,1,0,0,0,0,2,0,1,3,16,6,3,0,0,0,0,0
"OTU607.p__Chytridiomycota.g__Spizellomyces",0,0,1,0,0,0,0,0,1,0,0,0,0,0,0,0,0,0,0,0,0,0,1,0,1
"OTU608.p__Ascomycota.g__Teratosphaeria",0,0,0,0,0,0,0,0,0,0,0,0,0,0,0,0,1,0,0,0,1,0,0,0,0
"OTU609.p__Ascomycota.g__Schwanniomyces",0,0,0,0,0,0,0,0,0,0,0,0,0,1,0,0,0,0,0,0,0,0,0,0,0
"OTU610.p__Ascomycota.g__Pleopunctum",283,0,0,0,0,0,0,0,0,0,0,0,0,0,0,0,0,0,0,0,0,0,0,0,0
"OTU611.p__Glomeromycota.g__Glomeraceae_gen_Incertae_sedis",0,0,0,0,0,0,0,0,0,0,2,0,0,0,0,0,0,0,0,0,0,0,0,0,0
"OTU612.p__Glomeromycota.g__Glomeraceae_gen_Incertae_sedis",0,0,0,0,0,0,0,0,0,0,1,1,0,0,0,1,0,0,0,1,0,0,0,1,0
"OTU613.p__Basidiomycota.g__Conocybe",0,0,0,0,0,0,0,0,0,0,0,0,0,0,0,0,0,0,0,0,0,0,0,0,0
"OTU614.p__Ascomycota.g__Podospora",0,0,0,0,0,0,0,0,0,0,0,0,0,0,0,0,0,0,0,0,0,0,0,0,0
"OTU615.p__Ascomycota.g__Sordariomycetes_gen_Incertae_sedis",0,0,0,0,0,0,1,0,0,0,0,0,0,0,0,1,0,0,1,0,0,0,0,1,0
"OTU616.p__Ascomycota.g__Acremonium",0,0,0,0,1,0,0,0,1,1,0,0,0,0,0,0,0,0,2,0,0,0,2,3,0
"OTU617.p__Ascomycota.g__Fusarium",4,0,1,0,1,0,0,0,0,0,0,0,0,0,0,0,0,0,0,0,0,8,2,4,8
"OTU618.p__Glomeromycota.g__Rhizophagus",0,0,0,0,1,0,0,0,0,2,0,0,0,0,0,7,0,3,0,2,0,0,0,0,0
"OTU619.p__Ascomycota.g__Corynespora",0,14,0,0,0,0,0,0,0,0,0,0,0,0,0,0,0,0,0,0,1,0,0,0,0
"OTU620.p__Ascomycota.g__Fusarium",3,0,5,1,0,0,0,0,0,0,0,0,0,0,0,0,0,0,0,0,0,0,0,0,0
"OTU621.p__Basidiomycota.g__Dioszegia",0,0,0,0,0,1,1,3,3,0,0,0,0,0,1,0,2,0,0,0,0,0,0,0,0
"OTU622.p__Basidiomycota.g__Auriculariales_gen_Incertae_sedis",0,0,2,0,1,0,0,0,0,4,1,1,1,1,0,13,0,8,3,24,1,9,11,3,5
"OTU623.p__Basidiomycota.g__Symmetrospora",0,0,0,0,0,0,0,0,2,1,0,0,0,0,2,0,2,0,0,1,2,0,0,0,0
"OTU624.p__Basidiomycota.g__Hygrocybe",0,0,0,0,0,0,0,0,0,1,0,0,0,0,0,0,0,0,0,0,0,0,0,0,0
"OTU625.p__Chytridiomycota.g__Rhizophydiales_gen_Incertae_sedis",0,0,0,0,0,0,0,0,1,0,0,1,0,0,0,2,0,0,1,6,0,1,0,1,0
"OTU626.p__Basidiomycota.g__Agaricomycetes_gen_Incertae_sedis",0,0,0,0,0,0,0,0,0,0,0,0,0,0,0,0,0,0,0,0,0,0,0,0,0
"OTU627.p__Ascomycota.g__Herpotrichiellaceae_gen_Incertae_sedis",0,0,0,0,0,0,0,0,0,0,0,0,0,1,0,0,0,0,0,0,0,4,5,6,3
"OTU628.p__Glomeromycota.g__Glomeraceae_gen_Incertae_sedis",0,0,0,0,0,0,0,0,0,0,1,0,0,0,0,0,0,0,0,0,0,0,0,1,0
"OTU629.p__Basidiomycota.g__Pseudozyma",0,0,0,0,0,0,0,9,0,0,0,6,0,0,14,1,3,0,0,0,4,0,0,0,0
"OTU630.p__Ascomycota.g__Dermateaceae_gen_Incertae_sedis",1,0,1,0,0,123,0,0,0,0,0,0,0,0,0,0,0,0,0,0,0,0,0,0,0
"OTU631.p__Fungi_phy_Incertae_sedis.g__Fungi_gen_Incertae_sedis",1,0,0,0,0,0,0,0,0,0,0,0,0,0,0,0,0,0,0,0,0,7,0,3,4
"OTU632.p__Ascomycota.g__Coniothyrium",0,0,0,0,0,0,1,0,0,0,0,0,0,0,0,0,0,0,0,0,0,0,0,0,0
"OTU633.p__Ascomycota.g__Cephaliophora",0,0,0,0,1,0,0,0,0,0,0,0,0,0,0,0,0,0,0,0,0,0,1,0,0
"OTU634.p__Ascomycota.g__Saccharomycetaceae_gen_Incertae_sedis",0,0,0,0,0,0,0,0,7,0,0,0,0,0,0,0,0,0,0,0,0,0,0,0,0
"OTU635.p__Chytridiomycota.g__Chytridiomycota_gen_Incertae_sedis",1,0,0,0,0,0,0,0,0,0,0,0,0,0,0,0,0,0,0,0,0,0,0,0,0
"OTU636.p__Ascomycota.g__Fusarium",0,0,0,0,0,0,0,0,0,0,1,0,0,2,0,0,0,0,0,0,0,0,0,0,0
"OTU637.p__Ascomycota.g__Xylariaceae_gen_Incertae_sedis",0,0,0,0,0,0,0,0,0,0,178,0,0,0,0,0,0,0,0,0,0,0,0,0,0
"OTU638.p__Kickxellomycota.g__Ramicandelaber",0,0,0,0,0,0,0,0,0,2,0,0,0,0,0,0,0,0,0,0,0,9,8,3,3
"OTU639.p__Ascomycota.g__Strelitziana",0,11,0,0,0,0,0,4,0,0,0,0,0,0,0,0,3,0,0,0,1,0,0,0,0
"OTU640.p__Ascomycota.g__Amphisphaeria",1,10,0,0,3,0,0,5,0,0,0,5,0,0,1,0,1,0,0,0,2,0,0,0,0
"OTU641.p__Ascomycota.g__Stictidaceae_gen_Incertae_sedis",0,0,0,0,0,0,0,3,0,0,0,28,0,1,4,0,4,0,0,0,2,0,0,0,0
"OTU642.p__Basidiomycota.g__Auriculariales_gen_Incertae_sedis",0,0,0,1,0,0,0,0,0,0,0,0,0,0,0,0,0,0,0,0,0,0,0,0,0
"OTU643.p__Ascomycota.g__Acremonium",1,0,2,0,0,0,0,0,0,0,0,0,0,0,0,3,0,0,9,2,0,0,0,0,0
"OTU644.p__Ascomycota.g__Cladophialophora",0,21,0,1,0,0,0,0,0,0,0,0,0,0,0,0,0,0,0,0,0,0,0,0,0
"OTU645.p__Ascomycota.g__Retiarius",0,0,0,0,0,0,0,0,0,0,0,0,0,0,0,0,0,0,0,0,0,0,0,0,0
"OTU646.p__Ascomycota.g__Hypocreales_gen_Incertae_sedis",0,0,0,1,0,0,0,0,0,0,0,0,0,4,0,1,0,0,0,0,0,0,0,0,0
"OTU647.p__Glomeromycota.g__Rhizophagus",0,0,0,0,0,0,0,0,0,0,0,0,2,0,0,0,0,0,0,0,0,0,0,0,0
"OTU648.p__Ascomycota.g__Strelitziana",0,20,0,0,0,0,0,0,0,0,0,0,0,0,0,0,1,0,0,0,0,0,0,0,0
"OTU649.p__Basidiomycota.g__Psathyrella",0,0,0,0,0,2,0,0,0,0,0,0,0,0,0,1,0,0,0,0,0,0,0,0,0
"OTU650.p__Ascomycota.g__Ascomycota_gen_Incertae_sedis",0,0,2,1,0,0,0,0,0,0,0,0,1,0,0,0,0,0,0,0,0,2,1,0,0
"OTU651.p__Chytridiomycota.g__Spizellomycetales_gen_Incertae_sedis",0,0,0,0,0,0,0,0,2,0,0,0,0,0,0,0,0,0,0,0,0,0,0,0,0
"OTU652.p__Ascomycota.g__Scopulariopsis",0,0,1,0,0,0,0,0,0,0,0,0,0,0,0,1,0,0,0,0,0,0,0,0,0
"OTU653.p__Ascomycota.g__Fusarium",0,0,0,0,0,0,0,0,0,1,0,0,0,0,0,0,0,1,0,0,0,2,3,3,1
"OTU654.p__Chytridiomycota.g__Lobulomycetales_gen_Incertae_sedis",0,0,0,0,0,0,0,0,0,0,0,0,0,0,0,0,0,0,0,0,0,0,0,0,1
"OTU655.p__Ascomycota.g__Fusarium",0,0,0,0,0,0,0,0,0,0,0,1,0,0,0,0,0,0,0,0,0,0,0,0,0
"OTU656.p__Ascomycota.g__Leotiaceae_gen_Incertae_sedis",0,28,1,0,0,0,1,5,0,1,0,0,0,1,4,0,9,0,0,0,0,0,0,0,0
"OTU657.p__Glomeromycota.g__Rhizophagus",0,0,0,0,0,0,0,0,0,0,0,0,0,0,0,0,0,9,1,1,0,0,0,0,0
"OTU658.p__Ascomycota.g__Humicola",2,0,0,0,4,2,4,11,5,1,0,10,1,0,9,0,9,0,0,0,3,20,8,23,13
"OTU659.p__Ascomycota.g__Ceramothyrium",0,1,0,1,0,0,0,20,0,0,2,13,0,0,16,0,2,0,0,0,10,0,0,0,0
"OTU660.p__Ascomycota.g__Herpotrichiellaceae_gen_Incertae_sedis",0,0,0,0,0,0,202,0,0,0,0,0,0,0,0,0,0,0,0,0,0,0,0,0,0
"OTU661.p__Basidiomycota.g__Geminibasidium",0,0,0,0,0,0,0,0,1,0,0,0,504,0,0,2,0,0,0,0,0,0,0,0,0
"OTU662.p__Ascomycota.g__Coniosporium",0,4,0,0,0,0,0,4,0,1,0,16,0,0,6,0,5,0,0,0,4,0,0,0,0
"OTU663.p__Kickxellomycota.g__Ramicandelaber",0,0,0,0,0,0,1,0,0,0,0,0,0,0,0,0,0,0,0,0,0,1,10,1,1
"OTU664.p__Ascomycota.g__Ramichloridium",0,0,0,0,0,0,2,0,0,0,0,0,0,0,0,0,0,0,0,0,0,0,0,0,0
"OTU665.p__Glomeromycota.g__Glomus",0,0,0,0,0,0,0,0,0,0,0,0,0,0,0,0,0,0,0,0,0,2,0,0,0
"OTU666.p__Ascomycota.g__Microascus",2,0,1,0,0,0,0,0,0,1,0,0,0,0,0,8,0,2,3,3,0,0,0,0,0
"OTU667.p__Ascomycota.g__Eurotiomycetes_gen_Incertae_sedis",0,0,1,0,0,0,0,0,0,2,0,0,0,0,0,3,0,3,0,2,0,0,0,0,0
"OTU668.p__Basidiomycota.g__Auriculariales_gen_Incertae_sedis",0,0,1,0,0,0,0,0,1,0,0,0,0,0,0,0,0,0,0,0,0,0,0,0,0
"OTU669.p__Chytridiomycota.g__Spizellomycetales_gen_Incertae_sedis",1,0,0,0,0,0,0,0,0,2,0,0,1,0,0,0,0,0,0,0,0,0,0,6,0
"OTU670.p__Ascomycota.g__Thermomyces",0,0,0,0,0,0,0,0,1,0,0,0,0,0,0,0,0,0,0,0,0,0,0,0,0
"OTU671.p__Ascomycota.g__Arthrographis",0,0,0,0,0,0,0,0,0,0,0,0,0,0,0,0,0,0,1,0,0,0,0,0,0
"OTU672.p__Ascomycota.g__Fusarium",3,0,0,0,0,0,0,0,2,3,0,0,0,0,0,0,0,0,0,0,0,0,0,0,0
"OTU673.p__Ascomycota.g__Pleosporales_gen_Incertae_sedis",13,0,0,0,1,0,0,0,0,0,0,0,0,0,0,0,0,0,0,0,0,0,1,0,0
"OTU674.p__Ascomycota.g__Microascus",1,1,0,0,0,0,0,0,0,0,0,0,0,0,0,1,0,0,0,1,0,0,0,0,0
"OTU675.p__Ascomycota.g__Pezicula",0,20,0,0,0,0,0,3,0,0,0,0,0,0,0,0,4,0,0,0,0,0,0,0,0
"OTU676.p__Ascomycota.g__Ochroconis",0,0,0,0,0,0,0,0,0,3,0,0,0,0,0,3,1,3,1,2,0,0,0,2,1
"OTU677.p__Ascomycota.g__Fusarium",0,0,0,0,0,0,0,0,0,0,0,0,0,0,0,0,0,0,0,0,0,0,0,0,0
"OTU678.p__Ascomycota.g__Trichoderma",7,0,0,0,0,0,0,0,0,0,0,1,0,0,0,0,0,0,0,0,0,0,0,0,0
"OTU679.p__Basidiomycota.g__Auriculariales_gen_Incertae_sedis",7,0,0,0,0,0,0,0,0,0,0,0,0,0,0,0,0,0,0,0,0,0,0,0,0
"OTU680.p__Ascomycota.g__Eucalyptostroma",0,0,0,0,0,0,0,0,0,0,0,0,0,0,0,0,0,0,0,0,0,0,0,0,1
"OTU681.p__Ascomycota.g__Gliomastix",0,0,0,0,0,0,0,0,0,0,1,0,2,0,0,0,0,0,0,0,0,1,0,0,0
"OTU682.p__Ascomycota.g__Sordariomycetes_gen_Incertae_sedis",0,0,0,0,0,0,0,0,0,0,0,0,0,0,0,0,0,0,0,0,0,0,0,0,0
"OTU683.p__Ascomycota.g__Microascus",0,0,0,0,0,87,0,0,2,0,0,0,0,0,0,0,0,1,5,0,1,0,0,2,2
"OTU684.p__Ascomycota.g__Staphylotrichum",0,0,0,0,1,0,0,0,0,0,0,0,0,0,0,0,0,0,0,0,0,0,0,0,0
"OTU685.p__Basidiomycota.g__Trechispora",0,0,0,0,0,0,0,0,0,0,2,0,0,0,0,0,0,0,0,0,0,0,0,0,0
"OTU686.p__Ascomycota.g__Akanthomyces",0,0,0,0,0,114,2,0,0,0,0,0,0,0,0,1,0,0,0,0,0,0,0,0,0
"OTU687.p__Basidiomycota.g__Conocybe",0,0,0,0,0,0,3,0,0,0,0,1,0,0,0,0,0,0,0,0,0,2,5,0,0
"OTU689.p__Ascomycota.g__Teratoramularia",0,0,0,0,0,0,0,5,0,0,0,5,0,0,2,0,3,0,0,0,2,0,0,0,0
"OTU691.p__Ascomycota.g__Talaromyces",1,0,0,0,0,0,0,0,2,0,0,0,0,0,0,0,0,0,0,0,0,1,0,0,0
"OTU692.p__Ascomycota.g__Pyronemataceae_gen_Incertae_sedis",0,0,0,0,3,0,0,0,0,0,0,0,5,0,0,0,0,0,0,0,0,0,0,0,0
"OTU693.p__Ascomycota.g__Clonostachys",1,1,0,1,1,0,13,0,0,7,0,22,0,0,4,0,5,0,0,0,4,1,0,0,0
"OTU694.p__Kickxellomycota.g__Ramicandelaber",0,0,0,0,0,0,0,0,0,0,0,0,0,0,0,1,0,0,0,0,0,11,0,0,0
"OTU695.p__Mortierellomycota.g__Mortierella",0,0,0,0,0,0,0,0,0,0,0,0,0,0,0,0,0,0,0,1,0,0,0,0,0
"OTU696.p__Ascomycota.g__Devriesia",0,0,0,0,0,91,0,0,0,0,0,0,0,0,0,0,0,0,0,0,0,0,0,0,0
"OTU697.p__Ascomycota.g__Nigrospora",0,0,0,0,0,0,0,0,0,0,0,0,0,1,0,0,0,0,0,0,0,1,0,0,1
"OTU698.p__Fungi_phy_Incertae_sedis.g__Fungi_gen_Incertae_sedis",0,0,0,0,0,0,0,0,0,1,0,0,1,0,0,8,0,1,1,0,0,1,0,0,0
"OTU699.p__Ascomycota.g__Arcuadendron",0,0,0,0,1,0,0,1,0,0,1,0,0,0,0,0,0,0,0,0,0,0,12,2,0
"OTU700.p__Ascomycota.g__Penicillium",0,0,0,0,0,0,1,0,0,1,0,0,0,0,0,5,0,0,0,1,0,0,3,0,1
"OTU701.p__Basidiomycota.g__Cristinia",0,0,0,0,0,0,0,0,0,0,0,0,0,0,0,0,0,0,0,0,0,0,0,0,0
"OTU702.p__Mortierellomycota.g__Mortierellaceae_gen_Incertae_sedis",0,0,0,0,0,0,0,0,0,0,0,0,0,0,0,0,0,0,0,0,0,0,0,0,0
"OTU703.p__Glomeromycota.g__Glomeraceae_gen_Incertae_sedis",0,0,0,0,1,0,3,0,0,0,0,0,0,0,0,0,0,0,0,0,0,0,3,1,0
"OTU704.p__Ascomycota.g__Ascomycota_gen_Incertae_sedis",0,0,0,0,0,110,0,0,0,0,0,0,0,0,0,0,0,0,0,0,0,0,0,0,0
"OTU705.p__Ascomycota.g__Fusarium",0,0,0,0,0,0,1,0,0,0,0,0,0,0,0,0,0,1,0,0,0,0,0,0,0
"OTU706.p__Ascomycota.g__Eurotiales_gen_Incertae_sedis",0,0,0,0,0,0,0,0,0,0,0,0,0,0,0,0,0,0,0,0,0,0,1,0,0
"OTU707.p__Ascomycota.g__Pseudomicrodochium",0,0,0,0,0,0,0,0,0,9,0,0,0,0,0,0,0,0,0,0,0,0,0,0,0
"OTU708.p__Ascomycota.g__Periconia",0,0,0,1,0,0,0,0,0,0,0,0,0,0,5,0,2,0,0,0,4,0,0,0,0
"OTU709.p__Ascomycota.g__Sordariomycetes_gen_Incertae_sedis",0,0,0,0,0,0,0,0,0,0,0,0,0,1,0,1,0,3,7,3,0,0,0,0,0
"OTU710.p__Ascomycota.g__Uwebraunia",0,0,0,0,0,0,0,10,0,0,0,18,0,0,1,0,1,0,0,0,1,0,0,0,0
"OTU711.p__Glomeromycota.g__Claroideoglomus",0,0,0,0,0,0,0,0,0,0,0,0,0,0,0,0,0,0,0,0,0,0,4,0,1
"OTU712.p__Ascomycota.g__Parazalerion",0,0,0,0,1,0,0,0,0,0,0,0,0,0,0,0,0,0,0,0,0,0,2,0,0
"OTU713.p__Basidiomycota.g__Basidiomycota_gen_Incertae_sedis",0,0,0,0,0,0,0,0,0,0,0,0,0,0,0,0,0,0,0,0,0,0,0,0,0
"OTU714.p__Ascomycota.g__Pseudophialocephala",0,0,0,0,0,0,0,0,0,0,122,0,0,0,0,0,0,0,0,0,0,0,0,0,0
"OTU715.p__Basidiomycota.g__Basidiomycota_gen_Incertae_sedis",0,16,0,0,0,0,0,0,0,0,0,0,0,0,0,0,0,0,0,0,0,0,0,0,0
"OTU716.p__Basidiomycota.g__Dermoloma",0,0,0,0,0,54,0,0,0,0,0,8,345,0,0,0,0,0,0,0,0,0,0,0,0
"OTU717.p__Ascomycota.g__Onygenales_gen_Incertae_sedis",1,0,0,0,0,0,0,0,0,1,3,0,0,0,0,2,0,5,2,3,0,0,0,0,0
"OTU718.p__Chytridiomycota.g__Spizellomycetales_gen_Incertae_sedis",0,1,0,0,0,0,0,0,0,0,0,0,0,0,0,0,0,0,0,0,0,0,0,0,0
"OTU719.p__Ascomycota.g__Neoacrodontiella",0,19,0,0,0,0,0,0,0,0,0,0,0,0,0,0,0,0,0,0,0,0,0,0,0
"OTU720.p__Chytridiomycota.g__Spizellomyces",0,0,0,0,0,0,0,0,0,0,0,0,0,0,0,0,0,0,0,0,0,1,0,1,2
"OTU721.p__Rozellomycota.g__Rozellomycota_gen_Incertae_sedis",0,0,0,0,0,0,0,0,0,321,0,0,0,0,0,0,0,1,0,0,0,0,0,0,0
"OTU722.p__Basidiomycota.g__Brachybasidiaceae_gen_Incertae_sedis",0,0,0,0,0,0,0,4,0,0,0,0,0,0,6,0,0,0,0,0,6,0,0,0,0
"OTU723.p__Ascomycota.g__Fusarium",0,0,3,0,0,0,0,0,0,0,0,0,0,0,0,0,0,0,0,0,0,0,0,0,0
"OTU724.p__Ascomycota.g__Pezizomycotina_gen_Incertae_sedis",0,0,0,0,0,0,0,0,0,0,0,0,0,0,0,0,0,0,0,0,0,0,0,0,0
"OTU725.p__Ascomycota.g__Ascomycota_gen_Incertae_sedis",0,0,0,0,0,0,0,0,0,0,1,0,1,0,0,0,0,0,0,0,0,1,0,0,0
"OTU726.p__Basidiomycota.g__Auriculariales_gen_Incertae_sedis",0,0,0,0,0,0,0,0,0,0,0,0,0,0,0,0,0,0,0,0,0,0,0,0,0
"OTU727.p__Basidiomycota.g__Basidiomycota_gen_Incertae_sedis",0,18,0,0,0,0,0,6,0,0,0,0,0,0,1,0,0,0,0,0,0,0,0,0,0
"OTU728.p__Ascomycota.g__Phloeospora",0,11,0,0,0,0,0,4,0,0,0,0,0,0,1,0,1,0,0,1,1,0,0,0,0
"OTU729.p__Basidiomycota.g__Bolbitiaceae_gen_Incertae_sedis",0,0,0,0,0,0,0,0,3,0,0,0,0,0,0,0,0,0,0,0,0,0,0,0,0
"OTU730.p__Basidiomycota.g__Auriculariales_gen_Incertae_sedis",0,17,1,0,0,0,0,0,1,0,0,0,0,0,1,0,4,0,0,0,5,0,0,0,0
"OTU731.p__Fungi_phy_Incertae_sedis.g__Fungi_gen_Incertae_sedis",0,0,0,0,0,0,0,0,0,0,0,0,0,358,0,0,0,0,0,0,0,0,0,0,0
"OTU732.p__Basidiomycota.g__Schizoporaceae_gen_Incertae_sedis",0,0,0,0,0,0,0,0,0,0,0,0,0,0,0,0,0,0,0,3,0,0,0,0,0
"OTU733.p__Ascomycota.g__Cyanodermella",0,14,0,0,0,0,0,0,0,0,0,0,0,0,3,0,0,0,0,0,0,0,0,0,0
"OTU734.p__Basidiomycota.g__Entoloma",0,0,0,0,0,89,0,0,0,0,0,0,0,0,0,0,0,0,0,0,0,0,0,0,0
"OTU735.p__Mortierellomycota.g__Mortierellales_gen_Incertae_sedis",0,0,0,0,0,0,0,0,0,0,0,0,6,0,0,0,0,0,0,0,0,0,0,0,0
"OTU736.p__Ascomycota.g__Fusarium",0,0,0,0,0,0,0,1,0,0,0,1,0,0,0,0,0,0,0,0,0,1,1,2,1
"OTU737.p__Chytridiomycota.g__Chytridiomycota_gen_Incertae_sedis",0,0,0,0,0,0,4,0,0,0,0,0,0,0,0,0,0,0,0,0,0,0,3,0,7
"OTU738.p__Ascomycota.g__Hawksworthiomyces",0,0,1,0,0,0,0,0,157,0,0,0,0,0,0,0,0,0,0,0,0,0,0,0,0
"OTU739.p__Ascomycota.g__Fusarium",0,0,0,0,0,0,0,0,0,0,2,0,0,0,0,0,0,0,0,0,0,0,0,0,0
"OTU740.p__Ascomycota.g__Oidiodendron",0,0,0,0,0,0,1,0,0,0,0,0,4,0,0,0,0,0,0,0,0,0,0,0,0
"OTU742.p__Ascomycota.g__Bimuria",0,0,0,1,1,0,2,0,0,0,0,0,0,0,0,0,0,0,0,0,0,0,0,0,0
"OTU743.p__Ascomycota.g__Curvularia",0,0,0,0,0,0,0,0,0,1,0,0,2,0,1,0,0,1,0,0,2,1,2,1,0
"OTU744.p__Basidiomycota.g__Thelephora",0,17,0,0,0,0,0,0,0,0,0,1,0,0,0,0,0,0,0,0,2,0,0,0,0
"OTU745.p__Ascomycota.g__Emmonsiellopsis",0,0,1,0,2,0,1,0,0,0,0,0,2,0,0,3,0,4,6,4,0,0,0,0,0
"OTU746.p__Ascomycota.g__Fusarium",0,0,0,0,0,0,0,0,0,0,0,0,0,0,0,0,0,0,0,0,0,0,0,0,0
"OTU747.p__Ascomycota.g__Talaromyces",0,0,0,0,0,0,0,0,0,2,1,0,0,0,0,0,0,0,0,0,0,0,0,0,0
"OTU748.p__Chytridiomycota.g__Spizellomycetales_gen_Incertae_sedis",0,0,0,0,0,0,0,0,2,3,0,0,0,0,0,0,0,0,0,0,0,0,0,0,0
"OTU749.p__Basidiomycota.g__Multiclavula",0,22,0,0,0,0,0,0,0,0,0,0,0,0,2,0,1,1,0,0,1,0,0,0,0
"OTU750.p__Ascomycota.g__Fusarium",1,0,0,0,1,0,0,0,0,1,1,0,0,0,0,5,0,0,0,11,0,0,0,1,0
"OTU751.p__Basidiomycota.g__Pluteus",0,0,0,0,0,0,0,0,0,0,0,1,1,0,0,0,0,0,0,0,0,13,0,0,0
"OTU752.p__Ascomycota.g__Kiflimonium",0,0,0,0,0,0,0,0,0,0,0,0,0,0,0,0,0,0,0,0,0,0,0,0,0
"OTU753.p__Ascomycota.g__Onygenales_gen_Incertae_sedis",0,0,0,0,0,0,0,0,0,1,0,0,0,0,0,1,0,0,0,0,0,0,0,0,0
"OTU755.p__Basidiomycota.g__Ceratobasidium",0,0,0,0,0,107,0,0,0,0,0,0,0,0,0,0,0,0,0,0,0,0,0,3,1
"OTU756.p__Ascomycota.g__Ascomycota_gen_Incertae_sedis",0,0,0,0,1,101,0,0,0,0,0,0,0,0,0,0,0,0,0,0,0,0,0,0,0
"OTU758.p__Basidiomycota.g__Bolbitius",0,11,0,0,0,0,0,0,0,0,0,0,0,0,0,0,0,0,0,0,0,0,0,0,0
"OTU759.p__Chytridiomycota.g__Spizellomycetales_gen_Incertae_sedis",0,0,0,0,0,0,0,0,0,0,0,0,0,0,0,0,0,1,0,0,0,0,0,0,10
"OTU760.p__Ascomycota.g__Massarina",0,0,0,0,0,0,0,0,3,0,1,0,4,0,0,0,0,0,0,0,0,0,0,0,0
"OTU761.p__Ascomycota.g__Venturiaceae_gen_Incertae_sedis",0,0,0,1,0,0,0,0,0,0,0,0,0,0,0,0,0,0,0,0,0,0,0,0,0
"OTU763.p__Ascomycota.g__Paramycosphaerella",0,14,0,0,0,0,0,0,0,0,1,0,0,0,3,0,1,0,0,0,3,0,0,0,0
"OTU765.p__Ascomycota.g__Spiromastix",0,0,0,0,0,0,0,0,0,0,0,0,0,0,0,0,0,0,0,0,0,3,0,1,0
"OTU766.p__Ascomycota.g__Ascomycota_gen_Incertae_sedis",0,0,0,0,0,0,0,0,0,0,106,0,0,0,0,0,0,0,0,0,0,0,0,0,0
"OTU767.p__Ascomycota.g__Fusarium",1,0,0,0,0,0,0,2,0,0,0,9,0,0,3,0,4,0,0,0,6,0,0,0,0
"OTU768.p__Chytridiomycota.g__Rhizophlyctidaceae_gen_Incertae_sedis",0,0,0,0,0,0,0,0,0,0,0,0,0,0,1,0,0,0,0,0,0,0,0,0,0
"OTU769.p__Basidiomycota.g__Agaricales_gen_Incertae_sedis",0,0,0,0,0,0,0,0,0,0,1,0,0,0,0,0,0,0,0,0,0,0,0,0,0
"OTU770.p__Basidiomycota.g__Puccinia",2,18,0,0,0,0,0,0,0,0,0,0,0,0,1,0,2,0,0,0,0,0,0,0,0
"OTU771.p__Ascomycota.g__Branch06_gen_Incertae_sedis",0,0,2,0,2,0,1,0,11,3,1,0,0,0,0,0,0,0,0,1,0,0,0,0,0
"OTU772.p__Ascomycota.g__Anthracobia",0,0,0,0,0,0,0,0,0,1,0,0,0,0,0,0,0,0,0,0,0,0,0,1,0
"OTU773.p__Basidiomycota.g__Agrocybe",0,0,3,1,0,0,0,9,0,1,2,18,0,1,12,0,9,0,0,0,7,0,0,0,0
"OTU774.p__Ascomycota.g__Fusarium",0,0,0,0,0,0,0,0,0,0,0,0,0,0,0,0,0,0,0,0,0,0,0,0,0
"OTU775.p__Ascomycota.g__Leotiales_gen_Incertae_sedis",0,0,0,103,0,0,0,0,0,0,0,0,0,0,0,0,0,0,0,0,0,0,0,0,0
"OTU776.p__Basidiomycota.g__Agaricales_gen_Incertae_sedis",0,0,0,0,0,0,0,0,0,0,2,0,0,0,0,0,0,0,1,0,0,0,0,0,0
"OTU777.p__Chytridiomycota.g__Rhizophydiales_gen_Incertae_sedis",0,0,0,0,0,0,0,0,0,0,0,0,0,0,0,0,0,0,0,0,0,0,0,0,0
"OTU778.p__Chytridiomycota.g__Chytridiomycota_gen_Incertae_sedis",1,0,0,0,0,0,0,0,0,2,0,0,0,0,0,1,0,5,0,3,0,0,0,0,0
"OTU779.p__Basidiomycota.g__Thanatephorus",0,0,0,0,0,0,0,0,0,0,0,0,0,0,0,0,0,0,0,0,0,0,0,0,0
"OTU780.p__Glomeromycota.g__Rhizophagus",0,0,0,0,0,0,1,0,0,0,0,0,0,0,0,0,0,0,0,0,0,0,0,0,0
"OTU781.p__Ascomycota.g__Fusarium",0,0,0,0,0,0,0,0,0,0,0,0,0,0,0,0,0,0,0,0,0,2,0,0,0
"OTU782.p__Ascomycota.g__Fusarium",0,0,0,0,0,0,0,0,4,0,1,0,0,0,0,0,0,0,0,0,0,0,0,0,0
"OTU783.p__Basidiomycota.g__Agaricomycetes_gen_Incertae_sedis",0,0,0,0,0,0,0,0,0,0,0,0,0,0,0,0,0,0,0,0,0,0,0,0,0
"OTU784.p__Ascomycota.g__Allocanariomyces",0,0,0,0,0,0,0,0,0,0,0,0,0,0,0,0,0,0,0,0,0,0,0,0,0
"OTU785.p__Ascomycota.g__Fusarium",0,0,0,0,0,0,0,0,0,0,0,0,0,0,0,0,0,1,0,0,0,0,1,0,0
"OTU786.p__Basidiomycota.g__Clavariaceae_gen_Incertae_sedis",0,0,0,0,0,0,0,0,0,0,0,0,296,0,0,0,0,0,0,0,0,0,0,0,0
"OTU787.p__Basidiomycota.g__Papiliotrema",1,10,0,1,0,0,0,1,0,0,0,0,0,0,1,0,1,0,0,0,4,0,0,0,0
"OTU789.p__Glomeromycota.g__Glomeraceae_gen_Incertae_sedis",0,0,0,0,0,0,0,0,0,0,0,0,0,0,0,0,0,0,0,0,0,0,0,0,0
"OTU790.p__Ascomycota.g__Pseudocercospora",1,10,0,0,0,0,0,16,1,0,0,6,0,0,15,0,8,0,0,0,16,0,0,0,0
"OTU791.p__Glomeromycota.g__Glomus",0,0,0,0,0,0,0,0,0,0,0,0,0,0,0,0,0,0,0,0,0,0,0,0,0
"OTU793.p__Basidiomycota.g__Basidiomycota_gen_Incertae_sedis",0,17,0,0,0,0,0,0,0,0,0,0,0,0,0,0,0,0,0,0,0,0,0,0,0
"OTU794.p__Ascomycota.g__Paraphoma",0,0,0,0,0,0,0,0,0,0,0,0,0,0,0,0,0,0,0,0,0,0,0,0,0
"OTU795.p__Basidiomycota.g__Agaricales_gen_Incertae_sedis",0,0,0,0,0,0,0,0,0,0,0,0,0,0,0,0,0,0,0,0,0,0,0,0,0
"OTU796.p__Mortierellomycota.g__Mortierella",0,0,0,0,0,0,0,0,1,0,0,0,0,1,0,0,0,2,0,0,0,1,1,6,4
"OTU797.p__Basidiomycota.g__Carlosrosaea",0,0,0,0,0,0,0,0,0,0,0,0,0,0,2,0,1,0,0,1,1,0,0,0,0
"OTU798.p__Chytridiomycota.g__Gromochytrium",0,0,0,0,0,0,0,0,0,0,0,0,0,0,0,0,0,7,0,1,0,0,0,0,0
"OTU799.p__Chytridiomycota.g__Rhizophydiales_gen_Incertae_sedis",0,0,2,0,0,0,0,0,0,0,0,0,0,0,0,0,0,0,0,0,0,0,0,0,0
"OTU800.p__Basidiomycota.g__Coprinopsis",0,0,0,0,0,0,0,0,0,0,0,0,0,0,0,0,0,0,0,0,0,0,0,0,0
"OTU801.p__Ascomycota.g__Blumeria",0,22,0,0,0,0,0,0,0,0,0,0,0,0,2,0,4,0,0,0,5,0,0,0,0
"OTU802.p__Basidiomycota.g__Chionosphaeraceae_gen_Incertae_sedis",0,0,0,0,0,0,0,0,0,0,0,0,0,0,0,0,0,0,0,0,1,0,0,0,0
"OTU803.p__Chytridiomycota.g__Rhizophydiales_gen_Incertae_sedis",0,0,0,0,0,0,0,0,0,0,0,0,0,0,1,0,0,0,0,0,0,0,0,0,0
"OTU804.p__Ascomycota.g__Herpotrichiellaceae_gen_Incertae_sedis",0,0,0,0,0,0,0,6,0,0,0,0,0,0,5,0,1,0,0,0,4,0,0,0,0
"OTU805.p__Glomeromycota.g__Dominikia",0,0,0,0,0,0,0,0,0,0,0,0,0,0,0,0,0,0,0,0,0,0,0,0,0
"OTU806.p__Basidiomycota.g__Ceriporia",0,14,0,0,0,0,0,0,0,0,0,0,0,0,0,0,1,0,0,0,0,0,0,0,0
"OTU807.p__Basidiomycota.g__Agaricomycetes_gen_Incertae_sedis",0,0,0,0,0,0,0,0,0,0,0,0,0,0,0,0,0,0,0,0,0,0,2,9,1
"OTU808.p__Ascomycota.g__Fusarium",0,0,0,0,0,0,0,0,2,1,0,0,0,1,0,0,0,0,0,0,0,0,0,0,0
"OTU809.p__Basidiomycota.g__Agaricomycetes_gen_Incertae_sedis",0,0,0,0,0,0,1,0,0,0,0,0,0,0,0,0,0,0,0,0,0,0,0,0,0
"OTU810.p__Chytridiomycota.g__Rhizophydiales_gen_Incertae_sedis",1,0,0,0,1,0,0,0,0,1,0,0,3,0,0,4,0,2,5,9,0,0,0,0,1
"OTU811.p__Ascomycota.g__Striaticonidium",0,0,13,0,0,0,2,0,0,0,12,0,0,0,0,0,0,0,0,0,0,0,0,0,0
"OTU812.p__Ascomycota.g__Coniochaeta",0,0,0,0,0,0,0,0,0,1,0,0,0,0,0,0,0,0,0,1,0,5,0,0,0
"OTU814.p__Ascomycota.g__Pezizomycotina_gen_Incertae_sedis",0,0,0,0,0,0,0,0,0,0,0,0,0,0,0,0,0,0,0,0,0,1,0,1,0
"OTU815.p__Glomeromycota.g__Septoglomus",0,0,0,0,0,0,0,0,0,0,0,0,0,0,0,0,0,0,0,0,0,0,0,0,0
"OTU816.p__Basidiomycota.g__Multiclavula",0,13,0,0,0,0,0,0,0,0,0,0,0,0,1,0,0,0,0,0,0,0,0,0,0
"OTU817.p__Ascomycota.g__Chaetomium",0,0,0,0,0,0,0,0,0,0,0,0,0,0,0,1,0,0,7,0,0,0,0,0,0
"OTU818.p__Basidiomycota.g__Bullera",0,0,0,0,0,0,1,2,0,0,0,0,0,0,0,0,1,0,0,0,0,0,0,0,0
"OTU820.p__Glomeromycota.g__Rhizophagus",0,0,0,0,0,0,0,0,0,0,0,0,0,0,0,0,0,0,0,0,0,0,0,0,0
"OTU821.p__Mortierellomycota.g__Mortierellales_gen_Incertae_sedis",0,0,0,0,0,0,0,0,0,0,0,0,0,0,0,0,0,0,0,0,0,0,0,0,0
"OTU822.p__Basidiomycota.g__Conocybe",0,0,0,0,0,0,0,0,1,0,0,0,0,0,0,0,0,0,0,0,0,0,0,1,0
"OTU823.p__Ascomycota.g__Pyrenophora",0,0,0,0,0,0,0,0,0,0,0,0,0,0,0,0,0,0,0,0,0,0,0,0,0
"OTU824.p__Ascomycota.g__Cyphellophora",0,7,0,0,0,0,0,0,0,0,0,0,0,0,0,0,0,0,0,0,0,0,0,0,0
"OTU825.p__Ascomycota.g__Fusarium",0,0,0,0,0,0,0,0,0,0,0,0,0,0,0,0,0,0,1,0,0,0,2,0,1
"OTU826.p__Basidiomycota.g__Agaricomycetes_gen_Incertae_sedis",0,17,0,0,0,0,0,0,0,0,0,0,0,0,0,0,0,0,0,0,0,0,0,0,0
"OTU827.p__Basidiomycota.g__Vishniacozyma",0,0,0,0,0,0,0,0,0,0,0,0,0,0,0,2,0,0,7,2,0,0,0,0,0
"OTU828.p__Ascomycota.g__Gilmaniella",1,0,0,0,0,0,0,0,0,1,0,0,0,0,0,1,1,7,0,1,0,0,2,0,0
"OTU830.p__Basidiomycota.g__Auriculariales_gen_Incertae_sedis",0,0,0,0,0,0,0,0,1,0,1,0,0,0,0,0,0,0,0,0,0,0,0,0,0
"OTU831.p__Ascomycota.g__Irpicomyces",1,7,0,0,0,0,0,2,0,0,0,0,0,0,1,0,3,0,0,0,3,0,0,0,0
"OTU832.p__Ascomycota.g__Saccharomycetales_gen_Incertae_sedis",0,0,0,0,0,0,0,0,0,0,0,0,0,0,0,0,0,0,0,0,0,0,0,0,0
"OTU833.p__Ascomycota.g__Didymosphaeriaceae_gen_Incertae_sedis",0,0,0,0,2,0,0,0,0,0,0,0,0,0,0,0,0,0,0,0,0,0,0,1,0
"OTU834.p__Ascomycota.g__Herpotrichiellaceae_gen_Incertae_sedis",0,18,0,1,0,0,0,0,0,0,0,0,0,0,1,0,0,0,0,0,0,0,0,0,0
"OTU835.p__Basidiomycota.g__Thelephora",0,22,0,0,0,0,0,0,0,0,0,1,0,0,1,0,0,0,0,0,0,0,0,0,0
"OTU836.p__Ascomycota.g__Fonsecaea",0,0,0,86,0,0,0,0,0,0,0,0,1,0,0,0,0,0,0,0,0,0,0,0,0
"OTU837.p__Ascomycota.g__Pezicula",0,14,0,0,0,0,0,0,0,0,0,0,0,0,2,0,2,0,0,0,0,0,0,0,0
"OTU838.p__Basidiomycota.g__Clavulinopsis",0,0,0,0,0,0,0,0,0,0,0,0,0,0,0,0,0,0,0,0,0,0,0,0,0
"OTU839.p__Ascomycota.g__Scolecopeltidium",0,0,0,0,1,0,0,6,1,0,0,0,0,0,2,0,3,0,0,0,2,0,0,0,0
"OTU840.p__Ascomycota.g__Microascales_gen_Incertae_sedis",0,0,0,0,0,0,1,0,0,0,0,0,0,0,0,0,0,0,0,0,0,0,0,0,0
"OTU841.p__Fungi_phy_Incertae_sedis.g__Fungi_gen_Incertae_sedis",0,0,0,0,0,0,0,0,0,0,0,0,0,0,0,1,0,0,0,5,0,0,0,1,0
"OTU842.p__Ascomycota.g__Teratosphaeriaceae_gen_Incertae_sedis",0,10,0,0,0,0,0,0,0,0,0,0,0,0,0,0,0,0,0,0,0,0,0,0,0
"OTU843.p__Ascomycota.g__Neoacrodontiella",0,12,0,0,0,0,0,0,0,0,0,0,0,0,0,0,0,0,0,0,0,0,0,0,0
"OTU844.p__Basidiomycota.g__Kockovaella",0,0,0,0,0,0,0,3,0,0,0,11,0,0,1,0,0,0,0,0,0,0,0,0,0
"OTU845.p__Glomeromycota.g__Rhizophagus",0,0,0,0,0,0,0,1,0,0,0,0,0,0,0,0,0,0,0,0,0,0,7,0,0
"OTU846.p__Basidiomycota.g__Agaricomycetes_gen_Incertae_sedis",0,0,0,0,0,0,0,0,0,0,0,0,0,0,0,0,0,0,0,0,0,0,0,0,0
"OTU847.p__Kickxellomycota.g__Ramicandelaber",0,0,0,0,0,0,0,0,0,0,0,0,0,0,1,0,0,0,0,0,0,0,0,0,0
"OTU848.p__Ascomycota.g__Ceramothyrium",0,3,1,0,0,0,1,8,1,3,0,44,1,0,29,0,12,0,0,0,6,0,0,0,0
"OTU850.p__Ascomycota.g__Aspergillus",0,0,0,0,0,0,0,0,0,0,0,0,0,0,0,0,0,0,0,0,0,0,0,0,0
"OTU851.p__Ascomycota.g__Herpotrichiellaceae_gen_Incertae_sedis",0,1,0,0,0,1,0,11,0,0,0,1,0,0,5,0,8,0,0,0,4,0,0,0,0
"OTU852.p__Ascomycota.g__Sordariomycetes_gen_Incertae_sedis",0,0,0,0,0,0,0,0,0,0,0,0,0,0,0,0,0,0,0,0,0,0,0,0,0
"OTU853.p__Basidiomycota.g__Basidiomycota_gen_Incertae_sedis",0,0,0,0,0,2,0,0,0,0,0,0,0,0,0,0,0,0,0,0,0,0,0,0,0
"OTU854.p__Ascomycota.g__Arthroderma",0,0,0,1,0,0,1,0,0,0,0,0,0,0,0,5,0,4,1,0,0,0,0,0,0
"OTU855.p__Basidiomycota.g__Trimorphomycetaceae_gen_Incertae_sedis",0,1,0,0,0,0,0,5,0,2,0,0,0,0,5,0,6,0,0,0,6,0,0,0,0
"OTU856.p__Glomeromycota.g__Glomeraceae_gen_Incertae_sedis",1,0,0,0,0,0,0,0,1,0,0,0,0,0,0,0,0,0,0,0,0,0,0,0,0
"OTU857.p__Ascomycota.g__Preussia",0,0,0,0,0,0,0,0,0,0,0,0,0,0,0,0,0,0,0,0,0,2,4,0,7
"OTU858.p__Ascomycota.g__Setophoma",0,0,1,0,0,0,3,0,0,1,0,17,0,0,2,0,0,0,0,0,0,0,0,0,0
"OTU859.p__Ascomycota.g__Pleosporales_gen_Incertae_sedis",0,0,0,0,0,0,0,0,0,0,0,0,1,0,0,0,0,0,0,0,0,0,7,0,0
"OTU860.p__Ascomycota.g__Neostrelitziana",0,0,0,0,0,0,1,0,0,0,0,18,0,0,0,0,0,0,0,0,1,0,0,0,0
"OTU861.p__Glomeromycota.g__Glomeraceae_gen_Incertae_sedis",0,0,0,0,0,0,0,0,0,0,0,0,0,0,0,0,0,0,0,0,0,0,0,0,0
"OTU862.p__Chytridiomycota.g__Rhizophydiales_gen_Incertae_sedis",0,1,1,0,0,0,0,0,0,0,0,0,0,0,0,0,0,0,0,2,0,0,0,5,0
"OTU863.p__Basidiomycota.g__Naganishia",0,0,0,0,0,1,2,0,0,2,0,0,0,0,0,1,0,0,1,0,0,1,1,1,1
"OTU864.p__Ascomycota.g__Tricladiaceae_gen_Incertae_sedis",0,0,0,0,1,0,0,0,0,0,0,0,0,0,0,0,0,0,0,0,0,0,0,0,0
"OTU865.p__Ascomycota.g__Hermetothecium",0,10,0,0,0,0,0,8,0,1,0,0,0,0,3,0,1,0,0,0,2,0,0,0,0
"OTU866.p__Ascomycota.g__Onygenales_gen_Incertae_sedis",0,0,3,0,0,0,0,0,0,0,0,0,0,0,0,0,0,0,0,0,0,0,0,0,0
"OTU867.p__Ascomycota.g__Stachybotrys",0,11,0,0,0,0,0,0,0,0,0,0,0,0,0,0,0,0,0,0,0,0,0,0,0
"OTU868.p__Ascomycota.g__Neoacrodontiella",0,11,0,0,0,0,0,0,0,0,0,0,0,0,0,0,0,0,0,0,0,0,0,0,0
"OTU870.p__Basidiomycota.g__Symmetrospora",0,0,0,0,0,0,0,0,0,0,0,0,0,0,0,0,0,0,0,0,0,0,0,0,0
"OTU871.p__Basidiomycota.g__Entoloma",0,0,0,0,0,0,0,0,0,0,0,0,0,0,0,0,0,0,0,0,0,0,0,0,0
"OTU872.p__Mortierellomycota.g__Mortierella",0,0,0,0,0,0,2,0,0,0,0,0,0,0,0,0,0,0,0,0,0,0,0,0,0
"OTU873.p__Fungi_phy_Incertae_sedis.g__Fungi_gen_Incertae_sedis",0,0,0,0,1,0,0,0,0,0,0,0,0,0,0,0,0,0,0,0,0,0,0,0,0
"OTU874.p__Ascomycota.g__Sarcopodium",0,0,0,0,0,0,0,0,0,0,0,0,0,0,0,0,0,0,0,0,1,2,0,1,0
"OTU875.p__Ascomycota.g__Sordariales_gen_Incertae_sedis",3,0,5,0,6,0,0,0,3,10,0,0,3,9,0,16,0,24,18,15,1,10,12,23,58
"OTU877.p__Ascomycota.g__Rhinocladiella",0,0,0,0,0,0,0,0,0,2,0,0,0,0,0,0,0,0,0,0,0,0,0,0,0
"OTU878.p__Ascomycota.g__Fusarium",0,0,0,1,0,0,1,0,0,1,0,0,0,0,0,2,0,0,0,4,0,0,1,0,3
"OTU879.p__Ascomycota.g__Pezizales_gen_Incertae_sedis",0,0,0,0,0,0,0,0,0,0,0,0,0,0,0,0,0,0,0,0,0,0,0,0,0
"OTU880.p__Basidiomycota.g__Basidiomycota_gen_Incertae_sedis",0,0,0,0,0,0,0,0,0,0,0,0,0,0,0,5,0,3,1,2,0,0,0,0,1
"OTU881.p__Chytridiomycota.g__Fimicolochytrium",0,0,0,0,0,0,0,0,0,0,0,0,0,0,0,0,0,0,0,0,0,0,0,0,0
"OTU882.p__Ascomycota.g__Ascomycota_gen_Incertae_sedis",0,0,97,0,0,0,0,0,0,0,0,0,0,0,0,0,0,0,0,0,0,0,0,0,0
"OTU883.p__Ascomycota.g__Berkeleyomyces",0,0,0,0,1,0,0,0,0,0,0,0,0,0,0,0,0,0,0,0,0,0,0,0,0
"OTU884.p__Ascomycota.g__Achaetomium",0,0,0,0,0,0,0,0,0,0,1,0,0,0,0,1,0,0,2,2,0,0,0,1,0
"OTU885.p__Ascomycota.g__Chaetomiaceae_gen_Incertae_sedis",0,0,0,0,0,0,0,0,0,0,0,0,0,0,0,0,0,0,0,0,0,0,0,0,0
"OTU886.p__Kickxellomycota.g__Ramicandelaber",2,0,0,0,0,0,0,0,0,0,1,0,0,0,0,0,0,0,0,0,0,6,0,0,0
"OTU887.p__Ascomycota.g__Ascobolus",1,0,0,0,0,0,0,0,0,0,0,0,0,0,0,0,0,0,0,0,0,0,0,0,0
"OTU888.p__Chytridiomycota.g__Chytridiomycota_gen_Incertae_sedis",0,0,0,0,2,0,0,0,0,0,0,0,0,0,0,0,0,1,0,0,0,0,0,0,0
"OTU889.p__Basidiomycota.g__Cystobasidium",1,0,0,0,0,0,1,0,0,0,0,0,0,1,2,0,1,0,0,0,1,0,0,0,0
"OTU890.p__Ascomycota.g__Sordariomycetes_gen_Incertae_sedis",1,0,0,0,0,0,0,0,0,0,0,0,0,0,0,0,0,0,0,0,0,0,0,0,0
"OTU891.p__Ascomycota.g__Talaromyces",0,0,1,0,3,0,4,0,2,9,6,0,0,10,0,1,1,5,2,3,1,0,1,2,1
"OTU892.p__Glomeromycota.g__Glomeraceae_gen_Incertae_sedis",0,0,0,0,0,0,0,0,0,0,2,0,0,0,0,0,0,1,0,0,0,0,0,0,0
"OTU893.p__Basidiomycota.g__Schizophyllum",0,0,1,0,0,0,0,0,0,0,0,0,0,0,0,0,0,0,0,0,0,0,0,0,0
"OTU894.p__Basidiomycota.g__Ceraceosorus",0,0,0,0,0,0,0,3,0,0,0,12,0,0,10,0,4,0,0,0,1,0,0,0,0
"OTU895.p__Ascomycota.g__Stagonospora",0,0,0,0,0,0,0,0,0,1,0,0,0,0,0,0,0,2,4,0,1,2,0,1,0
"OTU896.p__Ascomycota.g__Fusarium",0,0,0,0,0,0,0,0,0,0,0,0,0,0,0,0,0,0,0,0,0,0,0,0,0
"OTU897.p__Basidiomycota.g__Auriculariales_gen_Incertae_sedis",0,0,0,1,0,0,0,7,0,0,0,0,0,0,11,0,6,0,0,0,4,0,0,0,0
"OTU898.p__Ascomycota.g__Leptoxyphium",0,0,0,0,0,0,0,0,0,1,0,0,0,0,0,0,0,0,0,0,0,0,0,0,0
"OTU900.p__Ascomycota.g__Boubovia",1,0,0,2,0,0,0,0,0,0,0,0,0,0,0,0,0,0,7,0,0,0,0,0,0
"OTU901.p__Basidiomycota.g__Micropsalliota",0,0,0,0,0,0,0,0,0,0,0,0,0,0,0,0,0,0,0,0,0,0,0,0,0
"OTU902.p__Ascomycota.g__Teratoramularia",0,0,0,0,0,0,0,9,0,1,4,0,0,0,6,0,8,0,0,0,15,0,0,0,0
"OTU903.p__Ascomycota.g__Sordariomycetes_gen_Incertae_sedis",0,0,0,0,0,0,0,3,0,0,0,6,1,0,3,0,1,0,1,0,2,0,0,0,0
"OTU904.p__Ascomycota.g__Cistella",0,0,0,0,0,0,0,0,0,0,0,0,0,0,0,0,0,0,0,0,0,0,0,0,0
"OTU905.p__Basidiomycota.g__Auriculariales_gen_Incertae_sedis",0,0,0,0,0,0,0,0,4,0,0,0,0,0,0,0,0,0,0,0,0,0,0,0,0
"OTU906.p__Mucoromycota.g__Actinomucor",0,0,0,0,1,0,0,0,5,0,0,0,0,0,1,0,0,2,4,0,0,3,0,0,0
"OTU907.p__Basidiomycota.g__Auriculariales_gen_Incertae_sedis",0,0,0,0,0,1,0,0,0,0,0,0,0,0,0,0,0,0,0,0,0,0,0,0,0
"OTU908.p__Ascomycota.g__Keissleriella",0,0,0,0,0,0,0,0,0,0,0,0,0,0,0,0,0,0,0,0,0,0,0,0,0
"OTU909.p__Ascomycota.g__Ascomycota_gen_Incertae_sedis",0,0,0,0,0,0,0,0,0,0,1,0,0,0,0,0,0,0,0,0,0,0,0,0,0
"OTU910.p__Basidiomycota.g__Meira",0,0,0,0,0,0,0,5,0,0,0,1,0,0,3,0,6,0,0,1,7,0,0,0,0
"OTU912.p__Ascomycota.g__Fusarium",0,0,0,0,0,0,0,0,0,0,0,0,0,0,0,0,0,0,0,0,0,0,0,0,0
"OTU913.p__Ascomycota.g__Orbiliaceae_gen_Incertae_sedis",0,0,0,0,0,0,0,0,0,3,0,0,0,0,1,0,0,0,0,0,1,0,0,0,0
"OTU914.p__Ascomycota.g__Podosporaceae_gen_Incertae_sedis",0,0,0,0,0,0,0,0,0,0,0,0,0,0,0,0,0,0,0,0,0,0,8,0,0
"OTU915.p__Basidiomycota.g__Trimorphomycetaceae_gen_Incertae_sedis",0,0,0,0,0,0,0,5,0,0,0,0,0,0,1,0,1,1,0,0,3,0,0,0,0
"OTU916.p__Ascomycota.g__Bionectriaceae_gen_Incertae_sedis",0,8,0,0,0,0,0,0,0,0,0,0,0,0,0,0,0,0,0,0,0,0,0,0,0
"OTU917.p__Ascomycota.g__Fusarium",0,0,0,0,0,0,0,0,0,0,0,0,0,0,0,0,0,0,0,0,0,0,0,0,0
"OTU918.p__Ascomycota.g__Chaetothyriales_gen_Incertae_sedis",0,0,0,0,0,0,0,2,0,0,0,11,0,0,1,0,1,0,0,0,2,0,0,0,0
"OTU919.p__Ascomycota.g__Ochroconis",0,0,0,0,0,0,0,0,0,0,0,0,0,1,0,0,0,0,0,0,0,1,0,9,0
"OTU920.p__Ascomycota.g__Schizothecium",0,9,2,0,0,0,0,5,0,0,0,7,1,2,13,0,22,0,0,1,12,0,0,0,0
"OTU921.p__Ascomycota.g__Acremonium",1,0,0,0,0,0,0,0,1,0,0,0,0,0,0,2,0,1,0,6,0,0,0,0,0
"OTU922.p__Fungi_phy_Incertae_sedis.g__Fungi_gen_Incertae_sedis",0,0,0,0,0,0,0,0,0,0,0,3,0,0,1,0,0,0,0,0,0,0,0,0,0
"OTU923.p__Basidiomycota.g__Rhodotorula",0,0,0,0,0,0,0,0,2,0,0,17,0,0,0,0,0,0,0,0,0,0,0,0,0
"OTU924.p__Ascomycota.g__Arachnomyces",0,0,0,0,0,0,0,0,4,0,0,0,0,0,0,0,0,0,0,0,0,0,0,0,0
"OTU925.p__Basidiomycota.g__Cristinia",0,0,0,0,0,0,0,0,0,0,0,0,0,0,0,0,0,0,0,0,0,0,0,0,0
"OTU926.p__Ascomycota.g__Scytalidium",0,0,0,0,0,0,0,0,0,0,0,0,0,0,0,0,0,0,0,0,0,0,0,0,0
"OTU927.p__Ascomycota.g__Ophiostomataceae_gen_Incertae_sedis",0,0,0,0,0,0,0,0,0,0,0,0,0,0,0,0,0,0,0,0,0,0,0,0,0
"OTU928.p__Ascomycota.g__Pyronemataceae_gen_Incertae_sedis",0,0,0,0,0,0,0,0,0,0,0,0,0,0,0,0,0,0,1,0,0,0,4,0,2
"OTU929.p__Ascomycota.g__Colletotrichum",2,0,0,0,0,0,0,0,0,1,0,0,0,0,0,0,0,0,0,0,0,0,0,0,0
"OTU931.p__Glomeromycota.g__Dominikia",0,0,0,0,0,0,0,0,0,0,0,0,0,0,0,0,0,0,0,0,0,0,0,0,0
"OTU932.p__Basidiomycota.g__Multiclavula",0,20,0,0,0,0,1,0,0,0,0,0,1,0,2,0,2,0,0,0,0,0,0,1,0
"OTU933.p__Ascomycota.g__Exophiala",0,16,0,0,0,0,0,0,0,0,0,0,0,0,0,0,0,0,0,0,0,0,0,0,0
"OTU934.p__Ascomycota.g__Ascomycota_gen_Incertae_sedis",0,0,1,0,0,0,0,0,0,0,0,0,0,0,0,0,0,0,0,0,0,0,0,0,0
"OTU935.p__Basidiomycota.g__Russula",0,0,0,0,0,0,76,0,0,0,0,0,0,0,0,0,0,0,0,0,0,0,0,0,0
"OTU936.p__Ascomycota.g__Translucidithyrium",0,6,0,0,0,0,0,4,0,0,0,0,0,0,2,0,1,0,0,0,3,0,0,0,0
"OTU937.p__Ascomycota.g__Hypoxylon",0,0,0,0,0,0,0,0,0,0,0,23,0,0,0,0,0,0,0,0,0,0,0,0,0
"OTU938.p__Ascomycota.g__Ascomycota_gen_Incertae_sedis",0,9,0,0,0,0,0,4,0,0,0,20,0,0,0,0,0,0,0,0,1,0,0,0,0
"OTU939.p__Ascomycota.g__Fusarium",0,0,0,0,413,0,0,0,0,0,0,0,0,0,0,0,0,0,0,0,0,0,0,0,0
"OTU940.p__Chytridiomycota.g__Spizellomyces",0,0,0,0,0,0,0,0,1,0,0,0,0,0,0,1,0,0,0,0,0,0,0,0,0
"OTU941.p__Rozellomycota.g__Rozellomycota_gen_Incertae_sedis",0,0,0,0,0,0,0,6,0,0,0,0,0,0,1,0,2,0,0,0,1,0,0,0,0
"OTU943.p__Basidiomycota.g__Agaricomycetes_gen_Incertae_sedis",0,1,0,0,0,0,0,0,0,0,0,0,0,0,0,0,0,0,0,0,0,0,0,0,0
"OTU944.p__Ascomycota.g__Pyronemataceae_gen_Incertae_sedis",0,0,0,0,0,0,0,0,0,0,0,0,0,0,0,0,0,0,0,0,0,2,6,0,0
"OTU946.p__Basidiomycota.g__Basidiomycota_gen_Incertae_sedis",0,0,0,0,0,0,0,0,2,0,0,0,0,0,0,0,0,0,0,0,0,0,0,0,0
"OTU947.p__Ascomycota.g__Vermispora",0,0,0,0,0,0,0,0,0,0,0,0,0,0,0,0,0,0,0,0,0,0,0,0,0
"OTU948.p__Ascomycota.g__Fusarium",0,0,0,0,0,0,0,0,0,0,0,0,0,0,0,0,0,0,0,0,0,0,0,0,0
"OTU949.p__Basidiomycota.g__Agaricomycetes_gen_Incertae_sedis",0,0,0,0,0,0,0,0,0,0,0,0,0,0,0,0,0,0,3,0,0,0,0,0,0
"OTU950.p__Ascomycota.g__Hypocreales_gen_Incertae_sedis",0,3,0,0,0,0,0,4,0,0,0,0,0,0,0,0,0,0,0,0,0,0,0,0,0
"OTU951.p__Basidiomycota.g__Serendipita",0,0,0,0,0,0,4,0,0,0,0,0,0,0,0,0,0,0,0,0,0,0,0,0,0
"OTU952.p__Ascomycota.g__Colletotrichum",0,0,0,0,0,0,0,0,0,0,0,0,0,0,0,0,0,0,0,0,0,0,0,0,0
"OTU953.p__Ascomycota.g__Trichomerium",0,0,0,1,0,0,0,4,0,0,0,9,0,0,3,0,1,0,0,0,2,1,0,0,0
"OTU954.p__Ascomycota.g__Fusarium",0,0,0,0,0,0,0,0,2,0,0,0,0,0,0,0,0,0,0,0,0,0,0,0,0
"OTU955.p__Ascomycota.g__Cladorrhinum",0,0,0,0,0,0,0,0,0,0,0,0,0,0,0,0,0,0,0,0,0,0,0,0,0
"OTU956.p__Glomeromycota.g__Claroideoglomus",0,0,0,0,0,0,1,2,0,0,0,0,0,0,0,0,0,0,0,0,0,4,16,0,2
"OTU957.p__Ascomycota.g__Herpotrichiellaceae_gen_Incertae_sedis",1,7,0,0,0,0,0,5,0,2,0,7,0,2,1,0,1,0,0,0,1,0,0,0,0
"OTU958.p__Fungi_phy_Incertae_sedis.g__Fungi_gen_Incertae_sedis",0,0,0,0,0,0,1,0,3,0,0,0,0,0,0,0,0,0,0,0,0,0,0,0,0
"OTU959.p__Basidiomycota.g__Ceratobasidium",0,0,0,0,0,0,0,0,0,0,0,0,0,0,0,0,0,0,0,0,0,0,0,0,0
"OTU960.p__Ascomycota.g__Tricharina",0,8,0,0,0,0,0,0,1,0,0,0,0,0,0,0,0,0,0,0,0,0,0,0,0
"OTU961.p__Ascomycota.g__Fusarium",0,0,0,0,0,0,0,0,0,0,1,0,0,0,0,0,0,0,0,1,0,0,0,1,0
"OTU962.p__Ascomycota.g__Setophaeosphaeria",0,0,0,0,0,0,0,0,0,3,0,0,0,0,0,0,0,0,0,0,0,0,0,0,0
"OTU963.p__Ascomycota.g__Chlorencoelia",0,0,0,0,0,0,0,0,0,0,0,11,0,0,1,0,0,0,0,0,1,0,0,0,0
"OTU965.p__Ascomycota.g__Fusarium",0,0,0,0,0,0,0,0,0,0,0,0,0,0,0,0,0,0,0,0,0,0,0,0,0
"OTU966.p__Ascomycota.g__Periconia",0,0,0,0,0,0,0,0,0,0,0,0,0,1,0,0,0,0,0,0,0,1,2,2,1
"OTU967.p__Basidiomycota.g__Exobasidiales_gen_Incertae_sedis",0,0,1,0,0,0,0,2,0,0,0,0,0,0,4,0,4,0,0,0,3,0,0,0,0
"OTU969.p__Basidiomycota.g__Auriculariales_gen_Incertae_sedis",0,0,1,0,0,0,0,0,0,0,0,0,0,0,0,0,0,0,0,0,0,0,0,6,1
"OTU970.p__Basidiomycota.g__Auriculariales_gen_Incertae_sedis",0,0,0,0,0,0,0,0,0,0,0,0,0,0,0,0,0,0,0,0,0,0,0,0,0
"OTU971.p__Chytridiomycota.g__Chytridiomycota_gen_Incertae_sedis",0,0,0,0,0,0,0,0,0,1,0,0,0,0,0,0,0,0,1,0,0,0,4,0,3
"OTU972.p__Glomeromycota.g__Claroideoglomus",0,0,0,0,0,0,0,1,0,0,0,0,0,0,0,0,0,0,0,0,0,0,3,6,1
"OTU973.p__Ascomycota.g__Aphanophora",0,0,0,0,1,0,0,3,0,0,0,2,0,0,4,0,0,0,0,0,3,0,1,0,0
"OTU975.p__Mortierellomycota.g__Mortierella",0,0,0,0,0,0,0,0,0,0,1,0,0,0,0,0,0,0,0,0,0,0,0,0,0
"OTU976.p__Basidiomycota.g__Auriculariales_gen_Incertae_sedis",0,0,0,0,0,0,0,0,0,0,0,0,0,1,0,0,0,0,0,0,0,0,0,0,0
"OTU978.p__Ascomycota.g__Johansonia",0,9,0,0,0,0,0,0,0,0,0,0,0,0,0,0,0,0,0,0,0,0,0,0,0
"OTU979.p__Ascomycota.g__Fusarium",0,0,0,0,0,0,0,0,0,0,0,0,0,0,0,1,0,5,0,0,0,0,0,3,0
"OTU980.p__Ascomycota.g__Pulvinula",0,0,0,0,0,0,0,0,0,1,0,0,0,0,0,0,0,0,0,0,0,0,0,0,0
"OTU983.p__Chytridiomycota.g__Spizellomycetales_gen_Incertae_sedis",0,0,0,0,1,0,0,0,0,0,0,0,0,0,0,0,0,0,0,0,0,0,0,0,0
"OTU984.p__Fungi_phy_Incertae_sedis.g__Fungi_gen_Incertae_sedis",0,0,0,0,0,0,0,0,0,0,0,0,0,0,0,0,0,0,0,0,0,0,0,0,0
"OTU985.p__Basidiomycota.g__Rhodosporidiobolus",1,0,0,0,0,0,0,8,0,0,0,0,0,0,0,0,0,0,0,0,0,0,0,0,0
"OTU986.p__Ascomycota.g__Xenosonderhenia",0,5,0,0,0,0,0,3,0,0,0,0,0,0,0,0,0,0,0,0,0,0,0,0,0
"OTU987.p__Basidiomycota.g__Auriculariales_gen_Incertae_sedis",0,0,0,0,0,0,0,0,0,0,0,0,0,0,0,0,0,0,0,0,0,0,0,0,0
"OTU988.p__Mortierellomycota.g__Mortierella",0,0,0,0,0,0,0,0,0,0,0,0,0,0,1,0,0,0,2,0,0,2,0,0,1
"OTU989.p__Ascomycota.g__Ascomycota_gen_Incertae_sedis",0,7,0,0,0,0,0,0,0,0,0,0,0,0,0,0,0,0,0,0,0,0,0,0,0
"OTU990.p__Ascomycota.g__Endophragmiella",0,10,0,0,0,0,0,0,0,0,0,0,0,0,0,0,0,0,0,0,0,0,0,0,0
"OTU991.p__Ascomycota.g__Nectriaceae_gen_Incertae_sedis",0,0,3,0,0,0,0,0,0,0,9,0,0,0,0,0,0,0,0,0,0,0,0,0,0
"OTU992.p__Ascomycota.g__Pleosporales_gen_Incertae_sedis",0,0,0,0,0,0,0,0,0,0,0,0,0,0,0,0,0,0,0,3,0,0,0,0,1
"OTU993.p__Basidiomycota.g__Agaricales_gen_Incertae_sedis",0,0,0,0,0,0,0,0,0,0,0,0,0,0,0,0,0,0,0,0,0,0,0,0,0
"OTU994.p__Ascomycota.g__Fusarium",0,0,0,0,0,0,0,0,0,0,0,0,0,0,0,0,0,0,0,0,0,0,0,0,0
"OTU995.p__Kickxellomycota.g__Ramicandelaber",1,0,1,0,0,0,0,0,0,0,2,0,0,0,0,0,0,3,0,2,0,2,0,0,0
"OTU996.p__Basidiomycota.g__Ceraceosorus",0,0,0,0,0,0,0,0,0,0,0,10,0,0,0,0,0,0,0,0,0,0,0,0,0
"OTU998.p__Ascomycota.g__Arachniotus",1,0,0,0,0,0,0,0,0,0,0,0,0,0,0,0,0,2,1,0,0,0,0,0,0
"OTU999.p__Ascomycota.g__Eremomyces",0,0,0,0,1,0,0,10,0,0,0,0,0,0,0,0,0,0,0,0,0,0,0,0,0
"OTU1000.p__Ascomycota.g__Chaetothyrium",0,0,0,0,0,0,0,0,0,0,0,14,0,0,1,0,1,0,0,0,0,0,0,0,0
"OTU1001.p__Basidiomycota.g__Ceratobasidiaceae_gen_Incertae_sedis",1,0,0,0,0,0,0,0,0,0,0,0,0,0,0,0,0,0,0,0,0,0,0,0,0
"OTU1002.p__Ascomycota.g__Fusarium",0,0,0,0,0,0,0,0,0,1,0,0,0,0,0,0,0,2,4,1,0,0,0,0,0
"OTU1003.p__Ascomycota.g__Translucidithyrium",0,0,1,0,0,0,1,2,0,0,0,18,0,0,0,0,0,0,0,0,1,0,0,0,0
"OTU1004.p__Ascomycota.g__Fusarium",0,0,0,0,0,0,0,0,0,0,0,0,0,2,0,0,0,0,0,0,0,0,0,0,0
"OTU1005.p__Basidiomycota.g__Tritirachiomycetes_gen_Incertae_sedis",0,0,0,0,0,0,0,0,0,0,0,0,0,0,0,0,0,0,0,0,0,0,0,0,0
"OTU1006.p__Basidiomycota.g__Tremellales_gen_Incertae_sedis",0,0,0,0,0,0,0,7,0,0,0,0,0,0,0,0,0,0,0,0,0,0,0,0,0
"OTU1007.p__Ascomycota.g__Pezicula",0,0,0,0,0,0,0,0,0,0,0,10,0,0,1,0,1,0,0,0,0,0,0,0,0
"OTU1008.p__Ascomycota.g__Spiromastix",0,0,0,0,0,0,0,0,0,0,0,0,0,0,0,0,0,0,0,0,0,2,0,1,2
"OTU1009.p__Basidiomycota.g__Atractiellales_gen_Incertae_sedis",0,0,0,0,0,0,0,0,0,0,0,0,0,0,0,0,0,0,0,0,0,0,0,0,0
"OTU1010.p__Ascomycota.g__Ascomycota_gen_Incertae_sedis",0,0,0,0,0,0,0,0,0,0,2,0,0,0,0,0,0,0,0,0,0,0,0,0,0
"OTU1011.p__Glomeromycota.g__Paraglomus",0,0,0,0,0,0,0,0,0,0,0,0,0,0,0,0,0,0,0,0,0,0,0,0,0
"OTU1012.p__Basidiomycota.g__Auriculariales_gen_Incertae_sedis",0,0,0,0,0,0,0,0,0,0,2,0,0,0,0,0,0,0,0,0,0,0,0,0,0
"OTU1013.p__Ascomycota.g__Fusarium",0,0,0,0,0,0,0,0,0,0,0,0,0,0,0,0,0,0,0,0,0,0,0,0,0
"OTU1014.p__Ascomycota.g__Halosarpheia",1,0,0,0,0,0,0,0,0,0,0,0,0,0,0,0,0,0,0,0,0,0,0,0,0
"OTU1015.p__Ascomycota.g__Ascomycota_gen_Incertae_sedis",0,0,0,0,0,0,0,0,0,0,0,0,0,0,0,0,0,0,0,0,0,0,0,0,0
"OTU1016.p__Ascomycota.g__Stachylidium",0,0,0,0,0,0,0,6,1,0,0,0,0,0,0,0,2,0,0,0,1,0,0,0,0
"OTU1017.p__Basidiomycota.g__Multiclavula",2,0,0,0,0,0,0,4,0,0,1,4,0,0,2,0,0,0,0,0,2,0,0,0,0
"OTU1018.p__Ascomycota.g__Arachnomyces",0,0,0,0,0,0,0,0,0,0,0,0,0,0,0,1,0,0,1,1,0,0,0,0,0
"OTU1019.p__Mucoromycota.g__Gongronella",0,0,0,0,0,0,0,0,0,0,0,0,0,0,0,0,0,0,0,0,0,0,0,0,0
"OTU1020.p__Ascomycota.g__Onygenales_gen_Incertae_sedis",0,0,0,0,0,0,0,0,0,0,0,0,0,0,0,1,1,1,1,1,0,0,0,0,0
"OTU1022.p__Ascomycota.g__Lentitheciaceae_gen_Incertae_sedis",0,0,0,0,0,0,0,0,0,0,0,0,1,0,0,0,0,0,0,0,0,0,0,0,0
"OTU1023.p__Ascomycota.g__Coprotus",0,0,0,0,0,0,0,0,0,1,0,0,0,0,0,0,0,0,0,0,0,0,0,0,0
"OTU1024.p__Ascomycota.g__Melanconiella",0,0,0,0,0,0,0,0,0,0,0,1,0,180,0,0,0,0,1,0,0,0,0,0,0
"OTU1025.p__Glomeromycota.g__Dominikia",0,0,0,0,0,0,0,0,0,0,0,0,0,0,0,0,0,0,0,0,0,0,0,0,0
"OTU1026.p__Ascomycota.g__Arachnomycetaceae_gen_Incertae_sedis",0,0,0,0,0,0,0,0,1,0,0,0,0,0,0,0,0,2,4,0,0,0,0,0,0
"OTU1027.p__Ascomycota.g__Sordariomycetes_gen_Incertae_sedis",0,0,0,3,0,0,0,0,1,0,0,0,0,0,0,0,0,0,0,0,0,0,0,0,0
"OTU1028.p__Ascomycota.g__Sordariomycetes_gen_Incertae_sedis",0,0,0,0,0,0,0,0,0,0,0,0,0,0,0,0,0,0,0,0,1,0,0,0,0
"OTU1029.p__Mortierellomycota.g__Mortierella",0,0,0,0,0,0,0,0,2,0,0,0,0,0,0,0,0,0,0,0,0,0,0,0,0
"OTU1030.p__Chytridiomycota.g__Chytridiomycota_gen_Incertae_sedis",0,0,0,0,0,0,0,0,0,0,0,0,0,0,0,0,0,0,0,0,0,0,0,0,0
"OTU1031.p__Ascomycota.g__Catabotrydaceae_gen_Incertae_sedis",0,0,0,0,0,0,0,0,0,0,0,0,0,0,0,0,0,0,0,0,0,2,2,0,0
"OTU1032.p__Basidiomycota.g__Carlosrosaea",0,0,0,0,0,0,3,2,0,0,0,0,0,0,8,0,8,0,0,0,2,0,0,0,0
"OTU1033.p__Ascomycota.g__Microascus",0,0,0,0,0,0,0,0,0,0,0,0,0,0,0,4,1,0,0,4,1,0,0,0,0
"OTU1034.p__Ascomycota.g__Herpotrichiellaceae_gen_Incertae_sedis",0,0,0,0,0,0,0,5,0,0,0,0,0,1,2,0,0,1,0,0,2,0,0,0,0
"OTU1035.p__Ascomycota.g__Colletotrichum",0,0,1,0,0,0,0,6,2,0,0,4,0,0,4,0,1,0,0,0,4,0,0,0,0
"OTU1036.p__Ascomycota.g__GS33_gen_Incertae_sedis",0,0,0,0,0,0,0,0,0,0,0,15,0,0,0,0,0,0,0,0,1,0,0,0,0
"OTU1037.p__Ascomycota.g__Fusarium",0,0,0,0,0,0,0,0,0,0,0,0,0,0,0,0,0,0,0,0,0,0,0,0,0
"OTU1038.p__Basidiomycota.g__Myriococcum",0,0,0,0,0,0,0,0,0,0,0,0,0,0,0,0,0,0,0,0,0,0,0,0,0
"OTU1039.p__Ascomycota.g__Microascaceae_gen_Incertae_sedis",0,0,0,0,0,0,1,0,0,0,0,0,0,0,0,1,0,2,3,4,0,0,0,0,0
"OTU1040.p__Ascomycota.g__Idriella",0,0,0,0,0,0,0,0,0,2,0,0,0,0,0,3,0,4,4,0,0,0,0,0,0
"OTU1041.p__Ascomycota.g__Fusarium",0,0,0,0,0,0,0,0,0,0,0,0,0,0,0,0,0,0,0,0,0,0,0,0,0
"OTU1042.p__Ascomycota.g__Pezicula",0,0,0,0,0,0,0,0,0,0,0,0,0,0,0,0,0,0,0,0,0,0,0,0,0
"OTU1043.p__Chytridiomycota.g__Chytridiomycota_gen_Incertae_sedis",0,0,0,0,1,0,0,0,0,0,0,0,0,0,0,0,0,0,0,3,0,0,0,0,0
"OTU1044.p__Ascomycota.g__Mycosphaerellaceae_gen_Incertae_sedis",0,0,0,0,0,0,0,0,0,0,1,9,0,0,1,0,1,0,0,0,5,0,0,0,0
"OTU1045.p__Basidiomycota.g__Amaurodon",0,0,0,0,0,0,2,0,0,0,0,0,0,0,0,0,0,0,0,0,0,0,0,0,0
"OTU1047.p__Ascomycota.g__Microthyriales_gen_Incertae_sedis",0,0,0,0,0,0,0,0,0,0,0,0,0,0,0,0,0,0,0,0,0,0,0,0,0
"OTU1049.p__Ascomycota.g__Cordana",0,0,0,0,0,0,0,0,0,1,0,0,0,0,0,1,0,1,0,1,0,0,0,0,0
"OTU1050.p__Ascomycota.g__Schizothecium",0,0,1,0,0,0,0,0,0,0,2,0,0,0,0,0,0,0,0,0,0,0,0,0,0
"OTU1051.p__Basidiomycota.g__Auriculariales_gen_Incertae_sedis",0,0,0,0,0,0,0,0,0,0,0,13,0,0,1,0,0,0,0,0,1,0,0,0,0
"OTU1053.p__Basidiomycota.g__Auriculariales_gen_Incertae_sedis",0,0,0,0,0,0,0,0,0,0,0,0,0,0,0,0,0,0,0,0,0,0,0,0,0
"OTU1054.p__Ascomycota.g__Halorosellinia",0,0,3,0,0,0,0,0,0,0,0,0,0,0,0,0,0,0,0,0,0,0,0,0,0
"OTU1055.p__Chytridiomycota.g__Chytridiomycota_gen_Incertae_sedis",0,0,0,0,0,0,0,0,1,0,0,0,0,0,0,0,0,0,0,0,0,0,0,0,0
"OTU1056.p__Ascomycota.g__Helotiales_gen_Incertae_sedis",0,0,0,0,0,0,0,0,0,0,0,0,0,0,0,5,0,0,0,1,0,0,1,0,0
"OTU1057.p__Basidiomycota.g__Psathyrella",0,0,0,0,0,0,1,0,0,0,0,0,0,0,0,0,0,0,0,0,0,0,0,0,0
"OTU1058.p__Glomeromycota.g__Septoglomus",0,0,0,0,0,0,0,0,0,1,0,0,0,0,0,0,2,0,0,0,0,0,6,2,0
"OTU1060.p__Aphelidiomycota.g__GS16_gen_Incertae_sedis",0,0,0,0,0,0,0,0,0,0,0,0,0,0,0,0,0,0,0,0,0,0,0,0,0
"OTU1061.p__Basidiomycota.g__Erythrobasidium",0,0,0,0,0,0,0,0,0,0,0,0,3,0,2,0,0,0,0,0,0,0,0,0,0
"OTU1062.p__Basidiomycota.g__Coprinopsis",0,0,0,0,0,0,0,0,0,0,0,0,0,0,0,0,0,0,0,0,0,0,0,0,0
"OTU1064.p__Ascomycota.g__Pseudogymnoascus",1,0,36,0,2,0,1,0,0,0,36,0,0,0,0,0,0,0,0,0,0,1,0,0,0
"OTU1065.p__Basidiomycota.g__Wallemia",0,0,0,0,0,0,1,0,0,0,0,0,0,0,0,1,0,0,0,0,0,0,0,8,0
"OTU1066.p__Mortierellomycota.g__Mortierella",0,0,0,0,0,0,0,0,0,0,1,0,0,0,0,0,0,0,0,0,0,0,0,0,0
"OTU1067.p__Ascomycota.g__Dichotomophthora",0,0,0,0,0,0,0,0,0,0,0,0,0,0,0,0,0,0,0,0,0,0,0,0,0
"OTU1068.p__Ascomycota.g__Fusarium",0,0,0,0,0,1,0,0,0,0,0,0,0,0,0,0,0,0,0,0,0,0,0,0,0
"OTU1069.p__Glomeromycota.g__Glomeraceae_gen_Incertae_sedis",0,0,0,0,0,0,0,0,0,0,0,0,0,0,0,0,0,0,0,0,0,0,2,0,0
"OTU1070.p__Basidiomycota.g__Trichaptum",0,4,0,1,0,0,0,0,0,0,0,0,0,0,0,0,0,0,0,0,0,0,0,0,0
"OTU1071.p__Basidiomycota.g__Gloeoporus",0,0,0,0,0,0,0,0,0,0,0,0,0,0,0,0,0,0,0,0,0,0,0,0,0
"OTU1072.p__Basidiomycota.g__Auriculariales_gen_Incertae_sedis",3,0,0,0,0,0,0,0,0,0,0,0,0,0,0,0,0,0,0,0,0,0,0,0,0
"OTU1073.p__Ascomycota.g__Magnaporthiopsis",0,0,0,0,0,0,0,0,0,0,0,0,0,0,0,0,0,1,0,0,0,1,0,0,0
"OTU1074.p__Ascomycota.g__Sordariales_gen_Incertae_sedis",0,0,9,0,0,0,1,0,0,0,2,0,0,0,0,0,0,0,0,0,0,0,0,0,0
"OTU1075.p__Ascomycota.g__Schwanniomyces",0,0,0,0,0,0,0,0,0,0,0,0,0,0,0,0,0,0,0,0,0,0,0,6,0
"OTU1077.p__Ascomycota.g__Fusarium",0,0,0,0,0,0,0,0,0,0,0,0,0,0,0,0,0,0,0,0,0,0,0,0,0
"OTU1079.p__Ascomycota.g__Neohortaea",0,7,0,0,0,0,0,0,0,0,0,3,0,0,0,0,0,0,0,0,1,0,0,0,0
"OTU1080.p__Ascomycota.g__Dactylonectria",0,0,0,0,0,0,0,0,0,0,0,0,0,0,0,0,0,0,3,0,2,0,0,1,0
"OTU1082.p__Basidiomycota.g__Entoloma",0,0,0,0,3,0,0,0,0,2,0,0,0,0,0,0,0,0,0,1,0,0,0,0,0
"OTU1083.p__Ascomycota.g__Hyaloscyphaceae_gen_Incertae_sedis",0,0,0,0,0,0,1,0,0,0,0,0,0,0,0,0,0,0,0,0,0,0,1,0,0
"OTU1084.p__Basidiomycota.g__Gloeoporus",0,0,0,0,0,0,0,0,0,0,0,0,0,0,0,0,0,0,0,0,0,0,0,0,0
"OTU1085.p__Basidiomycota.g__Auriculariales_gen_Incertae_sedis",0,0,0,0,0,0,0,0,0,0,0,0,0,0,0,0,0,0,0,0,0,0,0,0,0
"OTU1086.p__Ascomycota.g__Sordariomycetes_gen_Incertae_sedis",0,0,0,0,0,0,0,0,0,0,0,0,0,0,0,0,0,0,0,0,0,0,0,0,0
"OTU1087.p__Ascomycota.g__Scleroramularia",0,0,0,0,0,0,1,0,0,0,0,0,0,0,3,0,2,0,0,0,3,0,0,0,0
"OTU1088.p__Basidiomycota.g__Phyllozyma",1,0,0,0,0,0,0,6,0,0,0,0,0,0,0,0,0,0,0,0,2,0,0,0,0
"OTU1089.p__Ascomycota.g__Dothideomycetes_gen_Incertae_sedis",0,0,0,0,0,0,0,8,0,0,0,0,0,0,2,0,2,0,0,0,0,0,0,0,0
"OTU1090.p__Chytridiomycota.g__Rhizophydiales_gen_Incertae_sedis",0,0,0,0,0,0,0,0,0,0,0,0,0,0,0,4,0,0,0,1,0,0,0,0,0
"OTU1092.p__Ascomycota.g__Neodevriesia",0,0,0,0,0,0,0,0,0,0,0,0,0,0,0,0,0,0,0,0,0,0,0,0,0
"OTU1093.p__Ascomycota.g__Aspergillus",0,0,1,0,0,0,0,0,0,1,0,0,0,0,0,0,0,0,0,2,0,1,1,0,0
"OTU1094.p__Basidiomycota.g__Erythrobasidium",1,0,0,0,0,0,0,1,0,0,0,5,0,0,1,0,0,0,0,0,0,0,0,0,0
"OTU1095.p__Ascomycota.g__Venturiales_gen_Incertae_sedis",0,0,0,0,0,0,0,6,0,0,0,0,0,0,2,0,1,1,0,0,2,0,0,0,0
"OTU1096.p__Basidiomycota.g__Tulasnella",0,0,0,0,0,0,0,0,0,0,0,0,0,0,0,0,0,0,0,0,0,0,0,0,0
"OTU1097.p__Basidiomycota.g__Trechisporales_gen_Incertae_sedis",0,0,48,0,0,0,0,0,0,0,0,2,0,0,0,0,0,0,0,0,0,0,0,0,0
"OTU1098.p__Fungi_phy_Incertae_sedis.g__Fungi_gen_Incertae_sedis",0,0,0,0,1,0,0,0,0,0,0,0,0,0,0,0,0,0,0,0,0,0,0,0,0
"OTU1099.p__Kickxellomycota.g__Ramicandelaber",0,0,0,0,0,0,0,0,0,0,0,0,0,0,0,2,0,0,0,0,0,0,0,0,0
"OTU1100.p__Ascomycota.g__Knufia",0,8,0,0,0,0,0,0,0,0,0,0,0,2,0,0,0,0,0,0,0,0,0,0,0
"OTU1101.p__Ascomycota.g__Acaulium",0,0,0,0,0,0,0,0,0,0,0,0,0,0,0,0,0,0,2,0,0,0,0,0,0
"OTU1102.p__Chytridiomycota.g__Chytridiomycota_gen_Incertae_sedis",0,0,0,0,0,0,0,0,0,0,0,0,0,0,0,0,0,0,0,0,0,2,1,2,0
"OTU1103.p__Mucoromycota.g__Bifiguratus",0,0,0,0,1,0,0,0,0,0,0,4,0,0,0,0,0,0,0,0,0,0,4,0,0
"OTU1104.p__Ascomycota.g__Chaetomiaceae_gen_Incertae_sedis",0,0,0,0,0,0,0,0,0,0,0,0,0,0,0,0,0,2,0,0,1,1,0,1,0
"OTU1105.p__Ascomycota.g__Fusarium",0,0,0,0,0,0,0,0,0,1,0,0,0,0,0,0,0,0,0,0,0,0,0,0,1
"OTU1106.p__Ascomycota.g__Pulvinulaceae_gen_Incertae_sedis",0,0,0,0,0,0,0,0,0,0,0,0,0,0,0,0,0,0,0,0,0,0,0,0,0
"OTU1107.p__Ascomycota.g__Ceramothyrium",0,0,0,0,0,0,0,6,0,0,0,0,0,0,0,0,0,0,0,0,0,0,0,0,1
"OTU1108.p__Aphelidiomycota.g__Aphelidiomycetes_gen_Incertae_sedis",0,0,0,1,0,0,0,0,0,0,0,0,0,0,0,2,0,0,0,4,0,0,0,0,0
"OTU1109.p__Ascomycota.g__Fusarium",0,0,0,0,0,0,0,0,0,0,0,0,2,0,0,0,0,0,0,0,0,0,0,0,0
"OTU1110.p__Basidiomycota.g__Auriculariales_gen_Incertae_sedis",0,0,0,0,0,0,0,0,0,0,0,0,0,0,0,0,0,0,0,0,0,1,0,0,0
"OTU1111.p__Ascomycota.g__Albophoma",0,0,0,0,0,0,0,0,0,0,0,0,0,0,0,0,0,0,0,0,0,0,0,0,0
"OTU1112.p__Ascomycota.g__Sordariales_gen_Incertae_sedis",0,0,0,0,0,0,0,0,0,0,0,0,1,0,0,0,0,0,0,0,0,0,0,0,0
"OTU1114.p__Fungi_phy_Incertae_sedis.g__Fungi_gen_Incertae_sedis",0,0,0,0,0,0,0,0,0,0,0,0,0,0,0,0,0,1,0,1,0,2,0,0,0
"OTU1115.p__Glomeromycota.g__Rhizophagus",0,0,0,0,0,0,0,0,0,0,0,0,0,0,0,0,0,0,0,0,0,0,0,0,0
"OTU1116.p__Basidiomycota.g__Auriculariales_gen_Incertae_sedis",0,0,0,0,0,0,0,0,0,0,0,0,0,0,0,0,0,0,0,0,0,0,0,0,0
"OTU1117.p__Ascomycota.g__Fusarium",0,0,0,0,0,0,2,0,0,0,1,0,0,0,0,0,0,0,0,1,0,0,0,0,0
"OTU1119.p__Ascomycota.g__Savoryellaceae_gen_Incertae_sedis",0,0,2,0,1,0,2,0,0,0,1,0,1,0,0,0,0,0,0,0,0,0,0,0,0
"OTU1120.p__Basidiomycota.g__Conocybe",0,0,0,0,0,0,0,0,0,0,0,0,0,0,0,0,0,0,0,0,0,0,0,0,0
"OTU1121.p__Ascomycota.g__Hypocreales_gen_Incertae_sedis",0,0,0,0,0,0,0,0,0,0,0,0,0,0,0,0,0,0,0,0,0,0,0,0,0
"OTU1122.p__Ascomycota.g__Fusarium",0,0,0,0,0,0,0,0,1,2,0,0,0,0,0,0,0,0,0,0,0,0,0,0,0
"OTU1123.p__Ascomycota.g__Ceramothyrium",0,0,0,0,0,0,0,6,0,0,0,0,0,0,0,0,1,0,0,0,0,0,0,0,0
"OTU1124.p__Chytridiomycota.g__Spizellomyces",0,0,0,0,0,0,0,0,0,0,0,0,0,0,0,0,0,0,0,0,0,2,4,2,1
"OTU1125.p__Glomeromycota.g__Claroideoglomus",0,0,0,0,0,0,0,0,0,1,0,0,0,0,0,0,0,0,0,0,0,0,0,0,0
"OTU1126.p__Ascomycota.g__Longihyalospora",0,0,0,0,0,0,1,6,0,0,0,0,0,0,3,0,0,0,0,0,4,0,0,0,0
"OTU1127.p__Basidiomycota.g__Microbotryomycetes_gen_Incertae_sedis",0,0,0,0,0,0,1,0,0,0,0,0,0,0,0,0,0,0,0,0,0,0,0,0,0
"OTU1128.p__Ascomycota.g__Pseudocercospora",0,11,0,2,0,0,0,0,0,0,0,0,0,0,3,0,0,0,0,0,0,0,0,0,0
"OTU1130.p__Chytridiomycota.g__Chytridiomycota_gen_Incertae_sedis",0,0,0,0,0,0,0,0,0,0,0,0,0,0,0,0,0,0,0,2,0,0,0,0,0
"OTU1131.p__Fungi_phy_Incertae_sedis.g__Fungi_gen_Incertae_sedis",0,0,0,0,0,0,0,0,0,0,0,0,0,0,0,0,0,0,0,0,0,0,0,0,1
"OTU1132.p__Ascomycota.g__Neostrelitziana",0,5,0,0,0,0,0,0,0,0,0,0,0,0,0,0,0,0,0,0,0,0,0,0,0
"OTU1133.p__Ascomycota.g__Chaetothyriales_gen_Incertae_sedis",0,0,0,0,0,0,0,6,0,0,0,0,0,0,3,0,1,0,0,0,0,0,0,0,0
"OTU1135.p__Chytridiomycota.g__Chytridiomycota_gen_Incertae_sedis",0,0,0,0,0,0,0,0,0,0,0,0,0,0,0,0,0,0,0,0,0,0,0,0,0
"OTU1136.p__Basidiomycota.g__Filobasidium",2,0,1,0,0,0,0,6,0,0,0,0,0,0,3,0,3,0,0,0,4,0,0,0,0
"OTU1137.p__Ascomycota.g__Hypocreales_gen_Incertae_sedis",0,1,1,0,0,0,0,0,0,0,0,0,0,0,0,0,0,0,0,0,0,0,0,0,0
"OTU1138.p__Glomeromycota.g__Septoglomus",0,0,0,0,0,0,0,0,0,0,0,0,0,0,0,0,0,0,0,0,0,0,3,0,0
"OTU1139.p__Ascomycota.g__Pyricularia",0,0,0,0,0,0,0,0,0,0,0,0,0,0,0,0,0,0,0,0,0,0,0,0,0
"OTU1140.p__Ascomycota.g__Pseudogymnoascus",0,0,0,0,0,0,0,0,0,0,0,0,0,0,0,0,0,0,0,0,0,0,0,0,0
"OTU1142.p__Monoblepharomycota.g__Hyaloraphidiales_gen_Incertae_sedis",2,0,1,0,2,0,0,0,0,0,0,0,0,0,0,6,0,6,2,6,0,1,2,1,0
"OTU1143.p__Ascomycota.g__Longihyalospora",0,0,0,0,0,0,1,5,1,0,0,0,0,0,2,0,3,0,0,0,1,0,0,0,0
"OTU1144.p__Rozellomycota.g__GS11_gen_Incertae_sedis",0,0,0,0,0,0,0,0,2,0,0,0,0,0,0,0,0,0,0,0,0,0,0,0,0
"OTU1145.p__Basidiomycota.g__Vishniacozyma",0,0,0,0,0,0,2,0,0,0,0,11,0,0,1,0,0,0,0,0,1,0,0,0,0
"OTU1146.p__Basidiomycota.g__Rhynchogastrema",0,0,0,0,0,0,0,7,0,0,0,0,0,0,0,0,0,0,0,0,0,0,0,0,0
"OTU1147.p__Ascomycota.g__Phaeosphaeria",0,0,0,0,0,0,0,2,1,0,0,0,0,0,3,0,0,0,0,0,3,0,0,0,0
"OTU1148.p__Ascomycota.g__Niesslia",0,0,0,0,0,0,0,0,0,0,0,0,1,0,0,0,0,0,0,0,0,0,0,1,1
"OTU1149.p__Fungi_phy_Incertae_sedis.g__Fungi_gen_Incertae_sedis",0,0,0,0,0,0,0,0,3,0,0,0,0,0,0,0,0,0,0,0,0,0,0,0,0
"OTU1150.p__Basidiomycota.g__Auriculariales_gen_Incertae_sedis",1,13,0,0,0,0,0,5,0,1,0,11,0,1,0,0,7,0,0,0,3,0,0,0,0
"OTU1151.p__Glomeromycota.g__Dominikia",0,0,0,0,0,0,0,0,0,0,0,0,0,0,0,0,0,0,0,0,0,0,0,0,0
"OTU1153.p__Ascomycota.g__Hypocreales_gen_Incertae_sedis",2,0,5,0,0,0,0,0,0,0,2,0,0,0,0,0,0,0,0,0,0,0,0,0,0
"OTU1154.p__Basidiomycota.g__Auriculariales_gen_Incertae_sedis",0,0,0,0,0,0,0,0,0,1,0,0,0,0,0,0,0,0,0,0,1,0,0,0,0
"OTU1155.p__Basidiomycota.g__Rhizoctonia",0,0,0,0,0,0,0,0,0,0,0,12,0,0,7,0,1,0,0,0,0,0,0,0,0
"OTU1156.p__Mortierellomycota.g__Mortierellales_gen_Incertae_sedis",0,0,0,0,0,0,1,0,0,0,0,0,0,0,0,0,0,0,0,0,0,0,0,0,0
"OTU1157.p__Ascomycota.g__Pezicula",0,0,1,0,0,0,0,0,0,0,0,0,0,0,0,0,0,0,0,0,0,0,0,0,0
"OTU1158.p__Fungi_phy_Incertae_sedis.g__Fungi_gen_Incertae_sedis",0,0,0,0,0,0,0,0,0,0,1,0,0,0,0,0,0,0,0,0,0,2,0,0,0
"OTU1159.p__Mucoromycota.g__GS23_gen_Incertae_sedis",0,0,0,0,0,0,0,0,0,121,0,0,1,0,0,0,0,0,0,0,0,0,0,0,0
"OTU1163.p__Ascomycota.g__Lulworthiaceae_gen_Incertae_sedis",0,0,0,0,0,0,0,0,0,0,0,0,0,0,0,0,0,0,0,0,0,0,0,0,0
"OTU1164.p__Ascomycota.g__Saccharomyces",0,6,0,0,0,0,0,0,0,0,0,0,0,0,0,0,0,0,0,0,0,0,0,0,0
"OTU1166.p__Ascomycota.g__Nemania",0,0,0,0,0,0,0,0,0,0,0,14,0,0,0,0,0,0,0,0,0,0,0,0,0
"OTU1167.p__Ascomycota.g__Onygenales_gen_Incertae_sedis",0,0,0,0,0,0,0,0,0,0,1,0,0,0,0,0,0,0,0,0,0,0,0,3,0
"OTU1168.p__Ascomycota.g__Drechmeria",0,0,0,0,2,0,0,0,0,0,0,0,0,0,0,0,0,0,0,0,0,0,0,0,0
"OTU1169.p__Basidiobolomycota.g__Basidiobolus",0,0,0,0,0,0,2,0,0,0,0,0,0,0,0,0,0,0,0,0,0,0,0,0,0
"OTU1170.p__Ascomycota.g__Trichomerium",0,0,1,1,0,0,0,1,0,0,0,6,0,0,6,0,2,0,0,0,6,0,0,0,0
"OTU1171.p__Basidiomycota.g__Bulleribasidium",1,0,0,0,0,0,0,7,0,0,0,0,0,0,1,0,2,0,0,0,1,0,0,0,0
"OTU1172.p__Ascomycota.g__Ustilaginoidea",0,0,0,0,0,0,0,0,0,0,0,0,0,0,0,0,0,0,0,0,1,0,0,0,0
"OTU1173.p__Ascomycota.g__Savoryellaceae_gen_Incertae_sedis",0,0,0,0,0,0,0,0,0,0,0,0,0,0,0,0,0,1,0,0,0,0,0,0,0
"OTU1174.p__Ascomycota.g__Fusarium",2,0,0,0,3,0,0,0,0,2,0,0,0,0,0,4,0,2,1,1,0,0,2,0,0
"OTU1175.p__Ascomycota.g__Keissleriella",0,0,0,0,0,0,0,0,0,0,0,0,0,0,0,0,0,0,0,0,0,0,0,0,0
"OTU1176.p__Basidiomycota.g__Auriculariales_gen_Incertae_sedis",0,0,0,0,0,0,0,10,0,0,0,0,0,0,0,0,0,0,0,0,0,0,0,0,0
"OTU1177.p__Fungi_phy_Incertae_sedis.g__Fungi_gen_Incertae_sedis",0,0,0,0,1,0,0,0,0,0,0,0,0,0,0,2,0,0,0,0,0,0,0,0,0
"OTU1179.p__Ascomycota.g__Coniochaetales_gen_Incertae_sedis",0,0,0,0,0,0,0,0,0,0,0,0,0,0,0,0,0,0,0,0,0,0,0,0,0
"OTU1181.p__Basidiomycota.g__Parasola",0,0,0,0,0,0,0,0,0,0,0,0,0,0,0,0,0,0,0,0,0,0,0,0,0
"OTU1182.p__Ascomycota.g__Gliocladium",0,0,0,0,0,0,0,5,0,0,0,0,0,0,0,0,0,0,0,0,0,0,0,0,0
"OTU1183.p__Basidiomycota.g__Coprinopsis",0,0,0,0,0,0,0,0,0,0,0,0,0,0,0,0,0,0,0,0,0,0,0,0,0
"OTU1184.p__Chytridiomycota.g__Spizellomycetales_gen_Incertae_sedis",0,0,0,0,0,0,0,0,0,0,0,0,0,0,0,1,0,0,3,0,0,1,0,0,1
"OTU1185.p__Ascomycota.g__Fusarium",0,0,0,0,0,0,0,0,0,0,0,0,0,0,0,0,0,0,0,0,0,0,0,0,0
"OTU1186.p__Ascomycota.g__Arcuadendron",0,0,1,0,0,0,0,0,0,1,0,0,0,0,0,2,0,0,2,1,0,0,0,0,0
"OTU1187.p__Basidiomycota.g__Sporobolomyces",0,0,0,0,0,0,0,2,0,1,0,1,0,0,6,0,3,0,0,0,4,0,0,0,0
"OTU1188.p__Ascomycota.g__Onygenales_gen_Incertae_sedis",0,0,0,0,0,0,0,5,0,0,0,8,0,0,1,0,0,0,0,0,2,0,0,0,0
"OTU1189.p__Ascomycota.g__Ascomycota_gen_Incertae_sedis",0,0,0,0,0,0,0,0,0,0,0,0,0,139,0,0,0,0,0,0,0,0,0,0,0
"OTU1190.p__Basidiomycota.g__Inocybe",0,0,0,0,0,0,0,0,0,0,0,16,0,0,1,0,0,0,0,0,0,0,0,0,0
"OTU1191.p__Ascomycota.g__Phaeosphaeria",0,0,0,0,0,0,0,0,0,0,1,0,0,0,0,0,0,0,0,0,0,0,2,0,0
"OTU1192.p__Ascomycota.g__Hyweljonesia",0,0,0,0,0,0,0,3,0,0,0,0,0,0,1,0,2,0,0,0,2,0,0,0,0
"OTU1193.p__Basidiomycota.g__Exobasidiales_gen_Incertae_sedis",1,0,0,0,0,0,0,3,0,0,0,0,0,0,1,0,1,0,0,0,3,0,0,0,0
"OTU1194.p__Fungi_phy_Incertae_sedis.g__Fungi_gen_Incertae_sedis",0,0,0,0,0,0,0,7,0,0,0,0,0,0,1,0,0,0,0,0,0,0,0,0,0
"OTU1195.p__Glomeromycota.g__Glomus",0,0,0,0,0,0,0,0,0,1,0,0,0,0,0,0,0,0,0,3,0,0,0,1,0
"OTU1196.p__Basidiomycota.g__Entyloma",0,0,0,0,0,0,0,2,0,0,0,0,0,0,3,0,0,0,0,0,1,0,0,0,0
"OTU1197.p__Ascomycota.g__Helotiales_gen_Incertae_sedis",0,0,0,0,0,0,0,0,0,0,0,0,0,0,0,0,0,0,0,0,0,5,0,2,2
"OTU1198.p__Mortierellomycota.g__Mortierella",0,0,0,0,0,0,0,0,0,0,0,0,0,0,0,0,0,0,0,0,0,0,0,0,0
"OTU1199.p__Ascomycota.g__Chaetomium",0,0,4,0,0,0,0,0,0,0,3,0,0,0,0,0,0,0,0,0,0,0,0,0,0
"OTU1200.p__Ascomycota.g__Ascomycota_gen_Incertae_sedis",0,0,0,0,0,0,0,0,0,0,0,0,0,0,0,1,1,0,0,0,0,3,0,0,0
"OTU1201.p__Ascomycota.g__Stachybotryaceae_gen_Incertae_sedis",0,0,0,0,0,0,0,0,0,0,0,0,0,0,0,0,1,0,0,0,0,0,0,0,0
"OTU1202.p__Basidiomycota.g__Ustilaginaceae_gen_Incertae_sedis",0,0,0,0,0,0,0,0,0,0,0,0,0,0,0,0,1,0,0,0,0,0,0,0,0
"OTU1203.p__Ascomycota.g__Cistella",0,0,0,0,0,0,0,0,0,0,0,0,2,0,0,0,0,0,0,0,0,0,0,0,0
"OTU1204.p__Ascomycota.g__Fusarium",0,0,0,27,0,0,0,0,0,0,0,0,0,6,0,0,0,0,0,0,0,0,0,0,0
"OTU1205.p__Fungi_phy_Incertae_sedis.g__Fungi_gen_Incertae_sedis",0,0,0,0,0,0,0,4,0,0,0,0,0,0,1,0,1,0,0,0,1,1,0,0,0
"OTU1206.p__Basidiomycota.g__Moesziomyces",0,0,0,0,0,0,0,5,0,1,0,0,0,0,0,0,1,0,0,0,1,0,0,0,0
"OTU1207.p__Ascomycota.g__Microascaceae_gen_Incertae_sedis",0,0,0,0,0,0,0,0,1,0,0,0,0,0,0,0,0,0,0,0,0,0,0,0,0
"OTU1208.p__Ascomycota.g__Aspergillus",0,0,1,0,0,0,0,2,0,0,0,0,0,0,0,0,0,0,0,2,0,0,0,0,0
"OTU1209.p__Ascomycota.g__Fusarium",0,0,0,0,0,0,0,0,0,0,0,0,0,0,0,0,0,0,0,0,0,0,0,0,0
"OTU1211.p__Ascomycota.g__Helotiales_gen_Incertae_sedis",0,0,0,0,0,0,0,0,0,0,0,11,0,0,0,0,0,0,0,0,0,0,0,0,0
"OTU1212.p__Ascomycota.g__Capnodiales_gen_Incertae_sedis",0,0,0,0,0,0,0,0,0,0,0,4,0,0,1,0,1,0,0,0,0,0,0,0,0
"OTU1213.p__Basidiomycota.g__Auriculariales_gen_Incertae_sedis",0,6,0,0,0,0,0,0,0,2,0,0,0,0,7,0,2,0,0,0,1,0,0,0,0
"OTU1214.p__Ascomycota.g__Amauroascus",0,0,0,0,0,0,0,0,0,0,0,0,0,0,0,0,0,1,0,0,0,0,0,0,0
"OTU1215.p__Basidiomycota.g__Auriculariales_gen_Incertae_sedis",0,0,0,0,0,0,0,3,0,0,0,0,0,0,0,0,12,0,0,0,2,0,0,0,0
"OTU1217.p__Rozellomycota.g__Rozellomycota_gen_Incertae_sedis",0,0,0,0,0,0,0,0,0,0,0,0,0,0,0,1,0,0,0,0,0,0,0,0,0
"OTU1218.p__Basidiomycota.g__Auriculariales_gen_Incertae_sedis",0,0,0,0,0,0,0,0,0,0,0,6,0,0,0,0,0,0,0,0,0,0,0,0,0
"OTU1219.p__Ascomycota.g__Mycosphaerella",0,0,0,0,0,0,0,0,0,0,0,4,0,0,0,0,0,0,0,0,0,0,0,0,0
"OTU1221.p__Chytridiomycota.g__Fimicolochytrium",0,0,0,0,0,0,0,0,0,1,0,0,0,0,0,0,0,0,0,0,0,0,0,0,0
"OTU1222.p__Glomeromycota.g__Rhizophagus",0,0,0,0,0,0,0,0,0,0,0,0,0,0,0,0,0,0,0,0,0,0,3,0,0
"OTU1223.p__Ascomycota.g__Podospora",0,0,0,0,0,0,0,0,0,0,0,0,0,0,0,0,0,0,0,0,0,0,0,0,0
"OTU1225.p__Ascomycota.g__Cladorrhinum",0,0,0,0,0,0,0,0,0,0,0,0,0,0,0,0,0,0,0,0,0,0,0,0,0
"OTU1226.p__Basidiomycota.g__Conocybe",0,0,0,0,0,0,0,0,0,0,0,0,0,0,0,0,0,0,0,0,0,1,0,1,0
"OTU1227.p__Glomeromycota.g__Claroideoglomus",0,0,0,0,0,0,0,0,0,0,0,0,0,0,0,0,0,0,0,0,0,2,4,1,0
"OTU1229.p__Glomeromycota.g__Rhizophagus",0,0,0,0,0,0,0,0,2,0,0,0,0,0,0,0,0,0,0,0,0,0,0,0,0
"OTU1230.p__Basidiomycota.g__Camarophyllopsis",0,0,0,0,0,0,0,0,0,0,0,13,0,0,0,0,0,0,0,0,0,0,0,0,0
"OTU1231.p__Ascomycota.g__Ascomycota_gen_Incertae_sedis",0,0,0,0,1,0,0,0,0,0,0,0,0,0,0,0,0,0,0,0,0,0,0,0,0
"OTU1232.p__Basidiomycota.g__Cystobasidium",0,0,0,0,0,0,0,0,0,0,0,0,0,0,0,0,0,0,0,0,0,1,0,3,0
"OTU1234.p__Ascomycota.g__Scutellinia",0,0,0,0,0,0,0,0,0,0,0,0,0,0,0,0,0,0,1,0,0,0,0,0,0
"OTU1235.p__Chytridiomycota.g__Rhizophydiales_gen_Incertae_sedis",0,0,0,0,0,0,0,0,0,0,0,0,0,0,0,0,0,0,0,0,0,0,0,0,0
"OTU1236.p__Ascomycota.g__Parapenidiella",0,0,0,0,0,0,0,1,1,0,0,0,0,0,1,0,3,0,0,0,1,0,0,0,0
"OTU1238.p__Ascomycota.g__Hyweljonesia",1,0,0,0,0,0,0,2,0,2,0,0,0,0,1,0,1,0,0,0,0,0,0,0,0
"OTU1240.p__Basidiomycota.g__Thelephorales_gen_Incertae_sedis",0,0,0,0,0,0,3,0,0,0,0,0,0,0,0,0,0,0,0,1,0,0,0,0,0
"OTU1241.p__Ascomycota.g__Clonostachys",0,0,0,0,0,0,0,0,0,0,0,9,0,0,0,0,0,0,0,0,0,0,0,0,0
"OTU1242.p__Glomeromycota.g__Funneliformis",0,0,0,0,0,0,0,0,0,0,0,0,0,0,0,0,0,0,0,0,0,3,8,2,0
"OTU1243.p__Ascomycota.g__Eurotiomycetes_gen_Incertae_sedis",0,0,0,0,0,0,0,1,0,0,0,6,1,0,0,0,0,0,0,0,0,0,0,0,0
"OTU1244.p__Chytridiomycota.g__Rhizophlyctidales_gen_Incertae_sedis",0,0,0,0,0,0,0,0,0,0,0,0,0,0,0,0,0,0,0,0,0,0,0,0,0
"OTU1245.p__Ascomycota.g__Cistella",0,0,0,0,0,0,0,0,0,0,0,0,0,0,0,0,0,0,0,0,0,0,0,0,0
"OTU1246.p__Ascomycota.g__Pezicula",0,0,0,0,0,0,0,4,0,0,0,0,0,0,0,0,0,0,0,0,0,0,0,0,0
"OTU1248.p__Glomeromycota.g__Glomus",0,0,0,0,0,0,1,0,0,0,0,0,0,0,0,0,0,0,0,0,0,0,1,1,2
"OTU1249.p__Ascomycota.g__Trichothecium",0,0,0,0,0,0,0,0,0,0,0,0,0,0,0,2,0,0,0,1,0,0,0,0,0
"OTU1250.p__Ascomycota.g__Dothideomycetes_gen_Incertae_sedis",0,0,0,0,0,0,0,0,0,0,0,11,0,0,0,0,0,0,0,0,0,0,0,0,0
"OTU1252.p__Glomeromycota.g__Glomeraceae_gen_Incertae_sedis",0,0,0,0,0,0,0,0,0,0,0,0,0,0,0,0,0,0,0,0,0,0,0,0,0
"OTU1253.p__Ascomycota.g__Curvularia",0,4,1,0,0,0,0,0,0,0,0,0,0,0,0,0,0,0,0,0,0,0,0,0,0
"OTU1254.p__Basidiomycota.g__Serendipita",0,0,0,0,0,0,0,0,0,0,0,1,0,0,0,0,0,0,0,0,0,0,0,1,4
"OTU1255.p__Chytridiomycota.g__Fimicolochytrium",0,0,0,0,0,1,0,0,0,0,0,0,0,0,0,0,0,0,0,0,0,0,0,0,0
"OTU1256.p__Chytridiomycota.g__Spizellomycetales_gen_Incertae_sedis",0,0,0,0,0,0,0,0,0,0,0,0,0,0,0,0,0,0,0,0,0,0,0,0,1
"OTU1257.p__Ascomycota.g__Helotiales_gen_Incertae_sedis",0,0,0,0,0,0,0,0,0,0,0,8,0,0,0,0,0,0,0,0,0,0,0,0,0
"OTU1259.p__Ascomycota.g__Pleosporales_gen_Incertae_sedis",0,0,0,0,0,0,0,0,0,0,0,3,0,0,0,0,0,0,0,0,1,0,0,0,0
"OTU1260.p__Ascomycota.g__Monosporascus",0,0,0,0,1,0,0,0,0,0,0,0,0,0,0,0,0,0,0,0,0,0,0,0,0
"OTU1261.p__Ascomycota.g__Magnaporthales_gen_Incertae_sedis",0,0,0,0,0,0,0,0,0,0,0,0,0,0,0,0,0,0,0,0,0,0,1,3,0
"OTU1262.p__Ascomycota.g__Papulaspora",1,0,0,0,0,0,0,0,0,0,0,0,0,0,0,0,0,0,0,0,0,0,0,0,0
"OTU1263.p__Basidiomycota.g__Auriculariales_gen_Incertae_sedis",0,0,0,0,0,0,0,0,0,0,0,0,0,0,0,0,0,0,0,0,0,0,0,0,0
"OTU1264.p__Ascomycota.g__Sporormiaceae_gen_Incertae_sedis",0,0,0,0,0,0,0,0,0,0,1,0,0,0,0,1,0,0,0,0,0,0,0,0,0
"OTU1265.p__Ascomycota.g__Teratosphaeriaceae_gen_Incertae_sedis",0,0,0,0,0,0,1,0,0,0,0,6,0,0,0,0,0,0,0,0,0,0,0,0,0
"OTU1267.p__Ascomycota.g__Pallidocercospora",0,0,0,0,0,0,0,4,0,0,0,0,0,0,0,0,1,0,0,0,0,0,0,0,0
"OTU1268.p__Ascomycota.g__Fusarium",0,0,0,0,0,0,0,0,0,0,0,0,0,0,0,0,0,0,0,0,0,0,0,0,0
"OTU1269.p__Basidiobolomycota.g__Basidiobolus",0,0,0,0,0,0,0,0,5,0,0,0,0,0,0,0,0,0,0,0,0,0,0,0,0
"OTU1270.p__Mortierellomycota.g__Mortierellaceae_gen_Incertae_sedis",0,0,0,0,0,0,0,4,0,1,0,0,0,0,0,0,1,0,0,0,0,0,0,0,0
"OTU1271.p__Basidiomycota.g__Serendipita",0,0,0,0,0,0,0,0,0,0,0,0,0,0,0,0,0,0,0,0,0,0,2,0,0
"OTU1272.p__Ascomycota.g__Sirastachys",0,0,0,0,0,0,0,0,0,0,0,0,0,0,0,0,0,0,0,0,0,2,0,0,0
"OTU1273.p__Ascomycota.g__Rectifusarium",0,0,0,0,0,0,0,0,1,0,0,0,0,0,0,0,0,0,0,0,0,0,0,3,0
"OTU1274.p__Ascomycota.g__Chaetomiaceae_gen_Incertae_sedis",0,0,0,0,0,0,0,0,0,0,0,0,0,0,0,0,0,0,0,0,0,1,1,0,1
"OTU1275.p__Ascomycota.g__Monascus",0,0,0,0,0,0,1,0,0,0,0,13,0,0,0,0,0,0,0,0,0,0,0,0,0
"OTU1276.p__Ascomycota.g__Acrophialophora",0,0,0,0,0,0,0,0,0,0,0,0,0,0,0,3,0,1,0,0,0,0,0,0,0
"OTU1277.p__Glomeromycota.g__Entrophospora",0,0,0,0,0,0,0,0,0,0,0,0,0,0,0,0,0,0,0,0,0,0,2,0,0
"OTU1278.p__Chytridiomycota.g__Spizellomyces",0,0,0,0,0,0,0,0,0,0,0,0,0,0,0,0,0,0,0,0,0,0,0,0,0
"OTU1280.p__Chytridiomycota.g__Rhizophydiales_gen_Incertae_sedis",0,0,0,2,0,0,0,0,0,0,0,0,0,0,0,0,0,0,0,0,0,0,0,0,0
"OTU1281.p__Ascomycota.g__Pleosporaceae_gen_Incertae_sedis",1,0,0,0,0,0,0,0,0,2,0,0,0,0,0,0,0,0,0,0,0,0,0,0,0
"OTU1282.p__Ascomycota.g__Fusarium",0,0,0,0,0,0,0,0,0,0,0,0,0,0,0,0,0,0,0,0,0,0,0,0,0
"OTU1283.p__Ascomycota.g__Hypocreales_gen_Incertae_sedis",0,0,0,0,0,0,0,0,0,0,0,0,0,0,0,0,0,0,0,0,0,0,0,0,0
"OTU1284.p__Basidiomycota.g__Coprinellus",0,0,1,0,1,0,0,0,0,0,1,0,0,0,5,0,0,0,0,0,8,0,0,0,0
"OTU1285.p__Chytridiomycota.g__Rhizophydiales_gen_Incertae_sedis",0,0,0,0,0,0,0,0,0,0,0,0,0,0,0,1,0,1,0,2,0,0,0,1,0
"OTU1286.p__Ascomycota.g__Devriesia",0,0,0,0,0,0,0,0,0,0,0,5,0,0,1,0,0,0,0,0,1,0,0,0,0
"OTU1287.p__Ascomycota.g__Nectria",0,0,0,0,0,0,0,0,0,0,0,0,0,0,0,0,0,0,0,0,0,0,0,0,0
"OTU1288.p__Ascomycota.g__Chloridium",0,0,0,0,0,0,0,0,0,0,0,0,0,0,0,0,0,0,0,0,0,0,0,0,0
"OTU1290.p__Ascomycota.g__Orbiliaceae_gen_Incertae_sedis",0,0,0,0,0,0,0,0,0,0,0,0,0,0,0,0,0,0,0,0,0,0,0,0,0
"OTU1291.p__Ascomycota.g__Simplicillium",0,0,0,0,1,0,0,0,0,0,0,9,0,0,0,0,0,0,0,0,1,0,0,0,0
"OTU1292.p__Ascomycota.g__Leptospora",0,0,0,0,0,0,0,0,0,1,0,0,0,0,1,0,0,0,0,0,0,0,0,0,0
"OTU1293.p__Ascomycota.g__Herpotrichiellaceae_gen_Incertae_sedis",0,0,0,0,0,0,0,3,0,0,0,0,0,0,0,0,0,0,0,0,0,0,0,0,0
"OTU1294.p__Ascomycota.g__Neurospora",1,0,0,0,0,0,0,2,4,0,0,0,0,0,1,1,0,1,9,0,0,5,17,1,27
"OTU1295.p__Ascomycota.g__Hongkongmyces",0,0,0,0,0,0,0,0,0,0,0,0,2,0,0,0,0,0,0,0,0,0,0,0,0
"OTU1296.p__Ascomycota.g__Gymnoascus",2,0,0,0,0,0,0,0,0,0,0,0,0,0,0,0,0,0,0,0,0,0,0,0,0
"OTU1297.p__Ascomycota.g__Paraphoma",0,0,0,0,0,0,0,0,0,0,0,0,0,0,0,0,0,0,0,0,0,0,0,0,0
"OTU1298.p__Chytridiomycota.g__Rhizophydiales_gen_Incertae_sedis",0,0,0,0,0,0,0,0,0,0,0,0,0,0,0,0,0,0,0,0,0,0,0,0,0
"OTU1299.p__Ascomycota.g__Gliomastix",0,0,0,0,0,0,0,0,0,0,0,0,0,0,0,0,0,0,0,0,0,0,2,0,0
"OTU1300.p__Glomeromycota.g__Glomeraceae_gen_Incertae_sedis",0,0,0,0,0,0,0,0,0,0,0,0,0,0,0,0,0,0,0,0,0,0,0,0,0
"OTU1301.p__Fungi_phy_Incertae_sedis.g__Fungi_gen_Incertae_sedis",0,0,0,0,0,0,0,0,0,0,0,1,0,0,0,0,0,2,1,0,0,0,3,0,0
"OTU1302.p__Ascomycota.g__Lulworthiaceae_gen_Incertae_sedis",0,0,0,0,0,1,0,0,0,0,0,0,0,0,0,1,0,1,2,0,0,3,2,3,1
"OTU1303.p__Ascomycota.g__Pezizomycotina_gen_Incertae_sedis",0,0,0,0,0,0,0,0,0,0,0,0,0,0,0,0,0,0,0,0,0,0,0,0,0
"OTU1304.p__Chytridiomycota.g__Chytridiomycota_gen_Incertae_sedis",0,0,0,0,0,0,0,0,0,0,0,0,0,0,0,0,0,0,0,0,0,0,0,0,0
"OTU1305.p__Ascomycota.g__Fusarium",0,0,0,0,0,1,0,0,0,0,0,0,0,0,0,0,0,0,0,0,0,0,0,0,0
"OTU1306.p__Basidiomycota.g__Exidia",0,0,0,0,0,0,0,6,0,0,0,0,0,0,0,0,0,0,0,0,0,0,0,0,0
"OTU1307.p__Kickxellomycota.g__Ramicandelaber",0,0,0,1,0,0,0,0,0,0,0,0,0,0,0,3,0,0,0,0,0,0,6,0,0
"OTU1309.p__Basidiomycota.g__Occultifur",0,0,0,0,0,0,0,4,0,0,0,0,0,0,0,0,0,0,0,0,0,0,0,0,0
"OTU1310.p__Ascomycota.g__Branch06_gen_Incertae_sedis",0,0,0,0,0,0,0,0,0,0,0,0,0,0,0,1,0,0,0,0,0,0,0,0,0
"OTU1311.p__Basidiomycota.g__Xylodon",0,0,0,0,0,0,0,0,0,0,0,0,0,0,0,0,0,0,0,0,0,0,0,0,0
"OTU1312.p__Ascomycota.g__Ascomycota_gen_Incertae_sedis",0,0,0,0,0,0,0,0,0,0,0,0,0,0,0,0,0,0,0,0,0,1,1,1,0
"OTU1314.p__Basidiomycota.g__Tulasnella",0,0,0,0,0,0,0,0,0,0,0,0,0,0,0,0,0,0,0,0,0,0,0,0,0
"OTU1315.p__Basidiomycota.g__Auriculariales_gen_Incertae_sedis",0,0,0,0,0,0,0,0,0,1,0,0,0,0,0,0,0,0,0,0,0,0,0,0,0
"OTU1316.p__Basidiomycota.g__Coprinopsis",0,3,0,0,1,1,0,2,0,0,0,0,0,0,6,0,0,0,0,0,4,0,0,0,0
"OTU1317.p__Chytridiomycota.g__Chytridiomycota_gen_Incertae_sedis",0,0,0,0,0,0,1,0,0,0,1,0,0,0,0,0,0,0,0,0,0,0,0,0,0
"OTU1318.p__Glomeromycota.g__Funneliformis",0,0,0,0,0,0,0,0,0,0,0,0,0,0,0,0,0,0,0,0,0,0,8,1,0
"OTU1319.p__Fungi_phy_Incertae_sedis.g__Fungi_gen_Incertae_sedis",0,0,0,0,0,0,0,0,0,0,0,0,0,0,0,0,0,2,2,0,0,0,0,0,0
"OTU1320.p__Ascomycota.g__Strelitziana",0,1,1,0,0,0,0,3,0,0,0,13,0,0,1,0,0,0,0,0,2,0,0,0,0
"OTU1321.p__Chytridiomycota.g__Rhizophydiales_gen_Incertae_sedis",0,0,0,0,0,0,1,0,0,0,1,0,0,0,0,1,0,0,0,5,0,0,0,0,0
"OTU1322.p__Ascomycota.g__Cyphellophoraceae_gen_Incertae_sedis",0,0,0,0,0,0,0,0,0,0,0,6,0,0,0,0,1,0,0,0,0,0,0,0,0
"OTU1323.p__Ascomycota.g__Elsinoe",0,0,0,0,0,0,0,0,0,0,0,12,0,0,0,0,0,0,0,0,0,0,0,0,0
"OTU1324.p__Basidiomycota.g__Auriculariales_gen_Incertae_sedis",0,0,0,0,0,0,0,0,0,0,0,11,0,0,0,0,1,0,0,0,0,0,0,0,0
"OTU1325.p__Chytridiomycota.g__Spizellomycetales_gen_Incertae_sedis",0,0,0,0,0,0,0,0,0,0,0,0,0,0,0,0,0,0,0,0,0,0,0,0,0
"OTU1328.p__Ascomycota.g__Marquandomyces",0,0,0,0,0,0,0,0,0,0,0,0,0,0,0,0,0,0,0,0,0,0,0,0,0
"OTU1329.p__Ascomycota.g__Nigrograna",0,0,0,0,0,0,0,6,0,0,0,0,0,0,0,0,0,0,0,0,0,0,0,0,0
"OTU1330.p__Ascomycota.g__Mycoarthris",0,0,0,0,0,0,0,0,0,0,0,0,0,0,0,0,0,0,0,0,0,1,0,0,0
"OTU1331.p__Ascomycota.g__Fusarium",0,1,0,0,1,0,0,0,0,2,0,0,2,0,0,1,0,0,0,1,0,2,0,9,4
"OTU1332.p__Ascomycota.g__Hypocreales_gen_Incertae_sedis",0,0,0,0,0,0,0,0,0,0,0,0,0,0,0,0,0,0,0,0,0,0,0,3,0
"OTU1333.p__Basidiomycota.g__Auriculariales_gen_Incertae_sedis",0,0,0,0,0,0,0,0,0,0,0,0,0,0,0,0,0,0,0,0,0,1,2,0,0
"OTU1334.p__Basidiomycota.g__Auriculariales_gen_Incertae_sedis",0,0,0,0,0,0,0,0,0,0,4,0,0,0,0,0,0,0,0,0,0,0,0,0,0
"OTU1335.p__Ascomycota.g__Cytosporella",0,0,0,0,0,0,0,3,0,0,0,0,0,0,1,0,1,0,0,0,0,0,0,0,0
"OTU1336.p__Ascomycota.g__Brycekendrickomyces",0,0,0,0,0,0,0,0,1,0,0,0,0,0,1,0,6,0,0,0,3,0,0,0,0
"OTU1338.p__Ascomycota.g__Ascobolus",0,0,0,0,0,0,0,0,0,0,0,0,0,0,0,0,0,1,1,0,0,0,0,0,0
"OTU1339.p__Glomeromycota.g__Glomus",0,0,0,0,0,0,0,0,0,0,0,0,0,0,0,0,0,0,0,0,0,0,0,0,0
"OTU1342.p__Ascomycota.g__Gaeumannomyces",0,1,0,0,0,0,0,0,0,0,0,0,0,0,0,0,1,0,0,0,1,0,0,0,0
"OTU1343.p__Ascomycota.g__Chaetothyriales_gen_Incertae_sedis",0,0,0,0,0,0,0,2,0,0,0,0,0,0,0,0,0,0,0,0,0,0,0,0,0
"OTU1344.p__Ascomycota.g__Dothideomycetes_gen_Incertae_sedis",0,0,0,0,0,0,0,1,0,0,0,0,0,0,0,0,0,0,0,0,0,0,0,0,0
"OTU1345.p__Ascomycota.g__Lophiostomataceae_gen_Incertae_sedis",0,0,0,0,0,0,0,0,0,0,0,9,0,0,0,0,0,0,0,0,0,0,0,0,0
"OTU1346.p__Mucoromycota.g__Mucorales_gen_Incertae_sedis",0,0,0,1,0,0,0,0,0,0,0,0,0,0,0,0,0,0,0,0,0,0,0,0,0
"OTU1348.p__Fungi_phy_Incertae_sedis.g__Fungi_gen_Incertae_sedis",0,0,0,0,0,0,0,0,0,0,0,0,0,0,0,0,0,0,0,0,0,0,0,0,0
"OTU1351.p__Ascomycota.g__Echinusitheca",0,0,0,0,0,0,0,0,0,0,0,0,0,0,0,1,0,0,0,0,0,0,0,0,0
"OTU1352.p__Ascomycota.g__Teratoramularia",0,0,0,0,0,0,0,0,0,0,0,0,0,0,2,0,0,0,0,0,2,0,0,0,0
"OTU1353.p__Basidiomycota.g__Lactarius",0,0,0,0,0,0,0,0,0,0,0,12,0,0,0,0,0,0,0,0,0,0,0,0,0
"OTU1354.p__Ascomycota.g__Ascomycota_gen_Incertae_sedis",0,0,0,0,0,0,0,0,0,0,0,0,0,0,0,0,0,0,0,0,0,0,3,0,0
"OTU1355.p__Ascomycota.g__Parawilcoxina",0,0,0,0,0,0,0,1,0,0,1,0,0,0,0,0,0,0,0,0,0,0,3,0,0
"OTU1356.p__Mortierellomycota.g__Mortierella",0,0,0,0,0,0,0,0,0,7,0,0,0,0,0,0,0,0,0,0,0,0,0,0,0
"OTU1357.p__Basidiomycota.g__Auriculariales_gen_Incertae_sedis",0,0,0,0,0,0,0,0,0,0,0,0,0,0,0,0,0,0,0,0,0,0,0,0,1
"OTU1358.p__Chytridiomycota.g__Spizellomycetales_gen_Incertae_sedis",0,0,0,0,0,0,0,0,0,0,0,0,0,0,0,0,0,0,0,0,0,0,0,0,0
"OTU1361.p__Chytridiomycota.g__Rhizophydiales_gen_Incertae_sedis",0,0,0,0,0,0,0,0,0,0,0,0,0,0,0,0,0,0,0,0,0,0,0,0,0
"OTU1362.p__Fungi_phy_Incertae_sedis.g__Fungi_gen_Incertae_sedis",0,0,0,0,0,0,0,0,0,0,0,0,0,0,0,0,0,0,0,0,0,0,0,0,0
"OTU1363.p__Ascomycota.g__Onygenales_gen_Incertae_sedis",0,0,0,0,0,0,0,0,0,0,0,0,0,0,0,0,0,0,0,0,0,0,0,0,0
"OTU1364.p__Ascomycota.g__Beauveria",0,0,0,0,0,0,0,0,0,0,1,0,0,0,0,0,0,0,0,0,0,1,0,7,2
"OTU1365.p__Ascomycota.g__Ceramothyrium",0,0,0,0,0,0,0,0,0,0,0,10,0,0,0,0,0,0,0,0,0,0,0,0,0
"OTU1366.p__Ascomycota.g__Myrothecium",0,0,0,0,0,0,0,0,0,0,0,4,0,0,0,0,0,0,0,0,0,0,0,0,0
"OTU1367.p__Chytridiomycota.g__Spizellomycetales_gen_Incertae_sedis",0,0,0,0,0,0,0,0,0,0,0,0,0,0,0,0,0,0,0,0,0,0,0,0,0
"OTU1368.p__Ascomycota.g__Ascomycota_gen_Incertae_sedis",0,0,0,0,0,0,0,0,0,0,0,0,0,0,0,0,0,0,0,0,0,0,0,0,0
"OTU1369.p__Basidiomycota.g__Auriculariales_gen_Incertae_sedis",0,0,0,0,0,0,0,0,0,0,0,0,0,0,0,0,0,0,0,0,0,0,0,0,0
"OTU1370.p__Glomeromycota.g__Glomeraceae_gen_Incertae_sedis",0,0,0,0,0,0,0,0,0,0,0,0,0,0,0,0,0,0,0,0,0,0,0,0,0
"OTU1371.p__Basidiomycota.g__Multiclavula",0,0,0,0,0,0,0,0,0,0,0,9,0,0,0,0,0,0,0,0,1,0,0,0,0
"OTU1372.p__Glomeromycota.g__Glomus",0,0,0,0,0,0,0,0,0,0,0,0,0,0,0,0,0,0,0,0,0,0,0,0,0
"OTU1373.p__Basidiomycota.g__Sakaguchia",0,0,0,0,0,0,0,0,0,0,0,6,0,0,0,0,0,0,0,0,0,1,0,0,0
"OTU1374.p__Chytridiomycota.g__Chytridiomycota_gen_Incertae_sedis",0,0,1,0,0,0,0,0,1,0,0,0,0,0,0,0,0,0,0,0,0,0,0,0,0
"OTU1375.p__Ascomycota.g__Pulvinulaceae_gen_Incertae_sedis",0,0,0,0,0,0,0,0,0,0,0,0,0,0,0,0,0,0,0,0,0,0,0,0,0
"OTU1376.p__Ascomycota.g__Corticifraga",0,0,0,0,0,0,0,1,0,0,0,0,0,0,0,0,0,0,0,0,0,0,0,0,0
"OTU1377.p__Basidiomycota.g__Auriculariales_gen_Incertae_sedis",0,0,0,0,0,0,0,6,0,0,0,0,0,0,1,0,2,0,0,0,0,0,0,0,0
"OTU1378.p__Fungi_phy_Incertae_sedis.g__Fungi_gen_Incertae_sedis",0,0,0,0,0,0,0,0,0,0,0,0,0,0,0,0,0,0,0,3,0,0,0,2,0
"OTU1379.p__Ascomycota.g__Cephalotrichum",0,0,0,0,0,0,0,0,0,0,0,0,0,0,0,0,0,0,0,5,0,0,0,0,0
"OTU1380.p__Ascomycota.g__Boubovia",0,0,0,0,0,0,1,0,0,0,0,0,0,0,0,0,0,0,0,0,0,3,1,0,0
"OTU1381.p__Basidiomycota.g__Auriculariales_gen_Incertae_sedis",0,0,0,0,0,0,0,0,0,0,0,0,0,0,0,0,0,0,0,0,0,0,0,0,1
"OTU1382.p__Basidiomycota.g__Entoloma",0,0,0,0,0,0,0,0,0,0,0,0,0,0,0,0,0,0,0,0,0,0,0,0,0
"OTU1384.p__Basidiomycota.g__Coprinellus",0,0,0,0,0,0,0,0,0,0,0,0,0,0,0,0,0,0,0,0,0,0,0,0,0
"OTU1385.p__Ascomycota.g__Fusarium",0,0,0,0,0,0,0,0,1,0,0,0,0,0,0,0,0,0,0,0,0,0,0,0,0
"OTU1386.p__Ascomycota.g__Fellhanera",0,0,0,0,0,0,0,0,0,0,0,0,0,0,0,1,2,0,0,0,0,0,0,0,0
"OTU1387.p__Ascomycota.g__Nigrospora",0,0,0,0,0,0,0,3,0,0,0,0,0,0,1,0,0,0,0,0,0,0,0,0,0
"OTU1388.p__Chytridiomycota.g__Phlyctochytriaceae_gen_Incertae_sedis",0,1,0,0,0,0,0,0,0,0,1,0,0,0,0,0,0,0,0,0,0,0,0,0,0
"OTU1389.p__Ascomycota.g__Sympoventuriaceae_gen_Incertae_sedis",0,0,0,0,0,0,0,0,0,0,0,7,0,0,0,0,0,0,0,0,0,0,0,0,0
"OTU1390.p__Ascomycota.g__Hypocreaceae_gen_Incertae_sedis",0,0,0,0,0,0,0,0,0,0,0,0,0,0,0,0,0,0,0,0,0,0,0,0,0
"OTU1391.p__Basidiomycota.g__Limnoperdaceae_gen_Incertae_sedis",0,0,0,0,0,0,0,0,0,0,0,0,0,0,0,0,0,0,0,0,0,0,0,0,0
"OTU1392.p__Basidiomycota.g__Agaricus",0,0,0,0,1,0,0,0,0,0,0,0,0,0,0,0,0,0,1,0,0,0,0,0,0
"OTU1393.p__Basidiomycota.g__Basidiomycota_gen_Incertae_sedis",0,0,1,0,0,0,0,6,0,0,0,0,0,0,0,0,0,0,0,0,0,0,0,0,0
"OTU1394.p__Fungi_phy_Incertae_sedis.g__Fungi_gen_Incertae_sedis",0,0,0,0,0,0,0,0,0,0,0,0,0,1,0,0,0,0,0,0,0,1,2,1,1
"OTU1395.p__Basidiomycota.g__Symmetrospora",0,0,0,0,0,0,0,0,0,0,0,0,0,0,0,0,1,0,0,0,1,0,0,0,0
"OTU1396.p__Glomeromycota.g__Rhizophagus",0,0,0,0,0,0,0,0,0,0,2,0,0,0,0,0,0,0,0,0,0,0,0,0,0
"OTU1397.p__Ascomycota.g__Elaphomyces",0,0,0,0,0,0,0,0,0,0,0,8,0,0,0,0,0,0,0,0,0,0,0,0,0
"OTU1400.p__Ascomycota.g__Pleosporales_gen_Incertae_sedis",0,0,0,0,0,0,0,0,0,0,2,0,0,0,0,0,0,0,0,0,0,0,0,0,0
"OTU1403.p__Chytridiomycota.g__Chytridiomycota_gen_Incertae_sedis",0,0,1,0,0,0,0,0,0,0,0,0,0,0,0,0,0,0,0,0,0,0,0,0,0
"OTU1404.p__Ascomycota.g__Chaetomium",2,0,0,0,0,0,1,0,0,0,0,0,0,0,0,0,0,0,0,0,0,0,1,2,1
"OTU1405.p__Basidiomycota.g__Carcinomyces",0,0,0,0,0,0,0,2,0,0,0,0,0,0,1,0,0,0,0,0,0,0,0,0,0
"OTU1406.p__Ascomycota.g__Acremonium",0,0,0,0,0,0,0,4,0,0,0,0,0,0,0,0,1,0,0,0,1,0,0,0,0
"OTU1407.p__Ascomycota.g__Pleosporales_gen_Incertae_sedis",0,0,0,0,0,0,0,6,0,0,0,0,0,0,0,0,0,0,0,0,0,0,0,0,0
"OTU1408.p__Basidiomycota.g__Vishniacozyma",0,0,0,0,0,0,0,0,0,0,0,0,0,0,0,0,0,0,0,1,0,0,1,0,0
"OTU1410.p__Ascomycota.g__Neoophiobolus",0,0,0,0,0,0,0,0,0,0,0,3,0,0,1,0,0,0,0,0,0,0,0,0,0
"OTU1411.p__Chytridiomycota.g__Chytridiomycota_gen_Incertae_sedis",0,0,0,0,0,0,0,0,0,0,0,0,0,0,0,0,0,0,0,0,0,0,0,0,0
"OTU1412.p__Ascomycota.g__Aphanophora",0,0,0,0,0,0,0,1,0,0,0,0,0,0,1,0,0,0,0,0,0,0,0,0,0
"OTU1416.p__Glomeromycota.g__Rhizophagus",0,0,0,0,0,0,0,0,0,0,1,0,0,0,0,0,0,0,0,0,0,0,0,0,0
"OTU1417.p__Glomeromycota.g__Glomus",0,0,0,0,0,0,0,0,0,0,0,0,0,0,0,0,0,0,0,0,0,0,0,0,0
"OTU1418.p__Ascomycota.g__Fusarium",0,0,0,0,0,0,0,0,0,0,0,0,0,0,0,2,0,1,0,0,0,0,0,0,0
"OTU1419.p__Basidiomycota.g__Meira",0,0,0,0,0,0,0,0,0,0,0,8,0,0,1,0,2,0,0,0,1,0,0,0,0
"OTU1420.p__Ascomycota.g__Sordariales_gen_Incertae_sedis",0,0,2,0,0,0,0,0,0,0,1,0,0,0,0,0,0,0,0,0,0,0,0,0,0
"OTU1421.p__Ascomycota.g__Cordycipitaceae_gen_Incertae_sedis",0,0,0,0,0,0,0,0,0,0,0,0,0,0,0,0,0,0,0,0,0,0,0,1,0
"OTU1423.p__Ascomycota.g__Terfezia",0,0,0,0,0,0,0,0,0,0,0,0,0,0,0,0,0,0,0,0,0,0,0,0,0
"OTU1424.p__Ascomycota.g__Branch06_gen_Incertae_sedis",0,0,18,3,0,0,0,0,3,4,0,0,0,0,0,0,0,0,2,0,0,0,0,0,0
"OTU1425.p__Basidiomycota.g__Russulaceae_gen_Incertae_sedis",0,0,0,0,0,0,0,4,0,0,0,0,0,0,0,0,0,0,0,0,0,0,0,0,0
"OTU1427.p__Ascomycota.g__Ascomycota_gen_Incertae_sedis",0,0,0,0,0,0,0,0,0,0,0,0,0,0,0,0,0,0,0,1,0,0,0,0,0
"OTU1428.p__Basidiomycota.g__Tremellales_gen_Incertae_sedis",0,0,0,0,0,0,0,0,0,0,0,6,0,0,3,0,0,0,0,0,0,0,0,0,0
"OTU1430.p__Glomeromycota.g__Glomeromycota_gen_Incertae_sedis",0,0,0,0,0,0,0,0,1,0,0,0,0,0,0,0,0,0,0,0,0,0,1,0,0
"OTU1431.p__Basidiomycota.g__Bannoa",0,0,0,0,0,0,0,1,0,0,0,0,0,0,2,0,0,1,0,0,0,0,0,0,0
"OTU1432.p__Glomeromycota.g__Rhizophagus",0,0,0,0,0,0,0,0,1,0,0,0,0,2,0,0,0,0,0,0,0,0,0,0,0
"OTU1433.p__Ascomycota.g__Gibellulopsis",0,0,1,0,0,0,2,1,0,1,0,0,0,0,1,0,7,0,0,0,0,0,0,0,0
"OTU1434.p__Ascomycota.g__Fusarium",0,0,0,0,0,0,0,0,0,0,0,0,0,0,0,0,0,0,0,0,0,0,0,0,0
"OTU1435.p__Fungi_phy_Incertae_sedis.g__Fungi_gen_Incertae_sedis",0,0,0,0,0,0,0,0,0,0,0,0,0,0,0,0,0,0,0,0,0,0,0,0,0
"OTU1436.p__Basidiomycota.g__Auriculariales_gen_Incertae_sedis",0,0,0,0,0,0,0,0,0,0,0,0,0,0,0,0,0,0,0,0,0,0,0,0,0
"OTU1437.p__Glomeromycota.g__Rhizophagus",0,0,0,0,0,0,0,0,0,0,0,0,0,0,0,0,0,0,0,0,0,0,3,0,0
"OTU1438.p__Ascomycota.g__Trichoderma",0,0,0,0,0,0,0,0,1,0,0,5,0,0,0,0,0,0,0,0,0,0,0,0,0
"OTU1439.p__Ascomycota.g__Chaetomium",0,0,0,0,0,0,1,0,0,0,0,0,0,0,0,0,0,0,2,0,0,1,0,0,0
"OTU1440.p__Ascomycota.g__Fusarium",0,0,0,0,0,0,0,1,0,0,0,0,0,0,0,0,0,0,0,0,0,0,0,0,0
"OTU1441.p__Ascomycota.g__Podospora",0,0,0,0,0,0,0,0,0,0,0,0,0,0,0,0,0,0,0,0,0,0,0,0,0
"OTU1442.p__Basidiomycota.g__Peniophorella",0,0,0,0,0,0,0,0,0,0,0,6,0,0,0,0,0,0,0,0,0,0,0,0,0
"OTU1443.p__Ascomycota.g__Cyphellophora",0,0,0,0,2,0,0,5,0,0,0,8,0,0,2,0,1,1,0,0,1,0,0,0,0
"OTU1445.p__Ascomycota.g__Fusarium",0,0,0,0,0,0,0,0,0,0,0,0,0,0,0,0,0,0,0,0,0,0,0,0,0
"OTU1446.p__Basidiomycota.g__Auriculariales_gen_Incertae_sedis",0,0,0,0,0,0,0,0,0,0,0,0,0,0,0,0,0,0,0,0,0,0,0,0,0
"OTU1447.p__Basidiomycota.g__Slooffia",0,0,0,0,0,0,0,0,0,0,0,0,0,0,0,0,0,0,0,0,0,0,0,0,0
"OTU1448.p__Ascomycota.g__Fusarium",0,0,0,0,0,0,0,0,0,0,0,0,0,0,0,0,0,0,0,0,0,0,1,0,0
"OTU1449.p__Glomeromycota.g__Glomerales_gen_Incertae_sedis",0,0,0,0,0,0,0,0,0,0,0,0,0,0,0,2,0,0,0,0,0,0,0,0,0
"OTU1450.p__Ascomycota.g__Paraphoma",0,0,0,0,0,0,0,1,0,0,0,0,0,0,6,0,2,0,0,0,0,0,0,0,0
"OTU1451.p__Ascomycota.g__Translucidithyrium",0,0,0,0,0,0,0,3,0,0,0,0,0,0,0,0,2,0,0,0,0,0,0,0,0
"OTU1452.p__Chytridiomycota.g__Spizellomycetales_gen_Incertae_sedis",0,0,0,0,0,0,0,0,0,0,0,0,0,0,0,2,0,1,1,0,0,0,0,0,0
"OTU1453.p__Basidiomycota.g__Bulleribasidiaceae_gen_Incertae_sedis",0,0,0,0,0,0,0,0,1,0,0,3,0,0,2,0,0,0,0,0,1,0,0,0,0
"OTU1454.p__Ascomycota.g__Zasmidium",0,0,0,0,0,0,0,3,0,2,0,2,0,0,5,0,2,0,0,0,0,0,0,0,0
"OTU1455.p__Ascomycota.g__Stachybotrys",0,0,1,0,0,0,0,0,0,0,2,0,0,0,0,0,0,0,0,0,0,0,0,0,0
"OTU1456.p__Ascomycota.g__Herpotrichiellaceae_gen_Incertae_sedis",0,0,0,0,0,0,0,4,0,0,0,0,0,0,1,0,1,0,0,0,1,0,0,0,0
"OTU1457.p__Ascomycota.g__Neodevriesia",0,0,0,0,0,0,0,0,0,0,0,0,0,0,0,0,0,0,0,0,0,0,0,0,0
"OTU1458.p__Basidiomycota.g__Entoloma",0,0,0,0,0,0,0,0,0,0,0,0,0,0,0,0,0,0,0,0,0,0,0,0,0
"OTU1459.p__Basidiomycota.g__Lacrymaria",0,0,0,0,1,0,0,0,0,0,0,0,0,0,0,2,0,1,0,0,0,0,0,0,0
"OTU1460.p__Fungi_phy_Incertae_sedis.g__Fungi_gen_Incertae_sedis",0,0,0,0,0,0,0,0,0,0,0,0,0,0,0,0,0,0,0,0,0,0,0,0,0
"OTU1461.p__Basidiomycota.g__Ustilago",0,0,0,0,0,0,0,0,0,0,0,0,0,0,0,0,0,0,0,0,0,0,0,0,0
"OTU1463.p__Basidiomycota.g__Auriculariales_gen_Incertae_sedis",0,0,0,1,0,0,0,0,0,1,0,0,0,0,0,0,0,0,0,0,0,0,0,0,0
"OTU1464.p__Ascomycota.g__Extremaceae_gen_Incertae_sedis",0,0,0,0,0,0,0,0,0,0,0,0,0,0,1,0,5,0,0,0,3,0,0,0,0
"OTU1465.p__Ascomycota.g__Chaetothyriales_gen_Incertae_sedis",0,0,0,0,0,0,0,0,0,0,0,0,0,0,0,0,0,0,0,0,0,0,1,1,0
"OTU1466.p__Glomeromycota.g__Diversisporaceae_gen_Incertae_sedis",1,0,0,0,0,0,1,0,1,0,0,0,0,1,0,0,0,0,0,0,0,1,0,3,1
"OTU1472.p__Ascomycota.g__Hyphopichia",0,0,0,0,0,0,0,2,0,0,0,0,0,0,1,0,0,0,0,0,0,0,0,1,0
"OTU1473.p__Basidiomycota.g__Rhodosporidiobolus",0,0,0,1,0,0,0,3,0,0,0,0,0,0,1,0,2,0,0,0,0,0,0,0,0
"OTU1474.p__Ascomycota.g__Setophoma",0,0,0,0,0,0,0,3,0,0,0,0,0,0,0,0,0,0,0,0,0,0,0,0,0
"OTU1475.p__Fungi_phy_Incertae_sedis.g__Fungi_gen_Incertae_sedis",0,0,0,0,0,0,0,4,0,0,0,1,0,0,1,0,2,0,0,0,1,0,0,0,0
"OTU1476.p__Glomeromycota.g__Claroideoglomus",0,0,0,0,0,0,0,0,0,0,0,0,0,0,0,0,0,0,0,0,0,1,1,0,0
"OTU1477.p__Ascomycota.g__Aspergillus",0,0,0,0,0,0,0,0,0,0,0,0,0,0,0,0,0,0,0,0,0,0,0,0,0
"OTU1478.p__Basidiomycota.g__Auriculariales_gen_Incertae_sedis",0,0,0,0,0,0,0,0,0,0,0,0,0,0,0,0,0,0,0,0,0,0,0,0,0
"OTU1479.p__Ascomycota.g__Blastobotrys",0,2,0,0,1,0,0,0,0,0,0,0,0,0,2,0,1,0,0,0,1,0,0,0,0
"OTU1480.p__Fungi_phy_Incertae_sedis.g__Fungi_gen_Incertae_sedis",0,0,0,0,0,0,0,0,0,0,0,0,0,0,0,0,0,0,0,0,0,0,1,0,0
"OTU1481.p__Ascomycota.g__Trichoderma",0,0,0,0,0,0,0,0,0,0,1,0,0,0,0,0,0,0,0,0,0,0,0,0,0
"OTU1482.p__Glomeromycota.g__Septoglomus",0,0,0,0,0,0,0,0,0,0,0,0,0,0,0,0,0,0,0,0,0,0,2,0,0
"OTU1483.p__Ascomycota.g__Fusarium",0,0,0,0,0,0,0,4,0,0,0,0,0,0,0,0,0,0,0,0,1,0,0,0,0
"OTU1484.p__Ascomycota.g__Chaetothyriales_gen_Incertae_sedis",0,0,0,0,0,0,0,0,0,0,0,6,0,0,0,0,1,0,0,0,1,0,0,0,0
"OTU1485.p__Monoblepharomycota.g__Monoblepharidales_gen_Incertae_sedis",0,0,0,0,0,0,0,0,0,0,0,0,0,0,0,1,0,0,0,1,0,0,0,1,0
"OTU1486.p__Ascomycota.g__Verticillium",0,0,0,0,0,0,0,0,0,0,0,0,0,0,1,0,0,0,0,3,0,0,0,0,0
"OTU1487.p__Ascomycota.g__Amphisphaeriales_gen_Incertae_sedis",0,0,0,0,0,0,0,0,0,0,0,0,0,0,0,0,0,0,0,1,0,0,0,0,0
"OTU1488.p__Ascomycota.g__Chaetomidium",0,0,1,0,0,0,0,0,0,0,7,0,0,0,0,0,0,0,0,0,0,0,0,0,0
"OTU1489.p__Ascomycota.g__Ascotricha",0,0,0,0,0,0,0,0,0,0,1,0,0,0,0,0,0,0,0,0,0,0,0,0,0
"OTU1490.p__Chytridiomycota.g__Chytridiomycota_gen_Incertae_sedis",0,0,0,0,0,0,0,0,0,0,0,0,0,0,0,0,0,0,0,0,0,0,0,0,0
"OTU1491.p__Ascomycota.g__Pezicula",0,0,0,0,0,0,0,0,0,0,0,0,0,0,0,0,0,0,0,0,0,0,0,0,0
"OTU1496.p__Ascomycota.g__Fusarium",0,0,0,0,0,0,0,0,0,2,0,0,0,0,0,0,0,0,0,0,0,0,0,0,0
"OTU1498.p__Basidiomycota.g__Auriculariales_gen_Incertae_sedis",0,0,0,0,0,0,0,0,0,0,0,0,0,0,0,0,0,2,0,0,0,0,0,0,0
"OTU1499.p__Basidiomycota.g__Mrakia",0,0,0,0,0,0,0,0,0,0,0,0,0,0,0,0,0,0,0,0,0,0,4,0,0
"OTU1500.p__Ascomycota.g__Devriesia",0,0,0,0,0,0,0,4,0,0,0,0,0,0,0,0,0,0,0,0,0,0,0,0,0
"OTU1501.p__Ascomycota.g__Pezicula",0,0,0,0,0,0,0,2,0,3,0,0,0,0,0,0,0,0,0,0,0,0,0,0,0
"OTU1502.p__Ascomycota.g__Pyrenochaetopsis",0,0,6,0,0,0,0,0,0,0,7,0,0,0,0,0,0,0,0,0,0,0,0,0,0
"OTU1503.p__Ascomycota.g__Tilachlidium",0,0,0,0,0,0,0,0,0,0,1,5,0,0,0,0,0,0,0,0,0,0,0,0,0
"OTU1504.p__Glomeromycota.g__Septoglomus",0,0,0,0,0,1,0,0,0,1,0,0,0,0,0,0,0,0,0,0,0,0,0,6,0
"OTU1506.p__Ascomycota.g__Ascomycota_gen_Incertae_sedis",0,0,0,0,0,0,0,0,0,2,0,0,0,0,0,1,0,0,4,2,0,0,0,0,0
"OTU1508.p__Fungi_phy_Incertae_sedis.g__Fungi_gen_Incertae_sedis",0,0,0,0,0,0,0,0,0,0,0,0,0,0,0,0,0,0,0,0,0,0,0,0,0
"OTU1510.p__Fungi_phy_Incertae_sedis.g__Fungi_gen_Incertae_sedis",0,0,0,0,0,0,0,0,0,1,0,0,0,0,0,1,0,0,0,0,0,0,0,0,0
"OTU1511.p__Ascomycota.g__Herpotrichiellaceae_gen_Incertae_sedis",0,0,0,0,0,0,0,2,0,0,0,0,0,0,1,0,0,0,0,0,0,0,0,0,0
"OTU1512.p__Ascomycota.g__Pezicula",0,0,0,0,0,0,0,3,0,0,0,0,0,0,0,0,0,0,0,0,0,0,0,0,0
"OTU1513.p__Ascomycota.g__Zymoseptoria",0,0,0,0,0,0,0,3,0,0,0,0,0,0,1,0,0,0,0,0,0,0,0,0,0
"OTU1514.p__Ascomycota.g__Podosporaceae_gen_Incertae_sedis",0,0,0,0,0,0,0,6,0,0,0,0,0,0,0,0,0,1,0,0,0,0,0,0,0
"OTU1515.p__Ascomycota.g__Micropeltis",0,0,0,0,0,0,0,6,0,0,0,0,0,0,0,0,3,0,0,0,1,0,0,0,0
"OTU1516.p__Ascomycota.g__Pezicula",0,0,0,1,0,0,0,5,0,0,1,0,0,0,0,0,0,0,0,0,0,0,0,0,0
"OTU1518.p__Ascomycota.g__Strelitziana",0,0,0,0,2,0,0,4,0,0,0,0,0,0,5,0,1,0,0,0,1,0,0,0,0
"OTU1519.p__Ascomycota.g__Onygenales_gen_Incertae_sedis",0,0,0,0,0,0,0,0,0,0,0,0,0,0,0,0,0,0,0,0,0,0,0,0,0
"OTU1520.p__Ascomycota.g__Sarocladium",0,0,0,0,0,0,0,0,0,0,0,0,0,0,0,0,0,0,0,0,0,0,0,0,0
"OTU1522.p__Blastocladiomycota.g__Paraphysoderma",0,0,0,0,0,0,0,0,0,0,0,1,0,0,0,1,0,0,0,0,0,0,0,0,0
"OTU1523.p__Ascomycota.g__Ascotricha",2,0,0,0,0,0,0,0,0,0,0,0,0,0,0,0,0,0,0,0,0,0,0,0,0
"OTU1524.p__Chytridiomycota.g__Spizellomycetales_gen_Incertae_sedis",0,0,0,0,2,0,0,0,0,0,0,0,0,0,0,0,0,0,0,0,0,0,0,1,0
"OTU1525.p__Basidiomycota.g__Auriculariales_gen_Incertae_sedis",0,0,0,0,0,0,0,0,0,0,0,0,0,0,1,0,0,0,0,0,0,0,0,0,0
"OTU1526.p__Chytridiomycota.g__Rhizophlyctidaceae_gen_Incertae_sedis",0,0,0,0,0,0,0,0,0,0,0,0,0,0,0,0,0,0,0,0,0,0,0,0,0
"OTU1527.p__Basidiomycota.g__Trimorphomycetaceae_gen_Incertae_sedis",0,0,0,0,0,0,0,1,0,0,0,0,0,0,0,0,0,0,0,0,0,0,0,0,0
"OTU1528.p__Ascomycota.g__Hypocreales_gen_Incertae_sedis",0,0,0,0,0,0,0,1,0,0,0,0,0,0,0,0,0,0,0,0,2,0,0,0,0
"OTU1529.p__Fungi_phy_Incertae_sedis.g__Fungi_gen_Incertae_sedis",0,0,0,0,0,0,0,0,0,0,0,0,0,0,0,1,0,0,0,0,0,0,0,0,0
"OTU1530.p__Ascomycota.g__Dothideomycetes_gen_Incertae_sedis",0,0,0,0,0,0,0,4,0,0,0,0,0,0,0,0,0,0,0,0,0,0,0,0,0
"OTU1531.p__Basidiomycota.g__Simocybe",0,0,0,0,0,0,0,0,0,0,0,0,1,0,0,0,0,0,0,0,0,0,0,0,0
"OTU1532.p__Ascomycota.g__Stachybotryaceae_gen_Incertae_sedis",0,0,1,0,0,0,0,0,0,0,4,0,0,0,0,0,0,0,0,0,0,0,0,0,0
"OTU1533.p__Ascomycota.g__Pezizales_gen_Incertae_sedis",0,0,1,0,0,0,0,0,0,0,0,0,0,0,0,0,0,0,0,0,0,0,0,3,0
"OTU1534.p__Ascomycota.g__Sordariales_gen_Incertae_sedis",0,0,0,0,0,0,0,0,0,0,0,0,0,0,0,0,2,1,0,0,0,3,0,0,0
"OTU1535.p__Ascomycota.g__Paracylindrocarpon",0,0,0,0,0,0,0,0,0,0,0,0,0,0,0,0,0,0,0,0,0,0,1,0,0
"OTU1536.p__Ascomycota.g__Pezicula",0,0,0,0,0,0,0,0,1,0,0,0,0,0,0,0,0,0,0,0,0,0,0,0,0
"OTU1537.p__Ascomycota.g__Beauveria",0,0,0,0,0,0,0,0,0,0,0,0,0,3,0,0,0,0,0,0,0,0,0,0,0
"OTU1540.p__Olpidiomycota.g__Olpidiaster",0,0,0,0,0,0,0,0,0,0,0,0,0,0,0,0,0,0,0,1,0,0,0,1,0
"OTU1541.p__Basidiomycota.g__Thanatephorus",0,0,0,0,0,0,0,0,0,2,0,0,0,0,0,0,0,0,0,0,0,0,0,0,0
"OTU1542.p__Ascomycota.g__Onygenales_gen_Incertae_sedis",0,0,0,0,0,0,0,0,0,0,0,0,0,0,0,0,0,0,0,0,0,0,0,0,0
"OTU1543.p__Ascomycota.g__Pyronemataceae_gen_Incertae_sedis",0,0,0,0,0,0,0,0,0,0,0,0,0,0,0,0,0,0,0,0,0,0,2,0,0
"OTU1544.p__Basidiomycota.g__Cystobasidium",0,0,0,0,0,0,0,0,0,0,0,1,0,0,1,0,1,0,0,0,2,0,0,0,0
"OTU1545.p__Blastocladiomycota.g__Paraphysoderma",0,0,1,0,0,0,0,0,0,0,0,0,0,0,0,0,0,0,0,1,0,0,0,0,0
"OTU1547.p__Ascomycota.g__Chaetothyriales_gen_Incertae_sedis",0,0,0,0,0,0,0,0,0,0,0,1,0,0,4,0,1,0,0,0,4,0,0,0,0
"OTU1550.p__Ascomycota.g__Fusarium",0,0,0,0,0,0,0,0,0,0,1,0,0,0,0,0,0,0,0,0,0,0,0,0,0
"OTU1551.p__Glomeromycota.g__Septoglomus",0,0,0,0,0,0,0,1,0,0,0,0,0,0,0,0,0,0,0,0,0,0,7,1,0
"OTU1552.p__Fungi_phy_Incertae_sedis.g__Fungi_gen_Incertae_sedis",0,0,1,0,0,0,0,1,2,0,0,0,0,0,3,0,0,0,0,0,4,0,0,0,0
"OTU1554.p__Basidiomycota.g__Trichosporonaceae_gen_Incertae_sedis",0,0,0,0,0,0,0,7,0,0,0,0,0,0,0,0,0,0,0,0,0,0,0,0,0
"OTU1555.p__Chytridiomycota.g__Spizellomycetales_gen_Incertae_sedis",0,0,0,0,0,0,0,0,0,0,0,0,0,0,0,0,0,0,0,0,0,0,3,0,0
"OTU1558.p__Ascomycota.g__Brachychaeta",0,0,0,0,0,0,0,0,0,0,0,0,0,0,0,0,0,0,0,0,0,0,0,0,0
"OTU1559.p__Ascomycota.g__Pezicula",0,0,0,0,0,0,0,0,0,0,0,0,0,0,0,0,0,0,0,0,0,0,0,0,0
"OTU1560.p__Ascomycota.g__Eurotiales_gen_Incertae_sedis",2,0,38,0,0,0,1,0,0,1,61,0,0,0,0,0,0,0,0,0,0,0,0,0,0
"OTU1561.p__Ascomycota.g__Longihyalospora",0,0,0,0,0,0,0,0,0,0,0,9,0,0,0,0,0,0,0,0,1,0,0,0,0
"OTU1562.p__Basidiomycota.g__Rhizopogon",0,0,0,0,0,0,0,0,0,0,0,5,0,0,0,0,0,0,0,0,0,0,0,0,0
"OTU1563.p__Basidiomycota.g__Auriculariales_gen_Incertae_sedis",0,0,0,0,0,0,0,0,0,0,0,0,0,0,0,0,0,0,0,0,0,2,2,0,0
"OTU1564.p__Ascomycota.g__Chaetothyriales_gen_Incertae_sedis",0,0,0,0,0,0,0,2,0,0,0,0,0,0,0,0,0,0,0,0,0,0,0,0,0
"OTU1565.p__Chytridiomycota.g__Chytridiomycota_gen_Incertae_sedis",0,0,0,0,0,0,1,0,0,0,0,0,0,0,0,0,0,0,0,0,0,0,0,0,3
"OTU1567.p__Ascomycota.g__Strelitziomyces",0,0,0,0,0,0,0,3,0,0,0,0,0,0,1,0,0,0,0,0,0,0,0,0,0
"OTU1568.p__Fungi_phy_Incertae_sedis.g__Fungi_gen_Incertae_sedis",0,0,0,0,0,0,0,0,0,0,0,0,0,0,0,0,0,0,0,0,0,0,0,0,0
"OTU1569.p__Basidiomycota.g__Psathyrella",0,0,0,1,0,0,0,0,0,0,1,0,0,0,0,0,0,0,0,1,0,0,0,0,0
"OTU1570.p__Basidiomycota.g__Etheirodon",0,0,0,0,0,0,0,0,0,0,0,0,0,0,0,0,0,0,0,0,0,0,0,0,0
"OTU1571.p__Ascomycota.g__Pezicula",0,0,0,1,0,0,0,0,0,0,0,0,0,0,0,0,0,0,0,0,0,0,0,0,0
"OTU1572.p__Basidiomycota.g__Phanerochaete",0,0,0,0,0,0,0,1,0,0,0,0,0,0,0,0,0,0,0,0,0,0,0,0,0
"OTU1574.p__Ascomycota.g__Toxicocladosporium",0,0,0,0,0,0,0,2,0,0,0,0,0,0,0,0,0,0,0,0,0,0,0,0,0
"OTU1575.p__Basidiomycota.g__Basidiomycota_gen_Incertae_sedis",0,0,0,0,0,0,0,1,0,0,0,0,0,0,0,0,0,0,0,0,0,0,0,0,0
"OTU1576.p__Ascomycota.g__Pyxidiophora",0,0,0,0,0,0,0,0,0,0,0,0,0,0,0,0,0,0,0,0,0,0,0,3,0
"OTU1577.p__Ascomycota.g__Pseudopithomyces",0,0,0,0,0,0,0,0,0,0,0,0,0,0,0,0,0,0,0,0,0,0,0,0,0
"OTU1580.p__Ascomycota.g__Emericellopsis",0,0,4,0,0,0,0,0,0,0,0,0,0,0,0,0,0,0,0,0,0,0,0,0,0
"OTU1582.p__Fungi_phy_Incertae_sedis.g__Fungi_gen_Incertae_sedis",1,0,2,0,0,0,0,0,0,0,0,0,0,0,0,1,0,0,0,0,0,1,0,0,1
"OTU1583.p__Ascomycota.g__Fusarium",0,0,0,0,0,0,0,0,1,0,0,0,0,0,0,0,0,0,0,0,0,0,0,0,0
"OTU1584.p__Ascomycota.g__Corticifraga",0,0,0,0,0,0,0,1,0,0,0,0,0,0,1,0,0,0,0,0,1,0,0,0,0
"OTU1585.p__Basidiomycota.g__Papiliotrema",0,0,0,0,0,0,0,0,0,0,0,0,0,0,0,0,0,0,0,0,1,0,0,0,0
"OTU1586.p__Ascomycota.g__Capronia",0,0,0,0,0,0,0,0,0,0,0,5,0,0,0,0,0,0,0,0,0,0,0,0,0
"OTU1587.p__Ascomycota.g__Monosporascus",0,0,0,0,0,0,0,0,0,0,0,0,0,0,0,0,0,0,0,0,0,0,0,0,4
"OTU1588.p__Ascomycota.g__Lasiosphaeriaceae_gen_Incertae_sedis",0,0,0,0,0,0,0,0,0,0,1,0,0,0,0,0,0,0,0,0,0,0,0,0,0
"OTU1589.p__Ascomycota.g__Ascomycota_gen_Incertae_sedis",0,0,1,0,0,0,1,0,0,0,8,0,0,0,0,0,0,0,0,0,0,0,0,0,0
"OTU1590.p__Ascomycota.g__Cytosporella",0,0,0,0,0,0,0,4,0,0,0,0,0,0,2,0,2,0,0,0,1,0,0,0,0
"OTU1592.p__Ascomycota.g__Fusarium",0,0,0,0,0,0,0,0,0,0,0,0,0,0,0,0,0,0,0,0,0,0,0,0,0
"OTU1593.p__Ascomycota.g__Knufia",0,0,0,0,0,0,0,0,0,0,0,2,0,0,0,0,3,0,0,0,0,0,0,0,0
"OTU1594.p__Ascomycota.g__Fusarium",0,0,0,0,1,0,0,0,0,0,0,0,0,0,0,0,0,0,0,0,0,0,0,0,0
"OTU1597.p__Aphelidiomycota.g__GS16_gen_Incertae_sedis",0,0,0,0,0,0,0,0,0,0,0,0,0,0,0,0,0,0,0,0,0,0,0,0,0
"OTU1598.p__Basidiomycota.g__Auriculariales_gen_Incertae_sedis",0,0,0,0,0,0,0,1,0,0,0,0,0,0,0,0,1,0,0,0,1,0,0,0,0
"OTU1599.p__Chytridiomycota.g__Chytridiomycota_gen_Incertae_sedis",0,0,0,0,0,0,0,1,0,0,0,0,0,0,0,0,0,0,0,0,0,1,0,0,0
"OTU1600.p__Ascomycota.g__Paurocotylis",0,0,0,0,0,0,0,0,0,0,0,0,0,0,0,0,0,0,0,0,0,0,0,0,0
"OTU1601.p__Ascomycota.g__Ascobolus",0,0,0,0,0,0,0,0,0,0,0,0,0,0,0,0,0,0,0,0,0,0,0,0,0
"OTU1602.p__Glomeromycota.g__Glomeraceae_gen_Incertae_sedis",0,0,0,0,0,0,0,0,0,0,0,0,0,0,0,0,0,0,0,0,0,0,0,0,0
"OTU1605.p__Ascomycota.g__Neosetophoma",0,0,0,0,0,0,0,0,0,2,0,0,0,0,1,0,1,0,0,0,2,0,0,0,0
"OTU1606.p__Basidiomycota.g__Auriculariales_gen_Incertae_sedis",0,0,0,0,0,0,0,1,0,0,0,0,0,0,0,0,3,0,0,0,2,0,0,0,0
"OTU1607.p__Basidiomycota.g__Filobasidium",0,0,0,0,0,0,0,0,0,0,0,0,0,0,6,0,4,0,0,0,4,0,0,0,0
"OTU1608.p__Ascomycota.g__Scytalidium",0,0,0,0,0,0,0,0,0,0,0,0,0,0,0,0,0,0,0,0,0,0,0,0,0
"OTU1609.p__Ascomycota.g__Fusarium",0,0,0,0,0,0,0,0,0,0,0,1,0,1,0,0,0,0,0,0,0,0,0,0,0
"OTU1611.p__Basidiomycota.g__Kockovaella",0,0,0,0,0,0,0,5,0,0,0,0,0,0,0,0,1,0,0,0,0,0,0,0,0
"OTU1612.p__Ascomycota.g__Castanediella",0,0,0,0,0,0,0,2,0,0,0,0,0,0,0,0,0,0,0,0,0,0,0,0,0
"OTU1614.p__Chytridiomycota.g__Ulkenomyces",0,0,0,0,0,0,0,0,0,0,0,0,0,0,0,0,0,0,0,0,0,0,0,0,0
"OTU1616.p__Glomeromycota.g__Glomeromycota_gen_Incertae_sedis",0,0,0,0,0,0,0,0,0,0,0,0,0,0,0,0,0,0,0,0,0,0,0,0,0
"OTU1617.p__Basidiomycota.g__Rhodotorula",0,0,0,0,0,0,0,0,0,0,0,5,0,0,0,0,0,0,0,0,1,0,0,0,0
"OTU1619.p__Ascomycota.g__Fusarium",0,0,11,0,0,0,3,0,0,0,8,0,0,0,0,0,0,0,0,0,0,0,0,0,0
"OTU1620.p__Chytridiomycota.g__Powellomyces",1,0,0,0,0,0,0,0,0,0,0,0,0,0,0,0,0,0,0,0,0,0,1,0,0
"OTU1621.p__Glomeromycota.g__Glomus",0,0,0,0,0,0,0,0,1,0,0,0,0,0,0,0,0,0,0,0,0,0,5,0,0
"OTU1622.p__Basidiomycota.g__Auriculariales_gen_Incertae_sedis",0,0,0,0,0,0,0,0,0,0,0,0,0,0,0,0,0,0,0,0,0,0,0,0,0
"OTU1623.p__Basidiomycota.g__Agaricomycetes_gen_Incertae_sedis",0,0,0,0,0,0,0,0,0,0,0,0,0,0,0,0,0,0,0,0,0,0,0,0,0
"OTU1625.p__Ascomycota.g__Fusarium",0,0,0,0,0,0,0,0,0,0,0,1,0,0,0,0,0,0,0,0,0,0,0,0,0
"OTU1626.p__Ascomycota.g__Herpotrichiellaceae_gen_Incertae_sedis",0,0,0,0,0,0,0,0,0,0,0,0,0,0,0,0,0,0,0,0,0,0,0,0,0
"OTU1628.p__Ascomycota.g__Herpotrichiellaceae_gen_Incertae_sedis",2,0,0,0,0,0,0,1,0,0,0,0,0,0,0,0,1,0,0,0,0,0,0,0,0
"OTU1630.p__Ascomycota.g__Diaporthe",1,0,0,0,0,0,0,1,0,0,0,0,0,0,1,0,0,0,0,0,0,0,0,0,0
"OTU1631.p__Ascomycota.g__Ceramothyrium",0,0,0,0,0,0,0,1,0,0,0,0,0,0,0,0,1,0,0,0,3,0,0,0,0
"OTU1632.p__Basidiomycota.g__Auriculariales_gen_Incertae_sedis",0,0,0,0,0,0,0,1,0,0,0,0,0,0,0,0,0,0,0,0,0,0,0,0,0
"OTU1633.p__Basidiomycota.g__Limnoperdaceae_gen_Incertae_sedis",0,0,0,0,0,0,0,0,0,0,0,0,0,0,0,0,0,0,0,0,0,0,0,0,0
"OTU1636.p__Ascomycota.g__Cephalotrichiella",0,0,0,0,0,0,0,0,0,0,0,0,0,0,0,3,0,0,0,0,0,0,0,0,0
"OTU1638.p__Ascomycota.g__Fusarium",0,0,0,0,0,0,0,0,1,0,0,0,0,0,0,0,0,0,0,0,0,0,0,0,0
"OTU1639.p__Basidiomycota.g__Agaricomycetes_gen_Incertae_sedis",0,0,0,0,0,0,0,0,3,0,0,0,0,0,0,0,0,0,0,0,0,0,0,0,0
"OTU1640.p__Ascomycota.g__Sordariomycetes_gen_Incertae_sedis",0,0,19,0,0,0,0,0,0,0,0,0,0,0,0,0,0,0,0,0,0,0,0,0,0
"OTU1641.p__Basidiomycota.g__Hannaella",1,1,0,0,0,0,0,13,0,0,1,5,0,1,18,0,9,1,0,0,8,0,0,0,0
"OTU1642.p__Glomeromycota.g__Glomus",0,0,0,0,0,0,0,0,0,0,0,0,0,0,0,0,0,0,0,0,0,1,4,0,0
"OTU1643.p__Basidiomycota.g__Bullera",0,0,0,0,0,0,0,3,0,0,0,0,0,0,0,0,1,0,0,0,0,0,0,0,0
"OTU1644.p__Ascomycota.g__Herpotrichiellaceae_gen_Incertae_sedis",0,0,0,0,0,0,0,5,0,0,0,0,0,0,0,0,0,0,0,0,0,0,0,0,0
"OTU1645.p__Ascomycota.g__Cyphellophora",0,0,0,0,0,0,0,0,0,0,0,7,0,0,2,0,1,0,0,0,1,0,0,0,0
"OTU1646.p__Ascomycota.g__Sordariomycetes_gen_Incertae_sedis",0,0,0,0,0,0,0,0,0,0,0,0,0,0,0,0,0,0,0,0,0,0,0,0,0
"OTU1647.p__Basidiomycota.g__Conocybe",0,0,0,0,0,0,0,0,0,0,0,0,0,0,0,0,0,0,0,0,0,0,0,0,0
"OTU1648.p__Ascomycota.g__Coniolariella",0,0,0,0,0,0,0,0,0,0,2,0,0,0,0,0,0,0,0,0,0,0,0,0,0
"OTU1649.p__Ascomycota.g__Paragibellulopsis",0,0,0,0,0,0,0,0,0,0,0,0,0,0,0,0,1,0,0,0,2,0,0,0,0
"OTU1650.p__Ascomycota.g__Translucidithyrium",0,0,0,0,0,0,0,0,0,0,0,3,0,0,0,0,0,0,0,0,0,0,0,0,0
"OTU1651.p__Basidiomycota.g__Ustilaginaceae_gen_Incertae_sedis",0,0,0,0,0,0,0,0,0,0,0,0,0,0,0,2,0,0,0,0,0,0,0,0,0
"OTU1652.p__Glomeromycota.g__Funneliformis",0,0,0,0,0,0,0,0,0,0,0,0,0,0,0,0,0,0,0,4,0,0,0,0,0
"OTU1653.p__Ascomycota.g__Cladosporium",0,0,0,0,0,0,1,0,0,0,0,0,0,0,5,0,7,0,0,0,5,0,0,0,0
"OTU1654.p__Ascomycota.g__Chaetomium",0,0,0,0,0,0,0,0,0,1,0,0,0,0,0,0,0,0,0,0,0,0,0,0,0
"OTU1655.p__Ascomycota.g__Leotiomycetes_gen_Incertae_sedis",0,0,0,0,0,0,0,4,0,0,0,0,0,0,0,0,0,0,0,0,0,0,0,0,0
"OTU1656.p__Blastocladiomycota.g__Blastocladiales_gen_Incertae_sedis",0,0,0,1,0,0,0,0,0,0,0,0,0,0,0,0,0,0,0,0,0,0,0,0,0
"OTU1657.p__Ascomycota.g__Neophaeosphaeria",0,1,0,0,0,0,0,0,0,0,0,0,0,0,0,0,0,0,0,0,0,0,0,0,0
"OTU1658.p__Fungi_phy_Incertae_sedis.g__Fungi_gen_Incertae_sedis",0,0,0,0,0,0,0,0,0,2,0,0,0,0,0,0,0,0,0,0,0,0,0,0,0
"OTU1659.p__Glomeromycota.g__Glomeraceae_gen_Incertae_sedis",0,0,0,1,1,0,0,0,1,0,0,0,0,0,0,0,0,0,0,0,0,0,0,0,0
"OTU1660.p__Ascomycota.g__Talaromyces",0,0,0,0,0,0,283,0,0,0,0,0,0,0,0,0,0,0,0,0,0,0,0,0,0
"OTU1661.p__Ascomycota.g__Dothideomycetes_gen_Incertae_sedis",0,0,0,0,0,0,0,5,1,0,0,0,0,0,0,0,0,0,0,0,0,0,0,0,0
"OTU1662.p__Ascomycota.g__Pezicula",2,0,0,0,0,0,0,7,0,0,0,0,0,0,1,0,4,0,0,0,3,0,0,0,0
"OTU1663.p__Ascomycota.g__Glomerellales_gen_Incertae_sedis",0,0,0,0,0,0,0,0,0,0,0,0,0,0,0,0,1,0,0,0,0,0,0,0,0
"OTU1664.p__Ascomycota.g__Acrophialophora",0,0,0,0,0,0,0,0,0,0,0,0,0,0,0,0,0,0,0,1,1,0,0,0,0
"OTU1665.p__Glomeromycota.g__Glomeraceae_gen_Incertae_sedis",0,0,0,0,0,0,0,0,0,0,0,0,0,0,0,0,0,0,0,0,0,0,0,0,0
"OTU1666.p__Ascomycota.g__Chaetomium",0,0,0,0,0,0,0,0,0,0,0,0,0,0,0,0,0,0,0,0,0,0,0,0,0
"OTU1668.p__Basidiomycota.g__Hannaella",0,1,0,0,0,0,0,0,0,1,0,0,0,0,2,0,2,0,0,0,1,0,0,0,0
"OTU1670.p__Glomeromycota.g__Paraglomeromycetes_gen_Incertae_sedis",0,0,0,0,0,0,0,0,0,0,0,0,0,0,0,0,0,0,0,0,0,0,0,0,0
"OTU1671.p__Ascomycota.g__Herpotrichiellaceae_gen_Incertae_sedis",0,0,0,0,0,0,0,0,0,0,0,0,0,0,3,0,0,0,0,0,1,0,0,0,0
"OTU1674.p__Ascomycota.g__Fusarium",0,0,3,0,0,0,0,0,0,0,0,0,0,0,0,0,0,0,0,0,0,0,0,0,0
"OTU1675.p__Basidiomycota.g__Auriculariales_gen_Incertae_sedis",0,0,0,0,0,0,0,0,0,0,0,0,0,0,0,0,0,0,0,0,0,0,0,0,0
"OTU1676.p__Fungi_phy_Incertae_sedis.g__Fungi_gen_Incertae_sedis",0,0,0,0,0,0,0,0,0,0,0,0,0,0,0,0,0,0,0,0,0,0,0,1,1
"OTU1677.p__Ascomycota.g__Venturiales_gen_Incertae_sedis",0,0,0,0,0,0,0,2,0,0,0,0,0,0,0,0,0,0,0,0,0,0,0,0,0
"OTU1679.p__Ascomycota.g__Ascomycota_gen_Incertae_sedis",0,0,0,0,0,0,0,3,0,0,0,0,0,0,0,0,1,0,0,0,0,0,0,0,0
"OTU1681.p__Basidiomycota.g__Agaricomycetes_gen_Incertae_sedis",0,0,0,0,0,0,0,0,0,0,0,0,0,0,0,0,0,0,0,0,0,0,0,0,0
"OTU1682.p__Ascomycota.g__Acremonium",0,0,1,0,0,0,0,0,0,0,0,0,0,0,0,0,0,0,0,0,0,0,0,0,0
"OTU1683.p__Ascomycota.g__Melastiza",0,0,0,0,0,0,0,0,0,0,0,0,0,0,0,0,0,0,0,0,0,0,0,0,0
"OTU1684.p__Ascomycota.g__Peziza",0,0,0,0,0,0,0,0,0,0,0,0,0,0,0,0,0,0,0,0,0,0,0,0,0
"OTU1685.p__Basidiomycota.g__Tremellales_gen_Incertae_sedis",0,0,0,0,0,0,0,0,0,0,0,0,0,0,0,0,0,0,0,0,0,0,0,0,0
"OTU1686.p__Basidiomycota.g__Carlosrosaea",0,0,0,0,0,0,0,0,0,0,0,0,0,0,3,0,1,0,0,0,1,0,0,0,0
"OTU1687.p__Ascomycota.g__Chaetothyriales_gen_Incertae_sedis",0,0,0,0,0,0,1,1,0,1,0,0,0,0,2,0,0,0,0,0,2,0,0,0,0
"OTU1688.p__Chytridiomycota.g__Chytridiomycota_gen_Incertae_sedis",0,0,0,0,0,0,0,0,0,0,0,0,0,0,0,0,0,0,0,0,0,0,0,0,0
"OTU1689.p__Ascomycota.g__Ascomycota_gen_Incertae_sedis",0,0,0,0,2,0,0,0,0,0,0,0,0,0,0,0,0,0,0,0,0,0,0,1,0
"OTU1690.p__Mortierellomycota.g__Linnemannia",0,0,0,0,0,0,1,0,0,0,0,0,0,0,0,0,0,0,0,0,0,0,0,0,0
"OTU1691.p__Ascomycota.g__Cephaliophora",0,0,0,0,0,0,0,0,1,0,0,0,0,0,0,0,0,0,0,0,0,0,0,0,0
"OTU1692.p__Ascomycota.g__Phialophora",0,0,0,0,0,0,0,1,0,0,0,0,0,0,0,0,0,0,0,0,0,0,0,0,0
"OTU1693.p__Ascomycota.g__Chaetothyriales_gen_Incertae_sedis",0,0,0,0,0,0,0,1,0,0,0,0,0,0,0,0,0,0,0,0,0,0,0,0,0
"OTU1694.p__Ascomycota.g__Trichomerium",0,0,0,0,0,0,0,2,0,0,0,0,0,0,0,0,0,0,0,0,0,0,0,0,0
"OTU1696.p__Ascomycota.g__Scytalidium",0,0,0,0,0,0,0,0,0,0,0,0,0,0,0,0,0,0,0,0,0,0,0,0,0
"OTU1697.p__Ascomycota.g__Fusarium",0,0,0,0,0,0,0,0,0,0,0,0,0,0,0,0,0,0,0,0,0,0,0,0,0
"OTU1698.p__Fungi_phy_Incertae_sedis.g__Fungi_gen_Incertae_sedis",0,0,0,0,0,0,0,0,1,0,0,0,0,0,0,0,0,0,0,0,0,0,1,0,0
"OTU1699.p__Basidiomycota.g__Solicoccozyma",0,0,9,0,0,0,0,0,0,0,0,0,0,0,0,0,0,0,0,0,0,0,0,0,0
"OTU1700.p__Ascomycota.g__Acremonium",0,0,0,0,0,0,0,0,0,0,0,0,0,0,0,0,0,0,0,0,0,3,0,0,0
"OTU1701.p__Basidiomycota.g__Serendipita",0,0,0,0,0,0,0,0,0,0,0,0,0,0,0,0,0,0,0,0,0,0,0,1,1
"OTU1702.p__Basidiomycota.g__Papiliotrema",0,0,0,0,0,0,0,0,0,0,0,0,0,0,0,0,0,0,0,0,0,0,0,0,0
"OTU1703.p__Basidiomycota.g__Agaricales_gen_Incertae_sedis",0,0,0,0,0,0,0,0,0,0,0,0,0,0,0,0,0,0,0,0,0,0,0,0,0
"OTU1704.p__Fungi_phy_Incertae_sedis.g__Fungi_gen_Incertae_sedis",0,0,0,0,0,0,0,0,0,0,0,0,0,0,0,0,0,0,0,0,0,0,0,0,0
"OTU1705.p__Ascomycota.g__Readeriella",0,0,0,0,0,0,0,4,0,0,0,0,0,0,0,0,0,0,0,0,0,0,0,0,0
"OTU1706.p__Ascomycota.g__Capnodiales_gen_Incertae_sedis",0,0,0,0,0,0,0,5,0,0,1,0,0,0,0,0,0,0,0,0,0,0,0,0,0
"OTU1707.p__Ascomycota.g__Strelitziana",0,0,0,0,0,0,0,2,0,0,0,0,0,0,0,0,0,0,0,0,0,0,0,0,0
"OTU1708.p__Ascomycota.g__Peltaster",0,0,0,0,0,0,0,2,0,0,0,0,0,0,0,0,0,0,0,0,0,0,0,0,0
"OTU1709.p__Ascomycota.g__Onygenales_gen_Incertae_sedis",0,0,0,0,0,0,0,2,0,0,0,0,0,0,0,0,0,0,0,0,0,0,0,0,0
"OTU1710.p__Ascomycota.g__Cyphellophora",0,0,0,0,0,0,0,4,0,0,0,0,0,0,0,0,0,0,0,0,0,0,0,0,0
"OTU1711.p__Basidiomycota.g__Auriculariales_gen_Incertae_sedis",0,0,0,0,0,0,1,0,0,0,0,0,0,0,0,0,0,0,0,0,0,0,1,0,1
"OTU1712.p__Ascomycota.g__Chaetomiaceae_gen_Incertae_sedis",0,0,0,0,0,0,0,0,0,0,0,0,0,0,0,0,0,0,0,0,0,0,0,0,0
"OTU1713.p__Chytridiomycota.g__Rhizophydiaceae_gen_Incertae_sedis",0,0,0,0,0,0,0,0,0,1,0,0,0,0,0,0,0,0,0,0,0,0,0,0,0
"OTU1714.p__Basidiomycota.g__Ustilago",0,0,0,0,0,0,0,0,0,0,0,0,0,1,0,0,0,0,1,1,0,0,0,0,0
"OTU1715.p__Ascomycota.g__Hyalorbilia",0,0,0,0,0,0,0,0,0,0,0,0,0,0,0,0,0,0,0,0,0,0,1,0,0
"OTU1716.p__Ascomycota.g__Translucidithyrium",0,0,0,1,0,0,0,3,0,0,0,0,0,0,1,0,0,0,0,0,1,0,0,0,0
"OTU1717.p__Ascomycota.g__Brycekendrickomyces",0,0,0,0,0,0,0,0,0,0,0,0,0,0,0,0,0,0,0,0,2,0,0,0,0
"OTU1718.p__Ascomycota.g__Preussia",2,0,1,0,0,0,0,0,0,0,0,0,0,0,0,0,0,0,0,0,0,2,4,4,4
"OTU1719.p__Chytridiomycota.g__Spizellomycetales_gen_Incertae_sedis",0,0,0,0,0,0,0,0,0,0,0,0,0,0,0,0,0,1,0,0,0,0,0,0,0
"OTU1722.p__Ascomycota.g__Scleroramularia",0,0,0,0,0,0,0,6,0,0,0,7,3,0,1,0,1,0,2,0,6,0,0,0,0
"OTU1723.p__Ascomycota.g__Xenosonderhenia",0,0,0,0,0,0,0,2,0,0,0,0,0,0,0,0,0,0,0,0,0,0,0,0,0
"OTU1724.p__Basidiomycota.g__Moesziomyces",0,0,0,0,0,0,0,4,0,0,0,0,0,0,1,0,0,0,0,0,0,0,0,0,0
"OTU1725.p__Basidiomycota.g__Auriculariales_gen_Incertae_sedis",0,0,0,1,0,0,0,1,0,0,0,0,0,0,2,0,0,0,0,0,0,0,0,0,0
"OTU1726.p__Basidiomycota.g__Auriculariales_gen_Incertae_sedis",0,0,0,0,0,0,0,3,0,0,0,0,0,0,1,0,0,0,0,0,0,0,0,0,0
"OTU1727.p__Basidiomycota.g__Phyllozyma",0,0,0,0,0,0,0,2,0,0,0,0,0,0,0,0,0,0,0,0,0,0,0,0,0
"OTU1728.p__Glomeromycota.g__Septoglomus",0,0,0,0,0,0,0,1,0,0,0,0,0,0,0,0,0,0,0,0,0,0,1,0,0
"OTU1729.p__Ascomycota.g__Thermomyces",0,0,0,0,0,0,0,0,0,0,0,0,0,0,0,0,0,0,0,0,0,0,0,0,0
"OTU1730.p__Glomeromycota.g__Claroideoglomus",0,0,0,0,1,0,0,0,0,0,0,0,0,0,0,0,0,0,0,0,0,0,0,0,0
"OTU1732.p__Ascomycota.g__Fusarium",0,0,6,0,0,0,2,0,0,0,9,0,0,0,0,0,0,0,0,0,0,0,0,0,0
"OTU1733.p__Ascomycota.g__Acremonium",0,0,0,0,0,0,0,0,0,0,0,0,0,0,0,0,0,0,0,0,0,0,0,0,0
"OTU1734.p__Chytridiomycota.g__Lobulomycetales_gen_Incertae_sedis",0,0,0,0,0,0,0,0,0,0,0,0,0,0,0,0,0,0,0,0,0,0,0,0,0
"OTU1735.p__Chytridiomycota.g__Rhizophydiales_gen_Incertae_sedis",0,0,0,0,0,0,0,0,0,0,0,0,0,0,0,0,0,0,0,0,0,0,0,0,0
"OTU1736.p__Ascomycota.g__Sordariales_gen_Incertae_sedis",0,0,0,0,0,0,0,0,0,0,0,0,0,0,0,0,0,0,0,0,0,0,1,0,0
"OTU1739.p__Ascomycota.g__Canariomyces",0,0,0,0,0,0,0,0,0,0,0,0,0,0,0,0,0,0,0,1,0,0,0,0,0
"OTU1740.p__Ascomycota.g__Neodendryphiella",0,0,0,0,0,0,0,0,0,1,0,0,0,0,0,0,0,0,0,0,0,0,0,0,0
"OTU1741.p__Ascomycota.g__Fusarium",0,0,0,0,0,0,0,0,1,0,0,0,0,0,0,0,0,0,0,0,0,0,0,0,0
"OTU1743.p__Chytridiomycota.g__Spizellomycetales_gen_Incertae_sedis",0,0,0,0,0,0,0,0,0,0,0,0,0,0,0,0,0,0,0,0,0,0,0,0,0
"OTU1744.p__Chytridiomycota.g__Powellomycetaceae_gen_Incertae_sedis",0,0,0,0,0,0,0,0,0,0,0,0,0,0,0,0,0,0,0,0,0,0,0,1,0
"OTU1745.p__Ascomycota.g__Exophiala",0,0,0,0,0,0,0,0,0,0,0,0,0,0,0,0,0,0,0,0,0,0,0,0,0
"OTU1747.p__Ascomycota.g__Murispora",0,0,0,0,0,0,0,0,0,0,0,0,0,0,0,0,0,2,0,0,0,0,0,0,0
"OTU1748.p__Basidiomycota.g__Basidiomycota_gen_Incertae_sedis",0,0,0,0,0,0,0,0,0,0,0,0,0,0,0,0,0,0,0,0,0,0,0,0,0
"OTU1749.p__Basidiomycota.g__Coprinellus",0,0,0,0,0,0,0,0,0,0,0,0,0,0,0,0,0,0,0,0,0,0,0,0,0
"OTU1752.p__Ascomycota.g__Trematosphaeria",0,0,0,0,0,0,0,0,0,0,0,0,0,0,0,0,0,0,0,0,0,0,0,0,0
"OTU1753.p__Basidiomycota.g__Trechispora",2,1,0,0,0,0,0,0,0,0,0,0,0,0,0,0,0,0,0,0,0,0,0,0,0
"OTU1754.p__Ascomycota.g__Chrysosporium",0,0,0,0,0,0,0,0,0,0,0,0,0,0,0,0,0,0,0,0,0,0,0,0,0
"OTU1755.p__Chytridiomycota.g__Spizellomycetales_gen_Incertae_sedis",0,0,0,0,0,0,0,0,0,0,0,0,0,0,0,0,0,0,0,0,0,0,0,0,0
"OTU1756.p__Basidiomycota.g__Auriculariales_gen_Incertae_sedis",0,0,0,0,0,0,0,0,0,0,0,0,0,0,0,0,0,0,0,0,0,0,0,0,0
"OTU1757.p__Ascomycota.g__Fusarium",0,0,0,0,0,0,0,1,0,0,0,0,0,0,0,0,0,0,0,0,2,0,0,0,0
"OTU1759.p__Ascomycota.g__Macrophomina",0,0,0,0,0,0,0,0,0,0,0,0,0,0,0,0,0,0,0,0,0,0,0,0,0
"OTU1760.p__Ascomycota.g__Coniochaeta",0,0,0,0,0,0,0,0,0,0,0,0,0,0,0,0,0,0,0,0,0,0,0,0,0
"OTU1761.p__Ascomycota.g__Verrucostoma",0,0,0,0,0,0,0,0,0,0,0,0,0,0,0,0,0,0,0,0,0,0,0,0,0
"OTU1762.p__Ascomycota.g__Venturiaceae_gen_Incertae_sedis",0,0,0,0,0,0,0,0,0,0,0,0,0,59,0,0,0,0,0,0,0,0,0,0,0
"OTU1763.p__Ascomycota.g__Staphylotrichum",0,0,0,0,0,0,0,0,0,0,0,0,0,0,0,0,0,0,0,0,0,0,0,0,0
"OTU1764.p__Basidiomycota.g__Conocybe",0,0,0,0,0,0,0,0,0,0,0,0,0,0,0,0,0,0,0,0,0,0,0,0,1
"OTU1765.p__Glomeromycota.g__Glomus",0,0,0,0,0,0,0,0,0,0,0,0,0,0,0,0,0,0,0,0,1,3,0,2,1
"OTU1766.p__Basidiomycota.g__Calyptella",0,0,0,0,0,0,0,0,0,0,0,0,0,0,0,0,0,0,0,0,0,0,0,3,0
"OTU1768.p__Ascomycota.g__Pezicula",0,0,0,0,0,0,0,0,0,0,0,0,0,0,0,0,0,0,0,0,0,0,0,0,0
"OTU1769.p__Ascomycota.g__Fusarium",0,0,0,0,0,0,0,0,0,0,0,0,0,0,0,0,0,0,0,0,0,0,0,0,0
"OTU1771.p__Ascomycota.g__Nigrospora",0,0,0,0,0,0,179,0,0,0,0,1,0,0,0,0,0,0,0,0,0,0,0,0,0
"OTU1772.p__Mortierellomycota.g__Mortierellales_gen_Incertae_sedis",0,0,0,0,0,0,0,0,0,0,0,0,0,0,0,0,0,0,0,1,0,0,0,0,0
"OTU1773.p__Ascomycota.g__Trichomerium",0,0,0,0,0,0,0,5,0,0,0,0,0,0,1,0,0,0,0,0,0,0,0,0,0
"OTU1774.p__Ascomycota.g__Knufia",0,0,0,0,0,0,0,3,0,0,0,0,0,0,0,0,0,0,0,0,0,0,0,0,0
"OTU1775.p__Ascomycota.g__Sarocladium",0,0,0,0,0,0,0,0,0,0,0,0,0,0,1,0,2,0,0,0,0,0,0,0,0
"OTU1776.p__Ascomycota.g__Pyrenochaetopsis",0,0,0,0,0,0,0,0,0,0,0,0,0,0,2,0,1,0,0,0,1,0,0,0,0
"OTU1777.p__Glomeromycota.g__Glomus",0,0,0,0,1,0,0,0,0,0,0,0,0,0,0,0,0,0,0,0,0,0,0,0,0
"OTU1778.p__Basidiomycota.g__Auriculariales_gen_Incertae_sedis",0,0,0,0,0,0,0,0,0,0,0,5,0,0,1,0,1,0,0,0,0,0,0,0,0
"OTU1779.p__Ascomycota.g__Translucidithyrium",0,0,0,0,0,0,0,0,0,0,0,0,0,0,3,0,2,0,0,0,0,0,0,0,0
"OTU1780.p__Basidiomycota.g__Auriculariales_gen_Incertae_sedis",0,0,2,0,0,0,0,0,0,0,0,3,0,0,5,0,0,0,0,0,1,0,0,0,0
"OTU1781.p__Ascomycota.g__Sordariomycetes_gen_Incertae_sedis",1,0,0,0,0,0,0,0,0,0,0,0,0,0,2,0,0,0,0,0,1,0,0,0,0
"OTU1782.p__Chytridiomycota.g__Spizellomycetales_gen_Incertae_sedis",0,0,0,0,0,0,0,0,0,0,0,0,0,0,0,1,0,0,0,1,0,0,0,0,0
"OTU1783.p__Ascomycota.g__Diaporthe",0,0,0,0,0,0,0,2,0,0,0,0,0,0,1,0,0,0,0,0,1,0,0,0,0
"OTU1784.p__Ascomycota.g__Fusarium",0,0,0,0,0,0,0,0,0,0,0,0,0,0,0,0,0,0,0,0,0,0,0,0,0
"OTU1786.p__Ascomycota.g__Phaeosphaeria",0,0,0,1,0,0,0,0,0,0,0,0,0,0,0,0,0,0,0,0,0,0,0,0,0
"OTU1788.p__Ascomycota.g__Mycophilomyces",0,0,0,0,0,0,0,0,0,0,0,0,0,0,1,0,0,0,0,0,2,0,0,0,0
"OTU1789.p__Ascomycota.g__Longihyalospora",0,0,0,0,0,0,0,1,0,0,0,0,0,0,0,0,0,0,0,0,0,0,0,0,0
"OTU1790.p__Ascomycota.g__Hermetothecium",0,0,0,0,0,0,0,1,0,0,0,0,0,1,0,0,1,0,0,0,0,0,0,0,0
"OTU1791.p__Ascomycota.g__Phialophora",0,0,0,0,0,0,0,0,0,0,0,0,0,0,0,0,0,0,0,0,0,0,0,0,0
"OTU1792.p__Ascomycota.g__Ascomycota_gen_Incertae_sedis",0,0,0,0,0,0,0,0,0,0,0,0,2,0,0,0,0,0,0,0,0,0,0,0,0
"OTU1793.p__Basidiomycota.g__Auriculariales_gen_Incertae_sedis",0,0,0,0,0,0,0,0,0,0,1,0,0,0,3,0,1,0,0,0,4,0,0,0,0
"OTU1794.p__Mortierellomycota.g__Mortierellales_gen_Incertae_sedis",0,0,0,0,0,0,0,0,0,0,0,0,0,0,0,0,0,0,0,0,0,0,0,0,0
"OTU1795.p__Ascomycota.g__Clypeosphaerella",0,0,0,0,0,0,0,3,1,0,0,5,0,0,1,0,0,0,0,0,0,0,0,0,0
"OTU1797.p__Ascomycota.g__Pezizales_gen_Incertae_sedis",0,0,0,0,0,0,0,0,0,0,0,0,0,0,0,0,0,0,0,0,0,0,1,1,0
"OTU1798.p__Basidiomycota.g__Auriculariales_gen_Incertae_sedis",0,0,0,0,0,0,0,0,0,0,0,0,0,0,0,0,0,0,0,0,0,1,1,0,0
"OTU1799.p__Ascomycota.g__Striaticonidium",0,0,0,0,0,0,1,0,0,0,0,0,0,0,0,0,0,0,0,0,0,0,0,0,0
"OTU1800.p__Basidiomycota.g__Auriculariales_gen_Incertae_sedis",0,0,0,0,0,0,0,0,0,0,0,0,0,0,2,0,0,0,0,0,1,0,0,0,0
"OTU1801.p__Ascomycota.g__Telimenaceae_gen_Incertae_sedis",0,0,0,0,0,0,0,0,0,0,0,0,0,0,0,0,0,0,0,0,0,0,2,0,0
"OTU1802.p__Glomeromycota.g__Glomus",0,0,1,0,0,0,0,0,0,0,0,0,0,0,0,0,0,0,0,0,0,0,0,0,0
"OTU1804.p__Glomeromycota.g__Claroideoglomus",0,0,0,0,0,0,0,0,0,0,1,0,0,1,0,0,0,0,0,4,0,0,0,0,1
"OTU1806.p__Ascomycota.g__Fusarium",0,0,0,0,0,0,0,0,0,0,1,0,0,0,0,0,0,0,0,0,0,0,0,0,0
"OTU1807.p__Ascomycota.g__Clavispora",0,0,0,0,0,0,0,0,0,0,1,0,0,0,0,0,0,0,0,0,0,0,0,0,1
"OTU1808.p__Ascomycota.g__Zymoseptoria",0,0,0,0,0,0,0,2,0,0,0,0,0,0,0,0,1,0,0,0,0,0,0,0,0
"OTU1809.p__Basidiomycota.g__Chrysozyma",0,0,0,0,0,0,0,2,0,0,0,0,0,0,0,0,0,0,0,0,0,0,0,0,0
"OTU1810.p__Ascomycota.g__Hypotrachyna",0,0,0,0,0,0,0,4,0,0,0,2,0,0,0,0,0,0,0,0,2,0,0,0,0
"OTU1811.p__Ascomycota.g__Devriesia",0,0,0,0,0,0,0,1,0,0,0,0,0,0,0,0,0,0,0,0,0,0,0,0,0
"OTU1812.p__Ascomycota.g__Pleosporales_gen_Incertae_sedis",0,0,0,0,0,0,0,0,0,0,0,0,0,0,0,0,0,0,0,0,0,0,0,0,0
"OTU1815.p__Basidiomycota.g__Agaricales_gen_Incertae_sedis",0,0,0,0,0,0,0,0,0,0,0,1,0,0,0,0,0,0,0,0,1,0,0,0,0
"OTU1816.p__Mucoromycota.g__Absidia",0,0,0,0,0,0,0,0,0,0,0,2,0,0,0,0,0,0,0,0,0,0,0,0,0
"OTU1817.p__Basidiomycota.g__Meira",0,0,0,0,0,0,0,1,0,0,0,0,0,0,2,0,2,0,0,0,1,0,0,0,0
"OTU1818.p__Fungi_phy_Incertae_sedis.g__Fungi_gen_Incertae_sedis",0,0,0,0,0,0,0,0,0,0,0,0,0,0,0,0,0,0,0,0,0,0,0,0,0
"OTU1819.p__Ascomycota.g__Ascomycota_gen_Incertae_sedis",0,0,0,0,0,0,0,0,1,0,0,0,0,0,1,0,1,0,0,0,0,0,0,0,0
"OTU1820.p__Zoopagomycota.g__Syncephalis",0,0,0,0,0,0,0,0,0,0,0,0,0,0,0,0,0,0,0,0,0,0,0,0,0
"OTU1822.p__Basidiomycota.g__Clavariaceae_gen_Incertae_sedis",0,0,0,0,0,0,0,0,0,0,0,0,0,0,1,0,0,0,0,0,2,0,0,0,0
"OTU1823.p__Fungi_phy_Incertae_sedis.g__Fungi_gen_Incertae_sedis",0,0,0,0,0,0,0,0,0,0,0,0,0,0,0,0,0,0,0,0,0,0,0,0,0
"OTU1825.p__Ascomycota.g__Volutella",0,0,0,0,0,0,0,0,0,0,0,0,0,0,0,0,0,0,0,0,0,0,0,0,0
"OTU1826.p__Ascomycota.g__Fusarium",0,0,0,0,0,0,0,0,0,0,0,0,0,0,0,0,0,0,0,0,0,0,1,0,0
"OTU1829.p__Ascomycota.g__Ceramothyrium",0,0,0,0,0,0,0,2,0,0,0,0,0,0,0,0,0,0,0,0,0,0,0,0,0
"OTU1830.p__Ascomycota.g__Endocarpon",0,0,0,0,0,0,0,1,0,0,0,0,0,0,0,0,0,0,0,0,0,0,0,0,0
"OTU1831.p__Basidiomycota.g__Thelephora",0,0,1,0,0,0,0,5,0,0,0,0,0,0,0,0,0,0,0,0,0,0,0,0,0
"OTU1832.p__Basidiomycota.g__Coprinellus",0,0,4,1,0,0,0,0,0,0,0,0,0,0,0,0,0,0,0,0,0,0,0,0,0
"OTU1833.p__Ascomycota.g__Pezicula",0,0,0,1,0,0,0,0,0,0,0,0,0,0,0,0,0,0,0,0,0,0,0,0,0
"OTU1835.p__Chytridiomycota.g__Rhizophlyctis",0,0,0,0,0,0,0,0,0,0,0,0,0,0,0,0,0,0,0,0,0,0,0,0,0
"OTU1836.p__Basidiomycota.g__Geastrum",0,0,0,0,0,0,0,0,0,0,0,0,0,0,0,1,0,1,0,0,0,0,0,0,0
"OTU1837.p__Ascomycota.g__Pyronemataceae_gen_Incertae_sedis",0,0,0,0,0,0,0,0,0,0,0,0,0,0,0,0,0,0,0,0,0,0,0,0,0
"OTU1838.p__Basidiomycota.g__Ceratobasidiaceae_gen_Incertae_sedis",0,0,0,0,0,0,0,0,0,0,0,2,0,0,0,0,0,0,0,0,0,0,0,0,0
"OTU1839.p__Chytridiomycota.g__Rhizophlyctidales_gen_Incertae_sedis",0,0,0,0,0,0,0,0,0,0,0,0,0,0,0,0,0,1,0,0,0,0,0,0,0
"OTU1840.p__Ascomycota.g__Branch06_gen_Incertae_sedis",0,0,0,0,0,0,0,0,0,0,0,0,0,0,0,0,0,0,0,0,0,0,0,1,0
"OTU1841.p__Ascomycota.g__Neosetophoma",0,0,0,0,2,0,0,0,0,0,0,0,0,0,0,0,0,0,0,0,0,0,0,0,0
"OTU1842.p__Glomeromycota.g__Rhizophagus",0,0,0,0,0,0,0,0,0,0,0,0,0,0,0,0,0,0,0,0,0,0,0,0,0
"OTU1843.p__Ascomycota.g__Caespitomonium",0,0,0,0,0,0,0,0,0,0,0,0,1,0,1,0,0,0,0,0,0,0,0,0,0
"OTU1844.p__Ascomycota.g__Meyerozyma",0,0,0,0,0,0,0,0,1,0,0,0,0,0,0,0,0,1,0,0,0,0,0,0,0
"OTU1846.p__Ascomycota.g__Pezicula",0,0,0,0,1,0,0,0,0,0,0,0,0,0,0,0,0,0,0,0,0,0,0,0,0
"OTU1847.p__Chytridiomycota.g__Chytridiomycota_gen_Incertae_sedis",0,0,0,0,0,0,0,0,0,1,0,0,0,0,0,0,0,0,0,0,0,0,0,0,0
"OTU1849.p__Ascomycota.g__Pezicula",0,0,0,0,0,0,0,0,0,0,0,0,0,0,0,0,0,0,0,0,0,0,0,0,0
"OTU1850.p__Ascomycota.g__Arenariomyces",0,0,0,0,0,0,0,0,0,0,0,0,0,0,0,0,0,0,0,0,0,0,0,0,0
"OTU1851.p__Ascomycota.g__Pezizomycotina_gen_Incertae_sedis",0,0,0,0,0,0,0,0,0,0,0,0,0,0,0,0,0,0,0,0,0,0,1,0,0
"OTU1852.p__Olpidiomycota.g__Olpidiomycota_gen_Incertae_sedis",0,0,0,0,0,0,0,0,0,1,1,0,0,0,1,0,0,0,0,0,0,0,0,0,0
"OTU1853.p__Ascomycota.g__Stagonospora",0,0,0,0,0,0,0,1,0,0,0,0,0,0,0,0,0,0,0,0,0,0,0,0,0
"OTU1855.p__Basidiomycota.g__Auriculariales_gen_Incertae_sedis",0,0,0,0,0,0,0,0,0,0,0,0,0,0,0,0,0,0,0,0,0,0,0,0,0
"OTU1856.p__Aphelidiomycota.g__GS16_gen_Incertae_sedis",0,0,0,0,0,0,0,0,0,0,0,0,0,0,0,0,0,0,0,0,0,0,0,0,0
"OTU1857.p__Ascomycota.g__Paramyrothecium",0,0,0,0,0,0,0,0,0,0,0,0,0,0,0,0,0,0,0,0,0,0,0,0,0
"OTU1858.p__Chytridiomycota.g__Chytridiomycetes_gen_Incertae_sedis",0,0,0,0,0,0,0,0,0,0,0,0,0,0,0,0,0,1,0,0,0,0,0,0,0
"OTU1859.p__Ascomycota.g__Talaromyces",1,0,67,0,1,0,8,0,0,0,97,0,0,0,0,0,0,0,0,0,0,0,0,0,0
"OTU1860.p__Ascomycota.g__Fusarium",0,0,0,0,0,0,0,0,0,0,0,0,0,0,5,0,1,0,0,0,0,0,0,0,0
"OTU1861.p__Ascomycota.g__Stachybotrys",0,0,0,0,0,0,0,0,0,0,0,0,0,0,0,0,0,0,0,0,0,0,0,0,0
"OTU1862.p__Ascomycota.g__Fusarium",1,0,0,0,0,0,0,0,0,0,0,0,0,0,0,0,0,0,0,1,0,0,0,0,0
"OTU1863.p__Chytridiomycota.g__Spizellomycetales_gen_Incertae_sedis",0,0,0,0,0,0,0,0,0,0,1,0,0,0,0,0,0,0,0,0,0,0,0,0,0
"OTU1864.p__Ascomycota.g__Metarhizium",0,0,3,0,0,0,2,0,0,0,5,0,0,0,0,0,0,0,0,0,0,0,0,0,0
"OTU1865.p__Glomeromycota.g__Septoglomus",0,0,0,0,0,0,0,0,0,1,0,0,0,0,0,0,0,0,0,0,0,0,2,3,0
"OTU1866.p__Glomeromycota.g__Diversisporaceae_gen_Incertae_sedis",0,0,0,0,0,0,0,0,0,0,0,0,0,0,0,0,0,0,0,0,0,0,0,0,6
"OTU1868.p__Ascomycota.g__Longihyalospora",0,0,0,0,0,0,0,2,0,0,0,0,0,0,0,0,0,0,0,0,0,0,0,0,0
"OTU1869.p__Ascomycota.g__Trematosphaeria",0,0,0,0,0,0,0,0,3,0,0,0,0,0,0,1,0,0,0,0,0,0,0,0,0
"OTU1870.p__Basidiomycota.g__Auriculariales_gen_Incertae_sedis",0,0,0,0,0,0,0,0,0,0,0,0,0,0,0,0,0,0,0,0,0,0,0,0,0
"OTU1873.p__Chytridiomycota.g__Betamyces",0,0,0,0,0,0,0,0,0,0,0,0,0,0,0,0,0,0,0,1,0,0,0,0,0
"OTU1874.p__Ascomycota.g__Penicillium",0,0,1,0,0,0,0,0,0,0,0,11,0,0,0,3,0,0,0,2,0,0,0,0,1
"OTU1875.p__Ascomycota.g__Lulworthiaceae_gen_Incertae_sedis",0,0,0,0,0,0,0,0,0,0,0,0,0,0,0,0,0,0,0,0,0,1,1,0,0
"OTU1876.p__Basidiomycota.g__Cystofilobasidium",1,0,0,0,0,0,0,0,0,0,0,0,0,0,2,0,0,0,0,0,0,0,0,0,0
"OTU1877.p__Basidiomycota.g__Serendipita",0,0,1,0,0,0,0,0,0,0,0,0,0,0,0,0,0,1,0,0,0,1,0,0,0
"OTU1878.p__Ascomycota.g__Sporormiella",0,0,0,0,0,0,0,0,0,0,0,0,0,0,0,0,0,0,0,0,0,0,1,0,0
"OTU1879.p__Ascomycota.g__Stachybotrys",0,0,0,0,0,0,0,0,0,0,0,0,0,0,0,0,0,0,0,0,0,0,0,0,0
"OTU1880.p__Ascomycota.g__Ascomycota_gen_Incertae_sedis",0,0,0,0,0,0,0,0,0,0,0,0,2,0,0,0,0,0,0,0,0,0,0,0,0
"OTU1882.p__Fungi_phy_Incertae_sedis.g__Fungi_gen_Incertae_sedis",0,0,0,0,0,0,0,0,0,0,0,0,0,0,0,0,0,0,0,0,0,0,0,0,0
"OTU1883.p__Basidiomycota.g__Tilletia",0,0,0,0,0,0,0,0,0,0,0,0,0,0,0,0,0,0,0,0,0,0,0,0,0
"OTU1884.p__Mucoromycota.g__Mucor",0,0,0,0,0,0,0,0,0,0,0,0,0,0,0,0,0,0,0,0,0,0,0,0,0
"OTU1885.p__Ascomycota.g__Hyweljonesia",0,0,0,0,0,0,0,2,0,0,0,0,0,0,0,0,0,0,0,0,1,0,0,0,0
"OTU1886.p__Basidiomycota.g__Auriculariales_gen_Incertae_sedis",0,0,0,0,0,0,0,0,0,0,0,0,0,0,0,0,0,0,0,0,0,0,0,0,0
"OTU1887.p__Ascomycota.g__Geosmithia",0,0,0,0,0,0,0,0,0,0,0,0,0,0,0,0,0,0,0,0,0,0,0,0,0
"OTU1889.p__Ascomycota.g__Fusarium",0,0,0,0,2,0,0,0,0,0,0,0,0,0,0,0,0,0,0,0,0,0,0,0,0
"OTU1890.p__Ascomycota.g__Cyphellophora",0,2,0,0,0,0,0,0,0,0,0,0,0,0,0,0,0,0,0,0,0,0,0,0,0
"OTU1892.p__Ascomycota.g__Coniochaetales_gen_Incertae_sedis",0,0,0,0,0,0,0,0,0,0,0,0,0,0,0,0,0,0,0,0,0,0,0,0,0
"OTU1893.p__Chytridiomycota.g__Spizellomycetales_gen_Incertae_sedis",0,0,0,0,0,0,0,0,0,1,0,0,0,0,0,0,0,0,0,0,0,0,0,0,0
"OTU1894.p__Ascomycota.g__Pezizales_gen_Incertae_sedis",0,0,0,0,0,0,0,0,0,0,0,0,2,0,0,0,0,0,0,0,0,0,0,0,0
"OTU1895.p__Ascomycota.g__Acarosporaceae_gen_Incertae_sedis",0,0,0,0,0,0,0,4,0,0,2,0,0,0,1,0,1,0,0,0,0,0,0,0,0
"OTU1896.p__Basidiomycota.g__Erythrobasidium",0,0,0,0,0,0,1,2,0,0,0,0,0,0,2,0,0,0,0,0,0,0,0,0,0
"OTU1897.p__Ascomycota.g__Hypocreales_gen_Incertae_sedis",0,0,0,0,0,0,0,2,0,0,0,0,0,0,0,0,0,0,0,0,0,0,0,0,0
"OTU1898.p__Glomeromycota.g__Rhizophagus",0,0,0,0,0,0,0,0,0,0,0,0,1,0,0,0,0,0,0,0,0,0,0,0,0
"OTU1899.p__Mortierellomycota.g__Linnemannia",0,0,5,0,0,0,1,0,0,0,5,0,0,0,0,0,0,0,0,0,0,0,0,0,0
"OTU1900.p__Ascomycota.g__Colletotrichum",0,0,0,0,0,0,0,0,0,0,0,0,0,0,1,0,0,0,0,0,1,0,0,0,0
"OTU1901.p__Mortierellomycota.g__Mortierella",0,0,0,0,0,0,0,0,0,0,0,0,0,1,0,0,0,0,0,0,0,0,0,0,0
"OTU1902.p__Basidiomycota.g__Auriculariales_gen_Incertae_sedis",0,0,2,0,0,0,0,0,0,1,0,0,0,0,0,0,0,0,0,0,0,0,0,0,2
"OTU1903.p__Ascomycota.g__Fusarium",0,0,0,0,0,0,0,0,0,0,0,0,0,0,0,0,0,0,0,0,0,0,0,0,0
"OTU1905.p__Glomeromycota.g__Glomus",0,0,0,0,0,0,0,0,0,0,0,0,0,0,0,7,0,0,0,0,0,0,0,0,0
"OTU1906.p__Rozellomycota.g__Rozellomycetes_gen_Incertae_sedis",0,0,0,0,0,0,0,0,0,0,0,0,0,0,0,0,0,1,0,2,0,0,0,0,0
"OTU1907.p__Ascomycota.g__Idriella",0,0,0,0,0,0,0,0,0,0,0,0,0,0,0,0,0,3,0,0,0,0,0,0,0
"OTU1908.p__Ascomycota.g__Cytospora",0,0,0,0,0,0,0,0,0,0,0,0,0,0,0,1,0,0,0,0,0,0,0,0,0
"OTU1909.p__Chytridiomycota.g__Chytridiomycota_gen_Incertae_sedis",0,0,0,0,0,0,0,0,0,0,0,0,0,0,0,0,0,0,0,3,0,0,0,0,0
"OTU1910.p__Ascomycota.g__Ramophialophora",0,0,0,0,0,0,0,0,0,0,0,0,0,0,0,0,0,0,0,0,0,0,0,1,0
"OTU1911.p__Mucoromycota.g__Endogonomycetes_gen_Incertae_sedis",0,0,0,0,0,0,0,0,0,0,0,0,0,0,0,0,0,0,0,0,0,0,0,3,0
"OTU1912.p__Ascomycota.g__Archaeorhizomyces",0,0,0,18,0,0,0,0,0,0,0,0,0,0,0,0,0,0,0,0,0,0,0,0,0
"OTU1913.p__Ascomycota.g__Pezicula",0,0,0,0,0,0,0,0,0,0,0,0,0,0,0,0,0,0,0,0,0,0,0,0,0
"OTU1914.p__Ascomycota.g__Microthyriales_gen_Incertae_sedis",0,0,0,0,0,0,0,0,0,0,0,0,0,0,0,0,0,0,0,0,0,0,0,0,0
"OTU1915.p__Ascomycota.g__Fusarium",0,0,0,0,0,0,0,0,0,0,0,0,0,0,0,0,0,0,0,0,0,0,0,0,0
"OTU1919.p__Ascomycota.g__Onygenales_gen_Incertae_sedis",0,0,0,0,0,0,0,0,0,2,0,0,0,0,0,2,0,0,0,0,0,0,0,0,0
"OTU1920.p__Ascomycota.g__Fusarium",1,0,0,0,2,0,0,0,0,0,0,0,0,0,0,0,0,0,0,0,0,0,0,0,0
"OTU1922.p__Chytridiomycota.g__Chytridiomycetes_gen_Incertae_sedis",0,0,0,0,0,0,1,0,0,0,0,0,0,0,0,0,0,0,0,0,0,0,0,0,0
"OTU1925.p__Chytridiomycota.g__Chytridiomycota_gen_Incertae_sedis",0,0,0,0,0,0,1,1,0,2,0,0,0,0,0,0,0,0,0,0,0,0,0,0,0
"OTU1927.p__Ascomycota.g__Curvularia",0,0,3,0,0,0,1,0,0,1,6,0,0,0,0,0,0,0,0,0,0,0,0,0,0
"OTU1928.p__Ascomycota.g__Fusarium",0,0,0,0,0,0,0,0,0,0,0,0,0,0,0,0,0,0,0,0,0,0,0,0,0
"OTU1930.p__Chytridiomycota.g__Spizellomycetales_gen_Incertae_sedis",0,0,0,0,0,0,0,0,0,0,0,0,0,0,0,0,0,0,0,0,0,0,0,0,0
"OTU1932.p__Fungi_phy_Incertae_sedis.g__Fungi_gen_Incertae_sedis",0,0,0,0,0,0,0,0,0,0,0,0,0,1,0,0,0,0,0,0,0,0,0,0,0
"OTU1933.p__Ascomycota.g__Teratoramularia",0,0,0,0,0,0,0,0,0,0,0,0,0,0,0,0,1,0,0,0,3,0,0,0,0
"OTU1934.p__Ascomycota.g__Strelitziana",0,0,0,0,0,0,0,0,0,0,0,5,0,0,0,0,0,0,0,0,0,0,0,0,0
"OTU1935.p__Ascomycota.g__Chaetosphaeriaceae_gen_Incertae_sedis",0,0,0,0,0,0,0,0,0,0,0,0,0,0,0,0,0,0,0,0,0,0,0,0,0
"OTU1936.p__Fungi_phy_Incertae_sedis.g__Fungi_gen_Incertae_sedis",0,0,2,0,0,0,1,0,0,0,2,0,0,0,0,0,0,0,0,0,0,0,0,0,0
"OTU1938.p__Ascomycota.g__Microascales_gen_Incertae_sedis",0,0,0,0,0,0,0,0,0,0,0,0,0,0,0,0,0,0,0,0,0,0,0,0,0
"OTU1940.p__Ascomycota.g__Penicillium",0,0,0,0,0,0,0,0,0,0,0,0,0,0,0,0,0,0,0,0,0,0,0,0,0
"OTU1942.p__Fungi_phy_Incertae_sedis.g__Fungi_gen_Incertae_sedis",0,0,0,0,0,0,0,0,0,0,1,0,0,0,0,0,0,0,0,0,0,0,0,0,0
"OTU1943.p__Glomeromycota.g__Claroideoglomus",0,0,0,0,1,0,0,0,0,0,0,0,0,0,0,0,0,0,0,0,0,0,0,0,0
"OTU1946.p__Ascomycota.g__Exophiala",0,0,0,0,0,0,0,2,0,0,0,0,0,0,1,0,0,0,0,0,0,0,0,0,0
"OTU1947.p__Ascomycota.g__Onygenales_gen_Incertae_sedis",0,0,0,0,0,0,0,0,15,0,0,0,0,0,0,0,0,0,0,0,0,0,0,0,0
"OTU1948.p__Ascomycota.g__Ascomycota_gen_Incertae_sedis",0,0,0,0,0,0,0,0,0,0,0,0,0,0,0,0,0,0,0,0,0,0,0,0,0
"OTU1950.p__Ascomycota.g__Dendryphiella",0,0,0,0,0,0,0,0,0,0,0,0,0,0,0,0,0,0,0,0,0,0,0,0,0
"OTU1951.p__Ascomycota.g__Sporormiaceae_gen_Incertae_sedis",0,0,0,0,0,0,0,0,0,0,0,0,0,0,0,0,0,1,0,0,0,0,0,0,0
"OTU1952.p__Ascomycota.g__Chromelosporium",0,0,0,0,0,0,0,0,0,0,0,0,0,0,0,0,0,0,2,0,0,0,0,0,0
"OTU1953.p__Ascomycota.g__Chaetothyriales_gen_Incertae_sedis",0,0,0,0,0,0,0,0,0,0,0,3,0,0,0,0,0,0,0,0,0,0,0,0,0
"OTU1954.p__Ascomycota.g__Fusarium",0,0,0,0,0,0,0,0,0,0,0,0,0,0,0,0,0,0,0,0,0,0,0,0,0
"OTU1955.p__Kickxellomycota.g__Ramicandelaber",0,0,0,0,0,0,0,0,0,0,0,0,0,0,0,0,0,0,0,0,0,0,0,0,0
"OTU1957.p__Ascomycota.g__Helicoma",0,0,0,0,0,0,0,0,0,0,0,0,0,0,0,0,0,0,0,0,0,0,0,0,0
"OTU1960.p__Basidiomycota.g__Occultifur",0,0,0,0,0,0,0,0,0,0,0,0,0,0,0,0,0,0,0,0,0,0,0,0,0
"OTU1961.p__Ascomycota.g__Peziza",0,0,0,1,0,0,0,0,0,0,0,0,0,0,0,0,0,0,0,1,0,0,0,0,0
"OTU1962.p__Ascomycota.g__Aspergillus",0,0,0,1,0,0,0,0,0,0,0,0,0,0,0,0,0,0,0,0,0,0,0,1,0
"OTU1964.p__Chytridiomycota.g__Spizellomycetaceae_gen_Incertae_sedis",1,0,0,0,0,0,0,0,0,0,0,0,0,0,0,0,0,0,0,0,0,0,0,0,0
"OTU1965.p__Ascomycota.g__Penicillium",0,0,0,0,0,0,0,0,0,0,0,0,0,0,0,0,0,0,0,0,0,0,0,0,0
"OTU1966.p__Ascomycota.g__Fusarium",0,0,0,0,0,0,0,0,0,0,0,0,0,0,0,0,0,0,0,0,0,0,0,0,0
"OTU1967.p__Ascomycota.g__Hypocreales_gen_Incertae_sedis",0,0,0,0,0,0,0,0,0,0,0,0,0,0,0,0,0,0,0,0,0,0,0,0,0
"OTU1968.p__Ascomycota.g__Strelitziana",0,0,0,0,0,0,0,0,0,0,0,0,0,0,2,0,1,0,0,0,4,0,0,0,0
"OTU1969.p__Ascomycota.g__Fusarium",0,0,0,0,0,0,0,0,0,0,0,0,0,0,0,0,0,0,0,0,0,0,0,0,0
"OTU1970.p__Ascomycota.g__Poaceascoma",0,0,0,0,0,0,0,0,0,0,0,0,0,0,0,0,0,0,0,0,0,0,0,0,0
"OTU1971.p__Ascomycota.g__Corticifraga",0,0,0,0,0,0,0,0,0,0,0,0,0,0,2,0,0,0,0,0,1,0,0,0,0
"OTU1972.p__Ascomycota.g__Plectosphaerella",0,0,0,0,0,0,0,0,0,0,0,0,0,0,4,0,3,0,0,0,5,0,0,0,1
"OTU1976.p__Ascomycota.g__Capnodiales_gen_Incertae_sedis",0,0,0,0,0,0,0,0,0,0,0,0,0,0,0,0,0,0,0,0,0,1,0,0,0
"OTU1978.p__Ascomycota.g__Aspergillus",0,0,0,0,0,0,0,0,0,0,0,0,0,0,0,0,0,0,0,0,0,0,0,0,0
"OTU1979.p__Ascomycota.g__Fusarium",0,0,0,0,0,0,0,0,0,0,0,0,0,0,0,0,0,0,0,0,0,0,0,0,0
"OTU1982.p__Ascomycota.g__Fusarium",0,0,0,0,0,0,0,0,0,0,0,0,0,0,0,0,0,0,0,0,0,0,0,0,0
"OTU1984.p__Ascomycota.g__Helotiales_gen_Incertae_sedis",0,0,0,0,0,0,0,1,0,0,0,0,0,0,0,0,0,0,0,0,0,0,0,0,0
"OTU1985.p__Ascomycota.g__Herpotrichiellaceae_gen_Incertae_sedis",0,0,0,0,0,0,0,2,0,0,0,0,0,0,0,0,0,0,0,0,0,0,0,0,0
"OTU1986.p__Ascomycota.g__Chaetothyriales_gen_Incertae_sedis",0,0,0,0,0,0,0,4,0,0,0,5,0,0,0,0,0,0,0,0,0,0,0,0,0
"OTU1987.p__Ascomycota.g__Diaporthe",0,0,0,0,0,0,0,3,0,0,0,0,0,0,0,0,0,0,0,0,0,0,0,0,0
"OTU1988.p__Mucoromycota.g__Saksenaea",0,0,0,0,0,0,0,0,0,0,0,0,3,0,0,0,0,0,0,0,0,0,0,0,0
"OTU1989.p__Ascomycota.g__Ascomycota_gen_Incertae_sedis",0,0,0,0,0,0,0,0,0,0,0,0,0,0,0,0,0,1,0,0,0,0,0,0,0
"OTU1990.p__Ascomycota.g__Ceramothyrium",0,0,0,0,0,0,0,1,0,0,0,3,0,0,1,0,0,0,0,0,1,0,0,0,0
"OTU1992.p__Ascomycota.g__Ascomycota_gen_Incertae_sedis",0,0,0,0,0,0,0,0,0,0,0,0,0,0,0,0,0,0,1,1,0,0,0,0,0
"OTU1993.p__Ascomycota.g__Neosetophoma",0,0,0,0,0,0,0,0,0,0,0,0,0,0,0,0,0,0,2,0,0,0,0,0,0
"OTU1994.p__Ascomycota.g__Plectosphaerellaceae_gen_Incertae_sedis",0,0,2,0,0,0,1,0,0,0,5,0,0,0,0,0,0,0,0,0,0,0,0,0,0
"OTU1995.p__Mortierellomycota.g__Mortierellales_gen_Incertae_sedis",0,0,0,0,0,0,0,0,0,0,1,0,0,0,0,0,0,0,0,0,0,0,0,0,0
"OTU1996.p__Ascomycota.g__Preussia",0,0,0,0,0,0,0,0,0,0,0,0,0,0,0,0,0,0,0,0,0,0,0,0,0
"OTU1997.p__Glomeromycota.g__Rhizophagus",0,0,0,0,0,0,0,0,0,0,0,0,0,0,0,0,0,0,0,0,0,0,0,0,0
"OTU1998.p__Basidiomycota.g__Conocybe",0,0,0,0,0,0,0,0,0,0,0,0,0,0,0,0,0,0,0,0,0,0,0,0,0
"OTU2000.p__Glomeromycota.g__Glomus",0,0,0,0,0,0,0,0,0,0,0,0,0,0,0,0,0,0,0,0,0,0,0,0,0
"OTU2001.p__Ascomycota.g__Fusarium",0,0,0,0,0,0,0,0,0,0,0,0,0,0,0,0,0,0,0,0,0,0,0,0,0
"OTU2002.p__Ascomycota.g__Fusarium",0,0,0,0,0,0,0,0,0,0,0,0,0,0,0,0,0,0,0,0,0,0,0,0,0
"OTU2003.p__Basidiomycota.g__Lacrymaria",0,0,0,0,0,0,0,0,0,0,0,0,0,0,0,0,0,0,0,0,0,0,0,0,0
"OTU2004.p__Basidiomycota.g__Conocybe",0,0,0,0,0,0,0,0,0,0,0,0,0,0,0,0,0,0,0,0,0,0,1,0,0
"OTU2005.p__Ascomycota.g__Cyphellophora",0,0,0,0,0,0,0,0,0,0,0,0,0,0,0,0,0,0,0,0,0,0,0,0,0
"OTU2006.p__Ascomycota.g__Fusarium",0,0,0,0,0,0,0,0,0,3,0,0,0,0,0,0,0,0,0,0,0,0,0,0,0
"OTU2007.p__Basidiomycota.g__Auriculariales_gen_Incertae_sedis",0,0,0,0,0,0,0,0,0,3,0,0,0,0,1,0,0,1,0,0,0,0,0,0,0
"OTU2008.p__Ascomycota.g__Trichomerium",0,0,0,0,0,0,0,0,0,1,0,0,0,0,1,0,1,0,0,0,2,0,0,0,0
"OTU2010.p__Ascomycota.g__Geosmithia",0,0,0,0,0,0,0,0,0,0,0,0,0,0,0,0,0,0,0,0,0,0,0,0,0
"OTU2011.p__Glomeromycota.g__Glomeraceae_gen_Incertae_sedis",0,0,0,0,0,0,0,0,1,0,0,0,0,0,0,0,0,0,0,0,0,0,0,0,0
"OTU2012.p__Basidiomycota.g__Auriculariales_gen_Incertae_sedis",0,0,0,0,0,0,0,0,0,0,0,0,0,0,0,0,0,0,0,0,0,0,0,0,0
"OTU2014.p__Glomeromycota.g__Glomus",0,0,0,0,0,0,0,0,0,0,0,0,0,0,0,0,0,0,0,0,0,0,0,0,0
"OTU2016.p__Fungi_phy_Incertae_sedis.g__Fungi_gen_Incertae_sedis",0,0,0,0,0,0,0,0,0,0,0,0,0,0,0,0,0,0,0,0,0,0,0,0,0
"OTU2017.p__Basidiomycota.g__Coprinopsis",0,0,0,0,0,0,0,0,2,0,0,2,0,0,1,0,0,0,0,0,0,0,0,0,0
"OTU2018.p__Ascomycota.g__Neostrelitziana",0,0,0,0,0,0,0,0,0,0,0,4,0,0,1,0,0,0,0,0,0,0,0,0,0
"OTU2019.p__Basidiomycota.g__Auriculariales_gen_Incertae_sedis",0,0,0,0,0,0,0,0,0,0,0,0,0,0,5,0,0,0,0,0,2,0,0,0,0
"OTU2020.p__Ascomycota.g__Chaetomium",0,0,0,0,0,0,0,0,0,0,0,0,0,5,0,0,0,0,1,0,0,0,0,0,0
"OTU2021.p__Ascomycota.g__Fusarium",0,0,0,0,0,0,0,0,0,0,0,0,0,0,0,0,0,0,1,0,0,0,0,0,0
"OTU2023.p__Glomeromycota.g__Claroideoglomus",0,0,0,0,0,0,0,0,0,0,0,0,0,0,0,2,0,0,0,0,0,0,0,0,0
"OTU2024.p__Ascomycota.g__Fusarium",1,0,3,0,0,0,0,0,1,0,0,0,0,0,0,0,0,0,0,0,0,0,0,0,0
"OTU2026.p__Ascomycota.g__Stictidaceae_gen_Incertae_sedis",0,0,0,0,0,0,0,0,0,0,0,0,0,0,0,0,0,0,0,0,1,0,0,0,0
"OTU2028.p__Chytridiomycota.g__Powellomyces",0,0,0,0,0,0,0,0,0,0,0,0,0,0,0,0,0,0,0,0,0,0,0,0,0
"OTU2029.p__Ascomycota.g__Fusarium",0,0,0,0,0,0,0,0,0,3,0,0,0,0,0,0,0,0,0,0,0,0,0,0,0
"OTU2030.p__Ascomycota.g__Trichomerium",0,0,0,0,0,0,0,0,0,0,0,0,0,0,3,0,2,0,0,0,1,0,0,0,0
"OTU2031.p__Ascomycota.g__Arthrographis",0,0,0,0,0,0,0,0,0,0,0,0,0,0,0,0,0,0,1,0,0,1,0,0,0
"OTU2033.p__Basidiomycota.g__Auriculariales_gen_Incertae_sedis",0,0,0,0,0,0,0,2,0,0,0,0,0,0,0,0,0,0,0,0,0,0,0,0,0
"OTU2034.p__Glomeromycota.g__Gigasporales_gen_Incertae_sedis",0,0,0,0,0,0,0,0,0,0,0,0,0,0,0,0,0,0,0,0,0,0,0,0,0
"OTU2036.p__Ascomycota.g__Chaetothyriales_gen_Incertae_sedis",0,0,0,0,0,0,0,0,1,1,0,0,0,0,0,0,0,0,0,0,0,0,0,0,0
"OTU2037.p__Ascomycota.g__Acrostalagmus",0,0,0,0,0,0,0,0,0,0,0,0,0,0,0,2,0,0,0,0,0,0,0,0,0
"OTU2038.p__Ascomycota.g__Stagonosporopsis",0,0,0,0,0,0,0,0,0,0,0,0,0,0,0,0,0,0,0,0,0,0,0,0,0
"OTU2040.p__Ascomycota.g__Chaetothyriales_gen_Incertae_sedis",0,0,0,0,0,0,0,0,0,0,0,0,0,0,1,0,0,0,0,0,0,0,0,0,0
"OTU2043.p__Glomeromycota.g__Rhizophagus",0,0,0,0,0,0,0,0,0,0,0,0,0,0,0,0,0,1,0,0,0,0,0,0,0
"OTU2044.p__Fungi_phy_Incertae_sedis.g__Fungi_gen_Incertae_sedis",0,0,0,0,0,0,0,0,1,0,0,0,0,0,0,0,0,0,0,0,0,0,0,0,0
"OTU2045.p__Ascomycota.g__Cladophialophora",0,0,0,0,0,0,0,0,0,0,0,3,0,0,2,0,1,0,0,0,0,0,0,0,0
"OTU2046.p__Glomeromycota.g__Archaeospora",0,0,0,0,0,0,0,0,0,0,0,0,0,0,0,1,0,0,0,0,0,0,0,0,0
"OTU2047.p__Glomeromycota.g__Claroideoglomus",0,0,0,0,0,0,0,0,0,0,0,0,0,0,0,1,0,0,0,0,0,0,0,0,0
"OTU2048.p__Ascomycota.g__Fusarium",0,0,0,0,0,0,0,0,0,0,0,0,0,0,0,0,0,0,2,0,0,0,0,0,1
"OTU2049.p__Basidiomycota.g__Ustilago",0,0,0,0,0,0,0,0,0,0,0,0,0,0,0,0,0,0,0,0,0,0,0,0,0
"OTU2050.p__Ascomycota.g__Pleosporales_gen_Incertae_sedis",0,0,0,0,0,0,0,0,0,0,0,0,0,0,0,0,0,0,0,0,0,0,1,0,0
"OTU2051.p__Ascomycota.g__Hypocreales_gen_Incertae_sedis",0,0,0,0,0,0,0,0,0,0,0,0,0,0,0,0,0,0,0,0,0,0,0,0,0
"OTU2052.p__Basidiomycota.g__Auriculariales_gen_Incertae_sedis",0,0,0,0,0,0,0,0,0,0,0,0,0,0,0,0,0,0,0,0,0,0,0,0,0
"OTU2053.p__Ascomycota.g__Paramycosphaerella",0,0,0,0,0,0,0,0,0,0,0,0,0,0,3,0,0,0,0,0,0,0,0,0,0
"OTU2054.p__Ascomycota.g__Eurotiomycetes_gen_Incertae_sedis",0,0,0,0,0,0,0,0,0,0,0,0,0,0,0,0,0,0,0,0,0,0,0,0,0
"OTU2057.p__Ascomycota.g__Hypocreales_gen_Incertae_sedis",0,0,0,0,0,0,0,0,0,0,0,0,0,0,0,0,0,0,0,0,0,0,0,0,0
"OTU2058.p__Ascomycota.g__Longihyalospora",0,0,0,0,0,0,0,2,0,0,0,0,0,0,0,0,0,0,0,0,0,0,0,0,0
"OTU2059.p__Fungi_phy_Incertae_sedis.g__Fungi_gen_Incertae_sedis",0,0,0,0,0,0,0,0,0,0,0,0,0,0,0,0,0,0,0,0,0,0,1,0,0
"OTU2063.p__Basidiomycota.g__Auriculariales_gen_Incertae_sedis",0,0,0,0,0,0,0,0,0,0,0,0,0,0,0,0,0,0,0,0,0,0,0,0,0
"OTU2066.p__Ascomycota.g__Pezizales_gen_Incertae_sedis",0,0,0,0,0,0,0,0,0,0,0,0,0,0,0,0,0,0,0,1,0,0,0,0,0
"OTU2067.p__Ascomycota.g__Yunnania",0,0,0,0,0,0,0,0,0,0,0,0,0,0,0,0,0,0,1,0,0,0,0,0,0
"OTU2068.p__Ascomycota.g__Ceramothyrium",0,0,0,2,0,0,0,0,0,0,0,0,0,0,4,0,3,0,0,0,0,0,0,0,0
"OTU2069.p__Basidiomycota.g__Bolbitiaceae_gen_Incertae_sedis",0,0,0,0,0,0,0,0,0,0,0,0,0,0,0,0,0,0,0,0,0,0,0,1,0
"OTU2070.p__Ascomycota.g__Fusarium",0,0,0,0,0,0,0,0,0,0,0,0,0,0,0,0,0,0,0,1,0,0,0,0,0
"OTU2071.p__Ascomycota.g__Podospora",0,0,0,0,0,0,0,0,0,0,0,0,0,0,0,0,0,0,0,0,0,0,0,1,0
"OTU2072.p__Ascomycota.g__Sordariales_gen_Incertae_sedis",0,0,0,0,0,0,0,0,0,0,0,0,0,0,0,0,0,0,0,0,0,2,0,0,0
"OTU2073.p__Ascomycota.g__Tetracladium",0,0,0,0,0,0,0,0,0,0,0,0,0,0,0,0,0,0,0,0,0,0,1,0,0
"OTU2074.p__Ascomycota.g__Cistella",0,0,0,0,0,0,0,0,0,0,0,0,0,0,0,0,0,0,0,0,0,0,1,0,0
"OTU2075.p__Chytridiomycota.g__Chytridiomycota_gen_Incertae_sedis",0,0,0,0,0,0,0,0,0,1,0,0,0,0,0,0,0,0,0,0,0,0,0,0,0
"OTU2076.p__Mortierellomycota.g__Mortierellaceae_gen_Incertae_sedis",0,0,0,0,0,0,0,0,0,0,0,0,0,0,0,0,0,0,0,0,0,0,0,0,0
"OTU2079.p__Ascomycota.g__Strelitziana",0,0,0,0,0,0,0,0,0,0,0,0,0,0,1,0,0,0,0,0,1,0,0,0,0
"OTU2087.p__Ascomycota.g__Preussia",0,0,0,0,0,0,0,0,0,0,0,0,0,0,0,0,0,0,0,0,0,0,0,0,0
"OTU2089.p__Ascomycota.g__Trichomerium",0,0,0,0,0,0,0,9,0,1,0,0,0,0,4,0,2,0,0,0,2,0,0,0,0
"OTU2090.p__Basidiomycota.g__Schizoporaceae_gen_Incertae_sedis",0,0,0,0,0,0,0,0,0,0,0,0,0,0,0,0,0,0,1,0,0,0,0,0,0
"OTU2091.p__Ascomycota.g__Pyronemataceae_gen_Incertae_sedis",0,0,0,0,0,0,0,0,0,0,0,0,0,0,0,2,0,1,0,0,0,0,0,0,0
"OTU2093.p__Ascomycota.g__Ascomycota_gen_Incertae_sedis",3,0,0,1,1,0,0,0,0,4,1,0,0,0,0,9,1,7,4,8,0,0,0,0,0
"OTU2094.p__Glomeromycota.g__Diversisporaceae_gen_Incertae_sedis",0,0,0,0,0,0,0,0,0,0,0,0,0,0,0,0,0,0,0,0,0,0,0,0,2
"OTU2095.p__Ascomycota.g__Fusarium",0,0,0,0,0,0,0,0,0,0,0,0,0,0,0,0,0,0,0,0,0,0,0,0,0
"OTU2097.p__Ascomycota.g__Chaetomium",0,0,0,0,0,0,0,0,0,0,0,0,0,0,0,0,0,0,0,0,0,0,0,0,0
"OTU2098.p__Basidiomycota.g__Auriculariales_gen_Incertae_sedis",0,0,1,0,0,0,0,0,0,0,0,0,0,0,0,0,0,0,0,0,0,0,0,0,0
"OTU2099.p__Ascomycota.g__Triangularia",0,0,0,0,0,0,0,0,0,0,0,0,0,0,0,0,0,0,0,0,0,0,0,0,0
"OTU2100.p__Olpidiomycota.g__Olpidiomycota_gen_Incertae_sedis",0,0,0,0,0,0,0,0,0,0,0,0,0,0,2,0,1,0,0,0,0,0,0,0,0
"OTU2101.p__Basidiobolomycota.g__Basidiobolus",0,0,0,0,0,2,0,0,0,0,0,0,0,0,0,0,0,0,0,0,0,0,0,0,0
"OTU2102.p__Basidiomycota.g__Auricularia",0,0,0,0,0,0,0,0,0,0,0,0,0,0,0,0,0,0,0,0,0,0,0,0,0
"OTU2107.p__Ascomycota.g__Fusarium",0,0,0,0,0,0,0,0,0,0,0,0,0,0,0,0,0,0,0,0,0,0,0,0,0
"OTU2108.p__Ascomycota.g__Diatractium",0,0,0,0,0,0,0,0,0,0,0,0,0,0,0,0,0,0,0,0,0,0,0,0,0
"OTU2109.p__Ascomycota.g__Setophoma",0,0,0,0,0,0,0,1,0,0,0,0,0,0,2,0,0,0,0,0,0,0,0,0,0
"OTU2111.p__Ascomycota.g__Gymnoascus",0,0,1,0,0,0,0,0,0,0,0,0,0,0,0,0,0,0,0,0,0,0,0,0,0
"OTU2112.p__Ascomycota.g__Xenosonderhenia",0,0,0,0,0,0,0,0,0,0,0,0,0,0,4,0,3,0,0,0,1,0,0,0,0
"OTU2115.p__Ascomycota.g__Coniocessia",0,0,0,0,0,0,0,0,0,0,0,0,0,0,0,0,0,0,0,0,0,0,0,0,0
"OTU2118.p__Fungi_phy_Incertae_sedis.g__Fungi_gen_Incertae_sedis",0,0,0,0,0,0,0,0,0,0,0,0,0,0,0,0,0,0,0,0,0,0,0,1,0
"OTU2120.p__Ascomycota.g__GS35_gen_Incertae_sedis",0,0,0,0,0,0,0,0,0,0,0,0,0,0,0,0,0,0,0,0,0,0,0,0,0
"OTU2121.p__Ascomycota.g__Stomiopeltis",0,0,0,0,0,0,0,0,0,0,0,0,0,0,0,0,0,0,0,0,0,0,0,0,0
"OTU2122.p__Ascomycota.g__Fusarium",0,0,0,0,0,0,0,0,0,0,0,0,0,0,0,0,0,1,0,0,0,0,0,0,0
"OTU2123.p__Ascomycota.g__Plectosphaerella",0,0,17,0,2,0,3,0,0,0,25,0,0,0,0,0,0,0,0,0,0,0,0,0,0
"OTU2125.p__Ascomycota.g__Longihyalospora",0,0,0,0,0,0,0,0,0,0,0,0,0,1,0,0,2,0,0,0,0,0,0,0,0
"OTU2126.p__Basidiomycota.g__Rhodosporidiobolus",0,0,0,0,0,0,0,0,0,0,0,0,0,0,1,0,1,0,0,0,2,0,0,0,0
"OTU2127.p__Basidiomycota.g__Multiclavula",0,0,0,0,0,0,0,0,1,0,0,0,0,0,1,0,0,0,0,0,1,0,0,0,0
"OTU2128.p__Basidiomycota.g__Trimorphomycetaceae_gen_Incertae_sedis",0,0,1,0,0,0,0,0,0,0,0,0,0,0,2,0,0,0,0,0,1,0,0,0,0
"OTU2129.p__Chytridiomycota.g__Rhizophlyctidales_gen_Incertae_sedis",0,0,0,0,0,0,0,0,0,0,0,0,0,0,0,1,0,0,1,1,0,0,0,0,0
"OTU2130.p__Ascomycota.g__Tilachlidium",0,0,0,0,0,0,0,0,0,0,0,0,0,0,0,0,0,0,0,0,0,1,0,0,0
"OTU2131.p__Basidiomycota.g__Tritirachium",0,0,0,0,0,0,0,0,0,0,0,0,0,0,0,0,0,0,0,1,0,0,0,0,0
"OTU2132.p__Ascomycota.g__Ascomycota_gen_Incertae_sedis",0,0,0,0,0,0,0,0,0,0,0,0,0,0,0,0,0,0,0,0,0,1,0,0,0
"OTU2134.p__Basidiomycota.g__Calvatia",0,0,0,0,0,0,0,0,0,0,0,0,0,0,0,0,0,0,0,0,0,0,0,0,0
"OTU2135.p__Basidiomycota.g__Vishniacozyma",0,0,0,0,0,0,0,0,0,1,0,0,0,0,0,0,0,0,0,0,0,0,0,0,0
"OTU2136.p__Ascomycota.g__Pseudallescheria",0,0,0,0,0,0,0,0,0,3,0,0,0,0,0,0,0,0,0,0,0,0,0,0,0
"OTU2137.p__Glomeromycota.g__Glomeraceae_gen_Incertae_sedis",0,0,0,0,0,0,0,0,0,0,4,0,0,0,0,0,1,0,0,0,0,0,0,0,0
"OTU2138.p__Ascomycota.g__Corticifraga",0,0,0,0,1,0,0,0,0,0,0,0,0,0,2,0,0,0,0,0,0,0,0,0,0
"OTU2139.p__Ascomycota.g__Talaromyces",0,0,0,0,0,0,0,0,0,0,0,0,0,0,0,0,1,0,0,0,0,0,0,0,0
"OTU2140.p__Mortierellomycota.g__Mortierellaceae_gen_Incertae_sedis",0,0,0,0,0,0,1,1,0,0,0,0,0,0,0,0,0,0,0,0,0,0,0,0,0
"OTU2141.p__Ascomycota.g__Trichomerium",0,0,0,0,0,0,0,0,0,0,0,0,0,0,0,0,0,0,0,0,0,0,0,0,0
"OTU2142.p__Ascomycota.g__Trichomerium",0,0,0,0,0,0,0,1,0,0,0,0,0,0,0,0,0,1,0,0,0,0,0,0,0
"OTU2143.p__Ascomycota.g__Gibellulopsis",0,0,5,0,0,0,0,0,0,0,6,0,0,0,0,0,0,0,0,0,0,0,0,0,0
"OTU2144.p__Ascomycota.g__Fusarium",0,0,0,0,0,0,0,0,0,0,0,0,0,0,0,0,0,0,0,0,0,0,0,0,0
"OTU2145.p__Ascomycota.g__Fusarium",0,0,0,0,0,0,0,0,0,0,0,0,0,0,0,0,0,0,0,0,0,0,0,0,0
"OTU2146.p__Ascomycota.g__Pleosporales_gen_Incertae_sedis",0,0,0,0,0,0,0,0,0,0,0,0,0,0,0,0,0,0,0,0,0,0,0,0,0
"OTU2148.p__Basidiomycota.g__Erythrobasidium",0,0,0,0,0,0,1,0,0,0,0,0,0,0,3,0,1,0,0,0,0,0,0,0,0
"OTU2149.p__Basidiomycota.g__Basidiomycota_gen_Incertae_sedis",0,0,0,0,0,0,0,0,0,1,0,0,0,0,2,0,1,0,0,0,0,0,0,0,0
"OTU2150.p__Ascomycota.g__Chaetothyriales_gen_Incertae_sedis",0,0,0,0,0,0,0,0,0,0,0,0,0,0,1,0,1,0,0,0,1,0,0,0,0
"OTU2151.p__Ascomycota.g__Xenosonderhenia",0,0,0,0,0,0,0,0,0,0,0,0,0,0,1,0,2,0,0,0,0,0,0,0,0
"OTU2152.p__Ascomycota.g__Fusarium",0,0,0,0,0,0,0,0,0,0,0,0,0,0,0,0,0,0,0,0,0,0,0,0,0
"OTU2153.p__Ascomycota.g__Pezizomycotina_gen_Incertae_sedis",0,0,0,0,0,0,0,0,0,1,0,0,0,0,0,0,0,0,0,0,0,0,0,0,0
"OTU2154.p__Ascomycota.g__Comoclathris",0,0,0,0,0,0,0,0,0,0,0,0,0,0,0,0,0,0,2,0,0,0,0,0,0
"OTU2156.p__Ascomycota.g__Cephalotrichum",0,0,5,0,0,0,1,0,0,0,4,0,0,0,0,0,0,0,0,0,0,0,0,0,0
"OTU2157.p__Basidiomycota.g__Auriculariales_gen_Incertae_sedis",0,0,0,0,0,0,0,0,0,0,0,0,0,0,0,0,0,1,0,0,0,0,0,1,0
"OTU2158.p__Ascomycota.g__Pezizales_gen_Incertae_sedis",0,0,0,0,0,0,0,0,0,0,0,0,0,0,0,0,0,0,0,0,0,0,1,0,0
"OTU2159.p__Ascomycota.g__Fusarium",0,0,0,0,0,0,0,0,0,0,0,0,1,0,0,0,0,0,0,1,0,0,0,0,0
"OTU2161.p__Ascomycota.g__Lulworthiaceae_gen_Incertae_sedis",0,0,0,0,0,0,0,0,0,0,1,0,0,0,0,0,0,0,0,0,0,0,0,0,0
"OTU2162.p__Basidiomycota.g__Saitozyma",0,0,0,0,0,0,0,0,0,0,0,0,0,0,0,0,0,0,0,0,0,0,0,0,0
"OTU2164.p__Ascomycota.g__Cyphellophora",2,7,0,0,0,0,0,0,0,0,0,0,0,0,1,0,2,0,0,0,0,0,0,0,0
"OTU2165.p__Ascomycota.g__Hermetothecium",0,2,0,0,0,0,0,0,0,0,0,0,0,0,0,0,0,0,0,0,0,0,0,0,0
"OTU2168.p__Glomeromycota.g__Glomeraceae_gen_Incertae_sedis",0,0,0,0,0,0,0,0,0,0,0,0,0,0,0,0,0,0,0,0,0,0,0,0,0
"OTU2169.p__Ascomycota.g__Cladophialophora",0,0,0,0,2,0,0,0,0,0,0,0,0,0,1,0,1,0,0,0,1,0,0,0,0
"OTU2170.p__Basidiomycota.g__Tilletia",0,0,0,0,0,0,0,3,0,0,0,0,0,0,0,0,0,0,0,0,0,0,0,0,0
"OTU2171.p__Ascomycota.g__Cyphellophora",0,0,0,1,0,0,0,2,0,0,0,0,0,0,1,0,1,0,0,0,0,0,0,0,0
"OTU2172.p__Ascomycota.g__Translucidithyrium",0,0,0,0,0,0,0,0,0,2,0,0,0,0,0,0,0,0,0,0,0,0,0,0,0
"OTU2174.p__Ascomycota.g__Cladophialophora",0,0,0,0,0,0,0,0,0,0,0,0,0,0,0,0,0,0,0,0,0,0,0,0,0
"OTU2175.p__Rozellomycota.g__Rozellomycota_gen_Incertae_sedis",0,0,0,0,0,0,0,0,0,0,0,0,0,0,0,0,0,0,0,0,0,0,0,0,0
"OTU2177.p__Ascomycota.g__Ascomycota_gen_Incertae_sedis",0,0,1,0,0,0,0,0,0,0,0,0,0,0,0,0,0,0,0,0,0,0,0,0,0
"OTU2180.p__Ascomycota.g__Fusarium",1,0,0,0,0,0,0,1,0,1,0,0,0,0,2,0,0,0,2,28,0,3,0,0,1
"OTU2181.p__Basidiomycota.g__Tilletia",0,0,0,0,0,0,2,0,0,0,0,4,0,0,0,0,0,0,0,0,0,0,0,0,0
"OTU2182.p__Ascomycota.g__Xenosonderhenia",0,0,0,0,0,0,0,0,0,0,0,0,0,0,1,0,0,0,0,0,0,0,0,0,0
"OTU2183.p__Ascomycota.g__Blastobotrys",0,0,0,0,0,0,0,0,0,0,0,0,0,0,3,0,0,0,0,0,0,0,0,0,0
"OTU2184.p__Basidiomycota.g__Agaricales_gen_Incertae_sedis",0,0,0,0,0,0,0,0,0,0,0,0,0,0,0,0,0,0,0,0,0,0,0,3,0
"OTU2185.p__Rozellomycota.g__Rozellomycota_gen_Incertae_sedis",0,0,0,0,0,0,0,0,0,0,0,0,0,0,0,0,0,0,0,0,0,0,0,0,0
"OTU2186.p__Ascomycota.g__Fusarium",0,0,1,0,0,0,0,0,0,0,0,0,0,0,0,0,0,0,0,0,0,0,0,0,0
"OTU2187.p__Ascomycota.g__Papulaspora",0,0,2,0,0,0,0,0,0,0,1,0,0,0,0,0,0,0,0,0,0,0,0,0,0
"OTU2188.p__Ascomycota.g__Pezizales_gen_Incertae_sedis",0,0,0,0,0,0,0,0,0,0,0,0,0,0,0,0,0,0,0,0,0,0,0,0,0
"OTU2189.p__Glomeromycota.g__Diversispora",0,0,0,0,0,0,0,0,0,0,0,0,0,0,0,0,0,0,0,0,0,0,0,0,0
"OTU2190.p__Ascomycota.g__Fusarium",0,0,0,0,0,0,0,0,0,0,0,0,0,0,0,0,0,0,0,0,0,1,0,1,1
"OTU2191.p__Ascomycota.g__Ascomycota_gen_Incertae_sedis",1,0,8,0,0,0,1,0,0,2,25,0,0,0,0,0,0,1,0,0,0,0,0,0,0
"OTU2192.p__Ascomycota.g__Pezicula",0,0,0,0,0,0,0,0,0,0,0,0,0,0,0,0,0,0,0,0,0,0,0,0,0
"OTU2196.p__Chytridiomycota.g__GS13_gen_Incertae_sedis",0,0,0,0,0,0,0,0,0,0,0,0,0,0,0,0,0,0,0,0,0,0,0,0,0
"OTU2198.p__Mortierellomycota.g__Mortierella",0,0,0,0,0,0,0,0,0,0,0,0,0,0,0,0,0,0,0,0,0,0,0,0,0
"OTU2199.p__Basidiomycota.g__Papiliotrema",0,0,0,0,0,0,0,0,0,0,0,0,0,0,0,0,0,0,0,0,0,0,0,0,0
"OTU2200.p__Ascomycota.g__Slopeiomyces",0,0,0,0,0,0,0,0,0,0,0,0,0,0,0,0,0,0,0,0,0,0,0,0,0
"OTU2202.p__Basidiomycota.g__Agaricomycetes_gen_Incertae_sedis",0,0,0,0,0,0,0,0,0,0,0,0,0,0,0,0,0,0,0,0,0,0,0,0,0
"OTU2204.p__Basidiomycota.g__Bulleribasidium",0,0,0,0,0,0,0,0,0,0,0,0,0,0,2,0,0,0,0,0,0,0,0,0,0
"OTU2205.p__Ascomycota.g__Pezicula",0,0,0,0,0,0,0,0,0,0,0,0,0,0,0,0,0,0,0,0,0,0,0,0,0
"OTU2207.p__Ascomycota.g__Fusarium",0,0,0,0,0,0,0,0,0,0,0,0,0,0,0,0,0,0,0,0,0,0,0,0,0
"OTU2209.p__Ascomycota.g__Setoseptoria",0,0,0,0,0,0,0,0,0,0,0,0,0,0,0,0,0,0,0,0,0,0,0,0,0
"OTU2213.p__Ascomycota.g__Pleosporales_gen_Incertae_sedis",0,0,0,0,0,0,0,0,0,0,0,0,0,0,0,0,0,0,0,0,0,0,0,0,0
"OTU2216.p__Rozellomycota.g__Rozellomycota_gen_Incertae_sedis",0,0,0,0,0,0,0,0,0,0,0,0,0,0,0,0,0,0,0,0,0,1,0,0,0
"OTU2217.p__Ascomycota.g__Aspergillus",0,0,0,0,0,0,0,0,0,0,0,0,0,0,0,1,0,0,0,0,0,0,0,0,0
"OTU2218.p__Ascomycota.g__Fusarium",0,0,0,0,0,0,0,0,0,0,0,0,0,0,0,0,0,4,0,2,0,0,0,0,0
"OTU2219.p__Basidiomycota.g__Auriculariales_gen_Incertae_sedis",0,0,0,0,0,0,0,0,0,0,0,0,0,0,0,0,0,0,0,0,0,0,0,1,0
"OTU2220.p__Ascomycota.g__Lecanicillium",0,0,0,0,0,0,0,0,0,0,0,0,0,0,0,0,0,0,0,0,0,0,0,0,0
"OTU2222.p__Glomeromycota.g__Claroideoglomeraceae_gen_Incertae_sedis",0,0,0,0,0,0,0,0,0,0,0,0,0,0,0,0,0,0,0,0,0,0,0,0,0
"OTU2223.p__Ascomycota.g__Dictyosporiaceae_gen_Incertae_sedis",0,0,0,0,0,0,0,0,0,0,0,0,0,0,0,0,0,0,0,0,0,0,0,0,0
"OTU2226.p__Ascomycota.g__Trichomerium",0,0,0,0,0,0,0,0,0,0,0,0,0,0,2,0,1,0,0,0,1,0,0,0,0
"OTU2227.p__Basidiomycota.g__Auriculariales_gen_Incertae_sedis",0,0,0,0,0,0,0,0,0,0,0,0,0,0,0,0,2,0,0,0,0,0,0,0,0
"OTU2229.p__Ascomycota.g__Fusarium",0,0,0,0,0,0,0,0,0,0,0,0,0,0,0,0,0,0,0,0,0,1,0,0,0
"OTU2231.p__Chytridiomycota.g__Rhizophlyctis",0,0,0,0,0,0,0,0,0,0,0,0,0,0,0,0,0,0,0,0,0,0,0,0,0
"OTU2234.p__Ascomycota.g__Fusarium",0,0,0,0,0,0,0,0,0,0,0,0,0,0,0,0,0,0,0,0,0,0,0,0,0
"OTU2236.p__Aphelidiomycota.g__Aphelidiomycota_gen_Incertae_sedis",0,0,0,0,0,0,0,0,0,0,0,0,0,0,0,0,0,0,0,0,0,0,0,0,0
"OTU2239.p__Fungi_phy_Incertae_sedis.g__Fungi_gen_Incertae_sedis",0,0,0,0,0,0,0,0,0,0,0,0,0,0,0,0,0,0,0,0,0,0,0,0,0
"OTU2240.p__Ascomycota.g__Dothideomycetes_gen_Incertae_sedis",0,0,0,0,0,0,0,0,0,0,0,0,0,0,0,0,0,0,0,0,0,0,0,0,0
"OTU2243.p__Chytridiomycota.g__Rhizophydiales_gen_Incertae_sedis",0,0,0,0,0,1,0,0,0,0,0,0,0,0,0,0,0,0,0,0,0,0,0,0,0
"OTU2244.p__Ascomycota.g__Acremonium",0,0,0,0,0,0,0,0,1,4,0,0,1,0,0,0,0,0,0,0,0,0,4,0,0
"OTU2245.p__Basidiomycota.g__Coprinopsis",0,0,0,0,0,0,0,0,0,0,0,0,0,0,0,0,0,0,0,0,0,0,0,0,0
"OTU2248.p__Basidiomycota.g__Thanatephorus",0,0,0,0,0,0,0,0,0,0,0,0,0,0,0,1,0,0,0,0,0,0,0,0,0
"OTU2249.p__Ascomycota.g__Blumeria",0,0,0,0,0,0,1,0,0,0,0,0,0,0,0,0,2,0,0,0,1,0,0,0,0
"OTU2251.p__Basidiomycota.g__Derxomyces",0,0,0,0,0,0,0,0,0,0,0,1,0,0,0,0,0,0,0,0,0,0,0,0,0
"OTU2252.p__Ascomycota.g__Chaetothyriales_gen_Incertae_sedis",0,0,0,0,0,0,0,0,0,0,0,0,0,0,0,0,0,0,0,0,0,0,0,0,0
"OTU2253.p__Ascomycota.g__Translucidithyrium",0,0,0,0,0,0,0,0,0,0,0,0,0,0,1,0,0,0,0,0,0,0,0,0,0
"OTU2254.p__Ascomycota.g__Fusarium",0,0,0,0,0,0,0,0,0,0,0,0,0,0,1,0,0,0,0,0,0,0,0,0,0
"OTU2255.p__Chytridiomycota.g__Rhizophydiales_gen_Incertae_sedis",0,0,0,0,0,0,0,0,0,0,0,0,0,0,0,0,0,0,2,0,0,0,0,0,0
"OTU2256.p__Ascomycota.g__Gymnoascus",0,0,0,0,0,0,0,0,0,0,0,0,0,0,0,0,0,2,0,0,0,0,0,0,0
"OTU2257.p__Glomeromycota.g__Glomus",0,0,0,0,0,0,0,0,0,0,0,0,0,0,0,0,0,0,0,0,0,0,0,0,0
"OTU2258.p__Ascomycota.g__Tetracladium",0,0,4,0,0,0,0,0,0,0,0,0,0,0,0,0,0,0,0,0,0,0,0,0,0
"OTU2259.p__Ascomycota.g__Halosphaeriaceae_gen_Incertae_sedis",0,0,1,0,0,0,2,0,0,0,2,0,0,0,0,0,0,0,0,0,0,0,0,0,0
"OTU2260.p__Ascomycota.g__Ascomycota_gen_Incertae_sedis",0,0,0,0,0,0,0,0,0,0,0,0,0,0,0,0,0,0,0,0,0,0,0,0,0
"OTU2261.p__Ascomycota.g__Sarocladium",0,0,1,0,0,0,3,0,0,0,4,0,0,0,0,0,0,0,0,0,0,0,0,0,0
"OTU2267.p__Basidiomycota.g__Sakaguchia",0,0,8,0,2,0,6,0,0,0,5,0,0,0,0,0,0,0,0,0,0,0,0,0,0
"OTU2271.p__Ascomycota.g__Keratinophyton",0,0,0,0,0,0,0,0,0,0,0,0,0,0,0,0,0,0,0,0,0,0,0,0,0
"OTU2273.p__Ascomycota.g__Pleosporales_gen_Incertae_sedis",0,0,0,0,0,0,0,0,0,0,0,0,0,0,0,0,0,0,0,0,0,0,0,0,0
"OTU2274.p__Ascomycota.g__Uwebraunia",0,0,0,0,0,0,1,0,0,0,0,6,0,0,0,0,1,0,0,0,0,0,0,0,0
"OTU2276.p__Basidiomycota.g__Auriculariales_gen_Incertae_sedis",0,0,0,0,0,0,0,0,0,0,0,0,0,0,0,0,0,0,0,0,0,0,0,0,0
"OTU2277.p__Ascomycota.g__Paracremonium",0,0,0,0,0,0,0,0,0,0,0,0,0,0,0,0,0,0,0,0,0,0,0,0,0
"OTU2281.p__Ascomycota.g__Xenosonderhenia",0,0,0,0,0,0,0,0,0,0,0,0,0,0,0,0,0,0,0,0,2,0,0,0,0
"OTU2282.p__Ascomycota.g__Eurotiales_gen_Incertae_sedis",0,0,0,0,0,0,0,0,0,0,2,0,0,0,0,0,0,0,0,0,0,0,0,0,0
"OTU2283.p__Ascomycota.g__Talaromyces",0,0,20,0,0,0,0,0,0,0,25,0,0,0,0,0,0,0,0,0,0,0,0,0,0
"OTU2284.p__Ascomycota.g__Chaetothyriales_gen_Incertae_sedis",0,0,0,0,0,0,0,0,0,0,0,0,0,0,0,0,1,0,0,0,1,0,0,0,0
"OTU2286.p__Chytridiomycota.g__Rhizophlyctis",0,0,0,0,0,0,0,0,0,0,0,0,0,0,0,0,0,0,0,0,0,0,0,0,0
"OTU2289.p__Ascomycota.g__Niesslia",0,0,0,0,0,0,0,0,0,0,0,0,0,0,0,0,0,0,0,0,0,0,0,0,0
"OTU2292.p__Ascomycota.g__Chrysosporium",0,0,0,0,0,0,0,0,0,0,0,0,0,0,0,0,0,0,0,0,0,0,0,0,0
"OTU2295.p__Basidiomycota.g__Auriculariales_gen_Incertae_sedis",0,0,0,0,0,0,0,0,0,0,0,0,0,0,0,0,0,0,0,0,0,0,0,0,0
"OTU2296.p__Ascomycota.g__Extremaceae_gen_Incertae_sedis",0,0,0,0,0,0,1,6,0,0,0,0,0,0,2,0,0,0,0,0,1,0,0,0,0
"OTU2297.p__Ascomycota.g__Mycosphaerella",0,0,0,0,0,0,0,0,0,0,0,0,0,0,0,0,0,0,0,0,0,0,1,0,0
"OTU2299.p__Ascomycota.g__Natantispora",0,0,0,0,0,0,0,0,0,0,0,0,0,0,0,0,0,0,0,0,0,0,0,0,0
"OTU2302.p__Basidiomycota.g__Auriculariales_gen_Incertae_sedis",0,0,0,0,0,0,0,0,0,0,0,0,0,0,0,0,0,0,0,0,0,0,0,0,0
"OTU2303.p__Fungi_phy_Incertae_sedis.g__Fungi_gen_Incertae_sedis",0,0,0,0,0,0,0,0,0,1,0,0,0,0,0,0,0,0,0,0,0,0,0,0,0
"OTU2305.p__Basidiomycota.g__Russulales_gen_Incertae_sedis",0,0,0,0,0,0,0,0,0,0,0,0,0,0,1,0,0,0,0,0,0,0,0,0,0
"OTU2306.p__Ascomycota.g__Microascales_gen_Incertae_sedis",0,0,7,0,0,0,0,0,0,0,9,0,0,0,0,0,0,0,0,0,0,0,0,0,0
"OTU2307.p__Ascomycota.g__Ochroconis",0,0,0,0,0,0,0,0,0,0,0,0,0,0,0,0,0,0,0,0,0,0,0,0,0
"OTU2308.p__Ascomycota.g__Teratoramularia",0,0,0,0,0,0,0,0,0,0,0,0,0,0,0,0,0,0,0,0,0,0,0,0,0
"OTU2309.p__Ascomycota.g__Magnaporthe",0,0,0,0,0,0,0,0,0,0,0,0,0,0,0,0,0,0,0,0,0,0,0,0,0
"OTU2310.p__Basidiomycota.g__Agaricales_gen_Incertae_sedis",0,0,0,0,0,0,0,0,0,0,0,0,0,0,0,0,0,0,1,0,0,0,0,0,0
"OTU2311.p__Chytridiomycota.g__Rhizophydiales_gen_Incertae_sedis",0,0,0,0,0,0,0,0,0,0,0,0,0,0,0,0,0,0,0,0,0,0,0,0,0
"OTU2312.p__Ascomycota.g__Ascomycota_gen_Incertae_sedis",2,0,0,0,0,0,0,0,0,0,0,0,0,0,0,0,0,0,2,0,0,0,0,0,0
"OTU2313.p__Ascomycota.g__Fusarium",0,0,0,0,0,0,0,0,0,1,0,0,0,0,0,0,0,0,0,0,0,0,0,0,0
"OTU2314.p__Glomeromycota.g__Glomus",0,0,0,0,0,0,0,0,0,0,0,0,0,0,0,0,0,0,0,1,0,0,0,0,0
"OTU2315.p__Ascomycota.g__Exserohilum",2,0,5,1,0,0,0,0,0,0,10,0,0,0,0,0,0,0,0,0,0,0,0,0,0
"OTU2316.p__Ascomycota.g__Cercospora",0,0,2,0,0,0,0,0,0,0,0,0,0,0,0,0,0,0,0,0,0,0,0,0,0
"OTU2317.p__Ascomycota.g__Phaeosphaeriaceae_gen_Incertae_sedis",0,0,1,0,0,0,0,0,0,0,0,0,0,0,0,0,0,0,0,0,0,0,0,0,0
"OTU2318.p__Kickxellomycota.g__Ramicandelaber",0,0,0,0,0,0,0,0,0,0,0,0,0,0,0,0,0,0,0,0,0,1,0,0,0
"OTU2319.p__Ascomycota.g__Pezicula",0,0,0,0,0,0,0,0,0,0,0,0,0,0,0,0,0,0,0,0,0,1,0,0,0
"OTU2321.p__Basidiomycota.g__Auriculariales_gen_Incertae_sedis",0,0,0,0,0,0,0,0,0,0,0,0,0,0,3,0,0,0,0,0,0,0,0,0,0
"OTU2324.p__Basidiomycota.g__Buckleyzyma",0,0,0,0,0,0,0,0,0,0,0,0,0,0,0,0,0,0,0,0,0,0,0,0,0
"OTU2325.p__Basidiomycota.g__Auriculariales_gen_Incertae_sedis",0,0,0,0,0,0,0,0,2,0,0,0,0,0,0,0,0,0,0,0,0,1,0,1,0
"OTU2326.p__Ascomycota.g__Talaromyces",0,0,0,0,0,0,0,0,0,0,0,0,0,0,0,0,0,0,0,0,0,0,0,0,0
"OTU2331.p__Ascomycota.g__Pezicula",0,0,0,0,0,0,0,0,0,0,0,0,0,0,0,0,0,0,0,0,0,0,0,0,0
"OTU2333.p__Ascomycota.g__Sporormiella",0,0,0,0,0,0,0,0,0,0,0,0,0,0,0,0,0,0,0,0,0,0,0,0,0
"OTU2335.p__Ascomycota.g__Paraconiothyrium",0,0,0,0,0,0,0,0,0,0,0,0,0,0,0,0,0,0,0,0,0,0,0,0,0
"OTU2336.p__Ascomycota.g__Subramaniula",0,0,0,0,0,0,0,0,0,1,0,0,0,0,0,0,0,0,1,0,0,0,0,0,0
"OTU2337.p__Ascomycota.g__Translucidithyrium",0,0,0,0,0,0,0,0,0,3,0,0,0,0,0,0,3,0,0,0,0,0,0,0,0
"OTU2338.p__Basidiomycota.g__Auriculariales_gen_Incertae_sedis",0,0,0,0,0,0,0,0,0,0,0,0,0,0,1,0,0,0,0,0,0,0,0,0,0
"OTU2339.p__Basidiomycota.g__Auriculariales_gen_Incertae_sedis",0,0,0,0,1,0,0,0,0,0,1,0,0,0,0,0,0,0,0,0,0,0,0,0,0
"OTU2340.p__Ascomycota.g__Pezizomycotina_gen_Incertae_sedis",0,0,0,0,0,0,0,0,0,0,0,0,0,0,0,0,0,0,0,0,0,0,0,0,0
"OTU2342.p__Chytridiomycota.g__Endochytrium",0,0,0,0,0,0,0,0,0,0,0,0,0,0,0,0,0,0,0,0,0,0,0,0,0
"OTU2343.p__Ascomycota.g__Chrysosporium",1,0,0,0,0,0,2,0,0,0,0,0,0,0,0,0,0,2,1,0,0,0,0,1,0
"OTU2344.p__Ascomycota.g__Ochrocladosporium",0,0,0,0,0,0,0,0,0,0,0,0,0,0,0,0,1,0,0,0,0,0,0,0,0
"OTU2345.p__Glomeromycota.g__Glomeraceae_gen_Incertae_sedis",0,0,0,0,0,0,0,0,0,0,0,0,0,0,0,0,0,0,0,0,0,1,4,1,1
"OTU2346.p__Ascomycota.g__Fusarium",0,0,0,0,0,0,0,0,0,0,0,0,0,0,0,0,0,0,0,0,0,0,0,0,0
"OTU2347.p__Fungi_phy_Incertae_sedis.g__Fungi_gen_Incertae_sedis",0,0,0,0,0,0,0,0,0,0,0,0,0,0,0,0,0,0,0,0,0,0,0,0,0
"OTU2348.p__Basidiomycota.g__Kockovaella",0,0,0,0,0,0,0,0,0,0,0,0,0,0,3,0,2,0,0,0,0,0,0,0,0
"OTU2349.p__Ascomycota.g__Ophiocordycipitaceae_gen_Incertae_sedis",0,0,0,0,0,0,0,0,0,0,0,0,0,0,0,0,0,0,0,0,0,0,0,1,0
"OTU2350.p__Ascomycota.g__Preussia",0,0,11,0,0,0,0,0,0,0,4,0,0,0,0,0,0,0,0,0,0,0,0,0,0
"OTU2351.p__Ascomycota.g__Chaetomium",0,0,0,0,1,0,0,0,0,0,0,0,0,0,0,0,0,0,0,0,0,0,0,0,0
"OTU2352.p__Ascomycota.g__Fusarium",0,0,2,0,0,0,0,0,0,0,0,0,0,0,0,0,0,0,0,0,0,0,0,0,0
"OTU2353.p__Glomeromycota.g__Funneliformis",0,0,0,0,0,0,0,0,0,0,0,0,0,0,0,1,0,0,0,1,0,2,5,0,0
"OTU2354.p__Basidiomycota.g__Auriculariales_gen_Incertae_sedis",0,0,0,0,0,0,0,0,0,0,0,0,0,0,0,0,0,0,0,0,0,1,0,6,0
"OTU2355.p__Glomeromycota.g__Kamienskia",0,0,0,0,0,0,0,0,0,0,0,0,0,0,0,0,0,0,0,0,0,0,0,1,0
"OTU2356.p__Ascomycota.g__Tremateia",0,0,1,0,0,0,0,0,0,0,0,0,0,0,0,0,0,0,0,0,0,0,0,0,0
"OTU2360.p__Ascomycota.g__Sordariomycetes_gen_Incertae_sedis",0,0,0,1,0,0,0,0,0,3,0,0,0,0,0,0,0,0,0,0,1,0,0,0,0
"OTU2361.p__Ascomycota.g__GS35_gen_Incertae_sedis",0,0,0,0,0,0,0,0,0,0,0,0,0,0,0,0,0,0,0,0,0,0,0,0,0
"OTU2364.p__Basidiomycota.g__Urocystis",0,0,0,0,0,0,0,0,0,0,0,0,0,0,0,0,0,0,0,0,0,0,0,0,0
"OTU2366.p__Ascomycota.g__Pseudothielavia",0,0,0,0,0,0,0,0,0,0,0,0,0,0,0,0,2,0,0,0,0,0,0,0,0
"OTU2369.p__Fungi_phy_Incertae_sedis.g__Fungi_gen_Incertae_sedis",0,0,0,0,0,0,1,0,0,0,0,0,0,0,0,0,0,0,0,0,0,0,0,0,0
"OTU2371.p__Ascomycota.g__Fusarium",0,0,0,0,0,0,0,0,0,0,0,0,0,0,0,0,0,0,0,0,0,0,1,0,0
"OTU2372.p__Ascomycota.g__Pezicula",0,0,0,0,0,0,0,0,0,0,0,0,0,0,0,0,0,0,0,0,0,0,0,0,0
"OTU2373.p__Ascomycota.g__Fusarium",0,0,0,0,0,0,0,0,0,0,0,0,0,0,0,0,0,0,0,0,0,0,0,0,0
"OTU2376.p__Ascomycota.g__Hypocreales_gen_Incertae_sedis",0,0,0,0,0,0,4,0,0,0,0,0,0,0,0,0,0,0,0,0,0,0,0,0,0
"OTU2378.p__Ascomycota.g__Hypocreales_gen_Incertae_sedis",0,0,0,0,0,0,0,0,0,0,0,0,0,0,0,0,0,0,0,0,0,0,0,0,0
"OTU2379.p__Ascomycota.g__Phaeocytostroma",0,0,0,0,0,0,0,0,0,0,0,0,0,0,0,0,0,0,0,0,0,0,0,0,0
"OTU2381.p__Ascomycota.g__Fusarium",0,0,0,0,0,0,0,0,0,0,0,0,0,0,0,0,0,0,0,0,0,0,0,0,0
"OTU2385.p__Ascomycota.g__Fusarium",0,0,0,0,0,0,0,0,0,0,0,0,0,0,0,1,0,0,0,0,0,0,0,0,0
"OTU2387.p__Fungi_phy_Incertae_sedis.g__Fungi_gen_Incertae_sedis",0,0,0,0,0,0,0,0,0,0,0,0,0,0,0,0,0,0,0,0,0,0,0,1,0
"OTU2388.p__Ascomycota.g__Herpotrichiellaceae_gen_Incertae_sedis",0,0,0,0,0,0,0,0,0,0,0,0,0,1,0,0,1,0,0,0,0,0,0,0,0
"OTU2389.p__Ascomycota.g__Chaetothyriales_gen_Incertae_sedis",0,0,0,0,0,0,0,0,2,0,0,0,0,0,1,0,0,0,0,0,0,0,0,0,0
"OTU2390.p__Ascomycota.g__Mycosphaerella",0,0,0,0,0,0,0,0,0,0,0,0,0,0,0,0,0,0,0,0,1,0,0,0,0
"OTU2391.p__Ascomycota.g__Hermetothecium",0,0,0,0,0,0,0,0,0,0,0,0,0,0,0,0,2,0,0,0,0,0,0,0,0
"OTU2392.p__Basidiomycota.g__Auriculariales_gen_Incertae_sedis",0,0,0,0,0,0,1,0,0,0,0,0,0,0,1,0,1,0,0,0,1,0,0,0,0
"OTU2393.p__Ascomycota.g__Coniocessia",0,0,0,0,0,0,0,0,0,0,0,0,0,0,0,0,0,0,0,0,0,0,0,0,0
"OTU2394.p__Chytridiomycota.g__Spizellomycetales_gen_Incertae_sedis",0,0,0,0,0,0,0,0,0,0,1,0,0,0,0,0,0,0,0,3,0,0,0,0,0
"OTU2395.p__Chytridiomycota.g__Betamyces",0,0,0,0,0,0,0,0,0,0,0,0,0,0,0,0,0,0,0,0,0,0,0,0,0
"OTU2396.p__Glomeromycota.g__Diversisporaceae_gen_Incertae_sedis",0,0,0,0,0,0,0,0,0,0,0,0,0,0,0,0,0,0,0,0,0,0,0,0,0
"OTU2397.p__Ascomycota.g__Fusarium",0,0,0,0,0,0,0,0,0,0,0,0,0,0,0,0,0,0,0,0,0,0,0,0,0
"OTU2398.p__Ascomycota.g__Fusarium",0,0,0,0,0,0,0,0,0,0,0,0,0,0,0,0,0,0,0,0,0,0,0,0,0
"OTU2399.p__Ascomycota.g__Fusarium",0,0,0,0,0,0,0,0,0,0,0,0,0,0,0,0,0,0,0,0,0,0,0,0,0
"OTU2401.p__Ascomycota.g__Thelebolaceae_gen_Incertae_sedis",0,0,1,0,0,0,0,0,0,0,0,0,0,0,0,0,0,0,0,0,0,0,0,0,0
"OTU2403.p__Ascomycota.g__Preussia",0,0,1,0,0,0,1,0,0,0,1,0,0,0,0,0,0,0,0,0,0,0,0,0,0
"OTU2404.p__Ascomycota.g__Ascomycota_gen_Incertae_sedis",0,0,3,0,0,0,0,0,0,0,3,0,0,0,0,0,0,0,0,0,0,0,0,0,0
"OTU2405.p__Aphelidiomycota.g__Aphelidiomycota_gen_Incertae_sedis",0,0,0,0,0,0,0,0,0,0,0,0,0,0,0,0,0,0,0,0,0,0,0,0,0
"OTU2407.p__Ascomycota.g__Lasiobolidium",0,0,0,0,0,0,0,0,0,0,0,0,0,0,0,0,0,0,0,0,0,2,0,0,0
"OTU2408.p__Basidiomycota.g__Basidiomycota_gen_Incertae_sedis",0,0,0,0,0,0,0,0,0,0,0,0,0,0,0,0,0,0,0,0,0,0,0,0,0
"OTU2409.p__Mortierellomycota.g__Mortierellomycota_gen_Incertae_sedis",0,0,0,0,0,0,0,0,0,0,0,0,0,0,0,0,0,0,0,0,0,0,0,0,0
"OTU2411.p__Ascomycota.g__Hyphopichia",0,0,0,0,0,0,0,0,0,0,0,0,0,0,0,0,0,0,0,0,0,0,0,0,0
"OTU2412.p__Basidiomycota.g__Coprinopsis",0,0,0,1,0,0,0,0,0,0,0,0,0,0,0,0,0,0,0,0,0,0,0,0,0
"OTU2416.p__Basidiomycota.g__Thanatephorus",0,0,5,0,1,0,0,0,0,0,17,0,0,0,0,0,0,0,0,0,0,0,0,0,0
"OTU2420.p__Ascomycota.g__Pezicula",0,0,0,0,0,0,0,0,0,0,0,0,0,0,0,0,0,0,0,0,0,0,0,0,0
"OTU2421.p__Ascomycota.g__Podospora",0,0,0,0,0,0,0,0,0,0,0,0,0,0,0,0,0,0,0,0,3,0,0,1,0
"OTU2423.p__Fungi_phy_Incertae_sedis.g__Fungi_gen_Incertae_sedis",0,0,0,0,0,0,0,0,0,0,0,0,0,0,0,0,0,0,0,0,0,0,0,0,0
"OTU2426.p__Ascomycota.g__Nullicamyces",0,0,0,0,0,0,0,0,0,0,0,0,0,0,1,0,0,0,0,0,0,0,0,0,0
"OTU2428.p__Ascomycota.g__Herpotrichiellaceae_gen_Incertae_sedis",0,0,0,0,0,0,0,0,0,0,0,0,0,0,0,0,0,0,0,0,0,0,0,0,0
"OTU2429.p__Ascomycota.g__Aphanophora",0,0,0,0,0,0,0,0,0,0,0,0,0,0,1,0,1,0,0,0,1,0,0,0,0
"OTU2430.p__Ascomycota.g__Ascomycota_gen_Incertae_sedis",0,0,0,0,0,0,0,0,0,0,1,0,0,0,0,0,0,0,0,0,0,0,0,0,0
"OTU2431.p__Ascomycota.g__Nectria",0,0,12,0,0,0,0,0,0,0,10,0,0,0,0,0,0,0,0,0,0,0,0,0,0
"OTU2432.p__Chytridiomycota.g__Chytridiomycota_gen_Incertae_sedis",0,0,0,0,0,0,0,0,0,0,0,0,0,0,0,0,0,0,0,0,0,0,0,0,0
"OTU2434.p__Ascomycota.g__Pithoascus",0,0,0,0,0,0,0,0,0,0,0,0,0,0,0,0,0,0,0,0,0,0,0,0,0
"OTU2435.p__Ascomycota.g__Fusarium",0,0,0,0,0,0,0,0,0,0,0,0,0,0,0,0,0,0,0,0,0,0,0,0,0
"OTU2436.p__Fungi_phy_Incertae_sedis.g__Fungi_gen_Incertae_sedis",0,0,0,0,0,0,0,0,0,0,0,0,0,0,0,0,0,0,0,0,0,1,0,0,0
"OTU2438.p__Basidiomycota.g__Thelephorales_gen_Incertae_sedis",0,0,0,0,0,0,0,0,0,0,0,0,0,0,0,0,0,1,0,0,0,0,0,0,0
"OTU2439.p__Ascomycota.g__Arachnomyces",0,0,0,0,0,0,0,0,0,0,0,0,0,0,0,1,0,0,0,0,0,0,0,0,0
"OTU2442.p__Fungi_phy_Incertae_sedis.g__Fungi_gen_Incertae_sedis",0,0,0,0,0,0,0,0,0,0,0,0,0,1,0,0,0,0,0,0,0,0,0,4,0
"OTU2443.p__Fungi_phy_Incertae_sedis.g__Fungi_gen_Incertae_sedis",0,0,0,0,0,0,0,0,0,0,0,0,0,0,0,0,0,0,0,0,0,0,0,0,0
"OTU2444.p__Ascomycota.g__Chaetomiaceae_gen_Incertae_sedis",0,0,9,0,0,0,3,0,0,0,11,0,0,0,0,0,0,0,0,0,0,0,0,0,0
"OTU2445.p__Chytridiomycota.g__Kochiomyces",0,0,0,0,0,0,0,0,0,0,0,0,0,0,0,0,2,0,0,0,0,0,0,0,0
"OTU2446.p__Glomeromycota.g__Dominikia",0,0,0,0,0,0,0,0,0,0,0,0,0,0,0,0,0,0,0,0,0,0,0,0,0
"OTU2447.p__Calcarisporiellomycota.g__Calcarisporiella",0,0,0,0,0,0,0,0,0,0,0,0,0,0,0,0,0,0,0,0,0,0,0,0,0
"OTU2448.p__Ascomycota.g__Fusarium",0,0,0,0,0,0,0,0,0,0,0,0,0,0,0,0,0,0,0,0,0,1,0,0,0
"OTU2449.p__Mortierellomycota.g__Mortierellaceae_gen_Incertae_sedis",0,0,0,0,0,0,0,0,0,0,0,0,0,0,0,0,0,0,0,0,0,0,0,0,0
"OTU2450.p__Ascomycota.g__Ascomycota_gen_Incertae_sedis",0,0,1,0,0,0,0,0,0,0,0,0,0,0,0,0,0,0,0,0,0,0,0,0,0
"OTU2451.p__Ascomycota.g__Blumeria",0,0,2,0,0,0,0,0,0,0,0,0,0,0,0,0,0,0,0,0,0,0,0,0,0
"OTU2453.p__Ascomycota.g__Lophiostoma",0,0,0,0,0,0,0,0,0,0,0,0,0,0,0,0,0,0,0,0,0,0,0,0,0
"OTU2454.p__Glomeromycota.g__Diversispora",0,0,0,0,0,0,0,0,0,0,0,0,0,0,0,0,0,0,0,0,0,1,0,0,0
"OTU2455.p__Ascomycota.g__Ascomycota_gen_Incertae_sedis",0,0,0,0,0,0,0,0,0,0,0,0,0,0,0,0,0,0,0,0,0,0,0,1,0
"OTU2456.p__Basidiomycota.g__Geastrales_gen_Incertae_sedis",0,0,0,0,0,0,1,0,0,0,0,0,0,0,0,0,0,0,0,0,0,1,0,1,0
"OTU2459.p__Ascomycota.g__Longihyalospora",0,0,0,0,0,0,0,0,1,0,0,0,0,0,1,0,1,0,0,0,1,0,0,0,0
"OTU2462.p__Mucoromycota.g__Absidia",0,0,0,0,0,0,0,0,0,0,1,0,0,0,0,0,0,0,0,0,0,0,0,0,0
"OTU2463.p__Chytridiomycota.g__Chytridiomycota_gen_Incertae_sedis",0,0,0,0,0,0,0,0,0,0,1,0,0,0,0,0,0,0,0,0,0,0,0,0,0
"OTU2464.p__Ascomycota.g__Fusarium",0,0,0,0,0,0,0,0,0,0,0,0,0,0,0,0,0,0,0,0,0,0,0,0,0
"OTU2466.p__Basidiomycota.g__Coprinellus",0,0,33,0,0,0,0,0,0,0,22,0,0,0,0,0,0,0,0,0,0,0,0,0,0
"OTU2468.p__Ascomycota.g__Fusarium",0,0,0,0,0,0,0,0,0,2,0,0,0,0,0,0,0,0,0,0,0,0,0,0,0
"OTU2483.p__Ascomycota.g__Wardomycopsis",0,0,0,0,0,0,0,0,0,0,0,0,0,0,0,0,0,0,0,0,0,0,0,0,0
"OTU2484.p__Basidiomycota.g__Ustilago",0,0,0,0,0,0,0,0,0,0,0,0,0,0,0,0,0,0,0,0,0,0,0,0,0
"OTU2485.p__Ascomycota.g__Pezizomycotina_gen_Incertae_sedis",0,0,0,0,0,0,0,0,0,0,0,0,0,0,0,0,0,0,0,0,0,1,0,0,0
"OTU2486.p__Ascomycota.g__Ophiocordycipitaceae_gen_Incertae_sedis",0,0,0,0,0,0,0,0,0,0,0,3,0,0,0,0,0,0,0,0,0,0,0,0,0
"OTU2488.p__Fungi_phy_Incertae_sedis.g__Fungi_gen_Incertae_sedis",0,0,1,0,0,0,0,0,0,0,0,0,0,0,3,0,0,0,0,0,0,0,0,0,0
"OTU2489.p__Basidiomycota.g__Exobasidiales_gen_Incertae_sedis",0,0,0,0,0,0,0,0,0,0,0,0,0,0,1,0,1,0,0,0,0,0,0,0,0
"OTU2490.p__Ascomycota.g__Acremonium",0,0,0,0,0,0,0,0,0,0,0,0,0,0,1,0,0,0,0,0,0,0,0,0,0
"OTU2491.p__Ascomycota.g__Teratoramularia",0,0,0,0,0,0,0,0,0,0,0,0,0,0,1,0,3,0,0,0,2,0,0,0,0
"OTU2492.p__Ascomycota.g__Fusarium",0,0,0,0,0,0,0,0,0,0,0,0,0,0,2,0,0,0,0,0,0,0,0,0,0
"OTU2493.p__Ascomycota.g__Chaetothyriales_gen_Incertae_sedis",0,0,0,0,0,0,0,0,0,0,0,0,0,0,1,0,2,0,0,0,1,0,0,0,0
"OTU2494.p__Ascomycota.g__Onygenales_gen_Incertae_sedis",0,0,0,0,0,0,0,0,0,0,0,0,0,1,0,1,0,0,0,0,0,0,0,0,0
"OTU2495.p__Ascomycota.g__Sordariales_gen_Incertae_sedis",0,0,0,0,0,0,0,0,0,0,0,0,0,0,0,2,0,2,0,1,0,0,0,0,0
"OTU2496.p__Basidiomycota.g__Auriculariales_gen_Incertae_sedis",0,0,0,0,0,0,0,0,0,0,0,0,0,0,0,1,0,0,0,0,0,0,0,0,0
"OTU2497.p__Ascomycota.g__Paecilomyces",0,0,0,0,0,0,0,0,0,0,0,0,0,0,0,0,0,0,0,0,0,0,0,0,0
"OTU2498.p__Chytridiomycota.g__Betamyces",0,0,0,0,0,0,0,0,0,0,0,0,0,0,0,0,0,1,0,0,0,0,0,0,0
"OTU2499.p__Ascomycota.g__Acremonium",0,0,0,0,0,0,0,0,0,0,0,0,0,0,0,0,0,0,0,0,0,1,0,0,0
"OTU2500.p__Basidiomycota.g__Conocybe",0,0,0,0,0,0,0,0,0,0,0,0,0,0,0,0,0,0,0,0,0,2,0,0,0
"OTU2501.p__Fungi_phy_Incertae_sedis.g__Fungi_gen_Incertae_sedis",0,0,0,0,0,0,0,0,0,0,0,0,0,0,0,0,0,0,0,0,0,0,0,0,0
"OTU2502.p__Ascomycota.g__Neocamarosporium",0,0,0,0,0,0,0,0,0,0,0,0,0,0,0,0,0,0,0,0,0,0,0,0,0
"OTU2505.p__Ascomycota.g__Sordariales_gen_Incertae_sedis",0,0,3,0,0,0,0,0,0,0,0,0,0,0,0,0,0,0,0,0,0,0,0,0,0
"OTU2506.p__Basidiomycota.g__Auriculariales_gen_Incertae_sedis",0,1,2,0,0,0,0,0,0,0,0,0,0,0,0,0,0,0,0,0,0,1,0,0,0
"OTU2508.p__Ascomycota.g__Remersonia",0,0,0,0,0,0,0,0,0,0,0,0,0,0,0,0,0,0,0,0,0,2,0,0,1
"OTU2509.p__Ascomycota.g__Fusarium",0,0,0,0,0,0,0,0,0,0,0,0,0,0,1,0,0,0,0,0,0,0,0,0,0
"OTU2510.p__Glomeromycota.g__Archaeospora",0,0,0,0,0,0,0,0,0,0,0,0,0,0,0,0,0,0,0,0,0,0,0,0,0
"OTU2511.p__Basidiomycota.g__Polyporales_gen_Incertae_sedis",0,0,0,0,0,0,0,0,0,0,0,0,0,0,0,0,0,0,0,0,0,0,0,0,2
"OTU2513.p__Ascomycota.g__Fusarium",0,0,0,0,0,0,0,0,0,0,0,0,0,0,0,0,0,0,0,0,0,0,0,0,0
"OTU2514.p__Ascomycota.g__Ascomycota_gen_Incertae_sedis",0,0,0,0,0,0,0,0,0,0,0,0,0,0,0,0,0,0,0,0,0,0,0,0,0
"OTU2517.p__Basidiomycota.g__Amauroderma",0,0,0,0,0,0,0,0,0,0,0,0,0,0,1,0,0,0,0,0,0,0,0,0,0
"OTU2518.p__Ascomycota.g__Brachychaeta",3,0,0,0,0,0,0,0,0,0,0,0,0,0,0,0,0,0,0,0,0,0,0,0,0
"OTU2520.p__Fungi_phy_Incertae_sedis.g__Fungi_gen_Incertae_sedis",0,0,1,1,0,0,0,0,0,1,0,0,0,0,0,0,0,0,0,0,0,0,0,0,0
"OTU2523.p__Basidiomycota.g__Bannoa",0,0,0,0,0,0,0,0,0,0,0,0,0,0,2,0,0,0,0,0,1,0,0,0,0
"OTU2524.p__Basidiomycota.g__Psathyrella",0,0,0,0,0,0,0,0,0,0,0,0,0,0,0,0,0,0,0,0,0,0,0,0,0
"OTU2527.p__Mortierellomycota.g__Mortierella",0,0,2,1,0,0,0,0,0,0,0,0,0,0,0,0,0,0,0,0,0,0,0,0,0
"OTU2528.p__Fungi_phy_Incertae_sedis.g__Fungi_gen_Incertae_sedis",1,0,0,0,0,0,0,0,0,0,0,0,0,0,0,0,0,0,0,0,0,0,0,0,0
"OTU2529.p__Chytridiomycota.g__Chytridiomycota_gen_Incertae_sedis",2,0,0,0,0,0,0,0,0,0,0,0,0,0,0,0,0,0,0,0,0,0,0,0,0
"OTU2530.p__Basidiomycota.g__Sakaguchia",0,0,10,0,1,0,6,0,0,0,4,0,0,0,0,0,0,0,0,0,0,0,0,0,0
"OTU2532.p__Aphelidiomycota.g__Aphelidiomycota_gen_Incertae_sedis",0,0,0,0,0,0,0,0,0,0,0,0,17,0,0,0,0,1,0,0,0,0,0,0,0
"OTU2538.p__Ascomycota.g__GS35_gen_Incertae_sedis",0,0,0,0,0,0,1,0,0,0,0,0,0,0,0,0,0,0,0,0,0,0,0,0,0
"OTU2539.p__Ascomycota.g__Pezicula",0,0,1,0,0,0,0,0,0,0,0,0,0,0,0,0,0,0,0,0,0,0,0,0,0
"OTU2542.p__Basidiomycota.g__Vishniacozyma",0,0,0,0,0,0,0,0,0,0,0,0,0,0,0,0,0,0,0,0,0,0,0,0,0
"OTU2547.p__Glomeromycota.g__Glomus",0,0,0,0,0,0,0,0,0,0,0,0,0,0,0,0,0,0,0,0,0,0,0,0,0
"OTU2548.p__Ascomycota.g__Fusarium",0,0,0,0,0,0,0,0,0,0,0,0,0,0,0,0,0,0,0,0,0,0,0,0,0
"OTU2549.p__Mortierellomycota.g__Mortierella",0,0,0,0,0,0,0,0,0,0,0,0,0,0,0,0,0,0,0,0,0,0,0,0,0
"OTU2550.p__Ascomycota.g__Cladophialophora",0,0,0,0,0,0,0,0,0,0,0,0,0,0,0,0,0,0,0,0,1,0,0,0,0
"OTU2551.p__Ascomycota.g__Fusarium",0,0,0,0,0,0,0,0,0,0,1,0,0,0,0,0,0,0,0,0,0,0,0,0,0
"OTU2554.p__Basidiomycota.g__Ceratobasidiaceae_gen_Incertae_sedis",0,0,0,0,0,0,0,0,0,0,0,0,0,0,1,0,1,0,0,0,0,0,0,0,0
"OTU2555.p__Basidiomycota.g__Hannaella",0,0,0,0,0,0,0,0,0,0,0,0,0,0,0,0,0,0,0,0,0,0,0,0,0
"OTU2557.p__Ascomycota.g__Cyphellophora",0,0,0,0,0,0,0,0,0,0,0,0,0,0,1,0,0,0,0,0,1,0,0,0,0
"OTU2559.p__Monoblepharomycota.g__Monoblepharidales_gen_Incertae_sedis",0,0,0,0,0,0,0,0,0,0,0,0,0,0,0,0,0,0,1,0,0,0,0,0,0
"OTU2560.p__Mucoromycota.g__Cunninghamella",0,0,0,0,0,0,0,0,0,0,0,0,0,0,0,0,0,0,0,1,0,0,0,0,0
"OTU2561.p__Basidiomycota.g__Auriculariales_gen_Incertae_sedis",0,0,0,0,0,0,0,0,0,0,0,0,0,0,4,0,0,0,0,0,0,0,0,0,0
"OTU2562.p__Basidiomycota.g__Carlosrosaea",0,0,0,0,0,0,0,0,0,0,0,0,0,0,0,0,0,0,0,0,0,0,0,0,0
"OTU2563.p__Ascomycota.g__Phyllosticta",0,0,1,0,0,0,0,0,0,0,0,0,0,0,2,0,0,0,0,0,0,0,0,0,0
"OTU2564.p__Ascomycota.g__Chaetothyriales_gen_Incertae_sedis",0,0,0,0,0,0,0,0,0,0,0,0,0,0,3,0,0,0,0,0,0,0,0,0,0
"OTU2565.p__Basidiomycota.g__Auriculariales_gen_Incertae_sedis",0,0,0,0,0,0,0,0,0,0,0,0,0,0,1,0,0,0,0,0,1,0,0,0,0
"OTU2566.p__Basidiomycota.g__Auriculariales_gen_Incertae_sedis",0,0,0,0,0,0,0,0,0,1,0,0,0,0,0,0,0,0,0,0,1,0,0,0,0
"OTU2568.p__Ascomycota.g__Pezicula",0,0,0,0,0,0,0,0,0,0,0,0,0,0,0,1,0,0,0,0,0,0,0,0,0
"OTU2569.p__Ascomycota.g__Dothideomycetes_gen_Incertae_sedis",0,0,0,0,0,0,0,0,0,0,0,0,0,0,0,0,0,0,0,0,0,1,0,0,0
"OTU2570.p__Ascomycota.g__Fusarium",0,0,0,0,0,0,0,0,0,0,0,0,0,0,0,0,0,0,0,0,0,0,0,0,0
"OTU2571.p__Ascomycota.g__Aspergillus",0,0,0,0,0,0,0,0,0,0,0,0,0,0,0,0,0,0,0,0,0,0,0,0,0
"OTU2572.p__Chytridiomycota.g__Rhizophlyctidales_gen_Incertae_sedis",0,0,0,0,0,0,0,0,0,0,0,1,0,0,0,0,0,0,0,0,0,0,0,0,0
"OTU2573.p__Basidiomycota.g__Lacrymaria",0,0,0,0,0,0,0,0,1,0,0,0,0,0,0,0,0,0,1,0,0,0,0,0,0
"OTU2574.p__Glomeromycota.g__Glomus",0,0,0,0,0,0,0,0,0,0,0,0,0,0,0,0,0,0,0,1,0,0,0,0,0
"OTU2579.p__Ascomycota.g__Cladosporium",0,0,4,0,0,0,0,0,0,0,2,0,0,0,0,0,0,0,0,0,0,0,0,0,0
"OTU2580.p__Ascomycota.g__Madurella",0,0,1,0,0,0,0,0,0,0,0,0,0,0,0,0,0,0,0,0,0,0,0,0,0
"OTU2581.p__Ascomycota.g__Stolonocarpus",0,0,2,0,0,0,0,0,0,0,7,0,0,0,0,0,0,0,0,0,0,0,0,0,0
"OTU2582.p__Basidiomycota.g__Basidiomycota_gen_Incertae_sedis",0,0,0,0,0,0,0,0,0,0,0,0,0,0,0,0,0,0,0,0,0,0,0,0,0
"OTU2583.p__Ascomycota.g__Apiospora",0,0,0,0,0,0,0,0,0,0,1,0,0,0,0,0,0,0,0,0,0,0,0,0,0
"OTU2584.p__Ascomycota.g__Xenoanthostomella",0,0,0,0,0,0,0,0,0,0,0,0,0,0,0,0,0,0,0,0,0,1,0,0,0
"OTU2585.p__Ascomycota.g__Metacordyceps",0,0,0,0,0,0,0,0,0,0,0,0,0,0,0,0,0,0,0,0,0,0,0,0,0
"OTU2586.p__Ascomycota.g__Sordariales_gen_Incertae_sedis",0,0,0,0,0,0,0,0,0,0,0,0,0,0,0,0,0,0,0,0,0,0,0,0,0
"OTU2588.p__Basidiomycota.g__Clavaria",0,0,0,0,0,0,0,0,0,0,0,0,0,0,0,0,0,0,0,0,0,0,1,0,0
"OTU2589.p__Glomeromycota.g__Glomus",0,0,0,0,0,0,0,0,0,0,0,0,0,0,0,0,0,0,0,0,0,0,0,1,0
"OTU2590.p__Basidiomycota.g__Basidiomycota_gen_Incertae_sedis",0,0,0,0,0,0,0,0,0,0,0,0,0,0,0,0,0,0,0,0,0,0,0,0,0
"OTU2591.p__Glomeromycota.g__Rhizophagus",0,0,0,0,0,0,0,0,0,0,0,0,0,0,0,0,0,0,0,0,0,0,0,0,0
"OTU2595.p__Ascomycota.g__Tricladium",0,0,0,0,0,0,0,0,0,0,0,0,0,0,1,0,2,0,0,0,3,0,0,0,0
"OTU2599.p__Ascomycota.g__Pezicula",0,0,0,0,0,0,0,0,0,0,0,0,0,0,0,0,0,0,0,0,0,0,0,0,0
"OTU2602.p__Ascomycota.g__Fusarium",0,0,0,0,0,0,0,0,0,0,0,0,0,0,0,0,0,0,0,0,0,0,0,0,0
"OTU2603.p__Ascomycota.g__Trichomerium",0,0,0,0,0,0,0,2,0,0,0,0,0,0,0,0,0,0,0,0,0,0,0,0,0
"OTU2604.p__Ascomycota.g__Dothideomycetes_gen_Incertae_sedis",0,0,0,0,0,0,0,0,0,0,0,0,0,0,0,0,0,0,0,0,0,1,1,0,0
"OTU2605.p__Chytridiomycota.g__Betamyces",0,0,0,1,0,0,0,0,0,0,0,0,0,0,0,0,0,0,0,0,0,0,0,0,0
"OTU2607.p__Ascomycota.g__Fusarium",0,0,0,0,0,0,0,0,0,0,0,0,0,0,0,0,0,0,0,0,0,0,0,0,0
"OTU2610.p__Ascomycota.g__Fusarium",0,0,0,0,0,0,0,0,0,0,0,0,0,0,0,0,0,0,0,0,0,0,0,0,0
"OTU2612.p__Chytridiomycota.g__Chytridiomycota_gen_Incertae_sedis",0,0,0,0,0,0,0,0,0,0,0,0,0,0,0,0,0,0,0,0,0,0,0,0,0
"OTU2614.p__Glomeromycota.g__Glomeraceae_gen_Incertae_sedis",0,0,0,0,0,0,0,0,0,0,0,0,0,0,0,0,0,0,0,0,0,0,0,0,0
"OTU2619.p__Basidiomycota.g__Coprinopsis",0,0,0,0,0,0,0,0,0,0,0,0,0,0,0,0,0,0,0,0,0,0,0,0,0
"OTU2620.p__Basidiomycota.g__Auriculariales_gen_Incertae_sedis",0,0,0,0,0,0,0,0,0,0,0,0,0,0,2,0,0,0,0,0,0,0,0,0,0
"OTU2622.p__Ascomycota.g__Monosporascus",0,0,0,0,0,0,0,0,0,0,0,0,0,0,0,0,0,0,0,0,1,0,0,0,0
"OTU2624.p__Ascomycota.g__Beauveria",0,0,0,0,0,0,0,0,0,3,0,0,0,0,1,0,3,0,0,0,0,0,0,0,0
"OTU2625.p__Ascomycota.g__Knufia",0,0,0,0,0,0,0,0,0,0,0,0,0,0,1,0,0,0,0,0,0,0,0,0,0
"OTU2627.p__Calcarisporiellomycota.g__Calcarisporiella",0,0,0,0,0,0,0,0,0,0,0,0,0,0,0,0,0,0,0,0,0,0,0,0,0
"OTU2628.p__Ascomycota.g__Saccharomycopsis",0,0,0,0,0,0,0,0,0,0,0,0,0,3,1,0,0,0,0,0,1,0,0,0,0
"OTU2629.p__Ascomycota.g__Lasiodiplodia",0,0,0,0,0,0,0,0,0,0,0,0,0,0,1,0,0,0,0,0,1,0,0,0,0
"OTU2630.p__Zoopagomycota.g__Syncephalis",0,0,0,0,0,0,0,0,0,0,0,0,0,0,0,1,0,0,0,0,0,0,0,0,0
"OTU2631.p__Ascomycota.g__Fusarium",0,0,0,0,0,0,0,0,0,0,0,0,0,0,0,0,0,0,0,0,0,0,0,0,0
"OTU2632.p__Fungi_phy_Incertae_sedis.g__Fungi_gen_Incertae_sedis",0,0,0,0,0,0,0,0,0,0,0,0,0,0,0,0,0,0,0,0,0,0,0,0,0
"OTU2633.p__Fungi_phy_Incertae_sedis.g__Fungi_gen_Incertae_sedis",0,0,0,0,0,0,0,0,0,0,0,0,0,0,0,0,0,0,0,0,0,0,0,0,0
"OTU2634.p__Ascomycota.g__Teratoramularia",0,0,0,0,0,0,0,0,0,0,0,0,0,0,1,0,0,0,0,0,2,0,0,0,0
"OTU2635.p__Ascomycota.g__Fusarium",0,0,0,0,0,0,0,0,0,0,0,0,0,0,0,0,0,0,0,0,0,0,0,0,0
"OTU2636.p__Basidiomycota.g__Tulostoma",0,0,0,0,0,0,0,0,0,0,0,0,0,0,0,0,0,0,0,0,0,0,0,0,0
"OTU2637.p__Entomophthoromycota.g__Conidiobolus",0,0,0,0,0,0,0,0,0,0,0,0,0,0,0,0,0,0,0,0,0,0,0,0,0
"OTU2638.p__Ascomycota.g__Pleosporales_gen_Incertae_sedis",0,0,0,0,0,0,0,0,0,0,0,0,0,0,0,0,0,0,0,0,0,0,0,0,0
"OTU2641.p__Basidiomycota.g__Lindtneria",0,0,0,0,0,0,0,0,0,0,0,0,0,0,0,0,0,0,0,0,0,0,0,0,0
"OTU2642.p__Ascomycota.g__Coniochaeta",0,0,0,0,0,0,0,0,0,0,0,0,0,0,0,0,0,0,0,0,0,0,0,0,0
"OTU2643.p__Chytridiomycota.g__Powellomycetaceae_gen_Incertae_sedis",0,0,0,0,0,0,0,0,0,0,0,0,0,0,0,0,0,0,0,0,0,0,0,0,0
"OTU2644.p__Fungi_phy_Incertae_sedis.g__Fungi_gen_Incertae_sedis",0,0,0,0,0,0,0,0,0,1,0,0,0,0,0,0,0,0,0,0,0,0,0,0,0
"OTU2645.p__Glomeromycota.g__Glomeraceae_gen_Incertae_sedis",0,0,0,0,0,0,0,0,0,0,0,0,0,0,0,0,0,0,0,0,1,0,1,0,0
"OTU2646.p__Glomeromycota.g__Pervetustus",0,0,0,0,0,0,0,0,0,0,0,0,0,0,0,0,0,0,0,0,0,0,0,0,0
"OTU2647.p__Chytridiomycota.g__Chytridiomycota_gen_Incertae_sedis",0,0,0,0,0,0,0,0,0,0,0,0,0,0,0,0,0,0,0,0,0,0,0,0,0
"OTU2649.p__Basidiomycota.g__Bolbitiaceae_gen_Incertae_sedis",0,0,0,0,0,0,0,0,0,0,0,0,0,0,0,0,0,0,0,0,0,0,0,0,0
"OTU2650.p__Ascomycota.g__Chrysosporium",0,0,0,0,0,0,0,0,0,0,0,0,0,0,0,0,0,0,0,0,0,0,0,0,0
"OTU2651.p__Ascomycota.g__Chaetothyrina",0,0,0,0,0,0,0,0,0,0,0,0,0,0,0,0,0,0,0,0,0,0,0,0,0
"OTU2656.p__Glomeromycota.g__Rhizophagus",0,0,0,0,0,0,0,0,0,0,0,0,0,0,0,0,0,0,0,0,0,0,0,0,0
"OTU2658.p__Ascomycota.g__Scolecobasidium",0,0,0,0,0,0,0,0,0,0,0,0,0,0,0,0,0,0,0,0,0,0,0,0,0
"OTU2659.p__Ascomycota.g__Paraphoma",0,0,10,0,0,0,1,0,0,0,9,0,0,0,0,0,0,0,0,0,0,0,0,0,0
"OTU2660.p__Ascomycota.g__Pezicula",0,0,0,0,0,0,0,0,0,0,0,0,0,0,0,0,0,0,0,0,0,0,0,0,0
"OTU2661.p__Ascomycota.g__Pulvinula",0,0,0,0,0,0,0,0,0,0,0,0,0,0,0,0,0,0,0,0,0,0,0,0,0
"OTU2665.p__Ascomycota.g__Gymnascella",0,0,0,0,0,0,1,0,0,0,0,0,0,0,0,0,0,0,0,0,0,0,0,0,0
"OTU2666.p__Ascomycota.g__Coniosporium",0,0,0,0,0,0,0,0,0,0,0,0,0,0,0,0,0,0,0,0,0,0,0,0,0
"OTU2668.p__Glomeromycota.g__Glomus",0,0,0,0,0,0,0,0,0,0,0,0,0,0,0,0,0,0,0,0,0,0,0,0,0
"OTU2669.p__Basidiomycota.g__Ustilago",0,0,1,0,0,0,0,0,0,0,2,0,0,0,0,0,0,0,0,0,0,0,0,0,0
"OTU2670.p__Chytridiomycota.g__Chytridiomycota_gen_Incertae_sedis",0,0,2,0,0,0,0,0,0,0,0,0,0,0,0,0,0,0,0,0,0,0,0,0,0
"OTU2671.p__Ascomycota.g__Cryptophiale",0,0,0,0,0,0,0,0,0,0,0,0,0,0,0,0,0,0,0,0,0,0,0,0,0
"OTU2674.p__Basidiomycota.g__Auriculariales_gen_Incertae_sedis",0,0,0,0,0,0,0,0,0,0,0,0,0,0,0,0,0,0,0,0,0,0,0,0,0
"OTU2675.p__Ascomycota.g__Fusarium",0,0,0,0,0,0,0,0,0,0,0,0,0,0,0,0,0,0,0,0,0,0,0,0,0
"OTU2678.p__Basidiomycota.g__Lacrymaria",0,0,0,0,0,0,0,0,0,0,0,0,0,0,0,0,0,0,0,0,0,0,0,0,0
"OTU2680.p__Fungi_phy_Incertae_sedis.g__Fungi_gen_Incertae_sedis",0,0,0,0,0,0,2,0,0,0,0,0,0,0,0,0,0,0,0,0,0,0,0,0,0
"OTU2683.p__Basidiomycota.g__Agaricomycetes_gen_Incertae_sedis",0,0,0,0,0,0,0,0,0,0,0,0,0,0,2,0,0,0,0,0,0,0,0,0,0
"OTU2684.p__Ascomycota.g__Didymella",0,63,3,3,5,1,1,28,5,2,0,104,0,3,44,0,30,0,0,0,32,0,0,1,0
"OTU2686.p__Basidiomycota.g__Hannaella",0,0,0,0,0,0,0,0,0,0,0,0,0,0,0,0,2,0,0,0,0,0,0,0,0
"OTU2687.p__Ascomycota.g__Arachnomyces",0,0,0,0,0,0,0,0,0,0,0,0,0,0,0,1,0,0,0,0,0,0,0,0,0
"OTU2691.p__Ascomycota.g__Pezicula",0,0,0,0,0,0,0,0,0,0,0,0,0,0,0,0,0,0,0,0,0,0,0,0,0
"OTU2692.p__Basidiomycota.g__Coprinopsis",0,0,0,0,0,0,0,0,0,0,0,0,0,0,0,0,0,0,0,0,0,0,0,0,0
"OTU2693.p__Basidiomycota.g__Coprinopsis",0,0,0,0,0,0,0,0,0,0,1,0,0,0,0,0,0,0,0,0,0,0,0,0,0
"OTU2694.p__Basidiomycota.g__Thelephora",0,0,0,0,0,0,0,0,0,0,0,0,0,0,1,0,0,0,0,0,2,0,0,0,0
"OTU2695.p__Ascomycota.g__Corticifraga",0,0,0,0,0,0,0,0,0,0,0,0,0,0,2,0,0,0,0,0,0,0,0,0,0
"OTU2696.p__Ascomycota.g__Ceramothyrium",0,0,0,0,0,0,0,0,0,0,0,0,0,0,1,0,0,0,0,0,0,0,0,0,0
"OTU2697.p__Mortierellomycota.g__Linnemannia",0,0,0,0,0,0,0,0,0,0,0,0,0,0,1,0,0,0,0,0,0,0,0,1,0
"OTU2698.p__Basidiomycota.g__Auriculariales_gen_Incertae_sedis",0,0,0,0,0,0,0,0,0,0,0,0,0,0,1,0,1,0,0,0,0,0,0,0,0
"OTU2699.p__Basidiomycota.g__Auriculariales_gen_Incertae_sedis",0,0,0,0,0,0,0,0,0,0,0,0,0,0,2,0,0,0,0,0,1,0,0,0,0
"OTU2700.p__Ascomycota.g__Sulcosporium",0,0,1,0,0,0,0,0,0,0,0,0,0,0,2,0,1,0,0,0,0,0,0,0,0
"OTU2701.p__Ascomycota.g__Chaetothyriales_gen_Incertae_sedis",0,0,0,0,0,0,0,0,0,0,0,0,0,0,1,0,1,0,0,0,0,0,0,0,0
"OTU2702.p__Ascomycota.g__Capnodium",0,0,0,0,0,0,0,0,0,0,0,0,0,0,1,0,1,0,0,0,0,0,0,0,0
"OTU2703.p__Ascomycota.g__Lasiosphaeriaceae_gen_Incertae_sedis",0,0,0,0,0,0,0,0,0,0,0,0,0,0,0,0,0,0,0,0,0,0,0,0,0
"OTU2704.p__Ascomycota.g__Leptodontidium",0,0,0,0,0,0,0,0,0,0,0,0,0,0,0,0,0,0,0,0,0,0,0,0,0
"OTU2705.p__Basidiomycota.g__Auriculariales_gen_Incertae_sedis",0,0,0,0,0,0,0,0,0,0,0,0,0,0,0,0,0,0,0,0,1,0,0,0,0
"OTU2706.p__Basidiomycota.g__Basidiomycota_gen_Incertae_sedis",0,0,0,0,0,0,0,0,0,0,0,0,0,0,0,0,0,0,1,0,0,0,0,0,0
"OTU2707.p__Glomeromycota.g__Diversisporaceae_gen_Incertae_sedis",0,0,0,0,0,0,0,0,0,0,0,0,0,0,0,0,0,0,0,0,0,0,0,0,0
"OTU2708.p__Basidiomycota.g__Agaricus",0,0,0,0,0,0,0,0,0,0,0,0,0,0,0,0,0,0,2,0,0,0,0,0,0
"OTU2709.p__Ascomycota.g__Sordariales_gen_Incertae_sedis",0,0,0,0,0,0,0,0,0,0,0,0,0,0,0,0,0,0,0,0,0,0,0,0,0
"OTU2710.p__Basidiomycota.g__Lyomyces",0,0,0,0,0,0,0,0,0,0,0,0,0,0,0,0,0,0,1,0,0,0,0,0,0
"OTU2711.p__Mortierellomycota.g__Mortierellales_gen_Incertae_sedis",0,0,0,0,0,0,0,0,0,0,0,0,0,0,0,0,0,0,0,0,0,0,0,0,0
"OTU2713.p__Basidiomycota.g__Tulostoma",0,0,0,0,0,0,0,0,0,0,0,0,0,0,0,0,0,0,0,0,0,0,0,0,0
"OTU2714.p__Aphelidiomycota.g__Aphelidiomycota_gen_Incertae_sedis",0,0,0,0,0,0,0,0,0,0,0,0,0,0,0,0,0,0,0,0,0,0,0,0,0
"OTU2715.p__Ascomycota.g__Trichoglossum",0,0,0,0,0,0,0,0,0,0,0,0,0,0,0,0,0,0,0,0,0,0,0,0,0
"OTU2719.p__Ascomycota.g__Cephalotrichum",0,0,3,0,0,0,0,0,0,0,1,0,0,0,0,0,0,0,0,0,0,0,0,0,0
"OTU2721.p__Ascomycota.g__Ascomycota_gen_Incertae_sedis",0,0,1,0,0,0,1,0,0,0,0,0,0,0,0,0,0,0,0,0,0,0,0,0,0
"OTU2722.p__Ascomycota.g__Ascomycota_gen_Incertae_sedis",0,0,0,0,0,0,0,0,0,0,0,0,0,0,0,0,0,0,0,0,0,0,0,0,0
"OTU2723.p__Basidiomycota.g__Brachybasidiaceae_gen_Incertae_sedis",0,0,2,0,0,0,0,0,0,0,0,0,0,0,0,0,0,0,0,0,0,0,0,0,0
"OTU2724.p__Ascomycota.g__Trichocladium",0,0,0,0,0,0,0,0,0,0,0,0,0,0,0,0,0,0,0,0,0,0,0,0,0
"OTU2725.p__Fungi_phy_Incertae_sedis.g__Fungi_gen_Incertae_sedis",0,0,1,0,0,0,0,0,0,0,5,0,0,0,0,0,0,0,0,0,0,0,0,0,0
"OTU2726.p__Ascomycota.g__Alternaria",0,0,2,0,1,0,0,0,0,0,2,0,0,0,0,0,0,0,0,0,0,0,0,0,0
"OTU2727.p__Ascomycota.g__Preussia",0,0,0,0,0,0,0,0,0,0,0,0,0,0,0,0,0,0,0,1,0,0,0,0,0
"OTU2728.p__Glomeromycota.g__Glomeraceae_gen_Incertae_sedis",0,0,0,0,0,0,0,0,0,0,0,0,0,0,0,0,0,0,0,0,0,0,0,0,0
"OTU2729.p__Basidiomycota.g__Bolbitiaceae_gen_Incertae_sedis",0,0,0,0,0,0,0,0,0,0,0,0,0,0,0,0,0,0,0,0,0,0,0,0,0
"OTU2731.p__Ascomycota.g__GS35_gen_Incertae_sedis",0,0,0,0,0,0,0,0,0,0,0,0,0,0,0,0,0,0,0,0,0,0,0,0,0
"OTU2732.p__Basidiomycota.g__Agaricomycetes_gen_Incertae_sedis",0,0,0,0,0,0,0,0,0,0,0,0,0,0,0,0,0,0,0,0,0,0,0,0,0
"OTU2733.p__Basidiomycota.g__Apiotrichum",0,0,0,0,0,0,1,0,0,0,0,0,0,0,1,0,3,0,0,0,1,0,0,0,0
"OTU2734.p__Basidiomycota.g__Sakaguchia",0,0,0,0,0,0,0,0,0,0,0,0,0,0,0,0,0,0,0,0,0,0,0,0,0
"OTU2737.p__Ascomycota.g__Fusarium",0,0,0,0,0,0,0,0,0,0,0,0,0,0,0,0,0,0,0,0,0,0,0,0,0
"OTU2738.p__Ascomycota.g__Ramichloridium",0,0,0,0,0,0,0,0,0,0,0,0,0,0,0,0,0,0,0,0,0,0,0,0,0
"OTU2746.p__Mortierellomycota.g__Mortierella",0,0,0,0,0,0,0,0,0,0,0,0,0,0,0,0,0,0,0,0,0,0,0,0,0
"OTU2747.p__Ascomycota.g__Paurocotylis",0,0,0,0,0,0,0,0,0,0,0,0,0,0,0,0,0,0,0,0,0,0,0,0,0
"OTU2750.p__Ascomycota.g__Pseudogymnoascus",0,0,0,0,0,0,0,0,1,0,0,0,0,0,0,0,0,0,0,0,0,0,0,0,0
"OTU2758.p__Ascomycota.g__Pectenia",0,0,0,0,0,0,0,0,0,0,0,0,0,0,0,0,0,0,0,0,0,0,0,0,0
"OTU2759.p__Basidiomycota.g__Trimorphomycetaceae_gen_Incertae_sedis",0,0,0,0,0,0,0,0,0,0,0,0,0,0,1,0,0,0,0,0,0,0,0,0,0
"OTU2761.p__Chytridiomycota.g__Betamyces",0,0,0,0,0,0,0,0,0,0,1,0,0,0,0,0,0,0,0,0,0,0,0,0,0
"OTU2765.p__Basidiomycota.g__Auriculariales_gen_Incertae_sedis",0,0,0,0,0,0,0,0,0,0,0,0,0,0,0,0,0,0,0,0,0,0,0,0,0
"OTU2767.p__Ascomycota.g__Lecythophora",0,0,0,0,0,0,0,0,0,0,0,0,0,0,0,0,0,0,0,0,0,0,0,0,0
"OTU2771.p__Ascomycota.g__Sordariomycetes_gen_Incertae_sedis",0,0,0,0,0,0,0,0,0,0,0,0,0,0,0,0,0,0,0,0,0,0,0,0,0
"OTU2776.p__Basidiomycota.g__Dioszegia",0,0,0,0,0,0,0,0,0,1,0,0,0,0,0,0,0,0,0,0,0,0,0,0,0
"OTU2777.p__Ascomycota.g__Hansfordia",0,0,0,0,0,0,0,0,0,0,0,0,0,0,0,0,2,0,0,0,0,0,0,0,0
"OTU2778.p__Ascomycota.g__Neoroussoella",0,0,0,0,0,0,0,0,0,0,0,0,0,0,1,0,0,0,0,0,0,0,0,0,0
"OTU2780.p__Basidiomycota.g__Auriculariales_gen_Incertae_sedis",0,0,0,0,0,0,0,0,0,0,0,0,0,0,0,0,0,0,0,0,0,0,0,0,0
"OTU2782.p__Ascomycota.g__Fusarium",0,0,0,0,0,0,0,0,0,0,0,0,0,0,0,0,0,1,0,0,0,0,0,0,0
"OTU2783.p__Ascomycota.g__Lasiosphaeriaceae_gen_Incertae_sedis",0,0,0,0,0,0,0,0,0,1,0,0,0,0,1,0,0,2,1,0,0,0,0,0,0
"OTU2784.p__Kickxellomycota.g__Ramicandelaber",0,0,0,1,0,0,0,0,0,0,0,0,0,0,0,0,0,0,0,0,0,0,0,0,0
"OTU2786.p__Basidiomycota.g__Papiliotrema",0,0,0,0,0,0,0,0,0,0,0,0,0,0,0,0,0,0,0,1,0,0,0,0,0
"OTU2787.p__Ascomycota.g__Ascomycota_gen_Incertae_sedis",0,0,0,0,0,0,0,0,0,0,0,0,0,0,1,0,0,0,0,0,0,0,0,0,0
"OTU2789.p__Ascomycota.g__Trichoderma",0,0,0,0,0,0,0,0,0,0,0,1,0,0,0,0,0,0,0,0,0,0,0,0,0
"OTU2790.p__Basidiomycota.g__Auriculariales_gen_Incertae_sedis",0,0,0,0,0,0,0,0,0,0,0,0,0,0,0,0,0,0,0,0,0,0,0,0,0
"OTU2791.p__Ascomycota.g__Cladophialophora",0,0,0,0,0,0,0,0,0,0,0,0,0,0,1,0,0,0,0,0,0,0,0,1,0
"OTU2792.p__Ascomycota.g__Xenosonderhenia",0,0,0,0,0,0,0,0,0,0,0,0,0,0,0,0,0,0,0,0,0,0,0,0,0
"OTU2793.p__Basidiomycota.g__Sporobolomyces",0,0,0,0,0,0,0,0,0,0,0,0,0,0,2,0,1,0,0,0,0,0,0,0,0
"OTU2794.p__Basidiomycota.g__Bulleribasidium",0,0,0,0,0,0,0,0,0,0,0,0,0,0,2,0,0,0,0,0,0,0,0,0,0
"OTU2795.p__Basidiomycota.g__Trichosporonaceae_gen_Incertae_sedis",0,0,0,0,0,0,0,0,0,0,0,0,0,0,0,0,1,0,0,0,0,0,0,0,0
"OTU2796.p__Ascomycota.g__Cyphellophora",0,0,0,0,0,0,0,0,0,0,0,0,0,0,1,0,0,0,0,0,0,0,0,0,0
"OTU2797.p__Ascomycota.g__Strelitziana",0,0,0,0,0,0,0,0,0,0,0,0,0,0,0,0,1,0,0,0,1,0,0,0,0
"OTU2798.p__Fungi_phy_Incertae_sedis.g__Fungi_gen_Incertae_sedis",0,0,0,0,0,0,0,0,0,0,0,0,0,0,0,0,0,0,0,0,0,0,0,0,0
"OTU2799.p__Ascomycota.g__Talaromyces",0,0,0,0,0,0,0,0,0,0,0,0,0,0,0,0,0,0,0,0,0,0,0,0,0
"OTU2800.p__Ascomycota.g__Pezicula",0,0,0,0,0,0,0,0,0,0,0,0,0,0,0,0,0,0,0,0,0,0,0,0,0
"OTU2801.p__Ascomycota.g__Sagenomella",0,0,0,0,0,0,0,0,0,0,0,0,0,0,0,0,0,0,0,0,0,0,0,0,0
"OTU2802.p__Aphelidiomycota.g__Aphelidiomycota_gen_Incertae_sedis",0,0,0,0,0,0,0,0,0,0,0,0,0,0,0,0,0,0,0,0,0,0,0,0,0
"OTU2803.p__Ascomycota.g__Ascomycota_gen_Incertae_sedis",0,0,0,0,0,0,0,0,0,0,0,0,0,0,0,0,0,0,0,0,0,0,0,0,0
"OTU2804.p__Ascomycota.g__Pseudoophiobolus",0,0,0,0,0,0,0,0,0,0,0,0,0,0,0,0,0,0,0,0,0,0,0,0,0
"OTU2810.p__Ascomycota.g__Massarina",0,0,0,0,0,0,0,0,0,0,0,1,0,0,0,0,0,0,0,0,0,0,0,0,0
"OTU2812.p__Chytridiomycota.g__Chytridiomycota_gen_Incertae_sedis",0,0,0,0,0,0,0,0,0,0,0,0,0,0,0,0,0,0,0,0,0,1,0,0,0
"OTU2813.p__Ascomycota.g__Nectriaceae_gen_Incertae_sedis",0,0,0,0,0,0,0,0,0,0,0,0,0,0,0,0,0,0,0,0,0,0,0,0,0
"OTU2814.p__Chytridiomycota.g__Rhizophlyctis",0,0,0,0,0,0,0,0,0,0,0,0,0,0,0,0,0,0,0,0,0,0,0,0,0
"OTU2815.p__Ascomycota.g__Apiosordaria",0,0,0,0,0,0,0,0,0,0,0,0,0,0,0,0,0,0,0,0,0,0,0,0,0
"OTU2816.p__Ascomycota.g__Humicola",0,0,0,0,0,0,0,0,0,0,0,0,0,0,0,0,0,0,0,0,0,0,0,0,0
"OTU2817.p__Chytridiomycota.g__Chytridiomycota_gen_Incertae_sedis",0,0,0,0,0,0,0,0,0,0,0,0,0,0,0,0,0,0,0,0,0,0,0,0,0
"OTU2818.p__Ascomycota.g__Ascomycota_gen_Incertae_sedis",0,0,0,0,0,0,0,0,0,0,0,0,0,0,0,0,0,0,0,0,0,0,2,0,0
"OTU2819.p__Ascomycota.g__Coniochaetaceae_gen_Incertae_sedis",0,0,0,0,0,0,0,0,0,0,0,0,0,0,0,0,0,0,0,0,0,0,0,0,0
"OTU2821.p__Ascomycota.g__Ascomycota_gen_Incertae_sedis",0,0,0,0,0,0,0,0,0,0,0,0,0,0,0,1,0,0,0,0,0,0,0,0,0
"OTU2824.p__Ascomycota.g__Diaporthe",0,0,0,0,0,0,0,0,0,0,0,0,0,0,0,0,0,0,0,0,0,0,0,0,0
"OTU2827.p__Ascomycota.g__Pseudopestalotiopsis",0,0,0,0,0,0,0,0,0,0,0,0,0,0,0,0,0,0,0,0,0,0,0,0,0
"OTU2828.p__Basidiomycota.g__Bulleribasidium",0,0,0,0,0,0,0,0,0,0,0,0,0,0,0,0,0,0,0,0,0,0,0,0,0
"OTU2832.p__Basidiomycota.g__Auriculariales_gen_Incertae_sedis",0,0,0,0,0,0,0,0,0,0,0,0,0,0,0,0,0,0,0,0,0,0,0,0,0
"OTU2834.p__Ascomycota.g__Pezicula",0,0,0,0,0,0,0,0,0,0,0,0,0,0,0,0,0,0,0,0,0,0,0,0,0
"OTU2836.p__Basidiomycota.g__Agaricomycetes_gen_Incertae_sedis",0,0,0,0,0,0,0,0,0,0,0,0,0,0,0,0,0,0,0,0,0,0,0,0,0
"OTU2837.p__Basidiomycota.g__Cystobasidium",0,0,5,0,0,0,1,0,0,0,1,0,0,0,0,0,0,0,0,0,0,0,0,0,0
"OTU2838.p__Ascomycota.g__Fusarium",0,0,7,0,0,0,0,0,0,0,0,0,0,0,0,0,0,0,0,0,0,0,0,0,0
"OTU2839.p__Chytridiomycota.g__Chytridiomycota_gen_Incertae_sedis",0,0,2,0,0,0,0,0,0,0,0,0,0,0,0,0,0,0,0,0,0,0,0,0,0
"OTU2840.p__Basidiomycota.g__Basidiomycota_gen_Incertae_sedis",0,0,0,0,34,0,0,0,0,0,0,0,0,0,0,0,0,0,0,0,0,0,0,0,0
"OTU2841.p__Ascomycota.g__Spissiomyces",0,0,0,0,0,0,0,0,0,0,0,0,0,0,0,0,0,0,0,0,0,0,0,0,0
"OTU2842.p__Ascomycota.g__Ascomycota_gen_Incertae_sedis",0,0,0,0,0,0,0,0,0,0,0,0,0,0,0,0,0,0,0,0,0,0,0,0,0
"OTU2846.p__Ascomycota.g__Acremonium",0,0,0,0,0,0,0,0,0,0,0,0,0,0,1,0,0,0,0,0,2,0,0,0,0
"OTU2851.p__Ascomycota.g__Canariomyces",0,0,0,0,0,0,0,0,0,0,0,0,1,0,0,0,0,0,0,0,0,0,0,0,0
"OTU2859.p__Ascomycota.g__Hypocreales_gen_Incertae_sedis",0,0,0,0,0,0,0,0,0,0,0,0,0,0,0,0,0,0,0,0,0,0,0,0,0
"OTU2860.p__Ascomycota.g__Setophaeosphaeria",0,0,0,0,0,0,0,0,0,0,0,0,0,0,0,0,0,0,0,0,0,0,0,0,0
"OTU2870.p__Ascomycota.g__Pezicula",0,0,0,0,0,0,0,0,0,0,0,0,0,0,0,0,0,0,0,0,0,0,0,0,0
"OTU2871.p__Glomeromycota.g__Microdominikia",0,0,0,0,0,0,0,0,0,0,0,0,0,0,0,0,0,0,0,0,0,0,0,0,0
"OTU2872.p__Ascomycota.g__Eurotiomycetes_gen_Incertae_sedis",0,0,0,0,0,0,0,0,0,0,0,0,0,0,0,1,0,0,0,0,0,0,0,0,0
"OTU2874.p__Ascomycota.g__Fusarium",0,0,0,0,0,0,0,0,0,0,0,0,0,0,0,0,0,0,0,0,0,0,0,0,0
"OTU2875.p__Basidiomycota.g__Auriculariales_gen_Incertae_sedis",0,0,0,0,0,0,0,0,0,0,0,0,0,0,0,1,0,0,0,0,0,0,0,0,0
"OTU2877.p__Basidiomycota.g__Holtermannia",0,0,0,0,0,0,0,0,0,0,0,0,0,0,0,0,0,0,0,0,1,0,0,0,0
"OTU2881.p__Ascomycota.g__Fusarium",0,0,0,0,0,0,0,0,0,0,0,0,0,0,0,0,0,0,0,0,0,0,0,0,0
"OTU2883.p__Fungi_phy_Incertae_sedis.g__Fungi_gen_Incertae_sedis",0,0,0,0,0,0,0,0,2,0,0,0,0,0,0,0,0,0,0,0,0,0,0,0,0
"OTU2884.p__Fungi_phy_Incertae_sedis.g__Fungi_gen_Incertae_sedis",0,0,0,0,0,0,0,0,0,0,0,0,0,0,0,0,0,0,0,0,0,0,0,0,0
"OTU2886.p__Mortierellomycota.g__Mortierellaceae_gen_Incertae_sedis",0,0,0,0,0,0,0,0,0,0,0,0,0,0,0,0,0,0,0,0,0,0,0,0,0
"OTU2887.p__Basidiomycota.g__Geminibasidium",0,0,0,0,0,0,0,0,0,0,0,0,0,0,0,0,0,0,0,1,0,0,0,0,0
"OTU2888.p__Ascomycota.g__Nowamyces",0,0,0,0,0,0,0,0,0,0,0,2,0,0,0,0,0,0,0,0,0,0,0,0,0
"OTU2890.p__Ascomycota.g__Stephanonectria",0,0,0,0,0,0,0,0,0,0,0,0,0,0,1,0,0,0,0,0,0,0,0,0,0
"OTU2891.p__Basidiomycota.g__Auriculariales_gen_Incertae_sedis",0,0,0,0,0,0,0,0,0,0,0,0,0,0,1,0,1,0,0,0,1,0,0,0,0
"OTU2892.p__Basidiomycota.g__Bulleribasidium",0,0,0,0,0,0,0,0,0,0,0,0,0,0,1,0,1,0,0,0,1,0,0,0,0
"OTU2893.p__Basidiomycota.g__Ceraceosorus",0,0,0,0,0,0,0,0,0,0,0,0,0,0,1,0,1,0,0,0,0,0,0,0,0
"OTU2894.p__Basidiomycota.g__Auriculariales_gen_Incertae_sedis",0,0,0,0,0,0,0,0,0,0,0,0,0,0,2,0,0,0,0,0,1,0,0,0,0
"OTU2895.p__Ascomycota.g__Trichomerium",0,0,0,0,0,0,0,0,0,0,0,0,0,0,2,0,0,0,0,0,1,0,0,0,0
"OTU2896.p__Basidiomycota.g__Kockovaella",0,0,0,0,0,0,0,0,0,0,0,0,0,0,0,0,0,0,0,0,0,0,0,0,0
"OTU2897.p__Basidiomycota.g__Agaricomycetes_gen_Incertae_sedis",0,0,0,0,0,0,0,0,0,0,0,0,0,0,1,0,1,0,0,0,0,0,0,1,0
"OTU2898.p__Ascomycota.g__Aphanophora",0,0,0,0,0,0,2,0,0,0,0,0,0,0,3,0,2,0,0,0,0,0,0,0,0
"OTU2899.p__Ascomycota.g__Chaetothyriaceae_gen_Incertae_sedis",0,0,0,0,0,0,0,0,0,0,0,0,0,0,0,0,0,0,0,0,0,0,0,0,0
"OTU2900.p__Basidiomycota.g__Tremella",1,0,0,0,0,0,0,0,0,0,0,0,0,0,0,0,0,0,0,0,2,0,0,0,0
"OTU2901.p__Mortierellomycota.g__Mortierellales_gen_Incertae_sedis",0,0,0,0,0,0,0,0,0,0,0,0,0,0,0,0,0,0,0,0,0,0,0,0,0
"OTU2902.p__Ascomycota.g__Septoria",0,0,0,0,0,0,0,0,0,0,0,0,0,0,0,0,1,0,0,0,0,0,0,0,0
"OTU2903.p__Ascomycota.g__Pezicula",0,0,0,0,0,0,0,0,0,0,0,0,0,0,0,0,0,1,0,0,0,0,0,0,0
"OTU2904.p__Ascomycota.g__Fusarium",0,0,0,0,0,0,0,0,0,0,0,0,0,0,0,0,0,0,0,0,0,0,0,0,0
"OTU2905.p__Aphelidiomycota.g__Aphelidiomycota_gen_Incertae_sedis",0,0,0,0,0,0,0,0,0,0,0,0,0,0,0,0,0,0,0,0,0,0,0,0,0
"OTU2906.p__Basidiomycota.g__Auriculariales_gen_Incertae_sedis",0,0,0,0,0,0,0,0,0,0,0,0,0,0,0,0,0,0,0,0,0,0,0,0,0
"OTU2907.p__Basidiomycota.g__Auriculariales_gen_Incertae_sedis",0,0,0,0,0,0,0,0,0,0,0,0,0,0,0,0,0,1,0,0,0,0,0,0,0
"OTU2908.p__Ascomycota.g__Fusarium",0,0,0,0,0,0,0,0,0,0,0,0,0,0,0,0,0,0,1,0,0,0,0,0,0
"OTU2919.p__Chytridiomycota.g__Rhizophydiales_gen_Incertae_sedis",0,0,0,0,0,0,0,0,0,0,0,0,0,0,0,0,0,0,0,0,0,0,0,0,0
"OTU2922.p__Glomeromycota.g__Claroideoglomus",0,0,0,0,0,0,0,0,0,0,0,0,0,0,0,0,0,0,0,0,0,2,0,0,0
"OTU2923.p__Chytridiomycota.g__Cladochytriales_gen_Incertae_sedis",0,0,0,0,0,0,0,0,0,0,0,0,0,0,0,0,0,0,0,0,0,0,0,0,0
"OTU2924.p__Mortierellomycota.g__Necromortierella",0,0,0,0,0,0,0,0,0,0,0,0,0,0,0,0,0,0,0,0,0,1,0,0,0
"OTU2925.p__Zoopagomycota.g__Syncephalis",0,0,0,0,0,0,0,0,0,0,0,0,0,0,0,0,0,0,0,0,0,1,0,1,0
"OTU2926.p__Basidiomycota.g__Parasola",0,0,0,0,0,0,0,0,0,0,0,0,0,0,0,0,0,0,0,0,0,0,0,0,0
"OTU2928.p__Ascomycota.g__Lecythophora",0,0,0,0,0,0,0,0,0,0,0,0,0,0,0,0,0,0,0,0,0,0,0,0,0
"OTU2929.p__Ascomycota.g__Sordariomycetes_gen_Incertae_sedis",0,0,0,0,0,0,0,0,0,0,0,0,0,0,0,0,0,0,0,0,1,0,0,0,1
"OTU2930.p__Ascomycota.g__Xylariales_gen_Incertae_sedis",0,0,0,0,0,0,0,0,0,0,0,0,0,0,1,0,0,0,0,0,0,0,0,0,0
"OTU2932.p__Ascomycota.g__Cercosporidium",0,0,0,0,0,0,0,0,0,0,0,0,0,0,0,0,0,0,0,0,0,0,0,0,0
"OTU2933.p__Ascomycota.g__Chaetomiaceae_gen_Incertae_sedis",0,0,0,0,0,0,0,0,0,0,0,0,0,0,0,0,0,0,0,0,0,0,0,0,0
"OTU2936.p__Ascomycota.g__Peroneutypa",0,0,0,0,0,0,0,0,0,0,0,0,0,0,0,0,0,0,0,0,0,0,0,0,0
"OTU2940.p__Ascomycota.g__Longihyalospora",0,0,0,0,0,0,0,0,0,0,0,0,0,0,0,0,0,0,0,0,0,0,0,0,0
"OTU2947.p__Ascomycota.g__Sporendonema",0,0,0,0,0,0,0,0,0,0,0,0,0,0,0,0,0,0,0,1,0,0,0,0,0
"OTU2952.p__Ascomycota.g__Pezicula",1,0,0,0,0,0,0,0,0,0,0,0,0,0,0,0,0,0,0,0,0,0,0,0,0
"OTU2954.p__Ascomycota.g__GS35_gen_Incertae_sedis",0,0,0,0,0,0,0,0,0,0,0,0,0,0,0,0,0,0,0,0,0,0,0,1,0
"OTU2955.p__Glomeromycota.g__Glomus",0,0,0,0,0,0,0,0,1,0,0,0,0,0,0,0,0,0,0,0,0,0,0,0,0
"OTU2958.p__Ascomycota.g__Scopulariopsis",0,0,2,0,0,0,1,0,1,0,0,0,0,0,0,0,0,0,0,0,0,0,0,0,0
"OTU2959.p__Ascomycota.g__Ascomycota_gen_Incertae_sedis",0,0,0,0,0,0,0,0,0,0,0,0,0,0,0,0,0,0,0,0,0,0,0,0,0
"OTU2960.p__Ascomycota.g__Idriella",1,0,2,0,0,0,1,0,0,0,5,0,0,0,0,0,0,0,0,0,0,0,0,0,0
"OTU2964.p__Ascomycota.g__Neurospora",0,0,0,0,0,0,0,0,0,0,0,0,0,0,0,0,0,0,0,0,0,0,0,0,0
"OTU2968.p__Ascomycota.g__Pezicula",0,0,0,0,0,0,0,0,0,2,0,0,0,0,0,0,0,0,0,0,0,0,0,0,0
"OTU2969.p__Basidiomycota.g__Entoloma",0,0,0,0,0,0,0,0,0,0,0,0,0,0,0,0,0,0,0,0,0,0,0,0,0
"OTU2970.p__Ascomycota.g__Herpotrichiellaceae_gen_Incertae_sedis",0,0,0,0,0,0,0,0,0,0,0,0,0,0,0,0,0,0,0,0,1,0,0,0,0
"OTU2975.p__Ascomycota.g__Phaeosphaeria",0,0,0,0,0,0,0,0,0,0,0,0,0,0,0,0,0,0,0,0,1,0,0,0,0
"OTU2976.p__Ascomycota.g__Fusarium",0,0,0,0,0,0,0,0,0,0,2,0,0,0,0,0,1,0,0,0,0,0,0,0,0
"OTU2978.p__Ascomycota.g__Fusarium",0,0,0,0,0,0,0,0,0,0,0,0,0,0,0,0,0,0,0,0,0,0,0,0,0
"OTU2979.p__Ascomycota.g__Pezicula",0,0,0,0,0,0,0,0,0,0,0,0,0,0,0,0,0,1,0,0,0,0,0,0,0
"OTU2980.p__Basidiomycota.g__Coprinopsis",0,0,0,0,0,0,0,0,0,0,0,0,0,0,0,0,0,0,1,0,0,0,0,0,0
"OTU2982.p__Glomeromycota.g__Claroideoglomus",0,0,0,0,0,0,0,0,0,0,0,0,0,0,0,0,0,0,0,0,0,0,0,0,0
"OTU2983.p__Ascomycota.g__Fusarium",0,0,0,0,0,0,0,0,0,0,0,0,0,0,0,0,0,0,0,0,0,0,0,0,0
"OTU2984.p__Basidiomycota.g__Coprinellus",0,0,0,0,0,0,2,0,0,0,0,0,0,0,0,0,0,0,0,0,0,0,0,0,0
"OTU2985.p__Ascomycota.g__Zopfiella",0,0,2,0,0,0,0,0,0,0,8,0,0,0,0,0,0,0,0,0,0,0,0,0,0
"OTU2986.p__Ascomycota.g__Ascomycota_gen_Incertae_sedis",0,1,6,0,0,0,1,0,0,0,8,0,0,0,0,0,0,0,0,0,0,0,0,0,0
"OTU2987.p__Ascomycota.g__Mycosphaerella",0,0,0,0,0,0,0,0,0,0,0,2,0,0,0,0,0,0,0,0,0,0,0,0,0
"OTU2988.p__Fungi_phy_Incertae_sedis.g__Fungi_gen_Incertae_sedis",0,0,0,0,0,0,0,0,0,0,0,0,0,0,0,0,0,0,0,0,0,0,0,0,0
"OTU2989.p__Ascomycota.g__Botrytis",0,0,0,0,0,0,0,0,0,0,0,0,0,0,0,0,0,0,0,0,0,0,0,0,0
"OTU2990.p__Ascomycota.g__Dothideomycetes_gen_Incertae_sedis",0,0,0,0,0,0,0,0,0,0,0,0,0,0,1,0,0,0,0,0,0,0,0,0,0
"OTU2991.p__Basidiomycota.g__Auriculariales_gen_Incertae_sedis",0,0,0,0,0,0,0,0,0,0,0,0,0,0,1,0,0,0,0,0,0,0,0,0,0
"OTU2992.p__Ascomycota.g__Lecanosticta",0,0,0,0,0,0,0,0,0,0,0,0,0,0,0,0,0,0,0,0,0,0,0,0,0
"OTU2993.p__Basidiomycota.g__Russula",0,0,0,0,0,0,0,0,0,0,0,0,0,0,0,0,0,0,0,0,0,0,0,0,0
"OTU2994.p__Basidiomycota.g__Tremellales_gen_Incertae_sedis",0,0,0,0,0,0,0,0,0,0,0,0,0,0,1,0,0,0,0,0,0,0,0,0,0
"OTU2996.p__Ascomycota.g__Knufia",0,0,0,0,0,0,0,0,0,0,0,0,0,0,2,0,0,0,0,0,0,0,0,0,0
"OTU2997.p__Basidiomycota.g__Russula",0,0,0,0,0,0,0,0,0,0,0,0,0,0,0,0,0,0,0,0,1,0,0,0,0
"OTU2998.p__Ascomycota.g__Helotiales_gen_Incertae_sedis",0,0,0,0,0,0,0,0,0,0,0,0,0,0,1,0,1,0,0,0,0,0,0,0,0
"OTU2999.p__Basidiomycota.g__Derxomyces",0,0,0,0,0,0,0,0,0,0,0,0,0,0,0,0,0,0,0,0,0,0,0,0,0
"OTU3000.p__Ascomycota.g__Herpotrichiellaceae_gen_Incertae_sedis",0,0,0,0,0,0,0,0,0,2,0,0,0,0,0,0,0,0,0,0,0,0,0,0,0
"OTU3001.p__Ascomycota.g__Chlorocillium",0,0,0,0,0,0,0,0,0,0,0,0,0,0,0,0,0,0,0,0,1,0,0,0,0
"OTU3002.p__Ascomycota.g__Neostrelitziana",0,0,0,0,0,0,0,0,0,0,0,0,0,0,1,0,0,0,0,0,0,0,0,0,0
"OTU3003.p__Ascomycota.g__Pestalotiopsis",0,0,0,0,0,0,0,0,0,0,2,0,0,0,0,0,0,0,0,0,0,0,0,0,0
"OTU3004.p__Ascomycota.g__Phyllosticta",0,0,0,0,0,0,0,0,0,0,0,0,0,0,0,0,0,0,0,0,1,0,0,0,0
"OTU3005.p__Ascomycota.g__Chaetomium",0,0,0,0,0,0,0,0,0,0,0,0,0,0,0,1,0,0,0,0,0,0,0,0,0
"OTU3006.p__Ascomycota.g__Arachnomyces",0,0,0,0,0,0,0,0,0,0,0,0,0,0,0,1,0,1,0,0,0,0,0,0,0
"OTU3007.p__Basidiomycota.g__Auriculariales_gen_Incertae_sedis",0,0,1,0,0,0,0,0,0,0,0,0,0,0,0,0,0,0,0,0,0,0,0,0,0
"OTU3008.p__Kickxellomycota.g__Kickxellomycota_gen_Incertae_sedis",0,0,0,0,0,0,0,0,0,0,0,0,0,0,0,1,0,0,0,0,0,0,0,0,0
"OTU3009.p__Ascomycota.g__Trichomerium",0,0,0,0,0,0,0,0,0,0,0,0,0,0,0,0,2,0,0,0,1,0,0,0,0
"OTU3010.p__Glomeromycota.g__Archaeospora",0,0,0,0,0,0,0,0,0,0,0,0,0,0,0,0,0,0,0,0,0,0,0,0,0
"OTU3011.p__Ascomycota.g__Arthrographis",0,0,0,0,0,0,0,0,0,0,0,0,0,0,0,0,0,0,3,0,0,0,0,0,0
"OTU3012.p__Ascomycota.g__Onygenales_gen_Incertae_sedis",0,0,0,0,0,0,0,0,0,0,0,0,0,0,0,0,0,1,0,0,0,0,0,0,0
"OTU3013.p__Basidiomycota.g__Tulostoma",0,0,0,0,0,0,0,0,0,0,0,0,0,0,0,0,0,0,1,0,0,0,0,0,0
"OTU3014.p__Ascomycota.g__Aspergillus",0,0,0,0,0,0,0,0,0,0,0,0,0,0,0,0,0,0,1,0,0,0,0,0,0
"OTU3015.p__Basidiomycota.g__Thelephoraceae_gen_Incertae_sedis",0,0,0,0,0,0,0,0,0,0,0,0,0,0,0,0,0,0,0,0,0,0,0,0,0
"OTU3016.p__Ascomycota.g__Fusarium",0,0,0,0,0,0,0,0,0,0,0,0,0,0,0,0,0,0,0,0,0,0,0,0,0
"OTU3017.p__Basidiomycota.g__Auriculariales_gen_Incertae_sedis",1,0,0,0,0,0,0,0,0,0,0,0,0,0,0,0,0,0,0,1,0,0,0,0,0
"OTU3024.p__Ascomycota.g__Ascomycota_gen_Incertae_sedis",0,0,0,0,0,0,0,0,0,0,0,0,0,0,0,0,0,0,0,0,0,0,0,0,0
"OTU3027.p__Mortierellomycota.g__Mortierella",0,0,4,0,0,0,1,0,0,0,2,0,0,0,1,0,0,0,0,0,0,0,0,0,0
"OTU3028.p__Basidiomycota.g__Papiliotrema",0,0,0,0,0,0,0,0,0,0,0,0,0,0,1,0,0,0,0,0,0,0,0,0,0
"OTU3030.p__Mucoromycota.g__Endogonomycetes_gen_Incertae_sedis",0,0,0,0,0,0,0,0,0,0,0,0,0,0,0,0,0,0,0,0,0,0,0,0,0
"OTU3031.p__Basidiomycota.g__Auriculariales_gen_Incertae_sedis",0,0,0,0,0,0,0,0,0,0,0,0,0,0,0,0,0,0,0,0,0,0,0,0,1
"OTU3032.p__Ascomycota.g__Fusarium",0,0,0,0,0,0,0,0,0,0,0,0,0,0,0,0,0,0,0,0,0,0,0,0,0
"OTU3033.p__Glomeromycota.g__Glomus",0,0,0,0,0,0,0,0,0,0,0,0,0,0,0,0,0,0,0,0,0,2,0,0,0
"OTU3034.p__Ascomycota.g__Fusarium",0,0,0,0,0,0,0,0,0,0,0,0,0,0,0,0,0,0,0,0,0,0,0,0,0
"OTU3035.p__Basidiomycota.g__Auriculariales_gen_Incertae_sedis",0,0,0,0,0,0,0,0,0,0,0,0,0,0,0,0,0,0,0,0,0,0,0,0,0
"OTU3036.p__Ascomycota.g__Stachybotryaceae_gen_Incertae_sedis",0,0,0,0,0,0,0,0,0,0,0,0,0,0,0,1,0,0,0,0,0,0,0,1,0
"OTU3038.p__Mortierellomycota.g__Mortierellaceae_gen_Incertae_sedis",0,0,0,0,0,0,0,0,0,0,0,0,0,0,0,0,0,0,0,0,0,0,0,0,0
"OTU3039.p__Chytridiomycota.g__Chytridiomycota_gen_Incertae_sedis",0,0,0,0,0,0,0,0,0,0,0,0,0,0,0,0,0,0,0,0,0,0,0,0,0
"OTU3041.p__Basidiomycota.g__Auriculariales_gen_Incertae_sedis",0,0,0,0,0,0,0,0,0,0,0,0,0,0,0,0,0,0,0,0,0,0,0,0,0
"OTU3042.p__Basidiomycota.g__Auriculariales_gen_Incertae_sedis",0,0,0,0,0,0,0,0,0,0,0,0,0,0,0,0,0,0,0,0,0,0,0,0,0
"OTU3043.p__Chytridiomycota.g__Chytridiomycota_gen_Incertae_sedis",0,0,0,0,1,0,0,0,0,0,0,0,0,0,0,0,0,0,0,0,0,0,0,0,0
"OTU3046.p__Basidiomycota.g__Psathyrella",0,0,0,0,0,0,0,0,0,0,0,0,0,0,0,0,2,0,0,0,1,0,0,0,0
"OTU3047.p__Ascomycota.g__Microascaceae_gen_Incertae_sedis",0,0,0,0,0,0,0,0,0,0,0,0,0,0,0,0,0,0,0,0,0,0,0,0,0
"OTU3051.p__Ascomycota.g__Corticifraga",0,0,0,0,0,0,0,0,0,0,0,0,0,0,0,0,0,0,0,0,0,0,0,0,0
"OTU3053.p__Ascomycota.g__Hyphodiscus",0,0,0,0,0,0,0,0,0,0,0,0,0,0,0,0,0,0,0,0,0,0,0,0,0
"OTU3054.p__Ascomycota.g__Pezicula",0,0,0,0,0,0,0,0,0,0,0,0,0,0,0,0,0,0,0,0,0,0,0,0,0
"OTU3059.p__Ascomycota.g__Boliniales_gen_Incertae_sedis",0,0,0,1,0,0,0,0,0,0,0,0,0,0,0,0,0,0,0,0,0,0,0,0,0
"OTU3060.p__Ascomycota.g__Ascomycota_gen_Incertae_sedis",0,0,0,0,0,0,0,0,0,0,0,0,0,0,0,0,0,0,0,0,0,0,0,0,0
"OTU3061.p__Fungi_phy_Incertae_sedis.g__Fungi_gen_Incertae_sedis",0,0,0,0,0,0,0,0,0,0,0,0,0,0,0,0,0,0,0,0,0,0,0,0,0
"OTU3065.p__Ascomycota.g__Mycosphaerella",0,0,0,0,0,0,0,0,0,0,0,0,0,0,0,0,0,0,0,0,0,0,0,0,0
"OTU3066.p__Ascomycota.g__Setophoma",0,0,0,0,0,0,0,0,0,0,0,0,0,0,0,0,0,0,0,0,0,0,0,0,0
"OTU3067.p__Ascomycota.g__Herpotrichiellaceae_gen_Incertae_sedis",0,0,0,0,0,0,0,0,0,0,0,0,0,0,0,0,0,0,0,0,0,0,0,0,0
"OTU3069.p__Ascomycota.g__Fusarium",1,0,0,0,0,0,0,0,0,0,1,0,0,0,0,0,0,0,0,0,0,0,0,0,0
"OTU3073.p__Basidiomycota.g__Cyphellaceae_gen_Incertae_sedis",0,0,0,0,0,0,0,0,0,0,0,0,0,0,0,0,0,0,0,0,0,0,0,0,0
"OTU3075.p__Glomeromycota.g__Glomeraceae_gen_Incertae_sedis",0,0,0,0,0,0,0,0,0,0,0,0,0,0,0,0,0,0,0,0,0,0,0,0,0
"OTU3081.p__Mucoromycota.g__Cunninghamella",0,0,0,0,0,0,0,0,0,0,0,0,0,0,0,0,0,0,0,0,0,0,0,0,0
"OTU3082.p__Ascomycota.g__Valsonectria",0,0,0,0,0,0,0,0,0,0,0,0,0,0,0,0,0,0,0,0,0,0,0,0,0
"OTU3088.p__Ascomycota.g__Debaryomyces",0,0,0,0,0,0,0,0,0,0,0,0,0,0,0,0,0,0,0,0,0,0,0,0,0
"OTU3089.p__Ascomycota.g__Scytalidium",0,0,0,0,0,0,0,0,0,0,0,0,0,0,0,0,0,0,0,0,0,0,0,0,0
"OTU3090.p__Ascomycota.g__Remotididymella",0,0,0,0,0,0,0,1,0,0,0,1,0,0,0,0,0,0,0,0,2,0,0,0,0
"OTU3093.p__Ascomycota.g__Paraconiothyrium",0,0,0,0,0,0,0,0,0,0,0,0,0,0,1,0,0,0,0,0,0,0,0,0,0
"OTU3094.p__Ascomycota.g__Nullicamyces",0,0,0,0,0,0,0,0,0,0,0,0,0,0,0,0,1,0,0,0,0,0,0,0,0
"OTU3098.p__Ascomycota.g__Pezicula",0,0,0,0,0,0,0,0,0,0,0,0,0,0,0,0,0,0,0,0,0,0,0,0,0
"OTU3101.p__Ascomycota.g__Nigrospora",0,0,0,0,0,0,0,0,0,0,0,0,0,0,1,0,0,0,0,0,0,0,0,0,0
"OTU3103.p__Basidiomycota.g__Auriculariales_gen_Incertae_sedis",0,0,0,0,0,0,0,0,0,0,0,0,0,0,0,0,0,0,1,0,0,0,0,0,0
"OTU3105.p__Ascomycota.g__Trichoderma",0,0,4,0,0,0,0,0,0,0,6,0,0,0,0,0,0,0,0,0,0,0,0,0,0
"OTU3106.p__Ascomycota.g__Clonostachys",0,0,9,0,0,0,0,0,0,0,7,0,0,0,0,0,0,0,0,0,0,0,0,0,0
"OTU3107.p__Ascomycota.g__Trichomeriaceae_gen_Incertae_sedis",0,0,0,0,0,0,0,0,0,0,0,0,1,0,1,0,0,0,0,0,0,0,0,0,0
"OTU3108.p__Ascomycota.g__Trichomerium",0,0,0,0,0,0,0,0,0,0,0,0,0,0,0,0,0,0,0,0,0,0,0,0,0
"OTU3109.p__Basidiomycota.g__Pseudohyphozyma",0,0,0,0,0,0,0,0,0,0,0,0,0,0,0,0,0,0,0,0,0,0,0,0,0
"OTU3110.p__Ascomycota.g__Hypocreales_gen_Incertae_sedis",0,0,0,0,0,0,0,0,0,0,0,0,0,0,0,0,1,0,0,0,0,0,0,0,0
"OTU3111.p__Basidiomycota.g__Hymenochaetaceae_gen_Incertae_sedis",0,0,0,0,0,0,0,0,0,0,0,0,0,0,0,0,0,0,0,0,1,0,0,0,0
"OTU3112.p__Basidiomycota.g__Occultifur",0,0,0,0,0,0,0,0,0,0,0,0,0,0,0,0,0,0,0,0,4,0,0,0,0
"OTU3113.p__Basidiomycota.g__Basidiomycota_gen_Incertae_sedis",0,0,0,0,0,0,0,0,0,0,0,0,0,0,1,0,0,0,0,0,2,0,0,0,0
"OTU3114.p__Ascomycota.g__Teratoramularia",0,0,0,0,0,0,0,0,0,0,0,0,0,0,1,0,1,0,0,0,0,0,0,0,0
"OTU3115.p__Basidiomycota.g__Auriculariales_gen_Incertae_sedis",0,0,0,0,0,0,0,0,0,0,0,0,0,0,0,0,0,0,0,0,0,0,0,0,0
"OTU3116.p__Basidiomycota.g__Stephanosporaceae_gen_Incertae_sedis",0,0,0,0,0,0,0,0,0,0,0,0,0,0,2,0,0,0,0,0,0,0,0,0,0
"OTU3117.p__Basidiomycota.g__Basidiomycota_gen_Incertae_sedis",0,0,0,0,0,0,0,0,0,0,0,0,0,0,0,0,0,0,0,0,0,0,0,0,0
"OTU3118.p__Ascomycota.g__Pezicula",0,0,0,0,0,0,0,1,0,0,0,0,0,0,0,0,0,0,0,0,1,0,0,0,0
"OTU3119.p__Basidiomycota.g__Tremellales_gen_Incertae_sedis",0,0,0,0,0,0,0,0,0,0,0,0,0,0,0,0,0,0,0,0,0,0,0,0,0
"OTU3120.p__Ascomycota.g__Cyphellophora",0,0,0,0,0,0,0,0,0,0,0,0,0,0,0,0,1,0,0,0,0,0,0,0,0
"OTU3121.p__Ascomycota.g__Xenoroussoella",0,0,0,0,0,0,0,0,0,0,0,0,0,0,0,0,0,0,0,0,2,0,0,0,0
"OTU3122.p__Basidiomycota.g__Basidiomycota_gen_Incertae_sedis",0,0,0,0,0,0,0,0,0,0,0,0,0,0,0,0,0,0,0,0,1,0,0,0,0
"OTU3123.p__Ascomycota.g__Scleroramularia",0,0,0,0,0,0,0,0,0,0,0,0,0,0,0,0,0,0,0,0,0,0,0,0,0
"OTU3124.p__Basidiomycota.g__Meira",0,0,0,0,0,0,0,0,0,0,0,0,0,0,1,0,0,0,0,0,0,0,0,0,0
"OTU3125.p__Ascomycota.g__Herpotrichiellaceae_gen_Incertae_sedis",0,0,0,0,0,0,0,0,0,0,0,0,0,0,0,0,0,0,0,0,0,0,0,0,0
"OTU3126.p__Ascomycota.g__Fusarium",0,0,0,0,0,0,0,0,0,0,0,1,0,0,0,0,0,1,0,0,0,0,0,0,0
"OTU3127.p__Ascomycota.g__Penicillium",0,0,0,0,0,0,0,0,0,0,0,0,0,0,0,0,0,0,0,0,0,0,0,0,0
"OTU3128.p__Ascomycota.g__Fusarium",0,0,0,0,0,0,0,0,0,0,0,0,0,0,0,0,0,0,0,0,0,0,0,0,0
"OTU3129.p__Ascomycota.g__Fusarium",0,0,0,0,0,0,0,0,0,0,0,0,0,0,0,0,0,0,1,0,0,0,0,0,0
"OTU3130.p__Ascomycota.g__Herpotrichiellaceae_gen_Incertae_sedis",0,0,0,0,0,0,0,0,0,0,0,0,0,0,0,0,0,0,0,0,0,0,0,0,0
"OTU3131.p__Basidiomycota.g__Cystobasidium",0,0,0,0,0,0,0,0,0,0,0,0,0,0,1,0,0,0,0,0,1,0,0,0,0
"OTU3132.p__Ascomycota.g__Fusarium",0,0,0,0,0,0,0,0,0,0,0,0,0,0,0,0,0,1,0,0,0,0,0,0,0
"OTU3133.p__Ascomycota.g__Rosellinia",0,0,0,0,0,0,0,0,0,0,0,0,0,0,0,0,0,1,0,0,0,0,0,0,0
"OTU3134.p__Ascomycota.g__Trichoderma",0,0,0,0,0,0,0,0,0,0,0,0,0,0,0,0,0,0,0,0,0,0,0,0,0
"OTU3135.p__Ascomycota.g__Fusarium",0,0,0,0,0,0,0,0,0,0,0,0,0,0,0,0,0,0,0,0,0,0,0,0,0
"OTU3136.p__Ascomycota.g__Fusarium",0,0,0,0,0,0,0,0,0,0,0,0,0,0,0,0,0,0,0,0,0,0,0,0,0
"OTU3137.p__Ascomycota.g__Ascomycota_gen_Incertae_sedis",0,0,0,0,0,0,0,0,0,0,0,0,0,0,0,0,0,0,0,0,0,0,0,0,2
"OTU3139.p__Chytridiomycota.g__Protrudomycetaceae_gen_Incertae_sedis",0,0,0,0,0,0,0,0,0,0,0,0,0,0,0,0,0,0,0,0,0,0,0,0,0
"OTU3140.p__Ascomycota.g__Fusarium",0,0,0,0,0,0,0,0,0,1,0,0,0,0,0,0,0,0,0,0,0,0,0,1,0
"OTU3141.p__Ascomycota.g__Ascomycota_gen_Incertae_sedis",0,0,0,0,0,0,0,0,0,0,0,0,0,0,0,0,0,0,0,0,0,0,0,0,0
"OTU3146.p__Ascomycota.g__Coniosporium",0,0,0,0,0,0,0,0,0,0,0,0,0,0,0,0,0,0,0,0,0,0,0,0,0
"OTU3147.p__Ascomycota.g__Fusarium",0,0,0,0,0,0,0,0,0,0,0,0,0,0,0,0,0,0,0,0,0,0,0,0,0
"OTU3150.p__Basidiomycota.g__Occultifur",0,0,0,0,0,0,1,0,0,0,0,0,0,0,0,0,0,0,0,0,0,0,0,0,0
"OTU3152.p__Ascomycota.g__Chaetomiaceae_gen_Incertae_sedis",0,0,1,0,0,0,0,0,0,0,1,0,0,0,0,0,0,0,0,0,0,0,0,0,0
"OTU3154.p__Ascomycota.g__Trichoderma",0,0,0,0,0,0,0,0,0,0,0,0,0,0,0,0,0,0,0,0,0,0,0,0,0
"OTU3156.p__Chytridiomycota.g__Spizellomycetales_gen_Incertae_sedis",1,0,0,0,0,0,0,0,0,0,0,0,0,0,0,0,0,0,0,0,0,0,0,0,0
"OTU3159.p__Basidiomycota.g__Agaricomycetes_gen_Incertae_sedis",0,0,2,0,0,0,0,0,0,0,0,0,0,0,0,0,0,0,0,0,0,0,0,0,0
"OTU3161.p__Ascomycota.g__Fusarium",0,0,0,0,0,0,0,0,0,0,0,0,0,0,0,0,0,0,0,0,0,0,0,0,0
"OTU3164.p__Ascomycota.g__Parapenidiella",0,0,0,0,0,0,0,0,0,0,0,0,0,0,0,0,0,0,0,0,2,0,0,0,0
"OTU3165.p__Ascomycota.g__Fusarium",0,0,0,0,0,0,0,0,0,0,0,0,0,0,0,0,0,0,0,0,0,0,0,0,1
"OTU3167.p__Kickxellomycota.g__Ramicandelaber",0,0,0,0,0,0,0,0,0,0,0,0,0,0,1,0,0,0,0,0,0,0,0,0,0
"OTU3168.p__Ascomycota.g__Arcuadendron",0,0,0,0,0,0,0,0,0,0,0,0,0,0,0,0,0,0,0,0,0,0,0,0,0
"OTU3169.p__Ascomycota.g__Nigrograna",0,0,0,0,0,0,0,0,0,0,0,0,0,0,0,0,0,0,0,0,0,0,1,0,0
"OTU3170.p__Basidiomycota.g__Leucoagaricus",0,0,0,0,0,0,0,0,0,0,0,0,0,0,0,0,0,0,0,0,0,0,0,0,0
"OTU3171.p__Basidiomycota.g__Coprinopsis",0,0,0,0,0,0,0,0,0,0,0,0,0,0,0,0,0,0,0,0,0,0,0,0,0
