OTU ID	CKB1	CKB2	CKB3	CKB4	CKB5	CKB6	CKB7	CKB8	CKJ1	CKJ10	CKJ2	CKJ3	CKJ4	CKJ5	CKJ6	CKJ7	CKJ8	CKJ9	CKU1	CKU2	CKU3	CKU4	CKU5	CKU6	CKU7	CKU8	CKY1	CKY2	CKY3	CKY4	CKY5	CLU1	CLU2	CLU3	CLU4	CLU5	DDH1	DDH2	DDH3	DDL2	DDL22	DDL3	DDL4	DDN1	DDN2	DDN3	DDN4	DDN5	GLH1	GLH2	GLH3	GLL2	GLL3	GLL4	GLN1	GLN2	GLN3	GLN4	GLN5	JPU1	JPU2	JPU3	JPU4	JPU5	MHU1	MHU2	MHU3	MHU4	MHU5	TGH1	TGH2	TGH3	TGL2	TGL3	TGL4	TJH1	TJH2	TJH3	TJL2	TJL3	TJL4	TJN1	TJN2	TJN3	TJN4	TJN5	YMH1	YMH2	YMH3	YML2	YML3	YML4	YMN1	YMN2	YMN3	YMN4	YMN5	YMU1	YMU2	YMU3	YMU4	YMU5
OTU1	403	400	89	179	5	19	213	460	723	47	832	493	1425	2274	38	9	26	3	419	5	206	822	237	337	195	140	4073	21310	12024	13797	5244	78	163	150	530	92	29874	6885	13616	3	3948	14913	7456	2479	3931	2125	4974	2042	12370	8299	5984	7617	28558	1889	2256	2879	11488	3144	3835	149	101	37	71	119	3216	79	7759	4661	4297	8205	7098	6219	8480	11866	3225	14192	27832	12020	6142	9213	5653	4223	3042	1373	3523	828	11095	5937	15044	7138	14305	2612	1608	6289	4629	3661	2892	115	3864	1951	3317	5887
OTU10	39	113	2	35	0	2	28	46	27	2	62	138	509	1133	10	1	3	6	9	0	9	4	4	5	4	0	1345	1128	928	370	1676	27	89	146	308	28	102	80	79	1	112	150	505	1517	2444	3615	12212	2091	446	251	90	351	911	29573	2262	2069	4316	659	483	53	5	14	4	68	24	63	257	8	102	1374	200	249	2033	2623	1319	128	132	59	363	18	718	1469	871	883	494	176	335	107	152	780	176	242	324	847	351	1109	1464	36	368	107	109	128
OTU100	0	62	0	3	0	1	9	10	4	0	4	12	88	57	2	0	0	0	5	0	6	1	13	4	7	1	90	875	117	628	191	7	81	3	11	7	32	86	1	0	6	7	58	179	2856	48	256	268	334	118	60	60	99	8	99	188	272	105	101	2	1	9	1	48	521	19	1003	428	260	12	23	6	218	125	4	5	4	59	97	72	54	63	232	284	87	59	5	1	65	161	29	14	44	70	7	26	95	16	211	137	272	135
OTU1000	0	0	0	0	0	0	0	0	0	0	0	0	0	0	0	0	0	0	0	0	0	0	0	0	0	0	0	1	0	0	0	0	1	0	0	0	0	0	0	0	0	0	0	0	0	0	0	0	0	0	0	0	0	0	0	0	0	0	1	0	149	0	0	4	0	28	0	0	0	0	0	0	0	0	0	0	0	0	0	0	0	0	3	0	0	1	0	0	0	0	0	0	10	2	0	0	0	16	0	0	0	0
OTU1001	0	0	0	0	0	0	0	0	0	0	0	0	0	0	0	0	0	0	1	185	0	0	0	0	0	0	0	0	0	0	0	0	0	0	0	0	0	0	0	0	0	0	0	0	0	0	0	0	0	0	0	0	0	0	0	0	0	0	0	0	0	0	0	0	0	0	6	0	0	0	0	0	0	0	0	0	0	0	0	0	0	0	0	0	0	0	0	0	0	0	0	0	0	0	0	2	0	0	0	1	32	0
OTU1002	0	0	0	0	0	0	0	0	0	0	0	0	0	0	0	0	0	0	0	0	0	0	1	2	0	0	0	0	0	0	0	0	0	0	0	1	0	0	0	0	0	0	0	0	0	0	0	0	0	0	0	0	0	0	0	0	7	2	0	0	0	0	0	0	10	0	112	101	56	0	0	0	0	0	0	0	0	0	0	0	0	0	0	0	0	0	0	0	0	0	0	0	0	0	0	0	0	0	3	0	2	1
OTU1003	0	0	0	0	0	0	1	0	0	0	0	0	0	0	0	0	0	0	0	0	0	1	0	0	0	0	0	0	0	0	0	0	1	65	0	0	0	0	0	0	0	0	0	0	0	2	0	0	0	1	0	0	0	0	0	0	0	0	0	0	218	0	0	10	0	13	0	0	1	0	0	0	0	0	0	0	0	0	0	0	0	0	7	0	0	9	0	1	0	2	0	0	1	0	0	0	0	8	0	0	1	0
OTU1004	0	1	0	0	0	0	0	0	0	0	2	16	2	4	0	0	0	0	0	0	0	0	0	0	0	0	0	4	0	0	0	0	0	0	0	0	0	0	1	0	0	0	1	56	11	1	15	24	0	0	0	1	5	0	49	78	165	21	12	0	0	0	2	0	0	3	9	0	2	1	0	1	0	5	0	0	0	0	0	0	1	47	51	3	0	4	0	0	2	6	0	0	1	3	2	1	14	0	0	0	0	0
OTU1005	0	0	0	0	0	0	0	0	0	0	0	0	1	7	0	0	0	201	0	0	0	0	0	0	0	0	0	0	0	0	0	0	0	0	0	0	0	0	0	0	0	0	0	0	0	0	7	0	0	0	0	0	1	1	0	0	7	0	0	0	0	0	0	0	0	0	0	0	0	0	0	0	0	4	0	0	0	0	0	0	2	0	0	0	0	0	0	0	0	0	0	0	0	1	0	0	0	0	1	0	0	0
OTU1006	0	0	0	0	0	0	0	0	0	0	0	0	0	0	0	0	0	0	0	0	0	0	0	0	0	0	0	0	0	0	0	0	0	183	0	0	0	0	0	0	0	0	0	0	0	6	0	0	0	0	0	0	0	0	0	0	0	0	0	0	0	0	0	4	0	0	0	2	0	0	0	0	0	0	0	0	0	0	0	0	0	0	0	0	0	0	0	0	0	4	0	0	0	0	0	0	0	10	0	0	0	0
OTU1007	0	0	0	0	0	0	0	0	0	0	0	0	0	0	0	0	0	0	0	0	0	0	0	0	0	0	0	0	0	0	0	0	0	0	0	0	0	0	0	0	0	0	0	0	0	0	0	0	0	0	0	0	0	0	0	1	0	0	0	0	218	0	0	24	0	13	0	0	0	0	0	0	0	0	0	0	0	0	0	0	0	0	1	0	0	10	0	0	0	0	0	0	4	0	0	0	0	11	0	0	0	0
OTU1008	0	0	0	0	0	0	0	1	0	0	0	0	0	0	0	0	0	0	0	0	0	0	0	0	0	0	0	0	0	0	0	0	0	2	0	0	0	0	0	0	0	0	0	0	0	0	0	0	0	0	0	0	0	0	0	0	0	0	0	0	0	0	0	0	0	0	4	0	0	0	0	0	0	0	0	0	0	0	0	0	0	0	0	0	0	0	0	0	0	0	0	0	0	7	1	0	0	1	63	96	51	18
OTU1009	0	0	0	0	0	0	0	1	1	0	10	0	5	2	0	0	0	0	0	0	0	0	0	0	0	0	0	0	0	0	0	0	0	0	0	0	0	0	0	0	0	0	0	1	0	0	0	0	0	0	0	0	7	0	0	0	2	2	0	0	0	0	0	0	0	0	0	1	0	1	0	0	0	0	0	30	206	0	0	0	0	2	0	0	0	0	0	0	0	0	0	0	6	0	0	0	0	0	0	0	0	0
OTU101	0	0	0	2	0	0	7	10	6	0	5	0	4	2	0	0	0	0	4	0	4	11	6	4	7	1	0	21	7	0	0	2	8	1	5	7	26	2	0	0	149	27	21	5	0	2	0	0	3	1	4	3	9	0	19	1	32	9	172	6	7	0	0	6	1186	10	1403	136	7214	4	0	0	3	11	6	11	90	77	89	10	1	4	0	4	0	1	6	14	31	18	5	4	1	24	0	1	0	28	5	2	3	8
OTU1010	0	0	0	0	0	0	0	0	0	0	0	0	0	0	0	0	821	0	0	0	0	0	0	0	0	0	0	0	0	0	0	0	0	0	0	0	3	0	0	0	0	0	0	0	0	0	0	0	0	0	0	0	0	0	0	0	0	0	0	4	0	0	0	0	0	0	0	0	0	0	0	0	0	0	0	0	0	0	0	0	0	0	0	0	0	0	0	0	0	0	0	0	0	0	0	0	0	0	0	0	0	0
OTU1011	0	0	0	0	0	0	0	0	0	0	0	0	0	0	0	0	0	0	0	0	0	0	0	0	0	0	0	0	0	0	11	0	0	0	0	0	0	0	0	0	0	0	0	27	1	0	4	6	0	0	0	0	1	0	12	190	2	4	6	0	0	0	0	0	0	2	0	0	3	0	0	0	0	0	0	0	0	0	1	0	0	0	0	0	0	0	0	0	0	0	5	0	1	18	2	0	8	0	0	0	0	0
OTU1012	0	7	0	0	0	0	0	0	0	0	0	0	9	3	0	0	0	0	0	0	0	0	0	0	0	0	0	0	0	0	1	0	0	0	0	0	0	0	0	0	0	3	0	0	19	2	0	0	0	0	0	0	1	0	3	2	22	2	11	4	0	0	0	0	0	0	1	0	0	0	1	0	0	2	34	0	3	2	0	0	0	237	11	0	0	4	1	0	0	2	0	0	1	3	0	0	2	0	18	0	0	0
OTU1013	2	3	0	0	0	0	0	1	0	0	1	0	2	1	0	0	0	0	0	0	0	0	0	2	0	0	21	85	1	62	14	0	0	0	0	0	0	0	23	0	0	0	0	7	2	1	0	0	0	1	0	1	8	1	0	3	8	1	6	0	0	0	0	0	0	0	1	0	0	27	57	11	4	10	2	4	0	2	2	7	0	7	6	1	0	1	0	10	2	7	12	4	0	3	0	0	0	0	0	0	0	0
OTU1014	0	0	0	0	0	0	0	0	0	0	0	5	4	0	0	0	151	0	1	0	0	0	2	0	0	0	0	0	162	6	0	0	0	0	0	0	7	31	0	0	0	2	0	0	0	20	13	0	0	1	0	0	2	4	0	0	16	5	0	0	0	0	0	4	0	0	0	0	0	0	0	0	2	1	0	0	0	3	0	0	3	0	0	16	0	0	0	0	1	1	0	0	0	0	0	2	0	0	0	0	0	0
OTU1015	0	0	0	0	0	0	0	0	0	0	0	0	3	0	0	0	0	0	0	0	0	0	0	0	0	0	0	51	0	6	0	0	0	0	0	0	0	0	0	0	0	0	0	11	15	52	7	0	0	0	0	0	0	0	1	134	2	3	0	0	0	0	0	0	0	2	0	0	0	0	0	1	0	6	0	0	0	0	0	0	0	0	2	0	4	1	0	0	0	2	0	0	3	0	0	3	9	0	0	0	0	0
OTU1016	0	0	0	0	0	0	0	0	0	0	0	0	0	1	0	0	0	0	0	0	0	0	0	1	0	0	0	0	0	0	0	0	0	271	1	0	0	0	0	0	0	0	0	0	0	6	0	0	1	0	0	0	0	0	0	0	0	0	0	0	0	0	0	11	0	9	5	0	0	0	0	0	0	0	0	0	0	0	0	0	0	0	0	0	0	1	0	0	0	0	0	0	5	0	0	0	0	17	0	2	0	0
OTU1017	0	0	0	0	0	0	0	0	0	0	0	0	0	0	0	0	0	0	2	0	0	0	0	0	0	0	0	1	0	0	0	0	0	185	0	0	0	0	1	0	0	0	0	0	0	0	0	0	0	2	0	0	1	0	0	1	0	0	0	1	52	0	0	118	0	18	3	0	0	0	0	0	0	1	0	0	0	0	0	0	0	0	2	0	0	28	0	0	0	1	0	0	17	0	1	0	0	32	0	0	2	0
OTU1018	0	0	0	0	0	0	0	0	0	0	0	0	0	0	0	0	0	0	0	0	0	0	0	0	0	0	0	0	0	0	0	0	0	0	0	0	0	0	0	0	0	0	0	0	0	0	0	0	0	0	0	0	0	0	0	0	5	1	0	0	0	0	0	0	15	0	40	125	22	0	0	0	0	0	0	0	0	0	0	0	0	0	0	0	0	0	0	0	0	0	0	0	0	0	0	0	0	0	3	0	0	0
OTU1019	1	0	0	0	0	0	0	0	0	0	0	0	3	0	0	0	0	0	0	0	0	0	0	0	0	0	0	1	0	0	0	0	0	0	2	0	0	0	0	0	0	0	8	0	0	0	35	22	1	0	0	1	24	0	18	0	14	1	0	0	0	0	0	0	2	0	0	0	0	0	0	1	0	0	0	0	0	4	0	0	2	0	15	0	0	0	0	0	7	3	0	11	1	21	10	9	2	0	0	0	0	0
OTU102	9	13	1	3	0	0	15	10	13	0	10	8	68	71	0	0	1	0	4	0	7	9	4	9	71	0	82	308	226	249	166	0	8	7	15	6	12	28	368	0	289	198	142	64	154	160	72	20	76	81	17	317	111	24	30	173	179	275	78	41	0	0	3	7	157	12	240	3812	154	268	288	120	430	341	357	4	36	39	4096	12	186	1864	61	22	60	43	26	177	162	640	51	52	79	73	10	83	73	13	26	3	27	15
OTU1020	1	1	0	0	0	0	2	0	0	0	0	1	12	0	0	0	0	0	0	0	0	1	0	0	0	4	0	1	1	0	0	0	0	0	1	0	37	0	0	0	0	2	0	0	2	0	0	0	0	10	0	1	1	2	1	2	3	4	3	0	0	0	0	0	4	1	16	12	7	4	0	13	4	8	0	0	17	1	43	146	33	0	0	0	1	1	12	57	64	7	17	15	9	0	0	2	0	0	0	0	0	0
OTU1021	0	0	0	0	0	0	0	0	0	0	0	0	1	0	0	0	0	0	0	0	160	0	0	0	0	0	0	0	0	0	0	0	0	0	0	0	0	0	0	0	0	0	0	0	0	0	0	0	0	0	0	0	0	0	0	1	0	0	0	0	0	0	0	5	0	15	0	0	0	0	0	0	0	0	0	0	0	0	0	0	0	0	0	0	0	2	0	0	0	0	0	0	0	0	0	0	0	6	0	0	0	0
OTU1022	0	0	0	0	0	0	0	0	0	0	1	0	0	3	0	0	0	0	0	0	0	0	0	0	0	0	0	1	1	35	2	0	0	0	2	0	0	5	0	0	0	0	0	18	20	0	11	1	0	0	0	0	8	0	4	13	12	19	4	0	1	3	0	0	0	0	0	0	0	0	0	28	4	1	0	8	5	2	0	0	1	0	104	3	33	0	0	1	1	6	19	5	0	3	0	2	28	0	0	0	0	0
OTU1023	14	0	0	0	0	0	0	1	0	0	0	1	4	2	0	0	0	0	0	0	0	0	0	0	0	0	0	2	0	0	1	0	0	0	0	1	0	0	0	0	1	0	0	0	0	0	0	0	0	5	0	9	4	2	0	55	10	3	12	0	0	0	0	0	0	4	0	0	0	0	0	0	0	13	0	0	0	0	11	0	0	22	9	5	90	0	1	0	0	24	0	53	9	6	0	0	2	0	0	0	0	0
OTU1024	0	0	0	0	0	0	0	1	0	0	0	0	0	0	0	0	0	0	0	0	0	0	0	0	0	0	0	0	0	0	0	0	0	0	0	0	0	0	0	0	0	0	0	0	0	0	0	0	0	0	0	0	0	0	0	0	0	0	0	0	1	0	184	0	1	0	2	9	0	0	0	0	0	0	0	0	0	0	0	0	0	0	0	0	1	0	0	0	0	0	0	0	0	0	0	0	0	0	0	0	0	0
OTU1025	6	0	0	0	1	0	0	0	0	0	0	0	9	3	0	0	0	0	0	0	0	0	0	0	0	0	1	5	0	104	2	0	0	0	0	0	0	0	0	0	0	0	0	1	0	0	0	0	14	416	0	1	8	0	1	0	1	7	0	0	0	0	0	0	0	0	0	0	0	1	0	0	0	6	0	0	2	2	1	0	0	0	0	0	0	0	0	1	0	6	2	60	9	7	1	0	0	0	1	0	0	0
OTU1026	0	0	0	0	0	0	0	0	0	0	0	1	0	0	0	0	0	0	0	0	0	0	0	0	0	0	0	0	0	0	0	0	2	0	1	0	0	0	0	0	0	0	0	0	0	0	0	0	0	0	0	0	0	0	0	0	3	8	3	0	2	0	0	0	18	0	85	255	58	0	0	0	0	0	0	0	0	0	0	0	0	0	0	0	0	0	0	0	0	0	0	0	0	0	0	0	1	3	0	0	2	1
OTU1027	0	0	0	0	0	0	0	0	1	0	2	10	1	0	0	0	0	0	0	0	0	0	3	0	0	0	17	0	5	0	56	0	0	0	1	0	0	8	7	0	14	0	0	5	3	7	11	0	0	0	1	0	6	0	0	0	49	4	0	0	0	0	0	0	0	0	3	0	0	0	0	0	0	3	0	0	17	2	0	7	3	0	0	2	0	0	34	6	4	2	5	0	0	2	2	4	0	0	0	0	0	0
OTU1028	0	0	0	0	0	0	0	0	0	0	0	0	5	4	0	0	0	0	0	0	0	0	0	0	0	0	0	4	0	0	0	0	0	0	0	0	0	0	1	0	0	0	2	0	0	0	0	0	2	0	0	0	1	0	0	0	0	1	18	0	0	0	0	4	0	2	0	0	0	2	0	0	0	2	0	0	0	0	0	0	1	0	3	0	0	0	0	0	0	2	159	0	6	0	0	1	0	2	0	0	0	0
OTU1029	0	1	0	0	0	0	0	0	0	0	0	0	5	12	0	0	0	0	0	0	0	0	0	0	0	0	0	1	0	0	0	0	0	0	3	0	0	0	0	0	0	2	0	0	0	0	214	0	0	0	0	0	3	0	0	0	8	0	0	0	0	0	0	0	0	0	0	0	0	0	0	0	0	3	0	0	0	0	0	0	0	0	0	0	0	0	0	0	0	1	0	0	0	0	0	0	0	0	0	0	0	0
OTU103	41	13	2	5	0	1	3	17	4	0	12	4	108	155	7	0	0	0	0	0	3	3	0	6	0	0	2	71	4	75	8	0	34	0	18	8	115	15	191	0	11	20	117	8	836	20	9	263	134	114	5	21	127	1676	15	7	488	155	133	1	3	1	11	6	0	4	14	13	9	15	9	525	315	282	4	551	8	10	9	3	90	36	308	111	490	44	7	9	23	137	119	291	67	282	11	46	1837	1	3	1	2	22
OTU1030	0	0	0	2	0	0	0	0	0	0	0	0	1	1	0	0	0	0	0	0	0	0	0	0	0	0	0	0	0	0	0	0	0	0	0	0	0	1	0	0	3	0	0	0	0	0	0	0	145	0	0	118	7	0	4	0	10	9	0	0	0	0	0	2	0	0	1	1	1	0	0	0	3	65	0	0	0	0	0	0	2	0	0	0	0	1	0	0	0	4	0	1	0	0	0	0	2	0	0	0	0	0
OTU1031	0	0	0	0	0	0	0	0	0	0	0	0	0	0	0	0	0	0	0	0	0	0	0	0	0	0	0	0	0	0	0	0	0	3	0	0	0	0	0	0	0	0	0	0	0	0	0	0	0	0	0	0	0	0	0	0	0	0	0	0	0	0	0	0	0	2	0	1	0	0	0	0	0	0	0	0	0	0	0	0	0	0	0	0	0	0	0	0	0	0	0	0	0	14	1	0	0	0	177	55	0	0
OTU1032	0	0	0	0	0	0	2	0	0	0	1	0	1	0	0	0	0	0	0	0	0	1	0	0	0	0	0	1	0	0	0	0	3	119	0	0	0	0	0	0	0	0	0	0	0	0	0	0	0	0	0	0	2	0	0	3	1	1	0	0	4	0	0	125	0	51	0	2	0	0	0	0	0	0	0	0	0	0	0	0	0	0	0	0	0	59	0	0	0	0	0	0	19	0	0	0	0	39	0	0	0	4
OTU1033	0	0	0	0	0	0	0	2	0	0	0	0	0	0	0	0	0	0	0	0	0	0	0	2	0	0	0	0	0	0	0	0	0	1	0	0	0	0	0	0	0	0	0	0	0	0	0	0	0	0	0	0	0	0	3	0	2	5	7	0	2	0	0	1	125	4	190	61	270	0	0	0	0	0	0	0	0	0	0	0	0	0	0	0	0	0	0	0	0	0	0	0	0	0	0	0	0	4	1	3	0	1
OTU1034	0	0	0	0	0	0	0	0	0	0	0	0	0	0	0	0	0	0	0	0	0	0	0	0	0	0	0	3	0	0	0	0	0	255	0	0	0	0	0	0	0	0	0	0	0	1	0	0	0	0	0	0	2	0	0	1	4	0	0	0	0	0	1	36	0	14	2	1	0	2	0	0	0	0	0	0	0	0	0	0	0	0	1	0	0	18	0	0	0	0	0	0	13	0	0	0	0	22	0	0	0	0
OTU1035	0	0	0	0	0	0	0	1	0	0	1	0	0	1	0	0	0	0	0	0	0	2	0	0	0	0	0	2	0	0	0	0	0	172	4	0	0	0	0	0	0	0	0	0	0	7	0	0	0	1	0	0	0	0	0	6	2	0	0	1	47	0	0	140	0	85	6	1	0	0	0	0	0	4	0	0	0	0	0	0	0	0	3	0	1	66	0	0	0	2	0	0	23	0	0	0	0	63	0	0	1	0
OTU1036	0	0	0	0	0	0	0	0	0	0	0	0	0	0	0	0	0	0	0	0	0	0	0	0	0	0	0	0	0	23	0	0	0	0	0	0	0	0	0	0	0	0	0	0	0	0	0	0	0	0	0	0	0	0	0	0	2	0	0	0	275	0	0	8	0	1	0	0	0	0	0	0	0	0	0	0	0	0	0	0	0	0	5	0	0	0	0	0	0	0	0	0	0	0	0	0	0	3	0	0	0	0
OTU1037	0	0	0	1	0	0	5	0	0	0	0	0	2	0	0	0	0	0	0	0	0	0	0	0	0	0	2	37	0	0	0	0	0	0	0	0	0	0	0	0	8	0	0	0	0	8	5	0	29	18	4	9	2	6	0	6	4	0	2	0	0	0	0	0	0	0	0	0	0	56	39	22	31	5	52	0	0	0	8	0	12	1	5	0	0	0	0	0	1	9	0	4	2	9	10	7	1	0	0	0	2	0
OTU1038	0	0	0	0	0	0	0	0	0	0	0	0	0	2	0	0	0	0	0	0	0	0	0	0	0	0	0	3	0	0	0	0	0	0	0	0	1	0	0	0	0	0	0	1	1	0	0	0	0	0	0	0	6	61	0	0	6	0	1	0	0	0	0	0	0	0	0	0	4	152	0	1	0	1	0	0	0	0	0	0	1	0	0	0	0	4	2	1	0	1	0	0	0	0	0	1	0	0	0	0	0	0
OTU1039	0	0	0	0	0	0	0	0	0	0	0	0	0	0	0	0	0	0	0	0	0	0	0	0	0	0	0	0	0	0	0	0	1	1	1	0	0	0	0	0	0	0	0	0	0	0	1	0	0	0	0	0	0	0	1	0	0	5	1	0	0	0	0	0	39	0	44	52	78	0	0	0	0	0	0	0	0	0	0	0	0	0	0	0	0	0	0	0	0	0	0	0	0	0	0	0	0	0	0	1	0	0
OTU104	0	0	0	0	0	0	16	4	0	0	0	9	4	0	0	0	0	0	10	0	4	6	2	5	3	0	0	0	0	1	0	2	2	7	7	0	0	0	1	0	0	0	0	0	0	1	0	0	0	0	0	0	2	0	0	0	177	2	0	5	6	0	1	3	9	7	9087	5	7	0	0	0	0	2	0	0	0	0	0	0	0	0	0	0	0	0	0	0	0	0	0	0	0	1	0	1	0	10	10	24	9	9
OTU1040	0	0	0	0	0	0	0	0	0	0	0	0	0	0	0	0	0	0	0	0	1	0	0	0	0	0	0	0	0	0	0	0	0	0	2	2	0	0	0	0	0	0	1	0	0	0	0	0	0	0	0	0	0	0	1	0	0	6	7	0	1	0	0	0	88	0	114	131	110	0	0	0	0	0	0	0	0	0	0	0	0	0	0	0	0	0	0	0	0	0	0	0	0	0	0	0	0	1	13	0	0	0
OTU1041	0	0	0	0	0	0	1	0	0	0	0	2	3	10	0	0	0	0	0	0	0	0	0	0	0	0	0	1	0	3	0	1	0	0	2	0	2	0	0	0	2	0	0	30	2	16	69	12	29	52	11	11	10	0	10	83	32	5	33	0	0	0	0	1	0	1	0	0	0	0	0	0	15	6	0	0	0	0	2	0	2	11	18	1	1	6	0	0	29	4	5	0	1	1	8	3	1	0	0	0	0	0
OTU1042	0	0	0	0	0	0	0	0	0	0	0	0	5	3	0	0	0	0	0	0	0	0	0	0	0	0	0	0	0	0	0	0	1	0	0	0	0	0	0	0	0	0	0	7	11	1	2	0	0	0	0	0	3	0	4	160	6	1	0	0	0	0	0	0	0	1	0	0	0	0	0	0	0	9	0	0	0	0	0	2	0	0	0	0	0	0	0	0	0	5	0	0	7	0	0	0	0	0	0	0	0	0
OTU1043	0	0	0	0	0	0	0	0	0	0	0	0	0	0	0	0	0	0	0	0	0	0	0	0	1	0	0	0	0	0	0	0	0	0	0	0	0	0	0	0	0	0	0	0	0	0	0	0	0	0	0	0	0	0	0	0	0	0	6	0	0	0	0	0	1	0	1	0	198	0	0	0	0	0	0	0	0	0	0	0	0	0	0	0	0	0	0	0	0	0	0	0	0	0	0	0	0	0	0	0	0	0
OTU1044	0	0	0	0	0	0	0	0	0	0	0	0	0	2	0	0	0	0	0	0	0	0	1	1	0	0	0	2	1	0	0	0	0	1	0	0	0	0	0	0	0	0	0	0	0	0	0	0	0	0	0	0	0	0	0	0	4	0	0	1	136	0	0	70	0	45	1	0	0	0	0	1	0	3	0	0	0	0	0	0	0	0	0	0	0	34	0	0	0	5	0	0	38	0	1	0	0	62	1	0	3	0
OTU1045	0	0	0	0	0	0	0	0	0	0	0	0	2	6	0	0	1	0	0	0	0	0	0	0	0	0	0	2	0	0	0	0	2	0	0	0	0	0	0	0	0	0	0	0	126	3	2	2	0	0	0	0	1	0	111	0	14	6	3	0	0	0	0	0	0	0	0	0	0	2	0	0	0	8	1	0	0	0	0	0	4	0	0	0	0	0	0	0	4	5	0	0	0	67	52	1	0	0	4	0	0	0
OTU1046	0	1	0	0	0	0	0	0	0	0	0	0	3	5	0	0	0	0	0	0	0	0	0	0	0	0	2	1	0	0	0	0	0	0	0	0	1	0	0	0	1	0	1	0	57	0	0	0	33	0	0	21	14	0	3	0	5	4	0	0	0	0	0	0	0	0	0	0	0	0	0	0	0	4	0	0	0	0	0	0	3	0	11	16	0	0	0	2	0	4	0	0	2	0	7	21	0	0	0	0	0	0
OTU1047	0	0	0	0	0	0	0	0	3	0	0	1	1	6	0	0	0	0	0	0	0	1	0	0	0	0	0	0	0	18	0	0	2	0	0	0	4	0	0	0	0	0	0	0	12	2	0	0	8	44	0	1	8	0	0	2	8	5	0	0	0	0	0	0	0	0	0	0	0	1	1	9	0	4	0	0	0	0	0	7	10	0	4	27	7	0	37	5	2	2	8	0	0	1	0	2	0	0	0	0	0	0
OTU1048	0	0	0	0	0	0	0	0	0	0	0	11	0	0	0	176	0	0	0	0	0	0	0	0	0	0	0	0	0	0	0	0	0	0	0	0	0	0	0	0	0	0	0	0	0	0	0	0	0	0	0	0	0	0	0	0	2	0	0	0	0	0	0	0	0	0	0	0	0	0	0	0	0	2	0	0	0	0	0	0	0	0	0	0	0	3	0	0	0	0	0	0	0	0	0	0	0	0	0	0	0	0
OTU1049	0	0	0	0	0	0	1	0	0	0	0	0	0	0	0	0	0	0	0	0	0	0	0	0	0	0	0	0	0	0	0	0	0	0	0	1	0	0	0	0	0	0	0	0	0	0	0	0	0	0	0	0	0	0	2	0	2	5	2	0	0	0	0	0	119	0	32	0	22	1	0	0	0	0	0	0	0	0	0	0	2	0	0	0	0	0	0	0	0	0	0	0	0	0	0	0	0	0	0	0	0	0
OTU105	0	0	0	0	0	1	32	5	0	0	0	0	0	0	0	0	0	0	2	2	13	5	0	2	6	1	2	0	13	0	1	3	20	31	14	2	0	0	0	0	0	0	0	0	0	0	0	0	4	0	0	6	0	0	0	2	15	12	0	3	25	1	0	15	41	8	595	165	25	0	2	0	0	0	3	0	0	0	0	0	0	0	1	0	0	0	0	2	3	10	0	0	1	218	14	47	92	30	9998	1420	2734	5708
OTU1050	0	0	0	0	6	0	0	0	0	0	51	3	0	2	0	0	0	0	0	0	0	2	0	0	0	0	1	0	0	0	0	0	1	0	0	0	254	0	0	0	0	2	0	0	1	1	0	0	0	5	0	25	1	0	3	0	0	0	0	7	0	0	0	0	0	0	0	0	0	1	0	4	8	14	1	0	438	5	3	0	1	221	3	0	0	0	0	7	1	3	0	4	0	0	0	8	0	0	0	0	0	0
OTU1051	0	0	0	0	0	0	2	0	0	0	0	0	0	0	0	0	0	0	0	0	0	0	0	0	0	0	0	0	0	0	0	0	0	0	0	0	0	0	0	0	0	0	0	0	0	0	0	0	0	0	0	0	0	0	0	1	0	0	0	0	194	0	0	20	0	3	0	0	0	0	0	0	0	0	0	0	0	0	0	0	0	0	0	0	0	8	0	0	0	0	0	0	0	0	0	0	0	3	0	0	0	0
OTU1052	0	0	0	0	0	0	0	0	0	0	0	0	4	2	2	0	0	0	0	0	0	0	0	0	0	0	0	2	0	3	0	0	0	0	0	1	0	0	0	0	0	0	0	2	0	0	0	9	0	0	0	1	1	0	0	1	3	2	0	0	3	0	0	1	0	7	0	0	0	0	0	0	0	0	0	0	0	0	0	1	0	0	174	0	0	0	0	0	0	2	0	0	2	2	13	1	2	0	38	0	0	0
OTU1053	0	0	0	0	0	0	0	0	0	0	0	0	0	2	0	0	0	0	0	0	0	0	0	0	0	0	0	66	0	0	7	0	0	0	0	0	1	0	2	0	1	0	0	9	0	0	0	27	12	0	0	0	3	2	9	12	9	5	12	0	0	0	0	0	0	0	0	0	0	0	0	5	0	4	0	0	0	0	0	0	2	12	26	0	23	5	0	0	0	1	0	0	1	3	0	0	0	0	1	0	0	0
OTU1054	0	1	0	0	0	0	0	0	0	0	0	0	0	0	0	0	0	0	0	0	0	5	0	0	0	0	0	0	0	0	0	0	0	0	0	0	203	0	0	0	0	0	0	0	0	4	0	0	0	0	0	0	1	0	0	0	0	0	0	0	0	0	0	0	0	0	0	0	0	4	0	0	0	0	0	0	0	0	0	0	1	0	0	0	0	0	0	0	0	0	0	0	0	0	31	0	0	0	0	0	0	0
OTU1055	0	1	0	0	0	0	1	0	0	0	0	4	5	3	0	0	0	0	0	0	0	0	0	0	0	0	0	1	0	8	0	0	0	1	1	0	3	0	1	0	0	0	0	156	3	0	0	0	1	1	0	0	6	0	30	0	38	2	0	0	0	0	0	0	1	0	0	0	0	2	1	23	0	3	0	0	0	0	0	0	4	0	4	0	0	0	0	0	0	1	0	0	19	3	4	31	0	0	0	0	1	0
OTU1056	0	0	0	0	0	0	0	2	0	0	0	0	0	0	0	0	0	0	0	0	0	0	0	0	0	0	0	0	0	0	0	0	0	0	0	0	0	0	0	0	0	0	0	0	0	0	0	0	0	0	0	0	0	0	5	0	1	1	3	0	0	0	0	0	150	0	29	5	25	0	0	0	0	0	0	0	0	0	0	0	0	0	0	0	0	0	0	0	0	0	0	0	0	0	0	0	0	0	1	1	0	0
OTU1057	0	0	0	0	0	0	0	0	2	0	2	0	7	11	0	0	0	0	0	0	0	0	0	0	0	0	0	5	3	0	0	0	3	0	0	0	0	0	1	0	0	0	0	58	38	33	48	8	0	0	3	0	6	86	62	36	23	6	0	0	0	0	0	0	3	3	1	0	0	2	0	0	2	1	0	3	0	0	0	0	2	13	6	7	0	0	0	1	1	6	0	6	4	2	25	48	1	0	0	0	1	0
OTU1058	0	0	0	0	0	0	0	0	0	0	2	0	5	15	0	0	0	0	0	0	0	0	0	0	0	2	0	0	0	2	0	0	1	3	0	1	0	0	0	0	0	0	0	0	0	0	0	5	0	3	0	0	10	0	5	238	16	11	180	2	0	0	0	0	1	8	1	2	10	1	0	0	0	5	0	1	0	0	0	0	4	18	0	0	0	2	1	2	0	3	0	0	14	1	0	3	32	1	43	83	34	0
OTU1059	0	0	0	0	0	0	0	5	0	0	0	0	2	0	0	0	0	0	0	0	0	0	0	0	0	0	0	7	0	2	0	0	0	0	0	0	0	0	0	0	0	0	1	0	0	0	0	0	3	4	0	0	29	0	2	0	1	1	4	0	0	0	0	0	0	0	0	0	0	0	0	0	159	23	0	2	0	0	17	0	3	0	3	0	0	0	0	0	0	8	156	0	4	0	0	0	0	0	0	0	0	0
OTU106	10	18	0	5	0	1	3	25	9	1	14	3	55	75	10	0	1	2	5	0	1	4	0	0	1	1	110	653	18	999	295	0	15	16	5	5	13	18	6	0	28	227	99	38	749	195	271	173	1012	162	612	24	906	72	172	3809	573	518	456	2	7	9	4	15	0	104	18	16	57	45	5	94	1570	4859	548	7	17	10	83	7	453	164	271	286	196	86	14	8	35	165	113	33	162	681	176	388	244	16	88	341	70	14
OTU1060	0	0	0	1	0	0	0	1	2	0	0	8	5	4	0	0	0	0	0	0	0	0	0	0	0	0	1	14	1	13	3	0	0	0	0	0	1	0	0	0	5	4	0	3	7	0	3	2	2	2	23	11	3	1	6	6	61	3	3	0	0	0	0	0	0	0	0	5	0	1	25	2	46	14	0	0	1	6	12	0	0	0	0	0	0	6	0	0	0	3	0	0	0	1	4	1	4	0	0	0	0	0
OTU1061	0	0	0	0	0	0	0	0	0	0	1	0	4	1	0	0	0	0	0	0	0	0	0	4	0	0	0	10	0	0	0	0	0	0	0	0	0	6	40	0	5	1	7	34	7	12	4	0	2	0	0	3	6	3	3	8	1	0	1	0	0	3	0	13	0	1	0	0	0	0	9	21	5	0	5	0	11	7	0	0	1	0	3	0	0	2	1	0	0	8	3	0	3	1	0	6	0	1	0	0	0	0
OTU1062	0	0	0	0	0	0	0	0	0	0	0	0	0	1	0	0	0	0	0	0	0	0	0	0	0	0	0	33	37	0	0	0	0	1	0	0	3	0	0	0	0	0	0	0	0	23	6	32	0	0	0	0	4	0	2	1	13	1	0	0	0	0	0	3	0	0	0	0	0	0	0	0	0	1	0	0	0	0	0	0	0	0	30	5	6	1	0	0	0	0	3	2	2	2	0	0	0	0	0	0	0	0
OTU1063	0	1	0	0	0	0	0	0	0	0	0	1	2	4	0	0	0	0	0	0	0	0	0	0	0	0	0	5	7	0	0	0	0	0	0	0	1	0	2	0	2	9	0	0	0	0	0	0	3	15	1	0	30	3	0	0	3	4	2	0	0	0	0	0	0	0	0	0	0	18	13	15	0	4	1	4	0	0	8	24	4	0	0	0	0	0	15	15	80	1	0	6	1	0	0	0	0	0	0	0	0	0
OTU1064	0	1	1	0	0	0	1	0	0	0	105	0	0	1	1	0	6	0	1	0	1	97	0	0	4	6	0	0	0	0	0	0	2	0	0	0	530	1	4	0	0	12	0	0	7	0	0	0	0	16	0	78	0	0	2	0	0	0	13	119	0	0	0	0	0	0	0	3	0	13	0	1	24	23	0	3	780	12	4	8	5	616	7	0	0	0	3	22	0	0	0	13	0	6	0	7	0	0	1	0	0	0
OTU1065	0	0	0	0	0	0	0	0	0	0	0	0	0	0	0	0	0	0	0	0	0	0	0	0	0	0	0	0	0	0	0	0	2	1	0	0	0	0	0	0	0	0	0	0	0	0	0	0	0	0	0	0	0	0	2	0	0	1	0	1	1	0	0	0	33	2	4	18	21	0	0	0	0	0	0	0	0	0	0	0	0	0	0	0	0	0	0	0	0	0	0	0	0	0	0	9	0	3	68	0	318	8
OTU1066	4	0	0	0	0	1	0	0	0	0	0	1	3	0	0	0	0	0	0	0	0	0	0	0	0	0	0	1	0	0	0	0	0	2	0	0	0	0	0	0	0	0	0	6	91	45	3	0	0	0	0	0	3	0	1	0	13	7	0	1	0	0	0	0	0	0	0	0	0	0	0	0	0	5	0	1	0	0	0	0	2	49	1	5	0	3	0	1	1	1	0	0	1	0	0	0	1	0	0	0	0	8
OTU1067	1	0	0	0	0	0	0	0	0	0	0	0	2	0	0	0	0	0	0	0	0	0	0	0	0	0	0	0	0	0	0	0	0	1	0	0	0	0	0	0	9	0	0	0	0	0	1	0	0	0	0	0	2	0	0	0	9	1	0	0	0	0	0	0	0	0	0	0	2	0	0	0	78	105	0	0	0	0	0	0	0	0	0	0	0	0	0	0	0	0	0	3	0	2	0	0	0	0	0	0	0	0
OTU1068	0	0	0	0	0	0	0	0	0	0	0	0	3	4	0	0	0	0	0	0	0	0	0	0	0	0	0	0	0	0	0	1	0	0	0	0	0	0	0	0	0	0	0	163	0	0	0	0	0	0	0	0	1	0	9	109	4	0	0	0	0	0	0	0	0	0	0	0	0	0	0	0	0	3	1	0	1	0	0	0	0	0	0	0	0	0	0	2	0	1	0	0	2	0	0	2	0	0	0	0	0	0
OTU1069	0	0	0	0	0	0	1	0	0	0	0	0	4	3	0	0	0	0	0	0	0	0	0	0	0	0	0	0	0	0	0	0	0	0	1	0	0	0	0	0	0	0	0	24	1	1	0	0	0	0	0	0	0	0	3	59	4	3	122	0	0	0	0	0	0	0	1	0	1	0	0	2	0	7	0	0	0	3	0	0	0	11	0	0	0	0	0	1	2	2	0	0	5	1	4	1	14	0	45	83	5	0
OTU107	0	2	1	4	1	0	12	10	0	0	225	3	30	30	0	0	0	0	21	0	3077	9	3	2	4	0	3	13	3	0	0	1	4	4188	8	6	2	3	1	2	4	0	65	7	1	92	4	5	0	11	0	1	28	0	2	126	74	11	11	0	1330	0	2	3273	6	3769	147	25	19	2	1	3	1	67	1	3	6	1	1	0	12	5	23	6	0	4525	6	4	3	23	0	0	1129	4	3	5	5	4649	2	13	6	6
OTU1070	0	0	0	0	0	0	0	0	0	0	0	0	0	0	0	0	0	0	0	0	151	0	1	0	0	0	0	0	0	0	0	0	0	0	0	0	0	0	0	0	0	0	2	0	0	0	0	0	0	0	0	0	0	0	0	0	0	0	0	0	0	0	0	0	0	0	0	0	0	0	0	0	0	0	0	0	0	0	0	0	0	0	0	0	0	0	0	0	0	0	0	0	0	0	0	0	0	0	0	0	1	0
OTU1071	0	0	0	0	0	0	0	0	0	0	17	0	0	0	0	0	6	0	0	0	0	1	0	0	0	0	4	0	0	0	0	0	0	0	0	0	159	1	0	0	0	10	0	0	0	0	0	0	0	12	0	53	3	0	2	0	0	0	0	0	0	0	0	0	0	0	0	0	0	2	0	1	9	33	0	0	335	2	4	0	2	55	0	0	0	0	2	10	0	1	0	7	0	0	0	8	0	0	0	0	0	0
OTU1072	0	0	0	0	0	0	0	0	13	1	0	0	0	0	0	0	0	0	5	0	0	0	0	0	0	0	0	0	0	0	1	0	0	0	0	0	0	0	0	0	12	373	7	0	0	0	0	1	0	2	0	0	3	1	0	7	4	1	4	0	0	0	0	0	0	0	0	0	0	0	1	33	0	3	0	0	0	0	0	0	1	0	1	0	0	0	0	0	0	1	0	4	0	1	0	0	6	0	0	0	0	0
OTU1073	0	0	0	0	0	0	0	0	0	0	0	0	0	0	0	0	0	0	0	0	0	0	0	0	0	0	0	0	0	0	0	0	0	0	1	0	0	0	0	0	0	0	0	0	0	0	0	0	0	0	0	0	0	0	0	0	0	0	0	0	0	0	0	0	0	0	4	0	0	0	0	0	0	0	0	0	0	0	0	0	0	0	0	0	0	0	0	0	0	0	0	0	0	14	0	0	3	2	185	1	0	14
OTU1074	0	0	0	0	0	0	0	0	0	0	49	0	0	0	0	0	4	0	0	0	0	14	0	0	0	0	0	0	0	0	0	0	3	0	0	0	192	0	0	0	0	1	0	0	1	2	0	3	0	13	0	21	1	0	0	0	0	0	0	9	0	0	0	0	0	0	0	0	0	0	0	0	3	7	0	0	319	5	2	1	2	231	2	0	0	3	0	12	0	1	1	1	1	6	0	2	0	0	0	0	0	0
OTU1075	0	0	0	0	0	0	0	1	0	0	0	0	0	0	0	0	0	0	0	0	0	0	0	0	0	0	0	0	0	0	0	0	0	0	0	0	0	4	0	0	0	0	0	0	0	0	0	0	0	0	0	0	0	0	0	0	0	0	0	0	0	0	0	0	0	0	0	0	0	0	0	0	0	0	0	0	0	0	0	0	0	0	0	0	0	0	0	0	0	0	0	0	0	0	0	5	0	0	1	0	180	0
OTU1076	0	0	0	0	0	0	0	0	0	0	0	2	0	1	0	197	0	0	0	0	0	0	0	0	0	0	0	0	0	0	0	0	0	0	0	0	0	0	0	0	0	0	0	0	0	0	0	0	0	0	0	0	0	0	0	0	2	0	0	0	0	0	0	0	0	0	0	0	0	0	0	0	0	1	0	0	0	0	0	0	1	0	0	0	0	0	0	0	0	0	0	0	0	0	0	0	0	0	0	0	0	0
OTU1077	0	0	0	0	0	0	0	0	0	0	0	1	0	2	0	0	0	0	0	0	0	0	0	0	0	0	0	0	0	5	0	0	0	0	0	0	0	0	0	0	0	0	0	3	8	1	0	0	0	0	0	0	0	0	58	5	35	2	25	0	0	0	0	0	2	0	7	5	22	1	0	0	0	9	0	0	1	1	0	0	0	0	6	0	1	1	0	0	2	2	0	0	5	0	1	1	2	0	0	0	0	0
OTU1078	0	0	0	0	0	0	0	0	0	0	2	0	0	0	0	0	0	0	0	0	283	0	0	0	0	0	0	2	0	0	0	0	0	119	0	0	0	0	0	0	0	0	2	0	0	0	0	0	0	0	0	0	0	0	0	3	0	0	0	0	0	0	0	22	0	14	5	0	2	0	0	0	0	1	0	0	0	0	0	0	0	0	0	0	0	17	0	0	0	0	0	0	4	0	0	0	0	3	0	0	0	3
OTU1079	0	0	0	0	0	0	0	0	0	0	0	1	0	0	0	0	0	0	0	0	176	0	0	0	0	0	0	0	0	0	0	0	0	0	0	0	0	0	0	0	0	0	2	0	0	0	0	0	0	0	0	0	0	0	0	0	0	0	0	0	61	0	0	3	0	0	0	0	0	0	0	0	0	0	0	0	0	0	0	0	0	0	0	0	0	0	0	0	0	0	0	0	0	0	0	0	0	2	0	0	0	0
OTU108	0	2	0	0	0	0	4	10	0	0	6	11	0	2	0	0	0	0	3	0	5	4	10	8	2	6	3	41	37	0	5	1	8	10	11	5	26	53	30	0	5	5	5	0	0	6	8	0	4	3	9	5	17	1	38	0	116	53	97	4	11	2	3	6	943	7	3590	1356	2398	44	29	15	10	12	0	18	47	12	8	1	11	5	1	0	4	0	7	52	21	4	0	5	1	0	2	1	3	22	22	5	6	6
OTU1080	0	0	0	0	0	0	0	0	0	0	0	0	0	0	0	0	0	0	0	0	0	0	0	0	0	0	0	0	0	0	0	0	0	0	0	0	0	0	0	0	0	0	0	0	0	0	0	0	0	0	0	0	0	0	0	0	0	0	5	0	0	0	0	0	0	0	9	45	1	0	0	0	0	0	0	0	0	0	0	0	0	0	0	0	0	0	0	0	0	0	0	0	0	6	0	0	0	4	89	0	39	8
OTU1081	0	32	0	11	0	0	0	15	3	0	880	5	0	0	0	0	0	0	1	0	0	11	2	0	0	0	0	0	0	0	0	0	0	0	0	23	0	6	0	0	0	0	0	0	2	0	0	25	0	0	0	22	0	0	0	0	7	4	0	0	13	0	0	18	0	0	0	1	0	0	2	286	0	3	0	16	0	0	0	0	0	0	5	0	0	6	0	3	0	2	0	0	8	0	0	0	0	0	0	1	0	0
OTU1082	0	0	0	0	0	0	0	0	0	0	0	0	2	0	0	0	0	0	0	0	0	0	0	0	4	0	0	0	0	0	0	0	0	0	0	2	0	0	0	0	0	2	0	0	1	0	0	30	0	5	0	6	0	0	3	0	4	6	2	0	0	0	0	0	12	0	1	0	78	0	0	1	9	2	0	0	0	0	50	0	0	4	0	0	9	1	0	0	3	2	2	0	0	0	0	3	0	1	0	0	0	2
OTU1083	0	0	0	0	0	0	0	0	0	0	0	0	0	0	0	0	0	0	0	0	0	0	0	0	0	0	0	0	0	0	0	0	1	0	0	0	0	0	0	0	0	0	0	0	0	0	0	0	0	0	0	0	0	0	0	3	3	4	6	0	0	0	0	0	0	3	4	0	9	0	0	0	0	0	0	0	0	0	0	1	0	0	0	0	0	0	0	0	0	0	0	0	0	1	0	0	0	0	59	17	59	15
OTU1084	0	0	0	0	0	0	0	0	0	0	27	0	0	0	0	0	2	0	0	0	2	0	0	0	0	0	1	0	0	0	0	0	0	0	0	0	155	0	0	0	0	4	0	0	1	0	0	0	0	13	0	53	1	0	1	0	0	1	2	0	0	0	0	0	0	0	0	0	0	0	0	1	11	23	0	0	338	7	3	0	0	50	3	0	0	0	1	16	0	0	0	3	0	2	0	10	0	0	0	0	0	0
OTU1085	0	3	0	0	0	0	3	0	0	0	0	0	3	3	0	0	0	0	0	0	0	0	0	0	0	0	5	0	0	0	7	0	0	0	0	0	0	0	0	0	6	0	2	24	16	21	3	1	10	0	0	2	1	2	5	10	14	3	12	0	0	0	0	0	0	0	3	0	0	2	0	3	8	6	13	2	0	0	0	0	16	21	2	0	3	6	0	1	0	4	0	0	4	0	14	5	17	0	0	0	1	1
OTU1086	0	0	0	0	0	0	0	0	0	0	0	0	1	0	0	0	0	0	0	0	0	0	0	0	0	0	0	3	0	0	0	0	0	0	0	0	0	0	0	0	1	0	0	0	0	0	0	0	0	29	96	0	0	0	4	0	7	0	0	0	0	0	0	0	0	0	0	1	0	0	0	57	0	3	0	1	2	0	0	0	0	0	0	6	0	0	0	4	2	0	0	0	0	0	0	0	0	0	0	0	0	0
OTU1087	0	0	0	0	0	0	0	0	0	0	0	0	0	2	0	0	0	0	0	0	0	3	0	0	0	0	0	0	0	0	0	0	1	1	2	0	0	0	0	0	0	0	0	0	0	0	2	0	0	0	0	0	4	0	3	3	2	0	0	0	0	0	0	85	0	18	0	0	0	0	0	0	0	5	0	4	0	0	0	0	0	0	0	0	0	35	0	0	0	0	0	0	31	0	0	2	0	83	2	0	0	0
OTU1088	0	0	0	0	0	0	0	0	0	0	0	0	0	0	0	0	0	0	1	0	0	0	0	0	0	0	0	0	0	0	0	0	0	159	0	0	0	0	10	0	0	0	0	2	0	1	0	0	0	0	0	0	1	0	0	0	2	0	0	0	1	0	0	13	0	7	2	0	0	0	0	0	0	0	0	0	0	0	0	0	0	0	0	0	0	13	0	0	0	0	0	0	6	0	0	0	0	17	0	0	0	0
OTU1089	0	0	0	0	0	0	0	1	0	0	0	0	0	3	0	0	0	0	0	0	0	0	0	0	0	0	0	0	0	0	0	0	0	204	0	0	0	0	0	0	0	0	0	0	0	2	0	0	0	0	0	0	0	0	0	1	0	0	0	0	0	0	0	14	0	11	3	0	0	0	0	0	0	0	0	0	0	0	0	0	0	0	0	0	0	5	0	0	0	0	0	0	5	0	0	0	0	3	0	0	0	0
OTU109	5	26	0	4	0	0	8	16	17	3	44	27	69	100	4	0	0	0	0	0	2	10	5	19	5	0	9	57	13	97	49	6	22	6	99	2	217	121	1340	2	332	17	114	610	530	107	845	42	54	326	616	47	142	285	336	127	700	95	53	0	4	34	0	2	3	2	21	16	3	190	44	3977	82	302	135	1054	1065	549	131	50	152	96	125	2012	63	31	178	615	83	104	152	23	21	132	21	54	65	3	2	0	3	0
OTU1090	0	0	0	0	0	0	4	0	0	0	0	0	0	0	0	0	0	0	0	0	0	0	0	0	0	0	0	0	0	0	0	0	0	0	0	0	0	0	0	0	0	0	0	0	0	0	0	0	0	0	0	0	0	0	3	0	0	0	0	0	0	0	0	0	146	0	24	2	25	0	0	0	0	0	0	0	0	0	0	0	0	0	0	0	0	0	0	0	0	0	0	0	0	0	0	0	0	0	0	0	0	1
OTU1091	0	0	0	0	0	0	0	0	0	0	2	0	0	2	0	0	0	0	0	0	0	0	0	0	0	0	0	3	0	0	0	0	0	0	0	0	0	0	1	0	15	0	0	2	9	1	6	5	1	20	0	1	1	0	4	0	9	0	1	0	0	0	0	0	0	0	0	0	0	19	0	2	12	5	4	6	25	2	0	0	7	0	7	1	18	4	0	0	2	0	0	5	1	0	1	0	23	0	0	0	0	0
OTU1092	0	0	0	0	0	0	0	0	0	0	4	0	0	3	0	0	0	0	0	0	0	0	0	4	0	0	0	0	0	0	0	0	0	0	0	0	0	1	10	0	0	0	0	0	1	0	1	2	0	0	0	0	0	0	0	0	6	0	0	0	0	0	0	0	0	0	0	0	0	0	0	0	0	0	0	8	162	1	0	0	0	0	0	9	0	0	13	0	0	5	0	0	0	0	0	1	0	2	0	0	0	0
OTU1093	0	0	0	0	0	0	0	0	0	0	0	0	0	0	0	0	0	0	0	0	0	1	0	0	0	0	0	0	0	0	0	0	0	0	1	1	5	1	3	0	1	1	1	0	4	0	0	0	6	0	0	0	2	0	1	0	0	2	5	0	0	0	0	0	30	0	6	10	91	0	1	0	0	0	0	0	10	1	0	0	0	14	0	5	0	0	0	0	0	3	0	0	0	1	3	3	0	0	38	18	3	3
OTU1094	0	0	0	0	0	0	0	0	0	0	1	0	2	1	0	0	0	0	1	0	0	0	0	0	0	0	0	0	0	0	0	0	0	107	0	0	0	0	0	0	0	0	0	0	0	4	0	0	0	0	0	0	0	0	0	2	0	0	0	0	101	0	0	14	0	12	0	1	0	0	0	0	0	2	0	0	0	0	0	0	0	0	0	0	0	6	0	0	0	0	0	0	8	0	0	0	0	9	0	0	0	0
OTU1095	0	0	0	0	0	0	0	0	0	0	2	0	0	0	0	0	0	0	0	0	2	0	0	0	0	0	0	0	0	0	0	0	0	195	0	0	0	0	0	0	0	0	0	0	0	3	0	2	0	0	0	0	0	0	0	0	2	0	0	0	0	0	0	69	0	17	3	0	0	0	0	0	0	0	0	0	0	0	0	0	0	0	0	0	0	11	0	0	0	0	0	0	3	0	0	0	0	18	2	0	0	0
OTU1096	0	0	0	0	0	0	0	0	0	0	0	0	2	1	0	0	0	0	0	0	0	0	0	0	0	0	0	0	0	0	0	0	0	0	0	0	0	0	0	0	0	0	0	0	0	16	2	0	0	0	0	0	8	0	0	0	4	4	15	0	0	0	0	0	0	0	0	0	2	0	0	0	25	20	0	0	0	1	0	0	6	0	0	0	0	0	0	0	0	13	0	0	0	1	107	0	1	0	0	0	0	0
OTU1097	0	0	0	0	0	0	0	0	0	0	0	0	0	0	0	0	0	0	0	0	0	145	0	0	0	0	0	0	0	0	0	0	0	0	0	0	0	0	0	0	0	0	0	0	0	0	0	0	0	0	0	0	0	0	0	0	0	0	0	0	3	0	0	0	0	0	0	0	0	0	0	0	0	0	0	0	0	0	0	0	0	0	0	0	0	0	0	0	0	0	0	0	0	0	0	0	0	0	0	0	0	0
OTU1098	0	0	0	0	0	0	0	0	0	0	0	0	1	0	0	0	0	0	0	0	0	0	0	0	1	0	0	1	0	0	0	0	0	0	0	0	0	0	0	0	0	0	0	0	1	0	2	0	0	27	0	0	2	0	0	0	0	0	0	0	0	0	0	0	0	0	0	0	0	0	0	0	0	2	0	0	0	0	156	0	2	0	0	0	0	0	0	0	0	1	0	0	0	0	1	3	0	0	0	0	0	0
OTU1099	0	0	0	0	0	0	0	0	0	0	0	0	0	0	0	0	0	0	0	0	0	0	1	0	0	0	0	0	0	0	0	0	0	0	0	0	0	0	0	0	0	0	0	0	0	0	0	0	0	0	0	0	0	0	4	0	0	3	0	0	0	0	0	0	151	0	14	89	8	0	0	0	0	1	0	0	0	0	0	0	0	0	0	0	0	0	0	0	0	0	0	0	0	0	0	0	0	0	0	0	0	0
OTU11	24	111	6	36	0	1	31	129	134	129	147	119	419	858	16	2	13	1	92	0	32	110	34	58	54	6	108	322	156	292	215	159	108	321	139	30	1867	1058	2414	2	1779	1968	1128	6945	4027	2275	854	899	1068	1260	912	31107	1102	2602	1290	1534	2884	1502	1238	78	289	68	12	232	357	183	745	5493	575	1924	914	1513	955	1762	472	2819	3501	1138	1040	164	322	1851	999	2370	678	485	1097	2532	506	5878	738	252	502	8500	285	762	461	169	267	252	73	149
OTU110	0	1	0	0	0	0	3	5	2	0	75	3	15	5	1	0	0	0	3	0	3367	6	10	1	2	0	0	16	5	0	4	4	6	2421	11	11	6	4	4	0	0	2	97	0	4	78	1	0	3	3	0	4	9	2	4	39	39	9	5	3	948	4	4	1402	7	809	60	19	16	4	0	3	1	20	0	3	4	0	0	0	0	0	14	0	0	1087	0	0	2	11	0	0	413	5	8	4	7	1539	6	9	11	8
OTU1100	0	0	0	0	0	0	0	0	0	0	0	0	2	0	0	0	0	0	0	0	144	0	0	0	0	0	0	0	0	0	0	0	0	0	0	0	0	0	0	0	0	0	2	0	0	0	0	4	1	0	0	1	3	0	0	0	0	0	0	0	0	0	2	2	0	0	0	0	0	0	0	0	0	0	0	0	0	0	0	0	1	0	0	0	0	1	0	0	0	0	0	0	0	0	0	0	0	4	0	0	0	0
OTU1101	0	0	0	0	0	0	0	0	0	0	0	1	0	0	0	0	0	0	0	0	0	0	0	0	0	0	7	0	146	1	0	0	0	0	0	0	0	0	0	0	0	2	0	0	2	0	0	0	0	0	0	0	0	0	0	3	4	0	0	0	0	0	0	0	0	0	13	10	0	0	0	0	0	1	0	0	0	0	0	0	0	0	0	0	0	5	0	0	0	0	6	0	1	5	0	0	2	0	41	0	0	0
OTU1102	0	0	0	2	0	0	0	0	0	0	0	0	6	0	0	0	0	0	0	0	0	0	0	0	0	0	0	0	0	27	0	0	0	3	0	0	0	0	0	0	0	0	0	0	0	0	0	0	0	0	0	0	0	0	0	0	0	0	0	0	0	0	0	0	0	0	3	0	0	0	0	0	0	1	0	0	0	0	0	0	0	0	0	0	0	0	0	0	0	0	0	0	0	1	1	3	2	0	47	33	99	37
OTU1103	0	0	0	0	0	0	0	0	15	216	0	1	0	1	0	0	153	0	0	0	0	0	0	0	1	0	0	0	0	0	0	0	0	3	0	0	0	0	0	0	0	0	3	0	0	0	0	1	0	0	0	0	4	0	0	0	4	0	0	0	91	0	0	6	0	0	0	0	0	0	0	0	0	5	0	0	0	0	0	0	3	0	2	0	0	3	0	0	0	2	0	0	0	0	2	0	0	0	0	89	10	3
OTU1104	0	0	0	0	0	0	0	0	0	0	2	0	1	0	0	0	0	0	0	0	0	0	0	1	0	0	0	0	0	0	0	0	3	0	1	0	0	0	0	0	0	0	0	0	1	0	0	3	0	2	0	0	3	0	1	0	3	0	0	0	0	0	0	0	0	4	33	5	8	1	0	0	0	0	0	0	0	0	0	0	1	9	0	1	0	56	0	0	0	0	0	0	0	4	0	2	0	2	90	0	61	41
OTU1105	0	3	0	0	0	0	0	0	0	0	0	0	6	7	0	0	0	0	0	0	0	0	0	0	0	0	2	3	3	4	12	0	0	0	0	1	0	0	0	0	0	0	0	12	0	9	13	20	2	3	6	0	15	0	16	12	9	8	10	0	0	0	0	0	1	0	0	0	1	5	0	0	3	0	0	0	0	0	0	0	0	6	2	0	6	14	0	0	4	6	0	0	4	5	9	1	4	0	0	4	0	1
OTU1106	0	0	0	0	0	0	0	0	0	0	0	0	0	1	0	0	0	0	0	0	0	0	0	0	0	0	0	6	0	0	0	0	0	0	0	0	0	1	0	0	0	0	0	3	7	0	0	0	2	2	8	0	2	6	3	4	7	0	0	0	0	0	0	0	0	0	0	0	0	10	0	0	0	1	0	2	0	4	22	0	0	0	71	0	0	0	0	0	0	6	2	0	0	0	14	11	10	0	0	0	2	1
OTU1107	0	0	0	0	0	0	0	1	0	0	0	0	2	0	0	0	0	0	0	0	0	0	0	0	0	0	0	0	0	0	0	0	0	139	0	0	0	0	0	1	0	0	0	0	0	5	0	0	0	0	0	0	0	0	0	1	2	0	0	0	0	0	0	15	1	6	1	0	0	0	0	0	0	0	0	0	0	0	0	0	0	0	0	0	0	2	0	0	0	3	0	0	5	0	0	0	0	11	0	0	0	2
OTU1108	0	0	0	2	0	0	3	0	0	0	1	0	10	4	0	0	0	0	0	0	0	0	2	0	0	0	1	17	0	51	15	0	0	0	0	0	11	10	21	0	4	4	3	1	0	18	12	2	7	0	2	0	8	2	4	1	17	4	9	0	0	0	0	0	50	0	17	1	92	1	9	18	15	16	0	0	4	0	35	0	23	0	9	1	12	4	0	1	3	16	6	1	0	15	107	10	5	2	0	0	2	4
OTU1109	0	0	0	0	0	0	0	0	2	0	2	2	5	1	0	0	0	0	0	0	0	0	0	0	0	0	1	60	0	0	0	0	0	0	0	0	12	0	15	0	12	19	11	0	7	3	30	0	0	8	8	5	34	1	1	0	20	2	6	0	0	2	0	0	0	0	0	0	0	66	4	22	0	27	13	15	0	7	0	3	2	0	1	0	0	0	0	10	26	6	40	2	5	1	0	1	0	0	0	0	2	0
OTU111	0	12	1	8	0	0	9	20	2	1	110	22	59	50	3	0	0	0	5	0	1	23	35	114	1	6	57	69	563	23	37	1	8	32	48	5	337	488	4102	0	71	56	50	45	23	146	76	7	36	89	60	32	86	13	20	12	443	124	69	5	8	8	13	25	127	1	511	795	271	217	477	374	31	184	13	269	1608	1265	28	69	67	39	22	64	282	98	157	409	2040	196	26	3	35	205	61	124	76	15	1829	1123	311	1725
OTU1110	3	0	0	0	0	0	7	0	2	0	0	0	0	0	0	0	0	0	0	0	0	0	0	0	0	0	0	12	0	13	5	0	0	0	0	0	0	0	0	0	0	1	0	4	11	0	0	0	1	0	0	0	7	1	5	0	1	0	7	0	0	0	0	0	0	0	0	0	0	1	0	0	1	13	5	0	0	0	62	0	6	13	9	2	2	3	1	0	0	1	0	9	0	0	2	0	0	0	19	35	10	2
OTU1111	0	0	0	0	0	0	0	0	3	70	0	0	0	0	0	0	198	0	0	0	0	0	0	0	0	0	0	0	0	0	0	0	0	0	0	0	0	0	0	0	0	0	0	0	2	0	0	0	0	0	0	0	1	0	0	0	0	0	0	0	0	0	0	0	0	0	0	0	0	0	0	0	3	4	0	0	0	0	0	0	0	0	0	0	0	0	0	0	0	0	2	0	0	0	0	0	1	0	0	0	6	0
OTU1112	0	0	0	0	0	0	0	0	0	0	0	3	7	2	0	0	0	0	0	0	0	0	0	0	0	0	0	0	3	2	0	0	0	0	0	0	0	0	0	0	0	1	0	0	7	16	7	0	0	2	6	0	2	0	2	6	126	3	0	0	0	1	0	0	0	1	4	0	0	2	0	45	0	6	74	0	1	0	9	3	5	5	3	66	17	1	0	0	1	7	0	0	0	3	0	1	2	0	0	0	0	0
OTU1113	0	0	0	0	0	0	1	3	0	0	1	1	0	2	0	0	0	0	1	0	269	4	0	0	0	0	0	0	0	0	0	0	0	221	0	0	0	0	0	0	0	0	2	0	0	1	0	0	0	0	0	0	0	0	1	3	0	1	0	0	45	0	0	56	0	44	6	2	4	1	0	0	0	1	0	0	0	0	0	0	0	0	0	0	0	31	0	0	0	0	0	0	11	0	0	0	0	53	0	0	0	0
OTU1114	0	0	0	0	0	0	0	0	0	0	0	0	0	0	0	0	0	0	0	0	0	0	0	0	0	0	0	0	0	0	0	0	0	0	0	0	0	0	0	0	0	0	0	0	0	0	0	2	0	0	0	0	0	5	2	0	1	1	1	0	0	0	0	0	3	0	13	2	31	0	0	0	0	0	0	0	0	0	0	0	0	0	0	0	0	0	0	0	0	0	0	0	0	3	0	0	0	0	126	5	16	13
OTU1115	0	0	0	0	0	0	0	0	0	0	0	1	1	2	0	0	0	0	0	0	0	0	0	0	0	0	0	1	0	0	0	0	0	0	1	0	13	18	0	0	0	0	0	0	0	1	1	0	0	0	0	0	3	0	0	0	5	3	0	0	0	0	0	0	0	0	0	0	0	29	6	17	0	5	11	6	51	0	0	34	0	0	0	0	0	0	11	19	7	4	0	0	1	1	0	0	0	0	0	0	0	0
OTU1116	0	0	0	0	0	0	0	3	0	0	0	0	6	5	0	0	0	0	0	0	0	0	0	0	0	0	0	0	0	0	0	0	0	0	0	0	0	0	1	0	0	2	6	0	0	0	0	14	0	0	0	0	2	38	0	0	5	0	1	0	0	0	0	0	0	0	0	0	0	0	0	0	22	2	0	0	0	0	0	0	0	0	0	0	0	0	0	0	5	1	6	9	1	74	5	0	0	0	2	0	0	0
OTU1117	0	0	0	0	0	0	0	0	4	0	0	0	0	2	0	0	0	0	0	0	2	0	0	0	0	0	2	1	1	1	0	0	2	0	0	0	8	3	0	0	4	2	0	0	41	1	0	0	0	0	0	0	0	0	1	1	0	0	2	1	0	0	0	0	23	0	46	24	112	0	0	0	0	3	0	1	0	1	0	0	0	0	0	0	0	0	1	10	0	1	0	0	0	0	1	0	8	1	1	0	0	1
OTU1118	0	0	0	2	0	0	0	1	0	0	0	0	2	5	0	0	0	0	0	0	0	0	0	0	0	0	0	2	0	0	0	0	0	0	0	0	0	0	14	0	1	0	2	0	0	0	0	0	0	0	0	0	0	0	0	0	5	3	0	0	0	0	0	0	0	0	0	0	0	0	0	0	0	3	0	91	41	0	0	0	0	0	1	12	0	1	0	0	0	1	0	2	0	0	0	0	0	0	0	0	0	0
OTU1119	0	0	0	1	0	0	0	0	0	0	0	37	10	4	0	0	0	0	0	0	0	2	0	0	1	0	5	80	58	42	20	0	2	0	0	0	33	12	66	0	33	3	15	63	33	13	3	1	24	67	36	0	14	6	9	24	169	4	36	1	0	1	0	0	0	2	0	0	0	59	0	2	13	30	0	0	29	45	68	19	5	101	56	33	7	5	31	61	31	18	7	2	5	4	8	1	39	1	0	0	0	0
OTU112	2	21	0	5	0	0	16	31	47	0	11	15	45	61	1	0	0	0	42	0	19	30	3	3	16	10	50	232	14	132	31	2	4	10	1	6	929	16	2	0	277	972	1151	42	66	52	9	16	54	50	5	475	1510	7	60	54	300	67	212	12	11	2	0	5	662	12	573	140	1552	61	91	94	591	1235	23	273	12	3	731	608	189	84	155	22	14	33	68	21	60	212	338	39	26	152	28	56	30	9	754	401	352	107
OTU1120	0	0	0	0	0	0	0	0	0	0	0	6	4	1	0	0	0	0	0	0	0	0	0	0	0	0	2	2	1	0	0	0	0	0	0	0	0	0	0	0	0	1	0	0	0	0	0	4	5	0	0	0	1	0	0	0	156	2	0	0	0	0	0	0	0	0	1	0	0	0	0	0	3	3	0	0	1	0	0	0	2	0	0	0	0	0	0	0	0	0	0	0	0	0	0	0	0	0	0	0	0	0
OTU1121	0	0	0	2	0	0	0	0	0	0	0	0	1	1	0	0	0	0	0	0	2	0	0	0	0	0	0	2	8	4	24	0	0	0	1	0	0	18	39	0	42	9	20	0	1	0	5	0	0	4	11	0	3	0	1	1	45	2	2	0	2	0	0	0	0	0	0	0	0	2	13	8	0	11	2	8	3	51	44	0	2	0	4	4	0	1	0	3	18	8	21	0	0	2	2	3	0	0	0	0	0	0
OTU1122	0	0	0	0	0	0	0	0	0	0	0	4	2	5	0	0	0	0	0	0	0	0	0	0	0	0	11	30	11	30	0	2	0	0	1	2	0	1	0	3	0	1	0	167	2	6	1	3	0	1	0	1	6	0	5	82	34	0	2	0	0	0	0	0	0	1	0	0	0	37	0	33	38	13	0	0	3	0	0	0	1	15	0	5	0	0	0	0	0	8	0	0	4	6	0	3	0	0	0	0	0	0
OTU1123	0	0	0	0	0	0	0	0	0	0	0	0	0	0	0	0	0	0	0	0	0	0	0	0	0	0	0	0	0	0	0	0	0	135	0	0	0	0	0	0	0	0	0	0	0	1	0	0	0	0	0	0	0	0	0	0	0	0	0	0	0	0	0	20	0	7	1	0	0	0	0	0	0	0	0	0	0	0	0	0	0	0	0	0	0	9	0	0	0	0	0	0	2	0	0	0	0	6	0	0	0	0
OTU1124	0	0	0	0	0	0	0	0	0	0	0	0	0	0	0	0	0	0	0	0	0	0	0	0	0	0	0	0	0	0	0	0	0	0	0	0	0	0	0	0	0	0	0	0	0	0	0	0	0	0	0	0	0	0	0	0	0	0	0	0	0	0	0	0	0	1	2	0	0	0	0	0	0	0	0	0	0	0	0	0	0	0	0	0	0	0	0	0	0	0	0	0	0	0	0	0	0	0	92	107	85	16
OTU1125	2	0	0	0	0	0	0	0	0	0	0	0	2	3	0	0	0	0	0	0	1	0	0	0	0	0	0	0	0	0	0	0	0	0	1	1	0	0	9	0	12	2	0	0	0	0	4	0	0	22	0	0	7	3	0	127	6	0	14	0	0	0	0	0	0	1	0	0	0	0	15	40	0	18	0	1	0	3	0	0	12	15	0	0	0	0	1	0	0	6	0	1	8	0	1	0	12	0	0	0	0	0
OTU1126	0	0	0	0	0	0	0	0	0	0	1	0	0	0	0	0	0	0	0	0	0	0	1	0	0	0	0	1	0	0	0	0	1	230	0	0	0	0	0	0	3	0	0	0	0	2	0	0	0	0	0	0	0	0	0	2	2	0	0	0	0	0	0	37	0	10	4	0	3	0	0	0	0	0	0	0	0	0	0	0	0	0	0	0	0	10	0	0	0	0	0	0	10	1	0	0	0	34	0	0	1	0
OTU1127	0	1	0	0	0	0	0	0	0	0	1	11	1	7	0	0	0	0	0	0	0	0	0	0	1	0	0	2	0	1	0	0	3	0	0	0	0	1	0	0	0	0	0	14	24	19	3	10	0	0	0	1	9	0	20	22	78	3	17	0	0	0	0	0	0	0	0	0	0	0	0	1	0	3	2	0	9	0	0	0	0	6	7	7	9	2	0	1	1	26	0	0	0	3	1	29	12	0	0	0	1	0
OTU1128	0	0	0	0	0	0	0	0	0	0	3	0	0	0	0	0	0	0	0	0	162	0	4	0	0	1	0	0	0	0	0	0	0	0	0	0	0	0	0	0	0	0	0	0	0	0	0	0	0	0	0	0	0	0	0	3	2	2	0	0	0	0	0	61	0	9	1	0	0	0	0	0	0	0	0	0	0	0	0	0	0	0	0	0	0	18	0	0	0	0	0	0	16	0	0	0	0	40	0	1	0	0
OTU1129	0	0	0	0	0	0	0	0	0	0	0	0	3	1	0	0	0	0	0	0	0	0	0	0	0	0	0	15	0	6	0	0	0	0	0	0	0	0	0	0	2	0	10	8	10	0	1	5	2	0	0	0	9	2	4	10	4	0	1	0	0	0	0	0	0	0	18	18	14	0	0	1	0	2	0	0	0	0	0	0	3	4	0	0	1	0	0	0	2	10	0	0	0	0	3	13	2	1	0	0	0	1
OTU113	0	0	0	2	0	0	10	5	0	0	0	1	0	2	0	0	0	0	7	0	2	0	7	6	0	1	0	0	0	0	0	0	3	58	4	9	0	0	0	0	0	0	0	0	0	2	0	0	1	3	0	0	0	0	0	0	9	0	0	0	10	1	1	11	4	4	132	26	7	0	0	1	0	3	0	0	0	0	0	0	0	0	0	0	0	0	0	1	2	0	0	0	0	118	37	2	17	3	3584	2690	43	1514
OTU1130	0	0	0	0	0	0	0	0	0	0	0	0	4	1	0	0	0	0	0	0	0	0	0	0	0	0	0	0	0	0	0	0	0	1	0	0	0	0	0	0	0	1	0	0	0	180	0	0	0	0	1	0	2	0	0	0	8	1	1	0	0	0	0	0	0	0	0	0	5	5	0	0	0	1	0	0	0	0	0	0	0	0	0	0	1	0	0	0	0	1	0	1	0	0	0	0	0	2	0	0	0	0
OTU1131	0	0	0	3	0	0	0	3	0	0	0	0	0	4	0	0	0	0	0	0	0	0	0	0	0	0	1	12	0	63	0	0	0	0	0	0	0	0	0	0	0	0	1	3	1	0	0	15	7	4	0	3	11	3	0	0	5	1	0	0	0	0	0	0	0	0	1	0	0	0	0	2	9	6	0	0	0	0	0	0	0	0	0	0	0	0	0	0	0	29	0	1	0	6	0	0	9	0	71	0	11	27
OTU1132	0	0	0	0	0	0	0	0	0	0	0	1	0	0	0	0	0	0	0	0	139	0	0	0	0	0	0	0	0	0	0	0	0	0	0	0	0	0	0	0	0	0	3	0	0	0	0	0	0	0	0	0	0	0	2	0	0	0	0	0	0	0	0	3	0	2	1	0	3	0	0	0	0	0	0	0	0	0	0	0	0	0	0	0	0	1	0	0	0	0	0	0	0	0	0	0	0	0	0	0	0	0
OTU1133	0	0	0	0	0	0	0	0	0	0	1	0	0	0	0	0	0	0	0	0	0	0	0	0	0	0	0	0	0	0	0	0	0	110	0	0	0	0	0	0	0	0	0	0	0	2	0	0	0	0	0	0	0	0	0	0	0	0	0	0	0	0	0	25	0	18	0	0	0	0	0	0	1	0	0	0	0	0	0	0	0	0	0	0	0	0	0	0	0	0	0	0	2	0	0	0	0	6	1	0	0	0
OTU1134	0	4	0	0	0	0	0	1	0	0	0	0	0	0	0	0	0	0	0	0	0	0	0	0	0	0	21	41	70	57	5	0	0	0	0	0	0	0	0	0	1	0	0	0	1	0	1	0	0	0	0	6	0	0	0	0	2	2	0	0	0	0	0	0	0	0	0	0	0	0	0	0	0	3	0	0	0	0	0	0	0	0	0	0	0	0	0	0	4	1	0	21	0	0	1	0	0	0	0	0	0	0
OTU1135	0	0	0	0	0	0	0	0	0	0	0	0	5	2	0	0	0	0	0	0	0	0	0	0	0	0	0	39	0	0	0	0	0	0	0	0	14	3	0	0	0	0	0	31	0	0	0	0	0	0	0	0	7	0	18	0	10	4	0	0	0	0	0	0	1	0	0	0	0	1	0	0	0	5	0	33	0	0	0	0	0	0	1	7	0	0	0	0	0	14	0	0	20	0	0	0	12	0	0	0	0	0
OTU1136	0	0	0	0	0	0	0	0	0	0	0	0	7	0	0	0	0	0	3	0	0	2	0	0	2	0	0	3	0	0	0	0	0	173	0	0	0	0	0	0	0	0	0	17	3	3	0	0	0	0	0	0	1	0	0	5	1	0	0	0	0	0	0	117	0	74	0	1	0	0	0	4	5	2	0	0	0	0	0	0	0	0	0	0	0	10	0	1	0	2	0	0	9	0	0	0	4	28	0	1	0	1
OTU1137	0	0	0	0	0	0	0	0	0	0	0	0	0	0	0	0	0	0	0	0	132	2	0	0	0	0	0	0	0	0	0	0	0	0	0	0	0	0	0	0	0	0	2	0	0	0	0	0	0	0	0	0	0	0	0	0	0	0	0	0	0	0	0	3	0	0	0	0	0	0	0	0	0	0	0	0	0	0	0	0	0	0	0	0	0	0	0	0	0	0	0	0	1	0	0	0	0	1	0	0	0	0
OTU1138	0	0	0	0	0	0	0	0	0	0	0	0	0	0	0	0	0	0	0	0	0	0	0	0	0	0	0	0	0	0	0	0	0	3	0	0	0	0	0	0	0	0	0	0	0	0	0	0	0	0	0	0	0	0	0	0	0	0	0	0	0	0	0	0	0	4	0	0	0	0	0	0	0	0	0	0	0	0	0	0	0	0	0	0	0	0	0	0	0	0	0	0	2	0	3	0	0	0	1	142	8	0
OTU1139	0	0	0	2	0	0	0	0	0	0	0	0	0	0	0	0	0	0	0	0	0	0	0	0	0	0	0	2	0	0	0	0	0	0	0	0	0	0	0	0	0	0	0	0	0	1	0	1	0	0	0	2	4	0	8	0	2	130	20	0	0	0	0	0	0	0	0	1	0	0	0	0	0	0	0	0	0	0	0	0	0	0	0	0	1	0	0	0	0	2	0	0	0	0	5	0	0	0	0	0	0	0
OTU114	2	8	3	6	1	0	25	9	74	0	5	1	37	51	0	0	0	2	32	0	7	20	3	4	1	3	6	10	1	7	0	0	0	1	14	0	464	125	146	0	211	2051	1350	7	11	19	1	2	66	494	36	60	169	8	3	10	115	35	18	0	2	0	0	0	0	0	4	0	0	89	226	164	65	150	160	441	70	72	177	340	530	12	5	3	0	11	342	782	146	76	59	25	16	19	2	41	70	0	34	0	1	0
OTU1140	0	0	0	0	0	0	0	0	2	0	0	0	0	3	0	0	147	0	0	0	0	0	0	0	0	0	0	4	0	0	0	0	0	0	0	0	0	0	0	0	0	0	0	0	0	0	0	0	0	1	0	0	5	0	0	0	0	0	0	0	0	0	0	2	0	0	0	0	0	0	0	0	0	3	0	0	0	0	0	0	0	0	0	0	0	0	0	0	0	1	0	0	0	0	0	0	5	0	0	0	0	0
OTU1141	0	0	0	0	0	0	0	0	0	0	1	0	0	0	0	0	0	0	0	0	0	0	2	0	0	0	0	0	0	0	0	0	0	253	0	0	0	0	0	0	0	0	3	0	0	5	0	0	0	0	0	0	0	0	0	2	0	0	0	1	0	0	0	37	0	34	4	1	1	0	0	0	0	0	0	0	1	0	0	0	0	0	0	0	0	28	0	1	0	0	0	0	6	0	0	0	0	29	0	0	0	0
OTU1142	0	0	2	0	0	0	4	0	0	0	0	0	0	0	0	0	0	0	2	0	4	1	0	0	3	0	0	0	0	0	0	0	0	3	0	0	0	0	0	0	0	0	0	0	0	0	0	0	0	0	0	0	1	0	1	0	0	4	6	1	1	0	0	1	118	0	170	90	238	0	0	0	0	0	0	0	0	0	0	0	0	0	0	0	0	0	0	0	0	0	0	0	0	7	2	4	0	1	91	104	87	22
OTU1143	0	0	0	0	0	0	1	0	0	0	0	0	0	0	0	0	0	0	0	0	0	0	0	0	0	0	0	0	0	0	0	1	1	90	1	0	0	0	0	0	0	0	0	0	0	1	0	0	0	0	0	0	0	0	0	1	0	0	0	0	0	0	0	63	0	14	0	0	1	0	0	0	2	2	0	0	0	0	0	0	0	0	0	0	0	13	0	0	0	0	0	0	3	0	0	0	0	23	0	0	0	0
OTU1144	0	0	0	0	0	0	0	0	0	0	0	1	1	0	0	0	0	0	0	0	0	0	0	0	0	0	0	0	0	1	0	0	0	0	3	0	0	0	0	0	0	1	0	0	0	0	0	0	0	0	1	0	3	0	1	0	0	2	185	0	0	0	0	0	0	0	0	0	10	0	0	1	0	6	0	0	0	0	0	0	0	0	0	0	5	0	0	0	0	4	0	0	9	0	0	0	0	0	0	0	0	0
OTU1145	0	0	0	0	0	0	0	0	0	0	0	0	0	0	0	0	0	0	0	0	0	0	0	0	0	0	0	0	0	0	0	0	3	0	0	0	0	0	0	0	0	0	0	0	0	0	0	0	0	0	0	0	0	0	0	0	0	0	0	0	138	0	0	5	0	2	1	0	0	0	0	0	0	0	0	0	0	0	0	0	0	0	1	0	0	5	0	0	0	0	0	0	0	0	0	0	0	4	0	0	0	0
OTU1146	0	0	0	0	0	0	0	0	0	0	0	0	0	0	0	0	0	0	0	0	0	0	0	0	0	0	0	0	0	0	0	0	0	157	0	0	0	0	0	0	0	0	0	0	0	2	0	0	0	0	0	0	0	0	0	0	0	0	0	0	0	0	0	0	0	0	0	0	0	0	0	0	0	0	0	0	0	0	0	0	0	0	0	0	0	0	0	0	0	0	0	0	0	0	0	0	0	0	0	0	1	0
OTU1147	0	0	0	0	0	0	0	0	0	0	4	0	0	1	0	0	0	0	0	0	1	0	0	0	0	0	0	0	0	0	0	0	0	218	1	0	0	0	0	0	0	0	0	0	0	22	0	0	0	1	0	0	3	0	0	5	2	1	0	0	0	0	0	55	0	17	2	0	0	1	0	0	0	1	0	0	1	0	0	0	0	1	2	0	0	33	0	0	1	0	0	0	12	1	0	0	1	46	0	0	0	1
OTU1148	0	0	0	0	0	0	0	0	0	0	0	0	0	0	0	0	0	0	0	0	0	0	0	0	0	0	0	0	0	0	0	0	0	2	0	0	0	0	0	0	0	0	0	0	0	0	0	0	0	0	0	0	0	0	0	0	1	0	0	0	0	1	0	2	0	0	1	0	0	0	0	0	0	0	0	0	0	0	0	0	0	0	0	0	0	0	0	0	0	0	0	0	0	0	3	0	0	0	13	36	75	29
OTU1149	0	2	0	0	0	0	0	0	0	0	0	0	2	1	0	0	0	1	0	0	2	0	0	0	0	0	8	2	0	10	0	0	0	0	3	0	0	0	0	0	0	0	5	0	5	0	17	2	5	0	0	0	3	3	3	4	5	1	2	0	0	0	0	0	0	0	0	0	0	1	0	1	7	1	0	0	0	0	3	0	7	4	1	0	0	0	0	0	0	4	0	0	0	2	0	0	3	0	58	0	0	1
OTU115	0	0	0	0	0	0	5	7	0	0	0	5	2	0	0	0	0	0	7	0	8	12	12	0	0	1	0	0	1	0	0	2	8	14	21	5	3	0	1	0	0	1	0	0	0	2	0	0	0	0	0	0	2	0	21	0	66	16	16	5	5	2	1	9	383	7	1423	362	258	0	0	0	0	2	0	0	0	0	0	1	0	0	5	0	0	0	2	1	2	0	0	0	0	191	15	23	23	20	3408	482	613	712
OTU1150	0	0	0	0	0	0	2	0	0	0	0	0	0	0	0	0	0	0	1	0	291	0	0	0	0	4	0	0	0	0	0	0	0	115	1	1	0	0	0	0	0	0	0	0	0	0	0	0	0	0	0	0	1	0	0	1	0	0	0	0	143	0	1	13	0	115	8	3	0	0	0	0	0	0	0	0	0	0	0	0	0	0	2	0	0	12	0	0	0	0	0	0	29	2	0	0	0	40	0	0	0	0
OTU1151	0	0	0	0	0	0	0	0	0	0	0	0	0	1	0	0	0	0	0	0	0	0	0	0	0	0	0	0	0	2	0	0	0	0	0	0	0	0	0	0	3	0	0	0	3	0	0	0	10	0	19	0	43	0	0	0	2	2	6	0	0	0	0	0	0	0	0	1	0	0	0	0	0	7	1	0	0	1	0	15	6	0	0	0	0	0	0	11	0	0	48	0	3	0	0	0	8	0	0	0	0	0
OTU1152	0	0	0	0	0	0	0	0	0	0	0	0	0	0	0	0	0	0	0	0	0	0	1	0	0	0	0	0	0	0	0	0	0	287	0	1	0	0	0	0	0	0	0	0	0	1	0	0	0	0	0	0	0	0	0	0	0	0	1	0	75	0	0	19	0	47	2	0	0	0	0	0	0	0	0	0	0	0	0	0	0	0	4	0	0	10	0	0	0	0	0	0	1	0	0	0	0	3	0	0	0	0
OTU1153	0	2	1	0	0	0	0	0	0	0	32	0	0	0	0	0	10	0	2	0	4	16	0	0	0	1	0	0	0	0	0	0	1	0	0	0	283	0	0	0	0	11	0	0	0	0	0	2	0	21	0	62	0	0	1	2	0	0	0	10	0	0	0	0	0	0	0	0	0	5	0	0	13	25	2	0	430	11	1	1	0	226	1	0	0	0	0	11	0	0	1	10	2	2	0	3	0	0	0	0	0	0
OTU1154	0	5	0	0	0	0	0	0	0	0	4	0	4	2	0	0	0	0	0	0	0	0	0	0	0	0	0	0	0	1	5	0	1	0	0	1	0	0	0	0	1	0	0	4	19	6	0	19	0	0	0	0	0	1	3	38	18	0	35	1	0	0	0	0	0	2	0	0	3	2	0	0	0	2	7	0	0	0	0	0	0	12	0	0	0	0	0	0	0	0	0	0	1	8	0	0	0	2	0	0	0	0
OTU1155	0	1	0	0	0	0	0	0	0	0	1	0	0	0	0	0	0	0	0	0	0	0	0	0	0	0	0	0	0	0	0	0	0	0	6	0	0	0	0	0	0	0	0	0	22	0	0	0	0	0	0	0	0	0	0	2	0	2	0	0	100	0	0	57	0	19	0	0	2	0	0	0	0	0	0	0	0	0	0	0	0	9	5	6	0	10	0	0	0	0	0	0	7	0	0	0	0	24	0	0	1	0
OTU1156	0	2	0	0	0	0	0	0	0	0	0	0	4	0	0	0	0	0	0	0	0	0	0	0	0	0	0	0	0	35	1	0	3	0	0	0	0	0	0	0	0	1	0	0	35	2	0	3	0	0	0	0	3	0	0	0	1	0	7	0	0	0	0	0	0	0	0	0	0	1	0	0	0	2	1	3	0	1	0	0	1	0	0	2	0	0	1	0	0	4	0	0	0	0	0	180	0	0	0	0	12	0
OTU1157	0	0	0	0	0	0	0	0	3	0	0	0	1	0	0	0	0	0	0	0	0	4	0	0	0	0	1	12	0	0	8	0	0	0	0	0	27	0	26	0	20	0	0	0	0	0	1	0	0	1	1	0	8	0	0	0	6	0	0	0	0	0	0	0	0	0	0	0	0	16	31	0	0	31	2	0	1	2	5	31	5	0	0	0	0	0	14	13	24	4	0	6	4	2	0	1	0	0	0	0	0	0
OTU1158	0	1	0	0	0	0	0	0	1	0	0	0	0	1	0	0	0	0	0	0	0	0	0	0	0	0	0	0	0	41	1	0	0	1	0	0	0	0	0	0	0	0	0	2	5	1	0	6	0	1	0	27	8	1	2	1	7	1	2	2	1	0	0	0	2	0	5	0	0	0	0	0	3	9	0	0	0	0	4	0	5	1	0	5	0	2	1	0	0	3	0	0	0	0	0	2	5	0	40	6	5	8
OTU1159	0	0	0	0	0	0	0	0	0	0	0	0	0	0	0	0	0	0	0	0	0	0	0	0	0	0	0	0	0	0	0	0	0	0	0	121	0	0	0	0	0	0	0	0	0	0	0	0	0	0	0	0	0	0	0	0	0	0	0	0	0	1	0	0	0	0	12	0	0	0	0	0	0	0	0	0	0	0	0	0	0	0	0	0	0	0	0	0	0	0	0	0	0	0	0	0	0	0	0	0	0	0
OTU116	6	0	0	5	0	0	24	35	11	0	4	4	72	60	1	0	0	0	5	0	4	3	0	1	0	39	110	68	16	18	46	0	1	0	7	2	21	2	45	0	14	79	47	6	7	10	11	24	73	220	126	113	1098	27	20	101	88	84	62	1	4	0	0	0	77	0	48	39	15	19	224	489	2184	495	99	14	7	35	24	2821	810	11	24	34	1	22	88	12	11	99	224	46	121	15	23	57	10	8	9	1	28	1
OTU1160	4	3	0	0	0	0	0	3	0	0	0	0	0	4	0	0	0	0	0	0	0	0	0	0	0	0	0	0	0	0	0	0	0	0	0	0	0	0	0	0	0	0	0	0	0	0	0	0	99	0	0	0	12	6	0	3	0	3	0	0	0	0	0	0	0	0	0	0	0	0	0	0	31	1	0	0	0	0	0	1	1	4	0	0	1	0	0	0	0	4	0	19	6	11	0	8	0	0	0	0	0	0
OTU1161	0	0	0	0	0	0	0	0	0	0	2	0	1	4	0	0	0	0	0	0	0	0	0	0	0	0	0	0	0	0	0	0	0	0	0	0	0	0	0	0	0	0	0	0	15	0	0	15	0	0	0	0	0	0	2	0	7	3	11	0	0	0	0	0	0	0	1	0	0	1	0	0	3	1	0	0	0	0	0	0	0	0	32	0	0	4	0	0	0	0	0	0	0	6	2	3	1	0	30	0	28	8
OTU1162	0	0	0	0	0	0	1	0	0	0	0	0	4	0	0	0	0	0	0	0	0	0	0	0	0	0	0	43	0	11	1	0	0	0	0	0	0	0	0	0	0	0	0	2	3	3	2	13	6	3	0	8	4	0	0	0	8	5	7	0	0	0	0	3	0	0	0	0	0	0	0	0	0	7	0	0	0	0	19	0	12	0	11	0	0	0	0	0	0	8	0	0	1	1	5	9	0	0	0	0	0	0
OTU1163	0	0	0	1	0	0	0	0	0	0	0	2	1	1	0	0	0	0	0	0	0	0	0	0	0	0	0	1	0	0	0	0	0	0	0	0	0	0	0	0	0	0	0	3	0	6	3	11	17	0	0	0	3	0	10	0	27	25	4	0	1	0	0	0	0	0	1	2	0	0	0	12	0	2	0	0	0	0	0	0	3	5	34	0	0	4	0	0	0	14	5	0	3	10	2	0	13	0	0	0	0	0
OTU1164	0	0	0	0	0	0	0	1	5	0	0	0	0	0	0	0	209	0	0	0	184	0	0	0	0	0	0	0	0	0	0	0	0	1	0	0	0	0	0	0	0	1	0	0	0	2	0	0	0	0	0	0	0	0	0	2	2	0	0	0	0	0	0	5	0	1	0	0	0	0	0	0	2	0	0	0	0	0	0	0	0	0	0	0	0	2	0	0	0	1	0	0	0	0	0	0	1	0	0	0	0	2
OTU1165	0	0	0	1	0	0	0	0	0	0	0	0	4	5	0	0	0	0	0	0	0	0	0	0	0	3	2	1	0	0	0	0	0	0	0	0	0	0	2	0	0	0	0	0	1	0	0	1	0	0	0	0	4	0	0	5	1	0	0	0	0	0	0	0	0	0	0	0	0	2	0	0	0	3	0	7	0	1	0	161	48	0	3	0	2	4	0	0	0	0	0	0	1	0	0	0	0	0	0	0	0	0
OTU1166	0	0	0	0	0	0	0	0	0	0	0	0	0	0	0	0	0	0	0	0	0	0	0	0	0	0	0	0	0	0	0	0	0	0	0	0	0	0	0	0	0	0	0	0	0	0	0	0	0	0	0	0	0	0	0	0	0	0	0	0	144	0	0	0	0	0	0	1	0	0	0	0	0	0	0	0	0	0	0	0	0	0	4	0	0	0	0	0	0	0	0	0	0	0	0	0	0	0	0	0	0	0
OTU1167	0	0	0	0	0	0	0	0	0	0	0	0	0	0	0	0	0	0	0	0	0	0	0	0	0	0	0	0	0	0	0	0	0	0	0	0	0	0	0	0	0	0	0	0	0	0	0	0	0	0	0	0	0	0	0	0	0	0	0	1	0	0	0	0	0	0	0	0	1	2	0	0	0	0	0	0	0	0	0	0	0	0	0	0	0	0	0	0	0	0	0	0	0	3	0	4	0	3	42	8	103	2
OTU1168	0	0	0	0	0	0	0	0	0	0	0	0	0	0	0	0	0	0	0	0	0	0	0	0	3	0	0	0	0	0	0	0	0	0	0	0	0	0	0	0	0	0	0	0	0	0	0	0	0	0	0	0	0	0	0	0	0	0	0	0	0	0	0	0	0	0	0	0	0	0	0	0	2	3	0	0	0	0	128	0	1	9	0	0	0	0	0	3	0	0	0	0	1	0	0	3	0	0	0	0	0	0
OTU1169	0	2	0	0	0	0	0	0	0	0	0	1	0	2	0	0	0	0	0	0	0	0	0	0	0	0	0	0	0	0	0	0	2	0	0	0	0	0	0	0	0	0	0	0	154	0	0	0	0	0	0	0	0	0	0	0	1	0	0	0	0	0	0	0	0	0	0	0	0	1	0	0	0	0	0	0	0	0	0	0	1	0	0	0	0	0	0	0	0	1	0	0	0	0	0	0	0	0	0	0	0	0
OTU117	4	0	0	5	0	0	6	0	77	0	1	4	14	28	0	0	1	1	6	0	432	0	1	2	51	2	1	27	50	9	6	0	0	0	2	1	2	10	32	0	2519	206	145	0	10	4	6	0	158	58	3	11	34	4	7	4	60	51	9	0	1	0	0	6	4	3	2	2	2	371	30	58	9	50	124	10	5	29	3717	0	310	9	6	5	0	10	66	45	94	44	3	34	7	5	2	57	15	1	0	0	0	1
OTU1170	0	0	0	0	0	0	0	2	0	0	2	0	1	0	0	0	0	0	0	0	0	1	1	0	0	0	0	1	0	0	0	0	0	56	0	0	0	0	0	0	0	0	0	0	0	0	0	0	0	0	0	0	4	0	0	2	1	0	0	0	106	0	0	132	0	75	0	1	0	0	0	0	0	1	0	0	0	2	0	0	0	0	0	0	0	55	0	0	0	0	0	2	16	0	0	0	0	61	1	0	0	0
OTU1171	0	0	0	0	0	0	1	0	0	0	6	0	0	0	0	0	0	0	1	0	1	0	0	0	0	0	0	1	0	0	0	0	0	138	0	0	4	0	0	0	0	0	0	0	0	2	0	1	0	0	0	0	0	0	0	3	0	0	0	0	0	0	0	114	0	39	2	0	0	0	0	0	0	0	0	0	0	0	0	0	0	0	0	0	0	15	0	0	0	1	0	0	5	0	0	0	0	49	0	0	0	0
OTU1172	0	0	0	0	0	0	0	0	0	0	4	0	0	0	0	0	0	0	0	0	0	1	0	0	0	0	1	0	0	17	0	0	0	0	0	0	0	0	10	0	0	0	22	4	0	0	0	0	0	0	6	8	0	0	2	12	1	3	0	0	0	0	0	9	0	16	0	1	0	0	0	8	3	3	0	0	0	7	0	0	0	0	0	8	0	4	0	24	0	0	2	2	0	0	0	0	0	4	0	0	0	0
OTU1173	0	0	0	0	0	0	0	0	0	0	0	0	0	2	0	0	0	0	0	0	0	0	0	0	0	0	0	0	0	0	0	0	0	0	0	0	0	0	0	0	1	0	0	0	0	0	0	0	0	0	0	0	6	0	3	0	2	9	16	0	0	0	0	0	0	0	127	33	0	0	0	0	0	0	0	0	0	0	0	0	1	4	0	0	0	0	0	0	0	0	0	0	1	0	4	0	0	0	0	0	21	0
OTU1174	0	0	0	0	0	0	1	0	0	0	0	0	0	0	0	0	0	0	2	0	0	0	0	0	4	0	1	0	0	0	0	0	0	0	0	2	0	0	0	0	0	0	0	0	0	0	0	0	0	0	0	0	0	0	11	0	3	1	0	0	2	0	0	1	143	0	76	13	22	0	0	0	0	0	0	0	0	0	0	0	0	0	0	0	0	0	0	0	0	0	0	0	0	2	0	0	0	0	47	43	31	0
OTU1175	0	0	0	0	0	0	0	0	0	0	0	0	5	3	0	0	0	0	0	0	0	0	0	0	0	0	0	0	0	2	0	3	0	0	0	0	0	3	0	0	0	0	0	60	0	0	0	0	0	6	4	0	0	2	0	4	17	1	0	0	0	0	0	0	0	0	1	0	0	0	14	0	1	0	0	2	0	2	0	1	0	1	7	0	0	0	0	12	0	8	0	0	0	0	0	7	3	0	0	0	0	0
OTU1176	0	0	0	0	0	0	0	0	0	0	0	0	0	0	0	0	0	0	0	0	0	0	0	0	0	0	0	0	0	0	0	0	0	161	0	0	0	0	0	0	0	0	0	0	0	0	0	0	0	0	0	0	0	0	2	0	0	0	0	0	0	0	0	5	0	2	1	0	0	0	0	0	0	0	0	0	0	0	0	0	0	0	0	0	0	0	0	0	0	0	0	0	0	0	0	0	0	0	0	1	0	0
OTU1177	0	0	0	0	0	0	0	0	0	0	0	0	0	0	0	0	0	0	0	0	0	0	0	0	2	0	0	0	0	0	0	0	0	0	3	0	0	0	0	0	0	0	0	0	0	0	0	0	0	0	0	0	0	0	2	0	0	0	3	0	0	0	0	0	22	0	17	0	99	0	0	0	0	0	0	0	0	0	0	0	0	0	0	0	0	0	0	0	0	0	0	0	0	0	0	0	0	0	0	0	0	0
OTU1178	0	1	0	0	0	0	0	0	2	0	0	3	2	1	0	0	0	0	0	0	0	1	0	0	0	0	1	26	5	70	4	0	0	0	0	0	28	6	0	0	0	0	0	18	14	0	1	1	4	9	0	30	4	0	3	2	49	0	2	1	0	0	0	0	0	0	0	0	0	2	8	1	10	12	0	1	0	2	1	0	3	10	1	11	3	1	2	0	32	1	3	6	0	4	3	5	3	0	0	0	0	0
OTU1179	0	0	0	0	0	0	0	0	0	0	0	0	0	2	0	0	0	0	0	0	0	0	0	0	0	0	16	89	15	6	0	0	0	0	0	0	0	0	0	0	0	0	0	0	3	0	0	0	0	0	0	0	0	0	2	0	1	0	0	0	0	0	0	0	0	1	0	0	0	0	0	0	0	3	0	0	0	0	0	0	0	11	1	2	0	0	0	0	0	0	1	0	1	0	0	0	0	0	0	0	0	0
OTU118	0	0	0	0	0	0	9	1	0	0	0	0	0	1	0	0	0	0	7	1	10	1	1	0	4	0	0	0	0	0	0	6	2	26	12	2	0	1	0	0	0	3	0	0	1	1	0	0	0	0	9	0	0	0	0	0	6	1	1	1	3	4	1	3	4	3	55	11	0	0	0	0	0	1	0	0	0	0	0	0	5	0	0	0	0	0	0	1	4	0	1	0	0	266	16	6	11	7	5990	954	202	531
OTU1180	0	0	190	0	0	0	0	0	0	0	0	0	0	0	0	0	0	0	0	0	0	0	0	0	0	0	0	0	0	0	0	0	0	0	0	0	0	0	0	0	0	0	0	0	0	0	0	0	0	0	0	0	0	0	0	0	0	0	0	0	0	0	0	0	0	0	0	0	0	0	0	0	0	0	0	0	0	0	0	0	0	0	0	0	0	0	0	0	0	0	0	0	0	0	0	0	0	0	0	0	0	0
OTU1181	0	0	0	0	0	0	0	0	0	0	0	0	2	1	0	0	0	0	0	0	0	0	0	0	0	0	0	0	0	0	0	0	0	2	0	0	1	0	0	0	7	0	0	0	0	108	0	0	18	0	0	0	1	0	2	0	8	5	0	0	0	0	0	0	0	0	0	0	0	0	0	0	0	1	0	0	0	0	1	0	0	0	0	0	0	0	0	0	0	0	0	0	0	0	0	0	0	0	0	0	0	0
OTU1182	0	0	0	0	0	0	0	0	0	0	0	0	0	0	0	0	0	0	0	0	0	0	0	0	0	0	0	0	0	0	0	0	0	108	0	0	0	0	0	0	0	0	0	0	0	1	0	0	0	0	0	0	0	0	0	0	0	0	0	0	0	0	0	0	0	0	0	0	0	0	0	0	0	0	0	0	0	0	0	0	0	0	0	0	0	5	0	0	0	0	0	0	0	0	0	0	0	0	0	0	0	0
OTU1183	0	2	0	0	0	0	0	0	0	0	33	0	0	0	0	0	10	0	0	0	0	0	0	0	0	0	0	0	0	1	0	0	2	0	0	0	154	0	0	0	0	6	0	0	0	0	0	0	0	11	0	50	3	0	0	0	0	0	0	0	0	0	0	0	0	0	0	0	0	0	0	0	15	26	0	0	261	7	5	0	1	50	2	0	0	0	0	5	0	3	0	3	0	0	0	0	0	0	0	0	0	0
OTU1184	0	0	0	0	0	0	4	0	0	0	0	0	0	0	0	0	0	0	0	0	0	0	0	0	0	0	0	0	0	0	0	0	0	0	0	0	0	0	0	0	0	0	0	0	0	0	0	0	0	0	0	0	0	0	0	0	3	2	0	0	0	0	0	0	56	0	111	62	0	0	0	0	0	0	0	0	0	0	0	0	0	0	28	0	0	0	0	0	0	0	0	0	0	1	0	0	0	0	42	0	3	7
OTU1185	0	0	0	0	0	0	0	0	0	0	2	8	0	3	0	0	0	0	0	0	0	0	0	0	0	0	0	0	0	0	0	0	0	0	0	0	1	0	0	0	0	0	0	41	0	0	0	0	0	0	0	0	1	0	4	78	83	1	13	0	0	0	0	0	0	3	0	0	0	0	0	0	0	0	0	0	1	0	0	0	3	2	0	0	0	0	0	0	0	2	0	0	0	0	0	0	3	0	0	0	0	0
OTU1186	0	0	0	0	0	0	0	0	0	0	0	0	1	0	0	0	0	0	0	0	0	1	0	0	0	0	0	0	0	0	0	0	0	0	0	1	0	0	0	0	0	0	0	0	0	0	0	0	0	0	0	0	0	0	2	0	0	8	2	0	0	0	0	0	35	0	48	69	126	0	0	0	0	0	0	0	0	0	0	0	0	0	0	0	0	0	0	0	0	0	0	0	0	0	0	0	0	0	0	0	0	0
OTU1187	0	0	0	0	0	0	0	1	0	0	0	0	4	5	0	0	0	0	0	3	0	0	0	0	0	0	0	0	0	0	0	0	0	67	0	1	0	0	0	0	0	0	0	0	0	2	0	0	0	0	0	0	3	0	0	1	0	2	4	0	3	0	0	112	0	73	2	0	1	1	0	0	0	1	0	0	0	0	0	0	0	0	0	0	0	14	0	0	0	7	0	0	8	0	0	0	0	48	0	0	0	0
OTU1188	0	0	0	0	0	0	0	0	0	0	1	0	0	1	0	0	0	0	0	0	0	0	0	0	0	0	0	0	0	0	0	0	0	128	0	0	0	0	0	0	0	0	0	0	0	0	0	0	0	0	0	2	6	0	0	0	0	2	0	0	124	0	0	82	0	30	1	1	0	0	0	0	0	0	0	0	0	0	0	0	0	0	2	0	0	20	0	0	0	5	0	0	8	0	1	0	0	31	0	0	0	0
OTU1189	0	0	0	0	0	0	0	0	0	0	0	0	0	0	0	0	0	0	0	0	0	0	0	0	0	0	0	0	0	0	0	0	0	2	0	0	0	0	0	0	0	0	0	0	0	0	0	0	0	0	0	0	0	0	0	0	0	0	0	0	0	0	141	0	0	2	0	3	0	0	0	0	0	0	0	0	0	0	0	0	0	0	0	0	3	0	0	0	0	0	0	0	0	0	0	0	0	0	0	0	0	0
OTU119	0	30	1	0	0	0	0	5	2	2	64	2	34	53	0	0	0	0	0	0	0	43	0	34	3	0	0	11	0	25	2	3	21	10	13	1	843	3	1697	4	43	1	2	70	899	156	4	4	51	3	44	9	77	5	179	1	250	50	10	0	0	0	1	0	68	2	267	8	18	11	0	24	12	83	160	151	714	5	58	13	15	7	7	4	1	55	20	55	485	72	3	5	12	9	6	18	1485	0	0	0	3	37
OTU1190	0	0	0	0	0	0	0	0	0	0	0	0	0	0	0	0	0	0	0	0	0	0	0	0	0	0	0	0	0	0	0	0	0	0	0	0	0	0	0	0	0	0	0	0	0	0	0	0	0	0	0	0	0	0	0	0	0	0	0	0	124	0	0	6	0	2	3	1	0	0	0	0	0	0	0	0	0	0	0	0	0	0	1	0	0	1	0	0	0	0	0	0	0	0	0	0	0	1	0	0	0	0
OTU1191	0	0	0	0	0	0	3	0	0	0	0	0	0	0	0	0	0	0	0	0	0	0	0	0	0	0	0	0	0	0	0	0	0	0	0	0	0	0	0	0	0	0	0	0	0	0	0	0	0	0	0	0	0	0	0	0	0	0	0	2	0	0	0	0	1	0	1	0	0	0	0	0	0	0	0	0	0	0	0	0	0	0	0	0	0	0	0	0	0	0	0	0	0	0	1	0	0	0	0	116	5	3
OTU1192	0	0	0	0	0	0	1	0	0	0	0	0	0	0	0	0	0	0	0	0	0	0	0	0	0	0	0	0	0	0	0	0	0	139	0	0	1	0	0	0	0	0	0	0	0	5	0	0	0	0	0	0	1	0	0	1	0	1	0	0	0	0	0	37	0	31	1	0	0	0	0	0	0	0	0	0	0	0	0	0	0	0	0	0	0	37	0	0	0	1	0	0	9	0	0	0	0	27	0	0	1	0
OTU1193	0	0	0	0	0	0	0	0	0	0	1	0	0	0	0	0	0	0	1	0	0	0	0	0	0	0	0	0	0	0	0	0	2	119	0	0	0	0	0	0	0	0	0	0	0	3	0	0	0	0	0	0	0	0	0	2	0	0	0	0	0	0	0	84	0	25	3	0	2	0	0	0	0	0	0	0	0	0	0	0	0	0	0	0	0	14	0	0	0	0	0	0	5	0	0	0	0	67	0	0	0	0
OTU1194	0	0	0	0	0	0	0	0	0	0	0	0	1	0	0	0	0	0	0	0	0	0	0	0	0	0	0	0	0	0	0	0	0	178	0	0	0	0	2	0	0	0	0	0	0	10	0	0	0	0	0	0	0	0	0	0	0	0	0	0	0	0	0	13	0	12	3	0	0	0	0	0	0	0	0	0	0	0	0	0	0	0	0	0	0	2	0	0	0	0	1	0	3	0	0	0	0	10	1	0	0	0
OTU1195	0	0	0	0	0	0	0	0	0	0	0	0	0	0	0	0	0	0	0	0	0	0	0	1	0	0	0	0	0	0	0	0	0	0	0	1	0	0	0	0	0	0	0	0	0	0	0	0	0	0	0	0	0	0	0	0	0	0	7	0	1	0	0	0	0	0	0	0	195	0	0	0	0	0	0	0	0	0	0	0	0	0	0	0	0	0	0	0	0	0	0	0	0	0	0	0	0	0	0	0	2	0
OTU1196	0	0	0	0	0	0	0	0	0	0	1	0	0	0	0	0	0	0	0	0	0	0	0	0	1	0	0	0	0	0	0	0	1	93	0	0	0	0	0	0	0	0	0	0	0	1	0	0	0	0	0	0	0	0	0	0	0	0	0	0	2	0	0	28	0	7	0	0	0	0	0	0	0	3	0	0	0	0	0	0	0	0	0	0	0	2	0	0	0	0	0	0	5	0	0	0	0	19	0	0	0	0
OTU1197	0	0	0	0	0	0	0	0	0	0	0	0	0	0	0	0	0	0	0	0	0	0	0	0	0	0	0	0	0	0	0	0	0	0	1	0	0	0	0	0	0	0	0	0	8	0	0	0	0	0	0	0	0	0	0	0	2	0	0	0	0	0	0	1	0	0	3	0	1	0	0	0	0	0	0	0	0	0	0	0	0	5	0	0	0	0	0	0	0	0	0	0	0	6	0	0	0	1	123	0	15	25
OTU1198	0	0	0	0	0	0	0	0	0	0	0	0	2	3	0	0	0	0	0	0	0	0	0	0	0	0	0	0	0	0	0	0	0	0	0	0	0	3	0	0	0	0	0	0	0	0	0	0	17	0	0	0	6	0	0	0	4	4	158	0	0	0	0	0	0	0	0	0	11	2	0	0	0	0	0	0	0	0	0	0	1	0	0	0	0	0	0	0	0	1	0	0	3	0	0	2	0	0	0	0	0	0
OTU1199	0	0	0	0	3	0	0	0	0	0	79	0	0	1	0	0	8	0	0	0	0	13	0	0	0	0	3	1	0	0	0	0	0	0	0	0	438	0	1	0	0	2	0	0	3	2	0	0	0	25	0	80	1	1	1	0	0	0	4	13	0	0	0	0	0	0	0	0	1	6	0	1	15	14	1	0	730	19	1	10	1	621	2	0	0	1	0	21	0	0	0	13	0	0	0	2	0	0	0	0	0	0
OTU12	0	1	0	1	0	0	138	72	0	0	0	5	4	2	0	0	0	0	31	9	53	65	51	42	36	15	5	3	2	0	1	28	53	50	69	36	1	0	2	0	0	0	1	2	6	2	0	8	0	8	0	0	7	1	60	10	223	138	156	25	65	18	23	67	1865	59	7920	4696	4662	2	0	5	1	26	2	2	1	1	1	1	4	8	4	0	0	4	1	0	2	4	6	9	4	44	19	7	797	86	1109	731	477	47647
OTU120	0	9	0	1	0	0	0	0	2	0	11	2	87	54	0	0	0	0	0	0	0	0	0	0	0	0	0	30	6	5	1	0	4	0	0	0	20	7	17	1	5	2	11	0	7	1	2	2	4	3	3	8	83	0	11	12	537	37	13	0	0	0	0	0	3	1	6	3	2	11	0	27	7	222	5	4	145	6359	3	7	37	5	19	2	2	5	60	14	30	76	10	1	5	22	7	6	7	0	2	0	0	0
OTU1200	0	0	0	0	0	0	0	0	0	0	0	0	0	0	0	0	0	0	0	0	0	0	0	0	0	0	0	0	0	0	0	0	0	0	0	0	0	0	0	0	0	0	0	0	0	0	0	0	0	0	0	0	0	0	0	0	0	0	0	0	0	0	0	5	33	10	2	0	2	0	0	0	0	0	0	0	0	0	0	0	0	0	0	0	0	0	0	0	0	0	0	0	2	4	0	0	0	1	133	0	0	5
OTU1201	0	0	0	4	0	0	0	0	1	0	0	0	2	1	0	0	0	0	0	0	0	0	0	0	0	0	0	1	0	0	0	0	0	0	0	0	1	0	0	0	0	6	0	0	0	1	0	0	0	0	0	0	1	0	0	0	6	2	22	0	0	0	0	0	0	7	0	0	0	0	0	0	0	2	0	0	0	0	0	0	0	0	0	0	0	0	0	0	0	2	14	2	75	31	0	1	0	7	0	0	0	0
OTU1202	0	0	0	0	0	0	0	0	0	0	0	0	3	0	1	0	0	0	0	0	0	0	0	0	0	0	0	2	0	0	0	0	0	0	0	0	0	0	0	0	0	0	0	0	0	0	0	0	4	6	0	0	0	5	0	0	3	11	29	0	0	0	0	0	0	1	0	0	0	19	0	18	0	6	0	0	0	1	0	0	1	0	0	0	8	0	0	0	0	0	1	0	3	4	0	11	14	0	0	0	0	0
OTU1203	0	0	0	0	0	0	0	0	0	0	0	0	2	2	0	0	0	0	1	0	0	0	0	0	0	0	0	2	0	0	0	0	0	0	1	0	0	0	0	0	0	7	0	0	5	6	1	0	0	0	40	7	1	0	1	0	5	0	1	0	0	2	0	0	0	0	0	0	0	0	0	43	7	3	0	0	0	15	0	0	0	0	8	16	0	0	0	0	0	1	0	0	0	0	0	0	0	0	0	0	0	0
OTU1204	0	0	0	0	0	0	0	0	0	0	0	0	0	0	0	0	0	0	0	0	0	0	112	0	0	0	0	0	0	0	0	0	0	0	0	0	0	0	0	0	0	0	0	0	0	0	0	0	0	0	0	0	0	0	0	0	0	0	0	0	0	0	6	0	0	0	2	0	0	0	0	0	0	0	0	0	0	0	0	0	0	0	0	0	0	0	0	0	0	0	0	0	0	0	0	0	0	0	0	0	0	0
OTU1205	0	0	0	0	0	0	0	0	0	0	1	1	1	0	0	0	0	0	0	3	0	0	0	0	0	0	0	0	0	0	0	0	0	131	0	0	0	0	0	0	0	0	0	0	0	1	0	0	0	0	0	2	2	0	0	3	0	0	0	0	0	0	0	40	0	28	0	3	0	0	0	0	0	0	0	0	0	0	0	0	0	0	0	0	0	10	0	0	0	6	0	0	5	0	0	0	0	17	2	0	0	0
OTU1206	0	0	0	0	0	0	0	0	0	0	3	1	0	1	0	0	0	0	0	0	0	0	0	0	0	0	0	1	1	0	0	0	1	203	0	1	0	0	0	0	0	0	2	0	0	142	0	0	1	0	0	172	8	16	2	0	13	3	3	0	0	0	0	37	0	22	0	0	4	3	0	0	1	15	0	0	6	0	0	0	0	0	0	20	0	20	0	0	0	5	0	1	13	0	0	2	1	28	0	0	0	0
OTU1207	0	0	0	0	0	0	0	0	0	0	1	0	0	1	0	0	0	0	0	0	0	0	0	0	0	0	0	1	1	0	0	0	0	0	2	0	35	15	0	0	0	3	0	0	0	0	0	0	13	0	0	0	4	0	0	1	6	0	0	0	0	0	0	0	0	0	0	0	0	0	0	3	0	1	0	0	14	1	0	0	3	0	0	0	2	0	13	0	92	3	0	0	0	0	0	0	0	0	0	0	0	0
OTU1208	0	0	0	0	0	0	0	0	0	0	0	0	0	0	0	0	0	0	0	0	0	1	0	0	0	0	0	0	0	0	0	0	0	3	0	0	0	0	0	0	0	0	0	0	0	0	0	0	0	0	0	0	0	0	0	0	0	0	8	0	0	0	0	0	25	0	1	4	67	0	0	0	0	0	0	0	0	0	0	0	0	0	0	0	0	0	0	0	0	0	0	0	0	3	0	0	0	0	9	38	1	0
OTU1209	0	0	0	0	0	0	0	0	0	0	0	3	1	0	0	0	0	0	0	0	0	0	1	0	0	0	0	49	8	17	0	0	0	0	0	0	0	12	0	0	0	0	0	2	0	0	0	0	0	0	7	1	2	0	1	3	7	1	0	0	0	0	0	0	0	0	0	0	0	131	0	1	21	3	0	1	0	0	0	0	0	0	0	0	0	0	0	0	0	3	4	0	0	1	0	0	0	0	0	0	0	0
OTU121	19	12	0	1	0	0	1	1	3	0	12	4	23	52	0	0	0	0	1	0	7	4	2	0	14	0	148	164	8	119	9	11	15	2	4	6	4	4	5	0	1	25	144	528	359	22	6	295	6	27	0	313	39	5	58	102	195	205	255	3	4	1	1	5	579	12	143	129	93	10	12	19	239	103	2	2	11	216	703	2	21	87	268	18	201	63	6	4	11	620	5	188	68	74	150	55	350	8	116	48	231	10
OTU1210	0	0	0	0	0	0	0	0	0	0	0	0	0	1	0	0	0	0	0	0	0	0	0	0	0	0	0	14	0	0	2	0	0	1	0	0	0	0	0	0	2	1	0	0	0	0	0	0	0	0	0	0	0	2	4	0	0	2	2	0	0	0	0	1	15	0	4	0	0	16	0	0	0	0	1	0	0	0	0	0	0	7	3	0	0	0	0	0	0	15	0	0	2	1	0	0	0	0	0	67	0	14
OTU1211	0	0	0	0	0	0	0	0	0	0	0	0	0	0	0	0	0	0	0	0	0	0	0	0	0	0	0	0	0	0	0	0	0	0	0	0	0	0	0	0	0	0	0	0	0	0	0	0	0	0	0	0	0	0	0	0	0	0	0	0	147	0	0	0	0	0	0	0	0	0	0	0	0	0	0	0	0	0	0	0	0	0	1	0	0	0	0	0	0	0	0	0	0	0	0	0	0	2	0	0	0	0
OTU1212	0	0	0	0	0	0	0	0	0	0	0	0	0	0	0	0	0	0	0	0	0	0	0	0	0	0	0	0	0	0	0	0	0	0	0	0	0	0	0	0	0	0	0	0	0	0	0	0	0	0	0	0	0	0	0	0	0	0	0	0	109	0	0	15	0	9	4	0	0	0	0	0	0	0	0	0	0	0	0	0	0	0	1	0	0	13	0	0	0	0	0	0	1	0	0	0	0	5	0	0	0	0
OTU1213	0	0	0	0	0	0	0	0	0	0	1	0	0	1	0	0	0	0	0	0	239	0	0	0	0	0	0	0	0	0	0	0	0	0	0	2	0	0	0	0	0	0	0	0	0	0	0	0	0	0	0	0	2	0	0	2	0	0	1	0	0	0	0	74	0	31	5	0	0	0	0	0	0	2	0	0	2	0	0	0	0	0	0	0	0	18	0	0	0	0	0	0	4	0	0	0	0	23	0	0	0	1
OTU1214	0	0	0	0	0	0	0	0	0	0	0	0	0	2	0	0	0	0	0	0	0	0	0	0	0	1	0	0	35	0	2	0	1	0	0	0	0	0	0	0	0	0	0	1	0	1	5	0	0	3	9	0	18	0	0	0	2	12	1	0	0	0	0	0	17	0	55	7	6	0	0	8	1	0	0	0	0	0	0	0	0	0	0	1	0	0	0	0	0	0	0	0	0	1	0	0	0	0	0	0	0	0
OTU1215	0	4	0	0	0	0	0	0	0	0	4	0	0	0	0	0	0	0	0	0	0	1	0	0	0	0	0	0	0	0	0	0	1	131	0	0	0	0	0	0	0	0	0	0	0	0	0	0	0	0	0	0	0	0	0	8	2	0	0	0	0	0	0	35	0	114	0	1	0	0	0	0	0	0	0	0	0	0	0	0	0	0	0	0	0	7	0	0	0	3	0	2	4	0	0	0	0	40	0	1	0	0
OTU1216	0	0	0	0	0	0	0	0	0	0	0	0	0	0	0	0	0	0	1	0	0	0	0	0	0	0	0	5	0	1	0	0	0	0	0	1	30	0	0	0	0	30	0	17	5	3	1	26	0	4	0	0	12	0	0	0	18	0	0	0	0	0	0	0	0	0	0	0	0	0	0	4	1	5	0	0	3	0	0	0	0	13	0	3	0	1	0	0	0	1	0	0	3	0	0	0	0	0	0	2	0	0
OTU1217	0	0	0	0	0	0	0	0	0	0	0	0	0	0	0	0	0	0	0	0	0	0	0	0	0	0	0	0	0	0	0	0	0	0	0	0	0	0	0	0	0	0	0	0	0	0	0	0	0	0	0	0	0	0	0	0	1	0	0	0	0	0	0	0	35	0	58	28	0	0	0	0	0	0	0	0	0	0	0	0	0	0	0	0	0	0	0	0	0	0	0	0	0	1	0	0	0	0	25	0	0	0
OTU1218	0	0	0	0	0	0	0	0	0	0	0	0	0	0	0	0	0	0	0	0	0	0	0	0	0	0	0	0	0	0	0	0	0	0	0	0	0	0	0	0	0	0	0	0	0	0	0	0	0	0	0	0	0	0	0	0	0	0	0	0	154	0	0	0	0	0	0	0	0	0	0	0	0	0	0	0	0	0	0	0	0	0	2	0	0	0	0	0	0	0	0	0	0	0	0	0	0	0	0	0	0	0
OTU1219	0	0	0	0	0	0	0	0	0	0	0	0	0	0	0	0	0	0	0	0	0	0	0	0	0	0	0	0	0	0	0	0	0	0	0	0	0	0	0	0	0	0	0	0	0	0	0	0	0	0	0	0	0	0	0	0	0	0	0	0	127	0	0	7	0	2	1	0	0	0	0	0	0	0	0	0	0	0	0	0	0	0	6	0	0	0	0	0	0	0	0	0	1	0	0	0	0	1	0	0	0	0
OTU122	0	1	0	0	0	2	10	4	2	0	0	0	1	1	0	0	0	0	0	0	8	0	1	1	1	1	0	3	0	1	0	7	5	149	5	2	0	0	1	0	0	0	0	0	1	10	0	33	0	0	0	0	2	4	3	0	21	2	0	5	12	3	2	4	0	1	21	17	7	2	0	0	6	17	3	0	1	0	0	0	1	10	72	7	13	3	0	2	18	4	0	0	0	553	132	1	3	1	61	6762	19	84
OTU1220	0	0	0	0	0	0	0	0	0	0	0	0	0	0	0	0	0	0	0	0	0	0	0	0	0	0	0	0	0	0	0	0	0	0	0	0	0	0	0	0	0	0	7	0	0	0	0	0	0	0	0	0	0	0	0	0	0	0	0	0	0	0	0	0	0	0	0	0	0	1	0	0	0	0	0	0	117	0	0	0	0	0	0	0	0	0	0	0	1	0	0	0	0	0	0	2	0	0	0	0	0	0
OTU1221	0	0	0	0	0	0	0	0	0	0	0	0	6	6	0	0	0	0	0	0	0	0	0	0	0	0	0	1	0	0	0	0	0	0	0	1	0	0	0	0	0	0	0	0	0	0	0	4	0	0	0	0	0	0	73	4	8	13	35	0	0	0	0	0	2	0	0	2	0	0	0	0	0	5	0	0	0	1	0	14	0	0	1	0	0	0	0	0	0	1	0	0	2	2	0	0	0	0	0	0	0	0
OTU1222	0	2	0	0	0	0	0	0	0	0	0	0	0	1	0	0	0	0	0	0	0	0	0	0	0	0	0	5	0	0	0	1	0	8	1	0	0	0	0	0	0	0	10	0	0	0	0	1	0	0	0	3	1	3	0	0	6	0	1	0	0	0	0	0	0	0	0	1	1	0	0	26	0	0	0	0	9	0	0	0	0	0	2	0	0	0	0	1	4	1	0	0	4	0	1	2	25	0	2	133	0	0
OTU1223	0	0	0	0	0	0	0	0	0	0	0	0	0	0	0	0	0	0	0	0	0	0	0	0	0	0	0	0	0	0	0	0	0	3	0	0	0	0	0	0	0	0	0	0	0	112	0	0	0	0	0	0	1	0	0	3	3	4	0	0	0	0	0	3	0	0	0	0	0	4	0	16	0	3	0	0	0	0	0	0	0	0	0	0	0	0	0	0	0	0	0	0	0	0	0	3	0	0	0	0	0	0
OTU1224	0	0	0	0	0	0	0	0	0	0	5	1	0	0	0	0	0	0	0	0	0	0	0	0	0	0	0	0	0	0	0	0	0	0	0	0	0	8	0	0	0	0	0	0	0	0	0	0	0	0	0	12	0	0	0	0	19	0	0	0	0	0	0	0	0	0	0	0	0	2	3	350	0	0	0	0	0	0	0	0	0	0	1	0	0	0	0	0	0	8	0	0	12	0	0	0	0	0	0	0	0	0
OTU1225	0	0	0	0	0	0	0	1	0	0	0	0	0	2	0	0	0	0	0	0	0	1	0	0	0	0	0	0	0	0	0	0	1	0	0	0	0	0	0	0	0	0	0	0	0	0	0	0	0	0	0	0	0	0	5	0	0	0	0	0	0	0	0	0	106	0	8	0	0	0	0	0	0	0	0	0	0	0	0	0	0	0	0	0	0	0	0	0	0	0	0	0	0	0	0	0	0	0	0	0	0	1
OTU1226	0	0	0	0	0	0	0	0	0	0	0	0	0	0	0	0	0	0	0	0	0	1	0	0	0	0	0	0	0	0	0	0	0	0	0	0	0	0	0	0	0	0	0	0	0	0	0	0	0	0	0	0	0	0	0	0	0	0	0	2	0	0	0	0	0	0	3	1	0	0	0	0	0	0	0	0	0	0	0	0	0	0	0	0	0	0	0	0	0	0	0	0	0	2	0	0	0	0	147	0	3	0
OTU1227	0	0	0	0	0	0	0	0	0	0	0	0	0	0	0	0	0	0	0	0	0	0	0	0	0	0	0	0	0	0	0	0	0	3	0	0	0	0	0	0	0	0	0	0	0	0	0	0	0	0	0	0	0	0	0	0	0	0	0	0	0	0	0	0	0	0	0	0	0	0	0	0	0	0	0	0	0	0	0	0	0	0	0	0	0	0	0	0	0	1	0	0	0	2	2	0	0	0	19	100	20	0
OTU1228	0	0	0	0	0	0	0	0	0	0	0	0	0	0	0	0	0	0	0	0	0	1	0	0	0	0	0	0	0	0	0	0	0	138	0	0	0	0	0	0	0	0	0	0	0	4	0	0	0	0	0	0	0	0	0	0	0	0	0	0	0	0	0	21	0	34	0	0	1	0	0	0	0	0	0	0	0	0	0	0	0	0	0	0	0	1	0	0	0	0	0	0	4	0	0	0	0	20	0	0	0	0
OTU1229	0	0	0	0	0	0	0	0	0	0	0	0	1	0	0	0	0	0	0	0	0	0	0	0	0	0	0	0	0	0	0	0	0	0	7	0	0	0	0	0	0	0	0	0	1	0	3	0	2	0	0	0	0	0	0	0	0	1	0	0	0	0	0	0	0	0	0	0	0	0	0	134	0	0	0	0	0	0	0	0	0	3	0	0	0	0	0	6	1	5	0	0	0	1	0	0	0	0	0	0	0	0
OTU123	0	5	1	5	0	0	0	7	0	0	0	5	207	165	5	0	2	0	0	0	0	1	1	0	2	0	100	56	627	4	57	0	9	0	0	0	62	68	1	0	4	3	2	2	5	8	0	1	1	10	2	5	159	2	7	1	397	110	8	0	4	0	0	1	0	0	5	2	1	26	1	4	4	195	3	883	17	4399	0	0	152	5	13	2	0	3	14	7	34	185	0	0	1	11	4	10	5	0	0	0	1	0
OTU1230	0	0	0	0	0	0	0	0	0	0	0	0	0	0	0	0	0	0	0	0	2	0	0	0	0	0	0	0	0	0	0	0	0	0	0	0	0	0	0	0	0	0	0	0	0	0	0	0	0	0	0	0	0	0	0	0	0	0	1	0	136	0	0	0	0	0	0	0	29	0	0	0	0	0	0	0	0	0	0	0	0	0	2	0	0	0	0	0	0	0	0	0	0	0	0	0	0	0	0	0	0	0
OTU1231	4	0	0	0	0	0	0	0	0	0	0	0	1	2	0	0	0	0	0	0	1	0	0	0	1	0	0	0	0	0	0	0	0	0	0	0	2	0	0	0	0	0	0	7	0	1	0	10	0	0	0	0	0	55	0	0	8	2	4	0	0	0	0	0	0	0	0	0	0	0	0	0	0	3	0	0	0	0	60	0	0	1	4	0	12	0	0	0	0	38	0	8	4	2	0	0	0	0	0	0	0	0
OTU1232	0	0	0	0	0	0	1	0	0	0	0	0	0	0	0	0	0	0	0	0	0	0	0	0	0	0	0	0	0	0	0	0	0	2	0	0	0	0	0	0	0	0	0	0	0	0	0	0	0	0	0	0	0	0	0	0	0	0	0	0	0	0	0	0	0	1	0	0	1	0	0	0	0	0	0	0	0	0	0	0	0	0	0	0	0	0	0	0	0	0	0	0	0	2	0	4	0	0	53	0	83	3
OTU1233	0	0	0	0	0	0	0	0	3	0	0	0	0	0	0	0	123	0	0	0	0	0	0	0	0	0	0	0	0	0	0	0	0	0	0	0	0	0	0	0	0	1	0	0	0	0	0	0	0	0	0	0	0	0	0	0	0	0	0	0	0	0	0	0	0	0	0	0	0	0	0	0	0	0	0	0	0	0	0	0	0	0	0	0	0	0	0	0	0	3	0	0	0	0	0	0	0	0	0	0	0	0
OTU1234	0	0	0	1	0	0	0	0	0	0	1	0	2	0	0	0	0	0	0	0	0	0	0	0	0	0	1	6	0	0	0	0	0	0	0	0	0	0	0	0	0	0	0	4	0	0	0	0	0	0	0	1	2	0	18	13	3	9	3	0	0	0	0	0	24	0	10	29	7	0	0	0	8	5	0	0	0	0	0	0	0	0	0	0	0	0	0	0	0	1	1	0	0	0	0	0	0	0	0	0	0	1
OTU1235	0	0	0	0	0	0	0	0	0	0	0	0	0	0	0	0	0	0	0	0	0	0	0	0	0	0	1	89	0	0	0	0	0	1	0	0	0	3	0	0	0	2	0	0	0	34	3	0	0	10	0	0	1	6	0	0	1	0	0	0	0	0	0	0	0	0	0	0	0	0	0	0	0	0	0	0	3	0	0	4	0	2	5	1	0	0	1	0	0	2	0	0	0	0	0	0	0	0	0	0	0	0
OTU1236	0	0	0	0	0	0	0	0	0	0	0	0	0	0	0	0	0	0	0	0	0	0	0	0	0	0	0	0	0	0	0	0	0	77	3	0	0	0	0	0	0	0	0	0	0	5	0	0	0	0	0	0	0	0	0	3	0	1	0	0	0	0	0	7	0	12	0	0	1	0	0	0	0	0	0	0	1	0	0	0	0	0	0	0	0	10	0	0	0	0	0	0	0	0	0	0	0	10	0	1	0	0
OTU1237	0	0	0	0	0	0	0	0	0	0	0	0	0	0	0	0	0	0	0	0	0	0	0	0	0	0	0	0	0	0	0	0	0	155	0	0	0	0	0	0	0	0	0	0	0	0	0	0	0	0	0	0	0	0	0	0	0	0	0	0	0	0	0	4	0	8	2	0	0	0	0	0	0	0	0	0	0	0	0	0	0	0	0	0	0	5	0	0	0	0	0	0	1	0	0	0	0	0	0	0	0	0
OTU1238	0	0	0	0	0	0	0	0	0	0	0	0	0	0	0	0	0	0	1	0	0	0	0	0	0	0	0	0	0	0	0	0	0	76	0	2	0	0	0	0	0	0	0	0	0	1	0	0	0	0	0	0	0	0	0	0	1	0	0	0	1	0	0	7	0	33	0	0	1	0	0	0	0	0	0	0	0	0	0	0	1	0	0	0	0	1	0	0	0	0	0	0	10	0	0	0	0	4	0	0	0	0
OTU1239	0	0	0	0	0	0	0	0	0	0	0	0	0	0	0	0	0	0	0	0	0	0	0	0	0	0	0	0	0	0	0	0	0	0	0	0	20	0	0	0	0	0	0	0	2	0	0	0	0	0	0	0	6	0	1	0	4	0	2	0	0	0	0	0	0	0	0	0	0	0	0	0	15	8	0	0	0	0	1	0	0	36	8	4	0	0	0	0	0	0	5	0	0	0	0	2	3	0	0	0	0	0
OTU124	0	3	4	7	0	0	3	0	4	0	6	4	16	24	0	2	0	0	0	0	0	1	147	0	0	0	0	20	7	1	6	0	0	3	1	0	99	7734	18	1	3	6	3	2	3	148	2	3	3	6	7	14	36	3	8	3	68	11	29	0	0	0	0	2	0	0	2	3	2	18	6	12	5	84	3	30	224	314	3	26	10	1	7	5	2	3	16	9	35	20	3	0	3	13	0	10	3	0	0	0	0	3
OTU1240	0	0	0	0	0	0	0	0	0	0	0	0	0	0	0	0	0	0	0	0	0	0	0	0	0	0	0	0	0	0	0	0	3	0	0	0	0	0	0	0	0	0	0	0	0	0	0	0	0	0	0	0	0	0	0	7	0	2	1	0	0	0	0	0	0	0	15	97	49	0	0	0	0	0	0	0	0	0	0	0	0	0	0	0	0	0	0	0	0	0	0	0	0	0	0	0	0	0	0	0	4	0
OTU1241	0	0	0	0	0	0	0	0	0	0	0	0	0	0	0	0	0	0	0	0	26	4	0	0	0	0	0	0	0	0	0	0	0	0	0	0	0	0	0	0	0	0	0	0	0	0	0	0	0	0	0	0	0	0	0	0	0	0	0	0	140	0	0	4	0	7	0	0	0	0	0	0	0	0	0	0	0	0	0	0	0	0	4	0	0	0	0	0	0	0	0	0	0	0	0	0	0	2	0	0	0	0
OTU1242	0	0	0	0	0	0	3	0	0	0	1	0	0	0	0	0	0	0	0	0	1	0	0	0	0	0	0	0	0	0	0	0	0	2	0	0	0	0	0	0	0	0	0	0	0	0	0	0	0	0	0	0	0	0	0	0	0	0	0	0	0	0	0	0	0	0	14	4	0	0	0	0	0	0	0	0	0	0	0	0	0	0	0	0	0	0	0	0	0	0	0	0	0	15	11	2	0	0	474	439	66	1
OTU1243	0	0	0	0	0	0	1	0	0	0	0	0	1	0	0	0	0	0	0	0	0	0	0	0	0	0	0	0	0	0	0	0	0	43	0	0	0	0	0	0	0	0	0	0	0	0	0	0	0	0	0	0	0	0	0	0	0	0	0	0	110	1	0	9	0	5	0	0	0	0	0	2	0	0	0	0	0	0	0	0	0	0	1	0	0	8	0	0	0	0	0	0	0	0	0	0	0	3	4	0	0	0
OTU1244	0	0	0	0	0	0	1	0	3	0	0	0	1	0	0	0	0	1	0	0	0	0	0	0	0	0	0	0	0	0	0	0	0	0	0	0	2	0	0	0	0	0	0	0	0	0	0	0	0	0	0	15	17	0	0	0	1	0	3	0	0	0	0	0	0	0	3	0	0	0	0	0	0	0	0	0	0	1	0	0	1	0	0	0	0	0	67	0	0	0	71	0	0	2	0	0	0	0	0	0	0	0
OTU1245	0	0	0	0	0	0	0	0	0	0	0	1	2	0	0	0	0	0	0	0	0	0	0	0	0	0	0	2	0	0	0	0	0	0	0	0	0	0	0	0	0	0	0	0	27	0	0	1	0	0	0	1	2	0	2	41	7	28	25	0	0	0	0	0	0	3	0	0	0	0	0	0	0	3	0	0	0	0	0	0	0	0	0	0	4	0	0	0	0	0	0	0	6	0	0	0	6	1	0	0	0	0
OTU1246	0	0	0	0	0	0	0	0	0	0	0	0	0	0	0	0	0	0	0	0	0	0	0	0	0	0	0	0	0	0	0	0	0	191	0	0	0	0	0	0	0	0	0	0	0	0	0	0	0	0	0	0	0	0	0	0	2	0	0	0	1	0	0	1	0	5	1	0	0	0	0	0	0	0	0	0	9	0	0	0	0	0	0	0	0	0	0	0	0	0	0	0	1	0	0	0	0	1	0	0	0	0
OTU1247	0	0	0	0	0	0	1	0	0	0	0	0	0	0	0	0	0	0	0	0	0	1	0	0	0	0	0	0	0	0	0	0	0	235	0	0	0	0	0	0	0	0	0	0	0	3	0	0	0	0	0	0	2	0	0	1	0	0	0	0	0	0	0	33	0	43	10	2	1	0	0	0	0	0	0	0	0	0	0	0	0	0	2	0	0	14	0	0	0	0	0	0	2	0	0	0	0	35	0	0	0	0
OTU1248	0	0	0	0	0	0	0	0	0	0	5	0	12	7	0	0	0	0	0	0	0	0	0	0	0	0	0	1	12	1	0	0	3	8	0	0	0	0	0	0	0	0	0	0	54	0	0	5	0	0	4	0	0	1	0	0	12	1	0	0	0	0	0	1	0	0	2	0	0	0	0	0	0	3	0	0	0	0	8	0	0	0	0	0	4	22	0	0	2	10	0	0	4	8	2	17	16	0	16	103	14	10
OTU1249	0	0	0	0	0	0	0	0	0	0	0	0	0	0	0	0	0	0	0	0	0	0	0	0	0	0	0	0	0	0	0	0	0	0	0	0	0	0	0	0	0	0	0	0	0	0	0	0	0	0	0	0	0	0	4	0	5	0	2	0	0	0	0	1	39	0	76	16	31	0	0	0	0	0	0	0	0	0	0	0	0	0	0	0	0	0	0	0	0	0	0	0	0	0	0	0	0	0	0	0	0	0
OTU125	0	6	0	8	0	0	1	0	0	0	0	5	16	16	1	0	0	0	0	0	0	2	0	0	1	0	9	15	10	19	13	0	0	13	1	0	9	21	7	0	36	11	9	4	3	851	12	1	6	11	2	15	33	3	4	12	219	26	17	0	1	0	0	3	0	0	2	0	27	5793	1	11	8	74	2	7	10	9	41	3	17	4	7	6	2	6	11	118	1	22	4	1	5	22	13	7	14	2	0	0	0	0
OTU1250	0	0	0	0	0	0	0	0	0	0	0	0	0	0	0	0	0	0	0	0	0	0	0	0	0	0	0	0	0	0	0	0	0	0	0	0	0	0	0	0	0	0	0	0	0	0	0	0	0	0	0	0	0	0	0	0	0	0	0	0	139	0	0	0	0	0	0	0	0	0	0	0	0	0	0	0	0	0	0	0	0	0	3	0	0	0	0	0	0	0	0	0	1	0	0	0	0	0	0	0	0	0
OTU1251	0	0	0	0	0	0	0	0	0	0	0	1	5	1	0	0	0	0	0	0	0	0	0	0	0	0	0	1	3	7	0	0	0	0	0	0	1	0	1	0	0	0	1	0	0	0	0	0	0	0	0	0	1	0	0	1	32	0	0	0	0	0	0	0	0	0	0	0	0	0	0	0	0	1	0	0	0	27	0	0	0	2	0	0	0	0	26	2	8	2	0	0	0	1	0	3	1	0	0	0	0	0
OTU1252	0	0	0	0	0	1	0	0	0	0	0	0	5	6	0	0	0	0	0	0	0	0	0	0	0	0	0	0	0	1	0	0	0	0	0	0	0	0	0	0	0	0	0	0	0	0	0	5	0	0	0	2	13	0	8	101	9	12	0	0	0	0	0	0	0	0	0	0	0	2	0	1	0	5	0	0	0	0	0	0	3	0	1	0	0	1	0	0	0	1	0	0	13	1	29	9	4	0	0	0	1	0
OTU1253	0	0	0	0	0	0	0	0	0	0	0	0	0	0	0	0	0	0	0	0	144	2	0	0	0	0	8	0	0	0	0	0	1	0	0	0	0	0	0	0	0	0	5	0	1	0	0	0	0	0	0	0	0	0	1	0	2	0	0	0	0	0	0	8	0	4	0	0	0	0	0	0	0	0	0	0	0	0	0	0	0	0	0	0	0	4	0	0	0	0	0	0	2	0	0	0	0	1	0	0	0	0
OTU1254	0	0	0	0	0	0	0	0	0	0	0	0	0	0	0	0	0	0	0	0	0	0	0	0	0	0	0	0	0	0	0	0	0	1	0	0	0	0	0	0	0	0	0	0	0	0	0	0	0	0	0	0	0	0	0	0	0	0	0	0	1	0	0	0	0	0	11	1	1	0	0	0	0	0	0	0	0	0	0	0	0	0	0	0	0	0	0	0	0	0	0	0	0	0	0	4	1	0	0	0	36	91
OTU1255	0	0	0	0	0	0	0	0	0	0	0	0	0	0	0	0	0	0	0	0	0	0	0	0	0	0	0	0	0	0	0	1	0	0	0	0	0	0	0	0	40	0	0	0	1	4	0	0	0	18	0	0	0	13	7	0	0	0	0	0	0	0	0	0	0	0	0	0	0	0	0	1	0	0	0	0	2	0	0	0	0	0	0	0	0	0	0	1	0	0	0	0	0	57	0	25	15	0	0	0	0	0
OTU1256	0	0	0	0	0	0	0	0	0	0	0	0	0	0	0	0	0	0	0	0	0	0	0	0	0	0	0	0	0	0	0	0	0	0	0	0	0	0	0	0	0	0	0	0	0	0	0	0	0	0	0	0	1	0	0	0	0	0	0	0	0	0	0	0	0	0	17	0	0	0	0	0	0	0	0	0	0	0	0	0	0	0	0	0	0	0	0	0	0	0	0	0	0	0	0	1	0	0	73	3	12	36
OTU1257	0	0	0	0	0	0	0	0	0	0	0	0	0	0	0	0	0	0	0	0	0	0	0	0	0	0	0	0	0	0	0	0	0	0	0	0	0	0	0	0	0	0	0	0	0	0	0	0	0	0	0	0	0	0	0	0	0	0	0	0	103	0	0	1	0	0	0	0	0	0	0	0	0	0	0	0	0	0	0	0	0	0	1	0	0	0	0	0	0	0	0	0	0	0	0	0	0	0	1	0	0	0
OTU1258	0	0	0	0	0	0	0	0	0	0	0	0	0	0	0	0	0	0	0	0	0	0	0	0	0	0	0	0	0	0	0	0	0	0	0	0	1	0	0	0	0	0	0	0	0	0	0	0	0	0	0	0	0	0	0	0	0	0	0	0	0	0	0	0	0	0	0	0	0	0	0	0	2	0	0	0	8	346	0	0	0	1	0	0	0	0	0	0	0	0	0	0	0	0	0	0	0	0	0	0	0	0
OTU1259	0	0	0	0	0	0	0	0	0	0	0	0	0	0	0	0	0	0	0	0	29	0	0	0	0	0	0	0	0	0	0	0	0	0	1	0	0	0	0	0	0	0	0	0	0	0	0	0	0	0	0	0	0	0	0	1	0	0	0	0	56	0	0	21	1	18	2	0	0	0	0	0	0	2	0	0	0	0	0	0	0	0	0	0	0	2	0	0	0	0	0	0	3	0	0	0	0	14	0	0	0	0
OTU126	0	6	0	3	0	0	3	2	1	0	5	0	48	62	0	0	0	0	2	0	2	5	0	0	4	0	6	22	1	8	23	0	0	2	1	0	4	3	3	0	0	3	7	172	2	6	6	1	76	2	4	317	157	4	21	1	261	74	309	1	10	3	2	1	495	0	57	142	9	3	3	2	7	1031	1	7	1	11	178	7	31	50	1286	247	190	25	5	0	9	55	24	0	26	97	4	24	1588	5	316	3	2	25
OTU1260	0	0	0	0	0	0	0	0	0	0	0	0	0	0	0	0	0	0	0	0	0	0	0	0	1	0	0	2	0	1	0	0	0	0	0	0	0	1	0	0	0	0	0	0	0	0	0	0	0	0	0	0	2	0	0	0	1	0	0	0	0	0	0	0	0	0	0	0	0	0	0	0	26	0	0	0	0	0	27	0	1	0	0	8	0	0	0	0	3	54	0	0	0	0	0	0	0	0	0	0	1	0
OTU1261	0	0	0	0	0	0	0	0	0	0	0	0	0	0	0	0	0	0	0	0	0	0	0	0	0	0	0	0	0	0	0	0	0	0	0	0	0	0	0	0	0	0	0	0	0	0	0	0	0	0	0	0	0	0	0	0	0	0	0	0	0	0	0	0	0	0	0	0	1	0	0	0	0	0	0	0	0	0	0	0	0	0	0	0	0	1	0	0	0	0	0	0	1	0	0	0	0	0	49	24	84	0
OTU1262	0	0	0	0	0	0	2	0	9	0	0	4	2	4	0	0	0	0	1	0	0	0	0	0	0	0	0	93	2	45	14	0	0	0	0	0	9	0	0	0	92	5	0	0	0	0	0	0	0	40	0	2	16	0	1	0	22	0	0	0	0	0	0	0	0	0	0	0	0	1	0	0	0	4	1	0	0	1	0	0	1	1	1	5	0	0	0	2	0	0	0	0	0	9	0	2	0	0	0	0	1	0
OTU1263	0	0	0	0	0	0	0	0	0	0	0	1	2	0	0	0	0	0	0	0	0	0	0	0	0	0	2	24	6	0	0	0	0	0	0	0	0	0	0	0	1	0	0	0	0	0	0	0	18	5	4	4	1	3	6	6	9	0	5	0	0	0	0	0	5	0	0	0	0	9	0	0	0	1	0	0	0	0	0	0	0	1	4	0	0	0	0	0	0	2	3	4	3	4	5	0	0	0	0	0	0	0
OTU1264	0	0	0	0	0	0	1	1	0	0	0	0	0	0	0	0	0	0	0	0	0	0	0	1	0	0	0	0	0	0	0	0	0	0	0	0	0	0	0	0	0	0	0	0	0	0	0	0	0	0	0	0	0	0	3	0	0	0	0	2	0	0	0	0	93	0	7	25	0	0	0	0	0	0	0	0	2	0	0	0	0	0	0	0	0	0	0	0	0	0	0	0	0	0	0	0	0	0	0	0	0	0
OTU1265	0	0	0	0	0	0	0	0	0	0	0	0	0	0	0	0	0	0	0	0	0	0	0	0	0	0	0	0	0	0	0	0	2	0	0	0	0	0	0	0	0	0	0	0	0	0	0	0	0	0	0	0	0	0	0	0	0	0	0	0	107	0	0	7	0	1	3	0	0	0	0	0	0	0	0	0	0	0	0	0	0	0	0	0	0	0	0	0	0	0	0	0	1	0	0	0	0	0	0	0	0	1
OTU1266	0	0	0	0	0	0	0	0	0	0	2	0	0	0	0	0	0	0	0	0	1	0	0	0	0	0	0	0	0	0	0	0	0	125	0	0	0	0	0	0	0	0	0	0	0	1	0	0	0	0	0	0	0	0	0	1	0	0	0	0	0	0	0	55	0	26	0	3	1	0	0	0	0	0	0	0	0	0	0	0	0	0	0	0	0	8	0	0	0	0	0	0	8	0	0	0	0	13	0	0	0	0
OTU1267	0	0	0	0	0	0	0	0	0	0	0	0	0	0	0	0	0	0	0	0	0	0	0	0	0	0	0	0	0	0	0	0	0	127	1	0	0	0	0	0	0	0	0	0	0	5	0	0	0	0	0	0	0	0	0	0	0	0	0	0	0	0	0	39	0	8	0	0	0	0	0	0	0	0	0	0	0	0	0	0	0	0	0	0	0	9	0	0	0	0	0	0	5	0	0	0	0	19	1	0	1	0
OTU1268	0	0	0	0	0	0	0	0	0	0	0	0	0	1	0	0	0	0	0	0	0	0	0	0	0	0	0	3	0	0	0	0	0	0	0	0	0	0	0	0	0	0	0	3	7	35	0	0	0	0	0	0	7	0	11	38	23	8	1	0	0	0	0	0	0	5	0	0	8	1	0	0	0	4	0	1	0	0	35	0	1	5	0	0	0	0	0	0	0	4	0	0	2	0	1	0	1	0	0	0	7	0
OTU1269	0	0	0	0	0	0	0	0	0	0	0	1	3	7	0	0	0	0	0	0	0	0	0	0	0	0	0	1	0	1	0	0	0	0	11	0	0	1	0	0	0	0	0	0	0	0	363	1	0	0	0	0	0	0	0	0	16	3	1	0	0	0	0	0	0	0	0	0	0	1	0	0	0	10	0	0	0	0	0	0	0	0	0	0	0	0	0	0	0	4	0	0	0	0	2	0	0	0	0	0	0	0
OTU127	0	0	0	0	0	0	21	5	0	0	33	3	1	4	0	0	0	0	11	1	1501	5	2	1	2	1	0	2	1	0	1	3	2	2600	6	3	3	1	0	0	1	0	15	0	1	44	4	0	0	0	0	3	10	0	1	67	21	6	1	4	705	2	0	1036	2	1336	51	5	13	2	0	0	1	21	0	0	2	0	0	0	4	2	11	0	0	483	0	4	0	1	0	2	324	0	1	4	0	1176	21	7	17	11
OTU1270	0	0	0	0	0	0	1	0	0	0	0	0	3	1	0	0	0	0	0	0	0	1	0	0	0	0	0	0	0	0	0	0	1	96	0	1	0	0	0	0	0	0	0	0	0	0	0	48	0	0	0	1	0	0	1	0	23	0	0	0	0	0	0	13	0	8	0	0	0	0	0	0	0	3	0	0	0	0	0	0	0	0	0	0	0	0	0	0	0	0	2	0	3	1	0	0	0	8	0	0	0	0
OTU1271	0	0	0	0	0	0	0	0	0	0	0	0	0	0	0	0	0	0	0	0	0	0	0	0	0	0	0	0	0	0	0	0	0	5	0	0	0	0	0	0	0	0	0	0	0	0	0	0	0	0	0	0	0	0	0	0	0	0	0	0	0	0	0	0	0	0	0	0	0	0	0	0	0	0	0	0	0	0	0	0	0	0	0	0	0	0	0	0	0	0	0	0	0	0	0	0	0	0	1	108	0	0
OTU1272	0	0	0	0	0	0	0	0	0	0	0	0	0	0	0	0	0	0	0	0	0	0	0	0	0	0	0	0	0	0	0	0	0	2	0	0	0	0	0	0	0	0	0	0	0	0	0	0	0	0	0	0	0	0	0	0	1	0	0	0	0	0	0	0	0	0	2	2	1	0	0	0	0	0	0	0	0	0	0	2	0	0	0	0	0	0	0	0	0	0	0	0	0	0	0	0	1	0	57	39	23	34
OTU1273	0	0	0	0	0	0	0	0	0	0	0	0	0	0	0	0	0	0	1	0	0	1	0	0	0	0	0	0	0	0	0	1	0	0	3	0	0	0	0	0	0	0	0	0	0	0	0	0	0	0	0	0	0	0	0	0	0	0	0	0	0	0	0	0	0	0	0	0	0	0	0	0	0	0	0	0	0	0	0	0	0	0	0	0	0	0	0	0	0	0	0	0	0	0	0	2	0	0	17	3	136	0
OTU1274	0	0	0	0	0	0	0	0	0	0	0	0	0	0	0	0	0	0	0	0	0	0	0	0	1	0	0	0	0	0	0	0	0	0	0	0	0	0	0	0	0	0	0	0	0	0	0	13	0	0	0	0	0	0	0	0	1	0	0	1	0	0	0	0	3	0	0	0	0	0	0	0	0	0	0	0	0	0	0	0	0	1	1	0	0	0	0	0	0	0	0	0	0	0	0	0	0	0	59	11	20	13
OTU1275	0	0	0	0	0	0	0	0	1	0	1	0	0	0	0	0	0	0	0	0	0	0	0	0	0	0	0	0	0	0	0	0	1	0	0	0	1	2	0	0	0	0	0	0	0	0	0	0	0	0	0	0	0	0	0	0	0	0	0	0	118	0	0	1	0	7	0	0	2	0	0	0	0	0	0	0	0	0	0	3	0	0	5	0	0	1	13	0	0	0	0	0	0	0	0	0	0	1	0	0	0	0
OTU1276	0	0	0	0	0	0	0	0	0	0	0	0	0	0	0	0	0	0	0	0	0	0	0	0	0	0	0	0	0	0	0	0	1	0	0	0	0	0	0	0	0	0	0	0	0	0	0	0	0	0	0	0	0	0	5	0	0	0	0	0	0	0	0	0	47	0	42	8	23	0	0	0	0	0	0	0	0	0	0	0	0	0	0	0	0	0	0	0	0	0	0	0	0	0	0	0	0	0	0	0	0	2
OTU1277	0	0	0	0	0	0	0	0	0	0	0	0	0	0	0	0	0	0	1	0	0	0	0	0	0	0	0	0	0	0	0	0	0	0	0	0	0	0	0	0	0	0	0	0	0	0	0	0	0	0	0	0	0	0	0	0	0	0	0	0	0	0	0	0	0	0	0	0	0	0	0	0	0	0	0	0	0	0	0	0	0	0	0	0	0	0	0	0	0	0	0	0	0	4	0	0	0	0	6	131	15	1
OTU1278	0	1	0	0	0	0	0	0	0	0	1	0	0	1	0	0	0	0	0	0	0	0	0	0	0	0	0	0	0	0	0	0	0	0	0	0	0	29	1	0	0	0	0	0	13	0	0	1	0	0	1	0	0	0	0	0	10	0	1	0	0	0	0	0	0	0	2	0	0	35	0	0	0	1	0	0	11	11	0	3	0	0	3	7	0	0	0	0	46	0	0	1	5	1	0	0	0	0	0	0	0	0
OTU1279	0	0	0	0	0	0	2	0	0	0	0	0	0	0	0	0	0	0	0	0	0	0	0	0	0	0	0	0	0	0	0	0	0	0	0	0	0	0	0	0	0	0	0	0	0	0	0	0	0	0	0	0	0	0	0	0	0	0	0	0	130	0	0	2	0	6	0	0	0	0	0	0	0	0	0	0	0	0	0	0	0	0	0	0	0	0	0	0	0	0	0	0	0	0	0	0	0	3	0	0	0	0
OTU128	0	0	0	0	0	0	8	6	0	0	0	1	2	4	0	0	0	1	2	0	0	1	0	4	1	0	0	5	0	0	0	3	3	9	20	5	0	0	0	0	0	2	6	165	8	0	0	23	0	0	2	0	2	0	2	0	24	175	5	4	5	0	2	2	38	1	25	7647	10	0	0	0	0	7	0	0	0	3	0	0	1	5	11	15	6	4	0	0	0	3	0	0	0	12	0	5	21	8	11	0	10	8
OTU1280	0	0	0	0	0	6	0	0	0	0	0	0	0	0	0	0	0	32	0	0	0	0	6	0	0	0	0	0	0	0	0	0	0	0	0	0	0	89	0	0	0	0	0	0	0	0	0	0	0	0	0	0	0	0	0	0	0	0	0	0	0	0	0	0	0	0	0	0	0	1	1	0	0	0	0	0	0	0	0	0	0	0	0	0	0	0	0	0	0	0	0	0	0	0	0	0	0	0	0	0	0	0
OTU1281	0	0	0	4	0	0	0	0	0	0	0	0	6	6	0	0	0	0	1	0	0	0	0	0	0	0	27	6	18	1	9	0	0	0	0	2	0	0	0	0	1	6	10	6	0	21	45	21	0	1	20	10	6	0	4	44	33	4	1	0	0	0	0	0	0	2	2	2	4	680	0	0	13	22	12	0	2	0	0	6	15	14	18	6	0	1	0	0	2	8	4	0	0	3	0	6	4	0	0	0	0	1
OTU1282	0	0	0	0	0	0	0	0	0	0	0	0	0	1	0	0	0	0	0	0	0	0	0	0	0	0	0	1	0	0	0	0	0	0	0	0	0	0	0	0	0	0	0	21	1	7	4	6	20	20	0	0	4	0	2	23	4	1	9	0	0	0	0	0	0	0	0	0	0	8	2	0	0	0	0	0	0	0	0	0	0	0	0	0	0	0	0	0	4	2	0	5	3	11	2	4	0	0	1	0	0	1
OTU1283	0	0	0	0	0	0	0	0	0	0	0	0	0	5	0	0	0	0	0	0	0	0	0	0	0	0	1	1	0	0	2	0	0	0	0	0	6	0	1	1	12	0	0	0	0	8	32	1	0	108	0	3	2	1	3	2	6	5	2	0	0	0	0	0	0	0	0	0	0	10	377	0	9	10	3	21	0	1	3	2	0	4	0	0	0	4	1	0	0	2	0	0	1	4	0	1	7	0	3	0	14	1
OTU1284	0	0	0	0	0	0	3	0	0	0	3	0	1	2	0	0	0	0	0	0	0	2	0	0	1	0	0	0	0	0	0	0	1	0	0	0	0	0	0	0	0	0	0	3	1	0	0	0	22	0	0	0	2	0	0	8	0	2	0	3	4	0	0	103	1	44	1	0	0	0	2	0	3	8	0	0	0	0	0	0	0	0	1	0	0	38	13	0	0	1	0	0	40	1	0	1	0	124	5	0	2	1
OTU1285	0	0	0	0	0	0	0	0	0	0	0	0	0	0	0	0	0	0	0	0	0	0	0	0	0	0	0	0	0	0	0	0	0	0	0	0	1	0	0	0	0	0	0	0	0	0	0	0	0	0	0	0	0	0	0	0	0	0	4	0	0	0	0	0	7	0	5	3	123	0	0	0	0	0	0	0	0	0	0	0	0	0	0	0	0	0	0	0	0	0	0	0	0	0	0	0	0	1	0	0	14	3
OTU1286	0	0	0	0	0	0	0	0	0	0	0	0	1	2	0	0	0	0	0	0	0	0	0	0	0	0	0	0	0	0	0	0	0	0	0	0	0	0	0	0	0	0	0	0	0	0	0	0	0	0	0	0	0	0	0	0	0	0	0	0	99	0	0	19	0	7	0	0	0	0	0	0	0	0	0	0	0	0	0	0	0	0	7	0	0	0	0	0	0	0	0	0	3	0	0	0	0	9	0	0	0	0
OTU1287	0	0	0	0	0	0	0	0	0	0	0	3	0	1	0	0	0	0	0	0	0	0	0	0	0	0	0	0	0	0	0	0	0	0	0	0	0	0	0	0	0	1	0	0	0	0	0	0	0	3	0	0	3	0	74	0	15	0	0	0	0	0	0	0	2	0	0	0	0	13	0	9	2	1	1	0	0	0	0	0	0	0	0	0	0	0	0	0	0	4	0	0	0	0	0	0	1	0	0	0	0	0
OTU1288	0	0	0	1	0	0	0	0	0	0	0	0	1	0	0	0	0	0	0	0	0	0	0	0	0	0	0	3	0	0	0	0	0	0	0	0	0	0	0	0	0	0	0	0	0	0	0	0	0	0	0	0	2	0	0	0	2	98	0	0	0	0	0	4	0	0	0	0	0	0	0	0	0	1	0	0	0	0	0	0	0	0	1	0	0	0	0	0	0	1	0	0	2	0	0	0	0	2	0	0	0	0
OTU1289	0	3	0	0	0	0	0	0	0	0	0	0	5	1	0	0	0	0	0	0	0	0	0	0	0	0	0	1	0	0	0	0	0	0	0	0	0	0	3	0	0	0	0	75	8	12	0	0	0	0	0	1	23	0	10	0	7	16	0	0	0	0	0	0	0	0	0	0	0	0	0	1	0	7	0	0	0	0	0	0	0	5	0	0	0	0	0	0	0	5	0	0	1	0	3	0	54	0	0	0	0	0
OTU129	6	3	0	4	1	0	0	0	12	0	13	3	47	41	0	2	0	0	0	0	2	0	64	16	0	2	2	15	37	1	11	0	0	3	18	0	20	2887	541	0	73	5	23	2	4	73	6	1	39	5	17	12	69	2	10	11	128	26	11	0	2	0	0	0	0	0	3	4	2	510	23	758	3	98	3	15	306	865	3	14	58	31	89	0	4	19	259	30	320	52	46	28	14	32	4	4	14	0	0	0	0	0
OTU1290	0	0	0	0	0	0	0	0	0	0	0	0	0	5	0	0	0	0	0	0	0	0	0	3	0	0	0	4	0	0	0	0	0	0	0	0	0	0	46	0	0	0	0	0	0	0	0	0	0	0	0	1	2	0	0	0	9	0	0	0	0	0	0	0	0	0	0	0	0	0	0	0	5	3	0	0	0	12	0	1	0	0	0	0	0	1	0	0	2	3	0	0	0	62	2	0	0	0	2	0	0	0
OTU1291	0	0	0	0	0	0	0	0	0	0	0	0	0	0	0	0	0	0	0	0	0	0	1	0	1	0	0	0	0	0	0	0	0	0	0	0	0	0	0	0	0	0	0	0	0	0	0	0	0	0	0	0	0	0	0	0	0	0	0	0	141	0	0	2	0	1	0	0	0	0	0	0	0	0	0	0	0	0	0	0	0	0	2	0	0	0	0	0	0	0	0	0	2	0	0	0	0	8	0	0	0	0
OTU1292	0	0	0	0	0	0	0	0	0	0	0	0	0	0	0	0	0	0	0	0	0	0	0	0	0	0	0	0	0	0	0	0	0	128	0	1	0	0	0	0	0	0	0	0	0	4	0	0	0	0	0	0	0	0	0	0	0	0	0	0	0	0	0	21	0	7	1	0	0	0	0	0	0	0	0	0	0	0	0	0	2	0	0	0	0	1	0	0	0	0	0	0	0	0	0	0	0	1	5	0	0	0
OTU1293	0	0	0	0	0	0	0	0	0	0	0	0	0	0	0	0	0	0	0	0	0	0	0	0	0	0	0	0	0	0	0	0	0	93	0	0	0	0	0	0	0	0	0	0	0	3	0	0	0	0	0	0	0	0	0	0	0	0	0	0	0	0	0	4	0	2	0	0	0	0	0	0	0	0	0	0	0	0	0	0	0	0	0	0	0	2	0	0	0	0	0	0	1	0	0	0	0	6	0	0	1	0
OTU1294	0	3	0	0	0	0	0	2	2	0	0	2	1	0	0	0	0	0	3	0	2	0	1	2	0	0	0	42	2	3	0	2	0	32	7	0	4	0	2	0	6	1	0	26	13	0	5	1	0	7	4	0	5	0	112	58	41	5	4	0	3	0	0	3	85	1	65	188	3	0	0	18	0	9	0	0	0	0	7	0	2	0	0	0	0	0	0	11	0	2	2	0	6	14	28	10	32	1	176	735	60	975
OTU1295	0	0	0	0	0	0	0	0	2	0	0	0	0	0	0	0	0	0	0	0	0	0	0	0	0	0	0	0	0	0	11	1	0	0	0	0	0	0	14	0	0	23	0	22	0	1	0	0	0	0	0	1	1	0	1	0	9	0	0	0	0	2	0	0	0	0	1	0	0	0	0	0	0	1	0	0	0	1	3	0	0	1	0	25	2	0	0	0	0	0	0	0	0	8	0	0	0	0	0	0	0	0
OTU1296	0	0	0	0	0	0	0	0	0	0	4	1	0	4	0	0	0	0	4	0	0	0	0	0	0	0	0	2	20	0	0	0	0	0	1	0	0	8	0	0	0	5	0	0	0	0	0	0	14	0	19	0	3	0	2	0	0	0	1	0	0	0	0	0	0	0	0	1	0	11	3	12	0	2	7	9	21	0	0	5	0	0	0	3	0	0	0	35	1	5	2	1	0	0	0	0	0	0	0	0	0	0
OTU1297	0	0	0	0	0	0	0	1	0	0	0	0	0	8	0	0	0	0	0	0	0	0	0	0	0	0	0	0	0	0	0	0	0	0	0	0	0	0	0	0	0	0	0	0	0	0	0	0	0	0	0	0	1	0	0	0	3	1	0	0	0	0	0	0	0	2	0	0	0	0	0	0	0	3	0	152	0	0	0	0	0	0	0	0	0	0	0	0	0	1	0	0	0	0	0	0	1	0	0	0	0	0
OTU1298	0	0	0	0	0	0	2	0	0	0	0	0	0	0	0	0	0	0	0	0	1	0	0	0	0	1	0	0	0	0	0	0	2	0	0	0	0	0	0	0	0	0	0	0	0	0	0	0	0	0	0	0	0	0	0	0	0	0	2	0	0	0	0	0	11	0	5	0	107	0	0	0	0	0	0	0	0	0	0	0	0	0	0	0	0	0	0	0	0	0	0	0	0	0	0	0	0	0	0	0	0	0
OTU1299	0	0	0	0	0	0	0	0	0	0	0	0	0	0	0	0	0	0	0	0	0	0	0	0	0	0	0	0	0	0	0	0	0	1	0	0	0	0	0	0	0	0	0	0	0	0	0	0	0	0	0	0	0	0	0	0	0	0	0	0	0	0	0	0	0	0	0	0	1	0	0	0	0	0	0	0	0	0	0	0	0	0	0	0	0	2	0	0	0	0	0	0	0	2	0	0	0	0	31	90	7	0
OTU13	17	50	5	35	1	0	23	130	279	1	56	41	209	542	13	0	0	0	12	0	11	16	17	22	65	8	994	1996	2040	1581	5990	11	38	42	17	7	371	170	850	0	4366	267	75	391	910	180	29	116	151	304	2694	185	8292	176	324	73	1380	383	180	14	15	15	3	102	4154	13	1127	195	471	282	3830	158	6849	1859	533	127	68	381	1770	107	227	101	259	597	292	141	4146	273	442	6789	90	146	102	718	79	970	187	28	415	267	275	48
OTU130	0	0	0	4	0	0	7	1	90	1927	0	24	20	32	1	633	845	573	3	0	0	1	0	577	752	253	5	10	4	5	0	0	848	6	4	1	2	0	9	0	3	0	2	1	9	8	15	3	2	1	2	0	34	0	5	2	54	16	4	244	46	2	661	14	11	5	141	56	52	4	0	1	1	59	1	2	1	1	8	0	7	6	2	1	9	5	0	4	0	33	0	0	4	1	6	1	33	8	18	177	10	1286
OTU1300	0	0	0	0	0	0	0	1	0	0	0	0	0	3	0	0	0	0	0	0	0	0	0	0	0	0	0	0	0	0	0	0	0	0	0	0	0	0	0	0	0	0	0	0	0	0	0	0	80	1	0	34	1	14	1	0	3	2	1	0	0	0	0	1	0	0	0	0	0	0	0	0	91	17	0	0	0	2	0	0	0	29	0	0	0	2	0	0	0	0	0	0	0	9	0	0	0	0	1	0	0	0
OTU1301	0	0	0	0	0	0	0	0	0	0	0	0	0	0	0	0	0	0	0	0	0	0	0	0	0	0	0	0	0	0	0	0	0	1	0	0	0	0	0	0	0	0	0	0	0	0	0	0	0	0	0	0	0	0	0	0	1	0	0	0	1	0	0	0	0	0	46	9	0	0	0	0	0	0	0	0	0	0	0	0	0	0	0	0	0	0	0	0	0	0	0	0	0	0	3	0	0	0	0	56	23	0
OTU1302	0	0	0	0	0	0	1	3	0	0	0	0	0	0	0	0	0	0	0	0	0	0	1	1	0	0	0	0	0	0	0	2	0	1	1	0	0	0	0	0	0	0	0	0	0	0	0	0	0	0	0	2	0	0	7	0	3	1	3	0	2	0	0	0	105	0	104	31	89	0	0	0	0	0	0	0	0	0	0	0	0	0	0	0	0	0	0	1	0	0	0	0	0	8	1	1	0	0	132	67	88	76
OTU1303	0	0	0	0	0	0	0	0	0	0	0	5	1	1	0	0	0	0	0	0	0	0	0	0	0	0	2	2	0	27	4	0	0	0	0	0	0	8	0	0	0	0	1	1	6	0	0	0	0	12	0	0	4	0	0	0	27	0	0	0	0	0	0	0	0	0	0	0	0	0	18	18	0	3	0	0	0	0	1	0	3	3	0	2	5	0	0	0	0	10	0	0	0	1	5	3	32	0	0	0	1	2
OTU1304	0	0	0	0	0	0	0	0	0	0	0	0	3	3	0	0	0	0	0	0	0	0	0	0	0	0	0	0	7	0	0	1	0	0	0	0	0	0	0	0	2	0	0	3	0	70	35	0	0	0	0	0	2	2	9	15	8	2	0	0	0	0	0	0	0	0	0	0	0	21	0	12	0	0	2	0	0	0	0	4	0	10	0	0	0	0	0	0	0	0	0	0	0	0	0	0	0	0	0	0	0	0
OTU1305	0	0	0	0	0	0	0	0	0	0	0	0	1	0	0	0	0	0	0	0	0	0	0	0	0	0	0	4	0	3	0	2	0	1	0	0	0	0	0	0	0	2	0	64	13	33	0	0	0	0	0	0	2	0	6	3	10	1	8	0	0	0	0	0	0	0	0	0	0	0	0	0	0	2	0	0	0	0	0	0	3	0	1	0	0	0	0	0	0	0	0	0	0	0	0	0	0	0	0	0	0	0
OTU1306	0	0	0	0	0	0	0	0	0	0	0	0	0	0	0	0	0	0	0	0	0	0	0	0	2	0	0	0	0	0	0	0	0	100	0	0	0	0	0	0	0	0	0	0	0	2	0	0	0	0	0	0	0	0	0	0	0	0	0	0	0	0	0	0	0	2	0	0	0	0	0	0	0	0	0	0	0	0	0	0	0	0	0	0	0	3	0	0	0	0	0	0	0	0	0	0	0	3	0	0	0	0
OTU1307	0	0	0	0	0	0	0	0	0	0	0	0	0	0	0	0	0	0	0	0	0	0	3	0	0	1	0	0	0	0	0	1	0	6	0	0	0	0	0	0	0	0	0	0	0	0	0	0	0	0	0	0	0	0	0	0	0	0	0	0	0	0	0	0	16	0	0	0	1	0	0	0	0	0	0	0	0	0	0	0	0	0	0	0	0	0	0	0	0	0	0	0	0	0	4	0	0	0	2	124	0	0
OTU1308	0	0	0	0	0	0	0	0	0	0	2	0	0	0	0	0	0	0	0	0	0	0	0	0	0	0	0	5	0	0	0	0	0	0	0	0	2	0	1	0	0	9	0	0	0	0	0	0	0	2	6	0	0	1	0	0	1	0	1	0	0	0	0	0	0	0	0	0	0	4	0	0	0	4	0	0	94	0	5	0	0	0	0	0	0	0	0	0	0	0	0	0	0	1	1	0	0	0	0	0	0	0
OTU1309	0	0	0	0	0	0	0	1	0	0	0	0	0	0	0	0	0	0	0	0	0	0	0	0	0	0	0	0	0	0	0	0	0	96	0	0	0	0	0	0	0	0	0	0	0	1	0	0	0	0	0	0	0	0	0	0	0	0	0	0	0	0	0	0	0	1	1	0	0	0	0	0	0	0	0	0	0	0	0	0	0	0	0	0	0	1	0	0	0	0	0	0	0	0	0	0	0	0	0	0	0	0
OTU131	5	2	0	0	0	0	11	0	52	0	2	1	22	27	0	0	0	0	0	0	0	0	0	0	86	0	1	19	2	5	3	0	0	0	0	6	6	1	6	0	2332	6	6	1	5	3	3	1	25	12	1	4	14	14	7	4	34	25	14	0	0	0	0	0	0	0	1	0	2	6	0	3	56	64	0	0	7	2	4836	0	297	17	30	2	6	9	12	2	4	23	1	31	6	9	1	105	4	3	0	0	2	1
OTU1310	0	0	0	0	0	0	0	0	0	0	0	0	0	0	0	0	0	0	0	0	0	0	0	0	0	0	0	0	0	0	0	0	0	0	0	0	0	0	0	0	0	0	0	0	0	0	0	0	0	0	0	0	0	0	0	0	0	0	4	1	0	0	0	0	64	0	22	0	19	0	0	0	0	0	0	0	0	0	0	0	0	0	0	0	0	0	0	0	0	0	0	0	0	0	0	0	0	0	0	0	0	0
OTU1311	0	0	108	0	0	0	0	0	0	0	0	0	3	0	0	0	0	0	0	0	0	0	0	0	0	0	0	1	0	0	0	0	0	0	0	0	0	0	0	0	0	0	0	0	0	0	0	0	0	0	0	0	0	0	0	0	0	1	0	0	0	0	0	4	0	0	0	0	0	0	0	0	0	1	0	0	0	0	0	0	0	0	0	0	0	0	0	0	0	1	0	0	0	0	0	0	0	1	0	0	0	0
OTU1312	0	0	0	0	0	0	1	0	0	0	0	0	0	0	0	0	0	0	0	0	0	0	0	0	0	1	0	0	0	0	0	0	1	1	0	0	0	0	0	0	0	0	0	0	0	0	0	0	0	0	0	0	0	0	1	0	0	0	0	0	0	0	0	0	0	0	4	0	0	0	0	0	0	0	0	0	0	0	0	0	0	0	0	0	0	0	0	0	0	0	0	0	5	0	0	5	0	0	21	45	34	34
OTU1313	0	0	0	0	0	0	0	0	0	0	0	2	2	0	0	0	0	0	0	0	0	0	0	0	0	0	0	1	0	0	0	0	0	0	0	0	0	0	0	0	0	0	0	0	0	0	0	0	0	0	2	0	0	0	0	0	0	0	0	0	0	0	0	0	0	0	0	0	0	0	0	0	0	1	0	0	2	0	0	0	0	0	130	0	0	0	0	0	0	1	0	0	0	0	0	0	0	0	0	0	0	0
OTU1314	0	0	0	0	0	0	0	0	0	0	0	0	6	6	0	0	0	0	0	0	0	0	0	0	0	0	0	0	0	3	0	0	0	0	0	0	0	0	0	0	0	0	0	0	0	6	0	0	2	0	0	0	1	0	0	3	0	3	14	0	0	0	0	0	0	0	0	0	1	1	0	0	30	19	0	0	0	0	0	0	5	0	0	0	0	0	0	0	0	11	0	0	0	2	124	0	0	0	0	1	0	0
OTU1315	0	0	0	0	0	0	0	0	0	0	0	0	2	1	0	0	0	0	0	0	0	0	0	0	0	0	0	2	0	20	0	0	0	0	0	1	0	0	0	0	0	0	0	0	0	0	0	2	0	0	0	7	18	0	0	0	7	0	5	0	0	0	0	0	0	0	0	0	0	3	20	11	37	6	3	0	0	0	0	0	0	0	0	0	0	0	0	0	0	0	0	0	1	0	0	0	0	0	0	0	0	0
OTU1316	0	0	0	0	0	0	0	0	0	0	0	0	2	0	0	0	0	0	0	0	112	0	0	0	1	0	0	0	0	0	0	3	0	13	1	0	0	0	0	0	0	0	0	0	0	1	0	0	0	0	0	0	0	0	0	3	6	2	0	0	0	0	0	97	0	31	4	0	1	0	0	0	0	1	0	0	0	0	0	0	0	0	0	0	0	44	0	0	0	1	0	0	9	1	0	1	2	43	7	0	2	1
OTU1317	0	0	0	0	0	0	0	0	0	0	0	1	0	3	0	0	0	0	0	0	0	0	0	0	0	0	0	2	0	0	0	0	1	0	0	0	0	0	0	0	0	0	0	0	0	0	0	0	0	0	0	44	0	0	0	0	3	1	7	2	0	0	0	0	0	0	3	0	0	0	0	0	0	31	0	0	1	0	0	0	0	8	6	0	0	8	0	0	0	16	0	0	0	0	0	0	0	1	0	0	0	0
OTU1318	0	0	0	0	0	0	1	0	0	0	0	0	0	0	0	0	0	0	0	0	0	0	0	0	0	0	0	0	0	0	0	0	0	5	0	0	0	0	0	0	0	0	0	0	0	0	0	0	0	0	0	0	0	0	0	0	0	0	0	0	0	0	0	1	1	0	3	0	26	0	0	0	0	0	1	0	0	0	0	0	0	0	0	0	0	0	0	0	0	0	0	0	0	0	0	2	0	0	1	159	61	0
OTU1319	0	0	0	0	0	0	0	0	0	0	0	0	0	0	0	0	0	0	0	0	0	0	0	0	0	0	0	0	0	0	0	0	0	0	0	0	0	0	0	0	0	0	0	0	0	0	0	0	0	0	0	0	0	0	1	0	2	3	0	0	0	0	0	0	9	0	42	74	17	0	0	0	0	0	0	0	0	0	0	0	0	0	0	0	0	0	0	0	0	0	0	0	0	0	0	0	0	0	0	0	5	0
OTU132	0	12	0	0	0	0	2	1	3	0	6	2	40	37	10	0	0	0	0	0	1	3	2	1	0	0	0	15	8	4	3	0	0	167	4	28	13	5	1	0	41	2	0	3	13	31	12	1335	7	4	2	7	32	4	9	35	300	37	8	81	12	6	2	131	4	136	4	2	3	20	48	4	31	50	1	8	18	3	64	6	23	3076	754	313	95	65	3	44	22	113	3	1	108	21	10	10	3	112	0	4	1	0
OTU1320	0	0	0	0	0	0	0	0	0	0	0	0	0	1	0	0	0	0	0	0	2	2	0	0	0	0	0	0	0	0	0	0	0	84	0	0	0	0	0	0	0	0	0	0	0	3	0	0	0	0	0	0	1	0	0	5	2	0	0	0	157	0	0	78	0	35	6	0	0	0	0	0	0	2	0	0	0	0	0	0	0	0	3	0	0	22	0	0	0	1	0	0	26	0	0	0	0	62	2	0	0	2
OTU1321	0	0	0	0	0	0	0	0	0	0	0	0	0	0	0	0	0	0	0	0	0	0	0	0	0	0	0	0	0	0	0	0	3	0	0	0	0	0	0	0	0	0	0	0	0	0	0	0	0	0	0	0	0	0	0	0	0	0	5	1	0	0	0	0	12	0	3	0	101	0	0	0	0	0	0	0	0	0	0	0	0	0	0	0	0	0	0	0	0	0	0	0	0	0	0	0	0	0	0	0	0	0
OTU1322	0	0	0	0	0	0	0	0	0	0	0	0	2	0	0	0	0	0	0	0	0	0	0	0	0	0	0	0	0	0	0	0	0	0	0	0	0	0	0	0	0	0	0	0	0	0	0	0	0	0	0	0	0	0	0	0	1	0	0	0	94	0	0	10	0	2	0	0	0	0	0	0	0	0	0	0	0	0	0	0	0	0	3	0	0	1	0	0	0	0	0	0	1	0	0	0	0	0	0	0	0	0
OTU1323	0	0	0	0	0	0	0	0	0	0	0	0	0	0	0	0	0	0	0	0	0	0	0	0	0	0	0	0	0	0	0	0	0	0	0	0	0	0	0	0	0	0	0	0	0	0	0	0	0	0	0	0	0	0	0	0	0	0	0	0	103	0	0	0	0	0	0	0	0	0	0	0	0	0	0	0	0	0	0	0	0	0	2	0	0	0	0	0	0	0	0	0	0	0	0	0	0	0	0	0	0	0
OTU1324	0	0	0	0	0	0	0	0	0	0	0	0	0	6	0	0	0	0	0	0	0	0	0	0	0	0	0	0	0	0	0	0	0	0	0	0	0	0	0	0	0	0	0	0	0	0	0	0	0	0	0	0	0	0	0	0	0	0	0	0	124	0	0	17	0	8	0	0	0	0	0	0	0	0	0	0	0	0	0	0	0	0	3	0	0	9	0	0	0	0	0	0	4	0	0	0	0	4	0	0	0	0
OTU1325	0	0	0	0	0	0	0	0	0	0	3	0	1	3	0	0	0	0	0	0	0	0	0	0	0	0	0	1	0	0	0	0	1	0	0	0	0	0	9	0	0	0	0	38	24	0	0	4	0	0	0	0	2	0	18	12	5	1	0	0	0	0	0	0	0	0	0	0	0	1	0	4	3	5	0	0	0	0	1	0	0	0	0	21	25	0	0	0	0	10	0	0	0	7	0	0	3	0	0	0	0	0
OTU1326	0	0	0	0	0	0	0	0	0	0	0	0	0	0	0	0	0	0	0	0	304	0	3	0	0	0	0	0	0	0	0	0	0	0	0	0	0	0	0	0	0	0	0	0	0	0	0	0	0	0	0	0	0	0	0	0	0	0	0	0	0	0	0	1	0	2	1	0	0	0	0	0	0	0	0	0	0	0	0	0	0	0	0	0	0	1	0	0	0	0	0	0	0	0	0	0	0	1	0	0	0	0
OTU1327	0	0	0	0	0	0	0	0	0	0	0	0	0	0	0	0	0	0	0	0	150	0	0	0	0	0	0	0	0	0	0	0	0	0	0	0	0	0	0	0	0	0	1	0	0	0	0	0	0	0	0	0	0	0	0	0	1	0	0	0	0	0	0	24	0	8	1	0	0	0	0	0	0	0	0	0	0	0	0	0	0	0	0	0	0	7	0	0	0	0	0	0	2	0	0	0	0	4	0	0	0	0
OTU1328	0	0	0	0	0	0	0	0	2	0	0	0	0	0	0	0	0	0	0	0	0	0	0	0	0	5	0	16	1	14	0	1	0	0	0	0	1	1	8	0	0	0	0	19	0	3	32	0	0	0	0	6	0	0	7	0	2	0	0	0	0	0	0	0	2	0	0	0	4	0	0	0	0	2	0	3	0	0	6	0	0	5	9	16	6	0	1	0	0	0	0	0	0	3	0	3	0	0	0	0	0	0
OTU1329	0	0	0	0	0	0	0	0	0	0	0	0	0	0	0	0	0	0	0	0	0	0	0	0	0	0	0	0	0	0	0	0	0	162	0	0	0	0	0	0	0	0	0	0	0	0	0	0	0	0	0	0	0	1	0	0	1	0	0	0	0	0	0	0	0	0	2	0	0	0	0	0	0	0	0	0	0	0	0	0	0	0	0	0	0	0	0	0	0	0	0	0	0	2	0	0	0	0	0	0	0	0
OTU133	0	3	0	2	0	1	15	3	3	0	0	2	12	15	1	0	0	0	10	0	6	3	3	0	2	1	26	169	7	1	16	2	6	12	21	6	0	0	1	0	48	92	68	41	46	15	170	0	0	89	286	9	29	0	24	27	78	185	236	9	26	0	0	6	58	5	647	31	49	75	52	580	1	39	3	27	0	3	0	2	5	4	5	1	0	9	3	18	6	17	1	1	19	194	2	25	60	4	4046	387	534	2669
OTU1330	0	0	0	0	0	0	0	0	0	0	0	0	0	0	0	0	0	0	0	0	0	0	0	0	0	0	0	0	0	0	0	0	0	0	0	0	0	0	0	0	0	0	0	0	0	0	0	0	0	0	0	0	0	0	0	0	0	0	0	0	0	0	0	2	0	0	0	0	0	0	0	0	0	0	0	0	0	0	0	0	0	0	0	0	0	0	0	0	0	0	0	0	0	6	0	0	0	0	117	0	0	0
OTU1331	0	0	0	0	0	26	1	0	0	0	0	0	0	0	0	0	0	0	0	0	4	0	0	1	1	0	0	0	0	0	0	0	2	0	0	2	0	0	0	0	0	0	0	0	1	1	0	22	14	0	0	20	1	0	0	0	0	0	0	3	1	2	0	0	3	2	17	0	1	0	0	6	0	0	0	0	0	0	35	0	0	0	0	0	0	0	0	0	0	4	0	1	0	19	0	5	0	0	363	0	372	161
OTU1332	0	1	0	0	0	0	0	1	0	0	0	0	0	0	0	0	0	0	0	0	0	0	0	0	0	0	0	0	0	0	0	0	1	0	0	0	0	0	0	0	0	0	0	28	8	0	0	0	0	0	0	34	5	1	2	0	0	2	19	3	0	0	0	0	0	3	6	0	0	0	0	0	0	11	0	0	0	0	0	0	4	0	1	0	0	0	0	4	0	4	0	1	0	0	10	4	3	0	30	0	85	0
OTU1333	0	0	0	0	0	0	0	1	0	0	0	0	0	0	0	0	0	0	0	0	3	0	1	0	0	0	0	0	0	0	0	0	0	2	0	0	0	0	0	0	0	0	0	0	0	0	0	0	0	0	0	0	0	0	0	0	0	0	0	0	0	0	0	0	6	0	5	2	18	0	0	0	0	0	0	0	0	0	0	0	0	0	0	0	0	0	0	0	0	0	0	0	0	5	6	0	0	1	32	92	4	13
OTU1334	0	1	0	0	0	0	0	0	0	0	0	0	0	0	0	0	0	0	0	0	0	0	0	0	0	0	0	1	0	0	0	0	0	0	0	0	0	0	0	0	0	0	0	0	7	0	0	3	0	0	0	0	0	0	0	0	6	1	3	8	0	0	0	0	0	0	0	0	0	0	0	0	0	12	4	0	0	0	0	0	1	85	0	0	0	1	0	0	0	0	0	0	1	0	0	0	0	0	0	0	0	0
OTU1335	0	0	0	2	0	0	0	0	0	0	0	0	0	0	0	0	0	0	0	0	0	0	0	0	0	0	0	0	0	0	0	0	0	96	0	0	0	0	0	0	0	0	0	0	0	0	0	0	0	0	0	0	0	0	0	0	0	0	0	0	0	0	0	27	0	8	2	0	0	0	0	0	0	0	0	0	0	0	0	0	0	0	0	0	0	7	0	0	0	0	0	0	5	0	0	0	0	12	0	0	0	0
OTU1336	0	0	0	0	0	0	0	0	0	0	0	0	0	0	0	0	0	0	0	0	0	0	0	1	0	0	0	0	0	0	0	0	0	0	1	0	0	0	0	0	0	0	0	0	0	0	0	0	0	0	0	0	0	0	0	1	2	0	0	0	0	0	0	43	0	44	2	1	0	0	0	0	0	0	0	0	0	0	0	0	0	0	0	0	0	13	0	0	0	0	0	0	7	0	0	0	0	56	0	0	0	0
OTU1337	0	0	0	0	0	0	0	0	0	0	1	0	0	1	0	0	0	0	0	0	0	0	0	0	0	0	0	0	1	0	0	0	0	0	0	0	0	0	9	0	0	0	0	0	0	0	0	0	0	0	0	0	1	0	0	0	1	0	0	0	0	0	0	0	0	0	0	0	0	30	21	0	0	3	1	0	0	42	0	0	0	0	4	0	0	0	5	0	9	2	0	0	0	0	0	0	0	0	0	0	0	0
OTU1338	0	0	0	0	0	0	1	1	0	0	0	0	0	0	0	0	0	0	0	0	0	0	0	1	0	0	0	0	0	0	0	0	0	0	0	0	0	0	0	0	0	0	0	0	0	0	0	0	0	0	0	0	0	0	1	0	4	0	0	0	0	0	0	0	58	0	26	3	0	0	0	0	0	0	0	0	0	0	0	0	0	0	0	0	0	0	0	0	0	0	0	0	0	0	0	0	0	0	3	7	8	0
OTU1339	0	0	0	0	0	0	0	1	0	0	0	0	4	0	0	0	0	0	0	0	0	0	0	0	0	0	0	0	0	0	0	0	0	0	0	0	0	0	1	0	0	0	0	0	0	0	0	0	62	0	1	11	0	1	0	0	1	0	0	1	0	0	0	0	0	1	0	0	0	0	0	0	26	26	0	0	0	0	0	0	0	15	0	0	0	0	0	1	0	3	0	2	0	0	0	2	0	0	0	0	0	0
OTU134	0	3	0	7	0	1	2	26	9	0	12	6	37	45	0	0	0	0	1	0	7	0	2	4	0	0	3	131	5	11	0	0	3	4	4	0	16	25	182	1	14	18	66	21	10	41	11	11	86	68	13	2333	104	207	63	322	119	42	62	11	120	0	0	180	2	50	40	1	5	194	148	602	719	477	161	1	3	47	52	11	19	268	31	8	55	91	89	77	20	63	123	10	71	19	25	69	33	86	0	2	10	4
OTU1340	0	0	0	0	0	0	0	0	1	124	0	0	0	4	0	0	0	0	0	0	0	0	0	0	0	0	0	0	0	0	0	0	0	0	0	0	0	0	0	0	0	0	0	0	0	0	0	0	0	0	0	1	0	0	0	0	0	0	0	0	0	0	0	0	0	0	0	0	0	0	0	0	0	0	0	1	0	0	0	0	1	0	0	0	0	0	0	0	0	0	0	0	0	0	0	1	0	0	0	0	0	0
OTU1341	0	0	0	0	0	0	0	0	0	0	0	0	2	0	0	0	0	0	0	0	0	0	0	0	0	0	0	0	0	0	0	0	0	0	0	0	0	0	0	0	0	0	0	0	0	0	0	0	83	0	0	6	3	8	0	0	4	6	0	0	0	0	0	0	0	0	0	0	0	0	0	0	12	1	0	0	0	0	0	0	1	0	0	0	0	0	0	0	0	0	0	0	0	6	0	0	0	0	0	0	0	0
OTU1342	0	0	0	0	0	0	0	0	0	0	0	0	0	0	0	0	0	0	0	0	97	0	0	0	0	0	0	0	0	0	0	0	0	0	0	0	0	0	0	0	0	0	2	0	0	0	0	0	0	0	0	0	0	0	0	0	0	0	0	2	0	0	0	2	0	8	0	0	0	0	0	0	0	0	0	0	0	0	0	0	0	0	0	0	0	0	0	0	0	0	0	0	2	0	0	0	0	6	0	0	0	0
OTU1343	0	0	0	0	0	0	0	0	0	0	0	0	0	0	0	0	0	0	0	0	0	0	0	0	0	0	0	0	0	0	0	0	0	103	0	0	0	0	0	0	0	0	0	0	0	8	0	0	0	0	0	0	0	0	0	0	0	0	0	0	0	0	0	3	0	5	0	0	0	0	0	0	0	0	0	0	0	0	0	0	0	0	0	0	0	1	0	0	0	0	0	0	0	0	0	0	0	2	0	0	0	0
OTU1344	0	0	0	0	0	0	0	0	0	0	0	0	0	0	0	0	0	0	0	0	0	0	0	0	0	0	0	2	0	0	0	0	0	61	0	0	0	0	0	0	0	0	0	0	0	7	0	0	0	0	0	0	4	0	0	0	1	0	0	0	0	0	0	9	0	16	1	0	0	0	0	0	0	0	0	0	0	0	0	0	0	0	0	0	0	8	0	0	0	0	0	0	9	0	0	0	0	17	0	0	0	0
OTU1345	0	0	0	0	0	0	0	0	0	0	0	0	0	0	0	0	0	0	0	0	0	0	0	0	0	0	0	0	0	0	0	0	0	0	1	0	0	0	0	0	0	0	0	0	0	0	0	0	0	0	0	0	0	0	0	0	0	0	0	0	101	0	0	2	0	0	0	0	0	0	0	0	0	0	0	0	0	0	0	0	0	0	6	0	0	0	0	0	0	0	0	0	0	0	0	0	0	1	0	0	0	0
OTU1346	1	0	0	0	0	0	0	0	0	0	1	0	9	1	0	0	0	0	0	0	0	0	3	1	0	0	0	19	0	0	0	0	0	0	0	0	0	86	4	0	0	0	1	0	0	4	1	0	0	0	0	0	0	0	0	1	4	2	0	0	0	0	0	0	0	0	0	0	0	60	0	0	0	3	0	0	0	0	0	0	3	6	12	5	0	0	0	6	3	4	0	8	0	6	2	2	0	0	0	0	0	0
OTU1347	0	0	0	0	0	0	0	0	0	0	0	0	2	1	0	0	0	0	0	0	0	0	0	0	0	0	0	0	7	0	0	0	0	0	0	0	0	0	0	0	0	0	0	1	0	0	0	0	0	0	0	1	2	0	0	0	1	0	0	0	0	0	0	0	0	0	0	0	0	20	0	0	0	0	0	0	0	0	0	0	0	1	0	0	13	0	0	55	0	18	0	0	0	0	0	1	0	0	0	0	0	0
OTU1348	0	0	0	0	0	0	0	0	0	0	0	0	2	3	0	0	0	0	0	0	0	0	0	0	0	0	0	0	0	0	0	0	0	0	0	0	0	0	0	0	0	0	0	0	18	0	0	0	0	0	0	1	2	0	0	0	17	7	0	0	0	0	0	0	0	0	1	0	0	7	0	0	2	4	35	0	0	0	0	0	23	0	0	2	0	0	0	0	0	11	0	3	1	0	0	0	0	0	0	0	0	0
OTU1349	0	0	0	0	0	0	0	0	0	0	0	0	3	0	0	0	0	0	0	0	0	0	0	0	0	0	0	2	0	0	0	0	0	0	0	0	0	0	0	0	0	0	0	0	0	0	0	2	0	0	0	0	0	0	1	0	0	2	0	0	0	0	0	0	0	0	0	0	0	0	0	0	0	0	0	0	0	0	0	0	0	0	163	0	0	0	0	0	0	5	0	0	1	0	0	0	0	0	0	0	0	0
OTU135	6	27	0	10	0	0	2	23	20	0	18	28	37	62	0	0	0	0	8	0	12	59	37	8	4	0	50	241	416	164	46	0	2	3	9	0	1864	1287	268	1	188	499	548	8	38	148	148	4	25	88	38	94	388	21	32	27	390	43	34	7	2	5	0	11	0	2	12	21	5	255	183	212	126	216	98	784	628	245	160	402	54	151	42	269	115	31	99	214	638	76	91	36	23	39	15	30	63	4	8	0	147	6
OTU1350	0	0	0	0	0	0	0	0	0	0	0	0	0	0	0	0	0	0	0	0	314	1	0	0	0	0	0	0	0	0	0	0	0	218	0	0	0	0	0	0	0	0	2	0	1	2	0	0	0	0	0	0	3	0	0	0	0	0	0	0	53	0	0	30	0	21	7	5	1	0	0	0	0	0	0	0	0	0	0	0	0	0	3	0	0	8	0	0	0	0	0	0	7	0	0	0	0	19	0	0	0	0
OTU1351	0	0	0	0	0	0	0	0	0	0	0	0	0	0	0	0	0	0	0	0	0	0	0	0	0	0	1	0	2	8	3	0	0	0	0	0	0	0	0	0	0	0	0	0	0	0	0	0	0	0	0	0	0	0	5	0	2	0	0	0	0	0	0	0	59	0	9	1	21	0	0	0	0	0	0	0	0	0	0	0	0	0	0	0	0	0	0	0	0	0	0	0	2	0	0	0	0	0	0	0	0	0
OTU1352	0	0	0	0	0	0	0	0	0	0	0	0	0	0	0	0	0	0	0	0	0	0	0	0	0	0	0	0	0	0	0	0	0	0	0	0	0	0	0	0	0	0	0	0	0	0	0	0	0	0	0	0	0	0	0	1	0	3	0	0	0	0	0	40	2	21	1	0	0	0	0	0	0	1	0	0	0	0	0	0	0	0	0	0	0	24	0	0	0	0	0	0	8	0	0	0	0	37	0	0	0	0
OTU1353	0	0	0	0	0	0	0	0	0	0	0	0	0	0	0	0	0	0	0	0	0	0	0	0	0	0	0	0	0	0	0	0	0	0	0	0	0	0	0	0	0	0	0	0	0	0	0	0	0	0	0	0	0	0	0	0	0	0	0	0	101	0	0	0	0	0	0	0	0	0	0	0	0	0	0	0	0	0	0	0	0	0	0	0	0	0	0	0	0	0	0	0	0	0	0	0	0	0	0	0	0	0
OTU1354	0	0	0	0	0	0	0	0	0	0	0	0	0	0	0	0	0	0	0	0	0	0	0	0	0	0	0	0	0	0	0	0	0	3	0	0	0	0	0	0	0	0	0	0	0	0	0	0	0	0	0	0	0	0	0	0	0	0	0	0	0	0	0	0	0	0	1	0	0	0	0	0	0	0	0	0	0	0	0	0	0	0	0	0	0	0	0	0	0	0	0	0	0	0	1	1	0	1	10	126	12	0
OTU1355	0	0	0	0	0	0	0	0	0	0	0	0	0	0	0	0	0	0	0	0	0	0	0	0	0	0	0	0	0	0	0	0	0	3	0	0	0	0	0	0	0	0	1	3	27	0	0	0	0	0	0	0	0	0	0	12	0	0	0	4	0	0	0	0	0	0	2	0	1	0	0	0	0	0	0	0	0	0	0	0	0	0	0	0	0	0	0	0	0	0	0	0	0	0	0	0	0	0	0	124	0	0
OTU1356	0	0	0	0	0	0	0	0	0	0	0	1	7	1	0	0	0	0	0	0	0	0	0	0	0	0	0	0	0	0	28	0	0	0	0	7	0	0	0	0	1	0	2	0	0	0	14	78	0	0	0	0	3	0	0	0	17	0	0	0	0	0	0	0	0	0	5	0	0	0	0	0	0	3	0	0	0	0	0	0	0	0	4	8	0	0	0	0	0	1	0	0	0	4	0	1	0	0	0	0	0	0
OTU1357	0	0	0	0	0	0	0	0	0	1	0	0	4	1	0	0	0	0	0	0	0	0	0	0	0	0	3	18	1	8	1	0	0	0	0	0	0	0	1	0	2	6	0	4	4	9	2	23	0	0	0	23	6	1	8	3	4	5	14	0	1	0	0	0	2	0	0	6	0	0	7	0	0	8	0	0	0	0	6	8	2	4	15	2	4	1	0	0	0	2	1	0	1	7	16	3	0	2	0	2	8	6
OTU1358	0	0	0	0	0	0	0	0	0	1	0	0	0	0	0	0	0	0	0	0	0	0	0	0	0	0	0	0	0	0	0	0	0	1	0	0	0	0	0	0	1	0	0	0	0	125	0	0	0	0	0	85	0	0	0	0	5	0	1	0	0	0	0	0	0	0	0	0	0	0	0	0	0	0	0	0	0	0	0	0	0	0	1	0	0	0	0	0	0	0	0	0	0	0	0	0	0	0	0	0	0	0
OTU1359	0	0	0	0	0	0	0	0	87	0	0	9	0	0	0	0	0	0	0	0	0	0	0	0	0	0	0	0	1	0	0	0	0	0	0	0	0	0	0	0	4	0	0	0	0	0	0	0	0	0	0	0	7	0	0	0	0	0	0	0	0	0	0	0	0	0	0	0	0	0	0	0	0	6	0	0	0	0	0	0	1	0	0	0	0	0	0	0	0	0	0	0	0	0	0	1	0	0	0	0	0	0
OTU136	0	0	0	0	0	0	671	6	0	0	1	3	10	0	0	237	1	0	1341	0	1790	3	1549	1071	230	1	0	0	0	3	0	452	621	384	297	0	4	12	8	0	0	13	35	5	3	2	1	0	0	0	0	1	8	0	0	9	7	3	4	942	110	835	0	203	4	150	38	7	13	0	0	0	0	4	0	0	0	0	4	1	8	7	0	10	0	35	0	0	0	0	0	0	56	0	0	5	0	126	10	10	8	8
OTU1360	0	0	0	0	0	0	0	0	0	0	0	1	1	1	0	0	0	0	0	0	0	0	0	0	0	0	7	0	0	0	0	0	0	0	0	0	0	1	25	0	0	0	0	0	0	1	0	0	0	31	0	0	0	0	0	3	0	0	0	0	0	0	0	0	0	0	0	0	0	11	25	0	0	1	0	0	0	1	0	0	0	0	0	0	0	0	0	0	0	1	0	0	0	0	0	7	0	0	0	0	0	0
OTU1361	0	0	0	0	0	0	0	0	0	0	0	0	0	1	0	0	0	0	0	0	0	0	0	0	0	0	0	0	0	1	0	0	0	0	0	0	1	0	0	0	5	2	7	0	0	4	0	0	1	1	0	0	4	0	0	0	3	5	1	0	0	0	0	0	0	0	0	0	6	2	3	0	0	0	0	2	71	0	2	4	6	0	0	0	0	0	0	0	0	1	8	1	1	0	3	0	0	0	0	0	0	0
OTU1362	1	0	0	0	0	0	0	0	0	0	0	0	0	0	0	0	0	0	0	0	0	0	0	0	0	0	0	0	5	0	0	0	0	0	0	0	2	0	0	0	0	0	7	0	0	0	0	2	0	0	0	0	29	0	0	37	4	16	0	0	0	0	0	0	0	1	0	0	0	0	0	0	12	3	1	0	0	0	0	5	12	0	0	0	13	0	0	0	0	4	0	0	6	0	0	6	0	0	0	0	0	0
OTU1363	0	0	0	0	0	0	0	0	0	0	0	0	1	0	0	0	0	0	0	0	0	0	0	0	0	0	0	0	0	0	0	0	0	0	0	0	0	0	0	0	0	0	0	0	0	0	0	0	0	0	0	0	3	0	0	0	2	73	0	0	0	0	0	0	0	0	0	1	0	0	0	0	0	1	0	0	0	0	0	0	0	0	0	0	0	0	0	0	0	1	0	0	0	0	0	1	0	0	0	0	29	2
OTU1364	0	0	0	0	0	0	1	0	0	0	0	0	0	0	0	0	0	0	0	0	0	0	0	0	0	0	0	0	0	0	0	0	0	1	0	0	0	0	3	0	0	0	0	0	0	3	0	0	0	0	0	0	0	0	0	0	3	0	1	1	0	0	0	0	11	0	8	18	43	0	0	0	0	0	0	0	0	0	0	0	0	4	0	0	0	0	0	0	0	0	0	0	0	3	0	0	0	0	35	0	101	48
OTU1365	0	0	0	0	0	0	0	0	0	0	0	0	0	0	0	0	0	0	0	0	0	0	0	0	0	0	0	0	0	0	0	0	0	0	0	0	0	0	0	0	0	0	0	0	0	0	0	0	0	0	0	0	0	0	0	0	0	0	0	0	122	0	0	1	0	1	0	0	0	0	0	0	0	0	0	0	0	0	0	0	0	0	3	0	0	1	0	0	0	0	0	0	0	0	0	0	0	0	0	2	0	0
OTU1366	0	0	0	0	0	0	0	0	0	0	0	0	0	0	0	0	0	0	0	0	0	0	0	0	0	0	0	0	0	0	0	0	0	0	0	0	0	0	0	0	0	0	0	0	0	0	0	0	0	0	0	0	0	0	0	1	0	0	0	0	58	0	0	12	0	7	0	0	0	0	0	0	0	0	0	0	0	0	0	0	0	0	1	0	0	4	0	0	0	0	0	0	3	4	0	0	0	5	0	0	0	0
OTU1367	0	0	0	0	0	0	0	0	0	0	0	0	7	3	0	0	0	0	0	0	0	0	0	0	0	0	0	1	0	0	0	0	0	0	0	0	0	0	0	0	0	0	1	0	0	5	3	0	0	0	0	1	1	0	0	0	1	0	0	0	0	0	0	0	0	0	5	0	0	0	0	2	0	4	0	0	0	0	0	0	0	0	1	0	0	0	2	0	1	3	0	0	0	0	89	0	0	0	0	5	0	8
OTU1368	0	0	0	0	0	0	0	0	0	0	0	0	2	6	0	0	0	0	0	0	0	0	0	0	0	0	1	0	0	1	0	0	0	0	0	0	0	0	0	0	1	0	0	4	0	1	0	0	4	0	0	0	3	0	0	0	9	2	0	0	0	0	0	0	0	0	13	0	0	0	0	0	0	8	0	0	0	53	0	0	3	0	1	0	0	0	0	0	0	0	0	0	0	0	0	0	24	3	0	0	0	0
OTU1369	0	0	0	0	0	0	0	0	0	0	0	0	0	2	0	0	0	0	0	0	0	0	0	0	0	0	0	3	0	0	2	0	0	0	0	0	0	0	0	0	2	0	0	0	1	5	0	0	0	0	0	0	0	0	5	17	2	0	0	0	0	0	0	0	0	1	0	0	0	0	0	0	0	2	0	0	0	0	14	0	0	20	0	0	2	0	0	0	0	1	0	0	0	0	1	0	0	0	0	35	16	0
OTU137	0	0	0	0	0	0	5	5	0	0	0	0	1	0	0	0	0	0	1	0	2	4	1	1	0	1	0	0	0	0	0	3	1	8	2	1	0	0	0	0	0	0	0	0	8	0	0	0	0	0	0	0	3	0	0	0	6	7	2	2	7	1	0	3	14	6	29	74	22	0	0	0	0	2	0	0	0	2	0	0	0	1	1	0	0	0	0	0	0	1	0	0	0	12	1	148	0	3	123	408	5476	65
OTU1370	0	0	0	3	0	0	2	0	3	0	17	0	8	1	0	0	0	0	0	0	0	0	0	6	0	0	2	6	0	0	0	0	0	0	0	0	0	0	747	0	4	1	0	0	0	0	0	1	25	55	20	10	11	29	5	0	6	6	6	0	0	0	0	1	0	1	0	0	0	0	0	0	4	64	1	1	2	0	0	15	14	1	0	0	0	14	2	1	0	26	71	0	10	6	0	5	0	1	10	3	10	0
OTU1371	0	0	0	0	0	0	0	0	0	0	0	0	0	0	0	0	0	0	0	0	0	0	0	0	0	0	0	0	0	0	0	0	0	0	0	0	0	0	0	0	0	0	0	0	0	0	0	0	0	0	0	0	0	0	0	0	0	0	0	0	148	0	0	4	0	2	0	0	0	0	0	0	0	0	0	0	0	0	0	0	0	0	2	0	0	1	0	0	0	0	0	0	2	0	0	0	0	13	0	0	0	0
OTU1372	0	0	0	0	0	0	3	2	0	0	0	1	0	3	0	0	0	0	0	0	0	0	0	0	0	0	0	0	0	82	0	0	0	0	0	0	0	0	0	0	0	2	0	0	0	0	0	0	3	0	0	42	0	5	0	0	7	1	0	0	0	0	0	2	0	1	0	0	0	0	0	0	0	1	0	0	0	0	0	0	1	0	0	0	3	0	0	0	0	9	0	0	1	0	0	1	0	0	0	0	0	0
OTU1373	0	0	0	0	0	0	0	0	0	0	2	0	5	3	0	0	0	0	0	0	0	0	0	0	0	0	0	1	0	4	0	0	0	0	0	0	12	0	0	0	0	0	27	0	0	0	8	0	0	0	0	0	2	6	1	3	1	2	1	0	92	0	0	5	0	2	2	0	0	0	0	0	0	5	0	0	0	0	0	0	0	0	0	8	0	3	0	0	0	7	0	0	11	3	0	1	0	10	49	0	50	0
OTU1374	0	0	0	0	0	0	0	0	0	0	3	0	1	6	0	0	0	0	0	0	0	1	0	0	0	2	4	3	0	2	7	0	0	0	2	0	15	11	28	0	3	0	19	0	0	0	4	0	0	8	8	0	5	0	1	0	4	0	0	0	0	0	0	0	0	0	0	0	0	0	0	0	0	5	1	14	4	2	0	1	6	0	0	2	0	0	1	19	15	0	1	0	0	0	0	0	0	0	0	0	0	0
OTU1375	0	0	0	0	0	0	0	0	0	0	0	0	1	0	0	0	0	0	0	0	0	0	0	0	0	0	0	2	0	0	0	0	0	0	0	0	4	0	0	0	0	9	0	2	0	1	0	0	0	0	0	0	10	0	1	0	1	0	0	0	1	0	0	0	0	0	0	0	0	0	11	0	0	5	0	0	0	0	0	0	0	0	43	1	2	0	0	0	0	0	0	0	0	0	5	0	15	0	0	0	0	0
OTU1376	0	0	0	0	0	0	0	0	0	0	0	0	0	0	0	0	0	0	0	0	0	0	0	0	0	0	0	0	0	0	0	0	0	98	0	0	0	0	0	0	0	0	0	0	0	5	0	0	0	0	0	0	0	0	0	0	0	0	0	0	2	0	0	1	0	1	1	0	0	0	0	0	0	0	0	0	0	0	0	0	0	0	0	0	0	0	0	0	0	0	0	0	0	0	0	0	0	0	0	0	0	0
OTU1377	0	0	0	0	0	0	0	0	0	0	0	0	0	0	0	0	0	0	0	0	0	0	0	0	0	0	0	0	0	0	0	0	0	102	0	0	0	0	0	0	0	0	0	0	0	0	0	0	0	0	0	0	0	0	0	0	0	0	0	0	0	0	0	12	0	16	1	1	0	0	0	0	0	0	0	0	0	0	0	0	0	0	0	0	0	1	0	0	0	0	0	0	0	0	0	0	0	2	0	0	0	0
OTU1378	0	0	0	0	0	0	0	0	0	0	0	0	0	0	0	0	0	0	0	0	0	0	0	0	0	0	0	0	0	0	0	0	0	0	0	0	0	0	0	0	0	0	0	0	0	0	0	0	0	0	0	0	0	0	0	0	2	0	0	0	0	0	0	0	8	0	50	9	48	0	0	0	0	0	0	0	0	0	0	0	0	0	0	0	0	0	0	0	0	0	0	0	0	0	0	0	0	0	15	2	21	0
OTU1379	0	0	0	0	0	0	0	0	0	0	0	2	0	0	0	0	0	0	0	0	0	2	0	0	0	0	0	2	1	0	0	0	0	0	0	0	3	0	0	0	0	0	0	0	2	2	0	3	4	3	0	0	2	0	5	4	6	0	26	0	0	0	0	0	11	0	3	5	134	1	0	0	1	1	0	0	0	4	0	0	0	2	0	0	0	0	4	0	2	1	0	0	0	1	7	3	24	1	0	0	0	4
OTU138	0	19	1	3	1	0	5	6	38	0	15	10	53	56	0	0	1	0	12	0	0	13	16	1	6	1	17	80	387	6	265	0	0	0	7	0	651	1146	296	0	206	139	46	5	2	64	8	1	21	5	58	10	193	3	14	2	139	36	7	0	0	0	0	1	0	0	0	3	0	12	30	116	7	87	9	309	964	279	50	68	54	11	5	5	15	4	524	89	389	352	13	17	14	54	2	15	5	0	2	1	0	0
OTU1380	0	0	0	0	0	0	0	0	0	0	0	0	0	0	0	0	0	0	0	0	0	0	0	0	0	0	0	0	0	0	0	0	1	0	0	0	0	0	0	0	0	0	0	0	0	0	0	0	0	0	0	0	0	0	0	0	0	0	0	0	0	0	0	0	0	1	1	6	0	0	0	0	0	0	0	0	0	0	0	0	0	0	0	0	0	0	0	0	0	0	0	0	0	8	0	0	0	0	212	73	6	0
OTU1381	0	0	0	0	0	0	1	0	0	0	0	0	0	0	0	0	0	0	0	0	0	0	0	0	0	0	0	0	0	0	0	0	0	0	0	0	0	0	0	0	0	0	0	0	0	0	0	0	0	0	0	0	0	0	0	0	0	0	0	0	0	0	0	0	0	0	0	0	5	0	0	0	0	0	0	0	0	0	0	0	0	0	0	0	0	0	0	0	0	0	0	0	0	0	0	2	0	0	38	25	15	18
OTU1382	0	0	0	0	0	0	0	0	0	0	0	0	6	4	0	0	0	0	0	0	0	0	0	0	0	0	11	7	5	38	0	0	0	0	0	0	0	1	0	0	0	0	0	0	0	0	0	11	6	0	1	1	3	11	28	2	11	6	6	0	0	0	0	0	0	0	0	0	1	8	0	0	10	12	0	3	0	0	0	0	0	0	21	0	0	0	0	0	0	13	8	0	0	2	2	0	0	0	0	0	0	2
OTU1383	0	0	0	0	0	0	0	0	0	0	0	0	0	4	0	0	0	0	0	0	0	0	0	0	0	0	1	0	0	0	0	0	0	0	0	0	0	0	0	0	0	0	0	0	0	0	0	0	0	0	0	0	1	2	54	0	3	0	0	0	0	0	0	0	0	0	0	0	0	0	0	1	3	4	0	0	0	0	0	0	0	0	0	0	0	1	0	0	0	0	0	0	0	48	1	0	0	0	0	0	0	0
OTU1384	0	0	0	0	0	0	1	0	0	0	0	0	0	3	0	0	0	0	0	0	0	0	0	0	0	0	0	0	0	1	2	0	0	0	0	0	7	0	0	0	5	0	0	7	11	0	6	0	0	9	0	0	4	0	9	2	6	0	0	0	0	0	0	0	0	2	0	1	4	0	5	8	0	1	0	0	12	12	0	0	0	0	1	5	2	2	0	0	0	0	0	0	2	1	0	2	2	0	0	0	0	3
OTU1385	0	15	0	0	0	0	0	0	0	0	0	0	0	1	0	0	0	0	0	0	0	0	0	0	0	0	0	0	0	0	0	0	0	0	1	0	2	31	20	0	12	4	3	0	0	2	5	0	0	0	0	3	0	0	0	0	0	0	0	0	0	0	0	0	0	0	0	1	0	24	14	0	3	0	0	5	169	0	2	19	0	26	2	4	0	0	2	0	11	2	0	1	0	2	0	0	0	0	0	0	0	0
OTU1386	0	0	0	0	0	0	0	0	0	0	0	0	0	0	0	0	0	0	0	0	0	0	0	0	0	0	0	0	0	0	0	0	0	97	0	0	0	0	0	0	0	0	0	0	0	0	0	0	0	0	0	0	0	0	0	0	0	1	0	0	0	0	0	8	4	10	2	1	0	0	0	0	0	0	0	0	0	0	0	0	0	0	0	0	0	5	0	0	0	0	0	0	0	0	0	0	0	10	0	0	0	0
OTU1387	0	0	0	0	0	0	0	0	0	0	0	0	0	0	0	0	0	0	0	0	0	0	0	0	0	0	0	0	0	0	0	0	0	99	0	0	0	0	0	0	0	0	0	0	0	4	0	0	0	0	0	0	0	0	1	0	0	0	0	0	0	0	0	3	0	2	0	0	0	2	0	0	0	0	0	0	0	0	0	0	0	0	0	0	0	1	0	0	0	0	0	0	1	0	0	0	0	2	0	0	0	0
OTU1388	0	0	0	0	0	0	0	0	0	0	12	1	0	0	0	0	3	0	0	0	3	0	0	0	0	0	0	1	0	0	0	0	0	0	0	0	95	0	2	0	0	3	0	0	1	0	0	0	0	6	0	16	5	3	0	0	0	0	8	2	0	0	0	0	0	0	0	0	0	0	0	0	6	10	0	0	158	1	0	1	0	113	0	0	0	0	0	4	0	0	0	2	0	0	0	0	0	0	0	0	0	0
OTU1389	0	0	0	0	0	0	0	0	0	0	0	0	0	0	0	0	0	0	0	0	0	0	0	0	0	0	0	0	0	0	0	0	0	0	0	0	0	0	0	0	0	0	0	0	0	0	0	0	0	0	0	0	0	0	1	0	0	0	0	0	83	0	0	1	0	1	0	0	0	0	0	0	0	0	0	0	0	0	0	0	0	0	0	0	0	2	0	0	0	0	0	0	1	0	0	0	0	0	0	0	0	0
OTU139	1	3	0	6	0	0	3	2	5	0	1	18	39	42	0	0	0	0	2	0	2	2	0	0	3	0	123	54	331	129	1265	0	1	5	1	0	5	3	2	1	10	24	96	229	19	201	95	16	27	243	8	33	46	6	18	46	192	108	264	1	0	0	0	21	0	0	4	3	12	32	7	44	29	137	1299	7	36	15	6	2	162	19	59	18	55	9	9	18	63	69	6	31	23	482	196	332	84	6	20	5	14	1
OTU1390	0	0	0	0	0	0	0	0	0	0	0	0	1	4	0	0	0	0	0	0	0	0	0	0	0	0	0	0	0	0	0	0	0	0	0	0	0	0	0	0	1	0	0	0	0	0	0	0	0	0	0	0	0	0	6	0	15	0	0	0	0	1	0	0	0	0	0	0	0	0	0	0	0	0	0	0	0	0	0	0	2	0	0	86	0	0	0	0	0	2	0	0	7	0	0	0	0	0	0	0	0	0
OTU1391	0	0	0	0	0	0	0	0	0	0	0	0	4	0	0	0	0	0	0	0	0	0	0	0	0	0	0	0	0	0	0	0	0	0	0	0	0	0	0	0	2	0	0	64	0	0	0	0	0	0	0	0	3	0	0	40	2	2	0	0	0	0	0	0	0	3	0	0	0	0	0	0	0	1	0	0	0	0	0	0	3	0	0	0	0	6	0	0	0	0	0	0	3	0	0	0	1	1	0	0	0	0
OTU1392	0	0	0	0	0	0	0	0	0	0	0	0	1	1	0	0	0	0	0	0	0	0	0	0	1	0	0	0	0	0	3	0	0	2	0	0	0	0	0	1	2	0	6	1	0	2	0	0	0	0	0	2	2	3	0	0	15	6	2	0	0	0	0	0	0	0	0	24	0	6	0	0	1	5	0	93	0	1	11	0	10	0	0	2	10	1	17	0	2	4	0	0	0	6	0	0	2	0	0	0	0	0
OTU1393	0	0	0	0	0	0	0	0	0	0	0	0	0	0	0	0	0	0	0	0	0	2	0	0	0	0	0	0	0	0	0	0	0	88	0	0	0	0	0	0	0	0	0	0	0	4	0	0	0	0	0	0	0	0	0	0	0	0	0	0	1	0	0	18	0	6	0	0	0	0	0	0	0	0	0	0	0	0	0	0	0	0	0	0	0	5	0	0	0	1	0	0	1	0	0	0	0	1	0	0	2	0
OTU1394	0	0	0	0	0	0	0	0	0	0	0	0	0	0	0	0	0	0	0	0	0	0	0	0	0	0	0	0	0	0	0	0	0	1	0	0	0	0	0	0	0	0	0	0	0	0	0	0	0	0	0	0	0	0	0	0	0	0	0	1	0	0	1	0	0	0	1	0	1	0	0	0	0	0	0	0	1	0	0	0	0	0	0	0	0	0	0	0	0	0	0	0	0	0	0	0	0	0	44	113	15	20
OTU1395	0	1	0	0	0	0	0	0	0	0	0	0	1	0	0	0	0	0	0	0	0	0	0	0	0	0	0	0	0	0	0	0	0	0	0	0	0	0	17	0	2	0	0	22	8	2	0	0	0	0	0	1	0	3	0	2	4	0	0	2	0	0	0	9	0	5	0	0	0	6	0	0	9	0	0	0	0	0	0	0	0	43	0	0	0	8	0	0	0	0	5	0	0	0	0	6	2	2	0	0	0	0
OTU1396	1	0	0	0	0	0	0	0	0	0	0	0	2	3	0	0	0	0	2	0	0	0	0	0	0	0	1	0	0	0	1	0	0	0	0	0	0	0	0	0	0	6	0	0	3	0	0	0	0	0	0	19	108	0	1	0	3	3	0	4	0	0	0	0	0	0	2	0	0	1	0	13	0	7	4	0	0	3	0	0	0	0	0	0	0	0	0	0	0	2	0	5	0	0	0	0	0	0	0	0	0	0
OTU1397	0	0	0	0	0	0	0	0	0	0	0	0	0	0	0	0	0	0	0	0	0	0	0	0	0	0	0	0	0	0	0	0	0	0	0	0	0	0	0	0	0	0	0	0	0	0	0	0	0	0	0	0	0	0	0	0	0	0	0	0	135	0	0	1	0	8	1	0	0	0	0	0	0	0	0	0	0	0	0	0	0	0	0	0	0	0	0	0	0	0	0	0	0	0	0	0	0	3	0	0	1	0
OTU1398	0	0	0	0	0	0	0	0	3	0	0	0	2	1	0	0	0	0	0	0	0	0	0	0	0	0	0	1	0	0	0	0	0	0	0	0	0	0	0	0	47	0	0	0	2	1	0	0	0	0	0	0	0	0	5	9	2	1	0	0	0	0	0	0	0	0	0	0	0	0	0	0	10	3	0	0	2	0	0	0	1	16	60	0	0	0	0	0	1	1	0	0	0	0	0	0	8	0	0	0	0	0
OTU1399	0	0	0	0	0	0	0	0	0	0	1	1	0	0	0	0	0	0	0	0	0	0	0	0	0	0	0	0	0	0	0	0	0	0	0	0	0	0	0	0	4	1	0	0	0	0	0	0	0	35	10	0	2	0	0	0	2	0	0	0	0	0	0	0	0	0	0	0	0	0	0	1	0	0	0	8	40	7	0	0	0	0	0	6	0	0	0	12	6	2	0	0	0	0	0	0	0	0	0	0	0	0
OTU14	11	56	1	54	3	7	152	144	67	1	29	81	614	700	22	5	1	0	57	0	68	264	38	24	30	25	922	924	3186	1345	834	1464	58	63	116	333	6285	136	113	0	168	1076	1716	756	161	1374	191	92	24608	1452	2108	1706	5884	129	1007	834	2597	1974	1067	38	46	39	231	108	9047	107	17476	11220	8730	194	325	1058	3515	4828	83	2648	122	123	243	575	1679	298	428	228	12168	223	441	110	221	782	1969	96	247	3440	30365	4522	318	126	4079	896	2519	4507
OTU140	0	1	0	0	0	0	17	5	0	0	0	0	1	0	0	0	0	0	2	2	9	7	5	5	9	2	0	0	0	2	0	0	1	4	5	16	0	0	0	0	2	0	0	0	1	0	0	0	0	0	0	0	0	0	43	1	16	17	179	4	11	2	0	7	2273	10	965	379	6726	1	0	0	0	1	0	0	0	3	0	0	0	0	1	0	0	0	0	0	0	0	0	1	3	53	1	6	0	20	1444	198	565	186
OTU1400	0	0	0	0	0	0	0	0	0	0	0	0	1	0	0	0	0	0	0	0	0	0	0	0	0	0	0	1	0	0	0	0	0	0	0	0	0	0	0	0	0	0	0	2	0	0	0	0	0	0	0	0	0	0	0	2	3	0	5	10	0	0	0	0	0	0	0	0	0	0	0	0	0	0	0	3	0	0	0	0	2	101	1	0	1	0	0	0	0	0	0	0	6	0	0	0	0	0	0	0	0	0
OTU1401	0	0	0	0	0	0	0	0	0	0	2	0	6	3	0	0	0	0	0	0	0	0	0	0	0	0	0	2	0	0	0	0	0	0	0	0	0	10	67	0	43	12	2	0	0	1	0	0	0	2	1	0	0	0	0	0	2	0	0	0	0	0	0	0	0	0	0	0	0	5	18	0	0	1	1	0	0	0	0	0	3	1	0	0	0	0	0	13	2	0	0	0	0	0	0	0	0	0	0	0	0	0
OTU1402	0	0	0	0	0	0	0	0	0	0	0	0	0	0	0	0	0	0	0	0	103	0	0	0	0	0	0	0	0	0	0	0	0	27	0	0	0	0	0	0	0	0	0	0	0	0	0	0	0	0	0	0	0	0	0	0	0	0	0	0	0	0	0	35	0	6	0	0	0	0	0	0	0	0	0	0	0	0	0	0	0	0	0	0	0	0	0	0	0	0	0	0	3	0	0	0	0	10	0	0	0	0
OTU1403	0	0	0	0	0	0	0	0	0	0	0	0	0	0	0	0	0	0	0	0	0	1	0	0	0	0	0	0	0	23	9	0	0	0	0	0	42	0	0	0	1	0	0	1	0	0	0	0	0	10	21	0	1	0	1	0	2	0	0	0	0	0	0	0	0	0	0	0	0	0	0	0	0	1	0	0	0	0	0	0	1	0	0	2	0	0	0	0	0	0	0	0	0	0	0	0	4	0	0	0	0	0
OTU1404	0	0	0	0	0	0	0	0	0	0	0	0	0	0	0	0	0	0	2	0	0	0	0	2	0	0	0	0	0	0	0	0	2	0	0	0	0	0	0	0	0	0	0	0	0	0	0	0	0	0	0	0	0	0	0	0	2	0	0	1	1	0	0	0	0	0	5	2	0	0	0	0	0	0	0	0	0	0	0	0	0	0	0	0	0	0	0	0	0	0	0	0	0	0	0	1	5	0	1	39	34	81
OTU1405	0	0	0	0	0	0	0	2	0	0	0	0	0	0	0	0	0	0	0	0	0	0	0	0	0	0	0	0	0	0	0	0	0	84	0	0	0	0	0	0	0	0	0	0	0	1	0	0	1	0	0	0	0	0	0	2	3	2	0	0	0	0	0	55	0	6	1	0	0	0	0	0	0	0	0	0	0	0	0	0	2	0	0	0	0	17	0	0	0	6	0	0	11	1	0	0	0	18	0	0	0	0
OTU1406	0	0	0	0	0	0	0	0	0	0	2	0	0	0	0	0	0	0	0	0	0	0	0	0	0	0	0	0	0	0	0	0	0	86	1	0	0	0	0	0	0	0	0	0	0	2	0	0	0	0	0	0	0	0	0	0	0	0	0	0	0	0	0	25	0	26	3	0	5	0	0	0	0	0	0	0	0	0	0	0	0	0	0	0	0	16	0	0	0	0	0	0	4	0	0	0	0	22	6	0	20	0
OTU1407	0	0	0	0	0	0	0	0	0	0	1	0	0	0	0	0	0	0	0	0	0	0	0	0	0	0	0	0	0	0	0	0	0	100	0	0	0	0	0	0	0	0	0	0	0	11	0	0	0	0	0	2	0	34	0	0	0	0	0	0	0	0	0	5	2	4	0	0	0	0	0	0	0	3	0	0	0	0	0	0	0	1	0	0	0	1	0	0	0	0	2	0	4	0	4	2	0	3	0	0	1	0
OTU1408	0	0	0	0	0	0	0	0	0	0	0	0	0	0	0	0	0	0	0	0	0	0	0	0	0	0	0	0	0	0	0	0	0	1	0	0	0	0	0	0	0	0	0	0	0	0	0	0	0	0	0	0	0	0	1	0	0	0	0	0	0	0	0	0	18	1	1	0	7	0	0	0	0	0	0	0	0	0	0	0	0	0	0	0	0	0	0	0	0	0	0	0	0	0	0	0	0	0	0	92	0	0
OTU1409	0	0	0	0	0	0	0	0	0	0	0	0	0	0	0	0	0	0	0	0	0	0	0	0	0	0	0	0	0	0	0	0	0	0	0	0	2	0	0	0	0	0	0	0	0	2	0	0	0	0	3	0	0	0	0	0	0	1	0	0	0	0	0	0	0	0	0	0	0	0	74	0	0	2	0	9	0	0	0	0	0	0	0	0	0	0	0	0	0	1	0	0	0	0	0	1	0	0	0	0	0	0
OTU141	10	6	1	6	0	0	13	3	55	1	27	12	83	123	0	0	0	4	4	0	27	3	4	22	25	0	103	320	186	290	110	0	15	6	36	3	80	125	762	0	752	479	682	113	414	556	1106	81	122	125	61	121	205	31	95	139	416	124	342	7	3	2	1	5	17	7	107	52	86	173	226	142	122	624	297	28	44	31	1704	45	797	199	343	96	74	56	54	453	435	288	478	62	73	81	56	166	149	1	24	1	21	14
OTU1410	0	0	0	0	0	0	0	1	0	0	0	0	0	0	0	0	0	0	0	0	0	0	0	0	0	0	0	0	0	0	0	0	0	0	0	0	0	0	0	0	0	0	0	0	0	0	0	0	0	0	0	0	0	0	0	0	0	0	0	0	65	0	0	28	0	13	0	0	1	0	0	0	0	0	0	0	0	0	0	0	0	0	2	0	0	3	0	0	0	0	0	0	0	0	0	0	0	5	0	0	0	0
OTU1411	0	0	0	0	0	0	0	0	0	0	1	0	2	4	0	0	0	0	0	0	0	0	0	0	0	0	0	0	0	19	0	0	0	0	0	0	0	0	0	0	0	0	7	0	0	0	0	0	0	0	0	5	0	0	0	0	0	0	0	0	0	0	0	0	0	0	0	0	1	0	0	0	0	23	0	2	0	0	7	0	5	0	0	0	0	1	0	0	0	1	0	0	0	2	0	28	1	0	0	0	2	0
OTU1412	0	0	0	0	0	0	0	0	0	0	0	0	0	0	0	0	0	0	0	0	0	0	0	0	0	0	0	0	0	0	0	0	0	110	0	0	0	0	0	0	0	0	0	0	0	3	0	0	0	0	0	0	0	0	0	0	0	0	0	0	0	0	0	3	0	1	1	0	0	0	0	0	0	0	0	0	0	0	0	0	0	0	0	0	0	0	0	0	0	0	0	0	0	0	0	0	0	0	0	0	0	0
OTU1413	0	0	0	0	0	0	0	0	0	0	0	0	2	0	0	0	0	0	0	0	0	0	0	0	0	0	0	0	0	0	0	0	0	152	3	0	0	0	0	0	1	0	0	0	0	3	0	0	0	0	0	0	4	0	0	0	0	0	0	0	0	0	0	22	0	13	6	0	1	0	0	0	0	0	0	0	0	0	0	0	0	0	0	0	0	9	0	0	0	0	0	0	9	0	0	0	0	15	1	0	0	0
OTU1414	0	0	0	0	0	0	0	1	0	0	8	0	0	0	0	0	0	0	0	0	0	0	0	0	0	0	0	0	0	0	0	0	0	174	0	0	0	0	1	0	0	0	0	0	0	0	0	0	0	0	0	0	1	0	0	0	7	0	0	0	0	0	0	17	0	28	3	0	3	0	0	0	0	1	0	0	0	0	0	0	0	0	0	0	0	29	0	0	0	0	0	0	6	0	0	0	0	43	0	0	0	0
OTU1415	0	0	0	0	0	0	0	2	0	0	2	0	0	0	0	0	0	0	0	0	0	0	0	0	0	0	0	0	0	0	0	0	1	148	6	0	0	0	0	0	0	0	0	0	0	1	0	0	0	0	0	0	0	0	0	0	0	0	0	0	0	0	0	7	0	5	1	2	0	0	0	0	0	0	0	0	0	0	0	0	0	0	0	0	0	6	0	0	0	0	0	0	0	0	0	0	0	2	1	0	0	0
OTU1416	0	0	0	0	0	0	0	0	0	0	0	0	0	0	0	0	0	0	0	0	0	0	0	0	0	0	0	0	0	0	0	0	0	0	0	0	0	2	0	0	0	0	0	0	0	0	0	0	7	0	0	0	0	0	0	3	2	1	0	1	0	0	0	0	0	0	0	0	0	0	0	3	56	19	0	0	0	0	0	0	0	1	0	0	1	6	0	0	0	0	0	0	1	0	0	0	0	0	0	0	0	0
OTU1417	0	0	0	0	0	0	1	0	0	0	0	0	0	0	0	0	0	0	0	0	0	0	0	0	0	0	0	0	0	0	0	0	0	0	0	0	0	0	0	0	0	0	0	0	0	0	0	0	0	0	0	0	0	0	0	0	0	0	9	0	0	0	0	0	0	0	0	0	154	0	0	0	0	0	0	0	0	0	0	0	0	0	0	0	0	0	0	0	0	0	0	0	0	0	0	0	0	0	0	0	3	0
OTU1418	0	0	0	0	0	0	0	0	0	0	0	0	0	0	0	0	0	0	0	0	0	0	0	0	0	0	0	0	0	0	0	0	0	0	0	0	0	0	0	0	0	1	0	0	0	0	0	0	0	0	0	0	0	0	0	0	0	3	3	1	1	0	0	0	25	0	31	15	66	0	0	0	0	0	0	0	0	0	0	0	0	0	0	0	0	0	0	0	0	0	0	0	0	0	0	0	0	0	0	0	1	0
OTU1419	0	0	0	0	0	0	0	0	0	0	0	0	0	0	0	0	0	0	0	0	0	0	0	0	0	0	0	0	0	0	0	0	0	0	0	0	0	0	0	0	0	0	0	0	0	0	0	0	0	0	0	0	0	0	0	0	0	0	0	0	106	0	0	9	0	7	0	0	0	0	0	0	0	0	0	0	0	0	0	0	0	0	0	0	0	5	0	0	0	0	0	0	4	0	0	0	0	2	0	0	0	0
OTU142	0	20	1	10	0	0	1	0	2	1	5	2	47	63	6	0	0	0	0	0	0	0	1	0	0	0	0	41	6	68	5	31	37	4	8	6	19	1	2	0	5	4	6	1202	1355	139	620	273	10	6	14	7	54	3	54	27	240	33	91	1	4	8	0	2	0	6	2	14	3	12	4	1	4	112	3	4	4	11	4	0	10	168	375	853	88	143	0	3	8	56	3	3	53	140	49	42	710	7	34	1	8	3
OTU1420	0	0	0	0	0	0	0	0	0	0	16	2	0	0	0	0	0	0	0	0	0	4	0	0	0	0	0	0	0	0	0	0	0	0	0	0	122	0	0	0	0	0	0	0	0	0	0	0	0	5	0	14	0	0	0	0	0	0	2	2	0	0	0	0	0	0	0	0	0	0	0	0	2	0	0	0	194	1	0	0	0	93	0	0	0	0	0	2	0	0	0	3	0	0	0	0	0	0	0	0	0	0
OTU1421	0	0	0	0	0	0	0	0	0	0	0	1	0	0	0	0	0	0	0	0	0	0	0	2	0	0	0	0	0	0	0	0	0	0	1	0	0	0	0	0	0	0	0	0	21	0	0	0	0	0	0	2	0	0	15	0	1	0	0	0	0	0	0	0	1	1	0	9	0	0	0	8	0	0	0	0	0	1	0	0	0	1	0	0	0	0	0	0	0	0	0	5	0	1	1	0	0	0	1	40	3	0
OTU1422	0	0	0	0	0	0	0	0	0	0	0	0	0	98	0	0	0	0	0	0	0	0	0	0	0	0	0	0	0	0	0	0	0	0	0	0	0	0	0	0	0	0	0	0	0	0	0	0	0	0	0	0	0	0	0	0	1	0	0	0	0	0	0	0	0	0	0	0	0	0	1	0	0	0	0	0	0	0	0	0	0	0	0	0	0	0	0	0	0	1	0	0	0	0	1	0	1	0	0	0	0	0
OTU1423	0	0	0	0	0	0	0	1	0	0	0	0	1	3	0	0	0	0	0	0	0	0	0	0	0	0	0	1	0	0	0	0	0	0	0	0	0	0	0	0	0	1	0	0	5	0	0	0	0	1	0	2	0	0	4	0	8	0	0	0	0	0	0	0	0	0	0	0	2	0	0	0	0	24	0	0	0	1	0	0	0	0	0	0	1	0	0	1	0	5	0	0	0	0	5	45	27	0	0	0	7	0
OTU1424	23	30	0	9	0	0	0	8	11	0	10	2	35	61	1	0	0	0	1	0	0	43	5	0	0	0	16	53	0	14	2	0	1	3	10	4	1810	102	115	0	74	41	8	5	38	11	11	271	206	1302	425	137	359	35	55	77	228	27	75	0	3	0	0	0	1	4	4	12	55	93	85	648	372	428	26	250	3	160	15	25	18	10	7	43	43	13	116	95	238	128	63	149	38	105	20	33	26	0	2	73	1	1
OTU1425	0	0	0	0	0	0	0	0	0	0	0	0	0	0	0	0	0	0	0	0	0	0	0	0	0	0	0	0	0	0	0	0	0	93	0	0	0	0	0	0	0	0	0	0	0	0	0	0	0	0	0	0	0	0	0	0	0	0	0	0	1	0	0	3	0	0	0	0	0	0	0	0	0	0	0	0	0	0	0	0	0	0	0	0	0	0	0	0	0	0	0	0	0	0	0	0	0	0	0	0	1	0
OTU1426	0	0	0	0	0	0	1	0	0	0	3	0	0	0	0	0	0	0	0	0	0	0	0	0	0	0	0	0	0	0	0	0	0	118	0	0	0	0	0	0	0	0	3	0	0	1	0	0	0	0	0	0	0	0	0	0	0	0	0	0	0	0	0	14	0	19	0	0	0	0	0	0	0	0	0	0	0	0	0	0	0	0	0	0	0	5	0	0	0	0	0	0	0	0	0	0	0	1	0	0	0	0
OTU1427	0	0	0	0	0	0	0	0	0	0	0	0	0	0	0	0	0	0	0	0	0	0	0	0	0	0	0	0	0	0	0	0	0	1	0	0	0	0	0	0	0	0	0	0	0	0	0	0	0	0	0	0	0	0	0	0	0	0	12	0	0	0	0	0	1	0	0	0	77	0	0	0	0	0	0	0	0	0	0	0	0	0	0	0	0	0	0	0	0	0	0	0	0	0	0	0	0	3	0	0	3	0
OTU1428	0	0	0	0	0	0	0	0	0	0	0	0	0	0	0	0	0	0	0	0	0	0	0	0	0	0	0	0	0	0	0	0	0	0	0	0	0	0	0	0	0	0	0	0	0	0	0	0	0	0	0	0	0	0	0	0	0	0	0	0	49	0	0	24	0	3	1	0	0	0	0	0	0	0	0	0	0	0	0	0	0	0	1	0	0	5	0	0	0	0	0	0	1	0	2	0	0	14	0	0	0	0
OTU1429	0	0	0	0	0	0	0	0	0	0	0	0	0	0	0	0	0	0	0	0	0	0	0	0	0	0	0	0	0	0	0	0	0	1	0	0	0	0	0	0	0	0	0	0	0	0	0	0	0	0	0	0	0	0	0	0	0	0	0	0	0	0	0	2	0	0	4	0	0	0	0	0	0	0	0	0	0	0	0	0	0	0	0	0	0	0	0	0	0	0	0	0	0	9	0	0	0	0	69	99	16	22
OTU143	0	0	0	0	0	1	4	11	0	0	0	0	0	0	0	0	0	0	44	0	17	44	4	1	0	13	1	9	14	4	2	0	0	1	31	0	1087	82	49	0	13	1364	489	0	2	8	7	1	130	183	231	276	960	31	4	6	3	11	26	2	0	0	0	0	21	4	10	27	131	49	61	366	90	213	57	318	17	13	3	273	110	4	11	5	31	14	2800	572	991	26	417	27	8	19	7	4	10	0	2	0	0	0
OTU1430	0	0	0	0	0	0	2	0	0	0	0	0	0	0	0	0	0	0	0	0	0	0	0	0	0	0	0	0	0	0	0	0	0	0	3	0	0	0	0	0	0	0	0	0	0	0	0	0	1	0	0	0	0	3	0	0	3	4	0	0	0	0	0	0	0	0	0	0	0	0	0	42	0	2	0	0	0	0	0	0	1	14	0	0	0	0	0	11	0	0	0	0	4	0	0	4	15	0	0	45	0	1
OTU1431	0	0	0	0	0	0	2	0	0	0	0	0	0	0	0	0	0	0	0	0	0	0	0	0	0	0	0	0	0	0	0	0	0	50	0	0	0	0	0	0	0	0	0	0	0	1	0	0	0	0	0	0	0	0	0	1	1	0	0	2	1	0	0	90	1	17	2	0	0	0	0	0	0	0	0	0	0	0	0	0	0	0	0	0	0	10	0	0	0	0	0	0	4	0	0	0	0	27	0	0	0	0
OTU1432	1	0	0	0	0	0	0	7	0	0	0	0	5	2	0	0	0	0	0	0	2	0	0	0	0	0	0	2	0	0	0	0	0	0	1	0	0	0	0	0	0	0	0	1	0	3	0	1	35	0	0	0	0	0	3	0	3	6	0	0	0	0	2	1	0	0	3	0	0	5	21	1	161	5	5	0	0	0	0	0	1	0	0	0	1	32	0	0	1	5	0	39	0	2	2	0	0	0	0	0	0	0
OTU1433	0	0	0	0	0	0	0	3	0	0	0	0	0	0	0	0	0	0	0	0	2	1	0	0	0	0	0	1	0	0	0	0	3	85	0	1	0	0	0	0	0	0	0	0	0	8	0	0	0	0	0	0	0	0	0	13	0	0	0	0	0	0	0	34	2	94	1	0	3	0	0	0	0	0	0	0	0	0	0	0	0	0	0	0	0	11	0	0	0	0	0	0	7	2	0	0	0	12	10	1	1	0
OTU1434	1	0	0	2	0	0	3	0	2	0	0	2	1	2	0	0	0	0	0	0	0	0	0	0	0	0	7	39	0	24	0	0	0	0	0	0	3	5	0	3	8	0	0	30	0	3	0	3	0	1	0	1	10	1	1	2	56	4	5	0	0	0	0	0	0	0	1	0	0	11	6	14	1	6	8	0	0	53	7	0	0	1	10	5	0	0	0	0	0	9	30	9	3	1	0	0	6	0	0	0	0	0
OTU1435	0	0	0	0	0	0	0	0	0	0	0	0	2	0	0	0	0	0	0	0	0	0	0	0	0	0	0	1	0	0	0	0	0	1	0	0	0	0	2	0	0	2	0	0	0	0	0	53	0	0	0	0	2	0	0	0	9	0	100	0	0	0	0	0	0	0	0	4	2	0	0	0	0	1	0	0	0	0	0	0	0	0	0	0	0	0	0	0	0	0	0	0	0	0	0	0	0	0	0	0	0	0
OTU1436	0	0	0	0	0	0	0	0	0	0	0	0	1	5	0	0	0	0	0	0	0	0	0	0	0	0	0	0	2	0	0	0	0	2	0	0	0	0	0	0	0	1	0	0	1	31	0	0	0	0	0	1	0	0	9	9	13	1	4	0	0	0	0	0	0	0	0	0	0	1	0	0	0	10	0	0	0	0	7	0	0	8	0	0	6	3	0	0	0	3	14	0	2	0	3	0	8	0	1	0	0	0
OTU1437	0	0	0	0	0	0	0	0	0	0	0	0	0	1	0	0	0	0	0	0	0	0	0	0	0	0	0	1	0	0	0	0	0	0	0	0	0	10	0	0	0	0	20	0	0	0	0	0	0	0	0	0	0	2	0	0	1	0	1	0	0	0	0	0	0	0	0	0	0	0	0	0	1	7	0	0	0	0	0	0	0	0	0	0	0	0	0	25	0	5	0	0	6	0	0	22	4	0	0	67	4	0
OTU1438	0	0	0	0	0	0	0	0	0	0	0	0	0	0	0	0	0	0	0	0	0	0	0	0	0	0	0	2	0	0	0	0	0	0	1	0	0	0	0	0	0	0	0	0	0	0	0	0	0	0	0	0	0	0	0	0	0	0	0	0	89	0	0	3	0	0	0	0	0	0	0	0	0	0	0	0	0	0	0	0	0	0	0	0	0	2	0	0	0	0	0	0	0	0	0	0	0	0	0	0	0	0
OTU1439	0	0	0	0	0	0	0	0	0	0	0	0	0	0	0	0	0	0	0	0	0	0	0	0	0	0	0	0	0	0	0	0	1	0	0	0	0	0	0	0	0	0	0	0	0	0	0	0	0	0	0	0	0	0	0	0	0	6	0	0	0	0	0	0	1	0	13	89	7	0	0	0	0	0	0	0	0	0	0	0	0	0	9	0	0	0	0	0	0	0	0	0	0	0	0	0	0	0	18	0	2	4
OTU144	1	13	0	5	0	0	4	2	6	0	2	2	53	37	0	0	0	0	0	0	0	11	0	1	1	0	2	28	5	206	9	0	0	0	31	0	218	7	71	1	9	9	45	1	9	18	7	1	37	1432	17	8	60	178	33	7	185	30	98	0	11	14	1	0	0	0	4	7	3	5	4	1820	149	134	3	2	52	901	4	1	25	9	368	964	75	8	14	33	20	56	258	10	8	139	1	11	7	0	9	0	3	0
OTU1440	0	0	0	0	0	0	0	0	0	0	0	0	0	0	0	0	0	0	0	0	0	0	0	0	0	0	0	0	0	0	0	0	0	76	0	0	0	0	0	0	0	0	0	0	0	0	0	0	0	0	0	0	1	0	0	0	0	0	0	2	0	0	0	4	0	2	0	2	1	0	0	0	0	0	0	0	0	0	0	0	0	0	0	0	0	1	0	0	0	0	0	0	0	0	0	0	0	0	0	0	0	0
OTU1441	0	0	0	0	0	0	1	0	0	0	0	0	0	0	0	0	0	0	0	0	0	0	0	0	0	0	0	0	0	0	0	0	0	0	0	0	0	0	0	0	1	0	0	0	40	0	0	4	0	1	0	0	0	0	0	0	8	2	1	0	0	0	0	0	0	0	0	0	0	3	0	0	5	3	0	0	0	1	0	0	0	0	0	0	0	0	0	0	0	1	0	0	0	0	1	0	46	0	0	0	0	2
OTU1442	0	0	0	0	0	0	0	0	0	0	0	0	0	0	0	0	0	0	0	0	0	1	0	0	0	0	0	0	0	0	0	0	0	0	0	0	0	0	0	0	0	0	0	0	0	0	0	0	0	0	0	0	0	0	0	0	0	0	0	0	82	0	0	0	0	0	0	0	0	0	0	0	0	0	0	0	0	0	0	0	0	0	1	0	0	0	0	0	0	0	0	0	0	0	0	0	0	0	0	0	0	0
OTU1443	0	0	0	0	0	0	0	0	0	0	0	0	0	0	0	0	0	0	0	0	0	0	0	0	2	0	0	0	0	0	0	0	1	78	0	0	0	0	0	0	0	0	0	0	0	1	0	0	0	0	0	0	0	0	0	3	3	1	1	0	100	0	0	68	0	21	2	1	1	0	0	0	0	0	0	0	0	1	0	0	0	0	0	0	0	20	0	0	1	0	7	0	5	2	0	3	0	20	1	0	0	0
OTU1444	0	0	0	0	0	0	0	1	2	0	7	0	0	0	0	0	0	0	0	0	0	0	0	6	0	0	0	0	0	0	0	0	0	0	0	0	0	0	143	0	0	10	4	0	0	0	0	0	0	0	0	0	7	2	0	0	0	0	0	0	0	0	0	0	0	0	0	0	0	3	0	7	0	1	0	0	1	0	0	0	0	3	0	0	0	2	0	0	0	0	0	0	0	0	0	0	0	0	0	0	0	0
OTU1445	0	0	0	0	0	0	0	0	0	0	1	0	2	0	0	0	0	0	0	0	0	0	0	0	0	0	0	0	0	11	0	2	0	0	0	0	0	0	0	0	0	0	0	13	0	0	0	18	0	0	0	0	0	0	5	7	4	5	12	0	0	0	0	0	0	0	0	0	1	0	0	0	0	7	0	2	0	0	0	0	0	11	0	0	0	0	0	0	0	0	0	0	0	1	4	3	0	0	0	0	0	0
OTU1446	0	0	0	0	0	0	0	0	0	0	0	0	1	4	0	0	0	0	0	0	0	0	0	0	0	0	0	0	0	3	0	0	0	0	0	0	0	0	0	0	0	0	0	0	0	5	0	0	0	4	0	1	7	0	1	18	2	8	0	0	0	0	0	0	0	0	0	0	0	6	10	0	0	0	121	0	0	0	0	0	4	0	0	0	0	0	0	0	0	4	0	0	0	0	0	0	0	0	0	0	1	1
OTU1447	0	0	0	0	0	0	0	0	0	0	0	4	1	0	0	0	99	0	0	0	0	0	0	1	0	0	0	0	0	0	0	0	0	0	0	0	0	3	25	1	0	0	0	0	1	0	0	0	0	0	0	0	0	0	0	0	3	0	0	0	0	0	0	1	0	0	0	0	0	0	0	0	0	1	0	0	0	0	0	0	0	0	0	0	0	0	0	0	0	1	11	0	0	0	2	0	0	0	0	0	0	0
OTU1448	0	0	0	0	0	0	0	0	0	0	0	0	0	3	0	0	0	0	0	0	0	0	0	0	0	0	0	0	0	1	0	0	0	0	0	0	8	2	3	0	1	4	0	0	0	0	0	0	4	4	11	9	2	0	0	0	4	0	2	0	0	0	0	0	0	0	10	8	3	16	32	6	0	0	3	0	9	3	1	0	0	1	1	1	0	0	0	8	0	2	0	0	0	8	2	0	0	0	3	21	5	1
OTU1449	0	0	0	0	0	0	0	0	0	0	0	0	0	0	0	0	0	0	0	0	0	0	0	0	0	0	0	0	0	0	0	0	0	4	0	0	0	0	0	0	0	0	0	0	0	0	0	0	0	0	0	0	0	0	2	0	0	0	0	0	0	0	0	0	81	0	3	9	6	0	0	0	0	0	0	0	0	0	0	0	0	0	0	0	0	0	0	0	0	0	0	0	0	0	0	0	0	0	13	0	0	0
OTU145	10	3	0	12	0	0	20	2	3	0	1	5	39	32	0	0	4	0	3	0	1	13	3	0	3	0	66	132	57	54	7	0	3	3	13	0	76	61	6	0	7	96	44	1	8	30	7	10	3031	58	0	253	326	2	26	44	76	112	10	13	1	3	0	1	0	1	19	173	3	10	0	1	10	58	117	40	1	2	99	29	1036	197	119	37	64	0	6	2	271	92	40	28	12	47	24	41	3	0	57	157	147	84
OTU1450	0	0	0	0	0	0	0	1	0	0	1	0	1	0	0	0	0	0	0	0	0	0	0	0	0	0	0	0	0	0	0	0	0	109	0	0	0	1	0	0	0	0	0	0	0	5	0	0	0	0	0	0	1	0	0	0	0	2	0	0	0	0	0	59	1	32	0	0	1	0	0	0	0	0	0	0	0	0	0	0	0	0	0	0	0	31	0	0	0	0	0	0	12	3	0	1	0	36	22	1	1	0
OTU1451	0	0	0	0	0	0	0	0	0	0	0	0	0	0	0	0	0	0	0	0	0	1	2	0	0	0	0	0	0	0	0	0	0	88	0	0	0	0	0	0	0	0	0	0	0	4	0	0	0	0	0	0	0	0	0	0	0	0	0	0	0	0	0	11	0	8	1	0	0	0	0	0	0	0	0	0	0	0	0	0	0	0	0	0	0	4	0	0	0	0	0	0	0	0	0	0	0	5	0	0	0	0
OTU1452	0	0	0	0	0	0	0	0	0	0	0	0	0	0	0	0	0	0	0	0	0	0	0	0	0	0	0	0	0	0	0	0	0	0	0	0	0	0	0	0	0	0	0	0	0	0	0	0	0	0	0	0	0	0	1	0	0	0	0	0	0	0	0	0	53	0	25	34	0	0	0	0	0	0	0	0	0	0	0	0	0	0	0	0	0	0	0	0	0	0	0	0	0	0	0	0	0	0	0	0	0	0
OTU1453	0	0	0	0	0	0	0	0	0	0	0	0	0	0	0	0	0	0	0	0	0	0	0	0	0	0	0	0	0	0	0	0	0	0	1	0	0	0	0	0	0	0	0	0	0	0	0	0	0	0	0	0	0	0	0	0	0	0	0	0	39	0	0	38	1	14	0	0	2	0	0	0	0	0	0	0	0	0	0	0	2	0	0	0	0	7	0	0	3	0	0	0	6	0	0	0	0	13	0	0	0	0
OTU1454	0	0	0	0	0	0	0	0	0	0	1	0	0	0	0	0	0	0	0	0	0	0	2	0	0	0	0	0	0	0	0	0	1	170	4	2	0	0	0	0	0	0	0	0	0	5	0	0	0	0	0	0	1	0	0	8	3	0	0	0	48	0	0	130	1	49	8	1	0	0	0	0	0	1	0	1	0	0	0	0	0	0	0	0	0	42	0	0	0	1	0	2	40	1	1	1	1	94	1	0	0	0
OTU1455	0	0	0	0	0	0	0	0	0	0	19	0	0	0	1	0	4	0	0	0	0	5	0	0	0	0	3	0	0	0	0	0	0	0	0	0	129	0	0	0	0	0	0	0	0	1	0	0	0	6	0	31	0	0	0	0	2	0	0	6	0	0	0	0	0	0	0	0	0	0	0	2	1	9	0	0	233	1	2	0	0	63	0	0	0	0	2	3	0	0	0	3	1	0	0	0	0	0	0	0	0	2
OTU1456	0	0	0	0	0	0	0	0	0	0	2	0	0	0	0	0	0	0	0	0	0	0	0	0	0	0	0	0	0	0	0	0	0	44	0	0	0	0	0	0	0	0	0	0	0	0	0	0	0	0	0	0	0	0	0	2	0	0	0	0	0	0	0	49	0	18	0	1	0	0	0	0	0	0	0	0	0	0	0	0	0	0	0	0	0	14	0	0	0	0	0	0	7	0	0	0	0	15	0	0	2	0
OTU1457	0	0	0	0	0	0	0	0	0	0	3	0	2	2	0	0	0	0	0	0	0	0	0	1	0	0	0	0	0	0	0	0	0	0	0	0	0	2	76	0	10	0	0	0	0	2	0	0	0	0	0	0	0	9	0	0	2	0	0	2	0	0	0	0	0	0	0	0	0	1	2	0	0	3	0	14	14	4	0	0	0	3	0	0	0	1	0	0	0	0	0	0	0	0	0	0	0	0	0	0	0	0
OTU1458	0	0	0	0	0	0	0	0	0	0	0	0	0	1	0	0	0	0	0	0	1	0	2	0	0	0	0	0	0	0	0	0	0	0	0	0	0	7	17	0	0	0	10	5	0	6	0	0	4	0	4	6	2	0	2	6	4	0	0	0	0	0	0	0	0	0	0	0	0	2	0	7	0	6	2	0	1	0	0	0	0	13	0	0	1	0	0	1	3	3	0	0	0	0	0	0	1	0	0	0	0	0
OTU1459	1	0	0	1	0	0	0	1	0	0	0	0	3	4	0	0	0	0	0	0	0	0	0	0	1	0	2	21	3	0	6	0	0	0	0	0	5	5	0	0	2	22	9	7	9	13	15	5	18	53	8	15	30	7	8	3	8	2	2	0	0	0	0	0	43	0	82	4	6	10	0	7	47	15	1	0	0	2	19	0	3	5	12	4	7	1	8	5	11	10	1	6	0	1	3	7	1	0	0	0	0	0
OTU146	0	9	0	5	0	0	0	1	15	183	3	49	12	21	1	0	0	0	1	0	5	1	2	1472	4	0	1	74	7	8	4	7	12	93	1	6	14	10	51	0	2	41	20	90	348	107	2	357	7	19	105	26	28	1	282	233	491	92	141	24	119	5	4	21	319	38	612	13	298	0	149	31	22	63	0	4	6	9	129	0	17	763	410	441	72	23	8	2	5	65	2	6	31	21	16	29	298	24	204	24	236	70
OTU1460	0	2	0	0	0	0	0	0	0	0	0	0	0	0	0	0	0	0	0	0	0	0	0	0	0	0	2	0	0	0	0	0	0	0	0	0	0	0	0	0	1	0	0	4	0	0	0	5	0	3	0	25	21	0	0	0	2	0	0	0	0	0	0	0	0	0	0	0	1	0	0	0	19	2	0	0	2	0	0	0	0	0	5	0	0	0	7	0	0	1	2	0	0	0	0	0	0	0	0	0	0	0
OTU1461	0	0	0	0	0	0	0	0	1	0	0	0	0	0	0	0	0	0	0	0	0	0	0	0	0	0	0	43	3	9	0	0	0	0	0	0	1	0	0	0	2	0	0	0	3	2	0	0	9	5	0	1	1	0	5	5	11	7	5	0	0	0	0	0	0	0	0	0	2	5	0	0	0	3	1	0	0	5	2	0	2	2	1	0	2	0	0	0	16	4	0	0	3	24	4	9	10	0	1	0	1	0
OTU1462	0	0	0	0	0	0	0	0	0	0	0	0	0	0	0	0	0	0	0	0	0	0	0	0	0	0	0	1	0	0	1	0	0	0	0	0	0	0	0	0	2	0	0	0	0	0	0	0	0	8	0	0	8	0	0	0	1	1	1	0	0	0	0	0	0	0	0	0	0	0	13	1	4	3	2	0	0	0	0	0	1	2	0	0	0	0	15	3	0	2	17	3	0	0	6	3	0	0	0	0	0	0
OTU1463	0	0	0	0	0	0	0	0	0	0	0	0	0	0	0	0	0	0	0	0	0	0	1	0	0	1	0	2	0	0	0	0	0	0	0	1	5	0	0	0	4	1	0	0	0	0	0	0	2	0	0	1	0	0	0	0	0	1	4	0	0	0	0	0	26	0	5	18	14	0	0	0	0	2	0	0	0	0	0	29	1	1	0	0	0	0	0	0	0	1	0	0	0	3	0	0	0	1	0	0	1	0
OTU1464	0	0	0	0	0	0	1	0	0	0	0	0	0	0	0	0	0	0	0	0	0	0	0	0	0	0	0	0	1	0	0	0	0	0	0	0	0	0	0	0	0	0	0	0	0	0	0	0	0	0	0	0	0	0	0	0	4	0	0	0	0	0	0	24	0	59	4	0	0	0	0	0	0	0	0	0	0	0	0	0	0	0	0	0	0	13	0	0	0	0	0	0	7	0	0	0	0	30	0	0	2	0
OTU1465	0	0	0	0	0	0	0	0	0	0	0	0	0	0	0	0	0	0	0	0	0	0	0	0	0	0	0	0	0	0	0	0	0	0	0	0	0	0	0	0	0	0	0	0	0	0	0	0	0	0	0	0	0	0	0	0	0	0	0	0	0	0	0	0	0	0	1	0	0	0	0	0	0	0	0	0	0	0	0	0	0	0	0	0	0	0	0	0	0	0	0	0	0	6	0	0	0	0	47	20	13	9
OTU1466	0	0	0	0	0	0	1	0	0	0	0	0	0	0	0	0	0	0	1	0	0	0	0	0	0	0	0	0	0	0	0	3	1	0	3	0	0	0	0	0	0	0	0	0	0	0	0	0	0	0	0	0	0	0	0	0	0	0	0	0	0	0	1	0	0	0	2	0	0	0	0	0	0	0	0	0	0	0	0	0	0	0	0	0	0	0	0	0	0	0	0	0	0	0	0	6	6	0	48	0	128	55
OTU1467	0	0	0	0	0	0	0	0	2	0	0	0	1	1	0	0	0	0	0	0	0	0	0	0	0	0	0	1	0	0	0	0	0	0	0	0	0	0	0	0	2	2	0	0	0	2	0	0	0	12	0	8	0	0	0	3	1	1	0	0	0	0	0	1	0	0	0	0	0	0	0	13	0	10	0	0	0	19	1	0	1	0	12	0	0	2	0	0	0	3	0	2	0	0	0	0	0	0	0	0	0	0
OTU1468	0	0	0	1	0	0	0	0	0	0	2	0	0	0	0	0	0	0	0	0	0	0	0	0	0	0	0	0	0	0	0	0	0	0	0	0	0	0	0	0	0	0	0	0	0	1	3	4	0	7	0	0	0	0	0	3	10	0	0	0	0	0	0	0	0	0	0	0	0	0	0	0	0	0	0	0	0	0	0	0	0	0	0	11	12	4	3	0	0	0	0	0	0	66	1	3	0	0	0	0	0	0
OTU1469	0	0	0	0	0	0	0	0	0	0	0	0	4	0	0	0	0	0	0	0	0	0	0	0	0	0	0	0	0	3	0	0	0	0	0	0	0	4	0	0	0	0	0	0	0	0	0	2	62	0	0	19	3	0	0	0	0	0	0	0	0	0	0	0	0	0	0	0	0	0	0	0	0	3	0	0	0	0	0	0	6	0	0	0	0	0	0	0	7	0	0	0	0	2	0	0	0	0	0	0	0	0
OTU147	115	5	0	3	0	0	0	5	23	0	7	4	34	92	0	0	0	1	0	0	0	4	0	1	37	0	1	22	3	8	2	0	0	1	0	5	4	4	171	1	432	46	5	26	3	28	10	31	50	138	1	33	148	107	30	13	95	33	39	7	15	0	0	0	0	3	4	3	1	13	3	17	76	87	3	30	11	10	1534	1	29	194	62	6	95	50	5	3	11	1530	3	898	119	33	4	33	14	2	1	0	0	6
OTU1470	0	0	0	0	0	0	0	0	0	0	0	0	1	4	0	0	0	0	0	0	0	0	0	0	0	0	0	1	0	0	0	0	0	0	0	0	0	0	0	0	0	0	0	0	0	0	0	0	0	0	0	0	2	0	0	0	3	2	0	0	0	0	0	0	0	0	0	0	0	0	0	0	0	4	0	15	0	0	0	0	0	0	0	0	0	0	112	1	0	3	0	0	0	0	0	0	0	0	0	0	0	0
OTU1471	0	0	0	0	0	0	0	0	0	0	0	0	0	2	0	0	112	0	0	0	0	0	0	0	0	0	0	0	0	0	0	0	0	0	0	0	0	0	0	0	0	0	0	0	0	0	0	0	0	0	0	0	0	0	0	1	0	0	0	0	0	0	0	0	0	0	0	0	0	0	0	0	0	2	0	0	0	0	0	0	1	0	0	0	0	0	0	1	0	0	0	0	0	0	0	0	0	0	0	0	0	0
OTU1472	0	0	0	0	0	0	0	0	0	0	0	0	0	0	0	0	0	0	0	0	0	0	0	0	0	0	0	0	0	0	0	0	0	58	0	0	0	0	0	0	0	0	0	0	0	0	0	0	0	0	0	0	0	0	0	0	0	0	0	0	0	0	0	19	0	6	0	0	0	0	0	0	0	0	0	0	0	0	0	0	0	0	0	0	0	7	0	0	0	0	0	0	1	0	0	0	0	16	0	0	2	0
OTU1473	0	0	0	0	0	0	0	0	0	0	0	1	0	1	0	0	0	0	0	0	0	0	2	0	0	0	0	0	0	0	0	0	0	95	0	0	0	0	0	0	0	0	0	0	0	3	0	0	0	0	0	0	1	0	0	2	0	5	0	0	0	0	0	44	0	27	1	0	0	0	0	0	0	0	0	0	0	0	0	0	0	0	0	0	0	12	0	0	0	0	0	0	3	0	0	0	0	19	0	0	1	0
OTU1474	0	0	0	0	0	0	0	0	0	0	0	0	0	0	0	0	0	0	0	0	0	0	0	0	0	0	0	0	0	0	0	0	0	78	0	0	0	0	0	0	0	0	0	0	0	0	0	0	0	0	0	0	0	0	0	0	0	0	0	0	0	0	0	4	0	5	1	1	0	0	0	0	0	0	0	0	0	0	0	0	0	0	0	0	0	4	0	0	0	0	0	0	6	1	0	0	0	5	2	0	0	0
OTU1475	0	0	0	0	0	0	0	0	0	0	1	0	0	0	0	0	0	0	0	0	0	0	4	0	0	0	0	0	0	0	0	0	0	72	0	0	0	0	0	0	0	0	0	0	0	5	0	0	0	0	0	0	0	0	0	3	0	0	0	0	41	0	0	18	0	24	2	1	0	0	0	0	0	0	2	0	0	0	0	0	2	0	0	0	0	12	0	0	0	0	0	0	4	0	0	0	0	16	0	0	2	0
OTU1476	0	0	0	0	0	0	0	0	0	0	0	0	0	0	0	0	0	0	0	0	0	0	0	0	0	0	0	0	0	0	0	0	0	3	0	0	0	0	0	0	0	0	0	0	0	0	0	0	0	0	0	0	0	0	0	0	0	0	0	0	0	0	0	0	0	0	0	0	0	0	0	0	0	0	0	0	0	0	0	0	0	0	0	0	0	0	0	0	0	0	0	0	0	0	0	0	0	0	17	66	0	0
OTU1477	0	0	0	0	0	0	0	1	0	0	0	0	0	4	0	0	0	0	0	0	0	0	0	0	0	0	5	0	0	0	0	0	0	0	0	0	0	0	0	0	1	0	0	0	2	1	11	0	2	1	3	0	3	6	0	5	5	6	1	1	0	0	0	1	8	0	24	1	11	0	1	2	0	1	0	1	0	0	0	0	4	14	2	0	2	0	0	0	0	3	0	0	0	0	1	0	0	0	3	18	2	2
OTU1478	0	0	0	0	0	0	0	0	0	0	0	0	0	0	0	0	0	0	0	2	0	0	0	0	0	0	0	1	0	0	0	0	0	0	4	0	0	0	0	0	0	0	0	0	0	0	0	4	2	1	0	0	2	0	0	0	6	4	12	0	0	0	0	0	5	0	1	0	30	0	0	0	0	0	0	0	0	0	0	0	0	0	8	2	11	10	0	0	0	6	0	0	0	27	3	0	0	0	20	0	3	0
OTU1479	0	0	0	2	0	0	0	0	0	0	1	0	1	1	0	0	0	0	0	0	26	0	0	3	2	0	0	0	3	0	0	0	0	80	0	0	0	0	0	0	0	0	0	0	0	1	0	0	0	0	0	0	0	0	0	0	4	1	0	0	0	0	0	80	0	19	3	0	0	0	0	0	0	0	0	0	0	0	1	0	0	0	0	0	0	17	0	0	0	4	0	0	18	0	0	0	0	38	0	0	0	0
OTU148	10	9	0	3	0	0	7	3	28	0	42	2	21	28	0	0	0	0	3	0	7	12	19	19	11	5	1	50	53	20	18	0	0	0	13	2	327	549	591	0	493	129	79	5	6	23	3	5	65	57	122	54	137	41	19	12	98	25	53	0	0	0	0	0	0	0	0	8	38	403	660	251	52	75	56	181	855	179	165	120	106	4	18	1	19	21	253	288	177	100	97	77	30	20	5	21	3	0	2	0	5	0
OTU1480	0	0	0	0	0	0	0	0	0	0	0	0	0	1	0	0	0	0	0	0	0	0	0	0	0	0	0	2	0	9	0	0	0	0	2	0	0	0	0	0	0	0	0	20	0	0	0	2	0	0	0	0	1	0	0	2	0	2	0	0	0	0	0	0	6	0	0	0	7	0	0	0	0	1	0	0	0	0	0	0	1	1	0	1	0	0	0	0	0	0	0	0	1	2	1	2	1	0	26	6	4	3
OTU1481	0	0	0	0	0	0	0	0	0	0	0	0	0	0	0	0	0	0	0	0	0	0	0	0	0	0	0	1	0	0	0	0	0	0	0	0	0	0	0	0	0	0	0	0	0	0	0	18	0	0	0	0	0	0	0	0	16	2	0	1	0	0	0	0	0	0	1	0	0	0	0	0	0	0	0	0	0	0	0	0	0	27	20	5	0	0	0	0	0	0	0	0	0	0	0	1	0	1	0	0	8	1
OTU1482	0	0	0	0	0	1	0	0	0	0	0	0	0	0	0	0	0	0	0	0	0	0	0	0	0	0	0	0	0	0	0	0	0	5	0	0	0	0	0	0	0	0	0	0	0	0	0	0	0	0	0	0	0	0	0	0	0	0	0	0	0	0	0	0	1	0	0	0	0	0	0	0	0	0	0	0	0	0	0	0	0	0	0	0	0	0	0	0	0	0	0	0	0	0	3	0	0	0	0	106	0	1
OTU1483	0	0	0	0	0	0	0	0	0	0	0	0	0	0	0	0	0	0	0	0	0	0	0	0	0	0	0	0	0	0	0	0	0	88	0	0	0	0	0	0	0	0	0	0	0	5	0	0	0	0	0	0	0	0	0	0	0	0	0	0	9	0	0	4	0	0	0	0	0	0	0	0	0	0	0	0	0	0	0	0	0	0	0	0	0	1	0	0	0	0	0	0	0	0	0	0	0	5	0	0	0	0
OTU1484	0	0	0	0	0	0	0	0	0	0	0	0	0	0	0	0	0	0	0	0	0	0	0	0	0	0	0	0	0	0	0	0	0	0	0	0	0	0	0	0	0	0	0	0	0	0	0	0	0	0	0	0	0	0	0	0	0	0	0	0	96	0	0	8	0	4	0	0	0	0	0	0	0	0	0	0	0	0	0	0	0	0	1	0	0	2	0	0	0	0	0	0	0	0	0	0	0	5	0	0	0	0
OTU1485	0	0	0	0	0	0	0	2	0	0	0	0	0	0	0	0	0	0	0	0	0	0	3	0	0	0	0	0	0	0	0	0	0	0	0	0	0	0	0	0	0	0	0	0	0	0	0	0	0	0	0	0	0	0	0	0	0	1	0	0	2	0	0	0	21	0	32	21	137	0	0	0	0	0	0	0	0	0	0	0	0	0	0	0	0	0	0	0	0	0	0	0	0	1	0	0	0	0	27	0	21	0
OTU1486	0	0	0	0	0	0	0	2	0	0	0	0	0	0	0	0	0	0	0	0	0	0	0	0	0	0	0	0	0	0	0	0	0	0	0	0	0	0	0	0	0	0	0	0	0	0	0	0	0	0	0	0	0	0	0	0	0	0	0	0	0	0	0	3	6	0	0	0	60	0	0	0	0	0	0	0	0	0	0	0	0	0	0	0	0	0	0	0	0	0	0	0	0	0	0	0	0	5	24	2	15	0
OTU1487	0	1	0	0	0	0	0	0	0	0	0	0	0	0	0	0	0	0	0	0	0	0	0	0	0	0	0	0	0	0	0	0	0	0	0	0	0	0	0	0	0	0	0	0	0	0	0	0	0	0	0	0	0	0	0	0	0	0	1	0	0	0	0	0	3	0	2	3	78	0	0	0	0	0	0	0	0	0	0	0	0	0	0	0	0	0	0	0	0	0	0	0	0	0	0	0	0	0	0	0	9	2
OTU1488	0	3	0	0	2	0	0	0	0	0	54	0	0	0	0	0	5	0	0	0	0	5	0	0	0	0	0	0	0	0	0	0	0	0	0	0	319	0	0	0	0	6	0	0	6	1	0	0	0	4	0	55	0	0	2	3	0	1	1	13	0	0	0	0	0	0	0	0	0	1	0	0	6	17	0	0	560	6	0	3	3	338	1	0	0	0	5	15	0	0	2	5	0	2	0	1	0	0	0	0	0	0
OTU1489	0	0	0	0	0	0	0	0	0	0	0	0	0	0	0	0	0	0	0	0	0	0	0	0	0	0	0	0	0	0	0	0	0	0	0	0	0	0	0	0	0	0	0	0	0	0	0	0	0	0	0	0	0	0	0	0	0	0	0	3	0	0	0	0	0	0	0	0	0	0	0	0	0	0	0	0	1	0	0	0	0	191	0	0	0	0	0	0	0	0	0	0	0	0	0	0	0	0	0	0	0	0
OTU149	45	14	3	4	0	0	4	8	11	1	31	7	26	28	0	0	0	0	2	0	0	1	11	12	0	0	0	24	4	6	11	0	1	0	7	0	244	640	530	1	8	130	127	7	4	22	17	6	218	68	42	114	206	37	8	15	109	34	69	0	0	0	0	0	0	0	2	1	4	207	214	303	136	99	118	28	567	162	66	98	104	6	14	0	8	11	193	179	352	92	438	396	103	12	17	19	13	1	4	7	0	0
OTU1490	0	0	0	1	0	0	0	0	0	0	3	0	0	2	0	0	0	0	0	0	0	0	0	0	0	0	0	0	0	0	0	0	0	0	0	0	1	0	0	0	0	0	0	0	0	0	0	2	0	0	0	0	3	0	0	0	4	0	22	0	1	0	0	1	0	0	0	0	0	0	0	0	0	0	0	0	0	0	0	0	0	0	19	0	5	48	0	0	0	2	0	0	1	11	0	0	0	0	0	0	0	0
OTU1491	1	0	0	0	0	0	0	0	0	0	5	0	0	0	0	0	0	0	0	0	0	0	0	1	0	0	0	9	23	0	1	0	0	0	0	0	0	0	80	0	0	0	0	0	0	0	2	0	0	0	0	0	3	0	0	0	2	0	0	0	0	0	0	0	0	0	0	2	0	3	0	3	0	2	0	1	4	17	0	5	0	0	0	2	0	3	0	0	2	1	0	0	0	0	0	0	0	0	0	0	0	0
OTU1492	0	0	0	0	0	0	0	0	0	0	0	1	3	2	1	0	0	0	0	0	0	0	0	0	0	0	0	0	0	2	0	0	0	0	0	0	1	0	4	0	0	0	0	0	0	0	1	0	0	0	0	0	0	0	1	0	18	3	0	0	0	0	0	0	0	0	0	0	0	0	0	0	1	2	0	1	19	7	0	0	2	2	0	5	0	0	0	3	5	0	0	0	0	4	0	0	0	0	0	0	0	0
OTU1493	0	0	0	0	0	0	0	0	0	0	0	0	2	0	0	0	0	0	0	0	0	0	0	0	0	0	0	12	1	0	0	0	0	0	0	0	0	0	0	0	0	0	0	5	0	1	0	0	0	0	0	0	4	0	1	0	5	4	0	0	0	0	0	0	0	0	0	0	0	0	0	0	0	0	0	0	0	5	0	0	1	0	19	49	0	0	0	0	0	4	0	0	0	0	1	0	0	0	0	0	0	0
OTU1494	0	0	0	0	0	0	0	0	0	0	0	0	1	1	0	0	0	0	0	0	0	0	0	0	0	0	0	0	0	0	0	0	0	0	0	0	0	0	0	0	0	0	0	0	0	0	0	0	0	0	0	0	0	0	0	0	1	0	0	0	0	0	0	0	0	0	0	0	0	0	1	0	0	0	0	0	0	0	0	0	0	0	0	0	0	0	108	0	0	0	0	0	0	0	0	0	0	0	0	0	0	0
OTU1495	1	0	0	0	0	0	0	0	0	0	0	0	5	2	0	0	0	0	0	0	0	0	0	0	0	0	0	0	0	0	0	0	0	0	0	0	0	0	0	0	1	0	0	0	0	0	79	0	0	0	0	0	0	0	1	0	3	3	0	0	0	0	0	0	0	0	0	0	0	0	0	0	0	0	0	0	0	0	0	0	0	0	0	0	0	0	0	0	0	1	0	0	0	0	0	0	3	0	0	0	0	0
OTU1496	0	0	0	0	0	0	0	0	0	0	0	0	0	1	0	0	0	0	0	0	0	0	0	0	0	0	0	2	0	6	0	0	0	0	0	2	0	0	0	0	2	0	0	0	0	0	0	0	9	0	3	31	1	0	0	0	0	3	23	0	0	0	0	0	0	0	0	0	0	0	0	0	0	1	0	0	0	0	0	0	0	0	5	6	0	0	0	0	0	1	0	7	0	1	10	9	0	0	0	0	0	0
OTU1497	0	0	0	0	0	0	0	0	0	0	0	0	0	0	0	0	0	0	0	0	67	0	0	0	0	0	0	0	0	0	0	0	0	0	0	0	0	0	0	0	0	0	1	0	0	0	0	0	0	0	0	0	0	0	0	0	0	0	0	0	0	0	0	9	0	8	0	0	0	0	0	0	0	0	0	0	0	0	0	0	0	0	0	0	0	0	0	0	0	0	0	0	1	0	0	0	0	8	0	0	0	0
OTU1498	0	0	0	0	0	0	0	0	0	0	0	0	1	0	0	0	0	0	0	0	0	0	0	0	0	0	0	24	0	0	0	0	0	0	0	0	0	0	0	0	0	0	0	0	0	9	0	0	0	0	0	2	0	0	0	6	0	0	0	0	0	0	0	0	0	0	67	25	0	0	0	0	0	0	0	0	2	0	0	0	0	0	0	0	0	0	0	0	0	0	0	0	0	0	0	0	0	0	0	0	0	0
OTU1499	0	0	0	0	0	0	0	0	0	0	0	0	0	0	0	0	0	0	0	0	0	0	0	0	0	0	0	0	0	0	0	0	0	1	0	0	0	0	0	0	0	0	0	0	0	0	0	0	0	0	0	0	0	0	0	0	0	0	0	1	0	0	0	0	0	0	0	0	0	0	0	0	0	0	0	0	0	0	0	0	0	0	0	0	0	0	0	0	0	0	0	0	0	0	2	0	0	0	0	86	3	0
OTU15	32	51	1	29	0	1	47	18	118	5	25	175	375	399	16	0	0	1	91	3	41	42	15	7	55	7	1582	2501	1307	2785	3176	21	86	86	67	21	864	130	125	3	680	2946	799	472	2059	454	379	396	330	733	789	1193	1288	313	784	747	3452	776	1003	18	55	42	14	65	47	24	437	148	134	329	471	1991	768	1254	1275	342	426	203	1416	169	451	658	1087	1810	876	176	334	98	342	987	351	250	313	1439	406	742	5528	31	3039	2624	1539	3985
OTU150	0	2	0	1	0	0	0	0	0	0	9	0	81	108	0	0	0	0	0	0	0	0	0	0	0	0	1	54	10	19	2	0	0	0	0	0	4	2	6	0	2	2	8	1	9	3	6	33	6	0	4	10	161	5130	1	8	253	86	27	0	2	0	0	2	0	0	8	0	3	16	1	14	3	108	1	1	3	4	0	0	35	9	30	9	35	12	9	7	6	93	1	6	11	13	12	8	5	0	0	0	0	0
OTU1500	0	0	0	0	0	0	0	0	0	0	0	0	0	0	0	0	0	0	0	0	0	0	0	0	0	0	0	0	0	0	0	0	1	84	0	0	0	0	0	0	0	0	0	0	0	0	0	0	0	0	0	0	0	0	0	0	0	0	0	0	0	0	0	0	0	0	2	0	0	0	0	0	0	0	0	0	0	0	0	0	0	0	0	0	0	0	0	0	0	0	0	0	0	0	0	0	0	5	0	0	0	0
OTU1501	0	0	0	0	0	0	0	0	0	0	0	0	0	0	0	0	0	0	0	0	0	0	0	0	0	0	0	0	0	0	0	0	0	90	0	3	0	0	0	0	0	0	0	0	0	1	0	0	0	0	0	0	0	0	0	0	0	1	0	0	0	0	0	1	0	1	2	0	0	0	0	0	0	0	0	0	0	0	0	0	0	0	0	0	0	0	0	0	0	0	0	0	0	0	0	0	0	4	0	0	1	0
OTU1502	0	0	0	0	0	0	0	0	0	0	26	0	0	0	0	0	2	0	0	0	0	17	0	1	0	0	0	0	0	0	0	0	2	1	0	0	125	0	0	0	0	4	0	0	0	0	0	0	0	12	0	27	2	0	0	0	0	1	0	18	0	0	0	0	0	0	0	0	0	0	0	0	4	3	0	0	182	8	2	0	0	77	0	0	0	0	0	3	0	1	0	6	0	0	0	0	0	0	0	0	0	0
OTU1503	0	0	0	0	0	0	0	0	0	0	0	0	0	0	0	0	0	0	0	0	0	0	0	0	0	0	0	0	0	0	0	0	0	0	0	0	0	0	0	0	0	0	0	0	0	0	0	0	0	0	0	0	0	0	0	0	0	0	0	4	107	0	0	4	0	0	0	0	1	0	0	0	0	0	0	0	0	0	0	0	0	0	4	0	0	0	0	0	0	0	0	0	0	0	0	0	0	0	0	0	0	0
OTU1504	0	0	0	0	0	0	1	0	0	0	0	0	0	0	0	0	0	0	0	0	0	0	0	0	0	0	0	0	0	0	0	1	0	0	0	1	0	0	0	0	0	0	0	0	0	0	0	27	0	0	0	1	0	0	0	0	6	0	0	0	3	0	0	0	0	0	0	2	0	0	0	1	2	0	0	0	0	0	0	0	0	0	2	0	0	0	0	0	0	0	0	0	0	0	0	4	0	0	0	1	83	0
OTU1505	0	3	0	0	0	0	0	0	0	0	0	0	0	1	0	0	0	0	0	0	0	0	0	0	0	0	0	1	6	0	0	0	0	0	0	0	5	0	0	0	1	0	0	2	1	3	0	0	0	8	2	0	0	0	11	0	23	0	9	0	0	0	0	0	0	0	0	0	0	0	0	0	5	0	0	0	0	0	5	4	0	7	0	0	0	0	0	0	3	2	0	3	0	2	0	0	1	0	0	0	0	0
OTU1506	0	0	0	0	0	0	0	1	0	0	0	0	0	0	0	0	9	0	0	0	0	0	0	0	0	0	0	0	0	0	4	0	0	0	0	2	0	0	0	0	0	0	0	0	0	0	0	1	0	0	0	0	0	0	0	5	0	4	0	0	0	0	0	0	6	0	4	66	67	0	0	0	0	0	0	0	0	0	0	0	1	0	0	0	2	0	0	0	0	0	0	0	0	0	0	0	0	0	0	0	3	0
OTU1507	0	0	0	0	0	0	0	0	0	0	1	12	0	0	0	0	0	0	0	0	0	0	0	0	0	0	0	0	0	0	0	0	0	0	0	0	0	0	13	0	1	0	1	4	0	10	0	0	0	1	0	0	4	0	0	11	103	0	0	0	0	0	0	0	0	0	0	0	0	0	0	0	35	0	0	0	0	0	0	0	0	0	2	0	0	0	0	0	0	5	0	0	0	0	0	0	0	0	0	0	0	0
OTU1508	0	0	0	0	0	0	0	0	0	0	2	0	2	6	0	0	0	0	0	0	0	0	0	0	0	0	0	0	0	0	0	0	0	0	0	0	0	0	0	0	0	0	0	0	0	0	6	8	0	0	5	0	1	6	0	0	5	0	1	0	0	0	0	0	1	0	4	0	5	0	0	3	4	4	0	0	0	1	0	0	0	2	0	4	0	0	0	0	0	12	4	0	1	3	4	0	0	0	4	0	0	3
OTU1509	0	0	0	0	0	0	0	0	0	0	0	0	0	2	0	0	0	0	0	0	0	0	0	0	0	0	1	36	26	11	0	0	0	0	0	0	0	0	0	0	0	0	3	1	0	0	10	1	0	0	0	0	0	0	2	0	6	1	0	0	0	0	0	0	0	0	0	0	0	3	0	0	0	1	0	0	0	0	0	0	3	0	0	0	0	0	0	0	0	0	0	0	0	0	0	1	0	0	0	0	0	0
OTU151	5	33	0	16	0	0	2	11	19	5	4	10	41	51	5	0	0	0	7	0	0	106	0	3	27	1	11	28	73	51	9	5	0	0	8	1	3181	8	191	0	125	294	24	5	12	38	20	77	320	33	103	349	1198	6	91	3	236	163	100	0	2	3	3	0	66	1	23	565	7	140	382	478	254	944	222	5	17	10	949	0	120	12	17	189	83	25	3	72	18	150	867	71	44	33	21	49	5	1	2	0	7	2
OTU1510	0	0	0	0	0	0	0	0	0	0	0	0	0	0	0	0	0	0	0	0	0	0	0	0	0	0	3	7	7	17	0	0	0	0	0	1	1	3	0	0	3	1	1	1	0	1	6	1	0	9	3	6	5	0	6	0	0	1	0	1	0	0	0	0	23	0	22	15	32	0	0	0	0	1	0	0	0	6	0	0	2	1	0	2	1	0	7	10	0	2	0	0	1	3	0	2	1	0	10	0	14	3
OTU1511	0	0	0	0	0	0	0	0	0	0	0	0	2	0	0	0	0	0	0	0	0	0	0	0	0	0	0	0	0	0	0	0	0	92	0	0	0	0	0	0	0	0	0	0	0	0	0	0	0	0	0	0	0	0	0	0	0	0	0	0	0	0	0	15	0	4	0	0	0	0	0	0	0	0	0	0	0	0	0	0	0	0	0	0	0	0	0	0	0	0	0	0	0	0	0	0	0	0	0	0	0	0
OTU1512	0	0	1	0	0	0	0	0	0	0	0	0	0	0	0	0	0	0	0	0	0	0	0	0	0	0	0	0	0	0	0	0	0	91	0	0	3	0	0	0	0	0	0	0	0	2	0	0	0	0	0	0	0	0	0	0	0	0	0	0	0	0	0	24	0	3	0	5	0	0	0	0	0	0	0	0	0	0	0	0	0	0	0	0	0	4	0	0	0	0	0	0	0	0	0	0	0	3	0	0	0	0
OTU1513	0	0	0	0	0	0	0	0	0	0	0	0	0	0	0	0	0	0	0	0	0	0	0	0	0	0	0	0	0	0	0	0	0	72	0	0	0	0	0	0	0	0	0	0	0	1	0	0	0	0	0	0	0	0	0	1	0	0	0	0	0	0	0	26	0	12	0	0	0	0	0	0	0	0	0	0	0	0	0	0	0	0	0	0	0	3	0	0	0	0	0	0	5	0	0	0	0	10	0	0	0	0
OTU1514	0	0	0	0	0	0	0	0	0	0	0	0	0	0	0	0	0	0	0	0	0	0	0	0	0	0	0	0	0	0	0	0	0	87	0	0	0	0	0	0	0	0	0	0	0	5	0	0	0	0	0	0	0	0	0	0	0	0	2	0	0	0	0	0	20	0	6	38	12	0	0	0	0	0	0	0	0	0	0	0	0	0	0	0	0	0	0	0	0	0	0	0	0	0	0	0	0	4	0	0	0	0
OTU1515	0	0	0	0	0	0	0	0	0	0	0	0	2	0	0	0	0	0	0	0	0	1	0	0	0	0	0	0	0	0	0	0	0	102	0	0	0	0	0	0	0	0	0	0	0	2	0	0	0	0	0	0	0	0	0	0	0	0	0	1	1	0	0	24	0	13	4	0	0	0	0	0	0	0	0	0	0	0	0	0	0	0	0	0	0	9	0	0	0	0	0	0	7	0	0	0	0	19	0	0	0	0
OTU1516	0	0	0	0	0	0	0	0	0	0	0	0	0	0	0	0	0	0	0	0	0	0	4	0	0	0	0	1	0	0	0	0	0	228	0	0	0	0	0	0	0	0	0	0	0	0	0	0	0	0	0	0	0	0	0	0	1	0	0	2	0	0	0	12	0	1	0	0	0	0	0	0	0	0	0	0	0	0	0	0	0	0	0	0	0	0	0	0	0	0	0	0	3	0	0	0	0	3	0	2	0	0
OTU1517	0	0	0	3	0	0	0	0	0	0	0	1	1	0	0	0	0	0	0	0	0	0	0	0	0	0	1	0	3	7	0	0	0	0	0	0	0	0	0	0	0	0	0	3	1	1	0	0	0	0	0	0	0	0	0	0	28	0	0	0	0	0	0	0	0	0	0	0	0	0	42	0	38	2	0	0	0	0	0	0	2	6	0	0	0	1	2	0	0	0	0	0	0	0	4	4	3	0	0	0	0	0
OTU1518	0	0	0	0	0	0	2	0	0	0	0	0	1	0	0	0	0	0	0	0	0	0	0	0	2	0	0	0	0	0	0	0	0	77	1	0	0	0	0	0	0	0	0	0	0	1	0	0	0	0	0	0	0	0	0	0	0	0	0	0	0	0	0	78	0	21	0	0	0	0	0	0	0	2	0	0	0	0	0	0	2	0	1	0	0	39	0	0	0	0	0	0	14	0	0	0	0	65	0	0	0	0
OTU1519	0	0	0	0	0	0	0	0	6	111	0	0	3	0	0	0	0	0	0	0	0	0	0	0	0	0	0	1	0	0	0	0	0	0	0	0	0	0	0	0	0	0	0	0	0	0	0	0	0	2	0	1	1	0	0	0	0	0	0	0	0	0	0	0	0	0	0	0	0	0	0	0	0	0	0	0	0	0	0	0	0	0	0	0	0	3	0	0	0	0	0	0	0	0	1	0	0	0	0	0	0	1
OTU152	14	7	1	5	0	0	0	12	7	0	16	67	30	41	0	0	0	0	6	0	2	10	4	0	4	0	82	510	116	456	43	0	14	5	16	0	247	59	97	3	118	64	85	73	362	220	173	39	95	72	58	146	111	28	120	113	723	49	342	4	0	0	0	0	1	2	45	30	24	259	139	359	200	167	211	80	342	45	251	80	106	297	58	19	72	12	108	50	143	97	90	78	39	29	14	27	142	3	2	1	0	21
OTU1520	0	1	0	0	0	0	0	0	0	1	1	0	1	0	0	0	0	0	0	0	0	0	0	1	0	0	0	0	0	0	0	0	0	0	0	0	9	0	13	0	0	0	0	10	0	2	0	0	0	1	0	10	0	0	0	0	0	0	1	1	0	0	0	0	0	0	1	0	0	1	10	4	0	3	0	6	35	0	6	0	0	10	2	6	0	0	0	1	8	0	0	0	0	0	0	0	0	2	0	0	0	0
OTU1521	0	0	1	0	0	0	0	1	0	0	0	4	2	0	0	0	0	0	0	0	0	0	0	0	0	1	7	135	29	48	11	0	0	0	0	0	0	0	0	0	0	0	0	0	0	3	0	1	0	0	0	6	5	0	0	0	4	7	0	0	0	0	0	0	0	0	0	0	0	4	0	0	7	0	0	0	0	0	0	0	3	0	0	0	0	0	0	0	0	0	0	0	0	3	9	0	0	0	0	0	0	0
OTU1522	0	0	0	0	0	0	0	0	0	0	0	0	2	0	0	0	0	0	0	0	0	0	0	0	0	0	0	8	0	0	0	0	0	0	0	0	0	0	0	0	21	0	0	0	0	1	0	0	9	12	6	5	5	0	0	0	0	0	1	0	2	0	0	0	4	0	0	0	35	0	0	5	0	1	0	0	0	0	0	0	1	2	0	1	0	0	0	0	0	0	11	3	0	0	3	4	0	0	0	2	1	0
OTU1523	0	0	0	0	0	0	0	0	0	0	0	0	0	0	0	0	0	0	3	0	2	0	0	0	0	0	0	0	0	0	0	0	0	0	0	0	0	0	0	0	0	0	0	0	0	0	0	0	0	0	0	0	0	0	0	0	0	0	2	0	0	0	0	0	14	0	31	0	30	0	0	0	0	0	0	0	0	0	0	0	0	0	0	0	0	0	0	0	0	0	0	0	0	0	0	0	0	0	2	0	4	0
OTU1524	0	0	0	0	0	0	0	0	0	0	0	0	0	0	0	0	0	0	0	0	0	0	0	0	2	0	0	0	0	0	0	0	0	0	0	0	0	0	0	0	0	0	0	0	0	3	0	0	0	0	0	0	0	0	0	0	0	0	0	0	1	0	0	0	0	0	35	0	0	0	0	0	0	0	0	0	0	0	0	0	0	0	0	0	0	0	0	0	0	0	0	0	0	2	0	4	0	0	15	0	42	0
OTU1525	0	1	0	0	0	0	0	0	0	0	0	0	0	0	0	0	0	0	0	0	0	0	0	0	0	0	0	35	0	0	0	0	0	0	0	0	0	0	10	0	4	7	1	0	0	0	0	0	0	0	0	0	0	0	4	1	4	0	0	1	0	0	0	19	0	10	0	0	0	0	0	0	0	0	0	3	0	0	0	0	0	0	0	0	1	3	0	0	0	0	0	0	1	7	3	1	0	11	0	0	10	0
OTU1526	0	0	0	0	0	0	0	0	0	0	0	0	0	0	0	0	0	0	0	0	0	0	0	0	0	0	0	6	0	0	0	0	0	0	0	0	0	0	0	0	0	0	0	5	0	0	0	11	0	0	0	5	0	0	15	15	2	5	2	0	0	0	0	0	0	0	1	0	0	2	0	0	7	2	2	0	0	0	1	0	0	1	1	5	0	0	0	0	0	5	2	0	1	0	0	1	6	0	0	0	0	0
OTU1527	0	0	0	0	0	0	0	0	0	0	0	0	0	0	0	0	0	0	0	0	0	0	0	0	0	0	0	0	0	0	0	0	0	80	0	0	0	0	1	0	0	0	0	0	0	0	0	0	0	0	0	0	0	0	0	0	0	0	0	0	0	0	0	0	0	3	0	0	0	0	0	0	0	0	0	0	0	0	0	0	0	0	0	0	0	0	0	0	0	0	0	0	0	0	0	0	0	1	0	0	0	0
OTU1528	0	0	0	0	0	0	0	0	0	0	0	0	0	0	0	0	0	0	0	0	0	0	0	0	0	0	0	0	0	0	0	0	0	68	0	0	0	0	0	0	0	0	0	0	0	1	0	0	0	0	0	0	0	0	0	0	0	0	0	0	0	0	0	4	0	1	1	0	1	0	0	0	0	0	0	0	0	0	0	0	0	0	0	0	0	0	0	0	0	0	0	0	0	0	0	0	0	3	0	2	0	0
OTU1529	0	0	0	0	0	0	0	1	0	0	0	0	0	0	0	0	0	0	0	0	0	0	0	0	0	0	0	0	0	0	0	0	0	3	0	0	0	0	0	0	0	0	0	0	0	0	0	0	0	0	0	0	0	0	0	0	1	1	0	0	0	0	0	0	3	0	21	53	22	0	0	0	0	0	0	0	0	0	0	0	0	0	0	0	0	0	0	0	0	0	0	0	0	0	0	0	0	0	0	0	0	0
OTU153	3	4	0	2	0	0	8	6	0	1	0	2	27	9	0	0	0	0	0	0	9	4	1	2	12	0	4	21	0	132	8	1	4	0	2	1	4	0	3	0	7	2	0	8	25	1	6	49	211	5	0	13	21	159	46	2	62	49	207	1	13	0	3	1	936	0	821	184	2934	1	0	0	1	30	0	2	0	4	14	0	5	0	84	1	44	10	0	0	7	22	0	35	7	10	11	2	21	13	23	3	79	12
OTU1530	0	0	0	0	0	0	0	0	0	0	0	0	0	0	0	0	0	0	0	0	0	0	0	0	0	0	0	0	0	0	0	0	0	73	0	0	0	0	0	0	0	0	0	0	0	2	0	0	0	0	0	0	0	0	0	0	0	2	0	0	0	0	0	1	0	3	0	3	0	0	0	0	0	0	0	0	0	0	0	0	0	0	0	0	0	0	0	0	0	0	0	0	1	0	0	0	0	3	0	0	0	0
OTU1531	0	0	0	1	0	0	0	0	0	0	1	0	0	1	0	0	0	0	0	0	0	0	0	0	0	0	0	0	0	0	0	0	0	0	0	0	0	0	0	0	0	0	0	0	14	11	0	0	0	0	0	1	0	0	0	0	2	2	0	0	1	1	0	0	0	0	0	0	0	0	1	0	0	25	0	0	0	0	1	0	1	0	0	42	0	0	0	0	0	1	0	0	0	0	0	0	0	0	0	0	0	0
OTU1532	0	0	0	0	0	0	0	0	0	0	14	0	0	4	0	0	0	0	0	0	0	4	0	0	0	0	0	0	0	0	0	0	0	0	0	0	58	0	0	0	0	0	0	0	0	0	0	0	0	1	0	3	0	2	0	0	1	0	6	9	0	0	0	0	0	0	0	0	0	0	0	0	0	8	0	0	103	0	0	0	0	114	0	0	0	0	0	1	0	0	0	0	2	0	0	0	0	0	0	0	0	0
OTU1533	0	0	0	0	0	0	0	0	0	0	0	0	0	0	0	0	0	0	0	0	0	3	0	0	0	0	0	0	0	0	0	0	0	0	0	0	0	0	0	0	0	0	0	0	0	0	0	0	0	0	0	0	0	0	0	0	0	0	0	0	0	0	0	0	0	0	0	0	0	0	0	0	0	0	0	0	0	0	0	0	0	0	0	0	0	0	0	0	0	0	0	0	0	14	0	4	0	0	0	0	78	0
OTU1534	0	0	0	0	0	0	0	0	0	0	1	0	0	0	0	0	0	0	0	0	0	0	0	0	0	0	0	0	0	0	0	0	0	0	0	0	0	0	0	0	0	0	0	0	0	0	0	0	0	0	0	0	0	0	0	0	0	0	0	0	0	0	0	4	0	14	3	0	0	0	0	0	0	0	0	0	0	0	0	0	0	0	0	0	0	3	0	0	0	0	0	0	3	1	0	0	0	5	66	28	0	1
OTU1535	0	0	0	0	0	0	2	0	0	0	0	0	0	0	0	0	0	0	0	0	0	0	0	0	0	0	0	0	0	0	0	0	0	0	0	0	0	0	0	0	0	0	0	0	2	11	0	0	0	0	0	0	0	0	0	0	1	0	0	0	1	0	0	6	9	0	25	0	0	0	0	3	0	0	0	0	0	0	0	0	0	0	0	0	0	4	0	0	0	0	0	0	0	0	0	0	1	0	6	46	2	0
OTU1536	0	1	0	0	0	0	0	0	0	0	0	0	1	1	0	0	0	0	0	0	0	0	0	0	0	0	0	10	9	0	0	0	0	0	3	0	28	3	0	0	5	2	13	0	0	4	0	0	0	0	0	0	1	0	0	0	2	1	0	0	0	0	0	0	0	0	9	3	0	11	3	5	4	3	0	3	24	15	0	0	9	0	0	0	0	0	16	0	8	1	0	0	0	0	0	1	0	0	0	0	0	0
OTU1537	0	1	0	0	0	0	0	0	0	0	0	0	0	1	0	0	0	0	0	0	0	0	0	0	0	0	0	0	0	0	0	0	0	51	0	0	0	0	0	0	0	0	0	0	0	0	0	0	0	0	0	0	0	0	0	1	1	0	0	0	0	0	3	9	0	9	1	1	0	0	0	0	0	0	0	0	0	0	0	0	0	0	0	0	0	10	0	0	0	0	0	0	8	0	0	0	6	13	0	0	0	1
OTU1538	0	0	0	0	0	0	0	0	0	0	0	0	0	2	0	0	0	0	0	0	0	0	0	0	0	0	0	0	0	0	0	0	0	0	0	0	0	0	0	0	0	0	0	0	0	0	0	0	2	0	0	0	2	0	0	5	7	0	0	0	0	0	0	0	0	0	0	0	0	0	0	0	0	18	0	0	0	0	0	0	0	0	0	0	0	0	0	0	0	21	0	0	0	0	0	0	53	0	0	0	0	0
OTU1539	0	0	0	0	0	0	0	0	0	0	0	0	0	0	0	0	0	0	0	0	0	0	0	0	0	0	1	10	7	45	0	0	0	0	0	0	0	0	0	0	0	0	1	0	0	0	0	3	8	0	0	0	1	0	0	0	2	2	0	0	0	0	0	0	0	0	0	0	0	0	0	0	0	0	0	0	0	1	0	0	0	0	0	0	0	0	0	0	0	0	0	0	0	1	0	0	0	0	0	0	0	0
OTU154	0	7	0	1	0	0	23	24	3	0	1	91	48	43	1	0	0	0	4	0	19	15	11	11	26	5	24	155	100	96	350	6	21	146	40	10	4	109	25	1	11	7	21	66	357	201	20	14	36	30	27	40	79	15	166	211	1126	111	225	26	14	10	1	56	471	31	722	627	227	69	237	290	20	136	918	11	11	16	526	8	79	363	162	318	36	24	0	3	11	57	22	3	37	175	109	129	149	53	1058	5062	2233	508
OTU1540	4	0	0	0	0	0	0	0	0	0	0	0	3	0	0	0	0	0	0	0	1	0	0	0	0	0	0	3	0	0	0	0	0	0	0	0	2	0	0	0	0	0	0	0	0	0	0	0	0	0	0	0	0	0	5	0	0	1	0	0	0	0	0	1	15	3	9	5	29	1	0	0	0	1	0	0	0	0	0	2	0	0	3	0	0	2	0	0	0	0	0	75	2	0	0	0	0	1	13	0	6	19
OTU1541	0	0	0	0	0	0	1	0	0	0	0	0	0	0	0	0	0	0	0	0	0	0	0	0	0	0	0	0	0	0	0	0	0	0	0	2	1	0	0	0	0	0	0	0	1	0	0	103	78	0	0	1	0	0	0	1	0	0	1	0	0	0	0	0	0	0	0	0	0	0	0	0	1	0	0	0	0	0	1	0	0	1	10	0	0	4	0	0	0	0	0	0	0	0	40	0	2	0	0	1	17	0
OTU1542	0	0	0	0	0	0	0	0	0	0	0	0	0	0	0	0	0	0	0	0	0	0	0	0	0	0	0	0	0	0	0	0	0	0	1	0	1	0	0	0	0	0	0	0	0	0	0	0	0	0	0	1	14	0	0	0	0	0	0	0	0	0	0	0	0	0	7	7	0	22	0	0	0	7	0	0	0	1	5	0	0	0	0	0	0	0	4	0	30	1	27	0	0	0	0	0	0	2	0	0	0	0
OTU1543	0	0	0	0	0	0	0	0	0	0	0	0	0	0	0	0	0	0	0	0	0	0	0	0	0	0	0	0	0	0	0	0	0	0	0	0	0	0	0	0	0	0	0	0	0	0	0	0	0	0	0	0	0	0	0	0	0	0	0	0	0	0	0	0	0	0	0	2	0	0	0	0	0	0	0	0	0	0	0	0	0	0	0	0	0	0	0	0	0	0	0	0	0	0	0	0	0	0	0	84	13	0
OTU1544	2	0	0	0	0	2	0	0	53	0	0	7	0	13	0	0	0	0	0	0	0	0	0	0	0	0	0	0	0	0	5	0	0	0	0	0	0	1	0	0	1	0	0	0	0	2	15	4	7	0	0	1	1	0	8	1	6	3	0	0	2	0	0	31	0	9	1	0	4	0	35	0	5	26	32	7	0	0	0	0	1	0	8	0	0	7	0	0	0	4	0	0	10	1	0	0	0	7	0	0	10	0
OTU1545	0	0	0	0	0	0	0	0	1	0	1	0	0	1	0	0	2	0	0	0	0	1	0	0	0	0	0	3	0	0	0	0	0	0	0	0	0	1	0	0	12	0	0	0	0	0	1	0	51	14	13	2	11	0	1	2	1	2	3	0	0	0	0	0	0	0	0	0	1	4	0	20	0	1	0	0	0	0	0	0	5	2	1	0	0	0	0	2	0	1	1	0	0	1	3	0	2	0	0	0	0	0
OTU1546	0	0	0	0	0	0	0	0	1	0	0	1	0	1	0	0	0	0	0	0	0	0	0	3	0	0	0	14	1	8	1	0	0	0	0	0	2	0	6	0	5	0	0	0	0	3	4	0	0	5	0	0	11	0	0	2	5	0	0	0	0	0	0	0	0	0	0	0	0	6	10	2	7	2	0	15	2	6	0	1	0	0	1	0	0	0	9	5	28	1	0	2	0	4	0	0	0	0	0	0	0	0
OTU1547	0	0	0	0	0	0	0	1	0	0	4	0	1	0	0	0	0	0	0	0	0	0	0	0	0	0	0	0	0	0	0	0	0	0	2	0	0	0	0	0	0	0	0	0	0	0	0	0	0	0	0	0	2	0	0	0	0	1	0	0	38	0	0	109	0	38	0	0	0	0	0	0	0	2	0	0	0	0	0	0	1	0	0	0	0	22	0	0	0	0	0	0	16	0	0	0	0	43	0	0	0	0
OTU1548	0	0	0	0	0	0	0	0	0	0	0	0	1	0	0	0	0	0	0	0	0	0	0	1	0	0	0	0	0	0	0	0	0	0	0	0	0	0	33	0	0	0	1	0	0	0	0	1	0	0	0	0	1	0	0	0	0	4	1	0	0	0	0	0	0	0	0	0	0	10	0	0	0	0	15	0	0	2	0	0	3	0	0	0	0	2	0	0	0	0	0	0	0	3	0	0	0	0	0	0	0	0
OTU1549	0	0	0	0	0	0	0	0	0	0	0	0	0	6	0	0	0	66	0	0	0	0	0	0	0	0	0	0	0	0	0	0	0	0	0	0	0	0	0	0	0	0	0	0	0	0	0	0	0	0	0	0	3	0	0	0	1	0	0	0	0	0	0	0	0	0	0	0	0	0	0	0	0	0	0	0	0	2	0	0	0	0	0	0	0	0	0	0	0	0	1	0	0	0	0	0	0	0	0	0	0	0
OTU155	5	1	0	5	0	3	0	4	14	0	8	3	39	32	0	0	0	0	0	0	0	5	3	6	4	0	2	30	4	1	0	0	0	0	6	1	5	3	232	0	13	4	13	2	0	12	8	21	9	7845	16	18	51	53	24	5	54	41	16	0	7	1	0	0	0	3	1	0	0	17	4	130	144	56	27	8	85	276	69	9	16	3	242	8	25	10	3	56	10	90	74	18	9	31	4	4	7	0	0	0	0	0
OTU1550	0	0	0	0	0	0	0	0	0	0	0	0	0	2	0	0	0	0	0	0	0	0	0	0	0	0	0	0	0	0	0	0	0	0	0	0	0	0	0	0	1	0	0	23	7	0	0	4	0	0	0	0	0	0	3	3	6	0	3	2	0	0	0	0	0	0	0	0	0	7	0	0	6	0	3	0	0	0	0	0	1	29	7	8	0	0	0	0	0	0	2	0	0	7	0	0	2	0	0	0	2	0
OTU1551	0	0	0	0	0	0	0	0	0	0	0	0	0	0	0	0	0	0	1	0	0	0	0	0	0	0	0	0	0	0	0	0	0	2	0	0	0	0	0	0	0	0	0	0	0	0	0	0	0	0	0	0	0	0	0	0	0	0	0	0	0	0	0	0	0	0	0	0	2	0	0	0	0	0	0	0	0	0	0	0	0	0	0	0	0	0	0	0	0	0	0	0	0	2	1	0	0	0	14	135	17	1
OTU1552	0	0	0	0	0	0	0	0	0	0	1	0	0	0	0	0	0	0	0	0	0	1	2	0	0	0	0	0	0	0	0	0	0	112	3	0	0	0	0	0	0	0	0	0	0	6	0	0	0	0	0	0	0	0	0	1	1	0	0	0	0	0	0	47	0	26	1	0	0	0	0	0	0	0	0	0	0	0	0	0	0	0	0	0	0	24	0	0	0	1	0	0	18	0	0	0	0	36	0	1	0	0
OTU1553	0	0	0	0	0	0	0	0	0	0	0	0	0	0	0	0	0	0	0	0	0	0	0	0	0	0	0	28	0	29	0	0	0	0	0	0	3	0	0	0	0	0	0	0	0	0	8	0	0	0	0	0	0	0	1	0	1	0	0	0	0	0	0	0	0	0	0	0	0	0	0	0	0	0	0	0	9	0	0	0	4	0	0	0	0	0	3	0	0	0	0	0	0	0	0	0	0	0	0	0	0	0
OTU1554	0	0	0	0	0	0	0	0	0	0	0	0	0	0	0	0	0	0	0	0	0	0	0	0	0	0	0	0	0	0	0	0	0	81	0	0	0	0	0	0	0	0	0	0	0	1	0	0	0	0	0	0	0	0	0	0	0	0	0	0	0	0	0	0	0	0	0	0	0	0	0	0	0	0	0	0	0	0	0	0	0	0	0	0	0	0	0	0	0	0	0	0	0	0	0	0	0	0	0	0	0	0
OTU1555	0	0	0	0	0	0	0	0	0	0	0	0	0	0	0	0	0	0	0	0	0	0	0	0	0	0	0	0	0	0	0	0	0	1	0	0	0	0	0	0	0	0	0	0	0	0	0	0	0	0	0	0	0	0	0	0	0	0	0	0	0	0	0	0	0	0	0	0	0	0	0	0	0	0	0	0	0	0	0	0	0	0	0	0	0	0	0	0	0	0	0	0	0	0	0	0	0	0	7	44	24	0
OTU1556	0	0	0	0	0	0	0	0	0	0	0	0	0	2	0	0	0	0	0	0	0	0	0	0	0	0	0	0	2	0	0	0	0	0	0	0	0	0	0	0	0	0	0	9	4	4	0	1	0	0	0	0	6	0	0	65	4	2	2	0	0	0	0	0	0	0	0	0	0	0	0	0	0	3	0	0	0	0	0	0	0	1	0	0	0	0	1	0	0	3	0	0	1	0	0	0	0	0	0	0	0	0
OTU1557	1	0	0	0	0	0	0	0	0	0	0	0	0	1	0	0	0	0	0	0	0	0	0	0	0	0	0	0	0	0	0	0	0	0	0	0	1	0	0	0	0	0	0	0	0	1	0	0	0	18	6	0	35	0	0	0	3	0	3	0	0	0	0	0	0	0	0	0	0	0	0	0	0	1	4	0	0	0	2	0	0	0	0	0	0	0	0	0	0	0	38	23	3	0	0	0	0	0	0	0	0	0
OTU1558	0	0	0	0	0	0	0	0	0	0	0	0	0	0	0	0	0	0	0	0	0	0	0	0	0	0	0	0	0	0	0	0	0	0	0	0	0	0	0	0	0	0	0	0	0	0	0	0	0	0	0	0	0	0	0	0	0	2	0	0	0	0	0	0	0	0	19	68	0	0	0	0	0	0	0	0	0	0	0	0	0	0	0	0	0	0	0	0	0	0	0	0	0	0	0	0	0	0	0	0	0	0
OTU1559	0	0	0	0	0	0	0	0	0	0	0	0	4	0	0	0	0	0	0	0	0	0	0	0	0	0	0	0	0	2	0	0	0	0	0	0	0	0	0	0	0	0	0	0	0	0	0	0	0	0	0	0	0	0	0	0	2	0	4	0	0	0	0	0	0	2	0	0	0	0	0	0	0	0	0	0	0	0	0	2	5	0	0	0	0	3	0	43	5	16	43	25	3	16	0	27	0	0	0	0	0	0
OTU156	0	1	0	1	0	0	1	0	0	0	3	0	23	46	0	0	2	0	1	0	1	0	0	0	3	0	1	18	3	112	8	99	3	1	2	2	18	2	2	0	7	7	4	5341	16	12	53	0	39	17	4	4	367	3	4	15	66	25	18	4	7	0	1	3	0	7	1	1	1	7	5	7	72	210	26	3	4	6	156	7	11	48	7	3	3	8	1	3	11	34	5	6	4	33	4	72	69	17	202	88	12	9
OTU1560	0	0	2	0	0	0	0	1	0	0	4	0	0	0	0	0	0	0	5	0	1	117	0	0	0	0	0	0	0	0	0	0	7	1	0	1	9	0	0	0	0	0	0	0	0	0	0	0	0	1	0	6	0	0	0	0	0	0	0	185	5	0	0	1	0	0	0	1	2	0	0	0	0	1	0	0	14	0	0	0	0	13	0	0	0	0	0	0	0	0	0	0	0	0	0	0	0	0	0	0	1	0
OTU1561	0	0	0	0	0	0	0	0	0	0	0	1	0	0	0	0	0	0	0	0	0	0	0	0	0	0	0	0	0	0	0	0	0	0	0	0	0	0	0	0	0	0	0	0	0	0	0	0	0	0	0	0	0	0	0	0	3	0	0	0	94	0	0	9	0	7	0	0	0	0	0	0	0	0	0	0	0	0	0	0	0	0	1	0	0	5	0	0	0	0	0	0	4	0	0	0	0	5	0	0	0	0
OTU1562	0	0	0	0	0	0	0	0	0	0	0	0	0	0	0	0	0	0	0	0	0	0	0	0	0	0	0	0	0	0	0	0	0	0	0	0	0	0	0	0	0	0	0	0	0	0	0	0	0	0	0	0	0	0	0	0	0	0	0	0	105	0	0	0	0	0	0	0	0	0	0	0	0	0	0	0	0	0	0	0	0	0	0	0	0	0	0	0	0	0	0	0	0	0	0	0	0	0	0	0	0	0
OTU1563	0	0	0	0	0	0	0	0	0	0	0	0	0	2	0	0	0	0	0	0	0	0	0	0	0	0	0	0	0	0	0	0	0	1	0	0	0	0	0	0	0	0	0	0	0	0	0	0	0	0	0	0	0	0	0	0	0	0	0	0	0	0	0	0	0	0	0	0	0	0	0	0	0	0	0	0	0	0	0	0	0	0	0	0	0	0	0	0	0	0	0	0	0	18	0	0	0	1	131	89	57	0
OTU1564	0	0	0	0	0	37	0	0	0	0	2	0	0	0	0	0	0	0	0	0	0	0	0	0	0	0	0	0	0	0	0	0	0	49	0	0	0	0	2	0	0	0	0	0	0	0	0	0	0	0	0	0	1	0	0	1	2	0	0	0	0	0	0	5	0	6	0	0	1	0	0	0	0	0	0	0	0	0	0	0	0	0	0	0	0	0	0	0	0	0	0	0	2	0	0	0	0	8	0	0	0	0
OTU1565	0	0	0	0	0	0	3	0	0	0	0	0	0	1	0	0	0	0	0	0	0	0	0	0	0	0	0	0	0	0	0	0	1	1	0	0	0	0	0	0	0	0	0	0	0	0	0	0	0	0	0	0	0	0	0	0	1	4	0	0	0	0	0	0	0	0	6	9	0	0	0	1	0	0	0	0	0	0	0	0	0	0	0	0	4	1	0	0	0	1	0	0	0	21	0	0	0	0	29	34	0	51
OTU1566	0	0	0	0	0	0	0	0	0	0	0	0	2	0	0	0	0	0	0	0	0	0	0	0	0	0	0	0	0	0	0	0	0	0	0	0	0	0	0	0	0	0	0	0	0	0	0	4	0	0	0	0	0	0	0	0	0	0	1	0	0	0	0	0	0	0	0	0	54	0	0	0	0	3	0	0	0	0	0	0	0	0	0	0	0	0	0	0	0	0	0	0	0	5	0	0	0	0	69	0	14	0
OTU1567	0	0	0	0	0	0	0	0	0	0	0	0	3	0	0	0	0	0	0	0	0	0	0	0	0	0	0	0	0	0	0	0	0	59	0	0	0	0	0	0	0	0	0	0	0	1	0	0	0	0	0	0	0	0	0	0	0	0	0	0	0	0	0	17	0	3	0	0	0	0	0	0	0	0	0	0	0	0	0	0	0	0	0	0	0	8	0	0	0	0	1	0	1	0	0	0	0	0	0	0	0	0
OTU1568	0	0	0	0	0	0	0	0	0	0	0	0	10	0	0	0	0	0	0	0	0	0	0	0	0	0	0	33	0	0	0	0	0	0	0	0	0	0	13	0	3	3	0	4	0	0	8	5	0	15	0	0	0	0	0	0	9	0	0	0	0	0	0	0	0	0	0	0	0	0	0	0	0	2	3	0	0	0	0	0	1	3	0	0	0	0	0	1	3	2	0	0	0	0	1	2	5	0	0	0	1	0
OTU1569	0	0	0	0	0	0	0	0	0	0	0	0	0	0	0	0	0	0	0	0	0	0	1	0	0	0	0	1	0	0	0	0	0	0	0	0	0	0	0	0	0	0	0	0	0	0	0	0	0	0	0	0	1	0	1	0	0	0	10	2	1	0	0	0	0	0	0	0	90	0	0	0	0	0	0	0	0	0	0	0	0	0	0	0	0	0	0	0	0	0	0	0	0	0	0	0	0	0	0	0	0	0
OTU157	1	1	0	3	0	0	4	0	6	0	4	2	71	66	3	0	1	0	0	0	0	0	0	1	0	0	5	24	24	1	5	0	2	0	0	0	56	76	101	0	26	2	5	3	3	3	2	1	14	39	2	6	65	1	14	1	379	25	4	0	0	0	0	0	0	0	1	1	7	276	53	5	5	171	1	0	219	3891	8	7	28	0	13	1	0	6	53	52	18	62	6	10	8	5	5	5	5	0	0	0	0	1
OTU1570	0	0	0	0	0	0	0	0	0	0	0	0	0	0	0	0	0	0	0	0	0	0	0	0	0	0	2	6	13	22	0	0	0	0	0	0	0	0	0	0	16	19	0	0	0	0	1	0	0	9	5	0	0	0	0	0	7	0	0	0	0	0	0	0	0	0	0	1	0	0	0	0	0	1	0	0	0	0	4	0	3	0	0	0	0	0	13	1	3	1	0	0	0	0	2	0	0	0	0	0	0	0
OTU1571	0	0	0	0	0	0	0	0	0	0	1	0	0	0	0	0	0	0	0	0	0	0	3	0	0	0	0	0	1	1	2	0	0	0	0	0	1	1	10	0	0	0	0	0	0	0	2	0	0	0	0	1	13	0	0	0	0	0	0	0	0	0	0	0	0	0	0	0	0	12	21	0	0	0	0	0	11	4	0	8	0	1	0	0	0	0	0	0	0	0	0	0	0	0	0	0	0	0	0	0	0	0
OTU1572	0	0	0	0	0	0	0	0	0	0	0	0	0	0	0	0	0	0	0	0	0	0	0	5	0	0	0	0	0	0	0	0	0	72	0	0	0	0	0	0	0	0	0	0	0	0	0	0	0	0	0	0	0	0	0	0	0	0	0	0	0	0	0	0	0	0	0	1	0	0	0	0	0	0	0	0	0	0	0	0	0	0	0	0	0	0	0	0	0	0	0	0	0	0	0	0	0	1	0	0	0	0
OTU1573	0	0	0	0	0	0	0	0	0	0	1	0	0	0	0	0	0	0	0	0	0	0	0	0	0	0	0	0	0	0	0	0	0	172	0	0	0	0	0	0	0	0	0	0	0	1	0	2	0	0	0	0	1	0	0	0	0	0	0	0	89	0	0	3	1	13	1	3	0	0	0	0	0	1	0	0	0	0	0	0	0	0	0	0	0	24	0	0	0	0	0	0	1	0	0	0	0	23	0	0	0	0
OTU1574	0	0	0	0	0	0	0	0	0	0	0	0	0	0	0	0	0	0	0	0	0	0	0	0	0	0	0	0	0	0	0	0	0	68	0	0	0	0	0	0	0	0	0	0	0	0	0	0	0	0	0	0	0	0	0	0	0	0	0	0	0	0	0	1	0	0	0	0	0	0	0	0	0	0	0	0	0	0	0	0	0	0	0	0	0	0	0	0	0	0	0	0	2	0	0	0	0	1	0	0	0	0
OTU1575	0	0	0	0	0	0	0	0	0	0	0	0	0	0	0	0	0	0	0	0	0	0	0	0	0	0	0	0	0	0	0	0	0	95	0	0	0	0	0	0	0	0	0	0	0	0	0	0	0	0	0	0	0	0	0	0	0	0	0	0	0	0	0	3	0	2	4	0	0	0	0	0	0	0	0	0	0	0	0	0	0	0	0	0	0	1	0	0	0	0	0	0	0	0	0	0	0	5	0	0	0	0
OTU1576	0	0	0	0	0	0	0	0	0	0	0	0	0	0	0	0	0	0	0	0	0	0	0	0	0	0	0	0	0	0	0	0	0	2	0	0	0	0	0	0	0	0	0	0	0	0	0	0	0	0	0	0	0	0	0	0	0	0	0	0	0	0	0	0	0	0	0	0	0	0	0	0	0	1	0	0	0	0	0	0	0	0	0	0	0	0	0	0	0	0	0	0	0	0	0	2	0	0	14	0	94	0
OTU1577	0	0	0	0	0	0	0	0	0	0	0	0	2	0	0	0	0	0	0	0	0	0	0	0	0	0	0	0	0	0	0	0	0	0	0	0	0	0	0	0	0	0	2	0	0	0	0	0	0	0	0	0	0	7	0	64	2	0	0	0	0	0	0	0	0	2	0	0	9	0	0	0	0	1	0	0	0	0	0	0	0	0	0	0	0	0	0	0	0	0	0	0	0	1	1	7	0	0	0	0	4	0
OTU1578	0	0	0	0	0	0	0	0	0	0	0	0	0	0	0	0	0	0	0	3	0	0	0	0	0	0	0	0	0	0	0	0	0	0	0	1	0	0	0	0	0	0	0	0	0	0	0	0	0	0	0	0	0	0	0	0	0	0	0	0	0	0	0	0	40	0	65	19	111	0	0	0	0	0	0	0	0	0	0	0	0	0	0	0	0	0	0	0	0	0	0	0	0	0	0	0	0	0	0	0	0	4
OTU1579	0	2	1	0	2	0	0	0	0	0	15	0	0	1	0	0	1	0	0	0	0	0	0	0	0	0	0	0	0	0	0	0	0	0	0	0	67	0	0	0	0	0	0	0	0	0	1	0	0	4	0	18	0	0	0	0	0	0	0	0	0	0	0	0	0	0	0	0	0	0	0	3	3	2	0	0	205	0	0	0	0	41	0	0	0	0	0	0	0	2	0	1	0	0	0	3	0	0	0	0	0	0
OTU158	0	31	0	2	0	2	2	0	82	0	5	7	52	31	1	0	0	0	65	0	10	0	0	0	2	1	0	30	1	88	2	1	17	0	4	0	0	0	5	0	3	3371	625	36	1210	76	3	12	27	12	0	5	52	57	21	28	88	57	5	1	0	0	0	0	0	0	0	0	1	7	0	97	2	89	86	1	5	3	78	11	42	50	31	13	23	3	1	2	18	49	6	9	7	11	5	49	47	0	0	0	1	3
OTU1580	0	0	2	0	0	0	0	0	0	0	27	0	0	1	0	1	1	0	0	0	0	6	0	0	0	0	2	0	0	0	0	0	0	0	0	0	152	0	0	0	0	1	0	0	0	1	3	0	0	4	0	31	1	0	0	1	0	0	5	1	0	0	0	0	0	0	0	0	0	1	0	0	0	7	0	1	214	6	0	0	0	184	2	0	0	0	0	0	0	0	0	5	0	1	0	0	0	0	0	0	0	0
OTU1581	0	0	0	0	0	0	0	0	2	0	1	0	1	5	0	0	0	0	0	0	0	0	0	0	0	0	0	0	0	0	0	0	0	0	0	0	22	1	11	0	8	0	0	0	0	0	0	0	0	0	0	0	3	0	0	0	1	0	0	0	0	0	0	0	0	0	0	0	0	0	0	0	0	5	0	0	7	35	0	0	3	0	0	0	0	0	0	0	5	3	0	0	1	3	0	0	0	0	0	0	0	0
OTU1582	0	0	0	0	0	0	1	0	0	0	0	0	5	4	0	0	0	0	1	0	0	4	0	0	0	0	6	31	0	7	0	0	0	1	0	0	0	0	0	0	0	0	0	0	14	2	3	0	0	0	0	10	10	0	2	0	0	2	1	1	0	0	0	1	10	0	13	17	5	0	10	11	2	1	2	0	0	0	3	0	1	0	0	2	0	2	0	0	9	11	0	2	1	3	0	1	9	0	10	0	2	10
OTU1583	0	0	0	0	0	0	0	0	0	0	0	1	4	0	0	0	0	0	0	0	0	0	0	0	0	0	7	63	17	0	0	0	0	0	1	0	0	0	0	0	0	0	0	0	0	0	0	0	0	0	0	0	2	0	0	0	12	1	0	0	0	0	0	0	0	0	0	0	0	0	17	15	8	3	0	0	0	0	0	0	0	0	1	0	3	1	0	0	1	0	0	0	4	0	0	0	7	0	0	0	0	0
OTU1584	0	0	0	0	0	0	0	0	0	0	0	0	0	0	0	0	0	0	0	0	0	0	0	0	0	0	0	0	0	0	0	0	0	78	0	0	0	0	0	0	0	0	0	0	0	2	0	0	0	0	0	0	0	0	0	0	0	0	0	0	0	0	0	25	0	1	2	0	0	0	0	0	0	0	0	0	0	0	0	0	0	0	0	0	0	1	0	0	0	0	0	0	3	0	0	0	0	14	0	0	0	0
OTU1585	0	0	0	0	0	0	0	0	0	0	0	0	2	0	0	0	0	0	0	0	0	0	0	1	0	0	0	0	0	0	0	0	0	0	0	0	0	5	18	0	2	2	1	0	0	4	0	0	0	0	3	100	0	0	0	0	0	0	0	0	0	0	0	1	0	1	0	0	0	0	0	0	1	0	0	0	0	0	1	0	1	0	0	1	0	1	0	2	0	0	0	0	0	0	0	0	0	2	0	0	0	0
OTU1586	0	0	0	0	0	0	0	0	0	0	0	0	0	0	0	0	0	0	0	0	0	0	0	1	0	0	0	0	0	0	0	0	0	0	0	0	0	0	0	0	0	0	0	0	0	0	0	0	0	0	0	0	0	0	0	0	0	0	0	0	83	0	0	9	0	1	0	0	0	0	0	0	0	0	0	0	0	0	0	0	0	0	0	0	0	0	0	0	0	0	0	0	0	0	0	0	0	5	0	0	0	0
OTU1587	0	0	0	0	0	0	0	0	0	0	0	0	0	0	0	0	0	0	0	0	0	0	0	0	0	0	0	0	0	0	0	0	0	0	0	0	0	0	0	0	0	0	0	0	0	0	0	0	0	0	0	0	0	0	0	0	0	0	0	0	0	0	0	0	0	0	4	0	1	0	0	0	0	0	0	0	0	0	0	0	0	0	0	0	0	0	0	0	0	0	0	0	0	0	0	0	1	0	0	0	0	82
OTU1588	0	0	1	0	0	0	0	0	0	0	12	0	0	1	0	1	0	0	0	0	0	0	0	0	0	0	0	0	0	0	0	0	0	0	0	0	103	1	0	0	0	1	0	0	0	0	0	0	0	3	0	10	0	0	0	0	0	0	0	3	0	0	0	0	0	0	0	0	0	2	0	0	5	3	0	0	162	2	0	0	2	136	2	0	0	0	0	7	0	0	0	2	0	0	0	0	0	0	0	0	0	0
OTU1589	0	0	4	0	0	0	0	0	0	0	41	1	0	0	0	0	4	0	0	0	0	6	0	0	0	0	1	0	0	0	0	0	4	0	0	0	234	0	0	0	0	0	0	0	3	0	0	0	0	16	0	65	0	0	0	0	1	0	3	13	0	0	0	0	0	0	0	0	0	0	0	0	4	23	0	0	289	3	0	0	0	315	6	0	0	0	1	10	0	0	0	6	0	1	0	1	1	0	0	0	2	0
OTU159	0	11	3	2	1	2	2	4	0	0	4	3	90	125	2	0	0	0	0	0	0	0	0	0	4	0	405	380	2	2333	488	0	8	2	48	3	6	2	2	0	2	2	4	46	229	361	2215	18	10	5	0	130	58	6	324	135	233	188	577	3	1	3	0	10	1	4	5	3	13	5	2	1	15	152	0	4	38	35	61	2	39	65	63	16	108	9	1	4	18	57	20	2	20	166	434	647	89	4	4	11	31	2
OTU1590	0	0	0	0	0	0	0	0	0	0	1	0	4	0	0	0	0	0	0	0	2	0	0	0	0	0	0	1	0	0	0	0	0	65	0	0	1	0	0	0	0	0	6	0	0	0	0	0	0	0	0	0	1	0	0	1	3	6	0	0	1	0	0	122	0	35	0	0	0	0	0	0	0	0	0	0	0	0	0	0	0	0	0	0	0	29	0	0	0	3	0	0	5	0	0	0	0	62	0	0	0	0
OTU1591	0	0	0	0	0	0	0	0	0	0	0	0	0	2	0	0	0	0	0	0	0	0	0	0	0	0	0	0	0	0	0	0	0	0	0	0	3	0	0	0	3	4	0	0	0	0	0	0	0	0	0	1	16	0	2	0	0	0	0	0	0	0	0	0	0	0	0	0	0	2	10	6	0	10	0	8	0	0	0	0	0	0	0	0	0	0	0	0	0	0	0	2	0	0	0	0	0	0	0	0	0	0
OTU1592	0	0	0	0	0	0	0	0	0	0	0	0	0	5	0	0	0	0	0	0	0	0	0	0	0	0	9	0	14	0	0	0	0	0	0	0	1	0	0	0	0	0	0	3	6	4	0	2	0	0	0	2	0	0	0	11	1	0	0	0	0	0	0	0	0	0	1	0	0	1	0	0	0	3	0	0	0	0	11	0	0	0	1	0	9	0	0	0	0	2	0	0	2	0	0	0	0	0	0	0	0	0
OTU1593	0	0	0	0	0	0	0	0	0	0	0	0	0	2	0	0	0	0	0	0	0	0	0	0	0	0	0	0	0	0	0	0	0	0	0	0	0	0	0	0	0	0	0	0	0	0	0	0	0	0	0	0	0	0	0	6	0	2	0	0	28	0	0	17	0	73	0	0	2	1	0	0	0	0	0	0	0	0	0	0	0	0	1	0	0	2	0	0	0	0	0	0	5	0	0	0	0	10	0	1	0	0
OTU1594	0	0	0	0	0	0	0	0	0	0	0	0	2	6	0	0	0	0	0	0	0	0	0	0	1	0	3	1	0	0	2	0	0	0	0	0	0	0	0	0	2	0	0	0	0	0	0	3	1	0	2	0	1	0	0	0	3	0	0	0	3	0	0	0	0	0	0	0	0	0	0	2	0	1	0	0	0	0	18	7	0	0	79	1	1	0	0	0	0	49	0	0	0	0	0	0	0	1	0	0	0	1
OTU1595	0	0	0	0	0	0	0	0	0	0	0	0	0	2	0	0	0	0	0	0	0	0	0	0	0	0	0	1	0	0	0	0	0	0	0	0	0	0	0	0	0	0	0	0	17	0	0	8	0	0	0	1	4	0	0	0	3	1	4	0	0	0	0	0	0	0	0	0	0	3	0	0	0	0	0	0	0	0	0	0	0	0	12	0	18	5	0	0	0	0	0	0	0	0	5	0	5	0	0	0	0	0
OTU1596	0	0	0	0	0	0	0	0	0	0	0	2	0	1	0	0	0	0	0	0	0	0	0	0	0	0	0	14	0	12	0	0	0	0	0	0	0	2	0	0	1	0	0	8	0	3	4	11	7	4	0	1	0	0	1	0	15	0	3	0	0	0	0	0	0	0	0	0	0	0	0	2	1	7	0	0	0	0	0	0	1	2	0	0	6	0	0	0	0	0	0	0	0	0	2	0	0	0	0	0	0	0
OTU1597	0	0	0	0	0	0	0	0	0	0	0	0	1	0	0	0	0	0	0	0	0	0	0	0	0	0	1	5	0	4	0	0	0	0	0	0	0	0	0	0	0	0	0	8	0	0	0	0	0	0	0	3	2	0	36	0	2	2	4	0	0	0	0	0	7	0	0	0	15	0	0	0	0	1	1	0	0	0	0	0	3	0	0	0	0	2	0	0	0	6	0	0	0	0	0	0	1	0	0	0	0	0
OTU1598	0	0	0	0	0	0	0	0	0	0	0	0	0	0	0	0	0	0	0	0	0	0	0	0	0	0	0	0	0	0	0	0	0	114	0	0	0	0	0	0	0	0	0	0	0	3	0	0	0	0	0	0	0	0	0	0	0	0	0	0	0	0	0	15	0	17	0	0	0	0	0	0	0	0	0	0	0	0	0	0	0	0	0	0	0	11	0	0	0	0	0	0	5	0	0	0	0	16	0	0	0	0
OTU1599	0	0	0	0	0	0	0	0	0	0	0	0	0	0	0	0	0	0	0	0	0	0	0	0	0	0	0	0	0	0	0	0	0	74	0	0	0	0	0	0	0	0	0	0	0	1	0	0	0	0	0	1	5	1	0	0	0	0	0	0	0	0	0	0	0	0	1	1	0	0	0	0	0	0	0	0	0	0	0	0	6	0	0	0	0	0	0	0	0	0	0	0	0	3	0	0	0	0	71	0	10	0
OTU16	14	111	2	41	3	3	15	65	105	2	95	110	206	343	9	3	3	1	17	0	38	188	11	14	0	7	1789	5236	11810	3894	3707	3	19	14	33	4	9951	496	756	3	116	1277	1923	185	276	408	656	74	1112	2566	1862	492	1032	119	223	178	1887	306	232	12	12	12	11	66	16	0	97	48	34	219	423	692	1019	1899	240	2355	2353	496	276	586	379	691	269	417	929	129	2109	200	1770	673	1307	168	162	1296	1862	534	208	5	42	43	19	3
OTU160	0	0	0	0	0	0	8	8	0	0	0	0	3	2	0	0	0	0	2	0	383	0	3	5	0	1	0	0	0	1	2	0	2	183	6	16	0	0	1	0	0	0	3	0	9	1	0	0	0	0	0	0	2	1	95	23	16	0	0	3	2	5	0	51	4693	45	285	10	13	0	0	0	0	4	2	0	0	0	4	0	1	17	2	23	0	21	0	2	0	0	0	1	12	7	4	0	2	47	6	86	6	3
OTU1600	0	0	0	0	0	0	0	0	0	0	0	0	0	0	0	0	0	0	0	0	0	0	0	0	0	0	0	0	0	0	0	0	0	0	1	0	0	0	0	0	0	0	0	0	0	0	0	0	0	0	0	0	0	0	0	0	0	0	0	0	0	0	0	0	0	0	0	0	0	0	0	0	0	0	0	0	0	0	0	0	0	0	1	0	0	0	0	0	0	0	0	0	0	0	1	0	0	0	0	75	2	0
OTU1601	0	0	0	0	0	0	2	0	0	0	0	0	2	0	0	0	0	0	0	0	0	0	0	0	0	0	0	0	0	0	0	0	0	0	0	0	0	0	0	0	0	0	0	31	0	1	0	0	0	0	0	0	2	0	1	9	7	1	0	0	0	0	0	0	0	0	0	0	0	0	0	0	0	0	0	0	0	0	0	0	0	0	0	0	0	0	0	0	0	1	0	0	0	0	0	0	0	1	21	0	1	0
OTU1602	0	0	0	0	0	0	0	0	5	0	0	0	3	0	1	0	0	0	0	0	1	0	0	0	0	0	0	0	0	0	0	0	0	1	0	0	0	0	0	0	0	0	0	0	0	0	0	0	71	0	2	34	4	0	0	0	3	3	0	0	0	0	0	11	0	1	0	0	0	0	0	0	58	7	0	0	0	0	8	0	0	0	0	0	0	1	0	0	1	1	0	0	0	8	0	0	0	2	0	0	0	0
OTU1603	0	0	272	0	0	0	0	0	0	0	0	0	0	0	0	0	0	0	0	0	0	0	0	0	0	0	0	0	0	0	0	0	0	0	0	0	0	0	0	0	0	0	0	0	0	0	0	0	0	0	0	0	0	0	0	0	0	0	0	0	0	0	0	0	0	0	0	0	0	0	0	0	0	0	0	0	0	0	0	0	0	0	0	0	0	0	0	0	0	0	0	0	0	0	0	0	0	0	0	0	0	0
OTU1604	0	0	0	0	0	0	0	0	1	65	0	2	0	1	0	0	0	0	0	0	0	0	0	0	0	0	0	0	0	0	0	0	0	0	0	0	0	0	0	0	0	1	0	0	0	0	0	0	0	0	0	0	7	0	0	0	1	0	0	0	0	0	0	0	0	0	0	0	0	0	0	0	0	0	0	0	0	0	0	0	0	0	0	0	0	0	0	0	0	0	0	0	0	0	0	0	0	0	0	0	0	0
OTU1605	0	0	0	0	0	0	3	0	0	0	8	1	3	0	0	0	0	0	0	0	0	0	0	0	0	0	1	2	0	1	0	0	0	0	0	2	0	0	3	0	0	0	0	0	1	4	1	18	0	13	0	0	1	6	0	4	7	0	31	0	0	0	0	20	0	10	0	0	0	0	0	0	2	3	0	10	14	0	0	0	2	4	0	0	0	9	0	0	4	4	0	0	14	38	8	0	3	9	0	1	0	0
OTU1606	0	1	1	0	0	0	0	0	0	0	4	0	0	0	0	0	0	0	0	0	0	1	0	0	0	0	0	0	0	0	0	0	0	47	0	0	0	0	0	0	0	0	0	0	0	0	0	0	0	0	0	0	1	0	0	3	2	0	0	0	0	0	0	40	0	41	0	0	0	0	0	0	0	0	0	0	0	0	0	0	0	0	0	0	0	19	0	0	0	0	0	0	6	0	0	0	0	35	0	0	0	0
OTU1607	0	0	0	0	0	0	0	0	0	0	3	0	0	0	0	0	0	0	1	0	0	0	0	0	0	0	0	0	0	0	0	0	0	0	0	0	0	0	0	0	0	0	0	0	0	0	0	0	0	0	0	0	0	0	0	6	1	0	0	0	0	0	0	92	0	25	0	0	0	0	0	0	0	0	0	0	0	0	0	0	0	0	0	0	0	12	0	0	0	4	0	0	12	0	0	0	0	29	0	0	1	0
OTU1608	0	0	0	0	0	0	0	0	0	0	0	0	1	0	0	0	0	0	0	0	0	0	0	0	0	0	0	0	0	0	0	0	0	0	0	0	0	0	0	0	0	0	0	21	9	0	0	3	1	5	0	8	0	0	6	1	1	0	0	0	0	0	0	0	0	0	1	0	0	0	9	0	25	4	1	0	0	0	0	0	0	2	12	1	1	0	10	0	0	0	2	1	0	3	4	0	0	0	0	23	16	7
OTU1609	0	0	0	0	0	0	0	0	0	0	0	0	0	0	0	0	0	0	0	0	0	0	0	0	0	0	1	38	3	13	15	0	0	0	0	0	0	0	0	0	0	0	0	15	0	16	0	1	6	0	0	5	4	0	20	2	15	0	1	0	3	0	1	1	0	0	0	0	0	0	0	0	0	2	3	0	1	0	2	3	1	6	3	0	1	0	0	0	0	5	15	0	0	0	7	0	0	0	0	0	0	0
OTU161	0	48	0	2	0	0	5	0	2	2	2	3	163	196	10	0	0	9	0	0	1	0	0	0	3	0	1	91	0	4	1	4	55	52	14	10	5	6	11	0	0	7	9	366	2513	3102	823	306	6	5	1	9	170	309	374	1088	375	276	1122	51	2	0	9	9	1	13	35	6	33	16	0	63	2	149	5	0	4	7	45	1	64	2352	213	5	706	27	0	3	19	198	1	1	182	155	258	17	41	2	3	7	1	0
OTU1610	0	1	0	0	0	0	0	0	0	0	0	0	0	0	0	0	0	0	0	0	0	0	0	0	0	0	0	0	0	0	0	0	0	96	0	0	0	0	0	0	0	0	0	0	0	0	0	0	0	0	0	0	1	0	0	0	0	0	0	0	0	0	0	35	0	7	0	1	0	0	0	0	0	0	0	0	0	0	0	0	0	0	0	0	0	3	0	0	0	0	0	0	0	0	0	0	0	11	0	0	0	0
OTU1611	0	0	0	0	0	0	0	0	0	0	0	0	0	0	0	0	0	0	0	0	0	0	0	0	0	0	0	0	0	0	0	0	0	76	0	0	0	0	0	0	0	0	0	0	0	0	0	0	0	0	0	0	0	0	0	3	0	0	0	0	0	0	0	4	0	5	0	0	0	0	0	0	0	0	0	0	0	0	0	0	0	0	0	0	0	0	0	0	0	0	0	0	2	0	0	0	0	0	0	0	0	0
OTU1612	0	0	0	0	0	0	0	0	0	0	0	0	0	0	0	0	0	0	0	0	0	0	0	0	0	0	0	0	0	0	0	0	0	61	0	0	0	0	0	0	0	0	0	0	0	4	0	0	0	0	0	0	0	0	0	0	0	0	0	0	0	0	0	2	0	0	0	0	0	0	0	0	0	0	0	0	0	0	0	0	0	0	0	0	0	0	0	0	0	0	0	0	0	0	0	0	0	0	0	0	0	0
OTU1613	0	0	0	0	0	0	0	0	0	0	1	0	0	0	0	0	0	0	0	0	0	0	0	0	0	0	0	0	0	0	0	0	0	0	0	3	0	0	0	0	284	0	0	0	0	0	0	0	0	0	0	0	0	4	0	0	0	0	0	0	1	0	0	0	0	0	0	0	0	2	0	0	0	0	0	0	0	0	0	0	0	0	0	0	0	0	0	0	0	0	0	0	0	0	0	0	0	0	0	0	0	0
OTU1614	0	0	0	0	0	0	0	0	0	0	0	0	0	0	0	0	0	0	0	0	0	0	0	0	0	0	0	0	0	0	0	0	0	0	0	0	0	0	0	0	0	0	0	0	0	0	0	0	0	0	0	0	0	0	2	0	1	4	2	0	0	0	0	0	58	0	36	36	16	0	0	0	0	0	0	0	0	0	0	0	0	0	0	0	0	0	0	0	0	0	0	0	2	0	0	0	0	0	0	0	0	0
OTU1615	0	0	0	0	0	0	0	0	0	0	0	0	0	0	0	0	0	0	0	0	0	0	0	0	0	0	0	0	0	0	0	0	0	0	0	0	0	0	0	0	0	0	0	0	0	0	0	0	0	0	0	0	0	0	0	0	0	0	8	0	0	0	0	0	0	0	0	0	0	2	0	0	0	4	0	0	0	1	0	0	0	1	0	0	0	0	0	0	0	0	90	0	4	0	0	1	0	0	0	0	0	0
OTU1616	0	0	0	0	0	0	0	0	0	0	0	0	2	0	0	0	0	0	0	0	0	0	0	0	0	0	0	0	0	0	0	1	0	0	0	0	0	0	0	0	0	0	0	0	0	0	0	0	0	0	0	0	0	0	0	0	0	1	0	1	0	0	0	0	0	0	2	0	0	0	0	0	0	0	0	0	0	0	0	0	0	0	0	0	0	0	0	0	0	0	0	0	8	0	1	0	0	0	0	89	0	0
OTU1617	0	0	0	0	0	0	0	0	0	0	4	0	1	3	0	0	0	0	0	0	0	0	0	0	0	0	0	0	0	0	0	0	0	0	0	0	0	0	0	0	0	0	0	0	0	0	0	0	0	0	0	0	0	0	0	0	0	0	0	0	66	0	0	6	0	5	1	0	0	0	0	0	0	0	0	0	0	0	0	0	0	0	0	0	0	3	0	0	0	0	0	0	2	0	0	0	0	4	0	0	0	0
OTU1618	0	0	1	0	1	0	0	0	0	0	10	0	0	0	0	0	1	0	0	0	0	0	0	0	0	0	1	0	0	0	0	0	0	0	0	0	56	0	0	0	0	0	0	0	0	0	0	0	0	0	0	3	0	0	0	0	0	1	3	0	0	0	0	0	0	0	0	0	0	0	0	0	2	2	0	0	105	0	0	0	1	63	1	0	0	0	0	0	0	0	0	1	0	0	0	0	0	0	0	0	0	0
OTU1619	0	0	1	0	1	0	0	0	0	0	33	10	0	3	0	0	7	0	0	0	0	21	0	0	0	0	1	0	0	0	0	0	4	0	0	0	262	0	0	0	0	0	0	0	2	0	2	0	0	14	0	59	2	0	0	0	0	3	3	25	0	0	0	0	0	0	0	0	0	1	0	1	9	18	0	1	443	3	1	0	0	215	7	0	0	0	0	7	0	4	0	12	1	1	0	5	0	0	0	0	0	0
OTU162	0	0	0	1	0	0	1	6	0	0	1	0	43	205	4	2	0	0	2	0	0	0	1	0	12	0	4	12	4	8	1	0	0	2	0	0	4	0	5	0	4	3	2	1	7	9	1	22	7	2	2	14	25	3	30	2	246	24	225	5	1	0	0	0	127	0	27	12	238	4	3	4	15	94	4	7	0	17	35	1	12	5	9	1	2	4	4	0	7	5037	2	6	4	19	16	21	6	0	0	0	17	4
OTU1620	0	0	0	0	0	0	0	0	0	0	0	0	0	0	0	0	0	0	1	0	0	0	0	0	0	0	0	0	0	0	0	0	0	0	0	0	0	0	0	0	0	0	0	0	0	0	0	0	0	0	0	0	0	0	0	0	0	0	0	0	0	0	0	0	0	0	0	0	0	0	0	0	0	0	0	0	0	0	0	0	0	0	0	0	0	0	0	0	0	0	0	0	0	1	0	0	0	0	6	58	3	0
OTU1621	0	0	0	0	0	0	0	0	0	0	0	0	0	0	0	0	0	0	0	0	0	0	0	0	0	0	0	0	0	0	0	0	0	1	2	0	0	0	0	0	0	0	0	0	0	0	0	0	0	0	0	0	0	0	0	0	0	0	0	0	0	0	0	0	0	0	0	0	0	0	0	0	0	0	0	0	0	0	0	0	0	0	0	0	0	0	0	0	0	0	0	0	0	7	4	0	0	1	25	146	0	0
OTU1622	0	0	0	0	0	0	2	0	0	0	0	0	0	0	0	0	0	0	0	0	0	0	0	0	0	0	0	0	0	0	0	0	0	1	0	0	0	0	0	0	0	0	0	0	0	0	0	0	0	0	0	0	0	0	0	0	0	0	0	1	1	0	0	0	0	0	0	0	0	0	0	0	0	0	0	0	0	0	0	0	0	0	0	0	0	0	0	0	0	0	0	0	0	0	1	0	0	0	0	64	0	0
OTU1623	0	0	0	0	0	0	0	0	0	0	0	6	0	0	0	83	0	0	0	0	0	0	0	0	0	0	0	0	0	0	0	0	0	0	0	0	0	0	0	0	0	0	0	0	0	0	0	0	0	0	0	0	0	0	0	0	0	0	0	0	1	0	0	0	0	0	0	0	0	0	0	0	0	0	0	0	0	0	0	0	0	0	0	0	0	0	0	0	0	0	0	0	0	0	0	0	0	0	0	0	0	0
OTU1624	0	0	0	0	0	0	0	3	0	0	0	0	3	2	0	0	0	0	0	0	0	0	0	0	0	0	0	0	0	0	0	0	0	0	0	0	0	0	0	0	0	0	0	0	0	0	0	0	0	0	0	1	32	1	0	2	0	0	0	0	0	0	0	0	0	0	0	0	0	0	0	4	44	0	0	0	0	0	0	0	58	0	0	0	0	0	0	0	0	0	0	3	0	0	0	0	0	0	0	0	0	0
OTU1625	0	0	0	0	0	218	0	0	0	0	0	0	10	2	0	0	0	0	0	0	0	0	0	0	0	0	1	0	0	0	0	0	0	0	0	0	0	0	0	0	0	0	0	0	7	0	0	0	30	0	0	17	2	11	1	0	26	1	0	0	2	0	0	0	0	0	0	1	0	0	0	0	0	2	0	0	0	0	0	0	0	0	1	19	0	1	0	0	0	5	0	0	0	0	0	0	124	0	0	0	0	7
OTU1626	0	0	0	0	0	0	0	2	0	0	0	0	2	4	0	0	0	0	0	0	0	0	0	0	0	0	0	0	0	0	0	0	0	0	0	0	0	0	0	0	0	0	0	0	0	0	0	0	0	0	0	0	5	0	0	0	7	0	0	0	0	0	0	1	0	0	1	0	0	0	0	0	0	2	0	141	0	0	0	0	1	0	0	0	0	0	0	0	0	0	0	0	4	0	0	3	4	0	0	0	0	0
OTU1627	0	0	0	0	0	0	0	0	0	0	0	0	0	0	0	64	0	0	0	0	0	0	0	0	0	0	0	0	0	0	0	0	0	0	0	0	0	0	0	0	0	0	0	0	0	1	0	0	0	0	0	0	0	0	0	0	0	0	0	0	0	0	0	0	0	0	0	0	0	0	0	0	0	1	0	0	0	0	0	0	0	0	0	0	0	0	0	0	0	0	0	0	0	0	0	0	0	0	0	0	0	0
OTU1628	0	0	0	0	0	0	0	0	0	0	0	0	0	0	0	0	0	0	4	0	0	0	0	0	0	0	0	0	0	0	0	0	0	68	0	0	0	0	0	0	0	0	0	0	0	1	0	0	0	0	0	0	0	0	0	0	0	0	0	0	0	0	0	6	0	3	0	0	0	0	0	0	0	0	0	0	0	0	0	0	0	0	0	0	0	6	0	0	0	0	0	0	0	0	0	0	0	3	0	0	0	0
OTU1629	0	0	0	0	0	0	0	0	0	0	0	0	0	0	0	0	0	0	0	0	0	0	0	0	0	0	0	0	2	0	0	0	0	0	0	0	7	0	0	0	2	8	12	0	0	0	0	0	0	0	0	0	0	2	0	0	3	0	0	0	0	0	0	0	0	0	0	0	0	0	0	0	0	1	0	0	0	0	22	0	10	0	2	2	0	0	0	2	0	5	8	2	0	0	0	0	0	0	0	0	0	0
OTU163	0	74	0	2	0	0	0	0	2	0	23	3	26	27	1	0	0	0	0	0	0	2	1	0	0	0	3	15	1	287	3	0	105	0	0	47	8	3	43	0	5	2	7	4	3607	6	8	1946	4	5	4	12	46	0	2	37	466	57	50	0	5	2	3	2	0	0	5	0	0	12	1	8	7	92	2	3	5	17	2	6	16	18	339	357	136	17	4	2	8	42	2	2	11	175	12	67	457	0	9	0	0	3
OTU1630	0	0	0	0	0	0	0	0	0	0	0	0	0	0	1	0	0	0	2	0	0	0	0	0	0	0	0	0	0	0	0	0	0	75	0	0	0	0	0	0	1	0	0	0	0	1	0	0	0	0	0	0	0	0	0	0	0	0	0	0	0	0	0	7	0	3	0	0	0	0	0	0	0	0	0	0	0	0	15	0	0	0	0	0	0	2	0	0	0	0	0	0	3	0	0	0	0	4	0	1	1	0
OTU1631	0	0	0	0	0	0	0	0	0	0	0	0	0	0	0	0	0	0	0	0	0	0	0	0	0	0	0	0	2	0	0	0	0	63	0	0	0	0	0	0	0	0	0	0	0	4	0	0	0	0	0	0	0	0	0	0	0	1	0	0	0	0	0	16	0	11	4	0	0	0	0	0	0	0	0	0	0	0	0	0	0	0	0	0	0	10	0	1	0	0	0	0	3	0	0	0	0	28	2	0	3	0
OTU1632	0	0	0	0	0	0	0	0	0	0	0	0	0	0	0	0	0	0	0	0	0	0	0	0	0	0	0	0	0	0	0	0	0	116	0	0	0	0	0	0	0	0	0	0	0	2	0	0	0	0	0	0	0	0	0	3	0	0	0	0	0	0	0	7	0	1	2	0	0	0	0	0	0	0	0	0	0	0	0	0	0	0	0	0	0	1	0	0	0	0	0	0	1	0	0	0	0	2	0	0	0	0
OTU1633	0	0	0	0	0	0	0	0	0	0	0	0	0	1	0	0	0	0	0	0	0	0	0	0	0	0	0	0	0	0	0	0	0	0	0	0	0	0	0	0	0	0	3	0	0	1	0	0	2	0	0	0	6	0	5	6	3	5	2	0	0	0	0	1	0	0	0	0	0	21	0	0	0	4	4	1	10	1	0	29	0	0	0	0	0	0	0	0	0	4	0	0	4	5	0	5	0	1	0	0	0	0
OTU1634	0	0	0	0	0	0	0	0	0	0	0	0	0	1	0	0	0	0	0	0	0	0	0	0	0	0	0	0	0	0	0	0	0	0	0	0	0	0	0	0	0	0	0	0	15	11	0	0	4	0	0	0	0	0	0	0	1	0	14	0	0	0	0	0	0	0	0	0	0	7	0	0	17	9	0	0	0	3	1	0	0	3	0	7	0	0	0	0	0	2	0	0	1	0	0	0	11	0	0	0	0	0
OTU1635	0	0	0	0	0	0	0	0	0	0	0	0	0	0	0	0	0	0	0	0	0	0	0	0	0	0	0	0	0	0	0	0	0	0	0	0	0	0	0	0	0	0	0	1	0	1	0	0	0	0	0	0	4	0	0	0	13	0	0	0	0	0	0	0	0	0	0	0	0	0	0	0	0	2	0	0	0	43	0	0	0	0	0	0	0	0	4	0	0	2	0	0	0	0	0	0	0	0	0	0	0	0
OTU1636	0	0	0	0	0	0	0	0	0	0	0	0	0	0	0	0	0	0	0	0	0	0	0	0	0	0	0	0	0	0	0	0	0	0	0	0	0	0	0	0	0	0	0	0	0	0	0	0	0	0	0	0	0	0	1	0	0	0	1	0	1	0	0	0	53	0	7	0	15	0	0	0	0	0	0	0	0	0	0	0	0	0	0	0	0	0	0	0	0	0	0	0	0	0	0	0	0	0	9	0	0	0
OTU1637	0	0	0	0	0	0	0	0	0	0	0	70	0	0	0	0	0	0	0	0	0	0	0	0	0	0	0	0	0	0	0	0	0	0	0	0	0	0	0	0	0	0	0	0	0	0	0	0	0	0	0	0	0	0	0	0	0	0	0	0	0	0	0	0	0	0	0	0	0	0	0	0	0	0	0	0	0	0	0	0	0	0	0	0	0	0	0	0	0	0	0	0	0	0	0	0	0	0	0	0	0	0
OTU1638	0	0	0	1	0	0	0	0	0	0	0	1	1	1	0	0	0	0	0	0	0	0	0	0	0	0	2	89	0	39	0	0	0	0	1	0	1	0	0	0	0	1	0	0	3	0	0	0	0	0	0	0	3	0	0	0	12	0	3	0	0	0	0	0	0	0	0	0	0	68	30	36	4	4	6	0	0	2	1	0	0	22	0	0	0	0	0	1	0	2	0	0	0	1	0	0	0	0	0	0	0	0
OTU1639	0	0	0	0	0	0	0	0	0	0	0	0	1	0	0	0	0	0	0	0	0	0	0	0	0	0	0	0	0	0	0	0	0	0	5	0	0	0	0	0	0	0	0	0	0	0	0	0	0	12	0	0	5	0	0	0	1	0	1	0	0	0	0	0	0	0	0	0	0	5	0	16	0	2	0	0	0	9	0	0	0	13	1	0	0	0	0	0	18	3	0	0	0	0	0	0	0	0	0	0	0	0
OTU164	0	1	0	3	0	0	3	1	19	1	1	14	69	69	1	0	0	0	16	0	2	1	1	0	6	0	15	206	50	43	180	1	2	0	9	0	24	2	0	0	66	479	34	25	31	28	41	50	60	543	202	102	122	3	38	36	184	58	67	7	4	0	0	13	104	0	168	97	218	193	556	171	42	121	108	30	6	26	178	3	36	37	222	40	98	17	3	168	90	443	36	36	9	90	38	120	61	0	6	0	152	44
OTU1640	0	0	0	0	0	0	0	0	0	0	0	0	0	0	0	0	0	0	0	0	0	72	0	0	0	0	0	0	0	0	0	0	0	0	0	0	3	0	0	0	0	0	0	0	0	0	0	0	0	0	0	0	0	0	0	0	0	0	0	0	0	0	0	0	0	0	0	0	0	0	0	0	0	0	0	0	0	0	0	0	0	0	0	0	0	0	0	0	0	0	0	0	0	0	0	0	0	0	0	0	0	0
OTU1641	0	0	0	0	0	0	1	2	0	0	10	1	0	0	0	0	0	0	2	0	4	0	2	0	0	0	0	0	19	0	3	0	0	350	0	0	0	0	8	0	6	0	43	4	2	13	0	1	0	2	0	0	1	2	1	4	7	9	0	3	106	1	1	404	0	163	12	0	5	61	0	5	4	9	0	0	0	1	0	0	1	23	2	19	4	100	0	16	3	1	0	0	46	8	0	0	0	128	1	0	0	0
OTU1642	0	0	0	0	0	0	0	0	0	0	0	0	3	0	0	0	0	0	0	0	0	0	0	0	0	0	0	2	0	23	0	0	0	3	1	0	0	0	0	0	0	0	0	0	0	1	0	2	1	1	0	2	8	4	0	0	3	2	0	0	0	0	0	0	6	0	3	1	0	1	0	0	0	4	1	0	0	0	0	0	0	0	1	0	0	5	0	24	0	30	0	0	0	6	7	0	0	2	62	67	0	0
OTU1643	0	0	0	0	0	0	0	0	0	0	0	0	0	0	0	0	0	0	0	0	0	0	0	0	0	0	0	0	0	0	0	0	0	74	0	0	0	0	0	0	0	0	0	0	0	0	0	0	0	0	0	0	0	0	0	0	0	0	0	0	0	0	0	6	1	5	3	0	0	0	0	0	0	0	0	0	0	0	0	0	0	0	0	0	2	6	0	0	0	1	0	0	2	0	0	0	0	5	0	0	0	0
OTU1644	0	0	0	0	0	0	0	0	0	0	0	0	0	0	0	0	0	0	0	0	0	0	0	0	0	0	0	0	0	0	0	0	0	67	0	0	0	0	0	0	0	0	0	0	0	0	0	0	0	0	0	0	0	0	0	0	0	0	0	0	0	0	0	0	0	0	0	0	0	0	0	0	0	0	0	0	0	0	0	0	0	0	0	0	0	0	0	0	0	0	0	0	0	0	0	0	0	3	0	0	0	0
OTU1645	0	0	0	0	0	0	0	0	0	0	0	0	0	0	0	0	0	0	0	0	0	0	0	0	0	0	0	0	0	0	0	0	0	0	1	0	0	0	0	0	0	0	0	0	0	0	0	0	0	0	0	0	0	0	0	2	0	0	0	0	62	0	0	53	0	15	0	0	0	0	0	0	0	1	0	0	0	0	0	0	0	0	1	0	0	22	0	0	0	1	0	0	8	0	0	0	0	25	0	3	2	0
OTU1646	0	0	0	0	0	0	0	0	0	0	0	0	0	0	0	0	0	0	0	0	0	0	0	0	0	0	0	7	0	0	2	0	0	0	0	0	0	0	38	0	12	0	0	0	0	0	3	9	0	43	3	2	6	0	0	0	2	0	3	0	0	0	0	2	0	1	0	0	0	0	13	0	3	10	0	10	3	0	9	0	0	2	0	0	0	4	0	0	0	6	0	1	3	2	0	0	0	3	0	0	0	0
OTU1647	0	0	0	0	0	0	0	0	0	0	0	0	0	0	0	0	0	0	0	0	0	0	0	0	0	0	0	0	0	0	0	0	0	0	0	0	0	0	0	0	0	0	0	0	0	0	0	21	0	0	0	0	0	0	0	0	9	2	0	0	0	0	0	0	0	0	0	0	0	0	0	0	0	1	0	0	0	0	0	0	0	0	0	0	9	0	0	0	0	0	0	0	0	1	23	0	0	0	0	2	0	0
OTU1648	0	0	0	0	0	0	1	2	0	0	0	0	0	0	0	0	0	0	0	0	0	0	0	0	0	0	0	0	0	0	0	0	0	0	0	0	0	0	0	0	0	0	0	0	0	0	0	0	0	0	0	0	0	0	1	0	0	0	0	3	0	0	0	0	29	0	30	48	6	0	0	0	0	0	0	0	0	0	0	0	0	0	0	4	0	0	0	0	0	0	0	2	0	0	0	0	0	0	0	0	0	0
OTU1649	0	0	0	0	0	0	0	0	0	0	0	0	3	0	0	0	0	0	0	0	0	0	0	0	0	0	0	0	1	0	0	1	0	0	0	0	0	0	0	0	0	0	0	3	8	0	1	1	0	0	0	0	0	0	2	2	6	0	1	0	0	0	0	22	0	38	1	2	2	1	0	0	7	4	0	0	0	0	0	0	0	0	0	0	0	7	0	0	1	1	0	0	16	0	0	0	0	33	5	0	0	0
OTU165	0	0	0	0	0	0	6	4	0	0	0	0	0	0	0	0	0	0	1	0	2	1	2	1	0	0	0	0	0	0	0	0	2	117	0	3	0	0	0	0	0	0	0	0	0	0	0	0	0	0	0	0	0	0	0	0	1	1	2	7	4	0	0	5	10	0	29	8	32	0	0	0	0	0	0	0	0	0	0	0	0	0	0	0	0	0	0	0	0	0	0	0	0	3	60	2	0	4	85	4670	52	3
OTU1650	0	0	0	0	0	0	0	0	0	0	0	0	0	0	0	0	0	0	0	0	0	0	0	0	0	0	0	0	0	0	0	0	0	0	0	0	0	0	0	0	0	0	0	0	0	0	0	0	0	0	0	0	0	0	0	0	0	0	0	0	102	0	0	2	0	0	0	0	0	0	0	0	0	0	0	0	0	0	0	0	0	0	0	0	0	0	0	0	0	0	0	0	0	0	0	0	0	0	0	0	0	0
OTU1651	0	0	0	0	0	0	0	1	0	0	0	0	0	0	0	0	0	0	0	0	0	0	0	0	0	0	0	1	0	0	0	0	0	0	0	0	0	0	0	0	0	0	0	0	0	0	0	0	0	21	0	0	0	2	0	0	1	2	0	0	0	0	0	0	8	0	0	8	12	0	0	0	0	0	0	0	0	0	0	0	0	0	0	0	0	0	0	0	0	0	0	0	0	0	0	4	0	0	31	0	16	0
OTU1652	0	0	0	0	0	0	0	0	0	0	0	0	0	0	0	0	0	0	0	0	2	0	0	0	0	0	0	0	0	0	0	0	0	0	0	0	0	0	0	0	0	0	0	0	0	0	0	0	0	0	0	0	0	0	0	0	0	0	0	0	0	0	0	0	0	0	0	0	154	0	0	0	0	0	0	0	0	0	0	0	0	0	0	0	0	0	0	0	0	0	0	0	0	0	0	0	0	0	0	0	0	0
OTU1653	0	0	88	0	0	7	3	2	0	0	1	169	0	0	0	0	0	0	0	0	0	0	0	0	0	1	0	3	0	0	0	1	2	1	2	0	0	0	0	0	2	0	0	0	0	1	0	9	0	1	0	2	2	1	0	2	3	0	1	0	6	0	0	99	0	80	2	4	0	0	7	0	0	0	6	0	2	0	0	3	1	0	0	3	0	29	0	1	0	7	0	0	35	0	0	0	1	54	0	0	0	0
OTU1654	0	0	0	0	0	0	2	0	0	0	0	0	0	0	0	0	0	0	0	0	0	0	0	0	0	0	0	0	0	0	0	0	0	0	0	1	0	0	0	0	0	0	0	0	0	0	0	0	0	0	0	0	0	0	0	0	2	0	0	0	0	0	0	0	17	0	35	19	22	1	0	0	0	0	0	0	0	0	0	0	0	0	0	0	0	0	0	0	0	0	0	0	0	0	0	0	0	0	0	0	0	0
OTU1655	0	0	0	0	0	0	0	1	0	0	0	0	1	0	0	0	0	0	0	0	0	0	1	0	0	0	0	0	0	0	0	0	0	63	0	0	0	0	0	0	0	0	0	0	0	0	0	0	0	0	0	0	0	0	0	0	0	0	0	0	0	0	0	0	0	0	0	1	0	0	0	0	0	0	0	0	0	0	0	0	0	0	0	0	0	0	0	0	0	0	0	0	0	0	0	0	0	0	0	0	1	0
OTU1656	0	0	0	0	0	0	0	0	0	0	1	0	2	0	0	0	0	0	0	0	0	0	2	0	0	0	0	3	0	0	2	0	0	0	0	0	0	9	26	0	0	0	5	0	0	1	0	0	0	2	0	0	1	0	0	0	2	0	2	0	0	0	0	0	0	0	0	0	0	0	0	0	0	2	0	0	0	1	0	0	2	0	4	6	0	2	16	0	0	0	0	0	0	1	0	0	0	0	0	0	0	0
OTU1657	0	0	0	0	0	0	0	0	0	0	0	0	0	0	0	0	0	0	0	0	58	0	0	0	0	0	0	0	0	0	0	0	0	0	0	0	0	0	0	0	0	0	1	0	0	0	0	0	0	0	0	0	0	0	0	0	0	0	0	0	0	0	0	3	0	0	0	0	0	0	0	0	0	0	0	0	0	0	0	0	0	0	0	0	0	0	0	0	0	0	0	0	0	0	0	0	0	0	2	0	0	0
OTU1658	0	0	0	0	0	0	0	0	0	0	0	0	1	0	0	0	0	0	0	0	0	0	0	0	0	0	0	1	4	23	0	0	0	0	0	2	0	0	0	0	0	0	0	0	0	0	0	7	0	9	0	15	0	0	0	0	3	3	6	0	0	0	0	0	0	0	0	0	1	1	0	2	2	1	0	0	1	0	8	0	0	0	0	0	11	0	0	0	0	1	0	0	0	0	0	0	0	0	0	0	0	0
OTU1659	2	0	0	0	0	0	0	0	0	0	0	0	2	3	0	0	0	0	0	0	0	0	1	0	1	0	5	0	2	0	13	0	0	0	2	0	10	3	0	0	0	0	0	0	0	11	0	0	57	0	12	3	53	0	1	4	14	0	1	0	2	0	0	0	0	0	1	0	2	7	0	14	0	22	1	13	0	0	9	8	3	1	4	5	1	0	17	9	2	6	11	10	1	3	0	6	34	0	0	0	0	0
OTU166	0	0	0	0	0	0	3	2	0	0	1	0	3	0	0	0	0	0	3	0	3	2	5	0	4	0	0	1	0	0	0	5	3	45	10	1	0	1	0	0	0	0	0	0	0	1	27	1	0	16	0	1	0	0	2	3	7	2	0	2	5	2	0	8	2	5	46	8	12	0	0	9	0	15	0	73	4	0	7	0	0	0	0	11	0	0	2	2	1	1	1	0	2	72	50	35	15	7	1442	2120	708	555
OTU1660	0	0	0	0	0	0	0	0	0	0	0	0	0	0	0	0	0	0	0	0	0	0	0	0	0	0	0	0	0	0	0	0	604	0	1	0	0	0	1	0	0	0	0	0	7	0	0	0	0	0	0	0	0	0	0	0	0	0	0	0	1	0	0	0	0	3	0	1	0	0	0	0	0	0	0	0	0	0	0	0	0	0	0	0	0	0	0	0	0	0	0	0	0	0	0	0	0	0	0	0	0	0
OTU1661	0	0	0	0	0	0	1	0	0	0	0	0	0	0	0	0	0	0	0	0	0	0	0	0	0	0	0	0	0	0	0	0	0	130	2	0	0	0	0	0	0	0	0	0	0	2	0	0	0	0	0	0	0	0	0	0	0	0	0	0	0	0	0	0	0	0	0	1	0	0	0	0	0	0	0	0	0	0	0	0	0	0	0	0	0	1	0	0	0	0	0	0	0	0	0	0	0	0	0	0	0	0
OTU1662	0	0	0	0	0	0	0	0	0	0	1	1	0	4	0	0	0	0	2	0	0	2	0	0	0	1	0	1	0	0	0	0	0	204	0	0	0	0	0	0	0	0	0	0	0	3	0	0	0	0	0	0	0	0	0	3	0	0	0	0	0	0	0	68	0	46	1	0	1	0	0	0	0	0	0	0	1	0	0	0	0	0	0	0	0	16	0	0	0	0	0	0	26	1	0	0	0	88	0	0	0	0
OTU1663	0	0	0	0	0	0	0	0	0	0	0	0	0	0	0	0	0	0	0	0	0	0	0	0	0	0	0	0	0	0	0	0	0	0	0	0	0	0	0	0	0	0	0	70	0	0	0	0	0	0	3	0	1	0	0	0	0	0	0	0	0	0	0	4	0	2	0	8	0	1	0	0	0	0	0	0	0	0	0	0	0	0	0	0	0	0	0	0	0	0	0	0	0	0	0	0	0	1	0	0	0	0
OTU1664	0	0	0	0	0	0	0	1	0	0	0	4	0	1	0	0	0	0	0	0	0	0	0	0	0	0	0	0	0	0	0	0	0	0	0	0	0	0	0	0	0	0	0	1	6	0	0	33	0	2	0	0	1	0	10	3	13	0	0	0	1	0	0	2	82	1	14	11	15	0	0	0	0	7	0	0	1	0	0	0	0	0	0	0	0	0	0	0	0	0	1	0	0	13	12	0	0	2	3	0	0	0
OTU1665	0	0	0	0	0	0	0	0	0	0	0	0	0	0	0	0	0	0	0	0	0	0	0	0	0	0	0	2	0	0	16	0	0	3	0	0	0	0	0	0	0	0	0	1	0	24	8	0	61	0	0	0	7	0	0	3	3	7	0	0	0	0	0	1	0	0	0	0	0	1	0	0	1	1	0	0	0	0	2	0	0	0	1	0	0	0	0	0	1	0	0	0	0	3	0	0	9	0	0	0	0	0
OTU1666	0	0	0	0	0	0	0	0	0	0	0	0	0	0	0	0	0	0	0	0	0	0	0	0	0	0	0	0	0	0	0	0	0	0	0	0	0	0	0	0	0	0	0	0	0	0	0	0	0	0	0	1	26	2	0	0	7	2	0	0	0	0	0	0	0	0	0	0	0	0	0	7	10	0	3	0	2	5	7	0	0	0	0	0	0	0	12	0	9	0	0	0	0	0	0	0	0	0	0	0	0	1
OTU1667	0	0	0	0	0	0	0	0	1	0	0	0	0	0	0	0	0	0	0	0	0	0	0	0	0	0	0	0	0	0	0	0	0	0	0	0	0	0	0	0	0	0	0	0	0	0	0	0	0	0	0	0	0	0	0	0	1	0	0	0	68	0	0	36	0	22	0	0	1	0	0	0	0	2	0	0	0	0	0	0	0	0	1	0	0	15	0	0	0	0	0	0	9	0	0	0	0	19	1	0	1	0
OTU1668	0	0	0	0	0	0	0	0	0	0	0	0	0	0	0	0	0	0	0	0	2	1	0	0	0	0	0	0	0	0	0	0	0	0	1	1	0	0	0	0	0	0	0	0	0	0	0	0	0	0	0	1	0	0	0	1	1	0	0	0	1	0	0	54	0	30	0	0	0	0	0	0	0	0	1	0	0	0	0	0	0	0	0	0	0	5	0	0	0	1	0	0	6	0	0	0	0	26	0	0	0	0
OTU1669	0	3	0	1	0	0	0	0	0	0	24	1	0	0	0	0	0	0	0	0	0	0	0	0	0	0	0	1	0	0	0	0	0	0	0	0	0	1	0	0	0	0	0	0	0	0	0	0	0	0	0	16	0	0	0	0	7	0	0	0	0	0	0	0	0	0	0	0	0	0	0	242	0	0	0	0	0	0	0	0	0	0	2	0	0	0	0	0	0	0	0	0	7	0	0	0	0	0	0	0	0	0
OTU167	9	6	3	1	0	1	5	2	3	0	5	23	26	28	0	0	1	1	0	0	3	0	0	1	0	0	142	302	44	112	206	0	5	239	2	0	2	2	6	3	11	5	16	13	47	13	32	79	22	11	24	9	40	9	105	1564	369	323	316	0	179	0	0	90	8	85	53	34	18	7	15	38	15	81	8	1	7	3	2	2	35	13	12	21	23	50	5	2	22	42	0	17	93	274	28	82	83	55	761	212	100	91
OTU1670	0	0	0	0	0	0	0	0	0	0	0	0	0	0	0	0	0	0	0	0	0	0	0	0	0	0	0	0	0	0	0	0	0	2	0	0	0	0	0	0	0	0	0	0	0	0	0	0	0	0	0	0	0	0	0	0	0	0	0	0	1	0	0	0	0	0	0	0	2	0	0	0	0	0	0	0	0	0	0	0	0	0	0	1	0	0	0	0	0	0	0	0	0	0	0	0	0	0	0	71	12	0
OTU1671	0	0	0	0	0	0	2	0	0	0	0	0	2	0	2	0	0	0	0	0	0	0	0	0	0	0	0	0	0	0	0	0	0	1	0	0	0	0	0	0	0	0	0	0	0	0	0	0	0	0	0	0	0	0	0	4	1	1	0	0	0	0	0	47	0	12	0	1	0	0	0	0	0	0	0	0	0	0	0	0	0	2	0	0	0	25	0	0	0	0	0	0	7	1	0	0	0	31	0	0	0	1
OTU1672	1	0	0	0	0	0	0	0	1	77	0	1	2	0	0	0	0	0	0	0	0	0	0	0	0	0	0	0	0	2	0	0	0	0	0	0	0	0	3	0	0	0	7	2	0	0	0	0	0	0	0	0	0	0	0	0	2	1	0	0	0	0	0	0	0	0	0	0	0	0	3	0	0	7	0	0	0	0	0	0	1	0	0	0	0	0	0	0	0	0	0	0	0	0	0	2	0	0	0	0	0	0
OTU1673	0	0	0	0	0	0	0	0	0	0	4	0	0	0	0	0	0	0	0	0	0	0	0	0	0	0	0	0	0	0	0	0	0	0	0	0	0	0	0	0	0	0	0	0	2	0	0	0	0	0	0	0	0	0	0	0	0	0	0	0	0	0	0	0	0	0	0	0	0	0	0	0	0	0	0	0	64	0	0	0	0	0	0	0	0	0	0	0	0	0	0	0	0	1	0	0	0	0	0	0	0	0
OTU1674	0	0	0	0	0	0	0	0	0	0	0	0	2	0	0	0	0	0	0	0	0	3	0	0	0	0	0	7	0	0	0	0	0	0	0	0	26	0	0	0	0	0	0	0	0	0	0	0	0	0	7	1	0	0	0	0	4	1	0	0	0	0	0	0	0	0	0	0	0	0	10	0	0	0	0	0	0	2	0	0	1	0	0	0	0	0	0	4	5	0	0	0	0	0	0	3	0	0	0	0	0	0
OTU1675	1	2	0	0	0	2	0	0	0	0	0	0	2	0	0	0	0	0	2	0	0	0	0	0	0	0	0	3	0	16	0	0	0	0	0	0	3	0	0	0	0	0	0	0	0	0	0	0	9	1	0	10	2	5	0	0	0	0	1	0	0	0	0	0	0	0	0	0	0	2	7	0	8	2	4	0	0	0	14	1	0	0	0	0	0	0	0	0	0	12	8	4	0	0	0	0	0	0	0	0	0	0
OTU1676	0	0	0	4	0	0	0	0	0	0	0	0	0	0	0	0	0	0	0	0	0	0	0	0	0	0	0	5	0	0	0	0	0	0	0	0	0	0	0	0	0	0	0	0	4	0	6	0	0	0	0	4	0	0	5	0	4	3	2	0	0	0	0	0	0	0	2	0	2	0	0	0	2	0	0	0	0	0	0	0	1	0	0	8	1	0	0	0	0	1	0	0	0	8	1	0	2	0	90	0	14	20
OTU1677	0	0	0	0	0	0	0	0	0	0	0	0	0	0	0	0	0	0	0	0	0	0	0	0	0	0	0	0	0	0	0	0	0	70	0	0	0	0	0	0	0	0	0	0	0	4	0	0	0	0	0	0	0	0	0	0	0	0	0	0	0	0	0	0	0	0	0	0	0	0	0	0	0	0	0	0	0	0	0	0	0	0	0	0	0	0	0	0	0	0	0	0	0	0	0	0	0	0	0	0	0	0
OTU1678	0	0	0	0	0	0	0	0	0	0	0	0	0	0	0	0	0	0	0	0	0	0	0	0	0	0	0	0	0	0	0	0	0	96	0	0	0	0	0	0	0	0	0	0	0	0	0	0	0	0	0	0	0	0	0	0	0	0	0	0	0	0	0	9	0	15	2	0	0	0	0	0	0	0	0	0	0	0	0	0	0	0	0	0	0	5	0	0	0	0	0	0	0	0	0	0	0	8	0	0	0	0
OTU1679	0	0	0	0	0	0	0	0	0	0	3	0	0	0	0	0	0	0	0	0	0	0	0	0	0	0	0	0	0	0	0	0	0	65	0	0	0	0	0	0	0	0	0	0	0	5	0	0	0	0	0	1	0	0	0	0	0	0	0	0	0	0	0	11	0	3	0	0	0	0	0	0	0	2	0	0	0	0	0	0	0	0	0	0	0	3	0	0	0	0	0	0	2	0	0	0	0	14	0	0	0	0
OTU168	2	1	0	0	0	0	17	1	43	0	4	0	27	48	2	0	0	0	0	0	214	0	0	0	2	0	5	68	13	82	56	8	2	2	2	3	12	4	6	2	1645	3	13	69	10	7	18	136	3	4	13	14	104	9	9	5	117	108	40	3	10	0	24	7	4	5	4	1	11	5	2	17	9	72	2	0	6	9	57	0	526	33	154	16	1055	43	31	21	4	66	17	20	23	37	14	12	51	3	43	223	76	26
OTU1680	0	0	0	0	0	0	0	0	0	0	0	0	0	0	0	0	0	0	0	0	0	0	0	0	0	0	0	0	0	0	0	0	0	0	0	0	0	0	0	0	0	0	0	1	0	1	1	2	13	18	2	13	0	0	5	3	1	0	12	0	0	0	0	0	0	0	0	0	0	0	3	10	15	0	0	0	0	0	0	0	0	0	0	0	0	1	0	0	0	9	0	0	0	0	0	0	0	0	0	0	0	0
OTU1681	0	0	0	0	0	0	0	0	0	0	0	0	0	0	0	0	0	0	0	0	0	0	0	0	0	0	0	0	0	0	0	0	0	0	0	0	0	0	0	0	0	0	0	0	3	0	0	0	0	1	0	0	1	0	0	13	9	1	0	0	0	0	0	0	0	0	2	0	0	0	0	0	0	4	0	0	0	0	0	0	0	5	0	0	0	0	0	0	0	2	0	5	0	0	0	0	43	0	0	0	0	0
OTU1682	0	1	0	0	0	0	0	0	0	0	10	0	0	0	0	0	2	0	0	0	0	2	0	0	0	0	0	0	0	0	0	0	0	0	0	0	109	0	0	0	0	1	0	0	2	0	0	0	0	5	0	24	2	1	0	0	0	0	0	0	0	0	0	0	0	0	0	0	0	0	0	4	8	9	3	0	142	2	2	0	0	41	0	0	0	0	0	4	0	0	0	2	0	0	0	5	0	0	0	0	0	0
OTU1683	0	1	0	0	0	0	0	0	0	0	1	0	0	0	0	0	0	0	0	0	0	0	0	0	0	0	0	0	0	0	0	0	0	0	0	0	0	5	6	0	2	0	0	0	0	0	0	8	0	8	0	0	0	0	2	6	3	2	0	0	0	0	0	1	0	0	0	0	0	0	0	13	0	0	0	0	0	0	0	0	0	0	5	0	3	2	0	2	14	1	0	0	1	0	0	0	0	0	0	0	0	0
OTU1684	0	1	0	0	0	0	0	0	0	0	0	0	0	1	0	0	0	0	0	0	0	0	0	0	0	0	0	2	0	0	0	0	0	0	0	0	0	0	0	0	0	0	0	0	2	0	0	0	0	0	0	0	4	0	0	0	0	0	0	0	0	0	0	1	0	0	0	0	0	0	0	0	0	1	0	0	0	0	0	0	0	0	78	0	0	0	0	0	0	0	0	0	0	0	0	0	0	0	0	0	0	0
OTU1685	0	0	0	0	0	0	60	0	0	0	0	0	0	0	0	0	0	0	0	0	0	0	0	0	0	0	0	0	0	0	0	0	0	0	0	0	0	0	0	0	0	0	0	0	0	0	0	0	0	0	0	0	0	0	0	0	0	0	0	0	0	0	0	0	0	0	0	1	0	0	0	0	0	0	0	0	0	0	0	0	2	0	0	0	0	0	0	0	0	0	0	0	0	0	0	0	0	4	0	0	0	0
OTU1686	0	0	0	1	0	0	0	0	0	0	1	0	0	0	0	0	0	0	0	0	0	0	0	0	0	0	0	0	0	0	0	0	0	0	0	0	0	0	0	0	0	0	0	0	0	0	0	0	0	0	0	0	0	0	0	1	0	0	0	0	0	0	0	63	1	21	0	0	0	0	0	0	0	0	0	0	0	0	0	0	0	0	0	2	0	21	0	0	0	2	0	0	6	0	0	1	0	27	0	0	0	0
OTU1687	0	0	0	0	0	0	0	0	0	0	0	0	2	0	0	0	0	0	0	0	0	0	0	0	0	1	0	0	0	0	0	0	1	14	0	1	0	0	0	0	0	0	0	0	0	2	0	0	0	0	0	0	0	0	0	4	5	0	0	0	0	0	0	73	0	7	0	3	0	0	0	0	0	1	0	0	0	0	0	0	0	0	0	0	0	13	0	0	0	0	0	0	9	0	0	0	0	24	0	0	1	0
OTU1688	0	0	0	0	0	0	0	0	0	0	0	0	0	2	0	0	0	0	0	0	0	0	0	0	0	0	0	0	0	0	0	0	0	0	0	0	0	0	0	0	0	0	0	0	0	0	0	5	0	0	0	0	2	0	0	0	5	1	0	0	0	0	0	0	0	1	0	0	0	0	0	0	0	2	0	0	0	0	0	0	0	0	0	0	0	0	0	0	0	0	0	0	0	16	8	21	29	0	0	0	0	3
OTU1689	0	0	0	0	0	0	0	0	0	0	0	0	0	0	0	0	0	0	0	0	0	0	0	0	4	0	0	0	0	0	0	0	0	0	0	0	0	0	0	0	0	0	0	0	0	0	0	0	0	0	0	0	0	0	0	0	0	0	0	0	0	0	0	0	0	0	2	0	3	0	0	0	0	0	0	0	0	0	0	0	0	0	0	0	0	0	0	0	0	0	0	0	0	1	0	3	1	0	0	0	76	12
OTU169	0	0	0	0	0	0	9	4	0	0	2	0	0	0	0	0	0	0	2	0	1	3	0	1	4	1	0	3	0	0	0	1	1	2	0	3	0	0	0	0	0	0	0	0	0	0	0	0	0	0	0	1	1	0	40	0	17	11	94	9	0	0	0	3	1482	4	675	209	2868	8	0	0	0	0	0	0	0	0	0	0	0	0	0	0	0	0	0	0	0	0	0	0	0	0	0	0	0	9	3	5	20	2
OTU1690	0	0	0	0	0	0	0	0	0	0	0	0	0	0	0	0	0	0	0	0	0	0	0	0	0	0	15	0	0	0	0	0	1	0	1	0	0	0	0	0	1	0	0	0	0	0	0	0	0	0	0	0	1	0	0	0	1	2	0	0	0	0	0	0	0	0	0	0	0	0	0	0	0	1	0	0	0	0	0	5	1	0	0	0	0	0	0	0	51	2	0	0	0	0	0	0	0	0	0	0	0	0
OTU1691	0	0	0	0	0	0	0	0	0	0	0	0	0	0	0	0	0	0	0	0	0	0	0	0	0	0	0	9	0	0	0	0	0	0	1	0	0	0	1	0	0	0	0	1	0	0	0	0	1	2	0	0	15	0	0	0	0	0	0	0	0	0	0	0	0	0	0	0	0	0	6	11	0	0	0	0	0	0	10	0	0	0	0	0	0	0	0	0	0	4	6	0	0	0	0	0	0	0	0	0	0	0
OTU1692	0	0	0	0	0	0	0	0	0	0	0	0	0	0	0	0	0	0	0	0	0	0	0	0	0	0	0	0	0	0	0	0	0	71	0	0	0	0	0	0	0	0	0	0	0	0	0	0	0	0	0	0	0	0	0	0	0	0	0	0	0	0	0	0	0	0	0	0	0	0	0	0	0	0	0	0	0	0	0	0	0	0	0	0	0	0	0	0	0	0	0	0	0	0	0	0	0	0	0	0	0	0
OTU1693	0	0	0	0	0	0	1	0	0	0	0	0	0	0	0	0	0	0	0	0	0	0	0	0	0	0	0	0	0	0	0	0	0	82	0	0	0	0	0	0	0	0	0	0	0	3	0	0	0	0	0	0	0	0	0	0	0	0	0	0	0	0	0	0	0	0	0	0	0	0	0	0	0	0	0	0	0	0	0	0	0	0	0	0	0	0	0	0	0	0	0	0	0	0	0	0	0	0	0	0	0	0
OTU1694	0	0	0	0	0	0	0	0	0	0	0	0	0	0	0	0	0	0	0	0	0	0	0	0	0	0	0	0	0	0	0	0	0	64	0	0	0	0	0	0	0	0	0	0	0	0	0	0	0	0	0	0	0	0	0	0	0	0	0	0	0	0	0	3	0	0	0	0	0	0	0	0	0	0	0	0	0	0	0	0	0	0	0	0	0	0	0	0	0	0	0	0	0	0	0	0	0	5	0	0	0	0
OTU1695	0	0	0	0	0	0	0	0	0	0	0	0	0	0	0	0	0	0	0	0	0	0	0	0	0	0	0	0	0	0	0	0	0	0	0	0	2	0	0	0	3	0	6	0	0	0	0	0	0	3	0	1	0	5	0	9	2	0	0	0	0	0	0	0	0	0	0	0	0	0	0	44	0	1	2	0	0	2	7	0	11	0	0	3	0	0	0	15	0	0	0	1	1	0	0	0	0	0	0	0	0	0
OTU1696	0	0	0	0	0	0	0	0	0	0	0	0	0	0	0	0	0	0	0	0	0	0	0	0	0	0	0	0	0	0	0	0	0	0	0	0	0	0	0	0	0	0	0	0	0	0	0	1	0	0	0	6	0	0	0	0	0	0	0	0	0	0	0	0	0	0	0	0	0	0	0	2	4	0	0	0	0	0	0	0	0	32	0	0	0	0	0	0	0	0	0	0	0	7	0	2	4	0	7	0	4	3
OTU1697	0	0	0	2	0	0	0	0	0	0	0	1	4	0	1	0	0	0	0	0	0	0	0	0	0	0	0	0	0	0	0	0	0	0	0	0	0	13	0	0	0	0	0	0	0	0	0	0	0	0	0	3	1	1	0	132	15	0	1	0	0	0	0	0	0	4	0	0	0	0	0	0	0	2	0	0	1	0	0	0	0	0	0	0	0	0	0	0	0	3	0	0	4	0	0	0	0	0	0	0	0	0
OTU1698	0	0	0	0	0	0	0	0	0	0	0	0	0	0	0	0	0	0	0	0	0	0	0	0	0	0	0	0	0	0	0	0	0	0	3	0	0	0	0	0	8	0	0	0	0	0	0	0	0	0	0	0	0	0	0	1	0	0	0	0	0	0	0	30	0	41	0	3	0	0	0	0	0	0	0	0	0	0	0	0	0	0	0	0	0	5	0	0	0	0	0	0	3	0	0	0	0	24	8	11	11	6
OTU1699	0	0	0	0	0	0	0	0	1	0	24	0	0	7	0	0	2	0	0	0	4	12	0	0	0	0	3	0	0	0	0	0	0	0	0	0	113	0	0	0	0	4	2	0	2	0	0	0	0	13	0	24	0	0	1	0	0	0	0	2	0	0	0	0	0	0	3	0	0	0	0	5	7	7	0	0	193	2	0	0	0	17	0	0	0	0	0	4	0	0	0	3	0	0	0	5	0	0	0	0	0	0
OTU17	88	21	0	39	1	0	4	2	127	4	69	179	234	327	5	0	101	0	27	0	83	7	200	31	8	1	975	1865	16198	1134	1944	1	18	13	241	6	200	9636	823	2	1503	1436	3391	131	72	541	852	28	89	1476	481	194	404	72	104	125	2376	271	118	9	0	5	0	32	0	4	41	35	19	366	3018	1531	44	713	106	61	2499	907	662	438	336	125	98	126	63	85	3188	15826	1833	361	111	824	178	324	83	230	532	7	9	2	12	8
OTU170	2	1	5	3	0	0	5	8	39	2	9	2	30	47	1	0	0	0	27	0	0	0	3	0	0	0	25	15	0	461	62	6	0	0	2	17	0	6	19	0	6	1249	11	264	13	38	262	615	2	67	0	13	28	5	13	12	253	141	69	3	3	8	1	22	2	15	5	5	0	4	1	32	104	76	27	40	11	18	5	4	12	76	79	306	97	19	7	71	18	32	16	15	12	253	197	107	408	10	10	7	2	8
OTU1700	0	0	0	0	0	0	0	0	0	0	2	0	0	0	0	0	0	0	0	0	0	0	0	0	0	0	0	2	0	0	0	0	0	0	0	0	0	0	0	0	0	0	0	0	0	0	0	0	0	0	0	3	0	0	0	0	0	0	0	0	0	0	0	0	0	0	0	0	0	0	0	0	0	0	0	0	0	0	0	0	0	0	0	0	0	0	0	0	0	0	0	0	0	1	2	0	0	0	79	8	0	0
OTU1701	0	0	0	0	0	0	0	0	0	0	0	0	0	0	0	0	0	0	0	0	0	0	0	0	0	0	0	0	0	0	0	0	0	0	0	0	0	0	0	0	0	0	0	0	0	0	0	0	0	0	0	0	0	0	0	0	0	0	0	0	0	0	0	0	0	0	2	0	0	0	0	0	0	0	0	0	0	0	0	0	0	0	0	0	0	0	0	0	0	0	0	0	0	0	0	0	2	0	0	0	30	44
OTU1702	0	0	0	0	0	0	0	0	0	0	0	0	2	1	0	0	0	0	0	0	2	0	0	0	0	0	0	1	0	0	0	0	0	0	0	0	0	0	0	0	0	0	9	0	0	0	0	0	4	4	0	0	0	0	0	0	3	6	4	0	0	0	0	0	0	0	0	0	0	0	0	6	0	2	0	0	0	2	0	0	0	0	0	0	1	1	4	10	0	0	10	0	0	0	0	0	28	0	0	0	0	0
OTU1703	0	2	0	0	0	0	0	0	0	0	0	0	0	0	0	0	0	0	0	0	0	0	0	0	0	0	0	1	0	0	0	0	0	0	0	0	0	0	0	0	0	0	0	0	4	0	0	0	0	0	0	0	1	0	0	0	5	2	0	0	0	0	0	0	0	0	0	0	1	0	0	0	0	54	3	0	0	0	0	0	1	0	0	1	0	0	0	0	0	4	0	0	0	0	0	0	5	0	0	0	0	0
OTU1704	0	0	0	0	0	0	0	0	0	0	0	0	0	0	0	0	0	0	0	0	0	0	1	0	0	0	0	0	0	0	0	0	0	4	0	0	0	0	0	0	0	0	0	0	0	0	0	0	0	0	0	0	0	0	0	0	0	0	0	0	0	0	0	0	0	0	0	0	0	0	0	0	0	0	0	0	0	0	0	0	0	0	0	0	0	0	0	0	0	0	0	0	0	7	0	0	0	0	1	37	14	0
OTU1705	0	0	0	0	0	0	0	0	0	0	0	0	0	0	0	0	0	0	0	0	0	0	0	0	0	0	0	0	0	0	0	0	0	74	0	0	0	0	0	0	0	0	0	0	0	0	0	0	0	0	0	0	0	0	0	0	0	0	0	0	0	0	0	0	0	0	0	0	0	0	0	0	0	0	0	0	0	0	0	0	0	0	0	0	0	0	0	0	0	0	0	0	0	0	0	0	0	2	1	0	0	0
OTU1706	0	0	0	0	0	0	0	0	0	0	0	0	0	0	0	0	0	0	0	0	0	0	0	0	0	0	0	0	0	0	0	0	0	72	0	0	0	0	0	0	0	0	0	0	0	1	0	0	0	0	0	0	0	0	0	0	3	0	0	1	0	0	0	0	0	0	0	0	0	0	0	0	0	0	0	0	0	0	0	0	0	0	0	0	0	5	0	0	0	0	0	0	1	0	0	0	0	4	0	0	0	0
OTU1707	0	0	0	0	0	0	0	0	0	0	0	0	0	0	0	0	0	0	0	0	0	0	0	0	0	0	0	0	0	0	0	0	0	57	0	0	0	0	0	0	0	0	0	0	0	4	0	0	0	0	0	0	0	0	0	0	0	0	0	0	0	0	0	0	0	1	0	0	0	0	0	0	0	0	0	0	0	0	0	0	0	0	0	0	0	0	0	0	0	0	0	0	0	0	0	0	0	0	1	0	0	0
OTU1708	0	0	0	0	0	0	0	1	0	0	0	0	0	0	0	0	0	0	0	0	0	0	1	0	0	0	0	0	0	0	0	0	0	59	0	0	0	0	0	0	0	0	0	0	0	1	0	0	0	0	0	0	0	0	0	0	0	0	0	0	0	0	0	6	0	0	0	0	0	0	0	0	0	0	0	0	0	0	0	0	0	0	0	0	0	2	0	0	0	0	0	0	0	0	0	0	0	3	0	0	0	0
OTU1709	0	0	0	0	0	0	0	0	0	0	0	0	0	0	0	0	0	0	0	0	0	0	0	0	0	0	0	0	0	0	0	0	0	61	0	0	0	0	0	0	0	0	0	0	0	0	0	0	0	0	0	0	0	0	0	1	0	0	0	0	0	0	0	7	0	0	0	3	0	0	0	0	0	0	0	0	0	0	0	0	0	0	0	0	0	1	0	0	0	0	0	0	0	0	0	0	0	0	0	0	0	0
OTU171	75	0	0	4	0	0	0	2	51	0	1	8	24	26	1	0	1	0	39	0	0	0	0	0	19	0	5	8	4	2	1	0	0	0	0	1	2	5	2	0	6	1744	5	2	3	6	2	1	3	0	0	3	22	90	3	0	28	4	140	0	6	0	0	0	0	0	0	0	2	1	2	1	2	64	1	3	10	2	806	1	8	1	185	0	0	2	8	4	2	20	1521	419	104	2	9	31	5	1	0	0	0	0
OTU1710	0	0	0	0	0	0	0	0	0	0	0	0	0	0	0	0	0	0	0	0	0	0	0	0	0	0	0	0	0	0	0	0	0	63	0	0	0	0	0	0	0	0	0	0	0	1	0	0	0	0	0	0	0	0	0	0	0	0	0	0	0	0	0	1	0	0	0	0	0	0	0	0	0	0	0	0	0	0	0	0	0	0	0	0	0	2	0	0	0	0	0	0	0	0	0	0	0	0	0	0	0	0
OTU1711	0	0	0	0	0	0	0	0	0	0	0	0	0	0	0	0	0	0	0	0	0	0	0	0	0	0	0	0	0	0	0	0	1	4	0	0	0	0	0	0	0	0	0	0	0	0	0	0	0	0	0	0	0	0	1	0	0	0	0	1	0	0	0	0	8	0	3	2	0	0	0	0	0	0	0	0	0	0	0	0	0	0	0	0	0	0	0	0	0	0	0	0	0	3	0	2	0	0	19	67	28	8
OTU1712	1	0	0	0	0	0	0	0	0	0	0	1	0	0	0	0	0	0	0	0	0	0	0	0	0	0	0	0	1	0	0	0	0	0	0	0	98	0	0	0	3	0	21	0	5	1	0	1	0	2	0	0	2	0	0	0	3	0	0	0	0	0	0	0	0	0	0	2	0	0	0	0	0	7	0	3	0	0	0	5	23	0	0	0	0	0	49	1	0	0	3	8	2	0	0	0	0	0	0	0	2	0
OTU1713	0	0	0	0	0	0	0	0	0	0	1	0	0	1	0	0	0	0	0	0	0	0	0	0	0	0	0	0	0	0	0	0	0	0	0	1	0	0	52	0	8	3	0	0	0	0	0	0	0	0	0	0	0	0	0	0	0	1	2	0	0	0	0	0	0	0	0	0	2	1	0	0	0	0	0	0	2	0	0	0	0	0	0	1	0	0	0	0	0	2	0	0	0	0	0	1	0	0	0	0	0	0
OTU1714	0	0	0	0	0	0	0	0	0	0	0	0	0	0	0	0	0	0	0	0	0	0	1	0	0	0	0	0	0	0	0	0	0	0	0	0	0	0	0	0	0	0	0	0	0	0	0	0	0	0	0	0	0	0	1	0	0	3	2	0	0	0	1	0	45	0	12	25	28	0	0	0	0	1	0	0	0	0	0	0	0	0	0	0	0	0	0	0	0	0	0	0	0	0	0	0	0	0	0	0	2	13
OTU1715	0	0	0	0	0	0	0	0	0	0	0	0	0	0	0	0	0	0	0	0	0	0	0	0	0	0	0	0	0	0	0	0	0	0	0	0	0	0	0	0	0	0	0	0	0	0	0	0	0	0	0	0	0	0	0	0	0	0	0	0	0	0	0	0	0	0	1	0	0	0	0	0	0	0	0	0	0	0	0	0	0	0	0	0	0	0	0	0	0	0	0	0	0	0	1	0	0	0	0	70	0	0
OTU1716	0	0	0	0	0	0	0	0	0	0	4	0	0	0	0	0	0	0	0	0	0	0	1	0	0	0	0	0	0	0	0	0	0	89	0	0	0	0	0	0	0	0	0	0	0	3	0	0	0	0	0	0	0	0	0	1	0	0	0	0	0	0	0	23	0	14	0	0	0	0	0	0	0	1	0	0	0	0	0	0	0	0	0	0	0	13	0	0	0	0	0	0	1	0	0	0	0	17	0	0	0	0
OTU1717	0	0	0	0	0	0	0	0	0	0	2	0	2	0	0	0	0	0	0	0	0	0	0	0	0	0	0	0	0	0	0	0	0	0	0	0	0	0	0	0	0	0	0	0	0	0	0	0	0	0	0	0	1	0	0	0	2	0	0	0	0	0	0	61	0	15	0	0	0	0	0	0	0	1	0	0	0	0	0	0	0	0	0	0	0	29	0	0	0	1	0	0	7	0	0	0	0	29	0	0	0	0
OTU1718	0	0	0	0	0	0	1	0	0	0	0	19	7	8	0	0	0	0	2	0	1	2	1	0	0	0	2	1	1	0	0	0	0	0	0	0	3	1	1	0	0	8	0	56	0	3	1	7	0	2	2	3	7	0	8	12	295	183	0	0	0	0	0	0	0	0	9	1	0	9	0	1	0	8	10	0	0	2	0	0	4	1	2	0	0	0	0	0	0	6	0	0	9	6	5	8	3	1	133	231	63	67
OTU1719	0	0	0	0	0	0	0	0	0	0	0	0	1	0	0	0	0	0	0	0	0	0	0	0	0	0	0	1	0	0	0	0	0	0	0	0	2	0	0	0	0	22	0	0	0	2	3	0	0	0	0	0	10	0	0	1	2	0	2	0	0	0	0	0	7	0	3	0	4	0	0	0	0	0	0	0	0	0	4	0	1	0	0	0	0	0	0	0	0	4	0	1	0	1	0	0	4	0	0	0	0	1
OTU172	142	4	0	6	0	0	4	7	7	0	4	14	22	22	0	4	0	0	0	0	3	1	5	0	6	1	45	187	6	96	14	1	4	4	0	1	9	1	43	0	45	180	180	32	47	12	1	6	240	17	3	87	409	14	43	52	100	37	79	12	0	0	0	0	0	0	9	5	3	66	37	68	62	96	40	7	9	15	199	15	14	197	43	9	26	19	46	3	41	113	458	1117	195	26	11	36	10	8	85	108	183	58
OTU1720	0	0	0	0	0	0	0	0	0	0	0	0	2	0	0	0	0	0	0	0	0	0	0	0	0	0	0	26	0	0	1	0	0	0	0	0	2	2	0	0	0	13	0	1	0	5	1	0	14	4	0	7	0	2	0	4	6	0	4	0	0	0	0	0	0	0	0	0	0	19	0	0	0	0	9	0	1	0	0	4	7	0	0	0	7	1	1	0	0	17	10	4	0	0	1	1	1	0	0	0	0	0
OTU1721	0	0	0	0	0	0	0	0	0	0	0	0	0	0	0	0	0	0	0	0	0	0	0	0	0	0	0	1	0	0	0	0	0	0	0	0	0	0	0	0	0	0	0	0	0	0	0	0	0	68	0	0	1	0	0	0	1	4	0	0	0	0	0	0	0	0	0	0	0	0	0	0	0	0	0	0	0	0	0	0	1	0	0	0	0	0	0	0	1	0	0	0	0	0	0	0	0	0	0	0	0	0
OTU1722	0	0	0	0	0	0	1	2	0	0	0	0	0	1	0	0	0	0	0	0	0	0	0	0	0	0	0	1	0	0	0	0	0	183	0	0	0	0	0	0	0	0	0	0	0	10	0	0	0	0	0	0	0	3	0	0	2	0	0	0	132	3	0	87	0	18	2	5	0	0	0	0	0	1	0	0	0	0	0	0	1	0	1	0	0	23	0	0	0	0	0	0	21	0	0	0	0	63	0	0	0	0
OTU1723	0	0	0	0	0	0	0	0	0	0	0	0	0	0	0	0	0	0	0	0	0	0	0	0	0	0	0	0	0	0	0	0	0	66	0	0	0	0	0	0	0	0	0	0	0	0	0	0	0	0	0	0	0	0	0	0	0	0	0	0	0	0	0	0	0	1	0	0	0	0	0	0	0	0	0	0	0	0	0	0	0	0	0	0	0	0	0	0	0	0	0	0	0	0	0	0	0	0	0	0	0	0
OTU1724	0	0	0	0	0	0	0	0	0	0	0	0	0	0	0	4	0	0	0	0	0	0	0	0	0	0	0	0	0	0	0	0	0	102	0	0	0	0	0	0	0	0	0	0	0	2	0	0	0	0	0	0	0	0	0	0	0	0	0	0	0	0	0	31	0	11	0	0	0	0	0	0	0	0	0	0	0	0	0	0	0	0	0	0	0	8	0	0	0	0	0	0	1	0	0	0	0	16	0	0	0	0
OTU1725	0	0	0	0	0	0	0	0	0	0	0	0	0	0	0	0	0	0	0	0	0	0	3	0	0	0	0	1	0	0	0	0	0	23	0	0	0	0	0	0	0	0	0	0	0	0	0	0	0	0	0	0	0	0	0	0	2	0	0	0	0	0	0	26	0	12	0	0	0	0	0	0	0	0	0	0	0	0	0	0	1	0	0	0	0	5	0	0	0	0	0	0	5	0	0	0	0	20	0	0	0	0
OTU1726	0	0	0	0	0	0	0	0	0	0	0	0	0	0	0	0	0	0	0	0	0	0	0	0	0	0	0	0	0	0	0	0	0	49	0	0	0	0	0	0	0	0	0	0	0	2	0	0	0	0	0	0	0	0	0	5	0	0	1	0	0	0	0	9	0	0	2	0	0	0	0	0	0	0	0	0	0	0	0	0	0	0	0	0	0	3	0	0	0	0	0	0	0	0	0	0	0	0	0	0	0	0
OTU1727	0	0	0	0	0	0	0	0	0	0	0	0	0	0	0	0	0	0	0	0	0	0	0	0	2	0	0	0	0	0	0	0	0	69	0	0	0	0	0	0	0	0	0	0	0	2	0	0	0	0	0	0	0	0	0	0	0	0	0	0	0	0	0	1	0	0	1	0	0	0	0	0	0	0	0	0	0	0	0	0	0	0	0	0	0	1	0	0	0	0	0	0	0	0	0	0	0	1	0	0	0	0
OTU1728	0	0	0	0	0	0	0	0	0	0	0	0	0	0	0	0	0	0	0	0	0	0	0	0	0	0	0	0	0	0	0	0	0	4	0	0	0	0	0	0	0	0	0	0	0	0	0	0	0	0	0	0	0	0	0	0	0	0	0	0	0	0	0	0	0	0	0	0	0	0	0	0	0	0	0	0	0	0	0	0	0	0	0	0	0	0	0	0	0	0	0	0	0	0	0	0	0	0	1	48	0	14
OTU1729	0	0	0	0	0	0	0	0	0	0	1	0	1	0	0	0	0	0	0	0	0	0	0	0	0	0	0	0	0	0	0	0	0	0	0	0	0	0	0	0	1	22	2	0	0	0	0	0	0	7	1	0	0	0	0	0	1	1	0	0	0	0	0	0	0	0	0	6	0	0	11	0	0	1	0	0	50	0	2	10	2	0	1	0	0	0	0	1	0	1	0	0	0	0	0	0	0	0	0	0	0	0
OTU173	164	7	0	3	0	0	1	25	7	0	17	0	40	60	1	1	0	0	0	0	3	1	2	1	0	0	4	14	30	6	3	0	1	0	8	3	4	7	6	0	3	5	0	1	0	11	342	0	6	38	0	21	26	1	20	9	94	61	7	0	6	5	6	18	41	0	22	18	16	19	2	7	1824	78	0	9	15	7	11	2	21	128	420	165	285	446	3	1	12	68	6	1242	289	8	14	10	2	389	9	0	3	11
OTU1730	1	0	0	0	0	0	1	0	2	0	0	0	2	4	0	0	0	0	1	0	0	0	0	0	2	0	0	0	0	0	0	0	0	0	0	0	1	1	0	0	22	6	0	1	0	0	0	2	0	53	0	2	24	3	0	51	5	1	0	0	0	0	0	0	0	2	0	0	0	1	9	38	0	18	0	0	0	0	0	0	3	1	0	0	0	4	0	0	0	5	0	2	5	2	0	0	0	0	0	0	0	0
OTU1731	0	0	0	0	0	0	0	0	0	0	0	0	0	0	0	0	0	0	0	0	0	0	0	0	0	0	0	0	0	0	0	0	0	0	0	0	0	0	0	0	0	0	0	0	0	0	0	0	0	0	0	0	0	0	0	0	0	0	0	0	59	0	0	5	0	2	0	0	0	0	0	0	0	0	0	0	0	0	0	0	0	0	0	0	0	0	0	0	0	0	0	0	0	0	0	0	0	1	0	0	0	0
OTU1732	0	0	0	0	0	0	0	0	0	0	23	0	0	0	0	0	0	0	0	0	3	18	0	0	0	0	0	0	0	0	0	0	4	0	0	0	128	0	0	0	0	5	0	0	0	0	0	0	0	9	0	9	0	0	0	0	0	0	2	28	0	0	0	0	0	0	0	0	0	1	0	0	1	15	0	0	208	0	0	0	0	133	1	0	0	0	0	2	0	0	0	3	0	1	0	0	0	0	0	0	0	0
OTU1733	0	1	0	0	0	0	0	0	0	0	0	0	0	0	0	0	0	0	0	0	0	0	0	0	0	0	0	0	0	0	0	0	0	0	0	0	59	0	0	0	0	4	5	0	0	0	0	0	0	0	0	0	3	0	0	0	1	0	0	0	0	0	0	0	0	0	0	18	0	0	0	10	0	2	0	0	0	0	0	0	0	0	0	2	0	0	1	0	0	0	0	0	0	0	0	0	0	0	0	0	0	0
OTU1734	0	0	0	0	0	1	0	0	0	0	0	5	0	0	0	0	0	0	0	0	0	0	0	0	0	0	0	12	0	0	14	0	0	0	0	0	0	0	0	0	0	3	0	0	2	4	11	0	0	0	9	0	0	0	1	11	6	1	0	0	0	0	0	0	0	0	0	0	1	0	0	0	0	0	0	0	0	0	0	0	0	0	0	0	4	0	0	0	0	0	1	0	0	1	0	0	0	0	0	0	0	0
OTU1735	0	0	0	0	0	0	0	0	0	0	0	0	1	0	0	0	0	0	0	0	0	0	0	0	0	0	0	0	0	0	0	0	0	3	0	0	0	0	25	0	0	0	0	0	0	6	0	0	0	0	0	0	0	0	0	0	2	1	0	0	0	0	0	0	0	0	0	0	0	0	0	28	0	0	0	0	0	0	0	0	0	4	0	0	0	0	0	0	0	3	0	0	0	0	0	0	0	0	0	0	0	0
OTU1736	0	0	0	0	0	0	0	0	0	0	0	0	0	0	0	0	0	0	0	0	1	0	0	0	0	0	0	0	0	0	0	0	0	3	0	0	0	0	0	0	0	0	0	0	0	0	0	0	0	0	0	0	2	0	0	0	0	0	0	0	0	0	0	0	0	0	0	0	0	0	0	0	0	0	0	0	0	0	0	0	0	0	0	0	0	0	0	0	0	0	0	0	0	0	0	0	0	0	0	66	0	0
OTU1737	0	0	0	0	0	0	0	1	0	0	0	1	0	0	0	0	0	0	0	0	1	0	0	0	0	0	1	3	0	3	2	0	2	1	0	0	2	2	0	0	5	3	10	2	1	6	2	0	0	0	0	0	0	0	1	6	3	0	2	1	0	0	0	0	0	0	1	0	2	3	7	0	1	1	5	0	1	0	2	0	1	2	0	0	6	0	2	0	0	0	1	1	0	2	0	1	3	3	0	1	0	0
OTU1738	0	0	0	0	0	0	0	0	0	0	0	0	0	0	0	0	0	0	0	0	0	0	0	0	0	0	4	17	12	10	3	0	0	0	0	0	0	1	0	0	0	0	0	0	0	0	0	0	0	0	0	0	0	0	4	0	0	1	5	0	0	0	0	0	0	0	0	0	0	0	0	0	0	0	3	0	0	0	0	0	0	5	0	0	0	1	7	0	0	0	0	0	0	2	0	0	0	0	0	0	0	0
OTU1739	0	0	0	0	0	0	0	0	0	0	0	0	0	0	0	0	0	0	0	0	0	0	0	0	0	0	0	5	0	52	1	0	0	0	0	0	0	1	0	0	0	0	8	0	0	0	0	0	0	0	0	0	0	0	0	0	2	0	0	0	0	0	0	0	0	0	0	0	7	6	0	0	0	0	0	0	0	1	0	0	0	0	7	0	0	0	0	0	0	0	0	0	0	0	0	3	0	0	0	0	0	0
OTU174	0	0	0	0	0	0	0	5	1	1	1	11	17	122	0	0	0	0	0	0	0	0	0	0	37	0	0	20	5	1	1	0	0	0	0	0	1	3	1	0	9	1	5	4	3	1	1	4	3	13	47	307	11	0	2	6	105	9	5	2	1	0	0	2	0	5	13	4	0	10	70	3	149	63	0	10	2	3	1453	0	9	2	5	0	0	12	5	3	6	2160	2	0	4	5	5	30	0	3	0	0	4	0
OTU1740	0	0	0	0	0	0	0	0	0	0	0	0	0	0	0	0	0	0	0	0	0	0	0	0	0	0	0	1	0	0	0	0	0	0	0	1	0	0	0	0	0	0	0	0	0	0	0	19	0	5	0	14	0	0	0	0	7	0	0	0	0	0	0	1	0	2	2	0	0	0	0	4	5	6	0	0	0	0	0	0	0	0	0	3	0	2	11	0	0	0	3	0	0	0	0	0	0	0	0	0	0	0
OTU1741	0	1	0	0	0	0	0	1	0	0	0	0	0	9	0	0	0	0	0	0	0	0	0	0	0	0	8	9	36	0	0	0	0	0	3	0	3	5	17	0	2	3	0	2	0	0	0	0	0	0	0	2	0	0	1	0	1	1	0	0	0	0	0	0	0	0	0	0	0	0	1	0	0	16	0	9	0	3	3	0	0	0	0	0	0	1	0	0	98	0	0	0	0	0	0	0	4	0	0	0	0	0
OTU1742	0	0	0	0	0	0	0	0	0	0	0	0	2	0	0	0	0	0	0	0	0	0	0	0	0	0	0	0	0	3	0	0	0	0	0	0	0	0	0	0	0	0	0	3	6	3	22	0	1	10	0	0	3	0	5	0	3	1	0	0	0	0	0	0	0	0	0	0	0	0	0	0	0	1	0	0	0	0	0	0	0	2	0	4	0	0	0	0	2	2	0	5	1	0	2	2	4	0	0	0	0	0
OTU1743	0	1	0	0	0	0	0	0	0	0	0	0	0	0	0	0	0	0	0	0	0	1	0	0	0	0	0	0	0	0	0	0	0	0	0	0	26	0	39	0	0	0	0	0	0	0	0	0	0	1	0	0	2	0	0	8	2	0	0	0	0	0	0	0	0	0	0	0	0	0	0	3	8	2	0	7	6	2	4	0	0	0	0	0	0	0	0	0	0	0	0	0	0	0	0	0	0	0	0	0	0	0
OTU1744	0	0	0	0	0	0	0	0	0	0	0	0	0	0	0	0	0	0	0	0	0	0	0	0	0	0	0	0	0	0	0	0	0	0	0	0	0	0	0	0	0	0	1	0	0	0	0	7	2	0	0	14	3	0	0	5	2	0	0	0	0	0	0	0	0	0	0	0	0	0	0	0	0	0	0	0	0	0	0	0	0	1	0	0	0	0	0	0	1	0	0	0	1	0	0	48	0	0	0	0	1	0
OTU1745	0	0	0	0	0	0	0	0	0	0	0	0	0	3	0	0	0	0	0	0	0	0	0	0	0	0	0	1	0	0	0	0	0	0	0	0	0	5	0	0	0	0	0	0	0	1	0	0	0	0	0	0	3	0	20	0	1	1	9	0	0	0	0	3	0	2	0	0	4	0	0	0	0	0	4	1	0	0	4	0	0	0	0	0	0	0	0	0	0	1	0	0	2	2	0	0	0	1	9	0	18	15
OTU1746	0	0	0	0	0	0	0	0	0	0	0	0	0	0	0	0	0	0	0	0	0	0	0	0	0	0	0	0	0	0	0	0	0	0	0	0	0	0	0	0	0	0	0	0	0	0	0	0	0	0	0	0	0	10	0	0	2	0	0	0	0	0	0	0	0	0	0	0	0	58	0	0	0	0	0	0	0	0	0	0	0	3	0	0	0	0	0	0	0	0	0	0	0	0	0	0	0	0	0	0	0	0
OTU1747	0	0	0	0	0	0	0	0	0	0	0	0	0	0	0	0	0	0	0	0	0	2	0	0	0	0	0	0	0	0	0	0	0	0	0	0	0	0	0	0	0	0	0	0	0	0	0	0	0	0	0	0	0	0	0	0	2	0	0	0	0	0	0	0	0	0	58	0	0	0	0	0	0	0	0	0	0	0	0	0	0	0	0	0	0	0	0	0	0	0	0	0	0	0	0	0	0	0	0	0	0	0
OTU1748	0	0	0	0	0	0	0	0	0	0	1	0	0	0	0	0	0	0	0	0	0	0	0	0	0	0	0	0	0	0	0	0	1	68	0	0	0	0	0	0	0	0	0	0	0	0	0	0	0	0	0	0	0	0	0	0	0	0	0	0	0	0	0	3	0	0	0	1	0	0	0	0	0	0	0	0	0	0	0	0	0	0	0	0	0	4	0	0	0	2	0	0	5	0	0	0	0	1	0	0	0	0
OTU1749	0	0	0	0	0	0	0	0	0	0	0	0	5	3	0	0	0	0	0	0	0	0	0	0	0	0	0	0	1	0	0	0	0	0	0	0	0	0	0	0	0	0	0	0	0	0	0	0	0	0	0	0	5	0	0	0	3	2	0	0	0	0	0	0	0	0	0	0	0	0	0	0	0	2	0	0	0	0	0	0	0	1	0	0	0	0	0	0	0	3	0	0	58	0	1	6	0	6	0	0	0	0
OTU175	8	4	0	3	0	0	0	7	8	0	2	0	35	63	0	0	0	0	0	0	2	10	0	3	4	0	20	295	0	135	2	0	1	0	11	0	80	15	103	0	92	41	60	5	83	12	271	28	65	532	44	194	329	39	23	47	56	38	261	6	0	0	0	0	0	0	1	1	12	11	17	221	337	171	44	24	0	34	272	29	48	71	56	68	16	28	13	49	106	336	75	28	12	49	58	36	12	1	1	135	4	0
OTU1750	0	0	0	0	0	0	0	0	0	0	0	0	0	1	0	0	0	0	0	0	0	0	0	0	0	0	0	2	0	1	0	0	0	0	0	0	0	0	0	0	0	5	0	29	0	0	0	0	10	0	0	1	17	0	0	4	3	0	2	0	0	0	0	0	0	0	0	0	0	5	0	0	0	3	0	0	0	0	0	0	0	0	0	0	0	0	0	0	0	1	2	0	0	0	2	0	0	0	0	0	0	0
OTU1751	0	0	0	0	0	0	0	0	0	0	1	0	0	3	0	0	0	0	0	0	0	0	0	0	0	0	0	0	0	0	0	0	0	0	0	0	0	0	0	0	0	14	11	0	0	0	0	0	0	1	23	0	0	0	0	0	0	1	0	0	0	0	0	0	0	0	0	0	0	0	0	3	0	0	0	0	0	0	0	20	0	0	4	1	0	0	0	0	0	0	0	0	0	0	0	0	0	0	0	0	0	0
OTU1752	0	0	0	0	0	0	0	0	0	0	0	0	2	0	0	0	0	0	1	0	0	0	0	0	0	0	0	0	0	0	0	0	0	0	0	0	0	0	0	0	6	7	0	0	0	7	0	0	0	3	1	5	0	0	0	0	0	0	1	0	0	0	0	0	0	0	0	0	0	6	0	0	0	0	0	2	0	0	3	0	0	0	4	0	0	0	0	0	0	8	3	0	0	0	3	0	0	0	0	0	0	0
OTU1753	0	0	0	0	0	0	0	0	0	0	0	0	0	0	0	0	0	0	2	0	111	0	0	0	0	0	0	0	0	0	0	0	0	0	0	0	0	0	0	0	0	5	3	0	0	0	12	0	0	3	1	0	1	3	3	0	0	0	5	0	0	0	0	0	0	3	3	0	0	0	0	7	2	0	2	0	0	0	6	0	0	0	0	0	0	0	0	4	0	0	1	0	0	7	0	0	0	0	0	0	0	0
OTU1754	0	0	0	0	0	0	0	0	1	0	0	0	2	0	0	0	0	0	0	0	0	0	1	0	0	0	0	0	0	0	0	0	0	0	0	0	33	9	0	0	0	0	0	0	2	2	0	0	0	0	0	0	2	0	0	0	2	2	0	0	0	0	0	0	0	0	0	0	0	0	0	0	0	2	1	0	4	0	0	0	1	0	0	0	0	0	65	0	4	0	0	0	0	1	0	0	1	0	0	0	0	0
OTU1755	0	0	0	0	0	0	0	0	0	0	0	0	0	0	0	0	0	0	0	0	0	0	0	0	0	0	1	1	0	0	0	0	0	0	0	0	0	0	0	0	0	0	0	0	0	0	0	17	0	0	0	0	1	0	19	0	10	9	0	0	0	0	0	0	0	0	0	1	0	0	0	0	0	1	0	0	0	0	0	0	0	0	0	2	0	0	0	0	0	0	0	0	2	0	0	0	0	0	0	0	0	0
OTU1756	0	0	0	0	0	0	0	2	0	0	0	0	0	0	0	0	0	0	0	0	0	0	0	0	0	0	0	0	0	0	2	0	0	1	0	0	1	0	0	0	0	0	0	0	0	4	0	0	0	0	0	0	0	0	0	0	1	0	0	0	0	0	0	0	0	0	0	0	0	0	0	44	22	3	0	0	0	0	0	0	0	0	0	0	0	0	0	0	0	0	0	0	0	2	2	0	1	0	0	0	0	0
OTU1757	0	0	0	0	0	0	0	3	0	0	0	0	0	0	0	0	0	0	0	0	0	0	0	0	0	0	0	0	0	0	0	0	0	50	0	0	0	1	0	0	0	0	0	0	0	0	0	0	0	0	0	0	0	0	0	0	0	0	0	0	0	0	0	1	0	2	1	0	0	0	0	0	0	0	0	0	0	0	0	0	0	0	0	0	0	4	0	0	0	0	0	0	1	0	0	0	0	4	3	2	0	0
OTU1758	0	0	0	0	0	0	0	0	2	0	1	0	2	3	0	0	0	0	0	0	0	0	0	0	0	0	0	0	0	0	0	0	0	0	0	0	11	0	0	0	9	0	0	0	0	0	10	0	7	12	0	0	2	0	15	0	0	0	0	0	0	0	0	0	0	0	0	0	0	3	0	0	0	2	0	2	0	2	1	0	1	0	6	5	0	0	0	0	0	5	0	0	2	0	0	0	1	0	0	0	0	0
OTU1759	0	0	0	0	0	0	2	0	0	0	0	0	0	0	0	0	0	0	0	0	0	0	0	0	0	0	0	0	0	0	0	0	0	0	0	0	0	0	0	0	0	0	0	9	0	0	0	0	0	0	0	0	0	0	8	0	0	0	11	0	0	0	0	0	0	0	3	8	0	0	0	0	0	0	0	0	0	0	0	0	0	0	19	0	0	1	0	0	0	0	0	0	0	0	0	0	0	0	4	0	0	0
OTU176	1	1	0	15	5	1	1	13	4	0	72	2	125	101	1	0	0	0	0	0	2	5	0	52	2	0	0	709	5	375	3	0	0	3	0	0	9	5	2390	2	3	3	5	0	3	14	4	5	2280	436	3926	54	1362	862	137	24	463	120	26	3	0	0	0	1	2	1	6	59	25	23	2	9	143	1558	69	1	11	13	39	31	59	4	22	44	0	46	5	3	9	274	245	8	14	121	4	13	8	2	53	52	14	17
OTU1760	0	0	0	0	0	0	0	0	0	0	0	0	0	0	0	0	0	0	0	0	0	0	0	0	0	0	0	0	0	0	0	0	0	0	0	0	0	0	0	0	0	0	0	2	0	0	0	0	0	0	0	0	0	0	0	0	2	0	0	0	8	0	0	0	0	0	0	0	0	0	0	0	0	0	0	0	0	0	0	0	0	0	81	0	0	2	0	0	0	0	0	0	0	0	0	0	0	1	0	0	0	0
OTU1761	0	0	0	0	0	0	0	0	0	0	0	0	0	0	0	0	0	0	0	0	0	0	0	0	0	0	0	0	0	0	0	0	0	0	0	0	0	0	0	0	0	0	1	0	0	0	0	0	0	0	0	0	16	0	10	6	3	2	0	0	0	0	0	0	0	0	0	0	0	0	0	0	0	9	0	0	0	0	0	0	0	0	0	0	0	0	0	0	0	0	0	0	0	0	0	1	5	0	0	0	7	0
OTU1762	0	0	0	0	0	0	0	0	0	0	0	0	0	0	0	0	0	0	0	0	0	0	0	0	0	0	0	0	0	0	0	0	0	0	0	0	0	0	0	0	0	0	0	0	0	0	0	0	0	0	0	0	0	0	0	0	0	0	0	0	0	0	59	0	0	0	0	0	0	0	0	0	0	0	0	0	0	0	0	0	0	0	0	0	0	0	0	0	0	0	0	0	0	0	0	0	0	0	0	0	0	0
OTU1763	0	0	0	0	0	0	0	0	0	0	0	0	0	0	0	0	0	0	0	0	0	0	0	0	0	0	0	0	0	0	0	0	0	0	0	0	0	0	0	0	0	0	0	0	0	0	0	0	0	0	0	0	0	0	0	0	0	0	0	0	0	0	0	0	58	0	2	0	12	0	0	0	0	0	0	0	0	0	0	0	0	0	0	0	0	0	0	0	0	0	0	0	0	0	0	0	0	0	0	0	0	0
OTU1764	0	0	0	0	0	0	0	0	0	0	0	0	0	0	0	0	0	0	0	0	0	0	0	0	0	0	0	0	0	0	0	0	0	0	0	0	0	0	0	0	0	0	0	0	0	0	0	0	0	0	0	0	0	0	0	0	0	0	0	0	0	0	0	0	0	0	3	0	9	0	0	0	0	0	0	0	0	0	0	0	0	0	0	0	0	0	0	0	0	0	0	0	0	0	2	0	0	0	0	13	17	23
OTU1765	0	0	0	0	0	0	1	0	0	0	0	0	0	0	0	0	0	0	0	0	0	0	0	0	0	0	0	0	0	0	0	0	0	0	0	0	0	0	0	0	0	0	0	0	0	0	0	0	0	0	0	0	0	0	0	0	0	0	0	0	0	0	0	0	0	0	0	0	1	0	0	0	0	0	0	0	0	0	0	0	0	0	0	0	0	0	1	0	0	0	0	0	0	12	0	1	0	5	162	0	88	28
OTU1766	0	0	0	0	0	0	1	0	0	0	0	0	0	0	0	0	0	0	0	0	0	0	0	1	0	0	0	0	0	0	0	0	0	0	0	0	0	0	0	0	0	0	0	0	0	0	0	0	0	0	0	0	0	0	0	0	0	0	0	0	0	0	0	0	0	0	0	1	0	0	0	0	0	0	0	0	0	0	0	0	0	0	0	0	0	0	0	0	0	0	0	0	0	0	0	0	0	0	0	0	79	0
OTU1767	0	2	0	0	0	0	0	0	0	0	0	0	3	0	0	0	0	0	0	0	0	0	0	0	0	0	0	2	0	0	0	0	0	0	0	0	0	0	0	0	0	0	0	0	0	0	0	0	0	0	0	0	2	0	0	0	1	6	0	0	0	0	0	0	0	0	0	0	0	0	0	1	0	1	0	0	0	0	0	0	0	0	0	0	3	0	0	0	0	0	0	0	0	4	12	46	0	0	0	0	0	0
OTU1768	0	3	0	0	0	0	0	0	4	0	0	0	0	3	0	0	0	0	0	0	0	0	0	0	0	0	0	6	2	1	0	0	0	0	0	0	0	2	12	0	40	4	10	0	1	0	15	0	1	12	1	0	9	0	0	0	6	8	0	0	0	0	0	0	0	0	1	0	0	13	0	2	0	7	4	5	5	2	2	0	6	1	0	4	0	0	0	0	10	15	2	0	0	1	0	0	0	0	0	0	1	0
OTU1769	0	3	0	0	0	0	0	0	0	0	0	0	2	0	0	0	0	0	0	0	0	0	0	0	0	0	0	0	0	0	0	0	1	0	0	0	0	0	1	0	0	0	0	4	52	0	0	0	0	0	0	0	0	0	0	0	0	0	0	0	0	0	0	0	0	0	0	0	0	0	0	0	0	0	0	0	0	0	0	0	0	0	1	0	0	0	0	0	0	3	0	0	0	0	0	0	0	0	0	0	0	0
OTU177	0	0	0	0	0	0	10	238	0	3	14	1	3	9	0	0	0	0	2	0	511	3	1	2	4	1	0	6	0	4	0	1	15	1132	3	6	0	0	0	0	0	7	7	17	2	35	0	3	0	0	0	2	11	0	0	91	34	11	6	19	491	3	3	1559	20	1335	66	100	24	4	0	1	3	12	0	5	0	0	0	0	16	0	6	1	0	312	0	2	0	6	0	0	183	34	0	4	32	875	498	137	86	68
OTU1770	0	0	0	0	0	0	0	0	0	0	0	121	0	0	0	0	0	0	0	0	0	0	0	0	0	0	0	0	0	0	0	0	0	0	0	0	0	0	0	0	0	0	0	0	0	0	0	0	0	0	0	0	0	0	0	0	0	0	0	0	0	0	0	0	0	0	0	0	0	0	0	0	0	0	0	0	0	0	0	0	0	0	0	0	0	0	0	0	0	0	0	0	0	0	0	0	0	0	0	0	0	0
OTU1771	0	0	0	0	0	0	0	0	0	0	0	0	0	0	0	0	0	0	0	0	0	0	0	0	0	0	0	0	0	0	0	0	420	0	0	0	0	4	0	0	0	0	1	0	5	0	0	0	0	4	0	1	0	2	0	0	0	0	0	0	4	0	0	9	0	0	5	1	0	0	0	1	0	0	2	0	0	3	0	0	0	0	1	0	0	1	2	0	0	0	0	0	2	0	0	0	0	1	0	0	1	0
OTU1772	0	0	0	0	0	0	0	0	0	0	0	0	0	0	0	0	0	0	0	0	0	0	0	0	0	0	0	0	0	0	0	0	0	2	0	0	0	0	0	0	0	0	0	0	0	0	0	0	0	0	0	0	0	0	0	0	0	0	0	0	4	0	0	3	0	0	0	0	21	0	0	0	0	0	0	0	0	0	0	0	0	0	0	0	0	0	0	0	0	0	0	0	0	0	0	0	0	0	14	44	0	0
OTU1773	0	0	0	0	0	0	0	0	0	0	0	0	0	0	0	0	0	0	0	0	0	0	0	0	0	0	0	0	0	0	0	0	0	82	0	0	0	0	0	0	0	0	0	0	0	2	0	0	0	0	0	0	0	0	0	0	0	0	0	0	0	0	0	37	0	9	0	0	0	0	0	0	0	1	0	0	0	0	0	0	0	0	0	0	0	12	0	0	0	0	0	0	8	0	0	0	0	3	0	0	0	0
OTU1774	0	0	0	0	0	0	0	0	0	0	0	0	0	0	0	0	0	0	0	0	0	0	0	0	0	0	0	0	0	0	0	1	0	66	0	0	0	0	0	0	0	0	0	0	0	5	0	0	0	0	0	0	0	0	0	1	0	0	0	0	0	0	0	0	0	0	0	3	0	0	0	0	0	0	0	0	0	0	0	0	0	0	0	0	0	0	0	0	0	0	0	0	0	0	0	0	0	0	0	0	0	0
OTU1775	0	0	0	0	0	0	0	0	0	0	0	0	0	0	0	0	0	0	0	0	0	0	0	0	0	0	0	0	0	0	0	0	0	0	0	0	3	0	0	0	0	0	0	0	0	0	0	0	2	0	0	10	0	0	0	3	0	0	0	0	0	0	0	6	0	8	0	0	0	0	0	0	1	1	0	0	0	0	0	0	0	0	0	0	0	9	0	0	0	6	2	6	5	5	0	0	1	6	0	0	0	0
OTU1776	0	0	0	0	0	0	0	0	0	0	0	0	0	0	0	0	0	0	0	0	0	0	0	0	0	0	0	0	0	0	0	0	0	1	0	0	0	0	0	0	0	0	1	0	0	0	6	0	0	0	0	0	0	0	0	1	0	2	2	0	0	0	0	47	0	10	0	0	0	0	0	0	0	0	0	0	0	0	3	0	0	0	0	0	0	17	0	0	0	3	0	0	10	1	0	0	0	22	16	2	1	0
OTU1777	0	0	0	0	0	0	0	4	2	0	0	0	2	2	0	0	0	0	0	0	0	0	0	0	1	0	0	3	0	3	0	0	0	0	0	0	0	0	0	0	0	0	0	0	0	0	0	1	35	2	0	18	2	0	7	0	1	1	0	1	0	0	0	0	0	0	0	0	1	1	0	0	99	11	0	0	0	0	4	0	0	10	0	0	0	0	0	0	1	7	0	0	0	14	0	0	0	0	0	0	0	0
OTU1778	0	0	0	0	0	0	0	0	0	0	3	0	0	0	0	0	0	0	0	0	0	0	0	0	0	0	0	0	0	0	0	0	0	0	0	0	0	0	0	0	0	0	0	2	0	0	0	0	0	0	0	0	1	0	0	0	0	0	0	0	60	0	0	41	0	3	0	0	0	0	0	0	0	0	0	0	0	0	0	0	0	0	0	0	0	7	0	0	0	1	0	0	0	0	0	0	0	14	0	0	0	0
OTU1779	0	0	0	0	0	0	0	1	0	0	0	0	2	0	0	0	0	0	0	0	0	0	0	0	0	0	0	0	0	1	0	0	0	31	0	0	0	0	0	0	0	0	0	0	0	1	0	0	0	0	0	0	0	0	0	6	1	0	0	0	0	0	0	50	0	31	0	0	0	1	0	0	0	0	0	0	0	0	0	0	0	0	0	0	0	10	0	0	0	0	0	0	12	0	0	0	0	22	0	2	0	0
OTU178	2	1	0	0	0	0	1	3	1	0	15	1	16	16	0	0	0	0	0	0	4	6	2	10	0	0	4	22	5	24	37	3	0	4	16	3	244	75	616	0	13	3	26	302	59	70	6	201	104	64	9	4	41	101	6	27	213	32	35	0	1	0	0	4	0	0	4	1	6	122	11	846	14	96	80	254	97	212	0	11	23	38	20	24	44	25	11	27	26	51	22	8	19	85	11	12	183	3	3	2	2	13
OTU1780	0	0	0	0	0	0	1	0	0	0	2	0	0	0	0	0	0	0	0	0	0	3	0	0	0	0	0	0	0	0	0	0	0	0	0	0	0	0	0	0	0	0	0	0	0	0	0	0	0	0	0	0	0	0	0	0	0	0	0	0	30	0	0	44	0	15	2	0	0	0	0	0	0	0	0	0	0	0	0	0	0	0	0	0	0	7	0	0	0	0	0	0	5	0	0	0	0	18	0	0	0	0
OTU1781	0	0	0	0	0	0	0	0	0	0	0	0	2	0	0	0	0	0	2	0	0	0	0	0	0	0	0	0	0	0	0	0	0	0	0	0	0	0	0	0	0	0	0	0	0	0	0	0	0	0	0	0	0	0	0	0	0	0	0	0	0	0	0	36	4	13	0	2	0	0	0	0	0	0	0	0	0	0	0	0	0	0	0	0	0	19	0	0	0	0	0	0	11	0	0	0	0	16	0	0	0	0
OTU1782	0	0	0	0	0	0	0	0	0	0	0	0	0	0	0	0	0	0	0	0	0	3	0	0	0	0	0	0	0	0	0	0	0	0	0	0	0	0	0	0	0	0	0	0	0	0	0	0	0	0	0	0	0	0	0	0	0	0	0	0	0	0	0	0	27	0	11	61	27	0	0	0	0	0	0	0	0	0	0	0	0	0	0	0	0	0	1	0	0	0	0	0	0	0	0	0	0	0	0	2	0	0
OTU1783	0	0	0	0	0	0	1	0	0	0	0	0	0	0	0	0	0	0	0	0	0	0	0	0	0	0	0	0	0	0	0	0	0	70	0	0	0	2	0	0	0	0	0	0	0	1	0	0	0	0	0	0	0	0	0	0	0	0	0	0	0	0	0	6	0	2	2	1	2	0	0	0	0	0	0	0	0	0	0	0	0	0	0	0	0	4	0	0	0	0	0	0	0	0	0	0	0	5	0	0	0	0
OTU1784	0	0	0	0	0	0	0	0	0	0	0	2	2	0	0	0	0	0	0	0	0	0	0	0	0	0	0	0	0	0	0	1	0	0	0	0	0	0	0	0	0	0	0	22	0	12	0	0	0	0	0	0	0	0	0	70	19	0	0	0	0	0	0	0	0	0	1	2	0	3	0	0	0	0	0	0	0	0	0	0	4	0	0	0	0	0	0	0	0	0	0	0	1	0	1	0	0	0	0	0	0	0
OTU1785	0	0	0	0	0	0	0	0	0	0	0	0	4	1	0	0	0	0	0	0	0	0	0	0	0	0	0	0	0	0	0	0	0	0	0	0	0	0	0	0	0	0	0	0	0	0	0	0	0	0	0	4	0	0	0	0	11	0	0	0	0	0	0	0	0	0	0	0	0	0	0	0	5	1	0	1	1	0	2	0	3	7	1	5	14	0	0	12	1	3	0	0	0	2	0	0	0	0	0	0	0	0
OTU1786	0	0	0	0	0	0	0	0	0	0	0	0	1	0	0	0	0	0	0	0	0	0	1	0	0	0	0	0	0	0	0	0	0	0	0	0	0	34	0	0	0	0	0	0	0	0	0	0	0	0	0	0	0	0	0	0	0	0	0	0	0	0	0	0	0	0	1	0	0	0	0	0	0	0	0	14	6	16	0	0	0	0	0	0	0	0	0	0	0	0	0	0	0	0	0	0	0	0	0	0	0	0
OTU1787	0	0	0	0	0	0	0	0	0	0	0	0	0	0	0	0	0	0	0	0	0	0	0	0	0	0	0	13	32	0	1	0	0	0	0	0	0	0	5	0	0	0	0	0	0	0	0	0	9	0	0	1	0	2	0	0	2	1	0	0	0	0	0	0	0	0	0	0	0	0	0	8	7	0	0	0	0	1	0	0	0	0	0	0	0	0	0	0	0	1	0	0	1	0	0	0	0	0	0	0	0	0
OTU1788	0	0	0	0	0	0	0	0	0	0	0	0	0	0	0	0	0	0	0	0	0	0	0	0	0	0	0	0	0	1	0	0	0	0	0	0	0	0	0	0	0	1	0	0	0	0	0	0	0	0	0	1	0	1	0	0	4	0	0	0	1	0	0	18	0	12	0	0	0	0	0	0	0	0	0	0	1	0	0	0	0	0	0	0	0	20	0	0	0	0	0	0	13	1	0	0	0	28	0	0	0	1
OTU1789	0	0	0	0	0	0	0	0	0	0	0	0	0	0	0	0	0	0	0	0	0	0	0	0	0	0	0	0	0	0	0	0	0	62	0	0	0	0	0	0	0	0	0	0	0	0	0	0	0	0	0	0	0	0	0	0	0	0	0	0	0	0	0	0	0	0	1	0	1	0	0	0	0	0	0	0	0	0	0	0	0	0	0	0	0	2	0	0	0	0	0	0	0	0	0	0	0	1	0	0	0	0
OTU179	0	0	0	0	0	0	1	3	0	0	0	5	0	0	0	0	0	0	0	0	2	3	4	0	0	2	0	1	0	0	0	5	5	1	7	2	0	0	0	0	0	0	0	0	0	1	0	0	0	0	0	0	0	0	0	0	119	2	3	3	3	4	1	7	47	1	4087	105	72	0	0	0	0	0	0	0	0	0	0	0	0	0	1	0	0	0	4	0	0	1	0	0	0	2	0	1	1	1	66	2	17	15
OTU1790	0	0	0	0	0	0	0	0	0	0	0	0	0	0	0	0	0	0	0	0	0	0	0	0	0	0	0	0	0	0	0	0	0	49	0	0	0	0	0	0	0	0	0	0	0	0	0	0	0	0	0	0	0	0	0	0	0	0	0	0	0	0	1	13	0	12	0	2	0	0	0	0	0	0	0	0	0	0	0	0	0	0	0	0	0	5	0	0	0	0	0	0	3	0	0	0	0	9	0	0	0	0
OTU1791	0	0	0	0	0	0	0	0	0	0	0	12	2	1	0	0	0	0	0	0	0	0	0	0	0	0	0	2	0	0	0	0	0	3	1	0	0	1	3	0	0	0	0	0	4	106	2	0	4	4	0	1	1	0	0	0	116	3	0	0	0	0	0	0	0	0	5	0	0	0	0	5	0	5	0	0	1	0	0	0	1	19	0	0	0	0	0	0	33	7	1	0	0	0	0	0	0	0	0	0	0	0
OTU1792	0	0	0	0	0	0	0	0	0	0	0	0	0	0	0	0	65	0	0	0	0	0	0	0	0	0	0	0	0	0	0	0	0	0	0	0	0	0	2	0	6	12	0	0	0	0	0	0	0	2	0	0	0	0	0	0	0	0	0	0	0	2	0	0	0	0	0	0	0	0	0	0	0	3	0	0	4	2	0	0	9	0	5	78	0	0	4	0	7	0	0	0	0	1	0	0	0	0	0	0	0	0
OTU1793	0	0	0	0	0	0	0	0	0	0	1	0	0	2	0	0	0	0	0	0	4	1	0	0	0	0	0	0	0	0	0	0	0	0	0	0	0	0	0	0	0	0	0	0	0	0	0	0	0	0	0	0	0	0	0	1	0	0	0	1	0	0	0	120	0	30	4	1	0	0	0	0	0	1	0	0	0	0	0	0	0	0	0	0	0	42	0	0	0	1	0	2	9	0	0	0	0	41	0	0	0	0
OTU1794	0	0	0	0	0	0	0	0	0	0	0	0	0	0	0	0	0	0	0	0	0	0	0	0	0	0	0	0	0	0	0	0	0	0	0	0	0	0	0	0	0	0	0	0	0	0	0	0	0	0	0	0	0	0	0	0	0	0	71	0	0	0	0	0	0	0	0	0	1	0	0	0	0	0	0	0	0	0	0	0	0	0	0	0	0	0	0	0	0	0	0	0	1	0	0	0	0	0	0	0	0	0
OTU1795	0	0	0	0	0	0	0	0	0	0	0	0	2	0	0	0	0	0	0	0	0	0	0	0	0	0	0	0	0	0	0	0	0	46	1	0	0	0	0	0	0	0	0	0	0	2	0	0	0	0	0	0	0	0	0	3	0	0	0	0	45	0	0	30	3	5	0	0	0	0	0	0	0	0	0	0	0	0	0	0	0	0	1	0	0	3	0	0	0	0	0	0	1	0	0	0	0	6	2	0	0	0
OTU1796	0	0	0	0	0	0	0	0	0	0	0	0	0	0	0	0	0	0	0	0	0	0	0	0	0	0	0	0	0	0	1	0	0	0	0	0	0	0	0	0	0	0	0	0	0	0	0	0	0	1	0	0	0	0	0	0	0	0	0	0	0	0	0	0	18	0	33	0	7	0	0	0	0	0	0	0	0	0	0	0	0	0	0	0	0	0	0	0	0	0	0	0	0	0	0	0	0	5	5	0	12	0
OTU1797	0	0	0	0	0	0	0	0	0	0	0	0	0	0	0	0	0	0	0	0	0	0	0	0	0	0	0	0	0	0	0	0	0	1	2	0	0	0	0	0	0	0	0	0	0	0	0	0	0	0	0	0	0	0	0	0	0	0	0	0	0	0	0	0	0	0	9	0	0	0	0	0	0	0	0	0	0	0	0	0	0	0	0	0	0	0	0	0	0	0	0	0	0	0	0	2	0	0	2	30	54	6
OTU1798	0	0	0	0	0	0	0	0	0	0	0	0	0	0	0	0	0	0	0	0	0	0	0	0	0	0	0	0	0	0	0	0	0	1	0	0	0	0	0	0	0	0	0	0	0	0	0	0	0	0	0	0	0	0	0	0	0	0	0	0	0	0	0	0	0	0	0	0	2	0	0	0	0	0	0	0	0	0	0	0	0	0	0	0	0	0	0	0	0	0	0	0	0	0	0	0	0	0	33	19	1	8
OTU1799	1	0	0	0	0	0	0	0	0	0	0	0	0	0	0	0	0	0	0	0	0	0	0	0	0	0	0	0	0	0	0	0	2	0	0	0	0	0	0	0	0	8	0	2	17	0	0	0	0	0	0	0	2	0	1	1	3	0	0	0	0	0	0	1	0	3	1	0	0	0	4	4	0	1	0	0	0	0	0	0	0	1	0	15	0	2	0	0	0	0	0	2	6	6	0	0	0	1	0	0	0	0
OTU18	1	7	1	12	0	0	8	39	15	6	11	4	217	2023	28	0	2	0	4	0	3	0	1	0	142	0	10	99	37	53	13	0	0	0	3	0	32	15	19	0	21	21	30	13	31	18	22	18	20	10	28	38	188	27	31	37	1761	72	37	8	5	0	0	0	0	0	11	0	17	29	18	20	31	530	4	22	14	53	35	3	81	51	45	11	5	41	12	14	55	53262	12	8	27	79	23	33	33	0	0	0	52	2
OTU180	0	0	0	2	1	0	0	0	6	0	0	0	12	1	0	0	0	0	0	0	0	2	0	0	0	0	0	4	0	3	1	0	0	0	0	0	2	0	2	0	0	4	0	2	0	1	3	4	6	4444	0	3	13	0	3	0	22	10	3	0	0	0	0	2	0	1	0	0	0	1	1	2	8	20	0	0	6	0	3	1	8	3	2	2	3	5	3	2	1	9	0	1	6	13	3	5	8	0	0	0	0	0
OTU1800	0	0	0	0	0	0	2	0	0	0	0	0	0	0	0	0	0	0	0	0	0	0	1	0	0	0	0	0	0	0	0	0	0	0	0	0	0	0	0	0	0	0	0	0	0	0	0	0	0	0	0	0	1	0	0	0	0	0	0	0	0	0	0	52	0	11	0	1	0	0	0	0	0	2	0	0	0	0	0	0	0	0	0	0	0	17	0	0	0	1	0	0	10	1	0	0	0	7	0	0	0	0
OTU1801	0	0	0	0	0	0	0	1	0	0	0	0	0	0	0	0	0	0	0	0	0	0	0	0	0	0	0	0	0	0	0	0	0	1	0	0	0	0	0	0	0	0	0	0	0	0	0	0	0	0	0	0	0	0	0	0	0	0	0	0	0	0	0	0	0	0	0	0	0	0	0	0	0	0	0	0	0	0	0	0	0	0	0	0	0	0	0	0	0	0	0	0	0	0	0	0	0	0	0	46	0	0
OTU1802	0	2	0	0	0	0	0	0	0	0	0	0	1	0	0	0	0	0	0	0	0	2	0	0	0	0	0	0	0	0	0	0	0	0	0	0	56	0	0	0	0	0	0	0	1	2	0	0	0	0	14	0	0	0	1	0	1	0	0	0	0	0	0	0	0	0	0	0	0	0	0	0	2	0	0	0	0	8	0	0	5	0	0	0	0	0	0	63	0	4	0	0	0	0	12	0	0	0	0	0	0	0
OTU1803	0	0	0	0	0	0	0	0	1	0	0	0	2	1	0	0	0	0	0	0	0	0	0	0	0	0	7	100	7	1	0	0	0	0	0	0	0	0	0	0	0	0	0	3	0	0	0	0	0	0	0	1	1	0	0	0	0	0	0	0	0	0	0	0	0	0	0	0	0	3	0	0	0	1	0	0	0	0	0	0	0	0	0	0	0	0	0	0	0	0	0	0	0	0	0	0	0	0	0	0	0	0
OTU1804	0	0	0	0	0	0	1	0	0	0	0	1	0	0	0	0	0	0	0	0	2	0	0	0	0	1	0	0	0	0	0	0	0	0	0	0	0	0	0	0	0	0	0	0	0	0	0	0	0	0	0	0	0	0	0	0	0	0	11	1	0	0	1	0	0	0	0	0	208	0	0	0	0	0	0	0	0	0	0	0	0	0	0	0	0	0	0	0	0	0	0	0	0	0	0	0	0	1	0	0	1	7
OTU1805	0	0	0	0	0	0	0	0	0	0	0	0	0	4	0	0	0	0	0	0	0	0	0	0	0	0	0	13	18	7	0	0	0	0	0	0	0	0	0	0	0	0	0	0	0	0	3	6	3	0	0	4	2	0	0	4	1	2	2	0	0	0	0	0	0	0	0	0	0	0	0	0	0	1	0	0	0	0	0	0	1	0	0	0	0	0	0	0	0	0	0	1	1	0	7	0	0	0	0	0	0	0
OTU1806	0	0	0	0	0	0	0	0	0	0	1	0	0	2	0	0	0	0	0	0	0	0	0	0	0	0	0	22	0	3	0	0	0	0	0	0	0	0	0	0	0	0	0	3	0	0	0	5	0	0	0	0	0	0	4	14	6	2	21	1	0	0	0	0	0	0	0	0	0	0	0	0	1	1	0	0	0	0	0	4	0	3	0	0	6	2	0	0	0	1	0	0	4	0	1	3	1	0	0	0	0	0
OTU1807	0	0	0	0	0	0	0	0	0	0	0	0	0	0	0	0	0	0	0	0	0	0	0	0	0	0	0	0	0	4	0	0	0	0	1	0	0	0	0	0	0	0	0	0	0	0	0	0	0	0	0	0	0	0	0	0	0	0	0	1	0	0	0	0	0	0	2	0	0	0	0	2	0	0	0	0	0	0	0	0	0	0	0	0	0	0	0	0	0	0	0	0	0	0	0	0	0	0	0	0	0	42
OTU1808	0	0	0	0	0	0	0	0	0	0	0	0	0	0	0	0	0	0	0	0	0	0	0	0	0	0	0	0	0	0	0	0	0	57	0	0	0	0	0	0	0	0	0	0	0	0	0	0	0	0	0	0	0	0	0	0	0	0	0	0	0	0	0	0	0	7	1	0	0	0	0	0	0	0	0	0	0	0	0	0	0	0	0	0	0	1	0	0	0	0	0	0	0	0	0	0	0	0	0	0	0	0
OTU1809	0	0	0	0	0	0	0	0	0	0	0	0	0	0	0	0	0	0	0	0	0	0	0	0	0	0	0	0	0	0	0	0	0	62	0	0	0	0	0	0	0	0	0	0	0	1	0	0	0	0	0	0	2	0	0	0	0	0	0	0	0	0	0	1	0	0	1	0	0	0	0	0	0	0	0	0	0	0	0	0	0	0	0	0	0	1	0	0	0	0	0	0	0	0	0	0	0	1	0	0	0	0
OTU181	1	0	0	5	0	0	4	2	4	2	0	4	31	32	0	0	0	0	0	0	0	2	5	0	3	3	195	165	35	84	142	0	2	0	8	0	27	168	58	0	66	28	37	41	27	12	23	1	21	121	21	95	70	43	67	54	138	61	22	6	1	2	0	0	0	5	5	2	1	95	62	387	83	128	98	4	148	223	50	29	174	170	72	131	1	6	54	343	18	44	4	6	15	52	31	18	142	1	0	0	0	5
OTU1810	0	0	0	0	0	0	0	0	0	0	0	0	0	1	0	0	0	0	0	0	0	0	0	0	0	0	0	0	0	0	0	0	0	61	0	0	0	0	0	0	0	0	0	0	0	3	0	0	0	0	0	0	0	0	0	0	0	0	0	0	25	0	0	13	0	15	0	0	0	0	0	0	0	0	0	0	0	0	0	0	0	0	0	0	0	0	0	0	0	1	0	0	5	0	0	0	0	8	0	0	0	0
OTU1811	0	0	0	0	0	0	0	0	0	0	0	0	0	0	0	0	0	0	0	0	0	0	0	0	0	0	0	0	0	0	0	0	0	61	0	0	0	0	0	0	0	0	0	0	0	3	0	0	0	0	0	0	0	0	0	0	5	0	0	0	0	0	0	14	0	9	0	0	0	0	0	0	0	0	0	0	0	0	0	0	0	0	0	0	0	3	0	0	0	0	0	0	3	0	0	0	0	7	0	0	0	0
OTU1812	0	0	0	0	0	0	0	0	0	0	0	0	0	0	0	0	0	0	0	0	0	0	0	0	0	0	0	0	0	0	0	0	0	0	0	0	0	0	2	0	5	0	3	3	0	0	5	0	0	0	5	0	0	0	0	2	0	0	0	0	0	0	0	16	0	6	0	0	0	0	6	1	0	0	0	0	0	0	0	0	0	0	0	0	1	5	0	0	0	0	0	0	3	1	0	0	1	6	0	0	0	0
OTU1813	0	0	0	0	0	0	0	0	0	0	0	0	0	1	0	0	0	0	0	0	0	0	0	0	0	0	0	0	0	0	0	0	0	0	0	0	0	0	0	0	0	0	0	41	0	0	0	0	0	0	0	0	2	0	0	1	1	4	8	0	0	0	0	0	0	0	0	0	0	0	0	0	0	0	0	0	0	0	0	0	1	0	2	0	0	0	0	0	0	2	0	0	1	0	0	0	8	0	0	0	0	0
OTU1814	0	0	0	0	0	0	0	0	0	0	0	0	0	3	0	0	0	0	0	0	0	0	0	0	0	0	0	0	0	0	0	0	0	0	0	0	0	0	0	0	0	0	0	0	0	0	0	1	0	87	0	0	0	0	0	0	0	0	0	0	0	0	0	0	0	0	0	0	0	0	0	1	0	0	0	0	0	0	0	0	0	0	0	0	0	0	0	0	0	1	0	0	0	0	0	0	0	0	0	0	0	0
OTU1815	0	0	0	0	0	0	0	0	0	0	0	0	0	0	0	0	0	0	0	0	0	0	0	0	0	2	0	2	0	0	0	0	0	0	0	0	0	0	0	0	0	0	0	0	0	2	0	0	0	0	0	0	0	0	0	5	0	3	0	0	42	0	0	39	0	20	1	0	0	1	0	0	0	0	0	0	0	0	0	1	2	0	0	0	0	19	0	0	0	1	0	0	12	0	0	0	0	16	0	1	0	0
OTU1816	0	0	0	0	0	0	0	0	0	0	0	0	0	0	0	0	0	0	0	0	0	0	0	0	0	0	0	0	0	0	0	0	0	0	0	0	0	0	0	0	0	0	0	0	0	0	0	0	0	0	0	0	0	0	0	0	0	0	0	0	51	0	0	0	0	0	0	0	0	0	0	0	0	0	0	0	0	0	0	0	0	0	0	0	0	0	0	0	0	0	0	0	0	0	0	0	0	0	0	0	0	0
OTU1817	0	0	0	0	0	0	0	0	0	0	2	0	1	0	0	0	0	0	0	0	0	0	0	0	0	0	0	0	0	0	0	0	0	51	0	0	0	0	0	0	0	0	0	0	0	8	0	0	0	0	0	0	0	0	0	2	1	0	0	0	0	0	0	84	0	49	1	0	1	1	0	0	0	1	0	0	0	0	0	0	0	0	0	0	0	16	0	0	0	1	0	0	9	0	0	0	0	25	1	0	0	0
OTU1818	0	0	0	0	0	0	0	0	0	0	4	0	0	0	0	0	0	0	1	0	0	0	0	0	0	0	0	0	0	0	0	0	0	0	0	0	41	0	0	0	0	0	0	0	0	0	0	0	0	1	0	9	0	0	0	0	0	0	0	0	0	0	0	0	0	0	0	0	0	0	0	0	0	8	0	0	101	4	3	0	0	7	0	0	0	0	0	0	0	0	0	0	0	0	0	6	0	0	0	0	0	0
OTU1819	0	0	0	0	0	0	0	0	0	0	1	0	0	0	0	0	0	0	0	0	0	0	0	0	0	0	0	0	0	0	0	0	0	0	2	0	0	0	0	0	0	0	0	0	0	0	0	0	0	0	0	0	0	0	0	5	1	0	0	0	0	0	0	22	0	18	0	0	0	0	0	0	0	0	0	0	0	0	0	0	0	0	0	0	0	16	0	0	0	0	0	0	10	0	0	0	0	35	0	0	0	0
OTU182	0	0	0	0	0	0	9	4	0	0	0	0	0	0	0	0	0	0	5	4	12	4	4	5	3	0	0	0	0	0	0	1	4	10	3	1	0	0	0	0	0	0	0	0	0	0	0	6	0	0	0	1	5	0	2	1	17	59	2	1	3	0	0	10	45	5	207	1973	75	0	0	0	0	0	0	0	0	0	0	0	0	0	2	0	11	4	0	0	2	2	0	0	4	20	2	10	7	5	598	527	621	304
OTU1820	0	0	0	0	0	0	0	0	0	0	0	1	0	0	0	0	0	0	0	0	0	0	0	0	0	0	0	0	0	19	1	0	2	0	0	0	4	0	0	0	0	0	0	5	28	0	0	0	0	4	0	0	0	0	0	0	1	0	2	0	0	0	0	0	0	0	0	0	11	0	0	0	0	0	0	0	1	0	0	0	1	6	9	12	0	0	0	0	0	0	0	0	0	0	0	0	1	0	10	3	0	0
OTU1821	0	0	0	0	0	0	0	0	0	0	0	0	5	0	0	0	0	0	0	0	0	0	0	0	0	0	0	0	0	0	0	0	0	0	0	0	0	0	0	0	0	0	0	0	5	1	0	0	0	0	1	0	1	0	0	0	0	2	0	0	0	0	0	0	0	0	0	0	0	0	0	0	0	0	3	0	0	0	3	0	2	0	0	0	0	0	0	0	0	2	0	0	0	0	34	0	0	0	0	0	0	0
OTU1822	0	0	0	0	0	0	0	0	0	0	0	0	1	0	0	0	0	0	0	0	0	0	0	0	0	0	0	0	0	0	0	0	0	0	0	0	0	0	0	0	0	0	0	0	0	0	0	0	0	0	0	0	0	0	0	1	0	0	0	0	0	0	0	56	0	11	0	0	0	0	1	0	0	0	0	0	0	0	0	0	0	0	0	0	0	4	0	0	0	0	0	0	8	0	0	0	0	12	0	0	1	0
OTU1823	0	0	0	0	0	0	0	0	0	0	0	0	0	3	0	0	0	0	0	0	0	0	0	0	0	0	0	2	0	1	6	0	0	0	0	0	0	0	0	0	0	0	0	0	5	0	31	0	7	0	0	0	0	0	0	5	4	1	0	0	0	0	0	0	0	0	0	0	0	9	0	8	15	2	0	3	0	0	0	0	1	0	0	1	0	0	0	0	0	17	0	0	0	0	0	2	1	0	6	0	1	2
OTU1824	0	0	0	0	0	0	0	0	0	0	0	0	3	3	0	0	0	0	0	0	0	0	0	0	0	0	0	0	0	0	0	0	0	0	0	0	0	0	0	0	0	0	2	0	0	0	0	0	0	0	0	0	0	0	1	0	3	0	0	0	0	0	0	0	0	0	0	0	0	0	0	15	0	2	0	0	0	0	0	0	0	3	26	0	0	0	0	0	0	1	0	0	0	1	0	0	0	0	0	0	0	0
OTU1825	0	0	0	0	0	0	0	0	0	0	0	0	0	0	0	0	0	0	0	0	0	0	0	1	0	0	0	0	0	0	0	0	0	0	0	0	0	0	0	0	0	0	0	0	0	0	0	0	0	0	0	0	0	0	5	0	0	0	2	0	0	0	0	0	44	0	1	0	11	0	0	0	0	0	0	0	0	0	0	0	0	0	0	0	0	0	0	0	0	0	0	0	0	0	0	0	0	0	0	0	4	0
OTU1826	0	0	0	0	0	0	0	0	0	0	0	0	0	0	0	0	0	0	0	0	0	0	0	1	0	0	0	1	0	0	0	0	0	2	0	0	0	0	0	0	0	0	0	7	0	0	0	0	0	0	0	0	0	0	2	4	13	0	0	0	0	0	0	0	0	0	0	0	0	0	0	0	0	0	0	0	0	0	0	0	0	0	0	0	0	0	0	0	0	0	0	0	0	0	0	0	2	0	0	61	0	2
OTU1827	0	0	0	0	0	0	0	0	0	0	1	0	0	0	0	0	0	0	0	0	0	0	0	0	0	0	0	2	11	5	0	0	0	0	0	0	0	0	0	0	4	4	0	0	0	0	0	0	0	1	4	1	2	0	0	0	0	0	0	0	0	0	0	0	0	0	0	0	0	0	0	0	0	4	0	0	23	0	0	0	0	0	0	0	0	0	0	0	0	0	0	0	0	3	0	0	0	0	0	0	0	0
OTU1828	0	0	0	0	0	0	0	0	0	0	0	0	0	0	0	0	0	0	0	0	0	0	0	0	0	0	0	0	0	0	0	0	0	80	0	0	0	0	0	0	0	0	0	0	0	0	0	0	0	0	0	0	0	0	0	0	0	0	0	0	0	0	0	8	0	2	0	0	0	0	0	0	0	0	0	0	0	0	0	0	0	0	0	0	0	1	0	0	0	0	0	0	0	0	0	0	0	2	0	0	0	0
OTU1829	0	0	0	0	0	0	0	0	0	0	0	0	0	0	0	0	0	0	0	0	0	0	0	0	0	0	0	0	0	0	0	0	0	66	0	0	0	0	0	0	0	0	0	0	0	1	0	0	0	0	0	0	0	0	0	0	0	0	0	0	0	0	0	0	0	0	7	0	0	0	0	0	0	0	0	0	0	0	0	0	0	0	0	0	0	1	0	0	0	0	0	0	0	0	0	0	0	0	0	0	0	0
OTU183	1	7	0	0	0	0	0	0	0	0	0	1	23	33	0	0	0	0	0	0	0	0	0	0	2	0	0	4	2	1	0	0	14	0	0	4	2	7	1	0	4	5	1	4	609	3	4	32	5	3	2	3	38	8	1	0	128	17	2	0	0	0	0	2	1	0	1	0	0	6	0	11	2	52	10	0	3	2	1	1	17	2	19	0	0	6	0	2	81	30	3	5	113	3396	5	5	69	5	71	0	1	0
OTU1830	0	0	0	0	0	0	0	0	0	0	0	0	0	0	0	0	0	0	0	0	0	0	0	0	0	0	0	0	0	0	0	0	0	53	0	0	0	0	0	0	0	0	0	0	0	0	0	0	0	0	0	0	0	0	0	0	0	0	0	0	0	0	0	0	0	0	0	0	0	0	0	0	0	0	0	0	0	0	0	0	0	0	0	0	0	1	0	0	0	0	0	0	0	0	0	0	0	0	0	0	0	0
OTU1831	0	0	0	0	0	0	0	0	0	0	2	0	0	0	0	0	0	0	0	0	0	2	0	0	0	0	0	0	0	0	0	0	0	145	0	0	0	0	0	0	0	0	0	0	0	3	0	0	0	0	0	0	0	0	0	0	0	0	0	0	0	0	0	6	0	4	0	0	0	0	0	0	0	0	0	0	0	0	0	0	0	0	0	0	0	1	0	0	0	0	0	0	2	0	0	0	0	5	0	0	0	0
OTU1832	0	1	0	0	0	0	0	0	0	0	0	0	3	6	0	0	0	0	0	0	0	6	5	0	0	0	0	1	10	3	0	0	1	1	3	0	95	318	1	0	6	0	0	0	0	96	2	0	0	0	0	0	3	2	0	0	3	1	1	0	0	0	0	0	0	0	0	0	0	0	140	0	0	4	1	0	1	0	1	0	2	0	1	0	0	1	1	2	21	13	0	0	0	2	0	6	2	0	0	0	0	0
OTU1833	0	3	0	0	0	0	0	3	0	0	0	0	1	0	0	0	0	0	0	0	0	0	2	0	0	0	1	0	1	0	1	0	0	0	0	0	13	0	7	0	5	5	0	0	0	0	1	0	0	0	0	0	2	0	0	0	14	0	2	0	0	0	0	0	0	0	0	0	1	7	11	7	0	5	4	13	7	10	0	13	2	0	0	0	0	3	6	3	19	6	2	0	0	0	0	0	0	0	0	0	0	0
OTU1834	0	0	0	0	0	0	0	0	0	0	0	0	0	0	0	0	0	0	0	0	0	0	0	0	0	0	0	0	0	0	0	0	0	0	0	0	0	0	0	0	0	0	0	0	0	0	0	0	0	0	0	0	0	0	0	74	7	5	0	0	0	0	0	0	0	0	0	0	0	0	0	0	0	0	0	0	0	0	0	0	0	0	0	0	0	0	0	0	0	1	0	0	1	0	0	0	0	0	0	0	0	0
OTU1835	0	0	0	0	0	0	0	0	0	0	0	0	0	0	0	0	0	0	0	0	0	0	0	0	0	0	0	0	0	0	0	0	0	0	0	0	0	0	0	0	0	0	0	0	0	0	0	0	0	0	0	0	0	0	0	0	4	0	0	0	0	0	0	0	0	0	0	0	0	0	0	0	0	3	0	0	0	0	0	0	0	0	0	0	0	0	0	0	4	0	0	0	0	64	0	0	1	0	1	0	0	0
OTU1836	0	0	0	0	0	0	0	0	0	0	0	0	0	0	0	0	0	0	0	0	0	0	0	0	0	0	0	0	0	0	0	0	0	0	0	0	0	0	0	0	0	0	0	0	0	0	0	0	0	0	0	0	0	0	0	0	0	0	8	0	0	0	0	0	10	0	7	0	35	0	0	0	0	0	0	0	0	0	0	0	0	0	0	0	0	0	0	0	0	0	0	0	0	0	0	0	0	0	0	0	0	0
OTU1837	0	0	0	0	0	0	0	0	0	0	0	0	0	0	0	0	0	0	0	0	0	0	0	0	0	0	0	0	0	0	0	0	0	0	0	0	0	0	0	0	0	0	0	0	0	0	0	0	0	0	0	0	0	0	0	0	0	0	0	1	0	0	0	0	0	0	0	0	0	0	0	0	0	0	0	0	0	0	0	0	0	0	0	0	0	0	0	0	0	0	0	0	0	1	0	2	0	0	21	0	30	4
OTU1838	0	0	0	0	0	0	0	0	0	0	1	0	0	0	0	0	0	0	0	0	0	0	0	0	0	0	0	0	0	0	0	0	0	0	0	0	0	0	0	0	0	2	0	0	0	0	0	0	0	0	0	0	1	0	0	1	1	0	0	0	43	0	0	9	0	15	0	2	0	0	0	0	0	1	0	0	0	0	0	0	0	0	5	0	0	25	0	0	0	0	0	0	6	0	0	0	0	12	0	0	0	0
OTU1839	0	0	0	0	0	0	0	0	0	0	0	0	0	0	0	0	0	0	0	0	0	0	0	0	0	0	0	0	0	0	0	0	0	0	0	0	0	0	0	0	0	0	0	0	0	0	0	0	1	0	0	0	0	0	0	0	0	0	0	0	1	0	0	0	23	0	10	21	25	0	0	0	0	0	0	0	0	0	0	0	0	0	0	0	0	0	0	0	0	0	0	0	0	0	0	0	0	0	0	0	1	0
OTU184	4	1	2	3	0	0	1	0	2	0	10	1	48	54	0	0	0	0	0	0	0	0	0	0	0	0	0	24	2	88	3	0	0	0	12	0	7	4	5	0	43	2	34	8	2	4	3	11	29	6	1	816	196	1150	39	9	87	39	50	0	4	0	0	15	0	2	13	0	2	16	1	482	1	49	7	5	0	1	1	0	19	6	77	13	34	3	1	2	18	70	667	42	56	136	7	146	59	2	3	0	6	1
OTU1840	0	0	0	0	0	0	0	0	0	0	0	0	0	0	0	0	0	0	0	0	0	0	0	0	0	0	0	0	0	0	0	0	0	0	0	0	0	0	0	0	0	0	0	0	0	0	0	0	0	0	0	0	0	0	0	0	0	0	0	0	0	0	0	0	0	0	0	0	1	0	0	0	0	0	0	0	0	0	0	0	0	0	0	0	0	0	0	0	0	0	0	0	0	1	0	0	0	0	41	0	24	0
OTU1841	2	0	0	0	0	0	0	2	0	0	0	0	0	7	0	0	0	0	0	0	0	0	0	0	4	0	0	1	0	0	0	0	0	0	0	0	0	0	0	0	0	1	0	0	0	3	0	0	3	1	0	2	3	3	0	0	1	3	0	0	0	0	0	0	0	1	0	0	0	0	0	16	0	0	0	2	0	0	2	0	3	1	7	2	11	1	0	0	1	48	4	0	0	0	3	0	0	0	0	0	0	0
OTU1842	0	0	0	2	0	0	0	3	0	0	0	0	3	0	0	0	0	0	0	0	0	0	0	0	0	0	0	0	0	0	0	0	0	0	0	0	0	0	0	0	0	0	0	0	0	1	0	0	0	0	0	0	1	0	4	8	0	0	0	0	0	0	0	0	0	1	0	0	0	0	0	13	78	3	0	0	0	0	0	0	1	0	0	0	0	10	0	0	0	4	3	7	1	0	0	0	0	0	0	0	0	0
OTU1843	0	0	0	0	0	0	0	0	0	0	2	0	0	0	0	0	0	0	0	0	0	0	0	0	0	0	0	0	0	0	0	0	0	0	0	0	0	0	0	0	0	0	0	0	0	1	0	0	0	2	0	0	0	0	0	0	1	0	0	0	0	2	0	31	0	19	0	0	0	0	0	0	0	0	0	0	0	0	0	0	0	0	0	0	0	10	0	0	0	2	2	0	6	2	0	1	0	8	0	0	0	0
OTU1844	0	0	0	0	0	0	0	0	0	0	0	1	2	0	0	0	0	0	0	0	0	0	0	0	0	0	0	0	4	0	0	0	0	0	2	0	0	0	0	0	0	0	0	0	0	0	2	0	0	3	0	0	0	0	0	0	9	0	7	0	0	0	0	0	0	0	11	0	0	3	0	0	0	2	0	0	0	0	0	0	2	0	0	1	0	1	0	8	0	3	9	3	4	1	0	0	1	0	0	0	0	0
OTU1845	0	0	0	0	0	0	0	0	0	0	0	1	0	0	0	0	0	0	0	0	0	0	0	0	0	0	0	0	0	0	0	0	0	0	0	0	0	0	0	0	0	0	0	0	0	6	0	0	0	0	0	0	1	0	0	26	2	0	9	0	0	0	0	0	0	0	0	0	0	1	0	0	0	1	0	0	0	0	0	0	2	0	0	0	0	0	0	0	0	0	0	0	0	0	0	0	14	0	0	0	0	0
OTU1846	0	0	0	0	0	0	0	0	0	0	0	0	1	0	0	0	0	0	0	0	0	0	0	0	1	0	0	0	0	0	0	0	0	0	0	0	0	0	0	0	1	0	0	0	0	0	0	0	0	0	0	2	0	0	0	0	1	0	0	0	0	0	0	0	0	0	0	0	0	0	0	0	0	0	0	0	0	0	18	0	9	0	0	0	10	1	0	0	0	0	0	0	0	5	0	0	0	0	0	0	0	0
OTU1847	0	0	0	0	0	0	0	0	0	0	3	0	3	0	0	0	0	0	0	0	0	0	0	0	0	0	0	0	0	0	0	0	0	0	0	1	0	0	21	0	4	0	0	0	0	0	0	14	11	2	0	0	4	2	2	0	13	0	1	0	0	0	0	0	0	0	0	0	0	1	0	3	0	4	0	0	0	0	0	0	0	0	0	40	0	0	0	3	3	1	30	0	1	47	2	7	0	0	0	0	0	0
OTU1848	0	0	0	0	0	0	0	0	0	0	0	0	2	1	0	0	0	0	0	0	0	0	0	0	0	0	0	0	0	0	1	0	0	0	0	0	0	0	0	0	0	0	0	9	0	3	8	0	0	0	0	0	0	0	4	6	8	9	0	0	0	0	0	0	0	0	0	0	0	0	0	0	0	0	0	0	0	1	0	0	0	16	0	0	0	0	0	0	0	1	0	0	2	3	6	0	5	0	0	0	0	0
OTU1849	0	0	0	0	0	0	0	0	0	0	0	0	0	1	0	0	0	0	0	0	0	2	0	0	0	0	0	0	0	0	0	0	0	0	0	0	8	0	0	0	4	0	3	0	0	0	0	0	0	0	0	1	20	0	0	0	1	0	0	0	0	0	0	0	0	0	2	0	0	0	0	0	8	1	0	1	0	0	0	0	0	0	0	0	0	0	0	0	0	2	0	0	0	0	0	0	0	0	0	0	0	0
OTU185	0	0	0	0	0	0	6	0	0	0	0	0	1	2	0	0	0	0	0	0	3	0	0	0	2	3	0	1	0	0	0	0	1	3	0	0	0	0	0	0	0	1	2	0	0	0	0	1	0	0	0	3	3	0	0	1	6	80	0	2	5	0	0	8	4	4	7	5	3	0	0	0	0	2	0	0	0	0	0	1	0	0	0	0	0	0	0	0	0	3	0	0	1	3	0	75	0	2	45	7	3628	6
OTU1850	0	0	0	0	0	0	0	0	3	0	0	0	0	7	0	0	0	0	0	0	0	0	0	0	0	0	2	10	0	0	0	0	0	0	0	0	0	0	0	0	8	3	0	0	0	0	0	0	1	0	0	3	3	0	1	0	1	0	0	0	0	0	0	0	0	0	0	4	2	0	4	0	0	15	12	141	7	0	5	0	1	9	2	0	0	0	4	0	1	1	0	0	0	0	0	3	0	0	0	0	0	0
OTU1851	0	0	0	0	0	0	0	0	0	0	0	0	0	0	0	0	0	0	0	0	1	0	0	0	0	0	0	0	0	0	0	0	0	3	0	0	0	0	0	0	0	0	0	0	0	0	0	0	0	0	0	0	0	0	0	0	0	0	0	0	0	0	0	0	0	0	0	0	0	0	0	0	0	0	0	0	0	0	0	0	0	0	0	0	0	0	0	0	0	0	0	0	0	0	2	0	3	0	6	34	0	0
OTU1852	0	0	0	0	0	0	0	0	0	0	0	0	3	0	0	0	0	0	0	0	0	1	0	0	0	0	0	0	5	4	0	0	0	0	0	1	0	0	0	0	0	0	0	0	0	0	0	0	0	0	0	0	0	0	0	0	1	0	2	1	30	0	0	4	0	8	0	0	0	0	0	0	0	0	0	0	0	0	4	0	0	0	0	0	0	2	0	0	0	0	0	0	3	0	0	0	0	6	0	0	0	0
OTU1853	0	0	0	0	0	0	0	0	0	0	0	0	0	0	0	0	0	0	0	0	0	0	1	0	0	0	0	0	0	0	0	0	0	52	0	0	0	0	0	0	0	0	0	0	0	3	0	0	0	0	0	0	0	0	0	0	0	0	0	0	0	0	0	6	0	0	1	0	0	0	0	1	0	0	0	0	0	0	0	0	0	0	0	0	0	0	0	0	0	0	0	0	0	0	0	0	0	1	0	0	0	0
OTU1854	0	0	0	0	0	0	0	0	0	0	3	0	0	0	0	0	0	0	0	0	0	0	0	0	0	0	0	0	0	0	0	0	0	118	0	0	0	0	0	0	0	0	0	0	0	0	0	0	0	0	0	0	0	0	0	0	0	0	0	0	0	0	0	10	0	5	4	0	2	0	0	0	0	0	0	0	0	0	0	0	0	0	0	0	0	3	0	0	0	0	0	0	0	0	0	0	0	1	0	0	0	0
OTU1855	0	0	0	0	0	0	0	0	0	0	0	5	0	0	0	0	0	0	0	0	0	0	0	0	0	0	0	0	0	2	0	0	0	2	0	0	0	0	0	0	0	1	0	2	0	64	0	0	0	0	0	0	0	0	1	2	39	0	0	0	0	0	0	0	0	0	1	0	0	0	0	0	0	1	0	0	0	2	0	2	0	5	0	0	0	0	0	0	0	10	0	0	3	0	0	0	0	0	0	0	0	0
OTU1856	0	0	0	1	0	0	0	0	0	0	0	0	0	0	0	0	0	0	0	0	0	0	0	0	0	0	0	1	0	0	0	0	0	0	0	0	0	0	0	0	0	0	3	0	0	0	0	0	0	0	0	0	0	0	0	0	0	0	1	0	0	0	0	0	0	0	0	0	1	42	2	0	0	2	0	0	0	0	0	0	6	0	2	0	0	0	0	0	6	0	0	6	0	0	0	0	0	0	0	0	0	0
OTU1857	0	0	0	0	0	0	0	0	0	0	0	0	0	4	0	0	0	0	0	0	0	0	0	0	0	0	0	0	0	0	0	0	0	0	0	0	0	0	5	0	1	0	0	0	0	1	0	5	0	3	0	1	0	0	1	1	3	10	6	0	0	0	0	5	0	4	0	0	0	0	0	0	0	0	0	0	0	0	0	0	3	2	19	7	12	8	0	3	0	0	0	0	0	0	19	0	6	0	0	0	0	0
OTU1858	0	0	0	0	0	0	0	0	0	0	0	0	0	0	0	0	0	0	0	0	0	0	0	0	0	0	0	0	0	0	0	0	0	0	0	0	0	0	0	0	0	0	0	0	0	0	0	0	0	0	0	0	0	0	1	0	0	0	0	0	0	0	0	0	36	0	14	0	0	0	0	0	0	0	0	0	0	0	0	0	0	0	0	0	0	0	0	0	0	0	0	0	0	0	0	0	0	0	0	0	0	0
OTU1859	0	0	0	0	0	0	0	0	0	0	7	0	0	0	0	0	0	0	1	0	5	185	0	1	3	0	0	0	0	0	0	0	15	0	0	0	27	0	0	0	0	0	0	0	1	0	0	0	0	0	0	16	1	0	0	0	0	0	0	275	7	0	0	0	0	0	5	2	0	0	0	0	0	1	0	0	41	1	1	0	0	31	0	0	0	0	1	0	0	0	0	1	0	0	0	1	0	1	1	0	4	0
OTU186	1	1	0	0	0	0	1	1	12	1	3	6	16	20	0	0	0	0	0	0	0	0	1	0	4	0	17	93	19	39	50	1	934	37	13	10	4	4	0	0	2	6	8	54	54	37	28	104	36	33	29	43	37	5	25	53	103	38	79	31	256	0	7	31	127	46	65	26	120	11	2	12	214	81	21	1	0	4	124	5	6	677	182	15	272	32	505	14	107	76	9	25	47	71	56	11	100	29	25	2	9	6
OTU1860	0	0	0	0	0	0	3	0	0	0	0	0	3	1	0	0	0	1	0	0	0	0	0	0	0	0	0	0	0	0	0	0	0	0	0	0	0	0	0	0	0	0	0	0	0	0	2	0	0	0	0	0	0	0	0	0	0	0	0	0	0	0	0	130	0	25	0	0	0	0	0	0	0	0	0	0	0	0	0	0	1	0	0	0	0	14	0	0	0	3	0	0	7	0	0	0	0	19	0	1	0	0
OTU1861	0	0	0	0	0	0	0	0	0	0	0	0	0	0	0	0	0	0	0	0	0	0	0	0	0	0	0	0	0	0	0	0	0	0	0	0	0	0	0	0	0	0	0	0	0	0	0	0	0	0	0	0	0	0	0	0	0	0	0	0	0	0	0	29	0	6	1	0	0	0	0	0	0	0	0	0	0	0	0	0	0	0	0	0	0	6	0	0	0	0	0	0	9	0	1	0	0	18	0	0	0	0
OTU1862	0	0	0	0	0	0	0	0	0	0	0	0	0	0	0	0	0	0	3	0	0	0	0	0	0	0	0	0	0	0	0	0	0	0	0	0	0	0	0	0	0	0	0	0	0	0	0	0	0	0	0	0	0	0	0	0	1	1	1	3	0	0	0	0	8	0	19	13	86	0	0	0	0	0	0	0	0	0	0	0	0	0	0	0	0	0	0	0	0	0	0	0	0	0	0	0	0	2	0	0	3	0
OTU1863	0	0	0	0	0	0	0	0	0	0	0	0	0	0	0	0	0	0	0	0	0	0	0	0	0	0	0	0	0	0	0	0	0	0	0	0	0	0	0	0	0	0	0	0	0	0	0	0	0	0	0	0	0	0	0	0	0	0	1	2	0	0	0	0	0	0	0	6	44	0	0	0	0	0	0	0	0	0	0	0	0	0	0	0	0	0	0	0	0	0	0	0	0	0	0	0	0	0	0	0	0	0
OTU1864	0	0	0	0	0	0	0	0	0	0	11	2	0	1	0	0	0	0	1	0	2	12	0	0	0	0	0	0	0	0	0	0	3	0	0	0	86	1	0	0	0	2	0	0	0	0	0	0	0	10	0	27	1	0	0	0	0	0	1	18	0	0	0	0	0	0	1	0	0	1	0	0	2	4	0	0	120	3	2	1	0	100	0	0	0	2	0	1	0	0	0	5	0	0	2	0	2	0	0	0	0	0
OTU1865	0	0	0	0	0	0	0	0	0	0	0	0	0	0	0	0	0	0	0	0	0	0	0	0	0	0	0	0	0	0	0	0	0	0	0	1	0	0	0	0	0	0	0	0	0	0	0	5	0	0	0	0	0	0	0	0	0	0	0	0	0	0	0	0	0	0	0	0	0	0	0	0	0	3	0	0	0	0	0	0	0	0	1	0	0	0	0	0	0	0	0	0	0	0	0	0	0	0	0	34	20	0
OTU1866	0	0	0	0	0	0	0	0	0	0	0	0	1	0	0	0	0	0	0	0	0	0	0	0	0	0	0	0	0	0	0	0	0	0	0	0	0	0	0	0	0	0	0	0	0	0	0	0	0	0	0	0	0	0	0	0	0	0	0	0	0	0	0	0	0	0	10	1	0	0	0	0	0	0	0	0	0	0	0	0	0	0	0	0	0	0	0	0	0	0	0	0	0	0	0	0	5	8	33	1	0	95
OTU1867	0	0	0	0	0	0	0	0	0	0	2	0	0	0	0	0	0	0	1	0	0	0	0	0	0	0	0	1	0	0	0	0	2	92	0	0	0	0	0	0	0	0	4	0	0	0	0	0	2	0	0	0	1	0	1	0	0	1	0	0	0	0	0	34	0	14	5	0	0	0	0	0	0	0	0	0	0	0	0	0	3	0	0	0	0	13	0	0	0	6	0	0	6	0	0	0	0	6	0	1	0	0
OTU1868	0	0	0	0	0	0	0	0	0	0	0	0	0	0	0	0	0	0	0	0	0	0	0	0	0	0	0	0	0	0	0	0	0	42	0	0	0	0	0	0	0	0	0	0	0	0	0	0	0	0	0	0	0	0	0	0	0	0	0	0	0	0	0	4	0	1	0	0	0	0	0	0	0	0	0	0	0	0	0	0	0	0	0	0	0	2	0	0	0	0	0	0	0	0	0	0	0	0	0	0	0	0
OTU1869	0	0	0	0	0	0	0	0	0	0	0	0	0	0	0	0	0	0	0	0	0	0	1	0	0	0	0	0	0	0	0	0	0	0	5	0	0	0	0	0	0	0	0	0	0	0	0	0	0	0	0	0	0	0	5	0	0	0	0	0	0	0	0	0	47	0	6	2	0	0	0	0	0	0	0	0	0	0	0	0	0	0	0	0	0	0	0	0	0	0	0	0	0	0	0	0	0	0	0	0	0	0
OTU187	0	520	0	1	0	0	7	9	0	3	10	4	9	9	0	0	0	0	3	1	825	3	5	4	3	0	2	6	9	1	0	0	2	700	5	1	2	7	46	0	6	5	136	10	4	31	3	2	4	12	0	595	18	2	1	27	33	4	1	5	288	2	0	1168	6	398	25	2	2	26	0	8	31	17	11	9	39	12	4	10	6	6	5	2	7	251	5	2	8	7	2	0	109	0	1	13	4	397	10	5	18	5
OTU1870	0	0	0	0	0	0	0	0	0	0	0	0	0	0	0	0	0	0	0	0	0	0	0	0	0	0	0	5	0	0	0	0	0	0	4	0	0	2	8	0	0	0	0	0	0	0	0	0	0	0	0	0	0	0	0	0	0	0	0	0	0	0	0	0	0	0	0	0	0	0	22	34	0	2	8	2	0	1	0	0	0	0	0	0	0	0	2	0	0	0	0	0	0	0	0	0	0	0	0	0	0	0
OTU1871	0	0	0	0	0	0	0	0	0	0	0	0	0	4	0	0	0	0	0	0	0	0	0	0	0	0	0	0	0	0	0	0	0	0	0	0	3	0	0	0	0	0	0	16	0	18	0	0	0	0	0	0	0	0	0	5	1	0	0	0	0	0	0	0	0	0	0	0	0	0	0	0	0	2	0	0	0	0	0	0	0	0	0	25	0	2	0	0	0	0	0	0	0	0	0	0	0	0	0	0	0	0
OTU1872	0	0	0	0	0	0	0	0	0	0	0	0	1	0	0	0	0	0	0	0	0	0	0	0	0	0	0	0	0	0	0	0	0	0	0	0	0	0	0	0	0	0	0	0	0	0	0	1	0	0	0	0	0	0	0	0	4	0	0	0	0	0	0	0	0	0	0	0	0	0	0	0	0	5	0	0	0	0	0	1	2	0	1	0	0	0	0	0	0	0	0	0	0	81	0	0	0	0	0	0	0	0
OTU1873	0	0	0	0	0	0	0	0	0	0	0	0	0	0	0	0	0	0	0	0	0	1	0	0	0	0	0	0	0	0	0	0	0	0	0	0	0	0	0	0	0	0	0	0	0	0	0	0	0	0	0	0	0	0	0	0	0	0	2	0	0	0	0	0	0	0	0	14	56	0	0	0	0	0	0	0	0	0	0	0	0	0	0	0	0	0	0	0	0	0	0	0	0	0	0	0	0	0	0	0	0	0
OTU1874	0	0	0	5	0	0	0	0	0	0	0	0	0	0	0	0	0	0	0	0	0	3	0	0	0	0	0	0	0	0	2	0	0	0	1	0	0	0	0	0	0	0	0	4	5	0	0	0	0	0	0	0	0	0	8	0	1	0	7	0	158	0	0	0	55	0	12	3	57	0	0	0	7	0	0	0	0	0	0	0	0	0	31	0	0	0	0	0	0	0	0	0	0	7	7	0	0	0	30	9	18	7
OTU1875	0	0	0	0	0	0	0	0	0	0	0	0	0	0	0	0	0	0	0	0	0	0	0	0	0	0	0	0	0	0	0	0	0	0	0	0	0	0	0	0	0	0	0	0	0	0	0	0	0	0	0	0	0	0	0	0	0	0	0	0	2	0	0	0	0	0	3	0	0	0	0	0	0	0	0	0	0	0	0	0	0	0	0	0	0	0	0	0	0	0	0	0	0	4	0	0	0	0	29	45	0	7
OTU1876	0	0	0	0	0	0	0	0	0	0	0	0	0	0	0	0	0	0	3	0	0	0	0	0	0	0	0	0	0	0	0	0	0	0	0	0	0	0	0	0	0	0	0	0	0	0	0	0	0	0	0	0	0	0	0	0	0	1	0	0	0	0	0	34	0	18	0	0	0	0	0	0	0	0	0	0	0	0	0	0	0	0	0	0	0	7	0	0	0	1	0	0	8	0	0	0	0	8	0	0	0	0
OTU1877	0	0	0	0	0	0	0	3	0	0	0	0	0	0	0	0	0	0	0	0	0	2	0	0	0	0	0	0	0	0	0	0	0	0	0	0	0	0	0	0	0	0	0	0	0	0	0	0	0	0	0	0	0	0	0	0	0	0	0	0	0	0	0	0	25	0	23	0	0	0	0	0	0	0	0	0	0	0	0	0	0	0	0	0	0	0	0	0	0	0	0	0	0	2	0	0	0	0	33	0	18	32
OTU1878	0	0	0	0	0	0	0	0	0	0	0	0	0	0	0	0	0	0	0	0	0	0	0	0	0	0	0	0	0	0	0	0	0	0	0	0	0	0	0	0	0	0	0	0	0	0	0	4	0	0	0	0	0	0	0	0	0	0	0	0	0	0	0	0	0	0	2	0	0	3	0	0	0	1	0	0	0	0	0	0	0	0	9	0	0	0	0	0	0	0	0	0	0	0	0	0	0	0	0	33	0	0
OTU1879	0	2	0	0	0	0	0	0	0	0	0	0	0	2	0	0	0	0	0	0	0	0	0	0	0	0	4	24	9	83	16	2	0	0	0	0	0	0	0	0	0	0	2	7	67	2	0	4	0	0	0	0	0	0	16	3	1	6	48	0	1	0	0	0	0	0	0	3	0	0	0	0	0	0	0	0	0	3	0	0	0	0	14	4	0	0	0	0	0	0	2	0	0	1	0	1	0	0	0	0	0	0
OTU188	0	0	0	0	0	0	0	6	0	0	0	1	0	0	0	0	0	0	0	0	0	0	0	0	0	57	8	33	1	176	3	13	1	0	0	2	24	5	25	0	8	8	5	645	35	36	47	85	8	26	30	3	15	133	31	97	128	52	33	0	2	20	0	0	0	2	4	0	1	2	9	13	291	70	1	86	27	0	13	1655	8	47	258	544	111	6	10	14	3	5	37	2	23	331	26	24	489	0	10	0	0	17
OTU1880	0	0	0	0	0	0	0	0	0	0	0	0	5	0	0	0	0	0	0	0	0	0	0	0	0	0	0	0	0	0	0	0	0	0	0	0	0	0	0	0	0	0	0	0	0	0	0	0	1	0	0	0	1	2	4	0	3	4	0	0	0	2	0	0	0	0	0	0	0	0	0	0	0	0	0	0	0	0	0	0	0	0	0	31	1	0	0	0	0	0	0	1	0	0	0	0	0	0	0	0	0	0
OTU1881	0	0	0	0	0	0	0	0	0	0	0	0	6	0	0	0	0	0	0	0	0	0	0	0	0	0	0	2	0	0	0	0	0	0	0	0	0	0	0	0	0	0	0	0	0	0	0	0	0	0	23	1	0	27	2	5	8	0	0	0	0	0	0	0	0	0	0	0	0	1	0	1	0	0	0	0	0	0	0	0	0	0	0	0	0	0	0	0	0	0	0	0	0	0	0	0	0	0	0	0	0	0
OTU1882	0	0	0	0	0	0	0	0	0	0	0	0	5	0	0	0	0	0	0	0	0	0	0	0	0	0	0	0	0	0	0	0	0	2	0	0	0	8	0	0	0	0	0	0	0	0	0	0	0	0	0	0	0	0	0	1	0	0	0	0	0	0	0	0	0	0	0	0	0	0	0	0	0	2	0	0	0	0	8	17	5	0	0	0	0	0	0	0	25	0	0	0	0	0	0	0	0	0	0	0	0	0
OTU1883	0	0	0	0	0	0	0	5	0	0	0	0	0	1	0	0	0	0	0	0	0	0	0	0	0	0	7	0	20	29	1	0	0	0	0	0	0	0	0	0	0	0	0	0	0	0	0	0	0	0	0	0	0	0	0	0	1	3	0	0	0	0	0	4	0	0	0	0	2	0	0	0	0	2	0	0	0	0	0	5	0	0	0	0	0	1	0	0	0	0	0	0	0	0	0	0	0	4	0	0	0	0
OTU1884	0	0	0	0	0	0	0	0	0	0	0	0	0	2	0	0	0	0	0	0	0	0	0	0	0	0	0	0	0	0	0	0	0	0	0	0	0	0	0	0	0	0	0	0	0	0	10	0	0	3	10	0	0	0	3	0	0	0	1	0	0	0	0	0	0	0	0	1	0	0	0	0	0	0	0	0	0	0	0	0	0	0	5	12	0	0	0	0	0	0	0	0	0	0	0	0	7	0	12	0	0	0
OTU1885	0	0	0	0	0	0	1	0	0	0	0	0	0	0	0	0	0	0	0	0	0	0	0	0	0	0	0	0	0	0	0	0	0	50	0	0	0	0	0	0	0	0	0	0	0	0	0	0	0	0	0	0	0	0	0	0	0	0	0	0	0	0	0	6	0	1	0	0	0	0	0	0	0	0	0	0	0	0	0	0	0	0	0	0	0	7	0	0	0	0	0	0	0	0	0	0	0	6	0	0	0	0
OTU1886	0	0	0	0	0	0	0	0	1	0	0	0	1	0	0	0	0	0	0	0	0	0	0	0	0	0	0	1	0	1	0	0	0	0	0	0	4	0	0	0	0	7	2	0	0	0	0	0	0	1	0	4	3	0	0	0	1	0	0	0	0	0	0	0	3	0	2	1	22	0	14	0	0	2	0	0	2	14	6	0	0	0	1	3	0	0	1	0	1	2	5	0	0	1	0	0	0	0	0	0	0	0
OTU1887	0	0	0	0	0	0	0	0	0	0	0	0	1	0	0	0	0	0	0	0	0	0	0	0	0	0	0	0	0	0	0	0	0	0	0	0	0	0	0	0	0	0	0	0	0	0	0	30	0	0	0	0	0	0	0	0	7	0	0	0	0	0	0	0	0	0	3	0	0	0	0	7	0	1	0	0	0	0	0	0	0	0	0	0	0	0	0	0	0	0	0	0	1	0	1	0	0	0	11	0	0	0
OTU1888	0	0	0	0	0	0	0	2	0	0	0	0	3	0	0	0	0	0	0	0	0	0	0	0	0	0	0	0	0	0	0	0	0	0	0	0	0	0	0	0	0	0	0	0	0	0	0	0	6	1	0	0	0	0	0	1	1	0	0	0	0	0	0	0	0	0	0	0	0	1	3	8	36	0	0	0	0	0	0	0	0	0	0	0	0	0	0	0	0	0	0	0	0	0	0	0	0	0	0	0	0	0
OTU1889	0	0	0	0	0	0	0	0	0	0	0	0	1	0	0	0	0	0	0	0	0	0	0	0	2	0	0	0	0	0	0	0	0	0	0	0	0	0	0	0	0	0	0	0	0	0	0	0	12	0	0	7	20	1	0	0	0	3	0	0	0	0	0	0	0	0	0	0	0	0	0	0	0	0	0	0	0	4	5	0	0	10	0	0	0	1	3	0	0	7	0	0	0	1	0	4	10	0	0	0	0	0
OTU189	0	0	0	2	0	0	15	5	0	0	2	6	0	0	0	0	0	0	0	0	1	5	6	2	0	3	0	1	0	0	0	6	5	214	7	5	0	2	0	0	0	0	1	0	0	4	0	0	0	1	2	0	0	0	27	24	67	13	24	6	107	1	3	185	757	192	1964	328	652	4	4	1	0	1	1	1	0	0	0	0	4	0	2	2	0	69	3	4	0	1	4	0	81	25	0	10	11	195	498	225	112	256
OTU1890	0	0	0	0	0	0	0	0	0	0	0	0	0	0	0	0	0	0	0	0	49	0	0	0	0	0	0	0	0	0	0	0	0	0	0	0	0	0	0	0	0	0	1	0	0	0	0	0	0	0	0	0	0	0	0	0	0	0	0	0	0	0	0	0	0	0	0	0	0	0	0	0	0	0	0	0	0	0	0	0	0	0	0	0	0	0	0	0	0	0	0	0	0	0	0	0	0	2	0	0	0	0
OTU1891	0	0	0	0	0	0	0	0	0	0	2	0	0	2	0	0	0	0	0	0	0	0	0	4	0	0	0	1	2	0	5	0	0	0	0	0	0	0	10	0	3	0	0	0	0	0	4	0	0	0	0	0	0	0	0	0	6	0	0	0	0	0	0	0	0	0	0	0	0	10	0	0	0	1	1	1	1	0	0	0	0	0	0	0	0	0	0	3	7	4	0	0	0	0	0	0	0	0	0	0	0	0
OTU1892	0	0	0	0	0	0	0	0	3	0	0	1	0	0	0	0	0	0	0	0	0	0	0	0	0	0	10	1	0	0	0	0	0	0	0	0	10	0	0	0	0	0	0	0	0	0	0	0	2	1	0	0	0	0	0	0	8	1	4	0	0	0	0	0	19	0	5	0	15	0	0	1	0	3	0	0	0	0	0	0	0	3	0	0	5	2	2	2	0	1	0	0	0	0	0	1	11	0	0	0	3	0
OTU1893	0	0	2	0	0	0	0	0	0	0	0	0	0	0	0	0	0	0	0	0	0	0	0	0	0	0	1	1	0	0	0	0	0	0	0	1	0	0	0	0	0	9	0	19	1	11	5	4	1	0	1	0	0	0	2	4	6	0	0	0	0	0	0	0	0	0	3	10	0	9	0	0	0	4	0	10	0	0	2	0	0	2	1	0	0	0	2	0	0	6	0	0	2	5	0	4	5	0	0	0	0	0
OTU1894	0	0	0	1	0	0	0	0	0	0	0	0	0	0	0	0	0	0	0	0	0	0	0	0	0	0	0	5	0	0	0	0	0	0	0	0	0	0	0	0	3	0	0	0	0	0	0	0	0	2	0	0	0	0	0	0	7	0	0	0	0	3	0	0	0	0	0	0	0	0	0	0	0	1	0	0	0	0	0	0	1	0	0	31	0	0	0	0	0	0	0	9	2	0	0	0	0	0	0	0	0	0
OTU1895	0	0	0	0	0	0	0	0	0	0	0	0	0	0	0	0	0	0	0	0	0	0	0	0	0	0	0	0	0	0	0	0	0	65	0	0	0	0	0	0	0	0	0	0	0	1	0	0	0	0	0	0	0	0	0	0	0	0	0	4	0	0	0	31	0	15	0	0	0	0	0	0	0	0	0	0	0	0	0	0	0	0	0	0	0	7	0	0	0	1	0	0	5	0	0	0	0	17	0	0	0	0
OTU1896	0	0	0	0	0	0	0	0	0	0	0	0	1	0	0	0	0	0	0	0	0	0	0	0	0	0	0	0	0	0	0	0	2	50	0	0	0	0	0	0	0	0	0	0	0	1	0	0	0	0	0	0	0	0	0	0	0	0	0	0	0	0	0	13	0	3	0	1	0	0	0	0	0	0	0	0	0	0	0	0	0	0	2	0	0	0	0	0	0	0	0	0	1	0	0	0	0	11	0	0	0	0
OTU1897	0	0	0	0	0	0	0	0	0	0	1	0	0	0	0	0	0	0	0	0	0	0	0	0	0	0	0	0	0	0	0	0	0	64	0	0	0	0	0	0	1	0	0	0	0	2	0	0	0	0	0	0	0	0	0	0	0	0	0	0	0	0	0	0	0	0	0	0	2	0	0	6	0	0	0	0	0	0	0	0	0	0	0	0	0	1	1	0	0	0	0	0	0	0	0	0	0	0	0	0	0	0
OTU1898	0	0	0	0	0	0	0	0	0	0	0	0	0	0	0	0	0	0	0	0	0	0	0	0	0	0	0	0	0	0	0	0	0	0	1	0	0	0	0	0	0	0	0	0	0	0	0	0	2	0	0	0	1	0	0	0	1	0	0	0	0	1	0	0	0	0	0	0	0	0	0	57	0	0	0	0	0	0	0	0	0	25	0	1	0	0	0	0	0	0	0	0	1	0	0	0	1	0	0	0	0	0
OTU1899	0	0	0	0	0	0	0	0	0	0	31	0	0	1	0	0	1	0	0	0	2	16	0	0	0	0	0	0	0	0	0	0	1	0	0	0	219	0	0	2	0	6	0	0	0	0	0	0	0	10	0	40	3	0	1	0	0	2	0	23	1	0	0	0	0	0	0	0	0	0	0	3	16	15	0	0	312	4	2	2	2	136	1	0	1	0	0	3	0	1	0	11	0	0	0	0	0	0	1	0	1	0
OTU19	0	24	2	10	2	2	51	27	5	0	28	26	223	238	3	6	0	2	12	1	19	17	16	5	14	5	19	115	17	53	16	52	38	90	85	48	25	25	26	0	29	31	31	1475	430	265	1813	1169	61	26	14	47	222	13	1698	3888	935	1763	9086	56	172	20	10	35	516	129	1614	441	780	46	7	30	19	296	12	34	18	34	14	17	68	1137	1906	257	220	101	20	24	25	183	24	21	636	649	1032	1198	354	78	7635	3489	5348	8416
OTU190	0	6	0	5	0	1	1	2	0	0	21	18	31	51	0	0	0	0	1	0	0	18	0	2	0	0	1	21	0	25	0	2	0	2	16	0	277	3	156	0	2	1	3	47	24	47	0	11	113	136	1	15	36	576	127	7	304	18	142	0	6	4	0	0	1	0	3	1	2	2	1	1107	3	51	4	433	649	146	0	2	22	6	51	116	20	18	2	34	18	32	124	9	24	315	6	3	53	2	14	0	0	0
OTU1900	0	0	0	0	0	0	0	0	0	0	0	0	0	1	0	0	0	0	0	0	0	0	0	0	0	0	0	0	0	0	0	0	0	0	0	0	0	0	0	0	0	2	0	6	0	23	0	0	0	0	0	3	0	0	2	4	1	0	1	0	0	0	0	14	0	8	0	1	0	0	0	0	0	2	0	0	0	0	0	0	0	0	0	0	0	1	0	0	0	0	0	0	4	0	0	0	0	8	0	0	0	0
OTU1901	0	0	0	0	0	0	0	0	0	0	0	0	0	0	0	0	0	0	0	0	0	0	0	0	0	0	0	0	0	0	0	0	0	0	0	0	0	0	0	0	0	0	0	30	0	0	0	0	0	3	0	3	12	0	0	0	0	0	0	0	0	0	1	4	1	0	0	0	0	0	0	0	0	1	0	0	0	1	0	0	0	0	0	0	0	0	0	0	0	1	0	0	0	1	0	0	0	0	58	0	0	0
OTU1902	0	0	0	0	0	0	0	0	0	0	0	0	0	0	0	0	0	0	0	0	0	2	0	0	0	0	0	0	0	0	0	0	0	0	0	1	0	0	0	0	0	0	0	0	0	0	0	5	0	0	0	0	0	0	0	0	0	0	1	0	0	0	0	0	0	0	1	0	5	0	0	0	1	0	0	0	0	0	0	0	0	0	0	0	0	0	0	0	0	0	0	0	0	5	2	0	0	0	29	0	19	20
OTU1903	0	0	0	0	0	0	0	0	0	0	0	0	0	0	0	0	0	0	0	0	0	0	0	0	0	0	0	0	0	0	0	0	0	0	0	0	0	0	0	0	0	0	0	0	0	0	0	2	0	0	0	0	0	0	1	0	6	0	6	0	0	0	0	0	0	0	0	0	1	21	0	14	5	1	16	0	0	0	0	0	0	0	0	0	0	0	0	0	0	0	5	1	0	0	4	0	0	0	0	0	0	0
OTU1904	0	0	0	0	0	0	0	0	0	0	0	0	0	1	0	0	0	0	0	0	0	0	0	0	0	0	0	0	0	0	0	0	0	0	0	0	0	0	0	0	0	0	1	0	0	0	0	0	0	22	15	0	2	0	1	1	9	1	10	0	0	0	0	0	0	0	0	0	0	0	0	3	1	2	0	0	4	0	0	0	0	0	14	0	8	1	0	0	0	0	0	5	0	0	0	0	0	0	0	0	0	0
OTU1905	0	0	0	0	0	0	0	1	0	0	0	0	0	0	0	0	0	0	0	0	0	0	0	0	0	0	0	0	0	0	0	0	0	1	0	0	0	0	0	0	0	0	0	0	0	0	0	0	0	0	0	0	0	0	6	0	0	0	0	0	0	0	0	0	170	0	14	0	0	0	0	0	0	0	0	0	0	0	0	0	0	0	0	0	0	0	0	0	0	0	0	0	0	0	0	0	0	0	0	0	0	0
OTU1906	0	0	0	0	0	0	0	0	0	0	0	0	0	0	0	0	0	0	0	0	0	0	0	0	0	0	0	0	0	0	0	0	0	0	0	0	0	0	0	0	0	0	0	0	0	0	0	0	0	0	0	0	0	0	0	0	1	0	0	0	0	0	0	0	0	0	33	0	24	0	0	0	0	0	0	0	0	0	0	0	0	0	0	0	0	0	0	0	0	2	0	0	0	0	0	0	0	0	0	0	11	0
OTU1907	0	0	0	0	0	0	0	0	0	0	0	0	0	0	0	0	0	0	0	0	0	0	0	0	0	0	0	0	0	0	0	0	0	0	0	0	0	0	0	0	3	0	18	0	0	0	0	0	0	0	0	0	2	0	0	0	3	0	0	0	0	0	0	0	0	0	86	0	0	0	0	1	0	0	4	0	0	0	0	0	0	0	0	0	0	2	0	0	1	0	0	0	0	0	0	0	2	0	0	0	0	0
OTU1908	0	0	0	0	0	0	0	0	0	0	0	0	0	0	0	0	0	0	0	0	0	0	0	0	0	0	0	0	0	0	0	0	0	0	0	0	0	0	0	0	0	0	0	0	0	0	0	0	0	0	0	0	0	0	0	0	0	6	2	0	0	0	0	0	9	0	16	28	15	0	0	0	0	0	0	0	0	0	0	0	1	0	0	0	0	0	0	0	0	0	0	0	0	0	0	0	0	0	0	0	0	1
OTU1909	0	0	0	0	0	0	1	0	0	0	0	0	0	0	0	0	0	0	0	0	0	0	0	0	0	0	0	0	0	2	0	0	0	0	0	0	0	0	0	0	0	0	0	0	0	0	0	0	0	0	0	0	0	0	0	0	0	0	5	1	0	0	0	0	0	0	0	10	45	0	0	0	0	0	0	0	0	0	0	0	0	0	0	0	0	0	0	0	6	0	0	0	0	0	0	0	0	3	0	0	0	0
OTU191	0	0	0	0	0	0	0	0	2	0	1	2	4	8	0	0	0	0	1	0	11	6	0	0	0	0	1	5	1	0	0	0	2	0	2	0	34	17	30	0	12	0	183	2	1	3	0	0	197	2824	14	3	19	7	6	0	38	9	6	0	0	3	0	1	0	0	4	0	2	20	116	64	2	33	22	1	10	27	2	4	11	0	5	139	1	0	1	3	8	15	2	0	2	9	0	1	3	0	0	0	0	0
OTU1910	0	0	0	0	0	0	0	0	0	0	0	0	0	0	0	0	0	0	0	0	0	0	0	0	0	0	0	0	0	0	0	0	0	0	0	0	0	0	0	0	0	0	0	0	0	0	0	0	0	0	0	0	0	0	0	0	0	0	0	0	0	0	0	0	0	0	3	0	0	0	0	0	0	0	0	0	0	0	0	0	0	0	0	0	0	0	0	0	0	0	0	0	0	0	0	2	0	0	0	12	56	6
OTU1911	0	0	0	0	0	0	0	0	0	0	0	0	0	0	0	0	0	0	0	0	0	0	0	0	0	0	0	0	0	0	0	0	0	0	0	0	0	0	0	0	0	0	0	0	0	0	0	0	0	0	0	0	0	0	0	0	0	0	0	0	0	0	0	0	0	0	4	0	0	0	0	0	0	0	0	0	0	0	0	0	0	0	0	0	0	0	0	0	0	0	0	0	0	1	0	0	0	0	20	0	56	8
OTU1912	0	0	0	0	0	0	0	2	0	0	0	0	0	0	0	0	0	0	0	0	0	0	50	0	0	0	0	0	0	0	0	0	0	0	0	0	0	0	0	0	0	0	0	0	0	0	0	0	0	0	0	0	0	0	0	0	0	0	0	0	0	0	0	0	0	0	0	0	0	0	0	0	0	0	0	0	0	0	0	0	0	0	0	0	0	0	0	0	0	0	0	0	0	0	0	0	0	0	0	0	0	0
OTU1913	0	0	0	0	0	0	0	0	5	0	0	0	0	0	0	0	69	0	0	0	0	0	0	0	0	0	0	0	0	0	0	0	0	0	0	0	0	1	0	0	0	0	0	0	0	3	0	0	0	0	0	0	0	0	0	0	0	0	0	0	0	0	0	1	0	0	0	0	0	0	0	0	0	0	0	0	13	4	0	0	0	0	0	0	0	0	0	0	0	0	0	0	0	0	0	0	0	0	0	0	0	0
OTU1914	0	0	0	0	0	0	0	0	0	0	2	0	0	1	0	0	0	0	0	0	1	0	0	0	0	0	0	0	0	0	0	0	0	0	0	0	7	1	21	0	0	0	3	0	0	0	0	0	0	0	0	0	0	0	0	0	9	0	0	0	0	0	0	0	0	0	0	0	0	0	0	0	0	1	0	1	7	3	0	0	0	0	0	9	0	0	1	0	0	0	0	0	0	0	0	0	0	0	0	0	0	0
OTU1915	0	0	0	0	0	0	0	0	0	0	0	0	2	2	0	0	0	0	0	0	0	0	0	0	0	0	0	18	0	0	10	0	0	0	0	0	3	0	0	0	0	1	0	0	4	0	0	9	3	3	2	6	4	1	6	3	2	2	0	0	0	0	0	0	0	0	2	0	0	14	25	0	2	2	3	15	0	0	0	5	3	0	0	0	0	0	4	0	0	6	6	1	0	1	0	0	0	0	0	0	0	0
OTU1916	0	0	0	0	0	0	0	0	0	0	0	0	1	1	0	0	0	0	0	0	0	0	0	0	0	0	0	0	0	0	0	0	0	0	0	0	0	0	0	0	0	0	0	6	0	0	0	9	0	6	0	0	2	0	2	0	1	3	0	0	0	0	0	0	0	0	1	0	0	0	0	0	6	11	0	0	0	0	0	0	1	13	8	0	0	0	0	0	0	2	4	0	0	1	3	4	0	0	21	0	0	0
OTU1917	0	0	0	0	0	0	0	0	0	0	0	0	3	0	0	0	0	0	0	0	0	0	0	0	0	0	0	0	0	0	0	0	0	0	0	0	0	0	0	0	0	0	0	0	0	0	0	0	0	0	0	0	2	0	27	2	10	4	0	0	0	0	0	0	0	0	0	0	0	1	0	0	0	0	0	0	0	0	0	0	0	0	0	1	0	0	0	0	0	0	0	0	0	0	0	0	0	0	0	0	0	0
OTU1918	0	0	0	1	0	0	0	0	0	1	0	0	1	2	0	0	0	0	0	0	0	0	0	0	0	0	0	1	0	0	0	0	0	0	0	0	0	0	0	0	0	0	2	0	0	0	0	0	40	0	0	0	4	0	0	0	0	2	0	0	0	0	0	0	0	0	0	0	0	0	0	0	0	0	0	0	0	0	0	0	0	0	0	0	0	0	0	0	0	0	0	0	0	0	0	0	0	0	0	0	0	0
OTU1919	0	0	0	0	0	0	0	0	0	0	0	0	4	0	0	0	0	0	0	0	0	0	0	0	0	0	0	0	0	0	0	0	0	2	0	2	0	0	0	0	0	0	0	0	0	0	0	0	0	0	0	0	0	0	0	0	0	0	0	0	0	0	0	0	34	0	3	7	6	0	0	0	0	0	0	0	0	0	0	0	0	0	0	0	0	0	0	0	0	0	0	0	0	0	0	0	0	0	0	0	0	0
OTU192	0	6	0	2	0	0	0	1	1	1	4	50	41	60	0	0	0	0	0	0	0	0	0	0	0	0	818	1093	4	50	1842	0	10	0	11	0	4	2	2	0	1	0	7	15	176	14	405	2	7	0	2	17	43	2	24	3	606	23	78	0	0	1	0	37	2	0	10	1	3	9	0	3	2	124	2	2	0	2	0	0	14	21	6	140	0	7	5	3	59	67	0	2	8	206	17	376	57	1	1	0	12	5
OTU1920	0	0	0	0	0	0	0	0	0	0	0	1	0	0	0	0	0	0	2	0	0	0	0	0	2	0	0	0	0	0	0	0	0	0	0	0	0	0	0	0	0	6	0	0	0	0	0	0	0	0	0	0	0	0	0	12	15	0	0	0	0	0	0	0	0	0	0	0	0	0	0	0	0	0	0	0	0	0	10	0	0	0	0	0	0	0	6	0	7	6	0	0	0	0	0	2	0	0	0	0	0	0
OTU1921	0	0	0	0	0	0	0	0	0	0	0	0	0	0	0	0	0	0	0	0	0	0	0	0	0	0	22	9	0	0	0	0	0	0	0	0	0	0	0	0	0	0	0	0	2	0	0	0	0	0	0	0	1	0	0	0	5	0	0	0	0	0	0	0	0	0	0	0	0	0	0	0	0	0	0	0	0	0	0	0	2	0	0	0	0	0	0	0	4	0	0	0	0	0	0	0	0	0	0	0	0	0
OTU1922	0	0	0	0	0	0	0	0	0	0	0	0	0	1	0	0	0	0	0	0	0	0	0	0	0	0	20	1	0	0	0	0	1	0	0	0	0	0	0	0	0	0	0	0	19	0	0	0	0	0	0	0	1	0	0	0	1	0	0	0	0	0	0	0	4	0	1	0	0	0	0	0	0	0	0	0	0	0	19	0	0	0	0	0	0	1	0	0	0	1	0	0	0	0	0	0	0	0	0	0	0	0
OTU1923	0	0	0	0	0	0	0	0	0	0	0	0	0	0	0	0	0	0	0	0	0	0	0	0	0	0	4	3	0	27	4	0	0	0	0	0	0	0	0	0	0	0	0	9	0	0	0	9	0	0	0	0	2	0	5	0	2	0	0	0	0	0	0	0	0	0	0	0	0	0	0	0	0	0	0	0	0	0	0	0	0	0	0	0	0	0	0	0	0	0	0	0	0	2	0	0	0	0	0	0	0	0
OTU1924	0	0	0	0	0	0	0	0	0	0	0	0	0	0	0	0	0	0	0	0	0	0	0	0	0	0	0	3	0	0	0	0	0	0	0	0	0	0	0	0	0	0	16	0	0	0	0	0	3	0	0	0	0	0	0	0	2	0	0	0	0	0	0	0	0	0	0	0	0	0	0	0	0	4	0	14	3	0	0	0	0	0	0	0	0	0	1	0	1	0	0	0	0	1	0	0	0	0	0	0	0	0
OTU1925	0	0	0	0	0	0	0	0	0	0	0	0	0	0	0	0	0	0	0	0	0	0	0	0	0	0	0	0	0	0	0	0	1	64	0	2	0	0	0	0	0	0	0	0	0	0	0	0	0	0	0	0	0	0	1	0	0	0	0	0	0	0	0	0	46	0	5	0	0	0	0	0	0	0	0	0	0	0	0	0	0	0	0	0	0	0	0	0	0	0	0	0	0	1	0	1	0	0	15	0	0	0
OTU1926	0	0	0	0	0	0	0	0	0	0	1	0	0	1	0	0	0	0	0	0	28	0	0	0	0	0	0	0	0	0	0	0	0	80	0	2	0	0	0	0	0	0	1	0	0	0	0	0	0	0	0	0	0	0	0	0	3	0	0	0	0	0	0	15	0	66	1	0	0	0	0	0	0	0	0	0	0	0	0	0	0	0	0	0	0	4	0	0	0	0	0	0	12	0	0	0	0	34	0	0	0	0
OTU1927	0	0	2	1	0	0	0	0	0	0	16	0	0	0	0	0	1	0	0	0	0	13	0	0	0	1	1	0	0	0	0	0	3	0	0	1	108	0	0	0	0	0	0	0	0	0	0	0	0	2	0	18	0	0	0	0	3	0	0	19	0	0	0	0	0	0	0	0	0	0	0	0	3	18	0	0	158	0	0	0	0	134	1	0	0	0	0	2	0	0	0	2	0	0	0	0	1	0	0	0	0	0
OTU1928	0	0	0	0	0	0	0	0	0	0	0	0	0	0	0	0	0	0	0	0	0	0	0	0	0	0	1	1	12	0	0	0	0	0	0	0	15	9	0	0	0	3	2	2	0	3	0	0	0	0	0	0	1	0	0	0	14	1	0	0	0	0	0	0	0	0	1	1	0	0	10	0	0	2	0	5	4	10	0	0	0	0	0	0	0	0	0	0	9	0	0	0	0	0	0	4	0	0	0	0	0	0
OTU1929	0	0	0	0	0	0	0	0	0	0	0	0	1	0	0	0	0	0	0	0	0	0	0	0	0	0	0	0	0	0	0	0	0	0	0	0	0	0	0	0	0	0	0	0	1	0	0	0	0	0	0	0	0	0	8	12	0	0	44	0	0	0	0	0	0	0	0	0	0	0	0	0	0	0	0	0	1	0	0	0	0	0	0	0	0	0	0	0	0	0	0	2	0	0	0	0	0	0	0	0	0	0
OTU193	0	0	0	0	0	0	6	0	0	0	0	2	1	5	0	0	0	0	0	0	1	5	0	1	0	0	0	0	2	1	11	2	5	9	7	1	3	1	1	0	0	0	0	235	0	0	0	6	1	0	0	0	2	0	15	0	54	15	10	0	8	6	1	3	257	2	1369	520	212	0	0	0	0	17	0	0	2	1	0	0	0	0	0	255	0	0	0	0	0	1	0	0	3	8	24	13	0	1	258	306	187	15
OTU1930	0	0	0	0	0	0	0	0	0	0	0	0	0	0	0	0	0	0	0	0	0	0	0	0	0	0	0	0	0	0	0	0	0	0	0	0	0	0	0	0	0	0	0	0	0	0	0	16	0	0	0	0	0	0	0	0	5	6	6	0	0	0	0	0	0	0	0	0	1	0	0	0	0	0	0	0	0	0	0	0	0	0	21	0	0	0	0	0	1	1	0	0	0	0	0	0	0	0	0	0	0	0
OTU1931	0	0	0	0	0	0	0	0	0	0	0	0	0	0	0	0	0	0	0	0	0	0	0	0	0	0	0	0	0	0	0	0	0	0	0	0	0	0	0	0	0	3	0	0	0	0	0	0	5	3	0	1	2	1	11	3	3	0	0	0	0	0	0	0	0	0	0	0	0	1	10	10	1	21	0	0	0	0	0	0	0	0	0	0	0	0	0	0	0	2	0	0	0	1	0	0	2	0	0	0	0	0
OTU1932	0	0	0	0	0	0	0	0	0	0	0	0	0	0	0	0	0	0	0	0	0	0	0	0	0	0	0	0	0	0	0	0	0	0	0	0	0	0	0	0	0	0	0	0	0	0	0	0	0	0	0	0	0	0	0	0	1	5	0	0	0	0	1	0	0	0	0	0	0	0	0	0	0	1	0	0	0	0	0	0	0	0	0	0	47	0	0	0	0	0	0	0	0	3	0	0	5	0	0	0	0	0
OTU1933	0	0	0	0	0	0	0	0	0	0	3	0	0	0	0	0	0	0	0	0	0	0	0	0	0	0	0	0	0	0	0	0	0	0	0	0	0	0	0	0	0	0	0	0	0	0	0	0	0	0	0	0	0	0	0	2	3	2	0	0	0	0	0	22	0	12	0	6	0	0	0	0	0	0	0	0	0	0	0	0	0	0	0	0	0	7	0	0	0	0	0	0	3	0	0	0	0	26	1	0	0	0
OTU1934	0	0	0	0	0	0	0	0	0	0	0	0	0	0	0	0	0	0	0	0	0	0	0	0	0	0	0	0	0	0	0	0	0	0	0	0	0	0	0	0	0	0	0	0	0	0	0	0	0	0	0	0	0	0	0	0	0	0	0	0	59	0	0	1	0	2	0	0	0	0	0	0	0	0	0	0	0	0	0	0	0	0	2	0	0	0	0	0	0	0	0	0	2	0	0	0	0	5	0	0	0	0
OTU1935	0	0	0	0	0	0	0	0	0	0	0	0	0	0	0	0	0	0	0	0	0	0	0	0	0	0	0	0	0	0	0	0	0	0	0	0	0	0	0	0	0	0	0	0	0	0	0	0	0	0	0	0	0	0	0	0	0	0	0	0	41	0	0	1	0	4	0	0	0	0	0	0	0	0	0	0	0	0	0	0	0	0	8	0	0	0	0	0	0	0	0	0	0	0	0	0	0	0	0	0	0	0
OTU1936	0	0	0	0	0	0	0	0	0	0	16	0	0	2	0	0	8	0	0	0	0	3	0	0	0	0	1	0	0	0	0	0	3	0	0	0	121	0	0	1	0	2	0	0	0	0	0	0	0	7	0	28	0	0	0	0	0	0	1	2	0	0	0	0	0	0	0	0	0	0	0	0	3	9	2	0	193	3	5	0	0	57	1	0	0	0	0	5	0	0	0	2	0	1	0	0	0	0	0	0	0	0
OTU1937	0	0	0	0	0	0	0	0	0	0	3	2	0	0	0	0	0	0	0	0	0	0	0	0	0	0	0	0	0	0	0	0	0	0	0	0	41	1	0	0	0	3	0	0	0	0	0	0	0	4	0	17	0	0	0	0	0	0	0	0	0	0	0	0	0	0	0	0	0	0	0	0	5	4	0	0	106	1	0	0	0	13	0	0	0	0	0	6	0	0	0	3	0	0	0	0	0	0	0	0	0	0
OTU1938	0	0	0	0	0	0	0	0	13	0	0	0	1	0	0	0	0	0	0	0	0	0	0	0	0	0	0	0	10	0	0	0	0	0	1	0	0	2	0	0	0	11	0	0	2	0	17	0	0	0	0	0	0	0	0	1	6	2	0	0	0	0	0	0	0	0	0	0	0	0	0	0	0	0	0	0	5	0	0	0	0	0	0	0	0	0	0	0	0	0	0	0	0	2	0	0	0	0	0	0	0	0
OTU1939	0	0	0	0	0	0	0	0	4	0	0	0	0	0	0	0	0	0	0	0	0	0	0	0	0	0	0	0	0	0	0	0	0	0	0	0	0	0	1	0	4	0	21	0	0	8	0	0	0	0	0	0	0	0	0	0	0	0	0	0	0	0	0	0	0	0	0	0	0	0	0	0	0	0	0	0	0	0	0	0	0	22	0	0	0	0	0	0	2	0	0	0	0	0	0	0	0	0	0	0	0	0
OTU194	3	0	0	6	0	0	2	6	12	0	20	4	21	29	3	0	2	0	1	0	1	0	5	11	0	0	109	30	6	15	49	6	0	1	17	0	10	152	297	0	263	136	23	412	20	84	37	4	5	28	214	5	45	2	5	62	151	32	15	1	0	0	0	2	0	0	3	3	4	218	308	1082	3	101	61	187	209	589	17	33	138	56	10	15	18	5	45	7	147	45	9	7	6	23	6	29	9	0	0	0	2	1
OTU1940	0	0	0	0	0	0	0	1	0	0	0	0	2	3	0	0	0	0	0	0	0	0	0	0	0	0	0	1	0	0	0	0	0	0	2	0	0	0	0	0	0	0	0	0	0	0	7	1	0	0	4	10	3	0	1	0	1	0	0	0	0	0	0	1	0	0	1	3	0	0	0	0	0	2	0	14	0	0	0	0	0	0	2	2	0	0	0	0	2	20	0	0	0	1	0	0	0	0	11	0	0	0
OTU1941	0	0	0	0	0	0	0	0	0	0	0	0	2	2	0	0	0	0	0	0	0	0	0	0	0	0	0	0	0	0	0	0	0	0	0	0	0	0	0	0	0	0	0	4	15	4	0	0	0	0	0	0	2	0	19	1	9	1	0	0	0	0	0	0	0	0	0	0	0	0	0	0	0	1	0	0	0	0	0	0	0	0	6	0	0	0	0	0	0	0	0	0	0	0	0	0	14	0	0	0	0	0
OTU1942	0	0	0	0	0	0	0	0	0	0	0	0	0	1	0	0	0	0	0	0	0	0	0	0	0	0	0	0	0	0	0	0	0	0	0	0	0	0	0	0	0	0	0	0	1	0	0	0	0	0	0	0	0	0	0	0	1	1	0	4	0	0	0	0	0	0	2	0	0	0	0	0	0	0	0	0	0	0	0	0	0	46	0	0	0	1	0	0	0	0	0	0	2	1	0	1	1	0	0	0	0	0
OTU1943	0	0	0	0	0	0	0	0	0	0	0	0	1	1	0	0	0	0	0	0	0	0	0	0	2	0	1	11	0	4	0	0	0	0	0	0	0	0	0	0	0	0	0	0	0	0	0	0	0	0	0	5	1	0	0	0	1	0	1	2	0	0	0	0	0	0	0	0	0	0	0	0	0	0	0	0	0	0	27	0	0	37	0	0	0	0	0	0	0	0	0	0	1	4	0	0	0	0	0	0	0	0
OTU1944	0	0	0	0	0	0	0	0	0	0	0	0	0	0	0	0	0	0	0	0	0	0	0	0	0	0	0	1	0	1	0	0	0	0	0	0	0	0	0	0	0	0	0	0	11	0	8	22	0	0	0	0	2	0	2	10	0	3	24	0	0	0	0	0	0	0	0	0	0	0	6	0	0	1	7	0	0	0	0	0	0	6	1	0	1	2	0	0	0	0	0	0	0	1	0	1	0	0	0	0	0	0
OTU1945	0	0	0	0	0	0	0	0	0	0	0	0	2	0	0	0	0	0	0	0	0	0	0	0	0	0	1	0	0	0	13	0	0	0	0	0	0	0	0	0	0	0	0	0	3	3	0	0	0	75	0	8	1	0	0	1	0	0	1	0	0	0	0	0	0	0	0	0	0	0	0	0	0	2	0	0	0	0	0	0	0	0	0	0	0	0	0	0	0	2	14	0	0	5	23	1	0	0	0	0	0	0
OTU1946	0	0	0	0	0	0	0	0	0	0	0	0	0	0	0	0	0	0	0	0	0	1	0	0	0	0	0	0	0	0	0	0	0	43	0	0	0	0	0	0	0	0	0	0	0	0	2	0	0	0	0	0	0	0	0	2	0	0	0	0	0	0	0	20	0	4	0	0	0	0	0	0	0	0	0	0	0	0	0	0	0	0	0	0	0	12	0	0	0	0	0	0	8	0	0	0	0	11	0	0	1	0
OTU1947	0	0	0	0	0	0	0	0	18	0	1	0	0	0	0	0	0	0	0	0	0	0	0	0	0	0	0	0	0	0	0	0	0	0	41	0	0	0	0	0	0	0	0	0	0	0	0	0	0	0	0	0	0	0	0	0	1	0	0	0	0	0	0	0	0	0	0	0	0	0	0	0	0	4	0	0	0	0	0	0	0	0	0	0	0	0	0	1	0	0	0	0	0	0	0	0	0	0	0	0	0	0
OTU1948	0	0	0	0	0	0	0	0	0	0	0	1	0	0	0	0	0	0	0	0	2	0	0	0	0	0	0	0	0	0	0	0	0	0	0	0	0	0	0	0	0	8	21	0	0	0	0	0	10	0	10	0	7	0	0	0	1	0	0	0	0	0	0	0	0	0	0	0	0	0	0	0	1	1	0	0	0	0	0	0	2	0	0	0	3	0	0	0	0	0	1	0	0	0	0	0	0	0	0	0	0	0
OTU1949	0	0	0	0	0	0	0	0	0	0	0	2	1	0	0	0	0	0	0	0	0	0	0	0	0	0	0	0	0	0	0	0	0	0	0	0	0	0	0	0	0	0	6	7	2	0	0	0	0	0	0	0	0	0	0	11	11	0	0	0	0	0	0	0	0	0	0	0	0	0	0	2	0	7	0	0	0	0	0	0	0	20	0	0	11	0	0	5	0	6	0	0	1	1	0	1	3	0	0	0	0	0
OTU195	0	9	0	4	0	0	0	0	2	0	1	135	66	41	0	0	0	1	0	0	0	0	0	0	0	0	2	38	3	2	16	0	9	2	11	0	20	3	6	0	10	0	2	0	552	101	284	0	0	152	16	6	37	3	18	7	1740	34	6	0	0	2	0	0	0	0	18	4	0	7	0	5	5	71	0	16	2	342	0	0	22	24	4	46	2	4	1	27	7	65	0	8	0	5	0	4	4	0	0	0	1	0
OTU1950	0	0	0	0	0	0	0	0	0	0	0	0	0	0	0	0	0	0	0	0	0	0	0	0	0	0	0	0	0	0	0	0	0	0	0	0	0	0	0	0	0	0	0	7	0	6	3	0	0	0	0	0	0	0	0	39	6	2	0	0	0	0	0	0	0	1	0	0	0	0	0	0	0	0	0	0	0	0	0	0	0	0	0	0	0	0	0	0	0	0	0	0	1	0	0	0	0	0	0	0	0	0
OTU1951	0	0	0	0	0	0	0	0	0	0	0	0	0	0	0	0	0	0	0	0	0	0	0	0	0	0	0	0	0	0	0	0	0	0	1	0	0	0	0	0	0	0	0	0	0	0	0	0	0	0	0	0	0	0	2	0	0	0	0	0	0	0	0	0	45	0	4	0	0	0	0	0	0	0	0	0	0	0	0	0	0	0	0	0	0	0	0	0	0	0	0	0	0	0	0	0	0	0	0	0	0	0
OTU1952	0	0	0	0	0	0	0	0	0	0	0	0	0	0	0	0	0	0	0	0	0	0	0	0	0	0	0	0	0	0	0	0	0	0	0	0	0	0	0	0	0	0	0	0	0	0	0	0	0	0	0	0	0	0	0	0	0	3	0	0	0	0	0	0	0	0	1	44	0	0	0	0	0	0	0	0	0	0	0	0	0	0	0	0	0	0	0	0	0	0	0	0	0	0	0	0	0	0	0	0	0	0
OTU1953	0	0	0	0	0	0	0	0	0	0	0	0	0	0	0	0	0	0	0	0	0	0	0	0	0	0	0	4	0	0	0	0	0	0	0	0	0	0	0	0	0	0	0	0	0	0	0	0	0	0	0	0	0	0	0	0	0	0	0	0	78	0	0	0	0	2	0	0	0	0	0	0	0	0	0	0	0	0	0	0	0	0	0	0	0	0	0	0	0	0	0	0	0	0	0	0	0	0	0	0	0	0
OTU1954	0	0	0	0	0	0	0	0	0	0	0	0	2	0	0	0	0	0	0	0	0	0	0	0	0	0	0	0	0	0	0	0	0	0	0	0	0	0	0	0	0	0	0	0	0	0	0	0	0	0	0	0	0	0	0	0	0	0	0	0	0	0	0	0	10	0	56	2	0	0	0	0	0	0	0	0	0	0	0	0	0	0	0	0	0	0	0	0	0	0	0	0	0	0	0	0	0	0	0	0	0	0
OTU1955	0	0	0	0	0	0	0	0	0	0	0	0	0	0	0	0	0	0	0	0	0	0	0	0	0	0	0	0	0	0	0	0	0	0	0	0	0	0	0	0	0	0	0	0	0	0	0	0	0	0	0	0	0	0	0	0	0	0	0	0	0	0	0	0	51	0	5	0	1	0	0	0	0	0	0	0	0	0	0	0	0	0	0	0	0	0	0	0	0	0	0	0	0	0	0	0	0	0	0	0	0	0
OTU1956	0	0	0	0	0	0	0	0	0	0	6	0	0	3	0	0	0	0	0	0	0	0	0	0	0	0	0	0	0	0	0	0	0	0	0	0	32	0	0	0	0	0	0	0	0	0	0	0	0	0	0	4	0	0	0	0	0	0	0	0	0	0	0	0	0	0	0	0	0	0	0	0	2	0	0	0	70	1	0	0	0	37	0	0	0	0	0	0	0	0	0	0	0	0	0	0	0	0	0	0	0	0
OTU1957	0	0	0	0	0	0	0	0	0	0	1	0	0	0	0	0	0	0	0	0	0	0	0	0	0	0	0	0	0	0	0	0	0	0	0	0	0	0	0	0	0	0	0	0	0	0	0	0	0	0	0	0	0	0	0	0	0	0	0	0	0	0	0	0	0	0	0	5	0	0	0	0	0	0	0	0	45	0	0	0	0	0	0	0	0	0	0	0	0	0	0	0	0	0	0	0	0	0	0	0	0	0
OTU1958	0	0	0	0	0	0	0	0	0	0	1	0	0	0	0	0	0	0	0	0	0	0	0	0	0	0	0	0	0	0	0	0	0	0	0	0	0	0	41	0	0	0	0	0	0	0	0	0	0	0	0	0	0	0	0	0	0	0	0	0	0	0	0	0	0	0	0	0	0	0	0	0	0	0	0	0	4	0	0	0	0	0	0	0	0	0	0	0	0	3	0	0	0	0	0	0	0	0	0	0	0	0
OTU1959	0	0	0	0	0	0	0	0	0	0	0	1	0	0	0	0	0	0	0	0	0	0	0	0	0	0	0	0	0	19	0	0	0	0	0	0	0	0	0	0	0	0	0	0	14	0	0	0	0	0	0	0	0	0	0	0	0	2	0	0	0	0	0	0	0	0	0	0	0	0	0	0	0	0	0	0	2	0	0	0	0	0	7	0	0	0	0	0	0	0	0	0	0	0	0	0	0	0	0	0	0	0
OTU196	0	0	0	0	0	0	0	4	0	0	62	0	12	10	5	0	0	0	0	0	0	0	0	2	0	0	0	19	5	8	2	0	0	0	0	2	6	39	93	0	1	0	3	2	0	9	2	2	0	2	1	1	3	4	5	4	24	17	8	0	0	0	0	0	0	0	0	10	0	3	1	2	5	17	1	142	3439	19	2	4	8	7	10	1	0	4	8	5	3	20	2	1	4	2	2	9	5	0	0	0	0	5
OTU1960	0	0	0	0	0	0	0	0	0	0	3	0	0	3	0	0	0	0	0	0	0	0	0	0	0	0	0	0	0	0	0	0	0	0	0	0	0	0	0	0	1	0	0	0	1	0	0	0	0	10	0	0	0	0	1	1	1	0	0	0	0	0	0	15	2	7	0	0	0	0	0	0	0	0	0	0	0	0	0	0	0	0	0	8	0	10	0	0	0	0	0	0	1	6	0	0	3	6	0	0	0	0
OTU1961	0	0	0	0	0	0	0	0	0	0	0	0	0	0	0	0	0	0	0	0	0	0	2	0	0	0	0	0	0	0	0	0	0	0	0	0	0	0	0	0	0	0	0	0	0	0	0	0	0	0	0	0	0	0	0	3	0	0	0	0	0	0	0	0	4	0	0	0	61	0	0	0	0	0	0	0	0	0	0	0	0	0	1	0	0	0	0	0	0	0	0	0	0	0	0	0	0	0	0	0	0	0
OTU1962	0	0	0	0	0	0	0	0	0	0	0	0	0	0	0	0	0	0	0	0	0	0	1	0	0	0	0	0	0	0	0	0	0	0	0	0	0	0	0	0	0	0	0	0	0	0	0	0	0	0	0	0	0	0	2	0	0	0	0	0	0	0	0	1	17	0	21	11	10	0	0	0	0	0	0	0	0	0	0	0	0	0	0	0	0	4	0	0	0	0	0	0	0	2	0	0	0	0	19	3	4	5
OTU1963	0	0	0	0	0	0	0	0	0	0	0	0	0	0	0	0	0	0	0	0	0	0	0	0	0	0	0	0	0	0	0	0	0	0	0	0	0	0	22	0	11	0	0	0	0	0	0	0	0	0	0	0	0	0	0	0	0	1	0	0	0	0	0	0	0	0	0	0	0	0	0	0	0	0	0	0	0	0	10	0	0	0	0	0	0	0	0	0	0	0	0	0	0	0	0	0	0	0	0	0	0	0
OTU1964	0	0	0	0	0	0	0	0	0	0	0	0	0	0	0	0	0	0	1	0	0	0	0	0	0	0	0	0	0	0	0	0	0	0	0	0	0	0	0	0	3	16	0	0	0	0	0	0	61	0	0	0	2	0	0	0	0	0	0	0	0	0	0	0	0	0	0	0	0	1	0	0	0	0	0	0	0	0	0	0	0	0	1	0	0	0	0	0	0	0	0	0	0	0	0	0	0	0	0	0	0	0
OTU1965	0	0	0	0	0	0	0	0	0	0	0	0	0	0	0	0	0	0	0	0	0	0	0	0	0	0	0	0	0	0	0	0	0	0	0	0	0	0	0	0	0	0	0	0	0	9	0	1	1	0	0	0	0	0	0	0	0	0	0	3	0	0	0	0	0	0	0	13	0	0	0	0	0	2	0	0	0	0	0	0	0	4	0	0	0	0	0	0	0	0	0	0	0	5	0	0	0	0	8	0	1	0
OTU1966	0	0	0	0	0	0	0	0	0	0	0	0	1	0	0	0	0	0	0	0	0	0	0	0	0	0	0	0	0	0	0	0	0	0	3	0	0	0	0	0	0	1	0	0	1	0	5	2	0	0	0	0	0	0	1	0	2	4	31	0	0	0	0	0	0	0	0	0	0	2	1	0	0	1	0	0	0	0	0	0	0	5	12	1	0	6	0	0	0	2	1	0	3	0	0	0	3	0	0	0	0	0
OTU1967	0	0	0	0	0	0	0	0	0	0	0	0	0	0	0	0	0	0	0	0	0	0	0	0	0	0	0	0	0	0	0	0	0	0	0	0	0	0	0	0	0	0	0	0	0	0	0	0	0	0	0	0	0	19	0	0	0	3	0	0	0	0	0	0	0	0	0	9	0	0	0	0	0	7	0	0	0	0	0	0	0	0	17	0	0	0	0	0	0	0	0	0	0	2	0	0	0	0	0	0	0	0
OTU1968	0	0	0	0	0	0	0	0	0	0	0	0	0	0	0	0	0	0	0	0	0	0	0	0	0	0	0	0	0	0	0	0	0	0	0	0	0	0	0	0	0	0	0	0	0	0	0	1	0	0	0	0	0	0	0	1	2	1	0	0	0	0	0	30	0	18	1	1	0	0	0	0	0	0	0	0	0	0	0	0	0	0	0	0	0	12	0	0	0	0	0	0	8	0	0	0	0	30	0	0	0	0
OTU1969	0	0	0	0	0	0	0	0	0	0	0	0	0	0	0	0	0	0	0	0	0	0	0	0	0	0	0	0	0	0	0	0	0	0	0	0	0	0	0	0	0	0	0	0	0	0	0	0	0	0	0	0	0	0	0	0	0	2	2	0	0	0	0	0	0	0	0	33	20	0	0	0	0	0	0	0	0	0	0	0	0	0	0	0	0	0	0	0	0	0	0	0	0	0	0	0	0	0	0	0	0	0
OTU197	0	4	0	2	0	0	6	4	1	3	2	5	19	14	0	0	0	0	2	0	8	3	4	0	0	1	10	5	0	3	1	0	6	46	9	10	2	0	0	0	10	1	2	88	110	2	5	75	18	19	0	272	27	63	73	1050	162	163	42	3	3	3	1	6	376	19	445	259	518	7	0	36	165	373	7	0	5	0	14	6	10	16	29	0	5	8	0	3	30	19	26	0	60	175	56	10	42	16	352	1996	94	115
OTU1970	0	0	0	0	0	0	0	0	0	0	0	0	0	0	0	0	0	0	0	0	0	0	0	0	0	0	0	0	0	0	0	0	0	0	0	0	0	0	0	0	0	0	0	0	0	0	0	0	0	0	0	0	0	0	0	0	0	0	0	0	0	0	0	14	1	12	3	0	0	0	0	0	0	0	0	0	0	0	0	0	0	0	0	0	0	11	0	0	0	0	0	0	7	0	0	0	0	16	0	0	0	0
OTU1971	0	0	0	0	0	0	0	0	0	0	1	0	0	0	0	0	0	0	0	0	0	0	0	0	0	0	0	0	0	0	0	0	0	13	0	0	0	0	0	0	0	0	0	0	0	1	0	0	0	0	0	0	0	0	0	0	1	0	0	0	0	0	0	21	0	7	1	0	0	0	0	0	0	0	0	0	0	0	0	0	1	0	0	0	0	9	0	0	0	2	0	0	9	0	0	0	0	24	0	0	0	0
OTU1972	0	0	0	0	0	0	0	0	0	0	0	0	0	0	0	0	0	0	0	0	1	1	0	1	0	0	0	0	0	0	0	0	0	0	0	0	0	0	0	0	0	0	0	0	0	0	0	0	0	0	0	0	0	0	0	0	0	0	0	0	0	0	0	60	0	30	0	0	1	0	0	0	0	0	0	0	0	0	0	0	0	0	0	0	0	22	0	0	0	0	0	0	5	9	0	1	0	61	37	3	8	28
OTU1973	0	0	0	0	0	0	0	0	0	0	0	0	0	0	0	0	0	0	0	0	0	0	0	0	0	0	0	0	0	0	0	0	0	0	0	0	0	0	0	0	0	0	0	0	0	0	0	0	0	0	0	0	0	0	0	0	0	0	0	0	0	0	0	0	42	0	8	0	0	0	0	0	0	0	0	0	0	0	0	0	0	0	0	0	0	0	0	0	0	0	0	0	0	0	0	0	0	0	0	0	0	0
OTU1974	0	1	0	3	0	0	0	0	4	0	21	0	0	0	0	0	0	0	0	0	0	0	0	0	0	0	0	0	0	0	0	0	0	0	0	0	0	1	0	0	0	0	0	0	0	0	0	0	0	0	0	26	0	0	0	0	6	1	0	0	0	0	0	0	0	0	0	0	0	0	2	217	0	0	0	0	0	0	0	0	0	0	2	0	0	0	0	0	0	0	0	0	11	0	0	0	0	0	0	0	0	0
OTU1975	0	0	0	0	0	0	0	1	0	0	0	0	0	0	0	0	0	0	0	0	0	0	0	0	0	0	0	0	0	0	0	0	0	0	0	0	0	0	0	0	0	0	0	0	0	0	0	0	0	0	0	0	0	0	0	0	0	0	0	0	0	0	0	0	0	0	0	0	0	0	0	0	56	0	0	0	0	0	0	0	0	0	0	0	0	0	0	0	0	0	0	0	0	1	0	0	0	0	0	0	0	0
OTU1976	0	0	0	0	0	0	0	0	0	0	0	0	0	0	0	0	0	0	0	0	0	0	0	0	0	0	0	0	0	0	0	0	0	0	0	0	0	0	0	0	0	0	0	0	0	0	0	0	0	0	0	0	0	0	0	0	0	0	0	0	0	0	0	0	0	0	0	0	0	0	0	0	0	0	0	0	0	0	0	0	0	0	0	0	0	0	0	0	0	0	0	0	0	5	0	0	0	0	50	0	0	9
OTU1977	0	0	0	35	0	0	0	0	0	0	0	7	1	3	0	0	0	0	0	0	0	0	0	0	0	0	0	0	0	1	0	0	0	0	0	0	0	0	0	0	0	0	0	0	0	2	0	0	2	1	0	0	0	22	0	0	0	0	0	0	0	0	0	0	0	0	0	0	0	0	0	0	0	2	0	0	0	0	10	0	0	0	0	0	2	0	0	0	0	0	0	0	0	0	0	1	0	0	0	0	0	0
OTU1978	0	0	0	0	0	0	0	0	1	0	0	0	1	0	0	0	0	0	1	0	0	0	0	0	0	0	0	0	0	0	0	0	0	0	0	0	0	0	0	0	0	16	3	0	0	0	0	0	0	0	0	0	1	0	0	0	0	0	0	0	0	0	0	1	0	0	0	0	0	0	0	3	1	3	0	0	1	0	0	3	0	0	0	0	0	0	7	0	0	0	5	0	0	0	0	0	0	0	0	0	0	0
OTU1979	0	0	0	0	0	0	0	0	0	0	0	0	2	1	0	0	0	0	0	0	0	0	0	0	0	0	1	6	0	0	1	0	0	0	0	0	0	0	0	0	0	3	0	0	3	0	0	1	2	0	4	3	2	4	0	0	1	4	3	0	0	0	0	0	0	0	0	0	0	0	0	0	14	13	5	0	2	0	0	0	1	3	4	2	1	0	0	0	1	6	0	3	0	3	0	6	9	0	2	0	0	0
OTU198	4	5	0	7	0	0	0	12	0	0	12	3	5	18	0	1	0	0	0	0	9	0	2	3	0	5	0	6	2	6	1	0	0	0	7	0	7	88	153	0	0	1	499	12	155	4	13	3	8	33	20	2	20	9	21	71	117	7	7	1	2	2	0	2	0	0	0	1	2	152	8	77	617	121	10	95	271	381	1	101	12	36	103	14	1	8	27	377	11	42	0	31	13	11	2	8	42	2	0	0	0	0
OTU1980	0	0	0	0	0	0	0	0	0	0	0	0	2	0	0	0	0	0	0	0	0	0	0	0	0	0	0	0	0	0	0	0	0	0	0	0	0	0	0	0	0	0	0	0	0	0	6	0	1	0	0	0	0	0	0	21	0	0	0	0	0	0	0	0	0	0	0	0	0	0	0	0	0	0	0	0	0	0	0	0	0	0	28	0	0	0	0	0	0	0	0	0	0	0	0	6	0	0	0	0	0	0
OTU1981	0	0	0	0	0	0	0	0	0	0	0	0	0	1	0	0	0	0	0	0	0	0	0	0	0	0	8	72	32	17	0	0	0	0	0	0	1	0	0	0	4	0	0	0	2	0	0	0	1	0	4	20	15	0	0	0	6	2	0	0	0	0	0	0	0	0	0	0	0	0	18	1	5	2	1	0	0	0	0	0	0	0	0	0	0	0	11	2	0	0	6	4	0	0	0	0	0	0	0	0	0	0
OTU1982	0	0	0	0	0	0	0	0	0	0	0	0	0	0	0	0	0	0	0	0	0	0	1	0	0	0	0	27	0	30	0	0	0	0	0	0	0	0	0	0	0	0	0	0	0	0	0	0	0	0	0	0	1	0	0	0	0	0	0	0	0	0	0	0	0	0	0	0	0	0	0	0	0	0	0	0	0	0	0	0	0	2	7	0	0	0	0	0	0	0	0	0	0	0	0	0	3	0	0	0	0	0
OTU1983	0	0	0	2	0	0	0	0	2	0	0	0	1	2	0	0	0	0	0	0	0	0	0	0	0	0	0	1	0	0	1	0	0	0	0	2	0	0	0	0	4	3	0	11	0	0	0	10	0	4	0	1	19	0	0	0	17	5	0	0	0	0	0	0	0	0	0	0	0	0	5	0	0	1	2	1	0	4	3	0	0	0	0	0	1	0	0	0	11	24	0	0	0	1	0	0	0	0	0	0	0	0
OTU1984	0	0	0	0	0	0	0	0	0	0	0	0	0	0	0	0	0	0	0	0	0	0	0	0	0	0	0	0	0	0	0	0	0	45	0	0	0	0	0	0	0	0	0	0	0	2	0	0	0	0	0	0	0	0	0	0	0	0	0	0	0	0	0	2	1	0	0	0	0	0	0	0	0	0	0	0	0	0	0	0	0	0	0	0	0	0	0	0	0	0	0	0	0	0	0	0	0	0	0	0	0	0
OTU1985	0	0	0	0	0	0	0	0	0	0	0	0	0	0	0	0	0	0	0	0	0	0	0	0	0	0	0	0	0	0	0	0	0	50	0	0	0	0	0	0	0	0	0	0	0	2	0	0	0	0	0	0	0	0	0	0	0	0	0	0	0	0	0	0	0	0	0	0	0	0	0	0	0	0	0	0	0	0	0	0	0	0	0	0	0	0	0	0	0	0	0	0	0	0	0	0	0	0	0	0	0	0
OTU1986	0	0	0	0	0	0	0	0	0	0	0	0	0	0	0	0	0	0	0	0	0	0	0	0	0	0	0	0	0	0	0	0	0	110	0	0	0	0	0	0	0	0	0	0	0	2	0	0	0	0	0	0	0	0	0	0	0	0	0	0	25	0	0	9	1	0	2	1	0	0	0	0	0	0	0	0	0	0	0	0	1	1	0	0	0	0	0	0	0	0	0	0	3	0	0	0	0	6	0	0	0	0
OTU1987	0	0	0	0	0	0	0	0	0	0	0	0	0	0	0	0	0	0	0	0	0	0	0	0	0	0	0	0	0	0	0	0	0	52	0	0	0	0	0	0	0	0	0	0	0	3	0	0	0	0	0	0	0	0	0	0	0	0	0	0	0	0	0	0	0	1	1	0	0	0	0	0	0	0	0	0	0	0	0	0	0	0	0	0	0	6	0	0	0	0	0	0	0	0	0	0	0	0	0	0	2	0
OTU1988	0	0	0	0	0	0	0	0	0	0	0	0	2	0	0	0	0	0	0	0	0	0	0	0	0	0	0	0	0	0	0	0	0	0	0	0	0	0	0	0	0	0	0	12	0	0	0	6	0	0	0	0	0	0	0	1	0	1	0	0	0	3	0	0	0	0	0	0	0	0	9	0	0	0	0	0	0	0	0	0	0	7	17	2	0	0	1	0	0	2	0	0	0	0	0	0	0	0	0	0	0	0
OTU1989	0	0	0	0	0	0	0	0	0	0	0	0	0	0	0	0	0	0	0	0	0	0	0	0	0	0	0	0	0	0	0	0	0	0	0	0	0	0	0	0	0	0	0	0	0	0	0	0	0	0	0	7	0	0	0	0	1	0	0	0	0	0	0	0	13	0	12	25	10	0	0	0	0	0	0	0	0	0	0	0	0	0	0	0	0	0	0	0	1	0	0	0	0	0	0	0	0	0	1	0	0	1
OTU199	0	2	0	0	0	0	6	3	1	0	0	0	0	0	0	0	0	0	2	4	6	5	2	1	2	2	0	0	0	0	0	2	4	15	2	5	0	0	0	0	0	0	0	0	0	1	0	1	1	0	0	1	0	0	9	0	26	17	64	2	0	1	0	0	584	2	987	288	1382	0	0	0	0	1	0	0	0	0	0	0	1	0	0	0	0	0	0	0	0	0	0	0	0	0	3	6	4	8	4	182	63	22
OTU1990	0	0	0	0	0	0	0	0	0	0	0	0	0	0	0	0	0	0	0	0	0	0	0	0	0	0	0	0	0	0	0	0	0	41	0	0	0	0	0	0	0	0	0	0	0	0	0	0	0	0	0	0	0	0	0	3	0	0	0	0	37	0	0	14	0	27	0	0	0	0	0	0	0	0	0	0	0	0	0	0	0	0	3	0	0	7	0	0	0	0	0	0	8	0	0	0	0	8	0	0	0	0
OTU1991	0	0	0	0	0	0	0	1	0	0	0	0	0	0	0	0	0	0	0	0	0	0	0	0	0	0	0	0	0	0	0	0	0	0	0	0	0	0	0	0	0	0	0	0	0	0	0	0	0	0	0	0	0	0	0	0	3	0	0	0	0	0	0	0	0	0	0	0	0	0	0	0	0	60	0	0	0	0	0	0	0	4	0	0	0	1	0	0	0	0	0	0	0	0	0	0	0	0	0	0	0	0
OTU1992	0	0	0	0	0	0	0	0	0	0	0	0	0	0	0	0	0	0	0	0	0	0	0	0	0	0	0	0	0	0	0	0	0	0	1	0	0	0	0	0	0	0	0	0	0	0	0	0	0	0	0	0	0	0	0	0	0	0	0	0	2	0	0	0	0	0	36	100	10	0	0	0	0	0	0	0	0	0	0	0	0	0	0	0	0	0	0	0	0	0	0	0	0	0	0	0	0	0	0	0	0	0
OTU1993	0	0	0	0	0	0	0	0	0	0	0	0	0	0	0	0	0	0	0	0	0	0	0	0	0	0	0	0	0	0	0	0	0	0	0	0	0	0	0	0	0	0	0	0	0	0	0	0	0	0	0	0	0	0	0	0	0	0	0	0	0	0	0	0	0	0	2	39	2	0	0	0	0	0	0	0	0	0	0	0	0	0	0	0	0	0	0	0	0	0	0	0	0	0	0	0	0	0	2	0	7	0
OTU1994	1	0	0	0	0	0	0	0	0	0	11	0	0	0	0	0	5	0	0	0	0	5	0	0	0	0	0	0	0	0	0	0	1	0	0	0	112	0	1	0	0	1	0	0	0	0	0	0	0	8	0	18	0	0	0	0	0	0	0	17	0	0	0	0	0	0	0	0	0	0	0	0	3	2	0	0	128	1	0	0	0	111	1	0	0	0	0	7	0	1	0	3	2	1	0	0	0	0	0	0	0	0
OTU1995	0	0	0	1	0	0	0	0	0	0	0	0	2	1	0	0	0	0	0	0	0	0	0	0	0	0	0	0	0	0	0	0	0	0	0	0	0	0	0	0	0	0	0	0	1	0	0	0	0	0	0	0	2	0	0	1	1	3	6	2	1	0	0	0	0	0	0	0	0	0	0	0	0	2	0	0	0	0	0	0	0	55	147	0	0	13	0	0	0	2	73	0	6	0	0	2	0	0	0	0	0	0
OTU1996	0	1	0	0	0	0	0	0	0	0	0	0	0	0	0	0	0	0	0	0	0	0	0	0	0	0	0	0	0	0	0	0	0	0	0	0	21	0	16	0	1	0	2	3	0	0	1	0	0	0	0	3	0	3	0	0	1	0	5	0	0	0	0	0	0	0	0	0	0	1	0	0	0	4	0	0	0	20	0	4	0	1	0	4	10	0	0	8	2	2	0	0	2	0	0	0	1	0	0	0	14	0
OTU1997	0	0	0	0	0	0	0	0	2	0	0	0	0	0	0	0	0	0	0	0	0	0	0	0	0	0	0	0	0	0	0	0	0	0	0	0	0	0	0	0	0	0	0	0	0	0	0	0	0	0	0	0	0	0	0	0	0	0	0	0	0	0	0	4	0	0	0	0	0	1	0	0	55	0	0	0	0	0	0	0	0	1	0	0	0	0	0	0	0	0	0	0	0	0	0	0	0	0	0	0	0	0
OTU1998	0	0	0	0	0	0	0	0	0	0	0	0	0	4	0	0	0	0	0	0	0	0	0	0	0	0	0	0	0	1	0	0	0	0	0	0	1	0	0	0	0	0	0	0	0	0	0	0	0	0	0	0	0	0	5	0	0	1	0	0	0	0	0	0	0	0	0	0	0	0	0	0	0	0	0	0	0	0	0	0	0	0	0	0	0	0	0	0	0	4	0	0	0	0	0	0	33	0	0	0	0	1
OTU1999	0	0	0	0	0	0	0	0	0	0	0	0	0	0	0	0	0	0	0	0	0	0	0	0	0	0	0	1	0	0	0	0	0	0	0	0	0	0	0	0	0	0	0	0	19	0	0	0	0	0	0	0	1	0	0	4	0	0	0	0	0	0	0	0	0	0	0	0	0	34	0	0	1	0	0	0	0	0	0	0	0	8	0	0	0	0	0	0	0	0	0	0	0	0	0	0	0	0	0	0	0	0
OTU2	91	165	3	67	0	1	126	217	162	3	165	351	606	689	17	0	1	2	60	0	65	41	49	92	78	30	4312	4525	7602	5735	3629	46	193	321	174	38	257	1751	2542	1	3758	1060	866	1475	6890	1444	2793	958	747	995	455	938	1593	974	2241	1308	6707	826	1799	207	169	80	28	147	56	62	499	76	200	833	1078	834	6792	3608	227	219	549	527	1258	605	1277	8167	6983	4823	2187	1102	243	1362	2003	1798	703	623	738	3672	935	1774	7241	120	8923	15333	8804	3550
OTU20	0	24	0	5	0	0	33	11	1	0	3	5	99	93	1	0	0	0	8	0	16	14	8	4	6	2	8	93	2	940	33	14	28	12	62	31	2	4	0	0	1	4	3	437	383	203	172	99	47	5	1	56	211	56	196	884	230	252	84	57	21	6	21	28	411	14	308	1673	166	16	3	1987	167	146	3	2	1	6	4	2	77	624	724	301	731	48	1	6	22	96	1	29	77	1480	132	139	233	25	57173	162	271	73
OTU200	0	1	0	3	0	0	9	0	0	0	13	3	5	3	0	0	0	0	0	0	1070	3	3	4	0	0	0	2	0	0	0	2	3	859	2	3	1	0	0	0	0	0	8	0	1	14	1	0	2	0	0	2	0	0	5	30	6	1	0	0	204	0	1	1477	0	427	23	18	2	0	0	0	0	14	0	0	2	0	0	0	0	2	2	0	0	379	0	1	0	4	2	0	108	2	0	0	0	555	1	0	2	0
OTU2000	0	0	0	0	0	0	0	0	0	0	0	0	0	0	0	0	0	0	0	0	0	0	0	0	0	0	0	1	0	43	0	0	0	0	0	0	0	0	0	0	0	0	0	0	0	0	0	0	0	0	0	3	2	3	0	0	3	0	0	0	0	0	0	0	0	0	0	0	0	0	0	0	0	3	0	0	0	0	0	0	0	0	1	0	1	1	0	0	0	3	0	0	0	2	0	0	0	0	25	0	0	0
OTU2001	0	0	0	0	0	0	0	0	0	0	0	0	0	2	0	0	0	0	0	0	0	0	0	0	0	0	0	35	0	23	0	0	0	0	0	0	1	0	0	0	0	0	0	3	0	0	0	4	0	0	0	0	2	0	1	2	1	0	2	0	0	0	0	0	0	0	0	0	3	0	0	0	0	2	0	0	0	0	0	0	1	1	0	0	1	0	0	1	3	0	0	0	0	0	0	0	0	0	0	0	0	0
OTU2002	0	0	0	0	0	0	0	0	0	0	0	0	0	0	0	0	0	0	0	0	0	0	0	0	1	0	0	0	45	0	0	0	0	0	0	0	0	0	0	0	0	0	0	0	0	0	1	8	0	0	0	0	0	0	0	1	4	0	0	0	0	0	0	0	0	0	0	0	0	1	0	0	0	2	0	1	0	0	2	0	0	0	0	0	0	0	0	0	0	0	0	0	0	0	0	0	0	0	0	0	0	0
OTU2003	0	0	0	0	0	0	0	0	0	0	0	0	0	0	0	0	0	0	0	0	0	0	0	0	0	0	0	0	0	9	9	0	1	0	0	0	2	9	6	0	5	4	0	0	2	2	0	0	4	3	5	0	0	0	5	0	0	0	2	1	0	0	0	0	0	0	0	0	0	0	14	0	1	14	0	2	0	1	2	0	12	13	0	0	0	0	0	0	0	0	4	4	0	0	0	0	0	0	0	0	0	0
OTU2004	0	0	0	0	0	0	0	0	0	0	0	0	0	0	0	0	0	0	0	0	0	0	0	0	0	0	0	0	0	0	0	0	0	3	0	0	0	0	0	0	0	0	0	0	0	0	0	0	0	0	0	0	0	0	0	0	0	0	0	0	0	0	0	0	0	0	0	0	0	0	0	0	0	0	0	0	0	0	0	0	0	0	0	0	0	0	0	0	0	0	0	0	0	0	3	0	0	0	0	35	0	0
OTU2005	0	0	0	0	0	0	0	0	0	0	0	0	0	0	0	0	0	0	0	0	0	0	0	0	0	0	0	0	0	0	0	0	0	44	0	0	0	0	0	0	0	0	0	0	0	0	0	0	0	0	0	0	0	0	0	0	0	0	0	0	0	0	0	4	0	0	0	0	0	0	0	0	0	0	0	0	0	0	0	0	0	0	0	0	0	0	0	0	0	0	0	0	0	0	0	0	0	2	0	0	0	0
OTU2006	0	0	0	0	0	0	0	0	0	0	0	0	0	0	0	0	0	0	0	0	0	0	0	0	0	0	0	0	0	0	0	0	0	0	0	3	0	0	0	0	0	0	0	0	0	0	0	0	0	0	0	0	0	0	0	0	0	0	0	0	0	0	0	0	8	0	43	0	16	0	0	0	0	0	0	0	0	0	0	0	0	0	0	0	0	0	0	0	0	0	0	0	0	0	0	0	0	1	0	0	0	0
OTU2007	0	0	0	0	0	0	0	0	0	0	0	0	0	0	0	0	0	0	0	0	0	0	0	0	0	0	0	0	0	0	0	0	0	0	0	3	0	0	0	0	0	0	0	0	0	0	0	0	0	0	0	0	0	0	0	0	0	0	0	0	0	0	0	3	8	0	11	4	14	0	0	0	0	0	0	0	0	0	0	0	0	0	0	0	0	0	0	0	0	0	0	0	0	0	0	0	0	0	0	0	2	0
OTU2008	0	0	0	0	0	0	0	0	0	0	0	0	0	0	0	0	0	0	0	0	0	0	0	0	0	0	0	0	0	0	0	0	0	0	0	1	0	0	0	0	0	0	0	0	0	0	0	0	0	0	0	0	0	0	0	1	2	0	0	0	0	0	0	26	0	10	3	2	0	0	0	0	0	0	0	0	0	0	0	0	0	0	0	0	0	5	0	0	2	0	0	0	6	0	0	0	0	12	0	0	1	0
OTU2009	0	0	0	0	0	0	0	0	0	0	0	0	0	0	0	0	0	0	0	0	0	0	0	0	0	0	0	0	0	0	0	0	0	0	0	0	14	10	0	0	0	0	11	0	0	3	0	0	0	0	0	0	0	0	0	0	0	0	0	0	0	0	0	0	0	0	0	0	0	0	2	0	0	0	0	0	0	2	0	0	0	0	0	0	0	0	3	0	0	0	0	0	0	0	0	0	0	0	0	0	0	0
OTU201	0	4	2	3	0	0	7	3	2	0	4	3	30	15	1	0	0	0	3	0	5	4	2	1	4	1	0	374	3	508	40	7	5	26	13	12	21	20	17	0	4	57	46	12	44	6	11	275	27	42	144	220	132	34	85	48	169	306	176	0	15	3	0	7	986	9	301	685	228	50	8	311	49	234	13	7	39	21	35	18	36	40	231	143	121	5	9	14	132	55	59	12	24	56	13	21	23	6	385	353	380	185
OTU2010	0	0	0	0	0	0	0	0	0	0	0	0	0	0	0	0	0	0	0	0	0	0	0	0	0	0	0	0	0	0	0	0	0	0	0	0	4	0	0	0	0	0	0	0	0	0	0	0	0	0	0	0	0	0	0	0	0	0	0	0	0	0	0	0	0	1	2	0	4	0	3	0	0	0	0	0	14	0	0	0	0	0	0	1	0	0	0	0	0	0	0	0	0	0	0	0	0	0	17	0	0	0
OTU2011	0	0	0	0	0	0	0	0	0	0	0	0	0	0	0	0	0	0	0	0	0	0	1	0	0	0	0	0	0	0	0	0	0	0	2	0	0	0	0	0	0	11	0	0	0	0	0	0	0	0	0	0	0	0	0	0	0	0	0	0	0	0	0	0	0	0	0	0	0	0	0	36	0	0	0	0	0	0	0	0	0	2	0	0	0	0	0	0	0	0	0	0	0	0	0	0	0	0	0	0	0	0
OTU2012	0	0	0	0	0	0	0	0	1	0	0	0	0	0	0	0	0	0	0	0	0	0	0	0	0	0	0	0	0	0	0	0	0	0	0	0	0	0	0	0	0	0	0	0	2	3	6	1	0	8	0	10	0	2	3	1	3	0	4	0	0	0	0	0	0	0	0	0	0	0	0	24	13	1	2	0	0	0	5	0	0	0	7	0	0	0	0	0	0	0	0	3	0	1	1	5	1	1	0	0	0	0
OTU2013	0	0	0	0	0	0	0	0	0	0	0	3	0	3	0	0	0	0	0	0	0	0	0	0	0	0	0	0	0	0	0	0	0	0	0	0	2	0	0	0	2	0	0	1	0	0	0	0	0	0	0	16	1	0	1	23	18	1	0	0	0	0	0	0	0	0	0	0	0	0	14	0	7	0	1	0	0	0	6	0	2	10	0	1	0	0	0	0	0	4	8	0	0	4	0	1	3	0	0	0	0	0
OTU2014	0	0	0	0	0	0	0	0	0	0	0	0	0	0	0	0	0	0	0	0	0	0	0	0	0	0	0	0	0	0	0	0	0	0	0	0	0	0	0	0	0	0	0	0	0	0	0	0	0	0	0	0	0	0	2	0	0	0	0	0	0	0	0	0	17	0	5	0	0	0	0	0	0	0	0	0	0	0	0	0	0	0	0	0	0	0	0	0	0	0	0	0	0	0	0	0	0	0	0	0	6	17
OTU2015	0	0	0	0	0	0	0	0	0	0	0	0	0	0	0	0	0	0	0	0	0	0	0	0	0	0	0	0	0	0	0	0	0	0	0	0	0	0	0	0	0	0	0	0	0	0	0	0	0	0	0	0	0	0	23	0	3	0	3	0	0	0	0	0	0	0	0	0	0	0	0	0	0	27	0	0	0	0	0	0	0	0	0	0	0	0	0	0	0	0	0	0	0	4	1	2	0	0	0	0	0	0
OTU2016	0	0	0	0	0	0	0	0	0	0	0	0	0	0	0	0	0	0	0	0	0	0	0	0	0	0	0	0	0	0	0	0	0	0	0	0	0	0	0	0	0	0	0	0	0	0	0	0	0	0	0	0	0	0	0	0	0	3	2	0	2	0	0	0	25	0	23	19	14	0	0	0	0	0	0	0	0	0	0	0	0	0	0	0	0	0	0	0	0	0	0	0	0	0	0	0	0	0	0	0	0	0
OTU2017	0	0	0	0	0	0	0	0	0	0	0	0	1	1	0	0	0	0	0	0	0	0	0	0	0	0	0	0	0	0	0	0	0	0	2	0	0	0	0	0	0	0	0	0	0	0	0	0	0	0	0	0	2	0	11	0	0	0	0	0	49	0	0	9	0	4	0	0	1	0	0	0	0	0	0	0	0	0	0	0	0	0	0	0	0	5	0	0	0	0	0	0	4	0	0	0	0	3	0	0	0	0
OTU2018	0	0	0	0	0	0	0	0	0	0	0	0	0	0	0	0	0	0	0	0	0	0	0	0	0	0	0	0	0	0	0	0	0	0	0	0	0	0	0	0	0	0	0	0	0	0	0	0	0	0	0	0	0	0	0	0	0	0	0	0	32	0	0	11	0	3	0	0	0	0	0	0	0	0	0	0	0	0	0	0	0	0	1	0	0	7	0	0	0	0	0	0	2	0	0	0	0	6	1	0	0	0
OTU2019	0	0	0	0	0	0	0	2	0	0	1	0	0	0	0	0	0	0	0	0	0	0	0	0	0	0	0	0	0	0	0	0	0	0	0	0	0	0	0	0	0	0	0	0	0	0	0	0	0	0	0	0	0	0	2	2	0	2	0	0	0	0	0	50	0	25	0	0	0	0	0	0	0	0	0	0	0	0	0	0	3	0	0	0	0	5	0	0	0	2	0	0	18	0	0	0	0	19	0	0	2	0
OTU202	0	0	0	0	0	0	7	0	0	0	0	12	7	1	0	0	0	0	4	0	0	5	3	0	0	0	0	2	0	0	0	0	4	2	3	0	0	0	0	0	0	0	0	0	0	0	0	3	0	0	0	0	0	0	0	0	86	1	0	0	6	0	1	3	10	2	3521	8	10	0	0	1	0	5	0	0	0	0	0	0	3	4	68	0	0	0	0	0	0	6	0	0	30	0	0	0	0	2	0	3	2	3
OTU2020	0	0	0	1	0	0	0	1	0	0	0	0	2	0	0	0	0	0	0	0	0	0	0	0	0	0	0	5	1	0	0	1	0	0	0	0	0	0	0	0	0	0	0	6	0	0	0	5	0	0	0	0	1	0	1	10	2	3	0	0	0	0	5	0	17	0	2	27	21	0	0	0	7	36	1	0	0	0	0	0	0	0	3	0	31	0	0	0	2	0	0	0	0	0	1	3	0	1	0	0	0	0
OTU2021	0	0	0	0	0	0	0	0	0	0	0	0	0	0	0	0	0	0	0	0	0	0	0	0	0	0	0	0	0	0	0	0	0	0	0	0	0	0	0	0	0	0	0	0	0	0	0	0	0	0	0	0	0	0	0	0	0	0	0	0	0	0	0	0	10	0	35	28	0	0	0	0	0	0	0	0	0	0	0	0	0	0	0	0	0	0	0	0	0	0	0	0	0	0	0	0	0	1	0	0	0	0
OTU2022	0	5	0	1	0	0	0	0	0	0	43	0	0	2	0	0	0	0	0	0	0	0	0	0	0	0	0	0	0	0	0	0	0	0	0	0	0	0	0	0	0	0	0	0	0	0	0	0	0	0	0	9	0	0	0	0	3	0	0	0	0	0	0	0	0	0	1	0	0	0	0	134	0	2	0	0	0	0	0	0	0	0	3	0	0	0	0	0	0	1	0	0	11	0	0	0	0	0	0	0	0	0
OTU2023	0	0	0	0	0	0	2	5	0	0	0	0	0	0	0	0	0	0	0	0	0	0	0	0	0	0	0	0	0	0	0	0	2	0	0	0	0	0	0	0	0	0	0	0	0	0	0	0	0	0	0	0	0	0	5	0	0	0	0	0	0	0	0	0	126	0	11	2	25	0	0	0	0	0	0	0	0	0	0	0	0	0	0	0	0	0	0	0	0	0	0	0	0	0	0	0	0	0	0	1	0	1
OTU2024	0	2	0	1	0	0	4	0	6	0	1	2	10	10	0	0	0	0	1	0	0	4	2	2	0	0	0	11	1	0	0	0	0	0	3	0	19	9	4	0	5	0	2	0	0	5	2	0	2	8	2	5	4	0	0	0	24	13	2	0	0	0	0	0	0	0	0	0	0	14	23	0	0	24	2	0	10	8	0	3	4	0	2	1	0	2	35	1	3	13	0	3	0	0	0	0	0	0	0	0	0	0
OTU2025	0	0	0	0	0	0	0	0	0	0	0	0	6	0	0	0	0	0	0	0	0	0	0	0	0	0	0	0	0	0	0	0	0	0	0	0	0	0	0	0	0	0	0	0	0	0	0	3	0	0	4	0	0	0	2	0	2	2	1	0	0	0	0	0	0	0	0	0	0	0	0	2	2	0	4	0	0	0	0	0	1	3	0	1	6	0	0	1	0	1	0	0	0	0	0	0	0	0	0	0	0	0
OTU2026	0	0	0	0	0	0	0	0	0	0	0	0	1	0	0	0	0	0	0	0	0	0	0	0	0	0	0	0	0	0	0	0	0	0	0	0	0	0	0	0	0	0	0	0	0	0	0	0	0	0	0	0	1	0	0	0	0	0	0	0	0	0	0	18	0	10	0	0	0	0	0	0	0	0	0	0	0	0	0	0	0	0	0	0	0	2	0	0	0	1	0	0	9	0	0	0	0	21	0	0	0	0
OTU2027	0	0	0	0	0	0	0	0	0	0	0	0	39	0	0	0	0	0	0	0	0	0	0	0	0	0	0	8	0	0	0	0	0	0	0	0	0	0	0	0	0	0	0	0	0	0	0	0	0	0	0	0	0	0	0	0	2	0	0	0	0	0	0	0	0	0	0	0	0	10	0	0	0	1	0	0	0	0	0	0	1	0	0	0	0	0	0	0	0	1	0	0	0	0	0	0	0	0	0	0	0	0
OTU2028	0	0	0	0	0	0	0	0	0	0	0	0	0	1	1	0	0	0	0	0	0	0	0	0	0	0	0	0	0	0	0	0	0	0	0	0	0	0	0	0	0	0	0	0	0	0	0	1	1	0	0	0	0	0	2	0	4	0	0	0	0	0	0	4	0	0	0	0	1	0	0	0	0	37	0	0	0	0	0	0	24	0	8	1	0	1	0	0	1	6	0	0	0	5	2	6	0	0	0	0	0	0
OTU2029	0	0	0	0	0	0	0	0	0	0	0	0	0	2	0	0	0	0	0	0	0	0	0	0	0	0	0	9	0	0	6	0	0	0	0	3	0	0	0	0	0	0	0	8	0	5	0	12	0	0	0	0	0	0	0	3	9	0	1	0	0	0	0	1	0	0	0	0	0	0	0	0	0	0	3	0	0	0	0	0	0	0	0	0	0	2	0	0	0	0	0	0	0	1	4	0	0	0	0	0	0	0
OTU203	4	3	0	1	0	0	2	4	0	0	5	6	29	40	0	0	2	0	0	0	0	1	0	1	0	0	1	16	0	16	1	0	1	0	1	12	6	3	9	3	3	1	4	91	52	10	43	515	4	8	2	15	58	168	1030	137	312	33	412	0	1	0	4	10	18	8	6	0	11	13	4	6	232	118	20	3	3	2	3	2	21	30	82	5	151	20	1	4	15	59	18	7	58	626	73	28	162	6	10	0	0	4
OTU2030	0	0	0	0	0	0	0	0	0	0	0	0	0	0	0	0	0	0	0	0	0	0	0	2	0	0	0	2	0	0	0	0	0	25	0	0	0	0	0	0	0	0	0	0	0	0	1	0	0	0	0	0	0	0	0	2	1	0	0	0	0	0	0	36	0	15	0	1	0	0	0	0	0	0	0	0	0	0	0	0	0	0	0	0	0	12	0	0	0	3	0	0	11	0	0	0	0	13	0	0	0	0
OTU2031	0	0	0	0	0	0	0	0	0	0	0	0	0	3	0	0	0	0	0	0	0	0	0	0	0	0	0	26	0	0	0	0	0	0	0	0	0	0	0	0	14	0	0	0	0	0	0	0	0	1	0	0	0	0	0	0	1	2	0	0	0	0	0	0	17	1	1	16	17	0	3	0	19	3	0	0	0	1	0	0	0	0	0	0	0	0	4	0	4	0	0	0	0	0	0	0	0	0	4	0	0	8
OTU2032	0	0	0	0	0	0	0	0	0	0	0	0	0	0	0	0	0	0	0	0	0	0	0	0	0	0	0	1	5	0	0	0	0	0	0	0	0	0	0	0	0	0	0	0	0	0	0	0	6	0	1	0	4	0	0	0	0	0	0	0	0	0	0	0	0	0	0	0	0	0	2	10	9	0	0	0	0	0	0	0	0	0	0	0	0	0	0	0	1	0	0	0	0	0	0	0	0	0	0	0	0	0
OTU2033	0	0	0	0	0	0	0	0	0	0	0	0	0	0	0	0	0	0	0	0	0	0	0	0	0	0	0	0	0	0	0	0	0	57	0	0	0	0	0	0	0	0	0	0	0	0	0	0	0	0	0	0	0	0	0	0	0	0	0	0	0	0	0	0	0	2	0	0	0	0	0	0	0	0	0	0	0	0	0	0	0	0	0	0	0	0	0	0	0	0	0	0	0	0	0	0	0	0	0	0	0	0
OTU2034	0	0	0	0	0	0	0	0	0	0	0	0	0	0	0	0	0	0	0	0	0	0	0	0	0	0	0	0	0	0	0	0	0	2	0	0	0	0	0	0	0	0	0	0	0	0	0	0	0	0	0	0	0	0	0	0	0	0	0	0	0	0	0	0	0	0	0	0	0	0	0	0	0	0	0	0	0	0	0	0	0	0	0	0	0	0	0	0	0	0	0	0	0	0	0	0	0	0	0	34	0	0
OTU2035	0	0	0	0	0	0	0	0	0	0	0	0	0	0	0	0	0	0	0	0	0	0	0	0	0	0	0	2	0	0	0	0	0	0	0	0	6	0	0	0	0	0	1	0	0	1	0	0	0	0	4	0	4	2	0	0	4	0	0	0	0	0	0	0	0	0	0	0	0	0	0	0	5	0	0	0	0	0	3	0	0	0	0	0	0	0	0	0	13	0	0	0	2	0	2	0	4	0	0	0	0	0
OTU2036	0	0	0	0	0	0	0	0	0	0	0	0	0	0	0	0	0	0	0	0	0	0	0	0	0	0	0	0	0	0	0	0	0	0	1	1	0	0	2	0	0	0	0	0	0	0	0	0	0	0	0	0	0	0	0	1	2	0	0	0	0	0	0	17	0	6	0	0	0	0	0	0	0	0	0	0	0	0	0	0	0	0	0	0	0	7	0	0	0	0	0	0	12	0	0	0	0	15	0	0	0	0
OTU2037	0	0	0	0	0	0	0	0	0	0	0	0	0	0	0	0	0	0	0	0	0	0	0	0	0	0	0	0	0	0	0	0	0	0	0	0	0	0	0	0	0	1	0	0	0	0	0	0	0	0	0	0	0	0	0	0	1	0	0	0	0	0	0	0	20	0	4	0	12	0	0	0	0	0	0	0	0	0	0	0	0	0	0	0	0	0	0	0	0	0	0	0	0	0	0	0	0	0	0	0	0	0
OTU2038	0	0	0	0	0	0	0	0	0	0	0	0	0	0	0	0	0	0	0	0	0	0	0	0	0	0	0	0	0	0	0	0	0	0	0	0	0	0	2	0	0	0	0	0	0	3	0	2	0	1	0	0	1	0	0	0	1	0	12	0	0	0	0	9	0	5	0	0	0	0	0	0	2	1	0	0	0	1	0	0	0	0	0	0	11	1	0	0	0	0	0	0	0	22	0	0	0	1	0	0	0	0
OTU2039	0	0	0	0	0	0	7	0	0	0	0	0	2	0	0	0	0	0	0	0	0	0	0	0	0	0	0	0	0	0	0	0	0	0	0	0	0	0	0	0	0	0	0	0	0	0	0	0	0	0	2	0	0	3	0	0	0	0	1	0	0	0	0	0	0	0	0	0	0	0	0	0	0	0	0	0	0	0	0	0	45	0	0	1	0	0	0	0	0	2	0	0	0	4	0	0	3	0	0	0	0	0
OTU204	0	0	0	0	0	0	0	2	0	0	1	1	4	17	1	0	0	0	0	0	0	1	0	0	3	0	0	11	1	21	0	0	6	0	4	0	22	5	1	0	3	0	7	5	1	9	4	1	120	295	39	1024	827	1	42	0	38	63	51	0	0	0	0	0	0	0	14	2	0	46	46	43	74	59	25	2	0	2	1	2	8	6	3	4	4	2	4	2	28	153	437	0	11	222	42	9	2	0	15	20	2	1
OTU2040	0	0	0	0	0	0	0	0	0	0	0	0	0	0	0	0	0	0	0	0	0	0	0	0	0	0	0	0	0	0	0	0	0	2	0	0	0	0	0	0	0	0	0	0	0	0	0	0	0	0	0	0	1	0	0	0	2	0	0	0	0	0	0	22	3	3	0	0	0	0	0	0	0	0	0	0	0	0	0	0	0	0	0	0	0	15	0	0	0	0	0	0	3	0	0	0	0	11	2	0	0	0
OTU2041	0	0	0	0	0	0	0	0	0	0	0	0	0	2	0	0	0	0	0	0	0	0	0	0	0	0	0	0	0	0	0	0	0	0	0	0	0	0	0	0	0	0	0	0	1	0	0	0	0	0	0	0	1	0	0	3	16	1	0	0	0	0	0	0	0	0	0	0	0	0	0	0	6	1	0	0	0	0	0	0	0	0	0	0	0	0	1	0	0	5	0	0	0	0	0	0	16	0	0	0	0	0
OTU2042	0	0	0	0	0	0	0	0	0	0	0	0	0	0	0	0	0	0	0	0	0	0	0	0	0	0	0	0	0	0	0	0	0	0	0	0	0	0	0	0	0	0	0	0	1	0	0	0	0	0	0	0	0	0	11	16	2	0	0	0	0	0	0	0	0	0	0	0	0	0	0	0	0	4	0	0	0	0	0	0	0	5	0	0	0	0	0	0	0	1	0	0	0	0	0	0	0	0	0	0	0	0
OTU2043	0	0	0	0	0	0	0	0	0	0	0	0	0	0	0	0	0	0	0	0	0	0	0	0	0	0	0	0	0	0	0	0	0	0	0	0	0	0	0	0	0	0	0	0	0	0	0	0	0	0	0	0	0	0	0	0	4	0	0	0	0	0	0	0	0	0	37	0	2	0	0	0	0	0	0	0	0	0	0	0	0	0	0	0	0	0	0	0	0	0	0	0	0	0	0	0	0	0	0	0	0	0
OTU2044	0	1	0	0	0	0	0	3	0	0	0	0	0	0	0	0	0	0	0	0	0	0	0	0	0	0	1	1	3	0	7	0	0	0	1	0	2	3	0	0	1	2	0	0	0	0	4	0	0	5	1	0	0	0	0	0	0	109	1	0	0	0	0	0	0	0	3	31	1	0	1	1	0	0	0	3	0	0	0	0	0	0	0	1	0	0	0	0	0	1	0	0	5	0	0	0	2	0	0	0	1	0
OTU2045	0	0	0	0	0	0	0	0	0	0	0	0	0	0	0	0	0	0	0	0	0	0	0	0	0	0	0	0	0	0	0	0	0	0	0	0	0	0	0	0	0	0	0	0	0	0	0	0	0	0	0	0	1	0	0	0	3	0	0	0	52	0	0	12	0	6	0	0	0	0	0	0	0	0	0	0	0	0	0	0	0	0	2	0	0	1	0	0	0	0	0	0	1	0	0	0	0	8	0	0	0	1
OTU2046	0	0	0	0	0	0	0	0	0	0	0	0	0	0	0	0	0	0	0	0	0	0	0	0	0	0	0	0	0	0	0	0	0	0	0	0	0	0	0	0	0	0	0	0	0	0	0	0	0	0	0	0	0	0	3	0	0	0	0	0	0	0	0	0	60	0	4	7	0	0	0	0	0	0	0	0	0	0	0	0	0	0	0	0	0	0	0	0	0	0	0	0	0	0	0	0	0	0	0	0	0	0
OTU2047	0	0	0	0	0	0	0	0	0	0	0	0	0	0	0	0	0	0	0	0	0	0	0	0	0	0	0	0	0	0	0	0	0	0	0	0	0	0	0	0	0	0	0	0	0	0	0	0	0	0	0	0	0	0	0	0	0	0	0	0	0	0	0	0	24	0	1	0	0	0	0	0	0	0	0	0	0	0	0	0	0	0	0	0	0	0	0	0	0	0	0	0	0	4	0	0	0	0	45	0	0	0
OTU2048	0	0	0	0	0	0	0	0	0	0	0	0	0	0	0	0	0	0	0	0	0	0	0	0	0	0	0	0	0	0	0	0	0	0	0	0	0	0	0	0	0	0	0	0	0	0	0	0	0	0	0	0	0	0	0	5	0	0	0	0	0	0	0	0	0	0	9	36	0	0	0	0	0	0	0	0	0	0	0	0	0	0	0	0	0	0	0	0	0	0	0	0	0	0	0	1	2	0	0	0	46	23
OTU2049	0	0	0	0	0	0	0	0	0	0	7	0	0	0	0	0	2	0	0	0	0	1	0	0	0	0	0	0	0	0	0	0	0	0	0	0	70	0	0	0	0	3	0	0	0	0	0	0	2	3	0	11	0	0	1	0	0	0	0	0	0	0	0	0	0	0	0	0	0	0	0	1	1	3	0	0	116	1	0	0	0	26	0	0	0	0	0	1	0	1	0	1	0	0	0	0	0	0	0	0	0	0
OTU205	9	5	0	0	0	0	2	0	0	0	5	0	16	19	3	0	0	0	0	0	4	1	1	0	0	0	92	79	144	29	23	1	3	0	0	0	5	10	175	0	7	7	552	21	74	75	9	96	53	13	95	43	85	7	33	30	89	27	66	14	0	1	0	2	0	0	2	2	0	40	23	106	23	60	26	7	2	2	18	9	13	668	61	12	26	31	3	34	31	76	23	2	19	69	23	25	25	0	55	0	95	13
OTU2050	0	0	0	0	0	0	0	0	0	0	0	0	0	0	0	0	0	0	0	0	0	0	0	0	0	0	0	0	0	0	0	0	0	0	0	0	0	0	0	0	0	0	0	0	0	0	0	0	0	0	0	0	0	0	0	0	0	0	0	0	0	0	0	0	0	0	0	0	0	0	0	0	0	0	0	0	0	0	4	0	0	0	0	0	0	0	0	0	0	0	0	0	0	0	2	0	0	0	1	39	0	0
OTU2051	0	0	0	0	0	0	0	0	0	0	0	2	0	0	0	0	0	0	0	0	0	0	0	0	0	0	0	0	0	0	0	0	0	0	0	0	0	0	0	0	0	0	0	3	4	0	0	0	0	0	0	0	0	11	0	0	12	0	4	0	0	0	0	0	0	0	2	0	0	0	0	0	0	0	6	0	0	0	0	0	0	0	1	6	0	0	0	0	0	2	0	0	0	0	1	0	0	0	0	0	0	0
OTU2052	0	0	0	0	0	0	0	0	0	0	0	0	2	0	0	0	0	0	0	0	0	0	0	0	0	0	0	0	0	0	0	0	0	0	2	0	0	0	0	0	0	0	0	0	0	0	0	0	0	0	0	0	0	0	0	0	0	0	0	0	0	0	0	0	0	0	0	0	0	2	0	0	0	0	0	0	0	0	0	0	0	0	1	0	0	0	0	0	42	0	0	0	0	0	0	0	0	0	0	0	0	0
OTU2053	0	0	0	0	0	0	0	0	0	0	0	0	2	0	0	0	0	0	0	0	0	0	0	0	0	0	0	3	0	0	0	0	0	0	0	0	0	0	0	0	0	0	0	0	0	0	0	0	0	0	0	0	0	0	0	0	0	0	0	0	0	0	0	25	0	8	0	0	0	0	0	0	0	0	0	0	0	0	0	0	0	0	0	0	0	1	0	0	0	0	0	0	6	0	0	0	0	10	0	0	0	0
OTU2054	0	0	0	0	0	0	0	0	0	0	0	0	0	0	0	0	0	0	0	0	0	1	0	0	0	0	0	0	0	0	0	0	0	0	0	0	0	0	0	0	0	0	0	0	0	0	0	0	0	0	0	1	0	0	2	0	0	5	1	0	0	0	0	0	16	0	2	12	2	0	0	0	0	0	0	0	0	0	0	0	0	0	0	0	0	0	0	0	0	0	0	0	0	0	0	0	0	0	0	0	0	0
OTU2055	0	0	0	0	0	0	0	0	0	0	0	0	0	0	0	0	0	0	0	0	0	0	0	0	0	0	3	23	4	0	0	0	0	0	0	0	5	1	1	0	3	0	4	0	0	0	0	0	0	0	0	0	0	0	0	0	7	0	0	0	0	0	0	0	0	0	0	0	0	0	0	0	0	1	0	0	0	0	0	0	0	0	0	0	0	0	0	1	0	0	0	0	0	0	0	1	0	0	0	0	0	0
OTU2056	0	0	0	0	0	0	0	0	0	0	2	0	0	2	0	0	0	0	0	0	0	0	0	0	0	0	0	0	41	0	0	0	0	0	0	0	0	0	0	0	0	0	0	0	0	0	0	0	0	0	0	0	0	0	0	0	0	0	0	0	0	0	0	0	0	0	0	0	0	0	0	0	0	0	0	10	8	1	0	0	0	0	0	0	0	0	0	0	0	0	0	0	0	0	0	0	0	0	0	0	0	0
OTU2057	0	0	0	2	0	0	0	0	0	0	0	0	0	0	0	0	0	0	0	0	0	0	0	0	0	0	0	0	0	0	0	0	0	27	0	0	0	0	0	0	0	0	0	0	0	2	0	0	0	0	0	0	0	0	0	0	1	0	0	0	0	0	0	1	0	4	0	0	0	0	0	0	0	0	0	0	0	0	0	0	0	0	0	0	0	0	0	0	0	0	0	0	0	0	0	0	0	3	0	0	0	0
OTU2058	0	0	0	0	0	0	0	0	0	0	0	0	0	0	0	0	0	0	0	0	0	0	0	0	0	0	0	0	0	0	0	0	0	36	0	0	0	0	0	0	0	0	0	0	0	0	0	0	0	0	0	0	0	0	0	0	1	0	0	0	0	0	0	2	0	4	0	0	0	0	0	0	0	0	0	0	0	0	0	0	0	0	0	0	0	1	0	0	0	0	0	0	0	0	0	0	0	5	0	0	0	0
OTU2059	0	0	0	0	0	0	0	0	0	0	0	0	0	0	0	0	0	0	0	0	0	0	0	0	0	0	0	0	0	0	0	0	0	3	0	0	0	0	0	0	0	0	0	0	0	0	0	0	0	0	0	0	0	0	0	0	0	0	0	1	0	0	0	0	0	0	0	0	0	0	0	0	0	0	0	0	0	0	0	0	0	0	0	0	0	0	0	0	0	0	0	0	0	0	0	0	0	0	0	38	0	0
OTU206	0	7	0	3	0	0	1	22	3	0	6	2	16	36	0	0	0	0	4	0	5	1	0	0	0	0	5	17	6	2	3	3	9	24	18	9	5	0	3	0	3	4	1	156	167	558	573	194	0	9	0	13	19	4	23	528	140	39	18	1	0	0	0	1	23	16	10	340	1	4	2	3	583	107	45	7	0	0	0	1	6	56	11	75	0	0	1	4	4	9	0	2	26	183	13	38	26	1	554	228	95	10
OTU2060	0	0	0	0	0	0	0	0	0	0	0	0	0	0	0	0	0	0	0	0	0	0	0	0	0	0	0	0	0	0	0	0	0	0	0	0	0	1	2	0	0	0	0	0	0	4	0	0	0	0	0	0	0	0	0	0	1	0	0	0	0	0	0	0	0	0	0	0	0	0	0	0	0	0	0	0	0	0	0	0	0	0	0	0	0	0	16	0	11	0	0	5	0	2	0	0	0	0	0	0	0	0
OTU2061	0	0	0	0	0	0	0	0	0	0	0	0	1	0	0	0	0	0	0	0	0	0	0	0	0	0	0	0	0	0	0	0	0	0	0	0	0	0	0	0	2	0	0	0	0	0	0	0	0	0	0	0	13	0	0	0	0	0	0	0	0	0	0	0	0	0	0	0	0	0	0	0	40	5	0	0	0	0	0	0	0	0	0	0	0	0	0	0	0	0	8	0	0	0	0	0	0	0	0	0	0	0
OTU2062	0	0	0	0	0	0	0	0	0	0	0	0	1	0	0	0	0	0	0	0	0	0	0	0	0	0	0	0	0	0	6	0	0	0	0	0	0	0	0	0	0	0	1	9	0	46	0	0	1	0	0	0	0	0	6	3	28	1	0	0	0	0	0	0	0	0	0	0	0	0	0	0	0	0	0	0	0	0	2	1	0	12	0	0	0	0	0	0	0	0	0	0	1	2	0	0	0	0	0	0	0	0
OTU2063	0	0	0	0	0	0	0	0	0	0	0	0	0	1	0	0	0	0	0	0	0	0	0	0	0	0	0	0	0	0	0	0	0	0	0	0	0	0	0	0	0	0	0	14	0	1	0	0	0	0	0	0	0	0	0	1	22	0	0	0	0	0	0	0	0	0	4	0	0	0	0	0	0	0	0	0	3	0	0	0	0	0	0	0	0	0	0	0	1	0	0	0	0	2	0	0	0	0	0	0	0	0
OTU2064	0	0	0	0	0	0	0	0	0	0	0	0	0	0	0	0	0	0	0	0	0	0	0	0	0	0	0	0	0	0	0	0	0	0	0	0	0	0	0	0	0	0	0	14	0	1	0	0	0	0	0	0	1	0	0	0	0	0	0	0	0	0	0	0	0	0	0	0	0	0	0	0	0	2	0	0	0	0	0	0	0	0	26	0	12	0	0	0	0	0	0	0	0	0	0	0	0	0	0	0	0	0
OTU2065	0	0	0	0	0	0	0	0	0	0	0	0	0	0	0	0	0	0	0	0	0	0	0	0	0	0	0	0	0	0	0	0	0	0	0	0	0	0	0	0	0	0	0	0	0	0	0	0	0	0	0	0	0	0	0	0	1	4	0	0	0	0	0	0	0	0	0	0	0	0	0	0	0	0	44	0	0	0	0	0	1	0	0	0	0	0	0	0	0	0	0	0	0	0	0	0	2	0	0	0	0	0
OTU2066	0	0	0	0	0	0	0	1	0	0	0	0	0	0	0	0	0	0	0	0	0	0	0	0	0	0	0	0	0	0	0	0	0	0	0	0	0	0	0	0	0	0	0	0	0	0	0	0	0	0	0	0	0	0	0	0	0	0	6	0	0	0	0	0	0	0	0	0	58	0	0	0	0	0	0	0	0	0	0	0	0	0	0	0	0	0	0	1	0	0	0	0	0	1	0	1	0	0	5	0	10	5
OTU2067	0	0	0	0	0	0	0	0	0	0	0	0	0	0	0	0	0	0	0	0	0	0	0	0	0	0	0	0	0	0	0	0	0	1	0	0	1	0	0	0	0	0	0	0	0	0	0	0	0	0	0	0	0	0	0	0	0	0	1	0	0	0	0	0	0	0	5	14	20	0	0	0	13	0	0	0	0	0	0	0	0	0	0	0	0	0	0	0	0	0	0	0	0	0	0	0	0	0	0	0	0	0
OTU2068	0	0	0	0	0	0	0	0	0	0	0	0	0	0	0	0	0	0	0	0	0	0	3	0	0	0	0	0	0	0	0	0	0	0	0	0	0	0	0	0	0	0	1	0	2	0	0	0	0	0	0	0	0	0	0	4	0	0	0	0	37	0	0	44	0	18	0	0	3	0	0	0	0	1	0	0	0	0	0	0	0	0	1	0	0	6	0	0	0	0	0	0	10	0	0	0	0	20	0	0	1	0
OTU2069	0	0	0	0	0	0	0	0	0	0	0	0	0	0	0	0	0	0	0	0	0	0	0	0	0	0	0	0	0	0	0	0	0	0	0	0	0	0	0	0	0	0	0	0	0	0	0	0	0	0	0	0	0	0	0	0	0	0	0	0	0	0	0	2	0	0	0	0	0	0	0	0	0	0	0	0	0	0	0	0	0	0	0	0	0	0	0	0	0	0	0	0	0	0	0	0	0	0	0	0	35	0
OTU207	3	1	0	6	0	0	0	0	0	0	0	0	43	12	0	0	0	0	0	0	0	0	0	0	0	0	0	11	0	132	0	0	1	0	0	0	4	0	2	0	1	4	0	3	36	5	6	23	0	0	1	7	35	1	11	13	49	9	247	0	0	0	0	0	0	0	2	0	5	1	1	3	0	199	0	0	0	3	3	0	8	0	8	0	2	2	0	2	1	20	2281	0	106	38	10	31	96	7	8	1	10	4
OTU2070	0	0	0	0	0	0	0	0	0	0	0	0	0	0	0	0	0	0	0	0	0	0	0	0	0	0	0	0	0	0	0	0	0	0	0	0	0	0	0	0	0	0	0	0	0	0	0	0	0	0	0	0	0	0	0	0	0	0	0	2	0	0	0	0	8	0	3	3	11	0	0	0	0	0	0	0	0	0	0	0	0	0	0	0	0	0	0	0	0	0	0	0	0	1	0	0	0	0	62	0	0	0
OTU2071	0	0	0	0	0	0	0	0	0	0	0	0	0	0	0	0	0	0	0	0	0	0	0	0	0	0	0	0	0	0	0	0	0	0	0	0	0	0	0	0	0	0	0	0	0	0	0	0	0	0	0	0	0	0	0	2	1	0	0	0	0	0	0	0	15	0	18	5	0	0	0	0	0	0	0	0	0	0	0	0	0	0	3	0	0	0	0	0	0	0	0	0	0	0	0	2	0	0	7	0	7	18
OTU2072	0	0	0	0	0	0	0	0	0	0	0	0	0	0	0	0	0	0	0	0	0	0	0	0	0	0	0	0	0	0	0	0	0	0	0	0	0	0	0	0	0	0	0	0	0	0	0	0	0	0	0	0	0	0	0	0	0	0	0	0	0	0	0	0	0	0	0	0	0	0	0	0	2	0	0	0	0	0	0	0	0	0	0	0	0	0	0	0	0	0	0	0	0	1	0	0	0	0	48	0	0	8
OTU2073	0	0	0	0	0	0	0	0	0	0	0	0	0	0	0	0	0	0	0	0	0	0	0	0	0	0	0	0	0	0	0	0	0	0	0	0	0	0	0	0	0	0	0	0	0	0	0	0	0	0	0	0	0	0	0	0	0	0	0	0	0	0	0	0	0	0	0	1	0	0	0	0	0	0	0	0	0	0	0	0	0	0	0	0	0	0	0	0	0	0	0	0	0	0	0	2	0	1	5	12	17	2
OTU2074	0	0	0	0	0	0	0	0	0	0	0	0	0	0	0	0	0	0	0	0	0	0	0	0	0	0	0	0	0	0	0	0	0	0	0	0	0	0	0	0	0	0	0	0	0	0	0	0	0	0	0	0	0	0	0	0	0	0	0	0	0	0	0	0	0	0	0	0	0	0	0	0	0	0	0	0	0	0	0	0	0	0	0	0	0	0	0	0	0	0	0	0	0	0	0	0	0	0	0	44	0	0
OTU2075	0	0	0	0	0	0	0	0	0	0	3	0	0	3	0	0	0	0	0	0	0	0	0	0	0	0	0	0	0	0	0	0	0	0	0	1	0	0	0	0	0	0	0	0	0	0	0	29	0	0	0	1	0	0	0	0	1	1	0	0	0	0	0	0	0	0	0	0	0	0	0	0	0	0	0	0	0	0	0	0	0	0	0	0	0	0	0	0	0	0	0	0	0	0	0	0	0	0	0	0	0	0
OTU2076	0	0	0	0	0	0	1	0	1	0	0	1	0	0	0	0	0	0	0	0	0	0	0	0	0	0	0	0	0	0	0	0	0	0	0	0	0	0	11	0	0	0	0	0	0	0	0	0	0	0	0	0	0	0	0	0	15	0	0	0	0	0	0	0	0	0	8	0	0	1	0	0	0	0	0	0	0	0	0	0	0	0	0	0	0	0	28	0	0	0	0	0	0	0	0	0	0	0	0	0	0	0
OTU2077	0	0	0	0	0	0	0	0	0	0	0	0	0	0	0	0	0	0	0	0	0	0	0	0	0	0	0	35	1	4	0	0	0	0	0	0	0	0	0	0	0	0	3	0	0	3	5	0	0	0	0	0	12	0	0	0	3	0	0	0	0	0	0	0	0	0	0	0	0	0	0	0	0	0	0	0	0	0	0	0	0	0	0	0	0	0	0	0	0	0	0	2	0	0	0	0	4	0	0	0	0	0
OTU2078	0	0	0	0	0	0	0	0	0	0	0	4	0	0	0	0	0	0	0	0	0	0	0	0	0	0	0	1	0	0	0	0	0	0	0	0	0	0	0	0	2	0	0	0	18	0	0	0	0	0	0	0	9	0	3	0	13	8	0	0	0	0	0	0	0	0	0	0	0	0	0	25	0	0	13	0	0	0	3	0	0	16	0	0	0	2	0	0	0	6	15	0	0	0	2	0	0	0	0	0	0	0
OTU2079	0	0	0	0	0	0	0	0	0	0	2	0	0	0	0	0	0	0	0	0	0	0	0	0	0	0	0	2	0	0	0	0	0	0	0	0	0	0	0	0	0	0	0	0	0	0	0	0	0	0	0	0	0	0	0	1	0	0	0	0	0	0	0	32	0	17	0	0	0	0	0	0	0	0	0	0	0	0	0	0	0	0	0	0	0	11	0	0	0	0	0	0	0	0	0	0	0	18	0	0	0	0
OTU208	0	14	0	4	0	0	14	15	20	0	7	2	23	75	0	0	0	0	13	0	33	21	0	1	0	10	1	16	5	5	3	0	1	1	0	0	963	2	31	0	6	520	1578	0	4	2	0	1	1	4	3	39	57	2	4	12	93	19	16	0	0	0	0	2	1	4	3	10	1	28	6	55	6	61	10	1176	4	15	2	305	509	1	10	3	4	6	99	1	41	17	34	22	17	6	3	4	8	0	0	0	3	0
OTU2080	0	0	0	0	0	0	0	0	0	0	0	0	0	0	0	0	0	0	0	0	0	0	0	0	0	0	0	1	0	69	0	0	0	0	0	0	0	0	0	0	0	0	1	0	0	0	0	0	0	0	0	0	0	0	0	0	2	0	0	0	0	0	0	0	0	0	0	0	0	0	0	0	1	1	0	0	0	0	2	0	0	0	0	0	0	0	0	0	0	0	0	0	0	0	0	0	0	0	0	0	0	0
OTU2081	0	0	0	0	0	0	0	0	0	0	0	0	0	0	0	0	0	0	0	0	0	0	0	0	0	0	8	28	5	19	4	0	0	0	0	0	0	0	0	0	0	0	0	2	3	0	0	3	0	1	0	0	0	0	5	1	5	7	8	0	0	0	0	0	0	0	0	0	0	0	0	0	1	3	8	0	0	0	0	0	0	3	4	0	2	4	0	0	0	3	0	0	3	0	0	0	7	0	0	0	0	0
OTU2082	0	1	0	0	0	0	0	0	0	0	0	0	0	0	0	0	0	0	0	0	0	0	0	0	0	0	0	0	38	0	0	0	0	0	0	0	0	0	0	0	0	0	0	0	0	0	0	0	0	0	0	2	0	0	0	4	0	0	0	0	0	0	0	0	0	0	0	0	0	0	0	0	0	0	0	1	0	0	0	0	0	0	0	0	0	0	0	0	0	0	0	0	0	0	0	0	0	0	0	0	0	0
OTU2083	0	0	0	0	0	0	0	0	0	0	1	0	0	0	0	0	0	0	0	0	0	0	0	0	0	0	0	0	0	0	0	0	0	60	0	0	0	0	0	0	0	0	0	0	0	0	0	0	0	0	0	0	0	0	0	0	0	0	0	0	0	0	0	3	0	6	2	0	0	0	0	0	0	0	0	0	0	0	0	0	0	0	0	0	0	6	0	0	0	0	0	0	0	0	0	0	0	2	0	0	0	1
OTU2084	0	0	0	0	0	0	0	0	0	0	0	0	0	0	0	0	0	0	0	0	0	0	0	0	0	0	0	0	0	0	0	0	0	0	0	0	0	0	20	0	1	0	0	0	0	0	0	0	0	0	0	0	2	0	0	0	0	0	0	0	0	0	0	0	0	0	0	0	0	0	0	0	0	0	0	14	0	1	0	0	0	0	0	0	0	2	0	0	0	0	0	0	0	0	0	0	0	0	0	0	0	0
OTU2085	0	0	0	0	0	0	0	0	0	0	0	0	0	0	0	0	0	0	0	0	0	0	0	0	0	0	0	0	4	0	0	0	0	0	0	0	0	0	0	0	0	0	14	0	0	0	0	0	0	0	0	0	0	0	0	0	3	10	0	0	0	0	0	0	0	0	0	0	0	4	0	0	0	4	0	0	0	0	3	0	3	0	0	0	0	0	0	0	2	3	0	0	0	0	0	0	3	0	0	0	0	0
OTU2086	0	0	0	0	0	0	0	0	0	0	0	0	0	0	0	0	0	0	0	0	0	0	0	0	0	0	0	0	0	0	0	0	0	0	0	0	0	0	0	0	0	0	1	8	1	0	0	0	0	12	0	4	3	0	0	13	6	2	0	0	0	0	0	0	0	0	0	0	0	2	0	0	3	0	0	0	0	2	7	3	0	0	10	0	0	0	0	14	1	0	0	0	0	0	0	0	3	0	0	0	0	0
OTU2087	0	0	0	0	0	0	0	0	0	0	0	0	0	0	0	0	0	0	0	0	0	0	0	0	0	0	0	0	0	0	0	0	0	0	0	0	0	0	0	0	0	0	0	0	2	0	0	0	0	0	0	0	0	0	2	22	4	0	1	0	0	0	0	0	0	0	0	0	0	2	0	0	0	2	0	0	0	0	0	0	0	3	1	0	0	0	0	0	0	0	0	0	2	0	0	0	0	0	0	0	3	3
OTU2088	0	0	0	1	0	0	0	0	0	0	0	0	0	0	0	0	0	0	0	0	0	0	0	0	0	0	0	0	0	0	0	0	0	0	0	0	0	0	0	0	0	0	0	0	0	0	0	0	0	3	0	0	0	8	0	0	0	0	0	0	0	0	0	0	0	0	0	0	0	0	0	0	0	1	0	0	0	0	0	0	0	0	0	0	0	0	44	0	0	0	0	0	0	0	0	0	0	0	0	0	0	0
OTU2089	0	0	0	0	0	0	0	0	0	0	6	0	3	0	0	0	0	0	0	0	0	1	0	0	0	0	0	0	0	0	0	0	0	126	0	1	0	0	0	0	0	0	0	0	0	1	0	0	0	0	0	0	0	0	0	8	3	0	0	1	13	0	0	110	0	61	1	0	2	0	0	0	0	0	0	0	0	0	0	0	0	0	0	0	2	47	0	0	0	2	0	0	34	0	0	0	0	50	0	0	2	0
OTU209	6	4	1	0	0	0	0	5	10	0	10	21	14	22	2	4	0	0	2	0	0	0	0	0	1	0	30	295	80	173	28	0	0	3	2	1	38	10	23	0	240	46	11	10	30	36	25	60	99	97	8	199	300	27	18	65	129	31	72	0	0	0	0	1	0	0	3	0	1	283	201	174	205	279	114	21	37	11	27	42	25	30	58	3	15	7	24	5	36	119	360	50	23	17	25	3	7	0	0	3	2	0
OTU2090	0	0	0	0	0	0	0	0	0	0	0	0	0	0	0	0	0	0	0	0	0	0	0	0	0	0	0	0	0	0	0	0	0	0	0	0	0	0	0	0	0	0	0	0	0	0	0	0	0	0	0	0	0	0	0	0	1	1	0	0	0	0	0	0	0	0	17	28	0	0	0	0	0	0	0	0	0	0	0	0	0	0	0	0	0	0	0	0	0	0	0	0	0	0	0	0	0	0	0	0	1	0
OTU2091	0	0	0	0	0	0	0	2	0	0	0	0	0	0	0	0	0	0	0	0	0	0	0	0	0	0	0	0	0	0	0	0	0	0	0	0	0	0	0	0	0	0	0	0	0	0	0	0	0	0	0	0	0	0	2	0	1	0	0	0	2	0	0	0	60	0	7	0	0	0	0	0	0	0	0	0	0	0	0	0	0	0	0	0	0	0	0	0	0	0	0	0	0	0	0	0	0	0	0	0	3	0
OTU2092	0	0	0	0	0	0	0	0	0	0	0	0	0	0	0	0	0	0	0	0	0	0	0	0	0	0	0	0	0	0	0	0	0	0	0	0	0	0	0	0	0	0	0	0	0	0	0	0	0	0	0	0	0	0	0	0	0	0	0	0	71	0	0	0	0	4	0	0	0	0	0	0	0	0	0	0	0	0	0	0	0	0	0	0	0	0	0	0	0	0	0	0	0	0	0	0	0	2	0	0	0	0
OTU2093	0	0	0	0	0	0	3	3	0	0	1	0	0	2	0	0	0	0	3	0	0	2	3	0	1	0	0	2	1	0	0	2	1	3	3	4	1	0	0	0	0	0	0	0	0	7	0	0	0	26	0	3	5	0	12	3	29	22	18	3	0	0	0	0	242	1	854	212	301	0	0	0	0	1	0	0	6	0	0	0	0	0	0	0	20	0	0	1	0	1	0	0	0	5	17	1	1	1	7	0	2	0
OTU2094	0	0	0	0	0	0	0	0	0	0	0	0	0	0	0	0	0	0	0	0	0	0	0	0	0	0	0	0	0	0	0	0	0	0	0	0	0	0	0	0	0	0	0	0	0	0	0	0	0	0	0	0	0	0	0	0	0	0	0	0	0	0	0	0	0	0	5	0	0	0	0	0	0	0	0	0	0	0	0	0	0	0	0	0	0	0	0	0	0	0	0	0	0	0	0	0	0	0	0	0	0	61
OTU2095	0	0	0	0	0	0	1	0	0	0	0	0	0	0	0	0	0	0	0	0	0	0	0	0	0	0	0	0	0	0	0	0	0	0	0	0	0	0	0	0	0	0	0	0	0	0	0	0	0	0	1	0	1	0	0	0	0	0	0	0	0	0	0	0	0	0	0	0	0	0	0	0	0	3	0	0	0	0	0	0	18	0	14	0	2	0	0	0	0	4	0	0	0	0	0	0	0	0	0	0	2	0
OTU2096	0	0	0	0	0	0	0	0	3	55	0	0	0	1	0	0	0	0	0	0	0	0	0	0	0	0	0	0	0	0	0	0	0	0	0	0	0	0	0	0	0	0	1	0	0	0	0	0	0	0	0	0	0	0	0	0	0	0	0	0	0	0	0	0	0	0	0	0	0	0	0	0	0	0	0	0	0	0	0	0	0	0	0	0	0	0	0	0	0	1	0	0	0	0	0	0	0	0	0	0	0	0
OTU2097	0	0	0	0	0	0	0	0	0	0	1	0	0	0	0	0	0	0	0	0	0	0	0	0	0	0	0	0	0	0	0	0	0	0	0	0	0	6	2	0	0	0	20	0	0	1	0	0	0	0	0	8	5	0	0	0	0	2	0	0	0	0	0	0	0	0	1	0	0	0	0	0	3	1	0	0	0	0	0	0	0	1	0	0	11	0	0	0	1	0	0	0	2	5	0	0	0	0	0	1	0	0
OTU2098	0	0	0	3	0	0	0	0	2	0	0	0	1	5	0	0	0	0	0	0	0	2	0	0	0	0	0	1	1	0	1	0	0	0	0	0	11	0	0	0	32	17	46	0	0	0	0	0	4	0	0	0	2	0	0	0	8	4	0	0	0	0	0	0	0	0	0	0	1	7	0	0	0	0	0	4	12	0	14	25	2	0	0	0	0	0	1	13	0	3	0	0	3	3	0	3	0	0	0	0	0	0
OTU2099	0	0	0	0	0	0	0	0	0	0	0	0	0	1	0	0	0	0	0	0	0	0	0	0	0	0	0	0	5	2	0	0	0	2	0	0	0	0	0	0	0	0	4	5	0	128	0	0	0	0	0	0	3	0	0	0	5	0	1	0	0	0	0	0	0	0	0	0	0	0	0	0	0	3	0	0	0	0	0	0	2	0	0	0	0	0	0	0	4	0	0	0	0	0	3	0	0	0	0	0	0	0
OTU21	118	138	1	28	4	0	21	39	46	0	33	16	180	414	10	1	0	10	35	0	10	6	5	4	89	13	1000	7468	2525	2678	1403	9	96	17	161	26	443	47	157	0	412	1148	314	295	5485	154	6881	534	61	133	759	1106	456	82	203	359	804	492	669	7	12	5	6	28	693	14	478	289	338	130	222	212	1250	786	66	161	322	154	4616	626	415	113	469	249	458	84	44	123	440	1506	451	797	223	578	116	258	206	16	1447	512	499	113
OTU210	64	11	3	3	0	0	5	4	5	5	15	4	44	38	0	0	0	115	10	0	10	0	1	22	0	0	21	231	16	220	371	0	0	0	2	0	13	2	1187	0	26	316	310	4	108	27	60	5	189	484	261	78	905	95	202	17	126	51	64	1	1	0	0	7	4	4	6	2	4	24	354	68	38	553	173	4	10	58	67	5	194	23	38	52	25	19	3	11	128	115	631	411	87	188	51	92	995	3	9	1	2	11
OTU2100	0	0	0	0	0	0	0	0	0	0	0	0	0	1	0	0	0	0	0	0	0	0	1	0	0	0	0	0	0	0	0	0	0	0	0	0	0	0	0	0	0	0	0	0	0	0	0	0	0	0	0	0	2	0	0	0	0	2	0	0	0	0	0	13	0	20	0	0	0	0	0	0	0	0	0	0	0	0	0	0	0	0	0	0	0	1	0	0	0	1	0	0	10	0	0	0	0	10	0	0	0	0
OTU2101	0	0	0	0	0	0	0	0	0	0	0	0	0	2	0	0	0	0	0	0	0	0	0	0	0	0	0	0	0	0	0	3	0	0	0	0	0	0	0	0	0	0	0	23	0	0	0	0	0	0	0	0	1	0	0	0	0	0	0	0	0	0	0	0	0	0	0	0	0	0	0	0	0	0	0	0	0	0	0	0	2	0	0	0	0	0	0	0	0	0	0	0	0	0	0	3	0	0	0	0	0	0
OTU2102	0	0	0	0	0	0	0	0	0	0	0	0	0	2	0	0	0	0	0	0	0	0	0	0	0	0	0	0	0	0	0	0	0	0	0	0	0	0	0	0	0	0	0	0	0	0	0	0	0	0	0	0	0	0	0	0	1	0	68	0	0	0	0	0	0	0	0	0	2	1	0	0	0	0	0	0	0	0	0	0	0	0	0	0	0	0	0	0	0	0	0	0	0	0	0	0	0	0	0	0	0	0
OTU2103	0	0	0	0	0	0	0	0	0	0	0	0	0	0	0	0	112	0	0	0	0	0	0	0	0	0	0	0	0	0	0	0	0	0	0	0	0	0	0	0	0	0	0	0	0	0	0	0	0	0	0	0	0	0	0	0	0	0	0	0	0	0	0	0	0	0	0	0	0	0	0	0	0	0	0	0	0	0	0	0	0	0	0	0	0	0	0	0	0	0	0	0	0	0	0	0	0	0	0	0	0	0
OTU2104	0	0	0	0	0	0	0	0	0	0	0	0	1	0	0	0	0	0	0	0	0	0	0	0	0	0	1	17	0	20	11	0	0	0	0	0	0	0	0	0	0	0	0	0	0	0	0	0	0	0	0	0	0	0	0	2	0	0	0	0	0	0	0	0	0	0	0	0	0	0	0	0	0	1	0	0	0	2	0	0	0	0	0	0	0	0	0	0	0	1	0	0	0	3	0	0	0	0	0	0	0	0
OTU2105	0	0	0	0	0	0	0	0	0	0	0	0	0	0	0	0	0	0	0	0	0	0	0	0	0	0	0	0	19	0	0	0	0	0	0	0	0	0	0	0	0	0	0	0	0	0	2	0	0	0	0	0	0	0	0	0	0	0	0	0	0	0	0	0	0	0	0	0	0	0	0	2	4	0	0	0	0	0	0	0	0	12	0	0	0	0	0	0	0	0	0	0	0	0	0	0	1	0	0	0	0	0
OTU2106	0	0	0	0	0	0	1	0	0	0	0	0	0	0	0	0	0	0	0	0	0	0	0	0	0	0	0	0	0	3	0	0	0	0	0	0	0	0	0	0	0	2	0	0	9	1	0	0	3	4	0	0	0	0	0	0	0	0	0	0	0	0	0	0	0	0	0	0	0	0	10	1	0	0	0	0	0	0	0	0	0	0	7	0	0	0	0	0	0	0	0	0	0	0	0	0	0	0	0	0	0	0
OTU2107	0	0	0	0	0	0	0	0	0	0	0	0	0	0	0	0	0	0	0	0	0	0	0	0	0	0	0	0	0	0	0	0	0	3	0	0	0	0	0	0	0	0	0	0	0	0	0	0	0	0	0	0	0	0	0	0	0	0	0	0	0	0	0	0	0	0	0	0	0	0	0	0	0	4	0	0	0	0	0	0	0	0	3	0	0	0	0	0	0	1	0	0	0	0	0	0	0	2	1	22	0	0
OTU2108	0	0	0	0	0	0	0	0	0	0	0	0	0	0	0	0	0	0	0	0	0	0	0	0	0	0	0	0	0	0	0	0	0	40	0	0	0	0	0	0	0	0	0	0	0	0	0	0	0	0	0	0	0	0	0	1	0	0	0	0	0	0	0	1	0	0	0	0	0	0	0	0	0	0	0	0	0	0	0	0	0	0	1	0	0	0	0	0	0	0	0	0	0	0	0	0	0	4	0	0	0	0
OTU2109	0	0	0	0	0	0	0	0	0	0	0	0	0	0	0	0	0	0	0	0	0	0	0	0	0	0	0	0	0	0	0	0	0	32	0	0	0	0	0	0	0	0	0	0	0	0	0	0	0	0	0	0	0	0	0	0	0	0	0	0	0	0	0	5	0	3	0	0	0	0	0	0	0	0	0	0	0	0	0	0	0	0	0	0	0	5	0	0	0	0	0	0	0	0	0	0	0	2	0	0	0	0
OTU211	0	0	0	0	0	0	1	3	0	0	0	0	0	0	0	0	0	0	1	0	2	4	0	0	2	0	0	0	0	0	0	2951	0	2	6	0	0	0	0	0	0	0	0	33	0	0	0	0	0	0	0	0	0	0	0	0	1	0	0	0	6	2	1	0	2	0	6	5	3	0	0	0	0	0	0	0	0	0	0	0	0	0	0	0	0	0	0	0	0	0	0	0	0	3	0	0	0	0	4	1	13	0
OTU2110	0	0	0	0	0	0	0	0	0	0	2	0	2	0	0	0	0	0	0	0	0	0	0	0	0	0	0	0	0	0	0	0	0	18	0	0	0	0	0	0	0	0	0	0	0	0	0	0	0	0	0	0	0	0	0	0	6	0	0	0	0	0	0	50	0	42	2	1	2	0	0	0	0	0	0	0	0	0	0	0	0	0	0	0	0	18	0	0	0	0	0	0	10	0	0	0	0	8	0	0	0	0
OTU2111	0	0	0	0	0	0	0	0	0	0	0	0	0	0	0	0	0	0	0	0	0	1	0	0	0	0	0	0	0	0	0	0	0	0	0	0	13	3	10	0	0	0	0	0	0	0	0	0	0	0	0	0	0	0	0	0	0	0	0	0	0	0	0	0	0	0	0	0	0	0	0	0	0	0	0	0	15	0	0	0	0	0	0	0	0	0	0	0	0	0	0	2	0	0	0	0	0	0	0	0	0	0
OTU2112	0	0	0	0	0	0	0	0	0	0	0	0	0	0	0	0	0	0	0	0	0	0	0	0	0	0	0	0	0	0	0	0	0	0	0	0	0	2	0	0	0	0	0	0	0	0	0	0	0	0	0	0	0	0	0	0	1	0	0	0	0	0	0	20	0	30	0	0	0	0	0	0	0	0	0	0	0	0	0	0	0	0	0	0	0	1	0	0	0	0	0	0	7	0	0	0	0	16	0	0	0	0
OTU2113	0	0	0	0	0	0	0	0	0	0	0	0	0	0	0	0	0	0	0	0	0	0	0	0	0	0	0	0	0	0	0	0	0	0	0	0	0	0	0	0	3	0	0	0	0	0	0	0	0	0	16	0	0	0	0	0	0	0	1	0	0	0	0	0	0	0	0	0	0	2	0	0	0	0	0	12	3	1	0	0	0	0	0	0	0	0	1	0	0	0	0	0	0	0	0	0	0	0	0	0	0	0
OTU2114	0	0	0	0	0	0	0	0	0	0	0	0	0	0	0	0	0	0	0	0	0	0	0	0	0	0	0	0	0	0	0	0	0	0	0	0	0	0	0	0	0	0	0	0	34	1	0	0	0	0	0	0	0	0	0	0	0	0	0	0	0	0	0	0	0	0	0	0	0	0	0	0	0	0	0	0	0	0	0	0	3	0	0	0	0	0	0	0	0	1	0	0	0	0	5	0	0	0	0	0	0	0
OTU2115	0	0	0	0	0	0	0	0	0	0	0	0	0	0	0	0	0	0	0	0	0	0	0	0	0	0	0	0	0	0	0	0	0	0	0	0	0	0	0	0	0	0	0	0	21	0	0	0	0	0	0	0	0	0	0	0	0	0	0	0	0	0	0	0	0	1	0	0	0	0	0	0	0	0	0	0	0	0	0	0	0	1	0	0	1	0	0	0	0	3	0	0	0	0	0	0	7	0	0	0	0	0
OTU2116	0	0	0	0	0	0	0	0	0	0	0	0	0	0	0	0	0	0	0	0	0	0	0	0	0	0	0	1	0	0	0	0	0	0	0	0	0	0	0	0	0	0	0	0	0	0	0	5	66	0	0	0	2	0	0	0	0	4	0	0	0	0	0	0	0	0	0	0	0	0	0	0	0	0	0	0	0	0	5	0	0	0	1	0	0	0	0	0	0	0	0	0	0	0	3	0	0	0	0	0	0	0
OTU2117	0	0	0	0	0	0	0	0	0	0	0	0	0	0	0	0	0	0	0	0	0	0	0	0	0	0	0	0	0	0	0	0	0	0	0	0	0	0	0	0	0	0	0	0	0	0	0	0	0	34	0	0	0	0	0	0	1	0	0	0	0	0	0	0	0	0	0	0	0	0	0	0	0	0	0	0	0	0	0	0	0	0	0	0	0	0	0	0	0	0	0	0	0	0	0	0	0	0	0	0	0	0
OTU2118	0	0	0	0	0	0	0	0	0	0	0	0	0	0	0	0	0	0	0	0	0	2	0	0	0	0	0	0	0	5	3	0	0	0	0	0	0	0	0	0	0	0	0	0	0	0	2	1	1	4	0	9	1	3	1	1	2	0	0	1	0	0	0	0	0	0	0	0	0	0	0	0	9	0	0	0	0	0	6	0	9	0	0	0	0	0	0	0	0	4	0	0	1	0	0	0	4	0	33	0	8	6
OTU2119	0	0	0	0	0	0	0	0	0	0	0	4	0	0	0	0	0	0	0	0	0	0	0	0	0	0	0	0	0	1	0	0	0	0	0	0	0	0	0	0	0	0	0	0	0	1	0	0	0	0	0	0	4	0	0	0	2	0	1	0	0	0	0	0	0	0	0	0	0	0	0	0	0	2	0	0	0	0	0	0	0	0	0	0	0	0	0	0	2	0	0	0	0	32	0	0	0	0	0	0	0	0
OTU212	0	6	0	3	0	0	1	4	18	0	12	3	43	35	0	0	1	0	29	0	0	11	0	6	0	7	0	15	2	6	2	0	0	0	0	0	436	3	264	3	1	968	2	3	3	1	0	0	4	4	1	49	45	5	3	27	88	23	8	0	0	0	0	2	0	0	3	4	0	147	1	19	153	222	144	44	114	999	5	644	17	0	5	0	0	5	4	4	4	30	18	0	36	19	4	2	5	1	0	0	0	0
OTU2120	0	0	0	0	0	0	0	0	0	0	0	0	0	0	0	0	0	0	0	0	2	0	0	0	0	0	0	0	0	0	0	0	0	0	0	0	0	0	0	0	0	0	0	0	0	0	0	0	0	0	0	0	0	0	3	0	0	0	0	0	0	0	0	1	0	1	0	0	52	0	0	0	0	0	0	0	0	0	0	0	0	0	0	0	0	1	0	0	0	0	0	0	1	0	0	0	0	0	0	0	0	0
OTU2121	0	0	0	0	0	0	0	0	0	0	0	0	0	0	0	0	0	0	0	0	0	0	0	0	0	0	0	0	0	0	0	0	0	0	0	0	0	0	0	0	0	0	0	0	0	0	0	0	0	0	0	0	0	0	0	6	0	0	0	0	0	0	0	12	0	11	0	0	0	0	0	0	0	0	0	0	0	0	0	0	0	0	0	0	0	7	0	2	0	0	0	0	3	0	0	0	0	14	0	0	0	0
OTU2122	0	0	0	0	0	0	0	0	0	0	0	0	0	0	0	0	0	0	0	0	0	0	0	0	0	0	0	0	0	0	0	0	0	0	0	0	0	0	0	0	0	0	0	0	0	0	0	0	0	0	0	0	0	0	0	0	2	0	0	0	0	0	0	0	0	0	47	0	0	0	0	0	0	0	0	0	0	0	0	0	0	0	0	0	0	0	0	0	0	0	0	0	0	0	0	0	0	0	0	0	0	0
OTU2123	0	0	0	0	0	0	0	0	0	0	9	0	0	0	0	0	0	0	0	0	5	57	0	0	2	0	0	0	0	0	0	0	3	0	0	0	20	0	0	0	0	0	0	0	0	0	0	0	0	0	0	5	0	0	0	0	0	0	0	70	3	0	0	0	0	0	0	0	2	0	0	0	1	1	0	0	23	0	0	0	0	9	0	0	0	0	0	0	0	0	0	3	0	0	0	0	0	1	0	0	0	0
OTU2124	0	0	0	0	0	0	0	0	0	0	0	0	0	0	0	0	0	0	0	0	0	0	0	0	0	0	0	0	0	0	0	0	0	0	0	0	0	0	0	0	0	0	0	0	0	0	0	0	0	0	0	0	0	0	0	0	0	0	0	0	49	0	0	1	0	2	0	0	0	0	0	0	0	0	0	0	0	0	0	0	0	0	0	0	0	1	0	0	0	0	0	0	0	0	0	0	0	1	0	0	0	0
OTU2125	0	0	0	0	0	0	0	0	0	0	0	0	0	0	0	0	0	0	0	0	0	0	0	0	0	0	0	0	0	0	0	0	0	0	0	0	0	0	0	0	0	0	0	0	0	0	0	0	0	0	0	0	0	0	0	0	0	0	0	0	0	0	1	16	0	14	0	0	0	0	0	0	0	0	0	0	0	0	0	0	0	0	0	0	0	3	0	0	0	0	0	0	5	0	0	0	0	5	0	0	0	0
OTU2126	0	0	0	0	0	0	0	0	0	0	0	0	0	0	0	0	0	0	0	0	0	0	0	0	0	0	0	0	0	0	0	0	0	0	0	0	0	0	0	0	0	0	0	0	0	0	0	0	0	0	0	0	0	0	0	1	2	0	0	0	0	0	0	9	0	14	2	0	0	0	0	0	0	0	0	0	0	0	0	0	0	0	0	0	0	10	0	0	0	0	9	0	3	0	0	0	0	18	0	0	0	0
OTU2127	0	0	0	0	0	0	0	0	0	0	0	0	0	0	0	0	0	0	0	0	0	0	0	0	0	0	0	0	0	0	0	0	0	0	1	0	0	0	0	0	0	0	0	0	0	0	0	0	0	0	0	0	0	0	0	0	0	0	0	0	0	0	0	46	0	4	0	3	0	0	0	0	0	4	0	0	0	0	0	0	0	0	0	0	0	13	0	0	0	0	0	0	1	0	0	0	0	24	0	0	0	0
OTU2128	0	0	0	0	0	0	0	0	0	0	5	0	0	0	0	0	0	0	0	0	0	1	0	0	0	0	0	0	0	0	0	0	0	0	0	0	0	0	0	0	0	0	0	0	0	0	0	0	0	0	0	0	0	0	0	0	0	0	0	0	0	0	0	51	0	20	0	0	0	0	0	0	0	0	0	0	0	0	0	0	0	0	0	0	0	11	0	0	0	0	0	0	11	0	0	0	0	9	0	0	0	0
OTU2129	0	0	0	0	0	0	0	0	0	0	0	0	0	0	0	0	0	0	0	0	0	0	0	0	0	0	0	0	0	0	0	0	0	0	0	0	0	0	0	0	0	0	0	0	0	0	0	0	0	0	0	0	0	0	3	0	0	0	0	0	0	0	0	0	48	0	43	11	19	0	0	0	0	0	0	0	0	0	0	0	0	0	0	0	0	0	0	0	0	0	0	0	0	0	0	0	0	0	0	1	4	0
OTU213	0	0	0	1	0	0	0	22	2	0	5	0	34	49	1	0	0	0	0	0	1	0	1	2	0	0	0	22	0	17	18	0	0	0	0	1	16	21	92	0	25	20	19	14	60	12	5	58	38	151	10	13	29	35	15	7	87	76	44	0	1	0	2	5	0	1	2	0	2	84	2	303	107	77	23	879	104	82	5	4	23	25	45	36	30	8	39	20	36	34	12	14	14	131	6	51	97	0	1	0	3	2
OTU2130	0	0	0	0	0	0	0	0	0	0	0	0	0	0	0	0	0	0	0	0	0	0	0	0	0	0	0	0	0	0	0	0	0	0	0	0	0	0	0	0	0	0	0	0	0	0	0	0	0	0	0	0	0	0	0	0	0	0	0	0	0	0	0	0	0	0	1	2	0	0	0	0	0	0	0	0	0	0	0	0	0	0	0	0	0	1	0	0	0	0	0	0	0	0	0	0	0	0	18	0	20	5
OTU2131	0	0	0	0	0	0	0	0	0	0	0	0	0	0	0	0	0	0	0	0	0	0	0	0	0	0	0	0	0	0	0	0	0	0	0	0	0	0	0	0	0	0	0	0	0	0	0	0	0	0	0	0	0	0	0	0	0	0	0	0	0	0	0	0	0	0	1	0	36	0	0	0	0	0	0	0	0	0	0	0	0	0	0	0	0	0	0	0	0	0	0	0	0	0	0	0	0	0	0	0	0	0
OTU2132	0	0	0	0	0	0	0	0	0	0	0	0	0	0	0	0	0	0	0	0	0	0	0	0	0	0	0	0	0	0	0	0	0	0	0	0	0	0	0	0	0	0	0	0	0	0	0	0	0	0	0	0	0	0	0	0	0	0	0	0	0	0	0	0	0	0	4	0	0	0	0	0	0	0	0	0	0	0	0	0	0	0	0	0	0	0	0	0	0	0	0	0	0	0	2	0	0	0	30	26	10	13
OTU2133	0	0	78	0	0	0	0	0	0	0	0	0	0	0	0	0	0	0	0	0	0	0	0	0	0	0	0	0	0	0	0	0	0	0	0	0	1	0	0	0	0	0	0	0	0	0	0	0	0	0	0	0	0	0	0	0	0	0	0	0	0	0	0	0	0	0	0	0	0	0	0	0	0	0	0	0	3	0	0	0	0	0	0	0	0	0	0	0	0	0	0	0	0	0	0	0	0	0	0	0	0	0
OTU2134	0	0	0	0	0	0	0	2	0	0	1	0	2	0	0	0	0	0	0	0	0	0	0	0	0	0	0	0	0	21	12	0	0	0	0	0	0	0	0	0	0	0	0	0	0	0	0	0	0	2	0	0	0	0	0	0	0	1	0	0	0	0	0	0	2	0	0	0	0	0	0	0	0	0	0	0	0	0	0	0	0	0	0	0	0	0	0	0	0	4	0	0	0	0	0	0	0	0	0	0	0	0
OTU2135	0	0	0	0	0	0	0	0	0	0	0	5	0	0	0	0	0	0	0	0	0	0	1	0	0	0	0	0	0	0	0	0	0	0	0	1	0	5	10	0	0	0	0	9	3	0	0	0	0	0	0	0	0	0	0	0	11	0	0	0	0	0	0	0	0	0	2	0	0	0	0	0	1	0	0	2	1	0	0	0	0	0	0	0	0	0	0	0	0	2	0	0	0	0	0	0	0	0	0	0	0	0
OTU2136	0	0	0	0	0	0	0	0	0	0	0	0	2	0	0	0	0	0	0	0	0	0	0	0	0	0	0	0	0	14	0	0	0	0	0	3	0	0	0	0	0	0	0	0	0	0	0	15	0	0	0	0	0	0	0	0	5	2	0	0	0	0	0	0	0	0	0	0	0	0	0	0	0	0	0	0	0	0	0	0	2	0	0	0	1	0	0	7	0	0	9	2	0	0	0	0	0	0	0	0	0	0
OTU2137	0	0	0	3	0	0	0	0	0	0	0	0	12	10	0	0	0	0	0	0	0	0	0	0	0	0	0	8	0	12	4	0	0	0	0	0	0	0	0	0	2	2	0	0	7	30	0	2	6	0	3	0	11	3	15	399	22	15	39	8	0	0	0	0	0	8	9	0	1	5	0	1	16	29	0	0	1	6	2	0	3	429	2	0	0	1	0	0	5	13	63	0	27	22	1	24	12	0	0	0	1	0
OTU2138	0	0	0	0	0	0	0	0	0	0	0	0	0	0	0	0	0	0	0	0	0	0	0	0	2	0	0	0	0	0	0	0	0	0	0	0	0	0	0	0	0	0	0	0	0	0	0	0	0	0	0	0	0	0	0	0	0	0	0	0	0	0	0	25	0	5	0	2	0	0	0	0	0	0	0	0	0	0	0	0	0	0	0	0	0	5	0	0	0	2	0	0	6	0	0	0	0	18	0	0	0	0
OTU2139	0	0	0	0	0	0	0	0	0	0	0	0	0	0	0	0	0	0	0	0	0	0	0	0	0	0	0	0	0	3	3	0	0	0	0	0	0	0	0	0	0	10	0	0	0	0	0	6	8	0	0	0	0	0	0	0	11	0	1	0	0	0	0	0	0	3	0	0	0	0	0	4	0	4	0	0	3	3	0	0	0	0	0	0	0	0	0	0	0	0	0	0	0	0	0	0	0	0	0	0	0	0
OTU214	0	0	0	0	0	0	2	0	2	0	2	2	53	22	4	1	0	0	4	0	1	0	0	0	2	0	1	10	2	4	5	0	0	183	0	0	1	4	0	0	2	5	0	0	4	8	0	0	3	2	0	4	23	3	1	6	113	42	0	1	62	1	0	49	0	13	246	3	0	6	1	1	0	43	3	1	0	0	0	0	12	0	3	0	2	15	3	2	94	26	2	0	80	2841	3	5	3	44	53	0	0	4
OTU2140	0	0	0	0	0	0	0	0	0	0	0	0	0	0	0	0	0	0	0	0	0	0	0	0	0	0	0	0	0	0	0	0	1	43	0	0	0	0	0	0	0	0	0	0	0	0	0	0	0	0	0	0	0	0	0	0	0	0	0	0	0	0	0	2	0	0	3	0	0	0	0	0	0	0	0	0	0	0	0	0	0	0	0	0	0	0	0	0	0	0	0	0	0	0	0	0	0	1	0	0	0	0
OTU2141	0	0	0	0	0	0	0	0	0	0	0	0	0	0	0	0	0	0	0	0	0	0	0	0	0	0	0	0	0	0	0	0	0	31	0	0	0	0	0	0	0	0	0	0	0	0	0	0	0	0	0	0	0	0	0	0	0	0	0	0	0	0	0	5	0	3	1	0	0	0	0	0	0	0	0	0	0	0	0	0	0	0	0	0	0	0	0	0	0	0	0	0	3	0	0	0	0	9	0	0	3	0
OTU2142	0	0	0	0	0	0	0	0	0	0	0	0	0	0	0	0	0	0	0	0	0	0	0	0	0	0	0	0	0	0	0	0	0	38	0	0	0	0	0	0	0	0	0	0	0	0	0	0	0	0	0	0	0	0	0	0	0	0	0	0	0	0	0	0	0	0	2	0	0	0	0	0	0	0	0	0	0	0	0	0	0	0	0	0	0	0	0	0	0	0	0	0	0	0	0	0	0	2	0	0	0	0
OTU2143	0	0	1	0	1	0	0	0	0	0	14	0	0	0	0	0	1	0	0	0	0	8	0	0	0	0	0	0	0	0	0	0	2	0	0	0	100	0	0	0	0	1	0	0	0	0	0	0	1	5	0	18	0	0	0	1	0	0	1	14	0	0	0	0	0	0	0	0	0	0	0	0	13	10	0	3	168	5	1	0	0	79	0	0	0	0	0	5	0	0	0	2	0	0	0	1	0	0	0	0	0	0
OTU2144	0	0	0	0	0	0	0	0	0	0	1	0	0	0	0	0	0	0	0	0	0	0	0	0	0	0	0	0	0	0	0	0	0	0	0	0	6	0	15	0	0	0	0	0	0	0	0	0	0	0	0	0	0	0	0	0	0	1	3	0	0	0	0	0	0	0	0	3	0	0	0	0	0	0	0	0	0	0	0	0	13	0	0	0	0	0	0	0	0	0	0	0	0	0	0	0	0	0	0	0	0	0
OTU2145	0	0	0	0	0	0	0	0	0	0	0	5	2	0	0	0	0	0	0	0	0	0	0	0	0	0	0	0	1	0	4	0	0	0	0	0	0	1	0	0	1	0	0	9	10	39	6	2	0	0	0	0	1	0	33	65	46	4	17	0	0	0	0	0	2	5	0	0	0	0	0	0	0	0	0	0	0	0	0	0	0	3	0	0	0	0	0	0	0	2	3	0	0	2	5	0	5	0	0	0	0	1
OTU2146	0	0	0	0	0	0	0	0	0	0	0	0	0	0	0	0	0	0	0	0	0	0	0	0	0	0	0	0	0	0	0	0	0	0	0	0	0	0	0	0	0	7	0	0	0	0	0	0	0	6	24	0	0	0	2	0	8	0	2	0	0	0	0	0	0	0	0	1	0	0	0	0	0	3	0	0	0	0	0	0	0	1	0	0	0	0	0	0	0	0	5	0	0	0	0	0	10	0	0	0	0	0
OTU2147	0	0	0	0	0	0	0	0	0	0	0	0	0	0	18	0	0	0	0	0	0	0	0	0	0	0	0	0	0	0	0	0	0	0	0	0	0	0	0	0	3	0	0	0	0	0	0	0	0	6	0	5	3	0	0	0	0	0	0	0	0	0	0	0	0	0	0	0	0	1	0	6	11	2	0	0	13	0	3	0	11	0	1	0	0	0	0	0	1	3	0	0	0	0	0	0	0	0	0	0	0	0
OTU2148	0	0	0	0	0	0	0	0	0	0	0	0	0	0	0	0	0	0	0	0	0	0	0	0	0	0	0	0	0	0	0	0	1	0	0	0	0	0	0	0	0	0	0	0	0	0	0	0	0	0	0	0	0	0	4	1	0	0	0	0	0	0	0	20	0	20	2	0	0	0	0	0	0	0	0	0	0	0	0	0	0	0	0	0	0	3	0	0	0	0	0	0	3	0	0	0	0	3	0	0	0	1
OTU2149	0	0	0	0	0	0	0	0	0	0	0	0	0	0	0	0	0	0	0	0	0	1	0	0	0	0	0	0	0	0	0	0	0	0	0	1	0	0	0	0	0	0	0	0	0	0	0	0	0	0	0	0	1	0	0	3	6	0	0	0	0	0	0	41	0	24	0	0	2	0	0	0	0	0	0	0	0	0	0	0	0	0	0	0	0	10	0	0	0	0	0	0	6	0	0	0	0	9	0	0	0	0
OTU215	2	0	0	0	0	0	9	4	0	0	8	1	0	8	1	0	0	0	3	1	866	1	1	4	1	1	1	0	2	0	0	2	5	1350	9	6	0	1	0	0	1	1	27	4	17	21	1	4	0	221	0	5	4	0	3	77	5	6	56	2	462	1	1	503	40	923	40	18	40	0	4	0	32	23	1	12	1	0	0	0	1	4	8	0	8	188	0	1	2	9	0	21	195	24	3	9	0	547	64	11	25	22
OTU2150	0	0	0	0	0	0	0	0	0	0	0	0	0	0	0	0	0	0	0	0	0	0	0	0	0	0	0	0	0	0	0	0	0	0	0	0	0	0	0	0	0	0	0	0	0	0	0	0	0	0	0	0	0	0	0	1	0	0	0	0	0	0	0	18	0	11	0	0	0	0	0	0	0	1	0	0	0	0	0	0	0	0	0	0	0	12	0	0	0	0	0	0	5	0	0	0	0	12	0	0	0	0
OTU2151	0	0	0	0	0	0	0	0	0	0	0	0	0	0	0	0	0	0	0	0	0	0	0	0	0	0	0	0	0	0	0	0	0	0	0	0	0	0	0	0	0	0	0	0	0	0	0	0	2	0	0	0	0	0	0	0	0	0	0	0	1	0	0	26	0	15	0	0	0	0	0	0	0	0	0	0	0	0	0	0	0	0	0	0	0	20	0	0	0	0	0	0	8	0	0	0	0	16	0	0	0	0
OTU2152	0	0	0	0	0	0	0	0	0	0	0	0	0	0	0	0	0	0	0	0	0	0	0	0	0	0	0	0	0	0	0	0	0	0	0	0	0	0	0	0	0	0	0	2	0	0	0	0	0	0	0	0	2	0	0	4	0	0	0	0	0	0	0	0	25	0	8	0	4	0	0	0	0	0	0	0	0	0	0	0	0	2	0	0	0	0	0	0	0	0	0	0	0	0	0	0	0	0	0	0	0	0
OTU2153	0	0	0	0	0	0	0	0	0	0	0	0	0	0	0	0	0	0	0	0	0	0	0	0	0	0	0	0	0	0	0	0	0	1	0	1	0	0	0	0	0	0	0	0	0	0	0	0	0	0	0	0	0	0	0	0	0	0	0	0	0	0	0	2	0	0	1	0	0	0	0	0	0	0	0	0	0	0	0	0	0	0	0	0	0	0	0	0	0	0	0	0	0	0	0	0	0	0	57	0	0	0
OTU2154	0	0	0	0	0	0	0	0	0	0	0	0	0	0	0	0	0	0	0	0	0	0	0	0	0	0	0	0	0	0	0	0	0	1	0	0	0	0	0	0	0	0	0	0	0	0	0	0	0	0	0	0	0	0	0	0	0	0	0	0	0	0	0	0	0	0	0	33	0	0	0	0	0	0	0	0	0	0	0	0	0	0	0	0	0	0	0	0	0	0	0	0	0	0	0	0	0	0	2	0	0	0
OTU2155	0	0	0	0	0	0	0	0	0	0	0	0	0	0	0	0	0	0	0	0	0	0	0	0	0	0	0	0	0	0	0	0	0	0	0	0	0	0	0	0	0	0	0	0	0	0	0	0	0	0	0	0	0	0	0	0	0	0	1	0	0	0	0	0	0	0	0	0	89	0	0	0	0	0	0	0	0	0	0	0	0	0	0	0	0	0	0	0	0	0	0	0	0	0	0	0	0	0	0	0	0	0
OTU2156	0	0	0	0	3	0	0	0	0	0	14	0	0	0	0	0	7	0	0	0	0	9	0	0	0	0	0	0	0	0	0	0	1	0	0	0	56	0	0	0	0	2	0	0	0	0	0	0	0	0	0	16	0	0	0	0	0	1	0	13	0	0	0	0	0	0	0	0	0	0	0	0	3	3	0	0	85	1	0	0	1	53	0	0	0	0	1	0	0	0	0	3	0	0	0	0	0	0	0	0	0	0
OTU2157	0	0	0	0	0	0	0	0	0	0	0	0	0	0	0	0	0	0	0	0	0	0	0	0	0	0	0	0	0	0	0	0	0	0	0	0	0	0	0	0	0	0	0	0	0	0	0	0	0	0	0	0	1	0	0	7	0	0	0	0	0	0	0	0	2	2	7	6	0	0	0	0	0	0	0	0	0	0	0	0	0	0	0	0	0	0	0	0	0	0	0	0	2	0	0	0	0	0	18	0	37	0
OTU2158	0	0	0	0	0	0	1	0	0	0	0	0	0	0	0	0	0	0	0	0	0	0	0	0	0	0	0	0	0	0	0	0	0	0	0	0	0	0	0	0	0	0	0	0	0	0	0	0	0	0	0	0	0	0	0	0	0	0	0	0	0	0	0	0	0	0	0	0	0	0	0	0	0	0	0	0	0	0	0	0	0	0	0	0	0	0	0	0	0	0	0	0	0	0	0	0	0	0	0	38	0	2
OTU2159	0	0	0	0	0	0	1	0	0	0	0	0	0	0	0	0	0	0	0	0	0	0	0	0	0	0	0	0	0	0	0	0	0	0	0	0	0	0	0	0	0	0	0	0	0	0	0	0	0	0	0	0	0	0	0	0	0	0	2	0	0	1	0	0	0	0	10	3	46	0	0	0	0	0	0	0	0	0	0	0	0	0	0	0	0	0	0	0	0	0	0	0	0	0	0	0	0	0	0	0	0	0
OTU216	0	14	0	0	0	0	1	5	2	0	7	3	13	18	3	2	0	0	1	0	0	24	0	0	0	3	158	211	2235	15	297	0	4	0	1	0	816	3	2	0	1	25	56	5	2	21	8	0	4	4	0	10	44	2	8	1	53	28	5	1	1	0	0	5	138	7	249	53	28	3	3	32	17	68	0	17	13	5	3	36	10	7	8	1	0	7	276	0	15	11	15	1	2	31	208	6	0	11	0	6	5	6
OTU2160	0	0	0	0	0	0	0	0	0	0	1	0	4	0	0	0	0	0	0	0	0	0	0	0	0	0	0	0	0	0	0	0	0	0	0	0	0	0	0	0	0	0	0	0	0	29	0	0	0	0	0	0	0	0	0	0	1	0	0	0	0	0	0	0	0	0	0	0	0	0	0	0	0	1	0	0	0	0	0	0	0	0	0	0	0	0	0	0	1	0	0	0	0	0	0	2	0	0	0	0	0	0
OTU2161	0	0	0	0	0	0	0	0	0	0	0	0	0	1	0	0	0	0	0	0	0	0	0	0	0	0	0	0	0	0	0	0	0	0	0	0	0	0	0	0	0	0	0	1	5	10	0	0	0	12	9	0	4	0	0	2	4	0	0	2	0	0	0	0	0	0	0	0	0	0	0	0	0	8	7	0	0	0	2	0	0	23	0	0	0	2	7	7	0	1	0	0	2	2	0	3	10	0	0	0	0	0
OTU2162	0	0	0	0	0	0	0	0	0	0	0	0	0	0	45	0	0	0	0	0	0	0	0	0	0	0	0	0	0	0	0	0	0	0	0	0	0	0	0	0	0	0	0	0	0	0	0	0	0	0	0	0	0	0	0	0	0	2	0	0	0	0	0	0	0	0	0	0	0	0	0	0	0	0	0	0	0	0	0	0	0	0	0	0	0	0	0	0	0	0	0	0	0	0	0	0	0	0	0	0	1	0
OTU2163	0	0	0	0	0	0	0	0	0	0	0	0	0	0	52	0	0	0	0	0	0	0	0	0	0	0	0	1	0	0	0	0	0	0	0	0	0	0	0	0	0	0	1	0	0	0	0	0	0	0	0	0	0	0	0	0	0	0	0	0	0	0	0	0	0	0	0	0	0	0	0	0	0	0	0	0	0	0	0	0	0	0	0	0	0	0	0	0	0	0	0	0	0	0	0	0	0	0	0	0	0	0
OTU2164	0	0	0	0	0	0	0	0	0	0	0	0	0	0	0	0	0	0	2	0	217	0	0	0	0	0	0	0	0	0	0	4	0	0	0	0	0	0	0	0	0	0	8	0	0	0	0	0	0	0	0	0	0	0	0	7	1	2	0	0	0	0	0	15	0	23	2	0	2	0	0	0	0	1	0	0	0	0	0	0	0	0	0	0	0	12	0	0	0	2	0	0	8	0	0	0	0	7	0	0	0	0
OTU2165	0	0	0	0	0	0	0	0	0	0	0	0	0	0	0	0	0	0	0	0	38	0	0	0	0	0	0	0	0	0	0	0	0	0	0	0	0	0	0	0	0	0	0	0	0	0	0	0	0	0	0	0	0	0	0	0	0	0	0	0	0	0	0	0	0	0	0	0	0	0	0	0	0	0	0	0	0	0	0	0	0	0	0	0	0	1	0	0	0	0	0	0	0	0	0	0	0	4	0	0	0	0
OTU2166	0	0	0	0	0	0	0	0	0	0	0	0	1	0	0	0	0	0	0	0	0	0	0	0	0	0	6	1	0	0	0	0	0	0	0	0	0	0	0	0	0	0	0	0	1	0	0	0	0	0	1	11	0	0	1	2	5	0	0	0	0	0	0	0	0	0	0	0	0	0	0	0	0	0	2	0	0	0	0	0	0	6	0	4	0	0	0	0	0	1	0	1	3	0	0	0	4	0	0	0	0	0
OTU2167	0	0	0	0	0	0	0	0	0	0	0	0	0	0	0	0	0	0	0	0	0	0	0	0	0	0	0	38	0	12	0	0	0	0	0	0	0	0	0	0	0	0	1	0	0	0	0	0	0	0	0	0	0	0	0	2	0	0	2	0	0	0	0	0	0	0	0	0	0	0	0	0	0	0	0	0	0	0	0	0	0	0	0	0	0	0	0	0	0	1	1	0	0	0	0	0	0	0	0	0	0	0
OTU2168	0	0	0	1	0	1	0	0	0	0	0	0	1	0	0	0	0	0	0	0	0	0	0	0	0	0	0	1	0	0	0	0	0	0	0	0	0	0	0	0	0	0	0	0	0	0	0	0	5	2	10	0	0	32	1	0	15	0	4	0	0	0	0	0	0	0	0	0	0	0	0	0	0	88	0	0	0	0	0	0	0	0	0	0	0	0	0	0	0	14	10	0	0	0	3	0	1	0	0	0	1	0
OTU2169	0	0	0	0	0	0	0	0	0	0	0	0	0	0	0	0	0	0	0	0	0	0	0	0	2	0	0	0	0	0	0	0	0	19	0	0	0	0	0	0	0	0	0	0	0	6	0	0	0	0	0	0	0	0	0	0	0	0	0	0	0	0	0	33	0	17	1	0	0	0	0	0	0	0	0	0	0	0	2	0	0	0	0	0	0	19	0	0	0	0	0	0	8	1	0	0	0	23	0	0	0	0
OTU217	0	18	0	7	2	0	0	3	37	0	15	4	41	47	4	0	1	0	0	0	0	49	0	6	0	0	9	29	288	2	64	0	0	1	0	0	1869	1	236	0	8	7	7	0	8	43	17	0	5	56	0	6	67	6	4	2	158	21	13	0	0	0	0	0	0	0	0	0	13	8	31	1	16	76	0	473	150	1415	4	0	12	0	10	0	0	8	1124	28	59	40	6	3	1	18	2	12	8	0	4	0	4	0
OTU2170	0	0	0	0	0	0	0	0	0	0	0	0	0	0	0	0	0	0	0	0	0	0	0	0	0	0	0	0	0	0	0	0	0	33	0	0	0	0	0	0	0	0	0	0	0	0	0	0	0	0	0	0	0	0	0	0	0	0	0	0	0	0	0	1	0	0	0	0	0	0	0	0	0	0	0	0	0	0	0	0	0	0	0	0	0	0	0	0	0	0	0	0	0	0	0	0	0	1	0	0	0	0
OTU2171	0	0	0	0	0	0	0	0	0	0	0	0	0	0	0	0	0	0	0	0	0	0	2	0	0	0	0	0	0	0	0	0	0	25	0	0	1	0	0	0	0	0	0	0	0	0	0	0	1	0	0	0	0	0	0	0	0	0	0	0	0	0	0	7	0	4	0	0	0	0	0	0	0	0	0	0	0	0	0	0	0	0	0	0	0	6	0	0	0	0	1	0	5	0	0	0	0	4	0	0	0	0
OTU2172	0	0	0	0	0	0	0	0	0	0	0	0	0	0	0	0	0	0	0	0	0	0	0	0	0	0	0	0	0	0	0	0	0	0	0	2	0	0	0	0	0	0	0	0	0	0	0	0	0	0	0	0	0	0	0	3	0	0	0	0	0	0	0	3	0	22	0	0	0	0	0	0	0	0	0	0	0	0	0	0	0	0	0	0	0	0	0	0	0	0	0	0	6	0	0	0	0	7	0	0	0	0
OTU2173	0	0	0	0	0	0	0	0	0	0	0	0	0	0	0	0	0	0	0	0	0	0	0	0	0	0	0	3	0	0	0	0	0	0	0	0	0	1	0	0	0	0	0	0	0	0	0	0	0	0	0	0	0	0	0	0	2	2	0	0	0	0	0	0	0	0	0	0	0	0	0	0	0	0	0	0	0	0	0	0	1	0	0	0	30	0	0	0	0	1	0	0	0	0	0	0	0	0	0	0	0	0
OTU2174	0	0	0	0	0	0	0	0	0	0	0	0	0	0	0	0	0	0	0	0	0	0	0	0	0	0	0	0	0	0	0	0	0	0	0	0	0	0	0	0	0	0	0	0	0	0	0	0	55	0	1	0	0	0	0	0	0	0	0	0	0	0	0	0	0	0	0	0	0	0	0	0	0	0	0	0	0	0	0	0	0	0	0	0	0	0	0	0	0	0	0	0	0	0	0	1	0	2	0	0	2	0
OTU2175	0	0	0	0	0	0	0	0	0	0	0	0	0	0	0	0	0	0	0	0	0	0	0	0	0	0	0	0	0	0	0	0	0	0	0	0	0	0	0	0	0	0	0	0	0	0	0	0	0	0	0	3	0	0	0	0	0	0	0	0	0	0	0	0	0	0	2	0	0	0	0	24	0	0	0	0	0	0	0	0	0	0	0	0	0	0	0	0	0	0	0	0	0	0	0	0	0	0	0	0	0	0
OTU2176	0	0	0	0	0	0	0	0	0	0	0	0	0	0	0	0	0	0	0	0	0	0	0	0	0	0	0	0	0	0	0	0	0	0	0	0	0	0	0	0	0	0	0	0	0	1	0	0	0	0	0	0	23	0	0	0	0	2	0	0	0	0	0	0	0	0	0	0	0	0	0	0	0	0	0	0	0	0	54	0	0	0	0	0	0	0	0	0	0	3	0	0	0	0	0	0	0	0	0	0	0	0
OTU2177	0	0	0	0	0	0	0	0	2	0	3	0	0	0	4	0	2	0	0	0	0	1	0	0	0	0	0	0	0	0	0	0	0	0	0	0	30	0	0	0	0	0	0	0	2	0	0	0	0	3	0	6	2	0	0	0	0	0	0	0	0	0	0	0	0	0	0	0	0	3	0	0	6	0	0	0	69	0	0	0	0	15	2	0	0	0	0	0	0	0	0	3	0	0	0	2	0	0	0	0	0	0
OTU2178	0	0	0	0	0	0	0	0	0	0	0	3	0	0	0	0	0	0	0	0	0	0	0	0	0	0	0	0	0	0	0	0	0	0	0	0	0	0	0	0	0	0	0	3	0	3	0	0	0	1	0	0	0	0	0	1	0	0	8	0	0	0	0	0	0	0	0	0	0	0	0	0	0	0	0	0	0	0	0	0	0	0	0	0	0	0	0	0	23	3	7	0	0	0	0	0	0	0	0	0	0	0
OTU2179	0	0	0	0	0	0	1	0	0	0	0	0	0	0	0	0	0	0	0	0	0	0	0	0	0	0	0	0	0	0	0	0	0	0	0	0	0	0	0	0	0	0	0	0	0	0	0	0	0	0	0	0	0	0	2	0	30	0	0	0	0	0	0	0	0	0	0	0	0	0	0	0	0	0	0	0	0	0	0	0	9	0	0	4	0	4	0	0	0	0	0	0	0	0	0	0	0	0	0	0	0	0
OTU218	0	0	0	0	0	0	2	6	0	0	0	1	0	0	0	0	0	0	0	0	0	1	0	0	3	0	0	0	1	0	0	0	0	1	2	0	0	0	0	0	0	1	0	0	0	0	0	0	0	0	0	0	1	0	1	0	0	0	0	0	2	1	0	3	1	0	14	0	1	0	0	0	0	1	0	0	4	0	0	0	1	0	0	0	0	0	0	0	0	0	0	0	0	115	0	0	2	1	2964	2	50	13
OTU2180	0	0	0	1	0	0	0	2	0	0	3	9	0	5	0	0	0	0	3	0	0	0	0	2	0	0	4	1	2	0	0	10	0	2	0	1	0	0	280	0	2	0	0	3	5	0	1	1	23	0	5	0	64	3	0	24	36	9	109	0	1	0	0	7	34	5	85	57	1283	0	3	6	10	3	1	3	7	0	0	4	9	3	2	3	27	1	1	2	0	3	0	1	14	6	1	1	0	12	59	2	9	28
OTU2181	0	0	0	0	0	0	0	0	0	0	0	0	0	0	0	0	0	0	0	0	0	0	0	0	0	0	0	0	0	0	0	0	2	0	0	0	0	0	0	0	0	0	0	0	0	0	0	0	0	0	0	0	0	0	0	0	0	0	0	0	31	0	0	8	0	4	0	0	4	0	0	0	0	0	0	0	0	0	0	0	0	0	0	0	0	6	0	0	0	0	0	0	0	0	0	0	0	6	0	0	0	0
OTU2182	0	0	0	0	0	0	0	0	0	0	0	0	0	0	0	0	0	0	0	0	0	0	0	0	0	0	0	0	0	0	0	0	0	0	0	0	0	0	0	0	0	0	0	0	0	0	0	0	0	0	0	0	0	0	0	2	0	0	0	0	2	0	0	22	0	13	0	0	0	0	0	0	0	0	0	0	0	0	0	0	0	0	0	0	0	10	0	0	0	0	0	0	6	0	0	0	0	10	0	0	0	0
OTU2183	0	0	0	0	0	0	0	0	0	0	0	0	0	0	0	0	0	0	0	0	0	0	0	0	0	0	0	0	0	0	0	0	0	0	0	0	0	0	0	0	0	0	0	0	0	0	0	0	0	0	0	0	0	0	0	0	0	0	0	0	0	0	0	23	0	6	1	0	3	0	0	0	0	0	0	0	0	0	0	0	0	0	0	0	0	1	0	0	0	1	0	0	0	0	0	0	0	5	0	0	0	0
OTU2184	0	0	0	0	0	0	0	0	0	0	0	0	0	0	0	0	0	0	0	0	0	0	0	0	0	0	0	0	0	0	0	0	0	0	0	0	0	0	0	0	0	0	0	0	0	0	0	0	0	0	0	0	0	0	0	0	0	0	0	0	0	0	0	0	0	0	2	0	0	0	0	0	0	0	0	0	0	0	0	0	0	0	0	0	0	0	0	0	0	0	0	0	0	0	0	0	1	0	16	0	23	3
OTU2185	0	0	0	0	0	0	0	0	0	0	0	0	0	0	0	0	0	0	0	0	0	0	0	0	0	0	0	0	0	0	0	0	0	0	0	0	0	0	0	0	0	0	0	0	0	0	0	0	0	0	0	0	0	0	0	0	0	0	0	0	0	0	0	0	0	0	2	0	0	0	0	0	0	0	0	0	0	0	0	0	0	0	0	0	0	0	0	0	0	0	0	0	0	0	2	0	1	0	0	23	0	14
OTU2186	0	0	0	0	0	0	0	0	0	0	3	2	0	0	0	0	0	0	0	0	0	3	0	0	0	0	0	0	0	0	0	0	0	0	2	0	33	2	10	0	0	1	1	0	0	0	0	0	0	0	0	0	3	0	0	0	0	0	0	0	0	0	0	0	0	0	0	1	0	20	11	0	0	0	1	0	41	0	0	0	0	0	0	0	0	0	0	12	17	0	0	1	1	0	0	0	0	0	0	0	0	0
OTU2187	0	0	0	0	0	0	0	0	0	0	9	0	0	0	0	0	0	0	0	0	0	4	0	0	0	0	0	0	0	0	0	0	0	0	0	0	53	0	0	0	0	0	0	0	0	0	0	0	0	5	0	5	1	0	1	0	0	0	0	1	0	0	0	0	0	0	0	0	0	0	0	0	0	0	0	0	101	0	3	0	0	61	0	0	0	0	0	2	0	0	0	1	0	0	2	0	0	0	0	0	0	0
OTU2188	0	0	0	0	0	0	1	0	0	0	0	0	0	0	0	0	0	0	0	0	0	0	0	0	0	0	0	0	0	0	0	0	0	0	0	0	0	0	0	0	0	0	0	0	0	0	0	0	0	0	0	0	0	0	0	0	0	0	0	0	0	0	0	0	0	0	0	0	0	0	0	0	0	0	0	0	0	0	0	0	0	0	0	0	0	0	0	0	0	0	0	0	0	1	0	0	0	0	35	0	0	0
OTU2189	0	0	0	0	0	0	0	0	0	0	0	0	0	0	0	0	0	0	0	0	0	0	0	0	0	0	0	0	0	0	0	0	0	0	0	0	0	0	0	0	0	0	0	0	0	0	0	0	0	0	0	0	1	0	0	0	0	0	0	0	0	0	0	0	0	0	0	0	0	0	0	0	0	0	0	0	0	0	0	0	0	0	0	0	0	0	0	0	0	0	0	0	0	0	0	1	0	0	0	0	49	13
OTU219	0	0	0	0	0	0	4	0	0	0	0	0	1	0	0	0	0	0	1	1	0	1	0	0	0	0	856	2	2	4	0	0	0	4	68	0	1	1	0	0	0	0	0	2	1	4	2262	0	1	5	0	24	0	0	0	1	0	0	4	5	0	0	0	1	0	0	16	1	0	4	0	1	1	0	0	1	1	0	1	1	0	0	0	2	1	0	0	8	0	0	0	1	1	61	4	1	0	0	866	0	1	0
OTU2190	0	0	0	0	0	0	0	0	0	0	0	0	0	0	0	0	0	0	0	0	1	1	0	0	0	0	0	0	0	0	0	0	0	3	1	0	0	0	0	0	0	0	0	0	0	0	0	0	0	0	0	0	0	0	0	0	1	0	0	0	0	0	0	0	0	2	3	0	0	0	0	0	0	0	0	0	0	0	0	0	0	0	0	0	0	0	0	0	0	0	0	0	0	3	0	0	2	0	146	66	36	22
OTU2191	0	0	0	0	0	0	3	0	0	0	0	0	0	0	0	0	342	0	1	0	0	41	0	0	0	0	0	0	0	0	0	0	4	0	0	2	0	0	0	0	0	0	0	0	0	0	0	0	0	0	0	1	0	0	0	0	0	0	0	73	0	0	0	2	0	0	5	0	0	0	0	0	0	0	0	0	0	0	0	0	0	0	0	0	0	0	0	0	0	0	0	0	0	0	0	0	0	2	0	0	1	4
OTU2192	0	0	0	0	0	0	0	2	1	0	0	0	0	3	0	0	0	0	0	0	0	0	0	0	0	0	9	0	0	0	3	0	2	0	0	0	6	0	0	0	0	13	1	0	0	0	0	0	0	0	0	40	48	0	0	0	4	1	3	0	0	0	0	0	0	0	0	0	5	0	3	0	0	26	0	12	0	0	0	0	0	0	0	0	4	0	1	0	0	1	1	0	0	3	0	0	0	0	0	0	0	0
OTU2193	0	0	0	0	0	0	0	0	2	0	0	3	2	0	0	0	0	0	0	0	0	0	0	0	0	0	4	0	4	1	0	0	0	0	0	1	6	1	0	0	3	2	0	19	3	0	0	1	0	0	0	7	4	1	3	7	16	2	7	0	0	0	0	0	0	0	0	0	0	6	1	0	5	2	7	5	1	0	0	0	0	4	5	1	2	0	4	0	2	1	0	0	0	6	11	4	6	0	0	0	0	0
OTU2194	0	0	0	0	0	0	0	0	4	31	0	0	0	0	0	0	0	0	0	0	0	0	0	0	0	0	0	0	0	0	0	0	0	0	0	0	0	0	0	0	0	0	0	0	0	0	0	0	0	0	0	0	0	0	0	0	0	0	0	0	0	0	0	0	0	0	0	0	0	0	0	0	0	1	0	0	0	0	0	0	0	0	0	0	0	0	0	0	0	0	0	0	0	0	0	0	0	0	0	0	0	0
OTU2195	0	0	0	0	0	0	0	0	0	0	2	0	0	1	0	0	0	0	0	0	0	0	0	0	0	0	0	0	0	0	0	0	0	0	0	0	0	0	0	0	0	0	0	0	0	0	0	0	0	0	0	0	0	0	0	5	0	0	0	0	0	0	0	13	0	40	1	0	0	0	0	0	0	0	0	0	1	0	0	0	0	0	0	0	0	2	0	0	0	0	0	0	5	0	0	0	0	12	0	1	0	0
OTU2196	0	0	0	0	0	0	0	0	0	0	0	0	2	0	0	0	0	0	0	0	0	0	0	0	0	0	0	0	0	0	0	0	0	0	1	0	0	0	0	0	0	0	0	0	0	0	0	7	0	0	0	0	0	0	2	0	4	0	0	0	0	0	0	0	0	0	0	0	0	0	0	42	0	0	0	0	1	0	0	0	0	0	0	1	0	0	0	0	0	1	0	0	0	0	0	0	0	0	0	0	0	0
OTU2197	0	0	0	0	0	0	0	0	1	0	0	0	3	5	0	0	0	0	0	0	0	0	0	0	0	0	0	0	0	0	0	0	0	0	0	0	0	0	0	0	28	4	0	0	0	2	0	0	0	0	0	0	0	0	0	0	1	1	0	0	0	0	0	0	0	0	0	0	0	20	0	0	0	3	0	0	0	0	0	0	0	1	0	0	0	0	0	0	0	0	0	0	0	0	0	0	0	0	0	0	0	0
OTU2198	0	0	0	0	0	0	0	0	0	0	0	0	3	0	0	0	0	0	0	0	0	0	0	0	0	0	0	0	0	0	0	0	0	0	0	0	0	0	0	0	0	0	0	0	0	0	0	0	0	4	5	0	4	0	0	0	0	0	0	0	0	0	0	0	0	0	0	0	0	0	5	0	0	0	0	0	0	0	2	0	0	0	0	0	0	0	25	0	0	0	0	0	0	0	0	0	0	0	1	0	0	0
OTU2199	0	0	0	2	0	0	0	0	0	0	0	0	0	2	0	0	0	0	0	0	0	0	0	0	0	0	0	0	0	0	0	0	0	0	3	0	0	0	0	0	0	0	0	0	0	0	3	0	0	0	0	0	0	0	0	0	1	0	1	0	0	0	0	0	0	0	0	0	0	0	0	0	0	3	0	0	0	28	0	0	0	0	0	0	0	0	0	0	0	0	0	0	0	0	0	0	0	0	0	0	0	0
OTU22	6	30	0	13	1	1	54	47	47	0	27	174	69	117	3	0	0	0	41	0	24	51	19	24	29	7	342	1161	707	1269	431	16	24	128	72	19	459	109	512	0	770	453	91	104	292	134	203	115	63	297	189	301	422	49	331	385	2163	270	468	35	44	17	7	53	6699	32	4021	1951	5375	1288	801	387	345	537	241	570	158	523	271	188	128	130	286	302	300	45	267	326	450	292	144	38	61	317	149	219	701	88	3422	4784	2812	3244
OTU220	0	0	0	0	0	0	4	1	0	0	3	0	0	0	0	0	0	0	0	0	1	3	0	0	2	1	0	0	0	0	0	1	0	70	3	2	0	0	0	0	0	0	3	0	0	2	1	0	0	0	0	0	1	1	0	0	0	1	0	0	45	0	2	33	1	23	11	1	5	0	0	0	5	2	0	0	1	0	2	0	0	0	1	0	0	7	0	1	1	1	0	0	4	49	27	29	3	17	816	1086	559	151
OTU2200	0	0	0	0	0	0	0	0	0	0	0	0	0	2	0	0	0	0	0	0	0	0	0	0	0	0	0	0	0	0	0	0	0	0	0	0	0	0	0	0	0	0	0	0	4	0	25	0	0	0	0	0	0	0	0	0	1	0	0	1	0	0	0	0	0	0	0	0	0	0	0	0	0	0	0	0	0	0	0	0	0	7	0	0	0	0	0	0	0	0	0	0	0	0	0	0	0	0	0	0	0	0
OTU2201	0	0	0	0	0	0	0	0	0	0	0	0	0	0	0	0	0	0	0	0	0	0	0	1	0	0	0	0	0	0	0	0	0	0	0	0	0	0	0	0	0	0	0	0	0	0	0	5	0	0	0	0	0	0	1	1	0	0	0	0	0	0	0	5	0	1	0	0	0	0	0	0	0	0	0	0	0	0	0	0	0	0	0	0	0	0	0	0	0	0	0	0	0	0	1	0	0	3	3	34	11	15
OTU2202	0	0	0	0	0	0	0	0	0	0	0	0	0	0	0	0	0	0	0	0	0	0	0	0	0	0	0	0	0	32	0	0	0	0	0	0	0	0	0	0	0	0	0	0	0	0	0	0	0	0	0	0	0	0	0	0	0	0	0	1	0	0	0	0	0	0	0	0	0	0	0	0	0	0	0	0	0	2	0	0	0	16	0	0	0	0	0	0	0	0	0	0	0	1	0	0	0	0	0	0	0	0
OTU2203	0	0	0	0	0	0	0	0	0	0	0	1	1	0	0	0	0	0	0	0	0	0	0	0	0	0	0	0	0	1	3	0	0	0	0	0	0	0	0	0	0	0	0	1	2	2	0	3	0	0	0	0	1	0	1	4	0	0	0	0	0	0	0	0	0	0	0	0	0	0	0	0	2	0	23	0	0	0	0	0	0	0	2	0	0	0	0	0	0	0	0	0	0	0	0	0	0	0	0	0	0	0
OTU2204	0	0	0	0	0	0	0	0	0	0	0	0	0	0	0	0	0	0	0	0	0	1	0	0	0	0	0	0	0	0	0	0	0	23	0	0	2	0	0	0	0	0	0	0	2	2	0	0	0	0	0	0	0	0	0	2	0	2	0	0	0	0	0	36	0	12	0	0	0	0	0	0	0	0	0	0	0	0	0	0	0	0	0	0	0	8	0	0	0	1	0	0	9	0	0	0	0	5	0	0	0	0
OTU2205	0	0	0	0	0	0	0	0	0	0	0	0	6	2	0	0	0	0	0	0	0	0	1	0	0	0	0	2	0	0	0	0	0	0	0	0	0	56	0	0	0	0	0	0	0	2	0	0	1	0	0	0	1	0	0	0	5	1	0	0	0	0	0	0	0	0	0	0	0	0	0	0	0	0	0	0	25	30	0	0	0	0	0	0	0	0	0	0	0	0	0	0	0	0	0	0	0	0	0	0	0	0
OTU2206	0	0	0	0	0	0	0	0	0	0	0	0	0	0	0	0	0	0	0	0	0	0	0	0	0	0	0	0	0	0	0	0	0	0	0	0	0	10	0	0	0	0	0	0	0	0	0	0	32	0	0	0	5	0	0	0	0	0	0	0	0	0	0	0	0	0	0	0	0	0	0	0	0	0	7	0	0	0	0	0	0	0	0	0	0	0	0	0	0	0	0	0	0	0	0	0	0	0	0	0	0	0
OTU2207	0	0	0	0	0	0	0	0	0	0	0	0	0	2	0	0	0	0	0	0	0	0	0	0	0	0	0	2	0	0	0	0	0	0	0	0	0	1	0	0	0	0	0	0	3	0	0	0	0	0	3	16	0	0	0	3	0	0	2	0	0	0	0	0	0	0	0	0	1	0	0	5	0	7	0	0	0	0	0	0	0	0	0	0	0	0	0	0	0	10	0	4	0	0	5	0	0	0	0	0	0	0
OTU2208	0	0	0	0	0	0	0	0	0	0	0	0	0	2	0	0	0	0	0	0	0	0	0	4	0	0	0	0	0	0	0	0	0	0	0	0	0	2	19	0	0	0	0	0	0	0	0	0	0	0	0	0	15	0	0	0	2	2	0	0	0	0	0	0	0	0	0	0	0	0	0	1	0	0	0	5	4	2	0	0	0	0	0	0	0	0	0	0	14	0	2	0	0	0	0	0	0	0	0	0	0	0
OTU2209	0	0	0	0	0	0	0	5	0	0	0	0	0	0	0	0	0	0	0	0	0	0	0	0	0	0	0	0	0	0	0	0	0	0	0	0	0	0	6	0	0	0	1	0	0	0	0	0	0	2	0	0	0	0	0	1	0	0	0	0	0	0	0	0	0	3	0	0	0	0	0	0	4	0	0	0	0	0	0	0	0	0	0	4	0	0	0	0	0	0	0	14	0	0	0	0	0	0	0	0	0	0
OTU221	0	0	0	4	2	0	2	3	0	0	0	1	2	7	1	0	0	0	0	0	0	0	0	0	0	0	0	4	2	1	2	0	0	4	44	0	4	2	4	0	3	1	3	1	2	11	7	1	0	6	1	14	9	1	0	3	32	7	0	0	1	0	0	0	0	0	5	115	0	4	0	3032	51	26	7	0	2	0	4	0	5	2	7	0	0	5	0	2	11	13	1	0	4	1	0	1	11	0	1	0	1	0
OTU2210	0	0	0	0	0	0	0	0	0	0	0	0	0	0	0	0	0	0	0	0	0	0	0	0	0	0	0	0	0	0	0	0	0	0	0	0	0	0	11	0	0	0	0	0	0	0	5	0	0	0	0	0	2	1	0	0	1	0	0	0	0	0	0	0	0	0	0	0	0	0	0	14	0	0	0	0	0	1	2	0	1	0	0	0	0	0	0	0	0	0	0	0	0	1	0	0	0	0	0	0	0	0
OTU2211	0	0	0	0	0	0	0	0	0	0	0	0	0	0	0	0	0	0	0	0	0	0	0	0	0	0	0	0	0	0	0	0	0	0	0	0	0	0	0	0	0	0	0	5	0	0	0	7	0	0	0	0	0	0	2	3	10	0	7	0	0	0	0	0	0	0	0	0	0	0	3	0	0	0	0	0	1	0	0	0	0	0	0	0	3	0	0	0	0	0	0	0	0	0	3	0	8	0	0	0	0	0
OTU2212	0	0	0	0	0	0	0	0	0	0	0	0	0	0	0	0	0	0	0	0	0	0	0	0	0	0	0	0	0	0	0	0	0	0	0	0	0	0	0	0	0	0	0	5	1	0	0	1	0	0	0	0	0	0	12	0	0	0	0	0	0	0	0	0	0	0	0	0	0	0	0	0	0	5	0	0	0	0	0	0	0	0	0	0	0	1	0	0	0	7	0	0	0	0	0	0	0	0	0	0	0	0
OTU2213	0	0	0	0	0	0	0	0	0	0	0	0	0	0	0	0	0	0	0	0	0	0	0	0	0	0	0	0	0	0	0	0	0	0	0	0	0	0	0	0	0	0	0	0	26	0	0	0	0	0	0	0	0	0	0	0	2	0	0	0	0	0	0	0	0	0	0	0	0	0	0	0	0	0	1	0	0	0	0	0	0	0	0	0	0	0	0	0	0	2	0	0	0	0	0	0	9	3	0	0	0	0
OTU2214	0	0	0	0	0	0	0	0	0	0	0	0	0	0	0	0	0	0	0	0	0	0	0	0	0	0	0	0	0	0	0	0	0	0	0	0	0	0	0	0	0	0	0	0	0	42	0	0	0	0	0	0	0	0	0	3	0	0	0	0	0	0	0	0	0	0	0	0	0	0	0	0	0	0	0	0	0	0	0	0	0	0	0	0	0	0	28	0	0	0	0	0	0	0	3	0	0	0	0	0	0	0
OTU2215	0	0	0	0	0	0	0	0	0	0	0	0	0	0	0	0	0	0	0	0	0	0	0	0	0	0	0	0	2	0	1	0	0	0	0	0	0	0	0	0	0	6	0	0	0	0	0	9	0	0	0	0	0	0	0	0	3	1	8	0	0	0	0	0	0	0	0	0	0	2	0	0	0	0	0	0	4	0	0	0	0	0	9	0	2	1	0	0	0	1	0	0	0	0	0	0	0	0	0	0	0	0
OTU2216	0	0	0	0	0	0	0	0	0	0	0	0	0	0	0	0	0	0	0	0	0	0	0	0	0	0	0	0	0	0	0	0	0	0	0	0	0	1	0	0	0	0	0	0	0	0	0	0	0	0	0	0	0	0	0	0	0	1	0	0	0	0	0	0	0	0	0	2	13	0	0	0	8	2	0	3	15	0	0	0	0	0	0	0	0	0	0	0	2	0	0	0	0	0	0	0	0	0	14	0	0	0
OTU2217	0	0	0	0	0	0	0	0	0	0	0	0	0	0	0	0	0	0	0	0	0	0	0	0	0	0	0	0	0	0	0	0	0	0	0	0	0	0	0	0	0	0	0	0	0	0	0	0	0	0	0	0	0	0	0	0	0	0	0	0	0	0	0	0	21	0	4	3	5	0	0	0	0	0	0	0	0	0	0	0	0	0	0	0	0	0	0	0	0	0	0	0	0	0	0	0	0	0	0	0	0	0
OTU2218	0	0	1	0	0	0	2	0	0	0	0	2	2	2	0	0	0	0	0	0	0	0	0	0	0	0	4	12	0	4	1	0	0	0	0	0	0	1	0	0	5	9	5	1	3	8	5	1	21	21	1	9	2	7	10	1	5	3	4	0	1	0	0	0	24	0	104	17	68	3	1	8	21	9	1	1	0	1	20	0	7	1	8	0	3	0	4	4	0	7	0	3	1	3	3	4	3	0	2	0	0	0
OTU2219	0	0	0	0	0	0	0	0	0	0	0	0	0	0	0	0	0	0	0	0	0	0	0	0	0	0	0	2	0	0	0	0	0	4	0	0	0	0	0	0	0	0	0	0	0	0	0	0	0	0	0	0	0	0	0	0	1	0	0	0	0	0	0	0	6	0	22	0	3	0	0	0	0	0	0	0	0	0	0	0	0	0	0	0	0	0	0	0	0	0	0	0	0	7	3	2	4	0	36	0	6	5
OTU222	0	2	0	0	0	0	21	6	0	0	31	5	4	6	0	0	0	0	6	0	2788	9	4	5	0	3	0	1	0	0	0	1	1	2064	4	3	1	2	0	0	1	0	47	2	0	26	0	1	0	2	0	0	14	0	0	80	57	1	4	1	488	0	2	1366	4	2680	60	12	18	0	0	2	0	27	0	0	3	0	0	5	0	3	2	0	0	638	0	0	2	9	0	0	703	2	0	1	0	2173	5	5	8	2
OTU2220	0	0	0	0	0	0	0	0	0	0	0	0	0	0	0	0	0	0	0	0	0	0	0	0	0	0	0	0	0	0	0	0	0	0	0	0	0	0	0	0	0	0	0	0	0	0	0	0	0	0	0	0	0	0	0	0	0	0	2	0	0	0	0	0	0	0	1	0	29	0	0	0	0	0	11	0	0	0	0	0	0	0	0	0	0	0	0	13	0	0	0	0	0	0	0	0	0	0	0	0	0	0
OTU2221	0	1	0	0	0	0	0	0	2	0	3	2	0	0	0	0	0	0	0	0	0	0	0	0	0	0	0	0	0	0	0	0	0	0	0	0	0	2	0	0	0	0	0	0	0	0	0	0	0	0	0	16	0	0	0	0	3	0	0	0	0	0	0	0	0	0	0	0	0	0	0	132	0	0	0	0	0	0	0	0	0	0	0	0	0	0	0	0	0	0	0	0	6	0	0	0	0	0	0	0	0	0
OTU2222	0	0	0	0	0	0	0	0	0	0	0	0	0	0	0	0	0	0	0	0	0	0	0	0	0	0	0	0	0	0	0	0	0	0	0	0	0	0	0	0	0	0	0	0	0	0	0	0	0	0	0	0	0	0	0	0	0	0	0	0	0	0	0	0	0	0	0	0	0	0	0	0	0	0	0	0	0	0	0	0	0	0	0	0	0	0	0	0	0	0	0	0	0	0	0	0	0	0	48	0	17	0
OTU2223	1	0	0	0	0	0	0	0	0	0	0	0	1	0	0	0	0	0	0	0	0	0	0	0	0	0	7	0	0	0	0	0	0	0	0	0	0	0	0	0	0	0	0	0	0	0	0	6	1	0	0	1	0	0	0	0	2	1	0	0	0	0	0	2	0	0	0	0	0	0	0	0	0	0	0	14	0	0	0	0	5	0	0	0	0	0	0	0	0	0	0	0	0	0	0	0	0	0	0	0	0	0
OTU2224	0	0	0	0	0	1	0	0	0	0	0	0	0	0	0	0	0	0	0	0	0	0	0	0	0	0	0	0	0	5	0	0	0	0	0	0	0	0	0	0	0	0	0	0	0	0	0	2	0	1	0	0	0	0	0	0	0	0	0	0	0	0	0	0	0	0	0	0	0	0	0	0	0	3	0	6	0	2	1	0	0	0	0	0	0	0	14	2	26	0	0	0	0	0	0	0	0	0	0	0	0	0
OTU2225	0	0	0	0	0	0	0	1	0	0	0	0	0	2	0	0	0	0	0	0	0	0	0	0	0	0	0	0	0	0	0	0	0	0	0	0	0	0	0	0	0	0	0	0	0	0	0	0	1	0	0	0	0	0	0	0	4	0	0	0	0	0	0	0	0	0	0	0	0	0	2	0	0	0	0	18	0	0	0	0	0	0	0	0	0	0	0	0	0	0	0	0	0	0	0	0	0	0	0	0	0	0
OTU2226	0	0	0	0	0	0	0	0	0	0	3	0	0	0	0	0	0	0	0	0	0	0	0	0	0	0	0	0	0	0	0	0	0	0	0	0	0	0	0	0	0	0	0	0	0	0	0	0	0	0	0	0	0	0	0	0	0	0	0	0	0	0	0	16	0	13	0	1	0	0	0	0	0	0	0	0	0	0	0	0	0	0	0	0	0	10	0	0	0	0	0	0	7	0	0	0	0	9	0	0	0	0
OTU2227	0	0	0	0	0	0	0	0	0	0	1	0	0	0	0	0	0	0	0	0	0	0	0	0	0	0	0	0	0	0	0	0	0	4	0	0	0	0	0	0	0	0	0	0	0	0	0	0	0	0	0	0	0	0	0	2	0	0	0	0	0	0	0	32	0	22	0	0	0	0	0	0	0	0	0	0	0	0	0	0	0	0	0	0	0	7	0	0	0	0	0	0	2	0	0	0	0	12	0	0	0	2
OTU2228	0	0	0	0	0	0	0	0	0	0	0	1	0	0	0	0	0	0	0	0	0	0	0	0	0	0	0	0	0	0	0	0	0	0	0	0	0	0	0	0	0	0	0	0	0	0	1	1	0	2	5	0	1	0	2	0	1	0	0	0	0	0	0	0	0	0	0	0	0	0	0	0	0	0	0	0	0	0	0	0	0	0	0	0	8	0	0	3	0	2	0	0	0	0	0	5	6	0	0	0	0	0
OTU2229	0	0	0	0	0	0	0	0	0	0	0	2	0	0	0	0	0	0	0	0	0	0	0	0	0	0	0	1	0	0	0	0	0	0	0	0	0	0	0	0	0	0	0	2	0	0	0	0	0	0	0	0	3	0	8	7	9	0	0	0	0	0	0	0	0	1	0	0	0	0	1	0	0	0	2	0	0	0	0	0	0	2	0	0	0	0	0	0	0	0	0	0	0	0	0	0	0	0	13	0	0	0
OTU223	2	1	0	1	0	0	0	3	0	0	6	12	16	17	0	1	0	0	0	0	0	1	2	0	0	0	0	18	3	10	6	0	2	0	0	2	10	28	47	0	8	0	76	7	14	12	7	4	39	94	22	353	42	38	13	21	125	28	8	0	0	0	0	3	0	11	13	1	4	294	371	71	28	351	668	1	10	10	2	13	37	67	8	15	2	11	6	8	14	33	61	3	4	24	1	16	61	2	1	2	0	2
OTU2230	0	0	0	0	0	0	0	0	0	0	0	0	0	2	0	0	0	0	0	0	0	0	0	0	0	0	0	0	0	0	0	0	0	0	0	0	0	0	0	0	0	0	0	0	0	0	0	0	0	0	0	0	0	0	0	0	1	0	0	0	0	0	0	0	0	0	0	0	0	0	24	0	0	0	0	0	0	0	0	0	0	0	0	0	0	0	0	0	0	0	0	0	0	0	0	0	0	0	0	0	0	0
OTU2231	0	0	0	0	0	0	0	0	0	0	0	0	0	2	0	0	0	0	0	0	0	0	0	0	0	0	0	2	0	0	0	0	0	0	0	0	0	0	0	0	0	0	0	0	0	0	0	0	0	0	0	0	0	0	0	0	0	0	2	0	0	0	0	0	0	0	0	0	0	0	0	0	0	0	0	0	0	0	0	0	0	0	3	0	0	0	0	0	0	0	0	0	0	0	2	0	26	0	0	0	0	1
OTU2232	0	0	0	0	0	0	0	0	0	0	0	0	3	3	0	0	0	0	0	0	0	0	0	0	0	0	0	0	1	0	0	0	0	0	0	0	0	7	0	0	1	0	0	0	0	0	0	0	0	0	0	1	0	0	12	0	3	0	0	0	0	0	0	0	0	0	0	0	0	0	0	1	0	0	0	0	10	0	0	0	0	0	0	0	0	0	0	0	0	0	0	0	0	0	0	0	0	0	0	0	0	0
OTU2233	0	0	0	0	0	0	0	0	0	0	0	0	0	0	0	0	0	0	0	0	0	0	0	0	0	0	5	1	0	0	0	0	0	0	0	0	5	0	0	0	0	0	0	0	0	0	0	0	1	0	0	0	0	0	0	0	0	0	3	0	0	0	0	0	0	0	0	0	0	0	0	0	0	0	0	10	2	0	0	0	0	0	0	0	0	0	4	0	0	0	0	0	0	0	0	0	0	0	0	0	0	0
OTU2234	0	0	0	0	0	0	0	0	0	0	0	0	0	0	0	0	0	0	0	0	0	1	0	0	0	0	0	3	0	0	0	0	0	0	0	0	0	0	0	0	0	1	0	0	0	0	0	0	9	0	0	0	16	0	0	0	0	2	0	0	0	0	0	0	0	0	0	0	0	4	0	4	0	2	0	0	0	0	0	0	0	0	0	0	0	0	0	0	0	0	0	0	0	0	0	0	0	0	0	0	0	0
OTU2235	0	0	0	0	0	0	0	0	0	0	0	0	0	0	0	0	0	0	0	0	0	0	0	0	0	0	0	2	0	0	0	0	0	0	0	0	0	0	0	0	0	0	0	0	0	0	0	0	0	0	0	0	2	19	0	0	0	2	0	0	0	0	0	0	0	0	0	0	0	0	0	0	0	0	0	2	0	0	0	0	0	0	0	0	0	4	0	0	0	0	0	0	0	8	0	0	0	0	0	0	0	0
OTU2236	0	0	0	0	0	0	0	0	0	0	0	0	1	1	0	0	0	0	0	0	0	0	0	0	0	0	0	3	0	0	18	0	0	0	0	0	0	0	0	0	0	0	0	0	1	0	0	0	0	1	0	0	0	0	0	0	4	0	0	0	0	0	0	0	0	0	0	0	0	0	0	0	0	0	0	0	0	0	0	0	0	0	0	3	0	0	0	0	0	3	0	0	0	1	0	0	0	0	0	0	1	0
OTU2237	0	0	0	0	0	0	0	0	0	0	0	0	0	0	0	0	0	0	0	0	0	0	0	0	0	0	0	0	12	0	0	0	0	0	0	0	0	8	0	0	0	0	0	0	0	0	0	0	0	0	0	0	2	0	0	0	0	0	0	0	0	0	0	0	0	0	0	0	0	0	9	3	0	1	0	0	0	4	0	0	0	0	0	0	0	0	0	0	1	0	0	0	0	0	0	0	0	0	0	0	0	0
OTU2238	0	0	0	0	0	0	0	0	0	0	0	0	0	0	0	0	0	0	0	0	0	0	0	0	0	0	0	0	0	3	0	0	0	0	0	0	0	0	0	0	0	0	0	2	0	0	2	1	0	0	0	0	0	1	0	0	1	0	11	0	0	0	0	0	0	0	0	0	0	0	0	0	0	0	0	0	0	0	5	0	0	0	0	0	0	0	0	0	0	0	0	0	0	6	0	0	0	0	0	0	0	0
OTU2239	0	0	0	0	0	0	0	0	0	0	0	0	0	0	0	0	0	0	0	0	0	0	0	0	0	0	0	0	0	10	0	0	0	0	0	0	0	0	1	0	0	0	0	0	0	0	0	4	0	0	0	0	0	1	0	0	1	0	10	0	0	0	0	0	0	0	0	0	1	0	1	0	5	0	0	0	0	0	0	0	0	0	6	1	0	1	0	0	0	0	0	0	0	0	0	0	0	0	0	0	0	0
OTU224	0	0	0	0	0	0	3	0	0	0	0	0	0	0	0	0	0	0	0	0	5	1	0	0	0	1	0	0	0	0	0	0	2	0	0	0	0	0	0	0	0	1	0	0	0	0	0	0	0	0	0	0	0	0	0	0	0	0	0	0	5	0	0	2	0	2	33	3	0	0	0	0	0	0	0	0	0	0	0	0	0	0	0	0	0	0	0	0	0	1	0	0	0	58	0	0	3	1	3580	0	5	51
OTU2240	0	0	0	0	0	0	0	0	0	0	0	0	0	0	0	0	0	0	0	0	0	0	0	0	0	0	0	0	0	0	0	0	0	35	0	0	0	0	0	0	0	0	0	0	0	1	0	0	0	0	0	0	0	0	0	0	0	0	0	0	0	0	0	4	0	1	0	0	0	0	0	0	0	0	0	0	0	0	0	0	0	0	0	0	0	1	0	0	0	0	0	0	0	0	0	0	0	0	0	0	4	0
OTU2241	0	0	0	0	1	0	0	0	0	0	7	0	0	0	0	0	0	0	0	0	0	0	0	0	0	0	0	0	0	0	0	0	0	0	0	0	92	1	0	0	0	0	0	0	1	4	0	0	0	1	0	15	0	0	1	0	0	0	0	0	0	0	0	0	0	0	0	0	0	2	0	0	1	6	0	0	168	3	0	0	0	36	0	0	0	0	0	2	0	0	0	0	0	0	0	2	0	0	0	0	0	0
OTU2242	0	0	0	0	0	0	0	0	0	0	3	0	0	0	0	0	0	0	0	0	0	0	0	0	0	0	0	0	0	0	0	0	0	0	0	0	2	0	36	0	0	0	0	0	0	0	0	0	0	0	0	0	0	0	0	0	0	0	0	0	0	0	0	0	0	0	0	0	0	0	0	0	0	0	0	0	0	0	1	0	0	1	0	0	0	4	0	0	0	0	0	1	0	0	0	0	0	0	0	0	0	0
OTU2243	0	0	0	0	0	0	0	0	0	0	0	0	0	0	0	0	0	0	0	0	0	0	0	0	0	0	0	0	0	0	0	4	0	0	0	0	0	0	0	0	0	0	0	24	0	0	0	0	0	0	0	0	2	0	0	0	0	0	0	0	0	0	0	0	0	0	0	0	0	0	0	0	4	0	0	0	0	0	0	0	0	0	0	0	0	0	0	0	0	1	0	2	0	0	0	0	0	0	0	0	0	0
OTU2244	0	0	0	0	0	0	0	0	0	0	3	1	5	0	0	0	0	0	0	0	0	0	0	0	0	0	0	15	1	20	7	3	0	3	5	4	5	3	6	0	7	0	12	210	132	6	12	101	0	10	5	37	13	1	49	57	46	19	15	0	0	1	0	0	0	0	2	20	4	5	0	3	31	37	0	31	45	3	0	11	6	2	2	65	46	7	1	0	4	2	1	6	1	20	4	13	14	4	0	48	13	0
OTU2245	0	0	0	0	0	0	0	0	0	0	0	0	1	0	0	0	0	0	0	0	0	0	0	0	0	0	0	0	0	0	0	0	0	0	0	0	0	0	0	0	0	0	0	0	0	2	0	0	0	0	0	0	0	0	5	0	3	1	0	0	0	0	0	0	0	0	0	0	0	0	0	0	0	1	0	0	0	0	0	0	0	0	16	0	0	0	0	0	0	1	0	0	3	0	32	4	0	3	0	2	0	0
OTU2246	0	0	0	0	0	0	0	0	0	0	0	0	0	0	0	0	0	0	0	0	0	0	0	0	0	0	0	0	0	0	0	0	0	0	0	0	0	0	0	0	0	0	0	0	0	0	0	12	0	0	0	0	0	0	0	21	1	1	3	0	0	0	0	0	0	0	0	0	0	0	0	0	0	0	0	0	0	0	0	0	0	3	0	0	0	0	0	0	0	0	0	0	0	0	0	0	0	0	0	0	0	0
OTU2247	0	0	0	0	0	0	0	0	0	0	0	0	0	0	0	0	0	0	0	0	0	0	0	0	0	0	0	0	0	0	0	0	0	0	0	0	0	0	0	0	0	0	0	0	0	0	0	0	0	0	0	0	0	0	13	0	6	0	5	0	0	0	0	0	0	0	0	0	0	0	0	0	0	1	0	0	0	0	0	0	0	0	1	0	0	0	0	4	0	0	0	0	0	0	0	0	0	0	0	0	0	0
OTU2248	0	0	0	0	0	0	0	0	0	0	0	0	0	0	0	0	0	0	0	0	0	0	0	0	0	0	0	0	0	0	0	0	0	0	0	0	0	0	0	0	0	0	0	0	0	0	0	0	0	0	0	0	0	0	3	0	0	0	0	0	0	0	0	0	34	0	5	0	0	0	0	0	0	0	0	0	0	0	0	0	0	0	0	0	0	0	0	0	0	0	0	0	0	0	0	0	1	0	0	0	0	0
OTU2249	0	0	0	0	0	0	0	0	0	0	0	0	0	0	0	0	0	0	0	0	0	0	0	0	0	0	0	0	0	0	0	0	2	0	0	0	0	0	0	0	0	0	0	0	0	0	0	0	0	0	0	0	0	0	0	2	2	0	0	0	0	0	0	9	0	18	0	0	0	0	0	0	0	0	0	0	0	0	0	0	0	0	0	0	0	1	0	0	0	0	0	0	6	0	0	0	0	26	0	0	0	0
OTU225	1	6	1	0	0	0	3	8	11	0	0	0	57	47	0	0	0	0	3	1	1	0	0	0	4	0	13	20	3	55	98	1	4	1	2	1	0	0	0	0	40	80	27	23	25	22	48	14	13	70	8	193	55	34	23	27	77	27	84	5	2	1	0	3	0	3	62	16	37	38	0	0	501	212	29	4	3	3	423	0	21	116	173	18	0	17	3	10	26	98	0	2	24	210	39	224	66	1	35	0	24	0
OTU2250	0	0	0	0	0	0	0	0	0	0	0	0	0	0	0	0	0	0	0	0	0	0	0	0	0	0	0	0	0	0	0	0	0	0	0	0	0	1	2	0	4	0	0	0	0	1	0	4	0	0	0	1	0	0	0	0	6	3	0	0	0	0	0	0	0	0	0	0	0	0	0	0	0	9	0	0	3	0	0	0	0	0	13	0	1	0	0	0	0	1	10	0	0	0	12	13	0	0	0	0	0	0
OTU2251	0	0	0	0	0	0	0	0	0	0	0	0	0	0	0	0	0	0	0	0	0	0	0	0	0	0	0	0	0	0	0	0	0	0	0	0	0	0	0	0	0	0	0	0	0	0	0	0	0	0	0	0	0	0	0	0	0	0	0	0	28	0	0	0	0	0	0	0	0	0	0	0	0	0	0	0	0	0	0	0	0	0	1	0	0	0	0	0	0	0	0	0	0	0	0	0	0	0	0	0	0	0
OTU2252	0	0	0	0	0	0	0	0	0	0	0	0	0	0	0	0	0	0	0	0	0	0	0	0	0	0	0	0	0	0	0	0	0	0	0	0	0	0	0	0	0	0	0	0	0	0	0	0	0	0	0	0	0	0	0	0	0	0	0	0	0	0	0	19	0	9	1	3	0	0	0	0	0	0	0	0	0	0	0	0	0	0	0	0	0	6	0	0	0	0	0	0	0	0	0	0	0	4	0	0	0	0
OTU2253	0	0	0	0	0	0	0	0	0	0	0	0	0	0	0	0	0	0	0	0	0	0	2	0	0	0	0	0	0	0	0	0	0	0	0	0	0	0	0	0	0	0	0	0	0	0	0	0	0	0	0	0	0	0	0	0	0	0	0	0	0	0	0	10	0	4	1	0	0	0	0	0	0	1	0	0	0	0	0	0	0	0	0	0	0	4	0	0	0	0	0	0	3	0	0	0	0	12	0	0	0	0
OTU2254	0	0	0	0	0	0	0	1	0	0	0	0	0	0	0	0	0	0	0	0	0	0	0	0	0	0	0	0	0	0	0	0	0	0	0	0	0	0	0	0	0	0	0	0	0	0	0	0	0	0	0	0	0	0	0	0	0	1	0	1	0	0	0	39	0	19	0	0	0	0	0	0	0	0	0	0	0	0	0	0	0	0	0	0	0	7	0	0	0	1	0	0	13	0	0	0	0	14	0	0	0	0
OTU2255	0	0	0	0	0	0	0	0	0	0	0	0	0	0	0	0	0	0	0	0	0	0	0	0	0	0	0	0	0	0	0	0	0	0	0	0	0	0	0	0	0	0	0	0	0	0	0	0	0	0	0	0	0	0	0	0	0	2	0	0	0	0	0	0	34	0	1	36	0	0	0	0	0	0	0	0	0	0	0	0	0	0	0	0	0	0	0	0	0	0	0	0	0	0	0	0	0	0	14	0	0	0
OTU2256	0	0	0	0	0	0	0	0	0	0	0	0	0	0	0	0	0	0	0	0	0	0	0	0	0	0	0	0	0	0	0	0	0	0	0	0	0	4	0	0	0	0	0	0	0	0	0	0	0	0	0	0	0	0	0	1	0	0	0	0	0	0	0	0	0	0	24	0	0	0	0	0	0	7	0	0	0	0	0	0	0	0	0	0	0	0	0	0	0	0	11	0	0	0	0	0	0	0	0	0	0	0
OTU2257	0	0	0	0	0	0	0	0	0	0	0	0	0	0	0	0	0	0	0	0	0	0	0	0	0	0	0	0	0	0	0	0	0	0	0	0	0	0	0	0	0	0	0	0	0	0	0	0	0	0	0	0	0	0	0	0	0	0	0	0	0	0	0	0	0	0	0	0	35	0	0	0	0	0	0	0	0	0	0	0	0	0	0	0	0	0	0	0	0	0	0	0	0	0	0	0	0	0	0	0	0	0
OTU2258	0	0	0	0	0	0	0	0	0	0	13	0	0	0	0	0	2	0	0	0	0	4	0	0	0	0	1	0	0	0	0	0	0	0	0	0	80	0	0	0	0	2	0	0	0	0	2	0	0	10	0	44	1	0	1	0	0	0	0	0	0	0	0	0	0	0	0	0	0	0	0	2	14	12	0	0	115	4	0	0	0	33	0	0	0	0	0	3	0	1	0	8	0	2	0	2	0	0	0	0	0	0
OTU2259	0	0	0	0	0	0	0	0	0	0	12	0	0	0	0	0	5	0	0	0	0	4	0	0	0	0	0	0	0	0	0	0	2	0	0	0	95	0	0	1	0	7	0	0	0	0	0	0	0	9	0	31	0	0	0	0	0	0	2	6	0	0	0	0	0	0	0	0	0	0	0	0	7	13	0	0	110	7	3	0	0	105	0	0	0	0	0	5	0	0	0	0	0	0	0	1	0	0	0	0	0	0
OTU226	0	5	0	6	0	0	14	1	1	0	16	4	44	34	0	0	0	0	0	0	0	0	0	0	0	9	2	17	0	1	0	0	0	0	0	0	1	0	2	2	4	0	1	2	0	5	1	2	1	1	0	3	47	1	8	21	49	52	2	0	0	1	0	1	0	2	0	1	0	5	0	1	3	51	2	74	15	7	151	1324	870	8	17	204	193	148	0	0	0	68	0	2	43	3	5	10	1	0	0	0	0	0
OTU2260	0	0	0	0	0	0	0	0	0	0	8	0	0	0	0	0	0	0	0	0	0	1	0	0	0	0	0	0	0	0	0	0	0	0	0	0	19	0	0	0	0	0	0	0	0	0	0	0	0	0	0	5	1	0	0	0	0	0	0	0	0	0	0	0	0	0	0	0	0	0	0	0	0	6	0	0	44	0	0	0	0	2	0	0	0	0	0	1	0	1	0	4	0	0	0	0	0	0	0	0	0	0
OTU2261	0	0	1	0	0	0	0	0	0	0	8	0	0	0	0	0	0	0	0	0	1	3	0	0	0	0	0	0	0	0	0	0	3	0	0	0	41	0	0	0	0	0	0	0	0	0	0	0	0	1	0	13	0	0	0	0	0	0	2	8	0	0	0	0	0	0	0	0	2	1	0	0	2	1	0	0	82	0	0	0	0	37	0	0	0	0	0	1	0	0	0	4	0	0	0	0	0	0	0	0	0	0
OTU2262	0	0	0	0	0	0	0	0	0	0	0	0	0	3	0	0	0	0	0	0	0	0	0	0	0	0	0	0	0	0	0	0	0	0	0	0	0	0	0	0	0	0	0	0	0	0	0	0	0	0	0	0	0	0	0	0	0	0	0	0	0	0	0	0	0	4	0	0	0	0	0	0	0	0	0	0	0	0	0	76	0	1	1	0	0	0	0	0	0	0	0	0	2	0	0	0	0	1	0	0	0	0
OTU2263	2	0	0	0	0	0	0	0	0	0	0	2	1	0	0	0	0	0	0	0	0	0	0	0	0	0	0	0	0	0	0	0	0	0	0	0	0	0	0	0	0	0	0	0	0	0	0	0	0	0	0	0	0	6	0	2	4	0	5	0	0	0	0	0	0	0	0	0	0	0	0	0	0	0	0	0	0	0	0	5	0	0	0	0	0	1	0	0	0	0	0	1	1	0	5	0	0	0	0	0	0	0
OTU2264	0	0	0	0	0	0	0	0	0	0	0	1	2	0	0	0	0	0	0	0	0	0	0	0	0	0	0	0	0	0	0	0	0	0	0	0	0	0	0	0	0	0	0	0	0	9	0	0	0	0	0	0	0	0	1	4	8	0	1	0	0	0	0	0	0	0	0	0	0	1	0	0	0	0	0	0	0	0	2	0	0	3	0	0	0	0	0	0	0	0	0	0	0	0	0	0	0	0	0	0	0	0
OTU2265	0	0	0	0	0	0	0	0	0	0	0	0	2	2	0	0	0	0	0	0	0	0	0	0	0	0	0	2	0	0	0	0	0	0	0	0	0	0	0	0	0	0	0	1	0	0	0	0	9	0	2	0	1	0	0	0	4	0	1	0	0	0	0	0	0	0	0	0	0	0	8	0	7	2	0	0	0	0	0	0	0	12	0	0	0	0	0	0	1	0	0	0	0	1	0	0	0	0	0	0	0	0
OTU2266	0	0	0	0	0	0	0	0	0	0	0	0	3	2	0	0	0	0	0	0	0	0	0	0	0	0	0	0	0	0	0	0	0	0	0	0	0	0	0	0	0	0	0	0	0	0	0	0	0	0	0	0	0	0	0	0	6	0	0	0	0	0	0	0	0	0	0	0	0	12	0	0	0	2	0	0	0	47	0	0	0	0	0	0	0	1	0	0	0	0	0	0	0	2	1	0	0	0	0	0	0	0
OTU2267	0	0	0	0	0	0	0	0	0	0	0	0	0	0	0	0	0	0	0	0	2	24	0	0	2	0	0	0	0	0	0	0	10	0	0	0	0	0	0	0	0	0	0	0	0	0	0	0	0	0	0	8	0	0	0	0	0	0	0	16	0	0	0	0	0	0	0	0	0	0	0	0	0	0	0	0	3	0	0	0	0	0	0	0	0	0	0	0	0	0	0	0	0	0	0	0	0	0	0	0	3	0
OTU2268	0	0	0	0	0	0	0	0	0	0	0	0	0	0	0	0	0	0	0	0	0	0	0	0	0	1	0	0	0	0	0	0	0	0	0	0	0	0	3	0	0	8	2	0	0	3	0	0	0	1	0	0	0	0	0	0	0	0	0	0	0	0	0	0	0	0	0	0	0	0	0	3	0	7	0	0	3	2	0	0	0	0	0	0	0	0	0	0	0	0	0	3	0	0	0	0	5	0	0	0	0	0
OTU2269	0	0	0	0	0	0	0	0	0	0	0	0	0	0	0	0	0	0	0	0	0	0	0	0	0	0	5	0	0	0	0	0	0	0	0	0	0	0	0	0	0	0	0	5	0	0	1	4	0	0	0	0	0	0	0	1	2	0	2	0	0	0	0	0	0	0	0	0	0	0	0	0	0	0	0	0	0	0	0	0	0	11	4	0	0	0	0	0	0	0	0	0	0	0	0	0	0	0	0	0	0	0
OTU227	7	3	0	1	0	0	0	6	0	0	4	0	17	39	0	0	0	0	0	0	2	1	1	0	0	0	0	14	0	16	14	0	0	1	10	1	2	4	4	0	13	0	10	18	4	22	409	119	11	21	14	3	9	204	23	16	113	33	13	0	0	0	3	1	1	2	3	0	0	2	0	7	228	162	15	2	2	7	0	2	61	142	16	13	140	6	0	7	32	19	18	16	8	1163	16	9	1	8	11	0	0	7
OTU2270	0	0	0	0	0	0	0	0	0	0	0	0	0	0	0	0	0	0	0	0	0	0	0	0	0	0	1	0	0	10	0	0	0	0	0	0	0	0	4	0	0	0	0	0	0	0	1	2	0	0	0	0	0	0	0	0	3	0	4	0	0	0	0	0	0	0	0	0	1	0	0	3	2	2	0	0	0	3	0	0	0	0	2	6	0	0	0	0	6	0	0	0	3	0	0	1	0	0	0	0	0	0
OTU2271	0	0	0	0	0	0	0	0	0	0	0	0	0	0	0	0	0	0	0	0	0	0	0	0	0	0	0	0	43	0	0	0	0	0	0	0	0	0	0	0	0	0	0	0	0	0	0	0	0	0	0	0	0	2	0	0	0	0	0	0	0	0	0	1	0	0	0	0	0	0	0	0	0	0	0	0	0	0	0	0	0	0	0	0	0	0	0	0	0	0	0	0	0	0	0	0	0	0	0	0	0	0
OTU2272	0	0	0	0	0	0	0	0	0	0	0	0	0	0	0	0	0	0	0	0	0	0	0	0	0	0	0	0	0	21	0	0	0	0	0	0	0	0	0	0	0	0	0	1	0	0	0	0	0	0	0	0	0	0	0	0	5	2	5	0	0	0	0	0	0	0	0	0	0	0	0	0	0	0	0	0	0	0	0	0	0	0	0	0	0	0	0	0	0	1	0	0	0	0	0	0	0	0	0	0	0	0
OTU2273	0	0	0	0	0	0	0	0	0	0	0	0	0	0	0	0	0	0	0	0	0	0	0	0	0	0	0	0	0	0	5	0	0	0	0	0	0	0	0	0	2	0	0	0	0	0	0	0	0	0	0	0	0	0	0	0	0	0	4	0	0	0	0	0	0	0	0	11	0	0	6	0	0	1	0	0	0	0	0	0	0	0	0	0	6	0	0	0	3	1	0	0	0	0	0	0	0	0	0	0	0	0
OTU2274	0	0	0	0	0	0	0	0	0	0	0	0	0	0	0	0	0	0	0	0	0	1	0	0	0	0	0	0	0	0	0	0	1	0	0	0	0	0	0	0	0	0	0	0	0	0	0	0	0	0	0	0	0	0	0	0	0	0	0	0	27	0	0	2	0	7	0	0	0	0	0	0	0	0	0	0	0	0	0	0	0	0	1	0	0	4	0	0	0	0	0	0	0	0	0	0	0	4	0	0	0	0
OTU2275	0	0	0	0	0	0	0	0	0	0	0	0	0	0	0	0	0	0	0	0	0	0	0	0	0	0	0	0	0	0	0	0	0	0	0	0	2	10	0	0	6	0	11	0	0	0	11	0	0	0	0	0	0	0	0	0	1	0	1	0	0	0	0	0	0	0	0	0	0	0	1	0	0	2	0	2	0	0	0	2	2	0	0	0	0	0	0	0	0	0	0	0	0	2	0	0	0	0	0	0	0	0
OTU2276	0	0	0	0	0	0	0	0	0	0	0	0	0	0	0	0	0	0	0	0	0	0	0	0	0	0	0	0	0	0	0	0	0	0	1	0	0	0	13	0	0	0	0	2	0	0	0	0	1	0	0	0	0	0	0	7	0	0	0	0	0	0	0	0	0	0	0	0	0	6	0	0	1	0	0	0	0	0	2	0	11	0	0	0	0	0	0	2	0	0	0	0	2	0	0	0	0	0	0	0	0	0
OTU2277	0	0	0	0	0	0	0	0	1	0	0	0	0	0	0	0	0	0	0	0	0	0	0	0	0	0	0	0	0	0	0	0	0	0	0	0	0	0	0	0	3	0	0	1	0	0	0	0	0	0	2	1	0	0	0	0	0	3	3	0	0	0	0	0	0	1	0	2	0	0	0	0	8	6	0	0	0	2	0	0	2	0	0	0	0	0	0	0	0	0	0	0	0	0	2	0	0	4	1	0	0	0
OTU2278	0	0	0	0	0	0	0	0	0	0	0	0	0	0	0	0	0	0	0	0	0	0	0	0	0	0	0	0	0	0	0	0	0	0	0	0	0	0	0	0	0	0	0	8	3	0	0	0	1	0	0	0	0	0	0	0	2	0	0	0	0	0	0	0	0	0	0	0	0	0	0	7	0	0	0	0	0	0	0	0	0	7	0	0	0	0	0	0	0	1	0	0	0	0	0	0	5	0	0	0	0	0
OTU2279	0	0	0	0	0	0	0	0	0	0	0	0	0	1	0	0	0	0	0	0	0	0	0	0	0	0	0	0	0	0	0	0	0	0	0	0	0	0	0	0	0	0	0	0	0	0	0	0	0	0	0	0	2	0	0	0	6	1	0	0	0	0	0	0	0	0	0	0	0	0	0	0	0	0	0	0	0	0	0	0	0	0	0	0	0	0	0	0	0	1	0	0	0	0	0	1	20	0	0	0	0	0
OTU228	0	44	0	2	0	0	0	0	3	0	0	0	7	8	0	0	0	0	0	0	0	118	0	0	0	0	0	8	1	3	1	0	0	0	0	0	3609	2	5	0	4	1	6	1	2	2	0	0	0	3	0	5	9	1	4	0	26	5	5	0	0	0	0	0	0	0	0	0	2	545	135	0	4	30	1	2	2	3	2	3	4	4	2	0	1	6	135	0	3	15	1	3	0	5	0	3	0	0	0	0	1	0
OTU2280	0	0	0	0	0	0	0	0	0	0	0	0	0	0	0	0	0	0	0	0	0	0	0	0	0	0	0	0	0	0	0	0	0	0	0	0	0	0	0	0	0	0	0	0	0	0	0	0	0	0	0	0	0	0	9	19	1	0	0	0	0	0	0	0	0	0	0	0	0	0	0	0	0	3	0	0	0	0	0	0	0	0	0	0	0	0	0	0	0	0	0	0	0	0	1	0	0	0	0	0	0	0
OTU2281	0	1	0	0	0	0	0	0	0	0	0	0	0	0	0	0	0	0	0	0	0	0	0	0	0	0	0	0	0	0	0	0	0	0	0	0	0	0	0	0	0	0	0	0	0	0	0	0	0	0	0	0	0	0	0	0	2	3	0	0	0	0	0	16	0	7	0	0	0	0	0	0	0	0	0	0	0	0	0	0	0	0	0	0	0	0	0	0	0	0	0	0	1	0	0	0	0	25	0	0	0	0
OTU2282	0	0	0	0	0	0	0	0	0	0	0	0	0	0	0	0	0	0	0	0	0	0	0	0	0	0	0	0	0	0	0	0	0	0	0	0	0	0	0	0	0	0	0	0	0	0	0	0	0	0	0	0	0	0	0	0	0	0	0	3	0	0	0	0	0	0	0	0	0	0	0	0	0	0	0	0	0	0	0	0	0	0	0	0	0	0	0	0	0	0	0	0	0	0	0	0	0	0	0	24	9	0
OTU2283	0	0	0	0	0	0	0	0	0	0	1	0	0	0	0	0	0	0	0	0	0	41	0	0	0	0	0	0	0	0	0	0	0	0	0	0	3	0	0	0	0	0	0	0	0	0	0	0	0	0	0	3	0	0	0	0	0	0	0	55	0	0	0	0	0	0	3	0	2	0	0	0	0	0	0	0	21	0	0	0	0	10	0	0	0	0	0	0	0	0	0	0	0	0	0	0	0	0	0	0	1	0
OTU2284	0	0	0	0	0	0	0	0	0	0	0	0	0	0	0	0	0	0	0	0	0	0	0	0	0	0	0	0	0	0	0	0	0	0	0	0	0	0	0	0	0	0	0	0	0	0	0	0	0	0	0	0	0	0	0	2	0	0	0	0	0	0	0	13	0	20	0	0	0	0	0	0	0	0	0	0	0	0	0	0	0	0	0	0	0	3	0	0	0	0	0	0	2	0	0	0	0	15	0	0	0	0
OTU2285	0	0	0	0	0	0	0	0	0	0	0	0	0	0	0	0	0	0	0	0	0	0	0	0	0	0	0	0	7	0	0	0	0	0	0	0	0	0	0	0	0	0	0	0	0	0	0	0	0	0	0	0	1	0	0	0	2	3	0	0	0	0	0	0	0	0	0	0	0	3	17	0	0	2	0	1	0	2	0	0	0	0	0	0	0	0	36	0	0	0	0	0	0	0	0	0	0	0	0	0	0	0
OTU2286	0	0	0	0	0	0	0	0	0	0	1	0	0	0	0	0	2	0	0	0	0	1	0	0	0	0	0	0	0	0	0	0	0	0	0	0	13	0	0	0	0	0	0	0	0	0	0	0	0	1	0	9	0	0	0	0	0	0	0	0	0	0	0	0	0	0	0	0	0	0	0	0	1	4	0	0	39	1	0	0	0	10	0	0	0	0	0	1	0	0	0	2	0	0	0	0	0	0	0	0	0	0
OTU2287	0	2	0	0	0	0	0	0	0	0	2	0	0	1	0	0	0	0	0	0	0	0	0	0	0	0	0	0	0	0	0	0	0	0	0	0	37	0	0	0	0	1	0	0	0	0	0	1	0	3	0	11	0	0	0	0	0	0	0	0	0	0	0	0	0	0	0	0	0	0	0	0	1	9	0	0	53	0	0	0	0	19	0	0	0	0	0	5	0	0	0	0	0	0	0	0	0	0	0	0	0	0
OTU2288	0	0	0	0	0	0	0	0	0	0	5	0	0	0	0	0	0	0	0	0	0	0	0	0	0	0	0	0	0	0	0	0	0	0	0	0	27	0	0	0	0	0	0	0	0	0	0	0	0	5	0	5	1	0	0	0	0	0	0	0	0	0	0	0	0	0	0	0	0	0	0	0	2	0	0	0	53	0	0	0	0	8	0	0	0	0	0	2	0	1	0	3	0	0	2	0	0	0	0	0	0	0
OTU2289	0	0	0	0	0	0	0	0	0	0	0	0	0	1	0	0	0	0	0	0	0	0	0	0	0	0	0	0	0	0	0	0	0	3	2	0	0	0	0	0	0	0	0	0	0	0	0	0	0	0	0	0	0	8	0	0	2	1	0	0	0	0	0	0	0	0	0	0	0	0	0	0	0	0	0	0	0	0	0	0	0	0	0	0	0	0	0	0	0	3	0	0	0	0	0	0	0	0	0	35	0	4
OTU229	1	5	0	2	0	0	0	2	18	0	2	2	33	22	0	0	0	1	1	0	0	1	0	0	1	0	7	169	0	392	18	0	1	0	5	1	3	0	2	0	208	83	33	52	302	93	241	24	57	20	107	102	103	10	53	30	65	20	50	0	1	0	3	0	37	2	54	2	26	3	0	122	14	140	2	6	0	7	70	0	17	55	68	43	11	3	4	2	3	71	69	13	16	91	28	94	58	1	2	0	1	0
OTU2290	0	0	0	0	0	0	0	2	1	0	0	0	0	0	0	0	0	0	0	0	0	0	0	1	0	0	2	1	0	2	0	0	0	0	0	0	4	0	7	0	2	5	0	0	0	0	0	5	0	2	2	0	2	0	1	0	5	0	0	0	0	0	0	0	0	0	0	0	0	5	0	0	6	2	3	25	4	0	0	0	0	0	0	3	0	0	0	0	0	0	2	1	0	1	0	5	0	0	0	0	0	0
OTU2291	0	0	0	0	0	0	0	0	0	0	0	0	0	0	0	0	0	0	0	0	0	0	0	0	0	0	0	5	0	0	0	0	0	0	0	0	0	0	0	0	0	5	0	3	0	0	0	0	0	0	0	1	2	0	0	0	0	0	0	0	0	0	0	0	0	0	0	0	0	1	0	0	4	12	7	0	0	0	0	0	1	5	0	0	0	0	2	0	0	0	0	0	0	1	0	0	0	0	0	0	0	0
OTU2292	0	0	0	0	0	0	0	0	0	0	0	0	0	0	0	0	0	0	0	0	0	0	0	0	0	0	0	2	26	0	0	0	0	0	0	0	0	0	0	0	0	0	0	0	0	0	0	0	0	0	0	0	3	0	0	0	0	0	0	0	0	0	0	0	12	0	0	0	0	0	0	0	0	0	0	0	0	0	0	0	0	0	0	0	0	0	0	0	0	0	0	0	0	0	0	0	0	0	0	0	0	0
OTU2293	0	0	0	0	0	0	0	0	0	0	0	0	0	0	0	0	0	0	0	0	0	0	0	0	0	0	0	0	0	10	0	0	0	0	0	0	0	0	1	0	0	0	0	0	0	0	0	0	0	9	0	0	4	0	0	0	1	0	0	0	0	0	0	0	0	0	0	0	0	3	0	0	0	0	10	0	0	0	0	0	0	0	0	0	0	0	0	0	0	0	3	0	0	0	0	0	0	0	0	0	0	0
OTU2294	0	0	0	0	0	0	0	0	0	0	0	0	0	1	0	0	0	0	0	0	0	0	0	0	0	0	0	1	0	0	0	0	0	1	0	0	0	0	0	0	0	0	0	0	0	0	0	0	0	0	0	0	0	0	0	1	2	0	0	0	0	0	0	14	0	43	2	0	0	0	0	0	0	1	1	0	0	0	0	0	0	0	0	0	0	32	0	0	0	2	0	0	4	0	0	0	0	28	0	0	0	0
OTU2295	0	0	0	0	0	0	0	0	0	0	0	0	0	0	0	0	0	0	0	0	0	0	0	0	0	0	0	0	0	0	0	0	0	1	0	0	0	0	0	0	0	0	0	0	0	0	0	0	0	0	0	0	0	0	0	0	0	0	0	0	0	0	0	0	0	0	0	0	0	0	0	0	0	0	0	0	0	0	0	0	0	0	0	0	0	0	0	0	0	0	0	0	0	0	0	0	0	0	0	25	0	0
OTU2296	0	0	0	0	0	0	0	0	0	0	0	0	0	0	0	0	0	0	0	0	0	0	0	0	0	0	0	0	0	0	0	0	1	169	0	0	0	0	0	0	0	0	0	0	0	4	0	0	0	0	0	0	0	0	0	5	0	0	0	0	0	0	0	37	0	34	1	2	0	0	0	0	0	0	0	0	0	0	0	0	0	0	0	0	0	11	0	0	0	3	0	0	5	0	0	0	0	39	0	0	0	0
OTU2297	0	0	0	0	0	0	0	0	0	0	0	0	0	0	0	0	0	0	0	0	0	0	0	0	0	0	0	0	0	0	0	0	0	2	0	0	0	0	0	0	0	0	0	0	0	0	0	0	0	0	0	0	0	0	0	0	0	0	0	0	0	0	0	0	0	0	0	0	0	0	0	0	0	0	0	0	0	0	0	0	0	0	0	0	0	0	0	0	0	0	0	0	0	0	1	0	0	0	0	22	0	0
OTU2298	0	0	0	0	0	0	0	0	0	0	0	0	0	0	0	0	0	0	0	0	0	0	0	0	0	0	0	0	0	0	0	0	0	0	0	21	0	0	0	0	0	0	0	0	0	0	0	0	0	0	0	0	0	0	0	0	0	0	0	0	0	0	0	0	0	0	1	0	0	0	0	0	0	0	0	0	0	0	0	0	0	0	0	0	0	0	0	0	0	0	0	0	0	0	0	0	0	0	0	0	0	0
OTU2299	0	0	0	0	0	0	0	0	0	0	9	0	0	0	0	0	1	0	0	0	0	2	0	0	0	0	0	0	0	0	0	0	0	0	0	0	30	0	0	0	0	3	0	0	0	0	0	0	0	2	0	15	0	0	0	0	0	1	0	1	5	0	0	0	0	0	0	0	0	3	0	0	1	3	0	0	32	1	0	0	0	30	1	0	0	0	0	1	0	0	0	2	0	0	0	0	0	0	0	0	0	0
OTU23	40	29	0	28	0	3	114	64	513	3	87	44	224	210	12	3	2	1	2	0	233	14	9	42	4	2	539	518	326	996	256	10	12	1	63	10	287	463	1714	6	27116	142	6321	649	109	166	178	92	500	1344	1366	218	688	186	249	173	1374	260	287	31	48	90	1	15	12	15	40	20	49	1136	564	1561	4053	2907	50	491	1302	133	217	195	4486	2069	1461	5195	116	106	1123	2601	621	352	1466	468	171	153	88	133	82	12	5	1	4	2
OTU230	0	0	1	0	0	0	10	7	0	0	0	0	1	1	0	0	0	1	0	0	4	1	3	0	1	0	0	0	3	0	0	0	4	6	4	2	0	0	0	0	0	0	0	0	4	1	0	3	0	0	0	0	0	0	21	5	44	33	48	5	1	4	0	104	525	44	644	1192	507	0	0	0	0	2	0	0	0	0	0	0	0	0	0	91	5	18	0	0	0	3	0	0	3	6	5	1	0	29	94	28	17	5
OTU2300	0	0	0	0	0	0	0	0	0	0	0	0	0	0	1	0	0	0	0	0	0	0	0	0	0	0	0	2	3	5	0	1	0	0	0	0	7	0	1	0	13	6	0	17	3	1	4	3	2	1	0	2	1	2	2	3	14	1	2	0	0	0	0	0	0	0	0	0	0	2	3	15	6	3	2	2	1	0	0	0	2	12	3	1	0	0	1	1	1	1	0	0	0	1	5	0	2	0	0	0	0	0
OTU2301	0	0	0	0	0	0	0	0	0	0	0	0	1	0	0	0	0	0	0	0	0	0	0	0	0	0	0	0	0	0	0	0	0	0	0	0	0	0	0	0	2	0	2	0	0	7	0	0	6	0	0	0	0	0	0	0	3	0	3	0	0	0	0	0	0	0	0	0	0	0	5	0	0	0	0	0	0	5	0	0	0	0	0	1	0	0	0	0	0	0	0	0	0	0	0	0	0	0	0	0	0	0
OTU2302	0	0	0	0	0	0	0	0	0	0	0	0	0	0	0	0	0	0	0	0	0	0	0	0	0	0	0	0	0	0	0	0	0	0	0	0	0	0	0	0	0	0	0	0	10	0	0	0	0	0	0	0	0	0	1	0	0	0	2	0	0	0	0	0	0	0	0	0	0	0	0	0	0	0	0	0	0	0	0	0	0	0	0	0	0	0	0	0	0	0	0	0	0	6	0	10	5	0	54	2	8	0
OTU2303	0	0	0	0	0	0	0	0	0	0	0	0	1	0	0	0	0	0	0	0	0	0	0	0	0	0	0	0	0	0	0	0	0	0	0	1	0	0	0	0	0	0	0	0	0	0	0	5	5	0	0	1	0	7	1	2	0	0	0	0	0	0	0	0	0	0	0	0	0	0	0	0	2	0	0	3	0	0	2	0	1	0	0	1	0	0	0	0	0	2	6	0	0	1	0	2	0	0	0	0	0	0
OTU2304	0	0	0	0	0	0	0	0	0	0	0	0	0	0	0	0	0	0	0	0	0	0	0	0	0	0	0	0	0	0	0	0	0	0	0	0	0	0	0	0	0	0	0	0	0	0	0	0	0	0	0	0	0	0	0	0	1	0	0	0	0	0	0	0	0	0	0	0	0	0	0	0	0	2	0	0	0	0	0	0	0	0	0	0	0	0	0	0	0	0	0	0	0	0	0	0	32	0	0	0	0	0
OTU2305	0	0	0	0	0	0	1	0	0	0	0	1	0	0	0	0	0	0	1	0	0	0	0	0	0	0	0	0	0	0	0	0	0	0	0	0	0	0	0	0	0	0	0	0	0	0	0	0	0	2	0	0	2	0	0	1	9	1	0	0	0	0	0	2	0	2	0	0	0	0	0	0	1	1	0	0	0	0	0	0	0	0	0	0	0	8	0	0	0	2	0	0	0	0	0	0	26	7	0	0	0	0
OTU2306	0	0	0	0	0	0	0	0	0	0	5	0	0	1	0	0	2	0	0	0	0	12	0	1	0	0	0	0	0	0	0	0	0	0	0	0	27	0	0	0	0	1	0	0	0	0	0	0	0	4	0	19	1	0	0	0	0	0	1	15	1	0	0	0	0	0	0	0	0	0	0	0	5	6	0	0	39	5	1	0	0	35	0	0	0	0	0	1	0	0	3	3	0	0	0	0	0	0	0	0	0	0
OTU2307	0	0	0	0	0	0	0	0	1	0	0	0	0	0	0	0	0	0	0	0	0	0	0	0	0	0	0	0	0	0	0	0	0	0	0	0	0	0	0	0	0	0	0	0	0	0	0	0	0	0	0	0	0	0	0	0	0	0	2	0	0	0	0	0	4	0	5	0	0	0	0	0	0	0	0	0	0	0	5	0	0	0	0	0	0	0	8	0	0	0	0	0	0	1	0	0	4	0	4	0	0	0
OTU2308	0	0	0	0	0	0	0	0	0	0	0	0	0	0	0	0	0	0	0	0	0	0	0	0	0	0	0	0	0	0	0	0	0	0	0	0	0	0	0	0	0	0	2	0	0	1	0	0	0	0	0	0	0	0	0	0	0	1	0	1	0	0	0	8	1	17	0	0	0	0	0	0	0	0	0	0	0	0	0	0	0	0	0	0	0	7	0	0	2	0	0	0	19	0	0	0	0	17	1	0	0	0
OTU2309	0	0	0	0	0	0	0	0	0	0	0	0	0	0	0	0	0	0	0	0	0	1	0	0	0	0	0	0	0	0	0	0	0	0	0	0	0	0	0	0	0	0	0	0	0	0	0	0	0	0	0	0	0	0	0	0	0	0	0	0	0	0	0	0	12	0	29	23	7	1	0	0	0	0	0	0	0	0	0	0	0	0	0	0	0	0	0	0	0	0	0	0	0	0	0	0	0	0	0	0	0	0
OTU231	0	0	0	7	0	0	0	5	0	0	0	1	8	6	2	0	0	0	0	0	0	0	0	0	0	0	0	17	0	2	1	2	0	1	2	1	0	0	0	0	4	4	1	1	0	2	1	0	0	1	0	612	7	4	23	0	105	1	6	1	2	2	0	0	672	0	43	0	42	1	1	3	3	2103	1	2	3	2	1	0	6	1	0	1	0	0	1	0	5	2	0	0	0	0	1	7	0	0	0	1	3	0
OTU2310	0	0	0	0	0	0	0	0	0	0	0	0	0	0	0	0	0	0	0	0	0	0	0	0	0	0	0	0	0	0	0	0	0	0	0	0	0	0	0	0	0	4	0	0	10	0	0	0	0	0	0	0	2	0	0	0	1	0	0	0	0	0	0	0	1	0	23	4	8	0	0	0	0	5	0	0	0	0	0	0	0	0	0	4	0	0	0	0	0	0	0	0	0	0	0	0	0	0	0	0	0	0
OTU2311	0	0	0	0	0	0	0	0	0	0	0	0	0	0	0	0	0	0	0	0	0	0	0	0	0	0	0	0	0	0	0	0	0	0	0	0	0	0	0	0	0	0	0	0	0	0	0	0	0	0	0	0	0	0	0	0	0	0	0	0	0	0	0	0	0	0	1	0	0	0	0	0	0	0	0	0	0	0	0	0	0	0	0	0	0	0	0	0	0	0	0	0	0	0	0	0	0	0	27	0	0	10
OTU2312	0	0	0	0	0	0	0	0	0	0	0	0	0	0	0	0	0	0	3	0	0	0	0	0	0	0	0	0	0	0	0	0	0	0	0	0	0	0	0	0	0	0	0	0	0	0	0	0	0	0	0	0	0	0	0	0	0	2	0	0	0	0	0	0	0	0	0	44	0	0	0	0	0	0	0	0	0	0	0	0	0	0	0	0	0	0	0	0	0	0	0	0	0	0	0	0	0	0	0	0	0	0
OTU2313	0	0	0	0	0	0	0	0	0	0	0	0	0	0	0	0	0	0	0	0	0	0	0	0	0	0	0	0	0	0	0	0	0	0	0	1	0	0	0	0	0	0	0	0	0	0	0	0	0	0	0	0	0	0	1	0	0	0	1	0	0	0	0	0	12	0	0	1	30	0	0	0	0	0	0	0	0	0	0	0	0	0	0	0	0	0	0	0	0	0	0	0	0	0	0	1	0	0	13	0	2	0
OTU2314	0	0	0	0	0	0	0	0	0	0	0	0	0	0	0	0	0	0	0	0	0	0	0	0	0	0	0	0	0	0	0	0	0	0	0	0	0	0	0	0	0	0	0	0	0	0	0	0	0	0	0	0	0	0	0	0	0	0	1	0	0	0	0	0	0	0	0	0	36	0	0	0	0	0	0	0	0	0	0	0	0	0	0	0	0	0	0	0	0	0	0	0	0	0	0	0	0	0	0	0	0	0
OTU2315	0	0	0	0	0	0	0	0	0	0	11	1	0	0	0	0	0	0	3	0	1	21	1	0	0	0	2	0	0	0	0	0	1	0	0	0	51	0	0	0	0	0	0	0	0	0	0	0	0	9	0	22	0	0	0	0	0	0	1	29	0	0	0	0	0	0	0	0	2	0	0	0	6	1	0	1	81	0	0	1	0	72	0	0	0	0	0	2	1	0	0	4	1	0	0	0	0	0	0	0	0	0
OTU2316	0	0	0	0	0	0	0	0	0	0	2	0	0	0	0	0	0	0	0	0	0	2	0	0	0	0	0	0	0	0	0	0	0	0	0	0	10	0	0	0	0	0	0	0	0	0	0	0	0	2	0	7	0	0	0	0	0	0	0	0	0	0	0	0	0	0	0	0	0	0	0	0	0	0	0	0	34	0	0	0	0	2	0	0	0	0	0	1	0	0	0	0	0	0	0	0	0	0	0	0	0	0
OTU2317	0	0	0	0	0	0	0	0	0	0	0	0	0	0	0	0	0	0	0	0	0	1	0	0	0	0	0	0	0	0	0	0	0	0	0	0	0	0	0	0	0	0	0	0	0	0	0	0	0	0	0	0	0	0	0	2	0	0	0	1	0	0	0	0	0	0	0	0	0	0	0	0	0	0	0	0	0	0	0	0	0	0	0	0	0	0	0	0	0	0	0	62	0	0	0	0	0	0	0	0	0	0
OTU2318	0	0	0	0	0	0	0	0	0	0	0	0	0	0	0	0	0	0	0	0	0	0	0	0	0	0	0	0	0	0	0	0	0	0	0	0	0	0	0	0	0	0	0	0	0	0	0	2	0	0	0	0	0	0	0	0	0	0	0	0	0	0	0	0	0	0	0	0	0	0	0	0	0	0	0	0	0	0	0	0	0	0	0	0	0	0	0	0	0	0	0	0	0	1	0	0	0	0	45	0	0	0
OTU2319	0	0	0	0	0	0	0	0	0	0	0	0	0	0	0	0	0	0	0	0	0	0	0	0	0	0	0	0	0	0	0	0	0	1	0	0	0	0	0	0	0	0	0	0	0	0	0	0	0	0	0	0	0	0	0	0	0	0	0	0	0	0	0	0	0	0	0	0	0	0	0	0	0	0	0	0	0	0	0	0	0	1	0	0	0	0	0	0	0	0	0	0	0	0	0	0	0	0	22	33	0	0
OTU232	2	2	0	0	0	0	0	0	18	0	14	10	8	12	0	0	0	0	11	0	0	0	5	13	0	1	11	11	56	2	11	0	0	0	2	1	10	163	517	1	103	551	16	3	4	44	0	0	3	40	48	1	44	7	5	0	192	23	3	0	0	0	0	0	0	0	0	0	0	37	371	0	2	31	210	0	20	11	0	27	29	1	9	140	0	12	3	48	128	28	2	9	7	10	2	11	4	0	0	0	2	0
OTU2320	0	0	0	0	0	0	0	0	0	0	2	0	0	0	0	0	0	0	0	0	0	0	0	0	0	0	0	0	0	0	0	0	0	0	0	0	0	0	0	0	0	0	0	0	0	0	0	0	0	0	0	0	0	0	0	0	0	0	0	0	0	0	0	0	0	0	0	0	0	0	0	0	0	0	0	0	62	0	0	0	0	0	2	0	0	0	0	0	0	0	0	0	0	0	0	0	0	0	0	0	0	0
OTU2321	0	0	0	0	0	0	0	0	0	0	2	0	0	0	0	0	0	0	0	0	0	0	0	0	0	0	0	0	0	0	0	0	0	0	0	0	0	0	0	0	0	0	0	0	0	0	0	0	0	0	0	1	0	0	0	0	0	0	0	0	0	0	0	21	0	5	0	0	0	0	0	0	0	0	0	0	0	0	0	0	0	0	0	0	0	0	0	0	0	0	0	0	3	0	0	0	0	10	0	0	0	0
OTU2322	0	0	0	0	0	0	0	0	0	0	1	1	0	2	0	0	0	0	0	0	0	0	0	0	0	0	0	1	0	0	0	0	0	0	0	0	0	0	0	0	0	0	0	0	0	0	0	0	5	0	6	0	0	0	0	1	0	0	0	0	0	0	0	0	0	0	0	0	0	0	0	0	0	0	6	0	28	0	0	0	1	0	0	0	0	0	0	0	0	0	0	0	0	0	0	0	0	0	0	0	0	0
OTU2323	0	0	0	0	0	0	0	0	0	0	0	2	2	0	0	0	0	0	0	0	0	0	0	0	0	0	0	0	0	0	0	0	0	0	0	0	0	0	0	0	0	0	0	8	0	1	0	3	0	0	0	0	1	0	7	3	12	2	4	0	0	0	0	0	0	0	0	0	0	0	0	0	3	1	0	0	0	0	0	0	0	2	0	0	0	0	0	0	0	1	0	0	0	0	3	0	0	0	0	0	0	0
OTU2324	0	0	0	0	0	0	0	0	0	1	0	0	0	2	0	0	0	0	0	0	0	0	0	0	0	0	0	3	0	0	0	0	0	0	0	0	0	0	0	0	0	0	0	0	0	0	0	1	2	0	0	0	0	0	0	0	4	0	0	0	0	0	0	0	0	1	0	0	0	0	0	0	0	3	0	0	0	20	0	0	0	0	0	0	0	0	0	0	0	1	0	0	0	0	0	0	0	0	0	0	0	0
OTU2325	0	0	0	0	0	0	0	0	0	0	0	0	0	0	0	0	0	0	0	0	0	0	0	0	0	0	3	10	0	23	3	0	0	0	2	0	0	0	1	0	0	0	0	0	0	0	12	0	1	0	0	14	0	1	0	4	1	1	4	0	0	0	0	0	0	0	0	0	0	0	0	1	5	0	0	0	0	0	11	0	1	0	1	0	0	0	0	0	0	2	1	2	0	6	0	0	0	0	43	0	4	5
OTU2326	0	0	0	0	0	0	0	0	0	0	0	2	0	0	0	0	0	0	0	0	0	0	0	0	0	0	0	28	12	0	0	0	0	0	0	0	0	0	0	0	1	3	0	1	4	1	0	0	0	0	4	0	9	1	0	1	2	1	0	0	0	0	0	0	0	0	0	0	0	0	0	0	0	3	9	0	0	0	0	0	1	0	0	4	0	0	0	0	0	0	0	0	0	3	0	1	0	0	0	0	0	2
OTU2327	0	0	0	0	0	0	0	0	0	0	0	0	0	0	0	0	0	0	0	0	0	0	0	0	0	0	0	3	0	0	0	0	0	0	0	0	0	0	0	0	0	0	0	0	0	4	0	0	0	0	0	0	9	0	3	17	1	0	9	0	0	0	0	0	0	0	0	0	0	0	0	0	0	1	0	0	0	0	0	0	0	0	0	1	0	0	0	0	0	0	0	0	0	0	0	0	0	0	0	0	0	0
OTU2328	0	0	0	0	0	0	0	0	0	0	0	0	0	0	0	0	0	0	0	0	0	0	0	0	0	0	0	29	16	0	0	0	0	0	0	0	0	0	0	0	0	0	0	0	0	0	0	0	0	16	0	0	0	0	0	0	0	0	0	0	0	0	0	0	0	0	0	0	0	0	0	0	0	0	4	0	0	0	0	0	1	0	0	0	0	0	0	0	0	0	0	0	0	0	0	0	0	0	0	0	0	0
OTU2329	0	0	0	0	0	0	0	0	0	0	0	0	1	0	0	0	0	0	0	0	0	0	0	0	0	0	6	1	0	0	0	0	0	0	0	0	0	0	27	0	4	0	0	3	11	12	4	0	0	0	0	0	0	0	2	10	5	0	0	0	0	0	0	0	0	0	0	0	0	28	0	0	22	4	0	0	0	0	0	0	0	0	2	0	0	0	0	0	0	0	0	0	0	3	0	0	2	0	0	0	0	0
OTU233	0	0	0	1	0	0	1	0	1	1	64	1	25	7	0	0	0	0	0	0	0	0	0	3	0	0	0	14	10	2	0	0	0	2	1	0	3	6	6	0	2	0	0	5	1	67	18	28	3	2	0	4	37	3	3	0	39	17	4	0	0	1	0	42	6	0	2	0	1	2	1	1	4	44	0	1	2	2	1	0	18	4	19	17	1	1184	7	4	0	10	0	2	3	7	1222	46	66	0	0	36	1	0
OTU2330	0	0	0	0	0	0	0	0	0	0	0	0	0	0	0	0	0	0	0	0	0	0	0	0	0	0	0	1	0	0	0	0	0	0	0	0	0	0	0	0	1	0	0	1	0	0	1	1	1	4	0	0	1	0	0	3	1	3	0	0	0	0	0	1	1	2	0	0	0	0	0	1	0	1	1	0	0	0	3	0	1	1	0	0	0	0	0	0	0	0	1	0	0	1	0	0	0	0	0	3	1	1
OTU2331	0	0	0	0	0	0	0	0	1	1	0	0	2	2	0	0	0	0	0	0	0	0	0	0	0	0	5	13	10	15	29	0	0	0	0	0	2	1	0	0	6	0	4	0	1	0	4	9	0	0	0	0	3	0	2	0	10	0	2	0	0	0	0	0	0	0	0	0	0	4	8	0	13	6	0	5	20	0	1	0	0	0	2	0	0	0	20	0	14	0	0	0	4	0	0	1	0	0	4	0	0	0
OTU2332	0	0	0	0	0	0	0	0	0	0	0	0	0	0	0	0	0	0	0	0	0	0	0	0	0	0	0	0	0	2	0	0	0	0	0	0	0	0	0	0	0	0	0	0	0	0	0	0	0	0	0	0	0	0	0	0	0	0	0	0	0	0	0	0	0	0	0	0	0	15	0	0	0	0	0	0	0	0	0	0	0	0	18	0	0	0	0	0	0	0	0	0	0	0	0	0	0	0	0	0	0	0
OTU2333	0	0	0	0	0	0	0	0	0	0	0	0	0	0	0	0	0	0	0	0	0	0	0	0	0	0	0	0	0	0	29	0	0	0	0	0	0	0	0	0	0	0	0	0	0	0	0	0	0	0	0	0	0	1	0	0	0	0	0	0	0	0	0	0	0	0	4	0	0	0	0	1	0	0	0	0	0	0	0	0	0	0	0	0	0	0	0	0	1	0	0	0	0	4	0	0	0	0	0	0	0	0
OTU2334	0	0	0	0	0	0	0	0	0	0	0	0	0	0	0	0	0	0	0	0	0	0	0	0	0	0	0	0	0	0	0	0	0	25	0	0	0	0	0	0	0	0	0	0	0	0	0	0	0	0	0	0	0	0	0	0	0	0	0	0	0	0	0	3	0	14	0	0	0	0	0	0	0	0	0	0	0	0	0	0	0	0	0	0	0	0	0	0	0	0	0	0	0	0	0	0	0	1	0	0	0	0
OTU2335	0	0	0	0	0	0	0	0	0	0	0	0	0	0	0	0	0	0	0	0	0	0	0	0	0	0	0	0	0	0	0	0	0	0	1	0	0	30	8	0	0	0	0	0	0	0	2	0	0	5	0	0	0	0	0	0	2	0	0	0	0	0	0	1	0	0	0	0	0	0	0	0	1	0	0	0	0	0	0	1	5	0	0	3	0	0	0	12	0	0	0	0	0	0	0	0	0	0	0	0	0	0
OTU2336	0	0	0	0	0	0	0	0	0	0	0	0	0	0	0	0	0	0	0	0	0	0	0	0	0	0	0	0	0	0	0	0	0	0	0	1	0	0	0	0	0	0	0	0	0	0	0	0	0	3	0	0	0	0	4	0	0	0	0	0	0	0	0	0	21	0	0	6	0	0	0	0	0	0	0	0	0	0	0	0	0	0	0	0	0	0	0	0	0	0	0	0	0	0	0	0	0	0	0	0	0	0
OTU2337	0	0	0	0	0	0	0	0	0	0	0	0	0	0	0	0	0	0	0	0	0	0	0	0	0	0	0	0	0	0	0	0	0	0	0	3	0	0	0	0	1	0	0	0	0	0	0	0	0	0	0	0	0	0	0	0	0	0	0	0	0	0	0	16	0	15	0	0	0	0	0	0	0	0	0	0	0	0	0	0	0	0	0	0	0	10	0	0	0	0	0	0	2	0	0	0	0	3	0	0	0	0
OTU2338	0	0	0	0	0	0	0	0	0	0	0	0	0	0	0	0	0	0	0	0	0	0	0	0	0	0	0	0	0	0	0	0	0	0	0	0	12	9	0	0	0	0	0	0	0	2	1	0	0	0	0	0	0	0	0	0	1	0	0	0	0	0	0	3	0	0	0	0	0	0	0	2	0	2	0	0	0	4	0	0	0	1	0	0	0	0	0	0	0	0	0	0	0	0	0	0	0	0	0	0	0	0
OTU2339	0	0	0	0	0	0	3	0	0	0	0	0	0	0	0	0	0	0	0	0	2	0	0	0	1	0	0	0	0	0	0	0	0	0	0	0	0	0	0	0	0	0	3	0	0	0	0	0	0	0	0	0	0	0	0	0	0	0	0	1	1	0	0	0	2	0	1	0	0	0	0	0	0	0	0	0	0	0	0	1	27	0	0	0	0	0	0	0	0	0	1	0	0	0	0	0	0	0	0	0	2	0
OTU234	0	0	0	0	0	0	2	0	0	0	0	0	0	1	0	0	0	0	17	0	0	2616	0	1	0	2	0	0	0	0	0	0	208	0	0	0	24	0	0	0	0	2	0	0	0	0	0	0	0	0	0	0	0	0	0	0	0	0	0	362	0	1	0	8	4	0	1	4	0	0	0	0	0	0	0	0	0	0	0	0	0	6	0	0	0	0	0	0	0	0	0	0	0	0	0	0	0	9	0	0	1	0
OTU2340	0	0	0	0	0	0	0	0	0	0	0	0	0	0	0	0	0	0	0	0	0	0	0	0	0	0	0	0	0	0	0	0	0	0	0	0	0	0	0	0	0	0	0	0	14	0	0	0	0	0	0	0	0	0	0	1	0	0	0	0	2	0	0	0	0	0	0	0	0	0	0	0	0	0	0	0	0	0	0	0	0	0	21	0	0	0	0	0	0	0	0	0	0	0	0	0	0	1	0	0	0	0
OTU2341	0	0	0	0	0	0	0	0	0	0	10	0	0	0	0	0	0	0	0	0	0	0	0	0	0	0	0	5	0	0	0	0	0	0	0	0	16	0	0	0	0	0	0	0	0	0	0	0	0	2	0	7	1	0	0	0	1	0	0	0	0	0	0	0	0	0	0	0	0	0	0	0	2	2	0	0	38	1	0	0	0	29	0	0	0	0	0	0	0	0	0	0	0	0	0	0	0	0	0	0	0	0
OTU2342	0	0	0	0	0	0	0	0	0	0	0	1	1	1	0	0	0	0	0	0	0	0	0	0	0	0	0	0	0	0	0	1	0	0	0	0	0	0	0	0	1	0	0	46	12	7	1	0	0	0	0	0	2	0	15	27	10	2	0	0	0	0	0	0	0	0	0	0	0	0	0	0	0	1	0	0	0	0	0	0	0	0	0	0	0	0	0	0	0	0	0	0	2	0	0	0	1	0	0	0	0	0
OTU2343	0	0	0	0	0	0	0	4	0	0	0	0	3	5	0	0	0	0	1	0	0	0	0	0	0	0	0	3	0	0	0	0	4	3	0	0	0	0	0	0	0	0	0	1	10	7	0	0	0	0	3	6	57	0	3	0	13	1	3	0	0	0	0	0	16	1	112	79	15	0	2	0	2	13	0	151	0	0	0	0	2	0	1	0	0	1	0	0	0	4	6	0	0	9	144	1	0	2	14	74	24	6
OTU2344	0	0	0	0	0	0	0	0	0	0	0	0	0	0	0	0	0	0	0	0	0	0	0	0	0	0	0	0	0	0	0	0	0	0	0	0	0	0	0	0	0	0	0	0	0	0	0	0	0	0	0	0	0	0	0	1	0	0	0	0	0	0	0	21	0	5	0	0	0	0	0	0	0	0	0	0	0	0	0	0	0	0	0	0	0	5	0	0	0	0	0	0	0	0	0	0	0	6	0	0	0	0
OTU2345	0	0	0	0	0	0	0	0	0	0	3	0	0	2	0	0	0	0	0	0	0	0	0	7	0	0	0	2	0	11	0	0	0	5	0	0	0	0	172	0	0	0	0	0	0	0	0	0	7	4	23	0	2	24	0	0	11	3	0	0	0	0	0	0	0	0	0	1	4	4	0	0	16	66	0	0	0	0	0	0	0	0	1	0	0	3	0	0	0	6	5	0	0	1	2	3	1	0	45	82	20	16
OTU2346	0	0	0	0	0	0	0	0	0	0	0	0	0	0	0	0	0	0	0	0	0	2	0	0	0	0	0	0	0	0	0	0	0	0	0	0	0	0	0	0	0	0	0	0	0	0	0	0	0	0	0	0	0	0	0	0	0	1	0	0	0	0	0	6	0	5	2	0	0	1	0	0	0	0	0	0	0	0	0	0	0	0	0	0	0	17	0	0	0	1	0	0	1	0	0	0	0	10	0	0	0	0
OTU2347	0	0	0	0	0	0	0	0	0	0	0	0	0	0	0	0	0	0	0	0	0	0	0	0	0	0	0	0	0	0	0	0	0	0	0	0	0	0	0	0	0	0	0	0	0	0	0	0	0	0	0	0	0	0	0	0	0	0	2	0	1	0	0	0	0	0	2	0	57	0	0	0	0	0	0	0	0	0	0	0	0	0	0	0	0	0	0	0	0	0	0	0	0	0	0	0	0	0	0	0	0	0
OTU2348	0	0	0	0	0	0	0	0	0	0	0	0	0	0	0	0	0	0	0	0	0	1	0	1	0	0	0	0	0	0	0	0	0	0	0	0	0	0	0	0	0	0	0	0	0	0	0	0	0	0	0	0	0	0	0	1	0	0	0	0	0	0	0	25	0	13	1	1	0	0	0	0	0	0	0	0	0	0	0	0	0	0	0	0	0	0	0	0	0	1	0	0	1	0	0	0	0	3	0	0	0	0
OTU2349	0	0	0	0	0	0	0	0	0	0	0	0	0	0	0	0	0	0	0	0	0	0	0	0	0	0	0	0	0	0	0	0	0	0	0	0	0	0	0	0	0	0	0	0	0	0	0	0	0	0	0	0	0	0	0	0	0	0	0	0	0	0	0	0	12	0	0	0	3	0	0	0	0	0	0	0	0	0	0	0	0	0	0	0	0	0	0	0	0	0	0	0	0	0	0	0	0	0	4	0	9	0
OTU235	0	0	0	0	0	0	3	1	0	0	17	5	2	5	0	0	0	0	0	0	1472	2	0	5	3	4	0	1	0	0	1	0	1	651	5	0	2	0	1	0	0	0	29	0	0	6	0	0	0	0	0	2	4	0	0	4	14	2	3	0	544	1	0	680	1	233	8	6	5	0	0	0	2	13	0	3	0	0	0	0	0	0	5	0	0	360	0	0	0	10	0	0	93	0	0	2	0	339	1	0	5	1
OTU2350	0	0	0	0	0	0	0	0	0	0	5	2	0	0	0	0	0	0	0	0	0	30	0	0	0	0	0	0	0	0	0	0	2	0	0	0	44	0	0	0	0	2	0	0	0	0	0	0	0	1	0	15	2	0	0	0	0	0	0	7	0	0	0	0	0	0	0	0	0	0	0	2	4	6	0	0	78	1	0	0	3	7	0	0	0	0	0	2	0	2	0	1	0	0	0	0	0	0	0	0	3	0
OTU2351	0	0	0	0	0	0	0	0	0	0	2	0	0	1	0	0	1	0	0	0	0	1	0	0	1	0	0	0	0	0	0	0	0	0	0	0	53	0	0	0	0	0	0	0	0	1	0	0	0	4	0	5	0	0	0	0	0	0	0	2	0	0	0	0	0	0	0	0	0	0	0	0	4	0	0	0	48	0	1	0	0	43	0	0	0	0	0	0	3	0	0	2	0	0	0	0	0	0	0	0	0	0
OTU2352	0	1	0	0	0	0	0	0	0	0	5	1	0	0	0	0	1	0	0	0	0	5	0	0	0	0	0	0	0	0	0	0	0	0	0	0	31	0	0	0	0	0	0	0	0	3	0	0	0	1	0	5	0	0	0	0	0	0	0	1	0	0	0	0	0	0	0	0	0	0	0	0	0	2	0	0	42	0	0	0	1	5	0	0	0	0	0	1	0	0	0	5	0	0	0	0	0	0	0	0	0	0
OTU2353	0	0	0	0	0	0	0	1	0	0	0	0	0	0	0	0	0	0	0	0	0	0	0	0	0	0	0	0	0	0	0	0	0	3	0	0	0	0	0	0	0	0	0	0	0	0	0	0	0	0	0	0	0	0	1	0	0	0	5	0	0	0	0	2	42	0	6	0	55	0	0	0	0	0	0	0	0	0	0	0	0	0	0	0	0	0	0	0	0	0	0	0	0	0	0	0	0	0	40	139	3	0
OTU2354	0	0	0	0	0	0	0	0	0	0	0	0	0	0	0	0	0	0	0	0	0	0	0	0	0	0	0	0	0	0	0	0	0	0	0	0	0	0	0	0	0	0	0	0	0	0	0	0	0	0	0	0	0	0	0	14	1	0	0	0	0	0	0	1	0	0	0	0	0	0	0	0	1	3	1	0	0	0	0	0	0	9	0	0	0	0	0	0	0	2	0	0	0	0	0	1	0	0	8	0	67	0
OTU2355	0	0	0	0	0	0	0	0	0	0	0	0	0	0	0	0	0	0	0	0	0	0	0	0	0	0	0	0	0	0	0	0	0	0	0	0	0	0	0	0	0	0	0	0	0	0	0	0	0	0	0	0	0	0	0	0	0	0	0	0	0	0	0	4	0	0	0	0	0	0	0	0	0	0	0	0	0	0	0	0	0	0	0	0	0	2	0	0	0	0	0	0	0	0	0	0	0	0	0	0	49	0
OTU2356	0	0	59	0	0	0	0	0	0	0	0	0	0	0	0	0	0	0	0	0	0	1	0	0	0	0	0	0	0	0	0	0	0	0	0	0	0	0	0	0	0	0	0	0	0	0	0	0	0	0	0	0	0	0	0	0	0	0	0	0	0	0	0	0	0	0	0	0	0	0	0	0	0	0	0	0	0	0	0	0	0	0	0	0	0	0	0	0	0	0	0	0	0	0	0	0	0	0	0	0	0	0
OTU2357	0	0	0	1	0	0	0	0	0	0	0	0	1	1	0	0	0	0	0	0	0	0	0	0	0	0	0	0	7	0	0	0	0	0	0	0	9	0	0	0	2	0	0	0	0	0	0	0	0	1	0	0	7	1	0	0	5	0	1	0	0	0	0	0	0	0	0	0	0	57	3	0	0	0	0	0	0	7	0	0	0	0	0	0	0	0	13	0	7	0	0	0	0	0	0	0	0	0	0	0	0	0
OTU2358	0	0	0	0	0	0	0	0	2	0	0	0	0	0	0	0	0	0	0	0	0	0	0	0	0	0	0	0	0	0	0	0	0	0	0	0	7	0	3	0	2	0	1	3	0	0	0	0	0	0	0	0	0	0	0	0	0	0	0	0	0	0	0	0	0	0	0	0	0	4	0	0	0	0	0	5	0	0	0	3	2	0	0	0	0	0	0	0	7	0	0	0	0	0	0	0	0	0	0	0	0	0
OTU2359	0	0	0	0	0	0	0	0	2	0	0	0	0	0	0	0	0	0	0	0	0	0	0	0	0	0	0	0	0	0	0	0	0	0	0	0	0	0	0	0	26	0	0	0	0	0	1	0	0	0	0	0	0	0	0	0	0	0	0	0	0	0	0	0	0	0	0	0	0	9	0	0	0	4	0	0	0	0	0	0	0	0	2	0	0	0	0	1	0	1	1	0	0	0	0	0	0	0	0	0	0	0
OTU236	3	10	0	3	0	0	5	6	3	0	18	0	143	91	1	2	0	0	9	0	1	4	0	0	0	1	6	42	4	278	4	4	14	1	3	4	5	3	15	0	21	25	13	96	355	50	3	308	1968	69	16	280	625	32	196	437	288	241	677	4	3	5	2	5	51	11	12	32	337	9	3	231	514	305	1	3	5	7	168	15	209	119	128	156	35	120	3	4	38	132	359	15	73	730	199	449	707	5	20	3	59	14
OTU2360	0	0	0	0	0	0	0	0	0	0	2	0	0	0	0	0	0	0	0	0	0	0	3	0	0	0	0	0	0	0	0	0	0	0	0	3	0	0	0	0	0	0	0	0	0	0	0	0	0	0	0	0	0	0	0	0	1	2	0	0	0	0	0	9	0	4	0	0	0	0	0	0	0	0	0	0	1	0	0	0	0	0	0	0	0	12	0	0	0	0	0	0	6	0	0	0	0	9	0	0	0	0
OTU2361	0	0	0	1	0	0	0	0	0	0	2	0	5	2	0	0	0	0	0	0	0	0	0	0	0	0	0	14	0	43	0	0	0	0	1	0	0	0	59	0	0	0	0	0	0	0	6	7	0	1	0	10	5	0	7	3	9	0	1	0	0	0	0	0	0	0	1	0	0	0	0	0	6	9	0	0	0	0	0	0	1	2	0	0	1	2	1	0	0	4	23	8	3	19	0	9	66	0	0	0	1	0
OTU2362	0	0	0	0	0	0	0	0	0	0	0	2	0	0	0	0	0	0	0	0	0	0	0	0	0	0	0	0	0	0	0	0	0	0	0	0	0	0	0	0	0	0	0	0	0	0	0	16	0	0	0	0	0	0	0	0	2	0	0	0	0	0	0	0	0	0	0	0	0	0	0	0	0	0	0	0	0	0	0	0	0	0	0	0	0	0	0	0	0	0	0	0	0	0	3	0	0	0	0	0	0	0
OTU2363	0	0	0	0	0	0	0	0	0	0	0	0	0	1	0	0	0	0	0	0	0	0	0	0	0	0	0	0	0	0	0	0	0	0	0	0	0	0	0	0	0	0	0	0	0	0	0	0	0	0	0	0	0	0	0	0	0	2	0	0	0	0	0	0	0	0	0	0	0	0	0	0	0	2	43	0	0	0	0	0	2	0	0	0	0	0	0	0	0	1	0	0	3	0	0	1	0	0	0	0	0	0
OTU2364	0	0	0	0	0	0	0	0	0	0	0	0	0	0	0	0	0	0	0	0	0	0	0	1	0	0	0	0	0	0	0	0	0	0	2	0	0	0	5	0	0	6	0	0	3	0	0	0	0	0	0	0	0	0	0	0	1	0	0	0	0	0	0	0	0	0	4	0	0	0	0	0	0	0	0	0	0	0	0	0	0	0	0	0	0	0	0	13	0	0	0	0	0	0	0	0	0	0	0	0	0	0
OTU2365	0	0	0	0	0	0	0	0	0	0	0	0	0	0	0	0	0	0	0	0	0	0	0	0	0	0	5	32	1	0	0	0	0	0	0	0	0	0	0	0	0	0	0	0	0	1	0	0	0	0	0	0	0	0	0	0	0	0	0	0	0	0	0	0	0	0	0	0	0	0	0	0	0	0	0	0	0	0	0	0	0	12	0	0	0	0	0	0	0	0	0	0	0	0	0	0	0	0	0	0	0	0
OTU2366	0	0	0	0	0	0	0	0	0	0	0	0	0	0	0	0	0	0	0	0	0	0	0	0	0	0	0	1	0	0	0	0	0	0	0	0	0	0	0	0	0	0	3	0	0	0	0	0	0	0	0	0	0	0	0	4	0	0	0	0	0	0	0	7	0	9	0	0	0	0	0	0	0	0	0	0	0	0	0	0	0	0	0	0	0	6	0	0	0	0	0	0	5	0	0	0	0	9	0	1	0	0
OTU2367	0	0	0	0	0	0	0	0	0	0	0	0	0	0	0	0	0	0	0	0	0	0	0	0	0	0	0	0	0	30	0	0	0	0	0	0	0	0	0	0	0	0	0	7	0	0	0	0	0	0	0	0	0	0	0	0	0	0	0	0	0	0	0	0	0	0	0	0	0	0	0	0	0	1	0	0	0	0	0	0	0	0	0	0	0	0	0	0	0	0	0	0	0	0	0	0	0	0	0	0	0	0
OTU2368	0	0	0	0	0	0	0	0	0	0	0	0	0	0	0	0	0	0	0	0	0	0	0	0	0	0	0	0	0	45	6	0	0	0	0	0	0	0	0	0	0	0	0	0	0	0	0	0	0	0	0	1	0	6	0	0	2	0	0	0	0	0	0	0	0	0	0	0	0	0	0	0	0	3	0	0	0	5	0	0	0	0	0	0	0	0	0	0	0	12	0	0	0	0	0	0	0	0	0	0	0	0
OTU2369	0	0	0	0	0	0	0	0	0	0	0	0	0	0	0	0	0	0	0	0	0	1	0	0	0	0	0	0	0	7	0	0	2	0	0	0	0	0	0	0	0	0	0	0	0	0	0	4	0	0	0	0	0	1	0	0	0	0	0	0	0	0	0	0	0	0	0	0	0	0	0	0	0	0	0	0	0	0	4	0	1	0	1	1	0	0	0	0	0	1	0	0	0	2	0	0	3	0	14	0	0	0
OTU237	0	9	0	4	0	0	0	0	2	0	1	2	9	6	0	0	0	0	0	0	0	30	0	1	2	0	3	112	69	37	2	0	0	0	10	0	672	2	35	0	52	49	7	44	14	8	2	14	183	22	0	231	169	30	17	55	45	13	6	0	0	0	0	0	0	0	0	0	0	195	165	586	60	52	55	4	101	9	79	26	26	2	4	0	0	1	19	4	14	32	46	22	7	6	14	5	3	0	0	0	0	0
OTU2370	0	0	0	0	0	0	0	0	0	0	0	0	0	2	0	0	0	0	0	0	0	0	0	0	0	0	0	0	0	0	6	0	0	0	0	0	0	0	0	0	5	0	13	0	0	0	4	0	0	0	0	0	0	0	0	0	6	1	0	0	0	0	0	0	0	0	0	0	0	2	0	0	0	2	0	0	0	6	0	4	5	0	3	0	0	0	3	26	0	0	0	0	0	9	0	5	6	0	0	0	0	0
OTU2371	0	0	0	0	0	0	0	0	0	0	0	0	0	0	0	0	0	0	0	0	0	0	0	0	0	0	0	0	0	0	0	0	0	3	0	0	0	0	0	0	0	0	0	0	0	0	0	0	0	0	0	0	0	0	0	0	0	0	0	0	0	0	0	0	0	0	0	0	0	0	0	0	0	0	0	0	0	0	0	0	0	0	0	0	0	0	0	0	0	0	0	0	0	0	0	0	0	0	9	27	0	0
OTU2372	0	0	0	0	0	0	0	0	0	0	0	0	0	0	0	0	0	0	0	0	0	0	0	0	0	0	0	0	0	0	0	0	0	27	0	0	0	0	0	0	0	0	0	0	0	0	0	0	0	0	0	0	0	0	0	0	0	0	0	0	0	0	0	2	0	0	0	0	0	0	0	0	0	0	0	0	0	0	0	0	0	0	0	0	0	0	0	0	0	0	0	0	1	0	0	0	0	1	0	0	2	0
OTU2373	0	0	0	0	0	0	0	0	0	0	0	0	0	0	0	0	0	0	0	0	0	0	0	0	0	0	0	0	0	0	0	0	0	0	0	0	45	0	0	0	0	0	0	0	0	0	0	0	0	0	0	0	0	0	0	3	0	0	0	0	0	0	0	0	0	2	0	0	0	0	0	0	0	0	0	0	0	0	0	0	0	0	0	0	0	0	0	0	0	0	0	0	0	0	0	0	0	0	0	0	0	0
OTU2374	0	0	0	0	0	0	0	0	1	0	0	0	0	0	0	0	0	0	0	0	0	0	0	0	0	0	0	0	0	0	0	0	0	0	0	0	0	0	0	0	0	23	0	0	0	0	0	0	0	0	0	0	0	0	0	0	0	0	0	0	0	0	0	0	0	0	0	0	0	0	0	0	0	0	0	0	0	0	0	0	0	0	0	0	0	0	0	0	0	0	0	0	0	0	0	0	0	0	0	0	0	0
OTU2375	0	0	0	0	0	0	0	0	0	0	0	0	0	0	0	0	0	0	0	0	0	0	0	0	0	0	0	0	0	0	1	0	0	0	0	0	0	0	0	0	0	6	0	0	2	1	12	0	0	0	0	0	0	0	0	0	3	0	5	0	0	0	0	0	0	0	0	0	0	0	0	0	2	1	0	0	0	0	0	0	0	0	0	0	0	0	0	0	0	0	0	0	0	0	0	0	0	0	0	0	0	0
OTU2376	0	0	0	0	0	0	0	0	0	0	0	0	0	0	0	0	0	0	0	0	0	0	0	0	0	0	0	0	0	0	0	0	6	0	0	0	0	0	0	0	0	0	0	0	27	0	0	0	0	0	0	0	0	0	0	0	0	0	0	0	0	0	0	0	0	0	0	0	0	0	0	0	0	0	0	0	0	0	0	0	0	0	0	6	0	0	0	0	0	0	0	0	0	0	0	0	0	0	0	0	0	0
OTU2377	0	0	0	0	0	0	0	0	0	0	0	0	0	0	0	0	0	0	0	0	0	0	0	0	0	0	0	0	0	0	0	0	0	0	0	0	0	0	0	0	0	0	0	0	0	5	0	5	0	1	0	0	0	0	0	5	19	0	0	0	0	0	0	0	0	0	0	0	0	0	0	0	0	2	0	0	0	0	0	0	0	2	0	0	1	0	0	0	0	0	0	0	0	0	0	0	0	0	0	0	0	0
OTU2378	0	0	0	0	0	0	0	0	0	0	0	0	0	0	0	0	0	0	0	0	0	0	0	0	0	0	0	0	0	0	0	0	0	0	0	0	0	0	0	0	0	0	0	0	0	1	0	0	0	0	0	0	0	0	0	0	0	3	0	0	0	0	0	0	0	0	5	0	0	0	0	0	0	0	0	0	0	0	0	0	0	0	0	0	0	0	0	0	0	0	0	0	0	0	0	0	0	1	0	15	0	6
OTU2379	0	0	0	0	0	0	0	0	0	0	0	0	0	0	0	0	0	0	0	0	0	0	0	0	0	0	0	0	0	0	0	0	0	0	0	0	0	0	0	0	0	0	0	1	0	0	0	0	3	0	0	0	0	0	0	0	0	1	3	0	0	0	0	0	0	0	0	0	3	10	0	4	0	0	0	0	0	0	0	0	0	0	0	0	0	0	0	0	0	0	0	0	0	0	0	0	3	0	0	0	0	0
OTU238	2	7	0	0	0	0	4	4	0	0	1	2	38	24	3	0	0	0	0	0	0	1	0	0	0	0	2	18	2	1	0	5	10	2	5	9	3	5	0	1	3	2	0	150	300	72	3	287	8	80	22	63	40	5	74	589	132	104	59	5	1	2	0	1	12	13	9	24	9	11	0	194	165	100	15	2	2	2	34	0	9	63	144	130	165	6	3	0	5	96	5	26	24	116	71	174	197	0	14	1	59	1
OTU2380	0	0	0	0	0	0	0	0	0	0	0	0	0	0	0	0	0	0	0	0	0	0	0	0	0	0	0	0	0	0	0	0	0	0	0	0	0	0	0	0	0	0	0	0	0	0	0	0	0	1	0	0	1	0	0	0	0	0	0	0	0	0	0	0	0	0	0	0	0	0	0	0	0	0	0	0	0	2	0	0	0	0	0	0	17	0	0	0	0	0	0	0	0	0	0	0	0	0	0	0	0	0
OTU2381	0	0	0	0	0	0	0	0	0	0	0	0	0	0	0	0	0	0	0	0	0	0	0	0	0	0	0	0	0	0	0	0	0	0	0	0	0	0	0	0	0	0	0	0	0	0	0	0	0	4	7	0	0	0	2	0	12	0	0	0	0	0	0	0	0	0	0	0	0	0	0	15	4	0	0	0	0	0	0	0	0	0	0	0	0	0	0	0	0	1	0	3	0	0	0	0	1	0	0	0	5	2
OTU2382	0	0	0	0	0	0	0	0	0	0	0	0	0	0	0	0	0	0	0	0	0	0	0	0	0	0	0	17	0	0	0	0	0	0	0	0	5	0	0	0	1	2	0	0	0	0	0	2	0	3	0	1	2	1	0	0	0	0	1	0	0	0	0	0	0	0	0	0	0	3	3	6	2	1	4	3	0	0	0	0	0	0	0	0	0	0	3	0	0	2	1	0	0	0	0	2	0	0	0	0	0	0
OTU2383	0	0	0	0	0	0	0	0	0	0	0	0	0	0	0	0	0	0	0	0	0	0	0	0	0	0	0	0	0	1	0	0	0	0	0	0	0	0	0	0	0	0	0	0	0	0	0	0	0	0	0	0	0	0	0	0	2	1	0	0	0	0	0	0	0	0	0	0	0	0	0	0	0	8	0	0	0	0	0	0	4	0	0	0	0	0	0	0	0	0	0	0	2	0	0	0	5	0	0	0	0	0
OTU2384	0	0	0	0	0	0	0	0	0	0	0	0	0	0	0	0	0	0	0	0	0	0	0	0	0	0	0	0	0	0	0	0	0	0	0	0	0	0	0	0	0	0	0	0	0	0	0	0	0	0	0	0	0	0	0	0	2	0	0	0	0	0	0	0	0	0	0	0	0	0	0	0	0	0	0	30	0	0	0	0	0	0	0	0	0	0	0	0	0	0	0	0	0	0	0	0	0	0	0	0	0	0
OTU2385	0	0	0	0	0	0	0	0	0	0	0	0	0	0	0	0	0	0	0	0	0	0	0	0	0	0	0	0	0	0	0	0	0	0	0	0	0	0	0	0	0	0	0	0	0	0	0	0	0	0	0	0	0	0	0	0	0	0	5	0	0	0	0	0	23	0	9	0	54	0	0	0	0	0	0	0	0	0	0	0	0	0	0	0	0	0	0	0	0	0	0	0	0	0	0	0	0	1	0	0	4	10
OTU2386	0	0	0	0	0	0	0	0	0	0	1	0	0	0	0	0	0	0	0	0	0	0	0	0	0	0	0	0	0	0	0	0	0	0	0	0	0	0	0	0	0	0	0	0	0	0	0	0	0	0	0	0	0	0	0	0	0	0	1	0	0	0	0	0	0	0	0	0	0	0	0	0	0	0	0	0	37	0	0	0	4	0	0	0	0	0	0	0	0	0	0	0	0	0	0	2	0	0	0	0	0	0
OTU2387	0	0	0	0	0	0	0	0	0	0	0	0	0	0	0	0	0	0	0	0	0	0	0	0	0	0	0	0	0	0	0	0	0	0	0	0	0	0	0	0	0	0	0	0	0	0	0	0	0	0	0	0	0	0	0	0	0	0	0	0	2	0	0	0	0	0	0	0	0	0	0	0	0	0	0	0	0	0	0	0	0	0	0	0	0	0	0	0	0	0	0	0	0	0	0	2	0	0	7	2	36	0
OTU2388	0	0	0	0	0	0	0	0	0	0	0	0	0	0	0	0	0	0	0	0	0	0	0	0	0	0	0	0	0	0	0	0	0	0	0	0	0	0	0	0	0	0	0	0	0	0	0	0	0	0	0	0	0	0	0	0	0	0	0	0	0	0	2	14	0	2	0	0	0	0	0	0	0	0	0	0	0	0	0	0	0	0	0	0	0	5	0	0	0	0	0	0	8	0	0	0	0	2	0	0	0	0
OTU2389	0	0	0	0	0	0	0	0	0	0	0	0	0	0	0	0	0	0	0	0	0	0	0	0	0	0	0	0	0	0	0	0	0	0	2	0	0	0	0	0	0	0	0	0	0	0	0	0	0	0	0	0	0	0	1	0	0	1	0	0	0	0	0	50	0	19	0	0	0	0	0	0	0	0	0	0	0	0	0	0	0	0	0	0	0	9	0	0	0	0	0	0	6	0	0	0	0	18	0	0	1	0
OTU239	0	0	0	1	0	0	0	0	1	0	3	0	15	7	0	0	0	0	0	0	0	1	1	0	0	0	98	14	2	83	5	0	2	2	0	14	5	0	0	0	2	9	0	17	30	21	12	476	73	573	0	6	4	0	8	13	114	44	28	0	1	0	1	1	186	0	241	77	150	3	2	8	1	32	0	4	1	1	0	0	4	3	13	0	27	2	0	2	6	11	1	3	0	154	239	619	0	3	121	18	43	6
OTU2390	0	0	0	0	0	0	0	0	0	0	1	0	0	0	0	0	0	0	0	0	0	0	0	0	0	0	0	0	0	2	0	0	0	0	0	0	0	0	0	0	0	0	0	0	0	0	0	0	0	0	0	0	0	0	0	2	0	0	0	0	0	0	0	5	0	4	0	0	0	0	0	0	0	0	0	0	0	0	0	0	0	0	0	0	0	10	0	0	0	0	0	0	0	0	0	0	0	5	0	0	0	0
OTU2391	0	0	0	0	0	0	0	0	0	0	0	0	0	0	0	0	0	0	0	0	0	0	0	0	0	0	0	0	0	0	0	0	0	0	0	0	0	0	0	0	0	0	0	0	0	0	0	0	0	0	0	0	0	0	0	0	3	0	0	0	0	0	0	10	0	10	0	0	0	0	0	0	0	0	0	0	0	0	0	0	0	0	0	0	0	2	0	0	0	0	0	0	3	0	0	0	0	5	0	0	0	0
OTU2392	1	0	0	0	0	0	0	0	0	0	1	0	0	0	0	0	0	0	0	0	0	0	0	0	0	0	0	0	0	0	0	0	2	0	0	0	0	0	0	0	0	0	0	0	0	0	0	1	0	0	0	0	0	0	0	2	0	0	0	0	0	0	0	37	0	26	0	1	0	0	0	0	0	0	0	0	0	0	0	0	0	0	0	0	0	24	0	0	0	1	0	0	3	0	0	0	0	31	0	0	0	1
OTU2393	0	0	0	0	0	0	0	0	0	0	0	0	0	0	0	0	0	0	0	0	0	0	0	0	0	0	0	0	0	0	0	0	0	0	0	0	0	0	0	0	0	0	0	0	0	0	0	0	0	0	0	0	0	0	0	0	0	0	0	0	0	0	0	0	7	0	0	0	15	0	0	0	0	0	0	0	0	0	0	0	0	0	0	0	0	0	0	0	0	0	0	0	0	0	0	0	0	0	0	0	0	0
OTU2394	0	0	0	0	0	0	0	0	0	0	0	0	0	0	0	0	0	0	0	0	0	0	0	0	0	0	0	0	0	0	0	0	0	0	0	0	0	0	0	0	0	0	0	0	0	0	0	0	0	0	0	0	0	0	0	0	0	0	0	2	0	0	0	0	6	0	1	0	20	0	0	0	0	0	0	0	0	0	0	0	0	0	0	0	0	0	0	0	0	0	0	0	0	0	0	0	0	0	0	0	0	0
OTU2395	0	0	0	0	0	0	0	0	0	0	0	0	0	0	0	0	0	0	0	0	0	0	0	0	0	0	0	0	0	0	0	0	0	0	0	0	0	0	0	0	0	0	0	0	0	0	0	0	0	0	0	0	0	0	0	0	0	0	0	0	0	0	0	0	0	0	5	0	29	0	0	0	0	0	0	0	0	0	0	0	0	0	0	0	0	0	0	0	0	0	0	0	0	0	0	0	0	0	0	0	0	0
OTU2396	0	0	0	0	0	0	0	0	0	0	0	0	0	0	0	0	0	0	0	0	0	0	0	0	0	0	0	0	0	0	0	0	0	0	0	0	0	0	0	0	0	0	0	0	0	0	0	0	0	0	0	0	0	0	0	1	0	0	0	0	0	0	0	0	0	0	1	1	0	0	0	0	0	0	0	0	0	0	0	0	0	0	0	0	0	0	0	0	0	0	0	0	0	0	0	0	0	0	11	0	11	25
OTU2397	0	0	0	0	0	0	0	0	0	0	0	0	0	0	0	0	0	0	0	0	0	0	0	0	0	0	0	0	0	0	0	0	0	0	0	0	0	0	0	0	0	0	0	0	0	0	0	0	0	0	0	0	0	0	0	0	0	0	0	0	0	0	0	0	0	0	20	0	21	0	0	0	0	0	0	0	0	0	0	0	0	1	0	0	0	0	0	0	0	0	0	0	0	0	0	0	0	0	0	0	0	0
OTU2398	0	0	0	0	0	0	0	0	0	0	0	0	0	0	0	0	0	0	0	0	0	0	0	0	0	0	0	0	0	0	0	0	0	0	0	0	0	0	0	0	0	0	0	0	0	0	0	0	0	0	0	0	0	0	0	0	0	0	0	0	0	0	0	0	2	0	0	0	32	0	0	0	0	0	0	0	0	0	0	0	0	0	0	0	0	0	0	0	0	0	0	0	0	0	0	0	0	0	3	0	0	0
OTU2399	0	0	0	0	0	0	0	0	0	0	0	0	0	0	0	0	0	0	0	0	0	0	0	0	0	0	0	0	0	0	0	0	0	0	0	0	0	0	0	0	0	0	0	0	0	0	0	0	0	0	0	0	0	0	0	0	0	0	0	0	0	0	0	0	0	0	0	0	17	0	0	0	0	0	0	0	0	0	0	0	0	0	0	0	0	0	0	0	0	0	0	0	0	0	0	0	0	1	0	0	13	0
OTU24	18	71	1	27	2	0	100	95	276	5	84	110	457	572	5	0	2	2	159	0	25	75	50	103	58	7	635	964	1276	1095	860	58	65	119	406	61	1349	438	1758	2	3125	4236	150	776	1452	629	3560	1007	185	1034	377	2911	1416	300	750	856	2689	774	1926	67	47	5	8	91	3446	65	7603	2688	3115	1158	796	499	1596	1387	522	1057	108	403	1617	72	584	658	1163	616	566	299	516	606	16242	1030	624	260	215	2032	311	846	568	53	8987	1695	2074	1190
OTU240	0	0	0	0	0	0	5	3	0	0	0	0	0	0	0	0	0	0	3	0	3	2	0	2	1	0	0	0	0	0	0	0	0	44	4	1	0	0	0	0	0	0	0	0	0	0	0	0	0	0	0	2	0	0	8	0	3	2	3	6	3	0	0	1	289	0	28	96	276	0	0	0	1	0	0	0	0	0	0	0	0	0	0	0	0	0	0	1	0	0	0	0	0	18	24	17	3	3	410	1069	304	83
OTU2400	0	6	1	1	0	0	0	0	0	0	30	0	0	0	0	0	0	0	0	0	0	0	0	0	0	0	0	0	0	0	0	0	0	0	0	0	0	1	0	1	0	0	0	0	1	0	0	1	0	0	0	4	0	0	2	0	1	1	0	0	1	0	0	0	0	0	0	0	0	0	0	80	0	2	0	0	0	0	0	0	0	0	1	0	0	0	0	1	0	1	0	0	3	0	1	0	0	0	0	0	0	0
OTU2401	0	0	0	0	0	0	0	0	0	0	5	0	0	0	0	0	0	0	0	0	0	1	0	0	0	0	0	0	0	0	0	0	0	0	0	0	20	0	0	0	0	0	0	0	0	0	0	0	0	0	0	6	0	0	0	0	0	0	0	0	0	0	0	0	0	0	0	0	0	0	0	0	1	1	0	0	62	0	0	0	0	4	0	0	0	0	0	0	0	0	0	0	0	0	0	0	0	0	0	0	0	0
OTU2402	0	0	0	0	0	0	0	0	0	0	18	0	0	0	0	0	6	0	0	0	0	0	0	0	0	0	0	0	0	1	0	0	0	0	0	0	66	0	0	0	0	1	0	0	0	0	0	0	0	20	0	54	0	0	0	0	0	0	0	0	0	0	0	0	0	0	0	0	0	0	0	5	19	14	0	0	80	4	2	0	0	29	1	0	0	0	3	2	0	0	0	1	0	1	0	2	0	0	0	0	0	0
OTU2403	0	0	1	0	0	0	0	0	0	0	9	0	0	0	0	0	0	0	0	0	0	2	0	0	0	0	0	0	0	0	0	0	1	0	0	0	79	0	0	0	0	2	0	0	0	0	0	0	0	10	0	1	0	0	0	0	0	0	1	5	0	0	0	0	0	0	0	0	0	1	0	0	3	2	0	0	118	0	0	1	0	88	1	0	0	0	0	0	0	0	0	1	0	0	0	0	0	0	0	0	0	0
OTU2404	0	0	0	0	1	0	0	0	0	0	9	0	0	0	0	0	2	0	0	0	0	5	0	0	0	0	0	0	0	0	0	0	1	0	0	0	70	2	0	0	0	0	0	0	0	2	0	0	0	1	0	10	0	0	0	0	0	0	0	21	0	0	0	0	0	0	0	0	0	1	0	0	1	6	0	0	123	1	0	0	0	67	1	0	0	0	0	8	0	0	0	3	0	0	1	0	0	0	0	0	0	0
OTU2405	0	0	0	0	0	0	0	0	0	0	0	0	0	0	0	0	0	0	0	0	0	0	0	0	1	0	0	0	0	0	0	0	0	0	0	0	0	0	0	0	0	0	0	0	0	0	0	0	0	0	0	0	0	0	0	0	0	0	0	0	0	0	0	0	0	0	0	0	0	0	0	0	0	0	0	0	0	0	42	0	0	0	0	0	0	0	0	0	0	0	0	0	0	0	0	2	1	0	0	0	0	0
OTU2406	0	0	0	0	0	0	0	0	0	0	0	0	0	0	0	0	0	0	0	0	0	0	0	0	0	0	0	0	0	0	0	0	0	0	0	0	0	0	0	0	0	0	0	0	0	0	0	0	0	0	0	1	1	0	0	0	0	0	0	0	0	0	0	0	0	0	0	0	0	0	0	0	0	15	0	0	0	0	22	0	1	6	0	0	0	0	0	0	0	0	0	0	0	0	0	0	0	0	0	0	0	0
OTU2407	0	0	0	0	0	0	0	0	0	0	0	0	0	0	0	0	0	0	0	0	0	0	0	0	0	0	0	0	0	0	0	0	0	0	0	0	0	0	0	0	0	0	0	0	0	0	0	0	0	0	0	0	0	0	0	0	0	0	0	0	0	0	0	0	0	0	0	0	0	0	0	0	0	0	0	0	0	0	0	0	0	0	0	0	0	0	0	0	0	0	0	0	0	2	0	0	0	0	25	0	0	0
OTU2408	0	0	0	0	0	0	2	0	0	0	0	0	0	0	0	0	0	0	0	0	0	0	0	0	0	0	0	0	0	0	0	0	0	3	0	0	0	0	0	0	0	0	0	0	0	0	0	0	0	0	0	0	0	0	0	0	0	0	0	0	0	0	0	0	0	0	0	0	0	0	0	0	0	0	0	0	0	0	0	0	0	0	0	0	0	0	0	0	0	0	0	0	0	0	0	0	0	0	0	0	0	20
OTU2409	0	0	0	0	0	0	0	0	0	0	5	0	0	3	0	0	0	0	0	0	0	0	0	0	0	0	0	0	0	0	0	0	0	0	0	0	0	0	0	0	0	0	0	0	0	0	0	0	0	0	0	0	1	0	0	0	1	0	0	0	0	0	0	1	0	0	0	0	0	0	0	0	0	0	0	0	0	0	0	0	6	0	0	0	0	8	0	0	0	3	0	0	0	0	0	0	0	0	0	0	0	0
OTU241	0	0	0	0	0	0	4	2	0	0	6	1	7	10	0	0	0	0	4	0	950	6	0	0	1	0	0	1	0	0	0	0	6	582	1	4	0	0	0	0	0	0	18	0	0	21	0	1	0	0	0	0	4	0	0	44	5	6	3	3	358	0	0	576	6	517	22	10	0	0	0	2	0	5	0	0	0	0	0	2	2	2	3	0	0	91	0	0	1	3	0	0	115	5	0	24	0	404	93	1	944	11
OTU2410	0	0	0	0	0	0	0	0	0	0	2	0	0	0	0	0	0	0	0	0	0	0	0	0	0	0	0	0	0	0	0	0	0	0	0	0	0	0	18	0	0	0	0	0	0	0	0	0	0	0	0	0	0	0	0	0	0	0	0	0	0	0	0	0	0	0	0	0	0	5	0	13	0	2	0	0	0	5	0	0	0	1	0	0	0	1	0	0	0	0	0	0	0	0	0	0	0	0	0	0	0	0
OTU2411	0	0	0	0	0	0	0	0	0	0	2	0	0	0	0	0	0	0	0	0	3	0	0	0	0	0	0	0	0	0	0	0	0	0	0	0	0	0	0	0	0	0	0	0	0	0	0	0	0	0	0	0	0	0	0	0	0	0	0	0	0	0	0	32	0	8	0	0	0	0	0	0	0	0	0	0	0	0	0	0	0	0	1	0	0	2	0	0	0	0	0	0	0	0	0	0	0	7	0	0	0	0
OTU2412	0	0	0	0	0	0	0	0	0	0	0	0	1	0	0	0	0	0	0	0	0	0	3	0	0	0	0	0	0	0	0	0	0	0	0	0	0	1	0	0	0	0	0	0	0	0	0	0	0	0	0	0	0	0	0	0	0	0	5	0	0	0	0	0	0	0	7	0	11	0	0	0	0	0	0	0	0	0	8	0	0	0	0	0	0	0	0	0	0	0	0	0	0	1	0	0	0	0	0	0	0	0
OTU2413	0	0	0	0	0	0	0	0	0	0	0	0	0	3	0	0	0	0	0	0	0	0	0	0	0	0	0	0	0	0	0	0	0	0	0	0	0	0	0	0	1	24	0	0	2	0	0	0	0	0	0	0	0	0	0	0	0	0	0	0	0	0	0	0	0	0	0	0	0	0	0	0	0	0	0	0	0	0	0	0	0	0	0	0	0	0	0	0	0	1	0	0	0	0	0	0	0	0	0	0	0	0
OTU2414	0	0	0	0	0	0	1	0	0	0	0	0	0	1	0	0	0	0	0	0	0	0	0	0	0	0	0	0	0	0	0	0	0	0	0	0	0	0	12	0	0	0	0	0	0	0	0	0	3	0	0	0	0	0	0	0	0	0	0	0	0	0	0	0	0	0	0	0	0	0	0	0	0	0	0	0	0	0	0	0	0	1	1	0	0	0	0	0	0	1	3	0	0	0	0	0	4	0	0	0	0	0
OTU2415	0	0	0	0	0	0	0	0	0	0	0	0	0	3	0	0	0	0	0	0	0	0	0	0	0	0	7	0	0	4	0	0	0	0	0	0	0	0	4	0	0	0	0	0	0	1	1	1	1	0	0	0	0	0	0	2	0	0	0	0	0	0	0	0	0	0	0	0	0	0	0	0	0	1	3	0	0	0	2	0	0	0	1	0	0	0	0	0	0	1	1	0	0	0	0	0	6	0	0	0	0	0
OTU2416	0	0	0	0	0	0	0	0	0	0	0	0	0	0	0	0	0	0	0	0	0	16	0	0	1	1	0	0	0	0	0	0	3	0	0	0	4	0	0	0	0	0	0	0	0	0	0	0	0	0	0	3	0	0	0	0	0	0	0	45	0	0	0	0	0	0	0	0	0	0	0	0	0	1	0	0	0	0	0	0	0	2	0	0	0	0	0	0	0	0	0	0	0	0	0	0	0	0	0	0	2	0
OTU2417	0	0	0	0	0	0	0	0	0	0	0	0	0	0	0	0	0	0	0	0	0	0	0	0	0	0	3	0	0	7	0	0	0	0	0	0	0	0	0	0	0	0	0	0	0	3	0	0	0	0	0	0	1	0	0	0	2	0	0	0	0	0	0	0	0	0	0	0	0	0	0	0	0	0	0	0	2	20	0	0	0	0	1	0	0	0	0	0	0	0	0	0	0	0	0	0	0	0	0	0	0	0
OTU2418	0	0	0	0	0	0	0	0	0	0	0	0	0	0	0	0	0	0	0	0	0	0	0	0	0	0	0	29	0	0	4	0	0	0	0	0	0	0	0	0	1	0	0	0	0	0	0	0	0	0	0	0	0	0	0	0	0	0	0	0	0	0	0	0	0	0	0	0	0	1	0	0	0	0	0	0	0	0	0	0	0	0	0	0	0	0	0	0	0	0	0	0	0	4	0	0	0	0	0	0	0	0
OTU2419	0	0	0	0	0	0	0	0	0	0	0	0	0	0	0	0	0	0	0	0	0	0	0	0	0	0	0	1	0	0	3	0	0	0	0	0	0	0	0	0	0	0	0	0	0	0	0	0	0	0	1	0	0	0	0	0	1	6	19	0	0	0	0	0	0	0	0	0	0	0	0	0	0	0	0	1	0	0	0	0	0	0	6	0	0	0	0	0	0	0	0	0	0	0	0	0	0	0	0	0	0	0
OTU242	0	18	0	1	0	0	0	0	2	0	6	2	7	8	2	0	0	0	0	0	4	33	1	8	0	0	0	5	4	4	0	0	0	1	0	2	1856	30	214	0	207	17	8	16	0	9	17	59	1	1	3	7	19	2	5	1	25	4	3	0	0	0	0	0	0	5	0	0	2	1	6	1	0	15	24	23	56	97	1	65	13	17	3	0	3	6	4	1	1	24	2	0	3	2	4	5	0	0	0	0	0	0
OTU2420	0	0	0	0	0	0	0	0	0	0	3	0	0	0	0	0	0	0	0	0	0	0	0	0	0	0	1	65	6	6	7	0	0	0	0	0	3	0	13	0	4	0	10	6	11	16	7	3	25	10	0	1	1	3	3	1	24	1	5	0	0	0	0	1	0	0	0	0	0	14	20	17	3	6	0	0	7	8	8	0	0	12	4	2	4	8	3	10	0	5	1	2	6	1	1	4	6	0	0	0	1	4
OTU2421	0	0	0	2	0	0	0	0	0	0	0	1	1	2	0	0	0	0	0	0	0	0	0	0	0	0	0	3	0	0	0	0	0	0	0	0	1	0	0	0	0	0	0	0	2	0	2	56	0	0	0	0	6	0	0	0	17	77	2	0	1	0	0	2	2	0	0	2	1	0	0	0	0	1	0	0	0	0	0	1	5	0	73	0	0	0	0	0	0	3	0	0	2	5	0	0	0	37	51	0	11	29
OTU2422	0	0	0	0	0	0	0	0	0	0	0	0	0	0	0	0	0	0	0	0	0	0	0	0	0	0	0	0	1	0	0	0	0	0	0	0	20	0	0	0	0	0	0	0	0	0	0	0	0	0	0	0	0	0	0	0	0	0	0	0	0	0	0	0	0	0	0	0	0	0	0	0	0	0	0	0	0	0	0	0	0	0	0	0	0	0	7	0	0	0	0	0	0	0	0	0	0	0	0	0	0	0
OTU2423	0	0	0	0	0	0	0	0	0	0	0	0	0	0	0	0	0	0	0	0	0	0	0	0	0	0	0	0	0	8	0	0	0	0	0	0	0	0	0	0	0	0	0	0	0	1	0	0	0	0	0	0	0	1	2	0	4	0	0	0	0	0	0	0	0	0	0	0	0	0	0	0	1	0	0	0	0	0	0	0	0	0	0	0	0	0	0	0	0	0	0	0	0	0	0	0	4	0	5	0	0	0
OTU2424	0	0	0	0	0	0	0	0	0	0	0	0	0	0	0	0	0	0	0	0	0	0	0	0	0	0	0	0	0	30	0	0	0	0	0	0	0	0	0	0	0	0	0	0	0	0	0	0	0	0	0	0	0	0	0	0	0	0	0	0	0	0	0	0	0	0	0	0	0	0	0	0	0	1	0	0	0	0	0	0	0	0	0	0	0	0	0	0	0	0	0	0	0	0	0	0	0	0	0	0	0	0
OTU2425	0	0	0	2	0	0	0	0	0	0	0	0	0	0	0	0	0	0	0	0	0	0	0	0	0	0	0	0	0	4	1	0	0	0	2	0	4	0	0	0	4	14	0	0	0	0	2	0	1	0	0	0	1	0	0	1	2	0	0	0	0	0	0	0	0	2	6	0	7	0	0	0	0	5	0	0	0	2	1	0	0	0	0	0	0	1	0	0	8	6	0	0	0	2	0	0	0	0	2	0	0	0
OTU2426	0	0	0	0	0	0	0	0	0	0	0	0	0	0	0	0	0	0	0	0	0	0	0	0	0	0	0	0	0	4	0	0	0	0	0	0	0	0	0	0	0	0	0	0	0	0	0	0	0	0	0	0	0	0	0	0	0	0	0	0	0	0	0	12	0	3	0	0	0	0	0	0	0	0	0	0	0	0	0	0	0	0	0	0	0	2	0	0	0	0	0	0	1	0	0	0	0	5	0	0	0	0
OTU2427	0	0	0	0	0	0	0	0	0	0	0	0	1	1	0	0	0	0	0	0	0	0	0	0	0	0	1	0	0	0	1	0	0	0	0	0	0	0	0	0	13	0	1	0	4	0	0	0	0	0	0	2	0	0	4	0	2	3	0	0	0	0	0	0	0	0	0	0	0	0	0	0	0	1	40	0	0	0	0	1	0	0	0	0	0	0	0	0	0	2	0	0	0	0	0	0	0	0	0	0	0	0
OTU2428	0	0	0	0	0	0	0	0	0	0	0	0	0	0	0	0	0	0	0	0	0	0	0	0	0	0	0	0	0	0	0	0	0	16	0	0	0	0	0	0	0	0	0	0	0	0	0	0	0	0	0	0	0	0	0	0	0	0	0	0	0	0	0	3	0	2	0	0	0	0	0	0	0	0	0	0	0	0	0	0	0	0	0	0	0	1	0	0	0	0	0	0	1	0	0	0	0	0	0	0	0	0
OTU2429	0	0	0	0	0	0	0	0	0	0	0	0	0	0	0	0	0	0	0	0	0	0	0	0	0	0	0	0	0	0	0	0	0	14	0	0	0	0	0	0	0	0	0	0	0	0	0	0	0	0	0	0	0	0	1	0	0	0	0	0	0	0	0	16	0	8	0	0	0	0	0	0	0	0	0	0	0	0	0	0	0	0	0	0	0	8	0	0	0	0	0	0	2	0	0	0	0	10	0	0	2	0
OTU243	0	0	0	2	0	0	2	6	0	0	0	0	0	0	0	0	0	0	2	0	1	7	4	10	0	2	0	15	0	2	0	0	2	4	13	8	0	0	15	0	6	2	0	0	0	0	0	0	2	0	0	0	0	0	19	0	42	44	58	0	56	1	0	5	632	17	1064	1113	1249	0	5	0	3	0	0	0	0	1	0	6	0	0	3	0	5	11	0	0	0	2	0	0	0	10	3	2	15	16	113	4	32	197
OTU2430	0	0	2	0	0	0	0	0	0	0	8	0	0	0	0	0	0	0	0	0	0	1	0	0	0	0	0	0	0	0	0	0	0	0	0	0	47	0	0	0	0	0	0	0	0	0	0	0	0	11	0	20	0	0	0	0	0	0	0	1	0	0	0	0	0	0	0	0	0	0	0	1	2	2	0	0	48	0	0	0	0	8	0	0	0	0	0	0	0	0	0	2	0	0	0	1	0	0	0	0	0	0
OTU2431	0	0	0	0	0	0	0	0	0	0	1	0	0	0	0	0	0	0	0	0	0	28	0	0	0	0	0	0	0	0	0	0	0	0	0	0	54	0	0	0	0	0	0	0	1	1	0	0	0	2	0	7	0	0	0	0	0	0	0	24	0	0	0	0	0	0	0	0	1	0	0	0	0	0	0	0	59	1	0	0	2	37	0	0	0	0	0	0	0	0	0	1	0	0	0	0	0	0	0	0	2	0
OTU2432	0	0	0	0	0	0	0	0	0	0	0	0	0	0	0	0	0	0	0	0	0	0	0	0	0	0	0	0	0	0	0	0	0	0	0	0	0	0	8	0	0	0	0	0	0	0	0	0	0	0	0	0	0	0	0	0	3	0	0	0	0	0	0	0	0	0	0	0	2	0	0	0	0	1	0	0	0	26	0	0	0	0	0	0	0	0	0	0	0	3	1	0	0	0	0	0	0	0	0	0	0	0
OTU2433	0	0	0	0	0	0	0	0	0	0	0	0	0	0	0	0	0	0	0	0	0	0	0	0	0	0	0	0	0	0	0	0	0	0	0	0	0	0	0	0	8	0	0	0	0	0	0	0	17	0	0	0	0	2	0	0	1	0	0	0	0	0	0	0	0	0	0	0	0	1	0	0	0	0	0	0	0	0	6	0	0	0	0	0	0	0	0	0	0	9	0	13	1	0	0	0	0	0	0	0	0	0
OTU2434	0	0	0	0	0	0	0	0	0	0	1	1	0	0	0	0	0	0	0	0	0	0	0	0	0	0	0	0	0	0	0	0	0	0	0	0	0	0	0	0	0	5	0	0	0	0	0	0	1	0	0	0	16	0	0	0	0	1	0	0	0	0	0	0	12	0	6	0	0	0	0	0	0	0	0	0	0	0	0	0	0	0	0	0	0	0	0	0	0	0	0	0	0	0	0	0	0	0	0	0	0	0
OTU2435	0	0	0	0	0	0	0	0	2	0	0	0	1	0	0	0	0	0	1	0	0	0	0	0	0	0	0	0	0	0	0	0	0	0	0	0	0	0	0	0	0	19	49	1	0	0	0	0	0	0	0	0	0	0	1	1	6	0	5	0	0	0	0	0	0	0	0	0	0	0	0	24	0	1	0	0	0	0	3	0	4	0	0	0	0	0	0	0	0	0	0	0	0	0	0	0	3	0	0	0	0	0
OTU2436	0	0	0	0	0	0	0	0	0	0	0	0	0	0	0	0	0	0	0	0	0	0	0	0	0	0	0	0	0	0	0	0	0	0	0	0	0	0	0	0	0	0	0	0	0	0	4	0	0	0	0	0	0	0	0	0	0	0	0	0	0	0	0	0	0	0	1	0	0	0	0	0	1	0	0	4	0	0	0	0	0	3	0	0	0	0	0	0	0	0	0	0	0	0	0	0	0	0	22	0	1	13
OTU2437	0	0	0	0	0	0	0	0	0	0	0	0	0	0	0	0	0	0	0	0	0	0	0	0	0	0	0	0	0	0	0	0	0	0	0	0	0	0	0	0	0	0	0	0	0	0	0	0	0	0	0	0	1	0	0	0	0	0	0	0	0	0	0	0	0	0	0	0	0	0	0	0	30	2	0	0	0	0	0	0	0	0	5	0	0	0	0	0	0	0	0	0	0	0	0	0	0	0	0	0	0	0
OTU2438	0	0	0	0	0	0	1	0	0	0	0	0	0	0	0	0	0	0	0	0	0	0	0	0	0	0	0	0	0	0	0	0	0	0	0	0	0	0	0	0	0	0	0	0	0	0	0	0	0	0	0	0	0	0	3	0	1	0	0	0	0	0	0	0	14	0	6	6	0	0	0	0	0	0	0	0	0	0	0	0	0	0	0	0	0	0	0	0	0	0	0	0	0	0	0	0	0	0	0	0	0	0
OTU2439	0	0	0	0	0	0	0	0	0	0	0	0	0	0	0	0	0	0	0	0	0	0	0	0	0	0	0	0	0	0	0	0	0	0	0	0	0	0	0	0	0	0	0	0	0	0	0	0	0	0	0	0	0	0	2	0	0	0	0	0	0	0	0	0	9	0	1	9	0	0	0	0	0	0	0	0	0	0	0	0	0	0	0	0	0	0	0	0	0	0	0	0	0	0	0	0	0	0	0	0	0	0
OTU244	0	0	0	0	0	0	1	0	6	0	6	0	22	36	0	0	0	1	0	0	0	0	0	1	0	0	0	4	1	0	3	0	0	0	0	1	13	7	47	0	43	7	3	149	7	6	1	301	7	9	3	13	24	8	2	2	163	30	2	1	1	0	0	3	0	0	2	3	0	4	0	0	4	83	22	0	1	12	34	0	8	10	149	22	191	21	90	23	24	315	2	0	4	143	8	13	657	0	1	2	0	5
OTU2440	0	0	0	0	0	0	0	0	0	0	0	1	0	0	0	0	0	0	0	0	0	0	0	0	0	0	0	0	0	0	0	0	0	0	0	0	0	0	0	0	0	0	0	0	0	0	2	0	0	0	0	0	0	0	3	0	3	0	0	0	0	0	0	0	0	0	0	0	0	0	0	0	0	0	0	0	29	3	0	0	0	0	0	0	0	0	0	0	9	0	0	0	0	0	0	0	0	0	0	0	0	0
OTU2441	0	0	0	0	0	0	0	0	0	0	0	0	0	0	0	0	0	0	0	0	0	0	0	0	0	0	0	0	0	0	0	0	0	0	0	0	0	0	0	0	9	0	0	0	1	0	4	0	0	1	3	0	5	0	0	0	4	1	7	0	0	0	0	0	0	0	0	0	0	0	0	18	8	12	0	0	0	0	28	0	3	0	3	2	4	0	0	0	0	1	3	3	0	1	0	0	0	0	16	0	0	0
OTU2442	0	0	0	0	0	0	0	0	0	0	0	0	0	0	0	0	0	0	0	0	0	0	0	0	0	0	0	0	0	0	0	0	0	0	0	0	0	0	0	0	0	0	0	0	0	0	0	0	0	0	0	0	0	0	0	0	0	3	0	0	0	0	1	0	0	0	0	9	0	0	0	0	0	0	0	0	0	0	0	0	0	0	0	0	0	0	0	0	0	0	0	0	0	0	0	0	0	0	9	0	50	0
OTU2443	0	0	0	0	0	0	0	0	0	0	0	0	0	0	0	0	0	0	0	0	0	0	0	0	0	0	0	0	0	0	0	0	0	0	0	0	0	0	0	0	0	0	0	0	0	0	0	0	0	0	0	0	0	0	0	0	0	0	8	0	0	0	0	0	0	0	0	0	25	0	0	0	0	0	0	0	0	0	0	0	0	0	0	0	0	0	0	0	0	0	0	0	0	0	0	0	0	0	0	0	0	0
OTU2444	0	0	1	0	0	0	1	0	0	0	3	0	0	0	0	0	0	0	0	0	0	28	0	0	0	0	0	0	0	0	0	0	6	0	0	0	34	0	0	0	0	0	0	0	0	0	0	0	0	0	0	3	0	0	0	0	0	0	0	47	0	0	0	0	0	0	0	0	0	0	0	0	0	4	0	0	52	3	0	0	0	40	0	0	0	0	0	0	0	0	0	0	0	0	0	0	0	0	0	0	0	0
OTU2445	0	0	0	0	0	0	0	0	0	0	0	0	0	0	0	0	0	0	0	0	0	0	0	0	0	0	0	0	0	0	0	0	0	0	0	0	0	0	0	0	0	0	0	0	0	0	0	0	0	0	0	0	0	0	0	0	0	0	0	0	0	0	0	12	0	19	0	0	0	0	0	0	0	0	0	0	0	0	0	0	0	0	0	0	0	2	0	0	0	0	0	0	3	0	0	0	0	12	0	0	0	0
OTU2446	0	0	0	0	0	0	0	0	0	0	0	0	0	0	0	0	0	0	0	0	0	0	0	0	0	0	0	0	0	0	0	0	0	0	0	0	0	0	0	0	0	0	0	0	0	0	0	0	0	0	0	0	0	0	0	0	0	0	0	0	0	0	0	0	6	0	1	0	17	0	0	0	0	0	0	0	0	0	0	0	0	0	0	0	0	0	0	0	0	0	0	0	0	0	0	0	0	0	0	0	0	0
OTU2447	0	0	0	0	0	0	0	0	0	0	0	0	0	0	0	0	0	0	0	0	0	0	0	0	0	0	0	0	0	0	0	0	0	0	0	0	0	0	0	0	0	0	0	0	0	0	0	0	0	0	0	0	0	0	0	0	0	0	1	0	0	0	0	0	4	0	0	0	29	0	0	0	0	0	0	0	0	0	0	0	0	0	0	0	0	0	0	0	0	0	0	0	0	0	0	0	0	0	0	0	1	0
OTU2448	0	0	0	0	0	0	0	0	0	0	0	0	0	0	0	0	0	0	0	0	0	0	0	0	0	0	0	0	0	0	0	0	0	0	0	0	0	0	0	0	0	0	0	0	0	0	0	0	0	0	0	0	0	0	0	0	0	0	0	0	0	0	0	0	0	0	4	0	0	0	0	0	0	0	0	0	0	0	0	0	0	0	0	0	0	0	0	0	0	0	0	0	0	2	0	0	0	0	30	0	5	5
OTU2449	0	0	0	0	0	0	0	0	0	0	0	0	0	0	0	0	0	0	0	0	0	0	0	0	0	0	0	0	0	0	0	0	0	0	0	0	0	0	0	0	0	0	0	0	0	1	0	0	0	0	0	0	0	0	0	0	1	0	0	0	0	0	0	0	0	0	0	0	1	103	0	1	0	11	0	0	0	0	1	0	1	0	0	0	2	0	5	0	0	1	0	0	0	0	0	0	0	0	0	0	0	0
OTU245	0	4	2	0	0	0	1	0	2	0	6	5	96	19	0	2	0	0	0	0	0	0	0	0	0	0	2	23	4	9	5	45	9	1	1	2	25	1	8	0	2	1	16	2652	24	5	28	80	2	6	1	6	22	3	18	11	110	6	4	5	0	2	0	43	0	52	6	1	0	8	0	2	0	39	0	4	0	13	3	0	10	4	43	300	13	19	0	1	11	19	0	0	14	5	8	33	2	40	1	0	0	0
OTU2450	0	0	0	0	0	0	0	0	0	0	3	0	0	0	0	0	0	0	0	0	0	1	0	0	0	0	0	0	0	0	0	0	0	0	0	0	23	0	0	0	0	0	0	0	0	0	0	0	0	1	0	7	1	0	1	0	0	0	2	4	0	0	0	0	0	0	0	0	0	0	0	0	0	0	0	0	30	0	0	0	0	31	0	0	0	0	0	0	0	0	0	0	0	0	0	0	0	0	0	0	0	0
OTU2451	0	0	0	0	0	0	0	0	0	0	13	0	0	0	0	0	0	0	0	0	0	5	0	0	0	0	0	0	0	0	0	0	1	0	0	0	67	0	0	0	0	1	0	0	1	0	0	0	0	3	0	14	0	0	0	0	0	0	0	0	0	0	0	0	0	0	0	0	0	0	0	4	6	4	0	0	124	0	0	0	0	7	0	0	0	0	0	0	0	0	0	0	0	0	0	1	0	0	0	0	0	0
OTU2452	0	0	0	0	0	0	0	0	0	0	0	0	0	0	0	0	0	0	0	0	0	0	0	0	0	0	0	0	0	0	0	0	0	0	0	0	0	0	0	0	0	0	0	0	0	0	0	0	0	0	0	0	0	0	0	0	0	0	0	0	0	0	0	0	0	0	0	0	0	0	0	0	0	0	0	0	24	0	0	0	0	0	7	0	0	0	0	0	0	0	0	0	0	0	0	0	0	0	0	0	0	0
OTU2453	0	0	0	0	0	0	0	2	0	0	0	0	0	0	0	0	0	0	0	0	0	0	0	0	0	0	0	0	0	0	0	0	0	0	0	0	0	0	0	0	0	0	0	0	0	0	0	0	0	0	0	0	0	4	0	0	1	2	0	0	0	0	0	0	0	0	0	0	0	0	0	0	0	0	0	0	0	0	5	0	0	0	0	0	0	0	0	22	0	0	0	0	0	0	0	0	0	0	9	0	0	0
OTU2454	0	0	0	0	0	0	0	0	0	0	0	0	0	0	0	0	0	0	0	0	0	0	0	0	0	0	0	0	0	0	0	0	0	0	0	0	0	0	0	0	0	0	0	0	0	0	0	0	0	0	0	0	0	0	0	0	0	0	0	0	0	0	0	0	0	0	0	0	0	0	0	0	0	0	0	0	0	0	0	0	0	0	0	0	0	0	0	0	0	0	0	0	0	1	0	0	0	0	49	0	0	16
OTU2455	0	0	0	0	0	0	0	0	0	0	0	0	0	0	0	0	0	0	0	0	0	0	0	0	0	0	0	0	0	0	0	0	0	0	0	0	0	0	0	0	0	0	0	0	0	0	0	0	0	0	0	0	0	0	0	0	0	0	0	0	0	0	0	0	0	0	0	0	0	0	0	0	0	0	0	0	0	0	0	0	0	0	0	0	0	0	0	0	0	0	0	0	0	0	0	0	0	0	0	0	34	0
OTU2456	0	0	0	0	0	0	1	0	0	0	0	0	0	0	0	0	0	0	0	0	0	0	0	0	0	0	0	0	0	0	0	0	1	0	0	0	0	0	0	0	0	0	0	0	0	0	0	0	0	0	0	0	0	0	0	0	0	0	0	0	0	0	0	0	0	0	0	0	0	0	0	0	0	0	0	0	0	0	0	0	0	0	0	0	0	0	0	0	0	0	0	0	0	0	0	0	0	0	9	0	25	0
OTU2457	0	0	0	0	0	0	0	0	18	0	0	1	0	2	0	0	0	0	0	0	0	0	0	0	0	0	0	0	0	0	0	0	0	0	0	0	0	0	0	0	0	0	0	0	0	0	0	0	0	0	0	0	1	0	0	0	4	0	0	0	0	0	0	0	0	0	0	0	0	0	0	0	0	5	0	0	0	0	0	0	0	0	0	0	0	0	0	0	0	0	0	0	0	0	0	0	0	0	0	0	0	0
OTU2458	0	11	0	2	0	0	0	2	0	0	118	0	0	0	0	0	0	0	0	0	0	1	0	0	0	0	0	0	0	0	0	0	0	0	0	2	0	3	0	0	0	0	0	0	0	0	0	8	0	0	0	7	0	0	0	0	0	0	0	0	0	0	0	0	0	0	0	0	0	0	0	5	0	0	0	3	0	0	0	0	0	0	4	0	0	0	0	0	0	0	0	0	0	0	0	0	0	0	0	0	0	0
OTU2459	0	0	0	0	0	0	0	0	0	0	5	0	0	0	0	0	0	0	0	0	0	0	0	0	0	0	0	0	0	0	0	0	0	3	1	0	0	0	0	0	0	1	0	0	0	0	0	0	0	0	0	0	0	0	3	0	0	0	0	0	0	0	0	55	0	32	1	0	0	0	0	0	0	0	0	0	0	0	0	0	0	0	0	0	0	21	0	0	0	2	0	0	10	0	0	0	0	43	0	0	0	0
OTU246	2	0	0	1	0	0	6	0	7	0	0	6	9	7	0	0	0	0	0	0	526	0	2	3	0	0	2	14	6	9	0	0	1	17	11	1	4	36	73	0	42	18	21	10	5	29	10	18	0	16	11	2	9	8	22	33	131	42	89	3	119	1	0	82	0	98	6	0	12	6	18	58	21	36	1	39	45	3	6	0	3	8	19	137	14	38	10	176	12	12	171	2	22	24	6	7	208	70	3	0	2	2
OTU2460	0	3	0	0	0	0	0	0	0	0	0	0	3	0	0	0	0	0	0	0	0	0	0	0	0	0	0	0	0	0	0	0	0	0	0	0	0	0	0	0	0	0	0	0	14	0	0	0	0	0	0	0	0	0	0	0	0	0	0	0	0	0	0	0	0	0	0	0	0	0	0	0	0	0	0	0	0	0	0	0	0	0	0	4	0	0	0	0	0	0	0	0	0	0	0	0	0	0	0	0	0	0
OTU2461	0	0	0	0	0	0	0	0	0	0	0	0	2	1	0	0	0	0	0	0	0	0	0	0	0	0	0	0	0	0	0	0	0	0	0	0	0	0	0	0	0	0	0	0	0	0	0	0	0	0	0	0	0	0	0	0	0	0	0	0	0	0	0	0	0	0	0	0	0	0	0	0	0	0	0	0	0	1	0	0	0	0	19	0	0	0	0	0	0	0	0	0	0	0	0	0	0	0	0	0	0	0
OTU2462	0	0	0	0	0	0	0	0	0	0	0	0	1	1	0	0	0	0	0	0	0	0	0	0	0	0	0	0	0	0	0	0	0	0	0	0	0	0	0	0	0	0	0	0	0	0	3	0	0	0	0	2	0	0	0	0	0	0	0	1	0	0	0	0	0	0	0	0	2	0	0	0	0	0	0	0	2	0	0	0	0	2	18	0	0	0	0	0	0	0	0	0	0	0	6	0	0	0	0	0	0	0
OTU2463	0	0	0	0	0	0	0	0	0	0	0	0	4	2	0	0	0	0	0	0	0	0	0	0	0	0	0	0	0	0	0	0	0	0	0	0	0	0	0	0	0	0	0	0	0	0	0	11	0	0	0	0	0	0	0	0	1	0	0	4	0	0	0	0	0	0	0	0	0	0	0	0	0	1	0	0	0	0	0	0	0	32	0	0	0	5	0	0	0	0	0	0	0	0	0	0	0	0	0	0	0	0
OTU2464	0	0	0	0	0	0	0	0	0	0	0	0	0	1	0	0	0	0	0	0	0	1	0	0	0	0	2	0	0	0	4	0	0	0	0	0	11	0	0	0	0	1	0	0	2	1	3	0	0	0	17	0	2	0	0	0	3	0	0	0	0	0	0	0	0	0	0	0	0	0	1	0	1	2	0	0	9	0	0	0	0	0	0	0	0	0	0	0	1	0	0	2	0	0	0	0	1	0	0	0	0	0
OTU2465	0	0	0	0	0	0	0	0	0	0	0	0	1	1	0	0	0	0	0	0	0	0	0	0	0	0	0	0	0	0	0	0	0	0	0	0	0	0	4	0	1	6	0	0	0	0	7	0	0	0	0	0	0	0	0	0	0	0	0	0	0	0	0	0	0	0	0	0	0	0	6	0	0	0	0	0	0	0	0	0	0	0	0	0	0	0	0	0	8	0	0	0	0	0	0	0	0	0	0	0	0	0
OTU2466	0	0	0	0	0	0	1	0	0	0	0	0	0	0	0	0	0	0	0	0	1	70	0	2	0	0	0	0	0	0	0	0	5	0	0	0	3	0	0	0	0	0	0	0	0	0	0	0	0	0	0	0	0	0	0	0	0	0	0	50	0	0	0	0	0	0	0	0	1	0	0	0	0	0	0	0	0	0	0	0	0	0	0	0	0	0	0	0	0	0	0	0	0	0	0	0	0	0	0	0	0	1
OTU2467	0	0	0	0	0	0	0	0	0	0	0	1	0	0	0	0	0	0	0	0	0	0	0	0	0	0	7	2	0	6	0	0	0	0	0	0	0	0	0	0	0	0	0	0	0	0	0	3	0	0	0	0	0	0	0	0	10	0	5	0	0	0	0	0	0	0	0	0	0	0	0	0	0	0	0	0	0	0	0	0	0	0	0	0	0	0	0	0	0	0	0	0	2	4	0	0	0	0	0	0	0	0
OTU2468	0	0	0	0	0	0	0	0	0	0	0	0	0	1	0	0	0	0	0	0	0	0	0	0	0	0	0	4	0	0	0	0	0	0	0	2	0	0	0	0	0	0	0	0	0	0	0	7	0	0	0	0	0	0	0	3	0	0	0	0	0	0	0	0	0	0	0	0	0	0	0	0	0	0	0	0	0	0	0	0	0	0	0	0	0	0	0	0	0	0	0	0	0	7	0	0	0	0	0	0	0	0
OTU2469	0	0	0	0	0	0	0	0	0	0	0	0	0	0	0	0	0	0	0	0	0	0	0	0	0	0	0	0	0	30	0	0	0	0	0	0	0	0	0	0	0	0	0	0	0	0	0	0	0	0	0	0	0	0	0	0	3	0	0	0	0	0	0	0	0	0	0	0	0	0	0	0	0	0	0	0	0	1	0	0	0	0	0	0	0	0	0	0	0	8	0	0	0	0	0	0	0	0	0	0	0	0
OTU247	0	0	3	2	0	0	0	0	1	0	1	1	24	7	0	0	0	0	0	0	0	0	0	0	0	0	1	7	5	0	2	1	0	71	0	0	2	0	1	0	0	2	2	9	4	3	1	12	1	1	0	0	13	0	5	2681	58	16	64	0	167	0	0	7	1	71	1	0	1	2	1	1	0	38	2	0	1	3	0	0	15	5	4	0	0	10	5	0	4	19	5	1	84	4	6	53	14	10	0	0	4	0
OTU2470	0	2	0	0	0	0	0	0	0	0	0	0	0	0	0	0	0	0	0	0	0	0	0	0	0	0	0	0	0	2	0	0	0	0	0	0	5	0	11	0	1	1	0	0	0	0	0	0	0	2	0	1	2	0	0	0	0	0	0	0	0	0	0	0	0	0	0	0	0	0	0	1	0	2	0	2	0	0	0	0	0	0	0	0	0	1	0	0	0	0	0	0	0	0	0	0	0	0	0	0	0	0
OTU2471	0	0	0	0	0	0	0	0	0	0	0	0	0	0	0	0	0	0	0	0	0	0	0	0	0	0	0	0	0	0	2	0	0	0	0	0	0	0	0	0	0	2	1	0	0	0	0	0	0	0	0	0	0	0	0	0	0	0	0	0	0	0	0	0	0	0	0	0	0	0	0	6	0	0	0	3	0	0	0	0	0	0	0	0	0	0	0	1	0	10	0	0	0	0	0	0	0	0	0	0	0	0
OTU2472	0	0	0	0	0	0	0	0	0	0	0	0	0	0	0	0	0	0	0	0	0	0	0	0	0	0	0	3	0	0	2	0	0	0	0	0	3	0	19	0	1	0	0	0	0	2	0	4	0	0	0	1	3	2	2	0	0	0	4	0	0	0	0	0	0	0	0	0	0	0	3	0	6	0	7	0	0	0	0	0	3	9	0	0	0	0	1	2	2	0	0	8	0	4	0	0	0	0	10	0	0	0
OTU2473	0	0	0	0	0	0	0	0	0	0	0	0	1	0	0	0	0	0	0	0	0	0	0	0	0	0	0	0	0	0	0	0	0	0	0	0	0	0	0	0	2	0	0	0	0	0	0	0	0	0	0	1	3	0	0	0	2	0	0	0	0	0	0	0	0	0	0	0	0	14	17	0	0	0	0	0	0	0	0	0	0	0	0	0	0	0	0	0	0	1	0	0	0	0	0	0	0	0	0	0	0	0
OTU2474	0	0	0	0	0	0	0	0	0	0	0	0	0	0	0	0	0	0	0	0	0	0	0	0	0	0	0	0	0	0	0	0	0	0	0	0	0	0	13	0	2	0	0	4	0	0	0	0	0	14	0	0	2	0	0	0	0	0	0	0	0	0	0	0	0	0	0	0	0	0	0	5	0	0	0	1	0	0	0	0	1	0	0	1	0	0	0	0	0	0	0	0	0	0	0	0	7	0	0	0	0	0
OTU2475	0	1	0	0	0	0	0	0	3	0	0	0	1	1	0	0	0	0	0	0	0	0	0	0	0	0	0	9	1	0	3	0	0	0	0	0	1	0	0	0	2	2	0	10	4	1	7	5	0	9	0	4	1	0	14	1	11	1	8	0	0	0	0	0	0	0	0	0	0	0	7	5	3	7	0	1	2	0	0	0	0	3	0	2	6	0	7	3	3	0	0	0	3	5	0	8	3	0	0	0	0	0
OTU2476	0	0	0	0	0	0	0	0	0	0	0	0	2	0	0	0	0	0	0	0	0	0	0	0	0	0	0	0	0	0	0	0	0	0	0	0	0	0	0	0	1	0	0	9	9	0	15	0	3	0	0	0	0	0	1	0	0	1	0	0	0	0	0	0	0	0	0	0	0	0	0	0	0	0	0	7	0	0	0	0	0	1	0	0	0	0	10	0	0	0	0	0	0	0	0	0	0	0	0	0	0	0
OTU2477	0	0	0	0	0	0	0	0	0	0	0	0	1	0	0	0	0	0	0	0	0	0	0	0	0	0	0	0	0	0	0	0	0	0	0	0	0	0	0	0	0	0	0	0	18	0	0	0	0	0	0	0	0	0	0	0	6	1	0	0	0	0	0	0	0	0	0	0	0	0	0	0	0	0	0	0	0	0	0	0	0	0	0	0	0	0	0	0	0	0	0	0	0	0	0	0	0	0	0	0	0	0
OTU2478	0	0	0	0	1	0	0	0	0	0	0	0	0	0	0	1	0	1	0	0	0	0	0	0	0	0	0	1	0	1	0	0	1	0	0	0	1	0	1	0	0	0	1	1	7	0	0	2	1	0	0	3	1	1	2	1	2	5	5	0	0	1	0	2	1	2	0	0	0	0	0	0	5	2	0	0	1	0	1	0	0	0	6	4	2	2	0	0	0	1	4	0	4	0	2	4	6	0	0	1	1	1
OTU2479	0	0	0	0	0	0	0	0	0	0	0	0	0	2	0	0	0	0	0	0	0	0	0	0	0	0	0	0	0	0	0	0	0	0	0	0	0	0	0	0	0	0	0	0	0	0	0	0	6	1	3	0	14	0	0	0	3	0	0	0	0	0	0	0	0	0	0	0	0	1	0	0	0	14	0	1	0	0	3	0	11	0	0	2	0	0	0	0	0	1	0	4	0	0	0	0	0	0	0	0	0	0
OTU248	0	5	0	3	0	1	0	0	0	0	0	0	28	21	0	0	0	0	0	0	0	0	0	3	0	0	0	99	4	2	0	0	0	44	1	1	2	0	1	2	6	1	3	21	74	3966	126	37	2	5	0	4	15	0	19	52	91	11	153	0	1	0	0	0	0	5	3	2	5	0	0	3	1	35	0	4	2	0	1	0	9	44	15	24	1	1	0	0	1	22	6	0	1	22	5	14	41	0	0	0	0	0
OTU2480	0	0	0	0	0	0	0	0	0	0	0	0	0	0	0	0	0	0	0	0	0	0	0	0	0	0	0	0	0	0	0	0	0	0	0	0	0	0	0	0	0	0	0	0	0	0	0	0	0	0	0	20	0	0	0	0	0	0	0	0	0	0	0	0	0	0	0	0	0	0	0	0	0	0	0	0	0	0	0	0	0	0	0	0	0	0	0	0	0	0	0	0	0	0	0	0	0	0	0	0	0	0
OTU2481	0	0	0	0	0	0	0	0	0	0	0	0	0	0	0	0	0	0	0	0	0	0	0	1	0	0	0	0	0	0	0	0	0	0	0	0	0	0	1	0	0	1	1	0	0	2	0	1	0	1	0	1	0	0	0	1	3	0	1	0	0	0	1	0	7	6	10	1	2	3	4	1	1	1	1	2	2	0	1	1	0	0	0	0	0	0	5	1	2	0	0	0	3	2	0	1	1	0	1	0	2	0
OTU2482	0	0	0	0	0	0	0	0	0	0	0	0	0	0	0	0	0	0	0	0	0	0	0	0	0	0	0	0	0	0	0	0	0	0	0	0	0	0	0	0	0	0	0	0	0	0	0	0	0	0	0	0	30	0	1	0	0	1	0	0	0	0	0	0	0	0	0	0	0	1	0	0	0	2	0	0	0	0	0	0	0	0	0	0	9	0	0	0	0	0	0	0	0	0	0	0	0	0	0	0	0	0
OTU2483	0	0	0	0	0	0	0	0	0	0	0	0	0	0	0	0	0	0	0	0	0	0	0	0	0	0	0	0	0	0	0	0	0	0	0	0	0	0	0	0	0	0	0	0	0	0	0	0	0	0	3	0	0	0	0	0	5	7	4	0	0	0	0	0	5	0	1	4	0	0	0	0	0	0	0	0	0	1	0	0	0	4	0	0	0	0	0	0	0	1	4	0	0	1	0	0	0	0	0	0	0	0
OTU2484	0	0	0	0	0	0	0	0	0	0	0	0	0	0	0	0	0	0	0	0	0	0	0	0	0	0	0	0	0	0	0	0	0	0	0	0	0	0	0	0	0	0	0	0	0	0	0	0	0	0	0	0	0	0	0	0	1	0	0	0	0	0	0	0	3	0	37	0	0	0	0	0	0	0	0	0	0	0	0	0	0	0	0	0	0	0	0	0	0	0	0	0	0	0	0	0	0	0	0	0	0	0
OTU2485	0	0	0	0	0	0	0	0	0	0	0	0	0	0	0	0	0	0	0	0	0	0	0	0	0	0	0	0	0	0	0	0	0	0	0	0	0	0	0	0	0	0	0	0	0	0	0	0	0	0	0	0	0	0	0	0	0	0	3	0	0	0	0	0	0	0	7	0	0	0	0	0	0	0	0	0	0	0	0	0	0	0	0	0	0	0	0	0	0	1	0	0	1	2	0	0	0	0	14	0	0	0
OTU2486	0	0	0	0	0	0	0	0	0	0	0	0	0	0	0	0	0	0	0	0	0	0	0	0	0	0	0	0	0	0	0	0	0	0	0	0	0	0	0	0	0	0	0	0	0	0	0	0	0	0	0	0	0	0	0	0	0	0	0	0	39	0	0	0	0	0	0	0	0	0	0	0	0	0	0	0	0	0	0	0	0	0	0	0	0	0	0	0	0	0	0	0	0	0	0	0	0	0	0	0	0	0
OTU2487	0	0	0	0	0	0	0	0	0	0	0	0	0	0	0	0	0	0	0	0	0	0	0	0	0	0	0	0	0	0	0	0	0	0	0	0	0	0	0	0	0	0	0	1	0	0	0	0	0	0	0	0	0	0	0	0	0	0	0	0	0	0	0	48	0	17	0	1	0	0	0	0	0	0	0	0	0	0	0	0	0	0	0	0	0	13	0	0	0	0	0	0	3	0	0	0	0	14	1	0	0	0
OTU2488	0	0	0	0	0	0	0	0	0	0	0	0	0	0	0	0	0	0	0	0	0	1	0	0	0	0	0	0	0	0	0	0	0	0	0	0	0	0	0	0	0	0	0	0	0	0	0	0	0	0	0	0	4	0	0	0	0	0	0	0	0	0	0	28	0	3	1	0	0	0	0	0	0	1	0	0	0	0	0	0	0	0	2	0	0	12	0	0	0	0	0	0	8	0	0	0	0	21	0	0	0	0
OTU2489	0	0	0	0	0	0	0	0	0	0	0	0	0	0	0	0	0	0	0	0	0	0	0	0	0	0	0	0	0	0	0	0	0	0	0	0	0	0	0	0	0	0	0	0	0	0	0	0	0	0	0	0	0	0	0	0	0	0	0	0	0	0	0	20	0	6	0	0	0	0	0	0	0	0	0	0	0	0	0	0	0	0	0	0	0	5	0	0	0	0	0	0	0	0	0	0	0	7	0	0	0	0
OTU249	0	1	0	3	0	0	0	0	5	0	0	2	14	42	0	0	0	0	0	0	0	0	0	0	3	0	1	13	0	4	7	3	0	0	0	2	5	1	0	0	0	6	3	53	43	25	15	46	29	4	635	42	51	5	163	224	156	43	54	1	0	0	0	0	3	4	3	15	0	58	120	16	35	115	64	4	0	181	16	2	5	44	17	8	14	7	0	0	5	459	17	4	7	33	20	4	12	0	0	0	0	0
OTU2490	0	0	0	0	0	0	0	0	0	0	0	0	0	0	0	0	0	0	0	0	0	0	0	0	0	0	0	0	0	0	0	0	0	0	0	0	0	0	0	0	0	0	0	0	0	0	0	0	0	0	0	0	0	0	0	0	0	0	0	0	0	0	0	26	0	5	0	0	0	0	0	0	0	0	0	0	0	0	0	0	0	0	0	0	0	8	0	0	0	1	0	0	5	0	0	0	2	8	0	0	0	0
OTU2491	0	0	0	0	0	0	0	0	0	0	0	0	0	0	0	0	0	0	0	0	0	0	0	0	0	0	0	0	0	0	0	0	0	0	0	0	0	0	0	0	0	0	0	0	0	0	0	0	0	0	0	0	0	0	0	0	0	0	0	0	0	0	0	24	0	8	0	0	0	0	0	0	0	4	0	0	0	0	0	0	0	0	0	0	0	13	0	0	0	0	0	0	12	0	0	0	0	16	0	0	0	0
OTU2492	0	0	0	0	0	0	0	0	0	0	0	0	1	0	0	0	0	0	0	0	0	0	0	0	0	0	0	0	0	0	0	0	0	0	0	0	0	0	0	0	0	0	0	0	0	0	0	0	0	0	0	0	1	0	0	2	0	1	0	0	0	0	0	15	0	9	0	0	0	0	0	0	0	0	0	0	0	0	0	0	2	0	0	0	0	7	0	0	0	1	0	0	2	0	0	0	0	6	0	0	2	0
OTU2493	0	0	0	0	0	0	0	0	0	0	0	0	2	0	0	0	0	0	0	0	0	1	0	0	0	0	0	0	0	1	0	0	0	4	0	0	0	0	0	0	0	0	0	0	0	0	0	0	0	0	0	0	0	0	0	2	0	0	0	0	0	0	0	39	0	15	0	0	0	0	0	0	1	0	0	0	0	0	0	0	0	0	0	2	0	9	0	0	0	0	0	0	8	0	0	0	0	15	0	0	0	0
OTU2494	0	0	0	0	0	0	0	0	0	0	0	0	0	0	0	0	0	0	0	0	0	0	0	0	0	0	0	0	0	0	0	0	0	0	0	0	0	0	0	0	0	0	0	0	0	0	0	0	0	0	0	0	0	0	0	0	0	0	0	0	0	0	1	0	33	0	11	1	16	0	0	0	0	0	0	0	0	0	0	0	0	0	0	0	0	0	0	0	0	0	0	0	0	0	0	0	0	0	0	0	0	0
OTU2495	0	0	0	0	0	0	0	0	0	0	0	0	0	0	0	0	0	0	0	0	0	0	0	0	0	0	0	0	0	0	0	0	0	0	0	0	0	0	0	0	0	0	0	0	0	0	0	0	0	0	0	0	0	0	0	0	0	0	0	1	0	0	0	0	37	0	4	0	22	0	0	0	0	0	0	0	0	0	0	0	0	0	0	0	0	0	0	0	0	0	0	0	0	0	0	0	0	0	0	0	2	0
OTU2496	0	0	0	0	0	0	0	0	0	0	0	0	0	0	0	0	0	0	0	0	0	0	0	0	0	0	0	0	0	0	0	0	0	0	0	0	0	0	0	0	0	0	0	0	0	0	0	0	0	0	0	0	0	0	0	0	0	0	0	0	0	0	0	0	9	0	1	0	14	0	0	0	0	0	0	0	0	0	0	0	0	0	0	0	0	0	0	0	0	0	0	0	0	0	0	0	0	0	0	0	0	0
OTU2497	0	0	0	0	0	0	0	2	0	0	0	0	0	0	0	0	0	0	0	0	0	0	0	0	0	0	0	0	0	0	0	0	0	0	0	0	2	0	0	0	0	0	0	0	0	0	0	0	0	0	0	0	0	0	0	0	0	0	0	0	0	0	0	0	8	0	0	0	2	0	0	0	0	0	0	0	0	0	0	0	0	0	0	0	0	0	0	13	0	0	0	0	0	0	0	0	0	0	0	0	0	0
OTU2498	0	0	0	0	0	0	0	0	0	0	0	0	0	0	0	0	0	0	0	0	0	0	0	0	0	0	0	0	0	0	0	0	0	0	0	0	0	0	0	0	0	0	0	5	0	0	0	0	0	0	0	0	0	0	0	0	0	0	0	0	0	0	0	0	0	0	14	0	15	0	0	0	0	0	0	0	0	0	0	0	0	0	0	0	0	0	0	0	0	0	0	0	0	0	0	0	0	0	0	0	0	0
OTU2499	0	0	0	0	0	0	0	0	0	0	0	0	0	0	0	0	0	0	0	0	0	0	0	0	0	0	0	0	0	0	0	0	0	0	0	0	0	0	0	0	0	0	0	0	0	0	0	0	0	0	0	0	0	0	0	0	0	0	0	0	0	0	0	0	0	0	4	0	0	0	0	0	0	0	0	0	0	0	0	0	0	0	0	0	0	0	0	0	0	0	0	0	0	0	0	0	0	0	9	0	0	10
OTU25	434	16	0	84	0	14	10	35	49	4	40	195	577	519	40	336	1	11	7	1	473	9	897	9	32	6	324	1194	242	912	351	4	22	471	51	9	176	65	81	15	141	209	141	173	570	297	308	246	152	408	100	713	2083	102	31180	636	4106	554	773	15	473	3	2	361	508	437	524	385	118	293	105	1974	1332	2422	136	90	233	57	444	82	267	381	749	136	259	297	187	1145	548	1429	268	322	363	404	419	274	754	359	128	192	147	391
OTU250	0	2	0	0	0	0	3	9	0	0	0	0	1	2	0	0	0	0	0	0	1	0	0	1	1	0	0	0	0	5	0	3	4	8	2	4	0	0	0	0	0	0	0	19	25	22	32	3	0	0	0	0	1	0	18	34	23	3	13	7	2	2	0	4	684	0	328	176	401	0	0	0	0	5	0	1	0	0	2	0	4	7	6	3	6	5	0	0	0	0	0	6	5	45	4	9	9	3	690	22	75	217
OTU2500	0	0	0	0	0	0	0	0	0	0	0	0	0	0	0	0	0	0	0	0	0	0	0	0	0	0	0	0	0	0	0	0	0	0	0	0	0	0	0	0	0	0	0	0	0	0	0	0	0	0	0	0	0	0	0	0	0	0	0	0	0	0	0	0	0	0	1	0	0	0	0	0	0	0	0	0	0	0	0	0	0	0	0	0	0	0	0	0	0	0	0	0	0	5	0	0	0	0	40	0	0	0
OTU2501	0	0	0	0	0	0	0	0	0	0	0	0	0	0	0	0	0	0	0	0	0	0	0	0	0	0	0	0	0	0	0	0	0	0	0	0	0	0	0	0	0	0	0	0	0	0	0	0	0	0	0	0	0	0	0	0	0	0	0	0	0	0	0	0	0	0	35	4	0	0	0	0	0	0	0	0	0	0	0	0	0	0	0	0	0	0	0	0	0	0	0	0	0	0	0	0	0	0	0	0	0	0
OTU2502	0	0	0	0	0	0	0	0	0	0	0	0	0	0	0	0	0	0	0	0	0	0	0	0	0	0	0	0	0	0	0	0	0	0	0	0	0	0	0	0	0	0	0	0	0	0	0	0	0	0	0	0	0	0	0	0	0	0	0	0	0	0	0	0	0	0	2	22	2	0	0	0	0	0	0	0	0	0	0	0	0	0	0	0	0	0	0	0	0	0	0	0	0	0	0	0	0	1	0	0	0	0
OTU2503	0	0	0	0	0	0	0	0	0	0	0	0	0	0	0	0	0	0	0	0	0	0	0	0	0	0	0	0	0	0	0	0	0	0	0	0	0	0	0	0	0	0	0	0	0	0	0	0	4	3	0	0	9	0	0	0	0	1	0	0	0	0	0	0	0	0	0	0	0	0	9	5	13	0	0	0	0	0	0	0	0	0	0	0	0	0	0	0	0	0	0	0	0	0	0	0	0	0	0	0	0	0
OTU2504	0	1	0	0	0	0	0	0	0	0	0	0	0	0	0	0	0	0	0	0	0	0	0	0	0	0	0	0	0	0	0	0	0	0	0	0	0	0	0	0	0	0	0	0	0	0	0	0	0	0	0	2	0	0	0	0	1	0	0	0	0	0	0	0	0	0	0	0	0	0	0	76	0	0	0	0	0	0	0	0	0	0	3	0	0	0	0	0	0	0	0	0	4	0	0	0	0	0	0	0	0	0
OTU2505	0	0	0	0	0	0	0	0	0	0	3	0	0	0	0	0	0	0	0	0	0	7	0	0	0	0	0	0	0	0	0	0	0	0	0	0	39	0	0	0	0	1	0	0	0	0	0	0	0	0	0	5	3	0	0	0	0	0	0	2	0	0	0	0	0	0	0	0	0	0	0	2	0	3	0	0	57	1	0	0	0	17	0	0	0	0	0	2	0	0	0	0	0	0	0	0	0	0	0	0	0	0
OTU2506	0	0	0	0	0	0	0	0	0	0	0	0	0	0	0	0	0	0	0	0	1	3	0	0	0	0	3	0	0	1	0	0	0	0	0	0	0	0	0	0	3	5	1	0	6	2	0	5	1	1	0	6	21	0	2	2	20	1	25	0	0	0	0	0	0	0	1	0	1	0	6	0	1	21	0	0	0	0	4	0	0	1	20	0	8	0	0	0	0	21	11	0	0	2	5	2	0	0	36	0	8	0
OTU2507	0	0	0	0	0	0	0	0	0	0	0	0	0	0	0	0	0	0	0	0	0	0	0	0	0	0	0	0	0	0	0	0	0	0	0	0	0	0	0	0	0	0	0	0	0	0	0	0	0	0	0	0	0	0	0	0	0	0	0	0	0	0	0	0	0	0	0	0	0	0	0	0	0	0	0	0	0	0	0	0	0	0	0	0	0	0	0	0	0	0	0	0	0	0	0	2	0	0	0	0	29	0
OTU2508	0	0	0	0	0	0	0	0	0	0	0	0	0	0	0	0	0	0	0	0	0	0	0	0	0	0	0	0	0	0	0	0	0	0	0	0	0	0	0	0	0	0	0	0	0	0	0	0	0	0	0	0	0	0	0	0	0	0	0	0	0	0	0	0	0	0	0	0	0	0	0	0	0	0	0	0	0	0	0	0	0	0	0	0	0	0	0	0	0	0	0	0	0	0	0	0	0	0	8	0	22	4
OTU2509	0	0	0	0	0	0	0	0	0	0	0	0	0	0	0	0	0	0	0	0	0	0	0	0	0	0	0	0	0	0	0	0	0	0	0	0	0	0	0	0	0	0	0	0	0	0	0	0	0	0	0	0	0	0	0	0	0	0	0	0	0	0	0	2	0	0	0	2	0	0	0	0	0	0	0	0	0	0	0	0	0	0	0	0	0	0	0	0	0	0	0	0	0	0	0	0	0	0	0	0	17	1
OTU251	1	5	0	0	0	0	0	0	5	1	35	5	9	17	0	0	0	0	5	0	0	3	8	4	0	0	0	7	4	4	0	2	0	1	9	0	49	281	435	0	4	52	30	24	6	32	0	9	29	54	29	2	9	0	40	37	90	5	15	0	0	0	0	0	2	3	0	2	0	8	11	29	4	27	37	11	657	155	3	0	4	10	4	0	2	11	44	27	361	14	1	0	4	0	0	3	7	0	0	0	0	4
OTU2510	0	0	0	0	0	0	0	0	0	0	0	0	0	0	0	0	0	0	0	0	1	0	0	0	0	0	0	0	0	0	0	0	0	0	0	0	0	0	0	0	0	0	0	0	0	0	0	0	0	0	0	0	0	0	0	0	0	0	0	0	0	0	0	0	0	0	0	0	0	0	0	0	0	0	0	0	0	0	0	0	0	0	0	0	0	0	0	0	0	0	0	0	0	0	0	3	0	0	0	0	3	40
OTU2511	0	0	0	0	0	0	0	0	0	0	0	0	0	0	0	0	0	0	0	0	0	0	0	0	0	0	0	0	0	0	0	0	0	0	0	0	0	0	0	0	0	0	0	0	0	0	0	0	0	0	0	0	0	0	0	0	0	0	0	0	0	0	0	0	0	0	0	0	0	0	0	0	0	0	0	0	0	0	0	0	0	0	0	0	0	0	0	0	0	0	0	0	0	0	0	0	0	0	0	0	2	19
OTU2512	0	2	106	0	0	0	0	0	0	0	0	0	0	0	0	0	0	0	0	0	0	0	0	0	0	0	0	0	0	0	0	0	0	0	0	0	0	0	0	0	0	0	0	0	0	0	0	0	0	0	0	0	5	0	0	0	1	0	0	0	0	0	0	0	0	0	0	0	0	0	0	0	0	0	0	0	0	0	0	0	0	0	0	0	0	0	0	0	0	0	0	0	0	0	0	0	0	0	0	0	0	0
OTU2513	0	0	0	0	0	0	2	0	0	0	0	0	0	0	0	0	0	0	0	0	0	0	0	0	0	0	0	0	0	0	0	0	0	0	0	0	0	0	0	0	0	0	0	0	0	0	0	0	0	0	0	0	0	0	0	0	0	0	0	0	0	0	0	0	0	0	6	0	0	0	0	0	0	0	0	0	0	0	0	0	0	0	0	0	0	0	0	0	0	0	0	0	0	0	0	0	0	0	0	12	0	5
OTU2514	0	0	0	0	0	0	1	0	0	0	0	0	0	0	0	0	0	0	0	0	0	0	0	0	0	0	0	0	0	0	0	0	0	0	0	0	0	0	0	0	0	0	0	0	0	0	0	0	0	0	0	0	0	0	0	0	0	0	1	0	0	0	0	0	0	0	0	0	25	0	0	0	0	0	0	0	0	0	0	0	0	0	0	0	0	0	0	0	0	0	0	0	0	0	0	0	0	0	0	0	0	0
OTU2515	0	0	0	0	0	0	0	0	0	0	5	0	0	0	0	0	0	0	0	0	0	0	0	0	0	0	0	0	0	0	0	0	0	0	0	0	0	0	0	0	0	0	0	0	1	0	0	0	0	0	0	0	0	0	0	0	0	0	0	0	0	0	0	0	0	0	0	0	0	0	0	0	0	0	0	0	0	0	12	0	0	0	0	0	0	0	0	0	0	0	0	0	0	0	0	0	0	0	0	0	0	0
OTU2516	0	1	0	0	0	0	0	1	0	0	67	0	0	0	0	0	0	0	0	0	0	2	0	0	0	0	0	0	0	0	0	0	0	0	0	0	0	0	0	0	0	0	0	0	0	0	0	3	0	0	0	3	0	0	0	0	0	0	0	0	5	0	0	2	0	0	0	0	0	0	0	1	0	0	0	0	0	0	0	0	0	0	2	0	0	0	0	0	0	0	0	0	0	0	0	0	0	0	0	0	0	0
OTU2517	0	0	0	0	0	0	0	0	0	0	1	0	0	0	0	0	0	0	0	0	0	0	0	0	0	0	0	0	0	0	0	0	0	0	0	0	0	0	0	0	0	0	0	0	0	0	0	0	0	0	0	0	0	0	0	0	0	0	0	0	0	0	0	18	0	5	0	0	0	0	0	0	0	0	0	0	0	0	0	0	0	0	0	0	0	3	0	0	0	0	0	0	3	0	0	0	0	8	0	0	0	0
OTU2518	0	0	0	0	0	0	0	0	0	0	0	1	0	0	0	0	0	0	3	0	0	0	0	0	0	0	0	0	0	0	0	0	0	0	0	0	9	0	0	0	0	10	0	0	0	0	0	0	0	0	0	0	0	0	0	0	0	0	0	0	0	0	0	0	0	0	0	0	0	0	0	0	0	0	0	0	0	0	0	0	0	0	0	1	0	0	0	0	0	0	0	0	0	0	0	0	0	0	0	0	0	0
OTU2519	0	0	0	0	0	0	0	0	0	0	0	0	3	0	0	0	0	0	0	0	0	0	0	0	0	0	0	0	0	0	0	0	0	0	0	0	0	0	0	0	0	0	0	0	0	0	0	2	0	0	0	0	0	0	14	0	4	0	0	0	0	0	0	0	0	0	0	0	0	0	0	0	0	0	0	0	0	0	0	0	0	0	0	0	0	0	0	0	0	1	0	12	12	35	0	0	0	0	0	0	0	0
OTU252	0	0	0	0	0	0	4	7	0	0	0	0	0	0	0	0	0	0	4	0	0	1	3	0	0	7	0	0	0	0	0	0	6	1	1	3	0	0	0	0	0	0	0	4	3	0	0	0	0	0	0	0	0	0	27	1	9	9	32	0	3	0	0	8	1057	1	351	188	1037	0	0	0	0	4	0	0	0	3	0	0	0	1	1	0	0	2	0	0	0	0	0	0	0	0	0	0	4	2	2	0	2	0
OTU2520	0	0	0	0	0	0	0	0	0	0	0	3	1	4	0	0	0	0	0	0	0	1	1	0	0	0	5	0	0	2	12	0	0	0	1	1	36	13	0	0	8	20	24	0	0	22	24	0	0	39	0	0	4	0	3	0	15	5	2	0	0	0	0	0	0	0	17	0	2	0	0	0	0	21	8	0	2	10	0	19	3	0	4	0	12	0	14	7	14	10	8	0	1	3	0	1	0	0	0	0	0	0
OTU2521	0	0	0	0	0	0	0	0	0	0	0	0	0	20	0	0	0	0	0	0	0	0	0	0	0	0	0	0	0	0	0	0	0	0	0	0	0	0	0	0	0	0	0	0	0	0	0	1	0	0	0	0	1	0	0	0	1	0	0	0	0	0	0	0	0	0	0	0	0	0	0	0	0	0	0	0	0	0	0	0	0	0	0	0	0	0	0	0	0	0	0	0	0	0	0	0	0	0	0	0	0	0
OTU2522	0	0	0	0	0	0	0	0	0	0	0	0	0	3	0	0	0	0	0	0	0	0	0	0	0	0	0	1	0	0	0	0	0	0	0	0	0	0	0	0	0	0	0	0	2	1	0	0	0	0	0	0	0	0	1	6	8	0	0	0	0	0	0	0	0	0	0	0	0	0	0	0	0	1	2	0	0	0	0	0	0	4	0	0	0	0	0	0	0	1	0	0	0	0	0	0	0	0	0	0	0	0
OTU2523	0	0	0	0	0	0	0	0	0	0	1	0	0	2	0	0	0	0	0	0	1	0	1	0	0	0	0	1	0	0	0	0	0	0	0	0	0	0	0	0	0	0	0	0	0	0	0	0	0	0	0	0	0	0	0	1	0	0	0	0	0	0	0	42	0	11	3	0	0	0	0	0	0	0	0	0	0	0	0	0	0	0	0	0	0	10	0	0	0	1	0	0	4	0	0	0	0	32	0	0	0	1
OTU2524	0	0	0	0	0	0	0	0	0	0	0	0	0	1	0	0	0	0	0	0	0	0	0	0	0	0	0	7	0	0	0	0	0	0	0	0	0	0	0	0	1	0	0	1	0	4	0	1	0	0	2	4	0	0	3	2	1	0	0	0	0	0	0	3	0	0	0	0	0	7	0	0	0	2	0	0	0	8	0	0	0	0	0	0	0	0	5	0	0	4	0	0	0	0	0	0	4	0	0	0	0	0
OTU2525	0	0	0	0	0	0	0	0	0	0	0	0	0	0	1	0	0	0	0	0	0	0	0	0	0	0	0	0	0	0	0	0	0	0	0	0	0	0	0	0	0	0	0	0	0	0	0	0	0	0	0	0	0	0	0	0	0	0	0	0	0	0	0	0	0	0	0	0	0	0	0	0	0	0	0	0	0	0	0	0	0	25	0	0	0	0	0	0	0	0	0	0	0	1	0	0	0	0	0	0	0	0
OTU2526	0	0	0	0	0	0	0	0	0	0	0	0	0	0	0	0	17	0	0	0	0	0	0	0	0	0	0	0	0	0	0	0	0	0	0	0	0	0	0	0	0	0	0	0	0	0	0	0	0	0	0	0	0	0	0	0	0	0	0	0	0	0	0	0	0	0	0	0	0	0	0	0	0	0	0	0	0	0	0	0	0	0	0	0	0	0	0	0	0	0	0	0	0	0	0	0	0	0	0	0	0	0
OTU2527	0	1	0	0	0	0	1	0	9	0	0	1	0	4	1	0	0	0	1	0	0	3	2	0	1	0	25	22	164	107	17	0	0	1	1	0	83	54	0	0	7	50	20	0	0	19	17	3	0	8	6	0	3	0	0	0	21	11	2	0	0	0	0	0	0	0	0	1	0	53	96	1	1	30	0	12	15	37	21	11	3	3	1	4	0	3	47	6	45	14	1	3	1	14	4	6	0	0	0	0	0	0
OTU2528	0	0	0	0	0	0	0	0	0	0	0	0	0	0	0	0	0	0	2	0	0	0	0	0	0	0	0	0	0	0	0	0	0	0	0	0	0	0	0	0	0	0	0	0	0	0	0	0	0	0	0	0	0	0	0	0	0	0	0	0	0	0	0	0	0	0	0	0	0	0	0	0	0	0	0	0	0	0	0	0	0	0	0	0	0	0	0	0	0	0	0	0	0	0	0	0	0	0	13	0	2	6
OTU2529	0	0	0	0	0	0	0	0	0	0	0	0	0	0	0	0	0	0	3	0	3	0	0	0	0	0	0	0	0	0	0	0	0	0	0	0	0	0	0	0	0	14	11	0	0	0	0	0	0	0	0	0	0	0	0	0	0	0	0	0	0	0	0	0	0	0	0	0	0	0	0	0	0	0	0	0	0	2	0	0	0	0	0	0	0	0	0	0	16	0	0	0	0	0	0	0	0	0	0	0	0	0
OTU253	1	0	1	0	0	0	0	0	6	0	4	0	35	39	0	0	0	0	0	0	0	1	0	1	2	0	1	42	2	64	0	0	0	4	8	0	22	3	51	0	67	1	5	28	0	38	53	4	60	184	0	2	42	270	40	6	63	34	36	0	3	2	0	0	6	0	2	0	3	0	7	20	0	37	1	0	0	1	47	1	32	1	122	181	45	11	13	1170	0	55	78	5	7	24	2	95	1	0	1	0	3	0
OTU2530	0	0	0	0	0	0	0	0	0	0	0	0	0	0	0	0	0	0	0	0	8	35	0	0	1	0	0	0	0	1	0	0	8	0	0	0	0	0	0	0	0	0	0	0	0	0	0	0	0	2	0	5	0	0	0	0	0	0	0	13	0	0	0	0	0	0	0	0	0	0	0	0	0	4	0	0	12	4	0	0	0	0	0	0	0	0	0	0	0	0	0	0	0	0	0	0	0	0	0	0	3	0
OTU2531	0	0	0	0	0	0	0	0	0	0	0	0	0	0	0	0	0	0	0	0	0	0	0	0	0	0	0	5	0	2	0	0	0	0	0	0	0	4	6	0	0	2	0	1	0	0	0	0	2	1	2	2	4	1	0	0	3	1	0	1	0	0	1	0	1	0	1	0	0	0	1	4	4	4	3	0	0	0	0	3	1	0	1	0	0	0	1	1	1	2	0	0	1	3	1	0	0	0	0	0	0	1
OTU2532	0	0	0	0	0	0	0	0	0	0	0	0	0	0	0	0	0	0	0	0	0	0	0	0	0	0	0	17	0	0	0	0	0	0	0	0	0	0	0	0	0	0	0	0	0	0	0	1	0	0	0	0	0	0	0	0	0	0	2	0	0	19	0	0	2	0	9	1	15	0	0	0	0	0	0	0	0	0	0	0	0	0	0	21	2	0	0	0	0	0	0	0	0	1	5	0	0	0	0	0	0	0
OTU2533	0	0	0	0	0	0	0	0	0	0	0	0	0	0	0	0	0	0	0	0	0	0	0	0	0	0	0	23	0	0	0	0	0	0	0	0	0	0	0	0	0	0	0	0	0	0	0	0	0	0	0	0	0	0	0	0	0	1	0	0	0	0	0	0	0	0	0	0	0	0	0	0	0	0	0	0	0	0	0	0	0	0	0	0	0	0	0	0	0	0	0	0	0	0	0	0	0	0	0	0	0	0
OTU2534	0	0	0	3	0	0	0	0	3	0	3	0	2	0	0	0	0	0	0	0	0	0	0	1	0	0	0	4	9	14	3	0	0	0	0	0	17	3	2	0	6	10	0	0	0	0	8	0	0	0	5	0	1	0	0	0	0	1	0	0	0	0	0	0	0	0	0	0	0	3	0	4	5	1	0	2	44	3	0	2	0	1	0	0	5	0	0	7	8	4	7	0	0	0	2	0	0	0	0	0	0	0
OTU2535	0	0	0	0	0	0	0	0	0	0	0	0	0	0	0	0	0	0	0	0	0	0	0	0	0	0	0	0	12	0	1	0	0	0	0	0	0	0	0	0	0	2	0	0	0	0	0	0	0	0	0	0	0	0	0	0	2	0	0	0	0	0	0	0	0	0	0	0	0	0	0	0	0	0	9	0	0	5	0	0	0	0	0	2	0	0	0	0	0	0	0	0	0	1	0	0	0	0	0	0	0	0
OTU2536	0	0	0	0	0	0	0	0	0	0	0	0	0	0	0	0	0	0	0	0	0	0	0	0	0	0	0	0	2	0	1	0	0	0	0	0	0	0	0	0	0	0	0	0	0	0	0	2	0	0	0	10	0	0	0	0	0	0	0	0	0	0	0	0	0	0	0	0	0	0	0	0	0	0	0	0	0	0	0	0	0	0	0	0	8	0	0	0	0	0	0	0	0	0	0	0	0	0	0	0	0	0
OTU2537	0	0	0	0	0	0	0	0	0	0	0	0	0	0	0	0	0	0	0	0	0	0	0	0	0	0	0	0	0	24	0	0	0	0	0	0	0	0	0	0	0	0	0	0	0	0	0	0	0	0	0	0	0	0	0	0	0	0	0	0	0	0	0	0	0	0	0	0	0	0	0	0	11	1	0	0	0	0	0	0	0	0	0	0	0	0	0	0	0	0	0	0	0	0	0	0	0	0	0	0	0	0
OTU2538	0	0	0	0	0	0	0	0	0	0	0	0	5	0	0	0	0	0	0	0	0	0	0	0	0	0	0	1	0	13	0	0	1	0	0	0	0	0	0	0	0	9	1	4	0	1	7	1	4	0	0	0	9	4	10	9	0	4	8	0	0	0	0	0	13	0	3	0	2	1	0	6	0	14	0	0	0	0	1	0	1	4	3	2	2	0	0	22	1	6	2	1	0	0	0	0	3	1	0	0	0	5
OTU2539	0	0	0	0	0	0	0	0	0	0	0	0	0	0	0	0	0	0	0	0	0	1	0	0	0	0	0	0	0	0	0	0	0	0	0	0	18	0	0	0	0	0	0	0	0	0	0	0	0	0	0	0	0	0	0	0	0	0	0	0	0	0	0	0	0	0	0	0	0	0	0	0	0	0	0	0	0	0	0	0	0	0	0	0	0	0	0	0	0	0	0	0	0	0	0	0	0	0	0	0	0	0
OTU254	4	10	1	0	0	0	3	0	0	0	5	3	5	40	0	1	0	0	0	0	0	3	0	4	1	0	30	117	6	41	10	4	0	0	6	0	18	9	44	0	4	23	11	53	159	85	376	9	5	3	3	7	8	15	126	80	125	34	94	9	2	0	0	0	118	0	58	19	207	15	15	0	64	75	29	0	4	20	36	13	92	282	27	1	24	10	15	6	13	42	0	39	32	7	30	30	132	5	49	27	269	67
OTU2540	0	0	0	0	0	0	0	0	0	0	5	0	0	0	0	0	1	0	0	0	0	0	0	0	0	0	0	0	0	0	0	0	0	0	0	0	42	0	0	0	0	0	0	0	0	0	0	0	1	0	0	17	0	0	0	0	0	0	0	0	0	0	0	0	0	0	0	0	0	0	0	0	0	6	0	0	47	2	1	0	0	27	0	0	0	0	0	5	0	0	0	2	0	2	0	0	0	0	0	0	0	0
OTU2541	0	0	0	0	0	0	0	0	0	0	0	0	0	0	0	0	0	0	0	0	0	0	0	0	0	0	0	0	0	0	0	0	0	0	0	0	1	3	0	0	0	0	0	0	0	0	0	0	0	0	0	0	0	0	0	0	0	0	0	0	0	0	0	0	0	0	0	0	0	0	9	0	0	1	0	0	4	0	0	0	0	0	0	0	0	0	0	0	0	0	0	0	0	0	0	0	0	0	0	0	0	0
OTU2542	0	0	0	0	0	0	0	0	0	0	0	0	0	0	0	0	0	0	0	0	0	0	0	0	0	0	0	0	0	0	0	0	0	0	0	0	0	0	0	0	2	2	0	11	2	0	0	14	0	0	0	0	0	0	0	0	8	1	2	0	0	0	0	0	0	1	0	0	0	0	0	5	0	3	0	0	0	2	0	0	2	0	0	3	0	2	0	2	0	1	0	0	0	2	1	1	0	0	0	0	0	0
OTU2543	0	0	0	0	0	0	0	0	0	0	0	0	0	0	0	0	0	0	0	0	0	0	0	0	0	0	0	0	0	0	0	0	0	0	0	0	0	0	4	0	13	0	0	0	4	0	0	0	0	0	0	0	4	0	0	0	0	0	0	0	0	0	0	0	0	0	0	0	0	0	0	0	3	0	0	0	0	0	0	0	0	4	0	8	1	0	2	0	0	0	0	0	2	0	0	0	0	0	0	0	0	0
OTU2544	0	0	0	0	0	0	0	0	0	0	0	0	0	0	0	0	0	0	0	0	0	0	0	0	0	0	0	0	0	0	0	0	0	0	0	0	0	0	0	0	0	24	0	0	0	0	0	0	0	0	0	0	0	0	0	0	0	0	0	0	0	0	0	0	0	0	0	0	0	0	0	0	0	0	9	0	0	0	0	0	0	0	0	0	0	0	0	0	1	0	0	0	0	0	0	0	0	0	0	0	0	0
OTU2545	0	0	0	0	0	0	0	0	0	0	0	0	0	0	0	0	0	0	0	0	0	0	0	0	0	0	0	0	0	0	7	0	0	0	0	0	4	0	1	0	1	9	0	0	0	0	0	0	2	0	0	1	4	0	0	0	0	0	0	0	0	0	0	0	0	0	0	0	0	2	0	0	0	0	0	2	4	3	0	0	0	0	0	0	0	0	5	0	7	1	0	0	0	1	0	0	0	0	0	0	0	0
OTU2546	0	0	0	0	0	0	0	0	0	0	0	0	0	0	0	0	0	0	0	0	0	0	0	0	0	0	0	0	0	0	0	0	0	0	0	0	0	0	0	0	0	0	0	12	0	3	0	0	0	0	1	0	0	0	2	16	1	0	2	0	0	0	0	0	0	0	0	0	0	0	0	0	0	0	0	0	0	0	0	0	0	0	0	0	0	0	0	0	1	0	0	0	0	0	2	0	0	0	0	0	0	0
OTU2547	0	0	0	0	0	0	0	0	0	0	0	0	0	0	0	0	0	0	0	0	0	0	0	0	0	0	0	0	0	0	0	0	2	0	0	0	0	0	0	0	0	0	0	0	18	0	0	0	0	0	0	0	0	0	0	0	0	1	0	0	0	0	0	0	0	0	0	0	0	0	0	0	0	0	0	0	0	0	0	0	0	0	0	0	0	0	0	0	0	0	0	0	0	0	0	0	0	0	0	0	0	0
OTU2548	0	0	0	0	0	0	0	0	0	0	0	0	0	0	0	0	0	0	0	0	0	0	0	0	0	0	0	0	0	1	0	0	0	0	0	0	0	0	0	0	0	0	0	0	4	2	0	0	0	0	0	0	0	0	14	6	0	0	1	0	0	0	0	0	0	3	0	0	0	0	0	0	0	1	0	0	0	0	0	0	0	0	0	0	0	0	0	0	0	0	0	0	0	2	0	0	1	0	0	0	0	0
OTU2549	0	0	0	0	0	0	0	0	0	0	0	0	0	2	0	0	0	0	0	0	0	0	0	0	0	0	0	0	0	0	0	0	0	0	0	0	0	0	0	0	0	0	0	0	0	0	3	14	0	3	0	0	0	0	0	0	3	0	0	0	0	0	0	0	0	0	2	0	0	0	0	0	0	7	0	0	0	0	0	0	0	0	0	0	0	0	0	0	0	0	0	0	0	0	0	0	0	0	0	0	0	0
OTU255	2	13	0	4	0	0	0	1	7	3	13	4	9	15	0	0	0	0	0	0	1	3	0	7	0	0	43	147	2	28	27	0	1	1	0	0	156	26	437	0	16	57	123	1	3	22	7	0	7	14	25	9	34	4	4	15	106	17	12	0	0	0	0	0	0	0	3	0	0	67	0	57	1	20	38	62	509	214	0	10	19	2	17	4	0	16	29	102	26	22	0	15	7	28	1	44	13	0	0	0	1	1
OTU2550	0	0	0	0	0	0	0	0	0	0	0	0	0	0	0	0	0	0	0	0	0	0	0	0	0	0	0	0	0	0	0	0	0	0	0	0	0	0	0	0	0	0	0	0	0	0	0	0	3	0	0	0	1	0	2	0	0	0	0	0	0	0	0	4	0	0	0	0	0	0	0	0	0	0	0	0	0	1	0	0	0	3	0	0	0	8	0	0	4	0	2	0	1	0	0	0	0	8	0	0	0	0
OTU2551	0	0	0	0	0	0	0	0	0	0	0	0	0	0	0	0	0	0	0	0	0	0	0	0	0	0	0	0	0	0	0	0	0	0	0	0	0	0	23	0	0	0	0	0	0	1	0	0	11	0	0	0	1	0	0	0	0	1	3	3	0	0	0	0	0	0	0	0	0	7	0	0	0	0	0	1	0	0	0	0	0	22	0	0	0	0	0	0	0	1	0	0	1	1	0	0	0	0	0	0	0	0
OTU2552	0	0	0	0	0	0	0	2	0	0	0	0	0	0	2	0	0	0	0	0	0	0	0	0	0	0	0	0	0	0	0	0	0	0	0	0	0	0	0	0	0	0	0	0	0	0	0	0	1	1	0	0	0	0	0	0	0	0	0	0	0	0	0	0	0	0	0	0	0	0	0	0	42	0	0	0	0	0	0	0	0	0	0	0	0	0	0	0	0	0	0	0	0	0	0	0	2	0	0	0	0	0
OTU2553	0	0	0	0	0	0	0	0	0	0	0	0	0	0	0	0	0	0	0	0	0	0	0	0	0	0	0	0	0	0	0	0	0	0	0	0	0	0	0	0	0	0	0	0	0	0	0	0	0	0	0	0	1	0	0	0	0	0	0	0	0	0	0	0	0	0	0	0	0	0	0	5	0	0	0	0	0	0	0	0	0	5	5	6	0	0	0	0	0	0	0	0	1	4	0	0	0	0	0	0	0	0
OTU2554	0	0	0	0	0	0	0	0	0	0	0	0	0	0	0	0	0	0	0	0	0	0	0	0	0	0	0	0	0	0	0	0	0	0	0	0	0	0	0	0	0	0	0	0	0	0	0	0	0	0	0	0	2	0	0	3	0	0	0	0	0	0	0	14	0	3	0	0	1	0	0	0	0	0	0	0	0	0	0	0	0	0	0	0	0	2	0	0	0	0	0	0	1	0	0	0	0	10	0	0	0	0
OTU2555	0	0	0	0	0	0	0	0	0	0	0	0	0	0	0	0	0	0	0	0	0	0	0	0	0	0	0	0	0	0	0	0	0	0	0	0	0	0	0	0	3	0	0	1	0	0	0	2	0	2	0	7	1	13	14	7	2	0	0	0	0	0	0	2	0	3	0	0	0	0	0	6	11	16	0	0	0	0	0	0	0	2	0	0	0	0	9	11	0	0	0	0	0	12	0	3	0	0	0	0	0	0
OTU2556	0	0	0	0	0	0	0	0	0	0	0	0	0	0	0	0	0	0	0	0	0	0	0	0	0	0	0	0	0	0	0	0	0	0	0	0	0	0	0	0	0	0	0	0	0	0	0	0	0	0	0	0	0	0	0	0	1	0	0	0	0	0	0	0	0	0	0	0	0	25	0	0	0	0	0	0	0	0	0	0	0	0	0	0	0	0	0	0	0	0	0	0	0	1	0	0	0	0	0	0	0	0
OTU2557	0	0	0	0	0	0	0	0	0	0	0	0	0	0	0	0	0	0	0	0	0	0	0	0	0	0	0	0	0	0	0	0	0	1	0	0	0	0	0	0	0	0	0	0	0	0	0	0	0	0	0	0	0	0	0	0	1	0	0	0	0	0	0	22	0	4	0	0	0	0	0	0	0	0	0	0	0	0	0	0	0	0	0	0	0	3	0	0	0	0	0	0	7	0	0	0	1	9	0	0	0	0
OTU2558	0	0	0	0	0	0	0	0	0	0	0	0	0	0	0	0	0	0	0	0	0	0	0	0	0	0	0	0	0	0	0	0	0	0	0	0	0	0	0	0	0	0	1	2	0	0	2	0	0	0	0	0	0	0	5	0	5	0	0	0	0	0	0	0	0	0	0	0	0	22	0	0	0	1	0	0	2	0	0	2	0	0	0	0	2	0	0	0	2	2	2	4	0	0	0	0	0	0	0	0	0	0
OTU2559	0	0	0	0	0	0	0	0	0	0	0	0	0	0	0	0	0	0	0	0	0	0	0	0	0	0	0	0	0	0	0	0	0	0	0	0	0	0	0	0	0	0	0	0	0	0	0	0	0	0	0	0	0	0	0	0	0	76	0	0	0	0	0	0	0	0	0	11	0	0	0	0	0	0	0	0	0	0	0	0	0	0	0	0	0	0	0	0	0	0	0	0	0	0	0	0	0	0	0	0	0	0
OTU256	3	4	0	1	0	0	0	0	4	0	3	1	17	7	0	0	0	0	0	0	361	2	0	0	1	0	2	8	36	22	15	2	0	349	0	3	17	1	44	0	75	11	65	38	72	25	0	147	11	0	1	31	4	0	9	8	64	8	0	5	102	0	0	235	1	195	18	4	1	6	29	9	8	265	17	8	2	5	12	0	7	88	10	25	10	79	0	9	2	78	0	10	44	19	2	3	1	127	1	4	6	0
OTU2560	0	0	0	0	0	0	0	0	0	0	0	0	0	0	0	0	0	0	0	0	0	0	0	0	0	0	0	0	0	0	0	0	0	0	0	0	0	0	0	0	0	0	0	0	0	0	0	0	0	0	0	0	0	0	0	0	0	0	1	0	0	0	0	0	0	0	0	0	36	0	0	0	0	0	0	0	0	0	0	0	0	0	0	0	0	0	0	0	0	0	0	0	0	0	0	0	0	0	0	1	0	0
OTU2561	0	0	0	0	0	0	0	0	0	0	1	0	0	0	0	0	0	0	0	0	0	0	0	0	0	0	0	0	0	0	0	0	0	0	0	0	0	0	0	0	0	0	0	0	0	0	0	0	0	0	0	0	0	0	0	1	1	0	0	0	0	0	0	34	0	3	0	1	0	0	0	0	0	1	0	0	0	0	0	0	0	0	0	0	0	28	0	0	0	0	0	0	2	0	0	0	0	10	0	0	0	0
OTU2562	0	0	0	0	0	0	0	0	0	0	0	0	0	0	0	0	0	0	0	0	0	0	0	0	0	0	0	0	0	0	0	0	0	0	0	0	0	0	0	0	0	0	0	0	0	0	0	0	0	0	0	0	0	0	0	0	0	0	0	0	0	0	0	10	0	11	2	0	0	0	0	0	0	1	0	0	0	0	0	0	0	0	0	0	0	8	0	0	0	0	0	0	0	0	0	0	0	8	1	0	0	0
OTU2563	0	0	0	0	0	0	0	0	0	0	0	0	0	0	0	0	0	0	0	0	0	1	0	0	0	0	0	0	0	0	0	0	0	0	0	0	0	0	0	0	0	0	0	0	0	0	0	0	0	0	0	0	0	0	0	0	0	0	0	0	0	0	0	30	0	7	0	0	0	0	0	0	0	0	0	0	0	0	0	0	0	0	0	0	0	17	0	0	0	0	0	0	1	0	0	0	0	10	0	0	1	0
OTU2564	0	0	0	0	0	0	0	0	0	0	0	0	0	0	0	0	0	0	0	0	0	0	0	0	0	0	0	0	0	0	0	0	0	0	0	0	0	0	0	0	0	0	0	0	0	0	0	0	0	0	0	0	0	0	0	0	0	0	0	0	0	0	0	20	0	8	0	0	0	0	0	0	0	0	0	0	0	0	0	0	0	0	0	0	0	3	0	0	0	0	0	0	0	0	0	0	0	9	0	0	0	0
OTU2565	0	0	0	0	0	0	0	0	0	0	0	2	0	0	0	0	0	0	0	0	0	0	0	0	0	0	0	0	0	0	0	0	0	0	0	0	1	0	0	0	0	0	0	0	0	0	0	0	0	0	0	0	4	0	0	0	0	2	0	0	0	0	0	24	0	16	0	0	0	0	0	0	0	0	0	0	0	0	0	0	0	0	0	0	0	4	0	0	0	0	0	0	1	0	0	0	0	9	0	0	0	0
OTU2566	0	0	0	0	0	0	0	0	0	0	0	0	0	0	0	0	0	0	0	0	0	0	0	0	0	0	0	0	0	0	0	0	0	4	0	1	0	0	0	0	0	0	0	0	0	0	0	0	0	0	0	0	0	0	0	0	0	0	0	0	0	0	0	21	0	5	0	0	0	0	0	0	0	0	0	0	0	0	0	0	0	0	0	0	0	4	0	0	0	0	0	0	3	0	0	0	0	5	0	0	0	0
OTU2567	0	0	0	0	0	0	0	0	0	0	0	0	0	0	0	0	0	0	1	0	0	0	0	0	0	0	0	0	0	0	0	0	0	0	0	0	0	0	0	0	0	0	0	0	0	0	0	0	0	0	0	0	0	0	0	0	0	0	0	0	0	0	0	0	8	0	0	6	0	0	0	0	0	0	0	0	0	0	0	0	0	0	0	0	0	0	0	0	0	0	0	0	0	0	0	0	0	0	13	0	5	0
OTU2568	0	0	0	0	0	0	0	0	0	0	0	0	0	0	0	0	0	0	0	0	0	0	0	0	0	0	0	0	0	0	0	0	0	0	0	0	0	0	0	0	0	0	0	0	0	0	0	0	0	0	0	0	1	0	0	0	1	0	0	0	0	0	0	0	16	0	7	0	0	0	0	0	2	0	0	0	0	0	0	0	0	0	0	0	0	0	0	0	0	0	0	0	0	0	0	0	0	0	0	0	0	0
OTU2569	0	0	0	0	0	0	0	0	0	0	0	0	0	0	0	0	0	0	0	0	0	0	0	0	0	0	0	0	0	0	0	0	0	0	0	0	0	0	0	0	0	0	0	0	0	0	0	0	0	0	0	0	0	0	0	0	0	0	0	0	0	0	0	0	0	0	4	0	2	0	0	0	0	0	0	0	0	0	0	0	0	0	0	0	0	0	0	0	0	0	0	0	0	2	0	0	0	0	21	0	0	0
OTU257	0	1	0	0	0	0	1	0	0	0	2	0	10	10	0	0	0	0	0	0	0	0	0	0	0	0	37	35	66	89	97	0	1	7	0	6	0	3	0	0	4	2	0	3	28	78	1	195	6	0	0	20	6	0	19	26	55	27	15	0	3	0	6	4	21	5	14	65	30	19	11	5	46	41	0	0	5	3	30	12	6	1	219	42	344	3	9	2	4	34	61	11	5	11	6	5	10	4	83	344	124	46
OTU2570	0	0	0	0	0	0	0	0	0	0	0	0	0	0	0	0	0	0	0	0	0	0	0	0	0	0	0	0	0	0	0	0	0	0	0	0	0	0	0	0	0	0	0	0	0	0	0	0	0	0	0	0	0	0	0	0	0	0	0	0	0	0	0	0	6	0	8	12	18	0	0	0	0	0	0	0	0	0	0	0	0	0	0	0	0	0	0	0	0	0	0	0	0	0	0	0	0	0	0	0	0	1
OTU2571	0	0	0	0	0	0	0	0	0	0	1	0	0	0	0	0	0	0	0	0	0	0	0	0	0	0	0	0	0	0	0	0	0	0	0	0	0	0	0	0	0	0	0	0	0	0	0	0	0	0	0	0	0	0	0	0	0	0	0	0	0	0	0	0	0	0	0	16	0	0	0	0	0	2	0	0	0	0	0	0	0	0	1	0	0	0	1	0	9	0	0	0	0	0	0	0	0	0	0	0	0	0
OTU2572	0	0	0	0	0	0	0	0	0	0	0	0	0	0	0	0	0	0	0	0	0	0	0	0	0	0	0	0	0	0	0	0	0	0	0	0	0	0	0	0	0	0	0	0	0	0	0	0	0	0	0	0	0	0	0	0	0	0	1	0	1	0	0	0	0	0	0	0	32	0	0	0	0	0	0	0	0	0	0	0	0	0	0	0	0	0	0	0	0	0	0	0	0	0	0	0	0	0	0	0	0	0
OTU2573	0	0	0	0	0	0	0	0	0	0	0	0	0	0	0	0	0	0	0	0	0	0	0	0	0	0	0	1	0	0	0	0	0	0	3	0	0	0	0	0	0	0	0	0	0	0	0	0	0	0	0	0	0	0	0	0	0	1	0	0	0	0	0	0	0	0	11	7	28	0	0	0	0	0	0	0	0	0	0	0	0	0	0	0	0	0	0	0	0	0	0	0	0	0	0	0	0	1	0	0	0	0
OTU2574	0	0	0	0	0	0	0	0	0	0	0	0	0	0	0	0	0	0	0	0	0	0	0	0	0	0	0	0	0	0	0	0	0	0	0	0	0	0	0	0	0	0	0	0	0	0	0	0	0	0	0	0	0	0	0	0	0	0	0	0	0	0	0	0	0	0	0	0	18	0	0	0	0	0	0	0	0	0	0	0	0	0	0	0	0	0	0	0	0	0	0	0	0	0	0	0	0	2	0	0	0	0
OTU2575	0	0	0	0	0	0	0	0	0	0	1	0	0	0	0	0	0	0	0	0	0	0	0	0	0	0	0	0	0	0	0	0	0	0	0	0	0	0	0	0	0	0	0	0	0	0	0	0	0	0	4	0	0	0	0	0	0	0	0	0	0	0	0	0	0	0	0	0	0	17	0	0	0	0	0	0	0	0	0	0	0	0	2	0	0	0	0	0	0	0	0	0	0	0	0	0	0	0	0	0	0	0
OTU2576	0	0	0	0	0	0	0	0	0	0	0	0	0	0	0	0	0	0	0	0	0	0	0	0	0	0	0	0	0	0	0	0	0	0	0	0	0	0	0	0	0	0	0	0	0	0	0	0	0	0	0	0	0	0	0	0	0	0	0	0	0	0	0	0	0	0	0	0	0	4	0	2	2	0	0	0	0	0	0	0	0	1	16	0	0	0	0	0	0	0	0	0	0	0	0	0	0	0	0	0	0	0
OTU2577	0	0	0	0	0	0	0	0	0	0	0	0	0	0	0	0	0	0	0	0	0	0	0	0	0	0	0	4	0	0	0	0	0	0	0	0	0	0	0	0	0	0	0	0	0	0	0	0	0	0	0	0	0	0	0	0	0	0	0	0	0	0	0	0	0	0	0	0	0	0	0	15	0	0	11	0	0	0	0	0	2	0	0	0	0	0	0	0	0	3	0	0	0	0	0	0	0	0	0	0	0	0
OTU2578	0	0	0	0	0	0	0	0	0	0	7	0	0	0	0	0	0	0	0	0	0	0	0	0	0	0	0	0	0	0	0	0	0	0	0	0	26	0	0	0	0	0	0	0	0	0	0	0	0	2	0	10	0	0	0	0	0	0	0	0	0	0	0	0	0	0	0	0	0	0	0	0	1	1	0	0	33	1	1	0	0	7	1	0	0	0	1	0	0	0	0	3	0	0	0	0	0	0	0	0	0	0
OTU2579	0	0	1	0	3	0	0	0	0	0	28	0	0	0	0	0	4	0	0	0	1	14	0	0	0	0	0	0	0	0	0	0	0	0	0	0	127	0	0	0	0	5	0	0	0	0	0	0	0	1	0	25	0	0	0	0	0	0	0	3	0	0	0	0	0	0	0	0	0	0	0	0	7	10	0	0	178	4	3	0	0	73	2	0	0	1	0	6	0	0	0	0	0	0	0	0	0	0	0	0	0	0
OTU258	2	4	0	3	0	0	8	0	2	0	0	10	68	78	0	0	0	1	7	0	0	0	3	0	8	0	0	27	0	71	0	0	1	0	0	0	10	2	6	0	3	169	0	22	2	33	1	6	52	26	612	205	133	8	178	42	411	42	62	0	2	0	0	0	136	0	98	14	239	6	14	3	10	186	1	3	4	2	135	1	70	30	47	10	4	7	1	11	22	542	285	27	56	210	8	436	1837	4	10	0	11	21
OTU2580	0	0	0	0	0	0	0	0	0	0	1	0	0	0	0	0	0	0	0	0	0	4	0	0	0	0	0	0	0	0	0	0	0	0	0	0	23	0	0	0	0	0	0	0	0	0	0	0	0	0	0	2	1	0	0	0	0	0	0	2	0	0	0	0	0	0	0	0	0	0	0	0	0	2	0	0	34	0	0	0	1	28	0	0	0	0	0	0	0	0	0	0	0	0	0	0	0	0	0	0	0	0
OTU2581	0	0	0	0	0	0	0	0	0	0	8	0	0	0	0	0	2	0	0	0	0	12	0	0	0	0	1	0	0	0	0	0	0	0	0	0	26	0	0	0	0	0	0	0	0	0	0	0	0	5	0	13	0	0	0	0	0	0	0	18	0	0	0	0	0	0	0	0	0	1	0	0	0	0	0	0	57	0	0	0	1	47	0	0	0	0	0	0	0	0	0	3	0	0	0	0	0	0	0	0	0	0
OTU2582	0	0	1	0	0	0	0	0	0	0	15	0	0	1	0	0	2	0	0	0	0	1	0	0	0	0	0	0	0	0	0	0	0	0	0	0	67	0	0	0	0	4	0	0	0	0	0	0	0	15	0	52	1	0	0	0	0	1	0	0	0	0	0	0	0	0	0	0	0	1	0	0	6	15	0	0	84	11	5	1	0	78	1	0	0	0	4	7	0	0	0	7	1	2	0	0	1	0	0	0	0	0
OTU2583	0	0	0	0	0	0	0	0	0	0	1	0	0	0	0	0	0	0	0	0	0	8	0	0	0	0	0	0	0	0	0	0	0	0	0	0	23	0	0	0	0	0	0	0	0	0	0	0	0	0	0	9	0	0	0	0	0	0	0	5	0	0	0	0	0	0	0	0	0	0	0	0	0	5	0	0	29	2	0	1	0	28	0	0	0	0	0	0	0	0	0	0	0	0	0	1	0	0	0	0	0	0
OTU2584	0	0	0	0	0	0	0	0	0	0	0	0	0	0	0	0	0	0	0	0	0	0	0	0	0	0	0	0	0	0	0	0	0	0	0	0	0	0	0	0	0	0	0	0	0	0	0	0	0	0	0	0	0	0	0	0	0	0	0	0	0	0	0	0	0	0	0	0	0	0	0	0	0	0	0	0	0	0	0	0	0	0	0	0	0	0	0	0	0	0	0	0	0	2	0	0	0	0	21	0	0	0
OTU2585	0	0	0	0	0	0	0	0	0	0	0	0	0	0	0	0	0	0	0	0	0	0	0	0	0	0	0	0	0	0	0	0	0	0	0	0	0	0	0	0	0	0	0	0	0	0	0	0	0	0	0	0	0	0	0	0	0	0	0	0	0	0	0	0	0	0	0	0	0	0	0	0	0	0	0	0	0	0	0	0	0	0	0	0	0	0	0	0	0	0	0	0	0	1	0	0	0	2	19	0	0	0
OTU2586	0	0	0	0	0	0	0	0	0	0	0	0	0	0	0	0	0	0	0	0	0	0	0	0	0	0	0	0	0	0	0	0	0	0	0	0	0	0	0	0	1	0	0	0	0	3	0	0	0	0	0	0	0	0	0	0	2	0	0	0	0	0	0	0	0	0	0	0	0	0	0	0	0	0	0	0	0	0	0	0	0	0	0	0	0	0	0	0	0	0	0	0	0	0	77	23	0	0	0	1	0	0
OTU2587	0	0	0	0	0	0	0	0	0	0	0	0	0	0	0	0	0	0	0	0	0	0	0	0	0	0	0	0	0	0	0	0	0	0	0	0	0	0	0	0	0	0	0	0	0	0	0	0	0	0	0	0	0	0	0	0	0	0	0	0	0	0	0	0	0	0	0	0	0	0	0	0	0	0	0	0	0	0	0	0	0	0	0	0	0	0	0	0	0	0	0	0	0	0	0	1	0	0	0	0	21	0
OTU2588	0	0	0	0	0	0	0	0	0	0	0	0	0	0	0	0	0	0	0	0	0	0	0	0	0	0	0	0	0	0	0	0	0	3	0	0	0	0	0	0	0	0	0	0	0	0	0	0	0	0	0	0	0	0	0	0	0	0	0	0	0	0	0	0	0	0	0	0	1	0	0	0	0	0	0	0	0	0	0	0	0	0	0	0	0	0	0	0	0	0	0	0	0	0	0	0	0	0	1	32	0	0
OTU2589	0	0	0	0	0	0	0	0	0	0	0	0	0	0	0	0	0	0	0	0	0	0	0	0	0	0	0	0	0	0	0	0	0	0	0	0	0	0	0	0	0	0	0	0	0	0	0	0	0	0	0	0	0	0	0	0	0	0	0	0	0	0	0	0	0	0	0	0	0	0	0	0	0	0	0	0	0	0	0	0	0	0	0	0	0	0	0	0	0	0	0	0	0	0	0	0	0	0	0	0	18	0
OTU259	1	5	1	9	0	0	1	9	4	0	5	1	45	45	0	0	0	0	8	0	5	23	1	0	0	0	1330	335	108	698	154	0	10	4	6	1	515	1	5	0	2	134	483	1	6	7	1	6	77	44	23	21	306	14	19	4	123	25	64	0	10	0	0	5	7	0	9	11	1125	14	2	306	40	134	72	241	3	5	5	21	14	2	556	33	6	1	6	9	38	39	76	1	4	39	7	7	12	7	14	0	29	16
OTU2590	0	0	0	0	0	0	0	0	0	0	0	0	0	0	0	0	0	0	0	0	0	0	0	0	0	0	0	0	0	0	0	0	0	0	0	0	0	0	0	0	0	0	0	0	0	0	0	0	0	0	0	0	0	0	0	0	0	0	0	0	0	0	0	0	0	0	0	0	0	0	0	0	0	0	0	0	0	0	0	0	0	0	0	0	0	0	0	0	0	0	0	0	0	0	0	0	0	0	0	0	0	21
OTU2591	0	0	0	0	0	0	1	0	0	0	0	0	0	0	0	0	0	0	0	0	0	0	0	0	0	0	0	0	0	0	0	0	0	0	0	0	0	0	0	0	0	0	0	0	0	0	0	0	0	0	0	0	0	0	0	0	0	0	0	0	0	0	0	0	0	0	1	0	0	0	0	0	0	0	0	0	0	0	0	0	0	0	0	0	0	0	0	0	0	0	0	0	0	0	0	1	0	0	0	0	24	0
OTU2592	0	0	0	0	0	0	0	0	0	0	1	0	6	0	0	0	0	0	0	0	0	0	0	0	0	0	0	0	0	0	0	0	0	0	0	0	0	0	0	0	0	0	0	0	0	0	0	10	0	0	0	0	0	0	0	0	4	0	0	0	0	0	0	0	0	0	0	0	0	0	0	0	0	0	0	0	0	0	0	0	0	0	6	0	0	1	0	0	0	0	0	0	0	0	0	0	0	0	0	0	0	0
OTU2593	0	0	0	0	0	0	0	0	0	0	0	0	1	0	0	0	0	0	0	0	0	0	0	0	0	0	0	0	0	0	0	0	0	0	0	0	0	0	0	0	0	1	0	0	0	4	0	0	0	0	0	0	0	0	0	1	0	0	5	0	0	0	0	0	0	0	0	0	0	0	0	0	0	0	0	0	0	0	0	0	0	4	9	0	0	0	0	0	0	0	0	0	0	0	0	0	2	0	0	0	0	0
OTU2594	0	0	0	0	0	0	0	0	0	0	0	0	1	1	0	0	0	0	0	0	0	0	0	0	0	0	0	0	0	0	33	0	0	0	0	0	0	0	0	0	0	0	0	0	0	0	0	0	0	0	0	0	0	1	0	0	1	0	0	0	0	0	0	0	0	0	0	0	0	0	0	0	0	0	0	3	0	0	0	0	0	1	0	0	0	0	0	0	3	2	0	1	0	6	0	0	0	0	0	0	0	0
OTU2595	0	0	0	0	0	0	2	1	0	0	1	0	0	1	0	0	0	0	0	0	0	0	0	0	0	0	0	0	0	0	0	0	0	0	0	0	1	0	0	0	0	0	0	0	0	0	0	0	0	2	0	0	0	0	0	0	2	0	0	0	0	0	0	25	0	11	1	0	0	0	0	0	0	5	0	0	0	0	0	0	0	2	0	0	0	14	0	0	0	0	0	0	2	0	0	0	0	14	0	0	0	0
OTU2596	0	0	0	0	0	0	0	0	0	0	0	0	0	0	0	0	0	0	0	0	0	0	0	0	0	0	0	0	0	0	0	0	0	0	0	0	0	0	0	0	0	0	0	0	0	0	0	0	0	0	0	0	0	0	0	0	0	0	0	0	0	0	0	1	0	0	0	0	0	0	0	0	0	0	0	0	0	0	0	0	0	0	0	0	0	0	0	0	0	0	0	0	0	0	0	0	0	0	0	0	0	0
OTU2597	0	0	0	0	0	0	0	0	0	0	0	0	0	0	0	0	0	0	0	0	0	0	0	0	0	0	0	31	0	1	0	0	0	0	0	0	0	0	0	0	2	0	0	0	0	3	0	0	0	0	0	0	0	0	1	0	1	0	1	0	0	0	0	0	0	0	0	0	0	0	0	0	0	0	0	0	0	0	4	0	0	0	0	0	0	1	0	0	0	0	0	0	0	0	0	0	0	0	0	0	0	0
OTU2598	0	0	1	0	0	0	0	0	0	0	0	0	0	0	0	0	0	0	0	0	0	0	0	0	0	0	0	1	0	0	0	0	0	0	0	0	0	0	0	0	0	0	0	0	0	0	0	3	0	0	0	0	4	0	0	0	2	0	0	0	0	0	0	0	0	0	0	0	0	0	0	0	9	0	0	0	0	22	0	0	2	0	8	0	0	0	0	0	0	0	0	0	0	0	0	0	0	0	0	0	0	0
OTU2599	0	0	0	2	0	0	0	0	0	0	1	0	0	0	0	0	0	0	0	0	0	0	0	0	0	0	1	9	0	0	0	0	0	0	0	0	1	0	3	0	2	2	4	0	0	0	0	0	0	0	1	0	0	0	0	0	1	0	0	0	0	0	0	0	0	0	0	0	0	0	0	2	0	2	1	2	0	0	0	2	0	0	0	0	0	0	5	10	12	1	0	0	0	0	0	0	0	0	0	0	1	0
OTU26	0	2	0	4	0	0	46	17	5	0	258	11	54	23	0	0	1	0	28	0	7544	22	18	12	8	12	4	31	3	8	3	4	29	7578	39	27	10	8	9	0	7	8	207	7	11	209	3	2	12	12	4	15	43	1	10	192	102	32	7	11	3379	5	10	11139	19	4308	223	58	42	15	1	9	1	135	10	5	7	4	2	6	30	5	72	1	2	5732	2	8	7	35	5	1	1429	15	9	14	2	5956	40	16	34	24
OTU260	0	0	2	3	0	0	0	0	2	0	1	0	31	25	0	0	0	0	0	0	8	0	0	0	0	0	29	31	63	1	4	0	0	0	1	0	5	5	0	0	1	5	8	7	17	32	1	3	3	5	32	4	47	20	1216	13	136	19	7	5	1	0	0	7	26	8	2	0	0	6	1	5	16	45	0	1	1	4	2	1	68	144	40	6	11	14	0	1	0	42	13	9	13	18	39	368	2	4	0	0	4	0
OTU2600	0	0	0	0	0	0	0	0	0	0	0	0	0	0	0	0	0	0	0	0	0	0	0	0	0	0	0	0	1	0	0	0	0	0	0	0	0	0	0	0	0	0	2	0	0	0	0	0	0	0	1	0	0	0	0	0	3	0	0	0	0	0	0	0	0	0	0	0	0	10	0	0	0	0	0	0	1	0	0	0	0	0	0	2	0	0	0	0	0	0	0	0	0	0	0	2	0	0	0	0	0	0
OTU2601	0	0	0	0	0	0	0	0	0	0	0	0	0	0	0	0	0	0	0	0	0	0	0	0	0	0	0	0	0	24	0	0	0	0	0	0	0	0	0	0	0	0	0	0	0	0	0	0	0	0	0	0	0	0	0	0	0	0	0	0	0	0	0	0	0	0	0	0	0	0	0	0	0	0	0	0	0	0	0	0	0	0	0	0	0	0	0	0	0	0	0	0	0	0	0	0	0	0	0	0	0	0
OTU2602	0	0	0	0	0	0	0	0	0	0	0	0	0	0	0	0	0	0	0	0	0	0	0	0	0	0	0	0	0	4	0	0	0	0	0	0	0	0	0	0	0	1	0	0	0	0	4	0	0	0	0	0	0	0	0	0	0	0	9	0	0	0	0	0	0	0	0	0	3	0	0	0	0	0	0	0	0	0	0	0	0	0	0	0	0	0	0	0	0	0	0	0	0	0	0	0	0	0	0	0	0	0
OTU2603	0	0	0	0	0	0	0	0	0	0	0	0	0	0	0	0	0	0	0	0	0	0	0	0	0	0	0	0	0	0	0	0	0	38	0	0	0	0	0	0	0	0	0	0	0	2	0	0	0	0	0	0	0	0	0	0	0	0	0	0	0	0	0	10	0	2	0	0	0	0	0	0	0	0	0	0	0	0	0	0	0	0	0	0	0	1	0	0	0	0	0	0	2	0	0	0	0	3	0	0	0	0
OTU2604	0	0	0	0	0	0	0	0	0	0	0	0	0	0	0	0	0	0	0	0	0	0	0	0	0	0	0	0	0	0	0	0	0	0	2	0	0	0	0	0	0	0	0	0	0	0	0	0	0	0	0	0	0	0	0	0	0	0	0	0	0	0	0	0	0	0	0	0	0	0	0	0	0	0	0	0	0	0	0	0	0	0	0	0	0	0	0	0	0	0	0	0	0	0	0	0	0	0	9	26	0	0
OTU2605	0	0	0	0	0	0	0	0	0	0	2	0	0	0	0	0	0	0	0	0	0	0	5	0	0	0	0	0	0	0	0	0	0	0	0	0	39	0	0	0	0	2	0	0	2	0	0	0	3	3	0	4	0	0	0	0	0	0	0	0	0	0	0	0	0	0	0	0	0	0	0	0	3	9	0	0	66	1	0	0	0	9	0	0	0	0	0	1	0	0	0	1	0	0	0	0	0	0	0	0	0	0
OTU2606	0	0	0	0	0	0	0	0	0	0	0	1	0	0	0	0	0	0	0	0	0	0	0	0	0	0	0	0	0	0	0	0	0	0	0	0	0	0	0	0	1	0	0	0	0	0	0	0	0	0	0	0	0	0	3	3	16	0	0	0	0	0	0	0	0	0	0	0	0	0	0	0	0	0	0	0	0	0	0	0	0	0	0	0	0	0	0	0	0	0	0	0	0	0	0	0	0	0	0	0	0	0
OTU2607	0	0	1	0	0	0	0	0	0	0	0	0	0	0	0	0	0	0	0	0	1	0	0	0	0	0	0	1	0	0	0	0	0	0	0	0	8	0	0	0	0	0	73	2	0	1	0	1	0	0	0	0	2	0	0	2	11	2	3	0	0	0	0	0	0	0	0	0	0	0	0	0	0	4	15	0	0	0	1	0	1	0	0	0	0	0	0	0	3	0	0	0	0	0	0	0	5	0	0	0	0	0
OTU2608	0	0	0	0	0	0	0	0	0	0	0	0	0	0	0	0	0	0	0	0	0	0	0	0	0	0	0	0	0	0	0	0	0	0	0	0	0	0	0	0	0	0	0	17	0	0	0	0	0	0	0	0	0	0	0	0	0	0	0	0	0	0	0	0	0	0	0	0	0	0	0	0	0	2	0	0	0	0	0	0	0	0	0	0	0	0	0	0	0	0	0	0	0	0	0	0	0	0	0	0	0	0
OTU2609	0	0	0	0	0	0	0	0	0	0	0	0	0	1	0	0	0	0	0	0	0	0	0	0	0	0	0	0	0	0	0	0	0	0	0	0	0	0	0	0	0	0	0	1	0	0	0	5	0	0	0	0	0	0	6	7	1	2	9	0	0	0	0	0	0	0	0	0	0	0	0	0	0	0	0	0	0	0	0	0	1	0	0	0	0	0	0	0	0	0	0	0	1	0	0	0	0	0	0	0	0	0
OTU261	0	0	0	0	0	0	2	2	0	0	1	0	0	0	0	0	0	0	0	3	2	9	1	1	2	0	0	0	0	0	0	0	3	13	1	3	0	0	0	0	0	0	0	0	0	0	0	0	0	0	0	0	0	0	3	0	17	22	11	2	3	4	1	0	229	2	579	721	212	0	0	0	0	0	0	0	2	0	0	0	0	0	0	0	2	2	0	0	0	2	0	0	0	23	10	16	11	17	486	577	894	333
OTU2610	0	0	0	0	0	0	0	0	0	0	0	0	0	0	0	0	0	0	0	0	0	0	0	0	0	0	0	0	0	0	0	0	0	0	0	0	0	0	0	0	0	0	0	0	0	1	0	0	0	0	0	0	0	0	0	88	7	0	0	0	0	0	0	0	0	1	0	0	0	0	0	0	0	2	0	0	0	0	0	0	0	0	0	0	0	0	0	0	0	0	0	0	2	0	0	0	1	0	0	0	0	0
OTU2611	0	0	0	0	0	0	0	0	0	0	0	0	0	0	0	0	0	0	0	0	0	0	0	0	0	0	0	0	0	1	0	0	0	0	0	0	0	0	0	0	0	0	0	0	0	0	5	0	1	0	3	0	2	0	0	0	0	0	0	0	0	0	0	0	0	0	0	0	0	0	0	1	0	4	0	0	0	0	0	0	0	0	2	0	0	0	0	0	0	2	2	5	0	0	2	0	0	0	0	0	0	0
OTU2612	0	0	0	0	0	0	0	0	0	0	0	0	0	0	0	0	0	0	0	0	0	0	0	0	0	0	0	0	5	5	0	0	0	0	1	0	0	0	0	0	0	0	0	0	0	0	2	0	0	0	0	0	3	0	0	0	0	0	0	0	0	0	0	0	0	0	0	0	0	0	0	24	0	0	0	0	3	0	0	0	0	0	0	0	0	0	0	0	0	0	0	0	0	0	0	0	0	0	0	0	0	0
OTU2613	0	0	0	0	0	0	0	0	0	0	0	0	0	0	0	0	0	0	0	0	0	0	0	0	0	0	0	0	0	0	0	0	0	0	0	0	0	0	0	0	0	0	0	0	0	0	0	0	11	0	0	0	10	0	0	0	0	1	0	0	0	0	0	0	0	0	0	0	0	0	0	0	0	0	3	0	0	0	0	0	0	0	0	0	0	0	0	0	0	0	0	0	0	0	0	0	0	0	0	0	0	0
OTU2614	0	0	0	0	0	0	0	0	0	0	0	0	0	0	0	0	0	0	0	0	0	0	0	0	0	0	0	1	0	0	0	0	0	0	0	0	0	0	0	0	0	0	0	0	0	0	0	0	6	0	0	0	0	3	2	0	0	1	0	0	0	0	0	0	0	0	0	0	0	0	0	0	0	0	0	0	0	0	0	0	0	6	0	0	0	0	0	0	0	0	0	0	0	0	0	9	0	0	0	0	2	0
OTU2615	0	0	0	0	0	0	0	0	0	0	0	0	0	0	0	0	0	0	0	0	0	0	0	0	0	0	0	0	0	0	0	0	0	0	0	0	0	0	0	0	0	0	1	0	0	0	0	0	0	0	1	0	0	0	0	0	0	0	0	0	0	0	0	0	0	0	0	0	0	0	0	0	0	8	0	0	0	2	0	0	0	0	0	0	6	1	2	0	0	0	0	0	0	0	0	0	0	0	0	0	0	0
OTU2616	0	0	0	0	0	0	0	0	0	0	0	0	0	0	0	0	0	0	0	0	0	0	0	0	0	0	0	0	0	0	0	0	0	0	0	0	0	0	0	0	0	0	0	0	0	0	0	0	0	0	0	15	0	0	0	0	0	0	0	0	0	0	0	0	0	0	0	0	0	0	0	0	4	0	0	0	0	0	0	0	0	0	0	0	0	0	0	0	0	0	0	0	0	0	0	0	0	0	0	0	0	0
OTU2617	0	0	0	0	0	0	0	0	0	0	0	0	0	0	0	0	0	0	0	0	0	0	0	0	0	0	0	0	0	0	0	0	0	0	0	0	0	0	0	0	0	0	0	0	0	0	0	0	0	0	0	14	0	0	5	0	0	1	16	0	0	0	0	0	0	0	0	0	0	0	0	0	0	0	0	0	0	0	0	0	0	0	1	0	0	0	0	0	0	3	0	0	2	0	0	0	0	0	0	0	0	0
OTU2618	0	0	0	0	0	0	0	0	0	0	0	0	0	0	0	0	0	0	0	0	0	0	0	0	0	0	0	0	0	0	0	0	0	0	0	0	0	0	0	0	0	0	0	0	0	0	0	0	0	0	0	2	0	0	0	0	1	0	0	0	0	0	0	0	0	0	0	0	0	0	0	0	0	24	0	0	0	0	0	0	0	0	0	0	0	0	0	0	0	0	0	0	0	2	0	0	0	0	0	0	0	0
OTU2619	0	0	0	0	0	0	0	0	0	0	2	0	2	0	0	0	0	0	0	0	0	0	0	0	0	0	0	2	0	0	0	0	0	0	0	0	0	0	0	0	0	0	0	0	0	0	0	0	0	0	0	0	2	0	0	0	0	2	0	0	0	0	0	0	0	0	8	2	0	0	0	0	7	1	0	0	0	0	0	0	0	0	13	0	25	2	0	0	0	4	0	0	1	3	0	0	0	0	2	0	0	0
OTU262	0	0	0	1	0	0	0	6	4	0	4	2	16	29	2	0	1	0	0	0	0	1	0	3	3	0	13	10	4	174	22	0	0	25	2	13	39	4	49	0	23	3	3	4	4	23	14	445	101	22	0	17	48	4	10	2	194	11	5	1	0	0	0	7	0	12	7	4	5	8	0	3	23	509	3	176	18	8	158	0	14	16	24	0	31	5	4	7	3	20	1	41	18	44	10	11	6	3	0	0	0	0
OTU2620	0	0	0	0	0	0	0	0	0	0	0	0	0	0	0	0	0	0	0	0	0	0	0	0	0	0	0	0	0	0	0	0	0	0	0	0	0	0	0	0	0	1	1	0	0	0	0	0	0	0	0	0	0	0	5	4	4	0	8	0	0	0	0	7	0	7	0	0	1	0	0	0	22	0	0	3	0	0	0	0	0	1	0	0	0	1	0	0	1	0	0	0	0	0	0	0	0	2	0	0	0	0
OTU2621	0	0	0	0	0	0	0	0	0	0	0	0	0	0	0	0	0	0	0	0	0	0	0	0	0	0	0	0	0	0	0	0	0	0	0	0	0	0	0	0	1	1	2	0	0	0	0	0	0	0	0	0	0	0	3	0	2	0	1	0	0	0	0	0	0	0	0	0	0	7	0	0	0	0	16	0	0	0	0	5	5	0	0	0	0	0	0	0	0	1	0	0	0	0	0	0	0	0	0	0	0	0
OTU2622	0	0	0	0	0	0	0	0	0	0	0	0	0	0	0	0	0	0	0	0	0	0	0	0	0	0	0	0	0	0	0	0	0	0	0	0	0	0	0	0	0	0	0	0	0	0	0	0	0	0	0	0	0	0	2	0	0	0	1	0	0	0	0	0	13	0	3	16	11	0	0	0	0	0	0	0	0	0	0	0	0	0	0	0	0	0	0	0	0	0	0	0	0	0	0	0	0	2	0	0	0	0
OTU2623	0	0	0	0	0	0	0	0	0	0	0	0	0	0	0	0	0	0	0	0	0	0	0	0	0	0	0	0	0	0	0	0	0	0	0	0	0	0	0	0	0	0	0	0	0	0	0	0	0	0	0	1	0	0	0	0	6	0	0	0	0	0	0	0	0	0	0	0	0	0	0	0	0	0	0	0	0	0	0	0	0	4	0	0	0	7	0	0	0	1	0	0	0	0	0	0	16	0	0	0	0	0
OTU2624	0	0	0	0	0	0	0	0	0	0	0	0	0	0	0	0	0	0	0	0	0	0	1	0	0	0	0	0	0	0	0	0	0	0	0	3	0	0	0	0	0	0	0	0	0	0	0	0	0	0	0	0	0	0	0	0	1	0	0	0	0	0	0	19	0	17	1	2	0	0	0	0	0	2	0	0	0	0	0	0	0	0	0	0	0	7	0	0	0	0	0	0	5	0	0	0	0	14	0	0	0	0
OTU2625	0	0	0	0	0	0	0	0	0	0	0	0	0	1	0	0	0	0	0	0	0	0	0	0	0	0	0	0	0	0	0	0	0	0	0	0	0	0	0	0	0	0	0	0	0	0	0	0	0	0	0	0	0	0	0	0	0	1	0	0	0	0	0	9	0	3	0	0	0	0	0	0	0	0	0	0	0	0	0	0	0	0	0	0	0	7	0	0	0	0	0	0	1	0	0	0	0	6	0	0	0	0
OTU2626	0	0	0	0	0	0	0	0	0	0	0	0	0	0	0	0	0	0	0	0	0	0	0	0	0	0	0	0	0	0	0	0	0	0	0	0	0	0	0	0	0	0	0	0	0	0	0	0	0	0	0	0	0	0	0	0	0	1	0	0	0	0	0	0	0	0	0	0	0	0	0	0	0	0	0	0	0	0	0	0	0	20	0	0	0	0	0	0	0	0	0	0	0	0	0	0	0	0	0	0	0	0
OTU2627	0	0	0	0	0	0	1	0	0	0	0	0	0	0	0	0	0	0	0	0	0	0	0	0	0	0	0	0	0	0	0	0	0	0	0	0	0	0	0	0	0	0	0	0	0	0	0	0	0	0	0	0	0	0	0	0	0	0	1	0	0	0	0	0	1	0	5	0	30	0	0	0	0	0	0	0	0	0	0	0	0	0	0	0	0	0	0	0	0	0	0	0	0	0	0	0	0	0	0	0	2	0
OTU2628	0	0	0	0	0	0	0	0	0	0	0	0	1	0	0	0	0	0	0	0	0	0	0	0	0	0	0	0	0	0	0	0	1	0	0	0	0	0	0	0	0	0	0	0	0	0	0	0	0	0	0	0	0	0	0	0	0	1	0	0	0	0	3	29	0	3	0	0	0	1	0	0	0	0	0	0	0	0	0	0	0	0	0	0	0	10	0	0	0	4	0	0	0	0	0	0	0	4	0	0	0	0
OTU2629	0	0	0	0	0	0	0	0	0	0	0	0	0	0	0	0	0	0	0	0	0	0	0	3	0	0	0	0	0	0	0	0	0	0	0	0	0	0	0	0	0	0	0	0	0	0	0	0	0	4	0	0	0	0	0	0	0	0	0	0	0	0	0	19	0	12	0	0	0	0	0	0	0	0	0	0	0	0	0	0	0	0	0	0	0	5	0	0	0	0	0	0	2	0	0	0	0	6	0	0	0	0
OTU263	11	0	0	0	0	0	0	0	0	0	0	0	19	9	1	0	0	0	0	0	0	0	0	0	0	0	0	6	4	50	1	0	0	0	0	11	0	2	0	0	2	1	3	8	4	28	2	282	4	1	2	3	164	3	8	0	67	74	926	1	1	0	1	5	0	3	2	0	19	5	0	1	5	27	0	4	1	1	5	0	4	10	103	2	24	21	0	0	8	16	1	22	28	151	27	222	76	2	1	0	12	2
OTU2630	0	0	0	0	0	0	0	0	0	0	0	0	0	0	0	0	0	0	0	0	0	0	0	0	0	0	0	0	0	0	0	0	0	0	0	0	0	0	0	0	0	0	0	0	0	0	0	0	0	0	0	0	0	0	0	0	0	0	0	0	0	0	0	0	14	0	1	0	0	0	0	0	0	0	0	0	0	0	0	0	0	0	0	0	0	0	0	0	0	0	0	0	0	0	0	0	0	0	14	0	1	0
OTU2631	0	0	0	0	0	0	0	0	0	0	0	0	0	0	0	0	0	0	0	0	0	0	0	0	0	0	0	0	0	0	0	0	0	0	0	0	0	0	0	0	0	0	0	0	0	0	0	0	0	0	0	0	0	0	0	0	0	1	0	0	0	0	0	0	9	0	2	0	0	0	0	0	0	0	16	0	0	0	0	0	0	0	0	0	0	0	0	0	0	0	0	0	0	0	0	0	0	0	0	0	0	0
OTU2632	0	0	0	0	0	0	0	0	0	0	0	0	0	0	0	0	0	0	0	0	0	0	0	0	0	0	0	0	0	0	0	0	0	0	0	0	0	0	0	0	0	0	0	0	0	0	0	0	0	0	0	0	0	0	0	0	0	0	0	0	0	0	0	0	0	1	0	0	0	0	0	0	0	0	0	0	0	0	0	0	0	0	0	0	0	0	0	0	0	0	0	0	0	0	0	0	0	0	25	0	0	0
OTU2633	0	0	0	0	0	0	0	0	0	0	0	0	0	0	0	0	0	0	0	0	0	0	0	0	0	0	0	0	0	0	0	0	0	0	0	0	0	0	0	0	0	0	0	0	0	0	0	0	0	0	0	0	0	0	0	0	0	0	0	0	0	0	0	0	0	2	0	13	10	0	0	0	0	0	0	0	0	0	0	0	0	0	0	0	0	0	0	0	0	0	0	0	0	0	0	0	0	0	0	0	0	0
OTU2634	0	0	0	0	0	0	0	1	0	0	0	0	0	0	0	0	0	0	0	0	0	0	0	1	0	0	0	0	0	0	0	0	0	0	0	0	0	0	0	0	0	0	0	0	0	0	0	0	0	0	0	0	0	0	0	0	0	0	0	0	0	0	0	7	0	2	2	0	0	0	0	0	0	0	0	0	0	0	0	0	0	0	0	0	0	7	0	0	0	0	0	0	0	0	0	0	0	5	0	0	0	0
OTU2635	0	0	0	0	0	0	0	0	0	0	0	0	0	0	0	0	0	0	0	0	0	0	0	0	0	0	0	0	0	0	0	0	0	0	0	0	0	0	0	0	0	0	0	0	0	0	0	0	0	0	0	0	0	0	0	0	0	2	0	0	0	0	0	0	0	0	22	14	0	0	0	0	0	0	0	0	0	0	0	0	0	0	0	0	0	0	0	0	0	0	0	0	0	0	0	0	0	0	0	0	0	0
OTU2636	0	0	0	0	0	0	0	0	0	0	0	0	0	0	0	0	0	0	0	0	0	0	0	0	0	0	0	0	0	0	0	0	0	0	0	0	0	0	0	0	0	0	0	0	0	0	0	0	0	0	0	0	0	0	0	0	0	1	0	0	0	0	0	0	0	0	1	31	0	0	0	0	0	0	0	0	0	0	0	0	0	0	0	0	0	0	0	0	0	0	0	0	0	0	0	0	0	0	0	0	0	0
OTU2637	0	2	0	0	0	0	0	0	0	0	0	0	1	2	0	0	0	0	0	0	0	0	0	0	0	0	0	1	0	0	0	0	0	0	0	0	0	0	0	0	2	0	0	10	16	4	4	0	5	0	0	0	0	2	0	0	3	0	3	0	0	0	0	0	10	0	0	0	17	0	0	0	2	2	0	0	0	0	1	1	3	0	5	4	0	1	0	1	0	1	0	0	1	2	0	0	0	0	0	0	0	0
OTU2638	0	1	0	0	0	0	0	0	0	0	2	0	0	0	0	0	0	0	0	0	0	2	0	0	0	0	0	0	0	0	0	0	0	0	0	0	16	0	0	0	0	0	0	0	0	0	0	0	0	6	0	15	0	0	1	0	0	0	0	0	0	0	0	0	0	0	0	0	0	0	0	0	1	1	0	0	34	1	1	0	0	4	0	0	0	0	0	0	0	1	0	0	0	0	0	0	0	0	0	0	0	0
OTU2639	0	0	0	0	0	0	0	0	0	0	0	0	0	0	0	0	0	0	0	0	0	0	0	3	0	0	0	35	0	9	0	0	0	0	0	0	0	0	19	0	0	3	0	0	0	0	0	0	0	0	1	0	0	0	0	0	1	2	0	0	0	0	0	0	0	0	0	0	0	0	0	0	0	0	0	0	37	7	0	0	0	2	0	0	0	0	0	0	0	0	6	0	0	0	0	0	0	0	0	0	0	0
OTU264	0	0	0	0	0	0	0	0	0	0	1	1	5	15	0	0	0	0	0	0	0	0	0	0	0	0	0	18	0	3	1514	3	0	4	0	0	2	0	2	0	1	0	0	68	1	210	5	0	0	3	0	2	13	1	53	24	96	2	9	1	0	0	0	32	0	2	1	0	1	1	1	4	7	36	0	6	1	4	0	3	3	8	0	0	0	5	1	0	46	6	0	0	6	201	3	3	43	0	2	0	0	3
OTU2640	0	0	0	0	0	0	0	0	0	0	0	0	0	0	0	0	0	0	0	0	0	0	0	0	0	0	0	0	0	0	0	0	0	0	0	0	0	0	0	0	0	0	0	0	0	1	0	0	0	0	0	0	0	0	0	0	1	0	0	0	0	0	0	0	0	0	0	0	0	11	0	0	7	0	0	0	0	0	0	0	31	0	0	0	0	0	0	0	0	0	0	0	0	0	0	0	0	0	0	0	0	0
OTU2641	0	0	0	0	0	0	0	0	0	0	0	0	0	0	0	0	0	0	0	0	0	0	0	0	0	0	0	0	1	0	0	0	0	0	0	0	0	0	0	0	0	0	0	0	4	4	0	0	0	0	0	0	1	0	0	0	0	0	0	0	0	0	0	2	0	0	0	0	0	0	0	0	0	0	0	0	0	0	0	0	0	0	2	0	0	120	1	0	0	0	0	0	0	2	0	0	0	0	0	0	0	0
OTU2642	0	0	0	0	0	0	0	0	0	0	0	0	0	0	0	0	0	0	0	0	0	0	0	0	0	0	0	0	0	0	0	0	0	0	0	0	0	0	0	0	0	0	0	0	0	0	0	0	0	0	0	0	0	0	0	0	0	0	0	0	0	0	0	5	0	2	0	0	0	0	0	0	0	0	0	0	0	0	0	0	0	0	0	0	0	5	0	0	0	0	0	0	2	3	0	0	0	3	28	1	0	0
OTU2643	0	0	0	0	0	0	0	0	0	0	0	0	0	0	0	0	0	0	0	0	0	0	0	0	0	0	0	0	0	0	0	0	0	0	0	0	0	0	0	0	0	0	0	0	0	0	0	0	0	0	0	0	0	0	0	0	0	0	0	0	0	0	0	0	0	0	0	0	0	0	0	0	0	0	0	0	0	0	0	0	0	0	0	0	0	0	0	0	0	0	0	0	0	1	0	0	0	0	21	0	0	0
OTU2644	0	0	0	0	0	0	0	0	0	0	0	0	0	0	0	0	0	0	0	0	0	0	0	0	0	0	0	0	0	0	0	0	0	0	0	1	0	0	0	0	0	0	0	0	0	0	0	0	0	0	0	0	0	0	0	0	0	0	0	0	0	0	0	0	0	0	1	0	0	0	0	0	0	0	0	0	0	0	0	0	0	0	0	0	0	0	0	0	0	0	0	0	0	0	0	0	0	0	6	0	10	5
OTU2645	0	0	0	0	0	0	0	0	0	0	0	0	0	0	0	0	0	0	0	0	0	0	0	0	0	0	0	0	0	0	0	0	0	0	0	0	0	0	0	0	0	0	0	0	0	0	0	0	0	0	0	0	0	0	0	0	0	0	0	0	0	0	0	5	0	2	0	0	0	0	0	0	0	0	0	0	0	0	0	0	0	0	0	0	0	0	0	0	0	0	0	0	0	0	0	0	0	6	0	20	0	0
OTU2646	0	0	0	0	0	0	0	0	0	0	0	0	0	0	0	0	0	0	0	0	0	0	0	0	0	0	0	0	0	0	0	0	0	0	0	0	0	0	0	0	0	0	0	0	0	0	0	0	0	0	0	0	0	0	0	0	0	0	0	0	0	0	0	0	0	0	0	0	0	0	0	0	0	0	0	0	0	0	0	0	0	0	0	0	0	0	0	0	0	0	0	0	0	0	0	0	0	0	0	16	1	6
OTU2647	0	0	0	0	0	0	0	0	0	0	0	0	0	0	0	0	0	0	0	0	0	0	0	0	0	0	0	0	0	0	0	0	0	0	0	0	0	0	0	0	0	0	0	0	0	0	0	0	0	0	0	0	0	0	0	0	0	0	0	0	0	0	0	0	0	0	0	0	0	0	0	0	0	2	0	0	0	0	0	0	0	0	0	0	0	0	0	0	0	0	0	0	0	0	0	0	0	0	0	0	20	0
OTU2648	0	2	0	0	0	0	0	0	0	0	0	0	0	0	0	0	0	0	0	0	0	0	0	0	0	0	0	0	0	0	0	0	0	0	0	0	0	0	0	0	1	0	0	0	0	0	0	8	0	0	0	0	1	0	0	0	1	2	2	0	0	0	0	0	0	0	0	0	0	0	0	0	0	0	0	0	0	0	4	0	0	0	3	0	5	0	0	0	0	0	0	0	3	0	0	3	0	0	0	0	0	0
OTU2649	0	0	0	0	0	0	2	0	0	0	0	0	0	0	0	0	0	0	0	0	0	0	0	0	0	0	0	0	0	0	0	0	0	0	0	0	0	0	0	0	0	0	0	0	0	0	0	0	0	0	0	0	0	0	0	0	0	0	0	0	0	0	0	0	19	0	0	7	0	0	0	0	0	0	0	0	0	0	0	0	0	0	0	0	0	0	0	0	0	0	0	0	0	0	0	0	0	1	0	0	1	3
OTU265	0	0	0	0	0	0	3	1	0	0	0	0	0	0	0	0	0	0	3	0	5	2	5	7	0	0	0	1	0	0	0	0	4	21	5	3	1	0	0	0	0	0	0	0	0	0	0	0	0	0	0	0	0	0	2	0	0	0	3	0	3	0	0	4	56	0	24	3	66	0	0	0	0	1	0	0	0	0	0	0	0	0	0	0	0	0	0	0	0	0	0	0	2	74	14	9	4	20	1665	816	244	62
OTU2650	0	0	0	0	0	0	1	0	0	0	0	0	0	0	0	0	0	0	0	0	0	0	0	0	0	0	0	0	0	0	0	0	0	0	0	0	0	0	0	0	0	0	0	0	0	0	0	0	0	0	0	0	0	0	0	0	0	0	0	0	0	0	0	0	0	0	1	0	0	0	0	0	0	0	0	0	0	0	0	0	0	0	0	0	0	0	0	0	0	0	0	0	0	0	0	0	0	0	0	0	21	0
OTU2651	0	0	0	0	0	0	0	0	0	0	2	0	0	0	0	0	0	0	0	0	0	0	0	0	0	0	0	0	0	0	0	0	0	0	0	0	0	0	0	0	0	0	0	0	0	0	0	0	0	0	0	0	0	0	0	0	0	0	0	0	0	0	0	1	0	0	0	0	0	0	0	0	0	0	0	0	0	0	0	0	0	0	0	0	0	3	0	0	0	0	0	0	3	0	0	0	0	10	0	0	0	0
OTU2652	0	0	0	0	0	0	0	0	0	0	0	2	0	1	0	0	0	0	0	0	0	0	0	0	0	0	0	0	0	0	0	0	0	0	0	0	0	0	0	0	0	0	0	0	0	0	0	0	0	0	0	0	1	0	0	0	5	0	0	0	0	0	0	0	0	0	0	0	0	0	0	0	0	0	0	0	0	0	0	0	0	0	2	0	0	0	0	0	0	1	0	0	0	0	0	0	9	0	0	0	0	0
OTU2653	0	0	0	0	0	0	0	0	0	0	0	1	0	0	0	0	0	0	0	0	0	0	0	0	0	0	0	0	0	0	0	0	0	0	0	0	0	0	0	0	0	0	0	0	0	0	0	5	0	0	0	0	0	0	0	0	13	0	0	0	0	0	0	0	0	0	0	0	0	0	0	0	0	0	0	0	0	0	0	0	0	0	0	0	0	0	0	0	0	0	0	0	0	0	0	0	5	0	0	0	0	0
OTU2654	0	0	0	0	0	0	0	0	0	0	0	1	4	1	0	0	0	0	0	0	0	0	0	0	0	0	0	0	0	0	0	0	0	0	0	0	0	0	0	0	0	0	0	5	0	4	0	0	0	0	0	0	2	0	4	0	5	2	0	0	0	0	0	0	0	0	0	0	0	0	0	0	0	2	10	0	0	0	0	0	0	10	0	0	0	0	0	0	0	7	0	0	0	0	0	1	4	0	0	0	0	0
OTU2655	0	0	0	0	0	0	0	0	0	0	0	0	2	0	0	0	0	0	0	0	0	0	0	0	0	0	0	0	0	0	0	0	0	0	0	0	0	0	0	0	0	0	0	0	0	0	0	0	0	0	0	0	0	0	0	8	7	0	0	0	0	0	0	0	0	0	0	0	0	0	0	0	0	0	0	0	0	0	0	0	0	0	0	0	0	0	0	0	0	0	0	0	0	0	0	0	0	0	0	0	0	0
OTU2656	0	0	0	0	0	0	0	0	0	0	0	0	0	3	0	0	0	0	0	0	0	0	0	0	0	0	0	0	0	0	0	0	0	0	0	0	0	0	0	0	0	0	0	0	0	0	0	0	0	0	0	0	0	0	0	0	3	0	0	0	0	0	0	0	0	0	1	0	0	0	0	0	0	4	0	0	0	0	0	0	0	0	0	0	0	0	0	0	0	1	0	0	0	0	0	0	29	0	0	0	0	0
OTU2657	0	0	0	0	0	0	0	0	0	0	0	0	0	5	0	0	0	0	0	0	0	0	0	0	0	0	0	0	0	0	0	0	0	0	0	0	0	0	0	0	0	0	0	0	0	0	0	0	0	0	0	0	2	0	0	0	2	0	0	0	0	0	0	0	0	0	0	0	0	0	0	0	0	0	0	10	0	0	0	0	1	0	0	0	0	0	0	0	0	1	0	0	0	0	0	0	0	0	0	0	0	0
OTU2658	0	0	0	0	0	0	0	0	0	0	3	0	0	0	0	0	0	0	0	0	3	0	0	0	0	0	0	0	0	0	0	0	0	8	0	0	0	0	0	0	0	0	0	0	0	0	0	0	0	0	0	0	0	0	0	0	1	0	0	0	0	0	0	6	0	2	0	0	0	0	0	0	0	0	0	0	0	0	0	0	0	0	0	0	0	1	0	0	0	0	0	0	0	0	0	0	0	2	0	0	0	0
OTU2659	0	0	0	0	0	0	0	0	0	0	0	0	0	0	0	0	0	0	0	0	0	33	0	0	0	0	0	0	0	0	0	0	1	0	0	0	2	0	0	0	0	0	0	0	0	0	0	0	0	1	0	0	0	0	0	0	0	0	0	30	0	0	0	1	0	0	4	0	0	0	0	0	0	4	0	0	1	0	0	0	0	5	0	0	0	0	0	0	0	0	0	0	0	0	0	0	0	0	0	0	0	0
OTU266	0	0	0	3	1	0	0	0	0	0	4	2	5	9	0	0	0	0	2	0	0	0	3	0	3	0	11	31	0	70	2	0	2	0	13	1	2	2	10	0	15	0	0	0	30	0	9	0	2	131	0	11	34	4	3	8	44	3	10	0	0	0	0	0	4	0	4	0	6	3	17	0	19	25	0	1	6	1	61	2	1	10	23	25	23	6	0	67	1509	101	0	1	0	20	1	15	0	0	6	12	1	4
OTU2660	0	0	0	0	0	0	0	0	0	0	0	0	0	0	0	0	0	0	0	0	0	0	0	0	0	0	7	5	38	37	1	0	0	0	0	0	0	0	0	0	0	0	0	0	0	0	0	0	0	0	0	0	0	0	0	0	0	0	0	0	0	0	0	1	0	1	0	0	1	0	0	0	0	2	0	0	0	0	0	0	0	0	0	0	0	0	0	0	0	1	0	0	1	0	0	0	0	5	0	0	0	0
OTU2661	0	0	0	0	0	0	0	0	0	0	0	0	0	0	0	0	0	0	0	0	0	0	0	0	0	0	0	14	0	0	0	0	0	0	0	0	0	0	0	0	0	0	0	0	0	1	0	5	0	0	0	0	0	0	0	0	0	0	0	0	0	0	0	0	0	0	0	0	0	0	0	0	0	1	0	0	1	0	0	0	0	0	0	0	0	0	0	0	0	0	0	0	0	0	0	0	0	0	0	0	6	0
OTU2662	0	0	0	0	0	0	0	0	0	0	0	0	0	0	0	0	0	0	0	0	0	0	0	0	0	0	0	1	0	0	0	0	0	0	0	0	0	0	0	0	0	0	0	0	0	0	0	0	0	0	0	0	2	0	0	0	2	0	0	0	0	0	0	0	0	0	0	0	0	0	0	0	0	0	0	0	0	0	0	0	0	1	0	12	0	0	0	0	0	0	0	0	0	1	0	1	0	0	0	0	0	0
OTU2663	0	0	0	0	0	0	0	0	0	0	1	0	0	0	0	0	0	0	0	0	0	0	0	0	0	0	0	0	2	0	0	0	0	0	0	0	0	0	0	0	0	0	0	1	1	0	3	0	0	0	0	0	0	0	3	2	1	3	1	0	0	0	0	0	0	0	0	0	0	0	2	0	0	0	0	0	0	0	0	0	0	1	0	0	0	0	0	0	0	0	1	0	1	0	0	0	1	0	0	0	0	0
OTU2664	0	0	0	0	0	0	0	0	0	0	0	0	0	0	0	0	0	0	0	0	0	0	0	0	0	0	0	0	0	1	0	0	0	0	0	0	0	0	0	0	0	0	0	0	0	3	0	2	0	0	0	0	4	3	0	1	2	0	1	0	0	0	0	0	0	0	0	0	0	0	2	16	0	0	0	0	0	0	0	0	0	0	0	0	0	0	0	0	0	0	2	3	0	0	0	0	3	0	0	0	0	0
OTU2665	0	0	0	0	0	0	0	0	0	0	0	0	0	0	0	0	0	0	0	0	0	0	0	0	0	0	0	0	0	0	0	0	2	0	0	0	0	0	0	0	0	0	0	0	0	0	0	0	0	0	0	0	0	0	0	0	0	0	0	0	0	0	0	0	13	0	0	0	5	0	0	0	0	0	0	0	0	0	0	0	0	0	0	0	0	0	0	0	0	0	0	0	0	0	0	0	0	0	0	0	0	0
OTU2666	0	0	0	0	0	0	0	0	0	0	0	0	0	0	0	0	0	0	0	0	0	0	0	0	0	0	0	0	0	0	0	0	0	10	0	0	0	0	0	0	0	0	0	0	0	1	0	0	0	0	0	0	0	0	0	0	0	0	0	0	0	0	0	8	0	2	0	0	0	0	0	0	0	0	0	0	0	0	0	0	0	0	0	0	0	1	0	0	0	0	0	0	0	0	0	0	0	2	0	0	0	0
OTU2667	0	0	0	0	0	0	1	0	0	0	0	0	0	0	0	0	0	0	0	0	0	0	0	0	0	0	0	0	0	0	0	0	0	30	0	0	0	0	0	0	0	0	0	0	0	0	0	0	0	0	0	0	0	0	0	0	0	0	0	0	0	0	0	0	0	0	0	0	0	0	0	0	0	0	0	0	0	0	0	0	0	0	0	0	0	0	0	0	0	0	0	0	0	0	0	0	0	0	0	0	0	0
OTU2668	0	0	0	0	0	0	0	0	0	0	0	0	0	2	0	0	0	0	0	0	0	0	0	0	0	0	0	0	0	0	0	0	0	0	0	0	14	0	0	0	0	0	0	0	0	1	0	0	0	4	0	0	0	0	0	0	1	1	0	0	0	0	0	4	0	0	0	0	0	0	0	0	0	2	0	0	0	0	0	0	0	0	0	0	0	0	0	3	0	0	0	0	0	4	4	0	0	0	41	0	0	8
OTU2669	0	0	0	0	0	0	0	0	0	0	8	2	0	0	0	0	0	0	0	0	0	8	0	0	0	0	0	0	0	0	0	0	0	0	0	0	62	0	0	0	0	0	0	0	0	2	0	0	0	3	0	8	0	0	0	0	0	1	0	11	0	0	0	0	0	0	0	0	0	1	0	0	2	6	0	0	43	2	0	0	0	46	4	0	0	0	0	3	0	0	0	0	0	0	0	1	0	0	0	0	0	0
OTU267	1	1	0	0	0	0	4	0	0	2	12	2	17	16	0	0	1	0	0	0	1	1	0	0	0	0	2	87	0	7	7	0	0	3	2	0	35	7	58	0	1	11	19	127	0	27	149	0	19	105	12	7	44	9	1	87	46	18	16	0	0	0	0	2	1	0	0	8	11	214	19	82	59	292	0	27	489	7	0	5	61	0	5	22	0	4	2	43	2	34	179	10	6	8	1	15	6	0	0	0	1	0
OTU2670	0	0	0	0	0	0	0	0	2	0	0	0	0	0	0	0	0	0	0	0	0	2	0	0	0	0	0	0	0	0	0	0	0	0	0	0	4	0	0	0	0	0	0	0	0	0	0	0	0	0	0	0	0	0	0	0	0	0	0	0	0	0	0	0	0	0	0	0	1	20	1	0	0	0	0	0	0	0	1	0	0	0	0	0	0	0	8	0	11	2	0	0	0	0	0	0	0	0	0	0	0	0
OTU2671	0	0	0	0	0	0	0	0	0	0	0	0	0	0	0	0	0	0	0	0	0	1	0	0	0	0	0	0	0	0	0	0	0	0	0	0	8	0	0	0	0	0	0	0	0	0	0	0	0	0	0	0	9	0	0	0	0	1	0	0	0	0	0	0	0	0	0	0	0	0	0	0	0	0	0	0	0	0	0	0	0	0	1	0	0	0	0	4	0	0	0	0	0	0	0	0	0	0	0	0	0	0
OTU2672	0	0	0	0	0	0	0	0	0	0	0	0	0	0	0	0	0	0	0	0	0	0	0	0	0	0	0	0	0	0	0	0	0	0	0	0	0	0	3	0	0	0	0	0	0	5	0	0	2	0	0	0	0	0	0	0	0	0	0	0	0	0	0	0	0	0	0	0	0	0	0	0	0	0	0	0	0	0	0	0	13	0	0	0	0	0	0	3	1	0	0	2	0	0	0	0	0	0	0	0	0	0
OTU2673	0	0	0	0	0	0	0	0	0	0	0	0	0	0	0	0	0	0	0	0	0	0	0	0	0	0	0	0	0	0	0	0	0	0	0	0	0	0	7	0	0	0	4	0	0	0	0	0	0	0	2	0	0	0	0	0	0	0	0	0	0	0	0	0	0	0	0	0	0	0	0	0	0	0	0	0	10	0	0	0	0	0	0	0	0	0	0	0	0	0	0	0	0	0	0	0	0	0	0	0	0	0
OTU2674	0	0	0	0	0	0	0	0	0	0	0	0	0	0	1	0	0	0	0	0	0	0	0	0	0	0	0	0	0	0	0	0	0	0	0	0	0	0	0	0	0	15	0	0	0	0	0	0	0	0	0	0	0	0	0	0	0	0	0	0	0	0	0	0	0	0	0	0	0	0	0	0	0	0	0	0	0	3	0	0	0	0	0	0	0	0	0	0	0	0	0	0	0	0	0	6	0	0	0	0	1	0
OTU2675	0	0	0	0	0	0	0	0	0	0	0	0	0	0	0	0	0	0	0	0	0	0	0	0	0	0	0	0	0	0	0	0	0	0	0	0	0	0	0	0	0	4	1	0	0	8	0	0	0	0	0	0	0	0	0	12	0	0	0	0	0	0	0	0	2	0	0	0	0	0	0	0	0	0	0	0	0	0	0	0	0	1	0	0	0	0	0	0	0	0	0	0	0	0	0	0	0	0	0	0	0	0
OTU2676	0	0	0	0	0	0	0	0	0	0	0	0	0	0	0	0	0	0	0	0	0	0	0	0	0	0	0	0	0	0	0	0	0	0	0	0	0	0	0	0	0	0	0	10	0	0	0	0	0	5	0	0	3	0	0	0	0	2	0	0	0	0	0	0	0	0	0	0	0	0	0	0	0	0	0	0	0	0	0	0	0	0	0	13	0	0	0	7	0	0	0	0	0	0	0	0	0	0	0	0	0	0
OTU2677	0	0	0	0	0	0	0	0	0	0	0	2	1	0	0	0	0	0	0	0	0	0	0	0	0	0	0	0	0	0	0	0	0	0	0	0	0	0	0	0	0	0	0	7	0	0	0	3	0	0	0	0	0	0	0	4	5	0	0	0	0	0	0	0	0	0	0	0	0	0	0	0	0	1	0	0	0	0	0	0	0	0	0	0	0	0	0	0	0	0	0	0	0	0	0	0	0	0	0	0	0	0
OTU2678	0	0	0	0	0	0	0	0	0	0	0	0	0	0	0	0	0	0	0	0	0	0	0	0	0	0	0	0	0	0	0	0	0	0	0	0	0	0	0	0	0	0	0	8	2	3	0	1	7	0	0	1	0	13	2	2	1	0	15	0	0	0	0	0	0	0	3	0	25	0	0	0	6	3	0	0	0	0	5	0	0	7	0	6	3	2	0	0	0	2	0	1	0	5	0	3	2	1	4	0	0	1
OTU2679	0	0	0	0	0	0	0	0	0	0	0	0	0	0	0	0	0	0	0	0	0	0	0	0	0	0	0	1	0	0	0	0	0	0	0	0	0	0	0	0	0	0	0	0	5	4	0	0	0	0	0	0	0	0	0	0	2	0	0	0	0	0	0	0	0	0	0	0	0	0	0	0	3	0	0	0	0	0	0	0	0	0	0	10	0	0	0	0	0	0	0	0	0	1	0	0	0	0	0	0	0	0
OTU268	0	0	0	0	0	0	0	2	0	0	0	1	1	0	0	0	0	0	3	0	0	1	1	2	1	2	6	0	14	6	8	0	0	0	2	0	31	92	85	0	70	81	17	0	0	51	144	0	0	8	61	9	38	17	1	2	77	1	2	0	0	0	0	0	0	0	4	1	0	130	16	24	30	26	166	84	44	32	135	46	1	7	2	0	10	2	59	296	536	1	52	0	0	17	7	11	10	0	0	0	1	0
OTU2680	0	0	0	0	0	0	0	0	0	0	2	0	0	0	0	0	0	0	0	0	0	0	0	0	0	0	0	0	0	0	0	0	3	0	0	0	0	0	0	0	0	0	0	0	0	11	0	0	0	0	0	0	0	0	0	12	0	0	0	0	0	0	0	0	0	0	0	0	0	0	0	0	0	0	0	0	0	0	0	0	1	4	0	0	0	0	0	0	0	0	0	0	0	0	0	2	0	0	0	0	0	0
OTU2681	0	0	0	0	0	0	0	0	0	0	0	0	0	1	0	0	0	0	0	0	0	0	0	0	0	0	0	1	0	0	0	0	0	0	0	0	0	0	0	0	0	0	0	0	0	0	0	0	0	0	3	0	0	0	0	0	3	0	0	0	0	0	0	0	0	0	0	0	0	0	4	0	0	0	0	0	0	3	0	0	2	0	0	0	0	0	0	0	0	0	0	2	0	0	0	0	0	0	0	0	0	0
OTU2682	0	0	0	0	0	0	0	0	0	0	0	0	0	0	0	0	0	0	0	0	0	0	0	0	0	0	0	0	0	0	0	0	0	0	0	0	0	0	0	0	0	0	0	0	1	0	0	0	0	0	0	0	7	0	0	0	0	0	0	0	0	0	0	0	0	0	0	0	0	0	0	0	0	0	0	7	0	0	0	0	0	0	0	0	0	0	0	0	0	0	0	0	0	1	0	0	0	0	0	0	0	0
OTU2683	0	0	0	0	0	0	0	0	0	0	1	0	0	0	0	0	0	0	0	0	0	0	0	0	0	0	0	0	0	0	0	0	0	0	0	0	0	0	0	0	0	0	0	0	0	0	0	0	0	0	0	0	1	0	0	0	0	0	0	0	0	0	0	14	1	2	0	0	0	0	0	0	0	0	0	0	0	0	0	0	1	0	0	0	0	1	0	0	0	1	0	0	1	0	0	0	0	6	0	0	1	0
OTU2684	2	293	0	1	0	0	14	6	5	0	25	2	26	29	0	0	2	0	0	0	1302	5	7	6	9	2	9	22	46	10	2	3	5	600	11	2	9	36	441	1	34	18	47	42	13	38	1	23	33	40	27	67	230	64	72	118	91	32	29	1	1419	0	3	881	6	546	36	12	15	20	19	143	92	229	22	37	12	82	77	7	32	4	54	13	4	316	57	13	13	80	28	30	280	16	5	29	40	558	18	18	16	5
OTU2685	0	0	0	0	0	0	0	0	0	0	0	0	0	0	0	0	0	0	0	0	0	0	0	0	0	0	0	0	0	0	0	0	0	0	0	0	0	0	0	0	0	0	0	0	0	0	0	0	0	0	0	0	0	0	0	3	0	0	0	0	0	0	0	15	0	8	0	0	0	0	0	0	0	0	0	0	0	0	0	0	0	0	0	0	0	3	0	0	0	0	0	0	0	0	0	0	0	5	0	0	0	0
OTU2686	0	0	0	0	0	0	0	0	0	0	1	0	1	0	0	0	0	0	0	0	0	0	0	0	0	0	0	0	0	0	0	0	0	0	0	0	0	0	0	0	0	0	0	0	0	0	0	0	0	0	0	0	0	0	0	1	1	0	0	0	0	0	0	13	0	4	0	0	0	0	0	0	0	1	0	0	0	0	0	0	0	0	0	0	0	7	0	0	0	0	0	0	2	0	0	0	0	17	3	0	2	0
OTU2687	0	0	0	0	0	0	0	0	0	0	0	0	0	0	0	0	0	0	0	0	0	0	0	0	0	0	0	0	0	0	0	0	0	0	0	0	0	0	0	0	0	0	0	0	0	0	0	0	0	0	0	0	0	0	2	4	1	0	0	0	0	0	0	0	1	0	7	0	0	0	0	0	0	0	0	0	0	0	0	0	0	1	0	0	0	0	0	0	0	1	0	0	0	0	0	0	6	0	0	0	0	8
OTU2688	0	0	0	0	0	0	0	0	0	0	0	0	0	0	0	0	0	0	0	0	0	0	0	0	0	0	0	0	0	0	0	0	0	0	0	0	0	0	0	0	0	0	0	0	0	0	0	0	0	0	0	0	0	0	0	0	1	0	0	0	0	0	0	0	0	0	0	0	0	8	0	0	0	5	0	0	0	0	0	0	1	0	0	0	7	0	0	0	0	9	0	3	0	0	0	0	1	0	0	0	0	0
OTU2689	0	0	0	0	0	0	0	0	0	0	0	0	0	0	0	0	0	0	0	0	0	0	0	0	0	0	0	0	0	0	0	0	0	0	0	0	0	0	0	0	0	1	0	0	0	0	0	0	0	0	0	0	0	0	0	0	0	5	0	0	0	0	0	0	0	0	0	0	0	1	0	0	0	2	11	0	0	0	0	0	1	0	0	0	0	0	0	0	0	0	0	0	0	1	0	0	0	0	0	0	0	0
OTU269	0	0	0	0	0	0	4	0	0	0	0	3	0	0	0	0	0	0	1	0	0	12	0	3	1	1	0	0	0	0	0	0	1	3	1	2	6	0	0	0	10	0	0	0	0	0	0	0	0	0	0	1	0	0	12	0	40	2	17	0	3	0	0	2	359	6	1395	54	286	0	0	0	0	3	0	0	0	0	7	0	0	0	0	0	0	0	1	0	0	0	0	0	0	8	0	6	3	2	134	3	89	143
OTU2690	0	0	0	0	0	0	0	0	0	0	0	0	0	0	0	0	0	0	0	0	0	0	0	0	0	0	0	0	0	0	0	0	0	0	0	0	0	0	0	0	0	0	0	0	0	0	0	0	0	0	0	0	0	0	0	0	0	3	0	0	0	0	0	0	0	0	0	0	0	0	0	0	0	0	21	0	0	0	0	0	0	0	0	0	0	0	0	0	0	0	0	0	0	0	0	0	0	0	0	0	0	0
OTU2691	0	0	0	0	0	0	0	0	0	0	0	0	0	0	0	0	0	0	0	0	0	0	0	0	0	0	0	0	0	0	0	0	0	0	0	0	0	0	0	0	0	0	0	0	0	0	0	0	0	0	0	0	0	0	0	0	0	2	3	0	0	0	0	0	7	0	5	43	23	0	0	0	0	0	0	0	0	0	0	0	0	0	0	0	0	0	0	0	0	0	0	0	0	0	0	0	0	0	0	0	0	0
OTU2692	0	0	0	0	0	0	0	0	0	0	0	0	1	0	0	0	0	0	0	0	0	0	0	0	0	0	0	0	0	0	0	0	0	0	0	0	0	0	0	0	1	0	0	0	1	0	0	1	0	0	0	0	0	0	1	0	0	14	2	0	0	0	0	0	4	2	5	0	9	0	0	0	0	0	0	0	0	2	0	0	0	4	0	0	0	0	0	0	1	1	0	0	0	0	0	0	0	0	5	2	6	0
OTU2693	0	0	0	0	0	0	0	0	0	0	0	0	0	0	0	0	0	0	0	0	0	0	0	0	0	0	0	0	0	0	0	0	0	0	0	0	0	0	0	0	0	0	0	0	0	0	0	0	0	0	0	0	0	0	0	0	0	0	0	3	0	0	0	0	0	0	0	0	0	0	0	0	0	0	0	0	0	0	0	0	0	0	0	0	0	0	0	0	0	0	0	0	0	0	0	0	0	0	14	0	0	0
OTU2694	0	0	0	0	0	0	2	0	0	0	1	0	0	0	0	0	0	0	0	0	0	0	0	0	0	0	0	0	0	0	0	0	0	0	0	0	0	0	0	0	0	0	0	0	0	0	0	0	0	0	0	0	0	0	0	0	0	0	0	0	0	0	0	16	0	12	0	0	4	0	0	1	0	1	0	0	0	0	0	0	0	0	0	0	0	6	0	0	0	0	0	0	4	0	0	2	0	19	0	0	0	0
OTU2695	0	0	0	0	0	0	0	0	0	0	0	0	0	0	0	0	0	0	0	0	0	0	0	0	0	0	0	0	0	1	0	0	0	0	0	0	0	0	0	0	0	0	0	0	0	0	0	0	0	0	0	0	0	0	0	0	0	0	0	0	0	0	0	15	0	2	0	0	0	0	0	0	0	0	0	0	0	0	0	0	0	0	0	0	0	4	0	0	0	0	0	0	1	0	0	0	0	2	0	0	0	0
OTU2696	0	0	0	0	0	0	0	0	0	0	0	0	0	0	0	0	0	0	0	0	0	0	0	0	0	0	0	0	0	0	0	0	0	0	0	0	0	0	0	0	0	0	0	0	0	0	0	0	0	0	0	0	0	0	0	2	0	0	0	0	0	0	0	11	0	2	0	0	0	0	0	0	0	0	0	0	0	0	0	0	0	0	0	0	0	0	0	0	0	0	0	0	0	0	0	0	0	11	0	0	0	0
OTU2697	0	0	0	0	0	0	0	0	0	0	0	0	0	0	0	0	0	0	0	0	0	0	0	0	0	0	0	0	0	0	0	0	0	0	0	0	0	0	0	0	0	0	0	0	0	0	0	0	0	0	0	0	0	0	0	0	0	0	0	0	0	0	0	4	0	0	0	0	0	0	0	0	0	0	0	0	0	0	0	0	0	0	0	0	0	1	0	0	0	0	0	0	0	0	0	0	0	3	0	0	26	0
OTU2698	0	0	0	0	0	0	0	0	0	0	1	0	0	0	0	0	0	0	0	0	0	0	0	0	0	0	0	2	0	0	0	0	0	0	0	0	0	0	0	0	0	0	0	0	0	0	0	0	0	0	0	0	0	0	0	0	0	0	0	0	0	0	0	13	0	8	0	0	0	0	0	0	0	0	0	0	0	0	0	0	0	0	0	0	0	0	0	0	0	0	0	0	0	0	0	0	0	3	0	0	0	0
OTU2699	0	0	0	0	0	0	0	0	0	0	0	0	0	0	0	0	0	0	0	0	0	0	0	0	0	0	0	0	0	0	0	0	0	0	0	0	1	0	0	0	0	0	0	0	0	0	0	0	0	0	0	0	0	0	0	0	0	0	0	2	0	0	0	27	0	13	0	0	0	0	0	0	0	0	0	0	0	0	0	0	0	0	0	0	0	10	0	0	0	0	0	0	1	0	0	0	0	8	0	0	0	0
OTU27	0	0	0	0	0	0	26	25	0	0	0	0	0	0	0	73	0	0	21	0	19	14	22	8	8	10	0	0	0	0	0	3	5	22	29	38	0	0	0	0	0	0	0	0	0	0	0	0	0	0	0	0	0	0	123	0	282	1	36	13	17	2	4	35	12394	12	24611	224	1754	0	0	0	0	0	0	0	0	0	0	0	0	0	0	0	0	4	0	0	0	0	0	0	0	0	0	3	0	17	17	6	17	24
OTU270	1	1	0	0	0	1	2	8	5	3	4	1	25	24	0	0	0	0	1	0	391	1	2	0	3	0	12	50	0	40	26	0	4	244	4	0	1	21	14	0	15	22	23	21	1	14	6	0	11	8	1	1163	27	55	9	28	58	15	8	5	24	0	0	247	5	132	44	1	10	56	1	36	181	293	3	46	80	10	11	0	21	86	53	16	16	69	41	10	1	31	19	8	44	14	1	18	5	148	1	0	1	6
OTU2700	0	0	0	0	0	0	0	0	0	0	0	0	0	0	3	0	0	0	0	0	0	1	0	0	0	0	0	0	0	0	0	0	0	0	0	0	0	0	0	0	0	0	0	0	0	0	0	0	0	0	0	0	0	0	0	0	0	0	0	0	0	0	0	22	0	13	0	0	0	0	0	0	0	0	0	0	1	0	0	0	0	0	0	0	0	8	0	0	0	0	0	0	5	0	0	0	0	11	0	0	0	0
OTU2701	0	0	0	0	0	0	0	0	0	0	0	0	1	0	0	0	0	0	0	0	0	0	0	0	0	0	0	0	0	0	0	0	0	0	0	0	0	0	0	0	0	0	0	0	0	0	0	0	0	0	0	0	0	0	0	0	1	0	0	0	0	0	0	13	0	8	1	0	0	0	0	0	0	1	0	0	0	0	0	0	0	0	0	0	0	10	0	0	0	0	0	0	0	0	0	0	0	6	0	0	0	0
OTU2702	0	0	0	0	0	0	0	0	0	0	0	0	0	0	0	0	0	0	0	0	0	0	0	0	0	0	0	0	0	0	0	0	0	0	0	0	0	0	0	0	0	0	0	0	0	0	0	0	0	0	0	0	0	0	0	5	2	4	0	0	0	0	0	12	0	7	0	0	0	0	0	0	0	0	0	0	0	0	0	0	0	0	0	0	0	2	0	0	0	0	0	0	4	0	0	0	0	7	0	0	0	0
OTU2703	0	0	0	0	0	0	0	0	0	0	0	0	2	0	0	0	0	0	0	0	0	0	0	0	0	0	0	0	0	0	0	0	0	0	0	0	0	0	0	0	0	0	0	0	0	0	0	0	0	0	0	0	0	0	0	0	0	0	0	0	0	0	0	11	0	11	0	0	0	0	0	0	0	0	0	0	0	0	0	0	0	0	0	0	0	3	0	0	0	0	0	0	2	0	0	0	0	11	0	0	2	0
OTU2704	0	0	0	0	0	0	1	0	0	0	0	0	0	0	0	0	0	0	0	0	0	0	0	0	0	0	0	0	0	0	0	0	0	0	0	0	0	0	0	0	0	0	0	0	0	0	0	0	0	0	0	0	0	0	0	0	0	0	0	0	0	0	0	4	0	0	0	0	0	0	0	0	0	0	0	0	0	0	0	0	0	0	0	0	0	3	0	0	0	3	0	0	10	0	0	0	0	3	0	0	0	0
OTU2705	0	0	0	0	0	0	0	0	0	0	0	0	0	0	0	0	0	0	0	0	0	0	0	0	0	0	0	0	0	0	0	0	0	0	0	0	0	0	0	0	0	0	0	0	0	0	0	0	0	0	0	0	0	0	0	0	0	0	0	0	0	0	0	24	0	8	0	0	0	0	0	0	0	0	0	0	0	0	0	0	0	0	0	0	0	9	0	0	0	0	0	0	9	0	0	0	0	14	0	0	0	0
OTU2706	0	0	0	0	0	0	0	0	0	0	0	0	0	0	0	0	0	0	0	0	0	0	0	0	0	0	0	0	0	0	0	0	0	0	0	0	0	0	0	0	0	0	0	0	0	0	0	0	0	0	0	0	0	0	0	0	0	0	0	0	0	0	0	0	2	0	2	14	18	0	0	0	0	0	0	0	0	0	0	0	0	0	0	0	0	0	0	0	0	0	0	0	0	0	0	0	0	0	0	0	0	0
OTU2707	0	0	0	0	0	0	0	0	0	0	0	0	0	0	0	0	0	0	0	0	0	0	0	0	0	0	0	1	0	0	0	0	0	0	0	0	0	0	0	0	0	0	0	0	0	0	0	0	0	0	0	0	0	0	0	0	0	0	0	0	0	0	0	0	0	0	2	0	0	0	0	0	0	0	0	0	0	0	0	0	0	0	0	0	0	0	0	0	0	0	0	0	0	0	0	0	1	0	1	0	0	18
OTU2708	0	0	0	0	0	0	0	0	0	0	0	0	0	0	0	0	0	0	0	0	0	0	0	0	0	0	0	0	0	0	0	0	0	0	0	0	3	0	0	0	0	0	0	0	0	0	0	0	0	0	0	0	0	0	0	0	0	0	0	0	0	0	0	0	0	0	0	18	0	0	0	0	0	0	0	0	0	0	0	0	0	0	0	0	0	0	0	0	0	0	0	0	0	0	0	0	0	0	0	0	1	0
OTU2709	0	0	0	0	0	0	0	0	0	0	0	0	0	0	0	0	0	0	0	0	0	0	0	0	0	0	0	0	0	0	0	0	0	0	0	0	0	0	0	0	0	0	0	0	0	0	0	0	0	0	0	0	0	0	0	0	0	3	0	0	0	0	0	0	0	0	0	21	0	0	0	0	0	0	0	0	0	0	0	0	0	0	0	0	0	0	0	0	0	0	0	0	0	0	0	0	0	0	0	0	0	0
OTU271	0	6	0	4	1	0	0	7	3	0	4	3	50	76	2	1	0	2	0	0	0	2	2	1	0	0	0	489	6	298	12	0	0	7	3	0	5	1	139	0	6	1	4	1	1	14	2	4	1871	92	5177	21	789	495	163	6	482	98	7	2	2	1	0	2	2	0	19	75	13	5	5	32	146	1549	86	1	3	6	29	1	31	5	15	41	5	7	6	9	4	228	5	6	6	111	7	10	3	1	2	0	4	18
OTU2710	0	0	0	0	0	0	0	0	0	0	0	0	0	0	0	0	0	0	0	0	0	0	0	0	0	0	0	0	0	0	0	0	0	0	0	0	0	0	0	0	0	0	0	0	0	0	0	0	0	0	0	0	0	0	0	0	0	0	0	0	0	0	0	0	0	0	0	22	0	0	0	0	0	0	0	0	0	0	0	0	0	0	0	0	0	0	0	0	0	0	0	0	0	0	0	0	0	0	0	0	0	0
OTU2711	0	0	0	0	0	0	0	0	0	0	0	0	0	0	0	0	0	0	0	0	0	0	0	0	0	0	0	0	0	0	0	0	0	0	0	0	0	0	0	0	0	0	0	0	0	0	0	0	0	0	0	0	0	0	0	0	0	0	0	0	0	0	0	0	0	0	0	15	0	0	0	0	0	0	0	0	0	0	0	0	0	0	0	0	0	0	0	0	0	0	0	0	0	0	0	0	0	0	8	0	0	0
OTU2712	0	0	0	0	0	0	0	0	0	0	0	0	0	0	0	0	0	0	0	0	0	0	0	0	0	0	0	0	0	0	0	0	0	0	0	0	0	0	0	0	0	0	0	0	0	0	0	0	0	0	0	0	0	0	0	0	0	0	0	0	0	0	0	0	0	0	0	0	32	0	0	0	0	0	0	0	0	0	0	0	0	0	0	0	0	0	0	0	0	0	0	0	0	0	0	0	0	0	0	0	0	0
OTU2713	0	0	0	0	0	0	0	0	0	0	0	0	0	0	0	0	0	0	0	0	0	0	0	0	0	0	0	0	0	0	0	0	0	0	0	0	0	0	0	0	0	0	0	0	0	0	0	0	0	0	0	0	0	0	0	0	0	0	0	0	0	0	0	0	0	0	0	0	17	0	0	0	0	0	0	0	0	0	0	0	0	0	0	0	0	0	0	0	0	0	0	0	0	0	0	0	0	0	0	0	0	0
OTU2714	0	0	0	0	0	0	0	0	0	0	0	0	0	0	0	0	0	0	0	0	0	0	0	0	0	0	0	0	0	0	0	0	0	0	0	0	0	0	0	0	0	0	0	0	0	0	0	0	0	0	0	0	0	0	0	0	0	0	0	0	0	0	0	0	7	0	0	0	18	0	0	0	0	0	0	0	0	0	0	0	0	0	0	0	0	0	0	0	0	0	0	0	0	0	0	0	0	0	0	0	0	0
OTU2715	0	0	0	0	0	0	0	0	0	0	0	0	0	0	0	0	0	0	0	0	0	0	0	0	0	0	0	0	0	0	0	0	0	0	0	0	0	0	0	0	0	0	0	0	0	0	0	0	0	0	0	0	0	0	0	0	0	0	0	0	0	0	0	0	0	0	0	0	1	0	0	0	0	27	0	0	0	0	0	0	0	0	0	0	0	0	0	0	0	0	0	0	0	0	0	0	0	0	0	0	0	0
OTU2716	0	0	0	0	0	0	0	0	0	0	0	0	0	0	0	0	0	0	0	0	0	0	0	0	0	0	0	0	0	0	0	0	0	0	0	0	0	0	0	0	0	0	0	0	0	0	0	0	0	0	0	0	0	0	0	0	0	0	0	0	0	0	0	0	0	0	0	0	0	0	15	0	0	0	0	0	0	0	0	0	0	0	0	0	0	0	0	0	0	0	0	0	0	0	2	0	0	0	0	0	0	0
OTU2717	0	0	0	0	0	0	0	0	0	0	0	0	0	0	0	0	0	0	0	0	0	0	0	0	0	0	0	0	0	0	0	0	0	0	0	0	0	0	0	0	0	0	0	0	0	0	0	0	0	0	0	0	0	0	0	0	0	0	0	0	0	0	0	0	0	0	0	0	0	0	20	0	0	0	0	0	0	0	20	0	1	0	0	0	0	0	0	0	0	7	0	0	0	0	0	0	0	0	0	0	0	0
OTU2718	0	0	0	0	0	0	0	0	0	0	0	0	0	0	0	0	0	0	0	0	0	0	0	0	0	0	0	0	0	0	0	0	0	0	0	0	0	0	0	0	0	0	0	0	0	0	0	0	0	0	0	3	0	0	0	0	0	0	0	0	0	0	0	0	0	0	0	0	0	0	0	59	0	0	0	0	0	0	0	0	0	0	0	0	0	0	0	0	0	0	0	0	1	0	0	0	0	0	0	0	0	0
OTU2719	0	0	0	0	0	0	0	0	0	0	6	0	0	0	0	0	0	0	0	0	0	11	0	0	0	0	0	0	0	0	0	0	2	0	0	0	44	0	0	0	0	0	0	0	0	0	0	0	1	0	0	6	0	0	0	0	0	0	0	3	0	0	0	0	0	0	0	0	0	0	0	0	0	2	0	1	35	1	2	0	0	42	0	0	0	0	0	6	0	0	0	0	1	0	0	2	0	0	0	0	0	0
OTU272	0	1	0	0	0	0	0	0	1	2	54	3	9	14	0	0	0	0	0	0	0	1	0	8	0	0	1	6	0	5	2	0	0	0	0	0	20	30	584	0	2	4	1	2	9	23	2	0	0	3	0	2	12	6	5	6	49	9	4	0	0	0	0	0	0	0	3	5	4	780	7	7	3	27	27	4	1311	34	1	10	6	3	1	0	1	20	96	4	2	15	4	2	4	3	0	6	10	0	0	0	0	0
OTU2720	0	0	1	0	0	0	0	0	0	0	13	0	0	0	0	0	4	0	0	0	0	0	0	0	0	0	0	0	0	0	0	0	0	0	0	0	39	1	0	0	0	1	0	0	0	0	0	0	0	13	0	9	0	0	0	0	0	0	0	0	0	0	0	0	0	0	0	0	0	0	0	0	3	1	0	0	29	4	0	0	0	9	0	0	0	0	1	0	0	0	0	3	1	0	0	0	0	0	0	0	0	0
OTU2721	0	0	0	0	0	0	0	0	0	0	11	0	0	0	0	0	6	0	0	1	1	1	0	0	0	0	0	0	0	0	0	0	1	0	0	0	59	0	0	0	0	3	0	0	0	0	0	0	0	8	0	17	1	0	0	0	0	0	0	0	0	0	0	0	0	0	0	0	0	0	0	1	0	5	0	0	113	1	1	0	0	16	0	0	0	0	0	3	0	2	0	0	0	0	0	7	0	2	0	0	0	0
OTU2722	0	0	0	0	0	0	0	0	0	0	0	0	0	0	0	0	0	0	0	0	0	0	0	0	0	0	0	0	0	0	0	0	0	0	0	0	6	0	0	0	0	0	0	0	0	0	0	0	0	0	0	0	0	0	0	0	0	0	0	1	0	0	0	0	0	0	0	0	0	0	0	0	0	1	0	0	19	0	0	0	0	4	0	0	0	0	0	0	0	0	0	0	0	0	0	2	0	0	0	0	0	0
OTU2723	0	0	0	0	0	0	0	0	0	0	15	0	0	2	1	0	3	0	0	0	0	4	0	0	0	0	0	0	0	0	0	0	0	0	0	0	32	0	0	0	0	1	0	0	0	0	0	0	0	3	0	4	0	0	0	0	0	0	0	0	0	0	0	0	0	0	0	0	0	0	0	0	2	3	0	0	39	0	0	0	0	17	0	0	0	0	0	2	0	0	0	0	0	0	0	0	0	0	0	0	0	0
OTU2724	0	2	0	0	0	0	0	0	0	0	5	0	0	0	0	0	0	0	0	0	2	2	0	0	0	0	0	0	0	0	0	0	0	0	0	0	33	0	0	0	0	0	0	0	0	0	0	0	0	2	0	10	1	0	0	0	0	0	1	2	0	0	0	0	0	0	0	0	0	0	0	1	0	6	0	0	60	0	1	0	0	20	0	0	0	1	0	3	0	0	0	0	0	0	0	0	0	0	0	0	0	0
OTU2725	0	0	0	0	0	0	0	0	0	0	3	0	0	0	0	0	0	0	0	0	0	4	0	0	0	0	0	0	0	0	0	0	0	0	0	0	27	0	0	0	0	0	0	0	0	0	0	0	0	3	0	5	0	0	0	0	0	0	0	6	0	0	0	0	0	0	0	0	0	0	0	0	0	0	0	0	42	0	0	0	0	33	1	0	0	0	0	1	0	0	0	1	2	0	0	0	0	0	0	0	0	0
OTU2726	0	0	0	0	0	0	0	0	0	0	17	0	0	1	0	0	0	0	0	0	0	8	0	0	2	0	0	0	0	0	0	0	0	0	0	0	106	0	0	0	0	4	0	0	0	0	0	0	0	4	0	23	0	0	1	0	0	0	0	10	0	0	0	0	0	0	0	0	0	0	0	0	2	5	1	0	124	0	0	0	0	92	0	0	0	1	0	1	0	0	0	6	0	0	0	1	0	0	0	0	0	0
OTU2727	0	0	0	0	0	0	0	0	0	0	0	0	0	0	0	0	0	0	0	0	0	1	0	0	0	0	0	0	0	0	0	0	0	0	0	0	0	7	0	0	0	0	0	0	0	0	0	5	0	0	0	0	2	0	0	0	3	0	2	0	2	0	0	0	0	0	7	12	28	0	0	0	0	0	0	1	0	0	0	0	0	0	0	2	0	0	0	0	0	0	0	0	0	7	1	0	2	0	19	10	19	0
OTU2728	0	0	0	0	0	0	0	0	0	0	0	0	0	0	0	0	0	0	0	0	0	0	0	0	1	0	0	0	0	0	0	0	0	0	0	0	0	0	0	0	0	0	0	0	0	0	0	0	0	0	0	0	0	0	0	0	0	0	0	0	0	0	0	0	0	0	0	0	0	0	0	0	0	0	0	0	0	0	0	0	0	0	0	0	0	0	0	0	0	0	0	0	0	1	0	0	0	0	32	0	0	0
OTU2729	0	0	0	0	0	0	0	0	0	0	0	0	0	0	0	0	0	0	0	0	0	0	0	0	0	0	0	0	0	0	0	0	0	0	0	0	0	0	0	0	0	0	0	0	0	0	0	0	0	0	0	0	0	0	0	0	0	0	0	0	0	0	0	0	0	0	0	0	0	0	0	0	0	0	0	0	0	0	0	0	0	0	0	0	0	0	0	0	0	0	0	0	0	0	0	0	0	0	19	0	0	0
OTU273	0	4	0	0	0	0	2	7	2	0	4	0	11	30	0	0	0	0	1	0	0	1	5	0	1	0	5	104	1	252	25	0	0	2	5	1	1	15	0	0	5	1	0	11	0	4	329	20	1	0	0	23	9	0	26	1	43	68	151	1	3	0	0	25	137	11	25	26	200	1	0	1	27	41	0	0	19	43	19	0	50	1	62	5	32	8	0	0	2	40	0	1	13	48	48	97	15	15	361	127	91	16
OTU2730	0	0	0	0	0	0	0	0	0	0	0	0	0	0	0	0	0	0	0	0	0	0	0	0	0	0	0	0	0	0	0	0	0	0	0	0	0	0	0	0	0	0	0	0	0	0	0	0	0	7	0	0	0	0	0	0	0	0	0	0	0	0	0	0	0	0	0	0	0	0	0	0	0	0	0	0	0	0	0	0	0	0	0	0	0	0	0	0	1	0	0	0	0	0	0	0	0	0	25	0	0	0
OTU2731	0	0	0	0	0	0	3	0	0	0	0	0	0	0	0	0	0	0	0	0	0	0	0	0	0	0	0	0	0	0	0	0	0	0	0	0	0	0	0	0	0	0	0	0	0	0	0	0	0	0	0	0	0	0	0	0	0	0	0	0	0	0	0	0	0	0	2	0	0	0	0	0	0	0	0	0	0	0	0	0	0	0	0	0	0	0	0	0	0	0	0	0	0	0	0	0	0	0	0	0	30	0
OTU2732	0	3	0	0	0	0	0	0	0	0	0	0	0	0	0	0	0	0	0	0	0	0	0	0	0	0	0	0	1	0	0	2	0	0	0	0	0	0	0	0	0	0	0	6	0	0	11	0	0	0	0	0	0	0	0	0	0	0	0	0	0	0	0	0	0	0	0	7	0	0	0	0	0	0	0	0	0	0	0	0	0	0	0	1	0	0	0	0	0	0	0	0	0	0	0	0	0	0	2	0	17	0
OTU2733	0	0	0	0	0	0	1	0	0	0	0	0	2	0	0	0	0	0	0	0	0	0	0	0	0	0	0	0	0	0	0	0	3	0	0	0	0	0	0	0	0	0	0	0	0	0	0	0	0	0	0	0	0	0	0	0	1	0	0	0	0	0	0	18	0	11	0	0	0	0	0	0	0	0	0	0	0	0	0	0	0	0	0	0	0	4	0	0	0	1	0	0	0	0	0	0	0	6	0	0	1	0
OTU2734	0	0	0	0	0	0	0	0	1	0	0	0	0	0	0	0	0	0	0	0	0	0	0	0	0	0	0	0	0	0	0	0	0	0	0	0	0	0	0	0	0	0	0	0	0	3	0	0	0	0	0	0	0	0	0	0	0	2	1	0	0	0	0	0	0	0	0	0	0	0	0	0	0	1	0	0	0	0	3	0	0	2	0	7	0	0	0	0	0	0	0	0	2	0	0	0	0	0	4	0	0	0
OTU2735	0	4	0	1	0	0	0	0	0	0	91	0	0	0	0	0	0	0	0	0	0	0	0	0	0	0	0	0	0	0	0	0	0	0	0	0	0	2	0	0	1	0	0	0	0	0	0	2	0	0	0	5	0	0	0	0	7	0	0	0	0	0	0	0	0	0	0	0	0	0	0	14	0	2	0	2	0	0	0	0	0	0	2	0	0	0	0	0	0	0	0	0	1	0	0	1	0	0	0	0	0	0
OTU2736	0	0	0	0	0	0	0	0	0	0	16	0	0	0	0	0	0	0	0	0	0	0	0	0	0	0	0	0	0	0	0	0	0	0	0	0	0	0	0	0	0	0	0	0	0	0	0	0	0	0	0	0	0	0	0	0	0	0	0	0	0	0	0	0	0	0	0	0	0	0	0	0	0	0	0	0	0	0	0	0	0	0	0	0	0	0	0	0	0	0	0	0	0	0	0	0	0	0	0	0	0	0
OTU2737	0	0	0	0	0	0	0	0	0	0	0	0	5	0	0	0	0	0	0	0	0	1	0	0	0	0	1	0	0	0	0	0	0	0	0	0	0	0	0	0	0	0	0	0	0	1	0	0	0	0	0	0	0	0	2	18	2	0	0	0	0	0	0	0	0	1	0	0	0	0	0	0	0	0	0	0	0	0	0	0	0	0	0	0	0	0	0	0	0	1	0	0	0	0	0	0	0	0	0	0	0	0
OTU2738	0	0	0	0	0	0	1	0	0	0	0	0	4	0	0	0	0	0	0	0	0	0	0	0	0	0	0	0	0	0	0	0	0	0	0	0	0	2	0	0	1	0	0	0	0	0	0	0	0	4	0	0	0	0	0	0	1	1	0	0	0	0	0	0	0	0	0	1	0	0	0	0	0	0	0	0	1	2	0	1	12	4	0	0	0	0	0	0	0	1	0	0	0	0	0	0	10	0	0	0	0	0
OTU2739	0	0	0	0	0	0	0	0	0	0	0	0	3	0	0	0	0	0	0	0	0	0	0	0	0	0	0	0	14	0	0	0	0	0	0	0	0	0	0	0	0	0	0	0	0	1	0	0	0	0	0	0	0	0	0	2	3	0	0	0	0	0	0	0	0	0	0	0	0	0	0	0	0	0	0	0	0	0	0	0	0	0	0	0	0	0	0	0	0	0	0	0	0	0	0	0	0	0	0	0	0	0
OTU274	1	2	0	0	0	0	2	0	2	0	0	2	3	2	0	0	0	0	0	0	0	3	0	0	0	0	5	11	0	1	0	5	4	127	3	0	15	0	1	0	4	6	1	65	13	12	1	0	0	2	4	25	1	7	27	8	14	8	19	4	0	0	0	0	438	1	169	195	344	3	1	0	57	57	9	2	0	2	7	0	8	7	4	6	15	5	0	0	0	28	11	7	0	14	64	6	6	8	325	136	89	61
OTU2740	0	0	0	0	0	0	0	0	0	0	0	0	1	0	0	0	0	0	0	0	0	0	0	0	0	0	0	0	0	0	0	0	0	0	0	0	0	0	0	0	0	0	0	0	0	0	0	0	0	0	0	0	11	0	0	0	0	0	0	0	0	0	0	0	0	0	0	0	0	0	0	0	0	1	0	0	0	0	0	0	0	0	0	0	0	0	0	18	0	0	0	0	0	0	0	0	0	0	0	0	0	0
OTU2741	0	0	0	0	0	0	0	0	0	0	0	0	2	0	0	0	0	0	0	0	0	0	0	0	0	0	0	0	0	0	0	0	0	0	0	0	0	0	0	0	0	0	0	0	0	0	0	0	0	0	0	0	0	0	0	0	4	0	0	0	0	0	0	0	0	0	0	0	0	0	0	0	0	14	0	0	0	0	0	0	0	0	0	0	0	0	0	0	0	0	0	0	0	0	0	0	0	0	0	0	0	0
OTU2742	0	0	0	0	0	0	0	0	0	0	0	0	0	1	0	0	0	0	0	0	0	0	0	0	0	0	0	0	0	0	0	0	0	0	0	0	0	0	0	0	0	0	0	0	0	0	0	0	0	0	0	0	0	0	8	0	1	4	0	0	0	0	0	0	0	0	0	0	0	0	0	0	0	0	0	0	0	0	0	0	0	0	0	0	0	0	0	0	0	0	0	0	0	0	0	0	0	0	0	0	0	0
OTU2743	0	0	0	0	0	0	0	0	0	0	0	0	0	1	0	0	0	0	0	0	0	0	0	0	0	0	0	0	0	0	0	0	0	0	0	0	0	0	0	0	0	0	0	0	0	0	0	0	0	0	0	0	0	0	0	0	0	0	0	0	0	0	0	0	0	0	0	0	0	0	0	0	0	0	0	0	0	0	0	0	0	0	0	0	0	4	0	0	0	0	0	0	0	4	0	11	0	0	0	0	0	0
OTU2744	0	0	0	0	0	0	0	0	0	0	0	0	0	1	0	0	0	0	0	0	0	0	0	0	0	0	0	0	0	0	0	0	0	0	0	0	0	0	0	0	0	0	0	0	0	0	0	0	0	0	0	0	0	0	0	0	0	0	1	0	0	0	0	0	0	0	0	0	0	0	0	0	0	0	0	0	0	0	0	0	0	0	11	0	0	0	0	0	0	0	0	0	0	0	0	0	3	0	0	0	0	0
OTU2745	0	0	0	0	0	0	0	0	0	0	0	0	0	0	16	0	0	0	0	0	0	0	0	0	0	0	0	0	0	0	0	0	0	0	0	0	0	0	0	0	0	0	0	0	0	0	0	0	0	0	0	0	0	0	0	0	0	0	0	0	0	0	0	0	0	0	0	0	0	0	0	0	0	0	0	0	0	0	0	0	0	0	0	0	0	0	0	0	0	0	0	0	0	0	0	0	0	0	0	0	0	0
OTU2746	0	0	0	0	0	0	0	0	0	0	0	0	0	0	0	0	0	1	0	0	0	0	0	0	0	0	0	0	0	0	0	0	0	0	0	0	0	0	0	0	0	0	0	0	2	0	0	0	0	0	0	0	0	0	0	27	0	5	0	0	0	0	0	0	0	0	0	0	3	0	0	0	0	0	0	0	0	0	0	0	0	0	0	0	0	0	0	0	0	0	0	0	0	0	0	0	0	0	0	0	0	0
OTU2747	0	0	0	0	0	0	0	0	0	0	0	0	0	0	0	0	0	0	0	0	0	2	0	0	0	0	0	0	0	0	0	0	0	0	0	0	0	0	0	0	0	0	0	0	0	0	0	0	0	0	0	0	0	0	0	0	0	0	0	0	0	0	0	0	0	0	0	0	0	0	0	0	0	0	0	0	0	0	0	0	0	0	0	0	0	0	0	0	0	0	0	0	0	1	0	0	0	0	19	0	0	0
OTU2748	0	0	0	0	0	0	0	0	0	0	0	0	1	0	0	0	0	0	0	0	0	0	0	0	0	0	2	41	12	0	0	0	0	0	0	0	0	0	0	0	0	0	0	0	0	0	0	0	0	0	0	0	0	0	0	0	0	0	0	0	0	0	0	0	0	0	0	0	0	0	0	0	0	0	0	0	0	0	0	0	0	0	0	0	0	0	0	0	0	0	0	0	0	0	0	0	1	0	0	0	0	0
OTU2749	0	0	0	0	0	0	0	0	0	0	0	0	0	2	0	0	0	0	0	0	0	0	0	0	0	0	1	0	0	0	0	0	0	0	0	0	0	0	0	0	0	0	0	0	0	0	0	0	0	0	0	0	0	0	0	0	0	0	0	0	0	0	0	0	0	0	0	0	0	0	0	0	0	1	0	0	0	0	0	0	0	0	22	0	0	0	0	0	0	0	0	0	0	0	0	0	0	0	0	0	0	0
OTU275	0	7	2	0	0	0	3	5	0	0	2	4	9	6	0	0	2	0	4	1	2	1	3	1	0	0	0	17	13	55	2	3	1	4	6	4	63	46	23	0	2	9	8	0	9	21	5	19	29	19	11	3	47	0	4	3	84	31	46	5	4	1	0	0	187	1	1099	448	610	35	23	77	0	14	12	41	179	21	6	10	7	16	65	20	20	1	48	17	137	2	6	0	3	22	4	3	9	1	141	46	77	32
OTU2750	0	0	0	0	0	0	0	0	0	0	0	0	0	0	0	0	0	0	0	0	0	1	0	0	0	0	0	18	0	0	0	0	0	0	1	0	1	0	0	0	0	0	1	0	1	2	0	0	0	1	0	0	1	0	2	0	2	1	0	0	0	0	0	0	0	0	0	1	0	0	0	2	1	1	0	1	0	0	0	0	1	0	0	0	2	1	0	0	3	1	0	0	0	1	0	0	1	0	1	0	0	0
OTU2751	0	0	0	0	0	0	0	0	0	0	0	0	0	0	0	0	0	0	0	0	0	0	0	0	0	0	0	32	0	0	0	0	0	0	0	0	0	0	0	0	0	1	2	0	0	0	0	0	0	3	0	0	0	3	0	0	1	5	0	0	0	0	0	0	0	0	0	0	0	1	0	0	0	5	0	0	0	1	0	0	5	0	0	4	0	0	0	0	0	0	5	0	0	1	0	10	0	0	0	0	0	0
OTU2752	0	0	0	0	0	0	0	0	0	0	0	0	0	0	0	0	0	0	0	0	0	0	0	0	0	0	0	1	0	0	0	0	0	0	0	0	0	0	0	0	0	0	0	0	0	5	0	0	0	0	0	0	0	0	0	0	0	0	0	0	0	0	0	0	0	0	0	0	0	0	0	0	0	0	0	0	0	0	0	0	1	0	11	0	0	0	0	0	0	1	0	0	0	0	0	0	0	0	0	0	0	0
OTU2753	0	0	0	0	0	0	0	0	0	0	0	0	0	0	0	0	0	0	0	0	0	0	0	0	0	0	0	18	0	0	0	0	0	0	0	0	0	0	0	0	0	0	0	0	0	0	0	0	0	0	0	0	0	0	0	0	0	0	0	0	0	0	0	0	0	0	0	0	0	0	0	0	0	0	0	0	0	0	0	0	0	0	0	0	0	0	0	0	0	0	0	1	2	0	0	0	0	0	0	0	0	0
OTU2754	0	0	0	0	0	0	0	0	1	0	0	1	0	3	0	0	0	0	0	0	0	0	0	0	0	0	1	1	3	5	9	0	0	0	0	0	0	2	16	0	42	9	2	0	0	2	3	0	0	0	3	3	6	0	0	3	20	0	0	0	0	0	0	0	0	0	0	0	0	1	7	6	8	3	6	1	5	15	1	0	5	0	2	0	3	0	0	7	14	1	0	0	0	6	0	2	0	0	0	0	0	0
OTU2755	0	0	0	0	0	0	0	0	0	0	0	0	0	0	0	0	0	0	0	0	0	0	0	0	0	0	0	0	0	21	0	0	0	0	0	0	0	0	0	0	0	0	0	0	0	0	0	0	0	0	0	0	0	0	0	0	0	0	0	0	0	0	0	0	0	0	0	0	0	0	0	0	0	0	0	0	0	0	0	0	0	0	0	0	0	0	0	0	0	0	0	0	0	0	0	0	0	0	0	0	0	0
OTU2756	0	0	0	0	0	0	0	0	0	0	0	0	0	0	0	0	0	0	0	0	0	0	0	0	0	0	0	4	0	8	0	0	0	0	0	0	0	0	0	0	0	0	1	0	0	0	0	1	0	0	0	1	0	0	7	1	1	0	0	0	0	0	0	0	0	0	0	0	0	0	0	1	0	1	0	0	0	0	0	0	0	0	1	0	0	0	0	0	0	0	0	0	0	0	5	0	0	0	0	0	0	0
OTU2757	0	0	0	0	0	0	0	0	0	0	0	0	0	0	0	0	0	0	0	0	0	0	0	0	0	0	0	0	0	8	0	0	0	0	0	0	0	0	0	0	0	0	0	0	0	0	0	0	5	0	0	3	0	0	0	0	3	0	0	0	0	0	0	0	0	0	0	0	0	0	0	0	0	2	0	0	0	0	0	0	0	0	0	0	0	0	0	0	0	0	0	0	0	0	0	0	0	0	0	0	0	0
OTU2758	0	0	0	0	0	0	0	0	0	0	0	0	0	0	0	0	0	0	0	0	0	0	0	0	0	0	0	0	0	0	0	0	0	21	0	0	0	0	0	0	0	0	0	0	0	0	0	0	0	0	0	0	0	0	0	0	0	0	0	0	0	0	0	0	0	0	0	0	0	0	0	0	0	0	0	0	0	0	0	0	0	0	0	0	0	0	0	0	0	0	0	0	0	0	0	0	0	0	0	0	0	0
OTU2759	0	0	0	0	0	0	0	0	0	0	0	0	0	0	0	0	0	0	0	0	0	0	0	0	0	0	0	1	0	0	0	0	0	19	0	0	0	0	0	0	0	0	0	0	0	0	0	0	0	0	0	0	0	0	0	1	0	0	0	0	0	0	0	6	0	5	0	0	0	0	0	0	3	0	0	0	0	0	0	0	0	0	0	0	0	5	0	0	0	0	0	0	0	0	0	0	0	2	0	0	0	0
OTU276	0	0	0	0	0	0	6	6	0	0	0	2	0	0	0	0	0	0	3	0	1	0	8	3	1	2	0	1	0	0	0	0	7	10	5	0	0	0	0	0	0	0	0	0	0	0	0	0	0	0	0	0	0	1	15	0	31	23	117	5	8	1	4	2	354	4	794	844	2163	2	0	0	0	4	0	0	0	0	0	0	0	0	1	0	0	0	0	0	0	1	0	0	0	76	5	5	9	18	1639	205	213	280
OTU2760	0	0	0	0	0	0	0	0	0	0	0	0	0	0	0	0	0	0	0	0	0	0	0	0	0	0	0	0	0	0	0	0	0	0	0	0	26	2	0	0	0	1	0	0	0	0	0	0	0	0	0	0	0	0	0	0	0	0	0	0	0	0	0	0	0	0	0	0	0	0	0	0	0	0	0	0	0	0	0	0	0	0	0	0	0	0	0	0	0	5	0	0	0	0	0	0	0	0	0	0	0	0
OTU2761	0	0	0	0	0	0	0	0	0	0	4	0	0	0	0	0	0	0	0	0	0	0	0	0	0	0	0	0	0	0	0	0	0	0	0	0	43	0	0	0	0	0	0	0	0	0	0	0	0	2	0	5	0	0	0	0	0	0	0	2	0	0	0	0	0	0	0	0	0	0	0	2	0	3	0	0	38	1	0	0	0	6	0	0	0	0	0	4	0	0	0	0	0	0	0	0	0	0	0	0	0	0
OTU2762	0	0	0	0	0	0	0	0	0	0	0	0	0	0	0	0	0	0	0	0	0	0	0	0	0	0	0	0	0	0	0	0	0	0	0	0	11	0	0	0	0	0	0	0	0	0	0	0	0	0	0	0	0	0	0	0	0	0	0	0	0	0	0	0	0	0	0	0	0	0	0	5	0	2	0	0	0	1	0	5	0	0	0	0	0	0	0	0	0	0	0	0	0	0	0	0	0	0	0	0	0	0
OTU2763	0	0	0	0	0	0	0	0	0	0	0	0	0	2	0	0	0	0	0	0	0	0	0	0	0	0	0	0	0	0	0	0	0	0	0	0	0	0	33	0	0	6	0	0	1	0	0	0	0	0	31	0	12	0	0	0	1	1	0	0	0	0	0	0	0	0	0	0	0	0	0	0	0	0	0	0	0	0	0	0	0	0	0	0	0	0	0	0	0	0	0	0	0	0	0	0	0	0	0	0	0	0
OTU2764	0	0	0	0	0	0	0	0	0	0	0	0	0	0	0	0	0	0	0	0	0	0	0	0	0	0	0	6	0	0	0	0	0	0	0	0	0	8	5	0	11	0	0	0	0	0	0	0	0	0	3	2	0	0	0	0	1	0	0	0	0	0	0	0	0	0	0	0	0	18	0	1	0	2	1	3	0	3	0	0	0	0	0	0	0	0	4	6	8	1	0	0	0	0	0	0	0	0	0	0	0	0
OTU2765	0	0	0	0	0	0	0	0	0	0	0	0	4	0	0	0	0	0	0	0	1	0	0	0	0	1	0	0	2	3	0	0	0	0	0	0	0	0	0	0	1	0	9	0	0	0	0	0	0	0	0	1	0	0	0	0	0	0	0	0	0	0	0	0	0	0	0	0	0	0	0	0	0	3	0	0	0	0	18	32	0	0	0	0	0	0	0	1	0	1	0	0	3	0	0	1	0	0	0	0	0	0
OTU2766	0	0	0	0	0	0	0	0	0	0	0	0	0	0	0	0	0	0	0	0	0	0	0	0	0	0	0	0	0	0	0	0	0	0	0	0	0	0	0	0	0	0	0	12	0	0	0	0	0	0	0	0	0	0	0	1	1	0	0	0	0	0	0	0	0	0	0	0	0	0	0	0	0	0	0	0	0	0	0	0	0	0	0	0	0	0	0	0	0	0	0	0	2	0	0	0	0	0	0	0	0	0
OTU2767	0	0	0	0	0	0	0	0	0	0	0	0	1	0	0	0	0	0	0	0	0	0	0	0	0	0	0	0	0	2	0	0	0	0	0	0	0	0	0	0	0	0	0	41	0	0	0	0	0	0	0	0	0	0	0	0	0	1	8	0	0	0	0	0	4	0	0	0	0	0	0	0	0	0	0	0	0	0	1	0	0	3	0	0	5	0	0	0	1	0	0	0	1	3	0	16	10	0	0	0	0	0
OTU2768	0	0	0	0	0	0	0	0	0	0	0	0	0	0	0	0	0	0	0	0	0	0	0	0	0	0	0	0	0	0	0	0	0	0	0	0	0	0	0	0	0	0	0	4	15	0	0	0	0	0	0	0	0	0	0	7	0	0	0	0	0	0	0	0	0	0	0	0	0	0	0	0	0	0	0	0	0	0	0	0	0	0	0	0	0	0	0	0	0	0	0	0	0	0	0	0	0	0	0	0	0	0
OTU2769	0	0	0	0	0	0	0	0	0	0	0	0	0	0	0	0	0	0	0	0	0	0	0	0	0	0	0	0	0	0	0	0	0	0	0	0	0	0	0	0	0	0	0	5	0	0	0	0	0	0	0	0	0	0	0	8	0	1	7	0	0	0	0	0	0	0	0	0	0	0	0	0	0	0	0	0	0	0	0	0	0	0	0	0	0	3	0	0	0	0	0	0	0	0	0	0	0	0	0	0	0	0
OTU277	0	0	0	0	0	0	2	2	2	2	30	0	9	3	0	0	0	0	0	0	7	0	0	12	0	0	0	2	2	0	0	0	0	1	3	0	12	27	603	0	161	3	136	0	3	11	0	0	50	1	2	0	7	0	0	0	16	8	1	2	0	1	0	0	0	0	0	22	0	23	45	93	5	5	1	86	795	38	0	0	44	115	0	1	2	23	17	25	36	7	1	1	1	0	0	3	2	0	0	0	1	0
OTU2770	0	0	0	0	0	0	0	0	0	0	0	0	0	0	0	0	0	0	0	0	0	0	0	0	0	0	0	0	0	0	0	0	0	0	0	0	0	0	0	0	0	0	0	0	12	0	0	0	0	0	0	0	0	0	0	0	0	0	0	0	0	0	0	0	0	0	0	0	0	0	0	0	0	0	0	0	0	0	0	0	0	0	0	0	0	0	0	0	0	0	0	0	0	0	0	0	10	0	0	0	0	0
OTU2771	0	0	0	0	0	0	0	0	0	0	0	0	0	0	0	0	0	0	0	0	0	0	0	0	0	0	0	2	0	0	0	0	0	0	0	0	0	0	0	0	7	0	0	0	5	0	0	0	0	1	0	0	0	0	0	0	0	0	0	0	0	0	0	1	0	0	0	0	0	0	0	0	2	4	0	0	0	0	0	0	0	0	0	0	0	0	0	0	0	10	0	0	0	0	0	0	0	0	0	0	0	0
OTU2772	0	0	0	0	0	0	0	0	0	0	0	0	0	2	0	0	0	0	0	0	0	0	0	0	0	0	0	0	0	0	0	0	0	0	0	0	0	0	0	0	0	0	0	0	1	0	0	0	0	1	0	0	0	0	0	10	1	0	0	0	0	0	0	0	0	0	0	0	0	2	0	0	3	0	2	0	0	0	0	0	0	7	0	0	0	0	0	0	0	0	0	0	0	0	0	3	0	0	0	0	0	0
OTU2773	0	0	0	0	0	0	0	0	0	0	0	2	0	1	0	0	0	0	0	0	0	0	0	0	0	0	0	3	0	1	0	0	0	0	0	0	1	2	0	0	0	0	0	3	0	0	2	0	3	0	0	2	0	0	0	0	6	0	1	0	0	0	0	0	0	0	0	0	0	0	0	2	0	2	0	0	0	0	0	0	0	2	0	0	0	0	0	0	2	0	0	0	1	0	0	0	3	0	0	0	0	0
OTU2774	0	0	0	0	0	0	0	0	0	0	0	0	0	0	0	0	0	0	0	0	0	0	0	0	0	0	0	0	0	0	0	0	0	0	0	0	0	0	0	0	0	0	0	0	0	0	1	0	0	0	0	0	0	0	0	2	0	0	0	0	0	0	0	0	0	0	0	0	0	0	0	0	0	0	0	0	0	0	0	0	0	13	0	0	0	0	0	0	0	0	0	0	0	0	0	0	0	0	0	0	0	0
OTU2775	0	0	0	0	0	0	0	0	0	0	0	0	0	0	0	0	0	0	0	0	0	0	0	0	0	0	0	0	0	0	0	0	0	0	0	0	0	0	0	0	0	0	0	0	0	0	0	2	0	0	0	0	0	0	0	0	0	0	0	0	0	0	0	0	0	0	0	0	0	0	0	0	0	0	0	0	0	0	0	0	0	0	0	0	0	0	7	0	1	0	0	0	0	5	0	0	0	0	0	0	0	0
OTU2776	0	0	0	0	0	0	0	0	0	0	0	0	0	0	0	0	0	0	0	0	0	0	0	1	0	0	0	1	0	0	0	0	0	0	0	1	0	0	0	0	0	0	0	0	0	0	0	17	0	0	0	0	0	0	0	0	3	0	1	0	0	0	0	2	0	0	0	0	0	0	0	0	0	0	0	9	0	0	0	0	0	0	0	0	0	0	0	0	0	0	0	0	0	0	0	0	0	0	0	0	0	0
OTU2777	0	0	0	0	0	0	0	0	0	0	0	0	0	0	0	0	0	0	0	0	0	0	0	0	0	0	0	0	0	0	0	0	0	0	0	0	0	0	0	0	0	0	0	0	0	0	0	0	0	0	0	0	0	8	0	0	0	0	0	0	0	0	0	2	0	6	0	0	0	0	0	0	0	1	0	0	0	0	0	0	0	0	0	0	0	0	0	0	0	0	0	0	3	0	0	0	0	6	0	0	0	0
OTU2778	0	0	0	0	0	0	0	0	0	0	0	0	0	0	0	0	0	0	0	0	0	0	0	0	0	0	0	0	0	0	0	0	0	0	0	0	0	0	0	0	0	0	0	0	0	0	0	0	1	0	0	0	0	1	0	1	0	0	0	0	1	0	0	10	0	3	1	0	0	0	0	0	0	0	0	0	0	0	0	0	0	0	0	0	0	3	0	0	0	0	0	0	9	1	0	0	0	21	1	0	0	0
OTU2779	0	0	0	0	0	0	0	0	0	0	0	0	0	0	0	0	0	0	0	0	0	0	0	0	0	0	0	0	0	0	0	0	0	0	0	0	0	0	0	0	0	0	0	2	0	0	0	0	0	0	0	0	0	0	3	6	5	0	0	0	0	0	0	0	0	0	0	0	0	0	0	0	0	0	0	0	0	0	0	0	0	0	0	0	0	0	0	0	0	0	0	0	0	0	0	0	0	0	0	0	0	0
OTU278	0	2	1	0	0	0	0	0	75	2049	2	4	10	15	0	0	0	0	0	0	0	5	0	3	2	1	5	8	37	0	1	0	0	3	0	0	144	4	113	0	159	28	2	1	2	0	0	1	0	8	0	0	13	3	23	0	21	10	6	0	0	0	0	5	0	4	0	0	106	0	0	0	2	29	2	1	1	42	7	0	4	11	1	0	1	1	0	34	5	6	0	0	5	9	9	7	6	0	24	82	0	2
OTU2780	0	0	0	0	0	0	0	0	0	0	0	0	0	0	0	0	0	0	0	0	0	0	0	0	0	0	0	0	0	0	0	0	0	0	0	0	0	0	0	0	0	0	0	0	1	0	0	3	0	0	0	0	1	0	1	0	2	1	0	0	0	0	0	0	0	0	1	1	0	0	0	0	1	0	0	0	0	0	1	0	0	0	6	0	3	0	0	0	1	1	0	0	0	2	0	6	0	0	0	0	0	0
OTU2781	0	0	0	0	0	0	0	0	0	0	0	0	0	0	0	0	0	0	0	0	0	0	0	0	0	0	0	0	0	0	0	0	0	0	0	0	0	0	0	0	0	0	0	0	0	0	0	0	0	0	0	0	0	0	0	0	15	0	0	0	0	0	0	0	0	0	0	0	0	0	0	0	0	0	0	0	0	0	0	0	0	0	0	0	0	0	0	0	0	2	0	0	0	0	0	0	0	0	0	0	0	0
OTU2782	0	0	0	0	0	0	0	0	0	0	0	0	0	0	0	0	0	0	0	0	2	0	0	0	0	0	0	0	0	0	0	0	0	0	0	0	0	0	0	0	0	0	0	0	0	0	0	0	0	0	0	0	0	0	0	0	0	3	0	0	0	0	0	0	11	0	3	10	0	0	0	0	0	0	0	0	0	0	0	0	0	0	0	0	0	0	0	0	0	0	0	0	0	0	0	0	0	0	0	0	0	0
OTU2783	0	0	0	0	0	0	0	0	0	0	0	0	0	0	0	0	0	0	0	0	0	0	0	2	0	0	0	0	0	0	0	1	0	0	1	1	0	0	0	0	0	0	0	0	0	0	0	0	0	0	0	0	4	0	1	0	6	16	0	0	2	0	0	1	17	0	242	146	0	0	0	0	0	0	0	0	0	0	0	0	0	0	0	0	0	0	0	0	0	0	0	0	0	0	0	0	0	0	1	0	2	0
OTU2784	0	0	0	0	0	0	0	0	0	0	0	0	0	0	0	0	0	0	0	0	0	0	2	0	0	0	0	1	0	0	0	0	0	0	0	0	0	0	0	0	0	0	0	0	0	0	0	1	0	0	0	0	0	0	0	0	0	0	17	0	0	0	0	0	0	0	0	0	0	0	0	0	0	0	0	0	0	0	0	0	0	0	0	0	0	0	0	0	0	0	0	0	2	1	0	0	0	0	15	0	0	0
OTU2785	0	0	0	0	0	0	0	0	0	0	0	0	1	0	0	0	0	0	0	0	0	0	0	0	0	0	0	0	0	0	0	0	0	0	0	0	0	0	0	0	0	0	0	0	0	0	0	0	0	0	0	0	0	0	0	0	0	0	27	0	0	0	0	0	0	0	0	0	0	0	0	0	0	0	0	0	0	0	0	0	0	0	0	0	0	0	0	0	0	0	0	0	0	0	0	0	2	0	0	0	0	0
OTU2786	0	0	0	0	0	0	0	0	0	0	0	0	0	0	0	0	0	0	0	0	0	0	0	0	0	0	0	0	0	0	0	0	0	0	0	0	0	0	0	0	0	0	0	0	0	0	0	0	0	0	0	0	0	0	0	0	0	0	1	0	0	0	0	0	0	0	0	2	1	0	0	0	0	0	0	0	0	0	0	0	0	0	0	0	0	0	0	0	0	2	22	0	1	0	0	2	2	0	0	0	0	0
OTU2787	0	0	0	0	0	0	0	0	0	0	0	0	0	0	0	0	0	0	0	0	0	0	0	0	0	0	0	0	0	0	0	0	0	0	0	0	0	0	0	0	0	0	0	0	0	0	0	0	0	0	0	0	0	0	0	0	0	0	0	3	0	0	0	3	0	0	0	4	7	0	0	0	0	0	0	0	0	0	0	0	0	0	0	0	0	0	0	0	0	0	0	0	0	0	0	0	0	0	2	0	0	0
OTU2788	0	0	0	0	0	0	0	0	0	0	0	0	0	0	0	0	0	0	0	0	0	0	0	0	0	0	0	0	0	0	0	0	0	0	0	0	0	0	0	0	0	0	0	0	0	0	0	0	0	0	0	0	0	0	0	0	0	0	0	0	26	0	0	0	0	0	0	0	0	0	0	0	0	0	0	0	0	0	0	0	0	0	0	0	0	0	0	0	0	0	0	0	0	0	0	0	0	0	0	0	0	0
OTU2789	0	0	0	0	0	0	0	0	0	0	0	0	0	0	0	0	0	0	0	0	0	0	0	0	0	0	4	0	0	0	0	0	0	0	0	0	0	0	0	0	0	0	1	0	0	0	0	0	0	0	0	0	0	0	1	1	0	0	0	0	20	0	0	0	0	0	0	0	0	0	0	0	0	0	0	0	0	0	0	0	0	10	0	0	0	0	0	0	0	0	0	0	1	0	0	0	0	0	2	0	0	0
OTU279	3	1	0	4	0	0	1	0	0	0	0	18	21	20	2	0	0	0	0	0	0	0	0	0	2	0	6	49	0	12	6	1	0	2	0	0	4	2	4	0	0	3	1	84	44	92	1	10	20	42	2	17	39	64	52	91	120	40	63	0	1	0	0	0	4	3	3	0	4	559	60	23	24	24	688	3	2	0	17	1	49	40	6	2	1	5	0	0	3	28	3	22	6	5	6	5	76	0	0	0	1	1
OTU2790	0	0	0	0	0	0	0	0	0	0	1	0	0	0	0	0	0	0	0	0	0	0	0	0	0	0	0	0	0	0	0	0	0	0	0	0	0	0	0	0	0	0	0	0	0	0	0	0	0	0	0	0	0	0	0	0	0	0	0	0	0	0	0	34	0	12	0	0	0	0	0	0	0	0	0	0	0	0	0	0	0	0	0	0	0	4	0	0	0	0	0	0	2	0	0	0	0	4	0	0	0	0
OTU2791	0	0	0	0	0	0	0	0	0	0	0	0	0	0	0	0	0	0	0	0	0	0	0	0	0	0	0	0	0	0	0	0	0	0	0	0	0	0	0	0	0	0	0	0	0	0	0	0	0	0	0	0	0	0	0	3	0	0	0	0	0	0	0	25	0	3	0	0	2	0	0	0	0	0	0	0	0	0	0	0	0	0	0	0	0	11	0	0	0	0	0	0	6	0	0	0	2	6	0	0	1	0
OTU2792	0	0	0	0	0	0	0	0	0	0	0	0	0	0	0	0	0	0	0	0	0	0	0	0	0	0	0	0	0	0	0	0	0	0	0	0	0	0	0	0	0	0	0	0	0	0	0	0	0	0	0	0	0	0	0	0	0	0	0	0	0	0	0	19	0	20	0	0	0	0	0	0	0	0	0	0	0	0	0	0	0	0	0	0	0	9	0	0	0	0	0	0	0	0	0	0	0	6	0	0	0	0
OTU2793	0	0	0	0	0	0	0	0	0	0	0	0	0	2	0	0	0	0	0	0	0	0	0	0	0	0	0	0	0	0	0	0	0	0	0	0	0	0	0	0	0	0	0	0	0	0	0	0	0	0	0	0	0	0	0	0	2	0	0	1	0	0	0	11	0	22	2	0	0	0	0	0	0	0	0	0	0	0	0	0	0	0	0	0	0	2	0	0	0	3	0	0	9	2	0	0	0	15	0	0	0	0
OTU2794	0	0	0	0	0	0	0	0	0	0	0	0	0	0	0	0	0	0	0	0	0	0	0	0	0	0	0	0	0	0	0	0	0	0	0	0	0	0	0	0	0	0	0	0	0	0	0	0	0	0	0	0	0	0	0	0	0	0	0	0	0	0	0	38	0	6	0	0	0	0	0	0	0	0	0	0	0	0	0	0	0	0	0	0	0	2	0	0	0	0	0	0	0	0	0	0	0	10	0	0	0	0
OTU2795	0	0	0	0	0	0	0	0	0	0	0	0	0	0	0	0	0	0	0	0	0	0	0	0	0	0	0	0	0	0	0	0	0	0	0	0	0	0	0	0	0	0	0	0	0	0	0	0	0	0	0	0	0	0	0	0	0	0	0	0	0	0	0	15	0	6	0	0	0	0	0	0	0	0	0	0	0	0	0	0	0	0	1	0	0	4	0	0	0	0	0	0	5	0	0	0	0	10	0	0	4	0
OTU2796	0	0	0	0	0	0	0	0	0	0	0	0	0	0	0	0	0	0	0	0	0	0	0	0	0	0	0	0	0	0	0	0	0	0	0	0	0	0	0	0	0	0	0	0	0	0	0	0	0	0	0	0	0	0	0	0	0	0	0	0	0	0	0	15	0	4	0	0	0	0	0	0	0	0	0	0	0	0	0	0	0	0	0	0	0	5	0	0	0	0	0	0	1	0	0	0	0	6	0	0	0	0
OTU2797	0	0	0	0	0	0	0	0	0	0	0	0	0	0	0	0	0	0	0	0	0	0	0	0	0	0	0	0	0	0	0	0	0	0	0	0	0	0	0	0	0	0	0	0	0	0	0	0	0	0	0	0	0	0	0	0	0	0	0	0	0	0	0	2	0	9	0	0	0	0	0	0	0	0	0	0	0	0	0	0	0	0	0	0	0	4	0	0	0	0	0	0	3	0	0	0	0	11	0	0	0	0
OTU2798	0	0	0	0	0	0	0	0	0	0	0	0	0	0	0	0	0	0	0	0	0	0	0	0	0	0	0	0	0	0	0	0	0	0	0	0	0	0	0	0	0	0	0	0	0	0	0	0	0	0	0	0	0	0	0	0	0	0	0	0	0	0	0	0	16	0	0	0	0	0	0	0	0	0	0	0	0	0	0	0	0	0	0	0	0	0	0	0	0	0	0	0	0	0	0	0	0	0	0	0	0	0
OTU2799	0	0	0	0	0	0	0	0	0	0	0	0	0	0	0	0	0	0	0	0	0	0	0	0	0	0	0	0	0	0	0	0	0	0	0	0	0	0	0	0	0	0	0	0	0	0	0	0	0	0	0	0	0	0	0	0	0	0	0	0	0	0	0	0	1	0	22	0	3	0	0	0	0	0	0	0	0	0	0	0	0	0	0	0	0	0	0	0	0	0	0	0	0	0	0	0	0	0	0	0	0	0
OTU28	6	28	6	22	0	1	15	9	21	0	55	51	184	187	5	0	1	0	9	0	253	12	9	4	4	2	370	277	183	726	531	3	12	112	27	33	23	115	22	0	703	118	134	177	185	370	457	2003	378	155	35	100	5820	17	1490	44	1586	303	2205	34	63	206	15	30	425	16	826	17	215	121	11	170	75	971	110	153	44	82	25	3	107	1202	3637	11757	411	515	70	39	81	227	58	45	160	1347	613	395	1303	20	591	5348	305	368
OTU280	0	0	0	1	0	0	5	1	2	0	1	0	2	11	0	0	0	0	4	0	0	7	5	0	3	0	0	2	0	0	2	0	4	14	3	0	3	0	1	0	0	6	1	2	55	3	0	0	0	0	0	32	16	0	10	0	49	46	13	2	3	1	1	2	245	9	568	304	219	1	0	0	15	76	2	2	2	0	14	0	20	10	13	8	37	6	0	1	1	180	0	0	13	46	27	13	23	17	660	498	251	355
OTU2800	0	0	0	0	0	0	0	0	0	0	0	0	0	0	0	0	0	0	0	0	0	0	0	0	0	0	0	0	0	0	0	0	0	0	0	0	0	0	0	0	0	0	0	0	0	0	0	0	0	0	0	0	0	0	0	0	0	0	0	0	0	0	0	0	0	1	0	0	0	0	0	0	0	0	0	0	0	0	0	0	0	0	0	0	0	0	0	0	0	0	0	0	0	0	0	0	0	0	3	0	26	0
OTU2801	0	0	0	0	0	0	0	0	0	0	0	0	0	0	0	0	0	0	0	0	0	0	0	0	0	0	0	0	0	0	0	0	0	0	0	0	0	0	0	0	0	0	0	0	0	0	0	0	0	0	0	0	0	0	0	0	0	0	0	0	0	0	0	0	0	1	0	21	0	0	0	0	0	0	0	0	0	0	0	0	0	0	0	0	0	0	0	0	0	0	0	0	0	0	0	0	0	0	0	0	0	0
OTU2802	0	0	0	0	0	0	0	0	0	0	0	0	0	0	0	0	0	0	0	0	0	0	0	0	0	0	0	0	0	0	0	0	0	1	0	0	0	0	0	0	0	0	0	0	0	0	0	0	0	0	0	0	0	0	0	0	0	0	0	0	0	0	0	0	1	0	0	3	23	0	0	0	0	0	0	0	0	0	0	0	0	0	0	0	0	0	0	0	0	0	0	0	0	0	0	0	0	1	0	0	0	0
OTU2803	0	0	0	0	0	0	0	0	0	0	0	0	0	0	0	0	0	0	0	0	0	0	0	0	0	0	0	0	0	0	0	0	0	0	0	0	0	0	0	0	0	0	0	0	0	0	0	0	0	0	0	0	0	0	0	0	0	0	0	0	0	0	0	0	0	0	0	0	20	0	0	0	0	0	0	0	0	0	0	0	0	0	0	0	0	0	0	0	0	0	0	0	0	0	0	0	0	0	0	0	0	0
OTU2804	0	0	0	0	0	0	0	0	0	0	0	0	0	0	0	0	0	0	0	0	0	0	0	0	0	0	0	0	0	0	0	0	0	0	0	0	0	0	0	0	0	0	0	0	0	0	0	0	0	0	0	0	0	0	0	0	0	0	0	0	0	0	0	0	0	0	0	0	17	0	0	0	0	0	0	0	0	0	0	0	0	0	0	0	0	0	0	0	0	0	0	0	0	0	0	0	0	0	0	0	0	0
OTU2805	0	0	0	0	0	0	0	0	2	0	0	0	0	4	0	0	0	0	0	0	0	0	0	0	0	0	0	0	3	0	0	0	0	0	0	0	0	0	0	0	0	0	0	0	0	1	0	0	0	0	0	0	0	0	0	0	0	0	0	0	0	0	0	0	0	0	0	0	0	0	20	0	0	0	0	2	0	2	0	0	0	0	0	0	0	0	34	0	1	0	0	0	0	0	0	0	0	0	0	0	0	0
OTU2806	0	0	0	0	0	0	0	0	1	0	7	1	0	0	0	0	0	0	0	0	0	0	0	0	0	0	0	0	0	0	0	0	0	0	0	1	0	0	0	0	0	0	0	0	0	0	0	0	0	0	0	8	0	0	0	0	5	0	0	0	0	0	0	0	0	0	0	0	0	0	0	80	0	0	0	0	0	0	0	0	0	0	0	0	0	0	0	0	0	0	0	0	4	0	0	0	0	0	0	0	0	0
OTU2807	0	0	0	0	0	0	0	0	0	0	0	0	0	0	0	0	0	0	0	0	0	0	0	0	0	0	0	0	0	0	0	0	0	0	0	0	0	0	0	0	0	0	0	0	0	0	0	0	0	0	0	0	0	0	0	0	0	0	0	0	0	0	0	0	0	0	0	0	0	0	0	0	0	0	0	30	0	0	0	0	0	0	0	0	0	0	0	0	0	0	0	0	0	0	0	0	0	0	0	0	0	0
OTU2808	0	0	0	0	0	0	0	0	0	0	9	0	0	0	0	0	0	0	0	0	0	0	0	0	0	0	0	0	0	0	0	0	0	0	0	0	31	0	0	0	0	0	0	0	0	0	0	0	0	3	0	8	0	0	2	0	0	0	0	0	0	0	0	0	0	0	0	0	0	0	0	0	1	3	0	0	71	0	0	0	4	7	0	0	0	0	0	1	0	0	0	1	0	0	0	1	0	0	0	0	0	0
OTU2809	0	3	0	0	0	0	0	0	0	0	0	0	0	0	0	0	0	0	0	0	0	0	0	0	0	0	0	0	0	0	0	0	0	0	0	0	13	0	0	0	0	0	0	0	0	0	0	0	0	4	0	0	0	0	0	0	0	0	0	0	0	0	0	0	0	0	0	0	0	0	0	0	0	2	0	0	28	0	0	0	0	3	0	0	0	0	0	0	0	0	0	0	0	0	0	0	0	0	0	0	0	0
OTU281	0	0	0	0	0	0	0	0	0	0	0	0	8	5	0	0	0	0	0	0	17	1	3	0	11	0	0	4	1	0	0	0	0	0	0	0	3	1	2	0	3	8	646	0	1	1	2	0	555	4	5	0	24	5	0	0	26	17	0	4	0	0	0	0	0	0	5	0	0	2	0	0	1	133	0	0	0	0	721	0	7	137	0	0	0	3	0	0	12	5	1	0	6	8	1	20	4	0	0	0	0	0
OTU2810	0	0	0	0	0	0	0	0	1	0	0	0	0	0	0	0	0	0	0	0	0	0	0	0	0	0	0	0	0	0	0	0	0	0	0	0	0	0	0	0	1	0	0	0	0	0	0	0	0	0	0	0	0	0	0	0	0	0	0	0	1	0	0	0	0	0	0	0	0	0	0	0	0	0	0	0	0	1	0	0	0	8	1	3	0	0	0	0	0	0	9	0	0	0	0	0	0	0	0	0	0	0
OTU2811	0	0	0	0	0	0	0	0	0	0	0	0	0	0	0	0	0	0	0	0	0	0	0	0	0	0	0	0	0	0	0	0	0	0	0	0	0	0	0	0	0	0	0	0	0	0	0	0	0	0	0	0	1	0	0	0	0	0	0	0	0	0	0	0	0	0	0	0	0	0	0	0	0	0	0	0	0	0	0	0	0	0	19	0	0	0	0	0	0	0	0	0	0	0	0	0	0	0	0	0	0	0
OTU2812	0	0	0	0	0	0	0	0	0	0	0	0	0	0	0	0	0	0	0	0	0	0	0	0	0	0	0	0	0	0	0	0	0	0	0	0	0	0	0	0	0	0	0	0	0	0	0	0	0	0	0	0	2	0	0	0	2	0	0	0	0	0	0	0	0	0	0	0	0	0	0	1	0	3	0	0	0	0	0	0	0	0	0	0	0	0	0	0	0	0	0	0	0	30	0	0	0	0	1	0	0	0
OTU2813	0	0	0	0	0	0	0	0	0	0	0	0	0	0	0	0	0	0	0	0	0	0	0	0	0	0	0	0	0	0	0	0	0	0	0	0	0	0	0	0	0	0	0	0	0	0	0	0	0	0	0	0	0	0	0	0	0	0	0	0	0	0	0	0	0	0	0	0	0	0	0	0	0	0	0	0	0	0	0	0	0	0	0	0	0	0	0	0	0	0	0	0	0	4	0	0	0	0	11	0	0	7
OTU2814	0	0	0	0	0	0	0	0	0	0	0	0	0	0	0	0	0	0	0	0	0	0	0	0	0	0	0	0	0	0	0	0	0	0	0	0	7	0	0	0	0	0	0	0	0	0	0	0	0	2	0	7	0	0	0	0	0	0	0	0	0	0	0	0	0	0	0	0	0	0	0	0	1	2	0	0	10	0	0	0	0	4	0	0	0	0	0	1	0	0	0	1	0	0	0	0	43	0	0	0	0	1
OTU2815	0	0	0	0	0	0	0	0	0	0	0	0	0	0	0	0	0	0	0	0	0	0	0	0	0	0	0	0	0	0	0	0	0	0	0	0	0	0	0	0	0	0	0	0	0	0	0	0	0	0	0	0	0	0	0	0	0	0	0	0	0	0	0	0	0	0	0	0	0	0	0	0	0	0	0	0	0	0	0	0	0	0	0	0	0	0	0	0	0	0	0	0	0	0	0	0	0	0	17	0	0	0
OTU2816	0	0	0	0	0	0	0	0	0	0	0	0	0	0	0	0	0	0	0	0	0	0	0	0	0	0	0	0	0	0	0	0	0	0	0	0	0	0	0	0	0	0	0	0	0	0	0	0	0	0	0	0	0	0	0	0	0	0	0	1	0	0	0	0	0	0	0	0	0	0	0	0	0	0	0	0	0	0	0	0	0	0	0	0	0	0	10	0	0	0	0	0	0	0	0	0	0	0	39	0	5	0
OTU2817	0	0	0	0	0	0	0	0	0	0	0	0	0	0	0	0	0	0	0	0	0	0	0	0	0	0	0	0	0	0	0	0	0	0	0	0	0	0	0	0	0	0	0	0	0	0	0	0	0	0	0	0	0	0	0	0	0	0	0	0	0	0	0	0	0	0	0	0	0	0	0	0	0	0	0	0	0	0	0	0	0	0	0	0	0	0	0	0	0	0	0	0	0	0	0	0	0	0	20	0	0	0
OTU2818	0	0	0	0	0	0	0	0	0	0	0	0	0	0	0	0	0	0	0	0	0	0	0	0	0	0	0	2	5	0	0	0	0	0	0	0	0	0	0	0	0	0	0	0	0	0	0	0	0	0	9	0	0	0	0	0	3	0	0	0	0	0	0	0	0	0	0	0	0	1	0	0	0	0	1	0	0	0	0	0	0	0	0	8	0	0	0	0	0	0	0	2	0	0	0	0	0	3	0	31	0	0
OTU2819	0	0	0	0	0	0	0	0	0	0	0	0	0	0	0	0	0	0	0	0	0	0	0	0	0	0	0	0	0	0	0	0	0	0	0	0	0	0	0	0	0	0	0	0	0	0	0	0	0	0	0	0	0	0	0	0	0	0	0	0	0	0	0	0	0	0	0	0	0	0	0	0	0	0	0	0	0	0	0	0	0	0	0	0	0	0	0	0	0	0	0	0	0	0	0	0	0	0	0	10	8	0
OTU282	0	0	0	0	0	0	0	0	0	0	0	3	0	0	0	0	0	0	0	0	0	5	0	0	2	1	0	0	0	0	0	0	2	3	4	2	0	0	0	0	0	0	0	0	0	0	0	0	0	0	0	0	1	0	5	0	22	18	5	0	2	0	1	0	289	3	954	889	185	0	0	0	0	0	0	0	0	0	0	0	0	0	0	0	0	0	0	0	0	0	0	0	0	0	0	0	0	2	7	2	25	2
OTU2820	0	0	60	0	0	0	0	0	0	0	0	0	0	0	0	0	0	0	0	0	0	0	0	0	0	0	0	0	0	0	0	0	0	0	0	0	0	0	0	0	0	0	0	0	0	0	0	0	0	0	0	0	0	0	0	0	0	0	0	0	0	0	0	0	0	0	0	0	0	0	0	0	0	0	0	0	0	0	0	0	0	0	0	0	0	0	0	0	0	0	0	0	0	0	0	0	0	0	0	0	0	0
OTU2821	0	0	0	0	0	0	1	0	0	0	0	0	0	0	0	0	0	0	0	0	0	0	0	0	0	0	0	0	0	0	0	0	0	0	0	0	0	0	0	0	0	0	0	0	0	0	0	0	0	0	0	0	0	0	0	0	0	0	0	0	0	0	0	0	13	0	1	0	2	0	0	0	0	0	0	0	0	0	0	0	0	0	0	0	0	0	2	0	0	0	0	0	0	0	0	0	0	0	0	0	0	0
OTU2822	0	0	0	0	0	0	0	0	8	0	0	3	0	0	0	0	0	0	0	0	0	0	0	0	0	0	0	1	0	0	0	0	0	0	0	0	0	0	0	0	0	0	0	0	0	0	0	0	0	0	0	0	3	0	0	0	0	0	0	0	0	0	0	0	0	0	0	0	0	0	0	0	0	0	0	0	0	0	0	0	0	0	0	0	0	0	0	0	0	0	0	0	0	0	0	0	0	0	0	0	0	0
OTU2823	0	0	0	0	0	0	0	0	6	31	0	0	0	0	0	0	0	0	0	0	0	0	0	0	0	0	0	0	0	6	0	0	0	0	0	0	0	0	4	0	0	0	0	0	0	0	0	0	0	0	0	0	0	0	0	0	0	0	0	0	0	0	0	0	0	0	0	0	0	3	0	0	0	0	0	0	0	1	0	0	0	0	0	0	0	0	0	0	0	0	0	0	0	0	0	0	2	0	0	0	0	0
OTU2824	0	0	0	0	0	0	0	0	0	0	1	0	0	0	0	0	0	0	0	0	0	0	0	0	0	0	0	0	1	0	0	0	0	0	0	0	0	0	1	0	0	0	0	0	4	1	0	0	0	4	0	0	0	0	0	2	3	2	0	0	0	0	0	0	0	1	0	0	0	0	0	0	3	0	0	0	8	0	1	0	0	0	0	0	10	0	0	0	0	0	0	0	0	1	0	0	0	0	0	0	0	0
OTU2825	0	0	0	0	0	0	0	0	0	0	0	1	0	0	0	0	0	0	0	0	0	0	0	0	0	0	0	0	0	0	0	0	0	0	0	0	0	0	0	0	0	0	0	7	0	0	0	0	0	0	0	0	0	0	0	0	7	0	5	0	0	0	0	0	0	0	0	0	0	0	0	0	0	0	0	0	0	0	0	0	0	0	0	0	0	0	0	0	0	0	0	0	0	0	0	3	0	0	0	0	0	0
OTU2826	0	0	0	0	0	0	0	0	0	0	0	0	1	0	0	0	0	0	0	0	0	0	0	0	0	0	0	0	0	5	0	0	0	0	0	0	0	0	0	0	0	0	0	11	0	3	0	0	0	0	0	0	1	0	5	2	1	0	0	0	0	0	0	0	0	0	0	0	0	0	0	0	0	0	1	0	0	0	0	0	2	0	0	0	1	0	4	0	0	0	0	0	0	0	0	0	0	0	0	0	0	0
OTU2827	0	0	0	0	0	0	0	0	0	0	0	0	1	0	0	0	0	0	0	0	0	0	0	0	0	0	0	0	0	0	0	0	0	0	0	0	0	0	0	0	0	0	0	0	0	0	0	0	0	0	0	0	0	0	0	0	0	0	0	0	0	0	0	6	0	10	0	2	0	0	0	0	0	0	0	0	0	0	0	0	0	0	0	0	0	7	0	0	0	0	0	0	2	0	0	0	0	4	1	0	0	0
OTU2828	0	0	0	0	0	0	0	0	0	0	0	0	3	0	0	0	0	0	0	0	0	1	0	0	0	0	0	0	0	0	0	0	0	0	0	0	0	0	0	0	0	0	0	0	0	0	0	0	0	0	0	0	0	0	0	1	0	0	0	0	0	0	0	16	0	4	0	0	0	0	0	0	0	0	0	0	0	0	0	0	0	0	0	0	0	6	0	0	0	0	0	0	0	0	0	0	0	4	0	0	0	0
OTU2829	0	0	0	0	0	0	0	0	0	0	0	0	1	2	0	0	0	0	0	0	0	0	0	0	0	0	0	0	0	0	0	0	0	0	0	0	0	0	0	0	0	0	0	0	0	0	0	0	0	0	0	0	0	0	0	1	0	0	0	0	0	0	0	0	0	0	0	0	0	0	0	0	0	0	0	0	0	0	0	0	0	0	15	0	0	0	0	0	0	2	0	0	0	0	0	0	0	0	0	0	0	0
OTU283	0	16	0	1	0	2	0	0	0	0	9	1	5	19	0	0	0	0	0	0	0	49	0	1	0	3	4	8	341	7	2	0	0	0	6	0	1811	4	118	0	41	1	0	2	1	7	0	0	4	1	41	3	12	0	9	11	22	6	7	0	0	0	0	0	0	0	0	1	1	6	9	0	1	27	0	0	7	188	16	187	9	2	3	0	0	11	1	436	0	20	3	2	3	7	12	5	4	0	0	0	0	0
OTU2830	0	0	0	0	0	0	1	0	0	0	0	0	1	0	1	0	0	0	0	0	0	0	0	0	0	0	0	4	0	0	6	0	0	0	0	0	0	7	5	0	4	1	0	0	0	0	0	0	1	1	0	0	1	0	1	0	1	1	0	0	0	0	0	0	0	0	0	0	0	0	10	0	0	3	2	3	7	0	0	6	4	0	0	0	0	0	0	0	5	0	0	0	0	0	0	0	0	0	0	0	0	0
OTU2831	0	0	0	0	0	0	0	0	0	0	0	0	1	3	0	0	0	0	0	0	0	0	0	0	0	0	0	0	0	0	0	0	0	0	0	0	0	0	0	0	0	0	0	0	5	0	0	6	0	0	0	0	0	0	0	0	0	1	0	0	0	0	0	0	0	0	0	0	0	0	0	0	0	0	0	0	0	0	0	0	0	0	0	0	0	0	0	0	0	0	0	0	0	0	0	0	0	0	0	0	0	0
OTU2832	0	0	0	0	0	0	0	0	0	0	0	1	0	1	0	0	0	0	0	0	0	0	0	0	0	0	0	0	0	0	0	0	0	0	0	0	0	0	0	0	0	0	0	0	0	0	0	0	0	0	0	0	0	0	0	0	16	0	0	0	0	0	0	0	7	0	3	0	0	0	0	0	0	0	0	0	0	0	0	0	0	0	0	0	0	0	0	0	0	0	0	0	0	0	0	0	0	0	0	0	0	0
OTU2833	0	0	0	0	0	0	0	0	0	0	0	0	0	2	0	0	0	0	0	0	0	0	0	0	0	0	0	0	0	0	0	0	0	0	0	0	0	0	0	0	0	0	0	0	0	0	0	0	0	0	0	0	0	0	0	0	0	0	0	0	0	0	0	0	0	0	0	0	0	0	0	0	0	0	0	0	0	0	0	0	0	0	0	0	0	0	10	0	0	0	0	0	0	0	0	0	0	0	0	0	0	0
OTU2834	0	0	0	0	0	0	0	0	0	0	0	1	0	1	0	0	0	0	0	0	0	1	0	0	0	0	0	3	1	0	2	0	0	0	0	0	3	1	4	0	1	0	3	0	0	2	1	0	0	0	0	0	0	0	0	0	0	0	0	0	0	0	0	0	0	0	0	0	0	0	3	0	0	0	0	0	8	0	0	2	0	0	0	0	0	0	0	0	4	0	2	0	0	0	0	0	0	0	0	0	0	0
OTU2835	0	0	0	0	0	0	0	0	0	0	0	0	0	0	17	0	0	0	0	0	0	0	0	0	0	0	0	0	0	0	0	0	0	0	0	0	0	0	0	0	0	0	0	0	0	0	0	2	0	0	0	0	0	0	0	0	0	0	0	0	0	0	0	0	0	0	0	0	0	0	0	0	0	0	0	0	0	0	0	0	0	0	0	0	0	0	0	0	0	0	0	0	0	0	0	0	0	0	0	0	0	0
OTU2836	0	0	0	0	0	0	0	0	0	0	0	0	0	0	0	0	0	0	0	0	1	0	0	0	0	0	0	0	0	0	0	0	0	1	0	0	0	0	0	0	0	0	0	0	0	0	0	0	0	0	0	0	0	0	0	0	0	0	0	0	0	0	0	0	0	0	0	0	0	0	0	0	0	0	0	0	0	0	0	0	0	0	0	0	0	0	0	0	0	0	0	0	0	0	1	0	0	0	0	24	0	0
OTU2837	0	0	0	0	0	0	0	0	0	0	0	0	0	0	0	0	0	0	0	0	2	15	0	0	0	0	0	0	0	0	0	0	1	0	0	0	0	0	0	0	0	0	0	0	0	0	0	0	0	0	0	0	0	0	0	0	0	0	0	7	0	0	0	0	0	0	0	0	0	0	0	0	0	0	0	0	1	0	0	0	0	0	0	0	0	0	0	1	0	0	0	0	0	0	0	0	0	0	0	0	0	0
OTU2838	0	0	0	0	0	0	0	0	0	0	0	0	0	0	0	0	0	0	0	0	0	15	0	0	0	0	0	0	0	0	0	0	0	0	0	0	3	0	0	0	0	0	0	0	0	0	0	0	0	0	0	0	0	0	0	0	0	0	0	0	0	0	0	0	0	0	0	0	0	0	0	0	0	0	0	0	0	0	0	0	0	0	0	0	0	0	0	0	0	0	0	0	0	0	0	0	0	0	0	0	0	0
OTU2839	0	0	0	0	0	0	0	0	0	0	0	0	0	0	0	0	0	0	0	0	0	7	0	0	0	0	0	0	0	0	0	0	0	0	0	0	23	0	0	0	0	0	0	0	0	0	0	0	0	0	0	0	0	0	0	0	0	0	0	0	0	0	0	0	0	0	0	0	0	0	0	0	0	0	0	0	0	0	0	0	4	0	0	0	0	0	0	0	0	0	0	0	0	0	0	0	0	0	0	0	0	0
OTU284	0	5	0	6	1	0	5	2	12	0	9	13	24	27	2	0	0	0	11	0	0	3	5	0	5	0	123	76	526	706	32	0	0	2	7	0	45	35	12	0	16	209	15	5	4	25	40	0	27	42	49	21	82	15	68	9	170	16	39	3	0	0	0	0	66	0	267	24	126	18	21	77	15	90	17	2	869	20	104	25	86	47	13	63	5	21	323	27	49	39	130	50	19	79	4	53	15	5	3	0	4	0
OTU2840	0	0	0	0	0	0	0	0	0	0	0	0	0	0	0	0	0	0	0	0	0	0	0	0	52	0	0	0	0	0	0	0	0	0	0	0	0	0	0	0	0	0	0	0	0	0	0	0	0	0	0	0	0	0	0	0	0	0	0	0	0	0	0	0	0	0	0	0	0	0	0	0	0	0	0	0	0	0	0	0	0	0	0	0	0	0	0	0	0	0	0	0	0	0	0	0	0	0	0	0	0	0
OTU2841	0	0	0	0	0	0	0	0	0	0	0	0	0	0	0	0	0	0	0	0	0	0	0	0	1	0	0	0	0	0	0	0	0	0	0	0	0	0	0	0	0	0	0	0	1	0	0	0	3	0	3	0	0	0	0	0	0	2	0	0	0	0	0	0	0	0	0	0	0	5	0	0	0	0	0	0	0	0	0	0	0	0	0	0	0	0	0	0	0	9	0	0	0	0	0	0	0	0	0	0	0	0
OTU2842	0	0	0	0	0	0	0	0	0	0	0	1	0	0	0	0	0	0	0	0	0	0	0	0	0	0	2	0	0	0	2	0	0	0	0	0	0	0	0	0	2	0	1	0	0	0	0	0	0	0	0	0	0	0	0	0	2	0	0	0	0	0	0	0	0	0	3	0	0	0	0	0	0	0	0	0	0	0	0	0	0	0	0	0	0	0	0	0	0	0	0	0	0	0	0	0	0	0	0	0	0	0
OTU2843	0	0	0	0	0	0	0	0	0	0	0	0	0	1	0	0	0	0	0	0	0	0	0	0	0	0	10	0	0	0	0	0	0	0	0	0	0	0	0	0	0	0	0	0	0	0	0	0	0	0	0	0	0	0	0	0	3	0	0	0	0	0	0	0	0	0	0	0	0	0	0	0	0	0	0	0	0	0	0	0	0	0	0	0	0	0	0	0	0	0	0	0	0	0	0	0	0	0	0	0	0	0
OTU2844	0	0	0	0	0	0	0	0	0	0	0	0	0	0	0	0	0	0	0	0	0	0	0	0	0	0	4	11	6	0	1	0	0	0	0	0	1	1	5	0	0	0	0	4	0	2	0	0	0	3	0	0	1	0	0	0	0	0	0	0	0	0	0	0	0	0	0	0	0	0	0	0	0	0	0	0	0	0	2	0	0	1	0	0	5	0	0	0	2	1	15	3	0	0	0	0	0	0	0	0	0	0
OTU2845	0	0	0	0	0	0	0	0	0	1	0	0	0	1	0	0	0	0	0	0	0	0	0	0	0	0	0	4	0	2	0	0	0	0	0	0	0	0	0	0	0	1	0	0	1	0	2	0	0	9	1	0	0	2	2	0	2	0	5	0	0	0	0	0	0	0	0	0	0	0	0	5	0	2	0	0	0	0	1	0	0	0	1	0	13	0	0	0	0	3	3	1	0	0	1	0	0	0	0	0	0	0
OTU2846	0	0	0	0	0	0	0	0	0	0	0	0	0	0	0	0	0	0	0	0	0	0	0	0	0	0	0	2	0	0	0	0	0	0	0	0	0	0	0	0	0	1	0	0	0	0	0	0	0	0	0	0	0	0	0	0	0	0	0	0	1	0	0	18	0	7	0	0	0	0	0	0	0	0	0	0	0	0	0	0	0	0	0	0	0	3	0	0	0	0	0	0	2	0	0	0	0	9	0	0	0	0
OTU2847	0	0	0	0	0	0	0	0	1	0	0	0	0	3	0	0	0	0	0	0	0	0	0	0	0	0	0	1	0	0	2	0	0	0	0	0	0	0	0	0	20	0	4	0	0	0	0	0	0	0	0	0	2	0	0	0	0	0	0	0	0	0	0	0	0	0	0	0	0	0	0	0	1	1	0	0	0	0	0	0	2	0	0	0	0	0	0	1	0	0	0	0	0	0	0	0	0	0	0	0	0	0
OTU2848	0	0	0	0	0	0	0	0	0	0	0	0	0	0	0	0	0	0	0	0	0	0	0	0	0	0	0	0	0	24	0	0	0	0	0	0	0	0	0	0	0	0	0	0	0	0	0	0	0	0	0	0	0	0	0	0	0	1	0	0	0	0	0	0	0	0	0	0	0	0	0	0	0	0	0	0	0	0	0	0	0	3	0	0	0	0	0	0	0	0	0	0	2	0	0	0	0	0	0	0	0	0
OTU2849	0	0	0	0	0	0	0	0	0	0	0	0	0	0	0	0	0	0	0	0	0	0	0	0	0	0	0	0	0	0	0	0	0	0	0	0	18	0	0	0	0	0	0	0	0	0	0	0	0	0	0	0	0	0	0	0	0	0	0	0	0	0	0	0	0	0	0	0	0	0	0	0	0	0	0	0	0	0	0	0	0	0	0	0	0	0	0	0	0	0	0	0	0	0	0	0	0	0	0	0	0	0
OTU285	0	0	0	0	0	0	2	0	0	0	0	0	0	0	0	0	0	0	0	0	0	4	3	0	0	2	0	0	0	0	0	0	0	4	0	5	0	0	0	0	0	0	0	0	0	0	0	0	0	0	0	0	0	0	10	0	16	15	18	5	2	0	0	0	536	0	533	621	414	0	0	0	0	0	0	0	0	0	0	0	0	0	0	0	0	0	0	0	0	0	0	0	0	3	0	0	0	3	51	2	15	17
OTU2850	0	0	0	0	0	0	0	0	0	0	0	0	0	0	0	0	0	0	0	0	0	0	0	0	0	0	0	0	0	0	0	0	0	0	0	0	21	0	0	0	0	0	0	0	0	0	0	0	0	0	0	0	0	0	0	0	0	0	0	0	0	0	0	0	0	0	0	0	0	0	0	0	0	0	0	0	1	0	0	0	0	1	0	0	0	0	0	1	0	0	0	0	0	0	0	0	0	0	0	0	0	0
OTU2851	0	0	0	0	0	0	0	0	0	0	0	0	0	0	0	0	0	0	0	0	0	0	0	0	0	0	0	0	0	0	0	0	0	0	0	0	0	0	0	0	5	0	0	0	0	0	0	0	0	15	0	0	0	0	0	0	0	0	0	0	0	1	0	0	0	0	0	0	0	0	0	0	1	0	0	0	0	0	2	0	0	0	0	1	0	0	0	0	0	0	0	0	0	0	0	0	0	0	0	0	0	0
OTU2852	0	0	0	0	0	0	0	0	0	0	0	0	3	0	0	0	0	0	0	0	0	0	0	0	0	0	0	0	0	20	0	0	0	0	0	0	0	0	0	0	1	0	3	0	0	0	0	0	0	0	0	6	0	0	0	0	1	0	3	0	0	0	0	0	0	0	0	0	0	0	0	0	0	1	0	1	9	0	0	0	0	0	4	0	2	0	0	0	0	0	0	0	0	0	0	0	0	0	0	0	0	0
OTU2853	11	0	0	0	0	0	0	0	1	0	0	1	4	0	0	0	0	0	0	0	0	0	0	0	0	0	0	1	0	1	0	0	0	0	0	0	0	0	0	0	5	0	3	0	0	4	0	1	1	6	0	0	1	0	0	0	8	1	1	0	0	0	0	0	0	0	0	0	0	1	1	0	0	13	0	3	0	0	5	0	0	1	2	0	0	0	0	0	0	3	0	177	28	0	0	0	0	0	0	0	0	0
OTU2854	0	0	0	0	0	0	0	0	0	0	0	0	0	0	0	0	0	0	0	0	0	0	0	0	0	0	0	0	0	0	0	0	0	0	0	0	0	0	0	0	17	0	0	0	0	0	0	0	0	13	2	0	3	0	0	0	0	0	0	0	0	0	0	0	0	0	0	0	0	19	3	0	0	1	0	0	0	1	0	0	1	0	0	0	0	0	8	0	11	1	0	0	0	0	0	0	0	0	0	0	0	0
OTU2855	0	0	0	0	0	0	0	0	0	0	0	0	0	0	0	0	0	0	0	0	0	0	0	0	0	0	0	0	0	0	0	0	0	0	0	0	0	0	0	0	0	5	0	0	0	0	0	0	0	0	0	0	0	0	0	0	0	0	0	0	0	0	0	0	0	0	0	0	0	0	0	0	0	0	0	0	0	0	0	0	0	0	0	0	0	0	0	0	0	0	0	10	0	0	0	0	0	0	0	0	0	0
OTU2856	0	0	0	0	0	0	0	0	0	0	0	0	0	0	0	0	0	0	0	0	0	0	0	0	0	0	0	0	0	0	0	0	0	0	0	0	0	0	0	0	0	0	9	0	0	0	0	0	0	0	0	0	0	0	0	0	1	0	0	0	0	0	0	0	0	0	0	0	0	0	0	0	0	0	0	0	0	0	0	0	2	0	0	0	0	0	0	0	0	1	0	0	0	0	0	0	0	0	0	0	0	0
OTU2857	0	0	0	0	0	0	0	0	0	0	0	0	1	0	0	0	0	0	0	0	0	0	0	0	0	0	0	0	0	0	0	0	0	0	0	0	0	0	0	0	0	0	0	5	3	0	0	0	0	0	0	0	0	0	1	0	1	0	0	0	0	0	0	0	0	0	0	0	0	0	0	0	0	1	0	0	0	0	0	1	0	0	0	0	0	0	0	0	0	0	0	0	0	0	0	0	11	0	0	0	0	0
OTU2858	0	0	0	0	0	0	0	0	0	0	0	0	0	0	0	0	0	0	0	0	0	0	0	0	0	0	0	0	0	10	0	0	0	0	0	0	0	0	0	0	0	0	0	11	0	0	0	0	0	0	0	1	0	0	0	0	0	0	0	0	0	0	0	0	0	0	0	0	0	0	0	0	1	0	0	0	0	0	4	0	0	0	0	0	0	0	0	0	2	0	0	0	0	0	0	0	1	0	0	0	0	0
OTU2859	0	0	0	0	0	0	0	0	0	0	0	3	0	0	0	0	0	0	0	0	0	0	0	0	0	0	0	0	0	0	0	1	0	0	0	0	0	0	0	0	0	0	0	8	0	0	0	0	16	0	0	0	1	0	5	0	18	0	0	0	0	0	0	0	0	0	0	0	0	0	0	0	0	1	0	0	0	0	0	0	0	0	0	0	0	0	0	0	0	0	0	0	0	0	0	0	0	0	0	0	0	0
OTU286	0	0	0	0	0	0	1	2	0	0	0	3	0	0	0	0	0	0	1	0	0	2	0	1	0	0	0	2	0	0	0	0	2	2	1	2	0	0	0	0	0	0	0	0	0	0	0	0	0	0	0	1	0	0	0	0	59	1	1	0	1	1	1	3	5	1	1868	62	17	0	0	1	0	0	0	0	0	0	0	0	0	0	0	0	1	0	0	0	0	0	2	0	0	0	0	0	0	0	3	2	7	4
OTU2860	0	0	0	0	0	0	2	0	0	0	0	0	0	0	0	0	0	0	0	0	0	0	0	0	0	0	0	0	0	0	0	0	0	0	0	0	0	0	0	0	0	0	0	3	0	0	0	0	0	0	0	0	0	0	0	0	0	0	0	0	0	0	0	5	0	2	0	0	0	0	0	0	0	0	0	0	0	0	0	0	1	0	0	0	0	2	0	0	0	0	0	0	2	0	0	0	0	5	0	0	0	0
OTU2861	0	0	0	0	0	0	0	0	0	0	0	0	0	0	0	0	0	0	0	0	0	0	0	0	0	0	0	0	0	0	0	0	0	0	0	0	0	0	0	0	0	0	0	3	0	11	0	3	0	0	0	0	0	0	2	0	0	4	0	0	0	0	0	0	0	0	0	0	0	0	0	0	0	0	0	0	0	0	0	0	0	0	0	0	0	3	0	0	0	0	0	0	0	0	0	0	0	0	0	0	0	0
OTU2862	0	0	0	0	0	0	0	0	0	0	0	0	0	0	0	0	0	0	0	0	0	0	0	0	0	0	0	1	0	0	0	0	0	0	0	0	0	0	0	0	0	0	0	3	0	0	0	0	0	0	0	0	0	0	1	1	0	0	2	0	0	0	0	0	0	0	0	0	0	0	0	0	0	0	0	0	0	0	0	0	2	0	0	0	0	0	0	0	0	0	0	0	0	1	0	1	2	0	0	0	0	0
OTU2863	0	0	0	0	0	0	0	0	0	0	0	0	2	1	0	0	0	0	0	0	0	0	0	0	0	0	0	0	0	0	0	0	0	0	0	0	0	0	0	0	0	0	0	0	0	1	0	0	0	0	0	5	0	0	0	6	0	21	0	0	0	0	0	0	0	0	0	0	0	0	0	0	0	0	0	0	0	0	0	0	0	0	5	0	0	0	0	0	0	0	0	0	0	0	0	2	0	0	0	0	0	0
OTU2864	0	0	0	0	0	0	0	0	0	0	0	0	0	0	0	0	0	0	0	0	0	0	0	0	0	0	0	0	0	0	0	0	0	0	0	0	0	0	0	0	0	0	0	0	0	2	0	0	0	0	0	0	0	0	0	0	0	0	0	0	0	0	0	0	0	0	0	0	0	0	0	0	0	0	0	0	0	0	0	0	0	0	0	0	0	0	0	0	0	0	0	0	0	0	15	0	0	0	0	0	0	0
OTU2865	0	0	0	0	0	0	0	0	0	0	0	0	2	0	0	0	0	0	0	0	0	0	0	0	0	0	0	0	0	0	0	0	0	0	0	0	1	0	0	0	1	0	0	0	0	2	0	0	3	7	0	0	0	0	0	0	0	1	0	0	0	0	0	0	0	0	0	0	0	0	0	4	0	0	0	0	0	0	0	0	0	0	0	0	0	0	0	0	0	0	0	0	0	0	0	0	0	0	0	0	0	0
OTU2866	0	0	0	0	0	0	0	0	0	0	0	0	0	0	0	0	0	0	0	0	0	0	0	0	0	0	0	1	0	0	0	0	0	0	0	0	0	0	0	0	0	0	0	0	0	0	2	0	0	0	0	0	0	0	0	6	1	0	0	0	0	0	0	0	0	0	0	0	0	0	0	0	0	0	0	0	0	0	0	0	0	0	4	0	0	0	0	0	0	0	5	0	0	0	1	0	0	0	0	0	0	0
OTU2867	0	0	0	1	0	0	0	0	0	0	0	0	0	0	0	0	0	0	0	0	0	0	0	0	0	0	0	0	0	0	0	0	0	0	0	0	0	0	0	0	0	0	0	0	0	0	3	0	0	0	0	0	0	0	8	0	2	0	0	0	0	0	0	0	0	0	0	0	0	0	0	0	0	0	0	0	0	0	0	0	0	0	0	0	0	0	0	0	0	0	0	0	0	0	0	0	0	0	0	0	0	0
OTU2868	0	0	0	0	0	0	0	0	1	0	0	0	0	0	0	0	0	0	0	0	0	0	0	0	0	0	0	0	0	0	0	0	0	0	0	0	0	0	0	0	0	0	2	0	0	0	0	5	0	0	0	0	0	0	0	0	4	0	0	0	0	0	0	0	0	0	0	0	0	0	0	0	0	0	0	0	0	0	0	0	0	0	1	2	4	0	0	0	0	0	0	0	0	0	0	0	3	0	0	0	0	0
OTU2869	0	0	0	0	0	0	0	0	0	0	0	0	0	0	0	0	0	0	0	0	0	0	0	0	0	0	0	0	0	0	0	0	0	0	0	0	0	0	0	0	0	0	0	0	0	0	0	2	0	0	0	0	0	0	0	0	3	1	0	0	0	0	0	0	0	0	0	0	0	0	0	0	0	0	0	0	0	0	0	0	0	0	0	0	12	0	0	0	0	0	0	0	0	4	0	0	0	0	0	0	0	0
OTU287	0	2	0	0	0	0	1	2	1	0	0	0	3	3	0	0	0	0	11	0	0	6	4	2	0	0	0	0	1	0	0	1	0	2	9	2	90	0	11	0	0	95	0	0	0	0	0	0	0	0	0	0	5	0	1	0	8	60	5	3	1	2	1	4	41	0	19	1714	95	0	1	0	0	1	0	0	4	17	0	42	0	0	0	0	0	0	126	1	0	3	0	0	0	3	0	0	1	4	6	0	28	28
OTU2870	0	0	0	0	0	0	0	1	0	0	2	0	0	0	0	0	0	0	0	0	0	0	0	0	0	0	0	2	3	0	0	0	0	0	0	0	3	1	0	0	0	4	0	0	0	0	0	0	0	14	0	1	0	0	0	0	4	0	0	0	0	0	0	0	0	0	10	0	0	1	0	6	3	3	0	15	9	2	0	2	0	0	0	0	0	0	0	0	12	5	3	0	0	0	0	2	0	0	0	0	0	0
OTU2871	0	0	0	0	0	0	0	0	0	0	0	0	1	1	0	0	0	0	0	0	0	0	0	0	0	0	0	0	0	0	0	0	0	0	0	0	0	0	0	0	0	0	0	0	0	0	0	0	44	1	0	2	22	1	0	0	0	1	0	0	0	0	0	0	0	0	0	3	0	0	0	0	0	1	0	0	0	0	0	0	0	0	3	0	0	0	0	0	0	0	0	1	0	0	0	0	0	0	0	0	0	0
OTU2872	0	0	0	0	0	0	0	0	0	0	0	0	0	0	0	0	0	0	0	0	0	0	0	0	0	0	0	0	0	0	0	0	0	0	0	0	0	0	0	0	0	0	0	0	0	0	0	0	0	0	0	0	0	1	1	0	0	0	0	0	0	0	0	0	15	0	2	1	0	0	0	0	0	0	0	0	0	0	0	0	0	0	0	0	0	0	0	0	0	0	0	0	0	0	0	0	0	0	0	0	0	0
OTU2873	0	0	0	0	0	0	0	0	0	0	0	0	0	2	0	0	0	0	0	0	0	0	0	0	0	0	0	0	0	0	0	0	0	0	0	0	0	0	0	0	0	0	0	0	0	0	0	0	0	1	0	1	0	8	0	0	0	0	0	0	0	0	0	0	0	0	0	0	0	1	0	0	0	0	0	0	0	0	27	0	0	0	0	0	0	0	0	0	0	1	0	0	0	0	0	1	0	0	0	0	0	0
OTU2874	0	0	0	0	0	0	0	0	0	0	0	0	0	0	0	0	0	0	0	0	0	0	0	0	0	0	0	0	0	0	0	0	0	0	0	0	0	0	0	0	0	0	0	4	0	0	0	0	0	0	0	0	0	0	27	0	2	0	0	0	0	0	0	0	1	0	0	0	9	0	0	0	0	0	0	0	0	0	1	0	8	0	0	0	0	0	0	0	0	0	0	0	0	0	0	0	0	0	0	0	0	0
OTU2875	0	0	0	0	0	0	0	0	0	0	0	0	0	0	0	0	0	0	0	0	0	0	0	0	0	0	0	0	0	0	0	0	0	0	0	0	0	0	0	0	0	0	0	0	0	0	0	0	0	0	0	0	0	0	1	0	0	0	0	0	0	0	0	0	22	0	2	0	0	0	0	0	0	0	0	0	0	1	0	0	0	0	0	0	0	0	0	0	0	0	0	0	0	0	0	4	0	0	0	0	0	0
OTU2876	0	0	0	0	0	0	0	0	0	0	0	0	0	0	0	0	0	0	0	0	0	0	0	0	0	0	0	0	0	0	2	0	0	0	0	0	0	0	0	0	0	0	0	0	0	0	0	0	0	0	0	0	0	0	1	0	2	1	0	0	0	0	0	0	0	0	0	0	0	0	0	0	2	0	0	0	0	0	0	0	6	0	0	3	0	0	0	0	0	0	0	0	0	0	0	0	0	0	0	0	0	0
OTU2877	0	0	0	0	0	0	0	0	0	0	0	0	0	0	0	0	0	0	0	0	0	0	0	0	0	0	0	0	0	0	0	0	0	0	0	0	0	0	0	0	0	0	0	0	0	0	0	0	0	0	0	0	0	0	0	1	0	0	0	0	0	0	0	10	0	3	0	0	0	0	0	0	0	0	0	0	0	0	0	0	0	0	0	0	0	1	0	0	0	0	0	0	5	0	0	0	0	2	0	0	0	0
OTU2878	0	0	0	0	0	0	0	0	0	0	0	0	0	0	0	0	0	0	0	0	0	0	0	0	0	0	0	0	0	0	0	0	0	0	0	0	0	0	0	0	0	0	0	0	0	0	0	0	0	0	0	0	0	0	0	1	3	0	0	0	0	0	0	25	0	14	0	0	0	0	0	0	0	0	0	0	0	0	0	0	0	0	0	0	0	5	0	0	0	0	0	0	0	0	0	0	0	6	0	0	0	0
OTU2879	0	0	0	0	0	0	0	1	0	0	0	0	0	0	0	0	0	0	0	0	0	0	0	0	0	0	0	0	0	0	0	0	0	0	0	0	0	0	0	0	0	0	0	0	0	0	0	0	0	1	0	0	0	0	0	0	4	0	0	0	0	0	0	0	0	0	0	0	0	0	0	0	15	8	0	0	0	0	0	0	0	0	0	0	0	0	0	0	0	0	0	0	0	0	0	0	0	0	0	0	0	0
OTU288	4	1	0	2	0	1	0	49	5	0	14	2	28	34	3	0	0	3	0	0	0	1	0	0	1	0	7	8	27	7	5	0	0	149	17	0	2	0	0	0	4	0	8	5	1	16	7	13	33	46	3	49	30	119	76	101	84	49	31	1	4	0	0	132	0	47	1	1	9	1021	2	907	1623	129	105	3	193	0	10	1	17	4	16	23	1	60	4	7	0	35	2	6	14	8	1	12	30	74	0	2	3	2
OTU2880	0	0	0	0	0	0	0	0	0	0	0	0	0	0	0	0	0	0	0	0	0	0	0	0	0	0	0	0	0	0	0	0	0	0	0	0	0	0	0	0	0	0	0	0	0	0	0	0	0	0	0	0	0	0	0	0	1	0	0	0	0	0	0	0	0	0	0	0	0	0	0	0	0	0	0	0	0	0	0	0	0	8	2	0	0	0	0	0	0	0	0	0	0	0	0	0	3	0	0	0	0	0
OTU2881	0	0	0	0	0	0	0	0	0	0	0	0	0	0	0	0	0	0	0	0	0	0	0	0	0	0	0	0	0	0	0	0	0	0	0	0	0	0	0	0	0	0	0	0	0	0	0	0	0	0	0	0	0	0	0	0	2	0	0	0	0	0	0	0	20	0	2	4	0	0	0	0	0	0	0	0	0	0	0	0	0	0	0	0	0	0	0	0	0	0	0	0	0	0	0	0	0	0	0	3	0	0
OTU2882	0	0	0	0	0	0	0	0	0	0	0	0	3	0	0	0	0	0	0	0	0	0	0	0	0	2	0	0	0	0	0	0	0	0	0	0	0	0	0	0	0	0	0	0	0	0	0	2	0	0	0	0	4	0	2	6	4	0	0	0	0	0	0	0	0	0	0	0	0	0	0	0	0	12	0	0	0	0	0	12	0	1	0	0	0	0	0	0	0	0	0	0	1	0	0	0	0	0	0	0	0	0
OTU2883	0	0	0	0	0	0	0	0	0	0	0	0	0	0	0	0	0	0	0	0	0	0	0	0	0	0	0	0	0	0	0	0	0	0	4	0	0	0	0	0	0	1	0	0	0	0	0	0	0	0	0	0	0	0	0	0	0	40	0	0	0	0	0	0	0	0	0	3	0	0	0	0	0	0	0	0	0	2	0	0	0	0	0	0	0	0	0	1	0	0	0	0	0	0	0	0	0	0	0	0	0	0
OTU2884	0	0	0	0	0	0	0	0	0	0	0	0	0	0	0	0	0	0	0	0	0	0	0	0	0	0	0	0	0	0	0	0	0	0	0	0	0	0	0	0	0	0	0	0	0	0	0	0	0	0	0	0	0	0	0	0	0	3	0	0	0	0	0	9	0	3	0	0	0	0	0	0	0	0	0	0	0	0	0	0	0	0	0	0	0	1	0	0	0	0	0	0	3	0	0	0	0	4	0	0	0	0
OTU2885	0	0	0	0	0	0	0	0	0	0	0	0	0	0	0	0	0	0	0	0	0	0	0	0	0	0	0	0	0	0	0	0	0	0	0	0	0	0	0	0	0	0	0	0	0	0	0	0	0	0	0	0	0	0	0	0	0	0	7	0	0	0	0	0	0	0	0	0	0	0	0	0	0	0	0	0	0	0	0	0	0	0	0	0	2	0	0	0	0	0	0	0	0	0	0	0	8	0	0	0	0	0
OTU2886	0	0	0	0	0	0	0	0	0	0	0	0	0	0	0	0	0	0	0	0	1	0	0	0	0	0	0	0	0	0	0	0	0	0	0	0	0	0	0	0	0	0	0	0	0	0	0	0	0	0	0	0	0	0	0	0	0	0	2	0	0	0	0	0	0	0	0	0	30	0	0	0	0	0	0	0	0	0	0	0	0	0	0	0	0	0	0	0	0	0	0	0	0	0	0	0	0	0	0	0	0	0
OTU2887	0	0	0	0	0	0	0	0	0	0	0	0	0	0	0	0	0	0	0	0	0	0	0	0	0	0	0	0	0	0	0	0	0	0	0	0	0	0	0	0	0	0	0	0	0	0	0	0	0	0	0	0	0	0	0	0	0	0	3	0	0	0	0	0	0	0	0	0	20	0	0	0	0	0	0	0	0	0	0	0	0	0	0	0	0	0	0	0	0	0	0	0	0	0	0	0	0	0	0	0	0	0
OTU2888	0	0	0	0	0	0	0	0	0	0	0	0	0	0	0	0	0	0	0	0	0	0	0	0	0	0	0	0	0	0	0	0	0	0	0	0	0	0	0	0	0	0	0	0	0	0	0	0	0	0	0	0	0	0	0	1	0	0	0	0	16	0	0	1	0	4	0	0	0	0	0	0	0	0	0	0	0	0	0	0	0	0	0	0	0	0	0	0	0	0	0	0	0	0	0	0	0	2	0	0	0	0
OTU2889	0	0	0	0	0	0	0	0	0	0	0	0	0	0	0	0	0	0	0	0	0	0	0	0	0	0	0	0	0	0	0	0	0	0	0	0	0	0	0	0	0	0	0	0	0	0	0	0	1	0	0	0	0	0	0	3	0	0	0	0	0	0	0	10	0	12	0	0	0	0	0	0	0	0	0	0	0	0	0	1	0	0	0	0	0	8	0	0	0	0	0	0	0	0	0	0	0	12	0	0	0	0
OTU289	0	0	0	0	0	0	5	0	0	0	0	0	0	0	0	0	0	0	0	1	1	1	0	0	0	0	0	0	0	0	0	0	0	56	0	0	0	0	0	0	0	0	0	0	0	0	0	0	0	0	0	0	0	0	0	0	1	9	0	0	0	0	0	0	14	2	13	23	9	0	0	0	0	0	0	0	0	0	0	0	0	0	0	0	0	0	0	0	0	0	0	0	0	0	36	0	0	0	12	1843	17	1
OTU2890	0	0	0	0	0	0	1	0	0	0	0	0	0	0	0	0	0	0	0	0	0	0	0	0	0	0	0	0	0	18	0	0	0	0	0	0	0	0	0	0	0	1	0	0	0	0	0	0	0	0	0	0	0	0	0	0	0	0	0	0	0	0	0	13	0	6	0	0	0	0	0	0	0	0	0	0	0	0	0	0	0	2	0	0	0	0	0	0	0	0	0	0	3	0	1	0	0	9	0	0	0	0
OTU2891	0	0	0	0	0	0	0	0	0	0	0	0	0	0	0	0	0	0	0	0	0	0	0	0	0	0	0	3	0	0	0	0	0	0	0	0	0	0	0	0	0	0	0	0	0	0	0	0	0	0	0	0	0	0	0	0	0	0	0	0	0	0	0	31	0	11	0	0	0	0	0	0	0	0	0	0	0	0	0	0	0	0	0	0	0	9	0	0	0	0	0	0	3	0	0	0	0	15	0	0	0	1
OTU2892	0	0	0	0	0	0	0	0	0	0	0	0	0	1	0	0	0	0	0	0	0	0	0	0	0	0	0	0	0	0	0	0	0	2	0	0	0	0	1	0	0	0	0	0	0	0	0	0	0	0	0	0	0	0	0	0	0	0	0	0	0	0	0	23	0	12	1	0	0	0	0	0	0	0	0	0	0	0	0	0	0	0	0	0	0	6	0	0	0	0	0	0	4	0	0	0	0	14	0	0	0	0
OTU2893	0	0	0	0	0	0	0	0	0	0	1	0	0	0	0	0	0	0	0	0	0	0	0	0	0	0	0	0	0	0	0	0	0	0	0	0	0	0	0	0	0	0	0	0	0	0	0	0	0	0	0	0	0	0	0	0	0	0	0	0	0	0	0	18	0	8	0	0	0	0	0	0	0	0	0	0	0	0	0	0	0	0	0	0	0	3	0	0	0	0	0	0	7	0	0	0	0	11	0	0	0	0
OTU2894	0	0	0	0	0	0	0	0	0	0	0	0	0	0	0	0	0	0	0	0	0	1	0	0	0	0	0	0	0	0	0	0	0	0	0	0	0	0	0	0	0	0	0	0	0	0	0	0	0	0	0	0	0	0	0	0	0	0	0	0	0	0	0	37	0	4	0	0	0	0	0	0	0	0	0	0	0	0	0	0	0	0	0	0	0	2	0	0	0	0	0	0	0	0	0	0	0	25	0	0	0	0
OTU2895	0	0	0	0	0	0	0	0	0	0	2	0	0	0	0	0	0	0	0	0	0	0	0	0	0	0	0	0	0	0	0	0	0	0	0	0	0	0	0	0	0	0	0	0	0	0	0	0	0	0	0	0	0	0	0	0	0	0	0	0	1	0	0	36	0	17	0	0	0	0	0	0	0	0	0	0	0	0	0	0	0	0	0	0	0	4	0	0	0	0	0	0	4	0	0	0	0	14	0	0	0	0
OTU2896	0	0	0	0	0	0	0	0	0	0	0	0	0	0	0	0	0	0	0	0	0	0	0	0	0	0	0	0	0	0	0	0	0	0	0	0	0	0	0	0	0	0	0	0	0	0	0	0	0	0	0	0	0	0	0	0	0	0	0	0	0	0	0	9	0	9	0	0	1	0	0	0	0	0	0	0	0	0	0	0	0	0	0	0	0	0	0	0	0	0	0	0	0	0	0	0	0	14	0	0	0	0
OTU2897	0	0	0	0	0	0	0	0	0	0	0	0	0	0	0	0	0	0	0	0	0	0	0	0	0	0	0	0	0	0	0	0	0	0	0	0	0	0	0	0	0	0	0	0	0	0	0	0	0	0	0	0	0	0	0	0	2	0	0	0	0	0	0	14	0	2	0	0	0	0	0	0	0	0	0	0	0	0	0	0	0	0	0	0	0	1	0	0	0	0	0	0	0	0	0	0	0	3	0	0	3	0
OTU2898	0	0	0	0	0	0	0	0	0	0	0	0	0	0	0	0	0	0	0	0	0	2	0	2	0	0	0	0	0	0	0	0	2	0	1	0	0	0	0	0	0	0	0	0	0	0	0	0	0	0	0	0	1	0	0	1	0	0	0	0	0	0	0	23	2	9	0	0	0	0	0	0	0	0	0	0	0	0	0	0	0	0	0	0	0	2	0	0	0	0	0	0	2	0	0	0	0	10	0	0	0	0
OTU2899	0	0	0	0	0	0	0	0	0	0	0	0	0	0	0	0	0	0	0	2	0	0	0	0	0	0	0	0	0	0	0	0	0	0	0	0	0	0	0	0	0	0	0	0	0	0	0	0	0	0	0	0	0	0	0	0	0	0	0	0	0	0	0	24	0	6	0	0	0	0	0	0	0	1	0	0	0	0	0	0	0	1	0	0	0	6	0	0	0	0	0	0	1	0	0	0	1	7	0	0	0	0
OTU29	84	28	2	29	1	2	70	19	97	2	53	26	192	241	0	2	4	1	1	0	92	34	8	13	19	13	116	633	34	602	205	2	1	3	32	6	1061	458	637	3	2152	167	4187	93	117	382	100	392	298	923	328	198	756	485	351	189	925	486	682	3	10	5	3	2	7	4	24	13	77	1047	158	236	547	2905	754	106	813	1493	605	568	2933	260	296	348	474	69	579	1209	654	395	1078	842	358	446	124	666	1272	8	18	3	25	17
OTU290	0	1	0	1	0	0	0	2	0	0	1	0	70	32	8	0	0	0	0	0	0	0	0	0	0	0	1	32	1	4	0	0	0	0	0	6	0	3	1	0	3	1	0	0	5	0	12	141	5	0	0	5	41	35	177	1	152	37	4	7	27	0	0	0	3	0	2	1	2	14	0	4	23	51	0	0	2	6	3	2	19	430	1716	2	2	7	0	1	44	65	0	0	9	842	2	7	643	0	26	0	0	14
OTU2900	0	0	0	0	0	0	0	0	0	0	0	0	0	0	0	0	0	0	1	0	0	0	0	0	0	0	0	0	0	0	0	0	0	0	0	0	0	0	0	0	0	0	0	0	0	0	0	0	0	0	0	0	0	0	0	0	0	0	0	0	0	0	0	10	0	5	0	0	0	0	0	0	0	0	0	0	0	0	0	0	0	0	0	0	0	0	0	0	0	0	0	0	0	0	0	0	0	11	0	0	0	0
OTU2901	0	0	0	0	0	0	0	0	0	0	0	0	0	0	0	0	0	0	0	0	0	0	0	0	0	0	0	0	0	0	0	0	0	0	0	0	0	0	0	0	0	0	0	0	0	0	0	0	0	0	0	0	0	0	0	0	0	0	0	0	0	0	0	0	15	0	1	0	0	0	0	0	0	0	0	0	0	0	0	0	0	0	0	0	0	0	0	0	0	0	0	0	0	0	0	0	0	0	0	0	0	0
OTU2902	0	0	0	0	0	0	0	0	0	0	0	0	0	0	0	0	0	0	0	0	0	0	0	0	0	0	0	0	0	0	0	0	0	0	0	0	0	0	0	0	0	0	0	0	0	0	0	0	0	0	0	0	0	0	0	0	0	0	0	0	0	0	0	3	0	17	0	0	0	0	0	0	0	0	0	0	0	0	0	0	0	0	0	0	0	2	0	0	0	0	0	0	0	0	0	0	0	0	0	0	0	0
OTU2903	0	0	0	0	0	0	0	0	0	0	1	0	0	0	0	0	0	0	0	0	0	0	0	0	0	0	0	0	0	0	0	0	0	0	0	0	0	0	6	0	0	0	0	0	0	0	0	0	0	0	0	0	0	0	0	0	0	0	0	0	0	0	0	0	0	0	10	16	0	0	0	0	0	0	0	0	1	1	0	0	0	0	0	0	0	0	0	0	2	0	0	0	0	0	0	0	0	0	0	0	0	0
OTU2904	0	0	0	0	0	0	0	0	0	0	0	0	0	0	0	0	0	0	0	0	0	0	0	0	0	0	0	0	0	0	0	0	0	0	0	0	0	0	0	0	0	0	0	0	0	0	0	0	0	0	0	0	0	0	0	0	0	0	0	0	0	0	0	0	0	0	0	1	8	0	0	0	0	0	0	0	0	0	0	0	0	0	0	0	0	0	0	0	0	0	0	0	0	0	0	0	0	0	0	13	0	0
OTU2905	0	0	0	0	0	0	0	0	0	0	0	0	0	0	0	0	0	0	0	0	0	0	0	0	0	0	0	0	0	0	0	0	0	0	0	0	0	0	0	0	0	0	0	0	0	0	0	0	0	0	0	0	0	0	0	0	0	0	0	0	0	0	0	0	0	0	0	0	14	0	0	0	0	0	0	0	0	0	0	0	0	0	0	0	0	0	0	0	0	0	0	0	0	0	0	0	0	0	0	0	0	0
OTU2906	0	0	0	0	0	0	0	0	0	0	0	0	0	0	0	0	0	0	0	0	0	0	0	0	0	0	0	0	0	0	0	0	0	0	0	0	0	0	0	0	0	0	0	0	0	0	0	0	0	0	0	0	0	0	0	0	0	0	0	0	0	0	0	0	0	0	0	0	14	0	0	0	0	0	0	0	0	0	0	0	0	0	0	0	0	0	0	0	0	0	0	0	0	0	0	0	0	0	0	0	0	0
OTU2907	0	0	0	0	0	0	0	0	0	0	0	0	0	0	0	0	0	0	0	0	0	0	0	0	0	0	0	0	0	0	0	0	0	0	0	0	0	0	0	0	0	0	0	0	0	0	0	0	0	0	0	0	0	0	0	0	2	0	1	0	0	0	0	0	6	0	4	0	42	0	0	0	0	0	0	0	0	0	0	0	0	0	0	0	0	0	0	0	0	0	0	0	0	0	0	0	0	0	0	0	0	0
OTU2908	0	0	0	0	0	0	0	0	0	0	0	0	0	0	0	0	0	0	0	0	2	0	0	0	0	0	0	0	0	0	0	0	0	0	0	0	0	0	0	0	0	0	0	0	0	0	0	0	0	0	0	1	0	0	0	0	0	0	0	0	0	0	0	0	8	0	3	30	40	0	0	0	0	0	0	0	0	0	0	0	0	0	0	0	0	0	0	0	0	0	0	0	0	0	0	0	0	0	0	0	0	3
OTU2909	0	0	0	0	0	0	0	0	0	0	0	0	0	0	0	0	0	0	0	0	0	0	0	0	0	0	0	0	0	0	0	0	0	0	0	0	0	0	0	0	0	0	0	0	0	0	0	0	0	0	0	0	0	0	0	0	0	0	0	0	0	0	0	0	0	0	0	0	0	3	0	0	0	0	0	0	0	0	0	0	0	0	0	0	0	0	0	17	0	0	0	0	0	0	0	0	0	0	0	0	0	0
OTU291	3	0	0	0	0	0	3	9	11	0	7	1	29	37	0	0	0	0	11	0	0	0	2	6	2	0	33	266	153	241	215	0	0	1	3	0	50	96	168	0	49	121	67	19	41	36	159	26	8	82	299	111	125	12	15	53	194	37	26	0	0	0	0	3	78	2	40	7	77	56	41	2	48	121	6	42	73	298	41	14	50	34	67	29	82	20	140	174	187	80	24	16	10	64	6	11	31	0	61	50	44	35
OTU2910	0	0	0	0	0	0	0	0	0	0	0	0	0	0	0	0	0	0	0	0	0	0	0	0	0	0	0	0	0	0	0	0	0	0	0	0	0	0	0	0	0	0	0	0	0	0	0	0	0	0	0	0	0	0	0	0	1	0	0	0	0	0	0	0	0	0	0	0	0	0	0	15	0	0	0	0	0	0	0	0	0	0	0	0	0	0	0	0	0	0	0	0	0	0	0	0	0	0	0	0	0	0
OTU2911	0	0	0	0	0	0	0	0	0	0	5	0	0	0	0	0	0	0	0	0	0	0	0	0	0	0	0	0	0	0	0	0	0	0	0	0	0	2	0	0	0	0	0	0	0	0	0	0	0	0	0	7	0	0	0	0	0	0	0	0	0	0	0	0	0	0	0	0	0	0	0	45	0	0	0	0	0	0	0	0	0	0	0	0	0	0	3	0	0	0	0	0	0	0	0	0	0	0	0	0	0	0
OTU2912	0	3	0	2	0	0	0	0	0	0	15	0	0	0	0	0	0	0	0	0	0	2	0	0	0	0	0	0	0	0	0	0	0	0	0	0	0	1	0	0	0	0	0	0	0	0	0	3	0	0	0	1	0	0	0	0	6	0	0	0	1	0	0	0	0	0	0	0	0	0	0	46	0	0	0	0	0	0	0	0	0	0	0	0	0	0	0	0	0	0	0	0	0	0	0	0	0	0	0	0	0	0
OTU2913	0	0	0	0	0	0	0	0	0	0	0	0	0	0	0	0	0	0	0	0	0	0	0	0	0	0	0	0	0	0	0	0	0	0	0	0	2	0	0	0	0	0	0	0	0	0	0	0	0	0	0	0	0	0	0	0	0	0	0	0	0	0	0	0	0	0	0	0	0	0	0	16	0	0	0	0	0	0	0	0	0	0	0	3	0	0	0	0	0	0	0	0	0	0	0	0	0	0	0	0	0	0
OTU2914	0	8	0	4	0	0	0	0	0	0	94	0	0	0	0	0	2	0	1	0	0	2	0	0	0	0	0	0	0	0	0	0	0	0	0	0	0	0	0	0	0	1	0	0	0	0	0	6	0	0	0	3	0	0	0	0	2	0	0	0	4	0	0	3	0	0	0	0	0	0	0	34	0	2	0	2	0	0	0	0	0	0	1	0	0	2	0	0	0	0	0	0	0	0	0	0	0	0	0	0	0	0
OTU2915	0	0	0	0	0	0	0	0	0	0	0	0	1	0	0	0	0	0	0	0	0	0	0	0	0	0	0	0	0	0	0	0	0	0	0	0	0	0	0	0	0	0	0	0	0	0	0	0	0	0	0	0	0	0	0	0	0	0	0	0	0	0	0	0	0	0	0	0	0	0	0	0	4	1	0	0	0	0	0	0	0	5	0	0	13	0	0	0	0	0	0	0	0	0	0	0	0	0	0	0	0	0
OTU2916	0	0	0	0	0	0	0	0	0	0	0	0	0	0	0	0	0	17	0	0	0	0	0	0	0	0	0	0	0	0	0	0	0	0	0	0	0	0	0	0	0	0	0	0	0	2	0	0	0	0	0	0	6	0	0	0	0	1	0	0	0	0	0	0	0	0	0	0	0	0	0	0	5	0	0	0	0	0	0	2	2	0	0	0	0	0	0	0	7	1	11	0	0	0	0	0	0	0	0	0	0	0
OTU2917	0	0	0	0	0	0	0	0	0	0	0	0	0	0	0	0	0	0	0	0	0	0	0	0	0	0	0	0	0	0	0	0	0	0	0	0	0	0	0	0	0	0	0	0	0	0	0	0	0	0	0	0	0	0	0	0	0	0	0	0	0	0	0	0	0	0	0	0	0	0	0	0	0	0	3	0	11	2	0	0	0	0	0	0	0	0	0	0	0	0	0	6	0	0	0	0	0	0	0	0	0	0
OTU2918	0	0	0	0	0	0	0	0	0	0	1	0	0	0	0	0	0	0	0	0	0	0	0	0	0	0	0	0	0	0	0	0	0	0	0	0	21	0	0	0	0	0	0	0	1	0	0	0	0	0	0	5	0	0	0	0	0	0	2	0	0	0	0	0	0	0	0	0	0	0	0	0	2	5	0	0	42	1	0	0	0	2	0	0	0	0	0	2	0	0	0	0	0	0	0	2	0	0	0	0	0	0
OTU2919	0	0	0	0	0	0	0	0	0	0	7	0	0	0	0	0	2	0	0	0	0	0	0	0	0	0	0	0	0	0	0	0	0	0	0	0	22	0	0	0	0	1	0	0	0	0	0	0	0	3	0	12	0	0	0	0	0	0	0	2	0	0	0	0	0	0	0	0	0	0	0	0	3	8	0	0	43	1	0	0	0	23	0	0	0	0	0	0	0	0	0	0	0	0	0	0	0	0	0	0	0	0
OTU292	0	0	0	0	0	0	2	2	0	0	0	2	0	0	0	0	0	0	0	0	3	9	0	0	0	1	0	0	0	0	0	1	3	4	3	0	0	0	0	0	0	0	0	0	0	0	0	0	0	0	0	0	0	0	16	0	23	26	4	0	0	0	1	0	663	0	474	843	109	0	0	0	0	0	0	0	0	0	0	0	0	0	0	0	0	0	0	0	0	0	0	0	0	0	0	0	0	1	3	0	6	0
OTU2920	0	0	0	0	0	0	0	0	0	0	0	0	0	0	0	0	0	0	0	0	0	0	0	0	0	0	0	0	0	0	0	0	0	0	0	0	0	0	0	0	0	0	0	0	0	0	0	0	0	0	0	0	0	0	0	0	1	0	0	0	0	0	0	0	0	0	0	0	0	0	0	0	0	0	0	0	0	0	0	0	0	0	0	0	0	0	0	0	18	0	0	0	0	0	0	0	0	0	0	0	0	0
OTU2921	0	0	0	0	0	0	0	0	0	0	0	0	0	0	0	0	0	0	0	0	0	0	0	0	0	0	0	0	0	0	0	0	0	0	0	0	0	0	0	0	0	0	0	0	0	0	0	0	0	0	0	0	2	0	0	0	0	0	0	0	0	0	0	0	0	0	0	0	0	0	0	0	0	0	0	0	0	0	0	0	0	0	0	0	0	0	0	0	0	0	0	0	0	22	0	0	0	0	0	0	0	0
OTU2922	0	0	0	0	0	0	1	0	0	0	0	0	0	0	0	0	0	0	0	0	0	0	0	0	0	0	0	0	0	0	0	0	0	0	0	0	0	0	0	0	0	0	0	0	0	0	0	0	0	0	0	0	0	0	0	0	0	0	0	0	0	0	0	0	0	0	0	0	0	0	0	0	0	0	0	0	0	0	0	0	0	0	0	0	0	0	0	0	0	0	0	0	0	0	0	0	0	0	40	0	0	0
OTU2923	0	0	0	0	0	0	0	0	0	0	0	0	0	0	0	0	0	0	0	0	0	0	0	0	0	0	0	0	0	0	0	0	0	0	0	0	0	0	0	0	0	0	0	0	0	0	0	0	0	0	0	0	0	0	0	0	0	0	0	0	0	0	0	0	0	0	0	0	0	0	0	0	0	0	0	0	0	0	0	0	0	0	0	0	0	0	0	0	0	0	0	0	0	0	0	0	0	0	6	9	0	0
OTU2924	0	0	0	0	0	0	0	0	0	0	0	0	0	0	0	0	0	0	0	0	0	0	0	0	0	0	0	0	0	0	0	0	0	0	0	0	0	0	0	0	0	0	0	0	0	0	0	0	0	0	0	0	0	0	0	0	0	0	0	0	0	0	0	0	0	0	0	0	0	0	0	0	0	0	0	0	0	0	0	0	0	0	0	0	0	0	0	0	0	0	0	0	0	0	0	0	0	0	7	0	15	0
OTU2925	0	0	0	0	0	0	0	0	0	0	0	0	0	0	0	0	0	0	0	0	0	0	0	0	0	0	0	0	0	0	0	0	0	0	0	0	0	0	0	0	0	0	0	0	0	0	0	0	0	0	0	0	0	0	0	0	1	0	0	0	0	0	0	0	0	0	1	0	0	0	0	0	0	0	0	0	0	0	0	0	0	0	0	0	0	0	0	0	0	0	0	0	0	2	3	0	8	0	31	0	3	1
OTU2926	0	0	0	0	0	0	0	0	0	0	0	0	0	0	0	0	0	0	0	0	0	0	0	0	0	0	0	0	0	0	0	0	0	0	0	0	0	0	0	0	0	0	0	0	0	0	0	0	0	0	0	0	0	0	0	0	0	0	0	0	0	0	0	0	0	0	0	0	0	0	0	0	0	0	0	0	0	0	0	0	0	0	0	0	0	0	0	0	0	0	0	0	0	0	0	0	0	0	0	0	13	0
OTU2927	0	0	0	0	0	0	0	0	1	0	0	0	0	0	0	0	0	0	0	0	0	0	0	0	0	0	0	0	0	0	0	0	0	0	0	0	0	0	10	0	0	0	0	0	0	0	0	0	0	0	0	0	0	0	0	0	0	0	0	0	0	0	0	0	0	0	0	0	0	0	0	0	0	0	0	0	0	0	0	0	0	0	0	0	0	0	11	0	0	0	0	0	0	0	0	0	0	0	0	0	0	0
OTU2928	0	0	0	0	0	0	0	0	0	0	1	0	0	0	0	0	0	0	0	0	0	0	0	0	0	0	0	0	0	0	0	0	0	0	0	0	0	0	0	0	0	0	0	0	0	0	0	0	0	0	0	0	0	0	0	0	0	0	0	0	0	0	0	17	0	3	1	0	0	0	0	0	0	0	0	0	0	0	0	0	0	0	0	0	0	0	0	0	0	0	0	0	3	0	0	0	3	9	0	0	0	0
OTU2929	0	0	0	0	0	0	0	0	0	0	2	0	0	0	0	0	0	0	0	0	0	0	0	0	0	0	0	1	0	0	0	0	0	0	0	0	0	0	0	0	0	0	0	0	0	0	0	0	0	0	0	0	0	0	0	0	0	0	0	0	0	0	0	0	0	0	0	0	0	0	0	0	0	0	0	0	0	0	0	0	0	0	0	0	0	8	0	0	0	0	0	0	0	0	0	0	0	6	0	0	0	4
OTU293	0	0	0	1	0	0	1	0	0	0	9	0	3	1	0	0	0	0	0	0	2	5	0	20	3	0	0	16	2	2	0	0	1	10	1	0	0	0	606	0	2	0	0	4	3	1	0	0	323	10	4	4	17	0	0	0	14	6	29	0	0	0	4	6	2	3	3	8	1167	9	5	20	0	28	0	0	0	1	0	0	0	5	4	0	0	15	0	0	0	5	6	4	0	3	0	2	0	9	12	3	1	3
OTU2930	0	0	0	0	0	0	0	0	0	0	0	1	0	0	0	0	0	0	0	0	0	0	0	0	0	0	0	0	0	0	0	0	0	0	0	0	0	0	0	0	0	0	0	0	0	0	0	1	0	0	0	0	0	0	0	0	0	0	0	0	0	0	0	4	0	0	0	0	0	0	0	1	0	0	0	0	0	0	0	0	0	0	0	0	0	3	0	0	0	0	0	0	5	0	0	0	0	9	0	0	0	0
OTU2931	0	0	0	0	0	0	0	0	0	0	0	0	0	2	0	0	0	0	0	0	0	0	0	0	0	0	0	1	0	0	18	0	0	0	0	0	0	0	0	0	0	3	0	0	0	0	0	0	0	0	0	0	0	0	0	0	0	0	0	0	0	0	0	0	0	0	0	0	0	0	0	0	0	0	0	0	0	0	0	0	0	0	0	0	0	0	0	0	1	0	0	0	0	1	0	0	0	0	0	0	0	0
OTU2932	0	0	0	0	0	0	0	0	0	0	0	0	0	1	0	0	0	0	0	0	0	0	1	0	0	0	0	0	0	0	0	0	0	0	0	0	0	0	0	0	0	0	0	0	0	0	0	0	0	0	0	0	0	0	0	0	0	0	0	0	0	0	0	3	0	0	0	0	0	0	0	0	0	0	0	24	0	0	0	0	0	0	0	0	0	0	0	0	0	2	0	0	0	0	0	0	0	0	0	0	0	0
OTU2933	0	0	0	0	0	0	0	0	0	0	0	0	0	1	0	0	0	0	0	0	0	2	0	0	0	0	0	0	0	0	0	0	0	0	0	0	23	0	0	0	0	0	0	0	0	0	0	0	0	0	0	4	1	2	0	0	0	0	1	0	0	0	0	0	0	0	0	0	0	0	0	0	0	1	0	0	27	0	0	0	0	18	0	0	0	0	0	1	0	0	0	0	0	0	0	3	0	0	0	0	0	0
OTU2934	0	0	0	0	0	0	0	0	0	0	0	0	0	1	0	0	0	0	0	0	0	0	0	0	0	0	0	0	0	0	0	0	0	0	0	0	1	0	0	0	0	1	0	0	0	0	0	0	0	0	0	0	0	0	0	0	0	0	0	0	0	0	0	0	0	0	0	0	0	0	0	0	0	0	0	0	0	2	0	6	0	0	0	0	0	0	0	0	0	0	0	0	0	0	0	0	0	0	0	0	0	0
OTU2935	0	0	0	0	0	0	0	0	0	0	0	0	0	0	0	19	0	0	0	0	0	0	0	0	0	0	0	0	0	0	0	0	0	0	0	0	0	0	0	0	0	0	0	0	0	0	0	0	0	0	0	0	0	0	0	0	0	0	0	0	0	0	0	0	0	0	0	0	0	0	0	0	0	0	0	0	0	0	0	0	0	0	0	0	0	0	0	0	0	0	0	0	0	0	0	0	0	0	0	0	0	0
OTU2936	0	0	0	0	0	0	0	0	0	0	0	0	0	0	0	0	0	0	0	0	0	0	1	0	0	0	2	0	0	0	0	0	0	0	0	0	0	4	0	0	4	0	2	0	0	2	0	0	0	0	0	0	0	0	0	2	0	0	0	0	0	0	0	0	0	0	0	0	0	0	0	0	0	0	0	0	0	0	0	0	0	0	0	0	0	0	0	0	7	0	0	0	0	0	0	0	0	0	0	0	0	0
OTU2937	0	0	0	0	0	0	0	0	0	0	0	0	0	1	0	0	0	0	0	0	0	0	0	0	0	0	4	6	0	0	3	0	0	0	0	0	0	0	0	0	0	0	0	0	0	0	0	0	0	0	0	0	0	0	2	4	0	3	0	0	0	0	0	0	0	0	0	0	0	0	0	0	0	1	0	0	0	0	0	0	0	0	0	0	0	0	0	0	0	0	0	0	0	0	9	0	0	0	0	0	0	0
OTU2938	0	0	0	0	0	0	0	0	0	0	0	0	0	0	0	0	0	0	0	0	0	0	0	0	0	0	4	0	0	0	0	0	0	0	0	0	14	6	0	0	0	0	0	0	0	1	0	0	0	0	0	0	0	0	0	0	0	0	0	0	0	0	0	0	0	0	0	0	0	0	0	0	0	0	0	0	0	1	0	0	0	0	1	5	0	0	0	0	0	0	0	0	0	0	0	0	0	0	0	0	0	0
OTU2939	0	0	0	0	0	0	0	0	0	0	0	0	0	0	0	0	0	0	0	0	0	0	0	0	0	0	1	14	0	4	0	0	0	0	0	0	0	0	0	0	0	0	0	0	0	0	0	3	0	0	0	1	0	0	0	0	1	0	0	0	0	0	0	0	0	0	0	0	0	0	0	0	0	4	0	0	0	0	3	0	3	4	3	0	0	0	0	0	0	7	0	2	1	0	0	1	0	0	0	0	0	0
OTU294	0	2	0	0	0	0	10	3	1	1	24	0	16	2	0	0	0	0	4	0	931	10	1	3	3	0	0	3	0	0	0	1	5	1290	4	0	1	0	0	0	0	1	7	0	0	20	0	0	0	1	0	2	7	0	0	50	13	11	0	3	761	0	0	1385	0	748	32	14	1	2	0	0	0	11	0	0	0	0	0	0	10	0	15	0	0	282	0	0	0	14	0	0	212	0	0	0	0	860	11	4	3	11
OTU2940	0	0	0	0	0	0	0	0	0	0	0	0	0	0	0	0	0	0	0	0	0	0	0	0	0	0	0	1	0	0	0	0	0	0	0	0	1	0	0	0	0	0	0	0	0	0	0	0	0	0	0	0	0	0	0	0	0	0	0	0	0	0	0	4	0	1	0	0	0	0	0	0	0	0	0	0	0	0	0	0	0	0	0	0	0	11	0	0	0	0	0	0	0	0	0	0	0	3	0	0	0	0
OTU2941	0	0	0	0	0	0	0	0	0	0	0	0	0	0	0	0	0	0	0	0	0	0	0	0	0	0	0	5	0	0	10	0	0	0	0	0	0	0	0	0	1	0	0	0	0	0	0	0	0	0	0	0	0	0	0	0	1	0	0	0	0	0	0	0	0	0	0	0	0	0	0	0	0	0	0	0	0	0	0	0	2	0	0	0	0	0	0	0	0	0	0	0	0	1	0	0	0	0	0	0	0	0
OTU2942	0	0	0	0	0	0	0	0	0	0	0	0	0	0	0	0	0	0	0	0	0	0	0	0	0	0	0	5	0	0	0	0	0	0	0	0	0	0	0	0	0	0	0	0	3	0	0	0	0	0	0	0	0	0	0	0	0	0	0	0	0	0	0	0	0	0	0	0	0	0	0	0	0	0	0	0	0	0	0	0	4	0	0	0	0	0	0	0	0	0	0	0	0	3	0	0	0	0	0	0	0	0
OTU2943	0	0	0	0	0	0	0	0	0	0	0	0	0	0	0	0	0	0	0	0	0	0	0	0	0	0	0	3	0	0	0	0	0	0	0	0	0	6	3	0	3	0	0	0	0	0	0	0	0	0	0	0	0	0	0	0	2	0	0	0	0	0	0	0	0	0	0	0	0	0	0	0	0	0	0	0	0	2	0	0	0	0	0	0	0	0	0	0	0	3	0	0	0	0	0	0	0	0	0	0	0	0
OTU2944	0	0	0	0	0	0	0	0	0	0	0	0	0	0	0	0	0	0	0	0	0	0	0	0	0	0	0	2	0	0	0	0	0	0	0	0	0	0	0	0	0	0	0	0	1	12	0	0	0	0	0	0	0	0	1	0	1	0	7	0	0	0	0	0	0	0	0	0	0	8	0	0	1	0	0	0	0	0	0	0	0	0	0	0	0	0	0	0	0	1	0	0	0	0	0	0	1	0	0	0	0	0
OTU2945	0	0	0	0	0	0	0	0	0	0	0	0	0	0	0	0	0	0	0	0	0	0	0	0	0	0	0	0	21	0	0	0	0	0	0	0	0	0	0	0	0	0	0	0	0	0	1	0	0	0	0	0	1	0	0	0	0	0	0	0	0	0	0	0	0	0	0	0	0	0	0	0	0	0	0	0	0	0	0	0	0	0	0	0	0	0	0	0	0	1	0	0	0	0	0	0	0	0	0	0	0	0
OTU2946	0	0	0	0	0	0	0	0	0	0	0	0	0	0	0	0	0	0	0	0	0	0	0	0	0	0	0	0	7	0	0	0	0	0	0	0	0	0	3	0	0	0	0	0	0	0	0	0	0	0	0	0	0	2	0	0	1	0	0	0	0	0	0	0	0	0	0	0	0	0	0	0	0	0	0	0	8	0	0	0	0	0	0	0	0	0	0	0	0	0	0	0	0	0	0	0	0	0	0	0	0	0
OTU2947	0	0	0	0	0	0	0	0	0	0	0	0	1	0	0	0	0	0	0	0	0	0	0	0	0	0	0	0	5	0	0	0	0	0	0	0	0	0	0	0	0	0	0	0	0	0	0	0	0	0	2	0	0	0	0	0	0	0	0	0	0	0	0	0	6	0	2	0	6	0	0	0	0	1	0	0	0	0	0	5	0	0	0	0	0	0	0	0	0	0	0	0	0	0	0	0	0	0	0	0	0	0
OTU2948	0	0	0	0	0	0	0	0	0	0	0	0	0	0	0	0	0	0	0	0	0	0	0	0	0	0	0	0	5	0	0	0	0	0	0	0	0	2	0	0	0	0	0	0	0	0	0	0	0	1	0	0	0	1	0	0	0	0	2	0	0	0	0	0	0	0	0	0	0	6	0	4	1	0	0	0	5	0	0	0	2	0	2	0	0	0	0	0	0	0	0	0	0	0	0	0	0	0	0	0	0	0
OTU2949	0	0	0	0	0	0	0	0	0	0	0	0	0	0	0	0	0	0	0	0	0	0	0	0	0	0	0	0	0	15	0	0	0	0	0	0	0	0	0	0	0	0	0	0	0	0	0	0	0	0	1	3	0	0	0	0	0	0	0	0	0	0	0	0	0	0	0	0	0	0	0	1	0	0	0	0	0	0	0	0	0	0	3	0	0	0	0	0	0	0	0	0	0	0	0	0	0	0	0	0	0	0
OTU295	0	1	0	0	0	0	0	0	1	2	5	16	21	25	0	0	0	0	0	0	0	0	0	0	0	0	0	21	0	10	0	15	0	0	7	0	4	0	9	0	0	9	1	1075	6	15	0	1	4	9	14	3	28	7	18	12	177	9	1	0	0	1	0	0	0	0	7	0	0	4	0	1	1	35	0	42	117	3	1	0	4	0	1	71	7	3	0	468	6	24	38	0	11	72	6	13	5	0	0	0	0	0
OTU2950	0	0	0	0	0	0	0	0	0	0	0	0	1	0	0	0	0	0	0	0	0	0	0	0	0	0	0	0	0	24	0	0	0	0	0	0	0	0	0	0	1	0	0	0	0	0	6	0	0	0	0	0	3	0	2	0	1	0	0	0	0	0	0	0	0	0	0	0	0	0	0	0	0	0	0	0	0	0	0	0	0	0	0	1	0	0	0	0	1	0	0	1	0	0	0	0	0	0	0	0	0	0
OTU2951	0	0	0	0	0	0	0	1	0	0	0	0	0	0	0	0	0	0	0	0	0	0	0	0	0	0	0	0	0	15	0	0	0	0	0	0	0	0	0	0	0	0	0	5	0	0	0	0	0	0	0	0	0	0	0	0	0	0	0	0	0	0	0	0	0	0	0	0	0	0	0	0	6	0	0	0	0	0	0	0	0	0	0	0	1	0	0	0	0	0	0	0	0	0	0	0	0	0	0	0	0	0
OTU2952	0	0	0	0	0	0	0	0	0	0	0	0	2	0	0	0	0	0	2	0	0	0	0	0	0	0	0	0	0	4	0	0	0	0	0	0	0	0	0	0	2	14	1	0	0	1	4	0	9	0	6	0	6	0	0	0	1	1	0	0	0	0	0	1	0	0	0	0	0	3	0	1	0	3	8	0	0	0	0	0	0	1	1	0	0	1	0	0	0	2	0	0	0	1	0	0	0	0	0	0	0	0
OTU2953	0	0	0	0	0	0	0	1	0	0	0	1	0	0	0	0	0	0	0	0	0	0	0	0	0	0	0	0	0	0	0	0	1	0	0	0	0	0	0	0	0	0	0	0	0	0	0	0	0	0	0	0	0	0	0	0	0	0	0	0	0	0	0	0	0	0	14	0	0	0	0	0	0	0	0	0	0	0	0	0	0	0	0	0	0	0	0	0	0	2	0	0	0	0	0	0	0	0	0	0	0	7
OTU2954	0	0	0	0	0	0	0	0	0	0	0	0	0	0	0	0	0	0	0	0	0	0	0	0	0	0	0	0	0	0	0	0	0	4	0	0	0	0	0	0	0	0	1	0	0	0	0	0	1	0	0	0	0	2	0	0	1	0	0	0	0	0	0	0	7	0	2	0	0	0	0	0	0	0	0	0	0	0	0	0	0	0	0	0	0	0	0	0	0	0	0	1	0	5	0	0	3	0	24	34	4	10
OTU2955	0	0	0	0	0	0	0	0	0	0	0	0	0	0	0	0	0	0	0	0	0	0	0	0	0	0	0	0	0	0	0	0	0	0	1	0	0	0	0	0	0	0	0	0	0	0	0	0	0	0	0	0	0	0	0	0	0	0	3	0	0	0	0	0	0	0	0	0	13	0	0	0	0	0	0	0	0	0	0	0	0	0	0	0	0	0	0	0	0	0	0	0	0	0	0	0	0	0	0	0	1	0
OTU2956	0	0	0	0	0	0	0	0	0	0	0	0	0	0	0	0	0	0	0	0	0	0	0	0	0	0	0	0	0	0	0	0	0	0	0	0	10	1	0	0	0	0	0	0	0	0	0	0	0	0	0	0	3	0	0	0	2	0	0	0	0	0	0	0	0	0	0	0	0	0	0	0	0	0	0	0	2	0	0	0	3	0	2	0	0	0	0	0	3	0	0	0	0	0	3	5	0	0	0	0	0	0
OTU2957	0	0	0	0	0	0	0	0	0	0	0	0	0	0	0	0	0	0	0	0	0	0	0	0	0	0	0	0	0	0	0	0	0	0	0	0	14	0	0	0	0	0	0	0	0	0	0	0	0	0	0	0	0	0	0	0	0	0	0	0	0	0	0	0	0	0	0	0	0	0	0	0	0	0	0	0	0	0	0	0	0	0	0	0	0	0	0	0	0	0	0	0	0	0	0	0	0	0	0	0	0	0
OTU2958	0	7	0	3	0	0	0	3	1	0	1	1	2	16	0	0	0	0	1	0	3	7	0	0	0	0	5	4	0	5	0	0	2	1	3	0	269	0	0	0	0	81	191	0	0	0	0	0	57	3	0	4	188	0	0	0	26	4	12	0	0	0	0	0	0	0	0	0	0	6	0	192	13	19	2	152	0	1	0	18	12	0	1	0	0	1	5	2	9	3	105	5	7	2	0	2	1	0	16	0	3	0
OTU2959	0	0	0	0	0	0	0	0	0	0	3	0	0	0	0	0	0	0	0	0	0	0	0	0	0	0	0	0	0	0	0	0	0	0	0	0	18	0	0	0	0	0	0	0	2	0	0	0	0	2	0	4	0	0	0	0	0	0	0	2	0	0	0	0	0	0	0	0	0	1	0	2	2	1	0	0	37	0	0	0	0	6	0	0	0	0	0	0	0	1	0	0	0	0	0	2	0	0	0	0	0	0
OTU296	0	0	0	0	0	0	5	1	0	0	0	0	0	0	0	0	0	0	2	0	0	2	0	1	0	2	0	0	0	0	0	2	4	20	1	0	0	0	0	0	0	0	0	0	0	1	0	0	0	0	0	3	0	0	0	0	1	0	1	1	5	0	1	2	0	4	15	1	10	0	0	0	0	0	0	0	0	0	0	0	0	0	0	0	0	0	0	0	0	0	0	0	1	14	11	13	3	10	358	885	351	198
OTU2960	0	0	0	0	0	0	0	0	0	0	17	0	0	0	0	0	2	0	1	0	3	3	0	0	0	0	0	0	0	0	0	0	2	0	0	0	37	0	0	0	0	3	0	0	0	0	0	0	0	7	0	38	0	1	1	0	0	0	1	10	0	0	0	0	0	0	0	0	0	0	0	0	10	5	0	0	64	9	1	0	0	83	2	0	0	0	0	1	0	0	0	5	0	0	0	0	0	0	0	0	1	0
OTU2961	0	0	0	0	0	0	0	0	0	0	0	0	1	0	0	0	0	0	0	0	0	0	0	0	0	0	0	1	0	0	0	0	0	0	0	0	11	0	0	0	0	0	0	0	0	0	0	0	0	0	6	0	0	0	0	0	0	1	0	0	0	0	0	0	0	0	0	0	0	0	0	0	0	1	0	0	0	0	0	0	1	0	0	0	4	0	0	0	0	0	0	0	0	0	0	0	0	0	0	0	0	0
OTU2962	0	0	0	0	0	0	0	0	0	0	0	1	0	0	0	0	0	0	0	0	0	0	0	0	0	0	0	0	0	0	0	0	0	0	0	0	0	8	0	0	0	0	0	0	0	0	0	1	0	0	0	0	0	0	2	0	0	0	0	0	0	0	0	0	0	0	0	0	0	0	6	0	0	0	0	0	0	1	0	0	0	0	0	0	0	0	0	0	0	0	0	4	0	0	0	0	0	0	0	0	0	0
OTU2963	0	0	0	0	0	0	0	0	0	0	0	0	0	1	0	0	0	0	0	0	0	0	0	0	0	0	0	0	0	0	0	0	0	0	0	0	0	0	29	0	2	0	0	0	0	0	0	0	0	0	0	4	0	0	1	0	1	0	2	0	0	0	0	0	0	0	0	0	0	0	0	0	0	1	0	0	0	0	0	0	0	0	0	0	0	0	0	0	0	0	4	0	0	7	0	0	0	0	0	0	0	0
OTU2964	0	0	0	0	0	0	0	0	0	0	0	0	0	0	0	0	0	0	0	0	0	0	0	0	0	0	0	0	0	0	0	0	0	0	0	0	0	0	0	0	0	0	16	0	1	0	0	0	0	0	0	0	0	0	3	3	1	0	0	0	0	0	0	0	1	0	0	0	0	0	0	0	0	0	0	0	0	0	1	0	0	0	0	0	0	0	0	0	0	0	0	0	0	0	0	0	0	0	2	0	0	0
OTU2965	0	0	0	0	0	0	0	0	0	0	0	0	0	0	0	0	0	0	0	0	0	0	0	0	0	0	0	2	0	0	0	0	0	0	0	0	0	0	0	0	0	0	0	13	0	2	0	1	0	0	0	0	0	0	1	0	0	0	0	0	0	0	0	0	0	0	0	0	0	2	0	0	0	0	1	0	0	0	0	0	0	0	0	2	0	0	0	0	0	0	0	0	0	0	0	1	0	0	0	0	0	0
OTU2966	0	0	0	0	0	0	0	0	0	0	0	0	0	0	0	0	0	0	0	0	0	0	0	0	0	0	0	0	0	0	0	0	0	0	0	0	0	0	0	0	0	0	0	0	0	1	0	0	0	0	0	0	0	0	0	0	0	0	0	0	0	0	0	0	0	0	0	0	0	5	0	0	0	0	0	0	0	12	0	0	0	0	0	0	0	0	13	0	0	0	0	0	0	0	0	0	0	0	0	0	0	0
OTU2967	0	0	0	0	0	0	0	0	0	0	0	0	0	0	0	0	0	0	0	0	0	0	0	0	0	0	0	0	0	0	0	0	0	0	0	0	0	0	0	0	0	0	0	0	0	0	0	7	0	0	0	0	3	0	0	0	1	0	0	0	0	0	0	0	0	0	0	0	0	0	0	0	0	0	0	0	0	0	0	0	0	0	0	0	0	0	0	0	0	0	0	5	2	0	0	0	0	0	0	0	0	0
OTU2968	0	0	0	0	0	0	0	0	1	0	0	0	0	0	0	0	0	0	0	0	0	0	0	0	0	0	0	41	15	6	0	0	0	0	0	2	0	0	0	0	3	0	0	6	2	0	0	11	1	0	2	4	11	1	0	30	12	0	0	0	0	0	0	0	0	0	1	0	0	0	1	20	8	2	0	0	8	0	3	0	6	0	0	0	0	0	0	0	2	5	9	0	2	1	0	0	0	0	0	0	0	0
OTU2969	0	0	0	0	0	0	0	0	0	0	0	0	0	1	0	0	0	0	0	0	0	0	0	0	0	0	0	0	0	0	0	0	0	0	0	0	0	0	0	0	1	0	0	0	0	0	0	0	0	0	5	0	10	0	0	0	0	0	0	0	1	0	0	0	0	0	0	0	0	0	0	0	0	0	0	0	0	0	0	0	0	0	1	0	0	0	0	0	1	1	0	0	0	0	0	0	0	0	0	0	0	0
OTU297	0	3	0	0	0	1	7	0	3	3	2	1	17	23	0	0	0	0	0	0	4	0	4	6	0	0	23	54	1	25	4	0	0	0	2	0	1	140	201	0	69	13	71	16	5	8	2	4	15	35	64	35	62	48	42	12	62	21	8	1	0	0	0	5	0	0	0	0	0	103	19	29	29	70	10	15	98	183	47	14	139	122	25	5	5	4	50	164	4	17	4	1	15	29	12	18	16	1	0	0	0	0
OTU2970	0	0	0	0	0	0	0	0	0	0	0	0	0	0	0	0	0	0	0	0	0	0	0	0	0	0	0	0	0	0	0	0	0	0	0	0	0	0	0	0	0	0	0	0	0	0	0	0	0	0	0	1	0	0	0	1	1	0	0	0	0	0	0	21	0	4	0	0	0	0	0	0	0	0	0	0	0	0	0	0	0	0	0	0	0	7	0	0	0	1	0	0	1	0	0	0	0	12	0	0	0	0
OTU2971	0	0	0	0	0	0	0	0	0	0	0	0	0	0	0	0	0	0	0	0	0	0	0	0	0	0	0	0	0	0	0	0	0	0	0	0	0	0	0	0	0	0	0	0	0	0	0	0	0	0	0	0	19	0	0	0	0	0	0	0	0	0	0	0	0	0	0	0	0	0	0	0	0	0	0	0	0	0	0	0	0	0	4	0	0	0	0	0	0	0	0	0	0	0	0	0	0	0	0	0	0	0
OTU2972	0	0	0	0	0	0	0	0	0	0	0	0	0	0	0	0	0	0	0	0	0	0	0	0	0	0	0	0	0	0	0	0	0	0	0	0	0	0	0	0	0	0	0	0	0	0	0	0	0	0	0	0	0	0	4	0	0	0	1	0	0	0	0	0	0	0	0	0	0	0	0	0	0	15	0	0	0	0	0	0	0	0	0	0	0	0	0	0	0	0	0	0	0	0	0	0	0	0	0	0	0	0
OTU2973	0	0	0	0	0	0	0	0	0	0	0	1	0	0	0	0	0	0	0	0	0	0	0	0	0	0	0	0	0	0	0	0	0	0	0	0	0	0	0	0	0	0	0	0	0	0	0	0	0	0	1	3	0	0	1	0	19	0	0	0	0	0	0	0	0	0	0	0	0	11	0	0	0	0	0	0	0	6	0	0	0	0	0	0	0	0	0	0	0	1	0	0	0	0	0	0	0	0	0	0	0	0
OTU2974	0	0	0	0	0	0	0	0	0	0	0	2	0	0	0	0	0	0	0	0	0	0	0	0	0	0	0	0	0	0	0	0	0	0	0	0	0	0	0	0	0	0	0	6	0	2	0	0	0	0	0	0	2	3	6	1	13	1	0	0	0	0	0	0	0	0	0	0	0	0	0	0	5	0	0	0	0	0	0	0	0	0	0	0	0	0	0	0	0	0	0	0	1	0	0	0	0	0	0	0	0	0
OTU2975	0	0	0	0	0	0	0	0	0	0	0	0	0	0	0	0	0	0	0	0	0	0	0	0	0	0	0	0	0	0	0	0	0	0	0	0	0	0	0	0	0	0	0	0	0	0	0	0	0	0	0	0	0	0	0	2	0	0	0	0	0	0	0	3	0	0	0	0	0	0	0	0	0	0	0	0	0	0	0	0	0	0	0	0	0	2	0	0	0	0	0	0	1	0	0	0	0	3	0	0	0	0
OTU2976	0	0	0	0	0	0	0	0	0	0	0	0	0	0	0	0	0	0	0	0	0	0	0	0	0	0	0	0	0	0	0	0	0	0	0	0	0	0	0	0	0	0	0	0	0	0	0	0	0	0	0	0	1	0	0	11	0	0	0	4	0	0	0	13	0	9	0	0	0	0	0	0	0	0	0	0	0	0	0	0	0	0	0	0	0	6	0	0	0	0	0	0	3	0	0	0	0	6	1	0	0	0
OTU2977	0	0	0	0	0	0	0	0	0	0	0	0	0	0	0	0	0	0	0	0	0	0	0	0	0	0	0	0	0	0	0	0	0	0	0	0	0	0	0	0	0	0	0	0	0	0	5	0	0	0	0	0	0	0	0	0	25	0	0	0	0	0	0	0	0	0	0	0	0	0	0	0	0	0	0	0	0	0	0	0	0	0	0	0	0	0	0	0	0	0	0	0	0	0	0	0	0	0	0	0	0	0
OTU2978	0	0	0	0	0	0	0	0	0	0	0	0	0	0	0	0	0	0	0	0	0	0	0	0	0	0	0	0	0	0	0	0	0	0	0	0	0	0	0	0	0	0	0	0	0	0	1	0	0	0	0	0	0	0	1	0	3	0	6	0	0	0	0	0	0	0	0	0	1	0	0	0	0	0	0	2	0	0	0	0	0	0	0	0	0	0	0	0	0	0	0	0	0	0	0	0	7	0	0	0	0	0
OTU2979	0	0	0	0	0	0	0	0	0	0	0	0	0	0	0	0	0	0	0	0	0	0	0	0	0	0	0	0	0	0	0	0	0	0	0	0	0	0	0	0	0	0	0	0	0	0	0	0	0	0	0	0	0	0	0	0	3	0	0	0	0	0	0	0	0	0	35	0	0	0	0	0	0	0	0	0	0	0	0	0	0	0	0	0	0	0	0	0	0	0	0	0	0	0	0	0	0	0	0	0	0	0
OTU298	0	7	0	2	0	0	0	0	0	0	0	3	30	38	0	0	0	0	0	1	0	1	3	0	2	0	6	26	2	11	1	0	0	1	24	0	4	4	0	2	0	0	7	5	2	49	1	7	268	1	0	3	54	5	7	2	75	23	11	12	2	2	0	4	0	1	2	0	0	6	0	1	32	55	1	8	3	4	2	0	15	200	140	53	34	35	1	0	1590	107	3	0	40	616	433	8	9	4	15	24	3	0
OTU2980	0	0	0	0	0	0	0	0	0	0	0	0	0	0	0	0	0	0	0	0	0	0	0	0	0	0	0	0	0	0	0	0	0	0	0	0	0	0	0	0	0	0	0	0	0	0	0	0	0	0	0	0	0	0	0	0	0	3	0	0	0	0	0	0	0	0	0	22	0	0	0	0	0	0	0	0	0	0	0	0	0	0	0	0	0	0	0	0	0	0	0	0	0	0	0	0	0	0	0	0	0	0
OTU2981	0	0	0	0	0	0	0	0	0	0	0	0	0	0	0	0	0	0	0	0	0	0	0	0	0	0	0	0	0	0	0	0	0	0	0	0	0	0	0	0	0	0	0	0	0	0	0	0	0	0	0	0	0	0	0	1	0	7	0	0	0	0	0	0	0	0	0	0	0	0	0	0	0	1	3	0	0	0	0	0	0	0	0	0	0	0	0	0	0	0	0	0	0	3	0	0	0	0	0	0	0	0
OTU2982	0	0	0	0	0	0	0	0	0	0	0	0	0	0	0	0	0	0	0	0	0	0	0	0	0	0	0	0	0	0	0	0	0	0	0	0	0	0	0	0	0	0	0	0	0	0	0	0	0	0	0	0	0	0	0	0	0	1	0	0	0	0	0	0	5	0	0	7	0	0	0	0	0	0	0	0	0	0	0	0	0	0	0	0	0	0	0	0	0	0	0	0	0	0	0	0	0	0	0	0	0	0
OTU2983	0	0	0	0	0	0	0	0	0	0	0	0	0	0	0	0	0	0	0	0	0	0	0	0	0	0	0	0	0	0	0	0	0	0	0	0	0	0	0	0	0	0	0	0	0	0	0	0	0	0	0	0	0	0	0	0	0	2	0	0	0	0	0	0	3	0	0	25	0	0	0	0	0	0	0	0	0	0	0	0	0	0	0	0	0	0	0	0	0	0	0	0	0	0	0	0	0	0	0	0	0	0
OTU2984	0	0	0	0	1	0	0	0	0	0	0	0	0	0	0	0	0	0	0	0	0	0	0	0	0	0	0	0	0	0	0	0	5	0	0	0	14	0	0	0	0	0	0	0	0	0	0	0	0	4	0	5	0	0	0	0	0	0	3	0	0	0	0	0	0	0	0	0	0	0	0	0	1	7	0	0	12	0	0	1	0	17	0	0	0	0	1	0	0	0	0	4	0	2	0	0	0	0	0	0	0	0
OTU2985	0	0	0	0	0	0	0	0	0	0	0	0	0	0	0	0	0	0	0	0	1	8	0	0	0	0	0	0	0	0	0	0	0	0	0	0	4	0	0	0	0	0	0	0	0	0	0	0	0	0	0	0	0	0	0	0	0	0	0	23	0	0	0	0	0	0	0	0	0	0	0	0	0	1	0	0	2	0	0	0	0	5	0	0	0	0	0	0	0	0	0	0	0	0	0	1	0	0	0	0	2	0
OTU2986	0	0	0	0	0	0	0	0	0	0	3	0	0	0	0	0	0	0	0	0	2	8	0	0	0	0	0	0	0	0	0	0	3	0	0	0	3	0	0	0	0	0	0	0	0	0	0	0	0	0	0	0	0	0	0	0	0	0	0	19	0	0	0	0	0	0	0	0	0	0	0	0	0	0	0	0	5	0	0	0	0	1	0	0	0	0	0	0	0	0	0	0	0	0	0	0	0	0	0	0	0	0
OTU2987	0	0	0	0	0	0	0	0	0	0	1	0	0	0	0	0	0	0	0	0	0	0	0	0	0	0	0	0	0	0	0	0	0	0	0	0	0	0	0	0	0	0	0	0	0	0	0	0	0	0	0	0	0	0	0	0	0	0	0	0	26	0	0	2	0	0	0	0	0	0	0	0	0	0	0	0	0	0	0	0	0	0	0	0	0	1	0	0	0	0	0	0	0	0	0	0	0	1	0	0	0	0
OTU2988	0	0	0	0	0	0	0	0	0	0	0	0	0	0	0	0	0	0	0	0	0	0	0	0	0	0	0	0	0	0	0	0	0	0	0	0	0	0	0	0	0	0	0	0	0	0	0	0	0	0	0	0	0	0	0	0	0	0	0	0	14	0	0	2	0	3	0	0	2	0	0	0	0	0	0	0	0	0	0	0	0	0	0	0	0	1	0	0	0	0	0	0	1	0	0	0	0	0	0	0	0	0
OTU2989	0	0	0	0	0	0	0	0	0	0	0	0	0	0	0	0	0	0	0	0	0	0	0	0	0	0	0	0	0	0	0	0	0	0	0	0	0	0	0	0	0	0	0	0	0	0	0	0	0	0	0	0	0	0	0	0	0	2	0	0	0	0	0	9	1	4	0	0	0	0	0	0	0	0	0	0	0	0	0	0	0	0	0	0	0	6	0	0	0	0	0	0	2	0	0	0	0	2	0	0	0	0
OTU299	1	0	0	0	0	0	0	4	0	0	11	0	0	0	0	0	0	0	2	0	880	1	0	0	0	0	0	1	3	0	0	2	5	267	0	1	0	0	0	0	0	0	7	0	0	6	0	1	2	0	0	0	1	0	0	5	4	0	1	0	138	0	0	201	0	108	10	3	0	0	0	0	0	2	0	0	0	0	0	0	0	0	0	0	0	127	0	0	0	2	0	0	135	0	2	0	0	415	0	0	0	1
OTU2990	0	0	0	0	0	0	0	0	0	0	0	0	2	0	0	0	0	0	0	0	0	0	0	0	0	0	0	0	0	0	0	0	0	0	0	0	0	0	0	0	0	0	0	0	0	0	0	0	0	0	0	0	0	0	0	2	1	0	0	0	0	0	0	18	0	6	0	0	0	0	0	0	0	1	0	0	0	0	0	0	0	0	0	0	0	9	0	0	0	1	0	0	2	0	0	0	0	6	0	0	0	0
OTU2991	0	0	0	0	0	0	0	0	0	0	1	0	0	0	0	0	0	0	0	0	0	0	0	0	0	0	0	0	0	0	0	0	0	0	0	0	0	0	0	0	0	0	0	0	0	0	0	0	0	0	0	0	0	0	0	0	0	0	0	0	1	0	0	33	0	10	0	0	0	0	0	0	0	0	0	0	0	0	0	0	0	0	0	0	0	11	0	0	0	2	0	0	9	0	0	0	0	11	0	0	0	1
OTU2992	0	0	0	0	0	0	0	0	0	0	0	0	0	0	0	0	0	0	0	0	0	0	0	0	0	0	0	0	0	0	0	0	0	0	0	0	0	0	0	0	0	0	0	0	0	0	0	0	0	0	0	0	0	0	0	0	0	0	0	0	0	0	0	8	0	2	0	0	0	0	0	0	0	0	0	0	0	0	0	0	0	0	0	0	0	14	0	0	0	0	0	0	0	0	0	0	0	2	0	0	0	0
OTU2993	0	0	0	0	0	0	0	0	0	0	0	0	0	1	0	0	0	0	0	0	0	0	0	0	0	0	0	0	0	0	0	0	0	0	0	0	0	0	0	0	0	0	0	0	0	0	0	0	0	0	0	0	0	0	0	0	0	0	0	0	0	0	0	5	0	5	0	0	0	0	0	0	0	0	0	0	0	0	0	0	0	0	0	0	0	1	0	0	0	1	0	0	3	0	0	0	0	3	0	0	0	0
OTU2994	0	0	0	0	0	0	0	0	0	0	0	0	0	0	0	0	0	0	0	0	0	0	0	0	0	0	0	0	0	0	0	0	0	0	0	0	0	0	0	0	0	0	0	0	0	0	0	0	0	0	0	0	0	0	0	0	0	0	0	0	0	0	0	14	0	1	0	0	0	0	0	0	0	0	0	0	0	0	0	0	0	0	0	0	0	0	0	0	0	0	0	0	0	0	0	0	0	0	0	0	0	0
OTU2995	0	0	0	0	0	0	0	0	0	0	0	0	0	2	0	0	0	0	0	0	0	0	0	0	0	0	0	0	0	0	0	0	0	0	0	1	0	0	0	0	0	0	0	0	0	0	0	0	0	0	0	0	0	0	0	0	1	0	0	0	0	0	0	20	0	12	0	1	0	0	0	0	0	0	0	0	0	0	0	0	0	0	0	0	0	11	0	0	0	0	0	0	0	0	2	0	0	6	0	0	1	0
OTU2996	0	0	0	0	0	0	0	0	0	0	0	0	0	0	0	0	0	0	0	0	0	0	0	0	0	0	0	0	0	0	0	0	0	0	0	0	0	0	0	0	0	0	0	0	0	0	0	0	0	0	0	0	0	0	0	0	0	0	0	0	0	0	0	12	0	10	0	0	0	0	0	0	0	3	0	0	0	0	0	0	0	0	0	0	0	3	0	0	0	0	0	0	0	0	0	0	0	3	0	0	0	0
OTU2997	0	0	0	0	0	0	0	0	0	0	0	0	0	0	0	0	0	0	0	0	0	0	0	0	0	0	0	0	0	0	0	0	0	0	0	0	0	0	0	0	1	0	0	0	0	0	0	0	0	0	0	0	0	0	0	0	0	0	0	0	0	0	0	16	0	4	0	0	0	0	0	0	0	0	0	0	0	0	0	0	0	0	0	0	0	3	0	0	0	0	0	0	0	0	0	0	0	9	0	0	0	0
OTU2998	0	0	0	0	0	0	0	0	0	0	0	0	0	0	0	0	0	0	0	0	0	0	0	0	0	0	0	0	0	0	0	0	0	0	0	0	0	0	0	0	0	0	0	0	0	0	0	0	0	0	0	0	0	0	0	4	0	0	0	0	0	0	0	26	0	17	0	0	0	0	0	2	0	2	0	0	0	0	0	0	0	0	0	0	0	1	0	0	0	0	0	0	0	0	0	0	0	4	0	0	0	0
OTU2999	0	0	0	0	0	0	0	0	0	0	0	0	0	0	0	0	0	0	0	0	0	0	0	0	0	0	0	0	0	0	0	0	0	0	0	0	0	0	0	0	0	0	0	0	0	0	0	0	0	0	0	0	0	0	0	0	2	0	0	0	0	0	0	19	0	3	0	0	0	0	0	0	0	0	0	0	0	0	0	0	0	0	0	0	0	4	0	0	0	0	0	0	0	0	0	0	0	5	0	0	0	0
OTU3	171	42	0	47	2	2	90	73	1286	3	61	51	521	675	14	5	8	3	291	0	52	20	12	1	33	2	66	678	245	286	162	2	5	20	114	11	822	217	208	11	23393	16646	4297	82	172	313	637	125	5658	9272	29364	1457	10229	84	924	186	2832	717	2122	22	18	5	0	24	149	17	208	333	380	129	233	2927	280	2123	197	4086	190	3096	1692	379	4643	299	210	254	144	171	18990	6492	468	1691	15987	1421	724	786	143	546	179	5	16	1	13	7
OTU30	8	14	0	20	6	1	9	21	40	0	14	3	106	97	13	0	0	3	5	0	9	20	395	2	5	2	29	55	37	27	51	0	0	51	10	0	740	20477	117	0	904	132	281	9	34	438	50	33	58	42	45	85	206	27	86	40	641	59	48	1	1	0	1	1	0	1	8	0	123	100	36	139	311	8521	47	34	301	67	331	22	247	28	51	31	121	24	143	367	210	132	87	25	36	72	31	57	37	8	19	85	222	20
OTU300	0	0	0	0	0	0	2	0	0	0	0	1	0	6	1	0	0	0	0	0	1	2	1	0	0	0	0	3	22	0	11	0	0	0	1	1	5	1	9	0	0	9	3	0	0	7	7	6	3	0	0	0	26	1	9	0	26	10	26	1	0	3	0	3	508	0	564	322	534	133	0	3	14	8	8	3	1	0	0	13	10	0	1	1	0	0	13	0	0	3	11	12	2	13	4	3	5	1	5	1	4	3
OTU3000	0	0	0	0	0	0	0	0	0	0	0	0	0	0	0	0	0	0	0	0	0	0	0	0	0	0	0	0	0	0	0	0	0	0	0	2	0	0	0	0	0	0	0	0	0	0	0	0	0	0	0	0	0	0	0	0	0	0	0	0	0	0	0	11	0	12	0	0	0	0	0	0	0	0	0	0	0	0	0	0	0	0	0	0	0	4	0	0	0	0	0	0	0	0	0	0	0	2	0	0	0	0
OTU3001	0	0	0	0	0	0	0	0	0	0	0	0	0	0	0	0	0	0	0	0	0	0	0	0	0	0	0	0	0	0	0	0	0	0	0	0	0	0	0	0	0	0	0	0	0	0	0	0	0	0	0	0	0	0	0	0	0	0	0	0	0	0	0	5	0	6	0	0	0	0	0	0	0	0	0	0	0	0	0	0	0	0	0	0	0	1	0	0	0	0	0	0	1	0	0	0	0	5	0	0	0	0
OTU3002	0	0	0	0	0	0	0	0	0	0	0	0	0	0	0	0	0	0	0	0	0	0	0	0	0	0	0	0	0	0	0	0	0	0	0	0	0	0	0	0	0	0	0	0	0	0	0	0	0	0	0	0	0	0	0	0	0	0	0	0	0	0	0	7	0	11	0	0	1	0	0	0	0	0	0	0	0	0	0	0	0	0	0	0	0	0	0	0	0	0	0	0	1	0	0	0	0	5	0	0	0	1
OTU3003	0	0	0	0	0	0	0	0	0	0	0	0	0	0	0	0	0	0	0	0	0	0	0	0	0	0	0	1	0	0	0	0	0	0	0	0	0	0	0	0	0	0	0	0	0	0	0	0	0	0	0	0	0	0	0	0	0	0	0	3	0	0	0	10	0	3	0	0	0	0	0	0	0	0	0	0	0	0	0	0	2	0	0	0	0	5	1	0	0	0	0	0	7	0	0	0	0	4	0	0	0	0
OTU3004	0	0	0	0	0	0	0	0	0	0	0	0	0	0	0	0	0	0	0	0	0	0	0	1	0	0	0	0	0	0	0	0	0	0	0	0	0	0	0	0	0	0	0	0	0	0	0	0	0	0	0	0	0	0	0	1	1	0	0	1	0	0	0	20	0	6	0	0	0	0	0	0	0	0	0	0	0	0	0	0	0	0	0	0	0	6	0	0	0	0	0	0	0	0	0	0	0	11	0	0	0	0
OTU3005	0	0	0	0	0	0	0	0	0	0	0	0	0	0	0	0	0	0	0	0	0	0	0	0	0	0	0	0	0	0	0	0	0	0	0	0	0	0	0	0	0	0	0	0	0	0	0	0	0	0	0	0	0	0	0	0	1	0	0	0	0	0	0	0	19	0	4	11	0	0	1	0	0	0	0	0	0	0	0	0	0	0	34	0	0	0	0	0	0	0	0	0	2	0	0	0	0	4	8	0	3	0
OTU3006	0	0	0	0	0	0	0	0	0	0	0	0	0	0	0	0	0	0	0	0	0	0	0	0	0	0	0	0	0	0	0	0	0	0	0	0	0	0	0	0	0	0	0	0	0	0	0	0	0	0	0	0	0	0	0	0	1	0	0	0	0	0	0	0	19	0	11	5	0	0	0	0	0	0	0	0	0	0	0	0	0	0	0	0	0	0	0	0	0	0	0	0	0	0	0	0	0	0	0	0	0	0
OTU3007	0	0	0	0	0	0	0	0	0	0	0	0	0	0	0	0	0	0	0	0	0	1	0	0	0	0	0	0	0	0	0	0	0	0	0	0	0	0	0	0	0	0	0	0	0	0	0	0	0	0	0	0	0	0	0	0	0	0	0	0	0	0	0	0	10	2	6	2	7	0	0	0	0	0	0	0	0	0	0	0	0	0	0	0	0	0	0	0	0	0	0	0	0	0	0	0	0	0	0	0	0	0
OTU3008	0	0	0	0	0	0	0	0	0	0	0	0	0	0	0	0	0	0	0	0	0	0	0	0	0	0	0	0	0	0	0	0	0	0	0	0	0	0	0	0	0	0	0	0	0	0	0	0	0	0	0	0	0	0	0	0	0	0	0	0	0	0	0	0	3	0	1	0	0	0	0	0	0	0	0	0	0	0	0	0	0	0	0	0	0	0	0	0	0	0	0	0	0	0	0	0	0	0	12	2	1	0
OTU3009	0	0	0	0	0	0	0	0	0	0	0	0	0	0	0	0	0	0	0	0	0	0	0	0	0	0	0	0	0	0	0	0	0	0	0	0	0	0	0	0	0	0	0	0	0	0	0	0	0	0	0	0	0	0	0	0	0	0	0	0	0	0	0	1	0	14	0	0	0	0	0	0	0	0	0	0	0	0	0	0	0	0	0	0	0	4	0	0	0	0	0	0	4	0	0	0	0	9	0	0	0	0
OTU301	0	0	0	0	0	0	7	3	0	0	1	0	1	0	0	0	0	0	3	0	8	3	2	4	5	1	0	0	0	0	0	0	1	12	2	2	0	0	0	0	0	2	0	0	0	1	0	0	0	0	0	0	0	1	0	0	1	0	0	0	4	0	3	9	3	3	104	14	13	0	0	0	0	0	0	0	0	0	0	0	0	0	0	0	0	0	0	0	0	1	0	0	0	30	4	36	27	6	760	465	1115	1340
OTU3010	0	0	0	0	0	0	0	0	0	0	0	0	0	0	0	0	0	0	0	0	0	0	0	0	0	0	0	0	0	0	0	0	0	0	0	0	0	0	0	0	0	0	0	0	0	0	0	0	0	0	0	0	0	0	0	0	0	0	0	0	0	0	0	0	0	0	1	0	0	0	0	0	0	0	0	0	0	0	0	0	0	0	0	0	0	0	0	0	0	0	0	0	0	0	0	0	0	0	0	0	0	10
OTU3011	0	0	0	0	0	0	1	0	0	0	0	0	0	0	0	0	0	0	0	0	0	0	0	0	0	0	0	0	0	0	0	0	0	0	0	0	0	0	0	0	0	0	0	0	0	0	0	0	0	0	0	0	0	0	0	0	1	1	0	0	0	0	0	3	15	1	34	123	9	0	0	0	0	0	0	0	0	0	0	0	0	0	0	0	0	0	0	0	0	0	0	0	0	0	0	0	0	0	3	0	0	0
OTU3012	0	0	0	0	0	0	0	0	0	0	0	0	0	0	0	0	0	0	0	0	0	0	0	0	0	0	0	0	0	0	0	0	0	0	0	0	0	0	0	0	0	0	0	0	0	0	0	0	0	0	0	0	0	0	0	0	0	0	0	0	0	0	0	0	0	0	17	0	0	0	0	0	0	0	0	0	0	0	0	0	0	0	0	0	0	0	0	0	0	0	0	0	0	0	0	0	0	0	0	0	0	0
OTU3013	0	0	0	0	0	0	0	0	0	0	0	0	0	0	0	0	0	0	0	0	0	0	0	0	0	0	0	0	0	0	0	0	0	0	0	0	0	0	0	0	0	0	0	0	0	0	0	0	0	0	0	0	0	0	0	0	0	0	0	0	0	0	0	0	0	0	7	15	0	0	0	0	0	0	0	0	0	0	0	0	0	0	0	0	0	0	0	0	0	0	0	0	0	0	0	0	0	0	0	0	0	0
OTU3014	0	0	0	0	0	0	0	0	0	0	0	0	0	0	0	0	0	0	0	0	0	0	0	0	0	0	0	0	0	0	0	0	0	0	0	0	0	0	1	0	0	0	0	0	0	0	0	0	0	0	5	0	0	0	0	0	0	0	1	0	2	0	0	0	3	0	1	25	1	0	0	0	0	0	0	0	2	2	0	0	0	0	0	0	0	0	0	0	1	0	0	0	0	0	0	0	0	0	0	0	0	0
OTU3015	0	0	0	0	0	0	0	0	0	0	0	0	0	0	0	0	0	0	0	0	0	0	0	0	0	0	0	0	0	0	0	0	0	0	0	0	0	0	0	0	0	0	0	0	0	0	0	0	0	0	0	0	0	0	0	0	0	0	0	0	0	0	0	0	0	0	0	11	0	0	0	0	0	0	0	0	0	0	0	0	0	0	0	0	2	0	0	0	0	0	0	0	0	0	0	0	0	0	5	0	0	0
OTU3016	0	0	0	0	0	0	0	0	0	0	0	0	0	0	0	0	0	0	0	0	0	0	0	0	0	0	0	0	0	0	0	0	0	0	0	0	0	0	0	0	0	0	0	0	0	0	0	0	0	0	0	0	0	0	0	0	0	0	0	0	0	0	0	0	0	0	0	0	12	0	0	0	0	0	0	0	0	0	0	0	0	0	0	0	0	0	0	0	0	0	0	0	0	0	0	0	0	0	0	0	0	0
OTU3017	0	0	0	0	0	0	0	0	0	0	0	0	0	0	0	0	0	0	1	0	0	0	0	0	0	0	0	0	0	0	0	0	0	0	0	0	0	0	0	0	0	0	0	0	0	0	0	0	0	0	0	0	0	0	0	0	0	0	0	0	0	0	0	0	0	0	0	0	33	0	0	0	0	0	0	0	0	0	0	0	0	0	0	0	0	0	0	0	0	0	0	0	0	0	0	0	0	0	2	0	2	0
OTU3018	0	0	0	0	0	0	0	0	0	0	0	0	0	0	0	0	0	0	0	0	0	0	0	0	0	0	0	0	3	0	0	0	0	0	0	0	0	0	0	0	0	0	0	0	0	0	0	0	0	0	0	0	1	0	0	0	1	0	0	0	0	0	0	0	0	0	0	0	0	0	10	0	0	0	0	0	0	2	0	0	0	0	0	0	0	0	11	0	0	0	0	0	0	0	0	0	0	0	0	0	0	0
OTU3019	0	11	0	4	0	0	1	0	0	0	72	0	0	0	0	0	0	0	0	0	0	2	0	0	0	0	0	0	0	0	0	0	0	0	0	2	0	3	0	0	0	0	0	0	0	0	0	1	0	0	0	3	0	0	0	0	1	0	0	0	0	0	0	0	0	0	0	0	0	0	0	54	0	2	0	0	0	0	0	0	0	0	5	0	0	3	0	0	0	5	0	0	0	0	0	0	0	0	0	0	0	0
OTU302	1	6	0	0	0	0	0	7	10	0	7	5	18	18	0	0	0	0	0	0	0	3	0	2	0	0	22	15	55	36	51	0	1	1	4	0	117	44	91	1	55	17	20	19	16	72	5	9	57	160	22	5	23	19	0	20	62	21	19	6	0	0	0	0	3	0	0	1	0	45	15	206	84	38	4	174	57	58	19	13	25	61	69	3	72	2	72	67	168	16	3	9	10	72	9	12	36	1	2	0	8	0
OTU3020	0	3	0	5	1	0	0	0	0	0	30	1	0	0	0	0	0	0	0	0	0	0	0	0	0	0	0	0	0	0	0	0	0	0	0	0	0	1	0	0	0	0	0	0	0	0	0	0	0	0	0	2	0	0	0	0	0	0	0	0	0	0	0	0	0	0	0	0	0	0	0	47	0	2	0	0	0	0	0	0	0	0	3	0	0	1	0	0	0	0	0	0	0	0	0	0	0	0	0	0	0	0
OTU3021	0	0	0	0	0	0	0	0	0	0	7	0	0	0	0	0	0	0	0	0	0	0	0	0	0	0	0	0	0	0	0	0	0	0	0	0	0	1	0	0	0	0	0	0	0	0	0	0	0	0	0	1	0	0	0	0	1	2	0	0	0	0	0	0	0	0	0	0	0	0	0	34	0	0	1	0	0	0	0	0	0	0	0	0	0	0	0	0	0	0	0	0	2	0	0	0	0	0	0	0	0	0
OTU3022	0	0	0	0	0	0	0	0	0	0	2	0	0	0	0	0	0	0	0	0	0	0	0	0	0	0	0	0	0	0	0	0	0	0	0	0	8	0	0	0	0	0	0	0	0	0	0	0	0	0	0	5	0	0	0	0	0	0	0	0	0	0	0	0	0	0	0	0	0	0	0	0	0	1	0	0	23	0	0	0	0	0	0	0	0	0	0	0	0	0	0	0	0	0	0	0	0	0	0	0	0	0
OTU3023	0	0	0	0	0	0	0	0	0	0	0	0	0	0	0	0	0	0	0	0	0	0	0	0	0	0	0	0	0	0	0	0	0	0	0	0	0	0	0	0	0	0	0	0	0	0	0	0	0	0	0	0	0	0	0	0	0	0	0	0	0	0	0	0	0	0	0	0	0	0	0	0	0	0	0	0	16	0	0	0	0	0	0	0	0	0	0	0	0	0	0	0	0	0	0	0	0	0	0	0	0	0
OTU3024	0	0	0	0	0	0	0	0	0	0	9	0	0	0	0	0	0	0	0	0	0	7	0	0	0	0	0	0	0	0	0	0	0	0	0	0	33	0	0	0	0	0	0	0	0	0	0	0	0	2	0	11	0	0	0	0	0	0	0	2	0	0	0	0	0	0	0	0	0	0	0	0	2	1	0	0	69	1	3	0	0	11	0	0	0	0	0	0	0	0	0	2	0	0	0	1	0	0	0	0	0	0
OTU3025	0	0	0	0	0	0	0	0	0	0	0	0	0	0	0	0	0	0	0	0	0	0	0	0	0	0	0	0	0	0	0	0	0	0	0	0	0	0	0	0	0	0	0	0	0	0	0	0	0	0	0	0	0	0	0	0	0	0	0	0	0	0	0	0	0	0	0	0	0	0	0	0	0	0	0	0	25	0	0	0	0	0	0	0	0	0	0	0	0	0	0	0	0	0	0	0	0	0	0	0	0	0
OTU3026	0	0	0	0	0	0	0	0	0	0	3	0	0	0	0	0	4	0	0	0	0	0	0	0	0	0	0	0	0	0	0	0	0	0	0	0	13	0	0	0	0	0	0	0	0	0	0	0	0	6	0	12	0	0	0	0	0	0	0	0	0	0	0	0	0	0	0	0	0	0	0	0	5	5	0	0	20	1	0	0	0	14	0	0	0	0	0	1	0	0	0	0	0	1	0	1	0	0	0	0	0	0
OTU3027	0	0	0	1	0	0	0	0	0	1	5	0	0	0	0	0	1	0	0	0	0	18	0	0	0	0	2	0	0	0	0	0	1	0	0	0	95	0	0	0	0	4	0	0	0	0	0	0	0	2	0	29	0	0	0	0	0	0	2	9	0	0	0	1	0	0	0	0	0	1	0	1	7	7	0	0	133	2	0	0	0	56	1	0	0	0	0	0	0	0	0	0	0	1	0	1	0	0	0	0	0	0
OTU3028	0	0	0	0	0	0	0	0	0	0	0	0	0	0	0	0	0	0	0	0	0	0	0	0	0	0	0	0	0	0	0	0	0	0	0	0	0	0	0	0	0	0	0	0	0	0	0	0	0	0	0	0	0	0	0	0	0	0	0	0	0	0	0	2	0	0	0	0	0	0	0	0	0	0	0	0	0	12	0	0	0	0	0	0	0	3	15	0	0	0	0	0	0	0	0	0	0	0	0	0	0	0
OTU3029	0	0	0	0	0	0	0	0	0	0	3	0	0	0	0	0	1	0	0	0	0	0	0	0	0	0	0	0	0	1	0	0	0	0	0	0	5	0	0	0	0	0	0	0	3	0	0	0	0	0	0	2	0	0	0	0	0	0	0	0	0	0	0	0	0	0	0	0	0	0	0	0	1	0	0	0	9	1	0	0	0	20	0	0	0	0	0	0	0	0	0	0	0	0	0	0	0	0	0	0	0	0
OTU303	8	2	0	4	0	0	0	1	8	0	0	1	7	7	0	0	0	0	9	0	0	0	0	0	2	1	15	43	70	294	34	3	2	0	0	2	0	3	1	0	47	197	129	64	37	17	34	23	31	70	36	8	28	110	45	67	51	18	27	5	0	2	0	4	37	3	58	134	17	18	31	42	39	296	8	6	6	9	122	3	23	75	61	59	35	6	10	10	5	35	2	22	12	13	0	23	19	1	55	0	34	20
OTU3030	0	0	0	0	0	0	0	0	0	0	0	0	0	0	0	0	0	0	0	0	0	0	0	0	0	0	0	0	0	0	0	0	0	0	0	0	0	0	0	0	0	0	0	0	0	0	0	0	0	0	0	0	0	0	0	0	0	0	0	0	0	0	0	0	0	0	0	0	0	0	0	0	0	0	0	0	0	0	0	0	0	0	1	0	0	0	0	0	0	0	0	0	0	0	0	1	0	0	0	0	13	1
OTU3031	0	0	0	0	0	0	0	0	0	0	0	0	0	0	0	0	0	0	0	0	0	0	0	0	0	0	0	0	0	0	0	0	0	0	0	0	0	0	0	0	0	0	0	0	0	0	0	0	0	0	0	0	0	0	0	0	0	0	0	0	0	0	0	0	0	0	0	0	0	0	0	0	0	0	0	0	0	0	0	0	0	0	0	0	0	0	0	0	0	0	0	0	0	0	0	0	1	0	2	0	3	9
OTU3032	0	0	0	0	0	0	0	0	0	0	0	0	0	0	0	0	0	0	0	0	0	0	0	0	0	0	0	0	0	0	0	0	0	0	0	0	0	0	0	0	0	0	0	0	0	0	0	0	0	0	0	0	0	0	0	0	0	0	0	0	0	0	0	0	0	0	0	0	0	0	0	0	0	0	0	0	0	0	0	0	0	0	0	0	0	0	0	0	0	0	0	0	0	0	0	0	0	0	14	5	4	4
OTU3033	0	0	0	0	0	0	0	0	0	0	0	0	0	0	0	0	0	0	0	0	0	0	0	0	0	0	0	0	0	0	0	0	0	0	0	0	0	0	0	0	0	0	0	0	0	0	0	0	0	0	0	0	0	0	0	0	0	0	0	0	0	0	0	2	0	0	0	0	0	0	0	0	0	0	0	0	0	0	0	0	0	0	0	0	0	0	0	0	0	0	0	0	0	0	0	0	0	0	42	0	0	1
OTU3034	0	0	0	0	0	0	0	0	0	0	0	0	0	0	0	0	0	0	0	0	0	0	0	0	0	0	0	0	0	0	0	0	0	0	0	0	0	0	0	0	0	0	0	0	0	0	0	0	0	0	0	0	0	0	0	0	0	0	0	0	0	0	0	0	0	0	0	0	0	0	0	0	0	0	0	0	0	0	0	0	0	0	0	0	0	0	0	0	0	0	0	0	0	0	0	1	0	0	18	0	2	14
OTU3035	0	0	0	0	0	0	0	0	0	0	0	0	0	0	0	0	0	0	0	0	0	0	0	0	0	0	0	0	0	0	0	0	0	0	0	0	0	0	0	0	0	0	0	0	0	0	0	0	0	0	0	0	0	0	0	0	0	0	0	0	0	0	0	0	0	0	0	0	0	0	0	0	0	0	0	0	0	0	0	0	0	0	0	0	0	0	0	0	0	0	0	0	0	0	0	0	0	0	10	0	7	0
OTU3036	0	0	0	0	0	0	0	0	0	0	0	0	0	0	0	0	0	0	0	0	0	0	0	0	0	0	0	0	0	0	0	0	0	0	0	0	0	0	0	0	0	0	0	0	0	0	0	0	0	0	0	0	0	0	0	0	0	0	0	0	0	0	0	0	1	0	0	0	0	0	0	0	0	0	0	0	0	0	0	0	0	0	0	0	0	0	0	0	0	0	0	0	0	0	0	0	0	0	4	0	15	0
OTU3037	0	0	0	0	0	0	0	0	0	0	0	0	0	0	0	0	0	0	0	0	0	0	0	0	0	0	0	0	0	0	0	0	0	0	0	0	0	0	0	0	0	0	0	0	0	1	0	0	0	0	0	0	0	0	0	0	0	0	0	0	0	0	0	0	0	0	0	0	0	0	0	0	0	0	0	0	0	0	0	0	0	0	0	0	0	0	0	0	0	0	0	0	0	0	0	0	0	0	0	14	0	0
OTU3038	0	0	0	0	0	0	0	0	0	0	0	0	0	0	0	0	0	0	0	0	0	0	0	0	0	0	0	0	0	0	0	0	0	0	0	0	0	0	0	0	0	0	0	0	0	0	0	0	0	0	0	0	0	0	0	0	0	0	0	0	0	0	0	0	0	0	0	0	0	0	0	0	0	0	0	0	0	0	0	0	0	0	0	0	0	0	0	0	0	0	0	0	0	0	0	2	0	0	7	0	32	0
OTU3039	0	0	0	0	0	0	0	0	0	0	0	0	0	0	0	0	0	0	0	0	0	0	0	0	0	0	0	0	0	0	0	0	0	0	0	0	0	0	0	0	0	0	0	0	0	0	0	0	0	0	0	0	0	0	0	0	0	0	0	0	0	0	0	0	0	0	0	0	0	0	0	0	0	0	0	0	0	0	0	0	0	0	0	0	0	0	0	0	0	0	0	0	0	0	0	0	0	0	0	0	0	21
OTU304	0	2	0	2	0	0	0	4	0	0	0	0	11	1	0	0	0	0	0	0	0	0	0	0	0	0	0	5	0	0	0	0	1	0	0	0	1	0	0	0	3	0	2	2	8	2	0	14	3	6	0	8	23	1	0	0	7	9	2	0	24	0	0	1	0	0	2	0	0	1	0	0	317	11	0	0	3	1	3	0	12	39	1915	0	0	0	1	0	0	13	0	10	0	2	1	2	1	0	0	0	0	1
OTU3040	0	0	21	0	0	0	0	0	0	0	0	0	0	0	0	0	0	0	0	0	0	0	0	0	0	0	0	11	0	6	0	0	0	0	0	0	0	0	0	0	0	0	0	0	0	0	0	0	0	0	0	0	2	0	3	0	0	0	1	0	0	0	0	0	0	0	0	0	0	0	0	3	0	6	0	0	0	0	0	0	0	0	0	3	0	0	0	0	0	1	0	0	0	0	0	0	0	0	0	0	0	0
OTU3041	1	0	0	0	0	0	0	0	2	0	0	0	0	0	0	0	0	0	0	0	0	0	0	0	0	0	0	15	0	1	2	0	1	0	0	0	0	0	0	0	1	0	0	0	0	0	0	1	1	2	0	0	6	0	0	0	0	0	0	0	0	0	0	0	0	0	0	0	0	0	0	0	1	2	0	0	0	0	15	0	0	0	0	0	0	0	0	1	0	1	0	0	0	0	0	1	5	0	0	0	0	0
OTU3042	0	0	0	0	0	0	0	0	0	0	0	1	0	0	0	0	0	0	0	0	0	0	0	0	0	0	0	2	0	1	0	0	0	0	0	0	0	0	0	0	1	0	0	0	0	0	0	0	0	0	0	0	0	0	0	0	2	0	1	0	0	0	0	0	0	0	0	0	0	0	0	0	0	1	0	0	0	1	1	0	0	0	0	0	0	0	0	0	0	0	0	0	1	0	0	0	0	0	1	0	0	0
OTU3043	0	2	0	0	0	0	0	0	0	0	0	0	3	0	0	0	0	0	0	0	0	0	0	0	1	0	0	0	0	0	0	0	0	0	0	0	1	5	2	0	0	0	0	1	8	0	0	0	2	1	0	0	2	0	0	0	1	0	0	0	0	0	0	0	0	0	0	7	1	0	2	0	0	0	3	0	0	0	0	5	0	0	0	0	0	0	0	0	8	1	0	0	0	0	0	4	0	0	0	0	0	0
OTU3044	0	0	0	0	0	0	0	0	0	0	0	0	1	0	0	0	0	0	0	0	0	0	0	0	0	0	0	0	0	0	0	0	0	0	0	0	0	0	0	0	0	0	0	0	0	0	0	0	0	0	0	0	0	0	0	0	0	0	0	0	0	0	0	0	0	0	0	0	0	0	0	0	0	2	0	0	0	0	0	7	0	0	0	0	0	0	0	0	0	3	0	0	1	0	0	0	0	0	0	0	0	0
OTU3045	0	0	0	0	0	0	0	0	0	0	0	0	2	0	0	0	0	0	0	0	0	0	0	0	0	0	0	0	0	0	0	0	0	0	0	0	0	0	0	0	0	0	0	0	0	0	0	0	0	0	0	0	0	0	5	6	1	0	0	0	0	0	0	0	0	0	0	0	0	0	0	0	0	0	0	0	0	0	0	0	0	0	0	0	0	0	0	0	0	0	0	0	0	0	0	0	0	0	0	0	0	0
OTU3046	0	0	0	0	0	0	0	0	0	0	0	0	0	1	0	0	0	0	0	0	0	0	0	0	0	0	0	0	0	0	0	0	0	0	0	0	0	0	0	0	0	0	0	0	0	0	0	0	0	0	0	0	0	0	0	0	0	0	0	0	0	0	0	10	0	8	0	0	0	0	0	0	0	0	0	0	0	0	0	0	0	0	0	0	0	3	0	0	0	0	0	0	2	0	0	0	0	5	0	0	0	0
OTU3047	0	0	0	0	0	0	0	0	0	0	0	0	0	1	0	0	0	0	0	0	0	1	0	0	0	0	0	0	0	0	0	0	0	0	0	0	0	4	0	0	0	0	0	0	0	0	0	0	0	0	0	0	0	0	0	0	0	0	0	0	0	0	0	0	0	1	0	2	9	0	0	0	0	0	0	6	0	0	0	0	0	0	0	0	0	0	0	0	0	0	0	0	0	0	0	0	0	0	0	0	0	0
OTU3048	0	0	0	0	0	0	0	0	0	0	0	0	0	1	0	0	0	0	0	0	0	0	0	0	0	0	0	0	0	0	0	0	0	0	0	0	0	0	0	0	0	0	0	0	0	0	0	0	0	0	0	0	0	0	0	0	0	0	0	0	0	0	0	0	0	0	0	0	0	8	7	0	0	0	0	0	0	0	0	0	0	0	0	0	0	0	0	0	0	0	0	0	0	0	0	0	0	0	0	0	0	0
OTU3049	0	0	0	0	0	0	0	0	0	0	0	0	0	7	0	0	0	0	0	0	0	0	0	0	0	0	0	0	0	0	0	0	0	0	0	0	0	0	0	0	0	0	0	0	0	0	0	0	0	0	0	0	0	0	0	0	0	0	0	0	0	0	0	0	0	0	0	0	0	0	0	0	0	0	0	0	0	0	0	0	0	0	0	0	0	0	0	0	0	6	0	0	0	0	0	0	0	0	0	0	0	0
OTU305	0	0	1	0	0	0	3	3	0	0	0	0	0	0	0	0	0	0	1	0	0	3	0	0	0	0	0	0	0	0	0	0	0	0	1	2	0	0	0	0	0	0	0	0	0	0	0	0	0	0	0	0	0	0	0	1	1	58	4	3	2	0	1	2	36	1	66	1661	94	0	0	0	0	0	0	0	0	0	0	0	0	0	0	0	0	0	0	0	0	0	0	0	1	1	0	0	0	4	0	0	1	3
OTU3050	0	0	0	0	0	0	0	0	0	1	0	0	0	0	0	0	0	0	0	0	0	0	0	1	0	0	0	0	0	0	1	0	0	0	0	0	0	0	15	0	0	0	0	0	0	0	8	0	0	0	0	0	0	0	0	0	2	0	0	0	0	0	0	0	0	0	0	0	0	0	0	0	0	0	0	0	0	0	0	0	0	0	0	0	0	4	2	0	0	0	0	0	0	0	0	0	0	0	0	0	0	0
OTU3051	0	0	0	0	0	0	0	0	0	0	0	0	0	0	0	0	0	0	0	0	1	0	0	1	0	0	0	0	0	0	0	0	0	0	0	0	0	0	0	0	0	0	0	0	0	0	0	0	0	0	0	0	0	0	0	0	1	0	0	0	0	0	0	25	0	7	0	0	0	0	0	0	0	0	0	0	0	0	0	0	0	0	0	0	0	4	0	0	0	0	0	0	4	0	0	0	0	6	0	0	0	0
OTU3052	0	0	0	0	0	0	0	0	0	0	0	0	0	0	0	0	0	0	0	0	0	0	0	0	0	0	9	0	0	0	0	0	0	0	0	0	0	0	0	0	0	0	0	0	0	0	0	0	0	0	0	0	0	0	0	0	5	0	0	0	0	0	0	0	0	0	0	0	0	0	0	0	0	0	0	0	0	2	0	0	0	0	0	0	0	0	0	0	0	0	0	0	0	0	0	0	0	0	0	0	0	0
OTU3053	0	0	0	0	0	0	0	0	0	0	0	0	0	0	0	0	0	0	0	0	0	0	0	0	0	0	0	1	0	0	0	0	0	0	0	0	0	0	0	0	0	0	0	0	0	0	0	0	0	0	0	0	0	0	0	0	0	0	0	0	0	0	0	3	0	0	0	0	0	0	0	0	0	0	0	0	0	0	0	0	0	0	0	0	0	1	0	0	0	1	0	0	1	0	0	0	0	6	0	0	0	0
OTU3054	0	0	0	0	0	0	0	0	0	0	0	0	0	1	0	0	0	0	0	0	0	0	0	0	0	0	1	31	1	10	46	0	0	0	1	0	1	1	0	0	1	9	16	5	1	4	29	12	0	0	2	2	2	3	2	0	19	0	3	0	0	0	0	0	0	0	0	0	0	11	0	3	2	2	0	3	2	5	0	0	0	3	2	4	6	0	5	4	0	7	0	0	0	11	0	0	0	0	5	0	0	0
OTU3055	0	0	0	0	0	0	0	0	0	0	0	0	0	0	0	0	0	0	0	0	1	0	0	0	0	0	0	1	0	0	0	0	0	0	1	0	0	0	0	0	0	1	0	0	0	0	0	1	0	0	0	1	0	0	1	1	0	2	4	0	0	0	0	0	0	1	1	1	0	0	0	0	0	0	0	0	0	0	1	0	0	1	0	1	0	0	0	0	0	0	1	0	3	0	0	0	1	0	2	0	0	1
OTU3056	0	0	0	0	0	0	0	0	0	0	0	0	0	0	0	0	0	0	0	0	0	0	0	0	0	0	0	8	1	0	0	0	0	0	0	0	0	0	0	0	0	0	0	0	0	0	0	0	0	0	0	0	0	0	0	0	1	2	0	0	0	0	0	0	0	0	0	0	0	0	0	1	0	0	0	0	0	0	0	0	0	0	2	0	0	0	0	0	0	0	0	0	0	0	0	0	0	0	0	0	0	0
OTU3057	0	0	0	0	0	0	0	0	0	0	0	1	1	0	0	0	0	0	0	0	0	0	0	0	0	0	0	17	0	2	0	0	0	0	0	0	0	0	0	0	0	0	0	7	0	2	0	2	0	0	0	0	0	0	1	0	8	0	2	0	0	0	0	0	0	0	0	0	0	0	0	0	0	0	0	0	0	0	0	0	0	0	0	0	0	0	0	0	0	0	0	0	0	0	0	0	0	0	0	0	0	0
OTU3058	0	0	0	0	0	0	0	0	0	0	0	0	0	0	0	0	0	0	0	0	0	0	0	0	0	0	2	0	12	0	0	0	0	0	0	0	0	0	0	0	0	0	0	0	0	0	0	0	1	0	0	0	0	0	0	0	0	0	1	0	0	0	0	0	0	0	0	0	1	0	0	0	9	1	0	2	0	0	0	0	0	0	0	0	0	0	0	0	0	0	0	1	0	4	0	0	0	0	0	0	0	0
OTU3059	0	0	0	0	0	0	0	0	0	0	0	0	0	0	0	0	0	0	0	0	0	0	1	0	0	0	0	0	3	0	0	0	0	0	0	0	0	13	0	0	0	0	0	0	0	0	0	0	0	0	0	0	0	0	0	0	0	0	0	0	0	0	0	0	0	0	0	0	0	0	0	0	0	0	0	0	0	0	0	0	0	1	1	0	0	0	0	0	0	0	0	0	0	0	0	0	0	0	0	0	0	0
OTU306	2	9	0	8	0	0	0	2	3	0	3	29	32	26	0	0	0	1	0	0	0	1	4	0	0	0	3	45	13	134	6	0	9	1	5	0	105	210	12	0	3	13	1	38	367	133	14	13	19	62	11	3	36	20	186	38	346	25	18	0	0	1	0	0	1	4	9	0	2	15	51	27	14	378	8	12	36	13	10	1	11	4	7	13	2	2	5	17	38	41	70	30	9	8	3	38	642	0	0	0	2	12
OTU3060	0	0	0	0	0	0	0	0	0	0	0	0	0	0	0	0	0	0	0	0	0	0	0	0	0	0	0	0	0	10	0	0	0	0	0	0	0	0	0	0	3	0	0	0	0	0	0	0	0	0	0	0	0	0	0	0	0	0	0	0	0	0	0	0	0	1	0	0	0	0	0	0	0	0	0	0	0	0	0	0	0	0	0	2	0	0	0	0	0	0	0	0	0	0	0	0	0	0	0	0	0	0
OTU3061	0	0	0	0	0	0	0	0	0	0	0	0	2	0	0	0	0	0	0	0	0	0	0	0	0	0	0	0	0	5	0	0	0	0	0	0	0	0	0	0	0	0	0	0	0	0	2	0	0	0	0	0	1	0	0	0	1	0	0	0	0	0	0	0	0	0	0	0	0	0	0	0	0	0	0	0	0	0	0	0	0	0	0	0	0	0	0	0	0	0	0	0	0	0	0	3	3	0	0	0	1	0
OTU3062	0	0	0	0	0	0	0	0	0	0	0	0	0	0	0	0	0	0	0	0	0	0	0	0	0	0	0	0	0	0	13	0	0	0	0	0	0	0	0	0	0	0	0	0	0	0	0	0	0	2	1	0	0	0	0	0	0	0	0	0	0	0	0	0	0	0	0	0	0	0	0	0	0	0	0	0	0	0	0	0	0	0	0	0	0	0	0	0	0	0	0	0	0	0	0	0	0	0	0	0	0	0
OTU3063	0	0	0	0	0	0	0	0	0	0	0	0	0	0	0	0	0	0	0	0	0	0	0	0	0	0	0	0	0	0	1	0	0	0	0	0	0	0	0	0	0	0	0	0	6	0	0	0	0	0	0	0	3	0	0	0	7	1	1	0	0	0	0	0	0	0	0	0	0	0	0	0	0	0	0	0	0	0	0	0	4	0	0	0	0	0	0	0	0	1	0	0	0	1	0	0	0	0	0	0	0	0
OTU3064	0	0	0	0	0	0	0	0	0	0	0	0	0	0	0	0	0	0	0	0	0	0	0	0	0	0	1	0	0	0	7	0	0	0	0	0	0	0	0	0	0	0	0	0	0	0	0	0	0	0	0	0	0	0	0	0	0	0	0	0	0	0	0	0	0	0	0	0	0	0	0	0	0	0	0	0	0	0	0	0	0	0	0	0	0	0	0	0	4	1	0	0	0	3	0	0	0	0	0	0	0	0
OTU3065	0	0	0	0	0	0	0	0	0	0	0	0	0	0	0	0	0	0	0	0	0	0	0	0	0	0	0	0	0	0	0	0	0	2	0	0	0	0	0	0	0	0	1	0	0	0	0	0	0	0	0	3	0	0	1	0	0	0	0	0	0	0	0	0	0	0	3	0	0	0	0	0	0	0	0	0	2	0	0	0	0	0	0	0	0	1	2	0	0	0	0	0	0	0	0	0	0	0	0	8	0	0
OTU3066	0	0	0	0	0	0	0	0	0	0	0	0	0	0	0	0	0	0	0	0	0	0	0	0	0	0	0	1	0	0	0	0	0	19	0	0	0	2	0	0	0	0	0	0	0	0	0	0	0	0	0	0	0	0	0	0	0	0	0	0	0	0	0	2	0	0	0	0	0	0	0	0	0	0	0	0	0	0	0	0	0	0	0	0	0	2	0	0	0	0	0	0	2	0	0	0	0	0	0	0	0	0
OTU3067	0	0	0	0	0	0	0	0	0	0	0	0	0	0	0	0	0	0	0	0	0	0	0	0	0	0	0	0	0	0	0	0	0	8	0	0	0	0	0	0	0	0	0	0	0	0	0	0	0	0	0	0	0	0	0	0	0	0	0	0	0	0	0	1	0	5	0	0	0	0	0	0	0	0	0	0	0	0	0	0	0	0	0	0	0	0	0	0	0	0	0	0	0	0	0	0	0	1	0	0	0	0
OTU3068	0	1	0	0	2	0	0	0	0	0	3	0	0	0	0	0	0	0	0	0	0	0	0	0	0	0	0	0	0	0	0	0	0	0	0	0	28	0	0	0	0	1	0	0	0	0	0	0	0	1	0	13	0	0	0	0	0	0	0	0	0	0	0	0	0	0	0	0	0	0	0	0	3	2	0	0	31	0	2	0	0	32	0	0	0	0	0	1	0	0	0	4	0	0	0	0	1	0	0	0	0	0
OTU3069	0	0	0	0	0	0	0	0	0	0	12	6	0	0	0	0	1	0	1	0	0	0	0	0	0	0	2	0	0	0	0	0	0	0	0	0	42	0	0	0	0	0	0	0	0	0	0	0	0	2	0	13	0	0	0	0	0	0	0	3	0	0	0	0	0	0	0	0	0	0	0	0	0	3	0	0	52	0	0	0	0	41	2	0	0	1	0	0	0	1	0	3	0	0	0	0	0	0	0	0	0	0
OTU307	3	0	0	2	0	0	0	7	0	0	16	0	12	17	2	0	0	0	0	0	0	0	0	9	0	0	0	4	3	540	0	0	0	0	9	0	0	1	398	0	0	0	1	0	0	6	0	1	7	0	0	68	9	181	3	2	31	5	2	0	0	0	0	0	0	0	2	1	0	3	1	569	0	25	0	0	0	8	1	0	5	1	3	0	0	4	0	193	0	26	0	21	0	1	0	2	1	0	0	0	0	0
OTU3070	0	0	0	0	0	0	0	0	0	0	3	0	0	0	0	0	1	0	0	0	0	0	0	0	0	0	0	0	0	0	0	0	0	0	0	0	23	0	0	0	0	0	0	0	0	0	0	0	0	0	0	1	0	0	0	0	0	0	0	0	0	0	0	0	0	0	0	0	0	0	0	0	1	1	0	0	18	2	0	0	0	5	0	0	0	0	0	0	0	0	0	0	0	0	0	0	0	0	0	0	0	0
OTU3071	0	0	1	0	0	0	0	0	0	0	5	0	0	0	0	0	3	0	0	0	0	0	0	0	0	0	1	0	0	0	0	0	0	0	0	0	37	0	2	0	0	0	0	0	0	0	0	0	0	1	0	12	0	0	0	0	0	0	0	0	0	0	0	0	0	0	0	0	0	2	0	0	0	9	0	0	40	4	0	0	0	16	0	0	0	0	0	2	0	0	0	0	0	0	0	2	2	0	0	0	0	0
OTU3072	0	0	0	0	0	0	0	0	0	0	0	0	0	0	0	0	0	0	0	0	0	0	0	0	0	0	0	0	0	0	0	0	0	0	0	0	3	0	0	0	0	0	0	0	0	0	0	0	0	0	0	0	16	0	0	0	1	0	0	0	0	0	0	0	0	0	0	0	0	0	0	0	0	0	0	0	0	0	0	0	0	0	0	0	0	0	0	0	0	0	0	0	0	0	0	0	0	0	0	0	0	0
OTU3073	0	0	0	0	0	0	0	0	0	0	0	0	0	0	0	0	0	0	0	0	0	0	1	0	0	0	0	0	0	0	0	0	0	0	0	0	10	0	0	0	0	0	0	0	0	0	0	0	0	0	0	0	0	7	0	0	0	2	0	0	0	0	0	0	0	0	0	0	0	0	0	0	0	0	0	0	0	0	0	0	0	0	0	0	0	0	0	0	0	0	0	0	0	0	0	0	0	1	0	0	0	0
OTU3074	0	0	0	0	0	0	0	0	0	0	0	0	0	0	0	0	0	0	0	0	0	0	0	0	0	0	0	0	3	0	1	0	0	0	0	0	10	3	0	0	0	1	4	0	0	0	0	0	0	0	0	0	2	0	0	0	0	0	0	0	0	0	0	0	0	0	0	0	0	0	6	0	0	0	0	0	4	0	0	0	0	0	0	0	0	0	0	0	3	1	0	0	0	1	0	0	0	0	0	0	0	0
OTU3075	2	0	0	3	0	0	0	0	0	0	3	0	19	21	0	0	0	0	0	0	0	0	0	0	0	0	1	14	0	0	0	0	0	0	0	0	2	20	3	0	0	0	0	0	2	1	0	0	81	1	0	0	331	378	1	1	32	32	6	0	0	0	0	0	0	0	3	2	0	1	0	3	1	29	0	0	11	19	0	0	11	1	1	0	1	2	2	135	1	18	60	10	7	1	0	0	1	0	0	0	0	0
OTU3076	0	0	0	0	0	0	0	0	0	0	0	0	0	0	0	0	0	0	0	0	0	0	0	0	0	0	0	0	0	0	0	0	0	0	0	0	0	10	0	0	0	0	0	0	0	0	0	0	0	0	0	0	1	0	1	0	1	0	2	0	0	0	0	0	0	0	0	0	0	4	0	0	0	0	0	0	0	2	0	0	0	0	0	0	0	0	8	0	0	0	0	0	0	8	0	0	0	0	0	0	0	0
OTU3077	0	0	0	0	0	0	0	0	0	0	0	0	0	0	0	0	0	0	0	0	0	0	0	0	0	0	0	0	0	0	0	0	0	0	0	0	0	0	0	0	0	2	0	0	0	0	0	0	0	2	5	0	1	0	0	0	0	0	0	0	0	0	0	0	0	0	0	0	0	0	3	0	0	0	0	0	0	0	0	0	0	0	0	0	0	0	0	0	0	5	0	0	0	0	0	0	0	0	0	0	0	0
OTU3078	0	0	0	0	0	0	0	0	0	0	0	0	0	0	0	0	0	0	0	0	0	0	0	0	0	0	0	0	0	0	0	0	0	0	0	0	0	0	0	0	0	0	0	13	0	0	0	0	0	0	0	0	0	0	0	0	0	0	0	0	0	0	0	0	0	0	0	0	0	0	0	0	0	0	0	0	0	0	0	0	0	0	0	0	0	0	0	0	0	0	0	0	0	0	0	0	0	0	0	0	0	0
OTU3079	0	0	0	0	0	0	0	0	0	0	0	0	0	0	0	0	0	0	0	0	0	0	0	0	0	0	0	0	0	0	0	0	0	0	0	0	0	0	0	0	0	0	0	8	10	0	0	0	0	0	0	0	0	0	0	0	0	0	5	0	0	0	0	0	0	0	0	0	0	0	0	0	0	0	0	0	0	0	0	0	0	0	0	0	0	0	0	0	0	0	0	0	0	0	0	0	0	0	0	0	0	0
OTU308	0	0	0	0	0	0	9	0	0	0	0	3	0	0	0	0	0	0	0	0	3	6	1	1	6	0	0	0	0	0	0	0	3	4	0	4	0	0	0	0	0	0	0	0	0	0	0	0	0	2	0	2	0	0	11	0	59	9	12	0	1	0	0	2	354	1	2001	204	189	0	0	2	0	0	0	0	0	0	0	0	0	5	0	0	0	1	0	0	0	0	0	0	1	0	0	2	0	1	0	0	47	6
OTU3080	0	0	0	0	0	0	0	0	0	0	0	0	0	0	0	0	0	0	0	0	0	0	0	0	0	0	0	0	0	0	0	0	0	0	0	0	0	0	0	0	0	0	0	0	15	0	0	3	0	0	0	0	0	0	0	0	3	1	0	0	0	0	0	0	0	0	0	0	0	0	0	0	0	0	0	0	0	0	0	0	0	0	0	5	1	0	0	0	0	0	0	0	0	0	0	0	1	0	0	0	0	0
OTU3081	0	0	0	0	0	0	0	0	0	0	0	0	4	0	0	0	0	0	0	0	0	0	0	0	0	0	0	0	0	0	0	0	0	0	0	0	0	0	0	0	0	0	0	0	5	2	4	0	0	0	0	1	0	0	0	0	0	0	0	0	0	0	0	0	0	0	0	0	0	0	0	0	0	2	0	0	0	0	0	0	0	0	0	0	0	0	0	0	0	1	0	0	0	0	1	4	8	0	0	0	0	1
OTU3082	0	0	0	0	0	0	0	0	0	0	0	0	0	0	0	0	0	0	0	0	0	0	0	0	0	0	0	0	0	0	0	0	0	0	0	0	0	0	0	0	0	0	0	0	33	0	0	0	0	0	0	0	1	0	0	1	0	0	0	0	0	0	0	1	0	2	0	0	0	0	0	0	0	1	0	0	0	0	3	0	0	0	0	0	0	0	1	0	0	0	0	0	2	0	0	0	0	3	0	0	0	0
OTU3083	0	0	0	0	0	0	0	0	0	0	0	0	0	0	0	0	0	0	0	0	0	0	0	0	0	0	0	0	0	0	0	0	0	0	0	0	0	0	0	0	0	0	0	0	5	0	0	0	0	0	0	0	0	0	0	0	6	0	0	0	0	0	0	0	0	0	0	0	0	0	0	0	0	0	1	0	0	0	0	0	0	0	0	0	0	0	0	0	0	0	0	0	0	0	0	0	0	0	0	0	0	0
OTU3084	0	0	0	0	0	0	0	0	0	0	0	0	0	0	0	0	0	0	0	0	0	0	0	0	0	0	0	0	0	0	0	0	0	0	0	0	0	0	0	0	0	0	0	0	3	0	0	0	0	0	0	0	0	0	0	0	3	0	0	0	0	0	0	0	0	0	0	0	0	0	0	0	0	0	0	0	0	0	0	0	0	0	0	0	0	0	0	0	0	0	0	0	0	1	0	0	12	0	0	0	0	0
OTU3085	0	0	0	0	0	0	0	0	0	0	0	0	0	0	0	0	0	0	0	0	0	0	0	0	0	0	0	0	0	0	0	0	0	0	0	0	0	0	0	0	0	0	0	0	0	2	0	1	0	0	0	0	0	0	0	1	0	0	0	0	0	0	0	0	0	0	0	0	0	0	0	4	0	0	0	0	0	0	0	0	0	13	0	0	0	0	0	0	0	0	0	0	0	0	0	0	0	0	0	0	0	0
OTU3086	0	0	0	0	0	0	0	0	0	0	0	0	0	0	0	0	0	0	0	0	0	0	0	0	0	0	0	0	0	0	0	0	0	0	0	0	0	0	0	0	0	0	0	0	0	4	0	0	0	0	0	0	0	0	0	9	0	0	0	0	0	0	0	0	0	0	0	0	0	0	0	0	0	0	0	0	0	0	0	0	0	11	0	0	0	0	0	0	0	0	0	0	0	0	0	0	0	0	0	0	0	0
OTU3087	0	0	0	0	0	0	0	0	0	0	0	0	0	0	0	0	0	0	0	0	0	0	0	0	0	0	0	0	0	1	0	0	0	0	0	0	0	0	0	0	0	0	0	0	0	1	0	0	0	0	0	4	10	3	0	0	1	2	0	0	0	0	0	0	0	0	0	0	0	4	0	4	0	6	0	0	0	0	0	0	0	0	0	0	1	1	0	0	0	0	0	0	0	0	0	0	0	0	0	0	0	0
OTU3088	0	0	0	0	0	0	0	0	0	0	1	0	0	0	0	0	0	0	0	0	0	0	0	0	0	0	0	0	0	0	0	0	0	0	0	0	0	0	0	0	0	0	0	0	0	0	0	2	0	0	0	0	0	0	0	0	3	1	8	0	1	0	0	0	0	0	0	0	0	0	0	0	0	0	0	0	0	0	0	0	0	0	7	0	0	0	0	0	0	0	0	0	0	0	0	0	0	0	0	0	0	0
OTU3089	0	0	0	0	0	0	0	0	0	0	0	0	0	0	0	0	0	0	0	0	0	0	0	0	0	0	0	0	0	0	0	0	0	0	0	0	0	0	0	0	0	0	0	0	0	0	0	2	0	9	0	0	0	0	0	0	0	0	9	0	0	0	0	0	0	0	0	0	2	0	0	0	0	0	0	0	0	0	0	0	0	0	0	0	0	0	0	0	0	0	0	0	0	3	0	0	0	0	0	0	0	0
OTU309	3	2	0	2	2	0	0	0	0	0	0	3	17	27	0	0	0	0	0	0	0	0	0	0	0	0	8	26	1	18	4	0	0	1	0	1	4	3	1	0	4	0	0	0	17	7	2	16	0	4	2	7	40	6	71	23	68	357	608	0	0	0	0	3	1	0	0	8	21	5	0	3	10	40	20	1	0	2	1	1	10	0	6	5	14	2	0	37	6	45	0	7	82	150	76	122	307	0	1	5	5	13
OTU3090	0	0	0	0	0	0	0	0	0	0	0	0	0	0	0	0	0	0	0	0	5	0	0	0	0	0	0	0	0	0	0	0	0	4	0	0	0	1	0	0	0	0	0	0	0	0	0	0	1	0	0	2	0	1	0	1	0	0	1	0	2	0	0	16	0	4	0	0	0	0	0	0	0	0	0	0	0	0	0	0	0	0	0	0	3	5	0	0	0	0	0	0	11	0	0	1	0	17	0	0	0	0
OTU3091	0	0	0	0	0	0	0	0	0	0	0	0	0	0	0	0	0	0	0	0	0	0	0	0	0	0	0	0	0	0	0	0	0	0	0	0	0	0	0	0	0	0	0	0	0	0	0	0	8	0	4	0	4	0	0	0	1	5	0	0	0	0	0	0	0	0	0	0	0	2	0	0	0	9	8	0	0	0	0	0	1	0	0	0	0	0	0	0	0	0	18	0	0	0	0	0	0	0	0	0	0	0
OTU3092	0	0	0	0	0	0	0	0	0	0	0	0	0	0	0	0	0	0	0	0	0	0	0	0	0	0	0	0	0	0	0	0	0	0	0	0	0	0	0	0	0	0	0	0	0	0	0	0	0	23	2	0	0	0	0	0	0	0	0	0	0	0	0	0	0	0	0	0	0	0	0	0	0	0	0	0	0	0	10	0	0	0	0	0	0	0	0	0	0	0	0	3	0	0	0	0	0	0	0	0	0	0
OTU3093	0	0	0	0	0	0	0	0	0	0	0	0	0	0	0	0	0	0	0	0	0	0	0	0	0	0	0	0	0	0	0	0	0	0	0	0	0	0	0	0	0	5	0	0	2	1	0	0	0	3	0	0	0	0	0	0	0	0	0	0	0	0	0	2	0	1	0	0	0	0	0	0	0	2	0	0	0	0	0	0	0	1	0	0	0	0	0	5	0	0	0	0	0	0	0	0	1	0	0	0	0	0
OTU3094	0	0	0	0	0	0	0	0	0	0	0	0	0	0	0	0	0	0	0	0	0	0	0	0	0	0	0	0	0	0	0	0	0	0	0	0	0	0	0	0	0	0	0	0	0	0	0	0	0	0	1	0	0	0	0	0	0	0	0	0	0	0	0	2	0	7	0	0	0	0	0	0	0	0	0	0	0	0	0	0	0	0	0	0	0	1	0	0	0	0	0	0	0	0	0	0	0	2	0	0	0	0
OTU3095	0	0	0	0	0	0	0	0	0	0	0	0	0	0	0	0	0	0	0	0	0	0	0	0	0	0	0	0	0	0	0	0	0	0	0	0	0	0	0	0	0	0	0	0	0	0	0	0	0	0	10	0	0	0	0	0	2	0	0	0	0	0	0	0	0	0	0	0	0	0	0	0	0	0	0	0	0	0	0	0	0	0	0	0	0	0	0	0	0	0	0	0	0	0	0	0	0	0	0	0	0	0
OTU3096	0	0	0	0	0	0	0	0	0	0	0	0	0	0	0	0	0	0	0	0	0	0	0	0	0	0	0	0	0	0	0	0	0	0	0	0	0	0	0	0	0	0	0	0	0	0	0	0	0	0	0	4	0	0	0	0	0	0	0	0	0	0	0	0	0	0	0	0	0	0	0	0	0	0	0	1	0	0	8	0	0	0	0	0	0	0	0	0	3	0	5	0	2	0	0	1	0	0	0	0	0	0
OTU3097	0	0	0	0	0	0	0	0	0	0	0	1	0	0	0	0	0	0	0	0	0	0	0	0	0	0	0	0	0	0	2	0	0	0	0	0	0	0	0	0	1	0	0	0	0	0	2	0	3	2	0	1	9	0	1	0	4	2	0	0	0	0	0	0	0	0	0	0	0	54	0	32	0	1	31	0	0	0	0	0	2	0	0	0	0	0	0	0	0	0	0	0	1	4	0	0	4	0	0	0	0	0
OTU3098	0	0	0	0	0	0	0	0	0	0	0	0	0	0	0	0	0	0	0	0	0	0	0	0	0	0	0	8	0	0	0	0	0	0	2	0	0	0	0	0	0	0	0	0	0	0	0	0	0	0	0	0	1	0	0	0	0	0	0	0	0	0	0	0	0	0	0	0	0	0	0	0	0	1	1	0	0	1	0	0	0	0	0	0	0	0	0	0	10	0	0	0	0	0	0	0	0	0	0	0	0	0
OTU3099	0	0	0	0	0	0	0	0	0	0	0	0	0	0	0	0	0	0	0	0	0	0	0	0	0	0	0	0	0	0	0	0	0	0	0	0	0	0	0	0	0	0	0	0	0	0	0	0	0	0	0	0	1	0	3	6	0	0	0	0	0	0	0	0	0	0	0	0	0	0	0	0	0	0	0	0	0	0	0	0	0	0	0	0	6	1	0	0	0	0	0	0	0	0	0	0	0	0	0	0	0	0
OTU31	23	50	0	32	2	2	12	8	80	120	102	35	182	192	2	0	4	121	12	0	14	78	33	33	12	16	273	1119	5247	322	257	4	6	13	118	4	3777	1251	1132	1	527	847	288	34	82	608	611	74	148	968	725	106	873	37	105	95	1023	164	109	8	4	8	0	10	981	7	460	220	590	1870	1333	511	59	469	199	327	2841	2010	327	707	313	248	286	519	94	73	1629	6287	2883	340	66	189	66	165	60	146	171	13	3	0	11	4
OTU310	0	0	0	0	0	0	0	0	0	0	2	3	6	11	0	2	0	0	0	0	0	0	0	3	0	0	13	24	4	18	6	3	0	0	0	2	3	0	15	0	0	0	7	22	4	161	6	46	10	157	1	5	158	14	359	21	131	57	12	2	0	0	0	5	5	1	2	1	1	17	0	25	76	117	2	1	0	0	0	0	16	54	17	61	41	11	5	1	17	19	4	12	16	596	122	30	7	9	37	1	2	28
OTU3100	0	0	0	0	0	0	0	0	0	0	0	0	0	0	0	0	0	0	0	0	0	0	0	0	0	0	0	0	0	0	0	0	0	0	0	0	0	0	0	0	0	0	0	0	0	0	0	0	0	0	0	0	0	0	2	0	8	1	0	0	0	0	0	0	0	0	0	0	0	8	0	0	0	1	4	0	0	0	0	0	0	0	0	3	0	0	0	0	0	0	0	0	0	0	0	0	1	0	0	0	0	0
OTU3101	0	0	0	0	0	0	0	0	0	0	0	0	0	0	0	0	0	0	0	0	0	0	0	0	0	0	0	0	0	0	0	0	0	0	0	0	0	0	0	0	0	0	0	0	0	0	0	0	0	0	0	0	0	0	0	0	3	1	0	0	0	0	0	8	0	1	0	0	0	0	0	0	0	0	0	0	0	0	0	0	0	0	0	9	0	0	0	0	0	0	0	0	0	0	0	0	0	4	0	0	0	0
OTU3102	0	0	0	0	0	0	0	0	0	0	0	0	0	0	0	0	0	0	0	0	0	0	0	0	0	0	0	0	0	0	0	0	0	0	0	0	0	0	0	0	1	0	0	0	0	0	0	0	0	0	0	0	2	1	0	0	1	4	0	0	0	0	0	0	0	0	0	0	0	0	0	0	0	3	0	0	0	0	19	0	24	0	0	0	0	0	0	0	0	1	0	0	0	0	0	0	0	0	0	0	0	0
OTU3103	0	0	0	0	0	0	0	0	0	0	0	0	0	0	0	0	0	0	0	0	0	1	0	0	0	0	0	0	0	0	0	0	0	0	0	0	0	0	0	0	0	0	0	0	0	0	0	0	0	0	0	0	0	0	0	0	0	0	1	0	0	0	0	0	0	0	0	2	14	0	0	0	0	0	0	0	0	0	0	0	0	0	0	0	0	0	0	0	0	0	0	0	0	0	0	0	0	0	0	0	0	0
OTU3104	0	0	0	0	0	0	0	0	0	0	0	0	0	0	0	0	0	0	0	0	0	0	0	0	0	0	0	0	0	0	0	0	0	0	0	0	0	0	0	0	0	0	0	0	0	0	0	0	0	0	0	0	0	0	0	0	0	0	8	0	0	0	0	0	0	0	0	0	0	0	0	0	0	0	13	0	0	0	0	0	0	0	0	0	0	0	0	0	0	0	0	0	0	0	0	0	0	0	0	0	0	0
OTU3105	0	0	0	0	0	0	0	0	0	0	0	0	0	0	0	0	0	0	0	0	0	15	0	0	0	0	2	0	0	0	0	0	0	2	0	0	13	0	0	0	0	0	0	0	0	0	0	0	0	0	0	2	0	0	0	0	0	0	0	22	0	0	0	0	0	0	0	0	0	0	0	0	0	0	0	0	7	0	0	0	0	2	0	0	0	0	0	4	0	0	0	2	0	0	0	0	0	1	0	0	0	0
OTU3106	0	0	0	0	0	0	0	0	0	0	6	0	0	0	0	0	1	0	0	0	0	24	0	0	0	0	0	0	0	0	0	0	1	0	0	0	24	0	0	0	0	0	0	0	0	0	0	0	0	1	0	9	0	0	0	0	0	0	0	26	0	0	0	0	0	0	0	0	0	0	0	0	1	3	0	0	52	0	0	0	0	22	0	0	0	0	0	1	0	0	0	1	0	0	0	4	0	0	0	0	0	0
OTU3107	0	0	0	0	0	0	0	0	0	0	0	0	0	0	0	0	0	0	0	0	0	0	0	0	0	0	0	0	0	0	0	0	0	0	0	0	0	0	0	0	0	0	0	0	0	0	0	0	0	0	0	0	0	0	0	0	0	0	0	0	0	1	0	1	0	0	0	0	0	0	0	0	1	0	0	0	0	0	0	0	0	0	2	1	0	3	0	0	0	0	0	0	3	0	0	0	0	0	0	0	0	5
OTU3108	0	0	0	0	0	0	0	0	0	0	0	0	0	0	0	0	0	0	0	0	0	0	0	0	0	0	0	0	0	0	0	0	0	0	0	0	0	0	0	0	0	0	0	0	0	0	0	0	0	0	0	0	0	0	0	0	0	0	0	0	0	0	0	12	0	8	0	0	0	0	0	0	0	0	0	0	0	0	0	0	0	0	0	0	0	2	0	0	0	1	0	0	1	0	0	0	0	2	0	0	0	0
OTU3109	0	1	0	0	0	0	0	0	0	0	0	0	0	0	0	0	0	0	0	0	0	0	0	0	0	0	0	0	0	0	0	0	0	0	0	0	0	0	0	0	0	0	0	0	0	0	0	0	0	0	0	0	0	0	0	0	0	0	0	0	0	0	0	6	0	4	0	0	0	0	0	0	0	0	0	0	0	0	0	0	0	0	0	0	0	5	0	0	0	0	0	0	2	0	0	0	0	9	0	0	0	0
OTU311	0	2	0	1	0	0	0	0	0	0	0	4	17	15	0	0	0	0	0	0	0	0	0	0	0	0	19	45	30	39	75	0	0	8	3	0	2	1	1	0	1	1	0	36	0	439	7	34	1	0	0	2	9	0	4	95	94	10	4	0	25	0	0	1	0	0	0	0	0	0	0	126	2	13	0	0	3	2	2	0	24	54	1197	10	5	0	0	0	7	10	6	0	4	13	15	61	24	0	0	0	6	0
OTU3110	0	0	0	0	0	0	0	0	0	0	0	0	0	0	0	0	0	0	0	0	0	0	0	0	0	0	0	0	0	0	0	0	0	0	0	0	0	0	0	0	0	0	0	0	0	0	0	0	0	0	0	0	0	0	0	0	0	0	0	0	0	0	0	4	0	7	0	0	0	0	0	0	0	0	0	0	0	0	0	0	0	0	0	0	0	3	0	0	0	0	0	0	2	0	0	0	0	4	0	0	0	0
OTU3111	0	0	0	0	0	0	0	0	0	0	2	0	0	1	0	0	0	0	0	0	0	0	0	0	0	0	0	0	0	0	0	0	0	0	0	0	0	0	0	0	0	0	0	0	0	0	0	0	0	0	0	0	0	0	0	0	0	1	0	0	0	0	0	10	0	3	2	0	4	0	0	0	0	0	0	0	0	0	0	0	0	0	0	0	0	2	0	0	0	2	0	0	3	0	1	0	0	9	0	0	0	0
OTU3112	0	0	0	0	0	0	0	0	0	0	2	0	0	0	0	0	0	0	0	0	0	0	0	0	0	0	0	0	0	0	0	0	0	0	0	0	0	0	0	0	0	0	0	0	0	0	0	0	0	0	0	0	4	0	0	0	0	0	0	0	0	0	0	22	0	2	0	0	0	0	0	0	0	0	0	0	0	0	0	0	0	0	0	0	0	4	0	0	0	0	0	0	0	0	0	0	0	14	0	0	0	0
OTU3113	0	0	0	0	0	0	0	0	0	0	2	0	0	0	0	0	0	0	0	0	0	0	0	0	0	0	0	0	0	0	0	0	0	0	0	0	0	0	0	0	0	0	0	0	0	0	0	0	0	0	0	0	0	0	0	0	0	0	0	0	0	0	0	14	0	6	0	0	0	0	0	0	0	0	0	0	0	0	0	0	0	0	0	0	0	1	0	0	0	0	0	0	0	0	0	0	0	9	0	0	0	0
OTU3114	0	0	0	0	0	0	0	0	0	0	0	0	0	0	0	0	0	0	0	0	0	0	0	0	0	0	0	0	0	0	0	0	0	0	0	0	0	0	0	0	0	0	0	0	0	0	0	0	0	0	0	2	0	0	0	0	0	0	0	0	0	0	0	13	0	4	0	0	0	0	0	0	0	0	0	0	0	0	0	0	0	0	0	0	0	2	0	0	0	0	0	0	3	0	0	0	0	4	0	0	0	0
OTU3115	0	0	0	0	0	0	0	0	0	0	0	0	1	0	0	0	0	0	0	0	0	0	0	0	0	0	0	0	0	0	0	0	0	0	0	0	0	0	0	0	0	0	0	0	0	0	0	0	0	0	0	0	0	0	0	0	0	0	0	0	0	0	0	9	0	0	0	0	0	0	0	0	0	0	0	0	0	0	0	0	0	0	0	0	0	4	0	0	0	0	0	0	4	0	0	0	0	9	0	0	0	0
OTU3116	0	0	0	0	0	0	0	1	0	0	0	0	0	4	0	0	0	0	0	0	0	0	0	0	0	0	0	0	0	0	0	0	2	0	0	0	0	0	0	0	0	0	0	0	0	0	0	0	0	0	0	0	0	0	0	0	0	0	0	0	0	0	0	24	0	4	0	0	1	0	0	0	0	0	0	0	0	0	0	0	0	0	0	0	0	3	0	0	0	0	0	0	6	0	0	0	0	6	0	0	0	0
OTU3117	0	0	0	0	0	0	0	0	0	0	0	0	0	0	0	0	0	0	0	0	0	0	0	0	0	0	0	0	0	0	0	0	0	0	0	0	0	0	0	0	0	0	0	0	0	0	0	0	0	0	0	0	0	0	0	0	1	0	0	0	0	0	0	10	0	1	0	0	0	0	0	0	0	0	0	0	0	0	0	0	0	0	0	0	0	3	0	0	0	0	0	0	2	0	0	0	0	6	0	0	0	0
OTU3118	0	0	0	0	0	0	0	1	0	0	0	0	0	0	0	0	0	0	0	0	0	0	0	0	0	0	0	0	0	0	0	0	0	2	0	0	0	0	0	0	0	0	0	0	0	0	0	0	0	0	0	0	0	0	0	0	0	0	0	0	0	0	0	12	0	14	0	0	0	0	0	0	0	0	0	0	0	0	0	0	0	0	0	0	0	5	0	0	0	0	0	0	1	0	0	0	0	6	0	0	0	0
OTU3119	0	0	0	0	0	0	0	0	0	0	0	0	0	0	0	0	0	0	0	0	0	0	0	0	0	0	0	0	0	0	0	0	0	0	0	0	0	0	0	0	0	0	0	0	0	0	0	0	0	0	0	0	0	0	0	0	0	0	0	0	0	0	0	11	0	1	0	0	0	0	0	0	0	0	0	0	0	0	0	0	0	0	0	0	0	1	0	0	0	3	0	0	6	0	0	0	0	3	0	0	0	0
OTU312	0	2	0	0	0	0	0	0	0	0	0	1	7	6	0	0	0	0	0	0	0	0	1	0	0	0	1	6	2	1935	0	0	0	0	0	0	2	1	0	0	0	1	8	5	1	0	1	0	2	0	4	0	2	0	1	0	19	1	3	0	0	0	0	1	0	0	0	1	1	3	0	0	0	54	0	0	0	12	0	0	3	3	21	0	1	4	0	3	4	8	0	3	0	2	1	2	4	0	0	0	0	0
OTU3120	0	0	0	0	0	0	0	0	0	0	1	0	2	0	0	0	0	0	0	0	0	1	0	0	0	0	0	0	0	0	0	0	0	0	0	0	0	0	0	0	0	0	0	0	0	0	0	0	0	0	0	0	0	0	0	1	0	0	0	0	0	0	0	36	0	8	0	0	1	0	0	0	0	0	0	4	0	0	0	0	0	0	0	0	0	5	0	0	0	0	0	0	9	0	0	0	0	6	0	0	0	0
OTU3121	0	0	0	0	0	0	0	0	0	0	0	0	0	0	0	0	0	0	0	0	0	0	0	0	0	0	0	0	0	0	0	0	0	0	0	0	0	0	0	0	0	0	0	0	0	0	0	0	0	0	0	0	1	0	0	0	0	0	0	0	0	0	0	11	0	1	0	0	0	0	0	0	0	0	0	0	0	0	0	0	0	0	0	0	0	2	0	0	0	0	0	0	0	0	0	0	0	7	0	0	0	0
OTU3122	0	0	0	0	0	0	0	0	0	0	0	0	0	0	0	0	0	0	0	0	0	0	0	0	0	0	0	0	0	0	0	0	0	0	0	0	0	0	0	0	0	0	0	0	0	0	0	0	0	0	0	0	0	0	0	0	0	0	0	0	0	0	0	6	0	6	0	0	0	0	0	0	0	0	0	0	0	0	0	0	0	0	0	0	0	6	0	0	0	2	0	0	1	0	0	0	0	5	0	0	0	0
OTU3123	0	0	0	0	0	0	0	0	0	0	0	0	0	0	0	0	0	0	0	0	0	0	0	0	0	0	0	0	0	0	0	0	0	0	0	0	0	0	0	0	0	0	0	0	0	0	0	0	0	0	0	0	0	0	0	0	0	0	0	0	0	0	0	4	0	0	0	0	0	0	0	0	0	0	0	0	0	0	0	0	0	0	0	0	0	7	0	0	0	0	0	0	1	0	0	0	0	6	0	0	0	0
OTU3124	0	0	0	0	0	0	0	0	0	0	3	0	0	0	0	0	0	0	0	0	0	0	0	0	0	0	0	0	0	0	0	0	0	0	0	0	0	0	0	0	0	0	0	0	0	0	0	0	0	0	0	0	2	0	0	1	0	0	0	0	0	0	0	9	0	0	0	0	0	0	0	0	0	0	0	0	0	0	0	0	0	0	0	0	0	2	0	0	0	0	0	0	0	0	0	0	0	0	0	0	0	0
OTU3125	0	0	0	0	0	0	0	0	0	0	1	0	0	0	0	0	0	0	0	0	0	0	0	0	0	0	0	0	0	0	0	0	0	0	0	0	0	0	0	0	0	0	0	0	0	0	0	0	0	0	0	0	0	0	0	0	1	0	0	0	1	0	0	16	0	4	0	0	0	0	0	0	0	0	0	0	0	0	0	0	2	0	0	0	0	4	0	0	0	0	0	0	5	0	0	0	0	3	0	0	0	0
OTU3126	0	0	0	0	0	0	0	0	0	0	0	0	0	0	0	0	0	0	0	0	0	2	0	0	0	0	0	0	0	0	0	0	0	0	0	0	0	0	0	0	0	0	0	0	0	0	0	0	0	0	0	0	0	0	0	0	0	0	0	0	2	0	0	0	11	0	16	1	0	0	0	0	0	0	0	0	0	0	0	0	0	0	0	0	0	0	0	0	0	0	0	0	0	0	0	0	0	0	0	0	0	14
OTU3127	0	0	0	0	0	0	0	0	0	0	0	0	0	0	0	0	0	0	0	0	0	0	0	0	0	0	0	0	0	0	0	0	0	0	0	0	0	0	0	0	0	0	0	0	0	0	0	0	0	0	0	0	0	0	0	0	0	0	0	0	0	0	0	0	17	0	1	0	0	0	0	0	0	0	0	0	0	0	0	0	0	0	0	0	0	0	0	0	0	0	0	0	0	1	0	0	0	0	0	0	0	0
OTU3128	0	0	0	0	0	0	0	0	0	0	0	0	0	0	0	0	0	0	0	0	0	0	0	0	0	0	0	0	0	0	0	0	0	0	0	0	0	0	0	0	0	0	0	0	0	0	0	0	0	0	0	0	0	0	0	0	0	0	0	0	0	0	0	0	14	0	0	0	4	0	0	0	0	0	0	0	0	0	0	0	0	0	0	0	0	0	0	0	0	0	0	0	0	0	0	0	0	0	0	0	0	0
OTU3129	0	0	0	0	0	0	0	0	0	0	0	0	0	0	0	0	0	0	0	0	0	0	0	0	0	0	0	0	0	0	0	0	0	0	0	0	0	0	0	0	0	0	0	0	0	0	0	0	0	0	0	0	0	0	0	0	0	1	0	0	0	0	0	0	2	0	16	3	0	0	0	0	0	0	0	0	0	0	0	0	0	0	0	0	0	0	0	0	0	0	0	0	0	0	0	0	0	0	2	0	0	0
OTU313	0	1	0	2	0	0	4	3	2	0	3	12	8	24	0	0	0	0	0	0	0	3	1	0	0	1	8	24	27	7	76	3	0	0	3	0	26	143	40	0	1	11	19	4	20	1	6	0	0	38	601	11	59	11	14	4	237	14	6	0	0	0	0	3	1	6	4	14	3	43	6	66	45	38	6	39	119	11	13	44	114	1	2	8	0	5	3	0	36	8	1	1	0	28	3	14	1	4	15	15	3	0
OTU3130	0	0	0	0	0	0	0	0	0	0	0	0	0	0	0	0	0	0	0	0	0	0	0	0	0	0	0	0	0	0	0	0	0	0	0	0	0	0	0	0	0	0	0	0	0	0	0	0	0	0	0	0	0	0	0	0	0	0	0	0	0	0	0	1	0	4	0	0	0	0	0	0	0	2	0	0	0	0	0	0	0	0	0	0	0	0	0	0	0	0	0	0	5	0	0	0	0	3	0	0	0	0
OTU3131	0	0	1	0	0	0	0	0	0	0	0	0	0	0	0	0	0	0	0	0	0	0	0	0	0	0	0	0	0	0	0	0	0	0	0	0	0	0	0	0	0	0	0	0	0	0	0	0	0	0	0	0	0	0	0	0	0	0	0	0	0	0	0	8	0	5	0	0	0	0	0	0	0	0	0	0	0	0	0	0	0	0	0	0	0	3	0	0	5	0	0	0	0	0	0	0	0	7	0	0	1	0
OTU3132	0	0	0	0	0	0	0	0	0	0	0	0	0	0	0	0	0	0	0	0	0	0	0	0	0	0	0	0	0	0	0	0	0	0	0	0	0	0	0	0	0	0	0	0	0	0	0	0	0	0	0	0	0	0	0	0	0	2	0	0	0	0	0	0	8	0	24	31	2	0	0	0	0	0	0	0	0	0	0	0	0	0	0	0	0	0	0	0	0	0	0	0	0	0	2	0	1	0	2	0	5	5
OTU3133	0	0	0	0	0	0	0	0	0	0	0	0	0	0	0	0	0	0	0	0	0	0	0	0	0	0	0	0	0	0	0	0	0	0	0	0	0	0	0	0	0	0	0	0	0	0	0	0	0	0	0	0	0	0	0	0	0	0	0	0	0	0	0	0	0	0	10	0	0	0	0	0	0	0	0	0	0	0	0	0	0	0	0	0	0	0	0	0	0	0	0	0	0	0	0	0	0	0	0	0	0	0
OTU3134	0	0	0	0	0	0	0	0	0	0	0	0	0	0	0	0	0	0	0	0	0	0	0	0	0	0	0	0	0	0	0	0	0	0	0	0	0	0	0	0	0	0	0	0	0	0	0	0	0	0	0	0	0	0	0	0	0	0	0	0	0	0	0	0	0	0	15	0	0	0	0	0	0	0	0	0	0	0	0	0	0	0	0	0	0	0	0	0	0	0	0	0	0	0	0	0	0	0	0	0	0	0
OTU3135	0	0	0	0	0	0	0	0	0	0	0	0	0	0	0	0	0	0	0	0	0	0	0	0	0	0	0	0	0	0	0	0	0	0	0	0	0	0	0	0	0	0	0	0	0	0	0	0	0	0	0	0	0	0	0	0	0	0	0	0	0	0	0	0	0	0	12	0	0	0	0	0	0	0	0	0	0	0	0	0	0	0	0	0	0	0	0	0	0	0	0	0	0	0	0	0	0	0	0	0	0	3
OTU3136	0	0	0	0	0	0	0	0	0	0	0	0	0	0	0	0	0	0	0	0	0	0	0	0	0	0	0	0	0	0	0	0	0	0	0	0	0	0	0	0	0	0	0	0	0	0	0	0	0	0	0	0	0	0	0	0	0	0	0	0	0	0	0	0	0	0	2	1	10	0	0	0	0	0	0	0	0	0	0	0	0	0	0	0	0	0	0	0	0	0	0	0	0	0	0	0	0	0	0	0	0	0
OTU3137	0	0	0	0	0	0	0	0	0	0	0	0	0	0	0	0	0	0	0	0	0	0	0	0	0	0	0	0	0	0	0	0	0	0	0	0	0	0	0	0	0	0	0	0	0	0	0	0	0	0	0	0	0	0	0	0	0	0	0	0	0	0	0	0	0	0	3	0	0	0	0	0	0	0	0	0	0	0	0	0	0	0	0	0	0	0	0	0	0	0	0	0	0	0	0	0	0	0	0	0	0	12
OTU3138	0	0	0	0	0	0	0	2	0	0	0	0	0	0	0	0	0	0	0	0	0	0	0	0	0	0	0	0	0	0	0	0	0	0	0	0	0	0	0	0	0	0	0	0	0	0	0	0	0	0	0	0	0	0	0	0	0	0	0	0	0	1	0	0	16	0	0	0	19	0	0	0	0	0	0	0	0	0	0	0	0	0	0	0	0	0	0	0	0	0	0	0	0	0	0	0	0	0	0	0	0	0
OTU3139	0	0	0	0	0	0	0	0	0	0	0	0	0	0	0	0	0	0	0	0	0	0	0	0	0	0	0	0	0	0	0	0	0	0	0	0	0	0	0	0	0	0	0	0	0	0	0	0	0	0	0	0	0	0	0	0	0	0	0	0	0	0	0	0	0	0	0	0	11	0	0	0	0	0	0	0	0	0	0	0	0	0	0	0	0	0	0	0	0	0	0	0	0	0	0	0	0	0	0	0	0	0
OTU314	0	3	0	5	0	0	7	7	0	0	40	0	4	5	0	0	0	0	2	0	402	25	2	2	2	0	0	1	0	0	0	0	5	1865	2	7	0	0	0	0	0	0	11	0	0	21	2	0	0	2	0	1	12	0	3	35	18	6	1	1	836	0	0	1246	2	1148	36	20	11	0	2	1	0	14	0	2	0	0	1	0	4	1	8	1	0	723	2	0	0	8	0	1	296	1	1	0	0	1188	5	1	0	15
OTU3140	0	0	0	0	0	0	0	0	0	0	0	0	0	0	0	0	0	0	0	0	0	0	0	0	0	0	0	0	0	0	0	0	0	0	0	1	0	0	0	0	0	0	0	0	0	0	0	0	0	0	0	0	0	0	0	0	0	0	1	0	0	0	0	0	0	0	0	0	7	0	0	0	0	0	0	0	0	0	0	0	0	0	0	0	0	0	0	0	0	0	0	0	0	0	0	0	0	0	0	0	4	1
OTU3141	0	0	0	0	0	0	0	0	0	0	0	0	0	0	0	0	0	0	0	0	0	0	0	0	0	0	0	0	0	0	0	0	0	0	0	0	0	0	0	0	0	0	0	0	0	0	0	0	0	0	0	0	0	0	0	0	0	0	0	0	0	0	0	1	0	1	0	0	11	0	0	0	0	0	0	0	0	0	0	0	0	0	0	0	0	0	0	0	0	0	0	0	2	0	0	0	0	0	0	0	0	3
OTU3142	0	0	0	0	0	0	0	0	2	0	0	0	0	3	0	0	0	0	0	0	0	0	0	0	0	0	0	1	0	0	0	0	0	0	0	0	0	0	0	0	0	0	0	0	0	0	0	0	0	0	0	0	0	0	0	0	0	0	0	0	0	0	0	0	0	0	0	0	0	5	17	0	0	2	0	0	0	0	0	0	0	0	0	0	0	0	13	0	5	0	0	1	0	0	0	0	0	0	0	0	0	0
OTU3143	0	0	0	0	0	0	0	0	0	0	0	0	0	0	0	0	0	0	0	0	0	0	0	0	0	0	0	0	0	0	0	0	0	0	0	0	0	0	0	0	0	0	0	0	0	0	0	0	0	0	0	0	0	0	0	0	0	0	0	0	0	0	0	0	0	0	0	0	0	0	0	12	0	2	0	0	0	0	0	0	0	0	0	0	0	0	0	0	0	0	0	0	0	0	0	0	0	0	0	0	0	0
OTU3144	0	0	0	0	0	0	0	0	0	0	0	1	0	0	0	0	0	0	0	0	0	0	0	0	0	0	0	0	0	0	0	0	0	0	0	0	0	1	0	0	0	0	0	0	0	0	0	0	0	0	0	8	0	0	0	0	7	0	0	0	0	0	0	0	0	0	0	0	0	0	0	130	0	0	0	0	0	0	0	0	0	0	1	0	0	0	0	0	0	0	0	0	5	0	0	0	0	0	0	0	0	0
OTU3145	0	0	0	0	0	0	0	0	0	0	0	0	0	0	0	0	0	0	0	0	0	0	0	0	0	0	0	0	0	0	0	0	0	0	0	0	0	0	0	0	0	0	0	0	0	0	0	0	0	0	0	0	0	0	0	0	0	0	0	0	0	0	0	0	0	0	0	0	0	0	0	0	5	0	0	0	0	0	0	0	0	0	4	0	0	0	0	0	0	0	0	0	0	0	7	0	0	0	0	0	0	0
OTU3146	0	0	0	0	0	0	0	0	0	0	0	0	0	0	0	0	0	0	0	0	0	0	0	0	0	0	0	0	0	0	0	0	0	0	0	0	0	0	0	0	0	0	0	0	0	0	0	0	0	0	0	0	1	0	0	0	0	0	0	0	0	0	0	0	0	0	0	0	0	0	0	0	0	5	0	0	0	0	0	0	0	0	0	0	0	0	0	0	0	0	0	0	0	0	0	0	0	0	0	0	6	0
OTU3147	0	0	0	0	0	0	0	0	0	0	0	0	0	0	0	0	0	0	0	0	0	0	0	0	0	0	0	0	0	2	0	0	0	0	0	0	0	0	0	0	0	0	0	0	0	0	0	0	0	0	0	0	1	0	0	0	0	0	0	0	0	0	0	0	0	0	0	0	0	0	0	0	0	1	0	0	0	0	0	0	0	0	22	0	0	0	0	0	0	0	2	0	0	0	0	0	0	0	0	0	1	0
OTU3148	0	0	0	0	0	0	0	0	0	0	10	0	1	0	0	0	0	0	0	0	0	0	0	0	0	0	0	0	0	0	0	0	0	0	0	0	27	0	0	0	0	1	0	0	0	0	0	0	0	3	0	15	2	0	0	0	0	0	0	0	0	0	0	0	0	0	0	0	0	0	0	1	5	5	0	0	30	1	0	0	0	4	0	0	0	0	0	4	0	0	0	3	0	0	0	0	0	0	0	0	0	0
OTU3149	0	0	0	0	0	0	0	0	0	0	5	0	0	0	0	0	1	0	0	0	0	0	0	0	0	0	0	0	0	0	0	0	0	0	0	0	34	0	0	0	0	1	0	0	0	0	0	0	0	3	0	3	0	0	0	0	0	0	0	0	0	0	0	0	0	0	0	0	0	0	0	0	3	1	0	0	30	0	0	0	0	8	0	0	0	0	0	2	0	0	0	1	0	0	0	0	0	0	0	0	0	0
OTU315	0	1	0	1	0	0	1	2	0	0	13	0	11	3	0	0	0	0	3	0	0	5	3	2	0	0	1	6	0	0	0	0	0	736	1	0	1	0	0	0	0	0	0	0	1	14	0	0	0	1	0	0	10	0	2	22	10	3	0	1	7	0	0	540	0	249	16	0	1	4	0	1	0	4	0	0	0	0	0	0	1	0	0	0	0	314	0	0	0	7	0	0	80	0	0	0	0	365	3	1	1	1
OTU3150	0	0	5	0	0	0	0	1	0	0	3	0	0	0	0	0	2	0	0	0	0	6	0	0	0	0	0	0	0	0	0	0	1	1	0	0	35	0	0	0	0	1	0	0	0	0	0	0	0	2	0	8	0	0	0	0	0	0	0	1	0	0	0	0	0	0	0	0	0	0	0	0	1	1	0	0	60	0	2	0	0	17	1	0	0	0	0	1	0	0	0	2	0	1	0	0	0	0	0	0	0	0
OTU3151	0	0	0	1	0	0	0	0	0	0	3	0	0	0	0	0	0	0	0	0	0	0	0	0	0	0	0	0	0	0	0	0	0	0	0	0	27	0	0	0	0	0	0	0	0	0	0	0	0	0	0	6	0	0	2	0	0	0	1	0	0	0	0	0	0	0	0	0	0	0	0	0	3	0	0	0	42	0	1	0	0	10	0	0	0	0	0	0	0	0	0	0	0	0	0	1	0	0	0	0	0	0
OTU3152	0	0	0	0	0	0	0	0	0	0	6	0	0	0	0	0	0	0	0	0	0	4	0	0	0	1	0	0	0	0	0	0	0	0	0	0	10	0	0	0	0	0	0	0	0	0	0	0	0	4	0	4	0	2	0	0	0	0	0	1	0	0	0	0	0	0	0	0	0	0	0	0	1	6	0	0	27	0	0	1	0	28	1	0	0	0	0	3	0	0	0	0	0	0	0	2	0	0	0	0	0	0
OTU3153	0	0	0	0	0	0	0	0	0	0	1	0	0	0	0	0	0	0	0	0	0	0	0	0	0	0	0	0	0	0	0	0	0	0	0	0	9	0	0	0	0	1	0	0	0	0	0	0	0	2	0	4	0	0	0	0	0	0	0	0	0	0	0	0	0	0	0	0	0	0	0	0	0	2	0	0	37	0	0	0	0	5	0	0	0	0	2	0	0	0	1	1	0	0	0	0	0	0	0	0	0	0
OTU3154	0	0	0	0	0	0	0	0	0	0	6	1	0	0	0	0	0	0	0	0	0	0	0	0	0	0	0	0	0	0	0	0	0	0	0	0	15	0	0	0	0	0	0	0	0	0	0	0	2	0	0	9	0	0	0	0	0	0	1	1	0	0	0	0	0	0	0	0	0	0	0	0	0	4	0	0	27	3	0	0	0	5	0	0	0	0	0	0	0	0	0	0	1	0	0	0	0	0	0	0	0	0
OTU3155	0	0	0	0	0	0	0	0	0	0	4	0	0	0	0	0	2	0	0	0	0	0	0	0	0	0	0	0	0	0	0	0	0	0	0	0	17	0	0	0	0	0	0	0	0	0	0	0	0	1	0	15	0	0	0	0	0	0	0	0	0	0	0	0	0	0	0	0	0	0	0	1	2	4	0	0	35	0	0	1	0	12	0	0	0	0	0	0	0	0	0	0	0	0	1	0	0	0	0	0	0	0
OTU3156	0	0	1	0	0	0	0	0	0	0	2	0	0	0	0	0	0	0	1	0	0	0	0	0	0	0	0	0	0	0	0	0	0	0	0	0	13	0	0	0	0	0	0	0	0	0	0	0	0	1	0	3	0	2	0	0	0	0	0	0	0	0	0	0	0	0	0	0	0	0	0	0	0	0	0	0	27	0	0	0	0	25	0	0	0	0	0	1	0	0	0	0	0	0	0	0	0	0	0	0	0	0
OTU3157	0	0	0	0	0	0	0	0	0	0	7	0	0	0	0	0	1	0	0	0	0	0	0	0	0	0	0	0	0	0	0	0	0	0	0	0	2	0	0	0	0	2	0	0	0	0	0	0	0	4	0	8	1	0	0	0	0	0	0	0	0	0	0	0	0	0	0	0	0	0	0	0	2	2	0	0	23	0	1	0	0	20	2	0	0	0	0	2	0	1	0	6	0	0	0	0	0	0	0	0	0	0
OTU3158	0	0	0	0	1	0	0	0	0	0	6	0	0	3	0	0	0	0	0	0	0	0	0	0	0	0	0	0	0	0	0	0	0	0	0	0	16	0	0	0	0	0	0	0	0	0	0	0	0	1	0	7	0	0	0	0	0	0	0	0	0	0	0	0	0	0	0	0	0	0	0	0	0	0	0	0	26	1	2	0	0	8	0	0	0	0	0	0	0	0	0	1	0	0	0	0	0	0	0	0	0	0
OTU3159	0	0	0	0	0	0	0	1	0	0	13	0	0	0	0	0	2	0	0	0	2	4	0	0	0	0	0	0	0	0	0	0	0	0	0	0	34	0	0	0	0	1	0	0	0	0	0	0	0	0	0	5	2	0	0	0	0	0	0	3	0	0	0	0	0	0	0	0	0	1	0	0	3	3	0	0	37	0	0	0	2	31	0	0	0	0	0	0	0	0	0	1	0	1	0	0	0	0	0	0	0	0
OTU316	0	0	0	0	0	0	1	0	0	0	0	0	0	0	0	0	0	1	0	0	0	0	0	0	0	0	2	0	3	0	2	0	0	1	0	0	1	1	0	0	0	0	1	53	13	17	0	2	0	2	0	12	1310	1	1241	488	125	2	12	0	0	0	0	0	17	26	4	4	0	2	5	41	3	1	0	0	0	1	1	0	2	19	1	0	0	2	0	1	3	15	0	0	6	6	5	8	5	4	0	0	0	0
OTU3160	0	2	0	0	0	0	0	0	0	0	4	0	0	0	0	0	0	0	0	0	0	0	0	0	0	0	0	0	0	0	0	0	0	0	0	0	11	0	0	0	0	0	0	0	0	0	0	0	0	0	0	2	0	0	0	0	0	0	0	0	0	0	0	0	0	0	0	0	0	0	0	0	2	4	0	0	16	0	0	1	0	18	0	0	0	0	0	0	0	0	0	0	0	0	0	0	0	0	0	0	0	0
OTU3161	0	8	5	0	11	0	2	0	1	0	6	6	0	5	0	0	0	0	0	0	0	0	0	1	0	0	0	0	0	0	1	0	0	0	0	0	0	0	0	1	0	1	0	0	0	0	0	0	3	2	0	1	25	3	0	0	0	0	10	0	1	0	0	0	0	0	0	0	1	1	0	0	0	0	36	1	0	0	0	1	21	1	25	0	0	0	6	0	0	0	0	0	0	1	0	0	2	0	0	0	0	0
OTU3162	2	0	0	0	0	0	0	0	0	0	0	0	0	0	0	0	0	0	0	0	0	0	0	0	0	0	0	0	0	0	0	0	0	0	0	0	0	0	0	0	0	0	0	0	0	0	0	0	0	0	0	0	0	0	0	0	0	0	0	0	0	0	0	0	0	0	0	0	0	0	0	0	0	0	0	0	0	0	0	0	11	0	0	0	0	0	0	0	0	4	0	3	1	0	0	0	0	0	0	0	0	0
OTU3163	0	0	0	0	0	0	0	0	0	0	0	0	0	0	0	0	0	0	0	0	0	0	0	0	0	0	0	0	0	0	0	0	0	0	0	0	0	0	0	0	0	0	0	0	0	0	0	0	0	0	0	0	0	0	0	0	0	0	0	0	0	0	0	0	0	0	0	0	0	0	0	0	0	0	0	0	0	0	0	0	0	0	15	0	3	0	0	0	0	0	0	0	0	0	0	0	0	0	0	0	0	0
OTU3164	0	0	0	0	0	0	0	0	0	0	0	0	0	0	0	0	0	0	0	0	0	0	0	0	0	0	0	0	0	0	0	0	0	0	0	0	0	0	0	0	0	0	0	0	0	0	0	0	0	0	0	0	0	0	0	0	0	0	0	0	0	0	0	0	0	4	0	0	0	0	0	0	0	0	0	0	0	0	0	0	0	0	0	0	0	3	0	0	0	0	0	0	4	0	0	0	0	7	0	0	0	0
OTU3165	0	0	0	0	0	0	0	0	0	0	0	0	0	0	0	0	0	0	0	0	0	0	0	0	0	0	0	0	0	0	0	0	0	0	0	0	0	0	0	0	0	0	0	0	0	0	0	0	0	0	0	0	0	0	0	0	0	0	0	0	0	0	0	0	0	0	0	0	0	0	0	0	0	0	0	0	0	0	0	0	0	0	0	0	0	0	0	0	0	0	0	0	0	4	0	0	0	0	8	0	0	9
OTU3166	0	0	0	0	0	0	0	0	0	0	0	0	0	0	0	0	0	0	0	0	0	0	0	0	0	0	0	0	0	0	0	0	0	0	0	0	0	0	0	0	0	0	0	0	0	0	0	0	0	0	0	0	0	0	0	0	0	0	0	0	0	0	0	0	0	0	0	0	0	0	0	0	0	0	0	0	0	0	0	0	0	0	0	0	0	0	0	0	0	0	0	0	0	18	0	0	0	0	0	0	0	0
OTU3167	0	0	0	0	0	0	0	0	0	0	0	0	0	0	0	0	0	0	0	0	0	0	0	0	0	0	0	0	0	0	0	0	0	0	0	0	0	0	0	0	0	0	0	0	0	0	0	0	0	0	0	0	0	0	0	0	0	0	0	0	0	0	0	2	0	0	0	0	0	0	0	0	0	0	0	0	0	0	0	0	0	0	0	0	0	0	0	0	0	0	0	0	0	0	0	0	0	0	24	0	0	0
OTU3168	0	0	0	0	0	0	0	0	0	0	0	0	0	0	0	0	0	0	0	0	0	0	0	0	0	0	0	0	0	0	0	0	0	0	0	0	0	0	0	0	0	0	0	0	0	0	0	0	0	0	0	0	0	0	0	0	0	0	0	0	0	0	0	0	0	0	0	0	0	0	0	0	0	0	0	0	0	0	0	0	0	0	0	0	0	0	0	0	0	0	0	0	0	0	0	0	0	0	0	15	0	0
OTU3169	0	0	0	0	0	0	0	0	0	0	0	0	0	0	0	0	0	0	0	0	0	0	0	0	0	0	0	0	0	0	0	0	0	0	0	0	0	0	0	0	0	0	0	0	0	0	0	0	0	0	0	0	0	0	0	0	0	0	0	0	0	0	0	0	0	0	1	0	0	0	0	0	0	0	0	0	0	0	0	0	0	0	0	0	0	0	0	0	0	0	0	0	0	0	0	0	0	0	0	12	0	0
OTU317	12	1	0	1	0	0	0	0	25	0	0	0	11	7	0	0	0	0	22	0	0	0	0	0	0	0	0	4	0	0	2	0	0	0	0	3	0	0	127	0	49	1196	2	7	0	9	4	0	0	24	1	1	3	0	3	2	14	7	2	0	0	0	3	1	0	3	0	0	0	2	0	3	8	16	0	1	1	5	12	3	5	27	39	4	176	4	0	64	7	16	7	131	6	29	4	2	0	0	2	0	0	0
OTU3170	0	0	0	0	0	0	0	0	0	0	0	0	0	0	0	0	0	0	0	0	0	0	0	0	0	0	0	0	0	0	0	0	0	0	0	0	0	0	0	0	0	0	0	0	0	0	0	0	0	0	0	0	0	0	0	0	0	0	0	0	0	0	0	0	0	0	0	0	0	0	0	0	0	0	0	0	0	0	0	0	0	0	0	0	0	0	0	0	0	0	0	0	0	0	0	0	0	0	0	0	15	0
OTU3171	0	0	0	0	0	0	0	0	0	0	0	0	0	0	0	0	0	0	0	0	0	0	0	0	0	0	0	0	0	0	0	0	0	0	0	0	0	0	0	0	0	0	0	0	0	0	0	0	0	0	0	0	0	0	0	0	0	0	0	0	0	0	0	0	0	0	1	0	0	0	0	0	0	0	0	0	0	0	0	0	0	0	0	0	0	0	0	0	0	0	0	0	0	0	0	1	0	0	0	0	18	5
OTU318	22	3	0	0	0	0	1	5	0	1	7	3	25	10	1	0	2	0	0	0	0	0	0	1	2	0	3	47	2	28	8	0	1	14	0	5	2	2	32	1	47	3	15	32	14	294	4	3	20	38	9	1123	52	58	51	101	106	48	61	7	22	3	0	55	1	31	21	0	4	134	31	68	135	293	23	13	51	54	30	0	15	145	9	41	46	22	9	3	5	24	43	157	73	18	14	9	13	14	2	0	0	0
OTU319	0	0	0	0	0	0	2	13	2	0	0	3	8	13	0	0	0	0	8	0	1	5	2	2	2	3	0	4	4	49	21	0	4	4	4	1	0	1	0	0	2	31	20	0	17	1	0	1	0	4	0	10	43	0	22	0	43	3	47	7	4	0	0	1	513	1	388	8	889	75	16	8	135	59	8	1	0	4	4	0	3	10	0	1	0	0	1	0	0	180	127	0	8	10	9	18	11	5	135	185	141	57
OTU32	45	28	2	46	0	63	96	149	292	82	271	142	428	585	72	455	9	141	51	10	2675	106	240	152	788	11	148	360	227	321	225	1106	54	6839	372	43	756	3274	1819	2	1033	297	917	1540	342	1255	214	441	525	777	1268	9457	1243	2562	858	1055	2210	2512	1183	223	3589	51	505	7346	3081	3966	1775	18581	3044	986	855	4002	1020	1988	366	1918	2850	1039	1268	156	536	3178	1276	1579	1107	3090	1940	8045	511	1818	714	383	2021	1170	345	592	1050	3920	1210	3323	690	1282
OTU320	0	0	0	0	0	0	0	0	0	1	20	6	12	17	0	0	0	0	0	0	4	0	22	22	2	0	0	11	3	1	2	0	0	1	0	0	4	643	588	0	7	3	181	0	0	32	2	0	0	34	3	5	11	1	3	7	99	17	6	0	0	2	0	1	0	0	4	4	2	310	6	32	50	109	148	31	409	61	19	3	30	5	8	1	2	9	11	55	12	14	4	0	1	7	1	5	2	1	0	0	1	1
OTU321	1	2	0	3	0	0	8	8	76	0	3	6	27	23	1	0	1	0	11	0	9	1	0	0	22	0	2	34	0	33	20	0	7	0	2	2	1	0	4	0	1096	212	289	13	9	2	8	16	18	1	0	216	178	13	21	5	77	41	84	0	5	0	0	0	335	0	190	161	286	14	0	2	169	120	2	32	1	3	530	75	46	1	66	26	14	10	11	0	17	216	235	26	7	6	7	18	6	2	1	0	9	4
OTU322	0	0	0	0	0	0	0	2	0	0	0	0	0	0	0	0	0	0	0	0	0	3	0	0	3	1	0	0	0	0	0	0	4	0	1	0	0	0	0	0	0	0	0	0	0	0	0	0	0	0	0	0	0	0	0	1	0	0	60	1	1	1	0	3	1	2	5	1	1717	0	0	0	0	0	0	0	0	0	0	0	0	0	0	0	0	0	0	0	0	0	0	0	0	0	0	0	1	12	2	2	1	0
OTU323	0	0	0	2	0	0	0	0	0	0	0	7	4	7	4	0	0	0	0	0	0	0	0	1	0	1	120	49	9	45	88	0	0	0	2	1	29	9	4	0	8	32	0	10	15	9	1	3	5	17	10	43	85	0	11	0	136	62	21	1	1	0	24	5	63	2	190	106	102	32	3	42	57	52	1	7	19	1	29	5	24	6	103	1	1121	3	4	40	41	68	27	4	5	96	29	19	2	2	12	3	2	1
OTU324	9	0	0	6	0	0	0	1	0	0	0	0	17	33	0	0	0	0	0	0	0	1	0	0	1	0	0	10	0	2	0	0	5	1	2	0	0	1	1	0	5	15	0	6	13	3	0	10	2	2	17	272	7	7	9	11	28	38	34	0	3	1	0	0	1	0	17	3	11	0	0	1	92	57	0	3	4	0	96	0	5	21	79	45	23	5	1	1	2	225	0	32	16	33	2	5	50	5	321	37	53	115
OTU325	0	0	0	0	0	0	0	0	0	0	0	0	0	0	0	0	0	0	0	0	1	0	0	0	0	0	0	0	0	0	0	0	0	0	0	0	2	0	0	0	0	0	0	0	0	0	0	0	0	1	0	1	2262	0	0	0	0	0	0	1	0	0	0	0	0	0	0	0	0	0	0	0	0	0	0	0	1	0	0	0	0	0	0	0	0	0	0	0	0	0	0	0	0	0	0	0	1	0	0	0	0	0
OTU326	2	0	0	4	2	0	0	0	4	0	0	0	5	21	0	0	0	0	0	0	0	0	3	0	1	0	123	932	0	0	37	0	0	4	11	0	1	1	0	0	0	0	0	0	0	38	414	2	0	1	0	1	13	0	2	0	50	6	261	0	0	0	1	2	0	0	0	0	9	0	0	1	1	23	1	0	4	0	0	0	3	0	0	3	14	4	1	2	0	17	0	10	10	31	0	15	0	7	337	85	0	0
OTU327	0	0	0	3	0	0	0	0	8	0	1	0	6	5	0	0	0	0	3	0	7	0	0	0	0	0	2	5	1	0	0	0	0	0	0	0	5	0	0	0	0	181	432	0	2	8	1	2	1	0	769	3	40	3	16	1	89	7	1	0	0	0	0	0	0	0	0	28	0	2	0	43	1	43	3	0	2	2	1	14	9	0	3	11	7	1	0	0	17	13	5	0	2	2	1	1	0	0	0	0	0	0
OTU328	4	3	0	1	0	0	5	9	2	0	3	2	3	6	0	0	0	0	0	0	2	0	1	0	0	0	40	59	56	72	65	0	1	0	2	0	5	103	127	0	0	3	18	0	26	10	1	0	16	15	2	2	12	5	17	8	15	3	8	0	0	0	0	0	2	0	0	0	1	26	0	735	286	28	1	24	108	10	18	2	109	24	4	10	0	7	4	0	3	10	4	0	2	8	18	3	8	0	0	0	0	0
OTU329	2	0	0	1	0	0	1	0	4	0	9	2	38	35	0	0	0	0	6	0	5	7	0	7	2	0	191	289	296	102	126	0	1	0	3	0	54	36	277	0	30	64	150	30	39	84	2	61	20	64	28	30	52	8	37	24	84	35	96	0	1	1	2	4	0	0	4	0	3	12	13	95	38	90	212	7	48	11	56	16	16	45	221	61	63	30	30	44	86	147	59	37	8	107	28	10	41	1	4	0	1	5
OTU33	0	21	2	18	1	0	4	3	12	0	37	16	187	147	0	0	0	2	2	0	1	0	0	0	0	0	14	106	23	42	19	6	9	0	7	89	28	30	28	6	119	22	23	83	326	41	101	4682	57	34	17	52	177	10	683	51	1113	490	9944	1	26	1	27	8	4	2	26	8	223	60	20	27	38	376	12	9	49	33	24	12	111	45	980	45	2294	385	16	22	69	231	14	11	817	1810	349	12679	380	37	47	7	347	15
OTU330	0	1	0	2	0	0	0	0	0	0	2	3	10	11	0	0	0	0	0	0	0	0	0	0	0	0	0	4	0	51	26	0	3	0	0	0	3	1	0	0	1	0	0	7	110	27	0	4	33	2	0	8	129	1	36	304	105	20	7	0	0	0	0	0	2	9	2	0	0	1	4	10	9	58	8	5	0	5	14	1	2	31	33	28	0	2	0	0	1	10	4	2	11	7	8	140	637	0	0	0	6	10
OTU331	0	1	0	0	0	0	1	1	2	0	2	0	0	1	0	0	0	0	2	0	0	8	0	1	2	2	0	0	2	0	0	0	0	5	0	0	1	10	0	0	0	3	0	2	0	0	0	0	3	0	0	0	0	0	5	1	7	2	64	5	1	0	0	4	7	3	8	23	1611	1	0	0	6	0	0	0	6	2	0	14	0	8	0	0	10	0	4	0	0	47	0	2	5	0	0	2	1	11	17	0	3	11
OTU332	0	1	0	0	0	0	0	0	76	0	0	2	8	4	0	0	0	0	0	0	2	0	0	0	0	0	0	4	10	4	0	0	0	0	0	6	4	0	0	0	1783	7	7	0	1	0	10	0	1	0	0	0	11	0	2	0	16	11	7	0	1	0	0	0	0	0	0	0	0	2	0	0	0	33	0	0	0	0	1	3	6	1	1	4	0	2	6	0	0	17	1	0	2	6	6	4	15	0	0	0	0	2
OTU333	0	0	0	0	0	0	2	37	2	0	3	0	7	2	0	0	0	0	0	0	0	0	0	0	0	0	0	6	0	0	0	0	0	0	0	0	0	1	1	0	2	0	0	2	1	2	0	0	0	36	0	0	1	5	6	1	13	7	1	0	0	3	0	1	0	1	1	0	0	0	0	3	1731	18	0	31	0	1	1	0	54	1	2	167	0	1	2	3	0	15	0	1	6	9	4	0	0	0	0	0	0	0
OTU334	0	0	0	1	0	0	0	0	1	0	1	0	17	18	0	0	0	0	0	0	0	0	0	0	0	0	0	58	0	85	0	0	0	0	0	2	2	0	1	0	0	0	0	1	0	0	1	0	350	55	840	9	208	179	17	0	75	16	4	0	0	0	0	0	0	0	6	6	0	1	0	0	26	275	30	0	0	4	3	0	6	0	0	6	2	2	0	0	4	28	5	5	3	10	0	6	0	0	0	0	0	0
OTU335	0	0	0	3	1	0	5	0	4	0	0	0	11	14	0	0	0	0	8	0	0	0	0	0	1	0	8	79	0	1	11	1	2	1	1	0	1	3	8	0	7	104	30	10	42	11	26	67	11	3	0	6	19	2	135	26	69	36	50	3	3	2	0	9	64	1	26	126	290	5	0	1	11	143	1	0	1	0	60	0	22	176	66	3	0	3	0	0	4	30	0	5	14	14	15	74	69	3	27	11	69	145
OTU336	0	0	0	0	0	0	0	0	0	0	0	0	0	0	0	0	0	0	0	0	0	0	0	0	0	0	0	0	1	4	1	0	0	0	23	0	2	0	3	0	5	0	5	0	0	1	1	4	0	2	0	0	1	0	0	1	0	1	1	0	0	0	0	1	0	0	0	1	0	1	21	1574	0	0	0	0	5	3	1	0	0	0	0	0	0	2	436	2	0	9	4	0	3	1	3	2	2	0	0	0	0	0
OTU337	0	2	0	2	0	1	0	1	2	0	0	0	49	42	1	0	0	0	0	0	0	0	0	0	5	0	0	12	0	15	0	0	0	0	0	0	3	0	3	2	2	0	4	0	1	5	0	6	2	5	0	0	84	74	2481	8	337	56	255	1	0	0	0	0	29	0	1	0	2	4	1	3	1	87	3	6	2	4	110	0	22	2	3	2	0	5	3	5	1	61	2	0	3	29	2	2	29	1	16	22	0	0
OTU338	5	3	0	0	1	0	1	2	8	0	0	15	10	5	2	0	1	0	0	0	0	6	2	0	0	0	9	69	1	218	4	0	0	0	0	0	341	0	0	0	74	10	4	0	23	10	0	0	14	4	44	23	85	3	4	0	79	11	0	5	3	1	0	0	0	0	4	0	0	13	0	7	86	68	7	103	6	7	16	8	3	34	1	131	19	0	3	20	2	88	0	14	0	16	2	21	36	0	0	0	1	0
OTU339	0	0	0	0	0	0	2	2	0	0	0	0	0	0	0	0	0	0	3	0	0	1	1	2	1	5	0	0	0	0	0	0	0	32	0	3	0	0	0	0	0	0	0	0	0	0	0	0	0	0	0	0	1	0	0	0	1	3	0	2	8	3	1	8	5	3	64	55	8	0	0	0	0	3	0	0	0	0	0	0	0	0	0	0	0	0	0	0	0	0	0	0	0	47	16	33	4	21	980	1177	985	234
OTU34	63	45	1	26	1	2	21	32	78	2	14	23	339	406	5	0	3	3	25	0	5	16	3	4	6	3	222	204	62	1028	2203	11	20	92	133	4	70	57	148	0	318	603	59	771	494	1885	3488	160	1626	405	22	147	1248	109	520	499	1680	1140	221	26	19	1	2	50	296	16	128	21	213	265	127	310	2059	1616	460	66	63	14969	287	14	482	621	483	127	79	58	1793	1845	2445	319	100	521	257	863	757	2545	795	21	2479	1979	1707	141
OTU340	0	7	0	1	0	0	0	0	2	0	0	0	11	9	0	0	0	0	0	0	0	0	0	0	0	0	277	82	90	241	310	0	2	0	6	0	0	2	1	0	2	3	2	0	5	4	4	1	1	13	3	0	14	1	1	11	34	8	2	0	0	0	0	7	0	1	2	6	3	26	2	288	4	32	2	1	2	2	6	2	25	4	21	1	0	2	0	8	25	17	4	0	2	33	8	5	6	2	0	0	0	0
OTU341	4	0	0	0	0	0	0	13	3	0	0	4	14	5	0	0	0	0	0	0	0	0	0	0	0	2	7	7	64	1	8	0	0	0	0	0	3	4	1	0	3	0	0	9	2	2	4	0	1	14	0	17	57	22	10	7	32	4	7	0	1	2	0	0	0	0	2	0	1	14	388	32	510	54	6	0	1	0	0	214	10	18	5	25	0	34	0	19	0	10	14	14	9	3	1	0	14	0	1	0	0	0
OTU342	0	7	0	0	0	0	9	3	1	0	1	0	12	14	0	0	0	0	0	0	2	3	0	0	1	0	2	10	0	51	133	2	3	15	3	6	3	3	0	0	2	3	5	19	180	582	0	28	3	1	0	4	10	1	103	0	67	42	41	3	0	3	0	6	157	0	17	554	568	0	0	2	0	29	0	0	2	1	0	0	4	8	22	182	0	1	2	8	8	32	0	0	1	246	2	87	48	3	81	0	5	21
OTU343	0	0	0	0	0	0	0	0	0	0	4	8	21	20	0	0	0	0	0	0	0	0	3	0	0	0	65	16	61	16	63	0	0	0	8	0	21	9	3	0	15	6	7	2	0	10	400	0	0	681	0	4	41	3	2	1	102	7	2	0	0	0	0	0	0	0	2	1	1	1	0	1	0	22	0	31	57	3	0	27	14	1	2	0	0	4	0	0	2	21	16	2	0	46	6	8	5	0	0	1	1	0
OTU344	0	0	0	0	0	0	0	9	0	0	0	0	0	0	0	0	0	0	3	0	1	2	0	1	2	0	0	0	0	0	0	0	3	2	1	0	0	0	0	0	0	0	0	0	0	0	0	0	0	0	0	0	0	0	0	0	0	0	0	0	5	1	0	2	0	5	4	5	5	0	0	0	0	0	0	0	0	0	0	0	0	0	0	0	0	0	0	0	0	0	0	0	0	84	0	4	2	2	2921	1	287	0
OTU345	1	0	0	0	0	0	0	0	2	0	0	0	10	1	0	0	0	0	0	0	0	0	0	0	0	0	0	3	7	1	0	0	0	0	0	0	2	0	0	0	0	8	2	0	1	1	2	0	2	1295	0	9	3	303	3	1	27	2	1	0	0	0	0	3	1	0	2	0	0	2	1	0	4	10	0	0	0	0	2	0	7	5	0	0	0	0	0	0	0	12	6	0	1	3	5	4	0	0	0	0	0	0
OTU346	9	2	0	0	2	0	0	0	1	0	1	0	15	9	3	0	0	0	0	0	0	0	0	0	1	0	16	104	25	68	36	0	0	0	0	0	4	19	0	0	7	6	16	66	8	2	0	4	48	28	11	37	110	11	7	3	73	13	26	0	0	0	0	1	15	0	35	79	43	37	73	28	42	18	16	6	2	0	26	36	16	9	26	1	5	3	43	37	117	57	152	28	15	13	12	4	1	3	5	0	0	0
OTU347	0	0	0	0	0	1	0	3	0	0	0	0	2	0	0	0	0	0	2	0	0	2	1	17	0	0	530	6	587	8	698	0	8	0	2	0	54	30	362	0	6	30	3	0	0	8	198	1	4	78	6	11	3	0	6	3	5	3	3	0	0	0	0	13	0	0	3	0	5	54	233	65	1	58	131	46	63	773	26	1	1	4	2	2	3	3	1724	127	24	1	1	12	0	11	2	8	3	5	2	0	0	0
OTU348	0	0	0	0	0	0	0	0	0	0	2	0	5	0	0	0	0	0	0	0	977	2	0	0	0	0	0	0	0	0	3	0	0	64	1	0	0	0	0	0	0	0	18	0	0	0	0	0	0	0	0	0	0	0	0	1	4	0	0	0	101	0	0	148	1	72	12	7	1	0	0	0	0	0	0	0	0	0	0	0	0	0	3	0	0	50	0	2	3	0	0	0	55	1	0	0	0	158	1	0	0	1
OTU349	0	1	0	0	1	0	0	2	0	0	0	1	8	11	0	1	0	0	0	0	253	0	0	0	0	0	4	11	1	5	0	4	7	143	2	3	12	0	3	0	3	4	3	40	119	21	2	17	0	4	2	9	8	0	55	47	120	13	8	1	93	6	1	32	9	55	4	2	0	18	0	7	0	29	0	28	0	1	36	5	3	30	400	291	153	21	0	1	2	18	0	0	23	32	5	72	154	71	8	0	3	4
OTU35	1	8	1	0	0	0	36	17	0	0	154	1	31	13	0	0	0	0	15	0	1079	54	10	10	7	5	0	20	8	0	0	16	16	10585	22	23	5	1	3	0	2	7	42	0	1	345	5	1	3	7	1	7	43	0	3	478	91	28	5	10	3656	5	10	5955	17	6338	226	65	48	9	3	2	4	55	3	2	5	0	3	5	6	2	92	1	0	3610	1	2	8	27	1	6	1270	6	4	11	13	4351	19	21	7	14
OTU350	0	2	0	0	0	0	0	0	0	0	1	8	8	9	0	0	0	0	1	0	0	2	0	0	0	0	39	57	30	35	0	0	1	0	24	0	80	10	21	0	23	95	0	0	0	2	149	0	1	5	0	0	19	3	5	2	86	3	6	0	0	0	0	0	0	0	6	0	0	11	137	7	1	20	0	0	87	10	2	3	3	2	2	0	0	0	2	951	52	6	0	0	3	0	2	0	0	0	0	0	0	0
OTU351	0	1	0	3	0	0	5	7	2	0	0	3	15	6	0	0	0	0	5	0	1	6	1	1	0	1	2	4	4	0	0	0	0	1	0	3	52	1	3	0	2	2	2	0	9	45	4	0	1	0	0	4	154	0	10	2	49	27	3	1	1	0	0	0	153	1	1035	344	62	2	1	0	24	31	0	115	2	2	0	0	9	2	1	1	0	3	1	0	2	10	6	0	1	6	625	28	3	4	14	145	127	1
OTU352	0	3	0	5	0	0	1	0	0	0	2	1	10	36	0	0	0	0	2	0	0	10	1	0	1	0	19	102	7	20	13	0	1	0	9	0	419	47	41	0	14	35	20	0	10	8	83	2	8	76	18	2	32	10	1	1	41	6	7	0	0	0	0	0	9	1	2	0	24	186	56	5	17	32	36	3	62	14	1	0	4	0	2	1	35	2	5	42	37	82	89	2	5	8	0	0	2	3	0	0	0	0
OTU353	0	0	0	0	0	0	1	0	0	0	16	4	3	1	0	0	0	0	3	0	38	0	1	0	0	0	0	0	0	2	0	0	2	898	1	0	0	0	0	0	2	0	13	0	0	32	0	0	0	0	0	0	5	0	0	14	7	0	0	0	119	1	0	246	8	199	7	10	1	0	0	2	0	20	0	0	0	0	0	0	1	0	2	0	0	251	0	0	0	1	0	0	45	0	0	2	0	206	1	2	1	1
OTU354	0	0	0	0	0	0	1	1	4	0	6	13	6	3	0	0	0	0	0	0	0	0	0	1	0	0	9	30	0	180	10	3	1	0	3	1	0	2	3	0	0	0	22	57	48	4	8	10	2	24	4	13	13	68	10	27	79	9	3	0	0	3	0	0	1	0	0	0	1	7	5	128	62	139	0	5	42	6	0	9	42	2	51	155	3	2	21	119	4	5	33	0	5	69	1	4	9	0	2	0	0	3
OTU355	0	0	0	0	0	0	46	0	0	0	0	0	0	0	0	0	0	0	3	25	2	0	2	0	11	0	10	0	0	5	0	0	2	0	0	0	54	57	0	604	4	68	42	12	33	37	19	0	4	0	13	17	0	3	2	2	5	1	0	10	0	0	0	0	0	0	14	0	0	38	38	6	61	8	8	3	15	11	477	1	1600	159	25	0	0	3	0	15	17	48	7	6	0	9	0	2	10	0	37	0	0	1
OTU356	0	2	0	0	0	0	1	5	0	0	1	0	2	0	2	0	0	0	2	0	1	12	2	0	5	1	0	2	0	0	0	0	1	8	3	0	41	3	1	0	0	1	0	0	1	0	0	2	4	6	1	0	5	0	2	1	18	1	176	4	0	2	0	4	11	2	100	6	3063	7	0	4	13	9	0	3	0	6	0	3	1	2	0	1	6	0	3	1	2	0	2	1	0	3	1	3	4	20	3	6	2	2
OTU357	0	5	0	0	0	0	0	0	0	0	5	8	19	13	0	1	0	2	0	0	0	0	0	0	0	0	8	115	3	56	3	2	0	2	0	1	0	0	0	0	4	4	2	205	72	49	109	165	2	12	2	11	46	1	26	134	153	25	198	0	1	0	2	1	0	5	2	0	5	6	32	10	9	34	3	1	0	2	13	0	20	62	141	8	72	47	0	1	10	28	17	3	16	22	9	3	4	0	0	0	0	0
OTU358	1	2	0	9	0	0	1	2	3	0	0	0	14	22	0	0	0	0	3	0	0	0	0	0	9	0	1	23	0	24	13	0	3	5	0	0	34	14	22	0	38	50	1	28	78	74	156	34	28	21	199	10	59	32	104	33	95	25	97	2	1	0	0	3	56	0	18	98	367	8	0	0	31	96	42	41	4	34	400	2	26	44	22	8	20	7	0	2	36	65	62	33	10	25	28	70	40	2	70	0	3	11
OTU359	0	0	0	0	0	0	4	0	0	0	0	0	0	0	0	0	0	0	1	0	1	0	1	1	2	0	0	0	0	0	0	0	0	18	3	0	0	0	0	0	0	0	0	0	0	1	0	0	0	0	0	0	0	0	0	0	0	0	0	1	0	0	0	0	0	0	10	1	1	0	0	0	0	0	0	0	0	0	0	0	0	0	0	0	0	0	0	0	0	0	1	0	0	5	14	2	0	1	117	1148	113	4
OTU36	0	10	2	12	0	0	13	4	775	2	8	38	87	117	11	0	3	0	0	0	0	3	0	0	0	0	6	109	14	35	8	0	0	11	0	12	12	13	25	0	26762	22	29	59	26	500	111	12	18	20	8	36	144	136	45	319	640	84	1285	1	24	2	0	2	0	2	11	1	46	31	59	33	18	355	0	26	14	10	8	3	57	24	45	56	5	33	162	21	19	150	12	7	53	44	26	35	962	0	3	4	2	9
OTU360	0	5	0	0	0	0	4	3	0	0	10	0	6	2	0	0	0	0	1	0	1027	4	0	2	0	1	0	2	0	0	0	0	1	465	0	0	0	0	3	0	1	0	25	0	0	14	0	0	0	0	0	1	5	0	0	7	10	1	0	3	315	0	0	583	0	288	8	1	1	0	0	1	0	20	0	0	0	6	0	0	11	0	7	0	0	120	0	0	0	3	0	0	72	2	0	0	0	238	4	0	4	1
OTU361	0	0	0	0	0	0	2	0	0	0	0	0	0	0	0	0	0	2	2	0	1	0	8	0	0	0	0	0	0	0	0	0	4	1	1	1	0	0	0	0	0	0	0	0	0	0	0	0	0	0	0	0	1	0	1	0	1	3	25	0	3	0	0	2	118	2	84	31	1236	0	0	0	0	0	2	0	0	0	0	0	0	0	0	0	0	0	0	0	0	2	0	0	0	0	0	2	0	5	68	35	11	10
OTU362	0	0	0	0	0	0	0	2	0	0	0	0	4	6	0	0	0	0	0	0	0	0	0	0	2	0	0	3	0	0	0	0	2	2	0	0	1	0	0	0	0	3	0	0	0	8	1	0	0	0	0	54	4	0	0	0	9	1	2	0	0	0	0	0	0	0	3	0	97	3	465	103	38	11	0	0	1	0	213	0	0	1	1	0	0	1	0	0	0	8	0	0	0	10	13	11	0	3	107	136	178	30
OTU363	0	1	0	3	0	0	0	0	0	0	3	2	2	7	0	0	0	0	0	0	0	1	0	0	0	0	0	0	0	1	4	0	0	0	0	0	2	0	6	0	2	1	1	0	0	4	0	0	0	2	0	2	2	1	1	2	44	4	4	0	0	0	0	0	1	0	0	0	13	1432	0	0	0	7	0	0	4	1	0	0	2	0	0	0	0	1	1	0	0	3	0	0	0	1	0	2	10	0	0	0	0	0
OTU364	0	2	0	3	1	0	2	3	0	0	2	0	85	33	0	0	0	0	0	0	0	0	0	0	0	0	0	21	31	17	3	0	7	0	1	0	4	2	5	0	11	0	2	3	78	17	15	19	2	4	2	20	54	1	39	23	149	316	205	8	1	2	0	0	2	0	6	6	32	12	19	13	16	93	1	2	7	17	3	2	20	160	85	24	4	16	6	6	20	105	0	1	1650	63	43	127	209	32	1	1	6	7
OTU365	0	0	0	0	0	0	0	2	0	0	0	0	8	0	0	0	0	0	2	0	1	8	3	0	0	0	0	15	5	0	3	0	0	4	0	1	0	0	9	0	6	2	0	0	6	9	0	18	64	1	0	21	30	6	18	3	21	7	23	0	4	0	0	0	409	1	263	60	390	30	5	14	19	14	13	7	0	0	2	0	3	3	13	8	5	4	1	0	0	12	6	3	3	6	16	3	6	2	81	293	11	57
OTU366	0	1	0	0	0	0	2	2	0	0	2	0	16	4	0	0	0	0	0	0	1	1	2	0	0	0	0	4	1	1	0	0	9	8	7	0	0	0	1	0	0	0	3	2	403	2	0	14	2	1	0	0	21	3	135	11	78	4	31	0	2	6	0	4	7	0	6	8	6	0	0	5	13	26	0	0	2	0	6	3	2	2	32	117	3	5	1	2	1	32	0	8	29	86	13	78	252	3	182	620	441	109
OTU367	0	4	0	0	0	0	0	1	3	0	3	0	4	4	0	0	0	0	2	0	270	1	0	0	0	0	0	7	1	0	0	1	0	238	1	2	9	0	0	0	14	22	12	16	101	24	3	92	1	3	0	221	6	9	12	38	31	7	4	4	0	0	1	169	0	66	5	3	1	16	0	9	49	58	8	0	1	4	0	0	3	199	14	10	0	42	11	0	0	3	20	1	12	0	0	0	0	79	0	0	2	1
OTU368	0	0	0	0	0	0	4	2	1	0	1	4	14	4	2	0	0	0	0	0	0	2	1	0	0	0	1	14	1	0	0	0	0	4	1	0	0	0	1	0	0	1	0	0	0	9	1	0	0	5	0	3	17	0	0	1	37	61	121	0	5	0	6	1	0	1	0	1	5	1	0	0	0	15	0	0	0	0	0	0	3	0	93	0	937	3	0	1	0	15	0	0	6	4	0	7	0	0	0	0	412	0
OTU369	0	1	0	0	0	0	0	0	0	0	1	25	10	6	0	0	0	0	0	0	0	0	0	0	0	0	6	9	0	0	0	0	5	2	1	1	4	1	14	0	1	2	11	16	89	128	0	107	8	4	24	3	4	34	25	57	264	6	25	4	4	0	0	1	0	6	3	0	0	3	0	0	0	15	0	0	1	1	6	0	6	293	35	14	6	6	0	0	5	2	17	1	11	5	6	12	38	10	0	0	4	3
OTU37	21	30	2	7	1	0	44	56	56	0	15	9	141	198	8	1	0	1	47	0	12	24	9	5	8	2	650	393	493	567	386	36	32	463	67	62	102	40	21	1	162	945	31	1429	554	364	1229	1629	31	926	15	108	5481	13	240	197	690	427	1131	19	142	12	11	305	871	534	402	480	734	114	1248	31	1225	1561	43	467	39	32	139	7	193	401	946	407	501	244	393	222	320	187	69	229	277	903	619	567	61	281	8673	1390	1375	320
OTU370	0	10	0	0	0	0	0	0	0	0	0	1	0	3	0	0	0	0	0	0	0	34	9	0	0	0	2	0	0	0	0	0	0	0	0	0	1079	238	0	0	2	0	0	0	7	4	0	0	3	0	1	4	8	6	0	0	10	2	0	0	0	0	0	0	0	0	0	0	1	1	0	0	0	5	0	4	15	23	2	0	7	2	0	0	0	0	0	0	3	1	0	0	0	4	0	0	0	0	0	0	0	0
OTU371	0	2	0	2	0	0	0	0	0	0	57	3	3	6	3	0	0	0	0	0	0	0	0	28	0	0	0	22	0	3	0	0	0	0	1	0	4	9	1207	1	0	0	0	3	1	16	0	2	0	1	2	0	8	0	3	8	29	6	0	0	0	0	0	2	0	0	0	1	0	1	0	3	1	20	0	1	764	82	0	0	10	1	3	0	3	30	10	36	47	19	0	0	1	0	0	4	0	0	1	0	0	0
OTU372	0	0	0	0	0	0	0	0	0	0	7	0	3	3	0	0	0	0	2	0	382	4	1	0	0	1	0	0	0	0	0	1	2	662	1	0	0	0	0	0	0	0	6	0	0	14	0	0	0	0	0	0	4	0	0	12	7	2	0	3	115	0	0	736	2	264	15	2	1	0	0	0	0	9	0	0	0	0	0	0	0	0	3	0	0	171	0	0	0	5	0	0	56	1	0	0	0	202	1	3	2	3
OTU373	0	9	0	3	0	0	0	2	8	0	1	2	30	22	0	0	0	0	3	0	1	5	1	2	0	0	15	102	48	44	7	0	0	0	2	0	84	12	50	0	40	51	46	4	27	28	94	13	6	67	28	17	35	11	4	3	58	11	11	2	0	0	0	0	10	0	9	1	12	45	48	49	12	50	8	63	22	32	33	13	18	14	27	14	17	4	25	38	23	61	32	3	2	15	3	15	11	0	3	0	0	0
OTU374	0	0	0	0	0	0	1	2	0	0	0	0	0	0	0	0	0	0	2	0	2	6	1	0	2	0	0	0	0	0	0	1	1	3	1	1	0	0	0	0	0	0	0	0	0	0	0	0	0	0	0	0	2	0	0	0	0	0	18	1	0	0	0	2	0	0	30	6	485	0	0	0	0	0	0	0	0	0	0	0	0	0	0	0	0	0	0	0	0	0	1	0	1	3	10	6	6	2	96	89	193	337
OTU375	0	0	0	0	0	0	0	1	0	0	1	0	2	1	0	0	0	0	0	0	0	1	0	0	0	0	0	11	0	2	0	0	2	466	1	0	0	0	0	0	1	5	0	0	1	21	0	0	0	0	0	0	2	2	2	14	5	2	1	0	269	0	0	163	0	240	8	7	1	0	4	0	0	4	0	0	0	0	1	0	1	0	6	0	0	67	0	2	0	2	10	0	80	1	0	0	2	211	2	5	1	4
OTU376	0	0	0	0	0	0	0	0	0	2	0	0	14	7	0	0	0	0	0	0	0	0	0	0	0	0	5	14	0	0	0	3	0	0	0	0	3	2	0	0	0	0	2	52	34	0	0	55	1	0	6	6	13	0	20	175	72	128	81	1	1	0	0	0	0	11	1	0	1	1	0	0	0	30	0	0	0	0	2	0	9	58	29	18	0	1	8	0	1	14	100	24	32	16	20	34	550	0	0	0	0	8
OTU377	0	0	0	0	0	0	2	2	2	0	0	1	2	0	0	0	0	0	0	0	0	1	12	1	0	0	0	0	0	2	0	0	2	5	0	3	0	0	0	0	2	0	0	0	0	0	0	0	0	0	0	0	0	0	8	12	34	7	54	1	0	0	0	5	229	0	473	39	694	0	0	0	0	1	0	0	0	0	0	0	0	0	0	0	0	0	1	0	0	1	0	0	2	1	7	0	10	8	14	264	30	17
OTU378	2	0	0	1	0	0	0	0	0	0	0	0	22	16	0	0	1	0	0	0	0	0	0	0	0	0	0	3	7	2	0	0	0	0	0	0	0	1	1	0	6	3	0	0	3	1	0	0	0	1	4	0	10	0	2	0	109	8	0	0	0	0	0	0	0	0	5	2	0	4	1	2	2	26	0	0	0	993	3	2	8	0	4	0	1	2	1	1	14	25	4	0	2	6	1	3	3	0	0	0	0	0
OTU379	0	1	0	4	0	0	6	3	3	0	0	1	9	9	0	0	0	0	0	0	0	0	0	0	1	0	35	37	2	66	44	0	0	0	5	1	0	2	0	0	89	0	0	38	19	5	91	9	8	38	24	1	14	8	146	27	54	60	36	0	2	1	0	4	0	0	1	0	2	37	14	0	145	20	19	3	0	2	67	0	15	162	198	21	4	9	2	0	7	13	0	0	5	6	11	4	41	0	0	1	10	1
OTU38	0	0	0	0	0	0	76	38	0	0	2	3	2	4	0	0	0	0	12	20	25	16	20	16	10	8	0	4	0	0	0	1	19	140	31	25	0	0	0	0	0	0	1	0	0	4	2	0	0	2	0	5	1	2	151	0	83	50	162	38	27	2	0	67	8337	53	4070	2270	6562	0	0	0	0	9	0	4	3	0	0	1	0	3	0	0	0	13	4	0	0	2	0	1	2	166	75	179	48	68	6580	4046	12393	2562
OTU380	0	0	0	0	0	2	1	3	0	0	2	4	16	24	1	0	0	0	1	0	0	0	0	0	0	0	6	14	1	1	13	1	2	0	5	1	11	6	17	1	0	3	15	85	21	77	16	15	4	32	5	2	30	0	843	675	183	77	20	0	0	0	0	3	9	16	5	10	8	35	1	119	182	687	8	13	10	3	0	0	29	10	10	3	30	12	7	2	3	31	1	5	22	45	85	11	24	2	2	0	3	13
OTU381	4	0	0	1	0	0	0	0	0	0	3	0	49	55	1	0	0	0	0	0	1	0	0	0	0	0	0	18	0	1	0	0	0	0	0	0	0	0	2	0	0	0	2	0	1	1	0	0	463	104	1	0	388	726	5	1	34	48	6	0	0	0	0	2	2	0	1	1	0	5	0	3	0	47	0	1	1	0	0	0	8	0	4	0	1	2	3	4	7	52	63	60	14	9	3	1	1	0	11	0	74	0
OTU382	0	0	0	0	0	0	8	5	0	0	1	4	11	12	0	0	0	0	0	0	0	0	0	0	0	0	0	8	4	0	0	0	0	1	86	0	1	0	3	0	3	4	8	1	0	25	8	1	2	1	4	6	13	1	4	1	38	24	6	0	0	0	0	1	0	0	3	0	0	18	3	4276	6	45	176	2	0	6	3	0	92	0	1	1	1	4	6	3	5	16	5	0	3	43	0	2	109	0	0	0	0	4
OTU383	0	1	0	0	0	0	0	0	0	0	0	0	19	15	0	0	0	0	0	0	0	0	0	0	0	0	0	4	0	0	0	0	0	0	0	0	0	0	0	0	0	1	0	0	0	12	0	0	1	0	0	2	26	0	0	0	18	50	0	0	0	0	0	0	0	0	0	0	0	1	0	0	0	17	863	1	0	134	1	0	38	0	3	0	0	1	3	14	0	20	0	0	0	8	1	0	0	0	3	0	0	0
OTU384	0	1	0	3	0	0	3	4	4	0	4	1	10	9	4	0	0	0	6	0	2	0	1	0	0	0	10	336	0	1212	1	0	2	0	5	2	0	0	0	0	10	94	93	6	4	20	243	3	21	93	0	6	10	53	18	24	44	24	61	4	1	1	0	0	269	1	77	87	229	0	0	80	3	50	1	3	0	7	42	2	87	37	2	71	4	1	0	3	3	26	113	0	17	16	13	12	18	7	103	7	2	18
OTU385	0	0	0	1	0	0	0	0	0	0	0	2	11	11	1	0	0	0	0	0	0	0	0	0	1	0	2	10	0	0	0	0	0	0	0	0	5	2	0	0	0	1	0	0	24	1	1	0	0	0	0	1	10	0	0	3	31	7	130	0	0	0	0	0	0	0	0	0	2	3	0	0	0	128	0	0	2	2	13	0	7	1	0	0	0	6	1	1	9	27	1128	0	58	8	7	20	102	1	5	0	0	2
OTU386	0	3	0	1	0	0	0	0	0	0	1	2	1	4	0	0	0	0	0	0	0	0	3	0	0	0	3	133	0	96	1	4	1	0	0	0	2	16	0	0	4	2	25	296	104	30	7	25	1	11	0	23	2	4	75	25	29	17	6	0	3	0	0	2	0	0	0	0	0	8	9	2	22	21	0	40	45	3	9	5	23	8	66	11	25	6	7	1	2	10	4	6	2	11	11	11	11	0	0	0	0	0
OTU387	438	757	0	0	0	0	0	0	0	0	0	4	0	2	0	0	0	0	2	0	0	0	0	0	0	0	0	2	0	0	2	0	1	0	0	0	0	1	0	0	0	0	0	0	0	1	0	1	1	0	0	0	10	3	0	1	12	0	0	0	0	0	0	0	0	0	0	0	0	0	0	1	0	18	0	1	0	2	0	0	5	0	1	0	0	1	4	0	5	6	0	0	43	4	0	1	0	0	0	1	0	0
OTU388	0	0	0	1	0	0	0	5	1	0	0	0	6	6	2	0	2	1	0	0	0	0	0	0	0	0	0	5	1	0	0	0	0	0	0	0	0	1	0	0	1	0	0	1	9	1	0	2	0	2	1	8	11	1	0	0	48	8	1	0	0	0	0	5	0	5	0	0	14	0	2	0	129	1021	14	1	1	0	1	0	1	2	1	2	0	0	0	0	2	4	0	1	1	4	1	4	7	0	0	0	0	0
OTU389	0	0	0	5	0	0	1	0	2	0	0	3	36	27	0	0	0	0	0	0	0	2	0	1	1	0	40	71	3	118	0	0	0	3	0	2	0	0	1	0	0	3	0	16	10	7	11	30	825	1252	6	4	314	13	20	193	48	71	41	1	0	0	0	0	2	2	21	2	0	2	0	55	17	116	84	1	0	0	21	0	62	4	12	2	8	6	3	1	1	68	77	0	9	14	25	17	8	2	4	216	24	1
OTU39	19	15	1	22	0	0	46	7	29	2	35	30	76	134	6	0	0	0	7	0	326	8	0	0	18	0	141	273	40	350	237	0	2	1	13	0	58	19	7	1	170	192	20439	36	59	54	28	39	98	67	184	254	298	742	116	50	699	102	598	8	8	1	0	4	3	0	18	8	14	105	97	1079	408	412	71	12	19	17	1387	72	2404	293	168	22	26	25	9	182	554	787	1228	245	102	117	28	106	65	0	44	1	41	11
OTU390	4	0	0	1	0	0	6	0	0	0	5	1	4	7	0	0	0	0	1	0	0	0	0	0	6	1	1	20	0	0	1	0	0	0	0	0	0	2	0	0	0	0	0	0	4	0	0	7	0	12	0	89	203	3	10	0	10	17	12	0	0	0	0	2	0	0	1	0	1	0	0	3	0	13	0	0	2	0	122	7	414	7	12	0	4	6	0	0	3	46	17	60	9	43	8	24	0	1	43	25	19	19
OTU391	0	10	0	3	0	0	0	0	2	3	0	5	43	24	0	0	0	0	0	0	0	0	0	0	0	0	2	26	6	58	5	0	0	1	2	2	4	8	1	1	3	0	1	19	23	36	13	30	8	9	5	14	49	3	65	23	353	84	35	4	2	52	0	0	0	0	10	3	0	13	1	17	51	83	3	2	6	2	2	5	11	61	46	2382	115	9	4	4	7	31	4	5	13	215	10	311	1254	0	10	0	12	11
OTU392	0	0	0	0	0	0	2	0	0	0	0	0	0	0	0	0	0	0	0	0	0	0	0	0	0	0	0	0	0	0	0	0	2	14	0	6	0	0	0	0	0	0	0	0	0	0	0	0	0	0	0	0	0	0	0	0	0	0	0	0	1	2	0	0	1	1	38	0	0	0	0	0	0	0	0	0	0	0	0	0	0	0	0	0	0	0	0	0	0	0	0	0	0	37	2	2	2	6	1381	320	412	267
OTU393	0	1	0	0	0	0	1	1	0	0	2	1	0	1	0	0	0	0	0	0	536	0	0	2	1	0	0	0	0	0	0	0	0	245	0	0	0	0	0	0	0	0	16	0	0	7	1	0	0	0	0	0	0	0	0	8	4	0	0	0	64	0	0	186	0	72	9	2	2	0	0	0	0	3	0	0	1	0	0	0	0	0	3	0	0	53	0	0	0	4	1	0	11	0	1	0	0	87	0	0	0	0
OTU394	4	3	2	1	0	0	16	3	1	0	5	4	10	14	0	0	0	0	0	0	0	0	0	0	4	0	81	84	99	189	55	0	4	0	8	4	6	1	26	0	8	16	2	16	54	44	20	31	26	33	7	20	154	7	21	21	82	27	60	1	2	2	0	0	1	1	4	0	1	66	213	64	42	107	30	15	36	1	75	41	1042	85	76	28	19	8	8	11	29	25	29	13	8	24	12	18	5	0	0	0	2	0
OTU395	3	0	0	1	0	0	8	0	3	2	3	0	0	13	0	0	0	0	0	0	0	1	3	5	0	0	3	3	1	0	4	0	0	0	7	0	3	160	129	0	28	3	9	1	0	6	3	0	16	40	7	6	12	11	0	2	27	11	1	0	0	0	0	0	0	1	0	0	0	8	0	150	0	26	2	127	185	65	7	58	18	0	1	2	0	5	25	40	8	7	3	14	1	7	3	1	0	0	0	0	0	0
OTU396	0	0	0	0	0	0	3	0	0	0	0	0	0	0	0	0	0	0	0	0	0	2	4	0	3	0	0	0	0	0	0	0	1	4	0	0	0	0	0	0	0	0	0	0	0	0	0	0	0	0	0	0	2	0	0	0	0	0	0	1	1	1	0	5	1	1	34	5	3	0	0	0	0	0	0	0	0	0	0	0	0	0	0	0	0	0	0	0	0	0	0	0	0	25	2	0	7	1	744	81	10	416
OTU397	0	2	0	0	0	0	0	1	0	0	1	0	12	13	0	0	0	0	0	0	0	0	0	0	0	0	0	39	0	9	7	0	1	5	2	0	0	0	0	0	0	11	62	0	46	121	35	0	97	5	40	73	148	1	26	3	38	25	0	0	2	4	0	0	0	0	0	0	0	0	0	3	8	24	0	0	9	0	7	0	2	7	89	116	59	3	0	2	5	16	0	0	9	7	15	62	53	0	0	0	1	3
OTU398	0	0	0	0	0	0	1	5	0	0	0	0	11	0	0	0	0	0	1090	0	1	0	2	0	0	4	0	0	0	0	0	0	1	1	0	0	0	0	0	0	0	7	0	0	0	0	0	0	0	0	0	0	0	0	0	0	1	0	0	532	25	0	465	0	0	1	3	15	2	0	0	0	0	1	0	0	0	0	0	0	0	1	1	0	4	0	0	0	0	0	0	0	0	0	0	0	0	4	3	2	0	0
OTU399	4	0	0	0	0	0	0	1	5	0	4	0	4	5	1	0	0	0	0	0	0	1	4	0	1	3	10	100	31	14	10	0	0	2	2	0	74	62	79	0	38	47	50	1	0	5	61	4	15	34	39	27	37	14	1	3	16	15	7	0	0	0	0	0	0	0	45	12	3	167	145	133	15	25	33	40	182	56	46	37	56	1	10	11	16	1	115	89	90	24	22	22	4	11	5	2	9	0	2	0	0	0
OTU4	71	148	2	99	1	4	73	265	270	5	204	200	462	799	27	3	9	1	142	1	45	89	92	121	87	33	707	9157	888	3256	1000	848	110	192	324	66	971	1065	4377	1	7077	3634	1089	2529	4480	1575	2142	1891	3164	4043	9492	2138	2392	1748	2093	3044	4925	1649	3036	180	75	27	38	113	5839	189	10584	8032	17718	4001	2709	1737	4338	4987	1627	6104	2646	1359	2986	490	1227	4796	1430	1157	1698	486	1490	737	12606	3061	1159	552	686	2715	1052	1253	1366	210	9764	4792	2252	1342
OTU40	0	30	0	35	0	1	7	2	48	14	118	91	140	160	3	0	3	0	7	0	2	15	30	3	0	0	705	141	5212	52	2134	0	7	12	2	3	377	1474	45	0	36	586	50	15	131	533	115	14	9	429	286	33	545	16	41	17	1539	272	57	1	2	0	0	22	2	0	41	33	38	4330	474	65	11	415	2306	182	5468	1616	17	23	287	39	32	22	7	19	954	241	179	171	31	6	21	251	19	368	22	7	7	0	13	15
OTU400	1	14	3	0	0	0	0	3	5	0	1	3	14	8	1	0	0	0	0	0	0	2	1	0	3	0	1	40	45	31	6	0	0	0	28	1	2	0	6	0	6	19	34	39	117	26	5	21	14	49	91	20	104	3	16	23	140	20	155	2	0	1	0	0	0	2	2	0	4	29	0	1047	10	43	6	0	20	31	73	0	3	44	17	34	6	1	9	68	7	23	11	13	25	18	17	27	75	1	0	0	0	3
OTU401	0	1	0	0	0	0	2	0	4	0	0	0	14	6	0	0	0	0	3	0	0	0	2	0	0	0	3	2	2	6	0	0	0	1	4	0	54	0	82	0	1	173	3	0	4	1	2	2	1	3	0	1	12	0	4	9	36	11	1	0	0	0	0	0	54	2	9	143	34	72	1	0	26	21	15	10	21	184	13	169	1	2	4	2	0	0	9	0	0	6	10	0	10	0	36	1	0	0	1	0	0	4
OTU402	0	0	0	0	0	0	2	0	0	0	0	0	0	0	0	0	0	0	0	0	0	0	0	0	1	0	0	0	0	0	0	0	1	16	1	0	0	0	0	0	0	2	0	0	0	0	0	0	0	0	0	0	0	0	0	0	0	0	0	2	3	1	0	2	2	4	3	2	0	0	0	0	0	0	0	0	0	0	0	0	0	0	0	0	0	0	0	0	0	0	0	0	0	0	13	10	0	0	23	565	424	4
OTU403	0	2	0	0	0	0	3	0	0	0	1	0	1	0	0	0	0	0	5	0	578	0	0	0	0	4	0	3	0	0	0	0	0	217	2	0	0	0	0	0	0	0	9	0	0	3	0	0	0	1	0	1	2	3	0	7	1	0	0	0	30	0	0	256	1	133	12	0	0	1	0	0	0	0	0	0	0	0	0	0	0	0	2	0	0	60	0	0	2	6	1	0	29	0	4	4	0	146	1	1	2	0
OTU404	0	4	0	0	0	0	0	3	12	1	2	8	16	4	0	0	0	0	0	0	2	0	0	0	0	0	3	25	1	14	1	1	1	0	0	0	28	68	27	0	483	54	28	61	22	10	0	0	24	91	25	5	25	76	91	6	143	38	4	0	0	0	0	2	5	4	7	0	6	114	30	11	410	172	96	36	162	11	9	4	34	21	14	74	4	13	4	6	29	6	8	11	13	8	5	10	8	1	0	0	0	0
OTU405	0	3	0	1	0	4	0	2	1	0	2	0	11	15	0	0	0	0	0	0	0	0	0	0	0	0	197	58	158	26	248	0	4	1	0	0	0	0	9	0	2	3	11	0	32	79	67	2	1	0	2	4	10	9	0	1	42	10	6	0	0	1	0	3	0	0	0	0	2	0	0	0	39	8	0	0	0	1	0	0	8	7	28	8	32	0	0	0	16	9	1	4	0	21	1	2	0	0	0	0	0	0
OTU406	0	3	0	1	0	0	0	2	8	0	3	1	17	23	3	0	0	0	0	0	6	1	1	1	3	0	0	52	0	19	12	5	1	153	2	5	10	25	62	0	150	11	112	106	33	45	16	19	11	31	2	180	25	38	4	78	57	13	8	6	0	0	0	25	0	28	3	0	0	78	0	85	182	89	42	17	82	21	38	2	27	189	6	38	66	26	83	30	13	33	74	7	19	34	2	10	27	18	3	0	2	0
OTU407	0	0	0	0	0	0	1	7	2	0	13	0	5	14	0	0	1	0	0	0	1	0	0	0	0	0	6	25	14	20	22	0	0	0	0	0	127	5	29	0	3	28	1	2	5	17	16	4	5	20	0	11	14	1	6	1	37	10	2	0	0	0	0	0	0	0	6	1	0	9	8	0	0	16	0	220	424	63	7	10	16	0	3	5	12	0	44	8	52	13	9	2	0	9	4	9	2	0	0	0	0	0
OTU408	0	0	0	0	0	0	0	3	0	0	3	0	8	5	0	0	0	0	2	0	0	1	0	0	0	0	37	4	0	21	34	0	0	303	8	0	1	0	1	0	0	0	1	3	0	10	7	48	0	0	0	4	3	0	6	24	23	5	40	6	1	1	3	168	5	126	166	19	10	7	1	10	0	2	0	1	1	1	11	0	1	7	33	7	46	62	0	0	0	8	4	0	48	35	8	3	5	99	661	90	133	51
OTU409	0	0	0	0	0	0	0	2	0	0	0	0	0	0	0	0	0	0	0	1	559	0	0	0	0	0	0	0	0	0	0	0	0	164	3	0	0	0	0	0	0	0	17	0	1	4	0	0	0	0	1	0	0	0	0	2	0	0	0	2	162	0	0	121	0	34	7	3	6	0	0	0	0	0	0	0	0	0	0	0	2	0	9	0	1	25	0	0	1	0	0	0	20	0	0	0	1	63	2	0	0	1
OTU41	0	44	2	13	0	1	3	24	11	6	41	10	130	136	0	0	1	0	11	0	0	96	7	16	0	70	614	1327	8696	751	1097	0	7	3	25	0	4495	151	586	0	18	184	107	8	26	27	91	15	17	149	284	36	186	7	37	148	364	134	37	0	3	0	0	8	0	6	4	5	14	58	1141	268	63	380	26	1425	933	324	39	5230	54	21	50	63	10	19	220	1059	251	162	43	14	204	188	42	56	40	10	3	0	10	0
OTU410	0	0	0	0	0	0	0	0	0	0	1	0	2	0	0	0	0	0	2	948	0	0	0	0	0	1	0	0	0	0	0	0	0	91	0	2	0	0	0	10	0	0	0	0	0	2	0	0	0	0	0	0	0	0	0	5	2	0	0	0	168	0	0	32	1	27	21	2	2	0	0	0	0	0	0	0	0	0	0	0	0	0	2	0	0	4	0	0	0	2	0	0	19	0	4	0	0	18	0	21	1	0
OTU411	0	0	0	0	0	0	6	3	0	0	0	0	0	0	0	0	0	0	0	0	0	0	0	0	0	0	0	0	0	0	0	0	1	1	0	1	0	0	0	0	1	0	0	0	0	0	0	0	0	0	0	0	0	0	0	0	20	0	2	0	0	0	0	0	133	1	859	5	78	0	0	0	0	0	0	0	0	1	0	0	0	0	0	0	0	0	0	0	0	0	0	0	0	0	1	0	1	2	0	73	2	0
OTU412	0	0	0	0	0	0	0	0	6	0	0	0	7	9	1	0	0	0	3	0	0	3	0	0	7	0	2	29	7	0	15	1	0	1	0	0	3	0	0	0	341	0	9	136	21	1	4	1	210	951	2	6	44	10	31	39	31	10	4	0	2	1	0	0	0	0	0	0	6	29	2	22	3	214	10	0	6	2	271	1	4	7	16	67	8	2	3	0	3	4	0	3	15	10	0	225	3	1	0	0	3	0
OTU413	0	1	0	1	0	0	0	1	29	0	1	0	6	13	0	0	0	0	0	0	0	0	0	0	0	0	0	1	0	1	0	0	0	0	0	0	5	0	0	0	720	0	0	106	12	87	2	0	0	0	1	0	9	0	16	69	21	9	11	1	0	0	0	0	0	2	0	1	0	2	2	0	0	9	10	2	0	0	3	0	8	63	0	13	0	0	7	1	0	12	0	0	12	0	0	1	4	0	0	0	0	1
OTU414	0	0	0	3	0	0	1	2	5	0	0	1	14	9	0	0	0	0	1	0	0	0	0	0	3	0	0	3	28	1	0	0	0	0	1	0	1	0	0	0	6	24	1	0	3	2	0	0	0	576	0	2	13	1	0	0	16	7	2	0	0	0	0	0	0	0	0	0	7	14	21	1	46	212	0	0	1	7	118	0	35	2	1	4	5	8	193	66	1	24	0	2	5	5	0	7	1	0	0	0	0	0
OTU415	0	4	0	0	0	0	0	2	0	0	5	3	9	11	0	0	2	0	0	0	0	12	0	0	0	0	0	1	0	0	0	0	1	0	0	0	330	44	10	0	5	0	0	0	1	1	0	0	1	0	0	1	11	4	0	0	59	2	3	0	0	0	0	0	0	0	0	0	0	8	0	28	0	25	0	45	118	487	1	4	5	3	6	0	0	0	0	0	5	14	0	3	1	0	0	3	0	0	0	0	0	0
OTU416	1	5	0	0	0	0	0	1	41	0	6	1	3	7	0	0	0	0	3	0	0	0	0	1	0	0	0	14	3	12	0	0	0	0	2	0	1	0	26	0	8	7	9	0	3	3	103	4	13	6	19	5	7	4	5	12	26	7	13	12	0	0	0	1	8	0	0	3	0	61	10	25	5	34	2	35	41	51	14	1	3	377	8	0	5	1	26	29	25	58	3	10	7	11	3	2	0	0	3	0	2	4
OTU417	0	3	1	1	0	5	0	1	2	0	0	0	17	22	0	0	0	0	0	0	5	2	0	1	1	0	26	112	11	149	45	0	0	3	12	0	46	22	53	0	14	32	27	17	52	31	178	14	27	64	16	10	35	24	23	28	32	17	11	0	0	0	0	1	19	4	18	31	36	9	3	45	38	30	4	48	5	23	32	0	8	31	25	25	5	0	5	8	9	71	3	4	3	25	2	12	51	5	100	53	23	54
OTU418	90	0	0	0	0	0	2	4	1	0	2	1	20	14	0	0	0	0	0	0	4	0	0	0	0	0	0	10	1	1	0	0	0	0	4	2	2	1	0	0	1	0	232	1	0	4	5	2	4	1	0	5	15	159	0	34	41	11	22	1	3	0	0	1	57	0	14	19	189	0	3	2	13	11	2	1	0	0	0	0	26	98	5	0	0	2	0	0	7	36	1	696	84	7	31	5	14	2	8	0	35	0
OTU419	0	1	0	0	0	0	0	0	0	3	0	0	3	6	0	0	0	0	0	0	0	1	0	0	0	0	3	3	4	2	1	0	3	56	0	0	0	0	1	1	0	3	0	57	119	38	21	5	4	0	0	1	22	1	18	596	16	96	2	0	0	0	0	0	33	11	10	2	23	5	2	6	67	11	1	0	2	2	0	0	1	0	3	9	1	7	0	0	0	6	1	0	20	6	1	19	6	1	43	0	41	0
OTU42	16	21	0	8	1	0	10	8	4	1	13	5	102	120	1	0	0	2	0	0	37	1	3	2	9	6	10	1050	12	1420	211	9	15	39	11	111	21	3	19	0	378	19	1495	221	439	510	260	4469	50	271	10	59	167	16	489	388	1042	172	678	1	29	1	3	21	257	14	314	134	60	35	9	22	51	1151	5	12	11	16	507	9	57	50	1653	48	248	78	13	19	65	196	4	204	243	116	547	1228	698	19	244	995	1413	100
OTU420	0	2	0	1	1	0	0	0	3	0	11	0	2	5	0	0	0	0	0	0	2	0	0	0	0	1	2	20	1	9	0	0	0	0	2	1	9	9	21	0	38	11	26	0	13	1	1	0	1	19	10	68	48	2	5	0	15	6	3	1	0	0	0	0	0	0	2	2	2	40	18	43	35	25	7	8	427	8	85	6	22	6	21	2	0	3	14	15	25	39	6	5	6	16	0	2	3	0	0	0	1	0
OTU421	0	5	0	0	0	0	0	0	1	0	0	1	11	2	0	0	0	0	5	0	0	0	0	0	0	0	0	7	1	0	2	0	0	13	0	0	2	0	0	0	3	131	1	4	5	491	1	19	0	0	1	11	10	0	7	13	71	18	5	0	0	0	0	2	0	0	1	0	0	2	0	0	26	149	200	0	0	1	0	0	21	18	2	4	28	0	1	0	3	3	11	0	4	73	0	3	2	2	4	0	0	0
OTU422	0	0	0	0	0	0	0	0	0	0	0	0	0	0	0	0	0	0	0	0	3	0	985	0	0	0	0	0	0	0	0	0	0	5	0	0	0	18	0	0	0	0	0	0	0	0	0	0	0	0	0	0	0	0	0	0	0	0	0	0	0	0	0	0	3	0	3	0	0	0	0	0	0	0	0	0	0	0	0	0	0	0	0	0	0	0	0	0	0	0	0	0	0	0	0	0	0	0	0	0	0	0
OTU423	1	2	0	1	0	0	3	5	0	0	1	1	13	17	0	2	0	0	1	0	3	0	0	1	0	4	9	10	9	0	71	0	1	0	1	0	0	0	21	0	40	16	6	6	22	1	21	47	16	77	53	55	6	11	1	9	56	7	3	0	5	1	0	1	0	2	1	0	0	17	0	0	1	20	15	65	2	53	63	243	123	37	99	4	5	1	2	65	2	123	8	6	10	12	8	8	2	0	0	1	0	0
OTU424	0	0	0	0	0	0	0	0	0	0	0	1	6	17	0	0	0	0	0	0	0	0	0	0	0	0	25	8	29	2	439	0	0	0	1	0	0	1	2	0	0	0	13	0	1	52	6	0	0	0	0	14	37	1	1	11	45	15	3	0	0	0	0	10	0	0	0	0	2	0	36	10	0	143	31	25	0	0	1	6	1	1	5	1	18	5	1	3	17	14	8	0	2	73	59	16	3	0	3	0	0	0
OTU425	0	2	0	0	0	0	0	1	0	2	0	0	12	25	0	0	0	0	0	0	0	7	1	0	0	1	4	25	0	0	0	0	0	0	0	0	138	17	12	0	0	0	5	0	3	0	5	0	0	0	3	1	81	0	6	5	26	7	0	1	0	0	0	0	7	0	2	1	2	88	7	8	14	29	32	0	0	11	12	134	4	0	3	0	0	0	14	2	15	384	0	0	4	21	0	1	0	0	0	0	2	0
OTU426	7	7	0	3	0	0	7	18	16	0	0	3	64	42	0	0	0	3	5	0	19	4	2	0	0	1	33	985	2	320	105	2	1	12	6	1	137	37	4	0	76	137	664	40	176	335	56	34	187	195	0	10	340	8	2	602	136	63	100	17	4	1	0	3	21	13	68	9	1782	188	112	168	788	160	8	8	7	4	81	15	153	323	165	42	209	3	0	13	39	73	67	73	56	35	3	12	108	11	4	187	6	111
OTU427	0	0	0	0	0	0	1	0	0	0	1	0	0	0	0	0	0	0	0	0	0	0	0	0	1	2	0	0	0	0	0	0	3	1	0	4	0	0	0	0	0	0	0	0	0	0	0	0	0	0	0	0	0	0	0	0	0	0	0	3	2	0	0	2	1	0	1	1	1	0	0	0	0	0	0	0	0	0	1	0	0	0	0	0	0	0	0	0	0	0	0	0	0	0	0	34	0	1	2	1	1082	3
OTU428	0	0	0	0	0	0	1	0	0	0	0	0	0	4	0	0	0	0	0	0	0	0	340	290	0	0	0	0	0	0	0	0	1	2	0	0	0	7	0	0	0	0	0	0	0	0	0	0	0	0	0	0	0	0	0	0	0	0	0	0	135	152	0	4	2	0	6	0	0	0	0	0	0	0	0	0	0	0	0	0	0	0	0	1	0	0	0	0	0	0	0	0	0	0	0	0	0	0	1	0	0	0
OTU429	0	0	0	0	0	0	1	0	0	0	0	0	0	0	0	0	0	0	1	0	1	5	0	0	0	1	0	0	1	0	0	0	0	17	0	0	0	0	0	0	0	0	0	0	0	0	0	0	0	0	0	0	0	0	0	0	0	0	10	0	2	0	0	0	1	0	65	4	10	0	0	0	0	0	0	0	2	0	0	0	0	0	0	0	0	0	0	1	0	0	1	0	0	5	3	0	7	8	129	546	5	570
OTU43	0	23	0	12	0	0	12	5	1	0	8	72	50	44	0	0	0	0	12	0	3	1	14	3	3	0	538	104	51	140	72	6	16	27	37	13	11	505	1	2	10	8	9	157	601	195	93	125	634	13	5	43	1088	15	175	135	852	137	1050	6	137	0	2	7	57	15	7007	1131	104	13	62	97	61	223	2	1	16	16	2	4	72	81	6306	49	66	30	4	4	1083	50	39	4	22	789	63	382	449	6	642	27	458	370
OTU430	0	0	0	0	0	0	0	0	2	0	5	2	2	9	0	0	0	0	1	0	1	0	0	0	0	0	0	5	0	0	0	0	0	0	2	0	1	4	1	0	1	18	5	0	0	1	5	0	27	15	5	104	201	26	5	1	18	1	10	0	0	0	0	0	0	0	1	0	0	19	39	386	35	32	0	0	0	1	36	20	9	0	0	0	0	1	1	0	0	39	35	15	1	1	1	0	2	0	0	0	0	0
OTU431	0	0	0	4	0	0	0	0	0	0	2	0	3	2	0	0	0	0	0	0	2	2	0	0	20	0	2	5	160	6	0	0	2	0	0	0	1	0	0	0	1	6	2	4	67	4	2	18	6	33	6	17	11	0	32	32	23	8	2	932	6	0	0	5	4	3	5	0	0	12	10	2	12	18	0	0	0	0	917	2	2	59	0	18	8	1	0	5	2	2	0	0	7	2	3	30	103	7	1	6	4	121
OTU432	3	0	0	0	0	0	1	5	3	0	5	0	3	8	0	0	0	0	2	0	1	0	4	0	0	0	1	69	131	6	13	0	1	1	7	2	15	35	27	0	57	42	8	2	1	18	22	2	6	22	16	6	47	1	15	3	39	20	10	1	2	0	2	2	245	0	328	228	115	81	57	29	9	19	8	16	133	38	0	32	29	26	4	10	14	0	35	81	130	17	4	9	2	6	1	2	10	0	0	0	0	1
OTU433	0	4	0	1	0	0	2	0	3	0	3	0	3	13	1	0	0	0	3	0	0	13	0	0	0	0	0	12	3	0	0	0	0	0	0	0	398	70	1	0	9	14	36	1	0	5	1	2	31	8	3	18	18	3	0	0	8	3	6	0	0	0	0	0	5	0	1	3	5	2	179	57	16	36	26	6	145	12	41	3	13	2	42	0	0	0	135	0	1	0	1	19	8	2	0	9	2	0	0	0	0	0
OTU434	0	0	0	0	0	0	0	9	1	0	0	1	8	10	0	0	0	0	0	0	0	0	0	0	0	0	6	12	4	10	0	0	0	0	1	2	0	2	0	3	0	0	0	0	9	0	1	35	134	3	0	295	13	76	7	5	17	7	30	0	0	0	0	0	0	0	1	0	0	1	1	46	406	9	4	0	0	0	17	0	10	8	3	8	0	0	0	4	0	26	0	0	3	8	0	11	2	0	0	0	0	0
OTU435	0	0	0	0	0	0	0	0	0	0	0	0	0	0	0	0	0	0	0	0	0	0	0	0	0	0	0	0	0	0	0	806	0	148	0	0	0	0	0	0	0	1	0	6	0	0	0	0	0	0	0	0	37	0	5	0	0	0	4	0	1	0	0	0	107	3	9	2	17	0	0	0	22	0	0	0	0	0	0	0	0	2	0	1	1	0	0	0	0	0	0	0	0	0	0	0	0	0	1	1	4	0
OTU436	0	0	0	0	0	0	1	0	0	0	0	0	2	0	0	0	0	0	0	0	0	0	4	0	0	3	0	0	0	0	0	1	0	10	0	0	0	0	0	0	0	0	0	0	0	0	0	0	0	0	0	0	0	0	0	0	2	0	0	2	1	0	0	0	0	0	3	0	0	0	0	0	0	0	0	0	0	0	0	9	0	0	0	0	0	0	0	0	1	0	0	0	0	42	6	3	0	0	1150	381	27	0
OTU437	0	0	0	0	0	0	2	0	0	0	0	2	0	0	0	0	0	0	0	0	0	0	12	1	0	0	0	0	0	0	0	0	1	0	0	2	0	0	1	0	0	0	0	0	0	0	0	0	0	0	0	0	0	0	2	0	0	1	14	0	0	1	0	5	141	0	52	14	761	0	0	0	0	0	0	0	0	0	0	0	0	0	0	0	0	0	0	0	0	0	0	0	0	4	0	0	0	3	50	0	16	20
OTU438	0	0	0	4	0	0	3	0	13	0	5	1	25	15	0	0	0	0	0	0	229	0	2	2	0	0	14	9	24	0	18	0	0	0	6	0	37	276	140	0	203	2	160	0	0	18	0	1	11	44	0	9	19	17	1	4	49	28	231	0	1	0	0	3	0	7	1	0	6	12	1	125	1	28	0	260	25	103	1	27	33	4	12	0	0	3	74	3	85	20	0	0	6	20	17	14	12	0	0	0	1	0
OTU439	0	1	0	1	0	0	0	0	31	0	0	9	4	0	0	0	0	0	16	0	0	0	0	0	0	0	22	5	0	0	0	0	0	0	0	0	0	1	0	0	0	1219	0	0	0	0	2	0	0	0	1	1	6	0	0	0	8	1	4	0	0	0	0	0	0	0	0	0	0	0	0	1	0	12	0	0	1	2	2	0	9	0	0	0	0	2	0	0	0	9	0	0	0	0	0	0	0	0	0	0	1	0
OTU44	1	7	0	11	0	1	6	12	23	1	25	12	153	147	3	2	0	0	5	0	3	3	15	11	5	0	9	98	6226	30	4	1	3	4	76	0	24	34	718	1	342	48	18	4	16	38	22	9	59	116	442	25	239	4	32	28	452	249	43	6	1	0	0	1	3	0	17	6	10	30	4799	36	848	359	2704	9	5	2005	216	15	166	800	36	9	6	67	12	477	7341	218	12	9	123	728	18	38	11	4	19	0	22	1
OTU440	0	0	1	0	0	0	0	0	1	0	0	0	20	6	0	0	0	0	0	0	0	0	0	0	0	0	0	3	0	0	0	0	0	0	0	0	1	1	1	0	2	0	0	0	8	2	0	30	3	0	0	0	12	0	138	0	79	6	363	0	0	6	0	0	7	0	1	0	20	1	0	0	0	9	0	0	1	3	5	1	7	1	4	474	0	0	0	1	1	26	0	0	22	1	0	0	2	0	0	0	1	21
OTU441	0	0	0	0	0	0	0	0	2	0	0	0	1	0	0	0	244	0	0	572	0	1	0	0	0	0	0	0	0	0	0	0	0	5	0	0	0	0	0	6	0	0	0	0	0	0	0	0	0	0	0	2	2	0	0	0	3	0	0	0	0	0	148	0	0	0	15	5	0	1	0	0	0	2	0	0	0	0	0	0	0	0	0	0	0	0	0	0	0	0	0	0	0	0	0	0	0	0	4	0	2	0
OTU442	3	0	0	0	0	0	0	2	1	0	1	0	4	8	1	0	0	2	0	0	0	0	0	2	0	0	0	3	4	0	0	0	0	0	1	0	10	4	121	0	11	1	23	3	4	3	3	0	8	43	20	0	12	7	0	0	47	5	0	5	0	2	0	0	0	0	1	3	0	63	0	40	9	25	6	206	43	15	12	3	2	84	8	29	5	0	0	0	0	20	3	7	1	4	0	0	20	0	0	0	0	0
OTU443	0	2	0	2	0	0	0	0	0	1	18	0	1	4	0	0	0	0	0	0	0	0	0	16	0	0	0	0	0	1	3	0	0	0	0	0	0	2	436	0	0	1	2	0	0	1	0	0	0	0	0	2	5	0	0	0	1	0	1	1	0	0	0	0	0	0	0	3	0	0	0	1	0	5	0	0	563	0	0	0	2	7	2	0	0	18	2	0	1	5	0	1	0	1	0	4	0	0	0	5	0	2
OTU444	0	0	0	0	0	0	3	1	0	1	8	0	7	5	0	0	0	0	2	0	592	2	1	2	0	0	0	3	0	0	0	0	1	645	0	2	1	0	0	0	2	0	11	0	0	3	0	0	0	0	0	0	7	0	0	5	0	4	0	0	256	0	0	393	2	112	4	4	7	3	0	0	0	2	0	0	1	0	0	0	1	0	5	0	0	90	0	0	0	5	0	0	38	0	0	1	0	146	0	2	0	0
OTU445	0	0	0	0	0	0	0	0	0	0	0	0	0	0	0	0	0	0	0	0	498	204	0	0	0	0	0	0	0	0	0	0	0	126	0	0	38	0	0	0	0	0	10	0	0	5	0	0	0	0	0	0	0	0	1	0	0	0	0	0	177	0	0	75	0	53	0	0	2	0	1	0	0	0	0	0	0	0	0	0	0	0	1	0	0	27	0	0	0	0	0	0	13	0	0	0	0	55	0	1	1	0
OTU446	0	0	0	0	0	0	1	0	0	0	0	0	0	0	0	0	0	0	1	858	0	0	0	0	0	0	0	0	0	0	0	0	0	0	0	0	0	0	0	15	0	0	0	0	0	0	0	0	0	0	0	0	0	0	0	0	0	0	0	0	1	0	0	0	0	0	8	0	1	0	0	0	0	0	0	0	0	0	0	0	0	0	0	0	0	0	0	0	0	0	0	0	0	0	0	0	0	1	0	0	0	3
OTU447	0	0	0	0	0	0	0	0	1	0	5	0	0	0	0	0	0	0	0	0	569	1	2	0	0	1	0	1	0	3	0	0	0	469	1	6	0	0	0	0	0	0	20	0	0	8	1	0	0	0	0	2	1	0	0	2	4	2	0	2	0	0	0	91	0	65	15	2	1	0	0	0	0	1	0	0	0	0	0	0	1	0	0	0	0	80	0	0	0	0	0	0	21	2	0	1	0	70	0	5	0	0
OTU448	0	4	0	1	0	0	0	1	0	0	0	0	5	1	0	0	0	0	0	0	0	2	0	2	0	0	0	4	0	0	0	18	4	3	0	0	3	0	0	0	0	0	6	852	148	0	3	1	0	0	1	0	0	1	1	0	9	5	3	0	0	0	0	1	30	4	1	0	0	0	0	0	0	9	1	0	0	1	0	0	7	0	3	0	2	0	0	1	0	5	0	1	2	2	4	8	0	0	0	0	1	0
OTU449	1	10	0	0	0	0	8	5	16	0	1	10	30	20	0	0	0	0	7	0	12	11	1	0	6	1	59	101	39	9	21	0	2	4	0	2	350	5	37	1	103	291	324	29	50	37	15	24	46	20	3	72	457	11	47	22	110	25	131	0	0	0	0	0	2	1	1	3	6	33	59	52	115	202	12	51	91	6	258	142	68	82	61	42	33	5	72	10	30	106	176	37	31	48	24	18	54	2	2	0	0	2
OTU45	20	35	0	39	0	10	8	8	34	0	39	249	264	343	1	2	2	0	30	0	5	14	7	6	12	1	3352	3433	5285	2771	4744	30	31	25	42	29	331	134	63	0	189	755	341	1096	896	1030	1494	713	650	1226	327	427	905	72	1176	994	3604	639	582	18	2	3	6	82	636	25	913	523	606	425	542	979	197	1042	295	160	141	274	306	79	246	874	470	346	825	83	478	245	834	808	168	146	188	921	1103	736	96	8	159	188	88	276
OTU450	0	1	0	0	0	0	0	0	0	0	0	2	0	0	0	0	0	0	1	0	0	6	0	0	0	0	0	4	0	0	0	2	0	2	0	0	0	0	0	0	0	0	0	220	20	3	8	0	0	2	0	20	3	0	1	0	13	3	35	0	0	1	0	0	0	0	4	0	565	0	0	6	0	7	0	0	0	1	0	0	1	0	12	0	10	0	0	0	0	0	0	1	0	0	2	2	0	2	0	0	0	0
OTU451	0	0	0	0	0	0	1	0	0	0	0	0	0	0	0	0	0	0	0	0	1	2	3	1	0	0	0	0	0	0	0	0	0	3	1	2	0	0	0	0	0	0	0	0	0	0	0	0	0	0	0	0	1	0	6	1	3	7	0	0	0	0	0	3	65	1	77	249	224	0	0	0	0	0	0	0	0	0	0	0	0	0	0	0	0	0	0	2	0	0	0	0	0	0	2	0	2	1	84	147	8	153
OTU452	5	1	0	1	0	0	3	1	0	2	0	2	5	8	0	0	0	0	0	0	0	0	0	0	0	0	23	54	3	63	2	5	0	0	0	0	1	1	1	0	8	42	3	18	86	2	4	5	13	1	11	203	147	26	33	54	63	20	28	0	1	0	0	1	1	0	7	2	2	1	0	48	8	69	7	0	2	0	34	2	13	5	33	3	42	8	0	0	4	26	97	26	18	23	8	23	57	1	0	0	0	0
OTU453	0	0	0	0	0	0	1212	0	0	0	0	0	0	0	0	0	0	0	0	0	0	0	0	0	0	0	0	0	0	0	0	0	0	0	0	1	0	0	0	0	0	0	0	0	0	0	0	0	0	0	0	0	0	0	0	0	0	0	0	0	0	0	0	0	0	0	0	4	0	0	0	0	0	0	0	0	0	0	0	0	19	0	0	0	0	0	0	0	0	0	0	0	0	0	0	0	0	0	3	0	0	0
OTU454	0	0	0	0	0	0	0	1	0	0	0	1	0	0	0	0	0	0	0	0	2	1	1	0	0	0	0	0	0	0	0	0	7	0	1	5	0	0	0	0	0	0	0	0	0	0	0	0	0	0	0	0	0	0	6	0	14	0	34	4	0	0	0	2	323	4	248	37	912	0	0	0	0	0	0	0	0	0	0	0	0	0	0	0	0	0	0	0	0	0	0	0	0	0	0	0	0	7	4	1	0	2
OTU455	0	0	0	0	0	0	0	0	0	0	0	0	16	7	0	0	0	0	0	0	0	0	0	0	0	3	0	9	0	0	0	0	0	0	0	0	6	0	1	0	2	0	0	1	22	3	1	0	0	0	0	8	202	0	4	0	17	4	67	1	0	3	0	0	1	0	0	0	5	0	0	10	0	53	11	0	2	0	9	2	4	1	6	86	0	2	0	0	5	6	835	5	19	1	1	23	0	1	1	0	1	0
OTU456	0	0	0	0	0	0	3	2	0	0	0	0	0	0	0	0	0	0	0	0	2	1	0	1	0	0	0	0	0	0	0	6	2	10	4	1	0	0	0	0	0	0	0	0	0	0	0	0	0	0	0	0	4	0	0	0	2	5	4	1	2	2	0	1	50	1	67	114	66	0	0	1	0	0	0	0	0	0	0	0	1	0	0	0	0	0	2	0	2	1	0	0	0	18	2	0	7	3	565	143	105	363
OTU457	1	2	0	2	0	0	0	3	2	0	2	0	18	10	0	0	0	1	0	0	0	0	0	0	1	0	0	2	0	10	0	0	2	0	0	0	0	4	0	0	6	2	2	9	99	2	0	89	373	54	2	64	108	15	33	129	55	33	62	0	1	1	0	0	1	6	7	5	133	5	0	3	116	95	0	2	5	0	58	10	25	49	53	54	0	23	0	2	4	12	59	15	17	156	6	159	54	10	25	0	15	1
OTU458	0	0	1	0	0	0	15	11	0	0	0	0	0	0	0	0	0	0	6	0	1	10	11	2	8	2	0	0	0	0	0	4	8	69	12	0	0	0	0	0	0	0	0	0	0	3	0	0	0	0	0	0	0	0	1	0	8	1	0	10	5	0	4	15	5	2	86	26	18	2	0	0	0	0	0	0	1	0	0	0	0	1	2	0	0	0	0	0	2	3	0	0	2	215	78	100	12	38	5408	3045	2473	614
OTU459	0	0	0	0	0	0	0	0	0	0	0	0	0	0	0	0	0	0	8	2	369	0	1	0	0	0	0	0	0	54	0	0	2	357	4	1	0	0	0	0	0	0	9	0	0	2	0	2	0	0	0	0	0	0	0	6	0	1	0	0	6	1	0	158	0	118	7	1	0	0	0	0	0	0	0	0	0	0	0	0	0	0	2	0	0	16	0	0	0	0	0	0	40	0	0	0	0	120	3	1	0	0
OTU46	2	12	1	7	1	0	70	53	34	0	29	21	80	81	1	0	0	0	36	0	19	32	23	63	36	3	275	420	1640	851	180	7	29	297	90	15	164	36	1074	1	315	368	67	88	248	195	324	101	50	418	40	58	285	16	284	228	644	288	824	52	57	15	5	85	4833	66	5986	2272	6906	239	152	72	885	573	105	67	5	79	430	7	107	503	687	261	122	108	43	119	423	131	231	7	75	319	78	220	315	95	2833	1725	1524	1050
OTU460	0	0	0	0	0	0	0	0	0	0	0	0	0	0	0	0	0	0	0	0	0	0	877	1	3	0	0	0	0	0	0	0	0	11	0	0	0	7	0	0	0	0	0	0	0	0	0	0	0	0	0	0	0	0	0	0	0	0	0	0	0	0	0	0	0	0	1	0	2	0	0	0	0	0	0	0	0	0	0	0	0	0	0	0	0	0	0	0	0	0	0	0	0	0	0	0	0	0	1	0	2	0
OTU461	0	1	0	0	1	15	554	0	0	0	9	3	6	0	0	0	0	0	3	0	0	0	0	0	1	0	0	1	0	0	0	0	0	64	0	0	3	0	0	0	5	1	1	38	8	1	0	0	0	1	1	0	0	0	1	12	11	12	0	2	143	0	0	161	19	79	10	22	11	3	0	0	0	6	0	0	24	2	0	0	8	8	4	45	0	55	0	5	0	3	0	0	29	2	3	1	1	88	5	0	22	6
OTU462	0	0	0	0	0	0	0	0	0	0	0	0	0	0	0	0	0	0	0	0	0	3	799	0	0	0	0	0	0	0	0	0	0	8	3	0	0	9	0	0	0	0	0	0	0	0	0	0	0	0	0	0	0	0	0	0	0	0	0	0	0	4	3	0	1	1	7	0	3	0	0	0	0	0	0	0	0	0	0	0	0	0	0	0	0	0	0	0	0	0	0	0	0	0	0	0	0	0	0	0	0	2
OTU463	2	1	0	0	0	0	0	0	3	0	2	0	12	10	0	0	0	0	0	0	0	0	3	0	0	0	4	23	0	2	0	0	2	0	0	1	2	0	0	0	1	0	2	4	49	9	0	29	9	1	1	48	45	33	36	11	38	15	29	1	1	0	1	1	2	0	4	0	2	6	3	12	7	19	117	0	0	0	19	0	6	5	44	1	0	15	1	0	5	93	0	3	3	108	22	36	26	0	8	1	7	10
OTU464	0	0	0	0	0	0	0	0	10	0	2	0	3	9	0	0	0	0	0	0	0	2	2	2	0	0	20	178	213	19	15	0	0	0	0	0	91	29	50	0	13	15	32	0	0	3	0	0	0	0	0	3	55	10	2	0	4	11	2	0	0	0	0	0	0	0	1	1	0	0	14	1	0	9	9	9	6	3	29	19	10	17	9	0	4	5	6	20	8	6	11	21	0	3	0	3	0	0	0	0	0	0
OTU465	0	0	0	3	0	0	0	0	7	0	2	3	6	5	0	0	0	0	0	0	1	0	1	4	0	0	0	5	0	0	0	0	0	0	7	0	28	28	53	0	4	19	2	0	1	5	0	0	0	87	30	4	55	2	1	3	22	4	2	0	0	0	0	0	0	0	0	0	0	85	222	37	8	12	4	11	23	13	9	54	5	0	5	6	3	3	267	186	144	12	0	9	6	3	0	0	0	0	0	0	0	0
OTU466	0	8	0	1	0	0	0	0	0	0	0	0	2	1	0	0	0	0	0	0	0	16	0	0	0	0	0	2	0	0	0	0	0	0	0	0	950	0	0	0	0	0	0	0	0	0	0	1	0	0	0	0	6	0	0	1	0	1	0	0	0	0	0	0	0	0	1	5	0	0	0	1	0	5	2	16	0	0	0	0	3	0	2	0	0	0	0	0	0	0	0	0	0	0	0	0	0	2	0	0	0	0
OTU467	0	6	0	0	0	0	4	1	0	0	1	0	6	7	0	0	0	0	1	0	3	0	0	1	0	0	3	148	0	23	0	0	0	1	0	0	0	5	0	3	12	16	40	10	61	28	0	0	15	4	0	10	48	5	1	102	6	9	7	2	1	0	0	0	0	3	2	0	175	2	36	5	66	3	3	0	0	0	16	3	11	27	29	3	31	0	0	0	1	9	0	3	9	3	4	0	0	1	0	206	0	14
OTU468	0	0	0	0	0	0	5	1	0	0	0	0	0	0	0	0	0	0	1	0	0	1	0	0	0	0	0	0	0	0	0	0	0	9	0	0	0	0	0	0	0	0	0	0	0	0	0	0	0	0	0	0	0	0	0	0	2	0	0	0	2	0	0	0	0	2	18	2	0	0	0	0	0	0	0	0	0	0	0	0	0	0	0	0	0	0	0	0	0	0	0	0	0	12	1	6	7	2	298	169	399	114
OTU469	8	8	0	0	0	0	0	0	0	0	0	4	20	7	1	0	0	0	0	0	1	0	0	0	0	0	1	6	0	3	0	0	1	0	0	1	0	0	0	0	0	1	19	7	107	44	0	25	1	4	2	2	14	0	127	268	147	8	155	0	0	0	0	0	0	6	1	1	3	3	0	3	0	250	0	0	5	1	0	0	8	58	16	4	5	10	2	1	4	14	0	64	37	2	5	11	127	3	0	0	0	1
OTU47	8	23	10	16	3	0	291	12	39	1	37	26	222	403	6	0	2	6	13	0	21	20	36	0	87	1	156	343	95	224	150	0	3	3	27	5	542	1657	13	3	312	711	880	8	26	101	69	35	771	138	2327	851	2359	1001	1433	42	940	464	574	9	9	0	0	3	76	0	79	1411	45	1177	852	716	375	584	162	68	1272	206	7370	85	14310	207	549	35	12	23	105	418	433	5091	40	50	66	122	41	3207	55	1	6	0	121	19
OTU470	3	0	0	1	0	0	0	0	1	0	2	0	34	26	0	0	0	0	0	0	0	0	3	0	0	0	0	17	0	0	0	0	0	3	3	0	1	29	1	0	3	0	0	0	0	7	0	0	351	169	0	6	352	524	1	4	59	38	2	1	0	0	0	0	0	0	0	0	0	3	0	3	2	19	0	1	3	7	0	0	6	2	3	2	0	1	0	137	0	28	16	51	13	1	0	1	0	0	1	90	0	0
OTU471	0	1	0	0	0	0	3	0	0	0	0	13	20	5	1	0	0	0	0	0	0	0	0	0	1	0	0	78	22	1	0	1	5	2	4	1	0	0	0	0	0	0	0	0	20	73	5	1	2	50	1	0	8	0	0	1	274	21	52	3	2	0	1	1	0	0	664	24	1275	5	0	137	0	7	97	0	0	0	1	0	14	157	2	15	11	0	3	0	0	14	0	0	5	0	1	4	0	5	0	1	7	0
OTU472	0	0	1	0	0	0	1	0	0	0	0	17	12	9	0	0	0	0	0	0	0	0	0	0	0	0	307	63	1	1	0	0	0	0	0	0	2	2	0	0	0	0	0	0	24	1	30	0	2	0	0	0	11	0	2	7	257	0	2	0	0	0	0	16	0	5	0	0	0	12	0	0	1	14	0	0	0	0	1	0	2	41	0	18	2	1	68	2	0	13	2	0	7	6	0	1	0	1	0	0	0	0
OTU473	0	0	0	0	0	0	6	0	0	0	7	0	0	1	0	0	0	0	0	0	28	1	0	0	0	0	0	0	0	0	0	0	0	653	2	0	0	0	0	0	0	2	0	0	0	24	0	0	1	0	0	0	2	0	1	9	7	0	0	0	52	3	2	223	3	201	5	4	6	1	0	0	0	4	0	0	0	0	0	0	0	0	1	0	0	106	0	0	0	5	0	0	57	0	0	1	0	244	0	2	2	0
OTU474	0	0	0	0	0	0	0	0	0	0	1	0	0	1	0	0	0	0	0	0	0	0	0	0	0	0	0	0	0	0	0	0	0	0	23	0	0	0	0	0	0	0	0	0	12	32	709	5	399	0	0	0	0	132	0	1	2	2	0	0	0	0	0	0	0	0	0	0	0	0	0	1	4	3	0	0	0	0	3	2	0	6	0	0	0	4	0	0	0	2	0	0	0	5	0	1	0	0	0	0	0	0
OTU475	1	0	0	1	0	0	0	1	0	0	0	2	8	9	0	0	0	0	0	0	1	0	0	0	0	0	2	21	2	6	0	0	0	1	0	0	36	0	0	0	8	13	1	14	1	25	1	7	16	232	8	10	173	17	4	21	12	5	9	2	0	0	0	0	0	0	1	2	0	14	0	19	5	23	6	6	0	26	49	0	5	45	16	14	0	0	0	1	27	16	6	16	7	7	2	10	8	0	0	0	0	0
OTU476	0	0	0	0	0	0	0	0	0	0	0	0	0	0	0	2	0	39	0	0	0	0	0	0	0	0	0	3	0	0	1	0	3	0	0	0	0	0	10	0	0	3	2	7	70	0	0	2	0	4	0	0	10	0	50	51	4	2	1	0	0	0	0	0	0	9	6	0	0	0	0	0	3	2	2	0	1	0	1	0	1	0	0	0	3	0	0	0	0	0	0	0	4	31	4	60	683	1	2	0	10	11
OTU477	0	0	0	0	0	0	1	1	0	0	0	1	0	0	0	0	0	0	0	0	1	0	4	2	2	0	0	0	0	0	0	2	0	3	0	2	0	0	0	0	2	0	0	0	0	0	0	1	0	0	0	0	0	0	0	0	4	13	4	0	10	0	1	1	31	0	135	230	203	0	0	0	0	0	0	0	0	0	0	0	0	0	0	0	0	0	0	0	0	0	0	0	0	15	2	29	2	5	356	88	523	35
OTU478	10	0	0	3	0	0	0	0	5	0	0	7	12	3	0	2	0	0	0	0	0	0	1	0	0	0	26	21	13	0	32	2	0	3	0	0	26	77	2	0	8	4	1	24	9	52	6	0	0	16	34	1	11	3	15	67	176	15	7	1	0	0	0	0	2	6	4	2	0	7	0	8	1	12	1	0	1	1	9	2	9	58	3	1	0	1	0	52	0	15	0	88	34	9	4	11	28	1	0	0	2	0
OTU479	0	0	0	0	1	0	0	0	0	0	0	2	14	11	2	0	0	0	0	0	0	0	0	0	0	0	6	3	4	3	0	0	0	0	1	0	3	0	0	0	0	0	1	17	3	7	1	5	2	1	0	2	12	1	198	1957	75	7	20	0	0	0	0	0	0	26	2	0	0	2	0	2	4	29	1	1	0	2	0	1	5	78	2	1	0	1	1	0	4	13	2	0	104	5	3	3	20	4	0	0	0	1
OTU48	4	30	0	26	0	2	1	20	9	1	59	10	129	123	6	0	1	0	0	0	21	6	0	62	1	0	15	47	19	25	57	45	0	11	2	0	350	31	1713	3	34	28	1485	2155	149	303	19	41	25	140	14	333	172	70	556	263	757	1067	3093	2	0	14	3	3	29	3	21	14	87	320	21	120	853	652	71	27	411	3165	138	72	96	76	79	579	210	64	29	134	84	105	37	14	221	225	316	210	1858	6	9	7	5	20
OTU480	0	1	0	0	0	0	0	0	35	0	0	0	1	5	0	0	0	0	0	0	0	0	0	0	0	0	0	3	8	0	0	0	0	0	0	0	0	0	0	0	941	0	3	0	0	0	1	0	0	0	0	0	5	1	0	1	5	4	0	0	0	0	0	0	0	0	0	0	0	0	0	0	3	7	0	0	0	1	0	0	1	0	0	0	0	1	7	0	1	8	0	0	0	1	0	0	1	0	0	0	0	0
OTU481	0	6	0	0	0	0	0	0	0	0	0	0	10	9	0	0	0	1	0	0	0	1	0	0	0	0	3	3	0	1	0	5	4	0	0	0	1	0	0	0	0	12	2	141	182	30	13	24	0	1	0	1	6	0	163	24	40	3	23	0	0	0	0	0	3	0	0	0	1	1	0	0	1	18	0	0	3	0	0	0	3	1	9	2	0	0	0	0	1	14	0	5	4	3	92	19	20	0	0	2	0	0
OTU482	1	0	2	0	0	0	0	0	0	0	3	0	8	4	0	0	2	0	0	0	0	0	0	1	0	0	0	6	0	0	0	6	0	1	2	3	0	3	1	0	4	4	0	109	107	55	52	26	0	1	0	2	1	0	98	357	78	24	27	0	0	0	3	0	0	6	3	117	3	2	0	33	0	28	23	2	0	0	0	0	6	7	32	0	6	0	0	1	1	12	0	0	24	22	5	16	200	0	0	0	2	4
OTU483	0	0	0	0	0	0	0	0	0	0	0	0	0	0	0	0	0	0	0	0	0	0	0	2	0	0	0	0	0	0	0	0	0	0	0	0	0	0	0	0	0	0	0	0	0	0	0	0	0	0	0	0	0	0	0	0	0	0	0	774	0	0	0	0	0	0	0	0	0	0	0	0	0	0	0	0	0	0	0	0	0	2	0	0	0	0	0	0	0	0	0	0	0	0	0	0	0	4	0	0	0	0
OTU484	2	1	0	0	0	0	1	0	1	0	3	0	5	8	0	0	0	0	0	0	2	0	0	0	0	0	0	3	0	1	0	0	0	0	2	0	0	3	32	0	0	0	1	6	0	0	8	1	17	256	136	33	1	0	14	14	13	5	0	0	0	0	0	0	1	0	1	3	1	53	0	0	1	12	1	0	1	0	0	1	21	0	2	0	0	0	10	269	2	2	0	7	6	3	0	1	16	0	0	0	0	0
OTU485	0	0	0	3	0	0	4	2	0	0	0	1	2	8	0	0	0	0	1	0	0	0	0	0	0	0	0	1	0	0	0	0	0	0	4	0	0	0	0	0	0	0	5	0	0	1	0	0	0	9	0	32	27	10	3	3	11	13	3	0	0	0	0	0	0	0	1	0	1	245	351	62	5	17	65	0	1	3	1	0	8	0	1	13	0	3	8	0	2	8	0	0	0	8	0	5	0	1	0	0	3	0
OTU486	0	0	0	0	0	0	0	1	0	0	0	0	21	8	0	0	0	0	0	0	0	0	0	0	1	0	0	5	1	23	22	0	0	0	0	2	0	0	4	0	4	1	1	3	2	34	22	38	16	61	0	28	12	35	17	2	36	6	6	0	0	0	0	0	0	0	0	0	0	53	0	16	42	24	3	4	0	0	82	0	22	8	18	70	39	9	0	0	4	16	9	1	4	107	19	36	8	0	3	1	0	0
OTU487	29	0	0	0	0	0	1	1	0	0	0	0	14	17	0	0	0	0	0	0	0	0	0	0	3	0	0	6	3	79	0	0	0	0	5	0	0	0	0	0	13	0	0	0	0	0	0	0	0	1178	0	0	8	8	0	0	10	11	0	0	0	0	0	0	0	0	0	0	0	1	2	51	0	17	15	0	0	1	1	1	6	1	2	0	3	0	0	1	0	8	3	172	28	8	1	8	0	1	0	0	0	0
OTU488	0	1	0	0	0	0	0	6	0	0	7	3	1	52	0	0	0	0	0	0	0	0	0	5	2	0	0	14	2	11	0	1	0	0	0	0	6	3	22	0	6	1	2	8	1	10	1	6	1	136	0	6	10	0	4	4	47	10	260	0	0	0	0	0	0	0	5	0	5	13	1	0	0	32	4	4	5	16	6	1	7	0	5	47	7	4	10	6	2	864	21	0	10	53	2	2	2	0	1	0	4	0
OTU489	0	0	0	0	0	0	0	0	0	0	0	0	8	11	0	0	0	0	0	0	0	0	0	0	0	0	1	4	2	34	0	0	0	0	0	0	1	3	0	0	1	0	30	40	0	11	2	16	8	27	6	1	13	99	1	11	55	3	7	0	0	0	0	0	0	1	1	0	0	3	0	52	7	19	2	0	3	3	6	0	5	4	36	0	25	5	7	0	3	20	2	0	67	100	7	0	155	4	6	0	0	0
OTU49	6	11	0	13	0	1	6	0	1	0	12	0	223	102	2	7	0	0	0	0	4	4	2	1	0	212	7	63	18	14	6	0	0	0	3	0	622	77	214	0	191	36	199	17	27	17	16	18	108	32	24	50	220	28	22	414	153	72	259	0	2	0	0	4	1	11	4	0	14	258	57	80	89	423	58	37	70	123	47	13041	341	41	71	24	5	19	24	168	40	166	1994	51	493	677	29	83	38	11	11	1	2	1
OTU490	0	7	0	0	0	0	0	0	0	0	0	1	9	6	0	0	0	0	0	0	0	0	0	0	29	0	2	2	0	0	0	0	0	0	0	0	2	0	0	0	0	0	2	0	28	0	1	0	3	0	0	1	8	0	0	0	8	5	0	1	0	0	0	0	0	0	1	0	0	3	1	0	0	9	0	0	3	0	1438	0	2	31	0	13	0	4	0	0	1	5	0	0	0	2	0	51	0	0	0	0	0	0
OTU491	0	0	0	0	0	0	0	1	0	0	0	0	0	0	1	0	0	0	0	0	544	0	0	0	0	0	0	0	0	0	0	0	2	170	0	1	0	0	0	0	0	0	9	0	0	4	0	0	0	0	0	0	0	0	2	1	0	1	0	0	53	1	0	51	2	11	0	0	1	0	0	0	0	0	0	0	0	0	0	0	0	0	0	0	0	23	0	0	0	0	0	0	11	0	0	0	0	23	1	1	2	0
OTU492	0	0	0	0	0	0	2	0	0	0	0	0	1	0	0	0	0	0	0	0	524	0	0	0	0	0	0	1	0	0	0	0	3	94	0	0	0	0	0	0	0	0	5	0	0	1	0	0	0	0	0	0	0	0	0	0	0	0	0	0	0	0	0	104	0	27	2	1	0	0	0	1	0	4	0	0	0	0	0	0	0	0	0	0	0	20	0	0	0	1	0	0	24	0	0	0	1	47	4	0	0	0
OTU493	0	4	0	0	0	0	0	0	6	0	0	1	5	5	1	0	0	1	3	0	1	0	0	2	0	1	0	1	0	0	0	1	11	0	1	0	0	39	42	0	41	144	5	27	239	48	11	28	2	0	21	26	3	8	5	8	22	7	3	2	0	1	0	0	58	0	5	78	0	0	23	49	17	20	9	3	12	42	5	0	5	15	0	56	7	2	8	30	3	15	0	3	3	17	2	12	8	0	0	1	102	0
OTU494	2	0	0	0	0	0	0	1	6	0	2	0	6	5	0	0	0	0	0	0	0	1	0	0	0	1	0	0	6	1	0	0	0	0	0	0	68	8	54	0	1	0	0	0	0	2	0	1	6	18	17	14	18	0	0	0	16	7	0	0	2	0	0	0	0	0	0	0	2	196	186	14	10	2	0	14	1	2	16	33	7	0	2	0	0	2	164	133	45	6	9	4	0	5	0	5	0	0	0	0	0	0
OTU495	0	0	0	0	0	0	0	0	0	0	1	0	0	0	0	0	0	0	0	0	518	0	0	0	0	0	0	0	0	0	0	0	0	47	0	0	0	0	0	0	0	0	12	0	0	3	0	0	0	0	0	0	0	0	0	0	3	0	0	0	45	0	0	39	0	21	5	0	0	0	0	0	0	2	0	0	0	0	0	0	0	0	1	0	0	11	0	0	0	1	0	0	22	0	0	0	0	46	0	0	2	0
OTU496	0	0	0	0	0	0	0	0	0	0	11	0	5	3	0	0	0	0	1	0	326	2	0	0	0	0	0	5	0	0	0	0	0	281	5	1	0	0	0	0	0	0	1	0	0	11	0	0	0	0	0	1	0	1	1	2	5	5	0	0	1	0	0	458	0	102	12	1	0	1	0	1	0	2	0	0	1	0	0	0	2	0	0	0	0	149	0	0	0	5	2	0	40	1	0	0	0	170	1	1	2	0
OTU497	0	5	1	0	0	0	0	0	0	0	28	0	3	8	0	0	0	0	0	0	0	0	0	12	0	0	0	0	0	8	0	0	0	0	0	3	0	2	849	0	0	0	14	3	2	0	4	58	0	0	0	0	3	0	7	0	23	3	0	0	0	0	0	0	0	0	0	3	0	0	2	1	2	12	0	0	0	0	1	0	4	1	0	0	0	17	0	0	0	2	0	1	2	0	0	0	1	0	0	0	1	0
OTU498	0	0	0	0	0	0	4	3	0	0	9	1	0	0	0	0	0	0	2	0	320	2	0	0	2	0	0	1	0	0	0	0	1	481	1	0	0	0	0	0	0	0	6	0	0	13	0	0	0	0	0	2	0	0	0	9	3	4	0	0	257	0	0	435	3	180	9	4	3	0	1	0	0	1	0	0	0	0	0	0	1	0	4	0	0	118	0	0	0	0	0	0	55	1	0	0	0	170	2	0	4	1
OTU499	0	0	0	1	0	0	0	0	5	0	0	5	17	12	0	0	0	0	1	0	0	0	0	0	0	0	1	9	0	12	3	0	0	0	0	3	0	0	0	0	3	65	2	0	1	1	0	34	0	22	0	21	19	16	18	1	99	10	4	0	0	2	0	0	0	0	1	1	0	1	0	4	0	30	0	0	0	1	2	0	11	2	53	339	16	0	0	1	57	27	1	0	0	813	5	39	1	0	12	0	2	0
OTU5	302	126	1	98	4	10	132	108	588	7	150	368	822	1279	31	4	5	1	96	1	63	86	88	32	125	28	5280	16950	12671	20311	7879	51	110	1326	473	70	773	2514	1211	10	23562	2949	1475	2383	1950	1382	8993	1329	6241	11164	1898	2653	3689	240	1829	1460	7530	1700	2930	55	429	61	50	801	7950	812	6570	5400	5858	10921	11673	3228	2306	6237	3302	787	3759	2634	4044	1072	3503	1720	5281	2864	1716	682	2307	2552	6395	3206	533	2474	1112	20425	7233	6567	1541	675	1708	3213	1551	958
OTU50	408	29	1	5	2	3	12	14	37	0	24	328	146	130	4	1	0	2	8	2	79	7	619	2	12	10	76	297	148	110	122	2	17	137	63	13	113	249	543	0	451	130	390	218	941	423	510	107	343	171	2536	57	458	61	240	266	4240	173	318	22	204	8	4	56	223	61	1569	198	219	604	1409	742	187	436	116	40	254	337	272	432	228	679	454	255	204	125	120	1715	206	243	133	2905	481	143	93	157	336	55	44	240	300	74
OTU500	0	0	0	0	0	0	2	0	0	0	0	0	0	1	0	0	0	0	0	0	0	0	1	0	2	0	0	0	1	0	0	0	2	2	0	2	0	0	0	0	0	0	0	6	0	1	2	5	1	14	2	4	2	0	10	11	7	3	1	0	0	0	0	4	11	16	19	39	1	0	0	1	1	36	0	0	0	0	0	0	0	20	11	4	5	3	0	0	6	2	0	2	7	28	0	17	6	17	570	1	167	69
OTU501	0	0	0	0	0	0	0	3	8	0	0	0	4	3	0	0	0	0	9	0	12	1	0	0	0	0	0	3	0	0	8	0	0	0	0	0	0	0	0	0	2	100	375	0	1	0	1	0	0	7	16	1	7	0	1	0	21	7	0	0	0	0	0	0	9	0	21	155	4	0	0	1	0	18	0	43	3	2	0	6	3	0	3	0	0	0	0	20	8	2	9	13	3	1	1	0	1	10	0	0	3	0
OTU502	0	0	0	0	0	0	0	0	0	0	9	0	12	16	0	0	0	0	0	0	0	0	0	0	0	0	0	13	0	38	0	0	0	0	0	16	0	0	0	0	0	0	0	0	1	0	0	425	1	1	0	2	14	0	0	0	94	12	1	0	0	0	1	1	0	0	5	0	0	0	0	0	2	25	1	0	0	0	0	0	4	0	0	0	143	122	0	0	1	13	0	2	0	0	2	8	2	0	0	0	0	0
OTU503	0	0	0	3	0	0	0	0	2	0	0	0	4	5	0	0	0	0	0	0	0	0	0	0	0	0	47	145	56	126	73	0	2	0	0	0	1	0	0	0	1	8	13	7	104	14	13	0	0	17	0	3	2	9	9	2	22	0	11	0	0	0	0	0	0	0	1	0	0	1	15	1	14	14	15	0	13	14	28	0	9	5	4	5	6	1	0	0	40	6	6	0	4	24	2	4	11	0	0	0	1	0
OTU504	1	1	0	0	0	0	0	1	3	0	3	0	6	5	0	0	0	0	0	0	0	0	0	0	4	0	7	122	2	60	4	0	0	7	1	1	21	0	10	0	11	6	0	30	20	5	4	24	28	16	5	6	32	15	12	21	31	17	68	0	0	0	0	1	0	2	2	1	1	83	153	64	40	48	17	3	5	1	16	4	25	86	31	2	1	3	34	27	21	27	6	11	4	12	26	4	44	3	50	133	31	44
OTU505	0	0	0	0	0	0	0	1	0	0	0	0	0	0	0	0	0	0	0	0	1	0	0	0	0	0	10	0	0	0	0	0	1	8	0	0	0	0	0	0	0	0	0	0	0	0	0	0	0	0	0	0	0	0	1	0	0	0	0	1	2	1	0	0	1	1	10	0	5	0	0	0	0	0	0	0	0	0	0	0	0	0	0	0	0	0	0	0	0	0	0	0	0	13	6	0	0	2	276	248	200	12
OTU506	0	2	0	2	0	0	2	1	0	0	31	3	5	7	0	0	0	0	3	0	648	7	3	0	0	3	0	1	0	0	0	0	1	819	0	3	0	1	0	0	0	0	10	0	0	16	0	0	0	0	0	0	4	0	2	20	12	4	0	0	776	2	4	572	0	649	31	3	3	2	0	0	0	18	0	0	0	0	0	0	2	0	4	0	0	506	0	0	0	5	0	0	121	0	0	0	0	449	1	0	2	8
OTU507	0	0	0	0	0	0	0	0	0	0	2	11	11	9	0	0	0	0	0	0	0	0	0	0	0	0	0	5	6	0	0	3	0	0	0	0	0	4	0	0	0	2	0	111	33	16	1	6	0	0	0	1	8	0	14	459	248	20	22	0	0	0	0	0	31	5	6	16	16	2	0	0	0	14	0	0	3	2	0	0	0	0	2	0	1	1	0	1	0	10	0	0	15	0	1	3	25	0	0	0	0	0
OTU508	0	0	0	4	0	0	2	0	0	20	4	0	5	7	0	0	0	0	1	0	569	0	0	1	0	0	0	2	0	0	0	3	0	178	3	0	0	0	0	0	13	52	32	6	44	50	8	5	1	2	0	2	2	2	0	17	5	2	1	0	88	0	0	188	0	140	7	2	2	0	2	3	0	5	0	9	0	3	0	0	6	6	7	3	0	87	0	0	4	2	11	0	45	1	5	8	1	130	1	2	3	0
OTU509	0	0	0	0	0	0	0	0	0	0	0	0	1	1	0	0	0	0	0	0	613	0	0	0	0	0	0	0	0	0	0	0	0	0	0	0	0	0	0	0	0	0	8	0	0	0	0	0	0	0	0	0	2	0	0	1	3	0	0	2	0	0	0	61	0	5	0	0	0	0	0	0	0	1	0	0	0	0	0	0	0	0	0	0	0	44	0	0	0	3	0	0	7	0	0	0	0	18	2	0	0	2
OTU51	0	1	0	0	0	0	34	10	0	0	0	0	2	0	0	0	0	0	3	0	23	6	14	5	9	1	0	1	1	3	0	7	16	46	14	2	2	2	0	0	0	0	0	0	0	0	0	1	0	0	0	1	0	0	89	0	12	43	126	10	8	9	1	18	5902	8	1026	1403	5533	0	0	0	0	0	0	0	2	0	0	0	1	0	1	0	0	0	0	0	2	1	0	0	1	2	19	85	12	40	257	781	4496	791
OTU510	0	0	0	0	0	0	3	1	0	0	0	0	0	0	0	0	0	0	3	0	0	0	0	0	0	0	0	0	0	0	0	0	0	22	0	0	0	0	0	0	0	0	0	0	0	0	0	0	0	0	0	0	0	0	0	0	0	0	0	0	2	0	0	4	0	0	2	0	3	0	0	0	0	0	0	0	2	0	0	0	0	0	1	0	0	0	0	0	0	0	0	0	0	0	19	0	0	0	0	667	0	0
OTU511	0	0	0	0	0	0	0	0	0	0	0	0	0	0	0	0	0	0	0	0	1	1	0	0	0	0	0	0	0	0	0	0	0	1	689	1	0	0	0	0	0	0	0	0	0	0	14	0	0	0	0	0	0	0	0	0	0	0	0	0	0	0	0	3	3	0	7	1	1	0	0	0	0	0	0	0	0	0	0	0	0	0	0	0	0	0	0	0	0	0	0	0	0	0	0	0	0	0	2	0	3	1
OTU512	0	0	0	0	0	0	0	0	0	0	3	0	1	0	0	0	0	0	0	0	622	0	1	5	0	0	0	0	0	0	0	0	0	139	1	0	0	0	0	0	0	0	14	0	0	2	0	0	0	0	0	0	0	0	0	1	0	0	0	0	262	2	0	29	1	50	8	2	1	0	0	0	0	0	0	0	0	0	0	0	0	0	7	0	0	22	0	0	0	0	0	0	17	0	0	2	4	45	2	0	1	1
OTU513	0	2	0	0	0	0	0	0	0	0	2	1	11	8	0	0	0	0	1	0	0	0	0	0	2	0	0	1	0	0	0	0	0	0	0	2	0	2	0	0	7	11	1	6	14	8	22	94	7	3	2	0	15	0	16	68	54	25	152	0	0	0	0	0	0	0	1	1	2	75	0	1	0	16	0	0	162	2	79	12	9	3	3	0	0	4	0	22	1	58	63	3	12	6	18	15	7	0	0	3	3	0
OTU514	0	5	0	5	0	0	0	0	3	0	1	1	24	33	0	0	0	0	0	0	0	0	0	0	0	0	0	13	6	5	12	12	8	6	14	6	2	3	3	0	4	2	3	215	348	153	700	279	6	4	1	7	22	3	211	583	159	126	631	0	0	0	0	0	8	18	34	12	35	10	6	5	5	31	3	0	2	5	1	2	5	39	102	0	1	11	0	1	3	21	2	3	122	14	16	12	41	9	136	18	1	2
OTU515	0	0	0	0	0	0	0	1	0	0	0	0	0	0	0	0	0	0	0	0	0	0	0	0	0	0	0	3	0	0	0	1	0	3	0	0	0	0	0	0	0	0	0	0	0	0	0	0	0	0	0	0	0	0	0	0	0	0	0	0	3	0	0	0	0	0	8	0	0	0	0	0	0	0	0	0	0	0	0	0	0	0	0	0	0	0	0	0	0	0	0	0	0	1	11	6	0	3	69	215	465	3
OTU516	0	0	0	0	0	0	0	1	0	0	0	0	0	0	0	0	0	0	0	0	0	0	630	1	0	0	0	0	0	0	0	1	0	0	0	0	0	8	0	0	0	0	0	0	0	0	0	0	0	0	0	0	0	0	0	0	0	0	0	0	0	0	0	0	0	0	1	0	0	0	0	0	0	0	0	0	0	0	0	0	0	0	0	0	0	0	0	0	0	0	0	0	0	0	0	0	0	0	0	0	0	0
OTU517	0	0	0	0	0	0	1	3	0	0	0	0	0	0	0	0	0	0	0	0	0	1	2	0	0	0	0	0	0	0	0	0	0	2	0	0	0	0	0	0	0	0	0	0	0	0	0	0	0	0	0	0	0	0	0	0	1	0	27	0	0	0	0	0	27	0	0	1	688	0	0	0	0	0	0	0	0	0	0	0	0	0	0	0	0	0	0	0	0	0	0	0	0	0	0	2	0	0	1	0	30	0
OTU518	0	0	0	0	0	0	0	0	0	0	0	0	0	0	0	0	0	0	0	0	612	0	0	0	0	0	0	0	0	0	0	0	0	125	0	0	0	0	0	0	0	1	3	0	0	1	0	0	0	0	0	0	0	0	0	1	0	0	0	1	0	0	0	21	0	10	7	0	1	0	0	0	0	0	0	0	0	0	0	0	0	0	0	0	0	3	0	0	0	0	0	0	2	3	0	0	0	14	0	1	0	0
OTU519	0	3	0	2	0	0	0	2	0	0	1	1	8	13	1	0	0	0	3	0	0	0	0	0	0	0	33	28	34	76	39	0	0	1	5	0	7	1	4	0	4	1	2	1	1	18	89	17	0	13	57	6	8	1	14	0	46	2	3	0	1	0	0	0	0	0	2	0	0	9	0	1	4	34	3	3	20	18	27	0	0	5	11	4	6	0	1	33	30	26	26	3	3	19	13	2	4	1	5	4	0	0
OTU52	1	9	0	11	0	3	22	16	7	0	8	3	97	56	3	0	0	0	6	0	355	39	6	5	6	5	96	145	39	1284	41	33	7	136	9	10	22	20	7	0	12	12	22	367	52	174	55	98	14275	45	115	65	579	35	275	445	268	397	175	37	25	5	10	63	888	55	439	639	508	25	15	15	252	238	4	35	17	15	135	9	140	1096	537	50	426	100	6	5	20	118	118	22	109	216	1086	145	406	58	1812	1427	789	1189
OTU520	0	0	0	0	0	0	0	0	0	0	0	0	0	0	0	0	0	0	2	0	0	0	0	0	0	0	0	0	0	0	0	694	0	0	0	0	0	0	0	0	0	0	0	10	0	0	0	0	0	0	0	0	0	0	0	0	0	0	0	0	0	0	0	0	0	2	3	0	1	0	0	0	0	0	0	0	0	0	0	0	0	0	0	0	0	0	0	0	0	0	0	0	0	0	0	0	0	0	0	0	7	0
OTU521	0	0	0	0	0	0	0	0	0	0	0	0	0	0	0	0	0	0	0	0	0	0	0	689	0	0	0	0	0	0	0	0	1	0	0	0	0	0	3	0	0	0	0	0	0	0	0	0	0	0	0	0	0	0	0	0	0	0	0	2	0	0	0	1	0	0	2	1	0	0	0	0	0	0	0	0	0	0	0	0	0	0	0	0	0	0	0	0	0	0	0	0	0	0	0	0	0	0	1	0	0	0
OTU522	0	0	0	0	0	0	0	0	0	0	0	0	0	0	0	0	0	0	0	0	0	0	0	0	0	0	1	12	2	31	9	0	0	0	0	0	6	0	0	0	14	3	1	2	0	0	1	0	0	0	0	96	11	0	0	1	1	0	0	0	0	0	0	0	0	0	0	0	0	0	0	0	0	20	0	4	0	0	0	1	3	0	2	0	0	0	0	559	0	0	25	4	0	0	0	0	0	0	0	0	0	0
OTU523	0	0	0	0	0	0	2	0	0	0	0	0	0	0	0	0	0	0	0	0	3	1	0	2	3	0	0	0	0	0	0	1	3	7	1	1	0	0	0	0	0	0	0	0	0	0	0	0	0	0	0	0	0	0	2	0	0	0	16	0	2	1	0	0	35	2	86	40	254	0	0	0	4	0	0	0	0	0	0	0	0	0	3	0	13	1	0	0	0	2	0	0	1	42	2	11	6	9	813	300	289	245
OTU524	12	3	0	8	0	0	0	4	4	0	7	30	18	33	0	0	1	0	0	0	2	6	6	7	2	0	27	85	166	34	99	0	1	2	12	0	110	93	220	0	114	70	121	21	22	99	102	0	15	62	52	23	75	37	50	16	413	19	11	0	3	0	0	3	0	0	12	2	4	44	78	422	139	107	38	12	116	221	45	10	33	64	90	104	14	9	21	62	326	24	0	108	9	35	8	17	17	0	2	0	0	0
OTU525	0	0	0	0	0	0	0	2	0	1	17	0	3	3	0	0	0	0	0	0	0	0	1	0	0	0	11	381	0	54	1	0	0	0	4	0	8	0	2	0	18	42	4	0	0	0	0	0	0	0	8	14	20	3	8	4	18	16	0	0	0	0	3	0	0	0	0	0	0	11	0	1	6	13	0	74	454	29	34	11	8	0	3	1	94	0	3	10	111	24	0	0	1	0	0	5	0	0	0	0	0	2
OTU526	0	0	0	1	0	0	0	0	0	0	1	0	2	4	0	0	0	0	1	0	841	5	0	0	0	0	0	0	0	0	0	0	1	98	0	0	0	0	0	0	0	0	10	0	0	4	0	0	0	0	0	3	4	0	0	5	7	5	0	0	89	0	0	273	1	123	4	4	0	1	0	1	0	1	0	0	0	0	0	0	2	0	3	0	0	39	1	0	1	0	0	0	38	0	0	0	2	117	1	1	0	4
OTU527	0	0	0	0	0	0	0	0	0	0	2	0	9	3	0	0	0	0	0	0	0	0	0	0	0	0	0	1	0	0	2	0	0	0	0	0	0	0	1	0	0	0	0	0	0	49	0	0	0	0	0	0	11	0	0	0	5	1	0	0	0	0	0	0	0	0	0	0	0	1	0	1	1	25	0	0	2	0	0	0	1	0	0	0	0	1	0	0	0	16	0	0	0	2	674	0	0	0	0	12	0	0
OTU528	0	1	0	1	0	0	1	0	0	0	2	7	13	14	0	0	0	0	0	0	0	0	0	0	0	0	0	18	0	1	0	0	1	0	0	2	0	1	0	0	0	0	1	107	37	3	2	168	1	2	0	4	17	1	159	26	167	19	512	0	0	3	0	12	2	9	1	1	11	4	0	1	19	18	3	2	1	3	0	0	6	0	8	375	7	3	0	2	1	12	1	2	25	2	64	5	8	6	1	2	0	0
OTU529	0	0	0	0	0	0	6	1	0	0	6	0	0	1	0	0	0	0	2	0	0	5	0	0	2	0	0	3	0	1	0	0	0	156	4	4	0	0	0	0	0	0	0	0	0	8	0	0	0	0	0	0	0	0	1	3	4	1	0	0	432	0	0	57	0	51	5	2	0	0	0	0	0	4	0	0	0	0	0	0	0	0	11	0	0	35	0	0	0	0	0	0	23	0	0	0	0	51	0	0	3	0
OTU53	18	87	0	21	3	0	105	36	129	8	453	64	413	246	8	5	2	2	0	0	4	37	2	222	5	7	57	1888	152	668	1349	8	32	24	50	8	1371	41	10724	5	1818	24	182	558	1706	949	94	455	1458	2548	138	218	560	84	240	234	1240	362	508	23	21	8	3	23	3	13	25	50	40	1528	190	1650	1133	2421	17	52	10764	679	505	473	4267	784	1225	573	372	437	792	1754	326	485	356	159	188	812	95	373	119	9	21	2	18	22
OTU530	0	0	0	0	0	0	0	1	0	0	0	0	3	3	0	0	0	0	0	0	0	0	0	0	17	0	0	0	0	0	0	0	0	0	0	0	2	0	0	0	1	3	0	0	0	0	0	0	0	0	0	0	2	0	1	0	4	0	0	0	0	0	0	0	0	0	0	0	0	0	0	1	128	4	0	1	0	0	782	0	2	0	0	1	0	1	0	0	1	6	4	4	0	1	0	21	0	0	0	0	0	0
OTU531	0	0	0	0	0	0	4	2	0	0	0	1	0	0	0	0	0	0	2	0	0	2	0	1	0	0	0	0	0	0	0	1	1	1	1	1	0	0	0	0	0	0	0	0	0	0	0	0	0	0	0	0	0	0	6	0	31	0	0	1	0	0	2	3	183	3	1189	1	37	0	0	0	0	0	0	0	0	0	0	0	0	0	0	0	0	0	0	0	0	0	0	0	0	0	0	0	0	2	3	2	2	3
OTU532	0	0	0	1	0	0	0	0	0	0	0	0	2	3	0	0	0	0	0	0	0	0	0	0	0	0	0	1	1	0	0	0	0	1	12	0	0	0	0	0	0	0	0	0	0	5	2	0	0	0	0	0	6	0	1	1	2	4	3	0	0	0	0	0	0	0	0	0	0	0	2	748	0	6	0	0	0	0	0	0	0	3	0	0	0	0	1	0	0	0	0	5	1	1	0	2	1	0	0	0	1	0
OTU533	0	0	0	0	0	0	5	0	0	0	8	0	0	4	0	0	0	0	1	1	451	0	0	3	0	0	0	4	0	0	1	0	0	170	0	1	0	0	0	0	0	0	22	0	0	2	0	1	0	1	0	0	1	0	1	6	2	1	0	0	104	0	0	334	0	131	7	0	0	0	0	0	0	3	0	0	1	0	2	0	2	0	0	0	0	210	0	0	1	5	0	0	51	0	0	0	1	158	4	0	0	0
OTU534	0	0	0	0	0	0	5	0	0	0	0	0	0	0	0	0	0	0	0	0	0	2	0	1	0	0	0	0	0	0	0	0	1	0	0	0	0	0	0	0	0	0	0	0	0	0	0	0	0	0	1	0	0	0	0	0	4	0	3	0	0	0	0	1	35	0	112	3	251	0	0	0	0	0	0	0	0	0	0	0	0	0	0	0	0	0	0	0	0	0	0	0	0	17	3	7	0	0	206	132	252	43
OTU535	10	3	0	1	0	0	0	5	1	0	0	2	5	10	2	0	0	0	0	0	0	0	0	0	0	0	2	14	0	6	6	0	0	0	0	0	1	15	9	0	24	1	1	0	4	6	0	2	0	5	0	18	26	0	1	4	40	3	41	0	0	0	0	0	1	0	0	0	4	95	108	28	82	88	11	1	4	3	24	8	2	6	2	4	9	1	25	0	7	192	319	98	38	1	7	0	2	0	0	0	0	0
OTU536	0	0	0	0	0	0	1	1	0	0	0	0	0	0	0	0	0	0	0	2	0	0	0	0	0	0	0	0	0	0	0	0	5	0	1	0	0	0	0	0	0	0	1	0	0	0	0	0	0	0	0	0	0	0	0	0	0	2	29	2	1	1	0	0	61	0	34	13	684	0	0	0	0	0	0	0	0	0	0	0	0	0	0	0	0	0	0	0	0	0	0	0	0	0	0	3	0	4	0	0	1	0
OTU537	0	0	0	2	0	0	0	0	0	0	3	0	2	0	0	0	0	0	0	0	595	0	0	1	0	0	0	0	0	0	0	0	0	1	0	0	0	0	0	0	0	0	17	0	0	2	0	0	0	0	0	0	0	0	0	0	0	1	0	0	0	0	0	39	0	9	0	4	0	1	0	0	0	0	0	0	0	0	0	0	0	0	0	0	0	8	0	0	0	0	0	0	5	0	0	0	0	6	0	0	0	0
OTU538	0	0	0	0	0	0	0	0	2	0	0	1	2	3	0	0	0	0	0	0	2	1	1	0	0	0	14	16	7	11	7	3	0	90	2	0	5	0	15	0	48	13	20	1	10	10	0	2	36	165	27	15	22	3	9	7	22	5	12	0	2	0	1	4	2	11	13	14	1	5	14	0	10	23	5	5	5	24	33	2	0	2	1	5	0	6	10	0	22	2	2	0	1	7	8	9	1	8	29	54	16	4
OTU539	0	0	0	0	0	0	0	0	0	0	0	0	0	0	0	0	0	0	0	0	0	2	0	0	0	0	0	0	0	0	0	632	0	0	6	0	0	0	0	0	0	0	0	5	0	0	0	0	0	0	0	0	0	0	0	0	0	0	0	0	0	0	0	0	0	0	0	0	0	0	0	0	0	0	0	0	0	0	0	0	0	0	0	0	0	0	0	0	0	0	0	0	0	0	0	0	0	0	0	0	4	0
OTU54	0	0	1	0	0	0	8	3	0	0	1	1	2	0	0	2	0	0	12	0	3	0	5	26	3	0	605	13	9312	997	996	0	11	4	58	1	23	316	1730	0	18	391	70	6	137	112	611	9	4	498	1188	46	74	4	22	2	55	20	71	0	0	4	4	33	0	0	14	20	14	44	416	1569	4	511	68	11	64	808	9	20	89	35	29	35	53	19	4435	76	265	160	191	121	7	44	14	164	78	17	2	0	5	0
OTU540	0	0	0	0	0	0	0	0	1	0	7	1	1	1	0	0	0	0	0	0	541	0	0	0	0	0	1	5	0	0	0	0	0	94	0	0	0	0	0	0	0	0	11	1	0	4	0	0	0	0	0	0	3	0	0	6	5	1	0	2	211	0	0	170	1	62	5	0	0	0	2	1	0	0	0	0	0	0	0	0	0	0	5	0	0	42	0	2	0	1	0	0	24	0	0	0	0	125	2	0	1	0
OTU541	0	0	0	0	0	0	0	0	0	0	0	0	0	0	0	0	1434	0	0	0	0	0	0	0	0	0	0	0	0	0	0	0	0	0	0	0	0	0	0	0	0	0	0	0	0	0	0	0	0	0	0	0	0	0	0	0	0	0	0	0	0	0	0	0	0	0	0	0	0	0	0	0	0	0	0	0	0	0	0	0	0	0	0	0	0	0	0	0	0	0	0	0	0	0	0	0	0	0	0	0	0	0
OTU542	0	0	0	0	0	0	0	0	0	0	0	0	0	0	0	0	0	0	0	0	3	1	239	0	1	0	0	0	0	0	0	0	1	6	666	0	0	1	0	0	0	0	0	0	0	0	7	0	0	0	0	0	0	0	0	0	0	0	0	1	0	0	0	0	3	0	2	0	0	0	0	0	0	0	0	0	0	0	0	0	0	0	0	0	0	0	0	0	0	0	0	0	0	0	0	0	0	0	0	0	1	0
OTU543	0	3	0	0	0	0	1	0	0	0	2	4	7	5	0	0	0	0	0	0	0	0	0	0	0	0	0	18	12	0	0	0	1	0	3	0	0	1	2	0	14	0	3	31	27	1	10	24	90	5	52	5	42	3	64	63	100	23	75	0	1	0	0	7	1	6	11	0	1	8	0	6	0	19	10	0	0	5	2	0	4	5	18	3	19	33	0	9	3	13	47	0	18	72	3	19	24	4	13	0	10	34
OTU544	0	0	0	0	0	0	3	0	0	0	4	0	0	0	0	0	0	0	0	0	0	4	2	0	1	0	0	0	0	0	0	0	0	813	1	0	0	0	0	0	0	0	0	0	0	13	0	0	0	0	0	0	1	0	0	1	0	0	0	0	339	0	0	180	0	282	14	0	1	0	0	0	0	0	0	0	0	0	0	0	0	0	4	0	0	68	0	0	0	0	0	0	14	0	0	0	0	89	0	0	1	4
OTU545	0	0	0	0	0	0	0	0	0	0	11	0	0	6	0	0	0	0	0	0	0	0	0	16	0	0	0	1	0	1	0	0	0	0	0	0	7	39	501	0	1	0	0	0	1	3	5	0	0	1	0	0	2	0	0	0	11	0	1	0	0	0	0	1	0	2	0	0	0	0	0	0	2	3	0	1	166	0	0	0	3	0	2	1	0	11	0	14	1	1	0	0	0	0	0	0	0	0	0	0	0	2
OTU546	0	0	0	0	0	0	1	0	0	0	0	0	0	0	0	0	0	0	0	0	680	0	0	0	0	0	0	0	0	0	0	0	0	34	5	0	0	0	0	0	0	0	20	0	0	0	0	0	0	0	0	0	0	0	0	3	1	0	0	0	0	0	0	36	0	28	10	0	7	4	0	0	0	0	0	0	0	0	0	0	0	0	0	0	0	26	0	0	0	0	0	0	12	0	0	1	0	28	0	0	0	0
OTU547	0	2	0	0	0	0	0	0	6	0	0	1	14	6	1	1	1	0	2	0	0	1	1	0	0	0	1	4	19	3	30	0	0	0	0	0	54	66	39	0	52	136	20	0	0	0	5	0	6	40	73	4	21	7	3	0	10	3	0	0	0	0	0	4	0	0	0	2	4	7	0	0	0	22	0	13	0	26	8	7	10	2	3	3	3	1	22	22	22	16	2	1	1	7	0	3	1	0	0	0	0	0
OTU548	0	0	0	1	0	2	1	0	2	0	1	0	41	22	0	0	0	0	0	0	0	1	0	0	0	16	0	9	2	0	1	0	0	0	0	0	25	4	0	0	64	1	73	0	0	1	0	1	1	0	0	1	37	0	0	42	14	32	5	0	0	0	0	0	0	6	1	0	0	35	4	21	2	24	18	2	6	0	0	1047	17	2	2	1	0	5	0	0	11	37	20	0	46	8	2	1	1	2	0	0	0	0
OTU549	0	0	0	0	0	0	2	0	0	0	0	0	0	0	0	0	0	0	0	0	0	0	1	1	0	0	0	3	0	0	0	0	0	2	0	0	0	0	0	0	0	0	0	0	0	0	0	0	0	0	0	0	0	0	0	0	5	20	1	1	0	2	0	0	63	0	207	401	25	0	0	0	0	0	0	0	0	0	0	0	0	0	0	0	0	0	0	0	0	0	0	0	0	0	0	0	0	0	1	0	2	4
OTU55	0	1	0	3	0	0	0	0	1	1	7	7	67	95	1	0	0	0	0	0	0	0	1	0	0	0	2	59	15	15	23	322	1	0	0	0	28	12	8	0	11	11	13	18257	27	11	7	5	17	11	1	29	111	1	13	9	102	62	34	1	3	0	0	0	0	2	3	0	0	9	5	12	10	265	2	6	9	6	8	1	39	17	27	9	6	23	3	7	21	68	6	1	6	35	11	231	10	0	7	0	2	16
OTU550	0	4	0	0	0	0	1	2	5	0	6	0	8	1	0	0	0	0	0	0	0	0	4	0	0	0	21	9	31	10	6	0	0	0	3	0	9	15	8	0	10	0	9	0	20	0	21	3	7	11	0	6	34	0	10	5	41	4	1	0	0	0	0	0	0	0	2	1	0	18	125	44	7	8	0	0	13	44	2	87	4	4	7	31	0	0	1	31	8	24	7	10	4	5	6	4	53	0	0	0	0	2
OTU551	0	1	0	0	0	0	0	3	0	0	7	0	9	8	0	0	0	0	1	0	573	10	1	0	1	1	0	3	0	0	2	0	4	709	2	0	0	0	0	0	0	0	4	0	0	7	0	1	0	0	0	0	11	0	0	26	18	7	0	5	155	0	0	775	4	265	13	3	1	0	0	0	0	5	0	0	0	0	0	0	3	1	1	0	0	208	0	2	2	20	0	0	117	1	0	0	0	688	2	1	5	0
OTU552	0	0	0	0	0	0	0	0	0	0	1	0	0	0	0	0	0	0	0	0	0	0	0	1	0	0	0	0	0	0	0	0	0	14	2	0	0	0	0	0	0	0	0	0	0	1	0	0	0	0	0	0	0	0	0	0	2	3	0	1	0	2	0	9	48	0	50	18	1	0	0	0	0	0	0	0	0	0	0	0	0	0	0	0	0	0	0	0	0	0	0	0	0	2	9	9	1	0	75	305	118	31
OTU553	0	0	0	0	0	0	3	0	3	0	9	0	6	1	0	0	0	0	4	0	6	0	0	3	0	0	0	20	1	0	1	0	0	0	0	0	0	6	255	0	6	147	49	0	0	1	0	0	21	145	4	0	13	1	4	1	11	3	0	0	0	0	0	0	0	0	0	0	0	28	0	15	1	0	12	1	18	24	1	0	1	2	1	0	0	6	0	3	1	11	0	8	0	0	1	8	12	0	0	0	0	0
OTU554	0	10	1	5	0	0	0	0	0	0	0	3	54	37	0	0	0	1	0	0	0	1	2	0	0	0	3	19	6	4	0	0	3	0	0	0	2	1	0	0	3	0	1	2	444	11	0	0	650	0	2	4	69	71	1	3	113	28	2	0	1	0	0	1	1	0	1	2	0	8	0	5	2	44	1	0	2	1	3	0	16	3	7	5	3	4	1	0	34	38	0	0	2	1299	158	4	343	0	30	4	0	1
OTU555	0	0	0	0	0	0	0	0	0	0	0	0	0	0	0	0	0	0	0	0	0	0	0	0	0	0	0	0	0	0	0	0	0	2	1	0	0	0	0	0	0	0	0	0	0	0	0	0	0	0	0	0	0	0	0	0	0	0	0	3	1	0	0	5	0	0	4	0	3	0	0	0	1	0	0	0	0	0	0	0	0	0	0	0	0	0	0	0	0	0	0	0	0	11	5	3	4	0	279	208	138	30
OTU556	0	1	0	0	0	0	3	0	10	0	1	4	6	13	0	0	0	1	1	0	0	2	0	2	0	0	26	59	14	17	9	0	0	0	0	0	30	44	89	0	35	24	6	0	1	9	0	7	2	5	7	5	35	0	4	4	46	5	3	0	0	0	0	2	0	0	0	0	1	323	14	28	2	14	5	10	18	78	13	42	3	24	3	2	3	1	31	8	31	29	4	9	3	15	1	1	1	0	0	0	0	0
OTU557	0	0	0	0	0	0	0	0	0	0	0	0	6	3	0	0	0	0	0	0	0	0	0	0	0	0	0	7	0	0	0	0	0	0	0	0	0	0	1	0	0	0	0	0	0	0	0	0	2	0	0	652	6	0	1	1	6	1	1	0	0	0	0	1	0	0	11	0	1	44	85	25	0	7	1	0	0	0	0	0	2	0	0	0	1	3	0	3	0	8	5	0	1	4	4	0	0	2	23	0	0	1
OTU558	0	0	0	0	0	0	0	0	0	0	0	0	0	0	0	0	0	0	0	0	532	0	0	0	0	0	0	0	0	0	0	0	0	150	1	0	0	0	0	0	0	0	16	0	0	0	0	0	0	0	0	0	0	0	0	1	0	0	0	0	0	0	0	41	0	17	0	4	0	0	0	0	0	0	0	0	0	0	0	0	0	0	0	0	0	8	0	0	0	0	0	0	4	0	0	0	0	11	0	0	0	1
OTU559	0	0	0	1	0	0	0	8	0	0	1	1	4	22	0	0	0	0	0	0	0	0	0	2	0	0	1	6	0	0	0	0	0	0	0	0	0	0	59	0	1	1	0	1	0	7	0	0	1	0	0	2	9	0	0	1	27	2	0	0	0	0	0	0	1	0	0	0	0	1	1	0	0	27	5	605	44	35	0	0	5	0	0	0	0	1	3	0	1	3	0	0	0	8	0	3	0	0	0	0	0	0
OTU56	599	29	0	5	0	2	3	28	22	0	6	630	125	155	9	1	2	2	0	0	6	0	0	2	0	0	29	195	28	72	27	0	3	2	3	5	26	11	192	0	119	27	167	47	192	118	84	54	40	92	13	28	173	1478	46	65	8425	69	118	21	8	6	0	0	2	4	187	6	11	85	325	97	1039	214	6	27	36	18	49	35	81	829	112	221	14	22	50	87	21	158	38	4405	662	59	37	87	66	14	7	0	0	1
OTU560	0	0	0	0	1	0	0	19	9	0	2	0	10	11	1	0	0	0	0	0	2	3	0	0	1	0	0	2	1	6	2	0	0	0	2	0	1	2	14	0	7	2	2	0	3	7	6	9	80	45	152	112	7	4	5	136	34	12	26	0	0	0	0	0	0	4	3	0	2	4	26	1	793	20	0	190	3	8	0	0	8	37	1	2	8	4	1	29	171	38	154	0	12	5	3	2	43	0	10	0	8	0
OTU561	0	0	0	0	0	0	0	1	0	0	0	0	0	0	0	0	0	0	5	0	0	0	0	0	0	0	0	0	0	0	0	673	0	0	0	0	0	0	0	0	0	0	0	8	0	0	0	0	0	0	0	0	0	0	0	0	0	0	0	0	0	0	0	0	0	0	0	2	2	0	0	0	0	0	0	0	0	0	0	0	0	0	0	0	0	0	0	0	0	0	0	0	0	0	0	0	0	0	0	1	0	0
OTU562	0	2	0	0	0	0	1	0	0	0	0	1	0	0	0	0	0	0	1	0	0	1	0	0	0	0	0	0	0	0	0	0	0	4	0	1	0	0	0	0	0	0	0	0	0	0	0	0	0	0	0	0	0	0	0	0	1	0	0	2	0	2	0	2	1	6	4	0	4	0	0	0	0	0	0	0	0	0	0	0	0	12	0	0	6	5	0	0	1	0	0	0	0	1	0	7	2	0	87	92	499	89
OTU563	0	0	0	1	0	0	0	3	0	0	0	3	7	6	0	0	0	0	1	0	1	0	0	0	4	0	33	45	0	35	8	0	0	3	3	0	0	0	0	0	6	7	8	35	28	40	18	37	33	5	4	105	162	4	71	92	53	13	115	0	0	2	0	0	2	5	2	0	1	22	24	20	113	88	15	5	17	6	55	1	1	35	55	10	27	5	0	14	0	38	51	33	8	43	33	25	45	1	0	0	3	6
OTU564	0	1	0	0	0	0	0	3	0	0	0	0	5	4	0	0	0	0	0	0	1	0	0	0	0	0	1	3	1	36	0	0	0	0	0	3	0	0	0	0	1	2	0	0	84	0	0	2	3	2	5	2	5	0	27	4	23	16	15	0	0	0	0	0	0	0	1	1	0	0	0	1	303	24	9	0	4	0	4	0	6	6	2	0	0	0	1	0	2	4	1	0	4	6	0	59	110	0	0	0	2	0
OTU565	2	1	0	2	0	0	0	0	0	0	2	7	0	7	0	0	0	0	0	0	1	0	0	1	1	0	2	20	5	52	44	0	0	2	0	0	0	0	23	0	8	1	13	60	29	16	5	22	3	5	0	6	30	0	81	74	84	20	121	0	0	0	0	1	0	3	6	0	2	21	2	18	66	111	16	0	0	0	55	0	34	56	12	0	10	14	0	1	1	1	0	11	8	9	0	5	81	2	12	0	2	9
OTU566	0	0	0	0	0	0	0	0	0	0	0	0	0	0	0	0	0	0	0	0	688	0	0	0	0	0	0	0	0	0	0	0	0	0	0	0	0	0	0	0	0	0	8	0	0	0	0	0	0	0	0	0	0	0	0	0	0	0	0	0	0	0	0	8	0	5	2	2	0	0	0	0	0	0	0	0	0	0	0	0	0	0	0	0	0	2	0	0	0	0	0	0	0	0	0	0	0	1	0	0	1	0
OTU567	0	0	0	0	0	0	5	1	0	0	0	0	0	2	0	0	0	0	0	0	995	0	1	0	0	0	0	2	0	0	0	0	1	296	4	0	0	0	0	0	0	0	29	0	0	4	0	0	0	0	0	0	2	0	0	0	3	1	0	1	111	0	0	88	0	38	2	1	1	0	0	0	0	0	0	0	0	0	0	0	4	0	0	0	0	26	0	0	0	0	0	0	28	0	0	0	0	89	3	0	0	1
OTU568	0	0	0	0	0	0	1	0	0	0	0	0	0	0	0	0	0	0	3	0	0	0	1	0	1	2	0	0	0	0	0	0	0	6	1	0	1	0	0	0	0	0	3	0	0	1	1	0	0	0	0	0	0	0	0	0	0	0	0	0	0	0	0	4	0	4	17	1	1	0	0	0	0	1	0	0	0	0	0	0	0	0	0	0	0	0	0	0	0	0	0	0	0	7	5	6	10	0	151	346	235	205
OTU569	0	0	0	0	0	0	3	0	0	0	0	0	0	0	0	0	0	0	1	0	0	1	3	0	0	0	0	0	0	0	0	0	0	2	1	0	0	0	0	0	0	0	0	0	0	0	0	0	0	0	0	0	0	0	9	0	0	15	5	0	0	0	0	0	351	0	94	172	150	0	0	0	0	0	0	0	0	0	0	0	0	0	0	0	0	0	0	0	0	0	0	0	0	3	0	0	0	0	0	6	1	0
OTU57	2	20	4	12	0	0	5	0	4	0	9	3	101	117	0	1	0	0	0	0	0	1	2	0	0	0	66	96	20	1396	35	60	5	14	25	28	13	13	8	0	15	13	17	2864	140	1187	1326	1286	27	11	8	27	135	11	410	413	709	1330	1547	5	2	23	6	0	11	8	11	24	22	27	9	20	19	247	0	10	28	22	15	1	76	369	162	811	532	28	12	17	83	132	3	2	424	4306	146	2037	118	13	81	2	38	55
OTU570	0	0	0	0	0	0	0	0	0	0	0	0	2	0	0	0	0	0	0	2	0	0	0	3	0	0	0	0	0	0	0	0	1	0	1	1	0	0	0	0	0	0	0	0	0	0	0	0	0	0	0	1	0	0	1	0	1	0	5	0	2	0	0	1	24	0	32	5	145	0	0	0	0	0	1	0	0	1	0	0	4	0	0	0	0	0	0	0	0	2	0	9	0	19	1	1	3	6	626	63	177	104
OTU571	0	1	0	0	0	0	0	0	0	0	2	1	5	3	0	0	0	0	0	0	0	0	0	0	0	0	14	4	4	41	10	0	0	0	7	0	9	11	12	0	1	5	3	4	35	18	29	36	9	30	10	12	42	4	3	3	31	5	40	0	0	0	0	0	0	0	1	2	0	15	46	40	26	14	0	26	0	42	26	3	10	5	21	16	22	7	4	16	1	12	5	4	7	27	17	11	7	0	0	0	3	0
OTU572	0	0	1	0	0	0	2	6	0	0	0	9	0	0	0	0	0	0	0	0	0	0	0	0	1	0	0	0	0	0	0	0	1	1	4	0	0	0	0	0	0	0	0	1	0	0	0	0	0	0	0	0	0	0	4	0	17	8	5	0	0	0	0	0	92	0	736	97	90	0	0	0	0	0	0	0	0	0	0	0	0	0	0	0	0	0	0	0	0	0	0	0	0	0	0	0	0	0	1	1	0	0
OTU573	0	0	0	0	0	0	4	2	0	0	0	0	3	0	0	4	0	0	0	0	0	0	2	0	6	0	0	0	0	1	0	0	1	4	7	0	0	0	2	0	0	0	0	0	0	0	0	0	0	0	0	0	0	0	20	0	10	19	4	1	5	0	0	9	151	8	259	592	66	0	0	0	0	3	0	1	0	0	0	0	0	0	0	0	0	0	0	0	0	0	8	0	0	5	13	5	0	1	212	50	203	8
OTU574	0	0	0	0	0	0	0	1	0	0	0	0	0	0	0	0	0	0	2	0	0	0	0	0	0	0	0	0	0	0	0	0	0	3	0	0	0	0	0	0	0	0	0	0	0	0	0	0	0	0	0	0	0	0	0	0	0	0	4	2	3	0	0	3	32	1	15	12	65	0	0	0	0	0	0	0	0	0	0	0	0	0	0	0	0	0	0	0	0	0	0	0	0	5	0	5	3	1	119	16	255	89
OTU575	0	2	0	0	0	0	7	0	1	0	0	1	1	7	3	0	0	1	0	0	0	0	0	0	0	0	39	67	28	42	6	0	0	0	3	0	4	13	2	0	4	20	14	25	19	8	1	5	1	10	5	12	60	2	10	4	26	9	1	1	0	0	0	0	0	0	0	1	3	39	119	52	11	23	6	15	28	12	46	9	441	43	14	2	3	2	14	11	57	17	16	9	2	23	22	7	11	0	0	0	0	0
OTU576	0	0	2	0	0	0	0	0	0	0	1	0	2	3	0	0	0	0	0	0	0	0	0	0	0	0	0	10	3	0	0	0	0	0	0	0	1	0	0	0	0	0	0	0	45	0	2	3	4	0	1	1	0	0	1	2	8	10	4	0	0	0	0	2	42	0	40	31	72	0	5	0	0	0	0	0	0	4	1	0	3	3	0	2	0	6	0	0	0	5	0	0	2	4	2	600	8	0	66	80	55	0
OTU577	0	0	0	0	0	0	4	1	1	0	7	0	4	3	0	0	0	0	1	0	365	0	0	0	0	2	0	2	0	0	0	0	1	144	3	0	0	0	0	0	0	5	11	0	0	0	0	0	0	0	0	0	0	0	0	5	7	0	0	0	27	0	1	248	2	52	9	3	2	0	0	0	0	0	0	0	0	0	0	0	0	0	0	0	0	58	0	0	0	8	0	0	42	0	2	0	0	108	0	1	0	0
OTU578	0	3	0	1	0	0	0	0	1	0	14	0	7	8	0	0	0	1	0	0	0	0	0	5	0	0	1	5	0	0	0	0	11	0	0	4	1	0	266	0	0	0	0	0	341	2	0	144	0	0	0	1	9	0	0	12	52	14	5	0	0	0	0	1	0	0	0	0	0	1	0	3	0	14	0	0	0	1	0	2	2	4	7	7	0	8	0	0	0	24	0	0	2	33	0	75	139	0	0	0	7	1
OTU579	0	1	1	2	0	0	0	0	4	0	4	1	20	22	0	0	0	0	0	0	0	2	2	2	3	0	41	121	47	33	42	0	0	0	3	0	15	23	62	0	24	3	17	13	24	21	12	8	3	10	12	6	8	0	12	4	26	26	20	1	7	0	0	1	0	0	0	0	0	42	22	47	12	90	24	14	27	5	45	20	18	109	163	47	137	12	16	2	4	18	4	7	6	54	8	7	11	0	1	0	3	0
OTU58	0	7	5	6	2	1	6	4	2	0	21	14	126	94	2	1	0	0	0	0	0	0	3	0	0	0	2062	2253	391	4317	781	0	24	5	2	43	21	25	19	0	8	13	7	27	25	71	90	1944	14	15	3	26	141	17	47	94	648	709	3633	1	4	0	0	18	0	2	10	11	76	23	1	13	8	334	9	9	19	38	5	8	55	20	249	11	14	29	5	6	41	243	12	6	103	352	625	975	90	3	4	17	27	2
OTU580	0	0	0	0	0	0	0	1	0	0	0	0	0	0	0	0	0	0	2	740	0	0	0	0	0	0	0	0	0	0	0	0	0	0	2	0	0	0	0	2	0	0	0	0	0	0	0	0	0	0	0	0	0	0	0	0	0	0	0	0	0	0	0	3	0	0	13	0	0	0	0	0	0	0	0	0	0	0	0	0	0	0	0	0	0	0	0	0	0	0	0	0	0	0	0	0	0	0	0	43	0	7
OTU581	0	0	0	1	0	0	0	0	1	0	1	0	3	0	0	0	0	0	0	0	0	2	0	1	2	0	0	0	0	4	7	0	0	0	2	0	1	0	0	0	0	1	1	1	1	0	0	4	0	6	0	2	3	0	8	30	16	5	22	0	469	1	0	34	0	51	0	5	2	2	0	0	3	3	5	0	0	0	0	1	3	0	22	152	3	18	0	0	0	2	0	0	23	1	0	3	80	34	0	0	0	1
OTU582	0	1	0	3	0	0	0	0	0	0	3	0	0	0	0	0	0	0	0	0	0	3	0	3	0	0	0	32	49	7	0	0	0	0	2	0	28	1	153	0	1	23	3	0	0	14	2	0	1	0	196	0	10	0	6	0	8	6	0	0	0	0	0	0	0	0	2	0	0	3	13	12	1	15	12	0	203	29	20	2	14	0	0	22	4	3	55	25	36	5	0	0	0	2	0	0	0	0	0	0	0	0
OTU583	0	1	0	2	0	0	0	0	0	0	0	0	8	6	0	0	0	0	0	0	0	1	0	0	4	0	0	1	0	0	0	0	0	0	0	0	16	0	0	0	1	0	12	0	41	2	0	6	6	0	0	9	4	5	1	0	71	6	6	0	0	0	3	0	0	0	2	0	0	1	0	0	1	44	0	0	0	0	143	0	0	10	1	4	0	4	0	0	6	81	13	0	1	0	2	90	204	0	0	0	5	0
OTU584	0	0	0	0	0	0	2	0	0	0	2	5	6	4	1	0	0	0	0	0	0	0	0	0	0	0	0	1	0	2	0	0	0	1	0	0	1	0	0	0	0	0	3	113	0	50	3	1	0	4	3	0	14	1	9	21	100	19	6	0	0	1	0	6	0	3	1	0	0	0	0	0	0	19	0	17	11	0	0	0	4	12	3	10	1	0	0	0	0	5	3	1	4	35	0	1	310	9	1	0	0	1
OTU585	0	0	0	0	0	0	0	0	0	0	0	0	0	0	0	0	0	0	0	0	613	0	0	0	0	0	0	0	0	0	0	0	0	41	0	0	0	0	0	0	0	0	16	0	0	6	0	0	0	0	0	1	0	0	0	0	1	0	0	0	0	0	0	7	0	14	4	0	0	0	0	1	0	1	0	0	0	0	0	0	0	0	1	0	0	7	0	0	0	0	0	0	4	0	0	0	0	8	1	2	0	0
OTU586	0	0	0	0	0	0	0	604	0	0	0	0	0	0	0	0	0	0	0	0	0	1	0	0	0	0	0	0	0	0	0	0	0	3	0	0	0	0	0	0	0	0	0	0	0	0	0	0	0	0	0	0	0	0	0	1	0	0	0	0	0	0	0	2	0	6	1	0	0	0	0	0	0	0	0	8	0	0	0	0	0	0	0	0	0	1	0	0	0	0	0	0	1	0	0	0	0	0	27	74	0	0
OTU587	0	1	0	0	0	0	0	0	3	0	2	0	1	2	0	0	0	0	0	0	0	9	1	2	0	0	0	1	0	1	0	0	0	0	0	0	90	9	41	0	1	8	1	0	1	1	0	0	2	56	6	6	3	0	1	1	2	0	12	0	0	0	0	0	0	0	0	0	0	80	21	2	7	6	0	1	107	6	8	0	13	0	0	0	0	0	57	1	128	11	11	1	0	2	2	0	0	0	0	0	2	0
OTU588	0	0	0	0	0	0	0	1	0	0	0	0	0	0	0	0	0	0	0	0	0	0	0	0	0	0	0	0	0	0	0	0	0	0	0	0	0	0	0	0	0	0	0	0	0	0	0	0	0	0	0	0	0	0	0	0	0	0	0	601	0	0	0	0	0	0	0	2	0	0	0	0	0	0	0	0	0	0	0	0	0	3	0	0	0	1	0	0	0	0	0	0	0	0	0	0	0	3	0	0	0	0
OTU589	0	0	0	0	0	0	7	0	0	0	0	0	2	0	0	0	0	0	0	0	0	3	0	0	0	0	2	0	1	22	2	4	4	0	1	0	0	0	0	0	2	0	10	29	0	0	1	73	417	17	0	68	524	35	24	24	9	2	27	0	0	0	0	0	0	0	1	1	22	1	0	27	17	0	0	0	1	0	29	0	56	2	0	0	0	2	0	0	0	0	3	23	0	6	8	5	1	1	0	0	0	0
OTU59	0	0	0	4	0	0	47	27	0	0	0	2	1	3	0	0	0	1	18	2	21	17	13	4	9	9	0	3	1	3	8	24	8	47	44	14	0	3	0	0	4	0	0	0	0	2	1	2	0	0	0	3	2	0	205	1	144	81	110	23	16	7	12	33	6883	11	6026	2643	2355	0	0	0	1	0	0	0	1	1	0	0	0	0	33	0	0	2	0	1	3	0	1	0	6	257	56	62	28	50	7906	2441	1561	987
OTU590	0	2	0	0	0	0	2	0	0	0	0	7	5	7	0	0	0	0	0	0	0	0	0	0	0	0	6	0	0	31	0	0	2	2	0	0	0	2	0	0	0	0	0	3	17	125	18	18	0	0	1	1	1	1	11	12	82	4	7	0	2	0	0	0	107	0	91	39	114	0	0	0	0	2	2	0	0	0	0	0	1	3	68	67	4	0	0	0	2	0	0	4	2	4	2	12	9	1	2	0	4	1
OTU591	0	0	0	0	0	0	0	0	0	0	0	0	1	3	0	0	0	0	0	0	0	0	0	0	0	0	0	0	0	7	1	0	0	0	0	0	0	0	0	0	1	0	0	0	3	3	0	4	4	3	2	55	49	0	0	0	3	7	5	0	0	0	0	2	18	0	216	95	145	1	0	0	0	4	4	0	0	1	0	0	5	9	20	2	10	0	0	0	0	36	0	1	0	7	3	3	0	0	0	0	1	0
OTU592	0	0	1	0	0	0	4	0	0	0	10	0	9	8	0	0	1	0	3	0	0	3	1	0	0	0	0	10	0	1	0	0	3	439	0	2	3	0	0	0	0	1	0	0	0	7	0	0	1	0	0	2	10	3	0	20	19	10	0	6	30	0	5	448	1	435	14	7	1	1	0	0	1	1	0	0	0	2	0	0	1	0	4	0	0	85	0	0	3	13	0	0	82	0	0	2	4	288	1	0	4	1
OTU593	0	4	0	2	0	0	0	10	0	0	2	0	10	28	0	0	0	0	0	0	0	0	0	0	0	0	0	9	0	8	5	0	0	8	7	0	2	0	0	2	4	2	1	66	37	475	394	59	4	12	0	2	13	3	222	80	93	13	1	4	1	0	0	0	2	2	1	21	4	4	1	0	522	503	234	1	3	1	6	1	22	238	5	13	0	2	0	2	7	24	1	0	14	121	16	11	0	0	0	0	3	0
OTU594	0	0	0	0	0	0	0	0	0	0	0	0	0	0	0	0	0	0	0	0	563	0	0	0	0	0	0	0	0	0	0	0	0	0	0	0	0	0	0	0	0	0	7	0	0	0	0	0	0	0	0	0	0	0	0	0	0	0	0	0	4	0	0	2	0	1	1	0	0	0	0	0	0	0	0	0	0	0	0	0	0	0	0	0	0	4	0	0	0	0	0	0	0	0	0	0	0	1	0	0	0	2
OTU595	0	0	0	0	0	0	4	0	0	0	0	0	0	0	0	0	0	0	0	0	0	2	0	0	0	0	0	0	0	0	0	0	0	0	0	0	0	0	0	0	0	0	0	0	0	0	0	0	0	0	0	0	0	0	22	0	0	0	2	0	0	0	0	3	530	0	38	13	72	0	2	0	0	0	0	0	0	0	0	0	0	0	0	0	0	0	0	0	0	0	0	0	0	0	0	0	0	0	0	0	0	0
OTU596	0	0	0	3	0	0	0	0	1	0	0	0	6	4	0	0	0	0	0	0	0	0	0	0	0	0	10	5	0	30	3	0	0	0	0	0	0	11	0	0	50	0	0	0	1	1	7	0	0	32	0	0	10	0	3	1	34	2	5	0	0	0	0	0	0	0	0	0	1	11	13	0	0	19	6	0	28	270	0	0	12	3	7	0	6	2	4	6	4	8	0	2	0	1	0	0	0	0	0	0	1	0
OTU597	0	0	0	0	0	1	1	0	0	0	0	1	12	6	0	0	0	0	0	0	0	0	0	0	0	0	0	0	0	2	0	2	0	86	0	0	0	2	0	0	0	0	0	48	0	6	2	1	0	22	10	5	4	0	7	94	25	1	0	0	0	0	0	15	0	30	4	0	0	0	0	0	3	1	0	0	2	0	1	0	3	0	39	126	7	10	1	0	0	13	0	0	10	7	0	28	0	23	0	0	0	1
OTU598	0	0	0	0	0	0	0	0	0	0	0	0	0	0	0	0	0	0	0	623	0	0	0	0	0	0	0	0	0	0	0	0	0	3	1	0	0	0	0	8	0	0	0	0	0	0	0	0	0	0	0	0	0	0	0	0	0	0	0	1	0	0	0	0	1	0	24	0	0	0	0	0	0	0	0	0	0	0	0	0	0	0	0	0	0	0	0	0	0	0	0	0	0	0	0	0	0	0	0	2	0	3
OTU599	0	0	0	0	0	0	0	0	0	0	0	3	0	0	0	0	0	0	0	0	472	2	0	0	0	0	0	0	0	0	0	0	0	0	0	0	0	0	0	0	0	0	13	0	0	0	0	0	0	0	0	0	0	0	0	3	0	0	0	0	0	0	0	29	0	17	6	0	1	0	0	0	0	0	0	0	0	0	0	0	0	0	0	0	0	5	0	0	0	1	0	0	3	0	0	0	0	14	3	0	0	0
OTU6	64	73	4	25	4	2	361	14	344	1	57	29	305	439	19	2	9	1	29	0	19	17	2	0	275	3	25	263	26	95	5	0	1	3	10	8	100	51	51	2	8894	1469	891	12	75	129	25	108	4820	1809	1894	655	598	4014	3194	839	1215	522	2364	484	46	0	0	169	45	117	24	33	59	119	17	275	261	857	538	25	48	159	20738	309	21101	29927	303	31	7	247	116	564	78	4227	4731	458	725	196	27	1138	66	81	9	0	24	5
OTU60	4	12	0	10	0	1	8	6	10	0	11	18	57	55	4	0	0	0	4	0	8	16	2	12	7	3	147	1251	703	430	96	18	2	46	18	11	108	68	290	1	46	38	90	1050	39	39	224	110	17	252	17	65	192	10	72	24	330	103	116	11	15	44	4	16	271	0	1034	484	457	111	105	46	142	214	2	97	418	51	134	72	69	128	209	1783	321	23	37	120	163	122	49	16	15	212	69	169	100	12	947	1788	2392	320
OTU600	3	3	0	0	0	0	0	0	1	0	4	0	9	8	0	0	0	0	0	0	0	0	6	1	0	0	0	5	0	0	0	0	0	2	1	0	47	187	181	0	0	55	4	0	0	5	3	0	9	3	1	0	90	4	0	1	15	16	13	0	0	0	0	0	0	0	0	1	0	71	99	62	1	25	89	0	130	17	11	18	15	1	0	2	0	5	14	20	11	15	118	87	15	0	4	0	5	0	0	0	0	0
OTU601	3	2	0	0	0	0	1	2	0	0	15	2	8	2	0	0	0	0	1	0	0	1	0	15	1	0	0	0	0	0	0	0	0	1	2	0	3	0	596	0	7	20	44	15	22	25	56	3	0	0	0	1	4	4	7	39	13	1	33	2	0	0	0	0	2	0	5	0	35	26	13	34	5	13	9	1	0	12	8	3	7	11	9	0	2	7	0	4	11	8	3	21	4	4	2	1	15	0	39	0	12	1
OTU602	0	0	0	0	0	0	0	0	0	0	2	0	1	3	0	0	0	0	0	0	393	0	0	0	0	0	0	0	0	0	0	0	0	0	0	0	0	0	2	0	0	0	14	0	0	0	0	0	8	2	0	5	22	19	0	3	1	0	0	1	0	0	0	64	0	18	2	0	0	0	0	0	0	2	0	0	0	0	0	6	2	0	0	0	0	20	0	0	0	0	0	0	12	0	0	0	0	30	0	0	0	0
OTU603	0	0	0	5	0	0	0	0	0	0	1	0	13	9	0	0	0	0	0	0	0	0	0	0	0	0	2	3	0	3	0	0	2	0	0	0	0	0	0	0	0	0	0	0	25	46	11	3	0	0	0	0	16	0	162	37	13	6	34	1	3	0	0	0	3	0	0	1	0	1	0	0	0	13	0	1	0	0	0	0	1	77	99	0	0	1	0	0	0	15	0	0	4	0	1	13	30	0	0	0	1	0
OTU604	0	0	0	0	0	0	0	3	0	0	0	0	0	0	0	0	0	0	1	1	2	4	0	2	0	0	0	0	0	0	0	0	1	3	0	0	0	0	0	0	0	0	0	0	0	0	0	1	0	0	0	0	0	0	1	0	3	0	10	4	2	0	0	1	13	0	10	15	324	0	0	0	0	0	0	0	0	0	0	0	0	0	0	0	0	0	0	0	0	0	0	0	0	16	0	1	0	1	820	103	119	29
OTU605	0	0	0	0	0	0	0	3	0	0	0	0	0	0	0	0	0	0	1	0	0	0	1	0	0	0	0	0	0	0	0	0	0	7	0	0	0	0	0	0	0	0	0	0	0	0	0	0	0	0	0	0	3	0	0	0	0	0	0	1	2	0	0	2	0	5	5	3	4	0	0	0	0	2	0	0	0	0	0	0	0	0	0	0	0	0	0	0	0	0	0	0	2	35	4	4	0	2	798	213	52	9
OTU606	0	6	0	3	0	0	1	1	0	0	1	5	6	7	0	0	0	0	0	0	2	15	0	0	0	0	2	17	18	6	9	0	1	1	1	0	369	14	18	0	1	5	26	9	1	32	0	1	9	70	0	14	69	0	27	9	65	19	26	0	0	0	2	8	199	10	772	135	229	1	11	4	2	35	0	13	47	24	0	9	5	19	1	4	170	2	9	0	1	20	4	2	0	3	94	14	11	4	28	0	7	0
OTU607	0	0	0	0	0	0	0	0	0	0	0	0	4	4	0	0	0	0	0	0	0	2	0	0	0	0	0	0	0	46	0	0	0	0	4	0	57	80	2	0	15	0	11	0	0	8	0	7	63	0	51	7	47	0	4	1	10	1	0	0	0	0	0	0	0	0	3	0	0	0	65	19	6	29	0	0	0	1	15	0	4	5	4	0	0	1	0	0	30	7	0	0	1	4	8	22	14	0	26	19	9	22
OTU608	0	0	0	0	0	0	1	0	0	0	0	0	0	0	0	0	0	0	0	0	0	0	0	0	0	545	0	0	0	0	0	0	0	0	0	0	0	0	0	0	0	0	0	0	0	0	0	0	0	0	0	0	0	0	0	0	0	0	0	0	0	0	0	1	0	4	5	0	0	0	0	0	0	0	0	0	0	0	0	10	0	0	0	0	0	0	0	0	0	0	0	0	0	0	0	0	0	5	3	0	0	0
OTU609	0	0	0	0	0	0	0	3	2	0	1	5	10	10	0	0	0	0	0	0	0	0	0	0	0	0	0	8	1	10	4	0	0	0	0	0	0	0	0	0	0	5	0	22	12	11	3	9	0	1	0	1	15	9	6	14	57	13	12	0	0	0	1	0	0	0	2	0	1	15	37	0	112	11	7	0	2	1	0	6	0	1	19	3	44	2	1	0	0	4	17	2	5	13	8	7	63	1	0	0	0	0
OTU61	1	7	0	0	0	0	25	9	0	3	236	10	51	31	0	0	0	2	14	0	4392	6	7	5	3	2	2	18	3	2	1	2	5	5930	14	15	3	2	4	3	2	1	117	1	2	168	3	2	1	5	0	7	56	0	6	301	58	33	4	10	1389	2	2	10411	6	3794	189	19	24	8	0	3	2	100	1	2	4	5	0	2	14	4	47	0	0	4862	6	20	0	83	0	0	958	12	2	18	4	5034	23	6	22	18
OTU610	0	0	0	0	0	0	0	0	0	0	0	0	0	0	0	0	0	0	542	0	0	0	0	0	0	0	0	0	0	0	0	0	0	0	0	0	0	0	0	0	0	1	0	0	0	0	0	0	0	0	0	0	0	0	0	0	0	0	0	0	0	0	0	0	0	0	0	0	0	0	0	0	0	0	0	0	0	0	0	0	0	0	0	0	0	0	0	0	0	0	0	0	0	0	0	0	0	0	2	0	0	0
OTU611	1	0	0	4	0	0	0	1	0	0	0	5	29	11	0	0	0	0	0	0	0	0	0	0	0	0	0	28	0	33	4	0	0	3	0	0	0	0	0	0	6	26	1	12	15	16	0	13	36	4	7	0	12	24	43	392	73	16	48	7	0	0	0	0	0	11	29	0	24	14	0	0	91	129	0	1	1	4	7	6	12	196	5	1	0	2	4	2	9	17	275	3	33	93	4	20	6	1	2	0	2	0
OTU612	0	2	0	1	0	0	0	3	1	0	1	0	21	9	0	0	0	0	0	0	0	0	0	0	0	0	1	2	0	47	0	0	1	0	0	0	6	0	0	0	0	0	0	30	107	7	0	58	1	2	0	48	29	1	46	51	31	28	67	3	2	0	0	2	20	4	2	2	66	4	2	3	107	43	0	1	0	0	63	0	9	24	27	3	13	8	0	1	3	31	0	2	12	150	17	81	125	0	11	1	30	1
OTU613	0	2	0	0	0	0	0	0	0	0	1	2	10	0	0	0	0	0	0	0	0	0	0	0	0	0	0	0	1	0	0	0	0	0	0	0	0	2	0	0	0	0	3	0	0	2	0	45	0	0	2	41	3	0	0	0	23	0	853	0	0	0	0	0	0	0	1	0	30	1	0	0	0	9	1	5	1	3	0	0	1	3	2	0	0	18	3	1	0	3	0	0	12	7	5	1	0	2	0	0	0	0
OTU614	0	2	4	0	0	0	0	0	0	0	127	0	0	2	1	0	2	0	0	0	0	1	0	0	0	0	3	1	0	0	0	0	0	0	0	0	787	0	9	0	0	4	1	0	3	0	0	0	0	13	0	70	2	1	4	1	0	0	7	0	0	0	0	0	0	0	0	0	0	9	0	0	8	17	1	0	1152	10	6	5	0	923	5	0	0	0	0	7	0	1	0	5	2	2	0	9	0	0	0	0	0	0
OTU615	0	0	3	1	0	0	1	0	0	0	1	2	4	1	0	0	0	0	0	0	0	0	0	0	0	0	111	5	0	0	0	0	2	0	0	0	1	0	0	0	0	0	0	0	13	4	0	0	0	0	1	14	2	0	1	2	37	4	2	0	3	0	0	3	65	2	11	15	4	1	0	0	0	10	0	0	0	0	0	0	0	52	56	27	4	0	0	0	0	6	2	0	8	1	0	3	121	0	8	0	41	4
OTU616	0	0	0	0	0	0	0	0	0	0	0	0	0	0	0	0	0	0	0	0	3	0	0	0	1	0	1	0	0	15	9	0	0	2	5	1	0	2	21	0	4	0	2	0	67	17	5	0	4	1	0	1	0	2	32	13	30	0	0	0	7	0	0	0	3	1	8	38	1	26	12	21	0	33	11	15	66	2	51	2	4	19	27	7	1	3	235	148	15	9	0	0	0	9	0	2	128	0	40	73	62	7
OTU617	0	0	0	0	0	0	1	0	0	0	0	0	0	0	0	0	0	0	4	0	0	3	0	1	2	0	0	0	0	0	0	0	0	0	0	0	0	0	0	0	0	0	0	0	0	0	0	0	0	0	0	0	0	0	0	0	0	0	0	0	0	0	0	2	2	0	8	0	0	0	0	0	0	0	0	0	0	0	0	0	0	0	0	0	0	0	0	0	0	0	0	0	0	13	0	4	2	0	533	112	105	79
OTU618	1	0	0	0	0	0	0	0	0	0	0	0	0	0	0	0	0	0	0	0	1	0	0	0	2	0	0	0	0	0	0	0	0	0	1	2	0	0	0	0	0	0	0	0	0	0	0	0	0	0	0	0	1	0	4	0	9	0	1	0	0	0	0	0	143	0	368	2	92	0	0	0	0	0	0	1	0	0	0	0	3	0	0	0	0	0	0	0	0	0	0	1	5	0	0	0	0	0	0	0	0	2
OTU619	0	0	0	0	0	0	0	0	0	0	0	0	0	0	0	0	0	0	0	0	490	0	0	0	0	0	0	1	0	0	0	0	0	0	0	0	0	0	0	0	11	0	7	0	0	0	1	0	0	0	0	0	0	0	0	0	1	0	0	2	0	0	0	26	0	4	1	2	3	0	0	0	0	0	0	0	0	0	0	0	0	0	0	0	0	8	0	0	0	0	0	0	4	0	0	0	0	11	0	0	0	0
OTU62	0	12	0	9	0	0	26	7	4	0	3	4	8	17	2	0	0	0	5	0	11	19	13	8	3	0	2	2114	2	6	4	15	14	30	31	17	3	1	1	0	2	0	11	8	171	8	3	67	2	0	2	10	15	0	33	7	50	41	48	44	28	10	7	35	390	17	317	488	1096	2	4	2	3	38	0	1	1	3	4	4	8	1941	402	65	124	28	1	1	1	12	1	0	43	39	8	284	13	36	652	539	12278	794
OTU620	0	2	1	0	0	0	0	0	4	0	1	1	2	6	0	0	0	0	5	0	0	8	1	3	0	0	0	1	0	0	0	0	0	0	0	0	131	172	71	0	19	67	8	0	0	7	11	1	1	0	0	0	10	0	0	0	2	4	6	0	0	0	0	0	0	0	1	0	0	119	0	3	2	1	0	11	0	0	0	0	2	0	0	0	0	1	21	0	0	3	32	0	1	1	3	0	0	0	0	0	0	0
OTU621	0	0	0	0	0	0	0	0	1	0	4	1	6	10	0	0	0	0	0	0	0	0	0	0	0	0	0	18	0	28	14	1	1	48	4	0	1	12	31	1	9	1	10	50	13	16	7	2	42	54	0	49	11	25	18	69	25	2	8	1	0	0	0	23	0	19	2	0	0	36	58	135	65	18	25	3	1	19	2	0	3	18	0	0	0	7	19	30	0	8	24	0	9	11	2	8	14	15	0	0	0	0
OTU622	0	0	0	0	0	0	3	8	0	0	1	0	0	0	0	0	0	0	0	0	1	6	2	0	1	4	0	0	0	0	0	1	2	8	1	4	0	0	0	0	0	0	0	8	0	0	0	0	0	0	0	7	4	0	14	3	10	1	32	1	4	1	1	5	477	1	384	88	1402	0	0	0	1	0	0	0	0	0	0	0	0	0	0	0	0	0	0	0	0	1	0	1	1	25	2	3	2	10	782	351	201	99
OTU623	0	0	0	0	0	0	2	6	1	0	1	3	5	4	0	0	0	0	0	0	0	0	0	0	1	0	0	2	0	0	0	1	2	106	6	1	2	2	0	0	2	10	2	3	21	16	6	0	23	25	0	45	15	13	30	11	9	5	3	0	0	0	0	65	5	62	0	0	48	111	13	84	125	39	28	1	19	0	0	0	2	3	1	0	0	25	65	3	0	10	3	0	5	3	1	3	7	38	0	0	0	0
OTU624	0	0	0	0	0	0	0	759	0	0	0	0	0	0	0	0	0	0	0	0	0	0	0	0	0	0	0	0	0	0	0	0	0	0	0	1	0	0	0	0	0	0	0	0	0	0	0	0	0	0	0	0	0	0	0	0	0	0	0	0	0	0	0	0	13	0	4	3	0	0	0	0	0	0	0	4	0	0	0	0	0	0	0	0	0	0	0	0	0	0	0	0	0	0	0	0	0	2	0	0	5	0
OTU625	0	0	0	0	0	0	0	0	0	0	0	0	0	0	0	0	0	0	0	0	0	0	3	0	0	0	0	0	0	0	0	0	0	3	3	0	0	0	0	0	0	0	0	0	0	0	0	9	0	0	0	0	0	0	0	0	0	2	19	0	2	0	0	2	69	0	15	27	350	0	0	0	0	0	0	0	0	0	0	0	0	0	0	0	1	0	0	0	0	0	0	0	0	5	0	0	0	1	40	0	30	0
OTU626	0	0	0	0	0	0	0	0	1	0	0	0	3	4	0	0	0	0	0	0	0	0	0	0	0	1	0	0	0	0	0	0	0	0	0	0	1	0	0	0	0	0	3	0	2	0	0	2	90	23	0	225	34	1	0	1	2	4	1	0	0	0	0	0	0	0	8	1	0	7	0	8	0	15	0	0	2	8	17	4	1	0	0	1	0	1	81	1	2	32	6	5	0	3	0	0	0	0	0	0	0	0
OTU627	0	0	0	0	0	0	0	4	0	0	0	0	2	0	0	0	0	0	0	0	0	0	0	0	0	0	0	0	0	0	0	2	0	1	0	0	0	0	0	0	0	0	0	0	0	0	0	0	0	0	0	1	0	0	0	0	0	0	0	0	1	0	1	0	0	0	14	0	1	0	0	0	0	0	0	0	0	0	0	0	0	0	0	0	0	0	0	0	0	0	0	0	0	20	1	4	0	0	262	154	123	80
OTU628	0	0	0	3	0	0	0	0	3	0	0	0	8	5	0	0	0	0	0	0	0	0	0	0	0	0	0	6	0	42	1	0	0	0	0	0	0	0	1	0	3	10	0	0	15	3	0	0	37	11	6	0	10	5	8	78	28	5	14	5	0	0	0	0	0	1	0	0	3	7	0	1	28	88	0	8	0	2	0	4	7	201	6	5	0	0	1	0	12	7	121	1	13	30	2	10	3	0	1	0	2	0
OTU629	0	0	0	0	0	0	0	0	0	0	6	0	4	0	0	0	0	0	0	0	2	0	0	0	0	0	0	0	0	0	0	0	1	213	1	0	0	0	0	0	0	0	0	0	0	2	0	0	0	0	0	0	1	0	1	8	6	0	0	1	104	0	0	273	4	104	10	3	4	0	0	0	0	4	0	0	0	0	0	0	0	0	5	0	0	61	0	0	0	0	0	0	27	0	0	0	0	90	3	0	3	0
OTU63	2	0	2	5	0	0	26	5	42	2	47	18	43	62	1	1	2	0	0	0	3	23	50	30	0	5	7	52	88	11	52	0	2	3	57	0	224	2190	1479	1	803	24	87	15	26	91	18	0	177	895	146	34	86	334	35	21	386	64	39	4	1	10	1	0	1	0	6	15	13	2074	443	3913	9	201	13	188	736	581	49	126	573	98	58	229	13	57	90	120	862	86	29	28	23	51	24	16	38	1	1	0	4	1
OTU630	0	0	0	0	0	0	1	0	0	0	0	0	0	0	0	0	0	0	1	0	0	1	0	0	0	0	0	0	0	0	0	586	0	0	0	0	0	0	0	0	0	0	0	4	0	0	0	0	0	0	0	0	0	0	0	0	0	0	0	0	0	0	0	1	1	0	1	0	0	0	0	0	0	0	0	0	0	0	0	0	0	0	0	0	0	0	0	0	0	0	0	0	0	0	0	0	0	1	0	0	3	0
OTU631	0	0	0	0	0	0	7	0	0	0	1	0	0	0	0	0	0	0	3	0	0	0	0	0	0	0	0	0	0	0	0	0	1	2	0	0	0	0	0	0	0	0	0	0	0	0	0	0	0	0	0	0	0	0	0	0	0	0	0	1	10	0	0	2	0	2	17	3	2	0	0	0	0	0	0	0	0	0	18	0	0	0	2	0	0	0	0	0	0	1	0	0	0	15	0	0	11	0	819	96	153	177
OTU632	0	1	0	2	0	0	0	0	1	0	0	0	3	5	0	0	0	0	0	0	0	0	0	0	0	0	0	12	0	11	0	0	1	0	1	0	4	7	0	0	3	2	0	0	0	0	3	0	21	8	5	191	12	83	12	0	14	12	11	1	1	0	0	11	0	9	0	0	0	15	0	0	0	13	0	1	0	0	9	8	1	11	18	0	0	6	1	0	18	10	20	0	14	2	2	24	6	15	0	0	2	0
OTU633	0	5	0	1	0	0	0	0	0	0	0	0	5	6	0	0	0	0	0	0	0	0	0	0	1	0	0	3	1	0	0	0	0	0	0	0	0	0	0	0	0	3	0	2	33	7	0	13	29	2	0	43	48	5	7	10	17	3	0	0	0	0	0	0	0	1	0	0	1	23	0	30	16	8	9	0	0	0	42	0	1	2	5	0	0	0	0	0	0	133	7	6	0	5	31	11	19	0	3	1	1	0
OTU634	0	0	0	0	0	0	0	0	0	0	0	0	272	0	0	0	0	0	0	0	0	0	0	0	0	0	0	0	0	0	0	0	0	0	14	0	0	0	1	0	0	2	0	0	1	0	580	0	0	0	0	0	1	0	0	0	1	0	0	0	0	0	0	0	0	0	0	0	0	0	0	0	0	0	0	0	0	0	1	0	0	0	1	0	0	0	0	0	0	0	0	0	0	0	0	0	0	0	0	0	0	0
OTU635	0	4	0	1	0	0	0	0	2	0	8	0	5	12	0	0	0	0	1	0	0	2	0	0	0	0	0	5	1	0	0	0	0	0	2	0	137	35	0	0	20	26	3	2	0	0	1	0	3	36	0	5	5	1	2	0	17	8	0	0	0	0	0	0	0	0	0	1	0	0	0	1	0	13	1	0	282	138	10	3	3	0	0	0	0	0	132	0	44	16	3	6	0	0	1	2	0	0	0	0	0	0
OTU636	0	0	1	4	0	0	0	0	0	0	0	0	1	6	0	0	0	0	0	0	0	0	0	0	0	0	2	130	102	95	0	1	0	0	1	0	0	0	0	0	0	0	1	75	20	12	20	13	0	0	2	0	0	0	0	23	15	4	17	1	0	0	2	0	0	0	0	0	0	2	0	7	0	6	0	0	1	0	0	0	1	20	49	0	48	3	0	0	2	10	0	0	4	2	1	0	0	0	0	0	0	0
OTU637	0	0	0	0	0	0	0	0	0	0	0	0	0	0	0	0	0	0	0	0	0	0	0	0	0	0	0	0	0	0	0	0	0	0	0	0	0	0	0	0	0	0	0	0	0	0	0	0	0	0	0	0	0	0	0	0	0	0	0	550	2	0	0	0	0	0	0	0	0	0	0	0	0	0	0	0	0	0	0	0	0	0	0	0	0	0	0	0	0	0	0	0	0	0	0	0	0	2	0	0	0	0
OTU638	0	0	0	0	0	0	2	0	0	0	0	0	0	0	0	0	0	0	0	0	1	1	1	0	0	1	0	0	0	0	0	1	0	2	0	2	0	0	0	0	0	0	0	0	0	2	0	0	0	0	0	0	0	0	0	0	0	0	0	1	0	0	0	1	4	0	7	0	0	0	0	0	0	0	0	0	0	1	0	0	0	0	0	0	0	0	0	0	0	0	0	0	0	8	0	1	0	2	295	224	109	65
OTU639	0	0	0	0	0	0	0	1	0	0	0	0	0	0	0	0	0	0	0	0	418	0	0	0	0	0	0	0	0	0	0	0	0	118	0	0	0	0	0	0	0	0	16	0	0	1	0	0	0	0	0	0	1	0	0	5	2	0	0	0	0	0	0	48	0	32	2	0	0	0	0	0	0	1	0	0	0	0	0	0	1	0	0	0	0	23	0	0	0	0	0	0	14	0	0	0	0	43	0	0	0	0
OTU64	57	28	1	20	0	0	23	18	120	0	19	10	124	186	5	0	1	1	16	0	9	7	11	10	11	2	144	379	160	718	188	11	4	1	26	6	36	56	224	0	4156	1160	814	310	326	341	161	169	1866	1636	3877	763	2945	109	377	217	618	256	2184	21	13	0	7	21	0	5	13	72	44	198	309	868	268	734	88	374	110	537	399	34	1080	766	464	111	188	176	311	423	381	749	1181	420	199	556	92	366	92	12	12	0	4	0
OTU640	0	0	0	0	0	0	0	0	0	0	0	0	0	0	0	0	0	0	1	0	261	0	0	0	5	1	0	0	0	0	0	0	0	172	0	0	0	0	0	0	0	0	11	0	0	7	0	0	0	0	0	0	3	0	0	5	3	0	0	0	42	0	0	50	2	23	0	1	0	0	0	0	0	0	0	0	0	0	0	0	0	0	0	0	0	9	0	0	0	0	0	0	9	0	0	0	0	18	0	0	2	0
OTU641	0	0	0	0	0	0	1	0	0	0	0	0	0	0	0	0	0	0	0	0	0	4	0	0	0	0	0	2	0	0	0	0	0	68	1	0	0	0	0	0	1	0	0	0	0	0	0	0	0	0	0	0	1	0	0	6	3	0	0	0	377	0	1	75	0	33	2	0	0	0	0	0	0	2	0	0	0	0	0	0	0	0	4	0	0	29	0	0	0	1	0	0	19	0	0	0	0	46	0	1	1	0
OTU642	1	0	0	1	0	0	0	0	0	0	0	8	2	1	0	0	0	0	0	0	0	0	2	0	0	0	3	44	0	0	1	0	0	0	0	0	12	1	1	2	2	1	0	11	1	11	0	10	25	11	46	13	10	0	15	45	84	0	3	2	0	0	0	0	0	2	1	0	0	6	21	56	106	17	21	0	5	0	4	7	3	48	7	5	0	0	3	0	0	6	0	11	8	8	2	2	0	0	0	0	0	0
OTU643	0	0	0	0	0	0	0	1	0	0	0	0	2	0	0	0	0	0	1	0	0	7	0	1	0	0	0	0	0	0	0	1	0	0	1	0	0	0	0	0	0	0	0	9	1	0	0	0	0	0	0	0	0	0	5	0	5	23	4	0	0	0	0	1	102	0	60	375	102	0	2	0	0	1	0	0	0	0	0	0	0	0	0	54	1	0	1	0	0	0	0	0	0	0	0	0	0	0	17	0	0	0
OTU644	0	0	0	0	0	0	0	0	0	0	0	0	0	2	0	0	0	0	0	0	450	0	1	0	0	0	0	0	0	2	0	0	0	0	2	0	0	0	0	0	0	0	13	0	0	0	0	1	0	0	0	0	0	0	0	0	0	0	0	0	1	0	0	12	1	1	2	1	0	0	0	0	0	0	0	0	0	0	0	0	0	0	0	0	0	3	0	0	0	0	0	0	3	0	0	0	0	4	0	2	0	0
OTU645	0	0	0	0	0	0	482	0	0	0	0	0	0	0	0	0	0	0	0	0	0	0	0	0	0	0	0	0	0	0	0	0	0	0	1	0	0	0	0	0	0	0	0	0	0	0	0	0	0	0	0	0	0	0	0	0	0	0	0	0	0	0	0	1	0	0	0	0	0	0	0	0	0	0	0	0	0	0	0	0	8	0	0	0	0	0	0	0	0	0	0	0	3	0	0	0	0	0	0	0	0	0
OTU646	0	0	0	1	0	0	0	0	0	0	0	3	1	8	0	0	0	0	0	0	0	1	2	0	0	0	1	13	0	0	8	0	0	0	1	0	13	0	8	0	19	0	4	12	18	0	9	13	0	12	1	4	3	0	12	10	12	125	17	0	0	0	4	8	2	0	0	3	6	9	0	0	0	17	0	11	10	12	0	0	1	19	21	4	41	5	0	6	4	10	1	0	0	21	0	0	0	5	0	0	0	1
OTU647	13	2	0	1	0	1	0	0	3	0	2	0	17	16	0	0	0	0	0	0	0	0	0	1	1	0	5	4	0	37	44	0	0	2	3	0	23	2	14	0	11	2	0	0	40	114	8	0	414	8	1	35	236	7	0	18	47	23	8	0	0	2	0	3	0	0	4	0	0	49	18	184	29	52	4	20	45	1	65	18	15	0	7	0	2	0	88	8	2	41	65	45	7	4	0	8	80	0	0	0	0	1
OTU648	0	0	0	0	0	0	0	1	0	0	0	0	0	0	0	0	0	0	0	0	399	0	0	0	0	0	0	0	0	0	0	0	0	26	0	0	0	0	0	0	0	0	6	0	0	0	0	0	0	0	0	0	0	0	0	0	0	0	0	0	0	0	0	18	0	4	5	0	2	0	0	0	0	0	0	0	0	0	0	0	0	0	0	0	0	1	0	0	1	0	0	0	0	0	0	4	0	4	1	0	0	0
OTU649	0	0	0	1	0	0	5	0	0	0	2	0	13	6	0	0	0	0	0	0	0	0	5	0	0	0	0	0	1	1	3	9	1	0	2	0	1	41	3	0	3	0	0	426	0	1	26	0	0	0	5	1	4	0	6	0	4	3	3	0	0	0	0	0	57	0	6	0	0	1	0	1	0	9	5	0	3	0	3	0	1	0	0	0	0	0	0	0	0	4	0	0	1	0	0	109	2	0	0	0	5	0
OTU65	1	17	3	17	0	0	27	7	56	2	46	20	71	70	2	1	0	0	7	0	1	23	126	38	38	0	51	260	11	45	44	2	7	4	9	0	770	6160	1014	0	465	204	57	12	81	179	38	43	118	1041	101	27	170	5	65	37	316	95	99	0	2	0	2	8	161	5	246	245	195	147	50	9	106	207	15	187	717	806	1912	75	970	29	192	36	48	36	1361	275	778	219	185	34	45	53	18	2068	48	7	328	165	157	47
OTU650	0	0	0	0	0	0	0	2	0	0	0	0	0	0	0	0	0	0	0	0	0	4	1	0	0	0	0	0	0	0	0	0	0	1	0	0	0	0	0	0	0	0	0	0	0	0	0	0	0	0	0	2	0	0	3	0	1	0	0	0	0	1	0	0	43	0	13	6	8	0	0	0	0	0	0	0	0	0	0	0	0	0	0	0	0	0	0	0	0	0	0	0	0	15	5	0	0	9	255	136	42	17
OTU651	0	0	0	3	0	0	0	0	0	0	1	0	4	5	0	0	0	0	0	0	1	0	0	0	0	0	0	2	2	1	0	0	0	0	3	0	1	16	75	0	0	5	20	0	0	127	13	0	0	0	3	1	5	0	0	0	6	1	3	0	0	0	0	0	0	0	0	0	0	27	2	0	0	6	0	0	0	18	0	22	2	0	0	0	0	1	0	146	3	2	0	0	3	0	0	0	0	0	0	0	0	0
OTU652	0	0	0	0	0	0	0	0	0	0	3	0	2	1	0	0	0	0	0	0	0	5	0	0	0	0	0	4	7	0	2	0	0	0	2	0	1	0	0	0	0	25	2	1	0	0	2	0	350	38	1	0	27	0	0	0	1	6	1	0	0	0	0	0	6	0	0	1	0	0	0	21	0	11	1	0	0	0	0	6	1	6	0	1	2	0	12	6	0	0	14	0	3	1	0	0	0	0	0	0	0	0
OTU653	0	0	0	0	0	0	0	0	0	0	0	0	0	0	0	0	0	0	0	0	0	0	0	0	0	0	0	0	0	0	0	0	2	2	0	1	0	0	0	0	1	0	0	0	0	0	0	2	0	0	0	16	21	0	0	3	2	1	6	0	1	0	0	0	0	0	15	3	0	0	0	0	40	14	0	0	1	0	3	0	1	0	0	0	3	0	0	0	0	2	2	0	2	9	4	2	1	3	197	115	120	39
OTU654	0	2	0	0	0	0	0	0	0	0	0	0	4	2	1	0	0	0	0	0	0	0	0	0	0	0	0	1	0	2	0	0	1	0	0	0	2	0	0	0	0	0	0	8	76	1	1	5	0	1	0	0	3	2	0	16	10	7	359	0	0	0	0	0	0	0	0	0	12	0	0	2	0	2	0	1	0	0	0	3	5	6	0	0	0	13	0	1	0	2	0	0	18	0	0	12	2	0	0	13	1	3
OTU655	4	0	0	0	0	0	1	0	0	0	1	0	6	12	0	0	0	0	0	0	1	1	0	0	0	0	0	3	0	3	6	0	0	0	0	0	66	7	5	0	5	0	3	0	2	0	0	0	6	77	5	2	98	17	2	0	10	2	3	0	2	0	0	0	0	0	2	0	3	1	0	7	16	54	10	6	0	0	25	0	3	0	0	0	0	0	22	0	3	136	11	23	4	6	0	0	0	0	0	0	0	0
OTU656	0	0	0	0	0	0	0	1	0	0	2	0	1	0	0	0	0	0	0	0	566	1	0	0	0	0	0	1	0	2	0	0	2	94	0	1	0	0	0	0	0	0	9	3	0	4	0	0	0	0	0	0	0	0	0	2	1	2	0	0	0	0	1	141	0	76	6	2	0	0	0	0	0	3	1	0	0	0	0	0	3	0	0	0	0	47	0	0	0	4	0	0	32	0	0	0	0	47	0	2	1	0
OTU657	0	0	0	0	0	0	0	0	0	0	0	1	0	0	0	0	0	0	0	0	0	0	0	0	0	0	0	0	0	0	0	0	0	0	0	0	0	0	0	0	0	0	0	0	0	0	0	0	0	0	0	0	0	0	3	0	14	0	4	0	0	0	0	0	48	0	468	16	45	0	0	0	0	0	0	0	0	0	0	0	0	0	0	0	0	0	0	0	0	0	0	0	0	0	0	0	0	0	0	2	13	0
OTU658	0	0	0	0	0	0	2	4	0	0	0	1	0	1	0	0	0	0	3	0	3	0	0	2	4	3	0	9	8	1	0	3	9	252	9	1	0	0	0	0	0	2	0	3	0	16	2	0	2	4	0	1	4	0	3	27	6	0	0	0	124	1	0	145	10	146	55	4	15	1	0	0	11	1	0	0	0	0	0	0	1	0	6	0	1	53	0	0	4	0	0	0	46	89	11	41	7	136	1409	285	1036	403
OTU659	0	0	0	0	0	0	3	0	0	0	4	0	0	0	0	0	0	0	0	0	4	4	2	0	0	1	0	0	0	0	0	0	0	573	0	0	1	0	0	0	0	0	2	0	0	15	0	0	0	0	0	1	2	0	0	8	2	0	0	3	119	0	0	223	3	95	8	1	1	0	0	0	0	4	0	0	0	0	0	0	0	0	4	0	0	66	0	0	0	1	0	0	24	0	0	0	1	98	7	2	2	0
OTU66	0	0	0	1	0	0	17	6	0	0	0	3	0	0	0	0	0	0	5	0	8	23	11	2	6	1	0	0	0	0	0	2	13	55	15	19	1	0	0	0	0	0	0	1	0	1	0	0	0	1	0	1	0	2	91	0	26	43	56	7	10	2	1	14	4828	8	1034	1356	2688	0	0	0	1	4	0	0	0	0	0	0	1	0	0	1	0	0	0	0	0	0	0	0	0	3	18	50	5	29	197	750	4415	469
OTU660	0	0	0	0	0	0	0	0	0	0	0	0	0	0	0	0	0	0	1	0	0	0	0	0	0	0	0	0	0	0	0	0	447	0	1	0	0	0	0	0	0	0	0	0	4	0	0	0	0	0	0	0	0	0	0	0	0	0	0	0	0	0	0	1	0	0	1	0	0	0	0	0	0	0	0	0	0	0	0	0	0	0	0	0	0	0	0	0	0	0	0	0	0	0	0	0	0	1	0	0	2	1
OTU661	0	0	0	0	0	0	0	0	0	0	0	0	0	0	0	0	0	0	0	0	0	0	0	0	0	0	0	0	0	0	0	0	2	0	2	0	0	0	0	0	0	0	0	0	0	0	0	0	0	0	0	0	0	0	0	0	1	0	0	0	0	541	0	2	4	0	3	0	0	0	0	0	0	0	0	0	0	0	0	0	0	0	0	2	0	0	0	0	0	0	0	0	0	0	0	0	0	0	0	0	0	0
OTU662	0	0	0	0	0	0	0	0	0	0	0	0	0	0	0	0	0	0	0	0	148	1	1	0	0	0	0	0	0	0	0	0	0	127	0	1	0	0	0	0	0	0	8	0	0	2	0	0	0	0	0	0	1	0	0	11	2	0	0	0	237	0	0	145	0	80	6	2	0	0	0	0	0	0	0	0	0	0	0	0	0	0	6	0	0	43	0	0	0	0	0	0	11	0	0	0	0	78	0	0	0	1
OTU663	0	3	0	0	0	0	3	1	0	0	0	0	0	1	0	0	0	0	0	0	0	0	1	0	0	0	0	1	0	0	0	0	2	18	0	0	0	0	0	0	0	0	0	0	37	0	0	0	0	0	0	0	0	0	0	0	0	0	0	0	1	0	0	0	0	0	0	0	4	3	0	0	0	0	0	0	0	0	0	0	0	0	0	0	0	0	0	0	0	2	0	0	0	0	6	1	0	0	50	568	35	18
OTU664	0	3	0	0	0	0	0	0	0	0	1	0	0	1	0	0	1	0	0	0	0	0	2	0	0	0	25	262	0	230	0	0	3	0	0	0	1	0	0	0	0	0	0	0	89	1	0	1	0	0	0	0	4	0	0	0	10	1	7	0	0	0	0	0	0	0	0	0	2	1	0	0	0	7	4	0	4	4	0	0	2	0	11	0	0	0	0	0	0	6	0	0	2	0	0	0	0	0	0	0	0	0
OTU665	0	3	0	0	0	0	0	0	0	0	11	0	12	5	0	0	0	0	0	0	0	0	0	0	0	0	0	3	0	0	0	0	1	0	0	0	2	0	0	0	1	0	0	0	100	0	0	16	0	0	0	0	7	0	0	0	26	0	0	0	0	0	0	2	0	0	1	0	0	1	0	0	0	11	0	0	0	0	0	0	2	0	0	0	16	29	0	0	0	6	0	2	1	7	0	8	112	3	109	0	35	0
OTU666	0	0	0	0	0	0	2	3	0	0	0	3	0	2	0	0	0	0	3	0	1	3	0	0	0	0	30	43	17	0	3	0	1	7	0	1	0	12	0	0	0	0	0	0	0	0	0	0	0	0	0	0	0	0	8	0	7	7	11	0	0	0	0	0	619	1	168	205	303	13	0	0	0	1	0	0	3	1	0	0	0	0	0	0	0	0	0	0	0	1	0	0	0	0	0	0	0	1	0	0	2	0
OTU667	0	0	0	0	0	0	0	0	0	0	0	0	0	0	0	0	0	0	0	0	0	1	0	0	0	0	0	0	0	0	0	0	0	1	0	2	0	0	0	0	0	0	0	0	0	0	0	0	0	0	0	0	0	0	5	0	6	1	2	0	0	0	0	0	77	3	184	112	126	0	0	0	0	0	0	0	0	0	0	0	0	0	0	0	0	0	0	0	0	0	0	0	0	0	0	0	0	0	0	0	1	0
OTU668	5	2	0	0	0	0	0	0	0	3	2	2	6	6	0	1	0	0	0	0	0	1	0	2	0	0	9	203	28	66	19	0	0	0	2	0	20	0	50	0	8	10	33	13	24	61	3	9	70	38	12	17	21	6	23	11	43	11	48	0	0	0	0	1	0	1	0	1	1	37	148	164	23	12	9	0	103	22	15	7	3	65	12	47	20	10	7	0	3	9	15	21	8	27	6	24	10	3	0	0	0	0
OTU669	0	0	0	0	0	0	2	0	0	0	0	0	1	0	0	0	0	0	3	0	0	0	0	0	0	0	0	0	0	0	0	0	0	0	0	2	0	0	0	0	0	0	0	0	0	0	0	0	0	0	0	0	0	0	0	0	0	0	0	0	0	1	0	0	0	0	0	0	0	0	0	0	0	0	0	0	0	0	0	0	0	0	0	0	0	0	0	0	0	0	0	0	0	0	0	10	0	0	0	0	501	0
OTU67	2	4	0	16	0	0	3	4	39	0	16	24	68	52	1	0	0	89	1	0	10	2	9	2	7	2	7	72	7	32	23	0	22	81	1	0	23	163	263	0	64	71	79	99	58	28	38	4	52	80	2	11729	86	83	22	159	108	35	77	11	4	1	0	115	15	44	228	28	58	321	58	190	141	190	39	27	89	105	75	4	46	199	34	37	63	75	867	23	22	80	194	7	72	44	6	50	29	58	79	10	2	54
OTU670	0	1	0	0	0	0	0	0	0	0	0	0	0	4	0	0	0	0	0	0	1	0	0	0	1	0	0	3	1	5	0	0	0	0	4	0	48	9	30	0	0	6	0	0	0	0	0	0	0	0	6	13	18	6	5	5	11	0	7	0	0	0	0	0	5	0	2	0	0	5	0	8	0	26	0	6	0	21	48	13	2	0	0	0	0	3	0	0	168	2	24	0	2	0	2	1	0	0	0	0	0	0
OTU671	2	4	0	0	0	0	0	0	0	0	0	0	2	14	0	0	0	0	0	0	0	0	0	0	0	0	0	0	0	0	0	0	0	0	0	0	19	0	0	0	0	10	4	13	13	2	0	0	0	8	0	5	71	0	6	19	18	5	8	0	0	0	0	0	0	0	1	9	1	1	7	0	9	9	0	91	5	1	7	0	1	12	3	5	1	0	0	0	17	8	29	6	0	2	5	0	2	0	0	0	0	0
OTU672	0	0	0	0	0	0	0	0	0	0	1	3	1	4	0	0	0	0	5	0	0	1	0	0	0	0	27	156	112	123	5	0	0	0	3	3	28	1	16	0	9	21	1	0	25	5	0	13	32	14	0	50	15	0	9	8	63	20	112	0	0	0	0	0	0	0	3	0	8	61	61	21	46	49	9	20	4	1	21	5	3	6	60	4	21	9	24	24	8	24	10	9	7	40	4	14	8	0	1	0	0	0
OTU673	0	0	0	0	1	0	0	0	11	0	0	1	1	5	0	0	0	0	19	0	0	0	0	0	3	0	0	1	0	0	0	0	0	2	0	0	0	0	0	0	1	337	3	0	0	0	0	0	11	0	0	1	10	1	8	0	5	3	2	0	0	0	0	0	0	0	0	1	0	0	0	0	0	8	2	7	0	0	0	0	0	1	14	2	0	0	1	0	0	15	3	4	0	3	0	0	8	0	1	59	0	4
OTU674	1	4	0	0	0	0	0	0	0	0	5	3	2	7	0	1	0	0	1	0	5	2	0	0	0	0	32	50	12	16	24	0	0	0	1	0	69	11	11	0	0	191	110	0	0	5	16	0	2	3	20	0	37	0	5	1	15	6	5	0	0	0	0	0	72	0	30	21	40	2	0	639	3	40	60	21	23	1	9	48	24	2	0	0	0	0	3	0	3	5	95	1	7	6	3	0	1	0	0	3	0	0
OTU675	0	0	0	0	0	0	0	0	0	0	0	0	0	0	0	0	0	0	0	0	477	0	0	0	0	0	0	0	0	0	0	0	0	107	0	0	0	0	1	0	0	0	1	0	0	0	0	0	0	0	0	0	0	0	0	2	0	1	0	0	0	0	0	19	0	52	6	0	0	0	0	0	0	1	0	0	0	0	0	0	0	0	0	0	0	12	0	0	0	0	0	0	8	0	0	0	0	33	0	0	0	0
OTU676	0	0	0	0	0	0	1	0	0	0	0	2	0	0	0	1	0	0	0	0	0	0	0	0	0	0	0	0	0	0	0	0	0	2	0	3	0	0	0	0	0	0	0	0	0	0	0	0	0	0	0	0	0	0	3	0	2	0	0	0	0	0	0	1	112	1	167	36	158	0	0	0	0	0	0	0	0	0	0	0	0	0	0	0	0	0	0	0	0	0	0	0	0	1	0	1	0	2	73	0	62	25
OTU677	0	0	0	0	0	0	457	1	0	0	0	0	0	0	0	0	0	0	0	0	0	0	0	0	0	0	0	0	0	0	0	0	0	0	0	0	0	0	0	0	0	0	0	0	0	0	0	0	0	0	0	0	0	0	0	0	0	0	0	0	0	0	0	0	0	0	2	0	0	0	0	0	0	0	0	0	0	0	0	0	7	0	0	0	0	0	0	0	0	0	0	0	0	0	0	0	0	1	0	0	0	0
OTU678	0	0	0	0	0	0	3	0	4	0	0	2	2	9	0	0	0	0	11	0	1	3	0	0	0	0	0	0	0	3	0	0	0	0	0	0	82	0	5	0	0	139	49	0	0	0	0	0	0	0	4	5	29	0	1	2	6	2	2	0	1	0	0	0	0	0	0	0	0	0	0	10	0	14	0	124	1	0	0	41	11	1	0	0	0	3	0	0	0	12	17	0	4	0	3	1	0	0	0	0	0	0
OTU679	0	0	0	0	0	0	0	0	12	0	1	0	3	0	0	0	0	0	11	0	0	0	0	0	0	0	1	5	0	0	0	0	0	0	0	0	0	0	0	0	0	476	0	0	0	0	1	0	0	0	0	3	2	0	2	0	3	2	1	0	0	0	0	0	0	0	0	0	0	0	0	12	24	6	0	0	1	0	0	0	0	0	5	6	0	0	0	0	0	2	0	0	0	6	1	0	0	0	0	0	0	0
OTU68	267	7	0	8	0	1	10	14	4	0	15	25	101	96	4	0	0	0	6	0	743	7	1	2	2	0	21	61	4	101	32	14	8	840	13	19	26	15	30	0	129	70	35	459	132	580	185	924	32	2287	5	173	248	16	41	146	492	159	132	51	298	3	5	436	32	663	45	35	98	117	33	37	163	174	8	13	9	17	327	0	40	1917	947	418	767	319	76	29	107	223	14	1903	584	143	55	40	32	467	714	69	180	103
OTU680	0	0	0	0	0	0	0	0	0	0	0	0	0	0	0	0	0	0	0	456	0	0	0	0	0	0	0	0	0	0	0	0	0	0	0	0	0	0	0	7	0	0	0	0	0	0	0	0	0	0	0	0	0	0	0	0	0	0	0	0	0	0	0	0	0	0	8	0	1	0	0	0	0	0	0	0	0	0	0	0	0	0	0	0	0	0	0	0	0	0	0	0	0	0	0	0	0	0	0	0	0	3
OTU681	0	0	0	0	0	0	0	0	0	0	0	0	0	0	0	0	0	0	0	0	0	0	0	0	0	0	3	0	0	0	0	0	0	0	0	0	1	7	0	0	0	0	0	8	0	3	1	4	3	55	0	22	2	0	16	9	24	2	7	9	0	2	0	4	0	0	0	6	0	27	8	22	20	45	0	0	0	4	0	0	4	111	0	33	0	0	0	0	9	0	4	0	3	1	0	2	11	0	8	0	15	8
OTU682	1	0	0	0	0	0	0	0	0	0	0	0	0	3	0	0	0	0	0	0	0	0	0	0	0	0	0	3	0	1	0	0	0	0	0	0	1	0	0	0	16	0	0	0	0	0	0	4	36	10	0	1	8	21	0	8	29	0	1	0	0	0	0	0	0	0	0	0	0	0	0	0	28	25	0	0	0	0	0	0	2	0	15	0	0	1	0	0	0	5	13	0	1	12	0	0	197	0	0	0	0	2
OTU683	0	0	0	0	0	0	3	0	0	0	0	0	0	0	0	0	0	0	0	0	2	0	0	3	0	1	0	0	0	0	0	360	0	0	6	0	0	0	0	0	0	0	0	9	0	0	0	0	0	0	0	0	11	0	0	0	1	5	7	1	0	0	0	0	29	1	64	117	146	0	0	0	0	0	0	0	0	0	7	0	0	0	0	0	0	0	0	0	0	0	1	0	0	0	1	1	2	1	8	23	40	41
OTU684	1	3	0	0	0	0	0	0	1	7	8	1	4	10	0	0	0	0	0	0	0	0	1	0	1	0	2	25	43	2	6	0	0	0	0	0	22	26	51	0	11	16	3	13	0	1	21	8	3	7	23	21	4	0	0	1	11	4	3	0	0	0	0	0	0	0	0	1	0	67	7	18	4	10	9	13	60	22	20	0	4	1	3	2	0	2	12	10	102	24	4	2	1	5	0	2	5	0	0	0	0	0
OTU685	0	0	0	0	0	0	1	0	0	0	0	0	11	5	0	0	0	0	0	0	0	0	0	0	0	0	227	110	0	1	408	0	0	0	0	0	2	0	0	0	0	0	0	0	1	0	0	0	2	0	0	0	3	0	0	0	25	3	1	5	0	0	0	3	0	0	0	0	0	0	0	3	2	55	0	0	0	0	0	0	50	35	1	0	0	2	0	3	23	7	0	0	2	28	0	1	0	0	2	0	0	0
OTU686	1	0	0	3	0	0	0	0	16	0	0	1	67	2	1	0	0	0	0	0	0	0	0	0	0	0	4	1	3	6	0	457	3	0	0	0	0	0	0	0	0	0	0	84	117	9	10	19	0	2	0	0	5	0	96	2	52	19	10	0	0	0	0	2	5	4	1	1	0	0	0	11	7	18	0	2	2	1	0	0	4	0	6	23	7	3	0	0	1	4	6	0	10	2	5	1	5	0	0	0	2	4
OTU687	0	7	0	0	0	0	1	4	0	0	0	0	9	7	0	0	0	0	0	0	0	0	0	0	0	0	0	3	0	2	0	1	11	0	0	0	0	0	0	0	0	0	0	0	177	0	0	0	2	1	0	1	1	0	0	4	7	8	6	0	10	0	0	1	7	0	1	0	0	0	0	0	1	15	0	0	1	1	0	0	2	0	496	6	0	1	0	0	8	10	0	0	9	90	1	5	1	0	182	152	1	2
OTU688	0	2	0	1	0	0	2	0	3	0	0	0	7	6	0	0	0	0	0	0	0	1	0	0	0	0	2	23	28	6	6	0	0	0	1	0	57	10	2	0	41	25	3	4	0	0	23	2	7	18	3	0	7	7	2	0	18	1	0	0	0	0	0	0	0	0	0	0	0	11	10	0	10	12	0	3	3	47	18	0	10	0	2	4	0	2	7	1	39	7	8	6	1	7	2	15	0	0	0	0	0	0
OTU689	0	0	0	0	0	0	0	0	0	0	1	0	0	0	0	0	0	0	0	0	0	1	0	0	0	0	0	0	0	0	0	0	0	220	0	0	0	0	0	0	0	0	0	0	0	5	0	0	0	0	0	0	0	0	0	8	2	0	0	0	73	0	0	63	1	58	0	0	4	0	0	0	0	0	0	0	0	0	0	0	0	0	0	0	0	25	0	0	0	0	0	0	17	0	0	0	0	45	1	0	1	0
OTU69	39	14	3	8	0	2	0	11	10	0	16	17	80	103	0	2	2	0	5	0	4	1	0	6	0	0	9	71	19	17	7	4	0	240	5	0	12	18	194	0	12	330	104	168	17	11765	40	7	22	49	4	29	201	14	98	42	571	56	26	3	0	1	0	0	1	0	10	2	1	98	20	403	67	321	180	8	9	7	23	3	55	170	14	5	10	17	8	9	27	91	2	222	48	40	39	29	37	4	0	0	3	0
OTU690	0	0	0	0	0	0	0	1	0	0	1	0	6	9	1	0	0	0	0	0	0	0	0	0	0	0	0	4	0	0	0	0	0	0	0	0	0	0	1	0	0	0	0	0	0	0	1	0	0	4	0	0	12	0	0	2	16	0	0	0	0	0	0	0	0	0	0	0	0	3	0	0	0	19	1	301	46	0	0	0	2	0	2	0	0	0	0	43	2	7	0	0	0	25	3	0	0	0	0	0	0	0
OTU691	0	0	0	0	0	0	0	0	3	0	0	0	7	4	0	0	0	0	1	0	0	0	0	0	0	0	4	17	1	0	1	0	0	0	8	0	0	0	1	0	0	6	0	0	27	0	4	0	2	7	0	0	1	0	132	2	18	11	0	0	0	0	0	0	1	0	1	0	0	0	7	0	0	33	7	0	1	0	3	0	1	0	0	0	3	1	55	287	21	0	10	9	1	3	2	6	11	0	4	0	0	0
OTU692	3	0	0	0	0	0	0	0	0	0	1	0	3	4	0	0	0	0	0	0	0	0	0	2	4	0	0	1	2	0	0	0	0	0	0	0	0	0	43	0	0	0	35	0	10	0	0	0	0	78	8	0	4	1	1	0	17	2	0	0	0	5	0	0	0	0	0	0	1	0	1	0	0	3	0	1	0	4	335	0	0	0	24	81	0	2	0	6	2	2	0	55	17	0	0	7	10	0	0	0	0	0
OTU693	0	27	0	5	0	0	1	0	0	0	9	0	16	19	0	0	0	0	2	0	25	0	3	0	2	0	0	15	2	1	6	0	29	0	1	7	5	0	4	1	4	4	7	3	2252	0	14	277	0	1	1	5	15	0	5	12	47	7	37	0	250	0	0	95	56	94	11	3	28	9	2	2	3	36	4	3	11	3	2	0	11	14	484	3	0	68	0	2	0	35	1	3	26	6	10	2	15	71	19	1	30	0
OTU694	0	0	0	0	0	0	0	0	0	0	0	0	0	0	0	0	0	0	0	0	0	0	0	0	0	0	0	0	0	0	0	0	0	0	0	0	0	0	0	0	0	0	0	0	0	0	0	0	0	0	0	0	0	0	0	0	0	0	0	0	1	0	0	0	5	0	4	0	0	0	0	0	0	0	0	0	0	0	0	0	0	0	0	0	0	0	0	0	0	0	0	0	0	15	0	0	0	0	519	3	48	20
OTU695	0	2	0	0	0	0	0	0	3	3	15	2	7	30	0	94	0	0	0	0	0	0	0	4	0	0	10	30	126	3	3	0	0	0	1	0	1	38	16	0	2	4	5	0	1	8	5	0	0	2	0	3	2	3	0	3	33	5	5	0	0	0	0	2	0	0	0	2	1	178	5	2	1	7	10	2	457	24	0	4	9	0	2	1	1	0	16	3	2	14	0	2	2	9	9	4	1	0	1	0	0	0
OTU696	0	0	0	0	0	0	0	2	0	0	0	0	0	0	0	0	0	0	0	0	0	0	0	0	0	0	0	0	0	0	0	413	0	0	0	0	0	0	0	0	0	0	0	5	0	0	0	0	0	0	0	0	0	0	0	0	0	0	0	0	0	0	0	0	2	0	0	0	0	0	0	0	0	0	0	0	0	0	0	0	0	0	0	0	0	0	0	0	0	0	0	0	0	0	0	0	0	0	0	0	1	0
OTU697	0	0	0	0	0	0	0	0	0	0	0	0	1	1	0	0	0	0	0	0	0	0	0	0	0	0	0	2	2	0	14	0	0	1	6	0	9	1	1	0	0	0	1	15	0	13	0	3	1	7	0	2	1	0	2	0	5	1	14	0	0	0	1	0	0	2	0	0	2	3	25	256	0	5	0	0	0	7	30	0	1	0	5	7	24	0	1	10	0	1	0	0	0	4	3	1	11	0	32	0	0	5
OTU698	0	0	0	3	0	0	1	0	0	0	0	0	0	0	0	0	0	0	0	0	0	0	0	0	0	0	0	0	0	0	0	0	0	0	0	1	0	0	0	0	0	0	0	0	0	0	0	0	0	0	0	0	0	0	1	0	6	0	1	0	0	1	0	0	278	0	96	12	29	0	0	0	0	0	0	0	0	0	0	0	0	0	0	0	0	0	0	0	0	0	0	0	0	0	0	1	0	0	15	0	9	0
OTU699	0	0	0	0	0	0	1	1	0	0	0	0	0	0	0	0	0	0	0	0	0	0	0	0	1	0	3	0	7	0	0	0	0	7	0	0	0	0	0	0	0	0	0	0	0	0	0	0	0	0	0	0	3	0	0	0	2	0	0	4	0	0	0	0	0	0	14	11	0	0	0	0	0	0	0	0	0	0	0	0	0	0	0	0	0	0	0	0	0	0	0	0	1	0	16	1	0	6	7	449	18	9
OTU7	22	131	6	41	4	4	19	15	298	4	102	82	405	429	11	3	3	0	232	0	73	262	399	78	9	0	561	2420	2123	9124	1078	6	20	136	168	6	9925	19353	3979	4	279	8822	4235	78	218	5114	4005	58	925	576	4784	133	701	220	4376	372	2553	408	722	11	10	0	0	14	77	10	573	132	680	1384	485	1405	210	2274	723	692	194	2503	407	50	292	331	262	115	47	165	1753	1444	3041	449	4079	250	196	326	109	543	249	10	60	91	98	103
OTU70	0	0	0	4	0	0	9	4	0	0	103	6	23	14	0	0	0	0	11	0	1521	26	4	4	7	4	0	7	0	0	0	0	7	4112	9	4	2	0	5	0	0	0	57	9	2	101	0	1	4	2	3	4	23	2	3	144	42	17	3	2	1200	0	4	3237	16	2417	83	31	13	4	2	11	0	34	2	4	0	0	0	0	8	4	30	0	0	1911	1	3	3	23	2	1	577	6	1	1	0	2938	16	8	6	15
OTU700	0	0	0	0	0	0	0	0	0	0	0	0	0	0	0	0	0	0	0	0	0	0	0	0	0	0	0	0	0	0	0	0	1	2	0	1	0	0	0	0	0	0	0	0	0	0	0	0	0	0	0	0	0	0	11	0	2	2	5	0	0	0	0	0	238	1	74	51	46	0	0	0	0	0	0	0	0	0	0	0	0	0	0	0	0	0	0	0	0	0	0	0	0	0	0	0	1	0	1	19	6	11
OTU701	0	0	0	0	0	0	1	0	0	0	0	0	1	10	0	0	0	0	0	0	0	0	0	0	0	0	0	1	0	0	1	0	0	0	0	0	0	0	0	0	0	0	0	0	0	1	1	0	0	2	0	0	2	0	17	0	34	0	14	0	0	0	0	0	0	0	0	0	0	0	0	0	0	14	0	0	1	0	0	0	1	0	0	0	0	0	2	0	21	8	2	0	0	500	0	0	3	0	12	0	0	0
OTU702	0	0	0	1	0	0	0	0	2	0	1	0	17	6	0	0	0	0	0	0	1	2	4	2	0	0	0	5	10	0	1	0	0	0	0	0	17	275	39	0	3	5	2	0	0	8	0	0	0	0	9	2	18	0	1	1	24	9	1	0	0	0	0	0	0	0	0	0	0	37	0	1	0	8	0	6	0	146	0	0	6	0	0	0	0	1	30	1	26	3	2	0	3	1	3	0	1	0	0	0	0	0
OTU703	0	3	0	4	0	0	0	0	0	0	4	1	15	6	0	0	0	0	0	0	0	0	0	0	1	0	0	2	0	1	0	0	6	0	0	0	0	0	4	0	0	0	1	0	99	0	2	9	0	5	138	3	9	0	11	0	23	2	0	0	0	0	0	1	0	2	5	5	0	2	0	0	0	20	3	0	0	2	25	0	7	0	0	3	6	48	0	0	1	16	0	4	2	12	0	15	96	0	13	54	44	13
OTU704	0	0	0	0	0	0	0	0	0	0	0	0	0	0	0	0	0	0	0	0	0	0	0	0	0	1	0	0	0	0	0	422	0	0	1	0	0	0	0	0	0	0	0	1	0	0	0	0	0	0	0	0	0	0	0	0	0	0	0	1	0	0	0	0	0	0	0	0	1	0	0	0	0	0	0	0	0	0	0	0	0	0	0	0	0	0	0	0	0	0	0	0	0	0	0	0	0	2	0	0	0	1
OTU705	0	0	0	0	0	0	0	0	0	0	0	12	3	7	0	0	0	0	0	0	0	0	0	0	0	0	0	37	29	10	1	0	1	1	0	0	0	0	0	0	1	0	0	0	23	12	0	0	0	0	0	1	2	0	1	2	266	10	3	0	0	0	0	0	0	0	6	0	0	0	0	0	25	4	39	0	1	0	0	0	1	5	0	6	0	5	0	0	0	5	0	0	2	0	8	4	20	0	0	0	2	0
OTU706	0	0	0	1	0	0	0	0	0	0	0	0	3	3	0	0	0	0	0	0	0	0	0	0	0	0	1	29	0	0	9	0	0	3	0	0	0	0	0	0	0	0	0	8	4	3	0	2	6	1	22	7	3	0	51	54	5	2	3	0	0	0	0	0	0	0	6	3	0	34	9	0	16	14	40	0	5	0	0	0	7	12	17	0	0	0	0	0	2	10	1	1	3	4	10	0	11	0	0	46	1	0
OTU707	0	0	0	0	0	0	0	0	0	0	0	1	0	1	0	0	0	0	0	0	0	0	0	0	0	0	0	0	0	4	0	0	0	0	2	9	3	1	0	0	0	4	0	0	7	4	0	288	0	0	1	1	9	0	0	0	61	4	3	0	0	0	0	2	0	0	0	0	0	0	0	1	5	4	0	0	0	0	3	0	0	0	8	0	3	1	1	0	0	2	0	0	0	4	12	1	24	0	0	0	0	0
OTU708	0	0	0	0	0	0	0	0	2	0	2	0	1	1	0	0	0	0	0	0	0	0	1	1	0	0	0	0	0	0	0	0	0	8	0	0	12	16	46	0	16	11	0	18	8	24	2	21	1	3	0	9	2	0	0	10	9	7	26	0	0	0	0	102	0	42	0	0	0	2	21	1	2	13	0	2	0	1	0	0	4	12	32	2	0	31	0	5	0	3	0	0	15	4	0	0	0	75	0	0	2	0
OTU709	0	0	0	0	0	0	1	2	0	0	0	2	0	0	0	0	0	0	0	0	0	0	0	2	0	0	0	0	0	0	0	0	1	0	1	0	0	0	0	0	0	0	0	0	0	0	0	0	0	0	0	0	0	0	0	0	7	10	3	0	0	0	1	1	63	0	161	297	161	0	0	0	0	0	0	0	0	0	0	0	0	0	0	1	0	0	0	0	0	0	0	0	0	0	0	0	1	1	1	1	0	11
OTU71	0	0	0	0	0	0	30	11	0	0	2	9	1	3	1	0	0	0	6	0	6	20	20	10	2	7	18	8	0	0	6	7	22	28	16	6	0	0	0	0	2	0	0	165	0	0	4	0	1	0	0	4	10	0	57	1	152	82	201	9	19	2	8	13	2523	7	4042	2299	6180	0	9	2	1	19	26	0	0	0	0	1	1	5	3	0	0	0	0	0	1	0	2	0	5	9	10	7	2	30	266	289	97	47
OTU710	0	0	0	0	0	0	0	4	0	0	0	0	0	2	0	0	0	0	0	0	1	0	0	0	1	0	0	0	0	0	0	1	0	368	1	0	0	0	0	0	0	0	0	0	0	14	0	0	0	0	0	0	1	0	0	3	0	0	2	0	185	0	0	33	0	41	6	0	1	0	0	0	0	0	0	0	0	0	0	0	0	0	2	0	0	18	0	1	0	1	0	0	17	0	0	0	0	18	0	1	0	3
OTU711	0	0	0	0	0	0	0	0	0	0	0	0	0	0	0	0	0	0	0	0	0	0	0	0	0	0	0	0	0	0	0	0	0	18	1	0	0	0	0	0	0	0	0	0	0	0	0	0	0	0	0	0	0	0	0	0	0	0	0	0	0	0	0	0	0	0	1	1	0	0	0	0	0	0	0	0	0	0	0	0	0	0	0	0	0	0	0	0	0	0	0	0	0	1	2	0	1	0	6	332	58	13
OTU712	2	0	0	0	0	0	0	0	0	0	1	0	2	0	0	0	0	0	0	0	0	0	0	0	1	0	5	1	2	62	10	0	0	1	0	0	0	0	0	0	0	0	0	0	36	2	0	5	0	0	0	0	5	0	27	17	10	5	14	0	7	0	0	0	0	0	0	1	2	1	0	0	2	5	0	0	0	0	7	0	0	6	100	6	0	4	0	0	0	1	0	9	0	5	13	1	15	0	11	51	2	0
OTU713	0	0	0	1	0	0	1	0	0	0	0	2	4	12	0	0	0	2	0	0	0	0	0	0	0	0	0	1	0	13	0	0	0	0	0	0	0	0	0	2	0	1	0	18	61	1	12	3	1	1	0	3	3	0	3	156	61	6	8	0	0	0	0	0	0	7	17	0	0	0	0	0	0	11	0	0	1	2	0	0	0	11	10	171	19	2	0	0	4	10	0	0	10	7	3	0	258	4	6	0	11	8
OTU714	0	0	0	0	0	0	0	0	0	0	0	0	6	3	0	0	0	0	0	0	0	0	0	0	0	0	0	3	0	0	0	0	0	0	0	0	0	0	0	0	0	0	0	0	0	0	0	4	0	0	0	0	0	0	0	0	0	0	0	389	0	0	0	0	5	0	12	14	0	0	0	0	0	0	0	0	0	0	0	0	0	85	8	2	0	0	0	0	0	0	0	0	1	0	0	0	0	1	0	0	0	0
OTU715	0	0	0	0	0	0	0	2	0	0	0	0	0	0	0	0	0	0	0	0	607	0	0	0	0	0	0	0	0	0	0	0	0	0	0	0	0	0	0	0	0	0	6	0	0	0	0	0	0	0	0	0	0	0	0	0	0	0	0	0	1	0	0	0	0	4	4	0	3	0	0	0	0	0	0	0	0	0	0	0	0	0	0	0	0	0	0	0	0	0	0	0	0	0	0	0	0	0	0	0	0	0
OTU716	0	0	0	1	0	0	0	0	0	0	0	0	0	0	0	0	0	0	0	0	0	1	0	0	0	0	0	0	0	0	0	217	0	0	0	0	0	0	0	0	0	0	0	1	0	0	0	0	0	0	0	0	0	0	1	0	0	0	0	0	163	384	0	0	5	0	0	0	2	0	0	0	0	0	0	0	0	0	0	0	0	0	2	2	0	0	0	0	0	0	0	0	0	0	0	0	0	0	0	0	3	2
OTU717	0	0	0	0	0	0	3	2	0	0	0	0	0	0	0	0	0	0	2	0	0	2	0	0	0	0	0	0	0	0	0	0	0	0	0	1	0	0	0	0	0	0	0	0	0	0	0	0	0	0	0	0	0	0	1	0	4	6	2	5	0	0	0	0	158	0	150	67	98	1	0	0	0	0	0	0	0	2	0	0	0	0	0	0	0	0	0	0	0	0	0	0	0	0	0	0	0	1	3	0	0	0
OTU718	0	2	1	2	0	0	0	0	0	0	0	0	4	6	0	0	0	3	0	0	1	1	0	0	0	0	8	10	37	6	66	0	0	0	0	0	38	0	0	0	0	3	20	0	8	2	33	0	1	5	0	0	8	0	1	1	12	3	36	0	0	0	0	0	0	0	0	0	0	0	14	0	0	8	0	0	3	0	0	40	4	55	0	34	5	0	6	0	2	1	0	0	1	2	2	2	0	0	0	0	0	0
OTU719	0	0	0	0	0	0	0	0	0	0	0	0	0	0	0	0	0	0	0	0	507	0	0	0	0	0	0	0	0	0	0	0	0	0	0	0	0	0	0	0	0	0	3	0	0	0	0	0	0	0	0	0	0	0	0	0	0	0	0	0	0	0	0	1	0	2	2	0	0	0	0	0	0	0	0	0	0	0	0	0	0	0	0	0	0	0	0	0	0	0	0	0	0	0	0	0	0	0	0	0	0	2
OTU72	0	0	0	0	0	0	24	6	0	0	1	4	19	7	0	0	0	0	5	1	7	14	18	5	12	3	8	5	0	23	0	4	14	17	15	7	2	6	1	0	2	3	2	11	7	1	0	7	4	5	2	1	20	0	254	0	100	15	304	11	12	2	1	19	5599	16	2711	774	6731	2	0	21	1	11	0	1	0	1	0	0	3	13	26	7	0	0	11	0	1	22	0	1	4	17	4	13	1	47	160	8	343	24
OTU720	4	0	0	0	0	0	0	0	0	0	0	0	1	5	0	0	0	0	0	0	0	0	0	0	0	0	0	7	0	0	0	0	1	0	0	0	0	3	0	0	0	0	0	0	2	0	0	25	12	0	2	56	32	10	0	0	14	3	6	0	0	0	0	0	0	0	5	0	0	1	0	1	57	72	1	0	0	1	12	0	2	3	2	0	11	1	0	0	1	1	1	9	2	14	4	0	1	0	94	26	6	38
OTU721	0	0	0	0	0	0	1	0	0	0	0	0	0	0	0	0	0	0	0	0	0	0	0	0	0	0	0	0	0	0	0	0	0	0	0	321	0	0	0	0	0	0	0	0	0	0	0	2	0	0	0	0	0	0	0	0	0	0	0	0	3	0	0	0	0	0	37	0	2	0	0	0	0	0	0	0	0	0	0	0	0	0	0	0	0	0	0	0	0	0	0	0	0	0	0	0	0	0	0	0	0	0
OTU722	0	0	0	0	0	0	0	0	0	0	0	0	0	0	0	0	0	0	0	0	0	1	0	0	0	0	0	0	0	0	0	0	0	300	1	0	0	0	0	0	0	0	3	0	0	9	0	0	0	0	0	0	0	0	0	2	0	0	0	0	0	0	0	267	1	38	4	3	0	0	0	0	0	0	0	0	0	1	0	0	0	0	0	0	0	40	0	0	0	0	0	0	7	0	0	0	0	91	3	0	0	1
OTU723	0	1	0	3	0	0	1	0	0	0	0	0	1	0	0	0	0	0	0	0	0	7	0	0	0	0	0	2	0	0	0	0	0	0	0	0	429	0	0	0	0	2	1	0	0	0	0	0	0	0	0	0	0	0	10	8	17	1	2	0	0	0	0	0	0	0	0	0	0	1	0	0	11	0	0	0	4	0	0	0	0	1	0	0	0	0	0	0	0	1	0	0	0	0	0	0	0	0	0	0	0	0
OTU724	0	0	0	1	0	0	0	0	1	0	0	24	5	0	0	0	0	0	0	0	0	0	0	0	0	0	2	2	25	0	0	0	0	0	0	0	0	0	3	0	0	1	0	38	0	3	0	0	0	1	0	0	1	1	0	0	368	0	1	0	0	0	0	0	0	0	2	0	0	0	0	0	0	6	0	0	3	0	0	0	0	1	0	0	0	0	0	0	1	2	0	2	0	0	0	0	0	0	0	0	0	0
OTU725	0	0	0	0	0	0	0	0	0	0	0	0	1	1	0	0	0	0	0	0	0	0	0	0	0	0	1	1	0	0	0	0	2	0	0	0	1	0	0	0	0	0	0	130	61	5	3	12	0	0	0	3	11	0	8	28	26	3	6	4	0	1	0	0	28	0	2	0	0	2	4	0	0	9	0	9	2	3	1	0	2	57	30	44	18	2	0	0	0	5	0	0	0	0	5	5	55	0	42	0	1	3
OTU726	0	0	0	0	0	0	0	0	0	0	0	1	4	11	0	0	0	0	0	0	0	0	0	0	0	0	0	3	0	0	0	0	0	1	0	0	0	0	0	0	0	0	0	92	10	74	0	10	0	0	0	0	1	0	32	33	16	1	51	0	0	0	0	0	0	0	1	0	0	0	0	0	0	4	0	0	0	0	3	0	0	34	0	1	0	0	0	0	0	6	0	0	7	0	0	1	17	0	0	0	0	0
OTU727	0	0	0	0	0	0	0	0	0	0	0	0	2	1	0	0	0	0	0	0	374	0	0	0	0	0	0	0	0	0	0	0	0	171	0	0	0	0	0	0	0	0	9	0	0	5	0	0	0	0	0	0	0	0	0	0	0	0	0	0	0	0	0	48	0	17	2	0	0	0	0	0	0	0	0	0	0	2	0	0	0	0	0	0	0	17	0	0	0	3	0	0	3	0	0	0	0	15	0	0	0	2
OTU728	0	0	0	0	0	0	0	0	0	0	1	0	2	0	0	0	0	0	0	0	262	0	0	2	0	0	0	0	0	0	0	0	0	72	0	0	0	0	0	0	0	0	13	0	0	2	0	0	0	0	0	0	0	0	0	3	0	0	0	0	0	0	0	16	0	9	0	0	3	0	0	0	0	1	0	0	0	0	0	0	0	0	0	0	0	17	0	0	0	0	0	0	5	0	0	0	0	13	0	0	0	0
OTU729	0	6	0	0	1	0	0	0	0	0	0	0	3	26	0	0	0	0	0	0	0	0	0	0	0	0	0	3	0	0	0	0	1	0	11	0	0	0	0	1	0	0	0	0	0	5	569	0	0	0	0	0	2	1	21	1	18	3	0	0	0	0	0	0	0	0	0	0	0	0	0	0	0	8	2	0	0	0	0	0	1	0	0	0	1	0	0	0	2	8	0	0	0	1	42	0	0	0	0	0	0	0
OTU73	9	6	0	16	0	0	4	7	9	0	10	8	66	67	0	0	0	5	2	0	8	3	13	3	1	9	355	1679	1192	1484	1051	0	6	2	29	4	391	510	22	0	34	86	225	12	3	69	198	11	43	74	229	73	135	10	23	37	324	57	31	0	2	0	0	13	6	7	42	7	20	2155	98	11	74	170	3	194	250	19	59	872	64	4	405	40	31	5	362	197	1795	95	118	65	46	172	58	33	103	5	2	3	1	7
OTU730	0	0	0	0	0	0	0	1	0	0	0	0	0	0	0	0	0	0	0	0	392	1	0	0	0	0	0	0	0	0	0	0	0	0	1	0	0	0	0	0	0	0	0	0	0	0	0	0	0	0	0	0	0	0	0	6	0	0	0	0	4	0	0	78	4	99	2	0	1	0	0	0	0	0	0	0	0	0	0	0	0	0	0	0	0	30	0	0	0	0	0	0	29	0	0	0	0	75	0	0	0	0
OTU731	0	0	0	0	0	0	2	0	0	0	0	0	0	0	0	0	0	0	0	0	0	0	0	0	0	0	0	0	0	0	0	0	0	0	0	0	0	0	0	0	0	0	0	0	0	0	0	0	0	0	0	0	0	0	0	0	0	0	0	0	0	0	360	0	0	1	2	7	0	0	0	0	0	0	0	0	0	0	0	0	0	0	0	0	0	0	0	0	0	0	0	0	0	0	0	0	0	0	0	1	2	1
OTU732	0	0	0	0	0	0	0	0	0	0	0	1	2	5	0	0	0	0	0	0	0	0	0	0	0	0	0	0	2	0	0	0	0	0	0	0	0	0	0	0	0	1	0	0	0	0	0	0	2	0	0	1	0	4	0	0	7	0	821	0	0	0	0	0	1	0	0	0	53	4	0	2	0	0	0	3	3	1	0	0	3	0	0	0	0	1	0	0	0	9	7	1	11	0	1	0	6	0	0	0	0	0
OTU733	0	0	0	0	0	0	0	1	0	0	1	0	2	0	0	0	0	0	0	0	259	0	0	0	0	0	0	0	0	0	0	0	0	0	0	0	0	0	1	0	0	0	6	0	0	0	0	0	0	0	0	0	1	0	0	4	0	0	0	0	0	0	0	57	0	14	1	0	0	0	0	0	0	1	0	0	0	0	0	0	0	0	0	0	0	60	0	0	1	4	0	0	19	1	0	0	0	36	0	0	0	0
OTU734	0	0	0	0	0	0	0	0	0	0	0	0	0	0	0	0	0	0	0	0	0	0	0	0	0	0	0	0	0	0	0	387	0	0	0	0	0	0	0	0	0	0	0	1	0	0	0	0	0	0	0	0	0	0	0	0	0	0	0	0	0	0	0	0	0	0	1	0	0	0	0	0	0	0	0	0	0	0	0	0	0	0	0	0	0	0	0	0	0	0	0	0	0	0	0	0	0	0	0	0	3	0
OTU735	0	2	0	3	0	0	0	0	0	0	0	0	12	9	0	0	0	0	0	0	0	0	0	0	0	0	0	2	2	0	275	0	0	0	0	0	3	0	2	0	0	0	0	0	2	3	244	0	1	0	0	2	3	1	143	2	48	25	0	0	0	6	0	1	0	0	1	4	0	2	0	0	0	10	0	0	3	0	0	0	6	4	13	136	0	1	0	13	13	8	0	0	1	40	0	0	4	0	0	0	0	0
OTU736	0	1	0	0	0	0	1	0	0	0	0	0	0	0	0	0	0	0	0	0	0	0	0	0	0	0	0	1	0	0	0	0	0	4	1	0	0	0	0	0	0	0	0	0	0	0	0	0	0	0	0	0	0	0	0	0	0	0	0	0	2	0	0	0	1	0	2	0	3	0	0	0	0	0	0	0	0	0	0	2	0	0	0	0	0	0	0	0	0	0	0	0	0	10	2	0	0	0	145	205	42	27
OTU737	0	0	0	0	0	0	1	2	0	0	0	0	0	0	0	0	0	0	0	0	0	0	0	0	0	0	0	0	0	0	0	0	5	0	0	0	0	0	0	0	0	0	0	0	0	0	0	0	0	0	0	0	0	0	0	0	0	0	0	0	0	0	0	5	0	0	26	1	1	0	0	0	0	0	0	0	0	0	0	1	0	0	0	0	0	0	0	0	0	0	0	0	0	0	0	0	3	0	5	48	70	375
OTU738	0	0	0	0	0	0	0	0	0	0	0	0	0	0	0	0	0	0	0	0	0	3	1	0	0	0	0	0	0	0	0	0	0	0	437	0	0	0	0	0	0	0	0	0	0	0	7	0	0	0	0	0	0	0	0	0	0	0	0	0	1	0	0	0	0	0	3	0	0	0	0	0	0	0	0	0	0	0	0	0	0	0	0	0	0	0	0	0	0	0	0	0	0	0	0	0	0	0	0	0	0	0
OTU739	0	2	0	0	0	0	0	0	0	0	0	1	2	9	0	0	0	0	0	0	0	0	0	0	0	0	0	7	0	0	0	0	0	0	0	0	1	0	0	0	0	0	0	39	21	18	0	0	0	0	0	0	6	0	45	21	10	4	3	3	0	0	0	0	3	1	0	0	0	2	0	0	0	5	0	0	0	0	3	0	0	165	29	1	0	0	2	0	0	1	0	0	8	0	2	6	16	0	0	0	0	0
OTU74	0	1	0	3	0	0	2	3	3	0	9	437	82	62	2	0	0	0	0	0	0	3	1	1	0	2	15	127	23	308	31	5	1	2	18	0	81	22	84	0	19	15	91	274	97	31	155	74	20	69	41	30	87	23	85	147	5818	49	73	1	14	46	2	5	0	5	89	1	1	30	8	799	50	263	14	251	113	16	55	13	100	10	541	2705	147	26	8	217	47	61	92	5	365	435	15	45	32	9	8	1	0	2
OTU740	0	388	0	0	0	50	0	0	12	0	3	3	5	1	0	0	310	0	0	0	0	0	0	1	0	5	13	0	0	10	5	0	2	0	0	0	2	5	0	0	1	0	0	0	1	2	0	0	2	1	1	0	3	0	0	3	7	1	4	0	0	4	0	1	0	0	0	0	0	20	0	16	16	3	0	12	23	0	2	0	0	0	0	1	1	1	2	0	1	0	0	0	0	1	0	1	0	0	0	0	0	0
OTU741	0	0	0	0	0	0	0	0	0	0	10	0	0	0	2	0	0	0	0	0	0	0	0	0	0	0	0	0	0	0	0	0	0	0	0	0	0	0	0	0	0	0	0	0	0	0	0	0	0	0	0	1	2	0	0	0	0	0	0	0	0	0	0	0	0	0	0	0	0	0	0	0	0	0	0	0	456	0	0	0	4	0	0	0	0	2	1	3	1	3	0	0	0	0	0	1	1	0	0	0	0	0
OTU742	0	1	0	0	1	0	0	2	0	0	8	0	4	1	0	0	0	0	0	0	0	1	4	3	1	0	0	0	2	0	0	0	2	0	0	0	0	0	42	0	14	0	0	0	2	13	0	0	4	56	0	25	6	3	0	1	29	3	2	0	0	0	0	1	0	0	1	0	0	0	0	19	0	12	0	23	194	0	92	0	28	2	0	0	26	0	0	3	173	1	0	0	3	0	0	9	0	0	0	0	1	0
OTU743	0	0	0	1	0	0	0	0	0	0	0	1	0	1	0	0	0	0	0	0	0	0	0	0	0	0	0	3	0	0	5	0	1	3	0	1	0	1	0	0	5	1	11	0	1	0	2	13	1	0	0	3	14	0	6	3	6	3	0	0	0	2	0	3	5	2	39	6	0	5	0	0	9	4	0	0	7	5	0	0	2	0	47	5	0	4	3	1	0	2	1	5	3	39	8	13	3	5	17	56	25	30
OTU744	0	0	0	0	0	0	0	1	0	0	0	0	0	0	0	0	0	0	0	0	384	0	0	0	0	0	0	0	0	0	0	0	0	0	0	0	0	0	0	0	0	0	2	0	0	0	0	0	0	0	0	0	0	0	0	0	0	0	0	1	21	0	0	21	0	19	0	0	0	0	0	0	0	3	0	0	0	0	0	0	0	0	0	0	0	16	0	0	0	0	0	0	4	0	0	0	0	23	0	0	0	0
OTU745	0	0	0	0	0	0	0	2	0	0	0	0	0	0	0	0	0	0	0	0	0	1	0	0	2	0	0	0	0	0	0	1	1	0	0	0	0	0	0	0	0	0	0	0	0	0	0	0	0	0	0	0	0	0	2	0	9	3	5	0	0	2	0	1	168	0	283	90	201	0	0	0	0	1	0	0	0	0	0	0	0	0	0	0	0	0	0	0	0	0	0	0	0	0	0	0	0	0	1	0	0	0
OTU746	0	0	1	0	0	0	0	1	1	0	0	0	5	7	1	0	0	0	0	0	0	0	0	0	0	0	0	7	0	1	0	0	0	0	0	0	0	0	0	0	0	2	0	0	1	2	0	0	7	3	1	75	26	9	0	0	8	7	1	0	0	0	0	0	0	0	1	0	3	325	199	98	22	62	35	3	0	0	5	1	7	0	1	0	2	2	0	0	0	16	1	1	0	0	2	0	0	0	0	0	0	0
OTU747	0	0	0	0	0	0	0	0	1	0	0	3	2	4	0	0	0	0	0	0	0	0	0	0	0	0	11	26	15	18	8	0	0	0	0	2	0	0	16	0	0	9	10	5	23	1	13	0	2	28	0	1	14	0	5	5	22	4	3	1	0	0	0	0	0	0	0	0	0	13	48	7	0	8	5	0	1	4	3	7	8	33	6	24	0	0	8	1	1	25	16	3	3	3	0	2	82	0	0	0	0	1
OTU748	2	0	0	0	0	0	6	3	69	0	2	5	33	55	1	0	0	0	0	0	1	0	0	0	2	0	3	33	0	0	0	0	2	0	6	3	4	0	0	1	84	0	0	0	0	6	2	0	0	2	0	9	61	8	1	1	41	17	1	0	6	0	0	0	2	0	1	3	1	6	0	3	1	26	0	2	0	5	4	1	31	2	11	0	0	0	14	0	3	45	0	0	5	2	2	5	1	0	0	0	0	0
OTU749	0	0	0	0	0	0	0	0	0	0	1	0	0	0	0	0	0	0	0	0	516	0	0	0	0	0	0	0	0	0	0	0	0	0	0	0	0	0	0	0	0	0	3	0	0	0	0	0	0	0	0	0	2	0	0	1	0	1	0	0	0	0	0	59	0	17	5	3	0	0	0	0	0	0	0	0	0	0	0	0	0	0	1	0	0	16	0	0	0	0	0	0	22	0	0	0	0	45	0	0	0	0
OTU75	12	17	0	20	1	0	23	22	102	3	44	64	188	248	6	0	6	2	18	0	15	26	13	50	31	1	971	1893	2197	1336	678	6	23	209	69	8	298	29	1522	1	1325	165	50	199	494	165	470	234	142	2251	389	149	497	99	263	466	1087	277	557	18	9	16	1	265	53	198	173	44	69	838	456	1989	801	835	468	260	14	62	818	14	235	473	698	389	92	237	641	671	468	565	157	66	202	857	127	447	474	122	4700	1159	915	303
OTU750	0	3	0	0	0	0	0	0	0	0	0	0	1	3	0	0	0	0	1	1	3	1	0	2	1	0	2	0	0	15	0	0	0	0	0	1	7	2	0	0	4	15	0	0	1	0	0	7	0	1	11	22	1	0	4	0	2	0	15	6	0	0	0	0	175	0	32	4	431	0	0	0	3	2	0	0	0	12	0	0	12	0	9	0	1	0	0	1	0	22	1	9	2	2	6	0	0	0	2	2	9	0
OTU751	0	0	0	0	0	0	0	0	0	0	0	0	0	0	0	0	0	0	0	0	0	1	0	0	0	0	0	0	0	0	0	0	0	0	0	0	0	0	0	0	0	0	0	0	0	0	0	0	0	0	0	0	0	0	0	0	0	0	0	0	2	1	0	0	3	0	4	0	0	0	0	0	0	0	0	0	0	0	0	0	0	0	0	0	0	2	0	0	0	0	0	0	0	17	0	0	0	0	700	1	0	0
OTU752	17	3	0	0	0	0	0	0	0	0	0	0	9	1	0	0	0	0	0	0	0	0	0	0	0	0	0	8	0	0	0	0	0	0	1	0	0	0	0	0	0	0	1	0	3	0	5	0	0	5	0	5	2	0	0	0	3	0	0	0	3	0	0	0	0	0	0	0	0	0	0	0	2	8	0	0	0	0	9	0	2	0	241	0	0	0	0	0	0	0	0	101	21	2	0	1	0	0	0	0	0	0
OTU753	1	4	0	0	0	0	0	0	0	0	0	3	0	4	0	0	1	0	0	0	0	0	0	1	0	0	0	9	0	0	0	0	0	0	2	1	1	1	0	0	0	0	0	9	2	5	5	32	1	4	0	0	1	3	8	39	10	20	28	0	0	0	0	0	41	1	15	6	6	44	8	77	87	12	6	2	0	0	0	0	0	40	1	0	20	9	0	0	9	3	3	7	9	1	27	1	6	2	3	1	0	2
OTU754	0	2	1	0	0	0	0	0	0	1	0	1	2	3	0	0	0	0	0	0	0	0	0	0	0	0	5	269	19	76	23	0	0	0	0	0	0	0	0	0	0	1	0	3	0	0	0	0	3	0	0	0	40	4	0	0	9	1	0	0	0	0	0	0	0	0	0	0	0	50	35	0	0	4	1	0	0	0	0	0	1	0	0	0	0	0	0	0	0	2	0	0	0	3	0	0	0	0	0	0	0	0
OTU755	0	0	0	0	0	0	1	0	0	0	0	0	0	0	0	0	0	0	0	0	0	0	0	0	0	0	0	0	0	0	0	430	0	0	0	0	0	0	0	0	0	0	0	3	0	0	0	0	0	0	0	0	1	0	0	3	0	0	0	0	0	0	0	2	0	0	0	0	1	0	0	0	0	1	0	0	0	0	0	0	0	0	0	0	0	0	0	0	0	0	0	0	0	1	0	1	9	2	10	0	88	23
OTU756	0	0	0	0	0	0	0	0	0	0	0	0	0	0	0	0	0	0	0	0	0	0	0	0	1	0	0	0	0	0	0	337	0	0	0	0	0	0	0	0	0	0	0	1	0	0	0	0	0	0	0	0	0	0	0	0	0	0	0	0	0	0	0	0	0	0	0	0	0	0	0	0	0	0	0	0	0	0	0	0	0	0	0	0	0	0	0	0	0	0	0	0	0	0	0	0	0	0	0	1	1	0
OTU757	0	0	0	0	0	0	0	0	7	0	0	1	1	3	0	0	0	0	0	0	0	0	0	0	0	0	0	0	0	0	0	0	0	0	0	0	0	0	0	0	1	0	0	0	0	0	0	0	0	0	0	0	5	0	0	0	10	4	0	0	0	0	0	0	0	0	0	0	0	0	0	0	0	0	28	0	0	0	0	0	4	0	2	0	0	0	295	0	0	0	0	0	0	0	0	0	3	0	0	0	0	0
OTU758	0	0	0	0	0	0	0	0	0	0	0	0	0	0	0	0	0	0	0	0	329	0	0	0	0	0	0	0	0	0	0	0	0	3	0	0	0	0	0	0	0	0	5	0	0	1	0	0	0	0	0	0	0	0	0	0	0	1	0	0	0	0	0	9	0	2	5	2	0	0	0	0	0	0	0	0	0	0	0	0	0	0	0	0	0	1	0	0	0	0	0	0	6	0	0	0	0	2	0	0	0	0
OTU759	0	0	0	0	0	0	0	0	0	0	0	0	0	0	0	0	0	0	0	0	0	0	0	0	0	0	0	0	0	0	0	0	1	3	0	0	0	0	0	0	0	0	0	0	0	0	0	0	0	0	0	0	0	0	0	0	1	0	0	0	0	0	0	0	0	0	30	0	0	0	0	0	0	0	0	0	0	0	0	0	0	0	0	0	0	0	0	0	0	0	0	0	0	1	0	0	3	0	31	3	2	301
OTU76	3	31	0	13	0	0	11	2	9	0	5	215	145	126	0	0	1	3	8	0	1	1	1	0	0	0	363	145	748	26	867	12	9	28	30	25	7	6	3	1	16	279	97	808	484	1059	1388	671	29	236	34	30	208	15	728	1066	2957	104	346	17	5	5	2	17	47	23	106	104	52	736	67	155	23	259	106	40	13	20	38	7	58	265	260	227	88	27	29	31	53	140	21	106	61	248	55	208	174	12	41	0	38	40
OTU760	0	1	0	1	1	0	0	1	0	0	6	0	1	0	0	0	0	0	0	0	0	1	0	4	0	0	4	13	1	0	0	0	0	0	5	0	1	0	92	0	1	0	0	0	0	0	0	0	0	1	0	0	7	4	0	0	1	1	0	5	0	4	0	1	0	0	0	0	0	10	0	24	10	12	0	7	5	6	0	0	0	166	14	1	0	3	1	32	0	0	0	1	3	6	0	0	0	0	0	0	0	0
OTU761	0	0	0	0	0	0	0	2	0	0	0	0	0	0	0	0	0	0	0	489	0	0	4	0	0	0	0	0	0	0	0	0	0	0	0	0	0	0	0	5	0	0	0	0	0	0	0	0	0	0	0	0	0	0	0	0	0	0	0	0	0	0	0	0	0	0	8	0	0	0	0	0	0	0	0	0	0	0	0	0	0	0	0	0	0	0	0	0	0	0	0	0	0	0	0	0	0	0	1	0	0	0
OTU762	0	0	0	0	0	0	0	0	0	0	36	0	0	0	0	0	5	0	0	0	0	0	0	0	0	0	0	0	0	0	0	0	0	0	0	0	277	0	0	0	0	3	0	0	1	1	0	0	0	25	0	49	3	1	0	0	0	0	0	0	0	0	0	0	0	0	0	0	0	1	0	7	10	7	0	0	564	3	3	0	0	120	2	0	0	0	0	7	2	4	3	4	5	0	0	2	0	0	0	0	0	0
OTU763	0	0	0	0	0	0	0	0	0	0	1	0	2	0	0	0	0	0	0	0	335	0	0	0	0	0	0	0	0	0	0	0	0	1	0	0	0	1	1	0	0	0	12	0	0	0	0	0	0	0	0	0	1	0	0	0	0	0	0	2	1	0	0	51	0	23	3	0	0	1	0	0	0	2	0	0	0	0	0	0	0	0	0	0	0	11	0	0	0	0	0	0	12	0	0	0	0	45	0	2	1	0
OTU764	0	0	0	0	0	0	0	0	0	0	0	0	0	0	0	0	0	0	0	0	505	1	0	0	0	0	0	0	0	0	0	0	0	0	0	0	0	0	0	0	0	0	1	0	0	0	0	0	0	0	0	0	0	0	0	0	0	0	0	0	2	0	0	12	0	7	6	1	1	0	0	0	0	0	0	0	0	0	0	0	0	0	0	0	0	5	0	0	0	0	0	0	7	0	0	0	0	5	0	0	1	1
OTU765	0	0	0	0	0	0	0	0	0	0	0	0	0	0	0	0	0	0	1	0	1	0	0	0	0	0	0	0	0	0	0	0	0	0	0	0	0	0	0	0	0	0	0	0	0	0	0	0	0	0	0	0	0	0	0	0	0	0	0	0	0	0	0	0	3	0	1	0	0	0	0	0	0	0	0	0	0	0	0	0	0	0	0	0	0	0	0	0	0	0	0	0	0	8	0	0	0	0	367	0	12	0
OTU766	0	0	0	0	0	0	0	0	17	0	0	0	0	0	0	0	0	0	0	0	0	0	0	0	0	0	0	0	0	0	0	0	0	0	0	0	0	0	0	0	0	0	0	0	0	0	0	0	0	0	0	0	0	0	0	0	0	0	0	328	0	0	0	0	0	0	0	0	0	0	0	0	0	0	0	0	0	0	0	0	0	6	0	0	0	0	0	0	0	0	0	0	1	0	0	1	0	0	0	0	0	0
OTU767	0	0	0	0	1	0	2	0	0	0	0	0	3	0	0	0	0	0	2	0	0	0	0	0	0	0	0	0	0	1	0	0	0	144	0	0	0	0	0	0	0	0	0	0	0	0	0	0	0	0	0	0	0	0	0	1	1	0	0	0	124	0	0	75	0	51	0	4	7	0	0	0	0	0	0	0	0	0	0	0	0	0	2	0	0	19	0	0	0	0	0	0	9	0	0	0	0	60	0	0	0	0
OTU768	0	0	0	0	0	0	0	0	0	0	0	0	1	9	0	0	0	0	0	0	0	0	0	0	0	0	0	1	0	3	260	0	0	0	0	0	0	0	0	0	0	0	0	0	0	0	0	0	0	0	0	0	8	0	1	0	16	120	3	0	0	0	0	7	0	0	0	0	0	1	0	1	0	4	0	0	0	0	0	0	3	0	0	0	0	1	0	0	8	2	0	0	0	25	0	0	0	1	1	0	0	0
OTU769	0	0	0	0	0	0	3	0	0	0	0	0	0	0	0	0	0	0	0	332	0	0	0	0	0	0	0	0	0	0	0	0	0	0	0	0	0	0	0	1	0	0	0	0	0	0	0	0	0	0	0	0	0	0	0	0	0	0	0	1	0	0	0	0	0	0	8	0	0	0	0	0	0	0	0	0	0	0	0	0	0	0	0	0	0	0	0	0	0	0	0	0	0	0	0	0	0	0	1	0	0	1
OTU77	0	6	0	19	0	0	0	0	15	3	55	51	41	48	0	0	0	0	0	0	1	0	10	23	0	0	4	21	50	8	5	0	0	4	6	0	40	451	1060	0	6	8	6	2	29	145	1	3	2	211	3	13	47	5	5	11	490	40	50	0	0	3	0	4	0	0	4	6	52	10120	108	22	6	159	4	8	1802	258	5	15	24	45	24	15	2	29	756	108	632	39	0	7	21	33	6	31	20	1	0	0	2	2
OTU770	0	0	0	0	0	0	0	0	0	0	1	0	0	0	0	0	0	0	3	0	364	1	0	0	0	0	0	0	1	5	0	0	0	0	0	0	1	0	0	0	0	0	2	0	0	0	0	0	0	0	0	0	0	0	0	1	0	0	0	0	0	0	0	32	0	17	1	0	0	0	0	0	0	0	0	0	0	0	0	0	0	0	0	0	0	6	0	0	0	4	0	0	2	0	0	0	0	15	0	0	2	0
OTU771	12	3	0	3	0	0	4	19	3	0	5	1	22	47	5	0	0	0	0	0	1	6	0	0	2	0	7	17	4	5	3	1	1	0	31	3	309	11	9	0	22	6	1	1	78	10	9	62	343	30	19	88	120	213	266	141	144	99	68	2	0	0	0	0	3	2	8	5	36	16	4	2360	1143	514	3	16	5	39	77	5	10	31	134	18	14	17	4	18	54	299	1	87	47	114	12	5	97	0	3	0	3	0
OTU772	0	1	0	0	0	0	0	0	0	0	0	0	1	3	0	0	0	0	0	0	0	0	0	0	0	0	2	1	0	0	0	0	0	0	0	1	0	1	2	0	0	0	0	2	14	0	0	27	0	0	0	1	11	0	91	39	30	2	23	0	0	0	0	0	0	0	1	2	1	0	0	1	0	5	0	0	0	0	0	0	0	4	3	0	9	0	0	0	1	6	1	0	2	20	22	2	30	1	5	1	17	0
OTU773	0	1	0	1	0	0	0	1	0	0	1	0	10	3	0	0	0	0	0	0	3	4	1	1	0	0	0	1	0	0	0	0	1	210	0	1	2	0	0	0	0	0	0	0	0	5	0	0	0	0	0	0	5	0	0	12	7	1	0	3	240	0	1	251	4	232	7	1	1	0	0	0	0	2	0	0	0	1	0	0	2	0	2	0	0	54	0	0	0	5	0	0	57	0	0	1	0	187	6	1	1	7
OTU774	0	0	2	0	1	0	0	0	0	0	0	3	1	3	0	0	0	0	0	0	0	0	0	0	0	0	17	296	1	265	0	0	0	0	0	0	1	0	0	0	0	0	0	0	0	1	1	0	0	0	0	6	1	0	2	0	8	4	0	0	0	0	0	0	0	0	1	0	0	25	4	26	3	9	0	0	0	3	0	0	1	0	1	0	0	0	0	0	0	1	0	0	0	3	11	0	0	0	0	0	1	1
OTU775	0	0	0	0	0	0	0	0	0	0	0	0	0	0	0	0	0	0	0	0	0	0	335	0	0	0	0	0	0	0	0	0	0	1	0	0	0	1	0	0	0	0	0	0	0	0	0	0	0	0	0	0	0	0	0	0	0	0	0	0	0	0	0	0	0	0	2	0	0	0	0	0	0	0	0	0	0	0	0	0	0	0	0	0	0	0	0	0	0	0	0	0	0	0	0	0	0	0	0	0	0	0
OTU776	0	0	0	4	0	0	0	0	0	0	0	0	4	0	0	0	0	0	0	0	0	0	0	0	0	0	0	2	0	41	0	0	0	6	0	0	0	1	1	0	24	3	0	0	0	8	8	0	52	2	249	0	9	1	7	2	32	7	6	4	0	0	0	0	0	1	0	5	0	0	0	18	0	1	24	1	0	0	0	2	0	136	7	1	0	0	0	1	0	1	25	0	1	7	0	2	2	5	0	0	0	0
OTU777	0	0	0	0	0	0	2	0	1	0	0	0	15	5	0	0	0	0	0	0	0	0	0	0	0	0	0	0	0	1	2	0	0	0	0	0	8	0	0	0	14	0	1	0	11	1	18	0	4	13	119	0	32	1	12	0	15	2	1	0	0	0	0	0	0	0	0	2	0	17	1	12	0	3	1	13	8	26	6	4	19	0	9	2	5	0	0	0	4	10	3	13	0	2	3	1	0	0	0	0	0	0
OTU778	0	0	0	0	0	0	0	0	0	0	0	0	0	0	0	0	0	0	1	0	0	0	0	0	0	1	0	0	0	0	0	0	0	0	0	2	0	0	0	0	0	0	0	0	0	0	0	0	0	0	0	0	0	0	0	0	3	0	7	0	0	0	0	0	43	0	182	0	131	0	0	0	0	0	0	0	0	0	0	0	0	0	0	0	0	0	0	0	0	0	0	0	0	0	0	0	0	0	2	0	16	0
OTU779	2	0	0	0	0	0	0	0	4	0	1	0	4	1	0	0	0	0	0	0	0	0	0	0	0	0	0	0	0	1	0	0	0	0	0	0	17	0	90	0	4	6	32	0	0	0	1	0	1	2	0	0	4	0	0	0	8	0	3	0	0	0	0	0	0	0	0	1	0	0	0	14	4	2	0	9	31	25	4	3	2	0	0	4	0	2	67	16	1	6	0	19	2	0	3	0	0	0	0	0	0	0
OTU78	3	15	3	15	1	0	2	13	15	1	8	4	67	114	1	0	0	1	17	0	2	2	3	2	0	0	790	652	113	548	1152	0	15	19	32	1	25	40	8	0	73	538	384	223	263	414	1607	83	278	500	205	197	528	11	329	456	444	244	247	3	0	14	2	19	0	15	17	5	9	78	159	370	137	388	420	48	23	27	109	6	157	78	228	644	111	21	15	28	401	210	140	90	103	399	233	465	251	5	8	6	11	8
OTU780	0	0	0	0	0	0	1	0	0	0	0	0	7	6	0	0	0	0	0	0	0	0	0	0	0	0	0	5	0	64	22	0	1	1	1	0	0	0	0	0	7	7	0	0	33	58	0	0	162	4	0	15	150	1	0	1	15	9	2	0	0	0	0	0	0	4	0	2	1	4	0	21	4	26	4	2	0	4	50	0	6	0	5	1	0	0	0	23	8	7	45	19	1	11	2	2	27	0	0	0	0	2
OTU781	9	1	0	0	0	0	0	1	5	0	0	0	18	16	0	0	0	0	0	0	0	0	0	0	0	0	0	3	0	32	0	0	0	0	0	0	0	0	0	0	1	0	0	10	8	6	0	0	44	0	0	17	120	37	0	0	25	4	18	0	0	0	0	0	7	0	1	0	0	2	0	0	1	20	0	0	1	3	22	0	0	2	11	0	6	3	0	0	0	21	0	36	1	18	0	8	118	0	74	0	2	0
OTU782	0	0	0	0	0	0	0	0	0	1	0	0	5	9	1	0	0	0	0	0	0	0	0	0	0	0	0	6	2	8	0	0	0	0	16	0	9	1	0	0	0	6	3	9	17	13	1	0	1	0	0	4	5	0	9	0	24	5	3	3	0	0	0	0	0	0	0	0	4	1	1	961	38	142	1	0	2	3	0	1	2	138	41	17	0	2	0	0	0	7	1	0	5	8	0	13	42	0	0	0	0	0
OTU783	0	0	0	0	0	0	0	0	0	0	0	0	2	2	0	0	0	0	0	0	0	0	0	0	0	0	0	0	0	0	0	0	0	0	0	0	0	0	0	0	0	0	0	4	0	0	0	0	36	0	0	294	7	0	0	0	2	3	0	1	0	0	0	0	0	0	4	0	0	0	0	0	0	1	1	0	1	0	0	0	3	0	0	0	0	0	5	1	0	5	0	0	0	0	0	2	0	0	0	0	0	0
OTU784	0	0	0	0	0	0	0	0	0	0	0	2	1	1	0	0	0	0	0	0	0	0	0	0	0	0	87	76	68	77	31	0	0	0	0	0	0	0	0	0	0	8	0	0	24	0	0	0	0	0	0	14	3	2	0	0	13	4	1	0	0	0	0	3	0	0	1	0	0	0	0	0	1	4	0	0	0	0	0	0	1	0	0	0	0	0	0	3	3	2	0	1	0	8	5	5	1	0	0	0	1	0
OTU785	0	2	0	0	0	0	0	0	0	0	0	0	9	2	0	0	0	0	0	0	0	0	0	0	0	0	2	34	1	0	1	0	2	0	0	0	6	0	0	0	5	9	11	9	31	1	0	0	0	0	5	1	2	0	0	7	12	6	2	0	0	0	0	0	0	0	7	2	0	0	0	0	0	12	0	0	0	3	31	4	17	43	117	3	7	2	0	0	0	63	1	3	0	4	7	3	6	0	32	56	5	2
OTU786	0	0	0	0	0	0	1	0	0	0	0	0	0	0	0	0	0	0	0	0	0	0	0	0	0	0	0	0	0	0	0	0	0	1	0	0	0	0	0	0	0	0	0	0	0	0	0	0	0	0	0	0	0	0	0	0	0	0	0	0	0	322	0	0	0	0	8	1	0	0	0	0	0	0	0	0	0	0	0	0	0	0	0	2	0	0	0	0	0	0	0	0	0	0	0	0	0	0	0	0	0	0
OTU787	0	0	0	0	0	0	0	0	0	0	12	0	6	2	0	0	0	0	1	0	322	0	2	0	0	0	0	0	0	0	0	0	0	84	0	0	0	0	0	0	0	3	1	0	0	2	0	0	0	0	0	0	0	0	0	3	4	0	0	0	0	0	0	94	1	22	0	0	1	0	0	0	0	1	0	0	0	0	0	0	0	0	0	0	0	41	0	0	0	1	0	0	8	0	0	0	1	55	0	0	0	0
OTU788	0	0	0	0	0	0	0	0	0	0	0	87	0	1	0	344	0	0	0	0	0	0	0	0	0	0	0	0	0	0	6	0	0	0	0	0	0	0	0	0	0	3	0	0	0	0	0	0	0	0	0	0	4	0	0	0	11	0	0	0	0	0	0	0	0	0	0	0	0	0	0	0	0	1	0	0	1	0	0	0	0	0	0	0	0	0	0	0	0	0	0	0	0	1	3	2	1	0	0	0	0	0
OTU789	1	0	0	0	0	1	0	0	0	0	0	0	4	2	0	0	0	0	0	0	0	0	0	0	0	0	0	0	0	0	0	0	0	0	1	0	0	0	0	0	0	0	0	2	0	0	0	0	153	58	0	0	150	0	0	0	4	7	0	1	0	0	0	0	0	0	0	0	0	0	0	0	0	2	0	0	0	1	0	0	1	0	0	0	0	0	0	44	0	1	0	17	1	0	2	0	0	0	0	0	0	0
OTU79	8	50	10	19	0	0	1	8	99	0	35	22	115	151	0	0	0	0	11	1	6	68	52	6	1	5	35	331	197	204	111	0	0	9	43	1	2894	2235	351	2	645	318	546	33	53	228	164	23	68	187	608	150	357	14	63	28	572	78	95	3	0	2	0	6	0	6	15	9	14	1048	2348	255	41	414	294	545	730	1615	273	237	62	65	56	32	20	32	2998	375	1089	875	83	55	41	73	21	44	82	3	3	0	10	2
OTU790	0	0	0	0	0	0	3	0	0	0	9	0	0	0	0	0	0	0	1	0	248	0	0	0	0	0	0	0	0	0	0	0	0	505	2	0	0	0	0	0	0	0	9	0	0	8	0	0	1	0	0	1	3	2	1	8	4	5	0	0	106	0	0	366	0	141	15	1	1	1	0	0	0	5	0	0	0	0	0	0	2	0	3	0	0	147	1	0	0	4	0	0	66	0	0	1	0	211	3	0	1	0
OTU791	0	0	0	0	0	0	0	2	0	0	2	2	2	6	0	0	0	0	0	0	0	0	0	0	0	0	0	0	0	0	0	0	0	0	0	0	1	2	23	0	0	0	0	2	0	1	0	0	0	0	115	0	9	0	1	0	17	1	0	0	0	0	0	1	1	0	0	2	0	2	0	0	0	180	0	0	0	4	0	0	1	0	0	0	0	1	0	2	1	4	0	0	0	1	0	3	0	0	0	0	0	0
OTU792	0	0	0	0	0	0	0	0	0	0	0	13	0	0	0	312	0	0	0	0	0	0	0	0	0	0	0	2	0	0	0	0	0	0	0	0	0	0	1	0	0	0	0	0	0	0	0	0	0	0	0	0	5	0	0	0	3	0	0	0	0	0	0	0	0	0	0	0	0	0	0	0	1	4	0	0	0	1	0	0	0	0	0	0	0	0	0	0	0	1	0	0	0	0	0	0	0	0	0	0	0	0
OTU793	0	0	0	0	0	0	0	0	0	0	0	0	0	0	0	0	0	0	0	0	317	0	0	0	0	0	0	0	0	0	0	0	0	3	0	0	0	0	0	0	0	0	2	0	0	0	0	0	0	0	0	0	0	0	0	0	0	0	0	0	0	0	0	2	0	0	0	0	7	0	0	0	0	0	0	0	0	0	0	0	0	0	0	0	0	0	0	0	0	0	0	0	0	0	0	0	0	1	0	0	0	0
OTU794	0	0	0	0	0	0	0	4	0	0	7	0	3	2	0	0	1	0	0	0	0	0	0	0	0	0	0	3	0	1	0	0	0	0	0	0	0	1	0	0	7	0	0	0	1	0	0	0	0	0	0	2	1	2	0	0	6	0	0	0	0	0	0	0	1	0	0	5	0	5	0	1	0	2	0	1	364	5	0	0	0	1	12	0	0	0	0	3	0	2	0	0	0	0	0	0	36	1	0	0	0	0
OTU795	0	0	0	1	0	0	0	1	0	2	1	0	9	4	0	0	0	0	0	0	0	0	0	0	0	0	1	0	1	1	0	0	0	0	0	0	1	0	0	0	0	1	0	0	0	1	0	0	0	2	0	3	3	4	0	0	53	5	22	0	2	0	0	0	0	0	0	0	0	4	0	0	13	19	0	0	0	0	0	0	0	1	59	0	1	1	0	0	0	0	3	0	1	0	0	3	619	0	0	0	0	9
OTU796	0	0	0	0	0	0	0	2	0	0	0	0	0	0	0	0	0	0	0	0	0	0	0	0	0	0	0	0	0	0	0	0	0	0	3	0	0	0	0	0	1	0	0	3	0	0	0	0	0	0	0	0	0	0	0	28	1	2	0	0	0	0	1	3	0	2	8	3	5	0	0	0	0	3	0	0	1	0	0	0	2	0	0	0	2	0	0	0	0	0	0	0	5	16	1	3	1	1	136	24	137	59
OTU797	223	0	0	0	0	0	0	0	0	0	0	0	2	2	0	0	0	0	0	0	0	0	0	0	0	0	0	0	0	1	0	0	0	0	0	0	0	0	0	0	0	0	0	0	0	0	0	0	0	0	0	0	5	0	0	0	7	0	0	0	0	0	0	40	0	14	0	0	1	0	0	0	0	6	0	0	0	2	0	0	0	0	1	0	0	11	0	0	0	1	0	0	27	0	0	0	0	12	0	0	2	0
OTU798	0	0	0	0	0	0	0	0	0	0	0	0	1	0	0	0	0	0	0	0	0	0	0	0	0	0	0	0	0	0	0	0	0	0	0	0	0	0	0	0	0	0	0	0	0	0	0	0	0	0	0	0	0	0	2	0	7	0	0	0	0	0	0	0	72	1	198	37	28	0	0	0	0	0	0	0	0	0	0	0	0	0	0	0	0	0	0	0	0	0	0	0	0	0	0	0	0	0	23	0	6	0
OTU799	0	0	0	0	0	0	1	0	1	0	5	0	12	6	0	0	0	0	0	0	0	2	0	0	0	0	3	1	6	1	1	0	0	0	1	0	6	0	7	0	11	1	3	0	2	0	0	0	3	0	6	4	7	5	0	0	10	1	2	0	0	0	0	0	2	0	0	0	7	0	0	18	0	10	0	0	138	37	1	0	7	5	0	1	2	1	24	1	0	10	0	6	0	0	0	0	0	0	0	0	0	0
OTU8	20	165	5	81	0	2	62	32	16	1	86	51	894	691	7	3	2	0	7	1	14	18	12	10	21	9	42	377	84	2044	27	39	246	213	30	117	58	41	24	8	66	37	72	1291	7873	2008	190	4789	468	75	38	119	851	184	1609	4571	2641	17527	9680	114	119	23	17	80	339	150	751	843	904	214	41	98	318	1286	29	43	38	63	480	17	417	2220	3477	219	998	692	24	59	168	1174	26	92	1794	4320	8212	1341	3418	100	12016	6223	2777	3675
OTU80	2	48	0	5	0	0	4	0	5	0	13	25	84	197	3	1	3	0	0	0	1	2	0	0	0	0	202	77	140	85	404	12	26	29	86	19	19	18	12	0	22	22	16	714	1596	2146	4074	766	171	149	44	26	76	13	87	291	593	56	54	1	2	1	1	5	1	1	7	6	8	111	682	28	47	298	210	5	4	14	14	10	47	122	45	47	26	21	32	12	23	38	4	8	30	91	69	92	96	2	0	1	5	2
OTU800	0	0	0	1	0	0	0	0	0	0	6	0	9	4	0	0	0	0	0	0	0	0	0	0	0	0	0	2	0	42	0	0	0	0	0	0	0	0	0	0	0	0	0	0	0	5	0	6	9	0	0	3	20	0	1	0	26	9	4	0	0	0	0	0	0	0	0	0	0	2	0	0	0	11	0	1	0	1	0	0	11	19	9	0	0	3	0	0	12	13	0	0	176	106	7	13	0	8	4	0	0	0
OTU801	0	1	0	0	0	0	0	0	0	0	0	0	0	0	0	0	0	0	0	0	447	0	0	0	0	0	0	3	0	0	0	0	0	1	0	0	0	0	0	0	0	0	8	0	0	0	0	0	0	0	0	0	0	0	0	0	2	1	0	0	0	0	0	81	0	113	3	0	0	0	0	0	0	6	0	0	0	0	0	0	0	0	0	0	0	34	0	0	0	0	0	0	14	0	0	0	0	71	0	0	0	1
OTU802	0	0	0	0	0	0	1	2	20	0	0	0	4	8	0	0	1	0	0	0	0	0	0	0	0	0	0	11	1	0	0	0	0	0	0	0	0	0	2	0	540	0	0	0	1	0	0	1	0	39	1	0	8	0	2	2	16	3	5	0	0	0	0	4	0	0	0	0	0	2	0	4	0	17	0	0	0	0	5	0	6	0	4	4	0	0	8	0	0	5	0	0	9	4	0	4	1	3	0	0	3	0
OTU803	0	0	0	0	0	0	0	0	13	0	0	0	0	2	0	0	325	0	1	0	0	0	0	0	0	0	0	1	0	0	0	0	0	0	0	0	3	0	0	0	0	0	0	0	0	0	0	3	0	0	0	0	6	0	0	2	0	0	0	0	0	0	0	19	0	5	0	0	0	0	0	0	0	4	0	5	0	0	0	0	0	0	0	0	0	7	0	0	0	3	0	0	2	1	0	0	0	3	0	0	2	0
OTU804	0	0	0	0	0	0	0	0	0	0	0	1	0	0	0	0	0	0	0	0	0	0	0	0	0	0	0	0	0	0	0	0	3	186	0	0	0	0	0	0	0	0	0	0	0	3	0	0	0	0	0	0	0	0	0	0	2	1	0	0	0	0	0	137	0	22	3	0	0	0	0	0	0	2	0	0	0	0	0	0	0	0	0	0	0	30	0	0	0	0	0	0	2	0	0	0	0	41	0	0	0	0
OTU805	6	0	0	0	0	0	0	0	1	0	0	0	4	2	0	0	0	0	0	0	0	0	0	0	0	0	0	2	1	69	0	0	0	0	0	0	0	3	0	0	3	0	0	0	0	1	0	0	1	269	0	0	1	2	0	0	2	2	1	0	0	0	0	0	0	0	0	0	0	0	0	7	0	0	10	0	0	0	0	0	1	0	0	0	0	1	0	0	0	8	0	17	6	8	0	1	0	0	1	0	0	0
OTU806	0	0	0	0	0	0	0	0	0	0	0	0	0	0	0	0	0	0	0	0	321	0	0	0	0	0	0	0	0	0	0	0	0	0	0	0	0	0	0	0	0	0	4	0	0	0	0	0	0	0	0	0	0	0	0	0	0	0	1	0	0	0	0	4	0	7	0	0	0	0	0	0	0	0	0	0	0	0	0	0	0	0	0	0	0	7	0	0	0	0	0	0	2	0	0	0	0	6	0	0	0	0
OTU807	0	0	0	0	0	0	2	0	0	0	0	0	0	0	0	0	0	0	0	0	0	0	0	0	0	0	0	0	0	0	0	0	0	3	0	0	0	0	0	0	0	2	0	0	0	0	0	0	0	0	0	0	0	0	0	0	0	0	0	0	0	0	0	0	0	0	0	0	0	0	0	0	0	0	0	0	0	0	0	0	0	0	0	0	0	0	0	0	0	0	0	0	0	7	2	9	0	0	135	71	298	11
OTU808	0	0	0	0	0	0	0	0	0	0	2	1	1	6	0	0	0	0	0	0	0	0	0	0	0	0	0	2	13	0	0	0	0	0	4	1	1	0	1	0	0	0	0	1	5	21	51	106	0	1	0	0	0	0	1	0	24	12	18	0	1	0	1	0	0	0	0	0	0	0	0	0	0	2	0	1	2	0	3	0	0	36	64	2	11	13	0	1	0	1	4	0	0	5	2	3	0	0	0	0	0	0
OTU809	0	0	0	0	0	0	0	0	6	0	0	0	8	3	0	0	0	0	0	0	0	0	0	0	1	0	0	2	0	0	0	0	1	0	0	0	2	0	0	0	0	0	0	0	0	1	0	0	53	23	0	161	30	0	0	0	1	3	0	1	0	0	0	0	0	0	2	0	2	0	10	0	10	7	0	2	0	12	10	1	5	0	0	0	0	0	43	0	0	29	0	2	2	2	0	0	0	0	0	0	0	0
OTU81	51	350	3	195	390	41	17	51	76	0	27	566	232	186	4	266	252	0	9	0	97	6	5	2	2	2	82	123	207	107	83	2	12	101	29	2	33	26	74	6	22	155	18	65	313	1483	416	94	68	119	14	52	188	907	4508	184	2094	229	144	271	13	2	2	116	663	68	1140	1500	443	90	152	393	2566	358	71	44	49	20	37	51	85	105	55	59	86	117	45	57	58	222	19	15	59	201	99	192	154	49	929	554	450	458
OTU810	0	0	0	0	0	0	2	0	0	0	0	0	8	3	0	0	0	0	1	0	0	0	0	0	4	0	25	33	0	47	13	0	0	0	1	1	0	1	0	0	5	3	2	2	2	0	6	7	21	0	4	6	40	1	12	2	23	18	29	1	4	3	0	1	175	1	214	214	331	0	2	10	3	14	5	0	0	0	119	3	39	7	7	3	17	0	0	0	0	27	2	4	0	11	0	3	19	0	12	2	8	5
OTU811	0	3	0	0	0	0	0	0	0	0	40	7	0	0	0	0	9	0	0	0	1	34	0	0	0	0	4	0	0	0	0	0	4	0	0	0	357	1	0	0	0	8	0	0	2	0	0	0	0	14	0	43	2	0	3	0	1	0	2	53	1	0	0	0	0	0	0	0	0	2	0	2	11	13	0	0	599	4	1	0	0	209	5	0	0	0	0	8	0	0	0	2	2	0	0	2	1	1	0	0	1	0
OTU812	0	0	0	0	0	0	0	0	0	0	0	0	0	0	0	0	0	0	0	0	0	0	0	0	0	0	0	0	0	0	0	0	0	2	0	1	0	0	0	0	0	0	0	0	0	0	0	0	0	0	0	0	0	0	2	0	0	0	0	0	0	0	0	0	14	2	2	0	22	0	0	0	0	0	0	0	0	0	0	0	0	0	0	0	0	0	0	0	0	0	0	0	0	13	1	2	1	11	404	31	35	27
OTU813	0	0	0	1	0	0	0	0	4	0	0	0	3	3	0	0	0	0	0	0	0	0	0	0	0	0	0	2	0	0	0	0	0	0	0	0	2	6	15	0	94	1	2	0	1	0	0	1	0	0	0	0	1	0	2	0	7	1	0	0	0	0	0	0	0	0	0	0	0	0	0	0	0	5	0	15	17	48	0	0	0	1	0	103	0	0	0	0	0	3	0	0	0	0	0	0	0	0	0	0	0	0
OTU814	0	0	0	0	0	0	0	1	0	0	0	0	6	1	0	0	0	0	0	0	2	0	0	0	1	0	1	1	0	0	9	0	0	0	0	0	0	0	0	0	0	0	53	0	0	0	0	6	18	70	0	0	5	17	0	0	11	2	0	0	0	0	0	0	0	0	0	0	0	0	0	2	2	2	0	0	0	0	107	0	29	0	9	0	32	0	0	1	1	4	5	0	0	74	1	3	0	0	15	0	1	0
OTU815	0	0	2	0	0	0	0	0	0	0	0	0	11	8	0	0	0	1	0	0	0	0	0	0	0	0	0	0	0	1	0	0	0	0	0	0	0	0	0	0	3	2	0	0	0	2	0	55	1	0	0	0	10	0	70	388	50	33	5	0	0	0	0	0	0	10	0	0	0	0	0	0	0	8	0	0	1	2	1	1	6	0	1	1	0	1	0	0	3	14	0	0	26	0	52	21	0	0	0	0	0	0
OTU816	0	0	0	0	0	0	0	2	0	0	0	0	0	0	0	0	0	0	0	0	341	0	0	0	0	0	0	1	0	0	0	0	0	0	4	0	0	0	0	0	0	0	10	0	0	0	0	0	0	0	0	0	0	0	0	0	0	0	0	0	0	0	0	23	0	14	3	3	0	0	0	0	0	1	0	0	0	0	0	0	0	0	0	0	0	12	0	0	0	0	0	0	11	0	0	0	0	20	0	2	0	0
OTU817	0	0	0	0	0	0	0	3	0	0	0	0	0	0	0	0	0	0	0	0	0	0	0	0	0	0	0	6	0	0	0	0	0	0	0	0	0	0	0	0	2	0	0	1	0	0	0	2	0	0	0	0	0	0	0	0	1	9	0	0	0	0	0	0	9	0	69	151	5	0	0	0	25	1	0	0	0	0	0	0	0	49	0	1	0	0	0	0	0	1	0	0	2	0	2	3	1	1	0	0	0	0
OTU818	0	0	0	0	0	0	0	0	0	0	0	0	3	1	0	0	0	0	0	0	0	0	0	0	0	0	0	0	0	0	0	0	1	82	0	0	0	2	0	0	7	0	0	4	0	10	0	1	0	5	1	94	2	13	0	0	11	1	0	0	1	0	0	21	0	8	4	0	3	20	0	6	39	0	0	0	1	0	1	1	0	1	2	0	0	0	0	0	0	1	0	0	3	1	0	3	2	1	0	0	0	0
OTU819	0	5	0	0	0	0	1	0	6	0	1	0	2	5	0	0	0	0	1	0	1	1	0	0	0	2	6	2	0	0	26	0	2	0	1	0	22	11	0	0	43	28	4	0	6	0	0	13	9	10	4	17	29	0	3	0	14	10	0	0	0	0	0	0	0	0	4	1	0	6	7	0	27	11	20	6	0	0	22	3	4	0	10	0	8	0	13	0	0	6	9	0	0	7	0	2	0	0	173	96	8	2
OTU82	0	0	0	0	0	0	9	15	0	0	0	1	0	1	0	0	0	0	5	0	8	31	7	3	8	4	0	2	0	1	0	2	13	16	16	7	0	1	0	0	1	0	2	0	0	0	0	0	0	0	0	0	1	0	10	1	19	10	207	9	10	4	4	12	295	12	488	218	6986	0	0	0	0	0	0	0	0	0	0	0	0	0	1	0	0	4	0	0	0	2	0	0	0	160	10	39	10	58	4536	240	1148	594
OTU820	0	0	0	0	0	0	0	0	3	0	3	0	3	0	0	0	0	0	0	0	0	1	0	0	0	0	0	1	0	0	0	0	0	0	0	0	3	3	7	0	5	0	0	0	0	0	0	0	0	0	0	2	2	0	1	0	2	0	0	0	0	0	0	0	0	0	0	0	0	56	56	34	0	6	8	3	11	0	0	39	5	0	0	1	0	0	58	0	24	5	0	0	0	0	0	2	0	0	0	0	0	0
OTU821	0	1	0	2	0	0	0	0	0	0	0	1	8	10	0	0	0	0	0	0	0	0	0	0	0	0	0	0	0	0	0	0	0	0	0	0	0	1	2	0	0	0	0	4	13	35	0	5	0	306	0	2	14	0	1	17	36	5	2	0	0	0	0	0	0	0	0	2	0	0	0	0	20	10	0	0	2	6	7	0	124	0	227	0	2	1	0	0	4	11	0	0	0	158	1	0	3	0	5	0	0	0
OTU822	0	1	0	1	0	0	0	0	2	0	0	0	7	7	0	0	134	0	0	0	0	0	0	0	0	0	112	11	0	1	0	0	0	0	4	0	1	0	0	0	0	0	3	0	0	3	61	0	0	0	0	1	3	0	9	0	15	5	0	0	0	0	0	0	0	0	0	0	0	0	0	6	0	7	0	0	0	0	0	0	2	0	1	3	0	0	0	0	0	7	0	0	0	0	0	106	4	0	0	0	5	0
OTU823	0	0	0	0	0	0	0	0	0	0	0	7	0	2	0	306	0	0	0	0	0	0	0	0	0	0	0	1	0	0	0	0	0	0	0	0	0	0	0	0	0	0	0	1	0	0	0	0	0	2	0	0	0	0	0	0	5	0	0	0	0	0	0	5	0	0	0	0	0	0	0	1	0	0	0	0	0	0	0	0	0	0	0	0	0	0	0	0	0	2	0	0	1	0	0	0	0	0	0	2	0	0
OTU824	0	0	0	0	0	0	0	0	0	0	0	0	0	0	0	0	0	0	0	0	294	0	0	0	0	0	0	0	0	0	0	0	0	0	0	0	0	0	0	0	0	0	5	0	0	0	0	0	0	0	0	0	0	0	0	0	0	0	0	0	0	0	0	0	0	2	0	0	3	0	0	0	0	0	0	0	0	0	0	0	0	0	0	0	0	1	0	0	0	0	0	0	0	0	0	0	0	0	0	0	0	0
OTU825	0	0	0	0	0	0	1	0	1	0	0	0	0	0	0	0	0	0	0	0	0	0	1	0	0	0	0	0	0	0	0	0	0	7	0	0	0	0	0	0	0	0	0	0	0	0	0	0	0	0	0	0	0	0	0	0	0	0	0	0	0	0	0	0	1	0	20	20	0	0	0	0	0	0	0	0	0	0	0	0	0	0	0	0	0	0	2	0	0	0	0	0	0	0	6	3	3	0	36	163	29	53
OTU826	0	0	0	0	0	0	0	3	0	0	0	0	0	0	0	0	0	0	0	0	317	0	0	0	0	0	0	2	0	0	0	0	0	0	0	0	0	0	0	0	0	0	7	0	0	0	0	0	0	0	0	0	0	0	0	0	0	0	0	0	0	0	0	0	0	0	5	0	0	0	0	0	0	0	0	0	0	0	0	0	0	0	0	0	0	5	0	0	0	1	0	0	0	0	0	0	0	0	0	0	0	0
OTU827	0	0	0	0	0	0	0	0	0	0	0	0	0	0	0	0	0	0	0	0	0	0	0	0	0	0	0	0	0	0	0	0	0	0	1	0	0	0	0	0	0	0	0	0	0	0	0	0	0	0	0	0	0	0	1	0	0	6	3	0	2	0	0	5	38	2	3	179	75	0	0	0	0	0	0	0	0	0	0	0	0	0	0	0	0	2	0	0	0	0	0	0	4	0	4	0	0	3	20	81	0	17
OTU828	0	0	0	0	0	0	1	0	0	0	0	0	1	0	0	0	0	0	2	0	1	0	0	0	0	0	0	0	0	0	0	0	1	1	1	1	0	0	0	0	1	0	0	0	0	1	0	0	0	0	0	0	0	0	1	0	17	0	2	0	0	0	0	1	52	11	648	12	34	0	0	0	0	0	0	0	0	0	0	0	0	0	0	0	0	0	0	0	0	0	0	0	2	0	1	0	0	0	0	45	1	2
OTU829	3	0	0	0	0	0	0	0	2	0	1	0	4	3	0	0	0	0	0	0	0	2	0	1	0	0	0	0	0	3	12	0	0	0	0	0	26	0	21	0	20	3	5	20	14	10	0	3	0	13	0	2	10	0	3	0	30	1	16	0	0	1	0	0	0	0	0	0	0	5	0	2	12	46	0	39	18	26	2	0	15	2	0	11	0	1	1	0	0	11	1	5	0	8	0	3	0	0	0	0	0	0
OTU83	0	3	2	5	0	2	5	3	1	0	1	4	100	77	2	3	0	0	0	0	0	3	0	363	5	0	2557	164	6	898	12	3	36	5	1	6	11	7	12	0	28	8	9	212	7	278	17	119	16	9	6	32	178	32	124	37	281	215	481	0	66	0	3	16	210	25	49	38	82	27	6	10	23	200	3	8	9	14	146	2	151	42	173	63	182	42	14	9	19	108	41	16	29	220	5217	33	48	15	17	108	7	2
OTU830	0	0	0	0	0	0	0	0	0	0	1	6	3	8	0	0	0	0	0	0	0	0	0	0	0	0	0	4	0	0	0	3	0	0	3	0	1	0	0	0	4	0	0	122	11	44	77	13	0	1	3	0	8	0	35	7	13	9	9	4	0	0	0	1	0	4	1	0	0	4	0	0	0	8	2	0	0	1	1	0	6	35	5	18	6	22	0	0	0	18	0	0	0	8	6	72	3	0	0	0	1	0
OTU831	0	0	0	0	0	0	0	0	0	0	5	0	0	0	0	0	0	0	2	0	174	0	0	0	0	0	0	0	0	0	0	0	0	60	2	0	0	0	0	0	0	0	1	0	0	0	0	1	1	0	0	0	2	0	0	2	0	0	0	0	0	0	0	35	0	35	1	0	1	0	0	0	0	0	0	0	0	0	0	0	0	0	0	0	0	17	0	1	0	0	0	0	16	0	0	0	0	35	0	0	0	0
OTU832	0	0	0	0	0	0	0	0	0	0	1	30	6	5	0	0	0	0	0	0	0	0	0	0	0	0	45	79	46	4	114	0	0	0	0	0	1	1	0	0	0	4	0	0	9	0	0	0	0	1	0	2	9	0	24	5	353	21	10	0	0	0	0	0	0	0	9	0	0	7	0	0	3	18	0	0	1	0	0	0	3	0	0	0	0	0	15	0	8	10	0	2	0	12	12	0	5	0	0	0	0	0
OTU833	0	0	0	0	0	0	0	0	3	0	1	0	6	5	0	0	0	0	0	0	0	0	0	0	2	1	4	80	13	52	7	0	0	0	1	0	0	5	29	2	11	22	9	0	2	0	3	9	3	23	7	4	5	3	4	5	15	6	2	0	0	0	0	0	0	0	0	0	0	24	121	6	4	24	7	46	35	59	18	11	24	7	1	0	0	5	5	41	9	2	6	0	3	6	1	14	2	0	2	0	2	0
OTU834	0	0	0	0	0	0	1	1	0	0	0	0	0	0	0	0	0	0	0	0	299	0	2	0	0	0	0	0	0	0	0	0	0	62	0	0	0	0	0	0	0	0	7	0	0	1	0	0	0	0	0	0	0	0	0	0	0	0	0	0	0	0	0	1	0	1	3	0	0	0	0	0	0	0	0	0	0	0	0	0	0	0	0	0	0	0	0	0	0	0	0	0	2	0	0	0	0	0	0	0	0	0
OTU835	0	0	0	0	0	0	0	0	0	0	0	1	0	0	0	0	0	0	0	0	717	0	0	0	0	0	0	0	0	0	0	0	0	0	0	0	0	0	0	0	0	0	4	0	0	0	0	0	0	0	0	0	0	0	0	0	1	0	0	0	5	0	0	8	0	2	2	0	0	0	0	0	0	0	0	0	0	0	0	0	0	0	0	0	0	4	0	0	0	0	0	0	2	0	0	0	0	3	0	0	0	0
OTU836	0	0	0	0	0	0	0	0	0	0	0	0	0	0	0	0	0	0	0	0	0	0	281	1	0	0	0	0	0	0	0	1	0	0	0	0	0	2	0	0	0	0	0	0	0	0	0	0	0	0	0	0	0	0	0	0	0	0	0	0	0	1	0	0	0	0	0	0	0	0	0	0	0	0	0	0	0	0	0	0	0	0	0	0	0	0	0	0	0	0	0	0	0	0	0	0	0	0	0	0	0	0
OTU837	0	0	0	0	0	0	0	0	0	0	0	0	1	3	0	0	0	0	0	0	326	0	0	0	0	0	0	0	0	0	0	0	0	0	0	0	0	0	0	0	0	0	4	0	0	0	0	0	1	0	0	0	0	0	0	0	1	0	0	0	0	0	0	22	0	6	2	2	0	0	0	0	0	0	2	0	0	0	0	0	0	0	0	0	0	17	0	0	0	2	0	0	4	0	0	0	0	8	0	0	0	0
OTU838	0	0	0	0	0	0	2	0	0	0	0	0	0	0	0	0	0	0	0	0	0	0	0	0	0	254	0	0	0	0	0	0	0	0	0	0	0	0	0	0	0	0	0	0	0	0	0	0	0	12	0	0	0	0	0	0	0	0	0	0	0	0	0	0	0	2	0	0	0	0	0	0	0	0	0	0	0	0	0	2	0	0	0	0	0	0	0	0	0	0	0	0	0	0	0	0	0	11	0	0	0	0
OTU839	0	0	0	0	0	0	0	0	0	0	0	0	0	0	0	0	0	0	0	0	0	0	0	1	1	0	0	0	0	0	0	0	0	171	1	0	0	0	0	0	0	0	0	0	0	2	0	0	0	0	0	0	0	0	0	0	0	0	0	0	0	0	0	50	0	22	0	0	1	0	0	0	0	1	0	0	4	0	0	0	0	0	0	0	0	24	0	0	0	0	0	0	8	0	4	0	0	40	0	1	0	0
OTU84	11	4	0	13	0	2	8	6	53	3	26	22	82	120	2	0	1	1	31	1	87	16	22	15	4	2	44	227	280	95	100	0	4	0	11	1	258	976	476	0	550	876	3269	16	55	276	255	18	40	634	196	221	169	28	56	52	531	59	54	3	0	0	1	6	0	0	14	16	7	494	405	216	42	210	82	357	462	1555	122	40	99	71	56	21	83	33	425	149	416	131	48	75	31	59	17	44	97	2	3	2	2	0
OTU840	0	0	0	0	0	0	0	0	0	0	0	0	0	0	0	0	0	0	0	0	0	0	0	0	1	0	1	0	0	52	0	0	3	4	1	0	0	0	0	0	0	6	0	0	15	209	86	0	0	0	0	0	0	0	0	0	2	0	1	0	0	0	0	0	0	0	0	0	1	30	0	7	0	12	1	0	0	4	125	0	1	1	1	3	0	2	240	0	0	0	0	12	0	8	0	10	23	0	0	0	0	1
OTU841	0	0	0	0	0	0	0	0	0	0	0	0	0	0	0	0	0	0	0	0	0	0	0	0	0	0	0	0	0	0	0	0	0	0	0	0	0	0	0	0	0	0	0	0	0	0	0	0	0	0	0	9	0	0	0	0	0	0	1	0	0	0	0	0	76	0	3	9	276	0	0	0	0	0	0	0	0	0	0	0	0	0	0	0	0	0	0	0	0	0	0	0	0	0	0	0	0	0	12	0	20	0
OTU842	0	0	0	0	0	0	0	0	0	0	0	0	0	0	0	0	0	0	0	0	280	0	0	0	0	0	0	0	0	0	0	0	0	0	0	0	0	0	0	0	0	0	2	0	0	0	0	0	0	0	0	0	0	0	0	0	0	0	0	0	0	0	0	1	0	2	3	0	0	0	0	0	0	0	0	0	0	0	0	0	0	0	0	0	0	0	0	0	0	0	0	0	0	0	0	0	0	0	0	0	0	0
OTU843	0	0	0	0	0	0	0	1	0	0	0	0	0	0	0	0	0	0	0	1	344	0	0	0	0	0	0	0	0	0	0	0	0	0	0	0	0	0	0	0	0	0	6	0	0	0	0	0	0	0	0	0	0	0	0	0	1	0	0	0	0	0	0	1	0	1	3	1	0	0	0	0	0	0	0	0	0	0	0	0	0	0	0	0	0	0	0	0	0	0	0	0	0	0	0	0	0	3	0	0	0	2
OTU844	0	0	0	0	0	0	0	0	0	0	0	0	0	0	0	0	0	0	0	0	0	0	0	0	0	0	0	0	0	0	0	0	0	101	0	0	0	0	0	0	0	0	0	0	0	3	0	0	0	0	0	0	0	0	0	1	0	0	0	0	154	0	0	38	0	6	0	0	0	0	0	0	0	0	0	0	0	0	0	0	0	0	2	0	0	6	0	0	0	0	0	0	6	0	0	0	0	9	1	0	2	0
OTU845	0	0	0	0	0	0	0	0	0	0	0	0	3	0	0	0	0	0	0	0	0	0	0	0	0	0	0	0	0	0	0	0	1	1	0	0	0	29	0	0	0	0	2	0	0	0	0	0	0	2	0	0	4	6	0	0	5	0	0	0	0	0	0	0	0	0	1	3	0	0	0	0	0	0	0	0	0	0	0	0	0	0	0	0	0	0	0	0	7	1	0	0	3	2	4	18	23	0	0	286	0	0
OTU846	0	0	0	0	0	0	0	0	0	0	1	0	4	1	0	0	0	0	0	0	0	0	0	0	0	0	0	0	1	0	0	0	0	0	0	0	0	0	1	0	1	0	0	4	0	3	0	2	26	0	0	320	20	1	0	4	1	2	1	0	0	0	0	0	0	0	2	0	0	15	0	0	0	5	0	0	0	0	0	0	1	0	0	0	0	0	0	0	0	0	0	0	0	0	2	0	0	0	0	0	0	0
OTU847	0	0	0	0	0	0	0	0	0	0	2	0	2	6	0	0	0	0	0	0	0	0	0	0	0	0	0	5	0	2	0	0	0	0	0	0	0	0	0	0	0	0	2	0	0	0	0	209	0	0	0	0	9	0	0	12	61	16	0	0	0	0	0	1	0	0	0	0	0	0	0	0	0	5	0	0	0	0	0	0	1	1	0	1	0	22	0	0	1	6	0	0	0	4	0	0	0	0	0	0	0	0
OTU848	0	0	0	0	0	0	3	0	0	0	11	0	3	0	0	0	0	0	0	0	131	2	0	5	0	0	0	2	0	0	0	0	2	250	1	3	0	0	0	0	0	0	1	2	0	5	0	1	0	1	0	1	1	0	2	8	9	0	2	2	467	1	0	411	5	187	7	3	2	0	0	0	0	0	0	0	0	0	3	0	0	0	7	0	1	120	0	0	0	0	0	0	41	0	0	1	0	119	0	3	5	0
OTU849	0	0	0	3	0	0	2	0	0	1	2	0	3	2	0	0	0	0	1	0	0	0	0	0	0	0	0	1	0	0	0	0	0	382	0	2	0	0	0	0	0	0	0	0	0	6	0	0	0	1	0	0	0	0	0	7	1	0	0	0	83	0	0	160	0	161	10	2	1	0	0	1	0	1	0	0	0	0	0	0	3	0	1	0	0	72	0	0	0	1	0	0	26	0	0	0	0	117	0	0	2	1
OTU85	0	0	0	2	0	0	18	18	0	0	0	5	20	20	0	0	0	0	1	3	5	21	9	5	4	1	2	9	2	5	0	9	8	61	17	23	1	1	0	0	1	2	0	0	0	10	2	259	1	1	0	23	15	0	32	1	170	36	7	13	9	3	4	7	795	8	2022	83	129	4	0	4	1	50	1	0	0	0	0	0	3	0	6	35	158	0	0	5	2	272	1	1	6	108	84	800	41	20	1941	1863	1229	2031
OTU850	0	0	0	0	0	0	0	0	9	0	0	0	1	2	0	0	3	0	0	0	0	1	0	0	0	0	0	0	0	0	0	0	0	0	0	0	73	53	0	0	0	0	12	0	0	0	0	0	0	0	0	0	1	0	0	1	0	0	1	0	0	0	0	0	0	0	0	0	0	0	45	0	0	5	8	0	0	0	0	0	4	0	0	0	4	1	120	2	0	3	0	0	0	0	1	1	0	0	0	0	0	0
OTU851	0	0	0	0	0	0	1	0	0	0	1	0	0	1	0	0	0	0	0	0	3	2	0	2	0	0	0	0	0	0	0	1	0	191	0	0	0	0	0	0	0	0	0	0	0	8	0	0	0	0	0	0	2	0	0	2	3	0	0	0	6	0	0	84	0	143	5	0	0	0	0	0	0	0	1	0	0	0	0	0	0	0	0	0	0	15	0	0	2	0	0	0	44	0	2	0	0	99	0	1	0	1
OTU852	1	0	0	0	0	0	0	0	0	0	6	3	1	5	0	0	0	0	0	0	0	0	0	0	0	0	0	1	0	1	0	0	0	0	1	0	0	15	0	0	19	0	12	0	0	2	4	0	1	3	0	7	4	4	1	1	63	9	1	0	0	0	0	0	0	0	0	0	0	5	15	13	5	3	0	0	117	2	0	0	1	5	2	7	0	2	0	3	36	1	1	17	1	9	0	3	16	0	0	0	0	0
OTU853	0	2	0	0	0	0	0	0	0	0	0	3	1	3	0	0	0	0	0	0	0	0	0	0	0	0	0	4	0	0	0	4	0	0	0	0	0	0	0	0	0	0	0	194	3	0	0	4	0	1	0	0	0	0	20	31	8	9	28	0	0	0	0	0	0	0	0	1	0	2	0	0	0	1	0	1	0	0	0	1	0	0	1	0	0	0	0	0	0	3	0	0	9	0	0	5	0	0	0	0	0	0
OTU854	0	0	0	0	0	0	9	0	0	0	0	0	0	1	0	0	0	0	0	0	0	0	1	0	0	0	1	0	0	0	0	0	4	1	1	0	3	3	4	0	0	7	1	0	0	1	0	0	0	0	6	0	10	0	1	0	2	1	4	1	1	0	0	1	161	0	118	106	146	0	6	23	0	0	0	17	0	0	0	15	3	0	0	5	0	0	1	0	3	3	0	3	0	0	0	0	0	0	0	0	3	1
OTU855	0	0	0	0	0	0	0	0	0	0	6	0	1	3	0	0	0	0	1	0	1	0	0	0	0	0	0	0	0	0	0	0	0	169	0	2	0	0	0	0	0	1	0	0	0	2	0	0	0	0	0	0	0	0	1	3	0	2	0	0	3	0	0	132	4	78	1	0	0	0	0	0	0	2	0	0	0	0	0	0	0	0	1	0	0	56	0	0	0	2	0	0	21	0	2	0	0	68	1	0	1	0
OTU856	0	0	0	0	0	0	0	0	0	0	0	0	2	0	0	0	0	0	1	0	0	0	0	0	0	0	1	0	0	0	0	0	0	0	4	0	0	1	0	0	0	3	0	0	0	2	0	0	0	0	0	0	6	0	0	0	9	0	1	0	0	0	0	0	0	0	2	0	0	0	0	352	0	3	0	0	0	0	0	0	0	11	0	1	0	2	2	3	18	25	0	0	0	0	0	0	0	0	0	0	0	0
OTU857	0	0	0	0	0	0	6	0	0	0	0	0	0	0	0	0	0	0	0	0	0	0	0	0	0	0	0	0	0	0	0	0	0	8	0	0	0	0	0	0	0	0	0	0	0	0	0	0	0	0	0	0	0	0	0	0	0	0	0	0	0	0	0	0	7	0	5	5	6	0	0	0	0	0	0	0	0	0	0	0	0	0	0	0	0	0	0	0	0	3	0	0	0	0	3	0	2	0	94	151	20	167
OTU858	0	0	0	0	0	0	0	0	0	0	0	0	0	0	0	0	0	0	0	0	0	1	0	0	0	0	0	0	0	0	0	0	3	0	0	1	0	0	0	0	0	0	0	0	0	0	0	0	0	0	0	0	0	0	0	0	0	0	0	0	226	0	0	21	0	5	0	2	0	0	0	0	0	0	0	0	0	0	0	0	0	0	4	0	0	6	0	0	0	0	0	0	3	0	0	0	0	17	1	0	1	0
OTU859	0	0	0	0	0	0	0	4	0	0	1	0	0	0	0	0	0	0	0	0	0	2	0	0	0	0	0	0	0	0	0	0	1	2	0	0	0	0	0	0	0	1	0	0	0	0	0	0	0	0	0	0	1	0	0	0	6	0	0	1	0	1	0	1	0	0	1	0	0	0	0	0	0	1	0	0	0	0	0	0	1	0	0	0	24	22	0	0	0	3	0	0	1	1	6	0	0	0	3	214	6	0
OTU86	0	1	0	2	0	0	46	22	0	0	0	3	0	1	0	0	0	0	9	0	10	19	5	5	8	10	0	0	0	0	0	0	10	24	10	11	0	0	0	0	0	0	0	0	0	2	2	0	1	0	0	2	0	0	58	0	56	308	96	11	17	2	6	4	3430	18	3642	14261	3801	0	0	0	0	1	0	0	0	2	0	0	2	1	0	0	0	0	0	0	0	0	0	0	4	3	0	1	0	31	223	1	183	41
OTU860	0	0	0	0	0	0	0	0	0	0	0	0	0	0	0	0	0	0	0	0	0	0	0	3	0	0	0	0	0	0	0	0	2	0	0	0	0	0	0	0	0	0	0	0	0	0	0	0	0	0	0	0	0	0	0	0	0	0	0	0	275	0	0	1	0	1	0	0	0	0	0	0	0	0	0	0	0	0	0	0	0	0	9	0	0	0	0	0	0	0	0	0	2	0	0	0	0	7	1	1	0	0
OTU861	0	1	0	0	0	0	0	0	0	0	0	0	3	1	0	0	0	0	0	0	0	0	0	0	0	0	0	11	0	9	0	0	0	0	0	0	3	0	0	0	0	1	0	0	3	0	0	0	19	2	1	0	30	1	20	179	16	14	3	1	0	0	0	0	0	0	0	0	0	0	0	1	11	36	1	3	0	2	0	0	8	97	9	4	0	0	0	0	9	5	34	2	11	18	4	5	7	1	0	0	0	0
OTU862	0	0	0	0	0	0	0	1	0	0	0	0	0	0	0	0	0	0	0	1	2	1	0	0	0	0	0	0	0	0	0	0	1	0	0	0	0	0	0	0	0	0	0	0	0	2	0	0	0	0	0	0	0	0	0	0	0	0	3	2	0	0	0	0	11	0	1	0	136	0	0	0	0	0	0	0	0	0	0	0	0	0	0	0	0	0	0	0	0	0	0	0	0	0	0	3	0	2	0	0	150	15
OTU863	0	0	0	0	0	0	0	1	0	0	0	0	2	1	0	0	0	0	0	0	0	0	0	0	0	0	0	8	0	0	0	2	2	0	0	2	1	0	0	0	0	5	0	189	0	5	0	0	0	0	0	0	4	0	0	0	5	5	9	0	0	0	0	0	24	0	32	25	12	1	0	0	0	0	0	118	11	0	0	0	0	0	2	4	0	1	0	0	0	14	0	0	2	7	0	6	0	0	130	44	47	56
OTU864	0	0	0	0	0	0	0	1	0	0	4	0	5	5	0	0	0	0	0	0	0	0	0	0	1	0	0	1	0	0	5	1	0	0	0	0	0	0	0	0	0	1	1	3	0	1	0	0	0	27	0	0	4	2	4	2	9	19	29	0	0	0	0	0	18	0	0	0	5	0	0	2	9	8	0	0	9	5	2	0	3	8	27	3	9	1	0	1	176	122	2	2	3	0	0	2	3	0	0	0	0	0
OTU865	0	0	0	1	0	0	0	0	0	0	6	0	0	0	0	0	0	0	0	0	242	0	0	0	0	0	0	0	0	0	0	0	0	320	0	1	3	0	0	0	0	0	8	0	0	8	0	0	0	0	0	0	1	0	0	5	1	0	0	0	0	0	0	93	0	32	5	3	1	2	0	0	0	3	0	0	0	0	0	0	0	0	0	0	0	52	0	0	0	0	0	0	18	0	0	0	0	65	0	0	3	2
OTU866	0	0	0	0	0	0	1	0	2	0	0	0	1	1	0	0	0	0	0	0	0	13	1	0	0	0	2	0	0	0	0	0	0	0	0	0	136	26	0	0	0	4	3	0	1	3	0	0	1	0	0	0	3	1	0	0	3	0	0	0	0	0	0	0	0	0	0	1	0	0	28	7	6	9	2	0	24	0	0	0	17	0	0	0	0	0	41	0	0	0	0	0	0	0	0	1	0	0	0	0	0	0
OTU867	0	0	0	0	0	0	0	0	0	0	0	0	0	0	0	0	0	0	1	0	270	0	0	0	0	0	0	0	0	0	0	0	0	0	0	0	0	0	0	0	0	0	4	0	0	0	0	0	0	0	0	0	0	0	0	0	0	0	0	0	0	0	0	6	0	6	0	0	0	0	0	0	0	0	0	0	0	0	0	0	0	0	0	0	0	1	0	0	0	0	0	0	1	0	0	0	0	0	0	0	0	0
OTU868	0	0	0	0	0	0	1	0	0	0	0	0	0	0	0	0	0	0	0	0	310	0	0	0	0	0	0	0	0	0	0	0	0	0	0	0	0	0	0	0	0	0	2	0	0	0	0	0	0	0	0	0	0	0	0	0	0	0	0	0	0	0	0	5	0	1	0	0	0	0	0	0	0	0	0	0	0	0	0	0	0	0	0	0	0	0	0	0	0	0	0	0	0	0	0	0	0	0	0	0	0	0
OTU869	0	0	0	0	0	0	0	4	1	0	0	0	0	2	0	0	0	0	0	0	0	0	0	0	0	0	0	6	1	0	0	0	0	0	0	0	0	0	0	0	0	0	0	0	0	0	0	0	0	6	0	0	3	4	0	0	4	2	0	0	0	0	0	0	0	0	0	0	0	0	0	2	293	1	11	0	0	0	1	0	2	0	0	0	0	0	0	0	0	0	19	0	1	0	0	0	0	0	0	0	0	0
OTU87	2	6	0	3	1	1	1	32	5	0	2	4	63	68	2	0	0	0	0	0	1	1	0	0	27	0	118	339	12	309	170	1	2	6	0	4	11	9	7	0	13	9	5	10	117	410	164	202	39	27	7	348	92	34	179	17	317	258	155	0	21	1	1	2	292	3	40	23	83	16	23	34	1335	2895	1	4	18	6	1283	2	93	18	1201	28	149	58	1	7	29	508	9	25	19	245	53	273	33	0	17	5	114	15
OTU870	0	0	0	2	0	0	0	0	3	0	2	1	3	1	0	0	0	0	0	0	0	0	0	0	0	0	2	10	0	0	11	7	0	0	0	0	2	7	0	0	4	0	0	46	7	12	0	0	9	6	2	7	4	4	17	25	9	1	19	0	0	0	0	1	1	5	1	0	5	17	6	26	23	4	0	0	0	18	0	11	2	21	8	0	0	4	27	11	0	0	0	6	3	11	0	26	4	3	0	0	0	0
OTU871	0	8	0	0	0	0	0	0	0	0	0	1	1	3	0	0	0	0	0	0	0	0	0	0	0	0	0	2	0	0	1	0	0	0	0	0	0	0	0	0	1	0	0	0	1	0	0	0	0	0	0	1	0	0	0	0	1	2	0	2	0	0	0	0	0	0	0	0	0	0	0	1	0	2	0	1	0	0	0	0	5	238	0	0	0	0	0	0	0	0	2	0	2	0	0	1	0	0	0	0	0	0
OTU872	0	4	0	0	0	0	0	0	0	3	1	0	2	5	0	0	0	0	0	0	0	0	0	0	0	0	0	1	0	0	0	0	3	0	0	0	0	0	0	0	0	0	0	0	258	1	3	0	0	1	1	0	3	3	0	30	2	1	0	0	0	0	0	0	0	1	0	0	0	0	0	0	0	4	0	0	0	0	0	0	0	0	3	0	0	0	0	0	0	12	0	0	0	0	1	0	0	0	0	0	0	0
OTU873	0	2	0	0	0	0	0	0	1	0	0	0	11	24	0	0	0	0	0	0	0	0	0	0	3	0	0	4	0	1	0	0	0	0	0	0	0	0	0	0	0	0	0	1	2	0	0	0	4	2	0	6	15	424	0	0	33	10	1	0	0	0	0	1	0	0	0	0	0	9	0	3	10	13	3	0	0	0	526	0	5	0	1	1	0	0	0	0	0	22	0	0	0	1	1	14	0	0	0	0	0	0
OTU874	0	0	0	0	0	0	0	0	0	0	0	0	0	0	0	0	0	0	0	0	0	0	0	0	0	0	0	0	0	0	0	0	0	0	0	0	0	0	0	0	0	0	0	0	0	0	0	0	0	0	0	0	0	0	0	2	2	0	0	0	0	0	0	14	0	8	0	1	0	0	0	0	0	0	0	0	0	0	0	0	1	3	0	0	0	11	0	0	0	0	0	0	18	3	0	0	0	12	195	0	83	0
OTU875	0	1	2	1	0	0	23	12	0	0	0	9	7	4	0	2	0	0	4	0	5	9	1	2	6	3	0	6	0	0	0	3	2	10	15	10	1	0	3	0	2	0	0	12	4	0	2	4	2	0	0	0	3	0	24	7	66	58	54	2	12	3	9	8	826	10	1655	740	864	0	0	2	0	3	0	0	0	0	22	0	4	10	40	7	51	5	0	0	0	6	62	0	1	29	31	50	55	17	987	409	717	2564
OTU876	0	0	0	0	0	0	0	0	0	0	0	0	0	2	0	0	0	0	0	0	0	0	0	0	0	0	0	1	0	27	0	0	0	0	0	0	0	0	0	0	0	2	0	0	12	0	0	0	0	0	0	0	228	0	0	0	4	7	5	0	0	0	0	0	0	0	0	0	0	0	0	0	2	17	0	0	0	0	0	0	0	4	0	0	0	0	0	0	0	3	1	0	0	0	0	0	2	0	0	0	0	0
OTU877	0	0	0	1	0	0	0	0	0	0	0	0	2	1	0	0	0	0	0	0	0	0	0	0	0	0	0	10	10	0	18	0	0	0	0	2	0	4	0	0	4	0	3	0	0	210	0	4	0	1	0	6	0	0	0	3	29	0	0	0	0	0	0	0	0	0	0	0	2	0	28	0	0	2	3	0	0	2	0	5	1	5	2	5	1	6	1	0	1	3	0	0	0	0	0	0	1	0	3	0	0	0
OTU878	0	0	0	0	0	0	0	0	0	0	0	0	0	0	0	0	0	0	0	0	3	0	3	3	0	0	0	0	0	0	0	0	1	0	0	1	0	0	0	0	0	0	0	0	0	0	0	0	0	0	0	0	0	0	0	0	2	0	8	0	0	0	0	3	96	2	32	20	141	0	0	0	0	2	0	0	0	0	0	0	0	0	0	0	0	0	0	0	0	0	0	0	0	0	0	0	2	1	94	38	45	66
OTU879	0	1	0	0	0	0	0	0	2	0	4	0	1	0	0	0	0	0	0	0	0	0	0	0	0	0	0	2	1	0	1	0	0	0	0	0	0	2	0	0	0	0	0	0	0	67	0	0	0	0	0	0	0	0	0	0	4	0	0	0	0	0	0	0	0	0	0	1	0	0	0	0	0	5	0	10	69	0	0	0	1	0	0	2	0	0	145	0	1	0	0	0	0	0	1	0	0	0	0	0	0	0
OTU88	2	5	3	6	0	0	27	4	24	1	10	7	46	73	0	0	1	0	1	0	1	0	0	3	102	3	42	116	45	131	69	1	0	0	10	1	8	11	149	0	517	173	130	40	33	72	77	33	38	12	13	133	166	210	34	53	115	68	211	1	6	0	0	3	4	0	6	3	4	108	93	109	73	235	52	11	54	6	6047	75	1328	125	393	25	34	51	9	42	55	439	814	22	54	34	10	119	21	2	24	0	10	17
OTU880	0	0	0	0	0	0	0	2	0	0	0	0	0	0	0	0	0	0	0	0	0	1	0	0	0	0	0	0	0	0	0	0	0	0	0	0	0	0	0	0	0	0	0	0	0	0	0	0	0	0	0	0	0	0	0	0	8	1	6	1	0	0	0	1	129	1	180	103	128	0	0	0	0	0	0	0	0	0	0	0	0	0	0	0	0	0	0	0	0	0	0	0	0	0	0	0	0	0	0	2	5	30
OTU881	0	0	0	0	0	0	0	0	0	0	0	3	1	9	0	0	0	0	0	0	0	0	0	0	0	0	0	7	0	0	0	0	0	0	0	0	1	0	0	0	0	0	0	0	0	0	0	0	0	0	7	0	127	87	0	19	26	4	57	0	0	0	0	0	0	0	0	0	1	1	0	0	0	8	0	0	0	0	0	0	1	0	22	0	0	0	0	1	0	2	0	0	4	2	0	1	13	0	0	0	0	1
OTU882	0	0	0	0	0	0	0	2	0	0	0	0	0	0	0	0	0	0	0	0	0	256	0	0	0	0	0	0	0	0	0	0	0	0	0	0	3	0	0	0	0	0	0	0	0	0	0	0	0	0	0	0	0	0	0	0	0	0	0	0	0	0	0	0	0	0	0	0	0	0	0	0	0	0	0	0	0	0	0	0	0	0	0	0	0	0	0	0	0	0	0	0	0	0	0	0	0	0	0	0	1	0
OTU883	0	0	0	0	0	0	0	0	0	0	0	0	1	0	0	0	0	0	0	0	0	0	0	0	4	0	0	1	0	1	0	0	0	0	0	0	0	1	0	0	0	0	1	0	0	0	0	0	0	0	0	0	0	0	1	0	0	0	0	0	0	0	0	0	0	0	0	0	0	0	0	0	0	1	0	0	0	0	266	0	2	0	0	0	0	0	0	0	0	0	0	0	0	0	0	8	0	0	0	0	0	0
OTU884	0	0	0	0	0	0	0	2	0	0	0	0	0	0	0	0	0	0	0	0	0	0	0	0	0	0	0	0	0	0	0	0	0	0	0	0	0	0	0	0	0	0	0	0	0	1	0	0	0	0	0	0	0	0	0	1	2	0	2	1	0	0	0	0	58	0	27	34	165	0	0	0	0	0	0	0	0	0	0	0	0	0	0	0	0	0	0	0	0	0	0	0	0	7	0	0	0	0	8	0	2	3
OTU885	0	0	0	0	0	0	0	0	3	0	0	0	2	2	0	0	0	0	0	0	0	0	0	0	0	2	0	1	1	2	0	0	0	0	0	0	0	0	0	0	0	0	0	0	3	3	0	3	0	1	0	4	1	0	0	0	4	5	5	0	7	0	0	0	0	0	1	0	0	0	0	2	15	3	5	0	0	0	0	0	4	0	102	0	0	0	0	0	0	12	0	0	63	2	40	3	0	6	0	9	0	10
OTU886	0	0	0	0	0	0	1	0	0	0	0	0	0	0	0	0	0	0	3	0	0	0	0	0	0	1	0	0	0	0	0	0	0	0	0	0	0	0	0	0	0	0	0	0	0	0	0	0	0	0	0	0	0	0	0	0	0	0	0	2	3	0	0	2	1	0	7	1	0	0	0	0	0	0	0	0	0	0	0	0	0	0	0	0	0	0	0	0	0	0	0	0	0	12	0	0	0	0	362	0	0	0
OTU887	0	0	0	0	0	0	1	0	1	0	0	0	0	0	0	0	0	0	1	0	0	0	0	0	0	0	0	25	0	76	4	0	0	0	1	0	0	0	0	0	3	19	0	0	1	24	40	0	0	0	0	0	22	0	4	20	5	3	2	0	0	0	0	0	0	1	0	0	0	0	0	0	0	2	0	0	0	2	0	7	2	7	0	0	0	0	0	0	2	16	4	0	4	1	0	0	1	0	1	0	21	0
OTU888	0	0	0	0	0	0	1	2	6	0	0	0	1	6	0	0	0	0	0	0	0	0	0	0	3	0	0	2	0	3	9	0	0	1	0	0	0	0	0	0	50	2	4	0	1	8	0	15	16	5	11	13	4	10	2	0	6	3	2	0	0	0	0	0	0	0	1	0	0	0	0	0	3	10	1	6	1	0	57	0	13	0	0	0	9	1	0	0	0	46	15	0	3	8	1	0	0	0	0	0	0	0
OTU889	0	1	0	0	0	1	0	1	12	0	5	1	7	10	0	0	0	0	2	0	0	0	0	2	0	0	8	4	14	0	24	0	1	1	0	0	15	3	39	0	148	17	18	0	2	0	0	0	12	23	0	0	4	2	0	0	9	5	5	0	2	0	1	63	1	13	0	1	2	1	0	21	10	3	0	1	81	20	0	0	0	0	3	3	7	30	1	10	10	61	4	0	8	18	7	5	6	19	2	0	3	1
OTU89	2	2	0	4	1	0	300	1	0	0	7	4	26	6	0	0	0	0	0	0	418	0	0	1	0	0	1	17	2	15	0	3	0	71	0	0	8	4	5	0	3	2	26	188	6	139	45	8	6	1	4	13	29	1	17	56	52	146	10	1	265	0	0	77	4	51	6	3	1	7	4	3	7	54	0	5	2	5	3	2	11109	9	66	13	16	72	4	81	14	46	0	3	24	15	19	9	9	42	4	1	3	0
OTU890	0	4	0	0	0	3	0	3	1	0	2	1	3	1	0	0	0	0	1	0	0	0	0	1	0	0	5	17	16	17	7	0	0	0	0	0	2	0	17	0	9	51	44	0	0	0	2	0	6	1	40	6	2	0	12	3	17	1	5	0	0	0	0	0	0	0	0	0	0	42	10	0	22	22	39	0	0	16	0	5	11	1	0	2	0	0	0	3	1	2	6	0	0	2	1	0	0	0	0	0	0	0
OTU891	432	7	6	7	0	1	8	16	32	4	15	21	153	104	2	0	0	2	1	0	13	2	1	0	3	5	95	1206	33	233	61	3	7	28	4	9	20	31	26	0	268	46	235	229	141	538	55	114	521	27	22	70	1950	394	844	613	546	304	186	14	38	1	10	14	58	21	345	161	60	22	90	70	136	331	41	19	43	20	283	193	230	205	80	71	105	34	24	34	42	240	198	3253	518	113	66	95	536	20	10	21	31	21
OTU892	0	0	0	0	0	0	0	0	0	0	0	0	11	7	0	0	0	0	0	0	1	0	0	0	0	0	0	1	1	1	1	0	0	0	2	0	3	0	0	0	0	2	2	0	5	0	15	0	28	0	1	0	14	6	5	117	20	15	30	4	0	0	0	0	1	2	19	0	10	0	0	0	26	31	0	0	2	1	3	0	1	120	4	0	0	0	1	5	24	12	79	1	27	39	0	11	2	1	1	0	0	0
OTU893	0	0	0	0	0	0	0	0	0	0	0	0	5	4	0	0	0	0	0	0	0	1	0	0	0	0	0	0	0	0	0	0	0	0	0	0	4	0	0	0	2	0	0	0	2	0	0	0	0	421	0	2	1	0	0	0	0	3	0	0	0	0	0	0	0	0	0	0	0	0	0	0	0	2	0	0	0	0	0	0	0	0	0	0	0	0	10	0	0	4	0	0	0	2	0	0	0	0	0	0	0	0
OTU894	0	0	0	0	0	0	0	0	0	0	0	0	0	0	0	0	0	0	0	0	0	0	0	0	0	0	0	0	0	0	0	0	0	65	0	0	0	0	0	0	0	0	0	0	0	0	0	0	0	0	0	0	0	0	0	1	0	0	0	0	191	0	0	153	2	49	4	3	4	0	0	0	0	0	0	0	0	0	0	0	0	0	0	0	0	40	0	0	0	0	0	0	12	0	0	0	0	79	0	5	1	0
OTU895	0	0	0	0	0	0	0	0	0	0	0	0	0	0	0	0	0	0	0	0	2	0	0	0	0	0	0	0	0	0	0	0	0	2	0	1	0	0	0	0	0	0	0	0	0	0	0	0	0	0	0	0	0	0	2	0	7	6	4	0	0	0	0	0	17	0	53	154	16	0	0	0	0	0	0	0	0	0	0	0	0	0	0	0	0	0	0	0	0	0	0	0	0	6	0	1	2	2	35	0	43	29
OTU896	0	2	1	1	0	0	0	0	2	0	1	2	7	7	0	0	0	0	0	0	0	0	0	0	0	0	20	178	53	90	45	0	2	1	0	0	4	0	0	0	0	0	1	57	4	16	9	5	0	0	0	13	2	9	15	49	24	4	115	0	0	0	0	0	2	0	0	0	7	38	26	32	1	30	18	0	0	3	0	0	6	0	60	0	8	6	1	0	5	1	11	6	12	6	3	6	11	0	0	0	0	0
OTU897	0	0	0	0	0	0	0	0	0	0	4	0	5	2	0	0	0	0	0	0	0	0	1	0	0	0	0	1	0	0	0	0	0	88	0	0	0	0	0	0	0	0	0	0	0	1	0	0	0	0	0	0	11	0	0	3	3	1	1	0	0	0	0	265	0	76	4	2	1	1	0	0	0	0	0	0	0	0	0	0	0	0	3	0	0	50	0	1	0	5	0	0	23	0	0	0	2	161	0	0	0	2
OTU898	0	0	0	0	0	0	0	0	0	0	3	0	2	1	0	0	0	0	0	0	0	0	0	1	0	0	9	0	4	0	4	0	0	0	0	1	0	0	122	0	0	0	0	4	0	0	9	0	0	0	0	0	5	5	0	1	7	0	0	0	0	0	0	20	0	0	0	0	0	0	26	14	0	4	0	7	0	0	0	0	1	7	1	3	2	3	3	9	0	2	0	0	1	27	0	0	0	9	0	0	0	0
OTU899	0	0	0	0	0	0	3	1	0	0	2	0	0	1	0	0	0	0	0	0	314	0	0	0	0	0	0	0	0	0	0	0	0	296	0	1	0	0	0	0	0	0	1	0	0	2	1	0	0	0	0	0	1	0	0	14	5	0	0	1	108	0	0	263	0	193	7	1	0	0	0	1	0	1	0	0	4	0	0	2	0	0	0	0	0	96	0	0	0	7	0	0	34	0	0	0	4	186	0	0	0	1
OTU9	147	100	4	95	4	6	148	187	310	9	401	175	930	1120	34	1	4	1	47	0	783	162	64	213	97	6	3304	4031	3352	3033	4684	29	82	474	400	127	3277	1425	7691	0	6057	1413	2864	1384	1497	2327	3775	6171	1137	2995	1297	1287	2355	3143	2222	969	5715	2290	3890	100	179	88	70	521	305	387	516	777	1004	3091	2291	6782	5187	12510	944	1197	5221	3589	3443	774	5010	3639	3394	4470	4781	1871	3679	5909	6655	2964	1561	1042	944	4118	1319	3894	1431	289	2902	521	1148	467
OTU90	0	39	2	14	4	0	4	20	27	0	37	20	134	199	1	0	4	0	0	0	0	56	170	7	0	0	44	62	388	10	468	0	1	7	2	0	3419	11183	333	0	18	22	8	0	11	289	9	1	15	25	26	38	134	7	17	4	504	77	28	0	0	0	0	0	1	0	4	6	8	38	256	58	12	301	14	2143	638	3634	20	56	151	8	29	4	2	28	1100	6	40	161	15	9	8	68	11	31	26	0	2	0	1	3
OTU900	0	0	0	0	0	0	0	0	0	0	0	0	0	0	0	0	0	0	1	0	1	0	2	0	0	0	0	0	0	0	0	0	0	0	1	0	0	0	0	0	0	0	0	0	0	0	0	0	0	0	0	0	0	0	0	0	5	13	0	0	0	0	0	0	0	0	30	297	1	0	0	0	0	0	0	0	0	0	0	0	0	0	0	0	0	0	0	0	0	0	0	0	0	0	0	0	0	0	0	35	1	0
OTU901	0	0	0	0	0	0	0	0	0	0	0	0	0	0	0	0	0	0	0	0	0	0	0	243	0	0	0	0	0	0	0	0	0	0	0	0	0	0	3	0	0	0	0	0	0	0	0	0	0	0	0	0	0	0	0	0	0	0	0	0	0	0	0	0	0	0	0	0	0	0	0	0	0	0	0	0	0	0	0	0	0	0	0	0	0	0	0	0	0	0	0	0	0	0	0	0	0	0	0	0	0	1
OTU902	0	0	0	0	0	0	0	0	0	0	7	0	0	1	0	0	0	0	0	0	0	4	0	0	0	0	0	0	0	0	0	1	0	193	0	1	0	0	0	0	2	2	0	0	0	5	0	0	0	0	0	0	0	0	4	10	5	0	0	6	0	0	0	129	0	108	9	0	2	0	0	0	0	1	0	2	0	1	0	0	0	0	0	0	0	44	0	0	0	0	0	0	61	1	0	0	0	116	0	0	6	0
OTU903	0	0	0	0	0	0	0	0	0	0	0	0	0	0	0	0	0	0	0	0	0	0	0	0	0	0	0	0	0	0	0	0	0	92	0	0	0	0	0	0	0	0	0	0	0	6	0	0	0	0	0	0	0	0	0	1	0	0	3	0	81	1	0	45	0	18	0	2	0	0	0	0	0	0	0	0	0	0	0	0	0	0	1	0	0	9	0	0	21	0	0	0	14	0	0	0	0	22	5	0	0	0
OTU904	0	0	0	0	0	0	1	0	0	0	0	0	0	0	0	0	0	0	0	234	0	0	0	0	0	0	0	0	0	0	0	0	0	0	0	0	0	0	0	1	0	0	0	0	0	0	0	0	0	0	0	0	0	0	0	0	0	0	0	0	0	0	0	0	0	0	1	0	0	0	0	0	0	0	0	0	0	0	0	0	0	0	0	0	0	0	0	0	0	0	0	0	0	0	0	0	0	0	2	0	0	0
OTU905	0	0	0	0	0	0	0	0	4	0	0	0	8	2	0	0	0	0	0	0	0	0	0	1	0	0	0	1	0	0	0	0	0	0	5	0	0	0	6	0	11	0	6	0	0	2	0	0	0	0	0	0	2	0	1	4	2	6	0	0	0	0	0	0	0	0	0	0	0	1	0	35	0	1	10	0	0	1	0	83	2	0	3	0	0	0	1	0	62	3	0	0	2	0	0	3	0	0	0	0	0	0
OTU906	0	1	0	3	0	0	0	0	0	0	0	0	8	12	0	0	0	0	0	0	0	0	0	0	2	1	0	6	0	2	1	0	0	0	10	0	0	0	4	0	1	0	0	0	0	6	31	1	3	0	39	1	3	0	9	0	16	4	0	0	0	0	0	14	57	5	24	78	6	2	128	5	9	12	0	0	0	0	26	0	2	0	1	11	0	3	5	0	1	102	0	0	0	32	4	5	4	0	125	5	11	4
OTU907	0	0	0	0	0	0	0	0	3	0	0	0	4	5	0	0	0	0	0	0	0	0	0	0	0	0	0	0	0	0	4	4	0	0	0	0	0	9	0	0	0	11	0	84	0	6	0	0	0	0	0	4	9	2	16	2	19	3	50	0	0	0	0	0	0	0	0	1	0	22	0	0	1	4	58	8	0	0	0	0	2	8	5	0	0	6	10	0	16	10	6	19	9	0	2	5	48	0	0	0	0	0
OTU908	0	0	0	0	0	0	0	0	1	0	0	0	3	1	0	0	0	0	0	0	0	0	0	0	0	0	0	2	1	0	1	0	0	0	0	0	0	1	0	0	0	0	0	0	2	0	1	0	6	3	0	246	11	5	0	3	4	2	6	0	1	0	0	0	0	0	2	0	0	20	15	1	7	6	0	2	1	2	0	0	1	0	32	0	0	0	0	16	0	11	24	0	1	8	3	0	14	0	0	0	0	0
OTU909	0	0	0	0	0	0	0	0	0	0	0	0	0	0	0	0	376	0	0	0	0	0	0	0	0	0	0	0	0	0	0	0	0	0	0	0	0	0	0	0	0	0	0	0	0	0	0	0	0	0	0	0	0	0	0	0	0	0	0	5	0	0	0	0	0	0	0	0	0	0	0	0	0	0	0	0	2	0	0	0	0	1	0	0	0	0	0	0	0	0	0	0	0	0	0	0	0	0	0	0	0	0
OTU91	4	3	0	5	0	0	2	4	8	2	43	7	73	63	2	0	2	0	0	0	68	8	4	53	0	0	2	27	18	10	15	0	0	0	47	0	250	128	1718	0	106	26	3391	8	13	21	12	5	61	166	37	29	82	106	10	7	351	35	48	1	0	0	0	4	0	0	4	0	0	68	16	1417	18	167	8	453	314	1502	40	83	106	30	17	6	28	46	176	233	442	69	299	32	28	56	14	19	24	1	3	0	0	3
OTU910	0	0	0	0	0	0	0	0	0	0	2	0	2	1	0	0	0	0	0	0	0	0	0	0	0	0	0	0	0	0	0	0	0	225	0	0	1	0	0	0	0	0	0	0	0	4	0	0	0	0	0	0	3	0	0	7	1	0	0	0	19	0	0	142	0	98	3	0	2	0	0	0	0	2	0	0	0	0	0	0	0	0	0	0	0	33	0	0	0	1	1	0	35	0	0	0	0	116	0	0	1	0
OTU911	0	0	0	0	0	0	0	0	4	201	0	0	0	2	0	0	0	0	0	0	0	0	0	0	0	0	2	0	0	0	0	0	0	0	0	0	2	0	0	0	0	0	0	0	0	0	0	0	0	0	0	0	1	0	1	0	5	0	0	0	0	0	0	0	0	0	0	0	0	0	0	0	0	1	0	21	0	0	0	1	0	0	0	0	0	0	0	0	0	5	0	0	0	0	0	0	0	0	0	0	0	0
OTU912	0	0	0	0	0	0	0	0	0	0	1	0	1	5	0	0	0	0	0	0	0	0	0	0	0	0	6	28	9	29	5	0	0	0	0	0	0	0	0	0	0	2	0	6	7	9	8	20	0	2	0	6	4	0	7	16	32	5	16	0	0	0	0	0	0	0	6	2	4	2	0	10	5	9	1	0	0	0	1	0	0	22	0	3	0	1	0	0	0	2	0	0	0	25	3	7	23	0	0	0	0	0
OTU913	0	1	0	0	0	0	0	0	0	0	0	0	3	1	0	0	0	0	0	0	0	0	0	0	0	0	1	1	1	0	0	0	0	0	0	3	0	0	0	0	0	0	0	0	0	3	0	3	14	42	0	10	4	0	0	15	4	7	0	0	0	0	0	11	0	8	0	0	0	0	0	0	22	2	0	0	0	0	12	0	1	0	77	0	0	3	0	24	1	7	1	0	6	25	15	0	0	17	2	0	0	0
OTU914	0	0	0	0	0	0	0	0	0	0	0	0	0	0	0	0	0	0	0	0	0	0	0	0	0	0	0	0	0	1	0	0	0	7	0	0	0	0	0	0	0	0	0	0	0	0	0	0	0	0	0	0	0	0	2	0	0	0	0	0	0	0	0	0	0	0	6	0	2	0	0	0	0	0	0	0	0	0	0	0	0	0	0	0	0	0	0	0	0	0	0	0	0	0	1	0	0	0	14	252	6	7
OTU915	0	0	0	0	0	0	0	0	0	0	3	0	0	3	0	0	0	0	0	0	0	0	0	0	0	0	0	0	0	0	0	0	2	199	0	0	0	0	0	0	0	0	0	0	0	3	1	0	0	0	0	0	0	0	0	0	0	0	0	0	1	0	0	27	0	14	4	0	0	1	0	0	0	2	0	0	0	0	0	0	0	0	0	0	0	22	0	0	0	0	0	0	7	0	0	0	0	24	0	0	0	0
OTU916	0	0	0	0	0	0	0	0	0	0	0	0	0	0	0	0	0	0	0	0	240	0	0	0	0	0	0	0	0	0	0	0	0	0	0	0	0	0	0	0	0	0	2	0	0	0	0	0	0	0	0	0	0	0	0	0	0	0	0	0	0	0	0	0	0	1	0	0	0	0	0	0	0	0	0	0	0	0	0	0	0	0	0	0	0	0	0	0	0	0	0	0	1	0	0	0	0	0	0	0	0	0
OTU917	0	3	0	0	0	0	0	0	0	0	0	3	3	0	0	0	0	0	0	0	0	0	0	0	0	0	11	127	0	79	8	0	0	1	0	0	0	0	0	1	0	2	0	15	0	14	11	29	29	11	0	5	61	1	2	14	20	11	4	0	0	0	0	0	0	0	1	0	0	0	40	9	1	17	3	0	0	0	2	0	6	27	13	0	4	12	1	0	1	7	1	7	0	4	4	1	8	0	0	0	0	0
OTU918	0	0	0	0	0	0	0	0	0	0	0	0	0	2	0	0	0	0	0	0	0	0	0	0	0	0	0	0	0	0	0	0	0	105	0	0	0	0	0	0	0	0	0	0	0	4	0	0	2	0	0	0	0	0	0	3	1	0	0	0	147	0	0	46	0	39	0	0	0	0	0	0	0	6	0	0	0	0	0	0	0	0	1	0	0	21	0	0	0	0	0	0	7	0	0	0	0	20	0	0	0	0
OTU919	0	0	0	0	0	0	0	2	0	0	0	0	0	0	0	0	0	0	0	0	0	0	0	0	0	0	0	0	0	0	0	0	0	0	0	0	0	0	0	0	0	0	0	0	0	0	0	0	0	0	0	0	0	0	0	0	0	0	0	0	0	0	1	0	0	0	13	2	3	0	0	0	0	0	0	0	0	0	0	0	0	0	0	0	0	0	0	0	0	0	0	0	0	5	0	3	0	0	84	0	156	30
OTU92	0	0	0	2	0	0	13	3	0	0	0	0	0	0	0	0	4	0	5	0	2	9	7	5	0	0	0	0	0	3	2	3	5	30	9	0	1	0	0	0	1	0	1	0	1	0	2	0	0	0	0	0	1	0	0	0	14	2	1	7	12	1	3	11	32	8	284	23	21	0	0	0	4	8	0	0	0	0	0	0	1	0	6	0	0	0	0	0	5	3	0	0	7	231	23	46	100	22	5555	1158	928	2851
OTU920	0	0	0	0	0	0	0	0	0	0	5	0	0	2	0	0	0	0	1	0	194	3	0	0	0	0	1	2	1	0	0	0	0	69	0	0	0	2	0	0	0	0	5	0	0	4	1	0	2	0	0	0	3	0	1	24	1	4	2	0	98	1	2	237	0	290	9	5	6	0	0	0	0	1	0	0	3	0	0	0	0	0	1	0	0	90	0	0	0	3	0	0	105	2	1	1	0	213	2	1	0	4
OTU921	0	0	0	0	0	0	0	0	0	0	0	0	0	0	0	0	0	0	2	0	0	0	2	0	0	0	0	0	0	0	0	0	0	1	1	0	0	0	0	0	0	0	0	0	0	0	0	0	0	0	0	0	0	0	3	0	1	0	2	0	0	0	0	0	100	0	39	0	102	0	0	0	0	0	0	0	0	0	0	0	0	0	0	0	0	0	0	0	0	0	0	0	0	0	0	0	0	0	0	0	1	0
OTU922	0	0	0	0	0	0	0	0	2	0	0	0	2	2	0	0	0	0	0	0	3	0	0	0	0	0	0	12	0	0	0	0	0	50	2	0	3	4	0	0	1	0	5	0	3	1	0	1	0	14	2	18	9	0	4	12	8	4	3	0	68	0	0	20	0	4	0	3	3	7	23	29	30	24	4	21	5	15	1	1	0	4	6	0	0	7	37	3	0	7	0	1	6	0	0	4	0	3	0	0	0	0
OTU923	0	0	0	0	0	0	0	0	0	0	0	0	0	0	0	0	0	0	0	0	0	0	0	0	0	0	0	0	0	0	0	0	0	62	4	0	0	0	0	0	0	0	0	0	0	3	0	0	0	0	0	0	0	0	0	0	0	0	0	0	208	0	0	7	0	1	0	0	0	11	0	42	0	0	0	0	0	0	0	0	0	0	4	0	0	4	0	0	0	0	0	0	4	0	0	0	0	5	0	0	2	0
OTU924	0	0	0	6	0	0	0	0	0	0	0	3	0	0	0	0	0	0	0	0	0	0	0	0	0	0	0	0	0	0	0	0	0	0	9	0	0	0	0	0	0	6	0	0	0	5	0	0	0	0	17	0	0	0	0	0	3	0	2	0	0	0	0	0	1	0	14	0	0	0	8	249	0	1	0	0	0	0	0	6	0	0	0	0	1	0	0	0	0	1	2	2	0	1	0	0	0	0	0	0	0	0
OTU925	0	0	0	0	0	0	0	0	0	0	0	0	7	4	0	0	0	0	0	0	0	0	0	0	0	0	0	5	0	0	0	0	0	0	0	0	0	1	0	0	0	0	0	0	0	1	0	0	0	0	0	1	2	0	0	0	9	1	7	0	0	0	0	0	0	0	0	0	0	0	0	0	0	10	0	0	0	0	0	2	0	0	1	0	0	0	0	0	5	2	0	0	0	242	0	0	0	0	8	0	0	0
OTU926	0	0	0	0	0	0	0	0	0	0	0	0	1	2	0	0	0	0	0	0	0	1	0	0	0	0	0	2	0	10	4	0	0	0	0	0	0	0	1	0	6	0	0	4	0	6	1	2	10	0	8	3	1	0	16	12	9	10	4	0	0	0	0	0	0	0	0	0	0	13	25	21	22	11	18	0	0	0	18	0	0	9	8	8	2	1	0	0	0	8	3	0	1	4	4	3	1	0	0	0	0	0
OTU927	0	0	0	0	0	0	0	0	0	0	0	0	0	0	0	0	0	0	0	235	0	0	0	0	0	1	0	0	0	0	0	0	0	0	1	0	0	0	0	6	1	0	0	0	0	0	0	0	0	0	0	0	0	0	0	0	0	0	0	0	0	0	0	0	0	0	4	0	0	0	0	0	0	0	0	0	0	0	0	0	0	0	0	0	0	0	0	0	0	0	0	0	0	0	0	0	0	0	0	0	0	0
OTU928	0	0	0	0	0	0	3	0	0	0	0	0	0	0	0	0	0	0	0	0	0	0	0	0	0	0	0	0	0	0	0	0	1	1	0	0	0	0	0	0	0	0	0	0	0	1	0	0	0	0	0	0	0	0	0	0	0	0	0	1	0	0	0	0	0	2	7	1	0	0	0	0	0	0	0	0	0	0	0	0	0	0	0	0	0	0	0	0	0	0	0	0	0	0	5	0	0	0	12	222	0	23
OTU929	0	0	0	1	0	0	10	0	1	0	3	5	6	0	0	0	0	0	2	0	0	0	0	0	0	0	0	1	2	3	0	0	0	0	0	1	0	0	0	0	18	50	0	0	1	1	1	68	0	0	0	0	15	0	2	0	37	4	0	0	0	0	0	0	0	1	0	0	0	20	0	3	13	224	0	2	1	0	0	0	514	0	2	3	0	0	0	2	1	8	0	5	0	1	5	4	3	0	0	0	0	0
OTU93	50	10	3	12	0	2	5	5	92	0	4	0	127	122	7	0	0	0	96	0	56	9	0	1	6	5	166	272	10	267	475	0	4	0	0	12	20	5	16	2	43	4326	2005	5	111	22	6	288	1597	213	25	604	224	38	28	8	311	310	167	0	1	0	13	23	0	7	7	7	9	36	4	31	94	606	2877	10	10	16	128	1	288	11	92	28	1712	38	10	12	101	391	88	374	99	370	74	246	26	9	6	0	9	1
OTU930	0	0	0	0	0	0	1	1	0	0	0	0	0	5	0	0	0	0	0	0	0	0	0	0	0	0	2	1	0	1	0	0	0	0	0	0	0	0	0	0	0	3	0	0	0	0	3	0	0	0	0	38	0	0	0	0	9	0	12	0	0	0	0	0	0	0	0	0	0	0	0	2	50	112	0	0	0	0	0	0	0	0	0	0	0	0	9	0	0	98	72	0	2	2	0	1	0	0	0	0	0	0
OTU931	0	0	0	0	0	0	3	0	1	0	0	0	1	0	0	0	0	0	0	0	0	0	0	0	1	0	0	2	0	21	1	0	0	0	0	0	1	0	0	0	0	6	0	0	0	0	0	0	12	0	0	0	144	1	2	0	7	3	1	0	0	0	0	0	0	0	0	0	1	12	0	0	0	11	8	0	0	3	0	11	0	0	0	0	0	0	0	8	0	2	37	2	1	2	0	0	12	0	0	0	0	0
OTU932	0	0	0	0	0	0	0	3	0	0	2	7	4	1	0	0	0	0	0	0	399	0	3	1	0	0	0	0	0	0	0	0	1	4	0	0	0	0	0	0	0	0	4	0	0	0	0	0	0	0	0	3	1	0	0	3	1	0	0	0	2	1	0	49	0	19	1	2	0	0	0	0	0	0	0	0	0	0	0	0	0	0	2	0	0	16	0	0	0	0	0	0	7	0	0	0	0	31	0	1	2	0
OTU933	0	0	0	0	0	0	0	0	0	0	0	0	0	0	0	0	0	0	0	0	235	0	0	0	0	0	0	0	0	0	0	0	0	1	0	0	0	0	0	0	0	0	6	0	0	0	0	0	0	0	0	0	0	0	0	0	0	0	0	0	0	0	0	0	0	0	1	0	0	0	0	0	0	0	0	0	0	0	0	0	0	0	0	0	0	0	0	0	0	0	0	0	0	0	0	0	0	0	0	0	0	0
OTU934	0	1	0	0	0	0	0	0	0	0	45	0	0	0	0	0	0	0	0	0	3	7	0	0	0	0	0	0	0	0	0	0	0	0	0	0	377	0	0	0	0	1	0	0	0	0	0	0	2	10	0	76	0	0	0	0	1	0	0	0	0	0	0	0	0	0	0	0	0	0	0	6	14	31	0	0	829	3	11	0	1	159	3	0	0	0	0	8	0	1	0	14	3	0	2	6	0	2	0	0	0	0
OTU935	0	0	0	0	0	0	0	0	0	0	0	0	0	0	0	0	15	0	0	0	0	0	0	0	0	0	7	0	0	0	0	1	190	0	0	0	0	0	0	0	0	0	0	0	0	0	0	0	0	0	0	0	0	0	0	0	0	0	0	0	0	0	0	0	0	0	0	0	0	0	0	0	0	1	0	0	0	0	0	0	0	0	0	0	0	0	0	0	0	0	0	0	0	0	0	0	0	0	0	0	0	0
OTU936	0	0	0	0	0	0	1	0	0	0	1	0	0	0	0	0	0	0	0	0	226	0	0	0	0	0	0	0	0	0	0	0	0	153	0	0	0	0	0	0	0	0	2	0	0	5	0	0	0	0	0	0	0	0	0	4	2	0	0	0	0	0	0	75	1	50	5	1	1	0	0	0	0	3	0	0	0	0	0	1	1	0	0	0	0	35	0	0	0	1	0	0	18	0	0	0	0	83	4	3	0	0
OTU937	0	0	0	0	0	0	0	0	0	0	0	0	0	0	0	0	0	0	0	0	0	0	0	0	0	0	0	0	0	0	0	0	0	0	0	0	0	0	0	0	0	0	0	0	0	0	0	0	0	0	0	0	0	0	0	0	0	0	0	0	234	0	0	0	4	0	1	0	0	0	0	0	0	0	0	0	0	0	0	0	0	0	0	0	0	0	0	0	0	0	0	0	0	0	0	0	0	0	0	0	0	0
OTU938	0	0	0	1	0	0	4	0	0	0	2	0	1	0	0	0	0	0	0	0	261	0	0	0	2	0	0	1	0	0	0	0	0	118	0	0	0	0	0	0	0	0	2	1	1	5	0	3	0	0	0	0	2	0	1	0	1	0	0	0	201	0	0	23	0	29	3	3	0	11	0	0	0	0	0	0	0	0	0	0	0	0	2	3	0	2	0	0	0	0	0	0	7	0	0	0	2	20	0	1	0	2
OTU939	0	0	0	0	0	0	0	0	0	0	0	0	0	0	0	0	0	0	0	0	0	0	0	0	680	0	0	0	0	0	0	0	0	1	0	0	0	0	0	0	0	0	0	0	0	0	0	0	0	0	0	0	0	0	0	0	0	0	0	0	0	0	0	0	0	0	1	0	0	0	0	0	0	0	0	0	0	0	14	0	0	0	0	0	0	0	0	0	0	0	0	0	0	0	0	0	0	0	0	0	0	0
OTU94	0	9	0	1	0	0	1	1	0	0	16	4	46	47	0	0	0	0	0	0	0	2	0	0	0	0	5	26	6	13	2	1	7	29	0	115	11	7	1	0	10	12	6	86	188	497	34	7277	5	5	0	6	58	3	71	111	1222	282	204	0	0	0	0	2	0	1	34	6	3	22	2	5	2	179	7	4	581	2	9	6	15	42	19	18	35	2	8	11	11	67	0	0	49	87	119	18	267	0	2	4	2	2
OTU940	5	0	0	0	0	0	1	0	0	0	0	1	3	3	0	0	0	0	0	0	1	0	0	0	0	0	0	1	0	0	0	0	0	0	1	0	4	0	0	0	12	1	16	0	0	0	0	0	17	16	108	15	21	3	4	0	9	0	0	0	0	0	0	0	57	0	0	4	0	1	0	6	7	18	0	1	0	3	73	0	74	0	0	2	0	5	0	0	2	29	1	31	3	0	0	6	2	0	0	0	0	0
OTU941	0	0	0	0	0	0	0	0	0	0	0	0	4	0	0	0	0	0	0	0	0	0	0	0	0	0	0	2	0	1	0	0	0	169	0	0	0	0	0	0	0	0	0	0	0	4	0	0	0	0	0	0	0	0	0	1	1	0	0	0	0	0	0	45	0	47	1	0	0	0	0	0	0	5	0	0	0	0	0	0	1	0	0	0	0	11	0	0	0	0	0	0	19	0	0	0	0	44	1	0	0	0
OTU942	0	0	0	1	0	0	0	0	0	0	4	0	0	1	0	0	0	0	0	0	0	0	0	7	0	0	0	0	0	2	0	0	0	0	0	0	0	0	205	0	0	0	0	1	2	0	0	0	22	0	0	11	3	0	0	0	2	0	0	0	0	0	0	0	0	0	0	0	0	15	0	0	0	0	0	0	0	0	0	4	2	0	3	0	0	3	0	0	0	1	0	0	1	2	0	0	0	0	0	0	0	0
OTU943	0	0	0	0	0	0	0	0	0	0	0	0	0	0	0	0	0	0	0	0	17	0	0	0	0	0	0	0	0	102	0	0	0	0	0	0	0	0	0	0	0	0	85	0	56	0	0	0	0	0	0	0	0	0	0	19	0	0	10	0	0	0	0	0	0	0	0	0	2	0	0	1	0	5	0	0	0	0	0	0	0	0	0	0	0	1	0	0	0	0	2	0	12	5	11	22	11	0	0	0	1	0
OTU944	0	0	0	0	0	0	0	0	0	0	0	0	0	0	0	0	0	0	0	0	0	3	0	0	0	0	0	0	0	0	0	0	0	6	0	0	0	0	0	0	0	0	0	0	0	0	0	0	0	0	0	0	0	1	0	0	0	0	0	0	0	0	0	0	0	0	7	0	0	0	0	0	0	0	0	0	0	0	2	0	0	0	0	0	0	0	0	0	0	0	0	0	0	5	0	4	0	0	83	195	54	10
OTU945	0	0	0	0	0	0	1	0	0	0	6	0	0	2	0	0	0	0	0	0	0	0	0	0	1	0	0	0	0	0	0	0	0	286	0	0	0	0	0	0	0	0	0	0	0	4	0	0	0	0	0	0	11	0	1	8	7	1	0	1	379	0	0	181	0	191	11	1	3	0	0	0	4	0	0	0	0	0	0	0	1	0	3	0	2	117	0	0	0	4	0	0	74	0	0	0	0	134	0	0	3	0
OTU946	0	0	0	0	0	0	0	0	0	0	2	0	1	0	0	0	0	2	0	0	0	2	0	0	0	0	0	0	0	0	0	0	0	0	2	0	9	15	9	0	4	0	12	10	17	0	2	12	0	9	0	0	4	0	4	5	12	2	5	0	0	0	0	0	0	0	0	0	0	0	0	3	2	7	3	10	53	5	0	0	0	0	6	6	3	0	9	0	1	0	37	2	1	1	0	1	0	0	0	0	0	0
OTU947	0	0	0	1	0	0	0	0	0	0	0	0	4	3	0	0	0	0	0	0	0	0	0	0	0	0	1	0	0	3	8	0	3	0	0	0	0	0	0	0	0	9	0	2	18	16	10	6	0	0	0	9	4	3	22	0	25	8	3	0	0	0	0	0	0	0	0	0	0	0	0	0	24	16	0	0	1	0	1	0	0	0	4	1	0	6	19	0	1	5	0	0	2	1	3	1	55	0	18	0	2	5
OTU948	0	0	0	0	0	0	0	1	1	0	0	0	3	3	0	0	0	0	0	0	0	0	0	0	0	0	3	4	0	3	8	1	0	0	0	0	0	0	0	0	35	4	0	6	6	12	7	0	0	9	1	1	3	3	20	4	9	3	25	0	1	0	0	0	0	0	0	1	0	0	0	0	24	5	1	0	0	0	2	0	1	20	18	0	0	0	1	0	0	4	0	0	3	1	9	12	8	0	0	0	0	0
OTU949	0	2	0	0	0	0	0	0	0	0	0	0	1	0	0	0	0	0	0	0	0	0	0	0	0	0	15	53	0	0	0	0	0	0	0	0	0	0	0	0	0	19	0	0	47	3	0	0	0	0	0	0	8	1	0	0	3	2	3	0	0	0	0	0	0	0	0	33	0	0	10	8	3	14	0	0	0	0	2	0	9	0	0	0	3	2	0	0	0	4	66	1	4	0	1	0	0	0	0	0	0	0
OTU95	0	0	0	0	0	0	11	9	0	0	44	2	7	11	0	0	0	1	4	0	2325	11	3	2	0	0	0	14	1	2	0	0	3	2630	8	6	1	4	2	0	0	1	84	1	0	100	0	1	2	0	0	2	11	0	1	66	31	4	6	5	1075	5	1	2766	3	1305	51	17	15	5	0	1	0	32	7	1	1	0	3	3	6	1	33	0	0	992	4	0	6	12	0	1	367	1	5	1	6	1479	11	9	20	5
OTU950	0	0	0	0	0	0	0	0	0	0	0	0	0	0	0	0	0	0	0	0	157	0	0	0	0	0	0	0	0	0	0	0	0	80	0	0	0	0	0	0	0	0	6	0	0	2	0	0	0	0	0	0	0	0	0	0	0	0	0	0	0	0	0	8	0	0	0	0	0	0	0	0	0	0	0	0	0	0	0	0	0	0	0	0	0	2	0	0	0	0	0	0	0	0	0	0	0	1	0	0	0	0
OTU951	0	2	0	0	0	0	0	0	0	0	1	0	0	2	0	0	0	0	0	0	0	0	0	0	0	0	0	1	0	0	0	0	7	0	0	0	1	0	0	0	0	0	0	15	139	0	0	8	16	0	0	0	1	3	0	0	5	0	0	0	0	0	0	0	0	0	6	0	0	0	0	1	0	0	2	1	0	0	8	0	1	0	2	0	0	0	0	0	0	3	0	0	0	0	1	0	0	3	0	0	0	21
OTU952	0	0	0	0	0	0	0	0	0	0	0	0	3	2	0	0	0	0	0	0	0	0	0	0	0	0	1	3	0	0	0	0	0	0	0	0	0	0	0	0	0	0	0	0	0	0	0	2	1	0	0	0	3	0	5	11	6	98	26	0	0	0	0	0	0	0	0	0	0	3	0	0	0	1	0	0	1	0	0	1	1	0	0	0	0	0	0	0	3	7	1	0	0	37	3	21	0	0	1	0	0	0
OTU953	0	0	0	0	0	0	1	0	0	0	0	0	0	2	0	0	0	0	0	0	0	2	1	0	0	0	0	0	0	0	0	0	0	135	0	0	0	0	2	0	0	0	0	0	0	2	0	0	0	0	0	0	0	0	0	2	0	0	0	1	134	0	0	106	0	36	1	0	0	0	0	0	0	0	0	0	0	0	0	0	0	0	1	0	0	23	0	0	0	0	0	0	25	1	0	0	0	65	2	0	0	0
OTU954	7	1	0	0	0	0	0	3	1	0	0	0	8	2	1	0	0	0	0	0	2	0	0	0	0	0	0	2	0	0	0	0	0	0	4	0	0	0	0	0	0	5	1	0	0	3	0	0	17	0	0	0	9	3	0	4	0	0	2	0	0	0	0	0	0	0	0	0	0	18	44	44	13	1	0	0	0	0	0	1	14	0	0	0	0	0	0	0	0	16	18	38	4	1	0	0	0	0	0	0	0	0
OTU955	0	0	0	0	0	0	0	0	0	0	0	2	1	5	0	0	0	0	0	0	0	0	0	0	0	0	0	0	0	0	0	0	0	0	0	0	0	3	0	0	0	1	0	1	0	0	7	5	0	0	0	0	3	0	36	20	6	12	86	1	0	0	0	3	4	1	0	0	0	1	1	1	1	1	0	0	0	0	0	0	5	7	8	0	0	4	0	0	0	26	0	0	4	0	0	3	0	0	0	0	0	0
OTU956	0	0	0	0	0	0	6	0	0	0	0	0	0	0	0	0	0	0	1	0	1	0	0	0	0	0	0	0	0	0	0	0	2	31	0	0	0	0	0	0	0	0	0	0	0	1	0	0	0	0	0	0	0	0	0	0	0	0	0	4	1	0	0	0	2	0	6	1	2	0	0	0	0	0	0	0	0	0	0	0	0	0	0	0	0	0	0	0	0	0	0	0	0	14	14	0	0	0	330	986	37	52
OTU957	0	0	0	0	0	0	0	1	0	0	4	0	3	0	0	0	0	0	1	0	183	0	0	0	1	1	0	0	0	0	0	0	0	175	0	2	0	0	0	0	0	1	2	0	0	7	0	0	1	0	0	0	0	0	0	2	0	0	1	0	82	0	2	93	0	16	0	0	0	0	0	0	0	1	0	0	1	0	0	0	0	0	2	0	0	30	0	0	0	3	0	0	18	0	0	0	0	35	2	0	0	2
OTU958	0	2	0	0	0	0	0	0	6	0	0	0	2	1	1	0	0	0	0	0	0	0	0	0	0	0	0	0	0	10	3	0	2	0	9	0	0	0	3	0	27	141	0	2	9	0	8	0	4	0	0	0	1	8	9	7	8	1	40	0	0	0	0	0	0	0	1	0	0	1	1	161	0	10	0	0	0	0	25	0	0	1	11	0	0	0	0	0	2	9	0	1	2	3	0	0	0	0	0	0	0	0
OTU959	0	0	0	0	0	0	1	0	0	0	0	0	6	6	0	0	0	0	0	0	0	0	0	0	0	0	0	3	0	0	0	0	0	0	0	0	0	0	0	1	0	0	0	0	0	0	0	0	0	3	0	0	4	16	22	2	29	18	13	0	0	0	0	0	0	0	0	0	3	0	0	0	0	22	0	0	0	1	0	0	3	6	0	0	0	0	0	0	0	7	1	0	0	3	1	2	303	0	0	0	0	4
OTU96	0	21	4	9	0	0	0	0	28	0	84	18	58	59	2	0	0	0	4	0	9	11	12	56	3	4	11	150	20	11	33	4	0	0	26	0	315	632	2666	0	545	145	357	70	99	259	110	4	96	126	47	79	116	7	34	149	409	44	33	1	0	0	0	0	0	0	19	2	6	676	317	361	65	142	60	50	338	577	212	184	53	178	34	32	0	60	219	427	910	111	44	56	34	22	15	22	76	5	1	0	8	2
OTU960	57	0	9	35	0	0	2	0	0	0	0	88	26	0	0	0	0	0	0	1	233	0	0	0	0	0	0	0	1	1	0	0	0	0	3	0	1	0	0	0	1	0	12	0	2	0	0	0	1	0	0	0	0	0	1	0	2	2	0	0	0	0	0	0	0	0	0	0	0	11	0	0	0	4	5	0	0	0	0	0	5	0	0	0	0	0	9	0	1	0	3	1	3	3	0	0	0	0	0	0	0	0
OTU961	0	0	0	0	0	0	0	0	0	0	0	4	1	0	0	0	0	0	0	0	0	0	0	0	0	0	0	2	2	0	0	0	0	0	0	0	0	0	0	0	1	1	0	13	0	2	6	21	7	10	0	1	1	6	5	11	14	2	0	3	1	0	0	0	3	0	38	0	18	2	0	0	1	1	0	0	0	0	0	0	0	0	0	0	0	0	0	0	0	0	0	2	0	0	3	5	6	0	2	25	32	9
OTU962	0	0	0	1	0	0	0	3	0	0	0	0	2	3	0	0	0	0	0	0	0	0	0	0	0	0	0	2	0	0	0	0	0	0	0	3	0	0	0	0	0	0	0	0	0	3	0	0	0	0	0	0	2	0	0	0	9	0	0	0	0	0	0	8	0	4	0	0	0	0	0	0	0	3	1	191	0	0	0	0	2	1	3	0	0	1	0	0	0	1	0	0	0	2	2	1	0	5	0	0	1	0
OTU963	0	0	0	0	0	0	0	0	0	0	1	0	0	1	0	0	0	0	0	0	0	0	0	0	0	0	0	0	0	0	0	0	0	0	0	0	0	0	0	0	0	0	0	0	0	0	0	0	0	0	0	0	0	0	0	3	0	0	0	0	159	0	0	18	0	9	1	0	0	0	0	0	0	0	0	0	0	0	0	0	0	0	6	0	0	9	0	0	0	1	0	0	11	0	0	0	0	12	0	0	0	0
OTU964	0	0	0	0	0	0	0	0	0	0	0	0	0	0	0	0	0	0	0	0	329	1	0	0	0	0	0	0	0	0	0	0	0	1	0	0	0	0	0	0	0	0	2	0	0	0	0	0	0	0	0	0	0	0	0	0	0	0	0	0	0	0	0	29	0	11	4	0	0	0	0	0	0	0	0	0	0	0	0	0	0	0	0	0	0	7	0	0	0	0	0	0	0	0	0	0	0	3	0	0	0	0
OTU965	0	0	0	0	0	0	0	1	0	0	0	0	0	5	0	0	0	0	0	0	0	0	0	0	0	0	0	41	0	25	0	1	0	0	0	0	0	0	0	0	0	0	0	15	0	1	1	9	32	24	0	12	3	1	0	28	10	1	13	0	0	0	0	0	0	0	0	0	0	41	29	19	49	26	0	0	16	0	14	0	4	6	3	0	0	0	5	1	20	8	11	5	2	6	8	0	4	0	0	1	0	0
OTU966	0	0	0	0	0	0	0	0	0	0	0	0	0	0	0	0	0	0	0	0	2	0	0	0	0	0	0	0	0	0	0	0	0	1	0	0	0	0	0	0	0	0	0	0	0	0	0	0	0	0	0	0	0	0	0	2	0	1	0	0	0	0	1	8	0	6	0	0	0	0	0	0	0	1	0	0	0	0	0	0	0	0	0	0	0	4	0	0	1	0	0	0	5	3	0	0	0	10	115	95	31	4
OTU967	0	1	0	0	0	0	0	1	0	0	1	0	1	2	0	0	0	0	0	0	0	1	0	0	0	0	0	0	0	0	0	0	0	92	0	0	0	0	0	0	0	0	0	0	0	7	0	0	0	0	0	0	2	0	0	0	0	2	0	0	0	0	0	80	0	39	0	0	0	0	0	0	0	0	0	0	0	0	1	0	0	0	0	0	0	14	0	0	0	3	0	1	16	0	0	0	0	48	0	0	0	0
OTU968	0	0	0	0	0	0	1	0	0	0	0	0	2	0	0	0	0	0	0	0	0	0	0	0	0	0	6	164	5	59	10	0	0	0	0	0	0	0	0	0	0	0	0	14	0	2	2	7	0	0	0	0	5	0	0	3	3	4	9	0	0	0	0	0	0	0	0	0	0	0	0	0	0	3	0	0	0	1	0	0	0	0	1	3	0	0	0	0	0	4	0	0	0	7	2	0	0	0	0	0	0	0
OTU969	0	0	0	0	0	0	0	0	0	0	0	0	2	0	0	0	0	0	0	0	0	1	0	0	0	0	0	0	0	0	0	0	1	0	0	0	0	0	0	0	0	0	0	0	0	0	0	0	0	0	0	0	0	0	0	0	0	0	0	0	1	0	0	0	0	0	0	0	0	0	0	0	0	0	0	0	0	0	0	0	0	0	0	0	0	0	0	0	0	0	0	0	0	0	0	9	0	0	0	0	195	29
OTU97	0	7	1	5	0	0	7	2	3	0	58	258	37	48	1	0	1	0	4	0	3	2	8	38	5	3	81	115	97	126	28	0	10	23	17	1	154	283	1443	0	79	40	119	45	98	583	162	17	5	87	35	60	136	9	396	143	3529	61	105	2	4	0	1	5	47	7	288	182	54	887	531	91	62	176	36	59	921	349	106	118	100	90	13	12	0	41	68	266	191	95	34	9	28	99	18	57	94	1	415	470	799	53
OTU970	0	0	0	0	0	0	0	0	0	0	0	2	2	1	0	0	0	0	0	0	0	0	0	0	0	0	35	324	67	104	75	0	0	0	0	0	0	0	0	0	0	0	0	1	14	0	0	0	0	0	0	0	3	0	2	5	34	5	4	0	0	0	0	0	0	0	1	0	2	1	0	2	0	5	0	0	0	2	0	0	0	2	4	3	0	1	0	0	5	3	0	0	4	7	0	1	0	0	0	0	0	0
OTU971	0	0	0	0	0	0	0	0	0	0	0	0	0	0	0	0	0	0	0	0	0	1	0	0	0	0	0	0	0	0	0	0	0	0	0	1	0	0	0	0	0	0	0	0	0	0	0	0	0	0	0	2	0	0	0	0	0	0	0	0	0	0	0	0	0	0	5	3	0	0	0	0	0	0	0	0	0	0	0	0	0	0	0	0	0	0	0	0	0	0	0	0	0	0	0	0	5	0	8	128	2	90
OTU972	0	0	0	0	0	0	1	3	0	0	0	0	0	0	0	0	0	0	0	0	0	0	0	0	0	0	0	0	0	0	0	0	0	3	0	0	0	0	0	0	0	0	0	0	2	0	0	0	0	0	0	0	0	0	0	0	0	0	0	0	0	0	0	0	0	0	0	0	0	0	0	0	0	0	0	0	0	0	0	0	0	0	0	0	0	0	0	0	0	0	0	0	0	4	1	4	0	1	63	113	71	14
OTU973	0	0	0	0	0	0	1	0	0	0	1	0	2	0	0	0	0	0	0	0	0	0	0	0	1	0	0	0	0	0	0	0	0	120	0	0	0	0	0	0	0	0	0	0	0	5	0	0	0	0	0	0	0	0	0	0	3	2	0	0	61	0	0	95	0	27	4	1	0	0	0	0	0	1	0	0	0	0	0	0	0	0	3	0	0	34	0	0	0	1	0	0	12	0	0	0	0	38	0	2	1	0
OTU974	0	0	0	0	0	0	8	0	0	0	0	0	0	0	0	0	0	0	0	0	0	0	0	0	0	0	0	2	0	0	0	0	0	0	0	0	0	0	0	0	1	0	0	0	1	0	0	0	0	6	0	0	3	0	0	10	0	0	0	0	0	0	0	0	0	0	0	0	0	0	0	0	10	0	0	0	0	0	1	0	182	0	0	0	4	2	0	0	0	0	0	0	0	1	0	0	0	0	0	0	0	0
OTU975	0	0	0	0	0	0	0	7	0	0	0	0	6	2	0	0	0	0	0	0	0	0	0	0	0	0	3	1	0	0	16	0	0	0	0	0	4	0	0	0	0	0	0	0	0	0	0	0	0	43	0	3	3	0	0	29	4	1	8	1	0	0	0	0	0	0	0	24	0	0	0	0	261	9	0	0	4	0	0	0	0	8	0	0	0	0	0	1	4	3	0	0	2	14	0	1	0	0	0	0	0	0
OTU976	1	0	0	0	0	0	0	0	2	0	0	5	2	0	0	0	0	0	1	0	0	0	0	0	0	0	4	12	0	0	1	0	0	0	0	0	6	0	0	0	5	12	0	0	0	1	3	0	19	0	0	6	10	0	4	9	129	0	5	0	0	0	1	0	0	0	3	0	0	4	5	4	15	1	1	0	1	0	0	0	3	3	2	1	2	0	0	0	0	2	1	1	0	0	4	0	2	0	0	0	0	0
OTU977	0	0	0	0	0	0	0	0	0	0	0	1	20	0	0	242	0	0	0	0	0	0	0	0	0	0	0	0	0	0	0	0	0	0	0	0	0	0	0	0	0	0	0	0	0	0	0	0	0	0	0	0	1	0	0	0	0	1	0	0	0	0	0	0	0	0	0	0	0	0	1	0	0	0	0	0	0	0	0	0	1	0	0	0	0	0	5	0	0	0	0	3	0	0	0	0	0	0	0	0	0	0
OTU978	0	0	0	0	0	0	0	0	0	0	0	0	0	0	0	0	0	0	0	0	270	0	0	0	0	0	0	0	0	0	0	0	0	0	0	0	0	0	0	0	0	0	9	0	0	0	0	0	0	0	0	0	0	0	0	0	0	0	0	0	0	0	0	3	0	0	0	1	0	0	0	0	0	1	0	0	0	0	0	0	0	0	0	0	0	0	0	0	4	0	0	0	2	0	0	0	0	3	1	0	0	0
OTU979	0	0	0	0	0	0	2	0	0	0	0	0	0	0	0	0	0	0	0	0	0	0	0	0	1	0	0	0	0	0	0	0	0	0	0	0	0	0	0	0	0	0	0	0	0	0	0	0	0	0	0	0	0	0	0	0	3	0	1	0	0	0	0	2	94	0	105	2	8	0	0	0	0	0	0	0	0	0	0	0	0	0	0	0	0	0	0	0	0	0	0	0	0	0	0	1	0	0	25	0	65	22
OTU98	1	29	3	8	1	1	0	5	49	2	81	2	46	82	0	0	3	0	3	0	0	6	64	17	0	0	10	24	86	18	195	2	0	2	3	0	560	3628	1090	4	31	245	57	0	12	77	31	4	7	14	62	28	62	0	3	4	145	52	10	0	1	0	0	5	0	0	4	5	0	77	751	10	0	130	7	542	1798	495	52	31	73	12	11	1	1	42	2206	67	308	376	15	22	11	63	4	16	4	0	0	0	4	1
OTU980	0	0	0	0	0	0	0	0	1	0	0	0	2	0	0	0	0	0	0	0	0	0	0	0	0	0	0	107	0	11	0	0	1	0	0	1	0	0	1	0	0	0	0	0	0	0	0	4	1	0	0	75	0	0	0	0	9	2	0	0	0	0	0	0	0	0	0	0	0	2	0	6	2	1	14	0	0	0	0	0	0	0	0	1	0	0	0	1	8	3	0	0	0	0	0	1	0	0	0	0	0	0
OTU981	0	0	0	0	0	0	0	0	0	0	0	12	0	0	0	187	0	0	0	0	0	0	0	0	0	0	0	0	1	5	0	0	0	0	0	0	0	0	0	0	0	0	0	1	0	0	1	0	0	0	0	0	0	0	0	0	1	0	0	0	0	0	0	0	0	0	0	0	0	0	0	0	0	4	0	0	0	0	0	0	4	0	0	0	0	0	0	0	0	0	0	0	0	0	0	0	0	0	0	0	0	0
OTU982	0	1	0	0	0	0	0	0	0	0	26	2	0	0	0	0	3	0	0	0	0	0	0	0	0	0	1	0	0	0	0	0	0	0	0	0	126	0	0	0	0	12	0	0	2	0	0	2	2	11	0	34	0	0	1	0	0	0	0	0	0	0	0	0	0	0	0	0	0	2	0	6	7	8	0	0	335	12	2	0	1	57	1	0	0	0	0	3	0	0	0	10	5	0	0	1	1	0	0	0	0	0
OTU983	4	0	0	0	0	0	0	0	0	0	1	0	4	1	0	0	0	0	0	0	0	0	0	0	2	0	0	41	0	10	0	0	0	1	0	0	17	0	56	0	4	0	6	3	0	1	0	2	2	2	37	3	7	9	0	0	8	6	0	0	0	0	0	0	0	0	2	0	0	0	11	3	1	10	0	0	2	29	80	0	21	5	0	0	9	0	0	0	4	16	0	28	3	3	0	2	0	0	0	0	0	0
OTU984	0	0	0	0	0	0	0	0	0	0	0	1	3	7	0	0	0	0	0	0	0	0	0	0	0	0	2	5	23	0	1	0	0	0	0	0	6	4	9	0	0	0	10	2	0	2	6	0	0	0	0	0	4	0	0	0	16	4	0	0	0	0	0	0	0	0	2	0	0	2	6	3	0	0	0	22	0	9	12	1	3	1	0	3	7	0	16	4	4	37	0	0	0	0	0	0	0	0	0	0	0	0
OTU985	0	0	0	0	0	0	0	0	0	0	0	0	0	0	0	0	0	0	2	0	0	0	0	0	0	0	0	0	0	0	0	0	0	205	0	0	0	0	0	0	0	0	0	0	0	4	0	0	0	0	0	0	0	0	0	0	0	0	0	0	0	0	0	1	0	0	4	0	0	0	0	0	0	0	0	0	0	0	0	0	0	0	0	0	0	0	0	0	0	0	0	0	0	0	0	0	0	0	0	0	0	0
OTU986	0	0	0	0	0	0	0	0	0	0	0	0	0	0	0	0	0	0	0	0	193	0	0	0	0	0	0	0	0	0	0	0	0	98	0	0	0	0	0	0	0	0	4	0	0	0	0	0	0	0	0	0	0	0	0	0	0	0	0	0	0	0	0	3	0	0	0	1	1	0	0	0	0	0	0	0	0	0	0	0	0	0	0	0	0	2	0	0	0	0	0	0	0	0	0	0	0	2	0	0	0	0
OTU987	0	0	0	0	0	0	0	0	4	0	0	0	0	0	0	0	0	0	0	0	5	0	0	0	0	0	0	0	0	0	0	0	0	0	2	0	0	0	0	0	103	4	166	0	0	0	0	2	0	0	0	0	2	0	0	0	8	1	0	0	0	0	0	0	0	0	4	0	0	0	0	48	0	31	0	0	0	0	0	0	0	0	1	0	0	0	3	8	5	0	0	0	0	0	0	0	0	0	0	0	0	0
OTU988	0	0	0	0	0	0	0	0	0	0	0	0	1	3	0	0	0	0	0	0	0	0	0	0	0	0	0	0	0	0	0	0	2	0	0	0	0	0	0	0	0	0	0	2	19	0	0	22	0	0	0	0	0	0	0	2	15	0	0	0	0	0	0	13	0	11	1	2	2	0	0	0	0	0	0	0	0	0	0	0	0	0	0	6	0	1	0	0	0	1	0	0	1	8	0	0	0	7	195	0	53	14
OTU989	0	0	0	0	0	0	0	0	0	0	0	0	0	0	0	0	0	0	0	0	292	0	0	0	0	0	0	0	0	0	0	0	0	0	0	0	0	0	0	0	0	0	4	0	0	0	0	0	0	0	0	0	0	0	0	0	0	0	0	0	0	0	0	0	0	0	0	0	0	0	0	0	0	0	0	0	0	0	0	0	0	0	0	0	0	0	0	0	0	0	0	0	0	0	0	0	0	0	0	0	0	0
OTU99	1	11	0	8	0	1	59	31	1	0	187	9	58	41	1	0	5	0	23	4	5096	35	11	13	15	1	4	11	7	9	0	11	32	10281	11	58	1	1	3	0	3	0	176	1	8	236	2	7	1	6	7	8	35	0	7	651	163	27	13	21	5786	2	5	6885	15	16942	412	77	55	10	0	9	0	137	0	10	7	2	1	1	15	0	93	2	4	3215	4	1	5	59	1	0	4555	1	7	14	1	12989	28	36	9	27
OTU990	0	0	0	0	0	0	0	0	0	0	0	0	0	0	0	0	0	0	0	0	205	0	0	0	0	0	0	0	0	0	0	0	0	0	0	0	0	0	0	0	0	0	5	0	0	0	0	0	0	0	0	0	0	0	0	0	0	0	0	0	0	0	0	0	0	0	0	0	0	0	0	0	0	0	0	0	0	0	0	0	0	0	0	0	0	0	0	0	0	0	0	0	0	0	0	0	0	0	0	0	0	0
OTU991	0	0	2	0	0	0	0	0	1	0	72	8	0	8	0	0	10	0	0	0	1	13	0	0	0	0	2	0	0	1	0	0	1	0	0	0	359	0	2	0	0	4	0	0	0	1	0	0	0	21	0	95	2	2	0	1	0	0	2	37	2	0	0	1	2	0	0	2	0	5	0	0	14	24	0	0	605	8	9	4	0	363	1	0	0	1	0	20	0	0	0	2	0	1	0	12	0	0	1	0	0	0
OTU992	0	0	0	0	0	0	0	2	0	0	0	0	0	0	0	0	0	0	0	0	0	0	0	0	0	0	0	0	0	0	0	0	0	0	0	0	0	0	0	0	0	0	0	0	0	0	0	0	0	0	0	0	0	0	0	0	2	0	5	0	3	0	0	0	0	0	78	0	31	0	0	0	0	0	0	0	0	0	0	0	0	0	0	0	0	0	0	0	0	0	0	0	0	4	0	0	0	0	98	0	0	13
OTU993	0	0	0	0	0	0	0	0	3	0	0	0	0	0	0	0	292	0	0	0	0	0	0	0	0	0	0	3	0	0	0	0	0	0	0	0	0	0	0	0	0	0	0	0	0	0	0	0	0	0	0	0	1	0	0	0	0	0	0	0	0	0	0	2	0	0	0	0	0	0	0	0	0	5	0	0	0	0	0	0	0	0	1	0	0	3	0	0	0	2	0	0	1	0	0	0	0	0	0	0	0	0
OTU994	0	0	0	0	0	0	2	0	3	0	0	0	3	0	0	0	0	0	0	0	0	0	0	0	1	1	2	104	26	112	0	0	0	1	0	0	0	0	0	0	1	0	0	0	0	0	1	0	0	0	0	4	88	0	5	0	13	8	18	0	0	0	0	0	0	0	0	0	0	24	24	0	25	8	0	2	0	0	0	0	16	5	0	0	0	1	0	0	2	13	11	7	6	3	13	0	0	0	0	0	0	0
OTU995	0	0	0	0	0	0	1	0	0	0	0	0	0	0	0	0	0	0	2	0	0	2	0	0	0	0	0	0	0	0	0	0	0	0	0	0	0	0	0	0	0	0	0	0	0	0	0	3	0	0	0	0	0	0	0	0	0	0	2	4	0	0	0	0	15	0	43	2	130	0	0	0	0	0	0	0	0	0	0	0	0	0	0	0	0	0	0	0	0	0	0	0	0	3	0	0	0	0	152	0	2	0
OTU996	0	0	0	0	0	0	0	0	0	0	0	0	0	0	0	0	0	0	0	0	0	0	0	0	0	0	0	0	0	0	0	0	0	0	0	0	0	0	0	0	0	0	0	0	0	0	0	0	0	0	0	0	0	0	0	0	1	0	0	0	215	0	0	1	0	0	1	0	0	0	0	0	0	0	0	0	0	0	0	0	0	0	2	0	0	2	0	0	0	0	0	0	0	0	0	0	0	4	0	0	0	0
OTU997	0	0	0	0	0	0	2	0	0	0	0	0	0	0	0	0	0	0	0	0	0	0	0	0	0	0	0	0	0	0	0	0	0	0	0	2	0	0	0	0	0	0	0	0	0	0	0	0	0	0	0	0	0	0	0	1	0	0	0	0	162	0	0	34	0	13	0	1	0	0	0	0	0	0	0	0	0	0	0	0	0	0	3	0	0	2	0	0	0	0	0	0	0	0	0	0	0	22	0	0	0	0
OTU998	0	0	0	0	0	0	0	0	4	0	0	0	3	0	0	0	0	0	1	0	0	0	0	0	0	0	6	15	0	29	0	0	0	0	1	0	13	37	0	0	0	29	4	0	1	2	0	0	1	3	13	4	8	0	0	3	4	2	7	0	0	0	0	0	20	0	25	8	18	0	10	76	6	9	67	0	0	5	0	2	0	4	1	0	0	2	58	3	2	3	0	0	0	1	0	0	1	0	1	0	0	0
OTU999	0	0	0	0	0	0	0	0	0	0	0	0	0	0	0	0	0	0	0	0	0	0	0	0	1	0	0	0	0	0	0	0	0	167	0	0	0	0	0	0	0	0	0	0	0	12	0	0	0	0	0	0	0	0	0	0	0	0	0	0	0	0	0	0	0	0	1	0	0	0	0	0	0	0	0	0	0	0	0	0	0	0	0	0	0	0	0	0	0	0	0	0	0	0	0	0	0	0	0	0	0	1
