,V1,V2,V3,V4,V6,V7,V8,V9,V10,V11,V12,V5_2,V5_3,V5_4,V5_5,V5_6,V5_7,V5_8,V5_1_1,V5_1_2,OTU.ID
1,OTU3,398,1,398,1802,552,949,100,730,0,99.749,d:Amoebozoa,p:Evosea-Evosea_X,c:Variosea,o:Variosea_X,f:Filamoebidae,g:Filamoeba,s:Filamoeba_sp,AB425944.1.1802_U;tax,k:Eukaryota,OTU3.p:Evosea-Evosea_X.g:Filamoeba
2,OTU5,396,1,396,1182,463,858,100,721,0,99.495,d:Archaeplastida,p:Chlorophyta-Chlorophyta_X,c:Chlorophyceae,o:Chlamydomonadales,f:Chlamydomonadales_X,g:Chlorosarcinopsis,s:Chlorosarcinopsis_sp,MG825902.1.1182_U;tax,k:Eukaryota,OTU5.p:Chlorophyta-Chlorophyta_X.g:Chlorosarcinopsis
3,OTU9,397,1,397,1698,526,922,100,723,0,99.496,d:Archaeplastida,p:Chlorophyta-Chlorophyta_X,c:Chlorophyceae,o:Chlamydomonadales,f:Chlamydomonadales_X,g:Protosiphon,s:Protosiphon_sp,MH651228.1.1698_U;tax,k:Eukaryota,OTU9.p:Chlorophyta-Chlorophyta_X.g:Protosiphon
4,OTU10,398,1,398,1683,536,933,100,725,0,99.497,d:Archaeplastida,p:Chlorophyta-Chlorophyta_X,c:Chlorophyceae,o:Chlamydomonadales,f:Chlamydomonadales_X,g:Chlamydomonadales_XX,s:Chlamydomonadales_XX_sp,AB721037.1.1683_U;tax,k:Eukaryota,OTU10.p:Chlorophyta-Chlorophyta_X.g:Chlamydomonadales_XX
5,OTU14,397,1,397,1621,566,962,100,723,0,99.496,d:Archaeplastida,p:Chlorophyta-Chlorophyta_X,c:Ulvophyceae,o:Ulotrichales,f:Ulotrichales_X,g:Protoderma,s:Protoderma_sarcinoidea,GQ121000.1.1621_U;tax,k:Eukaryota,OTU14.p:Chlorophyta-Chlorophyta_X.g:Protoderma
6,OTU15,396,1,396,1790,581,976,100,693,0,98.232,d:Archaeplastida,p:Chlorophyta-Chlorophyta_X,c:Chlorophyceae,o:Chlamydomonadales,f:Chlamydomonadales_X,g:Wislouchiella,s:Wislouchiella_planctonica,AF252547.1.1790_U;tax,k:Eukaryota,OTU15.p:Chlorophyta-Chlorophyta_X.g:Wislouchiella
7,OTU20,394,1,394,1039,5,398,100,723,0,99.746,d:TSAR,p:Alveolata-Ciliophora,c:Spirotrichea,o:Hypotrichia,f:Oxytrichidae,g:Oxytrichidae_X,s:Oxytrichidae_X_sp,FN867179.1.1039_U;tax,k:Eukaryota,OTU20.p:Alveolata-Ciliophora.g:Oxytrichidae_X
8,OTU21,396,1,396,2805,953,1348,100,726,0,99.747,d:Archaeplastida,p:Chlorophyta-Chlorophyta_X,c:Chlorophyceae,o:Sphaeropleales,f:Sphaeropleales_X,g:Coelastrella,s:Coelastrella_striolata,MZ736635.1.2805_U;tax,k:Eukaryota,OTU21.p:Chlorophyta-Chlorophyta_X.g:Coelastrella
9,OTU24,396,1,396,1776,580,975,100,704,0,98.737,d:Archaeplastida,p:Chlorophyta-Chlorophyta_X,c:Chlorophyceae,o:Chlamydomonadales,f:Chlamydomonadales_X,g:Chlamydomonadales_XX,s:Chlamydomonadales_XX_sp,EF023257.1.1776_U;tax,k:Eukaryota,OTU24.p:Chlorophyta-Chlorophyta_X.g:Chlamydomonadales_XX
10,OTU25,413,1,413,1927,636,1052,100,307,2.87e-82,80.378,d:Amoebozoa,p:Tubulinea-Tubulinea_X,c:Elardia,o:Euamoebida,f:LOS7N/I-lineage,g:Ptolemeba,s:Ptolemeba_bulliensis,KJ542108.1.1927_U;tax,k:Eukaryota,OTU25.p:Tubulinea-Tubulinea_X.g:Ptolemeba
11,OTU26,390,1,390,1762,572,961,100,660,0,97.179,d:TSAR,p:Alveolata-Apicomplexa,c:Gregarinomorphea,o:Neogregarinorida,f:Actinocephalidae,g:Monocystis,s:Monocystis_sp,EF024130.1.1762_U;tax,k:Eukaryota,OTU26.p:Alveolata-Apicomplexa.g:Monocystis
12,OTU27,407,1,407,1877,592,1000,100,383,4.56e-105,83.816,d:Amoebozoa,p:Evosea-Evosea_X,c:Variosea,o:Variosea_X,f:Variosea_XX,g:Variosea_XXX,s:Variosea_XXX_sp,EF024417.1.1877_U;tax,k:Eukaryota,OTU27.p:Evosea-Evosea_X.g:Variosea_XXX
13,OTU28,407,1,407,1738,559,965,100,747,0,99.754,d:TSAR,p:Stramenopiles-Gyrista,c:Xanthophyceae,o:Xanthophyceae_X,f:Xanthophyceae_XX,g:Heterococcus,s:Heterococcus_pleurococcoides,AJ579335.1.1738_U;tax,k:Eukaryota,OTU28.p:Stramenopiles-Gyrista.g:Heterococcus
14,OTU29,403,276,403,1941,934,1061,32,154,3.85e-36,88.281,d:Amoebozoa,p:Discosea-Discosea_X,c:Flabellinia,o:Dactylopodida,f:Vexilliferidae,g:Vexillifera,s:Vexillifera_sp,JQ271774.1.1941_U;tax,k:Eukaryota,OTU29.p:Discosea-Discosea_X.g:Vexillifera
15,OTU30,401,1,401,1665,475,875,100,730,0,99.501,d:TSAR,p:Stramenopiles-Gyrista,c:Chrysophyceae,o:Ochromonadales,f:Ochromonadaceae,g:Spumella,s:Spumella_sp,AB749122.1.1665_U;tax,k:Eukaryota,OTU30.p:Stramenopiles-Gyrista.g:Spumella
16,OTU31,407,1,407,1817,560,966,100,459,7.37e-128,87.042,d:Amoebozoa,p:Evosea-Evosea_X,c:Variosea,o:Fractovitellida,f:Acramoebidae,g:Acramoebidae_X,s:Acramoebidae_X_sp,AB695507.1.1817_U;tax,k:Eukaryota,OTU31.p:Evosea-Evosea_X.g:Acramoebidae_X
17,OTU33,414,1,414,1455,553,958,100,315,1.72e-84,80.952,d:Amoebozoa,p:Evosea-Evosea_X,c:Variosea,o:Flamellidae,f:Flamella-lineage,g:Flamella,s:Flamella_pleistocenica,KP219431.1.1455_U;tax,k:Eukaryota,OTU33.p:Evosea-Evosea_X.g:Flamella
18,OTU34,409,1,409,1455,553,958,100,303,3.67e-81,80.668,d:Amoebozoa,p:Evosea-Evosea_X,c:Variosea,o:Flamellidae,f:Flamella-lineage,g:Flamella,s:Flamella_pleistocenica,KP219431.1.1455_U;tax,k:Eukaryota,OTU34.p:Evosea-Evosea_X.g:Flamella
19,OTU35,397,1,397,1802,552,949,100,335,1.26e-90,82.09,d:Amoebozoa,p:Evosea-Evosea_X,c:Variosea,o:Variosea_X,f:Filamoebidae,g:Filamoeba,s:Filamoeba_sp,AB425944.1.1802_U;tax,k:Eukaryota,OTU35.p:Evosea-Evosea_X.g:Filamoeba
20,OTU36,401,1,401,715,176,576,100,730,0,99.501,d:TSAR,p:Stramenopiles-Bigyra,c:Sagenista,o:Labyrinthulomycetes,f:Labyrinthulaceae,g:Aplanochytrium,s:Aplanochytrium_sp,FJ389869.1.715_U;tax,k:Eukaryota,OTU36.p:Stramenopiles-Bigyra.g:Aplanochytrium
21,OTU40,401,1,401,1831,558,957,100,684,0,97.506,d:Amoebozoa,p:Evosea-Evosea_X,c:Variosea,o:Variosea_X,f:AND16-lineage,g:AND16-lineage_X,s:AND16-lineage_X_sp,AY965863.1.1831_U;tax,k:Eukaryota,OTU40.p:Evosea-Evosea_X.g:AND16-lineage_X
22,OTU41,406,1,406,1883,578,989,100,457,2.64e-127,86.925,d:Amoebozoa,p:Evosea-Evosea_X,c:Variosea,o:Fractovitellida,f:Schizoplasmodiidae,g:Ceratiomyxella,s:Ceratiomyxella_tahitiensis,FJ544419.1.1883_U;tax,k:Eukaryota,OTU41.p:Evosea-Evosea_X.g:Ceratiomyxella
23,OTU43,395,1,395,1289,133,528,100,702,0,98.737,d:Archaeplastida,p:Chlorophyta-Chlorophyta_X,c:Chlorophyceae,o:Chlamydomonadales,f:Chlamydomonadales_X,g:Hemiflagellochloris,s:Hemiflagellochloris_kazakhstanica,KF652114.1.1289_U;tax,k:Eukaryota,OTU43.p:Chlorophyta-Chlorophyta_X.g:Hemiflagellochloris
24,OTU46,386,1,386,1055,523,908,100,708,0,99.741,d:TSAR,p:Stramenopiles-Bigyra,c:Sagenista,o:Labyrinthulomycetes,f:Labyrinthulaceae,g:Labyrinthula,s:Labyrinthula_terrestris,CL603046.1.1056_U;tax,k:Eukaryota,OTU46.p:Stramenopiles-Bigyra.g:Labyrinthula
25,OTU47,409,171,409,1687,691,925,58,117,5.14e-25,75.833,d:Archaeplastida,p:Chlorophyta-Chlorophyta_X,c:Chlorophyceae,o:Chlamydomonadales,f:Chlamydomonadales_X,g:Colemanosphaera,s:Colemanosphaera_charkowiensis,MW678799.1.1687_U;tax,k:Eukaryota,OTU47.p:Chlorophyta-Chlorophyta_X.g:Colemanosphaera
26,OTU49,410,1,410,1883,578,989,100,311,2.2e-83,80.806,d:Amoebozoa,p:Evosea-Evosea_X,c:Variosea,o:Fractovitellida,f:Schizoplasmodiidae,g:Ceratiomyxella,s:Ceratiomyxella_tahitiensis,FJ544419.1.1883_U;tax,k:Eukaryota,OTU49.p:Evosea-Evosea_X.g:Ceratiomyxella
27,OTU50,398,1,398,1802,552,949,100,664,0,96.734,d:Amoebozoa,p:Evosea-Evosea_X,c:Variosea,o:Variosea_X,f:Filamoebidae,g:Filamoeba,s:Filamoeba_sp,AB425944.1.1802_U;tax,k:Eukaryota,OTU50.p:Evosea-Evosea_X.g:Filamoeba
28,OTU51,408,1,408,1822,592,1000,100,713,0,98.049,d:TSAR,p:Rhizaria-Cercozoa,c:Filosa-Sarcomonadea,o:Glissomonadida,f:Sandonidae,g:Neoheteromita,s:Neoheteromita_globosa,U42447.1.1822_U;tax,k:Eukaryota,OTU51.p:Rhizaria-Cercozoa.g:Neoheteromita
29,OTU53,442,1,442,1038,478,916,100,774,0,98.416,d:Amoebozoa,p:Evosea-Evosea_X,c:Variosea,o:Variosea_X,f:Variosea_XX,g:Variosea_XXX,s:Variosea_XXX_sp,JN825689.1.1038_U;tax,k:Eukaryota,OTU53.p:Evosea-Evosea_X.g:Variosea_XXX
30,OTU54,402,1,402,1519,436,839,100,484,1.2e-135,88.366,d:Amoebozoa,p:Tubulinea-Tubulinea_X,c:Elardia,o:Euamoebida,f:Nolandellidae,g:Nolandellidae_X,s:Nolandellidae_X_sp,AY821961.1.1519_U;tax,k:Eukaryota,OTU54.p:Tubulinea-Tubulinea_X.g:Nolandellidae_X
31,OTU58,405,1,405,1796,581,985,100,743,0,99.753,d:TSAR,p:Stramenopiles-Gyrista,c:Eustigmatophyceae,o:Eustigmatophyceae_X,f:Eustigmatophyceae_XX,g:Vischeria,s:Vischeria_stellata,KY271666.1.1796_U;tax,k:Eukaryota,OTU58.p:Stramenopiles-Gyrista.g:Vischeria
32,OTU59,402,1,402,1880,583,984,100,737,0,99.751,d:TSAR,p:Stramenopiles-Bigyra,c:Sagenista,o:Labyrinthulomycetes,f:Labyrinthulaceae,g:Labyrinthulaceae_ANT10_3,s:Labyrinthulaceae_ANT10_3_sp,AY916582.1.1880_U;tax,k:Eukaryota,OTU59.p:Stramenopiles-Bigyra.g:Labyrinthulaceae_ANT10_3
33,OTU60,396,1,396,1718,541,936,100,660,0,96.734,d:Archaeplastida,p:Chlorophyta-Chlorophyta_X,c:Chlorophyceae,o:Chlamydomonadales,f:Chlamydomonadales_X,g:Chlamydomonas,s:Chlamydomonas_applanata,MG696556.1.1718_U;tax,k:Eukaryota,OTU60.p:Chlorophyta-Chlorophyta_X.g:Chlamydomonas
34,OTU62,415,1,415,1877,592,1000,100,335,1.32e-90,81.667,d:Amoebozoa,p:Evosea-Evosea_X,c:Variosea,o:Variosea_X,f:Variosea_XX,g:Variosea_XXX,s:Variosea_XXX_sp,EF024417.1.1877_U;tax,k:Eukaryota,OTU62.p:Evosea-Evosea_X.g:Variosea_XXX
35,OTU65,398,1,398,1802,552,949,100,353,3.49e-96,82.878,d:Amoebozoa,p:Evosea-Evosea_X,c:Variosea,o:Variosea_X,f:Filamoebidae,g:Filamoeba,s:Filamoeba_sp,AB425944.1.1802_U;tax,k:Eukaryota,OTU65.p:Evosea-Evosea_X.g:Filamoeba
36,OTU66,397,1,397,1683,519,915,100,723,0,99.496,d:Archaeplastida,p:Chlorophyta-Chlorophyta_X,c:Chlorophyceae,o:Chlamydomonadales,f:Chlamydomonadales_X,g:Chlorosarcinopsis,s:Chlorosarcinopsis_sp,MH619544.1.1683_U;tax,k:Eukaryota,OTU66.p:Chlorophyta-Chlorophyta_X.g:Chlorosarcinopsis
37,OTU67,408,1,408,1832,561,968,100,743,0,99.51,d:Amoebozoa,p:Evosea-Evosea_X,c:Variosea,o:Flamellidae,f:Flamella-lineage,g:Flamella,s:Flamella_arnhemensis,LC371660.1.1832_U;tax,k:Eukaryota,OTU67.p:Evosea-Evosea_X.g:Flamella
38,OTU68,417,1,417,1883,578,989,100,244,2.31e-63,77.986,d:Amoebozoa,p:Evosea-Evosea_X,c:Variosea,o:Fractovitellida,f:Schizoplasmodiidae,g:Ceratiomyxella,s:Ceratiomyxella_tahitiensis,FJ544419.1.1883_U;tax,k:Eukaryota,OTU68.p:Evosea-Evosea_X.g:Ceratiomyxella
39,OTU69,408,1,408,1858,578,985,100,743,0,99.51,d:Amoebozoa,p:Evosea-Evosea_X,c:Variosea,o:Flamellidae,f:Flamella-lineage,g:Flamella,s:Flamella_aegyptia,EU186021.1.1858_U;tax,k:Eukaryota,OTU69.p:Evosea-Evosea_X.g:Flamella
40,OTU72,391,1,391,1873,642,1032,100,717,0,99.744,d:Amoebozoa,p:Tubulinea-Tubulinea_X,c:Elardia,o:Leptomyxida,f:Flabellulidae,g:Paraflabellula,s:Paraflabellula_hoguae,AF293899.1.1873_U;tax,k:Eukaryota,OTU72.p:Tubulinea-Tubulinea_X.g:Paraflabellula
41,OTU73,395,1,395,1762,565,959,100,708,0,98.987,d:TSAR,p:Stramenopiles-Gyrista,c:Bacillariophyceae,o:Naviculales,f:Naviculales_X,g:Mayamaea,s:Mayamaea_pseudoterrestris,LC648451.1.1762_U;tax,k:Eukaryota,OTU73.p:Stramenopiles-Gyrista.g:Mayamaea
42,OTU74,401,1,401,1024,569,965,100,516,4.24e-145,90.074,d:Amoebozoa,p:Evosea-Evosea_X,c:Variosea,o:Variosea_X,f:AND16-lineage,g:AND16-lineage_X,s:AND16-lineage_X_sp,EU798715.1.1024_U;tax,k:Eukaryota,OTU74.p:Evosea-Evosea_X.g:AND16-lineage_X
43,OTU75,398,1,398,1773,566,963,100,725,0,99.497,d:Archaeplastida,p:Chlorophyta-Chlorophyta_X,c:Chlorophyceae,o:Chlamydomonadales,f:Chlamydomonadales_X,g:Borodinellopsis,s:Borodinellopsis_texensis,KM020129.1.1773_U;tax,k:Eukaryota,OTU75.p:Chlorophyta-Chlorophyta_X.g:Borodinellopsis
44,OTU77,423,1,423,1891,575,1017,100,407,2.82e-112,84.152,d:Amoebozoa,p:Evosea-Evosea_X,c:Variosea,o:Variosea_X,f:Mb5C-lineage,g:Mb5C-lineage_X,s:Mb5C-lineage_X_sp,AB425950.1.1891_U;tax,k:Eukaryota,OTU77.p:Evosea-Evosea_X.g:Mb5C-lineage_X
45,OTU78,398,1,398,1752,563,960,100,730,0,99.749,d:Archaeplastida,p:Chlorophyta-Chlorophyta_X,c:Trebouxiophyceae,o:Chlorellales,f:Chlorellales_X,g:Nannochloris,s:Nannochloris_sp,MT968407.1.1752_U;tax,k:Eukaryota,OTU78.p:Chlorophyta-Chlorophyta_X.g:Nannochloris
46,OTU79,410,1,410,1883,578,989,100,300,4.76e-80,80.562,d:Amoebozoa,p:Evosea-Evosea_X,c:Variosea,o:Fractovitellida,f:Schizoplasmodiidae,g:Ceratiomyxella,s:Ceratiomyxella_tahitiensis,FJ544419.1.1883_U;tax,k:Eukaryota,OTU79.p:Evosea-Evosea_X.g:Ceratiomyxella
47,OTU81,397,1,397,1756,557,958,100,477,1.98e-133,88.424,d:Archaeplastida,p:Rhodelphidia-Rhodelphidia_X,c:Rhodelphea,o:Rhodelphida,f:Rhodelphidae,g:Rhodelphis,s:Rhodelphis_marinus,MK966712.1.1756_U;tax,k:Eukaryota,OTU81.p:Rhodelphidia-Rhodelphidia_X.g:Rhodelphis
48,OTU84,402,1,402,735,173,574,100,632,4.05e-180,95.025,d:TSAR,p:Stramenopiles-Bigyra,c:Sagenista,o:Labyrinthulomycetes,f:Labyrinthulaceae,g:Labyrinthulaceae_X,s:Labyrinthulaceae_X_sp,FJ389881.1.735_U;tax,k:Eukaryota,OTU84.p:Stramenopiles-Bigyra.g:Labyrinthulaceae_X
49,OTU86,412,1,412,1705,544,955,100,756,0,99.757,d:TSAR,p:Stramenopiles-Gyrista,c:Peronosporomycetes,o:Peronosporomycetes_X,f:Peronosporales,g:Phytophthora,s:Phytophthora_humicola,JN635108.1.1705_U;tax,k:Eukaryota,OTU86.p:Stramenopiles-Gyrista.g:Phytophthora
50,OTU87,408,164,408,1934,810,1058,72,268,1.34e-70,86.667,d:Amoebozoa,p:Evosea-Evosea_X,c:Variosea,o:Flamellidae,f:ATCC50593-lineage,g:ATCC50593-lineage_X,s:ATCC50593-lineage_X_sp,EU273440.1.1934_U;tax,k:Eukaryota,OTU87.p:Evosea-Evosea_X.g:ATCC50593-lineage_X
51,OTU89,400,1,400,1831,558,957,100,496,5.51e-139,89.082,d:Amoebozoa,p:Evosea-Evosea_X,c:Variosea,o:Variosea_X,f:AND16-lineage,g:AND16-lineage_X,s:AND16-lineage_X_sp,AY965863.1.1831_U;tax,k:Eukaryota,OTU89.p:Evosea-Evosea_X.g:AND16-lineage_X
52,OTU90,405,164,405,1204,172,412,60,152,1.39e-35,78.455,d:TSAR,p:Stramenopiles-Gyrista,c:Mediophyceae,o:Mediophyceae_X,f:Mediophyceae_XX,g:Mediophyceae_XXX,s:Mediophyceae_XXX_sp,HM443435.1.1204_U;tax,k:Eukaryota,OTU90.p:Stramenopiles-Gyrista.g:Mediophyceae_XXX
53,OTU92,407,1,407,989,475,889,100,261,2.23e-68,78.571,d:Amoebozoa,p:Evosea-Evosea_X,c:Variosea,o:Variosea_X,f:Variosea_XX,g:Variosea_XXX,s:Variosea_XXX_sp,EU545726.1.989_U;tax,k:Eukaryota,OTU92.p:Evosea-Evosea_X.g:Variosea_XXX
54,OTU94,407,1,407,1281,204,611,100,636,0,94.878,d:TSAR,p:Rhizaria-Cercozoa,c:Filosa-Sarcomonadea,o:Glissomonadida,f:Glissomonadida_X,g:Glissomonadida_XX,s:Glissomonadida_XX_sp,JN635482.1.1281_U;tax,k:Eukaryota,OTU94.p:Rhizaria-Cercozoa.g:Glissomonadida_XX
55,OTU95,406,1,406,1767,565,970,100,689,0,97.291,d:TSAR,p:Stramenopiles-Gyrista,c:Hyphochytriomyceta,o:Hyphochytriales,f:Hyphochrytriaceae,g:Hyphochytrium,s:Hyphochytrium_catenoides,AB695482.1.1767_U;tax,k:Eukaryota,OTU95.p:Stramenopiles-Gyrista.g:Hyphochytrium
56,OTU97,392,1,392,1779,581,972,100,702,0,98.98,d:TSAR,p:Alveolata-Ciliophora,c:Colpodea,o:Colpodea_X,f:Colpodida,g:Pseudoplatyophrya,s:Pseudoplatyophrya_nana,AF060452.1.1779_U;tax,k:Eukaryota,OTU97.p:Alveolata-Ciliophora.g:Pseudoplatyophrya
57,OTU99,396,1,396,1353,534,929,100,726,0,99.747,d:Archaeplastida,p:Chlorophyta-Chlorophyta_X,c:Chlorophyceae,o:Chlamydomonadales,f:Chlamydomonadales_X,g:Chlamydomonas,s:Chlamydomonas_sp,KM985409.1.1353_U;tax,k:Eukaryota,OTU99.p:Chlorophyta-Chlorophyta_X.g:Chlamydomonas
58,OTU100,411,1,411,1822,584,993,100,614,1.5e-174,93.689,d:TSAR,p:Stramenopiles-Gyrista,c:Peronosporomycetes,o:Peronosporomycetes_X,f:Peronosporales,g:Pythium,s:Pythium_ultimum,ADOS01001233.4027.5848_U;tax,k:Eukaryota,OTU100.p:Stramenopiles-Gyrista.g:Pythium
59,OTU101,409,1,409,1877,592,1000,100,313,6.1e-84,80.815,d:Amoebozoa,p:Evosea-Evosea_X,c:Variosea,o:Variosea_X,f:Variosea_XX,g:Variosea_XXX,s:Variosea_XXX_sp,EF024417.1.1877_U;tax,k:Eukaryota,OTU101.p:Evosea-Evosea_X.g:Variosea_XXX
60,OTU102,391,1,391,1635,514,904,100,717,0,99.744,d:TSAR,p:Alveolata-Ciliophora,c:Colpodea,o:Colpodea_X,f:Colpodida,g:Colpoda,s:Colpoda_sp,MT001198.1.1635_U;tax,k:Eukaryota,OTU102.p:Alveolata-Ciliophora.g:Colpoda
61,OTU104,404,170,404,1413,377,615,58,156,1.07e-36,79.268,d:TSAR,p:Stramenopiles-Gyrista,c:Phaeophyceae,o:Phaeophyceae_X,f:Phaeophyceae_XX,g:Phaeophyceae_XXX,s:Phaeophyceae_XXX_sp,EF100237.1.1413_U;tax,k:Eukaryota,OTU104.p:Stramenopiles-Gyrista.g:Phaeophyceae_XXX
62,OTU105,422,1,422,1038,478,916,100,479,5.88e-134,87.22,d:Amoebozoa,p:Evosea-Evosea_X,c:Variosea,o:Variosea_X,f:Variosea_XX,g:Variosea_XXX,s:Variosea_XXX_sp,JN825689.1.1038_U;tax,k:Eukaryota,OTU105.p:Evosea-Evosea_X.g:Variosea_XXX
63,OTU106,403,276,403,1730,834,961,32,159,8.28e-38,89.062,d:TSAR,p:Stramenopiles-Bigyra,c:Sagenista,o:Labyrinthulomycetes,f:Labyrinthulomycetes_LAB5,g:Labyrinthulomycetes_LAB5_X,s:Labyrinthulomycetes_LAB5_X_sp,AY381210.1.1730_U;tax,k:Eukaryota,OTU106.p:Stramenopiles-Bigyra.g:Labyrinthulomycetes_LAB5_X
64,OTU107,399,1,399,1108,138,536,100,732,0,99.749,d:TSAR,p:Stramenopiles-Gyrista,c:Bacillariophyceae,o:Bacillariales,f:Bacillariaceae,g:Hantzschia,s:Hantzschia_amphioxys,OL780426.1.1108_U;tax,k:Eukaryota,OTU107.p:Stramenopiles-Gyrista.g:Hantzschia
65,OTU111,397,1,397,1729,516,912,100,706,0,98.741,d:Archaeplastida,p:Chlorophyta-Chlorophyta_X,c:Chlorophyceae,o:Chlamydomonadales,f:Chlamydomonadales_X,g:Spongiococcum,s:Spongiococcum_sp,MT968395.1.1729_U;tax,k:Eukaryota,OTU111.p:Chlorophyta-Chlorophyta_X.g:Spongiococcum
66,OTU113,407,1,407,1817,560,966,100,425,7.47e-118,85.575,d:Amoebozoa,p:Evosea-Evosea_X,c:Variosea,o:Fractovitellida,f:Acramoebidae,g:Acramoebidae_X,s:Acramoebidae_X_sp,AB695507.1.1817_U;tax,k:Eukaryota,OTU113.p:Evosea-Evosea_X.g:Acramoebidae_X
67,OTU114,394,1,394,1718,549,942,100,717,0,99.492,d:TSAR,p:Alveolata-Ciliophora,c:Spirotrichea,o:Hypotrichia,f:Spirofilidae,g:Pseudouroleptus,s:Pseudouroleptus_caudatus,MH000680.1.1718_U;tax,k:Eukaryota,OTU114.p:Alveolata-Ciliophora.g:Pseudouroleptus
68,OTU116,398,1,398,1846,572,969,100,691,0,97.99,d:Amoebozoa,p:Evosea-Evosea_X,c:Variosea,o:Variosea_X,f:Filamoebidae,g:Filamoeba,s:Filamoeba_nolandi,AF293896.1.1846_U;tax,k:Eukaryota,OTU116.p:Evosea-Evosea_X.g:Filamoeba
69,OTU117,397,1,397,1802,552,949,100,340,2.71e-92,82.382,d:Amoebozoa,p:Evosea-Evosea_X,c:Variosea,o:Variosea_X,f:Filamoebidae,g:Filamoeba,s:Filamoeba_sp,AB425944.1.1802_U;tax,k:Eukaryota,OTU117.p:Evosea-Evosea_X.g:Filamoeba
70,OTU120,395,1,395,2841,577,971,100,725,0,99.747,d:Archaeplastida,p:Chlorophyta-Chlorophyta_X,c:Chlorophyceae,o:Chlamydomonadales,f:Chlamydomonadales_X,g:Fasciculochloris,s:Fasciculochloris_sp,MT735193.1.2841_U;tax,k:Eukaryota,OTU120.p:Chlorophyta-Chlorophyta_X.g:Fasciculochloris
71,OTU121,419,1,419,1758,556,958,100,555,9.43e-157,91.169,d:Haptista,p:Centroplasthelida-Centroplasthelida_X,c:Pterocystida,o:Pterista,f:Pterocystidae,g:Pterocystis,s:Pterocystis_sp,AY268043.1.1758_U;tax,k:Eukaryota,OTU121.p:Centroplasthelida-Centroplasthelida_X.g:Pterocystis
72,OTU122,385,1,385,1721,555,939,100,651,0,97.143,d:TSAR,p:Alveolata-Ciliophora,c:Nassophorea,o:Nassophorea_X,f:Nassulida,g:Nassulida_X,s:Nassulida_X_sp,AB695449.1.1721_U;tax,k:Eukaryota,OTU122.p:Alveolata-Ciliophora.g:Nassulida_X
73,OTU123,406,1,406,1877,592,1000,100,420,3.47e-116,85.507,d:Amoebozoa,p:Evosea-Evosea_X,c:Variosea,o:Variosea_X,f:Variosea_XX,g:Variosea_XXX,s:Variosea_XXX_sp,EF024417.1.1877_U;tax,k:Eukaryota,OTU123.p:Evosea-Evosea_X.g:Variosea_XXX
74,OTU124,403,1,403,1208,586,988,100,734,0,99.504,d:Amoebozoa,p:Tubulinea-Tubulinea_X,c:Elardia,o:Euamoebida,f:Vermamoebidae,g:Hartmannella,s:Hartmannella_vermiformis,KC306529.1.1208_U;tax,k:Eukaryota,OTU124.p:Tubulinea-Tubulinea_X.g:Hartmannella
75,OTU128,392,1,392,1583,450,841,100,719,0,99.745,d:TSAR,p:Alveolata-Ciliophora,c:Spirotrichea,o:Hypotrichia,f:Oxytrichidae,g:Sterkiella,s:Sterkiella_sp,MF375457.1.1583_U;tax,k:Eukaryota,OTU128.p:Alveolata-Ciliophora.g:Sterkiella
76,OTU129,412,1,412,1799,559,970,100,756,0,99.757,d:TSAR,p:Stramenopiles-Gyrista,c:Peronosporomycetes,o:Peronosporomycetes_X,f:Peronosporales,g:Pythium,s:Pythium_lucens,HQ643681.1.1799_U;tax,k:Eukaryota,OTU129.p:Stramenopiles-Gyrista.g:Pythium
77,OTU130,398,1,398,1801,587,984,100,730,0,99.749,d:TSAR,p:Alveolata-Apicomplexa,c:Coccidiomorphea,o:Eimeriida,f:Eimeriidae,g:Cyclospora,s:Cyclospora_cayetanensis,QBLG01000836.1186.2986_U;tax,k:Eukaryota,OTU130.p:Alveolata-Apicomplexa.g:Cyclospora
78,OTU132,397,1,397,1721,562,958,100,723,0,99.496,d:Archaeplastida,p:Chlorophyta-Chlorophyta_X,c:Chlorophyceae,o:Chlamydomonadales,f:Chlamydomonadales_X,g:Deasonia,s:Deasonia_granata,MG491517.1.1721_U;tax,k:Eukaryota,OTU132.p:Chlorophyta-Chlorophyta_X.g:Deasonia
79,OTU135,409,1,409,1199,11,409,100,348,1.67e-94,82.609,d:Archaeplastida,p:Streptophyta-Streptophyta_X,c:Streptophyta_XX,o:Streptophyta_XXX,f:Streptophyta_XXXX,g:Streptophyta_XXXXX,s:Streptophyta_XXXXX_sp,GU824549.1.1199_U;tax,k:Eukaryota,OTU135.p:Streptophyta-Streptophyta_X.g:Streptophyta_XXXXX
80,OTU136,407,1,407,2182,574,980,100,741,0,99.509,d:TSAR,p:Rhizaria-Cercozoa,c:Filosa-Sarcomonadea,o:Glissomonadida,f:Sandonidae,g:Flectomonas,s:Flectomonas_ekelundi,HM536169.1.2182_U;tax,k:Eukaryota,OTU136.p:Rhizaria-Cercozoa.g:Flectomonas
81,OTU139,413,1,413,1841,551,955,100,595,5.47e-169,93.012,d:Archaeplastida,p:Rhodophyta-Rhodophyta_X,c:Bangiophyceae,o:Cyanidiales,f:Cyanidiales_X,g:Cyanidiales_XX,s:Cyanidiales_XX_sp,AB695530.1.1841_U;tax,k:Eukaryota,OTU139.p:Rhodophyta-Rhodophyta_X.g:Cyanidiales_XX
82,OTU141,392,1,392,1632,511,902,100,719,0,99.745,d:TSAR,p:Alveolata-Ciliophora,c:Colpodea,o:Colpodea_X,f:Colpodida,g:Colpoda,s:Colpoda_sp,MT001206.1.1632_U;tax,k:Eukaryota,OTU141.p:Alveolata-Ciliophora.g:Colpoda
83,OTU142,407,1,407,1817,560,966,100,431,1.61e-119,85.784,d:Amoebozoa,p:Evosea-Evosea_X,c:Variosea,o:Fractovitellida,f:Acramoebidae,g:Acramoebidae_X,s:Acramoebidae_X_sp,AB695507.1.1817_U;tax,k:Eukaryota,OTU142.p:Evosea-Evosea_X.g:Acramoebidae_X
84,OTU143,387,1,387,1685,545,931,100,676,0,98.191,d:TSAR,p:Alveolata-Ciliophora,c:Colpodea,o:Colpodea_X,f:Platyophryida,g:Platyophrya,s:Platyophrya_bromelicola,EU039905.1.1685_U;tax,k:Eukaryota,OTU143.p:Alveolata-Ciliophora.g:Platyophrya
85,OTU145,415,168,415,1934,807,1058,71,324,2.86e-87,90.157,d:Amoebozoa,p:Evosea-Evosea_X,c:Variosea,o:Flamellidae,f:ATCC50593-lineage,g:ATCC50593-lineage_X,s:ATCC50593-lineage_X_sp,EU273440.1.1934_U;tax,k:Eukaryota,OTU145.p:Evosea-Evosea_X.g:ATCC50593-lineage_X
86,OTU147,397,1,397,2789,564,961,100,695,0,98.241,d:Archaeplastida,p:Chlorophyta-Chlorophyta_X,c:Chlorophyceae,o:Chlamydomonadales,f:Chlamydomonadales_X,g:Actinochloris,s:Actinochloris_sphaerica,MH703777.1.2789_U;tax,k:Eukaryota,OTU147.p:Chlorophyta-Chlorophyta_X.g:Actinochloris
87,OTU149,408,1,408,1792,558,965,100,749,0,99.755,d:TSAR,p:Stramenopiles-Gyrista,c:Peronosporomycetes,o:Peronosporomycetes_X,f:Peronosporales,g:Pythium,s:Pythium_volutum,AY598686.1.1792_U;tax,k:Eukaryota,OTU149.p:Stramenopiles-Gyrista.g:Pythium
88,OTU150,396,1,396,817,308,703,100,682,0,97.727,d:TSAR,p:Stramenopiles-Gyrista,c:Chrysophyceae,o:Ochromonadales,f:Ochromonadales_clade-XIII,g:Ochromonadales_clade-XIII_X,s:Ochromonadales_clade-XIII_X_sp,KJ698239.1.817_U;tax,k:Eukaryota,OTU150.p:Stramenopiles-Gyrista.g:Ochromonadales_clade-XIII_X
89,OTU151,401,1,401,1024,569,965,100,566,4.15e-160,92.289,d:Amoebozoa,p:Evosea-Evosea_X,c:Variosea,o:Variosea_X,f:AND16-lineage,g:AND16-lineage_X,s:AND16-lineage_X_sp,EU798715.1.1024_U;tax,k:Eukaryota,OTU151.p:Evosea-Evosea_X.g:AND16-lineage_X
90,OTU152,406,1,406,1877,592,1000,100,342,7.72e-93,82.297,d:Amoebozoa,p:Evosea-Evosea_X,c:Variosea,o:Variosea_X,f:Variosea_XX,g:Variosea_XXX,s:Variosea_XXX_sp,EF024417.1.1877_U;tax,k:Eukaryota,OTU152.p:Evosea-Evosea_X.g:Variosea_XXX
91,OTU155,405,1,405,1767,565,970,100,643,0,95.32,d:TSAR,p:Stramenopiles-Gyrista,c:Hyphochytriomyceta,o:Hyphochytriales,f:Hyphochrytriaceae,g:Hyphochytrium,s:Hyphochytrium_catenoides,AB695482.1.1767_U;tax,k:Eukaryota,OTU155.p:Stramenopiles-Gyrista.g:Hyphochytrium
92,OTU157,412,88,412,1932,706,1030,92,562,5.53e-159,97.853,d:Amoebozoa,p:Evosea-Evosea_X,c:Variosea,o:Variosea_X,f:Ischnamoebidae,g:Ischnamoeba,s:Ischnamoeba_montana,KP864092.1.1932_U;tax,k:Eukaryota,OTU157.p:Evosea-Evosea_X.g:Ischnamoeba
93,OTU158,407,1,407,1800,587,993,100,736,0,99.263,d:TSAR,p:Rhizaria-Cercozoa,c:Filosa-Sarcomonadea,o:Cercomonadida,f:Cercomonadidae,g:Eocercomonas,s:Eocercomonas_sp,EF023536.1.1800_U;tax,k:Eukaryota,OTU158.p:Rhizaria-Cercozoa.g:Eocercomonas
94,OTU159,386,1,386,1824,608,988,100,592,6.58e-168,94.588,d:Amoebozoa,p:Tubulinea-Tubulinea_X,c:Elardia,o:Euamoebida,f:Nolandellidae,g:Nolandellidae_X,s:Nolandellidae_X_sp,EF023499.1.1824_U;tax,k:Eukaryota,OTU159.p:Tubulinea-Tubulinea_X.g:Nolandellidae_X
95,OTU160,410,1,410,1816,588,998,100,708,0,97.816,d:TSAR,p:Stramenopiles-Gyrista,c:Hyphochytriomyceta,o:Hyphochytriales,f:Hyphochrytriaceae,g:Rhizidiomyces,s:Rhizidiomyces_apophysatus,AF163295.1.1816_U;tax,k:Eukaryota,OTU160.p:Stramenopiles-Gyrista.g:Rhizidiomyces
96,OTU161,407,1,407,1872,582,988,100,708,0,98.034,d:Amoebozoa,p:Evosea-Evosea_X,c:Variosea,o:Flamellidae,f:Flamella-lineage,g:Flamella-lineage_X,s:Flamella-lineage_X_sp,FR874405.1.1872_U;tax,k:Eukaryota,OTU161.p:Evosea-Evosea_X.g:Flamella-lineage_X
97,OTU162,407,1,407,1635,522,928,100,741,0,99.509,d:TSAR,p:Rhizaria-Cercozoa,c:Filosa-Thecofilosea,o:Cryomonadida,f:Rhogostoma-lineage,g:Rhogostoma,s:Rhogostoma_cylindrica,KY905096.1.1635_U;tax,k:Eukaryota,OTU162.p:Rhizaria-Cercozoa.g:Rhogostoma
98,OTU164,411,1,411,1860,570,980,100,449,4.48e-125,86.473,d:Amoebozoa,p:Evosea-Evosea_X,c:Variosea,o:Variosea_X,f:Variosea_XX,g:Variosea_XXX,s:Variosea_XXX_sp,AB695458.1.1860_U;tax,k:Eukaryota,OTU164.p:Evosea-Evosea_X.g:Variosea_XXX
99,OTU165,396,1,396,1258,206,597,100,623,2.4e-177,95.214,d:TSAR,p:Alveolata-Ciliophora,c:Colpodea,o:Colpodea_X,f:Colpodida,g:Colpodida_X,s:Colpodida_X_sp,JN635479.1.1258_U;tax,k:Eukaryota,OTU165.p:Alveolata-Ciliophora.g:Colpodida_X
100,OTU166,380,1,380,1401,227,606,100,636,0,96.842,d:TSAR,p:Alveolata-Ciliophora,c:Oligohymenophorea,o:Hymenostomatia,f:Ophryoglenida,g:Ichthyophthirius,s:Ichthyophthirius_multifiliis,KU219950.1.1401_U;tax,k:Eukaryota,OTU166.p:Alveolata-Ciliophora.g:Ichthyophthirius
101,OTU167,402,1,402,1878,593,994,100,427,2.05e-118,85.995,d:Amoebozoa,p:Tubulinea-Tubulinea_X,c:Elardia,o:Euamoebida,f:Hartmannellidae,g:Copromyxa,s:Copromyxa_laresi,JQ271679.1.1878_U;tax,k:Eukaryota,OTU167.p:Tubulinea-Tubulinea_X.g:Copromyxa
102,OTU169,395,1,395,1715,535,929,100,719,0,99.494,d:Archaeplastida,p:Chlorophyta-Chlorophyta_X,c:Chlorophyceae,o:Chlamydomonadales,f:Chlamydomonadales_X,g:Neochlorosarcina,s:Neochlorosarcina_negevensis,KR607498.1.1715_U;tax,k:Eukaryota,OTU169.p:Chlorophyta-Chlorophyta_X.g:Neochlorosarcina
103,OTU171,408,130,408,1961,745,1033,81,154,3.9e-36,77.055,d:Amoebozoa,p:Evosea-Evosea_X,c:Variosea,o:Flamellidae,f:WIM80-lineage,g:WIM80-lineage_X,s:WIM80-lineage_X_sp,AM114808.1.1961_U;tax,k:Eukaryota,OTU171.p:Evosea-Evosea_X.g:WIM80-lineage_X
104,OTU174,401,1,401,1825,553,953,100,736,0,99.751,d:Amoebozoa,p:Evosea-Eumycetozoa,c:Eumycetozoa_X,o:Dictyosteliida,f:Dictyosteliida-Group-IV,g:Dictyostelium-Group-IV,s:Dictyostelium_sphaerocephalum,OP310822.1.1825_U;tax,k:Eukaryota,OTU174.p:Evosea-Eumycetozoa.g:Dictyostelium-Group-IV
105,OTU175,385,1,385,1824,608,988,100,564,1.43e-159,93.299,d:Amoebozoa,p:Tubulinea-Tubulinea_X,c:Elardia,o:Euamoebida,f:Nolandellidae,g:Nolandellidae_X,s:Nolandellidae_X_sp,EF023499.1.1824_U;tax,k:Eukaryota,OTU175.p:Tubulinea-Tubulinea_X.g:Nolandellidae_X
106,OTU176,398,1,398,1831,558,957,100,339,9.78e-92,82.222,d:Amoebozoa,p:Evosea-Evosea_X,c:Variosea,o:Variosea_X,f:AND16-lineage,g:AND16-lineage_X,s:AND16-lineage_X_sp,AY965863.1.1831_U;tax,k:Eukaryota,OTU176.p:Evosea-Evosea_X.g:AND16-lineage_X
107,OTU177,407,1,407,1438,403,809,100,730,0,99.017,d:TSAR,p:Rhizaria-Cercozoa,c:Filosa-Sarcomonadea,o:Glissomonadida,f:Glissomonadida_Clade-Y,g:Glissomonadida_Clade-Y_X,s:Glissomonadida_Clade-Y_X_sp,EU709257.32.1469_U;tax,k:Eukaryota,OTU177.p:Rhizaria-Cercozoa.g:Glissomonadida_Clade-Y_X
108,OTU179,405,1,405,1756,566,970,100,682,0,97.044,d:TSAR,p:Stramenopiles-Gyrista,c:Eustigmatophyceae,o:Eustigmatophyceae_X,f:Eustigmatophyceae_XX,g:Characiopsis,s:Characiopsis_pernana,MT373066.1.1756_U;tax,k:Eukaryota,OTU179.p:Stramenopiles-Gyrista.g:Characiopsis
109,OTU182,415,1,415,1455,553,958,100,292,8.08e-78,80.235,d:Amoebozoa,p:Evosea-Evosea_X,c:Variosea,o:Flamellidae,f:Flamella-lineage,g:Flamella,s:Flamella_pleistocenica,KP219431.1.1455_U;tax,k:Eukaryota,OTU182.p:Evosea-Evosea_X.g:Flamella
110,OTU183,399,1,399,1831,558,957,100,411,2.05e-113,85.36,d:Amoebozoa,p:Evosea-Evosea_X,c:Variosea,o:Variosea_X,f:AND16-lineage,g:AND16-lineage_X,s:AND16-lineage_X_sp,AY965863.1.1831_U;tax,k:Eukaryota,OTU183.p:Evosea-Evosea_X.g:AND16-lineage_X
111,OTU184,396,1,396,812,198,593,100,726,0,99.747,d:Archaeplastida,p:Chlorophyta-Chlorophyta_X,c:Chlorophyceae,o:Sphaeropleales,f:Sphaeropleales_X,g:Bracteacoccus,s:Bracteacoccus_aggregatus,MZ067570.1.812_U;tax,k:Eukaryota,OTU184.p:Chlorophyta-Chlorophyta_X.g:Bracteacoccus
112,OTU185,397,1,397,1772,562,958,100,723,0,99.496,d:Archaeplastida,p:Chlorophyta-Chlorophyta_X,c:Chlorophyceae,o:Chlamydomonadales,f:Chlamydomonadales_X,g:Tetracystis,s:Tetracystis_dissociata,KM020076.1.1772_U;tax,k:Eukaryota,OTU185.p:Chlorophyta-Chlorophyta_X.g:Tetracystis
113,OTU188,402,1,402,1055,496,897,100,726,0,99.254,d:TSAR,p:Stramenopiles-Bigyra,c:Sagenista,o:Labyrinthulomycetes,f:Labyrinthulaceae,g:Labyrinthulaceae_ANT10_3,s:Labyrinthulaceae_ANT10_3_sp,JN825662.1.1055_U;tax,k:Eukaryota,OTU188.p:Stramenopiles-Bigyra.g:Labyrinthulaceae_ANT10_3
114,OTU189,389,1,389,1605,531,925,100,592,6.64e-168,93.924,d:Amoebozoa,p:Tubulinea-Tubulinea_X,c:Elardia,o:Euamoebida,f:Nolandellidae,g:Nolandellidae_X,s:Nolandellidae_X_sp,AF372795.1.1605_U;tax,k:Eukaryota,OTU189.p:Tubulinea-Tubulinea_X.g:Nolandellidae_X
115,OTU192,410,1,410,1877,592,1000,100,412,5.87e-114,84.951,d:Amoebozoa,p:Evosea-Evosea_X,c:Variosea,o:Variosea_X,f:Variosea_XX,g:Variosea_XXX,s:Variosea_XXX_sp,EF024417.1.1877_U;tax,k:Eukaryota,OTU192.p:Evosea-Evosea_X.g:Variosea_XXX
116,OTU196,391,1,391,1036,5,396,100,689,0,98.469,d:TSAR,p:Alveolata-Ciliophora,c:Spirotrichea,o:Hypotrichia,f:Oxytrichidae,g:Oxytricha,s:Oxytricha_sp,FN865143.1.1036_U;tax,k:Eukaryota,OTU196.p:Alveolata-Ciliophora.g:Oxytricha
117,OTU197,393,1,393,1750,564,956,100,643,0,96.183,d:TSAR,p:Alveolata-Ciliophora,c:Spirotrichea,o:Hypotrichia,f:Pseudokeronopsidae,g:Eschaneustyla,s:Eschaneustyla_lugeri,KY874005.1.1750_U;tax,k:Eukaryota,OTU197.p:Alveolata-Ciliophora.g:Eschaneustyla
118,OTU199,405,1,405,989,475,889,100,375,7.6e-103,83.453,d:Amoebozoa,p:Evosea-Evosea_X,c:Variosea,o:Variosea_X,f:Variosea_XX,g:Variosea_XXX,s:Variosea_XXX_sp,EU545726.1.989_U;tax,k:Eukaryota,OTU199.p:Evosea-Evosea_X.g:Variosea_XXX
119,OTU200,417,1,417,1751,562,959,100,154,4e-36,74.468,d:Haptista,p:Haptophyta-Haptophyta_X,c:Prymnesiophyceae,o:Isochrysidales,f:Isochrysidaceae,g:Isochrysis,s:Isochrysis_sp,LC322317.1.1751_U;tax,k:Eukaryota,OTU200.p:Haptophyta-Haptophyta_X.g:Isochrysis
120,OTU202,390,1,390,1632,512,901,100,715,0,99.744,d:TSAR,p:Alveolata-Ciliophora,c:Colpodea,o:Colpodea_X,f:Colpodida,g:Colpoda,s:Colpoda_sp,MT001200.1.1632_U;tax,k:Eukaryota,OTU202.p:Alveolata-Ciliophora.g:Colpoda
121,OTU204,404,1,404,1519,436,839,100,608,6.86e-173,93.842,d:Amoebozoa,p:Tubulinea-Tubulinea_X,c:Elardia,o:Euamoebida,f:Nolandellidae,g:Nolandellidae_X,s:Nolandellidae_X_sp,AY821961.1.1519_U;tax,k:Eukaryota,OTU204.p:Tubulinea-Tubulinea_X.g:Nolandellidae_X
122,OTU205,438,311,438,1818,813,940,40,104,4.29e-21,81.538,d:Amoebozoa,p:Evosea-Evosea_X,c:Variosea,o:Cavosteliida,f:Cavosteliida_X,g:Tychosporium,s:Tychosporium_acutostipes,FJ792703.1.1818_U;tax,k:Eukaryota,OTU205.p:Evosea-Evosea_X.g:Tychosporium
123,OTU206,404,1,404,1730,556,961,100,682,0,97.044,d:TSAR,p:Stramenopiles-Gyrista,c:Synchromophyceae,o:Synchromophyceae_X,f:Synchromophyceae_XX,g:Synchromophyceae_XXX,s:Synchromophyceae_XXX_sp,FJ356265.1.1730_U;tax,k:Eukaryota,OTU206.p:Stramenopiles-Gyrista.g:Synchromophyceae_XXX
124,OTU208,407,1,407,1098,24,430,100,741,0,99.509,d:TSAR,p:Rhizaria-Cercozoa,c:Filosa-Sarcomonadea,o:Glissomonadida,f:Sandonidae,g:Sandonidae_X,s:Sandonidae_X_sp,FJ592266.1.1098_U;tax,k:Eukaryota,OTU208.p:Rhizaria-Cercozoa.g:Sandonidae_X
125,OTU209,405,1,405,989,475,889,100,420,3.46e-116,85.337,d:Amoebozoa,p:Evosea-Evosea_X,c:Variosea,o:Variosea_X,f:Variosea_XX,g:Variosea_XXX,s:Variosea_XXX_sp,EU545726.1.989_U;tax,k:Eukaryota,OTU209.p:Evosea-Evosea_X.g:Variosea_XXX
126,OTU210,390,1,390,1829,595,987,100,540,2.44e-152,91.646,d:Amoebozoa,p:Tubulinea-Tubulinea_X,c:Elardia,o:Leptomyxida,f:Flabellulidae,g:Flabellula,s:Flabellula_pomeranica,KT945249.1.1829_U;tax,k:Eukaryota,OTU210.p:Tubulinea-Tubulinea_X.g:Flabellula
127,OTU211,396,1,396,1766,562,957,100,721,0,99.495,d:Archaeplastida,p:Chlorophyta-Chlorophyta_X,c:Chlorophyceae,o:Chlamydomonadales,f:Chlamydomonadales_X,g:Chloromonas,s:Chloromonas_perforata,FR865585.2.1767_U;tax,k:Eukaryota,OTU211.p:Chlorophyta-Chlorophyta_X.g:Chloromonas
128,OTU215,403,163,403,846,168,404,73,237,3.72e-61,84.711,d:TSAR,p:Stramenopiles-Stramenopiles_X,c:Stramenopiles_X-Group-6,o:Stramenopiles_X-Group-6_X,f:Stramenopiles_X-Group-6_XX,g:Stramenopiles_X-Group-6_XXX,s:Stramenopiles_X-Group-6_XXX_sp,HQ870501.1.846_U;tax,k:Eukaryota,OTU215.p:Stramenopiles-Stramenopiles_X.g:Stramenopiles_X-Group-6_XXX
129,OTU216,412,1,412,1455,553,958,100,274,2.9e-72,79.236,d:Amoebozoa,p:Evosea-Evosea_X,c:Variosea,o:Flamellidae,f:Flamella-lineage,g:Flamella,s:Flamella_pleistocenica,KP219431.1.1455_U;tax,k:Eukaryota,OTU216.p:Evosea-Evosea_X.g:Flamella
130,OTU217,395,1,395,1032,480,874,100,686,0,97.975,d:Archaeplastida,p:Chlorophyta-Chlorophyta_X,c:Ulvophyceae,o:Ulvophyceae_X,f:Ulvophyceae_XX,g:Ulvophyceae_XXX,s:Ulvophyceae_XXX_sp,JN825697.1.1032_U;tax,k:Eukaryota,OTU217.p:Chlorophyta-Chlorophyta_X.g:Ulvophyceae_XXX
131,OTU221,406,1,406,1767,565,970,100,634,1.14e-180,94.828,d:TSAR,p:Stramenopiles-Gyrista,c:Hyphochytriomyceta,o:Hyphochytriales,f:Hyphochrytriaceae,g:Hyphochytrium,s:Hyphochytrium_catenoides,AB695482.1.1767_U;tax,k:Eukaryota,OTU221.p:Stramenopiles-Gyrista.g:Hyphochytrium
132,OTU222,404,1,404,624,3,409,100,532,4.25e-150,90.488,d:Amoebozoa,p:Evosea-Evosea_X,c:Variosea,o:Flamellidae,f:Flamella-lineage,g:Flamella,s:Flamella_sp,KC669504.1.624_U;tax,k:Eukaryota,OTU222.p:Evosea-Evosea_X.g:Flamella
133,OTU223,380,1,380,1101,417,796,100,542,6.61e-153,92.388,d:TSAR,p:Stramenopiles-Bigyra,c:Sagenista,o:Labyrinthulomycetes,f:Labyrinthulaceae,g:Labyrinthula,s:Labyrinthula_sp,AY835688.1.1101_U;tax,k:Eukaryota,OTU223.p:Stramenopiles-Bigyra.g:Labyrinthula
134,OTU226,406,1,406,1455,553,958,100,739,0,99.507,d:Amoebozoa,p:Evosea-Evosea_X,c:Variosea,o:Flamellidae,f:Flamella-lineage,g:Flamella,s:Flamella_pleistocenica,KP219431.1.1455_U;tax,k:Eukaryota,OTU226.p:Evosea-Evosea_X.g:Flamella
135,OTU227,423,1,423,1882,579,1013,100,377,2.21e-103,83.108,d:Amoebozoa,p:Discosea-Discosea_X,c:Centramoebia,o:Acanthopodida,f:Acanthamoebidae,g:Acanthamoeba,s:Acanthamoeba_sp,AB505484.1.1882_U;tax,k:Eukaryota,OTU227.p:Discosea-Discosea_X.g:Acanthamoeba
136,OTU228,401,307,364,1742,839,896,14,80.5,6.6e-14,91.379,d:Amoebozoa,p:Tubulinea-Tubulinea_X,c:Elardia,o:Euamoebida,f:Hartmannellidae,g:Hartmannellidae_X,s:Hartmannellidae_X_sp,GU385568.1.1742_U;tax,k:Eukaryota,OTU228.p:Tubulinea-Tubulinea_X.g:Hartmannellidae_X
137,OTU229,408,1,408,1878,593,994,100,405,9.76e-112,85.024,d:Amoebozoa,p:Tubulinea-Tubulinea_X,c:Elardia,o:Euamoebida,f:Hartmannellidae,g:Copromyxa,s:Copromyxa_laresi,JQ271679.1.1878_U;tax,k:Eukaryota,OTU229.p:Tubulinea-Tubulinea_X.g:Copromyxa
138,OTU235,406,1,406,1877,592,1000,100,464,1.58e-129,87.409,d:Amoebozoa,p:Evosea-Evosea_X,c:Variosea,o:Variosea_X,f:Variosea_XX,g:Variosea_XXX,s:Variosea_XXX_sp,EF024417.1.1877_U;tax,k:Eukaryota,OTU235.p:Evosea-Evosea_X.g:Variosea_XXX
139,OTU236,406,1,406,1873,585,989,100,732,0,99.261,d:Amoebozoa,p:Evosea-Evosea_X,c:Variosea,o:Flamellidae,f:Flamella-lineage,g:Flamella,s:Flamella_piscinae,KU886213.1.1873_U;tax,k:Eukaryota,OTU236.p:Evosea-Evosea_X.g:Flamella
140,OTU237,401,1,401,1775,562,962,100,736,0,99.751,d:TSAR,p:Stramenopiles-Gyrista,c:Chrysophyceae,o:Ochromonadales,f:Ochromonadaceae,g:Spumella,s:Spumella_sp,OM688867.1.1775_U;tax,k:Eukaryota,OTU237.p:Stramenopiles-Gyrista.g:Spumella
141,OTU238,436,1,436,1927,636,1052,100,571,9.73e-162,91.055,d:Amoebozoa,p:Tubulinea-Tubulinea_X,c:Elardia,o:Euamoebida,f:LOS7N/I-lineage,g:Ptolemeba,s:Ptolemeba_bulliensis,KJ542108.1.1927_U;tax,k:Eukaryota,OTU238.p:Tubulinea-Tubulinea_X.g:Ptolemeba
142,OTU239,385,1,385,1766,579,963,100,651,0,97.143,d:TSAR,p:Alveolata-Ciliophora,c:Nassophorea,o:Nassophorea_X,f:Nassulida,g:Nassula,s:Nassula_labiata,KC832949.1.1766_U;tax,k:Eukaryota,OTU239.p:Alveolata-Ciliophora.g:Nassula
143,OTU241,402,1,402,735,173,574,100,593,1.91e-168,93.284,d:TSAR,p:Stramenopiles-Bigyra,c:Sagenista,o:Labyrinthulomycetes,f:Labyrinthulaceae,g:Labyrinthulaceae_X,s:Labyrinthulaceae_X_sp,FJ389881.1.735_U;tax,k:Eukaryota,OTU241.p:Stramenopiles-Bigyra.g:Labyrinthulaceae_X
144,OTU242,409,1,409,1519,436,839,100,446,5.77e-124,86.553,d:Amoebozoa,p:Tubulinea-Tubulinea_X,c:Elardia,o:Euamoebida,f:Nolandellidae,g:Nolandellidae_X,s:Nolandellidae_X_sp,AY821961.1.1519_U;tax,k:Eukaryota,OTU242.p:Tubulinea-Tubulinea_X.g:Nolandellidae_X
145,OTU243,405,1,405,1878,593,994,100,363,5.91e-99,83.333,d:Amoebozoa,p:Tubulinea-Tubulinea_X,c:Elardia,o:Euamoebida,f:Hartmannellidae,g:Copromyxa,s:Copromyxa_laresi,JQ271679.1.1878_U;tax,k:Eukaryota,OTU243.p:Tubulinea-Tubulinea_X.g:Copromyxa
146,OTU244,396,1,396,1731,542,937,100,726,0,99.747,d:Archaeplastida,p:Chlorophyta-Chlorophyta_X,c:Chlorophyceae,o:Chlamydomonadales,f:Chlamydomonadales_X,g:Chlamydomonadales_XX,s:Chlamydomonadales_XX_sp,JX446459.1.1731_U;tax,k:Eukaryota,OTU244.p:Chlorophyta-Chlorophyta_X.g:Chlamydomonadales_XX
147,OTU245,387,1,387,1711,557,943,100,693,0,98.966,d:TSAR,p:Alveolata-Ciliophora,c:Colpodea,o:Colpodea_X,f:Platyophryida,g:Platyophryida_X,s:Platyophryida_X_sp,EU039906.1.1711_U;tax,k:Eukaryota,OTU245.p:Alveolata-Ciliophora.g:Platyophryida_X
148,OTU247,407,166,372,1615,751,958,51,150,5.04e-35,80,d:Haptista,p:Centroplasthelida-Centroplasthelida_X,c:Centroplasthelida_XX,o:Centroplasthelida_XXX,f:Centroplasthelida_XXXX,g:Centroplasthelida_XXXXX,s:Centroplasthelida_XXXXX_sp,AY749490.1.1615_U;tax,k:Eukaryota,OTU247.p:Centroplasthelida-Centroplasthelida_X.g:Centroplasthelida_XXXXX
149,OTU250,407,1,407,1751,580,986,100,730,0,99.017,d:TSAR,p:Stramenopiles-Gyrista,c:Xanthophyceae,o:Xanthophyceae_X,f:Xanthophyceae_XX,g:Asterosiphon,s:Asterosiphon_dichotomus,AM490829.1.1751_U;tax,k:Eukaryota,OTU250.p:Stramenopiles-Gyrista.g:Asterosiphon
150,OTU251,395,1,395,2366,562,956,100,669,0,97.215,d:Archaeplastida,p:Chlorophyta-Chlorophyta_X,c:Chlorophyceae,o:Chlamydomonadales,f:Chlamydomonadales_X,g:Vitreochlamys,s:Vitreochlamys_nekrassovii,MG650103.1.2366_U;tax,k:Eukaryota,OTU251.p:Chlorophyta-Chlorophyta_X.g:Vitreochlamys
151,OTU254,400,1,400,1771,574,974,100,285,1.3e-75,79.951,d:Haptista,p:Haptophyta-Haptophyta_X,c:Rappephyceae,o:Pavlomulinales,f:Pavlomulinaceae,g:Pavlomulina,s:Pavlomulina_ranunculiformis,LC599498.1.1771_U;tax,k:Eukaryota,OTU254.p:Haptophyta-Haptophyta_X.g:Pavlomulina
152,OTU255,384,1,384,1565,489,895,100,448,1.5e-124,87.561,d:Amoebozoa,p:Tubulinea-Tubulinea_X,c:Elardia,o:Leptomyxida,f:Leptomyxidae,g:Leptomyxa,s:Leptomyxa_regia,OM914643.1.1565_U;tax,k:Eukaryota,OTU255.p:Tubulinea-Tubulinea_X.g:Leptomyxa
153,OTU256,394,1,394,1766,567,967,100,462,5.5e-129,87.901,d:TSAR,p:Stramenopiles-Bigyra,c:Sagenista,o:Labyrinthulomycetes,f:Labyrinthulaceae,g:Aplanochytrium,s:Aplanochytrium_sp,JX188378.1.1766_U;tax,k:Eukaryota,OTU256.p:Stramenopiles-Bigyra.g:Aplanochytrium
154,OTU257,381,1,381,6060,969,1349,100,649,0,97.375,d:TSAR,p:Alveolata-Ciliophora,c:Oligohymenophorea,o:Hymenostomatia,f:Tetrahymenida,g:Tetrahymena,s:Tetrahymena_rostrata,MT420428.1.6060_U;tax,k:Eukaryota,OTU257.p:Alveolata-Ciliophora.g:Tetrahymena
155,OTU258,405,1,100,1539,473,572,25,102,1.42e-20,85.294,d:Amoebozoa,p:Evosea-Evosea_X,c:Variosea,o:Variosea_X,f:Variosea_XX,g:Variosea_XXX,s:Variosea_XXX_sp,GU479959.1.1539_U;tax,k:Eukaryota,OTU258.p:Evosea-Evosea_X.g:Variosea_XXX
156,OTU259,397,1,397,1802,552,949,100,662,0,96.734,d:Amoebozoa,p:Evosea-Evosea_X,c:Variosea,o:Variosea_X,f:Filamoebidae,g:Filamoeba,s:Filamoeba_sp,AB425944.1.1802_U;tax,k:Eukaryota,OTU259.p:Evosea-Evosea_X.g:Filamoeba
157,OTU261,393,1,393,1750,564,956,100,616,3.98e-175,94.911,d:TSAR,p:Alveolata-Ciliophora,c:Spirotrichea,o:Hypotrichia,f:Pseudokeronopsidae,g:Eschaneustyla,s:Eschaneustyla_lugeri,KY874005.1.1750_U;tax,k:Eukaryota,OTU261.p:Alveolata-Ciliophora.g:Eschaneustyla
158,OTU263,434,1,434,1961,599,1033,100,741,0,97.471,d:Amoebozoa,p:Evosea-Evosea_X,c:Variosea,o:Flamellidae,f:WIM80-lineage,g:WIM80-lineage_X,s:WIM80-lineage_X_sp,AM114808.1.1961_U;tax,k:Eukaryota,OTU263.p:Evosea-Evosea_X.g:WIM80-lineage_X
159,OTU264,415,1,415,1869,575,989,100,750,0,99.277,d:Amoebozoa,p:Evosea-Evosea_X,c:Variosea,o:Flamellidae,f:Flamella-lineage,g:Flamella-lineage_X,s:Flamella-lineage_X_sp,AM114809.1.1869_U;tax,k:Eukaryota,OTU264.p:Evosea-Evosea_X.g:Flamella-lineage_X
160,OTU265,406,1,406,1730,556,961,100,734,0,99.261,d:TSAR,p:Stramenopiles-Gyrista,c:Synchromophyceae,o:Synchromophyceae_X,f:Synchromophyceae_XX,g:Synchromophyceae_XXX,s:Synchromophyceae_XXX_sp,FJ356265.1.1730_U;tax,k:Eukaryota,OTU265.p:Stramenopiles-Gyrista.g:Synchromophyceae_XXX
161,OTU267,407,1,407,1114,487,892,100,706,0,98.034,d:TSAR,p:Rhizaria-Cercozoa,c:Endomyxa,o:Vampyrellida,f:Leptophryidae,g:Leptophryidae_X,s:Leptophryidae_X_sp,EU567259.1.1114_U;tax,k:Eukaryota,OTU267.p:Rhizaria-Cercozoa.g:Leptophryidae_X
162,OTU273,407,1,407,1877,592,1000,100,477,2.03e-133,87.835,d:Amoebozoa,p:Evosea-Evosea_X,c:Variosea,o:Variosea_X,f:Variosea_XX,g:Variosea_XXX,s:Variosea_XXX_sp,EF024417.1.1877_U;tax,k:Eukaryota,OTU273.p:Evosea-Evosea_X.g:Variosea_XXX
163,OTU275,405,1,405,1877,592,1000,100,420,3.46e-116,85.437,d:Amoebozoa,p:Evosea-Evosea_X,c:Variosea,o:Variosea_X,f:Variosea_XX,g:Variosea_XXX,s:Variosea_XXX_sp,EF024417.1.1877_U;tax,k:Eukaryota,OTU275.p:Evosea-Evosea_X.g:Variosea_XXX
164,OTU277,376,1,376,1720,548,923,100,684,0,99.468,d:TSAR,p:Alveolata-Ciliophora,c:Phyllopharyngea,o:Cyrtophoria_4,f:Chilodonellidae,g:Phascolodon,s:Phascolodon_vorticella,KX258192.1.1720_U;tax,k:Eukaryota,OTU277.p:Alveolata-Ciliophora.g:Phascolodon
165,OTU280,397,1,397,1605,531,925,100,654,0,96.474,d:Amoebozoa,p:Tubulinea-Tubulinea_X,c:Elardia,o:Euamoebida,f:Nolandellidae,g:Nolandellidae_X,s:Nolandellidae_X_sp,AF372795.1.1605_U;tax,k:Eukaryota,OTU280.p:Tubulinea-Tubulinea_X.g:Nolandellidae_X
166,OTU282,393,1,393,1783,599,991,100,660,0,96.947,d:TSAR,p:Alveolata-Ciliophora,c:Spirotrichea,o:Hypotrichia,f:Oxytrichidae,g:Oxytrichidae_X,s:Oxytrichidae_X_sp,EF024618.1.1783_U;tax,k:Eukaryota,OTU282.p:Alveolata-Ciliophora.g:Oxytrichidae_X
167,OTU283,407,1,407,1760,563,969,100,736,0,99.263,d:TSAR,p:Rhizaria-Cercozoa,c:Filosa-Sarcomonadea,o:Glissomonadida,f:Sandonidae,g:Sandona,s:Sandona_aporians,DQ211596.1.1760_U;tax,k:Eukaryota,OTU283.p:Rhizaria-Cercozoa.g:Sandona
168,OTU284,408,1,408,1860,570,980,100,479,5.67e-134,87.893,d:Amoebozoa,p:Evosea-Evosea_X,c:Variosea,o:Variosea_X,f:Variosea_XX,g:Variosea_XXX,s:Variosea_XXX_sp,AB695458.1.1860_U;tax,k:Eukaryota,OTU284.p:Evosea-Evosea_X.g:Variosea_XXX
169,OTU285,383,1,383,865,433,812,100,372,9.25e-102,84.694,d:TSAR,p:Alveolata-Apicomplexa,c:Gregarinomorphea,o:Eugregarinorida,f:Gregarinidae,g:Amoebogregarina,s:Amoebogregarina_sp,EU087208.1.865_U;tax,k:Eukaryota,OTU285.p:Alveolata-Apicomplexa.g:Amoebogregarina
170,OTU288,397,217,396,1534,618,796,45,182,1.74e-44,85.083,d:TSAR,p:Alveolata-Ciliophora,c:Phyllopharyngea,o:Suctoria,f:Suctoria_X,g:Suctoria_XX,s:Suctoria_XX_sp,HQ407389.1.1534_U;tax,k:Eukaryota,OTU288.p:Alveolata-Ciliophora.g:Suctoria_XX
171,OTU290,385,1,385,1721,555,939,100,673,0,98.182,d:TSAR,p:Alveolata-Ciliophora,c:Nassophorea,o:Nassophorea_X,f:Nassulida,g:Nassulida_X,s:Nassulida_X_sp,AB695449.1.1721_U;tax,k:Eukaryota,OTU290.p:Alveolata-Ciliophora.g:Nassulida_X
172,OTU291,407,160,407,1219,728,974,61,158,3.01e-37,78.74,d:TSAR,p:Rhizaria-Cercozoa,c:Filosa-Granofilosea,o:Massiterida,f:Massiteriidae,g:Massisteria,s:Massisteria_sp,AY620257.1.1219_U;tax,k:Eukaryota,OTU291.p:Rhizaria-Cercozoa.g:Massisteria
173,OTU292,402,1,402,735,173,574,100,604,8.83e-172,93.812,d:TSAR,p:Stramenopiles-Bigyra,c:Sagenista,o:Labyrinthulomycetes,f:Labyrinthulaceae,g:Labyrinthulaceae_X,s:Labyrinthulaceae_X_sp,FJ389881.1.735_U;tax,k:Eukaryota,OTU292.p:Stramenopiles-Bigyra.g:Labyrinthulaceae_X
174,OTU293,410,1,410,1877,592,1000,100,213,6.38e-54,76.995,d:Amoebozoa,p:Evosea-Evosea_X,c:Variosea,o:Variosea_X,f:Variosea_XX,g:Variosea_XXX,s:Variosea_XXX_sp,EF024417.1.1877_U;tax,k:Eukaryota,OTU293.p:Evosea-Evosea_X.g:Variosea_XXX
175,OTU300,395,1,395,1682,527,921,100,725,0,99.747,d:Archaeplastida,p:Chlorophyta-Chlorophyta_X,c:Chlorophyceae,o:Chlamydomonadales,f:Chlamydomonadales_X,g:Chlamydomonas,s:Chlamydomonas_reinhardtii,MW678797.1.1682_U;tax,k:Eukaryota,OTU300.p:Chlorophyta-Chlorophyta_X.g:Chlamydomonas
176,OTU302,434,1,434,1883,578,989,100,427,2.22e-118,85.421,d:Amoebozoa,p:Evosea-Evosea_X,c:Variosea,o:Fractovitellida,f:Schizoplasmodiidae,g:Ceratiomyxella,s:Ceratiomyxella_tahitiensis,FJ544419.1.1883_U;tax,k:Eukaryota,OTU302.p:Evosea-Evosea_X.g:Ceratiomyxella
177,OTU304,399,1,399,1024,569,965,100,481,1.54e-134,88.586,d:Amoebozoa,p:Evosea-Evosea_X,c:Variosea,o:Variosea_X,f:AND16-lineage,g:AND16-lineage_X,s:AND16-lineage_X_sp,EU798715.1.1024_U;tax,k:Eukaryota,OTU304.p:Evosea-Evosea_X.g:AND16-lineage_X
178,OTU305,391,1,391,1703,560,951,100,595,5.16e-169,94.148,d:TSAR,p:Alveolata-Ciliophora,c:Colpodea,o:Colpodea_X,f:Colpodida,g:Kalometopia,s:Kalometopia_duplicata,KJ873050.1.1703_U;tax,k:Eukaryota,OTU305.p:Alveolata-Ciliophora.g:Kalometopia
179,OTU308,397,1,397,1653,514,910,100,723,0,99.496,d:Archaeplastida,p:Chlorophyta-Chlorophyta_X,c:Chlorophyceae,o:Chlamydomonadales,f:Chlamydomonadales_X,g:Tetracystis,s:Tetracystis_sp,MH636646.1.1653_U;tax,k:Eukaryota,OTU308.p:Chlorophyta-Chlorophyta_X.g:Tetracystis
180,OTU310,388,1,388,1596,529,915,100,610,1.83e-173,95.116,d:Amoebozoa,p:Tubulinea-Tubulinea_X,c:Elardia,o:Euamoebida,f:Nolandellidae,g:Nolandellidae_X,s:Nolandellidae_X_sp,HM628631.1.1596_U;tax,k:Eukaryota,OTU310.p:Tubulinea-Tubulinea_X.g:Nolandellidae_X
181,OTU316,387,1,387,670,262,648,100,660,0,97.416,d:TSAR,p:Alveolata-Ciliophora,c:Oligohymenophorea,o:Scuticociliatia_1,f:OLIGO9,g:OLIGO9_X,s:OLIGO9_X_sp,DQ115951.1.670_U;tax,k:Eukaryota,OTU316.p:Alveolata-Ciliophora.g:OLIGO9_X
182,OTU317,370,137,370,1658,671,908,77,171,3.49e-41,79.916,d:Archaeplastida,p:Chlorophyta-Chlorophyta_X,c:Mamiellophyceae,o:Monomastigales,f:Monomastigaceae,g:Monomastigaceae-A,s:Monomastigaceae-A_sp,FJ493496.1.1658_U;tax,k:Eukaryota,OTU317.p:Chlorophyta-Chlorophyta_X.g:Monomastigaceae-A
183,OTU318,410,1,410,1864,618,1029,100,693,0,97.087,d:Amoebozoa,p:Tubulinea-Tubulinea_X,c:Elardia,o:Euamoebida,f:LOS7N/I-lineage,g:Ptolemeba,s:Ptolemeba_bulliensis,LC272073.1.1864_U;tax,k:Eukaryota,OTU318.p:Tubulinea-Tubulinea_X.g:Ptolemeba
184,OTU321,405,1,405,1871,581,984,100,381,1.63e-104,83.942,d:Amoebozoa,p:Evosea-Evosea_X,c:Variosea,o:Variosea_X,f:WIM5-lineage,g:WIM5-lineage_X,s:WIM5-lineage_X_sp,AM114801.1.1871_U;tax,k:Eukaryota,OTU321.p:Evosea-Evosea_X.g:WIM5-lineage_X
185,OTU322,384,1,384,1052,521,905,100,394,1.98e-108,85.459,d:TSAR,p:Stramenopiles-Bigyra,c:Sagenista,o:Labyrinthulomycetes,f:Labyrinthulaceae,g:Labyrinthula,s:Labyrinthula_sp,GQ499190.1.1052_U;tax,k:Eukaryota,OTU322.p:Stramenopiles-Bigyra.g:Labyrinthula
186,OTU323,409,1,409,989,475,889,100,313,6.1e-84,80.896,d:Amoebozoa,p:Evosea-Evosea_X,c:Variosea,o:Variosea_X,f:Variosea_XX,g:Variosea_XXX,s:Variosea_XXX_sp,EU545726.1.989_U;tax,k:Eukaryota,OTU323.p:Evosea-Evosea_X.g:Variosea_XXX
187,OTU325,403,161,403,1767,734,972,60,174,2.96e-42,80.162,d:TSAR,p:Stramenopiles-Bigyra,c:Sagenista,o:Sagenista_X,f:MAST-11,g:MAST-11_X,s:MAST-11_X_sp,KF130038.1.1767_U;tax,k:Eukaryota,OTU325.p:Stramenopiles-Bigyra.g:MAST-11_X
188,OTU326,374,1,374,2226,1038,1407,100,350,4.23e-95,83.905,d:Amoebozoa,p:Tubulinea-Tubulinea_X,c:Elardia,o:Euamoebida,f:LOS7N/I-lineage,g:Ptolemeba,s:Ptolemeba_noxubium,KJ542110.1.2226_U;tax,k:Eukaryota,OTU326.p:Tubulinea-Tubulinea_X.g:Ptolemeba
189,OTU327,405,1,405,1877,592,1000,100,420,3.46e-116,85.366,d:Amoebozoa,p:Evosea-Evosea_X,c:Variosea,o:Variosea_X,f:Variosea_XX,g:Variosea_XXX,s:Variosea_XXX_sp,EF024417.1.1877_U;tax,k:Eukaryota,OTU327.p:Evosea-Evosea_X.g:Variosea_XXX
190,OTU330,416,1,416,1123,24,439,100,758,0,99.519,d:TSAR,p:Rhizaria-Cercozoa,c:Filosa-Sarcomonadea,o:Glissomonadida,f:Allapsidae,g:Group-Te,s:Group_Te_sp,FJ592329.1.1123_U;tax,k:Eukaryota,OTU330.p:Rhizaria-Cercozoa.g:Group-Te
191,OTU331,391,1,391,1640,501,892,100,651,0,96.684,d:TSAR,p:Alveolata-Ciliophora,c:Colpodea,o:Colpodea_X,f:Colpodida,g:Colpoda,s:Colpoda_elliotti,KJ873047.1.1640_U;tax,k:Eukaryota,OTU331.p:Alveolata-Ciliophora.g:Colpoda
192,OTU332,403,5,403,1205,1,393,99,300,4.68e-80,80.693,d:Obazoa,p:Opisthokonta-Choanoflagellata,c:Choanoflagellatea,o:Craspedida,f:Monosigidae_Group_O,g:Monosigidae_Group_O_X,s:Monosigidae_Group_O_X_sp,DQ104582.1.1205_U;tax,k:Eukaryota,OTU332.p:Opisthokonta-Choanoflagellata.g:Monosigidae_Group_O_X
193,OTU333,422,1,422,1837,594,1015,100,763,0,99.289,d:TSAR,p:Rhizaria-Cercozoa,c:Endomyxa-Phytomyxea,o:Plasmodiophorida,f:Plasmodiophorida_X,g:Spongospora,s:Spongospora_nasturtii,AF310901.1.1837_U;tax,k:Eukaryota,OTU333.p:Rhizaria-Cercozoa.g:Spongospora
194,OTU334,397,125,397,875,1,272,69,431,1.56e-119,95.238,d:Obazoa,p:Opisthokonta-Opisthokonta_X,c:Opisthokonta_XX,o:Opisthokonta_XXX,f:Opisthokonta_XXXX,g:Opisthokonta_XXXXX,s:Opisthokonta_XXXXX_sp,EF674350.1.875_U;tax,k:Eukaryota,OTU334.p:Opisthokonta-Opisthokonta_X.g:Opisthokonta_XXXXX
195,OTU335,409,1,409,1883,578,989,100,492,7.3e-138,88.489,d:Amoebozoa,p:Evosea-Evosea_X,c:Variosea,o:Fractovitellida,f:Schizoplasmodiidae,g:Ceratiomyxella,s:Ceratiomyxella_tahitiensis,FJ544419.1.1883_U;tax,k:Eukaryota,OTU335.p:Evosea-Evosea_X.g:Ceratiomyxella
196,OTU339,386,1,386,662,255,640,100,675,0,98.187,d:TSAR,p:Alveolata-Ciliophora,c:Oligohymenophorea,o:Peritrichia_2,f:Sessilida,g:Sessilida_X,s:Sessilida_X_sp,FN826894.1.662_U;tax,k:Eukaryota,OTU339.p:Alveolata-Ciliophora.g:Sessilida_X
197,OTU340,402,1,402,735,173,574,100,599,4.11e-170,93.532,d:TSAR,p:Stramenopiles-Bigyra,c:Sagenista,o:Labyrinthulomycetes,f:Labyrinthulaceae,g:Labyrinthulaceae_X,s:Labyrinthulaceae_X_sp,FJ389881.1.735_U;tax,k:Eukaryota,OTU340.p:Stramenopiles-Bigyra.g:Labyrinthulaceae_X
198,OTU342,373,1,372,1808,584,955,99,632,3.74e-180,97.312,d:Amoebozoa,p:Tubulinea-Tubulinea_X,c:Elardia,o:Euamoebida,f:Hartmannellidae,g:Saccamoeba,s:Saccamoeba_sp,JQ271717.1.1808_U;tax,k:Eukaryota,OTU342.p:Tubulinea-Tubulinea_X.g:Saccamoeba
199,OTU344,397,1,397,1358,534,930,100,634,1.11e-180,95.477,d:Archaeplastida,p:Chlorophyta-Chlorophyta_X,c:Chlorophyceae,o:Chlamydomonadales,f:Chlamydomonadales_X,g:Protosiphon,s:Protosiphon_sp,KM985423.1.1358_U;tax,k:Eukaryota,OTU344.p:Chlorophyta-Chlorophyta_X.g:Protosiphon
200,OTU346,413,1,413,1812,574,986,100,752,0,99.516,d:TSAR,p:Rhizaria-Cercozoa,c:Filosa-Sarcomonadea,o:Cercomonadida,f:Cercomonadidae,g:Cercomonas,s:Cercomonas_sp,AY965860.1.1812_U;tax,k:Eukaryota,OTU346.p:Rhizaria-Cercozoa.g:Cercomonas
201,OTU349,403,1,403,1620,551,953,100,734,0,99.504,d:TSAR,p:Rhizaria-Cercozoa,c:Filosa-Sarcomonadea,o:Cercomonadida,f:Cercomonadidae,g:Cercomonas,s:Cercomonas_sp,AB534514.1.1620_U;tax,k:Eukaryota,OTU349.p:Rhizaria-Cercozoa.g:Cercomonas
202,OTU350,374,2,374,1735,571,940,99,425,6.83e-118,87.566,d:TSAR,p:Alveolata-Chrompodellids,c:Colpodellidea,o:Colpodellida,f:Colpodellaceae,g:Colpodellidae2,s:Colpodellidae2_sp,EF025008.1.1735_U;tax,k:Eukaryota,OTU350.p:Alveolata-Chrompodellids.g:Colpodellidae2
203,OTU353,401,1,401,1135,502,904,100,555,8.99e-157,91.646,d:TSAR,p:Rhizaria-Cercozoa,c:Endomyxa,o:Vampyrellida,f:sm27-lineage,g:sm27-lineage_X,s:sm27-lineage_X_sp,EU567267.1.1135_U;tax,k:Eukaryota,OTU353.p:Rhizaria-Cercozoa.g:sm27-lineage_X
204,OTU354,407,1,407,1817,560,966,100,531,1.54e-149,90.268,d:Amoebozoa,p:Evosea-Evosea_X,c:Variosea,o:Fractovitellida,f:Acramoebidae,g:Acramoebidae_X,s:Acramoebidae_X_sp,AB695507.1.1817_U;tax,k:Eukaryota,OTU354.p:Evosea-Evosea_X.g:Acramoebidae_X
205,OTU355,403,1,403,989,475,889,100,401,1.25e-110,84.689,d:Amoebozoa,p:Evosea-Evosea_X,c:Variosea,o:Variosea_X,f:Variosea_XX,g:Variosea_XXX,s:Variosea_XXX_sp,EU545726.1.989_U;tax,k:Eukaryota,OTU355.p:Evosea-Evosea_X.g:Variosea_XXX
206,OTU356,411,1,411,1790,567,977,100,754,0,99.757,d:TSAR,p:Stramenopiles-Gyrista,c:Xanthophyceae,o:Xanthophyceae_X,f:Xanthophyceae_XX,g:Xanthonema,s:Xanthonema_sp,AM491615.1.1790_U;tax,k:Eukaryota,OTU356.p:Stramenopiles-Gyrista.g:Xanthonema
207,OTU358,386,1,386,1472,432,817,100,686,0,98.705,d:TSAR,p:Alveolata-Ciliophora,c:Oligohymenophorea,o:Peritrichia_2,f:Sessilida,g:Sessilida_X,s:Sessilida_X_sp,KU363242.1.1472_U;tax,k:Eukaryota,OTU358.p:Alveolata-Ciliophora.g:Sessilida_X
208,OTU361,386,1,386,1068,24,409,100,619,3.02e-176,95.619,d:TSAR,p:Alveolata-Ciliophora,c:Colpodea,o:Colpodea_X,f:Cyrtolophosidida,g:Cyrtolophosidida_X,s:Cyrtolophosidida_X_sp,FJ592470.1.1068_U;tax,k:Eukaryota,OTU361.p:Alveolata-Ciliophora.g:Cyrtolophosidida_X
209,OTU362,394,1,394,1714,538,929,100,571,8.76e-162,92.893,d:TSAR,p:Stramenopiles-Bigyra,c:Bicoecea,o:Borokales,f:Borokaceae,g:Borokaceae_X,s:Borokaceae_X_sp,FJ971856.1.1714_U;tax,k:Eukaryota,OTU362.p:Stramenopiles-Bigyra.g:Borokaceae_X
210,OTU363,398,1,398,1645,585,982,100,520,3.25e-146,90.226,d:TSAR,p:Alveolata-Chrompodellids,c:Colpodellidea,o:Colpodellida,f:Colpodellida_CHR1,g:Colpodellida_CHR1_X,s:Colpodellida_CHR1_X_sp,KC315835.1.1645_U;tax,k:Eukaryota,OTU363.p:Alveolata-Chrompodellids.g:Colpodellida_CHR1_X
211,OTU364,399,1,399,1878,593,994,100,440,2.61e-122,86.634,d:Amoebozoa,p:Tubulinea-Tubulinea_X,c:Elardia,o:Euamoebida,f:Hartmannellidae,g:Copromyxa,s:Copromyxa_laresi,JQ271679.1.1878_U;tax,k:Eukaryota,OTU364.p:Tubulinea-Tubulinea_X.g:Copromyxa
212,OTU365,406,1,406,1872,582,988,100,617,1.15e-175,94.103,d:Amoebozoa,p:Evosea-Evosea_X,c:Variosea,o:Flamellidae,f:Flamella-lineage,g:Flamella-lineage_X,s:Flamella-lineage_X_sp,FR874405.1.1872_U;tax,k:Eukaryota,OTU365.p:Evosea-Evosea_X.g:Flamella-lineage_X
213,OTU366,408,1,408,1832,561,968,100,383,4.57e-105,83.894,d:Amoebozoa,p:Evosea-Evosea_X,c:Variosea,o:Flamellidae,f:Flamella-lineage,g:Flamella,s:Flamella_arnhemensis,LC371660.1.1832_U;tax,k:Eukaryota,OTU366.p:Evosea-Evosea_X.g:Flamella
214,OTU368,414,1,414,1927,636,1052,100,313,6.18e-84,80.66,d:Amoebozoa,p:Tubulinea-Tubulinea_X,c:Elardia,o:Euamoebida,f:LOS7N/I-lineage,g:Ptolemeba,s:Ptolemeba_bulliensis,KJ542108.1.1927_U;tax,k:Eukaryota,OTU368.p:Tubulinea-Tubulinea_X.g:Ptolemeba
215,OTU369,390,1,390,1654,575,961,100,429,5.52e-119,86.835,d:TSAR,p:Alveolata-Apicomplexa,c:Gregarinomorphea,o:Neogregarinorida,f:Stylocephalidae,g:Xiphocephalus,s:Xiphocephalus_gigas,KU664395.1.1654_U;tax,k:Eukaryota,OTU369.p:Alveolata-Apicomplexa.g:Xiphocephalus
216,OTU371,407,1,407,1816,587,993,100,741,0,99.509,d:TSAR,p:Rhizaria-Cercozoa,c:Filosa-Sarcomonadea,o:Cercomonadida,f:Cercomonadidae,g:Neocercomonas,s:Neocercomonas_sp,MG775617.1.1816_U;tax,k:Eukaryota,OTU371.p:Rhizaria-Cercozoa.g:Neocercomonas
217,OTU372,405,1,405,1519,436,839,100,625,6.83e-178,94.568,d:Amoebozoa,p:Tubulinea-Tubulinea_X,c:Elardia,o:Euamoebida,f:Nolandellidae,g:Nolandellidae_X,s:Nolandellidae_X_sp,AY821961.1.1519_U;tax,k:Eukaryota,OTU372.p:Tubulinea-Tubulinea_X.g:Nolandellidae_X
218,OTU373,403,1,403,1845,562,964,100,734,0,99.504,d:Amoebozoa,p:Evosea-Evosea_X,c:Variosea,o:Protosteliida,f:Protosteliida_X,g:Protostelium,s:Protostelium_sp,GU290108.1.1845_U;tax,k:Eukaryota,OTU373.p:Evosea-Evosea_X.g:Protostelium
219,OTU374,396,1,396,1773,561,956,100,715,0,99.242,d:Archaeplastida,p:Chlorophyta-Chlorophyta_X,c:Chlorophyceae,o:Chlamydomonadales,f:Chlamydomonadales_X,g:Chloromonas,s:Chloromonas_sp,HQ404890.1.1773_U;tax,k:Eukaryota,OTU374.p:Chlorophyta-Chlorophyta_X.g:Chloromonas
220,OTU375,407,1,407,1605,531,925,100,575,7.01e-163,92.647,d:Amoebozoa,p:Tubulinea-Tubulinea_X,c:Elardia,o:Euamoebida,f:Nolandellidae,g:Nolandellidae_X,s:Nolandellidae_X_sp,AF372795.1.1605_U;tax,k:Eukaryota,OTU375.p:Tubulinea-Tubulinea_X.g:Nolandellidae_X
221,OTU376,415,164,415,1158,754,997,61,148,1.85e-34,78.21,d:TSAR,p:Rhizaria-Cercozoa,c:Filosa-Granofilosea,o:Massiterida,f:Massiteriidae,g:Massisteria,s:Massisteria_sp,FN598455.1.1158_U;tax,k:Eukaryota,OTU376.p:Rhizaria-Cercozoa.g:Massisteria
222,OTU377,385,1,385,1425,458,843,100,568,1.11e-160,93.316,d:TSAR,p:Alveolata-Ciliophora,c:Nassophorea,o:Nassophorea_X,f:Microthoracida,g:Microthoracida_X,s:Microthoracida_X_sp,GQ330625.1.1425_U;tax,k:Eukaryota,OTU377.p:Alveolata-Ciliophora.g:Microthoracida_X
223,OTU378,399,1,399,1785,572,970,100,721,0,99.248,d:TSAR,p:Stramenopiles-Gyrista,c:Bacillariophyceae,o:Bacillariophyceae_X,f:Bacillariophyceae_XX,g:Bacillariophyceae_XXX,s:Bacillariophyceae_XXX_sp,KC771171.1.1785_U;tax,k:Eukaryota,OTU378.p:Stramenopiles-Gyrista.g:Bacillariophyceae_XXX
224,OTU379,421,185,421,1460,381,621,69,326,8.09e-88,91.358,d:Amoebozoa,p:Evosea-Evosea_X,c:Variosea,o:Flamellidae,f:Flamella-lineage,g:Flamella-lineage_X,s:Flamella-lineage_X_sp,AF372778.1.1460_U;tax,k:Eukaryota,OTU379.p:Evosea-Evosea_X.g:Flamella-lineage_X
225,OTU380,396,1,396,1790,584,979,100,721,0,99.495,d:Archaeplastida,p:Chlorophyta-Chlorophyta_X,c:Chlorophyceae,o:Chlamydomonadales,f:Chlamydomonadales_X,g:Heterochlamydomonas,s:Heterochlamydomonas_sp,MT425954.1.1790_U;tax,k:Eukaryota,OTU380.p:Chlorophyta-Chlorophyta_X.g:Heterochlamydomonas
226,OTU381,399,1,399,1644,496,894,100,676,0,97.243,d:TSAR,p:Stramenopiles-Gyrista,c:Chrysophyceae,o:Ochromonadales,f:Ochromonadales_clade-XIII,g:Ochromonadales_clade-XIII_X,s:Ochromonadales_clade-XIII_X_sp,DQ388542.1.1644_U;tax,k:Eukaryota,OTU381.p:Stramenopiles-Gyrista.g:Ochromonadales_clade-XIII_X
227,OTU383,405,1,405,1817,560,966,100,473,2.62e-132,87.775,d:Amoebozoa,p:Evosea-Evosea_X,c:Variosea,o:Fractovitellida,f:Acramoebidae,g:Acramoebidae_X,s:Acramoebidae_X_sp,AB695507.1.1817_U;tax,k:Eukaryota,OTU383.p:Evosea-Evosea_X.g:Acramoebidae_X
228,OTU384,421,1,421,1961,599,1033,100,259,8.32e-68,78.231,d:Amoebozoa,p:Evosea-Evosea_X,c:Variosea,o:Flamellidae,f:WIM80-lineage,g:WIM80-lineage_X,s:WIM80-lineage_X_sp,AM114808.1.1961_U;tax,k:Eukaryota,OTU384.p:Evosea-Evosea_X.g:WIM80-lineage_X
229,OTU386,404,1,404,1862,578,984,100,255,1.03e-66,78.657,d:Amoebozoa,p:Evosea-Evosea_X,c:Variosea,o:Variosea_X,f:Variosea_XX,g:Variosea_XXX,s:Variosea_XXX_sp,EF023424.1.1862_U;tax,k:Eukaryota,OTU386.p:Evosea-Evosea_X.g:Variosea_XXX
230,OTU387,406,171,406,1707,648,884,58,259,8e-68,86.667,d:Obazoa,p:Apusomonada-Apusomonada_X,c:Apusomonadidae,o:Apusomonadidae_Group-1,f:Apusomonadidae_Group-1_X,g:Apusomonadidae_Group-1_XX,s:Apusomonadidae_Group-1_XX_sp,AB505489.1.1707_U;tax,k:Eukaryota,OTU387.p:Apusomonada-Apusomonada_X.g:Apusomonadidae_Group-1_XX
231,OTU388,414,1,414,1869,575,989,100,604,9.11e-172,93.046,d:Amoebozoa,p:Evosea-Evosea_X,c:Variosea,o:Flamellidae,f:Flamella-lineage,g:Flamella-lineage_X,s:Flamella-lineage_X_sp,AM114809.1.1869_U;tax,k:Eukaryota,OTU388.p:Evosea-Evosea_X.g:Flamella-lineage_X
232,OTU391,385,1,385,1824,608,988,100,619,3.01e-176,95.844,d:Amoebozoa,p:Tubulinea-Tubulinea_X,c:Elardia,o:Euamoebida,f:Nolandellidae,g:Nolandellidae_X,s:Nolandellidae_X_sp,EF023499.1.1824_U;tax,k:Eukaryota,OTU391.p:Tubulinea-Tubulinea_X.g:Nolandellidae_X
233,OTU392,328,1,327,1641,536,862,99,593,1.53e-168,99.388,d:TSAR,p:Alveolata-Ciliophora,c:Litostomatea,o:Litostomatea_X,f:Litostomatea_XX,g:Litostomatea_XXX,s:Litostomatea_XXX_sp,JF263450.1.1641_U;tax,k:Eukaryota,OTU392.p:Alveolata-Ciliophora.g:Litostomatea_XXX
234,OTU393,406,1,406,1809,584,989,100,734,0,99.261,d:TSAR,p:Rhizaria-Cercozoa,c:Endomyxa,o:Vampyrellida,f:Leptophryidae,g:Platyreta,s:Platyreta_germanica,AY941201.1.1809_U;tax,k:Eukaryota,OTU393.p:Rhizaria-Cercozoa.g:Platyreta
235,OTU395,404,168,404,877,183,419,59,272,1.02e-71,87.552,d:Obazoa,p:Apusomonada-Apusomonada_X,c:Apusomonadidae,o:Apusomonadidae_Group-1,f:Apusomonadidae_Group-1_X,g:Apusomonadidae_Group-1_XX,s:Apusomonadidae_Group-1_XX_sp,HQ867504.1.877_U;tax,k:Eukaryota,OTU395.p:Apusomonada-Apusomonada_X.g:Apusomonadidae_Group-1_XX
236,OTU396,402,161,402,1777,739,977,60,167,4.94e-40,79.675,d:TSAR,p:Stramenopiles-Bigyra,c:Sagenista,o:Sagenista_X,f:MAST-11,g:MAST-11_X,s:MAST-11_X_sp,KF129835.1.1777_U;tax,k:Eukaryota,OTU396.p:Stramenopiles-Bigyra.g:MAST-11_X
237,OTU400,406,1,406,1872,582,988,100,640,0,95.086,d:Amoebozoa,p:Evosea-Evosea_X,c:Variosea,o:Flamellidae,f:Flamella-lineage,g:Flamella-lineage_X,s:Flamella-lineage_X_sp,FR874405.1.1872_U;tax,k:Eukaryota,OTU400.p:Evosea-Evosea_X.g:Flamella-lineage_X
238,OTU401,409,1,409,989,475,889,100,357,2.78e-97,82.783,d:Amoebozoa,p:Evosea-Evosea_X,c:Variosea,o:Variosea_X,f:Variosea_XX,g:Variosea_XXX,s:Variosea_XXX_sp,EU545726.1.989_U;tax,k:Eukaryota,OTU401.p:Evosea-Evosea_X.g:Variosea_XXX
239,OTU402,411,159,411,1438,314,567,74,274,2.9e-72,86.328,d:Amoebozoa,p:Tubulinea-Tubulinea_X,c:Elardia,o:Euamoebida,f:Hartmannellidae,g:Copromyxa,s:Copromyxa_microcystidis,KP719188.1.1438_U;tax,k:Eukaryota,OTU402.p:Tubulinea-Tubulinea_X.g:Copromyxa
240,OTU407,406,1,406,1800,576,981,100,662,0,96.059,d:TSAR,p:Rhizaria-Cercozoa,c:Endomyxa,o:Vampyrellida,f:Vampyrellida_X,g:Vampyrellida_clade_B,s:Vampyrellida_sp,KC779519.1.1800_U;tax,k:Eukaryota,OTU407.p:Rhizaria-Cercozoa.g:Vampyrellida_clade_B
241,OTU408,407,1,407,1850,548,961,100,508,7.22e-143,89.157,d:Archaeplastida,p:Rhodophyta-Rhodophyta_X,c:Rhodophyta_XX,o:Rhodophyta_XXX,f:Rhodophyta_XXXX,g:Rhodophyta_XXXXX,s:Rhodophyta_XXXXX_sp,AB695474.1.1850_U;tax,k:Eukaryota,OTU408.p:Rhodophyta-Rhodophyta_X.g:Rhodophyta_XXXXX
242,OTU409,408,1,408,1859,595,1004,100,645,0,95.134,d:Amoebozoa,p:Evosea-Evosea_X,c:Variosea,o:Variosea_X,f:Phalansteriidae,g:Phalansterium,s:Phalansterium_sp,EF143966.1.1859_U;tax,k:Eukaryota,OTU409.p:Evosea-Evosea_X.g:Phalansterium
243,OTU410,408,1,408,1810,579,986,100,743,0,99.51,d:TSAR,p:Rhizaria-Cercozoa,c:Filosa-Sarcomonadea,o:Cercomonadida,f:Cercomonadidae,g:Cercomonas,s:Cercomonas_sp,MG775578.1.1810_U;tax,k:Eukaryota,OTU410.p:Rhizaria-Cercozoa.g:Cercomonas
244,OTU411,397,1,397,1743,558,954,100,684,0,97.733,d:Archaeplastida,p:Chlorophyta-Chlorophyta_X,c:Chlorophyceae,o:Chlamydomonadales,f:Chlamydomonadales_X,g:Deasonia,s:Deasonia_prolifera,AB936280.1.1743_U;tax,k:Eukaryota,OTU411.p:Chlorophyta-Chlorophyta_X.g:Deasonia
245,OTU412,399,1,399,1024,569,965,100,459,7.22e-128,87.593,d:Amoebozoa,p:Evosea-Evosea_X,c:Variosea,o:Variosea_X,f:AND16-lineage,g:AND16-lineage_X,s:AND16-lineage_X_sp,EU798715.1.1024_U;tax,k:Eukaryota,OTU412.p:Evosea-Evosea_X.g:AND16-lineage_X
246,OTU413,399,1,399,1629,543,943,100,712,0,98.753,d:TSAR,p:Rhizaria-Cercozoa,c:Filosa-Thecofilosea,o:Cryomonadida,f:Rhogostoma-lineage,g:Rhogostoma,s:Rhogostoma_kappa,MN860275.1.1629_U;tax,k:Eukaryota,OTU413.p:Rhizaria-Cercozoa.g:Rhogostoma
247,OTU414,402,1,402,1769,577,980,100,501,1.19e-140,89.136,d:TSAR,p:Rhizaria-Cercozoa,c:Endomyxa,o:Vampyrellida,f:Thalassomyxa-lineage,g:Thalassomyxa-lineage_X,s:Thalassomyxa-lineage_X_sp,EU910611.1.1769_U;tax,k:Eukaryota,OTU414.p:Rhizaria-Cercozoa.g:Thalassomyxa-lineage_X
248,OTU416,407,163,407,1158,755,997,60,174,2.99e-42,80.159,d:TSAR,p:Rhizaria-Cercozoa,c:Filosa-Granofilosea,o:Massiterida,f:Massiteriidae,g:Massisteria,s:Massisteria_sp,FN598455.1.1158_U;tax,k:Eukaryota,OTU416.p:Rhizaria-Cercozoa.g:Massisteria
249,OTU417,388,1,388,708,178,564,100,627,1.81e-178,95.887,d:TSAR,p:Alveolata-Apicomplexa,c:Gregarinomorphea,o:Neogregarinorida,f:Actinocephalidae,g:Actinocephalidae_NEO1,s:Actinocephalidae_NEO1_sp,AY969144.1.708_U;tax,k:Eukaryota,OTU417.p:Alveolata-Apicomplexa.g:Actinocephalidae_NEO1
250,OTU418,404,1,404,1519,436,839,100,403,3.47e-111,84.729,d:Amoebozoa,p:Tubulinea-Tubulinea_X,c:Elardia,o:Euamoebida,f:Nolandellidae,g:Nolandellidae_X,s:Nolandellidae_X_sp,AY821961.1.1519_U;tax,k:Eukaryota,OTU418.p:Tubulinea-Tubulinea_X.g:Nolandellidae_X
251,OTU420,391,1,391,1776,582,968,100,486,3.24e-136,89.34,d:TSAR,p:Alveolata-Ciliophora,c:Oligohymenophorea,o:Oligohymenophorea_X,f:Oligohymenophorea_XX,g:Paratetrahymena,s:Paratetrahymena_sp,EU744176.1.1776_U;tax,k:Eukaryota,OTU420.p:Alveolata-Ciliophora.g:Paratetrahymena
252,OTU421,387,1,387,1619,467,853,100,688,0,98.708,d:TSAR,p:Alveolata-Ciliophora,c:Heterotrichea,o:Heterotrichea_X,f:Blepharismidae,g:Blepharisma,s:Blepharisma_penardi,KR815913.1.1619_U;tax,k:Eukaryota,OTU421.p:Alveolata-Ciliophora.g:Blepharisma
253,OTU422,393,1,393,2201,470,862,100,610,1.85e-173,94.656,d:Cryptista,p:Cryptophyta-Cryptophyta_X,c:Cryptophyceae,o:Cryptomonadales,f:Cryptomonadales_X,g:Cryptomonas,s:Cryptomonas_erosa,MW487989.1.2201_U;tax,k:Eukaryota,OTU422.p:Cryptophyta-Cryptophyta_X.g:Cryptomonas
254,OTU424,390,1,390,1868,641,1031,100,549,4.06e-155,92.152,d:Amoebozoa,p:Tubulinea-Tubulinea_X,c:Elardia,o:Leptomyxida,f:Flabellulidae,g:Paraflabellula,s:Paraflabellula_sp,EU852656.1.1868_U;tax,k:Eukaryota,OTU424.p:Tubulinea-Tubulinea_X.g:Paraflabellula
255,OTU427,402,166,402,877,183,419,59,267,4.73e-70,87.137,d:Obazoa,p:Apusomonada-Apusomonada_X,c:Apusomonadidae,o:Apusomonadidae_Group-1,f:Apusomonadidae_Group-1_X,g:Apusomonadidae_Group-1_XX,s:Apusomonadidae_Group-1_XX_sp,HQ867504.1.877_U;tax,k:Eukaryota,OTU427.p:Apusomonada-Apusomonada_X.g:Apusomonadidae_Group-1_XX
256,OTU428,396,1,396,1766,564,959,100,726,0,99.747,d:Archaeplastida,p:Chlorophyta-Chlorophyta_X,c:Chlorophyceae,o:Chlamydomonadales,f:Chlamydomonadales_X,g:Chlamydomonas,s:Chlamydomonas_sp,KY654753.1.1766_U;tax,k:Eukaryota,OTU428.p:Chlorophyta-Chlorophyta_X.g:Chlamydomonas
257,OTU429,410,1,410,1199,11,409,100,248,1.75e-64,78.469,d:Archaeplastida,p:Streptophyta-Streptophyta_X,c:Streptophyta_XX,o:Streptophyta_XXX,f:Streptophyta_XXXX,g:Streptophyta_XXXXX,s:Streptophyta_XXXXX_sp,GU824549.1.1199_U;tax,k:Eukaryota,OTU429.p:Streptophyta-Streptophyta_X.g:Streptophyta_XXXXX
258,OTU430,393,1,393,1258,206,597,100,647,0,96.438,d:TSAR,p:Alveolata-Ciliophora,c:Colpodea,o:Colpodea_X,f:Colpodida,g:Colpodida_X,s:Colpodida_X_sp,JN635479.1.1258_U;tax,k:Eukaryota,OTU430.p:Alveolata-Ciliophora.g:Colpodida_X
259,OTU431,326,1,325,1639,535,859,99,584,9.18e-166,99.077,d:TSAR,p:Alveolata-Ciliophora,c:Litostomatea,o:Haptoria_7,f:Spathidiida,g:Paraenchelys,s:Paraenchelys_terricola,MG264147.1.1639_U;tax,k:Eukaryota,OTU431.p:Alveolata-Ciliophora.g:Paraenchelys
260,OTU432,401,1,401,1024,569,965,100,488,9.25e-137,88.861,d:Amoebozoa,p:Evosea-Evosea_X,c:Variosea,o:Variosea_X,f:AND16-lineage,g:AND16-lineage_X,s:AND16-lineage_X_sp,EU798715.1.1024_U;tax,k:Eukaryota,OTU432.p:Evosea-Evosea_X.g:AND16-lineage_X
261,OTU434,386,1,386,1610,479,864,100,608,6.53e-173,95.078,d:TSAR,p:Alveolata-Ciliophora,c:Colpodea,o:Colpodea_X,f:Cyrtolophosidida,g:Apocyrtolophosis,s:Apocyrtolophosis_minor,KJ873044.1.1610_U;tax,k:Eukaryota,OTU434.p:Alveolata-Ciliophora.g:Apocyrtolophosis
262,OTU435,416,1,56,1803,589,644,13,82.4,1.91e-14,92.857,d:Archaeplastida,p:Rhodophyta-Rhodophyta_X,c:Bangiophyceae,o:Bangiales,f:Bangiaceae,g:Porphyra,s:Porphyra_plocamiestris,AF175555.1.1803_U;tax,k:Eukaryota,OTU435.p:Rhodophyta-Rhodophyta_X.g:Porphyra
263,OTU436,412,1,412,1742,560,971,100,756,0,99.757,d:TSAR,p:Stramenopiles-Gyrista,c:Xanthophyceae,o:Xanthophyceae_X,f:Xanthophyceae_XX,g:Chlorellidium,s:Chlorellidium_pyrenoidosum,AJ579338.1.1742_U;tax,k:Eukaryota,OTU436.p:Stramenopiles-Gyrista.g:Chlorellidium
264,OTU438,392,1,392,1762,576,969,100,638,0,95.96,d:TSAR,p:Alveolata-Ciliophora,c:Spirotrichea,o:Hypotrichia,f:Oxytrichidae,g:Oxytrichidae_X,s:Oxytrichidae_X_sp,EF024975.1.1762_U;tax,k:Eukaryota,OTU438.p:Alveolata-Ciliophora.g:Oxytrichidae_X
265,OTU440,351,1,351,632,258,610,100,551,1.01e-155,94.901,d:TSAR,p:Alveolata-Ciliophora,c:Phyllopharyngea,o:Suctoria,f:Evaginogenida,g:Evaginogenida_X,s:Evaginogenida_X_sp,DQ115964.1.632_U;tax,k:Eukaryota,OTU440.p:Alveolata-Ciliophora.g:Evaginogenida_X
266,OTU441,396,1,396,2330,525,920,100,676,0,97.475,d:Archaeplastida,p:Chlorophyta-Chlorophyta_X,c:Trebouxiophyceae,o:Chlorellales,f:Chlorellales_X,g:Oocystis,s:Oocystis_sp,KY038331.1.2330_U;tax,k:Eukaryota,OTU441.p:Chlorophyta-Chlorophyta_X.g:Oocystis
267,OTU443,399,1,399,668,161,559,100,732,0,99.749,d:TSAR,p:Stramenopiles-Gyrista,c:Bacillariophyceae,o:Bacillariales,f:Bacillariaceae,g:Nitzschia,s:Nitzschia_commutata,OL780297.1.668_U;tax,k:Eukaryota,OTU443.p:Stramenopiles-Gyrista.g:Nitzschia
268,OTU445,410,1,410,1547,573,981,100,684,0,96.829,d:Amoebozoa,p:Evosea-Evosea_X,c:Variosea,o:Variosea_X,f:Phalansteriidae,g:Phalansterium,s:Phalansterium_arcticum,KX844828.1.1547_U;tax,k:Eukaryota,OTU445.p:Evosea-Evosea_X.g:Phalansterium
269,OTU446,407,167,407,951,118,358,59,207,2.95e-52,82.449,d:TSAR,p:Telonemia-Telonemia_X,c:Telonemia_XX,o:Telonemia_XXX,f:Telonemia-Group-2,g:Telonemia-Group-2_X,s:Telonemia-Group-2_X_sp,GQ365802.1.951_U;tax,k:Eukaryota,OTU446.p:Telonemia-Telonemia_X.g:Telonemia-Group-2_X
270,OTU448,401,1,401,1831,558,957,100,340,2.74e-92,82.31,d:Amoebozoa,p:Evosea-Evosea_X,c:Variosea,o:Variosea_X,f:AND16-lineage,g:AND16-lineage_X,s:AND16-lineage_X_sp,AY965863.1.1831_U;tax,k:Eukaryota,OTU448.p:Evosea-Evosea_X.g:AND16-lineage_X
271,OTU451,402,1,402,735,173,574,100,621,8.77e-177,94.527,d:TSAR,p:Stramenopiles-Bigyra,c:Sagenista,o:Labyrinthulomycetes,f:Labyrinthulaceae,g:Labyrinthulaceae_X,s:Labyrinthulaceae_X_sp,FJ389881.1.735_U;tax,k:Eukaryota,OTU451.p:Stramenopiles-Bigyra.g:Labyrinthulaceae_X
272,OTU452,408,1,406,862,101,506,99,728,0,99.015,d:TSAR,p:Rhizaria-Cercozoa,c:Filosa-Sarcomonadea,o:Cercomonadida,f:Paracercomonadidae,g:Paracercomonas,s:Paracercomonas_sp,AY360709.1.862_U;tax,k:Eukaryota,OTU452.p:Rhizaria-Cercozoa.g:Paracercomonas
273,OTU453,406,1,406,1587,567,972,100,728,0,99.015,d:Haptista,p:Centroplasthelida-Centroplasthelida_X,c:Centroplasthelida_XX,o:Centroplasthelida_XXX,f:Centroplasthelida_XXXX,g:Centroplasthelida_XXXXX,s:Centroplasthelida_XXXXX_sp,JQ245081.1.1587_U;tax,k:Eukaryota,OTU453.p:Centroplasthelida-Centroplasthelida_X.g:Centroplasthelida_XXXXX
274,OTU454,407,1,407,624,3,409,100,747,0,99.754,d:Amoebozoa,p:Evosea-Evosea_X,c:Variosea,o:Flamellidae,f:Flamella-lineage,g:Flamella,s:Flamella_sp,KC669504.1.624_U;tax,k:Eukaryota,OTU454.p:Evosea-Evosea_X.g:Flamella
275,OTU455,405,1,405,1827,596,1000,100,732,0,99.259,d:Amoebozoa,p:Tubulinea-Tubulinea_X,c:Echinamoebida,o:Echinamoebida_X,f:Echinamoebidae,g:Echinamoeba,s:Echinamoeba_exundans,AF293895.1.1827_U;tax,k:Eukaryota,OTU455.p:Tubulinea-Tubulinea_X.g:Echinamoeba
276,OTU456,424,1,424,1882,579,1013,100,350,4.82e-95,81.982,d:Amoebozoa,p:Discosea-Discosea_X,c:Centramoebia,o:Acanthopodida,f:Acanthamoebidae,g:Acanthamoeba,s:Acanthamoeba_sp,AB505484.1.1882_U;tax,k:Eukaryota,OTU456.p:Discosea-Discosea_X.g:Acanthamoeba
277,OTU457,430,1,430,1849,592,1020,100,516,4.56e-145,88.532,d:Amoebozoa,p:Tubulinea-Tubulinea_X,c:Echinamoebida,o:Echinamoebida_X,f:Echinamoebidae,g:Echinamoeba,s:Echinamoeba_thermarum,AJ489261.1.1849_U;tax,k:Eukaryota,OTU457.p:Tubulinea-Tubulinea_X.g:Echinamoeba
278,OTU458,406,1,406,1877,592,1000,100,337,3.59e-91,81.928,d:Amoebozoa,p:Evosea-Evosea_X,c:Variosea,o:Variosea_X,f:Variosea_XX,g:Variosea_XXX,s:Variosea_XXX_sp,EF024417.1.1877_U;tax,k:Eukaryota,OTU458.p:Evosea-Evosea_X.g:Variosea_XXX
279,OTU460,391,1,391,1678,538,928,100,706,0,99.233,d:TSAR,p:Alveolata-Ciliophora,c:Colpodea,o:Colpodea_X,f:Colpodida,g:Colpoda,s:Colpoda_minima,EU039897.1.1678_U;tax,k:Eukaryota,OTU460.p:Alveolata-Ciliophora.g:Colpoda
280,OTU462,402,1,402,1812,564,963,100,536,3.27e-151,90.842,d:Amoebozoa,p:Evosea-Evosea_X,c:Variosea,o:Cavosteliida,f:Cavosteliida_X,g:Schizoplasmodiopsis,s:Schizoplasmodiopsis_vulgaris,EF513180.1.1812_U;tax,k:Eukaryota,OTU462.p:Evosea-Evosea_X.g:Schizoplasmodiopsis
281,OTU464,398,1,398,2441,544,941,100,680,0,97.487,d:Archaeplastida,p:Chlorophyta-Chlorophyta_X,c:Trebouxiophyceae,o:Watanabea-Clade,f:Watanabea-Clade_X,g:Lobosphaeropsis,s:Lobosphaeropsis_lobophora,MT827196.1.2441_U;tax,k:Eukaryota,OTU464.p:Chlorophyta-Chlorophyta_X.g:Lobosphaeropsis
282,OTU465,388,1,388,1673,522,909,100,617,1.09e-175,95.361,d:TSAR,p:Alveolata-Ciliophora,c:Colpodea,o:Colpodea_X,f:Bursariomorphida,g:Bursariomorphida_X,s:Bursariomorphida_X_sp,KJ925304.1.1673_U;tax,k:Eukaryota,OTU465.p:Alveolata-Ciliophora.g:Bursariomorphida_X
283,OTU467,386,142,386,1613,746,987,79,244,2.12e-63,85.081,d:TSAR,p:Stramenopiles-Gyrista,c:Bolidophyceae,o:Parmales,f:Triparmaceae,g:Triparma,s:Triparma_pacifica,AF167156.1.1613_U;tax,k:Eukaryota,OTU467.p:Stramenopiles-Gyrista.g:Triparma
284,OTU468,407,1,407,1800,584,990,100,652,0,95.588,d:TSAR,p:Rhizaria-Cercozoa,c:Filosa-Thecofilosea,o:Cryomonadida,f:Rhogostoma-lineage,g:Rhogostoma-lineage_X,s:Rhogostoma-lineage_X_sp,EF023854.1.1800_U;tax,k:Eukaryota,OTU468.p:Rhizaria-Cercozoa.g:Rhogostoma-lineage_X
285,OTU469,396,1,396,1690,519,914,100,704,0,98.737,d:Archaeplastida,p:Chlorophyta-Chlorophyta_X,c:Chlorophyceae,o:Chlamydomonadales,f:Chlamydomonadales_X,g:Tetracystis,s:Tetracystis_sp,MH619570.1.1690_U;tax,k:Eukaryota,OTU469.p:Chlorophyta-Chlorophyta_X.g:Tetracystis
286,OTU471,401,1,401,1665,476,876,100,697,0,98.005,d:TSAR,p:Stramenopiles-Gyrista,c:Chrysophyceae,o:Ochromonadales,f:Ochromonadales_X,g:Ochromonadales_XX,s:Ochromonadales_XX_sp,AB520723.1.1665_U;tax,k:Eukaryota,OTU471.p:Stramenopiles-Gyrista.g:Ochromonadales_XX
287,OTU472,389,1,389,1762,572,961,100,448,1.52e-124,87.5,d:TSAR,p:Alveolata-Apicomplexa,c:Gregarinomorphea,o:Neogregarinorida,f:Actinocephalidae,g:Monocystis,s:Monocystis_sp,EF024926.1.1762_U;tax,k:Eukaryota,OTU472.p:Alveolata-Apicomplexa.g:Monocystis
288,OTU475,406,1,406,1056,533,942,100,632,4.09e-180,94.634,d:TSAR,p:Stramenopiles-Bigyra,c:Sagenista,o:Labyrinthulomycetes,f:Oblongichytridiaceae,g:Oblongichytrium,s:Oblongichytrium_sp,KM460825.1.1056_U;tax,k:Eukaryota,OTU475.p:Stramenopiles-Bigyra.g:Oblongichytrium
289,OTU476,409,1,409,1883,578,989,100,459,7.41e-128,87.019,d:Amoebozoa,p:Evosea-Evosea_X,c:Variosea,o:Fractovitellida,f:Schizoplasmodiidae,g:Ceratiomyxella,s:Ceratiomyxella_tahitiensis,FJ544419.1.1883_U;tax,k:Eukaryota,OTU476.p:Evosea-Evosea_X.g:Ceratiomyxella
290,OTU480,413,227,413,800,536,723,60,163,6.57e-39,82.632,d:TSAR,p:Rhizaria-Cercozoa,c:Filosa-Granofilosea,o:Filosa-Granofilosea_X,f:Filosa-Granofilosea_XX,g:Filosa-Granofilosea_XXX,s:Filosa-Granofilosea_XXX_sp,KC109729.1.800_U;tax,k:Eukaryota,OTU480.p:Rhizaria-Cercozoa.g:Filosa-Granofilosea_XXX
291,OTU482,416,1,416,1697,524,940,100,553,3.36e-156,90.714,d:TSAR,p:Stramenopiles-Bigyra,c:Sagenista,o:Labyrinthulomycetes,f:Amphifilaceae,g:Fibrophrys,s:Fibrophrys_sp,AB721051.1.1697_U;tax,k:Eukaryota,OTU482.p:Stramenopiles-Bigyra.g:Fibrophrys
292,OTU483,406,1,406,1797,580,986,100,623,2.46e-177,94.349,d:TSAR,p:Rhizaria-Cercozoa,c:Endomyxa,o:Vampyrellida,f:Vampyrellida_X,g:Vampyrellida_clade_B,s:Vampyrellida_sp,KC779514.1.1797_U;tax,k:Eukaryota,OTU483.p:Rhizaria-Cercozoa.g:Vampyrellida_clade_B
293,OTU484,409,1,409,989,475,889,100,302,1.32e-80,80.191,d:Amoebozoa,p:Evosea-Evosea_X,c:Variosea,o:Variosea_X,f:Variosea_XX,g:Variosea_XXX,s:Variosea_XXX_sp,EU545726.1.989_U;tax,k:Eukaryota,OTU484.p:Evosea-Evosea_X.g:Variosea_XXX
294,OTU485,405,1,405,1270,203,607,100,721,0,98.765,d:TSAR,p:Rhizaria-Cercozoa,c:Filosa-Sarcomonadea,o:Cercomonadida,f:Cercomonadidae,g:Cercomonadidae_X,s:Cercomonadidae_X_sp,AF372741.1.1270_U;tax,k:Eukaryota,OTU485.p:Rhizaria-Cercozoa.g:Cercomonadidae_X
295,OTU486,404,165,404,1227,144,386,59,357,2.74e-97,93.443,d:Amoebozoa,p:Tubulinea-Tubulinea_X,c:Elardia,o:Euamoebida,f:Hartmannellidae,g:Copromyxa,s:Copromyxa_vandevyveri,KP719189.1.1227_U;tax,k:Eukaryota,OTU486.p:Tubulinea-Tubulinea_X.g:Copromyxa
296,OTU487,425,1,425,1927,636,1052,100,590,2.61e-167,92.019,d:Amoebozoa,p:Tubulinea-Tubulinea_X,c:Elardia,o:Euamoebida,f:LOS7N/I-lineage,g:Ptolemeba,s:Ptolemeba_bulliensis,KJ542108.1.1927_U;tax,k:Eukaryota,OTU487.p:Tubulinea-Tubulinea_X.g:Ptolemeba
297,OTU488,394,1,394,1346,572,965,100,584,1.13e-165,93.401,d:TSAR,p:Stramenopiles-Bigyra,c:Bicoecea,o:Pseudodendromonadales,f:Pseudodendromonadales_X,g:Pseudodendromonadales_XX,s:Pseudodendromonadales_XX_sp,AY642710.1.1346_U;tax,k:Eukaryota,OTU488.p:Stramenopiles-Bigyra.g:Pseudodendromonadales_XX
298,OTU490,406,1,406,1759,561,966,100,739,0,99.507,d:TSAR,p:Rhizaria-Cercozoa,c:Filosa-Sarcomonadea,o:Glissomonadida,f:Allapsidae,g:Allapsidae_X,s:Allapsidae_X_sp,AB695526.1.1759_U;tax,k:Eukaryota,OTU490.p:Rhizaria-Cercozoa.g:Allapsidae_X
299,OTU492,408,1,408,1807,585,993,100,643,0,95.11,d:TSAR,p:Rhizaria-Cercozoa,c:Filosa-Sarcomonadea,o:Cercomonadida,f:Cercomonadidae,g:Cercomonas,s:Cercomonas_sp,EF024014.1.1807_U;tax,k:Eukaryota,OTU492.p:Rhizaria-Cercozoa.g:Cercomonas
300,OTU493,403,1,403,1862,578,984,100,278,2.19e-73,79.858,d:Amoebozoa,p:Evosea-Evosea_X,c:Variosea,o:Variosea_X,f:Variosea_XX,g:Variosea_XXX,s:Variosea_XXX_sp,EF023424.1.1862_U;tax,k:Eukaryota,OTU493.p:Evosea-Evosea_X.g:Variosea_XXX
301,OTU494,404,1,404,2130,531,927,100,340,2.76e-92,82.353,d:Eukaryota_X,p:Ancyromonadida-Ancyromonadida_X,c:Ancyromonadida_XX,o:Ancyromonadida_XXX,f:Ancyromonadida_Group-1,g:Ancyromonadida_Group-1_X,s:Fabomonas_tropica,MT355148.1.2130_U;tax,k:Eukaryota,OTU494.p:Ancyromonadida-Ancyromonadida_X.g:Ancyromonadida_Group-1_X
302,OTU495,414,138,414,1934,776,1058,67,268,1.36e-70,84.155,d:Amoebozoa,p:Evosea-Evosea_X,c:Variosea,o:Flamellidae,f:ATCC50593-lineage,g:ATCC50593-lineage_X,s:ATCC50593-lineage_X_sp,EU273440.1.1934_U;tax,k:Eukaryota,OTU495.p:Evosea-Evosea_X.g:ATCC50593-lineage_X
303,OTU496,403,1,403,1730,556,961,100,619,3.16e-176,94.335,d:TSAR,p:Stramenopiles-Gyrista,c:Synchromophyceae,o:Synchromophyceae_X,f:Synchromophyceae_XX,g:Synchromophyceae_XXX,s:Synchromophyceae_XXX_sp,FJ356265.1.1730_U;tax,k:Eukaryota,OTU496.p:Stramenopiles-Gyrista.g:Synchromophyceae_XXX
304,OTU497,390,1,390,1762,572,961,100,483,4.18e-135,89.031,d:TSAR,p:Alveolata-Apicomplexa,c:Gregarinomorphea,o:Neogregarinorida,f:Actinocephalidae,g:Monocystis,s:Monocystis_sp,EF024130.1.1762_U;tax,k:Eukaryota,OTU497.p:Alveolata-Apicomplexa.g:Monocystis
305,OTU499,408,1,408,1565,489,895,100,691,0,97.317,d:Amoebozoa,p:Tubulinea-Tubulinea_X,c:Elardia,o:Leptomyxida,f:Leptomyxidae,g:Leptomyxa,s:Leptomyxa_regia,OM914643.1.1565_U;tax,k:Eukaryota,OTU499.p:Tubulinea-Tubulinea_X.g:Leptomyxa
306,OTU500,414,1,414,1894,592,1007,100,351,1.31e-95,82.353,d:Amoebozoa,p:Tubulinea-Tubulinea_X,c:Elardia,o:Euamoebida,f:Hartmannellidae,g:Hartmannellidae_X,s:Hartmannellidae_X_sp,HQ687486.1.1894_U;tax,k:Eukaryota,OTU500.p:Tubulinea-Tubulinea_X.g:Hartmannellidae_X
307,OTU504,386,1,386,1686,538,923,100,647,0,96.891,d:TSAR,p:Alveolata-Ciliophora,c:Oligohymenophorea,o:Peritrichia_2,f:Sessilida,g:Sessilida_X,s:Sessilida_X_sp,JQ723991.1.1686_U;tax,k:Eukaryota,OTU504.p:Alveolata-Ciliophora.g:Sessilida_X
308,OTU505,415,1,415,1243,11,422,100,486,3.45e-136,88.067,d:Haptista,p:Centroplasthelida-Centroplasthelida_X,c:Pterocystida,o:Pterocystida_X,f:Pterocystida_XX,g:Pterocystida_XXX,s:Pterocystida_XXX_sp,FJ153630.1.1243_U;tax,k:Eukaryota,OTU505.p:Centroplasthelida-Centroplasthelida_X.g:Pterocystida_XXX
309,OTU506,411,1,411,1281,204,611,100,634,1.15e-180,94.66,d:TSAR,p:Rhizaria-Cercozoa,c:Filosa-Sarcomonadea,o:Glissomonadida,f:Glissomonadida_X,g:Glissomonadida_XX,s:Glissomonadida_XX_sp,JN635482.1.1281_U;tax,k:Eukaryota,OTU506.p:Rhizaria-Cercozoa.g:Glissomonadida_XX
310,OTU509,400,1,400,1831,558,957,100,446,5.63e-124,86.914,d:Amoebozoa,p:Evosea-Evosea_X,c:Variosea,o:Variosea_X,f:AND16-lineage,g:AND16-lineage_X,s:AND16-lineage_X_sp,AY965863.1.1831_U;tax,k:Eukaryota,OTU509.p:Evosea-Evosea_X.g:AND16-lineage_X
311,OTU511,420,1,420,989,475,889,100,660,0,95.249,d:Amoebozoa,p:Evosea-Evosea_X,c:Variosea,o:Variosea_X,f:Variosea_XX,g:Variosea_XXX,s:Variosea_XXX_sp,EU545726.1.989_U;tax,k:Eukaryota,OTU511.p:Evosea-Evosea_X.g:Variosea_XXX
312,OTU513,396,1,396,2431,563,958,100,726,0,99.747,d:Archaeplastida,p:Chlorophyta-Chlorophyta_X,c:Chlorophyceae,o:Sphaeropleales,f:Sphaeropleales_X,g:Radiococcus,s:Radiococcus_polycoccus,MW075324.1.2431_U;tax,k:Eukaryota,OTU513.p:Chlorophyta-Chlorophyta_X.g:Radiococcus
313,OTU515,416,297,416,2132,1467,1588,29,91.6,3.17e-17,80.328,d:Amoebozoa,p:Discosea-Discosea_X,c:Flabellinia,o:Thecamoebida,f:Thecamoebidae,g:Thecamoeba,s:Thecamoeba_vumurta,OL423099.1.2132_U;tax,k:Eukaryota,OTU515.p:Discosea-Discosea_X.g:Thecamoeba
314,OTU516,391,1,391,1552,437,827,100,656,0,96.931,d:TSAR,p:Alveolata-Ciliophora,c:Colpodea,o:Colpodea_X,f:Colpodida,g:Colpoda,s:Colpoda_sp,MT001195.1.1552_U;tax,k:Eukaryota,OTU516.p:Alveolata-Ciliophora.g:Colpoda
315,OTU518,412,1,412,1877,592,1000,100,326,7.9e-88,81.159,d:Amoebozoa,p:Evosea-Evosea_X,c:Variosea,o:Variosea_X,f:Variosea_XX,g:Variosea_XXX,s:Variosea_XXX_sp,EF024417.1.1877_U;tax,k:Eukaryota,OTU518.p:Evosea-Evosea_X.g:Variosea_XXX
316,OTU519,400,1,400,1064,202,601,100,701,0,98.254,d:TSAR,p:Stramenopiles-Gyrista,c:Chrysophyceae,o:Ochromonadales,f:Ochromonadales_clade-XII,g:Ochromonadales_clade-XII_X,s:Ochromonadales_clade-XII_X_sp,JN705501.1.1064_U;tax,k:Eukaryota,OTU519.p:Stramenopiles-Gyrista.g:Ochromonadales_clade-XII_X
317,OTU520,410,1,410,1809,590,999,100,725,0,98.537,d:TSAR,p:Rhizaria-Cercozoa,c:Filosa-Imbricatea,o:Thaumatomonadida,f:Thaumatomonadidae,g:Thaumatomonas,s:Thaumatomonas_sp,EF023894.1.1809_U;tax,k:Eukaryota,OTU520.p:Rhizaria-Cercozoa.g:Thaumatomonas
318,OTU521,405,1,405,1862,578,984,100,462,5.67e-129,87.317,d:Amoebozoa,p:Evosea-Evosea_X,c:Variosea,o:Variosea_X,f:Variosea_XX,g:Variosea_XXX,s:Variosea_XXX_sp,EF023424.1.1862_U;tax,k:Eukaryota,OTU521.p:Evosea-Evosea_X.g:Variosea_XXX
319,OTU524,396,1,396,1769,561,956,100,726,0,99.747,d:Archaeplastida,p:Chlorophyta-Chlorophyta_X,c:Chlorophyceae,o:Chlamydomonadales,f:Chlamydomonadales_X,g:Tetracystis,s:Tetracystis_texensis,KM020020.1.1769_U;tax,k:Eukaryota,OTU524.p:Chlorophyta-Chlorophyta_X.g:Tetracystis
320,OTU525,392,1,392,1663,535,923,100,566,4.06e-160,92.875,d:TSAR,p:Stramenopiles-Bigyra,c:Bicoecea,o:Pseudodendromonadales,f:Pseudodendromonadales_X,g:Pseudodendromonadales_XX,s:Pseudodendromonadales_XX_sp,AB771814.1.1663_U;tax,k:Eukaryota,OTU525.p:Stramenopiles-Bigyra.g:Pseudodendromonadales_XX
321,OTU526,392,1,392,1444,466,858,100,597,1.44e-169,94.162,d:TSAR,p:Stramenopiles-Bigyra,c:Bicoecea,o:Pseudodendromonadales,f:Pseudodendromonadales_X,g:Pseudodendromonadales_XX,s:Pseudodendromonadales_XX_sp,GQ330587.1.1444_U;tax,k:Eukaryota,OTU526.p:Stramenopiles-Bigyra.g:Pseudodendromonadales_XX
322,OTU528,400,1,400,1660,471,870,100,695,0,98,d:TSAR,p:Stramenopiles-Gyrista,c:Chrysophyceae,o:Ochromonadales,f:Ochromonadales_clade-XI,g:Ochromonadales_clade-XI_X,s:Ochromonadales_clade-XI_X_sp,AB749071.1.1660_U;tax,k:Eukaryota,OTU528.p:Stramenopiles-Gyrista.g:Ochromonadales_clade-XI_X
323,OTU529,394,1,394,1873,642,1032,100,547,1.48e-154,91.94,d:Amoebozoa,p:Tubulinea-Tubulinea_X,c:Elardia,o:Leptomyxida,f:Flabellulidae,g:Paraflabellula,s:Paraflabellula_hoguae,AF293899.1.1873_U;tax,k:Eukaryota,OTU529.p:Tubulinea-Tubulinea_X.g:Paraflabellula
324,OTU531,404,1,404,1730,556,961,100,654,0,95.813,d:TSAR,p:Stramenopiles-Gyrista,c:Synchromophyceae,o:Synchromophyceae_X,f:Synchromophyceae_XX,g:Synchromophyceae_XXX,s:Synchromophyceae_XXX_sp,FJ356265.1.1730_U;tax,k:Eukaryota,OTU531.p:Stramenopiles-Gyrista.g:Synchromophyceae_XXX
325,OTU532,396,1,396,1651,538,935,100,401,1.22e-110,85.112,d:TSAR,p:Alveolata-Chrompodellids,c:Colpodellidea,o:Colpodellida,f:Alphamonaceae,g:Alphamonadea_ALPH1,s:Alphamonadea_ALPH1_sp,KC486696.1.1651_U;tax,k:Eukaryota,OTU532.p:Alveolata-Chrompodellids.g:Alphamonadea_ALPH1
326,OTU534,390,1,390,1762,572,961,100,472,9.04e-132,88.491,d:TSAR,p:Alveolata-Apicomplexa,c:Gregarinomorphea,o:Neogregarinorida,f:Actinocephalidae,g:Monocystis,s:Monocystis_sp,EF024130.1.1762_U;tax,k:Eukaryota,OTU534.p:Alveolata-Apicomplexa.g:Monocystis
327,OTU535,400,1,400,1024,569,965,100,553,3.23e-156,91.771,d:Amoebozoa,p:Evosea-Evosea_X,c:Variosea,o:Variosea_X,f:AND16-lineage,g:AND16-lineage_X,s:AND16-lineage_X_sp,EU798715.1.1024_U;tax,k:Eukaryota,OTU535.p:Evosea-Evosea_X.g:AND16-lineage_X
328,OTU536,390,1,390,1587,473,863,100,560,1.88e-158,92.602,d:TSAR,p:Stramenopiles-Bigyra,c:Bicoecea,o:Pseudodendromonadales,f:Pseudodendromonadales_X,g:Pseudodendromonadales_XX,s:Pseudodendromonadales_XX_sp,AY821964.1.1587_U;tax,k:Eukaryota,OTU536.p:Stramenopiles-Bigyra.g:Pseudodendromonadales_XX
329,OTU537,411,1,411,989,475,889,100,464,1.6e-129,87.143,d:Amoebozoa,p:Evosea-Evosea_X,c:Variosea,o:Variosea_X,f:Variosea_XX,g:Variosea_XXX,s:Variosea_XXX_sp,EU545726.1.989_U;tax,k:Eukaryota,OTU537.p:Evosea-Evosea_X.g:Variosea_XXX
330,OTU538,424,1,424,1891,575,1017,100,407,2.82e-112,84.187,d:Amoebozoa,p:Evosea-Evosea_X,c:Variosea,o:Variosea_X,f:Mb5C-lineage,g:Mb5C-lineage_X,s:Mb5C-lineage_X_sp,AB425950.1.1891_U;tax,k:Eukaryota,OTU538.p:Evosea-Evosea_X.g:Mb5C-lineage_X
331,OTU539,417,1,417,989,475,889,100,464,1.63e-129,87.059,d:Amoebozoa,p:Evosea-Evosea_X,c:Variosea,o:Variosea_X,f:Variosea_XX,g:Variosea_XXX,s:Variosea_XXX_sp,EU545726.1.989_U;tax,k:Eukaryota,OTU539.p:Evosea-Evosea_X.g:Variosea_XXX
332,OTU540,396,1,396,1873,642,1032,100,544,1.92e-153,91.688,d:Amoebozoa,p:Tubulinea-Tubulinea_X,c:Elardia,o:Leptomyxida,f:Flabellulidae,g:Paraflabellula,s:Paraflabellula_hoguae,AF293899.1.1873_U;tax,k:Eukaryota,OTU540.p:Tubulinea-Tubulinea_X.g:Paraflabellula
333,OTU541,406,1,406,1455,553,958,100,313,6.06e-84,81.19,d:Amoebozoa,p:Evosea-Evosea_X,c:Variosea,o:Flamellidae,f:Flamella-lineage,g:Flamella,s:Flamella_pleistocenica,KP219431.1.1455_U;tax,k:Eukaryota,OTU541.p:Evosea-Evosea_X.g:Flamella
334,OTU542,399,1,399,1429,205,609,100,449,4.34e-125,86.978,d:TSAR,p:Stramenopiles-Bigyra,c:Sagenista,o:Sagenista_X,f:MAST-8,g:MAST-8D,s:MAST-8D_sp,AY116220.1.1429_U;tax,k:Eukaryota,OTU542.p:Stramenopiles-Bigyra.g:MAST-8D
335,OTU543,408,1,408,1774,567,974,100,732,0,99.02,d:TSAR,p:Rhizaria-Cercozoa,c:Filosa-Sarcomonadea,o:Glissomonadida,f:Glissomonadida_X,g:Glissomonadida_XX,s:Glissomonadida_XX_sp,AB695519.1.1774_U;tax,k:Eukaryota,OTU543.p:Rhizaria-Cercozoa.g:Glissomonadida_XX
336,OTU545,441,1,441,1825,588,1024,100,540,2.78e-152,88.939,d:Amoebozoa,p:Evosea-Eumycetozoa,c:Myxogastria_Fuscisporidia,o:Physarida,f:Didymiidae,g:Didymium,s:Didymium_iridis,AJ938149.1.1825_U;tax,k:Eukaryota,OTU545.p:Evosea-Eumycetozoa.g:Didymium
337,OTU546,387,1,387,1119,12,397,100,514,1.47e-144,90.769,d:TSAR,p:Alveolata-Ciliophora,c:Oligohymenophorea,o:Oligohymenophorea_X,f:Oligohymenophorea_XX,g:Oligohymenophorea_XXX,s:Oligohymenophorea_XXX_sp,FJ153729.1.1119_U;tax,k:Eukaryota,OTU546.p:Alveolata-Ciliophora.g:Oligohymenophorea_XXX
338,OTU548,403,1,403,1252,33,431,100,586,3.21e-166,93.086,d:Obazoa,p:Opisthokonta-Choanoflagellata,c:Choanoflagellatea,o:Craspedida,f:Monosigidae_Group_O,g:Monosigidae_Group_O_X,s:Monosigidae_Group_O_X_sp,DQ104591.1.1252_U;tax,k:Eukaryota,OTU548.p:Opisthokonta-Choanoflagellata.g:Monosigidae_Group_O_X
339,OTU550,407,1,407,1186,564,970,100,370,3.55e-101,83.333,d:Amoebozoa,p:Evosea-Evosea_X,c:Variosea,o:Fractovitellida,f:Acramoebidae,g:Acramoebidae_X,s:Acramoebidae_X_sp,KC306576.1.1186_U;tax,k:Eukaryota,OTU550.p:Evosea-Evosea_X.g:Acramoebidae_X
340,OTU552,397,1,397,1802,552,949,100,335,1.26e-90,82.134,d:Amoebozoa,p:Evosea-Evosea_X,c:Variosea,o:Variosea_X,f:Filamoebidae,g:Filamoeba,s:Filamoeba_sp,AB425944.1.1802_U;tax,k:Eukaryota,OTU552.p:Evosea-Evosea_X.g:Filamoeba
341,OTU553,414,1,414,1243,11,422,100,592,7.09e-168,92.584,d:Haptista,p:Centroplasthelida-Centroplasthelida_X,c:Pterocystida,o:Pterocystida_X,f:Pterocystida_XX,g:Pterocystida_XXX,s:Pterocystida_XXX_sp,FJ153630.1.1243_U;tax,k:Eukaryota,OTU553.p:Centroplasthelida-Centroplasthelida_X.g:Pterocystida_XXX
342,OTU554,375,2,375,1735,571,940,99,438,8.79e-122,88.127,d:TSAR,p:Alveolata-Chrompodellids,c:Colpodellidea,o:Colpodellida,f:Colpodellaceae,g:Colpodellidae2,s:Colpodellidae2_sp,EF025008.1.1735_U;tax,k:Eukaryota,OTU554.p:Alveolata-Chrompodellids.g:Colpodellidae2
343,OTU555,409,161,409,1530,493,738,74,246,6.28e-64,84.921,d:Amoebozoa,p:Discosea-Discosea_X,c:Stygamoebida,o:Stygamoebida_X,f:Stygamoebida_XX,g:Stygamoebida_XXX,s:Stygamoebida_XXX_sp,AB330051.1.1530_U;tax,k:Eukaryota,OTU555.p:Discosea-Discosea_X.g:Stygamoebida_XXX
344,OTU556,408,1,408,1858,578,985,100,593,1.94e-168,92.961,d:Amoebozoa,p:Evosea-Evosea_X,c:Variosea,o:Flamellidae,f:Flamella-lineage,g:Flamella,s:Flamella_aegyptia,EU186021.1.1858_U;tax,k:Eukaryota,OTU556.p:Evosea-Evosea_X.g:Flamella
345,OTU557,388,1,388,1824,608,988,100,610,1.83e-173,95.361,d:Amoebozoa,p:Tubulinea-Tubulinea_X,c:Elardia,o:Euamoebida,f:Nolandellidae,g:Nolandellidae_X,s:Nolandellidae_X_sp,EF023499.1.1824_U;tax,k:Eukaryota,OTU557.p:Tubulinea-Tubulinea_X.g:Nolandellidae_X
346,OTU558,378,1,378,1014,522,899,100,693,0,99.735,d:TSAR,p:Stramenopiles-Bigyra,c:Sagenista,o:Labyrinthulomycetes,f:Labyrinthulaceae,g:Labyrinthula,s:Labyrinthula_sp,GQ499192.1.1014_U;tax,k:Eukaryota,OTU558.p:Stramenopiles-Bigyra.g:Labyrinthula
347,OTU559,404,1,404,1703,521,930,100,669,0,96.341,d:TSAR,p:Stramenopiles-Gyrista,c:Peronosporomycetes,o:Peronosporomycetes_X,f:Peronosporales,g:Lagenidium,s:Lagenidium_caudatum,KT257379.1.1703_U;tax,k:Eukaryota,OTU559.p:Stramenopiles-Gyrista.g:Lagenidium
348,OTU560,409,1,409,1798,581,978,100,346,6.02e-94,82.609,d:Eukaryota_X,p:Ancyromonadida-Ancyromonadida_X,c:Ancyromonadida_XX,o:Ancyromonadida_XXX,f:Ancyromonadida_Group-1,g:Ancyromonadida_Group-1_X,s:Ancyromonas_sigmoides,EU349231.1.1798_U;tax,k:Eukaryota,OTU560.p:Ancyromonadida-Ancyromonadida_X.g:Ancyromonadida_Group-1_X
349,OTU561,423,1,423,1882,579,1013,100,355,1.04e-96,82.207,d:Amoebozoa,p:Discosea-Discosea_X,c:Centramoebia,o:Acanthopodida,f:Acanthamoebidae,g:Acanthamoeba,s:Acanthamoeba_sp,AB505484.1.1882_U;tax,k:Eukaryota,OTU561.p:Discosea-Discosea_X.g:Acanthamoeba
350,OTU562,397,1,397,1802,552,949,100,579,5.28e-164,92.965,d:Amoebozoa,p:Evosea-Evosea_X,c:Variosea,o:Variosea_X,f:Filamoebidae,g:Filamoeba,s:Filamoeba_sp,AB425944.1.1802_U;tax,k:Eukaryota,OTU562.p:Evosea-Evosea_X.g:Filamoeba
351,OTU563,392,1,392,1655,526,919,100,560,1.89e-158,92.443,d:TSAR,p:Stramenopiles-Bigyra,c:Bicoecea,o:Pseudodendromonadales,f:Pseudodendromonadales_X,g:Pseudodendromonadales_XX,s:Pseudodendromonadales_XX_sp,AB721079.1.1655_U;tax,k:Eukaryota,OTU563.p:Stramenopiles-Bigyra.g:Pseudodendromonadales_XX
352,OTU567,396,2,396,1210,12,414,99,178,2.24e-43,75.485,d:TSAR,p:Stramenopiles-Gyrista,c:Gyrista_X,o:Gyrista_XX,f:MAST-1,g:MAST-1A,s:MAST-1A_sp,GU823551.1.1210_U;tax,k:Eukaryota,OTU567.p:Stramenopiles-Gyrista.g:MAST-1A
353,OTU568,400,1,400,1786,575,974,100,717,0,99,d:TSAR,p:Stramenopiles-Gyrista,c:Chrysophyceae,o:Ochromonadales,f:Ochromonadaceae,g:Poteriospumella,s:Poteriospumella_sp,GU290079.1.1786_U;tax,k:Eukaryota,OTU568.p:Stramenopiles-Gyrista.g:Poteriospumella
354,OTU569,400,1,400,1444,466,858,100,333,4.58e-90,82.266,d:TSAR,p:Stramenopiles-Bigyra,c:Bicoecea,o:Pseudodendromonadales,f:Pseudodendromonadales_X,g:Pseudodendromonadales_XX,s:Pseudodendromonadales_XX_sp,GQ330587.1.1444_U;tax,k:Eukaryota,OTU569.p:Stramenopiles-Bigyra.g:Pseudodendromonadales_XX
355,OTU572,437,1,437,1961,599,1033,100,701,0,95.672,d:Amoebozoa,p:Evosea-Evosea_X,c:Variosea,o:Flamellidae,f:WIM80-lineage,g:WIM80-lineage_X,s:WIM80-lineage_X_sp,AM114808.1.1961_U;tax,k:Eukaryota,OTU572.p:Evosea-Evosea_X.g:WIM80-lineage_X
356,OTU573,396,1,396,1773,514,909,100,538,8.94e-152,91.162,d:Amoebozoa,p:Evosea-Evosea_X,c:Variosea,o:Variosea_X,f:Variosea_XX,g:Arboramoeba,s:Arboramoeba_reticulata,KP864097.1.1773_U;tax,k:Eukaryota,OTU573.p:Evosea-Evosea_X.g:Arboramoeba
357,OTU574,400,1,400,1831,558,957,100,396,5.75e-109,84.767,d:Amoebozoa,p:Evosea-Evosea_X,c:Variosea,o:Variosea_X,f:AND16-lineage,g:AND16-lineage_X,s:AND16-lineage_X_sp,AY965863.1.1831_U;tax,k:Eukaryota,OTU574.p:Evosea-Evosea_X.g:AND16-lineage_X
358,OTU575,424,1,50,1711,562,611,12,93.5,8.97e-18,100,d:TSAR,p:Alveolata-Ciliophora,c:Phyllopharyngea,o:Synhymenia,f:Orthodonellidae,g:Orthodonellidae_X,s:Orthodonellidae_X_sp,KC832953.1.1711_U;tax,k:Eukaryota,OTU575.p:Alveolata-Ciliophora.g:Orthodonellidae_X
359,OTU576,390,1,390,1762,572,961,100,688,0,98.462,d:TSAR,p:Alveolata-Apicomplexa,c:Gregarinomorphea,o:Neogregarinorida,f:Actinocephalidae,g:Monocystis,s:Monocystis_sp,EF024926.1.1762_U;tax,k:Eukaryota,OTU576.p:Alveolata-Apicomplexa.g:Monocystis
360,OTU577,409,1,409,1818,589,997,100,723,0,98.533,d:TSAR,p:Rhizaria-Cercozoa,c:Filosa-Imbricatea,o:Euglyphida,f:Trinematidae,g:Trinema,s:Trinema_enchelys,AJ418792.1.1818_U;tax,k:Eukaryota,OTU577.p:Rhizaria-Cercozoa.g:Trinema
361,OTU580,411,1,411,1860,570,980,100,444,2.09e-123,86.265,d:Amoebozoa,p:Evosea-Evosea_X,c:Variosea,o:Variosea_X,f:Variosea_XX,g:Variosea_XXX,s:Variosea_XXX_sp,AB695458.1.1860_U;tax,k:Eukaryota,OTU580.p:Evosea-Evosea_X.g:Variosea_XXX
362,OTU584,411,1,411,1636,551,961,100,743,0,99.27,d:TSAR,p:Rhizaria-Cercozoa,c:Filosa-Sarcomonadea,o:Glissomonadida,f:Allapsidae,g:Allapsidae_X,s:Allapsidae_X_sp,AB534329.1.1636_U;tax,k:Eukaryota,OTU584.p:Rhizaria-Cercozoa.g:Allapsidae_X
363,OTU585,406,1,406,1878,593,994,100,392,7.56e-108,84.652,d:Amoebozoa,p:Tubulinea-Tubulinea_X,c:Elardia,o:Euamoebida,f:Hartmannellidae,g:Copromyxa,s:Copromyxa_laresi,JQ271679.1.1878_U;tax,k:Eukaryota,OTU585.p:Tubulinea-Tubulinea_X.g:Copromyxa
364,OTU586,406,1,406,1769,572,980,100,481,1.57e-134,88.164,d:TSAR,p:Rhizaria-Cercozoa,c:Filosa-Granofilosea,o:Filosa-Granofilosea_X,f:Novel-Gran-5,g:Novel-Gran-5_X,s:Novel-Gran-5_X_sp,EF032802.1.1769_U;tax,k:Eukaryota,OTU586.p:Rhizaria-Cercozoa.g:Novel-Gran-5_X
365,OTU588,416,1,416,1855,613,1033,100,318,1.34e-85,81.019,d:TSAR,p:Rhizaria-Cercozoa,c:Filosa-Sarcomonadea,o:Glissomonadida,f:Glissomonadida_X,g:Glissomonadida_XX,s:Glissomonadida_XX_sp,EF023230.38.1893_U;tax,k:Eukaryota,OTU588.p:Rhizaria-Cercozoa.g:Glissomonadida_XX
366,OTU589,407,1,407,1452,458,861,100,560,1.96e-158,91.646,d:TSAR,p:Stramenopiles-Bigyra,c:Opalozoa,o:Opalozoa_X,f:MAST-12,g:MAST-12C,s:MAST-12C_sp,GQ330588.1.1452_U;tax,k:Eukaryota,OTU589.p:Stramenopiles-Bigyra.g:MAST-12C
367,OTU590,396,1,396,1803,475,870,100,676,0,97.475,d:Archaeplastida,p:Chlorophyta-Chlorophyta_X,c:Chlorophyceae,o:Sphaeropleales,f:Sphaeropleales_X,g:Scenedesmus,s:Scenedesmus_sp,MF780732.1.1803_U;tax,k:Eukaryota,OTU590.p:Chlorophyta-Chlorophyta_X.g:Scenedesmus
368,OTU592,406,23,406,1098,46,429,95,538,9.18e-152,91.927,d:TSAR,p:Rhizaria-Cercozoa,c:Filosa-Granofilosea,o:Desmothoracida,f:Clathrulinidae,g:Clathrulinidae_X,s:Clathrulinidae_X_sp,FJ592487.1.1098_U;tax,k:Eukaryota,OTU592.p:Rhizaria-Cercozoa.g:Clathrulinidae_X
369,OTU593,393,1,393,1691,533,925,100,721,0,99.746,d:TSAR,p:Alveolata-Ciliophora,c:Spirotrichea,o:Hypotrichia,f:Oxytrichidae,g:Oxytricha,s:Oxytricha_granulifera,MG994992.1.1691_U;tax,k:Eukaryota,OTU593.p:Alveolata-Ciliophora.g:Oxytricha
370,OTU594,399,1,399,1605,531,925,100,645,0,95.99,d:Amoebozoa,p:Tubulinea-Tubulinea_X,c:Elardia,o:Euamoebida,f:Nolandellidae,g:Nolandellidae_X,s:Nolandellidae_X_sp,AF372795.1.1605_U;tax,k:Eukaryota,OTU594.p:Tubulinea-Tubulinea_X.g:Nolandellidae_X
371,OTU596,402,161,402,1767,734,972,60,178,2.28e-43,80.408,d:TSAR,p:Stramenopiles-Bigyra,c:Sagenista,o:Sagenista_X,f:MAST-11,g:MAST-11_X,s:MAST-11_X_sp,KF130038.1.1767_U;tax,k:Eukaryota,OTU596.p:Stramenopiles-Bigyra.g:MAST-11_X
372,OTU597,401,1,401,1519,436,839,100,577,1.92e-163,92.574,d:Amoebozoa,p:Tubulinea-Tubulinea_X,c:Elardia,o:Euamoebida,f:Nolandellidae,g:Nolandellidae_X,s:Nolandellidae_X_sp,AY821961.1.1519_U;tax,k:Eukaryota,OTU597.p:Tubulinea-Tubulinea_X.g:Nolandellidae_X
373,OTU600,399,295,399,1810,828,933,26,89.8,1.09e-16,82.243,d:Amoebozoa,p:Evosea-Evosea_X,c:Variosea,o:Protosteliida,f:Protosteliida_X,g:Protostelium,s:Protostelium_mycophagum,FJ766457.1.1810_U;tax,k:Eukaryota,OTU600.p:Evosea-Evosea_X.g:Protostelium
374,OTU601,398,1,398,1756,557,958,100,501,1.18e-140,89.356,d:Archaeplastida,p:Rhodelphidia-Rhodelphidia_X,c:Rhodelphea,o:Rhodelphida,f:Rhodelphidae,g:Rhodelphis,s:Rhodelphis_marinus,MK966712.1.1756_U;tax,k:Eukaryota,OTU601.p:Rhodelphidia-Rhodelphidia_X.g:Rhodelphis
375,OTU602,383,1,383,1615,544,924,100,307,2.65e-82,81.726,d:TSAR,p:Stramenopiles-Bigyra,c:Sagenista,o:Labyrinthulomycetes,f:Thraustochytriaceae,g:Thraustochytriaceae_X,s:Thraustochytriaceae_X_sp,AF257314.1.1615_U;tax,k:Eukaryota,OTU602.p:Stramenopiles-Bigyra.g:Thraustochytriaceae_X
376,OTU604,394,1,394,1714,538,929,100,577,1.88e-163,93.147,d:TSAR,p:Stramenopiles-Bigyra,c:Bicoecea,o:Borokales,f:Borokaceae,g:Borokaceae_X,s:Borokaceae_X_sp,FJ971856.1.1714_U;tax,k:Eukaryota,OTU604.p:Stramenopiles-Bigyra.g:Borokaceae_X
377,OTU605,398,1,398,1716,553,952,100,549,4.15e-155,91.542,d:Archaeplastida,p:Chlorophyta-Chlorophyta_X,c:Trebouxiophyceae,o:Phyllosiphonales,f:Phyllosiphonales_X,g:Phyllosiphon,s:Phyllosiphon_duini,KY977525.1.2140_U;tax,k:Eukaryota,OTU605.p:Chlorophyta-Chlorophyta_X.g:Phyllosiphon
378,OTU607,399,1,399,1663,535,923,100,484,1.19e-135,89.027,d:TSAR,p:Stramenopiles-Bigyra,c:Bicoecea,o:Pseudodendromonadales,f:Pseudodendromonadales_X,g:Pseudodendromonadales_XX,s:Pseudodendromonadales_XX_sp,AB771814.1.1663_U;tax,k:Eukaryota,OTU607.p:Stramenopiles-Bigyra.g:Pseudodendromonadales_XX
379,OTU608,399,1,399,655,162,560,100,715,0,98.997,d:TSAR,p:Stramenopiles-Gyrista,c:Bacillariophyceae,o:Naviculales,f:Naviculaceae,g:Navicula,s:Navicula_amphiceropsis,OL780274.1.655_U;tax,k:Eukaryota,OTU608.p:Stramenopiles-Gyrista.g:Navicula
380,OTU609,386,1,386,1732,560,945,100,680,0,98.446,d:TSAR,p:Alveolata-Ciliophora,c:Oligohymenophorea,o:Peritrichia_2,f:Sessilida,g:Sessilida_X,s:Sessilida_X_sp,KX465186.1.1732_U;tax,k:Eukaryota,OTU609.p:Alveolata-Ciliophora.g:Sessilida_X
381,OTU613,402,1,402,1878,593,994,100,355,9.82e-97,83.133,d:Amoebozoa,p:Tubulinea-Tubulinea_X,c:Elardia,o:Euamoebida,f:Hartmannellidae,g:Copromyxa,s:Copromyxa_laresi,JQ271679.1.1878_U;tax,k:Eukaryota,OTU613.p:Tubulinea-Tubulinea_X.g:Copromyxa
382,OTU616,399,1,399,1660,505,903,100,632,4.02e-180,95.25,d:TSAR,p:Stramenopiles-Gyrista,c:Chrysophyceae,o:Ochromonadales,f:Ochromonadaceae,g:Urostipulosphaera,s:Urostipulosphaera_sp,MW267660.1.1660_U;tax,k:Eukaryota,OTU616.p:Stramenopiles-Gyrista.g:Urostipulosphaera
383,OTU617,395,1,395,1596,529,915,100,568,1.14e-160,92.929,d:Amoebozoa,p:Tubulinea-Tubulinea_X,c:Elardia,o:Euamoebida,f:Nolandellidae,g:Nolandellidae_X,s:Nolandellidae_X_sp,HM628631.1.1596_U;tax,k:Eukaryota,OTU617.p:Tubulinea-Tubulinea_X.g:Nolandellidae_X
384,OTU618,404,1,404,1519,436,839,100,580,1.5e-164,92.611,d:Amoebozoa,p:Tubulinea-Tubulinea_X,c:Elardia,o:Euamoebida,f:Nolandellidae,g:Nolandellidae_X,s:Nolandellidae_X_sp,AY821961.1.1519_U;tax,k:Eukaryota,OTU618.p:Tubulinea-Tubulinea_X.g:Nolandellidae_X
385,OTU619,370,1,364,1802,893,529,98,612,4.83e-174,96.986,d:Amoebozoa,p:Evosea-Evosea_X,c:Variosea,o:Variosea_X,f:Filamoebidae,g:Filamoeba,s:Filamoeba_sp,AB425944.1.1802_U;tax,k:Eukaryota,OTU619.p:Evosea-Evosea_X.g:Filamoeba
386,OTU620,407,1,407,1878,593,994,100,414,1.62e-114,85.542,d:Amoebozoa,p:Tubulinea-Tubulinea_X,c:Elardia,o:Euamoebida,f:Hartmannellidae,g:Copromyxa,s:Copromyxa_laresi,JQ271679.1.1878_U;tax,k:Eukaryota,OTU620.p:Tubulinea-Tubulinea_X.g:Copromyxa
387,OTU623,398,1,398,1802,552,949,100,337,3.52e-91,82.045,d:Amoebozoa,p:Evosea-Evosea_X,c:Variosea,o:Variosea_X,f:Filamoebidae,g:Filamoeba,s:Filamoeba_sp,AB425944.1.1802_U;tax,k:Eukaryota,OTU623.p:Evosea-Evosea_X.g:Filamoeba
388,OTU624,405,1,405,1724,502,906,100,510,2e-143,89.461,d:TSAR,p:Rhizaria-Cercozoa,c:Filosa-Sarcomonadea,o:Cercomonadida,f:Cercomonadidae,g:Eocercomonas,s:Eocercomonas_echina,FJ790716.1.1724_U;tax,k:Eukaryota,OTU624.p:Rhizaria-Cercozoa.g:Eocercomonas
389,OTU625,398,1,398,1024,569,965,100,329,5.89e-89,82.064,d:Amoebozoa,p:Evosea-Evosea_X,c:Variosea,o:Variosea_X,f:AND16-lineage,g:AND16-lineage_X,s:AND16-lineage_X_sp,EU798715.1.1024_U;tax,k:Eukaryota,OTU625.p:Evosea-Evosea_X.g:AND16-lineage_X
390,OTU626,395,1,395,1710,541,935,100,719,0,99.494,d:Archaeplastida,p:Chlorophyta-Chlorophyta_X,c:Chlorophyceae,o:Chlamydomonadales,f:Chlamydomonadales_X,g:Chloromonas,s:Chloromonas_kasaiae,AB734109.1.1710_U;tax,k:Eukaryota,OTU626.p:Chlorophyta-Chlorophyta_X.g:Chloromonas
391,OTU627,405,1,405,1827,557,963,100,346,5.96e-94,82.452,d:Amoebozoa,p:Tubulinea-Tubulinea_X,c:Elardia,o:Euamoebida,f:Hartmannellidae,g:Copromyxa,s:Copromyxa_protea,GU938869.1.1827_U;tax,k:Eukaryota,OTU627.p:Tubulinea-Tubulinea_X.g:Copromyxa
392,OTU628,403,1,403,1651,502,904,100,728,0,99.256,d:TSAR,p:Stramenopiles-Gyrista,c:Bacillariophyceae,o:Bacillariales,f:Bacillariaceae,g:Nitzschia,s:Nitzschia_inconspicua,MN750459.1.1651_U;tax,k:Eukaryota,OTU628.p:Stramenopiles-Gyrista.g:Nitzschia
393,OTU629,405,1,405,1796,581,985,100,726,0,99.012,d:TSAR,p:Stramenopiles-Bigyra,c:Opalozoa,o:Opalozoa_X,f:MAST-12,g:MAST-12C,s:MAST-12C_sp,EF023594.1.1796_U;tax,k:Eukaryota,OTU629.p:Stramenopiles-Bigyra.g:MAST-12C
394,OTU630,409,1,409,1883,578,989,100,359,7.73e-98,82.938,d:Amoebozoa,p:Evosea-Evosea_X,c:Variosea,o:Fractovitellida,f:Schizoplasmodiidae,g:Ceratiomyxella,s:Ceratiomyxella_tahitiensis,FJ544419.1.1883_U;tax,k:Eukaryota,OTU630.p:Evosea-Evosea_X.g:Ceratiomyxella
395,OTU631,408,1,408,1586,560,968,100,654,0,95.62,d:Haptista,p:Centroplasthelida-Centroplasthelida_X,c:Centroplasthelida_XX,o:Centroplasthelida_XXX,f:Centroplasthelida_XXXX,g:Centroplasthelida_XXXXX,s:Centroplasthelida_XXXXX_sp,AY749539.1.1586_U;tax,k:Eukaryota,OTU631.p:Centroplasthelida-Centroplasthelida_X.g:Centroplasthelida_XXXXX
396,OTU632,400,1,400,1739,550,945,100,364,1.62e-99,83.457,d:Obazoa,p:Opisthokonta-Choanoflagellata,c:Choanoflagellatea,o:Craspedida,f:Monosigidae_Group_A,g:Monosiga,s:Monosiga_brevicollis,KF130373.1.1739_U;tax,k:Eukaryota,OTU632.p:Opisthokonta-Choanoflagellata.g:Monosiga
397,OTU634,397,1,397,1756,557,958,100,505,9.09e-142,89.552,d:Archaeplastida,p:Rhodelphidia-Rhodelphidia_X,c:Rhodelphea,o:Rhodelphida,f:Rhodelphidae,g:Rhodelphis,s:Rhodelphis_marinus,MK966712.1.1756_U;tax,k:Eukaryota,OTU634.p:Rhodelphidia-Rhodelphidia_X.g:Rhodelphis
398,OTU636,424,1,424,1319,419,841,100,704,0,96.698,d:TSAR,p:Rhizaria-Cercozoa,c:Endomyxa-Phytomyxea,o:Plasmodiophorida,f:Polymyxa-lineage,g:Polymyxa-lineage_X,s:Polymyxa-lineage_X_sp,KF111194.1.1319_U;tax,k:Eukaryota,OTU636.p:Rhizaria-Cercozoa.g:Polymyxa-lineage_X
399,OTU637,414,1,414,1860,570,980,100,512,5.68e-144,89.234,d:Amoebozoa,p:Evosea-Evosea_X,c:Variosea,o:Variosea_X,f:Variosea_XX,g:Variosea_XXX,s:Variosea_XXX_sp,AB695458.1.1860_U;tax,k:Eukaryota,OTU637.p:Evosea-Evosea_X.g:Variosea_XXX
400,OTU638,423,1,56,719,119,174,13,99,1.93e-19,98.214,d:TSAR,p:Alveolata-Dinoflagellata,c:Dinophyceae,o:Prorocentrales,f:Prorocentraceae,g:Prorocentrum,s:Prorocentrum_lima,KF733552.1.719_U;tax,k:Eukaryota,OTU638.p:Alveolata-Dinoflagellata.g:Prorocentrum
401,OTU639,385,1,385,1824,608,988,100,647,0,97.143,d:Amoebozoa,p:Tubulinea-Tubulinea_X,c:Elardia,o:Euamoebida,f:Nolandellidae,g:Nolandellidae_X,s:Nolandellidae_X_sp,EF023499.1.1824_U;tax,k:Eukaryota,OTU639.p:Tubulinea-Tubulinea_X.g:Nolandellidae_X
402,OTU640,407,1,407,1081,476,882,100,734,0,99.017,d:TSAR,p:Rhizaria-Cercozoa,c:Filosa-Sarcomonadea,o:Glissomonadida,f:Allapsidae,g:Teretomonas,s:Teretomonas_rotunda,AY620256.1.1081_U;tax,k:Eukaryota,OTU640.p:Rhizaria-Cercozoa.g:Teretomonas
403,OTU641,324,1,323,1554,487,810,99,575,5.49e-163,98.765,d:TSAR,p:Alveolata-Ciliophora,c:Litostomatea,o:Rhynchostomatia,f:Dileptidae,g:Dileptus,s:Dileptus_costaricanus,KP868765.1.1554_U;tax,k:Eukaryota,OTU641.p:Alveolata-Ciliophora.g:Dileptus
404,OTU643,401,1,401,1024,569,965,100,588,8.87e-167,93.284,d:Amoebozoa,p:Evosea-Evosea_X,c:Variosea,o:Variosea_X,f:AND16-lineage,g:AND16-lineage_X,s:AND16-lineage_X_sp,EU798715.1.1024_U;tax,k:Eukaryota,OTU643.p:Evosea-Evosea_X.g:AND16-lineage_X
405,OTU646,425,1,425,1310,426,850,100,763,0,99.059,d:TSAR,p:Rhizaria-Cercozoa,c:Endomyxa-Phytomyxea,o:Plasmodiophorida,f:Polymyxa-lineage,g:Polymyxa,s:Polymyxa_graminis,KF111223.1.1310_U;tax,k:Eukaryota,OTU646.p:Rhizaria-Cercozoa.g:Polymyxa
406,OTU647,398,1,398,1802,552,949,100,675,0,97.236,d:Amoebozoa,p:Evosea-Evosea_X,c:Variosea,o:Variosea_X,f:Filamoebidae,g:Filamoeba,s:Filamoeba_sp,AB425944.1.1802_U;tax,k:Eukaryota,OTU647.p:Evosea-Evosea_X.g:Filamoeba
407,OTU648,381,1,381,865,433,812,100,664,0,98.163,d:TSAR,p:Alveolata-Apicomplexa,c:Gregarinomorphea,o:Eugregarinorida,f:Gregarinidae,g:Amoebogregarina,s:Amoebogregarina_sp,EU087208.1.865_U;tax,k:Eukaryota,OTU648.p:Alveolata-Apicomplexa.g:Amoebogregarina
408,OTU649,398,1,398,1252,33,431,100,486,3.3e-136,88.971,d:Obazoa,p:Opisthokonta-Choanoflagellata,c:Choanoflagellatea,o:Craspedida,f:Monosigidae_Group_O,g:Monosigidae_Group_O_X,s:Monosigidae_Group_O_X_sp,DQ104591.1.1252_U;tax,k:Eukaryota,OTU649.p:Opisthokonta-Choanoflagellata.g:Monosigidae_Group_O_X
409,OTU650,411,1,411,1163,505,915,100,749,0,99.513,d:TSAR,p:Rhizaria-Cercozoa,c:Filosa-Sarcomonadea,o:Glissomonadida,f:Sandonidae,g:Sandona,s:Sandona_sp,EU709136.1.1164_U;tax,k:Eukaryota,OTU650.p:Rhizaria-Cercozoa.g:Sandona
410,OTU652,409,1,409,1259,559,967,100,717,0,98.289,d:TSAR,p:Rhizaria-Cercozoa,c:Filosa-Sarcomonadea,o:Cercomonadida,f:Cercomonadidae,g:Cercomonas,s:Cercomonas_sp,AY620299.1.1259_U;tax,k:Eukaryota,OTU652.p:Rhizaria-Cercozoa.g:Cercomonas
411,OTU654,407,1,407,1858,578,985,100,691,0,97.304,d:Amoebozoa,p:Evosea-Evosea_X,c:Variosea,o:Flamellidae,f:Flamella-lineage,g:Flamella,s:Flamella_aegyptia,EU186021.1.1858_U;tax,k:Eukaryota,OTU654.p:Evosea-Evosea_X.g:Flamella
412,OTU656,396,1,396,1796,582,977,100,704,0,98.737,d:Archaeplastida,p:Chlorophyta-Chlorophyta_X,c:Chlorophyceae,o:Chlamydomonadales,f:Chlamydomonadales_X,g:Polytoma,s:Polytoma_oviforme,U22936.1.1796_U;tax,k:Eukaryota,OTU656.p:Chlorophyta-Chlorophyta_X.g:Polytoma
413,OTU659,388,1,388,1719,537,924,100,429,5.49e-119,86.802,d:TSAR,p:Stramenopiles-Bigyra,c:Sagenista,o:Labyrinthulomycetes,f:Labyrinthulaceae,g:Labyrinthula,s:Labyrinthula_sp,AB095092.1.1719_U;tax,k:Eukaryota,OTU659.p:Stramenopiles-Bigyra.g:Labyrinthula
414,OTU660,385,1,385,1170,568,954,100,658,0,97.416,d:TSAR,p:Stramenopiles-Bigyra,c:Sagenista,o:Labyrinthulomycetes,f:Thraustochytriaceae,g:Thraustochytriaceae_X,s:Thraustochytriaceae_X_sp,JF972654.1.1170_U;tax,k:Eukaryota,OTU660.p:Stramenopiles-Bigyra.g:Thraustochytriaceae_X
415,OTU662,385,1,385,1824,608,988,100,575,6.61e-163,93.798,d:Amoebozoa,p:Tubulinea-Tubulinea_X,c:Elardia,o:Euamoebida,f:Nolandellidae,g:Nolandellidae_X,s:Nolandellidae_X_sp,EF023499.1.1824_U;tax,k:Eukaryota,OTU662.p:Tubulinea-Tubulinea_X.g:Nolandellidae_X
416,OTU664,407,1,407,1071,503,909,100,725,0,98.771,d:TSAR,p:Rhizaria-Cercozoa,c:Filosa-Sarcomonadea,o:Cercomonadida,f:Cercomonadidae,g:Eocercomonas,s:Eocercomonas_ramosa,AY884327.1.1071_U;tax,k:Eukaryota,OTU664.p:Rhizaria-Cercozoa.g:Eocercomonas
417,OTU665,430,1,430,1849,592,1020,100,499,4.59e-140,87.76,d:Amoebozoa,p:Tubulinea-Tubulinea_X,c:Echinamoebida,o:Echinamoebida_X,f:Echinamoebidae,g:Echinamoeba,s:Echinamoeba_thermarum,AJ489261.1.1849_U;tax,k:Eukaryota,OTU665.p:Tubulinea-Tubulinea_X.g:Echinamoeba
418,OTU667,389,1,389,1119,12,397,100,532,4.08e-150,91.517,d:TSAR,p:Alveolata-Ciliophora,c:Oligohymenophorea,o:Oligohymenophorea_X,f:Oligohymenophorea_XX,g:Oligohymenophorea_XXX,s:Oligohymenophorea_XXX_sp,FJ153729.1.1119_U;tax,k:Eukaryota,OTU667.p:Alveolata-Ciliophora.g:Oligohymenophorea_XXX
419,OTU670,393,1,393,1444,466,858,100,582,4.04e-165,93.418,d:TSAR,p:Stramenopiles-Bigyra,c:Bicoecea,o:Pseudodendromonadales,f:Pseudodendromonadales_X,g:Pseudodendromonadales_XX,s:Pseudodendromonadales_XX_sp,GQ330587.1.1444_U;tax,k:Eukaryota,OTU670.p:Stramenopiles-Bigyra.g:Pseudodendromonadales_XX
420,OTU671,410,1,410,1698,544,951,100,440,2.69e-122,86.364,d:TSAR,p:Stramenopiles-Gyrista,c:Peronosporomycetes,o:Peronosporomycetes_X,f:Peronosporales,g:Peronosporales_X,s:Peronosporales_X_sp,JN635125.1.1698_U;tax,k:Eukaryota,OTU671.p:Stramenopiles-Gyrista.g:Peronosporales_X
421,OTU672,411,1,411,1860,570,980,100,444,2.09e-123,86.232,d:Amoebozoa,p:Evosea-Evosea_X,c:Variosea,o:Variosea_X,f:Variosea_XX,g:Variosea_XXX,s:Variosea_XXX_sp,AB695458.1.1860_U;tax,k:Eukaryota,OTU672.p:Evosea-Evosea_X.g:Variosea_XXX
422,OTU673,409,1,409,1883,578,989,100,281,1.72e-74,79.621,d:Amoebozoa,p:Evosea-Evosea_X,c:Variosea,o:Fractovitellida,f:Schizoplasmodiidae,g:Ceratiomyxella,s:Ceratiomyxella_tahitiensis,FJ544419.1.1883_U;tax,k:Eukaryota,OTU673.p:Evosea-Evosea_X.g:Ceratiomyxella
423,OTU674,423,1,423,1295,419,840,100,586,3.38e-166,91.745,d:TSAR,p:Rhizaria-Cercozoa,c:Endomyxa-Phytomyxea,o:Plasmodiophorida,f:Plasmodiophorida_X,g:Plasmodiophorida_XX,s:Plasmodiophorida_XX_sp,KF111202.1.1295_U;tax,k:Eukaryota,OTU674.p:Rhizaria-Cercozoa.g:Plasmodiophorida_XX
424,OTU677,384,1,384,1052,521,905,100,665,0,97.922,d:TSAR,p:Stramenopiles-Bigyra,c:Sagenista,o:Labyrinthulomycetes,f:Labyrinthulaceae,g:Labyrinthula,s:Labyrinthula_sp,GQ499190.1.1052_U;tax,k:Eukaryota,OTU677.p:Stramenopiles-Bigyra.g:Labyrinthula
425,OTU678,407,1,407,2130,531,927,100,278,2.21e-73,79.856,d:Eukaryota_X,p:Ancyromonadida-Ancyromonadida_X,c:Ancyromonadida_XX,o:Ancyromonadida_XXX,f:Ancyromonadida_Group-1,g:Ancyromonadida_Group-1_X,s:Fabomonas_tropica,MT355148.1.2130_U;tax,k:Eukaryota,OTU678.p:Ancyromonadida-Ancyromonadida_X.g:Ancyromonadida_Group-1_X
426,OTU679,328,1,327,1595,515,840,99,575,5.56e-163,98.471,d:TSAR,p:Alveolata-Ciliophora,c:Litostomatea,o:Litostomatea_X,f:Litostomatea_XX,g:Lagynophrya,s:Lagynophrya_acuminata,JQ723972.1.1595_U;tax,k:Eukaryota,OTU679.p:Alveolata-Ciliophora.g:Lagynophrya
427,OTU680,391,1,391,1635,516,905,100,665,0,97.442,d:TSAR,p:Alveolata-Ciliophora,c:Colpodea,o:Colpodea_X,f:Colpodida,g:Colpoda,s:Colpoda_sp,MT001201.1.1635_U;tax,k:Eukaryota,OTU680.p:Alveolata-Ciliophora.g:Colpoda
428,OTU681,420,1,420,1894,592,1007,100,540,2.65e-152,90.024,d:Amoebozoa,p:Tubulinea-Tubulinea_X,c:Elardia,o:Euamoebida,f:Hartmannellidae,g:Hartmannellidae_X,s:Hartmannellidae_X_sp,HQ687486.1.1894_U;tax,k:Eukaryota,OTU681.p:Tubulinea-Tubulinea_X.g:Hartmannellidae_X
429,OTU683,406,1,406,1800,576,981,100,656,0,95.813,d:TSAR,p:Rhizaria-Cercozoa,c:Endomyxa,o:Vampyrellida,f:Vampyrellida_X,g:Vampyrellida_clade_B,s:Vampyrellida_sp,KC779519.1.1800_U;tax,k:Eukaryota,OTU683.p:Rhizaria-Cercozoa.g:Vampyrellida_clade_B
430,OTU686,417,1,417,1659,574,990,100,710,0,97.362,d:TSAR,p:Rhizaria-Cercozoa,c:Filosa-Sarcomonadea,o:Glissomonadida,f:Allapsidae,g:Group-Te,s:Group_Te_sp,AJ130852.1.1659_U;tax,k:Eukaryota,OTU686.p:Rhizaria-Cercozoa.g:Group-Te
431,OTU691,398,1,398,1839,567,967,100,411,2.04e-113,85.36,d:Amoebozoa,p:Evosea-Evosea_X,c:Variosea,o:Variosea_X,f:WIM1-lineage,g:WIM1-lineage_X,s:WIM1-lineage_X_sp,AB695494.1.1839_U;tax,k:Eukaryota,OTU691.p:Evosea-Evosea_X.g:WIM1-lineage_X
432,OTU692,401,2,59,1323,142,200,14,91.6,3.05e-17,94.915,d:TSAR,p:Alveolata-Perkinsea,c:Perkinsida,o:Perkinsida_X,f:Perkinsida_XX,g:Perkinsida_XXX,s:Perkinsida_XXX_sp,MW139944.1.1323_U;tax,k:Eukaryota,OTU692.p:Alveolata-Perkinsea.g:Perkinsida_XXX
433,OTU694,398,1,398,1680,541,938,100,697,0,98.241,d:TSAR,p:Alveolata-Chrompodellids,c:Colpodellidea,o:Colpodellida,f:Alphamonaceae,g:Alphamonas,s:Alphamonas_sp,AB721048.1.1680_U;tax,k:Eukaryota,OTU694.p:Alveolata-Chrompodellids.g:Alphamonas
434,OTU696,369,1,57,1800,584,640,15,95.3,2.16e-18,96.491,d:TSAR,p:Alveolata-Dinoflagellata,c:Syndiniales,o:Dino-Group-II,f:Dino-Group-II-Clade-6,g:Dino-Group-II-Clade-6_X,s:Dino-Group-II-Clade-6_X_sp,KJ758804.1.1800_U;tax,k:Eukaryota,OTU696.p:Alveolata-Dinoflagellata.g:Dino-Group-II-Clade-6_X
435,OTU697,406,1,406,1872,582,988,100,302,1.31e-80,80.668,d:Amoebozoa,p:Evosea-Evosea_X,c:Variosea,o:Flamellidae,f:Flamella-lineage,g:Flamella-lineage_X,s:Flamella-lineage_X_sp,FR874405.1.1872_U;tax,k:Eukaryota,OTU697.p:Evosea-Evosea_X.g:Flamella-lineage_X
436,OTU698,402,164,402,5990,736,972,59,180,6.34e-44,80.738,d:Archaeplastida,p:Rhodophyta-Rhodophyta_X,c:Rhodellophyceae,o:Rhodellales,f:Rhodellales_X,g:Rhodella,s:Rhodella_violacea,MT117934.1.5990_U;tax,k:Eukaryota,OTU698.p:Rhodophyta-Rhodophyta_X.g:Rhodella
437,OTU699,405,1,405,1202,12,408,100,420,3.46e-116,85.749,d:Eukaryota_X,p:Ancyromonadida-Ancyromonadida_X,c:Ancyromonadida_XX,o:Ancyromonadida_XXX,f:Ancyromonadida_Group-1,g:Ancyromonadida_Group-1_X,s:Planomonadidae_Group-1_X_sp,FJ153714.1.1202_U;tax,k:Eukaryota,OTU699.p:Ancyromonadida-Ancyromonadida_X.g:Ancyromonadida_Group-1_X
438,OTU700,424,184,424,1878,753,994,69,335,1.35e-90,91.803,d:Amoebozoa,p:Tubulinea-Tubulinea_X,c:Elardia,o:Euamoebida,f:Hartmannellidae,g:Copromyxa,s:Copromyxa_laresi,JQ271679.1.1878_U;tax,k:Eukaryota,OTU700.p:Tubulinea-Tubulinea_X.g:Copromyxa
439,OTU701,408,1,408,1800,584,990,100,647,0,95.343,d:TSAR,p:Rhizaria-Cercozoa,c:Filosa-Thecofilosea,o:Cryomonadida,f:Rhogostoma-lineage,g:Rhogostoma-lineage_X,s:Rhogostoma-lineage_X_sp,EF023854.1.1800_U;tax,k:Eukaryota,OTU701.p:Rhizaria-Cercozoa.g:Rhogostoma-lineage_X
440,OTU702,420,168,420,1060,159,401,60,182,1.85e-44,80.469,d:Obazoa,p:Opisthokonta-Choanoflagellata,c:Choanoflagellatea,o:Choanoflagellatea_X,f:Choanoflagellatea_XX,g:Choanoflagellatea_XXX,s:Choanoflagellatea_XXX_sp,GU825165.1.1060_U;tax,k:Eukaryota,OTU702.p:Opisthokonta-Choanoflagellata.g:Choanoflagellatea_XXX
441,OTU703,384,1,384,1824,608,988,100,562,5.13e-159,93.316,d:Amoebozoa,p:Tubulinea-Tubulinea_X,c:Elardia,o:Euamoebida,f:Nolandellidae,g:Nolandellidae_X,s:Nolandellidae_X_sp,EF023499.1.1824_U;tax,k:Eukaryota,OTU703.p:Tubulinea-Tubulinea_X.g:Nolandellidae_X
442,OTU704,407,1,407,1883,578,989,100,590,2.5e-167,92.718,d:Amoebozoa,p:Evosea-Evosea_X,c:Variosea,o:Fractovitellida,f:Schizoplasmodiidae,g:Ceratiomyxella,s:Ceratiomyxella_tahitiensis,FJ544419.1.1883_U;tax,k:Eukaryota,OTU704.p:Evosea-Evosea_X.g:Ceratiomyxella
443,OTU708,419,1,419,808,351,761,100,429,5.96e-119,85.681,d:Obazoa,p:Opisthokonta-Choanoflagellata,c:Choanoflagellatea,o:Craspedida,f:Salpingoecidae_Group_C1,g:Salpingoecidae_Group_C1_X,s:Salpingoecidae_Group_C1_X_sp,AB971046.1.808_U;tax,k:Eukaryota,OTU708.p:Opisthokonta-Choanoflagellata.g:Salpingoecidae_Group_C1_X
444,OTU709,399,1,399,1647,600,998,100,593,1.9e-168,93.5,d:TSAR,p:Alveolata-Dinoflagellata,c:Dinophyceae,o:Dinophyceae_X,f:Dinophyceae_XX,g:Dinophyceae_XXX,s:Dinophyceae_XXX_sp,JN873311.1.1647_U;tax,k:Eukaryota,OTU709.p:Alveolata-Dinoflagellata.g:Dinophyceae_XXX
445,OTU711,419,1,419,1918,580,998,100,553,3.39e-156,90.588,d:Amoebozoa,p:Evosea-Evosea_X,c:Variosea,o:Fractovitellida,f:Schizoplasmodiidae,g:Nematostelium,s:Nematostelium_ovatum,FJ544420.1.1918_U;tax,k:Eukaryota,OTU711.p:Evosea-Evosea_X.g:Nematostelium
446,OTU713,407,1,407,2130,531,927,100,361,2.14e-98,83.293,d:Eukaryota_X,p:Ancyromonadida-Ancyromonadida_X,c:Ancyromonadida_XX,o:Ancyromonadida_XXX,f:Ancyromonadida_Group-1,g:Ancyromonadida_Group-1_X,s:Fabomonas_tropica,MT355148.1.2130_U;tax,k:Eukaryota,OTU713.p:Ancyromonadida-Ancyromonadida_X.g:Ancyromonadida_Group-1_X
447,OTU714,399,1,399,1576,407,813,100,191,2.91e-47,76.134,d:TSAR,p:Stramenopiles-Gyrista,c:Phaeothamniophyceae,o:Phaeothamniales,f:Phaeothamniales_X,g:Stichogloea,s:Stichogloea_globosa,MK775677.1.1576_U;tax,k:Eukaryota,OTU714.p:Stramenopiles-Gyrista.g:Stichogloea
448,OTU715,397,1,55,1752,556,610,14,97.1,6.48e-19,98.182,d:Cryptista,p:Cryptophyta-Cryptophyta_X,c:Cryptophyceae,o:Cryptomonadales,f:Hemiselmidaceae,g:Chroomonas,s:Chroomonas_debatzensis,MT628016.1.1752_U;tax,k:Eukaryota,OTU715.p:Cryptophyta-Cryptophyta_X.g:Chroomonas
449,OTU716,384,1,384,1808,579,971,100,590,2.35e-167,94.148,d:Excavata,p:Discoba-Discoba_X,c:Discoba_XX,o:Jakobida,f:Andaluciidae,g:Andaluciidae_AND1,s:Andaluciidae_AND1_sp,JX296586.1.1808_U;tax,k:Eukaryota,OTU716.p:Discoba-Discoba_X.g:Andaluciidae_AND1
450,OTU718,406,1,406,1878,593,994,100,464,1.58e-129,87.621,d:Amoebozoa,p:Tubulinea-Tubulinea_X,c:Elardia,o:Euamoebida,f:Hartmannellidae,g:Copromyxa,s:Copromyxa_laresi,JQ271679.1.1878_U;tax,k:Eukaryota,OTU718.p:Tubulinea-Tubulinea_X.g:Copromyxa
451,OTU721,408,1,408,1878,593,994,100,427,2.08e-118,85.922,d:Amoebozoa,p:Tubulinea-Tubulinea_X,c:Elardia,o:Euamoebida,f:Hartmannellidae,g:Copromyxa,s:Copromyxa_laresi,JQ271679.1.1878_U;tax,k:Eukaryota,OTU721.p:Tubulinea-Tubulinea_X.g:Copromyxa
452,OTU722,401,9,53,813,433,476,11,76.8,8.54e-13,97.778,d:TSAR,p:Alveolata-Apicomplexa,c:Gregarinomorphea,o:Gregarinomorphea_X_GRE5,f:Gregarinomorphea_X_GRE5_X,g:Gregarinomorphea_X_GRE5_XX,s:Gregarinomorphea_X_GRE5_XX_sp,EU087243.1.813_U;tax,k:Eukaryota,OTU722.p:Alveolata-Apicomplexa.g:Gregarinomorphea_X_GRE5_XX
453,OTU723,406,168,406,1552,592,827,71,267,4.78e-70,87.137,d:TSAR,p:Alveolata-Ciliophora,c:Colpodea,o:Colpodea_X,f:Colpodida,g:Colpoda,s:Colpoda_sp,MT001195.1.1552_U;tax,k:Eukaryota,OTU723.p:Alveolata-Ciliophora.g:Colpoda
454,OTU724,386,1,386,1599,559,944,100,658,0,97.409,d:TSAR,p:Alveolata-Ciliophora,c:Oligohymenophorea,o:Peritrichia_2,f:Sessilida,g:Sessilida_X,s:Sessilida_X_sp,JQ743694.1.1599_U;tax,k:Eukaryota,OTU724.p:Alveolata-Ciliophora.g:Sessilida_X
455,OTU725,387,1,387,1808,579,971,100,466,4.17e-130,88.354,d:Excavata,p:Discoba-Discoba_X,c:Discoba_XX,o:Jakobida,f:Andaluciidae,g:Andaluciidae_AND1,s:Andaluciidae_AND1_sp,JX296586.1.1808_U;tax,k:Eukaryota,OTU725.p:Discoba-Discoba_X.g:Andaluciidae_AND1
456,OTU727,391,1,391,1764,537,927,100,701,0,98.977,d:TSAR,p:Stramenopiles-Gyrista,c:Bacillariophyceae,o:Thalassiophysales,f:Catenulaceae,g:Amphora,s:Amphora_coffeiformis,KY054929.1.1764_U;tax,k:Eukaryota,OTU727.p:Stramenopiles-Gyrista.g:Amphora
457,OTU728,394,1,394,1694,499,892,100,656,0,96.701,d:TSAR,p:Alveolata-Ciliophora,c:Spirotrichea,o:Hypotrichia,f:Oxytrichidae,g:Bistichella,s:Bistichella_FG-2014,KJ509196.1.1694_U;tax,k:Eukaryota,OTU728.p:Alveolata-Ciliophora.g:Bistichella
458,OTU731,361,242,361,2076,997,1116,33,89.8,9.79e-17,80,d:Haptista,p:Centroplasthelida-Centroplasthelida_X,c:Panacanthocystida,o:Panacanthocystida_X,f:Acanthocystidae,g:Acanthocystis,s:Acanthocystis_sp,GQ330590.1.2076_U;tax,k:Eukaryota,OTU731.p:Centroplasthelida-Centroplasthelida_X.g:Acanthocystis
459,OTU734,373,1,373,2226,1038,1407,100,303,3.33e-81,81.698,d:Amoebozoa,p:Tubulinea-Tubulinea_X,c:Elardia,o:Euamoebida,f:LOS7N/I-lineage,g:Ptolemeba,s:Ptolemeba_noxubium,KJ542110.1.2226_U;tax,k:Eukaryota,OTU734.p:Tubulinea-Tubulinea_X.g:Ptolemeba
460,OTU735,395,1,395,1776,536,930,100,409,7.29e-113,85.427,d:TSAR,p:Alveolata-Colponemidia,c:Colponemidia_X,o:Colponemida,f:Colponemidae,g:Colponema,s:Colponema_edaphicum,KF651068.1.1776_U;tax,k:Eukaryota,OTU735.p:Alveolata-Colponemidia.g:Colponema
461,OTU736,369,140,369,1797,745,981,62,159,7.54e-38,79.498,d:TSAR,p:Alveolata-Dinoflagellata,c:Dinophyceae,o:Dinophyceae_X,f:Dinophyceae_XX,g:Dinophyceae_XXX,s:Dinophyceae_XXX_sp,KJ762526.1.1797_U;tax,k:Eukaryota,OTU736.p:Alveolata-Dinoflagellata.g:Dinophyceae_XXX
462,OTU737,406,1,406,1630,554,960,100,734,0,99.263,d:TSAR,p:Rhizaria-Cercozoa,c:Filosa-Thecofilosea,o:Cryomonadida,f:Rhogostoma-lineage,g:Rhogostoma-lineage_X,s:Rhogostoma-lineage_X_sp,AB534501.1.1630_U;tax,k:Eukaryota,OTU737.p:Rhizaria-Cercozoa.g:Rhogostoma-lineage_X
463,OTU738,412,150,412,1038,653,916,78,209,8.3e-53,81.203,d:Amoebozoa,p:Evosea-Evosea_X,c:Variosea,o:Variosea_X,f:Variosea_XX,g:Variosea_XXX,s:Variosea_XXX_sp,JN825689.1.1038_U;tax,k:Eukaryota,OTU738.p:Evosea-Evosea_X.g:Variosea_XXX
464,OTU739,408,1,408,1858,578,985,100,560,1.97e-158,91.443,d:Amoebozoa,p:Evosea-Evosea_X,c:Variosea,o:Flamellidae,f:Flamella-lineage,g:Flamella,s:Flamella_aegyptia,EU186021.1.1858_U;tax,k:Eukaryota,OTU739.p:Evosea-Evosea_X.g:Flamella
465,OTU740,417,1,417,989,475,889,100,564,1.56e-159,91.232,d:Amoebozoa,p:Evosea-Evosea_X,c:Variosea,o:Variosea_X,f:Variosea_XX,g:Variosea_XXX,s:Variosea_XXX_sp,EU545726.1.989_U;tax,k:Eukaryota,OTU740.p:Evosea-Evosea_X.g:Variosea_XXX
466,OTU741,407,1,407,1886,594,1000,100,708,0,98.039,d:Amoebozoa,p:Tubulinea-Tubulinea_X,c:Elardia,o:Euamoebida,f:Hartmannellidae,g:Copromyxa,s:Copromyxa_protea,JQ271677.1.1886_U;tax,k:Eukaryota,OTU741.p:Tubulinea-Tubulinea_X.g:Copromyxa
467,OTU743,417,1,417,1065,11,407,100,276,8.18e-73,79.669,d:Obazoa,p:Opisthokonta-Choanoflagellata,c:Choanoflagellatea,o:Craspedida,f:Monosigidae_Group_M,g:Monosigidae_Group_M_X,s:Monosigidae_Group_M_X_sp,GU824744.1.1065_U;tax,k:Eukaryota,OTU743.p:Opisthokonta-Choanoflagellata.g:Monosigidae_Group_M_X
468,OTU744,397,1,397,1358,534,930,100,651,0,96.231,d:Archaeplastida,p:Chlorophyta-Chlorophyta_X,c:Chlorophyceae,o:Chlamydomonadales,f:Chlamydomonadales_X,g:Protosiphon,s:Protosiphon_sp,KM985423.1.1358_U;tax,k:Eukaryota,OTU744.p:Chlorophyta-Chlorophyta_X.g:Protosiphon
469,OTU745,375,2,375,1735,571,940,99,416,4.12e-115,87.071,d:TSAR,p:Alveolata-Chrompodellids,c:Colpodellidea,o:Colpodellida,f:Colpodellaceae,g:Colpodellidae2,s:Colpodellidae2_sp,EF025008.1.1735_U;tax,k:Eukaryota,OTU745.p:Alveolata-Chrompodellids.g:Colpodellidae2
470,OTU746,385,1,385,1677,492,876,100,701,0,99.481,d:TSAR,p:Alveolata-Ciliophora,c:Nassophorea,o:Nassophorea_X,f:Microthoracida,g:Leptopharynx,s:Leptopharynx_costatus,EU286811.1.1677_U;tax,k:Eukaryota,OTU746.p:Alveolata-Ciliophora.g:Leptopharynx
471,OTU747,402,1,402,684,158,559,100,721,0,99.005,d:TSAR,p:Stramenopiles-Bigyra,c:Sagenista,o:Labyrinthulomycetes,f:Labyrinthulaceae,g:Aplanochytrium,s:Aplanochytrium_sp,FJ389880.1.684_U;tax,k:Eukaryota,OTU747.p:Stramenopiles-Bigyra.g:Aplanochytrium
472,OTU749,401,1,401,989,475,889,100,289,1.01e-76,79.904,d:Amoebozoa,p:Evosea-Evosea_X,c:Variosea,o:Variosea_X,f:Variosea_XX,g:Variosea_XXX,s:Variosea_XXX_sp,EU545726.1.989_U;tax,k:Eukaryota,OTU749.p:Evosea-Evosea_X.g:Variosea_XXX
473,OTU750,398,1,398,1723,574,971,100,730,0,99.749,d:Archaeplastida,p:Chlorophyta-Chlorophyta_X,c:Trebouxiophyceae,o:Chlorellales,f:Chlorellales_X,g:Muriella,s:Muriella_terrestris,MZ841645.1.1723_U;tax,k:Eukaryota,OTU750.p:Chlorophyta-Chlorophyta_X.g:Muriella
474,OTU751,395,1,395,1778,575,969,100,686,0,97.975,d:Amoebozoa,p:Tubulinea-Tubulinea_X,c:Elardia,o:Leptomyxida,f:Flabellulidae,g:Flabellulidae_X,s:Flabellulidae_X_sp,EU273463.1.1778_U;tax,k:Eukaryota,OTU751.p:Tubulinea-Tubulinea_X.g:Flabellulidae_X
475,OTU752,387,1,387,1766,577,963,100,704,0,99.483,d:TSAR,p:Alveolata-Ciliophora,c:Colpodea,o:Colpodea_X,f:Platyophryida,g:Etoschophrya,s:Etoschophrya_inornata,JQ356867.1.1766_U;tax,k:Eukaryota,OTU752.p:Alveolata-Ciliophora.g:Etoschophrya
476,OTU753,406,1,406,2130,531,927,100,364,1.65e-99,83.415,d:Eukaryota_X,p:Ancyromonadida-Ancyromonadida_X,c:Ancyromonadida_XX,o:Ancyromonadida_XXX,f:Ancyromonadida_Group-1,g:Ancyromonadida_Group-1_X,s:Fabomonas_tropica,MT355148.1.2130_U;tax,k:Eukaryota,OTU753.p:Ancyromonadida-Ancyromonadida_X.g:Ancyromonadida_Group-1_X
477,OTU754,396,1,396,1733,557,952,100,699,0,98.485,d:Archaeplastida,p:Chlorophyta-Chlorophyta_X,c:Chlorophyceae,o:Chlamydomonadales,f:Chlamydomonadales_X,g:Chlamydomonas,s:Chlamydomonas_tetragama,AB007370.1.1733_U;tax,k:Eukaryota,OTU754.p:Chlorophyta-Chlorophyta_X.g:Chlamydomonas
478,OTU755,398,1,398,2021,588,985,100,730,0,99.749,d:TSAR,p:Alveolata-Apicomplexa,c:Coccidiomorphea,o:Haemosporida,f:Plasmodiidae,g:Plasmodium2,s:Plasmodium2_ovale,KF696363.1.2021_U;tax,k:Eukaryota,OTU755.p:Alveolata-Apicomplexa.g:Plasmodium2
479,OTU758,387,1,387,1704,558,944,100,671,0,97.933,d:TSAR,p:Alveolata-Ciliophora,c:Colpodea,o:Colpodea_X,f:Platyophryida,g:Ottowphyra,s:Ottowphyra_dragescoi,EU039904.1.1704_U;tax,k:Eukaryota,OTU758.p:Alveolata-Ciliophora.g:Ottowphyra
480,OTU760,384,1,384,1824,608,988,100,612,5.02e-174,95.573,d:Amoebozoa,p:Tubulinea-Tubulinea_X,c:Elardia,o:Euamoebida,f:Nolandellidae,g:Nolandellidae_X,s:Nolandellidae_X_sp,EF023499.1.1824_U;tax,k:Eukaryota,OTU760.p:Tubulinea-Tubulinea_X.g:Nolandellidae_X
481,OTU761,397,1,397,1792,583,980,100,706,0,98.744,d:TSAR,p:Alveolata-Chrompodellids,c:Colpodellidea,o:Colpodellida,f:Alphamonaceae,g:Alphamonas,s:Alphamonas_sp,GU067926.1.1792_U;tax,k:Eukaryota,OTU761.p:Alveolata-Chrompodellids.g:Alphamonas
482,OTU762,392,1,392,1444,466,858,100,569,3.13e-161,92.893,d:TSAR,p:Stramenopiles-Bigyra,c:Bicoecea,o:Pseudodendromonadales,f:Pseudodendromonadales_X,g:Pseudodendromonadales_XX,s:Pseudodendromonadales_XX_sp,GQ330587.1.1444_U;tax,k:Eukaryota,OTU762.p:Stramenopiles-Bigyra.g:Pseudodendromonadales_XX
483,OTU763,407,1,407,1893,588,992,100,628,5.31e-179,94.595,d:Amoebozoa,p:Evosea-Evosea_X,c:Variosea,o:Variosea_X,f:WIM1-lineage,g:WIM1-lineage_X,s:WIM1-lineage_X_sp,AM114811.1.1893_U;tax,k:Eukaryota,OTU763.p:Evosea-Evosea_X.g:WIM1-lineage_X
484,OTU766,412,1,412,1859,595,1004,100,372,1e-101,83.133,d:Amoebozoa,p:Evosea-Evosea_X,c:Variosea,o:Variosea_X,f:Phalansteriidae,g:Phalansterium,s:Phalansterium_sp,EF143966.1.1859_U;tax,k:Eukaryota,OTU766.p:Evosea-Evosea_X.g:Phalansterium
485,OTU767,407,1,407,1463,473,878,100,695,0,97.543,d:TSAR,p:Rhizaria-Cercozoa,c:Filosa-Sarcomonadea,o:Glissomonadida,f:Sandonidae,g:Sandonidae_X,s:Sandonidae_X_sp,EU709203.15.1477_U;tax,k:Eukaryota,OTU767.p:Rhizaria-Cercozoa.g:Sandonidae_X
486,OTU771,382,147,382,1330,735,972,62,267,4.48e-70,87.029,d:TSAR,p:Alveolata-Apicomplexa,c:Gregarinomorphea,o:Neogregarinorida,f:Actinocephalidae,g:Hyplorynchus,s:Hyplorynchus_sp,EF100272.1.1330_U;tax,k:Eukaryota,OTU771.p:Alveolata-Apicomplexa.g:Hyplorynchus
487,OTU772,373,1,373,2226,1038,1407,100,359,7e-98,84.309,d:Amoebozoa,p:Tubulinea-Tubulinea_X,c:Elardia,o:Euamoebida,f:LOS7N/I-lineage,g:Ptolemeba,s:Ptolemeba_noxubium,KJ542110.1.2226_U;tax,k:Eukaryota,OTU772.p:Tubulinea-Tubulinea_X.g:Ptolemeba
488,OTU773,357,1,357,1706,557,914,100,394,1.83e-108,86.704,d:TSAR,p:Alveolata-Ciliophora,c:Phyllopharyngea,o:Suctoria,f:Suctoria_X,g:Suctoria_XX,s:Suctoria_XX_sp,HM140400.1.1706_U;tax,k:Eukaryota,OTU773.p:Alveolata-Ciliophora.g:Suctoria_XX
489,OTU774,391,1,391,1703,560,951,100,662,0,97.194,d:TSAR,p:Alveolata-Ciliophora,c:Colpodea,o:Colpodea_X,f:Colpodida,g:Kalometopia,s:Kalometopia_duplicata,KJ873050.1.1703_U;tax,k:Eukaryota,OTU774.p:Alveolata-Ciliophora.g:Kalometopia
490,OTU775,407,1,407,2130,531,927,100,255,1.04e-66,78.897,d:Eukaryota_X,p:Ancyromonadida-Ancyromonadida_X,c:Ancyromonadida_XX,o:Ancyromonadida_XXX,f:Ancyromonadida_Group-1,g:Ancyromonadida_Group-1_X,s:Fabomonas_tropica,MT355148.1.2130_U;tax,k:Eukaryota,OTU775.p:Ancyromonadida-Ancyromonadida_X.g:Ancyromonadida_Group-1_X
491,OTU776,407,1,407,1797,578,983,100,545,5.5e-154,90.931,d:TSAR,p:Rhizaria-Cercozoa,c:Filosa-Sarcomonadea,o:Cercomonadida,f:Paracercomonadidae,g:Nucleocercomonas,s:Nucleocercomonas_praelonga,HM536165.1.1797_U;tax,k:Eukaryota,OTU776.p:Rhizaria-Cercozoa.g:Nucleocercomonas
492,OTU781,446,1,446,1891,575,1017,100,793,0,98.879,d:Amoebozoa,p:Evosea-Evosea_X,c:Variosea,o:Variosea_X,f:Mb5C-lineage,g:Mb5C-lineage_X,s:Mb5C-lineage_X_sp,AB425950.1.1891_U;tax,k:Eukaryota,OTU781.p:Evosea-Evosea_X.g:Mb5C-lineage_X
493,OTU782,413,1,413,1154,66,477,100,723,0,98.305,d:TSAR,p:Stramenopiles-Gyrista,c:Xanthophyceae,o:Xanthophyceae_X,f:Xanthophyceae_XX,g:Sphaerosorus,s:Sphaerosorus_composita,MT582135.1.1154_U;tax,k:Eukaryota,OTU782.p:Stramenopiles-Gyrista.g:Sphaerosorus
494,OTU783,407,2,407,989,476,889,99,364,1.65e-99,82.974,d:Amoebozoa,p:Evosea-Evosea_X,c:Variosea,o:Variosea_X,f:Variosea_XX,g:Variosea_XXX,s:Variosea_XXX_sp,EU545726.1.989_U;tax,k:Eukaryota,OTU783.p:Evosea-Evosea_X.g:Variosea_XXX
495,OTU784,406,1,406,2261,589,994,100,728,0,99.015,d:TSAR,p:Rhizaria-Cercozoa,c:Filosa-Sarcomonadea,o:Glissomonadida,f:Sandonidae,g:Mollimonas,s:Mollimonas_vickermani,HQ918173.1.2261_U;tax,k:Eukaryota,OTU784.p:Rhizaria-Cercozoa.g:Mollimonas
496,OTU786,370,1,370,2226,1038,1407,100,418,1.13e-115,87.2,d:Amoebozoa,p:Tubulinea-Tubulinea_X,c:Elardia,o:Euamoebida,f:LOS7N/I-lineage,g:Ptolemeba,s:Ptolemeba_noxubium,KJ542110.1.2226_U;tax,k:Eukaryota,OTU786.p:Tubulinea-Tubulinea_X.g:Ptolemeba
497,OTU787,390,1,390,1796,579,968,100,566,4.03e-160,92.839,d:TSAR,p:Stramenopiles-Bigyra,c:Bicoecea,o:Pseudodendromonadales,f:Pseudodendromonadales_X,g:Adriamonas,s:Adriamonas_peritocrescens,AF243501.1.1796_U;tax,k:Eukaryota,OTU787.p:Stramenopiles-Bigyra.g:Adriamonas
498,OTU788,412,1,412,1584,560,964,100,627,1.93e-178,94.417,d:Haptista,p:Centroplasthelida-Centroplasthelida_X,c:Centroplasthelida_XX,o:Centroplasthelida_XXX,f:Centroplasthelida_XXXX,g:Centroplasthelida_XXXXX,s:Centroplasthelida_XXXXX_sp,AY749537.1.1584_U;tax,k:Eukaryota,OTU788.p:Centroplasthelida-Centroplasthelida_X.g:Centroplasthelida_XXXXX
499,OTU789,406,1,406,1582,560,965,100,701,0,97.789,d:Haptista,p:Centroplasthelida-Centroplasthelida_X,c:Centroplasthelida_XX,o:Centroplasthelida_XXX,f:Centroplasthelida_XXXX,g:Centroplasthelida_XXXXX,s:Centroplasthelida_XXXXX_sp,AY749496.1.1582_U;tax,k:Eukaryota,OTU789.p:Centroplasthelida-Centroplasthelida_X.g:Centroplasthelida_XXXXX
500,OTU790,414,1,414,1558,438,847,100,529,5.64e-149,89.976,d:TSAR,p:Rhizaria-Cercozoa,c:Filosa-Imbricatea,o:Euglyphida,f:Paulinellidae,g:Paulinella,s:Paulinella_micropora,KX927957.1.1558_U;tax,k:Eukaryota,OTU790.p:Rhizaria-Cercozoa.g:Paulinella
501,OTU791,402,1,402,1883,578,989,100,342,7.64e-93,82.423,d:Amoebozoa,p:Evosea-Evosea_X,c:Variosea,o:Fractovitellida,f:Schizoplasmodiidae,g:Ceratiomyxella,s:Ceratiomyxella_tahitiensis,FJ544419.1.1883_U;tax,k:Eukaryota,OTU791.p:Evosea-Evosea_X.g:Ceratiomyxella
502,OTU792,399,1,399,1755,556,953,100,475,7.16e-133,88.221,d:TSAR,p:Alveolata-Dinoflagellata,c:Dinophyceae,o:Dinophyceae_X,f:Dinophyceae_XX,g:Dinophyceae_XXX,s:Dinophyceae_XXX_sp,AB695539.1.1755_U;tax,k:Eukaryota,OTU792.p:Alveolata-Dinoflagellata.g:Dinophyceae_XXX
503,OTU793,410,1,410,1749,547,958,100,676,0,96.359,d:Amoebozoa,p:Tubulinea-Tubulinea_X,c:Elardia,o:Leptomyxida,f:Leptomyxidae,g:Leptomyxa,s:Leptomyxa_arborea,KT945254.1.1749_U;tax,k:Eukaryota,OTU793.p:Tubulinea-Tubulinea_X.g:Leptomyxa
504,OTU794,386,1,386,1696,552,937,100,704,0,99.482,d:TSAR,p:Alveolata-Ciliophora,c:Colpodea,o:Colpodea_X,f:Cyrtolophosidida,g:Cyrtolophosis,s:Cyrtolophosis_mucicola,EU039899.1.1696_G;tax,k:Eukaryota,OTU794.p:Alveolata-Ciliophora.g:Cyrtolophosis
505,OTU795,256,1,200,2888,2009,1812,78,291,1.72e-77,93,d:Amoebozoa,p:Tubulinea-Tubulinea_X,c:Elardia,o:Arcellinida,f:Phryganellina,g:Phryganella,s:Phryganella_paradoxa,MF497374.1.2888_U;tax,k:Eukaryota,OTU795.p:Tubulinea-Tubulinea_X.g:Phryganella
506,OTU796,412,1,412,1865,620,1031,100,701,0,97.33,d:Amoebozoa,p:Tubulinea-Tubulinea_X,c:Elardia,o:Euamoebida,f:LOS7N/I-lineage,g:LOS7N/I-lineage_X,s:LOS7N/I-lineage_X_sp,AY145442.1.1865_U;tax,k:Eukaryota,OTU796.p:Tubulinea-Tubulinea_X.g:LOS7N/I-lineage_X
507,OTU797,407,1,407,989,475,889,100,261,2.23e-68,78.723,d:Amoebozoa,p:Evosea-Evosea_X,c:Variosea,o:Variosea_X,f:Variosea_XX,g:Variosea_XXX,s:Variosea_XXX_sp,EU545726.1.989_U;tax,k:Eukaryota,OTU797.p:Evosea-Evosea_X.g:Variosea_XXX
508,OTU798,394,1,394,1718,557,950,100,595,5.2e-169,93.909,d:TSAR,p:Alveolata-Ciliophora,c:Spirotrichea,o:Hypotrichia,f:Oxytrichidae,g:Schmidingerothrix,s:Schmidingerothrix_elongata,KY085934.1.1718_U;tax,k:Eukaryota,OTU798.p:Alveolata-Ciliophora.g:Schmidingerothrix
509,OTU800,403,1,403,1831,558,957,100,420,3.44e-116,85.784,d:Amoebozoa,p:Evosea-Evosea_X,c:Variosea,o:Variosea_X,f:AND16-lineage,g:AND16-lineage_X,s:AND16-lineage_X_sp,AY965863.1.1831_U;tax,k:Eukaryota,OTU800.p:Evosea-Evosea_X.g:AND16-lineage_X
510,OTU804,388,1,388,1663,529,908,100,366,4.37e-100,84.422,d:TSAR,p:Stramenopiles-Bigyra,c:Bicoecea,o:Pseudodendromonadales,f:Pseudodendromonadales_X,g:Pseudodendromonadales_XX,s:Pseudodendromonadales_XX_sp,AB622297.1.1663_U;tax,k:Eukaryota,OTU804.p:Stramenopiles-Bigyra.g:Pseudodendromonadales_XX
511,OTU805,384,1,57,1848,577,632,15,76.8,8.15e-13,91.228,d:Amoebozoa,p:Evosea-Evosea_X,c:Variosea,o:Fractovitellida,f:Soliformoviidae,g:Soliformovum,s:Soliformovum_irregulare,EF513181.1.1848_U;tax,k:Eukaryota,OTU805.p:Evosea-Evosea_X.g:Soliformovum
512,OTU807,361,1,52,2184,620,671,14,86.1,1.27e-15,96.154,d:Excavata,p:Metamonada-Fornicata,c:Carpediemonadea,o:Carpediemonadida,f:Carpediemonadidae,g:Carpediemonadidae_X,s:Carpediemonadidae_X_sp,GU827603.1.2184_U;tax,k:Eukaryota,OTU807.p:Metamonada-Fornicata.g:Carpediemonadidae_X
513,OTU809,410,1,410,1807,591,1000,100,730,0,98.78,d:TSAR,p:Rhizaria-Cercozoa,c:Filosa-Granofilosea,o:Limnofilida,f:Limnofilidae,g:Limnofilidae_X,s:Limnofilidae_X_sp,EF023178.1.1807_U;tax,k:Eukaryota,OTU809.p:Rhizaria-Cercozoa.g:Limnofilidae_X
514,OTU810,393,1,393,1728,557,949,100,715,0,99.491,d:TSAR,p:Alveolata-Ciliophora,c:Spirotrichea,o:Hypotrichia,f:Pseudourostylidae,g:Pseudourostyla,s:Pseudourostyla_franzi,AM412765.1.1728_U;tax,k:Eukaryota,OTU810.p:Alveolata-Ciliophora.g:Pseudourostyla
515,OTU811,393,1,393,1762,572,961,100,473,2.54e-132,88.579,d:TSAR,p:Alveolata-Apicomplexa,c:Gregarinomorphea,o:Neogregarinorida,f:Actinocephalidae,g:Monocystis,s:Monocystis_sp,EF024926.1.1762_U;tax,k:Eukaryota,OTU811.p:Alveolata-Apicomplexa.g:Monocystis
516,OTU813,394,1,394,1770,564,957,100,662,0,96.962,d:TSAR,p:Stramenopiles-Bigyra,c:Bicoecea,o:Bicoecea_X,f:Bicoecea_XX,g:Bicoecea_XXX,s:Bicoecea_XXX_sp,GU170214.1.1770_U;tax,k:Eukaryota,OTU813.p:Stramenopiles-Bigyra.g:Bicoecea_XXX
517,OTU815,389,1,389,1596,529,915,100,595,5.13e-169,94.359,d:Amoebozoa,p:Tubulinea-Tubulinea_X,c:Elardia,o:Euamoebida,f:Nolandellidae,g:Nolandellidae_X,s:Nolandellidae_X_sp,HM628631.1.1596_U;tax,k:Eukaryota,OTU815.p:Tubulinea-Tubulinea_X.g:Nolandellidae_X
518,OTU816,400,1,400,1831,558,957,100,496,5.51e-139,89.109,d:Amoebozoa,p:Evosea-Evosea_X,c:Variosea,o:Variosea_X,f:AND16-lineage,g:AND16-lineage_X,s:AND16-lineage_X_sp,AY965863.1.1831_U;tax,k:Eukaryota,OTU816.p:Evosea-Evosea_X.g:AND16-lineage_X
519,OTU818,412,1,412,1883,578,989,100,507,2.63e-142,88.969,d:Amoebozoa,p:Evosea-Evosea_X,c:Variosea,o:Fractovitellida,f:Schizoplasmodiidae,g:Ceratiomyxella,s:Ceratiomyxella_tahitiensis,FJ544419.1.1883_U;tax,k:Eukaryota,OTU818.p:Evosea-Evosea_X.g:Ceratiomyxella
520,OTU819,404,1,404,1883,578,989,100,311,2.17e-83,80.998,d:Amoebozoa,p:Evosea-Evosea_X,c:Variosea,o:Fractovitellida,f:Schizoplasmodiidae,g:Ceratiomyxella,s:Ceratiomyxella_tahitiensis,FJ544419.1.1883_U;tax,k:Eukaryota,OTU819.p:Evosea-Evosea_X.g:Ceratiomyxella
521,OTU820,404,164,404,1794,744,980,60,215,1.75e-54,82.988,d:TSAR,p:Stramenopiles-Stramenopiles_X,c:Stramenopiles_XX,o:Stramenopiles_XXX,f:Stramenopiles_XXXX,g:Stramenopiles_XXXXX,s:Stramenopiles_XXXXX_sp,KJ757359.1.1794_U;tax,k:Eukaryota,OTU820.p:Stramenopiles-Stramenopiles_X.g:Stramenopiles_XXXXX
522,OTU826,406,1,406,1862,578,984,100,285,1.32e-75,80.142,d:Amoebozoa,p:Evosea-Evosea_X,c:Variosea,o:Variosea_X,f:Variosea_XX,g:Variosea_XXX,s:Variosea_XXX_sp,EF023424.1.1862_U;tax,k:Eukaryota,OTU826.p:Evosea-Evosea_X.g:Variosea_XXX
523,OTU827,405,1,405,1883,578,989,100,438,9.55e-122,86.331,d:Amoebozoa,p:Evosea-Evosea_X,c:Variosea,o:Fractovitellida,f:Schizoplasmodiidae,g:Ceratiomyxella,s:Ceratiomyxella_tahitiensis,FJ544419.1.1883_U;tax,k:Eukaryota,OTU827.p:Evosea-Evosea_X.g:Ceratiomyxella
524,OTU828,404,1,404,1801,584,986,100,562,5.42e-159,91.892,d:TSAR,p:Rhizaria-Cercozoa,c:Filosa-Sarcomonadea,o:Cercomonadida,f:Paracercomonadidae,g:Paracercomonas,s:Paracercomonas_sp,MG775638.1.1801_U;tax,k:Eukaryota,OTU828.p:Rhizaria-Cercozoa.g:Paracercomonas
525,OTU829,398,1,398,1803,586,983,100,730,0,99.749,d:TSAR,p:Rhizaria-Cercozoa,c:Filosa-Sarcomonadea,o:Cercomonadida,f:Paracercomonadidae,g:Paracercomonas,s:Paracercomonas_sp,AM114800.1.1803_U;tax,k:Eukaryota,OTU829.p:Rhizaria-Cercozoa.g:Paracercomonas
526,OTU833,399,1,399,1388,202,600,100,643,0,95.739,d:TSAR,p:Alveolata-Dinoflagellata,c:Dinophyceae,o:Gymnodiniales,f:Gymnodiniaceae,g:Gyrodinium,s:Gyrodinium_fusiforme,EF527047.1.1388_U;tax,k:Eukaryota,OTU833.p:Alveolata-Dinoflagellata.g:Gyrodinium
527,OTU835,401,157,401,1718,691,933,61,158,2.96e-37,78.968,d:Archaeplastida,p:Rhodophyta-Rhodophyta_X,c:Rhodellophyceae,o:Rhodellales,f:Rhodellales_X,g:Rhodella,s:Rhodella_sp,AB045594.1.1718_U;tax,k:Eukaryota,OTU835.p:Rhodophyta-Rhodophyta_X.g:Rhodella
528,OTU836,433,195,433,875,179,416,66,207,3.14e-52,82.857,d:Archaeplastida,p:Picozoa-Picozoa_X,c:Picozoa_XX,o:Picozoa_XXX,f:Picozoa_XXXX,g:Picozoa_XXXXX,s:Picozoa_XXXXX_sp,HQ869166.1.875_U;tax,k:Eukaryota,OTU836.p:Picozoa-Picozoa_X.g:Picozoa_XXXXX
529,OTU837,399,1,399,1447,466,865,100,621,8.7e-177,94.75,d:TSAR,p:Alveolata-Perkinsea,c:Perkinsida,o:Perkinsida_X,f:Perkinsida_XX,g:Perkinsida_XXX,s:Perkinsida_XXX_sp,GQ330637.1.1447_U;tax,k:Eukaryota,OTU837.p:Alveolata-Perkinsea.g:Perkinsida_XXX
530,OTU840,424,92,424,571,1,333,79,582,4.36e-165,98.198,d:Archaeplastida,p:Rhodophyta-Rhodophyta_X,c:Bangiophyceae,o:Cyanidiales,f:Cyanidiales_X,g:Galdieria,s:Galdieria_sulphuraria,MW090722.1.571_U;tax,k:Eukaryota,OTU840.p:Rhodophyta-Rhodophyta_X.g:Galdieria
531,OTU842,379,1,379,1611,455,832,100,643,0,97.361,d:TSAR,p:Alveolata-Ciliophora,c:Armophorea,o:Armophorea_X,f:Armophorea_XX,g:Metopus_2,s:Metopus_hasei,KY432958.1.1611_U;tax,k:Eukaryota,OTU842.p:Alveolata-Ciliophora.g:Metopus_2
532,OTU843,414,1,414,1864,618,1029,100,342,7.89e-93,81.948,d:Amoebozoa,p:Tubulinea-Tubulinea_X,c:Elardia,o:Euamoebida,f:LOS7N/I-lineage,g:Ptolemeba,s:Ptolemeba_bulliensis,LC272073.1.1864_U;tax,k:Eukaryota,OTU843.p:Tubulinea-Tubulinea_X.g:Ptolemeba
533,OTU848,406,1,406,1199,11,409,100,294,2.19e-78,80.34,d:Archaeplastida,p:Streptophyta-Streptophyta_X,c:Streptophyta_XX,o:Streptophyta_XXX,f:Streptophyta_XXXX,g:Streptophyta_XXXXX,s:Streptophyta_XXXXX_sp,GU824549.1.1199_U;tax,k:Eukaryota,OTU848.p:Streptophyta-Streptophyta_X.g:Streptophyta_XXXXX
534,OTU849,403,164,403,1718,696,933,60,176,8.22e-43,80.488,d:Archaeplastida,p:Rhodophyta-Rhodophyta_X,c:Rhodellophyceae,o:Rhodellales,f:Rhodellales_X,g:Rhodella,s:Rhodella_sp,AB045594.1.1718_U;tax,k:Eukaryota,OTU849.p:Rhodophyta-Rhodophyta_X.g:Rhodella
535,OTU850,431,1,431,1849,592,1020,100,501,1.28e-140,87.844,d:Amoebozoa,p:Tubulinea-Tubulinea_X,c:Echinamoebida,o:Echinamoebida_X,f:Echinamoebidae,g:Echinamoeba,s:Echinamoeba_thermarum,AJ489261.1.1849_U;tax,k:Eukaryota,OTU850.p:Tubulinea-Tubulinea_X.g:Echinamoeba
536,OTU851,400,1,400,1634,506,905,100,268,1.31e-70,79.268,d:Archaeplastida,p:Glaucophyta-Glaucophyta_X,c:Glaucocystophyceae,o:Glaucocystophytes,f:Cyanophoraceae,g:Cyanophora,s:Cyanophora_biloba,KF631376.1.1634_U;tax,k:Eukaryota,OTU851.p:Glaucophyta-Glaucophyta_X.g:Cyanophora
537,OTU852,406,1,406,1801,576,981,100,534,1.19e-150,90.394,d:TSAR,p:Rhizaria-Cercozoa,c:Endomyxa,o:Vampyrellida,f:Thalassomyxa-lineage,g:Thalassomyxa,s:Thalassomyxa_sp,KC779515.1.1801_U;tax,k:Eukaryota,OTU852.p:Rhizaria-Cercozoa.g:Thalassomyxa
538,OTU853,408,1,408,989,475,889,100,366,4.61e-100,83.255,d:Amoebozoa,p:Evosea-Evosea_X,c:Variosea,o:Variosea_X,f:Variosea_XX,g:Variosea_XXX,s:Variosea_XXX_sp,EU545726.1.989_U;tax,k:Eukaryota,OTU853.p:Evosea-Evosea_X.g:Variosea_XXX
539,OTU854,408,1,408,1003,503,909,100,697,0,97.549,d:TSAR,p:Stramenopiles-Gyrista,c:Peronosporomycetes,o:Peronosporomycetes_X,f:Peronosporales,g:Lagenidium,s:Lagenidium_sp,HQ343197.1.1003_U;tax,k:Eukaryota,OTU854.p:Stramenopiles-Gyrista.g:Lagenidium
540,OTU855,406,1,406,1804,593,1004,100,462,5.68e-129,87.167,d:TSAR,p:Rhizaria-Cercozoa,c:Filosa-Sarcomonadea,o:Glissomonadida,f:Allapsidae,g:Allantion,s:Allantion_sp,AAYJ01000086.1.1804_U;tax,k:Eukaryota,OTU855.p:Rhizaria-Cercozoa.g:Allantion
541,OTU856,408,1,408,1828,591,998,100,715,0,98.284,d:TSAR,p:Stramenopiles-Stramenopiles_X,c:Stramenopiles_X-Group-3,o:Stramenopiles_X-Group-3_X,f:Stramenopiles_X-Group-3_XX,g:Stramenopiles_X-Group-3_XXX,s:Stramenopiles_X-Group-3_XXX_sp,GU290098.1.1828_U;tax,k:Eukaryota,OTU856.p:Stramenopiles-Stramenopiles_X.g:Stramenopiles_X-Group-3_XXX
542,OTU858,399,163,399,1691,652,888,59,333,4.56e-90,92.05,d:Obazoa,p:Opisthokonta-Choanoflagellata,c:Choanoflagellatea,o:Acanthoecida,f:Stephanoecidae_Group_H,g:Diaphanoeca,s:Diaphanoeca_undulata,KU587848.1.1691_U;tax,k:Eukaryota,OTU858.p:Opisthokonta-Choanoflagellata.g:Diaphanoeca
543,OTU859,406,1,406,1814,594,999,100,318,1.3e-85,81.159,d:Amoebozoa,p:Tubulinea-Tubulinea_X,c:Elardia,o:Euamoebida,f:Nolandellidae,g:Nolandella,s:Nolandella_sp,EU273451.1.1814_U;tax,k:Eukaryota,OTU859.p:Tubulinea-Tubulinea_X.g:Nolandella
544,OTU860,415,174,415,1786,700,944,58,211,2.33e-53,82.591,d:Amoebozoa,p:Tubulinea-Tubulinea_X,c:Elardia,o:Leptomyxida,f:Rhizamoeba-saxonica-lineage,g:Rhizamoeba-saxonica-lineage_X,s:Rhizamoeba-saxonica-lineage_X_sp,AB505542.1.1786_U;tax,k:Eukaryota,OTU860.p:Tubulinea-Tubulinea_X.g:Rhizamoeba-saxonica-lineage_X
545,OTU863,406,1,403,1807,570,972,99,595,5.37e-169,93.3,d:Amoebozoa,p:Tubulinea-Tubulinea_X,c:Echinamoebida,o:Echinamoebida_X,f:Echinamoebidae,g:Echinamoeba,s:Echinamoeba_silvestris,JQ271681.1.1807_U;tax,k:Eukaryota,OTU863.p:Tubulinea-Tubulinea_X.g:Echinamoeba
546,OTU864,399,1,399,1049,5,404,100,688,0,97.75,d:TSAR,p:Stramenopiles-Gyrista,c:Chrysophyceae,o:Ochromonadales,f:Ochromonadales_X,g:Ochromonadales_XX,s:Ochromonadales_XX_sp,FJ355238.1.1049_U;tax,k:Eukaryota,OTU864.p:Stramenopiles-Gyrista.g:Ochromonadales_XX
547,OTU865,407,1,407,1804,549,951,100,505,9.33e-142,89.346,d:Archaeplastida,p:Rhodophyta-Rhodophyta_X,c:Bangiophyceae,o:Cyanidiales,f:Cyanidiales_X,g:Cyanidiales_XX,s:Cyanidiales_XX_sp,AB695473.1.1804_U;tax,k:Eukaryota,OTU865.p:Rhodophyta-Rhodophyta_X.g:Cyanidiales_XX
548,OTU868,411,1,411,1749,547,958,100,688,0,96.845,d:Amoebozoa,p:Tubulinea-Tubulinea_X,c:Elardia,o:Leptomyxida,f:Leptomyxidae,g:Leptomyxa,s:Leptomyxa_arborea,KT945254.1.1749_U;tax,k:Eukaryota,OTU868.p:Tubulinea-Tubulinea_X.g:Leptomyxa
549,OTU869,415,1,415,989,475,889,100,695,0,96.875,d:Amoebozoa,p:Evosea-Evosea_X,c:Variosea,o:Variosea_X,f:Variosea_XX,g:Variosea_XXX,s:Variosea_XXX_sp,EU545726.1.989_U;tax,k:Eukaryota,OTU869.p:Evosea-Evosea_X.g:Variosea_XXX
550,OTU871,386,1,386,1068,24,409,100,564,1.43e-159,93.005,d:TSAR,p:Alveolata-Ciliophora,c:Colpodea,o:Colpodea_X,f:Cyrtolophosidida,g:Cyrtolophosidida_X,s:Cyrtolophosidida_X_sp,FJ592470.1.1068_U;tax,k:Eukaryota,OTU871.p:Alveolata-Ciliophora.g:Cyrtolophosidida_X
551,OTU872,406,1,406,1878,593,994,100,442,7.4e-123,86.747,d:Amoebozoa,p:Tubulinea-Tubulinea_X,c:Elardia,o:Euamoebida,f:Hartmannellidae,g:Copromyxa,s:Copromyxa_laresi,JQ271679.1.1878_U;tax,k:Eukaryota,OTU872.p:Tubulinea-Tubulinea_X.g:Copromyxa
552,OTU873,416,179,416,1521,645,874,57,139,1.12e-31,77.824,d:TSAR,p:Stramenopiles-Gyrista,c:Coscinodiscophyceae,o:Rhizosoleniales,f:Rhizosoleniaceae,g:Pseudosolenia,s:Pseudosolenia_calcar,MZ546215.1.1521_U;tax,k:Eukaryota,OTU873.p:Stramenopiles-Gyrista.g:Pseudosolenia
553,OTU875,402,1,402,1135,5,409,100,180,6.34e-44,75.481,d:Amoebozoa,p:Evosea-Evosea_X,c:Variosea,o:Flamellidae,f:Flamella-lineage,g:Flamella-lineage_X,s:Flamella-lineage_X_sp,FJ355431.1.1135_U;tax,k:Eukaryota,OTU875.p:Evosea-Evosea_X.g:Flamella-lineage_X
554,OTU877,396,1,396,1805,563,958,100,693,0,98.232,d:Archaeplastida,p:Chlorophyta-Chlorophyta_X,c:Chlorophyceae,o:Sphaeropleales,f:Sphaeropleales_X,g:Neochloris,s:Neochloris_terrestris,LC580438.1.1805_U;tax,k:Eukaryota,OTU877.p:Chlorophyta-Chlorophyta_X.g:Neochloris
555,OTU878,417,1,416,676,160,573,99,479,5.81e-134,87.619,d:TSAR,p:Stramenopiles-Bigyra,c:Sagenista,o:Labyrinthulomycetes,f:Amphifilaceae,g:Amphifilaceae_X,s:Amphifilaceae_X_sp,AB572139.1.676_U;tax,k:Eukaryota,OTU878.p:Stramenopiles-Bigyra.g:Amphifilaceae_X
556,OTU879,397,1,397,1748,563,959,100,728,0,99.748,d:Archaeplastida,p:Chlorophyta-Chlorophyta_X,c:Chlorophyceae,o:Chlamydomonadales,f:Chlamydomonadales_X,g:Chlamydomonas,s:Chlamydomonas_sp,JN903985.1.1748_U;tax,k:Eukaryota,OTU879.p:Chlorophyta-Chlorophyta_X.g:Chlamydomonas
557,OTU882,344,258,335,1776,642,565,23,134,4.23e-30,97.436,d:Obazoa,p:Opisthokonta-Choanoflagellata,c:Choanoflagellatea,o:Choanoflagellatea_X,f:Choanoflagellatea_XX,g:Salpingoeca,s:Salpingoeca_kvevrii,KT757494.1.1776_U;tax,k:Eukaryota,OTU882.p:Opisthokonta-Choanoflagellata.g:Salpingoeca
558,OTU883,430,1,430,1849,592,1020,100,521,9.8e-147,88.761,d:Amoebozoa,p:Tubulinea-Tubulinea_X,c:Echinamoebida,o:Echinamoebida_X,f:Echinamoebidae,g:Echinamoeba,s:Echinamoeba_thermarum,AJ489261.1.1849_U;tax,k:Eukaryota,OTU883.p:Tubulinea-Tubulinea_X.g:Echinamoeba
559,OTU884,401,1,401,1135,502,904,100,538,9.06e-152,90.887,d:TSAR,p:Rhizaria-Cercozoa,c:Endomyxa,o:Vampyrellida,f:sm27-lineage,g:sm27-lineage_X,s:sm27-lineage_X_sp,EU567267.1.1135_U;tax,k:Eukaryota,OTU884.p:Rhizaria-Cercozoa.g:sm27-lineage_X
560,OTU885,406,1,406,1877,592,1000,100,326,7.78e-88,81.49,d:Amoebozoa,p:Evosea-Evosea_X,c:Variosea,o:Variosea_X,f:Variosea_XX,g:Variosea_XXX,s:Variosea_XXX_sp,EF024417.1.1877_U;tax,k:Eukaryota,OTU885.p:Evosea-Evosea_X.g:Variosea_XXX
561,OTU886,390,1,390,1757,562,951,100,693,0,98.718,d:TSAR,p:Alveolata-Ciliophora,c:Colpodea,o:Colpodea_X,f:Colpodida,g:Maryna,s:Maryna_ovata,HQ337902.1.1757_U;tax,k:Eukaryota,OTU886.p:Alveolata-Ciliophora.g:Maryna
562,OTU887,401,1,401,1840,601,1001,100,725,0,99.252,d:Amoebozoa,p:Tubulinea-Tubulinea_X,c:Elardia,o:Euamoebida,f:Vermamoebidae,g:Hartmannella,s:Hartmannella_vermiformis,X75514.1.1840_U;tax,k:Eukaryota,OTU887.p:Tubulinea-Tubulinea_X.g:Hartmannella
563,OTU888,411,1,411,1883,578,989,100,305,1.03e-81,80.66,d:Amoebozoa,p:Evosea-Evosea_X,c:Variosea,o:Fractovitellida,f:Schizoplasmodiidae,g:Ceratiomyxella,s:Ceratiomyxella_tahitiensis,FJ544419.1.1883_U;tax,k:Eukaryota,OTU888.p:Evosea-Evosea_X.g:Ceratiomyxella
564,OTU890,419,1,419,1565,489,895,100,553,3.39e-156,90.974,d:Amoebozoa,p:Tubulinea-Tubulinea_X,c:Elardia,o:Leptomyxida,f:Leptomyxidae,g:Leptomyxa,s:Leptomyxa_regia,OM914643.1.1565_U;tax,k:Eukaryota,OTU890.p:Tubulinea-Tubulinea_X.g:Leptomyxa
565,OTU891,408,1,408,1845,575,982,100,732,0,99.02,d:Amoebozoa,p:Evosea-Evosea_X,c:Variosea,o:Flamellidae,f:Flamella-lineage,g:Flamella,s:Flamella_operculata,EU186025.1.1845_U;tax,k:Eukaryota,OTU891.p:Evosea-Evosea_X.g:Flamella
566,OTU894,397,1,397,1775,562,958,100,728,0,99.748,d:Archaeplastida,p:Chlorophyta-Chlorophyta_X,c:Chlorophyceae,o:Chaetophorales,f:Chaetophorales_X,g:Fritschiella,s:Fritschiella_tuberosa,FN824385.1.1775_U;tax,k:Eukaryota,OTU894.p:Chlorophyta-Chlorophyta_X.g:Fritschiella
567,OTU897,401,1,401,735,173,574,100,564,1.49e-159,92.079,d:TSAR,p:Stramenopiles-Bigyra,c:Sagenista,o:Labyrinthulomycetes,f:Labyrinthulaceae,g:Labyrinthulaceae_X,s:Labyrinthulaceae_X_sp,FJ389881.1.735_U;tax,k:Eukaryota,OTU897.p:Stramenopiles-Bigyra.g:Labyrinthulaceae_X
568,OTU899,409,1,409,1794,557,967,100,636,0,94.66,d:TSAR,p:Stramenopiles-Gyrista,c:Peronosporomycetes,o:Peronosporomycetes_X,f:Peronosporales,g:Pythium,s:Pythium_rostratifingens,HQ643761.1.1794_U;tax,k:Eukaryota,OTU899.p:Stramenopiles-Gyrista.g:Pythium
569,OTU900,402,1,402,1700,497,897,100,623,2.44e-177,94.527,d:TSAR,p:Stramenopiles-Gyrista,c:Chrysophyceae,o:Paraphysomonadales,f:Paraphysomonadaceae,g:Paraphysomonas,s:Paraphysomonas_sp,AY651090.1.1700_U;tax,k:Eukaryota,OTU900.p:Stramenopiles-Gyrista.g:Paraphysomonas
570,OTU901,406,1,406,1877,592,1000,100,298,1.7e-79,80.241,d:Amoebozoa,p:Evosea-Evosea_X,c:Variosea,o:Variosea_X,f:Variosea_XX,g:Variosea_XXX,s:Variosea_XXX_sp,EF024417.1.1877_U;tax,k:Eukaryota,OTU901.p:Evosea-Evosea_X.g:Variosea_XXX
571,OTU902,395,1,395,1675,538,932,100,580,1.46e-164,93.182,d:Archaeplastida,p:Chlorophyta-Chlorophyta_X,c:Chlorophyceae,o:Sphaeropleales,f:Sphaeropleales_X,g:Scenedesmus,s:Scenedesmus_sp,AB771835.1.1675_U;tax,k:Eukaryota,OTU902.p:Chlorophyta-Chlorophyta_X.g:Scenedesmus
572,OTU905,403,1,403,1812,564,963,100,514,1.53e-144,89.851,d:Amoebozoa,p:Evosea-Evosea_X,c:Variosea,o:Cavosteliida,f:Cavosteliida_X,g:Schizoplasmodiopsis,s:Schizoplasmodiopsis_vulgaris,EF513180.1.1812_U;tax,k:Eukaryota,OTU905.p:Evosea-Evosea_X.g:Schizoplasmodiopsis
573,OTU906,411,1,411,1705,546,956,100,754,0,99.757,d:TSAR,p:Stramenopiles-Gyrista,c:Peronosporomycetes,o:Peronosporomycetes_X,f:Peronosporales,g:Phytopythium,s:Phytopythium_delawarense,KF853241.1.1705_U;tax,k:Eukaryota,OTU906.p:Stramenopiles-Gyrista.g:Phytopythium
574,OTU907,405,1,405,1862,578,984,100,268,1.33e-70,78.986,d:Amoebozoa,p:Evosea-Evosea_X,c:Variosea,o:Variosea_X,f:Variosea_XX,g:Variosea_XXX,s:Variosea_XXX_sp,EF023424.1.1862_U;tax,k:Eukaryota,OTU907.p:Evosea-Evosea_X.g:Variosea_XXX
575,OTU908,409,1,409,1883,578,989,100,464,1.59e-129,87.381,d:Amoebozoa,p:Evosea-Evosea_X,c:Variosea,o:Fractovitellida,f:Schizoplasmodiidae,g:Ceratiomyxella,s:Ceratiomyxella_tahitiensis,FJ544419.1.1883_U;tax,k:Eukaryota,OTU908.p:Evosea-Evosea_X.g:Ceratiomyxella
576,OTU909,403,1,403,1806,593,995,100,734,0,99.504,d:TSAR,p:Rhizaria-Cercozoa,c:Filosa-Sarcomonadea,o:Cercomonadida,f:Paracercomonadidae,g:Paracercomonas,s:Paracercomonas_compacta,EF024284.1.1806_U;tax,k:Eukaryota,OTU909.p:Rhizaria-Cercozoa.g:Paracercomonas
577,OTU910,409,163,409,1227,140,386,60,357,2.78e-97,92.742,d:Amoebozoa,p:Tubulinea-Tubulinea_X,c:Elardia,o:Euamoebida,f:Hartmannellidae,g:Copromyxa,s:Copromyxa_vandevyveri,KP719189.1.1227_U;tax,k:Eukaryota,OTU910.p:Tubulinea-Tubulinea_X.g:Copromyxa
578,OTU911,400,1,400,1800,581,980,100,606,2.44e-172,94,d:Obazoa,p:Apusomonada-Apusomonada_X,c:Apusomonadidae,o:Apusomonadidae_Group-1,f:Apusomonadidae_Group-1_X,g:Amastigomonas,s:Amastigomonas_sp,EU542598.1.1800_U;tax,k:Eukaryota,OTU911.p:Apusomonada-Apusomonada_X.g:Amastigomonas
579,OTU912,397,1,397,1708,543,939,100,723,0,99.496,d:Archaeplastida,p:Chlorophyta-Chlorophyta_X,c:Chlorophyceae,o:Chlamydomonadales,f:Chlamydomonadales_X,g:Golenkinia,s:Golenkinia_sp,KT180320.1.1708_U;tax,k:Eukaryota,OTU912.p:Chlorophyta-Chlorophyta_X.g:Golenkinia
580,OTU913,411,1,411,1344,547,955,100,680,0,96.594,d:TSAR,p:Rhizaria-Cercozoa,c:Filosa-Sarcomonadea,o:Cercomonadida,f:Cercomonadidae,g:Cercomonas,s:Cercomonas_sp,MG775591.1.1344_U;tax,k:Eukaryota,OTU913.p:Rhizaria-Cercozoa.g:Cercomonas
581,OTU915,395,1,79,1803,581,658,20,100,4.98e-20,90,d:Haptista,p:Haptophyta-Haptophyta_X,c:Haptophyta_XX,o:Haptophyta_XXX,f:Haptophyta_XXXX,g:Haptophyta_XXXXX,s:Haptophyta_XXXXX_sp,KJ757541.1.1803_U;tax,k:Eukaryota,OTU915.p:Haptophyta-Haptophyta_X.g:Haptophyta_XXXXX
582,OTU916,408,1,408,1877,592,1000,100,344,2.16e-93,82.297,d:Amoebozoa,p:Evosea-Evosea_X,c:Variosea,o:Variosea_X,f:Variosea_XX,g:Variosea_XXX,s:Variosea_XXX_sp,EF024417.1.1877_U;tax,k:Eukaryota,OTU916.p:Evosea-Evosea_X.g:Variosea_XXX
583,OTU917,390,1,390,1808,579,971,100,551,1.13e-155,92.211,d:Excavata,p:Discoba-Discoba_X,c:Discoba_XX,o:Jakobida,f:Andaluciidae,g:Andaluciidae_AND1,s:Andaluciidae_AND1_sp,JX296586.1.1808_U;tax,k:Eukaryota,OTU917.p:Discoba-Discoba_X.g:Andaluciidae_AND1
584,OTU918,414,1,63,1710,531,594,15,100,5.24e-20,95.312,d:Archaeplastida,p:Picozoa-Picozoa_X,c:Picozoa_XX,o:Picozoa_XXX,f:Picozoa_XXXX,g:Picozoa_XXXXX,s:Picozoa_XXXXX_sp,KC488342.1.1710_U;tax,k:Eukaryota,OTU918.p:Picozoa-Picozoa_X.g:Picozoa_XXXXX
585,OTU920,388,1,388,1661,495,882,100,701,0,99.227,d:TSAR,p:Alveolata-Ciliophora,c:Colpodea,o:Colpodea_X,f:Bursariomorphida,g:Bursariomorphida_X,s:Bursariomorphida_X_sp,JF747213.1.1661_U;tax,k:Eukaryota,OTU920.p:Alveolata-Ciliophora.g:Bursariomorphida_X
586,OTU921,407,1,407,1883,578,989,100,390,2.73e-107,84.248,d:Amoebozoa,p:Evosea-Evosea_X,c:Variosea,o:Fractovitellida,f:Schizoplasmodiidae,g:Ceratiomyxella,s:Ceratiomyxella_tahitiensis,FJ544419.1.1883_U;tax,k:Eukaryota,OTU921.p:Evosea-Evosea_X.g:Ceratiomyxella
587,OTU924,412,1,412,1679,499,910,100,750,0,99.515,d:TSAR,p:Stramenopiles-Gyrista,c:Chrysophyceae,o:Paraphysomonadales,f:Paraphysomonadaceae,g:Paraphysomonas,s:Paraphysomonas_dimorpha,JQ967310.1.1679_U;tax,k:Eukaryota,OTU924.p:Stramenopiles-Gyrista.g:Paraphysomonas
588,OTU925,400,1,400,1812,564,963,100,667,0,96.75,d:Amoebozoa,p:Evosea-Evosea_X,c:Variosea,o:Cavosteliida,f:Cavosteliida_X,g:Schizoplasmodiopsis,s:Schizoplasmodiopsis_vulgaris,EF513180.1.1812_U;tax,k:Eukaryota,OTU925.p:Evosea-Evosea_X.g:Schizoplasmodiopsis
589,OTU926,405,1,405,1805,593,999,100,551,1.18e-155,91.22,d:TSAR,p:Rhizaria-Cercozoa,c:Filosa-Sarcomonadea,o:Glissomonadida,f:Allapsidae,g:Allapsidae_X,s:Allapsidae_X_sp,EF023263.1.1805_U;tax,k:Eukaryota,OTU926.p:Rhizaria-Cercozoa.g:Allapsidae_X
590,OTU927,393,1,393,1719,554,946,100,710,0,99.237,d:TSAR,p:Alveolata-Ciliophora,c:Spirotrichea,o:Hypotrichia,f:Hypotrichia_X,g:Apobakuella,s:Apobakuella_fusca,JN008942.1.1719_U;tax,k:Eukaryota,OTU927.p:Alveolata-Ciliophora.g:Apobakuella
591,OTU928,403,1,403,1714,455,857,100,645,0,95.533,d:Archaeplastida,p:Rhodophyta-Rhodophyta_X,c:Bangiophyceae,o:Cyanidiales,f:Cyanidiales_X,g:Cyanidiales_XX,s:Cyanidiales_XX_sp,KP864083.1.1714_U;tax,k:Eukaryota,OTU928.p:Rhodophyta-Rhodophyta_X.g:Cyanidiales_XX
592,OTU929,417,1,417,1678,591,997,100,579,5.56e-164,92.105,d:Amoebozoa,p:Tubulinea-Tubulinea_X,c:Elardia,o:Leptomyxida,f:Rhizamoeba-saxonica-lineage,g:Rhizamoeba,s:Rhizamoeba_australiensis,KT945252.1.1678_U;tax,k:Eukaryota,OTU929.p:Tubulinea-Tubulinea_X.g:Rhizamoeba
593,OTU931,387,1,387,670,262,648,100,693,0,98.966,d:TSAR,p:Alveolata-Ciliophora,c:Oligohymenophorea,o:Scuticociliatia_1,f:OLIGO9,g:OLIGO9_X,s:OLIGO9_X_sp,DQ115951.1.670_U;tax,k:Eukaryota,OTU931.p:Alveolata-Ciliophora.g:OLIGO9_X
594,OTU932,391,1,391,1743,541,932,100,678,0,97.959,d:TSAR,p:Stramenopiles-Bigyra,c:Bicoecea,o:Pseudodendromonadales,f:Pseudodendromonadales_X,g:Paramonas,s:Paramonas_globosa,AY520452.1.1743_U;tax,k:Eukaryota,OTU932.p:Stramenopiles-Bigyra.g:Paramonas
595,OTU933,410,1,410,1672,504,911,100,606,2.51e-172,93.447,d:Excavata,p:Metamonada-Preaxostyla,c:Preaxostyla_X,o:Preaxostyla_XX,f:Paramastigidae,g:Paratrimastix,s:Paratrimastix_pyriformis,KT388050.1.1672_U;tax,k:Eukaryota,OTU933.p:Metamonada-Preaxostyla.g:Paratrimastix
596,OTU934,396,1,396,2766,918,1313,100,726,0,99.747,d:Archaeplastida,p:Chlorophyta-Chlorophyta_X,c:Chlorophyceae,o:Sphaeropleales,f:Sphaeropleales_X,g:Pseudomuriella,s:Pseudomuriella_engadinensis,MW075328.1.2766_U;tax,k:Eukaryota,OTU934.p:Chlorophyta-Chlorophyta_X.g:Pseudomuriella
597,OTU936,406,1,406,1817,560,966,100,479,5.64e-134,88.136,d:Amoebozoa,p:Evosea-Evosea_X,c:Variosea,o:Fractovitellida,f:Acramoebidae,g:Acramoebidae_X,s:Acramoebidae_X_sp,AB695507.1.1817_U;tax,k:Eukaryota,OTU936.p:Evosea-Evosea_X.g:Acramoebidae_X
598,OTU937,326,1,325,1051,514,838,99,579,4.27e-164,98.769,d:TSAR,p:Alveolata-Ciliophora,c:Litostomatea,o:Haptoria_5,f:Pleurostomatida,g:Pleurostomatida_X,s:Pleurostomatida_X_sp,KC306527.1.1051_U;tax,k:Eukaryota,OTU937.p:Alveolata-Ciliophora.g:Pleurostomatida_X
599,OTU938,367,134,367,1698,677,913,78,202,1.23e-50,82.427,d:TSAR,p:Alveolata-Apicomplexa,c:Gregarinomorphea,o:Neogregarinorida,f:Actinocephalidae,g:Paraschneideria,s:Paraschneideria_metamorphosa,FJ459755.1.1698_U;tax,k:Eukaryota,OTU938.p:Alveolata-Apicomplexa.g:Paraschneideria
600,OTU940,418,1,418,1677,590,996,100,590,2.58e-167,92.601,d:Amoebozoa,p:Tubulinea-Tubulinea_X,c:Elardia,o:Leptomyxida,f:Leptomyxidae,g:Leptomyxa,s:Leptomyxa_neglecta,KT945251.1.1677_U;tax,k:Eukaryota,OTU940.p:Tubulinea-Tubulinea_X.g:Leptomyxa
601,OTU941,412,1,412,1651,505,903,100,427,2.11e-118,85.956,d:Haptista,p:Haptophyta-Haptophyta_X,c:Prymnesiophyceae,o:Zygodiscales,f:Pontosphaeraceae,g:Scyphosphaera,s:Scyphosphaera_apsteinii,KT861320.1.1651_U;tax,k:Eukaryota,OTU941.p:Haptophyta-Haptophyta_X.g:Scyphosphaera
602,OTU942,404,1,404,1796,581,985,100,647,0,95.556,d:TSAR,p:Stramenopiles-Bigyra,c:Opalozoa,o:Opalozoa_X,f:MAST-12,g:MAST-12C,s:MAST-12C_sp,EF023594.1.1796_U;tax,k:Eukaryota,OTU942.p:Stramenopiles-Bigyra.g:MAST-12C
603,OTU943,405,1,405,1797,580,986,100,545,5.47e-154,90.954,d:TSAR,p:Rhizaria-Cercozoa,c:Endomyxa,o:Vampyrellida,f:Vampyrellida_X,g:Vampyrellida_clade_B,s:Vampyrellida_sp,KC779514.1.1797_U;tax,k:Eukaryota,OTU943.p:Rhizaria-Cercozoa.g:Vampyrellida_clade_B
604,OTU944,393,1,393,735,173,574,100,451,1.19e-125,87.407,d:TSAR,p:Stramenopiles-Bigyra,c:Sagenista,o:Labyrinthulomycetes,f:Labyrinthulaceae,g:Labyrinthulaceae_X,s:Labyrinthulaceae_X_sp,FJ389881.1.735_U;tax,k:Eukaryota,OTU944.p:Stramenopiles-Bigyra.g:Labyrinthulaceae_X
605,OTU946,377,1,377,1721,548,924,100,680,0,99.204,d:TSAR,p:Alveolata-Ciliophora,c:Phyllopharyngea,o:Cyrtophoria_4,f:Chilodonellidae,g:Pseudochilodonopsis,s:Pseudochilodonopsis_fluviatilis,JN867021.1.1721_U;tax,k:Eukaryota,OTU946.p:Alveolata-Ciliophora.g:Pseudochilodonopsis
606,OTU947,399,1,399,1697,522,920,100,704,0,98.496,d:TSAR,p:Stramenopiles-Gyrista,c:Bacillariophyceae,o:Bacillariophyceae_X,f:Bacillariophyceae_XX,g:Bacillariophyceae_XXX,s:Bacillariophyceae_XXX_sp,KF177768.1.1697_U;tax,k:Eukaryota,OTU947.p:Stramenopiles-Gyrista.g:Bacillariophyceae_XXX
607,OTU948,400,1,400,1887,588,989,100,686,0,97.512,d:Amoebozoa,p:Evosea-Eumycetozoa,c:Eumycetozoa_X,o:Dictyosteliida,f:Dictyosteliida_X,g:Dictyostelium,s:Dictyostelium_polycephalum,AM168056.1.1887_U;tax,k:Eukaryota,OTU948.p:Evosea-Eumycetozoa.g:Dictyostelium
608,OTU949,397,1,397,1839,571,967,100,712,0,98.992,d:Amoebozoa,p:Evosea-Evosea_X,c:Variosea,o:Variosea_X,f:Filamoebidae,g:Filamoeba,s:Filamoeba_nolandi,AY714368.1.1839_U;tax,k:Eukaryota,OTU949.p:Evosea-Evosea_X.g:Filamoeba
609,OTU951,408,1,408,1804,587,994,100,660,0,95.833,d:TSAR,p:Rhizaria-Cercozoa,c:Filosa-Imbricatea,o:Filosa-Imbricatea_X,f:Filosa-Imbricatea_XX,g:Filosa-Imbricatea_XXX,s:Filosa-Imbricatea_XXX_sp,EF023787.1.1804_U;tax,k:Eukaryota,OTU951.p:Rhizaria-Cercozoa.g:Filosa-Imbricatea_XXX
610,OTU952,409,1,409,1064,527,933,100,514,1.56e-144,89.242,d:TSAR,p:Rhizaria-Cercozoa,c:Filosa-Imbricatea,o:Euglyphida,f:Euglyphida_X,g:Euglyphida_XX,s:Euglyphida_XX_sp,KF219445.1.1064_U;tax,k:Eukaryota,OTU952.p:Rhizaria-Cercozoa.g:Euglyphida_XX
611,OTU953,413,1,413,1717,529,938,100,726,0,98.547,d:TSAR,p:Rhizaria-Cercozoa,c:Filosa-Sarcomonadea,o:Pansomonadida,f:Agitatidae,g:Agitata,s:Agitata_tremulans,AY748806.1.1717_U;tax,k:Eukaryota,OTU953.p:Rhizaria-Cercozoa.g:Agitata
612,OTU955,387,1,387,1561,448,830,100,634,1.08e-180,96.392,d:Archaeplastida,p:Chlorophyta-Chlorophyta_X,c:Pedinophyceae,o:Marsupiomonadales,f:Marsupiomonadaceae,g:Marsupiomonas,s:Marsupiomonas_sp,JN592592.1.1561_U;tax,k:Eukaryota,OTU955.p:Chlorophyta-Chlorophyta_X.g:Marsupiomonas
613,OTU958,432,194,432,896,190,432,68,191,3.15e-47,81.452,d:TSAR,p:Stramenopiles-Gyrista,c:Raphidophyceae,o:Raphidophyceae_X,f:Raphidophyceae_XX,g:Heterosigma,s:Heterosigma_akashiwo,HQ866226.1.896_U;tax,k:Eukaryota,OTU958.p:Stramenopiles-Gyrista.g:Heterosigma
614,OTU959,403,1,403,1799,583,979,100,252,1.33e-65,78.537,d:Eukaryota_X,p:Ancyromonadida-Ancyromonadida_X,c:Ancyromonadida_XX,o:Ancyromonadida_XXX,f:Ancyromonadida_Group-1,g:Ancyromonadida_Group-1_X,s:Planomonas_brevis,JQ340334.1.1799_U;tax,k:Eukaryota,OTU959.p:Ancyromonadida-Ancyromonadida_X.g:Ancyromonadida_Group-1_X
615,OTU960,396,1,396,1759,186,581,100,726,0,99.747,d:Archaeplastida,p:Chlorophyta-Chlorophyta_X,c:Trebouxiophyceae,o:Chlorellales,f:Chlorellales_X,g:Oocystaceae,s:Oocystaceae_sp,GQ243428.1.1778_R;tax,k:Eukaryota,OTU960.p:Chlorophyta-Chlorophyta_X.g:Oocystaceae
616,OTU961,397,1,397,1628,479,889,100,387,3.43e-106,84.412,d:TSAR,p:Stramenopiles-Gyrista,c:Peronosporomycetes,o:Peronosporomycetes_X,f:Peronosporomycetes_XX,g:Peronosporomycetes_XXX,s:Peronosporomycetes_XXX_sp,AY821974.1.1628_U;tax,k:Eukaryota,OTU961.p:Stramenopiles-Gyrista.g:Peronosporomycetes_XXX
617,OTU962,400,1,400,1839,599,1001,100,558,6.93e-158,91.832,d:Amoebozoa,p:Tubulinea-Tubulinea_X,c:Elardia,o:Euamoebida,f:Vermamoebidae,g:Hartmannella,s:Hartmannella_vermiformis,EU137741.1.2813_R;tax,k:Eukaryota,OTU962.p:Tubulinea-Tubulinea_X.g:Hartmannella
618,OTU963,388,1,388,1685,555,942,100,678,0,98.196,d:TSAR,p:Alveolata-Ciliophora,c:Colpodea,o:Colpodea_X,f:Bursariomorphida,g:Bryometopus,s:Bryometopus_pseudochilodon,EU039887.1.1685_U;tax,k:Eukaryota,OTU963.p:Alveolata-Ciliophora.g:Bryometopus
619,OTU964,414,1,414,1560,426,839,100,344,2.19e-93,82.488,d:TSAR,p:Stramenopiles-Gyrista,c:Peronosporomycetes,o:Peronosporomycetes_X,f:Saprolegniales,g:Aquastella,s:Aquastella_acicularis,KF294791.1.1560_U;tax,k:Eukaryota,OTU964.p:Stramenopiles-Gyrista.g:Aquastella
620,OTU965,385,1,385,1109,576,962,100,492,6.85e-138,89.717,d:TSAR,p:Alveolata-Apicomplexa,c:Gregarinomorphea,o:Eugregarinorida,f:Gregarinidae,g:Amoebogregarina,s:Amoebogregarina_sp,GQ462637.1.1109_U;tax,k:Eukaryota,OTU965.p:Alveolata-Apicomplexa.g:Amoebogregarina
621,OTU966,391,1,391,1605,531,925,100,577,1.87e-163,93.199,d:Amoebozoa,p:Tubulinea-Tubulinea_X,c:Elardia,o:Euamoebida,f:Nolandellidae,g:Nolandellidae_X,s:Nolandellidae_X_sp,AF372795.1.1605_U;tax,k:Eukaryota,OTU966.p:Tubulinea-Tubulinea_X.g:Nolandellidae_X
622,OTU967,401,1,401,1065,204,604,100,713,0,98.753,d:TSAR,p:Stramenopiles-Gyrista,c:Chrysophyceae,o:Chrysophyceae_X,f:Chrysophyceae_XX,g:Chrysophyceae_XXX,s:Chrysophyceae_XXX_sp,JN705537.1.1065_U;tax,k:Eukaryota,OTU967.p:Stramenopiles-Gyrista.g:Chrysophyceae_XXX
623,OTU968,405,168,405,1878,753,994,74,300,4.7e-80,89.3,d:Amoebozoa,p:Tubulinea-Tubulinea_X,c:Elardia,o:Euamoebida,f:Hartmannellidae,g:Copromyxa,s:Copromyxa_laresi,JQ271679.1.1878_U;tax,k:Eukaryota,OTU968.p:Tubulinea-Tubulinea_X.g:Copromyxa
624,OTU969,399,1,399,1435,465,843,100,486,3.31e-136,89.474,d:TSAR,p:Alveolata-Apicomplexa,c:Gregarinomorphea,o:Gregarinomorphea_X_GRE7,f:Gregarinomorphea_X_GRE7_X,g:Gregarinomorphea_X_GRE7_XX,s:Gregarinomorphea_X_GRE7_XX_sp,GQ330636.1.1435_U;tax,k:Eukaryota,OTU969.p:Alveolata-Apicomplexa.g:Gregarinomorphea_X_GRE7_XX
625,OTU970,387,1,387,1520,427,813,100,643,0,96.641,d:TSAR,p:Alveolata-Ciliophora,c:Oligohymenophorea,o:Peritrichia_2,f:Sessilida,g:Sessilida_X,s:Sessilida_X_sp,JX457467.1.1520_U;tax,k:Eukaryota,OTU970.p:Alveolata-Ciliophora.g:Sessilida_X
626,OTU971,407,1,407,1357,586,992,100,741,0,99.509,d:TSAR,p:Rhizaria-Cercozoa,c:Filosa-Sarcomonadea,o:Cercomonadida,f:Cercomonadidae,g:Neocercomonas,s:Neocercomonas_sp,MG775599.1.1357_U;tax,k:Eukaryota,OTU971.p:Rhizaria-Cercozoa.g:Neocercomonas
627,OTU973,390,1,390,1796,579,968,100,699,0,98.974,d:TSAR,p:Stramenopiles-Bigyra,c:Bicoecea,o:Pseudodendromonadales,f:Pseudodendromonadales_X,g:Adriamonas,s:Adriamonas_peritocrescens,AF243501.1.1796_U;tax,k:Eukaryota,OTU973.p:Stramenopiles-Bigyra.g:Adriamonas
628,OTU975,388,1,388,1663,529,908,100,366,4.37e-100,84.343,d:TSAR,p:Stramenopiles-Bigyra,c:Bicoecea,o:Pseudodendromonadales,f:Pseudodendromonadales_X,g:Pseudodendromonadales_XX,s:Pseudodendromonadales_XX_sp,AB622297.1.1663_U;tax,k:Eukaryota,OTU975.p:Stramenopiles-Bigyra.g:Pseudodendromonadales_XX
629,OTU976,399,1,399,1831,558,957,100,377,2.08e-103,84.029,d:Amoebozoa,p:Evosea-Evosea_X,c:Variosea,o:Variosea_X,f:AND16-lineage,g:AND16-lineage_X,s:AND16-lineage_X_sp,AY965863.1.1831_U;tax,k:Eukaryota,OTU976.p:Evosea-Evosea_X.g:AND16-lineage_X
630,OTU977,406,1,406,2888,1656,2064,100,398,1.63e-109,84.504,d:Amoebozoa,p:Tubulinea-Tubulinea_X,c:Elardia,o:Arcellinida,f:Phryganellina,g:Phryganella,s:Phryganella_paradoxa,MF497374.1.2888_U;tax,k:Eukaryota,OTU977.p:Tubulinea-Tubulinea_X.g:Phryganella
631,OTU979,399,1,399,1552,428,825,100,569,3.19e-161,92.5,d:Obazoa,p:Opisthokonta-Choanoflagellata,c:Choanoflagellatea,o:Craspedida,f:Salpingoecidae_Group_C1,g:Salpingoecidae_Group_C1_X,s:Salpingoecidae_Group_C1_X_sp,AY821949.1.1552_U;tax,k:Eukaryota,OTU979.p:Opisthokonta-Choanoflagellata.g:Salpingoecidae_Group_C1_X
632,OTU980,402,1,402,1644,524,925,100,593,1.91e-168,93.3,d:TSAR,p:Stramenopiles-Bigyra,c:Sagenista,o:Labyrinthulomycetes,f:Labyrinthulaceae,g:Aplanochytrium,s:Aplanochytrium_sp,AB973543.1.1644_U;tax,k:Eukaryota,OTU980.p:Stramenopiles-Bigyra.g:Aplanochytrium
633,OTU981,407,1,407,1878,593,994,100,409,7.53e-113,85.23,d:Amoebozoa,p:Tubulinea-Tubulinea_X,c:Elardia,o:Euamoebida,f:Hartmannellidae,g:Copromyxa,s:Copromyxa_laresi,JQ271679.1.1878_U;tax,k:Eukaryota,OTU981.p:Tubulinea-Tubulinea_X.g:Copromyxa
634,OTU982,390,1,390,1762,572,961,100,621,8.49e-177,95.385,d:TSAR,p:Alveolata-Apicomplexa,c:Gregarinomorphea,o:Neogregarinorida,f:Actinocephalidae,g:Monocystis,s:Monocystis_sp,EF024926.1.1762_U;tax,k:Eukaryota,OTU982.p:Alveolata-Apicomplexa.g:Monocystis
635,OTU983,396,161,396,862,172,404,60,178,2.24e-43,80.591,d:TSAR,p:Alveolata-Ciliophora,c:Oligohymenophorea,o:Scuticociliatia_2,f:Scuticociliatia_2_X,g:Cristigera,s:Cristigera_sp,HQ866934.1.862_U;tax,k:Eukaryota,OTU983.p:Alveolata-Ciliophora.g:Cristigera
636,OTU984,406,1,406,1877,592,1000,100,331,1.67e-89,81.643,d:Amoebozoa,p:Evosea-Evosea_X,c:Variosea,o:Variosea_X,f:Variosea_XX,g:Variosea_XXX,s:Variosea_XXX_sp,EF024417.1.1877_U;tax,k:Eukaryota,OTU984.p:Evosea-Evosea_X.g:Variosea_XXX
637,OTU992,402,1,402,1831,558,957,100,331,1.65e-89,81.728,d:Amoebozoa,p:Evosea-Evosea_X,c:Variosea,o:Variosea_X,f:AND16-lineage,g:AND16-lineage_X,s:AND16-lineage_X_sp,AY965863.1.1831_U;tax,k:Eukaryota,OTU992.p:Evosea-Evosea_X.g:AND16-lineage_X
638,OTU993,421,1,421,1860,570,980,100,414,1.68e-114,84.906,d:Amoebozoa,p:Evosea-Evosea_X,c:Variosea,o:Variosea_X,f:Variosea_XX,g:Variosea_XXX,s:Variosea_XXX_sp,AB695458.1.1860_U;tax,k:Eukaryota,OTU993.p:Evosea-Evosea_X.g:Variosea_XXX
639,OTU997,408,1,406,862,101,506,99,662,0,96.059,d:TSAR,p:Rhizaria-Cercozoa,c:Filosa-Sarcomonadea,o:Cercomonadida,f:Paracercomonadidae,g:Paracercomonas,s:Paracercomonas_sp,AY360709.1.862_U;tax,k:Eukaryota,OTU997.p:Rhizaria-Cercozoa.g:Paracercomonas
640,OTU998,398,1,398,1346,572,965,100,538,8.98e-152,91.228,d:TSAR,p:Stramenopiles-Bigyra,c:Bicoecea,o:Pseudodendromonadales,f:Pseudodendromonadales_X,g:Pseudodendromonadales_XX,s:Pseudodendromonadales_XX_sp,AY642710.1.1346_U;tax,k:Eukaryota,OTU998.p:Stramenopiles-Bigyra.g:Pseudodendromonadales_XX
641,OTU999,406,1,406,1728,554,949,100,248,1.73e-64,78.81,d:TSAR,p:Telonemia-Telonemia_X,c:Telonemia_XX,o:Telonemia_XXX,f:Telonemia-Group-1,g:Telonemia-Group-1_X,s:Telonemia-Group-1_X_sp,KC488612.1.1728_U;tax,k:Eukaryota,OTU999.p:Telonemia-Telonemia_X.g:Telonemia-Group-1_X
642,OTU1000,390,1,390,1698,525,913,100,686,0,98.462,d:TSAR,p:Alveolata-Apicomplexa,c:Gregarinomorphea,o:Neogregarinorida,f:Actinocephalidae,g:Paraschneideria,s:Paraschneideria_metamorphosa,FJ459755.1.1698_U;tax,k:Eukaryota,OTU1000.p:Alveolata-Apicomplexa.g:Paraschneideria
643,OTU1001,404,1,404,1871,581,984,100,747,0,100,d:Amoebozoa,p:Evosea-Evosea_X,c:Variosea,o:Variosea_X,f:WIM5-lineage,g:WIM5-lineage_X,s:WIM5-lineage_X_sp,AM114801.1.1871_U;tax,k:Eukaryota,OTU1001.p:Evosea-Evosea_X.g:WIM5-lineage_X
644,OTU1002,405,1,405,1878,593,994,100,412,5.79e-114,85.401,d:Amoebozoa,p:Tubulinea-Tubulinea_X,c:Elardia,o:Euamoebida,f:Hartmannellidae,g:Copromyxa,s:Copromyxa_laresi,JQ271679.1.1878_U;tax,k:Eukaryota,OTU1002.p:Tubulinea-Tubulinea_X.g:Copromyxa
645,OTU1004,405,1,405,1878,593,994,100,429,5.75e-119,86.098,d:Amoebozoa,p:Tubulinea-Tubulinea_X,c:Elardia,o:Euamoebida,f:Hartmannellidae,g:Copromyxa,s:Copromyxa_laresi,JQ271679.1.1878_U;tax,k:Eukaryota,OTU1004.p:Tubulinea-Tubulinea_X.g:Copromyxa
646,OTU1005,402,1,402,684,158,559,100,632,4.05e-180,95.025,d:TSAR,p:Stramenopiles-Bigyra,c:Sagenista,o:Labyrinthulomycetes,f:Labyrinthulaceae,g:Aplanochytrium,s:Aplanochytrium_sp,FJ389880.1.684_U;tax,k:Eukaryota,OTU1005.p:Stramenopiles-Bigyra.g:Aplanochytrium
647,OTU1007,403,1,403,1796,581,985,100,614,1.47e-174,94.103,d:TSAR,p:Stramenopiles-Bigyra,c:Opalozoa,o:Opalozoa_X,f:MAST-12,g:MAST-12C,s:MAST-12C_sp,EF023594.1.1796_U;tax,k:Eukaryota,OTU1007.p:Stramenopiles-Bigyra.g:MAST-12C
648,OTU1008,405,1,405,885,21,423,100,508,7.18e-143,89.461,d:TSAR,p:Stramenopiles-Stramenopiles_X,c:Stramenopiles_XX,o:Stramenopiles_XXX,f:Stramenopiles_XXXX,g:Stramenopiles_XXXXX,s:Stramenopiles_XXXXX_sp,HQ866499.1.885_U;tax,k:Eukaryota,OTU1008.p:Stramenopiles-Stramenopiles_X.g:Stramenopiles_XXXXX
649,OTU1009,401,1,401,1839,567,967,100,486,3.33e-136,88.642,d:Amoebozoa,p:Evosea-Evosea_X,c:Variosea,o:Variosea_X,f:WIM1-lineage,g:WIM1-lineage_X,s:WIM1-lineage_X_sp,AB695494.1.1839_U;tax,k:Eukaryota,OTU1009.p:Evosea-Evosea_X.g:WIM1-lineage_X
650,OTU1010,416,158,416,1038,662,916,99,364,1.69e-99,92.308,d:Amoebozoa,p:Evosea-Evosea_X,c:Variosea,o:Variosea_X,f:Variosea_XX,g:Variosea_XXX,s:Variosea_XXX_sp,JN825689.1.1038_U;tax,k:Eukaryota,OTU1010.p:Evosea-Evosea_X.g:Variosea_XXX
651,OTU1011,409,1,409,1808,590,998,100,745,0,99.511,d:TSAR,p:Rhizaria-Cercozoa,c:Filosa-Granofilosea,o:Filosa-Granofilosea_X,f:Novel-Gran-6,g:Novel-Gran-6_X,s:Novel-Gran-6_X_sp,EF024169.1.1808_U;tax,k:Eukaryota,OTU1011.p:Rhizaria-Cercozoa.g:Novel-Gran-6_X
652,OTU1014,406,1,406,1862,578,984,100,285,1.32e-75,80.095,d:Amoebozoa,p:Evosea-Evosea_X,c:Variosea,o:Variosea_X,f:Variosea_XX,g:Variosea_XXX,s:Variosea_XXX_sp,EF023424.1.1862_U;tax,k:Eukaryota,OTU1014.p:Evosea-Evosea_X.g:Variosea_XXX
653,OTU1018,404,1,404,1796,581,985,100,614,1.47e-174,94.074,d:TSAR,p:Stramenopiles-Bigyra,c:Opalozoa,o:Opalozoa_X,f:MAST-12,g:MAST-12C,s:MAST-12C_sp,EF023594.1.1796_U;tax,k:Eukaryota,OTU1018.p:Stramenopiles-Bigyra.g:MAST-12C
654,OTU1025,407,1,407,1770,572,978,100,741,0,99.509,d:TSAR,p:Rhizaria-Cercozoa,c:Filosa-Sarcomonadea,o:Glissomonadida,f:Proleptomonadidae,g:Proleptomonas,s:Proleptomonas_faecicola,GQ377682.1.1770_U;tax,k:Eukaryota,OTU1025.p:Rhizaria-Cercozoa.g:Proleptomonas
655,OTU1026,421,40,421,1227,1,386,91,477,2.11e-133,89.175,d:Amoebozoa,p:Tubulinea-Tubulinea_X,c:Elardia,o:Euamoebida,f:Hartmannellidae,g:Copromyxa,s:Copromyxa_vandevyveri,KP719189.1.1227_U;tax,k:Eukaryota,OTU1026.p:Tubulinea-Tubulinea_X.g:Copromyxa
656,OTU1027,407,1,407,1271,473,879,100,736,0,99.263,d:TSAR,p:Rhizaria-Cercozoa,c:Filosa-Sarcomonadea,o:Glissomonadida,f:Sandonidae,g:Sandonidae_X,s:Sandonidae_X_sp,EU709159.20.1290_U;tax,k:Eukaryota,OTU1027.p:Rhizaria-Cercozoa.g:Sandonidae_X
657,OTU1028,403,1,403,1519,436,839,100,468,1.21e-130,87.685,d:Amoebozoa,p:Tubulinea-Tubulinea_X,c:Elardia,o:Euamoebida,f:Nolandellidae,g:Nolandellidae_X,s:Nolandellidae_X_sp,AY821961.1.1519_U;tax,k:Eukaryota,OTU1028.p:Tubulinea-Tubulinea_X.g:Nolandellidae_X
658,OTU1029,418,1,418,1139,508,916,100,414,1.66e-114,85.071,d:TSAR,p:Rhizaria-Cercozoa,c:Filosa-Granofilosea,o:Filosa-Granofilosea_X,f:Novel-Gran-234,g:Novel-Gran-234_X,s:Novel-Gran-234_X_sp,EU567219.1.1139_U;tax,k:Eukaryota,OTU1029.p:Rhizaria-Cercozoa.g:Novel-Gran-234_X
659,OTU1030,416,1,416,1677,590,996,100,510,2.05e-143,89.234,d:Amoebozoa,p:Tubulinea-Tubulinea_X,c:Elardia,o:Leptomyxida,f:Leptomyxidae,g:Leptomyxa,s:Leptomyxa_neglecta,KT945251.1.1677_U;tax,k:Eukaryota,OTU1030.p:Tubulinea-Tubulinea_X.g:Leptomyxa
660,OTU1031,396,1,396,1743,559,955,100,665,0,96.977,d:Archaeplastida,p:Chlorophyta-Chlorophyta_X,c:Chlorophyceae,o:Chlamydomonadales,f:Chlamydomonadales_X,g:Tetracystis,s:Tetracystis_tetraspora,JN968582.1.1743_U;tax,k:Eukaryota,OTU1031.p:Chlorophyta-Chlorophyta_X.g:Tetracystis
661,OTU1034,415,1,415,989,475,889,100,761,0,99.759,d:Amoebozoa,p:Evosea-Evosea_X,c:Variosea,o:Variosea_X,f:Variosea_XX,g:Variosea_XXX,s:Variosea_XXX_sp,EU545726.1.989_U;tax,k:Eukaryota,OTU1034.p:Evosea-Evosea_X.g:Variosea_XXX
662,OTU1035,398,1,398,1645,585,982,100,459,7.2e-128,87.654,d:TSAR,p:Alveolata-Chrompodellids,c:Colpodellidea,o:Colpodellida,f:Colpodellida_CHR1,g:Colpodellida_CHR1_X,s:Colpodellida_CHR1_X_sp,KC315835.1.1645_U;tax,k:Eukaryota,OTU1035.p:Alveolata-Chrompodellids.g:Colpodellida_CHR1_X
663,OTU1036,407,1,407,1770,568,974,100,719,0,98.526,d:TSAR,p:Rhizaria-Cercozoa,c:Filosa-Sarcomonadea,o:Glissomonadida,f:Allapsidae,g:Allapsidae_X,s:Allapsidae_X_sp,AB695472.1.1770_U;tax,k:Eukaryota,OTU1036.p:Rhizaria-Cercozoa.g:Allapsidae_X
664,OTU1037,412,1,412,1749,547,958,100,723,0,98.301,d:Amoebozoa,p:Tubulinea-Tubulinea_X,c:Elardia,o:Leptomyxida,f:Leptomyxidae,g:Leptomyxa,s:Leptomyxa_arborea,KT945254.1.1749_U;tax,k:Eukaryota,OTU1037.p:Tubulinea-Tubulinea_X.g:Leptomyxa
665,OTU1038,407,1,407,1801,576,981,100,479,5.66e-134,87.99,d:TSAR,p:Rhizaria-Cercozoa,c:Endomyxa,o:Vampyrellida,f:Thalassomyxa-lineage,g:Thalassomyxa,s:Thalassomyxa_sp,KC779515.1.1801_U;tax,k:Eukaryota,OTU1038.p:Rhizaria-Cercozoa.g:Thalassomyxa
666,OTU1040,399,1,399,1135,572,970,100,444,2.02e-123,86.849,d:TSAR,p:Stramenopiles-Stramenopiles_X,c:Stramenopiles_XX,o:Stramenopiles_XXX,f:Stramenopiles_XXXX,g:Stramenopiles_XXXXX,s:Stramenopiles_XXXXX_sp,KM032338.1.1135_U;tax,k:Eukaryota,OTU1040.p:Stramenopiles-Stramenopiles_X.g:Stramenopiles_XXXXX
667,OTU1041,434,99,434,1932,699,1030,90,368,1.36e-100,86.804,d:Amoebozoa,p:Evosea-Evosea_X,c:Variosea,o:Variosea_X,f:Ischnamoebidae,g:Ischnamoeba,s:Ischnamoeba_montana,KP864092.1.1932_U;tax,k:Eukaryota,OTU1041.p:Evosea-Evosea_X.g:Ischnamoeba
668,OTU1042,408,1,406,862,101,506,99,640,0,95.074,d:TSAR,p:Rhizaria-Cercozoa,c:Filosa-Sarcomonadea,o:Cercomonadida,f:Paracercomonadidae,g:Paracercomonas,s:Paracercomonas_sp,AY360709.1.862_U;tax,k:Eukaryota,OTU1042.p:Rhizaria-Cercozoa.g:Paracercomonas
669,OTU1043,399,1,399,1754,549,947,100,477,1.99e-133,88.308,d:TSAR,p:Alveolata-Alveolata_X,c:Alveolata_XX,o:Alveolata_XXX,f:Alveolata_XXXX,g:Palustrimonas,s:Palustrimonas_yorkeensis,KT210074.1.1754_U;tax,k:Eukaryota,OTU1043.p:Alveolata-Alveolata_X.g:Palustrimonas
670,OTU1045,428,1,428,1849,592,1020,100,475,7.7e-133,86.897,d:Amoebozoa,p:Tubulinea-Tubulinea_X,c:Echinamoebida,o:Echinamoebida_X,f:Echinamoebidae,g:Echinamoeba,s:Echinamoeba_thermarum,AJ489261.1.1849_U;tax,k:Eukaryota,OTU1045.p:Tubulinea-Tubulinea_X.g:Echinamoeba
671,OTU1046,407,1,407,1804,593,1004,100,479,5.66e-134,88.038,d:TSAR,p:Rhizaria-Cercozoa,c:Filosa-Sarcomonadea,o:Glissomonadida,f:Allapsidae,g:Allantion,s:Allantion_sp,AAYJ01000086.1.1804_U;tax,k:Eukaryota,OTU1046.p:Rhizaria-Cercozoa.g:Allantion
672,OTU1047,395,1,395,1651,514,908,100,664,0,96.97,d:Archaeplastida,p:Chlorophyta-Chlorophyta_X,c:Chlorophyceae,o:Chlamydomonadales,f:Chlamydomonadales_X,g:Chloromonas,s:Chloromonas_rosae,MG253845.1.1651_U;tax,k:Eukaryota,OTU1047.p:Chlorophyta-Chlorophyta_X.g:Chloromonas
673,OTU1049,405,1,405,1813,585,991,100,540,2.55e-152,90.709,d:TSAR,p:Rhizaria-Cercozoa,c:Endomyxa,o:Vampyrellida,f:Leptophryidae,g:Vernalophrys,s:Vernalophrys_algivore,KY852454.1.1813_U;tax,k:Eukaryota,OTU1049.p:Rhizaria-Cercozoa.g:Vernalophrys
674,OTU1050,405,1,405,1801,576,981,100,638,0,95.074,d:TSAR,p:Rhizaria-Cercozoa,c:Endomyxa,o:Vampyrellida,f:Thalassomyxa-lineage,g:Thalassomyxa,s:Thalassomyxa_sp,KC779515.1.1801_U;tax,k:Eukaryota,OTU1050.p:Rhizaria-Cercozoa.g:Thalassomyxa
675,OTU1051,409,1,409,989,475,889,100,335,1.3e-90,81.882,d:Amoebozoa,p:Evosea-Evosea_X,c:Variosea,o:Variosea_X,f:Variosea_XX,g:Variosea_XXX,s:Variosea_XXX_sp,EU545726.1.989_U;tax,k:Eukaryota,OTU1051.p:Evosea-Evosea_X.g:Variosea_XXX
676,OTU1052,405,1,405,1620,551,953,100,586,3.22e-166,92.84,d:TSAR,p:Rhizaria-Cercozoa,c:Filosa-Sarcomonadea,o:Cercomonadida,f:Cercomonadidae,g:Cercomonas,s:Cercomonas_sp,AB534514.1.1620_U;tax,k:Eukaryota,OTU1052.p:Rhizaria-Cercozoa.g:Cercomonas
677,OTU1054,403,1,403,1135,502,904,100,728,0,99.256,d:TSAR,p:Rhizaria-Cercozoa,c:Endomyxa,o:Vampyrellida,f:sm27-lineage,g:sm27-lineage_X,s:sm27-lineage_X_sp,EU567267.1.1135_U;tax,k:Eukaryota,OTU1054.p:Rhizaria-Cercozoa.g:sm27-lineage_X
678,OTU1055,400,1,400,1839,567,967,100,451,1.21e-125,87.16,d:Amoebozoa,p:Evosea-Evosea_X,c:Variosea,o:Variosea_X,f:WIM1-lineage,g:WIM1-lineage_X,s:WIM1-lineage_X_sp,AB695494.1.1839_U;tax,k:Eukaryota,OTU1055.p:Evosea-Evosea_X.g:WIM1-lineage_X
679,OTU1057,408,1,408,1878,572,975,100,257,2.89e-67,78.502,d:Amoebozoa,p:Evosea-Evosea_X,c:Variosea,o:Fractovitellida,f:Soliformoviidae,g:Soliformovum,s:Soliformovum_expulsum,FJ766479.1.1878_U;tax,k:Eukaryota,OTU1057.p:Evosea-Evosea_X.g:Soliformovum
680,OTU1058,435,1,435,1038,478,916,100,708,0,95.909,d:Amoebozoa,p:Evosea-Evosea_X,c:Variosea,o:Variosea_X,f:Variosea_XX,g:Variosea_XXX,s:Variosea_XXX_sp,JN825689.1.1038_U;tax,k:Eukaryota,OTU1058.p:Evosea-Evosea_X.g:Variosea_XXX
681,OTU1060,424,1,424,1438,155,567,100,401,1.31e-110,84.309,d:Amoebozoa,p:Tubulinea-Tubulinea_X,c:Elardia,o:Euamoebida,f:Hartmannellidae,g:Copromyxa,s:Copromyxa_microcystidis,KP719188.1.1438_U;tax,k:Eukaryota,OTU1060.p:Tubulinea-Tubulinea_X.g:Copromyxa
682,OTU1061,396,1,396,1699,529,924,100,715,0,99.242,d:Archaeplastida,p:Chlorophyta-Chlorophyta_X,c:Chlorophyceae,o:Chlamydomonadales,f:Chlamydomonadales_X,g:Pyrobotrys,s:Pyrobotrys_squarrosa,LC093474.1.1699_U;tax,k:Eukaryota,OTU1061.p:Chlorophyta-Chlorophyta_X.g:Pyrobotrys
683,OTU1063,405,1,405,1781,583,979,100,254,3.71e-66,78.744,d:Archaeplastida,p:Rhodophyta-Rhodophyta_X,c:Compsopogonophyceae,o:Compsopogonales,f:Compsopogonales_X,g:Compsopogon,s:Compsopogon_caeruleus,JX511997.1.1781_U;tax,k:Eukaryota,OTU1063.p:Rhodophyta-Rhodophyta_X.g:Compsopogon
684,OTU1064,390,1,390,688,269,659,100,505,8.92e-142,90.102,d:TSAR,p:Alveolata-Ciliophora,c:Plagiopylea,o:Plagiopylea_X,f:Plagiopylea_XX,g:Plagiopylea_XXX,s:Plagiopylea_XXX_sp,JX268902.1.688_U;tax,k:Eukaryota,OTU1064.p:Alveolata-Ciliophora.g:Plagiopylea_XXX
685,OTU1066,414,1,414,1605,531,925,100,514,1.58e-144,89.88,d:Amoebozoa,p:Tubulinea-Tubulinea_X,c:Elardia,o:Euamoebida,f:Nolandellidae,g:Nolandellidae_X,s:Nolandellidae_X_sp,AF372795.1.1605_U;tax,k:Eukaryota,OTU1066.p:Tubulinea-Tubulinea_X.g:Nolandellidae_X
686,OTU1067,418,180,418,929,197,430,69,215,1.81e-54,83.402,d:Excavata,p:Discoba-Discoba_X,c:Heterolobosea,o:Tetramitia_VI,f:Tetramitia_VI_X,g:Tetramitia_VI_3,s:Tetramitia_VI_3_sp,DQ423736.1.929_U;tax,k:Eukaryota,OTU1067.p:Discoba-Discoba_X.g:Tetramitia_VI_3
687,OTU1068,326,1,325,1639,536,860,99,540,2.01e-152,96.626,d:TSAR,p:Alveolata-Ciliophora,c:Litostomatea,o:Litostomatea_X,f:Litostomatea_XX,g:Arcuospathidium,s:Arcuospathidium_namibiense,JF263442.1.1639_U;tax,k:Eukaryota,OTU1068.p:Alveolata-Ciliophora.g:Arcuospathidium
688,OTU1069,403,1,403,1738,516,918,100,728,0,99.256,d:TSAR,p:Rhizaria-Cercozoa,c:Filosa-Sarcomonadea,o:Cercomonadida,f:Paracercomonadidae,g:Paracercomonas,s:Paracercomonas_elongata,FJ790729.1.1738_U;tax,k:Eukaryota,OTU1069.p:Rhizaria-Cercozoa.g:Paracercomonas
689,OTU1070,385,1,385,1765,578,962,100,656,0,97.403,d:TSAR,p:Alveolata-Ciliophora,c:Nassophorea,o:Nassophorea_X,f:Nassulida,g:Obertrumia,s:Obertrumia_georgiana,X65149.1.1765_U;tax,k:Eukaryota,OTU1070.p:Alveolata-Ciliophora.g:Obertrumia
690,OTU1071,414,167,414,1934,807,1058,71,318,1.33e-85,89.764,d:Amoebozoa,p:Evosea-Evosea_X,c:Variosea,o:Flamellidae,f:ATCC50593-lineage,g:ATCC50593-lineage_X,s:ATCC50593-lineage_X_sp,EU273440.1.1934_U;tax,k:Eukaryota,OTU1071.p:Evosea-Evosea_X.g:ATCC50593-lineage_X
691,OTU1072,379,1,379,1627,505,885,100,464,1.47e-129,88.743,d:TSAR,p:Alveolata-Chrompodellids,c:Colpodellidea,o:Colpodellida,f:Colpodellaceae,g:Colpodella,s:Colpodella_sp,KT364261.1.1627_U;tax,k:Eukaryota,OTU1072.p:Alveolata-Chrompodellids.g:Colpodella
692,OTU1075,386,1,386,1068,24,409,100,658,0,97.409,d:TSAR,p:Alveolata-Ciliophora,c:Colpodea,o:Colpodea_X,f:Cyrtolophosidida,g:Cyrtolophosidida_X,s:Cyrtolophosidida_X_sp,FJ592470.1.1068_U;tax,k:Eukaryota,OTU1075.p:Alveolata-Ciliophora.g:Cyrtolophosidida_X
693,OTU1076,400,296,400,1810,828,933,26,89.8,1.09e-16,82.243,d:Amoebozoa,p:Evosea-Evosea_X,c:Variosea,o:Protosteliida,f:Protosteliida_X,g:Protostelium,s:Protostelium_mycophagum,FJ766457.1.1810_U;tax,k:Eukaryota,OTU1076.p:Evosea-Evosea_X.g:Protostelium
694,OTU1078,398,1,398,1745,565,961,100,545,5.37e-154,91.542,d:Obazoa,p:Opisthokonta-Choanoflagellata,c:Choanoflagellatea,o:Choanoflagellatea_X,f:Choanoflagellatea_XX,g:Salpingoeca,s:Salpingoeca_macrocollata,KT757482.1.1745_U;tax,k:Eukaryota,OTU1078.p:Opisthokonta-Choanoflagellata.g:Salpingoeca
695,OTU1079,407,1,407,1583,506,912,100,719,0,98.526,d:TSAR,p:Rhizaria-Cercozoa,c:Filosa-Sarcomonadea,o:Glissomonadida,f:Sandonidae,g:Sandonidae_X,s:Sandonidae_X_sp,EU709205.1.1583_U;tax,k:Eukaryota,OTU1079.p:Rhizaria-Cercozoa.g:Sandonidae_X
696,OTU1080,372,1,372,1592,535,909,100,163,5.88e-39,75,d:TSAR,p:Alveolata-Apicomplexa,c:Gregarinomorphea,o:Neogregarinorida,f:Actinocephalidae,g:Geneiorhynchus,s:Geneiorhynchus_manifestus,FJ459739.1.1592_U;tax,k:Eukaryota,OTU1080.p:Alveolata-Apicomplexa.g:Geneiorhynchus
697,OTU1081,394,270,394,682,540,663,32,163,6.25e-39,90.551,d:TSAR,p:Stramenopiles-Bigyra,c:Sagenista,o:Labyrinthulomycetes,f:Thraustochytriaceae,g:Thraustochytrium,s:Thraustochytrium_striatum,HQ116831.1.682_U;tax,k:Eukaryota,OTU1081.p:Stramenopiles-Bigyra.g:Thraustochytrium
698,OTU1082,325,1,324,1639,536,860,99,560,1.54e-158,97.846,d:TSAR,p:Alveolata-Ciliophora,c:Litostomatea,o:Litostomatea_X,f:Litostomatea_XX,g:Arcuospathidium,s:Arcuospathidium_namibiense,JF263442.1.1639_U;tax,k:Eukaryota,OTU1082.p:Alveolata-Ciliophora.g:Arcuospathidium
699,OTU1083,399,1,399,1106,11,407,100,209,8.02e-53,76.716,d:Haptista,p:Haptophyta-Haptophyta_X,c:Prymnesiophyceae,o:Phaeocystales,f:Phaeocystaceae,g:Phaeocystis,s:Phaeocystis_sp,HM581562.1.1106_U;tax,k:Eukaryota,OTU1083.p:Haptophyta-Haptophyta_X.g:Phaeocystis
700,OTU1084,409,1,409,1883,578,989,100,475,7.36e-133,87.828,d:Amoebozoa,p:Evosea-Evosea_X,c:Variosea,o:Fractovitellida,f:Schizoplasmodiidae,g:Ceratiomyxella,s:Ceratiomyxella_tahitiensis,FJ544419.1.1883_U;tax,k:Eukaryota,OTU1084.p:Evosea-Evosea_X.g:Ceratiomyxella
701,OTU1085,392,1,392,1615,449,839,100,662,0,97.194,d:TSAR,p:Alveolata-Ciliophora,c:Colpodea,o:Colpodea_X,f:Colpodida,g:Colpodida_X,s:Colpodida_X_sp,JN020238.1.1615_U;tax,k:Eukaryota,OTU1085.p:Alveolata-Ciliophora.g:Colpodida_X
702,OTU1086,405,1,405,2130,531,927,100,414,1.61e-114,85.539,d:Eukaryota_X,p:Ancyromonadida-Ancyromonadida_X,c:Ancyromonadida_XX,o:Ancyromonadida_XXX,f:Ancyromonadida_Group-1,g:Ancyromonadida_Group-1_X,s:Fabomonas_tropica,MT355148.1.2130_U;tax,k:Eukaryota,OTU1086.p:Ancyromonadida-Ancyromonadida_X.g:Ancyromonadida_Group-1_X
703,OTU1087,388,1,388,1719,537,924,100,490,2.48e-137,89.514,d:TSAR,p:Stramenopiles-Bigyra,c:Sagenista,o:Labyrinthulomycetes,f:Labyrinthulaceae,g:Labyrinthula,s:Labyrinthula_sp,AB095092.1.1719_U;tax,k:Eukaryota,OTU1087.p:Stramenopiles-Bigyra.g:Labyrinthula
704,OTU1088,409,1,409,1883,578,989,100,375,7.68e-103,83.649,d:Amoebozoa,p:Evosea-Evosea_X,c:Variosea,o:Fractovitellida,f:Schizoplasmodiidae,g:Ceratiomyxella,s:Ceratiomyxella_tahitiensis,FJ544419.1.1883_U;tax,k:Eukaryota,OTU1088.p:Evosea-Evosea_X.g:Ceratiomyxella
705,OTU1091,399,1,399,1049,5,404,100,660,0,96.5,d:TSAR,p:Stramenopiles-Gyrista,c:Chrysophyceae,o:Ochromonadales,f:Ochromonadales_X,g:Ochromonadales_XX,s:Ochromonadales_XX_sp,FJ355238.1.1049_U;tax,k:Eukaryota,OTU1091.p:Stramenopiles-Gyrista.g:Ochromonadales_XX
706,OTU1095,399,1,399,1048,5,403,100,715,0,98.997,d:TSAR,p:Stramenopiles-Gyrista,c:Chrysophyceae,o:Ochromonadales,f:Ochromonadales_X,g:Ochromonadales_XX,s:Ochromonadales_XX_sp,FJ353894.1.1048_U;tax,k:Eukaryota,OTU1095.p:Stramenopiles-Gyrista.g:Ochromonadales_XX
707,OTU1096,405,1,405,1801,576,981,100,527,1.98e-148,90.172,d:TSAR,p:Rhizaria-Cercozoa,c:Endomyxa,o:Vampyrellida,f:Thalassomyxa-lineage,g:Thalassomyxa,s:Thalassomyxa_sp,KC779515.1.1801_U;tax,k:Eukaryota,OTU1096.p:Rhizaria-Cercozoa.g:Thalassomyxa
708,OTU1097,422,179,422,1553,659,895,70,222,1.09e-56,83.74,d:Obazoa,p:Opisthokonta-Choanoflagellata,c:Choanoflagellatea,o:Acanthoecida,f:Stephanoecidae_Group_H,g:Stephanoecidae_Group_H_X,s:Stephanoecidae_Group_H_X_sp,EF526728.1.1553_U;tax,k:Eukaryota,OTU1097.p:Opisthokonta-Choanoflagellata.g:Stephanoecidae_Group_H_X
709,OTU1098,415,1,415,1455,553,958,100,281,1.75e-74,79.669,d:Amoebozoa,p:Evosea-Evosea_X,c:Variosea,o:Flamellidae,f:Flamella-lineage,g:Flamella,s:Flamella_pleistocenica,KP219431.1.1455_U;tax,k:Eukaryota,OTU1098.p:Evosea-Evosea_X.g:Flamella
710,OTU1099,402,1,402,2888,1656,2064,100,327,2.14e-88,81.553,d:Amoebozoa,p:Tubulinea-Tubulinea_X,c:Elardia,o:Arcellinida,f:Phryganellina,g:Phryganella,s:Phryganella_paradoxa,MF497374.1.2888_U;tax,k:Eukaryota,OTU1099.p:Tubulinea-Tubulinea_X.g:Phryganella
711,OTU1100,410,1,410,1547,573,981,100,739,0,99.268,d:Amoebozoa,p:Evosea-Evosea_X,c:Variosea,o:Variosea_X,f:Phalansteriidae,g:Phalansterium,s:Phalansterium_arcticum,KX844828.1.1547_U;tax,k:Eukaryota,OTU1100.p:Evosea-Evosea_X.g:Phalansterium
712,OTU1101,408,1,408,1804,587,994,100,632,4.11e-180,94.608,d:TSAR,p:Rhizaria-Cercozoa,c:Filosa-Imbricatea,o:Filosa-Imbricatea_X,f:Filosa-Imbricatea_XX,g:Filosa-Imbricatea_XXX,s:Filosa-Imbricatea_XXX_sp,EF023787.1.1804_U;tax,k:Eukaryota,OTU1101.p:Rhizaria-Cercozoa.g:Filosa-Imbricatea_XXX
713,OTU1102,404,1,404,1827,596,1000,100,486,3.35e-136,88.537,d:Amoebozoa,p:Tubulinea-Tubulinea_X,c:Echinamoebida,o:Echinamoebida_X,f:Echinamoebidae,g:Echinamoeba,s:Echinamoeba_exundans,AF293895.1.1827_U;tax,k:Eukaryota,OTU1102.p:Tubulinea-Tubulinea_X.g:Echinamoeba
714,OTU1103,401,1,401,1774,564,964,100,664,0,96.509,d:Archaeplastida,p:Chlorophyta-Chlorophyta_X,c:Chlorophyceae,o:Chlamydomonadales,f:Chlamydomonadales_X,g:Dysmorphococcus,s:Dysmorphococcus_globosus,KM020136.1.1774_U;tax,k:Eukaryota,OTU1103.p:Chlorophyta-Chlorophyta_X.g:Dysmorphococcus
715,OTU1104,397,1,397,1714,558,954,100,723,0,99.496,d:Archaeplastida,p:Chlorophyta-Chlorophyta_X,c:Chlorophyceae,o:Chlamydomonadales,f:Coccomyxaceae,g:Coccomyxa,s:Coccomyxa_subellipsoidea,KF673374.1.2091_U;tax,k:Eukaryota,OTU1104.p:Chlorophyta-Chlorophyta_X.g:Coccomyxa
716,OTU1105,407,1,407,1204,11,407,100,366,4.6e-100,83.455,d:Eukaryota_X,p:Ancyromonadida-Ancyromonadida_X,c:Ancyromonadida_XX,o:Ancyromonadida_XXX,f:Ancyromonadida_Group-1,g:Ancyromonadida_Group-1_X,s:Planomonadidae_Group-1_X_sp,GU825188.1.1204_U;tax,k:Eukaryota,OTU1105.p:Ancyromonadida-Ancyromonadida_X.g:Ancyromonadida_Group-1_X
717,OTU1108,387,1,387,1444,466,858,100,571,8.6e-162,93.13,d:TSAR,p:Stramenopiles-Bigyra,c:Bicoecea,o:Pseudodendromonadales,f:Pseudodendromonadales_X,g:Pseudodendromonadales_XX,s:Pseudodendromonadales_XX_sp,GQ330587.1.1444_U;tax,k:Eukaryota,OTU1108.p:Stramenopiles-Bigyra.g:Pseudodendromonadales_XX
718,OTU1110,411,1,411,1605,531,925,100,451,1.25e-125,87.105,d:Amoebozoa,p:Tubulinea-Tubulinea_X,c:Elardia,o:Euamoebida,f:Nolandellidae,g:Nolandellidae_X,s:Nolandellidae_X_sp,AF372795.1.1605_U;tax,k:Eukaryota,OTU1110.p:Tubulinea-Tubulinea_X.g:Nolandellidae_X
719,OTU1111,416,1,416,1677,590,996,100,588,9.22e-167,92.566,d:Amoebozoa,p:Tubulinea-Tubulinea_X,c:Elardia,o:Leptomyxida,f:Leptomyxidae,g:Leptomyxa,s:Leptomyxa_neglecta,KT945251.1.1677_U;tax,k:Eukaryota,OTU1111.p:Tubulinea-Tubulinea_X.g:Leptomyxa
720,OTU1112,390,1,390,1700,506,892,100,501,1.15e-140,90.026,d:TSAR,p:Alveolata-Ciliophora,c:Oligohymenophorea,o:Oligohymenophorea_X,f:Oligohymenophorea_XX,g:Paratetrahymena,s:Paratetrahymena_parawassi,FJ876969.1.1700_U;tax,k:Eukaryota,OTU1112.p:Alveolata-Ciliophora.g:Paratetrahymena
721,OTU1113,391,1,391,1735,550,945,100,322,9.66e-87,81.886,d:Obazoa,p:Opisthokonta-Choanoflagellata,c:Choanoflagellatea,o:Craspedida,f:Monosigidae_Group_A,g:Monosiga,s:Monosiga_brevicollis,KF130382.1.1735_U;tax,k:Eukaryota,OTU1113.p:Opisthokonta-Choanoflagellata.g:Monosiga
722,OTU1121,404,1,404,989,475,889,100,435,1.23e-120,86.091,d:Amoebozoa,p:Evosea-Evosea_X,c:Variosea,o:Variosea_X,f:Variosea_XX,g:Variosea_XXX,s:Variosea_XXX_sp,EU545726.1.989_U;tax,k:Eukaryota,OTU1121.p:Evosea-Evosea_X.g:Variosea_XXX
723,OTU1123,400,1,400,1605,531,925,100,507,2.55e-142,90,d:Amoebozoa,p:Tubulinea-Tubulinea_X,c:Elardia,o:Euamoebida,f:Nolandellidae,g:Nolandellidae_X,s:Nolandellidae_X_sp,AF372795.1.1605_U;tax,k:Eukaryota,OTU1123.p:Tubulinea-Tubulinea_X.g:Nolandellidae_X
724,OTU1127,394,1,394,1346,572,965,100,689,0,98.223,d:TSAR,p:Stramenopiles-Bigyra,c:Bicoecea,o:Pseudodendromonadales,f:Pseudodendromonadales_X,g:Pseudodendromonadales_XX,s:Pseudodendromonadales_XX_sp,AY642710.1.1346_U;tax,k:Eukaryota,OTU1127.p:Stramenopiles-Bigyra.g:Pseudodendromonadales_XX
725,OTU1128,392,1,392,1655,526,919,100,599,4e-170,94.177,d:TSAR,p:Stramenopiles-Bigyra,c:Bicoecea,o:Pseudodendromonadales,f:Pseudodendromonadales_X,g:Pseudodendromonadales_XX,s:Pseudodendromonadales_XX_sp,AB721079.1.1655_U;tax,k:Eukaryota,OTU1128.p:Stramenopiles-Bigyra.g:Pseudodendromonadales_XX
726,OTU1129,401,1,401,1748,562,957,100,702,0,98.504,d:Archaeplastida,p:Chlorophyta-Chlorophyta_X,c:Chlorophyceae,o:Chlamydomonadales,f:Chlamydomonadales_X,g:Chlorococcum,s:Chlorococcum_sp,KF791546.1.1748_U;tax,k:Eukaryota,OTU1129.p:Chlorophyta-Chlorophyta_X.g:Chlorococcum
727,OTU1131,414,1,414,1894,592,1007,100,335,1.32e-90,81.56,d:Amoebozoa,p:Tubulinea-Tubulinea_X,c:Elardia,o:Euamoebida,f:Hartmannellidae,g:Hartmannellidae_X,s:Hartmannellidae_X_sp,HQ687486.1.1894_U;tax,k:Eukaryota,OTU1131.p:Tubulinea-Tubulinea_X.g:Hartmannellidae_X
728,OTU1132,402,1,402,735,173,574,100,638,0,95.274,d:TSAR,p:Stramenopiles-Bigyra,c:Sagenista,o:Labyrinthulomycetes,f:Labyrinthulaceae,g:Labyrinthulaceae_X,s:Labyrinthulaceae_X_sp,FJ389881.1.735_U;tax,k:Eukaryota,OTU1132.p:Stramenopiles-Bigyra.g:Labyrinthulaceae_X
729,OTU1133,396,1,396,1741,555,950,100,671,0,97.222,d:TSAR,p:Stramenopiles-Gyrista,c:Chrysophyceae,o:Ochromonadales,f:Ochromonadaceae,g:Poterioochromonas,s:Poterioochromonas_sp,EF165113.1.1741_U;tax,k:Eukaryota,OTU1133.p:Stramenopiles-Gyrista.g:Poterioochromonas
730,OTU1134,437,193,437,2034,853,1097,69,287,3.96e-76,87.805,d:Amoebozoa,p:Discosea-Discosea_X,c:Centramoebia,o:Pellitida,f:Endostelium-lineage,g:Endostelium,s:Endostelium_crystalliferum,KF705034.1.2034_U;tax,k:Eukaryota,OTU1134.p:Discosea-Discosea_X.g:Endostelium
731,OTU1135,387,1,387,1757,575,961,100,649,0,96.899,d:TSAR,p:Alveolata-Ciliophora,c:Oligohymenophorea,o:Scuticociliatia_1,f:Philasterida,g:Paralembus,s:Paralembus_digitiformis,JQ956549.1.1757_U;tax,k:Eukaryota,OTU1135.p:Alveolata-Ciliophora.g:Paralembus
732,OTU1136,390,1,390,1654,575,961,100,523,2.46e-147,91.139,d:TSAR,p:Alveolata-Apicomplexa,c:Gregarinomorphea,o:Neogregarinorida,f:Stylocephalidae,g:Xiphocephalus,s:Xiphocephalus_gigas,KU664395.1.1654_U;tax,k:Eukaryota,OTU1136.p:Alveolata-Apicomplexa.g:Xiphocephalus
733,OTU1138,432,188,432,875,27,272,57,176,8.83e-43,80,d:Obazoa,p:Opisthokonta-Opisthokonta_X,c:Opisthokonta_XX,o:Opisthokonta_XXX,f:Opisthokonta_XXXX,g:Opisthokonta_XXXXX,s:Opisthokonta_XXXXX_sp,EF674350.1.875_U;tax,k:Eukaryota,OTU1138.p:Opisthokonta-Opisthokonta_X.g:Opisthokonta_XXXXX
734,OTU1139,410,1,410,1199,11,409,100,348,1.68e-94,82.609,d:Archaeplastida,p:Streptophyta-Streptophyta_X,c:Streptophyta_XX,o:Streptophyta_XXX,f:Streptophyta_XXXX,g:Streptophyta_XXXXX,s:Streptophyta_XXXXX_sp,GU824549.1.1199_U;tax,k:Eukaryota,OTU1139.p:Streptophyta-Streptophyta_X.g:Streptophyta_XXXXX
735,OTU1140,419,1,419,1298,418,836,100,730,0,98.091,d:TSAR,p:Rhizaria-Cercozoa,c:Endomyxa-Phytomyxea,o:Plasmodiophorida,f:Polymyxa-lineage,g:Ligniera,s:Ligniera_junci,KF111227.1.1298_U;tax,k:Eukaryota,OTU1140.p:Rhizaria-Cercozoa.g:Ligniera
736,OTU1142,439,1,49,1618,565,613,11,86.1,1.56e-15,97.959,d:Cryptista,p:Cryptophyta-Cryptophyta_X,c:Cryptophyceae,o:Cryptomonadales,f:Cryptomonadales_X,g:Cryptomonas,s:Cryptomonas_sp,KC315833.1.1618_U;tax,k:Eukaryota,OTU1142.p:Cryptophyta-Cryptophyta_X.g:Cryptomonas
737,OTU1144,386,1,386,1824,608,988,100,647,0,97.15,d:Amoebozoa,p:Tubulinea-Tubulinea_X,c:Elardia,o:Euamoebida,f:Nolandellidae,g:Nolandellidae_X,s:Nolandellidae_X_sp,EF023499.1.1824_U;tax,k:Eukaryota,OTU1144.p:Tubulinea-Tubulinea_X.g:Nolandellidae_X
738,OTU1148,405,1,405,1653,495,899,100,726,0,99.012,d:TSAR,p:Stramenopiles-Gyrista,c:Peronosporomycetes,o:Peronosporomycetes_X,f:Saprolegniales,g:Aphanomyces,s:Aphanomyces_sp,FJ794894.1.1653_U;tax,k:Eukaryota,OTU1148.p:Stramenopiles-Gyrista.g:Aphanomyces
739,OTU1149,409,1,408,676,160,573,99,327,2.18e-88,81.429,d:TSAR,p:Stramenopiles-Bigyra,c:Sagenista,o:Labyrinthulomycetes,f:Amphifilaceae,g:Amphifilaceae_X,s:Amphifilaceae_X_sp,AB572139.1.676_U;tax,k:Eukaryota,OTU1149.p:Stramenopiles-Bigyra.g:Amphifilaceae_X
740,OTU1150,398,1,398,1702,534,929,100,612,5.22e-174,94.5,d:Archaeplastida,p:Chlorophyta-Chlorophyta_X,c:Chlorophyceae,o:Chlamydomonadales,f:Chlamydomonadales_X,g:Gungnir,s:Gungnir_neglectum,LC129527.1.1702_U;tax,k:Eukaryota,OTU1150.p:Chlorophyta-Chlorophyta_X.g:Gungnir
741,OTU1152,410,1,410,1860,570,980,100,481,1.59e-134,87.923,d:Amoebozoa,p:Evosea-Evosea_X,c:Variosea,o:Variosea_X,f:Variosea_XX,g:Variosea_XXX,s:Variosea_XXX_sp,AB695458.1.1860_U;tax,k:Eukaryota,OTU1152.p:Evosea-Evosea_X.g:Variosea_XXX
742,OTU1153,391,145,391,1899,791,1040,79,281,1.64e-74,87.251,d:Amoebozoa,p:Tubulinea-Tubulinea_X,c:Elardia,o:Leptomyxida,f:Rhizamoeba-saxonica-lineage,g:Rhizamoeba,s:Rhizamoeba_saxonica,EU719197.1.1899_U;tax,k:Eukaryota,OTU1153.p:Tubulinea-Tubulinea_X.g:Rhizamoeba
743,OTU1154,408,1,408,1266,568,975,100,693,0,97.304,d:TSAR,p:Rhizaria-Cercozoa,c:Filosa-Imbricatea,o:Euglyphida,f:Euglyphida_X,g:Euglyphida_XX,s:Euglyphida_XX_sp,AY620296.1.1266_U;tax,k:Eukaryota,OTU1154.p:Rhizaria-Cercozoa.g:Euglyphida_XX
744,OTU1155,411,1,411,1955,694,1104,100,593,1.96e-168,92.736,d:TSAR,p:Rhizaria-Cercozoa,c:Filosa-Imbricatea,o:Thaumatomonadida,f:Thaumatomonadidae,g:Thaumatomonas,s:Thaumatomonas_sp,KC243111.1.1955_U;tax,k:Eukaryota,OTU1155.p:Rhizaria-Cercozoa.g:Thaumatomonas
745,OTU1156,434,1,434,1038,478,916,100,706,0,95.9,d:Amoebozoa,p:Evosea-Evosea_X,c:Variosea,o:Variosea_X,f:Variosea_XX,g:Variosea_XXX,s:Variosea_XXX_sp,JN825689.1.1038_U;tax,k:Eukaryota,OTU1156.p:Evosea-Evosea_X.g:Variosea_XXX
746,OTU1157,327,1,309,562,254,562,94,560,1.55e-158,99.353,d:TSAR,p:Alveolata-Ciliophora,c:Litostomatea,o:Litostomatea_X,f:Litostomatea_XX,g:Pseudoholophrya,s:Pseudoholophrya_sp,KC207104.1.562_U;tax,k:Eukaryota,OTU1157.p:Alveolata-Ciliophora.g:Pseudoholophrya
747,OTU1158,376,1,376,2226,1038,1407,100,340,2.56e-92,83.377,d:Amoebozoa,p:Tubulinea-Tubulinea_X,c:Elardia,o:Euamoebida,f:LOS7N/I-lineage,g:Ptolemeba,s:Ptolemeba_noxubium,KJ542110.1.2226_U;tax,k:Eukaryota,OTU1158.p:Tubulinea-Tubulinea_X.g:Ptolemeba
748,OTU1159,406,1,406,1833,558,961,100,422,9.64e-117,85.575,d:Amoebozoa,p:Evosea-Evosea_X,c:Variosea,o:Variosea_X,f:WIM5-lineage,g:WIM5-lineage_X,s:WIM5-lineage_X_sp,AB695538.1.1833_U;tax,k:Eukaryota,OTU1159.p:Evosea-Evosea_X.g:WIM5-lineage_X
749,OTU1160,406,1,406,1827,596,1000,100,649,0,95.567,d:Amoebozoa,p:Tubulinea-Tubulinea_X,c:Echinamoebida,o:Echinamoebida_X,f:Echinamoebidae,g:Echinamoeba,s:Echinamoeba_exundans,AF293895.1.1827_U;tax,k:Eukaryota,OTU1160.p:Tubulinea-Tubulinea_X.g:Echinamoeba
750,OTU1161,398,1,398,1754,549,947,100,464,1.55e-129,87.811,d:TSAR,p:Alveolata-Alveolata_X,c:Alveolata_XX,o:Alveolata_XXX,f:Alveolata_XXXX,g:Palustrimonas,s:Palustrimonas_yorkeensis,KT210074.1.1754_U;tax,k:Eukaryota,OTU1161.p:Alveolata-Alveolata_X.g:Palustrimonas
751,OTU1162,371,129,371,1735,689,929,65,298,1.54e-79,88.98,d:TSAR,p:Stramenopiles-Bigyra,c:Bicoecea,o:Anoecales,f:Anoecaceae,g:Anoeca,s:Anoeca_atlantica,AY520448.1.1735_U;tax,k:Eukaryota,OTU1162.p:Stramenopiles-Bigyra.g:Anoeca
752,OTU1163,404,1,404,1539,473,879,100,278,2.2e-73,79.714,d:Amoebozoa,p:Evosea-Evosea_X,c:Variosea,o:Variosea_X,f:Variosea_XX,g:Variosea_XXX,s:Variosea_XXX_sp,GU479959.1.1539_U;tax,k:Eukaryota,OTU1163.p:Evosea-Evosea_X.g:Variosea_XXX
753,OTU1164,406,1,406,2313,570,973,100,621,8.86e-177,94.335,d:TSAR,p:Rhizaria-Cercozoa,c:Endomyxa,o:Filoretidae,f:Filoretidae_X,g:Filoreta,s:Filoreta_turcica,EU567292.1.2313_U;tax,k:Eukaryota,OTU1164.p:Rhizaria-Cercozoa.g:Filoreta
754,OTU1165,447,323,447,721,179,303,28,143,9.29e-33,87.2,d:Excavata,p:Discoba-Discoba_X,c:Heterolobosea,o:Tetramitia_VI,f:Tetramitia_VI_X,g:Paravahlkampfia,s:Paravahlkampfia_sp,LN585833.1.721_U;tax,k:Eukaryota,OTU1165.p:Discoba-Discoba_X.g:Paravahlkampfia
755,OTU1166,384,145,384,2226,1171,1407,63,285,1.24e-75,88.382,d:Amoebozoa,p:Tubulinea-Tubulinea_X,c:Elardia,o:Euamoebida,f:LOS7N/I-lineage,g:Ptolemeba,s:Ptolemeba_noxubium,KJ542110.1.2226_U;tax,k:Eukaryota,OTU1166.p:Tubulinea-Tubulinea_X.g:Ptolemeba
756,OTU1168,407,1,407,1565,489,895,100,719,0,98.526,d:Amoebozoa,p:Tubulinea-Tubulinea_X,c:Elardia,o:Leptomyxida,f:Leptomyxidae,g:Leptomyxa,s:Leptomyxa_regia,OM914643.1.1565_U;tax,k:Eukaryota,OTU1168.p:Tubulinea-Tubulinea_X.g:Leptomyxa
757,OTU1171,423,1,423,1613,573,991,100,717,0,97.4,d:Haptista,p:Centroplasthelida-Centroplasthelida_X,c:Pterocystida,o:Pterista,f:Heterophryidae,g:Heterophrys,s:Heterophrys_sp,AY749611.1.1613_U;tax,k:Eukaryota,OTU1171.p:Centroplasthelida-Centroplasthelida_X.g:Heterophrys
758,OTU1172,394,1,394,1656,516,910,100,529,5.35e-149,90.886,d:TSAR,p:Stramenopiles-Bigyra,c:Bicoecea,o:Pseudodendromonadales,f:Pseudodendromonadales_X,g:Pseudodendromonadales_XX,s:Pseudodendromonadales_XX_sp,AB721035.1.1656_U;tax,k:Eukaryota,OTU1172.p:Stramenopiles-Bigyra.g:Pseudodendromonadales_XX
759,OTU1173,402,1,402,735,173,574,100,588,8.89e-167,93.035,d:TSAR,p:Stramenopiles-Bigyra,c:Sagenista,o:Labyrinthulomycetes,f:Labyrinthulaceae,g:Labyrinthulaceae_X,s:Labyrinthulaceae_X_sp,FJ389881.1.735_U;tax,k:Eukaryota,OTU1173.p:Stramenopiles-Bigyra.g:Labyrinthulaceae_X
760,OTU1174,408,1,408,1605,531,925,100,425,7.49e-118,86.098,d:Amoebozoa,p:Tubulinea-Tubulinea_X,c:Elardia,o:Euamoebida,f:Nolandellidae,g:Nolandellidae_X,s:Nolandellidae_X_sp,AF372795.1.1605_U;tax,k:Eukaryota,OTU1174.p:Tubulinea-Tubulinea_X.g:Nolandellidae_X
761,OTU1175,435,183,435,2034,844,1097,72,274,3.07e-72,86.22,d:Amoebozoa,p:Discosea-Discosea_X,c:Centramoebia,o:Pellitida,f:Endostelium-lineage,g:Endostelium,s:Endostelium_crystalliferum,KF705034.1.2034_U;tax,k:Eukaryota,OTU1175.p:Discosea-Discosea_X.g:Endostelium
762,OTU1176,417,1,417,1883,578,989,100,466,4.52e-130,87.264,d:Amoebozoa,p:Evosea-Evosea_X,c:Variosea,o:Fractovitellida,f:Schizoplasmodiidae,g:Ceratiomyxella,s:Ceratiomyxella_tahitiensis,FJ544419.1.1883_U;tax,k:Eukaryota,OTU1176.p:Evosea-Evosea_X.g:Ceratiomyxella
763,OTU1177,387,1,387,1763,554,950,100,414,1.53e-114,86.07,d:TSAR,p:Stramenopiles-Bigyra,c:Bicoecea,o:Bicoecea_X,f:Bicoecea_XX,g:Bicoecea_XXX,s:Bicoecea_XXX_sp,GU170210.1.1763_U;tax,k:Eukaryota,OTU1177.p:Stramenopiles-Bigyra.g:Bicoecea_XXX
764,OTU1178,398,1,398,1756,557,958,100,473,2.57e-132,88.148,d:Archaeplastida,p:Rhodelphidia-Rhodelphidia_X,c:Rhodelphea,o:Rhodelphida,f:Rhodelphidae,g:Rhodelphis,s:Rhodelphis_marinus,MK966712.1.1756_U;tax,k:Eukaryota,OTU1178.p:Rhodelphidia-Rhodelphidia_X.g:Rhodelphis
765,OTU1179,439,198,439,1621,725,963,55,200,5.33e-50,82.041,d:TSAR,p:Stramenopiles-Gyrista,c:Mediophyceae,o:Eupodiscales,f:Odontellaceae,g:Amphitetras,s:Amphitetras_antediluviana,OP304754.1.1621_U;tax,k:Eukaryota,OTU1179.p:Stramenopiles-Gyrista.g:Amphitetras
766,OTU1183,384,1,384,1730,573,958,100,551,1.11e-155,92.545,d:TSAR,p:Alveolata-Ciliophora,c:Nassophorea,o:Nassophorea_X,f:Microthoracida,g:Microthoracida_X,s:Microthoracida_X_sp,FJ810605.1.1730_U;tax,k:Eukaryota,OTU1183.p:Alveolata-Ciliophora.g:Microthoracida_X
767,OTU1184,400,1,400,1534,363,762,100,673,0,97,d:Obazoa,p:Opisthokonta-Choanoflagellata,c:Choanoflagellatea,o:Craspedida,f:Salpingoecidae_Group_C3,g:Salpingoecidae_Group_C3_X,s:Salpingoecidae_Group_C3_X_sp,GU647190.1.1534_U;tax,k:Eukaryota,OTU1184.p:Opisthokonta-Choanoflagellata.g:Salpingoecidae_Group_C3_X
768,OTU1187,415,1,415,1869,575,989,100,623,2.52e-177,93.735,d:Amoebozoa,p:Evosea-Evosea_X,c:Variosea,o:Flamellidae,f:Flamella-lineage,g:Flamella-lineage_X,s:Flamella-lineage_X_sp,AM114809.1.1869_U;tax,k:Eukaryota,OTU1187.p:Evosea-Evosea_X.g:Flamella-lineage_X
769,OTU1190,401,1,401,1778,577,975,100,584,1.15e-165,93.069,d:TSAR,p:Stramenopiles-Gyrista,c:Chrysophyceae,o:Ochromonadales,f:Ochromonadales_clade-XII,g:Ochromonadales_clade-XII_X,s:Ochromonadales_clade-XII_X_sp,AY082987.1.1778_U;tax,k:Eukaryota,OTU1190.p:Stramenopiles-Gyrista.g:Ochromonadales_clade-XII_X
770,OTU1191,412,1,412,1587,567,972,100,667,0,96.117,d:Haptista,p:Centroplasthelida-Centroplasthelida_X,c:Centroplasthelida_XX,o:Centroplasthelida_XXX,f:Centroplasthelida_XXXX,g:Centroplasthelida_XXXXX,s:Centroplasthelida_XXXXX_sp,JQ245081.1.1587_U;tax,k:Eukaryota,OTU1191.p:Centroplasthelida-Centroplasthelida_X.g:Centroplasthelida_XXXXX
771,OTU1193,423,1,423,1626,579,1002,100,671,0,95.294,d:Haptista,p:Centroplasthelida-Centroplasthelida_X,c:Centroplasthelida_XX,o:Centroplasthelida_XXX,f:Centroplasthelida_XXXX,g:Centroplasthelida_XXXXX,s:Centroplasthelida_XXXXX_sp,AY749550.1.1626_U;tax,k:Eukaryota,OTU1193.p:Centroplasthelida-Centroplasthelida_X.g:Centroplasthelida_XXXXX
772,OTU1194,416,1,416,1586,560,968,100,606,2.55e-172,93.285,d:Haptista,p:Centroplasthelida-Centroplasthelida_X,c:Centroplasthelida_XX,o:Centroplasthelida_XXX,f:Centroplasthelida_XXXX,g:Centroplasthelida_XXXXX,s:Centroplasthelida_XXXXX_sp,AY749539.1.1586_U;tax,k:Eukaryota,OTU1194.p:Centroplasthelida-Centroplasthelida_X.g:Centroplasthelida_XXXXX
773,OTU1195,387,1,387,1689,557,943,100,643,0,96.641,d:TSAR,p:Alveolata-Ciliophora,c:Colpodea,o:Colpodea_X,f:Platyophryida,g:Platyophryida_X,s:Platyophryida_X_sp,KJ873052.1.1689_U;tax,k:Eukaryota,OTU1195.p:Alveolata-Ciliophora.g:Platyophryida_X
774,OTU1196,365,1,365,1729,541,910,100,412,5.18e-114,87.234,d:Amoebozoa,p:Tubulinea-Tubulinea_X,c:Elardia,o:Euamoebida,f:LOS7N/I-lineage,g:Ptolemeba,s:Ptolemeba_noxubium,KJ542109.1.1729_U;tax,k:Eukaryota,OTU1196.p:Tubulinea-Tubulinea_X.g:Ptolemeba
775,OTU1197,400,1,400,1831,558,957,100,457,2.6e-127,87.561,d:Amoebozoa,p:Evosea-Evosea_X,c:Variosea,o:Variosea_X,f:AND16-lineage,g:AND16-lineage_X,s:AND16-lineage_X_sp,AY965863.1.1831_U;tax,k:Eukaryota,OTU1197.p:Evosea-Evosea_X.g:AND16-lineage_X
776,OTU1198,377,1,377,2226,1038,1407,100,307,2.6e-82,81.937,d:Amoebozoa,p:Tubulinea-Tubulinea_X,c:Elardia,o:Euamoebida,f:LOS7N/I-lineage,g:Ptolemeba,s:Ptolemeba_noxubium,KJ542110.1.2226_U;tax,k:Eukaryota,OTU1198.p:Tubulinea-Tubulinea_X.g:Ptolemeba
777,OTU1199,432,1,432,1849,592,1020,100,501,1.28e-140,87.788,d:Amoebozoa,p:Tubulinea-Tubulinea_X,c:Echinamoebida,o:Echinamoebida_X,f:Echinamoebidae,g:Echinamoeba,s:Echinamoeba_thermarum,AJ489261.1.1849_U;tax,k:Eukaryota,OTU1199.p:Tubulinea-Tubulinea_X.g:Echinamoeba
778,OTU1200,405,165,405,1226,178,421,60,182,1.78e-44,80.488,d:TSAR,p:Stramenopiles-Gyrista,c:Peronosporomycetes,o:Peronosporomycetes_X,f:Peronosporomycetes_XX,g:Peronosporomycetes_XXX,s:Peronosporomycetes_XXX_sp,EF100357.1.1226_U;tax,k:Eukaryota,OTU1200.p:Stramenopiles-Gyrista.g:Peronosporomycetes_XXX
779,OTU1201,410,1,410,1739,511,920,100,747,0,99.512,d:TSAR,p:Rhizaria-Cercozoa,c:Filosa-Granofilosea,o:Limnofilida,f:Limnofilidae,g:Limnofila,s:Limnofila_oxoniensis,EU567256.1.1739_U;tax,k:Eukaryota,OTU1201.p:Rhizaria-Cercozoa.g:Limnofila
780,OTU1203,393,1,393,1725,558,950,100,699,0,98.728,d:TSAR,p:Alveolata-Ciliophora,c:Spirotrichea,o:Hypotrichia,f:Hypotrichia_X,g:Parakahliella,s:Parakahliella_macrostoma,MH393767.1.1725_U;tax,k:Eukaryota,OTU1203.p:Alveolata-Ciliophora.g:Parakahliella
781,OTU1205,396,1,396,1787,574,971,100,640,0,95.729,d:TSAR,p:Stramenopiles-Gyrista,c:Bacillariophyceae,o:Naviculales,f:Sellaphoraceae,g:Sellaphora,s:Sellaphora_seminulum,EF151967.1.1787_U;tax,k:Eukaryota,OTU1205.p:Stramenopiles-Gyrista.g:Sellaphora
782,OTU1206,400,1,400,1024,569,965,100,569,3.2e-161,92.519,d:Amoebozoa,p:Evosea-Evosea_X,c:Variosea,o:Variosea_X,f:AND16-lineage,g:AND16-lineage_X,s:AND16-lineage_X_sp,EU798715.1.1024_U;tax,k:Eukaryota,OTU1206.p:Evosea-Evosea_X.g:AND16-lineage_X
783,OTU1207,405,1,405,1827,596,1000,100,477,2.02e-133,88.078,d:Amoebozoa,p:Tubulinea-Tubulinea_X,c:Echinamoebida,o:Echinamoebida_X,f:Echinamoebidae,g:Echinamoeba,s:Echinamoeba_exundans,AF293895.1.1827_U;tax,k:Eukaryota,OTU1207.p:Tubulinea-Tubulinea_X.g:Echinamoeba
784,OTU1208,425,1,425,1879,591,1019,100,651,0,94.172,d:TSAR,p:Stramenopiles-Bigyra,c:Sagenista,o:Labyrinthulomycetes,f:Amphifilaceae,g:Sorodiplophrys,s:Sorodiplophrys_stercorea,KU728176.1.1879_U;tax,k:Eukaryota,OTU1208.p:Stramenopiles-Bigyra.g:Sorodiplophrys
785,OTU1209,447,1,447,1900,577,1020,100,612,5.89e-174,91.518,d:Amoebozoa,p:Evosea-Evosea_X,c:Variosea,o:Variosea_X,f:Mb5C-lineage,g:Mb5C-lineage_X,s:Mb5C-lineage_X_sp,HE575399.1.1900_U;tax,k:Eukaryota,OTU1209.p:Evosea-Evosea_X.g:Mb5C-lineage_X
786,OTU1211,429,1,429,1615,573,993,100,625,7.24e-178,93.256,d:Haptista,p:Centroplasthelida-Centroplasthelida_X,c:Centroplasthelida_XX,o:Centroplasthelida_XXX,f:Centroplasthelida_XXXX,g:Centroplasthelida_XXXXX,s:Centroplasthelida_XXXXX_sp,AY749490.1.1615_U;tax,k:Eukaryota,OTU1211.p:Centroplasthelida-Centroplasthelida_X.g:Centroplasthelida_XXXXX
787,OTU1212,406,1,406,1132,567,971,100,660,0,96.059,d:TSAR,p:Rhizaria-Cercozoa,c:Filosa-Sarcomonadea,o:Cercomonadida,f:Cercomonadidae,g:Eocercomonas,s:Eocercomonas_sp,AY884316.1.1132_U;tax,k:Eukaryota,OTU1212.p:Rhizaria-Cercozoa.g:Eocercomonas
788,OTU1214,332,1,331,1607,511,841,99,562,4.39e-159,97.281,d:TSAR,p:Alveolata-Ciliophora,c:Litostomatea,o:Haptoria_6,f:Lacrymariidae,g:Lacrymariidae_X,s:Lacrymariidae_X_sp,AB695505.1.1607_U;tax,k:Eukaryota,OTU1214.p:Alveolata-Ciliophora.g:Lacrymariidae_X
789,OTU1215,393,1,393,1748,554,946,100,699,0,98.728,d:TSAR,p:Alveolata-Ciliophora,c:Spirotrichea,o:Choreotrichida,f:Strombidinopsidae,g:Strombidinopsis,s:Strombidinopsis_sinicum,KR263893.1.1748_U;tax,k:Eukaryota,OTU1215.p:Alveolata-Ciliophora.g:Strombidinopsis
790,OTU1216,408,1,408,1800,584,990,100,675,0,96.569,d:TSAR,p:Rhizaria-Cercozoa,c:Filosa-Thecofilosea,o:Cryomonadida,f:Rhogostoma-lineage,g:Rhogostoma-lineage_X,s:Rhogostoma-lineage_X_sp,EF023854.1.1800_U;tax,k:Eukaryota,OTU1216.p:Rhizaria-Cercozoa.g:Rhogostoma-lineage_X
791,OTU1217,390,1,390,1763,572,961,100,582,4e-165,93.59,d:TSAR,p:Alveolata-Apicomplexa,c:Gregarinomorphea,o:Neogregarinorida,f:Actinocephalidae,g:Monocystis,s:Monocystis_sp,EF024174.1.1763_U;tax,k:Eukaryota,OTU1217.p:Alveolata-Apicomplexa.g:Monocystis
792,OTU1219,406,164,406,1183,687,930,60,283,4.75e-75,87.903,d:Amoebozoa,p:Discosea-Discosea_X,c:Stygamoebida,o:Stygamoebidae,f:Vermistella-lineage,g:Vermistella,s:Vermistella_sp,AY835683.1.1183_U;tax,k:Eukaryota,OTU1219.p:Discosea-Discosea_X.g:Vermistella
793,OTU1220,392,1,392,1750,564,956,100,592,6.69e-168,93.909,d:TSAR,p:Alveolata-Ciliophora,c:Spirotrichea,o:Hypotrichia,f:Pseudokeronopsidae,g:Eschaneustyla,s:Eschaneustyla_lugeri,KY874005.1.1750_U;tax,k:Eukaryota,OTU1220.p:Alveolata-Ciliophora.g:Eschaneustyla
794,OTU1221,407,1,407,1996,666,1073,100,686,0,97.059,d:TSAR,p:Rhizaria-Cercozoa,c:Filosa-Sarcomonadea,o:Cercomonadida,f:Cercomonadidae,g:Eocercomonas,s:Eocercomonas_sp,HM536153.1.1996_U;tax,k:Eukaryota,OTU1221.p:Rhizaria-Cercozoa.g:Eocercomonas
795,OTU1222,408,1,408,1920,585,999,100,466,4.42e-130,87.26,d:Amoebozoa,p:Evosea-Evosea_X,c:Variosea,o:Fractovitellida,f:Schizoplasmodiidae,g:Schizoplasmodium,s:Schizoplasmodium_cavostelioides,FJ544418.1.1920_U;tax,k:Eukaryota,OTU1222.p:Evosea-Evosea_X.g:Schizoplasmodium
796,OTU1223,385,149,385,1770,723,957,62,215,1.66e-54,83.193,d:TSAR,p:Stramenopiles-Bigyra,c:Bicoecea,o:Bicoecea_X,f:Bicoecea_XX,g:Bicoecea_XXX,s:Bicoecea_XXX_sp,GU170214.1.1770_U;tax,k:Eukaryota,OTU1223.p:Stramenopiles-Bigyra.g:Bicoecea_XXX
797,OTU1228,390,1,390,1803,572,961,100,555,8.73e-157,92.327,d:TSAR,p:Alveolata-Apicomplexa,c:Gregarinomorphea,o:Neogregarinorida,f:Actinocephalidae,g:Monocystis,s:Monocystis_sp,EF024102.1.1803_U;tax,k:Eukaryota,OTU1228.p:Alveolata-Apicomplexa.g:Monocystis
798,OTU1229,385,1,385,1766,577,961,100,645,0,96.883,d:TSAR,p:Alveolata-Ciliophora,c:Nassophorea,o:Nassophorea_X,f:Colpodidiidae,g:Colpodidiidae_X,s:Colpodidiidae_X_sp,EU264561.1.1766_U;tax,k:Eukaryota,OTU1229.p:Alveolata-Ciliophora.g:Colpodidiidae_X
799,OTU1230,401,2,55,1323,142,195,13,89.8,1.1e-16,96.296,d:TSAR,p:Alveolata-Perkinsea,c:Perkinsida,o:Perkinsida_X,f:Perkinsida_XX,g:Perkinsida_XXX,s:Perkinsida_XXX_sp,MW139944.1.1323_U;tax,k:Eukaryota,OTU1230.p:Alveolata-Perkinsea.g:Perkinsida_XXX
800,OTU1235,390,1,390,1615,449,839,100,610,1.84e-173,94.885,d:TSAR,p:Alveolata-Ciliophora,c:Colpodea,o:Colpodea_X,f:Colpodida,g:Colpodida_X,s:Colpodida_X_sp,JN020238.1.1615_U;tax,k:Eukaryota,OTU1235.p:Alveolata-Ciliophora.g:Colpodida_X
801,OTU1236,437,197,437,1646,688,930,68,337,3.87e-91,91.87,d:Obazoa,p:Opisthokonta-Choanoflagellata,c:Choanoflagellatea,o:Choanoflagellatea_X,f:Choanoflagellatea_XX,g:Salpingoeca,s:Salpingoeca_euryoecia,KJ631038.1.1646_U;tax,k:Eukaryota,OTU1236.p:Opisthokonta-Choanoflagellata.g:Salpingoeca
802,OTU1237,386,1,386,1068,24,409,100,664,0,97.668,d:TSAR,p:Alveolata-Ciliophora,c:Colpodea,o:Colpodea_X,f:Cyrtolophosidida,g:Cyrtolophosidida_X,s:Cyrtolophosidida_X_sp,FJ592470.1.1068_U;tax,k:Eukaryota,OTU1237.p:Alveolata-Ciliophora.g:Cyrtolophosidida_X
803,OTU1238,401,1,401,1673,506,906,100,730,0,99.501,d:TSAR,p:Stramenopiles-Gyrista,c:Chrysophyceae,o:Ochromonadales,f:Ochromonadaceae,g:Spumella,s:Spumella_sp,JQ967332.1.1673_U;tax,k:Eukaryota,OTU1238.p:Stramenopiles-Gyrista.g:Spumella
804,OTU1239,406,1,406,1266,568,975,100,520,3.32e-146,89.731,d:TSAR,p:Rhizaria-Cercozoa,c:Filosa-Imbricatea,o:Euglyphida,f:Euglyphida_X,g:Euglyphida_XX,s:Euglyphida_XX_sp,AY620296.1.1266_U;tax,k:Eukaryota,OTU1239.p:Rhizaria-Cercozoa.g:Euglyphida_XX
805,OTU1240,397,1,397,1802,552,949,100,346,5.83e-94,82.544,d:Amoebozoa,p:Evosea-Evosea_X,c:Variosea,o:Variosea_X,f:Filamoebidae,g:Filamoeba,s:Filamoeba_sp,AB425944.1.1802_U;tax,k:Eukaryota,OTU1240.p:Evosea-Evosea_X.g:Filamoeba
806,OTU1241,398,151,398,841,478,719,62,237,3.67e-61,84.337,d:Obazoa,p:Opisthokonta-Pluriformea,c:Corallochytrea,o:Corallochytrida,f:Corallochytridae,g:Corallochytrium,s:Corallochytrium_sp,GU072406.1.841_U;tax,k:Eukaryota,OTU1241.p:Opisthokonta-Pluriformea.g:Corallochytrium
807,OTU1244,396,1,396,1688,530,925,100,721,0,99.495,d:Archaeplastida,p:Chlorophyta-Chlorophyta_X,c:Chlorophyceae,o:Sphaeropleales,f:Sphaeropleales_X,g:Desmodesmus,s:Desmodesmus_subspicatus,MW678814.1.1688_U;tax,k:Eukaryota,OTU1244.p:Chlorophyta-Chlorophyta_X.g:Desmodesmus
808,OTU1245,388,1,388,708,178,564,100,621,8.44e-177,95.619,d:TSAR,p:Alveolata-Apicomplexa,c:Gregarinomorphea,o:Neogregarinorida,f:Actinocephalidae,g:Actinocephalidae_NEO1,s:Actinocephalidae_NEO1_sp,AY969144.1.708_U;tax,k:Eukaryota,OTU1245.p:Alveolata-Apicomplexa.g:Actinocephalidae_NEO1
809,OTU1247,386,1,386,1462,422,807,100,697,0,99.223,d:TSAR,p:Alveolata-Ciliophora,c:Oligohymenophorea,o:Peritrichia_2,f:Sessilida,g:Sessilida_X,s:Sessilida_X_sp,KU363281.1.1462_U;tax,k:Eukaryota,OTU1247.p:Alveolata-Ciliophora.g:Sessilida_X
810,OTU1250,405,1,405,1186,563,967,100,660,0,96.049,d:TSAR,p:Rhizaria-Cercozoa,c:Filosa-Sarcomonadea,o:Glissomonadida,f:Allapsidae,g:Allapsidae_X,s:Allapsidae_X_sp,KC306595.1.1186_U;tax,k:Eukaryota,OTU1250.p:Rhizaria-Cercozoa.g:Allapsidae_X
811,OTU1251,416,1,415,1762,549,959,99,436,3.53e-121,85.885,d:TSAR,p:Stramenopiles-Bigyra,c:Sagenista,o:Labyrinthulomycetes,f:Amphifilaceae,g:Amphifilaceae_X,s:Amphifilaceae_X_sp,AB695537.1.1762_U;tax,k:Eukaryota,OTU1251.p:Stramenopiles-Bigyra.g:Amphifilaceae_X
812,OTU1254,395,1,395,1637,535,929,100,614,1.44e-174,94.697,d:Obazoa,p:Opisthokonta-Ichthyosporea,c:Ichthyophonida,o:Ichthyophonida_X,f:Ichthyophonida_XX,g:Ichthyophonida_XXX,s:Ichthyophonida_XXX_sp,KC486775.1.1637_U;tax,k:Eukaryota,OTU1254.p:Opisthokonta-Ichthyosporea.g:Ichthyophonida_XXX
813,OTU1255,375,1,53,1786,561,613,14,99,1.7e-19,100,d:Amoebozoa,p:Evosea-Evosea_X,c:Variosea,o:Cavosteliida,f:Cavosteliida_X,g:Schizoplasmodiopsis,s:Schizoplasmodiopsis_pseudoendospora,FJ766475.1.1786_U;tax,k:Eukaryota,OTU1255.p:Evosea-Evosea_X.g:Schizoplasmodiopsis
814,OTU1256,406,131,406,875,1,272,68,379,5.89e-104,91.697,d:Obazoa,p:Opisthokonta-Opisthokonta_X,c:Opisthokonta_XX,o:Opisthokonta_XXX,f:Opisthokonta_XXXX,g:Opisthokonta_XXXXX,s:Opisthokonta_XXXXX_sp,EF674350.1.875_U;tax,k:Eukaryota,OTU1256.p:Opisthokonta-Opisthokonta_X.g:Opisthokonta_XXXXX
815,OTU1258,408,1,408,1539,473,879,100,326,7.82e-88,81.401,d:Amoebozoa,p:Evosea-Evosea_X,c:Variosea,o:Variosea_X,f:Variosea_XX,g:Variosea_XXX,s:Variosea_XXX_sp,GU479959.1.1539_U;tax,k:Eukaryota,OTU1258.p:Evosea-Evosea_X.g:Variosea_XXX
816,OTU1260,400,1,400,1831,558,957,100,412,5.71e-114,85.504,d:Amoebozoa,p:Evosea-Evosea_X,c:Variosea,o:Variosea_X,f:AND16-lineage,g:AND16-lineage_X,s:AND16-lineage_X_sp,AY965863.1.1831_U;tax,k:Eukaryota,OTU1260.p:Evosea-Evosea_X.g:AND16-lineage_X
817,OTU1261,405,1,405,1862,578,984,100,285,1.32e-75,79.661,d:Amoebozoa,p:Evosea-Evosea_X,c:Variosea,o:Variosea_X,f:Variosea_XX,g:Variosea_XXX,s:Variosea_XXX_sp,EF023424.1.1862_U;tax,k:Eukaryota,OTU1261.p:Evosea-Evosea_X.g:Variosea_XXX
818,OTU1262,361,1,355,1685,876,522,98,617,1.01e-175,98.028,d:TSAR,p:Alveolata-Ciliophora,c:Colpodea,o:Colpodea_X,f:Platyophryida,g:Platyophrya,s:Platyophrya_bromelicola,EU039905.1.1685_U;tax,k:Eukaryota,OTU1262.p:Alveolata-Ciliophora.g:Platyophrya
819,OTU1265,387,1,387,1596,529,915,100,599,3.94e-170,94.615,d:Amoebozoa,p:Tubulinea-Tubulinea_X,c:Elardia,o:Euamoebida,f:Nolandellidae,g:Nolandellidae_X,s:Nolandellidae_X_sp,HM628631.1.1596_U;tax,k:Eukaryota,OTU1265.p:Tubulinea-Tubulinea_X.g:Nolandellidae_X
820,OTU1266,405,1,405,1452,458,861,100,625,6.83e-178,94.568,d:TSAR,p:Stramenopiles-Bigyra,c:Opalozoa,o:Opalozoa_X,f:MAST-12,g:MAST-12C,s:MAST-12C_sp,GQ330588.1.1452_U;tax,k:Eukaryota,OTU1266.p:Stramenopiles-Bigyra.g:MAST-12C
821,OTU1267,407,1,407,1877,592,1000,100,449,4.44e-125,86.65,d:Amoebozoa,p:Evosea-Evosea_X,c:Variosea,o:Variosea_X,f:Variosea_XX,g:Variosea_XXX,s:Variosea_XXX_sp,EF024417.1.1877_U;tax,k:Eukaryota,OTU1267.p:Evosea-Evosea_X.g:Variosea_XXX
822,OTU1268,405,169,405,1226,182,421,59,180,6.39e-44,80.579,d:TSAR,p:Stramenopiles-Gyrista,c:Peronosporomycetes,o:Peronosporomycetes_X,f:Peronosporomycetes_XX,g:Peronosporomycetes_XXX,s:Peronosporomycetes_XXX_sp,EF100357.1.1226_U;tax,k:Eukaryota,OTU1268.p:Stramenopiles-Gyrista.g:Peronosporomycetes_XXX
823,OTU1269,397,1,397,1747,561,957,100,695,0,98.237,d:Archaeplastida,p:Chlorophyta-Chlorophyta_X,c:Chlorophyceae,o:Chlamydomonadales,f:Chlamydomonadales_X,g:Chlamydomonas,s:Chlamydomonas_simplex,LC380242.1.1747_U;tax,k:Eukaryota,OTU1269.p:Chlorophyta-Chlorophyta_X.g:Chlamydomonas
824,OTU1271,406,1,406,1883,578,989,100,451,1.23e-125,86.715,d:Amoebozoa,p:Evosea-Evosea_X,c:Variosea,o:Fractovitellida,f:Schizoplasmodiidae,g:Ceratiomyxella,s:Ceratiomyxella_tahitiensis,FJ544419.1.1883_U;tax,k:Eukaryota,OTU1271.p:Evosea-Evosea_X.g:Ceratiomyxella
825,OTU1272,402,1,402,1745,554,955,100,616,4.08e-175,94.279,d:TSAR,p:Stramenopiles-Gyrista,c:Chrysophyceae,o:Segregatospumellales,f:Segregatospumellaceae,g:Segregatospumellaceae_X,s:Segregatospumellaceae_X_sp,AB695535.1.1745_U;tax,k:Eukaryota,OTU1272.p:Stramenopiles-Gyrista.g:Segregatospumellaceae_X
826,OTU1273,371,1,362,1802,893,532,98,658,0,99.448,d:Amoebozoa,p:Evosea-Evosea_X,c:Variosea,o:Variosea_X,f:Filamoebidae,g:Filamoeba,s:Filamoeba_sp,AB425944.1.1802_U;tax,k:Eukaryota,OTU1273.p:Evosea-Evosea_X.g:Filamoeba
827,OTU1274,396,1,396,1689,532,927,100,726,0,99.747,d:Archaeplastida,p:Chlorophyta-Chlorophyta_X,c:Chlorophyceae,o:Oedogoniales,f:Oedogoniales_X,g:Oedogonium,s:Oedogonium_cardiacum,EU123943.1.1689_U;tax,k:Eukaryota,OTU1274.p:Chlorophyta-Chlorophyta_X.g:Oedogonium
828,OTU1277,409,1,409,1827,557,963,100,411,2.1e-113,85.024,d:Amoebozoa,p:Tubulinea-Tubulinea_X,c:Elardia,o:Euamoebida,f:Hartmannellidae,g:Copromyxa,s:Copromyxa_protea,GU938869.1.1827_U;tax,k:Eukaryota,OTU1277.p:Tubulinea-Tubulinea_X.g:Copromyxa
829,OTU1278,384,1,384,1596,529,916,100,608,6.5e-173,95.116,d:Amoebozoa,p:Tubulinea-Tubulinea_X,c:Elardia,o:Euamoebida,f:Nolandellidae,g:Nolandellidae_X,s:Nolandellidae_X_sp,HM628644.1.1596_U;tax,k:Eukaryota,OTU1278.p:Tubulinea-Tubulinea_X.g:Nolandellidae_X
830,OTU1280,410,1,410,1860,570,980,100,448,1.61e-124,86.603,d:Amoebozoa,p:Evosea-Evosea_X,c:Variosea,o:Variosea_X,f:Variosea_XX,g:Variosea_XXX,s:Variosea_XXX_sp,AB695458.1.1860_U;tax,k:Eukaryota,OTU1280.p:Evosea-Evosea_X.g:Variosea_XXX
831,OTU1282,324,1,323,1575,506,828,99,569,2.55e-161,98.452,d:TSAR,p:Alveolata-Ciliophora,c:Litostomatea,o:Rhynchostomatia,f:Dileptidae,g:Dileptus,s:Dileptus_terrenus,MG994993.1.1575_U;tax,k:Eukaryota,OTU1282.p:Alveolata-Ciliophora.g:Dileptus
832,OTU1283,414,165,414,940,210,458,60,289,1.04e-76,87.747,d:Cryptista,p:Cryptophyta-Cryptophyta_X,c:Cryptophyceae,o:Cryptomonadales,f:Cryptomonadales_X,g:Cryptomonadales_XX,s:Cryptomonadales_XX_sp,HQ868766.1.940_U;tax,k:Eukaryota,OTU1283.p:Cryptophyta-Cryptophyta_X.g:Cryptomonadales_XX
833,OTU1284,412,1,412,1698,515,910,100,398,1.65e-109,84.709,d:Obazoa,p:Opisthokonta-Choanoflagellata,c:Choanoflagellatea,o:Choanoflagellatea_X,f:Choanoflagellatea_XX,g:Salpingoeca,s:Salpingoeca_aroma,MW843498.1.1698_U;tax,k:Eukaryota,OTU1284.p:Opisthokonta-Choanoflagellata.g:Salpingoeca
834,OTU1286,409,1,409,860,6,412,100,704,0,97.8,d:TSAR,p:Rhizaria-Cercozoa,c:Filosa-Granofilosea,o:Cryptofilida,f:Mesofilidae,g:Mesofilidae_X,s:Mesofilidae_X_sp,JN207880.1.860_U;tax,k:Eukaryota,OTU1286.p:Rhizaria-Cercozoa.g:Mesofilidae_X
835,OTU1287,416,104,415,756,19,329,75,531,1.58e-149,97.436,d:TSAR,p:Stramenopiles-Bigyra,c:Sagenista,o:Labyrinthulomycetes,f:Amphifilaceae,g:Amphifilaceae_X,s:Amphifilaceae_X_sp,LN587488.1.756_U;tax,k:Eukaryota,OTU1287.p:Stramenopiles-Bigyra.g:Amphifilaceae_X
836,OTU1288,390,1,390,1655,526,919,100,575,6.7e-163,93.165,d:TSAR,p:Stramenopiles-Bigyra,c:Bicoecea,o:Pseudodendromonadales,f:Pseudodendromonadales_X,g:Pseudodendromonadales_XX,s:Pseudodendromonadales_XX_sp,AB721079.1.1655_U;tax,k:Eukaryota,OTU1288.p:Stramenopiles-Bigyra.g:Pseudodendromonadales_XX
837,OTU1289,418,141,418,1135,137,409,80,248,1.79e-64,83.274,d:Amoebozoa,p:Evosea-Evosea_X,c:Variosea,o:Flamellidae,f:Flamella-lineage,g:Flamella-lineage_X,s:Flamella-lineage_X_sp,FJ355431.1.1135_U;tax,k:Eukaryota,OTU1289.p:Evosea-Evosea_X.g:Flamella-lineage_X
838,OTU1290,418,1,418,1613,573,991,100,645,0,94.55,d:Haptista,p:Centroplasthelida-Centroplasthelida_X,c:Pterocystida,o:Pterista,f:Heterophryidae,g:Heterophrys,s:Heterophrys_sp,AY749611.1.1613_U;tax,k:Eukaryota,OTU1290.p:Centroplasthelida-Centroplasthelida_X.g:Heterophrys
839,OTU1293,409,1,409,1605,531,925,100,521,9.32e-147,90.268,d:Amoebozoa,p:Tubulinea-Tubulinea_X,c:Elardia,o:Euamoebida,f:Nolandellidae,g:Nolandellidae_X,s:Nolandellidae_X_sp,AF372795.1.1605_U;tax,k:Eukaryota,OTU1293.p:Tubulinea-Tubulinea_X.g:Nolandellidae_X
840,OTU1294,408,1,408,1847,560,966,100,492,7.29e-138,88.564,d:Amoebozoa,p:Evosea-Evosea_X,c:Variosea,o:Variosea_X,f:Variosea_XX,g:Angulamoeba,s:Angulamoeba_fungorum,KP864084.1.1847_U;tax,k:Eukaryota,OTU1294.p:Evosea-Evosea_X.g:Angulamoeba
841,OTU1295,326,1,325,1649,538,862,99,573,1.99e-162,98.462,d:TSAR,p:Alveolata-Ciliophora,c:Litostomatea,o:Rhynchostomatia,f:Dileptidae,g:Dileptidae_X,s:Dileptidae_X_sp,DQ487195.1.1649_U;tax,k:Eukaryota,OTU1295.p:Alveolata-Ciliophora.g:Dileptidae_X
842,OTU1296,405,278,405,1818,821,948,32,137,3.9e-31,86.047,d:Amoebozoa,p:Evosea-Evosea_X,c:Variosea,o:Cavosteliida,f:Cavosteliida_X,g:Tychosporium,s:Tychosporium_acutostipes,FJ792704.1.1818_U;tax,k:Eukaryota,OTU1296.p:Evosea-Evosea_X.g:Tychosporium
843,OTU1298,401,275,401,1385,799,923,32,167,4.92e-40,90.551,d:TSAR,p:Stramenopiles-Bigyra,c:Sagenista,o:Labyrinthulomycetes,f:Thraustochytriaceae,g:Aurantiochytrium,s:Aurantiochytrium_sp,KR732631.1.1385_U;tax,k:Eukaryota,OTU1298.p:Stramenopiles-Bigyra.g:Aurantiochytrium
844,OTU1299,409,1,409,1877,592,1000,100,346,6.02e-94,82.339,d:Amoebozoa,p:Evosea-Evosea_X,c:Variosea,o:Variosea_X,f:Variosea_XX,g:Variosea_XXX,s:Variosea_XXX_sp,EF024417.1.1877_U;tax,k:Eukaryota,OTU1299.p:Evosea-Evosea_X.g:Variosea_XXX
845,OTU1301,406,1,406,1098,24,429,100,701,0,97.783,d:TSAR,p:Rhizaria-Cercozoa,c:Filosa-Granofilosea,o:Desmothoracida,f:Clathrulinidae,g:Clathrulinidae_X,s:Clathrulinidae_X_sp,FJ592487.1.1098_U;tax,k:Eukaryota,OTU1301.p:Rhizaria-Cercozoa.g:Clathrulinidae_X
846,OTU1302,410,1,410,1281,204,611,100,606,2.51e-172,93.447,d:TSAR,p:Rhizaria-Cercozoa,c:Filosa-Sarcomonadea,o:Glissomonadida,f:Glissomonadida_X,g:Glissomonadida_XX,s:Glissomonadida_XX_sp,JN635482.1.1281_U;tax,k:Eukaryota,OTU1302.p:Rhizaria-Cercozoa.g:Glissomonadida_XX
847,OTU1303,325,1,324,1546,485,808,99,588,7.07e-167,99.383,d:TSAR,p:Alveolata-Ciliophora,c:Litostomatea,o:Litostomatea_X,f:Litostomatea_XX,g:Litostomatea_XXX,s:Litostomatea_XXX_sp,KT246081.1.1546_U;tax,k:Eukaryota,OTU1303.p:Alveolata-Ciliophora.g:Litostomatea_XXX
848,OTU1304,398,1,398,729,175,572,100,730,0,99.749,d:TSAR,p:Stramenopiles-Gyrista,c:Bacillariophyceae,o:Bacillariales,f:Bacillariaceae,g:Nitzschia,s:Nitzschia_palea,OL780405.1.729_U;tax,k:Eukaryota,OTU1304.p:Stramenopiles-Gyrista.g:Nitzschia
849,OTU1306,435,308,435,1818,813,940,40,99,1.98e-19,80.769,d:Amoebozoa,p:Evosea-Evosea_X,c:Variosea,o:Cavosteliida,f:Cavosteliida_X,g:Tychosporium,s:Tychosporium_acutostipes,FJ792703.1.1818_U;tax,k:Eukaryota,OTU1306.p:Evosea-Evosea_X.g:Tychosporium
850,OTU1307,406,1,406,1818,596,996,100,279,6.14e-74,79.661,d:Haptista,p:Haptophyta-Haptophyta_X,c:Haptophyta_XX,o:Haptophyta_XXX,f:Haptophyta_XXXX,g:Haptophyta_XXXXX,s:Haptophyta_XXXXX_sp,KJ757232.1.1818_U;tax,k:Eukaryota,OTU1307.p:Haptophyta-Haptophyta_X.g:Haptophyta_XXXXX
851,OTU1308,393,1,393,1876,643,1038,100,424,2.59e-117,86.352,d:Amoebozoa,p:Tubulinea-Tubulinea_X,c:Elardia,o:Leptomyxida,f:Flabellulidae,g:Flabellula,s:Flabellula_sp,EU852652.1.1876_U;tax,k:Eukaryota,OTU1308.p:Tubulinea-Tubulinea_X.g:Flabellula
852,OTU1309,399,1,399,1808,511,909,100,732,0,99.749,d:Amoebozoa,p:Evosea-Eumycetozoa,c:Eumycetozoa_X,o:Dictyosteliida,f:Dictyosteliida-Group-IV,g:Dictyostelium-Group-IV,s:Dictyostelium-Group-IV_purpureum,FJ424826.1.1808_U;tax,k:Eukaryota,OTU1309.p:Evosea-Eumycetozoa.g:Dictyostelium-Group-IV
853,OTU1310,391,1,391,1257,206,596,100,678,0,97.954,d:TSAR,p:Alveolata-Ciliophora,c:Colpodea,o:Colpodea_X,f:Colpodida,g:Colpodida_X,s:Colpodida_X_sp,JN635481.1.1257_U;tax,k:Eukaryota,OTU1310.p:Alveolata-Ciliophora.g:Colpodida_X
854,OTU1311,404,1,404,1862,578,984,100,289,1.02e-76,80.096,d:Amoebozoa,p:Evosea-Evosea_X,c:Variosea,o:Variosea_X,f:Variosea_XX,g:Variosea_XXX,s:Variosea_XXX_sp,EF023424.1.1862_U;tax,k:Eukaryota,OTU1311.p:Evosea-Evosea_X.g:Variosea_XXX
855,OTU1312,411,170,411,1883,746,989,72,305,1.03e-81,89.388,d:Amoebozoa,p:Evosea-Evosea_X,c:Variosea,o:Fractovitellida,f:Schizoplasmodiidae,g:Ceratiomyxella,s:Ceratiomyxella_tahitiensis,FJ544419.1.1883_U;tax,k:Eukaryota,OTU1312.p:Evosea-Evosea_X.g:Ceratiomyxella
856,OTU1313,398,1,398,1798,583,979,100,689,0,97.99,d:Obazoa,p:Opisthokonta-Choanoflagellata,c:Choanoflagellatea,o:Craspedida,f:Monosigidae_Group_O,g:Monosigidae_Group_O_X,s:Monosigidae_Group_O_X_sp,GU290066.1.1798_U;tax,k:Eukaryota,OTU1313.p:Opisthokonta-Choanoflagellata.g:Monosigidae_Group_O_X
857,OTU1314,436,1,436,1881,610,1045,100,750,0,97.706,d:TSAR,p:Rhizaria-Cercozoa,c:Filosa-Imbricatea,o:Euglyphida,f:Euglyphidae,g:Tracheleuglypha,s:Tracheleuglypha_dentata,AJ418790.1.1881_U;tax,k:Eukaryota,OTU1314.p:Rhizaria-Cercozoa.g:Tracheleuglypha
858,OTU1315,405,1,405,1800,583,987,100,571,9.03e-162,92.099,d:TSAR,p:Rhizaria-Cercozoa,c:Endomyxa,o:Vampyrellida,f:Vampyrellidae,g:Vampyrella,s:Vampyrella_sp,EF024716.1.1800_U;tax,k:Eukaryota,OTU1315.p:Rhizaria-Cercozoa.g:Vampyrella
859,OTU1316,406,1,406,1883,578,989,100,385,1.27e-105,83.933,d:Amoebozoa,p:Evosea-Evosea_X,c:Variosea,o:Fractovitellida,f:Schizoplasmodiidae,g:Ceratiomyxella,s:Ceratiomyxella_tahitiensis,FJ544419.1.1883_U;tax,k:Eukaryota,OTU1316.p:Evosea-Evosea_X.g:Ceratiomyxella
860,OTU1319,412,167,412,1169,664,910,60,183,5.03e-45,80.478,d:Amoebozoa,p:Discosea-Discosea_X,c:Flabellinia,o:Dermamoebida,f:Dermamoebidae,g:Dermamoebidae_X,s:Dermamoebidae_X_sp,AY835690.1.1169_U;tax,k:Eukaryota,OTU1319.p:Discosea-Discosea_X.g:Dermamoebidae_X
861,OTU1320,326,1,325,1546,486,808,99,571,7.14e-162,98.462,d:TSAR,p:Alveolata-Ciliophora,c:Litostomatea,o:Rhynchostomatia,f:Dileptidae,g:Rurikoplites,s:Rurikoplites_armatus,KP868771.1.1546_U;tax,k:Eukaryota,OTU1320.p:Alveolata-Ciliophora.g:Rurikoplites
862,OTU1321,415,1,415,1547,573,981,100,595,5.5e-169,92.771,d:Amoebozoa,p:Evosea-Evosea_X,c:Variosea,o:Variosea_X,f:Phalansteriidae,g:Phalansterium,s:Phalansterium_arcticum,KX844828.1.1547_U;tax,k:Eukaryota,OTU1321.p:Evosea-Evosea_X.g:Phalansterium
863,OTU1322,401,1,401,1883,578,989,100,252,1.32e-65,78.365,d:Amoebozoa,p:Evosea-Evosea_X,c:Variosea,o:Fractovitellida,f:Schizoplasmodiidae,g:Ceratiomyxella,s:Ceratiomyxella_tahitiensis,FJ544419.1.1883_U;tax,k:Eukaryota,OTU1322.p:Evosea-Evosea_X.g:Ceratiomyxella
864,OTU1323,405,1,405,1827,557,963,100,446,5.71e-124,86.585,d:Amoebozoa,p:Tubulinea-Tubulinea_X,c:Elardia,o:Euamoebida,f:Hartmannellidae,g:Copromyxa,s:Copromyxa_protea,GU938869.1.1827_U;tax,k:Eukaryota,OTU1323.p:Tubulinea-Tubulinea_X.g:Copromyxa
865,OTU1325,423,1,423,1865,620,1031,100,671,0,95.745,d:Amoebozoa,p:Tubulinea-Tubulinea_X,c:Elardia,o:Euamoebida,f:LOS7N/I-lineage,g:LOS7N/I-lineage_X,s:LOS7N/I-lineage_X_sp,AY145442.1.1865_U;tax,k:Eukaryota,OTU1325.p:Tubulinea-Tubulinea_X.g:LOS7N/I-lineage_X
866,OTU1326,402,1,402,1752,566,965,100,492,7.17e-138,88.889,d:TSAR,p:Rhizaria-Cercozoa,c:Filosa-Sarcomonadea,o:Cercomonadida,f:Paracercomonadidae,g:Paracercomonas,s:Paracercomonas_sp,EF032801.1.1752_U;tax,k:Eukaryota,OTU1326.p:Rhizaria-Cercozoa.g:Paracercomonas
867,OTU1328,326,1,325,1554,490,814,99,556,2e-157,97.538,d:TSAR,p:Alveolata-Ciliophora,c:Litostomatea,o:Rhynchostomatia,f:Dileptidae,g:Rurikoplites,s:Rurikoplites_alpinus,KP868770.1.1554_U;tax,k:Eukaryota,OTU1328.p:Alveolata-Ciliophora.g:Rurikoplites
868,OTU1330,406,1,406,1878,572,975,100,267,4.78e-70,78.78,d:Amoebozoa,p:Evosea-Evosea_X,c:Variosea,o:Fractovitellida,f:Soliformoviidae,g:Soliformovum,s:Soliformovum_expulsum,FJ766479.1.1878_U;tax,k:Eukaryota,OTU1330.p:Evosea-Evosea_X.g:Soliformovum
869,OTU1332,403,1,403,1769,577,980,100,534,1.18e-150,90.617,d:TSAR,p:Rhizaria-Cercozoa,c:Endomyxa,o:Vampyrellida,f:Thalassomyxa-lineage,g:Thalassomyxa-lineage_X,s:Thalassomyxa-lineage_X_sp,EU910611.1.1769_U;tax,k:Eukaryota,OTU1332.p:Rhizaria-Cercozoa.g:Thalassomyxa-lineage_X
870,OTU1333,391,1,391,1708,559,949,100,667,0,97.449,d:TSAR,p:Alveolata-Ciliophora,c:Colpodea,o:Colpodea_X,f:Colpodida,g:Colpoda,s:Colpoda_cucullus,EU039893.1.1708_U;tax,k:Eukaryota,OTU1333.p:Alveolata-Ciliophora.g:Colpoda
871,OTU1334,431,1,431,1849,592,1020,100,507,2.75e-142,88.018,d:Amoebozoa,p:Tubulinea-Tubulinea_X,c:Echinamoebida,o:Echinamoebida_X,f:Echinamoebidae,g:Echinamoeba,s:Echinamoeba_thermarum,AJ489261.1.1849_U;tax,k:Eukaryota,OTU1334.p:Tubulinea-Tubulinea_X.g:Echinamoeba
872,OTU1335,398,1,398,1802,552,949,100,320,3.54e-86,81.39,d:Amoebozoa,p:Evosea-Evosea_X,c:Variosea,o:Variosea_X,f:Filamoebidae,g:Filamoeba,s:Filamoeba_sp,AB425944.1.1802_U;tax,k:Eukaryota,OTU1335.p:Evosea-Evosea_X.g:Filamoeba
873,OTU1338,406,1,406,1840,593,999,100,263,6.19e-69,78.795,d:Amoebozoa,p:Tubulinea-Tubulinea_X,c:Elardia,o:Euamoebida,f:Vermamoebidae,g:Hartmannella,s:Hartmannella_abertawensis,DQ190241.1.1840_U;tax,k:Eukaryota,OTU1338.p:Tubulinea-Tubulinea_X.g:Hartmannella
874,OTU1339,408,1,408,1800,584,990,100,669,0,96.324,d:TSAR,p:Rhizaria-Cercozoa,c:Filosa-Thecofilosea,o:Cryomonadida,f:Rhogostoma-lineage,g:Rhogostoma-lineage_X,s:Rhogostoma-lineage_X_sp,EF023854.1.1800_U;tax,k:Eukaryota,OTU1339.p:Rhizaria-Cercozoa.g:Rhogostoma-lineage_X
875,OTU1341,390,1,390,1840,561,950,100,532,4.09e-150,91.414,d:TSAR,p:Stramenopiles-Bigyra,c:Bicoecea,o:Pseudodendromonadales,f:Pseudodendromonadales_X,g:Siluania,s:Siluania_monomastiga,AF072883.1.1840_U;tax,k:Eukaryota,OTU1341.p:Stramenopiles-Bigyra.g:Siluania
876,OTU1342,412,1,412,1860,570,980,100,427,2.11e-118,85.577,d:Amoebozoa,p:Evosea-Evosea_X,c:Variosea,o:Variosea_X,f:Variosea_XX,g:Variosea_XXX,s:Variosea_XXX_sp,AB695458.1.1860_U;tax,k:Eukaryota,OTU1342.p:Evosea-Evosea_X.g:Variosea_XXX
877,OTU1344,403,160,403,1233,602,843,61,139,1.08e-31,77.049,d:TSAR,p:Rhizaria-Cercozoa,c:Filosa-Sarcomonadea,o:Glissomonadida,f:Glissomonadida_Clade-Y,g:Glissomonadida_Clade-Y_X,s:Glissomonadida_Clade-Y_X_sp,EU709254.1.1233_U;tax,k:Eukaryota,OTU1344.p:Rhizaria-Cercozoa.g:Glissomonadida_Clade-Y_X
878,OTU1347,374,1,374,2226,1038,1407,100,355,9.09e-97,84.252,d:Amoebozoa,p:Tubulinea-Tubulinea_X,c:Elardia,o:Euamoebida,f:LOS7N/I-lineage,g:Ptolemeba,s:Ptolemeba_noxubium,KJ542110.1.2226_U;tax,k:Eukaryota,OTU1347.p:Tubulinea-Tubulinea_X.g:Ptolemeba
879,OTU1351,399,1,399,1048,5,403,100,638,0,95.5,d:TSAR,p:Stramenopiles-Gyrista,c:Chrysophyceae,o:Ochromonadales,f:Ochromonadales_X,g:Ochromonadales_XX,s:Ochromonadales_XX_sp,FJ353894.1.1048_U;tax,k:Eukaryota,OTU1351.p:Stramenopiles-Gyrista.g:Ochromonadales_XX
880,OTU1353,406,1,406,1199,11,409,100,316,4.68e-85,81.401,d:Archaeplastida,p:Streptophyta-Streptophyta_X,c:Streptophyta_XX,o:Streptophyta_XXX,f:Streptophyta_XXXX,g:Streptophyta_XXXXX,s:Streptophyta_XXXXX_sp,GU824549.1.1199_U;tax,k:Eukaryota,OTU1353.p:Streptophyta-Streptophyta_X.g:Streptophyta_XXXXX
881,OTU1354,416,1,416,1860,570,980,100,641,0,94.737,d:Amoebozoa,p:Evosea-Evosea_X,c:Variosea,o:Variosea_X,f:Variosea_XX,g:Variosea_XXX,s:Variosea_XXX_sp,AB695458.1.1860_U;tax,k:Eukaryota,OTU1354.p:Evosea-Evosea_X.g:Variosea_XXX
882,OTU1355,379,1,379,1631,467,847,100,542,6.59e-153,92.428,d:TSAR,p:Stramenopiles-Bigyra,c:Bicoecea,o:Pseudodendromonadales,f:Pseudodendromonadales_X,g:Pseudodendromonadales_XX,s:Pseudodendromonadales_XX_sp,AB749099.1.1631_U;tax,k:Eukaryota,OTU1355.p:Stramenopiles-Bigyra.g:Pseudodendromonadales_XX
883,OTU1356,418,1,418,1860,570,980,100,571,9.33e-162,91.647,d:Amoebozoa,p:Evosea-Evosea_X,c:Variosea,o:Variosea_X,f:Variosea_XX,g:Variosea_XXX,s:Variosea_XXX_sp,AB695458.1.1860_U;tax,k:Eukaryota,OTU1356.p:Evosea-Evosea_X.g:Variosea_XXX
884,OTU1358,403,1,403,1893,588,992,100,580,1.49e-164,92.593,d:Amoebozoa,p:Evosea-Evosea_X,c:Variosea,o:Variosea_X,f:WIM1-lineage,g:WIM1-lineage_X,s:WIM1-lineage_X_sp,AM114811.1.1893_U;tax,k:Eukaryota,OTU1358.p:Evosea-Evosea_X.g:WIM1-lineage_X
885,OTU1359,400,158,400,1713,687,929,61,272,1.01e-71,87.045,d:Obazoa,p:Breviatea-Breviatea_X,c:NAMAKO-1-lineage,o:NAMAKO-1-lineage_X,f:NAMAKO-1-lineage_XX,g:NAMAKO-1-lineage_XXX,s:NAMAKO-1-lineage_XXX_sp,AB505486.1.1713_U;tax,k:Eukaryota,OTU1359.p:Breviatea-Breviatea_X.g:NAMAKO-1-lineage_XXX
886,OTU1360,399,1,399,810,204,602,100,621,8.7e-177,94.737,d:TSAR,p:Alveolata-Dinoflagellata,c:Dinophyceae,o:Dinophyceae_X,f:Dinophyceae_XX,g:Dinophyceae_XXX,s:Dinophyceae_XXX_sp,EU500203.1.810_U;tax,k:Eukaryota,OTU1360.p:Alveolata-Dinoflagellata.g:Dinophyceae_XXX
887,OTU1363,398,1,398,1802,552,949,100,542,6.95e-153,91.228,d:Amoebozoa,p:Evosea-Evosea_X,c:Variosea,o:Variosea_X,f:Filamoebidae,g:Filamoeba,s:Filamoeba_sp,AB425944.1.1802_U;tax,k:Eukaryota,OTU1363.p:Evosea-Evosea_X.g:Filamoeba
888,OTU1364,388,1,388,1620,578,964,100,632,3.9e-180,96.134,d:TSAR,p:Alveolata-Ciliophora,c:Colpodea,o:Colpodea_X,f:Platyophryida,g:Platyophryida_X,s:Platyophryida_X_sp,HM030918.1.1620_U;tax,k:Eukaryota,OTU1364.p:Alveolata-Ciliophora.g:Platyophryida_X
889,OTU1365,404,1,404,1735,513,915,100,545,5.46e-154,91.133,d:TSAR,p:Rhizaria-Cercozoa,c:Filosa-Sarcomonadea,o:Cercomonadida,f:Paracercomonadidae,g:Paracercomonas,s:Paracercomonas_oxoniensis,FJ790724.1.1735_U;tax,k:Eukaryota,OTU1365.p:Rhizaria-Cercozoa.g:Paracercomonas
890,OTU1366,395,2,66,1139,572,636,16,99,1.79e-19,93.846,d:Amoebozoa,p:Evosea-Evosea_X,c:Variosea,o:Variosea_X,f:Filamoebidae,g:Filamoeba,s:Filamoeba_sp,GU320604.1.1139_U;tax,k:Eukaryota,OTU1366.p:Evosea-Evosea_X.g:Filamoeba
891,OTU1367,392,1,392,1732,559,950,100,621,8.53e-177,95.202,d:TSAR,p:Alveolata-Ciliophora,c:Colpodea,o:Colpodea_X,f:Colpodida,g:Colpodida_X,s:Colpodida_X_sp,JQ723971.1.1732_U;tax,k:Eukaryota,OTU1367.p:Alveolata-Ciliophora.g:Colpodida_X
892,OTU1368,394,1,394,748,172,572,100,479,5.46e-134,88.614,d:TSAR,p:Stramenopiles-Bigyra,c:Sagenista,o:Labyrinthulomycetes,f:Labyrinthulaceae,g:Aplanochytrium,s:Aplanochytrium_sp,FJ389872.1.748_U;tax,k:Eukaryota,OTU1368.p:Stramenopiles-Bigyra.g:Aplanochytrium
893,OTU1371,397,1,397,4167,971,1367,100,728,0,99.748,d:Archaeplastida,p:Chlorophyta-Chlorophyta_X,c:Trebouxiophyceae,o:Trebouxiophyceae_X,f:Trebouxiophyceae_XX,g:Choricystis,s:Choricystis_krienitzii,MT423987.1.4167_U;tax,k:Eukaryota,OTU1371.p:Chlorophyta-Chlorophyta_X.g:Choricystis
894,OTU1374,402,1,402,735,173,574,100,599,4.11e-170,93.532,d:TSAR,p:Stramenopiles-Bigyra,c:Sagenista,o:Labyrinthulomycetes,f:Labyrinthulaceae,g:Labyrinthulaceae_X,s:Labyrinthulaceae_X_sp,FJ389881.1.735_U;tax,k:Eukaryota,OTU1374.p:Stramenopiles-Bigyra.g:Labyrinthulaceae_X
895,OTU1375,403,1,403,1519,436,839,100,634,1.13e-180,95.05,d:Amoebozoa,p:Tubulinea-Tubulinea_X,c:Elardia,o:Euamoebida,f:Nolandellidae,g:Nolandellidae_X,s:Nolandellidae_X_sp,AY821961.1.1519_U;tax,k:Eukaryota,OTU1375.p:Tubulinea-Tubulinea_X.g:Nolandellidae_X
896,OTU1376,412,108,411,756,26,329,74,484,1.23e-135,95.395,d:TSAR,p:Stramenopiles-Bigyra,c:Sagenista,o:Labyrinthulomycetes,f:Amphifilaceae,g:Amphifilaceae_X,s:Amphifilaceae_X_sp,LN587488.1.756_U;tax,k:Eukaryota,OTU1376.p:Stramenopiles-Bigyra.g:Amphifilaceae_X
897,OTU1377,419,1,419,1438,155,567,100,420,3.59e-116,85.315,d:Amoebozoa,p:Tubulinea-Tubulinea_X,c:Elardia,o:Euamoebida,f:Hartmannellidae,g:Copromyxa,s:Copromyxa_microcystidis,KP719188.1.1438_U;tax,k:Eukaryota,OTU1377.p:Tubulinea-Tubulinea_X.g:Copromyxa
898,OTU1379,389,1,389,1824,608,988,100,601,1.1e-170,94.859,d:Amoebozoa,p:Tubulinea-Tubulinea_X,c:Elardia,o:Euamoebida,f:Nolandellidae,g:Nolandellidae_X,s:Nolandellidae_X_sp,EF023499.1.1824_U;tax,k:Eukaryota,OTU1379.p:Tubulinea-Tubulinea_X.g:Nolandellidae_X
899,OTU1380,402,1,402,1831,558,957,100,309,7.75e-83,80.882,d:Amoebozoa,p:Evosea-Evosea_X,c:Variosea,o:Variosea_X,f:AND16-lineage,g:AND16-lineage_X,s:AND16-lineage_X_sp,AY965863.1.1831_U;tax,k:Eukaryota,OTU1380.p:Evosea-Evosea_X.g:AND16-lineage_X
900,OTU1381,373,1,373,1806,582,954,100,573,2.3e-162,94.37,d:Amoebozoa,p:Tubulinea-Tubulinea_X,c:Elardia,o:Euamoebida,f:Hartmannellidae,g:Saccamoeba,s:Saccamoeba_sp,JQ271720.1.1806_U;tax,k:Eukaryota,OTU1381.p:Tubulinea-Tubulinea_X.g:Saccamoeba
901,OTU1385,390,1,390,1635,514,904,100,638,0,96.164,d:TSAR,p:Alveolata-Ciliophora,c:Colpodea,o:Colpodea_X,f:Colpodida,g:Colpoda,s:Colpoda_sp,MT001196.1.1635_U;tax,k:Eukaryota,OTU1385.p:Alveolata-Ciliophora.g:Colpoda
902,OTU1386,415,1,414,676,160,573,99,760,0,99.758,d:TSAR,p:Stramenopiles-Bigyra,c:Sagenista,o:Labyrinthulomycetes,f:Amphifilaceae,g:Amphifilaceae_X,s:Amphifilaceae_X_sp,AB572139.1.676_U;tax,k:Eukaryota,OTU1386.p:Stramenopiles-Bigyra.g:Amphifilaceae_X
903,OTU1387,407,1,407,1132,567,971,100,640,0,95.086,d:TSAR,p:Rhizaria-Cercozoa,c:Filosa-Sarcomonadea,o:Cercomonadida,f:Cercomonadidae,g:Eocercomonas,s:Eocercomonas_sp,AY884316.1.1132_U;tax,k:Eukaryota,OTU1387.p:Rhizaria-Cercozoa.g:Eocercomonas
904,OTU1388,405,1,405,1786,554,963,100,542,7.08e-153,90.732,d:TSAR,p:Stramenopiles-Gyrista,c:Peronosporomycetes,o:Peronosporomycetes_X,f:Peronosporomycetes_XX,g:Albugo,s:Albugo_candida,KF853245.1.1786_U;tax,k:Eukaryota,OTU1388.p:Stramenopiles-Gyrista.g:Albugo
905,OTU1392,411,1,411,1847,560,966,100,496,5.68e-139,88.675,d:Amoebozoa,p:Evosea-Evosea_X,c:Variosea,o:Variosea_X,f:Variosea_XX,g:Angulamoeba,s:Angulamoeba_fungorum,KP864084.1.1847_U;tax,k:Eukaryota,OTU1392.p:Evosea-Evosea_X.g:Angulamoeba
906,OTU1393,395,1,395,1829,595,987,100,606,2.41e-172,94.444,d:Amoebozoa,p:Tubulinea-Tubulinea_X,c:Elardia,o:Leptomyxida,f:Flabellulidae,g:Flabellula,s:Flabellula_pomeranica,KT945249.1.1829_U;tax,k:Eukaryota,OTU1393.p:Tubulinea-Tubulinea_X.g:Flabellula
907,OTU1394,429,1,429,1802,574,1004,100,734,0,97.448,d:TSAR,p:Stramenopiles-Gyrista,c:Xanthophyceae,o:Xanthophyceae_X,f:Xanthophyceae_XX,g:Bumilleriopsis,s:Bumilleriopsis_sp,AM491616.1.1802_U;tax,k:Eukaryota,OTU1394.p:Stramenopiles-Gyrista.g:Bumilleriopsis
908,OTU1395,411,172,411,1700,648,889,58,180,6.49e-44,80.247,d:TSAR,p:Stramenopiles-Gyrista,c:Bacillariophyceae,o:Bacillariophyceae_X,f:Bacillariophyceae_XX,g:Bacillariophyceae_XXX,s:Bacillariophyceae_XXX_sp,AY916576.1.1700_U;tax,k:Eukaryota,OTU1395.p:Stramenopiles-Gyrista.g:Bacillariophyceae_XXX
909,OTU1397,406,1,406,989,475,889,100,320,3.62e-86,81.146,d:Amoebozoa,p:Evosea-Evosea_X,c:Variosea,o:Variosea_X,f:Variosea_XX,g:Variosea_XXX,s:Variosea_XXX_sp,EU545726.1.989_U;tax,k:Eukaryota,OTU1397.p:Evosea-Evosea_X.g:Variosea_XXX
910,OTU1398,416,1,416,1678,591,997,100,532,4.38e-150,90.191,d:Amoebozoa,p:Tubulinea-Tubulinea_X,c:Elardia,o:Leptomyxida,f:Rhizamoeba-saxonica-lineage,g:Rhizamoeba,s:Rhizamoeba_australiensis,KT945252.1.1678_U;tax,k:Eukaryota,OTU1398.p:Tubulinea-Tubulinea_X.g:Rhizamoeba
911,OTU1399,409,1,409,954,518,926,100,534,1.2e-150,90.315,d:TSAR,p:Rhizaria-Cercozoa,c:Filosa-Sarcomonadea,o:Glissomonadida,f:Allapsidae,g:Group-Te,s:Group_Te_sp,EU709251.1.955_U;tax,k:Eukaryota,OTU1399.p:Rhizaria-Cercozoa.g:Group-Te
912,OTU1400,390,1,390,1698,549,938,100,699,0,98.974,d:TSAR,p:Alveolata-Ciliophora,c:Colpodea,o:Colpodea_X,f:Colpodida,g:Hausmanniella,s:Hausmanniella_discoidea,EU039900.1.1698_U;tax,k:Eukaryota,OTU1400.p:Alveolata-Ciliophora.g:Hausmanniella
913,OTU1401,411,1,411,1776,577,986,100,619,3.23e-176,93.917,d:TSAR,p:Rhizaria-Cercozoa,c:Filosa-Imbricatea,o:Thaumatomonadida,f:Thaumatomonadidae,g:Thaumatomonas,s:Thaumatomonas_coloniensis,DQ211591.1.1776_U;tax,k:Eukaryota,OTU1401.p:Rhizaria-Cercozoa.g:Thaumatomonas
914,OTU1402,373,1,373,1806,582,954,100,590,2.28e-167,95.213,d:Amoebozoa,p:Tubulinea-Tubulinea_X,c:Elardia,o:Euamoebida,f:Hartmannellidae,g:Saccamoeba,s:Saccamoeba_sp,JQ271720.1.1806_U;tax,k:Eukaryota,OTU1402.p:Tubulinea-Tubulinea_X.g:Saccamoeba
915,OTU1406,411,1,411,1763,524,934,100,749,0,99.513,d:TSAR,p:Stramenopiles-Gyrista,c:Peronosporomycetes,o:Peronosporomycetes_X,f:Peronosporales,g:Pythium,s:Pythium_perplexum,AY598658.1.1763_U;tax,k:Eukaryota,OTU1406.p:Stramenopiles-Gyrista.g:Pythium
916,OTU1407,402,1,402,735,173,574,100,604,8.83e-172,93.797,d:TSAR,p:Stramenopiles-Bigyra,c:Sagenista,o:Labyrinthulomycetes,f:Labyrinthulaceae,g:Labyrinthulaceae_X,s:Labyrinthulaceae_X_sp,FJ389881.1.735_U;tax,k:Eukaryota,OTU1407.p:Stramenopiles-Bigyra.g:Labyrinthulaceae_X
917,OTU1408,405,1,405,1724,502,906,100,560,1.95e-158,91.626,d:TSAR,p:Rhizaria-Cercozoa,c:Filosa-Sarcomonadea,o:Cercomonadida,f:Cercomonadidae,g:Eocercomonas,s:Eocercomonas_echina,FJ790716.1.1724_U;tax,k:Eukaryota,OTU1408.p:Rhizaria-Cercozoa.g:Eocercomonas
918,OTU1410,387,1,387,1685,545,931,100,654,0,97.158,d:TSAR,p:Alveolata-Ciliophora,c:Colpodea,o:Colpodea_X,f:Platyophryida,g:Platyophrya,s:Platyophrya_bromelicola,EU039905.1.1685_U;tax,k:Eukaryota,OTU1410.p:Alveolata-Ciliophora.g:Platyophrya
919,OTU1411,386,1,386,1824,608,988,100,641,0,96.891,d:Amoebozoa,p:Tubulinea-Tubulinea_X,c:Elardia,o:Euamoebida,f:Nolandellidae,g:Nolandellidae_X,s:Nolandellidae_X_sp,EF023499.1.1824_U;tax,k:Eukaryota,OTU1411.p:Tubulinea-Tubulinea_X.g:Nolandellidae_X
920,OTU1412,396,1,396,1684,528,923,100,721,0,99.495,d:Archaeplastida,p:Chlorophyta-Chlorophyta_X,c:Chlorophyceae,o:Chlamydomonadales,f:Chlamydomonadales_X,g:Carteria,s:Carteria_sp,MW678798.1.1684_U;tax,k:Eukaryota,OTU1412.p:Chlorophyta-Chlorophyta_X.g:Carteria
921,OTU1413,406,1,406,1804,593,1004,100,473,2.63e-132,87.621,d:TSAR,p:Rhizaria-Cercozoa,c:Filosa-Sarcomonadea,o:Glissomonadida,f:Allapsidae,g:Allantion,s:Allantion_sp,AAYJ01000086.1.1804_U;tax,k:Eukaryota,OTU1413.p:Rhizaria-Cercozoa.g:Allantion
922,OTU1414,406,1,406,1804,593,1004,100,507,2.59e-142,89.13,d:TSAR,p:Rhizaria-Cercozoa,c:Filosa-Sarcomonadea,o:Glissomonadida,f:Allapsidae,g:Allantion,s:Allantion_sp,AAYJ01000086.1.1804_U;tax,k:Eukaryota,OTU1414.p:Rhizaria-Cercozoa.g:Allantion
923,OTU1417,407,1,407,859,6,412,100,719,0,98.526,d:TSAR,p:Rhizaria-Cercozoa,c:Filosa-Sarcomonadea,o:Glissomonadida,f:Sandonidae,g:Sandonidae_X,s:Sandonidae_X_sp,JN207854.1.859_U;tax,k:Eukaryota,OTU1417.p:Rhizaria-Cercozoa.g:Sandonidae_X
924,OTU1418,416,1,416,1741,551,966,100,558,7.23e-158,90.909,d:TSAR,p:Stramenopiles-Bigyra,c:Sagenista,o:Labyrinthulomycetes,f:Amphifilaceae,g:Fibrophrys,s:Fibrophrys_sp,AY919687.1.1741_U;tax,k:Eukaryota,OTU1418.p:Stramenopiles-Bigyra.g:Fibrophrys
925,OTU1419,391,1,391,1587,473,863,100,579,5.19e-164,93.367,d:TSAR,p:Stramenopiles-Bigyra,c:Bicoecea,o:Pseudodendromonadales,f:Pseudodendromonadales_X,g:Pseudodendromonadales_XX,s:Pseudodendromonadales_XX_sp,AY821964.1.1587_U;tax,k:Eukaryota,OTU1419.p:Stramenopiles-Bigyra.g:Pseudodendromonadales_XX
926,OTU1420,395,1,395,1768,563,957,100,669,0,97.215,d:Archaeplastida,p:Chlorophyta-Chlorophyta_X,c:Chlorophyceae,o:Chlamydomonadales,f:Chlamydomonadales_X,g:Tetracystis,s:Tetracystis_sarcinalis,MH703750.1.1768_U;tax,k:Eukaryota,OTU1420.p:Chlorophyta-Chlorophyta_X.g:Tetracystis
927,OTU1421,399,1,399,1776,568,966,100,732,0,99.749,d:Obazoa,p:Apusomonada-Apusomonada_X,c:Apusomonadidae,o:Apusomonadidae_Group-1,f:Apusomonadidae_Group-1_X,g:Apusomonas,s:Apusomonas_proboscidea,DQ207567.1.1776_U;tax,k:Eukaryota,OTU1421.p:Apusomonada-Apusomonada_X.g:Apusomonas
928,OTU1425,395,152,395,1899,797,1040,75,318,1.26e-85,90.164,d:Amoebozoa,p:Tubulinea-Tubulinea_X,c:Elardia,o:Leptomyxida,f:Rhizamoeba-saxonica-lineage,g:Rhizamoeba,s:Rhizamoeba_saxonica,EU719197.1.1899_U;tax,k:Eukaryota,OTU1425.p:Tubulinea-Tubulinea_X.g:Rhizamoeba
929,OTU1426,399,1,399,1584,559,957,100,649,0,95.99,d:TSAR,p:Stramenopiles-Gyrista,c:Bacillariophyceae,o:Bacillariales,f:Bacillariaceae,g:Hantzschia,s:Hantzschia_amphioxys,KM116106.1.1584_U;tax,k:Eukaryota,OTU1426.p:Stramenopiles-Gyrista.g:Hantzschia
930,OTU1427,386,1,386,1824,608,988,100,608,6.53e-173,95.337,d:Amoebozoa,p:Tubulinea-Tubulinea_X,c:Elardia,o:Euamoebida,f:Nolandellidae,g:Nolandellidae_X,s:Nolandellidae_X_sp,EF023499.1.1824_U;tax,k:Eukaryota,OTU1427.p:Tubulinea-Tubulinea_X.g:Nolandellidae_X
931,OTU1428,446,166,446,1455,683,958,75,204,4.19e-51,80.351,d:Amoebozoa,p:Evosea-Evosea_X,c:Variosea,o:Flamellidae,f:Flamella-lineage,g:Flamella,s:Flamella_pleistocenica,KP219431.1.1455_U;tax,k:Eukaryota,OTU1428.p:Evosea-Evosea_X.g:Flamella
932,OTU1430,327,1,326,1595,515,840,99,603,2.54e-171,100,d:TSAR,p:Alveolata-Ciliophora,c:Litostomatea,o:Litostomatea_X,f:Litostomatea_XX,g:Spathidium,s:Spathidium_foissneri,KF733756.1.1595_U;tax,k:Eukaryota,OTU1430.p:Alveolata-Ciliophora.g:Spathidium
933,OTU1433,404,1,404,2888,1656,2064,100,462,5.65e-129,87.409,d:Amoebozoa,p:Tubulinea-Tubulinea_X,c:Elardia,o:Arcellinida,f:Phryganellina,g:Phryganella,s:Phryganella_paradoxa,MF497374.1.2888_U;tax,k:Eukaryota,OTU1433.p:Tubulinea-Tubulinea_X.g:Phryganella
934,OTU1434,434,155,434,1883,705,989,76,206,1.13e-51,80.277,d:Amoebozoa,p:Evosea-Evosea_X,c:Variosea,o:Fractovitellida,f:Schizoplasmodiidae,g:Ceratiomyxella,s:Ceratiomyxella_tahitiensis,FJ544419.1.1883_U;tax,k:Eukaryota,OTU1434.p:Evosea-Evosea_X.g:Ceratiomyxella
935,OTU1435,410,2,55,1323,142,195,13,89.8,1.12e-16,96.296,d:TSAR,p:Alveolata-Perkinsea,c:Perkinsida,o:Perkinsida_X,f:Perkinsida_XX,g:Perkinsida_XXX,s:Perkinsida_XXX_sp,MW139944.1.1323_U;tax,k:Eukaryota,OTU1435.p:Alveolata-Perkinsea.g:Perkinsida_XXX
936,OTU1438,406,1,406,1809,577,989,100,601,1.15e-170,93.22,d:TSAR,p:Rhizaria-Cercozoa,c:Endomyxa,o:Vampyrellida,f:Vampyrellida_X,g:Vampyrellida_clade_B,s:Vampyrellida_sp,KC779517.1.1809_U;tax,k:Eukaryota,OTU1438.p:Rhizaria-Cercozoa.g:Vampyrellida_clade_B
937,OTU1439,404,1,404,1774,569,972,100,708,0,98.267,d:TSAR,p:Rhizaria-Cercozoa,c:Filosa-Sarcomonadea,o:Cercomonadida,f:Paracercomonadidae,g:Metabolomonas,s:Metabolomonas_insania,HM536167.1.1774_U;tax,k:Eukaryota,OTU1439.p:Rhizaria-Cercozoa.g:Metabolomonas
938,OTU1440,410,1,410,1860,570,980,100,470,3.43e-131,87.47,d:Amoebozoa,p:Evosea-Evosea_X,c:Variosea,o:Variosea_X,f:Variosea_XX,g:Variosea_XXX,s:Variosea_XXX_sp,AB695458.1.1860_U;tax,k:Eukaryota,OTU1440.p:Evosea-Evosea_X.g:Variosea_XXX
939,OTU1441,437,1,437,1038,478,916,100,610,2.07e-173,91.837,d:Amoebozoa,p:Evosea-Evosea_X,c:Variosea,o:Variosea_X,f:Variosea_XX,g:Variosea_XXX,s:Variosea_XXX_sp,JN825689.1.1038_U;tax,k:Eukaryota,OTU1441.p:Evosea-Evosea_X.g:Variosea_XXX
940,OTU1442,394,1,394,940,61,458,100,161,2.25e-38,74.755,d:Cryptista,p:Cryptophyta-Cryptophyta_X,c:Cryptophyceae,o:Cryptomonadales,f:Cryptomonadales_X,g:Cryptomonadales_XX,s:Cryptomonadales_XX_sp,HQ868766.1.940_U;tax,k:Eukaryota,OTU1442.p:Cryptophyta-Cryptophyta_X.g:Cryptomonadales_XX
941,OTU1443,406,145,406,1725,655,910,65,185,1.38e-45,79.924,d:TSAR,p:Stramenopiles-Stramenopiles_X,c:Stramenopiles_X-Group-7,o:Stramenopiles_X-Group-7_X,f:Stramenopiles_X-Group-7_XX,g:Stramenopiles_X-Group-7_XXX,s:Stramenopiles_X-Group-7_XXX_sp,KC894151.1.1725_U;tax,k:Eukaryota,OTU1443.p:Stramenopiles-Stramenopiles_X.g:Stramenopiles_X-Group-7_XXX
942,OTU1445,350,1,344,650,573,230,98,597,1.27e-169,97.965,d:TSAR,p:Alveolata-Ciliophora,c:Phyllopharyngea,o:Cyrtophoria_4,f:Chilodonellidae,g:Chilodonellidae_X,s:Chilodonellidae_X_sp,DQ115944.1.650_U;tax,k:Eukaryota,OTU1445.p:Alveolata-Ciliophora.g:Chilodonellidae_X
943,OTU1447,412,1,412,1678,591,997,100,551,1.2e-155,91.106,d:Amoebozoa,p:Tubulinea-Tubulinea_X,c:Elardia,o:Leptomyxida,f:Rhizamoeba-saxonica-lineage,g:Rhizamoeba,s:Rhizamoeba_australiensis,KT945252.1.1678_U;tax,k:Eukaryota,OTU1447.p:Tubulinea-Tubulinea_X.g:Rhizamoeba
944,OTU1448,410,166,410,1710,691,932,60,117,5.15e-25,76.096,d:Cryptista,p:Kathablepharidacea-Kathablepharida,c:Kathablepharidea,o:Kathablepharidida,f:Kathablepharidida_X,g:Hatena,s:Hatena_arenicola,AB772598.1.1710_U;tax,k:Eukaryota,OTU1448.p:Kathablepharidacea-Kathablepharida.g:Hatena
945,OTU1449,402,1,402,1799,583,979,100,327,2.14e-88,81.863,d:Eukaryota_X,p:Ancyromonadida-Ancyromonadida_X,c:Ancyromonadida_XX,o:Ancyromonadida_XXX,f:Ancyromonadida_Group-1,g:Ancyromonadida_Group-1_X,s:Planomonas_brevis,JQ340334.1.1799_U;tax,k:Eukaryota,OTU1449.p:Ancyromonadida-Ancyromonadida_X.g:Ancyromonadida_Group-1_X
946,OTU1450,418,1,417,676,160,573,99,523,2.65e-147,89.573,d:TSAR,p:Stramenopiles-Bigyra,c:Sagenista,o:Labyrinthulomycetes,f:Amphifilaceae,g:Amphifilaceae_X,s:Amphifilaceae_X_sp,AB572139.1.676_U;tax,k:Eukaryota,OTU1450.p:Stramenopiles-Bigyra.g:Amphifilaceae_X
947,OTU1452,408,1,408,1466,473,879,100,652,0,95.599,d:TSAR,p:Rhizaria-Cercozoa,c:Filosa-Sarcomonadea,o:Glissomonadida,f:Sandonidae,g:Sandona,s:Sandona_sp,EU709174.15.1480_U;tax,k:Eukaryota,OTU1452.p:Rhizaria-Cercozoa.g:Sandona
948,OTU1453,409,1,409,1122,24,432,100,734,0,99.022,d:TSAR,p:Rhizaria-Cercozoa,c:Filosa-Sarcomonadea,o:Glissomonadida,f:Glissomonadida_X,g:Glissomonadida_XX,s:Glissomonadida_XX_sp,FJ592260.1.1122_U;tax,k:Eukaryota,OTU1453.p:Rhizaria-Cercozoa.g:Glissomonadida_XX
949,OTU1454,406,2,406,1883,579,989,99,333,4.65e-90,81.731,d:Amoebozoa,p:Evosea-Evosea_X,c:Variosea,o:Fractovitellida,f:Schizoplasmodiidae,g:Ceratiomyxella,s:Ceratiomyxella_tahitiensis,FJ544419.1.1883_U;tax,k:Eukaryota,OTU1454.p:Evosea-Evosea_X.g:Ceratiomyxella
950,OTU1455,392,1,392,1189,640,1033,100,488,9.03e-137,89.303,d:Amoebozoa,p:Tubulinea-Tubulinea_X,c:Elardia,o:Leptomyxida,f:Flabellulidae,g:Flabellulidae_X,s:Flabellulidae_X_sp,FN598467.1.1189_U;tax,k:Eukaryota,OTU1455.p:Tubulinea-Tubulinea_X.g:Flabellulidae_X
951,OTU1456,410,1,410,1208,586,988,100,651,0,95.61,d:Amoebozoa,p:Tubulinea-Tubulinea_X,c:Elardia,o:Euamoebida,f:Vermamoebidae,g:Hartmannella,s:Hartmannella_vermiformis,KC306529.1.1208_U;tax,k:Eukaryota,OTU1456.p:Tubulinea-Tubulinea_X.g:Hartmannella
952,OTU1458,406,1,406,1801,576,981,100,667,0,96.305,d:TSAR,p:Rhizaria-Cercozoa,c:Endomyxa,o:Vampyrellida,f:Thalassomyxa-lineage,g:Thalassomyxa,s:Thalassomyxa_sp,KC779515.1.1801_U;tax,k:Eukaryota,OTU1458.p:Rhizaria-Cercozoa.g:Thalassomyxa
953,OTU1459,393,1,393,1728,557,949,100,632,3.95e-180,95.674,d:TSAR,p:Alveolata-Ciliophora,c:Spirotrichea,o:Hypotrichia,f:Pseudourostylidae,g:Pseudourostyla,s:Pseudourostyla_franzi,AM412765.1.1728_U;tax,k:Eukaryota,OTU1459.p:Alveolata-Ciliophora.g:Pseudourostyla
954,OTU1460,407,1,407,1749,547,958,100,612,5.35e-174,93.689,d:Amoebozoa,p:Tubulinea-Tubulinea_X,c:Elardia,o:Leptomyxida,f:Leptomyxidae,g:Leptomyxa,s:Leptomyxa_arborea,KT945254.1.1749_U;tax,k:Eukaryota,OTU1460.p:Tubulinea-Tubulinea_X.g:Leptomyxa
955,OTU1461,396,1,396,2431,563,958,100,632,3.98e-180,95.455,d:Archaeplastida,p:Chlorophyta-Chlorophyta_X,c:Chlorophyceae,o:Sphaeropleales,f:Sphaeropleales_X,g:Pediastrum,s:Pediastrum_duplex,MW075315.1.2431_U;tax,k:Eukaryota,OTU1461.p:Chlorophyta-Chlorophyta_X.g:Pediastrum
956,OTU1465,413,149,413,1038,653,916,78,195,2.33e-48,80.224,d:Amoebozoa,p:Evosea-Evosea_X,c:Variosea,o:Variosea_X,f:Variosea_XX,g:Variosea_XXX,s:Variosea_XXX_sp,JN825689.1.1038_U;tax,k:Eukaryota,OTU1465.p:Evosea-Evosea_X.g:Variosea_XXX
957,OTU1466,387,1,387,1605,531,925,100,573,2.39e-162,93.182,d:Amoebozoa,p:Tubulinea-Tubulinea_X,c:Elardia,o:Euamoebida,f:Nolandellidae,g:Nolandellidae_X,s:Nolandellidae_X_sp,AF372795.1.1605_U;tax,k:Eukaryota,OTU1466.p:Tubulinea-Tubulinea_X.g:Nolandellidae_X
958,OTU1467,377,1,377,2226,1038,1407,100,335,1.19e-90,83.246,d:Amoebozoa,p:Tubulinea-Tubulinea_X,c:Elardia,o:Euamoebida,f:LOS7N/I-lineage,g:Ptolemeba,s:Ptolemeba_noxubium,KJ542110.1.2226_U;tax,k:Eukaryota,OTU1467.p:Tubulinea-Tubulinea_X.g:Ptolemeba
959,OTU1468,395,1,395,1677,543,936,100,701,0,98.734,d:Archaeplastida,p:Chlorophyta-Chlorophyta_X,c:Chlorophyceae,o:Chlamydomonadales,f:Chlamydomonadales_X,g:Chlamydomonadales_XX,s:Chlamydomonadales_XX_sp,AB622295.1.1677_U;tax,k:Eukaryota,OTU1468.p:Chlorophyta-Chlorophyta_X.g:Chlamydomonadales_XX
960,OTU1469,416,124,416,1455,669,958,84,244,2.3e-63,82.215,d:Amoebozoa,p:Evosea-Evosea_X,c:Variosea,o:Flamellidae,f:Flamella-lineage,g:Flamella,s:Flamella_pleistocenica,KP219431.1.1455_U;tax,k:Eukaryota,OTU1469.p:Evosea-Evosea_X.g:Flamella
961,OTU1470,371,246,371,1760,851,976,34,139,9.87e-32,86.719,d:TSAR,p:Stramenopiles-Gyrista,c:Mediophyceae,o:Thalassiosirales,f:Skeletonemaceae,g:Skeletonema,s:Skeletonema_costatum,AY684944.1.1760_U;tax,k:Eukaryota,OTU1470.p:Stramenopiles-Gyrista.g:Skeletonema
962,OTU1471,406,164,406,841,482,719,60,239,1.04e-61,84.836,d:Obazoa,p:Opisthokonta-Pluriformea,c:Corallochytrea,o:Corallochytrida,f:Corallochytridae,g:Corallochytrium,s:Corallochytrium_sp,GU072406.1.841_U;tax,k:Eukaryota,OTU1471.p:Opisthokonta-Pluriformea.g:Corallochytrium
963,OTU1473,434,307,434,1818,813,940,41,104,4.25e-21,81.538,d:Amoebozoa,p:Evosea-Evosea_X,c:Variosea,o:Cavosteliida,f:Cavosteliida_X,g:Tychosporium,s:Tychosporium_acutostipes,FJ792703.1.1818_U;tax,k:Eukaryota,OTU1473.p:Evosea-Evosea_X.g:Tychosporium
964,OTU1475,449,422,449,1791,950,977,6,52.8,1.62e-05,100,d:TSAR,p:Alveolata-Dinoflagellata,c:Dinophyceae,o:Dinophyceae_X,f:Dinophyceae_XX,g:Dinophyceae_XXX,s:Dinophyceae_XXX_sp,KJ763451.1.1791_U;tax,k:Eukaryota,OTU1475.p:Alveolata-Dinoflagellata.g:Dinophyceae_XXX
965,OTU1477,397,1,397,1745,560,956,100,728,0,99.748,d:Archaeplastida,p:Chlorophyta-Chlorophyta_X,c:Chlorophyceae,o:Chlamydomonadales,f:Chlamydomonadales_X,g:Chlorococcum,s:Chlorococcum_aquaticum,AB983622.1.1745_U;tax,k:Eukaryota,OTU1477.p:Chlorophyta-Chlorophyta_X.g:Chlorococcum
966,OTU1479,416,1,416,1735,550,967,100,544,2.02e-153,90.261,d:TSAR,p:Stramenopiles-Bigyra,c:Sagenista,o:Labyrinthulomycetes,f:Amphifilaceae,g:Fibrophrys,s:Fibrophrys_sp,AY919701.1.1735_U;tax,k:Eukaryota,OTU1479.p:Stramenopiles-Bigyra.g:Fibrophrys
967,OTU1481,407,1,407,1487,496,902,100,686,0,97.052,d:TSAR,p:Rhizaria-Cercozoa,c:Filosa-Sarcomonadea,o:Glissomonadida,f:Sandonidae,g:Sandonidae_X,s:Sandonidae_X_sp,EU709184.6.1492_U;tax,k:Eukaryota,OTU1481.p:Rhizaria-Cercozoa.g:Sandonidae_X
968,OTU1483,408,1,408,1064,527,933,100,601,1.16e-170,93.154,d:TSAR,p:Rhizaria-Cercozoa,c:Filosa-Imbricatea,o:Euglyphida,f:Euglyphida_X,g:Euglyphida_XX,s:Euglyphida_XX_sp,KF219445.1.1064_U;tax,k:Eukaryota,OTU1483.p:Rhizaria-Cercozoa.g:Euglyphida_XX
969,OTU1484,414,1,414,1678,591,997,100,569,3.32e-161,91.807,d:Amoebozoa,p:Tubulinea-Tubulinea_X,c:Elardia,o:Leptomyxida,f:Rhizamoeba-saxonica-lineage,g:Rhizamoeba,s:Rhizamoeba_australiensis,KT945252.1.1678_U;tax,k:Eukaryota,OTU1484.p:Tubulinea-Tubulinea_X.g:Rhizamoeba
970,OTU1485,406,1,406,1758,556,958,100,542,7.1e-153,90.887,d:Haptista,p:Centroplasthelida-Centroplasthelida_X,c:Pterocystida,o:Pterista,f:Pterocystidae,g:Pterocystis,s:Pterocystis_sp,AY268043.1.1758_U;tax,k:Eukaryota,OTU1485.p:Centroplasthelida-Centroplasthelida_X.g:Pterocystis
971,OTU1486,390,1,390,1762,572,961,100,599,3.98e-170,94.373,d:TSAR,p:Alveolata-Apicomplexa,c:Gregarinomorphea,o:Neogregarinorida,f:Actinocephalidae,g:Monocystis,s:Monocystis_sp,EF024926.1.1762_U;tax,k:Eukaryota,OTU1486.p:Alveolata-Apicomplexa.g:Monocystis
972,OTU1487,404,1,403,1066,11,406,99,289,1.02e-76,80.292,d:Obazoa,p:Breviatea-Breviatea_X,c:Breviatea_XX,o:Breviatea_XXX,f:Breviatea_XXXX,g:Breviatea_XXXXX,s:Breviatea_XXXXX_sp,GU823921.1.1066_U;tax,k:Eukaryota,OTU1487.p:Breviatea-Breviatea_X.g:Breviatea_XXXXX
973,OTU1488,411,155,411,1878,738,994,76,359,7.77e-98,91.86,d:Amoebozoa,p:Tubulinea-Tubulinea_X,c:Elardia,o:Euamoebida,f:Hartmannellidae,g:Copromyxa,s:Copromyxa_laresi,JQ271679.1.1878_U;tax,k:Eukaryota,OTU1488.p:Tubulinea-Tubulinea_X.g:Copromyxa
974,OTU1489,385,1,385,853,406,790,100,641,0,96.623,d:TSAR,p:Stramenopiles-Bigyra,c:Sagenista,o:Labyrinthulomycetes,f:Labyrinthulaceae,g:Labyrinthula,s:Labyrinthula_sp,FR875358.1.853_U;tax,k:Eukaryota,OTU1489.p:Stramenopiles-Bigyra.g:Labyrinthula
975,OTU1490,402,1,402,1066,204,605,100,632,4.05e-180,95.025,d:TSAR,p:Stramenopiles-Gyrista,c:Chrysophyceae,o:Chrysophyceae_Clade-EC2H,f:Chrysophyceae_Clade-EC2H_X,g:Chrysophyceae_Clade-EC2H_XX,s:Chrysophyceae_Clade-EC2H_XX_sp,JN705488.1.1066_U;tax,k:Eukaryota,OTU1490.p:Stramenopiles-Gyrista.g:Chrysophyceae_Clade-EC2H_XX
976,OTU1491,386,1,386,1068,24,409,100,608,6.53e-173,95.078,d:TSAR,p:Alveolata-Ciliophora,c:Colpodea,o:Colpodea_X,f:Cyrtolophosidida,g:Cyrtolophosidida_X,s:Cyrtolophosidida_X_sp,FJ592470.1.1068_U;tax,k:Eukaryota,OTU1491.p:Alveolata-Ciliophora.g:Cyrtolophosidida_X
977,OTU1493,394,1,394,1824,608,988,100,588,8.7e-167,94.177,d:Amoebozoa,p:Tubulinea-Tubulinea_X,c:Elardia,o:Euamoebida,f:Nolandellidae,g:Nolandellidae_X,s:Nolandellidae_X_sp,EF023499.1.1824_U;tax,k:Eukaryota,OTU1493.p:Tubulinea-Tubulinea_X.g:Nolandellidae_X
978,OTU1494,404,1,404,1801,585,988,100,713,0,98.515,d:TSAR,p:Rhizaria-Cercozoa,c:Filosa-Sarcomonadea,o:Cercomonadida,f:Paracercomonadidae,g:Paracercomonas,s:Paracercomonas_sp,MG775640.1.1801_U;tax,k:Eukaryota,OTU1494.p:Rhizaria-Cercozoa.g:Paracercomonas
979,OTU1495,419,1,419,989,475,889,100,383,4.71e-105,83.607,d:Amoebozoa,p:Evosea-Evosea_X,c:Variosea,o:Variosea_X,f:Variosea_XX,g:Variosea_XXX,s:Variosea_XXX_sp,EU545726.1.989_U;tax,k:Eukaryota,OTU1495.p:Evosea-Evosea_X.g:Variosea_XXX
980,OTU1496,407,1,404,1807,570,972,99,518,1.2e-145,89.901,d:Amoebozoa,p:Tubulinea-Tubulinea_X,c:Echinamoebida,o:Echinamoebida_X,f:Echinamoebidae,g:Echinamoeba,s:Echinamoeba_silvestris,JQ271784.1.1807_U;tax,k:Eukaryota,OTU1496.p:Tubulinea-Tubulinea_X.g:Echinamoeba
981,OTU1497,403,1,403,1783,579,982,100,590,2.48e-167,93.086,d:TSAR,p:Rhizaria-Cercozoa,c:Filosa-Sarcomonadea,o:Cercomonadida,f:Paracercomonadidae,g:Paracercomonas,s:Paracercomonas_sp,DQ243992.1.1783_U;tax,k:Eukaryota,OTU1497.p:Rhizaria-Cercozoa.g:Paracercomonas
982,OTU1498,328,1,327,1590,482,808,99,588,7.14e-167,99.083,d:TSAR,p:Alveolata-Ciliophora,c:Litostomatea,o:Litostomatea_X,f:Litostomatea_XX,g:Enchelys,s:Enchelys_megaspinata,KY556648.1.1590_U;tax,k:Eukaryota,OTU1498.p:Alveolata-Ciliophora.g:Enchelys
983,OTU1499,407,1,407,837,328,734,100,719,0,98.526,d:TSAR,p:Rhizaria-Cercozoa,c:Filosa-Sarcomonadea,o:Cercomonadida,f:Cercomonadidae,g:Cercomonadidae_X,s:Cercomonadidae_X_sp,FJ790747.1.837_U;tax,k:Eukaryota,OTU1499.p:Rhizaria-Cercozoa.g:Cercomonadidae_X
984,OTU1500,391,1,391,1635,516,905,100,638,0,96.164,d:TSAR,p:Alveolata-Ciliophora,c:Colpodea,o:Colpodea_X,f:Colpodida,g:Colpoda,s:Colpoda_sp,MT001201.1.1635_U;tax,k:Eukaryota,OTU1500.p:Alveolata-Ciliophora.g:Colpoda
985,OTU1501,417,1,417,1894,592,1007,100,486,3.47e-136,87.857,d:Amoebozoa,p:Tubulinea-Tubulinea_X,c:Elardia,o:Euamoebida,f:Hartmannellidae,g:Hartmannellidae_X,s:Hartmannellidae_X_sp,HQ687486.1.1894_U;tax,k:Eukaryota,OTU1501.p:Tubulinea-Tubulinea_X.g:Hartmannellidae_X
986,OTU1503,406,1,406,1797,578,983,100,739,0,99.507,d:TSAR,p:Rhizaria-Cercozoa,c:Filosa-Sarcomonadea,o:Cercomonadida,f:Paracercomonadidae,g:Nucleocercomonas,s:Nucleocercomonas_praelonga,HM536165.1.1797_U;tax,k:Eukaryota,OTU1503.p:Rhizaria-Cercozoa.g:Nucleocercomonas
987,OTU1507,377,1,377,1588,473,851,100,627,1.76e-178,96.57,d:TSAR,p:Alveolata-Ciliophora,c:Armophorea,o:Armophorea_X,f:Armophorea_XX,g:Metopus_2,s:Metopus_yantaiensis,KY432959.1.1588_U;tax,k:Eukaryota,OTU1507.p:Alveolata-Ciliophora.g:Metopus_2
988,OTU1508,406,1,406,1877,592,1000,100,309,7.83e-83,80.815,d:Amoebozoa,p:Evosea-Evosea_X,c:Variosea,o:Variosea_X,f:Variosea_XX,g:Variosea_XXX,s:Variosea_XXX_sp,EF024417.1.1877_U;tax,k:Eukaryota,OTU1508.p:Evosea-Evosea_X.g:Variosea_XXX
989,OTU1509,406,1,406,1883,578,989,100,484,1.21e-135,88.136,d:Amoebozoa,p:Evosea-Evosea_X,c:Variosea,o:Fractovitellida,f:Schizoplasmodiidae,g:Ceratiomyxella,s:Ceratiomyxella_tahitiensis,FJ544419.1.1883_U;tax,k:Eukaryota,OTU1509.p:Evosea-Evosea_X.g:Ceratiomyxella
990,OTU1510,403,1,403,1714,455,857,100,662,0,96.278,d:Archaeplastida,p:Rhodophyta-Rhodophyta_X,c:Bangiophyceae,o:Cyanidiales,f:Cyanidiales_X,g:Cyanidiales_XX,s:Cyanidiales_XX_sp,KP864083.1.1714_U;tax,k:Eukaryota,OTU1510.p:Rhodophyta-Rhodophyta_X.g:Cyanidiales_XX
991,OTU1511,442,191,442,1760,735,976,57,185,1.5e-45,80.632,d:TSAR,p:Stramenopiles-Gyrista,c:Mediophyceae,o:Thalassiosirales,f:Skeletonemaceae,g:Skeletonema,s:Skeletonema_costatum,AY684944.1.1760_U;tax,k:Eukaryota,OTU1511.p:Stramenopiles-Gyrista.g:Skeletonema
992,OTU1514,389,1,389,1662,496,881,100,516,4.11e-145,90.769,d:TSAR,p:Alveolata-Ciliophora,c:Oligohymenophorea,o:Oligohymenophorea_X,f:Oligohymenophorea_XX,g:Platynematum,s:Platynematum_salinarum,KF301567.1.1662_U;tax,k:Eukaryota,OTU1514.p:Alveolata-Ciliophora.g:Platynematum
993,OTU1515,386,149,386,1940,819,1058,76,248,1.64e-64,85.477,d:Amoebozoa,p:Tubulinea-Tubulinea_X,c:Elardia,o:Euamoebida,f:Hartmannellidae,g:Glaeseria,s:Glaeseria_mira,AY294146.1.1940_U;tax,k:Eukaryota,OTU1515.p:Tubulinea-Tubulinea_X.g:Glaeseria
994,OTU1516,391,1,391,1654,575,961,100,536,3.17e-151,91.603,d:TSAR,p:Alveolata-Apicomplexa,c:Gregarinomorphea,o:Neogregarinorida,f:Stylocephalidae,g:Xiphocephalus,s:Xiphocephalus_gigas,KU664395.1.1654_U;tax,k:Eukaryota,OTU1516.p:Alveolata-Apicomplexa.g:Xiphocephalus
995,OTU1517,410,1,410,1463,588,997,100,741,0,99.268,d:TSAR,p:Stramenopiles-Gyrista,c:Peronosporomycetes,o:Peronosporomycetes_X,f:Peronosporomycetes_XX,g:Peronosporomycetes_XXX,s:Peronosporomycetes_XXX_sp,EF100343.1.1463_U;tax,k:Eukaryota,OTU1517.p:Stramenopiles-Gyrista.g:Peronosporomycetes_XXX
996,OTU1518,421,1,421,1804,589,1009,100,750,0,98.812,d:TSAR,p:Rhizaria-Cercozoa,c:Endomyxa-Phytomyxea,o:Plasmodiophorida,f:Plasmodiophorida_X,g:Spongospora,s:Spongospora_sp,EU910610.1.1804_U;tax,k:Eukaryota,OTU1518.p:Rhizaria-Cercozoa.g:Spongospora
997,OTU1519,385,141,385,864,98,339,64,272,9.71e-72,86.992,d:Amoebozoa,p:Tubulinea-Tubulinea_X,c:Tubulinea_XX,o:Tubulinea_XXX,f:Tubulinea_XXXX,g:Tubulinea_XXXXX,s:Tubulinea_XXXXX_sp,JQ782285.1.864_U;tax,k:Eukaryota,OTU1519.p:Tubulinea-Tubulinea_X.g:Tubulinea_XXXXX
998,OTU1520,405,1,405,1817,589,993,100,710,0,98.272,d:TSAR,p:Rhizaria-Cercozoa,c:Filosa-Sarcomonadea,o:Cercomonadida,f:Cercomonadidae,g:Neocercomonas,s:Neocercomonas_nitschei,MG775596.1.1817_U;tax,k:Eukaryota,OTU1520.p:Rhizaria-Cercozoa.g:Neocercomonas
999,OTU1521,394,156,394,1591,739,977,61,187,3.71e-46,80.992,d:Haptista,p:Centroplasthelida-Centroplasthelida_X,c:Centroplasthelida_XX,o:Centroplasthelida_XXX,f:Centroplasthelida_XXXX,g:Centroplasthelida_XXXXX,s:Centroplasthelida_XXXXX_sp,AY749494.1.1591_U;tax,k:Eukaryota,OTU1521.p:Centroplasthelida-Centroplasthelida_X.g:Centroplasthelida_XXXXX
1000,OTU1525,430,193,430,1682,671,905,55,248,1.84e-64,85.833,d:TSAR,p:Alveolata-Ciliophora,c:Oligohymenophorea,o:OLIGO6,f:OLIGO6_X,g:OLIGO6_XX,s:OLIGO6_XX_sp,AB505511.1.1682_U;tax,k:Eukaryota,OTU1525.p:Alveolata-Ciliophora.g:OLIGO6_XX
1001,OTU1528,390,1,390,1796,579,968,100,582,4e-165,93.59,d:TSAR,p:Stramenopiles-Bigyra,c:Bicoecea,o:Pseudodendromonadales,f:Pseudodendromonadales_X,g:Adriamonas,s:Adriamonas_peritocrescens,AF243501.1.1796_U;tax,k:Eukaryota,OTU1528.p:Stramenopiles-Bigyra.g:Adriamonas
1002,OTU1530,409,1,409,1814,594,999,100,276,8.01e-73,79.376,d:Amoebozoa,p:Tubulinea-Tubulinea_X,c:Elardia,o:Euamoebida,f:Nolandellidae,g:Nolandella,s:Nolandella_sp,EU273451.1.1814_U;tax,k:Eukaryota,OTU1530.p:Tubulinea-Tubulinea_X.g:Nolandella
1003,OTU1532,412,1,412,1378,534,940,100,568,1.19e-160,91.768,d:TSAR,p:Rhizaria-Cercozoa,c:Filosa-Sarcomonadea,o:Cercomonadida,f:Cercomonadidae,g:Neocercomonas,s:Neocercomonas_sp,MG775619.1.1378_U;tax,k:Eukaryota,OTU1532.p:Rhizaria-Cercozoa.g:Neocercomonas
1004,OTU1535,397,1,397,1660,476,872,100,695,0,98.237,d:TSAR,p:Stramenopiles-Gyrista,c:Chrysophyceae,o:Ochromonadales,f:Ochromonadaceae,g:Acrispumella,s:Acrispumella_msimbaziensis,AB749077.1.1660_U;tax,k:Eukaryota,OTU1535.p:Stramenopiles-Gyrista.g:Acrispumella
1005,OTU1536,407,1,407,1798,581,978,100,361,2.14e-98,83.293,d:Eukaryota_X,p:Ancyromonadida-Ancyromonadida_X,c:Ancyromonadida_XX,o:Ancyromonadida_XXX,f:Ancyromonadida_Group-1,g:Ancyromonadida_Group-1_X,s:Ancyromonas_sigmoides,EU349231.1.1798_U;tax,k:Eukaryota,OTU1536.p:Ancyromonadida-Ancyromonadida_X.g:Ancyromonadida_Group-1_X
1006,OTU1537,382,1,382,1117,616,999,100,475,6.84e-133,89.147,d:Eukaryota_X,p:Hemimastigophora-Hemimastigophora_X,c:Hemimastigophora_XX,o:Hemimastigophora_XXX,f:Spironemidae,g:Hemimastix,s:Hemimastix_kukwesjijk,MF682191.1.1117_U;tax,k:Eukaryota,OTU1537.p:Hemimastigophora-Hemimastigophora_X.g:Hemimastix
1007,OTU1538,407,1,407,1791,589,993,100,473,2.63e-132,87.864,d:TSAR,p:Rhizaria-Cercozoa,c:Endomyxa,o:Vampyrellida,f:Thalassomyxa-lineage,g:Thalassomyxa-lineage_X,s:Thalassomyxa-lineage_X_sp,EU910603.1.1791_U;tax,k:Eukaryota,OTU1538.p:Rhizaria-Cercozoa.g:Thalassomyxa-lineage_X
1008,OTU1540,397,1,397,2319,560,956,100,678,0,97.481,d:Archaeplastida,p:Chlorophyta-Chlorophyta_X,c:Chlorophyceae,o:Chaetopeltidales,f:Chaetopeltidaceae,g:Planophila,s:Planophila_bipyrenoidosa,MF034636.1.2319_U;tax,k:Eukaryota,OTU1540.p:Chlorophyta-Chlorophyta_X.g:Planophila
1009,OTU1543,399,1,399,1839,567,967,100,473,2.58e-132,88.177,d:Amoebozoa,p:Evosea-Evosea_X,c:Variosea,o:Variosea_X,f:WIM1-lineage,g:WIM1-lineage_X,s:WIM1-lineage_X_sp,AB695494.1.1839_U;tax,k:Eukaryota,OTU1543.p:Evosea-Evosea_X.g:WIM1-lineage_X
1010,OTU1546,398,1,398,1756,557,958,100,523,2.52e-147,90.299,d:Archaeplastida,p:Rhodelphidia-Rhodelphidia_X,c:Rhodelphea,o:Rhodelphida,f:Rhodelphidae,g:Rhodelphis,s:Rhodelphis_marinus,MK966712.1.1756_U;tax,k:Eukaryota,OTU1546.p:Rhodelphidia-Rhodelphidia_X.g:Rhodelphis
1011,OTU1547,408,1,408,1712,526,933,100,710,0,98.039,d:TSAR,p:Rhizaria-Cercozoa,c:Filosa-Imbricatea,o:Variglissida,f:Nudifilidae,g:Nudifila,s:Nudifila_producta,HQ121434.1.1712_U;tax,k:Eukaryota,OTU1547.p:Rhizaria-Cercozoa.g:Nudifila
1012,OTU1548,393,1,393,2307,470,862,100,616,3.98e-175,94.937,d:Cryptista,p:Cryptophyta-Cryptophyta_X,c:Cryptophyceae,o:Cryptomonadales,f:Cryptomonadales_X,g:Cryptomonas,s:Cryptomonas_sp,MW487990.1.2307_U;tax,k:Eukaryota,OTU1548.p:Cryptophyta-Cryptophyta_X.g:Cryptomonas
1013,OTU1549,417,1,417,1899,621,1040,100,545,5.64e-154,90.261,d:Amoebozoa,p:Tubulinea-Tubulinea_X,c:Elardia,o:Leptomyxida,f:Rhizamoeba-saxonica-lineage,g:Rhizamoeba,s:Rhizamoeba_saxonica,EU719197.1.1899_U;tax,k:Eukaryota,OTU1549.p:Tubulinea-Tubulinea_X.g:Rhizamoeba
1014,OTU1551,386,1,386,1701,535,920,100,652,0,97.15,d:TSAR,p:Alveolata-Ciliophora,c:Oligohymenophorea,o:Peniculia,f:Peniculia_X,g:Frontonia,s:Frontonia_terricola,MF926593.1.1701_U;tax,k:Eukaryota,OTU1551.p:Alveolata-Ciliophora.g:Frontonia
1015,OTU1552,411,1,411,1064,527,933,100,505,9.43e-142,88.835,d:TSAR,p:Rhizaria-Cercozoa,c:Filosa-Imbricatea,o:Euglyphida,f:Euglyphida_X,g:Euglyphida_XX,s:Euglyphida_XX_sp,KF219445.1.1064_U;tax,k:Eukaryota,OTU1552.p:Rhizaria-Cercozoa.g:Euglyphida_XX
1016,OTU1554,408,1,408,1064,527,933,100,551,1.19e-155,90.976,d:TSAR,p:Rhizaria-Cercozoa,c:Filosa-Imbricatea,o:Euglyphida,f:Euglyphida_X,g:Euglyphida_XX,s:Euglyphida_XX_sp,KF219445.1.1064_U;tax,k:Eukaryota,OTU1554.p:Rhizaria-Cercozoa.g:Euglyphida_XX
1017,OTU1556,377,1,377,878,500,876,100,564,1.4e-159,93.651,d:TSAR,p:Alveolata-Ciliophora,c:Phyllopharyngea,o:Cyrtophoria_4,f:Chilodonellidae,g:Chilodonellidae_X,s:Chilodonellidae_X_sp,GQ462734.1.878_U;tax,k:Eukaryota,OTU1556.p:Alveolata-Ciliophora.g:Chilodonellidae_X
1018,OTU1557,397,1,397,1747,563,959,100,728,0,99.748,d:TSAR,p:Alveolata-Chrompodellids,c:Colpodellidea,o:Colpodellida,f:Alphamonaceae,g:Alphamonas,s:Alphamonas_edax,AY234843.1.1747_U;tax,k:Eukaryota,OTU1557.p:Alveolata-Chrompodellids.g:Alphamonas
1019,OTU1558,407,1,407,1877,592,1000,100,483,4.37e-135,88.02,d:Amoebozoa,p:Evosea-Evosea_X,c:Variosea,o:Variosea_X,f:Variosea_XX,g:Variosea_XXX,s:Variosea_XXX_sp,EF024417.1.1877_U;tax,k:Eukaryota,OTU1558.p:Evosea-Evosea_X.g:Variosea_XXX
1020,OTU1559,403,1,403,1878,593,994,100,466,4.36e-130,87.775,d:Amoebozoa,p:Tubulinea-Tubulinea_X,c:Elardia,o:Euamoebida,f:Hartmannellidae,g:Copromyxa,s:Copromyxa_laresi,JQ271679.1.1878_U;tax,k:Eukaryota,OTU1559.p:Tubulinea-Tubulinea_X.g:Copromyxa
1021,OTU1560,400,1,400,989,464,862,100,483,4.29e-135,88.614,d:TSAR,p:Alveolata-Dinoflagellata,c:Dinophyceae,o:Peridiniales,f:Thoracosphaeraceae,g:Thoracosphaeraceae_X,s:Thoracosphaeraceae_X_sp,EU545775.1.989_U;tax,k:Eukaryota,OTU1560.p:Alveolata-Dinoflagellata.g:Thoracosphaeraceae_X
1022,OTU1562,389,1,389,1109,576,962,100,628,5.06e-179,95.887,d:TSAR,p:Alveolata-Apicomplexa,c:Gregarinomorphea,o:Eugregarinorida,f:Gregarinidae,g:Amoebogregarina,s:Amoebogregarina_sp,GQ462637.1.1109_U;tax,k:Eukaryota,OTU1562.p:Alveolata-Apicomplexa.g:Amoebogregarina
1023,OTU1564,385,1,385,1688,499,883,100,617,1.08e-175,95.584,d:TSAR,p:Alveolata-Ciliophora,c:Nassophorea,o:Nassophorea_X,f:Nassulida,g:Parafurgasonia,s:Parafurgasonia_sp,KC832955.1.1688_U;tax,k:Eukaryota,OTU1564.p:Alveolata-Ciliophora.g:Parafurgasonia
1024,OTU1566,411,165,411,1227,140,386,60,340,2.81e-92,91.532,d:Amoebozoa,p:Tubulinea-Tubulinea_X,c:Elardia,o:Euamoebida,f:Hartmannellidae,g:Copromyxa,s:Copromyxa_vandevyveri,KP719189.1.1227_U;tax,k:Eukaryota,OTU1566.p:Tubulinea-Tubulinea_X.g:Copromyxa
1025,OTU1568,414,1,414,2379,588,1006,100,669,0,95.714,d:TSAR,p:Rhizaria-Cercozoa,c:Filosa-Sarcomonadea,o:Glissomonadida,f:Sandonidae,g:Sandona,s:Sandona_campae,AY905499.1.2379_G;tax,k:Eukaryota,OTU1568.p:Rhizaria-Cercozoa.g:Sandona
1026,OTU1569,402,1,402,735,173,574,100,588,8.89e-167,93.052,d:TSAR,p:Stramenopiles-Bigyra,c:Sagenista,o:Labyrinthulomycetes,f:Labyrinthulaceae,g:Labyrinthulaceae_X,s:Labyrinthulaceae_X_sp,FJ389881.1.735_U;tax,k:Eukaryota,OTU1569.p:Stramenopiles-Bigyra.g:Labyrinthulaceae_X
1027,OTU1571,414,1,59,1067,103,161,14,93.5,8.77e-18,94.915,d:Haptista,p:Haptophyta-Haptophyta_X,c:Prymnesiophyceae,o:Prymnesiales,f:Prymnesiaceae,g:Prymnesium,s:Prymnesium_sp,JX680373.1.1067_U;tax,k:Eukaryota,OTU1571.p:Haptophyta-Haptophyta_X.g:Prymnesium
1028,OTU1572,400,1,400,1883,578,989,100,307,2.77e-82,80.815,d:Amoebozoa,p:Evosea-Evosea_X,c:Variosea,o:Fractovitellida,f:Schizoplasmodiidae,g:Ceratiomyxella,s:Ceratiomyxella_tahitiensis,FJ544419.1.1883_U;tax,k:Eukaryota,OTU1572.p:Evosea-Evosea_X.g:Ceratiomyxella
1029,OTU1575,402,1,402,735,173,574,100,599,4.11e-170,93.532,d:TSAR,p:Stramenopiles-Bigyra,c:Sagenista,o:Labyrinthulomycetes,f:Labyrinthulaceae,g:Labyrinthulaceae_X,s:Labyrinthulaceae_X_sp,FJ389881.1.735_U;tax,k:Eukaryota,OTU1575.p:Stramenopiles-Bigyra.g:Labyrinthulaceae_X
1030,OTU1576,405,1,405,1801,576,981,100,538,9.15e-152,90.686,d:TSAR,p:Rhizaria-Cercozoa,c:Endomyxa,o:Vampyrellida,f:Thalassomyxa-lineage,g:Thalassomyxa,s:Thalassomyxa_sp,KC779515.1.1801_U;tax,k:Eukaryota,OTU1576.p:Rhizaria-Cercozoa.g:Thalassomyxa
1031,OTU1577,409,1,409,1801,576,981,100,503,3.37e-141,89.024,d:TSAR,p:Rhizaria-Cercozoa,c:Endomyxa,o:Vampyrellida,f:Thalassomyxa-lineage,g:Thalassomyxa,s:Thalassomyxa_sp,KC779515.1.1801_U;tax,k:Eukaryota,OTU1577.p:Rhizaria-Cercozoa.g:Thalassomyxa
1032,OTU1578,438,1,48,1072,514,561,11,84.2,5.59e-15,97.917,d:Amoebozoa,p:Discosea-Discosea_X,c:Centramoebia,o:Acanthopodida,f:Acanthamoebidae,g:Acanthamoeba,s:Acanthamoeba_sp,AY835694.1.1072_U;tax,k:Eukaryota,OTU1578.p:Discosea-Discosea_X.g:Acanthamoeba
1033,OTU1579,408,1,408,1605,531,925,100,536,3.32e-151,90.998,d:Amoebozoa,p:Tubulinea-Tubulinea_X,c:Elardia,o:Euamoebida,f:Nolandellidae,g:Nolandellidae_X,s:Nolandellidae_X_sp,AF372795.1.1605_U;tax,k:Eukaryota,OTU1579.p:Tubulinea-Tubulinea_X.g:Nolandellidae_X
1034,OTU1580,405,169,405,1390,359,596,70,250,4.8e-65,85.714,d:Cryptista,p:Cryptophyta-Cryptophyta_X,c:Cryptophyceae,o:Goniomonadales,f:Goniomonadales_X,g:Goniomonadales_XX,s:Goniomonadales_XX_sp,EF526832.1.1390_U;tax,k:Eukaryota,OTU1580.p:Cryptophyta-Cryptophyta_X.g:Goniomonadales_XX
1035,OTU1581,413,1,413,1519,436,839,100,388,9.96e-107,84.135,d:Amoebozoa,p:Tubulinea-Tubulinea_X,c:Elardia,o:Euamoebida,f:Nolandellidae,g:Nolandellidae_X,s:Nolandellidae_X_sp,AY821961.1.1519_U;tax,k:Eukaryota,OTU1581.p:Tubulinea-Tubulinea_X.g:Nolandellidae_X
1036,OTU1582,439,193,439,1621,720,963,56,204,4.12e-51,81.928,d:TSAR,p:Stramenopiles-Gyrista,c:Mediophyceae,o:Eupodiscales,f:Odontellaceae,g:Amphitetras,s:Amphitetras_antediluviana,OP304754.1.1621_U;tax,k:Eukaryota,OTU1582.p:Stramenopiles-Gyrista.g:Amphitetras
1037,OTU1584,403,1,403,1783,579,982,100,556,2.51e-157,91.605,d:TSAR,p:Rhizaria-Cercozoa,c:Filosa-Sarcomonadea,o:Cercomonadida,f:Paracercomonadidae,g:Paracercomonas,s:Paracercomonas_sp,DQ243992.1.1783_U;tax,k:Eukaryota,OTU1584.p:Rhizaria-Cercozoa.g:Paracercomonas
1038,OTU1585,417,1,417,1894,592,1007,100,448,1.64e-124,86.19,d:Amoebozoa,p:Tubulinea-Tubulinea_X,c:Elardia,o:Euamoebida,f:Hartmannellidae,g:Hartmannellidae_X,s:Hartmannellidae_X_sp,HQ687486.1.1894_U;tax,k:Eukaryota,OTU1585.p:Tubulinea-Tubulinea_X.g:Hartmannellidae_X
1039,OTU1586,386,1,386,1605,531,925,100,577,1.84e-163,93.451,d:Amoebozoa,p:Tubulinea-Tubulinea_X,c:Elardia,o:Euamoebida,f:Nolandellidae,g:Nolandellidae_X,s:Nolandellidae_X_sp,AF372795.1.1605_U;tax,k:Eukaryota,OTU1586.p:Tubulinea-Tubulinea_X.g:Nolandellidae_X
1040,OTU1587,390,1,390,1615,449,839,100,649,0,96.675,d:TSAR,p:Alveolata-Ciliophora,c:Colpodea,o:Colpodea_X,f:Colpodida,g:Colpodida_X,s:Colpodida_X_sp,JN020238.1.1615_U;tax,k:Eukaryota,OTU1587.p:Alveolata-Ciliophora.g:Colpodida_X
1041,OTU1588,375,1,375,1611,455,832,100,501,1.11e-140,90.838,d:TSAR,p:Alveolata-Ciliophora,c:Armophorea,o:Armophorea_X,f:Armophorea_XX,g:Metopus_2,s:Metopus_hasei,KY432958.1.1611_U;tax,k:Eukaryota,OTU1588.p:Alveolata-Ciliophora.g:Metopus_2
1042,OTU1589,408,1,408,1821,551,948,100,307,2.83e-82,80.825,d:Amoebozoa,p:Evosea-Evosea_X,c:Variosea,o:Protosteliida,f:Protosteliida_X,g:Protostelium,s:Protostelium_nocturnum,FJ766468.1.1821_U;tax,k:Eukaryota,OTU1589.p:Evosea-Evosea_X.g:Protostelium
1043,OTU1590,434,1,434,1749,547,958,100,483,4.67e-135,87.671,d:Amoebozoa,p:Tubulinea-Tubulinea_X,c:Elardia,o:Leptomyxida,f:Leptomyxidae,g:Leptomyxa,s:Leptomyxa_arborea,KT945254.1.1749_U;tax,k:Eukaryota,OTU1590.p:Tubulinea-Tubulinea_X.g:Leptomyxa
1044,OTU1593,404,1,404,1763,563,966,100,691,0,97.525,d:TSAR,p:Rhizaria-Cercozoa,c:Endomyxa,o:Vampyrellida,f:Sey055-lineage,g:Sey055-lineage_X,s:Sey055-lineage_X_sp,AB695521.1.1763_U;tax,k:Eukaryota,OTU1593.p:Rhizaria-Cercozoa.g:Sey055-lineage_X
1045,OTU1594,408,1,408,1759,565,972,100,621,8.91e-177,94.118,d:TSAR,p:Rhizaria-Cercozoa,c:Endomyxa-Phytomyxea,o:Plasmodiophorida,f:Plasmodiophorida_X,g:Plasmodiophorida_XX,s:Plasmodiophorida_XX_sp,AB695525.1.1759_U;tax,k:Eukaryota,OTU1594.p:Rhizaria-Cercozoa.g:Plasmodiophorida_XX
1046,OTU1597,403,1,403,1681,484,886,100,651,0,95.782,d:TSAR,p:Rhizaria-Cercozoa,c:Filosa-Sarcomonadea,o:Cercomonadida,f:Paracercomonadidae,g:Paracercomonas,s:Paracercomonas_sp,AB749050.1.1681_U;tax,k:Eukaryota,OTU1597.p:Rhizaria-Cercozoa.g:Paracercomonas
1047,OTU1598,408,1,408,1064,527,933,100,479,5.67e-134,87.775,d:TSAR,p:Rhizaria-Cercozoa,c:Filosa-Imbricatea,o:Euglyphida,f:Euglyphida_X,g:Euglyphida_XX,s:Euglyphida_XX_sp,KF219445.1.1064_U;tax,k:Eukaryota,OTU1598.p:Rhizaria-Cercozoa.g:Euglyphida_XX
1048,OTU1599,406,1,406,1172,492,898,100,651,0,95.577,d:TSAR,p:Rhizaria-Cercozoa,c:Filosa-Sarcomonadea,o:Glissomonadida,f:Sandonidae,g:Sandonidae_X,s:Sandonidae_X_sp,EU709209.1.1172_U;tax,k:Eukaryota,OTU1599.p:Rhizaria-Cercozoa.g:Sandonidae_X
1049,OTU1600,408,1,408,1877,592,1000,100,422,9.69e-117,85.507,d:Amoebozoa,p:Evosea-Evosea_X,c:Variosea,o:Variosea_X,f:Variosea_XX,g:Variosea_XXX,s:Variosea_XXX_sp,EF024417.1.1877_U;tax,k:Eukaryota,OTU1600.p:Evosea-Evosea_X.g:Variosea_XXX
1050,OTU1601,419,1,419,1678,591,997,100,586,3.34e-166,92.363,d:Amoebozoa,p:Tubulinea-Tubulinea_X,c:Elardia,o:Leptomyxida,f:Rhizamoeba-saxonica-lineage,g:Rhizamoeba,s:Rhizamoeba_australiensis,KT945252.1.1678_U;tax,k:Eukaryota,OTU1601.p:Tubulinea-Tubulinea_X.g:Rhizamoeba
1051,OTU1604,405,1,405,1798,585,989,100,610,1.91e-173,93.827,d:TSAR,p:Rhizaria-Cercozoa,c:Filosa-Sarcomonadea,o:Cercomonadida,f:Paracercomonadidae,g:Paracercomonas,s:Paracercomonas_sp,EF024724.1.1798_U;tax,k:Eukaryota,OTU1604.p:Rhizaria-Cercozoa.g:Paracercomonas
1052,OTU1607,415,328,378,3316,1429,1479,12,56.5,1.15e-06,86.275,d:Amoebozoa,p:Evosea-Eumycetozoa,c:Myxogastria_Lucisporidia,o:Myxogastria_Lucisporidia_X,f:Cribrariidae,g:Cribraria,s:Cribraria_cancellata,EF513177.1.3316_G;tax,k:Eukaryota,OTU1607.p:Evosea-Eumycetozoa.g:Cribraria
1053,OTU1609,406,1,406,1747,515,922,100,464,1.58e-129,87.379,d:TSAR,p:Rhizaria-Cercozoa,c:Filosa-Sarcomonadea,o:Cercomonadida,f:Cercomonadidae,g:Cercomonas,s:Cercomonas_hederae,FJ790682.1.1747_U;tax,k:Eukaryota,OTU1609.p:Rhizaria-Cercozoa.g:Cercomonas
1054,OTU1611,403,1,403,1714,455,857,100,612,5.29e-174,94.089,d:Archaeplastida,p:Rhodophyta-Rhodophyta_X,c:Bangiophyceae,o:Cyanidiales,f:Cyanidiales_X,g:Cyanidiales_XX,s:Cyanidiales_XX_sp,KP864083.1.1714_U;tax,k:Eukaryota,OTU1611.p:Rhodophyta-Rhodophyta_X.g:Cyanidiales_XX
1055,OTU1613,406,1,406,989,475,889,100,470,3.4e-131,87.56,d:Amoebozoa,p:Evosea-Evosea_X,c:Variosea,o:Variosea_X,f:Variosea_XX,g:Variosea_XXX,s:Variosea_XXX_sp,EU545726.1.989_U;tax,k:Eukaryota,OTU1613.p:Evosea-Evosea_X.g:Variosea_XXX
1056,OTU1615,427,151,427,2043,902,1183,77,294,2.31e-78,86.014,d:Amoebozoa,p:Tubulinea-Tubulinea_X,c:Elardia,o:Euamoebida,f:Amoebidae,g:Chaos,s:Chaos_nobile,AJ314606.1.2043_U;tax,k:Eukaryota,OTU1615.p:Tubulinea-Tubulinea_X.g:Chaos
1057,OTU1617,386,1,386,1068,24,409,100,636,0,96.373,d:TSAR,p:Alveolata-Ciliophora,c:Colpodea,o:Colpodea_X,f:Cyrtolophosidida,g:Cyrtolophosidida_X,s:Cyrtolophosidida_X_sp,FJ592470.1.1068_U;tax,k:Eukaryota,OTU1617.p:Alveolata-Ciliophora.g:Cyrtolophosidida_X
1058,OTU1621,398,1,398,1676,538,933,100,562,5.33e-159,92.231,d:TSAR,p:Alveolata-Chrompodellids,c:Colpodellidea,o:Colpodellida,f:Alphamonaceae,g:Alphamonadea_ALPH2,s:Alphamonadea_ALPH2_sp,AB721062.1.1676_U;tax,k:Eukaryota,OTU1621.p:Alveolata-Chrompodellids.g:Alphamonadea_ALPH2
1059,OTU1622,422,1,422,1899,597,1013,100,342,8.05e-93,81.818,d:Amoebozoa,p:Tubulinea-Tubulinea_X,c:Elardia,o:Euamoebida,f:Vermamoebidae,g:Hartmannella,s:Hartmannella_cantabrigiensis,JQ271676.1.1899_U;tax,k:Eukaryota,OTU1622.p:Tubulinea-Tubulinea_X.g:Hartmannella
1060,OTU1623,387,1,387,683,267,653,100,610,1.82e-173,95.103,d:TSAR,p:Alveolata-Ciliophora,c:Plagiopylea,o:PLAGI1,f:PLAGI1_X,g:PLAGI1_XX,s:PLAGI1_XX_sp,JX268821.1.683_U;tax,k:Eukaryota,OTU1623.p:Alveolata-Ciliophora.g:PLAGI1_XX
1061,OTU1625,405,1,405,1802,578,983,100,566,4.2e-160,91.872,d:TSAR,p:Rhizaria-Cercozoa,c:Endomyxa,o:Vampyrellida,f:Vampyrellida_X,g:Vampyrellida_clade_B,s:Vampyrellida_sp,KC779518.1.1802_U;tax,k:Eukaryota,OTU1625.p:Rhizaria-Cercozoa.g:Vampyrellida_clade_B
1062,OTU1626,407,1,62,1710,563,624,15,115,1.84e-24,100,d:Cryptista,p:Cryptophyta-Cryptophyta_X,c:Cryptophyceae,o:Cryptophyceae_X,f:Basal_Cryptophyceae-1,g:Basal_Cryptophyceae-1_X,s:Basal_Cryptophyceae-1_X_sp,AY919746.1.1710_U;tax,k:Eukaryota,OTU1626.p:Cryptophyta-Cryptophyta_X.g:Basal_Cryptophyceae-1_X
1063,OTU1627,390,1,390,1109,576,962,100,468,1.17e-130,88.579,d:TSAR,p:Alveolata-Apicomplexa,c:Gregarinomorphea,o:Eugregarinorida,f:Gregarinidae,g:Amoebogregarina,s:Amoebogregarina_sp,GQ462637.1.1109_U;tax,k:Eukaryota,OTU1627.p:Alveolata-Apicomplexa.g:Amoebogregarina
1064,OTU1630,415,1,415,1201,508,922,100,706,0,97.349,d:TSAR,p:Rhizaria-Cercozoa,c:Filosa-Sarcomonadea,o:Glissomonadida,f:Allapsidae,g:Allapsidae_X,s:Allapsidae_X_sp,EU709242.1.1201_U;tax,k:Eukaryota,OTU1630.p:Rhizaria-Cercozoa.g:Allapsidae_X
1065,OTU1635,406,1,406,1114,487,892,100,667,0,96.305,d:TSAR,p:Rhizaria-Cercozoa,c:Endomyxa,o:Vampyrellida,f:Leptophryidae,g:Leptophryidae_X,s:Leptophryidae_X_sp,EU567259.1.1114_U;tax,k:Eukaryota,OTU1635.p:Rhizaria-Cercozoa.g:Leptophryidae_X
1066,OTU1638,409,1,409,1806,589,994,100,586,3.26e-166,92.683,d:TSAR,p:Rhizaria-Cercozoa,c:Filosa-Sarcomonadea,o:Cercomonadida,f:Paracercomonadidae,g:Paracercomonas,s:Paracercomonas_sp,EF024294.1.1806_U;tax,k:Eukaryota,OTU1638.p:Rhizaria-Cercozoa.g:Paracercomonas
1067,OTU1639,409,1,409,1122,24,432,100,651,0,95.355,d:TSAR,p:Rhizaria-Cercozoa,c:Filosa-Sarcomonadea,o:Glissomonadida,f:Glissomonadida_X,g:Glissomonadida_XX,s:Glissomonadida_XX_sp,FJ592260.1.1122_U;tax,k:Eukaryota,OTU1639.p:Rhizaria-Cercozoa.g:Glissomonadida_XX
1068,OTU1640,411,1,411,989,475,889,100,486,3.42e-136,88.038,d:Amoebozoa,p:Evosea-Evosea_X,c:Variosea,o:Variosea_X,f:Variosea_XX,g:Variosea_XXX,s:Variosea_XXX_sp,EU545726.1.989_U;tax,k:Eukaryota,OTU1640.p:Evosea-Evosea_X.g:Variosea_XXX
1069,OTU1642,381,2,381,1703,556,935,99,614,1.38e-174,95.789,d:TSAR,p:Alveolata-Ciliophora,c:Oligohymenophorea,o:Hymenostomatia,f:Tetrahymenida,g:Tetrahymenida_X,s:Tetrahymenida_X_sp,JQ723983.1.1703_U;tax,k:Eukaryota,OTU1642.p:Alveolata-Ciliophora.g:Tetrahymenida_X
1070,OTU1643,411,1,411,1122,24,432,100,497,1.58e-139,88.729,d:TSAR,p:Rhizaria-Cercozoa,c:Filosa-Sarcomonadea,o:Glissomonadida,f:Glissomonadida_X,g:Glissomonadida_XX,s:Glissomonadida_XX_sp,FJ592260.1.1122_U;tax,k:Eukaryota,OTU1643.p:Rhizaria-Cercozoa.g:Glissomonadida_XX
1071,OTU1645,404,1,404,1774,569,972,100,647,0,95.545,d:TSAR,p:Rhizaria-Cercozoa,c:Filosa-Sarcomonadea,o:Cercomonadida,f:Paracercomonadidae,g:Metabolomonas,s:Metabolomonas_insania,HM536167.1.1774_U;tax,k:Eukaryota,OTU1645.p:Rhizaria-Cercozoa.g:Metabolomonas
1072,OTU1647,406,1,406,1111,483,889,100,606,2.48e-172,93.643,d:TSAR,p:Rhizaria-Cercozoa,c:Novel-clade-10-12,o:Tremulida,f:Tremulidae,g:Tremula,s:Tremula_longifila,EU567287.1.1111_U;tax,k:Eukaryota,OTU1647.p:Rhizaria-Cercozoa.g:Tremula
1073,OTU1648,391,1,391,1872,643,1035,100,442,7.11e-123,87.218,d:Amoebozoa,p:Tubulinea-Tubulinea_X,c:Elardia,o:Leptomyxida,f:Flabellulidae,g:Flabellula,s:Flabellula_schaefferi,JQ271708.1.1872_U;tax,k:Eukaryota,OTU1648.p:Tubulinea-Tubulinea_X.g:Flabellula
1074,OTU1654,391,1,391,1346,572,965,100,547,1.46e-154,91.919,d:TSAR,p:Stramenopiles-Bigyra,c:Bicoecea,o:Pseudodendromonadales,f:Pseudodendromonadales_X,g:Pseudodendromonadales_XX,s:Pseudodendromonadales_XX_sp,AY642710.1.1346_U;tax,k:Eukaryota,OTU1654.p:Stramenopiles-Bigyra.g:Pseudodendromonadales_XX
1075,OTU1655,406,1,406,1859,584,989,100,734,0,99.261,d:Amoebozoa,p:Evosea-Evosea_X,c:Variosea,o:Fractovitellida,f:Acramoebidae,g:Acramoeba,s:Acramoeba_dendroida,AF293897.1.1859_U;tax,k:Eukaryota,OTU1655.p:Evosea-Evosea_X.g:Acramoeba
1076,OTU1656,396,169,396,1539,640,879,58,172,1.04e-41,80.658,d:Amoebozoa,p:Evosea-Evosea_X,c:Variosea,o:Variosea_X,f:Variosea_XX,g:Variosea_XXX,s:Variosea_XXX_sp,GU479959.1.1539_U;tax,k:Eukaryota,OTU1656.p:Evosea-Evosea_X.g:Variosea_XXX
1077,OTU1658,424,1,424,1918,580,998,100,407,2.82e-112,84.346,d:Amoebozoa,p:Evosea-Evosea_X,c:Variosea,o:Fractovitellida,f:Schizoplasmodiidae,g:Nematostelium,s:Nematostelium_ovatum,FJ544420.1.1918_U;tax,k:Eukaryota,OTU1658.p:Evosea-Evosea_X.g:Nematostelium
1078,OTU1659,415,1,414,1279,32,446,99,593,1.98e-168,92.548,d:TSAR,p:Stramenopiles-Bigyra,c:Sagenista,o:Labyrinthulomycetes,f:Amphifilaceae,g:Amphifilaceae_X,s:Amphifilaceae_X_sp,DQ104602.1.1279_U;tax,k:Eukaryota,OTU1659.p:Stramenopiles-Bigyra.g:Amphifilaceae_X
1079,OTU1661,414,1,67,1619,577,643,16,108,3.13e-22,95.522,d:Haptista,p:Centroplasthelida-Centroplasthelida_X,c:Centroplasthelida_XX,o:Centroplasthelida_XXX,f:Centroplasthelida_XXXX,g:Centroplasthelida_XXXXX,s:Centroplasthelida_XXXXX_sp,AY749521.1.1619_U;tax,k:Eukaryota,OTU1661.p:Centroplasthelida-Centroplasthelida_X.g:Centroplasthelida_XXXXX
1080,OTU1664,401,1,401,1745,567,970,100,617,1.13e-175,94.321,d:TSAR,p:Rhizaria-Cercozoa,c:Filosa-Sarcomonadea,o:Cercomonadida,f:Paracercomonadidae,g:Paracercomonas,s:Paracercomonas_metabolicus,DQ211597.1.1745_U;tax,k:Eukaryota,OTU1664.p:Rhizaria-Cercozoa.g:Paracercomonas
1081,OTU1665,391,1,391,2888,1656,2064,100,396,5.61e-109,84.915,d:Amoebozoa,p:Tubulinea-Tubulinea_X,c:Elardia,o:Arcellinida,f:Phryganellina,g:Phryganella,s:Phryganella_paradoxa,MF497374.1.2888_U;tax,k:Eukaryota,OTU1665.p:Tubulinea-Tubulinea_X.g:Phryganella
1082,OTU1668,387,1,387,1605,531,925,100,556,2.41e-157,92.481,d:Amoebozoa,p:Tubulinea-Tubulinea_X,c:Elardia,o:Euamoebida,f:Nolandellidae,g:Nolandellidae_X,s:Nolandellidae_X_sp,AF372795.1.1605_U;tax,k:Eukaryota,OTU1668.p:Tubulinea-Tubulinea_X.g:Nolandellidae_X
1083,OTU1669,403,1,403,898,15,413,100,243,7.99e-63,77.995,d:Haptista,p:Haptophyta-Haptophyta_X,c:Prymnesiophyceae,o:Prymnesiales,f:Chrysochromulinaceae,g:Chrysochromulina,s:Chrysochromulina_sp,HQ868858.1.898_U;tax,k:Eukaryota,OTU1669.p:Haptophyta-Haptophyta_X.g:Chrysochromulina
1084,OTU1670,417,1,417,1677,590,996,100,540,2.63e-152,90.431,d:Amoebozoa,p:Tubulinea-Tubulinea_X,c:Elardia,o:Leptomyxida,f:Leptomyxidae,g:Leptomyxa,s:Leptomyxa_neglecta,KT945251.1.1677_U;tax,k:Eukaryota,OTU1670.p:Tubulinea-Tubulinea_X.g:Leptomyxa
1085,OTU1671,403,1,403,1783,579,982,100,684,0,97.277,d:TSAR,p:Rhizaria-Cercozoa,c:Filosa-Sarcomonadea,o:Cercomonadida,f:Paracercomonadidae,g:Paracercomonas,s:Paracercomonas_sp,DQ243992.1.1783_U;tax,k:Eukaryota,OTU1671.p:Rhizaria-Cercozoa.g:Paracercomonas
1086,OTU1672,397,1,397,1726,516,912,100,701,0,98.489,d:Archaeplastida,p:Chlorophyta-Chlorophyta_X,c:Chlorophyceae,o:Chlamydomonadales,f:Chlamydomonadales_X,g:Axilosphaera,s:Axilosphaera_sp,MT968391.1.1726_U;tax,k:Eukaryota,OTU1672.p:Chlorophyta-Chlorophyta_X.g:Axilosphaera
1087,OTU1673,395,1,395,1501,322,716,100,719,0,99.494,d:Archaeplastida,p:Chlorophyta-Chlorophyta_X,c:Chlorophyceae,o:Sphaeropleales,f:Sphaeropleales_X,g:Tetradesmus,s:Tetradesmus_sp,MH636629.1.1501_U;tax,k:Eukaryota,OTU1673.p:Chlorophyta-Chlorophyta_X.g:Tetradesmus
1088,OTU1675,409,1,409,1813,594,1001,100,704,0,97.8,d:TSAR,p:Rhizaria-Cercozoa,c:Filosa-Sarcomonadea,o:Glissomonadida,f:Allapsidae,g:Allapsidae_X,s:Allapsidae_X_sp,EF024516.1.1813_U;tax,k:Eukaryota,OTU1675.p:Rhizaria-Cercozoa.g:Allapsidae_X
1089,OTU1679,393,157,393,1777,728,963,60,204,3.67e-51,82.427,d:Archaeplastida,p:Rhodophyta-Rhodophyta_X,c:Florideophyceae,o:Ceramiales,f:Dasyaceae,g:Heterosiphonia,s:Heterosiphonia_muelleri,AF488395.1.1777_U;tax,k:Eukaryota,OTU1679.p:Rhodophyta-Rhodophyta_X.g:Heterosiphonia
1090,OTU1680,414,163,413,756,79,329,61,453,3.49e-126,99.203,d:TSAR,p:Stramenopiles-Bigyra,c:Sagenista,o:Labyrinthulomycetes,f:Amphifilaceae,g:Amphifilaceae_X,s:Amphifilaceae_X_sp,LN587488.1.756_U;tax,k:Eukaryota,OTU1680.p:Stramenopiles-Bigyra.g:Amphifilaceae_X
1091,OTU1681,401,1,401,1669,505,905,100,641,0,95.522,d:TSAR,p:Stramenopiles-Gyrista,c:Chrysophyceae,o:Paraphysomonadales,f:Paraphysomonadaceae,g:Paraphysomonas,s:Paraphysomonas_sp,KX100596.1.1669_U;tax,k:Eukaryota,OTU1681.p:Stramenopiles-Gyrista.g:Paraphysomonas
1092,OTU1682,403,1,403,1769,577,980,100,462,5.64e-129,87.407,d:TSAR,p:Rhizaria-Cercozoa,c:Endomyxa,o:Vampyrellida,f:Thalassomyxa-lineage,g:Thalassomyxa-lineage_X,s:Thalassomyxa-lineage_X_sp,EU910611.1.1769_U;tax,k:Eukaryota,OTU1682.p:Rhizaria-Cercozoa.g:Thalassomyxa-lineage_X
1093,OTU1684,400,1,400,1661,475,874,100,717,0,99,d:TSAR,p:Stramenopiles-Gyrista,c:Chrysophyceae,o:Ochromonadales,f:Ochromonadales_clade-XII,g:Ochromonadales_clade-XII_X,s:Ochromonadales_clade-XII_X_sp,AB749078.1.1661_U;tax,k:Eukaryota,OTU1684.p:Stramenopiles-Gyrista.g:Ochromonadales_clade-XII_X
1094,OTU1685,406,1,406,1664,498,903,100,662,0,96.059,d:Excavata,p:Metamonada-Preaxostyla,c:Preaxostyla_X,o:Preaxostyla_XX,f:Paramastigidae,g:Paratrimastix,s:Paratrimastix_pyriformis,KT388046.1.1664_U;tax,k:Eukaryota,OTU1685.p:Metamonada-Preaxostyla.g:Paratrimastix
1095,OTU1686,406,1,406,1840,593,999,100,701,0,97.789,d:Amoebozoa,p:Tubulinea-Tubulinea_X,c:Elardia,o:Euamoebida,f:Vermamoebidae,g:Hartmannella,s:Hartmannella_abertawensis,DQ190241.1.1840_U;tax,k:Eukaryota,OTU1686.p:Tubulinea-Tubulinea_X.g:Hartmannella
1096,OTU1688,447,188,447,1800,733,979,70,207,3.25e-52,81.923,d:Archaeplastida,p:Picozoa-Picozoa_X,c:Picozoa_XX,o:Picozoa_XXX,f:Picozoa_XXXX,g:Picozoa_XXXXX,s:Picozoa_XXXXX_sp,KJ762470.1.1800_U;tax,k:Eukaryota,OTU1688.p:Picozoa-Picozoa_X.g:Picozoa_XXXXX
1097,OTU1689,411,166,411,1227,140,386,60,361,2.16e-98,93.117,d:Amoebozoa,p:Tubulinea-Tubulinea_X,c:Elardia,o:Euamoebida,f:Hartmannellidae,g:Copromyxa,s:Copromyxa_vandevyveri,KP719189.1.1227_U;tax,k:Eukaryota,OTU1689.p:Tubulinea-Tubulinea_X.g:Copromyxa
1098,OTU1690,404,1,404,1519,436,839,100,713,0,98.515,d:Amoebozoa,p:Tubulinea-Tubulinea_X,c:Elardia,o:Euamoebida,f:Nolandellidae,g:Nolandellidae_X,s:Nolandellidae_X_sp,AY821961.1.1519_U;tax,k:Eukaryota,OTU1690.p:Tubulinea-Tubulinea_X.g:Nolandellidae_X
1099,OTU1691,404,1,404,1778,575,969,100,510,1.99e-143,89.877,d:Amoebozoa,p:Tubulinea-Tubulinea_X,c:Elardia,o:Leptomyxida,f:Flabellulidae,g:Flabellulidae_X,s:Flabellulidae_X_sp,EU273463.1.1778_U;tax,k:Eukaryota,OTU1691.p:Tubulinea-Tubulinea_X.g:Flabellulidae_X
1100,OTU1693,387,1,387,1340,203,589,100,654,0,97.158,d:TSAR,p:Alveolata-Ciliophora,c:Oligohymenophorea,o:Scuticociliatia_1,f:Philasterida,g:Philasterida_X,s:Philasterida_X_sp,JN705530.1.1340_U;tax,k:Eukaryota,OTU1693.p:Alveolata-Ciliophora.g:Philasterida_X
1101,OTU1695,395,1,395,1734,550,944,100,725,0,99.747,d:TSAR,p:Stramenopiles-Gyrista,c:Bacillariophyceae,o:Naviculales,f:Stauroneidaceae,g:Craticula,s:Craticula_cuspidata,AM501998.1.1734_U;tax,k:Eukaryota,OTU1695.p:Stramenopiles-Gyrista.g:Craticula
1102,OTU1696,407,1,407,859,6,412,100,603,3.22e-171,93.399,d:TSAR,p:Rhizaria-Cercozoa,c:Filosa-Sarcomonadea,o:Glissomonadida,f:Sandonidae,g:Sandonidae_X,s:Sandonidae_X_sp,JN207872.1.859_U;tax,k:Eukaryota,OTU1696.p:Rhizaria-Cercozoa.g:Sandonidae_X
1103,OTU1698,444,1,444,1656,555,1000,100,412,6.36e-114,83.592,d:Amoebozoa,p:Discosea-Discosea_X,c:Flabellinia,o:Flabellinia_X,f:LKM74-lineage,g:LKM74-lineage_X,s:LKM74-lineage_X_sp,JX312795.1.1656_U;tax,k:Eukaryota,OTU1698.p:Discosea-Discosea_X.g:LKM74-lineage_X
1104,OTU1700,405,1,405,1801,576,981,100,549,4.23e-155,91.155,d:TSAR,p:Rhizaria-Cercozoa,c:Endomyxa,o:Vampyrellida,f:Thalassomyxa-lineage,g:Thalassomyxa,s:Thalassomyxa_sp,KC779515.1.1801_U;tax,k:Eukaryota,OTU1700.p:Rhizaria-Cercozoa.g:Thalassomyxa
1105,OTU1702,407,1,407,1878,593,994,100,381,1.64e-104,84.135,d:Amoebozoa,p:Tubulinea-Tubulinea_X,c:Elardia,o:Euamoebida,f:Hartmannellidae,g:Copromyxa,s:Copromyxa_laresi,JQ271679.1.1878_U;tax,k:Eukaryota,OTU1702.p:Tubulinea-Tubulinea_X.g:Copromyxa
1106,OTU1703,410,1,410,1883,578,989,100,422,9.75e-117,85.301,d:Amoebozoa,p:Evosea-Evosea_X,c:Variosea,o:Fractovitellida,f:Schizoplasmodiidae,g:Ceratiomyxella,s:Ceratiomyxella_tahitiensis,FJ544419.1.1883_U;tax,k:Eukaryota,OTU1703.p:Evosea-Evosea_X.g:Ceratiomyxella
1107,OTU1706,406,1,406,2130,531,927,100,387,3.52e-106,84.39,d:Eukaryota_X,p:Ancyromonadida-Ancyromonadida_X,c:Ancyromonadida_XX,o:Ancyromonadida_XXX,f:Ancyromonadida_Group-1,g:Ancyromonadida_Group-1_X,s:Fabomonas_tropica,MT355148.1.2130_U;tax,k:Eukaryota,OTU1706.p:Ancyromonadida-Ancyromonadida_X.g:Ancyromonadida_Group-1_X
1108,OTU1707,404,1,404,1038,473,876,100,669,0,96.535,d:TSAR,p:Rhizaria-Cercozoa,c:Filosa-Sarcomonadea,o:Cercomonadida,f:Paracercomonadidae,g:Paracercomonas,s:Paracercomonas_sp,AY884337.1.1038_U;tax,k:Eukaryota,OTU1707.p:Rhizaria-Cercozoa.g:Paracercomonas
1109,OTU1708,431,1,431,1749,547,958,100,573,2.67e-162,91.435,d:Amoebozoa,p:Tubulinea-Tubulinea_X,c:Elardia,o:Leptomyxida,f:Leptomyxidae,g:Leptomyxa,s:Leptomyxa_arborea,KT945254.1.1749_U;tax,k:Eukaryota,OTU1708.p:Tubulinea-Tubulinea_X.g:Leptomyxa
1110,OTU1709,410,1,410,989,475,889,100,457,2.67e-127,86.874,d:Amoebozoa,p:Evosea-Evosea_X,c:Variosea,o:Variosea_X,f:Variosea_XX,g:Variosea_XXX,s:Variosea_XXX_sp,EU545726.1.989_U;tax,k:Eukaryota,OTU1709.p:Evosea-Evosea_X.g:Variosea_XXX
1111,OTU1710,408,1,408,1605,531,925,100,520,3.34e-146,90.244,d:Amoebozoa,p:Tubulinea-Tubulinea_X,c:Elardia,o:Euamoebida,f:Nolandellidae,g:Nolandellidae_X,s:Nolandellidae_X_sp,AF372795.1.1605_U;tax,k:Eukaryota,OTU1710.p:Tubulinea-Tubulinea_X.g:Nolandellidae_X
1112,OTU1714,436,309,436,1818,813,940,40,99,1.99e-19,80.769,d:Amoebozoa,p:Evosea-Evosea_X,c:Variosea,o:Cavosteliida,f:Cavosteliida_X,g:Tychosporium,s:Tychosporium_acutostipes,FJ792703.1.1818_U;tax,k:Eukaryota,OTU1714.p:Evosea-Evosea_X.g:Tychosporium
1113,OTU1715,410,1,410,1497,461,871,100,647,0,95.146,d:TSAR,p:Stramenopiles-Gyrista,c:Chrysophyceae,o:Ochromonadales,f:Ochromonadales_X,g:Ochromonadales_XX,s:Ochromonadales_XX_sp,GQ330571.1.1497_U;tax,k:Eukaryota,OTU1715.p:Stramenopiles-Gyrista.g:Ochromonadales_XX
1114,OTU1716,351,1,342,1721,869,528,97,616,3.53e-175,99.123,d:TSAR,p:Alveolata-Ciliophora,c:Phyllopharyngea,o:Cyrtophoria_4,f:Chilodonellidae,g:Pseudochilodonopsis,s:Pseudochilodonopsis_fluviatilis,JN867021.1.1721_U;tax,k:Eukaryota,OTU1716.p:Alveolata-Ciliophora.g:Pseudochilodonopsis
1115,OTU1719,392,1,392,1685,535,944,100,442,7.13e-123,86.925,d:TSAR,p:Stramenopiles-Gyrista,c:Peronosporomycetes,o:Peronosporomycetes_X,f:Peronosporomycetes_XX,g:Peronosporomycetes_XXX,s:Peronosporomycetes_XXX_sp,AB771874.1.1685_U;tax,k:Eukaryota,OTU1719.p:Stramenopiles-Gyrista.g:Peronosporomycetes_XXX
1116,OTU1720,407,1,407,1539,473,879,100,359,7.69e-98,82.809,d:Amoebozoa,p:Evosea-Evosea_X,c:Variosea,o:Variosea_X,f:Variosea_XX,g:Variosea_XXX,s:Variosea_XXX_sp,GU479959.1.1539_U;tax,k:Eukaryota,OTU1720.p:Evosea-Evosea_X.g:Variosea_XXX
1117,OTU1722,404,163,238,1743,688,762,19,89.8,1.11e-16,88.158,d:Archaeplastida,p:Rhodophyta-Rhodophyta_X,c:Florideophyceae,o:Batrachospermales,f:Batrachospermales_X,g:Thorea,s:Thorea_bachmannii,GU953244.1.1743_U;tax,k:Eukaryota,OTU1722.p:Rhodophyta-Rhodophyta_X.g:Thorea
1118,OTU1726,393,1,393,1649,538,933,100,302,1.27e-80,81.034,d:TSAR,p:Alveolata-Chrompodellids,c:Colpodellidea,o:Colpodellida,f:Chromeraceae,g:Chromera,s:Chromera_sp,KC486858.1.1649_U;tax,k:Eukaryota,OTU1726.p:Alveolata-Chrompodellids.g:Chromera
1119,OTU1732,398,1,398,1648,536,933,100,675,0,97.243,d:TSAR,p:Alveolata-Chrompodellids,c:Colpodellidea,o:Colpodellida,f:Alphamonaceae,g:Alphamonadea_ALPH1,s:Alphamonadea_ALPH1_sp,KC486108.1.1648_U;tax,k:Eukaryota,OTU1732.p:Alveolata-Chrompodellids.g:Alphamonadea_ALPH1
1120,OTU1733,398,1,398,1803,586,983,100,586,3.16e-166,93.216,d:TSAR,p:Rhizaria-Cercozoa,c:Filosa-Sarcomonadea,o:Cercomonadida,f:Paracercomonadidae,g:Paracercomonas,s:Paracercomonas_sp,AM114800.1.1803_U;tax,k:Eukaryota,OTU1733.p:Rhizaria-Cercozoa.g:Paracercomonas
1121,OTU1734,405,168,405,1649,736,973,72,207,2.93e-52,82.716,d:TSAR,p:Stramenopiles-Gyrista,c:Mediophyceae,o:Eupodiscales,f:Eupodiscaceae,g:Cerataulus,s:Cerataulus_smithii,KC309489.1.1649_U;tax,k:Eukaryota,OTU1734.p:Stramenopiles-Gyrista.g:Cerataulus
1122,OTU1735,326,1,325,1641,536,861,99,590,1.97e-167,99.387,d:TSAR,p:Alveolata-Ciliophora,c:Litostomatea,o:Litostomatea_X,f:Litostomatea_XX,g:Litostomatea_XXX,s:Litostomatea_XXX_sp,JF263451.1.1641_U;tax,k:Eukaryota,OTU1735.p:Alveolata-Ciliophora.g:Litostomatea_XXX
1123,OTU1736,409,1,409,1595,511,914,100,296,6.15e-79,80.145,d:TSAR,p:Rhizaria-Cercozoa,c:Endomyxa,o:Vampyrellida,f:Vampyrellidae,g:Vampyrella,s:Vampyrella_lateritia,HE609034.1.1595_U;tax,k:Eukaryota,OTU1736.p:Rhizaria-Cercozoa.g:Vampyrella
1124,OTU1737,424,166,424,1438,312,567,76,331,1.75e-89,90.038,d:Amoebozoa,p:Tubulinea-Tubulinea_X,c:Elardia,o:Euamoebida,f:Hartmannellidae,g:Copromyxa,s:Copromyxa_microcystidis,KP719188.1.1438_U;tax,k:Eukaryota,OTU1737.p:Tubulinea-Tubulinea_X.g:Copromyxa
1125,OTU1738,400,1,400,1771,574,974,100,302,1.29e-80,80.637,d:Haptista,p:Haptophyta-Haptophyta_X,c:Rappephyceae,o:Pavlomulinales,f:Pavlomulinaceae,g:Pavlomulina,s:Pavlomulina_ranunculiformis,LC599498.1.1771_U;tax,k:Eukaryota,OTU1738.p:Haptophyta-Haptophyta_X.g:Pavlomulina
1126,OTU1739,395,147,395,1199,164,406,63,217,4.74e-55,82.731,d:TSAR,p:Alveolata-Dinoflagellata,c:Dinophyceae,o:Dinophyceae_X,f:Dinophyceae_XX,g:Dinophyceae_XXX,s:Dinophyceae_XXX_sp,GU825054.1.1199_U;tax,k:Eukaryota,OTU1739.p:Alveolata-Dinoflagellata.g:Dinophyceae_XXX
1127,OTU1740,418,2,417,1279,33,446,99,473,2.71e-132,87.441,d:TSAR,p:Stramenopiles-Bigyra,c:Sagenista,o:Labyrinthulomycetes,f:Amphifilaceae,g:Amphifilaceae_X,s:Amphifilaceae_X_sp,DQ104602.1.1279_U;tax,k:Eukaryota,OTU1740.p:Stramenopiles-Bigyra.g:Amphifilaceae_X
1128,OTU1742,409,1,409,1457,463,869,100,322,1.01e-86,81.068,d:TSAR,p:Rhizaria-Cercozoa,c:Endomyxa,o:Vampyrellida,f:Penardia-lineage,g:Penardia-lineage_X,s:Penardia-lineage_X_sp,GU479951.1.1457_U;tax,k:Eukaryota,OTU1742.p:Rhizaria-Cercozoa.g:Penardia-lineage_X
1129,OTU1744,416,1,416,1686,523,939,100,525,7.33e-148,89.474,d:TSAR,p:Stramenopiles-Bigyra,c:Sagenista,o:Labyrinthulomycetes,f:Amphifilaceae,g:Amphifilaceae_X,s:Amphifilaceae_X_sp,AB721069.1.1686_U;tax,k:Eukaryota,OTU1744.p:Stramenopiles-Bigyra.g:Amphifilaceae_X
1130,OTU1748,417,1,417,1565,489,895,100,540,2.63e-152,90.453,d:Amoebozoa,p:Tubulinea-Tubulinea_X,c:Elardia,o:Leptomyxida,f:Leptomyxidae,g:Leptomyxa,s:Leptomyxa_regia,OM914643.1.1565_U;tax,k:Eukaryota,OTU1748.p:Tubulinea-Tubulinea_X.g:Leptomyxa
1131,OTU1751,385,1,385,1748,558,942,100,706,0,99.74,d:Obazoa,p:Breviatea-Breviatea_X,c:Breviatea_XX,o:Breviatea_XXX,f:Breviata-lineage,g:Breviata,s:Breviata_anathema,AF153206.1.1748_U;tax,k:Eukaryota,OTU1751.p:Breviatea-Breviatea_X.g:Breviata
1132,OTU1753,391,1,391,1632,512,901,100,649,0,96.675,d:TSAR,p:Alveolata-Ciliophora,c:Colpodea,o:Colpodea_X,f:Colpodida,g:Colpoda,s:Colpoda_sp,MT001200.1.1632_U;tax,k:Eukaryota,OTU1753.p:Alveolata-Ciliophora.g:Colpoda
1133,OTU1754,385,1,385,1760,573,957,100,645,0,96.883,d:TSAR,p:Alveolata-Ciliophora,c:Colpodea,o:Colpodea_X,f:Cyrtolophosidida,g:Pseudocyrtolophosis,s:Pseudocyrtolophosis_alpestris,EU264564.1.1760_U;tax,k:Eukaryota,OTU1754.p:Alveolata-Ciliophora.g:Pseudocyrtolophosis
1134,OTU1755,400,1,400,1015,487,884,100,555,8.97e-157,91.791,d:Obazoa,p:Opisthokonta-Choanoflagellata,c:Choanoflagellatea,o:Craspedida,f:Monosigidae_Group_O,g:Monosigidae_Group_O_X,s:Monosigidae_Group_O_X_sp,JN825671.1.1015_U;tax,k:Eukaryota,OTU1755.p:Opisthokonta-Choanoflagellata.g:Monosigidae_Group_O_X
1135,OTU1757,388,1,388,1068,24,409,100,599,3.95e-170,94.588,d:TSAR,p:Alveolata-Ciliophora,c:CONThreeP,o:CONThreeP_X,f:CONThreeP_XX,g:CONThreeP_XXX,s:CONThreeP_XXX_sp,FJ592251.1.1068_U;tax,k:Eukaryota,OTU1757.p:Alveolata-Ciliophora.g:CONThreeP_XXX
1136,OTU1760,409,1,409,1266,568,974,100,538,9.25e-152,90.511,d:TSAR,p:Rhizaria-Cercozoa,c:Filosa-Thecofilosea,o:Tectofilosida,f:Pseudodifflugiidae,g:Pseudodifflugiidae_X,s:Pseudodifflugiidae_X_sp,HQ696567.1.1266_U;tax,k:Eukaryota,OTU1760.p:Rhizaria-Cercozoa.g:Pseudodifflugiidae_X
1137,OTU1761,403,1,403,1702,495,899,100,436,3.42e-121,86.241,d:Amoebozoa,p:Tubulinea-Tubulinea_X,c:Echinamoebida,o:Echinamoebida_X,f:Echinamoebidae,g:Echinamoeba,s:Echinamoeba_sp,AB520727.1.1702_U;tax,k:Eukaryota,OTU1761.p:Tubulinea-Tubulinea_X.g:Echinamoeba
1138,OTU1764,404,1,404,1519,436,839,100,614,1.47e-174,94.059,d:Amoebozoa,p:Tubulinea-Tubulinea_X,c:Elardia,o:Euamoebida,f:Nolandellidae,g:Nolandellidae_X,s:Nolandellidae_X_sp,AY821961.1.1519_U;tax,k:Eukaryota,OTU1764.p:Tubulinea-Tubulinea_X.g:Nolandellidae_X
1139,OTU1765,361,1,352,1711,888,537,98,634,1e-180,99.148,d:TSAR,p:Alveolata-Ciliophora,c:Colpodea,o:Colpodea_X,f:Platyophryida,g:Platyophryida_X,s:Platyophryida_X_sp,EU039906.1.1711_U;tax,k:Eukaryota,OTU1765.p:Alveolata-Ciliophora.g:Platyophryida_X
1140,OTU1766,406,1,406,1817,592,1003,100,462,5.68e-129,87.167,d:TSAR,p:Rhizaria-Cercozoa,c:Filosa-Sarcomonadea,o:Glissomonadida,f:Allapsidae,g:Allantion,s:Allantion_sp,EF023859.1.1817_U;tax,k:Eukaryota,OTU1766.p:Rhizaria-Cercozoa.g:Allantion
1141,OTU1767,406,1,406,1770,568,974,100,590,2.5e-167,92.875,d:TSAR,p:Rhizaria-Cercozoa,c:Filosa-Sarcomonadea,o:Glissomonadida,f:Allapsidae,g:Allapsidae_X,s:Allapsidae_X_sp,AB695472.1.1770_U;tax,k:Eukaryota,OTU1767.p:Rhizaria-Cercozoa.g:Allapsidae_X
1142,OTU1768,406,1,406,1409,416,822,100,640,0,95.086,d:TSAR,p:Rhizaria-Cercozoa,c:Filosa-Sarcomonadea,o:Glissomonadida,f:Sandonidae,g:Sandona,s:Sandona_sp,EU709173.71.1479_U;tax,k:Eukaryota,OTU1768.p:Rhizaria-Cercozoa.g:Sandona
1143,OTU1769,380,1,380,1714,538,929,100,464,1.47e-129,88.636,d:TSAR,p:Stramenopiles-Bigyra,c:Bicoecea,o:Borokales,f:Borokaceae,g:Borokaceae_X,s:Borokaceae_X_sp,FJ971856.1.1714_U;tax,k:Eukaryota,OTU1769.p:Stramenopiles-Bigyra.g:Borokaceae_X
1144,OTU1770,407,1,55,1939,559,614,14,69.4,1.45e-10,89.286,d:Amoebozoa,p:Evosea-Evosea_X,c:Archamoebea,o:Archamoebea_X,f:Entamoebidae,g:Entamoeba,s:Entamoeba_invadens,KR025413.1.1939_U;tax,k:Eukaryota,OTU1770.p:Evosea-Evosea_X.g:Entamoeba
1145,OTU1771,404,2,404,1192,572,974,99,739,0,99.752,d:TSAR,p:Stramenopiles-Bigyra,c:Opalozoa,o:Opalozoa_X,f:MAST-12,g:MAST-12C,s:MAST-12C_sp,KC306524.1.1192_U;tax,k:Eukaryota,OTU1771.p:Stramenopiles-Bigyra.g:MAST-12C
1146,OTU1772,421,1,420,676,160,573,99,494,2.09e-138,88.208,d:TSAR,p:Stramenopiles-Bigyra,c:Sagenista,o:Labyrinthulomycetes,f:Amphifilaceae,g:Amphifilaceae_X,s:Amphifilaceae_X_sp,AB572139.1.676_U;tax,k:Eukaryota,OTU1772.p:Stramenopiles-Bigyra.g:Amphifilaceae_X
1147,OTU1773,390,1,390,1596,529,915,100,551,1.13e-155,92.366,d:Amoebozoa,p:Tubulinea-Tubulinea_X,c:Elardia,o:Euamoebida,f:Nolandellidae,g:Nolandellidae_X,s:Nolandellidae_X_sp,HM628631.1.1596_U;tax,k:Eukaryota,OTU1773.p:Tubulinea-Tubulinea_X.g:Nolandellidae_X
1148,OTU1774,386,1,386,1824,608,988,100,553,3.11e-156,92.784,d:Amoebozoa,p:Tubulinea-Tubulinea_X,c:Elardia,o:Euamoebida,f:Nolandellidae,g:Nolandellidae_X,s:Nolandellidae_X_sp,EF023499.1.1824_U;tax,k:Eukaryota,OTU1774.p:Tubulinea-Tubulinea_X.g:Nolandellidae_X
1149,OTU1776,382,1,382,1730,533,919,100,433,4.17e-120,87.277,d:TSAR,p:Alveolata-Apicomplexa,c:Gregarinomorphea,o:Neogregarinorida,f:Stylocephalidae,g:Stylocephalus,s:Stylocephalus_giganteus,FJ459761.1.1730_U;tax,k:Eukaryota,OTU1776.p:Alveolata-Apicomplexa.g:Stylocephalus
1150,OTU1777,387,1,387,1109,576,962,100,516,4.09e-145,90.746,d:TSAR,p:Alveolata-Apicomplexa,c:Gregarinomorphea,o:Eugregarinorida,f:Gregarinidae,g:Amoebogregarina,s:Amoebogregarina_sp,GQ462637.1.1109_U;tax,k:Eukaryota,OTU1777.p:Alveolata-Apicomplexa.g:Amoebogregarina
1151,OTU1778,411,165,411,1899,793,1040,60,235,1.37e-60,84.064,d:Amoebozoa,p:Tubulinea-Tubulinea_X,c:Elardia,o:Leptomyxida,f:Rhizamoeba-saxonica-lineage,g:Rhizamoeba,s:Rhizamoeba_saxonica,EU719197.1.1899_U;tax,k:Eukaryota,OTU1778.p:Tubulinea-Tubulinea_X.g:Rhizamoeba
1152,OTU1786,408,1,408,1847,560,966,100,492,7.29e-138,88.564,d:Amoebozoa,p:Evosea-Evosea_X,c:Variosea,o:Variosea_X,f:Variosea_XX,g:Angulamoeba,s:Angulamoeba_fungorum,KP864084.1.1847_U;tax,k:Eukaryota,OTU1786.p:Evosea-Evosea_X.g:Angulamoeba
1153,OTU1787,433,305,433,2076,988,1116,30,111,2.53e-23,82.707,d:Haptista,p:Centroplasthelida-Centroplasthelida_X,c:Panacanthocystida,o:Panacanthocystida_X,f:Acanthocystidae,g:Acanthocystis,s:Acanthocystis_sp,GQ330590.1.2076_U;tax,k:Eukaryota,OTU1787.p:Centroplasthelida-Centroplasthelida_X.g:Acanthocystis
1154,OTU1788,401,1,401,1798,585,989,100,484,1.2e-135,88.452,d:TSAR,p:Rhizaria-Cercozoa,c:Filosa-Sarcomonadea,o:Cercomonadida,f:Paracercomonadidae,g:Paracercomonas,s:Paracercomonas_sp,EF024724.1.1798_U;tax,k:Eukaryota,OTU1788.p:Rhizaria-Cercozoa.g:Paracercomonas
1155,OTU1789,396,1,396,1051,48,443,100,704,0,98.737,d:Obazoa,p:Opisthokonta-Choanoflagellata,c:Choanoflagellatea,o:Craspedida,f:Salpingoecidae_Group_C2,g:Salpingoecidae_Group_C2_X,s:Salpingoecidae_Group_C2_X_sp,FJ705110.1.1051_U;tax,k:Eukaryota,OTU1789.p:Opisthokonta-Choanoflagellata.g:Salpingoecidae_Group_C2_X
1156,OTU1791,375,2,375,1735,571,940,99,416,4.12e-115,87.037,d:TSAR,p:Alveolata-Chrompodellids,c:Colpodellidea,o:Colpodellida,f:Colpodellaceae,g:Colpodellidae2,s:Colpodellidae2_sp,EF025008.1.1735_U;tax,k:Eukaryota,OTU1791.p:Alveolata-Chrompodellids.g:Colpodellidae2
1157,OTU1795,396,1,396,1515,374,769,100,588,8.75e-167,93.5,d:Obazoa,p:Opisthokonta-Choanoflagellata,c:Choanoflagellatea,o:Craspedida,f:Salpingoecidae_Group_C2,g:Salpingoecidae_Group_C2_X,s:Salpingoecidae_Group_C2_X_sp,JN054697.1.1515_U;tax,k:Eukaryota,OTU1795.p:Opisthokonta-Choanoflagellata.g:Salpingoecidae_Group_C2_X
1158,OTU1796,413,1,413,1285,204,616,100,669,0,95.884,d:TSAR,p:Rhizaria-Cercozoa,c:Endomyxa,o:Vampyrellida,f:Penardia-lineage,g:Penardia-lineage_X,s:Penardia-lineage_X_sp,AF372743.1.1285_U;tax,k:Eukaryota,OTU1796.p:Rhizaria-Cercozoa.g:Penardia-lineage_X
1159,OTU1797,410,1,410,1034,469,879,100,708,0,97.81,d:Obazoa,p:Opisthokonta-Choanoflagellata,c:Choanoflagellatea,o:Craspedida,f:Salpingoecidae_Group_C3,g:Salpingoecidae_Group_C3_X,s:Salpingoecidae_Group_C3_X_sp,JN825691.1.1034_U;tax,k:Eukaryota,OTU1797.p:Opisthokonta-Choanoflagellata.g:Salpingoecidae_Group_C3_X
1160,OTU1798,396,1,396,1755,544,939,100,671,0,97.222,d:Archaeplastida,p:Chlorophyta-Chlorophyta_X,c:Chlorophyceae,o:Chlamydomonadales,f:Chlamydomonadales_X,g:Chlamydomonadales_XX,s:Chlamydomonadales_XX_sp,HQ219375.1.1755_U;tax,k:Eukaryota,OTU1798.p:Chlorophyta-Chlorophyta_X.g:Chlamydomonadales_XX
1161,OTU1799,402,156,402,913,471,707,61,226,8.03e-58,83.806,d:Obazoa,p:Opisthokonta-Pluriformea,c:Corallochytrea,o:Corallochytrida,f:Corallochytridae,g:Corallochytrium,s:Corallochytrium_sp,GU072363.1.913_U;tax,k:Eukaryota,OTU1799.p:Opisthokonta-Pluriformea.g:Corallochytrium
1162,OTU1800,408,1,408,1581,586,993,100,621,8.91e-177,94.118,d:TSAR,p:Rhizaria-Cercozoa,c:Filosa-Sarcomonadea,o:Glissomonadida,f:Bodomorphidae,g:Bodomorpha,s:Bodomorpha_sp,EU647174.1.1581_U;tax,k:Eukaryota,OTU1800.p:Rhizaria-Cercozoa.g:Bodomorpha
1163,OTU1801,431,1,431,1849,592,1020,100,462,6.04e-129,86.301,d:Amoebozoa,p:Tubulinea-Tubulinea_X,c:Echinamoebida,o:Echinamoebida_X,f:Echinamoebidae,g:Echinamoeba,s:Echinamoeba_thermarum,AJ489261.1.1849_U;tax,k:Eukaryota,OTU1801.p:Tubulinea-Tubulinea_X.g:Echinamoeba
1164,OTU1802,371,1,365,1802,893,529,98,592,6.31e-168,95.89,d:Amoebozoa,p:Evosea-Evosea_X,c:Variosea,o:Variosea_X,f:Filamoebidae,g:Filamoeba,s:Filamoeba_sp,AB425944.1.1802_U;tax,k:Eukaryota,OTU1802.p:Evosea-Evosea_X.g:Filamoeba
1165,OTU1803,357,1,357,1704,555,912,100,388,8.52e-107,86.351,d:TSAR,p:Alveolata-Ciliophora,c:Phyllopharyngea,o:Suctoria,f:Suctoria_X,g:Suctoria_XX,s:Suctoria_XX_sp,FR874823.1.1704_U;tax,k:Eukaryota,OTU1803.p:Alveolata-Ciliophora.g:Suctoria_XX
1166,OTU1805,407,1,407,1097,24,432,100,643,0,95.122,d:TSAR,p:Alveolata-Ciliophora,c:Oligohymenophorea,o:Scuticociliatia_2,f:Scuticociliatia_2_X,g:Scuticociliatia_2_XX,s:Scuticociliatia_2_XX_sp,FJ592458.1.1097_U;tax,k:Eukaryota,OTU1805.p:Alveolata-Ciliophora.g:Scuticociliatia_2_XX
1167,OTU1806,420,292,420,1708,811,939,31,139,1.13e-31,86.047,d:Archaeplastida,p:Chlorophyta-Chlorophyta_X,c:Chlorophyceae,o:Chlamydomonadales,f:Chlamydomonadales_X,g:Golenkinia,s:Golenkinia_sp,KT180320.1.1708_U;tax,k:Eukaryota,OTU1806.p:Chlorophyta-Chlorophyta_X.g:Golenkinia
1168,OTU1811,396,1,396,1685,530,925,100,721,0,99.495,d:Archaeplastida,p:Chlorophyta-Chlorophyta_X,c:Chlorophyceae,o:Chlamydomonadales,f:Chlamydomonadales_X,g:Dunaliella,s:Dunaliella_sp,DQ324003.1.1685_U;tax,k:Eukaryota,OTU1811.p:Chlorophyta-Chlorophyta_X.g:Dunaliella
1169,OTU1813,421,1,421,1802,578,983,100,359,7.97e-98,82.701,d:TSAR,p:Rhizaria-Cercozoa,c:Endomyxa,o:Vampyrellida,f:Vampyrellida_X,g:Vampyrellida_clade_B,s:Vampyrellida_sp,KC779518.1.1802_U;tax,k:Eukaryota,OTU1813.p:Rhizaria-Cercozoa.g:Vampyrellida_clade_B
1170,OTU1814,398,1,398,1796,584,981,100,730,0,99.749,d:Archaeplastida,p:Chlorophyta-Chlorophyta_X,c:Trebouxiophyceae,o:Chlorellales,f:Chlorellaceae,g:Pseudochloris,s:Pseudochloris_wilhelmii,AB006046.1.1796_U;tax,k:Eukaryota,OTU1814.p:Chlorophyta-Chlorophyta_X.g:Pseudochloris
1171,OTU1815,407,1,407,1800,584,990,100,652,0,95.588,d:TSAR,p:Rhizaria-Cercozoa,c:Filosa-Thecofilosea,o:Cryomonadida,f:Rhogostoma-lineage,g:Rhogostoma-lineage_X,s:Rhogostoma-lineage_X_sp,EF023854.1.1800_U;tax,k:Eukaryota,OTU1815.p:Rhizaria-Cercozoa.g:Rhogostoma-lineage_X
1172,OTU1816,408,1,408,1770,568,974,100,669,0,96.324,d:TSAR,p:Rhizaria-Cercozoa,c:Filosa-Sarcomonadea,o:Glissomonadida,f:Allapsidae,g:Allapsidae_X,s:Allapsidae_X_sp,AB695472.1.1770_U;tax,k:Eukaryota,OTU1816.p:Rhizaria-Cercozoa.g:Allapsidae_X
1173,OTU1817,404,1,404,989,475,889,100,279,6.11e-74,79.524,d:Amoebozoa,p:Evosea-Evosea_X,c:Variosea,o:Variosea_X,f:Variosea_XX,g:Variosea_XXX,s:Variosea_XXX_sp,EU545726.1.989_U;tax,k:Eukaryota,OTU1817.p:Evosea-Evosea_X.g:Variosea_XXX
1174,OTU1818,405,1,405,1638,509,909,100,296,6.08e-79,80.34,d:Archaeplastida,p:Glaucophyta-Glaucophyta_X,c:Glaucocystophyceae,o:Glaucocystophytes,f:Glaucocystaceae,g:Glaucocystis,s:Glaucocystis_nostochinearum,KF631379.1.1638_U;tax,k:Eukaryota,OTU1818.p:Glaucophyta-Glaucophyta_X.g:Glaucocystis
1175,OTU1819,386,1,386,1753,572,958,100,558,6.67e-158,92.784,d:TSAR,p:Alveolata-Ciliophora,c:Colpodea,o:Colpodea_X,f:Cyrtolophosidida,g:Apocyrtolophosis,s:Apocyrtolophosis_sp,DQ244029.1.1753_U;tax,k:Eukaryota,OTU1819.p:Alveolata-Ciliophora.g:Apocyrtolophosis
1176,OTU1822,417,1,417,4556,1081,1499,100,651,0,94.749,d:TSAR,p:Stramenopiles-Gyrista,c:Peronosporomycetes,o:Peronosporomycetes_X,f:Peronosporomycetes_XX,g:Chlamydomyzium,s:Chlamydomyzium_sp,JQ031283.1.4556_U;tax,k:Eukaryota,OTU1822.p:Stramenopiles-Gyrista.g:Chlamydomyzium
1177,OTU1823,398,1,398,2286,585,982,100,725,0,99.497,d:Archaeplastida,p:Chlorophyta-Chlorophyta_X,c:Trebouxiophyceae,o:Chlorellales,f:Chlorellales_X,g:Chlorella,s:Chlorella_mirabilis,X74000.1.2286_G;tax,k:Eukaryota,OTU1823.p:Chlorophyta-Chlorophyta_X.g:Chlorella
1178,OTU1824,397,1,397,1751,569,964,100,604,8.71e-172,94.236,d:Obazoa,p:Opisthokonta-Pluriformea,c:Pluriformea_X,o:Pluriformea_XX,f:Pluriformea_XXX,g:Syssomonas,s:Syssomonas_multiformis,MF190551.1.1751_U;tax,k:Eukaryota,OTU1824.p:Opisthokonta-Pluriformea.g:Syssomonas
1179,OTU1826,403,5,403,1205,1,393,99,211,2.25e-53,76.733,d:Obazoa,p:Opisthokonta-Choanoflagellata,c:Choanoflagellatea,o:Craspedida,f:Monosigidae_Group_O,g:Monosigidae_Group_O_X,s:Monosigidae_Group_O_X_sp,DQ104582.1.1205_U;tax,k:Eukaryota,OTU1826.p:Opisthokonta-Choanoflagellata.g:Monosigidae_Group_O_X
1180,OTU1827,406,1,406,1847,560,966,100,490,2.61e-137,88.564,d:Amoebozoa,p:Evosea-Evosea_X,c:Variosea,o:Variosea_X,f:Variosea_XX,g:Angulamoeba,s:Angulamoeba_fungorum,KP864084.1.1847_U;tax,k:Eukaryota,OTU1827.p:Evosea-Evosea_X.g:Angulamoeba
1181,OTU1828,390,1,390,1763,572,961,100,682,0,98.205,d:TSAR,p:Alveolata-Apicomplexa,c:Gregarinomorphea,o:Neogregarinorida,f:Actinocephalidae,g:Monocystis,s:Monocystis_sp,EF024174.1.1763_U;tax,k:Eukaryota,OTU1828.p:Alveolata-Apicomplexa.g:Monocystis
1182,OTU1834,385,1,385,1774,577,961,100,651,0,97.143,d:Obazoa,p:Breviatea-Breviatea_X,c:Breviatea_XX,o:Breviatea_XXX,f:Breviata-lineage,g:Breviata-lineage_X,s:Breviata-lineage_X_sp,AM114802.1.1774_U;tax,k:Eukaryota,OTU1834.p:Breviatea-Breviatea_X.g:Breviata-lineage_X
1183,OTU1835,440,1,440,1891,575,1017,100,505,1.01e-141,87.638,d:Amoebozoa,p:Evosea-Evosea_X,c:Variosea,o:Variosea_X,f:Mb5C-lineage,g:Mb5C-lineage_X,s:Mb5C-lineage_X_sp,AB425950.1.1891_U;tax,k:Eukaryota,OTU1835.p:Evosea-Evosea_X.g:Mb5C-lineage_X
1184,OTU1837,406,1,406,1839,567,967,100,246,6.23e-64,78.208,d:Amoebozoa,p:Evosea-Evosea_X,c:Variosea,o:Variosea_X,f:WIM1-lineage,g:WIM1-lineage_X,s:WIM1-lineage_X_sp,AB695494.1.1839_U;tax,k:Eukaryota,OTU1837.p:Evosea-Evosea_X.g:WIM1-lineage_X
1185,OTU1838,412,171,412,1596,674,915,72,231,1.77e-59,84.016,d:Amoebozoa,p:Tubulinea-Tubulinea_X,c:Elardia,o:Euamoebida,f:Nolandellidae,g:Nolandellidae_X,s:Nolandellidae_X_sp,HM628631.1.1596_U;tax,k:Eukaryota,OTU1838.p:Tubulinea-Tubulinea_X.g:Nolandellidae_X
1186,OTU1839,403,162,403,1899,797,1040,76,272,1.02e-71,86.885,d:Amoebozoa,p:Tubulinea-Tubulinea_X,c:Elardia,o:Leptomyxida,f:Rhizamoeba-saxonica-lineage,g:Rhizamoeba,s:Rhizamoeba_saxonica,EU719197.1.1899_U;tax,k:Eukaryota,OTU1839.p:Tubulinea-Tubulinea_X.g:Rhizamoeba
1187,OTU1840,392,1,392,1655,526,919,100,532,4.11e-150,91.139,d:TSAR,p:Stramenopiles-Bigyra,c:Bicoecea,o:Pseudodendromonadales,f:Pseudodendromonadales_X,g:Pseudodendromonadales_XX,s:Pseudodendromonadales_XX_sp,AB721079.1.1655_U;tax,k:Eukaryota,OTU1840.p:Stramenopiles-Bigyra.g:Pseudodendromonadales_XX
1188,OTU1841,417,1,417,1065,11,407,100,276,8.18e-73,79.669,d:Obazoa,p:Opisthokonta-Choanoflagellata,c:Choanoflagellatea,o:Craspedida,f:Monosigidae_Group_M,g:Monosigidae_Group_M_X,s:Monosigidae_Group_M_X_sp,GU824744.1.1065_U;tax,k:Eukaryota,OTU1841.p:Opisthokonta-Choanoflagellata.g:Monosigidae_Group_M_X
1189,OTU1842,412,1,412,1847,560,966,100,501,1.22e-140,88.942,d:Amoebozoa,p:Evosea-Evosea_X,c:Variosea,o:Variosea_X,f:Variosea_XX,g:Angulamoeba,s:Angulamoeba_fungorum,KP864084.1.1847_U;tax,k:Eukaryota,OTU1842.p:Evosea-Evosea_X.g:Angulamoeba
1190,OTU1843,430,1,430,1877,592,1000,100,276,8.42e-73,79.545,d:Amoebozoa,p:Evosea-Evosea_X,c:Variosea,o:Variosea_X,f:Variosea_XX,g:Variosea_XXX,s:Variosea_XXX_sp,EF024417.1.1877_U;tax,k:Eukaryota,OTU1843.p:Evosea-Evosea_X.g:Variosea_XXX
1191,OTU1844,410,1,410,1253,566,977,100,676,0,96.359,d:TSAR,p:Rhizaria-Cercozoa,c:Cercozoa_X,o:Cercozoa_XX,f:Cercozoa_XXX,g:Cercozoa_XXXX,s:Cercozoa_XXXX_sp,AY620297.1.1253_U;tax,k:Eukaryota,OTU1844.p:Rhizaria-Cercozoa.g:Cercozoa_XXXX
1192,OTU1845,419,1,419,1883,578,989,100,451,1.27e-125,86.588,d:Amoebozoa,p:Evosea-Evosea_X,c:Variosea,o:Fractovitellida,f:Schizoplasmodiidae,g:Ceratiomyxella,s:Ceratiomyxella_tahitiensis,FJ544419.1.1883_U;tax,k:Eukaryota,OTU1845.p:Evosea-Evosea_X.g:Ceratiomyxella
1193,OTU1846,423,1,423,1438,155,567,100,401,1.31e-110,84.272,d:Amoebozoa,p:Tubulinea-Tubulinea_X,c:Elardia,o:Euamoebida,f:Hartmannellidae,g:Copromyxa,s:Copromyxa_microcystidis,KP719188.1.1438_U;tax,k:Eukaryota,OTU1846.p:Tubulinea-Tubulinea_X.g:Copromyxa
1194,OTU1848,408,1,408,1281,204,611,100,604,8.97e-172,93.431,d:TSAR,p:Rhizaria-Cercozoa,c:Filosa-Sarcomonadea,o:Glissomonadida,f:Glissomonadida_X,g:Glissomonadida_XX,s:Glissomonadida_XX_sp,JN635482.1.1281_U;tax,k:Eukaryota,OTU1848.p:Rhizaria-Cercozoa.g:Glissomonadida_XX
1195,OTU1849,411,1,411,2888,1656,2064,100,403,3.54e-111,84.652,d:Amoebozoa,p:Tubulinea-Tubulinea_X,c:Elardia,o:Arcellinida,f:Phryganellina,g:Phryganella,s:Phryganella_paradoxa,MF497374.1.2888_U;tax,k:Eukaryota,OTU1849.p:Tubulinea-Tubulinea_X.g:Phryganella
1196,OTU1850,409,1,409,1266,567,975,100,728,0,98.778,d:TSAR,p:Rhizaria-Cercozoa,c:Filosa-Granofilosea,o:Filosa-Granofilosea_X,f:Novel-Gran-5,g:Novel-Gran-5_X,s:Novel-Gran-5_X_sp,AY620301.1.1266_U;tax,k:Eukaryota,OTU1850.p:Rhizaria-Cercozoa.g:Novel-Gran-5_X
1197,OTU1851,426,1,426,1625,566,992,100,693,0,96.037,d:Haptista,p:Centroplasthelida-Centroplasthelida_X,c:Pterocystida,o:Pterocystida_X,f:Pterocystida_XX,g:Pterocystida_XXX,s:Pterocystida_XXX_sp,AY749548.1.1625_U;tax,k:Eukaryota,OTU1851.p:Centroplasthelida-Centroplasthelida_X.g:Pterocystida_XXX
1198,OTU1854,413,1,413,1677,590,996,100,575,7.12e-163,92.067,d:Amoebozoa,p:Tubulinea-Tubulinea_X,c:Elardia,o:Leptomyxida,f:Leptomyxidae,g:Leptomyxa,s:Leptomyxa_neglecta,KT945251.1.1677_U;tax,k:Eukaryota,OTU1854.p:Tubulinea-Tubulinea_X.g:Leptomyxa
1199,OTU1855,374,138,374,2226,1171,1407,63,283,4.35e-75,88.235,d:Amoebozoa,p:Tubulinea-Tubulinea_X,c:Elardia,o:Euamoebida,f:LOS7N/I-lineage,g:Ptolemeba,s:Ptolemeba_noxubium,KJ542110.1.2226_U;tax,k:Eukaryota,OTU1855.p:Tubulinea-Tubulinea_X.g:Ptolemeba
1200,OTU1856,379,1,379,2226,1038,1407,100,265,1.6e-69,80.206,d:Amoebozoa,p:Tubulinea-Tubulinea_X,c:Elardia,o:Euamoebida,f:LOS7N/I-lineage,g:Ptolemeba,s:Ptolemeba_noxubium,KJ542110.1.2226_U;tax,k:Eukaryota,OTU1856.p:Tubulinea-Tubulinea_X.g:Ptolemeba
1201,OTU1858,409,1,409,1678,591,997,100,649,0,95.366,d:Amoebozoa,p:Tubulinea-Tubulinea_X,c:Elardia,o:Leptomyxida,f:Rhizamoeba-saxonica-lineage,g:Rhizamoeba,s:Rhizamoeba_australiensis,KT945252.1.1678_U;tax,k:Eukaryota,OTU1858.p:Tubulinea-Tubulinea_X.g:Rhizamoeba
1202,OTU1859,410,171,375,1615,756,958,50,111,2.4e-23,77.143,d:Haptista,p:Centroplasthelida-Centroplasthelida_X,c:Centroplasthelida_XX,o:Centroplasthelida_XXX,f:Centroplasthelida_XXXX,g:Centroplasthelida_XXXXX,s:Centroplasthelida_XXXXX_sp,AY749490.1.1615_U;tax,k:Eukaryota,OTU1859.p:Centroplasthelida-Centroplasthelida_X.g:Centroplasthelida_XXXXX
1203,OTU1860,392,1,392,1444,466,858,100,569,3.13e-161,92.965,d:TSAR,p:Stramenopiles-Bigyra,c:Bicoecea,o:Pseudodendromonadales,f:Pseudodendromonadales_X,g:Pseudodendromonadales_XX,s:Pseudodendromonadales_XX_sp,GQ330587.1.1444_U;tax,k:Eukaryota,OTU1860.p:Stramenopiles-Bigyra.g:Pseudodendromonadales_XX
1204,OTU1861,409,157,409,1940,804,1058,77,398,1.64e-109,94.902,d:Amoebozoa,p:Tubulinea-Tubulinea_X,c:Elardia,o:Euamoebida,f:Hartmannellidae,g:Glaeseria,s:Glaeseria_mira,AY294146.1.1940_U;tax,k:Eukaryota,OTU1861.p:Tubulinea-Tubulinea_X.g:Glaeseria
1205,OTU1863,388,1,388,1632,512,901,100,625,6.52e-178,95.641,d:TSAR,p:Alveolata-Ciliophora,c:Colpodea,o:Colpodea_X,f:Colpodida,g:Colpoda,s:Colpoda_sp,MT001200.1.1632_U;tax,k:Eukaryota,OTU1863.p:Alveolata-Ciliophora.g:Colpoda
1206,OTU1864,411,1,411,1126,446,852,100,601,1.17e-170,93.204,d:TSAR,p:Rhizaria-Cercozoa,c:Filosa-Sarcomonadea,o:Glissomonadida,f:Allapsidae,g:Group-Te,s:Group_Te_sp,EU709246.1.1127_U;tax,k:Eukaryota,OTU1864.p:Rhizaria-Cercozoa.g:Group-Te
1207,OTU1866,399,1,399,1716,556,954,100,726,0,99.499,d:Archaeplastida,p:Chlorophyta-Chlorophyta_X,c:Chlorophyceae,o:Chlamydomonadales,f:Chlamydomonadales_X,g:Nautococcus,s:Nautococcus_solutus,KM020166.1.1716_U;tax,k:Eukaryota,OTU1866.p:Chlorophyta-Chlorophyta_X.g:Nautococcus
1208,OTU1867,408,1,408,1455,553,958,100,270,3.72e-71,79.187,d:Amoebozoa,p:Evosea-Evosea_X,c:Variosea,o:Flamellidae,f:Flamella-lineage,g:Flamella,s:Flamella_pleistocenica,KP219431.1.1455_U;tax,k:Eukaryota,OTU1867.p:Evosea-Evosea_X.g:Flamella
1209,OTU1868,397,1,397,1756,557,958,100,477,1.98e-133,88.337,d:Archaeplastida,p:Rhodelphidia-Rhodelphidia_X,c:Rhodelphea,o:Rhodelphida,f:Rhodelphidae,g:Rhodelphis,s:Rhodelphis_marinus,MK966712.1.1756_U;tax,k:Eukaryota,OTU1868.p:Rhodelphidia-Rhodelphidia_X.g:Rhodelphis
1210,OTU1869,402,1,402,2130,531,927,100,272,1.02e-71,79.759,d:Eukaryota_X,p:Ancyromonadida-Ancyromonadida_X,c:Ancyromonadida_XX,o:Ancyromonadida_XXX,f:Ancyromonadida_Group-1,g:Ancyromonadida_Group-1_X,s:Fabomonas_tropica,MT355148.1.2130_U;tax,k:Eukaryota,OTU1869.p:Ancyromonadida-Ancyromonadida_X.g:Ancyromonadida_Group-1_X
1211,OTU1870,423,1,423,1319,419,841,100,749,0,98.582,d:TSAR,p:Rhizaria-Cercozoa,c:Endomyxa-Phytomyxea,o:Plasmodiophorida,f:Polymyxa-lineage,g:Polymyxa-lineage_X,s:Polymyxa-lineage_X_sp,KF111194.1.1319_U;tax,k:Eukaryota,OTU1870.p:Rhizaria-Cercozoa.g:Polymyxa-lineage_X
1212,OTU1871,399,1,399,1366,460,855,100,534,1.17e-150,91.022,d:Obazoa,p:Opisthokonta-Choanoflagellata,c:Choanoflagellatea,o:Craspedida,f:Monosigidae_Group_B,g:Lagenoeca,s:Lagenoeca_antarctica,DQ995807.1.1366_U;tax,k:Eukaryota,OTU1871.p:Opisthokonta-Choanoflagellata.g:Lagenoeca
1213,OTU1872,411,1,411,1824,593,1004,100,743,0,99.272,d:TSAR,p:Rhizaria-Cercozoa,c:Filosa-Imbricatea,o:Thaumatomonadida,f:Thaumatomonadidae,g:Allas,s:Allas_diplophysa,AF411262.1.1824_U;tax,k:Eukaryota,OTU1872.p:Rhizaria-Cercozoa.g:Allas
1214,OTU1873,406,1,406,1801,576,981,100,351,1.28e-95,82.482,d:TSAR,p:Rhizaria-Cercozoa,c:Endomyxa,o:Vampyrellida,f:Thalassomyxa-lineage,g:Thalassomyxa,s:Thalassomyxa_sp,KC779515.1.1801_U;tax,k:Eukaryota,OTU1873.p:Rhizaria-Cercozoa.g:Thalassomyxa
1215,OTU1877,412,1,412,1758,556,958,100,641,0,95.146,d:Haptista,p:Centroplasthelida-Centroplasthelida_X,c:Pterocystida,o:Pterista,f:Pterocystidae,g:Pterocystis,s:Pterocystis_sp,AY268043.1.1758_U;tax,k:Eukaryota,OTU1877.p:Centroplasthelida-Centroplasthelida_X.g:Pterocystis
1216,OTU1879,401,1,401,1193,491,891,100,669,0,96.766,d:TSAR,p:Stramenopiles-Gyrista,c:Chrysophyceae,o:Paraphysomonadales,f:Paraphysomonadales_X,g:Paraphysomonadales_XX,s:Paraphysomonadales_XX_sp,AY642735.1.1193_U;tax,k:Eukaryota,OTU1879.p:Stramenopiles-Gyrista.g:Paraphysomonadales_XX
1217,OTU1880,421,1,421,1883,578,989,100,292,8.2e-78,80.093,d:Amoebozoa,p:Evosea-Evosea_X,c:Variosea,o:Fractovitellida,f:Schizoplasmodiidae,g:Ceratiomyxella,s:Ceratiomyxella_tahitiensis,FJ544419.1.1883_U;tax,k:Eukaryota,OTU1880.p:Evosea-Evosea_X.g:Ceratiomyxella
1218,OTU1881,402,1,402,1714,455,857,100,638,0,95.297,d:Archaeplastida,p:Rhodophyta-Rhodophyta_X,c:Bangiophyceae,o:Cyanidiales,f:Cyanidiales_X,g:Cyanidiales_XX,s:Cyanidiales_XX_sp,KP864083.1.1714_U;tax,k:Eukaryota,OTU1881.p:Rhodophyta-Rhodophyta_X.g:Cyanidiales_XX
1219,OTU1882,398,1,398,1846,572,969,100,691,0,97.99,d:Amoebozoa,p:Evosea-Evosea_X,c:Variosea,o:Variosea_X,f:Filamoebidae,g:Filamoeba,s:Filamoeba_nolandi,AF293896.1.1846_U;tax,k:Eukaryota,OTU1882.p:Evosea-Evosea_X.g:Filamoeba
1220,OTU1883,326,1,325,951,426,750,99,556,2e-157,97.538,d:TSAR,p:Alveolata-Ciliophora,c:Litostomatea,o:Haptoria_5,f:Pleurostomatida,g:Pleurostomatida_X,s:Pleurostomatida_X_sp,LN870157.1.951_U;tax,k:Eukaryota,OTU1883.p:Alveolata-Ciliophora.g:Pleurostomatida_X
1221,OTU1884,403,1,403,1796,581,985,100,630,1.46e-179,94.815,d:TSAR,p:Stramenopiles-Bigyra,c:Opalozoa,o:Opalozoa_X,f:MAST-12,g:MAST-12C,s:MAST-12C_sp,EF023594.1.1796_U;tax,k:Eukaryota,OTU1884.p:Stramenopiles-Bigyra.g:MAST-12C
1222,OTU1885,393,1,393,1761,575,967,100,704,0,98.982,d:TSAR,p:Alveolata-Ciliophora,c:Spirotrichea,o:Hypotrichia,f:Oxytrichidae,g:Oxytrichidae_X,s:Oxytrichidae_X_sp,EF024903.1.1761_U;tax,k:Eukaryota,OTU1885.p:Alveolata-Ciliophora.g:Oxytrichidae_X
1223,OTU1886,390,1,390,1596,529,915,100,590,2.39e-167,94.133,d:Amoebozoa,p:Tubulinea-Tubulinea_X,c:Elardia,o:Euamoebida,f:Nolandellidae,g:Nolandellidae_X,s:Nolandellidae_X_sp,HM628631.1.1596_U;tax,k:Eukaryota,OTU1886.p:Tubulinea-Tubulinea_X.g:Nolandellidae_X
1224,OTU1887,406,1,406,1806,589,994,100,590,2.5e-167,92.875,d:TSAR,p:Rhizaria-Cercozoa,c:Filosa-Sarcomonadea,o:Cercomonadida,f:Paracercomonadidae,g:Paracercomonas,s:Paracercomonas_sp,EF024294.1.1806_U;tax,k:Eukaryota,OTU1887.p:Rhizaria-Cercozoa.g:Paracercomonas
1225,OTU1888,403,155,403,1555,506,756,62,196,6.31e-49,81.176,d:TSAR,p:Stramenopiles-Bigyra,c:Bicoecea,o:Anoecales,f:Cafeteriaceae,g:Cafeteria,s:Cafeteria_graefeae,MN315613.1.1555_U;tax,k:Eukaryota,OTU1888.p:Stramenopiles-Bigyra.g:Cafeteria
1226,OTU1889,405,165,370,1615,751,958,51,150,5.01e-35,80.095,d:Haptista,p:Centroplasthelida-Centroplasthelida_X,c:Centroplasthelida_XX,o:Centroplasthelida_XXX,f:Centroplasthelida_XXXX,g:Centroplasthelida_XXXXX,s:Centroplasthelida_XXXXX_sp,AY749490.1.1615_U;tax,k:Eukaryota,OTU1889.p:Centroplasthelida-Centroplasthelida_X.g:Centroplasthelida_XXXXX
1227,OTU1890,398,1,398,1001,540,936,100,507,2.53e-142,89.724,d:Obazoa,p:Opisthokonta-Ichthyosporea,c:Ichthyophonida,o:Pseudoperkinsidae,f:Pseudoperkinsidae_X,g:Pseudoperkinsus,s:Pseudoperkinsus_tapetis,JN547263.1.1001_U;tax,k:Eukaryota,OTU1890.p:Opisthokonta-Ichthyosporea.g:Pseudoperkinsus
1228,OTU1895,417,113,416,756,26,329,73,534,1.22e-150,98.355,d:TSAR,p:Stramenopiles-Bigyra,c:Sagenista,o:Labyrinthulomycetes,f:Amphifilaceae,g:Amphifilaceae_X,s:Amphifilaceae_X_sp,LN587488.1.756_U;tax,k:Eukaryota,OTU1895.p:Stramenopiles-Bigyra.g:Amphifilaceae_X
1229,OTU1897,412,1,412,1877,592,1000,100,370,3.6e-101,83.213,d:Amoebozoa,p:Evosea-Evosea_X,c:Variosea,o:Variosea_X,f:Variosea_XX,g:Variosea_XXX,s:Variosea_XXX_sp,EF024417.1.1877_U;tax,k:Eukaryota,OTU1897.p:Evosea-Evosea_X.g:Variosea_XXX
1230,OTU1900,401,1,401,1839,567,967,100,614,1.46e-174,94.279,d:Amoebozoa,p:Evosea-Evosea_X,c:Variosea,o:Variosea_X,f:WIM1-lineage,g:WIM1-lineage_X,s:WIM1-lineage_X_sp,AB695494.1.1839_U;tax,k:Eukaryota,OTU1900.p:Evosea-Evosea_X.g:WIM1-lineage_X
1231,OTU1902,392,19,52,2488,1082,1115,9,52.8,1.4e-05,94.118,d:Amoebozoa,p:Evosea-Eumycetozoa,c:Myxogastria_Lucisporidia,o:Myxogastria_Lucisporidia_X,f:Trichiidae,g:Trichia,s:Trichia_decipiens,FJ810499.1.2488_G;tax,k:Eukaryota,OTU1902.p:Evosea-Eumycetozoa.g:Trichia
1232,OTU1903,402,1,402,735,173,574,100,616,4.08e-175,94.279,d:TSAR,p:Stramenopiles-Bigyra,c:Sagenista,o:Labyrinthulomycetes,f:Labyrinthulaceae,g:Labyrinthulaceae_X,s:Labyrinthulaceae_X_sp,FJ389881.1.735_U;tax,k:Eukaryota,OTU1903.p:Stramenopiles-Bigyra.g:Labyrinthulaceae_X
1233,OTU1904,414,1,411,1842,598,1008,99,754,0,99.757,d:Excavata,p:Discoba-Discoba_X,c:Discoba_XX,o:Jakobida,f:Moramonadidae,g:Seculamonas,s:Seculamonas_ecuadoriensis,DQ190541.1.1842_U;tax,k:Eukaryota,OTU1904.p:Discoba-Discoba_X.g:Seculamonas
1234,OTU1908,406,1,406,1836,594,999,100,623,2.46e-177,94.335,d:Amoebozoa,p:Tubulinea-Tubulinea_X,c:Elardia,o:Euamoebida,f:Vermamoebidae,g:Hartmannella,s:Hartmannella_abertawensis,JQ271707.1.1836_U;tax,k:Eukaryota,OTU1908.p:Tubulinea-Tubulinea_X.g:Hartmannella
1235,OTU1909,404,1,404,1752,564,967,100,647,0,95.556,d:TSAR,p:Stramenopiles-Gyrista,c:Eustigmatophyceae,o:Eustigmatophyceae_X,f:Eustigmatophyceae_XX,g:Pseudocharaciopsis,s:Pseudocharaciopsis_ovalis,KF848932.1.1752_U;tax,k:Eukaryota,OTU1909.p:Stramenopiles-Gyrista.g:Pseudocharaciopsis
1236,OTU1910,404,162,404,2065,802,1046,74,274,2.84e-72,86.992,d:Obazoa,p:Opisthokonta-Choanoflagellata,c:Choanoflagellatea,o:Craspedida,f:Salpingoecidae_Group_C1,g:Salpingoeca_C1,s:Salpingoeca_amphoridium,DQ059032.1.2065_U;tax,k:Eukaryota,OTU1910.p:Opisthokonta-Choanoflagellata.g:Salpingoeca_C1
1237,OTU1911,391,1,391,1737,561,951,100,645,0,96.429,d:TSAR,p:Alveolata-Ciliophora,c:Colpodea,o:Colpodea_X,f:Colpodida,g:Colpodida_X,s:Colpodida_X_sp,JF747216.1.1737_U;tax,k:Eukaryota,OTU1911.p:Alveolata-Ciliophora.g:Colpodida_X
1238,OTU1912,424,1,424,1438,155,567,100,412,6.06e-114,84.778,d:Amoebozoa,p:Tubulinea-Tubulinea_X,c:Elardia,o:Euamoebida,f:Hartmannellidae,g:Copromyxa,s:Copromyxa_microcystidis,KP719188.1.1438_U;tax,k:Eukaryota,OTU1912.p:Tubulinea-Tubulinea_X.g:Copromyxa
1239,OTU1913,410,1,410,1283,204,615,100,405,9.81e-112,84.652,d:TSAR,p:Rhizaria-Cercozoa,c:Endomyxa,o:Vampyrellida,f:Penardia-lineage,g:Penardia-lineage_X,s:Penardia-lineage_X_sp,AF372742.1.1283_U;tax,k:Eukaryota,OTU1913.p:Rhizaria-Cercozoa.g:Penardia-lineage_X
1240,OTU1914,399,1,399,1676,538,933,100,628,5.2e-179,95.238,d:TSAR,p:Alveolata-Chrompodellids,c:Colpodellidea,o:Colpodellida,f:Alphamonaceae,g:Alphamonadea_ALPH2,s:Alphamonadea_ALPH2_sp,AB721062.1.1676_U;tax,k:Eukaryota,OTU1914.p:Alveolata-Chrompodellids.g:Alphamonadea_ALPH2
1241,OTU1917,423,186,423,1743,715,953,70,230,6.55e-59,84.298,d:TSAR,p:Telonemia-Telonemia_X,c:Telonemia_XX,o:Telonemia_XXX,f:Telonemia-Group-2,g:Telonemia-Group-2_X,s:Telonemia-Group-2_X_sp,EU371332.1.1743_U;tax,k:Eukaryota,OTU1917.p:Telonemia-Telonemia_X.g:Telonemia-Group-2_X
1242,OTU1919,409,1,409,956,442,839,100,313,6.1e-84,81.295,d:Archaeplastida,p:Chlorophyta-Chlorophyta_X,c:Chlorophyceae,o:Sphaeropleales,f:Microsporaceae,g:Microspora,s:Microspora_sp,KM056293.1.956_U;tax,k:Eukaryota,OTU1919.p:Chlorophyta-Chlorophyta_X.g:Microspora
1243,OTU1920,413,1,413,1698,515,910,100,370,3.61e-101,83.575,d:Obazoa,p:Opisthokonta-Choanoflagellata,c:Choanoflagellatea,o:Choanoflagellatea_X,f:Choanoflagellatea_XX,g:Salpingoeca,s:Salpingoeca_aroma,MW843498.1.1698_U;tax,k:Eukaryota,OTU1920.p:Opisthokonta-Choanoflagellata.g:Salpingoeca
1244,OTU1923,429,1,429,1849,592,1020,100,521,9.77e-147,88.631,d:Amoebozoa,p:Tubulinea-Tubulinea_X,c:Echinamoebida,o:Echinamoebida_X,f:Echinamoebidae,g:Echinamoeba,s:Echinamoeba_thermarum,AJ489261.1.1849_U;tax,k:Eukaryota,OTU1923.p:Tubulinea-Tubulinea_X.g:Echinamoeba
1245,OTU1924,404,1,404,1728,516,917,100,453,3.4e-126,87.01,d:TSAR,p:Rhizaria-Cercozoa,c:Filosa-Granofilosea,o:Limnofilida,f:Limnofilidae,g:Limnofila,s:Limnofila_longa,EU567254.1.1728_U;tax,k:Eukaryota,OTU1924.p:Rhizaria-Cercozoa.g:Limnofila
1246,OTU1925,320,1,319,1521,471,795,99,490,2.02e-137,94.154,d:TSAR,p:Alveolata-Ciliophora,c:Litostomatea,o:Rhynchostomatia,f:Dileptidae,g:Dimacrocaryon,s:Dimacrocaryon_amphileptoides,KP868766.1.1521_U;tax,k:Eukaryota,OTU1925.p:Alveolata-Ciliophora.g:Dimacrocaryon
1247,OTU1926,395,1,395,1655,526,919,100,628,5.14e-179,95.443,d:TSAR,p:Stramenopiles-Bigyra,c:Bicoecea,o:Pseudodendromonadales,f:Pseudodendromonadales_X,g:Pseudodendromonadales_XX,s:Pseudodendromonadales_XX_sp,AB721079.1.1655_U;tax,k:Eukaryota,OTU1926.p:Stramenopiles-Bigyra.g:Pseudodendromonadales_XX
1248,OTU1927,410,1,410,1190,566,975,100,747,0,99.512,d:TSAR,p:Alveolata-Ciliophora,c:Spirotrichea,o:Hypotrichia,f:Holostichidae,g:Holosticha,s:Holosticha_diademata,KC306591.1.1190_U;tax,k:Eukaryota,OTU1927.p:Alveolata-Ciliophora.g:Holosticha
1249,OTU1928,408,280,408,1650,759,887,32,84.2,5.2e-15,78.788,d:TSAR,p:Rhizaria-Cercozoa,c:Endomyxa,o:Vampyrellida,f:Vampyrellida_X,g:Vampyrellida_XX,s:Vampyrellida_XX_sp,GU385647.1.1650_U;tax,k:Eukaryota,OTU1928.p:Rhizaria-Cercozoa.g:Vampyrellida_XX
1250,OTU1929,395,1,395,1744,564,959,100,713,0,99.242,d:Archaeplastida,p:Chlorophyta-Chlorophyta_X,c:Chlorophyceae,o:Chlamydomonadales,f:Chlamydomonadales_X,g:Golenkinia,s:Golenkinia_sp,AF499924.1.1744_U;tax,k:Eukaryota,OTU1929.p:Chlorophyta-Chlorophyta_X.g:Golenkinia
1251,OTU1931,375,1,375,1786,561,935,100,145,2.15e-33,74.745,d:Amoebozoa,p:Evosea-Evosea_X,c:Variosea,o:Cavosteliida,f:Cavosteliida_X,g:Schizoplasmodiopsis,s:Schizoplasmodiopsis_pseudoendospora,FJ766475.1.1786_U;tax,k:Eukaryota,OTU1931.p:Evosea-Evosea_X.g:Schizoplasmodiopsis
1252,OTU1932,396,1,396,1833,623,1020,100,573,2.45e-162,92.768,d:TSAR,p:Stramenopiles-Bigyra,c:Bicoecea,o:Bicoecales,f:Bicoecaceae,g:Bicoecaceae_X,s:Bicoecaceae_X_sp,EF023971.30.1863_U;tax,k:Eukaryota,OTU1932.p:Stramenopiles-Bigyra.g:Bicoecaceae_X
1253,OTU1938,407,1,407,1804,588,988,100,425,7.47e-118,85.99,d:TSAR,p:Alveolata-Dinoflagellata,c:Dinophyceae,o:Dinophyceae_X,f:Dinophyceae_XX,g:Dinophyceae_XXX,s:Dinophyceae_XXX_sp,KJ763557.1.1804_U;tax,k:Eukaryota,OTU1938.p:Alveolata-Dinoflagellata.g:Dinophyceae_XXX
1254,OTU1939,374,2,374,1735,571,940,99,553,3e-156,93.583,d:TSAR,p:Alveolata-Chrompodellids,c:Colpodellidea,o:Colpodellida,f:Colpodellaceae,g:Colpodellidae2,s:Colpodellidae2_sp,EF025008.1.1735_U;tax,k:Eukaryota,OTU1939.p:Alveolata-Chrompodellids.g:Colpodellidae2
1255,OTU1943,396,1,396,1450,468,862,100,647,0,96.212,d:Obazoa,p:Opisthokonta-Ichthyosporea,c:Ichthyophonida,o:Pseudoperkinsidae,f:Pseudoperkinsidae_X,g:Pseudoperkinsidae_XX,s:Pseudoperkinsidae_XX_sp,GQ330605.1.1450_U;tax,k:Eukaryota,OTU1943.p:Opisthokonta-Ichthyosporea.g:Pseudoperkinsidae_XX
1256,OTU1944,415,1,415,1749,547,958,100,603,3.28e-171,93.046,d:Amoebozoa,p:Tubulinea-Tubulinea_X,c:Elardia,o:Leptomyxida,f:Leptomyxidae,g:Leptomyxa,s:Leptomyxa_arborea,KT945254.1.1749_U;tax,k:Eukaryota,OTU1944.p:Tubulinea-Tubulinea_X.g:Leptomyxa
1257,OTU1945,407,1,407,1862,578,984,100,520,3.33e-146,89.681,d:Amoebozoa,p:Evosea-Evosea_X,c:Variosea,o:Variosea_X,f:Variosea_XX,g:Variosea_XXX,s:Variosea_XXX_sp,EF023424.1.1862_U;tax,k:Eukaryota,OTU1945.p:Evosea-Evosea_X.g:Variosea_XXX
1258,OTU1948,408,1,408,1502,524,931,100,743,0,99.51,d:TSAR,p:Rhizaria-Cercozoa,c:Cercozoa_X,o:Cercozoa_XX,f:Cercozoa_XXX,g:Cercozoa_XXXX,s:Cercozoa_XXXX_sp,KJ925330.1.1502_U;tax,k:Eukaryota,OTU1948.p:Rhizaria-Cercozoa.g:Cercozoa_XXXX
1259,OTU1950,415,170,415,1686,689,930,59,285,1.35e-75,87.805,d:TSAR,p:Stramenopiles-Bigyra,c:Bicoecea,o:Pseudodendromonadales,f:Pseudodendromonadales_X,g:Pseudodendromonadales_XX,s:Pseudodendromonadales_XX_sp,AY919785.1.1686_U;tax,k:Eukaryota,OTU1950.p:Stramenopiles-Bigyra.g:Pseudodendromonadales_XX
1260,OTU1951,411,1,411,1281,204,611,100,628,5.36e-179,94.417,d:TSAR,p:Rhizaria-Cercozoa,c:Filosa-Sarcomonadea,o:Glissomonadida,f:Glissomonadida_X,g:Glissomonadida_XX,s:Glissomonadida_XX_sp,JN635482.1.1281_U;tax,k:Eukaryota,OTU1951.p:Rhizaria-Cercozoa.g:Glissomonadida_XX
1261,OTU1952,403,1,403,1741,536,942,100,527,1.97e-148,90.22,d:TSAR,p:Rhizaria-Cercozoa,c:Filosa-Thecofilosea,o:Cryomonadida,f:Protaspa-lineage,g:Protaspa,s:Protaspa_sp,AB505571.1.1741_U;tax,k:Eukaryota,OTU1952.p:Rhizaria-Cercozoa.g:Protaspa
1262,OTU1953,401,1,401,1701,497,897,100,492,7.15e-138,88.889,d:TSAR,p:Stramenopiles-Gyrista,c:Chrysophyceae,o:Ochromonadales,f:Ochromonadaceae,g:Spumella,s:Spumella_sp,AY651079.1.1701_U;tax,k:Eukaryota,OTU1953.p:Stramenopiles-Gyrista.g:Spumella
1263,OTU1954,409,1,409,1694,492,898,100,577,1.96e-163,92.176,d:TSAR,p:Rhizaria-Cercozoa,c:Filosa-Thecofilosea,o:Cryomonadida,f:Protaspa-lineage,g:Protaspa-lineage_X,s:Protaspa-lineage_X_sp,AB252745.1.1694_U;tax,k:Eukaryota,OTU1954.p:Rhizaria-Cercozoa.g:Protaspa-lineage_X
1264,OTU1956,408,1,408,1804,549,951,100,460,2.05e-128,87.348,d:Archaeplastida,p:Rhodophyta-Rhodophyta_X,c:Bangiophyceae,o:Cyanidiales,f:Cyanidiales_X,g:Cyanidiales_XX,s:Cyanidiales_XX_sp,AB695473.1.1804_U;tax,k:Eukaryota,OTU1956.p:Rhodophyta-Rhodophyta_X.g:Cyanidiales_XX
1265,OTU1957,404,164,404,857,148,387,60,222,1.04e-56,83.471,d:Amoebozoa,p:Evosea-Evosea_X,c:Variosea,o:Variosea_X,f:Mb5C-lineage,g:Mb5C-lineage_X,s:Mb5C-lineage_X_sp,FJ903024.1.857_U;tax,k:Eukaryota,OTU1957.p:Evosea-Evosea_X.g:Mb5C-lineage_X
1266,OTU1958,407,1,407,1804,593,1004,100,484,1.22e-135,88.221,d:TSAR,p:Rhizaria-Cercozoa,c:Filosa-Sarcomonadea,o:Glissomonadida,f:Allapsidae,g:Allantion,s:Allantion_sp,AAYJ01000086.1.1804_U;tax,k:Eukaryota,OTU1958.p:Rhizaria-Cercozoa.g:Allantion
1267,OTU1961,410,1,410,1342,523,929,100,638,0,94.891,d:TSAR,p:Rhizaria-Cercozoa,c:Filosa-Sarcomonadea,o:Cercomonadida,f:Cercomonadidae,g:Cercomonas,s:Cercomonas_sp,MG775582.1.1342_U;tax,k:Eukaryota,OTU1961.p:Rhizaria-Cercozoa.g:Cercomonas
1268,OTU1964,407,1,407,1805,590,995,100,496,5.62e-139,88.78,d:TSAR,p:Rhizaria-Cercozoa,c:Filosa-Sarcomonadea,o:Cercomonadida,f:Paracercomonadidae,g:Paracercomonas,s:Paracercomonas_sp,EF024973.1.1805_U;tax,k:Eukaryota,OTU1964.p:Rhizaria-Cercozoa.g:Paracercomonas
1269,OTU1965,392,1,392,1713,545,932,100,588,8.65e-167,93.878,d:TSAR,p:Stramenopiles-Bigyra,c:Bicoecea,o:Pseudodendromonadales,f:Pseudodendromonadales_X,g:Pseudodendromonadales_XX,s:Pseudodendromonadales_XX_sp,HM135093.1.1713_U;tax,k:Eukaryota,OTU1965.p:Stramenopiles-Bigyra.g:Pseudodendromonadales_XX
1270,OTU1966,388,1,388,1279,92,481,100,614,1.41e-174,95.141,d:TSAR,p:Alveolata-Apicomplexa,c:Gregarinomorphea,o:Neogregarinorida,f:Actinocephalidae,g:Aranciocystis,s:Aranciocystis_muskarensis,KU926299.1.1279_U;tax,k:Eukaryota,OTU1966.p:Alveolata-Apicomplexa.g:Aranciocystis
1271,OTU1967,407,1,407,1189,504,910,100,719,0,98.526,d:TSAR,p:Rhizaria-Cercozoa,c:Filosa-Sarcomonadea,o:Glissomonadida,f:Sandonidae,g:Sandona,s:Sandona_sp,EU709163.1.1190_U;tax,k:Eukaryota,OTU1967.p:Rhizaria-Cercozoa.g:Sandona
1272,OTU1968,402,1,402,715,176,576,100,625,6.78e-178,94.789,d:TSAR,p:Stramenopiles-Bigyra,c:Sagenista,o:Labyrinthulomycetes,f:Labyrinthulaceae,g:Aplanochytrium,s:Aplanochytrium_sp,FJ389869.1.715_U;tax,k:Eukaryota,OTU1968.p:Stramenopiles-Bigyra.g:Aplanochytrium
1273,OTU1969,417,1,417,1544,366,773,100,446,5.89e-124,86.429,d:Obazoa,p:Opisthokonta-Choanoflagellata,c:Choanoflagellatea,o:Craspedida,f:Salpingoecidae_Group_C1,g:Salpingoecidae_Group_C1_X,s:Salpingoecidae_Group_C1_X_sp,GU647193.1.1544_U;tax,k:Eukaryota,OTU1969.p:Opisthokonta-Choanoflagellata.g:Salpingoecidae_Group_C1_X
1274,OTU1970,393,1,393,1713,545,932,100,549,4.09e-155,92.191,d:TSAR,p:Stramenopiles-Bigyra,c:Bicoecea,o:Pseudodendromonadales,f:Pseudodendromonadales_X,g:Pseudodendromonadales_XX,s:Pseudodendromonadales_XX_sp,HM135093.1.1713_U;tax,k:Eukaryota,OTU1970.p:Stramenopiles-Bigyra.g:Pseudodendromonadales_XX
1275,OTU1971,420,1,420,1793,556,965,100,407,2.8e-112,84.848,d:TSAR,p:Stramenopiles-Gyrista,c:Peronosporomycetes,o:Peronosporomycetes_X,f:Peronosporales,g:Pythium,s:Pythium_senticosum,HQ643773.1.1793_U;tax,k:Eukaryota,OTU1971.p:Stramenopiles-Gyrista.g:Pythium
1276,OTU1972,407,1,407,1865,620,1031,100,634,1.14e-180,94.699,d:Amoebozoa,p:Tubulinea-Tubulinea_X,c:Elardia,o:Euamoebida,f:LOS7N/I-lineage,g:LOS7N/I-lineage_X,s:LOS7N/I-lineage_X_sp,AY145442.1.1865_U;tax,k:Eukaryota,OTU1972.p:Tubulinea-Tubulinea_X.g:LOS7N/I-lineage_X
1277,OTU1973,406,1,406,1658,543,948,100,728,0,99.015,d:TSAR,p:Rhizaria-Cercozoa,c:Filosa-Thecofilosea,o:Cryomonadida,f:Rhogostoma-lineage,g:Rhogostoma,s:Rhogostoma_radagasteri,MN860281.1.1658_U;tax,k:Eukaryota,OTU1973.p:Rhizaria-Cercozoa.g:Rhogostoma
1278,OTU1974,401,1,401,1728,516,917,100,494,1.99e-138,88.861,d:TSAR,p:Rhizaria-Cercozoa,c:Filosa-Granofilosea,o:Limnofilida,f:Limnofilidae,g:Limnofila,s:Limnofila_longa,EU567254.1.1728_U;tax,k:Eukaryota,OTU1974.p:Rhizaria-Cercozoa.g:Limnofila
1279,OTU1975,327,1,326,602,254,579,99,592,5.5e-168,99.387,d:TSAR,p:Alveolata-Ciliophora,c:Litostomatea,o:Litostomatea_X,f:Litostomatea_XX,g:Pseudoholophrya,s:Pseudoholophrya_sp,DQ115954.1.602_U;tax,k:Eukaryota,OTU1975.p:Alveolata-Ciliophora.g:Pseudoholophrya
1280,OTU1976,407,1,407,1227,442,848,100,708,0,98.034,d:TSAR,p:Rhizaria-Cercozoa,c:Filosa-Sarcomonadea,o:Glissomonadida,f:Sandonidae,g:Sandonidae_X,s:Sandonidae_X_sp,EU709193.52.1278_U;tax,k:Eukaryota,OTU1976.p:Rhizaria-Cercozoa.g:Sandonidae_X
1281,OTU1977,420,1,420,1544,366,773,100,449,4.59e-125,86.588,d:Obazoa,p:Opisthokonta-Choanoflagellata,c:Choanoflagellatea,o:Craspedida,f:Salpingoecidae_Group_C1,g:Salpingoecidae_Group_C1_X,s:Salpingoecidae_Group_C1_X_sp,GU647193.1.1544_U;tax,k:Eukaryota,OTU1977.p:Opisthokonta-Choanoflagellata.g:Salpingoecidae_Group_C1_X
1282,OTU1978,395,1,395,1694,499,892,100,512,5.4e-144,90.201,d:TSAR,p:Alveolata-Ciliophora,c:Spirotrichea,o:Hypotrichia,f:Oxytrichidae,g:Bistichella,s:Bistichella_FG-2014,KJ509196.1.1694_U;tax,k:Eukaryota,OTU1978.p:Alveolata-Ciliophora.g:Bistichella
1283,OTU1979,425,91,425,571,1,333,79,435,1.3e-120,90.208,d:Archaeplastida,p:Rhodophyta-Rhodophyta_X,c:Bangiophyceae,o:Cyanidiales,f:Cyanidiales_X,g:Galdieria,s:Galdieria_sulphuraria,MW090722.1.571_U;tax,k:Eukaryota,OTU1979.p:Rhodophyta-Rhodophyta_X.g:Galdieria
1284,OTU1983,411,1,411,1605,531,925,100,468,1.24e-130,87.835,d:Amoebozoa,p:Tubulinea-Tubulinea_X,c:Elardia,o:Euamoebida,f:Nolandellidae,g:Nolandellidae_X,s:Nolandellidae_X_sp,AF372795.1.1605_U;tax,k:Eukaryota,OTU1983.p:Tubulinea-Tubulinea_X.g:Nolandellidae_X
1285,OTU1984,407,1,407,1730,556,961,100,590,2.5e-167,92.892,d:TSAR,p:Stramenopiles-Gyrista,c:Synchromophyceae,o:Synchromophyceae_X,f:Synchromophyceae_XX,g:Synchromophyceae_XXX,s:Synchromophyceae_XXX_sp,FJ356265.1.1730_U;tax,k:Eukaryota,OTU1984.p:Stramenopiles-Gyrista.g:Synchromophyceae_XXX
1286,OTU1985,403,1,49,1741,551,599,12,63.9,6.68e-09,90.196,d:TSAR,p:Stramenopiles-Bigyra,c:Sagenista,o:Labyrinthulomycetes,f:Amphifilaceae,g:Fibrophrys,s:Fibrophrys_sp,AY919687.1.1741_U;tax,k:Eukaryota,OTU1985.p:Stramenopiles-Bigyra.g:Fibrophrys
1287,OTU1986,422,1,422,1961,599,1033,100,270,3.85e-71,78.733,d:Amoebozoa,p:Evosea-Evosea_X,c:Variosea,o:Flamellidae,f:WIM80-lineage,g:WIM80-lineage_X,s:WIM80-lineage_X_sp,AM114808.1.1961_U;tax,k:Eukaryota,OTU1986.p:Evosea-Evosea_X.g:WIM80-lineage_X
1288,OTU1987,400,1,400,1800,580,980,100,717,0,99.002,d:TSAR,p:Rhizaria-Cercozoa,c:Filosa-Sarcomonadea,o:Cercomonadida,f:Paracercomonadidae,g:Paracercomonas,s:Paracercomonas_longicauda,AF101052.1.1800_U;tax,k:Eukaryota,OTU1987.p:Rhizaria-Cercozoa.g:Paracercomonas
1289,OTU1988,407,1,407,1355,591,996,100,717,0,98.526,d:TSAR,p:Rhizaria-Cercozoa,c:Filosa-Thecofilosea,o:Cryomonadida,f:Rhogostoma-lineage,g:Rhogostoma-lineage_X,s:Rhogostoma-lineage_X_sp,EF100284.1.1355_U;tax,k:Eukaryota,OTU1988.p:Rhizaria-Cercozoa.g:Rhogostoma-lineage_X
1290,OTU1989,404,163,404,1923,802,1045,60,244,2.23e-63,85.02,d:Amoebozoa,p:Evosea-Evosea_X,c:Variosea,o:Variosea_X,f:Mb5C-lineage,g:Mb5C-lineage_X,s:Mb5C-lineage_X_sp,AB695456.1.1923_U;tax,k:Eukaryota,OTU1989.p:Evosea-Evosea_X.g:Mb5C-lineage_X
1291,OTU1990,326,1,325,734,5,329,99,579,4.27e-164,98.769,d:TSAR,p:Alveolata-Ciliophora,c:Litostomatea,o:Litostomatea_X,f:Litostomatea_XX,g:Litostomatea_XXX,s:Litostomatea_XXX_sp,AY124363.1.734_U;tax,k:Eukaryota,OTU1990.p:Alveolata-Ciliophora.g:Litostomatea_XXX
1292,OTU1991,396,1,396,2421,559,954,100,715,0,99.242,d:Archaeplastida,p:Chlorophyta-Chlorophyta_X,c:Chlorophyceae,o:Chlamydomonadales,f:Chlamydomonadales_X,g:Chlorogonium,s:Chlorogonium_euchlorum,OM985705.1.2421_U;tax,k:Eukaryota,OTU1991.p:Chlorophyta-Chlorophyta_X.g:Chlorogonium
1293,OTU1992,412,1,412,1860,570,980,100,532,4.34e-150,90.12,d:Amoebozoa,p:Evosea-Evosea_X,c:Variosea,o:Variosea_X,f:Variosea_XX,g:Variosea_XXX,s:Variosea_XXX_sp,AB695458.1.1860_U;tax,k:Eukaryota,OTU1992.p:Evosea-Evosea_X.g:Variosea_XXX
1294,OTU1993,416,1,416,1697,524,940,100,492,7.44e-138,88.18,d:TSAR,p:Stramenopiles-Bigyra,c:Sagenista,o:Labyrinthulomycetes,f:Amphifilaceae,g:Fibrophrys,s:Fibrophrys_sp,AB721051.1.1697_U;tax,k:Eukaryota,OTU1993.p:Stramenopiles-Bigyra.g:Fibrophrys
1295,OTU1995,387,1,387,1685,545,931,100,593,1.83e-168,94.315,d:TSAR,p:Alveolata-Ciliophora,c:Colpodea,o:Colpodea_X,f:Platyophryida,g:Platyophrya,s:Platyophrya_bromelicola,EU039905.1.1685_U;tax,k:Eukaryota,OTU1995.p:Alveolata-Ciliophora.g:Platyophrya
1296,OTU1996,397,1,397,1043,494,890,100,501,1.18e-140,89.526,d:Obazoa,p:Opisthokonta-Opisthokonta_X,c:Opisthokonta_XX,o:Opisthokonta_XXX,f:Opisthokonta_XXXX,g:Opisthokonta_XXXXX,s:Opisthokonta_XXXXX_sp,JN825684.1.1043_U;tax,k:Eukaryota,OTU1996.p:Opisthokonta-Opisthokonta_X.g:Opisthokonta_XXXXX
1297,OTU1997,402,1,402,1624,326,727,100,726,0,99.254,d:Amoebozoa,p:Evosea-Eumycetozoa,c:Eumycetozoa_X,o:Dictyosteliida,f:Dictyosteliida-Group-IV,g:Polysphondylium-Group-IV,s:Polysphondylium_violaceum,HQ732204.1.2470_U;tax,k:Eukaryota,OTU1997.p:Evosea-Eumycetozoa.g:Polysphondylium-Group-IV
1298,OTU1998,368,1,368,2226,1038,1407,100,477,1.83e-133,90.027,d:Amoebozoa,p:Tubulinea-Tubulinea_X,c:Elardia,o:Euamoebida,f:LOS7N/I-lineage,g:Ptolemeba,s:Ptolemeba_noxubium,KJ542110.1.2226_U;tax,k:Eukaryota,OTU1998.p:Tubulinea-Tubulinea_X.g:Ptolemeba
1299,OTU2000,379,1,379,1307,532,910,100,689,0,99.472,d:TSAR,p:Alveolata-Ciliophora,c:Armophorea,o:Armophorea_X,f:Metopidae,g:Metopus,s:Metopus_gibbus,MN604067.1.1307_U;tax,k:Eukaryota,OTU2000.p:Alveolata-Ciliophora.g:Metopus
1300,OTU2002,327,1,326,1546,485,808,99,534,9.4e-151,96.33,d:TSAR,p:Alveolata-Ciliophora,c:Litostomatea,o:Litostomatea_X,f:Litostomatea_XX,g:Litostomatea_XXX,s:Litostomatea_XXX_sp,KT246081.1.1546_U;tax,k:Eukaryota,OTU2002.p:Alveolata-Ciliophora.g:Litostomatea_XXX
1301,OTU2005,387,1,387,1754,565,951,100,638,0,96.382,d:TSAR,p:Alveolata-Ciliophora,c:Colpodea,o:Colpodea_X,f:Platyophryida,g:Kuklikophrya,s:Kuklikophrya_ougandae,JQ356868.1.1754_U;tax,k:Eukaryota,OTU2005.p:Alveolata-Ciliophora.g:Kuklikophrya
1302,OTU2006,411,1,411,1876,570,979,100,725,0,98.54,d:Amoebozoa,p:Evosea-Evosea_X,c:Variosea,o:Variosea_X,f:Phalansteriidae,g:Phalansterium,s:Phalansterium_solitarium,AF280078.1.1876_U;tax,k:Eukaryota,OTU2006.p:Evosea-Evosea_X.g:Phalansterium
1303,OTU2007,440,1,440,1936,590,1029,100,802,0,99.545,d:Amoebozoa,p:Evosea-Eumycetozoa,c:Eumycetozoa_X,o:Dictyosteliida,f:Dictyosteliida-Group-II,g:Polysphondylium-Group-II,s:Polysphondylium_tikalense,AM168106.1.1936_U;tax,k:Eukaryota,OTU2007.p:Evosea-Eumycetozoa.g:Polysphondylium-Group-II
1304,OTU2008,407,1,407,1111,483,889,100,664,0,96.069,d:TSAR,p:Rhizaria-Cercozoa,c:Novel-clade-10-12,o:Tremulida,f:Tremulidae,g:Tremula,s:Tremula_longifila,EU567287.1.1111_U;tax,k:Eukaryota,OTU2008.p:Rhizaria-Cercozoa.g:Tremula
1305,OTU2009,329,1,328,1547,481,807,99,527,1.58e-148,95.745,d:TSAR,p:Alveolata-Ciliophora,c:Litostomatea,o:Litostomatea_X,f:Litostomatea_XX,g:Arcuospathidium,s:Arcuospathidium_cultriforme,KT246076.1.1547_U;tax,k:Eukaryota,OTU2009.p:Alveolata-Ciliophora.g:Arcuospathidium
1306,OTU2011,406,1,406,1804,593,1004,100,484,1.21e-135,88.107,d:TSAR,p:Rhizaria-Cercozoa,c:Filosa-Sarcomonadea,o:Glissomonadida,f:Allapsidae,g:Allantion,s:Allantion_sp,AAYJ01000086.1.1804_U;tax,k:Eukaryota,OTU2011.p:Rhizaria-Cercozoa.g:Allantion
1307,OTU2018,406,1,406,1110,432,837,100,673,0,96.552,d:TSAR,p:Rhizaria-Cercozoa,c:Filosa-Sarcomonadea,o:Glissomonadida,f:Glissomonadida_Clade-Y,g:Glissomonadida_Clade-Y_X,s:Glissomonadida_Clade-Y_X_sp,EU709252.1.1110_U;tax,k:Eukaryota,OTU2018.p:Rhizaria-Cercozoa.g:Glissomonadida_Clade-Y_X
1308,OTU2020,404,1,404,1693,528,928,100,566,4.19e-160,92.138,d:TSAR,p:Stramenopiles-Gyrista,c:Chrysophyceae,o:Hydrurales,f:Hydrurales_X,g:Hydrurales_XX,s:Hydrurales_XX_sp,FN690663.1.1693_U;tax,k:Eukaryota,OTU2020.p:Stramenopiles-Gyrista.g:Hydrurales_XX
1309,OTU2021,371,1,371,2226,1038,1407,100,324,2.54e-87,82.804,d:Amoebozoa,p:Tubulinea-Tubulinea_X,c:Elardia,o:Euamoebida,f:LOS7N/I-lineage,g:Ptolemeba,s:Ptolemeba_noxubium,KJ542110.1.2226_U;tax,k:Eukaryota,OTU2021.p:Tubulinea-Tubulinea_X.g:Ptolemeba
1310,OTU2023,446,166,446,1455,683,958,75,204,4.19e-51,80.351,d:Amoebozoa,p:Evosea-Evosea_X,c:Variosea,o:Flamellidae,f:Flamella-lineage,g:Flamella,s:Flamella_pleistocenica,KP219431.1.1455_U;tax,k:Eukaryota,OTU2023.p:Evosea-Evosea_X.g:Flamella
1311,OTU2025,409,1,409,1750,516,924,100,701,0,97.555,d:TSAR,p:Rhizaria-Cercozoa,c:Filosa-Sarcomonadea,o:Cercomonadida,f:Cercomonadidae,g:Cercomonas,s:Cercomonas_rotunda,FJ790701.1.1750_U;tax,k:Eukaryota,OTU2025.p:Rhizaria-Cercozoa.g:Cercomonas
1312,OTU2026,411,1,411,1904,597,1013,100,455,9.63e-127,86.792,d:Amoebozoa,p:Tubulinea-Tubulinea_X,c:Elardia,o:Euamoebida,f:Vermamoebidae,g:Hartmannella,s:Hartmannella_cantabrigiensis,AY294147.1.1904_U;tax,k:Eukaryota,OTU2026.p:Tubulinea-Tubulinea_X.g:Hartmannella
1313,OTU2028,382,1,382,1774,577,961,100,592,6.51e-168,94.56,d:Obazoa,p:Breviatea-Breviatea_X,c:Breviatea_XX,o:Breviatea_XXX,f:Breviata-lineage,g:Breviata-lineage_X,s:Breviata-lineage_X_sp,AM114802.1.1774_U;tax,k:Eukaryota,OTU2028.p:Breviatea-Breviatea_X.g:Breviata-lineage_X
1314,OTU2029,409,1,409,1796,581,985,100,580,1.52e-164,92.421,d:TSAR,p:Stramenopiles-Bigyra,c:Opalozoa,o:Opalozoa_X,f:MAST-12,g:MAST-12C,s:MAST-12C_sp,EF023594.1.1796_U;tax,k:Eukaryota,OTU2029.p:Stramenopiles-Bigyra.g:MAST-12C
1315,OTU2030,406,1,406,1801,586,992,100,634,1.14e-180,94.84,d:TSAR,p:Rhizaria-Cercozoa,c:Filosa-Imbricatea,o:Thaumatomonadida,f:Peregriniidae,g:Peregrinia,s:Peregrinia_sp,EF023480.1.1801_U;tax,k:Eukaryota,OTU2030.p:Rhizaria-Cercozoa.g:Peregrinia
1316,OTU2031,403,167,403,552,160,401,59,159,8.28e-38,79.098,d:TSAR,p:Stramenopiles-Gyrista,c:Pinguiophyceae,o:Pinguiochrysidales,f:Pinguiochrysidaceae,g:Phaeomonas,s:Phaeomonas_sp,AY665990.1.552_U;tax,k:Eukaryota,OTU2031.p:Stramenopiles-Gyrista.g:Phaeomonas
1317,OTU2032,409,1,409,1878,593,994,100,322,1.01e-86,81.401,d:Amoebozoa,p:Tubulinea-Tubulinea_X,c:Elardia,o:Euamoebida,f:Hartmannellidae,g:Copromyxa,s:Copromyxa_laresi,JQ271679.1.1878_U;tax,k:Eukaryota,OTU2032.p:Tubulinea-Tubulinea_X.g:Copromyxa
1318,OTU2037,425,182,425,877,178,416,70,302,1.37e-80,89.344,d:Cryptista,p:Cryptophyta-Cryptophyta_X,c:Cryptophyceae,o:Cryptomonadales,f:Cryptomonadales_X,g:Cryptomonadales_XX,s:Cryptomonadales_XX_sp,HQ865053.1.877_U;tax,k:Eukaryota,OTU2037.p:Cryptophyta-Cryptophyta_X.g:Cryptomonadales_XX
1319,OTU2038,408,1,408,1845,575,982,100,621,8.91e-177,94.118,d:Amoebozoa,p:Evosea-Evosea_X,c:Variosea,o:Flamellidae,f:Flamella-lineage,g:Flamella,s:Flamella_operculata,EU186025.1.1845_U;tax,k:Eukaryota,OTU2038.p:Evosea-Evosea_X.g:Flamella
1320,OTU2040,400,1,400,1519,436,839,100,460,2.01e-128,87.376,d:Amoebozoa,p:Tubulinea-Tubulinea_X,c:Elardia,o:Euamoebida,f:Nolandellidae,g:Nolandellidae_X,s:Nolandellidae_X_sp,AY821961.1.1519_U;tax,k:Eukaryota,OTU2040.p:Tubulinea-Tubulinea_X.g:Nolandellidae_X
1321,OTU2041,391,1,391,1640,501,892,100,606,2.38e-172,94.643,d:TSAR,p:Alveolata-Ciliophora,c:Colpodea,o:Colpodea_X,f:Colpodida,g:Colpoda,s:Colpoda_elliotti,KJ873047.1.1640_U;tax,k:Eukaryota,OTU2041.p:Alveolata-Ciliophora.g:Colpoda
1322,OTU2042,399,1,399,3571,531,929,100,732,0,99.749,d:TSAR,p:Alveolata-Dinoflagellata,c:Dinophyceae,o:Peridiniales,f:Peridiniopsidaceae,g:Parvodinium,s:Parvodinium_cunningtonii,ON980537.1.3571_U;tax,k:Eukaryota,OTU2042.p:Alveolata-Dinoflagellata.g:Parvodinium
1323,OTU2043,394,1,394,1769,590,982,100,577,1.88e-163,93.165,d:TSAR,p:Alveolata-Ciliophora,c:Spirotrichea,o:Hypotrichia,f:Holostichidae,g:Holosticha,s:Holosticha_polystylata,AF508760.1.1769_U;tax,k:Eukaryota,OTU2043.p:Alveolata-Ciliophora.g:Holosticha
1324,OTU2044,385,1,385,1729,541,910,100,337,3.39e-91,83.247,d:Amoebozoa,p:Tubulinea-Tubulinea_X,c:Elardia,o:Euamoebida,f:LOS7N/I-lineage,g:Ptolemeba,s:Ptolemeba_noxubium,KJ542109.1.1729_U;tax,k:Eukaryota,OTU2044.p:Tubulinea-Tubulinea_X.g:Ptolemeba
1325,OTU2046,428,312,428,799,319,435,39,145,2.47e-33,88.889,d:Excavata,p:Discoba-Discoba_X,c:Discoba_XX,o:Jakobida,f:Stygiellidae,g:Stygiellidae_STYG1,s:Stygiellidae_STYG1_sp,FJ153626.1.799_U;tax,k:Eukaryota,OTU2046.p:Discoba-Discoba_X.g:Stygiellidae_STYG1
1326,OTU2049,398,1,398,1760,565,963,100,475,7.15e-133,88.337,d:TSAR,p:Alveolata-Dinoflagellata,c:Dinophyceae,o:Dinophyceae_X,f:Dinophyceae_XX,g:Dinophyceae_XXX,s:Dinophyceae_XXX_sp,KF130579.1.1760_U;tax,k:Eukaryota,OTU2049.p:Alveolata-Dinoflagellata.g:Dinophyceae_XXX
1327,OTU2050,407,1,407,1766,525,934,100,388,9.81e-107,84.286,d:TSAR,p:Rhizaria-Cercozoa,c:Filosa-Imbricatea,o:Thaumatomonadida,f:Thaumatomonadidae,g:Thaumatomonas,s:Thaumatomonas_sp,KC243110.1.1766_U;tax,k:Eukaryota,OTU2050.p:Rhizaria-Cercozoa.g:Thaumatomonas
1328,OTU2051,408,1,408,1797,584,994,100,651,0,95.377,d:TSAR,p:Rhizaria-Cercozoa,c:Filosa-Sarcomonadea,o:Pansomonadida,f:Pansomonadida_X,g:Pansomonadida_XX,s:Pansomonadida_XX_sp,AY642696.1.1797_U;tax,k:Eukaryota,OTU2051.p:Rhizaria-Cercozoa.g:Pansomonadida_XX
1329,OTU2052,379,1,379,1627,505,885,100,470,3.15e-131,89.175,d:TSAR,p:Alveolata-Chrompodellids,c:Colpodellidea,o:Colpodellida,f:Colpodellaceae,g:Colpodella,s:Colpodella_sp,KT364261.1.1627_U;tax,k:Eukaryota,OTU2052.p:Alveolata-Chrompodellids.g:Colpodella
1330,OTU2053,404,1,404,1519,436,839,100,497,1.55e-139,88.943,d:Amoebozoa,p:Tubulinea-Tubulinea_X,c:Elardia,o:Euamoebida,f:Nolandellidae,g:Nolandellidae_X,s:Nolandellidae_X_sp,AY821961.1.1519_U;tax,k:Eukaryota,OTU2053.p:Tubulinea-Tubulinea_X.g:Nolandellidae_X
1331,OTU2060,399,1,399,1812,594,991,100,569,3.19e-161,92.519,d:TSAR,p:Stramenopiles-Bigyra,c:Bicoecea,o:Bicoecales,f:Bicoecaceae,g:Bicosoeca,s:Bicosoeca_sp,GU290103.1.1812_U;tax,k:Eukaryota,OTU2060.p:Stramenopiles-Bigyra.g:Bicosoeca
1332,OTU2063,405,1,405,1131,497,901,100,538,9.15e-152,90.617,d:TSAR,p:Rhizaria-Cercozoa,c:Endomyxa,o:Vampyrellida,f:Vampyrellidae,g:Vampyrella,s:Vampyrella_sp,EU567265.1.1131_U;tax,k:Eukaryota,OTU2063.p:Rhizaria-Cercozoa.g:Vampyrella
1333,OTU2067,395,1,395,1637,535,929,100,625,6.65e-178,95.202,d:Obazoa,p:Opisthokonta-Ichthyosporea,c:Ichthyophonida,o:Ichthyophonida_X,f:Ichthyophonida_XX,g:Ichthyophonida_XXX,s:Ichthyophonida_XXX_sp,KC486775.1.1637_U;tax,k:Eukaryota,OTU2067.p:Opisthokonta-Ichthyosporea.g:Ichthyophonida_XXX
1334,OTU2068,404,1,404,1797,580,986,100,532,4.25e-150,90.418,d:TSAR,p:Rhizaria-Cercozoa,c:Endomyxa,o:Vampyrellida,f:Vampyrellida_X,g:Vampyrellida_clade_B,s:Vampyrellida_sp,KC779514.1.1797_U;tax,k:Eukaryota,OTU2068.p:Rhizaria-Cercozoa.g:Vampyrellida_clade_B
1335,OTU2069,403,1,403,1741,536,942,100,566,4.18e-160,91.912,d:TSAR,p:Rhizaria-Cercozoa,c:Filosa-Thecofilosea,o:Cryomonadida,f:Protaspa-lineage,g:Protaspa,s:Protaspa_sp,AB505571.1.1741_U;tax,k:Eukaryota,OTU2069.p:Rhizaria-Cercozoa.g:Protaspa
1336,OTU2070,387,1,387,1760,570,956,100,627,1.81e-178,95.866,d:TSAR,p:Alveolata-Ciliophora,c:Colpodea,o:Colpodea_X,f:Platyophryida,g:Woodruffides,s:Woodruffides_metabolicus,JQ356869.1.1760_U;tax,k:Eukaryota,OTU2070.p:Alveolata-Ciliophora.g:Woodruffides
1337,OTU2072,406,1,406,1645,583,987,100,699,0,97.783,d:TSAR,p:Rhizaria-Cercozoa,c:Endomyxa,o:Vampyrellida,f:Vampyrellida_X,g:Vampyrellida_XX,s:Vampyrellida_XX_sp,KC315810.1.1645_U;tax,k:Eukaryota,OTU2072.p:Rhizaria-Cercozoa.g:Vampyrellida_XX
1338,OTU2084,403,1,403,1714,455,857,100,606,2.46e-172,93.797,d:Archaeplastida,p:Rhodophyta-Rhodophyta_X,c:Bangiophyceae,o:Cyanidiales,f:Cyanidiales_X,g:Cyanidiales_XX,s:Cyanidiales_XX_sp,KP864083.1.1714_U;tax,k:Eukaryota,OTU2084.p:Rhodophyta-Rhodophyta_X.g:Cyanidiales_XX
1339,OTU2086,391,1,391,1773,579,971,100,630,1.41e-179,95.674,d:TSAR,p:Alveolata-Ciliophora,c:Spirotrichea,o:Hypotrichia,f:Urostylidae,g:Atractos,s:Atractos_contortus,KP233896.1.1773_U;tax,k:Eukaryota,OTU2086.p:Alveolata-Ciliophora.g:Atractos
1340,OTU2088,409,1,409,1803,549,950,100,510,2.02e-143,89.663,d:Archaeplastida,p:Rhodophyta-Rhodophyta_X,c:Bangiophyceae,o:Cyanidiales,f:Cyanidiales_X,g:Cyanidiales_XX,s:Cyanidiales_XX_sp,AB695529.1.1803_U;tax,k:Eukaryota,OTU2088.p:Rhodophyta-Rhodophyta_X.g:Cyanidiales_XX
1341,OTU2090,390,1,390,1769,574,962,100,702,0,99.231,d:TSAR,p:Stramenopiles-Bigyra,c:Bicoecea,o:Pseudodendromonadales,f:Pseudodendromonadales_X,g:Nerada,s:Nerada_mexicana,AY520453.1.1769_U;tax,k:Eukaryota,OTU2090.p:Stramenopiles-Bigyra.g:Nerada
1342,OTU2092,408,1,408,1581,586,993,100,649,0,95.343,d:TSAR,p:Rhizaria-Cercozoa,c:Filosa-Sarcomonadea,o:Glissomonadida,f:Bodomorphidae,g:Bodomorpha,s:Bodomorpha_sp,EU647174.1.1581_U;tax,k:Eukaryota,OTU2092.p:Rhizaria-Cercozoa.g:Bodomorpha
1343,OTU2093,402,277,402,1760,851,976,31,106,1.09e-21,81.746,d:TSAR,p:Stramenopiles-Gyrista,c:Mediophyceae,o:Thalassiosirales,f:Skeletonemaceae,g:Skeletonema,s:Skeletonema_costatum,AY684944.1.1760_U;tax,k:Eukaryota,OTU2093.p:Stramenopiles-Gyrista.g:Skeletonema
1344,OTU2094,444,1,50,1711,562,611,11,93.5,9.42e-18,100,d:TSAR,p:Alveolata-Ciliophora,c:Phyllopharyngea,o:Synhymenia,f:Orthodonellidae,g:Orthodonellidae_X,s:Orthodonellidae_X_sp,KC832953.1.1711_U;tax,k:Eukaryota,OTU2094.p:Alveolata-Ciliophora.g:Orthodonellidae_X
1345,OTU2098,408,164,408,599,156,401,75,270,3.72e-71,86.64,d:Amoebozoa,p:Tubulinea-Tubulinea_X,c:Elardia,o:Euamoebida,f:Vermamoebidae,g:Vermamoeba,s:Vermamoeba_vermiformis,OP297004.1.599_U;tax,k:Eukaryota,OTU2098.p:Tubulinea-Tubulinea_X.g:Vermamoeba
1346,OTU2099,410,1,410,1804,549,951,100,490,2.63e-137,88.62,d:Archaeplastida,p:Rhodophyta-Rhodophyta_X,c:Bangiophyceae,o:Cyanidiales,f:Cyanidiales_X,g:Cyanidiales_XX,s:Cyanidiales_XX_sp,AB695473.1.1804_U;tax,k:Eukaryota,OTU2099.p:Rhodophyta-Rhodophyta_X.g:Cyanidiales_XX
1347,OTU2100,398,1,398,2918,575,972,100,730,0,99.749,d:Archaeplastida,p:Chlorophyta-Chlorophyta_X,c:Trebouxiophyceae,o:Microthamniales,f:Microthamniales_X,g:Myrmecia,s:Myrmecia_sp,MT735207.1.2918_U;tax,k:Eukaryota,OTU2100.p:Chlorophyta-Chlorophyta_X.g:Myrmecia
1348,OTU2101,377,135,377,1840,754,999,80,152,1.29e-35,78.313,d:Amoebozoa,p:Tubulinea-Tubulinea_X,c:Elardia,o:Euamoebida,f:Vermamoebidae,g:Hartmannella,s:Hartmannella_abertawensis,DQ190241.1.1840_U;tax,k:Eukaryota,OTU2101.p:Tubulinea-Tubulinea_X.g:Hartmannella
1349,OTU2102,407,1,407,1193,508,914,100,691,0,97.297,d:TSAR,p:Rhizaria-Cercozoa,c:Filosa-Sarcomonadea,o:Glissomonadida,f:Sandonidae,g:Sandonidae_X,s:Sandonidae_X_sp,EU709208.1.1193_U;tax,k:Eukaryota,OTU2102.p:Rhizaria-Cercozoa.g:Sandonidae_X
1350,OTU2105,410,1,410,1620,551,953,100,562,5.5e-159,91.748,d:TSAR,p:Rhizaria-Cercozoa,c:Filosa-Sarcomonadea,o:Cercomonadida,f:Cercomonadidae,g:Cercomonas,s:Cercomonas_sp,AB534514.1.1620_U;tax,k:Eukaryota,OTU2105.p:Rhizaria-Cercozoa.g:Cercomonas
1351,OTU2106,328,1,327,737,5,331,99,571,7.19e-162,98.165,d:TSAR,p:Alveolata-Ciliophora,c:Litostomatea,o:Litostomatea_X,f:Litostomatea_XX,g:Litostomatea_XXX,s:Litostomatea_XXX_sp,AY124366.1.737_U;tax,k:Eukaryota,OTU2106.p:Alveolata-Ciliophora.g:Litostomatea_XXX
1352,OTU2112,403,1,403,1208,586,988,100,667,0,96.526,d:Amoebozoa,p:Tubulinea-Tubulinea_X,c:Elardia,o:Euamoebida,f:Vermamoebidae,g:Hartmannella,s:Hartmannella_vermiformis,KC306529.1.1208_U;tax,k:Eukaryota,OTU2112.p:Tubulinea-Tubulinea_X.g:Hartmannella
1353,OTU2115,404,1,404,1677,590,996,100,582,4.16e-165,92.701,d:Amoebozoa,p:Tubulinea-Tubulinea_X,c:Elardia,o:Leptomyxida,f:Leptomyxidae,g:Leptomyxa,s:Leptomyxa_neglecta,KT945251.1.1677_U;tax,k:Eukaryota,OTU2115.p:Tubulinea-Tubulinea_X.g:Leptomyxa
1354,OTU2116,395,1,395,1802,552,949,100,527,1.93e-148,90.727,d:Amoebozoa,p:Evosea-Evosea_X,c:Variosea,o:Variosea_X,f:Filamoebidae,g:Filamoeba,s:Filamoeba_sp,AB425944.1.1802_U;tax,k:Eukaryota,OTU2116.p:Evosea-Evosea_X.g:Filamoeba
1355,OTU2117,390,1,390,1640,501,892,100,656,0,96.947,d:TSAR,p:Alveolata-Ciliophora,c:Colpodea,o:Colpodea_X,f:Colpodida,g:Colpoda,s:Colpoda_elliotti,KJ873047.1.1640_U;tax,k:Eukaryota,OTU2117.p:Alveolata-Ciliophora.g:Colpoda
1356,OTU2118,396,1,396,2371,573,969,100,643,0,95.97,d:Archaeplastida,p:Chlorophyta-Chlorophyta_X,c:Chlorophyceae,o:Chlamydomonadales,f:Chlamydomonadales_X,g:Chlorochytrium,s:Chlorochytrium_sp,HE687020.2371.1_U;tax,k:Eukaryota,OTU2118.p:Chlorophyta-Chlorophyta_X.g:Chlorochytrium
1357,OTU2119,405,1,405,1664,498,903,100,582,4.17e-165,92.683,d:Excavata,p:Metamonada-Preaxostyla,c:Preaxostyla_X,o:Preaxostyla_XX,f:Paramastigidae,g:Paratrimastix,s:Paratrimastix_pyriformis,KT388046.1.1664_U;tax,k:Eukaryota,OTU2119.p:Metamonada-Preaxostyla.g:Paratrimastix
1358,OTU2120,406,1,403,1807,570,972,99,628,5.29e-179,94.789,d:Amoebozoa,p:Tubulinea-Tubulinea_X,c:Echinamoebida,o:Echinamoebida_X,f:Echinamoebidae,g:Echinamoeba,s:Echinamoeba_silvestris,JQ271681.1.1807_U;tax,k:Eukaryota,OTU2120.p:Tubulinea-Tubulinea_X.g:Echinamoeba
1359,OTU2122,384,1,384,1068,24,409,100,512,5.24e-144,90.722,d:TSAR,p:Alveolata-Ciliophora,c:CONThreeP,o:CONThreeP_X,f:CONThreeP_XX,g:CONThreeP_XXX,s:CONThreeP_XXX_sp,FJ592251.1.1068_U;tax,k:Eukaryota,OTU2122.p:Alveolata-Ciliophora.g:CONThreeP_XXX
1360,OTU2124,386,1,386,599,1,401,100,350,4.37e-95,83.292,d:Amoebozoa,p:Tubulinea-Tubulinea_X,c:Elardia,o:Euamoebida,f:Vermamoebidae,g:Vermamoeba,s:Vermamoeba_vermiformis,OP297004.1.599_U;tax,k:Eukaryota,OTU2124.p:Tubulinea-Tubulinea_X.g:Vermamoeba
1361,OTU2126,408,165,408,1555,518,762,60,285,1.33e-75,87.903,d:Obazoa,p:Opisthokonta-Rotosphaerida,c:Nucleariidea,o:Nucleariida,f:Nucleariida_X,g:Nuclearia,s:Nuclearia_pattersoni,LS974780.1.1555_U;tax,k:Eukaryota,OTU2126.p:Opisthokonta-Rotosphaerida.g:Nuclearia
1362,OTU2127,435,187,435,1227,144,386,57,322,1.08e-86,90.4,d:Amoebozoa,p:Tubulinea-Tubulinea_X,c:Elardia,o:Euamoebida,f:Hartmannellidae,g:Copromyxa,s:Copromyxa_vandevyveri,KP719189.1.1227_U;tax,k:Eukaryota,OTU2127.p:Tubulinea-Tubulinea_X.g:Copromyxa
1363,OTU2129,413,1,413,1357,586,992,100,625,6.97e-178,94.189,d:TSAR,p:Rhizaria-Cercozoa,c:Filosa-Sarcomonadea,o:Cercomonadida,f:Cercomonadidae,g:Neocercomonas,s:Neocercomonas_sp,MG775599.1.1357_U;tax,k:Eukaryota,OTU2129.p:Rhizaria-Cercozoa.g:Neocercomonas
1364,OTU2130,393,1,393,1677,532,924,100,654,0,96.692,d:TSAR,p:Stramenopiles-Bigyra,c:Bicoecea,o:Pseudodendromonadales,f:Pseudodendromonadales_X,g:Pseudodendromonadales_XX,s:Pseudodendromonadales_XX_sp,AB622309.1.1677_U;tax,k:Eukaryota,OTU2130.p:Stramenopiles-Bigyra.g:Pseudodendromonadales_XX
1365,OTU2138,413,1,413,1455,553,958,100,296,6.21e-79,80.332,d:Amoebozoa,p:Evosea-Evosea_X,c:Variosea,o:Flamellidae,f:Flamella-lineage,g:Flamella,s:Flamella_pleistocenica,KP219431.1.1455_U;tax,k:Eukaryota,OTU2138.p:Evosea-Evosea_X.g:Flamella
1366,OTU2139,402,1,402,1620,551,953,100,549,4.2e-155,91.358,d:TSAR,p:Rhizaria-Cercozoa,c:Filosa-Sarcomonadea,o:Cercomonadida,f:Cercomonadidae,g:Cercomonas,s:Cercomonas_sp,AB534514.1.1620_U;tax,k:Eukaryota,OTU2139.p:Rhizaria-Cercozoa.g:Cercomonas
1367,OTU2140,407,1,407,1357,586,992,100,636,0,94.84,d:TSAR,p:Rhizaria-Cercozoa,c:Filosa-Sarcomonadea,o:Cercomonadida,f:Cercomonadidae,g:Neocercomonas,s:Neocercomonas_sp,MG775599.1.1357_U;tax,k:Eukaryota,OTU2140.p:Rhizaria-Cercozoa.g:Neocercomonas
1368,OTU2141,397,1,397,1687,531,927,100,728,0,99.748,d:Archaeplastida,p:Chlorophyta-Chlorophyta_X,c:Chlorophyceae,o:Chlamydomonadales,f:Chlamydomonadales_X,g:Chlamydomonadales_XX,s:Chlamydomonadales_XX_sp,AY220602.1.1687_U;tax,k:Eukaryota,OTU2141.p:Chlorophyta-Chlorophyta_X.g:Chlamydomonadales_XX
1369,OTU2143,409,1,409,1135,499,904,100,481,1.58e-134,88.136,d:TSAR,p:Rhizaria-Cercozoa,c:Endomyxa,o:Vampyrellida,f:op14-lineage,g:op14-lineage_X,s:op14-lineage_X_sp,EU567268.1.1135_U;tax,k:Eukaryota,OTU2143.p:Rhizaria-Cercozoa.g:op14-lineage_X
1370,OTU2144,405,1,405,1370,306,710,100,682,0,97.044,d:TSAR,p:Stramenopiles-Gyrista,c:Peronosporomycetes,o:Peronosporomycetes_X,f:Saprolegniales,g:Aphanomyces,s:Aphanomyces_astaci,QUTI01037865.1.1370_U;tax,k:Eukaryota,OTU2144.p:Stramenopiles-Gyrista.g:Aphanomyces
1371,OTU2145,385,1,385,978,2,386,100,579,5.11e-164,93.766,d:TSAR,p:Alveolata-Apicomplexa,c:Gregarinomorphea,o:Eugregarinorida,f:Gregarinidae,g:Leidyana1,s:Leidyana1_sp,JX395936.1.978_U;tax,k:Eukaryota,OTU2145.p:Alveolata-Apicomplexa.g:Leidyana1
1372,OTU2146,405,1,405,1638,509,909,100,291,2.83e-77,80.193,d:Archaeplastida,p:Glaucophyta-Glaucophyta_X,c:Glaucocystophyceae,o:Glaucocystophytes,f:Glaucocystaceae,g:Glaucocystis,s:Glaucocystis_nostochinearum,KF631379.1.1638_U;tax,k:Eukaryota,OTU2146.p:Glaucophyta-Glaucophyta_X.g:Glaucocystis
1373,OTU2147,406,280,406,1385,799,923,31,178,2.3e-43,92.126,d:TSAR,p:Stramenopiles-Bigyra,c:Sagenista,o:Labyrinthulomycetes,f:Thraustochytriaceae,g:Aurantiochytrium,s:Aurantiochytrium_sp,KR732631.1.1385_U;tax,k:Eukaryota,OTU2147.p:Stramenopiles-Bigyra.g:Aurantiochytrium
1374,OTU2148,403,1,403,1801,576,981,100,520,3.3e-146,89.926,d:TSAR,p:Rhizaria-Cercozoa,c:Endomyxa,o:Vampyrellida,f:Thalassomyxa-lineage,g:Thalassomyxa,s:Thalassomyxa_sp,KC779515.1.1801_U;tax,k:Eukaryota,OTU2148.p:Rhizaria-Cercozoa.g:Thalassomyxa
1375,OTU2150,411,1,411,599,1,401,100,363,6.01e-99,83.092,d:Amoebozoa,p:Tubulinea-Tubulinea_X,c:Elardia,o:Euamoebida,f:Vermamoebidae,g:Vermamoeba,s:Vermamoeba_vermiformis,OP297013.1.599_U;tax,k:Eukaryota,OTU2150.p:Tubulinea-Tubulinea_X.g:Vermamoeba
1376,OTU2151,406,1,406,860,6,412,100,667,0,96.314,d:TSAR,p:Rhizaria-Cercozoa,c:Filosa-Granofilosea,o:Cryptofilida,f:Mesofilidae,g:Mesofilidae_X,s:Mesofilidae_X_sp,JN207880.1.860_U;tax,k:Eukaryota,OTU2151.p:Rhizaria-Cercozoa.g:Mesofilidae_X
1377,OTU2152,399,1,399,1755,558,956,100,682,0,97.494,d:TSAR,p:Stramenopiles-Gyrista,c:Chrysophyceae,o:Ochromonadales,f:Ochromonadales_clade-X,g:Ochromonadales_clade-X_X,s:Ochromonadales_clade-X_X_sp,EF165143.1.1755_U;tax,k:Eukaryota,OTU2152.p:Stramenopiles-Gyrista.g:Ochromonadales_clade-X_X
1378,OTU2153,326,1,325,1637,534,858,99,542,5.6e-153,96.615,d:TSAR,p:Alveolata-Ciliophora,c:Litostomatea,o:Litostomatea_X,f:Litostomatea_XX,g:Litostomatea_XXX,s:Litostomatea_XXX_sp,AM114813.1.1637_U;tax,k:Eukaryota,OTU2153.p:Alveolata-Ciliophora.g:Litostomatea_XXX
1379,OTU2154,390,1,390,1747,563,945,100,475,6.99e-133,89.003,d:TSAR,p:Alveolata-Ciliophora,c:Oligohymenophorea,o:Astomatia,f:Astomatida,g:Njinella,s:Njinella_prolifera,HQ446276.1.1747_U;tax,k:Eukaryota,OTU2154.p:Alveolata-Ciliophora.g:Njinella
1380,OTU2155,396,1,396,1687,531,926,100,699,0,98.485,d:Archaeplastida,p:Chlorophyta-Chlorophyta_X,c:Chlorophyceae,o:Chlamydomonadales,f:Chlamydomonadales_X,g:Pascherina,s:Pascherina_tetras,LC053638.1.1687_U;tax,k:Eukaryota,OTU2155.p:Chlorophyta-Chlorophyta_X.g:Pascherina
1381,OTU2158,378,136,378,864,99,339,64,237,3.47e-61,84.739,d:Amoebozoa,p:Tubulinea-Tubulinea_X,c:Tubulinea_XX,o:Tubulinea_XXX,f:Tubulinea_XXXX,g:Tubulinea_XXXXX,s:Tubulinea_XXXXX_sp,JQ782285.1.864_U;tax,k:Eukaryota,OTU2158.p:Tubulinea-Tubulinea_X.g:Tubulinea_XXXXX
1382,OTU2167,421,163,421,1227,127,386,62,257,2.99e-67,84.615,d:Amoebozoa,p:Tubulinea-Tubulinea_X,c:Elardia,o:Euamoebida,f:Hartmannellidae,g:Copromyxa,s:Copromyxa_vandevyveri,KP719189.1.1227_U;tax,k:Eukaryota,OTU2167.p:Tubulinea-Tubulinea_X.g:Copromyxa
1383,OTU2168,409,1,409,1832,594,997,100,390,2.74e-107,84.223,d:Amoebozoa,p:Tubulinea-Tubulinea_X,c:Elardia,o:Euamoebida,f:Nolandellidae,g:Nolandella,s:Nolandella_sp,JQ271706.1.1832_U;tax,k:Eukaryota,OTU2168.p:Tubulinea-Tubulinea_X.g:Nolandella
1384,OTU2169,400,1,400,599,4,409,100,401,1.24e-110,84.804,d:Amoebozoa,p:Tubulinea-Tubulinea_X,c:Echinamoebida,o:Echinamoebida_X,f:Echinamoebidae,g:Echinamoeba,s:Echinamoeba_sp,EU273832.1.599_U;tax,k:Eukaryota,OTU2169.p:Tubulinea-Tubulinea_X.g:Echinamoeba
1385,OTU2170,404,1,404,1745,567,970,100,660,0,96.04,d:TSAR,p:Rhizaria-Cercozoa,c:Filosa-Sarcomonadea,o:Cercomonadida,f:Paracercomonadidae,g:Paracercomonas,s:Paracercomonas_metabolicus,DQ211597.1.1745_U;tax,k:Eukaryota,OTU2170.p:Rhizaria-Cercozoa.g:Paracercomonas
1386,OTU2172,386,1,386,1068,24,409,100,636,0,96.392,d:TSAR,p:Alveolata-Ciliophora,c:Colpodea,o:Colpodea_X,f:Cyrtolophosidida,g:Cyrtolophosidida_X,s:Cyrtolophosidida_X_sp,FJ592470.1.1068_U;tax,k:Eukaryota,OTU2172.p:Alveolata-Ciliophora.g:Cyrtolophosidida_X
1387,OTU2174,406,1,406,1672,504,911,100,619,3.19e-176,94.146,d:Excavata,p:Metamonada-Preaxostyla,c:Preaxostyla_X,o:Preaxostyla_XX,f:Paramastigidae,g:Paratrimastix,s:Paratrimastix_pyriformis,KT388050.1.1672_U;tax,k:Eukaryota,OTU2174.p:Metamonada-Preaxostyla.g:Paratrimastix
1388,OTU2175,413,168,413,1899,793,1040,60,241,2.95e-62,84.4,d:Amoebozoa,p:Tubulinea-Tubulinea_X,c:Elardia,o:Leptomyxida,f:Rhizamoeba-saxonica-lineage,g:Rhizamoeba,s:Rhizamoeba_saxonica,EU719197.1.1899_U;tax,k:Eukaryota,OTU2175.p:Tubulinea-Tubulinea_X.g:Rhizamoeba
1389,OTU2176,397,1,397,1698,526,922,100,667,0,96.977,d:Archaeplastida,p:Chlorophyta-Chlorophyta_X,c:Chlorophyceae,o:Chlamydomonadales,f:Chlamydomonadales_X,g:Protosiphon,s:Protosiphon_sp,MH651228.1.1698_U;tax,k:Eukaryota,OTU2176.p:Chlorophyta-Chlorophyta_X.g:Protosiphon
1390,OTU2177,391,148,391,1791,735,974,62,226,7.8e-58,83.607,d:Archaeplastida,p:Rhodophyta-Rhodophyta_X,c:Compsopogonophyceae,o:Erythropeltidales,f:Erythropeltidales_X,g:Erythrocladia,s:Erythrocladia_sp,L26188.3.1793_U;tax,k:Eukaryota,OTU2177.p:Rhodophyta-Rhodophyta_X.g:Erythrocladia
1391,OTU2178,392,1,392,1632,511,902,100,647,0,96.429,d:TSAR,p:Alveolata-Ciliophora,c:Colpodea,o:Colpodea_X,f:Colpodida,g:Colpoda,s:Colpoda_sp,MT001202.1.1632_U;tax,k:Eukaryota,OTU2178.p:Alveolata-Ciliophora.g:Colpoda
1392,OTU2180,403,167,403,1796,740,979,59,141,3e-32,77.778,d:TSAR,p:Stramenopiles-Bigyra,c:Sagenista,o:Sagenista_X,f:MAST-8,g:MAST-8A,s:MAST-8A_sp,KJ763674.1.1796_U;tax,k:Eukaryota,OTU2180.p:Stramenopiles-Bigyra.g:MAST-8A
1393,OTU2181,390,1,390,1737,561,951,100,638,0,96.173,d:TSAR,p:Alveolata-Ciliophora,c:Colpodea,o:Colpodea_X,f:Colpodida,g:Colpodida_X,s:Colpodida_X_sp,JF747216.1.1737_U;tax,k:Eukaryota,OTU2181.p:Alveolata-Ciliophora.g:Colpodida_X
1394,OTU2182,396,1,396,1790,581,976,100,704,0,98.737,d:Archaeplastida,p:Chlorophyta-Chlorophyta_X,c:Chlorophyceae,o:Chlamydomonadales,f:Chlamydomonadales_X,g:Wislouchiella,s:Wislouchiella_planctonica,AF252547.1.1790_U;tax,k:Eukaryota,OTU2182.p:Chlorophyta-Chlorophyta_X.g:Wislouchiella
1395,OTU2183,403,1,403,1720,536,940,100,514,1.53e-144,89.706,d:TSAR,p:Rhizaria-Cercozoa,c:Filosa-Imbricatea,o:Marimonadida,f:Marimonadida_X,g:Marimonadida_XX,s:Marimonadida_XX_sp,AB252753.1.1720_U;tax,k:Eukaryota,OTU2183.p:Rhizaria-Cercozoa.g:Marimonadida_XX
1396,OTU2188,403,1,403,1720,536,940,100,586,3.21e-166,92.84,d:TSAR,p:Rhizaria-Cercozoa,c:Filosa-Imbricatea,o:Marimonadida,f:Marimonadida_X,g:Marimonadida_XX,s:Marimonadida_XX_sp,AB252753.1.1720_U;tax,k:Eukaryota,OTU2188.p:Rhizaria-Cercozoa.g:Marimonadida_XX
1397,OTU2195,389,262,389,1758,838,965,46,204,3.63e-51,95.312,d:TSAR,p:Alveolata-Ciliophora,c:Oligohymenophorea,o:Scuticociliatia_2,f:Pleuronematida,g:Pleuronematida_X,s:Pleuronematida_X_sp,FJ868184.1.1758_U;tax,k:Eukaryota,OTU2195.p:Alveolata-Ciliophora.g:Pleuronematida_X
1398,OTU2196,395,1,395,1735,550,945,100,497,1.51e-139,89.526,d:Obazoa,p:Opisthokonta-Choanoflagellata,c:Choanoflagellatea,o:Craspedida,f:Monosigidae_Group_A,g:Monosiga,s:Monosiga_brevicollis,KF130379.1.1735_U;tax,k:Eukaryota,OTU2196.p:Opisthokonta-Choanoflagellata.g:Monosiga
1399,OTU2197,410,1,410,1144,453,864,100,638,0,94.66,d:TSAR,p:Stramenopiles-Gyrista,c:Peronosporomycetes,o:Peronosporomycetes_X,f:Peronosporales,g:Phytophthora,s:Phytophthora_cactorum,NBIJ01015189.1.1144_U;tax,k:Eukaryota,OTU2197.p:Stramenopiles-Gyrista.g:Phytophthora
1400,OTU2198,408,1,408,2261,589,994,100,614,1.49e-174,93.888,d:TSAR,p:Rhizaria-Cercozoa,c:Filosa-Sarcomonadea,o:Glissomonadida,f:Sandonidae,g:Mollimonas,s:Mollimonas_vickermani,HQ918173.1.2261_U;tax,k:Eukaryota,OTU2198.p:Rhizaria-Cercozoa.g:Mollimonas
1401,OTU2199,418,1,418,1899,621,1040,100,664,0,95.261,d:Amoebozoa,p:Tubulinea-Tubulinea_X,c:Elardia,o:Leptomyxida,f:Rhizamoeba-saxonica-lineage,g:Rhizamoeba,s:Rhizamoeba_saxonica,EU719197.1.1899_U;tax,k:Eukaryota,OTU2199.p:Tubulinea-Tubulinea_X.g:Rhizamoeba
1402,OTU2201,385,1,385,1561,448,830,100,638,0,96.623,d:Archaeplastida,p:Chlorophyta-Chlorophyta_X,c:Pedinophyceae,o:Marsupiomonadales,f:Marsupiomonadaceae,g:Marsupiomonas,s:Marsupiomonas_sp,JN592592.1.1561_U;tax,k:Eukaryota,OTU2201.p:Chlorophyta-Chlorophyta_X.g:Marsupiomonas
1403,OTU2205,425,187,425,887,120,359,56,231,1.83e-59,84.426,d:TSAR,p:Telonemia-Telonemia_X,c:Telonemia_XX,o:Telonemia_XXX,f:Telonemia-Group-2,g:Telonemia-Group-2_X,s:Telonemia-Group-2_X_sp,GQ365901.1.887_U;tax,k:Eukaryota,OTU2205.p:Telonemia-Telonemia_X.g:Telonemia-Group-2_X
1404,OTU2207,396,1,396,1801,585,984,100,342,7.52e-93,82.512,d:TSAR,p:Alveolata-Dinoflagellata,c:Dinophyceae,o:Dinophyceae_X,f:Dinophyceae_XX,g:Dinophyceae_XXX,s:Dinophyceae_XXX_sp,KJ764120.1.1801_U;tax,k:Eukaryota,OTU2207.p:Alveolata-Dinoflagellata.g:Dinophyceae_XXX
1405,OTU2208,416,1,416,1605,560,982,100,625,7.03e-178,93.647,d:Haptista,p:Centroplasthelida-Centroplasthelida_X,c:Centroplasthelida_XX,o:Centroplasthelida_XXX,f:Centroplasthelida_XXXX,g:Centroplasthelida_XXXXX,s:Centroplasthelida_XXXXX_sp,AY749522.1.1605_U;tax,k:Eukaryota,OTU2208.p:Centroplasthelida-Centroplasthelida_X.g:Centroplasthelida_XXXXX
1406,OTU2209,397,1,397,1653,531,927,100,728,0,99.748,d:Archaeplastida,p:Chlorophyta-Chlorophyta_X,c:Trebouxiophyceae,o:Prasiolales,f:Prasiolales_X,g:Elliptochloris,s:Elliptochloris_subsphaerica,MW678810.1.1653_U;tax,k:Eukaryota,OTU2209.p:Chlorophyta-Chlorophyta_X.g:Elliptochloris
1407,OTU2210,419,1,419,4556,1081,1499,100,736,0,98.329,d:TSAR,p:Stramenopiles-Gyrista,c:Peronosporomycetes,o:Peronosporomycetes_X,f:Peronosporomycetes_XX,g:Chlamydomyzium,s:Chlamydomyzium_sp,JQ031283.1.4556_U;tax,k:Eukaryota,OTU2210.p:Stramenopiles-Gyrista.g:Chlamydomyzium
1408,OTU2211,389,1,389,1605,531,925,100,525,6.83e-148,90.932,d:Amoebozoa,p:Tubulinea-Tubulinea_X,c:Elardia,o:Euamoebida,f:Nolandellidae,g:Nolandellidae_X,s:Nolandellidae_X_sp,AF372795.1.1605_U;tax,k:Eukaryota,OTU2211.p:Tubulinea-Tubulinea_X.g:Nolandellidae_X
1409,OTU2213,408,1,408,1581,586,993,100,643,0,95.098,d:TSAR,p:Rhizaria-Cercozoa,c:Filosa-Sarcomonadea,o:Glissomonadida,f:Bodomorphidae,g:Bodomorpha,s:Bodomorpha_sp,EU647174.1.1581_U;tax,k:Eukaryota,OTU2213.p:Rhizaria-Cercozoa.g:Bodomorpha
1410,OTU2214,380,1,380,1768,584,964,100,614,1.38e-174,95.801,d:TSAR,p:Alveolata-Apicomplexa,c:Gregarinomorphea,o:Neogregarinorida,f:Actinocephalidae,g:Hoplorhynchus,s:Hoplorhynchus_acanthatholius,FJ459750.1.1768_U;tax,k:Eukaryota,OTU2214.p:Alveolata-Apicomplexa.g:Hoplorhynchus
1411,OTU2215,408,1,408,1847,560,966,100,481,1.58e-134,88.107,d:Amoebozoa,p:Evosea-Evosea_X,c:Variosea,o:Variosea_X,f:Variosea_XX,g:Angulamoeba,s:Angulamoeba_fungorum,KP864084.1.1847_U;tax,k:Eukaryota,OTU2215.p:Evosea-Evosea_X.g:Angulamoeba
1412,OTU2216,417,170,417,1686,689,930,59,270,3.8e-71,86.747,d:TSAR,p:Stramenopiles-Bigyra,c:Bicoecea,o:Pseudodendromonadales,f:Pseudodendromonadales_X,g:Pseudodendromonadales_XX,s:Pseudodendromonadales_XX_sp,AY919785.1.1686_U;tax,k:Eukaryota,OTU2216.p:Stramenopiles-Bigyra.g:Pseudodendromonadales_XX
1413,OTU2217,418,1,418,1894,592,1007,100,466,4.53e-130,86.905,d:Amoebozoa,p:Tubulinea-Tubulinea_X,c:Elardia,o:Euamoebida,f:Hartmannellidae,g:Hartmannellidae_X,s:Hartmannellidae_X_sp,HQ687486.1.1894_U;tax,k:Eukaryota,OTU2217.p:Tubulinea-Tubulinea_X.g:Hartmannellidae_X
1414,OTU2218,408,1,408,1144,511,920,100,712,0,98.049,d:TSAR,p:Rhizaria-Cercozoa,c:Filosa-Granofilosea,o:Limnofilida,f:Limnofilidae,g:Limnofilidae_X,s:Limnofilidae_X_sp,EU567246.1.1144_U;tax,k:Eukaryota,OTU2218.p:Rhizaria-Cercozoa.g:Limnofilidae_X
1415,OTU2220,417,1,417,1860,570,980,100,422,9.92e-117,85.308,d:Amoebozoa,p:Evosea-Evosea_X,c:Variosea,o:Variosea_X,f:Variosea_XX,g:Variosea_XXX,s:Variosea_XXX_sp,AB695458.1.1860_U;tax,k:Eukaryota,OTU2220.p:Evosea-Evosea_X.g:Variosea_XXX
1416,OTU2221,391,1,391,1824,608,988,100,586,3.1e-166,94.118,d:Amoebozoa,p:Tubulinea-Tubulinea_X,c:Elardia,o:Euamoebida,f:Nolandellidae,g:Nolandellidae_X,s:Nolandellidae_X_sp,EF023499.1.1824_U;tax,k:Eukaryota,OTU2221.p:Tubulinea-Tubulinea_X.g:Nolandellidae_X
1417,OTU2223,399,1,399,1676,538,933,100,556,2.49e-157,91.98,d:TSAR,p:Alveolata-Chrompodellids,c:Colpodellidea,o:Colpodellida,f:Alphamonaceae,g:Alphamonadea_ALPH2,s:Alphamonadea_ALPH2_sp,AB721062.1.1676_U;tax,k:Eukaryota,OTU2223.p:Alveolata-Chrompodellids.g:Alphamonadea_ALPH2
1418,OTU2224,411,1,411,1670,502,912,100,749,0,99.513,d:TSAR,p:Rhizaria-Cercozoa,c:Filosa-Granofilosea,o:Limnofilida,f:Limnofilidae,g:Limnofila,s:Limnofila_anglica,EU567255.1.1670_U;tax,k:Eukaryota,OTU2224.p:Rhizaria-Cercozoa.g:Limnofila
1419,OTU2226,403,1,403,1769,577,980,100,468,1.21e-130,87.685,d:TSAR,p:Rhizaria-Cercozoa,c:Endomyxa,o:Vampyrellida,f:Thalassomyxa-lineage,g:Thalassomyxa-lineage_X,s:Thalassomyxa-lineage_X_sp,EU910611.1.1769_U;tax,k:Eukaryota,OTU2226.p:Rhizaria-Cercozoa.g:Thalassomyxa-lineage_X
1420,OTU2227,422,1,422,1806,586,1007,100,774,0,99.763,d:TSAR,p:Stramenopiles-Gyrista,c:Xanthophyceae,o:Xanthophyceae_X,f:Xanthophyceae_XX,g:Xanthonema,s:Xanthonema_sp,AM491612.1.1806_U;tax,k:Eukaryota,OTU2227.p:Stramenopiles-Gyrista.g:Xanthonema
1421,OTU2229,409,1,409,806,320,728,100,728,0,98.778,d:TSAR,p:Rhizaria-Cercozoa,c:Filosa-Sarcomonadea,o:Cercomonadida,f:Cercomonadidae,g:Cercomonadidae_X,s:Cercomonadidae_X_sp,FJ790746.1.806_U;tax,k:Eukaryota,OTU2229.p:Rhizaria-Cercozoa.g:Cercomonadidae_X
1422,OTU2234,406,1,406,1791,589,993,100,544,1.97e-153,90.954,d:TSAR,p:Rhizaria-Cercozoa,c:Endomyxa,o:Vampyrellida,f:Thalassomyxa-lineage,g:Thalassomyxa-lineage_X,s:Thalassomyxa-lineage_X_sp,EU910603.1.1791_U;tax,k:Eukaryota,OTU2234.p:Rhizaria-Cercozoa.g:Thalassomyxa-lineage_X
1423,OTU2237,418,1,418,1697,524,940,100,538,9.47e-152,90.024,d:TSAR,p:Stramenopiles-Bigyra,c:Sagenista,o:Labyrinthulomycetes,f:Amphifilaceae,g:Fibrophrys,s:Fibrophrys_sp,AB721051.1.1697_U;tax,k:Eukaryota,OTU2237.p:Stramenopiles-Bigyra.g:Fibrophrys
1424,OTU2239,413,172,413,1791,730,970,72,324,2.85e-87,90.984,d:TSAR,p:Telonemia-Telonemia_X,c:Telonemia_XX,o:Telonemia_XXX,f:Telonemia-Group-2,g:Telonemia-Group-2_X,s:Telonemia-Group-2_X_sp,KJ763345.1.1791_U;tax,k:Eukaryota,OTU2239.p:Telonemia-Telonemia_X.g:Telonemia-Group-2_X
1425,OTU2240,413,1,48,2226,1038,1085,12,78.7,2.45e-13,95.833,d:Amoebozoa,p:Tubulinea-Tubulinea_X,c:Elardia,o:Euamoebida,f:LOS7N/I-lineage,g:Ptolemeba,s:Ptolemeba_noxubium,KJ542110.1.2226_U;tax,k:Eukaryota,OTU2240.p:Tubulinea-Tubulinea_X.g:Ptolemeba
1426,OTU2241,397,1,397,2161,544,940,100,728,0,99.748,d:Archaeplastida,p:Chlorophyta-Chlorophyta_X,c:Trebouxiophyceae,o:Watanabea-Clade,f:Watanabea-Clade_X,g:Chloroidium,s:Chloroidium_saccharophilum,OM472016.1.2161_U;tax,k:Eukaryota,OTU2241.p:Chlorophyta-Chlorophyta_X.g:Chloroidium
1427,OTU2242,408,1,408,1632,555,962,100,743,0,99.51,d:TSAR,p:Rhizaria-Cercozoa,c:Cercozoa_X,o:Cercozoa_XX,f:Cercozoa_XXX,g:Cercozoa_XXXX,s:Cercozoa_XXXX_sp,AB534506.1.1632_U;tax,k:Eukaryota,OTU2242.p:Rhizaria-Cercozoa.g:Cercozoa_XXXX
1428,OTU2243,406,1,406,1262,564,970,100,651,0,95.577,d:TSAR,p:Rhizaria-Cercozoa,c:Filosa-Sarcomonadea,o:Glissomonadida,f:Glissomonadida_Clade-Y,g:Glissomonadida_Clade-Y_X,s:Glissomonadida_Clade-Y_X_sp,AY620294.1.1262_U;tax,k:Eukaryota,OTU2243.p:Rhizaria-Cercozoa.g:Glissomonadida_Clade-Y_X
1429,OTU2245,428,181,428,1750,731,972,58,287,3.87e-76,87.952,d:TSAR,p:Stramenopiles-Gyrista,c:Coscinodiscophyceae,o:Rhizosoleniales,f:Rhizosoleniaceae,g:Urosolenia,s:Urosolenia_eriensis,HQ912577.1.1750_U;tax,k:Eukaryota,OTU2245.p:Stramenopiles-Gyrista.g:Urosolenia
1430,OTU2246,407,1,407,1689,503,909,100,464,1.58e-129,87.409,d:TSAR,p:Rhizaria-Cercozoa,c:Filosa-Sarcomonadea,o:Cercomonadida,f:Cercomonadidae,g:Cercomonas,s:Cercomonas_celer,FJ790710.1.1689_U;tax,k:Eukaryota,OTU2246.p:Rhizaria-Cercozoa.g:Cercomonas
1431,OTU2247,406,166,406,1676,666,906,73,224,2.92e-57,83.673,d:TSAR,p:Stramenopiles-Bigyra,c:Opalozoa,o:Nanomonadea,f:MAST-3,g:MAST-3A,s:MAST-3A_sp,EF172961.1.1689_U;tax,k:Eukaryota,OTU2247.p:Stramenopiles-Bigyra.g:MAST-3A
1432,OTU2248,413,1,413,1285,204,616,100,597,1.52e-169,92.736,d:TSAR,p:Rhizaria-Cercozoa,c:Endomyxa,o:Vampyrellida,f:Penardia-lineage,g:Penardia-lineage_X,s:Penardia-lineage_X_sp,AF372743.1.1285_U;tax,k:Eukaryota,OTU2248.p:Rhizaria-Cercozoa.g:Penardia-lineage_X
1433,OTU2249,400,1,400,1833,623,1020,100,593,1.9e-168,93.516,d:TSAR,p:Stramenopiles-Bigyra,c:Bicoecea,o:Bicoecales,f:Bicoecaceae,g:Bicoecaceae_X,s:Bicoecaceae_X_sp,EF023971.30.1863_U;tax,k:Eukaryota,OTU2249.p:Stramenopiles-Bigyra.g:Bicoecaceae_X
1434,OTU2251,410,1,410,1634,551,961,100,647,0,95.134,d:TSAR,p:Rhizaria-Cercozoa,c:Filosa-Sarcomonadea,o:Glissomonadida,f:Allapsidae,g:Allapsidae_X,s:Allapsidae_X_sp,AB534349.1.1634_U;tax,k:Eukaryota,OTU2251.p:Rhizaria-Cercozoa.g:Allapsidae_X
1435,OTU2252,387,1,387,1553,493,878,100,697,0,99.225,d:TSAR,p:Alveolata-Ciliophora,c:Heterotrichea,o:Heterotrichea_X,f:Blepharismidae,g:Blepharisma,s:Blepharisma_steini,KP970224.1.1553_U;tax,k:Eukaryota,OTU2252.p:Alveolata-Ciliophora.g:Blepharisma
1436,OTU2254,398,1,398,1757,533,931,100,680,0,97.494,d:TSAR,p:Alveolata-Dinoflagellata,c:Dinophyceae,o:Gymnodiniales,f:Gymnodiniaceae,g:Spiniferodinium,s:Spiniferodinium_limneticum,KR362900.1.1757_U;tax,k:Eukaryota,OTU2254.p:Alveolata-Dinoflagellata.g:Spiniferodinium
1437,OTU2257,408,1,408,1760,582,989,100,649,0,95.366,d:TSAR,p:Rhizaria-Cercozoa,c:Filosa-Granofilosea,o:Cryptofilida,f:Mesofilidae,g:Mesofila,s:Mesofila_sp,EF455769.1.1760_U;tax,k:Eukaryota,OTU2257.p:Rhizaria-Cercozoa.g:Mesofila
1438,OTU2258,421,173,420,740,73,319,59,379,6.12e-104,94.355,d:TSAR,p:Stramenopiles-Bigyra,c:Sagenista,o:Labyrinthulomycetes,f:Amphifilaceae,g:Amphifilaceae_X,s:Amphifilaceae_X_sp,LN582061.1.740_U;tax,k:Eukaryota,OTU2258.p:Stramenopiles-Bigyra.g:Amphifilaceae_X
1439,OTU2259,409,1,409,1502,524,931,100,621,8.93e-177,94.132,d:TSAR,p:Rhizaria-Cercozoa,c:Cercozoa_X,o:Cercozoa_XX,f:Cercozoa_XXX,g:Cercozoa_XXXX,s:Cercozoa_XXXX_sp,KJ925330.1.1502_U;tax,k:Eukaryota,OTU2259.p:Rhizaria-Cercozoa.g:Cercozoa_XXXX
1440,OTU2262,390,1,390,1640,501,892,100,634,1.09e-180,95.918,d:TSAR,p:Alveolata-Ciliophora,c:Colpodea,o:Colpodea_X,f:Colpodida,g:Colpoda,s:Colpoda_elliotti,KJ873047.1.1640_U;tax,k:Eukaryota,OTU2262.p:Alveolata-Ciliophora.g:Colpoda
1441,OTU2263,399,1,399,1812,594,991,100,586,3.17e-166,93.267,d:TSAR,p:Stramenopiles-Bigyra,c:Bicoecea,o:Bicoecales,f:Bicoecaceae,g:Bicosoeca,s:Bicosoeca_sp,GU290103.1.1812_U;tax,k:Eukaryota,OTU2263.p:Stramenopiles-Bigyra.g:Bicosoeca
1442,OTU2268,372,1,372,994,457,841,100,305,9.23e-82,81.701,d:TSAR,p:Stramenopiles-Stramenopiles_X,c:Stramenopiles_XX,o:Stramenopiles_XXX,f:Stramenopiles_XXXX,g:Stramenopiles_XXXXX,s:Stramenopiles_XXXXX_sp,JN825668.1.994_U;tax,k:Eukaryota,OTU2268.p:Stramenopiles-Stramenopiles_X.g:Stramenopiles_XXXXX
1443,OTU2269,385,1,385,1760,573,957,100,628,5e-179,96.104,d:TSAR,p:Alveolata-Ciliophora,c:Colpodea,o:Colpodea_X,f:Cyrtolophosidida,g:Pseudocyrtolophosis,s:Pseudocyrtolophosis_alpestris,EU264564.1.1760_U;tax,k:Eukaryota,OTU2269.p:Alveolata-Ciliophora.g:Pseudocyrtolophosis
1444,OTU2270,397,1,397,1735,550,945,100,372,9.62e-102,83.871,d:Obazoa,p:Opisthokonta-Choanoflagellata,c:Choanoflagellatea,o:Craspedida,f:Monosigidae_Group_A,g:Monosiga,s:Monosiga_brevicollis,KF130379.1.1735_U;tax,k:Eukaryota,OTU2270.p:Opisthokonta-Choanoflagellata.g:Monosiga
1445,OTU2271,446,1,446,1825,588,1024,100,538,1.01e-151,88.864,d:Amoebozoa,p:Evosea-Eumycetozoa,c:Myxogastria_Fuscisporidia,o:Physarida,f:Didymiidae,g:Didymium,s:Didymium_iridis,AJ938149.1.1825_U;tax,k:Eukaryota,OTU2271.p:Evosea-Eumycetozoa.g:Didymium
1446,OTU2272,407,1,407,1186,563,967,100,612,5.35e-174,93.857,d:TSAR,p:Rhizaria-Cercozoa,c:Filosa-Sarcomonadea,o:Glissomonadida,f:Allapsidae,g:Allapsidae_X,s:Allapsidae_X_sp,KC306595.1.1186_U;tax,k:Eukaryota,OTU2272.p:Rhizaria-Cercozoa.g:Allapsidae_X
1447,OTU2274,411,1,411,1455,553,958,100,228,2.29e-58,77.381,d:Amoebozoa,p:Evosea-Evosea_X,c:Variosea,o:Flamellidae,f:Flamella-lineage,g:Flamella,s:Flamella_pleistocenica,KP219431.1.1455_U;tax,k:Eukaryota,OTU2274.p:Evosea-Evosea_X.g:Flamella
1448,OTU2276,415,1,415,1730,556,961,100,558,7.21e-158,91.367,d:TSAR,p:Stramenopiles-Gyrista,c:Synchromophyceae,o:Synchromophyceae_X,f:Synchromophyceae_XX,g:Synchromophyceae_XXX,s:Synchromophyceae_XXX_sp,FJ356265.1.1730_U;tax,k:Eukaryota,OTU2276.p:Stramenopiles-Gyrista.g:Synchromophyceae_XXX
1449,OTU2277,435,191,435,2034,853,1097,70,270,3.97e-71,86.747,d:Amoebozoa,p:Discosea-Discosea_X,c:Centramoebia,o:Pellitida,f:Endostelium-lineage,g:Endostelium,s:Endostelium_crystalliferum,KF705034.1.2034_U;tax,k:Eukaryota,OTU2277.p:Discosea-Discosea_X.g:Endostelium
1450,OTU2280,416,1,416,1817,592,1003,100,665,0,95.673,d:TSAR,p:Rhizaria-Cercozoa,c:Filosa-Sarcomonadea,o:Glissomonadida,f:Allapsidae,g:Allantion,s:Allantion_sp,EF023859.1.1817_U;tax,k:Eukaryota,OTU2280.p:Rhizaria-Cercozoa.g:Allantion
1451,OTU2281,409,1,409,1805,590,995,100,453,3.45e-126,86.829,d:TSAR,p:Rhizaria-Cercozoa,c:Filosa-Sarcomonadea,o:Cercomonadida,f:Paracercomonadidae,g:Paracercomonas,s:Paracercomonas_sp,EF024973.1.1805_U;tax,k:Eukaryota,OTU2281.p:Rhizaria-Cercozoa.g:Paracercomonas
1452,OTU2282,404,1,404,1786,573,968,100,263,6.15e-69,79.024,d:TSAR,p:Telonemia-Telonemia_X,c:Telonemia_XX,o:Telonemia_XXX,f:Telonemia-Group-2,g:Telonemia-Group-2_X,s:Telonemia-Group-2_X_sp,KJ763851.1.1786_U;tax,k:Eukaryota,OTU2282.p:Telonemia-Telonemia_X.g:Telonemia-Group-2_X
1453,OTU2284,390,1,390,1685,555,942,100,580,1.44e-164,93.59,d:TSAR,p:Alveolata-Ciliophora,c:Colpodea,o:Colpodea_X,f:Bursariomorphida,g:Bryometopus,s:Bryometopus_pseudochilodon,EU039887.1.1685_U;tax,k:Eukaryota,OTU2284.p:Alveolata-Ciliophora.g:Bryometopus
1454,OTU2287,406,1,406,1795,570,975,100,695,0,97.537,d:TSAR,p:Rhizaria-Cercozoa,c:Endomyxa,o:Vampyrellida,f:Leptophryidae,g:Leptophryidae_X,s:Leptophryidae_X_sp,KC779513.1.1795_U;tax,k:Eukaryota,OTU2287.p:Rhizaria-Cercozoa.g:Leptophryidae_X
1455,OTU2289,407,1,407,1770,572,978,100,669,0,96.314,d:TSAR,p:Rhizaria-Cercozoa,c:Filosa-Sarcomonadea,o:Glissomonadida,f:Proleptomonadidae,g:Proleptomonas,s:Proleptomonas_faecicola,GQ377682.1.1770_U;tax,k:Eukaryota,OTU2289.p:Rhizaria-Cercozoa.g:Proleptomonas
1456,OTU2293,412,1,412,1859,595,1004,100,544,2e-153,90.602,d:Amoebozoa,p:Evosea-Evosea_X,c:Variosea,o:Variosea_X,f:Phalansteriidae,g:Phalansterium,s:Phalansterium_sp,EF143966.1.1859_U;tax,k:Eukaryota,OTU2293.p:Evosea-Evosea_X.g:Phalansterium
1457,OTU2296,413,1,413,1748,561,974,100,531,1.56e-149,89.855,d:TSAR,p:Stramenopiles-Bigyra,c:Sagenista,o:Labyrinthulomycetes,f:Amphifilaceae,g:Fibrophrys,s:Fibrophrys_sp,AY919755.1.1748_U;tax,k:Eukaryota,OTU2296.p:Stramenopiles-Bigyra.g:Fibrophrys
1458,OTU2298,413,168,413,1555,518,762,60,287,3.74e-76,87.952,d:Obazoa,p:Opisthokonta-Rotosphaerida,c:Nucleariidea,o:Nucleariida,f:Nucleariida_X,g:Nuclearia,s:Nuclearia_pattersoni,LS974780.1.1555_U;tax,k:Eukaryota,OTU2298.p:Opisthokonta-Rotosphaerida.g:Nuclearia
1459,OTU2301,420,1,420,1749,547,958,100,586,3.35e-166,92.162,d:Amoebozoa,p:Tubulinea-Tubulinea_X,c:Elardia,o:Leptomyxida,f:Leptomyxidae,g:Leptomyxa,s:Leptomyxa_arborea,KT945254.1.1749_U;tax,k:Eukaryota,OTU2301.p:Tubulinea-Tubulinea_X.g:Leptomyxa
1460,OTU2303,408,1,408,1794,584,991,100,721,0,98.529,d:TSAR,p:Rhizaria-Cercozoa,c:Filosa-Sarcomonadea,o:Pansomonadida,f:Pansomonadida_X,g:Pansomonadida_XX,s:Pansomonadida_XX_sp,AY642704.1.1794_U;tax,k:Eukaryota,OTU2303.p:Rhizaria-Cercozoa.g:Pansomonadida_XX
1461,OTU2304,404,1,404,1202,12,408,100,407,2.69e-112,85.258,d:Eukaryota_X,p:Ancyromonadida-Ancyromonadida_X,c:Ancyromonadida_XX,o:Ancyromonadida_XXX,f:Ancyromonadida_Group-1,g:Ancyromonadida_Group-1_X,s:Planomonadidae_Group-1_X_sp,FJ153714.1.1202_U;tax,k:Eukaryota,OTU2304.p:Ancyromonadida-Ancyromonadida_X.g:Ancyromonadida_Group-1_X
1462,OTU2305,434,193,434,1372,366,603,69,267,5.12e-70,86.885,d:TSAR,p:Stramenopiles-Bigyra,c:Opalozoa,o:Nanomonadea,f:MAST-3,g:MAST-3J,s:MAST-3J_sp,EF526816.1.1395_U;tax,k:Eukaryota,OTU2305.p:Stramenopiles-Bigyra.g:MAST-3J
1463,OTU2307,376,1,376,1676,527,903,100,529,5.09e-149,92.105,d:TSAR,p:Alveolata-Ciliophora,c:Phyllopharyngea,o:Cyrtophoria_4,f:Chilodonellidae,g:Pseudochilodonopsis,s:Pseudochilodonopsis_fluviatilis,KR611083.1.1676_U;tax,k:Eukaryota,OTU2307.p:Alveolata-Ciliophora.g:Pseudochilodonopsis
1464,OTU2308,421,1,421,1883,578,989,100,409,7.8e-113,84.706,d:Amoebozoa,p:Evosea-Evosea_X,c:Variosea,o:Fractovitellida,f:Schizoplasmodiidae,g:Ceratiomyxella,s:Ceratiomyxella_tahitiensis,FJ544419.1.1883_U;tax,k:Eukaryota,OTU2308.p:Evosea-Evosea_X.g:Ceratiomyxella
1465,OTU2309,384,1,384,1730,573,958,100,634,1.07e-180,96.382,d:TSAR,p:Alveolata-Ciliophora,c:Nassophorea,o:Nassophorea_X,f:Microthoracida,g:Microthoracida_X,s:Microthoracida_X_sp,FJ810605.1.1730_U;tax,k:Eukaryota,OTU2309.p:Alveolata-Ciliophora.g:Microthoracida_X
1466,OTU2310,425,1,425,1900,577,1020,100,381,1.71e-104,83.073,d:Amoebozoa,p:Evosea-Evosea_X,c:Variosea,o:Variosea_X,f:Mb5C-lineage,g:Mb5C-lineage_X,s:Mb5C-lineage_X_sp,HE575399.1.1900_U;tax,k:Eukaryota,OTU2310.p:Evosea-Evosea_X.g:Mb5C-lineage_X
1467,OTU2311,401,1,401,1789,577,977,100,652,0,96.01,d:TSAR,p:Stramenopiles-Gyrista,c:Chrysophyceae,o:Chrysophyceae_Clade-EC2H,f:Chrysophyceae_Clade-EC2H_X,g:Chrysophyceae_Clade-EC2H_XX,s:Chrysophyceae_Clade-EC2H_XX_sp,GU290088.1.1789_U;tax,k:Eukaryota,OTU2311.p:Stramenopiles-Gyrista.g:Chrysophyceae_Clade-EC2H_XX
1468,OTU2315,386,1,386,1637,481,866,100,675,0,98.187,d:TSAR,p:Alveolata-Ciliophora,c:CONTH_3,o:CONTH_3_X,f:CONTH_3_XX,g:CONTH_3_XXX,s:CONTH_3_XXX_sp,AB505512.1.1637_U;tax,k:Eukaryota,OTU2315.p:Alveolata-Ciliophora.g:CONTH_3_XXX
1469,OTU2318,407,1,407,855,4,408,100,462,5.7e-129,87.348,d:TSAR,p:Stramenopiles-Bigyra,c:Sagenista,o:Sagenista_X,f:MAST-8,g:MAST-8A,s:MAST-8A_sp,HQ870429.1.855_U;tax,k:Eukaryota,OTU2318.p:Stramenopiles-Bigyra.g:MAST-8A
1470,OTU2319,385,1,385,1068,24,409,100,551,1.11e-155,92.487,d:TSAR,p:Alveolata-Ciliophora,c:Colpodea,o:Colpodea_X,f:Cyrtolophosidida,g:Cyrtolophosidida_X,s:Cyrtolophosidida_X_sp,FJ592470.1.1068_U;tax,k:Eukaryota,OTU2319.p:Alveolata-Ciliophora.g:Cyrtolophosidida_X
1471,OTU2320,327,1,326,1594,515,839,99,518,9.47e-146,95.399,d:TSAR,p:Alveolata-Ciliophora,c:Litostomatea,o:Litostomatea_X,f:Litostomatea_XX,g:Cultellothrix,s:Cultellothrix_coemeterii,KF733755.1.1594_U;tax,k:Eukaryota,OTU2320.p:Alveolata-Ciliophora.g:Cultellothrix
1472,OTU2321,386,1,386,1036,187,572,100,625,6.49e-178,95.855,d:TSAR,p:Alveolata-Ciliophora,c:Oligohymenophorea,o:Peritrichia_2,f:Sessilida,g:Sessilida_X,s:Sessilida_X_sp,KY355473.1.1036_U;tax,k:Eukaryota,OTU2321.p:Alveolata-Ciliophora.g:Sessilida_X
1473,OTU2322,411,1,411,1172,492,898,100,579,5.48e-164,92.233,d:TSAR,p:Rhizaria-Cercozoa,c:Filosa-Sarcomonadea,o:Glissomonadida,f:Sandonidae,g:Sandonidae_X,s:Sandonidae_X_sp,EU709209.1.1172_U;tax,k:Eukaryota,OTU2322.p:Rhizaria-Cercozoa.g:Sandonidae_X
1474,OTU2323,402,1,402,1728,516,917,100,728,0,99.254,d:TSAR,p:Rhizaria-Cercozoa,c:Filosa-Granofilosea,o:Limnofilida,f:Limnofilidae,g:Limnofila,s:Limnofila_longa,EU567254.1.1728_U;tax,k:Eukaryota,OTU2323.p:Rhizaria-Cercozoa.g:Limnofila
1475,OTU2324,407,1,407,989,475,889,100,455,9.53e-127,86.779,d:Amoebozoa,p:Evosea-Evosea_X,c:Variosea,o:Variosea_X,f:Variosea_XX,g:Variosea_XXX,s:Variosea_XXX_sp,EU545726.1.989_U;tax,k:Eukaryota,OTU2324.p:Evosea-Evosea_X.g:Variosea_XXX
1476,OTU2325,389,205,389,1752,783,967,48,204,3.63e-51,86.486,d:Obazoa,p:Opisthokonta-Choanoflagellata,c:Choanoflagellatea,o:Acanthoecida,f:Acanthoecidae,g:Enibas,s:Enibas_tolerabilis,MH687869.1.1752_U;tax,k:Eukaryota,OTU2325.p:Opisthokonta-Choanoflagellata.g:Enibas
1477,OTU2326,407,1,407,1120,504,908,100,634,1.14e-180,94.84,d:TSAR,p:Rhizaria-Cercozoa,c:Filosa-Sarcomonadea,o:Cercomonadida,f:Cercomonadidae,g:Cercomonas,s:Cercomonas_sp,AY884320.1.1120_U;tax,k:Eukaryota,OTU2326.p:Rhizaria-Cercozoa.g:Cercomonas
1478,OTU2328,408,1,408,1189,503,910,100,715,0,98.284,d:TSAR,p:Rhizaria-Cercozoa,c:Filosa-Sarcomonadea,o:Glissomonadida,f:Sandonidae,g:Neoheteromita,s:Neoheteromita_sp,EU709217.1.1190_U;tax,k:Eukaryota,OTU2328.p:Rhizaria-Cercozoa.g:Neoheteromita
1479,OTU2336,409,1,409,1805,585,992,100,472,9.52e-132,87.74,d:TSAR,p:Rhizaria-Cercozoa,c:Filosa-Sarcomonadea,o:Cercomonadida,f:Cercomonadidae,g:Cercomonas,s:Cercomonas_sp,EF024692.1.1805_U;tax,k:Eukaryota,OTU2336.p:Rhizaria-Cercozoa.g:Cercomonas
1480,OTU2338,406,1,406,1802,578,983,100,601,1.15e-170,93.35,d:TSAR,p:Rhizaria-Cercozoa,c:Endomyxa,o:Vampyrellida,f:Vampyrellida_X,g:Vampyrellida_clade_B,s:Vampyrellida_sp,KC779518.1.1802_U;tax,k:Eukaryota,OTU2338.p:Rhizaria-Cercozoa.g:Vampyrellida_clade_B
1481,OTU2340,420,162,420,1278,752,992,74,241,3.01e-62,84.615,d:TSAR,p:Stramenopiles-Bigyra,c:Sagenista,o:Labyrinthulomycetes,f:Amphitraemidae,g:Archerella,s:Archerella_flavum,KC245097.1.1278_U;tax,k:Eukaryota,OTU2340.p:Stramenopiles-Bigyra.g:Archerella
1482,OTU2346,405,1,405,1862,578,984,100,296,6.08e-79,80.193,d:Amoebozoa,p:Evosea-Evosea_X,c:Variosea,o:Variosea_X,f:Variosea_XX,g:Variosea_XXX,s:Variosea_XXX_sp,EF023424.1.1862_U;tax,k:Eukaryota,OTU2346.p:Evosea-Evosea_X.g:Variosea_XXX
1483,OTU2347,410,171,410,1664,638,875,78,353,3.61e-96,93.361,d:TSAR,p:Stramenopiles-Gyrista,c:Synchromophyceae,o:Synchromophyceae_X,f:Synchromophyceae_XX,g:Synchromophyceae_XXX,s:Synchromophyceae_XXX_sp,AB749073.1.1664_U;tax,k:Eukaryota,OTU2347.p:Stramenopiles-Gyrista.g:Synchromophyceae_XXX
1484,OTU2348,411,1,411,1677,590,996,100,545,5.56e-154,90.843,d:Amoebozoa,p:Tubulinea-Tubulinea_X,c:Elardia,o:Leptomyxida,f:Leptomyxidae,g:Leptomyxa,s:Leptomyxa_neglecta,KT945251.1.1677_U;tax,k:Eukaryota,OTU2348.p:Tubulinea-Tubulinea_X.g:Leptomyxa
1485,OTU2349,418,1,418,1438,155,567,100,429,5.95e-119,85.681,d:Amoebozoa,p:Tubulinea-Tubulinea_X,c:Elardia,o:Euamoebida,f:Hartmannellidae,g:Copromyxa,s:Copromyxa_microcystidis,KP719188.1.1438_U;tax,k:Eukaryota,OTU2349.p:Tubulinea-Tubulinea_X.g:Copromyxa
1486,OTU2350,402,1,402,1788,574,975,100,726,0,99.254,d:TSAR,p:Stramenopiles-Gyrista,c:Chrysophyceae,o:Chrysophyceae_Clade-EC2H,f:Chrysophyceae_Clade-EC2H_X,g:Chrysophyceae_Clade-EC2H_XX,s:Chrysophyceae_Clade-EC2H_XX_sp,GU290095.1.1788_U;tax,k:Eukaryota,OTU2350.p:Stramenopiles-Gyrista.g:Chrysophyceae_Clade-EC2H_XX
1487,OTU2352,425,1,425,1438,155,567,100,409,7.86e-113,84.687,d:Amoebozoa,p:Tubulinea-Tubulinea_X,c:Elardia,o:Euamoebida,f:Hartmannellidae,g:Copromyxa,s:Copromyxa_microcystidis,KP719188.1.1438_U;tax,k:Eukaryota,OTU2352.p:Tubulinea-Tubulinea_X.g:Copromyxa
1488,OTU2353,381,1,381,6060,969,1349,100,671,0,98.425,d:TSAR,p:Alveolata-Ciliophora,c:Oligohymenophorea,o:Hymenostomatia,f:Tetrahymenida,g:Tetrahymena,s:Tetrahymena_rostrata,MT420428.1.6060_U;tax,k:Eukaryota,OTU2353.p:Alveolata-Ciliophora.g:Tetrahymena
1489,OTU2354,406,1,406,1001,474,877,100,566,4.21e-160,91.872,d:Archaeplastida,p:Rhodophyta-Rhodophyta_X,c:Bangiophyceae,o:Cyanidiales,f:Cyanidiales_X,g:Cyanidiales_XX,s:Cyanidiales_XX_sp,JN825704.1.1001_U;tax,k:Eukaryota,OTU2354.p:Rhodophyta-Rhodophyta_X.g:Cyanidiales_XX
1490,OTU2358,413,1,413,1832,594,997,100,350,4.7e-95,82.536,d:Amoebozoa,p:Tubulinea-Tubulinea_X,c:Elardia,o:Euamoebida,f:Nolandellidae,g:Nolandella,s:Nolandella_sp,JQ271706.1.1832_U;tax,k:Eukaryota,OTU2358.p:Tubulinea-Tubulinea_X.g:Nolandella
1491,OTU2359,396,1,396,1745,565,961,100,627,1.85e-178,95.226,d:Obazoa,p:Opisthokonta-Choanoflagellata,c:Choanoflagellatea,o:Choanoflagellatea_X,f:Choanoflagellatea_XX,g:Salpingoeca,s:Salpingoeca_macrocollata,KT757482.1.1745_U;tax,k:Eukaryota,OTU2359.p:Opisthokonta-Choanoflagellata.g:Salpingoeca
1492,OTU2360,401,1,401,1788,577,977,100,708,0,98.507,d:TSAR,p:Stramenopiles-Gyrista,c:Chrysophyceae,o:Paraphysomonadales,f:Lepidochromonadaceae,g:Lepidochromonas,s:Lepidochromonas_sp,FR874662.1.1788_U;tax,k:Eukaryota,OTU2360.p:Stramenopiles-Gyrista.g:Lepidochromonas
1493,OTU2362,401,1,401,1605,531,925,100,475,7.2e-133,88.424,d:Amoebozoa,p:Tubulinea-Tubulinea_X,c:Elardia,o:Euamoebida,f:Nolandellidae,g:Nolandellidae_X,s:Nolandellidae_X_sp,AF372795.1.1605_U;tax,k:Eukaryota,OTU2362.p:Tubulinea-Tubulinea_X.g:Nolandellidae_X
1494,OTU2363,420,180,420,1820,752,991,69,339,1.04e-91,92.181,d:Obazoa,p:Breviatea-Breviatea_X,c:Breviatea_XX,o:Breviatea_XXX,f:Breviatea_XXXX,g:Pygsuia,s:Pygsuia_biforma,KC433554.1.1820_U;tax,k:Eukaryota,OTU2363.p:Breviatea-Breviatea_X.g:Pygsuia
1495,OTU2365,394,1,394,1346,572,965,100,545,5.31e-154,91.667,d:TSAR,p:Stramenopiles-Bigyra,c:Bicoecea,o:Pseudodendromonadales,f:Pseudodendromonadales_X,g:Pseudodendromonadales_XX,s:Pseudodendromonadales_XX_sp,AY642710.1.1346_U;tax,k:Eukaryota,OTU2365.p:Stramenopiles-Bigyra.g:Pseudodendromonadales_XX
1496,OTU2366,396,1,396,1690,519,914,100,604,8.69e-172,94.192,d:Archaeplastida,p:Chlorophyta-Chlorophyta_X,c:Chlorophyceae,o:Chlamydomonadales,f:Chlamydomonadales_X,g:Tetracystis,s:Tetracystis_sp,MH619570.1.1690_U;tax,k:Eukaryota,OTU2366.p:Chlorophyta-Chlorophyta_X.g:Tetracystis
1497,OTU2370,409,1,409,1271,570,979,100,684,0,96.829,d:TSAR,p:Rhizaria-Cercozoa,c:Filosa-Granofilosea,o:Filosa-Granofilosea_X,f:Novel-Gran-6,g:Novel-Gran-6_X,s:Novel-Gran-6_X_sp,AY620300.1.1271_U;tax,k:Eukaryota,OTU2370.p:Rhizaria-Cercozoa.g:Novel-Gran-6_X
1498,OTU2371,409,1,409,1825,594,1002,100,667,0,96.088,d:TSAR,p:Rhizaria-Cercozoa,c:Filosa-Granofilosea,o:Limnofilida,f:Limnofilidae,g:Limnofilidae_X,s:Limnofilidae_X_sp,AY082993.1.1825_U;tax,k:Eukaryota,OTU2371.p:Rhizaria-Cercozoa.g:Limnofilidae_X
1499,OTU2373,413,176,413,1836,796,1033,58,268,1.35e-70,87.19,d:Obazoa,p:Opisthokonta-Rotosphaerida,c:Rotosphaerida_X,o:Rotosphaerida_XX,f:Rotosphaerida_XXX,g:Pompholyxophrys,s:Pompholyxophrys_punicea,MK547175.1.1836_U;tax,k:Eukaryota,OTU2373.p:Opisthokonta-Rotosphaerida.g:Pompholyxophrys
1500,OTU2374,427,1,427,1613,573,991,100,688,0,96.019,d:Haptista,p:Centroplasthelida-Centroplasthelida_X,c:Pterocystida,o:Pterista,f:Heterophryidae,g:Heterophrys,s:Heterophrys_sp,AY749611.1.1613_U;tax,k:Eukaryota,OTU2374.p:Centroplasthelida-Centroplasthelida_X.g:Heterophrys
1501,OTU2375,393,1,393,1317,200,588,100,385,1.22e-105,84.673,d:Cryptista,p:Cryptophyta-Cryptophyta_X,c:Cryptophyceae,o:Goniomonadales,f:Goniomonadales_X,g:Goniomonadales_XX,s:Goniomonadales_XX_sp,JN705503.1.1317_U;tax,k:Eukaryota,OTU2375.p:Cryptophyta-Cryptophyta_X.g:Goniomonadales_XX
1502,OTU2376,397,1,397,1731,551,955,100,348,1.62e-94,82.641,d:Amoebozoa,p:Tubulinea-Tubulinea_X,c:Elardia,o:Arcellinida,f:Sphaerothecina,g:Arcella,s:Arcella_gibbosa,JF694278.1.1731_U;tax,k:Eukaryota,OTU2376.p:Tubulinea-Tubulinea_X.g:Arcella
1503,OTU2378,409,1,409,1877,592,1000,100,307,2.84e-82,80.387,d:Amoebozoa,p:Evosea-Evosea_X,c:Variosea,o:Variosea_X,f:Variosea_XX,g:Variosea_XXX,s:Variosea_XXX_sp,EF024417.1.1877_U;tax,k:Eukaryota,OTU2378.p:Evosea-Evosea_X.g:Variosea_XXX
1504,OTU2381,400,1,400,1839,567,967,100,462,5.59e-129,87.685,d:Amoebozoa,p:Evosea-Evosea_X,c:Variosea,o:Variosea_X,f:WIM1-lineage,g:WIM1-lineage_X,s:WIM1-lineage_X_sp,AB695494.1.1839_U;tax,k:Eukaryota,OTU2381.p:Evosea-Evosea_X.g:WIM1-lineage_X
1505,OTU2383,409,1,409,1502,524,931,100,544,1.99e-153,90.709,d:TSAR,p:Rhizaria-Cercozoa,c:Cercozoa_X,o:Cercozoa_XX,f:Cercozoa_XXX,g:Cercozoa_XXXX,s:Cercozoa_XXXX_sp,KJ925330.1.1502_U;tax,k:Eukaryota,OTU2383.p:Rhizaria-Cercozoa.g:Cercozoa_XXXX
1506,OTU2387,402,1,402,1802,578,983,100,353,3.53e-96,82.641,d:TSAR,p:Rhizaria-Cercozoa,c:Endomyxa,o:Vampyrellida,f:Vampyrellida_X,g:Vampyrellida_clade_B,s:Vampyrellida_sp,KC779518.1.1802_U;tax,k:Eukaryota,OTU2387.p:Rhizaria-Cercozoa.g:Vampyrellida_clade_B
1507,OTU2390,408,1,408,1883,578,989,100,359,7.71e-98,82.816,d:Amoebozoa,p:Evosea-Evosea_X,c:Variosea,o:Fractovitellida,f:Schizoplasmodiidae,g:Ceratiomyxella,s:Ceratiomyxella_tahitiensis,FJ544419.1.1883_U;tax,k:Eukaryota,OTU2390.p:Evosea-Evosea_X.g:Ceratiomyxella
1508,OTU2391,429,1,429,1849,592,1020,100,483,4.61e-135,87.156,d:Amoebozoa,p:Tubulinea-Tubulinea_X,c:Echinamoebida,o:Echinamoebida_X,f:Echinamoebidae,g:Echinamoeba,s:Echinamoeba_thermarum,AJ489261.1.1849_U;tax,k:Eukaryota,OTU2391.p:Tubulinea-Tubulinea_X.g:Echinamoeba
1509,OTU2393,409,1,409,1759,565,972,100,549,4.27e-155,91.041,d:TSAR,p:Rhizaria-Cercozoa,c:Endomyxa-Phytomyxea,o:Plasmodiophorida,f:Plasmodiophorida_X,g:Plasmodiophorida_XX,s:Plasmodiophorida_XX_sp,AB695525.1.1759_U;tax,k:Eukaryota,OTU2393.p:Rhizaria-Cercozoa.g:Plasmodiophorida_XX
1510,OTU2397,369,1,369,1878,560,928,100,444,1.86e-123,88.472,d:Amoebozoa,p:Evosea-Evosea_X,c:Archamoebea,o:Archamoebea_X,f:Entamoebidae,g:Entamoeba,s:Entamoeba_sp,FR686361.1.1878_U;tax,k:Eukaryota,OTU2397.p:Evosea-Evosea_X.g:Entamoeba
1511,OTU2399,415,1,415,1918,580,998,100,549,4.34e-155,90.544,d:Amoebozoa,p:Evosea-Evosea_X,c:Variosea,o:Fractovitellida,f:Schizoplasmodiidae,g:Nematostelium,s:Nematostelium_ovatum,FJ544420.1.1918_U;tax,k:Eukaryota,OTU2399.p:Evosea-Evosea_X.g:Nematostelium
1512,OTU2400,399,1,399,1789,576,976,100,684,0,97.512,d:TSAR,p:Stramenopiles-Gyrista,c:Chrysophyceae,o:Ochromonadales,f:Ochromonadales_clade-XI,g:Ochromonadales_clade-XI_X,s:Ochromonadales_clade-XI_X_sp,AY520447.1.1789_U;tax,k:Eukaryota,OTU2400.p:Stramenopiles-Gyrista.g:Ochromonadales_clade-XI_X
1513,OTU2401,415,1,415,1285,204,616,100,261,2.28e-68,78.436,d:TSAR,p:Rhizaria-Cercozoa,c:Endomyxa,o:Vampyrellida,f:Penardia-lineage,g:Penardia-lineage_X,s:Penardia-lineage_X_sp,AF372743.1.1285_U;tax,k:Eukaryota,OTU2401.p:Rhizaria-Cercozoa.g:Penardia-lineage_X
1514,OTU2403,403,1,403,1791,589,993,100,420,3.44e-116,85.504,d:TSAR,p:Rhizaria-Cercozoa,c:Endomyxa,o:Vampyrellida,f:Thalassomyxa-lineage,g:Thalassomyxa-lineage_X,s:Thalassomyxa-lineage_X_sp,EU910603.1.1791_U;tax,k:Eukaryota,OTU2403.p:Rhizaria-Cercozoa.g:Thalassomyxa-lineage_X
1515,OTU2406,383,1,383,1762,577,960,100,531,1.44e-149,91.688,d:TSAR,p:Alveolata-Ciliophora,c:Oligohymenophorea,o:Astomatia,f:Astomatida,g:Metaradiophrya,s:Metaradiophrya_lumbrici,MN121068.1.1762_U;tax,k:Eukaryota,OTU2406.p:Alveolata-Ciliophora.g:Metaradiophrya
1516,OTU2407,404,1,404,1689,490,897,100,451,1.22e-125,86.988,d:TSAR,p:Stramenopiles-Bigyra,c:Sagenista,o:Labyrinthulomycetes,f:Labyrinthulomycetes_LAB1/6/8,g:Labyrinthulomycetes_LAB8,s:Labyrinthulomycetes_LAB8_sp,AF290070.1.1689_U;tax,k:Eukaryota,OTU2407.p:Stramenopiles-Bigyra.g:Labyrinthulomycetes_LAB8
1517,OTU2408,385,1,385,1745,560,944,100,612,5.04e-174,95.349,d:TSAR,p:Stramenopiles-Bigyra,c:Sagenista,o:Labyrinthulomycetes,f:Labyrinthulaceae,g:Labyrinthula,s:Labyrinthula_sp,EU431329.1.1745_U;tax,k:Eukaryota,OTU2408.p:Stramenopiles-Bigyra.g:Labyrinthula
1518,OTU2409,412,1,412,1519,436,839,100,377,2.15e-103,83.614,d:Amoebozoa,p:Tubulinea-Tubulinea_X,c:Elardia,o:Euamoebida,f:Nolandellidae,g:Nolandellidae_X,s:Nolandellidae_X_sp,AY821961.1.1519_U;tax,k:Eukaryota,OTU2409.p:Tubulinea-Tubulinea_X.g:Nolandellidae_X
1519,OTU2410,328,1,327,1639,536,860,99,525,5.68e-148,95.719,d:TSAR,p:Alveolata-Ciliophora,c:Litostomatea,o:Litostomatea_X,f:Litostomatea_XX,g:Arcuospathidium,s:Arcuospathidium_namibiense,JF263442.1.1639_U;tax,k:Eukaryota,OTU2410.p:Alveolata-Ciliophora.g:Arcuospathidium
1520,OTU2411,396,1,396,1709,538,933,100,676,0,97.475,d:Archaeplastida,p:Chlorophyta-Chlorophyta_X,c:Chlorophyceae,o:Chlamydomonadales,f:Chlamydomonadales_X,g:Carteria,s:Carteria_cerasiformis,LC037440.1.1709_U;tax,k:Eukaryota,OTU2411.p:Chlorophyta-Chlorophyta_X.g:Carteria
1521,OTU2412,422,92,422,571,1,333,78,564,1.58e-159,97.297,d:Archaeplastida,p:Rhodophyta-Rhodophyta_X,c:Bangiophyceae,o:Cyanidiales,f:Cyanidiales_X,g:Galdieria,s:Galdieria_sulphuraria,MW090722.1.571_U;tax,k:Eukaryota,OTU2412.p:Rhodophyta-Rhodophyta_X.g:Galdieria
1522,OTU2413,408,168,408,1883,746,989,72,292,7.93e-78,88.525,d:Amoebozoa,p:Evosea-Evosea_X,c:Variosea,o:Fractovitellida,f:Schizoplasmodiidae,g:Ceratiomyxella,s:Ceratiomyxella_tahitiensis,FJ544419.1.1883_U;tax,k:Eukaryota,OTU2413.p:Evosea-Evosea_X.g:Ceratiomyxella
1523,OTU2415,399,1,399,3571,531,929,100,516,4.22e-145,90.025,d:TSAR,p:Alveolata-Dinoflagellata,c:Dinophyceae,o:Peridiniales,f:Peridiniopsidaceae,g:Parvodinium,s:Parvodinium_cunningtonii,ON980537.1.3571_U;tax,k:Eukaryota,OTU2415.p:Alveolata-Dinoflagellata.g:Parvodinium
1524,OTU2416,408,1,408,1883,578,989,100,459,7.39e-128,87.019,d:Amoebozoa,p:Evosea-Evosea_X,c:Variosea,o:Fractovitellida,f:Schizoplasmodiidae,g:Ceratiomyxella,s:Ceratiomyxella_tahitiensis,FJ544419.1.1883_U;tax,k:Eukaryota,OTU2416.p:Evosea-Evosea_X.g:Ceratiomyxella
1525,OTU2417,407,1,407,1236,623,1029,100,586,3.24e-166,92.647,d:TSAR,p:Rhizaria-Cercozoa,c:Filosa-Granofilosea,o:Cryptofilida,f:Nanofilidae,g:Nanofila,s:Nanofila_sp,DQ666485.1.1237_U;tax,k:Eukaryota,OTU2417.p:Rhizaria-Cercozoa.g:Nanofila
1526,OTU2418,390,1,390,1829,595,987,100,568,1.12e-160,92.893,d:Amoebozoa,p:Tubulinea-Tubulinea_X,c:Elardia,o:Leptomyxida,f:Flabellulidae,g:Flabellula,s:Flabellula_pomeranica,KT945249.1.1829_U;tax,k:Eukaryota,OTU2418.p:Tubulinea-Tubulinea_X.g:Flabellula
1527,OTU2419,397,1,397,1809,540,936,100,706,0,98.741,d:Amoebozoa,p:Evosea-Evosea_X,c:Variosea,o:Protosteliida,f:Protosteliida_X,g:Protostelium,s:Protostelium_mycophagum,FJ766484.1.1809_U;tax,k:Eukaryota,OTU2419.p:Evosea-Evosea_X.g:Protostelium
1528,OTU2420,408,1,408,1636,551,961,100,534,1.19e-150,90.268,d:TSAR,p:Rhizaria-Cercozoa,c:Filosa-Sarcomonadea,o:Glissomonadida,f:Allapsidae,g:Allapsidae_X,s:Allapsidae_X_sp,AB534329.1.1636_U;tax,k:Eukaryota,OTU2420.p:Rhizaria-Cercozoa.g:Allapsidae_X
1529,OTU2423,397,1,397,1741,536,934,100,453,3.34e-126,87.345,d:TSAR,p:Alveolata-Dinoflagellata,c:Dinophyceae,o:Peridiniales,f:Thoracosphaeraceae,g:Stoeckeria,s:Stoeckeria_changwonensis,HG005132.1.1741_U;tax,k:Eukaryota,OTU2423.p:Alveolata-Dinoflagellata.g:Stoeckeria
1530,OTU2424,407,1,407,2266,586,992,100,741,0,99.509,d:TSAR,p:Rhizaria-Cercozoa,c:Filosa-Sarcomonadea,o:Glissomonadida,f:Sandonidae,g:Sandona,s:Sandona_sp,AM114805.1.2266_U;tax,k:Eukaryota,OTU2424.p:Rhizaria-Cercozoa.g:Sandona
1531,OTU2427,396,1,396,1755,556,953,100,545,5.34e-154,91.479,d:TSAR,p:Alveolata-Dinoflagellata,c:Dinophyceae,o:Dinophyceae_X,f:Dinophyceae_XX,g:Dinophyceae_XXX,s:Dinophyceae_XXX_sp,AB695539.1.1755_U;tax,k:Eukaryota,OTU2427.p:Alveolata-Dinoflagellata.g:Dinophyceae_XXX
1532,OTU2428,373,1,373,1806,582,954,100,473,2.4e-132,89.6,d:Amoebozoa,p:Tubulinea-Tubulinea_X,c:Elardia,o:Euamoebida,f:Hartmannellidae,g:Saccamoeba,s:Saccamoeba_sp,JQ271720.1.1806_U;tax,k:Eukaryota,OTU2428.p:Tubulinea-Tubulinea_X.g:Saccamoeba
1533,OTU2429,435,195,435,1803,742,980,69,250,5.17e-65,85.656,d:Obazoa,p:Opisthokonta-Opisthokonta_X,c:Opisthokonta_XX,o:Opisthokonta_XXX,f:Opisthokonta_XXXX,g:Tunicaraptor,s:Tunicaraptor_unikontum,MT611055.1.1803_U;tax,k:Eukaryota,OTU2429.p:Opisthokonta-Opisthokonta_X.g:Tunicaraptor
1534,OTU2433,414,1,414,1697,524,940,100,501,1.23e-140,88.517,d:TSAR,p:Stramenopiles-Bigyra,c:Sagenista,o:Labyrinthulomycetes,f:Amphifilaceae,g:Fibrophrys,s:Fibrophrys_sp,AB721051.1.1697_U;tax,k:Eukaryota,OTU2433.p:Stramenopiles-Bigyra.g:Fibrophrys
1535,OTU2434,406,1,406,1801,576,981,100,507,2.59e-142,89.242,d:TSAR,p:Rhizaria-Cercozoa,c:Endomyxa,o:Vampyrellida,f:Thalassomyxa-lineage,g:Thalassomyxa,s:Thalassomyxa_sp,KC779515.1.1801_U;tax,k:Eukaryota,OTU2434.p:Rhizaria-Cercozoa.g:Thalassomyxa
1536,OTU2435,384,23,384,1800,627,990,94,527,1.87e-148,92.877,d:TSAR,p:Rhizaria-Cercozoa,c:Filosa-Thecofilosea,o:Cryomonadida,f:Rhogostoma-lineage,g:Rhogostoma-lineage_X,s:Rhogostoma-lineage_X_sp,EF023854.1.1800_U;tax,k:Eukaryota,OTU2435.p:Rhizaria-Cercozoa.g:Rhogostoma-lineage_X
1537,OTU2436,401,1,401,1721,545,945,100,726,0,99.252,d:TSAR,p:Stramenopiles-Gyrista,c:Mediophyceae,o:Thalassiosirales,f:Stephanodiscaceae,g:Cyclotella,s:Cyclotella_meneghiniana,DQ514861.1.1721_U;tax,k:Eukaryota,OTU2436.p:Stramenopiles-Gyrista.g:Cyclotella
1538,OTU2437,411,30,408,1210,4,383,92,490,2.64e-137,89.844,d:Amoebozoa,p:Amoebozoa_X-Amoebozoa_XX,c:Lobosa-G1,o:Lobosa-G1_X,f:Lobosa-G1_XX,g:Lobosa-G1_XXX,s:Lobosa-G1_XXX_sp,FN562427.1.1210_U;tax,k:Eukaryota,OTU2437.p:Amoebozoa_X-Amoebozoa_XX.g:Lobosa-G1_XXX
1539,OTU2445,405,169,405,1796,740,979,59,158,2.99e-37,79.012,d:TSAR,p:Stramenopiles-Bigyra,c:Sagenista,o:Sagenista_X,f:MAST-8,g:MAST-8A,s:MAST-8A_sp,KJ763674.1.1796_U;tax,k:Eukaryota,OTU2445.p:Stramenopiles-Bigyra.g:MAST-8A
1540,OTU2446,438,1,438,1038,478,916,100,361,2.3e-98,81.92,d:Amoebozoa,p:Evosea-Evosea_X,c:Variosea,o:Variosea_X,f:Variosea_XX,g:Variosea_XXX,s:Variosea_XXX_sp,JN825689.1.1038_U;tax,k:Eukaryota,OTU2446.p:Evosea-Evosea_X.g:Variosea_XXX
1541,OTU2447,383,1,383,1615,544,924,100,407,2.54e-112,86.154,d:TSAR,p:Stramenopiles-Bigyra,c:Sagenista,o:Labyrinthulomycetes,f:Thraustochytriaceae,g:Thraustochytriaceae_X,s:Thraustochytriaceae_X_sp,AF257314.1.1615_U;tax,k:Eukaryota,OTU2447.p:Stramenopiles-Bigyra.g:Thraustochytriaceae_X
1542,OTU2448,398,1,398,1803,586,983,100,508,7.04e-143,89.776,d:TSAR,p:Rhizaria-Cercozoa,c:Filosa-Sarcomonadea,o:Cercomonadida,f:Paracercomonadidae,g:Paracercomonas,s:Paracercomonas_sp,AM114800.1.1803_U;tax,k:Eukaryota,OTU2448.p:Rhizaria-Cercozoa.g:Paracercomonas
1543,OTU2450,403,1,403,1796,581,985,100,636,0,95.074,d:TSAR,p:Stramenopiles-Bigyra,c:Opalozoa,o:Opalozoa_X,f:MAST-12,g:MAST-12C,s:MAST-12C_sp,EF023594.1.1796_U;tax,k:Eukaryota,OTU2450.p:Stramenopiles-Bigyra.g:MAST-12C
1544,OTU2451,393,1,393,1699,559,947,100,518,1.15e-145,90.585,d:TSAR,p:Alveolata-Perkinsea,c:Perkinsida,o:Perkinsida_X,f:Perkinsida_XX,g:Perkinsida_XXX,s:Perkinsida_XXX_sp,AY919736.1.1699_U;tax,k:Eukaryota,OTU2451.p:Alveolata-Perkinsea.g:Perkinsida_XXX
1545,OTU2454,415,170,415,1601,736,978,71,235,1.38e-60,84.337,d:Haptista,p:Centroplasthelida-Centroplasthelida_X,c:Centroplasthelida_XX,o:Centroplasthelida_XXX,f:Centroplasthelida_XXXX,g:Centroplasthelida_XXXXX,s:Centroplasthelida_XXXXX_sp,AY749538.1.1601_U;tax,k:Eukaryota,OTU2454.p:Centroplasthelida-Centroplasthelida_X.g:Centroplasthelida_XXXXX
1546,OTU2455,407,172,407,1707,648,884,58,243,8.08e-63,85.417,d:Obazoa,p:Apusomonada-Apusomonada_X,c:Apusomonadidae,o:Apusomonadidae_Group-1,f:Apusomonadidae_Group-1_X,g:Apusomonadidae_Group-1_XX,s:Apusomonadidae_Group-1_XX_sp,AB505489.1.1707_U;tax,k:Eukaryota,OTU2455.p:Apusomonada-Apusomonada_X.g:Apusomonadidae_Group-1_XX
1547,OTU2457,415,1,415,1599,565,979,100,750,0,99.277,d:Obazoa,p:Opisthokonta-Choanoflagellata,c:Choanoflagellatea,o:Choanoflagellatea_X,f:Choanoflagellata_XX_Clade-2,g:Choanoflagellata_XX_Clade-2_X,s:Choanoflagellata_XX_Clade-2_X_sp,EF023370.1.1599_U;tax,k:Eukaryota,OTU2457.p:Opisthokonta-Choanoflagellata.g:Choanoflagellata_XX_Clade-2_X
1548,OTU2458,407,1,407,1583,506,912,100,658,0,95.823,d:TSAR,p:Rhizaria-Cercozoa,c:Filosa-Sarcomonadea,o:Glissomonadida,f:Sandonidae,g:Sandonidae_X,s:Sandonidae_X_sp,EU709205.1.1583_U;tax,k:Eukaryota,OTU2458.p:Rhizaria-Cercozoa.g:Sandonidae_X
1549,OTU2459,407,1,407,1883,578,989,100,412,5.82e-114,85.096,d:Amoebozoa,p:Evosea-Evosea_X,c:Variosea,o:Fractovitellida,f:Schizoplasmodiidae,g:Ceratiomyxella,s:Ceratiomyxella_tahitiensis,FJ544419.1.1883_U;tax,k:Eukaryota,OTU2459.p:Evosea-Evosea_X.g:Ceratiomyxella
1550,OTU2460,344,132,344,1579,587,806,62,167,4.18e-40,80.995,d:TSAR,p:Alveolata-Ciliophora,c:Karyorelictea,o:Karyorelictea_X,f:Trachelocercidae,g:Apotrachelocerca,s:Apotrachelocerca_arenicola,JF800908.1.1579_U;tax,k:Eukaryota,OTU2460.p:Alveolata-Ciliophora.g:Apotrachelocerca
1551,OTU2461,404,1,404,1801,576,981,100,538,9.13e-152,90.64,d:TSAR,p:Rhizaria-Cercozoa,c:Endomyxa,o:Vampyrellida,f:Thalassomyxa-lineage,g:Thalassomyxa,s:Thalassomyxa_sp,KC779515.1.1801_U;tax,k:Eukaryota,OTU2461.p:Rhizaria-Cercozoa.g:Thalassomyxa
1552,OTU2462,385,1,385,1766,577,961,100,612,5.04e-174,95.325,d:TSAR,p:Alveolata-Ciliophora,c:Nassophorea,o:Nassophorea_X,f:Colpodidiidae,g:Colpodidiidae_X,s:Colpodidiidae_X_sp,EU264561.1.1766_U;tax,k:Eukaryota,OTU2462.p:Alveolata-Ciliophora.g:Colpodidiidae_X
1553,OTU2464,414,1,413,676,160,573,99,514,1.58e-144,89.26,d:TSAR,p:Stramenopiles-Bigyra,c:Sagenista,o:Labyrinthulomycetes,f:Amphifilaceae,g:Amphifilaceae_X,s:Amphifilaceae_X_sp,AB572139.1.676_U;tax,k:Eukaryota,OTU2464.p:Stramenopiles-Bigyra.g:Amphifilaceae_X
1554,OTU2466,395,1,395,1637,535,929,100,658,0,96.709,d:Obazoa,p:Opisthokonta-Ichthyosporea,c:Ichthyophonida,o:Ichthyophonida_X,f:Ichthyophonida_XX,g:Ichthyophonida_XXX,s:Ichthyophonida_XXX_sp,KC486775.1.1637_U;tax,k:Eukaryota,OTU2466.p:Opisthokonta-Ichthyosporea.g:Ichthyophonida_XXX
1555,OTU2467,379,1,379,1649,528,906,100,307,2.62e-82,81.606,d:TSAR,p:Stramenopiles-Bigyra,c:Bicoecea,o:Pseudodendromonadales,f:Pseudodendromonadales_X,g:Pseudodendromonadales_XX,s:Pseudodendromonadales_XX_sp,AB622310.1.1649_U;tax,k:Eukaryota,OTU2467.p:Stramenopiles-Bigyra.g:Pseudodendromonadales_XX
1556,OTU2468,407,1,407,1493,497,903,100,736,0,99.263,d:TSAR,p:Rhizaria-Cercozoa,c:Filosa-Sarcomonadea,o:Glissomonadida,f:Sandonidae,g:Sandonidae_X,s:Sandonidae_X_sp,EU709210.7.1499_U;tax,k:Eukaryota,OTU2468.p:Rhizaria-Cercozoa.g:Sandonidae_X
1557,OTU2469,385,1,385,1774,577,961,100,584,1.1e-165,94.041,d:Obazoa,p:Breviatea-Breviatea_X,c:Breviatea_XX,o:Breviatea_XXX,f:Breviata-lineage,g:Breviata-lineage_X,s:Breviata-lineage_X_sp,AM114802.1.1774_U;tax,k:Eukaryota,OTU2469.p:Breviatea-Breviatea_X.g:Breviata-lineage_X
1558,OTU2473,419,303,419,799,319,435,39,150,5.2e-35,89.744,d:Excavata,p:Discoba-Discoba_X,c:Discoba_XX,o:Jakobida,f:Stygiellidae,g:Stygiellidae_STYG1,s:Stygiellidae_STYG1_sp,FJ153626.1.799_U;tax,k:Eukaryota,OTU2473.p:Discoba-Discoba_X.g:Stygiellidae_STYG1
1559,OTU2474,392,1,392,1758,575,966,100,719,0,99.745,d:TSAR,p:Alveolata-Ciliophora,c:Spirotrichea,o:Hypotrichia,f:Urostylidae,g:Urostyla,s:Urostyla_sp,LASQ02014678.1830.3587_U;tax,k:Eukaryota,OTU2474.p:Alveolata-Ciliophora.g:Urostyla
1560,OTU2475,414,32,411,1024,24,401,92,490,2.66e-137,90.078,d:Amoebozoa,p:Amoebozoa_X-Amoebozoa_XX,c:Lobosa-G1,o:Lobosa-G1_X,f:Lobosa-G1_XX,g:Lobosa-G1_XXX,s:Lobosa-G1_XXX_sp,FN562424.1.1024_U;tax,k:Eukaryota,OTU2475.p:Amoebozoa_X-Amoebozoa_XX.g:Lobosa-G1_XXX
1561,OTU2482,392,1,392,1629,543,943,100,632,3.94e-180,95.511,d:TSAR,p:Rhizaria-Cercozoa,c:Filosa-Thecofilosea,o:Cryomonadida,f:Rhogostoma-lineage,g:Rhogostoma,s:Rhogostoma_kappa,MN860275.1.1629_U;tax,k:Eukaryota,OTU2482.p:Rhizaria-Cercozoa.g:Rhogostoma
1562,OTU2483,410,1,410,1605,531,925,100,455,9.61e-127,87.348,d:Amoebozoa,p:Tubulinea-Tubulinea_X,c:Elardia,o:Euamoebida,f:Nolandellidae,g:Nolandellidae_X,s:Nolandellidae_X_sp,AF372795.1.1605_U;tax,k:Eukaryota,OTU2483.p:Tubulinea-Tubulinea_X.g:Nolandellidae_X
1563,OTU2485,404,1,404,1804,583,993,100,569,3.24e-161,91.99,d:TSAR,p:Stramenopiles-Gyrista,c:Peronosporomycetes,o:Peronosporomycetes_X,f:Leptomitales,g:Leptomitales_X,s:Leptomitales_X_sp,EF023464.1.1804_U;tax,k:Eukaryota,OTU2485.p:Stramenopiles-Gyrista.g:Leptomitales_X
1564,OTU2488,394,1,394,806,98,490,100,472,9.14e-132,88.5,d:TSAR,p:Alveolata-Perkinsea,c:Perkinsida,o:Perkinsida_X,f:Perkinsida_XX,g:Perkinsida_XXX,s:Perkinsida_XXX_sp,KP122550.1.806_U;tax,k:Eukaryota,OTU2488.p:Alveolata-Perkinsea.g:Perkinsida_XXX
1565,OTU2490,404,1,404,1735,550,945,100,429,5.73e-119,86.173,d:Obazoa,p:Opisthokonta-Choanoflagellata,c:Choanoflagellatea,o:Craspedida,f:Monosigidae_Group_A,g:Monosiga,s:Monosiga_brevicollis,KF130382.1.1735_U;tax,k:Eukaryota,OTU2490.p:Opisthokonta-Choanoflagellata.g:Monosiga
1566,OTU2501,431,1,431,1849,592,1020,100,496,5.95e-139,87.615,d:Amoebozoa,p:Tubulinea-Tubulinea_X,c:Echinamoebida,o:Echinamoebida_X,f:Echinamoebidae,g:Echinamoeba,s:Echinamoeba_thermarum,AJ489261.1.1849_U;tax,k:Eukaryota,OTU2501.p:Tubulinea-Tubulinea_X.g:Echinamoeba
1567,OTU2502,397,1,397,1751,569,964,100,588,8.77e-167,93.467,d:Obazoa,p:Opisthokonta-Pluriformea,c:Pluriformea_X,o:Pluriformea_XX,f:Pluriformea_XXX,g:Syssomonas,s:Syssomonas_multiformis,MF190551.1.1751_U;tax,k:Eukaryota,OTU2502.p:Opisthokonta-Pluriformea.g:Syssomonas
1568,OTU2504,396,1,396,810,98,493,100,649,0,96.212,d:TSAR,p:Alveolata-Perkinsea,c:Perkinsida,o:Perkinsida_X,f:Perkinsida_XX,g:Perkinsida_XXX,s:Perkinsida_XXX_sp,KP122521.1.810_U;tax,k:Eukaryota,OTU2504.p:Alveolata-Perkinsea.g:Perkinsida_XXX
1569,OTU2505,387,1,387,1792,581,977,100,492,6.88e-138,89.474,d:Obazoa,p:Opisthokonta-Filasterea,c:Filasterea_X,o:Filasterea_XX,f:Filasterea_XXX,g:Pigoraptor,s:Pigoraptor_chileana,MF190553.1.1792_U;tax,k:Eukaryota,OTU2505.p:Opisthokonta-Filasterea.g:Pigoraptor
1570,OTU2506,406,170,406,1743,718,953,71,198,1.77e-49,82.083,d:TSAR,p:Telonemia-Telonemia_X,c:Telonemia_XX,o:Telonemia_XXX,f:Telonemia-Group-2,g:Telonemia-Group-2_X,s:Telonemia-Group-2_X_sp,EU371332.1.1743_U;tax,k:Eukaryota,OTU2506.p:Telonemia-Telonemia_X.g:Telonemia-Group-2_X
1571,OTU2507,409,1,409,1804,549,951,100,479,5.69e-134,88.107,d:Archaeplastida,p:Rhodophyta-Rhodophyta_X,c:Bangiophyceae,o:Cyanidiales,f:Cyanidiales_X,g:Cyanidiales_XX,s:Cyanidiales_XX_sp,AB695473.1.1804_U;tax,k:Eukaryota,OTU2507.p:Rhodophyta-Rhodophyta_X.g:Cyanidiales_XX
1572,OTU2508,390,1,390,847,32,433,100,571,8.67e-162,92.786,d:TSAR,p:Stramenopiles-Bigyra,c:Bicoecea,o:Pseudodendromonadales,f:Pseudodendromonadales_X,g:Pseudodendromonadales_XX,s:Pseudodendromonadales_XX_sp,DQ104588.1.847_U;tax,k:Eukaryota,OTU2508.p:Stramenopiles-Bigyra.g:Pseudodendromonadales_XX
1573,OTU2509,408,1,408,1804,549,951,100,516,4.32e-145,89.781,d:Archaeplastida,p:Rhodophyta-Rhodophyta_X,c:Bangiophyceae,o:Cyanidiales,f:Cyanidiales_X,g:Cyanidiales_XX,s:Cyanidiales_XX_sp,AB695473.1.1804_U;tax,k:Eukaryota,OTU2509.p:Rhodophyta-Rhodophyta_X.g:Cyanidiales_XX
1574,OTU2510,394,149,394,1791,735,974,62,233,4.7e-60,84.146,d:Archaeplastida,p:Rhodophyta-Rhodophyta_X,c:Compsopogonophyceae,o:Erythropeltidales,f:Erythropeltidales_X,g:Erythrocladia,s:Erythrocladia_sp,L26188.3.1793_U;tax,k:Eukaryota,OTU2510.p:Rhodophyta-Rhodophyta_X.g:Erythrocladia
1575,OTU2511,404,1,404,1565,489,895,100,377,2.11e-103,83.698,d:Amoebozoa,p:Tubulinea-Tubulinea_X,c:Elardia,o:Leptomyxida,f:Leptomyxidae,g:Leptomyxa,s:Leptomyxa_regia,OM914643.1.1565_U;tax,k:Eukaryota,OTU2511.p:Tubulinea-Tubulinea_X.g:Leptomyxa
1576,OTU2513,419,1,419,1544,366,773,100,531,1.59e-149,90.141,d:Obazoa,p:Opisthokonta-Choanoflagellata,c:Choanoflagellatea,o:Craspedida,f:Salpingoecidae_Group_C1,g:Salpingoecidae_Group_C1_X,s:Salpingoecidae_Group_C1_X_sp,GU647193.1.1544_U;tax,k:Eukaryota,OTU2513.p:Opisthokonta-Choanoflagellata.g:Salpingoecidae_Group_C1_X
1577,OTU2514,410,1,410,1793,556,965,100,680,0,96.585,d:TSAR,p:Stramenopiles-Gyrista,c:Peronosporomycetes,o:Peronosporomycetes_X,f:Peronosporales,g:Pythium,s:Pythium_senticosum,HQ643773.1.1793_U;tax,k:Eukaryota,OTU2514.p:Stramenopiles-Gyrista.g:Pythium
1578,OTU2516,413,1,413,1664,498,903,100,479,5.75e-134,88.01,d:Excavata,p:Metamonada-Preaxostyla,c:Preaxostyla_X,o:Preaxostyla_XX,f:Paramastigidae,g:Paratrimastix,s:Paratrimastix_pyriformis,KT388046.1.1664_U;tax,k:Eukaryota,OTU2516.p:Metamonada-Preaxostyla.g:Paratrimastix
1579,OTU2517,422,1,422,1766,579,1000,100,774,0,99.763,d:TSAR,p:Stramenopiles-Gyrista,c:Xanthophyceae,o:Xanthophyceae_X,f:Xanthophyceae_XX,g:Tribonema,s:Tribonema_sp,KF791558.1.1766_U;tax,k:Eukaryota,OTU2517.p:Stramenopiles-Gyrista.g:Tribonema
1580,OTU2519,423,1,423,1882,579,1013,100,377,2.21e-103,83.108,d:Amoebozoa,p:Discosea-Discosea_X,c:Centramoebia,o:Acanthopodida,f:Acanthamoebidae,g:Acanthamoeba,s:Acanthamoeba_sp,AB505484.1.1882_U;tax,k:Eukaryota,OTU2519.p:Discosea-Discosea_X.g:Acanthamoeba
1581,OTU2520,416,1,415,676,160,573,99,472,9.69e-132,87.411,d:TSAR,p:Stramenopiles-Bigyra,c:Sagenista,o:Labyrinthulomycetes,f:Amphifilaceae,g:Amphifilaceae_X,s:Amphifilaceae_X_sp,AB572139.1.676_U;tax,k:Eukaryota,OTU2520.p:Stramenopiles-Bigyra.g:Amphifilaceae_X
1582,OTU2521,406,1,406,599,1,401,100,263,6.19e-69,79.036,d:Amoebozoa,p:Tubulinea-Tubulinea_X,c:Elardia,o:Euamoebida,f:Vermamoebidae,g:Vermamoeba,s:Vermamoeba_vermiformis,OP297004.1.599_U;tax,k:Eukaryota,OTU2521.p:Tubulinea-Tubulinea_X.g:Vermamoeba
1583,OTU2522,415,1,415,1455,553,958,100,287,3.76e-76,79.81,d:Amoebozoa,p:Evosea-Evosea_X,c:Variosea,o:Flamellidae,f:Flamella-lineage,g:Flamella,s:Flamella_pleistocenica,KP219431.1.1455_U;tax,k:Eukaryota,OTU2522.p:Evosea-Evosea_X.g:Flamella
1584,OTU2523,327,1,326,1545,486,811,99,597,1.18e-169,99.693,d:TSAR,p:Alveolata-Ciliophora,c:Litostomatea,o:Haptoria_4,f:Didiniidae,g:Didiniidae_X,s:Didiniidae_X_sp,KJ925506.1.1545_U;tax,k:Eukaryota,OTU2523.p:Alveolata-Ciliophora.g:Didiniidae_X
1585,OTU2524,417,1,416,676,160,573,99,446,5.89e-124,86.256,d:TSAR,p:Stramenopiles-Bigyra,c:Sagenista,o:Labyrinthulomycetes,f:Amphifilaceae,g:Amphifilaceae_X,s:Amphifilaceae_X_sp,AB572139.1.676_U;tax,k:Eukaryota,OTU2524.p:Stramenopiles-Bigyra.g:Amphifilaceae_X
1586,OTU2525,434,195,434,1210,177,414,68,171,4.13e-41,79.752,d:TSAR,p:Stramenopiles-Gyrista,c:Gyrista_X,o:Gyrista_XX,f:MAST-1,g:MAST-1A,s:MAST-1A_sp,GU823551.1.1210_U;tax,k:Eukaryota,OTU2525.p:Stramenopiles-Gyrista.g:MAST-1A
1587,OTU2528,393,1,393,1773,578,971,100,643,0,96.193,d:TSAR,p:Alveolata-Ciliophora,c:Spirotrichea,o:Hypotrichia,f:Oxytrichidae,g:Orthamphisiella,s:Orthamphisiella_breviseries,AY498654.1.1773_U;tax,k:Eukaryota,OTU2528.p:Alveolata-Ciliophora.g:Orthamphisiella
1588,OTU2529,406,1,406,1115,490,892,100,425,7.46e-118,85.819,d:TSAR,p:Rhizaria-Cercozoa,c:Endomyxa,o:Vampyrellida,f:Vampyrellidae,g:Vampyrella,s:Vampyrella_sp,EU567262.1.1115_U;tax,k:Eukaryota,OTU2529.p:Rhizaria-Cercozoa.g:Vampyrella
1589,OTU2531,404,1,404,1702,495,899,100,464,1.57e-129,87.591,d:Amoebozoa,p:Tubulinea-Tubulinea_X,c:Echinamoebida,o:Echinamoebida_X,f:Echinamoebidae,g:Echinamoeba,s:Echinamoeba_sp,AB520727.1.1702_U;tax,k:Eukaryota,OTU2531.p:Tubulinea-Tubulinea_X.g:Echinamoeba
1590,OTU2532,413,1,413,1285,204,616,100,597,1.52e-169,92.736,d:TSAR,p:Rhizaria-Cercozoa,c:Endomyxa,o:Vampyrellida,f:Penardia-lineage,g:Penardia-lineage_X,s:Penardia-lineage_X_sp,AF372743.1.1285_U;tax,k:Eukaryota,OTU2532.p:Rhizaria-Cercozoa.g:Penardia-lineage_X
1591,OTU2533,393,1,393,1635,516,905,100,623,2.38e-177,95.42,d:TSAR,p:Alveolata-Ciliophora,c:Colpodea,o:Colpodea_X,f:Colpodida,g:Colpoda,s:Colpoda_sp,MT001201.1.1635_U;tax,k:Eukaryota,OTU2533.p:Alveolata-Ciliophora.g:Colpoda
1592,OTU2534,407,1,407,1467,474,881,100,726,0,98.775,d:TSAR,p:Rhizaria-Cercozoa,c:Filosa-Sarcomonadea,o:Glissomonadida,f:Sandonidae,g:Sandonidae_X,s:Sandonidae_X_sp,EU709212.31.1497_U;tax,k:Eukaryota,OTU2534.p:Rhizaria-Cercozoa.g:Sandonidae_X
1593,OTU2535,401,1,401,1803,586,983,100,521,9.12e-147,90.299,d:TSAR,p:Rhizaria-Cercozoa,c:Filosa-Sarcomonadea,o:Cercomonadida,f:Paracercomonadidae,g:Paracercomonas,s:Paracercomonas_sp,AM114800.1.1803_U;tax,k:Eukaryota,OTU2535.p:Rhizaria-Cercozoa.g:Paracercomonas
1594,OTU2537,386,1,386,1824,608,988,100,536,3.13e-151,92.01,d:Amoebozoa,p:Tubulinea-Tubulinea_X,c:Elardia,o:Euamoebida,f:Nolandellidae,g:Nolandellidae_X,s:Nolandellidae_X_sp,EF023499.1.1824_U;tax,k:Eukaryota,OTU2537.p:Tubulinea-Tubulinea_X.g:Nolandellidae_X
1595,OTU2538,426,1,426,1882,579,1013,100,368,1.34e-100,82.619,d:Amoebozoa,p:Discosea-Discosea_X,c:Centramoebia,o:Acanthopodida,f:Acanthamoebidae,g:Acanthamoeba,s:Acanthamoeba_sp,AB505484.1.1882_U;tax,k:Eukaryota,OTU2538.p:Discosea-Discosea_X.g:Acanthamoeba
1596,OTU2540,408,1,408,1583,506,912,100,652,0,95.61,d:TSAR,p:Rhizaria-Cercozoa,c:Filosa-Sarcomonadea,o:Glissomonadida,f:Sandonidae,g:Sandonidae_X,s:Sandonidae_X_sp,EU709205.1.1583_U;tax,k:Eukaryota,OTU2540.p:Rhizaria-Cercozoa.g:Sandonidae_X
1597,OTU2541,391,1,391,1737,561,951,100,656,0,96.931,d:TSAR,p:Alveolata-Ciliophora,c:Colpodea,o:Colpodea_X,f:Colpodida,g:Colpodida_X,s:Colpodida_X_sp,JF747216.1.1737_U;tax,k:Eukaryota,OTU2541.p:Alveolata-Ciliophora.g:Colpodida_X
1598,OTU2544,415,1,414,676,160,573,99,632,4.19e-180,94.231,d:TSAR,p:Stramenopiles-Bigyra,c:Sagenista,o:Labyrinthulomycetes,f:Amphifilaceae,g:Amphifilaceae_X,s:Amphifilaceae_X_sp,AB572139.1.676_U;tax,k:Eukaryota,OTU2544.p:Stramenopiles-Bigyra.g:Amphifilaceae_X
1599,OTU2552,421,1,421,1886,594,1000,100,300,4.9e-80,80.328,d:Amoebozoa,p:Tubulinea-Tubulinea_X,c:Elardia,o:Euamoebida,f:Hartmannellidae,g:Copromyxa,s:Copromyxa_protea,JQ271677.1.1886_U;tax,k:Eukaryota,OTU2552.p:Tubulinea-Tubulinea_X.g:Copromyxa
1600,OTU2555,397,1,397,683,167,563,100,628,5.17e-179,95.238,d:Archaeplastida,p:Chlorophyta-Chlorophyta_X,c:Chlorophyceae,o:Chlamydomonadales,f:Chlamydomonadales_X,g:Chlorococcum,s:Chlorococcum_oleofaciens,MT921629.1.683_U;tax,k:Eukaryota,OTU2555.p:Chlorophyta-Chlorophyta_X.g:Chlorococcum
1601,OTU2558,397,152,397,2888,1819,2064,78,350,4.51e-95,92.276,d:Amoebozoa,p:Tubulinea-Tubulinea_X,c:Elardia,o:Arcellinida,f:Phryganellina,g:Phryganella,s:Phryganella_paradoxa,MF497374.1.2888_U;tax,k:Eukaryota,OTU2558.p:Tubulinea-Tubulinea_X.g:Phryganella
1602,OTU2559,403,1,403,1071,503,909,100,549,4.21e-155,91.176,d:TSAR,p:Rhizaria-Cercozoa,c:Filosa-Sarcomonadea,o:Cercomonadida,f:Cercomonadidae,g:Eocercomonas,s:Eocercomonas_ramosa,AY884327.1.1071_U;tax,k:Eukaryota,OTU2559.p:Rhizaria-Cercozoa.g:Eocercomonas
1603,OTU2560,405,1,405,1015,487,884,100,553,3.27e-156,91.667,d:Obazoa,p:Opisthokonta-Choanoflagellata,c:Choanoflagellatea,o:Craspedida,f:Monosigidae_Group_O,g:Monosigidae_Group_O_X,s:Monosigidae_Group_O_X_sp,JN825671.1.1015_U;tax,k:Eukaryota,OTU2560.p:Opisthokonta-Choanoflagellata.g:Monosigidae_Group_O_X
1604,OTU2562,395,1,395,1770,564,957,100,689,0,98.228,d:TSAR,p:Stramenopiles-Bigyra,c:Bicoecea,o:Bicoecea_X,f:Bicoecea_XX,g:Bicoecea_XXX,s:Bicoecea_XXX_sp,GU170214.1.1770_U;tax,k:Eukaryota,OTU2562.p:Stramenopiles-Bigyra.g:Bicoecea_XXX
1605,OTU2563,401,2,401,1710,532,929,99,206,1.04e-51,76.585,d:Archaeplastida,p:Picozoa-Picozoa_X,c:Picozoa_XX,o:Picozoa_XXX,f:Picozoa_XXXX,g:Picozoa_XXXXX,s:Picozoa_XXXXX_sp,KC488342.1.1710_U;tax,k:Eukaryota,OTU2563.p:Picozoa-Picozoa_X.g:Picozoa_XXXXX
1606,OTU2564,396,1,396,1884,590,988,100,645,0,96,d:TSAR,p:Stramenopiles-Bigyra,c:Bicoecea,o:Bicoecales,f:Bicoecaceae,g:Bicoecaceae_X,s:Bicoecaceae_X_sp,EF023669.1.1884_U;tax,k:Eukaryota,OTU2564.p:Stramenopiles-Bigyra.g:Bicoecaceae_X
1607,OTU2565,407,1,407,1813,585,991,100,741,0,99.509,d:TSAR,p:Rhizaria-Cercozoa,c:Endomyxa,o:Vampyrellida,f:Leptophryidae,g:Vernalophrys,s:Vernalophrys_algivore,KY852454.1.1813_U;tax,k:Eukaryota,OTU2565.p:Rhizaria-Cercozoa.g:Vernalophrys
1608,OTU2566,411,1,411,1677,590,996,100,545,5.56e-154,90.821,d:Amoebozoa,p:Tubulinea-Tubulinea_X,c:Elardia,o:Leptomyxida,f:Leptomyxidae,g:Leptomyxa,s:Leptomyxa_neglecta,KT945251.1.1677_U;tax,k:Eukaryota,OTU2566.p:Tubulinea-Tubulinea_X.g:Leptomyxa
1609,OTU2568,408,1,408,1850,548,961,100,532,4.29e-150,90.12,d:Archaeplastida,p:Rhodophyta-Rhodophyta_X,c:Rhodophyta_XX,o:Rhodophyta_XXX,f:Rhodophyta_XXXX,g:Rhodophyta_XXXXX,s:Rhodophyta_XXXXX_sp,AB695474.1.1850_U;tax,k:Eukaryota,OTU2568.p:Rhodophyta-Rhodophyta_X.g:Rhodophyta_XXXXX
1610,OTU2570,386,1,386,1068,24,409,100,614,1.4e-174,95.361,d:TSAR,p:Alveolata-Ciliophora,c:Colpodea,o:Colpodea_X,f:Cyrtolophosidida,g:Cyrtolophosidida_X,s:Cyrtolophosidida_X_sp,FJ592470.1.1068_U;tax,k:Eukaryota,OTU2570.p:Alveolata-Ciliophora.g:Cyrtolophosidida_X
1611,OTU2571,368,246,368,1714,735,857,33,211,2.05e-53,97.561,d:Archaeplastida,p:Rhodophyta-Rhodophyta_X,c:Bangiophyceae,o:Cyanidiales,f:Cyanidiales_X,g:Cyanidiales_XX,s:Cyanidiales_XX_sp,KP864083.1.1714_U;tax,k:Eukaryota,OTU2571.p:Rhodophyta-Rhodophyta_X.g:Cyanidiales_XX
1612,OTU2572,432,184,432,1330,231,485,70,322,1.07e-86,89.844,d:Amoebozoa,p:Discosea-Discosea_X,c:Centramoebia,o:Acanthopodida,f:Acanthamoebidae,g:Acanthamoebidae_X,s:Acanthamoebidae_X_sp,FN867472.1.1330_U;tax,k:Eukaryota,OTU2572.p:Discosea-Discosea_X.g:Acanthamoebidae_X
1613,OTU2573,418,1,417,676,160,573,99,556,2.61e-157,90.974,d:TSAR,p:Stramenopiles-Bigyra,c:Sagenista,o:Labyrinthulomycetes,f:Amphifilaceae,g:Amphifilaceae_X,s:Amphifilaceae_X_sp,AB572139.1.676_U;tax,k:Eukaryota,OTU2573.p:Stramenopiles-Bigyra.g:Amphifilaceae_X
1614,OTU2575,414,170,414,1783,727,967,59,206,1.08e-51,82.186,d:TSAR,p:Stramenopiles-Gyrista,c:Mediophyceae,o:Thalassiosirales,f:Skeletonemaceae,g:Skeletonema,s:Skeletonema_sp,EU371204.1.1783_U;tax,k:Eukaryota,OTU2575.p:Stramenopiles-Gyrista.g:Skeletonema
1615,OTU2579,417,1,417,1686,523,939,100,510,2.06e-143,88.836,d:TSAR,p:Stramenopiles-Bigyra,c:Sagenista,o:Labyrinthulomycetes,f:Amphifilaceae,g:Amphifilaceae_X,s:Amphifilaceae_X_sp,AB721069.1.1686_U;tax,k:Eukaryota,OTU2579.p:Stramenopiles-Bigyra.g:Amphifilaceae_X
1616,OTU2580,408,1,408,1266,568,975,100,610,1.93e-173,93.627,d:TSAR,p:Rhizaria-Cercozoa,c:Filosa-Imbricatea,o:Euglyphida,f:Euglyphida_X,g:Euglyphida_XX,s:Euglyphida_XX_sp,AY620296.1.1266_U;tax,k:Eukaryota,OTU2580.p:Rhizaria-Cercozoa.g:Euglyphida_XX
1617,OTU2582,413,1,413,1841,551,955,100,573,2.56e-162,92.048,d:Archaeplastida,p:Rhodophyta-Rhodophyta_X,c:Bangiophyceae,o:Cyanidiales,f:Cyanidiales_X,g:Cyanidiales_XX,s:Cyanidiales_XX_sp,AB695530.1.1841_U;tax,k:Eukaryota,OTU2582.p:Rhodophyta-Rhodophyta_X.g:Cyanidiales_XX
1618,OTU2583,398,1,398,1802,552,949,100,641,0,95.729,d:Amoebozoa,p:Evosea-Evosea_X,c:Variosea,o:Variosea_X,f:Filamoebidae,g:Filamoeba,s:Filamoeba_sp,AB425944.1.1802_U;tax,k:Eukaryota,OTU2583.p:Evosea-Evosea_X.g:Filamoeba
1619,OTU2584,442,1,442,1825,588,1024,100,573,2.75e-162,90.293,d:Amoebozoa,p:Evosea-Eumycetozoa,c:Myxogastria_Fuscisporidia,o:Physarida,f:Didymiidae,g:Didymium,s:Didymium_iridis,AJ938149.1.1825_U;tax,k:Eukaryota,OTU2584.p:Evosea-Eumycetozoa.g:Didymium
1620,OTU2585,394,1,394,1670,537,928,100,660,0,96.962,d:Archaeplastida,p:Chlorophyta-Chlorophyta_X,c:Chlorophyceae,o:Chlamydomonadales,f:Chlamydomonadales_X,g:Chlamydomonadales_XX,s:Chlamydomonadales_XX_sp,AB771809.1.1670_U;tax,k:Eukaryota,OTU2585.p:Chlorophyta-Chlorophyta_X.g:Chlamydomonadales_XX
1621,OTU2587,400,1,400,1049,5,404,100,612,5.25e-174,94.264,d:TSAR,p:Stramenopiles-Gyrista,c:Chrysophyceae,o:Ochromonadales,f:Ochromonadales_X,g:Ochromonadales_XX,s:Ochromonadales_XX_sp,FJ355238.1.1049_U;tax,k:Eukaryota,OTU2587.p:Stramenopiles-Gyrista.g:Ochromonadales_XX
1622,OTU2588,401,1,401,1801,576,981,100,562,5.37e-159,91.872,d:TSAR,p:Rhizaria-Cercozoa,c:Endomyxa,o:Vampyrellida,f:Thalassomyxa-lineage,g:Thalassomyxa,s:Thalassomyxa_sp,KC779515.1.1801_U;tax,k:Eukaryota,OTU2588.p:Rhizaria-Cercozoa.g:Thalassomyxa
1623,OTU2597,413,1,413,1738,550,963,100,536,3.36e-151,90.238,d:TSAR,p:Stramenopiles-Bigyra,c:Sagenista,o:Labyrinthulomycetes,f:Amphifilaceae,g:Fibrophrys,s:Fibrophrys_sp,AY919705.1.1738_U;tax,k:Eukaryota,OTU2597.p:Stramenopiles-Bigyra.g:Fibrophrys
1624,OTU2598,406,164,406,1078,172,413,74,237,3.75e-61,84.553,d:TSAR,p:Stramenopiles-Gyrista,c:Gyrista_X,o:Gyrista_XX,f:MAST-1,g:MAST-1D,s:MAST-1D_sp,GU823631.1.1078_U;tax,k:Eukaryota,OTU2598.p:Stramenopiles-Gyrista.g:MAST-1D
1625,OTU2600,412,1,412,1808,589,995,100,584,1.18e-165,92.494,d:TSAR,p:Rhizaria-Cercozoa,c:Cercozoa_X,o:Cercozoa_XX,f:Cercozoa_XXX,g:Cercozoa_XXXX,s:Cercozoa_XXXX_sp,EF024287.1.1808_U;tax,k:Eukaryota,OTU2600.p:Rhizaria-Cercozoa.g:Cercozoa_XXXX
1626,OTU2601,397,1,397,1051,48,443,100,638,0,95.718,d:Obazoa,p:Opisthokonta-Choanoflagellata,c:Choanoflagellatea,o:Craspedida,f:Salpingoecidae_Group_C2,g:Salpingoecidae_Group_C2_X,s:Salpingoecidae_Group_C2_X_sp,FJ705110.1.1051_U;tax,k:Eukaryota,OTU2601.p:Opisthokonta-Choanoflagellata.g:Salpingoecidae_Group_C2_X
1627,OTU2602,418,1,418,1132,567,971,100,516,4.44e-145,89.524,d:TSAR,p:Rhizaria-Cercozoa,c:Filosa-Sarcomonadea,o:Cercomonadida,f:Cercomonadidae,g:Eocercomonas,s:Eocercomonas_sp,AY884316.1.1132_U;tax,k:Eukaryota,OTU2602.p:Rhizaria-Cercozoa.g:Eocercomonas
1628,OTU2604,402,1,402,1800,586,987,100,715,0,98.756,d:Obazoa,p:Opisthokonta-Choanoflagellata,c:Choanoflagellatea,o:Craspedida,f:Monosigidae_Group_A,g:Monosiga,s:Monosiga_ovata,AF271999.1.1800_U;tax,k:Eukaryota,OTU2604.p:Opisthokonta-Choanoflagellata.g:Monosiga
1629,OTU2605,408,1,408,1285,204,616,100,353,3.59e-96,82.536,d:TSAR,p:Rhizaria-Cercozoa,c:Endomyxa,o:Vampyrellida,f:Penardia-lineage,g:Penardia-lineage_X,s:Penardia-lineage_X_sp,AF372743.1.1285_U;tax,k:Eukaryota,OTU2605.p:Rhizaria-Cercozoa.g:Penardia-lineage_X
1630,OTU2607,393,1,393,1774,578,971,100,665,0,97.208,d:TSAR,p:Alveolata-Ciliophora,c:Spirotrichea,o:Hypotrichia,f:Halteriidae,g:Meseres,s:Meseres_corlissi,EU399525.1.1774_U;tax,k:Eukaryota,OTU2607.p:Alveolata-Ciliophora.g:Meseres
1631,OTU2608,418,1,418,1819,584,1006,100,571,9.33e-162,91.315,d:TSAR,p:Rhizaria-Cercozoa,c:Cercozoa_X,o:Cercozoa_XX,f:Cercozoa_XXX,g:Cercozoa_XXXX,s:Cercozoa_XXXX_sp,DQ244001.1.1819_U;tax,k:Eukaryota,OTU2608.p:Rhizaria-Cercozoa.g:Cercozoa_XXXX
1632,OTU2610,395,1,395,1611,501,895,100,713,0,99.241,d:TSAR,p:Stramenopiles-Bigyra,c:Bicoecea,o:Pseudodendromonadales,f:Pseudodendromonadales_X,g:Pseudodendromonadales_XX,s:Pseudodendromonadales_XX_sp,AB771883.1.1611_U;tax,k:Eukaryota,OTU2610.p:Stramenopiles-Bigyra.g:Pseudodendromonadales_XX
1633,OTU2611,404,1,404,1805,585,992,100,634,1.13e-180,94.853,d:TSAR,p:Rhizaria-Cercozoa,c:Filosa-Sarcomonadea,o:Cercomonadida,f:Cercomonadidae,g:Cercomonas,s:Cercomonas_sp,EF024692.1.1805_U;tax,k:Eukaryota,OTU2611.p:Rhizaria-Cercozoa.g:Cercomonas
1634,OTU2612,412,1,412,1490,496,902,100,684,0,96.845,d:TSAR,p:Rhizaria-Cercozoa,c:Filosa-Sarcomonadea,o:Glissomonadida,f:Sandonidae,g:Sandona,s:Sandona_sp,EU709147.8.1497_U;tax,k:Eukaryota,OTU2612.p:Rhizaria-Cercozoa.g:Sandona
1635,OTU2614,371,1,365,1846,913,549,98,619,2.89e-176,97.26,d:Amoebozoa,p:Evosea-Evosea_X,c:Variosea,o:Variosea_X,f:Filamoebidae,g:Filamoeba,s:Filamoeba_nolandi,AF293896.1.1846_U;tax,k:Eukaryota,OTU2614.p:Evosea-Evosea_X.g:Filamoeba
1636,OTU2615,396,1,396,1673,534,933,100,525,6.96e-148,90.524,d:TSAR,p:Alveolata-Chrompodellids,c:Colpodellidea,o:Colpodellida,f:Chromeraceae,g:Chromera,s:Chromera_sp,AB721060.1.1673_U;tax,k:Eukaryota,OTU2615.p:Alveolata-Chrompodellids.g:Chromera
1637,OTU2616,406,1,406,1135,499,904,100,545,5.48e-154,90.931,d:TSAR,p:Rhizaria-Cercozoa,c:Endomyxa,o:Vampyrellida,f:op14-lineage,g:op14-lineage_X,s:op14-lineage_X_sp,EU567268.1.1135_U;tax,k:Eukaryota,OTU2616.p:Rhizaria-Cercozoa.g:op14-lineage_X
1638,OTU2617,407,1,407,1186,563,967,100,617,1.15e-175,94.103,d:TSAR,p:Rhizaria-Cercozoa,c:Filosa-Sarcomonadea,o:Glissomonadida,f:Allapsidae,g:Allapsidae_X,s:Allapsidae_X_sp,KC306595.1.1186_U;tax,k:Eukaryota,OTU2617.p:Rhizaria-Cercozoa.g:Allapsidae_X
1639,OTU2618,399,1,399,1108,138,536,100,665,0,96.742,d:TSAR,p:Stramenopiles-Gyrista,c:Bacillariophyceae,o:Bacillariales,f:Bacillariaceae,g:Hantzschia,s:Hantzschia_amphioxys,OL780426.1.1108_U;tax,k:Eukaryota,OTU2618.p:Stramenopiles-Gyrista.g:Hantzschia
1640,OTU2619,397,1,397,1774,564,960,100,728,0,99.748,d:Archaeplastida,p:Chlorophyta-Chlorophyta_X,c:Trebouxiophyceae,o:Chlorellales,f:Chlorellales_X,g:Micractinium,s:Micractinium_pusillum,KM020035.1.1774_U;tax,k:Eukaryota,OTU2619.p:Chlorophyta-Chlorophyta_X.g:Micractinium
1641,OTU2620,411,168,411,1943,819,1063,59,285,1.34e-75,87.903,d:Obazoa,p:Opisthokonta-Rotosphaerida,c:Nucleariidea,o:Nucleariida,f:Nucleariida_X,g:Nuclearia,s:Nuclearia_simplex,AF484687.1.1943_U;tax,k:Eukaryota,OTU2620.p:Opisthokonta-Rotosphaerida.g:Nuclearia
1642,OTU2622,393,1,393,1346,572,965,100,632,3.95e-180,95.685,d:TSAR,p:Stramenopiles-Bigyra,c:Bicoecea,o:Pseudodendromonadales,f:Pseudodendromonadales_X,g:Pseudodendromonadales_XX,s:Pseudodendromonadales_XX_sp,AY642710.1.1346_U;tax,k:Eukaryota,OTU2622.p:Stramenopiles-Bigyra.g:Pseudodendromonadales_XX
1643,OTU2623,403,1,403,1135,502,904,100,573,2.5e-162,92.327,d:TSAR,p:Rhizaria-Cercozoa,c:Endomyxa,o:Vampyrellida,f:sm27-lineage,g:sm27-lineage_X,s:sm27-lineage_X_sp,EU567267.1.1135_U;tax,k:Eukaryota,OTU2623.p:Rhizaria-Cercozoa.g:sm27-lineage_X
1644,OTU2624,407,1,407,1677,590,996,100,575,7.01e-163,92.195,d:Amoebozoa,p:Tubulinea-Tubulinea_X,c:Elardia,o:Leptomyxida,f:Leptomyxidae,g:Leptomyxa,s:Leptomyxa_neglecta,KT945251.1.1677_U;tax,k:Eukaryota,OTU2624.p:Tubulinea-Tubulinea_X.g:Leptomyxa
1645,OTU2625,404,1,404,1801,584,986,100,584,1.16e-165,92.857,d:TSAR,p:Rhizaria-Cercozoa,c:Filosa-Sarcomonadea,o:Cercomonadida,f:Paracercomonadidae,g:Paracercomonas,s:Paracercomonas_sp,MG775638.1.1801_U;tax,k:Eukaryota,OTU2625.p:Rhizaria-Cercozoa.g:Paracercomonas
1646,OTU2627,416,1,416,1438,155,567,100,377,2.17e-103,83.529,d:Amoebozoa,p:Tubulinea-Tubulinea_X,c:Elardia,o:Euamoebida,f:Hartmannellidae,g:Copromyxa,s:Copromyxa_microcystidis,KP719188.1.1438_U;tax,k:Eukaryota,OTU2627.p:Tubulinea-Tubulinea_X.g:Copromyxa
1647,OTU2630,408,1,408,1883,578,989,100,381,1.65e-104,83.848,d:Amoebozoa,p:Evosea-Evosea_X,c:Variosea,o:Fractovitellida,f:Schizoplasmodiidae,g:Ceratiomyxella,s:Ceratiomyxella_tahitiensis,FJ544419.1.1883_U;tax,k:Eukaryota,OTU2630.p:Evosea-Evosea_X.g:Ceratiomyxella
1648,OTU2632,401,166,401,1679,690,923,59,185,1.36e-45,81.25,d:TSAR,p:Stramenopiles-Bigyra,c:Bicoecea,o:Pseudodendromonadales,f:Pseudodendromonadales_X,g:Pseudodendromonadales_XX,s:Pseudodendromonadales_XX_sp,AY919822.1.1679_U;tax,k:Eukaryota,OTU2632.p:Stramenopiles-Bigyra.g:Pseudodendromonadales_XX
1649,OTU2633,404,1,404,1763,563,966,100,442,7.36e-123,86.486,d:TSAR,p:Rhizaria-Cercozoa,c:Endomyxa,o:Vampyrellida,f:Sey055-lineage,g:Sey055-lineage_X,s:Sey055-lineage_X_sp,AB695521.1.1763_U;tax,k:Eukaryota,OTU2633.p:Rhizaria-Cercozoa.g:Sey055-lineage_X
1650,OTU2637,423,1,423,1186,563,967,100,488,9.79e-137,88.235,d:TSAR,p:Rhizaria-Cercozoa,c:Filosa-Sarcomonadea,o:Glissomonadida,f:Allapsidae,g:Allapsidae_X,s:Allapsidae_X_sp,KC306595.1.1186_U;tax,k:Eukaryota,OTU2637.p:Rhizaria-Cercozoa.g:Allapsidae_X
1651,OTU2638,401,1,401,1446,460,860,100,686,0,97.506,d:TSAR,p:Stramenopiles-Gyrista,c:Chrysophyceae,o:Ochromonadales,f:Ochromonadales_X,g:Ochromonadales_XX,s:Ochromonadales_XX_sp,GQ330569.1.1446_U;tax,k:Eukaryota,OTU2638.p:Stramenopiles-Gyrista.g:Ochromonadales_XX
1652,OTU2643,405,1,405,1716,529,934,100,538,9.15e-152,90.64,d:TSAR,p:Rhizaria-Cercozoa,c:Filosa-Imbricatea,o:Marimonadida,f:Marimonadida_X,g:Marimonadida_XX,s:Marimonadida_XX_sp,AB252754.1.1716_U;tax,k:Eukaryota,OTU2643.p:Rhizaria-Cercozoa.g:Marimonadida_XX
1653,OTU2644,407,1,407,1730,556,961,100,617,1.15e-175,94.132,d:TSAR,p:Stramenopiles-Gyrista,c:Synchromophyceae,o:Synchromophyceae_X,f:Synchromophyceae_XX,g:Synchromophyceae_XXX,s:Synchromophyceae_XXX_sp,FJ356265.1.1730_U;tax,k:Eukaryota,OTU2644.p:Stramenopiles-Gyrista.g:Synchromophyceae_XXX
1654,OTU2645,399,1,399,1644,585,981,100,337,3.53e-91,82.178,d:TSAR,p:Alveolata-Chrompodellids,c:Colpodellidea,o:Colpodellida,f:Colpodellida_CHR1,g:Colpodellida_CHR1_X,s:Colpodellida_CHR1_X_sp,KC315839.1.1644_U;tax,k:Eukaryota,OTU2645.p:Alveolata-Chrompodellids.g:Colpodellida_CHR1_X
1655,OTU2646,412,1,412,1285,204,616,100,551,1.2e-155,90.799,d:TSAR,p:Rhizaria-Cercozoa,c:Endomyxa,o:Vampyrellida,f:Penardia-lineage,g:Penardia-lineage_X,s:Penardia-lineage_X_sp,AF372743.1.1285_U;tax,k:Eukaryota,OTU2646.p:Rhizaria-Cercozoa.g:Penardia-lineage_X
1656,OTU2647,387,1,387,1244,204,590,100,610,1.82e-173,95.103,d:TSAR,p:Alveolata-Ciliophora,c:Oligohymenophorea,o:OLIGO4,f:OLIGO4_X,g:OLIGO4_XX,s:OLIGO4_XX_sp,FJ810599.1.1244_U;tax,k:Eukaryota,OTU2647.p:Alveolata-Ciliophora.g:OLIGO4_XX
1657,OTU2648,409,1,409,1858,578,985,100,566,4.24e-160,91.727,d:Amoebozoa,p:Evosea-Evosea_X,c:Variosea,o:Flamellidae,f:Flamella-lineage,g:Flamella,s:Flamella_aegyptia,EU186021.1.1858_U;tax,k:Eukaryota,OTU2648.p:Evosea-Evosea_X.g:Flamella
1658,OTU2650,404,1,404,2313,570,973,100,736,0,99.505,d:TSAR,p:Rhizaria-Cercozoa,c:Endomyxa,o:Filoretidae,f:Filoretidae_X,g:Filoreta,s:Filoreta_turcica,EU567292.1.2313_U;tax,k:Eukaryota,OTU2650.p:Rhizaria-Cercozoa.g:Filoreta
1659,OTU2651,403,1,403,1809,588,990,100,562,5.4e-159,91.811,d:TSAR,p:Rhizaria-Cercozoa,c:Filosa-Sarcomonadea,o:Cercomonadida,f:Paracercomonadidae,g:Paracercomonas,s:Paracercomonas_sp,MG775634.1.1809_U;tax,k:Eukaryota,OTU2651.p:Rhizaria-Cercozoa.g:Paracercomonas
1660,OTU2652,409,1,409,1797,580,986,100,455,9.58e-127,86.829,d:TSAR,p:Rhizaria-Cercozoa,c:Endomyxa,o:Vampyrellida,f:Vampyrellida_X,g:Vampyrellida_clade_B,s:Vampyrellida_sp,KC779514.1.1797_U;tax,k:Eukaryota,OTU2652.p:Rhizaria-Cercozoa.g:Vampyrellida_clade_B
1661,OTU2653,395,1,395,1757,573,967,100,686,0,97.975,d:TSAR,p:Alveolata-Ciliophora,c:Spirotrichea,o:Hypotrichia,f:Oxytrichidae,g:Oxytrichidae_X,s:Oxytrichidae_X_sp,EF024775.1.1757_U;tax,k:Eukaryota,OTU2653.p:Alveolata-Ciliophora.g:Oxytrichidae_X
1662,OTU2654,392,1,392,1605,531,925,100,593,1.86e-168,93.97,d:Amoebozoa,p:Tubulinea-Tubulinea_X,c:Elardia,o:Euamoebida,f:Nolandellidae,g:Nolandellidae_X,s:Nolandellidae_X_sp,AF372795.1.1605_U;tax,k:Eukaryota,OTU2654.p:Tubulinea-Tubulinea_X.g:Nolandellidae_X
1663,OTU2655,405,168,405,1624,729,966,72,207,2.93e-52,82.645,d:TSAR,p:Stramenopiles-Gyrista,c:Mediophyceae,o:Eupodiscales,f:Eupodiscaceae,g:Cerataulus,s:Cerataulus_turgidus,OP304765.1.1624_U;tax,k:Eukaryota,OTU2655.p:Stramenopiles-Gyrista.g:Cerataulus
1664,OTU2656,410,1,410,1064,527,933,100,508,7.27e-143,89.024,d:TSAR,p:Rhizaria-Cercozoa,c:Filosa-Imbricatea,o:Euglyphida,f:Euglyphida_X,g:Euglyphida_XX,s:Euglyphida_XX_sp,KF219445.1.1064_U;tax,k:Eukaryota,OTU2656.p:Rhizaria-Cercozoa.g:Euglyphida_XX
1665,OTU2657,425,1,425,1809,577,989,100,453,3.58e-126,86.48,d:TSAR,p:Rhizaria-Cercozoa,c:Endomyxa,o:Vampyrellida,f:Vampyrellida_X,g:Vampyrellida_clade_B,s:Vampyrellida_sp,KC779517.1.1809_U;tax,k:Eukaryota,OTU2657.p:Rhizaria-Cercozoa.g:Vampyrellida_clade_B
1666,OTU2658,399,1,399,1737,585,982,100,619,3.13e-176,94.75,d:Archaeplastida,p:Chlorophyta-Chlorophyta_X,c:Trebouxiophyceae,o:Chlorellales,f:Chlorellales_X,g:Gloeotila,s:Gloeotila_pulchra,KU961671.1.1737_U;tax,k:Eukaryota,OTU2658.p:Chlorophyta-Chlorophyta_X.g:Gloeotila
1667,OTU2659,411,1,411,1760,582,989,100,667,0,96.117,d:TSAR,p:Rhizaria-Cercozoa,c:Filosa-Granofilosea,o:Cryptofilida,f:Mesofilidae,g:Mesofila,s:Mesofila_sp,EF455769.1.1760_U;tax,k:Eukaryota,OTU2659.p:Rhizaria-Cercozoa.g:Mesofila
1668,OTU2662,406,1,406,1634,506,905,100,313,6.06e-84,81.25,d:Archaeplastida,p:Glaucophyta-Glaucophyta_X,c:Glaucocystophyceae,o:Glaucocystophytes,f:Cyanophoraceae,g:Cyanophora,s:Cyanophora_biloba,KF631376.1.1634_U;tax,k:Eukaryota,OTU2662.p:Glaucophyta-Glaucophyta_X.g:Cyanophora
1669,OTU2663,402,1,402,1215,11,419,100,394,2.08e-108,84.39,d:TSAR,p:Rhizaria-Cercozoa,c:Filosa-Granofilosea,o:Filosa-Granofilosea_X,f:Novel-Gran-234,g:Novel-Gran-234_X,s:Novel-Gran-234_X_sp,GU825226.1.1215_U;tax,k:Eukaryota,OTU2663.p:Rhizaria-Cercozoa.g:Novel-Gran-234_X
1670,OTU2664,403,1,403,1285,204,616,100,355,9.84e-97,82.775,d:TSAR,p:Rhizaria-Cercozoa,c:Endomyxa,o:Vampyrellida,f:Penardia-lineage,g:Penardia-lineage_X,s:Penardia-lineage_X_sp,AF372743.1.1285_U;tax,k:Eukaryota,OTU2664.p:Rhizaria-Cercozoa.g:Penardia-lineage_X
1671,OTU2665,397,1,397,1802,552,949,100,590,2.44e-167,93.467,d:Amoebozoa,p:Evosea-Evosea_X,c:Variosea,o:Variosea_X,f:Filamoebidae,g:Filamoeba,s:Filamoeba_sp,AB425944.1.1802_U;tax,k:Eukaryota,OTU2665.p:Evosea-Evosea_X.g:Filamoeba
1672,OTU2667,392,1,392,1829,595,987,100,614,1.43e-174,94.924,d:Amoebozoa,p:Tubulinea-Tubulinea_X,c:Elardia,o:Leptomyxida,f:Flabellulidae,g:Flabellula,s:Flabellula_pomeranica,KT945249.1.1829_U;tax,k:Eukaryota,OTU2667.p:Tubulinea-Tubulinea_X.g:Flabellula
1673,OTU2668,395,1,395,1719,552,950,100,457,2.57e-127,87.654,d:TSAR,p:Alveolata-Alveolata_X,c:Alveolata_XX,o:Alveolata_XXX,f:Alveolata_XXXX,g:Alveolata_XXXXX,s:Alveolata_XXXXX_sp,AY919771.1.1719_U;tax,k:Eukaryota,OTU2668.p:Alveolata-Alveolata_X.g:Alveolata_XXXXX
1674,OTU2669,365,1,54,952,396,449,15,100,4.58e-20,100,d:Obazoa,p:Opisthokonta-Choanoflagellata,c:Choanoflagellatea,o:Choanoflagellatea_X,f:Choanoflagellatea_XX,g:Choanoflagellatea_XXX,s:Choanoflagellatea_XXX_sp,JN825690.1.952_U;tax,k:Eukaryota,OTU2669.p:Opisthokonta-Choanoflagellata.g:Choanoflagellatea_XXX
1675,OTU2671,403,1,403,1806,593,995,100,640,0,95.297,d:TSAR,p:Rhizaria-Cercozoa,c:Filosa-Sarcomonadea,o:Cercomonadida,f:Paracercomonadidae,g:Paracercomonas,s:Paracercomonas_compacta,EF024284.1.1806_U;tax,k:Eukaryota,OTU2671.p:Rhizaria-Cercozoa.g:Paracercomonas
1676,OTU2672,408,1,408,1770,568,974,100,614,1.49e-174,93.873,d:TSAR,p:Rhizaria-Cercozoa,c:Filosa-Sarcomonadea,o:Glissomonadida,f:Allapsidae,g:Allapsidae_X,s:Allapsidae_X_sp,AB695472.1.1770_U;tax,k:Eukaryota,OTU2672.p:Rhizaria-Cercozoa.g:Allapsidae_X
1677,OTU2673,401,1,401,1519,436,839,100,455,9.38e-127,87.192,d:Amoebozoa,p:Tubulinea-Tubulinea_X,c:Elardia,o:Euamoebida,f:Nolandellidae,g:Nolandellidae_X,s:Nolandellidae_X_sp,AY821961.1.1519_U;tax,k:Eukaryota,OTU2673.p:Tubulinea-Tubulinea_X.g:Nolandellidae_X
1678,OTU2675,401,1,401,1831,558,957,100,568,1.16e-160,92.289,d:Amoebozoa,p:Evosea-Evosea_X,c:Variosea,o:Variosea_X,f:AND16-lineage,g:AND16-lineage_X,s:AND16-lineage_X_sp,AY965863.1.1831_U;tax,k:Eukaryota,OTU2675.p:Evosea-Evosea_X.g:AND16-lineage_X
1679,OTU2676,397,1,397,1731,551,955,100,342,7.54e-93,82.353,d:Amoebozoa,p:Tubulinea-Tubulinea_X,c:Elardia,o:Arcellinida,f:Sphaerothecina,g:Arcella,s:Arcella_gibbosa,JF694278.1.1731_U;tax,k:Eukaryota,OTU2676.p:Tubulinea-Tubulinea_X.g:Arcella
1680,OTU2680,392,1,392,1694,499,892,100,649,0,96.447,d:TSAR,p:Alveolata-Ciliophora,c:Spirotrichea,o:Hypotrichia,f:Oxytrichidae,g:Bistichella,s:Bistichella_FG-2014,KJ509196.1.1694_U;tax,k:Eukaryota,OTU2680.p:Alveolata-Ciliophora.g:Bistichella
1681,OTU2682,417,1,416,676,160,573,99,440,2.74e-122,86.019,d:TSAR,p:Stramenopiles-Bigyra,c:Sagenista,o:Labyrinthulomycetes,f:Amphifilaceae,g:Amphifilaceae_X,s:Amphifilaceae_X_sp,AB572139.1.676_U;tax,k:Eukaryota,OTU2682.p:Stramenopiles-Bigyra.g:Amphifilaceae_X
1682,OTU2687,449,297,449,1699,790,941,34,176,9.2e-43,87.662,d:Archaeplastida,p:Rhodophyta-Rhodophyta_X,c:Bangiophyceae,o:Bangiales,f:Bangiaceae,g:Bangia,s:Bangia_fuscopurpurea,KJ023700.1.1699_U;tax,k:Eukaryota,OTU2687.p:Rhodophyta-Rhodophyta_X.g:Bangia
1683,OTU2688,406,170,406,1831,756,992,71,189,1.06e-46,81.25,d:TSAR,p:Telonemia-Telonemia_X,c:Telonemia_XX,o:Telonemia_XXX,f:Telonemia-Group-1,g:Telonemia-Group-1_X,s:Telonemia-Group-1_X_sp,AJ564767.1.1831_U;tax,k:Eukaryota,OTU2688.p:Telonemia-Telonemia_X.g:Telonemia-Group-1_X
1684,OTU2689,388,1,388,683,267,653,100,582,3.98e-165,93.83,d:TSAR,p:Alveolata-Ciliophora,c:Plagiopylea,o:PLAGI1,f:PLAGI1_X,g:PLAGI1_XX,s:PLAGI1_XX_sp,JX268821.1.683_U;tax,k:Eukaryota,OTU2689.p:Alveolata-Ciliophora.g:PLAGI1_XX
1685,OTU2691,408,1,408,1098,24,430,100,664,0,96.098,d:TSAR,p:Rhizaria-Cercozoa,c:Filosa-Sarcomonadea,o:Glissomonadida,f:Sandonidae,g:Sandonidae_X,s:Sandonidae_X_sp,FJ592311.1.1098_U;tax,k:Eukaryota,OTU2691.p:Rhizaria-Cercozoa.g:Sandonidae_X
1686,OTU2692,407,1,407,1680,535,939,100,435,1.24e-120,86.098,d:TSAR,p:Rhizaria-Cercozoa,c:Endomyxa,o:Vampyrellida,f:sm27-lineage,g:sm27-lineage_X,s:sm27-lineage_X_sp,AB721056.1.1680_U;tax,k:Eukaryota,OTU2692.p:Rhizaria-Cercozoa.g:sm27-lineage_X
1687,OTU2693,394,1,394,1694,499,892,100,673,0,97.462,d:TSAR,p:Alveolata-Ciliophora,c:Spirotrichea,o:Hypotrichia,f:Oxytrichidae,g:Bistichella,s:Bistichella_FG-2014,KJ509196.1.1694_U;tax,k:Eukaryota,OTU2693.p:Alveolata-Ciliophora.g:Bistichella
1688,OTU2696,409,162,409,1135,657,904,61,326,7.84e-88,90.323,d:TSAR,p:Rhizaria-Cercozoa,c:Endomyxa,o:Vampyrellida,f:op14-lineage,g:op14-lineage_X,s:op14-lineage_X_sp,EU567268.1.1135_U;tax,k:Eukaryota,OTU2696.p:Rhizaria-Cercozoa.g:op14-lineage_X
1689,OTU2698,386,1,386,1596,529,915,100,592,6.58e-168,94.344,d:Amoebozoa,p:Tubulinea-Tubulinea_X,c:Elardia,o:Euamoebida,f:Nolandellidae,g:Nolandellidae_X,s:Nolandellidae_X_sp,HM628631.1.1596_U;tax,k:Eukaryota,OTU2698.p:Tubulinea-Tubulinea_X.g:Nolandellidae_X
1690,OTU2699,408,1,408,1797,580,986,100,414,1.62e-114,85.122,d:TSAR,p:Rhizaria-Cercozoa,c:Endomyxa,o:Vampyrellida,f:Vampyrellida_X,g:Vampyrellida_clade_B,s:Vampyrellida_sp,KC779514.1.1797_U;tax,k:Eukaryota,OTU2699.p:Rhizaria-Cercozoa.g:Vampyrellida_clade_B
1691,OTU2700,324,1,323,1638,535,857,99,553,2.57e-156,97.523,d:TSAR,p:Alveolata-Ciliophora,c:Litostomatea,o:Haptoria_3,f:Haptoria_3_X,g:Haptoria_3_XX,s:Haptoria_3_XX_sp,JF263448.1.1638_U;tax,k:Eukaryota,OTU2700.p:Alveolata-Ciliophora.g:Haptoria_3_XX
1692,OTU2701,424,1,424,1882,579,1013,100,366,4.78e-100,82.619,d:Amoebozoa,p:Discosea-Discosea_X,c:Centramoebia,o:Acanthopodida,f:Acanthamoebidae,g:Acanthamoeba,s:Acanthamoeba_sp,AB505484.1.1882_U;tax,k:Eukaryota,OTU2701.p:Discosea-Discosea_X.g:Acanthamoeba
1693,OTU2702,396,1,396,1767,564,959,100,726,0,99.747,d:Archaeplastida,p:Chlorophyta-Chlorophyta_X,c:Chlorophyceae,o:Chlamydomonadales,f:Chlamydomonadales_X,g:Deasonia,s:Deasonia_sp,KM020085.1.1767_U;tax,k:Eukaryota,OTU2702.p:Chlorophyta-Chlorophyta_X.g:Deasonia
1694,OTU2703,447,1,447,1863,568,1013,100,448,1.76e-124,85.12,d:Amoebozoa,p:Discosea-Discosea_X,c:Flabellinia,o:Flabellinia_X,f:LKM74-lineage,g:LKM74-lineage_X,s:LKM74-lineage_X_sp,AY919786.1.1863_U;tax,k:Eukaryota,OTU2703.p:Discosea-Discosea_X.g:LKM74-lineage_X
1695,OTU2707,407,1,407,1802,578,983,100,568,1.17e-160,91.932,d:TSAR,p:Rhizaria-Cercozoa,c:Endomyxa,o:Vampyrellida,f:Vampyrellida_X,g:Vampyrellida_clade_B,s:Vampyrellida_sp,KC779518.1.1802_U;tax,k:Eukaryota,OTU2707.p:Rhizaria-Cercozoa.g:Vampyrellida_clade_B
1696,OTU2708,382,1,382,1346,572,965,100,507,2.42e-142,90.355,d:TSAR,p:Stramenopiles-Bigyra,c:Bicoecea,o:Pseudodendromonadales,f:Pseudodendromonadales_X,g:Pseudodendromonadales_XX,s:Pseudodendromonadales_XX_sp,AY642710.1.1346_U;tax,k:Eukaryota,OTU2708.p:Stramenopiles-Bigyra.g:Pseudodendromonadales_XX
1697,OTU2709,408,1,408,1144,511,920,100,695,0,97.317,d:TSAR,p:Rhizaria-Cercozoa,c:Filosa-Granofilosea,o:Limnofilida,f:Limnofilidae,g:Limnofilidae_X,s:Limnofilidae_X_sp,EU567246.1.1144_U;tax,k:Eukaryota,OTU2709.p:Rhizaria-Cercozoa.g:Limnofilidae_X
1698,OTU2710,405,1,405,1760,582,989,100,584,1.16e-165,92.647,d:TSAR,p:Rhizaria-Cercozoa,c:Filosa-Granofilosea,o:Cryptofilida,f:Mesofilidae,g:Mesofila,s:Mesofila_sp,EF455769.1.1760_U;tax,k:Eukaryota,OTU2710.p:Rhizaria-Cercozoa.g:Mesofila
1699,OTU2711,405,169,405,1743,718,953,71,209,8.15e-53,82.917,d:TSAR,p:Telonemia-Telonemia_X,c:Telonemia_XX,o:Telonemia_XXX,f:Telonemia-Group-2,g:Telonemia-Group-2_X,s:Telonemia-Group-2_X_sp,EU371332.1.1743_U;tax,k:Eukaryota,OTU2711.p:Telonemia-Telonemia_X.g:Telonemia-Group-2_X
1700,OTU2715,405,167,405,1627,766,1005,72,248,1.73e-64,85.537,d:Haptista,p:Centroplasthelida-Centroplasthelida_X,c:Pterocystida,o:Pterocystida_X,f:Pterocystida_XX,g:Pterocystida_XXX,s:Pterocystida_XXX_sp,AY749544.1.1627_U;tax,k:Eukaryota,OTU2715.p:Centroplasthelida-Centroplasthelida_X.g:Pterocystida_XXX
1701,OTU2717,405,1,405,1893,588,992,100,427,2.07e-118,85.819,d:Amoebozoa,p:Evosea-Evosea_X,c:Variosea,o:Variosea_X,f:WIM1-lineage,g:WIM1-lineage_X,s:WIM1-lineage_X_sp,AM114811.1.1893_U;tax,k:Eukaryota,OTU2717.p:Evosea-Evosea_X.g:WIM1-lineage_X
1702,OTU2719,416,1,49,1751,562,610,12,80.5,6.86e-14,95.918,d:Haptista,p:Haptophyta-Haptophyta_X,c:Prymnesiophyceae,o:Isochrysidales,f:Isochrysidaceae,g:Isochrysis,s:Isochrysis_sp,LC322317.1.1751_U;tax,k:Eukaryota,OTU2719.p:Haptophyta-Haptophyta_X.g:Isochrysis
1703,OTU2722,418,1,418,1894,592,1007,100,477,2.09e-133,87.441,d:Amoebozoa,p:Tubulinea-Tubulinea_X,c:Elardia,o:Euamoebida,f:Hartmannellidae,g:Hartmannellidae_X,s:Hartmannellidae_X_sp,HQ687486.1.1894_U;tax,k:Eukaryota,OTU2722.p:Tubulinea-Tubulinea_X.g:Hartmannellidae_X
1704,OTU2726,412,1,412,1745,514,921,100,652,0,95.388,d:TSAR,p:Rhizaria-Cercozoa,c:Filosa-Sarcomonadea,o:Cercomonadida,f:Cercomonadidae,g:Cercomonas,s:Cercomonas_mtoleri,FJ790684.1.1745_U;tax,k:Eukaryota,OTU2726.p:Rhizaria-Cercozoa.g:Cercomonas
1705,OTU2729,410,1,410,1660,524,932,100,479,5.7e-134,87.893,d:Amoebozoa,p:Evosea-Evosea_X,c:Variosea,o:Variosea_X,f:Variosea_XX,g:Heliamoeba,s:Heliamoeba_mirabilis,KP864095.1.1660_U;tax,k:Eukaryota,OTU2729.p:Evosea-Evosea_X.g:Heliamoeba
1706,OTU2730,398,1,398,1795,583,982,100,460,2e-128,87.624,d:TSAR,p:Alveolata-Dinoflagellata,c:Dinophyceae,o:Dinophyceae_X,f:Dinophyceae_XX,g:Dinophyceae_XXX,s:Dinophyceae_XXX_sp,KJ764529.1.1795_U;tax,k:Eukaryota,OTU2730.p:Alveolata-Dinoflagellata.g:Dinophyceae_XXX
1707,OTU2732,401,1,401,1702,495,899,100,468,1.21e-130,87.805,d:Amoebozoa,p:Tubulinea-Tubulinea_X,c:Echinamoebida,o:Echinamoebida_X,f:Echinamoebidae,g:Echinamoeba,s:Echinamoeba_sp,AB520727.1.1702_U;tax,k:Eukaryota,OTU2732.p:Tubulinea-Tubulinea_X.g:Echinamoeba
1708,OTU2744,386,1,386,1729,558,944,100,641,0,96.641,d:TSAR,p:Alveolata-Ciliophora,c:Oligohymenophorea,o:Peritrichia_2,f:Sessilida,g:Vorticellides,s:Vorticellides_astyliformis,GQ872427.1.1729_U;tax,k:Eukaryota,OTU2744.p:Alveolata-Ciliophora.g:Vorticellides
1709,OTU2745,399,1,399,1799,585,983,100,699,0,98.246,d:TSAR,p:Alveolata-Dinoflagellata,c:Dinophyceae,o:Dinophyceae_X,f:Dinophyceae_XX,g:Dinophyceae_XXX,s:Dinophyceae_XXX_sp,KJ764143.1.1799_U;tax,k:Eukaryota,OTU2745.p:Alveolata-Dinoflagellata.g:Dinophyceae_XXX
1710,OTU2746,412,1,412,1817,592,1003,100,734,0,98.786,d:TSAR,p:Rhizaria-Cercozoa,c:Filosa-Sarcomonadea,o:Glissomonadida,f:Allapsidae,g:Allantion,s:Allantion_sp,EF023859.1.1817_U;tax,k:Eukaryota,OTU2746.p:Rhizaria-Cercozoa.g:Allantion
1711,OTU2747,398,161,397,950,109,344,60,259,7.83e-68,86.611,d:Archaeplastida,p:Chlorophyta-Chlorophyta_X,c:Mamiellophyceae,o:Mamiellales,f:Bathycoccaceae,g:Ostreococcus,s:Ostreococcus_lucimarinus,JQ782337.1.950_U;tax,k:Eukaryota,OTU2747.p:Chlorophyta-Chlorophyta_X.g:Ostreococcus
1712,OTU2748,410,1,410,1893,588,992,100,497,1.57e-139,88.916,d:Amoebozoa,p:Evosea-Evosea_X,c:Variosea,o:Variosea_X,f:WIM1-lineage,g:WIM1-lineage_X,s:WIM1-lineage_X_sp,AM114811.1.1893_U;tax,k:Eukaryota,OTU2748.p:Evosea-Evosea_X.g:WIM1-lineage_X
1713,OTU2749,402,1,402,1066,204,605,100,704,0,98.259,d:TSAR,p:Stramenopiles-Gyrista,c:Chrysophyceae,o:Chrysophyceae_Clade-EC2H,f:Chrysophyceae_Clade-EC2H_X,g:Chrysophyceae_Clade-EC2H_XX,s:Chrysophyceae_Clade-EC2H_XX_sp,JN705488.1.1066_U;tax,k:Eukaryota,OTU2749.p:Stramenopiles-Gyrista.g:Chrysophyceae_Clade-EC2H_XX
1714,OTU2750,415,1,415,1406,204,611,100,549,4.34e-155,90.887,d:TSAR,p:Rhizaria-Cercozoa,c:Filosa-Granofilosea,o:Massiterida,f:Massiteriidae,g:Massisteria,s:Massisteria_sp,GU821524.1.1406_U;tax,k:Eukaryota,OTU2750.p:Rhizaria-Cercozoa.g:Massisteria
1715,OTU2751,404,1,404,1730,556,961,100,616,4.1e-175,94.103,d:TSAR,p:Stramenopiles-Gyrista,c:Synchromophyceae,o:Synchromophyceae_X,f:Synchromophyceae_XX,g:Synchromophyceae_XXX,s:Synchromophyceae_XXX_sp,FJ356265.1.1730_U;tax,k:Eukaryota,OTU2751.p:Stramenopiles-Gyrista.g:Synchromophyceae_XXX
1716,OTU2752,385,137,385,1864,776,1029,78,315,1.59e-84,89.37,d:Amoebozoa,p:Tubulinea-Tubulinea_X,c:Elardia,o:Euamoebida,f:LOS7N/I-lineage,g:Ptolemeba,s:Ptolemeba_bulliensis,LC272073.1.1864_U;tax,k:Eukaryota,OTU2752.p:Tubulinea-Tubulinea_X.g:Ptolemeba
1717,OTU2753,406,1,406,1893,588,992,100,405,9.71e-112,84.841,d:Amoebozoa,p:Evosea-Evosea_X,c:Variosea,o:Variosea_X,f:WIM1-lineage,g:WIM1-lineage_X,s:WIM1-lineage_X_sp,AM114811.1.1893_U;tax,k:Eukaryota,OTU2753.p:Evosea-Evosea_X.g:WIM1-lineage_X
1718,OTU2754,408,166,408,818,121,362,60,392,7.6e-108,95.885,d:TSAR,p:Stramenopiles-Bigyra,c:Sagenista,o:Labyrinthulomycetes,f:Amphitraemidae,g:Archerella,s:Archerella_sp,EF586082.1.818_U;tax,k:Eukaryota,OTU2754.p:Stramenopiles-Bigyra.g:Archerella
1719,OTU2756,406,1,406,1803,585,980,100,359,7.67e-98,83.333,d:Obazoa,p:Opisthokonta-Opisthokonta_X,c:Opisthokonta_XX,o:Opisthokonta_XXX,f:Opisthokonta_XXXX,g:Tunicaraptor,s:Tunicaraptor_unikontum,MT611055.1.1803_U;tax,k:Eukaryota,OTU2756.p:Opisthokonta-Opisthokonta_X.g:Tunicaraptor
1720,OTU2757,415,1,415,1894,592,1007,100,673,0,95.913,d:Amoebozoa,p:Tubulinea-Tubulinea_X,c:Elardia,o:Euamoebida,f:Hartmannellidae,g:Hartmannellidae_X,s:Hartmannellidae_X_sp,HQ687486.1.1894_U;tax,k:Eukaryota,OTU2757.p:Tubulinea-Tubulinea_X.g:Hartmannellidae_X
1721,OTU2758,413,1,413,1605,531,925,100,459,7.49e-128,87.409,d:Amoebozoa,p:Tubulinea-Tubulinea_X,c:Elardia,o:Euamoebida,f:Nolandellidae,g:Nolandellidae_X,s:Nolandellidae_X_sp,AF372795.1.1605_U;tax,k:Eukaryota,OTU2758.p:Tubulinea-Tubulinea_X.g:Nolandellidae_X
1722,OTU2759,416,1,416,1697,524,940,100,492,7.44e-138,88.067,d:TSAR,p:Stramenopiles-Bigyra,c:Sagenista,o:Labyrinthulomycetes,f:Amphifilaceae,g:Fibrophrys,s:Fibrophrys_sp,AB721051.1.1697_U;tax,k:Eukaryota,OTU2759.p:Stramenopiles-Bigyra.g:Fibrophrys
1723,OTU2760,407,1,407,1281,204,611,100,708,0,98.039,d:TSAR,p:Rhizaria-Cercozoa,c:Filosa-Sarcomonadea,o:Glissomonadida,f:Glissomonadida_X,g:Glissomonadida_XX,s:Glissomonadida_XX_sp,JN635482.1.1281_U;tax,k:Eukaryota,OTU2760.p:Rhizaria-Cercozoa.g:Glissomonadida_XX
1724,OTU2761,392,159,392,877,187,422,60,163,6.22e-39,79.412,d:TSAR,p:Stramenopiles-Gyrista,c:Chrysophyceae,o:Chrysophyceae_Clade-EC2H,f:Chrysophyceae_Clade-EC2H_X,g:Chrysophyceae_Clade-EC2H_XX,s:Chrysophyceae_Clade-EC2H_XX_sp,HQ869056.1.877_U;tax,k:Eukaryota,OTU2761.p:Stramenopiles-Gyrista.g:Chrysophyceae_Clade-EC2H_XX
1725,OTU2762,406,1,406,1814,594,999,100,268,1.33e-70,78.986,d:Amoebozoa,p:Tubulinea-Tubulinea_X,c:Elardia,o:Euamoebida,f:Nolandellidae,g:Nolandella,s:Nolandella_sp,EU273451.1.1814_U;tax,k:Eukaryota,OTU2762.p:Tubulinea-Tubulinea_X.g:Nolandella
1726,OTU2764,407,1,407,1193,508,914,100,647,0,95.355,d:TSAR,p:Rhizaria-Cercozoa,c:Filosa-Sarcomonadea,o:Glissomonadida,f:Sandonidae,g:Sandonidae_X,s:Sandonidae_X_sp,EU709208.1.1193_U;tax,k:Eukaryota,OTU2764.p:Rhizaria-Cercozoa.g:Sandonidae_X
1727,OTU2765,399,1,399,1644,585,981,100,326,7.64e-88,81.818,d:TSAR,p:Alveolata-Chrompodellids,c:Colpodellidea,o:Colpodellida,f:Colpodellida_CHR1,g:Colpodellida_CHR1_X,s:Colpodellida_CHR1_X_sp,KC315839.1.1644_U;tax,k:Eukaryota,OTU2765.p:Alveolata-Chrompodellids.g:Colpodellida_CHR1_X
1728,OTU2767,404,1,404,1623,456,859,100,713,0,98.515,d:TSAR,p:Stramenopiles-Gyrista,c:Eustigmatophyceae,o:Eustigmatophyceae_X,f:Eustigmatophyceae_XX,g:Eustigmatophyceae_XXX,s:Eustigmatophyceae_XXX_sp,KF757249.1.1623_U;tax,k:Eukaryota,OTU2767.p:Stramenopiles-Gyrista.g:Eustigmatophyceae_XXX
1729,OTU2768,405,166,405,1438,327,567,73,361,2.13e-98,93.827,d:Amoebozoa,p:Tubulinea-Tubulinea_X,c:Elardia,o:Euamoebida,f:Hartmannellidae,g:Copromyxa,s:Copromyxa_microcystidis,KP719188.1.1438_U;tax,k:Eukaryota,OTU2768.p:Tubulinea-Tubulinea_X.g:Copromyxa
1730,OTU2769,378,8,378,665,1,371,98,641,0,97.855,d:TSAR,p:Alveolata-Ciliophora,c:Armophorea,o:Armophorea_X,f:Armophorea_XX,g:Armophorea_XXX,s:Armophorea_XXX_sp,FJ903056.1.665_U;tax,k:Eukaryota,OTU2769.p:Alveolata-Ciliophora.g:Armophorea_XXX
1731,OTU2770,402,1,402,1663,562,964,100,654,0,96.03,d:TSAR,p:Stramenopiles-Bigyra,c:Sagenista,o:Labyrinthulomycetes,f:Oblongichytridiaceae,g:Oblongichytrium,s:Oblongichytrium_sp,LC194231.1.1663_U;tax,k:Eukaryota,OTU2770.p:Stramenopiles-Bigyra.g:Oblongichytrium
1732,OTU2771,406,1,406,989,475,889,100,220,3.78e-56,76.85,d:Amoebozoa,p:Evosea-Evosea_X,c:Variosea,o:Variosea_X,f:Variosea_XX,g:Variosea_XXX,s:Variosea_XXX_sp,EU545726.1.989_U;tax,k:Eukaryota,OTU2771.p:Evosea-Evosea_X.g:Variosea_XXX
1733,OTU2772,411,1,411,1800,564,975,100,494,2.04e-138,88.544,d:TSAR,p:Stramenopiles-Gyrista,c:Peronosporomycetes,o:Peronosporomycetes_X,f:Peronosporales,g:Pythium,s:Pythium_salinum,KF853244.1.1800_U;tax,k:Eukaryota,OTU2772.p:Stramenopiles-Gyrista.g:Pythium
1734,OTU2773,442,194,442,1094,556,802,56,381,1.79e-104,94.378,d:TSAR,p:Rhizaria-Cercozoa,c:Filosa-Granofilosea,o:Filosa-Granofilosea_X,f:Novel-Gran-6,g:Novel-Gran-6_X,s:Novel-Gran-6_X_sp,EU567295.1.1094_U;tax,k:Eukaryota,OTU2773.p:Rhizaria-Cercozoa.g:Novel-Gran-6_X
1735,OTU2774,401,1,401,1794,578,976,100,241,2.86e-62,77.941,d:Haptista,p:Haptophyta-Haptophyta_X,c:Prymnesiophyceae,o:Prymnesiophyceae_X,f:Braarudosphaeraceae,g:Braarudosphaeraceae_X,s:Braarudosphaeraceae_X_sp,KJ763100.1.1794_U;tax,k:Eukaryota,OTU2774.p:Haptophyta-Haptophyta_X.g:Braarudosphaeraceae_X
1736,OTU2777,394,1,394,1605,531,925,100,579,5.24e-164,93.25,d:Amoebozoa,p:Tubulinea-Tubulinea_X,c:Elardia,o:Euamoebida,f:Nolandellidae,g:Nolandellidae_X,s:Nolandellidae_X_sp,AF372795.1.1605_U;tax,k:Eukaryota,OTU2777.p:Tubulinea-Tubulinea_X.g:Nolandellidae_X
1737,OTU2779,425,1,425,1587,567,972,100,584,1.22e-165,92.272,d:Haptista,p:Centroplasthelida-Centroplasthelida_X,c:Centroplasthelida_XX,o:Centroplasthelida_XXX,f:Centroplasthelida_XXXX,g:Centroplasthelida_XXXXX,s:Centroplasthelida_XXXXX_sp,JQ245081.1.1587_U;tax,k:Eukaryota,OTU2779.p:Centroplasthelida-Centroplasthelida_X.g:Centroplasthelida_XXXXX
1738,OTU2780,397,217,396,1534,618,796,45,171,3.77e-41,83.978,d:TSAR,p:Alveolata-Ciliophora,c:Phyllopharyngea,o:Suctoria,f:Suctoria_X,g:Suctoria_XX,s:Suctoria_XX_sp,HQ407389.1.1534_U;tax,k:Eukaryota,OTU2780.p:Alveolata-Ciliophora.g:Suctoria_XX
1739,OTU2782,420,1,419,1762,549,959,99,374,2.84e-102,83.255,d:TSAR,p:Stramenopiles-Bigyra,c:Sagenista,o:Labyrinthulomycetes,f:Amphifilaceae,g:Amphifilaceae_X,s:Amphifilaceae_X_sp,AB695537.1.1762_U;tax,k:Eukaryota,OTU2782.p:Stramenopiles-Bigyra.g:Amphifilaceae_X
1740,OTU2786,409,1,409,1126,446,852,100,555,9.19e-157,91.325,d:TSAR,p:Rhizaria-Cercozoa,c:Filosa-Sarcomonadea,o:Glissomonadida,f:Allapsidae,g:Group-Te,s:Group_Te_sp,EU709246.1.1127_U;tax,k:Eukaryota,OTU2786.p:Rhizaria-Cercozoa.g:Group-Te
1741,OTU2787,370,1,370,2226,1038,1407,100,407,2.44e-112,86.631,d:Amoebozoa,p:Tubulinea-Tubulinea_X,c:Elardia,o:Euamoebida,f:LOS7N/I-lineage,g:Ptolemeba,s:Ptolemeba_noxubium,KJ542110.1.2226_U;tax,k:Eukaryota,OTU2787.p:Tubulinea-Tubulinea_X.g:Ptolemeba
1742,OTU2788,403,156,403,1925,831,1078,73,182,1.77e-44,80.08,d:Amoebozoa,p:Discosea-Discosea_X,c:Flabellinia,o:Vannellida,f:Vannellidae,g:Vannella,s:Vannella_sp,JQ271724.1.1925_U;tax,k:Eukaryota,OTU2788.p:Discosea-Discosea_X.g:Vannella
1743,OTU2789,417,1,417,1547,573,981,100,636,0,94.484,d:Amoebozoa,p:Evosea-Evosea_X,c:Variosea,o:Variosea_X,f:Phalansteriidae,g:Phalansterium,s:Phalansterium_arcticum,KX844828.1.1547_U;tax,k:Eukaryota,OTU2789.p:Evosea-Evosea_X.g:Phalansterium
1744,OTU2790,420,126,420,1932,737,1030,84,394,2.18e-108,90.94,d:Amoebozoa,p:Evosea-Evosea_X,c:Variosea,o:Variosea_X,f:Ischnamoebidae,g:Ischnamoeba,s:Ischnamoeba_montana,KP864092.1.1932_U;tax,k:Eukaryota,OTU2790.p:Evosea-Evosea_X.g:Ischnamoeba
1745,OTU2804,413,1,413,1860,570,980,100,678,0,96.394,d:Amoebozoa,p:Evosea-Evosea_X,c:Variosea,o:Variosea_X,f:Variosea_XX,g:Variosea_XXX,s:Variosea_XXX_sp,AB695458.1.1860_U;tax,k:Eukaryota,OTU2804.p:Evosea-Evosea_X.g:Variosea_XXX
1746,OTU2805,404,1,404,1715,549,952,100,741,0,99.752,d:TSAR,p:Stramenopiles-Gyrista,c:Eustigmatophyceae,o:Eustigmatophyceae_X,f:Eustigmatophyceae_XX,g:Eustigmatophyceae_XXX,s:Eustigmatophyceae_XXX_sp,KF757254.1.1715_U;tax,k:Eukaryota,OTU2805.p:Stramenopiles-Gyrista.g:Eustigmatophyceae_XXX
1747,OTU2806,399,1,399,1222,65,463,100,477,1.99e-133,88.395,d:TSAR,p:Alveolata-Dinoflagellata,c:Dinophyceae,o:Dinophysiales,f:Amphisoleniaceae,g:Triposolenia,s:Triposolenia_bicornis,HM853767.1.1222_U;tax,k:Eukaryota,OTU2806.p:Alveolata-Dinoflagellata.g:Triposolenia
1748,OTU2807,384,1,384,1109,576,962,100,429,5.43e-119,86.99,d:TSAR,p:Alveolata-Apicomplexa,c:Gregarinomorphea,o:Eugregarinorida,f:Gregarinidae,g:Amoebogregarina,s:Amoebogregarina_sp,GQ462637.1.1109_U;tax,k:Eukaryota,OTU2807.p:Alveolata-Apicomplexa.g:Amoebogregarina
1749,OTU2808,404,1,404,1801,576,981,100,588,8.94e-167,92.857,d:TSAR,p:Rhizaria-Cercozoa,c:Endomyxa,o:Vampyrellida,f:Thalassomyxa-lineage,g:Thalassomyxa,s:Thalassomyxa_sp,KC779515.1.1801_U;tax,k:Eukaryota,OTU2808.p:Rhizaria-Cercozoa.g:Thalassomyxa
1750,OTU2809,399,1,399,1049,5,404,100,643,0,95.75,d:TSAR,p:Stramenopiles-Gyrista,c:Chrysophyceae,o:Ochromonadales,f:Ochromonadales_X,g:Ochromonadales_XX,s:Ochromonadales_XX_sp,FJ355238.1.1049_U;tax,k:Eukaryota,OTU2809.p:Stramenopiles-Gyrista.g:Ochromonadales_XX
1751,OTU2810,410,1,410,989,475,889,100,435,1.25e-120,85.952,d:Amoebozoa,p:Evosea-Evosea_X,c:Variosea,o:Variosea_X,f:Variosea_XX,g:Variosea_XXX,s:Variosea_XXX_sp,EU545726.1.989_U;tax,k:Eukaryota,OTU2810.p:Evosea-Evosea_X.g:Variosea_XXX
1752,OTU2811,386,259,386,1758,838,965,33,198,1.68e-49,94.531,d:TSAR,p:Alveolata-Ciliophora,c:Oligohymenophorea,o:Scuticociliatia_2,f:Pleuronematida,g:Pleuronematida_X,s:Pleuronematida_X_sp,FJ868184.1.1758_U;tax,k:Eukaryota,OTU2811.p:Alveolata-Ciliophora.g:Pleuronematida_X
1753,OTU2812,408,1,408,887,21,427,100,575,7.03e-163,92.214,d:TSAR,p:Rhizaria-Cercozoa,c:Filosa-Thecofilosea,o:Cryomonadida,f:Protaspa-lineage,g:Protaspa-lineage_X,s:Protaspa-lineage_X_sp,HQ868696.1.887_U;tax,k:Eukaryota,OTU2812.p:Rhizaria-Cercozoa.g:Protaspa-lineage_X
1754,OTU2815,403,1,403,1678,502,904,100,728,0,99.256,d:TSAR,p:Stramenopiles-Gyrista,c:Bacillariophyceae,o:Bacillariales,f:Bacillariaceae,g:Nitzschia,s:Nitzschia_inconspicua,KC736636.1.1678_U;tax,k:Eukaryota,OTU2815.p:Stramenopiles-Gyrista.g:Nitzschia
1755,OTU2817,406,1,406,1801,576,981,100,673,0,96.552,d:TSAR,p:Rhizaria-Cercozoa,c:Endomyxa,o:Vampyrellida,f:Thalassomyxa-lineage,g:Thalassomyxa,s:Thalassomyxa_sp,KC779515.1.1801_U;tax,k:Eukaryota,OTU2817.p:Rhizaria-Cercozoa.g:Thalassomyxa
1756,OTU2818,406,1,406,1817,589,993,100,721,0,98.768,d:TSAR,p:Rhizaria-Cercozoa,c:Filosa-Sarcomonadea,o:Cercomonadida,f:Cercomonadidae,g:Neocercomonas,s:Neocercomonas_sp,MG775598.1.1817_U;tax,k:Eukaryota,OTU2818.p:Rhizaria-Cercozoa.g:Neocercomonas
1757,OTU2820,389,1,389,1872,643,1035,100,540,2.44e-152,91.624,d:Amoebozoa,p:Tubulinea-Tubulinea_X,c:Elardia,o:Leptomyxida,f:Flabellulidae,g:Flabellula,s:Flabellula_schaefferi,JQ271708.1.1872_U;tax,k:Eukaryota,OTU2820.p:Tubulinea-Tubulinea_X.g:Flabellula
1758,OTU2821,407,1,407,1463,473,878,100,656,0,95.823,d:TSAR,p:Rhizaria-Cercozoa,c:Filosa-Sarcomonadea,o:Glissomonadida,f:Sandonidae,g:Sandonidae_X,s:Sandonidae_X_sp,EU709203.15.1477_U;tax,k:Eukaryota,OTU2821.p:Rhizaria-Cercozoa.g:Sandonidae_X
1759,OTU2822,414,1,414,1285,204,616,100,547,1.56e-154,90.602,d:TSAR,p:Rhizaria-Cercozoa,c:Endomyxa,o:Vampyrellida,f:Penardia-lineage,g:Penardia-lineage_X,s:Penardia-lineage_X_sp,AF372743.1.1285_U;tax,k:Eukaryota,OTU2822.p:Rhizaria-Cercozoa.g:Penardia-lineage_X
1760,OTU2823,417,1,417,1860,570,980,100,571,9.31e-162,91.607,d:Amoebozoa,p:Evosea-Evosea_X,c:Variosea,o:Variosea_X,f:Variosea_XX,g:Variosea_XXX,s:Variosea_XXX_sp,AB695458.1.1860_U;tax,k:Eukaryota,OTU2823.p:Evosea-Evosea_X.g:Variosea_XXX
1761,OTU2824,441,185,441,1864,776,1029,70,316,5.1e-85,89.189,d:Amoebozoa,p:Tubulinea-Tubulinea_X,c:Elardia,o:Euamoebida,f:LOS7N/I-lineage,g:Ptolemeba,s:Ptolemeba_bulliensis,LC272073.1.1864_U;tax,k:Eukaryota,OTU2824.p:Tubulinea-Tubulinea_X.g:Ptolemeba
1762,OTU2826,385,1,385,1824,608,988,100,625,6.47e-178,96.104,d:Amoebozoa,p:Tubulinea-Tubulinea_X,c:Elardia,o:Euamoebida,f:Nolandellidae,g:Nolandellidae_X,s:Nolandellidae_X_sp,EF023499.1.1824_U;tax,k:Eukaryota,OTU2826.p:Tubulinea-Tubulinea_X.g:Nolandellidae_X
1763,OTU2827,382,3,382,1401,229,606,99,584,1.09e-165,94.474,d:TSAR,p:Alveolata-Ciliophora,c:Oligohymenophorea,o:Hymenostomatia,f:Ophryoglenida,g:Ichthyophthirius,s:Ichthyophthirius_multifiliis,KU219950.1.1401_U;tax,k:Eukaryota,OTU2827.p:Alveolata-Ciliophora.g:Ichthyophthirius
1764,OTU2828,386,1,386,1753,565,951,100,597,1.41e-169,94.574,d:TSAR,p:Alveolata-Ciliophora,c:Colpodea,o:Colpodea_X,f:Platyophryida,g:Platyophrya,s:Platyophrya_vorax,AF060454.1.1753_U;tax,k:Eukaryota,OTU2828.p:Alveolata-Ciliophora.g:Platyophrya
1765,OTU2830,396,1,396,1186,564,970,100,171,3.76e-41,75,d:Amoebozoa,p:Evosea-Evosea_X,c:Variosea,o:Fractovitellida,f:Acramoebidae,g:Acramoebidae_X,s:Acramoebidae_X_sp,KC306576.1.1186_U;tax,k:Eukaryota,OTU2830.p:Evosea-Evosea_X.g:Acramoebidae_X
1766,OTU2831,392,1,392,1773,568,959,100,599,4e-170,93.909,d:Archaeplastida,p:Rhodophyta-Rhodophyta_X,c:Porphyridiophyceae,o:Porphyridiales,f:Porphyridiales_X,g:Porphyridium,s:Porphyridium_aerugineum,L27635.1.1773_U;tax,k:Eukaryota,OTU2831.p:Rhodophyta-Rhodophyta_X.g:Porphyridium
1767,OTU2832,410,1,410,1014,524,933,100,719,0,98.293,d:TSAR,p:Stramenopiles-Gyrista,c:Peronosporomycetes,o:Peronosporomycetes_X,f:Peronosporales,g:Lagenidium,s:Lagenidium_sp,HQ384418.1.1014_U;tax,k:Eukaryota,OTU2832.p:Stramenopiles-Gyrista.g:Lagenidium
1768,OTU2834,391,1,391,1779,581,971,100,575,6.72e-163,93.112,d:TSAR,p:Alveolata-Ciliophora,c:Colpodea,o:Colpodea_X,f:Colpodida,g:Exocolpoda,s:Exocolpoda_augustini,JF747214.1.1779_U;tax,k:Eukaryota,OTU2834.p:Alveolata-Ciliophora.g:Exocolpoda
1769,OTU2835,390,1,390,1663,528,922,100,531,1.47e-149,91.162,d:TSAR,p:Stramenopiles-Bigyra,c:Bicoecea,o:Pseudodendromonadales,f:Pseudodendromonadales_X,g:Pseudodendromonadales_XX,s:Pseudodendromonadales_XX_sp,AB721078.1.1663_U;tax,k:Eukaryota,OTU2835.p:Stramenopiles-Bigyra.g:Pseudodendromonadales_XX
1770,OTU2836,417,287,417,1372,461,591,31,121,4.05e-26,83.333,d:TSAR,p:Alveolata-Ciliophora,c:Oligohymenophorea,o:OLIGO8,f:OLIGO8_X,g:OLIGO8_XX,s:OLIGO8_XX_sp,GU819443.1.1372_U;tax,k:Eukaryota,OTU2836.p:Alveolata-Ciliophora.g:OLIGO8_XX
1771,OTU2837,404,1,404,1801,576,981,100,505,9.26e-142,89.216,d:TSAR,p:Rhizaria-Cercozoa,c:Endomyxa,o:Vampyrellida,f:Thalassomyxa-lineage,g:Thalassomyxa,s:Thalassomyxa_sp,KC779515.1.1801_U;tax,k:Eukaryota,OTU2837.p:Rhizaria-Cercozoa.g:Thalassomyxa
1772,OTU2838,426,310,426,799,319,435,39,150,5.27e-35,89.744,d:Excavata,p:Discoba-Discoba_X,c:Discoba_XX,o:Jakobida,f:Stygiellidae,g:Stygiellidae_STYG1,s:Stygiellidae_STYG1_sp,FJ153626.1.799_U;tax,k:Eukaryota,OTU2838.p:Discoba-Discoba_X.g:Stygiellidae_STYG1
1773,OTU2839,396,1,396,810,98,493,100,610,1.87e-173,94.444,d:TSAR,p:Alveolata-Perkinsea,c:Perkinsida,o:Perkinsida_X,f:Perkinsida_XX,g:Perkinsida_XXX,s:Perkinsida_XXX_sp,KP122521.1.810_U;tax,k:Eukaryota,OTU2839.p:Alveolata-Perkinsea.g:Perkinsida_XXX
1774,OTU2840,371,1,371,2226,1038,1407,100,346,5.42e-94,83.733,d:Amoebozoa,p:Tubulinea-Tubulinea_X,c:Elardia,o:Euamoebida,f:LOS7N/I-lineage,g:Ptolemeba,s:Ptolemeba_noxubium,KJ542110.1.2226_U;tax,k:Eukaryota,OTU2840.p:Tubulinea-Tubulinea_X.g:Ptolemeba
1775,OTU2841,416,170,416,1565,746,986,59,163,6.62e-39,79.032,d:Provora,p:Nebulidia-Nebulidia_X,c:Nebulidea,o:Nebulidida,f:Nebulidae,g:Nebulomonas,s:Nebulomonas_marisrubri,OP102002.1.1565_U;tax,k:Eukaryota,OTU2841.p:Nebulidia-Nebulidia_X.g:Nebulomonas
1776,OTU2842,416,1,416,1547,573,981,100,534,1.22e-150,90.144,d:Amoebozoa,p:Evosea-Evosea_X,c:Variosea,o:Variosea_X,f:Phalansteriidae,g:Phalansterium,s:Phalansterium_arcticum,KX844828.1.1547_U;tax,k:Eukaryota,OTU2842.p:Evosea-Evosea_X.g:Phalansterium
1777,OTU2843,416,1,416,1860,570,980,100,603,3.29e-171,93.062,d:Amoebozoa,p:Evosea-Evosea_X,c:Variosea,o:Variosea_X,f:Variosea_XX,g:Variosea_XXX,s:Variosea_XXX_sp,AB695458.1.1860_U;tax,k:Eukaryota,OTU2843.p:Evosea-Evosea_X.g:Variosea_XXX
1778,OTU2845,407,1,407,1804,549,951,100,510,2.01e-143,89.487,d:Archaeplastida,p:Rhodophyta-Rhodophyta_X,c:Bangiophyceae,o:Cyanidiales,f:Cyanidiales_X,g:Cyanidiales_XX,s:Cyanidiales_XX_sp,AB695473.1.1804_U;tax,k:Eukaryota,OTU2845.p:Rhodophyta-Rhodophyta_X.g:Cyanidiales_XX
1779,OTU2847,407,162,407,1944,858,1102,60,176,8.31e-43,80,d:Amoebozoa,p:Discosea-Discosea_X,c:Flabellinia,o:Vannellida,f:Vannellidae,g:Vannella,s:Vannella_sp,HM363632.1.1944_U;tax,k:Eukaryota,OTU2847.p:Discosea-Discosea_X.g:Vannella
1780,OTU2849,400,1,400,1827,557,963,100,407,2.66e-112,85.194,d:Amoebozoa,p:Tubulinea-Tubulinea_X,c:Elardia,o:Euamoebida,f:Hartmannellidae,g:Copromyxa,s:Copromyxa_protea,GU938869.1.1827_U;tax,k:Eukaryota,OTU2849.p:Tubulinea-Tubulinea_X.g:Copromyxa
1781,OTU2852,407,1,407,1804,587,994,100,647,0,95.343,d:TSAR,p:Rhizaria-Cercozoa,c:Filosa-Imbricatea,o:Filosa-Imbricatea_X,f:Filosa-Imbricatea_XX,g:Filosa-Imbricatea_XXX,s:Filosa-Imbricatea_XXX_sp,EF023787.1.1804_U;tax,k:Eukaryota,OTU2852.p:Rhizaria-Cercozoa.g:Filosa-Imbricatea_XXX
1782,OTU2853,408,1,408,1712,526,933,100,643,0,95.098,d:TSAR,p:Rhizaria-Cercozoa,c:Filosa-Imbricatea,o:Variglissida,f:Nudifilidae,g:Nudifila,s:Nudifila_producta,HQ121434.1.1712_U;tax,k:Eukaryota,OTU2853.p:Rhizaria-Cercozoa.g:Nudifila
1783,OTU2854,347,135,347,1579,587,806,61,167,4.21e-40,80.995,d:TSAR,p:Alveolata-Ciliophora,c:Karyorelictea,o:Karyorelictea_X,f:Trachelocercidae,g:Apotrachelocerca,s:Apotrachelocerca_arenicola,JF800908.1.1579_U;tax,k:Eukaryota,OTU2854.p:Alveolata-Ciliophora.g:Apotrachelocerca
1784,OTU2857,416,1,416,989,475,889,100,490,2.68e-137,88.067,d:Amoebozoa,p:Evosea-Evosea_X,c:Variosea,o:Variosea_X,f:Variosea_XX,g:Variosea_XXX,s:Variosea_XXX_sp,EU545726.1.989_U;tax,k:Eukaryota,OTU2857.p:Evosea-Evosea_X.g:Variosea_XXX
1785,OTU2858,401,1,401,1694,544,934,100,172,1.06e-41,75.245,d:Cryptista,p:Cryptophyta-Cryptophyta_X,c:Cryptophyceae,o:Cryptomonadales,f:Cryptomonadales_X,g:Cryptomonas,s:Cryptomonas_sp,AY919700.1.1694_U;tax,k:Eukaryota,OTU2858.p:Cryptophyta-Cryptophyta_X.g:Cryptomonas
1786,OTU2867,402,1,402,1058,176,578,100,606,2.45e-172,93.827,d:Amoebozoa,p:Evosea-Evosea_X,c:Variosea,o:Variosea_X,f:Variosea_XX,g:Angulamoeba,s:Angulamoeba_microcystivorans,KP719181.1.1058_U;tax,k:Eukaryota,OTU2867.p:Evosea-Evosea_X.g:Angulamoeba
1787,OTU2868,389,1,389,1663,535,923,100,686,0,98.458,d:TSAR,p:Stramenopiles-Bigyra,c:Bicoecea,o:Pseudodendromonadales,f:Pseudodendromonadales_X,g:Pseudodendromonadales_XX,s:Pseudodendromonadales_XX_sp,AB771814.1.1663_U;tax,k:Eukaryota,OTU2868.p:Stramenopiles-Bigyra.g:Pseudodendromonadales_XX
1788,OTU2872,435,1,435,1831,577,1017,100,272,1.1e-71,78.587,d:Amoebozoa,p:Evosea-Eumycetozoa,c:Myxogastria_Lucisporidia,o:Myxogastria_Lucisporidia_X,f:Trichiidae,g:Trichia,s:Trichia_alpina,JX481312.1.1831_U;tax,k:Eukaryota,OTU2872.p:Evosea-Eumycetozoa.g:Trichia
1789,OTU2873,409,1,409,1860,570,980,100,486,3.4e-136,88.193,d:Amoebozoa,p:Evosea-Evosea_X,c:Variosea,o:Variosea_X,f:Variosea_XX,g:Variosea_XXX,s:Variosea_XXX_sp,AB695458.1.1860_U;tax,k:Eukaryota,OTU2873.p:Evosea-Evosea_X.g:Variosea_XXX
1790,OTU2875,412,1,412,1817,592,1004,100,678,0,96.377,d:TSAR,p:Rhizaria-Cercozoa,c:Filosa-Sarcomonadea,o:Glissomonadida,f:Allapsidae,g:Allapsidae_X,s:Allapsidae_X_sp,EF023989.1.1817_U;tax,k:Eukaryota,OTU2875.p:Rhizaria-Cercozoa.g:Allapsidae_X
1791,OTU2878,396,1,396,1596,529,916,100,303,3.55e-81,80.952,d:Amoebozoa,p:Tubulinea-Tubulinea_X,c:Elardia,o:Euamoebida,f:Nolandellidae,g:Nolandellidae_X,s:Nolandellidae_X_sp,HM628644.1.1596_U;tax,k:Eukaryota,OTU2878.p:Tubulinea-Tubulinea_X.g:Nolandellidae_X
1792,OTU2880,402,1,402,989,475,889,100,316,4.63e-85,80.964,d:Amoebozoa,p:Evosea-Evosea_X,c:Variosea,o:Variosea_X,f:Variosea_XX,g:Variosea_XXX,s:Variosea_XXX_sp,EU545726.1.989_U;tax,k:Eukaryota,OTU2880.p:Evosea-Evosea_X.g:Variosea_XXX
1793,OTU2881,403,1,403,1877,592,1000,100,351,1.27e-95,82.567,d:Amoebozoa,p:Evosea-Evosea_X,c:Variosea,o:Variosea_X,f:Variosea_XX,g:Variosea_XXX,s:Variosea_XXX_sp,EF024417.1.1877_U;tax,k:Eukaryota,OTU2881.p:Evosea-Evosea_X.g:Variosea_XXX
1794,OTU2884,409,1,409,1860,570,980,100,475,7.36e-133,87.681,d:Amoebozoa,p:Evosea-Evosea_X,c:Variosea,o:Variosea_X,f:Variosea_XX,g:Variosea_XXX,s:Variosea_XXX_sp,AB695458.1.1860_U;tax,k:Eukaryota,OTU2884.p:Evosea-Evosea_X.g:Variosea_XXX
1795,OTU2885,411,1,411,1808,585,989,100,405,9.84e-112,84.746,d:TSAR,p:Stramenopiles-Stramenopiles_X,c:Stramenopiles_XX,o:Stramenopiles_XXX,f:Stramenopiles_XXXX,g:Stramenopiles_XXXXX,s:Stramenopiles_XXXXX_sp,KJ763533.1.1808_U;tax,k:Eukaryota,OTU2885.p:Stramenopiles-Stramenopiles_X.g:Stramenopiles_XXXXX
1796,OTU2887,413,1,413,2888,1656,2064,100,388,9.96e-107,83.933,d:Amoebozoa,p:Tubulinea-Tubulinea_X,c:Elardia,o:Arcellinida,f:Phryganellina,g:Phryganella,s:Phryganella_paradoxa,MF497374.1.2888_U;tax,k:Eukaryota,OTU2887.p:Tubulinea-Tubulinea_X.g:Phryganella
1797,OTU2888,416,1,415,676,160,573,99,499,4.44e-140,88.544,d:TSAR,p:Stramenopiles-Bigyra,c:Sagenista,o:Labyrinthulomycetes,f:Amphifilaceae,g:Amphifilaceae_X,s:Amphifilaceae_X_sp,AB572139.1.676_U;tax,k:Eukaryota,OTU2888.p:Stramenopiles-Bigyra.g:Amphifilaceae_X
1798,OTU2890,392,1,392,1784,583,974,100,686,0,98.214,d:TSAR,p:Alveolata-Ciliophora,c:Colpodea,o:Colpodea_X,f:Colpodida,g:Bresslauides,s:Bresslauides_discoideus,HM140394.1.1784_U;tax,k:Eukaryota,OTU2890.p:Alveolata-Ciliophora.g:Bresslauides
1799,OTU2891,403,1,403,1519,436,839,100,429,5.72e-119,85.961,d:Amoebozoa,p:Tubulinea-Tubulinea_X,c:Elardia,o:Euamoebida,f:Nolandellidae,g:Nolandellidae_X,s:Nolandellidae_X_sp,AY821961.1.1519_U;tax,k:Eukaryota,OTU2891.p:Tubulinea-Tubulinea_X.g:Nolandellidae_X
1800,OTU2892,386,1,386,1678,472,858,100,654,0,97.165,d:TSAR,p:Alveolata-Ciliophora,c:Colpodea,o:Colpodea_X,f:Cyrtolophosidida,g:Aristerostoma,s:Aristerostoma_sp,MT081566.1.1678_U;tax,k:Eukaryota,OTU2892.p:Alveolata-Ciliophora.g:Aristerostoma
1801,OTU2893,405,1,405,1893,588,992,100,488,9.35e-137,88.509,d:Amoebozoa,p:Evosea-Evosea_X,c:Variosea,o:Variosea_X,f:WIM1-lineage,g:WIM1-lineage_X,s:WIM1-lineage_X_sp,AM114811.1.1893_U;tax,k:Eukaryota,OTU2893.p:Evosea-Evosea_X.g:WIM1-lineage_X
1802,OTU2894,416,1,416,1565,489,895,100,532,4.38e-150,90.191,d:Amoebozoa,p:Tubulinea-Tubulinea_X,c:Elardia,o:Leptomyxida,f:Leptomyxidae,g:Leptomyxa,s:Leptomyxa_regia,OM914643.1.1565_U;tax,k:Eukaryota,OTU2894.p:Tubulinea-Tubulinea_X.g:Leptomyxa
1803,OTU2896,398,1,398,1839,567,967,100,449,4.33e-125,87.129,d:Amoebozoa,p:Evosea-Evosea_X,c:Variosea,o:Variosea_X,f:WIM1-lineage,g:WIM1-lineage_X,s:WIM1-lineage_X_sp,AB695494.1.1839_U;tax,k:Eukaryota,OTU2896.p:Evosea-Evosea_X.g:WIM1-lineage_X
1804,OTU2897,417,1,417,1606,397,815,100,667,0,95.476,d:TSAR,p:Rhizaria-Cercozoa,c:Filosa-Sarcomonadea,o:Glissomonadida,f:Allapsidae,g:Group-Te,s:Group_Te_sp,AJ506007.1.1606_U;tax,k:Eukaryota,OTU2897.p:Rhizaria-Cercozoa.g:Group-Te
1805,OTU2898,398,1,392,955,564,955,98,719,0,99.745,d:Archaeplastida,p:Chlorophyta-Chlorophyta_X,c:Trebouxiophyceae,o:Chlorellales,f:Chlorellales_X,g:Chlorellales_XX,s:Chlorellales_XX_sp,KC879108.1.955_U;tax,k:Eukaryota,OTU2898.p:Chlorophyta-Chlorophyta_X.g:Chlorellales_XX
1806,OTU2899,411,1,411,1043,474,881,100,695,0,97.324,d:TSAR,p:Rhizaria-Cercozoa,c:Filosa-Sarcomonadea,o:Cercomonadida,f:Paracercomonadidae,g:Paracercomonas,s:Paracercomonas_sp,AY884336.1.1043_U;tax,k:Eukaryota,OTU2899.p:Rhizaria-Cercozoa.g:Paracercomonas
1807,OTU2900,396,1,396,1670,528,926,100,462,5.53e-129,87.931,d:TSAR,p:Alveolata-Alveolata_X,c:Alveolata_XX,o:Alveolata_XXX,f:Alveolata_XXXX,g:Alveolata_XXXXX,s:Alveolata_XXXXX_sp,AB771841.1.1670_U;tax,k:Eukaryota,OTU2900.p:Alveolata-Alveolata_X.g:Alveolata_XXXXX
1808,OTU2901,404,1,404,1862,578,984,100,333,4.62e-90,81.84,d:Amoebozoa,p:Evosea-Evosea_X,c:Variosea,o:Variosea_X,f:Variosea_XX,g:Variosea_XXX,s:Variosea_XXX_sp,EF023424.1.1862_U;tax,k:Eukaryota,OTU2901.p:Evosea-Evosea_X.g:Variosea_XXX
1809,OTU2902,387,1,387,1619,467,853,100,665,0,97.674,d:TSAR,p:Alveolata-Ciliophora,c:Heterotrichea,o:Heterotrichea_X,f:Blepharismidae,g:Blepharisma,s:Blepharisma_penardi,KR815913.1.1619_U;tax,k:Eukaryota,OTU2902.p:Alveolata-Ciliophora.g:Blepharisma
1810,OTU2903,406,1,406,1793,556,965,100,488,9.37e-137,88.434,d:TSAR,p:Stramenopiles-Gyrista,c:Peronosporomycetes,o:Peronosporomycetes_X,f:Peronosporales,g:Pythium,s:Pythium_senticosum,HQ643773.1.1793_U;tax,k:Eukaryota,OTU2903.p:Stramenopiles-Gyrista.g:Pythium
1811,OTU2904,396,1,396,1519,376,771,100,671,0,97.222,d:Obazoa,p:Opisthokonta-Ichthyosporea,c:Ichthyophonida,o:Pseudoperkinsidae,f:Pseudoperkinsidae_X,g:Anurofeca,s:Anurofeca_sp,JN054668.1.1519_U;tax,k:Eukaryota,OTU2904.p:Opisthokonta-Ichthyosporea.g:Anurofeca
1812,OTU2905,405,1,405,1729,500,904,100,710,0,98.272,d:TSAR,p:Rhizaria-Cercozoa,c:Filosa-Sarcomonadea,o:Cercomonadida,f:Cercomonadidae,g:Cercomonas,s:Cercomonas_parincurva,FJ790709.1.1729_U;tax,k:Eukaryota,OTU2905.p:Rhizaria-Cercozoa.g:Cercomonas
1813,OTU2906,449,1,449,1670,568,1013,100,745,0,96.659,d:Amoebozoa,p:Discosea-Discosea_X,c:Flabellinia,o:Flabellinia_X,f:LKM74-lineage,g:LKM74-lineage_X,s:LKM74-lineage_X_sp,AJ130863.1.1670_U;tax,k:Eukaryota,OTU2906.p:Discosea-Discosea_X.g:LKM74-lineage_X
1814,OTU2907,417,1,416,676,160,573,99,617,1.18e-175,93.541,d:TSAR,p:Stramenopiles-Bigyra,c:Sagenista,o:Labyrinthulomycetes,f:Amphifilaceae,g:Amphifilaceae_X,s:Amphifilaceae_X_sp,AB572139.1.676_U;tax,k:Eukaryota,OTU2907.p:Stramenopiles-Bigyra.g:Amphifilaceae_X
1815,OTU2908,413,1,413,1869,575,989,100,532,4.35e-150,89.88,d:Amoebozoa,p:Evosea-Evosea_X,c:Variosea,o:Flamellidae,f:Flamella-lineage,g:Flamella-lineage_X,s:Flamella-lineage_X_sp,AM114809.1.1869_U;tax,k:Eukaryota,OTU2908.p:Evosea-Evosea_X.g:Flamella-lineage_X
1816,OTU2910,405,1,405,1900,596,1002,100,651,0,95.588,d:Amoebozoa,p:Tubulinea-Tubulinea_X,c:Elardia,o:Euamoebida,f:Hartmannellidae,g:Copromyxa,s:Copromyxa_sp,AY680841.1.1900_U;tax,k:Eukaryota,OTU2910.p:Tubulinea-Tubulinea_X.g:Copromyxa
1817,OTU2914,383,1,383,1117,616,999,100,464,1.48e-129,88.66,d:Eukaryota_X,p:Hemimastigophora-Hemimastigophora_X,c:Hemimastigophora_XX,o:Hemimastigophora_XXX,f:Spironemidae,g:Hemimastix,s:Hemimastix_kukwesjijk,MF682191.1.1117_U;tax,k:Eukaryota,OTU2914.p:Hemimastigophora-Hemimastigophora_X.g:Hemimastix
1818,OTU2916,387,148,387,952,588,824,77,346,5.67e-94,92.917,d:TSAR,p:Stramenopiles-Bigyra,c:Bicoecea,o:Pseudodendromonadales,f:Pseudodendromonadales_X,g:Pseudodendromonadales_XX,s:Pseudodendromonadales_XX_sp,EF196740.1.952_U;tax,k:Eukaryota,OTU2916.p:Stramenopiles-Bigyra.g:Pseudodendromonadales_XX
1819,OTU2917,405,1,405,1808,589,995,100,457,2.64e-127,87.105,d:TSAR,p:Rhizaria-Cercozoa,c:Cercozoa_X,o:Cercozoa_XX,f:Cercozoa_XXX,g:Cercozoa_XXXX,s:Cercozoa_XXXX_sp,EF024287.1.1808_U;tax,k:Eukaryota,OTU2917.p:Rhizaria-Cercozoa.g:Cercozoa_XXXX
1820,OTU2918,396,1,396,1726,559,952,100,619,3.1e-176,94.975,d:TSAR,p:Stramenopiles-Gyrista,c:Bacillariophyceae,o:Naviculales,f:Naviculaceae,g:Caloneis,s:Caloneis_lewisii,HQ912580.1.1726_U;tax,k:Eukaryota,OTU2918.p:Stramenopiles-Gyrista.g:Caloneis
1821,OTU2919,376,1,376,1500,468,843,100,673,0,98.936,d:TSAR,p:Alveolata-Ciliophora,c:Phyllopharyngea,o:Cyrtophoria_4,f:Chilodonellidae,g:Chilodonellidae_X,s:Chilodonellidae_X_sp,HM628674.1.1500_U;tax,k:Eukaryota,OTU2919.p:Alveolata-Ciliophora.g:Chilodonellidae_X
1822,OTU2923,434,1,434,1849,592,1020,100,436,3.69e-121,85.16,d:Amoebozoa,p:Tubulinea-Tubulinea_X,c:Echinamoebida,o:Echinamoebida_X,f:Echinamoebidae,g:Echinamoeba,s:Echinamoeba_thermarum,AJ489261.1.1849_U;tax,k:Eukaryota,OTU2923.p:Tubulinea-Tubulinea_X.g:Echinamoeba
1823,OTU2925,395,1,395,806,97,489,100,579,5.25e-164,93.182,d:TSAR,p:Alveolata-Perkinsea,c:Perkinsida,o:Perkinsida_X,f:Perkinsida_XX,g:Perkinsida_XXX,s:Perkinsida_XXX_sp,KP122525.1.806_U;tax,k:Eukaryota,OTU2925.p:Alveolata-Perkinsea.g:Perkinsida_XXX
1824,OTU2927,375,1,375,2226,1038,1407,100,316,4.3e-85,82.415,d:Amoebozoa,p:Tubulinea-Tubulinea_X,c:Elardia,o:Euamoebida,f:LOS7N/I-lineage,g:Ptolemeba,s:Ptolemeba_noxubium,KJ542110.1.2226_U;tax,k:Eukaryota,OTU2927.p:Tubulinea-Tubulinea_X.g:Ptolemeba
1825,OTU2928,407,1,407,1862,578,984,100,697,0,97.543,d:Amoebozoa,p:Evosea-Evosea_X,c:Variosea,o:Variosea_X,f:Variosea_XX,g:Variosea_XXX,s:Variosea_XXX_sp,EF023424.1.1862_U;tax,k:Eukaryota,OTU2928.p:Evosea-Evosea_X.g:Variosea_XXX
1826,OTU2932,434,193,434,959,77,315,56,261,2.38e-68,86.475,d:TSAR,p:Telonemia-Telonemia_X,c:Telonemia_XX,o:Telonemia_XXX,f:Telonemia-Group-2,g:Telonemia-Group-2_X,s:Telonemia-Group-2_X_sp,GQ365800.1.959_U;tax,k:Eukaryota,OTU2932.p:Telonemia-Telonemia_X.g:Telonemia-Group-2_X
1827,OTU2935,406,1,403,1807,570,972,99,712,0,98.511,d:Amoebozoa,p:Tubulinea-Tubulinea_X,c:Echinamoebida,o:Echinamoebida_X,f:Echinamoebidae,g:Echinamoeba,s:Echinamoeba_silvestris,JQ271681.1.1807_U;tax,k:Eukaryota,OTU2935.p:Tubulinea-Tubulinea_X.g:Echinamoeba
1828,OTU2937,332,1,56,809,98,153,17,99,1.49e-19,98.214,d:TSAR,p:Alveolata-Perkinsea,c:Perkinsida,o:Perkinsida_X,f:Perkinsida_XX,g:Perkinsida_XXX,s:Perkinsida_XXX_sp,KP122520.1.809_U;tax,k:Eukaryota,OTU2937.p:Alveolata-Perkinsea.g:Perkinsida_XXX
1829,OTU2938,408,1,408,1847,560,966,100,486,3.39e-136,88.378,d:Amoebozoa,p:Evosea-Evosea_X,c:Variosea,o:Variosea_X,f:Variosea_XX,g:Angulamoeba,s:Angulamoeba_fungorum,KP864084.1.1847_U;tax,k:Eukaryota,OTU2938.p:Evosea-Evosea_X.g:Angulamoeba
1830,OTU2939,391,1,391,1196,12,401,100,616,3.96e-175,95.141,d:TSAR,p:Alveolata-Apicomplexa,c:Gregarinomorphea,o:Neogregarinorida,f:Actinocephalidae,g:Pseudomonocystis,s:Pseudomonocystis_lepidiota,L31843.1.1196_U;tax,k:Eukaryota,OTU2939.p:Alveolata-Apicomplexa.g:Pseudomonocystis
1831,OTU2940,382,1,382,1109,576,962,100,372,9.23e-102,84.478,d:TSAR,p:Alveolata-Apicomplexa,c:Gregarinomorphea,o:Eugregarinorida,f:Gregarinidae,g:Amoebogregarina,s:Amoebogregarina_sp,GQ462637.1.1109_U;tax,k:Eukaryota,OTU2940.p:Alveolata-Apicomplexa.g:Amoebogregarina
1832,OTU2941,394,1,394,1346,572,965,100,617,1.11e-175,94.924,d:TSAR,p:Stramenopiles-Bigyra,c:Bicoecea,o:Pseudodendromonadales,f:Pseudodendromonadales_X,g:Pseudodendromonadales_XX,s:Pseudodendromonadales_XX_sp,AY642710.1.1346_U;tax,k:Eukaryota,OTU2941.p:Stramenopiles-Bigyra.g:Pseudodendromonadales_XX
1833,OTU2942,424,1,424,1539,473,879,100,396,6.1e-109,84.272,d:Amoebozoa,p:Evosea-Evosea_X,c:Variosea,o:Variosea_X,f:Variosea_XX,g:Variosea_XXX,s:Variosea_XXX_sp,GU479959.1.1539_U;tax,k:Eukaryota,OTU2942.p:Evosea-Evosea_X.g:Variosea_XXX
1834,OTU2943,431,149,431,1032,120,397,76,279,6.53e-74,84.912,d:Amoebozoa,p:Tubulinea-Tubulinea_X,c:Elardia,o:Arcellinida,f:Arcellinida_X,g:Argynnia,s:Argynnia_dentistoma,EU392158.1.1032_U;tax,k:Eukaryota,OTU2943.p:Tubulinea-Tubulinea_X.g:Argynnia
1835,OTU2944,404,1,404,1782,584,989,100,682,0,97.044,d:TSAR,p:Stramenopiles-Gyrista,c:Eustigmatophyceae,o:Eustigmatophyceae_X,f:Eustigmatophyceae_XX,g:Nannochloropsis,s:Nannochloropsis_sp,JQ420104.1.1782_U;tax,k:Eukaryota,OTU2944.p:Stramenopiles-Gyrista.g:Nannochloropsis
1836,OTU2947,416,1,416,1565,489,895,100,566,4.32e-160,91.647,d:Amoebozoa,p:Tubulinea-Tubulinea_X,c:Elardia,o:Leptomyxida,f:Leptomyxidae,g:Leptomyxa,s:Leptomyxa_regia,OM914643.1.1565_U;tax,k:Eukaryota,OTU2947.p:Tubulinea-Tubulinea_X.g:Leptomyxa
1837,OTU2948,405,1,405,1878,593,994,100,429,5.75e-119,86.165,d:Amoebozoa,p:Tubulinea-Tubulinea_X,c:Elardia,o:Euamoebida,f:Hartmannellidae,g:Copromyxa,s:Copromyxa_laresi,JQ271679.1.1878_U;tax,k:Eukaryota,OTU2948.p:Tubulinea-Tubulinea_X.g:Copromyxa
1838,OTU2950,409,1,409,1847,560,966,100,505,9.38e-142,89.078,d:Amoebozoa,p:Evosea-Evosea_X,c:Variosea,o:Variosea_X,f:Variosea_XX,g:Angulamoeba,s:Angulamoeba_fungorum,KP864084.1.1847_U;tax,k:Eukaryota,OTU2950.p:Evosea-Evosea_X.g:Angulamoeba
1839,OTU2951,410,1,410,1825,594,1002,100,645,0,95.122,d:TSAR,p:Rhizaria-Cercozoa,c:Filosa-Granofilosea,o:Limnofilida,f:Limnofilidae,g:Limnofilidae_X,s:Limnofilidae_X_sp,AY082993.1.1825_U;tax,k:Eukaryota,OTU2951.p:Rhizaria-Cercozoa.g:Limnofilidae_X
1840,OTU2952,326,1,325,951,426,750,99,545,4.33e-154,96.923,d:TSAR,p:Alveolata-Ciliophora,c:Litostomatea,o:Haptoria_5,f:Pleurostomatida,g:Pleurostomatida_X,s:Pleurostomatida_X_sp,LN870157.1.951_U;tax,k:Eukaryota,OTU2952.p:Alveolata-Ciliophora.g:Pleurostomatida_X
1841,OTU2953,405,1,405,1719,551,955,100,721,0,98.765,d:TSAR,p:Stramenopiles-Gyrista,c:Eustigmatophyceae,o:Eustigmatophyceae_X,f:Eustigmatophyceae_XX,g:Eustigmatophyceae_XXX,s:Eustigmatophyceae_XXX_sp,KF757246.1.1719_U;tax,k:Eukaryota,OTU2953.p:Stramenopiles-Gyrista.g:Eustigmatophyceae_XXX
1842,OTU2954,423,1,423,954,518,926,100,420,3.62e-116,85.142,d:TSAR,p:Rhizaria-Cercozoa,c:Filosa-Sarcomonadea,o:Glissomonadida,f:Allapsidae,g:Group-Te,s:Group_Te_sp,EU709251.1.955_U;tax,k:Eukaryota,OTU2954.p:Rhizaria-Cercozoa.g:Group-Te
1843,OTU2955,401,1,401,1801,576,981,100,412,5.73e-114,85.33,d:TSAR,p:Rhizaria-Cercozoa,c:Endomyxa,o:Vampyrellida,f:Thalassomyxa-lineage,g:Thalassomyxa,s:Thalassomyxa_sp,KC779515.1.1801_U;tax,k:Eukaryota,OTU2955.p:Rhizaria-Cercozoa.g:Thalassomyxa
1844,OTU2957,406,165,406,1781,737,979,71,259,8e-68,86.122,d:Archaeplastida,p:Rhodophyta-Rhodophyta_X,c:Compsopogonophyceae,o:Compsopogonales,f:Compsopogonales_X,g:Compsopogon,s:Compsopogon_caeruleus,JX511997.1.1781_U;tax,k:Eukaryota,OTU2957.p:Rhodophyta-Rhodophyta_X.g:Compsopogon
1845,OTU2960,405,1,405,1801,576,981,100,544,1.97e-153,90.909,d:TSAR,p:Rhizaria-Cercozoa,c:Endomyxa,o:Vampyrellida,f:Thalassomyxa-lineage,g:Thalassomyxa,s:Thalassomyxa_sp,KC779515.1.1801_U;tax,k:Eukaryota,OTU2960.p:Rhizaria-Cercozoa.g:Thalassomyxa
1846,OTU2961,409,1,409,1199,11,409,100,353,3.6e-96,82.933,d:Archaeplastida,p:Streptophyta-Streptophyta_X,c:Streptophyta_XX,o:Streptophyta_XXX,f:Streptophyta_XXXX,g:Streptophyta_XXXXX,s:Streptophyta_XXXXX_sp,GU824549.1.1199_U;tax,k:Eukaryota,OTU2961.p:Streptophyta-Streptophyta_X.g:Streptophyta_XXXXX
1847,OTU2962,444,1,444,1859,568,1013,100,385,1.39e-105,82.522,d:Amoebozoa,p:Discosea-Discosea_X,c:Flabellinia,o:Flabellinia_X,f:LKM74-lineage,g:LKM74-lineage_X,s:LKM74-lineage_X_sp,AY919722.1.1859_U;tax,k:Eukaryota,OTU2962.p:Discosea-Discosea_X.g:LKM74-lineage_X
1848,OTU2963,387,148,387,952,588,824,77,340,2.64e-92,92.5,d:TSAR,p:Stramenopiles-Bigyra,c:Bicoecea,o:Pseudodendromonadales,f:Pseudodendromonadales_X,g:Pseudodendromonadales_XX,s:Pseudodendromonadales_XX_sp,EF196740.1.952_U;tax,k:Eukaryota,OTU2963.p:Stramenopiles-Bigyra.g:Pseudodendromonadales_XX
1849,OTU2964,425,40,425,1227,1,386,91,641,0,96.632,d:Amoebozoa,p:Tubulinea-Tubulinea_X,c:Elardia,o:Euamoebida,f:Hartmannellidae,g:Copromyxa,s:Copromyxa_vandevyveri,KP719189.1.1227_U;tax,k:Eukaryota,OTU2964.p:Tubulinea-Tubulinea_X.g:Copromyxa
1850,OTU2965,422,1,422,1882,579,1013,100,320,3.77e-86,80.813,d:Amoebozoa,p:Discosea-Discosea_X,c:Centramoebia,o:Acanthopodida,f:Acanthamoebidae,g:Acanthamoeba,s:Acanthamoeba_sp,AB505484.1.1882_U;tax,k:Eukaryota,OTU2965.p:Discosea-Discosea_X.g:Acanthamoeba
1851,OTU2966,436,1,436,1072,514,973,100,573,2.71e-162,90,d:Amoebozoa,p:Discosea-Discosea_X,c:Centramoebia,o:Acanthopodida,f:Acanthamoebidae,g:Acanthamoeba,s:Acanthamoeba_sp,AY835694.1.1072_U;tax,k:Eukaryota,OTU2966.p:Discosea-Discosea_X.g:Acanthamoeba
1852,OTU2967,419,182,419,877,183,419,57,261,2.3e-68,86.777,d:Obazoa,p:Apusomonada-Apusomonada_X,c:Apusomonadidae,o:Apusomonadidae_Group-1,f:Apusomonadidae_Group-1_X,g:Apusomonadidae_Group-1_XX,s:Apusomonadidae_Group-1_XX_sp,HQ867504.1.877_U;tax,k:Eukaryota,OTU2967.p:Apusomonada-Apusomonada_X.g:Apusomonadidae_Group-1_XX
1853,OTU2968,439,1,439,1038,478,916,100,706,0,95.682,d:Amoebozoa,p:Evosea-Evosea_X,c:Variosea,o:Variosea_X,f:Variosea_XX,g:Variosea_XXX,s:Variosea_XXX_sp,JN825689.1.1038_U;tax,k:Eukaryota,OTU2968.p:Evosea-Evosea_X.g:Variosea_XXX
1854,OTU2970,410,1,409,1889,586,992,99,477,2.05e-133,87.864,d:TSAR,p:Rhizaria-Cercozoa,c:Filosa-Sarcomonadea,o:Glissomonadida,f:Glissomonadida_X,g:Glissomonadida_XX,s:Glissomonadida_XX_sp,EF024786.1.1889_U;tax,k:Eukaryota,OTU2970.p:Rhizaria-Cercozoa.g:Glissomonadida_XX
1855,OTU2971,387,1,387,1689,557,943,100,682,0,98.45,d:TSAR,p:Alveolata-Ciliophora,c:Colpodea,o:Colpodea_X,f:Platyophryida,g:Platyophryida_X,s:Platyophryida_X_sp,KJ873052.1.1689_U;tax,k:Eukaryota,OTU2971.p:Alveolata-Ciliophora.g:Platyophryida_X
1856,OTU2972,411,1,411,1664,498,903,100,460,2.07e-128,87.29,d:Excavata,p:Metamonada-Preaxostyla,c:Preaxostyla_X,o:Preaxostyla_XX,f:Paramastigidae,g:Paratrimastix,s:Paratrimastix_pyriformis,KT388046.1.1664_U;tax,k:Eukaryota,OTU2972.p:Metamonada-Preaxostyla.g:Paratrimastix
1857,OTU2973,411,171,411,1664,635,875,75,363,6.01e-99,93.776,d:TSAR,p:Stramenopiles-Gyrista,c:Synchromophyceae,o:Synchromophyceae_X,f:Synchromophyceae_XX,g:Synchromophyceae_XXX,s:Synchromophyceae_XXX_sp,AB749073.1.1664_U;tax,k:Eukaryota,OTU2973.p:Stramenopiles-Gyrista.g:Synchromophyceae_XXX
1858,OTU2976,405,1,405,1756,566,970,100,671,0,96.56,d:TSAR,p:Stramenopiles-Gyrista,c:Eustigmatophyceae,o:Eustigmatophyceae_X,f:Eustigmatophyceae_XX,g:Characiopsis,s:Characiopsis_minuta,MT373058.1.1756_U;tax,k:Eukaryota,OTU2976.p:Stramenopiles-Gyrista.g:Characiopsis
1859,OTU2977,406,1,406,1883,578,989,100,302,1.31e-80,80.383,d:Amoebozoa,p:Evosea-Evosea_X,c:Variosea,o:Fractovitellida,f:Schizoplasmodiidae,g:Ceratiomyxella,s:Ceratiomyxella_tahitiensis,FJ544419.1.1883_U;tax,k:Eukaryota,OTU2977.p:Evosea-Evosea_X.g:Ceratiomyxella
1860,OTU2978,445,201,445,1649,734,973,67,198,1.94e-49,81.781,d:TSAR,p:Stramenopiles-Gyrista,c:Mediophyceae,o:Eupodiscales,f:Odontellaceae,g:Odontella,s:Odontella_aurita,JX413551.1.1649_U;tax,k:Eukaryota,OTU2978.p:Stramenopiles-Gyrista.g:Odontella
1861,OTU2979,376,1,376,1631,467,847,100,455,8.76e-127,88.482,d:TSAR,p:Stramenopiles-Bigyra,c:Bicoecea,o:Pseudodendromonadales,f:Pseudodendromonadales_X,g:Pseudodendromonadales_XX,s:Pseudodendromonadales_XX_sp,AB749099.1.1631_U;tax,k:Eukaryota,OTU2979.p:Stramenopiles-Bigyra.g:Pseudodendromonadales_XX
1862,OTU2981,398,1,398,1723,545,942,100,675,0,97.236,d:TSAR,p:Alveolata-Dinoflagellata,c:Dinophyceae,o:Dinophyceae_X,f:Tovelliaceae,g:Tovellia,s:Tovellia_rubescens,MT831500.1.1723_U;tax,k:Eukaryota,OTU2981.p:Alveolata-Dinoflagellata.g:Tovellia
1863,OTU2984,416,1,416,1894,592,1007,100,475,7.49e-133,87.411,d:Amoebozoa,p:Tubulinea-Tubulinea_X,c:Elardia,o:Euamoebida,f:Hartmannellidae,g:Hartmannellidae_X,s:Hartmannellidae_X_sp,HQ687486.1.1894_U;tax,k:Eukaryota,OTU2984.p:Tubulinea-Tubulinea_X.g:Hartmannellidae_X
1864,OTU2985,417,1,417,1665,476,876,100,396,6.01e-109,84.561,d:TSAR,p:Stramenopiles-Gyrista,c:Chrysophyceae,o:Ochromonadales,f:Ochromonadales_X,g:Ochromonadales_XX,s:Ochromonadales_XX_sp,AB520723.1.1665_U;tax,k:Eukaryota,OTU2985.p:Stramenopiles-Gyrista.g:Ochromonadales_XX
1865,OTU2986,328,1,327,1070,499,825,99,599,3.3e-170,99.694,d:TSAR,p:Alveolata-Ciliophora,c:Litostomatea,o:Litostomatea_X,f:Litostomatea_XX,g:Litostomatea_XXX,s:Litostomatea_XXX_sp,LN870161.1.1070_U;tax,k:Eukaryota,OTU2986.p:Alveolata-Ciliophora.g:Litostomatea_XXX
1866,OTU2987,386,1,386,1824,608,988,100,592,6.58e-168,94.56,d:Amoebozoa,p:Tubulinea-Tubulinea_X,c:Elardia,o:Euamoebida,f:Nolandellidae,g:Nolandellidae_X,s:Nolandellidae_X_sp,EF023499.1.1824_U;tax,k:Eukaryota,OTU2987.p:Tubulinea-Tubulinea_X.g:Nolandellidae_X
1867,OTU2989,418,170,417,740,73,319,59,385,1.31e-105,94.758,d:TSAR,p:Stramenopiles-Bigyra,c:Sagenista,o:Labyrinthulomycetes,f:Amphifilaceae,g:Amphifilaceae_X,s:Amphifilaceae_X_sp,LN582061.1.740_U;tax,k:Eukaryota,OTU2989.p:Stramenopiles-Bigyra.g:Amphifilaceae_X
1868,OTU2992,434,308,434,1410,825,951,29,163,6.91e-39,89.764,d:Obazoa,p:Breviatea-Breviatea_X,c:Breviatea_XX,o:Breviatea_XXX,f:Subulatomonas-lineage,g:Subulatomonas-lineage_X,s:Subulatomonas-lineage_X_sp,EF100407.1.1410_U;tax,k:Eukaryota,OTU2992.p:Breviatea-Breviatea_X.g:Subulatomonas-lineage_X
1869,OTU2993,383,1,383,810,98,493,100,431,1.51e-119,86.935,d:TSAR,p:Alveolata-Perkinsea,c:Perkinsida,o:Perkinsida_X,f:Perkinsida_XX,g:Perkinsida_XXX,s:Perkinsida_XXX_sp,KP122521.1.810_U;tax,k:Eukaryota,OTU2993.p:Alveolata-Perkinsea.g:Perkinsida_XXX
1870,OTU2995,415,1,415,2888,1656,2064,100,390,2.78e-107,84.048,d:Amoebozoa,p:Tubulinea-Tubulinea_X,c:Elardia,o:Arcellinida,f:Phryganellina,g:Phryganella,s:Phryganella_paradoxa,MF497374.1.2888_U;tax,k:Eukaryota,OTU2995.p:Tubulinea-Tubulinea_X.g:Phryganella
1871,OTU2996,409,1,409,1827,596,1000,100,686,0,97.066,d:Amoebozoa,p:Tubulinea-Tubulinea_X,c:Echinamoebida,o:Echinamoebida_X,f:Echinamoebidae,g:Echinamoeba,s:Echinamoeba_exundans,AF293895.1.1827_U;tax,k:Eukaryota,OTU2996.p:Tubulinea-Tubulinea_X.g:Echinamoeba
1872,OTU2997,419,1,418,676,160,573,99,470,3.51e-131,87.204,d:TSAR,p:Stramenopiles-Bigyra,c:Sagenista,o:Labyrinthulomycetes,f:Amphifilaceae,g:Amphifilaceae_X,s:Amphifilaceae_X_sp,AB572139.1.676_U;tax,k:Eukaryota,OTU2997.p:Stramenopiles-Bigyra.g:Amphifilaceae_X
1873,OTU3001,410,1,410,1878,593,994,100,357,2.79e-97,83.014,d:Amoebozoa,p:Tubulinea-Tubulinea_X,c:Elardia,o:Euamoebida,f:Hartmannellidae,g:Copromyxa,s:Copromyxa_laresi,JQ271679.1.1878_U;tax,k:Eukaryota,OTU3001.p:Tubulinea-Tubulinea_X.g:Copromyxa
1874,OTU3007,324,1,323,1593,514,836,99,558,5.52e-158,97.84,d:TSAR,p:Alveolata-Ciliophora,c:Litostomatea,o:Haptoria_3,f:Haptoria_3_X,g:Fuscheria,s:Fuscheria_terricola,JQ723965.1.1593_U;tax,k:Eukaryota,OTU3007.p:Alveolata-Ciliophora.g:Fuscheria
1875,OTU3012,445,247,445,1891,823,1017,45,182,1.96e-44,83.663,d:Amoebozoa,p:Evosea-Evosea_X,c:Variosea,o:Variosea_X,f:Mb5C-lineage,g:Mb5C-lineage_X,s:Mb5C-lineage_X_sp,AB425950.1.1891_U;tax,k:Eukaryota,OTU3012.p:Evosea-Evosea_X.g:Mb5C-lineage_X
1876,OTU3013,406,1,406,1281,204,611,100,575,7e-163,92.195,d:TSAR,p:Rhizaria-Cercozoa,c:Filosa-Sarcomonadea,o:Glissomonadida,f:Glissomonadida_X,g:Glissomonadida_XX,s:Glissomonadida_XX_sp,JN635482.1.1281_U;tax,k:Eukaryota,OTU3013.p:Rhizaria-Cercozoa.g:Glissomonadida_XX
1877,OTU3014,396,1,396,1833,623,1020,100,601,1.12e-170,93.985,d:TSAR,p:Stramenopiles-Bigyra,c:Bicoecea,o:Bicoecales,f:Bicoecaceae,g:Bicoecaceae_X,s:Bicoecaceae_X_sp,EF023971.30.1863_U;tax,k:Eukaryota,OTU3014.p:Stramenopiles-Bigyra.g:Bicoecaceae_X
1878,OTU3015,422,183,422,1743,713,953,70,228,2.35e-58,84.016,d:TSAR,p:Telonemia-Telonemia_X,c:Telonemia_XX,o:Telonemia_XXX,f:Telonemia-Group-2,g:Telonemia-Group-2_X,s:Telonemia-Group-2_X_sp,EU371332.1.1743_U;tax,k:Eukaryota,OTU3015.p:Telonemia-Telonemia_X.g:Telonemia-Group-2_X
1879,OTU3016,385,1,385,994,457,841,100,706,0,99.74,d:TSAR,p:Stramenopiles-Stramenopiles_X,c:Stramenopiles_XX,o:Stramenopiles_XXX,f:Stramenopiles_XXXX,g:Stramenopiles_XXXXX,s:Stramenopiles_XXXXX_sp,JN825668.1.994_U;tax,k:Eukaryota,OTU3016.p:Stramenopiles-Stramenopiles_X.g:Stramenopiles_XXXXX
1880,OTU3019,444,165,444,1455,683,958,75,204,4.17e-51,80.351,d:Amoebozoa,p:Evosea-Evosea_X,c:Variosea,o:Flamellidae,f:Flamella-lineage,g:Flamella,s:Flamella_pleistocenica,KP219431.1.1455_U;tax,k:Eukaryota,OTU3019.p:Evosea-Evosea_X.g:Flamella
1881,OTU3020,399,1,399,1662,475,873,100,676,0,97.243,d:TSAR,p:Stramenopiles-Gyrista,c:Chrysophyceae,o:Ochromonadales,f:Ochromonadales_clade-XII,g:Ochromonadales_clade-XII_X,s:Ochromonadales_clade-XII_X_sp,AB749057.1.1662_U;tax,k:Eukaryota,OTU3020.p:Stramenopiles-Gyrista.g:Ochromonadales_clade-XII_X
1882,OTU3022,386,1,386,1666,508,893,100,658,0,97.409,d:TSAR,p:Alveolata-Ciliophora,c:Prostomatea,o:Prorodontida,f:Plagiocampidae,g:Plagiocampa,s:Plagiocampa_sp,KF541342.1.1666_U;tax,k:Eukaryota,OTU3022.p:Alveolata-Ciliophora.g:Plagiocampa
1883,OTU3023,409,1,409,1605,531,925,100,566,4.24e-160,92.214,d:Amoebozoa,p:Tubulinea-Tubulinea_X,c:Elardia,o:Euamoebida,f:Nolandellidae,g:Nolandellidae_X,s:Nolandellidae_X_sp,AF372795.1.1605_U;tax,k:Eukaryota,OTU3023.p:Tubulinea-Tubulinea_X.g:Nolandellidae_X
1884,OTU3024,400,1,400,1800,581,980,100,634,1.12e-180,95.25,d:Obazoa,p:Apusomonada-Apusomonada_X,c:Apusomonadidae,o:Apusomonadidae_Group-1,f:Apusomonadidae_Group-1_X,g:Amastigomonas,s:Amastigomonas_sp,EU542598.1.1800_U;tax,k:Eukaryota,OTU3024.p:Apusomonada-Apusomonada_X.g:Amastigomonas
1885,OTU3025,411,169,411,1713,687,929,59,267,4.84e-70,86.64,d:Obazoa,p:Breviatea-Breviatea_X,c:NAMAKO-1-lineage,o:NAMAKO-1-lineage_X,f:NAMAKO-1-lineage_XX,g:NAMAKO-1-lineage_XXX,s:NAMAKO-1-lineage_XXX_sp,AB505486.1.1713_U;tax,k:Eukaryota,OTU3025.p:Breviatea-Breviatea_X.g:NAMAKO-1-lineage_XXX
1886,OTU3027,410,1,410,1807,585,993,100,623,2.49e-177,94.161,d:TSAR,p:Rhizaria-Cercozoa,c:Filosa-Sarcomonadea,o:Cercomonadida,f:Cercomonadidae,g:Cercomonas,s:Cercomonas_sp,EF024014.1.1807_U;tax,k:Eukaryota,OTU3027.p:Rhizaria-Cercozoa.g:Cercomonas
1887,OTU3028,421,177,421,1878,749,994,71,337,3.74e-91,91.463,d:Amoebozoa,p:Tubulinea-Tubulinea_X,c:Elardia,o:Euamoebida,f:Hartmannellidae,g:Copromyxa,s:Copromyxa_laresi,JQ271679.1.1878_U;tax,k:Eukaryota,OTU3028.p:Tubulinea-Tubulinea_X.g:Copromyxa
1888,OTU3029,375,1,375,1753,572,948,100,534,1.09e-150,92.328,d:TSAR,p:Alveolata-Chrompodellids,c:Colpodellidea,o:Colpodellida,f:Colpodellaceae,g:Colpodella,s:Colpodella_sp,AJ697751.1.1753_U;tax,k:Eukaryota,OTU3029.p:Alveolata-Chrompodellids.g:Colpodella
1889,OTU3031,405,1,405,1720,534,933,100,161,2.32e-38,74.76,d:Obazoa,p:Breviatea-Breviatea_X,c:NAMAKO-1-lineage,o:NAMAKO-1-lineage_X,f:NAMAKO-1-lineage_XX,g:NAMAKO-1-lineage_XXX,s:NAMAKO-1-lineage_XXX_sp,AB252741.1.1720_U;tax,k:Eukaryota,OTU3031.p:Breviatea-Breviatea_X.g:NAMAKO-1-lineage_XXX
1890,OTU3032,393,210,393,1932,849,1030,95,250,4.65e-65,91.304,d:Amoebozoa,p:Evosea-Evosea_X,c:Variosea,o:Variosea_X,f:Ischnamoebidae,g:Ischnamoeba,s:Ischnamoeba_montana,KP864092.1.1932_U;tax,k:Eukaryota,OTU3032.p:Evosea-Evosea_X.g:Ischnamoeba
1891,OTU3033,398,1,59,1516,505,563,15,76.8,8.47e-13,89.831,d:Archaeplastida,p:Chlorophyta-Chlorophyta_X,c:Trebouxiophyceae,o:Chlorellales,f:Chlorellales_X,g:Makinoella,s:Makinoella_tosaensis,KY006566.1.1516_U;tax,k:Eukaryota,OTU3033.p:Chlorophyta-Chlorophyta_X.g:Makinoella
1892,OTU3034,324,1,323,1638,535,857,99,553,2.57e-156,97.523,d:TSAR,p:Alveolata-Ciliophora,c:Litostomatea,o:Haptoria_3,f:Haptoria_3_X,g:Haptoria_3_XX,s:Haptoria_3_XX_sp,JF263448.1.1638_U;tax,k:Eukaryota,OTU3034.p:Alveolata-Ciliophora.g:Haptoria_3_XX
1893,OTU3035,416,1,415,676,160,573,99,610,1.97e-173,93.317,d:TSAR,p:Stramenopiles-Bigyra,c:Sagenista,o:Labyrinthulomycetes,f:Amphifilaceae,g:Amphifilaceae_X,s:Amphifilaceae_X_sp,AB572139.1.676_U;tax,k:Eukaryota,OTU3035.p:Stramenopiles-Bigyra.g:Amphifilaceae_X
1894,OTU3037,412,1,412,1877,592,1000,100,436,3.5e-121,85.956,d:Amoebozoa,p:Evosea-Evosea_X,c:Variosea,o:Variosea_X,f:Variosea_XX,g:Variosea_XXX,s:Variosea_XXX_sp,EF024417.1.1877_U;tax,k:Eukaryota,OTU3037.p:Evosea-Evosea_X.g:Variosea_XXX
1895,OTU3039,413,169,413,1782,733,974,59,183,5.05e-45,80.723,d:TSAR,p:Stramenopiles-Gyrista,c:Gyrista_X,o:Gyrista_XX,f:MAST-2,g:MAST-2_X,s:MAST-2_X_sp,KJ758134.1.1782_U;tax,k:Eukaryota,OTU3039.p:Stramenopiles-Gyrista.g:MAST-2_X
1896,OTU3040,409,1,409,1591,432,840,100,701,0,97.555,d:TSAR,p:Stramenopiles-Gyrista,c:Peronosporomycetes,o:Peronosporomycetes_X,f:Peronosporomycetes_XX,g:Peronosporomycetes_XXX,s:Peronosporomycetes_XXX_sp,AY821976.1.1591_U;tax,k:Eukaryota,OTU3040.p:Stramenopiles-Gyrista.g:Peronosporomycetes_XXX
1897,OTU3042,425,167,425,1038,664,916,75,324,2.93e-87,89.575,d:Amoebozoa,p:Evosea-Evosea_X,c:Variosea,o:Variosea_X,f:Variosea_XX,g:Variosea_XXX,s:Variosea_XXX_sp,JN825689.1.1038_U;tax,k:Eukaryota,OTU3042.p:Evosea-Evosea_X.g:Variosea_XXX
1898,OTU3044,407,1,407,1213,417,823,100,664,0,96.078,d:TSAR,p:Rhizaria-Cercozoa,c:Filosa-Sarcomonadea,o:Glissomonadida,f:Sandonidae,g:Sandonidae_X,s:Sandonidae_X_sp,EU709196.18.1230_U;tax,k:Eukaryota,OTU3044.p:Rhizaria-Cercozoa.g:Sandonidae_X
1899,OTU3045,406,23,406,1098,46,429,95,460,2.04e-128,88.312,d:TSAR,p:Rhizaria-Cercozoa,c:Filosa-Granofilosea,o:Desmothoracida,f:Clathrulinidae,g:Clathrulinidae_X,s:Clathrulinidae_X_sp,FJ592487.1.1098_U;tax,k:Eukaryota,OTU3045.p:Rhizaria-Cercozoa.g:Clathrulinidae_X
1900,OTU3048,373,1,373,1806,582,954,100,496,5.12e-139,90.617,d:Amoebozoa,p:Tubulinea-Tubulinea_X,c:Elardia,o:Euamoebida,f:Hartmannellidae,g:Saccamoeba,s:Saccamoeba_sp,JQ271720.1.1806_U;tax,k:Eukaryota,OTU3048.p:Tubulinea-Tubulinea_X.g:Saccamoeba
1901,OTU3051,405,1,405,1186,563,967,100,510,2e-143,89.435,d:TSAR,p:Rhizaria-Cercozoa,c:Filosa-Sarcomonadea,o:Glissomonadida,f:Allapsidae,g:Allapsidae_X,s:Allapsidae_X_sp,KC306595.1.1186_U;tax,k:Eukaryota,OTU3051.p:Rhizaria-Cercozoa.g:Allapsidae_X
1902,OTU3054,417,1,417,1686,523,939,100,555,9.38e-157,90.692,d:TSAR,p:Stramenopiles-Bigyra,c:Sagenista,o:Labyrinthulomycetes,f:Amphifilaceae,g:Amphifilaceae_X,s:Amphifilaceae_X_sp,AB721069.1.1686_U;tax,k:Eukaryota,OTU3054.p:Stramenopiles-Bigyra.g:Amphifilaceae_X
1903,OTU3058,394,1,394,1632,516,911,100,281,1.65e-74,79.901,d:TSAR,p:Alveolata-Chrompodellids,c:Colpodellidea,o:Colpodellida,f:Colpodellida_CHR1,g:Colpodellida_CHR1_X,s:Colpodellida_CHR1_X_sp,AB771885.1.1632_U;tax,k:Eukaryota,OTU3058.p:Alveolata-Chrompodellids.g:Colpodellida_CHR1_X
1904,OTU3060,175,1,153,1575,508,660,87,228,8.91e-59,93.506,d:TSAR,p:Rhizaria-Cercozoa,c:Filosa-Thecofilosea,o:Cryomonadida,f:Rhogostoma-lineage,g:Rhogostoma-lineage_X,s:Rhogostoma-lineage_X_sp,HM628661.1.1575_U;tax,k:Eukaryota,OTU3060.p:Rhizaria-Cercozoa.g:Rhogostoma-lineage_X
1905,OTU3061,404,1,404,1724,536,942,100,438,9.53e-122,86.408,d:TSAR,p:Rhizaria-Cercozoa,c:Filosa-Granofilosea,o:Filosa-Granofilosea_X,f:Novel-Gran-234,g:Novel-Gran-234_X,s:Novel-Gran-234_X_sp,AB505499.1.1724_U;tax,k:Eukaryota,OTU3061.p:Rhizaria-Cercozoa.g:Novel-Gran-234_X
1906,OTU3063,405,166,405,1880,756,993,59,182,1.78e-44,80.738,d:Amoebozoa,p:Evosea-Evosea_X,c:Variosea,o:Fractovitellida,f:Soliformoviidae,g:Grellamoeba,s:Grellamoeba_robusta,GQ438742.1.1880_U;tax,k:Eukaryota,OTU3063.p:Evosea-Evosea_X.g:Grellamoeba
1907,OTU3064,391,1,391,2245,547,937,100,712,0,99.488,d:Archaeplastida,p:Chlorophyta-Chlorophyta_X,c:Pedinophyceae,o:Pedinomonadales,f:Pedinomonadaceae,g:Pedinomonas,s:Pedinomonas_minor,MW471015.1.2245_U;tax,k:Eukaryota,OTU3064.p:Chlorophyta-Chlorophyta_X.g:Pedinomonas
1908,OTU3068,414,1,414,1605,531,925,100,514,1.58e-144,89.88,d:Amoebozoa,p:Tubulinea-Tubulinea_X,c:Elardia,o:Euamoebida,f:Nolandellidae,g:Nolandellidae_X,s:Nolandellidae_X_sp,AF372795.1.1605_U;tax,k:Eukaryota,OTU3068.p:Tubulinea-Tubulinea_X.g:Nolandellidae_X
1909,OTU3069,417,1,417,1678,591,997,100,545,5.64e-154,90.692,d:Amoebozoa,p:Tubulinea-Tubulinea_X,c:Elardia,o:Leptomyxida,f:Rhizamoeba-saxonica-lineage,g:Rhizamoeba,s:Rhizamoeba_australiensis,KT945252.1.1678_U;tax,k:Eukaryota,OTU3069.p:Tubulinea-Tubulinea_X.g:Rhizamoeba
1910,OTU3070,409,1,409,1519,376,771,100,366,4.62e-100,83.535,d:Obazoa,p:Opisthokonta-Ichthyosporea,c:Ichthyophonida,o:Pseudoperkinsidae,f:Pseudoperkinsidae_X,g:Anurofeca,s:Anurofeca_sp,JN054668.1.1519_U;tax,k:Eukaryota,OTU3070.p:Opisthokonta-Ichthyosporea.g:Anurofeca
1911,OTU3073,409,1,409,1805,590,995,100,553,3.3e-156,91.198,d:TSAR,p:Rhizaria-Cercozoa,c:Filosa-Sarcomonadea,o:Cercomonadida,f:Paracercomonadidae,g:Paracercomonas,s:Paracercomonas_sp,EF024973.1.1805_U;tax,k:Eukaryota,OTU3073.p:Rhizaria-Cercozoa.g:Paracercomonas
1912,OTU3074,409,1,409,1860,570,980,100,481,1.58e-134,88.01,d:Amoebozoa,p:Evosea-Evosea_X,c:Variosea,o:Variosea_X,f:Variosea_XX,g:Variosea_XXX,s:Variosea_XXX_sp,AB695458.1.1860_U;tax,k:Eukaryota,OTU3074.p:Evosea-Evosea_X.g:Variosea_XXX
1913,OTU3076,390,1,390,1635,514,904,100,571,8.67e-162,93.147,d:TSAR,p:Alveolata-Ciliophora,c:Colpodea,o:Colpodea_X,f:Colpodida,g:Colpoda,s:Colpoda_sp,MT001196.1.1635_U;tax,k:Eukaryota,OTU3076.p:Alveolata-Ciliophora.g:Colpoda
1914,OTU3077,402,1,402,1728,554,949,100,250,4.77e-65,78.795,d:TSAR,p:Telonemia-Telonemia_X,c:Telonemia_XX,o:Telonemia_XXX,f:Telonemia-Group-1,g:Telonemia-Group-1_X,s:Telonemia-Group-1_X_sp,KC488612.1.1728_U;tax,k:Eukaryota,OTU3077.p:Telonemia-Telonemia_X.g:Telonemia-Group-1_X
1915,OTU3078,390,1,390,1632,512,901,100,660,0,97.187,d:TSAR,p:Alveolata-Ciliophora,c:Colpodea,o:Colpodea_X,f:Colpodida,g:Colpoda,s:Colpoda_sp,MT001200.1.1632_U;tax,k:Eukaryota,OTU3078.p:Alveolata-Ciliophora.g:Colpoda
1916,OTU3080,394,1,394,1714,538,929,100,538,8.89e-152,91.371,d:TSAR,p:Stramenopiles-Bigyra,c:Bicoecea,o:Borokales,f:Borokaceae,g:Borokaceae_X,s:Borokaceae_X_sp,FJ971856.1.1714_U;tax,k:Eukaryota,OTU3080.p:Stramenopiles-Bigyra.g:Borokaceae_X
1917,OTU3082,405,1,405,1878,572,975,100,281,1.7e-74,79.562,d:Amoebozoa,p:Evosea-Evosea_X,c:Variosea,o:Fractovitellida,f:Soliformoviidae,g:Soliformovum,s:Soliformovum_expulsum,FJ766479.1.1878_U;tax,k:Eukaryota,OTU3082.p:Evosea-Evosea_X.g:Soliformovum
1918,OTU3083,373,1,373,1729,541,910,100,381,1.49e-104,85.411,d:Amoebozoa,p:Tubulinea-Tubulinea_X,c:Elardia,o:Euamoebida,f:LOS7N/I-lineage,g:Ptolemeba,s:Ptolemeba_noxubium,KJ542109.1.1729_U;tax,k:Eukaryota,OTU3083.p:Tubulinea-Tubulinea_X.g:Ptolemeba
1919,OTU3084,391,1,391,1708,559,949,100,656,0,96.931,d:TSAR,p:Alveolata-Ciliophora,c:Colpodea,o:Colpodea_X,f:Colpodida,g:Colpoda,s:Colpoda_cucullus,EU039893.1.1708_U;tax,k:Eukaryota,OTU3084.p:Alveolata-Ciliophora.g:Colpoda
1920,OTU3085,409,1,409,1146,511,923,100,316,4.72e-85,81.043,d:TSAR,p:Rhizaria-Cercozoa,c:Filosa-Granofilosea,o:Filosa-Granofilosea_X,f:Novel-Gran-234,g:Novel-Gran-234_X,s:Novel-Gran-234_X_sp,EU567217.1.1146_U;tax,k:Eukaryota,OTU3085.p:Rhizaria-Cercozoa.g:Novel-Gran-234_X
1921,OTU3086,385,1,385,1774,577,961,100,573,2.38e-162,93.506,d:Obazoa,p:Breviatea-Breviatea_X,c:Breviatea_XX,o:Breviatea_XXX,f:Breviata-lineage,g:Breviata-lineage_X,s:Breviata-lineage_X_sp,AM114802.1.1774_U;tax,k:Eukaryota,OTU3086.p:Breviatea-Breviatea_X.g:Breviata-lineage_X
1922,OTU3087,400,1,400,2888,1656,2064,100,392,7.44e-108,84.466,d:Amoebozoa,p:Tubulinea-Tubulinea_X,c:Elardia,o:Arcellinida,f:Phryganellina,g:Phryganella,s:Phryganella_paradoxa,MF497374.1.2888_U;tax,k:Eukaryota,OTU3087.p:Tubulinea-Tubulinea_X.g:Phryganella
1923,OTU3089,404,2,404,1192,572,974,99,667,0,96.526,d:TSAR,p:Stramenopiles-Bigyra,c:Opalozoa,o:Opalozoa_X,f:MAST-12,g:MAST-12C,s:MAST-12C_sp,KC306524.1.1192_U;tax,k:Eukaryota,OTU3089.p:Stramenopiles-Bigyra.g:MAST-12C
1924,OTU3091,414,1,414,1883,578,989,100,713,0,97.831,d:Amoebozoa,p:Evosea-Evosea_X,c:Variosea,o:Fractovitellida,f:Schizoplasmodiidae,g:Ceratiomyxella,s:Ceratiomyxella_tahitiensis,FJ544419.1.1883_U;tax,k:Eukaryota,OTU3091.p:Evosea-Evosea_X.g:Ceratiomyxella
1925,OTU3092,387,1,387,1596,529,915,100,610,1.82e-173,95.116,d:Amoebozoa,p:Tubulinea-Tubulinea_X,c:Elardia,o:Euamoebida,f:Nolandellidae,g:Nolandellidae_X,s:Nolandellidae_X_sp,HM628631.1.1596_U;tax,k:Eukaryota,OTU3092.p:Tubulinea-Tubulinea_X.g:Nolandellidae_X
1926,OTU3095,407,1,407,1098,24,430,100,719,0,98.526,d:TSAR,p:Rhizaria-Cercozoa,c:Filosa-Sarcomonadea,o:Glissomonadida,f:Sandonidae,g:Sandonidae_X,s:Sandonidae_X_sp,FJ592326.1.1098_U;tax,k:Eukaryota,OTU3095.p:Rhizaria-Cercozoa.g:Sandonidae_X
1927,OTU3098,400,1,400,1388,202,601,100,706,0,98.5,d:TSAR,p:Stramenopiles-Gyrista,c:Chrysophyceae,o:Ochromonadales,f:Ochromonadales_clade-XII,g:Ochromonadales_clade-XII_X,s:Ochromonadales_clade-XII_X_sp,GU823483.1.1388_U;tax,k:Eukaryota,OTU3098.p:Stramenopiles-Gyrista.g:Ochromonadales_clade-XII_X
1928,OTU3099,425,1,425,570,108,507,100,124,3.19e-27,73.441,d:TSAR,p:Alveolata-Apicomplexa,c:Gregarinomorphea,o:Cryptogregarinorida,f:Cryptosporidiidae,g:Cryptosporidium3,s:Cryptosporidium3_sp,EU546850.1.570_U;tax,k:Eukaryota,OTU3099.p:Alveolata-Apicomplexa.g:Cryptosporidium3
1929,OTU3100,397,1,397,1751,569,964,100,616,4.02e-175,94.71,d:Obazoa,p:Opisthokonta-Pluriformea,c:Pluriformea_X,o:Pluriformea_XX,f:Pluriformea_XXX,g:Syssomonas,s:Syssomonas_multiformis,MF190551.1.1751_U;tax,k:Eukaryota,OTU3100.p:Opisthokonta-Pluriformea.g:Syssomonas
1930,OTU3101,405,169,405,1763,724,960,59,183,4.94e-45,80.753,d:Archaeplastida,p:Picozoa-Picozoa_X,c:Picozoa_XX,o:Picozoa_XXX,f:Picozoa_XXXX,g:Picozoa_XXXXX,s:Picozoa_XXXXX_sp,KF130040.1.1763_U;tax,k:Eukaryota,OTU3101.p:Picozoa-Picozoa_X.g:Picozoa_XXXXX
1931,OTU3102,318,217,318,1721,824,925,32,122,8.42e-27,88.235,d:TSAR,p:Stramenopiles-Gyrista,c:Chrysophyceae,o:Synurales,f:Synuraceae,g:Synura,s:Synura_leptorhabda,MN782175.1.1721_U;tax,k:Eukaryota,OTU3102.p:Stramenopiles-Gyrista.g:Synura
1932,OTU3103,411,1,411,1860,570,980,100,688,0,96.837,d:Amoebozoa,p:Evosea-Evosea_X,c:Variosea,o:Variosea_X,f:Variosea_XX,g:Variosea_XXX,s:Variosea_XXX_sp,AB695458.1.1860_U;tax,k:Eukaryota,OTU3103.p:Evosea-Evosea_X.g:Variosea_XXX
1933,OTU3105,242,1,242,1620,942,701,100,436,1.96e-121,99.174,d:TSAR,p:Rhizaria-Cercozoa,c:Filosa-Sarcomonadea,o:Cercomonadida,f:Cercomonadidae,g:Cercomonas,s:Cercomonas_sp,AB534514.1.1620_U;tax,k:Eukaryota,OTU3105.p:Rhizaria-Cercozoa.g:Cercomonas
1934,OTU3106,281,8,281,1808,693,995,98,350,3.1e-95,89.109,d:TSAR,p:Rhizaria-Cercozoa,c:Filosa-Thecofilosea,o:Cryomonadida,f:Rhogostoma-lineage,g:Rhogostoma-lineage_X,s:Rhogostoma-lineage_X_sp,EF023151.1.1808_U;tax,k:Eukaryota,OTU3106.p:Rhizaria-Cercozoa.g:Rhogostoma-lineage_X
1935,OTU3107,405,1,405,1813,585,991,100,584,1.16e-165,92.629,d:TSAR,p:Rhizaria-Cercozoa,c:Endomyxa,o:Vampyrellida,f:Leptophryidae,g:Vernalophrys,s:Vernalophrys_algivore,KY852454.1.1813_U;tax,k:Eukaryota,OTU3107.p:Rhizaria-Cercozoa.g:Vernalophrys
1936,OTU3109,406,163,406,1638,656,895,72,331,1.67e-89,91.393,d:Provora,p:Nibbleridia-Nibbleridia_X,c:Nibbleridea,o:Nibbleridida,f:Nibbleridae,g:Nibbleromonas,s:Nibbleromonas_arcticus,OP101999.1.1638_U;tax,k:Eukaryota,OTU3109.p:Nibbleridia-Nibbleridia_X.g:Nibbleromonas
1937,OTU3110,407,1,407,989,475,889,100,255,1.04e-66,78.333,d:Amoebozoa,p:Evosea-Evosea_X,c:Variosea,o:Variosea_X,f:Variosea_XX,g:Variosea_XXX,s:Variosea_XXX_sp,EU545726.1.989_U;tax,k:Eukaryota,OTU3110.p:Evosea-Evosea_X.g:Variosea_XXX
1938,OTU3114,408,1,408,1189,503,910,100,671,0,96.333,d:TSAR,p:Rhizaria-Cercozoa,c:Filosa-Sarcomonadea,o:Glissomonadida,f:Sandonidae,g:Neoheteromita,s:Neoheteromita_sp,EU709217.1.1190_U;tax,k:Eukaryota,OTU3114.p:Rhizaria-Cercozoa.g:Neoheteromita
1939,OTU3115,424,1,424,1961,599,1033,100,311,2.27e-83,80.227,d:Amoebozoa,p:Evosea-Evosea_X,c:Variosea,o:Flamellidae,f:WIM80-lineage,g:WIM80-lineage_X,s:WIM80-lineage_X_sp,AM114808.1.1961_U;tax,k:Eukaryota,OTU3115.p:Evosea-Evosea_X.g:WIM80-lineage_X
1940,OTU3117,410,1,410,1804,549,951,100,501,1.22e-140,89.157,d:Archaeplastida,p:Rhodophyta-Rhodophyta_X,c:Bangiophyceae,o:Cyanidiales,f:Cyanidiales_X,g:Cyanidiales_XX,s:Cyanidiales_XX_sp,AB695473.1.1804_U;tax,k:Eukaryota,OTU3117.p:Rhodophyta-Rhodophyta_X.g:Cyanidiales_XX
1941,OTU3119,369,1,54,952,396,449,15,100,4.63e-20,100,d:Obazoa,p:Opisthokonta-Choanoflagellata,c:Choanoflagellatea,o:Choanoflagellatea_X,f:Choanoflagellatea_XX,g:Choanoflagellatea_XXX,s:Choanoflagellatea_XXX_sp,JN825690.1.952_U;tax,k:Eukaryota,OTU3119.p:Opisthokonta-Choanoflagellata.g:Choanoflagellatea_XXX
1942,OTU3123,397,1,397,1783,579,982,100,545,5.35e-154,91.422,d:TSAR,p:Rhizaria-Cercozoa,c:Filosa-Sarcomonadea,o:Cercomonadida,f:Paracercomonadidae,g:Paracercomonas,s:Paracercomonas_sp,DQ243992.1.1783_U;tax,k:Eukaryota,OTU3123.p:Rhizaria-Cercozoa.g:Paracercomonas
1943,OTU3126,424,1,424,989,475,889,100,270,3.86e-71,78.984,d:Amoebozoa,p:Evosea-Evosea_X,c:Variosea,o:Variosea_X,f:Variosea_XX,g:Variosea_XXX,s:Variosea_XXX_sp,EU545726.1.989_U;tax,k:Eukaryota,OTU3126.p:Evosea-Evosea_X.g:Variosea_XXX
1944,OTU3136,416,1,416,1265,565,973,100,346,6.13e-94,82.227,d:TSAR,p:Rhizaria-Cercozoa,c:Filosa-Imbricatea,o:Filosa-Imbricatea_X,f:Novel-clade-3,g:Novel-clade-3_X,s:Novel-clade-3_X_sp,AY620333.1.1265_U;tax,k:Eukaryota,OTU3136.p:Rhizaria-Cercozoa.g:Novel-clade-3_X
1945,OTU3142,431,190,431,1755,723,963,69,329,6.39e-89,91.358,d:TSAR,p:Stramenopiles-Gyrista,c:Mediophyceae,o:Hemiaulales,f:Hemiaulaceae,g:Hemiaulus,s:Hemiaulus_sinensis,MW750340.1.1755_U;tax,k:Eukaryota,OTU3142.p:Stramenopiles-Gyrista.g:Hemiaulus
1946,OTU3143,405,1,405,1763,563,966,100,497,1.55e-139,88.916,d:TSAR,p:Rhizaria-Cercozoa,c:Endomyxa,o:Vampyrellida,f:Sey055-lineage,g:Sey055-lineage_X,s:Sey055-lineage_X_sp,AB695521.1.1763_U;tax,k:Eukaryota,OTU3143.p:Rhizaria-Cercozoa.g:Sey055-lineage_X
1947,OTU3144,400,163,400,1839,771,1009,60,279,6.05e-74,87.967,d:Obazoa,p:Opisthokonta-Opisthokonta_X,c:Opisthokonta_XX,o:Opisthokonta_XXX,f:Opisthokonta_XXXX,g:Opisthokonta_XXXXX,s:Opisthokonta_XXXXX_sp,GU290074.1.1839_U;tax,k:Eukaryota,OTU3144.p:Opisthokonta-Opisthokonta_X.g:Opisthokonta_XXXXX
1948,OTU3146,395,1,395,1743,562,956,100,719,0,99.494,d:Archaeplastida,p:Chlorophyta-Chlorophyta_X,c:Chlorophyceae,o:Chlamydomonadales,f:Chlamydomonadales_X,g:Chloromonas,s:Chloromonas_oogama,LC086341.1.1743_U;tax,k:Eukaryota,OTU3146.p:Chlorophyta-Chlorophyta_X.g:Chloromonas
1949,OTU3147,392,148,392,1849,775,1020,78,193,7.93e-48,81.124,d:Amoebozoa,p:Tubulinea-Tubulinea_X,c:Echinamoebida,o:Echinamoebida_X,f:Echinamoebidae,g:Echinamoeba,s:Echinamoeba_thermarum,AJ489267.1.1849_U;tax,k:Eukaryota,OTU3147.p:Tubulinea-Tubulinea_X.g:Echinamoeba
1950,OTU3149,440,143,440,1034,582,879,93,501,1.31e-140,96.98,d:Obazoa,p:Opisthokonta-Choanoflagellata,c:Choanoflagellatea,o:Craspedida,f:Salpingoecidae_Group_C3,g:Salpingoecidae_Group_C3_X,s:Salpingoecidae_Group_C3_X_sp,JN825691.1.1034_U;tax,k:Eukaryota,OTU3149.p:Opisthokonta-Choanoflagellata.g:Salpingoecidae_Group_C3_X
1951,OTU3150,402,1,402,1667,531,920,100,399,4.47e-110,85.185,d:TSAR,p:Stramenopiles-Bigyra,c:Sagenista,o:Labyrinthulomycetes,f:Thraustochytriaceae,g:Thraustochytriaceae_HK10,s:Thraustochytriaceae_HK10_sp,AB973561.1.1667_U;tax,k:Eukaryota,OTU3150.p:Stramenopiles-Bigyra.g:Thraustochytriaceae_HK10
1952,OTU3151,394,1,394,1739,540,933,100,662,0,96.954,d:TSAR,p:Alveolata-Ciliophora,c:Spirotrichea,o:Hypotrichia,f:Hypotrichia_X,g:Hypotrichia_XX,s:Hypotrichia_XX_sp,HQ219335.1.1739_U;tax,k:Eukaryota,OTU3151.p:Alveolata-Ciliophora.g:Hypotrichia_XX
1953,OTU3152,408,1,408,1271,570,979,100,689,0,97.073,d:TSAR,p:Rhizaria-Cercozoa,c:Filosa-Granofilosea,o:Filosa-Granofilosea_X,f:Novel-Gran-6,g:Novel-Gran-6_X,s:Novel-Gran-6_X_sp,AY620300.1.1271_U;tax,k:Eukaryota,OTU3152.p:Rhizaria-Cercozoa.g:Novel-Gran-6_X
1954,OTU3153,396,1,396,1750,589,983,100,719,0,99.495,d:Obazoa,p:Opisthokonta-Choanoflagellata,c:Choanoflagellatea,o:Choanoflagellatea_X,f:Choanoflagellatea_XX,g:Salpingoeca,s:Salpingoeca_punica,KT757460.1.1750_U;tax,k:Eukaryota,OTU3153.p:Opisthokonta-Choanoflagellata.g:Salpingoeca
1955,OTU3154,400,1,400,1800,581,980,100,706,0,98.5,d:Obazoa,p:Apusomonada-Apusomonada_X,c:Apusomonadidae,o:Apusomonadidae_Group-1,f:Apusomonadidae_Group-1_X,g:Amastigomonas,s:Amastigomonas_sp,EU542598.1.1800_U;tax,k:Eukaryota,OTU3154.p:Apusomonada-Apusomonada_X.g:Amastigomonas
1956,OTU3156,427,1,427,1438,155,567,100,350,4.86e-95,82.135,d:Amoebozoa,p:Tubulinea-Tubulinea_X,c:Elardia,o:Euamoebida,f:Hartmannellidae,g:Copromyxa,s:Copromyxa_microcystidis,KP719188.1.1438_U;tax,k:Eukaryota,OTU3156.p:Tubulinea-Tubulinea_X.g:Copromyxa
1957,OTU3157,400,1,400,1755,556,953,100,460,2.01e-128,87.654,d:TSAR,p:Alveolata-Dinoflagellata,c:Dinophyceae,o:Dinophyceae_X,f:Dinophyceae_XX,g:Dinophyceae_XXX,s:Dinophyceae_XXX_sp,AB695539.1.1755_U;tax,k:Eukaryota,OTU3157.p:Alveolata-Dinoflagellata.g:Dinophyceae_XXX
1958,OTU3158,395,19,63,2133,614,657,11,65.8,1.82e-09,93.333,d:TSAR,p:Alveolata-Apicomplexa,c:Coccidiomorphea,o:Haemosporida,f:Plasmodiidae,g:Hepatocystis,s:Hepatocystis_sp,EU400394.1.2133_U;tax,k:Eukaryota,OTU3158.p:Alveolata-Apicomplexa.g:Hepatocystis
1959,OTU3159,432,1,432,1169,489,910,100,385,1.35e-105,83.632,d:Amoebozoa,p:Discosea-Discosea_X,c:Flabellinia,o:Dermamoebida,f:Dermamoebidae,g:Dermamoebidae_X,s:Dermamoebidae_X_sp,AY835690.1.1169_U;tax,k:Eukaryota,OTU3159.p:Discosea-Discosea_X.g:Dermamoebidae_X
1960,OTU3162,401,1,401,1791,589,993,100,457,2.61e-127,87.286,d:TSAR,p:Rhizaria-Cercozoa,c:Endomyxa,o:Vampyrellida,f:Thalassomyxa-lineage,g:Thalassomyxa-lineage_X,s:Thalassomyxa-lineage_X_sp,EU910603.1.1791_U;tax,k:Eukaryota,OTU3162.p:Rhizaria-Cercozoa.g:Thalassomyxa-lineage_X
1961,OTU3163,395,1,395,1663,528,922,100,603,3.12e-171,94.177,d:TSAR,p:Stramenopiles-Bigyra,c:Bicoecea,o:Pseudodendromonadales,f:Pseudodendromonadales_X,g:Pseudodendromonadales_XX,s:Pseudodendromonadales_XX_sp,AB721078.1.1663_U;tax,k:Eukaryota,OTU3163.p:Stramenopiles-Bigyra.g:Pseudodendromonadales_XX
1962,OTU3166,387,1,387,683,267,653,100,588,8.54e-167,94.087,d:TSAR,p:Alveolata-Ciliophora,c:Plagiopylea,o:PLAGI1,f:PLAGI1_X,g:PLAGI1_XX,s:PLAGI1_XX_sp,JX268821.1.683_U;tax,k:Eukaryota,OTU3166.p:Alveolata-Ciliophora.g:PLAGI1_XX
1963,OTU3167,389,1,389,1745,553,939,100,512,5.31e-144,90.561,d:TSAR,p:Alveolata-Ciliophora,c:Oligohymenophorea,o:Oligohymenophorea_X,f:Oligohymenophorea_XX,g:Paratetrahymena,s:Paratetrahymena_wassi,JX310019.1.1745_U;tax,k:Eukaryota,OTU3167.p:Alveolata-Ciliophora.g:Paratetrahymena
1964,OTU3168,405,1,405,1392,180,584,100,715,0,98.519,d:Amoebozoa,p:Tubulinea-Tubulinea_X,c:Elardia,o:Arcellinida,f:Sphaerothecina,g:Arcella,s:Arcella_hemisphaerica,EU273445.1.1392_U;tax,k:Eukaryota,OTU3168.p:Tubulinea-Tubulinea_X.g:Arcella
1965,OTU3169,402,1,402,1605,531,925,100,436,3.41e-121,86.829,d:Amoebozoa,p:Tubulinea-Tubulinea_X,c:Elardia,o:Euamoebida,f:Nolandellidae,g:Nolandellidae_X,s:Nolandellidae_X_sp,AF372795.1.1605_U;tax,k:Eukaryota,OTU3169.p:Tubulinea-Tubulinea_X.g:Nolandellidae_X
1966,OTU3170,411,1,411,1813,587,991,100,616,4.18e-175,93.932,d:TSAR,p:Rhizaria-Cercozoa,c:Filosa-Sarcomonadea,o:Cercomonadida,f:Cercomonadidae,g:Neocercomonas,s:Neocercomonas_sp,MG775595.1.1813_U;tax,k:Eukaryota,OTU3170.p:Rhizaria-Cercozoa.g:Neocercomonas
1967,OTU3171,348,1,193,1846,572,763,55,145,1.98e-33,80.808,d:Amoebozoa,p:Evosea-Evosea_X,c:Variosea,o:Variosea_X,f:Filamoebidae,g:Filamoeba,s:Filamoeba_nolandi,AF293896.1.1846_U;tax,k:Eukaryota,OTU3171.p:Evosea-Evosea_X.g:Filamoeba
1968,OTU3172,401,1,401,1700,497,897,100,702,0,98.254,d:TSAR,p:Stramenopiles-Gyrista,c:Chrysophyceae,o:Ochromonadales,f:Ochromonadaceae,g:Spumella,s:Spumella_sp,AY651081.1.1700_U;tax,k:Eukaryota,OTU3172.p:Stramenopiles-Gyrista.g:Spumella
1969,OTU3173,405,1,405,1605,451,855,100,737,0,99.506,d:TSAR,p:Stramenopiles-Gyrista,c:Peronosporomycetes,o:Peronosporomycetes_X,f:Saprolegniales,g:Achlya,s:Achlya_debaryana,KP098371.1.1605_U;tax,k:Eukaryota,OTU3173.p:Stramenopiles-Gyrista.g:Achlya
1970,OTU3174,405,1,405,1850,548,961,100,523,2.56e-147,89.855,d:Archaeplastida,p:Rhodophyta-Rhodophyta_X,c:Rhodophyta_XX,o:Rhodophyta_XXX,f:Rhodophyta_XXXX,g:Rhodophyta_XXXXX,s:Rhodophyta_XXXXX_sp,AB695474.1.1850_U;tax,k:Eukaryota,OTU3174.p:Rhodophyta-Rhodophyta_X.g:Rhodophyta_XXXXX
1971,OTU3175,414,1,414,989,475,889,100,505,9.5e-142,88.783,d:Amoebozoa,p:Evosea-Evosea_X,c:Variosea,o:Variosea_X,f:Variosea_XX,g:Variosea_XXX,s:Variosea_XXX_sp,EU545726.1.989_U;tax,k:Eukaryota,OTU3175.p:Evosea-Evosea_X.g:Variosea_XXX
1972,OTU3176,407,163,407,1158,755,997,60,174,2.99e-42,80.08,d:TSAR,p:Rhizaria-Cercozoa,c:Filosa-Granofilosea,o:Massiterida,f:Massiteriidae,g:Massisteria,s:Massisteria_sp,FN598455.1.1158_U;tax,k:Eukaryota,OTU3176.p:Rhizaria-Cercozoa.g:Massisteria
1973,OTU3182,386,1,386,1068,24,409,100,680,0,98.446,d:TSAR,p:Alveolata-Ciliophora,c:CONThreeP,o:CONThreeP_X,f:CONThreeP_XX,g:CONThreeP_XXX,s:CONThreeP_XXX_sp,FJ592251.1.1068_U;tax,k:Eukaryota,OTU3182.p:Alveolata-Ciliophora.g:CONThreeP_XXX
1974,OTU3183,387,1,387,1610,479,864,100,580,1.43e-164,93.798,d:TSAR,p:Alveolata-Ciliophora,c:Colpodea,o:Colpodea_X,f:Cyrtolophosidida,g:Apocyrtolophosis,s:Apocyrtolophosis_minor,KJ873044.1.1610_U;tax,k:Eukaryota,OTU3183.p:Alveolata-Ciliophora.g:Apocyrtolophosis
1975,OTU3189,391,1,391,1762,572,961,100,505,8.94e-142,90.026,d:TSAR,p:Alveolata-Apicomplexa,c:Gregarinomorphea,o:Neogregarinorida,f:Actinocephalidae,g:Monocystis,s:Monocystis_sp,EF024130.1.1762_U;tax,k:Eukaryota,OTU3189.p:Alveolata-Apicomplexa.g:Monocystis
1976,OTU3190,390,1,390,1762,572,961,100,660,0,97.179,d:TSAR,p:Alveolata-Apicomplexa,c:Gregarinomorphea,o:Neogregarinorida,f:Actinocephalidae,g:Monocystis,s:Monocystis_sp,EF024130.1.1762_U;tax,k:Eukaryota,OTU3190.p:Alveolata-Apicomplexa.g:Monocystis
1977,OTU3191,407,1,407,859,6,412,100,658,0,95.833,d:TSAR,p:Rhizaria-Cercozoa,c:Filosa-Sarcomonadea,o:Glissomonadida,f:Sandonidae,g:Sandonidae_X,s:Sandonidae_X_sp,JN207872.1.859_U;tax,k:Eukaryota,OTU3191.p:Rhizaria-Cercozoa.g:Sandonidae_X
1978,OTU3194,387,1,387,1619,467,853,100,593,1.83e-168,94.315,d:TSAR,p:Alveolata-Ciliophora,c:Heterotrichea,o:Heterotrichea_X,f:Blepharismidae,g:Blepharisma,s:Blepharisma_penardi,KR815913.1.1619_U;tax,k:Eukaryota,OTU3194.p:Alveolata-Ciliophora.g:Blepharisma
1979,OTU3195,381,1,381,1786,561,935,100,206,9.88e-52,77.003,d:Amoebozoa,p:Evosea-Evosea_X,c:Variosea,o:Cavosteliida,f:Cavosteliida_X,g:Schizoplasmodiopsis,s:Schizoplasmodiopsis_pseudoendospora,FJ766475.1.1786_U;tax,k:Eukaryota,OTU3195.p:Evosea-Evosea_X.g:Schizoplasmodiopsis
1980,OTU3198,368,1,368,2226,1038,1407,100,366,4.12e-100,84.84,d:Amoebozoa,p:Tubulinea-Tubulinea_X,c:Elardia,o:Euamoebida,f:LOS7N/I-lineage,g:Ptolemeba,s:Ptolemeba_noxubium,KJ542110.1.2226_U;tax,k:Eukaryota,OTU3198.p:Tubulinea-Tubulinea_X.g:Ptolemeba
1981,OTU3215,398,1,397,975,25,421,99,628,5.18e-179,95.214,d:Excavata,p:Metamonada-Fornicata,c:Carpediemonadea,o:Carpediemonadida,f:Carpediemonadidae,g:Carpediemonadidae_X,s:Carpediemonadidae_X_sp,HF568853.1.975_U;tax,k:Eukaryota,OTU3215.p:Metamonada-Fornicata.g:Carpediemonadidae_X
1982,OTU3216,407,1,407,1801,576,981,100,540,2.56e-152,90.732,d:TSAR,p:Rhizaria-Cercozoa,c:Endomyxa,o:Vampyrellida,f:Thalassomyxa-lineage,g:Thalassomyxa,s:Thalassomyxa_sp,KC779515.1.1801_U;tax,k:Eukaryota,OTU3216.p:Rhizaria-Cercozoa.g:Thalassomyxa
1983,OTU3218,431,169,431,2100,875,1134,61,228,2.4e-58,82.772,d:Amoebozoa,p:Discosea-Discosea_X,c:Flabellinia,o:Dactylopodida,f:Paramoebidae,g:Paramoeba,s:Paramoeba_atlantica,JN202436.1.2100_U;tax,k:Eukaryota,OTU3218.p:Discosea-Discosea_X.g:Paramoeba
1984,OTU3219,409,171,409,1798,728,964,71,196,6.41e-49,81.967,d:Archaeplastida,p:Rhodophyta-Rhodophyta_X,c:Florideophyceae,o:Gracilariales,f:Gracilariales_X,g:Gracilariopsis,s:Gracilariopsis_mclachlanii,EU158090.1.1798_U;tax,k:Eukaryota,OTU3219.p:Rhodophyta-Rhodophyta_X.g:Gracilariopsis
1985,OTU3220,414,1,414,1927,636,1052,100,340,2.84e-92,81.967,d:Amoebozoa,p:Tubulinea-Tubulinea_X,c:Elardia,o:Euamoebida,f:LOS7N/I-lineage,g:Ptolemeba,s:Ptolemeba_bulliensis,KJ542108.1.1927_U;tax,k:Eukaryota,OTU3220.p:Tubulinea-Tubulinea_X.g:Ptolemeba
1986,OTU3221,414,1,414,1877,592,1000,100,411,2.13e-113,84.856,d:Amoebozoa,p:Evosea-Evosea_X,c:Variosea,o:Variosea_X,f:Variosea_XX,g:Variosea_XXX,s:Variosea_XXX_sp,EF024417.1.1877_U;tax,k:Eukaryota,OTU3221.p:Evosea-Evosea_X.g:Variosea_XXX
1987,OTU3222,396,1,396,1689,534,929,100,660,0,96.717,d:Archaeplastida,p:Chlorophyta-Chlorophyta_X,c:Chlorophyceae,o:Chlamydomonadales,f:Chlamydomonadales_X,g:Characiosiphon,s:Characiosiphon_rivularis,AF395437.1.1689_U;tax,k:Eukaryota,OTU3222.p:Chlorophyta-Chlorophyta_X.g:Characiosiphon
1988,OTU3225,391,1,391,1689,543,933,100,584,1.12e-165,93.671,d:TSAR,p:Alveolata-Ciliophora,c:Colpodea,o:Colpodea_X,f:Colpodida,g:Exocolpoda,s:Exocolpoda_augustini,KJ607919.1.1689_U;tax,k:Eukaryota,OTU3225.p:Alveolata-Ciliophora.g:Exocolpoda
1989,OTU3226,387,1,387,1068,24,409,100,542,6.74e-153,92.01,d:TSAR,p:Alveolata-Ciliophora,c:Colpodea,o:Colpodea_X,f:Cyrtolophosidida,g:Cyrtolophosidida_X,s:Cyrtolophosidida_X_sp,FJ592470.1.1068_U;tax,k:Eukaryota,OTU3226.p:Alveolata-Ciliophora.g:Cyrtolophosidida_X
1990,OTU3227,423,1,423,1584,560,964,100,577,2.03e-163,91.962,d:Haptista,p:Centroplasthelida-Centroplasthelida_X,c:Centroplasthelida_XX,o:Centroplasthelida_XXX,f:Centroplasthelida_XXXX,g:Centroplasthelida_XXXXX,s:Centroplasthelida_XXXXX_sp,AY749537.1.1584_U;tax,k:Eukaryota,OTU3227.p:Centroplasthelida-Centroplasthelida_X.g:Centroplasthelida_XXXXX
1991,OTU3228,407,1,407,1111,483,889,100,636,0,94.866,d:TSAR,p:Rhizaria-Cercozoa,c:Novel-clade-10-12,o:Tremulida,f:Tremulidae,g:Tremula,s:Tremula_longifila,EU567287.1.1111_U;tax,k:Eukaryota,OTU3228.p:Rhizaria-Cercozoa.g:Tremula
1992,OTU3229,407,1,407,1285,204,616,100,370,3.55e-101,83.173,d:TSAR,p:Rhizaria-Cercozoa,c:Endomyxa,o:Vampyrellida,f:Penardia-lineage,g:Penardia-lineage_X,s:Penardia-lineage_X_sp,AF372743.1.1285_U;tax,k:Eukaryota,OTU3229.p:Rhizaria-Cercozoa.g:Penardia-lineage_X
1993,OTU3230,407,1,407,1116,487,893,100,575,7.01e-163,92.157,d:TSAR,p:Rhizaria-Cercozoa,c:Novel-clade-10-12,o:Novel-clade-12,f:NC12B-lineage,g:NC12B-lineage_X,s:NC12B-lineage_X_sp,EU567290.1.1116_U;tax,k:Eukaryota,OTU3230.p:Rhizaria-Cercozoa.g:NC12B-lineage_X
1994,OTU3232,407,1,407,1817,560,966,100,448,1.6e-124,86.553,d:Amoebozoa,p:Evosea-Evosea_X,c:Variosea,o:Fractovitellida,f:Acramoebidae,g:Acramoebidae_X,s:Acramoebidae_X_sp,AB695507.1.1817_U;tax,k:Eukaryota,OTU3232.p:Evosea-Evosea_X.g:Acramoebidae_X
1995,OTU3233,402,1,402,1794,578,976,100,246,6.16e-64,78.345,d:Haptista,p:Haptophyta-Haptophyta_X,c:Prymnesiophyceae,o:Prymnesiophyceae_X,f:Braarudosphaeraceae,g:Braarudosphaeraceae_X,s:Braarudosphaeraceae_X_sp,KJ763100.1.1794_U;tax,k:Eukaryota,OTU3233.p:Haptophyta-Haptophyta_X.g:Braarudosphaeraceae_X
1996,OTU3235,434,189,434,860,119,362,57,220,4.04e-56,83.065,d:TSAR,p:Stramenopiles-Bigyra,c:Sagenista,o:Sagenista_X,f:MAST-7,g:MAST-7B,s:MAST-7B_sp,JN693031.1.860_U;tax,k:Eukaryota,OTU3235.p:Stramenopiles-Bigyra.g:MAST-7B
1997,OTU3236,450,367,450,1715,840,923,19,73.1,1.24e-11,82.353,d:TSAR,p:Stramenopiles-Gyrista,c:Mediophyceae,o:Chaetocerotales,f:Chaetocerotaceae,g:Bacteriastrum,s:Bacteriastrum_hyalinum,MG972205.1.1715_U;tax,k:Eukaryota,OTU3236.p:Stramenopiles-Gyrista.g:Bacteriastrum
1998,OTU3237,395,24,56,1868,700,733,8,56.5,1.09e-06,97.059,d:Excavata,p:Metamonada-Metamonada_X,c:Metamonada_XX,o:Metamonada_XXX,f:Anaeramoebidae,g:Anaeramoeba,s:Anaeramoeba_parva,KP676331.1.1868_U;tax,k:Eukaryota,OTU3237.p:Metamonada-Metamonada_X.g:Anaeramoeba
1999,OTU3238,407,1,407,2130,531,927,100,261,2.23e-68,78.986,d:Eukaryota_X,p:Ancyromonadida-Ancyromonadida_X,c:Ancyromonadida_XX,o:Ancyromonadida_XXX,f:Ancyromonadida_Group-1,g:Ancyromonadida_Group-1_X,s:Fabomonas_tropica,MT355148.1.2130_U;tax,k:Eukaryota,OTU3238.p:Ancyromonadida-Ancyromonadida_X.g:Ancyromonadida_Group-1_X
2000,OTU3240,407,1,407,1064,527,933,100,678,0,96.569,d:TSAR,p:Rhizaria-Cercozoa,c:Filosa-Imbricatea,o:Euglyphida,f:Euglyphida_X,g:Euglyphida_XX,s:Euglyphida_XX_sp,KF219445.1.1064_U;tax,k:Eukaryota,OTU3240.p:Rhizaria-Cercozoa.g:Euglyphida_XX
2001,OTU3241,414,1,414,1804,593,1004,100,664,0,95.663,d:TSAR,p:Rhizaria-Cercozoa,c:Filosa-Sarcomonadea,o:Glissomonadida,f:Allapsidae,g:Allantion,s:Allantion_sp,AAYJ01000086.1.1804_U;tax,k:Eukaryota,OTU3241.p:Rhizaria-Cercozoa.g:Allantion
2002,OTU3242,379,1,379,1611,455,832,100,665,0,98.417,d:TSAR,p:Alveolata-Ciliophora,c:Armophorea,o:Armophorea_X,f:Armophorea_XX,g:Metopus_2,s:Metopus_hasei,KY432958.1.1611_U;tax,k:Eukaryota,OTU3242.p:Alveolata-Ciliophora.g:Metopus_2
2003,OTU3243,396,1,396,1782,569,964,100,699,0,98.485,d:TSAR,p:Stramenopiles-Gyrista,c:Bacillariophyceae,o:Naviculales,f:Stauroneidaceae,g:Fistulifera,s:Fistulifera_saprophila,MT397409.1.1782_U;tax,k:Eukaryota,OTU3243.p:Stramenopiles-Gyrista.g:Fistulifera
2004,OTU3244,436,192,436,2034,853,1097,69,265,1.85e-69,86.235,d:Amoebozoa,p:Discosea-Discosea_X,c:Centramoebia,o:Pellitida,f:Endostelium-lineage,g:Endostelium,s:Endostelium_crystalliferum,KF705034.1.2034_U;tax,k:Eukaryota,OTU3244.p:Discosea-Discosea_X.g:Endostelium
2005,OTU3245,420,292,420,2147,712,840,31,139,1.13e-31,86.047,d:Archaeplastida,p:Chlorophyta-Chlorophyta_X,c:Chlorophyceae,o:Chlamydomonadales,f:Chlamydomonadales_X,g:Golenkinia,s:Golenkinia_sp,JQ315784.1.2147_U;tax,k:Eukaryota,OTU3245.p:Chlorophyta-Chlorophyta_X.g:Golenkinia
2006,OTU3246,397,1,397,1833,623,1020,100,595,5.24e-169,93.75,d:TSAR,p:Stramenopiles-Bigyra,c:Bicoecea,o:Bicoecales,f:Bicoecaceae,g:Bicoecaceae_X,s:Bicoecaceae_X_sp,EF023971.30.1863_U;tax,k:Eukaryota,OTU3246.p:Stramenopiles-Bigyra.g:Bicoecaceae_X
2007,OTU3247,388,1,388,1068,24,409,100,555,8.68e-157,92.526,d:Archaeplastida,p:Chlorophyta-Chlorophyta_X,c:Chlorophyta_XX,o:Chlorophyta_XXX,f:Chlorophyta_XXXX,g:Chlorophyta_XXXXX,s:Chlorophyta_XXXXX_sp,FJ592368.1.1068_U;tax,k:Eukaryota,OTU3247.p:Chlorophyta-Chlorophyta_X.g:Chlorophyta_XXXXX
2008,OTU3248,435,1,435,1815,577,1011,100,732,0,97.011,d:TSAR,p:Rhizaria-Cercozoa,c:Endomyxa,o:Filoretidae,f:Filoretidae_X,g:Filoreta,s:Filoreta_tenera,EF514503.1.2617_R;tax,k:Eukaryota,OTU3248.p:Rhizaria-Cercozoa.g:Filoreta
2009,OTU3249,396,1,396,3759,1358,1753,100,726,0,99.747,d:Archaeplastida,p:Chlorophyta-Chlorophyta_X,c:Chlorophyceae,o:Sphaeropleales,f:Sphaeropleales_X,g:Hariotina,s:Hariotina_polychorda,MK408678.1.3759_U;tax,k:Eukaryota,OTU3249.p:Chlorophyta-Chlorophyta_X.g:Hariotina
2010,OTU3250,398,1,398,1825,582,977,100,390,2.66e-107,84.691,d:TSAR,p:Alveolata-Colponemidia,c:Colponemidia_X,o:Colponemida,f:Colponemidae,g:Colponema,s:Colponema_sp,KF651080.1.1825_U;tax,k:Eukaryota,OTU3250.p:Alveolata-Colponemidia.g:Colponema
2011,OTU3251,376,140,376,2226,1171,1407,63,311,2.01e-83,90.295,d:Amoebozoa,p:Tubulinea-Tubulinea_X,c:Elardia,o:Euamoebida,f:LOS7N/I-lineage,g:Ptolemeba,s:Ptolemeba_noxubium,KJ542110.1.2226_U;tax,k:Eukaryota,OTU3251.p:Tubulinea-Tubulinea_X.g:Ptolemeba
2012,OTU3252,408,1,408,1172,492,898,100,708,0,98.039,d:TSAR,p:Rhizaria-Cercozoa,c:Filosa-Sarcomonadea,o:Glissomonadida,f:Sandonidae,g:Sandonidae_X,s:Sandonidae_X_sp,EU709209.1.1172_U;tax,k:Eukaryota,OTU3252.p:Rhizaria-Cercozoa.g:Sandonidae_X
2013,OTU3254,405,1,405,1769,577,980,100,625,6.83e-178,94.568,d:TSAR,p:Rhizaria-Cercozoa,c:Endomyxa,o:Vampyrellida,f:Thalassomyxa-lineage,g:Thalassomyxa-lineage_X,s:Thalassomyxa-lineage_X_sp,EU910611.1.1769_U;tax,k:Eukaryota,OTU3254.p:Rhizaria-Cercozoa.g:Thalassomyxa-lineage_X
2014,OTU3255,384,1,384,1596,529,916,100,619,3e-176,95.63,d:Amoebozoa,p:Tubulinea-Tubulinea_X,c:Elardia,o:Euamoebida,f:Nolandellidae,g:Nolandellidae_X,s:Nolandellidae_X_sp,HM628644.1.1596_U;tax,k:Eukaryota,OTU3255.p:Tubulinea-Tubulinea_X.g:Nolandellidae_X
2015,OTU3256,385,1,385,1688,499,883,100,601,1.09e-170,94.805,d:TSAR,p:Alveolata-Ciliophora,c:Nassophorea,o:Nassophorea_X,f:Nassulida,g:Parafurgasonia,s:Parafurgasonia_sp,KC832955.1.1688_U;tax,k:Eukaryota,OTU3256.p:Alveolata-Ciliophora.g:Parafurgasonia
2016,OTU3257,419,1,419,1438,155,567,100,403,3.61e-111,84.471,d:Amoebozoa,p:Tubulinea-Tubulinea_X,c:Elardia,o:Euamoebida,f:Hartmannellidae,g:Copromyxa,s:Copromyxa_microcystidis,KP719188.1.1438_U;tax,k:Eukaryota,OTU3257.p:Tubulinea-Tubulinea_X.g:Copromyxa
2017,OTU3258,394,1,394,1440,461,853,100,588,8.7e-167,93.655,d:TSAR,p:Alveolata-Ciliophora,c:Oligohymenophorea,o:Scuticociliatia_2,f:Scuticociliatia_2_X,g:Scuticociliatia_2_XX,s:Scuticociliatia_2_XX_sp,GU479975.1.1440_U;tax,k:Eukaryota,OTU3258.p:Alveolata-Ciliophora.g:Scuticociliatia_2_XX
2018,OTU3259,404,1,404,1519,436,839,100,619,3.17e-176,94.335,d:Amoebozoa,p:Tubulinea-Tubulinea_X,c:Elardia,o:Euamoebida,f:Nolandellidae,g:Nolandellidae_X,s:Nolandellidae_X_sp,AY821961.1.1519_U;tax,k:Eukaryota,OTU3259.p:Tubulinea-Tubulinea_X.g:Nolandellidae_X
2019,OTU3261,397,1,397,1645,585,982,100,673,0,97.236,d:TSAR,p:Alveolata-Chrompodellids,c:Colpodellidea,o:Colpodellida,f:Colpodellida_CHR1,g:Colpodellida_CHR1_X,s:Colpodellida_CHR1_X_sp,KC315835.1.1645_U;tax,k:Eukaryota,OTU3261.p:Alveolata-Chrompodellids.g:Colpodellida_CHR1_X
2020,OTU3262,396,1,396,1747,557,953,100,715,0,99.244,d:TSAR,p:Alveolata-Colponemidia,c:Colponemidia_X,o:Colponemida,f:Colponemidae,g:Colponema,s:Colponema_sp,KF651083.1.1747_U;tax,k:Eukaryota,OTU3262.p:Alveolata-Colponemidia.g:Colponema
2021,OTU3264,394,1,394,1596,529,915,100,300,4.57e-80,80.808,d:Amoebozoa,p:Tubulinea-Tubulinea_X,c:Elardia,o:Euamoebida,f:Nolandellidae,g:Nolandellidae_X,s:Nolandellidae_X_sp,HM628631.1.1596_U;tax,k:Eukaryota,OTU3264.p:Tubulinea-Tubulinea_X.g:Nolandellidae_X
2022,OTU3266,396,1,396,1750,564,959,100,649,0,96.212,d:Archaeplastida,p:Chlorophyta-Chlorophyta_X,c:Chlorophyceae,o:Chlamydomonadales,f:Chlamydomonadales_X,g:Carteria,s:Carteria_crucifera,D86501.1.1750_U;tax,k:Eukaryota,OTU3266.p:Chlorophyta-Chlorophyta_X.g:Carteria
2023,OTU3267,396,1,396,1840,1310,1705,100,665,0,96.977,d:Archaeplastida,p:Chlorophyta-Chlorophyta_X,c:Trebouxiophyceae,o:Chlorellales,f:Chlorellales_X,g:Oocystella,s:Oocystella_oogama,KY013474.1.1840_U;tax,k:Eukaryota,OTU3267.p:Chlorophyta-Chlorophyta_X.g:Oocystella
2024,OTU3269,407,1,407,1065,11,407,100,300,4.73e-80,80.723,d:Obazoa,p:Opisthokonta-Choanoflagellata,c:Choanoflagellatea,o:Craspedida,f:Monosigidae_Group_M,g:Monosigidae_Group_M_X,s:Monosigidae_Group_M_X_sp,GU824744.1.1065_U;tax,k:Eukaryota,OTU3269.p:Opisthokonta-Choanoflagellata.g:Monosigidae_Group_M_X
2025,OTU3273,413,168,413,1564,517,762,60,267,4.87e-70,86.29,d:Obazoa,p:Opisthokonta-Rotosphaerida,c:Nucleariidea,o:Nucleariida,f:Nucleariida_X,g:Nuclearia,s:Nuclearia_pattersoni,LS974779.1.1564_U;tax,k:Eukaryota,OTU3273.p:Opisthokonta-Rotosphaerida.g:Nuclearia
2026,OTU3274,382,1,382,1574,487,868,100,689,0,99.215,d:TSAR,p:Alveolata-Ciliophora,c:Prostomatea_3,o:Prostomatea_3_X,f:Holophryidae,g:Holophryidae_X,s:Holophryidae_X_sp,AY821920.1.1574_U;tax,k:Eukaryota,OTU3274.p:Alveolata-Ciliophora.g:Holophryidae_X
2027,OTU3276,423,1,423,1882,579,1013,100,361,2.23e-98,82.393,d:Amoebozoa,p:Discosea-Discosea_X,c:Centramoebia,o:Acanthopodida,f:Acanthamoebidae,g:Acanthamoeba,s:Acanthamoeba_sp,AB505484.1.1882_U;tax,k:Eukaryota,OTU3276.p:Discosea-Discosea_X.g:Acanthamoeba
2028,OTU3279,417,1,417,1698,515,910,100,346,6.14e-94,82.536,d:Obazoa,p:Opisthokonta-Choanoflagellata,c:Choanoflagellatea,o:Choanoflagellatea_X,f:Choanoflagellatea_XX,g:Salpingoeca,s:Salpingoeca_aroma,MW843498.1.1698_U;tax,k:Eukaryota,OTU3279.p:Opisthokonta-Choanoflagellata.g:Salpingoeca
2029,OTU3280,407,1,407,1227,442,848,100,652,0,95.588,d:TSAR,p:Rhizaria-Cercozoa,c:Filosa-Sarcomonadea,o:Glissomonadida,f:Sandonidae,g:Sandonidae_X,s:Sandonidae_X_sp,EU709193.52.1278_U;tax,k:Eukaryota,OTU3280.p:Rhizaria-Cercozoa.g:Sandonidae_X
2030,OTU3282,380,1,77,1266,568,644,20,99,1.72e-19,89.744,d:TSAR,p:Rhizaria-Cercozoa,c:Filosa-Thecofilosea,o:Cryomonadida,f:Protaspa-lineage,g:Protaspa,s:Protaspa_obliqua,AY620321.1.1266_U;tax,k:Eukaryota,OTU3282.p:Rhizaria-Cercozoa.g:Protaspa
2031,OTU3283,400,1,400,1800,583,981,100,167,4.91e-40,74.755,d:Haptista,p:Haptophyta-Haptophyta_X,c:Prymnesiophyceae,o:Prymnesiophyceae_Clade_D,f:Prymnesiophyceae_Clade_D_X,g:Prymnesiophyceae_Clade_D_XX,s:Prymnesiophyceae_Clade_D_XX_sp,KP404908.1.1800_U;tax,k:Eukaryota,OTU3283.p:Haptophyta-Haptophyta_X.g:Prymnesiophyceae_Clade_D_XX
2032,OTU3285,385,1,385,1068,24,409,100,579,5.11e-164,93.814,d:TSAR,p:Alveolata-Ciliophora,c:Colpodea,o:Colpodea_X,f:Cyrtolophosidida,g:Cyrtolophosidida_X,s:Cyrtolophosidida_X_sp,FJ592470.1.1068_U;tax,k:Eukaryota,OTU3285.p:Alveolata-Ciliophora.g:Cyrtolophosidida_X
2033,OTU3286,406,1,406,1801,576,981,100,579,5.41e-164,92.383,d:TSAR,p:Rhizaria-Cercozoa,c:Endomyxa,o:Vampyrellida,f:Thalassomyxa-lineage,g:Thalassomyxa,s:Thalassomyxa_sp,KC779515.1.1801_U;tax,k:Eukaryota,OTU3286.p:Rhizaria-Cercozoa.g:Thalassomyxa
2034,OTU3287,407,1,407,1502,524,931,100,531,1.54e-149,90.22,d:TSAR,p:Rhizaria-Cercozoa,c:Cercozoa_X,o:Cercozoa_XX,f:Cercozoa_XXX,g:Cercozoa_XXXX,s:Cercozoa_XXXX_sp,KJ925330.1.1502_U;tax,k:Eukaryota,OTU3287.p:Rhizaria-Cercozoa.g:Cercozoa_XXXX
2035,OTU3289,412,1,412,1605,531,925,100,429,5.85e-119,86.232,d:Amoebozoa,p:Tubulinea-Tubulinea_X,c:Elardia,o:Euamoebida,f:Nolandellidae,g:Nolandellidae_X,s:Nolandellidae_X_sp,AF372795.1.1605_U;tax,k:Eukaryota,OTU3289.p:Tubulinea-Tubulinea_X.g:Nolandellidae_X
2036,OTU3290,371,129,371,1735,689,929,65,298,1.54e-79,88.98,d:TSAR,p:Stramenopiles-Bigyra,c:Bicoecea,o:Anoecales,f:Anoecaceae,g:Anoeca,s:Anoeca_atlantica,AY520448.1.1735_U;tax,k:Eukaryota,OTU3290.p:Stramenopiles-Bigyra.g:Anoeca
2037,OTU3291,394,1,394,1746,566,962,100,270,3.58e-71,79.557,d:Obazoa,p:Opisthokonta-Choanoflagellata,c:Choanoflagellatea,o:Acanthoecida,f:Acanthoecidae_Group_G,g:Savillea,s:Savillea_parva,KT757467.1.1746_U;tax,k:Eukaryota,OTU3291.p:Opisthokonta-Choanoflagellata.g:Savillea
2038,OTU3293,412,1,412,1883,578,989,100,473,2.67e-132,87.619,d:Amoebozoa,p:Evosea-Evosea_X,c:Variosea,o:Fractovitellida,f:Schizoplasmodiidae,g:Ceratiomyxella,s:Ceratiomyxella_tahitiensis,FJ544419.1.1883_U;tax,k:Eukaryota,OTU3293.p:Evosea-Evosea_X.g:Ceratiomyxella
2039,OTU3295,410,1,410,1565,489,895,100,571,9.14e-162,92.029,d:Amoebozoa,p:Tubulinea-Tubulinea_X,c:Elardia,o:Leptomyxida,f:Leptomyxidae,g:Leptomyxa,s:Leptomyxa_regia,OM914643.1.1565_U;tax,k:Eukaryota,OTU3295.p:Tubulinea-Tubulinea_X.g:Leptomyxa
2040,OTU3300,403,2,403,1831,559,957,99,219,1.35e-55,77.129,d:Amoebozoa,p:Evosea-Evosea_X,c:Variosea,o:Variosea_X,f:AND16-lineage,g:AND16-lineage_X,s:AND16-lineage_X_sp,AY965863.1.1831_U;tax,k:Eukaryota,OTU3300.p:Evosea-Evosea_X.g:AND16-lineage_X
2041,OTU3303,450,179,450,1883,727,989,93,333,5.17e-90,89.338,d:Amoebozoa,p:Evosea-Evosea_X,c:Variosea,o:Fractovitellida,f:Schizoplasmodiidae,g:Ceratiomyxella,s:Ceratiomyxella_tahitiensis,FJ544419.1.1883_U;tax,k:Eukaryota,OTU3303.p:Evosea-Evosea_X.g:Ceratiomyxella
2042,OTU3304,436,1,436,1752,527,961,100,761,0,98.165,d:Excavata,p:Discoba-Discoba_X,c:Discoba_XX,o:Jakobida,f:Andaluciidae,g:Andalucia,s:Andalucia_godoyi,AY965865.1.1752_U;tax,k:Eukaryota,OTU3304.p:Discoba-Discoba_X.g:Andalucia
2043,OTU3305,365,1,53,952,396,448,15,99,1.65e-19,100,d:Obazoa,p:Opisthokonta-Choanoflagellata,c:Choanoflagellatea,o:Choanoflagellatea_X,f:Choanoflagellatea_XX,g:Choanoflagellatea_XXX,s:Choanoflagellatea_XXX_sp,JN825690.1.952_U;tax,k:Eukaryota,OTU3305.p:Opisthokonta-Choanoflagellata.g:Choanoflagellatea_XXX
2044,OTU3306,420,1,420,1803,585,980,100,333,4.82e-90,82.118,d:Obazoa,p:Opisthokonta-Opisthokonta_X,c:Opisthokonta_XX,o:Opisthokonta_XXX,f:Opisthokonta_XXXX,g:Tunicaraptor,s:Tunicaraptor_unikontum,MT611055.1.1803_U;tax,k:Eukaryota,OTU3306.p:Opisthokonta-Opisthokonta_X.g:Tunicaraptor
2045,OTU3307,437,195,437,1808,730,971,68,331,1.8e-89,91.393,d:Excavata,p:Discoba-Discoba_X,c:Discoba_XX,o:Jakobida,f:Andaluciidae,g:Andaluciidae_AND1,s:Andaluciidae_AND1_sp,JX296586.1.1808_U;tax,k:Eukaryota,OTU3307.p:Discoba-Discoba_X.g:Andaluciidae_AND1
2046,OTU3308,416,1,416,1779,569,978,100,547,1.57e-154,90.692,d:TSAR,p:Rhizaria-Cercozoa,c:Filosa-Imbricatea,o:Euglyphida,f:Paulinellidae,g:Paulinella,s:Paulinella_sp,AB695524.1.1779_U;tax,k:Eukaryota,OTU3308.p:Rhizaria-Cercozoa.g:Paulinella
2047,OTU3312,408,1,408,1859,595,1004,100,678,0,96.585,d:Amoebozoa,p:Evosea-Evosea_X,c:Variosea,o:Variosea_X,f:Phalansteriidae,g:Phalansterium,s:Phalansterium_sp,EF143966.1.1859_U;tax,k:Eukaryota,OTU3312.p:Evosea-Evosea_X.g:Phalansterium
2048,OTU3314,408,1,407,1889,586,992,99,569,3.27e-161,91.892,d:TSAR,p:Rhizaria-Cercozoa,c:Filosa-Sarcomonadea,o:Glissomonadida,f:Glissomonadida_X,g:Glissomonadida_XX,s:Glissomonadida_XX_sp,EF024786.1.1889_U;tax,k:Eukaryota,OTU3314.p:Rhizaria-Cercozoa.g:Glissomonadida_XX
2049,OTU3315,406,1,406,1804,593,1004,100,407,2.7e-112,84.746,d:TSAR,p:Rhizaria-Cercozoa,c:Filosa-Sarcomonadea,o:Glissomonadida,f:Allapsidae,g:Allantion,s:Allantion_sp,AAYJ01000086.1.1804_U;tax,k:Eukaryota,OTU3315.p:Rhizaria-Cercozoa.g:Allantion
2050,OTU3316,394,1,394,1778,575,969,100,656,0,96.709,d:Amoebozoa,p:Tubulinea-Tubulinea_X,c:Elardia,o:Leptomyxida,f:Flabellulidae,g:Flabellulidae_X,s:Flabellulidae_X_sp,EU273463.1.1778_U;tax,k:Eukaryota,OTU3316.p:Tubulinea-Tubulinea_X.g:Flabellulidae_X
2051,OTU3317,396,1,396,1690,530,925,100,704,0,98.737,d:Archaeplastida,p:Chlorophyta-Chlorophyta_X,c:Chlorophyceae,o:Chlamydomonadales,f:Chlamydomonadales_X,g:Chlamydomonas,s:Chlamydomonas_leiostraca,ON849335.1.1690_U;tax,k:Eukaryota,OTU3317.p:Chlorophyta-Chlorophyta_X.g:Chlamydomonas
2052,OTU3319,406,1,406,1807,585,993,100,475,7.3e-133,87.923,d:TSAR,p:Rhizaria-Cercozoa,c:Filosa-Sarcomonadea,o:Cercomonadida,f:Cercomonadidae,g:Cercomonas,s:Cercomonas_sp,EF024014.1.1807_U;tax,k:Eukaryota,OTU3319.p:Rhizaria-Cercozoa.g:Cercomonas
2053,OTU3320,439,177,439,989,633,889,82,337,3.89e-91,90.226,d:Amoebozoa,p:Evosea-Evosea_X,c:Variosea,o:Variosea_X,f:Variosea_XX,g:Variosea_XXX,s:Variosea_XXX_sp,EU545726.1.989_U;tax,k:Eukaryota,OTU3320.p:Evosea-Evosea_X.g:Variosea_XXX
2054,OTU3321,339,117,339,1298,323,553,66,187,3.15e-46,81.897,d:TSAR,p:Alveolata-Ciliophora,c:Oligohymenophorea,o:Peritrichia_2,f:Sessilida,g:Sessilida_X,s:Sessilida_X_sp,LC150179.1.1298_U;tax,k:Eukaryota,OTU3321.p:Alveolata-Ciliophora.g:Sessilida_X
2055,OTU3323,415,104,414,756,20,329,75,523,2.63e-147,97.106,d:TSAR,p:Stramenopiles-Bigyra,c:Sagenista,o:Labyrinthulomycetes,f:Amphifilaceae,g:Amphifilaceae_X,s:Amphifilaceae_X_sp,LN587488.1.756_U;tax,k:Eukaryota,OTU3323.p:Stramenopiles-Bigyra.g:Amphifilaceae_X
2056,OTU3324,407,1,407,1759,565,971,100,625,6.87e-178,94.349,d:TSAR,p:Rhizaria-Cercozoa,c:Filosa-Sarcomonadea,o:Glissomonadida,f:Sandonidae,g:Sandonidae_X,s:Sandonidae_X_sp,DQ211595.1.1759_U;tax,k:Eukaryota,OTU3324.p:Rhizaria-Cercozoa.g:Sandonidae_X
2057,OTU3325,398,1,398,1519,411,797,100,375,7.45e-103,84.171,d:TSAR,p:Alveolata-Ciliophora,c:Oligohymenophorea,o:Oligohymenophorea_X,f:Oligohymenophorea_XX,g:Oligohymenophorea_XXX,s:Oligohymenophorea_XXX_sp,AY821941.1.1519_U;tax,k:Eukaryota,OTU3325.p:Alveolata-Ciliophora.g:Oligohymenophorea_XXX
2058,OTU3326,383,1,383,1714,538,929,100,527,1.87e-148,91.327,d:TSAR,p:Stramenopiles-Bigyra,c:Bicoecea,o:Borokales,f:Borokaceae,g:Borokaceae_X,s:Borokaceae_X_sp,FJ971856.1.1714_U;tax,k:Eukaryota,OTU3326.p:Stramenopiles-Bigyra.g:Borokaceae_X
2059,OTU3327,408,1,408,1779,581,988,100,682,0,96.822,d:TSAR,p:Stramenopiles-Gyrista,c:Xanthophyceae,o:Xanthophyceae_X,f:Xanthophyceae_XX,g:Pseudopleurochloris,s:Pseudopleurochloris_antarctica,AF109729.1.1779_U;tax,k:Eukaryota,OTU3327.p:Stramenopiles-Gyrista.g:Pseudopleurochloris
2060,OTU3329,408,167,408,1883,746,989,72,305,1.02e-81,89.344,d:Amoebozoa,p:Evosea-Evosea_X,c:Variosea,o:Fractovitellida,f:Schizoplasmodiidae,g:Ceratiomyxella,s:Ceratiomyxella_tahitiensis,FJ544419.1.1883_U;tax,k:Eukaryota,OTU3329.p:Evosea-Evosea_X.g:Ceratiomyxella
2061,OTU3330,398,9,397,975,33,421,98,542,6.95e-153,91.795,d:Excavata,p:Metamonada-Fornicata,c:Carpediemonadea,o:Carpediemonadida,f:Carpediemonadidae,g:Carpediemonadidae_X,s:Carpediemonadidae_X_sp,HF568853.1.975_U;tax,k:Eukaryota,OTU3330.p:Metamonada-Fornicata.g:Carpediemonadidae_X
2062,OTU3332,403,1,403,1839,567,967,100,433,4.42e-120,86.173,d:Amoebozoa,p:Evosea-Evosea_X,c:Variosea,o:Variosea_X,f:WIM1-lineage,g:WIM1-lineage_X,s:WIM1-lineage_X_sp,AB695494.1.1839_U;tax,k:Eukaryota,OTU3332.p:Evosea-Evosea_X.g:WIM1-lineage_X
2063,OTU3333,410,159,410,1227,133,386,61,357,2.79e-97,92.126,d:Amoebozoa,p:Tubulinea-Tubulinea_X,c:Elardia,o:Euamoebida,f:Hartmannellidae,g:Copromyxa,s:Copromyxa_vandevyveri,KP719189.1.1227_U;tax,k:Eukaryota,OTU3333.p:Tubulinea-Tubulinea_X.g:Copromyxa
2064,OTU3334,410,1,410,1809,577,989,100,566,4.25e-160,91.627,d:TSAR,p:Rhizaria-Cercozoa,c:Endomyxa,o:Vampyrellida,f:Vampyrellida_X,g:Vampyrellida_clade_B,s:Vampyrellida_sp,KC779517.1.1809_U;tax,k:Eukaryota,OTU3334.p:Rhizaria-Cercozoa.g:Vampyrellida_clade_B
2065,OTU3335,408,1,408,1791,589,993,100,446,5.75e-124,86.52,d:TSAR,p:Rhizaria-Cercozoa,c:Endomyxa,o:Vampyrellida,f:Thalassomyxa-lineage,g:Thalassomyxa-lineage_X,s:Thalassomyxa-lineage_X_sp,EU910603.1.1791_U;tax,k:Eukaryota,OTU3335.p:Rhizaria-Cercozoa.g:Thalassomyxa-lineage_X
2066,OTU3336,427,1,51,1603,456,506,12,67.6,5.48e-10,90.196,d:TSAR,p:Alveolata-Apicomplexa,c:Gregarinomorphea,o:Eugregarinorida,f:Veloxidiidae,g:Veloxidium,s:Veloxidium_sp,AB275006.1.1603_U;tax,k:Eukaryota,OTU3336.p:Alveolata-Apicomplexa.g:Veloxidium
2067,OTU3340,410,1,410,1636,551,961,100,664,0,95.864,d:TSAR,p:Rhizaria-Cercozoa,c:Filosa-Sarcomonadea,o:Glissomonadida,f:Allapsidae,g:Allapsidae_X,s:Allapsidae_X_sp,AB534329.1.1636_U;tax,k:Eukaryota,OTU3340.p:Rhizaria-Cercozoa.g:Allapsidae_X
2068,OTU3341,397,1,397,1769,557,953,100,723,0,99.496,d:Archaeplastida,p:Chlorophyta-Chlorophyta_X,c:Chlorophyceae,o:Chlamydomonadales,f:Chlamydomonadales_X,g:Chlamydomonadales_XX,s:Chlamydomonadales_XX_sp,GU117579.1.1769_U;tax,k:Eukaryota,OTU3341.p:Chlorophyta-Chlorophyta_X.g:Chlamydomonadales_XX
2069,OTU3343,399,1,399,1685,545,931,100,599,4.07e-170,94.236,d:TSAR,p:Alveolata-Ciliophora,c:Colpodea,o:Colpodea_X,f:Platyophryida,g:Platyophrya,s:Platyophrya_bromelicola,EU039905.1.1685_U;tax,k:Eukaryota,OTU3343.p:Alveolata-Ciliophora.g:Platyophrya
2070,OTU3344,391,1,391,1632,512,901,100,588,8.63e-167,93.893,d:TSAR,p:Alveolata-Ciliophora,c:Colpodea,o:Colpodea_X,f:Colpodida,g:Colpoda,s:Colpoda_sp,MT001200.1.1632_U;tax,k:Eukaryota,OTU3344.p:Alveolata-Ciliophora.g:Colpoda
2071,OTU3345,408,1,408,1064,527,933,100,551,1.19e-155,90.931,d:TSAR,p:Rhizaria-Cercozoa,c:Filosa-Imbricatea,o:Euglyphida,f:Euglyphida_X,g:Euglyphida_XX,s:Euglyphida_XX_sp,KF219445.1.1064_U;tax,k:Eukaryota,OTU3345.p:Rhizaria-Cercozoa.g:Euglyphida_XX
2072,OTU3346,391,1,391,1587,473,863,100,573,2.42e-162,93.112,d:TSAR,p:Stramenopiles-Bigyra,c:Bicoecea,o:Pseudodendromonadales,f:Pseudodendromonadales_X,g:Pseudodendromonadales_XX,s:Pseudodendromonadales_XX_sp,AY821964.1.1587_U;tax,k:Eukaryota,OTU3346.p:Stramenopiles-Bigyra.g:Pseudodendromonadales_XX
2073,OTU3347,451,1,451,1738,466,913,100,732,0,96.018,d:Amoebozoa,p:Discosea-Discosea_X,c:Flabellinia,o:Flabellinia_X,f:LKM74-lineage,g:Mycamoeba,s:Mycamoeba_gemmipara,KX687875.1.1738_U;tax,k:Eukaryota,OTU3347.p:Discosea-Discosea_X.g:Mycamoeba
2074,OTU3350,414,9,414,1749,555,958,98,438,9.78e-122,86.441,d:Amoebozoa,p:Tubulinea-Tubulinea_X,c:Elardia,o:Leptomyxida,f:Leptomyxidae,g:Leptomyxa,s:Leptomyxa_arborea,KT945254.1.1749_U;tax,k:Eukaryota,OTU3350.p:Tubulinea-Tubulinea_X.g:Leptomyxa
2075,OTU3352,407,1,407,1779,581,988,100,686,0,97.059,d:TSAR,p:Stramenopiles-Gyrista,c:Xanthophyceae,o:Xanthophyceae_X,f:Xanthophyceae_XX,g:Pseudopleurochloris,s:Pseudopleurochloris_antarctica,AF109729.1.1779_U;tax,k:Eukaryota,OTU3352.p:Stramenopiles-Gyrista.g:Pseudopleurochloris
2076,OTU3353,414,1,414,1686,523,939,100,540,2.61e-152,90.238,d:TSAR,p:Stramenopiles-Bigyra,c:Sagenista,o:Labyrinthulomycetes,f:Amphifilaceae,g:Amphifilaceae_X,s:Amphifilaceae_X_sp,AB721069.1.1686_U;tax,k:Eukaryota,OTU3353.p:Stramenopiles-Bigyra.g:Amphifilaceae_X
2077,OTU3354,387,1,387,708,178,564,100,643,0,96.641,d:TSAR,p:Alveolata-Apicomplexa,c:Gregarinomorphea,o:Neogregarinorida,f:Actinocephalidae,g:Actinocephalidae_NEO1,s:Actinocephalidae_NEO1_sp,AY969144.1.708_U;tax,k:Eukaryota,OTU3354.p:Alveolata-Apicomplexa.g:Actinocephalidae_NEO1
2078,OTU3355,400,1,400,1831,558,957,100,374,2.7e-102,83.744,d:Amoebozoa,p:Evosea-Evosea_X,c:Variosea,o:Variosea_X,f:AND16-lineage,g:AND16-lineage_X,s:AND16-lineage_X_sp,AY965863.1.1831_U;tax,k:Eukaryota,OTU3355.p:Evosea-Evosea_X.g:AND16-lineage_X
2079,OTU3356,372,1,372,1686,550,930,100,435,1.13e-120,87.696,d:TSAR,p:Stramenopiles-Bigyra,c:Bicoecea,o:Pseudodendromonadales,f:Pseudodendromonadales_X,g:Pseudodendromonadales_XX,s:Pseudodendromonadales_XX_sp,AY919785.1.1686_U;tax,k:Eukaryota,OTU3356.p:Stramenopiles-Bigyra.g:Pseudodendromonadales_XX
2080,OTU3357,402,164,402,1798,727,964,59,163,6.39e-39,79.424,d:Archaeplastida,p:Rhodophyta-Rhodophyta_X,c:Florideophyceae,o:Gracilariales,f:Gracilariales_X,g:Gracilariopsis,s:Gracilariopsis_mclachlanii,EU158090.1.1798_U;tax,k:Eukaryota,OTU3357.p:Rhodophyta-Rhodophyta_X.g:Gracilariopsis
2081,OTU3358,409,168,409,1096,566,803,59,211,2.29e-53,82.787,d:TSAR,p:Rhizaria-Cercozoa,c:Filosa-Granofilosea,o:Filosa-Granofilosea_X,f:Novel-Gran-234,g:Novel-Gran-234_X,s:Novel-Gran-234_X_sp,EU567208.1.1096_U;tax,k:Eukaryota,OTU3358.p:Rhizaria-Cercozoa.g:Novel-Gran-234_X
2082,OTU3362,403,1,403,1800,584,990,100,704,0,98.034,d:TSAR,p:Rhizaria-Cercozoa,c:Filosa-Thecofilosea,o:Cryomonadida,f:Rhogostoma-lineage,g:Rhogostoma-lineage_X,s:Rhogostoma-lineage_X_sp,EF023854.1.1800_U;tax,k:Eukaryota,OTU3362.p:Rhizaria-Cercozoa.g:Rhogostoma-lineage_X
2083,OTU3363,410,1,410,1779,569,978,100,647,0,95.122,d:TSAR,p:Rhizaria-Cercozoa,c:Filosa-Imbricatea,o:Euglyphida,f:Paulinellidae,g:Paulinella,s:Paulinella_sp,AB695524.1.1779_U;tax,k:Eukaryota,OTU3363.p:Rhizaria-Cercozoa.g:Paulinella
2084,OTU3364,366,259,366,1035,274,381,30,111,2.12e-23,85.185,d:TSAR,p:Alveolata-Apicomplexa,c:Gregarinomorphea,o:Eugregarinorida,f:Gregarinidae,g:Gregarina1,s:Gregarina1_sp,GU825152.1.1035_U;tax,k:Eukaryota,OTU3364.p:Alveolata-Apicomplexa.g:Gregarina1
2085,OTU3365,408,1,408,1803,549,950,100,516,4.32e-145,89.831,d:Archaeplastida,p:Rhodophyta-Rhodophyta_X,c:Bangiophyceae,o:Cyanidiales,f:Cyanidiales_X,g:Cyanidiales_XX,s:Cyanidiales_XX_sp,AB695529.1.1803_U;tax,k:Eukaryota,OTU3365.p:Rhodophyta-Rhodophyta_X.g:Cyanidiales_XX
2086,OTU3366,404,5,404,1206,1,393,99,316,4.66e-85,81.572,d:Obazoa,p:Opisthokonta-Choanoflagellata,c:Choanoflagellatea,o:Craspedida,f:Monosigidae_Group_O,g:Monosigidae_Group_O_X,s:Monosigidae_Group_O_X_sp,DQ104581.1.1206_U;tax,k:Eukaryota,OTU3366.p:Opisthokonta-Choanoflagellata.g:Monosigidae_Group_O_X
2087,OTU3369,381,1,52,598,127,177,14,67.6,4.86e-10,90.385,d:TSAR,p:Alveolata-Apicomplexa,c:Coccidiomorphea,o:Eimeriida,f:Eimeriidae,g:Cyclospora,s:Cyclospora_cayetanensis,AB368543.1.598_U;tax,k:Eukaryota,OTU3369.p:Alveolata-Apicomplexa.g:Cyclospora
2088,OTU3371,347,146,347,1610,663,864,100,351,1.08e-95,98.02,d:TSAR,p:Alveolata-Ciliophora,c:Colpodea,o:Colpodea_X,f:Cyrtolophosidida,g:Apocyrtolophosis,s:Apocyrtolophosis_minor,KJ873044.1.1610_U;tax,k:Eukaryota,OTU3371.p:Alveolata-Ciliophora.g:Apocyrtolophosis
2089,OTU3373,387,1,387,1068,24,409,100,525,6.79e-148,91.237,d:TSAR,p:Alveolata-Ciliophora,c:Colpodea,o:Colpodea_X,f:Cyrtolophosidida,g:Cyrtolophosidida_X,s:Cyrtolophosidida_X_sp,FJ592470.1.1068_U;tax,k:Eukaryota,OTU3373.p:Alveolata-Ciliophora.g:Cyrtolophosidida_X
2090,OTU3379,370,262,370,1691,813,921,29,108,2.78e-22,84.404,d:Archaeplastida,p:Rhodophyta-Rhodophyta_X,c:Florideophyceae,o:Ceramiales,f:Callithamniaceae,g:Seirospora,s:Seirospora_viridis,DQ022773.1.1691_U;tax,k:Eukaryota,OTU3379.p:Rhodophyta-Rhodophyta_X.g:Seirospora
2091,OTU3390,415,1,415,509,50,456,100,327,2.21e-88,81.647,d:TSAR,p:Stramenopiles-Bigyra,c:Sagenista,o:Labyrinthulomycetes,f:Amphifilaceae,g:Amphifilaceae_X,s:Amphifilaceae_X_sp,GU922746.1.509_U;tax,k:Eukaryota,OTU3390.p:Stramenopiles-Bigyra.g:Amphifilaceae_X
2092,OTU3391,404,1,404,1801,576,981,100,604,8.87e-172,93.596,d:TSAR,p:Rhizaria-Cercozoa,c:Endomyxa,o:Vampyrellida,f:Thalassomyxa-lineage,g:Thalassomyxa,s:Thalassomyxa_sp,KC779515.1.1801_U;tax,k:Eukaryota,OTU3391.p:Rhizaria-Cercozoa.g:Thalassomyxa
2093,OTU3392,407,166,407,1743,716,953,71,289,1.02e-76,88.477,d:TSAR,p:Telonemia-Telonemia_X,c:Telonemia_XX,o:Telonemia_XXX,f:Telonemia-Group-2,g:Telonemia-Group-2_X,s:Telonemia-Group-2_X_sp,EU371332.1.1743_U;tax,k:Eukaryota,OTU3392.p:Telonemia-Telonemia_X.g:Telonemia-Group-2_X
2094,OTU3393,412,1,412,1814,589,1000,100,673,0,96.135,d:TSAR,p:Rhizaria-Cercozoa,c:Filosa-Sarcomonadea,o:Glissomonadida,f:Glissomonadida_X,g:Glissomonadida_XX,s:Glissomonadida_XX_sp,AY082981.1.1814_U;tax,k:Eukaryota,OTU3393.p:Rhizaria-Cercozoa.g:Glissomonadida_XX
2095,OTU3394,405,1,405,1751,563,967,100,721,0,98.765,d:TSAR,p:Stramenopiles-Gyrista,c:Eustigmatophyceae,o:Eustigmatophyceae_X,f:Eustigmatophyceae_XX,g:Monodus,s:Monodus_subterranea,KP347780.1.1751_U;tax,k:Eukaryota,OTU3394.p:Stramenopiles-Gyrista.g:Monodus
2096,OTU3395,398,1,398,1440,461,853,100,592,6.8e-168,93.719,d:TSAR,p:Alveolata-Ciliophora,c:Oligohymenophorea,o:Scuticociliatia_2,f:Scuticociliatia_2_X,g:Scuticociliatia_2_XX,s:Scuticociliatia_2_XX_sp,GU479975.1.1440_U;tax,k:Eukaryota,OTU3395.p:Alveolata-Ciliophora.g:Scuticociliatia_2_XX
2097,OTU3397,376,2,376,1735,571,940,99,411,1.92e-113,86.807,d:TSAR,p:Alveolata-Chrompodellids,c:Colpodellidea,o:Colpodellida,f:Colpodellaceae,g:Colpodellidae2,s:Colpodellidae2_sp,EF025008.1.1735_U;tax,k:Eukaryota,OTU3397.p:Alveolata-Chrompodellids.g:Colpodellidae2
2098,OTU3398,384,1,384,1733,573,961,100,616,3.88e-175,95.373,d:TSAR,p:Alveolata-Ciliophora,c:Nassophorea,o:Nassophorea_X,f:Microthoracida,g:Microthoracida_X,s:Microthoracida_X_sp,FJ810609.1.1733_U;tax,k:Eukaryota,OTU3398.p:Alveolata-Ciliophora.g:Microthoracida_X
2099,OTU3399,405,1,405,1816,588,992,100,682,0,97.037,d:TSAR,p:Rhizaria-Cercozoa,c:Filosa-Sarcomonadea,o:Cercomonadida,f:Cercomonadidae,g:Neocercomonas,s:Neocercomonas_tuberculata,MG775594.1.1816_U;tax,k:Eukaryota,OTU3399.p:Rhizaria-Cercozoa.g:Neocercomonas
2100,OTU3400,415,1,415,2888,1656,2064,100,418,1.28e-115,85.273,d:Amoebozoa,p:Tubulinea-Tubulinea_X,c:Elardia,o:Arcellinida,f:Phryganellina,g:Phryganella,s:Phryganella_paradoxa,MF497374.1.2888_U;tax,k:Eukaryota,OTU3400.p:Tubulinea-Tubulinea_X.g:Phryganella
2101,OTU3401,444,1,444,1827,605,1013,100,399,4.96e-110,84.27,d:TSAR,p:Rhizaria-Cercozoa,c:Filosa-Sarcomonadea,o:Cercomonadida,f:Cercomonadidae,g:Cercomonas,s:Cercomonas_sp,EF024543.1.1827_U;tax,k:Eukaryota,OTU3401.p:Rhizaria-Cercozoa.g:Cercomonas
2102,OTU3402,409,1,409,1802,566,973,100,688,0,97.066,d:TSAR,p:Rhizaria-Cercozoa,c:Filosa-Sarcomonadea,o:Cercomonadida,f:Cercomonadidae,g:Cavernomonas,s:Cavernomonas_stercoris,FJ790717.1.1802_U;tax,k:Eukaryota,OTU3402.p:Rhizaria-Cercozoa.g:Cavernomonas
2103,OTU3403,393,1,393,735,173,574,100,440,2.57e-122,86.881,d:TSAR,p:Stramenopiles-Bigyra,c:Sagenista,o:Labyrinthulomycetes,f:Labyrinthulaceae,g:Labyrinthulaceae_X,s:Labyrinthulaceae_X_sp,FJ389881.1.735_U;tax,k:Eukaryota,OTU3403.p:Stramenopiles-Bigyra.g:Labyrinthulaceae_X
2104,OTU3407,445,1,445,1229,5,462,100,623,2.71e-177,91.703,d:Amoebozoa,p:Discosea-Discosea_X,c:Centramoebia,o:Acanthopodida,f:Balamuthiidae,g:Balamuthiidae_X,s:Balamuthiidae_X_sp,FN867196.1.1229_U;tax,k:Eukaryota,OTU3407.p:Discosea-Discosea_X.g:Balamuthiidae_X
2105,OTU3409,397,1,397,1702,543,939,100,673,0,97.229,d:Archaeplastida,p:Chlorophyta-Chlorophyta_X,c:Chlorophyceae,o:Chlamydomonadales,f:Chlamydomonadales_X,g:Chlorococcum,s:Chlorococcum_ellipsoideum,U70586.1.1702_U;tax,k:Eukaryota,OTU3409.p:Chlorophyta-Chlorophyta_X.g:Chlorococcum
2106,OTU3411,413,169,413,1883,744,989,72,276,8.09e-73,87.149,d:Amoebozoa,p:Evosea-Evosea_X,c:Variosea,o:Fractovitellida,f:Schizoplasmodiidae,g:Ceratiomyxella,s:Ceratiomyxella_tahitiensis,FJ544419.1.1883_U;tax,k:Eukaryota,OTU3411.p:Evosea-Evosea_X.g:Ceratiomyxella
2107,OTU3412,393,152,393,1512,587,831,62,195,2.21e-48,81.526,d:TSAR,p:Stramenopiles-Gyrista,c:Bacillariophyceae,o:Thalassiophysales,f:Catenulaceae,g:Amphora,s:Amphora_hyalina,KJ463431.1.1512_U;tax,k:Eukaryota,OTU3412.p:Stramenopiles-Gyrista.g:Amphora
2108,OTU3413,392,155,392,1807,757,993,61,172,1.03e-41,80.083,d:TSAR,p:Rhizaria-Cercozoa,c:Filosa-Imbricatea,o:Marimonadida,f:Marimonadida_X,g:Cyranomonas,s:Cyranomonas_australis,KX618914.1.1807_U;tax,k:Eukaryota,OTU3413.p:Rhizaria-Cercozoa.g:Cyranomonas
2109,OTU3414,402,163,402,1724,695,933,60,159,8.26e-38,79.098,d:Archaeplastida,p:Rhodophyta-Rhodophyta_X,c:Florideophyceae,o:Gracilariales,f:Gracilariales_X,g:Gracilariopsis,s:Gracilariopsis_lemaneiformis,AY617149.1.1724_U;tax,k:Eukaryota,OTU3414.p:Rhodophyta-Rhodophyta_X.g:Gracilariopsis
2110,OTU3415,409,1,409,1140,509,917,100,701,0,97.555,d:TSAR,p:Rhizaria-Cercozoa,c:Filosa-Granofilosea,o:Filosa-Granofilosea_X,f:Novel-Gran-234,g:Novel-Gran-234_X,s:Novel-Gran-234_X_sp,EU567211.1.1140_U;tax,k:Eukaryota,OTU3415.p:Rhizaria-Cercozoa.g:Novel-Gran-234_X
2111,OTU3416,411,1,411,1803,549,950,100,496,5.68e-139,88.969,d:Archaeplastida,p:Rhodophyta-Rhodophyta_X,c:Bangiophyceae,o:Cyanidiales,f:Cyanidiales_X,g:Cyanidiales_XX,s:Cyanidiales_XX_sp,AB695529.1.1803_U;tax,k:Eukaryota,OTU3416.p:Rhodophyta-Rhodophyta_X.g:Cyanidiales_XX
2112,OTU3417,406,1,406,1770,568,974,100,568,1.17e-160,91.892,d:TSAR,p:Rhizaria-Cercozoa,c:Filosa-Sarcomonadea,o:Glissomonadida,f:Allapsidae,g:Allapsidae_X,s:Allapsidae_X_sp,AB695472.1.1770_U;tax,k:Eukaryota,OTU3417.p:Rhizaria-Cercozoa.g:Allapsidae_X
2113,OTU3418,396,1,396,1448,383,778,100,544,1.92e-153,91.479,d:Obazoa,p:Opisthokonta-Choanoflagellata,c:Choanoflagellatea,o:Acanthoecida,f:Stephanoecidae,g:Pleurasiga,s:Pleurasiga_reynoldsii,KU587851.1.1448_U;tax,k:Eukaryota,OTU3418.p:Opisthokonta-Choanoflagellata.g:Pleurasiga
2114,OTU3419,407,1,407,1664,498,903,100,662,0,96.069,d:Excavata,p:Metamonada-Preaxostyla,c:Preaxostyla_X,o:Preaxostyla_XX,f:Paramastigidae,g:Paratrimastix,s:Paratrimastix_pyriformis,KT388046.1.1664_U;tax,k:Eukaryota,OTU3419.p:Metamonada-Preaxostyla.g:Paratrimastix
2115,OTU3420,397,1,397,1755,556,953,100,678,0,97.487,d:TSAR,p:Alveolata-Dinoflagellata,c:Dinophyceae,o:Dinophyceae_X,f:Dinophyceae_XX,g:Dinophyceae_XXX,s:Dinophyceae_XXX_sp,AB695539.1.1755_U;tax,k:Eukaryota,OTU3420.p:Alveolata-Dinoflagellata.g:Dinophyceae_XXX
2116,OTU3421,415,1,415,1738,550,963,100,499,4.43e-140,88.544,d:TSAR,p:Stramenopiles-Bigyra,c:Sagenista,o:Labyrinthulomycetes,f:Amphifilaceae,g:Fibrophrys,s:Fibrophrys_sp,AY919705.1.1738_U;tax,k:Eukaryota,OTU3421.p:Stramenopiles-Bigyra.g:Fibrophrys
2117,OTU3422,390,1,390,1824,608,988,100,540,2.44e-152,92.072,d:Amoebozoa,p:Tubulinea-Tubulinea_X,c:Elardia,o:Euamoebida,f:Nolandellidae,g:Nolandellidae_X,s:Nolandellidae_X_sp,EF023499.1.1824_U;tax,k:Eukaryota,OTU3422.p:Tubulinea-Tubulinea_X.g:Nolandellidae_X
2118,OTU3423,450,355,450,2689,1459,1554,21,95.3,2.66e-18,84.536,d:Excavata,p:Metamonada-Preaxostyla,c:Preaxostyla_X,o:Oxymonadida,f:Polymastigidae,g:Monocercomonoides,s:Monocercomonoides_sp,MG264556.1.2689_U;tax,k:Eukaryota,OTU3423.p:Metamonada-Preaxostyla.g:Monocercomonoides
2119,OTU3424,378,1,378,1648,509,886,100,676,0,98.942,d:TSAR,p:Alveolata-Ciliophora,c:Armophorea,o:Armophorea_X,f:Armophorea_XX,g:Heterometopus,s:Heterometopus_sp,AY007452.1.1648_U;tax,k:Eukaryota,OTU3424.p:Alveolata-Ciliophora.g:Heterometopus
2120,OTU3426,400,1,400,1839,567,967,100,451,1.21e-125,87.129,d:Amoebozoa,p:Evosea-Evosea_X,c:Variosea,o:Variosea_X,f:WIM1-lineage,g:WIM1-lineage_X,s:WIM1-lineage_X_sp,AB695494.1.1839_U;tax,k:Eukaryota,OTU3426.p:Evosea-Evosea_X.g:WIM1-lineage_X
2121,OTU3427,403,1,403,1769,577,980,100,462,5.64e-129,87.469,d:TSAR,p:Rhizaria-Cercozoa,c:Endomyxa,o:Vampyrellida,f:Thalassomyxa-lineage,g:Thalassomyxa-lineage_X,s:Thalassomyxa-lineage_X_sp,EU910611.1.1769_U;tax,k:Eukaryota,OTU3427.p:Rhizaria-Cercozoa.g:Thalassomyxa-lineage_X
2122,OTU3428,446,1,446,1656,555,1000,100,780,0,98.206,d:Amoebozoa,p:Discosea-Discosea_X,c:Flabellinia,o:Flabellinia_X,f:LKM74-lineage,g:LKM74-lineage_X,s:LKM74-lineage_X_sp,JX312795.1.1656_U;tax,k:Eukaryota,OTU3428.p:Discosea-Discosea_X.g:LKM74-lineage_X
2123,OTU3430,416,1,416,1455,553,958,100,272,1.05e-71,79.294,d:Amoebozoa,p:Evosea-Evosea_X,c:Variosea,o:Flamellidae,f:Flamella-lineage,g:Flamella,s:Flamella_pleistocenica,KP219431.1.1455_U;tax,k:Eukaryota,OTU3430.p:Evosea-Evosea_X.g:Flamella
2124,OTU3432,444,1,60,1767,575,634,14,111,2.6e-23,100,d:TSAR,p:Stramenopiles-Bigyra,c:Sagenista,o:Sagenista_X,f:MAST-11,g:MAST-11_X,s:MAST-11_X_sp,KF130038.1.1767_U;tax,k:Eukaryota,OTU3432.p:Stramenopiles-Bigyra.g:MAST-11_X
2125,OTU3433,406,1,406,1770,568,974,100,606,2.48e-172,93.612,d:TSAR,p:Rhizaria-Cercozoa,c:Filosa-Sarcomonadea,o:Glissomonadida,f:Allapsidae,g:Allapsidae_X,s:Allapsidae_X_sp,AB695472.1.1770_U;tax,k:Eukaryota,OTU3433.p:Rhizaria-Cercozoa.g:Allapsidae_X
2126,OTU3434,402,1,402,1061,496,898,100,588,8.89e-167,93.086,d:TSAR,p:Rhizaria-Cercozoa,c:Filosa-Sarcomonadea,o:Cercomonadida,f:Paracercomonadidae,g:Paracercomonas,s:Paracercomonas_virgaria,AY884340.1.1061_U;tax,k:Eukaryota,OTU3434.p:Rhizaria-Cercozoa.g:Paracercomonas
2127,OTU3436,414,1,414,1689,503,909,100,492,7.4e-138,88.434,d:TSAR,p:Rhizaria-Cercozoa,c:Filosa-Sarcomonadea,o:Cercomonadida,f:Cercomonadidae,g:Cercomonas,s:Cercomonas_celer,FJ790710.1.1689_U;tax,k:Eukaryota,OTU3436.p:Rhizaria-Cercozoa.g:Cercomonas
2128,OTU3437,398,1,398,1699,535,930,100,407,2.64e-112,85.504,d:Obazoa,p:Opisthokonta-Choanoflagellata,c:Choanoflagellatea,o:Acanthoecida,f:Stephanoecidae_Group_E,g:Stephanoecidae_Group_E_X,s:Stephanoecidae_Group_E_X_sp,EF432541.1.1699_U;tax,k:Eukaryota,OTU3437.p:Opisthokonta-Choanoflagellata.g:Stephanoecidae_Group_E_X
2129,OTU3439,406,1,406,1841,551,955,100,499,4.33e-140,89.078,d:Archaeplastida,p:Rhodophyta-Rhodophyta_X,c:Bangiophyceae,o:Cyanidiales,f:Cyanidiales_X,g:Cyanidiales_XX,s:Cyanidiales_XX_sp,AB695530.1.1841_U;tax,k:Eukaryota,OTU3439.p:Rhodophyta-Rhodophyta_X.g:Cyanidiales_XX
2130,OTU3442,408,165,408,1555,518,762,60,296,6.13e-79,88.664,d:Obazoa,p:Opisthokonta-Rotosphaerida,c:Nucleariidea,o:Nucleariida,f:Nucleariida_X,g:Nuclearia,s:Nuclearia_pattersoni,LS974780.1.1555_U;tax,k:Eukaryota,OTU3442.p:Opisthokonta-Rotosphaerida.g:Nuclearia
2131,OTU3443,408,1,408,1862,578,984,100,448,1.6e-124,86.715,d:Amoebozoa,p:Evosea-Evosea_X,c:Variosea,o:Variosea_X,f:Variosea_XX,g:Variosea_XXX,s:Variosea_XXX_sp,EF023424.1.1862_U;tax,k:Eukaryota,OTU3443.p:Evosea-Evosea_X.g:Variosea_XXX
2132,OTU3444,382,1,382,1786,561,935,100,211,2.13e-53,77.436,d:Amoebozoa,p:Evosea-Evosea_X,c:Variosea,o:Cavosteliida,f:Cavosteliida_X,g:Schizoplasmodiopsis,s:Schizoplasmodiopsis_pseudoendospora,FJ766475.1.1786_U;tax,k:Eukaryota,OTU3444.p:Evosea-Evosea_X.g:Schizoplasmodiopsis
2133,OTU3445,388,1,388,1763,573,960,100,689,0,98.711,d:TSAR,p:Alveolata-Ciliophora,c:Colpodea,o:Colpodea_X,f:Bursariomorphida,g:Bryometopus,s:Bryometopus_atypicus,EU039886.1.1763_U;tax,k:Eukaryota,OTU3445.p:Alveolata-Ciliophora.g:Bryometopus
2134,OTU3447,395,1,395,1598,534,928,100,702,0,98.734,d:TSAR,p:Stramenopiles-Gyrista,c:Bacillariophyceae,o:Bacillariophyceae_X,f:Bacillariophyceae_XX,g:Bacillariophyceae_XXX,s:Bacillariophyceae_XXX_sp,AB534347.1.1598_U;tax,k:Eukaryota,OTU3447.p:Stramenopiles-Gyrista.g:Bacillariophyceae_XXX
2135,OTU3448,409,1,409,1281,204,611,100,582,4.21e-165,92.457,d:TSAR,p:Rhizaria-Cercozoa,c:Filosa-Sarcomonadea,o:Glissomonadida,f:Glissomonadida_X,g:Glissomonadida_XX,s:Glissomonadida_XX_sp,JN635482.1.1281_U;tax,k:Eukaryota,OTU3448.p:Rhizaria-Cercozoa.g:Glissomonadida_XX
2136,OTU3449,410,1,410,1565,489,895,100,544,1.99e-153,90.843,d:Amoebozoa,p:Tubulinea-Tubulinea_X,c:Elardia,o:Leptomyxida,f:Leptomyxidae,g:Leptomyxa,s:Leptomyxa_regia,OM914643.1.1565_U;tax,k:Eukaryota,OTU3449.p:Tubulinea-Tubulinea_X.g:Leptomyxa
2137,OTU3450,370,1,370,2226,1038,1407,100,363,5.37e-99,84.615,d:Amoebozoa,p:Tubulinea-Tubulinea_X,c:Elardia,o:Euamoebida,f:LOS7N/I-lineage,g:Ptolemeba,s:Ptolemeba_noxubium,KJ542110.1.2226_U;tax,k:Eukaryota,OTU3450.p:Tubulinea-Tubulinea_X.g:Ptolemeba
2138,OTU3451,400,1,400,1841,551,955,100,261,2.19e-68,79.087,d:Archaeplastida,p:Rhodophyta-Rhodophyta_X,c:Bangiophyceae,o:Cyanidiales,f:Cyanidiales_X,g:Cyanidiales_XX,s:Cyanidiales_XX_sp,AB695530.1.1841_U;tax,k:Eukaryota,OTU3451.p:Rhodophyta-Rhodophyta_X.g:Cyanidiales_XX
2139,OTU3452,401,162,401,1724,695,933,60,154,3.83e-36,78.689,d:Archaeplastida,p:Rhodophyta-Rhodophyta_X,c:Florideophyceae,o:Gracilariales,f:Gracilariales_X,g:Gracilariopsis,s:Gracilariopsis_lemaneiformis,AY617149.1.1724_U;tax,k:Eukaryota,OTU3452.p:Rhodophyta-Rhodophyta_X.g:Gracilariopsis
2140,OTU3453,407,1,407,1227,442,848,100,658,0,95.823,d:TSAR,p:Rhizaria-Cercozoa,c:Filosa-Sarcomonadea,o:Glissomonadida,f:Sandonidae,g:Sandonidae_X,s:Sandonidae_X_sp,EU709193.52.1278_U;tax,k:Eukaryota,OTU3453.p:Rhizaria-Cercozoa.g:Sandonidae_X
2141,OTU3454,413,1,413,1805,593,999,100,536,3.36e-151,90.361,d:TSAR,p:Rhizaria-Cercozoa,c:Filosa-Sarcomonadea,o:Glissomonadida,f:Allapsidae,g:Allapsidae_X,s:Allapsidae_X_sp,EF023263.1.1805_U;tax,k:Eukaryota,OTU3454.p:Rhizaria-Cercozoa.g:Allapsidae_X
2142,OTU3455,408,1,408,1266,568,975,100,532,4.29e-150,90.291,d:TSAR,p:Rhizaria-Cercozoa,c:Filosa-Imbricatea,o:Euglyphida,f:Euglyphida_X,g:Euglyphida_XX,s:Euglyphida_XX_sp,AY620296.1.1266_U;tax,k:Eukaryota,OTU3455.p:Rhizaria-Cercozoa.g:Euglyphida_XX
2143,OTU3456,421,174,421,1836,793,1033,59,329,6.25e-89,91.129,d:Obazoa,p:Opisthokonta-Rotosphaerida,c:Rotosphaerida_X,o:Rotosphaerida_XX,f:Rotosphaerida_XXX,g:Pompholyxophrys,s:Pompholyxophrys_punicea,MK547175.1.1836_U;tax,k:Eukaryota,OTU3456.p:Opisthokonta-Rotosphaerida.g:Pompholyxophrys
2144,OTU3458,378,1,378,1729,541,910,100,259,7.41e-68,79.581,d:Amoebozoa,p:Tubulinea-Tubulinea_X,c:Elardia,o:Euamoebida,f:LOS7N/I-lineage,g:Ptolemeba,s:Ptolemeba_noxubium,KJ542109.1.1729_U;tax,k:Eukaryota,OTU3458.p:Tubulinea-Tubulinea_X.g:Ptolemeba
2145,OTU3464,398,1,398,1800,584,990,100,599,4.06e-170,93.627,d:TSAR,p:Rhizaria-Cercozoa,c:Filosa-Thecofilosea,o:Cryomonadida,f:Rhogostoma-lineage,g:Rhogostoma-lineage_X,s:Rhogostoma-lineage_X_sp,EF023854.1.1800_U;tax,k:Eukaryota,OTU3464.p:Rhizaria-Cercozoa.g:Rhogostoma-lineage_X
2146,OTU3466,388,149,388,952,588,824,77,340,2.65e-92,92.5,d:TSAR,p:Stramenopiles-Bigyra,c:Bicoecea,o:Pseudodendromonadales,f:Pseudodendromonadales_X,g:Pseudodendromonadales_XX,s:Pseudodendromonadales_XX_sp,EF196740.1.952_U;tax,k:Eukaryota,OTU3466.p:Stramenopiles-Bigyra.g:Pseudodendromonadales_XX
2147,OTU3468,393,1,393,1876,643,1038,100,424,2.59e-117,86.25,d:Amoebozoa,p:Tubulinea-Tubulinea_X,c:Elardia,o:Leptomyxida,f:Flabellulidae,g:Flabellula,s:Flabellula_sp,EU852652.1.1876_U;tax,k:Eukaryota,OTU3468.p:Tubulinea-Tubulinea_X.g:Flabellula
2148,OTU3469,360,1,53,952,396,448,15,99,1.62e-19,100,d:Obazoa,p:Opisthokonta-Choanoflagellata,c:Choanoflagellatea,o:Choanoflagellatea_X,f:Choanoflagellatea_XX,g:Choanoflagellatea_XXX,s:Choanoflagellatea_XXX_sp,JN825690.1.952_U;tax,k:Eukaryota,OTU3469.p:Opisthokonta-Choanoflagellata.g:Choanoflagellatea_XXX
2149,OTU3470,408,1,408,1735,550,945,100,350,4.64e-95,82.683,d:Obazoa,p:Opisthokonta-Choanoflagellata,c:Choanoflagellatea,o:Craspedida,f:Monosigidae_Group_A,g:Monosiga,s:Monosiga_brevicollis,KF130289.1.1735_U;tax,k:Eukaryota,OTU3470.p:Opisthokonta-Choanoflagellata.g:Monosiga
2150,OTU3472,387,1,387,1755,573,959,100,699,0,99.225,d:TSAR,p:Alveolata-Ciliophora,c:Oligohymenophorea,o:Scuticociliatia_1,f:Pseudocohnilembidae,g:Pseudocohnilembus,s:Pseudocohnilembus_persalinus,GQ265955.1.1755_U;tax,k:Eukaryota,OTU3472.p:Alveolata-Ciliophora.g:Pseudocohnilembus
2151,OTU3474,410,1,410,1804,549,951,100,490,2.63e-137,88.647,d:Archaeplastida,p:Rhodophyta-Rhodophyta_X,c:Bangiophyceae,o:Cyanidiales,f:Cyanidiales_X,g:Cyanidiales_XX,s:Cyanidiales_XX_sp,AB695473.1.1804_U;tax,k:Eukaryota,OTU3474.p:Rhodophyta-Rhodophyta_X.g:Cyanidiales_XX
2152,OTU3475,396,1,396,1082,25,420,100,660,0,96.717,d:Archaeplastida,p:Chlorophyta-Chlorophyta_X,c:Chlorophyceae,o:Chlamydomonadales,f:Chlamydomonadales_X,g:Chlamydomonadales_XX,s:Chlamydomonadales_XX_sp,FJ592508.1.1082_U;tax,k:Eukaryota,OTU3475.p:Chlorophyta-Chlorophyta_X.g:Chlamydomonadales_XX
2153,OTU3484,406,1,406,1199,11,409,100,305,1.01e-81,80.872,d:Archaeplastida,p:Streptophyta-Streptophyta_X,c:Streptophyta_XX,o:Streptophyta_XXX,f:Streptophyta_XXXX,g:Streptophyta_XXXXX,s:Streptophyta_XXXXX_sp,GU824549.1.1199_U;tax,k:Eukaryota,OTU3484.p:Streptophyta-Streptophyta_X.g:Streptophyta_XXXXX
2154,OTU3489,407,1,405,862,101,506,99,510,2.01e-143,89.435,d:TSAR,p:Rhizaria-Cercozoa,c:Filosa-Sarcomonadea,o:Cercomonadida,f:Paracercomonadidae,g:Paracercomonas,s:Paracercomonas_sp,AY360709.1.862_U;tax,k:Eukaryota,OTU3489.p:Rhizaria-Cercozoa.g:Paracercomonas
2155,OTU3491,379,133,379,1864,778,1029,65,244,2.08e-63,84.585,d:Amoebozoa,p:Tubulinea-Tubulinea_X,c:Elardia,o:Euamoebida,f:LOS7N/I-lineage,g:Ptolemeba,s:Ptolemeba_bulliensis,LC272073.1.1864_U;tax,k:Eukaryota,OTU3491.p:Tubulinea-Tubulinea_X.g:Ptolemeba
2156,OTU3492,356,1,356,817,271,637,100,553,2.85e-156,94.278,d:Amoebozoa,p:Discosea-Discosea_X,c:Flabellinia,o:Thecamoebida,f:Thecamoebidae,g:Stenamoeba,s:Stenamoeba_sp,KC210144.1.817_U;tax,k:Eukaryota,OTU3492.p:Discosea-Discosea_X.g:Stenamoeba
2157,OTU3493,397,1,397,1529,362,756,100,599,4.05e-170,93.97,d:Obazoa,p:Opisthokonta-Choanoflagellata,c:Choanoflagellatea,o:Craspedida,f:Salpingoecidae_Group_C2,g:Salpingoecidae_Group_C2_X,s:Salpingoecidae_Group_C2_X_sp,GU647169.1.1529_U;tax,k:Eukaryota,OTU3493.p:Opisthokonta-Choanoflagellata.g:Salpingoecidae_Group_C2_X
2158,OTU3495,445,194,445,1883,740,989,79,326,8.55e-88,90.157,d:Amoebozoa,p:Evosea-Evosea_X,c:Variosea,o:Fractovitellida,f:Schizoplasmodiidae,g:Ceratiomyxella,s:Ceratiomyxella_tahitiensis,FJ544419.1.1883_U;tax,k:Eukaryota,OTU3495.p:Evosea-Evosea_X.g:Ceratiomyxella
2159,OTU3496,406,1,406,1801,576,981,100,562,5.45e-159,91.646,d:TSAR,p:Rhizaria-Cercozoa,c:Endomyxa,o:Vampyrellida,f:Thalassomyxa-lineage,g:Thalassomyxa,s:Thalassomyxa_sp,KC779515.1.1801_U;tax,k:Eukaryota,OTU3496.p:Rhizaria-Cercozoa.g:Thalassomyxa
2160,OTU3497,404,1,404,1670,528,928,100,571,9e-162,92.383,d:TSAR,p:Stramenopiles-Gyrista,c:Chrysophyceae,o:Chrysophyceae_X,f:Chrysophyceae_XX,g:Chrysophyceae_XXX,s:Chrysophyceae_XXX_sp,AB771821.1.1670_U;tax,k:Eukaryota,OTU3497.p:Stramenopiles-Gyrista.g:Chrysophyceae_XXX
2161,OTU3499,403,1,403,1058,176,578,100,595,5.33e-169,93.3,d:Amoebozoa,p:Evosea-Evosea_X,c:Variosea,o:Variosea_X,f:Variosea_XX,g:Angulamoeba,s:Angulamoeba_microcystivorans,KP719181.1.1058_U;tax,k:Eukaryota,OTU3499.p:Evosea-Evosea_X.g:Angulamoeba
2162,OTU3500,396,127,396,875,4,272,68,381,1.59e-104,92.251,d:Obazoa,p:Opisthokonta-Opisthokonta_X,c:Opisthokonta_XX,o:Opisthokonta_XXX,f:Opisthokonta_XXXX,g:Opisthokonta_XXXXX,s:Opisthokonta_XXXXX_sp,EF674350.1.875_U;tax,k:Eukaryota,OTU3500.p:Opisthokonta-Opisthokonta_X.g:Opisthokonta_XXXXX
2163,OTU3501,386,1,386,1068,24,409,100,592,6.58e-168,94.33,d:TSAR,p:Alveolata-Ciliophora,c:Colpodea,o:Colpodea_X,f:Cyrtolophosidida,g:Cyrtolophosidida_X,s:Cyrtolophosidida_X_sp,FJ592470.1.1068_U;tax,k:Eukaryota,OTU3501.p:Alveolata-Ciliophora.g:Cyrtolophosidida_X
2164,OTU3502,397,1,397,1780,560,958,100,449,4.32e-125,87.129,d:TSAR,p:Alveolata-Dinoflagellata,c:Dinophyceae,o:Peridiniales,f:Thoracosphaeraceae,g:Luciella,s:Luciella_sp,AY245689.22.1801_U;tax,k:Eukaryota,OTU3502.p:Alveolata-Dinoflagellata.g:Luciella
2165,OTU3504,388,1,388,1189,640,1033,100,490,2.48e-137,89.474,d:Amoebozoa,p:Tubulinea-Tubulinea_X,c:Elardia,o:Leptomyxida,f:Flabellulidae,g:Flabellulidae_X,s:Flabellulidae_X_sp,FN598467.1.1189_U;tax,k:Eukaryota,OTU3504.p:Tubulinea-Tubulinea_X.g:Flabellulidae_X
2166,OTU3505,403,1,403,1285,204,616,100,283,4.71e-75,79.567,d:TSAR,p:Rhizaria-Cercozoa,c:Endomyxa,o:Vampyrellida,f:Penardia-lineage,g:Penardia-lineage_X,s:Penardia-lineage_X_sp,AF372743.1.1285_U;tax,k:Eukaryota,OTU3505.p:Rhizaria-Cercozoa.g:Penardia-lineage_X
2167,OTU3506,386,1,386,1655,502,878,100,544,1.87e-153,92.506,d:TSAR,p:Stramenopiles-Bigyra,c:Sagenista,o:Labyrinthulomycetes,f:Thraustochytriaceae,g:Thraustochytrium,s:Thraustochytrium_caudivorum,EF114350.1.1655_U;tax,k:Eukaryota,OTU3506.p:Stramenopiles-Bigyra.g:Thraustochytrium
2168,OTU3507,418,178,418,1135,674,912,58,350,4.76e-95,92.946,d:TSAR,p:Rhizaria-Cercozoa,c:Filosa-Granofilosea,o:Filosa-Granofilosea_X,f:he2-lineage,g:he2-lineage_X,s:he2-lineage_X_sp,EU567248.1.1135_U;tax,k:Eukaryota,OTU3507.p:Rhizaria-Cercozoa.g:he2-lineage_X
2169,OTU3509,410,1,410,1813,584,990,100,571,9.14e-162,91.971,d:TSAR,p:Rhizaria-Cercozoa,c:Filosa-Sarcomonadea,o:Cercomonadida,f:Cercomonadidae,g:Neocercomonas,s:Neocercomonas_sp,MG775620.1.1813_U;tax,k:Eukaryota,OTU3509.p:Rhizaria-Cercozoa.g:Neocercomonas
2170,OTU3510,418,1,418,1438,155,567,100,457,2.73e-127,86.854,d:Amoebozoa,p:Tubulinea-Tubulinea_X,c:Elardia,o:Euamoebida,f:Hartmannellidae,g:Copromyxa,s:Copromyxa_microcystidis,KP719188.1.1438_U;tax,k:Eukaryota,OTU3510.p:Tubulinea-Tubulinea_X.g:Copromyxa
2171,OTU3513,401,1,401,1801,576,981,100,385,1.25e-105,84.069,d:TSAR,p:Rhizaria-Cercozoa,c:Endomyxa,o:Vampyrellida,f:Thalassomyxa-lineage,g:Thalassomyxa,s:Thalassomyxa_sp,KC779515.1.1801_U;tax,k:Eukaryota,OTU3513.p:Rhizaria-Cercozoa.g:Thalassomyxa
2172,OTU3515,401,1,401,1600,521,921,100,625,6.76e-178,94.776,d:TSAR,p:Stramenopiles-Gyrista,c:Chrysophyceae,o:Paraphysomonadales,f:Paraphysomonadaceae,g:Paraphysomonas,s:Paraphysomonas_segmenta,KJ925331.1.1600_U;tax,k:Eukaryota,OTU3515.p:Stramenopiles-Gyrista.g:Paraphysomonas
2173,OTU3517,402,163,402,1790,735,974,72,289,1.01e-76,88.43,d:TSAR,p:Stramenopiles-Gyrista,c:Gyrista_X,o:Gyrista_XX,f:MAST-2,g:MAST-2C,s:MAST-2C_sp,KJ763027.1.1790_U;tax,k:Eukaryota,OTU3517.p:Stramenopiles-Gyrista.g:MAST-2C
2174,OTU3518,395,1,395,1561,519,913,100,503,3.25e-141,89.801,d:TSAR,p:Stramenopiles-Bigyra,c:Bicoecea,o:Bicoecales,f:Bicoecaceae,g:Halocafeteria,s:Halocafeteria_sp,KT210065.1.1561_U;tax,k:Eukaryota,OTU3518.p:Stramenopiles-Bigyra.g:Halocafeteria
2175,OTU3519,377,1,377,1360,201,577,100,525,6.6e-148,91.799,d:TSAR,p:Alveolata-Chrompodellids,c:Colpodellidea,o:Colpodellida,f:Colpodellaceae,g:Colpodella,s:Colpodella_sp,EF100235.1.1360_U;tax,k:Eukaryota,OTU3519.p:Alveolata-Chrompodellids.g:Colpodella
2176,OTU3520,407,1,407,1804,583,993,100,662,0,95.874,d:TSAR,p:Stramenopiles-Gyrista,c:Peronosporomycetes,o:Peronosporomycetes_X,f:Leptomitales,g:Leptomitales_X,s:Leptomitales_X_sp,EF023464.1.1804_U;tax,k:Eukaryota,OTU3520.p:Stramenopiles-Gyrista.g:Leptomitales_X
2177,OTU3521,397,1,397,1735,534,929,100,704,0,98.741,d:TSAR,p:Stramenopiles-Bigyra,c:Bicoecea,o:Anoecales,f:Anoecaceae,g:Anoeca,s:Anoeca_atlantica,AY520448.1.1735_U;tax,k:Eukaryota,OTU3521.p:Stramenopiles-Bigyra.g:Anoeca
2178,OTU3522,433,180,433,1878,741,994,76,398,1.74e-109,94.882,d:Amoebozoa,p:Tubulinea-Tubulinea_X,c:Elardia,o:Euamoebida,f:Hartmannellidae,g:Copromyxa,s:Copromyxa_laresi,JQ271679.1.1878_U;tax,k:Eukaryota,OTU3522.p:Tubulinea-Tubulinea_X.g:Copromyxa
2179,OTU3523,410,169,410,1883,746,989,72,300,4.76e-80,89.024,d:Amoebozoa,p:Evosea-Evosea_X,c:Variosea,o:Fractovitellida,f:Schizoplasmodiidae,g:Ceratiomyxella,s:Ceratiomyxella_tahitiensis,FJ544419.1.1883_U;tax,k:Eukaryota,OTU3523.p:Evosea-Evosea_X.g:Ceratiomyxella
2180,OTU3524,407,1,407,1770,568,974,100,702,0,97.789,d:TSAR,p:Rhizaria-Cercozoa,c:Filosa-Sarcomonadea,o:Glissomonadida,f:Allapsidae,g:Allapsidae_X,s:Allapsidae_X_sp,AB695472.1.1770_U;tax,k:Eukaryota,OTU3524.p:Rhizaria-Cercozoa.g:Allapsidae_X
2181,OTU3525,398,1,398,1245,215,612,100,708,0,98.744,d:Archaeplastida,p:Chlorophyta-Chlorophyta_X,c:Chlorophyceae,o:Chlamydomonadales,f:Chlamydomonadales_X,g:Chlamydomonadales_XX,s:Chlamydomonadales_XX_sp,AB971043.1.1245_U;tax,k:Eukaryota,OTU3525.p:Chlorophyta-Chlorophyta_X.g:Chlamydomonadales_XX
2182,OTU3526,411,1,411,1918,580,998,100,457,2.68e-127,86.824,d:Amoebozoa,p:Evosea-Evosea_X,c:Variosea,o:Fractovitellida,f:Schizoplasmodiidae,g:Nematostelium,s:Nematostelium_ovatum,FJ544420.1.1918_U;tax,k:Eukaryota,OTU3526.p:Evosea-Evosea_X.g:Nematostelium
2183,OTU3527,415,1,415,1672,504,911,100,566,4.31e-160,91.627,d:Excavata,p:Metamonada-Preaxostyla,c:Preaxostyla_X,o:Preaxostyla_XX,f:Paramastigidae,g:Paratrimastix,s:Paratrimastix_pyriformis,KT388050.1.1672_U;tax,k:Eukaryota,OTU3527.p:Metamonada-Preaxostyla.g:Paratrimastix
2184,OTU3528,404,1,404,1680,535,939,100,531,1.53e-149,90.418,d:TSAR,p:Rhizaria-Cercozoa,c:Endomyxa,o:Vampyrellida,f:sm27-lineage,g:sm27-lineage_X,s:sm27-lineage_X_sp,AB721056.1.1680_U;tax,k:Eukaryota,OTU3528.p:Rhizaria-Cercozoa.g:sm27-lineage_X
2185,OTU3529,421,1,421,989,475,889,100,651,0,94.799,d:Amoebozoa,p:Evosea-Evosea_X,c:Variosea,o:Variosea_X,f:Variosea_XX,g:Variosea_XXX,s:Variosea_XXX_sp,EU545726.1.989_U;tax,k:Eukaryota,OTU3529.p:Evosea-Evosea_X.g:Variosea_XXX
2186,OTU3530,373,2,373,1735,571,940,99,558,6.43e-158,93.867,d:TSAR,p:Alveolata-Chrompodellids,c:Colpodellidea,o:Colpodellida,f:Colpodellaceae,g:Colpodellidae2,s:Colpodellidae2_sp,EF025008.1.1735_U;tax,k:Eukaryota,OTU3530.p:Alveolata-Chrompodellids.g:Colpodellidae2
2187,OTU3532,409,1,409,2888,1656,2064,100,645,0,95.11,d:Amoebozoa,p:Tubulinea-Tubulinea_X,c:Elardia,o:Arcellinida,f:Phryganellina,g:Phryganella,s:Phryganella_paradoxa,MF497374.1.2888_U;tax,k:Eukaryota,OTU3532.p:Tubulinea-Tubulinea_X.g:Phryganella
2188,OTU3533,418,1,418,1894,592,1007,100,483,4.5e-135,87.648,d:Amoebozoa,p:Tubulinea-Tubulinea_X,c:Elardia,o:Euamoebida,f:Hartmannellidae,g:Hartmannellidae_X,s:Hartmannellidae_X_sp,HQ687486.1.1894_U;tax,k:Eukaryota,OTU3533.p:Tubulinea-Tubulinea_X.g:Hartmannellidae_X
2189,OTU3534,449,366,449,1715,840,923,19,73.1,1.24e-11,82.353,d:TSAR,p:Stramenopiles-Gyrista,c:Mediophyceae,o:Chaetocerotales,f:Chaetocerotaceae,g:Bacteriastrum,s:Bacteriastrum_hyalinum,MG972205.1.1715_U;tax,k:Eukaryota,OTU3534.p:Stramenopiles-Gyrista.g:Bacteriastrum
2190,OTU3535,400,1,400,1791,589,993,100,449,4.35e-125,87.01,d:TSAR,p:Rhizaria-Cercozoa,c:Endomyxa,o:Vampyrellida,f:Thalassomyxa-lineage,g:Thalassomyxa-lineage_X,s:Thalassomyxa-lineage_X_sp,EU910603.1.1791_U;tax,k:Eukaryota,OTU3535.p:Rhizaria-Cercozoa.g:Thalassomyxa-lineage_X
2191,OTU3536,394,1,394,1663,528,922,100,562,5.27e-159,92.405,d:TSAR,p:Stramenopiles-Bigyra,c:Bicoecea,o:Pseudodendromonadales,f:Pseudodendromonadales_X,g:Pseudodendromonadales_XX,s:Pseudodendromonadales_XX_sp,AB721078.1.1663_U;tax,k:Eukaryota,OTU3536.p:Stramenopiles-Bigyra.g:Pseudodendromonadales_XX
2192,OTU3537,420,179,420,1438,326,567,71,292,8.18e-78,88.477,d:Amoebozoa,p:Tubulinea-Tubulinea_X,c:Elardia,o:Euamoebida,f:Hartmannellidae,g:Copromyxa,s:Copromyxa_microcystidis,KP719188.1.1438_U;tax,k:Eukaryota,OTU3537.p:Tubulinea-Tubulinea_X.g:Copromyxa
2193,OTU3539,428,1,428,989,475,889,100,429,6.08e-119,85.417,d:Amoebozoa,p:Evosea-Evosea_X,c:Variosea,o:Variosea_X,f:Variosea_XX,g:Variosea_XXX,s:Variosea_XXX_sp,EU545726.1.989_U;tax,k:Eukaryota,OTU3539.p:Evosea-Evosea_X.g:Variosea_XXX
2194,OTU3544,407,1,407,1738,516,918,100,521,9.27e-147,90.097,d:TSAR,p:Rhizaria-Cercozoa,c:Filosa-Sarcomonadea,o:Cercomonadida,f:Paracercomonadidae,g:Paracercomonas,s:Paracercomonas_elongata,FJ790729.1.1738_U;tax,k:Eukaryota,OTU3544.p:Rhizaria-Cercozoa.g:Paracercomonas
2195,OTU3546,404,1,404,1813,585,991,100,549,4.22e-155,91.198,d:TSAR,p:Rhizaria-Cercozoa,c:Endomyxa,o:Vampyrellida,f:Leptophryidae,g:Vernalophrys,s:Vernalophrys_algivore,KY852454.1.1813_U;tax,k:Eukaryota,OTU3546.p:Rhizaria-Cercozoa.g:Vernalophrys
2196,OTU3551,392,1,392,1552,437,827,100,562,5.25e-159,92.621,d:TSAR,p:Alveolata-Ciliophora,c:Colpodea,o:Colpodea_X,f:Colpodida,g:Colpoda,s:Colpoda_sp,MT001195.1.1552_U;tax,k:Eukaryota,OTU3551.p:Alveolata-Ciliophora.g:Colpoda
2197,OTU3552,379,135,379,1864,780,1029,65,246,5.79e-64,84.861,d:Amoebozoa,p:Tubulinea-Tubulinea_X,c:Elardia,o:Euamoebida,f:LOS7N/I-lineage,g:Ptolemeba,s:Ptolemeba_bulliensis,LC272073.1.1864_U;tax,k:Eukaryota,OTU3552.p:Tubulinea-Tubulinea_X.g:Ptolemeba
2198,OTU3553,405,1,405,1605,531,925,100,473,2.62e-132,88.293,d:Amoebozoa,p:Tubulinea-Tubulinea_X,c:Elardia,o:Euamoebida,f:Nolandellidae,g:Nolandellidae_X,s:Nolandellidae_X_sp,AF372795.1.1605_U;tax,k:Eukaryota,OTU3553.p:Tubulinea-Tubulinea_X.g:Nolandellidae_X
2199,OTU3558,406,1,406,1878,593,994,100,403,3.49e-111,84.915,d:Amoebozoa,p:Tubulinea-Tubulinea_X,c:Elardia,o:Euamoebida,f:Hartmannellidae,g:Copromyxa,s:Copromyxa_laresi,JQ271679.1.1878_U;tax,k:Eukaryota,OTU3558.p:Tubulinea-Tubulinea_X.g:Copromyxa
2200,OTU3561,396,1,396,1780,581,977,100,616,4.01e-175,94.737,d:Archaeplastida,p:Chlorophyta-Chlorophyta_X,c:Chlorophyceae,o:Chlamydomonadales,f:Chlamydomonadales_X,g:Chlorococcum,s:Chlorococcum_microstigmatum,MT425946.1.1780_U;tax,k:Eukaryota,OTU3561.p:Chlorophyta-Chlorophyta_X.g:Chlorococcum
2201,OTU3565,401,156,401,1742,689,933,61,87.9,3.94e-16,73.913,d:Amoebozoa,p:Tubulinea-Tubulinea_X,c:Elardia,o:Euamoebida,f:Hartmannellidae,g:Hartmannellidae_X,s:Hartmannellidae_X_sp,GU385568.1.1742_U;tax,k:Eukaryota,OTU3565.p:Tubulinea-Tubulinea_X.g:Hartmannellidae_X
2202,OTU3568,419,1,418,676,160,573,99,520,3.44e-146,89.461,d:TSAR,p:Stramenopiles-Bigyra,c:Sagenista,o:Labyrinthulomycetes,f:Amphifilaceae,g:Amphifilaceae_X,s:Amphifilaceae_X_sp,AB572139.1.676_U;tax,k:Eukaryota,OTU3568.p:Stramenopiles-Bigyra.g:Amphifilaceae_X
2203,OTU3569,411,1,411,1797,589,999,100,721,0,98.297,d:TSAR,p:Rhizaria-Cercozoa,c:Filosa-Sarcomonadea,o:Filosa-Sarcomonadea_X,f:Filosa-Sarcomonadea_XX,g:Filosa-Sarcomonadea_XXX,s:Filosa-Sarcomonadea_XXX_sp,KC670829.1.1797_U;tax,k:Eukaryota,OTU3569.p:Rhizaria-Cercozoa.g:Filosa-Sarcomonadea_XXX
2204,OTU3572,408,1,408,1724,502,906,100,357,2.77e-97,83.014,d:TSAR,p:Rhizaria-Cercozoa,c:Filosa-Sarcomonadea,o:Cercomonadida,f:Cercomonadidae,g:Eocercomonas,s:Eocercomonas_echina,FJ790716.1.1724_U;tax,k:Eukaryota,OTU3572.p:Rhizaria-Cercozoa.g:Eocercomonas
2205,OTU3573,388,261,388,1662,777,904,33,115,1.75e-24,82.812,d:TSAR,p:Alveolata-Ciliophora,c:Heterotrichea,o:Heterotrichea_X,f:Blepharismidae,g:Blepharisma,s:Blepharisma_sp,MG832820.1.1662_U;tax,k:Eukaryota,OTU3573.p:Alveolata-Ciliophora.g:Blepharisma
2206,OTU3574,446,199,446,1873,784,1032,56,198,1.95e-49,81.349,d:Amoebozoa,p:Tubulinea-Tubulinea_X,c:Elardia,o:Leptomyxida,f:Flabellulidae,g:Paraflabellula,s:Paraflabellula_hoguae,AF293899.1.1873_U;tax,k:Eukaryota,OTU3574.p:Tubulinea-Tubulinea_X.g:Paraflabellula
2207,OTU3575,393,1,393,1440,461,853,100,621,8.56e-177,95.165,d:TSAR,p:Alveolata-Ciliophora,c:Oligohymenophorea,o:Scuticociliatia_2,f:Scuticociliatia_2_X,g:Scuticociliatia_2_XX,s:Scuticociliatia_2_XX_sp,GU479975.1.1440_U;tax,k:Eukaryota,OTU3575.p:Alveolata-Ciliophora.g:Scuticociliatia_2_XX
2208,OTU3579,396,1,358,918,561,918,90,628,5.15e-179,98.324,d:Archaeplastida,p:Chlorophyta-Chlorophyta_X,c:Trebouxiophyceae,o:Chlorellales,f:Chlorellales_X,g:Chlorellales_XX,s:Chlorellales_XX_sp,KF569739.1.918_U;tax,k:Eukaryota,OTU3579.p:Chlorophyta-Chlorophyta_X.g:Chlorellales_XX
2209,OTU3580,406,165,406,575,217,456,60,119,1.42e-25,76.21,d:TSAR,p:Alveolata-Apicomplexa,c:Coccidiomorphea,o:Piroplasmorida,f:Piroplasmorida1,g:Piroplasmorida1_1,s:Piroplasmorida1_1_sp,FJ209021.1.575_U;tax,k:Eukaryota,OTU3580.p:Alveolata-Apicomplexa.g:Piroplasmorida1_1
2210,OTU3583,402,1,402,1064,500,901,100,449,4.38e-125,87.042,d:TSAR,p:Rhizaria-Cercozoa,c:Filosa-Sarcomonadea,o:Cercomonadida,f:Paracercomonadidae,g:Paracercomonas,s:Paracercomonas_pleomorpha,AY884341.1.1064_U;tax,k:Eukaryota,OTU3583.p:Rhizaria-Cercozoa.g:Paracercomonas
2211,OTU3586,385,1,385,1068,24,409,100,562,5.15e-159,93.023,d:TSAR,p:Alveolata-Ciliophora,c:Colpodea,o:Colpodea_X,f:Cyrtolophosidida,g:Cyrtolophosidida_X,s:Cyrtolophosidida_X_sp,FJ592470.1.1068_U;tax,k:Eukaryota,OTU3586.p:Alveolata-Ciliophora.g:Cyrtolophosidida_X
2212,OTU3590,447,1,447,1738,466,913,100,806,0,99.107,d:Amoebozoa,p:Discosea-Discosea_X,c:Flabellinia,o:Flabellinia_X,f:LKM74-lineage,g:Mycamoeba,s:Mycamoeba_gemmipara,KX687875.1.1738_U;tax,k:Eukaryota,OTU3590.p:Discosea-Discosea_X.g:Mycamoeba
2213,OTU3594,425,1,424,1762,549,959,99,388,1.02e-106,83.765,d:TSAR,p:Stramenopiles-Bigyra,c:Sagenista,o:Labyrinthulomycetes,f:Amphifilaceae,g:Amphifilaceae_X,s:Amphifilaceae_X_sp,AB695537.1.1762_U;tax,k:Eukaryota,OTU3594.p:Stramenopiles-Bigyra.g:Amphifilaceae_X
2214,OTU3595,408,1,408,1847,560,966,100,497,1.57e-139,88.889,d:Amoebozoa,p:Evosea-Evosea_X,c:Variosea,o:Variosea_X,f:Variosea_XX,g:Angulamoeba,s:Angulamoeba_fungorum,KP864084.1.1847_U;tax,k:Eukaryota,OTU3595.p:Evosea-Evosea_X.g:Angulamoeba
2215,OTU3600,391,1,391,1689,543,933,100,556,2.43e-157,92.386,d:TSAR,p:Alveolata-Ciliophora,c:Colpodea,o:Colpodea_X,f:Colpodida,g:Exocolpoda,s:Exocolpoda_augustini,KJ607919.1.1689_U;tax,k:Eukaryota,OTU3600.p:Alveolata-Ciliophora.g:Exocolpoda
2216,OTU3605,402,1,402,1752,566,965,100,464,1.56e-129,87.685,d:TSAR,p:Rhizaria-Cercozoa,c:Filosa-Sarcomonadea,o:Cercomonadida,f:Paracercomonadidae,g:Paracercomonas,s:Paracercomonas_sp,EF032801.1.1752_U;tax,k:Eukaryota,OTU3605.p:Rhizaria-Cercozoa.g:Paracercomonas
2217,OTU3616,405,1,405,1605,531,925,100,540,2.55e-152,91.155,d:Amoebozoa,p:Tubulinea-Tubulinea_X,c:Elardia,o:Euamoebida,f:Nolandellidae,g:Nolandellidae_X,s:Nolandellidae_X_sp,AF372795.1.1605_U;tax,k:Eukaryota,OTU3616.p:Tubulinea-Tubulinea_X.g:Nolandellidae_X
2218,OTU3621,426,1,426,1620,551,953,100,483,4.58e-135,88.056,d:TSAR,p:Rhizaria-Cercozoa,c:Filosa-Sarcomonadea,o:Cercomonadida,f:Cercomonadidae,g:Cercomonas,s:Cercomonas_sp,AB534514.1.1620_U;tax,k:Eukaryota,OTU3621.p:Rhizaria-Cercozoa.g:Cercomonas
2219,OTU3622,400,1,400,1661,472,871,100,695,0,98,d:TSAR,p:Stramenopiles-Gyrista,c:Chrysophyceae,o:Ochromonadales,f:Ochromonadales_clade-XI,g:Ochromonadales_clade-XI_X,s:Ochromonadales_clade-XI_X_sp,AB749064.1.1661_U;tax,k:Eukaryota,OTU3622.p:Stramenopiles-Gyrista.g:Ochromonadales_clade-XI_X
2220,OTU3626,419,175,419,877,172,416,58,337,3.72e-91,91.429,d:Cryptista,p:Cryptophyta-Cryptophyta_X,c:Cryptophyceae,o:Cryptomonadales,f:Cryptomonadales_X,g:Cryptomonadales_XX,s:Cryptomonadales_XX_sp,HQ865053.1.877_U;tax,k:Eukaryota,OTU3626.p:Cryptophyta-Cryptophyta_X.g:Cryptomonadales_XX
2221,OTU3628,402,1,402,1835,604,1005,100,499,4.29e-140,89.136,d:Excavata,p:Metamonada-Preaxostyla,c:Preaxostyla_X,o:Preaxostyla_XX,f:Trimastigidae,g:Trimastix,s:Trimastix_marina,KT380017.1.1835_U;tax,k:Eukaryota,OTU3628.p:Metamonada-Preaxostyla.g:Trimastix
2222,OTU3629,408,1,408,1097,24,430,100,547,1.53e-154,90.931,d:TSAR,p:Rhizaria-Cercozoa,c:Filosa-Sarcomonadea,o:Glissomonadida,f:Sandonidae,g:Sandonidae_X,s:Sandonidae_X_sp,FJ592249.1.1097_U;tax,k:Eukaryota,OTU3629.p:Rhizaria-Cercozoa.g:Sandonidae_X
2223,OTU3630,438,1,48,1463,601,648,11,78.7,2.6e-13,95.833,d:Excavata,p:Discoba-Discoba_X,c:Heterolobosea,o:Tetramitia_III,f:Tulamoebidae,g:Tulamoeba,s:Tulamoeba_sp,KT210085.1.1463_U;tax,k:Eukaryota,OTU3630.p:Discoba-Discoba_X.g:Tulamoeba
2224,OTU3634,407,1,407,1581,586,993,100,531,1.54e-149,90.196,d:TSAR,p:Rhizaria-Cercozoa,c:Filosa-Sarcomonadea,o:Glissomonadida,f:Bodomorphidae,g:Bodomorpha,s:Bodomorpha_sp,EU647174.1.1581_U;tax,k:Eukaryota,OTU3634.p:Rhizaria-Cercozoa.g:Bodomorpha
2225,OTU3635,390,1,390,1635,516,905,100,682,0,98.205,d:TSAR,p:Alveolata-Ciliophora,c:Colpodea,o:Colpodea_X,f:Colpodida,g:Colpoda,s:Colpoda_sp,MT001201.1.1635_U;tax,k:Eukaryota,OTU3635.p:Alveolata-Ciliophora.g:Colpoda
2226,OTU3636,405,1,405,1801,576,981,100,599,4.14e-170,93.35,d:TSAR,p:Rhizaria-Cercozoa,c:Endomyxa,o:Vampyrellida,f:Thalassomyxa-lineage,g:Thalassomyxa,s:Thalassomyxa_sp,KC779515.1.1801_U;tax,k:Eukaryota,OTU3636.p:Rhizaria-Cercozoa.g:Thalassomyxa
2227,OTU3640,392,1,392,1632,512,901,100,651,0,96.684,d:TSAR,p:Alveolata-Ciliophora,c:Colpodea,o:Colpodea_X,f:Colpodida,g:Colpoda,s:Colpoda_sp,MT001200.1.1632_U;tax,k:Eukaryota,OTU3640.p:Alveolata-Ciliophora.g:Colpoda
2228,OTU3644,386,138,386,1827,751,1000,80,255,9.81e-67,85.2,d:Amoebozoa,p:Tubulinea-Tubulinea_X,c:Echinamoebida,o:Echinamoebida_X,f:Echinamoebidae,g:Echinamoeba,s:Echinamoeba_sp,GU290114.1.1827_U;tax,k:Eukaryota,OTU3644.p:Tubulinea-Tubulinea_X.g:Echinamoeba
2229,OTU3645,411,1,411,895,27,430,100,492,7.34e-138,88.592,d:TSAR,p:Stramenopiles-Bigyra,c:Sagenista,o:Labyrinthulomycetes,f:Labyrinthulomycetes_LAB13,g:Labyrinthulomycetes_LAB13_X,s:Labyrinthulomycetes_LAB13_X_sp,HQ868118.1.895_U;tax,k:Eukaryota,OTU3645.p:Stramenopiles-Bigyra.g:Labyrinthulomycetes_LAB13_X
2230,OTU3646,390,1,390,1605,531,925,100,331,1.6e-89,82.25,d:Amoebozoa,p:Tubulinea-Tubulinea_X,c:Elardia,o:Euamoebida,f:Nolandellidae,g:Nolandellidae_X,s:Nolandellidae_X_sp,AF372795.1.1605_U;tax,k:Eukaryota,OTU3646.p:Tubulinea-Tubulinea_X.g:Nolandellidae_X
2231,OTU3647,391,145,391,1899,791,1040,79,254,3.58e-66,85.317,d:Amoebozoa,p:Tubulinea-Tubulinea_X,c:Elardia,o:Leptomyxida,f:Rhizamoeba-saxonica-lineage,g:Rhizamoeba,s:Rhizamoeba_saxonica,EU719197.1.1899_U;tax,k:Eukaryota,OTU3647.p:Tubulinea-Tubulinea_X.g:Rhizamoeba
2232,OTU3648,406,1,406,1801,576,981,100,678,0,96.798,d:TSAR,p:Rhizaria-Cercozoa,c:Endomyxa,o:Vampyrellida,f:Thalassomyxa-lineage,g:Thalassomyxa,s:Thalassomyxa_sp,KC779515.1.1801_U;tax,k:Eukaryota,OTU3648.p:Rhizaria-Cercozoa.g:Thalassomyxa
2233,OTU3650,396,146,396,1873,792,1037,63,243,7.85e-63,84.585,d:Amoebozoa,p:Tubulinea-Tubulinea_X,c:Elardia,o:Leptomyxida,f:Flabellulidae,g:Flabellula,s:Flabellula_citata,EU852654.1.1873_U;tax,k:Eukaryota,OTU3650.p:Tubulinea-Tubulinea_X.g:Flabellula
2234,OTU3651,390,1,390,685,268,656,100,508,6.89e-143,90.281,d:TSAR,p:Alveolata-Ciliophora,c:Plagiopylea,o:Plagiopylea_X,f:Plagiopylea_XX,g:Plagiopylea_XXX,s:Plagiopylea_XXX_sp,JX268831.1.685_U;tax,k:Eukaryota,OTU3651.p:Alveolata-Ciliophora.g:Plagiopylea_XXX
2235,OTU3652,411,1,411,1878,593,994,100,335,1.31e-90,81.928,d:Amoebozoa,p:Tubulinea-Tubulinea_X,c:Elardia,o:Euamoebida,f:Hartmannellidae,g:Copromyxa,s:Copromyxa_laresi,JQ271679.1.1878_U;tax,k:Eukaryota,OTU3652.p:Tubulinea-Tubulinea_X.g:Copromyxa
2236,OTU3653,392,1,392,1674,557,948,100,719,0,99.745,d:TSAR,p:Alveolata-Ciliophora,c:Spirotrichea,o:Hypotrichia,f:Pseudourostylidae,g:Pseudourostyla,s:Pseudourostyla_sp,JN887467.1.1674_U;tax,k:Eukaryota,OTU3653.p:Alveolata-Ciliophora.g:Pseudourostyla
2237,OTU3655,410,1,410,989,475,889,100,424,2.71e-117,85.476,d:Amoebozoa,p:Evosea-Evosea_X,c:Variosea,o:Variosea_X,f:Variosea_XX,g:Variosea_XXX,s:Variosea_XXX_sp,EU545726.1.989_U;tax,k:Eukaryota,OTU3655.p:Evosea-Evosea_X.g:Variosea_XXX
2238,OTU3656,406,1,406,599,1,401,100,318,1.3e-85,81.311,d:Amoebozoa,p:Tubulinea-Tubulinea_X,c:Elardia,o:Euamoebida,f:Vermamoebidae,g:Vermamoeba,s:Vermamoeba_vermiformis,OP297013.1.599_U;tax,k:Eukaryota,OTU3656.p:Tubulinea-Tubulinea_X.g:Vermamoeba
2239,OTU3657,421,1,421,1678,591,997,100,566,4.38e-160,91.469,d:Amoebozoa,p:Tubulinea-Tubulinea_X,c:Elardia,o:Leptomyxida,f:Rhizamoeba-saxonica-lineage,g:Rhizamoeba,s:Rhizamoeba_australiensis,KT945252.1.1678_U;tax,k:Eukaryota,OTU3657.p:Tubulinea-Tubulinea_X.g:Rhizamoeba
2240,OTU3658,396,1,396,1670,534,928,100,608,6.72e-173,94.458,d:TSAR,p:Alveolata-Chrompodellids,c:Colpodellidea,o:Colpodellida,f:Colpodellaceae,g:Voromonas,s:Voromonas_sp,AB721057.1.1670_U;tax,k:Eukaryota,OTU3658.p:Alveolata-Chrompodellids.g:Voromonas
2241,OTU3662,408,1,408,1883,578,989,100,298,1.7e-79,80.378,d:Amoebozoa,p:Evosea-Evosea_X,c:Variosea,o:Fractovitellida,f:Schizoplasmodiidae,g:Ceratiomyxella,s:Ceratiomyxella_tahitiensis,FJ544419.1.1883_U;tax,k:Eukaryota,OTU3662.p:Evosea-Evosea_X.g:Ceratiomyxella
2242,OTU3663,398,1,398,744,198,595,100,713,0,98.995,d:Archaeplastida,p:Chlorophyta-Chlorophyta_X,c:Chlorophyceae,o:Chlamydomonadales,f:Chlamydomonadales_X,g:Chlorosarcinopsis,s:Chlorosarcinopsis_sp,JN086472.1.744_U;tax,k:Eukaryota,OTU3663.p:Chlorophyta-Chlorophyta_X.g:Chlorosarcinopsis
2243,OTU3664,404,1,404,1763,563,966,100,669,0,96.535,d:TSAR,p:Rhizaria-Cercozoa,c:Endomyxa,o:Vampyrellida,f:Sey055-lineage,g:Sey055-lineage_X,s:Sey055-lineage_X_sp,AB695521.1.1763_U;tax,k:Eukaryota,OTU3664.p:Rhizaria-Cercozoa.g:Sey055-lineage_X
2244,OTU3665,399,1,399,1789,572,970,100,726,0,99.499,d:TSAR,p:Stramenopiles-Gyrista,c:Chrysophyceae,o:Ochromonadales,f:Ochromonadaceae,g:Chlorochromonas,s:Chlorochromonas_sp,M32704.1.1789_U;tax,k:Eukaryota,OTU3665.p:Stramenopiles-Gyrista.g:Chlorochromonas
2245,OTU3666,379,1,379,1671,531,909,100,523,2.39e-147,91.623,d:TSAR,p:Alveolata-Ciliophora,c:Armophorea,o:Armophorea_X,f:Apometopidae,g:Urostomides,s:Urostomides_bacillatus,KY025569.1.1671_U;tax,k:Eukaryota,OTU3666.p:Alveolata-Ciliophora.g:Urostomides
2246,OTU3667,408,1,408,1841,551,955,100,568,1.18e-160,91.971,d:Archaeplastida,p:Rhodophyta-Rhodophyta_X,c:Bangiophyceae,o:Cyanidiales,f:Cyanidiales_X,g:Cyanidiales_XX,s:Cyanidiales_XX_sp,AB695530.1.1841_U;tax,k:Eukaryota,OTU3667.p:Rhodophyta-Rhodophyta_X.g:Cyanidiales_XX
2247,OTU3669,408,1,408,1271,570,979,100,673,0,96.341,d:TSAR,p:Rhizaria-Cercozoa,c:Filosa-Granofilosea,o:Filosa-Granofilosea_X,f:Novel-Gran-6,g:Novel-Gran-6_X,s:Novel-Gran-6_X_sp,AY620300.1.1271_U;tax,k:Eukaryota,OTU3669.p:Rhizaria-Cercozoa.g:Novel-Gran-6_X
2248,OTU3670,400,1,400,1623,326,725,100,689,0,97.75,d:Amoebozoa,p:Evosea-Eumycetozoa,c:Eumycetozoa_X,o:Dictyosteliida,f:Dictyosteliida-Group-IV,g:Polysphondylium-Group-IV,s:Polysphondylium_violaceum,HQ732201.1.2473_U;tax,k:Eukaryota,OTU3670.p:Evosea-Eumycetozoa.g:Polysphondylium-Group-IV
2249,OTU3674,422,172,422,1650,652,894,59,213,6.58e-54,82.609,d:Archaeplastida,p:Streptophyta-Streptophyta_X,c:Mesostigmatophyceae,o:Mesostigmatophyceae_X,f:Mesostigmatophyceae_XX,g:Mesostigmatophyceae_XXX,s:Mesostigmatophyceae_XXX_sp,AB330053.1.1650_U;tax,k:Eukaryota,OTU3674.p:Streptophyta-Streptophyta_X.g:Mesostigmatophyceae_XXX
2250,OTU3678,436,1,436,847,25,460,100,789,0,99.312,d:Amoebozoa,p:Evosea-Eumycetozoa,c:Myxogastria_Fuscisporidia,o:Physarida,f:Physaridae,g:Hyperamoeba,s:Hyperamoeba_sp,FJ747494.1.847_U;tax,k:Eukaryota,OTU3678.p:Evosea-Eumycetozoa.g:Hyperamoeba
2251,OTU3680,401,1,401,1605,531,925,100,492,7.15e-138,89.189,d:Amoebozoa,p:Tubulinea-Tubulinea_X,c:Elardia,o:Euamoebida,f:Nolandellidae,g:Nolandellidae_X,s:Nolandellidae_X_sp,AF372795.1.1605_U;tax,k:Eukaryota,OTU3680.p:Tubulinea-Tubulinea_X.g:Nolandellidae_X
2252,OTU3682,420,1,420,989,475,889,100,632,4.24e-180,94.062,d:Amoebozoa,p:Evosea-Evosea_X,c:Variosea,o:Variosea_X,f:Variosea_XX,g:Variosea_XXX,s:Variosea_XXX_sp,EU545726.1.989_U;tax,k:Eukaryota,OTU3682.p:Evosea-Evosea_X.g:Variosea_XXX
2253,OTU3683,393,1,393,1183,493,885,100,671,0,97.455,d:Cryptista,p:Cryptophyta-Cryptophyta_X,c:Cryptophyceae,o:Goniomonadales,f:Goniomonadales_X,g:Goniomonas,s:Goniomonas_sp,KX431494.1.1183_U;tax,k:Eukaryota,OTU3683.p:Cryptophyta-Cryptophyta_X.g:Goniomonas
2254,OTU3686,419,1,413,1759,964,552,99,741,0,99.031,d:TSAR,p:Alveolata-Ciliophora,c:Spirotrichea,o:Hypotrichia,f:Oxytrichidae,g:Oxytrichidae_X,s:Oxytrichidae_X_sp,EF024639.1.1759_U;tax,k:Eukaryota,OTU3686.p:Alveolata-Ciliophora.g:Oxytrichidae_X
2255,OTU3687,398,1,398,1581,472,869,100,725,0,99.497,d:Archaeplastida,p:Chlorophyta-Chlorophyta_X,c:Trebouxiophyceae,o:Prasiolales,f:Prasiolales_X,g:Stichococcus,s:Stichococcus_sp,MH049341.1.1581_U;tax,k:Eukaryota,OTU3687.p:Chlorophyta-Chlorophyta_X.g:Stichococcus
2256,OTU3688,410,1,410,1860,570,980,100,470,3.43e-131,87.44,d:Amoebozoa,p:Evosea-Evosea_X,c:Variosea,o:Variosea_X,f:Variosea_XX,g:Variosea_XXX,s:Variosea_XXX_sp,AB695458.1.1860_U;tax,k:Eukaryota,OTU3688.p:Evosea-Evosea_X.g:Variosea_XXX
2257,OTU3689,397,1,397,1599,1022,1417,100,582,4.08e-165,93.216,d:Archaeplastida,p:Chlorophyta-Chlorophyta_X,c:Trebouxiophyceae,o:Chlorellales,f:Chlorellales_X,g:Chlorella,s:Chlorella_sp,KJ756814.1.1599_U;tax,k:Eukaryota,OTU3689.p:Chlorophyta-Chlorophyta_X.g:Chlorella
2258,OTU3691,406,1,406,1605,531,925,100,512,5.56e-144,89.951,d:Amoebozoa,p:Tubulinea-Tubulinea_X,c:Elardia,o:Euamoebida,f:Nolandellidae,g:Nolandellidae_X,s:Nolandellidae_X_sp,AF372795.1.1605_U;tax,k:Eukaryota,OTU3691.p:Tubulinea-Tubulinea_X.g:Nolandellidae_X
2259,OTU3693,402,1,402,1605,531,925,100,470,3.36e-131,88.235,d:Amoebozoa,p:Tubulinea-Tubulinea_X,c:Elardia,o:Euamoebida,f:Nolandellidae,g:Nolandellidae_X,s:Nolandellidae_X_sp,AF372795.1.1605_U;tax,k:Eukaryota,OTU3693.p:Tubulinea-Tubulinea_X.g:Nolandellidae_X
2260,OTU3694,424,182,424,1253,735,977,71,411,2.18e-113,97.119,d:TSAR,p:Rhizaria-Cercozoa,c:Cercozoa_X,o:Cercozoa_XX,f:Cercozoa_XXX,g:Cercozoa_XXXX,s:Cercozoa_XXXX_sp,AY620297.1.1253_U;tax,k:Eukaryota,OTU3694.p:Rhizaria-Cercozoa.g:Cercozoa_XXXX
2261,OTU3695,404,1,404,1877,592,1000,100,440,2.65e-122,86.408,d:Amoebozoa,p:Evosea-Evosea_X,c:Variosea,o:Variosea_X,f:Variosea_XX,g:Variosea_XXX,s:Variosea_XXX_sp,EF024417.1.1877_U;tax,k:Eukaryota,OTU3695.p:Evosea-Evosea_X.g:Variosea_XXX
2262,OTU3696,373,1,373,2226,1038,1407,100,436,3.15e-121,88.032,d:Amoebozoa,p:Tubulinea-Tubulinea_X,c:Elardia,o:Euamoebida,f:LOS7N/I-lineage,g:Ptolemeba,s:Ptolemeba_noxubium,KJ542110.1.2226_U;tax,k:Eukaryota,OTU3696.p:Tubulinea-Tubulinea_X.g:Ptolemeba
2263,OTU3698,407,171,407,951,122,358,58,172,1.08e-41,80.083,d:TSAR,p:Telonemia-Telonemia_X,c:Telonemia_XX,o:Telonemia_XXX,f:Telonemia-Group-2,g:Telonemia-Group-2_X,s:Telonemia-Group-2_X_sp,GQ365802.1.951_U;tax,k:Eukaryota,OTU3698.p:Telonemia-Telonemia_X.g:Telonemia-Group-2_X
2264,OTU3699,408,1,408,1779,581,988,100,627,1.91e-178,94.39,d:TSAR,p:Stramenopiles-Gyrista,c:Xanthophyceae,o:Xanthophyceae_X,f:Xanthophyceae_XX,g:Pseudopleurochloris,s:Pseudopleurochloris_antarctica,AF109729.1.1779_U;tax,k:Eukaryota,OTU3699.p:Stramenopiles-Gyrista.g:Pseudopleurochloris
2265,OTU3700,409,1,409,1486,496,902,100,582,4.21e-165,92.476,d:TSAR,p:Rhizaria-Cercozoa,c:Filosa-Sarcomonadea,o:Glissomonadida,f:Sandonidae,g:Sandonidae_X,s:Sandonidae_X_sp,EU709176.15.1500_U;tax,k:Eukaryota,OTU3700.p:Rhizaria-Cercozoa.g:Sandonidae_X
2266,OTU3701,368,1,368,2226,1038,1407,100,399,4.07e-110,86.472,d:Amoebozoa,p:Tubulinea-Tubulinea_X,c:Elardia,o:Euamoebida,f:LOS7N/I-lineage,g:Ptolemeba,s:Ptolemeba_noxubium,KJ542110.1.2226_U;tax,k:Eukaryota,OTU3701.p:Tubulinea-Tubulinea_X.g:Ptolemeba
2267,OTU3705,402,1,402,735,173,574,100,621,8.77e-177,94.527,d:TSAR,p:Stramenopiles-Bigyra,c:Sagenista,o:Labyrinthulomycetes,f:Labyrinthulaceae,g:Labyrinthulaceae_X,s:Labyrinthulaceae_X_sp,FJ389881.1.735_U;tax,k:Eukaryota,OTU3705.p:Stramenopiles-Bigyra.g:Labyrinthulaceae_X
2268,OTU3707,423,1,423,1879,591,1019,100,527,2.08e-148,89.12,d:TSAR,p:Stramenopiles-Bigyra,c:Sagenista,o:Labyrinthulomycetes,f:Amphifilaceae,g:Sorodiplophrys,s:Sorodiplophrys_stercorea,KU728176.1.1879_U;tax,k:Eukaryota,OTU3707.p:Stramenopiles-Bigyra.g:Sorodiplophrys
2269,OTU3708,394,1,394,1132,567,971,100,593,1.87e-168,93.596,d:TSAR,p:Rhizaria-Cercozoa,c:Filosa-Sarcomonadea,o:Cercomonadida,f:Cercomonadidae,g:Eocercomonas,s:Eocercomonas_sp,AY884316.1.1132_U;tax,k:Eukaryota,OTU3708.p:Rhizaria-Cercozoa.g:Eocercomonas
2270,OTU3709,374,129,374,1741,719,966,79,335,1.18e-90,91.27,d:TSAR,p:Stramenopiles-Bigyra,c:Sagenista,o:Labyrinthulomycetes,f:Amphifilaceae,g:Fibrophrys,s:Fibrophrys_sp,AY919687.1.1741_U;tax,k:Eukaryota,OTU3709.p:Stramenopiles-Bigyra.g:Fibrophrys
2271,OTU3712,395,41,395,818,1,362,90,440,2.59e-122,88.981,d:TSAR,p:Stramenopiles-Bigyra,c:Sagenista,o:Labyrinthulomycetes,f:Amphitraemidae,g:Archerella,s:Archerella_sp,EF586082.1.818_U;tax,k:Eukaryota,OTU3712.p:Stramenopiles-Bigyra.g:Archerella
2272,OTU3717,415,1,415,1894,592,1007,100,363,6.07e-99,82.742,d:Amoebozoa,p:Tubulinea-Tubulinea_X,c:Elardia,o:Euamoebida,f:Hartmannellidae,g:Hartmannellidae_X,s:Hartmannellidae_X_sp,HQ687486.1.1894_U;tax,k:Eukaryota,OTU3717.p:Tubulinea-Tubulinea_X.g:Hartmannellidae_X
2273,OTU3720,397,1,397,1528,478,874,100,623,2.4e-177,94.975,d:Archaeplastida,p:Chlorophyta-Chlorophyta_X,c:Chlorophyceae,o:Chlamydomonadales,f:Chlamydomonadales_X,g:Chlamydomonas,s:Chlamydomonas_bilatus,AF517098.1.1528_U;tax,k:Eukaryota,OTU3720.p:Chlorophyta-Chlorophyta_X.g:Chlamydomonas
2274,OTU3721,414,1,414,1738,550,963,100,499,4.42e-140,88.599,d:TSAR,p:Stramenopiles-Bigyra,c:Sagenista,o:Labyrinthulomycetes,f:Amphifilaceae,g:Fibrophrys,s:Fibrophrys_sp,AY919705.1.1738_U;tax,k:Eukaryota,OTU3721.p:Stramenopiles-Bigyra.g:Fibrophrys
2275,OTU3722,404,1,404,1850,595,1021,100,424,2.67e-117,85.514,d:Amoebozoa,p:Tubulinea-Tubulinea_X,c:Echinamoebida,o:Echinamoebida_X,f:Echinamoebidae,g:Echinamoeba,s:Echinamoeba_thermarum,AJ489263.1.1850_U;tax,k:Eukaryota,OTU3722.p:Tubulinea-Tubulinea_X.g:Echinamoeba
2276,OTU3728,391,1,391,1776,577,965,100,505,8.94e-142,90.076,d:TSAR,p:Stramenopiles-Bigyra,c:Bicoecea,o:Pseudodendromonadales,f:Pseudodendromonadales_X,g:Pseudodendromonadales_XX,s:Pseudodendromonadales_XX_sp,GU290071.1.1776_U;tax,k:Eukaryota,OTU3728.p:Stramenopiles-Bigyra.g:Pseudodendromonadales_XX
2277,OTU3755,400,1,400,1812,594,991,100,599,4.09e-170,93.781,d:TSAR,p:Stramenopiles-Bigyra,c:Bicoecea,o:Bicoecales,f:Bicoecaceae,g:Bicosoeca,s:Bicosoeca_sp,GU290103.1.1812_U;tax,k:Eukaryota,OTU3755.p:Stramenopiles-Bigyra.g:Bicosoeca
2278,OTU3758,445,194,445,1883,740,989,79,315,1.85e-84,89.37,d:Amoebozoa,p:Evosea-Evosea_X,c:Variosea,o:Fractovitellida,f:Schizoplasmodiidae,g:Ceratiomyxella,s:Ceratiomyxella_tahitiensis,FJ544419.1.1883_U;tax,k:Eukaryota,OTU3758.p:Evosea-Evosea_X.g:Ceratiomyxella
2279,OTU3761,417,330,380,3316,1429,1479,12,56.5,1.16e-06,86.275,d:Amoebozoa,p:Evosea-Eumycetozoa,c:Myxogastria_Lucisporidia,o:Myxogastria_Lucisporidia_X,f:Cribrariidae,g:Cribraria,s:Cribraria_cancellata,EF513177.1.3316_G;tax,k:Eukaryota,OTU3761.p:Evosea-Eumycetozoa.g:Cribraria
2280,OTU3762,406,1,406,1802,582,987,100,701,0,97.783,d:TSAR,p:Rhizaria-Cercozoa,c:Filosa-Sarcomonadea,o:Cercomonadida,f:Cercomonadidae,g:Cercomonas,s:Cercomonas_sp,EF024104.1.1802_U;tax,k:Eukaryota,OTU3762.p:Rhizaria-Cercozoa.g:Cercomonas
2281,OTU3763,403,162,403,1934,810,1058,72,248,1.72e-64,85.2,d:Amoebozoa,p:Evosea-Evosea_X,c:Variosea,o:Flamellidae,f:ATCC50593-lineage,g:ATCC50593-lineage_X,s:ATCC50593-lineage_X_sp,EU273440.1.1934_U;tax,k:Eukaryota,OTU3763.p:Evosea-Evosea_X.g:ATCC50593-lineage_X
2282,OTU3765,399,1,399,1809,594,988,100,595,5.27e-169,93.75,d:TSAR,p:Stramenopiles-Bigyra,c:Bicoecea,o:Bicoecales,f:Bicoecaceae,g:Bicosoeca,s:Bicosoeca_sp,GU290093.1.1809_U;tax,k:Eukaryota,OTU3765.p:Stramenopiles-Bigyra.g:Bicosoeca
2283,OTU3766,409,1,409,2888,1656,2064,100,324,2.82e-87,81.34,d:Amoebozoa,p:Tubulinea-Tubulinea_X,c:Elardia,o:Arcellinida,f:Phryganellina,g:Phryganella,s:Phryganella_paradoxa,MF497374.1.2888_U;tax,k:Eukaryota,OTU3766.p:Tubulinea-Tubulinea_X.g:Phryganella
2284,OTU3767,402,1,402,1752,566,965,100,713,0,98.756,d:TSAR,p:Rhizaria-Cercozoa,c:Filosa-Sarcomonadea,o:Cercomonadida,f:Paracercomonadidae,g:Paracercomonas,s:Paracercomonas_sp,EF032801.1.1752_U;tax,k:Eukaryota,OTU3767.p:Rhizaria-Cercozoa.g:Paracercomonas
2285,OTU3768,426,1,426,715,176,576,100,614,1.56e-174,93.662,d:TSAR,p:Stramenopiles-Bigyra,c:Sagenista,o:Labyrinthulomycetes,f:Labyrinthulaceae,g:Aplanochytrium,s:Aplanochytrium_sp,FJ389869.1.715_U;tax,k:Eukaryota,OTU3768.p:Stramenopiles-Bigyra.g:Aplanochytrium
2286,OTU3769,403,1,403,886,27,425,100,331,1.66e-89,81.995,d:Eukaryota_X,p:Ancyromonadida-Ancyromonadida_X,c:Ancyromonadida_XX,o:Ancyromonadida_XXX,f:Ancyromonadida_Group-1,g:Ancyromonadida_Group-1_X,s:Planomonadidae_Group-1_X_sp,HQ867020.1.886_U;tax,k:Eukaryota,OTU3769.p:Ancyromonadida-Ancyromonadida_X.g:Ancyromonadida_Group-1_X
2287,OTU3770,375,1,375,1360,201,577,100,568,1.08e-160,93.947,d:TSAR,p:Alveolata-Chrompodellids,c:Colpodellidea,o:Colpodellida,f:Colpodellaceae,g:Colpodella,s:Colpodella_sp,EF100235.1.1360_U;tax,k:Eukaryota,OTU3770.p:Alveolata-Chrompodellids.g:Colpodella
2288,OTU3771,411,1,411,1193,508,914,100,568,1.19e-160,91.727,d:TSAR,p:Rhizaria-Cercozoa,c:Filosa-Sarcomonadea,o:Glissomonadida,f:Sandonidae,g:Sandonidae_X,s:Sandonidae_X_sp,EU709208.1.1193_U;tax,k:Eukaryota,OTU3771.p:Rhizaria-Cercozoa.g:Sandonidae_X
2289,OTU3772,417,1,417,1605,531,925,100,534,1.22e-150,90.647,d:Amoebozoa,p:Tubulinea-Tubulinea_X,c:Elardia,o:Euamoebida,f:Nolandellidae,g:Nolandellidae_X,s:Nolandellidae_X_sp,AF372795.1.1605_U;tax,k:Eukaryota,OTU3772.p:Tubulinea-Tubulinea_X.g:Nolandellidae_X
2290,OTU3773,402,1,402,1791,589,993,100,440,2.63e-122,86.453,d:TSAR,p:Rhizaria-Cercozoa,c:Endomyxa,o:Vampyrellida,f:Thalassomyxa-lineage,g:Thalassomyxa-lineage_X,s:Thalassomyxa-lineage_X_sp,EU910603.1.1791_U;tax,k:Eukaryota,OTU3773.p:Rhizaria-Cercozoa.g:Thalassomyxa-lineage_X
2291,OTU3775,409,1,409,1457,463,869,100,355,1e-96,82.898,d:TSAR,p:Rhizaria-Cercozoa,c:Endomyxa,o:Vampyrellida,f:Penardia-lineage,g:Penardia-lineage_X,s:Penardia-lineage_X_sp,GU479951.1.1457_U;tax,k:Eukaryota,OTU3775.p:Rhizaria-Cercozoa.g:Penardia-lineage_X
2292,OTU3777,395,146,395,1596,669,915,63,298,1.65e-79,88.4,d:Amoebozoa,p:Tubulinea-Tubulinea_X,c:Elardia,o:Euamoebida,f:Nolandellidae,g:Nolandellidae_X,s:Nolandellidae_X_sp,HM628631.1.1596_U;tax,k:Eukaryota,OTU3777.p:Tubulinea-Tubulinea_X.g:Nolandellidae_X
2293,OTU3779,414,1,414,1678,591,997,100,564,1.55e-159,91.587,d:Amoebozoa,p:Tubulinea-Tubulinea_X,c:Elardia,o:Leptomyxida,f:Rhizamoeba-saxonica-lineage,g:Rhizamoeba,s:Rhizamoeba_australiensis,KT945252.1.1678_U;tax,k:Eukaryota,OTU3779.p:Tubulinea-Tubulinea_X.g:Rhizamoeba
2294,OTU3780,406,1,406,1285,204,616,100,324,2.8e-87,81.295,d:TSAR,p:Rhizaria-Cercozoa,c:Endomyxa,o:Vampyrellida,f:Penardia-lineage,g:Penardia-lineage_X,s:Penardia-lineage_X_sp,AF372743.1.1285_U;tax,k:Eukaryota,OTU3780.p:Rhizaria-Cercozoa.g:Penardia-lineage_X
2295,OTU3785,403,1,403,1257,562,964,100,728,0,99.256,d:TSAR,p:Rhizaria-Cercozoa,c:Filosa-Sarcomonadea,o:Cercomonadida,f:Paracercomonadidae,g:Paracercomonas,s:Paracercomonas_sp,AY620298.1.1257_U;tax,k:Eukaryota,OTU3785.p:Rhizaria-Cercozoa.g:Paracercomonas
2296,OTU3786,404,1,404,1452,458,861,100,641,0,95.309,d:TSAR,p:Stramenopiles-Bigyra,c:Opalozoa,o:Opalozoa_X,f:MAST-12,g:MAST-12C,s:MAST-12C_sp,GQ330588.1.1452_U;tax,k:Eukaryota,OTU3786.p:Stramenopiles-Bigyra.g:MAST-12C
2297,OTU3787,399,1,399,1676,538,933,100,634,1.12e-180,95.489,d:TSAR,p:Alveolata-Chrompodellids,c:Colpodellidea,o:Colpodellida,f:Alphamonaceae,g:Alphamonadea_ALPH2,s:Alphamonadea_ALPH2_sp,AB721062.1.1676_U;tax,k:Eukaryota,OTU3787.p:Alveolata-Chrompodellids.g:Alphamonadea_ALPH2
2298,OTU3788,402,1,402,1645,585,982,100,340,2.75e-92,82.31,d:TSAR,p:Alveolata-Chrompodellids,c:Colpodellidea,o:Colpodellida,f:Colpodellida_CHR1,g:Colpodellida_CHR1_X,s:Colpodellida_CHR1_X_sp,KC315835.1.1645_U;tax,k:Eukaryota,OTU3788.p:Alveolata-Chrompodellids.g:Colpodellida_CHR1_X
2299,OTU3789,411,1,411,1499,492,898,100,468,1.24e-130,87.47,d:TSAR,p:Rhizaria-Cercozoa,c:Filosa-Sarcomonadea,o:Glissomonadida,f:Sandonidae,g:Sandona,s:Sandona_limna,HQ918177.1.1499_U;tax,k:Eukaryota,OTU3789.p:Rhizaria-Cercozoa.g:Sandona
2300,OTU3790,388,1,388,1685,555,942,100,667,0,97.68,d:TSAR,p:Alveolata-Ciliophora,c:Colpodea,o:Colpodea_X,f:Bursariomorphida,g:Bryometopus,s:Bryometopus_pseudochilodon,EU039887.1.1685_U;tax,k:Eukaryota,OTU3790.p:Alveolata-Ciliophora.g:Bryometopus
2301,OTU3791,426,1,426,1750,546,972,100,715,0,96.956,d:TSAR,p:Rhizaria-Cercozoa,c:Filosa-Thecofilosea,o:Tectofilosida,f:Tectofilosida_X,g:Fisculla,s:Fisculla_terrestris,KT809356.1.1750_U;tax,k:Eukaryota,OTU3791.p:Rhizaria-Cercozoa.g:Fisculla
2302,OTU3792,377,1,377,1677,531,909,100,532,3.94e-150,92.167,d:TSAR,p:Alveolata-Ciliophora,c:Armophorea,o:Armophorea_X,f:Armophorea_XX,g:Heterometopus,s:Heterometopus_sp,LN869939.1.1677_U;tax,k:Eukaryota,OTU3792.p:Alveolata-Ciliophora.g:Heterometopus
2303,OTU3797,394,1,394,1872,643,1035,100,422,9.34e-117,86.181,d:Amoebozoa,p:Tubulinea-Tubulinea_X,c:Elardia,o:Leptomyxida,f:Flabellulidae,g:Flabellula,s:Flabellula_schaefferi,JQ271708.1.1872_U;tax,k:Eukaryota,OTU3797.p:Tubulinea-Tubulinea_X.g:Flabellula
2304,OTU3798,451,330,451,2025,83,204,27,159,9.31e-38,90.244,d:Archaeplastida,p:Streptophyta-Streptophyta_X,c:Klebsormidiophyceae,o:Klebsormidiophyceae_X,f:Klebsormidiophyceae_XX,g:Klebsormidium,s:Klebsormidium_delicatum,MH971176.1.2025_U;tax,k:Eukaryota,OTU3798.p:Streptophyta-Streptophyta_X.g:Klebsormidium
2305,OTU3799,405,161,405,1849,776,1020,60,381,1.63e-104,94.694,d:Amoebozoa,p:Tubulinea-Tubulinea_X,c:Echinamoebida,o:Echinamoebida_X,f:Echinamoebidae,g:Echinamoeba,s:Echinamoeba_thermarum,AJ489267.1.1849_U;tax,k:Eukaryota,OTU3799.p:Tubulinea-Tubulinea_X.g:Echinamoeba
2306,OTU3801,381,140,381,1760,740,976,64,132,1.7e-29,77.236,d:TSAR,p:Stramenopiles-Gyrista,c:Mediophyceae,o:Thalassiosirales,f:Skeletonemaceae,g:Skeletonema,s:Skeletonema_costatum,AY684944.1.1760_U;tax,k:Eukaryota,OTU3801.p:Stramenopiles-Gyrista.g:Skeletonema
2307,OTU3802,328,1,327,737,5,331,99,549,3.37e-155,96.96,d:TSAR,p:Alveolata-Ciliophora,c:Litostomatea,o:Litostomatea_X,f:Litostomatea_XX,g:Litostomatea_XXX,s:Litostomatea_XXX_sp,AY124366.1.737_U;tax,k:Eukaryota,OTU3802.p:Alveolata-Ciliophora.g:Litostomatea_XXX
2308,OTU3804,407,1,407,1409,416,822,100,608,6.92e-173,93.612,d:TSAR,p:Rhizaria-Cercozoa,c:Filosa-Sarcomonadea,o:Glissomonadida,f:Sandonidae,g:Sandona,s:Sandona_sp,EU709173.71.1479_U;tax,k:Eukaryota,OTU3804.p:Rhizaria-Cercozoa.g:Sandona
2309,OTU3805,426,1,426,1238,11,416,100,303,3.82e-81,80.6,d:TSAR,p:Rhizaria-Cercozoa,c:Novel-clade-10-12,o:Novel-clade-12,f:NC12B-lineage,g:NC12B-lineage_X,s:NC12B-lineage_X_sp,FJ153639.1.1238_U;tax,k:Eukaryota,OTU3805.p:Rhizaria-Cercozoa.g:NC12B-lineage_X
2310,OTU3806,410,1,410,1786,575,984,100,752,0,99.756,d:Excavata,p:Metamonada-Preaxostyla,c:Preaxostyla_X,o:Preaxostyla_XX,f:Paramastigidae,g:Paratrimastix,s:Paratrimastix_pyriformis,KT388048.1.1786_U;tax,k:Eukaryota,OTU3806.p:Metamonada-Preaxostyla.g:Paratrimastix
2311,OTU3809,418,1,417,676,160,573,99,424,2.77e-117,85.412,d:TSAR,p:Stramenopiles-Bigyra,c:Sagenista,o:Labyrinthulomycetes,f:Amphifilaceae,g:Amphifilaceae_X,s:Amphifilaceae_X_sp,AB572139.1.676_U;tax,k:Eukaryota,OTU3809.p:Stramenopiles-Bigyra.g:Amphifilaceae_X
2312,OTU3811,396,1,396,1743,559,955,100,643,0,95.98,d:Archaeplastida,p:Chlorophyta-Chlorophyta_X,c:Chlorophyceae,o:Chlamydomonadales,f:Chlamydomonadales_X,g:Tetracystis,s:Tetracystis_tetraspora,JN968582.1.1743_U;tax,k:Eukaryota,OTU3811.p:Chlorophyta-Chlorophyta_X.g:Tetracystis
2313,OTU3812,406,1,406,1607,486,891,100,728,0,99.015,d:TSAR,p:Rhizaria-Cercozoa,c:Endomyxa,o:Vampyrellida,f:Leptophryidae,g:Leptophrys,s:Leptophrys_vorax,HE609039.1.1607_U;tax,k:Eukaryota,OTU3812.p:Rhizaria-Cercozoa.g:Leptophrys
2314,OTU3813,404,1,404,1878,593,994,100,368,1.27e-100,83.732,d:Amoebozoa,p:Tubulinea-Tubulinea_X,c:Elardia,o:Euamoebida,f:Hartmannellidae,g:Copromyxa,s:Copromyxa_laresi,JQ271679.1.1878_U;tax,k:Eukaryota,OTU3813.p:Tubulinea-Tubulinea_X.g:Copromyxa
2315,OTU3814,401,1,401,1714,455,857,100,571,8.93e-162,92.327,d:Archaeplastida,p:Rhodophyta-Rhodophyta_X,c:Bangiophyceae,o:Cyanidiales,f:Cyanidiales_X,g:Cyanidiales_XX,s:Cyanidiales_XX_sp,KP864083.1.1714_U;tax,k:Eukaryota,OTU3814.p:Rhodophyta-Rhodophyta_X.g:Cyanidiales_XX
2316,OTU3817,407,1,407,1717,529,938,100,560,1.96e-158,91.484,d:TSAR,p:Rhizaria-Cercozoa,c:Filosa-Sarcomonadea,o:Pansomonadida,f:Agitatidae,g:Agitata,s:Agitata_tremulans,AY748806.1.1717_U;tax,k:Eukaryota,OTU3817.p:Rhizaria-Cercozoa.g:Agitata
2317,OTU3818,390,1,390,1727,560,949,100,660,0,97.187,d:TSAR,p:Alveolata-Ciliophora,c:Colpodea,o:Colpodea_X,f:Colpodida,g:Maryna,s:Maryna_umbrellata,JF747217.1.1727_U;tax,k:Eukaryota,OTU3818.p:Alveolata-Ciliophora.g:Maryna
2318,OTU3819,409,1,409,2888,1656,2064,100,678,0,96.577,d:Amoebozoa,p:Tubulinea-Tubulinea_X,c:Elardia,o:Arcellinida,f:Phryganellina,g:Phryganella,s:Phryganella_paradoxa,MF497374.1.2888_U;tax,k:Eukaryota,OTU3819.p:Tubulinea-Tubulinea_X.g:Phryganella
2319,OTU3821,404,1,404,1464,472,878,100,521,9.19e-147,90.024,d:TSAR,p:Rhizaria-Cercozoa,c:Novel-clade-10-12,o:Novel-clade-10,f:Novel-clade-10_X,g:Novel-clade-10_XX,s:Novel-clade-10_XX_sp,GU479952.1.1464_U;tax,k:Eukaryota,OTU3821.p:Rhizaria-Cercozoa.g:Novel-clade-10_XX
2320,OTU3822,387,1,387,1765,577,963,100,704,0,99.483,d:TSAR,p:Alveolata-Ciliophora,c:Nassophorea,o:Nassophorea_X,f:Nassulida,g:Furgasonia,s:Furgasonia_blochmanni,X65150.1.1765_U;tax,k:Eukaryota,OTU3822.p:Alveolata-Ciliophora.g:Furgasonia
2321,OTU3823,407,1,407,1488,496,901,100,568,1.17e-160,91.932,d:TSAR,p:Rhizaria-Cercozoa,c:Filosa-Sarcomonadea,o:Glissomonadida,f:Sandonidae,g:Sandona,s:Sandona_sp,EU709144.4.1491_U;tax,k:Eukaryota,OTU3823.p:Rhizaria-Cercozoa.g:Sandona
2322,OTU3828,407,1,407,1801,576,981,100,479,5.66e-134,87.99,d:TSAR,p:Rhizaria-Cercozoa,c:Endomyxa,o:Vampyrellida,f:Thalassomyxa-lineage,g:Thalassomyxa,s:Thalassomyxa_sp,KC779515.1.1801_U;tax,k:Eukaryota,OTU3828.p:Rhizaria-Cercozoa.g:Thalassomyxa
2323,OTU3829,417,1,417,1455,553,958,100,261,2.29e-68,78.824,d:Amoebozoa,p:Evosea-Evosea_X,c:Variosea,o:Flamellidae,f:Flamella-lineage,g:Flamella,s:Flamella_pleistocenica,KP219431.1.1455_U;tax,k:Eukaryota,OTU3829.p:Evosea-Evosea_X.g:Flamella
2324,OTU3832,401,1,401,1839,567,967,100,497,1.54e-139,89.109,d:Amoebozoa,p:Evosea-Evosea_X,c:Variosea,o:Variosea_X,f:WIM1-lineage,g:WIM1-lineage_X,s:WIM1-lineage_X_sp,AB695494.1.1839_U;tax,k:Eukaryota,OTU3832.p:Evosea-Evosea_X.g:WIM1-lineage_X
2325,OTU3833,404,164,404,1784,729,969,60,141,3.01e-32,77.366,d:TSAR,p:Stramenopiles-Gyrista,c:Bacillariophyceae,o:Bacillariales,f:Bacillariaceae,g:Nitzschia,s:Nitzschia_clade_epithemoides/thermalis,EF432527.1.1784_U;tax,k:Eukaryota,OTU3833.p:Stramenopiles-Gyrista.g:Nitzschia
2326,OTU3834,385,1,385,726,185,574,100,483,4.12e-135,89.394,d:TSAR,p:Alveolata-Apicomplexa,c:Gregarinomorphea,o:Neogregarinorida,f:Actinocephalidae,g:Ascogregarina,s:Ascogregarina_sp,AY969295.1.726_U;tax,k:Eukaryota,OTU3834.p:Alveolata-Apicomplexa.g:Ascogregarina
2327,OTU3835,387,1,387,1663,529,908,100,375,7.23e-103,84.615,d:TSAR,p:Stramenopiles-Bigyra,c:Bicoecea,o:Pseudodendromonadales,f:Pseudodendromonadales_X,g:Pseudodendromonadales_XX,s:Pseudodendromonadales_XX_sp,AB622297.1.1663_U;tax,k:Eukaryota,OTU3835.p:Stramenopiles-Bigyra.g:Pseudodendromonadales_XX
2328,OTU3838,406,1,61,670,260,320,15,102,1.43e-20,96.721,d:TSAR,p:Alveolata-Ciliophora,c:Heterotrichea,o:Heterotrichea_X,f:Heterotrichea_XX,g:Heterotrichea_XXX,s:Heterotrichea_XXX_sp,JX268906.1.670_U;tax,k:Eukaryota,OTU3838.p:Alveolata-Ciliophora.g:Heterotrichea_XXX
2329,OTU3839,410,1,409,676,160,573,99,494,2.04e-138,88.434,d:TSAR,p:Stramenopiles-Bigyra,c:Sagenista,o:Labyrinthulomycetes,f:Amphifilaceae,g:Amphifilaceae_X,s:Amphifilaceae_X_sp,AB572139.1.676_U;tax,k:Eukaryota,OTU3839.p:Stramenopiles-Bigyra.g:Amphifilaceae_X
2330,OTU3840,387,1,387,1685,545,931,100,604,8.48e-172,94.832,d:TSAR,p:Alveolata-Ciliophora,c:Colpodea,o:Colpodea_X,f:Platyophryida,g:Platyophrya,s:Platyophrya_bromelicola,EU039905.1.1685_U;tax,k:Eukaryota,OTU3840.p:Alveolata-Ciliophora.g:Platyophrya
2331,OTU3841,413,1,413,1605,531,925,100,470,3.46e-131,87.923,d:Amoebozoa,p:Tubulinea-Tubulinea_X,c:Elardia,o:Euamoebida,f:Nolandellidae,g:Nolandellidae_X,s:Nolandellidae_X_sp,AF372795.1.1605_U;tax,k:Eukaryota,OTU3841.p:Tubulinea-Tubulinea_X.g:Nolandellidae_X
2332,OTU3842,375,1,375,2226,1038,1407,100,399,4.15e-110,86.316,d:Amoebozoa,p:Tubulinea-Tubulinea_X,c:Elardia,o:Euamoebida,f:LOS7N/I-lineage,g:Ptolemeba,s:Ptolemeba_noxubium,KJ542110.1.2226_U;tax,k:Eukaryota,OTU3842.p:Tubulinea-Tubulinea_X.g:Ptolemeba
2333,OTU3844,326,1,325,1641,536,862,99,508,5.68e-143,94.848,d:TSAR,p:Alveolata-Ciliophora,c:Litostomatea,o:Litostomatea_X,f:Litostomatea_XX,g:Litostomatea_XXX,s:Litostomatea_XXX_sp,JF263452.1.1641_U;tax,k:Eukaryota,OTU3844.p:Alveolata-Ciliophora.g:Litostomatea_XXX
2334,OTU3845,385,1,385,1688,499,883,100,617,1.08e-175,95.584,d:TSAR,p:Alveolata-Ciliophora,c:Nassophorea,o:Nassophorea_X,f:Nassulida,g:Parafurgasonia,s:Parafurgasonia_sp,KC832955.1.1688_U;tax,k:Eukaryota,OTU3845.p:Alveolata-Ciliophora.g:Parafurgasonia
2335,OTU3846,386,2,386,1022,486,869,99,660,0,97.662,d:TSAR,p:Alveolata-Ciliophora,c:Oligohymenophorea,o:Peritrichia_2,f:Sessilida,g:Sessilida_X,s:Sessilida_X_sp,JN825670.1.1022_U;tax,k:Eukaryota,OTU3846.p:Alveolata-Ciliophora.g:Sessilida_X
2336,OTU3847,407,1,407,2170,577,983,100,680,0,96.814,d:TSAR,p:Rhizaria-Cercozoa,c:Filosa-Sarcomonadea,o:Glissomonadida,f:Bodomorphidae,g:Bodomorpha,s:Bodomorpha_sp,HM536172.1.2170_U;tax,k:Eukaryota,OTU3847.p:Rhizaria-Cercozoa.g:Bodomorpha
2337,OTU3848,385,1,385,1766,577,961,100,595,5.07e-169,94.545,d:TSAR,p:Alveolata-Ciliophora,c:Nassophorea,o:Nassophorea_X,f:Colpodidiidae,g:Colpodidiidae_X,s:Colpodidiidae_X_sp,EU264561.1.1766_U;tax,k:Eukaryota,OTU3848.p:Alveolata-Ciliophora.g:Colpodidiidae_X
2338,OTU3849,410,163,410,1767,733,971,60,228,2.28e-58,83.871,d:TSAR,p:Stramenopiles-Bigyra,c:Sagenista,o:Sagenista_X,f:MAST-4,g:MAST-4C,s:MAST-4C_sp,KF129824.1.1767_U;tax,k:Eukaryota,OTU3849.p:Stramenopiles-Bigyra.g:MAST-4C
2339,OTU3850,403,1,403,1878,593,994,100,444,2.04e-123,86.797,d:Amoebozoa,p:Tubulinea-Tubulinea_X,c:Elardia,o:Euamoebida,f:Hartmannellidae,g:Copromyxa,s:Copromyxa_laresi,JQ271679.1.1878_U;tax,k:Eukaryota,OTU3850.p:Tubulinea-Tubulinea_X.g:Copromyxa
2340,OTU3852,407,1,407,1490,496,902,100,686,0,97.059,d:TSAR,p:Rhizaria-Cercozoa,c:Filosa-Sarcomonadea,o:Glissomonadida,f:Sandonidae,g:Sandona,s:Sandona_sp,EU709147.8.1497_U;tax,k:Eukaryota,OTU3852.p:Rhizaria-Cercozoa.g:Sandona
2341,OTU3855,352,1,236,1635,522,767,92,390,2.33e-107,95.935,d:TSAR,p:Rhizaria-Cercozoa,c:Filosa-Thecofilosea,o:Cryomonadida,f:Rhogostoma-lineage,g:Rhogostoma,s:Rhogostoma_cylindrica,KY905096.1.1635_U;tax,k:Eukaryota,OTU3855.p:Rhizaria-Cercozoa.g:Rhogostoma
2342,OTU3856,419,1,419,1749,547,958,100,590,2.58e-167,92.381,d:Amoebozoa,p:Tubulinea-Tubulinea_X,c:Elardia,o:Leptomyxida,f:Leptomyxidae,g:Leptomyxa,s:Leptomyxa_arborea,KT945254.1.1749_U;tax,k:Eukaryota,OTU3856.p:Tubulinea-Tubulinea_X.g:Leptomyxa
2343,OTU3858,400,2,400,1883,579,989,99,261,2.19e-68,78.846,d:Amoebozoa,p:Evosea-Evosea_X,c:Variosea,o:Fractovitellida,f:Schizoplasmodiidae,g:Ceratiomyxella,s:Ceratiomyxella_tahitiensis,FJ544419.1.1883_U;tax,k:Eukaryota,OTU3858.p:Evosea-Evosea_X.g:Ceratiomyxella
2344,OTU3861,409,1,409,989,475,889,100,351,1.29e-95,82.381,d:Amoebozoa,p:Evosea-Evosea_X,c:Variosea,o:Variosea_X,f:Variosea_XX,g:Variosea_XXX,s:Variosea_XXX_sp,EU545726.1.989_U;tax,k:Eukaryota,OTU3861.p:Evosea-Evosea_X.g:Variosea_XXX
2345,OTU3863,406,1,406,1877,592,1000,100,342,7.72e-93,82.297,d:Amoebozoa,p:Evosea-Evosea_X,c:Variosea,o:Variosea_X,f:Variosea_XX,g:Variosea_XXX,s:Variosea_XXX_sp,EF024417.1.1877_U;tax,k:Eukaryota,OTU3863.p:Evosea-Evosea_X.g:Variosea_XXX
2346,OTU3864,376,1,376,1730,558,926,100,399,4.16e-110,86.28,d:TSAR,p:Alveolata-Chrompodellids,c:Colpodellidea,o:Colpodellida,f:Colpodellaceae,g:Colpodella,s:Colpodella_sp,AY142075.1.1730_U;tax,k:Eukaryota,OTU3864.p:Alveolata-Chrompodellids.g:Colpodella
2347,OTU3865,405,1,405,1126,446,852,100,617,1.14e-175,94.103,d:TSAR,p:Rhizaria-Cercozoa,c:Filosa-Sarcomonadea,o:Glissomonadida,f:Allapsidae,g:Group-Te,s:Group_Te_sp,EU709246.1.1127_U;tax,k:Eukaryota,OTU3865.p:Rhizaria-Cercozoa.g:Group-Te
2348,OTU3866,307,96,307,1709,722,934,96,337,2.66e-91,95.305,d:TSAR,p:Alveolata-Ciliophora,c:Nassophorea,o:Nassophorea_X,f:Microthoracida,g:Trochiliopsis,s:Trochiliopsis_australis,JQ918367.1.1709_U;tax,k:Eukaryota,OTU3866.p:Alveolata-Ciliophora.g:Trochiliopsis
2349,OTU3876,379,1,379,641,35,416,100,652,0,97.644,d:TSAR,p:Alveolata-Chrompodellids,c:Colpodellidea,o:Colpodellida,f:Colpodellaceae,g:Colpodella,s:Colpodella_sp,AY816993.1.641_U;tax,k:Eukaryota,OTU3876.p:Alveolata-Chrompodellids.g:Colpodella
2350,OTU3879,396,1,396,2039,870,1265,100,688,0,97.98,d:Archaeplastida,p:Chlorophyta-Chlorophyta_X,c:Trebouxiophyceae,o:Chlorellales,f:Chlorellales_X,g:Oocystaceae,s:Oocystaceae_sp,LC129529.1.2039_U;tax,k:Eukaryota,OTU3879.p:Chlorophyta-Chlorophyta_X.g:Oocystaceae
2351,OTU3881,407,1,407,1076,11,415,100,440,2.67e-122,86.308,d:TSAR,p:Rhizaria-Cercozoa,c:Filosa-Thecofilosea,o:Ventricleftida,f:Ventrifissuridae,g:Ventrifissuridae_X,s:Ventrifissuridae_X_sp,AY882480.1.1076_U;tax,k:Eukaryota,OTU3881.p:Rhizaria-Cercozoa.g:Ventrifissuridae_X
2352,OTU3882,411,168,411,1943,819,1063,59,285,1.34e-75,87.903,d:Obazoa,p:Opisthokonta-Rotosphaerida,c:Nucleariidea,o:Nucleariida,f:Nucleariida_X,g:Nuclearia,s:Nuclearia_simplex,AF484687.1.1943_U;tax,k:Eukaryota,OTU3882.p:Opisthokonta-Rotosphaerida.g:Nuclearia
2353,OTU3883,408,1,408,1801,576,981,100,603,3.23e-171,93.399,d:TSAR,p:Rhizaria-Cercozoa,c:Endomyxa,o:Vampyrellida,f:Thalassomyxa-lineage,g:Thalassomyxa,s:Thalassomyxa_sp,KC779515.1.1801_U;tax,k:Eukaryota,OTU3883.p:Rhizaria-Cercozoa.g:Thalassomyxa
2354,OTU3884,449,1,449,1656,555,1000,100,377,2.35e-103,82.159,d:Amoebozoa,p:Discosea-Discosea_X,c:Flabellinia,o:Flabellinia_X,f:LKM74-lineage,g:LKM74-lineage_X,s:LKM74-lineage_X_sp,JX312795.1.1656_U;tax,k:Eukaryota,OTU3884.p:Discosea-Discosea_X.g:LKM74-lineage_X
2355,OTU3886,402,1,402,1519,436,839,100,313,5.99e-84,80.788,d:Amoebozoa,p:Tubulinea-Tubulinea_X,c:Elardia,o:Euamoebida,f:Nolandellidae,g:Nolandellidae_X,s:Nolandellidae_X_sp,AY821961.1.1519_U;tax,k:Eukaryota,OTU3886.p:Tubulinea-Tubulinea_X.g:Nolandellidae_X
2356,OTU3890,406,1,406,989,475,889,100,287,3.67e-76,79.905,d:Amoebozoa,p:Evosea-Evosea_X,c:Variosea,o:Variosea_X,f:Variosea_XX,g:Variosea_XXX,s:Variosea_XXX_sp,EU545726.1.989_U;tax,k:Eukaryota,OTU3890.p:Evosea-Evosea_X.g:Variosea_XXX
2357,OTU3891,397,1,397,1605,531,925,100,544,1.93e-153,91.457,d:Amoebozoa,p:Tubulinea-Tubulinea_X,c:Elardia,o:Euamoebida,f:Nolandellidae,g:Nolandellidae_X,s:Nolandellidae_X_sp,AF372795.1.1605_U;tax,k:Eukaryota,OTU3891.p:Tubulinea-Tubulinea_X.g:Nolandellidae_X
2358,OTU3892,359,1,350,1824,933,588,97,571,7.93e-162,96.286,d:Amoebozoa,p:Tubulinea-Tubulinea_X,c:Elardia,o:Euamoebida,f:Nolandellidae,g:Nolandellidae_X,s:Nolandellidae_X_sp,EF023499.1.1824_U;tax,k:Eukaryota,OTU3892.p:Tubulinea-Tubulinea_X.g:Nolandellidae_X
2359,OTU3893,408,1,408,1135,499,904,100,586,3.25e-166,92.647,d:TSAR,p:Rhizaria-Cercozoa,c:Endomyxa,o:Vampyrellida,f:op14-lineage,g:op14-lineage_X,s:op14-lineage_X_sp,EU567268.1.1135_U;tax,k:Eukaryota,OTU3893.p:Rhizaria-Cercozoa.g:op14-lineage_X
2360,OTU3896,404,1,404,1774,569,972,100,658,0,96.04,d:TSAR,p:Rhizaria-Cercozoa,c:Filosa-Sarcomonadea,o:Cercomonadida,f:Paracercomonadidae,g:Metabolomonas,s:Metabolomonas_insania,HM536167.1.1774_U;tax,k:Eukaryota,OTU3896.p:Rhizaria-Cercozoa.g:Metabolomonas
2361,OTU3898,406,1,406,1759,561,966,100,601,1.15e-170,93.35,d:TSAR,p:Rhizaria-Cercozoa,c:Filosa-Sarcomonadea,o:Glissomonadida,f:Allapsidae,g:Allapsidae_X,s:Allapsidae_X_sp,AB695526.1.1759_U;tax,k:Eukaryota,OTU3898.p:Rhizaria-Cercozoa.g:Allapsidae_X
2362,OTU3899,407,1,407,1808,589,995,100,725,0,98.771,d:TSAR,p:Rhizaria-Cercozoa,c:Cercozoa_X,o:Cercozoa_XX,f:Cercozoa_XXX,g:Cercozoa_XXXX,s:Cercozoa_XXXX_sp,EF024287.1.1808_U;tax,k:Eukaryota,OTU3899.p:Rhizaria-Cercozoa.g:Cercozoa_XXXX
2363,OTU3901,402,1,402,1789,577,978,100,732,0,99.502,d:TSAR,p:Stramenopiles-Gyrista,c:Chrysophyceae,o:Segregatospumellales,f:Segregatospumellaceae,g:Segregatospumellaceae_X,s:Segregatospumellaceae_X_sp,AY520450.1.1789_U;tax,k:Eukaryota,OTU3901.p:Stramenopiles-Gyrista.g:Segregatospumellaceae_X
2364,OTU3902,400,1,400,1831,558,957,100,435,1.22e-120,86.453,d:Amoebozoa,p:Evosea-Evosea_X,c:Variosea,o:Variosea_X,f:AND16-lineage,g:AND16-lineage_X,s:AND16-lineage_X_sp,AY965863.1.1831_U;tax,k:Eukaryota,OTU3902.p:Evosea-Evosea_X.g:AND16-lineage_X
2365,OTU3923,369,1,369,1878,560,928,100,671,0,99.458,d:Amoebozoa,p:Evosea-Evosea_X,c:Archamoebea,o:Archamoebea_X,f:Entamoebidae,g:Entamoeba,s:Entamoeba_sp,FR686361.1.1878_U;tax,k:Eukaryota,OTU3923.p:Evosea-Evosea_X.g:Entamoeba
2366,OTU3925,412,1,412,1677,590,996,100,545,5.57e-154,90.821,d:Amoebozoa,p:Tubulinea-Tubulinea_X,c:Elardia,o:Leptomyxida,f:Leptomyxidae,g:Leptomyxa,s:Leptomyxa_neglecta,KT945251.1.1677_U;tax,k:Eukaryota,OTU3925.p:Tubulinea-Tubulinea_X.g:Leptomyxa
2367,OTU3926,422,170,422,989,634,889,74,309,8.16e-83,88.803,d:Amoebozoa,p:Evosea-Evosea_X,c:Variosea,o:Variosea_X,f:Variosea_XX,g:Variosea_XXX,s:Variosea_XXX_sp,EU545726.1.989_U;tax,k:Eukaryota,OTU3926.p:Evosea-Evosea_X.g:Variosea_XXX
2368,OTU3927,395,147,395,1829,743,987,63,252,1.3e-65,85.259,d:Amoebozoa,p:Tubulinea-Tubulinea_X,c:Elardia,o:Leptomyxida,f:Flabellulidae,g:Flabellula,s:Flabellula_pomeranica,KT945249.1.1829_U;tax,k:Eukaryota,OTU3927.p:Tubulinea-Tubulinea_X.g:Flabellula
2369,OTU3928,406,1,406,1198,11,412,100,470,3.4e-131,87.835,d:TSAR,p:Stramenopiles-Bigyra,c:Sagenista,o:Labyrinthulomycetes,f:Amphifilaceae,g:Amphifilaceae_X,s:Amphifilaceae_X_sp,AY046668.1.1198_U;tax,k:Eukaryota,OTU3928.p:Stramenopiles-Bigyra.g:Amphifilaceae_X
2370,OTU3929,403,1,403,1817,592,996,100,436,3.42e-121,86.341,d:TSAR,p:Stramenopiles-Bigyra,c:Sagenista,o:Pseudophyllomitidae,f:MAST-6,g:MAST-6_X,s:MAST-6_X_sp,AF363207.1.1817_U;tax,k:Eukaryota,OTU3929.p:Stramenopiles-Bigyra.g:MAST-6_X
2371,OTU3930,407,1,407,1111,483,889,100,636,0,94.853,d:TSAR,p:Rhizaria-Cercozoa,c:Novel-clade-10-12,o:Tremulida,f:Tremulidae,g:Tremula,s:Tremula_longifila,EU567287.1.1111_U;tax,k:Eukaryota,OTU3930.p:Rhizaria-Cercozoa.g:Tremula
2372,OTU3932,404,1,404,1774,569,972,100,619,3.17e-176,94.307,d:TSAR,p:Rhizaria-Cercozoa,c:Filosa-Sarcomonadea,o:Cercomonadida,f:Paracercomonadidae,g:Metabolomonas,s:Metabolomonas_insania,HM536167.1.1774_U;tax,k:Eukaryota,OTU3932.p:Rhizaria-Cercozoa.g:Metabolomonas
2373,OTU3933,401,1,401,1801,576,981,100,551,1.16e-155,91.379,d:TSAR,p:Rhizaria-Cercozoa,c:Endomyxa,o:Vampyrellida,f:Thalassomyxa-lineage,g:Thalassomyxa,s:Thalassomyxa_sp,KC779515.1.1801_U;tax,k:Eukaryota,OTU3933.p:Rhizaria-Cercozoa.g:Thalassomyxa
2374,OTU3934,407,1,407,1081,476,882,100,401,1.26e-110,84.689,d:TSAR,p:Rhizaria-Cercozoa,c:Filosa-Sarcomonadea,o:Glissomonadida,f:Allapsidae,g:Teretomonas,s:Teretomonas_rotunda,AY620256.1.1081_U;tax,k:Eukaryota,OTU3934.p:Rhizaria-Cercozoa.g:Teretomonas
2375,OTU3936,413,1,413,2888,1656,2064,100,366,4.67e-100,83.055,d:Amoebozoa,p:Tubulinea-Tubulinea_X,c:Elardia,o:Arcellinida,f:Phryganellina,g:Phryganella,s:Phryganella_paradoxa,MF497374.1.2888_U;tax,k:Eukaryota,OTU3936.p:Tubulinea-Tubulinea_X.g:Phryganella
2376,OTU3939,411,1,411,1722,536,944,100,547,1.55e-154,90.843,d:TSAR,p:Alveolata-Dinoflagellata,c:Dinophyceae,o:Prorocentrales,f:Prorocentraceae,g:Prorocentrum,s:Prorocentrum_nanum,DQ388459.1.1722_U;tax,k:Eukaryota,OTU3939.p:Alveolata-Dinoflagellata.g:Prorocentrum
2377,OTU3941,391,1,391,1635,514,904,100,601,1.11e-170,94.402,d:TSAR,p:Alveolata-Ciliophora,c:Colpodea,o:Colpodea_X,f:Colpodida,g:Colpoda,s:Colpoda_sp,MT001196.1.1635_U;tax,k:Eukaryota,OTU3941.p:Alveolata-Ciliophora.g:Colpoda
2378,OTU3942,398,1,398,1839,567,967,100,449,4.33e-125,87.129,d:Amoebozoa,p:Evosea-Evosea_X,c:Variosea,o:Variosea_X,f:WIM1-lineage,g:WIM1-lineage_X,s:WIM1-lineage_X_sp,AB695494.1.1839_U;tax,k:Eukaryota,OTU3942.p:Evosea-Evosea_X.g:WIM1-lineage_X
2379,OTU3943,402,1,402,735,173,574,100,571,8.95e-162,92.289,d:TSAR,p:Stramenopiles-Bigyra,c:Sagenista,o:Labyrinthulomycetes,f:Labyrinthulaceae,g:Labyrinthulaceae_X,s:Labyrinthulaceae_X_sp,FJ389881.1.735_U;tax,k:Eukaryota,OTU3943.p:Stramenopiles-Bigyra.g:Labyrinthulaceae_X
2380,OTU3945,385,1,385,735,173,574,100,455,8.98e-127,87.871,d:TSAR,p:Stramenopiles-Bigyra,c:Sagenista,o:Labyrinthulomycetes,f:Labyrinthulaceae,g:Labyrinthulaceae_X,s:Labyrinthulaceae_X_sp,FJ389881.1.735_U;tax,k:Eukaryota,OTU3945.p:Stramenopiles-Bigyra.g:Labyrinthulaceae_X
2381,OTU3949,397,155,397,1840,755,999,61,174,2.91e-42,79.757,d:Amoebozoa,p:Tubulinea-Tubulinea_X,c:Elardia,o:Euamoebida,f:Vermamoebidae,g:Hartmannella,s:Hartmannella_abertawensis,DQ190241.1.1840_U;tax,k:Eukaryota,OTU3949.p:Tubulinea-Tubulinea_X.g:Hartmannella
2382,OTU3950,421,1,421,1809,577,989,100,494,2.09e-138,88.235,d:TSAR,p:Rhizaria-Cercozoa,c:Endomyxa,o:Vampyrellida,f:Vampyrellida_X,g:Vampyrellida_clade_B,s:Vampyrellida_sp,KC779517.1.1809_U;tax,k:Eukaryota,OTU3950.p:Rhizaria-Cercozoa.g:Vampyrellida_clade_B
2383,OTU3953,408,1,408,1797,584,994,100,684,0,96.837,d:TSAR,p:Rhizaria-Cercozoa,c:Filosa-Sarcomonadea,o:Pansomonadida,f:Pansomonadida_X,g:Pansomonadida_XX,s:Pansomonadida_XX_sp,AY642696.1.1797_U;tax,k:Eukaryota,OTU3953.p:Rhizaria-Cercozoa.g:Pansomonadida_XX
2384,OTU3954,412,1,412,1605,531,925,100,473,2.67e-132,88.164,d:Amoebozoa,p:Tubulinea-Tubulinea_X,c:Elardia,o:Euamoebida,f:Nolandellidae,g:Nolandellidae_X,s:Nolandellidae_X_sp,AF372795.1.1605_U;tax,k:Eukaryota,OTU3954.p:Tubulinea-Tubulinea_X.g:Nolandellidae_X
2385,OTU3955,402,159,402,2888,1822,2064,61,333,4.6e-90,91.393,d:Amoebozoa,p:Tubulinea-Tubulinea_X,c:Elardia,o:Arcellinida,f:Phryganellina,g:Phryganella,s:Phryganella_paradoxa,MF497374.1.2888_U;tax,k:Eukaryota,OTU3955.p:Tubulinea-Tubulinea_X.g:Phryganella
2386,OTU3956,327,1,326,1594,515,839,99,551,9.34e-156,97.239,d:TSAR,p:Alveolata-Ciliophora,c:Litostomatea,o:Litostomatea_X,f:Litostomatea_XX,g:Cultellothrix,s:Cultellothrix_coemeterii,KF733755.1.1594_U;tax,k:Eukaryota,OTU3956.p:Alveolata-Ciliophora.g:Cultellothrix
2387,OTU3957,411,160,411,1878,742,994,75,372,9.98e-102,93.281,d:Amoebozoa,p:Tubulinea-Tubulinea_X,c:Elardia,o:Euamoebida,f:Hartmannellidae,g:Copromyxa,s:Copromyxa_laresi,JQ271679.1.1878_U;tax,k:Eukaryota,OTU3957.p:Tubulinea-Tubulinea_X.g:Copromyxa
2388,OTU3958,417,1,417,1672,504,911,100,584,1.2e-165,92.344,d:Excavata,p:Metamonada-Preaxostyla,c:Preaxostyla_X,o:Preaxostyla_XX,f:Paramastigidae,g:Paratrimastix,s:Paratrimastix_pyriformis,KT388050.1.1672_U;tax,k:Eukaryota,OTU3958.p:Metamonada-Preaxostyla.g:Paratrimastix
2389,OTU3959,406,1,406,2888,1656,2064,100,569,3.25e-161,91.971,d:Amoebozoa,p:Tubulinea-Tubulinea_X,c:Elardia,o:Arcellinida,f:Phryganellina,g:Phryganella,s:Phryganella_paradoxa,MF497374.1.2888_U;tax,k:Eukaryota,OTU3959.p:Tubulinea-Tubulinea_X.g:Phryganella
2390,OTU3960,407,1,407,1053,575,979,100,695,0,97.549,d:TSAR,p:Rhizaria-Cercozoa,c:Filosa-Thecofilosea,o:Cryomonadida,f:Rhogostoma-lineage,g:Rhogostoma-lineage_X,s:Rhogostoma-lineage_X_sp,EU798722.1.1053_U;tax,k:Eukaryota,OTU3960.p:Rhizaria-Cercozoa.g:Rhogostoma-lineage_X
2391,OTU3963,387,1,387,1293,204,597,100,527,1.89e-148,91.206,d:TSAR,p:Alveolata-Ciliophora,c:Phyllopharyngea,o:Synhymenia,f:Orthodonellidae,g:Orthodonellidae_X,s:Orthodonellidae_X_sp,JN705527.1.1293_U;tax,k:Eukaryota,OTU3963.p:Alveolata-Ciliophora.g:Orthodonellidae_X
2392,OTU3965,398,264,398,1726,783,912,34,139,1.06e-31,85.926,d:Archaeplastida,p:Chlorophyta-Chlorophyta_X,c:Chlorophyceae,o:Chlamydomonadales,f:Chlamydomonadales_X,g:Axilosphaera,s:Axilosphaera_sp,MT968391.1.1726_U;tax,k:Eukaryota,OTU3965.p:Chlorophyta-Chlorophyta_X.g:Axilosphaera
2393,OTU3968,397,1,397,1763,554,950,100,728,0,99.748,d:TSAR,p:Stramenopiles-Bigyra,c:Bicoecea,o:Bicoecea_X,f:Bicoecea_XX,g:Bicoecea_XXX,s:Bicoecea_XXX_sp,GU170210.1.1763_U;tax,k:Eukaryota,OTU3968.p:Stramenopiles-Bigyra.g:Bicoecea_XXX
2394,OTU3969,402,164,402,5990,736,972,59,163,6.39e-39,79.424,d:Archaeplastida,p:Rhodophyta-Rhodophyta_X,c:Rhodellophyceae,o:Rhodellales,f:Rhodellales_X,g:Rhodella,s:Rhodella_violacea,MT117934.1.5990_U;tax,k:Eukaryota,OTU3969.p:Rhodophyta-Rhodophyta_X.g:Rhodella
2395,OTU3970,418,1,418,1867,621,1038,100,556,2.61e-157,90.802,d:TSAR,p:Rhizaria-Cercozoa,c:Filosa-Sarcomonadea,o:Glissomonadida,f:Allapsidae,g:Group-Te,s:Group_Te_sp,EF024447.25.1892_U;tax,k:Eukaryota,OTU3970.p:Rhizaria-Cercozoa.g:Group-Te
2396,OTU3971,389,1,389,1762,572,961,100,453,3.27e-126,87.755,d:TSAR,p:Alveolata-Apicomplexa,c:Gregarinomorphea,o:Neogregarinorida,f:Actinocephalidae,g:Monocystis,s:Monocystis_sp,EF024130.1.1762_U;tax,k:Eukaryota,OTU3971.p:Alveolata-Apicomplexa.g:Monocystis
2397,OTU3972,387,203,387,1686,736,920,48,215,1.67e-54,87.568,d:TSAR,p:Alveolata-Dinoflagellata,c:Dinophyceae,o:Gymnodiniales,f:Gymnodiniaceae,g:Pellucidodinium,s:Pellucidodinium_psammophilum,LC027033.1.1686_U;tax,k:Eukaryota,OTU3972.p:Alveolata-Dinoflagellata.g:Pellucidodinium
2398,OTU3973,417,1,417,1122,24,432,100,453,3.52e-126,86.603,d:TSAR,p:Rhizaria-Cercozoa,c:Filosa-Sarcomonadea,o:Glissomonadida,f:Glissomonadida_X,g:Glissomonadida_XX,s:Glissomonadida_XX_sp,FJ592260.1.1122_U;tax,k:Eukaryota,OTU3973.p:Rhizaria-Cercozoa.g:Glissomonadida_XX
2399,OTU3975,408,1,408,1801,585,988,100,556,2.55e-157,91.463,d:TSAR,p:Rhizaria-Cercozoa,c:Filosa-Sarcomonadea,o:Cercomonadida,f:Paracercomonadidae,g:Paracercomonas,s:Paracercomonas_sp,MG775640.1.1801_U;tax,k:Eukaryota,OTU3975.p:Rhizaria-Cercozoa.g:Paracercomonas
2400,OTU3976,399,1,399,1304,496,894,100,693,0,97.995,d:TSAR,p:Alveolata-Dinoflagellata,c:Dinophyceae,o:Suessiales,f:Suessiaceae,g:Suessiaceae_X,s:Suessiaceae_X_sp,AY642722.1.1304_U;tax,k:Eukaryota,OTU3976.p:Alveolata-Dinoflagellata.g:Suessiaceae_X
2401,OTU3977,425,1,55,1810,530,584,13,97.1,6.95e-19,98.182,d:Excavata,p:Discoba-Discoba_X,c:Heterolobosea,o:Tetramitia_VI,f:Tetramitia_VI_X,g:Parafumarolamoeba,s:Parafumarolamoeba_stagnalis,MZ919148.1.1810_U;tax,k:Eukaryota,OTU3977.p:Discoba-Discoba_X.g:Parafumarolamoeba
2402,OTU3978,384,1,55,1793,589,643,14,80.5,6.3e-14,92.727,d:TSAR,p:Stramenopiles-Gyrista,c:Coscinodiscophyceae,o:Stellarimales,f:Stellarimaceae,g:Stellarima,s:Stellarima_microtrias,KJ758165.1.1793_U;tax,k:Eukaryota,OTU3978.p:Stramenopiles-Gyrista.g:Stellarima
2403,OTU3980,427,1,427,1900,577,1020,100,394,2.21e-108,83.7,d:Amoebozoa,p:Evosea-Evosea_X,c:Variosea,o:Variosea_X,f:Mb5C-lineage,g:Mb5C-lineage_X,s:Mb5C-lineage_X_sp,HE575399.1.1900_U;tax,k:Eukaryota,OTU3980.p:Evosea-Evosea_X.g:Mb5C-lineage_X
2404,OTU3981,400,170,400,1845,730,964,70,204,3.74e-51,82.917,d:Amoebozoa,p:Evosea-Evosea_X,c:Variosea,o:Protosteliida,f:Protosteliida_X,g:Protostelium,s:Protostelium_sp,GU290108.1.1845_U;tax,k:Eukaryota,OTU3981.p:Evosea-Evosea_X.g:Protostelium
2405,OTU3983,399,1,399,1676,538,933,100,562,5.35e-159,92.231,d:TSAR,p:Alveolata-Chrompodellids,c:Colpodellidea,o:Colpodellida,f:Alphamonaceae,g:Alphamonadea_ALPH2,s:Alphamonadea_ALPH2_sp,AB721062.1.1676_U;tax,k:Eukaryota,OTU3983.p:Alveolata-Chrompodellids.g:Alphamonadea_ALPH2
2406,OTU3986,416,110,415,756,26,329,74,481,1.61e-134,95.098,d:TSAR,p:Stramenopiles-Bigyra,c:Sagenista,o:Labyrinthulomycetes,f:Amphifilaceae,g:Amphifilaceae_X,s:Amphifilaceae_X_sp,LN587488.1.756_U;tax,k:Eukaryota,OTU3986.p:Stramenopiles-Bigyra.g:Amphifilaceae_X
2407,OTU3987,385,1,385,1753,572,958,100,547,1.44e-154,92.248,d:TSAR,p:Alveolata-Ciliophora,c:Colpodea,o:Colpodea_X,f:Cyrtolophosidida,g:Apocyrtolophosis,s:Apocyrtolophosis_sp,DQ244029.1.1753_U;tax,k:Eukaryota,OTU3987.p:Alveolata-Ciliophora.g:Apocyrtolophosis
2408,OTU3988,401,1,401,1699,497,897,100,658,0,96.269,d:TSAR,p:Stramenopiles-Gyrista,c:Chrysophyceae,o:Ochromonadales,f:Ochromonadaceae,g:Spumella,s:Spumella_sp,AY651089.1.1699_U;tax,k:Eukaryota,OTU3988.p:Stramenopiles-Gyrista.g:Spumella
2409,OTU3990,423,98,423,1932,706,1030,77,390,2.84e-107,88.45,d:Amoebozoa,p:Evosea-Evosea_X,c:Variosea,o:Variosea_X,f:Ischnamoebidae,g:Ischnamoeba,s:Ischnamoeba_montana,KP864092.1.1932_U;tax,k:Eukaryota,OTU3990.p:Evosea-Evosea_X.g:Ischnamoeba
2410,OTU3992,394,1,394,1611,501,895,100,534,1.15e-150,91.184,d:TSAR,p:Stramenopiles-Bigyra,c:Bicoecea,o:Pseudodendromonadales,f:Pseudodendromonadales_X,g:Pseudodendromonadales_XX,s:Pseudodendromonadales_XX_sp,AB771883.1.1611_U;tax,k:Eukaryota,OTU3992.p:Stramenopiles-Bigyra.g:Pseudodendromonadales_XX
2411,OTU3993,393,1,393,1732,559,952,100,665,0,97.208,d:TSAR,p:Alveolata-Ciliophora,c:Spirotrichea,o:Hypotrichia,f:Oxytrichidae,g:Oxytricha,s:Oxytricha_lanceolata,AM412773.1.1732_U;tax,k:Eukaryota,OTU3993.p:Alveolata-Ciliophora.g:Oxytricha
2412,OTU3997,409,1,409,1850,548,961,100,538,9.25e-152,90.361,d:Archaeplastida,p:Rhodophyta-Rhodophyta_X,c:Rhodophyta_XX,o:Rhodophyta_XXX,f:Rhodophyta_XXXX,g:Rhodophyta_XXXXX,s:Rhodophyta_XXXXX_sp,AB695474.1.1850_U;tax,k:Eukaryota,OTU3997.p:Rhodophyta-Rhodophyta_X.g:Rhodophyta_XXXXX
2413,OTU3998,404,1,404,1801,576,981,100,521,9.19e-147,89.951,d:TSAR,p:Rhizaria-Cercozoa,c:Endomyxa,o:Vampyrellida,f:Thalassomyxa-lineage,g:Thalassomyxa,s:Thalassomyxa_sp,KC779515.1.1801_U;tax,k:Eukaryota,OTU3998.p:Rhizaria-Cercozoa.g:Thalassomyxa
2414,OTU3999,401,1,401,1057,488,888,100,713,0,98.753,d:TSAR,p:Stramenopiles-Gyrista,c:Chrysophyceae,o:Paraphysomonadales,f:Paraphysomonadaceae,g:Paraphysomonas,s:Paraphysomonas_sp,KX431468.1.1057_U;tax,k:Eukaryota,OTU3999.p:Stramenopiles-Gyrista.g:Paraphysomonas
2415,OTU4000,399,1,399,1793,584,977,100,682,0,97.744,d:TSAR,p:Alveolata-Dinoflagellata,c:Dinophyceae,o:Dinophyceae_X,f:Dinophyceae_XX,g:Dinophyceae_XXX,s:Dinophyceae_XXX_sp,GU067963.1.1793_U;tax,k:Eukaryota,OTU4000.p:Alveolata-Dinoflagellata.g:Dinophyceae_XXX
2416,OTU4001,387,1,387,1610,479,864,100,486,3.2e-136,89.433,d:TSAR,p:Alveolata-Ciliophora,c:Colpodea,o:Colpodea_X,f:Cyrtolophosidida,g:Apocyrtolophosis,s:Apocyrtolophosis_minor,KJ873044.1.1610_U;tax,k:Eukaryota,OTU4001.p:Alveolata-Ciliophora.g:Apocyrtolophosis
2417,OTU4002,444,205,444,1649,666,903,54,320,3.97e-86,90.871,d:Provora,p:Nibbleridia-Nibbleridia_X,c:Nibbleridea,o:Nibbleridida,f:Nibbleridae,g:Ubysseya,s:Ubysseya_fretuma,OP102006.1.1649_U;tax,k:Eukaryota,OTU4002.p:Nibbleridia-Nibbleridia_X.g:Ubysseya
2418,OTU4004,414,1,414,1927,636,1052,100,745,0,99.041,d:Amoebozoa,p:Tubulinea-Tubulinea_X,c:Elardia,o:Euamoebida,f:LOS7N/I-lineage,g:Ptolemeba,s:Ptolemeba_bulliensis,KJ542108.1.1927_U;tax,k:Eukaryota,OTU4004.p:Tubulinea-Tubulinea_X.g:Ptolemeba
2419,OTU4007,399,1,399,1776,577,965,100,418,1.22e-115,86.104,d:TSAR,p:Stramenopiles-Bigyra,c:Bicoecea,o:Pseudodendromonadales,f:Pseudodendromonadales_X,g:Pseudodendromonadales_XX,s:Pseudodendromonadales_XX_sp,GU290071.1.1776_U;tax,k:Eukaryota,OTU4007.p:Stramenopiles-Bigyra.g:Pseudodendromonadales_XX
2420,OTU4008,402,155,402,1801,734,981,62,281,1.69e-74,87.149,d:TSAR,p:Rhizaria-Cercozoa,c:Endomyxa,o:Vampyrellida,f:Thalassomyxa-lineage,g:Thalassomyxa,s:Thalassomyxa_sp,KC779515.1.1801_U;tax,k:Eukaryota,OTU4008.p:Rhizaria-Cercozoa.g:Thalassomyxa
2421,OTU4009,421,1,421,1677,590,996,100,560,2.04e-158,91.232,d:Amoebozoa,p:Tubulinea-Tubulinea_X,c:Elardia,o:Leptomyxida,f:Leptomyxidae,g:Leptomyxa,s:Leptomyxa_neglecta,KT945251.1.1677_U;tax,k:Eukaryota,OTU4009.p:Tubulinea-Tubulinea_X.g:Leptomyxa
2422,OTU4011,395,1,395,1811,596,990,100,719,0,99.494,d:TSAR,p:Stramenopiles-Bigyra,c:Bicoecea,o:Bicoecales,f:Bicoecaceae,g:Bicoecaceae_X,s:Bicoecaceae_X_sp,GU290106.1.1811_U;tax,k:Eukaryota,OTU4011.p:Stramenopiles-Bigyra.g:Bicoecaceae_X
2423,OTU4015,406,1,406,1801,576,981,100,496,5.6e-139,88.698,d:TSAR,p:Rhizaria-Cercozoa,c:Endomyxa,o:Vampyrellida,f:Thalassomyxa-lineage,g:Thalassomyxa,s:Thalassomyxa_sp,KC779515.1.1801_U;tax,k:Eukaryota,OTU4015.p:Rhizaria-Cercozoa.g:Thalassomyxa
2424,OTU4017,384,1,384,1729,541,910,100,281,1.61e-74,80.72,d:Amoebozoa,p:Tubulinea-Tubulinea_X,c:Elardia,o:Euamoebida,f:LOS7N/I-lineage,g:Ptolemeba,s:Ptolemeba_noxubium,KJ542109.1.1729_U;tax,k:Eukaryota,OTU4017.p:Tubulinea-Tubulinea_X.g:Ptolemeba
2425,OTU4021,409,1,409,1877,592,1000,100,407,2.72e-112,84.819,d:Amoebozoa,p:Evosea-Evosea_X,c:Variosea,o:Variosea_X,f:Variosea_XX,g:Variosea_XXX,s:Variosea_XXX_sp,EF024417.1.1877_U;tax,k:Eukaryota,OTU4021.p:Evosea-Evosea_X.g:Variosea_XXX
2426,OTU4027,407,1,407,1490,496,902,100,630,1.48e-179,94.634,d:TSAR,p:Rhizaria-Cercozoa,c:Filosa-Sarcomonadea,o:Glissomonadida,f:Sandonidae,g:Sandona,s:Sandona_sp,EU709147.8.1497_U;tax,k:Eukaryota,OTU4027.p:Rhizaria-Cercozoa.g:Sandona
2427,OTU4030,407,1,407,1797,578,983,100,667,0,96.324,d:TSAR,p:Rhizaria-Cercozoa,c:Filosa-Sarcomonadea,o:Cercomonadida,f:Paracercomonadidae,g:Nucleocercomonas,s:Nucleocercomonas_praelonga,HM536165.1.1797_U;tax,k:Eukaryota,OTU4030.p:Rhizaria-Cercozoa.g:Nucleocercomonas
2428,OTU4037,413,1,413,2888,1656,2064,100,411,2.13e-113,84.928,d:Amoebozoa,p:Tubulinea-Tubulinea_X,c:Elardia,o:Arcellinida,f:Phryganellina,g:Phryganella,s:Phryganella_paradoxa,MF497374.1.2888_U;tax,k:Eukaryota,OTU4037.p:Tubulinea-Tubulinea_X.g:Phryganella
2429,OTU4043,406,1,406,1698,541,947,100,568,1.17e-160,91.951,d:TSAR,p:Rhizaria-Cercozoa,c:Endomyxa-Phytomyxea,o:Plasmodiophorida,f:Plasmodiophorida_X,g:Plasmodiophorida_XX,s:Plasmodiophorida_XX_sp,FN690466.1.1698_U;tax,k:Eukaryota,OTU4043.p:Rhizaria-Cercozoa.g:Plasmodiophorida_XX
2430,OTU4049,406,1,406,1198,11,412,100,508,7.2e-143,89.487,d:TSAR,p:Stramenopiles-Bigyra,c:Sagenista,o:Labyrinthulomycetes,f:Amphifilaceae,g:Amphifilaceae_X,s:Amphifilaceae_X_sp,AY046668.1.1198_U;tax,k:Eukaryota,OTU4049.p:Stramenopiles-Bigyra.g:Amphifilaceae_X
2431,OTU4052,418,1,418,1894,592,1007,100,472,9.74e-132,87.143,d:Amoebozoa,p:Tubulinea-Tubulinea_X,c:Elardia,o:Euamoebida,f:Hartmannellidae,g:Hartmannellidae_X,s:Hartmannellidae_X_sp,HQ687486.1.1894_U;tax,k:Eukaryota,OTU4052.p:Tubulinea-Tubulinea_X.g:Hartmannellidae_X
2432,OTU4055,395,1,395,810,98,493,100,603,3.12e-171,94.207,d:TSAR,p:Alveolata-Perkinsea,c:Perkinsida,o:Perkinsida_X,f:Perkinsida_XX,g:Perkinsida_XXX,s:Perkinsida_XXX_sp,KP122521.1.810_U;tax,k:Eukaryota,OTU4055.p:Alveolata-Perkinsea.g:Perkinsida_XXX
2433,OTU4057,408,1,408,1285,204,616,100,370,3.56e-101,83.133,d:TSAR,p:Rhizaria-Cercozoa,c:Endomyxa,o:Vampyrellida,f:Penardia-lineage,g:Penardia-lineage_X,s:Penardia-lineage_X_sp,AF372743.1.1285_U;tax,k:Eukaryota,OTU4057.p:Rhizaria-Cercozoa.g:Penardia-lineage_X
2434,OTU4061,396,1,396,1772,560,956,100,549,4.13e-155,91.709,d:Archaeplastida,p:Chlorophyta-Chlorophyta_X,c:Ulvophyceae,o:Ignatiales,f:Ignatiaceae,g:Ignatius,s:Ignatius_tetrasporus,FN562432.1.1772_U;tax,k:Eukaryota,OTU4061.p:Chlorophyta-Chlorophyta_X.g:Ignatius
2435,OTU4063,403,1,403,1774,569,972,100,534,1.18e-150,90.663,d:TSAR,p:Rhizaria-Cercozoa,c:Filosa-Sarcomonadea,o:Cercomonadida,f:Paracercomonadidae,g:Metabolomonas,s:Metabolomonas_insania,HM536167.1.1774_U;tax,k:Eukaryota,OTU4063.p:Rhizaria-Cercozoa.g:Metabolomonas
2436,OTU4064,385,1,385,1596,529,915,100,353,3.37e-96,83.418,d:Amoebozoa,p:Tubulinea-Tubulinea_X,c:Elardia,o:Euamoebida,f:Nolandellidae,g:Nolandellidae_X,s:Nolandellidae_X_sp,HM628631.1.1596_U;tax,k:Eukaryota,OTU4064.p:Tubulinea-Tubulinea_X.g:Nolandellidae_X
2437,OTU4065,404,1,404,1605,531,925,100,544,1.96e-153,91.422,d:Amoebozoa,p:Tubulinea-Tubulinea_X,c:Elardia,o:Euamoebida,f:Nolandellidae,g:Nolandellidae_X,s:Nolandellidae_X_sp,AF372795.1.1605_U;tax,k:Eukaryota,OTU4065.p:Tubulinea-Tubulinea_X.g:Nolandellidae_X
2438,OTU4068,414,119,414,1725,594,889,93,514,1.58e-144,97.973,d:TSAR,p:Alveolata-Ciliophora,c:Oligohymenophorea,o:Scuticociliatia_1,f:Pseudocohnilembidae,g:Pseudocohnilembus,s:Pseudocohnilembus_persalinus,MT081565.1.1725_U;tax,k:Eukaryota,OTU4068.p:Alveolata-Ciliophora.g:Pseudocohnilembus
2439,OTU4069,409,1,409,1161,592,999,100,566,4.24e-160,91.748,d:TSAR,p:Rhizaria-Cercozoa,c:Filosa-Granofilosea,o:Massiterida,f:Massiteriidae,g:Massisteria,s:Massisteria_sp,FN598411.1.1161_U;tax,k:Eukaryota,OTU4069.p:Rhizaria-Cercozoa.g:Massisteria
2440,OTU4070,357,1,357,1706,557,914,100,361,1.86e-98,85.042,d:TSAR,p:Alveolata-Ciliophora,c:Phyllopharyngea,o:Suctoria,f:Suctoria_X,g:Suctoria_XX,s:Suctoria_XX_sp,HM140400.1.1706_U;tax,k:Eukaryota,OTU4070.p:Alveolata-Ciliophora.g:Suctoria_XX
2441,OTU4072,358,1,349,1824,933,588,97,497,1.36e-139,92.655,d:Amoebozoa,p:Tubulinea-Tubulinea_X,c:Elardia,o:Euamoebida,f:Nolandellidae,g:Nolandellidae_X,s:Nolandellidae_X_sp,EF023499.1.1824_U;tax,k:Eukaryota,OTU4072.p:Tubulinea-Tubulinea_X.g:Nolandellidae_X
2442,OTU4073,405,1,405,1763,563,966,100,503,3.34e-141,89.216,d:TSAR,p:Rhizaria-Cercozoa,c:Endomyxa,o:Vampyrellida,f:Sey055-lineage,g:Sey055-lineage_X,s:Sey055-lineage_X_sp,AB695521.1.1763_U;tax,k:Eukaryota,OTU4073.p:Rhizaria-Cercozoa.g:Sey055-lineage_X
2443,OTU4074,401,1,401,1423,547,947,100,719,0,99.002,d:TSAR,p:Rhizaria-Cercozoa,c:Filosa-Sarcomonadea,o:Cercomonadida,f:Paracercomonadidae,g:Paracercomonas,s:Paracercomonas_sp,MG775630.1.1423_U;tax,k:Eukaryota,OTU4074.p:Rhizaria-Cercozoa.g:Paracercomonas
2444,OTU4075,403,1,403,1714,455,857,100,628,5.25e-179,94.802,d:Archaeplastida,p:Rhodophyta-Rhodophyta_X,c:Bangiophyceae,o:Cyanidiales,f:Cyanidiales_X,g:Cyanidiales_XX,s:Cyanidiales_XX_sp,KP864083.1.1714_U;tax,k:Eukaryota,OTU4075.p:Rhodophyta-Rhodophyta_X.g:Cyanidiales_XX
2445,OTU4077,412,1,412,1281,204,611,100,641,0,94.903,d:TSAR,p:Rhizaria-Cercozoa,c:Filosa-Sarcomonadea,o:Glissomonadida,f:Glissomonadida_X,g:Glissomonadida_XX,s:Glissomonadida_XX_sp,JN635482.1.1281_U;tax,k:Eukaryota,OTU4077.p:Rhizaria-Cercozoa.g:Glissomonadida_XX
2446,OTU4079,414,1,414,1065,11,407,100,278,2.26e-73,79.665,d:Obazoa,p:Opisthokonta-Choanoflagellata,c:Choanoflagellatea,o:Craspedida,f:Monosigidae_Group_M,g:Monosigidae_Group_M_X,s:Monosigidae_Group_M_X_sp,GU824744.1.1065_U;tax,k:Eukaryota,OTU4079.p:Opisthokonta-Choanoflagellata.g:Monosigidae_Group_M_X
2447,OTU4081,406,1,406,1273,203,609,100,701,0,97.789,d:TSAR,p:Rhizaria-Cercozoa,c:Filosa-Imbricatea,o:Spongomonadida,f:Spongomonadidae,g:Spongomonadidae_X,s:Spongomonadidae_X_sp,AF372740.1.1273_U;tax,k:Eukaryota,OTU4081.p:Rhizaria-Cercozoa.g:Spongomonadidae_X
2448,OTU4082,401,166,401,1649,673,906,59,180,6.32e-44,80.753,d:TSAR,p:Stramenopiles-Bigyra,c:Bicoecea,o:Pseudodendromonadales,f:Pseudodendromonadales_X,g:Pseudodendromonadales_XX,s:Pseudodendromonadales_XX_sp,AB622310.1.1649_U;tax,k:Eukaryota,OTU4082.p:Stramenopiles-Bigyra.g:Pseudodendromonadales_XX
2449,OTU4083,418,1,417,676,160,573,99,523,2.65e-147,89.549,d:TSAR,p:Stramenopiles-Bigyra,c:Sagenista,o:Labyrinthulomycetes,f:Amphifilaceae,g:Amphifilaceae_X,s:Amphifilaceae_X_sp,AB572139.1.676_U;tax,k:Eukaryota,OTU4083.p:Stramenopiles-Bigyra.g:Amphifilaceae_X
2450,OTU4084,423,1,423,1677,590,996,100,562,5.69e-159,91.274,d:Amoebozoa,p:Tubulinea-Tubulinea_X,c:Elardia,o:Leptomyxida,f:Leptomyxidae,g:Leptomyxa,s:Leptomyxa_neglecta,KT945251.1.1677_U;tax,k:Eukaryota,OTU4084.p:Tubulinea-Tubulinea_X.g:Leptomyxa
2451,OTU4088,431,1,431,1849,592,1020,100,490,2.77e-137,87.385,d:Amoebozoa,p:Tubulinea-Tubulinea_X,c:Echinamoebida,o:Echinamoebida_X,f:Echinamoebidae,g:Echinamoeba,s:Echinamoeba_thermarum,AJ489261.1.1849_U;tax,k:Eukaryota,OTU4088.p:Tubulinea-Tubulinea_X.g:Echinamoeba
2452,OTU4093,411,1,411,1801,576,981,100,488,9.5e-137,88.35,d:TSAR,p:Rhizaria-Cercozoa,c:Endomyxa,o:Vampyrellida,f:Thalassomyxa-lineage,g:Thalassomyxa,s:Thalassomyxa_sp,KC779515.1.1801_U;tax,k:Eukaryota,OTU4093.p:Rhizaria-Cercozoa.g:Thalassomyxa
2453,OTU4102,387,1,387,670,262,648,100,643,0,96.641,d:TSAR,p:Alveolata-Ciliophora,c:Oligohymenophorea,o:OLIGO4,f:OLIGO4_X,g:OLIGO4_XX,s:OLIGO4_XX_sp,DQ115953.1.670_U;tax,k:Eukaryota,OTU4102.p:Alveolata-Ciliophora.g:OLIGO4_XX
2454,OTU4111,390,1,390,804,98,488,100,582,4e-165,93.606,d:TSAR,p:Alveolata-Perkinsea,c:Perkinsida,o:Perkinsida_X,f:Perkinsida_XX,g:Perkinsida_XXX,s:Perkinsida_XXX_sp,KP122533.1.804_U;tax,k:Eukaryota,OTU4111.p:Alveolata-Perkinsea.g:Perkinsida_XXX
2455,OTU4113,416,1,415,676,160,573,99,549,4.35e-155,90.758,d:TSAR,p:Stramenopiles-Bigyra,c:Sagenista,o:Labyrinthulomycetes,f:Amphifilaceae,g:Amphifilaceae_X,s:Amphifilaceae_X_sp,AB572139.1.676_U;tax,k:Eukaryota,OTU4113.p:Stramenopiles-Bigyra.g:Amphifilaceae_X
2456,OTU4115,396,1,396,1792,583,978,100,726,0,99.747,d:Archaeplastida,p:Chlorophyta-Chlorophyta_X,c:Chlorophyceae,o:Chlamydomonadales,f:Chlamydomonadales_X,g:Chlamydomonadales_XX,s:Chlamydomonadales_XX_sp,AM114821.1.1792_U;tax,k:Eukaryota,OTU4115.p:Chlorophyta-Chlorophyta_X.g:Chlamydomonadales_XX
2457,OTU4118,408,1,408,1098,24,430,100,641,0,95.11,d:TSAR,p:Rhizaria-Cercozoa,c:Filosa-Sarcomonadea,o:Glissomonadida,f:Sandonidae,g:Sandonidae_X,s:Sandonidae_X_sp,FJ592266.1.1098_U;tax,k:Eukaryota,OTU4118.p:Rhizaria-Cercozoa.g:Sandonidae_X
2458,OTU4122,379,1,275,1808,589,863,73,348,1.54e-94,89.606,d:TSAR,p:Rhizaria-Cercozoa,c:Cercozoa_X,o:Cercozoa_XX,f:Cercozoa_XXX,g:Cercozoa_XXXX,s:Cercozoa_XXXX_sp,EF024287.1.1808_U;tax,k:Eukaryota,OTU4122.p:Rhizaria-Cercozoa.g:Cercozoa_XXXX
2459,OTU4123,388,1,388,1068,24,409,100,538,8.74e-152,91.753,d:TSAR,p:Alveolata-Ciliophora,c:Colpodea,o:Colpodea_X,f:Cyrtolophosidida,g:Cyrtolophosidida_X,s:Cyrtolophosidida_X_sp,FJ592470.1.1068_U;tax,k:Eukaryota,OTU4123.p:Alveolata-Ciliophora.g:Cyrtolophosidida_X
2460,OTU4129,398,1,398,1846,572,969,100,658,0,96.482,d:Amoebozoa,p:Evosea-Evosea_X,c:Variosea,o:Variosea_X,f:Filamoebidae,g:Filamoeba,s:Filamoeba_nolandi,AF293896.1.1846_U;tax,k:Eukaryota,OTU4129.p:Evosea-Evosea_X.g:Filamoeba
2461,OTU4130,417,291,417,1385,799,923,30,172,1.1e-41,91.339,d:TSAR,p:Stramenopiles-Bigyra,c:Sagenista,o:Labyrinthulomycetes,f:Thraustochytriaceae,g:Aurantiochytrium,s:Aurantiochytrium_sp,KR732631.1.1385_U;tax,k:Eukaryota,OTU4130.p:Stramenopiles-Bigyra.g:Aurantiochytrium
2462,OTU4131,386,1,386,1068,24,409,100,580,1.42e-164,93.83,d:TSAR,p:Alveolata-Ciliophora,c:Colpodea,o:Colpodea_X,f:Cyrtolophosidida,g:Cyrtolophosidida_X,s:Cyrtolophosidida_X_sp,FJ592470.1.1068_U;tax,k:Eukaryota,OTU4131.p:Alveolata-Ciliophora.g:Cyrtolophosidida_X
2463,OTU4133,410,1,410,989,475,889,100,296,6.16e-79,80.142,d:Amoebozoa,p:Evosea-Evosea_X,c:Variosea,o:Variosea_X,f:Variosea_XX,g:Variosea_XXX,s:Variosea_XXX_sp,EU545726.1.989_U;tax,k:Eukaryota,OTU4133.p:Evosea-Evosea_X.g:Variosea_XXX
2464,OTU4134,449,1,59,1767,575,633,13,110,9.46e-23,100,d:TSAR,p:Stramenopiles-Bigyra,c:Sagenista,o:Sagenista_X,f:MAST-11,g:MAST-11_X,s:MAST-11_X_sp,KF130038.1.1767_U;tax,k:Eukaryota,OTU4134.p:Stramenopiles-Bigyra.g:MAST-11_X
2465,OTU4136,405,1,405,1878,593,994,100,418,1.24e-115,85.645,d:Amoebozoa,p:Tubulinea-Tubulinea_X,c:Elardia,o:Euamoebida,f:Hartmannellidae,g:Copromyxa,s:Copromyxa_laresi,JQ271679.1.1878_U;tax,k:Eukaryota,OTU4136.p:Tubulinea-Tubulinea_X.g:Copromyxa
2466,OTU4140,403,1,403,1702,495,899,100,508,7.14e-143,89.461,d:Amoebozoa,p:Tubulinea-Tubulinea_X,c:Echinamoebida,o:Echinamoebida_X,f:Echinamoebidae,g:Echinamoeba,s:Echinamoeba_sp,AB520727.1.1702_U;tax,k:Eukaryota,OTU4140.p:Tubulinea-Tubulinea_X.g:Echinamoeba
2467,OTU4142,390,1,390,1720,549,937,100,608,6.61e-173,94.885,d:TSAR,p:Alveolata-Ciliophora,c:Nassophorea,o:Nassophorea_X,f:Pseudomicrothoracidae,g:Pseudomicrothorax,s:Pseudomicrothorax_dubius,FM201298.1.1720_U;tax,k:Eukaryota,OTU4142.p:Alveolata-Ciliophora.g:Pseudomicrothorax
2468,OTU4143,403,1,403,1893,588,992,100,536,3.27e-151,90.663,d:Amoebozoa,p:Evosea-Evosea_X,c:Variosea,o:Variosea_X,f:WIM1-lineage,g:WIM1-lineage_X,s:WIM1-lineage_X_sp,AM114811.1.1893_U;tax,k:Eukaryota,OTU4143.p:Evosea-Evosea_X.g:WIM1-lineage_X
2469,OTU4144,401,1,401,1724,502,906,100,401,1.24e-110,84.988,d:TSAR,p:Rhizaria-Cercozoa,c:Filosa-Sarcomonadea,o:Cercomonadida,f:Cercomonadidae,g:Eocercomonas,s:Eocercomonas_echina,FJ790716.1.1724_U;tax,k:Eukaryota,OTU4144.p:Rhizaria-Cercozoa.g:Eocercomonas
2470,OTU4145,405,168,405,1743,699,935,68,217,4.87e-55,83.402,d:Archaeplastida,p:Rhodophyta-Rhodophyta_X,c:Florideophyceae,o:Gracilariales,f:Gracilariales_X,g:Gracilaria,s:Gracilaria_gracilis,EU937742.1.1743_U;tax,k:Eukaryota,OTU4145.p:Rhodophyta-Rhodophyta_X.g:Gracilaria
2471,OTU4146,414,1,271,800,529,800,65,429,5.88e-119,95.255,d:TSAR,p:Stramenopiles-Bigyra,c:Sagenista,o:Labyrinthulomycetes,f:Amphifilaceae,g:Amphifilaceae_X,s:Amphifilaceae_X_sp,FJ410599.1.800_U;tax,k:Eukaryota,OTU4146.p:Stramenopiles-Bigyra.g:Amphifilaceae_X
2472,OTU4148,395,1,395,1528,478,874,100,654,0,96.482,d:Archaeplastida,p:Chlorophyta-Chlorophyta_X,c:Chlorophyceae,o:Chlamydomonadales,f:Chlamydomonadales_X,g:Chlamydomonas,s:Chlamydomonas_bilatus,AF517098.1.1528_U;tax,k:Eukaryota,OTU4148.p:Chlorophyta-Chlorophyta_X.g:Chlamydomonas
2473,OTU4149,418,1,418,1438,155,567,100,407,2.79e-112,84.778,d:Amoebozoa,p:Tubulinea-Tubulinea_X,c:Elardia,o:Euamoebida,f:Hartmannellidae,g:Copromyxa,s:Copromyxa_microcystidis,KP719188.1.1438_U;tax,k:Eukaryota,OTU4149.p:Tubulinea-Tubulinea_X.g:Copromyxa
2474,OTU4150,405,1,405,1756,566,970,100,704,0,98.03,d:TSAR,p:Stramenopiles-Gyrista,c:Eustigmatophyceae,o:Eustigmatophyceae_X,f:Eustigmatophyceae_XX,g:Characiopsis,s:Characiopsis_minuta,MT373058.1.1756_U;tax,k:Eukaryota,OTU4150.p:Stramenopiles-Gyrista.g:Characiopsis
2475,OTU4151,413,1,413,1776,585,988,100,399,4.6e-110,84.615,d:Obazoa,p:Opisthokonta-Choanoflagellata,c:Choanoflagellatea,o:Choanoflagellatea_X,f:Choanoflagellatea_XX,g:Salpingoeca,s:Salpingoeca_kvevrii,KT757494.1.1776_U;tax,k:Eukaryota,OTU4151.p:Opisthokonta-Choanoflagellata.g:Salpingoeca
2476,OTU4153,392,1,392,1565,489,895,100,494,1.94e-138,89.268,d:Amoebozoa,p:Tubulinea-Tubulinea_X,c:Elardia,o:Leptomyxida,f:Leptomyxidae,g:Leptomyxa,s:Leptomyxa_regia,OM914643.1.1565_U;tax,k:Eukaryota,OTU4153.p:Tubulinea-Tubulinea_X.g:Leptomyxa
2477,OTU4154,399,1,399,2888,1656,2064,100,392,7.42e-108,84.541,d:Amoebozoa,p:Tubulinea-Tubulinea_X,c:Elardia,o:Arcellinida,f:Phryganellina,g:Phryganella,s:Phryganella_paradoxa,MF497374.1.2888_U;tax,k:Eukaryota,OTU4154.p:Tubulinea-Tubulinea_X.g:Phryganella
2478,OTU4155,396,1,396,1745,565,961,100,643,0,95.99,d:Obazoa,p:Opisthokonta-Choanoflagellata,c:Choanoflagellatea,o:Choanoflagellatea_X,f:Choanoflagellatea_XX,g:Salpingoeca,s:Salpingoeca_macrocollata,KT757482.1.1745_U;tax,k:Eukaryota,OTU4155.p:Opisthokonta-Choanoflagellata.g:Salpingoeca
2479,OTU4156,411,161,411,2888,1813,2064,61,364,1.67e-99,92.857,d:Amoebozoa,p:Tubulinea-Tubulinea_X,c:Elardia,o:Arcellinida,f:Phryganellina,g:Phryganella,s:Phryganella_paradoxa,MF497374.1.2888_U;tax,k:Eukaryota,OTU4156.p:Tubulinea-Tubulinea_X.g:Phryganella
2480,OTU4157,400,1,400,1024,569,965,100,564,1.49e-159,92.269,d:Amoebozoa,p:Evosea-Evosea_X,c:Variosea,o:Variosea_X,f:AND16-lineage,g:AND16-lineage_X,s:AND16-lineage_X_sp,EU798715.1.1024_U;tax,k:Eukaryota,OTU4157.p:Evosea-Evosea_X.g:AND16-lineage_X
2481,OTU4158,411,1,411,1202,12,408,100,337,3.64e-91,82.126,d:Eukaryota_X,p:Ancyromonadida-Ancyromonadida_X,c:Ancyromonadida_XX,o:Ancyromonadida_XXX,f:Ancyromonadida_Group-1,g:Ancyromonadida_Group-1_X,s:Planomonadidae_Group-1_X_sp,FJ153714.1.1202_U;tax,k:Eukaryota,OTU4158.p:Ancyromonadida-Ancyromonadida_X.g:Ancyromonadida_Group-1_X
2482,OTU4159,433,183,433,1278,752,992,71,333,4.96e-90,91.235,d:TSAR,p:Stramenopiles-Bigyra,c:Sagenista,o:Labyrinthulomycetes,f:Amphitraemidae,g:Archerella,s:Archerella_flavum,KC245097.1.1278_U;tax,k:Eukaryota,OTU4159.p:Stramenopiles-Bigyra.g:Archerella
2483,OTU4160,403,1,403,1038,473,876,100,601,1.15e-170,93.596,d:TSAR,p:Rhizaria-Cercozoa,c:Filosa-Sarcomonadea,o:Cercomonadida,f:Paracercomonadidae,g:Paracercomonas,s:Paracercomonas_sp,AY884337.1.1038_U;tax,k:Eukaryota,OTU4160.p:Rhizaria-Cercozoa.g:Paracercomonas
2484,OTU4163,406,1,406,1883,578,989,100,479,5.64e-134,87.952,d:Amoebozoa,p:Evosea-Evosea_X,c:Variosea,o:Fractovitellida,f:Schizoplasmodiidae,g:Ceratiomyxella,s:Ceratiomyxella_tahitiensis,FJ544419.1.1883_U;tax,k:Eukaryota,OTU4163.p:Evosea-Evosea_X.g:Ceratiomyxella
2485,OTU4166,406,1,403,1807,570,972,99,673,0,96.774,d:Amoebozoa,p:Tubulinea-Tubulinea_X,c:Echinamoebida,o:Echinamoebida_X,f:Echinamoebidae,g:Echinamoeba,s:Echinamoeba_silvestris,JQ271784.1.1807_U;tax,k:Eukaryota,OTU4166.p:Tubulinea-Tubulinea_X.g:Echinamoeba
2486,OTU4168,392,156,392,2149,651,887,60,200,4.74e-50,82.158,d:Archaeplastida,p:Chlorophyta-Chlorophyta_X,c:Trebouxiophyceae,o:Prasiolales,f:Prasiolales_X,g:Stichococcus,s:Stichococcus_sp,JQ315619.1.2149_U;tax,k:Eukaryota,OTU4168.p:Chlorophyta-Chlorophyta_X.g:Stichococcus
2487,OTU4172,404,1,404,1730,556,961,100,632,4.07e-180,94.828,d:TSAR,p:Stramenopiles-Gyrista,c:Synchromophyceae,o:Synchromophyceae_X,f:Synchromophyceae_XX,g:Synchromophyceae_XXX,s:Synchromophyceae_XXX_sp,FJ356265.1.1730_U;tax,k:Eukaryota,OTU4172.p:Stramenopiles-Gyrista.g:Synchromophyceae_XXX
2488,OTU4174,393,1,393,887,50,442,100,682,0,97.964,d:TSAR,p:Alveolata-Ciliophora,c:Spirotrichea,o:Hypotrichia,f:Hypotrichia_X,g:Hypotrichia_XX,s:Hypotrichia_XX_sp,HQ868654.1.887_U;tax,k:Eukaryota,OTU4174.p:Alveolata-Ciliophora.g:Hypotrichia_XX
2489,OTU4175,410,1,410,1281,204,611,100,601,1.17e-170,93.22,d:TSAR,p:Rhizaria-Cercozoa,c:Filosa-Sarcomonadea,o:Glissomonadida,f:Glissomonadida_X,g:Glissomonadida_XX,s:Glissomonadida_XX_sp,JN635482.1.1281_U;tax,k:Eukaryota,OTU4175.p:Rhizaria-Cercozoa.g:Glissomonadida_XX
2490,OTU4177,414,1,414,1918,580,998,100,492,7.4e-138,88.235,d:Amoebozoa,p:Evosea-Evosea_X,c:Variosea,o:Fractovitellida,f:Schizoplasmodiidae,g:Nematostelium,s:Nematostelium_ovatum,FJ544420.1.1918_U;tax,k:Eukaryota,OTU4177.p:Evosea-Evosea_X.g:Nematostelium
2491,OTU4178,407,1,407,1135,499,904,100,540,2.56e-152,90.686,d:TSAR,p:Rhizaria-Cercozoa,c:Endomyxa,o:Vampyrellida,f:op14-lineage,g:op14-lineage_X,s:op14-lineage_X_sp,EU567268.1.1135_U;tax,k:Eukaryota,OTU4178.p:Rhizaria-Cercozoa.g:op14-lineage_X
2492,OTU4179,410,1,410,1636,551,961,100,664,0,95.864,d:TSAR,p:Rhizaria-Cercozoa,c:Filosa-Sarcomonadea,o:Glissomonadida,f:Allapsidae,g:Allapsidae_X,s:Allapsidae_X_sp,AB534329.1.1636_U;tax,k:Eukaryota,OTU4179.p:Rhizaria-Cercozoa.g:Allapsidae_X
2493,OTU4180,403,168,403,864,122,359,59,161,2.3e-38,79.167,d:TSAR,p:Stramenopiles-Gyrista,c:Bacillariophyceae,o:Bacillariophyceae_X,f:Bacillariophyceae_XX,g:Bacillariophyceae_XXX,s:Bacillariophyceae_XXX_sp,JF698990.1.864_U;tax,k:Eukaryota,OTU4180.p:Stramenopiles-Gyrista.g:Bacillariophyceae_XXX
2494,OTU4181,398,1,398,1755,556,953,100,564,1.48e-159,92.231,d:TSAR,p:Alveolata-Dinoflagellata,c:Dinophyceae,o:Dinophyceae_X,f:Dinophyceae_XX,g:Dinophyceae_XXX,s:Dinophyceae_XXX_sp,AB695539.1.1755_U;tax,k:Eukaryota,OTU4181.p:Alveolata-Dinoflagellata.g:Dinophyceae_XXX
2495,OTU4183,396,149,396,1829,743,987,63,261,2.17e-68,86,d:Amoebozoa,p:Tubulinea-Tubulinea_X,c:Elardia,o:Leptomyxida,f:Flabellulidae,g:Flabellula,s:Flabellula_pomeranica,KT945249.1.1829_U;tax,k:Eukaryota,OTU4183.p:Tubulinea-Tubulinea_X.g:Flabellula
2496,OTU4184,405,163,405,989,644,889,72,296,6.08e-79,88.755,d:Amoebozoa,p:Evosea-Evosea_X,c:Variosea,o:Variosea_X,f:Variosea_XX,g:Variosea_XXX,s:Variosea_XXX_sp,EU545726.1.989_U;tax,k:Eukaryota,OTU4184.p:Evosea-Evosea_X.g:Variosea_XXX
2497,OTU4187,397,159,397,1686,689,930,71,189,1.04e-46,81.377,d:TSAR,p:Stramenopiles-Bigyra,c:Bicoecea,o:Pseudodendromonadales,f:Pseudodendromonadales_X,g:Pseudodendromonadales_XX,s:Pseudodendromonadales_XX_sp,AY919785.1.1686_U;tax,k:Eukaryota,OTU4187.p:Stramenopiles-Bigyra.g:Pseudodendromonadales_XX
2498,OTU4190,392,1,392,1708,559,949,100,645,0,96.429,d:TSAR,p:Alveolata-Ciliophora,c:Colpodea,o:Colpodea_X,f:Colpodida,g:Colpoda,s:Colpoda_cucullus,EU039893.1.1708_U;tax,k:Eukaryota,OTU4190.p:Alveolata-Ciliophora.g:Colpoda
2499,OTU4191,386,1,386,1610,479,864,100,520,3.15e-146,90.979,d:TSAR,p:Alveolata-Ciliophora,c:Colpodea,o:Colpodea_X,f:Cyrtolophosidida,g:Apocyrtolophosis,s:Apocyrtolophosis_minor,KJ873044.1.1610_U;tax,k:Eukaryota,OTU4191.p:Alveolata-Ciliophora.g:Apocyrtolophosis
2500,OTU4192,416,1,416,2170,577,983,100,588,9.22e-167,92.566,d:TSAR,p:Rhizaria-Cercozoa,c:Filosa-Sarcomonadea,o:Glissomonadida,f:Bodomorphidae,g:Bodomorpha,s:Bodomorpha_sp,HM536172.1.2170_U;tax,k:Eukaryota,OTU4192.p:Rhizaria-Cercozoa.g:Bodomorpha
2501,OTU4193,408,1,408,1877,592,1000,100,433,4.48e-120,85.956,d:Amoebozoa,p:Evosea-Evosea_X,c:Variosea,o:Variosea_X,f:Variosea_XX,g:Variosea_XXX,s:Variosea_XXX_sp,EF024417.1.1877_U;tax,k:Eukaryota,OTU4193.p:Evosea-Evosea_X.g:Variosea_XXX
2502,OTU4194,409,1,409,1547,573,981,100,512,5.61e-144,89.294,d:Amoebozoa,p:Evosea-Evosea_X,c:Variosea,o:Variosea_X,f:Phalansteriidae,g:Phalansterium,s:Phalansterium_arcticum,KX844828.1.1547_U;tax,k:Eukaryota,OTU4194.p:Evosea-Evosea_X.g:Phalansterium
2503,OTU4197,388,267,388,1804,830,951,45,182,1.7e-44,93.443,d:Archaeplastida,p:Rhodophyta-Rhodophyta_X,c:Bangiophyceae,o:Cyanidiales,f:Cyanidiales_X,g:Cyanidiales_XX,s:Cyanidiales_XX_sp,AB695473.1.1804_U;tax,k:Eukaryota,OTU4197.p:Rhodophyta-Rhodophyta_X.g:Cyanidiales_XX
2504,OTU4199,384,1,384,1774,577,961,100,621,8.35e-177,95.844,d:Obazoa,p:Breviatea-Breviatea_X,c:Breviatea_XX,o:Breviatea_XXX,f:Breviata-lineage,g:Breviata-lineage_X,s:Breviata-lineage_X_sp,AM114802.1.1774_U;tax,k:Eukaryota,OTU4199.p:Breviatea-Breviatea_X.g:Breviata-lineage_X
2505,OTU4200,397,1,397,1758,549,945,100,712,0,98.992,d:Archaeplastida,p:Streptophyta-Streptophyta_X,c:Zygnemophyceae,o:Zygnemophyceae_X,f:Zygnemophyceae_XX,g:Cosmarium,s:Cosmarium_protractum,AM920381.1.2178_UC;tax,k:Eukaryota,OTU4200.p:Streptophyta-Streptophyta_X.g:Cosmarium
2506,OTU4201,367,245,367,1714,735,857,34,206,9.49e-52,96.748,d:Archaeplastida,p:Rhodophyta-Rhodophyta_X,c:Bangiophyceae,o:Cyanidiales,f:Cyanidiales_X,g:Cyanidiales_XX,s:Cyanidiales_XX_sp,KP864083.1.1714_U;tax,k:Eukaryota,OTU4201.p:Rhodophyta-Rhodophyta_X.g:Cyanidiales_XX
2507,OTU4202,391,1,391,1773,568,959,100,608,6.62e-173,94.388,d:Archaeplastida,p:Rhodophyta-Rhodophyta_X,c:Porphyridiophyceae,o:Porphyridiales,f:Porphyridiales_X,g:Porphyridium,s:Porphyridium_aerugineum,L27635.1.1773_U;tax,k:Eukaryota,OTU4202.p:Rhodophyta-Rhodophyta_X.g:Porphyridium
2508,OTU4203,398,157,398,1772,724,971,61,176,8.12e-43,80.159,d:TSAR,p:Stramenopiles-Gyrista,c:Phaeophyceae,o:Phaeophyceae_X,f:Phaeophyceae_XX,g:Padina,s:Padina_crassa,AF350240.1.1772_U;tax,k:Eukaryota,OTU4203.p:Stramenopiles-Gyrista.g:Padina
2509,OTU4204,422,1,422,1438,155,567,100,366,4.78e-100,82.984,d:Amoebozoa,p:Tubulinea-Tubulinea_X,c:Elardia,o:Euamoebida,f:Hartmannellidae,g:Copromyxa,s:Copromyxa_microcystidis,KP719188.1.1438_U;tax,k:Eukaryota,OTU4204.p:Tubulinea-Tubulinea_X.g:Copromyxa
2510,OTU4205,411,1,411,1125,491,901,100,715,0,98.054,d:TSAR,p:Rhizaria-Cercozoa,c:Filosa-Granofilosea,o:Filosa-Granofilosea_X,f:Novel-Gran-234,g:Novel-Gran-234_X,s:Novel-Gran-234_X_sp,EU567216.1.1125_U;tax,k:Eukaryota,OTU4205.p:Rhizaria-Cercozoa.g:Novel-Gran-234_X
2511,OTU4206,409,1,409,1377,266,672,100,477,2.05e-133,87.952,d:TSAR,p:Rhizaria-Cercozoa,c:Filosa-Sarcomonadea,o:Cercomonadida,f:Cercomonadidae,g:Cercomonadidae_X,s:Cercomonadidae_X_sp,FJ790749.1.1377_U;tax,k:Eukaryota,OTU4206.p:Rhizaria-Cercozoa.g:Cercomonadidae_X
2512,OTU4207,408,2,408,929,25,430,99,268,1.34e-70,79.286,d:Excavata,p:Discoba-Discoba_X,c:Heterolobosea,o:Tetramitia_VI,f:Tetramitia_VI_X,g:Tetramitia_VI_3,s:Tetramitia_VI_3_sp,DQ423736.1.929_U;tax,k:Eukaryota,OTU4207.p:Discoba-Discoba_X.g:Tetramitia_VI_3
2513,OTU4212,410,1,410,1860,570,980,100,425,7.53e-118,85.542,d:Amoebozoa,p:Evosea-Evosea_X,c:Variosea,o:Variosea_X,f:Variosea_XX,g:Variosea_XXX,s:Variosea_XXX_sp,AB695458.1.1860_U;tax,k:Eukaryota,OTU4212.p:Evosea-Evosea_X.g:Variosea_XXX
2514,OTU4213,396,1,396,1803,475,870,100,676,0,97.475,d:Archaeplastida,p:Chlorophyta-Chlorophyta_X,c:Chlorophyceae,o:Sphaeropleales,f:Sphaeropleales_X,g:Scenedesmus,s:Scenedesmus_sp,MF780732.1.1803_U;tax,k:Eukaryota,OTU4213.p:Chlorophyta-Chlorophyta_X.g:Scenedesmus
2515,OTU4214,399,1,399,1659,471,869,100,726,0,99.499,d:TSAR,p:Stramenopiles-Gyrista,c:Chrysophyceae,o:Ochromonadales,f:Ochromonadales_clade-X,g:Ochromonadales_clade-X_X,s:Ochromonadales_clade-X_X_sp,AB749090.1.1659_U;tax,k:Eukaryota,OTU4214.p:Stramenopiles-Gyrista.g:Ochromonadales_clade-X_X
2516,OTU4215,405,157,405,1824,742,988,61,331,1.67e-89,90.763,d:Amoebozoa,p:Tubulinea-Tubulinea_X,c:Elardia,o:Euamoebida,f:Nolandellidae,g:Nolandellidae_X,s:Nolandellidae_X_sp,EF023499.1.1824_U;tax,k:Eukaryota,OTU4215.p:Tubulinea-Tubulinea_X.g:Nolandellidae_X
2517,OTU4216,406,1,406,1770,568,974,100,562,5.45e-159,91.687,d:TSAR,p:Rhizaria-Cercozoa,c:Filosa-Sarcomonadea,o:Glissomonadida,f:Allapsidae,g:Allapsidae_X,s:Allapsidae_X_sp,AB695472.1.1770_U;tax,k:Eukaryota,OTU4216.p:Rhizaria-Cercozoa.g:Allapsidae_X
2518,OTU4217,409,1,409,1804,549,951,100,496,5.65e-139,88.808,d:Archaeplastida,p:Rhodophyta-Rhodophyta_X,c:Bangiophyceae,o:Cyanidiales,f:Cyanidiales_X,g:Cyanidiales_XX,s:Cyanidiales_XX_sp,AB695473.1.1804_U;tax,k:Eukaryota,OTU4217.p:Rhodophyta-Rhodophyta_X.g:Cyanidiales_XX
2519,OTU4219,398,1,398,1758,565,962,100,680,0,97.487,d:Archaeplastida,p:Chlorophyta-Chlorophyta_X,c:Trebouxiophyceae,o:Chlorellales,f:Chlorellaceae,g:Geminella,s:Geminella_interrupta,EU434021.1.1758_U;tax,k:Eukaryota,OTU4219.p:Chlorophyta-Chlorophyta_X.g:Geminella
2520,OTU4220,399,163,399,1706,708,945,59,195,2.25e-48,81.59,d:TSAR,p:Stramenopiles-Gyrista,c:Bacillariophyceae,o:Naviculales,f:Pinnulariaceae,g:Pinnularia,s:Pinnularia_sp,JN418572.1.1706_U;tax,k:Eukaryota,OTU4220.p:Stramenopiles-Gyrista.g:Pinnularia
2521,OTU4223,446,180,446,1854,580,839,60,226,8.94e-58,82.528,d:Amoebozoa,p:Discosea-Discosea_X,c:Centramoebia,o:Himatismenida,f:Cochliopodiidae,g:Cochliopodium,s:Cochliopodium_bilimbosum,JF298252.1.1854_U;tax,k:Eukaryota,OTU4223.p:Discosea-Discosea_X.g:Cochliopodium
2522,OTU4224,406,1,406,1801,576,981,100,479,5.64e-134,88.136,d:TSAR,p:Rhizaria-Cercozoa,c:Endomyxa,o:Vampyrellida,f:Thalassomyxa-lineage,g:Thalassomyxa,s:Thalassomyxa_sp,KC779515.1.1801_U;tax,k:Eukaryota,OTU4224.p:Rhizaria-Cercozoa.g:Thalassomyxa
2523,OTU4226,347,65,347,1629,640,943,100,331,1.41e-89,87.5,d:TSAR,p:Rhizaria-Cercozoa,c:Filosa-Thecofilosea,o:Cryomonadida,f:Rhogostoma-lineage,g:Rhogostoma,s:Rhogostoma_kappa,MN860275.1.1629_U;tax,k:Eukaryota,OTU4226.p:Rhizaria-Cercozoa.g:Rhogostoma
2524,OTU4229,354,96,354,1944,844,1102,99,468,1.05e-130,99.228,d:Amoebozoa,p:Discosea-Discosea_X,c:Flabellinia,o:Vannellida,f:Vannellidae,g:Vannella,s:Vannella_sp,HM363632.1.1944_U;tax,k:Eukaryota,OTU4229.p:Discosea-Discosea_X.g:Vannella
2525,OTU4230,403,1,403,1605,531,925,100,333,4.61e-90,81.975,d:Amoebozoa,p:Tubulinea-Tubulinea_X,c:Elardia,o:Euamoebida,f:Nolandellidae,g:Nolandellidae_X,s:Nolandellidae_X_sp,AF372795.1.1605_U;tax,k:Eukaryota,OTU4230.p:Tubulinea-Tubulinea_X.g:Nolandellidae_X
2526,OTU4231,427,1,427,1137,508,914,100,399,4.75e-110,84.455,d:TSAR,p:Rhizaria-Cercozoa,c:Filosa-Granofilosea,o:Cryptofilida,f:Novel-Gran-1,g:Novel-Gran-1_X,s:Novel-Gran-1_X_sp,EU567229.1.1137_U;tax,k:Eukaryota,OTU4231.p:Rhizaria-Cercozoa.g:Novel-Gran-1_X
2527,OTU4232,406,1,406,1817,592,1003,100,512,5.56e-144,89.372,d:TSAR,p:Rhizaria-Cercozoa,c:Filosa-Sarcomonadea,o:Glissomonadida,f:Allapsidae,g:Allantion,s:Allantion_sp,EF023859.1.1817_U;tax,k:Eukaryota,OTU4232.p:Rhizaria-Cercozoa.g:Allantion
2528,OTU4233,408,1,408,1804,587,994,100,710,0,98.039,d:TSAR,p:Rhizaria-Cercozoa,c:Filosa-Imbricatea,o:Filosa-Imbricatea_X,f:Filosa-Imbricatea_XX,g:Filosa-Imbricatea_XXX,s:Filosa-Imbricatea_XXX_sp,EF023787.1.1804_U;tax,k:Eukaryota,OTU4233.p:Rhizaria-Cercozoa.g:Filosa-Imbricatea_XXX
2529,OTU4234,414,1,414,1079,504,917,100,654,0,95.204,d:TSAR,p:Rhizaria-Cercozoa,c:Filosa-Sarcomonadea,o:Cercomonadida,f:Cercomonadidae,g:Cercomonas,s:Cercomonas_sp,AY884325.1.1079_U;tax,k:Eukaryota,OTU4234.p:Rhizaria-Cercozoa.g:Cercomonas
2530,OTU4235,396,1,396,1691,535,930,100,710,0,98.99,d:Archaeplastida,p:Chlorophyta-Chlorophyta_X,c:Chlorophyceae,o:Chlamydomonadales,f:Chlamydomonadales_X,g:Chlamydomonadales_XX,s:Chlamydomonadales_XX_sp,AY220571.1.1691_U;tax,k:Eukaryota,OTU4235.p:Chlorophyta-Chlorophyta_X.g:Chlamydomonadales_XX
2531,OTU4239,397,1,397,1798,583,979,100,678,0,97.481,d:Obazoa,p:Opisthokonta-Choanoflagellata,c:Choanoflagellatea,o:Craspedida,f:Monosigidae_Group_O,g:Monosigidae_Group_O_X,s:Monosigidae_Group_O_X_sp,GU290066.1.1798_U;tax,k:Eukaryota,OTU4239.p:Opisthokonta-Choanoflagellata.g:Monosigidae_Group_O_X
2532,OTU4242,387,1,387,1678,591,997,100,507,2.46e-142,90.024,d:Amoebozoa,p:Tubulinea-Tubulinea_X,c:Elardia,o:Leptomyxida,f:Rhizamoeba-saxonica-lineage,g:Rhizamoeba,s:Rhizamoeba_australiensis,KT945252.1.1678_U;tax,k:Eukaryota,OTU4242.p:Tubulinea-Tubulinea_X.g:Rhizamoeba
2533,OTU4243,392,1,392,1587,473,863,100,579,5.21e-164,93.384,d:TSAR,p:Stramenopiles-Bigyra,c:Bicoecea,o:Pseudodendromonadales,f:Pseudodendromonadales_X,g:Pseudodendromonadales_XX,s:Pseudodendromonadales_XX_sp,AY821964.1.1587_U;tax,k:Eukaryota,OTU4243.p:Stramenopiles-Bigyra.g:Pseudodendromonadales_XX
2534,OTU4244,411,1,411,1860,570,980,100,676,0,96.35,d:Amoebozoa,p:Evosea-Evosea_X,c:Variosea,o:Variosea_X,f:Variosea_XX,g:Variosea_XXX,s:Variosea_XXX_sp,AB695458.1.1860_U;tax,k:Eukaryota,OTU4244.p:Evosea-Evosea_X.g:Variosea_XXX
2535,OTU4245,401,153,401,1710,665,914,62,388,9.65e-107,94.8,d:TSAR,p:Stramenopiles-Bigyra,c:Sagenista,o:Labyrinthulomycetes,f:Thraustochytriaceae,g:Aurantiochytrium,s:Aurantiochytrium_sp,HQ228949.1.1710_U;tax,k:Eukaryota,OTU4245.p:Stramenopiles-Bigyra.g:Aurantiochytrium
2536,OTU4248,401,1,401,1650,491,897,100,619,3.14e-176,94.377,d:TSAR,p:Rhizaria-Cercozoa,c:Novel-clade-10-12,o:Novel-clade-12,f:NC12A-lineage,g:NC12A-lineage_X,s:NC12A-lineage_X_sp,AY821947.1.1650_U;tax,k:Eukaryota,OTU4248.p:Rhizaria-Cercozoa.g:NC12A-lineage_X
2537,OTU4249,406,1,406,1840,593,999,100,634,1.14e-180,94.84,d:Amoebozoa,p:Tubulinea-Tubulinea_X,c:Elardia,o:Euamoebida,f:Vermamoebidae,g:Hartmannella,s:Hartmannella_abertawensis,DQ190241.1.1840_U;tax,k:Eukaryota,OTU4249.p:Tubulinea-Tubulinea_X.g:Hartmannella
2538,OTU4250,385,1,383,1778,578,965,99,662,0,97.68,d:TSAR,p:Alveolata-Ciliophora,c:Nassophorea,o:Nassophorea_X,f:Colpodidiidae,g:Colpodidium,s:Colpodidium_caudatum,EU264560.1.1778_U;tax,k:Eukaryota,OTU4250.p:Alveolata-Ciliophora.g:Colpodidium
2539,OTU4253,407,1,407,1803,581,985,100,723,0,98.771,d:TSAR,p:Rhizaria-Cercozoa,c:Filosa-Imbricatea,o:Spongomonadida,f:Spongomonadidae,g:Spongomonas,s:Spongomonas_minima,AF411281.1.1803_U;tax,k:Eukaryota,OTU4253.p:Rhizaria-Cercozoa.g:Spongomonas
2540,OTU4254,287,1,287,1934,772,1058,100,464,1.09e-129,95.819,d:Amoebozoa,p:Evosea-Evosea_X,c:Variosea,o:Flamellidae,f:ATCC50593-lineage,g:ATCC50593-lineage_X,s:ATCC50593-lineage_X_sp,EU273440.1.1934_U;tax,k:Eukaryota,OTU4254.p:Evosea-Evosea_X.g:ATCC50593-lineage_X
2541,OTU4256,418,1,418,1581,586,993,100,464,1.63e-129,87.204,d:TSAR,p:Rhizaria-Cercozoa,c:Filosa-Sarcomonadea,o:Glissomonadida,f:Bodomorphidae,g:Bodomorpha,s:Bodomorpha_sp,EU647174.1.1581_U;tax,k:Eukaryota,OTU4256.p:Rhizaria-Cercozoa.g:Bodomorpha
2542,OTU4258,404,1,404,1813,590,996,100,505,9.26e-142,89.294,d:TSAR,p:Stramenopiles-Gyrista,c:Xanthophyceae,o:Xanthophyceae_X,f:Xanthophyceae_XX,g:Xanthophyceae_XXX,s:Xanthophyceae_XXX_sp,AM114810.1.1813_U;tax,k:Eukaryota,OTU4258.p:Stramenopiles-Gyrista.g:Xanthophyceae_XXX
2543,OTU4261,400,1,400,1800,584,990,100,568,1.15e-160,92.157,d:TSAR,p:Rhizaria-Cercozoa,c:Filosa-Thecofilosea,o:Cryomonadida,f:Rhogostoma-lineage,g:Rhogostoma-lineage_X,s:Rhogostoma-lineage_X_sp,EF023854.1.1800_U;tax,k:Eukaryota,OTU4261.p:Rhizaria-Cercozoa.g:Rhogostoma-lineage_X
2544,OTU4262,399,299,399,1764,863,963,25,99,1.81e-19,84.158,d:Eukaryota_X,p:Ancyromonadida-Ancyromonadida_X,c:Ancyromonadida_XX,o:Ancyromonadida_XXX,f:Ancyromonadida_Group-1,g:Ancyromonadida_Group-1_X,s:Ancyromonas_sigmoides,DQ207565.1.1764_U;tax,k:Eukaryota,OTU4262.p:Ancyromonadida-Ancyromonadida_X.g:Ancyromonadida_Group-1_X
2545,OTU4263,413,1,413,1285,204,616,100,608,7.02e-173,93.22,d:TSAR,p:Rhizaria-Cercozoa,c:Endomyxa,o:Vampyrellida,f:Penardia-lineage,g:Penardia-lineage_X,s:Penardia-lineage_X_sp,AF372743.1.1285_U;tax,k:Eukaryota,OTU4263.p:Rhizaria-Cercozoa.g:Penardia-lineage_X
2546,OTU4266,400,1,400,1831,558,957,100,440,2.62e-122,86.6,d:Amoebozoa,p:Evosea-Evosea_X,c:Variosea,o:Variosea_X,f:AND16-lineage,g:AND16-lineage_X,s:AND16-lineage_X_sp,AY965863.1.1831_U;tax,k:Eukaryota,OTU4266.p:Evosea-Evosea_X.g:AND16-lineage_X
2547,OTU4267,414,1,414,1602,455,865,100,662,0,95.673,d:TSAR,p:Stramenopiles-Gyrista,c:Xanthophyceae,o:Xanthophyceae_X,f:Xanthophyceae_XX,g:Phaeobotrys,s:Phaeobotrys_solitaria,MT582137.1.1602_U;tax,k:Eukaryota,OTU4267.p:Stramenopiles-Gyrista.g:Phaeobotrys
2548,OTU4269,401,1,401,1791,589,993,100,407,2.66e-112,85.049,d:TSAR,p:Rhizaria-Cercozoa,c:Endomyxa,o:Vampyrellida,f:Thalassomyxa-lineage,g:Thalassomyxa-lineage_X,s:Thalassomyxa-lineage_X_sp,EU910603.1.1791_U;tax,k:Eukaryota,OTU4269.p:Rhizaria-Cercozoa.g:Thalassomyxa-lineage_X
2549,OTU4271,394,1,394,1618,522,920,100,593,1.87e-168,93.781,d:TSAR,p:Stramenopiles-Gyrista,c:Bacillariophyceae,o:Bacillariales,f:Bacillariaceae,g:Nitzschia,s:Nitzschia_frigida,ON783211.1.1618_U;tax,k:Eukaryota,OTU4271.p:Stramenopiles-Gyrista.g:Nitzschia
2550,OTU4272,410,1,410,1841,551,955,100,392,7.64e-108,84.45,d:Archaeplastida,p:Rhodophyta-Rhodophyta_X,c:Bangiophyceae,o:Cyanidiales,f:Cyanidiales_X,g:Cyanidiales_XX,s:Cyanidiales_XX_sp,AB695530.1.1841_U;tax,k:Eukaryota,OTU4272.p:Rhodophyta-Rhodophyta_X.g:Cyanidiales_XX
2551,OTU4274,405,1,405,1893,588,992,100,676,0,96.79,d:Amoebozoa,p:Evosea-Evosea_X,c:Variosea,o:Variosea_X,f:WIM1-lineage,g:WIM1-lineage_X,s:WIM1-lineage_X_sp,AM114811.1.1893_U;tax,k:Eukaryota,OTU4274.p:Evosea-Evosea_X.g:WIM1-lineage_X
2552,OTU4275,388,1,388,1605,531,925,100,523,2.45e-147,90.886,d:Amoebozoa,p:Tubulinea-Tubulinea_X,c:Elardia,o:Euamoebida,f:Nolandellidae,g:Nolandellidae_X,s:Nolandellidae_X_sp,AF372795.1.1605_U;tax,k:Eukaryota,OTU4275.p:Tubulinea-Tubulinea_X.g:Nolandellidae_X
2553,OTU4276,422,40,422,1227,1,386,91,477,2.11e-133,89.258,d:Amoebozoa,p:Tubulinea-Tubulinea_X,c:Elardia,o:Euamoebida,f:Hartmannellidae,g:Copromyxa,s:Copromyxa_vandevyveri,KP719189.1.1227_U;tax,k:Eukaryota,OTU4276.p:Tubulinea-Tubulinea_X.g:Copromyxa
2554,OTU4281,401,1,401,1791,589,993,100,412,5.73e-114,85.222,d:TSAR,p:Rhizaria-Cercozoa,c:Endomyxa,o:Vampyrellida,f:Thalassomyxa-lineage,g:Thalassomyxa-lineage_X,s:Thalassomyxa-lineage_X_sp,EU910603.1.1791_U;tax,k:Eukaryota,OTU4281.p:Rhizaria-Cercozoa.g:Thalassomyxa-lineage_X
2555,OTU4282,404,1,404,1675,480,885,100,599,4.13e-170,93.415,d:TSAR,p:Stramenopiles-Gyrista,c:Chrysophyceae,o:Chrysophyceae_X,f:Chrysophyceae_XX,g:Chrysophyceae_XXX,s:Chrysophyceae_XXX_sp,AB749133.1.1675_U;tax,k:Eukaryota,OTU4282.p:Stramenopiles-Gyrista.g:Chrysophyceae_XXX
2556,OTU4285,431,192,431,1227,145,386,56,268,1.41e-70,86.831,d:Amoebozoa,p:Tubulinea-Tubulinea_X,c:Elardia,o:Euamoebida,f:Hartmannellidae,g:Copromyxa,s:Copromyxa_vandevyveri,KP719189.1.1227_U;tax,k:Eukaryota,OTU4285.p:Tubulinea-Tubulinea_X.g:Copromyxa
2557,OTU4286,407,1,407,1111,483,889,100,592,6.96e-168,92.875,d:TSAR,p:Rhizaria-Cercozoa,c:Novel-clade-10-12,o:Tremulida,f:Tremulidae,g:Tremula,s:Tremula_longifila,EU567287.1.1111_U;tax,k:Eukaryota,OTU4286.p:Rhizaria-Cercozoa.g:Tremula
2558,OTU4289,417,170,416,740,74,319,59,394,2.16e-108,95.565,d:TSAR,p:Stramenopiles-Bigyra,c:Sagenista,o:Labyrinthulomycetes,f:Amphifilaceae,g:Amphifilaceae_X,s:Amphifilaceae_X_sp,LN582061.1.740_U;tax,k:Eukaryota,OTU4289.p:Stramenopiles-Bigyra.g:Amphifilaceae_X
2559,OTU4290,396,1,396,1689,532,927,100,721,0,99.495,d:Archaeplastida,p:Chlorophyta-Chlorophyta_X,c:Chlorophyceae,o:Chlamydomonadales,f:Chlamydomonadales_X,g:Chlamydomonas,s:Chlamydomonas_sp,EF537906.1.1689_U;tax,k:Eukaryota,OTU4290.p:Chlorophyta-Chlorophyta_X.g:Chlamydomonas
2560,OTU4291,404,1,404,1644,524,925,100,651,0,95.792,d:TSAR,p:Stramenopiles-Bigyra,c:Sagenista,o:Labyrinthulomycetes,f:Labyrinthulaceae,g:Aplanochytrium,s:Aplanochytrium_sp,AB973543.1.1644_U;tax,k:Eukaryota,OTU4291.p:Stramenopiles-Bigyra.g:Aplanochytrium
2561,OTU4292,393,1,393,735,173,574,100,457,2.55e-127,87.685,d:TSAR,p:Stramenopiles-Bigyra,c:Sagenista,o:Labyrinthulomycetes,f:Labyrinthulaceae,g:Labyrinthulaceae_X,s:Labyrinthulaceae_X_sp,FJ389881.1.735_U;tax,k:Eukaryota,OTU4292.p:Stramenopiles-Bigyra.g:Labyrinthulaceae_X
2562,OTU4293,434,307,434,1818,813,940,41,99,1.98e-19,80.769,d:Amoebozoa,p:Evosea-Evosea_X,c:Variosea,o:Cavosteliida,f:Cavosteliida_X,g:Tychosporium,s:Tychosporium_acutostipes,FJ792703.1.1818_U;tax,k:Eukaryota,OTU4293.p:Evosea-Evosea_X.g:Tychosporium
2563,OTU4295,417,1,417,1728,516,943,100,586,3.33e-166,91.898,d:TSAR,p:Rhizaria-Cercozoa,c:Filosa-Thecofilosea,o:Tectofilosida,f:Tectofilosida_X,g:Fisculla,s:Fisculla_terrestris,KP728379.1.1728_U;tax,k:Eukaryota,OTU4295.p:Rhizaria-Cercozoa.g:Fisculla
2564,OTU4297,387,1,387,1117,616,999,100,490,2.48e-137,89.691,d:Eukaryota_X,p:Hemimastigophora-Hemimastigophora_X,c:Hemimastigophora_XX,o:Hemimastigophora_XXX,f:Spironemidae,g:Hemimastix,s:Hemimastix_kukwesjijk,MF682191.1.1117_U;tax,k:Eukaryota,OTU4297.p:Hemimastigophora-Hemimastigophora_X.g:Hemimastix
2565,OTU4298,405,165,405,1455,598,836,74,377,2.11e-103,95.041,d:TSAR,p:Stramenopiles-Bigyra,c:Bicoecea,o:Bicoecales,f:Bicoecaceae,g:Bicosoeca,s:Bicosoeca_sp,HM749932.1.1455_U;tax,k:Eukaryota,OTU4298.p:Stramenopiles-Bigyra.g:Bicosoeca
2566,OTU4300,392,271,392,1804,830,951,45,187,3.69e-46,94.262,d:Archaeplastida,p:Rhodophyta-Rhodophyta_X,c:Bangiophyceae,o:Cyanidiales,f:Cyanidiales_X,g:Cyanidiales_XX,s:Cyanidiales_XX_sp,AB695473.1.1804_U;tax,k:Eukaryota,OTU4300.p:Rhodophyta-Rhodophyta_X.g:Cyanidiales_XX
2567,OTU4301,403,1,403,520,3,408,100,398,1.61e-109,84.672,d:Amoebozoa,p:Tubulinea-Tubulinea_X,c:Echinamoebida,o:Echinamoebida_X,f:Echinamoebidae,g:Echinamoeba,s:Echinamoeba_sp,EU273833.1.520_U;tax,k:Eukaryota,OTU4301.p:Tubulinea-Tubulinea_X.g:Echinamoeba
2568,OTU4303,399,1,399,1366,460,855,100,534,1.17e-150,91.045,d:Obazoa,p:Opisthokonta-Choanoflagellata,c:Choanoflagellatea,o:Craspedida,f:Monosigidae_Group_B,g:Lagenoeca,s:Lagenoeca_antarctica,DQ995807.1.1366_U;tax,k:Eukaryota,OTU4303.p:Opisthokonta-Choanoflagellata.g:Lagenoeca
2569,OTU4304,419,1,410,715,565,156,98,736,0,99.024,d:TSAR,p:Stramenopiles-Bigyra,c:Sagenista,o:Labyrinthulomycetes,f:Labyrinthulaceae,g:Aplanochytrium,s:Aplanochytrium_sp,FJ389869.1.715_U;tax,k:Eukaryota,OTU4304.p:Stramenopiles-Bigyra.g:Aplanochytrium
2570,OTU4305,414,1,414,1738,550,963,100,532,4.36e-150,89.952,d:TSAR,p:Stramenopiles-Bigyra,c:Sagenista,o:Labyrinthulomycetes,f:Amphifilaceae,g:Fibrophrys,s:Fibrophrys_sp,AY919705.1.1738_U;tax,k:Eukaryota,OTU4305.p:Stramenopiles-Bigyra.g:Fibrophrys
2571,OTU4306,386,1,380,1833,947,565,98,682,0,98.956,d:TSAR,p:Rhizaria-Cercozoa,c:Filosa-Sarcomonadea,o:Filosa-Sarcomonadea_X,f:Filosa-Sarcomonadea_XX,g:Filosa-Sarcomonadea_XXX,s:Filosa-Sarcomonadea_XXX_sp,AM114812.1.1833_U;tax,k:Eukaryota,OTU4306.p:Rhizaria-Cercozoa.g:Filosa-Sarcomonadea_XXX
2572,OTU4308,365,1,365,1631,504,870,100,388,8.73e-107,86.059,d:TSAR,p:Alveolata-Apicomplexa,c:Gregarinomorphea,o:Eugregarinorida,f:Gregarinidae,g:Leidyana3,s:Gregarina_kingi,FJ459746.1.1631_U;tax,k:Eukaryota,OTU4308.p:Alveolata-Apicomplexa.g:Leidyana3
2573,OTU4309,362,131,362,637,384,615,64,174,2.64e-42,80.426,d:TSAR,p:Alveolata-Ciliophora,c:Phyllopharyngea,o:Suctoria,f:Suctoria_X,g:Suctoria_XX,s:Suctoria_XX_sp,DQ115966.1.637_U;tax,k:Eukaryota,OTU4309.p:Alveolata-Ciliophora.g:Suctoria_XX
2574,OTU4311,326,1,325,737,5,331,99,481,1.24e-134,93.272,d:TSAR,p:Alveolata-Ciliophora,c:Litostomatea,o:Litostomatea_X,f:Litostomatea_XX,g:Litostomatea_XXX,s:Litostomatea_XXX_sp,AY124366.1.737_U;tax,k:Eukaryota,OTU4311.p:Alveolata-Ciliophora.g:Litostomatea_XXX
2575,OTU4312,394,1,394,1735,562,951,100,569,3.15e-161,92.911,d:TSAR,p:Alveolata-Ciliophora,c:Colpodea,o:Colpodea_X,f:Colpodida,g:Bryophryoides,s:Bryophryoides_ocellatus,KF569684.1.1735_U;tax,k:Eukaryota,OTU4312.p:Alveolata-Ciliophora.g:Bryophryoides
2576,OTU4314,410,1,409,676,160,573,99,472,9.54e-132,87.5,d:TSAR,p:Stramenopiles-Bigyra,c:Sagenista,o:Labyrinthulomycetes,f:Amphifilaceae,g:Amphifilaceae_X,s:Amphifilaceae_X_sp,AB572139.1.676_U;tax,k:Eukaryota,OTU4314.p:Stramenopiles-Bigyra.g:Amphifilaceae_X
2577,OTU4315,418,1,417,676,160,573,99,523,2.65e-147,89.573,d:TSAR,p:Stramenopiles-Bigyra,c:Sagenista,o:Labyrinthulomycetes,f:Amphifilaceae,g:Amphifilaceae_X,s:Amphifilaceae_X_sp,AB572139.1.676_U;tax,k:Eukaryota,OTU4315.p:Stramenopiles-Bigyra.g:Amphifilaceae_X
2578,OTU4320,414,1,414,1697,524,940,100,473,2.68e-132,87.351,d:TSAR,p:Stramenopiles-Bigyra,c:Sagenista,o:Labyrinthulomycetes,f:Amphifilaceae,g:Fibrophrys,s:Fibrophrys_sp,AB721051.1.1697_U;tax,k:Eukaryota,OTU4320.p:Stramenopiles-Bigyra.g:Fibrophrys
2579,OTU4325,384,1,384,1596,529,916,100,608,6.5e-173,95.116,d:Amoebozoa,p:Tubulinea-Tubulinea_X,c:Elardia,o:Euamoebida,f:Nolandellidae,g:Nolandellidae_X,s:Nolandellidae_X_sp,HM628644.1.1596_U;tax,k:Eukaryota,OTU4325.p:Tubulinea-Tubulinea_X.g:Nolandellidae_X
2580,OTU4328,409,1,409,1126,446,852,100,566,4.24e-160,91.687,d:TSAR,p:Rhizaria-Cercozoa,c:Filosa-Sarcomonadea,o:Glissomonadida,f:Allapsidae,g:Group-Te,s:Group_Te_sp,EU709246.1.1127_U;tax,k:Eukaryota,OTU4328.p:Rhizaria-Cercozoa.g:Group-Te
2581,OTU4354,378,141,378,1550,617,853,63,289,9.45e-77,88.75,d:TSAR,p:Alveolata-Apicomplexa,c:Coccidiomorphea,o:Piroplasmorida,f:Babesiidae,g:Babesia7,s:Babesia7_sp,JN717137.1.1550_U;tax,k:Eukaryota,OTU4354.p:Alveolata-Apicomplexa.g:Babesia7
2582,OTU4357,407,1,407,2130,531,927,100,383,4.56e-105,84.223,d:Eukaryota_X,p:Ancyromonadida-Ancyromonadida_X,c:Ancyromonadida_XX,o:Ancyromonadida_XXX,f:Ancyromonadida_Group-1,g:Ancyromonadida_Group-1_X,s:Fabomonas_tropica,MT355148.1.2130_U;tax,k:Eukaryota,OTU4357.p:Ancyromonadida-Ancyromonadida_X.g:Ancyromonadida_Group-1_X
2583,OTU4360,416,1,416,1466,473,879,100,582,4.29e-165,92.363,d:TSAR,p:Rhizaria-Cercozoa,c:Filosa-Sarcomonadea,o:Glissomonadida,f:Sandonidae,g:Sandona,s:Sandona_sp,EU709174.15.1480_U;tax,k:Eukaryota,OTU4360.p:Rhizaria-Cercozoa.g:Sandona
2584,OTU4361,416,1,416,1270,473,879,100,676,0,96.394,d:TSAR,p:Rhizaria-Cercozoa,c:Filosa-Sarcomonadea,o:Glissomonadida,f:Sandonidae,g:Sandonidae_X,s:Sandonidae_X_sp,EU709188.21.1290_U;tax,k:Eukaryota,OTU4361.p:Rhizaria-Cercozoa.g:Sandonidae_X
2585,OTU4366,385,1,385,1610,479,864,100,556,2.39e-157,92.784,d:TSAR,p:Alveolata-Ciliophora,c:Colpodea,o:Colpodea_X,f:Cyrtolophosidida,g:Apocyrtolophosis,s:Apocyrtolophosis_minor,KJ873044.1.1610_U;tax,k:Eukaryota,OTU4366.p:Alveolata-Ciliophora.g:Apocyrtolophosis
