"","CKU1","CKU3","CKU4","CKU5","CKU2","CLU1","CLU2","CLU3","CLU4","CLU5","JPU1","JPU2","JPU3","JPU4","JPU5","MHU1","MHU2","MHU3","MHU4","MHU5","YMU1","YMU2","YMU3","YMU4","YMU5"
"OTU3.p:Evosea-Evosea_X.g:Filamoeba",11,12,15,13,6,30,14,18,20,13,13,30,19,15,17,21,23,27,15,33,72,100,73,63,71
"OTU5.p:Chlorophyta-Chlorophyta_X.g:Chlorosarcinopsis",26,52,10,9,14,8,5,14,34,3,20,6,17,4,119,2,0,0,0,3,1,2,0,3,0
"OTU9.p:Chlorophyta-Chlorophyta_X.g:Protosiphon",6,29,12,20,152,5,17,17,19,4,18,21,19,5,12,8,3,6,73,3,5,2,1,3,4
"OTU10.p:Chlorophyta-Chlorophyta_X.g:Chlamydomonadales_XX",10,11,7,14,14,10,7,24,14,12,23,15,10,14,13,81,38,23,31,40,37,79,33,173,67
"OTU14.p:Chlorophyta-Chlorophyta_X.g:Protoderma",3,7,9,4,76,6,2,4,3,6,116,4,1,1,2,5,2,5,2,1,0,3,0,9,9
"OTU15.p:Chlorophyta-Chlorophyta_X.g:Wislouchiella",11,10,78,180,11,3,2,3,16,4,0,0,1,0,21,0,0,0,0,0,0,0,0,1,0
"OTU20.p:Alveolata-Ciliophora.g:Oxytrichidae_X",21,46,51,53,42,37,41,70,42,43,25,66,83,24,50,116,87,56,170,53,36,23,37,41,26
"OTU21.p:Chlorophyta-Chlorophyta_X.g:Coelastrella",6,263,2,1,28,13,4,11,10,3,4,10,2,2,7,0,0,2,1,0,2,0,0,1,0
"OTU24.p:Chlorophyta-Chlorophyta_X.g:Chlamydomonadales_XX",9,28,15,35,19,11,3,16,15,13,13,9,18,5,11,84,60,32,52,74,29,45,5,63,13
"OTU25.p:Tubulinea-Tubulinea_X.g:Ptolemeba",3,2,0,0,7,7,10,0,1,40,0,9,11,0,12,1,0,0,0,0,0,17,2,4,2
"OTU26.p:Alveolata-Apicomplexa.g:Monocystis",0,0,0,22,6,6,15,1,4,9,1,0,16,3,2,0,2,1,0,0,0,0,0,0,0
"OTU27.p:Evosea-Evosea_X.g:Variosea_XXX",6,8,3,5,6,8,9,7,6,9,6,6,5,2,9,0,4,1,7,1,5,2,6,3,6
"OTU28.p:Stramenopiles-Gyrista.g:Heterococcus",8,18,11,11,9,17,4,2,17,9,10,10,13,5,14,40,29,26,20,24,40,18,7,39,23
"OTU29.p:Discosea-Discosea_X.g:Vexillifera",1,0,5,37,1,1,2,2,0,0,3,0,2,0,1,0,0,0,0,0,0,0,0,0,0
"OTU30.p:Stramenopiles-Gyrista.g:Spumella",11,13,7,8,12,11,7,8,11,26,8,8,34,13,11,12,13,14,8,6,35,37,9,25,30
"OTU31.p:Evosea-Evosea_X.g:Acramoebidae_X",2,2,5,0,4,4,3,5,7,7,1,3,12,3,7,2,5,6,2,5,19,4,7,7,5
"OTU33.p:Evosea-Evosea_X.g:Flamella",13,17,9,9,16,15,19,12,20,12,6,13,28,4,20,8,14,6,6,13,14,13,13,34,30
"OTU34.p:Evosea-Evosea_X.g:Flamella",5,7,5,3,16,9,10,11,14,13,9,9,10,1,11,5,22,13,9,5,7,7,14,8,8
"OTU35.p:Evosea-Evosea_X.g:Filamoeba",3,1,4,5,7,0,3,2,4,9,0,1,0,2,4,5,3,4,3,9,6,5,0,1,4
"OTU36.p:Stramenopiles-Bigyra.g:Aplanochytrium",0,4,1,1,1,4,4,8,10,0,2,0,13,2,4,0,0,0,0,4,0,0,0,0,0
"OTU40.p:Evosea-Evosea_X.g:AND16-lineage_X",10,12,9,11,8,16,17,19,6,13,9,12,18,8,14,10,16,20,3,14,30,14,135,8,17
"OTU41.p:Evosea-Evosea_X.g:Ceratiomyxella",6,6,4,5,7,5,3,13,4,9,9,9,10,1,4,10,10,18,25,11,10,2,7,10,12
"OTU43.p:Chlorophyta-Chlorophyta_X.g:Hemiflagellochloris",3,16,29,14,11,7,8,11,15,11,10,10,9,4,7,21,16,31,10,51,9,5,0,16,4
"OTU46.p:Stramenopiles-Bigyra.g:Labyrinthula",0,0,1,0,0,0,0,0,0,0,0,0,0,2,0,0,0,2,0,0,0,0,0,0,0
"OTU47.p:Chlorophyta-Chlorophyta_X.g:Colemanosphaera",3,4,5,8,7,3,7,4,16,6,3,1,6,4,11,7,2,8,3,1,0,1,0,0,0
"OTU49.p:Evosea-Evosea_X.g:Ceratiomyxella",4,3,4,6,2,2,7,8,6,3,5,9,3,1,9,3,1,9,1,2,5,0,2,2,2
"OTU50.p:Evosea-Evosea_X.g:Filamoeba",7,2,5,4,2,4,10,1,9,5,3,6,10,3,0,11,11,1,6,7,5,15,12,9,9
"OTU51.p:Rhizaria-Cercozoa.g:Neoheteromita",0,8,1,4,1,12,1,6,3,6,7,7,1,4,9,2,13,8,5,8,4,5,1,1,4
"OTU53.p:Evosea-Evosea_X.g:Variosea_XXX",3,8,5,2,5,7,2,3,2,1,3,2,6,1,3,3,5,3,6,43,0,1,0,1,0
"OTU54.p:Tubulinea-Tubulinea_X.g:Nolandellidae_X",2,9,1,3,1,6,2,4,1,15,2,1,5,1,6,5,43,11,6,7,0,3,0,11,0
"OTU58.p:Stramenopiles-Gyrista.g:Vischeria",0,0,2,0,50,1,2,0,2,2,9,3,9,4,4,0,0,0,0,0,0,4,0,3,4
"OTU59.p:Stramenopiles-Bigyra.g:Labyrinthulaceae_ANT10_3",3,4,5,8,3,8,1,7,8,0,4,1,6,6,5,1,0,2,1,5,1,0,0,0,0
"OTU60.p:Chlorophyta-Chlorophyta_X.g:Chlamydomonas",5,2,68,1,3,0,2,1,4,4,1,0,3,5,3,13,4,14,66,7,0,0,0,2,0
"OTU62.p:Evosea-Evosea_X.g:Variosea_XXX",0,0,25,1,1,0,0,0,3,0,1,0,3,0,0,0,0,0,0,0,0,0,0,0,0
"OTU65.p:Evosea-Evosea_X.g:Filamoeba",4,1,2,2,4,0,1,2,1,0,1,2,0,0,6,1,1,1,1,0,0,1,2,5,1
"OTU66.p:Chlorophyta-Chlorophyta_X.g:Chlorosarcinopsis",2,3,5,2,8,0,71,9,6,2,4,5,11,1,4,3,3,1,30,1,9,15,8,15,17
"OTU67.p:Evosea-Evosea_X.g:Flamella",0,0,3,1,1,2,4,5,2,6,1,4,0,0,1,0,1,0,1,0,0,3,0,0,0
"OTU68.p:Evosea-Evosea_X.g:Ceratiomyxella",3,0,2,1,1,4,9,5,1,2,9,2,2,7,15,1,2,2,4,0,0,1,0,1,1
"OTU69.p:Evosea-Evosea_X.g:Flamella",4,3,1,3,9,6,4,1,3,3,3,9,6,2,14,0,5,5,2,1,10,6,6,24,7
"OTU72.p:Tubulinea-Tubulinea_X.g:Paraflabellula",0,0,4,0,0,0,1,2,3,0,1,1,17,6,3,0,0,0,0,0,0,0,0,0,0
"OTU73.p:Stramenopiles-Gyrista.g:Mayamaea",2,9,5,5,11,3,9,4,3,7,7,11,3,3,4,18,13,11,9,61,2,3,2,2,3
"OTU74.p:Evosea-Evosea_X.g:AND16-lineage_X",4,2,5,6,0,1,2,7,2,2,6,0,5,1,2,4,4,5,3,2,6,4,14,3,3
"OTU75.p:Chlorophyta-Chlorophyta_X.g:Borodinellopsis",0,0,14,164,0,0,0,0,1,0,0,0,0,0,2,0,0,0,0,0,0,0,1,0,0
"OTU77.p:Evosea-Evosea_X.g:Mb5C-lineage_X",5,6,5,4,2,1,5,13,7,1,5,4,10,5,2,10,11,14,5,6,0,3,0,0,2
"OTU78.p:Chlorophyta-Chlorophyta_X.g:Nannochloris",6,19,5,4,7,4,1,4,2,1,0,3,5,3,1,10,5,10,4,17,9,10,2,10,8
"OTU79.p:Evosea-Evosea_X.g:Ceratiomyxella",4,7,3,3,9,6,1,247,2,11,10,63,9,3,13,5,5,6,3,7,8,13,17,8,11
"OTU81.p:Rhodelphidia-Rhodelphidia_X.g:Rhodelphis",1,0,3,7,6,2,3,1,1,2,1,5,2,5,0,3,22,15,34,13,0,0,1,0,0
"OTU84.p:Stramenopiles-Bigyra.g:Labyrinthulaceae_X",2,1,10,3,1,3,13,8,6,4,12,2,2,3,0,8,10,11,10,14,0,0,1,2,2
"OTU86.p:Stramenopiles-Gyrista.g:Phytophthora",1,0,0,0,1,1,1,0,1,1,0,0,2,1,0,1,2,0,0,0,0,0,0,0,0
"OTU87.p:Evosea-Evosea_X.g:ATCC50593-lineage_X",2,6,2,1,2,1,2,5,4,5,7,0,4,1,5,5,8,4,2,7,1,1,5,3,9
"OTU89.p:Evosea-Evosea_X.g:AND16-lineage_X",2,1,0,1,0,0,2,1,1,0,2,2,0,0,1,0,0,0,0,0,0,1,4,2,5
"OTU90.p:Stramenopiles-Gyrista.g:Mediophyceae_XXX",2,0,0,0,8,0,0,0,3,0,0,0,0,0,0,0,0,0,0,0,0,0,1,0,0
"OTU92.p:Evosea-Evosea_X.g:Variosea_XXX",0,3,1,0,0,0,5,5,2,1,4,4,5,1,1,0,0,1,1,0,0,0,0,0,0
"OTU94.p:Rhizaria-Cercozoa.g:Glissomonadida_XX",3,3,0,0,3,3,3,3,2,1,0,3,0,2,0,8,11,56,13,1,5,3,0,0,0
"OTU95.p:Stramenopiles-Gyrista.g:Hyphochytrium",2,3,6,2,1,4,5,17,0,4,0,3,3,176,4,6,2,9,8,8,12,14,8,8,13
"OTU97.p:Alveolata-Ciliophora.g:Pseudoplatyophrya",0,8,1,4,5,7,12,5,6,5,1,8,16,5,8,0,1,9,0,1,8,4,31,8,3
"OTU99.p:Chlorophyta-Chlorophyta_X.g:Chlamydomonas",1,1,1,3,1,2,0,0,1,0,2,2,3,1,0,0,3,7,3,2,4,3,0,0,0
"OTU100.p:Stramenopiles-Gyrista.g:Pythium",0,5,2,3,1,9,9,2,3,6,5,0,6,3,7,2,1,4,0,4,0,1,3,6,2
"OTU101.p:Evosea-Evosea_X.g:Variosea_XXX",4,2,5,13,6,3,1,9,3,4,3,3,1,1,8,4,4,5,1,1,16,6,11,2,6
"OTU102.p:Alveolata-Ciliophora.g:Colpoda",3,4,8,6,10,15,8,9,18,13,4,23,16,0,8,1,1,0,2,0,6,3,52,5,2
"OTU104.p:Stramenopiles-Gyrista.g:Phaeophyceae_XXX",3,0,9,0,0,2,0,1,4,0,5,0,0,0,1,0,0,0,0,0,0,0,0,0,0
"OTU105.p:Evosea-Evosea_X.g:Variosea_XXX",1,2,18,12,0,0,0,0,6,0,1,3,0,0,1,0,0,1,0,2,0,0,0,0,0
"OTU106.p:Stramenopiles-Bigyra.g:Labyrinthulomycetes_LAB5_X",6,1,3,0,3,1,0,1,3,0,1,1,0,0,1,3,0,2,1,1,0,0,0,0,0
"OTU107.p:Stramenopiles-Gyrista.g:Hantzschia",3,12,4,5,4,8,3,0,4,3,3,18,4,3,3,14,9,3,1,39,1,0,1,1,2
"OTU111.p:Chlorophyta-Chlorophyta_X.g:Spongiococcum",1,3,3,6,0,2,2,1,2,2,2,3,2,2,3,7,6,7,2,34,0,0,0,0,0
"OTU113.p:Evosea-Evosea_X.g:Acramoebidae_X",1,3,3,0,2,0,0,1,2,0,4,4,8,0,0,5,1,3,4,7,0,3,2,3,0
"OTU114.p:Alveolata-Ciliophora.g:Pseudouroleptus",2,3,0,3,1,2,3,6,4,0,1,5,0,2,0,7,4,10,1,8,0,0,1,1,0
"OTU116.p:Evosea-Evosea_X.g:Filamoeba",4,2,0,1,0,0,1,5,2,0,0,1,1,0,0,0,4,1,0,1,8,0,1,3,2
"OTU117.p:Evosea-Evosea_X.g:Filamoeba",0,0,0,1,0,1,0,2,4,0,1,0,0,0,0,0,0,0,0,0,0,0,0,0,0
"OTU120.p:Chlorophyta-Chlorophyta_X.g:Fasciculochloris",2,10,1,8,2,6,5,2,5,4,2,2,6,3,4,11,5,4,5,14,2,11,2,6,1
"OTU121.p:Centroplasthelida-Centroplasthelida_X.g:Pterocystis",1,1,1,7,6,3,1,3,4,0,1,3,5,1,1,14,8,15,12,2,0,0,0,0,0
"OTU122.p:Alveolata-Ciliophora.g:Nassulida_X",0,1,0,1,2,0,0,0,9,0,0,1,0,0,0,0,0,0,1,0,0,0,0,0,0
"OTU123.p:Evosea-Evosea_X.g:Variosea_XXX",2,0,11,2,2,0,0,2,2,2,0,1,0,1,1,3,0,0,5,1,9,0,0,0,0
"OTU124.p:Tubulinea-Tubulinea_X.g:Hartmannella",6,4,17,11,4,9,11,4,10,9,8,4,14,6,6,19,8,4,6,17,24,9,25,8,12
"OTU128.p:Alveolata-Ciliophora.g:Sterkiella",0,3,2,6,2,0,8,4,3,7,6,1,16,0,1,19,10,8,18,0,0,0,1,1,0
"OTU129.p:Stramenopiles-Gyrista.g:Pythium",0,0,0,0,0,2,3,0,0,0,6,2,3,2,6,0,2,1,0,3,2,2,1,1,6
"OTU130.p:Alveolata-Apicomplexa.g:Cyclospora",1,2,2,0,0,0,0,0,2,0,4,1,0,226,0,1,0,0,0,0,1,3,3,0,2
"OTU132.p:Chlorophyta-Chlorophyta_X.g:Deasonia",0,1,5,2,5,2,3,4,0,3,0,0,3,0,4,4,6,11,6,16,2,2,2,3,0
"OTU135.p:Streptophyta-Streptophyta_X.g:Streptophyta_XXXXX",2,2,5,1,1,0,2,6,0,1,0,2,0,0,4,1,1,1,1,3,0,1,0,0,0
"OTU136.p:Rhizaria-Cercozoa.g:Flectomonas",16,10,2,12,7,11,8,11,7,12,4,9,12,2,9,4,16,10,13,4,7,3,3,2,9
"OTU139.p:Rhodophyta-Rhodophyta_X.g:Cyanidiales_XX",1,0,2,1,1,0,1,2,1,0,1,0,4,0,0,0,0,0,0,0,0,1,0,0,0
"OTU141.p:Alveolata-Ciliophora.g:Colpoda",0,0,1,0,6,4,3,3,7,20,4,6,12,2,7,1,0,0,1,1,2,0,14,5,2
"OTU142.p:Evosea-Evosea_X.g:Acramoebidae_X",3,1,0,3,0,0,0,0,1,0,0,0,0,0,0,0,0,0,0,0,0,0,0,0,0
"OTU143.p:Alveolata-Ciliophora.g:Platyophrya",6,7,6,10,14,9,8,9,13,11,7,10,10,1,4,6,9,9,1,5,23,17,20,3,1
"OTU145.p:Evosea-Evosea_X.g:ATCC50593-lineage_X",2,1,2,2,3,2,1,2,2,3,2,2,1,0,8,8,5,1,2,2,5,4,6,4,19
"OTU147.p:Chlorophyta-Chlorophyta_X.g:Actinochloris",1,2,1,0,0,0,0,0,1,1,1,4,3,1,0,13,18,18,5,15,0,1,0,1,0
"OTU149.p:Stramenopiles-Gyrista.g:Pythium",2,10,0,2,5,3,7,6,8,3,3,5,9,4,5,6,3,6,19,3,8,3,9,10,9
"OTU150.p:Stramenopiles-Gyrista.g:Ochromonadales_clade-XIII_X",0,2,5,0,1,5,0,1,1,1,3,4,3,0,2,16,18,2,2,1,2,3,0,2,1
"OTU151.p:Evosea-Evosea_X.g:AND16-lineage_X",1,1,2,0,0,1,1,1,3,2,0,0,0,2,1,2,1,0,0,0,6,1,1,0,0
"OTU152.p:Evosea-Evosea_X.g:Variosea_XXX",4,7,4,0,0,2,5,3,4,3,2,3,12,3,9,6,1,2,0,9,4,1,2,2,2
"OTU155.p:Stramenopiles-Gyrista.g:Hyphochytrium",5,2,0,1,6,2,1,3,0,3,3,2,8,91,1,1,0,2,2,1,16,5,1,4,11
"OTU157.p:Evosea-Evosea_X.g:Ischnamoeba",4,6,0,9,4,6,1,4,6,6,4,6,6,0,2,2,10,1,6,0,2,5,8,7,4
"OTU158.p:Rhizaria-Cercozoa.g:Eocercomonas",2,4,1,8,2,3,2,5,4,4,5,2,2,1,3,3,5,1,4,2,2,7,2,8,16
"OTU159.p:Tubulinea-Tubulinea_X.g:Nolandellidae_X",2,1,2,2,0,3,2,3,0,0,0,1,0,1,1,4,5,6,6,2,8,9,0,1,22
"OTU160.p:Stramenopiles-Gyrista.g:Rhizidiomyces",0,4,0,0,3,0,1,2,0,5,1,2,2,62,4,4,6,10,6,3,2,2,2,0,0
"OTU161.p:Evosea-Evosea_X.g:Flamella-lineage_X",2,2,0,1,1,5,5,1,0,5,0,0,1,2,3,3,10,11,4,8,3,2,0,1,10
"OTU162.p:Rhizaria-Cercozoa.g:Rhogostoma",6,13,3,5,9,2,1,4,1,10,2,2,7,1,10,12,9,9,7,16,4,13,7,7,17
"OTU164.p:Evosea-Evosea_X.g:Variosea_XXX",1,3,0,0,6,0,0,0,2,0,0,0,0,0,0,0,0,0,0,0,0,0,0,0,0
"OTU165.p:Alveolata-Ciliophora.g:Colpodida_X",1,4,2,1,1,2,2,0,2,2,0,0,0,1,4,0,3,2,0,5,7,0,8,2,4
"OTU166.p:Alveolata-Ciliophora.g:Ichthyophthirius",0,0,0,0,0,0,0,0,4,0,0,0,1,0,4,0,0,0,0,0,0,0,0,0,0
"OTU167.p:Tubulinea-Tubulinea_X.g:Copromyxa",2,0,1,4,1,1,1,0,1,3,5,1,1,0,0,1,1,0,0,3,0,8,11,2,14
"OTU169.p:Chlorophyta-Chlorophyta_X.g:Neochlorosarcina",1,1,2,1,3,5,0,2,3,6,0,1,0,0,5,22,3,3,9,11,3,0,0,1,0
"OTU171.p:Evosea-Evosea_X.g:WIM80-lineage_X",0,1,2,1,1,0,1,4,1,9,2,4,1,3,0,1,0,1,1,1,10,1,4,0,0
"OTU174.p:Evosea-Eumycetozoa.g:Dictyostelium-Group-IV",0,1,0,0,0,1,0,1,0,0,0,0,0,0,1,0,0,0,0,0,1,1,0,0,0
"OTU175.p:Tubulinea-Tubulinea_X.g:Nolandellidae_X",1,1,0,1,2,2,0,1,2,4,2,0,1,4,1,8,5,4,5,3,6,16,4,20,14
"OTU176.p:Evosea-Evosea_X.g:AND16-lineage_X",2,0,0,0,5,0,0,2,1,2,0,3,3,0,1,1,2,1,0,3,0,0,2,0,0
"OTU177.p:Rhizaria-Cercozoa.g:Glissomonadida_Clade-Y_X",0,1,0,1,0,1,0,0,4,0,0,0,0,1,1,2,0,0,0,2,0,0,0,1,0
"OTU179.p:Stramenopiles-Gyrista.g:Characiopsis",1,0,0,0,1,1,0,1,0,0,0,0,1,0,0,0,0,1,0,0,2,0,0,0,0
"OTU182.p:Evosea-Evosea_X.g:Flamella",0,3,4,1,5,3,1,2,2,2,2,0,1,0,4,0,0,3,0,0,4,5,2,5,13
"OTU183.p:Evosea-Evosea_X.g:AND16-lineage_X",0,1,1,6,2,0,0,0,5,0,0,0,0,1,0,0,0,0,0,0,0,0,0,0,0
"OTU184.p:Chlorophyta-Chlorophyta_X.g:Bracteacoccus",2,2,2,1,1,1,1,0,0,4,0,1,5,1,0,5,2,0,0,5,15,7,4,9,6
"OTU185.p:Chlorophyta-Chlorophyta_X.g:Tetracystis",1,4,0,0,0,1,1,0,5,1,1,0,3,1,1,2,0,16,2,8,0,4,0,8,4
"OTU188.p:Stramenopiles-Bigyra.g:Labyrinthulaceae_ANT10_3",1,3,7,1,0,0,0,0,9,0,1,0,0,3,0,0,0,0,0,0,0,0,0,0,0
"OTU189.p:Tubulinea-Tubulinea_X.g:Nolandellidae_X",1,1,1,0,1,1,0,1,1,1,0,0,6,0,1,6,4,5,8,4,1,0,0,0,0
"OTU192.p:Evosea-Evosea_X.g:Variosea_XXX",0,2,0,0,2,1,401,1,0,0,1,5,3,0,0,0,4,1,0,0,0,0,4,0,0
"OTU196.p:Alveolata-Ciliophora.g:Oxytricha",0,0,0,0,3,0,1,2,1,3,0,0,3,0,2,0,3,1,0,0,5,0,2,0,0
"OTU197.p:Alveolata-Ciliophora.g:Eschaneustyla",4,0,4,0,11,2,1,0,4,0,0,0,0,0,0,0,0,0,0,4,0,0,0,0,0
"OTU199.p:Evosea-Evosea_X.g:Variosea_XXX",3,0,1,0,2,2,1,1,1,2,1,0,4,1,3,2,3,12,3,0,0,0,0,0,0
"OTU200.p:Haptophyta-Haptophyta_X.g:Isochrysis",0,0,2,0,0,0,0,1,2,0,0,0,0,0,0,0,1,1,0,0,0,0,0,0,0
"OTU202.p:Alveolata-Ciliophora.g:Colpoda",1,7,7,2,0,0,2,5,5,8,3,4,10,3,1,1,0,1,3,0,6,3,7,3,6
"OTU204.p:Tubulinea-Tubulinea_X.g:Nolandellidae_X",1,2,2,3,2,0,1,0,0,0,2,0,0,0,2,2,0,6,3,4,0,0,0,1,0
"OTU205.p:Evosea-Evosea_X.g:Tychosporium",3,0,0,0,0,0,0,0,0,0,0,1,0,0,0,0,0,0,0,0,0,0,0,0,0
"OTU206.p:Stramenopiles-Gyrista.g:Synchromophyceae_XXX",0,2,0,2,6,0,1,1,3,5,0,0,1,0,1,2,2,3,2,0,4,6,3,7,4
"OTU208.p:Rhizaria-Cercozoa.g:Sandonidae_X",0,1,1,1,1,1,3,3,1,3,4,1,4,2,6,2,2,5,2,5,6,1,4,3,5
"OTU209.p:Evosea-Evosea_X.g:Variosea_XXX",0,1,0,1,1,1,2,2,2,3,2,4,3,0,1,2,0,2,0,3,4,0,3,2,5
"OTU210.p:Tubulinea-Tubulinea_X.g:Flabellula",0,0,0,0,1,3,1,0,1,0,0,0,1,0,0,0,0,0,0,0,0,0,0,0,0
"OTU211.p:Chlorophyta-Chlorophyta_X.g:Chloromonas",0,4,8,3,1,3,0,1,2,1,1,1,2,1,1,0,0,0,0,0,0,0,0,0,0
"OTU215.p:Stramenopiles-Stramenopiles_X.g:Stramenopiles_X-Group-6_XXX",0,0,0,0,0,1,2,4,2,1,0,0,1,0,0,0,0,0,0,0,0,1,2,1,0
"OTU216.p:Evosea-Evosea_X.g:Flamella",0,0,0,1,0,1,0,2,0,1,0,0,5,1,2,0,0,0,0,0,0,0,0,0,0
"OTU217.p:Chlorophyta-Chlorophyta_X.g:Ulvophyceae_XXX",0,2,1,0,1,1,1,5,2,2,2,1,2,0,1,0,0,0,0,0,0,1,0,0,0
"OTU221.p:Stramenopiles-Gyrista.g:Hyphochytrium",1,0,2,1,0,2,2,0,0,2,0,1,3,39,3,0,1,1,0,0,1,3,0,2,4
"OTU222.p:Evosea-Evosea_X.g:Flamella",0,0,0,0,0,4,0,1,3,0,1,0,0,0,0,0,0,0,0,0,0,0,0,0,0
"OTU223.p:Stramenopiles-Bigyra.g:Labyrinthula",0,1,1,0,0,0,0,0,1,0,0,0,0,0,0,0,0,0,0,0,0,0,0,0,0
"OTU226.p:Evosea-Evosea_X.g:Flamella",0,0,0,0,0,0,0,0,0,1,0,2,0,0,0,0,0,0,0,0,0,0,0,0,0
"OTU227.p:Discosea-Discosea_X.g:Acanthamoeba",1,0,1,0,1,0,0,0,4,0,0,0,0,0,2,0,1,0,0,0,0,0,3,0,1
"OTU228.p:Tubulinea-Tubulinea_X.g:Hartmannellidae_X",0,0,1,0,0,0,0,0,0,2,2,2,0,0,1,2,1,8,5,2,0,15,0,7,7
"OTU229.p:Tubulinea-Tubulinea_X.g:Copromyxa",5,0,0,0,0,0,0,0,0,3,0,1,2,0,1,2,1,3,0,0,0,24,0,4,0
"OTU235.p:Evosea-Evosea_X.g:Variosea_XXX",3,1,1,0,5,0,3,1,2,5,2,2,0,0,1,0,2,1,1,0,2,2,4,2,9
"OTU236.p:Evosea-Evosea_X.g:Flamella",0,0,1,0,1,0,0,0,0,0,1,0,0,0,2,1,0,0,0,0,4,0,0,1,0
"OTU237.p:Stramenopiles-Gyrista.g:Spumella",1,0,2,3,1,1,1,1,6,3,0,1,1,1,4,0,6,3,1,2,1,3,0,1,3
"OTU238.p:Tubulinea-Tubulinea_X.g:Ptolemeba",4,1,1,0,10,1,1,1,2,0,2,3,0,0,1,1,0,0,0,0,0,0,0,2,0
"OTU239.p:Alveolata-Ciliophora.g:Nassula",1,0,1,0,0,0,1,0,8,1,0,0,0,0,0,0,0,0,0,0,0,0,0,0,0
"OTU241.p:Stramenopiles-Bigyra.g:Labyrinthulaceae_X",0,2,10,6,0,0,2,0,1,0,0,0,2,0,3,0,0,0,0,0,0,0,0,0,0
"OTU242.p:Tubulinea-Tubulinea_X.g:Nolandellidae_X",0,0,0,0,0,0,0,0,0,0,0,14,0,0,0,0,0,0,0,0,0,0,0,0,0
"OTU243.p:Tubulinea-Tubulinea_X.g:Copromyxa",1,1,0,1,4,1,2,0,1,0,0,2,1,2,1,2,4,2,1,0,0,3,0,1,2
"OTU244.p:Chlorophyta-Chlorophyta_X.g:Chlamydomonadales_XX",0,2,0,1,1,0,1,1,1,4,4,0,8,0,1,4,1,5,1,0,4,3,0,6,2
"OTU245.p:Alveolata-Ciliophora.g:Platyophryida_X",0,3,0,5,0,1,0,0,6,7,6,1,1,0,2,0,0,0,0,0,0,0,0,0,0
"OTU247.p:Centroplasthelida-Centroplasthelida_X.g:Centroplasthelida_XXXXX",0,3,2,1,2,0,2,0,2,1,0,1,0,0,1,8,9,4,0,4,0,0,0,0,0
"OTU250.p:Stramenopiles-Gyrista.g:Asterosiphon",0,0,1,1,0,0,0,0,2,0,0,1,0,0,0,9,3,4,2,3,0,4,0,1,0
"OTU251.p:Chlorophyta-Chlorophyta_X.g:Vitreochlamys",0,3,3,0,0,2,1,4,1,2,0,0,2,1,1,3,13,13,5,11,0,0,1,3,4
"OTU254.p:Haptophyta-Haptophyta_X.g:Pavlomulina",1,2,0,2,0,0,0,1,2,0,2,0,0,0,1,0,0,0,0,0,0,0,0,0,0
"OTU255.p:Tubulinea-Tubulinea_X.g:Leptomyxa",2,0,0,0,0,0,0,0,0,0,0,2,0,2,0,0,0,0,0,0,0,0,2,0,1
"OTU256.p:Stramenopiles-Bigyra.g:Aplanochytrium",0,2,0,0,0,0,0,0,0,0,0,0,0,0,1,0,0,0,0,0,0,0,0,0,0
"OTU257.p:Alveolata-Ciliophora.g:Tetrahymena",1,0,0,1,2,1,0,0,1,0,1,0,0,0,4,1,0,0,0,0,0,32,1,0,0
"OTU258.p:Evosea-Evosea_X.g:Variosea_XXX",0,2,1,6,1,2,1,0,2,0,0,3,1,0,1,1,2,5,3,1,0,0,0,0,0
"OTU259.p:Evosea-Evosea_X.g:Filamoeba",2,3,3,8,8,9,5,6,14,13,8,10,25,2,12,1,10,2,4,7,17,10,51,31,21
"OTU261.p:Alveolata-Ciliophora.g:Eschaneustyla",0,0,0,0,0,0,0,0,0,0,0,0,17,0,1,0,0,1,0,0,0,0,0,0,0
"OTU263.p:Evosea-Evosea_X.g:WIM80-lineage_X",2,2,1,2,3,1,1,0,5,1,1,4,1,0,5,3,5,6,4,10,5,2,0,1,1
"OTU264.p:Evosea-Evosea_X.g:Flamella-lineage_X",2,1,1,0,1,0,0,0,1,0,1,1,1,0,1,4,2,8,0,1,0,3,1,0,30
"OTU265.p:Stramenopiles-Gyrista.g:Synchromophyceae_XXX",0,1,2,0,1,1,1,0,5,2,2,3,3,2,6,2,5,1,2,3,0,0,2,0,0
"OTU267.p:Rhizaria-Cercozoa.g:Leptophryidae_X",1,0,0,0,1,0,3,1,0,1,0,0,4,1,0,0,0,0,0,0,0,0,1,1,0
"OTU273.p:Evosea-Evosea_X.g:Variosea_XXX",0,2,0,0,2,1,2,2,0,1,0,0,3,0,2,0,1,0,3,2,0,0,0,0,0
"OTU275.p:Evosea-Evosea_X.g:Variosea_XXX",1,2,0,0,0,2,3,6,0,2,0,0,1,0,0,1,3,0,1,5,0,0,2,2,1
"OTU277.p:Alveolata-Ciliophora.g:Phascolodon",1,5,1,0,8,0,1,0,0,4,2,0,0,0,0,0,0,0,0,0,0,0,0,0,2
"OTU280.p:Tubulinea-Tubulinea_X.g:Nolandellidae_X",1,0,0,0,0,1,1,0,1,0,0,0,0,1,1,2,3,1,5,7,0,6,1,1,1
"OTU282.p:Alveolata-Ciliophora.g:Oxytrichidae_X",0,0,0,1,0,0,0,0,0,0,1,0,0,0,1,0,3,0,18,1,0,0,0,0,0
"OTU283.p:Rhizaria-Cercozoa.g:Sandona",1,0,4,6,2,5,4,2,4,8,0,0,6,3,4,4,5,4,7,6,2,0,6,3,0
"OTU284.p:Evosea-Evosea_X.g:Variosea_XXX",2,0,0,4,1,0,1,1,0,1,2,4,0,2,3,0,6,3,9,0,0,1,0,1,3
"OTU285.p:Alveolata-Apicomplexa.g:Amoebogregarina",0,0,0,0,0,0,0,2,0,0,0,2,0,0,0,0,0,0,0,0,0,0,0,0,0
"OTU288.p:Alveolata-Ciliophora.g:Suctoria_XX",1,0,2,1,1,0,1,0,0,0,1,1,0,0,1,0,0,6,0,0,2,18,22,4,7
"OTU290.p:Alveolata-Ciliophora.g:Nassulida_X",0,0,0,2,0,0,0,2,17,0,1,0,0,0,0,0,0,0,0,0,0,0,0,0,0
"OTU291.p:Rhizaria-Cercozoa.g:Massisteria",0,0,2,1,0,0,0,0,2,0,0,0,0,0,0,0,0,0,0,0,0,0,0,0,0
"OTU292.p:Stramenopiles-Bigyra.g:Labyrinthulaceae_X",0,0,1,0,1,0,0,0,0,5,2,9,1,1,3,0,9,7,1,0,1,0,0,0,0
"OTU293.p:Evosea-Evosea_X.g:Variosea_XXX",0,4,3,0,0,0,0,0,0,1,1,0,5,1,1,2,2,0,2,2,0,0,6,0,0
"OTU300.p:Chlorophyta-Chlorophyta_X.g:Chlamydomonas",3,14,4,5,5,11,7,21,15,7,5,4,4,2,2,9,4,3,10,9,0,4,2,20,3
"OTU302.p:Evosea-Evosea_X.g:Ceratiomyxella",1,0,0,3,0,0,1,1,3,0,0,0,0,0,0,0,0,0,0,0,0,0,0,0,0
"OTU304.p:Evosea-Evosea_X.g:AND16-lineage_X",2,0,1,1,1,0,2,2,1,0,0,0,0,0,0,1,0,0,1,0,0,2,0,0,5
"OTU305.p:Alveolata-Ciliophora.g:Kalometopia",0,0,0,0,0,0,1,0,3,2,0,0,0,0,0,0,0,0,0,0,0,0,0,0,0
"OTU308.p:Chlorophyta-Chlorophyta_X.g:Tetracystis",0,0,0,0,0,0,1,0,3,0,2,2,2,0,0,1,1,12,2,1,0,0,0,0,0
"OTU310.p:Tubulinea-Tubulinea_X.g:Nolandellidae_X",0,1,0,1,1,2,0,1,0,9,0,1,5,2,2,3,1,8,2,3,8,15,6,4,17
"OTU316.p:Alveolata-Ciliophora.g:OLIGO9_X",0,0,0,0,0,0,0,0,1,0,0,0,0,0,1,0,0,0,0,0,0,0,0,0,3
"OTU317.p:Chlorophyta-Chlorophyta_X.g:Monomastigaceae-A",0,0,0,0,0,0,0,0,3,0,0,0,1,0,1,0,0,0,0,0,0,0,0,0,0
"OTU318.p:Tubulinea-Tubulinea_X.g:Ptolemeba",1,1,0,0,0,0,1,2,4,0,0,3,6,0,2,0,1,1,0,3,4,4,5,0,2
"OTU321.p:Evosea-Evosea_X.g:WIM5-lineage_X",0,0,0,0,6,3,3,0,0,0,2,0,3,1,3,0,0,0,0,0,0,1,0,0,0
"OTU322.p:Stramenopiles-Bigyra.g:Labyrinthula",0,0,0,1,0,0,1,0,1,0,0,0,0,0,0,0,0,0,0,0,0,0,0,0,0
"OTU323.p:Evosea-Evosea_X.g:Variosea_XXX",0,0,219,0,2,2,1,4,2,3,2,3,0,3,3,2,1,1,3,2,5,9,0,5,4
"OTU325.p:Stramenopiles-Bigyra.g:MAST-11_X",1,1,1,0,0,0,0,1,0,0,0,1,0,0,0,0,0,0,0,0,0,0,0,0,1
"OTU326.p:Tubulinea-Tubulinea_X.g:Ptolemeba",1,0,1,0,0,3,0,0,0,0,0,0,0,0,2,3,6,3,0,1,0,2,2,1,1
"OTU327.p:Evosea-Evosea_X.g:Variosea_XXX",0,0,2,0,3,1,0,1,0,1,1,0,0,0,2,4,3,6,5,1,0,0,0,0,0
"OTU330.p:Rhizaria-Cercozoa.g:Group-Te",0,1,0,1,3,0,0,1,3,4,0,1,1,0,0,0,1,2,2,2,3,4,2,4,3
"OTU331.p:Alveolata-Ciliophora.g:Colpoda",1,4,2,1,1,2,3,0,1,5,2,4,5,3,5,4,0,2,0,1,2,2,9,6,5
"OTU332.p:Opisthokonta-Choanoflagellata.g:Monosigidae_Group_O_X",0,0,4,1,0,0,0,0,3,0,0,0,0,0,2,0,0,0,0,0,0,0,0,0,0
"OTU333.p:Rhizaria-Cercozoa.g:Spongospora",0,0,0,2,4,0,2,0,0,0,0,0,1,0,0,2,4,0,2,0,0,0,0,0,0
"OTU334.p:Opisthokonta-Opisthokonta_X.g:Opisthokonta_XXXXX",0,0,2,0,0,0,0,0,1,1,3,0,1,0,0,0,0,0,0,0,27,0,1,1,0
"OTU335.p:Evosea-Evosea_X.g:Ceratiomyxella",0,0,0,0,0,0,0,2,0,1,0,0,0,0,1,1,0,3,0,1,0,0,0,0,0
"OTU339.p:Alveolata-Ciliophora.g:Sessilida_X",4,1,1,2,2,3,2,5,1,3,5,0,3,0,2,8,6,1,0,0,0,0,11,0,0
"OTU340.p:Stramenopiles-Bigyra.g:Labyrinthulaceae_X",0,1,0,0,0,0,0,0,2,0,0,0,1,0,2,0,0,0,0,0,0,0,0,0,0
"OTU342.p:Tubulinea-Tubulinea_X.g:Saccamoeba",1,3,2,0,1,5,1,2,1,2,1,1,0,2,0,4,3,1,4,0,0,0,1,1,0
"OTU344.p:Chlorophyta-Chlorophyta_X.g:Protosiphon",0,0,1,1,0,0,0,1,1,3,0,0,0,0,0,0,1,0,0,0,0,0,0,0,0
"OTU346.p:Rhizaria-Cercozoa.g:Cercomonas",0,0,0,0,0,0,0,0,0,4,0,0,0,0,0,0,0,0,0,0,0,0,0,2,0
"OTU349.p:Rhizaria-Cercozoa.g:Cercomonas",0,4,2,0,0,0,0,0,0,0,0,0,0,0,1,0,0,2,1,1,0,0,0,0,0
"OTU350.p:Alveolata-Chrompodellids.g:Colpodellidae2",0,0,1,0,0,0,1,0,0,0,0,0,0,0,0,0,0,0,0,1,0,0,0,0,0
"OTU353.p:Rhizaria-Cercozoa.g:sm27-lineage_X",0,1,0,0,0,0,0,0,0,0,0,0,0,0,2,0,0,0,0,0,6,5,1,10,0
"OTU354.p:Evosea-Evosea_X.g:Acramoebidae_X",1,2,1,0,0,0,0,0,1,0,0,1,1,0,1,3,1,2,0,0,0,1,2,0,3
"OTU355.p:Evosea-Evosea_X.g:Variosea_XXX",3,2,0,0,2,0,0,0,2,1,0,2,4,2,1,0,1,4,0,2,5,3,0,6,4
"OTU356.p:Stramenopiles-Gyrista.g:Xanthonema",0,1,1,0,0,0,0,1,0,1,0,0,0,0,0,2,2,3,0,0,4,1,5,2,1
"OTU358.p:Alveolata-Ciliophora.g:Sessilida_X",0,0,0,0,0,0,0,0,0,4,0,5,0,0,2,0,0,0,0,0,0,0,0,0,0
"OTU361.p:Alveolata-Ciliophora.g:Cyrtolophosidida_X",1,3,2,2,4,1,8,3,6,8,8,3,9,4,1,4,3,3,6,4,10,7,6,4,3
"OTU362.p:Stramenopiles-Bigyra.g:Borokaceae_X",0,0,1,0,0,0,2,1,1,0,0,0,0,0,2,0,1,2,3,0,5,1,4,0,2
"OTU363.p:Alveolata-Chrompodellids.g:Colpodellida_CHR1_X",0,3,0,1,0,0,0,1,0,1,2,0,2,0,0,0,1,0,2,1,0,0,0,0,0
"OTU364.p:Tubulinea-Tubulinea_X.g:Copromyxa",0,0,0,0,0,1,1,1,0,1,0,0,2,0,0,0,0,0,0,0,6,2,5,3,1
"OTU365.p:Evosea-Evosea_X.g:Flamella-lineage_X",0,0,0,0,0,0,0,0,3,0,0,0,0,1,0,0,0,0,0,0,0,0,0,0,0
"OTU366.p:Evosea-Evosea_X.g:Flamella",0,2,0,0,0,0,1,1,1,1,0,0,0,0,0,5,1,0,0,0,0,0,8,2,0
"OTU368.p:Tubulinea-Tubulinea_X.g:Ptolemeba",0,2,0,0,0,0,0,0,0,10,0,7,0,0,1,1,0,0,0,0,0,2,13,4,1
"OTU369.p:Alveolata-Apicomplexa.g:Xiphocephalus",0,0,0,0,0,0,0,0,0,0,317,0,0,0,1,0,0,0,0,0,0,0,0,0,0
"OTU371.p:Rhizaria-Cercozoa.g:Neocercomonas",0,0,0,7,1,0,1,0,0,0,2,0,1,1,1,1,0,4,0,3,0,1,1,1,1
"OTU372.p:Tubulinea-Tubulinea_X.g:Nolandellidae_X",1,0,0,2,0,0,1,0,0,0,0,1,0,0,0,7,2,5,2,3,0,0,0,0,0
"OTU373.p:Evosea-Evosea_X.g:Protostelium",0,0,1,0,1,0,0,3,0,0,1,0,2,0,0,0,0,1,0,0,0,0,0,0,0
"OTU374.p:Chlorophyta-Chlorophyta_X.g:Chloromonas",0,0,0,2,0,10,0,2,4,0,0,0,0,0,0,0,0,0,1,0,1,0,0,0,0
"OTU375.p:Tubulinea-Tubulinea_X.g:Nolandellidae_X",0,0,0,0,1,3,1,1,1,0,1,0,0,1,1,2,1,2,1,2,0,0,0,9,7
"OTU376.p:Rhizaria-Cercozoa.g:Massisteria",0,0,1,2,0,0,0,1,0,0,0,0,0,0,0,0,0,0,0,0,0,0,0,0,0
"OTU377.p:Alveolata-Ciliophora.g:Microthoracida_X",1,3,1,0,2,0,1,1,1,1,0,1,1,1,2,1,4,1,16,1,0,1,2,0,0
"OTU378.p:Stramenopiles-Gyrista.g:Bacillariophyceae_XXX",0,0,5,2,1,0,0,0,1,1,1,1,0,0,0,5,2,0,1,6,0,0,0,0,0
"OTU379.p:Evosea-Evosea_X.g:Flamella-lineage_X",0,0,0,0,0,4,0,1,0,0,0,0,0,0,0,0,0,0,0,0,0,0,0,0,0
"OTU380.p:Chlorophyta-Chlorophyta_X.g:Heterochlamydomonas",0,1,1,1,0,0,1,0,2,0,0,1,0,2,0,5,4,0,0,2,0,2,1,1,0
"OTU381.p:Stramenopiles-Gyrista.g:Ochromonadales_clade-XIII_X",0,2,3,1,0,1,0,1,0,1,0,3,0,2,1,1,0,3,6,0,4,7,2,5,2
"OTU383.p:Evosea-Evosea_X.g:Acramoebidae_X",3,2,0,0,0,2,2,0,0,0,1,0,2,0,0,0,0,0,0,0,0,0,0,0,0
"OTU384.p:Evosea-Evosea_X.g:WIM80-lineage_X",0,0,5,0,0,0,0,0,0,0,0,0,0,0,1,0,0,0,0,0,0,0,0,0,0
"OTU386.p:Evosea-Evosea_X.g:Variosea_XXX",1,0,0,2,0,0,0,0,0,0,0,0,0,0,0,0,0,0,0,0,0,0,2,5,9
"OTU387.p:Apusomonada-Apusomonada_X.g:Apusomonadidae_Group-1_XX",0,0,0,1,0,0,1,0,0,0,1,0,0,0,0,0,3,0,2,2,0,0,0,2,1
"OTU388.p:Evosea-Evosea_X.g:Flamella-lineage_X",0,0,0,0,2,0,1,0,2,0,1,0,0,0,0,2,0,0,1,2,3,0,0,0,0
"OTU391.p:Tubulinea-Tubulinea_X.g:Nolandellidae_X",0,1,2,1,1,0,0,0,0,0,0,0,3,0,0,0,0,0,0,0,0,0,0,0,0
"OTU392.p:Alveolata-Ciliophora.g:Litostomatea_XXX",0,0,2,1,0,0,1,0,1,0,0,0,0,0,2,0,2,1,4,0,0,0,1,0,0
"OTU393.p:Rhizaria-Cercozoa.g:Platyreta",1,2,1,0,2,0,2,0,3,5,1,0,3,0,0,0,0,1,0,0,4,4,1,4,5
"OTU395.p:Apusomonada-Apusomonada_X.g:Apusomonadidae_Group-1_XX",4,0,0,0,0,2,0,1,1,3,0,0,0,0,1,0,0,5,1,2,4,0,0,1,3
"OTU396.p:Stramenopiles-Bigyra.g:MAST-11_X",3,0,2,0,0,0,0,0,2,0,0,1,1,0,0,0,2,0,0,0,0,0,0,0,0
"OTU400.p:Evosea-Evosea_X.g:Flamella-lineage_X",0,0,1,2,0,0,0,0,0,0,1,0,0,0,0,0,0,0,0,0,1,0,0,0,0
"OTU401.p:Evosea-Evosea_X.g:Variosea_XXX",0,0,0,1,2,1,0,0,0,0,2,0,0,0,0,2,4,2,1,0,0,0,0,0,0
"OTU402.p:Tubulinea-Tubulinea_X.g:Copromyxa",295,0,0,0,0,0,0,0,0,1,0,0,0,0,0,0,0,0,0,0,0,0,0,0,0
"OTU407.p:Rhizaria-Cercozoa.g:Vampyrellida_clade_B",0,0,0,0,0,0,0,1,1,0,0,0,3,0,0,0,0,0,0,0,0,0,0,0,0
"OTU408.p:Rhodophyta-Rhodophyta_X.g:Rhodophyta_XXXXX",0,0,0,0,0,0,0,2,0,0,0,0,0,0,0,0,0,0,0,0,0,0,0,0,0
"OTU409.p:Evosea-Evosea_X.g:Phalansterium",0,3,2,0,2,0,0,0,0,1,0,2,0,0,0,2,0,4,1,4,0,1,0,0,0
"OTU410.p:Rhizaria-Cercozoa.g:Cercomonas",0,0,0,0,0,0,0,1,1,0,0,0,0,0,2,3,1,1,1,0,2,1,2,1,0
"OTU411.p:Chlorophyta-Chlorophyta_X.g:Deasonia",0,0,1,0,0,5,1,2,0,0,0,1,0,0,0,0,0,1,1,0,0,0,0,0,0
"OTU412.p:Evosea-Evosea_X.g:AND16-lineage_X",1,0,0,0,0,0,0,0,0,0,1,0,1,0,2,0,1,0,0,0,0,0,0,0,0
"OTU413.p:Rhizaria-Cercozoa.g:Rhogostoma",1,0,1,1,0,1,0,0,1,1,0,1,2,0,0,2,0,0,0,0,0,6,1,2,6
"OTU414.p:Rhizaria-Cercozoa.g:Thalassomyxa-lineage_X",0,1,0,0,0,0,0,0,0,3,0,0,0,0,2,1,1,2,0,2,0,1,0,3,2
"OTU416.p:Rhizaria-Cercozoa.g:Massisteria",0,1,0,1,0,1,1,0,1,1,2,0,1,1,0,0,0,5,1,6,10,3,1,0,4
"OTU417.p:Alveolata-Apicomplexa.g:Actinocephalidae_NEO1",0,1,1,5,0,1,0,1,0,0,0,1,2,0,0,2,0,0,0,4,13,0,1,0,3
"OTU418.p:Tubulinea-Tubulinea_X.g:Nolandellidae_X",0,0,0,1,0,0,0,0,1,0,0,0,3,0,1,0,0,0,0,0,0,0,0,0,0
"OTU420.p:Alveolata-Ciliophora.g:Paratetrahymena",1,0,0,0,0,0,0,2,0,0,0,0,2,0,1,0,0,3,5,1,0,0,0,0,0
"OTU421.p:Alveolata-Ciliophora.g:Blepharisma",0,0,1,0,0,0,4,0,0,0,5,0,0,0,0,0,0,0,0,2,0,2,0,2,1
"OTU422.p:Cryptophyta-Cryptophyta_X.g:Cryptomonas",3,0,0,0,0,0,0,0,1,1,1,0,0,0,0,0,0,0,0,0,0,0,0,0,0
"OTU424.p:Tubulinea-Tubulinea_X.g:Paraflabellula",0,1,0,1,0,0,0,1,0,0,0,0,1,1,0,1,0,0,1,0,0,0,0,0,0
"OTU427.p:Apusomonada-Apusomonada_X.g:Apusomonadidae_Group-1_XX",0,0,0,0,0,1,0,6,1,1,0,0,2,0,0,0,1,0,0,0,0,0,3,1,0
"OTU428.p:Chlorophyta-Chlorophyta_X.g:Chlamydomonas",0,0,0,1,0,0,0,0,0,1,2,1,0,0,1,0,2,0,0,0,0,0,0,1,0
"OTU429.p:Streptophyta-Streptophyta_X.g:Streptophyta_XXXXX",1,0,0,0,1,0,1,0,0,1,1,0,0,0,1,0,0,2,0,1,0,0,5,1,1
"OTU430.p:Alveolata-Ciliophora.g:Colpodida_X",0,0,0,0,0,0,0,0,0,0,0,0,1,0,0,0,0,0,0,0,0,0,0,1,0
"OTU431.p:Alveolata-Ciliophora.g:Paraenchelys",0,0,0,0,0,0,0,0,1,3,0,0,0,0,0,0,0,0,0,0,0,0,1,0,0
"OTU432.p:Evosea-Evosea_X.g:AND16-lineage_X",0,0,0,0,0,0,0,0,1,0,1,0,6,0,0,0,0,0,0,0,0,0,0,0,0
"OTU434.p:Alveolata-Ciliophora.g:Apocyrtolophosis",0,1,0,0,0,0,0,3,1,2,2,1,2,0,1,0,0,2,3,0,0,0,0,0,0
"OTU435.p:Rhodophyta-Rhodophyta_X.g:Porphyra",0,0,0,0,0,1,1,2,0,0,0,0,0,0,0,0,0,0,0,0,0,0,0,0,0
"OTU436.p:Stramenopiles-Gyrista.g:Chlorellidium",0,0,0,0,0,1,0,0,1,0,1,0,0,0,1,1,1,2,0,4,4,2,0,1,2
"OTU438.p:Alveolata-Ciliophora.g:Oxytrichidae_X",0,0,1,0,1,0,1,1,1,1,1,0,0,0,0,1,1,0,0,0,0,0,1,0,0
"OTU440.p:Alveolata-Ciliophora.g:Evaginogenida_X",0,0,2,0,0,0,0,0,0,0,0,0,0,0,0,0,0,0,0,0,0,0,0,0,0
"OTU441.p:Chlorophyta-Chlorophyta_X.g:Oocystis",0,0,0,0,0,0,0,0,2,0,0,0,0,0,2,0,0,0,0,0,0,0,0,0,0
"OTU443.p:Stramenopiles-Gyrista.g:Nitzschia",0,4,3,1,0,0,0,2,2,1,0,1,3,1,3,0,0,0,0,0,0,0,0,0,0
"OTU445.p:Evosea-Evosea_X.g:Phalansterium",0,1,2,0,0,0,1,0,0,0,0,0,0,0,1,0,3,4,2,4,0,0,5,2,0
"OTU446.p:Telonemia-Telonemia_X.g:Telonemia-Group-2_X",0,0,0,0,1,0,0,0,1,0,0,0,0,0,0,0,0,0,0,0,0,0,0,0,0
"OTU448.p:Evosea-Evosea_X.g:AND16-lineage_X",0,1,0,0,0,1,0,3,0,2,0,0,0,2,2,0,0,0,0,0,0,0,0,0,1
"OTU451.p:Stramenopiles-Bigyra.g:Labyrinthulaceae_X",1,4,4,0,2,3,2,5,1,0,2,0,1,0,0,0,6,3,0,3,0,0,0,0,0
"OTU452.p:Rhizaria-Cercozoa.g:Paracercomonas",1,2,0,0,1,3,2,1,0,0,1,2,0,1,1,0,0,1,0,0,2,1,0,1,3
"OTU453.p:Centroplasthelida-Centroplasthelida_X.g:Centroplasthelida_XXXXX",0,0,1,0,2,0,2,3,0,0,2,2,4,0,2,4,3,1,0,3,0,0,0,1,1
"OTU454.p:Evosea-Evosea_X.g:Flamella",0,0,1,0,0,1,1,0,0,2,0,0,0,0,0,0,0,0,0,0,0,0,0,0,0
"OTU455.p:Tubulinea-Tubulinea_X.g:Echinamoeba",0,0,2,0,0,0,0,0,2,0,1,0,2,0,0,1,0,1,1,0,2,1,0,0,5
"OTU456.p:Discosea-Discosea_X.g:Acanthamoeba",1,0,0,1,0,0,1,0,0,1,0,0,0,1,1,1,3,2,1,0,0,1,0,1,0
"OTU457.p:Tubulinea-Tubulinea_X.g:Echinamoeba",0,0,0,0,0,1,1,0,1,1,0,1,0,0,0,1,0,1,0,1,0,0,0,0,0
"OTU458.p:Evosea-Evosea_X.g:Variosea_XXX",0,0,1,0,0,0,0,0,2,3,0,0,0,0,0,2,0,0,1,0,3,0,3,0,2
"OTU460.p:Alveolata-Ciliophora.g:Colpoda",0,0,0,0,0,0,3,2,0,1,0,0,0,1,0,0,0,0,0,0,0,0,1,0,0
"OTU462.p:Evosea-Evosea_X.g:Schizoplasmodiopsis",0,1,1,0,0,2,0,0,0,2,0,3,0,0,1,0,2,0,1,2,0,0,0,0,0
"OTU464.p:Chlorophyta-Chlorophyta_X.g:Lobosphaeropsis",0,0,0,0,0,0,0,0,0,0,0,24,0,0,0,0,0,0,0,0,0,0,0,0,0
"OTU465.p:Alveolata-Ciliophora.g:Bursariomorphida_X",1,0,0,0,1,0,1,0,0,0,0,0,0,1,1,0,1,0,0,0,4,1,3,3,12
"OTU467.p:Stramenopiles-Gyrista.g:Triparma",0,0,1,0,0,0,3,0,2,0,0,0,0,0,0,0,0,0,0,0,0,0,0,0,0
"OTU468.p:Rhizaria-Cercozoa.g:Rhogostoma-lineage_X",0,0,0,0,1,0,0,0,148,0,0,0,0,0,0,0,0,0,0,0,0,0,0,0,0
"OTU469.p:Chlorophyta-Chlorophyta_X.g:Tetracystis",0,0,0,1,1,0,0,1,0,0,0,0,0,1,0,0,0,0,0,0,0,0,0,7,1
"OTU471.p:Stramenopiles-Gyrista.g:Ochromonadales_XX",0,0,0,0,0,2,0,0,0,2,0,0,0,0,0,0,0,0,0,0,14,0,3,1,0
"OTU472.p:Alveolata-Apicomplexa.g:Monocystis",0,0,0,0,0,3,1,0,0,1,0,3,0,0,0,0,0,0,1,0,0,0,0,0,0
"OTU475.p:Stramenopiles-Bigyra.g:Oblongichytrium",0,0,0,0,0,0,0,0,0,0,0,0,0,0,1,0,0,0,0,0,0,0,0,0,0
"OTU476.p:Evosea-Evosea_X.g:Ceratiomyxella",0,1,3,1,0,1,2,1,2,2,1,0,3,0,4,0,0,0,0,0,4,11,10,4,9
"OTU480.p:Rhizaria-Cercozoa.g:Filosa-Granofilosea_XXX",0,0,0,0,0,0,0,0,1,0,0,0,0,0,0,0,0,0,0,0,0,0,0,0,0
"OTU482.p:Stramenopiles-Bigyra.g:Fibrophrys",3,0,0,0,0,0,0,0,1,0,0,0,0,0,1,0,0,3,0,0,4,4,0,0,1
"OTU483.p:Rhizaria-Cercozoa.g:Vampyrellida_clade_B",0,1,0,0,0,0,0,0,2,0,0,1,0,0,0,0,0,0,0,0,0,0,0,0,0
"OTU484.p:Evosea-Evosea_X.g:Variosea_XXX",2,0,0,0,0,0,0,0,0,0,0,1,0,0,1,3,3,5,0,0,0,2,0,0,1
"OTU485.p:Rhizaria-Cercozoa.g:Cercomonadidae_X",1,2,1,0,0,0,2,3,5,2,3,0,1,1,0,2,3,3,1,3,1,4,3,2,3
"OTU486.p:Tubulinea-Tubulinea_X.g:Copromyxa",1,0,0,1,1,0,0,2,1,1,0,0,0,0,4,0,0,0,0,0,0,0,2,0,0
"OTU487.p:Tubulinea-Tubulinea_X.g:Ptolemeba",0,0,1,0,0,1,0,0,0,0,0,0,0,0,0,0,0,1,1,1,0,2,4,0,0
"OTU488.p:Stramenopiles-Bigyra.g:Pseudodendromonadales_XX",0,0,0,0,0,0,0,0,0,1,0,0,0,0,0,0,0,0,0,0,5,3,1,2,2
"OTU490.p:Rhizaria-Cercozoa.g:Allapsidae_X",0,0,0,0,1,1,3,2,1,0,1,1,0,0,2,3,0,1,6,0,4,2,0,1,0
"OTU492.p:Rhizaria-Cercozoa.g:Cercomonas",0,0,0,0,0,0,0,0,0,0,0,0,0,0,0,1,1,1,2,0,0,0,0,0,1
"OTU493.p:Evosea-Evosea_X.g:Variosea_XXX",0,0,0,1,1,1,1,4,0,0,0,1,1,0,0,0,2,2,6,1,0,0,0,0,0
"OTU494.p:Ancyromonadida-Ancyromonadida_X.g:Ancyromonadida_Group-1_X",0,0,3,0,0,0,0,3,0,0,0,0,0,0,0,0,0,0,0,0,0,0,0,0,0
"OTU495.p:Evosea-Evosea_X.g:ATCC50593-lineage_X",0,1,0,1,0,0,1,0,0,2,0,3,0,0,1,0,0,0,0,0,0,2,0,0,0
"OTU496.p:Stramenopiles-Gyrista.g:Synchromophyceae_XXX",1,1,0,1,0,0,4,0,1,0,0,0,0,0,1,0,1,0,0,0,0,0,0,0,0
"OTU499.p:Tubulinea-Tubulinea_X.g:Leptomyxa",1,0,0,0,0,1,0,0,1,0,0,0,3,0,0,0,0,0,0,1,0,0,1,0,0
"OTU500.p:Tubulinea-Tubulinea_X.g:Hartmannellidae_X",0,0,0,2,0,2,0,2,0,2,0,0,0,0,2,1,1,2,0,1,0,2,0,0,0
"OTU504.p:Alveolata-Ciliophora.g:Sessilida_X",0,0,0,0,1,0,1,4,1,1,0,0,0,0,0,1,2,0,0,0,15,0,11,3,2
"OTU505.p:Centroplasthelida-Centroplasthelida_X.g:Pterocystida_XXX",0,0,0,1,0,0,0,0,0,0,0,0,0,0,0,0,0,0,0,0,0,0,0,0,0
"OTU506.p:Rhizaria-Cercozoa.g:Glissomonadida_XX",304,0,0,1,4,1,0,1,1,1,0,2,2,0,1,2,5,3,4,3,0,0,5,2,0
"OTU509.p:Evosea-Evosea_X.g:AND16-lineage_X",0,0,0,0,0,0,0,1,0,2,0,0,0,1,0,0,0,1,1,0,0,3,0,2,0
"OTU511.p:Evosea-Evosea_X.g:Variosea_XXX",0,0,0,0,0,0,0,0,0,0,0,0,1,1,0,2,0,0,0,0,0,0,0,1,1
"OTU513.p:Chlorophyta-Chlorophyta_X.g:Radiococcus",0,0,0,0,1,0,0,0,0,0,2,2,2,0,0,0,0,0,0,0,0,0,0,0,0
"OTU515.p:Discosea-Discosea_X.g:Thecamoeba",0,1,1,0,0,0,0,0,0,0,0,0,0,0,0,0,0,0,0,0,0,3,0,7,4
"OTU516.p:Alveolata-Ciliophora.g:Colpoda",0,1,0,0,1,0,0,0,0,0,0,3,0,0,0,0,0,0,0,0,0,0,0,0,2
"OTU518.p:Evosea-Evosea_X.g:Variosea_XXX",0,0,1,3,0,0,2,0,0,1,1,0,0,0,0,5,1,2,2,1,0,0,0,0,0
"OTU519.p:Stramenopiles-Gyrista.g:Ochromonadales_clade-XII_X",0,0,1,0,0,0,0,0,0,0,0,0,0,0,0,0,0,0,0,3,0,0,0,0,0
"OTU520.p:Rhizaria-Cercozoa.g:Thaumatomonas",0,0,0,2,0,0,0,4,1,0,0,1,0,0,0,1,1,0,0,0,0,4,1,1,0
"OTU521.p:Evosea-Evosea_X.g:Variosea_XXX",1,0,0,0,0,0,0,0,0,0,0,0,0,0,2,0,0,0,0,0,2,2,10,0,1
"OTU524.p:Chlorophyta-Chlorophyta_X.g:Tetracystis",0,1,3,1,0,1,0,0,0,0,0,0,0,0,2,0,1,1,1,0,0,0,0,0,1
"OTU525.p:Stramenopiles-Bigyra.g:Pseudodendromonadales_XX",1,0,2,2,0,0,0,0,2,0,1,0,3,0,0,0,1,3,0,5,0,0,0,4,3
"OTU526.p:Stramenopiles-Bigyra.g:Pseudodendromonadales_XX",0,0,0,0,0,0,0,0,0,3,0,0,0,1,0,0,0,0,0,0,0,2,0,0,3
"OTU528.p:Stramenopiles-Gyrista.g:Ochromonadales_clade-XI_X",3,3,0,0,0,2,0,0,1,0,0,1,0,0,1,2,0,0,0,3,5,1,2,1,0
"OTU529.p:Tubulinea-Tubulinea_X.g:Paraflabellula",0,0,0,0,0,0,2,0,0,0,1,0,3,0,0,0,0,0,0,0,0,0,0,0,0
"OTU531.p:Stramenopiles-Gyrista.g:Synchromophyceae_XXX",1,0,0,0,1,0,1,1,0,0,0,0,0,0,1,0,2,0,0,0,0,0,2,0,0
"OTU532.p:Alveolata-Chrompodellids.g:Alphamonadea_ALPH1",0,0,0,0,1,1,0,0,1,0,0,0,0,1,0,1,1,0,2,0,0,0,0,0,0
"OTU534.p:Alveolata-Apicomplexa.g:Monocystis",0,0,0,0,0,0,0,0,0,0,0,0,0,0,0,0,0,0,0,0,0,0,0,0,0
"OTU535.p:Evosea-Evosea_X.g:AND16-lineage_X",0,0,0,0,0,0,1,0,1,3,0,0,0,0,0,0,0,0,0,0,0,0,0,1,0
"OTU536.p:Stramenopiles-Bigyra.g:Pseudodendromonadales_XX",2,3,0,0,0,3,0,3,1,0,0,0,0,0,0,0,0,0,0,0,1,0,0,0,0
"OTU537.p:Evosea-Evosea_X.g:Variosea_XXX",0,0,0,0,0,0,0,0,0,0,0,3,0,1,0,0,1,0,0,0,2,1,0,0,3
"OTU538.p:Evosea-Evosea_X.g:Mb5C-lineage_X",0,0,0,0,0,0,0,1,0,1,0,2,0,3,0,0,0,3,0,2,0,1,0,0,0
"OTU539.p:Evosea-Evosea_X.g:Variosea_XXX",0,0,0,0,1,0,0,0,0,0,1,0,0,0,1,1,2,1,0,0,5,2,0,1,0
"OTU540.p:Tubulinea-Tubulinea_X.g:Paraflabellula",0,0,0,0,1,0,0,0,0,0,0,2,0,0,0,0,0,0,0,0,0,0,2,0,0
"OTU541.p:Evosea-Evosea_X.g:Flamella",2,0,0,0,0,0,0,0,0,0,0,0,0,0,0,0,0,0,0,0,0,0,0,0,0
"OTU542.p:Stramenopiles-Bigyra.g:MAST-8D",0,0,0,0,0,0,0,0,0,0,0,0,0,0,3,0,0,0,0,0,0,0,0,0,0
"OTU543.p:Rhizaria-Cercozoa.g:Glissomonadida_XX",0,0,1,0,0,0,3,0,0,3,0,0,0,0,1,0,1,5,1,0,1,0,1,0,0
"OTU545.p:Evosea-Eumycetozoa.g:Didymium",0,0,0,2,0,0,0,2,0,2,0,0,0,0,0,0,0,0,0,0,0,0,0,0,0
"OTU546.p:Alveolata-Ciliophora.g:Oligohymenophorea_XXX",0,0,1,0,0,1,0,0,1,0,0,0,1,0,1,0,0,1,2,0,0,0,0,0,0
"OTU548.p:Opisthokonta-Choanoflagellata.g:Monosigidae_Group_O_X",1,0,0,0,2,0,0,1,0,0,0,1,0,0,0,1,1,0,1,0,0,0,0,0,1
"OTU552.p:Evosea-Evosea_X.g:Filamoeba",0,0,0,0,0,0,0,0,0,0,0,0,0,0,0,0,0,0,0,0,0,0,0,0,1
"OTU553.p:Centroplasthelida-Centroplasthelida_X.g:Pterocystida_XXX",4,6,0,0,0,0,0,1,4,1,1,0,1,2,3,1,2,0,1,1,0,2,0,0,1
"OTU554.p:Alveolata-Chrompodellids.g:Colpodellidae2",1,0,3,8,1,0,0,0,2,0,0,0,0,0,1,0,3,0,0,1,0,0,0,2,0
"OTU555.p:Discosea-Discosea_X.g:Stygamoebida_XXX",1,0,0,0,0,2,0,0,1,0,0,0,0,2,0,0,0,0,0,0,0,0,0,0,0
"OTU556.p:Evosea-Evosea_X.g:Flamella",0,0,1,0,0,0,0,0,0,2,1,0,2,0,0,2,0,1,0,0,0,0,0,0,4
"OTU557.p:Tubulinea-Tubulinea_X.g:Nolandellidae_X",0,0,1,0,2,1,0,1,0,0,0,0,0,0,0,0,1,2,4,2,0,2,0,0,0
"OTU558.p:Stramenopiles-Bigyra.g:Labyrinthula",0,0,0,0,0,2,0,0,0,0,0,0,0,0,0,0,0,0,0,0,0,0,0,0,0
"OTU559.p:Stramenopiles-Gyrista.g:Lagenidium",1,0,0,0,0,0,3,0,0,0,1,0,0,0,2,0,0,0,0,0,1,3,0,0,0
"OTU560.p:Ancyromonadida-Ancyromonadida_X.g:Ancyromonadida_Group-1_X",1,1,1,1,5,0,1,0,1,0,0,0,2,1,0,1,0,3,0,0,0,0,0,0,0
"OTU561.p:Discosea-Discosea_X.g:Acanthamoeba",0,0,0,0,1,0,0,0,0,2,2,0,0,0,0,1,0,0,0,0,0,1,0,0,0
"OTU562.p:Evosea-Evosea_X.g:Filamoeba",0,0,0,0,0,0,0,1,0,0,0,0,0,0,0,0,0,0,0,0,0,0,0,0,0
"OTU563.p:Stramenopiles-Bigyra.g:Pseudodendromonadales_XX",0,0,0,4,0,0,0,0,1,1,0,1,0,0,0,0,0,0,0,0,3,10,1,2,2
"OTU567.p:Stramenopiles-Gyrista.g:MAST-1A",0,0,0,0,0,0,0,0,0,0,0,3,1,0,0,0,0,0,0,0,0,0,0,1,0
"OTU568.p:Stramenopiles-Gyrista.g:Poteriospumella",0,0,0,0,0,0,0,1,0,0,1,1,0,0,0,0,0,1,1,0,5,0,0,1,0
"OTU572.p:Evosea-Evosea_X.g:WIM80-lineage_X",0,0,0,0,0,2,0,0,0,1,0,0,2,0,0,0,0,0,0,0,0,0,0,0,0
"OTU573.p:Evosea-Evosea_X.g:Arboramoeba",0,0,0,0,0,4,1,2,0,0,0,0,0,0,0,0,0,0,0,0,0,0,0,0,0
"OTU574.p:Evosea-Evosea_X.g:AND16-lineage_X",0,0,0,0,0,1,0,0,1,1,1,1,0,1,1,0,1,1,0,1,0,1,7,0,0
"OTU575.p:Alveolata-Ciliophora.g:Orthodonellidae_X",0,0,1,0,1,0,1,0,0,3,0,0,1,0,1,0,0,0,1,1,0,0,7,1,4
"OTU576.p:Alveolata-Apicomplexa.g:Monocystis",0,0,0,0,0,0,0,0,0,14,0,0,0,0,2,0,0,0,0,0,0,0,0,0,0
"OTU577.p:Rhizaria-Cercozoa.g:Trinema",0,0,0,0,0,0,0,0,0,0,5,0,0,0,0,0,0,0,0,0,0,0,0,2,0
"OTU580.p:Evosea-Evosea_X.g:Variosea_XXX",1,0,0,0,1,0,5,0,0,0,0,0,5,0,2,0,4,1,4,2,0,0,0,0,0
"OTU584.p:Rhizaria-Cercozoa.g:Allapsidae_X",1,0,1,1,0,0,0,0,0,0,0,1,1,0,1,2,2,1,0,1,3,2,2,1,4
"OTU585.p:Tubulinea-Tubulinea_X.g:Copromyxa",0,0,0,0,0,0,0,1,0,2,0,1,1,0,0,0,0,0,0,0,0,0,0,0,0
"OTU586.p:Rhizaria-Cercozoa.g:Novel-Gran-5_X",1,1,3,0,0,1,0,0,0,0,0,0,0,0,0,2,6,0,1,0,0,0,0,0,2
"OTU588.p:Rhizaria-Cercozoa.g:Glissomonadida_XX",0,0,0,0,0,0,0,0,2,1,0,0,0,0,0,0,1,0,0,0,0,0,0,0,0
"OTU589.p:Stramenopiles-Bigyra.g:MAST-12C",0,0,0,1,0,0,0,2,0,2,0,0,0,0,1,0,0,1,0,0,0,0,0,0,0
"OTU590.p:Chlorophyta-Chlorophyta_X.g:Scenedesmus",0,0,0,0,0,2,0,0,0,2,0,0,0,0,0,0,0,0,0,0,0,0,0,0,0
"OTU592.p:Rhizaria-Cercozoa.g:Clathrulinidae_X",2,0,0,1,0,0,0,0,0,2,0,0,0,0,1,0,2,2,1,1,0,2,0,3,1
"OTU593.p:Alveolata-Ciliophora.g:Oxytricha",0,0,0,0,0,0,0,0,0,0,0,0,0,0,1,0,0,0,0,0,0,0,0,0,0
"OTU594.p:Tubulinea-Tubulinea_X.g:Nolandellidae_X",3,0,2,0,2,0,1,1,1,0,0,0,0,0,0,4,6,3,6,1,0,2,0,0,0
"OTU596.p:Stramenopiles-Bigyra.g:MAST-11_X",0,0,0,0,0,0,0,0,0,1,0,0,0,0,0,0,0,0,0,0,0,0,0,0,0
"OTU597.p:Tubulinea-Tubulinea_X.g:Nolandellidae_X",1,1,2,0,0,0,2,0,0,0,2,0,0,0,0,0,0,1,1,0,0,0,0,0,0
"OTU600.p:Evosea-Evosea_X.g:Protostelium",0,0,0,0,1,0,0,0,0,2,0,0,0,0,0,0,0,0,0,0,0,0,1,0,1
"OTU601.p:Rhodelphidia-Rhodelphidia_X.g:Rhodelphis",0,0,0,0,0,0,2,0,0,0,0,0,0,0,1,0,0,0,0,0,0,0,0,0,0
"OTU602.p:Stramenopiles-Bigyra.g:Thraustochytriaceae_X",0,0,0,0,0,0,1,0,0,0,0,0,0,0,0,0,0,0,0,0,0,0,0,0,0
"OTU604.p:Stramenopiles-Bigyra.g:Borokaceae_X",0,1,1,0,0,0,0,0,0,0,2,1,2,0,0,0,1,0,1,1,0,0,1,0,3
"OTU605.p:Chlorophyta-Chlorophyta_X.g:Phyllosiphon",0,6,0,1,0,0,0,0,0,0,0,0,0,0,0,0,0,0,0,0,0,0,0,0,0
"OTU607.p:Stramenopiles-Bigyra.g:Pseudodendromonadales_XX",1,0,1,0,1,1,0,2,0,1,0,0,0,0,0,6,0,2,0,2,0,0,0,3,2
"OTU608.p:Stramenopiles-Gyrista.g:Navicula",0,0,0,0,0,0,0,1,0,0,0,0,0,0,0,0,0,0,0,0,0,0,0,0,0
"OTU609.p:Alveolata-Ciliophora.g:Sessilida_X",0,0,0,0,0,6,0,2,1,1,0,0,1,1,1,0,0,2,1,1,0,1,0,1,8
"OTU613.p:Tubulinea-Tubulinea_X.g:Copromyxa",0,0,4,0,1,0,0,0,0,0,0,0,2,0,0,0,0,0,0,0,0,0,0,0,0
"OTU616.p:Stramenopiles-Gyrista.g:Urostipulosphaera",0,2,0,1,0,0,3,0,0,1,1,0,0,0,1,2,3,3,0,0,0,0,0,4,1
"OTU617.p:Tubulinea-Tubulinea_X.g:Nolandellidae_X",0,0,0,0,3,1,0,0,0,0,0,0,0,0,0,0,0,0,0,0,0,0,0,0,0
"OTU618.p:Tubulinea-Tubulinea_X.g:Nolandellidae_X",0,0,1,0,0,0,2,0,0,1,0,2,0,0,0,1,2,1,4,0,0,0,0,0,0
"OTU619.p:Evosea-Evosea_X.g:Filamoeba",0,0,0,0,0,0,0,0,0,0,0,1,0,0,0,0,0,0,0,0,0,0,0,0,0
"OTU620.p:Tubulinea-Tubulinea_X.g:Copromyxa",0,0,1,0,0,0,0,0,0,2,0,0,1,1,0,1,2,1,2,0,0,0,0,0,0
"OTU623.p:Evosea-Evosea_X.g:Filamoeba",0,0,0,0,0,0,0,0,0,0,0,0,0,0,0,0,0,0,0,0,0,0,0,0,0
"OTU624.p:Rhizaria-Cercozoa.g:Eocercomonas",0,0,0,0,0,0,0,1,0,2,0,1,0,0,0,0,0,0,0,0,1,1,0,0,0
"OTU625.p:Evosea-Evosea_X.g:AND16-lineage_X",0,0,0,0,0,0,0,0,1,0,0,0,0,0,0,0,0,0,0,0,0,0,0,0,0
"OTU626.p:Chlorophyta-Chlorophyta_X.g:Chloromonas",0,0,0,0,0,1,0,0,2,1,0,0,0,0,1,0,0,0,0,0,0,0,0,0,0
"OTU627.p:Tubulinea-Tubulinea_X.g:Copromyxa",0,0,0,0,2,0,0,0,0,0,0,2,0,0,0,6,0,0,0,0,0,0,0,0,0
"OTU628.p:Stramenopiles-Gyrista.g:Nitzschia",1,1,0,0,0,0,0,3,0,0,0,0,0,0,0,0,0,0,0,0,0,0,0,0,0
"OTU629.p:Stramenopiles-Bigyra.g:MAST-12C",0,0,0,1,2,0,1,0,0,0,0,0,0,0,1,2,0,0,0,3,2,0,0,0,0
"OTU630.p:Evosea-Evosea_X.g:Ceratiomyxella",1,0,0,0,1,0,0,0,1,0,0,0,0,0,0,0,0,0,0,0,0,0,0,0,0
"OTU631.p:Centroplasthelida-Centroplasthelida_X.g:Centroplasthelida_XXXXX",1,1,0,0,0,0,0,1,0,0,0,0,2,0,0,0,0,0,0,0,0,0,0,0,0
"OTU632.p:Opisthokonta-Choanoflagellata.g:Monosiga",0,0,0,0,0,0,1,1,0,0,0,0,0,0,3,0,0,0,0,0,0,0,0,0,0
"OTU634.p:Rhodelphidia-Rhodelphidia_X.g:Rhodelphis",0,0,0,0,0,0,0,0,0,0,0,0,0,0,0,0,0,0,0,1,0,0,0,0,0
"OTU636.p:Rhizaria-Cercozoa.g:Polymyxa-lineage_X",0,0,0,0,1,0,0,0,0,0,0,0,0,0,0,0,0,0,0,0,0,0,0,0,0
"OTU637.p:Evosea-Evosea_X.g:Variosea_XXX",0,1,1,0,1,1,1,0,2,1,3,0,1,1,0,0,0,0,1,0,0,0,0,0,0
"OTU638.p:Alveolata-Dinoflagellata.g:Prorocentrum",0,1,0,1,0,0,0,0,1,0,0,0,0,0,0,0,0,0,0,0,0,0,0,0,0
"OTU639.p:Tubulinea-Tubulinea_X.g:Nolandellidae_X",0,0,2,0,1,0,2,0,0,0,4,3,2,0,1,6,2,0,3,1,0,0,0,1,1
"OTU640.p:Rhizaria-Cercozoa.g:Teretomonas",0,1,0,0,0,0,0,0,0,0,0,0,0,1,1,3,0,0,1,0,0,0,0,1,0
"OTU641.p:Alveolata-Ciliophora.g:Dileptus",0,0,0,0,1,2,0,0,2,0,1,0,0,0,0,0,0,0,0,0,0,1,1,1,1
"OTU643.p:Evosea-Evosea_X.g:AND16-lineage_X",1,3,0,0,1,0,0,0,0,1,0,1,1,0,0,0,2,0,0,0,1,0,0,0,0
"OTU646.p:Rhizaria-Cercozoa.g:Polymyxa",0,0,0,0,0,1,1,0,0,0,0,1,0,0,0,5,1,0,0,0,1,0,0,0,0
"OTU647.p:Evosea-Evosea_X.g:Filamoeba",3,2,5,2,1,0,1,1,11,0,0,0,5,0,0,0,0,0,0,0,0,0,0,0,0
"OTU648.p:Alveolata-Apicomplexa.g:Amoebogregarina",0,0,0,0,0,0,0,1,0,1,0,0,0,0,0,0,0,0,0,0,0,0,0,0,0
"OTU649.p:Opisthokonta-Choanoflagellata.g:Monosigidae_Group_O_X",0,0,0,0,0,0,0,0,1,0,0,0,0,0,2,0,0,0,0,0,0,0,0,0,0
"OTU650.p:Rhizaria-Cercozoa.g:Sandona",0,0,1,0,1,0,0,0,1,1,0,0,0,0,1,0,0,0,0,0,0,2,0,0,0
"OTU652.p:Rhizaria-Cercozoa.g:Cercomonas",0,0,0,0,0,0,0,0,0,0,0,0,0,0,0,0,0,0,0,0,0,1,0,0,1
"OTU654.p:Evosea-Evosea_X.g:Flamella",1,2,0,0,0,1,0,1,6,0,0,0,1,0,0,0,0,0,0,0,0,0,0,0,0
"OTU656.p:Chlorophyta-Chlorophyta_X.g:Polytoma",0,0,2,2,0,0,0,0,1,0,0,3,0,0,1,0,0,0,0,0,0,0,0,0,0
"OTU659.p:Stramenopiles-Bigyra.g:Labyrinthula",0,0,0,0,0,0,2,0,1,0,0,0,0,0,1,0,0,0,0,0,0,0,0,0,0
"OTU660.p:Stramenopiles-Bigyra.g:Thraustochytriaceae_X",0,0,0,0,0,0,0,0,0,0,0,0,0,0,2,0,0,0,0,0,0,0,0,0,0
"OTU662.p:Tubulinea-Tubulinea_X.g:Nolandellidae_X",2,2,1,1,0,0,0,0,0,0,0,0,0,0,0,0,0,0,0,0,0,0,0,0,0
"OTU664.p:Rhizaria-Cercozoa.g:Eocercomonas",1,0,0,0,0,0,0,0,0,4,3,3,0,0,0,1,1,0,0,1,0,0,0,1,0
"OTU665.p:Tubulinea-Tubulinea_X.g:Echinamoeba",0,0,0,0,2,0,0,0,0,0,0,0,0,0,161,0,0,0,0,0,0,0,0,0,0
"OTU667.p:Alveolata-Ciliophora.g:Oligohymenophorea_XXX",0,0,0,0,0,0,0,0,0,1,0,0,0,1,0,1,1,5,0,0,2,0,0,1,0
"OTU670.p:Stramenopiles-Bigyra.g:Pseudodendromonadales_XX",0,0,0,0,2,0,1,0,1,0,0,2,0,0,0,0,3,0,1,2,0,0,0,0,2
"OTU671.p:Stramenopiles-Gyrista.g:Peronosporales_X",0,2,1,0,0,1,0,0,0,1,0,0,0,0,1,0,1,0,0,0,0,0,0,0,0
"OTU672.p:Evosea-Evosea_X.g:Variosea_XXX",0,0,0,0,0,0,0,0,0,0,0,0,0,0,1,0,0,0,0,0,0,1,0,0,0
"OTU673.p:Evosea-Evosea_X.g:Ceratiomyxella",0,0,1,1,0,0,0,1,0,0,0,0,0,1,0,0,0,0,0,0,0,0,0,0,0
"OTU674.p:Rhizaria-Cercozoa.g:Plasmodiophorida_XX",0,1,0,0,1,0,0,0,0,1,0,0,1,0,2,0,1,2,2,0,0,0,0,2,0
"OTU677.p:Stramenopiles-Bigyra.g:Labyrinthula",0,0,0,1,1,0,0,0,0,0,0,0,0,1,0,4,0,0,0,0,0,0,0,0,0
"OTU678.p:Ancyromonadida-Ancyromonadida_X.g:Ancyromonadida_Group-1_X",1,1,0,0,1,0,0,0,3,0,0,0,0,0,0,0,0,0,0,0,0,0,0,0,0
"OTU679.p:Alveolata-Ciliophora.g:Lagynophrya",0,1,0,1,0,0,0,0,0,0,0,0,3,0,0,0,0,1,0,0,0,0,0,0,0
"OTU680.p:Alveolata-Ciliophora.g:Colpoda",0,0,0,0,1,0,2,1,0,0,1,0,0,0,1,1,0,0,1,0,7,2,2,0,0
"OTU681.p:Tubulinea-Tubulinea_X.g:Hartmannellidae_X",0,0,0,0,0,0,1,0,0,0,0,0,0,0,0,0,1,2,0,0,0,0,0,0,1
"OTU683.p:Rhizaria-Cercozoa.g:Vampyrellida_clade_B",0,0,0,1,0,0,0,0,0,0,0,0,0,0,1,0,0,0,0,0,0,0,0,0,0
"OTU686.p:Rhizaria-Cercozoa.g:Group-Te",0,2,0,0,0,0,0,0,0,1,0,0,0,0,0,0,1,0,0,0,0,0,0,1,0
"OTU691.p:Evosea-Evosea_X.g:WIM1-lineage_X",0,1,0,2,1,0,0,0,1,0,1,1,0,0,0,1,0,2,1,1,0,0,0,0,0
"OTU692.p:Alveolata-Perkinsea.g:Perkinsida_XXX",0,0,0,0,0,0,0,0,0,0,0,0,0,0,0,0,0,0,0,0,0,0,0,0,0
"OTU694.p:Alveolata-Chrompodellids.g:Alphamonas",0,0,0,0,0,1,0,0,0,0,0,0,0,0,0,0,0,0,0,0,0,0,0,0,0
"OTU696.p:Alveolata-Dinoflagellata.g:Dino-Group-II-Clade-6_X",0,0,0,1,0,0,0,0,0,0,0,0,0,0,0,0,0,0,0,0,0,0,0,0,0
"OTU697.p:Evosea-Evosea_X.g:Flamella-lineage_X",1,0,1,1,0,0,0,0,0,2,0,0,0,0,0,0,0,0,0,0,0,0,0,0,0
"OTU698.p:Rhodophyta-Rhodophyta_X.g:Rhodella",0,0,0,0,0,0,0,0,0,0,0,0,0,0,0,0,0,0,0,0,0,0,0,0,0
"OTU700.p:Tubulinea-Tubulinea_X.g:Copromyxa",0,0,0,0,1,0,0,0,0,1,0,2,0,0,0,0,0,0,0,0,0,0,0,2,0
"OTU701.p:Rhizaria-Cercozoa.g:Rhogostoma-lineage_X",0,0,8,0,1,0,0,0,0,1,0,0,2,1,0,0,0,0,0,0,3,4,1,6,4
"OTU703.p:Tubulinea-Tubulinea_X.g:Nolandellidae_X",1,1,0,0,0,0,0,0,0,0,0,0,0,0,0,0,0,0,1,0,0,0,0,0,0
"OTU704.p:Evosea-Evosea_X.g:Ceratiomyxella",0,0,0,0,1,0,0,0,0,0,1,1,0,0,0,0,0,0,0,0,8,1,2,2,2
"OTU708.p:Opisthokonta-Choanoflagellata.g:Salpingoecidae_Group_C1_X",0,2,0,0,1,0,1,1,0,0,1,0,0,0,0,1,0,0,1,0,5,0,0,1,1
"OTU709.p:Alveolata-Dinoflagellata.g:Dinophyceae_XXX",0,0,0,0,0,0,0,0,0,0,0,0,0,0,0,0,0,0,0,0,0,0,0,0,0
"OTU711.p:Evosea-Evosea_X.g:Nematostelium",2,1,0,1,0,1,0,0,0,0,0,0,0,1,1,0,0,1,0,0,3,1,0,2,1
"OTU713.p:Ancyromonadida-Ancyromonadida_X.g:Ancyromonadida_Group-1_X",0,1,0,0,0,0,0,1,0,1,0,3,0,0,0,0,0,0,0,0,0,0,0,0,0
"OTU714.p:Stramenopiles-Gyrista.g:Stichogloea",0,0,1,0,1,0,0,0,0,0,0,0,0,0,0,0,0,0,0,0,0,0,0,0,0
"OTU715.p:Cryptophyta-Cryptophyta_X.g:Chroomonas",0,0,0,0,0,0,0,0,0,5,0,0,1,0,0,0,0,0,0,0,0,1,5,1,1
"OTU716.p:Discoba-Discoba_X.g:Andaluciidae_AND1",0,0,0,0,0,2,0,0,0,0,0,0,0,0,1,3,0,0,5,0,0,0,0,0,0
"OTU718.p:Tubulinea-Tubulinea_X.g:Copromyxa",0,0,0,0,0,0,0,0,0,0,0,3,1,0,0,0,0,0,0,0,0,0,0,0,0
"OTU721.p:Tubulinea-Tubulinea_X.g:Copromyxa",0,1,0,0,0,0,0,0,1,0,0,0,0,0,0,0,1,1,1,0,3,3,0,3,0
"OTU723.p:Alveolata-Ciliophora.g:Colpoda",0,0,1,0,0,0,0,0,1,0,0,0,1,0,0,0,0,0,0,0,0,0,0,0,0
"OTU724.p:Alveolata-Ciliophora.g:Sessilida_X",0,1,1,0,0,13,1,3,3,0,3,0,11,0,0,1,0,0,0,0,0,0,0,0,0
"OTU725.p:Discoba-Discoba_X.g:Andaluciidae_AND1",1,0,0,0,1,0,0,0,1,0,0,1,2,0,0,1,1,1,0,1,1,0,0,0,0
"OTU728.p:Alveolata-Ciliophora.g:Bistichella",0,0,0,0,0,0,0,0,0,0,0,0,0,0,0,0,0,0,0,0,0,0,0,0,0
"OTU731.p:Centroplasthelida-Centroplasthelida_X.g:Acanthocystis",0,0,0,0,0,0,0,0,0,0,0,0,0,1,0,1,3,0,0,0,1,0,0,0,0
"OTU734.p:Tubulinea-Tubulinea_X.g:Ptolemeba",0,0,0,0,0,0,0,0,1,0,0,0,0,0,0,0,0,0,2,0,0,0,0,0,0
"OTU735.p:Alveolata-Colponemidia.g:Colponema",0,0,0,0,0,0,0,0,0,0,0,1,0,0,0,0,0,0,0,4,0,0,0,0,0
"OTU736.p:Alveolata-Dinoflagellata.g:Dinophyceae_XXX",3,0,0,0,0,0,0,0,2,0,0,0,0,0,0,0,0,0,0,0,0,0,0,0,0
"OTU737.p:Rhizaria-Cercozoa.g:Rhogostoma-lineage_X",0,0,0,0,0,0,0,0,0,0,0,0,3,0,0,0,0,0,0,0,0,0,0,0,0
"OTU738.p:Evosea-Evosea_X.g:Variosea_XXX",0,1,0,0,0,0,0,0,0,0,0,0,0,0,0,1,0,0,0,2,14,0,0,0,0
"OTU739.p:Evosea-Evosea_X.g:Flamella",0,0,0,5,0,0,0,2,0,0,0,3,0,0,0,1,0,0,0,0,4,0,7,2,0
"OTU740.p:Evosea-Evosea_X.g:Variosea_XXX",1,1,0,0,2,0,0,2,0,0,0,0,0,0,2,0,0,1,0,0,0,0,0,0,0
"OTU741.p:Tubulinea-Tubulinea_X.g:Copromyxa",0,0,1,0,1,0,1,3,0,0,0,0,0,0,1,0,2,0,4,3,2,0,0,0,0
"OTU743.p:Opisthokonta-Choanoflagellata.g:Monosigidae_Group_M_X",0,0,1,0,0,1,1,0,0,0,0,0,0,1,0,0,1,0,1,0,0,1,0,0,0
"OTU744.p:Chlorophyta-Chlorophyta_X.g:Protosiphon",0,0,0,0,0,0,1,0,1,0,0,2,1,1,0,1,2,0,0,3,0,0,0,0,1
"OTU745.p:Alveolata-Chrompodellids.g:Colpodellidae2",0,0,0,0,0,0,0,0,0,0,0,0,0,0,0,0,0,0,0,0,0,0,0,0,0
"OTU746.p:Alveolata-Ciliophora.g:Leptopharynx",0,0,0,0,0,0,0,0,0,0,0,0,0,0,0,0,0,0,0,0,0,0,0,0,0
"OTU747.p:Stramenopiles-Bigyra.g:Aplanochytrium",0,0,1,0,0,0,1,0,1,0,2,0,0,0,0,0,0,0,0,0,0,0,0,0,0
"OTU749.p:Evosea-Evosea_X.g:Variosea_XXX",0,0,0,0,0,0,1,1,0,1,0,0,0,4,0,1,0,1,0,0,0,2,2,0,0
"OTU750.p:Chlorophyta-Chlorophyta_X.g:Muriella",2,5,2,3,3,5,3,1,1,10,0,3,1,3,2,4,8,5,3,5,6,10,2,6,9
"OTU751.p:Tubulinea-Tubulinea_X.g:Flabellulidae_X",0,0,0,0,0,0,0,0,0,0,0,0,0,0,0,0,0,0,0,0,0,0,0,0,0
"OTU752.p:Alveolata-Ciliophora.g:Etoschophrya",0,0,0,0,0,0,0,0,1,0,0,0,0,0,0,0,0,0,0,0,0,0,8,3,1
"OTU753.p:Ancyromonadida-Ancyromonadida_X.g:Ancyromonadida_Group-1_X",0,1,0,0,0,0,0,0,0,0,0,0,0,0,0,1,1,0,0,0,3,4,3,0,3
"OTU754.p:Chlorophyta-Chlorophyta_X.g:Chlamydomonas",0,0,0,0,0,0,0,0,0,0,0,0,0,0,0,0,0,0,0,0,0,0,0,0,0
"OTU755.p:Alveolata-Apicomplexa.g:Plasmodium2",3,0,0,0,0,0,1,0,0,0,0,221,0,0,0,0,0,0,0,0,0,0,0,0,0
"OTU758.p:Alveolata-Ciliophora.g:Ottowphyra",0,0,0,0,4,0,1,0,0,5,0,1,0,0,1,0,0,0,6,0,2,0,0,0,2
"OTU760.p:Tubulinea-Tubulinea_X.g:Nolandellidae_X",1,0,0,0,0,1,0,0,1,0,0,1,1,0,0,0,0,1,0,0,0,0,4,0,2
"OTU761.p:Alveolata-Chrompodellids.g:Alphamonas",0,0,2,0,0,0,0,3,1,3,0,1,1,0,1,2,2,1,4,6,0,0,0,0,2
"OTU762.p:Stramenopiles-Bigyra.g:Pseudodendromonadales_XX",1,0,0,0,0,0,0,0,0,0,0,0,0,0,0,0,0,0,0,0,7,1,2,0,0
"OTU763.p:Evosea-Evosea_X.g:WIM1-lineage_X",0,1,0,0,0,0,0,0,0,0,0,1,0,0,0,0,0,0,1,0,0,3,3,0,0
"OTU766.p:Evosea-Evosea_X.g:Phalansterium",1,0,0,0,0,0,0,1,0,0,0,2,0,0,0,0,0,0,0,0,0,0,0,0,0
"OTU767.p:Rhizaria-Cercozoa.g:Sandonidae_X",0,0,0,0,0,0,1,0,0,0,0,1,0,2,0,1,0,2,0,1,0,1,0,0,1
"OTU772.p:Tubulinea-Tubulinea_X.g:Ptolemeba",0,0,0,0,0,0,1,1,1,0,0,0,0,0,0,0,0,0,0,0,0,0,0,0,0
"OTU773.p:Alveolata-Ciliophora.g:Suctoria_XX",0,0,2,0,0,0,0,0,0,2,0,0,0,0,2,0,0,0,0,0,0,0,0,0,0
"OTU774.p:Alveolata-Ciliophora.g:Kalometopia",1,3,0,1,1,1,0,5,3,5,0,0,0,0,3,1,0,0,0,0,5,2,4,3,2
"OTU775.p:Ancyromonadida-Ancyromonadida_X.g:Ancyromonadida_Group-1_X",0,1,1,0,0,0,0,0,0,0,0,0,0,0,1,0,0,0,0,0,0,1,0,0,4
"OTU776.p:Rhizaria-Cercozoa.g:Nucleocercomonas",0,0,0,2,0,0,0,0,0,1,0,2,1,1,0,0,1,0,1,0,0,2,0,0,3
"OTU781.p:Evosea-Evosea_X.g:Mb5C-lineage_X",0,0,0,0,1,0,0,0,0,1,0,0,0,0,0,0,0,0,0,0,1,0,0,0,0
"OTU782.p:Stramenopiles-Gyrista.g:Sphaerosorus",1,0,0,0,0,1,0,0,0,0,2,0,0,0,1,0,1,1,0,1,0,0,0,1,0
"OTU783.p:Evosea-Evosea_X.g:Variosea_XXX",0,0,0,0,0,0,0,0,0,0,0,0,3,0,0,0,0,0,0,0,0,0,0,0,1
"OTU784.p:Rhizaria-Cercozoa.g:Mollimonas",0,0,0,0,0,1,0,1,0,3,0,1,1,0,2,3,1,0,1,2,0,1,0,1,0
"OTU786.p:Tubulinea-Tubulinea_X.g:Ptolemeba",1,1,0,0,1,0,0,0,0,0,0,0,0,0,0,0,0,0,0,0,5,0,0,0,0
"OTU787.p:Stramenopiles-Bigyra.g:Adriamonas",0,0,0,0,3,0,0,0,2,0,0,0,0,0,0,0,0,0,0,0,0,2,0,0,3
"OTU788.p:Centroplasthelida-Centroplasthelida_X.g:Centroplasthelida_XXXXX",0,1,1,0,0,0,0,0,0,0,0,0,0,0,1,0,0,0,0,0,0,0,0,0,0
"OTU789.p:Centroplasthelida-Centroplasthelida_X.g:Centroplasthelida_XXXXX",0,0,0,0,0,2,0,0,0,2,1,0,0,1,0,2,0,0,0,0,3,2,0,0,0
"OTU790.p:Rhizaria-Cercozoa.g:Paulinella",0,0,0,0,0,0,0,0,0,0,0,0,0,0,0,0,0,0,0,0,0,0,0,0,0
"OTU791.p:Evosea-Evosea_X.g:Ceratiomyxella",0,0,0,0,0,0,0,1,0,0,0,0,1,0,0,0,0,0,0,0,0,0,0,1,3
"OTU792.p:Alveolata-Dinoflagellata.g:Dinophyceae_XXX",0,0,0,0,0,0,0,0,0,0,0,0,0,0,0,0,0,0,0,0,0,0,0,0,0
"OTU793.p:Tubulinea-Tubulinea_X.g:Leptomyxa",0,2,0,0,0,1,0,0,0,2,0,0,0,1,1,0,0,0,0,0,0,0,3,0,3
"OTU794.p:Alveolata-Ciliophora.g:Cyrtolophosis",0,0,1,0,0,1,0,1,5,1,0,0,2,0,0,0,0,0,0,0,0,0,0,0,0
"OTU795.p:Tubulinea-Tubulinea_X.g:Phryganella",0,0,0,0,0,0,0,0,0,0,0,0,0,67,0,0,0,0,0,0,0,0,0,0,0
"OTU796.p:Tubulinea-Tubulinea_X.g:LOS7N/I-lineage_X",0,0,0,0,1,3,0,0,0,0,1,0,0,0,0,0,0,0,0,0,0,0,0,0,0
"OTU797.p:Evosea-Evosea_X.g:Variosea_XXX",0,3,0,0,4,0,0,2,0,0,1,1,2,0,0,0,1,0,0,4,0,0,0,0,0
"OTU798.p:Alveolata-Ciliophora.g:Schmidingerothrix",0,1,0,2,0,0,1,0,3,0,0,0,0,0,0,0,0,0,0,0,0,2,1,0,0
"OTU800.p:Evosea-Evosea_X.g:AND16-lineage_X",0,1,0,0,0,0,0,0,0,0,0,0,0,0,0,0,2,0,4,0,0,0,0,0,0
"OTU804.p:Stramenopiles-Bigyra.g:Pseudodendromonadales_XX",0,0,1,5,0,0,0,0,1,0,0,1,0,0,0,0,0,0,0,0,0,0,0,3,2
"OTU807.p:Metamonada-Fornicata.g:Carpediemonadidae_X",0,0,0,0,0,0,0,0,0,0,0,0,0,0,0,0,0,0,0,0,0,0,0,0,0
"OTU809.p:Rhizaria-Cercozoa.g:Limnofilidae_X",0,0,1,0,1,0,0,0,0,0,0,0,0,0,0,0,1,0,0,0,0,2,2,0,1
"OTU810.p:Alveolata-Ciliophora.g:Pseudourostyla",0,0,0,0,0,0,0,0,0,0,1,0,0,0,1,0,0,0,0,0,0,0,0,6,0
"OTU811.p:Alveolata-Apicomplexa.g:Monocystis",0,0,0,0,0,0,0,0,0,0,0,0,0,0,0,0,0,0,0,0,0,0,0,0,0
"OTU813.p:Stramenopiles-Bigyra.g:Bicoecea_XXX",0,0,0,0,0,0,0,0,0,0,0,0,0,1,0,0,0,0,0,0,0,0,0,0,0
"OTU815.p:Tubulinea-Tubulinea_X.g:Nolandellidae_X",0,0,0,0,0,1,0,0,0,3,0,0,0,0,0,0,0,0,0,0,0,0,0,0,0
"OTU816.p:Evosea-Evosea_X.g:AND16-lineage_X",1,0,0,0,0,0,0,0,0,1,0,0,0,0,0,0,0,0,0,0,0,0,0,0,0
"OTU818.p:Evosea-Evosea_X.g:Ceratiomyxella",0,0,1,0,0,0,0,0,0,0,0,0,0,0,0,2,1,0,0,1,0,0,0,0,0
"OTU819.p:Evosea-Evosea_X.g:Ceratiomyxella",1,0,0,0,1,0,0,0,0,0,0,0,0,0,0,0,0,0,0,0,0,0,0,0,0
"OTU820.p:Stramenopiles-Stramenopiles_X.g:Stramenopiles_XXXXX",0,0,0,0,0,0,0,0,1,0,0,0,0,0,0,0,0,0,0,0,0,0,0,0,0
"OTU826.p:Evosea-Evosea_X.g:Variosea_XXX",0,0,0,0,0,0,0,0,0,1,0,0,0,0,0,0,0,0,0,0,0,0,0,1,3
"OTU827.p:Evosea-Evosea_X.g:Ceratiomyxella",0,2,0,0,0,0,0,0,0,0,0,0,0,0,0,0,0,0,0,0,0,2,1,0,5
"OTU828.p:Rhizaria-Cercozoa.g:Paracercomonas",0,0,0,0,0,0,0,0,0,0,0,0,0,0,0,0,0,0,0,0,0,0,0,0,0
"OTU829.p:Rhizaria-Cercozoa.g:Paracercomonas",0,0,0,0,0,0,0,0,0,3,0,0,0,0,0,0,0,1,1,1,1,0,0,0,3
"OTU833.p:Alveolata-Dinoflagellata.g:Gyrodinium",0,1,0,0,0,1,0,0,0,1,0,0,0,0,0,0,0,0,0,0,0,0,0,0,0
"OTU835.p:Rhodophyta-Rhodophyta_X.g:Rhodella",0,0,0,0,0,0,0,1,0,0,0,0,0,0,0,0,0,0,0,1,0,0,0,0,0
"OTU836.p:Picozoa-Picozoa_X.g:Picozoa_XXXXX",0,0,0,0,0,0,0,0,0,0,0,0,2,0,0,0,0,0,0,0,5,0,1,0,1
"OTU837.p:Alveolata-Perkinsea.g:Perkinsida_XXX",0,0,0,0,0,159,0,0,0,0,0,0,0,0,0,0,0,0,0,0,0,0,0,0,0
"OTU840.p:Rhodophyta-Rhodophyta_X.g:Galdieria",0,3,0,0,2,1,0,0,0,1,2,0,0,0,1,0,0,0,0,0,0,0,0,0,0
"OTU842.p:Alveolata-Ciliophora.g:Metopus_2",0,0,0,0,0,0,0,5,3,0,0,0,0,1,1,0,0,0,0,0,0,0,0,0,0
"OTU843.p:Tubulinea-Tubulinea_X.g:Ptolemeba",0,0,0,0,0,0,0,0,0,15,0,0,0,0,0,0,0,0,0,0,0,0,0,0,0
"OTU848.p:Streptophyta-Streptophyta_X.g:Streptophyta_XXXXX",0,0,0,0,1,0,1,0,0,0,0,0,0,0,0,0,0,1,1,0,0,0,0,0,0
"OTU849.p:Rhodophyta-Rhodophyta_X.g:Rhodella",1,1,0,0,8,1,0,0,1,2,0,5,0,0,0,0,0,4,1,0,0,0,0,1,1
"OTU850.p:Tubulinea-Tubulinea_X.g:Echinamoeba",2,0,0,0,1,0,1,0,0,2,0,0,0,1,0,0,0,0,0,0,2,0,1,0,1
"OTU851.p:Glaucophyta-Glaucophyta_X.g:Cyanophora",0,0,0,0,0,0,1,0,0,0,1,0,0,0,0,3,1,1,0,1,0,0,0,0,0
"OTU852.p:Rhizaria-Cercozoa.g:Thalassomyxa",0,0,0,0,0,0,0,0,0,0,0,1,1,0,0,0,0,0,0,0,0,0,0,0,0
"OTU853.p:Evosea-Evosea_X.g:Variosea_XXX",0,1,0,0,0,2,0,0,0,0,0,0,0,1,0,2,0,0,0,1,0,0,0,0,0
"OTU854.p:Stramenopiles-Gyrista.g:Lagenidium",0,0,0,0,0,2,0,5,0,1,2,0,0,0,0,0,0,0,0,0,0,0,0,0,0
"OTU855.p:Rhizaria-Cercozoa.g:Allantion",0,0,0,0,0,0,0,0,0,2,0,0,5,0,0,0,0,0,0,0,0,4,0,1,0
"OTU856.p:Stramenopiles-Stramenopiles_X.g:Stramenopiles_X-Group-3_XXX",0,1,2,0,0,0,0,0,0,0,1,0,0,0,0,0,0,0,0,0,2,2,0,0,1
"OTU858.p:Opisthokonta-Choanoflagellata.g:Diaphanoeca",0,0,0,0,0,0,0,0,1,0,0,1,0,1,0,0,0,0,0,0,0,0,0,0,0
"OTU859.p:Tubulinea-Tubulinea_X.g:Nolandella",0,0,0,0,0,0,1,0,0,0,0,0,0,0,0,0,0,0,0,0,0,0,0,0,0
"OTU860.p:Tubulinea-Tubulinea_X.g:Rhizamoeba-saxonica-lineage_X",1,0,0,0,0,0,1,1,0,0,0,0,2,0,0,0,0,0,0,0,0,0,0,0,0
"OTU863.p:Tubulinea-Tubulinea_X.g:Echinamoeba",0,0,0,0,0,0,0,0,0,0,0,0,0,0,0,0,0,0,0,0,0,0,0,0,0
"OTU864.p:Stramenopiles-Gyrista.g:Ochromonadales_XX",0,0,0,0,0,0,0,0,0,0,0,0,2,1,0,1,0,0,0,0,0,0,0,1,0
"OTU865.p:Rhodophyta-Rhodophyta_X.g:Cyanidiales_XX",0,0,0,0,2,0,0,1,0,0,0,0,2,0,1,0,0,0,0,0,0,3,0,0,0
"OTU868.p:Tubulinea-Tubulinea_X.g:Leptomyxa",0,1,0,0,0,0,0,0,1,0,0,3,0,0,0,0,1,0,0,1,2,2,6,0,2
"OTU869.p:Evosea-Evosea_X.g:Variosea_XXX",1,0,0,0,0,0,1,0,1,0,1,1,2,0,0,0,2,4,2,2,0,0,0,0,0
"OTU871.p:Alveolata-Ciliophora.g:Cyrtolophosidida_X",0,0,0,0,0,0,0,1,0,2,0,0,0,0,0,0,0,0,0,0,0,0,0,0,0
"OTU872.p:Tubulinea-Tubulinea_X.g:Copromyxa",0,0,0,0,0,0,0,3,0,0,0,0,0,0,0,1,0,0,2,0,0,0,0,0,0
"OTU873.p:Stramenopiles-Gyrista.g:Pseudosolenia",0,0,0,0,0,0,0,0,0,0,0,0,0,0,0,0,0,0,0,0,0,0,0,0,0
"OTU875.p:Evosea-Evosea_X.g:Flamella-lineage_X",0,0,0,0,0,0,0,0,0,0,0,0,0,0,0,0,0,0,0,0,0,0,4,0,0
"OTU877.p:Chlorophyta-Chlorophyta_X.g:Neochloris",0,0,0,0,0,2,0,0,0,1,0,3,0,0,0,0,0,0,0,0,0,1,0,2,1
"OTU878.p:Stramenopiles-Bigyra.g:Amphifilaceae_X",2,0,1,0,0,3,0,0,0,0,0,0,0,0,1,0,1,0,2,1,0,2,2,0,4
"OTU879.p:Chlorophyta-Chlorophyta_X.g:Chlamydomonas",0,0,0,0,0,0,0,0,0,0,0,0,0,0,0,0,1,0,0,1,0,0,0,0,0
"OTU882.p:Opisthokonta-Choanoflagellata.g:Salpingoeca",0,0,0,0,0,0,0,0,0,0,0,0,0,0,0,0,0,0,0,0,0,0,0,0,0
"OTU883.p:Tubulinea-Tubulinea_X.g:Echinamoeba",0,0,0,0,0,0,0,0,1,0,0,0,0,0,0,0,0,0,0,0,0,0,2,0,0
"OTU884.p:Rhizaria-Cercozoa.g:sm27-lineage_X",0,0,0,0,0,0,0,0,1,0,0,0,0,0,0,0,0,0,0,0,0,0,0,0,0
"OTU885.p:Evosea-Evosea_X.g:Variosea_XXX",2,2,1,1,1,3,1,0,3,4,0,3,3,1,3,1,1,1,4,0,7,7,3,6,9
"OTU886.p:Alveolata-Ciliophora.g:Maryna",0,0,0,0,0,0,0,0,2,0,0,0,1,0,0,0,0,0,0,0,0,0,0,0,0
"OTU887.p:Tubulinea-Tubulinea_X.g:Hartmannella",3,4,6,2,7,16,3,11,2,10,0,9,7,2,5,1,2,10,1,2,10,10,11,10,6
"OTU888.p:Evosea-Evosea_X.g:Ceratiomyxella",0,0,0,0,0,0,0,0,0,0,0,0,0,0,1,0,0,0,0,0,0,0,0,0,0
"OTU890.p:Tubulinea-Tubulinea_X.g:Leptomyxa",1,1,0,0,0,0,0,0,0,0,0,1,2,0,1,0,0,0,0,0,0,0,0,0,0
"OTU891.p:Evosea-Evosea_X.g:Flamella",0,0,0,0,0,1,0,0,0,0,0,0,0,0,0,0,0,0,0,0,0,0,0,0,0
"OTU894.p:Chlorophyta-Chlorophyta_X.g:Fritschiella",0,0,0,0,0,0,0,0,0,0,2,0,0,0,0,0,0,0,1,0,0,0,0,0,0
"OTU897.p:Stramenopiles-Bigyra.g:Labyrinthulaceae_X",0,0,0,0,0,0,0,0,0,0,0,0,0,0,0,0,0,0,0,0,0,0,0,0,0
"OTU899.p:Stramenopiles-Gyrista.g:Pythium",1,0,0,0,0,0,0,3,0,0,0,0,0,0,0,0,0,0,0,0,0,1,0,0,0
"OTU900.p:Stramenopiles-Gyrista.g:Paraphysomonas",0,0,0,0,0,0,0,1,1,0,0,0,2,0,1,0,1,0,0,0,3,0,0,0,0
"OTU901.p:Evosea-Evosea_X.g:Variosea_XXX",0,3,0,0,0,2,0,0,0,0,0,0,2,0,0,2,0,3,3,1,0,0,0,0,0
"OTU902.p:Chlorophyta-Chlorophyta_X.g:Scenedesmus",0,0,0,0,0,0,0,0,0,0,0,0,0,0,0,0,0,0,0,0,0,0,0,0,0
"OTU905.p:Evosea-Evosea_X.g:Schizoplasmodiopsis",0,0,0,1,0,0,0,0,0,0,1,1,0,0,3,1,0,1,2,0,0,7,0,1,1
"OTU906.p:Stramenopiles-Gyrista.g:Phytopythium",0,0,0,0,0,1,0,0,0,0,0,0,0,0,0,0,0,5,0,0,0,0,0,0,0
"OTU907.p:Evosea-Evosea_X.g:Variosea_XXX",0,0,0,0,0,0,0,0,0,0,0,0,0,0,0,1,0,0,0,1,0,0,0,0,0
"OTU908.p:Evosea-Evosea_X.g:Ceratiomyxella",0,0,1,0,1,0,0,0,0,0,0,0,0,0,0,0,0,0,0,0,0,0,0,0,0
"OTU909.p:Rhizaria-Cercozoa.g:Paracercomonas",0,0,0,0,0,0,0,2,0,2,1,0,1,0,0,0,0,3,0,0,1,3,0,2,2
"OTU910.p:Tubulinea-Tubulinea_X.g:Copromyxa",0,0,1,0,0,0,1,0,0,0,0,0,0,0,0,5,0,0,0,0,0,0,0,0,0
"OTU911.p:Apusomonada-Apusomonada_X.g:Amastigomonas",1,1,0,0,1,1,0,0,0,0,0,0,0,0,0,0,0,0,0,0,0,1,0,2,0
"OTU912.p:Chlorophyta-Chlorophyta_X.g:Golenkinia",0,0,1,0,1,0,0,0,1,0,0,0,0,0,0,0,0,0,0,0,0,0,0,0,0
"OTU913.p:Rhizaria-Cercozoa.g:Cercomonas",0,1,0,0,0,0,0,0,0,0,0,0,0,0,0,0,0,1,1,1,0,0,0,0,0
"OTU915.p:Haptophyta-Haptophyta_X.g:Haptophyta_XXXXX",0,0,0,1,0,0,0,0,0,0,0,0,0,0,0,0,0,0,0,0,0,0,0,0,0
"OTU916.p:Evosea-Evosea_X.g:Variosea_XXX",2,0,0,0,0,0,0,0,0,0,0,0,0,0,0,0,0,2,0,0,0,0,0,0,0
"OTU917.p:Discoba-Discoba_X.g:Andaluciidae_AND1",0,0,0,0,0,0,0,1,0,0,0,0,0,0,0,0,0,0,0,1,0,0,0,0,0
"OTU918.p:Picozoa-Picozoa_X.g:Picozoa_XXXXX",0,0,0,0,0,0,0,0,1,0,0,0,0,0,2,0,0,0,0,0,0,0,0,0,0
"OTU920.p:Alveolata-Ciliophora.g:Bursariomorphida_X",0,0,0,0,0,0,0,0,0,6,0,0,0,0,0,0,0,0,0,0,0,0,0,0,0
"OTU921.p:Evosea-Evosea_X.g:Ceratiomyxella",0,2,0,0,0,0,0,0,0,0,0,0,0,0,0,2,0,0,0,0,0,0,0,0,0
"OTU924.p:Stramenopiles-Gyrista.g:Paraphysomonas",0,0,0,0,0,0,0,0,0,0,0,0,4,0,0,0,0,0,0,0,0,0,0,0,0
"OTU925.p:Evosea-Evosea_X.g:Schizoplasmodiopsis",0,0,0,0,0,0,0,0,0,1,0,0,3,0,0,0,0,0,0,0,0,0,0,0,0
"OTU926.p:Rhizaria-Cercozoa.g:Allapsidae_X",0,0,0,0,0,0,0,0,0,0,0,0,0,0,0,1,0,2,0,1,0,0,0,0,0
"OTU927.p:Alveolata-Ciliophora.g:Apobakuella",0,0,0,0,0,0,0,0,0,0,0,0,0,0,0,0,0,0,0,0,0,0,0,0,0
"OTU928.p:Rhodophyta-Rhodophyta_X.g:Cyanidiales_XX",1,0,0,0,1,1,1,0,0,1,0,0,0,0,0,0,1,0,0,1,6,1,2,1,2
"OTU929.p:Tubulinea-Tubulinea_X.g:Rhizamoeba",0,2,0,0,1,0,0,0,0,0,0,1,0,1,0,1,0,0,0,0,0,2,2,2,0
"OTU931.p:Alveolata-Ciliophora.g:OLIGO9_X",0,2,0,0,0,0,0,1,0,0,0,0,0,0,1,0,2,0,0,0,0,0,0,0,0
"OTU932.p:Stramenopiles-Bigyra.g:Paramonas",1,0,0,0,0,0,0,1,1,0,0,0,0,0,1,0,0,0,0,0,0,1,3,0,1
"OTU933.p:Metamonada-Preaxostyla.g:Paratrimastix",0,1,0,0,0,0,0,3,0,0,0,0,0,0,0,0,0,0,0,0,0,0,0,0,0
"OTU934.p:Chlorophyta-Chlorophyta_X.g:Pseudomuriella",0,0,0,0,0,0,0,0,0,0,0,0,0,0,0,0,0,0,1,0,0,0,0,1,3
"OTU936.p:Evosea-Evosea_X.g:Acramoebidae_X",0,0,0,0,0,1,0,0,0,0,0,0,0,0,0,0,0,0,0,0,0,0,0,0,0
"OTU937.p:Alveolata-Ciliophora.g:Pleurostomatida_X",0,0,0,0,0,0,0,0,0,0,0,0,0,0,0,0,0,0,0,0,0,0,0,0,0
"OTU938.p:Alveolata-Apicomplexa.g:Paraschneideria",0,0,0,5,0,0,0,0,0,0,0,0,0,0,0,0,0,0,0,0,0,0,0,0,0
"OTU940.p:Tubulinea-Tubulinea_X.g:Leptomyxa",0,0,0,0,0,0,0,1,1,0,0,0,0,0,0,0,0,0,0,0,0,0,0,0,0
"OTU941.p:Haptophyta-Haptophyta_X.g:Scyphosphaera",0,0,2,0,0,0,0,0,0,0,0,0,0,0,0,0,0,0,0,0,0,0,0,0,0
"OTU942.p:Stramenopiles-Bigyra.g:MAST-12C",0,0,0,0,1,1,0,0,0,2,1,0,0,0,0,0,0,0,0,0,0,0,0,0,0
"OTU943.p:Rhizaria-Cercozoa.g:Vampyrellida_clade_B",0,0,0,0,0,0,0,0,0,0,0,0,0,0,0,0,0,0,0,0,0,0,0,0,0
"OTU944.p:Stramenopiles-Bigyra.g:Labyrinthulaceae_X",0,0,0,0,0,0,0,0,1,0,0,0,0,0,0,0,0,0,0,0,0,0,0,0,0
"OTU946.p:Alveolata-Ciliophora.g:Pseudochilodonopsis",0,0,0,0,3,0,0,0,0,0,0,0,0,0,0,1,5,0,0,0,0,0,0,0,0
"OTU947.p:Stramenopiles-Gyrista.g:Bacillariophyceae_XXX",0,0,1,0,0,0,0,0,0,0,0,0,0,0,0,0,0,0,0,0,0,0,0,0,0
"OTU948.p:Evosea-Eumycetozoa.g:Dictyostelium",0,0,0,0,0,0,1,0,0,0,0,0,0,0,0,3,0,0,0,0,0,0,0,4,0
"OTU949.p:Evosea-Evosea_X.g:Filamoeba",0,0,0,0,0,0,0,0,0,0,0,0,0,0,1,0,0,0,0,0,0,0,0,0,0
"OTU951.p:Rhizaria-Cercozoa.g:Filosa-Imbricatea_XXX",0,0,0,0,0,0,0,0,0,0,1,0,0,0,1,0,0,0,0,1,1,3,0,0,1
"OTU952.p:Rhizaria-Cercozoa.g:Euglyphida_XX",0,0,0,0,0,1,0,0,0,0,0,0,0,0,1,0,0,0,0,0,0,1,5,0,0
"OTU953.p:Rhizaria-Cercozoa.g:Agitata",1,0,0,0,1,0,1,0,0,0,0,0,2,0,2,0,0,0,4,0,0,1,0,0,0
"OTU955.p:Chlorophyta-Chlorophyta_X.g:Marsupiomonas",0,0,0,0,0,0,0,0,0,0,0,0,2,0,0,0,0,0,0,0,0,0,0,0,0
"OTU958.p:Stramenopiles-Gyrista.g:Heterosigma",0,0,1,0,0,0,0,1,1,0,0,0,0,0,0,0,0,0,0,0,0,0,0,0,0
"OTU959.p:Ancyromonadida-Ancyromonadida_X.g:Ancyromonadida_Group-1_X",0,0,0,0,0,0,0,0,0,1,0,0,0,0,0,0,0,0,0,0,0,0,0,0,0
"OTU960.p:Chlorophyta-Chlorophyta_X.g:Oocystaceae",0,0,0,0,0,1,0,2,0,0,0,0,0,0,1,0,1,0,0,0,0,0,0,0,0
"OTU961.p:Stramenopiles-Gyrista.g:Peronosporomycetes_XXX",0,0,0,0,0,0,0,1,0,0,0,0,0,0,0,0,0,0,1,0,0,0,0,0,0
"OTU962.p:Tubulinea-Tubulinea_X.g:Hartmannella",0,0,1,1,1,0,0,0,0,0,0,0,0,0,0,0,0,0,0,0,0,1,0,0,0
"OTU963.p:Alveolata-Ciliophora.g:Bryometopus",0,1,0,0,0,0,0,0,0,3,0,0,0,0,0,0,0,0,0,0,0,0,1,0,0
"OTU964.p:Stramenopiles-Gyrista.g:Aquastella",0,0,0,0,0,0,0,3,0,0,2,0,0,0,0,0,0,0,0,0,0,0,0,0,0
"OTU965.p:Alveolata-Apicomplexa.g:Amoebogregarina",0,0,0,0,0,0,0,0,0,0,0,1,0,0,0,0,0,0,0,0,0,0,0,0,0
"OTU966.p:Tubulinea-Tubulinea_X.g:Nolandellidae_X",0,0,0,0,0,0,0,0,0,0,0,0,0,0,0,0,0,0,0,0,0,1,0,3,0
"OTU967.p:Stramenopiles-Gyrista.g:Chrysophyceae_XXX",0,0,0,0,0,0,1,0,2,0,0,0,0,0,0,0,0,0,0,0,0,0,0,0,0
"OTU968.p:Tubulinea-Tubulinea_X.g:Copromyxa",0,0,0,0,1,0,3,0,0,0,0,0,0,0,0,0,0,0,0,0,0,0,0,0,0
"OTU969.p:Alveolata-Apicomplexa.g:Gregarinomorphea_X_GRE7_XX",0,0,0,0,0,0,0,0,0,1,0,0,0,0,0,0,0,0,0,0,0,0,0,0,0
"OTU970.p:Alveolata-Ciliophora.g:Sessilida_X",0,0,0,0,0,0,0,0,0,6,0,0,0,0,0,0,0,0,0,0,0,0,0,0,0
"OTU971.p:Rhizaria-Cercozoa.g:Neocercomonas",0,0,0,0,0,0,0,0,0,0,0,1,0,0,1,0,0,0,0,0,0,1,0,0,0
"OTU973.p:Stramenopiles-Bigyra.g:Adriamonas",0,1,0,1,0,0,0,0,0,0,0,0,0,0,1,0,0,0,0,0,0,1,0,0,0
"OTU975.p:Stramenopiles-Bigyra.g:Pseudodendromonadales_XX",0,0,1,0,0,0,0,0,0,0,0,1,0,1,0,0,0,0,0,0,0,0,0,0,1
"OTU976.p:Evosea-Evosea_X.g:AND16-lineage_X",0,2,0,0,0,0,0,0,0,0,0,0,0,0,0,0,0,0,0,0,5,1,0,0,0
"OTU977.p:Tubulinea-Tubulinea_X.g:Phryganella",0,0,0,0,1,0,0,0,2,0,0,0,0,0,0,0,0,0,3,0,0,0,0,0,0
"OTU979.p:Opisthokonta-Choanoflagellata.g:Salpingoecidae_Group_C1_X",0,0,0,0,0,0,0,0,2,0,0,1,0,0,0,0,0,0,0,0,0,0,0,0,0
"OTU980.p:Stramenopiles-Bigyra.g:Aplanochytrium",0,0,0,0,0,0,1,0,0,0,0,0,0,0,0,0,0,0,0,0,0,0,0,0,0
"OTU981.p:Tubulinea-Tubulinea_X.g:Copromyxa",0,0,0,0,0,0,0,0,0,0,0,0,0,0,0,0,0,0,0,0,8,1,0,0,0
"OTU982.p:Alveolata-Apicomplexa.g:Monocystis",0,0,0,0,0,0,0,1,0,0,0,0,0,0,0,0,0,0,0,0,0,0,0,0,0
"OTU983.p:Alveolata-Ciliophora.g:Cristigera",0,0,0,0,1,0,0,0,3,0,0,0,0,0,0,0,0,1,0,1,0,0,0,0,0
"OTU984.p:Evosea-Evosea_X.g:Variosea_XXX",0,0,0,0,0,0,1,0,0,0,0,0,0,1,0,1,0,0,0,0,3,0,1,0,0
"OTU992.p:Evosea-Evosea_X.g:AND16-lineage_X",0,0,1,0,0,0,0,0,0,0,0,2,0,0,0,0,0,0,0,0,1,1,0,0,2
"OTU993.p:Evosea-Evosea_X.g:Variosea_XXX",0,0,0,0,0,0,0,0,2,0,0,0,0,0,0,0,0,0,0,1,0,0,0,0,0
"OTU997.p:Rhizaria-Cercozoa.g:Paracercomonas",0,2,0,0,0,0,0,0,0,0,0,0,1,1,0,0,0,1,1,0,0,0,0,0,0
"OTU998.p:Stramenopiles-Bigyra.g:Pseudodendromonadales_XX",0,1,0,0,0,0,0,0,0,0,0,0,1,0,0,0,2,0,0,0,0,0,0,0,1
"OTU999.p:Telonemia-Telonemia_X.g:Telonemia-Group-1_X",0,1,0,0,0,0,0,0,0,0,0,0,0,0,0,0,0,0,0,0,0,0,0,0,0
"OTU1000.p:Alveolata-Apicomplexa.g:Paraschneideria",0,0,0,0,0,0,0,0,0,0,0,0,0,0,0,0,0,0,0,0,0,0,0,0,0
"OTU1001.p:Evosea-Evosea_X.g:WIM5-lineage_X",0,0,0,0,0,0,1,0,0,0,0,0,2,0,0,1,1,3,2,0,0,1,0,0,0
"OTU1002.p:Tubulinea-Tubulinea_X.g:Copromyxa",0,0,0,0,0,0,0,0,0,2,0,0,0,0,1,0,1,0,0,0,0,0,0,1,0
"OTU1004.p:Tubulinea-Tubulinea_X.g:Copromyxa",0,0,0,1,0,1,0,0,0,0,0,0,0,0,0,0,0,0,0,0,0,2,4,0,0
"OTU1005.p:Stramenopiles-Bigyra.g:Aplanochytrium",0,2,0,0,0,0,0,0,0,0,0,0,0,0,0,0,0,0,0,0,0,0,0,0,0
"OTU1007.p:Stramenopiles-Bigyra.g:MAST-12C",0,0,0,1,0,0,0,0,0,0,0,1,1,0,0,0,0,2,0,0,0,0,0,0,0
"OTU1008.p:Stramenopiles-Stramenopiles_X.g:Stramenopiles_XXXXX",0,0,0,0,1,0,0,0,1,0,0,0,0,0,0,0,0,0,0,2,0,0,0,0,0
"OTU1009.p:Evosea-Evosea_X.g:WIM1-lineage_X",0,0,0,0,0,0,1,0,0,0,0,0,0,0,1,0,0,0,0,0,0,0,0,0,0
"OTU1010.p:Evosea-Evosea_X.g:Variosea_XXX",0,0,0,0,1,0,0,0,0,0,0,0,0,1,0,0,1,0,0,0,0,0,0,0,0
"OTU1011.p:Rhizaria-Cercozoa.g:Novel-Gran-6_X",0,0,0,0,0,0,0,3,0,0,0,1,0,0,0,1,0,0,1,1,0,1,0,0,0
"OTU1014.p:Evosea-Evosea_X.g:Variosea_XXX",0,0,0,0,0,0,0,0,0,1,0,2,0,0,0,1,1,1,1,2,0,0,0,0,0
"OTU1018.p:Stramenopiles-Bigyra.g:MAST-12C",0,0,0,0,0,1,0,0,0,0,0,0,0,0,0,0,0,0,0,0,0,0,0,0,0
"OTU1025.p:Rhizaria-Cercozoa.g:Proleptomonas",1,0,0,0,0,0,1,0,0,0,0,0,3,0,1,2,1,2,0,1,0,0,1,0,0
"OTU1026.p:Tubulinea-Tubulinea_X.g:Copromyxa",0,0,0,0,0,0,0,1,0,0,0,0,0,0,0,0,1,0,0,0,7,0,0,0,0
"OTU1027.p:Rhizaria-Cercozoa.g:Sandonidae_X",0,0,0,0,0,1,1,0,1,1,0,1,0,0,0,1,1,0,0,0,1,0,0,0,0
"OTU1028.p:Tubulinea-Tubulinea_X.g:Nolandellidae_X",0,0,0,0,0,0,0,0,0,0,0,0,0,0,0,0,2,0,1,0,7,2,0,0,0
"OTU1029.p:Rhizaria-Cercozoa.g:Novel-Gran-234_X",0,0,0,0,0,0,0,1,0,0,0,0,1,0,0,0,0,0,0,0,0,0,0,0,0
"OTU1030.p:Tubulinea-Tubulinea_X.g:Leptomyxa",0,0,0,0,0,0,0,0,0,0,0,0,1,0,0,0,0,0,0,0,0,0,0,0,0
"OTU1031.p:Chlorophyta-Chlorophyta_X.g:Tetracystis",0,0,0,2,0,5,0,3,2,1,2,3,0,0,0,0,0,0,0,0,0,0,0,0,0
"OTU1034.p:Evosea-Evosea_X.g:Variosea_XXX",0,0,0,0,0,0,0,0,0,1,0,0,0,0,0,0,0,0,0,0,0,0,0,0,0
"OTU1035.p:Alveolata-Chrompodellids.g:Colpodellida_CHR1_X",1,0,0,0,0,0,0,1,0,0,0,0,0,3,0,0,1,0,0,0,0,0,0,0,0
"OTU1036.p:Rhizaria-Cercozoa.g:Allapsidae_X",0,0,0,0,0,0,0,0,0,0,0,0,1,0,0,0,0,0,0,0,0,0,0,1,2
"OTU1037.p:Tubulinea-Tubulinea_X.g:Leptomyxa",0,1,0,0,0,0,1,1,1,5,1,0,2,0,1,0,0,0,0,0,0,0,1,1,1
"OTU1038.p:Rhizaria-Cercozoa.g:Thalassomyxa",0,0,0,0,0,0,0,0,0,0,0,0,0,0,1,0,0,0,0,0,0,0,0,0,0
"OTU1040.p:Stramenopiles-Stramenopiles_X.g:Stramenopiles_XXXXX",1,0,2,1,0,0,0,0,1,0,0,0,0,0,0,0,0,0,0,0,0,0,0,0,0
"OTU1041.p:Evosea-Evosea_X.g:Ischnamoeba",0,0,0,0,0,0,0,0,0,0,0,0,0,0,0,0,0,0,0,0,0,0,0,0,0
"OTU1042.p:Rhizaria-Cercozoa.g:Paracercomonas",1,0,0,0,0,0,0,0,0,0,0,0,0,0,0,0,0,0,3,0,0,0,0,0,0
"OTU1043.p:Alveolata-Alveolata_X.g:Palustrimonas",0,0,0,2,0,0,0,0,0,0,0,0,1,0,0,0,0,0,0,0,0,0,0,0,0
"OTU1045.p:Tubulinea-Tubulinea_X.g:Echinamoeba",0,0,0,0,0,2,0,0,0,0,0,1,0,0,2,0,0,2,0,0,0,1,7,0,4
"OTU1047.p:Chlorophyta-Chlorophyta_X.g:Chloromonas",0,0,0,0,0,0,0,0,0,0,0,0,0,0,1,0,0,0,0,2,0,1,0,0,0
"OTU1049.p:Rhizaria-Cercozoa.g:Vernalophrys",1,1,0,0,1,0,0,1,0,0,0,0,0,0,0,1,0,0,2,0,0,0,0,1,0
"OTU1050.p:Rhizaria-Cercozoa.g:Thalassomyxa",1,0,0,0,2,0,0,0,0,0,0,0,0,0,0,0,0,0,0,0,0,1,0,2,2
"OTU1051.p:Evosea-Evosea_X.g:Variosea_XXX",0,0,0,0,0,0,0,0,0,0,0,0,0,0,0,0,0,0,0,0,0,0,0,0,0
"OTU1052.p:Rhizaria-Cercozoa.g:Cercomonas",0,0,0,0,0,0,0,0,0,0,0,2,0,0,0,0,0,0,0,0,0,0,1,0,0
"OTU1054.p:Rhizaria-Cercozoa.g:sm27-lineage_X",0,0,0,0,0,0,0,1,0,0,0,0,0,0,0,0,0,0,0,0,0,0,0,0,0
"OTU1055.p:Evosea-Evosea_X.g:WIM1-lineage_X",0,0,0,0,0,0,0,0,0,1,0,0,0,0,0,2,0,0,0,0,0,0,0,0,0
"OTU1057.p:Evosea-Evosea_X.g:Soliformovum",0,0,0,0,0,0,0,0,0,0,0,1,0,0,0,0,0,0,0,0,0,0,0,0,0
"OTU1058.p:Evosea-Evosea_X.g:Variosea_XXX",0,0,0,0,2,0,0,0,0,0,0,0,0,0,1,0,0,0,0,0,0,0,0,0,0
"OTU1060.p:Tubulinea-Tubulinea_X.g:Copromyxa",0,0,0,0,0,4,0,0,0,0,0,0,0,0,0,0,0,0,0,0,0,0,0,0,0
"OTU1061.p:Chlorophyta-Chlorophyta_X.g:Pyrobotrys",0,0,0,0,0,0,1,0,0,0,0,0,0,0,1,0,0,0,0,0,0,0,0,0,0
"OTU1063.p:Rhodophyta-Rhodophyta_X.g:Compsopogon",1,0,0,1,0,0,0,0,0,0,0,0,0,0,0,0,0,0,0,0,0,0,0,0,0
"OTU1064.p:Alveolata-Ciliophora.g:Plagiopylea_XXX",0,0,2,0,0,0,0,0,0,0,0,0,0,0,0,0,0,1,0,0,0,0,0,0,0
"OTU1066.p:Tubulinea-Tubulinea_X.g:Nolandellidae_X",0,1,0,0,2,0,1,1,0,0,0,0,1,0,0,0,0,0,0,0,0,0,0,0,0
"OTU1067.p:Discoba-Discoba_X.g:Tetramitia_VI_3",0,0,1,0,0,0,0,0,0,0,0,0,0,0,0,0,0,0,0,0,0,0,0,0,0
"OTU1068.p:Alveolata-Ciliophora.g:Arcuospathidium",0,0,0,0,0,0,0,0,0,0,0,0,3,0,0,0,0,0,0,1,0,0,0,0,0
"OTU1069.p:Rhizaria-Cercozoa.g:Paracercomonas",0,0,0,0,0,0,0,0,0,0,0,0,0,0,1,0,0,0,0,0,0,0,0,0,1
"OTU1070.p:Alveolata-Ciliophora.g:Obertrumia",0,0,0,4,0,0,0,0,0,0,0,0,0,0,0,0,0,0,0,0,0,0,0,0,0
"OTU1071.p:Evosea-Evosea_X.g:ATCC50593-lineage_X",0,2,0,3,0,3,0,1,1,0,0,1,0,0,0,1,3,1,0,0,0,0,3,0,3
"OTU1072.p:Alveolata-Chrompodellids.g:Colpodella",0,0,0,0,0,0,0,1,0,0,0,0,0,0,0,0,0,0,0,0,0,0,0,0,0
"OTU1075.p:Alveolata-Ciliophora.g:Cyrtolophosidida_X",0,0,2,0,0,1,1,0,0,0,0,0,0,0,0,0,0,1,0,1,0,0,0,0,0
"OTU1076.p:Evosea-Evosea_X.g:Protostelium",0,0,0,0,0,0,0,0,0,0,0,1,0,0,0,2,3,1,0,3,4,0,0,0,0
"OTU1078.p:Opisthokonta-Choanoflagellata.g:Salpingoeca",0,0,0,0,0,0,0,0,0,0,0,0,0,1,0,0,1,0,0,0,0,0,0,0,0
"OTU1079.p:Rhizaria-Cercozoa.g:Sandonidae_X",1,1,0,0,0,0,1,0,1,2,0,1,0,0,0,0,0,0,1,2,0,0,0,0,0
"OTU1080.p:Alveolata-Apicomplexa.g:Geneiorhynchus",0,0,0,0,106,0,0,0,0,0,0,0,0,0,0,0,0,0,0,0,0,0,0,0,0
"OTU1081.p:Stramenopiles-Bigyra.g:Thraustochytrium",0,0,0,0,0,0,0,0,0,0,0,0,0,0,0,0,0,0,0,0,2,2,5,1,2
"OTU1082.p:Alveolata-Ciliophora.g:Arcuospathidium",1,3,1,0,1,0,0,0,1,3,0,4,2,0,2,0,0,0,0,0,0,0,0,1,0
"OTU1083.p:Haptophyta-Haptophyta_X.g:Phaeocystis",0,0,0,0,0,0,0,0,0,1,0,0,0,0,0,1,1,0,0,0,0,0,0,0,0
"OTU1084.p:Evosea-Evosea_X.g:Ceratiomyxella",0,0,0,0,0,0,0,0,0,0,0,0,0,0,0,0,0,0,0,0,0,0,0,0,0
"OTU1085.p:Alveolata-Ciliophora.g:Colpodida_X",1,0,0,2,0,0,0,0,2,0,0,1,0,1,1,0,0,0,0,0,1,0,1,0,0
"OTU1086.p:Ancyromonadida-Ancyromonadida_X.g:Ancyromonadida_Group-1_X",0,0,1,0,0,0,0,1,1,0,1,0,0,0,0,1,3,2,1,1,0,0,0,0,0
"OTU1087.p:Stramenopiles-Bigyra.g:Labyrinthula",0,0,0,0,0,0,0,0,0,0,0,0,0,0,0,0,0,0,0,0,0,0,0,0,0
"OTU1088.p:Evosea-Evosea_X.g:Ceratiomyxella",0,0,0,0,0,0,0,0,0,0,0,0,0,0,1,0,0,0,0,0,0,0,0,0,0
"OTU1091.p:Stramenopiles-Gyrista.g:Ochromonadales_XX",0,0,0,0,0,0,2,0,0,0,0,0,0,0,0,0,1,0,1,0,0,0,0,0,0
"OTU1095.p:Stramenopiles-Gyrista.g:Ochromonadales_XX",0,0,0,0,0,0,0,1,0,0,0,0,0,0,0,0,0,0,0,0,1,1,1,1,1
"OTU1096.p:Rhizaria-Cercozoa.g:Thalassomyxa",0,0,0,0,0,1,0,0,0,0,0,0,2,0,1,0,0,0,0,0,0,0,0,1,0
"OTU1097.p:Opisthokonta-Choanoflagellata.g:Stephanoecidae_Group_H_X",0,0,0,0,0,0,0,0,0,0,2,0,0,0,0,0,0,0,0,0,0,0,0,0,0
"OTU1098.p:Evosea-Evosea_X.g:Flamella",0,0,0,0,1,0,0,0,0,2,1,0,0,0,0,0,0,0,0,0,0,0,0,0,2
"OTU1099.p:Tubulinea-Tubulinea_X.g:Phryganella",4,0,1,0,0,0,1,0,3,0,0,0,5,0,1,0,0,0,0,0,0,0,0,0,0
"OTU1100.p:Evosea-Evosea_X.g:Phalansterium",0,0,0,0,0,0,0,0,0,0,0,0,0,0,0,0,0,0,0,0,0,0,0,0,0
"OTU1101.p:Rhizaria-Cercozoa.g:Filosa-Imbricatea_XXX",0,0,0,0,0,0,0,0,0,1,0,3,0,0,0,0,0,0,0,0,0,0,0,0,0
"OTU1102.p:Tubulinea-Tubulinea_X.g:Echinamoeba",0,0,0,0,0,0,0,0,1,0,2,0,0,0,0,0,1,0,0,0,1,0,1,0,2
"OTU1103.p:Chlorophyta-Chlorophyta_X.g:Dysmorphococcus",0,0,0,0,2,0,0,0,0,0,0,0,0,0,0,0,0,0,0,0,0,0,0,1,0
"OTU1104.p:Chlorophyta-Chlorophyta_X.g:Coccomyxa",0,0,1,0,0,0,0,0,0,0,0,0,0,79,0,0,0,0,0,0,0,0,0,0,0
"OTU1105.p:Ancyromonadida-Ancyromonadida_X.g:Ancyromonadida_Group-1_X",0,0,0,0,0,0,0,0,0,0,0,2,0,0,1,0,2,0,0,0,0,0,0,0,0
"OTU1108.p:Stramenopiles-Bigyra.g:Pseudodendromonadales_XX",1,0,0,0,1,0,0,0,0,1,0,0,1,0,1,0,2,0,0,0,0,0,0,0,0
"OTU1110.p:Tubulinea-Tubulinea_X.g:Nolandellidae_X",0,0,0,0,0,0,0,2,0,0,0,0,0,0,0,0,3,0,0,1,0,0,0,0,0
"OTU1111.p:Tubulinea-Tubulinea_X.g:Leptomyxa",0,0,0,0,1,0,1,0,0,0,0,0,0,0,0,0,0,0,0,0,0,0,0,0,0
"OTU1112.p:Alveolata-Ciliophora.g:Paratetrahymena",0,0,0,0,0,0,0,0,0,0,0,0,0,0,0,0,0,0,0,0,0,0,0,0,0
"OTU1113.p:Opisthokonta-Choanoflagellata.g:Monosiga",0,0,0,0,0,0,1,0,0,0,0,0,0,0,0,0,0,0,0,0,0,0,0,0,0
"OTU1121.p:Evosea-Evosea_X.g:Variosea_XXX",0,0,0,0,0,0,0,1,0,0,0,0,0,0,0,0,0,0,0,0,0,0,0,0,0
"OTU1123.p:Tubulinea-Tubulinea_X.g:Nolandellidae_X",0,0,0,0,1,0,0,0,0,0,0,0,1,0,0,0,0,0,0,0,0,0,0,0,0
"OTU1127.p:Stramenopiles-Bigyra.g:Pseudodendromonadales_XX",0,1,0,0,0,1,0,1,0,0,0,0,0,0,0,0,0,0,0,0,0,0,0,0,0
"OTU1128.p:Stramenopiles-Bigyra.g:Pseudodendromonadales_XX",0,0,0,0,1,0,0,1,0,0,0,0,0,0,0,0,0,1,0,0,0,0,0,0,0
"OTU1129.p:Chlorophyta-Chlorophyta_X.g:Chlorococcum",0,0,0,0,0,0,0,2,0,0,1,1,0,0,0,0,0,0,0,0,0,0,0,0,0
"OTU1131.p:Tubulinea-Tubulinea_X.g:Hartmannellidae_X",0,0,0,0,0,0,0,0,0,0,0,1,0,0,0,0,1,0,0,1,0,0,0,1,0
"OTU1132.p:Stramenopiles-Bigyra.g:Labyrinthulaceae_X",0,0,4,0,0,0,0,0,0,0,1,0,0,0,0,0,0,0,1,0,0,0,0,0,0
"OTU1133.p:Stramenopiles-Gyrista.g:Poterioochromonas",1,0,0,0,0,0,0,0,0,0,0,0,0,0,1,0,0,0,0,0,0,0,0,1,0
"OTU1134.p:Discosea-Discosea_X.g:Endostelium",0,2,0,2,2,0,0,1,1,0,1,4,0,1,1,0,4,4,1,3,0,0,0,0,0
"OTU1135.p:Alveolata-Ciliophora.g:Paralembus",0,0,0,0,0,0,0,0,1,0,0,0,0,0,2,0,0,0,0,0,0,0,0,0,0
"OTU1136.p:Alveolata-Apicomplexa.g:Xiphocephalus",0,0,0,0,0,114,0,0,0,0,0,0,0,0,1,0,0,0,0,0,0,0,0,0,0
"OTU1138.p:Opisthokonta-Opisthokonta_X.g:Opisthokonta_XXXXX",0,1,0,0,0,1,0,0,0,0,0,0,1,0,0,2,3,0,0,0,0,0,0,0,0
"OTU1139.p:Streptophyta-Streptophyta_X.g:Streptophyta_XXXXX",0,0,0,0,0,0,0,0,0,0,0,0,0,0,0,0,0,0,0,0,0,0,1,1,1
"OTU1140.p:Rhizaria-Cercozoa.g:Ligniera",0,0,0,0,0,1,0,0,0,0,0,0,1,0,0,0,0,1,2,0,0,0,0,0,0
"OTU1142.p:Cryptophyta-Cryptophyta_X.g:Cryptomonas",0,0,0,0,0,0,0,1,0,0,0,1,0,0,0,0,0,0,0,0,0,0,0,0,0
"OTU1144.p:Tubulinea-Tubulinea_X.g:Nolandellidae_X",0,0,0,0,0,0,0,0,0,2,0,0,0,0,0,1,0,1,0,0,0,0,0,0,0
"OTU1148.p:Stramenopiles-Gyrista.g:Aphanomyces",0,0,0,0,0,0,0,0,0,0,0,0,0,0,0,0,0,0,0,0,0,4,0,1,0
"OTU1149.p:Stramenopiles-Bigyra.g:Amphifilaceae_X",2,0,0,0,0,0,0,0,1,1,2,1,0,0,0,0,0,0,0,0,9,0,0,0,4
"OTU1150.p:Chlorophyta-Chlorophyta_X.g:Gungnir",1,0,0,0,0,0,0,0,0,1,0,0,0,0,0,0,0,0,0,0,0,0,0,0,0
"OTU1152.p:Evosea-Evosea_X.g:Variosea_XXX",0,0,0,0,0,0,1,0,1,0,2,0,2,0,1,1,0,4,2,3,0,0,0,0,0
"OTU1153.p:Tubulinea-Tubulinea_X.g:Rhizamoeba",0,0,0,0,0,0,0,0,0,0,0,0,0,66,0,0,0,0,0,0,0,0,0,0,0
"OTU1154.p:Rhizaria-Cercozoa.g:Euglyphida_XX",0,1,1,0,0,0,0,0,0,0,0,0,0,0,0,0,0,0,0,0,0,0,0,0,0
"OTU1155.p:Rhizaria-Cercozoa.g:Thaumatomonas",0,0,0,0,0,0,0,0,0,0,0,0,0,0,0,0,0,0,0,0,0,0,1,0,1
"OTU1156.p:Evosea-Evosea_X.g:Variosea_XXX",2,0,0,1,0,0,0,0,0,0,0,0,0,0,0,0,0,0,0,0,0,0,0,0,0
"OTU1157.p:Alveolata-Ciliophora.g:Pseudoholophrya",0,0,0,0,0,0,0,0,0,0,0,0,0,0,0,0,0,0,0,0,0,0,0,0,0
"OTU1158.p:Tubulinea-Tubulinea_X.g:Ptolemeba",0,0,0,0,0,0,0,0,0,0,0,0,0,0,0,0,0,0,0,0,0,0,0,0,0
"OTU1159.p:Evosea-Evosea_X.g:WIM5-lineage_X",0,0,0,0,0,1,0,0,0,1,0,1,0,0,0,0,2,0,0,1,0,0,0,0,0
"OTU1160.p:Tubulinea-Tubulinea_X.g:Echinamoeba",0,0,0,0,0,1,0,0,0,1,0,1,0,0,0,0,0,0,0,0,0,0,2,0,3
"OTU1161.p:Alveolata-Alveolata_X.g:Palustrimonas",0,3,0,0,2,0,0,1,0,0,0,0,0,0,1,0,0,0,0,0,0,0,0,0,0
"OTU1162.p:Stramenopiles-Bigyra.g:Anoeca",0,0,0,0,0,0,0,0,0,0,0,0,0,0,0,0,0,0,0,0,0,0,0,0,0
"OTU1163.p:Evosea-Evosea_X.g:Variosea_XXX",0,0,0,0,0,1,0,0,0,0,0,0,0,0,0,0,0,0,1,1,0,0,0,0,0
"OTU1164.p:Rhizaria-Cercozoa.g:Filoreta",0,0,0,0,0,0,0,0,0,0,0,0,0,0,0,0,0,0,0,0,0,0,0,0,0
"OTU1165.p:Discoba-Discoba_X.g:Paravahlkampfia",0,0,0,0,0,0,0,1,0,0,0,0,0,0,0,0,0,0,0,0,0,0,0,0,1
"OTU1166.p:Tubulinea-Tubulinea_X.g:Ptolemeba",0,0,0,0,0,0,0,0,0,0,0,0,1,0,0,0,0,0,0,0,0,0,0,0,0
"OTU1168.p:Tubulinea-Tubulinea_X.g:Leptomyxa",0,1,2,0,0,0,0,0,1,1,0,1,0,0,0,0,0,0,0,0,0,0,1,0,0
"OTU1171.p:Centroplasthelida-Centroplasthelida_X.g:Heterophrys",0,3,0,0,2,3,1,2,0,0,1,0,0,1,3,1,1,0,0,0,0,1,0,0,1
"OTU1172.p:Stramenopiles-Bigyra.g:Pseudodendromonadales_XX",0,0,1,0,0,0,0,2,0,0,0,0,0,0,0,0,0,0,0,0,0,0,0,0,0
"OTU1173.p:Stramenopiles-Bigyra.g:Labyrinthulaceae_X",0,0,2,1,0,0,0,0,0,0,0,0,0,0,0,0,0,0,0,0,0,0,0,0,0
"OTU1174.p:Tubulinea-Tubulinea_X.g:Nolandellidae_X",1,0,0,0,0,0,0,0,0,0,0,0,0,0,0,0,0,0,0,0,0,0,0,0,0
"OTU1175.p:Discosea-Discosea_X.g:Endostelium",0,1,0,3,0,0,0,0,0,0,1,0,0,1,0,3,0,1,2,2,1,0,0,0,0
"OTU1176.p:Evosea-Evosea_X.g:Ceratiomyxella",0,2,0,0,0,0,0,1,0,0,0,0,0,0,0,0,0,0,0,0,0,0,0,0,0
"OTU1177.p:Stramenopiles-Bigyra.g:Bicoecea_XXX",0,0,0,0,0,0,0,0,0,0,0,0,0,0,0,0,0,0,0,0,0,0,0,0,0
"OTU1178.p:Rhodelphidia-Rhodelphidia_X.g:Rhodelphis",0,0,0,0,0,0,0,0,0,0,0,0,0,0,0,0,0,0,0,0,0,0,0,0,0
"OTU1179.p:Stramenopiles-Gyrista.g:Amphitetras",0,0,0,0,0,1,1,0,2,0,0,0,1,0,0,0,0,0,0,1,0,0,0,0,0
"OTU1183.p:Alveolata-Ciliophora.g:Microthoracida_X",0,0,0,0,0,2,0,0,1,0,0,0,0,0,0,0,0,0,0,0,0,0,0,0,0
"OTU1184.p:Opisthokonta-Choanoflagellata.g:Salpingoecidae_Group_C3_X",0,0,0,0,0,0,1,1,0,0,1,1,0,1,0,0,0,0,0,0,0,0,2,0,0
"OTU1187.p:Evosea-Evosea_X.g:Flamella-lineage_X",1,0,0,0,1,0,0,0,1,0,0,0,0,0,0,1,1,1,0,0,0,0,0,0,0
"OTU1190.p:Stramenopiles-Gyrista.g:Ochromonadales_clade-XII_X",0,0,0,0,0,0,0,0,0,0,0,0,0,0,0,0,0,0,0,0,2,0,0,0,0
"OTU1191.p:Centroplasthelida-Centroplasthelida_X.g:Centroplasthelida_XXXXX",0,0,0,0,0,0,0,0,0,0,0,0,0,0,0,0,2,0,1,0,4,0,1,0,0
"OTU1193.p:Centroplasthelida-Centroplasthelida_X.g:Centroplasthelida_XXXXX",0,0,0,0,0,0,0,0,0,0,0,0,0,0,0,0,0,0,1,0,0,0,0,0,0
"OTU1194.p:Centroplasthelida-Centroplasthelida_X.g:Centroplasthelida_XXXXX",1,0,1,0,0,0,0,1,0,0,0,0,1,0,1,0,0,0,0,0,0,0,0,0,0
"OTU1195.p:Alveolata-Ciliophora.g:Platyophryida_X",0,2,0,0,0,1,0,0,0,0,0,0,0,0,0,0,1,0,0,0,0,0,0,0,0
"OTU1196.p:Tubulinea-Tubulinea_X.g:Ptolemeba",0,1,0,0,0,0,0,0,0,0,0,0,1,0,0,0,1,0,1,0,0,2,0,0,0
"OTU1197.p:Evosea-Evosea_X.g:AND16-lineage_X",1,0,0,0,1,0,0,0,0,0,0,0,0,1,0,3,1,0,0,0,0,0,1,0,0
"OTU1198.p:Tubulinea-Tubulinea_X.g:Ptolemeba",0,0,0,0,1,0,0,0,0,0,0,0,0,0,1,0,0,0,0,0,0,0,0,0,0
"OTU1199.p:Tubulinea-Tubulinea_X.g:Echinamoeba",0,0,0,0,0,0,0,0,0,0,0,0,0,0,0,0,0,0,0,0,0,0,5,0,0
"OTU1200.p:Stramenopiles-Gyrista.g:Peronosporomycetes_XXX",0,0,0,1,0,0,0,0,0,0,0,0,0,0,1,1,1,1,0,1,0,0,0,0,1
"OTU1201.p:Rhizaria-Cercozoa.g:Limnofila",0,0,0,2,0,0,0,0,0,0,0,0,0,0,0,1,1,0,0,1,0,0,0,0,0
"OTU1203.p:Alveolata-Ciliophora.g:Parakahliella",0,2,2,0,0,0,0,0,2,0,0,1,2,0,0,2,0,5,0,2,0,0,0,0,0
"OTU1205.p:Stramenopiles-Gyrista.g:Sellaphora",0,0,0,0,0,0,0,0,1,0,0,0,0,0,0,0,0,0,0,1,0,0,0,1,0
"OTU1206.p:Evosea-Evosea_X.g:AND16-lineage_X",1,0,1,0,0,0,1,0,0,1,0,0,0,0,0,0,0,0,0,0,0,1,1,0,1
"OTU1207.p:Tubulinea-Tubulinea_X.g:Echinamoeba",0,2,0,0,0,2,0,0,0,0,0,0,0,0,0,0,0,0,1,0,0,1,0,4,0
"OTU1208.p:Stramenopiles-Bigyra.g:Sorodiplophrys",0,0,0,0,0,0,0,0,0,0,0,0,0,0,0,0,1,1,1,0,0,0,0,0,0
"OTU1209.p:Evosea-Evosea_X.g:Mb5C-lineage_X",1,0,0,0,0,0,0,0,0,0,0,0,0,0,1,0,1,0,0,0,0,0,0,0,0
"OTU1211.p:Centroplasthelida-Centroplasthelida_X.g:Centroplasthelida_XXXXX",1,0,0,0,0,0,0,0,0,0,0,0,0,0,0,0,0,0,0,0,0,0,0,3,0
"OTU1212.p:Rhizaria-Cercozoa.g:Eocercomonas",0,0,0,0,0,0,0,0,0,0,0,0,0,0,0,1,0,0,0,0,0,1,0,0,1
"OTU1214.p:Alveolata-Ciliophora.g:Lacrymariidae_X",0,0,0,0,0,0,0,0,0,0,0,0,0,0,1,0,0,0,0,0,0,0,0,0,0
"OTU1216.p:Rhizaria-Cercozoa.g:Rhogostoma-lineage_X",0,0,0,3,0,0,0,0,0,0,1,0,0,0,0,1,0,0,0,0,0,0,0,0,1
"OTU1217.p:Alveolata-Apicomplexa.g:Monocystis",1,0,0,1,0,0,0,0,1,0,1,0,1,0,1,0,3,1,0,0,0,0,0,1,0
"OTU1219.p:Discosea-Discosea_X.g:Vermistella",0,0,0,0,0,0,0,0,0,0,0,0,0,1,0,0,0,0,0,0,0,0,0,0,0
"OTU1220.p:Alveolata-Ciliophora.g:Eschaneustyla",0,0,0,0,0,0,0,0,0,0,0,0,2,0,0,0,1,0,0,0,3,0,0,0,0
"OTU1221.p:Rhizaria-Cercozoa.g:Eocercomonas",0,0,0,0,0,0,0,0,0,2,1,0,0,0,1,0,1,0,2,0,3,0,0,0,2
"OTU1222.p:Evosea-Evosea_X.g:Schizoplasmodium",0,0,0,0,0,0,0,0,0,0,0,0,0,0,1,0,1,0,0,0,2,0,1,0,0
"OTU1223.p:Stramenopiles-Bigyra.g:Bicoecea_XXX",0,0,0,0,0,0,0,0,0,0,0,0,0,0,0,1,1,1,0,0,0,0,0,0,1
"OTU1228.p:Alveolata-Apicomplexa.g:Monocystis",0,0,0,0,0,0,2,0,0,0,0,0,11,0,0,0,0,0,0,0,0,0,0,0,0
"OTU1229.p:Alveolata-Ciliophora.g:Colpodidiidae_X",0,0,0,0,0,0,0,0,0,0,0,1,0,0,0,0,0,0,0,0,0,0,0,0,0
"OTU1230.p:Alveolata-Perkinsea.g:Perkinsida_XXX",0,0,0,0,0,0,0,0,0,0,0,0,0,0,0,0,0,0,1,0,0,0,0,0,0
"OTU1235.p:Alveolata-Ciliophora.g:Colpodida_X",0,0,0,0,0,0,0,0,0,0,0,0,0,0,0,0,0,0,0,0,0,0,0,0,0
"OTU1236.p:Opisthokonta-Choanoflagellata.g:Salpingoeca",0,0,0,0,0,0,0,0,0,0,0,0,0,0,0,0,0,0,0,0,0,0,0,0,0
"OTU1237.p:Alveolata-Ciliophora.g:Cyrtolophosidida_X",1,0,0,0,0,0,0,0,0,0,0,0,0,0,1,1,0,0,0,3,0,0,0,0,0
"OTU1238.p:Stramenopiles-Gyrista.g:Spumella",1,1,1,0,0,1,2,0,1,1,2,0,6,0,0,2,0,0,0,0,7,0,0,0,5
"OTU1239.p:Rhizaria-Cercozoa.g:Euglyphida_XX",1,0,0,0,0,0,0,0,0,0,0,0,0,0,0,0,0,0,0,1,0,0,0,0,0
"OTU1240.p:Evosea-Evosea_X.g:Filamoeba",0,0,0,0,0,0,0,0,0,0,0,0,0,0,0,0,0,0,0,0,0,0,0,0,0
"OTU1241.p:Opisthokonta-Pluriformea.g:Corallochytrium",0,0,0,0,0,0,0,0,0,0,0,0,0,0,0,0,0,0,0,0,0,0,0,0,0
"OTU1244.p:Chlorophyta-Chlorophyta_X.g:Desmodesmus",0,1,0,0,0,0,0,2,0,0,1,1,0,0,0,1,2,3,0,0,0,0,0,2,0
"OTU1245.p:Alveolata-Apicomplexa.g:Actinocephalidae_NEO1",0,0,0,0,0,0,0,0,0,0,82,0,0,0,0,0,0,0,0,0,0,0,0,0,0
"OTU1247.p:Alveolata-Ciliophora.g:Sessilida_X",0,0,0,0,0,0,0,0,0,0,0,0,0,0,0,0,0,0,0,0,0,0,0,0,0
"OTU1250.p:Rhizaria-Cercozoa.g:Allapsidae_X",0,2,1,1,0,0,0,0,0,0,1,0,0,0,0,0,0,0,0,1,2,1,1,0,0
"OTU1251.p:Stramenopiles-Bigyra.g:Amphifilaceae_X",0,0,0,0,0,0,0,0,0,0,0,0,0,0,0,1,1,0,0,0,0,2,0,0,0
"OTU1254.p:Opisthokonta-Ichthyosporea.g:Ichthyophonida_XXX",0,1,0,0,0,0,0,0,0,0,0,0,0,0,0,0,0,0,0,0,0,0,0,0,0
"OTU1255.p:Evosea-Evosea_X.g:Schizoplasmodiopsis",0,0,0,0,0,0,0,0,0,0,0,0,2,0,0,0,0,0,0,0,0,0,0,0,0
"OTU1256.p:Opisthokonta-Opisthokonta_X.g:Opisthokonta_XXXXX",0,0,0,0,1,0,0,0,0,0,0,0,0,0,0,0,0,0,0,0,0,1,0,0,0
"OTU1258.p:Evosea-Evosea_X.g:Variosea_XXX",0,0,0,0,0,0,0,0,0,0,0,0,0,0,0,0,0,0,0,0,0,0,0,0,0
"OTU1260.p:Evosea-Evosea_X.g:AND16-lineage_X",0,0,0,0,0,0,0,0,0,0,0,0,1,0,0,0,0,0,0,0,0,0,0,0,0
"OTU1261.p:Evosea-Evosea_X.g:Variosea_XXX",0,0,0,0,0,0,0,0,0,117,0,0,0,0,0,0,0,0,0,0,0,0,0,0,0
"OTU1262.p:Alveolata-Ciliophora.g:Platyophrya",0,0,0,0,0,0,0,0,0,0,0,0,0,5,0,0,0,0,0,0,0,0,0,0,0
"OTU1265.p:Tubulinea-Tubulinea_X.g:Nolandellidae_X",0,0,0,0,0,0,0,0,0,0,0,0,0,0,0,0,0,0,0,0,0,3,0,0,3
"OTU1266.p:Stramenopiles-Bigyra.g:MAST-12C",0,0,0,4,0,0,0,0,2,0,0,0,0,0,0,0,0,0,0,0,2,0,0,0,1
"OTU1267.p:Evosea-Evosea_X.g:Variosea_XXX",0,0,0,0,0,0,0,0,1,0,0,0,0,1,0,0,0,0,0,0,0,0,0,0,0
"OTU1268.p:Stramenopiles-Gyrista.g:Peronosporomycetes_XXX",0,2,0,0,1,2,0,0,0,0,1,0,0,0,0,0,0,0,0,1,0,0,0,0,0
"OTU1269.p:Chlorophyta-Chlorophyta_X.g:Chlamydomonas",0,0,0,0,1,0,0,0,0,0,0,0,0,0,1,0,0,0,0,0,0,0,0,0,0
"OTU1271.p:Evosea-Evosea_X.g:Ceratiomyxella",0,0,0,0,0,0,0,0,0,0,0,0,0,0,0,0,0,0,0,0,0,0,0,0,0
"OTU1272.p:Stramenopiles-Gyrista.g:Segregatospumellaceae_X",0,0,0,0,0,0,0,0,0,0,0,0,0,0,0,0,0,0,0,0,0,0,0,0,1
"OTU1274.p:Chlorophyta-Chlorophyta_X.g:Oedogonium",0,0,0,0,1,0,0,0,0,0,0,0,0,0,0,0,0,0,0,0,0,0,0,0,0
"OTU1277.p:Tubulinea-Tubulinea_X.g:Copromyxa",0,0,0,0,0,0,0,0,0,2,0,0,0,0,0,0,0,0,0,0,0,0,0,0,0
"OTU1278.p:Tubulinea-Tubulinea_X.g:Nolandellidae_X",1,0,0,0,0,0,0,0,0,0,0,0,0,0,0,0,1,0,1,1,0,0,0,0,0
"OTU1280.p:Evosea-Evosea_X.g:Variosea_XXX",0,0,0,0,0,0,0,1,0,0,1,0,1,0,2,1,1,2,1,0,6,4,0,0,0
"OTU1282.p:Alveolata-Ciliophora.g:Dileptus",0,0,2,0,0,1,0,0,0,0,0,0,1,0,0,1,0,1,0,0,0,0,1,0,0
"OTU1284.p:Opisthokonta-Choanoflagellata.g:Salpingoeca",0,0,0,0,0,0,0,0,2,0,0,0,0,0,0,0,0,0,0,0,0,0,0,0,0
"OTU1286.p:Rhizaria-Cercozoa.g:Mesofilidae_X",0,0,0,0,0,0,0,0,0,0,0,0,0,0,0,0,0,0,0,1,0,0,0,1,0
"OTU1287.p:Stramenopiles-Bigyra.g:Amphifilaceae_X",0,0,0,0,0,0,1,0,0,0,0,2,0,0,0,0,0,0,0,0,0,0,0,0,0
"OTU1288.p:Stramenopiles-Bigyra.g:Pseudodendromonadales_XX",0,0,0,0,0,0,0,0,1,0,3,0,1,0,0,0,0,1,0,0,0,0,0,0,1
"OTU1289.p:Evosea-Evosea_X.g:Flamella-lineage_X",0,0,0,0,0,0,0,0,0,0,0,0,0,0,0,0,0,0,0,0,0,0,0,0,0
"OTU1290.p:Centroplasthelida-Centroplasthelida_X.g:Heterophrys",0,0,0,0,0,0,2,0,0,0,0,1,0,0,0,0,0,0,0,0,0,0,0,0,0
"OTU1293.p:Tubulinea-Tubulinea_X.g:Nolandellidae_X",0,0,1,2,0,0,0,0,0,0,0,0,0,0,0,0,0,0,0,0,0,0,0,0,0
"OTU1294.p:Evosea-Evosea_X.g:Angulamoeba",0,0,0,0,0,0,0,0,0,0,1,2,0,0,0,0,0,0,1,0,6,0,0,0,0
"OTU1295.p:Alveolata-Ciliophora.g:Dileptidae_X",0,0,0,0,0,0,0,1,0,0,0,0,0,0,0,0,0,0,0,0,0,0,0,0,0
"OTU1296.p:Evosea-Evosea_X.g:Tychosporium",0,0,0,0,0,3,0,0,0,0,0,0,1,0,0,0,0,0,0,0,0,0,0,0,0
"OTU1298.p:Stramenopiles-Bigyra.g:Aurantiochytrium",0,0,0,0,0,0,0,0,0,0,0,0,0,0,0,0,0,0,0,0,0,1,0,0,2
"OTU1299.p:Evosea-Evosea_X.g:Variosea_XXX",0,0,0,0,0,0,0,0,0,0,0,0,0,0,0,0,0,0,0,0,0,0,0,0,0
"OTU1301.p:Rhizaria-Cercozoa.g:Clathrulinidae_X",0,0,0,0,0,0,1,0,0,0,0,0,0,0,0,0,0,0,0,0,0,0,0,1,0
"OTU1302.p:Rhizaria-Cercozoa.g:Glissomonadida_XX",0,0,0,0,0,0,0,0,0,6,0,0,0,0,2,0,0,0,0,0,6,0,0,0,0
"OTU1303.p:Alveolata-Ciliophora.g:Litostomatea_XXX",0,0,0,0,0,0,0,0,0,0,0,0,0,0,0,0,0,0,0,0,0,0,0,0,0
"OTU1304.p:Stramenopiles-Gyrista.g:Nitzschia",0,0,0,1,0,0,0,0,0,0,1,0,0,0,0,0,0,0,0,0,0,0,0,0,1
"OTU1306.p:Evosea-Evosea_X.g:Tychosporium",0,0,0,0,0,0,0,0,0,0,0,0,0,0,1,0,0,0,0,0,0,0,0,0,0
"OTU1307.p:Haptophyta-Haptophyta_X.g:Haptophyta_XXXXX",0,0,0,0,0,0,0,0,0,0,0,0,0,0,0,1,0,0,0,0,0,0,0,0,0
"OTU1308.p:Tubulinea-Tubulinea_X.g:Flabellula",2,0,0,0,1,0,1,0,0,0,0,5,0,1,1,0,0,0,1,1,0,0,0,0,0
"OTU1309.p:Evosea-Eumycetozoa.g:Dictyostelium-Group-IV",0,0,0,0,0,1,0,0,0,0,0,0,0,0,0,0,0,0,0,0,0,0,0,0,0
"OTU1310.p:Alveolata-Ciliophora.g:Colpodida_X",0,1,0,7,0,0,1,0,2,3,0,0,5,0,0,0,0,0,0,0,0,0,0,0,0
"OTU1311.p:Evosea-Evosea_X.g:Variosea_XXX",0,0,0,0,0,0,0,0,0,0,0,0,1,0,0,0,0,0,0,0,0,1,0,0,4
"OTU1312.p:Evosea-Evosea_X.g:Ceratiomyxella",0,0,0,0,1,1,1,0,0,1,0,1,4,0,0,0,0,1,0,0,0,0,2,1,2
"OTU1313.p:Opisthokonta-Choanoflagellata.g:Monosigidae_Group_O_X",0,0,0,0,0,0,0,0,0,0,0,0,0,0,0,0,0,1,0,0,0,0,0,0,0
"OTU1314.p:Rhizaria-Cercozoa.g:Tracheleuglypha",0,0,0,0,0,0,0,0,0,0,1,0,0,0,0,0,0,0,0,0,0,0,0,0,0
"OTU1315.p:Rhizaria-Cercozoa.g:Vampyrella",0,0,0,0,0,0,0,0,0,0,0,0,0,0,0,0,0,0,0,0,0,0,5,0,0
"OTU1316.p:Evosea-Evosea_X.g:Ceratiomyxella",0,0,0,0,0,0,0,0,0,0,0,0,0,0,0,0,0,0,0,0,0,0,0,0,0
"OTU1319.p:Discosea-Discosea_X.g:Dermamoebidae_X",0,0,0,1,0,0,0,3,0,1,1,0,0,0,0,0,2,2,0,0,0,0,0,0,0
"OTU1320.p:Alveolata-Ciliophora.g:Rurikoplites",0,0,0,0,0,0,0,0,0,0,0,0,1,0,0,1,0,2,0,1,0,1,0,0,0
"OTU1321.p:Evosea-Evosea_X.g:Phalansterium",0,0,0,0,0,0,0,0,0,0,0,0,0,1,0,0,0,0,0,0,5,0,0,0,0
"OTU1322.p:Evosea-Evosea_X.g:Ceratiomyxella",1,0,1,0,0,0,0,0,1,0,0,0,0,0,1,1,0,1,0,0,0,0,0,0,0
"OTU1323.p:Tubulinea-Tubulinea_X.g:Copromyxa",0,0,0,1,0,0,1,0,0,0,0,0,0,0,0,0,1,0,0,0,0,0,2,0,0
"OTU1325.p:Tubulinea-Tubulinea_X.g:LOS7N/I-lineage_X",0,0,0,0,0,0,0,0,0,0,0,0,0,0,0,0,0,0,0,0,0,0,0,0,0
"OTU1326.p:Rhizaria-Cercozoa.g:Paracercomonas",0,0,0,0,0,1,3,0,0,0,1,0,0,0,0,0,0,0,0,1,0,0,0,0,1
"OTU1328.p:Alveolata-Ciliophora.g:Rurikoplites",0,0,0,0,0,0,0,0,0,0,0,0,0,0,0,0,0,0,0,0,1,0,0,0,0
"OTU1330.p:Evosea-Evosea_X.g:Soliformovum",0,0,0,0,0,0,0,0,0,0,0,0,2,0,0,0,0,0,0,0,0,0,0,0,0
"OTU1332.p:Rhizaria-Cercozoa.g:Thalassomyxa-lineage_X",0,0,0,0,0,0,0,0,0,0,0,3,0,0,0,0,0,0,0,0,0,1,0,0,0
"OTU1333.p:Alveolata-Ciliophora.g:Colpoda",0,0,0,0,0,0,0,0,0,1,0,2,0,0,0,0,0,0,0,0,0,0,0,0,0
"OTU1334.p:Tubulinea-Tubulinea_X.g:Echinamoeba",0,0,0,0,1,0,3,0,0,0,0,0,0,0,0,0,0,0,0,0,0,0,0,0,0
"OTU1335.p:Evosea-Evosea_X.g:Filamoeba",0,0,0,0,0,0,0,0,0,0,0,0,0,0,0,0,0,0,0,0,0,0,0,0,0
"OTU1339.p:Rhizaria-Cercozoa.g:Rhogostoma-lineage_X",0,0,0,0,0,0,0,0,0,0,0,0,0,0,0,0,0,0,0,0,0,0,0,0,2
"OTU1341.p:Stramenopiles-Bigyra.g:Siluania",0,0,0,0,0,0,0,0,0,0,0,0,0,0,2,0,0,0,0,0,1,0,0,0,1
"OTU1342.p:Evosea-Evosea_X.g:Variosea_XXX",0,0,0,0,0,0,0,0,0,0,0,0,0,0,0,0,0,0,0,0,0,2,0,0,0
"OTU1344.p:Rhizaria-Cercozoa.g:Glissomonadida_Clade-Y_X",0,0,0,0,0,0,0,0,0,0,0,0,0,0,0,0,0,0,0,0,3,0,0,2,1
"OTU1347.p:Tubulinea-Tubulinea_X.g:Ptolemeba",0,0,0,0,0,0,0,0,0,0,0,0,0,0,0,0,0,1,0,0,0,0,0,0,0
"OTU1351.p:Stramenopiles-Gyrista.g:Ochromonadales_XX",0,0,0,1,0,0,0,0,0,0,0,1,0,0,0,0,0,0,0,1,0,0,2,3,1
"OTU1353.p:Streptophyta-Streptophyta_X.g:Streptophyta_XXXXX",0,0,0,0,0,0,0,0,0,0,0,0,0,0,0,0,0,0,0,0,0,2,0,0,1
"OTU1354.p:Evosea-Evosea_X.g:Variosea_XXX",1,0,0,0,0,0,1,0,0,0,0,1,0,0,0,0,3,1,0,0,0,0,3,0,2
"OTU1355.p:Stramenopiles-Bigyra.g:Pseudodendromonadales_XX",0,0,0,0,0,0,0,2,0,0,0,0,0,0,0,0,0,0,0,0,1,0,0,0,0
"OTU1356.p:Evosea-Evosea_X.g:Variosea_XXX",1,0,0,0,0,0,0,0,2,0,0,0,0,0,0,0,0,0,0,0,0,0,0,0,0
"OTU1358.p:Evosea-Evosea_X.g:WIM1-lineage_X",0,0,0,0,0,0,0,0,0,0,0,0,0,0,0,0,0,0,0,0,0,1,1,0,2
"OTU1359.p:Breviatea-Breviatea_X.g:NAMAKO-1-lineage_XXX",0,0,1,0,0,1,0,0,0,0,0,0,0,0,0,0,2,0,0,1,0,3,0,0,0
"OTU1360.p:Alveolata-Dinoflagellata.g:Dinophyceae_XXX",0,0,0,0,0,0,0,0,0,1,0,0,0,0,0,0,0,0,0,0,0,0,2,0,0
"OTU1363.p:Evosea-Evosea_X.g:Filamoeba",0,0,0,0,0,0,0,0,0,0,0,0,0,0,0,0,0,0,0,2,0,0,0,0,0
"OTU1364.p:Alveolata-Ciliophora.g:Platyophryida_X",0,0,0,0,0,0,0,0,0,0,1,0,0,0,0,0,0,0,0,0,0,0,0,0,0
"OTU1365.p:Rhizaria-Cercozoa.g:Paracercomonas",0,0,0,0,0,0,0,0,0,0,0,0,0,0,0,0,0,0,0,0,0,0,0,0,0
"OTU1366.p:Evosea-Evosea_X.g:Filamoeba",0,0,0,0,0,0,0,0,0,0,0,0,0,0,0,0,0,0,0,0,0,0,0,0,0
"OTU1367.p:Alveolata-Ciliophora.g:Colpodida_X",0,0,0,0,0,0,0,1,0,0,0,0,0,0,0,0,0,0,0,1,0,0,0,0,0
"OTU1368.p:Stramenopiles-Bigyra.g:Aplanochytrium",0,0,0,1,0,0,1,0,0,0,1,0,0,0,0,0,0,0,0,0,0,0,0,0,0
"OTU1371.p:Chlorophyta-Chlorophyta_X.g:Choricystis",0,0,0,1,0,0,0,0,0,0,0,0,0,0,0,0,0,0,0,0,0,0,0,0,0
"OTU1374.p:Stramenopiles-Bigyra.g:Labyrinthulaceae_X",0,1,0,1,1,3,4,0,0,3,0,1,0,0,1,3,7,1,3,2,0,0,0,0,0
"OTU1375.p:Tubulinea-Tubulinea_X.g:Nolandellidae_X",0,0,0,0,0,0,1,0,0,1,1,0,0,0,0,0,0,0,0,0,0,0,0,0,0
"OTU1376.p:Stramenopiles-Bigyra.g:Amphifilaceae_X",0,0,0,0,0,0,0,0,0,0,0,0,0,0,0,2,3,0,0,0,0,0,0,0,0
"OTU1377.p:Tubulinea-Tubulinea_X.g:Copromyxa",0,0,0,0,0,0,0,0,0,0,0,0,0,0,0,0,1,0,0,0,0,0,0,0,0
"OTU1379.p:Tubulinea-Tubulinea_X.g:Nolandellidae_X",0,1,0,0,1,0,0,0,0,0,0,0,0,1,0,0,0,0,0,0,0,0,3,0,1
"OTU1380.p:Evosea-Evosea_X.g:AND16-lineage_X",0,0,0,0,0,1,0,0,0,0,1,0,0,0,0,0,2,0,0,1,0,1,0,1,0
"OTU1381.p:Tubulinea-Tubulinea_X.g:Saccamoeba",0,2,0,0,0,0,0,0,0,0,0,0,0,0,0,0,0,0,1,0,0,0,0,0,0
"OTU1385.p:Alveolata-Ciliophora.g:Colpoda",0,0,0,0,0,0,0,0,1,0,0,0,0,1,2,0,0,0,0,0,0,0,0,0,0
"OTU1386.p:Stramenopiles-Bigyra.g:Amphifilaceae_X",0,1,0,0,0,0,0,0,1,0,0,0,0,0,0,0,0,0,0,0,0,0,0,0,0
"OTU1387.p:Rhizaria-Cercozoa.g:Eocercomonas",0,0,0,0,0,0,0,1,0,0,0,0,0,0,0,0,1,0,0,0,0,0,0,0,1
"OTU1388.p:Stramenopiles-Gyrista.g:Albugo",0,0,0,0,0,0,0,0,0,0,0,0,0,0,0,0,0,0,0,0,0,0,0,0,0
"OTU1392.p:Evosea-Evosea_X.g:Angulamoeba",0,0,0,0,0,0,0,0,0,0,0,0,0,3,0,0,0,0,0,0,0,0,4,0,1
"OTU1393.p:Tubulinea-Tubulinea_X.g:Flabellula",0,0,0,0,0,0,0,0,0,0,0,1,0,0,0,0,0,0,0,0,0,0,0,0,0
"OTU1394.p:Stramenopiles-Gyrista.g:Bumilleriopsis",0,0,0,0,0,0,0,0,0,0,0,0,0,0,1,1,0,2,0,0,0,0,0,0,0
"OTU1395.p:Stramenopiles-Gyrista.g:Bacillariophyceae_XXX",0,0,0,0,0,0,0,0,0,1,0,0,0,0,0,2,1,0,0,0,0,0,0,0,0
"OTU1397.p:Evosea-Evosea_X.g:Variosea_XXX",0,0,1,0,0,0,0,0,0,0,0,0,0,0,0,0,0,0,0,0,0,0,0,0,0
"OTU1398.p:Tubulinea-Tubulinea_X.g:Rhizamoeba",0,0,0,0,0,0,0,0,0,4,0,0,0,0,0,0,0,0,0,0,0,0,0,0,0
"OTU1399.p:Rhizaria-Cercozoa.g:Group-Te",0,0,0,0,0,0,0,0,0,0,0,1,0,0,0,0,0,0,0,0,0,0,2,0,0
"OTU1400.p:Alveolata-Ciliophora.g:Hausmanniella",0,0,0,0,0,1,0,0,0,1,1,0,0,0,0,0,0,0,0,0,0,0,0,0,0
"OTU1401.p:Rhizaria-Cercozoa.g:Thaumatomonas",0,0,1,0,0,0,0,0,1,0,0,0,0,0,0,0,0,0,0,0,0,1,0,0,0
"OTU1402.p:Tubulinea-Tubulinea_X.g:Saccamoeba",2,0,0,0,0,2,0,0,0,0,0,0,0,0,0,0,0,0,1,0,0,2,0,0,0
"OTU1406.p:Stramenopiles-Gyrista.g:Pythium",0,2,1,1,2,0,1,0,1,3,2,2,0,1,3,1,1,0,2,1,7,1,1,0,2
"OTU1407.p:Stramenopiles-Bigyra.g:Labyrinthulaceae_X",0,0,1,1,0,0,0,1,0,0,2,0,0,0,0,0,0,0,0,0,0,0,0,0,0
"OTU1408.p:Rhizaria-Cercozoa.g:Eocercomonas",0,0,0,0,1,0,0,0,0,0,0,0,0,0,0,0,0,0,1,0,0,0,1,0,1
"OTU1410.p:Alveolata-Ciliophora.g:Platyophrya",0,0,0,0,0,0,0,0,6,0,1,0,1,0,0,0,0,0,0,0,0,0,0,1,0
"OTU1411.p:Tubulinea-Tubulinea_X.g:Nolandellidae_X",1,0,0,0,0,0,1,0,0,0,0,0,0,0,0,0,0,0,0,0,0,0,0,4,2
"OTU1412.p:Chlorophyta-Chlorophyta_X.g:Carteria",0,0,0,0,0,0,0,0,0,0,0,0,0,0,0,0,0,0,0,0,0,0,0,0,0
"OTU1413.p:Rhizaria-Cercozoa.g:Allantion",0,0,0,0,0,0,0,0,0,2,0,0,0,0,0,0,2,0,0,0,0,0,0,0,0
"OTU1414.p:Rhizaria-Cercozoa.g:Allantion",0,0,0,0,0,0,0,0,0,0,0,0,0,0,0,0,0,0,0,0,0,1,0,2,0
"OTU1417.p:Rhizaria-Cercozoa.g:Sandonidae_X",0,0,0,0,3,1,0,0,0,2,0,1,3,1,1,3,2,1,1,1,0,1,1,0,0
"OTU1418.p:Stramenopiles-Bigyra.g:Fibrophrys",0,0,0,0,0,1,0,0,0,0,0,0,1,0,0,0,0,0,0,0,0,0,0,0,0
"OTU1419.p:Stramenopiles-Bigyra.g:Pseudodendromonadales_XX",0,0,0,0,0,0,0,0,0,0,0,0,0,0,0,0,0,0,0,0,0,0,0,0,0
"OTU1420.p:Chlorophyta-Chlorophyta_X.g:Tetracystis",0,0,0,3,0,0,0,0,0,1,0,0,0,0,2,0,0,0,0,0,0,0,0,0,0
"OTU1421.p:Apusomonada-Apusomonada_X.g:Apusomonas",0,1,0,0,0,0,0,0,0,0,0,0,1,0,0,0,0,0,0,1,0,0,0,0,0
"OTU1425.p:Tubulinea-Tubulinea_X.g:Rhizamoeba",0,0,0,0,0,0,0,0,0,0,0,0,0,0,1,0,0,0,0,0,0,0,0,0,0
"OTU1426.p:Stramenopiles-Gyrista.g:Hantzschia",0,0,0,1,0,0,0,0,0,0,0,0,0,0,0,0,0,0,0,0,0,0,0,0,0
"OTU1427.p:Tubulinea-Tubulinea_X.g:Nolandellidae_X",0,0,0,0,0,0,1,0,0,0,0,0,0,0,0,0,0,0,0,0,0,0,0,0,0
"OTU1428.p:Evosea-Evosea_X.g:Flamella",0,0,0,0,0,0,0,0,0,0,0,0,0,0,0,0,0,0,0,0,0,0,0,0,0
"OTU1430.p:Alveolata-Ciliophora.g:Spathidium",1,2,0,0,0,0,1,1,1,0,0,0,0,0,1,1,0,0,0,0,0,0,0,0,0
"OTU1433.p:Tubulinea-Tubulinea_X.g:Phryganella",0,0,0,0,0,0,0,2,0,0,0,0,0,0,0,0,0,0,0,0,0,0,0,0,0
"OTU1434.p:Evosea-Evosea_X.g:Ceratiomyxella",0,1,0,0,0,0,0,0,0,0,0,0,0,2,0,0,0,0,0,0,0,2,3,0,0
"OTU1435.p:Alveolata-Perkinsea.g:Perkinsida_XXX",0,0,0,0,0,0,0,0,0,0,0,0,0,0,0,0,0,0,0,0,1,0,1,2,0
"OTU1438.p:Rhizaria-Cercozoa.g:Vampyrellida_clade_B",0,0,0,0,0,0,0,0,0,0,0,0,0,0,0,0,0,0,0,0,0,0,0,0,0
"OTU1439.p:Rhizaria-Cercozoa.g:Metabolomonas",0,2,0,0,0,0,1,0,0,0,0,0,1,0,0,0,0,0,0,1,0,0,0,0,1
"OTU1440.p:Evosea-Evosea_X.g:Variosea_XXX",1,1,0,3,0,1,7,14,0,4,2,0,5,0,3,0,0,0,0,0,0,2,0,0,1
"OTU1441.p:Evosea-Evosea_X.g:Variosea_XXX",0,0,0,0,0,0,0,0,1,0,0,0,0,0,0,0,0,0,0,0,0,0,0,0,0
"OTU1443.p:Stramenopiles-Stramenopiles_X.g:Stramenopiles_X-Group-7_XXX",0,0,0,1,0,0,0,0,0,0,0,1,0,0,0,1,0,0,0,1,0,0,0,0,0
"OTU1445.p:Alveolata-Ciliophora.g:Chilodonellidae_X",0,0,0,0,0,0,0,0,0,0,0,0,0,1,0,0,0,0,0,0,0,0,0,0,0
"OTU1447.p:Tubulinea-Tubulinea_X.g:Rhizamoeba",0,0,0,0,0,0,0,0,0,1,0,0,0,0,0,0,0,0,0,0,0,0,0,1,1
"OTU1449.p:Ancyromonadida-Ancyromonadida_X.g:Ancyromonadida_Group-1_X",0,0,0,0,0,0,0,0,0,0,0,0,0,0,0,0,0,0,0,0,0,0,0,0,0
"OTU1450.p:Stramenopiles-Bigyra.g:Amphifilaceae_X",0,0,0,0,0,0,0,0,0,0,0,0,0,0,0,0,0,0,0,0,0,0,0,0,0
"OTU1452.p:Rhizaria-Cercozoa.g:Sandona",0,0,0,0,0,0,0,0,0,0,0,1,0,0,0,0,0,0,0,0,0,0,0,0,0
"OTU1453.p:Rhizaria-Cercozoa.g:Glissomonadida_XX",0,0,0,0,0,0,0,0,0,0,0,0,0,0,0,0,0,0,0,0,0,0,0,0,0
"OTU1454.p:Evosea-Evosea_X.g:Ceratiomyxella",0,0,0,0,0,0,0,0,2,0,0,3,1,0,0,0,0,0,0,0,0,0,0,0,0
"OTU1455.p:Tubulinea-Tubulinea_X.g:Flabellulidae_X",0,2,5,0,0,0,0,0,0,0,3,0,2,0,0,0,0,0,0,0,0,0,0,0,0
"OTU1456.p:Tubulinea-Tubulinea_X.g:Hartmannella",0,0,0,0,0,0,0,1,0,0,0,0,0,0,2,0,0,0,0,0,0,0,0,0,0
"OTU1458.p:Rhizaria-Cercozoa.g:Thalassomyxa",0,0,0,0,0,0,0,1,0,0,0,0,0,0,0,1,0,0,0,1,0,3,0,0,0
"OTU1459.p:Alveolata-Ciliophora.g:Pseudourostyla",0,0,0,0,0,0,0,0,0,1,0,0,0,0,0,0,0,0,0,2,0,0,0,0,0
"OTU1460.p:Tubulinea-Tubulinea_X.g:Leptomyxa",1,0,0,0,0,0,0,0,0,1,0,0,0,0,0,0,0,0,0,0,0,0,0,0,0
"OTU1461.p:Chlorophyta-Chlorophyta_X.g:Pediastrum",0,0,0,0,0,0,0,0,0,0,0,0,0,0,0,0,0,0,0,0,0,0,0,0,0
"OTU1465.p:Evosea-Evosea_X.g:Variosea_XXX",0,0,0,0,0,0,0,0,0,0,0,0,0,0,1,3,0,0,0,1,3,0,0,0,0
"OTU1466.p:Tubulinea-Tubulinea_X.g:Nolandellidae_X",0,0,0,0,0,0,0,0,0,1,0,0,2,0,0,0,0,0,0,0,0,0,0,0,0
"OTU1468.p:Chlorophyta-Chlorophyta_X.g:Chlamydomonadales_XX",1,0,0,0,1,0,0,3,0,0,0,0,0,0,0,0,1,0,0,0,0,2,0,0,0
"OTU1469.p:Evosea-Evosea_X.g:Flamella",0,0,0,0,0,0,0,0,0,0,0,0,0,0,0,0,0,0,0,0,0,0,0,0,0
"OTU1470.p:Stramenopiles-Gyrista.g:Skeletonema",0,2,0,0,1,0,0,0,0,0,0,0,0,0,0,0,0,0,0,0,0,0,0,0,0
"OTU1471.p:Opisthokonta-Pluriformea.g:Corallochytrium",0,0,0,0,0,0,0,0,0,0,0,0,0,0,0,0,0,0,0,0,0,0,0,0,0
"OTU1473.p:Evosea-Evosea_X.g:Tychosporium",1,0,0,0,0,0,0,0,0,0,0,0,0,0,0,0,0,0,0,0,0,0,0,0,0
"OTU1475.p:Alveolata-Dinoflagellata.g:Dinophyceae_XXX",0,0,0,0,0,0,1,0,0,0,0,0,0,0,0,0,0,0,0,0,0,0,0,1,0
"OTU1477.p:Chlorophyta-Chlorophyta_X.g:Chlorococcum",0,0,0,0,0,0,0,0,0,0,0,0,0,0,1,0,0,0,0,0,0,0,0,0,0
"OTU1479.p:Stramenopiles-Bigyra.g:Fibrophrys",0,0,0,0,0,0,0,0,0,0,0,0,0,0,0,1,3,1,0,1,0,0,0,0,0
"OTU1481.p:Rhizaria-Cercozoa.g:Sandonidae_X",0,0,0,0,0,0,0,0,0,0,0,0,0,0,0,1,0,0,2,1,0,1,0,0,0
"OTU1483.p:Rhizaria-Cercozoa.g:Euglyphida_XX",1,0,0,0,0,0,0,0,0,0,0,0,0,0,0,0,0,0,0,0,0,0,0,0,0
"OTU1484.p:Tubulinea-Tubulinea_X.g:Rhizamoeba",0,0,0,0,0,0,0,0,0,0,0,0,0,0,0,0,0,0,1,0,0,1,0,0,1
"OTU1486.p:Alveolata-Apicomplexa.g:Monocystis",0,0,0,0,0,0,0,0,0,0,0,0,0,0,0,0,0,0,0,0,0,0,0,0,0
"OTU1487.p:Breviatea-Breviatea_X.g:Breviatea_XXXXX",0,0,0,0,0,0,0,0,0,0,0,0,0,0,0,0,0,0,0,1,0,0,0,0,0
"OTU1488.p:Tubulinea-Tubulinea_X.g:Copromyxa",0,0,0,0,0,0,0,0,0,0,0,1,0,0,0,0,0,1,1,0,0,0,0,0,0
"OTU1489.p:Stramenopiles-Bigyra.g:Labyrinthula",0,0,0,0,0,0,0,0,0,0,0,0,0,0,0,0,0,0,0,0,0,0,0,0,0
"OTU1490.p:Stramenopiles-Gyrista.g:Chrysophyceae_Clade-EC2H_XX",0,0,3,0,0,0,0,0,0,0,0,0,0,0,0,0,0,0,0,0,0,0,0,0,0
"OTU1491.p:Alveolata-Ciliophora.g:Cyrtolophosidida_X",0,0,0,0,1,0,0,0,0,0,0,0,0,0,1,0,0,0,2,0,0,0,0,0,0
"OTU1493.p:Tubulinea-Tubulinea_X.g:Nolandellidae_X",0,1,0,0,0,0,0,0,0,0,0,0,0,0,0,0,0,0,0,0,0,0,0,0,0
"OTU1494.p:Rhizaria-Cercozoa.g:Paracercomonas",0,0,1,0,0,0,0,0,0,0,0,0,0,0,0,0,0,0,0,0,1,0,2,0,1
"OTU1495.p:Evosea-Evosea_X.g:Variosea_XXX",0,0,1,0,0,0,0,0,0,0,0,0,0,0,0,0,0,0,0,0,0,0,0,0,0
"OTU1496.p:Tubulinea-Tubulinea_X.g:Echinamoeba",0,0,0,0,0,0,1,0,1,0,0,0,0,0,1,0,0,0,0,0,0,2,1,2,1
"OTU1497.p:Rhizaria-Cercozoa.g:Paracercomonas",0,0,0,1,0,0,0,0,0,1,4,0,0,0,0,0,0,0,0,0,2,0,2,0,2
"OTU1498.p:Alveolata-Ciliophora.g:Enchelys",0,0,0,2,0,0,0,0,0,1,1,0,2,0,0,2,3,1,0,0,1,0,0,0,0
"OTU1499.p:Rhizaria-Cercozoa.g:Cercomonadidae_X",0,1,0,0,0,0,0,0,0,0,0,0,0,1,0,0,0,0,0,0,4,0,0,0,1
"OTU1500.p:Alveolata-Ciliophora.g:Colpoda",0,0,0,0,0,0,0,0,0,0,0,0,0,0,0,0,0,0,0,0,1,0,0,0,0
"OTU1501.p:Tubulinea-Tubulinea_X.g:Hartmannellidae_X",0,0,0,0,0,0,0,0,0,0,0,2,0,0,1,0,0,0,0,1,0,1,0,0,1
"OTU1503.p:Rhizaria-Cercozoa.g:Nucleocercomonas",0,0,0,0,0,0,0,0,2,0,0,0,0,2,0,3,0,0,0,0,0,0,0,0,2
"OTU1507.p:Alveolata-Ciliophora.g:Metopus_2",0,0,0,0,0,0,0,0,0,0,0,0,0,0,1,0,0,0,0,0,0,0,0,0,0
"OTU1508.p:Evosea-Evosea_X.g:Variosea_XXX",0,0,0,0,0,0,0,0,0,0,0,0,0,0,0,0,0,0,0,0,0,0,0,0,0
"OTU1509.p:Evosea-Evosea_X.g:Ceratiomyxella",0,0,0,0,1,0,0,0,0,0,0,0,0,0,1,0,0,0,0,0,1,0,0,0,0
"OTU1510.p:Rhodophyta-Rhodophyta_X.g:Cyanidiales_XX",0,0,0,0,0,1,0,0,0,0,0,0,0,0,0,0,0,0,0,0,0,0,0,0,0
"OTU1511.p:Stramenopiles-Gyrista.g:Skeletonema",0,0,0,0,0,0,0,0,0,0,0,0,0,0,0,0,0,0,0,0,0,0,0,0,0
"OTU1514.p:Alveolata-Ciliophora.g:Platynematum",0,0,0,0,0,0,0,1,0,0,0,0,0,0,0,2,0,0,0,0,0,0,0,0,0
"OTU1515.p:Tubulinea-Tubulinea_X.g:Glaeseria",0,0,0,0,0,0,0,0,0,0,0,0,0,0,0,0,3,0,0,0,0,0,0,0,0
"OTU1516.p:Alveolata-Apicomplexa.g:Xiphocephalus",0,0,0,0,0,0,0,0,0,0,1,0,0,0,0,0,0,0,0,1,0,0,0,0,0
"OTU1517.p:Stramenopiles-Gyrista.g:Peronosporomycetes_XXX",0,0,0,0,0,0,0,0,1,0,0,0,0,0,0,0,0,0,0,0,0,0,0,0,0
"OTU1518.p:Rhizaria-Cercozoa.g:Spongospora",2,0,0,0,0,0,0,0,0,0,0,0,0,0,0,0,0,0,0,1,0,0,0,0,0
"OTU1519.p:Tubulinea-Tubulinea_X.g:Tubulinea_XXXXX",0,0,0,0,0,0,0,0,0,0,0,0,0,0,0,0,0,0,0,0,0,0,7,0,0
"OTU1520.p:Rhizaria-Cercozoa.g:Neocercomonas",0,0,0,0,0,0,0,0,0,0,0,1,1,0,0,0,0,0,0,2,0,0,0,0,0
"OTU1521.p:Centroplasthelida-Centroplasthelida_X.g:Centroplasthelida_XXXXX",0,0,0,0,0,0,2,0,0,0,0,0,0,0,0,0,0,0,0,0,0,0,0,0,0
"OTU1525.p:Alveolata-Ciliophora.g:OLIGO6_XX",0,0,0,0,0,0,1,0,0,0,0,0,0,0,0,0,0,0,0,1,0,0,0,0,0
"OTU1528.p:Stramenopiles-Bigyra.g:Adriamonas",0,0,0,1,0,0,0,0,0,0,0,1,0,0,0,0,0,0,0,0,2,2,0,0,0
"OTU1530.p:Tubulinea-Tubulinea_X.g:Nolandella",0,0,1,0,0,0,0,3,0,0,0,0,0,0,0,0,0,0,0,0,0,0,0,0,0
"OTU1532.p:Rhizaria-Cercozoa.g:Neocercomonas",0,0,0,0,0,0,0,1,0,0,0,0,0,0,0,0,0,0,0,0,0,0,0,0,0
"OTU1535.p:Stramenopiles-Gyrista.g:Acrispumella",0,0,0,0,0,0,0,0,0,0,0,0,0,0,0,0,0,1,1,0,0,0,0,0,0
"OTU1536.p:Ancyromonadida-Ancyromonadida_X.g:Ancyromonadida_Group-1_X",1,0,7,0,0,0,1,0,0,0,0,1,0,0,0,0,3,2,0,5,0,2,2,1,0
"OTU1537.p:Hemimastigophora-Hemimastigophora_X.g:Hemimastix",0,0,0,0,0,0,0,0,0,0,0,0,1,10,0,0,0,0,2,0,0,0,0,0,0
"OTU1540.p:Chlorophyta-Chlorophyta_X.g:Planophila",0,0,6,2,0,0,0,0,0,0,0,0,0,0,0,0,0,1,0,0,0,0,0,0,0
"OTU1543.p:Evosea-Evosea_X.g:WIM1-lineage_X",0,0,0,1,0,0,0,0,0,0,0,0,0,0,0,0,0,0,1,1,0,0,0,0,1
"OTU1547.p:Rhizaria-Cercozoa.g:Nudifila",0,0,0,0,0,0,0,0,0,0,0,0,0,0,0,1,0,0,0,0,0,0,0,0,0
"OTU1548.p:Cryptophyta-Cryptophyta_X.g:Cryptomonas",0,0,0,0,0,0,0,0,0,0,0,0,0,0,0,0,0,0,0,0,0,0,0,0,0
"OTU1549.p:Tubulinea-Tubulinea_X.g:Rhizamoeba",0,0,0,1,0,0,0,0,0,0,0,0,0,0,1,0,0,0,0,0,0,0,0,0,0
"OTU1551.p:Alveolata-Ciliophora.g:Frontonia",0,0,0,0,0,0,0,0,0,0,0,0,0,0,0,0,0,0,0,0,0,0,0,0,0
"OTU1552.p:Rhizaria-Cercozoa.g:Euglyphida_XX",0,0,0,0,1,0,1,0,0,0,0,0,0,0,0,0,0,0,0,0,0,0,0,0,0
"OTU1554.p:Rhizaria-Cercozoa.g:Euglyphida_XX",0,0,0,0,0,0,0,0,0,0,0,1,0,0,0,0,0,0,0,0,0,0,0,0,0
"OTU1556.p:Alveolata-Ciliophora.g:Chilodonellidae_X",0,0,0,0,0,0,0,0,1,0,0,0,0,0,0,0,0,0,0,0,0,0,0,0,0
"OTU1557.p:Alveolata-Chrompodellids.g:Alphamonas",2,0,0,0,0,0,0,0,0,0,1,0,0,0,0,0,0,0,0,0,0,0,0,0,1
"OTU1558.p:Evosea-Evosea_X.g:Variosea_XXX",0,0,0,0,1,0,0,0,0,1,0,0,0,1,0,0,0,0,0,0,0,0,0,0,0
"OTU1559.p:Tubulinea-Tubulinea_X.g:Copromyxa",0,0,0,0,0,0,0,0,0,0,0,0,0,0,0,0,0,0,0,0,0,1,0,0,0
"OTU1560.p:Alveolata-Dinoflagellata.g:Thoracosphaeraceae_X",0,0,0,0,0,0,0,0,0,0,0,0,0,0,0,0,0,1,1,0,0,0,0,0,2
"OTU1562.p:Alveolata-Apicomplexa.g:Amoebogregarina",0,0,0,0,0,0,0,0,0,0,0,0,0,0,0,0,0,0,0,0,0,0,0,0,0
"OTU1564.p:Alveolata-Ciliophora.g:Parafurgasonia",0,0,0,0,0,0,0,0,0,0,0,0,0,0,0,0,0,0,0,0,0,0,0,0,0
"OTU1566.p:Tubulinea-Tubulinea_X.g:Copromyxa",0,0,0,1,0,0,1,0,1,0,0,0,0,0,0,0,0,0,0,0,0,2,0,0,0
"OTU1568.p:Rhizaria-Cercozoa.g:Sandona",0,0,0,0,0,0,0,0,0,0,0,0,0,0,0,0,0,0,0,0,0,0,0,0,0
"OTU1569.p:Stramenopiles-Bigyra.g:Labyrinthulaceae_X",0,0,0,0,0,0,2,0,0,0,0,0,0,0,0,0,0,0,0,0,0,0,0,0,0
"OTU1571.p:Haptophyta-Haptophyta_X.g:Prymnesium",0,0,0,0,0,0,0,0,0,0,0,0,0,0,0,0,0,0,0,0,0,0,0,0,0
"OTU1572.p:Evosea-Evosea_X.g:Ceratiomyxella",0,0,0,0,0,0,0,0,0,0,0,0,0,0,0,0,0,0,0,0,0,0,1,0,0
"OTU1576.p:Rhizaria-Cercozoa.g:Thalassomyxa",0,0,0,0,0,0,0,0,0,0,0,0,0,0,0,0,0,0,0,0,0,0,0,0,0
"OTU1577.p:Rhizaria-Cercozoa.g:Thalassomyxa",0,0,0,0,0,0,0,0,0,0,0,0,0,0,0,0,0,0,0,0,0,0,0,0,0
"OTU1578.p:Discosea-Discosea_X.g:Acanthamoeba",0,0,0,0,0,0,0,0,0,0,0,0,0,0,0,0,0,0,0,0,0,0,0,0,0
"OTU1579.p:Tubulinea-Tubulinea_X.g:Nolandellidae_X",0,0,0,0,0,0,0,0,0,0,0,0,0,0,0,0,0,0,0,0,0,0,0,0,0
"OTU1580.p:Cryptophyta-Cryptophyta_X.g:Goniomonadales_XX",0,0,0,0,0,0,0,0,1,0,0,0,1,0,0,0,0,0,0,0,0,0,0,0,0
"OTU1581.p:Tubulinea-Tubulinea_X.g:Nolandellidae_X",0,0,1,0,0,0,0,0,0,0,0,0,0,0,0,0,0,0,0,0,0,0,0,0,0
"OTU1584.p:Rhizaria-Cercozoa.g:Paracercomonas",0,0,0,0,1,0,0,0,0,0,0,0,0,0,0,1,1,0,0,0,0,0,0,0,0
"OTU1585.p:Tubulinea-Tubulinea_X.g:Hartmannellidae_X",0,0,0,0,0,1,0,0,0,0,0,0,0,0,0,0,0,0,0,0,0,0,0,0,0
"OTU1586.p:Tubulinea-Tubulinea_X.g:Nolandellidae_X",2,0,1,0,0,0,1,1,0,0,1,0,0,0,0,0,1,2,1,0,0,0,0,0,0
"OTU1587.p:Alveolata-Ciliophora.g:Colpodida_X",0,0,0,0,0,0,0,0,0,0,0,0,0,0,0,0,0,0,0,0,0,0,0,0,0
"OTU1588.p:Alveolata-Ciliophora.g:Metopus_2",0,0,0,0,0,0,0,1,0,0,0,1,0,0,0,0,0,0,0,0,0,0,0,0,0
"OTU1589.p:Evosea-Evosea_X.g:Protostelium",0,0,0,0,0,0,0,0,0,0,0,0,0,0,0,0,0,0,0,0,0,0,0,0,0
"OTU1590.p:Tubulinea-Tubulinea_X.g:Leptomyxa",1,0,0,0,0,0,0,0,0,0,0,0,0,0,0,0,0,0,0,0,0,0,0,0,0
"OTU1593.p:Rhizaria-Cercozoa.g:Sey055-lineage_X",0,0,0,0,0,0,0,0,0,0,0,0,1,0,1,0,0,0,0,1,0,0,0,0,0
"OTU1594.p:Rhizaria-Cercozoa.g:Plasmodiophorida_XX",0,0,0,0,0,0,0,0,0,0,0,0,0,0,0,1,0,0,0,1,0,0,0,0,1
"OTU1597.p:Rhizaria-Cercozoa.g:Paracercomonas",0,0,0,2,0,0,0,0,0,0,0,0,0,0,0,0,0,0,0,0,0,0,0,0,1
"OTU1598.p:Rhizaria-Cercozoa.g:Euglyphida_XX",0,0,0,0,0,0,0,0,0,0,0,0,0,0,0,0,0,0,0,0,0,0,0,0,0
"OTU1599.p:Rhizaria-Cercozoa.g:Sandonidae_X",0,0,0,0,0,0,0,0,0,0,0,0,2,0,0,0,0,0,0,0,0,0,0,0,0
"OTU1601.p:Tubulinea-Tubulinea_X.g:Rhizamoeba",0,0,0,0,0,0,0,0,0,0,0,0,0,0,0,0,0,0,0,0,4,0,0,0,1
"OTU1604.p:Rhizaria-Cercozoa.g:Paracercomonas",0,0,0,0,0,0,0,0,0,0,0,0,0,0,0,0,0,0,0,0,0,0,1,0,0
"OTU1607.p:Evosea-Eumycetozoa.g:Cribraria",0,0,0,0,0,0,0,0,0,0,0,0,0,0,0,0,0,0,0,0,0,0,0,0,0
"OTU1609.p:Rhizaria-Cercozoa.g:Cercomonas",0,0,0,0,0,0,0,0,0,0,0,0,0,0,0,0,1,0,0,0,0,0,0,0,0
"OTU1611.p:Rhodophyta-Rhodophyta_X.g:Cyanidiales_XX",0,0,0,0,0,0,0,0,0,0,0,0,0,0,0,0,0,0,0,0,0,0,0,0,0
"OTU1613.p:Evosea-Evosea_X.g:Variosea_XXX",0,0,0,0,0,0,0,0,0,0,0,1,0,0,0,0,0,1,0,0,0,0,0,0,0
"OTU1615.p:Tubulinea-Tubulinea_X.g:Chaos",0,0,0,0,0,0,0,0,0,0,0,0,0,0,0,0,0,0,0,0,0,0,0,0,0
"OTU1617.p:Alveolata-Ciliophora.g:Cyrtolophosidida_X",0,0,0,0,0,0,0,0,0,0,0,0,0,0,0,0,0,0,0,0,0,0,1,0,0
"OTU1621.p:Alveolata-Chrompodellids.g:Alphamonadea_ALPH2",0,0,0,0,0,0,0,0,0,0,0,0,0,0,0,0,0,0,0,0,0,0,0,0,0
"OTU1622.p:Tubulinea-Tubulinea_X.g:Hartmannella",0,0,0,0,0,0,0,0,0,0,0,0,0,0,0,0,0,0,0,0,2,0,0,0,0
"OTU1623.p:Alveolata-Ciliophora.g:PLAGI1_XX",0,0,0,0,0,0,0,0,0,0,0,0,0,0,0,0,0,0,0,0,0,0,0,0,0
"OTU1626.p:Cryptophyta-Cryptophyta_X.g:Basal_Cryptophyceae-1_X",0,0,0,0,0,0,0,0,0,0,0,1,0,0,0,0,0,0,0,0,0,0,0,0,0
"OTU1627.p:Alveolata-Apicomplexa.g:Amoebogregarina",0,0,0,0,0,0,0,0,0,0,0,0,0,0,0,0,0,0,0,0,0,0,0,0,0
"OTU1630.p:Rhizaria-Cercozoa.g:Allapsidae_X",0,0,0,0,0,0,0,0,0,1,0,0,0,0,0,0,0,0,0,0,0,0,0,0,0
"OTU1635.p:Rhizaria-Cercozoa.g:Leptophryidae_X",0,0,0,0,0,0,0,0,0,0,0,0,0,0,0,0,0,0,0,0,0,0,0,0,0
"OTU1638.p:Rhizaria-Cercozoa.g:Paracercomonas",0,0,0,0,0,0,0,0,0,0,0,0,0,0,0,0,0,0,1,0,0,0,0,0,0
"OTU1639.p:Rhizaria-Cercozoa.g:Glissomonadida_XX",0,0,0,0,0,0,0,0,0,0,0,0,0,0,0,1,0,1,0,0,0,0,1,1,1
"OTU1642.p:Alveolata-Ciliophora.g:Tetrahymenida_X",0,0,0,0,0,0,0,0,0,0,0,0,0,0,0,0,0,0,0,0,0,0,0,0,0
"OTU1643.p:Rhizaria-Cercozoa.g:Glissomonadida_XX",0,0,0,0,0,0,0,0,0,0,0,0,0,0,0,0,0,1,0,0,0,0,0,0,0
"OTU1645.p:Rhizaria-Cercozoa.g:Metabolomonas",0,0,0,0,0,0,0,0,0,0,0,0,0,0,0,0,0,1,0,0,0,0,0,0,0
"OTU1647.p:Rhizaria-Cercozoa.g:Tremula",0,0,0,0,1,0,0,0,0,0,0,0,0,0,0,0,2,1,0,0,0,0,0,0,0
"OTU1648.p:Tubulinea-Tubulinea_X.g:Flabellula",0,0,2,2,0,0,0,0,0,0,1,0,0,0,0,0,0,0,0,0,0,0,0,0,0
"OTU1654.p:Stramenopiles-Bigyra.g:Pseudodendromonadales_XX",0,0,0,0,0,1,0,0,0,0,0,0,0,0,0,0,0,0,0,0,0,0,0,0,0
"OTU1655.p:Evosea-Evosea_X.g:Acramoeba",0,0,0,0,0,0,0,0,0,0,0,0,0,0,0,0,0,0,0,0,0,0,0,0,0
"OTU1656.p:Evosea-Evosea_X.g:Variosea_XXX",0,0,0,0,0,0,0,0,0,0,2,0,0,0,0,0,0,0,0,1,0,0,0,0,0
"OTU1658.p:Evosea-Evosea_X.g:Nematostelium",0,0,0,0,0,0,0,0,0,0,0,0,0,0,0,0,0,0,0,0,0,2,1,0,0
"OTU1659.p:Stramenopiles-Bigyra.g:Amphifilaceae_X",0,0,0,0,0,0,0,0,0,0,0,0,1,0,0,0,0,0,0,2,0,0,0,0,0
"OTU1661.p:Centroplasthelida-Centroplasthelida_X.g:Centroplasthelida_XXXXX",0,0,0,0,0,0,0,0,0,0,0,0,0,0,0,0,0,0,0,0,0,0,3,0,0
"OTU1664.p:Rhizaria-Cercozoa.g:Paracercomonas",0,0,1,0,0,0,0,0,0,0,0,0,0,0,0,0,1,0,0,0,0,0,0,0,0
"OTU1665.p:Tubulinea-Tubulinea_X.g:Phryganella",0,0,0,0,0,0,0,0,0,0,0,0,0,0,0,0,0,0,0,0,0,0,0,0,0
"OTU1668.p:Tubulinea-Tubulinea_X.g:Nolandellidae_X",0,0,0,0,0,0,0,0,0,1,0,0,2,0,0,0,1,0,0,0,0,0,0,0,0
"OTU1669.p:Haptophyta-Haptophyta_X.g:Chrysochromulina",0,0,0,0,0,2,0,0,0,1,0,0,0,0,0,0,0,0,0,0,0,0,0,0,0
"OTU1670.p:Tubulinea-Tubulinea_X.g:Leptomyxa",0,0,0,1,0,0,0,0,0,0,0,0,0,0,0,0,0,0,0,0,0,0,0,0,0
"OTU1671.p:Rhizaria-Cercozoa.g:Paracercomonas",0,0,0,0,0,0,0,0,0,0,0,0,0,0,0,0,0,0,0,0,0,0,0,0,0
"OTU1672.p:Chlorophyta-Chlorophyta_X.g:Axilosphaera",0,1,0,2,0,0,0,0,0,0,0,2,0,0,0,0,0,0,0,0,0,0,0,0,0
"OTU1673.p:Chlorophyta-Chlorophyta_X.g:Tetradesmus",0,0,0,0,0,2,0,0,0,0,0,0,0,0,0,0,0,0,0,0,0,0,0,0,0
"OTU1675.p:Rhizaria-Cercozoa.g:Allapsidae_X",0,0,0,0,0,1,0,0,0,0,0,0,0,0,0,0,0,0,0,0,0,0,0,0,0
"OTU1679.p:Rhodophyta-Rhodophyta_X.g:Heterosiphonia",0,0,0,0,0,0,0,0,0,0,0,0,1,0,0,0,0,0,0,0,0,0,0,0,0
"OTU1680.p:Stramenopiles-Bigyra.g:Amphifilaceae_X",0,0,0,0,0,0,0,0,0,2,0,0,0,0,0,0,0,0,0,0,0,0,1,0,0
"OTU1681.p:Stramenopiles-Gyrista.g:Paraphysomonas",0,0,0,0,0,0,0,0,0,0,0,0,0,0,1,0,0,0,0,0,1,1,1,0,2
"OTU1682.p:Rhizaria-Cercozoa.g:Thalassomyxa-lineage_X",0,0,0,0,0,0,0,0,0,0,0,0,0,0,0,0,0,0,0,0,0,0,1,1,0
"OTU1684.p:Stramenopiles-Gyrista.g:Ochromonadales_clade-XII_X",0,0,0,0,0,0,0,0,0,0,0,0,0,0,0,0,0,0,0,0,0,0,0,0,0
"OTU1685.p:Metamonada-Preaxostyla.g:Paratrimastix",0,0,0,0,0,0,0,0,0,0,0,0,0,0,0,0,0,0,0,0,0,0,0,0,0
"OTU1686.p:Tubulinea-Tubulinea_X.g:Hartmannella",0,0,0,0,0,0,0,0,0,0,0,0,0,0,0,0,0,0,0,0,0,0,0,0,0
"OTU1688.p:Picozoa-Picozoa_X.g:Picozoa_XXXXX",1,0,0,0,1,0,1,2,0,0,0,0,0,0,1,0,0,0,0,0,0,0,0,0,0
"OTU1689.p:Tubulinea-Tubulinea_X.g:Copromyxa",0,1,0,0,0,0,0,0,0,0,0,0,0,0,0,0,0,0,0,0,0,0,0,0,0
"OTU1690.p:Tubulinea-Tubulinea_X.g:Nolandellidae_X",0,0,0,0,0,1,0,0,0,0,0,0,0,0,0,0,0,0,0,0,0,0,0,0,0
"OTU1691.p:Tubulinea-Tubulinea_X.g:Flabellulidae_X",0,0,0,1,0,0,0,0,0,0,0,0,0,0,0,0,2,0,0,0,0,0,0,0,0
"OTU1693.p:Alveolata-Ciliophora.g:Philasterida_X",0,0,0,0,0,0,0,1,0,0,1,0,0,0,0,0,0,0,0,0,0,0,0,0,0
"OTU1695.p:Stramenopiles-Gyrista.g:Craticula",0,0,0,0,0,0,0,0,0,0,0,0,0,0,0,0,0,0,0,0,0,0,0,0,0
"OTU1696.p:Rhizaria-Cercozoa.g:Sandonidae_X",0,0,0,0,0,0,0,0,0,0,0,0,0,0,0,0,0,0,0,0,2,0,0,0,0
"OTU1698.p:Discosea-Discosea_X.g:LKM74-lineage_X",1,1,0,0,0,0,0,0,0,0,0,0,0,0,0,0,1,1,1,1,0,0,1,0,0
"OTU1700.p:Rhizaria-Cercozoa.g:Thalassomyxa",0,0,0,0,0,0,0,0,0,0,0,0,0,0,0,0,0,0,0,0,1,0,0,0,0
"OTU1702.p:Tubulinea-Tubulinea_X.g:Copromyxa",0,0,0,0,0,0,0,0,0,0,0,0,0,0,0,0,0,0,0,0,0,0,0,0,0
"OTU1703.p:Evosea-Evosea_X.g:Ceratiomyxella",0,0,0,0,1,0,0,0,0,1,0,0,0,0,0,0,0,0,0,0,0,0,0,0,1
"OTU1706.p:Ancyromonadida-Ancyromonadida_X.g:Ancyromonadida_Group-1_X",0,0,0,0,0,0,0,1,0,0,0,0,0,0,0,0,0,0,0,0,0,0,0,0,0
"OTU1707.p:Rhizaria-Cercozoa.g:Paracercomonas",0,0,0,0,0,0,0,0,0,0,0,0,0,0,0,0,0,0,0,0,0,0,0,0,0
"OTU1708.p:Tubulinea-Tubulinea_X.g:Leptomyxa",0,3,0,0,0,0,0,1,0,0,0,0,0,0,0,0,0,0,0,0,0,0,0,0,0
"OTU1709.p:Evosea-Evosea_X.g:Variosea_XXX",0,0,0,0,0,0,0,0,0,0,0,0,0,0,0,0,0,0,1,0,0,0,0,0,0
"OTU1710.p:Tubulinea-Tubulinea_X.g:Nolandellidae_X",0,0,1,0,0,0,0,0,0,0,0,0,0,0,0,0,0,0,0,0,0,0,0,0,1
"OTU1714.p:Evosea-Evosea_X.g:Tychosporium",0,0,0,1,0,0,0,0,1,2,0,0,0,0,0,0,1,0,0,0,0,0,0,1,0
"OTU1715.p:Stramenopiles-Gyrista.g:Ochromonadales_XX",0,0,0,0,0,0,0,0,0,0,0,0,0,0,0,0,0,0,0,0,0,0,0,0,0
"OTU1716.p:Alveolata-Ciliophora.g:Pseudochilodonopsis",0,0,0,0,0,0,0,0,0,0,0,0,0,1,0,0,0,0,0,0,0,0,0,0,0
"OTU1719.p:Stramenopiles-Gyrista.g:Peronosporomycetes_XXX",0,0,0,0,0,0,0,0,0,0,0,0,0,0,0,0,0,0,0,0,0,0,0,0,0
"OTU1720.p:Evosea-Evosea_X.g:Variosea_XXX",0,0,0,0,0,0,0,0,0,0,0,0,0,0,0,0,0,0,0,0,0,0,0,0,0
"OTU1722.p:Rhodophyta-Rhodophyta_X.g:Thorea",0,0,0,0,0,0,0,0,0,0,0,0,2,0,0,0,0,0,0,0,0,0,0,0,0
"OTU1726.p:Alveolata-Chrompodellids.g:Chromera",0,0,0,0,0,0,0,0,0,0,0,0,0,0,0,0,0,0,0,0,0,1,0,0,0
"OTU1733.p:Rhizaria-Cercozoa.g:Paracercomonas",0,0,0,0,0,0,0,0,0,0,0,0,0,0,0,0,0,0,0,0,0,0,0,0,0
"OTU1734.p:Stramenopiles-Gyrista.g:Cerataulus",0,0,0,0,0,0,0,0,0,0,0,0,0,0,0,0,0,0,0,0,0,0,0,0,0
"OTU1735.p:Alveolata-Ciliophora.g:Litostomatea_XXX",0,0,0,0,0,0,0,1,0,2,0,1,0,0,0,2,0,1,0,0,0,1,0,0,0
"OTU1737.p:Tubulinea-Tubulinea_X.g:Copromyxa",0,0,0,0,0,0,0,0,0,0,0,0,0,0,0,0,0,0,0,0,0,0,0,0,0
"OTU1738.p:Haptophyta-Haptophyta_X.g:Pavlomulina",0,0,1,0,0,0,0,0,0,0,0,0,0,0,0,0,0,0,0,0,0,0,0,0,0
"OTU1739.p:Alveolata-Dinoflagellata.g:Dinophyceae_XXX",0,0,0,0,0,0,0,0,0,0,0,0,0,0,0,0,0,0,0,0,0,0,0,0,0
"OTU1740.p:Stramenopiles-Bigyra.g:Amphifilaceae_X",0,0,0,0,0,0,0,0,33,0,0,0,0,0,0,0,0,0,0,0,0,0,0,0,0
"OTU1742.p:Rhizaria-Cercozoa.g:Penardia-lineage_X",0,0,0,0,0,0,0,0,0,0,1,0,0,0,1,0,0,0,0,0,0,0,0,2,0
"OTU1744.p:Stramenopiles-Bigyra.g:Amphifilaceae_X",0,0,0,0,0,0,0,0,0,0,0,0,0,0,0,0,1,0,0,1,0,0,0,0,0
"OTU1748.p:Tubulinea-Tubulinea_X.g:Leptomyxa",0,0,0,0,0,0,0,0,0,0,0,0,0,0,0,0,0,0,0,0,0,0,0,0,0
"OTU1751.p:Breviatea-Breviatea_X.g:Breviata",0,0,0,1,0,0,0,0,1,0,0,0,0,0,0,0,0,1,0,0,0,0,0,0,0
"OTU1753.p:Alveolata-Ciliophora.g:Colpoda",1,0,0,2,1,0,0,0,0,0,0,1,0,0,1,0,0,0,0,0,0,0,0,0,0
"OTU1754.p:Alveolata-Ciliophora.g:Pseudocyrtolophosis",1,0,0,0,1,0,0,0,0,0,1,0,0,0,0,0,0,0,0,0,0,0,0,0,0
"OTU1755.p:Opisthokonta-Choanoflagellata.g:Monosigidae_Group_O_X",0,0,1,0,0,0,0,0,0,0,0,0,0,0,0,0,0,0,0,0,0,0,0,0,0
"OTU1757.p:Alveolata-Ciliophora.g:CONThreeP_XXX",0,1,0,0,0,0,0,0,0,0,0,1,0,0,1,0,0,3,2,0,0,0,1,0,0
"OTU1760.p:Rhizaria-Cercozoa.g:Pseudodifflugiidae_X",0,0,0,0,0,0,2,0,0,1,0,0,0,0,0,1,0,0,0,0,0,0,0,0,0
"OTU1761.p:Tubulinea-Tubulinea_X.g:Echinamoeba",0,0,0,0,0,0,0,0,0,0,0,0,0,0,0,0,0,0,0,0,1,0,0,0,2
"OTU1764.p:Tubulinea-Tubulinea_X.g:Nolandellidae_X",0,0,0,0,0,0,0,0,0,0,0,1,0,0,0,0,1,1,0,0,0,0,0,0,0
"OTU1765.p:Alveolata-Ciliophora.g:Platyophryida_X",0,0,0,0,0,0,0,0,0,0,0,0,0,2,0,0,0,0,0,0,0,0,0,0,0
"OTU1766.p:Rhizaria-Cercozoa.g:Allantion",0,0,0,0,0,0,0,0,0,0,0,0,0,0,0,0,0,0,0,0,0,0,0,0,0
"OTU1767.p:Rhizaria-Cercozoa.g:Allapsidae_X",0,1,0,2,0,0,0,0,0,0,0,0,0,0,0,0,0,0,0,0,0,0,0,0,0
"OTU1768.p:Rhizaria-Cercozoa.g:Sandona",0,0,0,0,0,0,0,0,0,0,0,1,0,0,0,0,0,0,0,0,0,0,0,0,0
"OTU1769.p:Stramenopiles-Bigyra.g:Borokaceae_X",0,0,0,7,0,0,0,0,1,0,0,0,0,0,0,0,0,0,0,0,0,0,0,0,0
"OTU1770.p:Evosea-Evosea_X.g:Entamoeba",0,0,0,0,0,0,0,0,0,0,0,0,0,0,0,0,0,0,0,0,0,0,0,0,0
"OTU1771.p:Stramenopiles-Bigyra.g:MAST-12C",0,0,0,0,0,0,0,1,0,0,0,0,0,0,0,0,0,0,0,0,0,1,0,0,0
"OTU1772.p:Stramenopiles-Bigyra.g:Amphifilaceae_X",0,0,0,0,0,0,0,0,0,0,0,0,0,0,0,0,0,0,0,0,0,0,0,0,0
"OTU1773.p:Tubulinea-Tubulinea_X.g:Nolandellidae_X",0,0,0,0,0,0,0,0,0,0,0,0,1,0,0,0,0,0,0,0,0,0,0,0,0
"OTU1774.p:Tubulinea-Tubulinea_X.g:Nolandellidae_X",0,0,1,0,0,0,0,0,0,0,0,0,0,0,0,0,0,0,0,0,0,0,0,0,0
"OTU1776.p:Alveolata-Apicomplexa.g:Stylocephalus",0,0,0,0,0,0,0,0,0,0,0,0,0,3,0,0,0,0,0,0,0,0,0,0,0
"OTU1777.p:Alveolata-Apicomplexa.g:Amoebogregarina",0,0,0,0,0,1,0,0,0,0,0,0,0,0,0,0,0,0,0,0,0,0,0,0,0
"OTU1778.p:Tubulinea-Tubulinea_X.g:Rhizamoeba",0,0,0,0,0,0,0,0,0,0,0,1,0,0,0,0,0,0,0,0,0,0,0,0,0
"OTU1786.p:Evosea-Evosea_X.g:Angulamoeba",0,0,0,0,0,0,0,0,0,0,0,0,0,0,0,0,0,0,0,0,0,0,4,0,0
"OTU1787.p:Centroplasthelida-Centroplasthelida_X.g:Acanthocystis",0,0,0,0,0,0,0,0,0,0,0,0,0,0,0,1,0,0,0,0,0,0,0,4,0
"OTU1788.p:Rhizaria-Cercozoa.g:Paracercomonas",0,0,0,0,0,0,0,0,0,0,0,0,0,0,0,0,0,0,0,0,0,0,0,1,0
"OTU1789.p:Opisthokonta-Choanoflagellata.g:Salpingoecidae_Group_C2_X",1,0,0,0,0,0,0,0,0,0,0,1,0,0,0,0,0,0,0,0,0,0,0,0,1
"OTU1795.p:Opisthokonta-Choanoflagellata.g:Salpingoecidae_Group_C2_X",1,0,0,0,0,0,0,0,0,0,0,0,0,0,0,0,0,0,0,0,0,0,0,0,0
"OTU1796.p:Rhizaria-Cercozoa.g:Penardia-lineage_X",0,0,0,0,0,0,0,0,0,0,0,0,0,0,0,0,0,0,0,0,0,0,0,0,0
"OTU1797.p:Opisthokonta-Choanoflagellata.g:Salpingoecidae_Group_C3_X",0,0,0,0,0,0,0,0,0,0,0,3,0,0,0,0,0,0,0,0,0,0,0,0,0
"OTU1798.p:Chlorophyta-Chlorophyta_X.g:Chlamydomonadales_XX",0,0,0,0,0,0,0,0,0,0,0,0,0,0,0,0,0,0,0,0,0,0,0,0,0
"OTU1799.p:Opisthokonta-Pluriformea.g:Corallochytrium",0,0,0,1,0,0,0,0,0,0,0,0,0,0,0,0,0,0,0,0,0,0,0,0,0
"OTU1800.p:Rhizaria-Cercozoa.g:Bodomorpha",0,0,0,0,0,1,0,0,0,0,0,0,0,0,0,0,0,0,0,0,0,0,0,0,0
"OTU1801.p:Tubulinea-Tubulinea_X.g:Echinamoeba",0,0,0,0,0,0,0,0,1,0,0,0,0,0,0,0,0,1,1,0,0,0,0,0,0
"OTU1803.p:Alveolata-Ciliophora.g:Suctoria_XX",0,0,0,0,0,0,0,0,0,0,0,0,0,0,0,0,0,0,0,0,0,0,0,0,0
"OTU1805.p:Alveolata-Ciliophora.g:Scuticociliatia_2_XX",0,0,0,0,0,0,0,0,0,0,0,0,0,0,0,0,0,1,0,0,0,0,1,0,0
"OTU1811.p:Chlorophyta-Chlorophyta_X.g:Dunaliella",0,0,1,0,0,0,0,0,1,0,0,0,1,0,0,0,0,0,0,0,0,0,0,0,0
"OTU1813.p:Rhizaria-Cercozoa.g:Vampyrellida_clade_B",0,0,0,0,0,0,0,0,0,0,0,0,0,0,0,0,0,0,0,0,0,0,0,0,0
"OTU1814.p:Chlorophyta-Chlorophyta_X.g:Pseudochloris",0,0,0,0,0,0,0,0,0,1,0,0,0,0,0,0,0,0,0,0,0,0,0,0,0
"OTU1815.p:Rhizaria-Cercozoa.g:Rhogostoma-lineage_X",2,0,0,0,0,0,0,0,0,0,1,1,0,0,0,0,1,0,0,0,0,1,0,1,3
"OTU1816.p:Rhizaria-Cercozoa.g:Allapsidae_X",0,0,0,0,0,0,0,0,0,0,0,0,0,0,0,0,0,0,0,0,0,0,0,0,0
"OTU1817.p:Evosea-Evosea_X.g:Variosea_XXX",0,0,0,0,0,0,0,2,0,0,0,0,0,0,0,0,0,0,0,0,0,0,0,0,0
"OTU1819.p:Alveolata-Ciliophora.g:Apocyrtolophosis",0,0,0,0,0,0,0,0,0,0,0,1,0,1,0,0,0,0,0,0,2,0,0,0,0
"OTU1822.p:Stramenopiles-Gyrista.g:Chlamydomyzium",0,1,0,0,0,0,0,0,0,0,0,0,0,0,0,0,0,0,0,0,0,0,0,0,0
"OTU1823.p:Chlorophyta-Chlorophyta_X.g:Chlorella",0,0,0,0,0,0,0,0,1,0,0,0,0,0,0,0,0,0,0,0,1,1,0,1,0
"OTU1824.p:Opisthokonta-Pluriformea.g:Syssomonas",0,0,0,0,1,0,0,0,0,0,0,0,0,0,0,0,0,0,0,0,0,0,0,0,0
"OTU1826.p:Opisthokonta-Choanoflagellata.g:Monosigidae_Group_O_X",1,1,0,0,0,0,0,0,0,0,0,0,0,0,0,0,0,0,0,0,0,0,2,0,4
"OTU1827.p:Evosea-Evosea_X.g:Angulamoeba",0,0,0,0,0,0,0,0,0,1,0,0,0,0,0,0,0,0,0,0,0,0,0,0,0
"OTU1828.p:Alveolata-Apicomplexa.g:Monocystis",0,0,0,1,0,0,0,0,0,0,0,0,0,0,0,0,0,0,0,0,0,0,2,0,0
"OTU1834.p:Breviatea-Breviatea_X.g:Breviata-lineage_X",0,0,0,0,0,0,0,0,0,0,1,0,0,0,0,0,0,0,0,0,0,0,0,0,0
"OTU1835.p:Evosea-Evosea_X.g:Mb5C-lineage_X",1,0,0,0,0,0,0,0,0,0,0,0,0,0,0,0,0,0,0,0,0,0,0,0,0
"OTU1837.p:Evosea-Evosea_X.g:WIM1-lineage_X",0,0,1,0,0,0,0,0,0,0,0,0,0,0,0,0,0,0,0,0,0,0,0,0,0
"OTU1838.p:Tubulinea-Tubulinea_X.g:Nolandellidae_X",0,0,0,0,0,0,0,0,1,0,0,0,0,0,0,0,0,0,1,1,0,0,0,0,0
"OTU1839.p:Tubulinea-Tubulinea_X.g:Rhizamoeba",0,0,0,0,0,0,0,0,0,0,1,0,0,0,0,0,0,0,0,0,0,0,0,0,0
"OTU1840.p:Stramenopiles-Bigyra.g:Pseudodendromonadales_XX",0,0,0,1,0,0,0,0,0,0,0,0,0,0,0,0,0,0,0,0,0,0,0,0,0
"OTU1841.p:Opisthokonta-Choanoflagellata.g:Monosigidae_Group_M_X",0,0,0,0,0,0,1,0,0,2,0,0,0,0,0,0,0,0,0,0,0,0,0,0,0
"OTU1842.p:Evosea-Evosea_X.g:Angulamoeba",0,2,0,0,0,0,1,0,0,0,2,0,0,0,0,0,0,0,0,0,0,0,1,0,0
"OTU1843.p:Evosea-Evosea_X.g:Variosea_XXX",0,0,0,1,0,0,0,0,0,0,0,0,0,0,0,0,0,1,0,0,0,0,0,0,0
"OTU1844.p:Rhizaria-Cercozoa.g:Cercozoa_XXXX",0,0,0,0,0,0,0,0,0,0,0,0,0,0,0,0,0,0,0,0,0,0,0,0,0
"OTU1845.p:Evosea-Evosea_X.g:Ceratiomyxella",0,0,0,0,0,0,0,0,0,0,0,0,0,0,0,0,0,0,0,0,0,0,0,0,0
"OTU1846.p:Tubulinea-Tubulinea_X.g:Copromyxa",0,0,0,0,0,0,0,2,0,0,0,0,0,0,1,0,0,0,0,0,0,0,0,1,0
"OTU1848.p:Rhizaria-Cercozoa.g:Glissomonadida_XX",0,0,0,0,0,0,0,3,0,1,0,0,0,0,0,0,0,0,0,1,0,0,0,0,0
"OTU1849.p:Tubulinea-Tubulinea_X.g:Phryganella",0,0,0,1,0,0,0,0,0,0,0,0,0,0,0,0,0,0,0,0,0,0,0,1,0
"OTU1850.p:Rhizaria-Cercozoa.g:Novel-Gran-5_X",0,2,0,0,0,0,0,0,0,0,0,0,0,0,0,0,0,0,0,0,2,0,0,0,0
"OTU1851.p:Centroplasthelida-Centroplasthelida_X.g:Pterocystida_XXX",0,0,0,0,0,0,0,0,0,0,0,0,0,0,0,0,0,1,0,0,3,0,0,0,0
"OTU1854.p:Tubulinea-Tubulinea_X.g:Leptomyxa",0,0,0,0,0,0,0,0,0,0,0,0,0,0,0,0,0,0,0,0,0,0,0,0,0
"OTU1855.p:Tubulinea-Tubulinea_X.g:Ptolemeba",0,0,0,0,0,1,0,2,0,0,0,0,0,0,0,0,1,0,0,0,0,0,0,1,0
"OTU1856.p:Tubulinea-Tubulinea_X.g:Ptolemeba",0,0,0,0,0,0,0,0,0,0,0,0,0,0,0,0,2,0,0,0,0,0,0,0,0
"OTU1860.p:Stramenopiles-Bigyra.g:Pseudodendromonadales_XX",0,0,0,0,0,0,0,0,0,0,0,0,0,0,0,0,0,0,0,0,0,0,0,0,0
"OTU1861.p:Tubulinea-Tubulinea_X.g:Glaeseria",0,0,0,0,0,0,0,0,0,0,1,0,0,0,1,0,0,0,0,0,0,0,0,0,0
"OTU1863.p:Alveolata-Ciliophora.g:Colpoda",1,0,0,0,0,0,0,0,0,0,0,0,0,0,0,0,0,0,0,0,0,0,0,0,0
"OTU1864.p:Rhizaria-Cercozoa.g:Group-Te",0,0,0,0,0,0,0,0,0,0,0,0,0,0,0,0,0,0,0,0,0,1,0,0,0
"OTU1866.p:Chlorophyta-Chlorophyta_X.g:Nautococcus",0,0,0,0,0,0,0,0,0,0,0,0,0,0,0,0,0,0,0,0,0,0,0,0,0
"OTU1867.p:Evosea-Evosea_X.g:Flamella",0,0,0,0,0,0,0,0,0,0,0,1,0,0,0,0,0,0,0,0,0,0,0,0,0
"OTU1868.p:Rhodelphidia-Rhodelphidia_X.g:Rhodelphis",0,0,0,0,0,0,0,0,0,0,0,0,0,0,0,0,0,0,0,0,0,0,0,0,0
"OTU1869.p:Ancyromonadida-Ancyromonadida_X.g:Ancyromonadida_Group-1_X",0,1,1,0,0,0,0,0,1,0,0,0,0,0,0,0,0,0,0,0,0,0,0,0,0
"OTU1870.p:Rhizaria-Cercozoa.g:Polymyxa-lineage_X",0,0,0,0,0,0,0,0,0,0,0,0,0,0,0,0,0,0,0,0,0,3,0,0,0
"OTU1871.p:Opisthokonta-Choanoflagellata.g:Lagenoeca",0,0,1,0,0,0,0,0,0,0,0,0,0,0,0,0,0,0,0,0,0,0,0,0,0
"OTU1872.p:Rhizaria-Cercozoa.g:Allas",0,0,0,0,0,0,0,0,0,0,0,0,0,0,0,0,0,0,0,0,0,0,0,0,0
"OTU1873.p:Rhizaria-Cercozoa.g:Thalassomyxa",0,0,0,0,2,0,0,0,1,1,0,0,0,0,0,0,0,0,0,0,0,0,0,0,0
"OTU1877.p:Centroplasthelida-Centroplasthelida_X.g:Pterocystis",0,1,0,0,0,0,0,0,0,0,0,0,0,0,0,0,0,0,1,0,0,0,0,0,0
"OTU1879.p:Stramenopiles-Gyrista.g:Paraphysomonadales_XX",0,0,1,0,0,0,0,0,0,0,0,0,0,0,0,0,0,0,0,0,0,0,0,0,0
"OTU1880.p:Evosea-Evosea_X.g:Ceratiomyxella",0,0,2,0,0,0,0,0,0,0,0,0,0,0,0,0,0,0,0,0,0,0,0,0,0
"OTU1881.p:Rhodophyta-Rhodophyta_X.g:Cyanidiales_XX",0,0,0,0,0,0,0,0,0,0,0,0,0,0,0,0,0,0,0,0,0,0,0,0,0
"OTU1882.p:Evosea-Evosea_X.g:Filamoeba",0,0,0,0,0,0,0,0,0,0,0,0,0,0,0,0,0,0,1,0,0,0,0,0,0
"OTU1883.p:Alveolata-Ciliophora.g:Pleurostomatida_X",0,0,0,0,0,1,0,0,0,0,0,0,0,0,0,0,0,0,0,0,0,1,0,0,0
"OTU1884.p:Stramenopiles-Bigyra.g:MAST-12C",0,0,0,0,1,0,2,0,0,0,1,1,0,0,0,0,0,0,0,0,0,0,0,0,0
"OTU1885.p:Alveolata-Ciliophora.g:Oxytrichidae_X",1,0,0,2,0,0,2,0,0,0,1,0,0,1,3,2,1,2,0,0,0,0,0,0,1
"OTU1886.p:Tubulinea-Tubulinea_X.g:Nolandellidae_X",0,0,0,0,0,0,0,0,0,0,0,0,0,0,1,0,0,0,0,0,0,0,0,0,2
"OTU1887.p:Rhizaria-Cercozoa.g:Paracercomonas",0,0,0,0,0,0,0,0,0,0,0,1,0,0,0,0,0,2,0,0,0,1,0,0,0
"OTU1888.p:Stramenopiles-Bigyra.g:Cafeteria",0,0,0,0,0,0,0,0,0,0,0,0,0,0,0,1,0,0,1,0,0,0,0,0,0
"OTU1889.p:Centroplasthelida-Centroplasthelida_X.g:Centroplasthelida_XXXXX",0,0,0,0,0,0,1,0,0,0,0,0,0,0,0,2,0,1,0,0,0,0,0,0,0
"OTU1890.p:Opisthokonta-Ichthyosporea.g:Pseudoperkinsus",0,2,0,0,0,0,0,1,0,0,0,0,0,0,0,1,1,0,0,2,1,0,0,0,0
"OTU1895.p:Stramenopiles-Bigyra.g:Amphifilaceae_X",0,0,0,0,0,0,0,1,0,0,0,0,0,0,0,0,1,0,0,0,0,0,0,0,0
"OTU1897.p:Evosea-Evosea_X.g:Variosea_XXX",0,0,0,0,0,0,0,0,0,0,0,0,0,0,0,0,0,0,0,0,0,0,0,0,0
"OTU1900.p:Evosea-Evosea_X.g:WIM1-lineage_X",0,0,1,0,0,0,0,0,1,0,0,0,0,0,0,0,0,1,0,0,0,0,0,0,1
"OTU1902.p:Evosea-Eumycetozoa.g:Trichia",0,0,0,0,0,0,0,0,0,0,0,0,0,0,0,0,0,0,0,0,0,0,0,0,0
"OTU1903.p:Stramenopiles-Bigyra.g:Labyrinthulaceae_X",0,0,0,0,0,0,0,0,0,0,1,0,0,0,0,0,0,0,0,2,0,0,0,0,0
"OTU1904.p:Discoba-Discoba_X.g:Seculamonas",0,0,0,0,0,0,0,0,0,0,0,0,0,0,0,0,0,0,0,1,0,0,0,0,0
"OTU1908.p:Tubulinea-Tubulinea_X.g:Hartmannella",0,0,0,0,0,0,0,0,0,0,0,0,0,0,0,0,0,0,0,0,0,0,0,0,0
"OTU1909.p:Stramenopiles-Gyrista.g:Pseudocharaciopsis",0,0,0,0,0,0,0,0,0,0,0,0,0,0,1,0,0,0,0,0,0,0,0,0,0
"OTU1910.p:Opisthokonta-Choanoflagellata.g:Salpingoeca_C1",0,0,0,0,0,0,0,0,0,0,0,0,0,0,0,0,0,0,0,0,0,0,0,0,0
"OTU1911.p:Alveolata-Ciliophora.g:Colpodida_X",0,0,0,0,0,0,0,0,0,1,0,0,0,0,0,0,0,0,0,0,0,0,0,0,0
"OTU1912.p:Tubulinea-Tubulinea_X.g:Copromyxa",0,0,0,0,0,0,0,0,0,0,0,0,0,0,0,2,1,0,0,0,0,0,0,0,0
"OTU1913.p:Rhizaria-Cercozoa.g:Penardia-lineage_X",0,0,0,0,0,0,0,0,0,0,0,0,0,0,0,0,0,0,0,0,0,1,0,0,0
"OTU1914.p:Alveolata-Chrompodellids.g:Alphamonadea_ALPH2",0,0,0,0,0,0,0,0,0,0,0,0,0,1,0,0,0,0,0,0,0,1,0,1,0
"OTU1917.p:Telonemia-Telonemia_X.g:Telonemia-Group-2_X",0,0,0,0,0,0,0,0,0,0,0,0,0,0,0,0,0,0,0,0,0,1,0,0,0
"OTU1919.p:Chlorophyta-Chlorophyta_X.g:Microspora",1,0,0,0,0,0,0,0,0,0,0,0,0,0,0,0,0,0,0,0,0,0,0,0,0
"OTU1920.p:Opisthokonta-Choanoflagellata.g:Salpingoeca",0,0,0,0,0,0,0,0,0,0,0,0,0,0,0,0,0,0,0,0,0,0,0,0,0
"OTU1923.p:Tubulinea-Tubulinea_X.g:Echinamoeba",0,0,0,0,0,0,0,0,0,0,1,0,0,1,0,1,0,0,0,1,0,1,5,0,2
"OTU1924.p:Rhizaria-Cercozoa.g:Limnofila",0,0,0,0,0,0,0,0,0,0,0,0,0,0,0,0,2,0,0,0,0,0,0,0,0
"OTU1925.p:Alveolata-Ciliophora.g:Dimacrocaryon",0,0,0,0,0,1,0,0,0,0,0,0,0,0,0,0,0,0,0,0,0,0,0,0,0
"OTU1926.p:Stramenopiles-Bigyra.g:Pseudodendromonadales_XX",0,0,0,0,0,0,0,2,0,0,0,0,0,0,0,0,0,0,0,0,0,0,0,0,0
"OTU1927.p:Alveolata-Ciliophora.g:Holosticha",0,0,0,0,0,0,0,0,0,0,0,0,0,0,0,0,0,0,0,0,0,0,0,0,0
"OTU1928.p:Rhizaria-Cercozoa.g:Vampyrellida_XX",0,0,0,0,0,0,0,0,0,0,0,0,0,0,0,0,0,0,0,2,0,0,0,0,0
"OTU1929.p:Chlorophyta-Chlorophyta_X.g:Golenkinia",0,0,0,0,0,0,0,0,0,0,0,0,0,0,0,0,0,0,0,0,0,0,0,0,0
"OTU1931.p:Evosea-Evosea_X.g:Schizoplasmodiopsis",0,0,0,0,0,0,0,0,0,0,0,0,0,0,0,0,0,0,0,0,0,0,0,0,0
"OTU1932.p:Stramenopiles-Bigyra.g:Bicoecaceae_X",0,0,0,1,0,0,0,0,0,0,0,1,0,0,0,0,0,0,0,0,0,0,0,0,1
"OTU1938.p:Alveolata-Dinoflagellata.g:Dinophyceae_XXX",0,0,0,0,0,0,0,0,0,0,0,0,0,0,0,1,0,1,0,0,0,0,0,0,0
"OTU1939.p:Alveolata-Chrompodellids.g:Colpodellidae2",0,0,0,0,0,0,0,0,0,0,0,0,0,0,0,0,0,0,0,0,0,0,0,0,0
"OTU1943.p:Opisthokonta-Ichthyosporea.g:Pseudoperkinsidae_XX",0,0,0,0,0,0,0,0,0,0,0,0,0,0,0,0,0,0,0,0,0,0,0,0,0
"OTU1944.p:Tubulinea-Tubulinea_X.g:Leptomyxa",0,0,0,0,0,0,0,0,0,0,0,0,0,0,0,0,0,0,0,0,0,0,0,0,0
"OTU1945.p:Evosea-Evosea_X.g:Variosea_XXX",0,0,0,0,2,0,0,0,1,0,0,0,0,0,0,0,0,0,0,0,2,1,0,1,0
"OTU1948.p:Rhizaria-Cercozoa.g:Cercozoa_XXXX",0,0,0,0,0,0,0,0,0,0,0,0,0,0,0,0,0,0,0,0,0,0,0,0,0
"OTU1950.p:Stramenopiles-Bigyra.g:Pseudodendromonadales_XX",0,0,0,0,0,1,0,0,0,0,0,0,0,0,0,0,0,0,0,0,0,0,0,0,0
"OTU1951.p:Rhizaria-Cercozoa.g:Glissomonadida_XX",0,0,0,0,0,0,0,0,0,0,0,0,0,0,0,0,0,1,0,1,0,0,0,0,0
"OTU1952.p:Rhizaria-Cercozoa.g:Protaspa",1,0,0,0,0,0,0,0,0,0,0,0,0,0,0,0,0,0,0,0,0,0,0,0,0
"OTU1953.p:Stramenopiles-Gyrista.g:Spumella",0,0,0,1,0,0,0,0,0,0,0,0,0,0,0,0,0,0,0,0,0,0,0,0,0
"OTU1954.p:Rhizaria-Cercozoa.g:Protaspa-lineage_X",0,0,0,0,0,0,0,0,0,0,0,0,1,0,0,0,1,0,0,0,2,1,0,0,1
"OTU1956.p:Rhodophyta-Rhodophyta_X.g:Cyanidiales_XX",0,0,0,0,0,0,0,0,0,2,0,0,0,0,1,0,0,0,0,0,0,0,3,0,0
"OTU1957.p:Evosea-Evosea_X.g:Mb5C-lineage_X",0,0,0,0,0,0,0,0,0,0,0,0,0,0,0,0,0,0,0,0,0,0,0,1,0
"OTU1958.p:Rhizaria-Cercozoa.g:Allantion",0,0,0,0,0,0,0,0,0,0,0,0,0,0,0,0,0,0,0,0,0,0,0,0,0
"OTU1961.p:Rhizaria-Cercozoa.g:Cercomonas",0,0,0,0,0,0,0,0,1,0,0,0,0,0,1,0,0,0,0,0,0,0,0,0,0
"OTU1964.p:Rhizaria-Cercozoa.g:Paracercomonas",0,0,0,1,0,0,0,0,0,0,0,0,0,0,0,0,0,0,0,0,0,0,0,0,0
"OTU1965.p:Stramenopiles-Bigyra.g:Pseudodendromonadales_XX",0,0,0,0,0,0,0,0,0,0,0,0,0,0,0,1,0,0,0,0,2,0,0,0,0
"OTU1966.p:Alveolata-Apicomplexa.g:Aranciocystis",0,0,0,0,0,0,0,0,0,0,0,0,0,0,0,0,0,0,0,0,0,0,0,0,0
"OTU1967.p:Rhizaria-Cercozoa.g:Sandona",0,0,0,0,0,2,0,0,0,0,0,0,0,0,0,0,0,0,1,0,0,0,0,0,0
"OTU1968.p:Stramenopiles-Bigyra.g:Aplanochytrium",0,0,0,0,0,0,0,0,0,0,0,0,0,0,0,0,0,0,0,0,0,0,0,0,0
"OTU1969.p:Opisthokonta-Choanoflagellata.g:Salpingoecidae_Group_C1_X",0,0,0,0,0,0,0,0,0,0,0,0,0,0,0,0,0,0,0,0,0,0,0,0,0
"OTU1970.p:Stramenopiles-Bigyra.g:Pseudodendromonadales_XX",0,0,0,0,0,0,0,0,0,0,0,0,0,0,0,0,0,0,0,0,0,0,0,0,0
"OTU1971.p:Stramenopiles-Gyrista.g:Pythium",0,0,0,0,0,0,1,0,0,0,0,0,0,0,0,0,0,0,0,0,0,0,0,0,0
"OTU1972.p:Tubulinea-Tubulinea_X.g:LOS7N/I-lineage_X",0,0,0,0,0,0,0,0,0,0,0,0,0,0,0,0,0,0,0,0,0,0,0,0,0
"OTU1973.p:Rhizaria-Cercozoa.g:Rhogostoma",0,0,0,0,0,0,0,0,0,1,0,1,0,0,0,0,0,0,0,0,0,0,0,0,0
"OTU1974.p:Rhizaria-Cercozoa.g:Limnofila",0,0,0,0,0,0,0,0,0,0,0,0,0,1,0,0,0,0,1,0,0,0,0,0,0
"OTU1975.p:Alveolata-Ciliophora.g:Pseudoholophrya",0,0,0,0,0,0,0,0,0,0,0,0,0,0,0,0,0,0,0,0,0,0,0,0,0
"OTU1976.p:Rhizaria-Cercozoa.g:Sandonidae_X",0,4,0,0,0,0,0,0,1,1,0,0,0,0,2,2,0,1,0,0,0,1,0,0,0
"OTU1977.p:Opisthokonta-Choanoflagellata.g:Salpingoecidae_Group_C1_X",0,0,0,0,1,0,0,0,0,2,1,1,1,0,1,1,2,2,0,0,0,0,0,0,2
"OTU1978.p:Alveolata-Ciliophora.g:Bistichella",0,0,0,0,0,0,0,0,0,0,0,0,0,0,0,0,0,0,0,0,0,0,1,0,0
"OTU1983.p:Tubulinea-Tubulinea_X.g:Nolandellidae_X",0,0,0,0,0,0,0,0,0,0,0,0,0,0,0,0,0,0,0,0,0,0,0,0,0
"OTU1986.p:Evosea-Evosea_X.g:WIM80-lineage_X",0,0,0,0,0,0,0,0,0,0,0,0,0,0,0,0,0,0,0,0,0,0,0,0,0
"OTU1987.p:Rhizaria-Cercozoa.g:Paracercomonas",0,0,0,0,0,0,0,0,0,0,0,1,0,0,0,0,0,0,0,0,0,0,1,1,0
"OTU1988.p:Rhizaria-Cercozoa.g:Rhogostoma-lineage_X",0,0,0,0,0,0,0,0,0,0,0,0,0,0,0,0,0,0,0,0,0,0,0,0,0
"OTU1989.p:Evosea-Evosea_X.g:Mb5C-lineage_X",0,0,0,0,0,0,0,0,0,0,0,0,0,0,0,0,0,0,0,0,0,0,0,0,0
"OTU1990.p:Alveolata-Ciliophora.g:Litostomatea_XXX",0,0,0,0,0,0,0,0,1,1,0,0,0,0,0,0,0,2,0,0,0,0,0,0,0
"OTU1991.p:Chlorophyta-Chlorophyta_X.g:Chlorogonium",0,0,1,0,0,4,0,0,0,0,0,0,0,0,0,1,0,0,0,0,0,0,0,0,0
"OTU1992.p:Evosea-Evosea_X.g:Variosea_XXX",1,2,1,0,3,0,0,0,2,0,0,0,0,0,0,1,0,0,4,0,0,0,0,0,0
"OTU1993.p:Stramenopiles-Bigyra.g:Fibrophrys",0,0,0,0,0,0,0,0,0,0,0,0,0,0,0,0,0,0,0,0,0,0,0,0,0
"OTU1995.p:Alveolata-Ciliophora.g:Platyophrya",0,0,0,0,0,0,0,0,0,0,0,0,0,0,0,0,0,0,1,0,0,0,0,0,0
"OTU1996.p:Opisthokonta-Opisthokonta_X.g:Opisthokonta_XXXXX",0,0,0,0,0,0,0,0,0,0,0,0,0,0,0,0,0,0,0,0,0,0,0,0,0
"OTU1998.p:Tubulinea-Tubulinea_X.g:Ptolemeba",0,0,0,0,0,0,1,0,0,0,0,0,0,0,0,0,0,0,0,0,0,0,0,0,0
"OTU2000.p:Alveolata-Ciliophora.g:Metopus",0,0,0,0,0,0,0,3,0,0,0,0,0,0,0,0,0,0,0,0,0,0,0,0,0
"OTU2002.p:Alveolata-Ciliophora.g:Litostomatea_XXX",0,0,1,0,0,0,0,0,0,1,0,0,0,0,0,0,1,0,0,0,0,0,0,0,0
"OTU2005.p:Alveolata-Ciliophora.g:Kuklikophrya",0,0,0,0,0,0,0,0,1,0,0,0,0,0,0,0,0,0,0,0,0,0,0,0,0
"OTU2006.p:Evosea-Evosea_X.g:Phalansterium",0,0,0,0,0,0,0,0,0,0,0,0,0,0,1,0,0,0,0,0,0,0,0,0,0
"OTU2007.p:Evosea-Eumycetozoa.g:Polysphondylium-Group-II",0,0,0,0,0,2,0,0,0,0,0,0,0,0,0,0,0,0,0,0,0,0,0,0,0
"OTU2008.p:Rhizaria-Cercozoa.g:Tremula",0,0,0,0,0,0,0,0,0,0,0,0,0,0,0,0,0,0,0,0,0,0,0,0,0
"OTU2009.p:Alveolata-Ciliophora.g:Arcuospathidium",0,0,0,0,0,0,0,0,0,0,0,0,0,0,0,0,0,0,0,0,0,0,0,0,0
"OTU2011.p:Rhizaria-Cercozoa.g:Allantion",0,0,0,0,0,0,0,0,0,0,0,0,0,0,0,0,0,0,0,0,0,0,0,0,1
"OTU2020.p:Stramenopiles-Gyrista.g:Hydrurales_XX",0,0,0,0,0,0,0,0,1,0,0,0,0,0,0,0,0,0,0,0,0,0,0,0,0
"OTU2021.p:Tubulinea-Tubulinea_X.g:Ptolemeba",0,0,0,0,0,0,0,0,0,0,0,0,0,0,0,1,0,0,0,0,0,0,0,0,0
"OTU2023.p:Evosea-Evosea_X.g:Flamella",0,0,0,0,2,0,0,0,0,0,0,0,0,0,0,0,0,0,0,0,0,0,0,0,0
"OTU2025.p:Rhizaria-Cercozoa.g:Cercomonas",0,0,0,0,0,0,0,0,0,0,0,0,0,0,0,0,0,0,0,0,0,0,0,1,0
"OTU2026.p:Tubulinea-Tubulinea_X.g:Hartmannella",0,0,0,0,0,0,0,1,0,0,0,0,0,0,1,0,0,0,0,0,0,0,0,0,0
"OTU2028.p:Breviatea-Breviatea_X.g:Breviata-lineage_X",0,0,0,0,0,0,0,0,0,0,0,0,0,0,0,0,0,0,0,0,0,0,0,0,0
"OTU2031.p:Stramenopiles-Gyrista.g:Phaeomonas",0,0,0,0,0,0,0,0,0,0,0,0,0,0,0,1,0,0,0,1,0,0,0,0,0
"OTU2032.p:Tubulinea-Tubulinea_X.g:Copromyxa",0,0,0,0,0,0,0,0,0,0,0,0,0,0,0,0,0,1,0,0,0,0,0,0,1
"OTU2037.p:Cryptophyta-Cryptophyta_X.g:Cryptomonadales_XX",0,0,0,0,1,0,0,0,0,0,0,0,0,0,0,0,0,0,0,0,0,0,0,0,0
"OTU2038.p:Evosea-Evosea_X.g:Flamella",0,0,0,0,0,0,0,0,0,0,0,0,0,0,0,0,0,0,0,0,1,0,0,0,0
"OTU2041.p:Alveolata-Ciliophora.g:Colpoda",0,0,0,0,0,0,0,0,0,0,0,0,2,0,0,0,0,0,0,0,0,0,0,0,0
"OTU2042.p:Alveolata-Dinoflagellata.g:Parvodinium",0,0,0,0,0,0,0,0,0,0,0,0,0,0,0,0,0,0,0,0,0,0,0,0,0
"OTU2043.p:Alveolata-Ciliophora.g:Holosticha",0,0,0,0,0,0,0,0,0,0,0,0,1,0,0,0,0,0,0,0,0,0,0,0,0
"OTU2044.p:Tubulinea-Tubulinea_X.g:Ptolemeba",0,0,0,0,3,0,0,0,0,0,0,0,0,0,0,0,0,0,0,0,0,0,0,0,0
"OTU2046.p:Discoba-Discoba_X.g:Stygiellidae_STYG1",0,0,0,0,0,0,0,0,0,2,0,0,0,0,0,0,0,0,0,0,0,0,0,0,0
"OTU2050.p:Rhizaria-Cercozoa.g:Thaumatomonas",0,0,0,0,0,0,0,0,0,0,0,0,0,0,0,0,0,0,0,0,0,0,0,0,0
"OTU2051.p:Rhizaria-Cercozoa.g:Pansomonadida_XX",0,0,0,0,0,0,0,0,0,0,0,0,0,0,0,0,0,0,0,0,0,0,0,0,0
"OTU2052.p:Alveolata-Chrompodellids.g:Colpodella",0,0,0,0,1,0,0,0,0,0,0,0,0,0,0,0,0,0,0,1,0,0,0,0,0
"OTU2053.p:Tubulinea-Tubulinea_X.g:Nolandellidae_X",0,0,0,0,0,0,0,0,0,0,0,0,0,0,0,0,0,0,0,0,0,0,2,0,0
"OTU2060.p:Stramenopiles-Bigyra.g:Bicosoeca",0,0,0,0,0,0,0,0,0,0,0,0,0,0,0,0,0,0,0,0,0,0,0,0,0
"OTU2063.p:Rhizaria-Cercozoa.g:Vampyrella",0,0,0,0,0,0,0,0,0,0,0,0,0,0,0,0,0,0,0,0,0,0,0,0,0
"OTU2067.p:Opisthokonta-Ichthyosporea.g:Ichthyophonida_XXX",0,0,0,0,0,0,0,0,1,0,0,0,0,0,0,0,0,0,0,0,0,0,0,0,0
"OTU2068.p:Rhizaria-Cercozoa.g:Vampyrellida_clade_B",0,0,0,0,0,0,0,0,2,0,0,0,1,0,0,0,0,0,0,0,0,0,0,0,0
"OTU2069.p:Rhizaria-Cercozoa.g:Protaspa",0,0,0,0,0,0,0,0,0,0,0,0,0,0,0,0,0,1,0,0,0,0,0,0,0
"OTU2072.p:Rhizaria-Cercozoa.g:Vampyrellida_XX",0,0,0,0,0,0,0,0,0,0,0,0,0,0,0,0,0,0,0,0,0,0,0,0,0
"OTU2084.p:Rhodophyta-Rhodophyta_X.g:Cyanidiales_XX",0,0,0,0,0,0,0,0,0,0,0,0,0,0,0,0,0,0,0,0,0,0,0,0,0
"OTU2088.p:Rhodophyta-Rhodophyta_X.g:Cyanidiales_XX",1,0,0,0,0,0,0,3,0,0,0,0,0,0,0,0,0,0,1,0,0,1,0,3,0
"OTU2090.p:Stramenopiles-Bigyra.g:Nerada",0,0,0,0,0,0,0,0,0,0,0,0,1,0,0,0,0,0,0,0,0,0,0,0,0
"OTU2098.p:Tubulinea-Tubulinea_X.g:Vermamoeba",0,0,0,0,0,0,0,0,0,0,0,0,0,0,0,0,0,0,0,0,0,0,0,0,0
"OTU2099.p:Rhodophyta-Rhodophyta_X.g:Cyanidiales_XX",0,1,0,0,0,0,0,1,0,0,0,0,0,0,0,0,0,0,0,0,0,3,0,0,1
"OTU2100.p:Chlorophyta-Chlorophyta_X.g:Myrmecia",0,0,0,0,0,0,0,0,0,0,0,0,0,0,0,0,0,0,0,0,0,0,0,0,0
"OTU2101.p:Tubulinea-Tubulinea_X.g:Hartmannella",0,1,0,0,0,0,0,0,0,0,0,0,0,0,0,0,0,0,0,0,0,0,0,0,0
"OTU2102.p:Rhizaria-Cercozoa.g:Sandonidae_X",1,0,1,0,0,0,0,0,0,0,0,0,0,0,0,1,0,0,0,0,1,0,0,0,0
"OTU2105.p:Rhizaria-Cercozoa.g:Cercomonas",0,0,0,0,0,0,0,0,0,2,0,0,0,0,0,0,0,0,0,0,0,0,0,0,0
"OTU2106.p:Alveolata-Ciliophora.g:Litostomatea_XXX",0,0,0,0,0,0,0,0,0,0,0,0,0,0,0,0,0,0,0,0,0,0,0,1,0
"OTU2112.p:Tubulinea-Tubulinea_X.g:Hartmannella",0,1,0,0,0,0,0,0,0,2,0,0,0,0,0,0,0,0,0,0,0,1,1,0,0
"OTU2115.p:Tubulinea-Tubulinea_X.g:Leptomyxa",0,0,0,0,0,0,0,0,0,0,0,0,0,0,0,0,0,0,0,0,0,0,0,0,0
"OTU2117.p:Alveolata-Ciliophora.g:Colpoda",0,0,0,0,0,0,0,0,0,0,0,0,1,0,0,0,0,0,0,0,0,0,0,0,0
"OTU2118.p:Chlorophyta-Chlorophyta_X.g:Chlorochytrium",0,0,0,0,0,0,0,0,0,0,0,0,0,0,0,0,0,0,0,0,0,0,0,0,0
"OTU2119.p:Metamonada-Preaxostyla.g:Paratrimastix",0,0,0,0,0,0,0,0,0,0,0,0,0,0,0,0,0,0,0,0,0,0,0,0,0
"OTU2120.p:Tubulinea-Tubulinea_X.g:Echinamoeba",0,0,0,0,0,0,1,0,0,0,0,0,2,0,0,0,0,0,0,0,0,0,0,0,0
"OTU2122.p:Alveolata-Ciliophora.g:CONThreeP_XXX",0,0,0,0,0,0,0,0,0,0,0,0,0,0,0,0,0,0,0,0,0,0,0,0,0
"OTU2124.p:Tubulinea-Tubulinea_X.g:Vermamoeba",0,0,0,0,0,0,0,0,0,0,0,0,0,0,0,0,0,0,0,0,0,0,0,0,0
"OTU2126.p:Opisthokonta-Rotosphaerida.g:Nuclearia",0,0,0,0,0,1,0,4,1,2,0,0,0,2,1,2,0,6,0,0,0,0,0,0,0
"OTU2127.p:Tubulinea-Tubulinea_X.g:Copromyxa",0,0,0,0,0,0,0,0,0,0,0,0,0,0,0,0,0,0,0,1,0,1,0,0,0
"OTU2129.p:Rhizaria-Cercozoa.g:Neocercomonas",0,0,0,0,0,0,0,0,0,0,0,0,0,0,0,0,1,0,0,0,0,0,0,0,0
"OTU2130.p:Stramenopiles-Bigyra.g:Pseudodendromonadales_XX",0,0,0,0,0,0,0,0,1,0,0,0,0,0,0,0,0,0,0,0,0,0,0,0,0
"OTU2138.p:Evosea-Evosea_X.g:Flamella",0,0,0,0,0,0,0,0,0,0,0,0,0,0,0,0,0,0,0,0,0,0,0,0,0
"OTU2139.p:Rhizaria-Cercozoa.g:Cercomonas",0,1,0,0,0,0,0,0,0,0,0,0,0,0,0,0,0,0,0,0,0,0,0,0,0
"OTU2140.p:Rhizaria-Cercozoa.g:Neocercomonas",0,0,0,0,0,0,0,0,0,0,0,0,0,0,0,0,0,0,0,0,0,0,0,1,0
"OTU2141.p:Chlorophyta-Chlorophyta_X.g:Chlamydomonadales_XX",0,0,0,0,0,0,0,0,0,0,0,0,0,0,0,0,0,0,0,0,0,0,0,0,0
"OTU2143.p:Rhizaria-Cercozoa.g:op14-lineage_X",0,0,0,0,0,0,0,0,0,0,0,0,0,0,0,0,0,0,0,0,0,0,0,0,0
"OTU2144.p:Stramenopiles-Gyrista.g:Aphanomyces",0,0,0,0,0,0,0,0,0,0,0,0,0,0,0,0,0,0,0,0,2,0,0,0,0
"OTU2145.p:Alveolata-Apicomplexa.g:Leidyana1",0,0,0,0,0,0,0,0,0,4,0,0,0,0,0,0,0,0,0,0,0,0,0,0,0
"OTU2146.p:Glaucophyta-Glaucophyta_X.g:Glaucocystis",0,0,0,0,0,0,0,0,0,0,0,0,0,0,0,0,0,0,0,0,0,0,0,0,0
"OTU2147.p:Stramenopiles-Bigyra.g:Aurantiochytrium",0,0,0,0,2,0,0,0,0,0,0,0,0,0,0,0,0,0,0,0,0,2,0,0,0
"OTU2148.p:Rhizaria-Cercozoa.g:Thalassomyxa",0,0,0,0,0,0,0,0,0,0,0,0,0,0,0,0,0,0,0,0,0,0,0,0,0
"OTU2150.p:Tubulinea-Tubulinea_X.g:Vermamoeba",0,0,0,0,0,0,0,0,0,0,0,0,0,0,0,0,0,0,0,0,0,0,0,0,0
"OTU2151.p:Rhizaria-Cercozoa.g:Mesofilidae_X",0,0,0,0,0,0,1,0,0,0,0,0,0,0,0,0,0,0,0,0,0,0,1,0,0
"OTU2152.p:Stramenopiles-Gyrista.g:Ochromonadales_clade-X_X",0,0,0,0,0,0,0,0,0,0,0,0,0,0,0,0,0,0,0,0,0,0,0,0,0
"OTU2153.p:Alveolata-Ciliophora.g:Litostomatea_XXX",0,0,0,0,0,0,0,0,0,0,0,0,0,0,2,0,0,0,0,0,0,0,0,0,0
"OTU2154.p:Alveolata-Ciliophora.g:Njinella",0,0,0,0,0,0,0,0,0,0,0,0,0,0,0,1,0,0,1,0,0,0,0,0,0
"OTU2155.p:Chlorophyta-Chlorophyta_X.g:Pascherina",0,0,0,0,0,0,0,0,0,0,0,0,0,1,0,0,0,0,0,0,0,0,1,0,0
"OTU2158.p:Tubulinea-Tubulinea_X.g:Tubulinea_XXXXX",0,0,0,0,0,0,0,0,0,0,0,0,0,0,0,0,0,1,0,0,0,0,0,0,0
"OTU2167.p:Tubulinea-Tubulinea_X.g:Copromyxa",0,0,0,0,0,0,0,0,0,0,0,2,0,0,0,0,0,0,1,0,0,0,0,1,0
"OTU2168.p:Tubulinea-Tubulinea_X.g:Nolandella",0,0,0,0,0,0,0,0,0,0,0,0,0,0,0,0,0,0,0,0,0,0,0,0,0
"OTU2170.p:Rhizaria-Cercozoa.g:Paracercomonas",0,0,0,0,0,0,0,0,0,0,0,0,0,0,0,0,0,0,0,0,0,0,0,0,0
"OTU2172.p:Alveolata-Ciliophora.g:Cyrtolophosidida_X",1,0,1,0,0,1,0,0,1,1,1,0,0,0,0,4,0,0,0,0,0,1,0,0,0
"OTU2174.p:Metamonada-Preaxostyla.g:Paratrimastix",0,0,0,0,0,0,0,0,0,0,0,1,0,0,0,0,0,0,0,0,0,0,0,0,0
"OTU2175.p:Tubulinea-Tubulinea_X.g:Rhizamoeba",0,0,0,0,0,0,0,0,2,0,0,0,0,0,0,0,0,0,1,0,0,0,0,0,0
"OTU2176.p:Chlorophyta-Chlorophyta_X.g:Protosiphon",0,0,0,0,0,0,0,0,0,0,1,0,0,0,0,0,0,0,0,0,0,0,0,0,1
"OTU2178.p:Alveolata-Ciliophora.g:Colpoda",0,0,0,0,1,0,0,0,0,0,0,0,0,0,0,0,0,0,0,0,0,0,0,0,0
"OTU2180.p:Stramenopiles-Bigyra.g:MAST-8A",0,1,0,0,0,0,0,0,0,0,1,0,0,0,0,0,0,0,0,0,0,0,0,0,0
"OTU2181.p:Alveolata-Ciliophora.g:Colpodida_X",1,0,0,0,0,0,0,0,0,0,0,0,0,0,0,0,0,0,0,0,0,0,0,0,0
"OTU2182.p:Chlorophyta-Chlorophyta_X.g:Wislouchiella",0,0,1,2,1,0,0,0,0,0,2,0,0,0,0,0,1,7,3,0,0,0,0,0,0
"OTU2183.p:Rhizaria-Cercozoa.g:Marimonadida_XX",0,0,0,0,0,0,0,0,0,0,0,0,0,0,0,0,0,0,0,0,0,0,0,0,0
"OTU2188.p:Rhizaria-Cercozoa.g:Marimonadida_XX",0,0,0,0,0,0,0,0,0,0,0,0,0,0,0,1,0,0,0,0,2,0,0,0,0
"OTU2197.p:Stramenopiles-Gyrista.g:Phytophthora",0,0,0,0,0,0,0,0,0,0,0,0,0,0,0,0,0,0,0,0,0,0,0,0,0
"OTU2198.p:Rhizaria-Cercozoa.g:Mollimonas",1,0,0,0,0,0,0,0,0,0,0,0,0,0,0,0,0,0,0,0,1,0,0,0,0
"OTU2199.p:Tubulinea-Tubulinea_X.g:Rhizamoeba",0,1,0,0,0,0,0,0,0,0,0,0,0,0,0,0,0,0,0,0,0,0,0,0,0
"OTU2201.p:Chlorophyta-Chlorophyta_X.g:Marsupiomonas",0,0,0,0,0,0,0,0,0,0,0,0,0,0,0,0,0,0,0,0,0,0,0,0,0
"OTU2205.p:Telonemia-Telonemia_X.g:Telonemia-Group-2_X",0,0,0,0,0,0,0,0,0,0,0,0,0,0,0,0,0,0,0,0,0,0,0,0,0
"OTU2207.p:Alveolata-Dinoflagellata.g:Dinophyceae_XXX",0,0,0,0,0,0,0,0,0,0,0,0,0,0,0,0,0,0,0,0,0,0,0,0,0
"OTU2208.p:Centroplasthelida-Centroplasthelida_X.g:Centroplasthelida_XXXXX",0,0,0,0,0,0,0,0,0,0,0,0,0,0,0,0,0,0,0,0,0,0,0,0,0
"OTU2209.p:Chlorophyta-Chlorophyta_X.g:Elliptochloris",0,0,0,1,0,29,0,0,0,0,0,0,0,0,2,0,0,0,0,0,0,0,0,0,0
"OTU2210.p:Stramenopiles-Gyrista.g:Chlamydomyzium",0,0,0,0,0,0,0,0,0,1,0,0,0,0,0,0,0,0,0,0,0,0,0,0,0
"OTU2211.p:Tubulinea-Tubulinea_X.g:Nolandellidae_X",0,0,0,0,0,0,0,0,1,0,0,0,0,0,0,0,0,0,0,0,0,0,0,0,0
"OTU2213.p:Rhizaria-Cercozoa.g:Bodomorpha",1,0,0,0,0,0,0,0,0,0,0,0,0,0,0,0,0,0,0,0,0,0,0,0,0
"OTU2215.p:Evosea-Evosea_X.g:Angulamoeba",1,0,1,0,0,0,0,0,0,0,0,0,0,0,0,0,0,0,0,0,0,2,0,0,1
"OTU2216.p:Stramenopiles-Bigyra.g:Pseudodendromonadales_XX",0,0,0,0,0,0,2,3,0,1,0,0,0,0,0,0,0,0,0,0,0,0,0,0,0
"OTU2217.p:Tubulinea-Tubulinea_X.g:Hartmannellidae_X",0,0,0,0,0,1,0,0,0,0,0,0,0,0,0,0,0,0,0,0,0,0,0,0,0
"OTU2218.p:Rhizaria-Cercozoa.g:Limnofilidae_X",0,0,0,0,0,0,0,0,0,0,0,0,0,0,0,0,1,0,0,0,0,0,0,0,0
"OTU2223.p:Alveolata-Chrompodellids.g:Alphamonadea_ALPH2",0,0,0,0,0,0,0,0,0,0,0,0,0,0,0,0,0,0,3,0,0,0,0,0,0
"OTU2224.p:Rhizaria-Cercozoa.g:Limnofila",0,0,0,0,0,0,0,0,0,0,0,0,0,0,0,0,0,0,0,0,0,0,0,0,0
"OTU2226.p:Rhizaria-Cercozoa.g:Thalassomyxa-lineage_X",0,0,0,0,0,0,0,0,0,0,0,0,0,0,1,0,0,0,0,0,0,0,0,1,1
"OTU2227.p:Stramenopiles-Gyrista.g:Xanthonema",0,0,0,0,0,0,0,0,0,0,0,0,0,0,0,0,0,0,0,0,0,0,0,0,0
"OTU2229.p:Rhizaria-Cercozoa.g:Cercomonadidae_X",0,0,0,0,0,0,1,0,0,0,0,0,0,0,0,0,0,0,0,0,0,0,0,0,0
"OTU2234.p:Rhizaria-Cercozoa.g:Thalassomyxa-lineage_X",0,0,0,0,0,0,0,0,0,0,0,0,0,0,0,0,0,0,0,0,0,0,0,3,0
"OTU2237.p:Stramenopiles-Bigyra.g:Fibrophrys",0,0,0,0,0,0,0,0,0,0,0,0,0,0,0,0,0,0,0,0,0,0,0,0,0
"OTU2240.p:Tubulinea-Tubulinea_X.g:Ptolemeba",0,0,0,0,0,0,0,0,0,0,0,0,0,0,0,0,0,0,0,0,0,0,0,0,0
"OTU2241.p:Chlorophyta-Chlorophyta_X.g:Chloroidium",0,0,0,0,0,0,0,0,0,0,0,0,0,0,0,0,0,0,0,0,0,0,0,0,0
"OTU2242.p:Rhizaria-Cercozoa.g:Cercozoa_XXXX",0,0,0,0,0,1,0,0,0,0,0,0,0,0,0,0,0,1,0,0,0,0,0,0,0
"OTU2243.p:Rhizaria-Cercozoa.g:Glissomonadida_Clade-Y_X",0,0,1,0,0,0,0,0,0,0,0,0,0,0,0,1,3,0,0,1,0,0,0,0,0
"OTU2246.p:Rhizaria-Cercozoa.g:Cercomonas",0,0,0,0,0,0,0,0,0,0,0,0,0,0,0,0,0,0,0,0,0,0,0,0,0
"OTU2248.p:Rhizaria-Cercozoa.g:Penardia-lineage_X",0,0,0,0,0,0,0,0,0,0,0,0,0,0,0,0,0,0,0,0,0,0,0,0,0
"OTU2251.p:Rhizaria-Cercozoa.g:Allapsidae_X",0,0,0,0,0,0,0,0,0,0,0,0,0,0,0,0,0,0,0,0,0,0,0,0,0
"OTU2252.p:Alveolata-Ciliophora.g:Blepharisma",0,0,0,0,0,0,0,0,0,0,0,0,0,0,0,0,0,0,0,0,0,0,0,0,0
"OTU2254.p:Alveolata-Dinoflagellata.g:Spiniferodinium",0,0,0,0,0,0,0,0,0,1,0,0,0,0,0,0,0,0,0,0,0,0,0,0,0
"OTU2257.p:Rhizaria-Cercozoa.g:Mesofila",0,0,0,0,0,0,0,0,0,0,1,0,0,0,0,0,0,0,0,0,0,0,0,0,0
"OTU2258.p:Stramenopiles-Bigyra.g:Amphifilaceae_X",0,0,0,0,0,0,1,0,0,0,0,0,0,0,0,0,0,0,0,0,0,0,0,0,0
"OTU2259.p:Rhizaria-Cercozoa.g:Cercozoa_XXXX",0,0,0,0,0,0,0,0,0,0,0,0,0,0,0,0,0,1,0,0,0,0,0,0,0
"OTU2262.p:Alveolata-Ciliophora.g:Colpoda",0,0,0,0,0,0,0,0,0,0,0,0,0,0,0,0,0,0,0,0,0,0,2,0,0
"OTU2263.p:Stramenopiles-Bigyra.g:Bicosoeca",0,0,0,0,0,0,0,0,0,0,0,0,0,0,0,0,0,0,0,0,0,0,0,0,0
"OTU2268.p:Stramenopiles-Stramenopiles_X.g:Stramenopiles_XXXXX",0,0,0,0,0,0,0,0,0,0,0,0,0,0,0,0,0,0,0,0,0,0,0,0,0
"OTU2269.p:Alveolata-Ciliophora.g:Pseudocyrtolophosis",0,0,0,0,0,0,0,0,0,0,0,0,0,1,0,0,0,0,0,0,0,0,0,0,0
"OTU2270.p:Opisthokonta-Choanoflagellata.g:Monosiga",0,0,0,0,0,0,0,0,0,0,0,0,0,0,0,0,0,0,0,0,0,0,0,0,0
"OTU2272.p:Rhizaria-Cercozoa.g:Allapsidae_X",0,0,0,0,0,1,0,0,0,0,0,0,0,0,0,0,0,0,0,0,0,0,0,0,0
"OTU2274.p:Evosea-Evosea_X.g:Flamella",0,0,0,0,0,0,0,0,0,0,0,0,0,0,0,0,0,0,0,0,1,0,0,2,0
"OTU2276.p:Stramenopiles-Gyrista.g:Synchromophyceae_XXX",0,0,0,0,0,0,0,0,0,0,0,0,0,0,0,0,0,0,0,0,0,0,0,0,0
"OTU2277.p:Discosea-Discosea_X.g:Endostelium",0,0,0,0,0,0,0,0,0,0,0,0,0,0,0,0,0,0,0,0,0,0,0,0,0
"OTU2280.p:Rhizaria-Cercozoa.g:Allantion",0,0,0,0,0,0,0,0,0,0,0,0,0,0,0,0,0,0,0,0,0,0,0,0,0
"OTU2281.p:Rhizaria-Cercozoa.g:Paracercomonas",0,0,0,0,0,0,0,0,0,0,0,0,0,0,0,0,0,0,0,0,0,0,0,0,0
"OTU2282.p:Telonemia-Telonemia_X.g:Telonemia-Group-2_X",1,0,0,0,0,0,0,0,0,0,0,0,0,0,0,0,0,0,0,0,0,0,0,0,0
"OTU2284.p:Alveolata-Ciliophora.g:Bryometopus",0,0,0,0,0,0,0,0,0,0,0,0,0,0,0,0,0,0,0,0,3,0,0,0,0
"OTU2287.p:Rhizaria-Cercozoa.g:Leptophryidae_X",0,0,0,0,0,0,0,0,0,0,0,0,0,0,0,0,1,0,0,0,0,0,0,0,0
"OTU2289.p:Rhizaria-Cercozoa.g:Proleptomonas",0,0,0,0,0,0,0,0,0,0,0,0,0,0,0,0,0,0,0,0,0,0,0,0,0
"OTU2293.p:Evosea-Evosea_X.g:Phalansterium",0,0,0,0,0,0,0,0,0,0,0,0,1,0,0,0,0,0,0,0,0,0,0,0,0
"OTU2296.p:Stramenopiles-Bigyra.g:Fibrophrys",0,0,0,0,0,0,0,0,0,0,0,0,0,0,0,0,0,0,0,0,0,1,0,0,0
"OTU2298.p:Opisthokonta-Rotosphaerida.g:Nuclearia",0,0,0,0,0,0,0,1,0,0,0,0,0,0,0,0,0,0,0,0,0,2,0,0,0
"OTU2301.p:Tubulinea-Tubulinea_X.g:Leptomyxa",0,0,0,0,0,0,0,0,0,0,0,0,0,0,0,0,0,0,0,0,0,0,4,0,0
"OTU2303.p:Rhizaria-Cercozoa.g:Pansomonadida_XX",0,0,0,0,0,0,0,0,0,0,0,0,0,0,0,0,0,0,0,0,0,0,0,0,0
"OTU2304.p:Ancyromonadida-Ancyromonadida_X.g:Ancyromonadida_Group-1_X",0,0,0,0,0,0,0,0,0,0,0,0,0,0,0,0,0,0,0,0,0,0,0,0,0
"OTU2305.p:Stramenopiles-Bigyra.g:MAST-3J",0,0,0,0,0,0,0,0,0,0,0,0,0,0,0,0,0,0,0,2,0,0,0,0,0
"OTU2307.p:Alveolata-Ciliophora.g:Pseudochilodonopsis",0,0,0,0,0,0,0,0,0,0,0,0,2,0,0,0,0,0,0,0,0,0,0,0,0
"OTU2308.p:Evosea-Evosea_X.g:Ceratiomyxella",0,0,0,0,0,0,0,0,0,0,0,0,0,0,0,0,0,0,0,0,0,0,0,0,0
"OTU2309.p:Alveolata-Ciliophora.g:Microthoracida_X",0,0,0,0,0,0,0,0,0,0,0,0,0,0,0,0,0,0,0,0,0,0,0,0,0
"OTU2310.p:Evosea-Evosea_X.g:Mb5C-lineage_X",0,0,0,0,0,0,0,0,0,0,0,0,0,0,0,0,0,0,0,0,0,0,0,0,0
"OTU2311.p:Stramenopiles-Gyrista.g:Chrysophyceae_Clade-EC2H_XX",0,0,0,0,0,0,0,0,0,0,0,0,0,0,0,0,0,0,0,0,0,0,0,0,0
"OTU2315.p:Alveolata-Ciliophora.g:CONTH_3_XXX",0,0,0,0,0,0,0,0,0,0,0,0,0,0,0,0,0,0,0,0,0,0,0,0,0
"OTU2318.p:Stramenopiles-Bigyra.g:MAST-8A",0,0,0,0,0,0,0,0,0,0,0,0,0,0,0,0,0,0,0,0,0,0,0,0,0
"OTU2319.p:Alveolata-Ciliophora.g:Cyrtolophosidida_X",0,0,0,0,0,0,0,0,0,0,0,0,0,0,0,0,0,0,0,0,0,0,0,0,0
"OTU2320.p:Alveolata-Ciliophora.g:Cultellothrix",0,0,0,0,0,0,0,0,0,0,0,0,1,0,0,0,1,0,0,0,0,0,0,0,1
"OTU2321.p:Alveolata-Ciliophora.g:Sessilida_X",0,0,0,0,0,0,0,0,0,0,0,0,0,0,0,0,0,0,0,0,0,0,0,0,0
"OTU2322.p:Rhizaria-Cercozoa.g:Sandonidae_X",0,0,0,0,0,0,0,0,0,0,0,0,0,0,0,0,0,0,0,0,0,0,0,0,0
"OTU2323.p:Rhizaria-Cercozoa.g:Limnofila",0,0,0,0,0,0,0,0,0,0,0,0,0,0,0,0,0,0,0,0,0,0,0,0,0
"OTU2324.p:Evosea-Evosea_X.g:Variosea_XXX",0,0,0,0,0,0,0,0,0,0,0,0,0,0,0,0,0,0,0,0,0,0,0,0,0
"OTU2325.p:Opisthokonta-Choanoflagellata.g:Enibas",0,0,0,0,0,0,0,0,0,0,0,1,0,0,0,0,0,0,0,0,0,0,0,0,0
"OTU2326.p:Rhizaria-Cercozoa.g:Cercomonas",0,0,0,0,0,0,0,0,0,0,0,0,1,0,0,1,0,0,0,0,0,0,0,0,0
"OTU2328.p:Rhizaria-Cercozoa.g:Neoheteromita",1,0,0,3,0,1,2,1,2,1,4,1,4,1,1,4,7,4,0,1,1,0,0,0,0
"OTU2336.p:Rhizaria-Cercozoa.g:Cercomonas",0,0,0,0,0,0,0,0,0,0,0,0,3,0,0,0,0,0,0,0,0,1,0,0,0
"OTU2340.p:Stramenopiles-Bigyra.g:Archerella",0,0,0,0,0,0,0,0,0,0,1,0,0,0,0,0,0,0,0,0,0,0,0,0,0
"OTU2346.p:Evosea-Evosea_X.g:Variosea_XXX",0,0,0,0,0,0,0,0,0,0,0,0,0,0,0,0,0,0,0,0,0,0,0,0,0
"OTU2347.p:Stramenopiles-Gyrista.g:Synchromophyceae_XXX",0,0,0,0,0,0,0,0,0,0,0,0,0,0,0,0,0,0,0,0,0,0,1,0,0
"OTU2348.p:Tubulinea-Tubulinea_X.g:Leptomyxa",0,0,0,0,0,0,0,1,0,0,0,0,0,0,0,0,0,0,0,0,0,1,0,0,0
"OTU2350.p:Stramenopiles-Gyrista.g:Chrysophyceae_Clade-EC2H_XX",0,0,0,0,0,0,0,0,0,0,0,0,1,0,0,0,0,0,0,0,0,0,0,0,1
"OTU2352.p:Tubulinea-Tubulinea_X.g:Copromyxa",0,0,1,0,0,0,0,0,0,0,0,0,0,0,0,0,0,0,0,0,0,0,0,0,0
"OTU2353.p:Alveolata-Ciliophora.g:Tetrahymena",1,0,0,1,0,0,0,0,1,2,0,1,0,0,0,0,0,0,0,0,0,0,0,2,0
"OTU2354.p:Rhodophyta-Rhodophyta_X.g:Cyanidiales_XX",0,2,0,0,0,0,0,0,0,0,0,0,0,0,0,0,0,0,0,0,0,0,0,0,0
"OTU2358.p:Tubulinea-Tubulinea_X.g:Nolandella",0,0,0,0,0,0,0,0,0,0,0,0,0,0,0,0,0,0,0,0,0,0,0,0,0
"OTU2359.p:Opisthokonta-Choanoflagellata.g:Salpingoeca",1,0,0,0,0,0,0,0,0,0,0,0,0,0,0,0,0,0,0,0,0,0,0,0,0
"OTU2362.p:Tubulinea-Tubulinea_X.g:Nolandellidae_X",0,0,0,0,0,0,0,0,0,0,0,0,0,0,0,0,0,0,0,0,0,0,0,0,0
"OTU2363.p:Breviatea-Breviatea_X.g:Pygsuia",0,0,0,0,0,0,0,0,0,0,0,0,0,0,0,0,0,0,0,0,0,0,0,0,0
"OTU2365.p:Stramenopiles-Bigyra.g:Pseudodendromonadales_XX",0,0,0,0,0,0,0,0,0,0,0,0,0,0,0,0,0,0,0,0,0,0,0,0,0
"OTU2366.p:Chlorophyta-Chlorophyta_X.g:Tetracystis",0,0,0,0,0,0,0,0,0,0,1,2,0,0,0,0,0,0,0,0,0,0,0,0,0
"OTU2370.p:Rhizaria-Cercozoa.g:Novel-Gran-6_X",0,0,0,0,0,0,0,0,0,0,0,0,0,0,0,0,0,0,0,0,0,0,0,0,0
"OTU2371.p:Rhizaria-Cercozoa.g:Limnofilidae_X",0,0,0,0,0,0,0,0,0,0,0,0,0,0,0,0,0,0,0,0,0,0,0,0,0
"OTU2373.p:Opisthokonta-Rotosphaerida.g:Pompholyxophrys",0,0,0,0,1,0,0,0,0,0,0,0,0,0,0,0,0,0,0,0,0,0,0,0,0
"OTU2374.p:Centroplasthelida-Centroplasthelida_X.g:Heterophrys",0,0,0,0,0,0,1,0,0,0,0,0,0,0,0,0,0,0,0,0,0,0,0,0,0
"OTU2375.p:Cryptophyta-Cryptophyta_X.g:Goniomonadales_XX",0,0,0,0,0,0,0,0,0,0,0,0,0,0,0,0,0,0,0,0,0,1,0,0,0
"OTU2376.p:Tubulinea-Tubulinea_X.g:Arcella",0,0,0,0,0,0,0,0,0,1,0,0,0,0,0,0,0,0,0,0,0,0,0,0,0
"OTU2378.p:Evosea-Evosea_X.g:Variosea_XXX",0,0,0,0,0,0,0,0,0,0,0,0,0,0,0,0,0,0,0,0,0,0,0,0,0
"OTU2381.p:Evosea-Evosea_X.g:WIM1-lineage_X",0,0,0,0,0,0,0,0,0,0,0,0,0,0,0,0,0,0,0,0,0,0,0,0,1
"OTU2383.p:Rhizaria-Cercozoa.g:Cercozoa_XXXX",0,0,0,0,1,0,0,0,0,0,0,0,0,0,0,0,0,0,0,0,0,0,0,0,0
"OTU2390.p:Evosea-Evosea_X.g:Ceratiomyxella",0,0,0,0,0,0,0,0,0,0,0,0,0,0,0,0,0,0,0,0,0,1,0,0,2
"OTU2391.p:Tubulinea-Tubulinea_X.g:Echinamoeba",0,0,0,0,0,0,0,0,0,0,0,0,0,0,0,0,0,0,0,1,0,0,0,0,0
"OTU2393.p:Rhizaria-Cercozoa.g:Plasmodiophorida_XX",0,0,0,0,0,0,0,0,0,0,0,0,0,0,0,0,0,0,0,0,0,1,0,0,0
"OTU2399.p:Evosea-Evosea_X.g:Nematostelium",0,0,0,0,0,0,0,0,0,0,0,0,0,0,0,0,0,0,0,0,0,0,0,1,0
"OTU2400.p:Stramenopiles-Gyrista.g:Ochromonadales_clade-XI_X",0,0,0,2,0,0,0,0,0,0,0,0,0,0,1,0,0,0,0,0,0,0,0,0,0
"OTU2403.p:Rhizaria-Cercozoa.g:Thalassomyxa-lineage_X",0,0,0,0,0,0,0,0,0,0,0,0,0,0,0,0,0,0,0,0,0,0,0,0,0
"OTU2406.p:Alveolata-Ciliophora.g:Metaradiophrya",0,0,0,0,0,0,1,0,0,0,0,0,0,0,0,0,0,0,0,0,0,0,0,0,0
"OTU2409.p:Tubulinea-Tubulinea_X.g:Nolandellidae_X",0,0,0,0,0,0,0,0,0,0,0,0,0,0,0,0,0,0,0,0,0,0,0,0,0
"OTU2410.p:Alveolata-Ciliophora.g:Arcuospathidium",0,0,0,0,0,0,0,0,0,0,0,0,0,0,0,0,0,0,0,0,0,0,0,0,0
"OTU2411.p:Chlorophyta-Chlorophyta_X.g:Carteria",0,0,0,0,0,1,1,0,0,0,0,2,0,0,0,0,0,0,0,0,0,0,0,0,0
"OTU2412.p:Rhodophyta-Rhodophyta_X.g:Galdieria",0,1,0,0,0,0,1,1,0,0,0,0,0,0,0,0,0,0,0,0,0,0,0,0,0
"OTU2413.p:Evosea-Evosea_X.g:Ceratiomyxella",0,0,0,0,0,0,0,1,0,0,0,0,0,0,0,1,0,0,0,0,0,0,0,0,0
"OTU2418.p:Tubulinea-Tubulinea_X.g:Flabellula",0,0,0,0,0,0,0,0,0,0,0,0,1,0,0,0,0,0,0,0,0,0,0,0,0
"OTU2419.p:Evosea-Evosea_X.g:Protostelium",0,0,0,0,0,0,0,0,0,0,0,0,0,0,0,0,0,0,0,0,0,0,0,0,0
"OTU2420.p:Rhizaria-Cercozoa.g:Allapsidae_X",0,0,1,0,0,0,0,0,0,0,0,0,0,0,0,0,0,0,0,0,0,0,0,0,0
"OTU2423.p:Alveolata-Dinoflagellata.g:Stoeckeria",0,0,0,0,0,0,0,0,0,0,0,0,0,0,0,0,0,0,0,0,0,0,0,0,0
"OTU2424.p:Rhizaria-Cercozoa.g:Sandona",0,0,0,0,0,0,0,0,0,0,0,0,0,0,0,0,0,0,0,0,0,0,0,0,0
"OTU2427.p:Alveolata-Dinoflagellata.g:Dinophyceae_XXX",0,0,0,0,0,0,0,0,0,0,0,0,0,0,0,0,0,0,0,0,0,0,0,0,0
"OTU2428.p:Tubulinea-Tubulinea_X.g:Saccamoeba",0,0,0,0,0,0,0,0,0,0,0,0,0,0,0,0,0,1,0,0,0,0,0,0,0
"OTU2429.p:Opisthokonta-Opisthokonta_X.g:Tunicaraptor",0,0,0,0,0,0,0,0,0,0,0,2,0,0,0,0,0,0,0,0,3,0,0,0,0
"OTU2433.p:Stramenopiles-Bigyra.g:Fibrophrys",0,0,0,0,0,0,0,0,0,0,1,0,0,0,0,0,0,0,0,0,0,0,0,0,1
"OTU2434.p:Rhizaria-Cercozoa.g:Thalassomyxa",0,0,0,0,0,0,0,0,0,0,0,0,0,0,0,0,0,0,0,0,0,2,0,0,0
"OTU2435.p:Rhizaria-Cercozoa.g:Rhogostoma-lineage_X",1,0,0,0,1,0,0,0,0,0,0,0,0,0,0,0,0,0,0,2,0,0,0,0,0
"OTU2437.p:Amoebozoa_X-Amoebozoa_XX.g:Lobosa-G1_XXX",0,0,0,0,0,0,0,0,0,0,0,0,0,0,0,0,0,0,0,0,0,0,0,0,0
"OTU2445.p:Stramenopiles-Bigyra.g:MAST-8A",0,0,0,0,0,0,0,0,0,1,0,0,0,0,0,0,0,0,0,0,0,0,0,0,0
"OTU2448.p:Rhizaria-Cercozoa.g:Paracercomonas",0,0,0,0,0,0,0,0,0,0,0,0,0,0,0,0,0,0,0,0,0,0,0,0,0
"OTU2451.p:Alveolata-Perkinsea.g:Perkinsida_XXX",0,0,0,0,0,0,0,0,0,0,0,2,0,0,0,0,0,0,0,0,0,0,0,1,0
"OTU2454.p:Centroplasthelida-Centroplasthelida_X.g:Centroplasthelida_XXXXX",0,0,0,0,0,0,1,0,0,0,0,0,0,0,0,0,0,0,0,0,0,0,0,0,0
"OTU2455.p:Apusomonada-Apusomonada_X.g:Apusomonadidae_Group-1_XX",0,0,0,0,0,0,0,0,0,0,0,0,0,0,1,0,1,0,0,0,0,0,0,0,0
"OTU2457.p:Opisthokonta-Choanoflagellata.g:Choanoflagellata_XX_Clade-2_X",0,0,0,0,0,0,0,0,0,0,0,0,1,0,0,0,0,0,0,0,0,0,0,0,0
"OTU2458.p:Rhizaria-Cercozoa.g:Sandonidae_X",0,0,0,0,0,0,0,0,0,0,0,0,0,0,0,0,1,0,0,0,0,0,0,0,0
"OTU2459.p:Evosea-Evosea_X.g:Ceratiomyxella",0,0,0,0,0,0,0,0,0,0,0,0,0,0,0,0,0,0,0,0,0,0,0,0,0
"OTU2460.p:Alveolata-Ciliophora.g:Apotrachelocerca",0,0,0,0,0,0,0,0,0,0,0,0,0,0,0,0,0,0,0,0,0,1,0,0,0
"OTU2461.p:Rhizaria-Cercozoa.g:Thalassomyxa",0,0,0,0,0,0,0,0,0,0,0,0,0,0,0,0,0,0,0,0,0,0,0,0,0
"OTU2462.p:Alveolata-Ciliophora.g:Colpodidiidae_X",0,0,0,0,0,0,0,0,0,0,0,0,0,0,0,0,0,0,0,0,0,0,0,0,0
"OTU2464.p:Stramenopiles-Bigyra.g:Amphifilaceae_X",0,0,0,0,0,0,0,1,0,0,0,0,0,0,0,1,1,0,1,0,0,0,1,0,0
"OTU2466.p:Opisthokonta-Ichthyosporea.g:Ichthyophonida_XXX",1,0,0,0,1,0,0,0,0,0,0,0,0,0,0,1,0,0,0,0,0,0,0,0,0
"OTU2467.p:Stramenopiles-Bigyra.g:Pseudodendromonadales_XX",0,0,0,0,0,0,0,0,0,0,0,0,0,0,0,0,0,0,0,0,0,0,0,0,0
"OTU2468.p:Rhizaria-Cercozoa.g:Sandonidae_X",0,0,0,0,0,0,0,0,0,0,0,0,0,0,0,0,0,0,0,0,0,0,0,0,0
"OTU2469.p:Breviatea-Breviatea_X.g:Breviata-lineage_X",0,0,0,0,0,0,0,0,0,0,0,0,0,0,0,0,0,0,0,0,0,0,0,0,0
"OTU2473.p:Discoba-Discoba_X.g:Stygiellidae_STYG1",0,0,0,0,0,0,0,0,0,2,0,0,0,0,0,0,0,0,0,0,0,0,0,0,0
"OTU2474.p:Alveolata-Ciliophora.g:Urostyla",0,0,0,0,0,0,0,0,0,0,0,0,0,0,0,0,0,0,0,0,0,0,0,0,0
"OTU2475.p:Amoebozoa_X-Amoebozoa_XX.g:Lobosa-G1_XXX",0,0,0,0,0,0,0,0,0,1,1,0,0,0,0,0,0,0,0,0,0,0,0,0,1
"OTU2482.p:Rhizaria-Cercozoa.g:Rhogostoma",0,0,0,0,0,0,0,0,0,0,0,0,0,0,0,0,0,0,0,0,0,0,0,0,0
"OTU2483.p:Tubulinea-Tubulinea_X.g:Nolandellidae_X",0,0,0,0,0,0,0,0,0,0,1,0,0,0,0,0,0,0,0,0,0,0,0,0,0
"OTU2485.p:Stramenopiles-Gyrista.g:Leptomitales_X",0,0,0,0,0,0,0,0,0,0,0,0,0,0,0,0,0,0,0,0,0,0,1,0,0
"OTU2488.p:Alveolata-Perkinsea.g:Perkinsida_XXX",0,0,0,0,0,0,0,0,0,0,0,0,0,0,0,0,0,0,0,0,1,0,0,0,0
"OTU2490.p:Opisthokonta-Choanoflagellata.g:Monosiga",0,0,0,0,0,0,0,0,0,0,0,0,0,0,0,0,0,0,0,0,0,0,0,0,0
"OTU2501.p:Tubulinea-Tubulinea_X.g:Echinamoeba",0,0,0,0,0,0,0,0,0,0,1,0,0,1,0,0,1,0,0,0,0,0,0,0,0
"OTU2502.p:Opisthokonta-Pluriformea.g:Syssomonas",1,0,0,0,0,0,0,1,0,0,0,0,0,0,0,1,0,0,0,0,0,1,0,0,0
"OTU2504.p:Alveolata-Perkinsea.g:Perkinsida_XXX",0,0,0,0,0,0,0,0,0,0,0,0,0,0,0,0,0,0,0,0,0,0,0,0,0
"OTU2505.p:Opisthokonta-Filasterea.g:Pigoraptor",1,0,0,0,1,0,0,0,0,0,0,3,0,0,2,0,0,0,0,0,3,0,0,0,0
"OTU2506.p:Telonemia-Telonemia_X.g:Telonemia-Group-2_X",0,0,0,0,1,0,0,0,0,0,0,0,0,0,0,0,0,0,0,0,0,0,0,0,0
"OTU2507.p:Rhodophyta-Rhodophyta_X.g:Cyanidiales_XX",0,0,0,0,1,2,0,0,0,0,0,0,0,0,0,0,0,0,0,0,0,0,0,0,1
"OTU2508.p:Stramenopiles-Bigyra.g:Pseudodendromonadales_XX",0,0,0,0,0,0,0,0,0,0,1,0,3,0,1,0,0,0,0,0,0,0,0,0,1
"OTU2509.p:Rhodophyta-Rhodophyta_X.g:Cyanidiales_XX",0,0,0,0,0,0,0,0,0,0,0,0,0,1,0,0,0,0,0,0,0,0,0,0,0
"OTU2510.p:Rhodophyta-Rhodophyta_X.g:Erythrocladia",0,0,0,0,0,0,0,0,0,0,0,0,0,0,0,0,0,0,0,0,0,0,0,0,0
"OTU2511.p:Tubulinea-Tubulinea_X.g:Leptomyxa",0,0,0,0,0,0,0,0,0,0,0,0,0,0,0,0,0,0,0,0,0,0,0,0,0
"OTU2513.p:Opisthokonta-Choanoflagellata.g:Salpingoecidae_Group_C1_X",0,0,0,0,0,0,0,0,0,0,0,0,0,0,0,0,0,0,0,0,0,0,0,0,0
"OTU2516.p:Metamonada-Preaxostyla.g:Paratrimastix",0,0,0,0,0,0,0,0,1,0,0,0,0,0,0,0,0,0,0,0,0,0,0,0,0
"OTU2517.p:Stramenopiles-Gyrista.g:Tribonema",0,0,0,0,0,1,0,0,0,0,0,2,0,0,0,0,0,0,0,0,0,0,0,0,0
"OTU2519.p:Discosea-Discosea_X.g:Acanthamoeba",0,0,0,0,0,0,0,1,0,0,0,0,0,0,0,0,0,0,0,0,0,0,0,0,0
"OTU2520.p:Stramenopiles-Bigyra.g:Amphifilaceae_X",0,0,0,0,0,0,0,0,0,0,0,0,0,0,0,0,0,0,0,0,0,0,0,0,0
"OTU2521.p:Tubulinea-Tubulinea_X.g:Vermamoeba",0,0,0,0,0,0,0,0,0,0,0,0,0,0,0,0,0,0,0,0,0,1,0,0,0
"OTU2522.p:Evosea-Evosea_X.g:Flamella",1,0,0,0,0,0,0,0,0,0,0,0,0,0,0,0,0,0,0,0,0,0,0,0,0
"OTU2524.p:Stramenopiles-Bigyra.g:Amphifilaceae_X",0,0,0,0,0,0,0,0,0,0,0,0,0,0,0,0,0,1,0,1,0,0,0,0,0
"OTU2528.p:Alveolata-Ciliophora.g:Orthamphisiella",0,0,0,0,0,0,0,0,0,0,0,0,0,0,0,0,0,0,0,0,0,0,0,0,0
"OTU2529.p:Rhizaria-Cercozoa.g:Vampyrella",0,0,0,0,0,0,0,0,0,0,0,0,0,0,0,1,0,1,0,0,0,0,0,0,0
"OTU2531.p:Tubulinea-Tubulinea_X.g:Echinamoeba",0,0,0,0,0,0,0,0,0,0,0,1,0,0,0,0,0,0,0,0,0,0,0,0,0
"OTU2532.p:Rhizaria-Cercozoa.g:Penardia-lineage_X",0,0,0,0,0,0,0,0,0,0,0,0,0,0,1,0,0,0,0,0,0,0,0,0,0
"OTU2533.p:Alveolata-Ciliophora.g:Colpoda",0,0,0,0,0,0,0,0,0,0,0,0,0,0,0,1,0,1,0,0,0,0,0,0,0
"OTU2534.p:Rhizaria-Cercozoa.g:Sandonidae_X",0,0,0,0,0,0,0,0,0,0,0,0,0,0,0,1,0,0,0,1,0,0,0,0,0
"OTU2535.p:Rhizaria-Cercozoa.g:Paracercomonas",0,0,0,0,0,0,0,0,0,0,0,0,0,0,0,1,0,0,0,0,0,0,0,0,1
"OTU2537.p:Tubulinea-Tubulinea_X.g:Nolandellidae_X",0,0,0,0,0,0,0,0,0,0,0,0,0,0,0,0,0,0,0,0,0,0,0,1,0
"OTU2538.p:Discosea-Discosea_X.g:Acanthamoeba",0,0,0,0,0,0,0,0,0,1,0,1,0,0,0,1,0,0,0,0,0,0,0,0,0
"OTU2540.p:Rhizaria-Cercozoa.g:Sandonidae_X",0,0,0,0,0,0,0,0,0,0,0,0,0,0,0,0,0,0,0,0,1,0,0,1,0
"OTU2541.p:Alveolata-Ciliophora.g:Colpodida_X",0,0,0,0,0,0,0,0,0,0,0,0,0,0,0,0,0,0,0,0,0,0,1,0,0
"OTU2544.p:Stramenopiles-Bigyra.g:Amphifilaceae_X",0,0,0,0,0,0,0,0,1,1,0,0,0,0,0,0,0,0,0,0,0,0,0,0,1
"OTU2552.p:Tubulinea-Tubulinea_X.g:Copromyxa",0,0,0,0,0,0,0,0,0,0,0,0,0,0,0,0,0,0,0,0,0,0,0,0,0
"OTU2555.p:Chlorophyta-Chlorophyta_X.g:Chlorococcum",0,0,0,0,0,0,0,0,0,0,0,0,0,0,0,0,0,0,0,0,0,0,0,0,0
"OTU2558.p:Tubulinea-Tubulinea_X.g:Phryganella",0,0,0,0,0,0,0,0,0,0,0,0,0,0,0,0,0,0,0,0,0,0,0,0,0
"OTU2559.p:Rhizaria-Cercozoa.g:Eocercomonas",0,0,0,0,0,0,0,0,0,0,0,1,0,0,0,0,0,0,0,0,1,0,0,0,0
"OTU2560.p:Opisthokonta-Choanoflagellata.g:Monosigidae_Group_O_X",0,0,0,0,0,0,0,0,0,0,0,0,0,0,0,0,0,0,0,0,0,0,0,0,0
"OTU2562.p:Stramenopiles-Bigyra.g:Bicoecea_XXX",0,0,0,0,0,0,0,0,0,0,0,0,0,0,0,0,0,0,0,0,0,0,0,0,0
"OTU2563.p:Picozoa-Picozoa_X.g:Picozoa_XXXXX",0,0,0,0,0,0,0,1,0,0,0,0,0,0,0,0,0,0,0,0,0,0,0,0,0
"OTU2564.p:Stramenopiles-Bigyra.g:Bicoecaceae_X",0,1,0,0,0,0,0,0,0,0,0,0,0,0,0,0,0,0,1,0,0,0,0,1,0
"OTU2565.p:Rhizaria-Cercozoa.g:Vernalophrys",0,0,0,0,0,0,0,0,0,0,0,0,0,0,0,0,0,0,0,0,0,0,0,0,0
"OTU2566.p:Tubulinea-Tubulinea_X.g:Leptomyxa",0,0,0,0,0,0,0,0,0,0,0,0,0,0,0,0,0,0,0,0,0,0,0,0,0
"OTU2570.p:Alveolata-Ciliophora.g:Cyrtolophosidida_X",0,3,0,0,0,0,1,0,0,1,0,0,0,0,0,1,1,3,0,2,0,0,0,0,1
"OTU2571.p:Rhodophyta-Rhodophyta_X.g:Cyanidiales_XX",0,0,0,0,0,0,0,0,0,0,0,0,0,0,0,0,0,0,0,0,0,0,0,2,0
"OTU2572.p:Discosea-Discosea_X.g:Acanthamoebidae_X",0,0,0,0,0,0,0,0,0,0,0,0,0,0,0,0,0,0,0,0,0,0,0,0,0
"OTU2573.p:Stramenopiles-Bigyra.g:Amphifilaceae_X",0,0,0,0,0,0,0,0,0,1,0,0,0,0,0,0,0,0,0,0,0,0,0,0,0
"OTU2575.p:Stramenopiles-Gyrista.g:Skeletonema",0,0,0,0,0,0,0,0,0,0,0,0,0,0,0,0,0,0,0,0,0,0,0,0,0
"OTU2579.p:Stramenopiles-Bigyra.g:Amphifilaceae_X",0,0,0,0,0,0,0,0,0,0,0,0,0,0,0,0,0,0,0,0,0,0,0,0,0
"OTU2580.p:Rhizaria-Cercozoa.g:Euglyphida_XX",0,0,0,0,0,0,0,0,0,0,0,0,0,0,0,0,0,0,0,0,0,1,0,0,0
"OTU2582.p:Rhodophyta-Rhodophyta_X.g:Cyanidiales_XX",0,0,0,0,0,0,0,0,0,0,0,0,0,0,0,0,0,0,0,0,0,0,0,0,0
"OTU2583.p:Evosea-Evosea_X.g:Filamoeba",0,0,0,0,0,0,0,0,0,0,0,0,0,0,0,0,0,0,0,0,0,0,0,0,0
"OTU2584.p:Evosea-Eumycetozoa.g:Didymium",0,0,0,0,0,0,0,0,0,0,0,0,0,0,0,0,0,0,0,0,0,1,0,0,0
"OTU2585.p:Chlorophyta-Chlorophyta_X.g:Chlamydomonadales_XX",0,0,0,0,0,0,0,0,0,0,0,0,0,0,0,0,0,0,0,0,0,0,0,0,0
"OTU2587.p:Stramenopiles-Gyrista.g:Ochromonadales_XX",0,0,0,0,0,0,0,0,0,0,0,0,0,0,0,0,0,0,0,0,1,0,0,0,0
"OTU2588.p:Rhizaria-Cercozoa.g:Thalassomyxa",0,0,0,0,0,0,0,0,0,0,0,0,0,0,0,0,1,0,0,0,0,0,0,0,1
"OTU2597.p:Stramenopiles-Bigyra.g:Fibrophrys",0,0,0,0,0,0,0,0,0,0,0,0,0,0,0,0,0,0,0,0,0,1,0,0,0
"OTU2598.p:Stramenopiles-Gyrista.g:MAST-1D",0,0,0,0,0,0,0,0,0,0,0,0,0,0,0,0,0,0,0,0,0,0,0,0,0
"OTU2600.p:Rhizaria-Cercozoa.g:Cercozoa_XXXX",0,0,0,0,0,0,0,0,0,0,0,0,0,0,0,0,0,0,0,0,0,1,0,0,1
"OTU2601.p:Opisthokonta-Choanoflagellata.g:Salpingoecidae_Group_C2_X",0,0,3,0,0,0,0,0,0,0,0,0,0,0,0,0,0,0,0,0,0,0,0,0,0
"OTU2602.p:Rhizaria-Cercozoa.g:Eocercomonas",0,0,0,0,0,0,0,0,0,0,0,2,0,0,0,0,0,0,0,0,0,0,0,0,0
"OTU2604.p:Opisthokonta-Choanoflagellata.g:Monosiga",0,0,0,0,0,0,0,0,0,0,0,0,0,0,0,0,0,0,0,0,0,0,0,0,0
"OTU2605.p:Rhizaria-Cercozoa.g:Penardia-lineage_X",0,0,0,1,0,0,0,0,0,0,1,0,0,0,0,0,0,0,0,0,0,0,0,0,0
"OTU2607.p:Alveolata-Ciliophora.g:Meseres",0,0,0,0,0,0,1,0,0,0,0,0,0,0,0,0,0,0,0,0,0,0,0,0,0
"OTU2608.p:Rhizaria-Cercozoa.g:Cercozoa_XXXX",0,0,0,0,0,0,0,0,0,2,0,1,0,0,0,0,0,0,0,0,0,0,0,0,0
"OTU2610.p:Stramenopiles-Bigyra.g:Pseudodendromonadales_XX",0,0,0,0,0,0,0,0,0,0,0,0,0,0,0,0,0,0,0,0,0,0,0,0,0
"OTU2611.p:Rhizaria-Cercozoa.g:Cercomonas",0,0,0,0,0,0,0,0,0,0,0,0,0,0,0,0,0,0,0,0,0,0,0,0,0
"OTU2612.p:Rhizaria-Cercozoa.g:Sandona",0,0,0,0,0,0,0,0,0,0,0,0,0,0,0,0,0,0,0,0,0,0,0,0,0
"OTU2615.p:Alveolata-Chrompodellids.g:Chromera",0,1,0,0,0,0,0,0,0,0,1,0,0,0,0,0,0,0,0,0,0,0,0,0,0
"OTU2616.p:Rhizaria-Cercozoa.g:op14-lineage_X",0,0,0,0,0,0,0,0,0,0,0,0,0,0,0,0,0,0,0,0,0,0,0,0,0
"OTU2617.p:Rhizaria-Cercozoa.g:Allapsidae_X",0,0,0,0,0,0,0,0,0,0,0,0,0,0,0,0,0,0,0,0,0,0,0,0,0
"OTU2618.p:Stramenopiles-Gyrista.g:Hantzschia",0,0,0,0,0,2,0,0,0,0,0,0,0,0,0,0,0,0,0,0,0,0,0,0,0
"OTU2619.p:Chlorophyta-Chlorophyta_X.g:Micractinium",0,0,0,0,0,0,0,0,0,0,0,0,0,0,0,0,0,0,0,0,0,0,0,0,0
"OTU2620.p:Opisthokonta-Rotosphaerida.g:Nuclearia",0,1,0,0,0,0,0,0,0,0,0,3,0,0,0,0,0,0,0,1,0,1,0,0,0
"OTU2622.p:Stramenopiles-Bigyra.g:Pseudodendromonadales_XX",0,0,0,0,0,3,0,0,0,0,0,0,0,0,0,0,0,0,0,0,0,0,0,0,0
"OTU2623.p:Rhizaria-Cercozoa.g:sm27-lineage_X",0,0,0,0,0,0,0,0,0,0,0,0,0,0,0,0,0,0,0,0,0,0,0,0,0
"OTU2624.p:Tubulinea-Tubulinea_X.g:Leptomyxa",0,0,0,0,0,0,0,0,0,0,0,0,0,0,0,0,0,0,0,0,0,0,0,0,0
"OTU2625.p:Rhizaria-Cercozoa.g:Paracercomonas",0,0,0,0,0,0,0,0,0,0,0,0,0,0,0,0,0,0,0,0,2,0,0,0,1
"OTU2627.p:Tubulinea-Tubulinea_X.g:Copromyxa",0,0,0,0,0,0,0,0,0,0,0,0,0,0,0,0,0,2,0,0,0,0,0,0,0
"OTU2630.p:Evosea-Evosea_X.g:Ceratiomyxella",0,0,0,0,0,0,0,0,0,0,0,0,0,0,0,1,0,1,0,0,0,0,0,0,0
"OTU2632.p:Stramenopiles-Bigyra.g:Pseudodendromonadales_XX",0,0,0,0,0,0,0,0,0,0,0,0,0,0,0,0,0,1,1,0,0,0,0,0,0
"OTU2633.p:Rhizaria-Cercozoa.g:Sey055-lineage_X",0,0,0,0,0,0,0,0,0,0,0,0,0,0,0,0,0,0,0,0,0,0,0,0,0
"OTU2637.p:Rhizaria-Cercozoa.g:Allapsidae_X",0,0,0,0,0,0,0,0,0,0,0,0,0,0,0,0,0,0,0,0,0,0,0,0,0
"OTU2638.p:Stramenopiles-Gyrista.g:Ochromonadales_XX",2,1,3,1,0,0,3,1,0,1,1,0,4,1,0,0,0,0,0,1,2,2,2,1,1
"OTU2643.p:Rhizaria-Cercozoa.g:Marimonadida_XX",0,0,1,0,0,0,0,0,0,0,0,0,0,0,0,0,0,0,0,0,0,0,0,0,0
"OTU2645.p:Alveolata-Chrompodellids.g:Colpodellida_CHR1_X",0,0,0,0,0,0,1,0,0,0,0,0,0,0,0,0,0,0,0,0,0,0,0,0,0
"OTU2646.p:Rhizaria-Cercozoa.g:Penardia-lineage_X",0,0,0,0,0,0,2,0,0,0,0,0,0,0,0,0,0,0,0,0,0,0,0,0,0
"OTU2647.p:Alveolata-Ciliophora.g:OLIGO4_XX",0,0,0,0,0,0,0,0,0,0,0,0,0,0,0,0,0,0,0,0,0,0,1,0,0
"OTU2648.p:Evosea-Evosea_X.g:Flamella",0,0,0,0,0,0,0,0,0,0,0,0,0,0,0,0,0,0,0,0,0,0,0,0,0
"OTU2650.p:Rhizaria-Cercozoa.g:Filoreta",0,0,0,0,0,0,1,0,0,0,0,0,0,0,0,0,0,0,0,0,0,0,0,0,0
"OTU2651.p:Rhizaria-Cercozoa.g:Paracercomonas",0,0,0,0,0,0,0,0,0,0,0,0,0,0,0,0,0,0,0,0,0,0,0,0,0
"OTU2654.p:Tubulinea-Tubulinea_X.g:Nolandellidae_X",0,0,0,0,0,0,0,0,0,0,0,0,0,0,0,0,0,0,0,0,0,0,0,0,0
"OTU2656.p:Rhizaria-Cercozoa.g:Euglyphida_XX",0,0,0,0,0,0,0,0,0,0,0,0,0,0,0,0,0,0,0,0,0,0,0,0,0
"OTU2658.p:Chlorophyta-Chlorophyta_X.g:Gloeotila",0,0,0,0,0,0,0,0,0,1,0,0,0,0,1,0,0,0,0,0,0,0,0,0,0
"OTU2659.p:Rhizaria-Cercozoa.g:Mesofila",0,0,1,0,0,0,0,0,0,0,0,0,0,0,0,0,0,0,0,0,0,0,0,0,0
"OTU2663.p:Rhizaria-Cercozoa.g:Novel-Gran-234_X",0,0,0,0,0,0,0,0,0,0,0,0,0,0,0,0,0,0,0,0,0,0,0,0,0
"OTU2664.p:Rhizaria-Cercozoa.g:Penardia-lineage_X",0,0,0,0,0,0,0,0,0,0,0,0,0,0,0,0,0,0,0,0,0,0,0,0,0
"OTU2665.p:Evosea-Evosea_X.g:Filamoeba",0,0,0,0,0,0,0,0,0,0,0,0,0,0,0,0,0,0,0,0,0,0,0,0,0
"OTU2667.p:Tubulinea-Tubulinea_X.g:Flabellula",0,0,0,0,0,0,0,0,0,0,0,0,0,0,0,0,0,0,0,0,0,0,0,0,0
"OTU2668.p:Alveolata-Alveolata_X.g:Alveolata_XXXXX",0,0,0,0,0,0,0,1,0,0,0,0,0,0,0,0,0,0,0,0,0,0,0,0,0
"OTU2671.p:Rhizaria-Cercozoa.g:Paracercomonas",0,0,0,0,0,0,0,0,0,0,0,0,0,0,0,0,0,0,0,0,0,0,0,0,1
"OTU2672.p:Rhizaria-Cercozoa.g:Allapsidae_X",0,0,0,0,0,0,0,0,0,0,0,0,0,0,0,0,0,0,0,0,1,0,0,0,0
"OTU2673.p:Tubulinea-Tubulinea_X.g:Nolandellidae_X",0,0,0,0,0,0,0,0,0,0,0,0,0,1,0,0,0,0,0,0,0,0,0,0,0
"OTU2676.p:Tubulinea-Tubulinea_X.g:Arcella",0,0,0,0,0,0,0,0,0,0,0,0,0,0,0,0,0,0,0,0,0,0,0,0,0
"OTU2680.p:Alveolata-Ciliophora.g:Bistichella",0,0,0,0,0,0,0,0,0,0,0,0,0,0,0,0,0,0,0,0,0,0,0,0,3
"OTU2682.p:Stramenopiles-Bigyra.g:Amphifilaceae_X",0,0,0,0,0,0,0,0,0,0,0,0,0,0,0,0,0,0,0,0,1,0,0,0,0
"OTU2687.p:Rhodophyta-Rhodophyta_X.g:Bangia",0,0,0,0,0,0,0,0,0,0,0,0,0,0,0,0,0,0,0,0,0,0,0,0,0
"OTU2688.p:Telonemia-Telonemia_X.g:Telonemia-Group-1_X",0,0,0,0,0,0,0,0,0,0,0,0,0,0,0,0,0,0,0,0,0,0,0,0,0
"OTU2691.p:Rhizaria-Cercozoa.g:Sandonidae_X",2,0,0,3,0,0,0,0,0,0,0,1,0,0,0,0,0,0,0,0,0,0,0,0,0
"OTU2692.p:Rhizaria-Cercozoa.g:sm27-lineage_X",0,1,0,0,0,0,0,0,0,0,0,0,0,0,0,0,0,0,0,0,0,0,0,0,0
"OTU2693.p:Alveolata-Ciliophora.g:Bistichella",0,0,0,1,0,0,0,1,0,0,0,0,0,0,0,0,0,0,0,0,0,0,0,0,0
"OTU2698.p:Tubulinea-Tubulinea_X.g:Nolandellidae_X",0,0,0,0,0,0,0,0,0,0,1,0,0,0,0,0,0,0,0,0,0,0,0,0,0
"OTU2699.p:Rhizaria-Cercozoa.g:Vampyrellida_clade_B",0,0,0,0,0,0,0,0,0,0,0,0,0,0,0,0,0,0,0,0,0,0,0,0,0
"OTU2700.p:Alveolata-Ciliophora.g:Haptoria_3_XX",0,0,0,0,0,0,0,0,0,0,0,0,0,0,0,0,0,0,0,0,0,0,0,0,0
"OTU2701.p:Discosea-Discosea_X.g:Acanthamoeba",0,0,0,0,0,0,0,0,0,1,0,0,0,0,0,0,0,0,0,0,0,0,0,0,0
"OTU2702.p:Chlorophyta-Chlorophyta_X.g:Deasonia",0,0,0,0,0,0,0,0,0,0,0,0,0,0,0,0,0,0,0,0,0,0,0,0,0
"OTU2703.p:Discosea-Discosea_X.g:LKM74-lineage_X",0,0,0,0,0,0,0,0,0,3,0,0,0,0,0,0,0,0,0,0,0,0,0,0,0
"OTU2708.p:Stramenopiles-Bigyra.g:Pseudodendromonadales_XX",0,0,0,0,0,0,0,0,0,0,0,0,0,0,0,0,0,0,0,0,0,0,0,0,0
"OTU2709.p:Rhizaria-Cercozoa.g:Limnofilidae_X",1,0,0,0,0,0,0,0,0,0,0,0,0,0,0,0,0,0,0,0,0,0,0,0,0
"OTU2710.p:Rhizaria-Cercozoa.g:Mesofila",0,0,0,0,0,0,0,0,0,0,0,0,0,0,0,0,0,0,0,0,0,1,1,0,0
"OTU2711.p:Telonemia-Telonemia_X.g:Telonemia-Group-2_X",0,0,0,0,0,0,0,0,0,0,0,0,0,1,0,1,0,0,0,0,0,0,0,0,0
"OTU2715.p:Centroplasthelida-Centroplasthelida_X.g:Pterocystida_XXX",0,0,0,0,0,0,0,0,0,0,0,0,0,0,0,0,0,0,0,0,0,0,0,0,0
"OTU2717.p:Evosea-Evosea_X.g:WIM1-lineage_X",0,0,0,0,0,0,0,0,0,0,0,0,0,0,0,0,0,0,0,0,0,0,0,0,0
"OTU2719.p:Haptophyta-Haptophyta_X.g:Isochrysis",0,0,0,0,0,0,0,0,0,0,0,0,0,0,0,0,1,0,0,0,0,0,0,0,0
"OTU2722.p:Tubulinea-Tubulinea_X.g:Hartmannellidae_X",0,0,1,0,0,0,0,0,0,0,0,0,0,0,0,0,0,0,1,0,0,0,0,0,0
"OTU2726.p:Rhizaria-Cercozoa.g:Cercomonas",0,0,0,0,0,0,0,0,0,0,0,0,0,0,0,0,1,0,0,0,0,0,0,0,0
"OTU2729.p:Evosea-Evosea_X.g:Heliamoeba",0,0,0,0,0,0,0,0,0,0,0,0,0,0,0,0,0,0,0,0,0,0,0,0,0
"OTU2730.p:Alveolata-Dinoflagellata.g:Dinophyceae_XXX",0,0,0,0,0,0,0,0,0,0,0,0,0,0,0,0,0,0,0,0,0,0,0,0,0
"OTU2732.p:Tubulinea-Tubulinea_X.g:Echinamoeba",0,0,0,0,0,0,0,0,0,0,0,0,0,0,0,0,0,0,0,0,1,2,0,0,0
"OTU2744.p:Alveolata-Ciliophora.g:Vorticellides",0,0,0,0,0,0,0,0,0,0,0,0,0,0,0,0,0,0,0,0,0,0,0,0,0
"OTU2745.p:Alveolata-Dinoflagellata.g:Dinophyceae_XXX",0,0,0,0,0,0,0,0,0,0,0,0,0,0,0,0,0,0,0,0,0,0,0,0,0
"OTU2746.p:Rhizaria-Cercozoa.g:Allantion",0,0,0,0,0,0,0,0,0,0,0,0,0,0,0,0,0,0,0,0,0,0,0,0,0
"OTU2747.p:Chlorophyta-Chlorophyta_X.g:Ostreococcus",0,0,2,0,0,0,0,0,0,0,0,0,0,0,0,0,0,0,0,0,0,0,0,0,0
"OTU2748.p:Evosea-Evosea_X.g:WIM1-lineage_X",0,0,0,0,0,0,0,0,0,0,0,0,0,0,0,0,0,1,0,0,0,0,0,0,0
"OTU2749.p:Stramenopiles-Gyrista.g:Chrysophyceae_Clade-EC2H_XX",0,0,0,0,0,1,0,0,0,0,0,1,0,0,0,1,0,0,0,0,0,0,0,1,0
"OTU2750.p:Rhizaria-Cercozoa.g:Massisteria",0,0,0,0,0,0,0,0,0,0,0,0,0,0,0,0,0,0,0,0,0,0,0,0,0
"OTU2752.p:Tubulinea-Tubulinea_X.g:Ptolemeba",0,0,0,0,0,0,0,0,0,0,0,0,0,0,0,0,0,0,0,0,0,0,0,0,0
"OTU2753.p:Evosea-Evosea_X.g:WIM1-lineage_X",0,0,0,0,0,0,0,0,0,0,0,0,0,0,0,0,0,0,0,0,0,0,0,0,0
"OTU2757.p:Tubulinea-Tubulinea_X.g:Hartmannellidae_X",0,0,0,0,0,0,0,0,0,0,0,0,0,0,0,0,0,0,0,0,0,0,0,0,0
"OTU2758.p:Tubulinea-Tubulinea_X.g:Nolandellidae_X",0,0,0,0,0,0,0,2,0,0,0,0,0,0,0,0,1,0,0,1,0,0,0,0,0
"OTU2759.p:Stramenopiles-Bigyra.g:Fibrophrys",0,0,0,0,0,0,0,0,0,0,0,0,0,0,0,0,0,0,0,0,0,2,0,0,0
"OTU2760.p:Rhizaria-Cercozoa.g:Glissomonadida_XX",0,0,0,0,0,0,0,0,0,0,0,0,0,0,0,0,0,0,0,0,0,0,0,0,0
"OTU2761.p:Stramenopiles-Gyrista.g:Chrysophyceae_Clade-EC2H_XX",0,0,0,0,0,0,0,0,0,0,2,0,0,0,0,0,0,0,0,0,0,0,0,0,0
"OTU2764.p:Rhizaria-Cercozoa.g:Sandonidae_X",0,0,0,0,0,0,0,0,0,0,0,0,0,0,0,0,0,0,0,2,0,0,0,0,0
"OTU2767.p:Stramenopiles-Gyrista.g:Eustigmatophyceae_XXX",0,0,0,0,0,0,0,0,0,0,0,0,0,0,1,0,0,0,0,0,0,0,0,0,0
"OTU2768.p:Tubulinea-Tubulinea_X.g:Copromyxa",0,0,0,0,0,0,0,0,0,1,0,1,0,0,0,0,0,0,0,0,0,0,0,0,0
"OTU2771.p:Evosea-Evosea_X.g:Variosea_XXX",0,0,0,0,0,0,0,0,0,0,0,0,0,0,0,0,0,0,0,0,0,0,0,0,0
"OTU2772.p:Stramenopiles-Gyrista.g:Pythium",0,0,0,0,0,0,1,0,0,0,0,0,0,0,0,0,0,0,0,0,0,0,0,0,0
"OTU2777.p:Tubulinea-Tubulinea_X.g:Nolandellidae_X",0,0,0,0,0,0,0,0,0,0,0,0,0,0,0,0,0,0,0,0,0,0,0,0,0
"OTU2779.p:Centroplasthelida-Centroplasthelida_X.g:Centroplasthelida_XXXXX",0,0,0,0,0,0,1,0,0,0,0,2,0,0,0,0,0,1,0,0,0,0,0,0,0
"OTU2780.p:Alveolata-Ciliophora.g:Suctoria_XX",0,0,0,0,0,0,0,0,0,0,0,0,0,0,0,0,0,0,0,0,0,0,0,0,0
"OTU2782.p:Stramenopiles-Bigyra.g:Amphifilaceae_X",0,0,0,0,0,0,0,0,0,1,0,0,0,0,0,1,0,0,1,0,0,0,0,0,0
"OTU2786.p:Rhizaria-Cercozoa.g:Group-Te",0,0,0,0,0,0,0,0,0,0,0,1,0,0,0,0,0,1,0,0,0,0,0,0,0
"OTU2787.p:Tubulinea-Tubulinea_X.g:Ptolemeba",0,0,0,0,0,0,0,0,0,0,0,0,0,0,0,0,0,0,0,0,0,0,0,0,0
"OTU2788.p:Discosea-Discosea_X.g:Vannella",0,0,0,0,0,0,0,0,0,0,0,1,0,0,0,0,0,0,0,0,0,0,0,0,0
"OTU2789.p:Evosea-Evosea_X.g:Phalansterium",0,0,0,0,0,0,0,0,0,0,0,0,1,0,0,0,0,0,0,0,0,0,0,0,0
"OTU2790.p:Evosea-Evosea_X.g:Ischnamoeba",0,0,0,0,0,0,0,0,0,0,0,0,0,0,0,0,0,0,0,0,1,0,0,0,0
"OTU2804.p:Evosea-Evosea_X.g:Variosea_XXX",0,0,0,0,0,0,0,0,0,0,0,2,0,0,0,0,0,0,0,0,0,1,0,1,0
"OTU2805.p:Stramenopiles-Gyrista.g:Eustigmatophyceae_XXX",0,0,0,0,0,0,0,0,0,0,2,0,0,0,0,0,0,0,0,0,0,0,0,0,0
"OTU2808.p:Rhizaria-Cercozoa.g:Thalassomyxa",0,0,0,0,1,0,0,0,0,0,0,0,0,0,0,0,0,0,0,0,0,1,0,0,0
"OTU2809.p:Stramenopiles-Gyrista.g:Ochromonadales_XX",0,0,0,0,0,0,0,0,0,0,0,0,0,0,2,0,0,0,0,0,0,0,0,1,1
"OTU2810.p:Evosea-Evosea_X.g:Variosea_XXX",0,0,0,0,0,0,0,0,0,0,0,0,1,0,0,0,0,0,0,0,0,0,0,0,0
"OTU2811.p:Alveolata-Ciliophora.g:Pleuronematida_X",0,0,0,0,0,0,0,0,0,0,0,0,0,0,1,0,0,0,0,0,0,0,0,0,0
"OTU2812.p:Rhizaria-Cercozoa.g:Protaspa-lineage_X",0,0,0,0,2,0,0,0,0,0,0,0,0,0,0,0,0,0,0,0,0,0,0,0,2
"OTU2815.p:Stramenopiles-Gyrista.g:Nitzschia",0,0,1,0,0,0,0,0,0,0,0,0,0,0,0,0,0,0,0,0,0,0,0,0,0
"OTU2817.p:Rhizaria-Cercozoa.g:Thalassomyxa",0,1,0,0,0,0,0,0,0,0,0,0,0,0,0,0,0,0,0,0,0,0,0,0,0
"OTU2818.p:Rhizaria-Cercozoa.g:Neocercomonas",0,0,0,0,0,0,0,0,0,0,0,1,0,0,0,0,0,0,0,0,0,0,0,0,0
"OTU2821.p:Rhizaria-Cercozoa.g:Sandonidae_X",0,0,0,0,0,1,0,0,0,0,0,1,0,0,0,0,0,0,0,0,0,0,0,0,0
"OTU2822.p:Rhizaria-Cercozoa.g:Penardia-lineage_X",0,0,0,0,0,0,0,0,0,0,0,0,2,0,1,0,0,0,0,0,0,0,0,0,0
"OTU2823.p:Evosea-Evosea_X.g:Variosea_XXX",0,2,3,0,0,0,0,0,0,0,0,0,0,0,0,0,0,0,0,0,0,0,0,0,0
"OTU2824.p:Tubulinea-Tubulinea_X.g:Ptolemeba",0,0,0,0,1,0,0,0,0,0,0,0,0,0,0,0,0,0,0,0,0,0,0,0,0
"OTU2826.p:Tubulinea-Tubulinea_X.g:Nolandellidae_X",0,0,0,0,0,0,0,0,0,1,0,0,0,0,0,0,0,0,0,0,0,0,0,0,0
"OTU2828.p:Alveolata-Ciliophora.g:Platyophrya",0,0,0,0,0,0,0,0,0,0,0,0,0,0,0,0,0,0,0,0,0,0,0,0,0
"OTU2832.p:Stramenopiles-Gyrista.g:Lagenidium",0,0,1,0,0,0,1,0,0,3,0,0,0,0,1,2,0,1,2,0,0,1,0,0,0
"OTU2834.p:Alveolata-Ciliophora.g:Exocolpoda",0,0,0,0,0,0,0,0,0,0,0,0,0,0,1,0,0,0,0,0,0,0,0,0,0
"OTU2836.p:Alveolata-Ciliophora.g:OLIGO8_XX",0,0,0,0,0,0,0,2,0,0,0,0,0,0,0,0,0,0,0,0,0,0,0,0,0
"OTU2837.p:Rhizaria-Cercozoa.g:Thalassomyxa",0,0,0,0,0,0,0,0,0,0,0,0,0,0,0,0,0,0,0,0,0,0,0,0,0
"OTU2838.p:Discoba-Discoba_X.g:Stygiellidae_STYG1",0,0,0,0,0,0,0,0,0,0,0,0,0,0,0,0,0,0,0,0,0,0,0,0,0
"OTU2839.p:Alveolata-Perkinsea.g:Perkinsida_XXX",0,0,0,0,0,0,0,0,0,0,0,0,0,0,0,0,0,0,0,0,0,0,0,0,0
"OTU2840.p:Tubulinea-Tubulinea_X.g:Ptolemeba",0,0,0,0,0,0,0,0,0,0,0,0,0,0,0,0,0,0,0,0,0,0,0,0,0
"OTU2841.p:Nebulidia-Nebulidia_X.g:Nebulomonas",0,0,0,0,0,0,0,0,0,0,0,0,0,0,0,0,0,0,0,0,0,0,0,0,0
"OTU2842.p:Evosea-Evosea_X.g:Phalansterium",0,0,0,0,0,0,0,0,0,0,0,1,0,0,0,0,0,0,0,0,0,0,0,0,0
"OTU2843.p:Evosea-Evosea_X.g:Variosea_XXX",1,0,0,0,1,1,0,1,0,0,0,0,0,0,0,0,1,1,1,1,0,0,0,0,0
"OTU2845.p:Rhodophyta-Rhodophyta_X.g:Cyanidiales_XX",0,0,0,0,0,0,0,0,0,1,0,0,0,0,0,0,0,0,0,0,0,0,0,0,0
"OTU2847.p:Discosea-Discosea_X.g:Vannella",0,0,0,0,0,0,0,0,0,0,0,0,0,0,0,0,0,0,0,0,0,0,0,0,0
"OTU2849.p:Tubulinea-Tubulinea_X.g:Copromyxa",0,0,0,0,0,0,0,0,0,0,0,0,0,0,0,0,0,0,0,0,0,0,0,0,0
"OTU2852.p:Rhizaria-Cercozoa.g:Filosa-Imbricatea_XXX",0,0,0,0,0,0,0,0,0,0,0,0,2,0,0,0,0,0,0,0,1,0,0,0,0
"OTU2853.p:Rhizaria-Cercozoa.g:Nudifila",0,0,0,0,0,0,0,0,0,0,0,0,0,0,0,0,0,0,0,0,1,4,0,0,1
"OTU2854.p:Alveolata-Ciliophora.g:Apotrachelocerca",0,0,0,0,0,0,0,0,0,0,0,0,0,0,0,0,0,0,0,0,0,0,0,0,0
"OTU2857.p:Evosea-Evosea_X.g:Variosea_XXX",0,0,0,0,0,0,0,0,0,0,0,0,0,0,0,0,0,0,0,0,0,0,0,0,0
"OTU2858.p:Cryptophyta-Cryptophyta_X.g:Cryptomonas",0,0,0,0,0,0,0,0,0,0,0,0,0,0,0,0,0,0,0,0,0,0,0,1,0
"OTU2867.p:Evosea-Evosea_X.g:Angulamoeba",0,0,0,0,0,0,0,0,0,0,0,0,0,0,0,0,0,0,0,0,0,0,0,1,0
"OTU2868.p:Stramenopiles-Bigyra.g:Pseudodendromonadales_XX",0,0,0,0,0,0,0,0,0,0,0,0,0,0,0,0,0,0,0,0,0,0,0,0,0
"OTU2872.p:Evosea-Eumycetozoa.g:Trichia",0,0,0,0,0,0,0,0,0,0,0,0,0,0,0,0,0,0,0,0,0,0,0,0,0
"OTU2873.p:Evosea-Evosea_X.g:Variosea_XXX",0,0,0,0,0,0,0,1,0,0,2,0,0,0,0,0,0,0,0,0,0,0,0,0,0
"OTU2875.p:Rhizaria-Cercozoa.g:Allapsidae_X",0,0,0,0,0,0,0,0,0,0,0,0,0,0,0,0,0,1,0,0,0,0,0,0,0
"OTU2878.p:Tubulinea-Tubulinea_X.g:Nolandellidae_X",0,0,0,0,0,0,0,0,0,0,0,0,0,0,0,0,0,0,0,0,0,0,0,0,0
"OTU2881.p:Evosea-Evosea_X.g:Variosea_XXX",0,0,0,0,0,0,0,0,0,2,0,0,0,0,0,0,0,0,0,0,0,0,0,0,0
"OTU2884.p:Evosea-Evosea_X.g:Variosea_XXX",0,1,0,0,0,1,0,1,0,0,0,0,0,0,0,0,0,0,0,0,0,0,0,0,0
"OTU2885.p:Stramenopiles-Stramenopiles_X.g:Stramenopiles_XXXXX",0,0,0,0,0,0,1,1,0,0,0,0,0,0,0,0,0,0,0,0,0,0,0,0,0
"OTU2887.p:Tubulinea-Tubulinea_X.g:Phryganella",0,0,0,0,0,0,0,0,1,0,0,0,0,0,0,0,0,0,0,0,0,0,0,0,0
"OTU2888.p:Stramenopiles-Bigyra.g:Amphifilaceae_X",0,0,0,0,0,0,0,0,0,0,0,0,0,0,0,0,0,0,0,0,0,0,2,0,1
"OTU2890.p:Alveolata-Ciliophora.g:Bresslauides",0,0,1,0,0,1,0,0,0,0,1,0,0,0,0,0,0,0,0,0,0,0,0,0,0
"OTU2892.p:Alveolata-Ciliophora.g:Aristerostoma",0,0,0,0,0,0,0,0,0,0,0,0,0,0,0,0,0,0,0,0,0,0,1,0,0
"OTU2893.p:Evosea-Evosea_X.g:WIM1-lineage_X",0,0,0,0,0,0,0,0,0,0,0,0,0,0,2,0,0,0,0,0,0,0,0,0,0
"OTU2894.p:Tubulinea-Tubulinea_X.g:Leptomyxa",0,1,0,0,0,0,0,0,0,0,0,0,0,0,0,0,0,0,0,0,0,0,0,0,0
"OTU2897.p:Rhizaria-Cercozoa.g:Group-Te",0,0,0,0,1,0,0,0,0,0,0,0,0,0,0,0,0,0,0,0,0,0,0,0,0
"OTU2898.p:Chlorophyta-Chlorophyta_X.g:Chlorellales_XX",0,0,0,0,0,0,0,0,0,0,0,0,0,0,0,0,0,0,0,0,0,0,0,0,0
"OTU2899.p:Rhizaria-Cercozoa.g:Paracercomonas",0,0,0,0,0,0,1,0,0,0,0,0,0,0,0,0,0,0,0,0,0,0,0,0,0
"OTU2901.p:Evosea-Evosea_X.g:Variosea_XXX",0,0,0,0,0,0,0,0,0,0,1,0,0,0,0,0,0,0,0,0,0,0,0,0,0
"OTU2902.p:Alveolata-Ciliophora.g:Blepharisma",0,0,0,0,0,0,0,0,0,0,0,0,0,0,0,0,0,0,0,0,0,0,0,0,0
"OTU2903.p:Stramenopiles-Gyrista.g:Pythium",0,0,0,0,0,0,0,0,0,0,0,1,0,0,0,0,0,0,0,0,0,0,0,0,0
"OTU2904.p:Opisthokonta-Ichthyosporea.g:Anurofeca",0,0,0,0,0,0,0,1,0,0,0,0,0,0,0,0,0,0,0,0,0,0,0,0,0
"OTU2905.p:Rhizaria-Cercozoa.g:Cercomonas",0,0,0,0,0,0,0,0,0,0,0,0,0,0,0,0,0,0,0,0,0,0,0,1,0
"OTU2906.p:Discosea-Discosea_X.g:LKM74-lineage_X",0,0,0,0,0,3,0,0,0,0,0,0,0,0,0,0,0,0,0,0,0,0,0,0,0
"OTU2907.p:Stramenopiles-Bigyra.g:Amphifilaceae_X",0,0,0,0,0,0,0,0,0,0,0,0,0,0,0,0,0,0,0,0,0,0,0,0,0
"OTU2908.p:Evosea-Evosea_X.g:Flamella-lineage_X",0,0,0,0,0,0,0,0,0,0,0,0,0,0,0,0,0,0,0,0,0,0,0,0,0
"OTU2910.p:Tubulinea-Tubulinea_X.g:Copromyxa",0,1,1,0,0,0,0,0,0,0,0,0,0,0,0,0,0,0,1,0,0,2,0,0,0
"OTU2914.p:Hemimastigophora-Hemimastigophora_X.g:Hemimastix",0,0,0,0,0,0,0,0,0,0,0,0,0,0,0,1,0,0,0,0,0,0,0,0,0
"OTU2916.p:Stramenopiles-Bigyra.g:Pseudodendromonadales_XX",0,0,0,0,0,0,1,0,0,0,0,0,0,0,0,0,0,0,0,0,0,0,0,0,1
"OTU2917.p:Rhizaria-Cercozoa.g:Cercozoa_XXXX",0,0,0,0,0,0,0,0,0,0,0,0,0,0,0,0,0,0,0,1,0,0,0,0,0
"OTU2918.p:Stramenopiles-Gyrista.g:Caloneis",0,0,0,0,0,0,0,0,0,0,0,0,0,0,0,0,0,0,0,0,0,0,0,0,0
"OTU2919.p:Alveolata-Ciliophora.g:Chilodonellidae_X",0,0,0,0,3,1,1,5,0,3,3,0,0,2,0,0,0,0,0,0,0,1,4,0,1
"OTU2923.p:Tubulinea-Tubulinea_X.g:Echinamoeba",0,0,0,0,0,0,0,0,0,2,0,0,0,0,0,0,0,1,0,1,0,0,0,0,0
"OTU2925.p:Alveolata-Perkinsea.g:Perkinsida_XXX",0,0,0,0,0,0,0,0,0,0,0,0,0,0,0,0,0,0,0,0,0,2,0,0,0
"OTU2927.p:Tubulinea-Tubulinea_X.g:Ptolemeba",0,0,0,0,0,0,0,0,0,0,0,0,0,0,0,0,0,0,0,0,0,0,0,0,0
"OTU2928.p:Evosea-Evosea_X.g:Variosea_XXX",0,0,0,0,0,0,0,0,0,0,0,0,0,0,0,0,0,0,0,0,0,0,0,0,0
"OTU2932.p:Telonemia-Telonemia_X.g:Telonemia-Group-2_X",1,0,0,0,0,0,0,0,0,0,0,0,0,0,0,0,0,0,0,0,0,1,1,0,0
"OTU2935.p:Tubulinea-Tubulinea_X.g:Echinamoeba",0,0,0,0,0,0,0,0,0,0,0,0,0,1,0,0,0,0,0,0,0,1,0,0,0
"OTU2937.p:Alveolata-Perkinsea.g:Perkinsida_XXX",0,0,0,0,0,0,0,0,0,0,0,0,0,0,0,0,0,0,0,0,0,0,0,0,0
"OTU2938.p:Evosea-Evosea_X.g:Angulamoeba",0,0,0,0,0,0,0,0,0,0,0,0,0,0,0,0,0,0,0,0,0,0,0,0,1
"OTU2939.p:Alveolata-Apicomplexa.g:Pseudomonocystis",0,0,0,21,0,0,0,0,0,0,0,0,0,0,0,0,0,0,0,0,0,0,0,0,0
"OTU2941.p:Stramenopiles-Bigyra.g:Pseudodendromonadales_XX",1,0,0,0,0,0,0,0,0,0,0,0,0,0,0,0,0,0,0,0,0,0,0,0,0
"OTU2942.p:Evosea-Evosea_X.g:Variosea_XXX",7,0,0,0,0,0,0,0,0,0,0,0,0,0,0,0,0,0,0,0,0,0,0,0,0
"OTU2943.p:Tubulinea-Tubulinea_X.g:Argynnia",0,0,0,0,0,0,0,0,0,0,0,0,0,0,0,0,0,0,0,0,0,0,0,0,0
"OTU2944.p:Stramenopiles-Gyrista.g:Nannochloropsis",0,0,0,2,0,0,0,0,0,0,0,0,0,0,0,0,0,0,0,0,0,0,0,0,0
"OTU2947.p:Tubulinea-Tubulinea_X.g:Leptomyxa",0,0,0,0,0,0,0,0,0,0,0,0,0,0,0,0,0,0,0,0,0,0,0,0,0
"OTU2948.p:Tubulinea-Tubulinea_X.g:Copromyxa",0,0,0,0,0,0,0,0,0,0,0,0,0,0,0,0,0,0,0,0,0,0,0,0,0
"OTU2950.p:Evosea-Evosea_X.g:Angulamoeba",0,0,0,0,0,0,0,0,0,0,0,0,0,0,0,0,0,0,0,0,0,0,0,0,0
"OTU2951.p:Rhizaria-Cercozoa.g:Limnofilidae_X",0,0,0,0,0,0,0,0,0,0,0,0,0,0,0,0,0,0,0,0,0,0,0,0,1
"OTU2953.p:Stramenopiles-Gyrista.g:Eustigmatophyceae_XXX",0,0,0,0,0,0,0,0,0,0,0,0,0,0,0,0,0,0,0,0,0,0,0,0,0
"OTU2954.p:Rhizaria-Cercozoa.g:Group-Te",0,0,0,0,0,0,0,0,0,0,0,0,0,0,0,0,0,0,0,0,0,0,0,1,0
"OTU2955.p:Rhizaria-Cercozoa.g:Thalassomyxa",0,0,0,0,0,0,0,0,0,0,0,0,0,0,0,0,0,0,0,0,0,0,0,0,0
"OTU2957.p:Rhodophyta-Rhodophyta_X.g:Compsopogon",0,0,1,1,0,0,0,1,0,0,0,0,0,0,0,0,0,0,0,0,0,0,0,0,0
"OTU2960.p:Rhizaria-Cercozoa.g:Thalassomyxa",0,0,0,0,0,0,0,0,0,0,0,0,0,0,0,0,0,0,0,0,0,0,0,0,0
"OTU2962.p:Discosea-Discosea_X.g:LKM74-lineage_X",0,0,0,0,0,0,0,0,0,0,0,0,0,0,0,0,0,0,0,0,0,0,0,0,0
"OTU2963.p:Stramenopiles-Bigyra.g:Pseudodendromonadales_XX",0,0,0,0,1,0,1,0,0,0,0,0,0,0,0,0,0,0,0,0,0,0,0,0,0
"OTU2964.p:Tubulinea-Tubulinea_X.g:Copromyxa",0,0,0,0,0,0,0,0,0,0,0,0,0,0,0,0,0,3,0,0,0,0,0,0,0
"OTU2965.p:Discosea-Discosea_X.g:Acanthamoeba",0,0,0,0,0,0,0,0,1,0,0,0,0,0,1,0,0,0,0,0,0,0,0,0,0
"OTU2966.p:Discosea-Discosea_X.g:Acanthamoeba",0,0,0,0,0,0,0,0,1,0,0,0,0,0,0,0,0,0,0,0,0,0,0,0,0
"OTU2967.p:Apusomonada-Apusomonada_X.g:Apusomonadidae_Group-1_XX",0,0,0,0,0,0,0,0,0,0,0,0,0,0,0,0,0,0,0,0,0,0,0,0,0
"OTU2970.p:Rhizaria-Cercozoa.g:Glissomonadida_XX",0,0,0,0,0,0,0,0,0,0,0,0,0,0,0,0,0,0,0,0,0,0,0,0,0
"OTU2971.p:Alveolata-Ciliophora.g:Platyophryida_X",0,0,0,0,1,1,0,0,1,0,0,0,0,0,0,0,0,0,0,0,0,0,0,0,0
"OTU2972.p:Metamonada-Preaxostyla.g:Paratrimastix",0,0,0,0,0,0,0,0,0,0,0,0,0,0,0,0,0,0,0,0,0,0,0,0,0
"OTU2973.p:Stramenopiles-Gyrista.g:Synchromophyceae_XXX",0,0,0,0,0,0,0,0,0,1,0,0,0,0,0,0,0,0,0,0,0,0,0,0,0
"OTU2976.p:Stramenopiles-Gyrista.g:Characiopsis",0,0,0,0,0,0,1,0,0,0,0,0,0,0,0,0,0,0,0,0,0,0,0,0,0
"OTU2977.p:Evosea-Evosea_X.g:Ceratiomyxella",0,0,0,0,0,0,0,0,0,0,0,0,0,0,0,0,0,0,0,0,0,0,0,0,0
"OTU2978.p:Stramenopiles-Gyrista.g:Odontella",0,0,0,0,0,0,0,0,0,0,0,0,0,0,0,0,0,0,0,0,0,1,0,0,0
"OTU2979.p:Stramenopiles-Bigyra.g:Pseudodendromonadales_XX",0,0,0,0,0,0,0,0,0,0,0,0,0,0,0,0,0,0,0,0,0,0,0,0,0
"OTU2981.p:Alveolata-Dinoflagellata.g:Tovellia",0,0,0,0,0,0,0,0,0,1,0,0,0,0,0,0,0,0,0,0,0,0,0,0,0
"OTU2984.p:Tubulinea-Tubulinea_X.g:Hartmannellidae_X",0,0,0,0,0,0,1,0,0,0,0,0,0,0,0,0,0,0,0,0,0,0,0,0,0
"OTU2985.p:Stramenopiles-Gyrista.g:Ochromonadales_XX",0,0,0,0,0,0,0,0,0,0,0,0,0,0,0,0,0,0,0,0,0,0,0,0,0
"OTU2986.p:Alveolata-Ciliophora.g:Litostomatea_XXX",0,0,0,0,0,0,0,0,0,0,0,0,0,0,0,0,0,0,0,0,0,0,0,0,0
"OTU2987.p:Tubulinea-Tubulinea_X.g:Nolandellidae_X",0,0,0,0,0,0,0,0,0,0,0,0,0,0,0,0,0,0,1,0,0,0,0,0,0
"OTU2989.p:Stramenopiles-Bigyra.g:Amphifilaceae_X",0,0,0,0,0,0,0,0,0,0,0,0,0,0,0,0,0,0,0,0,0,0,0,0,0
"OTU2992.p:Breviatea-Breviatea_X.g:Subulatomonas-lineage_X",0,0,0,0,0,0,0,0,0,0,0,0,0,0,0,1,0,0,0,0,0,0,0,0,0
"OTU2993.p:Alveolata-Perkinsea.g:Perkinsida_XXX",0,0,0,0,0,0,0,0,0,0,0,0,0,0,0,0,0,0,0,0,0,0,0,0,0
"OTU2995.p:Tubulinea-Tubulinea_X.g:Phryganella",0,0,0,0,0,0,0,0,0,0,0,0,0,0,0,0,0,0,0,0,0,0,0,0,0
"OTU2996.p:Tubulinea-Tubulinea_X.g:Echinamoeba",0,0,0,0,0,0,0,0,0,0,0,0,0,0,0,0,0,1,0,0,0,0,0,1,0
"OTU2997.p:Stramenopiles-Bigyra.g:Amphifilaceae_X",1,0,0,0,0,0,0,0,0,1,0,0,0,0,1,0,0,0,0,0,0,1,0,2,1
"OTU3001.p:Tubulinea-Tubulinea_X.g:Copromyxa",0,0,0,0,0,0,0,0,0,0,0,0,0,0,0,0,0,0,0,0,0,0,0,0,0
"OTU3007.p:Alveolata-Ciliophora.g:Fuscheria",0,0,0,0,0,0,0,0,0,0,0,0,0,0,0,0,0,0,0,0,0,0,0,0,0
"OTU3013.p:Rhizaria-Cercozoa.g:Glissomonadida_XX",0,0,0,0,0,0,0,0,0,0,0,0,0,0,0,0,0,0,0,0,0,0,0,0,0
"OTU3014.p:Stramenopiles-Bigyra.g:Bicoecaceae_X",0,0,0,0,0,0,0,0,0,0,0,0,0,0,0,0,0,0,0,0,0,0,0,0,0
"OTU3015.p:Telonemia-Telonemia_X.g:Telonemia-Group-2_X",0,0,1,3,0,0,0,2,0,0,0,0,0,0,0,0,0,0,0,0,0,0,0,0,0
"OTU3019.p:Evosea-Evosea_X.g:Flamella",0,0,0,0,0,0,0,0,0,0,0,0,0,0,0,0,0,0,0,0,0,0,0,0,0
"OTU3020.p:Stramenopiles-Gyrista.g:Ochromonadales_clade-XII_X",0,0,0,0,0,0,0,0,0,0,0,0,0,0,0,0,1,0,0,0,0,0,0,0,0
"OTU3022.p:Alveolata-Ciliophora.g:Plagiocampa",0,1,0,0,1,0,0,0,0,0,0,0,0,0,0,0,0,0,0,0,0,0,0,0,0
"OTU3023.p:Tubulinea-Tubulinea_X.g:Nolandellidae_X",0,0,0,0,0,0,0,0,0,0,0,0,0,0,0,0,0,0,0,0,0,0,0,0,0
"OTU3024.p:Apusomonada-Apusomonada_X.g:Amastigomonas",0,0,2,0,0,0,0,0,0,0,0,0,0,0,0,0,0,0,0,0,0,0,0,1,1
"OTU3025.p:Breviatea-Breviatea_X.g:NAMAKO-1-lineage_XXX",1,0,0,0,0,0,0,0,0,0,0,4,0,0,0,0,0,0,0,0,0,0,0,0,0
"OTU3027.p:Rhizaria-Cercozoa.g:Cercomonas",0,0,0,0,0,0,0,0,0,0,0,0,0,0,0,0,0,0,0,0,0,0,0,0,0
"OTU3028.p:Tubulinea-Tubulinea_X.g:Copromyxa",0,0,0,0,0,0,0,0,0,0,0,0,0,0,0,0,0,0,0,0,0,0,0,0,0
"OTU3031.p:Breviatea-Breviatea_X.g:NAMAKO-1-lineage_XXX",0,0,0,0,0,0,0,0,0,0,0,0,0,0,0,0,0,0,0,0,0,0,0,0,0
"OTU3032.p:Evosea-Evosea_X.g:Ischnamoeba",0,1,0,0,0,0,0,0,3,0,0,0,0,0,0,0,0,0,0,0,0,0,0,0,0
"OTU3034.p:Alveolata-Ciliophora.g:Haptoria_3_XX",0,0,0,0,0,0,0,0,0,0,0,0,0,0,0,0,0,0,0,0,0,0,0,0,0
"OTU3035.p:Stramenopiles-Bigyra.g:Amphifilaceae_X",0,0,0,0,2,0,0,0,0,1,0,0,1,1,0,0,0,0,1,0,0,0,0,1,0
"OTU3037.p:Evosea-Evosea_X.g:Variosea_XXX",0,0,0,0,0,0,0,0,0,0,0,0,0,0,0,0,0,0,0,0,0,0,0,0,0
"OTU3039.p:Stramenopiles-Gyrista.g:MAST-2_X",0,0,0,0,0,0,0,0,0,0,0,0,0,0,0,0,1,0,0,0,0,0,0,0,0
"OTU3040.p:Stramenopiles-Gyrista.g:Peronosporomycetes_XXX",0,0,0,0,0,0,0,0,0,0,0,0,0,0,0,0,0,0,0,0,0,0,0,0,0
"OTU3042.p:Evosea-Evosea_X.g:Variosea_XXX",0,0,0,0,0,1,0,0,0,0,0,0,0,0,0,0,0,0,0,0,0,0,0,0,0
"OTU3044.p:Rhizaria-Cercozoa.g:Sandonidae_X",0,0,0,0,0,0,0,0,0,0,0,0,0,0,0,0,0,0,0,0,0,0,0,0,0
"OTU3045.p:Rhizaria-Cercozoa.g:Clathrulinidae_X",0,0,0,0,0,0,0,0,0,0,0,0,0,0,0,1,0,0,0,1,0,0,0,0,0
"OTU3048.p:Tubulinea-Tubulinea_X.g:Saccamoeba",0,0,0,0,0,0,0,0,0,0,0,0,0,0,0,0,0,0,1,0,0,0,0,0,0
"OTU3051.p:Rhizaria-Cercozoa.g:Allapsidae_X",0,0,0,0,0,0,0,0,0,0,0,0,0,0,0,0,0,0,0,0,0,0,0,0,0
"OTU3054.p:Stramenopiles-Bigyra.g:Amphifilaceae_X",0,0,0,0,0,0,0,0,0,0,0,0,0,0,0,0,0,0,0,0,0,0,0,0,0
"OTU3058.p:Alveolata-Chrompodellids.g:Colpodellida_CHR1_X",0,0,0,0,0,0,0,0,0,0,0,0,0,0,0,0,0,0,0,0,0,0,0,0,0
"OTU3060.p:Rhizaria-Cercozoa.g:Rhogostoma-lineage_X",0,0,0,0,0,0,0,0,0,0,0,0,0,0,0,0,0,0,0,0,0,0,0,0,0
"OTU3061.p:Rhizaria-Cercozoa.g:Novel-Gran-234_X",0,0,1,0,0,0,0,0,0,0,0,0,0,0,0,0,0,0,0,0,0,0,0,0,0
"OTU3064.p:Chlorophyta-Chlorophyta_X.g:Pedinomonas",0,0,0,0,0,0,0,0,0,0,0,0,0,0,0,0,0,0,0,0,0,1,0,1,0
"OTU3068.p:Tubulinea-Tubulinea_X.g:Nolandellidae_X",0,0,0,0,0,0,0,0,0,0,0,0,0,0,0,0,0,0,0,0,0,0,0,0,0
"OTU3073.p:Rhizaria-Cercozoa.g:Paracercomonas",0,0,0,0,0,0,0,0,0,0,0,0,0,0,0,0,0,0,0,0,0,0,0,0,0
"OTU3074.p:Evosea-Evosea_X.g:Variosea_XXX",0,0,0,0,0,0,0,2,0,0,0,1,1,0,0,0,0,0,0,0,0,0,0,0,0
"OTU3076.p:Alveolata-Ciliophora.g:Colpoda",0,0,0,0,0,0,0,0,0,0,0,0,0,0,0,0,0,0,0,0,0,0,0,0,0
"OTU3078.p:Alveolata-Ciliophora.g:Colpoda",0,0,0,0,0,0,0,1,2,0,1,0,0,0,1,0,0,0,0,0,0,0,0,0,0
"OTU3080.p:Stramenopiles-Bigyra.g:Borokaceae_X",0,0,0,0,0,0,0,0,0,0,0,0,0,0,0,0,0,0,0,0,0,0,0,0,0
"OTU3082.p:Evosea-Evosea_X.g:Soliformovum",0,0,0,0,0,0,0,0,0,0,0,0,0,0,0,0,0,0,0,0,0,0,0,0,0
"OTU3084.p:Alveolata-Ciliophora.g:Colpoda",0,0,0,1,0,0,0,0,0,0,0,0,0,0,0,0,0,0,0,0,0,0,0,0,0
"OTU3086.p:Breviatea-Breviatea_X.g:Breviata-lineage_X",0,0,0,0,0,0,0,0,0,0,0,0,0,0,0,0,0,0,0,0,0,0,0,0,0
"OTU3089.p:Stramenopiles-Bigyra.g:MAST-12C",0,0,0,0,0,0,0,0,0,0,0,0,0,0,0,0,0,0,0,0,0,0,0,0,0
"OTU3091.p:Evosea-Evosea_X.g:Ceratiomyxella",0,0,0,0,0,2,0,0,0,0,0,0,0,0,0,0,0,0,0,0,0,0,0,0,0
"OTU3092.p:Tubulinea-Tubulinea_X.g:Nolandellidae_X",0,2,0,0,0,0,0,1,0,0,0,0,0,0,0,0,0,1,0,0,0,0,0,0,0
"OTU3095.p:Rhizaria-Cercozoa.g:Sandonidae_X",0,0,0,0,0,0,0,0,0,0,0,0,1,0,0,0,0,0,2,0,1,1,0,0,0
"OTU3098.p:Stramenopiles-Gyrista.g:Ochromonadales_clade-XII_X",0,0,0,0,0,0,0,0,0,0,0,0,0,0,0,0,0,0,0,0,0,0,0,0,0
"OTU3099.p:Alveolata-Apicomplexa.g:Cryptosporidium3",0,0,0,0,0,0,0,0,0,0,0,0,0,0,0,0,0,0,0,0,0,0,0,0,0
"OTU3100.p:Opisthokonta-Pluriformea.g:Syssomonas",0,0,0,0,0,0,0,0,0,0,0,0,0,0,3,0,0,0,0,0,0,0,0,0,0
"OTU3101.p:Picozoa-Picozoa_X.g:Picozoa_XXXXX",0,0,0,0,0,0,0,0,0,0,0,0,0,0,0,0,0,0,0,0,0,0,0,0,0
"OTU3102.p:Stramenopiles-Gyrista.g:Synura",0,0,0,0,0,0,0,0,0,0,0,0,0,0,0,0,0,0,0,0,0,0,0,0,0
"OTU3103.p:Evosea-Evosea_X.g:Variosea_XXX",0,0,0,0,0,0,0,0,0,0,0,1,0,0,0,0,0,0,0,0,0,0,0,0,1
"OTU3105.p:Rhizaria-Cercozoa.g:Cercomonas",0,0,0,1,0,0,0,0,0,0,0,19,0,0,0,0,0,0,1,0,0,0,0,0,0
"OTU3106.p:Rhizaria-Cercozoa.g:Rhogostoma-lineage_X",0,0,0,0,0,0,0,0,0,0,0,0,0,0,0,0,0,0,0,0,0,0,0,0,0
"OTU3107.p:Rhizaria-Cercozoa.g:Vernalophrys",0,0,0,0,0,0,0,0,0,0,0,0,0,0,0,0,2,0,0,0,0,0,0,0,0
"OTU3109.p:Nibbleridia-Nibbleridia_X.g:Nibbleromonas",0,0,0,0,0,0,0,0,0,0,0,0,0,0,0,0,0,0,0,0,0,0,0,0,0
"OTU3110.p:Evosea-Evosea_X.g:Variosea_XXX",0,0,0,0,0,0,0,0,0,0,0,0,0,0,0,0,0,0,0,0,0,0,0,0,0
"OTU3114.p:Rhizaria-Cercozoa.g:Neoheteromita",0,0,0,0,0,0,0,0,0,0,0,0,0,0,0,0,0,0,0,0,0,1,0,0,0
"OTU3115.p:Evosea-Evosea_X.g:WIM80-lineage_X",0,0,0,0,0,0,0,0,0,0,0,1,0,0,0,0,0,0,0,0,0,0,0,0,0
"OTU3117.p:Rhodophyta-Rhodophyta_X.g:Cyanidiales_XX",0,0,1,0,0,0,1,0,0,0,0,0,0,0,0,0,0,0,0,3,0,0,0,0,0
"OTU3123.p:Rhizaria-Cercozoa.g:Paracercomonas",0,0,0,0,0,0,0,0,0,0,0,0,0,0,0,0,0,0,0,0,0,0,0,0,0
"OTU3126.p:Evosea-Evosea_X.g:Variosea_XXX",0,0,0,0,0,0,0,0,0,0,0,0,0,0,0,0,0,0,0,0,0,0,0,0,0
"OTU3136.p:Rhizaria-Cercozoa.g:Novel-clade-3_X",0,0,0,0,0,0,0,0,0,0,0,0,0,0,0,0,0,0,0,0,0,0,0,2,0
"OTU3142.p:Stramenopiles-Gyrista.g:Hemiaulus",0,0,0,0,0,0,0,0,0,0,0,0,0,0,0,0,0,0,0,0,0,0,0,0,0
"OTU3143.p:Rhizaria-Cercozoa.g:Sey055-lineage_X",0,0,0,0,0,0,0,0,0,0,0,0,0,0,0,0,0,0,0,0,0,0,0,0,0
"OTU3144.p:Opisthokonta-Opisthokonta_X.g:Opisthokonta_XXXXX",0,0,0,0,0,0,0,0,0,0,0,0,0,1,0,0,0,0,0,0,0,0,0,0,0
"OTU3146.p:Chlorophyta-Chlorophyta_X.g:Chloromonas",0,0,0,0,1,0,1,0,1,0,0,0,1,0,4,2,1,2,0,3,0,0,0,0,0
"OTU3149.p:Opisthokonta-Choanoflagellata.g:Salpingoecidae_Group_C3_X",0,0,0,0,0,0,0,0,0,0,0,0,0,0,0,0,1,0,0,0,0,0,0,0,0
"OTU3150.p:Stramenopiles-Bigyra.g:Thraustochytriaceae_HK10",0,0,0,0,0,0,0,0,0,0,1,0,0,0,0,0,0,0,0,0,0,0,0,0,0
"OTU3151.p:Alveolata-Ciliophora.g:Hypotrichia_XX",0,0,0,0,0,0,0,0,0,0,0,0,0,0,0,0,0,0,0,0,0,0,0,0,0
"OTU3152.p:Rhizaria-Cercozoa.g:Novel-Gran-6_X",0,0,0,0,0,0,0,0,0,0,0,0,0,0,0,0,0,0,0,0,0,0,0,0,0
"OTU3153.p:Opisthokonta-Choanoflagellata.g:Salpingoeca",0,0,0,0,0,0,0,1,0,1,0,0,0,0,0,0,0,0,0,0,0,0,0,0,0
"OTU3154.p:Apusomonada-Apusomonada_X.g:Amastigomonas",0,0,0,0,0,0,0,1,0,0,0,0,0,0,0,0,0,0,0,0,0,0,0,0,0
"OTU3156.p:Tubulinea-Tubulinea_X.g:Copromyxa",0,0,0,0,0,0,0,0,0,0,0,0,0,0,0,0,0,0,0,0,0,0,0,0,0
"OTU3157.p:Alveolata-Dinoflagellata.g:Dinophyceae_XXX",0,0,0,0,0,0,0,0,0,0,0,0,0,0,0,0,0,0,0,0,0,0,0,0,0
"OTU3159.p:Discosea-Discosea_X.g:Dermamoebidae_X",0,0,0,0,0,0,0,0,0,0,0,0,0,0,0,0,0,0,0,0,0,0,0,0,0
"OTU3162.p:Rhizaria-Cercozoa.g:Thalassomyxa-lineage_X",0,0,0,0,0,0,0,0,0,0,0,0,0,0,0,0,0,0,0,0,0,0,0,0,0
"OTU3163.p:Stramenopiles-Bigyra.g:Pseudodendromonadales_XX",0,0,0,0,0,0,0,0,0,0,0,0,0,0,0,0,0,0,0,0,0,0,0,0,0
"OTU3166.p:Alveolata-Ciliophora.g:PLAGI1_XX",0,0,0,0,0,0,0,0,0,0,0,0,0,0,0,0,0,0,0,0,0,0,0,0,0
"OTU3167.p:Alveolata-Ciliophora.g:Paratetrahymena",0,0,0,0,0,0,0,0,0,0,1,0,1,0,0,0,0,0,0,0,0,0,0,0,0
"OTU3168.p:Tubulinea-Tubulinea_X.g:Arcella",0,0,0,0,0,0,0,0,0,0,0,0,0,0,0,0,0,0,0,0,0,0,0,0,0
"OTU3169.p:Tubulinea-Tubulinea_X.g:Nolandellidae_X",0,0,0,0,0,0,0,0,0,0,0,0,0,0,0,0,0,0,0,0,0,0,0,0,0
"OTU3170.p:Rhizaria-Cercozoa.g:Neocercomonas",0,0,0,0,0,0,0,0,0,1,0,0,0,0,0,0,0,0,0,0,0,0,0,0,0
"OTU3172.p:Stramenopiles-Gyrista.g:Spumella",0,0,0,0,0,0,0,0,0,0,1,0,0,2,0,0,0,0,0,1,0,0,0,0,1
"OTU3173.p:Stramenopiles-Gyrista.g:Achlya",0,0,0,0,0,0,0,0,0,0,0,0,0,0,0,0,0,0,0,0,0,0,0,0,0
"OTU3174.p:Rhodophyta-Rhodophyta_X.g:Rhodophyta_XXXXX",0,0,0,0,0,0,0,0,0,0,0,0,0,0,0,0,0,1,0,0,0,0,0,0,0
"OTU3175.p:Evosea-Evosea_X.g:Variosea_XXX",0,0,0,0,0,0,0,0,0,0,0,0,1,0,0,0,0,0,0,0,0,0,0,0,0
"OTU3176.p:Rhizaria-Cercozoa.g:Massisteria",0,0,0,0,0,0,0,0,0,0,0,0,0,0,0,0,0,0,0,0,0,0,0,0,0
"OTU3182.p:Alveolata-Ciliophora.g:CONThreeP_XXX",0,0,0,0,0,0,0,0,0,0,0,0,0,0,0,0,0,0,0,0,0,0,0,0,0
"OTU3183.p:Alveolata-Ciliophora.g:Apocyrtolophosis",0,0,0,0,1,0,1,0,0,0,0,0,0,0,0,0,0,0,0,0,0,0,1,0,0
"OTU3189.p:Alveolata-Apicomplexa.g:Monocystis",0,0,0,0,0,0,0,0,0,0,0,0,0,0,0,0,0,0,0,0,0,0,0,0,1
"OTU3190.p:Alveolata-Apicomplexa.g:Monocystis",0,0,0,0,0,0,0,0,0,0,0,0,2,0,0,0,0,2,0,0,0,0,0,0,0
"OTU3191.p:Rhizaria-Cercozoa.g:Sandonidae_X",0,0,0,0,0,0,0,0,0,0,0,0,0,0,0,0,0,0,0,0,0,0,0,1,0
"OTU3198.p:Tubulinea-Tubulinea_X.g:Ptolemeba",0,0,0,0,0,0,0,0,0,1,0,0,0,0,0,0,0,0,0,0,0,0,0,0,0
"OTU3216.p:Rhizaria-Cercozoa.g:Thalassomyxa",0,0,0,0,0,0,0,0,0,0,0,0,0,0,0,0,0,0,0,0,0,0,0,0,0
"OTU3219.p:Rhodophyta-Rhodophyta_X.g:Gracilariopsis",0,0,0,2,0,0,0,0,0,0,0,0,0,0,0,0,0,0,0,0,0,0,0,0,0
"OTU3220.p:Tubulinea-Tubulinea_X.g:Ptolemeba",0,0,0,0,0,0,0,0,0,0,0,0,0,0,0,0,0,0,0,0,0,0,0,0,0
"OTU3221.p:Evosea-Evosea_X.g:Variosea_XXX",0,0,0,0,0,0,0,0,0,0,0,0,0,0,0,0,0,0,0,0,0,0,0,0,0
"OTU3222.p:Chlorophyta-Chlorophyta_X.g:Characiosiphon",0,0,0,0,0,0,0,0,0,0,0,0,0,0,0,0,0,0,0,0,0,0,0,0,0
"OTU3225.p:Alveolata-Ciliophora.g:Exocolpoda",0,1,0,0,0,0,0,0,0,0,0,1,0,0,0,0,1,0,0,0,0,0,0,0,0
"OTU3226.p:Alveolata-Ciliophora.g:Cyrtolophosidida_X",0,0,0,0,0,0,0,0,0,0,0,0,3,0,0,0,0,0,0,0,0,0,0,0,0
"OTU3227.p:Centroplasthelida-Centroplasthelida_X.g:Centroplasthelida_XXXXX",1,0,0,0,0,0,0,0,0,0,0,0,0,0,0,0,0,0,0,0,0,0,0,0,0
"OTU3228.p:Rhizaria-Cercozoa.g:Tremula",0,0,0,0,0,0,0,0,0,0,0,0,3,0,0,0,0,0,0,0,0,0,0,0,0
"OTU3229.p:Rhizaria-Cercozoa.g:Penardia-lineage_X",1,0,0,0,0,0,0,0,0,0,0,0,0,0,0,0,0,0,0,0,0,0,0,0,0
"OTU3230.p:Rhizaria-Cercozoa.g:NC12B-lineage_X",0,0,0,0,0,0,0,0,0,0,0,0,1,0,0,0,0,0,0,0,0,0,0,0,0
"OTU3232.p:Evosea-Evosea_X.g:Acramoebidae_X",1,0,0,0,0,0,0,2,2,0,0,0,0,0,0,0,0,0,0,0,0,0,0,0,0
"OTU3233.p:Haptophyta-Haptophyta_X.g:Braarudosphaeraceae_X",0,0,0,0,0,0,0,0,0,0,0,0,0,0,0,0,0,0,0,0,0,0,0,0,0
"OTU3236.p:Stramenopiles-Gyrista.g:Bacteriastrum",0,0,0,0,0,0,1,0,0,0,0,0,0,0,0,0,0,0,0,0,0,0,0,0,0
"OTU3238.p:Ancyromonadida-Ancyromonadida_X.g:Ancyromonadida_Group-1_X",0,0,1,0,0,101,0,0,0,0,0,0,0,0,0,0,0,0,0,0,0,0,0,0,0
"OTU3240.p:Rhizaria-Cercozoa.g:Euglyphida_XX",0,0,0,0,0,0,0,0,0,0,0,0,0,0,0,0,0,0,0,0,0,0,0,0,0
"OTU3241.p:Rhizaria-Cercozoa.g:Allantion",0,0,0,0,0,0,0,0,0,0,0,0,0,0,0,0,0,1,0,0,0,0,0,0,0
"OTU3242.p:Alveolata-Ciliophora.g:Metopus_2",0,0,1,0,0,0,0,0,0,0,2,0,0,0,0,0,0,0,0,0,0,0,0,0,0
"OTU3243.p:Stramenopiles-Gyrista.g:Fistulifera",0,0,0,0,0,0,0,0,0,0,0,0,0,0,0,0,0,0,0,0,0,0,0,0,0
"OTU3244.p:Discosea-Discosea_X.g:Endostelium",0,0,0,0,0,0,0,0,0,0,0,0,0,0,0,0,0,0,0,0,0,0,0,0,0
"OTU3245.p:Chlorophyta-Chlorophyta_X.g:Golenkinia",0,0,0,0,0,0,0,0,0,0,0,0,0,0,0,0,0,0,0,0,0,0,0,0,0
"OTU3246.p:Stramenopiles-Bigyra.g:Bicoecaceae_X",0,0,0,0,0,0,0,0,0,0,0,0,0,0,0,0,0,0,0,0,0,0,0,0,0
"OTU3247.p:Chlorophyta-Chlorophyta_X.g:Chlorophyta_XXXXX",0,1,0,0,0,0,0,0,0,0,0,0,0,0,0,0,0,0,0,0,0,0,0,0,0
"OTU3248.p:Rhizaria-Cercozoa.g:Filoreta",0,0,0,0,0,0,0,0,0,0,0,0,0,0,0,0,0,0,0,0,0,0,0,0,0
"OTU3249.p:Chlorophyta-Chlorophyta_X.g:Hariotina",0,0,1,0,0,0,0,0,0,0,0,0,0,0,0,0,0,0,0,0,0,0,0,0,0
"OTU3250.p:Alveolata-Colponemidia.g:Colponema",0,0,0,0,0,0,0,0,0,0,0,0,0,0,0,0,0,0,0,0,0,1,0,0,1
"OTU3252.p:Rhizaria-Cercozoa.g:Sandonidae_X",1,5,2,0,0,13,1,5,6,1,3,1,0,2,2,1,10,7,7,7,1,2,1,2,6
"OTU3254.p:Rhizaria-Cercozoa.g:Thalassomyxa-lineage_X",0,0,0,0,0,0,0,0,0,0,0,0,0,0,0,0,0,0,0,0,0,0,0,0,0
"OTU3255.p:Tubulinea-Tubulinea_X.g:Nolandellidae_X",0,0,0,0,0,0,0,0,0,0,0,0,0,0,0,0,0,0,0,0,0,0,0,0,0
"OTU3256.p:Alveolata-Ciliophora.g:Parafurgasonia",0,0,0,0,0,0,0,0,0,0,0,0,0,0,0,0,0,0,0,0,0,0,0,0,0
"OTU3258.p:Alveolata-Ciliophora.g:Scuticociliatia_2_XX",0,0,0,0,0,0,0,0,0,0,0,0,0,0,0,0,0,0,0,0,0,0,0,0,0
"OTU3261.p:Alveolata-Chrompodellids.g:Colpodellida_CHR1_X",0,0,0,0,0,0,0,0,0,0,0,0,0,0,0,0,0,0,0,0,0,0,0,0,0
"OTU3262.p:Alveolata-Colponemidia.g:Colponema",0,0,0,0,0,0,0,0,0,0,0,0,0,0,0,0,0,0,0,0,0,0,0,0,0
"OTU3264.p:Tubulinea-Tubulinea_X.g:Nolandellidae_X",0,0,0,0,0,0,0,0,0,0,0,0,0,0,0,0,0,0,0,0,0,0,0,0,0
"OTU3266.p:Chlorophyta-Chlorophyta_X.g:Carteria",0,0,0,0,0,0,0,0,0,0,0,0,0,0,0,0,0,0,0,0,0,0,0,0,0
"OTU3267.p:Chlorophyta-Chlorophyta_X.g:Oocystella",0,0,0,0,0,0,0,0,0,0,0,0,0,0,0,0,0,0,0,0,0,0,0,0,0
"OTU3269.p:Opisthokonta-Choanoflagellata.g:Monosigidae_Group_M_X",0,0,0,0,0,0,0,0,0,0,0,0,0,0,0,0,0,0,0,0,0,0,0,0,0
"OTU3273.p:Opisthokonta-Rotosphaerida.g:Nuclearia",0,0,0,0,0,0,0,0,1,0,0,0,0,0,0,1,0,1,0,0,0,0,0,0,0
"OTU3274.p:Alveolata-Ciliophora.g:Holophryidae_X",0,0,0,0,0,0,0,0,1,0,0,0,0,0,0,0,0,0,0,0,0,0,0,0,0
"OTU3276.p:Discosea-Discosea_X.g:Acanthamoeba",0,0,0,0,0,0,0,0,0,0,0,0,0,0,0,0,0,0,0,0,0,0,0,1,0
"OTU3279.p:Opisthokonta-Choanoflagellata.g:Salpingoeca",0,0,0,0,0,0,0,0,0,0,0,1,0,0,0,1,0,1,0,0,0,0,0,0,0
"OTU3280.p:Rhizaria-Cercozoa.g:Sandonidae_X",0,0,0,0,0,0,0,0,0,0,0,4,0,0,0,0,0,0,0,0,0,0,0,0,0
"OTU3282.p:Rhizaria-Cercozoa.g:Protaspa",0,0,0,0,1,0,0,0,0,0,0,0,0,0,0,0,0,0,0,0,0,0,0,0,0
"OTU3283.p:Haptophyta-Haptophyta_X.g:Prymnesiophyceae_Clade_D_XX",0,0,0,0,0,0,0,0,0,0,0,0,0,0,1,0,1,0,0,0,0,0,0,0,0
"OTU3285.p:Alveolata-Ciliophora.g:Cyrtolophosidida_X",0,0,0,0,0,0,0,0,0,0,0,0,0,0,0,0,0,0,0,0,0,0,0,0,0
"OTU3286.p:Rhizaria-Cercozoa.g:Thalassomyxa",0,0,0,0,0,0,0,0,0,0,0,0,0,0,0,0,0,0,0,2,0,0,0,0,0
"OTU3287.p:Rhizaria-Cercozoa.g:Cercozoa_XXXX",0,0,0,0,0,0,0,0,0,0,0,0,0,0,0,0,0,0,0,0,0,0,0,0,0
"OTU3293.p:Evosea-Evosea_X.g:Ceratiomyxella",0,0,0,0,0,0,0,0,0,0,0,0,0,0,0,0,0,0,0,0,0,0,0,0,2
"OTU3295.p:Tubulinea-Tubulinea_X.g:Leptomyxa",0,0,0,0,0,0,0,0,0,0,0,0,3,0,0,0,0,1,0,0,0,1,0,0,3
"OTU3300.p:Evosea-Evosea_X.g:AND16-lineage_X",0,0,0,0,0,0,0,0,0,0,0,0,0,0,0,0,0,0,0,0,0,0,0,0,0
"OTU3303.p:Evosea-Evosea_X.g:Ceratiomyxella",0,0,0,0,0,0,0,0,0,0,0,0,0,0,0,0,0,0,0,0,0,0,0,0,0
"OTU3304.p:Discoba-Discoba_X.g:Andalucia",1,0,0,0,0,0,0,0,0,1,0,1,0,1,0,0,0,0,0,0,0,0,0,0,1
"OTU3306.p:Opisthokonta-Opisthokonta_X.g:Tunicaraptor",0,0,0,0,0,0,0,0,0,0,0,0,0,0,0,0,0,0,0,0,0,0,0,0,0
"OTU3307.p:Discoba-Discoba_X.g:Andaluciidae_AND1",0,0,2,0,0,0,0,0,0,0,0,0,0,0,0,0,0,0,0,0,0,0,0,0,0
"OTU3308.p:Rhizaria-Cercozoa.g:Paulinella",0,0,1,0,0,0,0,0,0,0,0,0,0,0,1,0,0,0,0,0,0,0,0,0,0
"OTU3312.p:Evosea-Evosea_X.g:Phalansterium",0,0,0,0,0,0,1,0,0,0,0,0,0,0,0,0,0,0,0,0,0,0,0,0,0
"OTU3314.p:Rhizaria-Cercozoa.g:Glissomonadida_XX",0,0,0,0,0,0,0,0,0,0,0,0,0,0,0,0,0,0,0,0,0,0,0,0,0
"OTU3316.p:Tubulinea-Tubulinea_X.g:Flabellulidae_X",0,0,0,0,0,0,0,0,0,0,0,0,0,0,0,0,0,0,0,0,0,0,0,0,0
"OTU3317.p:Chlorophyta-Chlorophyta_X.g:Chlamydomonas",0,0,0,1,0,0,0,1,0,2,0,0,0,0,0,0,0,0,0,0,0,1,0,0,0
"OTU3319.p:Rhizaria-Cercozoa.g:Cercomonas",0,0,0,0,0,0,0,0,0,0,2,0,0,0,0,0,0,0,0,0,0,0,0,0,0
"OTU3320.p:Evosea-Evosea_X.g:Variosea_XXX",0,0,0,1,0,0,0,2,0,0,0,0,1,0,0,0,0,0,0,0,0,0,0,0,0
"OTU3321.p:Alveolata-Ciliophora.g:Sessilida_X",0,0,1,0,0,0,0,0,0,0,0,0,0,0,0,0,0,0,0,0,0,0,0,0,0
"OTU3323.p:Stramenopiles-Bigyra.g:Amphifilaceae_X",0,0,0,0,0,0,0,0,0,0,0,0,0,0,0,1,1,0,0,0,0,0,0,0,0
"OTU3324.p:Rhizaria-Cercozoa.g:Sandonidae_X",0,0,0,0,0,0,0,0,0,0,0,0,0,0,0,0,0,0,0,0,0,0,0,0,0
"OTU3325.p:Alveolata-Ciliophora.g:Oligohymenophorea_XXX",0,0,0,0,0,0,0,0,0,0,0,0,0,0,0,0,0,0,0,0,0,0,0,0,0
"OTU3326.p:Stramenopiles-Bigyra.g:Borokaceae_X",0,0,0,0,0,0,0,0,0,0,0,0,0,0,0,0,0,0,0,0,0,0,0,0,0
"OTU3327.p:Stramenopiles-Gyrista.g:Pseudopleurochloris",0,0,0,0,0,0,0,0,0,0,0,0,0,0,0,0,0,0,0,0,0,0,0,0,0
"OTU3329.p:Evosea-Evosea_X.g:Ceratiomyxella",0,0,2,0,0,0,1,0,0,0,0,0,0,0,0,0,0,0,0,0,0,0,0,0,0
"OTU3332.p:Evosea-Evosea_X.g:WIM1-lineage_X",0,0,0,0,0,0,0,0,0,0,0,0,0,0,0,0,0,0,0,0,0,0,0,0,0
"OTU3335.p:Rhizaria-Cercozoa.g:Thalassomyxa-lineage_X",0,0,0,0,0,0,0,0,0,0,0,0,0,0,0,0,0,0,0,0,0,0,0,0,0
"OTU3340.p:Rhizaria-Cercozoa.g:Allapsidae_X",0,0,0,0,0,0,0,0,0,0,0,0,0,0,0,0,0,0,0,0,0,0,0,0,0
"OTU3341.p:Chlorophyta-Chlorophyta_X.g:Chlamydomonadales_XX",0,0,0,0,0,1,0,0,0,0,0,0,0,0,0,0,0,0,0,0,0,0,0,0,0
"OTU3343.p:Alveolata-Ciliophora.g:Platyophrya",0,0,0,0,0,0,0,0,0,0,0,0,0,0,0,0,0,0,0,0,0,0,0,0,0
"OTU3344.p:Alveolata-Ciliophora.g:Colpoda",0,2,0,0,0,0,2,0,0,0,0,0,0,0,0,0,0,0,0,0,0,0,0,0,0
"OTU3345.p:Rhizaria-Cercozoa.g:Euglyphida_XX",0,0,0,0,0,0,0,0,0,0,0,0,0,0,0,0,0,0,0,0,0,0,0,0,0
"OTU3346.p:Stramenopiles-Bigyra.g:Pseudodendromonadales_XX",0,0,0,0,0,0,0,0,0,0,0,0,0,0,0,0,0,0,0,0,0,0,0,0,0
"OTU3347.p:Discosea-Discosea_X.g:Mycamoeba",0,0,0,0,0,0,0,0,0,1,0,0,0,0,1,0,0,0,0,0,0,0,0,0,0
"OTU3350.p:Tubulinea-Tubulinea_X.g:Leptomyxa",0,0,0,0,0,0,0,0,0,0,0,0,0,0,0,0,0,0,0,0,0,0,0,0,0
"OTU3352.p:Stramenopiles-Gyrista.g:Pseudopleurochloris",0,1,0,0,0,0,0,0,0,0,0,0,0,0,0,0,0,0,0,0,0,0,0,0,0
"OTU3353.p:Stramenopiles-Bigyra.g:Amphifilaceae_X",0,0,0,0,0,0,1,0,0,0,0,0,0,0,0,0,0,0,0,0,0,0,0,0,0
"OTU3354.p:Alveolata-Apicomplexa.g:Actinocephalidae_NEO1",0,0,0,0,0,0,0,0,0,0,0,0,0,0,0,0,0,0,0,0,0,0,0,0,0
"OTU3355.p:Evosea-Evosea_X.g:AND16-lineage_X",0,0,0,0,0,0,0,0,0,0,0,0,0,0,0,0,0,0,0,0,0,0,0,0,0
"OTU3356.p:Stramenopiles-Bigyra.g:Pseudodendromonadales_XX",0,0,0,0,0,0,0,0,0,0,0,0,0,0,0,0,0,0,0,0,0,0,0,0,0
"OTU3357.p:Rhodophyta-Rhodophyta_X.g:Gracilariopsis",0,0,0,0,0,0,0,0,0,0,0,0,0,0,0,0,0,0,0,0,0,0,0,0,0
"OTU3358.p:Rhizaria-Cercozoa.g:Novel-Gran-234_X",0,0,0,0,0,0,0,0,0,0,0,0,0,0,0,0,0,0,0,0,0,0,0,0,0
"OTU3362.p:Rhizaria-Cercozoa.g:Rhogostoma-lineage_X",0,0,0,2,0,1,0,0,0,0,0,0,1,0,0,1,1,5,0,0,0,0,1,0,0
"OTU3363.p:Rhizaria-Cercozoa.g:Paulinella",0,0,0,0,0,0,0,0,0,0,0,0,0,0,0,0,0,0,0,0,0,0,0,0,0
"OTU3364.p:Alveolata-Apicomplexa.g:Gregarina1",0,1,0,0,0,0,0,0,0,0,0,0,0,0,0,0,0,0,0,0,0,0,0,0,0
"OTU3365.p:Rhodophyta-Rhodophyta_X.g:Cyanidiales_XX",0,0,0,0,0,0,0,0,0,0,0,0,0,0,0,0,0,0,0,1,0,0,0,0,0
"OTU3366.p:Opisthokonta-Choanoflagellata.g:Monosigidae_Group_O_X",0,0,0,0,0,0,0,0,0,0,0,0,0,0,0,0,0,0,0,0,0,0,0,0,0
"OTU3369.p:Alveolata-Apicomplexa.g:Cyclospora",0,0,0,0,0,0,0,0,0,0,0,0,0,0,0,0,0,0,0,0,0,2,0,0,0
"OTU3371.p:Alveolata-Ciliophora.g:Apocyrtolophosis",0,1,0,0,0,0,0,0,0,0,0,0,0,0,0,0,0,0,0,0,0,0,0,0,0
"OTU3373.p:Alveolata-Ciliophora.g:Cyrtolophosidida_X",0,0,0,0,0,0,0,0,0,0,0,0,0,0,0,0,0,0,0,0,0,0,0,0,1
"OTU3379.p:Rhodophyta-Rhodophyta_X.g:Seirospora",0,0,0,0,0,0,0,0,0,0,0,0,0,0,0,0,0,0,0,0,0,0,2,0,0
"OTU3390.p:Stramenopiles-Bigyra.g:Amphifilaceae_X",0,0,0,0,0,0,0,0,0,0,0,0,0,0,0,0,0,0,0,0,0,0,0,0,0
"OTU3391.p:Rhizaria-Cercozoa.g:Thalassomyxa",0,0,0,0,0,0,0,0,0,0,0,0,0,0,1,0,0,0,0,0,0,0,0,0,0
"OTU3392.p:Telonemia-Telonemia_X.g:Telonemia-Group-2_X",0,0,0,0,0,0,0,0,0,0,0,0,0,0,0,0,0,0,0,0,0,0,0,0,0
"OTU3393.p:Rhizaria-Cercozoa.g:Glissomonadida_XX",0,0,0,1,0,0,0,0,0,0,0,0,0,0,0,0,0,0,0,0,0,0,0,0,0
"OTU3394.p:Stramenopiles-Gyrista.g:Monodus",0,0,0,0,0,0,0,0,0,0,0,0,0,0,0,0,0,0,0,0,0,0,0,0,0
"OTU3395.p:Alveolata-Ciliophora.g:Scuticociliatia_2_XX",0,0,0,0,1,0,0,0,0,0,0,0,0,0,0,0,0,0,0,0,0,0,0,0,0
"OTU3398.p:Alveolata-Ciliophora.g:Microthoracida_X",0,0,0,0,0,0,0,0,0,0,0,0,0,0,1,0,0,0,0,0,0,0,0,0,0
"OTU3399.p:Rhizaria-Cercozoa.g:Neocercomonas",0,0,0,0,0,0,0,0,0,0,0,0,0,0,0,1,0,0,0,0,0,1,0,0,0
"OTU3401.p:Rhizaria-Cercozoa.g:Cercomonas",0,0,0,0,0,0,0,0,0,0,0,0,0,0,0,0,0,0,0,0,0,0,0,0,0
"OTU3402.p:Rhizaria-Cercozoa.g:Cavernomonas",0,0,0,0,0,0,0,0,0,0,0,0,0,0,0,0,0,0,0,0,0,0,0,0,0
"OTU3407.p:Discosea-Discosea_X.g:Balamuthiidae_X",0,3,2,1,0,0,0,0,0,0,2,0,0,0,0,0,0,0,0,0,0,0,0,0,0
"OTU3409.p:Chlorophyta-Chlorophyta_X.g:Chlorococcum",0,1,0,0,0,0,0,0,0,0,0,0,0,0,0,0,0,0,0,0,0,0,0,0,0
"OTU3411.p:Evosea-Evosea_X.g:Ceratiomyxella",0,1,1,0,0,0,0,0,0,0,0,0,0,0,0,0,0,0,0,0,0,0,0,0,0
"OTU3414.p:Rhodophyta-Rhodophyta_X.g:Gracilariopsis",0,0,0,0,0,0,0,0,0,0,0,0,0,0,0,0,0,0,0,0,0,0,0,0,0
"OTU3417.p:Rhizaria-Cercozoa.g:Allapsidae_X",0,0,0,0,0,0,0,0,0,0,0,0,0,0,0,0,0,0,0,0,0,0,0,0,0
"OTU3419.p:Metamonada-Preaxostyla.g:Paratrimastix",0,0,0,0,0,2,0,0,0,0,0,0,0,0,0,0,0,0,0,0,0,0,0,0,0
"OTU3423.p:Metamonada-Preaxostyla.g:Monocercomonoides",0,0,0,0,0,0,0,0,0,0,0,0,0,0,0,0,0,0,0,0,0,0,0,0,0
"OTU3424.p:Alveolata-Ciliophora.g:Heterometopus",0,0,0,0,0,2,0,0,0,0,0,0,0,0,0,0,0,0,0,0,0,0,0,0,0
"OTU3426.p:Evosea-Evosea_X.g:WIM1-lineage_X",0,0,0,0,0,0,0,0,0,0,0,0,0,0,0,1,0,0,0,0,0,0,0,0,0
"OTU3427.p:Rhizaria-Cercozoa.g:Thalassomyxa-lineage_X",0,0,0,0,0,0,0,0,0,0,0,1,0,0,0,0,0,0,0,0,0,0,0,0,0
"OTU3428.p:Discosea-Discosea_X.g:LKM74-lineage_X",1,0,0,0,0,0,0,0,0,0,0,0,0,0,1,0,0,0,0,0,0,0,0,0,0
"OTU3432.p:Stramenopiles-Bigyra.g:MAST-11_X",0,0,0,0,0,0,0,0,0,1,0,0,0,0,0,0,0,0,0,0,0,0,0,0,0
"OTU3433.p:Rhizaria-Cercozoa.g:Allapsidae_X",0,0,0,0,0,0,0,0,0,0,0,0,0,0,0,0,0,0,0,0,0,0,0,0,0
"OTU3436.p:Rhizaria-Cercozoa.g:Cercomonas",0,0,0,0,0,0,0,0,0,0,0,0,0,0,0,0,0,0,0,0,0,0,0,0,0
"OTU3439.p:Rhodophyta-Rhodophyta_X.g:Cyanidiales_XX",0,0,0,0,0,1,0,0,0,1,0,0,0,0,0,0,0,0,0,0,0,0,0,0,0
"OTU3442.p:Opisthokonta-Rotosphaerida.g:Nuclearia",0,0,0,0,0,0,0,0,0,0,0,0,0,0,0,0,0,0,0,0,0,0,0,0,0
"OTU3447.p:Stramenopiles-Gyrista.g:Bacillariophyceae_XXX",0,5,0,1,1,0,0,0,0,0,1,0,1,0,1,0,0,0,0,1,0,0,0,0,0
"OTU3449.p:Tubulinea-Tubulinea_X.g:Leptomyxa",0,0,0,0,2,0,0,0,0,0,0,0,0,0,0,0,0,0,0,0,0,0,0,0,0
"OTU3450.p:Tubulinea-Tubulinea_X.g:Ptolemeba",0,0,0,0,0,0,0,0,0,0,0,0,0,0,0,0,0,0,0,0,0,0,0,0,0
"OTU3451.p:Rhodophyta-Rhodophyta_X.g:Cyanidiales_XX",0,0,0,0,0,0,0,2,0,0,0,0,0,0,0,0,1,0,0,0,0,0,0,0,0
"OTU3453.p:Rhizaria-Cercozoa.g:Sandonidae_X",0,0,0,0,0,0,0,0,0,0,0,0,1,0,0,0,0,0,0,0,0,0,0,0,0
"OTU3454.p:Rhizaria-Cercozoa.g:Allapsidae_X",0,0,0,0,0,0,0,0,0,0,0,0,0,0,0,0,0,0,0,0,0,0,0,0,0
"OTU3455.p:Rhizaria-Cercozoa.g:Euglyphida_XX",0,0,0,0,0,0,0,0,0,0,0,0,0,0,0,0,0,0,0,0,0,1,0,0,0
"OTU3456.p:Opisthokonta-Rotosphaerida.g:Pompholyxophrys",0,0,0,0,0,0,0,0,0,0,0,0,0,0,0,0,1,0,0,0,0,0,0,0,0
"OTU3458.p:Tubulinea-Tubulinea_X.g:Ptolemeba",0,0,0,0,0,0,0,0,0,0,0,0,0,0,0,0,0,0,0,0,0,0,0,1,0
"OTU3464.p:Rhizaria-Cercozoa.g:Rhogostoma-lineage_X",0,0,0,0,0,0,0,0,0,0,0,0,0,0,0,0,1,1,0,0,0,2,0,1,0
"OTU3466.p:Stramenopiles-Bigyra.g:Pseudodendromonadales_XX",0,0,0,0,0,0,0,0,0,0,0,0,0,0,0,0,0,0,0,0,0,0,0,0,0
"OTU3468.p:Tubulinea-Tubulinea_X.g:Flabellula",0,0,0,0,0,0,0,0,1,0,0,0,0,0,0,0,0,0,0,0,0,0,0,0,0
"OTU3474.p:Rhodophyta-Rhodophyta_X.g:Cyanidiales_XX",0,0,0,0,0,0,0,0,0,0,0,0,0,0,0,0,0,0,0,0,0,0,0,0,0
"OTU3475.p:Chlorophyta-Chlorophyta_X.g:Chlamydomonadales_XX",0,0,0,0,0,1,0,0,0,0,0,0,0,0,0,0,0,0,0,0,0,0,0,0,0
"OTU3484.p:Streptophyta-Streptophyta_X.g:Streptophyta_XXXXX",0,0,0,0,0,0,0,0,0,0,0,0,0,0,0,0,0,0,0,0,0,0,0,0,0
"OTU3489.p:Rhizaria-Cercozoa.g:Paracercomonas",0,0,0,0,0,0,0,0,0,0,0,0,0,0,0,0,0,0,0,0,0,0,0,0,0
"OTU3491.p:Tubulinea-Tubulinea_X.g:Ptolemeba",0,0,0,0,0,0,0,0,0,0,0,0,0,0,0,0,0,0,0,0,0,0,0,0,0
"OTU3492.p:Discosea-Discosea_X.g:Stenamoeba",0,0,1,0,0,0,0,0,0,0,1,0,0,0,0,0,0,0,0,0,0,0,0,1,0
"OTU3493.p:Opisthokonta-Choanoflagellata.g:Salpingoecidae_Group_C2_X",0,0,0,0,0,0,0,0,0,0,0,0,0,0,0,0,0,0,0,0,0,0,0,0,0
"OTU3496.p:Rhizaria-Cercozoa.g:Thalassomyxa",0,0,0,0,0,0,0,0,0,0,0,0,0,0,0,0,0,0,0,0,0,0,0,0,0
"OTU3497.p:Stramenopiles-Gyrista.g:Chrysophyceae_XXX",0,0,0,0,0,0,0,0,0,0,0,0,0,0,0,0,0,0,0,0,0,0,0,0,0
"OTU3499.p:Evosea-Evosea_X.g:Angulamoeba",0,0,0,0,0,0,1,0,0,2,0,0,0,0,0,0,0,0,0,0,0,0,0,0,0
"OTU3501.p:Alveolata-Ciliophora.g:Cyrtolophosidida_X",0,0,0,0,0,0,0,0,0,0,0,0,0,0,0,0,0,0,0,0,0,0,0,0,0
"OTU3502.p:Alveolata-Dinoflagellata.g:Luciella",0,0,0,0,0,0,0,0,1,0,0,0,0,0,0,0,0,0,0,0,0,0,0,0,0
"OTU3504.p:Tubulinea-Tubulinea_X.g:Flabellulidae_X",0,0,0,0,0,0,0,0,0,0,0,0,0,0,1,0,0,0,0,0,0,0,0,0,0
"OTU3506.p:Stramenopiles-Bigyra.g:Thraustochytrium",0,0,0,0,0,0,0,0,0,0,0,0,0,0,0,0,0,0,0,0,0,0,0,0,0
"OTU3507.p:Rhizaria-Cercozoa.g:he2-lineage_X",0,0,1,0,0,0,0,0,0,0,0,0,0,0,0,0,0,0,0,0,0,0,0,0,0
"OTU3509.p:Rhizaria-Cercozoa.g:Neocercomonas",0,0,0,0,0,0,0,0,0,0,0,0,0,0,0,0,0,0,0,0,0,0,0,0,0
"OTU3510.p:Tubulinea-Tubulinea_X.g:Copromyxa",0,0,0,0,0,0,0,0,0,0,0,0,0,0,0,0,0,0,0,0,0,0,0,0,0
"OTU3513.p:Rhizaria-Cercozoa.g:Thalassomyxa",0,0,0,0,0,0,0,0,0,0,0,0,0,0,0,0,0,0,0,0,0,0,0,0,0
"OTU3515.p:Stramenopiles-Gyrista.g:Paraphysomonas",0,0,0,0,0,0,0,0,0,0,0,0,0,0,0,0,0,0,0,0,0,0,0,0,0
"OTU3517.p:Stramenopiles-Gyrista.g:MAST-2C",0,0,0,0,0,0,0,0,0,2,0,0,0,0,0,0,0,0,0,0,0,0,0,0,0
"OTU3519.p:Alveolata-Chrompodellids.g:Colpodella",0,0,0,0,0,0,0,0,0,0,0,0,0,0,0,0,0,0,0,0,0,0,0,0,0
"OTU3520.p:Stramenopiles-Gyrista.g:Leptomitales_X",0,0,0,0,0,0,0,0,0,0,0,0,0,0,0,0,0,0,0,0,0,0,0,0,0
"OTU3521.p:Stramenopiles-Bigyra.g:Anoeca",0,0,1,0,0,0,0,0,0,0,0,0,0,0,0,0,0,0,0,0,0,0,0,0,0
"OTU3523.p:Evosea-Evosea_X.g:Ceratiomyxella",0,0,0,0,0,0,1,0,0,0,0,0,0,0,0,0,0,0,0,0,0,0,0,0,0
"OTU3524.p:Rhizaria-Cercozoa.g:Allapsidae_X",0,1,0,0,0,0,0,1,0,0,0,0,0,1,0,1,0,0,0,0,0,0,1,0,0
"OTU3525.p:Chlorophyta-Chlorophyta_X.g:Chlamydomonadales_XX",0,0,0,0,0,0,0,0,0,0,0,0,0,0,0,0,0,0,0,0,0,0,0,0,0
"OTU3526.p:Evosea-Evosea_X.g:Nematostelium",0,0,0,0,0,0,0,0,0,0,0,0,0,0,0,0,0,0,0,0,0,0,0,0,0
"OTU3527.p:Metamonada-Preaxostyla.g:Paratrimastix",0,0,0,0,0,1,0,2,0,0,0,0,0,0,0,0,0,0,0,0,0,0,0,0,0
"OTU3528.p:Rhizaria-Cercozoa.g:sm27-lineage_X",0,0,0,0,0,0,0,0,0,0,0,1,0,0,0,0,0,0,0,0,0,0,0,0,0
"OTU3529.p:Evosea-Evosea_X.g:Variosea_XXX",0,0,0,0,0,0,0,0,0,0,0,0,0,0,0,0,0,0,0,0,0,0,0,0,0
"OTU3530.p:Alveolata-Chrompodellids.g:Colpodellidae2",0,0,0,0,0,0,0,0,0,0,0,0,0,0,0,0,0,0,0,0,0,0,0,0,0
"OTU3532.p:Tubulinea-Tubulinea_X.g:Phryganella",0,0,0,0,1,0,0,0,0,0,0,0,0,0,0,0,0,0,0,0,0,0,0,0,0
"OTU3533.p:Tubulinea-Tubulinea_X.g:Hartmannellidae_X",0,0,0,0,0,0,0,0,0,0,0,0,0,1,0,0,0,0,0,0,0,0,0,0,0
"OTU3534.p:Stramenopiles-Gyrista.g:Bacteriastrum",0,0,0,0,0,0,0,0,0,1,0,0,0,0,0,0,0,0,0,0,0,0,0,0,0
"OTU3535.p:Rhizaria-Cercozoa.g:Thalassomyxa-lineage_X",0,0,0,0,0,0,0,0,0,0,0,0,0,0,0,0,0,0,0,0,0,0,0,0,0
"OTU3537.p:Tubulinea-Tubulinea_X.g:Copromyxa",0,1,0,0,0,0,0,0,0,0,0,0,0,0,0,0,0,0,0,0,0,0,0,0,0
"OTU3539.p:Evosea-Evosea_X.g:Variosea_XXX",0,0,0,0,0,0,0,0,0,1,0,0,0,0,0,0,0,0,0,0,0,0,0,0,0
"OTU3544.p:Rhizaria-Cercozoa.g:Paracercomonas",0,0,0,0,0,0,0,0,0,0,0,0,2,0,0,0,0,0,0,0,0,0,0,0,0
"OTU3546.p:Rhizaria-Cercozoa.g:Vernalophrys",0,0,0,0,0,0,0,0,0,0,0,0,0,0,0,0,0,0,0,0,0,0,0,0,0
"OTU3551.p:Alveolata-Ciliophora.g:Colpoda",0,0,0,0,0,0,0,0,0,0,0,0,0,0,0,0,0,0,0,0,0,1,0,0,0
"OTU3552.p:Tubulinea-Tubulinea_X.g:Ptolemeba",0,0,0,0,0,0,0,0,0,0,0,0,0,0,0,0,0,0,0,0,0,0,0,0,0
"OTU3553.p:Tubulinea-Tubulinea_X.g:Nolandellidae_X",0,0,0,0,0,0,0,0,0,0,0,0,0,0,0,0,0,0,0,0,0,0,0,0,0
"OTU3558.p:Tubulinea-Tubulinea_X.g:Copromyxa",0,0,0,0,0,0,0,0,0,0,0,0,0,0,0,0,1,0,0,0,0,0,0,0,0
"OTU3561.p:Chlorophyta-Chlorophyta_X.g:Chlorococcum",0,0,0,0,0,0,0,0,0,0,1,0,0,0,0,0,0,1,0,0,0,0,0,0,0
"OTU3565.p:Tubulinea-Tubulinea_X.g:Hartmannellidae_X",0,0,0,1,1,0,0,0,0,0,0,0,0,0,0,0,0,1,0,2,0,0,0,0,0
"OTU3568.p:Stramenopiles-Bigyra.g:Amphifilaceae_X",0,0,0,0,0,0,0,0,0,0,0,2,0,1,0,0,0,2,0,2,0,0,0,0,1
"OTU3569.p:Rhizaria-Cercozoa.g:Filosa-Sarcomonadea_XXX",0,0,0,0,0,0,0,0,0,0,0,0,0,0,0,0,0,0,0,0,0,0,0,0,0
"OTU3572.p:Rhizaria-Cercozoa.g:Eocercomonas",0,0,0,0,0,0,0,0,0,0,0,0,0,0,0,0,0,0,0,0,0,0,0,0,0
"OTU3575.p:Alveolata-Ciliophora.g:Scuticociliatia_2_XX",0,0,0,0,0,0,0,0,0,0,0,0,0,0,0,0,0,0,0,0,0,0,0,0,1
"OTU3583.p:Rhizaria-Cercozoa.g:Paracercomonas",0,0,0,0,0,0,0,0,0,0,0,0,0,0,0,0,0,0,0,0,0,0,0,0,0
"OTU3586.p:Alveolata-Ciliophora.g:Cyrtolophosidida_X",0,0,0,0,0,0,0,0,0,0,0,0,0,0,0,0,0,0,0,0,1,0,0,0,0
"OTU3590.p:Discosea-Discosea_X.g:Mycamoeba",1,0,0,0,0,0,0,0,0,0,0,0,0,0,0,0,0,0,0,0,0,0,0,0,0
"OTU3594.p:Stramenopiles-Bigyra.g:Amphifilaceae_X",0,0,0,0,0,0,0,0,0,0,0,0,0,0,0,0,0,0,0,0,0,5,0,0,0
"OTU3595.p:Evosea-Evosea_X.g:Angulamoeba",0,0,0,0,0,0,0,0,0,0,0,0,0,0,0,0,0,0,0,0,0,1,0,0,0
"OTU3600.p:Alveolata-Ciliophora.g:Exocolpoda",0,0,0,0,0,0,0,0,0,0,0,0,0,0,0,0,0,0,0,0,0,0,0,0,0
"OTU3605.p:Rhizaria-Cercozoa.g:Paracercomonas",0,0,0,0,0,0,0,0,0,0,0,0,0,0,0,0,0,0,0,0,0,0,0,0,0
"OTU3616.p:Tubulinea-Tubulinea_X.g:Nolandellidae_X",0,0,0,0,0,0,0,0,0,0,0,0,0,0,0,0,0,0,0,0,0,0,0,2,0
"OTU3621.p:Rhizaria-Cercozoa.g:Cercomonas",0,0,0,0,0,0,0,0,0,0,0,0,0,0,0,0,0,0,0,0,0,0,0,0,0
"OTU3622.p:Stramenopiles-Gyrista.g:Ochromonadales_clade-XI_X",0,0,0,0,0,0,0,2,0,1,0,0,0,2,3,0,0,0,0,0,0,0,0,0,0
"OTU3629.p:Rhizaria-Cercozoa.g:Sandonidae_X",0,0,0,0,0,0,0,0,0,0,0,0,0,0,0,0,0,0,0,0,0,0,0,0,0
"OTU3635.p:Alveolata-Ciliophora.g:Colpoda",0,0,0,0,0,1,0,0,1,0,0,0,1,0,0,0,0,0,0,0,0,0,0,0,0
"OTU3640.p:Alveolata-Ciliophora.g:Colpoda",0,0,1,0,0,0,0,0,0,0,0,0,0,0,1,0,0,0,0,0,1,2,0,0,0
"OTU3644.p:Tubulinea-Tubulinea_X.g:Echinamoeba",0,0,0,0,0,0,0,0,0,1,0,0,0,0,0,0,0,0,0,0,0,0,0,0,0
"OTU3645.p:Stramenopiles-Bigyra.g:Labyrinthulomycetes_LAB13_X",0,0,2,0,0,0,0,0,0,0,0,0,0,0,0,0,0,0,0,0,0,0,0,0,0
"OTU3650.p:Tubulinea-Tubulinea_X.g:Flabellula",0,0,0,0,0,0,0,0,0,0,0,0,0,0,0,0,0,0,0,0,0,0,0,0,0
"OTU3652.p:Tubulinea-Tubulinea_X.g:Copromyxa",1,0,0,0,0,0,0,0,0,0,0,0,0,0,0,0,0,0,0,0,0,0,0,0,0
"OTU3658.p:Alveolata-Chrompodellids.g:Voromonas",0,0,0,0,0,0,0,0,0,0,0,0,0,0,0,0,0,0,0,0,0,0,0,0,0
"OTU3662.p:Evosea-Evosea_X.g:Ceratiomyxella",0,0,0,0,0,0,0,0,0,0,0,0,0,0,0,0,0,0,0,0,0,0,0,0,0
"OTU3663.p:Chlorophyta-Chlorophyta_X.g:Chlorosarcinopsis",1,10,2,0,3,0,0,0,0,0,6,1,2,0,1,0,0,0,0,1,0,0,0,0,0
"OTU3665.p:Stramenopiles-Gyrista.g:Chlorochromonas",0,0,0,0,1,0,0,0,1,0,0,0,0,0,0,0,0,0,0,0,0,0,0,0,0
"OTU3666.p:Alveolata-Ciliophora.g:Urostomides",0,0,0,0,0,0,0,0,0,0,0,0,0,0,0,0,0,0,0,0,0,0,0,0,0
"OTU3667.p:Rhodophyta-Rhodophyta_X.g:Cyanidiales_XX",0,0,0,0,0,0,0,0,1,0,0,0,0,0,0,0,0,0,0,0,0,0,0,0,0
"OTU3669.p:Rhizaria-Cercozoa.g:Novel-Gran-6_X",0,0,0,3,0,0,0,0,0,0,0,0,0,0,0,0,0,0,0,0,0,0,0,0,0
"OTU3670.p:Evosea-Eumycetozoa.g:Polysphondylium-Group-IV",0,0,0,0,0,0,0,0,0,0,0,0,0,0,0,0,0,0,0,0,0,0,0,0,0
"OTU3674.p:Streptophyta-Streptophyta_X.g:Mesostigmatophyceae_XXX",0,0,0,0,0,0,0,1,0,0,0,0,0,0,0,0,0,0,0,0,0,0,0,0,0
"OTU3678.p:Evosea-Eumycetozoa.g:Hyperamoeba",0,0,0,0,0,0,0,0,0,1,0,0,0,0,0,0,0,0,0,0,0,0,0,0,0
"OTU3680.p:Tubulinea-Tubulinea_X.g:Nolandellidae_X",0,0,0,0,0,0,1,0,0,0,0,0,0,0,0,0,0,0,0,0,0,0,0,0,0
"OTU3686.p:Alveolata-Ciliophora.g:Oxytrichidae_X",0,0,0,0,0,0,0,0,0,0,0,0,0,0,0,0,0,0,0,0,0,0,0,0,0
"OTU3691.p:Tubulinea-Tubulinea_X.g:Nolandellidae_X",0,0,0,0,0,0,0,0,0,0,0,0,0,0,0,0,0,0,0,0,0,0,0,0,0
"OTU3693.p:Tubulinea-Tubulinea_X.g:Nolandellidae_X",0,0,0,0,0,0,0,0,0,0,0,0,0,0,0,0,0,0,0,0,0,0,0,0,0
"OTU3694.p:Rhizaria-Cercozoa.g:Cercozoa_XXXX",0,0,0,0,0,0,0,0,0,0,0,0,0,0,1,0,0,0,0,0,0,0,0,0,0
"OTU3695.p:Evosea-Evosea_X.g:Variosea_XXX",0,0,0,0,0,0,0,0,0,0,0,0,0,0,0,0,0,0,0,0,0,0,0,0,0
"OTU3696.p:Tubulinea-Tubulinea_X.g:Ptolemeba",0,0,0,0,0,0,0,0,0,0,0,0,0,0,0,0,0,0,0,0,0,0,0,0,0
"OTU3698.p:Telonemia-Telonemia_X.g:Telonemia-Group-2_X",0,0,0,0,0,0,0,0,0,0,0,0,0,0,0,0,1,0,0,0,0,0,0,0,0
"OTU3699.p:Stramenopiles-Gyrista.g:Pseudopleurochloris",0,0,0,0,0,0,0,0,0,0,0,0,0,0,0,2,0,1,0,0,0,0,0,0,0
"OTU3700.p:Rhizaria-Cercozoa.g:Sandonidae_X",0,0,0,0,0,0,0,0,0,0,0,0,0,0,0,0,0,0,0,0,0,0,0,0,0
"OTU3701.p:Tubulinea-Tubulinea_X.g:Ptolemeba",0,0,0,0,0,0,0,0,0,0,0,0,0,0,0,0,0,0,1,0,0,0,0,0,0
"OTU3705.p:Stramenopiles-Bigyra.g:Labyrinthulaceae_X",0,0,0,0,0,0,0,0,0,0,0,0,0,0,0,0,0,0,0,0,0,0,0,0,0
"OTU3707.p:Stramenopiles-Bigyra.g:Sorodiplophrys",0,0,0,0,0,0,0,0,0,0,0,0,0,0,0,0,2,0,0,0,0,0,0,0,0
"OTU3708.p:Rhizaria-Cercozoa.g:Eocercomonas",0,0,0,0,0,0,0,0,0,0,0,0,0,0,0,0,1,0,0,0,0,0,0,0,0
"OTU3709.p:Stramenopiles-Bigyra.g:Fibrophrys",0,0,0,0,0,0,0,0,0,0,0,0,0,0,0,0,0,2,2,0,0,0,0,0,0
"OTU3712.p:Stramenopiles-Bigyra.g:Archerella",0,0,0,0,0,1,0,0,0,0,0,0,0,0,0,0,0,0,0,1,0,0,0,0,0
"OTU3717.p:Tubulinea-Tubulinea_X.g:Hartmannellidae_X",0,0,0,0,0,0,0,0,0,0,0,0,0,0,0,0,0,0,0,0,0,0,0,0,0
"OTU3720.p:Chlorophyta-Chlorophyta_X.g:Chlamydomonas",0,0,0,0,0,0,0,0,0,0,1,0,0,0,0,0,0,0,0,0,0,0,0,0,0
"OTU3721.p:Stramenopiles-Bigyra.g:Fibrophrys",0,0,0,0,0,0,0,0,0,0,0,0,0,0,0,0,0,0,0,0,0,0,0,0,0
"OTU3722.p:Tubulinea-Tubulinea_X.g:Echinamoeba",0,0,0,0,0,0,0,0,0,0,0,0,0,0,0,0,0,0,0,0,0,0,0,0,0
"OTU3728.p:Stramenopiles-Bigyra.g:Pseudodendromonadales_XX",0,0,0,0,0,0,0,0,0,0,0,0,0,0,0,0,0,0,0,0,0,2,0,0,0
"OTU3755.p:Stramenopiles-Bigyra.g:Bicosoeca",0,0,0,0,0,0,0,0,0,0,0,0,0,0,0,0,0,0,0,0,0,0,0,0,0
"OTU3758.p:Evosea-Evosea_X.g:Ceratiomyxella",0,0,0,0,0,0,0,0,0,0,0,0,0,0,0,0,0,0,0,0,0,0,0,0,0
"OTU3761.p:Evosea-Eumycetozoa.g:Cribraria",0,0,1,0,0,0,0,0,0,0,0,0,0,0,0,0,0,0,0,0,0,0,0,0,0
"OTU3762.p:Rhizaria-Cercozoa.g:Cercomonas",0,0,0,0,0,0,0,0,0,0,0,0,0,0,0,0,0,0,0,0,0,0,0,1,0
"OTU3763.p:Evosea-Evosea_X.g:ATCC50593-lineage_X",0,0,1,0,0,0,0,0,0,0,0,0,0,0,0,0,0,0,0,0,0,0,0,0,0
"OTU3765.p:Stramenopiles-Bigyra.g:Bicosoeca",0,0,1,0,0,0,0,0,0,0,0,0,0,0,0,0,0,0,0,0,0,0,0,0,0
"OTU3766.p:Tubulinea-Tubulinea_X.g:Phryganella",0,0,1,0,0,0,0,0,0,0,0,0,0,0,0,0,0,0,0,0,0,0,0,0,0
"OTU3767.p:Rhizaria-Cercozoa.g:Paracercomonas",0,0,0,0,6,0,0,0,0,0,0,0,0,0,0,0,0,0,0,0,0,0,0,0,0
"OTU3769.p:Ancyromonadida-Ancyromonadida_X.g:Ancyromonadida_Group-1_X",0,0,0,0,0,0,0,0,0,0,0,0,0,0,0,0,0,0,0,0,0,0,0,0,0
"OTU3770.p:Alveolata-Chrompodellids.g:Colpodella",0,0,0,0,0,0,0,0,0,0,0,0,0,0,0,0,0,0,0,0,0,0,0,0,0
"OTU3777.p:Tubulinea-Tubulinea_X.g:Nolandellidae_X",0,0,0,0,0,0,0,0,0,0,0,0,0,0,0,0,0,0,0,0,0,0,0,0,0
"OTU3779.p:Tubulinea-Tubulinea_X.g:Rhizamoeba",0,0,0,0,0,0,0,0,0,0,0,0,3,0,0,0,0,0,0,0,0,0,0,0,0
"OTU3780.p:Rhizaria-Cercozoa.g:Penardia-lineage_X",0,0,0,0,0,0,0,0,0,0,0,0,0,0,0,0,0,0,0,0,0,0,0,0,0
"OTU3785.p:Rhizaria-Cercozoa.g:Paracercomonas",0,0,0,0,0,0,0,0,0,0,0,0,0,0,0,0,0,0,0,0,0,1,0,0,0
"OTU3787.p:Alveolata-Chrompodellids.g:Alphamonadea_ALPH2",0,0,1,0,0,0,0,0,0,0,0,0,0,1,0,1,0,0,0,0,0,0,0,0,0
"OTU3790.p:Alveolata-Ciliophora.g:Bryometopus",0,0,0,0,0,0,0,0,0,0,0,0,0,0,0,0,0,0,0,0,0,0,0,0,0
"OTU3791.p:Rhizaria-Cercozoa.g:Fisculla",0,0,0,0,0,1,0,0,0,0,0,0,0,0,0,0,0,0,0,0,0,0,0,0,0
"OTU3792.p:Alveolata-Ciliophora.g:Heterometopus",0,0,0,0,0,0,0,0,0,0,0,0,0,0,0,0,0,0,0,0,0,0,0,0,0
"OTU3797.p:Tubulinea-Tubulinea_X.g:Flabellula",0,0,1,0,0,0,0,0,0,0,1,0,5,0,0,0,0,0,0,0,0,0,0,0,0
"OTU3798.p:Streptophyta-Streptophyta_X.g:Klebsormidium",0,0,0,0,0,0,0,0,0,0,0,0,0,0,0,0,0,0,0,0,0,0,0,0,0
"OTU3799.p:Tubulinea-Tubulinea_X.g:Echinamoeba",0,0,0,1,0,0,0,0,0,0,0,0,0,0,0,0,0,0,0,0,0,0,0,0,0
"OTU3802.p:Alveolata-Ciliophora.g:Litostomatea_XXX",0,0,0,0,0,0,0,0,0,0,0,0,0,0,0,0,0,0,0,0,0,0,0,0,0
"OTU3809.p:Stramenopiles-Bigyra.g:Amphifilaceae_X",0,0,1,0,0,0,0,0,0,0,0,0,0,0,0,0,0,0,0,0,0,1,0,0,1
"OTU3811.p:Chlorophyta-Chlorophyta_X.g:Tetracystis",0,0,0,0,0,0,0,0,0,0,0,0,0,0,0,0,0,0,0,0,0,0,0,0,0
"OTU3813.p:Tubulinea-Tubulinea_X.g:Copromyxa",0,0,0,0,0,0,0,0,0,0,0,0,0,0,0,0,0,0,0,0,0,0,0,0,0
"OTU3814.p:Rhodophyta-Rhodophyta_X.g:Cyanidiales_XX",0,0,0,0,0,1,0,0,0,0,0,0,0,0,0,0,0,0,0,0,0,0,0,0,0
"OTU3829.p:Evosea-Evosea_X.g:Flamella",0,0,0,0,0,0,0,0,0,0,0,0,0,0,0,0,0,0,0,0,0,0,0,0,0
"OTU3835.p:Stramenopiles-Bigyra.g:Pseudodendromonadales_XX",0,0,0,0,0,0,0,0,0,0,0,0,0,0,0,0,0,0,0,0,0,0,0,0,0
"OTU3839.p:Stramenopiles-Bigyra.g:Amphifilaceae_X",0,0,0,0,0,0,0,0,0,0,0,0,0,0,0,0,0,0,0,0,0,0,0,0,0
"OTU3840.p:Alveolata-Ciliophora.g:Platyophrya",0,0,0,0,0,0,0,0,0,0,0,0,0,0,0,0,0,0,0,0,0,0,0,0,0
"OTU3842.p:Tubulinea-Tubulinea_X.g:Ptolemeba",0,0,0,0,0,0,0,0,0,0,0,1,0,0,0,0,0,0,0,0,0,0,0,0,0
"OTU3844.p:Alveolata-Ciliophora.g:Litostomatea_XXX",0,0,0,0,0,0,0,0,0,0,0,0,0,0,0,0,0,0,0,0,0,0,0,0,0
"OTU3847.p:Rhizaria-Cercozoa.g:Bodomorpha",0,0,0,0,0,0,0,0,0,0,0,0,0,0,0,0,0,0,0,0,0,0,0,0,0
"OTU3848.p:Alveolata-Ciliophora.g:Colpodidiidae_X",0,0,0,0,0,0,0,0,0,0,0,0,0,0,1,0,0,0,0,0,0,0,0,0,0
"OTU3849.p:Stramenopiles-Bigyra.g:MAST-4C",0,0,0,0,0,0,0,0,0,0,0,0,0,0,0,0,0,0,0,0,0,0,0,0,0
"OTU3852.p:Rhizaria-Cercozoa.g:Sandona",0,0,0,0,0,0,0,0,0,1,0,0,0,0,1,0,0,0,0,0,0,0,0,0,0
"OTU3855.p:Rhizaria-Cercozoa.g:Rhogostoma",0,0,0,0,0,0,0,0,0,0,0,0,0,0,0,0,0,0,0,1,0,0,0,0,0
"OTU3856.p:Tubulinea-Tubulinea_X.g:Leptomyxa",0,0,0,0,0,0,0,0,0,0,0,0,1,0,0,0,0,1,0,0,0,0,0,0,0
"OTU3858.p:Evosea-Evosea_X.g:Ceratiomyxella",1,0,1,0,0,0,0,0,0,0,0,0,0,0,0,0,0,0,0,0,0,0,0,0,0
"OTU3861.p:Evosea-Evosea_X.g:Variosea_XXX",0,3,0,0,0,0,0,0,0,0,0,0,0,0,0,1,1,0,0,1,0,0,0,0,0
"OTU3863.p:Evosea-Evosea_X.g:Variosea_XXX",1,0,0,0,0,0,0,0,0,0,0,0,0,0,0,1,0,0,0,0,0,0,0,0,0
"OTU3864.p:Alveolata-Chrompodellids.g:Colpodella",0,0,0,0,0,0,0,0,0,0,0,0,0,0,0,1,0,0,0,0,0,0,0,0,0
"OTU3865.p:Rhizaria-Cercozoa.g:Group-Te",0,3,0,9,0,0,0,0,0,0,0,3,0,0,0,0,0,0,0,0,0,0,0,0,0
"OTU3866.p:Alveolata-Ciliophora.g:Trochiliopsis",0,0,0,0,0,0,0,0,0,0,0,0,1,0,0,0,1,0,0,0,0,0,0,0,0
"OTU3876.p:Alveolata-Chrompodellids.g:Colpodella",0,0,0,0,0,0,0,0,0,0,0,0,0,0,0,0,0,0,0,0,0,0,0,0,0
"OTU3879.p:Chlorophyta-Chlorophyta_X.g:Oocystaceae",0,0,0,0,0,0,0,0,0,0,0,0,0,0,0,0,0,0,1,0,0,0,0,0,0
"OTU3881.p:Rhizaria-Cercozoa.g:Ventrifissuridae_X",0,0,0,0,0,0,0,0,0,0,0,0,0,0,0,0,0,0,0,0,0,0,0,0,0
"OTU3882.p:Opisthokonta-Rotosphaerida.g:Nuclearia",0,0,0,0,0,0,0,0,0,0,0,0,0,0,0,0,0,0,0,0,0,0,0,0,0
"OTU3883.p:Rhizaria-Cercozoa.g:Thalassomyxa",0,0,0,0,0,0,0,0,0,0,0,0,0,0,0,0,0,0,0,0,0,0,0,0,0
"OTU3884.p:Discosea-Discosea_X.g:LKM74-lineage_X",0,0,0,0,0,0,0,0,0,1,0,0,0,0,0,0,0,0,0,0,0,0,0,0,0
"OTU3886.p:Tubulinea-Tubulinea_X.g:Nolandellidae_X",0,0,0,0,0,0,0,0,0,0,0,0,0,0,0,0,0,0,0,0,0,0,0,0,0
"OTU3890.p:Evosea-Evosea_X.g:Variosea_XXX",0,0,0,0,0,0,0,0,0,0,0,0,0,0,0,0,0,0,0,0,0,0,0,0,0
"OTU3892.p:Tubulinea-Tubulinea_X.g:Nolandellidae_X",0,0,0,0,0,0,0,0,0,0,0,0,0,1,0,0,0,0,0,0,0,0,0,0,0
"OTU3896.p:Rhizaria-Cercozoa.g:Metabolomonas",0,0,0,0,0,0,0,0,0,0,0,0,0,0,0,0,0,0,0,0,0,0,0,0,0
"OTU3898.p:Rhizaria-Cercozoa.g:Allapsidae_X",0,0,0,0,0,0,0,0,0,0,0,0,0,0,0,0,0,0,0,0,0,0,0,0,0
"OTU3899.p:Rhizaria-Cercozoa.g:Cercozoa_XXXX",0,0,0,0,0,0,0,0,0,0,0,0,0,0,0,0,0,0,0,0,0,0,0,0,0
"OTU3901.p:Stramenopiles-Gyrista.g:Segregatospumellaceae_X",0,0,0,0,0,0,0,0,0,0,0,0,0,0,0,0,0,0,0,0,0,1,0,0,0
"OTU3902.p:Evosea-Evosea_X.g:AND16-lineage_X",0,1,0,0,0,0,0,0,0,0,0,0,0,0,0,0,0,0,0,0,0,0,0,0,0
"OTU3925.p:Tubulinea-Tubulinea_X.g:Leptomyxa",0,0,0,0,0,0,0,0,0,0,0,0,0,0,0,0,0,0,0,0,0,0,0,0,0
"OTU3927.p:Tubulinea-Tubulinea_X.g:Flabellula",0,0,0,7,0,0,0,1,0,0,0,0,0,0,0,0,0,0,0,0,0,0,0,0,0
"OTU3929.p:Stramenopiles-Bigyra.g:MAST-6_X",0,0,0,0,0,0,0,0,0,0,0,0,0,0,0,0,0,0,0,0,0,0,0,0,0
"OTU3930.p:Rhizaria-Cercozoa.g:Tremula",0,0,0,0,0,0,0,0,0,0,0,0,0,0,0,0,0,0,0,0,0,0,0,0,0
"OTU3933.p:Rhizaria-Cercozoa.g:Thalassomyxa",0,0,0,0,0,0,0,0,0,0,0,0,0,0,0,0,0,0,0,0,0,0,0,0,0
"OTU3943.p:Stramenopiles-Bigyra.g:Labyrinthulaceae_X",0,0,0,0,0,0,0,0,0,0,0,0,0,0,0,0,0,0,0,0,0,0,0,0,0
"OTU3953.p:Rhizaria-Cercozoa.g:Pansomonadida_XX",0,0,0,0,0,0,0,0,0,0,0,0,0,0,0,0,0,0,0,0,0,0,0,0,0
"OTU3956.p:Alveolata-Ciliophora.g:Cultellothrix",0,0,0,0,0,1,0,0,0,0,0,0,0,0,0,0,0,0,0,0,0,0,0,0,0
"OTU3957.p:Tubulinea-Tubulinea_X.g:Copromyxa",0,0,0,0,0,0,0,0,0,0,0,0,0,0,0,0,0,0,0,0,0,0,0,0,0
"OTU3958.p:Metamonada-Preaxostyla.g:Paratrimastix",0,0,0,0,0,0,0,0,0,0,0,0,0,0,0,0,0,0,0,0,0,0,0,0,0
"OTU3959.p:Tubulinea-Tubulinea_X.g:Phryganella",0,0,0,0,2,0,0,0,0,0,0,0,0,0,0,0,0,0,0,0,0,0,0,0,0
"OTU3960.p:Rhizaria-Cercozoa.g:Rhogostoma-lineage_X",0,0,0,0,0,0,0,0,0,0,0,0,0,0,0,0,0,0,0,0,0,0,0,0,0
"OTU3963.p:Alveolata-Ciliophora.g:Orthodonellidae_X",0,0,0,0,0,0,0,0,0,0,0,0,0,0,0,0,0,0,0,0,0,0,0,0,0
"OTU3968.p:Stramenopiles-Bigyra.g:Bicoecea_XXX",0,0,0,0,0,0,0,0,0,0,0,0,0,0,0,0,0,0,0,0,0,0,0,0,0
"OTU3969.p:Rhodophyta-Rhodophyta_X.g:Rhodella",0,0,0,0,0,0,0,0,0,1,0,0,0,0,0,0,0,0,0,0,0,0,0,0,0
"OTU3970.p:Rhizaria-Cercozoa.g:Group-Te",0,0,0,0,0,0,0,0,0,0,0,0,0,0,0,0,0,0,0,0,0,0,0,0,0
"OTU3973.p:Rhizaria-Cercozoa.g:Glissomonadida_XX",0,0,0,0,0,0,0,0,0,0,0,0,0,0,0,0,0,0,0,0,0,0,0,0,0
"OTU3983.p:Alveolata-Chrompodellids.g:Alphamonadea_ALPH2",0,0,0,0,0,0,0,0,0,0,0,0,0,0,0,0,0,0,0,0,0,0,0,0,0
"OTU3986.p:Stramenopiles-Bigyra.g:Amphifilaceae_X",0,0,0,0,0,0,0,0,0,0,0,0,0,0,0,0,0,0,0,0,0,0,0,0,0
"OTU3988.p:Stramenopiles-Gyrista.g:Spumella",0,0,0,0,0,0,0,0,0,1,0,0,0,0,0,0,0,0,0,0,0,0,0,0,0
"OTU3990.p:Evosea-Evosea_X.g:Ischnamoeba",0,0,0,0,1,0,0,0,0,0,0,0,0,0,0,0,0,0,0,0,0,0,0,0,0
"OTU3992.p:Stramenopiles-Bigyra.g:Pseudodendromonadales_XX",0,0,0,0,0,0,0,0,0,0,0,0,0,0,0,0,0,0,0,0,0,0,0,0,0
"OTU3993.p:Alveolata-Ciliophora.g:Oxytricha",0,0,1,0,1,2,0,0,0,0,1,1,1,0,0,0,0,0,0,0,0,0,0,0,0
"OTU3998.p:Rhizaria-Cercozoa.g:Thalassomyxa",0,0,0,0,0,0,0,0,0,0,0,0,0,0,0,0,0,0,0,0,0,0,0,0,0
"OTU4001.p:Alveolata-Ciliophora.g:Apocyrtolophosis",0,0,0,0,0,0,0,0,0,0,0,0,0,0,0,0,0,0,0,0,0,0,0,0,0
"OTU4002.p:Nibbleridia-Nibbleridia_X.g:Ubysseya",0,0,0,0,0,0,0,0,0,0,0,0,0,0,0,0,0,0,0,0,0,0,0,0,0
"OTU4004.p:Tubulinea-Tubulinea_X.g:Ptolemeba",0,0,0,0,0,0,0,0,0,0,0,0,0,0,0,0,0,0,0,0,0,0,0,0,0
"OTU4007.p:Stramenopiles-Bigyra.g:Pseudodendromonadales_XX",0,0,0,0,0,0,0,0,0,0,0,0,0,0,0,0,0,0,0,0,0,0,0,0,0
"OTU4008.p:Rhizaria-Cercozoa.g:Thalassomyxa",0,0,0,0,0,0,0,0,0,0,0,0,0,0,0,0,0,0,0,0,0,0,0,0,0
"OTU4009.p:Tubulinea-Tubulinea_X.g:Leptomyxa",0,0,0,0,0,0,0,0,0,0,0,0,0,0,0,1,0,0,0,0,0,0,0,0,0
"OTU4015.p:Rhizaria-Cercozoa.g:Thalassomyxa",0,0,0,0,0,0,0,0,0,0,0,0,0,0,0,0,0,0,1,0,0,0,0,0,0
"OTU4017.p:Tubulinea-Tubulinea_X.g:Ptolemeba",0,0,0,0,0,0,0,0,0,0,0,0,0,0,0,0,0,0,0,0,0,0,0,0,0
"OTU4021.p:Evosea-Evosea_X.g:Variosea_XXX",0,0,0,0,0,0,0,0,0,0,0,0,0,0,0,0,0,0,0,0,0,0,0,0,0
"OTU4027.p:Rhizaria-Cercozoa.g:Sandona",0,0,0,0,0,0,0,0,0,0,0,0,0,0,0,0,0,0,0,0,0,0,0,0,0
"OTU4030.p:Rhizaria-Cercozoa.g:Nucleocercomonas",0,0,0,0,0,0,0,0,0,0,0,0,0,0,0,0,0,0,0,0,0,0,0,0,0
"OTU4037.p:Tubulinea-Tubulinea_X.g:Phryganella",0,0,0,0,0,0,0,0,0,0,0,0,0,0,0,0,0,0,0,0,0,0,0,0,0
"OTU4043.p:Rhizaria-Cercozoa.g:Plasmodiophorida_XX",0,0,0,0,0,0,0,0,0,0,0,0,0,0,0,0,0,0,0,0,0,0,0,0,0
"OTU4049.p:Stramenopiles-Bigyra.g:Amphifilaceae_X",1,0,0,0,0,0,0,0,0,0,0,0,0,0,0,0,0,0,0,0,0,0,0,0,0
"OTU4052.p:Tubulinea-Tubulinea_X.g:Hartmannellidae_X",0,0,0,0,0,0,0,0,0,0,0,0,0,0,0,0,0,0,0,1,0,0,0,0,0
"OTU4055.p:Alveolata-Perkinsea.g:Perkinsida_XXX",0,0,0,0,0,0,0,0,0,0,0,0,0,0,0,0,0,0,0,1,0,0,0,0,0
"OTU4057.p:Rhizaria-Cercozoa.g:Penardia-lineage_X",0,0,0,0,0,0,0,0,0,0,0,0,0,0,0,0,0,0,0,0,0,0,0,0,0
"OTU4063.p:Rhizaria-Cercozoa.g:Metabolomonas",0,0,0,0,0,0,0,0,0,0,0,0,0,0,0,0,0,0,0,0,0,0,0,0,0
"OTU4069.p:Rhizaria-Cercozoa.g:Massisteria",0,0,0,0,0,0,0,0,0,0,0,0,0,0,0,0,0,0,0,0,0,0,0,0,0
"OTU4072.p:Tubulinea-Tubulinea_X.g:Nolandellidae_X",0,0,0,0,0,0,0,0,0,0,0,0,0,2,0,0,0,0,0,0,0,0,0,0,0
"OTU4073.p:Rhizaria-Cercozoa.g:Sey055-lineage_X",0,0,0,0,0,0,0,0,0,0,0,0,0,0,0,0,0,0,0,0,0,0,0,0,0
"OTU4074.p:Rhizaria-Cercozoa.g:Paracercomonas",0,0,0,0,0,0,0,0,0,1,0,0,0,0,0,0,0,0,0,0,2,0,0,0,0
"OTU4075.p:Rhodophyta-Rhodophyta_X.g:Cyanidiales_XX",0,0,0,0,0,0,0,0,1,0,0,0,0,0,0,0,0,0,0,0,0,0,0,0,0
"OTU4079.p:Opisthokonta-Choanoflagellata.g:Monosigidae_Group_M_X",0,0,0,0,0,0,0,0,0,0,0,0,0,0,0,0,0,0,0,0,0,0,0,0,1
"OTU4081.p:Rhizaria-Cercozoa.g:Spongomonadidae_X",0,0,0,0,0,0,0,0,0,0,0,0,1,0,0,0,0,0,0,0,0,0,0,0,0
"OTU4082.p:Stramenopiles-Bigyra.g:Pseudodendromonadales_XX",0,0,0,0,0,0,0,0,0,0,0,0,0,0,0,0,0,0,0,0,0,0,0,0,0
"OTU4083.p:Stramenopiles-Bigyra.g:Amphifilaceae_X",0,0,0,0,0,0,0,0,0,0,0,0,0,0,0,0,0,0,0,0,0,0,0,0,0
"OTU4084.p:Tubulinea-Tubulinea_X.g:Leptomyxa",0,0,0,0,0,0,0,0,0,0,0,0,0,0,0,0,0,0,0,0,0,0,0,1,0
"OTU4088.p:Tubulinea-Tubulinea_X.g:Echinamoeba",0,0,0,0,0,0,0,0,0,0,0,0,0,0,0,0,0,0,0,0,0,1,0,0,0
"OTU4093.p:Rhizaria-Cercozoa.g:Thalassomyxa",0,0,0,0,0,0,0,0,0,0,0,0,0,0,0,0,0,0,0,0,0,0,0,0,0
"OTU4102.p:Alveolata-Ciliophora.g:OLIGO4_XX",0,0,0,0,0,0,0,0,0,0,0,0,0,0,0,0,0,0,0,0,0,0,0,0,0
"OTU4111.p:Alveolata-Perkinsea.g:Perkinsida_XXX",0,0,0,0,0,0,0,0,0,0,0,0,0,0,0,0,0,0,0,0,0,0,0,0,0
"OTU4113.p:Stramenopiles-Bigyra.g:Amphifilaceae_X",0,0,0,0,0,0,0,0,0,0,0,0,0,0,0,0,0,0,0,0,0,0,0,0,0
"OTU4115.p:Chlorophyta-Chlorophyta_X.g:Chlamydomonadales_XX",0,0,0,0,0,0,0,0,0,0,0,0,0,0,0,0,0,0,0,0,0,0,0,0,0
"OTU4118.p:Rhizaria-Cercozoa.g:Sandonidae_X",0,0,0,0,0,0,0,0,0,0,0,0,0,0,0,0,0,0,0,0,0,0,0,1,0
"OTU4122.p:Rhizaria-Cercozoa.g:Cercozoa_XXXX",0,0,0,0,0,0,0,0,0,0,0,0,0,0,0,0,0,0,0,0,0,0,0,0,0
"OTU4123.p:Alveolata-Ciliophora.g:Cyrtolophosidida_X",0,0,0,0,0,0,0,0,0,0,0,0,0,0,0,0,0,0,0,0,0,0,0,0,1
"OTU4129.p:Evosea-Evosea_X.g:Filamoeba",0,1,0,2,0,0,0,1,0,0,0,0,0,0,0,0,0,0,0,0,0,0,0,0,0
"OTU4130.p:Stramenopiles-Bigyra.g:Aurantiochytrium",0,0,0,0,0,0,0,0,0,0,0,0,0,0,0,0,0,0,0,0,0,0,0,0,0
"OTU4131.p:Alveolata-Ciliophora.g:Cyrtolophosidida_X",0,0,0,0,0,0,0,0,0,0,0,0,0,0,0,0,0,0,0,0,0,0,0,0,1
"OTU4133.p:Evosea-Evosea_X.g:Variosea_XXX",0,0,0,0,0,0,0,0,0,0,0,0,0,0,0,0,0,0,0,0,0,0,0,0,0
"OTU4134.p:Stramenopiles-Bigyra.g:MAST-11_X",0,0,0,0,0,0,0,0,0,0,0,0,0,0,0,0,0,0,0,0,0,0,0,0,0
"OTU4140.p:Tubulinea-Tubulinea_X.g:Echinamoeba",0,0,0,2,0,0,0,0,0,0,0,0,0,0,1,0,0,0,0,0,0,0,0,0,0
"OTU4142.p:Alveolata-Ciliophora.g:Pseudomicrothorax",0,0,0,0,0,0,0,1,0,0,0,0,0,0,0,0,0,0,0,0,0,0,0,0,0
"OTU4144.p:Rhizaria-Cercozoa.g:Eocercomonas",0,0,0,0,0,0,0,0,0,0,0,0,0,0,0,0,0,0,0,0,0,0,0,0,0
"OTU4148.p:Chlorophyta-Chlorophyta_X.g:Chlamydomonas",0,0,0,0,0,0,1,0,0,0,0,0,0,0,0,0,0,0,0,0,0,0,0,0,0
"OTU4149.p:Tubulinea-Tubulinea_X.g:Copromyxa",0,0,0,0,0,0,0,0,0,0,0,0,0,0,0,0,0,0,0,0,0,0,0,0,0
"OTU4150.p:Stramenopiles-Gyrista.g:Characiopsis",0,0,0,0,0,0,0,0,0,0,0,0,0,0,0,0,0,0,0,0,0,0,0,0,0
"OTU4151.p:Opisthokonta-Choanoflagellata.g:Salpingoeca",0,0,0,0,0,0,0,0,0,0,0,0,0,0,1,0,0,0,0,0,0,0,0,0,0
"OTU4153.p:Tubulinea-Tubulinea_X.g:Leptomyxa",0,0,2,0,0,0,0,0,0,0,0,0,0,0,0,0,0,0,0,0,0,0,0,0,0
"OTU4154.p:Tubulinea-Tubulinea_X.g:Phryganella",0,0,0,0,0,0,0,0,0,0,0,0,0,0,0,0,0,0,0,0,0,0,0,0,0
"OTU4157.p:Evosea-Evosea_X.g:AND16-lineage_X",0,0,2,0,0,0,0,0,0,0,0,0,0,0,0,0,0,0,0,0,0,0,0,0,0
"OTU4158.p:Ancyromonadida-Ancyromonadida_X.g:Ancyromonadida_Group-1_X",0,0,0,0,0,0,0,0,0,0,0,0,0,0,0,0,0,0,0,0,0,0,0,0,0
"OTU4163.p:Evosea-Evosea_X.g:Ceratiomyxella",0,0,0,0,0,0,0,0,0,0,0,0,0,0,0,0,0,0,0,0,0,0,0,0,0
"OTU4166.p:Tubulinea-Tubulinea_X.g:Echinamoeba",0,0,0,0,0,0,0,0,0,0,0,0,0,0,0,0,0,0,0,0,0,0,0,0,0
"OTU4168.p:Chlorophyta-Chlorophyta_X.g:Stichococcus",0,0,0,0,0,1,0,0,0,0,0,0,0,0,0,0,0,0,0,0,0,0,0,0,0
"OTU4172.p:Stramenopiles-Gyrista.g:Synchromophyceae_XXX",0,1,0,0,0,0,0,0,0,0,0,0,0,0,0,1,0,0,1,0,0,0,0,0,0
"OTU4174.p:Alveolata-Ciliophora.g:Hypotrichia_XX",0,0,0,0,0,0,0,0,0,0,0,0,0,0,0,0,0,0,0,0,0,0,0,0,0
"OTU4175.p:Rhizaria-Cercozoa.g:Glissomonadida_XX",0,0,0,0,0,0,0,0,0,0,0,0,0,0,0,0,0,0,0,0,0,0,0,0,0
"OTU4177.p:Evosea-Evosea_X.g:Nematostelium",0,0,0,0,0,0,0,0,0,0,0,0,0,0,0,0,0,0,0,0,0,0,0,0,0
"OTU4179.p:Rhizaria-Cercozoa.g:Allapsidae_X",0,0,0,0,0,0,0,0,0,0,0,0,0,0,0,0,0,0,0,0,0,0,0,0,0
"OTU4181.p:Alveolata-Dinoflagellata.g:Dinophyceae_XXX",0,0,0,0,0,0,0,0,0,0,0,0,0,0,0,0,0,0,0,0,0,0,0,0,0
"OTU4183.p:Tubulinea-Tubulinea_X.g:Flabellula",0,0,0,0,0,0,0,0,0,0,0,0,0,0,0,0,0,0,0,0,0,0,0,0,0
"OTU4187.p:Stramenopiles-Bigyra.g:Pseudodendromonadales_XX",0,0,0,0,0,0,0,0,0,0,0,0,0,0,0,0,0,0,0,0,0,0,0,0,0
"OTU4190.p:Alveolata-Ciliophora.g:Colpoda",0,0,0,0,0,0,1,0,0,1,0,0,1,1,0,1,0,0,0,0,0,0,1,0,1
"OTU4199.p:Breviatea-Breviatea_X.g:Breviata-lineage_X",0,0,0,0,0,0,0,0,2,0,0,0,0,0,0,0,0,0,0,0,0,0,0,0,0
"OTU4200.p:Streptophyta-Streptophyta_X.g:Cosmarium",0,0,0,0,0,0,0,0,0,0,0,0,0,0,0,0,0,0,0,0,0,0,0,1,0
"OTU4204.p:Tubulinea-Tubulinea_X.g:Copromyxa",0,0,0,0,0,0,0,0,0,0,0,0,0,0,0,0,0,0,0,0,0,0,0,0,0
"OTU4205.p:Rhizaria-Cercozoa.g:Novel-Gran-234_X",0,0,0,0,0,0,0,0,0,0,0,0,0,0,0,0,0,0,0,0,0,0,0,0,0
"OTU4212.p:Evosea-Evosea_X.g:Variosea_XXX",0,0,0,0,0,1,0,3,0,0,0,0,1,0,0,0,0,0,0,0,0,0,0,1,0
"OTU4214.p:Stramenopiles-Gyrista.g:Ochromonadales_clade-X_X",0,0,0,0,0,0,0,0,0,0,0,0,0,0,0,0,0,0,0,0,0,0,0,0,0
"OTU4216.p:Rhizaria-Cercozoa.g:Allapsidae_X",0,0,0,0,0,0,0,0,0,0,0,0,0,0,0,0,0,0,0,0,0,0,0,0,0
"OTU4217.p:Rhodophyta-Rhodophyta_X.g:Cyanidiales_XX",0,0,0,0,0,0,0,1,0,0,0,0,0,0,0,0,0,0,0,0,0,1,0,0,0
"OTU4219.p:Chlorophyta-Chlorophyta_X.g:Geminella",0,0,0,0,0,0,0,0,0,0,0,0,0,0,0,0,0,0,0,0,0,0,0,0,0
"OTU4223.p:Discosea-Discosea_X.g:Cochliopodium",0,0,0,0,0,0,0,0,0,0,0,0,0,0,0,0,0,0,0,0,0,0,0,0,0
"OTU4229.p:Discosea-Discosea_X.g:Vannella",1,1,0,0,1,0,0,0,0,3,0,0,0,0,0,0,0,0,0,0,0,0,0,0,0
"OTU4231.p:Rhizaria-Cercozoa.g:Novel-Gran-1_X",0,0,0,0,0,0,0,0,0,0,0,0,0,0,0,0,0,0,0,0,0,0,0,0,0
"OTU4232.p:Rhizaria-Cercozoa.g:Allantion",0,0,0,0,0,0,0,0,0,0,0,0,0,0,0,0,0,0,0,0,0,0,0,0,0
"OTU4233.p:Rhizaria-Cercozoa.g:Filosa-Imbricatea_XXX",0,0,0,0,0,0,0,0,0,0,0,0,0,0,0,0,0,0,0,0,0,1,0,0,0
"OTU4234.p:Rhizaria-Cercozoa.g:Cercomonas",0,0,0,0,0,0,0,0,0,0,0,0,0,0,2,0,0,0,0,0,0,0,0,0,0
"OTU4235.p:Chlorophyta-Chlorophyta_X.g:Chlamydomonadales_XX",0,0,0,0,0,0,0,0,0,0,0,0,0,0,0,0,0,0,0,0,0,0,0,0,0
"OTU4239.p:Opisthokonta-Choanoflagellata.g:Monosigidae_Group_O_X",1,2,0,0,0,0,0,0,0,0,0,0,0,0,1,0,0,0,0,1,0,0,0,0,0
"OTU4242.p:Tubulinea-Tubulinea_X.g:Rhizamoeba",0,0,0,0,0,0,0,0,0,0,0,0,1,0,0,0,0,0,0,0,0,0,0,0,0
"OTU4244.p:Evosea-Evosea_X.g:Variosea_XXX",0,1,0,0,0,0,0,0,0,0,0,0,0,0,0,0,0,0,0,0,0,0,0,0,0
"OTU4245.p:Stramenopiles-Bigyra.g:Aurantiochytrium",0,0,0,0,0,0,0,0,0,0,0,0,0,0,0,0,0,0,0,0,0,0,0,0,0
"OTU4248.p:Rhizaria-Cercozoa.g:NC12A-lineage_X",0,0,0,0,0,0,0,0,0,0,0,0,0,0,0,0,0,0,0,0,0,0,0,0,0
"OTU4250.p:Alveolata-Ciliophora.g:Colpodidium",0,0,0,0,0,0,0,0,0,0,0,0,0,0,0,0,0,0,0,0,0,0,0,0,0
"OTU4253.p:Rhizaria-Cercozoa.g:Spongomonas",0,0,0,0,0,0,0,0,0,0,0,0,0,0,0,0,0,0,0,0,0,0,0,0,0
"OTU4254.p:Evosea-Evosea_X.g:ATCC50593-lineage_X",0,0,0,0,0,0,0,0,0,0,4,0,0,0,0,0,0,0,0,0,0,0,0,0,0
"OTU4256.p:Rhizaria-Cercozoa.g:Bodomorpha",0,0,0,0,0,0,0,0,0,0,0,0,0,0,0,0,0,0,0,0,0,0,0,0,0
"OTU4258.p:Stramenopiles-Gyrista.g:Xanthophyceae_XXX",0,0,0,0,0,0,0,0,0,0,0,0,0,0,0,0,0,0,0,0,0,0,0,0,0
"OTU4261.p:Rhizaria-Cercozoa.g:Rhogostoma-lineage_X",0,0,0,0,0,0,0,0,0,0,0,0,0,0,0,0,0,0,0,0,0,0,0,0,0
"OTU4262.p:Ancyromonadida-Ancyromonadida_X.g:Ancyromonadida_Group-1_X",0,0,1,0,0,0,0,1,0,0,0,0,0,0,5,1,2,0,0,0,2,0,2,0,1
"OTU4263.p:Rhizaria-Cercozoa.g:Penardia-lineage_X",0,0,0,0,0,0,0,0,0,0,1,0,0,0,0,0,0,0,0,0,0,1,0,0,0
"OTU4266.p:Evosea-Evosea_X.g:AND16-lineage_X",0,0,0,0,0,0,0,0,0,0,0,0,0,0,0,0,0,0,0,0,0,0,0,0,0
"OTU4267.p:Stramenopiles-Gyrista.g:Phaeobotrys",0,0,0,0,0,0,0,0,0,0,0,0,0,0,0,0,0,0,0,0,0,0,0,0,0
"OTU4269.p:Rhizaria-Cercozoa.g:Thalassomyxa-lineage_X",0,0,0,0,0,0,0,0,0,0,0,0,0,0,0,0,0,0,0,0,0,0,0,0,0
"OTU4271.p:Stramenopiles-Gyrista.g:Nitzschia",0,0,0,0,0,0,0,0,0,0,0,0,0,0,1,0,1,0,0,0,0,0,0,0,0
"OTU4272.p:Rhodophyta-Rhodophyta_X.g:Cyanidiales_XX",0,0,0,0,0,0,0,0,0,0,0,0,0,0,0,0,0,0,0,0,0,0,0,0,0
"OTU4274.p:Evosea-Evosea_X.g:WIM1-lineage_X",0,0,0,0,0,0,0,0,0,0,0,0,0,0,0,0,0,0,0,0,0,1,0,0,0
"OTU4275.p:Tubulinea-Tubulinea_X.g:Nolandellidae_X",0,0,0,0,0,0,0,0,0,0,0,0,0,0,0,0,0,1,1,0,0,0,0,0,0
"OTU4276.p:Tubulinea-Tubulinea_X.g:Copromyxa",0,0,0,0,0,0,0,0,0,0,0,0,0,0,0,0,0,1,0,0,0,0,0,0,0
"OTU4281.p:Rhizaria-Cercozoa.g:Thalassomyxa-lineage_X",0,0,0,0,0,0,0,0,0,0,0,0,0,0,0,0,0,0,0,0,0,0,0,0,0
"OTU4282.p:Stramenopiles-Gyrista.g:Chrysophyceae_XXX",0,0,0,0,0,0,0,0,0,0,0,0,0,0,0,0,0,0,0,0,0,0,0,0,0
"OTU4285.p:Tubulinea-Tubulinea_X.g:Copromyxa",0,0,0,0,0,0,0,0,0,0,0,0,0,0,0,0,0,0,0,0,0,0,0,0,0
"OTU4286.p:Rhizaria-Cercozoa.g:Tremula",0,0,0,0,0,0,0,0,0,0,0,0,0,0,0,0,0,0,0,0,0,0,0,0,0
"OTU4289.p:Stramenopiles-Bigyra.g:Amphifilaceae_X",0,0,0,0,0,0,0,0,0,0,0,0,0,0,0,0,0,0,0,0,0,0,0,0,0
"OTU4290.p:Chlorophyta-Chlorophyta_X.g:Chlamydomonas",0,0,1,0,0,0,0,0,0,0,0,0,0,0,0,0,0,0,0,0,0,0,0,0,0
"OTU4295.p:Rhizaria-Cercozoa.g:Fisculla",0,0,0,0,0,0,0,0,0,0,0,0,0,0,0,0,0,0,0,0,0,0,0,0,0
"OTU4303.p:Opisthokonta-Choanoflagellata.g:Lagenoeca",0,0,0,0,0,0,0,0,0,0,0,0,0,0,0,0,0,0,0,0,0,0,0,0,0
"OTU4304.p:Stramenopiles-Bigyra.g:Aplanochytrium",0,0,0,0,0,0,0,0,0,0,0,4,0,0,0,0,0,0,0,0,0,0,0,0,0
"OTU4311.p:Alveolata-Ciliophora.g:Litostomatea_XXX",0,0,0,0,0,0,0,0,0,0,0,0,0,0,0,0,0,0,0,0,0,0,1,0,0
"OTU4312.p:Alveolata-Ciliophora.g:Bryophryoides",0,0,0,0,0,0,0,0,0,0,0,0,0,0,0,0,0,0,0,0,0,0,1,0,0
"OTU4314.p:Stramenopiles-Bigyra.g:Amphifilaceae_X",0,2,0,0,0,0,0,0,0,0,0,0,0,0,0,0,0,0,0,0,0,0,0,0,0
"OTU4315.p:Stramenopiles-Bigyra.g:Amphifilaceae_X",0,0,0,0,0,0,0,0,0,0,0,0,0,0,0,0,0,0,0,0,0,0,0,2,1
"OTU4320.p:Stramenopiles-Bigyra.g:Fibrophrys",0,0,0,0,0,0,0,0,0,0,0,0,0,0,0,0,0,0,0,0,0,0,0,0,0
"OTU4325.p:Tubulinea-Tubulinea_X.g:Nolandellidae_X",0,0,0,0,0,0,0,0,0,0,0,0,0,0,0,0,0,0,0,0,0,1,0,0,0
"OTU4328.p:Rhizaria-Cercozoa.g:Group-Te",0,0,0,1,0,0,0,0,0,0,0,0,0,0,0,0,0,0,0,0,0,0,0,0,0
"OTU4354.p:Alveolata-Apicomplexa.g:Babesia7",0,0,0,0,0,0,0,0,0,0,0,0,0,0,0,0,0,0,0,0,0,0,0,0,1
"OTU4357.p:Ancyromonadida-Ancyromonadida_X.g:Ancyromonadida_Group-1_X",0,0,0,0,0,0,0,0,0,0,0,0,0,0,0,0,0,0,0,0,0,0,0,0,1
"OTU4360.p:Rhizaria-Cercozoa.g:Sandona",0,0,0,0,0,0,0,0,0,0,0,0,0,0,0,0,0,0,0,0,0,0,0,0,0
"OTU4361.p:Rhizaria-Cercozoa.g:Sandonidae_X",1,0,0,0,0,0,0,0,0,0,0,0,0,0,1,0,0,0,0,0,0,0,0,1,0
"OTU4366.p:Alveolata-Ciliophora.g:Apocyrtolophosis",0,0,0,0,0,0,0,0,0,0,0,0,0,0,0,0,0,0,0,0,0,0,0,0,0
