#OTU ID	CKB1	CKB2	CKB3	CKB4	CKB5	CKB6	CKB7	CKB8	CKJ1	CKJ10	CKJ2	CKJ3	CKJ4	CKJ5	CKJ6	CKJ7	CKJ8	CKJ9	CKU1	CKU2	CKU3	CKU4	CKU5	CKU6	CKU7	CKU8	CKY1	CKY2	CKY3	CKY4	CKY5	CLU1	CLU2	CLU3	CLU4	CLU5	DDH1	DDH2	DDH3	DDL2	DDL22	DDL3	DDL4	DDN1	DDN2	DDN3	DDN4	DDN5	GLH1	GLH2	GLH3	GLL2	GLL3	GLL4	GLN1	GLN2	GLN3	GLN4	GLN5	JPU1	JPU2	JPU3	JPU4	JPU5	MHU1	MHU2	MHU3	MHU4	MHU5	TGH1	TGH2	TGH3	TGL2	TGL3	TGL4	TJH1	TJH2	TJH3	TJL2	TJL3	TJL4	TJN1	TJN2	TJN3	TJN4	TJN5	YMH1	YMH2	YMH3	YML2	YML3	YML4	YMN1	YMN2	YMN3	YMN4	YMN5	YMU1	YMU2	YMU3	YMU4	YMU5
OTU1	22	123	30	13	34	30	67	595	34	50	153	54	2	94	82	20	47	37	64	1	30	103	13	36	53	80	628	3036	488	513	373	137	57	40	1374	14	800	225	915	25	530	639	494	314	341	393	321	419	22374	30525	1425	10516	6266	5089	51637	58419	5765	50240	31585	52	27	12	45	57	1456	1502	528	1378	2384	19861	51958	39638	23158	62861	21017	600	1938	351	540	884	1122	628	298	376	884	557	941	3657	2890	2482	3259	4964	2528	11431	4485	3893	3300	4912	595	2857	2832	804
OTU10	0	0	1	0	0	0	54	70	0	2	0	2	0	0	0	1	0	0	57	5	34	24	20	23	63	58	2	3	1	1	3	23	68	51	89	20	3	3	2	0	7	8	4	5	4	2	0	3	0	2	2	7	10	4	540	292	261	206	355	62	32	10	39	76	10306	4326	4401	3694	5939	1	3	10	1	7	0	6	5	0	7	6	5	5	7	0	3	20	8	13	3	2	3	3	98	389	163	1180	349	1938	6086	2495	20404	5789
OTU100	4	12	13	1	0	4	11	6	14	2	14	7	0	1	4	0	1	7	3	0	8	3	6	3	4	4	490	520	1878	178	697	23	54	7	31	14	59	79	196	2	171	55	94	210	456	176	349	287	78	66	60	182	273	65	310	288	2645	157	511	20	6	6	12	30	270	171	929	37	363	149	168	442	78	148	451	31	114	74	40	73	69	254	26	185	130	308	124	217	40	44	30	115	1010	281	144	422	417	87	83	340	702	251
OTU1000	0	0	0	0	0	0	0	0	0	0	0	0	0	1	0	0	0	0	0	0	0	0	0	0	0	0	0	0	0	0	34	0	0	0	0	0	5	0	3	0	11	6	0	14	3	1	0	1	0	0	0	12	0	1	16	0	0	1	0	0	0	0	0	0	0	0	0	0	1	4	11	0	2	7	0	2	0	0	1	1	3	1	1	0	8	4	0	0	0	30	29	0	6	7	0	359	3	0	0	1	22	0
OTU1001	0	0	0	0	0	0	0	0	0	0	0	0	0	0	0	0	0	0	0	0	0	0	0	0	0	0	0	0	0	0	0	0	2	0	2	0	0	0	0	0	0	0	0	0	0	0	0	0	0	0	0	0	0	0	6	43	3	0	0	0	0	2	0	0	196	56	76	66	0	0	0	0	0	0	0	0	2	0	0	0	0	0	0	0	0	0	0	0	0	0	0	0	0	1	0	1	0	2	20	0	0	0
OTU1002	0	1	0	0	0	0	2	2	0	0	0	0	0	0	0	0	0	0	0	0	0	0	0	0	0	0	9	17	0	38	0	2	0	0	0	4	0	0	0	3	2	0	0	3	3	8	20	5	60	90	0	85	34	7	1	10	0	1	6	0	0	0	0	1	0	10	5	0	2	0	2	44	17	33	0	0	3	3	2	0	58	20	1	6	3	66	1	2	0	6	24	3	22	18	5	5	21	66	0	1	57	77
OTU1003	0	0	0	0	0	1	0	0	0	0	0	0	0	0	0	0	0	1	0	0	0	2	0	0	1	0	2	0	0	0	0	0	0	0	1	1	1	0	2	0	0	2	0	3	3	1	1	22	0	2	0	1	0	1	20	231	3	133	37	0	0	0	0	1	2	6	2	2	2	0	1	0	0	2	5	3	4	1	3	2	3	7	3	3	0	1	2	0	0	0	0	0	143	12	49	57	17	43	21	50	8	0
OTU1004	0	0	0	0	0	0	0	0	0	0	0	0	0	0	0	0	0	0	0	0	0	0	2	0	0	1	0	1	1	0	0	2	0	0	0	0	0	0	0	0	0	0	0	0	0	0	0	3	0	0	0	0	0	0	0	0	0	0	0	0	0	0	0	0	0	0	20	5	0	0	0	0	0	0	0	0	0	0	0	0	0	0	0	0	0	34	0	0	0	0	0	0	0	1	3	0	4	0	32	254	0	113
OTU1005	0	1	0	0	0	0	0	0	0	0	0	2	0	0	15	0	0	0	0	0	6	0	0	0	1	3	67	16	22	23	26	0	0	0	0	0	2	4	3	0	11	20	116	2	22	7	28	3	5	50	104	10	19	12	13	3	23	3	4	0	0	0	0	0	0	0	2	0	3	1	17	10	0	69	2	2	3	2	4	6	22	9	34	8	7	10	11	1	0	37	20	220	5	9	18	33	11	0	1	1	0	2
OTU1006	0	0	0	0	0	0	0	0	0	0	0	0	0	0	0	0	0	0	0	0	0	0	0	0	0	1	0	1	1	0	1	0	0	0	4	0	0	0	1	0	0	0	0	0	0	1	503	0	2	0	0	1	0	8	3	3	0	3	0	1	1	0	0	1	0	0	0	0	0	0	0	0	0	0	0	2	0	0	1	0	0	2	3	0	0	4	2	5	2	0	1	0	3	4	1	0	3	0	0	0	0	0
OTU1007	0	0	0	0	0	0	2	1	0	0	0	1	0	2	0	0	0	0	1	0	2	2	1	0	0	1	3	6	4	13	11	0	1	0	2	0	3	18	44	0	5	2	5	0	3	1	4	5	6	1	1	16	2	2	0	3	0	3	1	0	4	1	1	0	56	73	103	9	33	6	0	8	13	3	18	13	5	5	2	2	0	14	9	0	7	9	2	2	0	4	4	11	6	18	3	12	2	0	1	0	3	0
OTU1008	0	3	1	1	0	0	2	1	0	0	0	0	0	0	0	1	2	0	0	0	0	0	1	1	2	2	25	26	13	23	6	0	0	0	2	0	20	2	19	0	59	33	24	0	3	38	5	3	4	12	4	5	15	12	11	6	12	8	27	0	0	0	0	0	5	84	23	13	133	38	6	13	1	34	39	16	14	7	16	26	11	9	7	2	4	0	24	14	68	8	12	6	4	18	13	6	7	1	0	1	4	1
OTU1009	0	2	0	0	0	0	0	0	0	0	0	0	0	0	0	0	0	0	1	0	0	0	0	0	3	0	21	21	28	32	20	0	14	0	1	0	3	6	6	0	8	1	0	10	12	5	8	16	5	0	5	6	9	8	27	25	24	15	23	0	0	0	1	3	2	38	36	19	34	0	7	2	26	3	0	11	14	5	12	9	0	18	4	28	4	1	1	7	0	5	20	22	5	11	16	24	43	0	1	2	0	0
OTU101	2	15	6	1	2	4	8	14	1	0	13	14	6	11	8	7	8	1	17	3	9	9	15	16	15	4	166	342	359	274	351	11	18	27	25	6	412	281	825	5	642	402	326	629	787	1040	187	541	485	176	134	419	433	428	506	1176	1085	413	490	19	8	1	12	32	347	248	589	133	158	230	365	376	369	288	664	273	275	538	439	174	388	1523	513	219	409	901	245	352	457	204	634	479	743	251	517	323	609	940	263	854	324	192
OTU1010	0	0	4	0	0	2	0	0	0	0	0	0	0	0	0	0	0	0	0	0	0	0	0	0	3	0	11	11	0	0	0	0	0	0	0	0	0	0	38	1	8	2	7	0	2	0	7	2	17	27	1	31	0	21	2	5	4	11	17	1	0	0	1	0	0	31	94	0	0	14	20	0	32	10	21	1	1	4	52	5	1	13	32	10	17	12	1	0	0	26	0	22	0	11	9	13	18	0	0	2	0	0
OTU1011	0	0	0	0	0	0	2	1	0	0	0	0	0	0	0	0	0	0	0	0	0	0	0	0	0	0	9	15	0	6	4	0	0	3	1	1	4	2	8	1	79	9	15	8	6	9	2	8	33	5	5	4	17	1	4	25	9	14	10	0	2	0	3	0	46	55	91	5	65	0	7	5	1	0	6	9	11	8	2	1	39	18	7	10	17	22	1	5	11	1	3	11	17	29	18	11	3	0	76	27	32	53
OTU1012	0	0	0	0	1	0	1	0	0	0	0	0	0	0	0	0	1	0	0	0	0	0	0	3	2	0	1	1	24	0	0	0	1	0	7	0	0	0	54	1	0	1	0	36	1	0	0	11	85	1	0	0	1	2	30	1	123	207	36	0	2	0	0	0	1	0	0	3	1	70	134	35	0	2	43	4	3	7	1	1	2	3	38	0	1	2	3	1	130	0	4	1	42	3	15	56	2	3	2	5	0	0
OTU1013	0	0	0	0	0	0	0	0	0	0	0	0	0	0	0	0	0	0	0	0	0	0	0	0	0	0	0	1	0	0	0	0	0	0	0	0	0	2	5	0	0	0	0	0	1	0	0	0	1	0	0	0	0	1	1	0	0	1	0	0	0	0	0	0	0	11	0	0	6	0	1	0	0	752	4	0	0	0	0	2	0	2	2	0	0	0	1	0	1	0	2	0	0	5	1	2	1	0	0	0	0	0
OTU1014	0	0	0	0	0	0	0	4	0	0	0	0	0	0	0	0	2	0	0	0	0	0	0	0	0	0	0	0	0	0	0	0	2	0	0	2	0	0	0	0	0	0	0	0	1	0	0	0	0	0	0	0	0	0	2	0	3	10	2	0	3	0	0	0	91	11	109	125	147	0	0	0	0	4	0	0	0	1	0	0	0	0	0	0	0	0	1	0	0	0	0	0	6	0	0	1	0	0	1	1	2	1
OTU1015	0	0	0	0	0	0	0	2	0	0	0	0	0	0	0	0	0	0	1	2	0	0	0	0	0	0	0	1	0	0	0	0	4	0	1	0	0	0	0	0	0	0	0	0	0	0	0	0	0	0	0	0	0	0	0	0	0	0	0	0	0	0	0	0	0	0	0	1	0	0	0	0	0	0	0	0	0	0	0	0	0	0	0	0	0	0	0	0	0	0	0	0	0	1	0	21	0	0	0	0	437	0
OTU1016	0	0	0	0	0	0	0	0	0	0	291	0	0	0	0	0	0	0	0	0	0	0	0	0	0	0	0	0	0	0	0	0	0	0	0	0	0	0	0	0	0	0	0	0	0	0	0	0	0	0	0	0	0	0	0	0	0	0	0	0	0	0	0	0	0	0	0	0	0	0	0	0	0	0	0	0	0	0	0	0	0	0	0	0	0	0	0	0	0	0	0	0	0	0	0	0	0	0	0	0	0	0
OTU1017	0	0	1	0	0	0	0	1	0	0	0	0	0	0	0	0	0	0	0	0	0	0	0	2	0	1	8	0	3	0	0	0	0	0	1	0	0	0	0	0	0	0	0	0	10	0	0	0	0	0	0	0	2	0	7	6	23	6	0	0	0	0	0	0	104	30	314	109	36	0	0	0	0	0	0	0	0	0	0	0	0	0	0	0	0	0	0	0	0	0	0	0	1	5	0	3	2	36	0	0	49	18
OTU1018	0	0	0	0	0	0	0	4	0	0	0	0	0	2	0	0	0	0	0	0	0	0	0	0	0	0	0	1	0	13	2	1	0	0	0	0	0	0	0	0	20	0	2	43	2	10	5	5	1	14	1	1	0	1	23	1	3	0	0	0	0	0	0	0	0	0	0	0	0	10	0	9	0	0	3	27	6	2	20	3	4	0	1	12	0	0	0	14	0	8	0	16	11	16	20	63	27	2	0	0	1	2
OTU1019	0	0	0	0	0	0	1	0	0	0	0	0	0	0	0	0	0	0	2	0	0	0	0	0	2	0	0	0	0	32	0	0	1	0	0	1	0	0	0	0	0	0	0	0	0	2	0	9	0	0	0	0	0	0	0	3	0	0	6	1	0	0	0	0	0	0	0	5	3	0	0	0	0	0	0	0	1	0	0	0	0	1	0	0	0	0	0	0	0	0	0	0	0	8	6	4	5	0	42	157	160	3
OTU102	2	18	15	6	6	6	22	54	4	3	14	2	3	7	4	3	1	1	12	1	15	22	13	57	28	20	551	366	1359	328	1087	51	52	24	98	32	607	421	1135	18	974	387	598	1226	923	541	412	895	519	596	170	883	317	754	432	179	716	466	721	11	70	16	10	41	102	53	114	259	117	244	677	565	439	495	212	1028	239	3553	406	285	499	306	829	492	331	310	1207	1343	706	763	256	724	667	943	854	1326	485	296	301	3597	635	346
OTU1020	0	1	0	0	0	0	0	0	0	0	0	0	0	0	0	0	0	0	0	0	0	1	0	1	0	3	2	0	0	0	2	1	1	0	2	0	0	0	0	0	0	0	1	14	50	0	0	0	11	0	0	0	2	0	8	1	0	13	0	0	0	0	0	0	3	0	0	19	0	2	0	0	0	0	0	2	0	0	0	0	0	0	2	2	0	0	0	0	0	0	0	1	6	0	0	4	51	69	1	0	25	177
OTU1021	0	0	0	0	0	0	1	1	0	0	0	0	0	0	0	0	0	0	0	0	0	0	0	0	0	0	0	0	0	0	0	0	1	1	0	0	0	0	0	0	0	0	0	0	0	0	0	0	0	0	0	0	0	0	0	0	0	0	0	0	0	0	0	0	0	0	0	0	0	0	0	0	0	0	0	0	0	0	0	0	0	0	0	0	0	0	0	0	0	0	0	0	0	0	0	0	0	1	0	347	0	0
OTU1022	0	0	0	0	0	0	0	0	0	0	566	0	0	0	0	0	0	0	0	3	0	0	0	0	0	0	0	0	10	1	0	0	0	0	0	0	0	0	0	0	1	0	0	2	0	0	0	0	0	0	0	0	0	0	0	0	2	3	1	0	0	0	0	0	0	0	0	0	1	0	1	4	0	0	0	0	1	0	0	4	2	0	0	1	0	0	0	0	0	1	0	0	4	0	11	1	1	0	0	0	0	0
OTU1023	0	0	0	0	0	0	0	2	0	0	0	1	0	1	0	0	0	0	2	0	0	0	0	3	2	0	14	40	0	38	10	1	0	0	0	0	1	1	12	0	152	69	4	6	18	5	2	1	7	0	8	35	37	11	4	10	2	6	8	0	0	0	0	0	15	35	12	7	2	0	0	11	5	15	5	23	1	0	26	1	9	2	9	8	1	1	1	1	1	15	62	30	12	7	7	2	19	0	0	0	0	0
OTU1024	0	0	0	0	0	0	0	0	0	0	0	0	0	0	0	2	0	0	0	0	0	0	0	0	8	0	0	0	2	0	0	0	0	0	0	0	0	0	0	0	0	2	0	0	1	0	0	0	0	0	0	179	2	0	0	0	0	0	4	0	0	0	0	1	0	0	6	0	0	0	1	0	0	0	0	0	0	0	202	0	0	0	0	0	0	0	2	0	0	55	0	0	0	1	2	15	1	0	0	228	493	0
OTU1025	0	2	0	0	0	0	0	0	0	0	0	0	0	1	0	0	0	0	2	0	0	0	0	0	0	0	4	2	2	7	4	0	1	0	0	0	3	0	1	0	2	4	0	9	0	0	0	4	0	0	0	13	0	3	15	6	1	11	5	1	0	3	0	3	187	169	146	98	43	0	0	0	2	0	0	0	0	0	2	7	3	2	11	6	14	12	0	6	0	0	0	0	12	11	102	3	2	3	12	51	10	10
OTU1026	0	0	0	0	0	0	5	0	0	0	0	0	0	0	0	0	0	0	1	0	1	1	0	0	0	1	0	0	0	0	0	0	0	1	1	0	0	0	0	0	0	0	0	0	0	0	0	0	0	0	0	0	1	0	2	0	1	6	0	0	1	0	0	0	67	22	44	213	22	0	0	0	0	0	0	0	0	0	0	0	0	0	0	0	0	0	0	0	0	0	0	0	1	2	0	1	0	230	4	1	0	1
OTU1027	0	0	0	0	0	0	0	0	0	0	0	0	0	2	0	0	0	0	0	1	0	0	0	3	0	0	16	42	12	28	5	6	8	0	3	2	6	3	2	4	9	1	0	74	63	21	12	35	7	24	3	28	0	5	102	38	21	15	19	1	4	0	0	0	32	24	40	4	22	0	3	6	3	5	7	2	18	3	5	1	7	30	44	12	12	56	5	5	10	2	6	25	24	15	17	18	21	59	71	33	21	24
OTU1028	0	0	0	0	0	0	0	0	0	0	0	0	0	0	0	0	0	0	2	0	0	0	0	0	0	0	3	4	3	12	2	0	1	0	0	0	0	0	0	0	0	0	0	2	3	0	6	7	4	0	0	0	0	0	0	2	1	1	1	0	0	0	0	0	5	74	20	62	0	0	0	0	3	0	0	0	0	0	0	0	2	7	2	3	0	1	0	0	0	6	0	1	12	1	0	1	5	243	300	0	0	1
OTU1029	0	1	0	0	0	0	0	1	0	0	0	0	0	1	0	0	1	0	0	0	0	0	0	1	0	1	8	31	27	0	11	0	2	1	0	0	11	6	26	0	3	7	2	6	8	9	4	0	0	6	1	3	2	1	7	1	10	0	0	0	2	1	0	0	2	0	4	0	0	4	90	0	14	12	4	28	40	8	2	54	0	4	3	9	22	3	1	4	4	18	12	3	1	3	2	4	11	0	0	0	0	0
OTU103	57	0	0	0	0	1	5	1	0	1796	0	4	0	0	0	0	0	186	2	0	2	5	1	2	2	2	1	6	0	1	0	0	515	0	10	877	0	2	0	0	2	6	1	0	8	0	1	16	3	0	0	0	0	4	3	7	4	1	2	1	3247	477	3	6	7	4	13	20	10	3	1	3	0	0	3	2	2	0	1	4	2	5	35	3	0	0	0	1	5	0	1	5	1	4	1	4	6	144	28	4	3	21
OTU1030	0	1	0	0	0	0	3	0	0	0	0	0	0	0	0	0	0	0	0	0	0	0	0	0	0	0	2	5	0	8	1	0	0	0	0	2	1	0	0	1	2	4	1	0	13	1	5	10	104	0	0	5	27	16	2	1	0	10	8	0	0	1	0	0	0	1	0	0	0	0	0	0	8	2	0	1	0	5	66	0	27	0	17	1	10	19	0	0	0	18	2	52	3	18	52	14	8	0	0	2	0	0
OTU1031	0	0	0	0	0	1	1	0	0	0	0	0	1	0	0	0	1	0	0	0	0	0	2	2	0	5	0	4	2	0	1	12	5	5	3	4	3	0	0	0	1	0	0	167	66	71	0	1	0	0	0	0	0	0	39	52	10	8	35	4	4	0	0	0	6	4	1	1	1	0	0	0	0	0	5	3	3	0	0	0	3	53	7	0	0	0	0	1	6	3	0	2	8	2	0	1	18	0	0	0	4	1
OTU1032	0	0	0	0	0	0	1	0	0	0	0	0	0	0	0	0	0	0	2	0	0	0	0	0	0	1	0	0	0	0	0	1	0	0	0	2	0	0	0	0	0	0	0	0	0	0	0	0	0	0	0	0	0	0	0	0	0	0	0	0	0	0	0	1	2	0	1	2	0	0	0	0	0	0	0	0	0	0	0	0	0	0	0	0	0	0	0	0	0	0	0	0	1	2	0	2	2	211	110	0	45	44
OTU1033	0	0	0	0	0	0	0	0	0	0	0	0	0	0	0	0	0	0	0	0	0	0	0	0	0	0	0	0	0	0	0	0	0	0	0	0	0	0	0	0	0	0	0	0	0	0	0	0	0	0	0	0	0	0	0	0	0	0	0	0	0	0	0	0	1	0	0	0	0	0	0	0	0	0	0	0	0	0	0	0	0	0	0	0	0	0	0	0	0	0	0	0	0	0	2	0	0	0	0	415	1	0
OTU1034	0	1	0	0	0	0	0	2	0	0	0	0	0	0	0	0	0	0	0	0	0	0	0	0	0	0	4	0	0	0	2	0	0	0	0	2	0	0	0	0	2	0	0	1	1	0	0	18	13	0	0	16	6	15	2	2	0	12	10	1	0	0	0	3	3	0	0	0	2	0	4	8	10	8	0	0	2	0	8	1	0	3	19	0	0	20	1	0	1	0	1	15	15	21	9	10	20	2	10	74	60	27
OTU1035	0	0	0	0	0	0	1	0	0	0	0	0	0	0	0	0	0	0	4	0	0	0	0	0	1	0	0	0	16	0	0	0	0	2	3	0	3	2	0	0	33	20	4	0	1	0	0	2	5	5	2	0	1	0	2	1	5	5	1	0	0	0	6	2	24	54	46	55	98	0	3	1	2	1	7	6	0	0	6	0	5	0	1	0	0	5	6	2	4	2	7	9	8	0	5	0	18	58	0	2	4	17
OTU1036	0	1	0	0	0	0	0	0	0	0	0	0	0	0	0	0	0	0	0	0	0	0	0	3	0	0	2	7	1	3	7	0	1	0	0	2	12	1	3	0	11	3	6	11	7	0	4	4	0	1	1	6	7	0	9	9	13	0	5	1	0	1	0	0	68	123	69	53	91	4	5	0	0	4	0	19	0	0	0	0	4	5	6	2	1	3	9	0	0	4	27	0	3	12	26	18	4	0	3	2	24	20
OTU1037	0	2	2	0	1	0	1	1	0	1	0	2	0	0	1	1	0	0	3	0	5	0	0	1	9	0	13	1	3	84	3	0	7	1	1	9	8	4	23	0	138	81	14	6	7	34	9	224	27	20	26	41	5	56	22	12	16	17	100	5	0	2	1	1	3	0	1	6	2	10	25	21	23	29	65	15	8	10	116	28	36	165	44	46	25	91	19	40	10	26	86	96	18	47	41	87	20	2	49	49	171	51
OTU1038	0	1	0	0	0	0	1	0	0	0	0	0	1	0	0	0	0	0	0	0	0	0	0	0	0	0	7	0	2	0	55	0	0	0	1	0	27	15	2	1	95	0	1	0	0	0	6	0	0	0	0	0	10	2	3	2	3	0	7	0	0	0	0	2	0	0	0	0	0	12	76	8	2	0	1	10	3	49	0	19	35	6	0	0	9	1	14	0	65	0	0	2	2	5	3	1	0	0	0	0	0	0
OTU1039	1	29	2	3	1	4	61	49	1	0	7	27	3	4	11	0	2	0	3	0	26	7	6	8	17	2	1286	39	17	5447	418	14	39	56	28	15	19	15	45	2	962	21	885	29	307	2060	339	536	418	3225	386	755	45	123	62	2088	35	1235	3065	32	8	10	5	34	6	62	35	1375	78	19	4601	477	1352	239	13	28	138	42	565	49	2213	1786	21	829	223	51	13	33	119	3847	31	1399	660	923	2442	626	329	842	4952	1129	259	8272
OTU104	0	10	1	4	0	1	1	5	0	0	1	144	4	1066	0	0	1	8	8	0	0	22	0	0	0	2	139	564	1900	356	237	4	0	2	13	0	1705	172	110	3	82	834	199	72	9	93	183	9	5	72	9	44	140	45	21	11	57	22	44	5	0	0	0	5	2	0	28	3	0	56	121	49	2	47	87	612	168	147	39	575	64	244	12	38	112	174	262	240	113	43	10	14	7	75	40	22	16	1	3	0	0	0
OTU1040	0	0	1	0	0	0	0	0	0	0	1	0	0	0	1	0	0	0	3	0	0	6	1	1	0	0	2	8	65	0	3	0	0	0	1	0	41	17	31	0	7	7	0	0	0	1	2	0	0	0	0	0	0	0	0	0	4	6	0	0	0	0	0	0	0	0	0	0	1	8	32	6	0	6	0	0	15	90	0	33	0	0	0	0	1	0	43	22	10	2	0	0	1	1	1	1	3	0	0	0	0	0
OTU1041	0	2	0	0	0	0	0	0	0	2	1	4	0	0	0	0	0	0	0	0	0	0	0	1	0	0	6	0	13	2	3	0	0	0	3	0	5	29	38	1	13	24	4	1	0	1	0	1	1	5	0	0	1	1	1	2	21	2	2	0	0	0	0	0	0	0	0	0	1	11	58	0	0	4	15	4	26	29	2	15	1	0	0	0	1	1	10	26	40	0	4	0	0	2	0	0	3	0	0	0	0	0
OTU1042	0	3	0	0	0	0	1	0	0	0	0	0	0	0	0	0	0	0	2	0	0	0	1	0	0	0	52	7	1	43	39	0	3	0	0	2	1	0	0	0	8	6	13	3	44	4	9	13	1	14	0	27	3	1	11	5	2	3	21	0	0	0	0	1	41	37	40	54	8	2	0	1	16	3	0	2	2	2	28	14	0	17	7	21	15	3	0	2	0	9	13	6	11	5	6	15	12	1	0	0	0	2
OTU1043	0	0	0	0	0	0	1	0	0	0	0	1	0	0	0	0	0	0	0	0	0	0	4	1	0	0	1	1	13	0	21	0	0	0	0	0	22	11	15	1	18	4	0	0	2	2	0	0	0	3	0	3	5	3	2	1	15	3	0	1	0	1	0	0	0	0	3	14	0	14	32	4	0	0	20	15	26	5	10	3	2	7	0	1	6	7	54	1	49	2	0	12	1	9	1	6	4	0	0	0	0	0
OTU1044	0	0	2	0	0	0	0	0	0	0	0	0	0	0	0	0	0	1	0	0	0	4	0	0	0	0	0	1	191	0	10	0	0	0	2	0	120	8	0	0	0	2	1	1	0	0	0	0	1	0	0	0	0	0	1	7	0	4	1	0	0	0	0	0	0	0	0	0	0	18	76	0	0	0	0	0	13	27	0	0	11	0	0	0	0	0	43	19	20	0	0	1	0	0	0	3	4	0	0	0	0	0
OTU1045	0	0	0	0	0	0	1	5	0	0	0	0	0	0	1	0	0	0	2	0	0	0	0	0	1	0	0	0	0	0	0	5	2	1	0	1	0	0	0	0	0	0	0	0	1	1	0	1	0	0	0	1	0	0	2	2	3	0	7	1	1	0	1	6	52	67	133	30	39	0	0	0	0	0	0	0	0	0	0	0	0	9	0	0	5	0	0	0	0	0	0	2	0	11	16	4	21	2	160	498	131	460
OTU1046	0	0	0	0	0	0	0	0	0	0	0	0	0	0	0	0	0	0	0	0	0	0	0	0	0	0	2	0	1	0	0	0	0	0	0	0	0	0	0	0	411	0	2	0	0	0	0	0	0	2	0	0	0	0	1	1	4	0	2	0	0	0	0	0	0	0	0	0	0	0	1	0	0	2	0	4	1	0	0	0	0	3	1	0	0	0	0	3	4	0	0	0	0	1	1	1	1	0	0	0	0	0
OTU1047	0	0	0	0	0	0	0	2	0	0	0	0	0	0	0	0	0	0	0	0	0	0	0	0	0	0	0	0	0	5	0	0	0	1	0	0	0	0	0	0	0	0	0	0	0	0	0	0	0	0	0	0	0	0	0	0	0	1	7	0	0	0	0	1	53	12	12	29	44	0	2	0	0	0	0	0	0	0	0	0	0	0	0	0	0	0	0	1	0	0	0	0	0	9	5	4	6	0	29	68	67	58
OTU1048	0	0	0	0	0	2	0	0	2	0	0	0	0	3	0	0	0	0	1	0	0	0	0	0	0	0	0	1	0	0	0	3	0	0	2	0	1	0	1	0	3	3	0	271	2	10	0	0	0	2	0	0	0	4	18	272	0	8	48	2	0	0	0	0	0	5	0	0	3	0	0	0	0	0	0	0	1	0	0	0	0	16	0	0	0	0	3	0	0	0	0	4	17	1	0	0	14	0	0	0	0	0
OTU1049	0	0	0	0	0	0	0	0	0	0	0	0	0	0	0	0	0	0	1	0	1	0	0	3	3	2	0	0	0	0	0	0	0	2	0	0	0	0	0	0	0	0	0	0	0	0	0	0	0	0	0	0	0	0	0	0	1	1	4	0	0	0	0	0	106	34	260	93	55	0	0	0	0	0	0	0	0	0	0	0	0	0	0	1	0	0	0	0	0	0	0	0	0	0	0	1	0	0	17	2	45	21
OTU105	1	16	5	13	2	2	7	16	6	5	13	13	6	6	7	4	1	0	3	1	5	54	14	14	2	8	11	14	23	16	9	1	3	2	60	0	6961	521	835	7	149	81	150	41	39	156	16	9	249	237	85	215	306	218	85	62	90	58	44	2	3	0	0	2	93	42	243	245	232	45	1117	231	89	316	526	937	1352	211	157	410	182	143	52	20	7	59	5015	132	3635	220	132	412	42	52	59	103	63	8	4	3	6	0
OTU1050	0	4	0	0	0	0	1	0	0	2	0	0	1	0	1	0	0	0	1	0	0	0	0	0	2	1	0	3	1	2	0	0	0	0	0	0	1	0	0	0	463	102	0	2	0	4	2	0	24	19	3	0	0	0	5	2	2	2	0	0	0	0	0	0	0	0	5	1	0	0	22	0	21	3	1	0	1	1	14	3	7	1	4	0	0	0	1	16	0	4	6	15	0	3	0	1	2	0	131	0	112	59
OTU1051	0	0	1	0	0	0	0	0	0	0	0	0	0	0	0	0	0	0	0	0	0	1	0	0	0	0	0	0	0	1	15	0	0	0	4	0	29	1	0	0	18	1	7	0	0	0	1	0	0	2	0	0	2	3	0	0	2	3	2	0	0	0	0	0	0	0	1	2	0	7	0	0	0	0	0	33	9	263	1	0	0	0	1	0	0	1	41	1	65	0	0	0	0	3	0	0	8	0	0	0	0	0
OTU1052	0	0	0	0	0	0	0	2	0	0	0	0	0	0	0	0	0	0	0	0	0	0	0	0	2	0	8	4	0	24	5	0	0	0	0	0	0	0	0	0	0	2	0	0	1	1	3	4	1	1	0	12	2	7	8	0	1	10	3	1	2	0	0	0	0	0	3	0	5	0	4	4	16	0	10	0	0	0	2	7	3	4	6	4	2	0	0	0	1	0	4	3	3	1	0	2	12	8	51	37	72	77
OTU1053	0	0	0	0	0	0	0	0	0	0	0	317	0	0	0	0	0	0	0	1	0	0	0	0	0	0	0	0	0	0	0	0	0	0	0	0	0	0	0	0	0	0	0	0	0	1	0	0	0	0	0	0	0	0	0	0	0	0	0	0	0	0	0	0	0	0	0	0	0	0	3	0	0	0	0	0	0	0	0	0	0	0	0	2	0	0	0	0	0	0	0	0	1	0	0	0	0	0	0	0	0	0
OTU1054	0	1	0	0	0	0	0	0	0	0	0	0	0	0	0	0	0	0	0	0	0	0	0	0	0	0	31	9	12	7	24	0	2	1	0	0	0	0	5	0	45	11	50	14	35	13	27	0	4	1	0	8	13	6	16	33	33	8	6	0	1	0	0	0	0	1	0	0	0	1	24	3	27	21	12	3	5	10	17	3	23	47	0	0	4	0	0	17	0	0	0	5	17	5	5	1	1	0	0	0	1	43
OTU1055	0	1	0	0	0	0	0	2	0	0	0	1	4	0	0	0	0	0	0	0	1	0	0	0	0	0	32	31	9	39	8	0	0	0	0	3	10	0	5	0	7	6	7	0	7	7	28	24	28	18	0	19	28	5	15	3	1	3	12	0	1	0	0	0	36	54	4	0	0	2	17	14	26	9	0	43	51	0	10	8	2	3	27	16	8	9	20	1	1	8	2	19	21	77	8	47	15	6	0	2	0	0
OTU1056	0	0	0	1	0	0	0	0	0	0	0	0	0	0	0	0	0	0	0	0	0	0	1	1	0	0	1	0	0	13	62	0	0	0	0	1	1	10	162	0	7	1	7	2	12	86	9	20	16	1	0	17	11	15	34	5	25	2	15	0	0	0	0	0	0	0	1	0	0	2	0	6	0	2	0	37	1	264	13	10	12	17	6	16	20	2	42	18	52	0	6	0	9	5	16	24	25	0	0	0	0	0
OTU1057	0	1	0	0	0	0	0	5	0	0	0	0	0	0	0	0	0	0	0	0	0	0	0	0	0	0	2	0	1	0	0	0	0	0	0	0	1	0	8	0	2	3	0	0	0	7	0	2	2	0	0	0	2	7	1	0	35	0	0	0	1	0	0	0	0	0	3	0	4	0	0	8	5	0	0	123	2	7	0	0	0	3	8	0	3	10	0	0	0	2	18	2	166	2	6	1	15	4	0	0	0	0
OTU1058	0	1	4	0	0	0	2	1	0	0	5	1	0	1	3	0	0	0	0	0	0	0	0	0	4	0	20	49	0	71	16	0	0	0	0	0	15	0	2	0	10	24	7	0	2	0	1	0	4	2	1	63	9	27	1	6	13	6	1	0	1	0	1	1	0	0	0	0	0	15	2	2	47	73	26	36	0	1	73	4	13	2	2	2	3	1	2	3	0	42	36	48	0	12	8	15	5	0	2	0	0	0
OTU1059	0	3	0	0	0	1	0	1	2	0	0	0	0	2	0	0	0	0	0	0	0	5	0	0	0	0	24	1	100	1	40	0	1	1	0	0	29	41	6	1	2	5	14	0	5	0	2	1	1	9	0	180	0	3	4	8	32	3	1	2	0	0	0	1	0	0	4	0	18	0	403	2	3	3	1	3	40	5	0	6	4	14	1	27	7	6	6	1	2	3	6	3	2	5	6	6	1	0	0	0	0	0
OTU106	0	8	1	3	0	2	3	10	0	0	7	3	4	5	2	1	1	6	14	0	3	5	0	3	4	12	79	165	657	268	205	4	1	4	28	0	545	15	635	0	130	352	90	15	42	28	66	26	110	97	36	151	103	117	66	32	35	70	66	3	1	0	0	7	311	195	206	377	226	310	799	227	35	122	119	819	150	220	149	947	90	69	48	83	13	64	194	649	207	72	44	93	43	95	62	40	49	0	1	2	2	1
OTU1060	0	0	2	0	0	0	0	0	0	0	1	0	0	0	0	0	0	0	0	0	0	0	0	0	0	0	26	35	0	54	26	8	0	0	0	0	4	0	0	0	0	5	0	33	16	77	13	2	0	0	5	0	8	7	81	25	3	9	55	0	0	0	0	0	2	0	1	0	1	0	0	5	20	6	14	8	1	0	0	1	6	30	13	3	7	17	2	0	0	0	0	15	9	12	31	5	87	0	1	2	2	2
OTU1061	0	0	2	1	0	0	0	1	0	0	0	1	2	3	0	0	0	0	0	0	0	0	0	0	0	0	48	397	251	176	32	1	1	0	0	0	4	2	8	0	3	3	5	26	2	6	0	9	5	2	1	71	15	34	10	13	34	15	29	0	0	0	0	2	1	0	3	0	2	115	54	21	10	22	34	3	12	4	5	3	16	10	0	0	1	10	1	9	1	15	16	19	35	22	11	13	8	5	0	0	22	0
OTU1062	0	0	0	0	0	0	0	0	0	1	0	0	0	0	0	0	0	0	0	0	0	0	0	0	0	0	0	1	0	0	0	0	9	0	0	0	0	0	0	0	0	0	1	0	466	0	0	0	0	2	0	0	0	0	0	0	0	0	4	0	0	0	0	0	0	0	0	0	0	0	0	1	0	0	0	1	0	0	2	0	0	0	0	0	0	0	0	0	0	2	0	0	3	0	0	0	1	1	0	0	0	0
OTU1063	0	2	1	0	1	1	0	0	1	0	0	4	0	0	0	0	0	1	3	0	0	0	1	2	0	0	18	7	0	31	0	0	2	0	9	0	4	44	117	0	49	67	4	4	3	1	0	1	0	10	11	11	0	5	8	4	105	5	8	0	0	0	0	0	1	1	5	0	0	95	247	139	39	1	8	3	18	57	1	45	9	12	3	6	1	6	4	114	67	3	14	16	8	53	1	3	6	0	2	1	0	0
OTU1064	0	0	0	2	0	0	0	0	0	0	0	0	0	1	0	0	0	1	0	0	0	6	0	0	0	0	0	0	0	0	0	0	0	0	0	0	257	0	3	0	3	0	0	0	0	0	0	0	0	0	0	2	0	5	3	2	72	0	0	0	0	0	0	0	0	0	10	0	0	9	1	20	0	1	0	17	269	0	0	0	2	0	0	0	0	3	12	0	0	0	2	1	1	7	3	0	0	2	0	0	0	0
OTU1065	0	0	0	0	0	0	0	0	0	0	1	0	0	0	0	0	0	0	0	0	0	0	0	0	0	0	0	0	0	0	0	0	0	0	0	0	0	0	0	0	0	0	0	0	0	0	0	0	0	0	0	0	0	0	0	0	0	0	0	0	0	0	0	0	0	0	0	0	0	0	0	0	0	0	0	0	0	0	0	0	0	0	0	0	0	0	0	0	0	0	0	0	0	0	0	0	0	0	3	338	0	0
OTU1066	0	0	1	0	0	0	0	0	0	0	0	0	0	0	0	0	0	0	0	0	2	0	0	0	3	0	13	6	0	76	18	0	1	1	1	0	1	2	1	0	2	3	41	2	37	20	7	4	28	14	0	66	11	6	20	2	5	6	16	0	0	1	0	0	0	0	2	1	0	0	0	3	22	9	3	3	2	0	69	0	22	7	17	29	4	2	0	0	5	19	54	72	5	29	16	13	39	0	0	0	1	0
OTU1067	0	0	0	2	0	0	0	2	0	0	0	0	0	0	1	0	1	0	0	0	0	4	0	0	0	0	1	1	1	2	0	0	0	2	0	0	26	3	0	0	1	2	0	0	2	250	2	2	5	0	0	0	0	0	13	0	102	0	0	0	0	0	0	0	0	0	5	0	0	0	0	2	0	9	0	88	2	24	0	0	0	5	0	9	0	4	1	0	0	0	0	0	0	3	4	5	0	0	0	0	0	0
OTU1068	0	0	0	0	0	0	1	0	0	0	0	0	0	0	0	0	0	0	0	0	0	0	0	0	0	0	0	0	0	2	1	1	0	0	0	0	0	0	1	0	0	0	0	0	6	0	0	7	0	0	0	20	0	2	3	1	2	3	0	0	0	3	0	0	101	28	103	69	64	0	0	0	0	0	0	1	0	0	0	1	3	3	5	5	2	9	0	0	1	65	0	1	4	16	21	3	23	2	0	0	11	2
OTU1069	0	0	0	0	0	0	1	2	0	0	0	0	0	0	0	0	0	0	0	0	0	0	0	0	1	0	0	0	0	0	0	0	2	0	0	0	0	0	0	0	0	0	0	0	0	0	0	0	0	0	0	0	0	0	0	0	0	0	1	2	0	0	1	1	1	0	0	1	0	0	0	0	0	0	0	0	0	0	0	0	0	0	0	0	0	0	0	0	0	0	0	0	1	1	1	1	0	13	23	45	70	261
OTU107	0	7	2	0	1	0	7	20	2	0	1	5	0	5	0	1	0	0	11	2	24	8	6	7	13	10	111	23	5	29	12	11	14	7	20	9	9	5	13	0	37	10	470	57	13	67	6	68	117	28	4	53	50	153	194	259	17	81	530	7	30	4	10	11	2324	1035	263	368	5517	3	27	16	90	40	53	10	12	6	94	5	71	36	416	17	14	33	7	13	7	17	169	74	43	121	19	29	27	16	48	21	99	69
OTU1070	0	2	0	0	1	0	0	0	1	0	2	1	1	2	0	0	1	1	0	0	0	0	7	0	0	0	51	140	127	2	7	0	0	0	7	0	34	162	72	1	6	2	7	11	27	8	5	3	1	43	0	6	629	6	20	16	13	6	55	0	0	0	0	1	1	0	0	0	6	184	127	3	11	255	1000	10	6	98	7	7	18	9	24	111	4	84	197	149	163	7	8	168	6	10	19	16	25	2	0	0	1	0
OTU1071	0	2	0	5	1	0	1	2	0	0	0	2	0	6	4	0	0	0	0	0	2	1	5	2	0	3	76	25	8	63	63	5	10	3	5	1	13	7	41	1	26	14	24	12	18	4	16	30	32	33	11	23	20	4	21	31	49	48	41	4	3	0	3	2	165	160	155	72	65	9	34	8	17	19	16	13	58	6	27	36	6	12	35	33	43	37	43	11	63	25	69	16	28	36	63	27	17	0	21	368	23	44
OTU1072	0	0	0	0	0	0	0	3	0	0	0	0	0	0	0	0	0	0	1	0	0	0	0	2	0	2	0	0	53	0	23	0	0	2	1	0	38	7	21	0	2	30	1	0	2	11	0	0	0	1	1	1	1	2	3	0	19	0	0	0	0	0	0	0	0	0	2	1	0	0	0	1	2	1	0	52	21	5	6	34	0	6	2	14	0	0	20	8	51	1	4	6	0	3	0	18	0	0	0	0	0	0
OTU1073	0	0	1	0	0	0	0	1	0	0	0	1	0	0	0	0	0	0	1	0	0	0	0	0	0	0	3	4	1	16	11	1	0	3	0	7	3	2	4	0	13	18	30	36	14	172	74	31	26	3	2	14	1	10	23	60	37	10	9	1	0	2	0	2	9	3	9	32	9	1	11	11	57	40	106	0	3	4	1	5	2	64	4	17	10	7	0	19	7	7	3	10	30	52	23	23	13	45	91	64	40	8
OTU1074	0	0	1	0	0	0	0	0	0	0	0	0	0	0	0	0	0	0	1	0	1	0	0	1	1	0	1	3	0	0	0	0	5	0	1	0	0	0	0	0	0	0	0	0	0	0	0	1	0	0	0	2	0	0	0	0	0	3	1	0	1	0	0	0	1	2	0	0	1	0	0	0	1	0	0	0	0	0	0	0	0	0	1	0	1	0	0	0	0	0	0	0	8	0	5	0	0	201	45	72	13	11
OTU1075	0	0	0	0	0	0	0	2	0	0	0	2	0	0	1	0	0	0	0	0	0	2	0	2	0	0	11	9	6	8	2	1	2	0	3	0	31	1	2	0	6	0	4	14	14	9	10	4	5	1	3	20	5	6	12	21	12	1	14	0	0	0	0	1	17	4	144	2	103	11	17	12	33	25	5	33	2	11	1	1	5	2	5	7	5	4	8	3	24	4	54	7	3	11	3	24	5	0	5	29	2	0
OTU1076	0	0	0	0	0	0	0	1	0	2	0	1	0	0	0	0	0	0	0	0	0	0	0	0	0	1	5	0	0	1	0	0	1	0	0	0	0	0	0	0	0	3	0	4	0	0	0	1	8	0	0	35	0	0	3	14	5	1	12	1	2	0	0	0	248	143	277	62	434	0	0	0	0	0	0	1	0	0	26	1	0	0	0	0	1	0	0	1	0	10	0	36	7	14	0	0	12	242	38	2	1	4
OTU1077	0	0	0	0	0	0	0	0	0	0	0	0	0	0	0	0	0	0	0	0	0	0	0	0	0	0	0	0	0	0	0	0	0	0	0	0	0	0	0	0	0	0	0	0	0	0	0	0	0	0	0	0	0	0	0	0	0	0	0	2	0	0	0	0	0	0	0	0	0	0	0	0	0	0	0	0	0	0	0	0	0	0	0	0	0	0	0	0	0	0	0	0	0	0	0	0	0	3	0	398	0	0
OTU1078	0	3	0	0	0	0	1	0	0	0	0	1	0	0	0	0	0	0	1	0	0	0	0	0	0	0	29	11	0	10	23	0	0	0	0	0	10	0	10	0	24	16	8	6	23	2	0	1	1	13	0	19	0	0	0	1	10	1	2	0	0	0	1	0	0	22	0	1	24	4	0	9	1	0	16	11	9	7	9	26	14	0	10	13	0	4	4	3	2	31	6	0	0	9	4	21	3	0	1	0	1	0
OTU1079	0	0	0	0	0	0	0	5	0	0	3	0	0	0	0	0	0	1	3	0	1	2	0	1	0	0	53	33	27	31	36	0	3	0	5	2	78	2	14	1	18	8	8	14	24	0	43	98	12	7	1	33	65	8	34	9	29	14	30	2	2	0	0	1	74	90	111	119	299	10	9	8	16	28	8	29	10	37	11	20	14	15	68	24	8	13	24	15	73	12	29	10	15	17	35	30	10	16	4	5	8	8
OTU108	0	10	2	1	5	0	6	6	0	0	250	7	1	3	4	1	1	6	9	1	9	0	1	6	1	1	39	191	293	100	52	1	0	4	11	0	307	276	860	2	408	505	208	116	31	219	48	45	147	165	74	119	96	160	32	54	385	61	101	0	0	0	1	0	1	2	7	0	6	225	1190	328	211	88	410	259	1097	200	140	285	258	209	12	26	56	210	254	390	580	188	155	261	101	158	124	63	39	0	1	3	1	0
OTU1080	0	0	0	0	0	0	0	0	0	0	0	0	0	0	0	0	0	0	0	0	0	0	0	0	399	0	0	0	0	0	0	0	0	0	0	0	0	0	0	0	0	0	0	0	0	0	0	0	0	0	0	0	0	0	0	0	0	0	0	0	0	0	0	0	1	0	1	0	0	0	0	0	0	0	0	0	0	0	1	0	0	0	0	0	0	0	0	0	0	0	0	0	0	0	0	0	0	0	0	0	0	0
OTU1081	0	0	0	0	0	0	2	0	0	0	0	0	0	0	0	0	0	0	0	0	0	0	0	0	3	1	0	0	0	4	0	0	0	0	2	0	0	0	0	0	0	2	3	0	0	0	0	0	11	0	0	0	1	47	2	1	0	5	0	0	0	0	0	0	0	1	2	0	0	0	0	0	0	2	4	0	0	0	64	1	50	2	2	0	0	4	0	0	0	0	0	0	0	1	3	0	2	75	92	215	85	138
OTU1082	0	2	0	3	0	1	2	8	1	0	0	3	0	3	2	0	0	0	3	0	5	4	0	4	1	0	26	114	51	61	49	0	2	1	7	4	66	23	15	0	133	144	60	13	46	7	59	68	44	78	4	20	37	32	24	35	29	17	29	0	7	2	0	9	60	16	46	10	75	19	26	19	7	29	62	80	24	15	39	10	49	26	56	29	44	44	102	69	104	16	20	57	34	73	54	67	36	1	82	6	33	30
OTU1083	0	0	0	0	0	0	0	1	0	0	2	0	0	0	0	0	0	0	0	0	0	0	0	0	0	3	7	0	1	0	1	0	0	0	4	4	66	0	14	0	14	25	13	3	0	0	0	3	1	1	0	3	0	1	0	0	29	0	4	0	0	0	0	0	108	226	101	67	59	8	25	0	1	3	11	59	4	0	0	19	6	1	0	4	0	0	25	74	45	1	0	13	0	6	0	0	0	0	0	0	2	0
OTU1084	0	0	1	0	0	1	0	1	0	2	0	0	0	0	0	0	0	1	0	0	0	0	0	0	0	0	1	4	0	6	0	0	2	0	0	4	9	2	1	0	0	2	0	2	32	0	1	87	1	2	0	14	0	9	11	7	7	80	10	0	1	0	0	1	0	0	1	0	3	0	7	2	22	16	2	4	4	4	3	4	1	11	35	16	18	43	2	4	4	0	0	1	80	47	15	6	111	0	19	0	2	1
OTU1085	0	1	1	0	0	1	7	2	0	0	2	0	0	0	0	0	0	0	2	0	0	0	5	2	4	0	4	13	0	23	18	0	0	0	11	1	4	80	23	2	31	20	3	6	6	4	10	27	137	41	10	14	23	59	5	4	7	33	31	0	1	0	1	2	0	1	1	2	2	16	1	27	3	42	2	107	3	2	60	2	67	8	24	4	5	6	14	337	83	29	23	108	16	107	59	31	9	22	19	69	17	0
OTU1086	0	0	0	0	0	0	2	0	0	0	0	0	0	0	0	0	0	0	5	0	0	1	0	0	0	0	7	17	0	6	0	0	1	1	2	0	0	0	0	0	6	4	0	0	6	0	2	0	0	0	0	21	4	4	4	9	2	1	13	1	0	0	0	1	220	161	165	68	61	0	0	4	0	9	0	0	0	2	20	3	0	2	0	1	1	5	0	0	0	1	0	0	10	0	0	0	6	0	1	0	2	0
OTU1087	0	0	0	0	0	0	0	0	0	0	0	0	0	0	2	0	0	0	0	0	0	0	0	0	0	0	0	0	0	0	0	0	0	0	0	0	0	0	0	0	0	0	4	0	0	0	0	0	0	0	0	0	0	0	0	0	457	0	2	0	0	0	0	0	0	0	8	0	0	0	0	0	0	0	0	0	1	0	0	3	0	3	0	2	0	0	0	1	0	0	0	4	2	0	0	1	0	0	0	0	0	0
OTU1088	0	0	0	0	0	0	0	0	0	1	0	0	0	0	0	0	0	0	0	0	0	2	0	1	0	0	5	13	66	0	1	0	0	0	0	0	94	17	12	0	4	7	6	1	0	0	11	0	1	0	2	19	0	4	5	0	4	1	1	0	0	0	0	2	0	2	1	0	0	4	0	0	0	2	5	58	49	62	4	26	1	0	0	0	1	0	15	8	1	0	2	13	3	2	5	0	5	0	0	0	0	0
OTU1089	104	1	0	0	0	0	0	0	0	0	0	0	0	0	0	0	0	0	0	0	0	0	287	3	0	0	0	3	2	0	0	0	0	11	3	0	0	12	0	0	4	0	1	0	0	0	0	0	3	0	0	0	0	0	1	1	1	0	0	58	0	0	0	1	0	0	0	0	1	0	0	1	2	2	0	2	0	0	0	0	0	7	0	0	0	0	0	1	2	0	1	0	1	0	0	0	0	2	3	5	1	0
OTU109	0	0	0	0	0	0	11	4	0	0	0	0	0	0	0	0	0	0	4	5	11	6	3	0	6	4	0	0	0	3	0	0	10	2	8	4	1	0	0	0	0	0	0	0	2	0	0	0	0	0	0	0	0	0	2	0	0	0	60	7	1	5	7	6	5	12	13	3	2560	1	0	0	0	0	0	0	0	0	0	0	0	0	1	0	0	0	0	0	1	1	0	0	98	25	7	26	0	5920	1285	730	1420	10
OTU1090	0	1	0	0	0	0	0	0	0	0	0	1	0	0	0	0	0	0	0	0	0	0	0	0	0	0	0	0	1	0	0	0	12	0	0	0	0	0	0	0	1	0	0	0	225	0	0	2	1	1	0	0	0	0	0	0	0	2	0	0	0	0	0	0	0	0	1	0	0	0	0	0	0	0	0	0	1	0	0	0	0	4	0	1	0	0	0	0	0	0	0	130	1	0	51	0	0	0	2	4	0	0
OTU1091	0	1	1	0	0	0	0	1	0	0	0	0	0	1	0	0	0	0	0	0	0	0	0	0	0	0	6	3	1	2	2	1	17	1	0	1	1	0	0	2	0	1	2	36	214	106	40	37	0	0	0	2	2	6	10	76	24	136	167	0	0	0	0	0	15	57	0	9	3	0	0	0	0	1	2	4	11	1	0	2	0	34	3	1	11	11	0	0	2	0	0	1	106	39	7	58	17	0	0	0	1	2
OTU1092	0	3	0	0	0	0	0	0	0	1	0	0	0	0	0	0	0	0	0	0	0	0	4	5	0	0	1	0	54	0	8	0	0	0	4	0	22	117	53	0	8	4	0	0	0	0	2	0	0	0	3	0	0	0	0	2	7	5	2	0	0	0	0	0	0	0	0	0	0	4	3	1	0	0	2	0	16	69	0	1	1	0	0	3	0	2	19	7	8	0	0	0	2	0	3	1	0	0	0	0	0	0
OTU1093	0	0	0	4	0	0	0	4	0	0	0	0	0	2	0	193	0	258	1	0	0	0	1	0	1	0	0	2	0	2	0	5	0	0	3	0	0	3	0	0	2	0	0	1	1	0	4	1	0	0	0	0	0	2	2	0	0	0	0	0	2	0	2	0	3	2	0	4	6	1	0	1	0	1	0	2	1	0	1	1	0	1	2	0	0	0	1	0	1	0	0	0	1	4	17	0	7	3	2	538	4	0
OTU1094	0	0	0	0	0	0	0	0	0	0	0	0	0	0	0	0	0	0	0	0	0	0	0	0	0	0	0	0	0	0	10	0	0	0	0	0	0	0	0	0	0	1	1	1	1	0	0	0	0	0	0	0	1	0	3	6	3	0	4	0	0	0	0	0	0	0	0	0	0	0	1	0	0	2	0	2	0	0	0	0	0	1	0	0	0	2	0	0	0	0	0	0	3	1	352	0	0	0	0	18	0	13
OTU1095	0	0	0	0	0	0	2	0	0	0	0	0	0	0	0	0	0	0	0	0	0	0	0	0	0	4	4	0	0	0	0	0	0	1	0	0	0	0	0	0	0	0	0	9	0	17	0	0	3	0	0	0	2	0	0	1	0	0	0	0	0	0	0	0	31	8	0	0	0	0	0	0	0	0	0	0	0	0	0	2	0	11	0	0	0	0	0	0	0	0	0	16	0	4	8	2	1	44	61	55	93	73
OTU1096	0	1	0	0	0	0	0	0	0	0	0	0	0	0	0	0	0	0	0	0	0	1	0	0	0	0	14	11	0	11	5	2	0	0	2	0	0	3	9	0	48	11	20	11	6	0	23	7	0	2	0	1	4	1	2	0	0	12	7	0	0	2	0	4	0	0	0	12	1	0	1	5	1	33	0	5	0	8	8	17	13	3	13	30	1	14	0	0	3	0	3	3	7	7	7	15	3	0	134	0	49	3
OTU1097	0	0	0	0	1	0	1	2	1	0	0	0	0	2	0	0	0	0	0	0	0	0	0	2	0	0	49	2	2	0	20	0	0	0	1	0	8	3	18	1	69	0	4	0	7	0	1	0	0	0	0	1	16	1	3	1	3	2	1	3	0	0	0	0	0	0	0	0	0	7	12	4	6	1	101	41	15	8	2	15	0	7	0	0	0	0	1	12	96	0	10	0	2	5	4	0	0	0	0	0	0	0
OTU1098	0	0	3	0	0	0	0	0	0	1	1	1	0	0	0	0	0	0	0	0	0	0	0	0	1	0	6	91	0	103	1	0	0	0	11	2	44	10	6	0	26	16	1	4	0	2	4	37	2	7	0	55	4	11	5	3	1	11	10	4	1	0	0	0	1	0	10	6	0	11	19	0	2	6	0	1	13	12	13	1	3	18	31	19	2	10	47	56	208	33	26	8	4	3	13	5	5	0	58	0	16	8
OTU1099	0	2	5	0	1	0	0	5	5	0	1	4	0	0	0	0	0	3	12	0	0	2	0	0	1	9	52	58	349	17	184	0	2	0	21	0	331	30	5	0	11	62	34	4	0	24	31	2	2	4	6	15	3	3	20	3	65	10	7	0	0	5	0	1	0	0	1	0	0	0	29	7	8	1	8	193	348	36	16	826	7	19	3	60	0	0	56	705	71	6	3	2	2	19	5	20	11	1	1	0	0	0
OTU11	0	41	23	25	12	3	37	59	381	12	7	21	6	22	6	0	9	11	29	2	27	28	24	32	39	31	3474	2356	6358	2009	3092	18	58	29	135	16	2475	1946	2265	4	1422	887	1493	935	357	1316	393	464	456	1244	278	1889	922	388	1040	463	3617	537	460	19	9	26	11	47	3322	2213	1728	2343	3386	987	2603	1154	882	979	941	3122	2189	855	1319	1246	775	1235	218	1064	733	633	1904	2265	2668	641	2166	788	567	576	381	811	719	41	15	15	415	22
OTU110	0	8	4	0	2	0	6	18	1	3	5	6	0	1	0	0	1	1	6	1	1	4	2	4	5	10	174	70	62	87	161	18	13	14	28	26	21	15	8	1	246	48	55	406	120	195	250	459	88	27	4	52	225	44	409	518	71	566	1066	27	18	35	8	22	230	166	314	130	241	13	40	54	22	58	104	23	42	23	18	19	36	330	512	1511	51	387	16	10	42	25	34	38	583	332	623	476	271	239	565	332	892	2030
OTU1100	0	0	0	0	0	2	0	2	0	0	1	0	0	0	0	0	0	0	0	0	0	0	0	0	0	0	3	1	0	22	0	0	0	0	0	0	0	0	0	2	2	2	1	0	0	0	2	0	1	0	0	0	0	8	0	2	0	3	0	0	0	0	0	0	0	0	0	0	0	0	2	0	0	0	0	37	0	19	1	0	6	0	16	189	4	1	0	0	0	0	0	0	0	69	0	26	50	0	0	0	2	2
OTU1101	0	0	0	2	0	0	0	0	0	0	0	0	0	0	0	0	0	0	0	0	0	1	0	0	0	0	9	2	27	1	7	0	0	0	1	1	92	2	0	0	0	1	4	2	0	2	2	2	2	0	1	7	16	4	0	0	6	0	2	0	4	0	0	2	0	0	7	0	11	0	0	0	14	16	0	159	9	9	0	10	2	1	121	0	4	0	8	9	60	1	0	0	0	1	0	1	0	0	0	0	0	0
OTU1102	0	0	0	0	0	0	0	0	0	0	0	0	0	0	0	0	0	0	0	0	0	0	0	0	0	0	8	2	0	9	8	1	1	0	4	0	2	5	0	0	1	8	4	3	7	0	1	1	2	3	2	3	7	8	1	6	5	0	4	3	0	0	0	2	34	72	34	13	6	2	0	3	1	1	0	3	0	0	3	0	2	2	0	2	4	7	1	1	0	16	6	12	4	10	7	13	10	38	67	128	67	32
OTU1103	0	0	0	0	0	0	0	0	0	0	0	0	0	0	0	0	0	0	0	0	0	0	0	0	2	0	0	0	0	0	0	0	0	0	0	0	0	0	0	0	0	0	0	0	0	0	0	0	0	0	0	1	0	2	0	3	0	0	0	3	0	0	0	0	0	1	1	0	1	0	0	0	0	2	4	0	0	0	0	0	0	0	0	0	0	0	0	0	0	0	0	0	0	1	0	22	1	0	14	0	356	23
OTU1104	0	0	0	0	0	0	0	1	0	0	1	0	0	0	0	0	0	0	0	0	0	1	0	0	0	0	0	0	0	0	0	0	0	0	0	0	0	0	0	0	0	0	0	0	0	0	0	0	0	0	0	1	0	0	0	0	0	0	0	0	0	0	297	0	2	0	0	2	1	0	0	0	0	0	0	0	0	0	0	0	0	0	0	0	13	0	1	0	0	0	0	0	0	0	0	0	0	1	0	1	0	0
OTU1105	0	0	0	0	1	0	1	0	3	1	0	0	0	0	0	0	0	0	0	0	1	0	0	0	1	1	0	0	0	0	0	0	1	0	0	0	0	0	1	0	11	3	1	2	8	2	0	0	0	5	7	24	0	2	5	0	1	14	11	0	4	0	0	2	174	100	101	25	112	0	0	7	2	0	0	10	1	0	0	0	4	0	50	0	0	0	12	0	0	13	0	10	13	25	22	6	0	0	4	0	1	1
OTU1106	0	0	0	0	0	0	0	0	0	0	0	0	0	0	0	0	0	0	1	0	2	0	0	0	0	0	0	1	0	0	0	0	0	3	0	0	0	0	0	0	0	0	0	0	10	0	1	19	4	0	0	0	0	0	6	1	0	0	4	0	0	0	0	0	95	83	35	7	103	0	0	0	7	0	0	0	0	1	0	1	0	6	9	0	0	0	0	0	0	2	0	0	0	5	8	0	0	2	41	147	13	4
OTU1107	0	0	0	0	0	0	0	0	0	0	0	0	0	0	0	0	0	0	1	0	0	0	0	0	0	1	0	0	0	0	0	0	0	0	0	0	1	1	0	0	0	0	0	0	0	0	1	0	0	0	0	0	0	0	4	0	14	0	1	0	0	0	0	0	0	0	0	0	0	35	36	1	0	8	329	0	0	10	0	2	9	0	5	0	0	0	1	14	15	0	0	0	0	0	1	2	0	0	0	0	0	0
OTU1108	2	0	0	0	0	0	0	0	0	0	0	0	0	1	0	0	0	0	2	0	0	0	0	0	3	0	0	0	0	1	0	0	0	0	0	1	0	0	3	0	18	6	0	6	0	32	0	4	9	0	0	0	0	3	0	12	1	1	0	0	0	1	0	3	0	38	36	20	13	1	0	0	4	0	1	0	0	0	24	4	5	14	7	4	3	6	2	5	0	0	0	0	2	14	0	14	0	1	15	0	0	0
OTU1109	0	0	0	0	0	0	0	0	0	0	0	0	0	0	0	0	0	0	0	0	0	0	0	0	1	0	34	17	4	21	3	0	1	0	2	0	3	0	2	0	4	1	0	25	71	32	7	0	14	0	0	17	4	46	32	69	24	4	31	0	1	0	0	0	0	2	1	0	1	0	1	17	109	24	1	6	4	0	25	2	11	28	26	26	30	24	4	0	0	6	2	9	11	13	13	57	19	0	0	0	0	0
OTU111	0	0	0	0	0	0	7	14	0	2	1	0	0	1	0	0	0	0	9	3	5	6	9	9	3	6	1	0	0	0	0	4	10	7	9	3	0	0	0	0	3	0	0	15	5	34	2	0	0	0	0	0	0	2	82	45	167	45	320	8	4	2	3	11	772	635	1655	273	4211	3	10	2	0	1	5	4	1	0	2	2	0	31	0	0	0	6	2	0	0	0	1	0	9	0	4	5	10	20	25	9	7	15
OTU1110	0	0	0	0	0	0	0	1	0	0	0	0	0	0	0	0	0	0	0	0	0	0	0	0	0	0	0	0	0	0	0	0	0	2	0	0	0	0	0	0	0	0	0	0	0	0	0	0	0	0	0	0	0	0	0	13	0	10	0	0	0	0	0	0	0	198	2	4	151	0	0	0	5	0	0	0	0	0	0	0	0	0	0	0	2	0	0	0	0	0	0	0	0	0	0	0	2	4	0	0	0	1
OTU1111	0	0	0	0	0	0	0	3	0	0	0	1	0	0	0	0	0	0	0	0	0	0	0	3	1	2	0	49	7	12	1	0	1	0	1	0	6	0	45	1	3	14	4	6	11	2	21	2	1	10	4	18	0	5	8	3	3	2	11	0	0	0	0	0	2	0	19	5	1	10	29	0	36	1	0	0	10	12	26	0	5	12	6	15	14	11	4	10	78	0	2	12	20	19	5	14	10	0	0	0	0	0
OTU1112	0	2	1	0	0	0	0	0	0	0	0	0	0	0	1	0	0	0	0	0	0	0	0	1	4	0	35	38	3	4	1	0	0	0	0	0	18	13	16	0	12	3	16	0	3	0	2	0	1	1	1	0	2	1	6	1	1	0	3	0	0	0	0	0	0	0	0	0	1	40	6	4	0	4	226	37	10	36	1	0	5	0	0	0	1	4	6	8	46	7	10	0	0	3	1	0	2	0	0	0	0	0
OTU1113	0	0	0	0	0	0	0	0	0	0	0	0	0	1	0	0	0	0	0	0	0	0	0	0	0	0	35	0	88	1	42	0	4	0	2	0	0	11	0	0	0	2	1	0	3	0	2	1	0	5	0	0	0	1	0	0	23	1	0	0	0	0	0	0	0	0	2	0	1	2	130	0	0	10	0	2	2	5	0	4	7	0	0	0	0	0	5	6	0	0	0	0	0	4	0	0	0	0	0	0	0	0
OTU1114	0	0	0	0	0	0	2	1	0	0	0	0	0	0	0	0	0	0	0	0	0	2	1	0	0	0	6	3	23	25	5	0	4	1	3	0	20	32	24	0	9	10	12	4	10	46	4	0	8	7	4	0	0	2	31	6	14	4	1	0	2	0	0	0	1	8	27	5	11	7	2	2	0	4	9	6	6	3	0	3	0	3	2	1	1	0	0	8	14	0	29	2	19	25	3	10	12	5	17	8	4	308
OTU1115	0	0	0	0	0	0	0	0	1	0	0	0	0	2	0	0	0	0	0	0	0	0	0	0	0	0	40	2	151	0	2	0	0	0	0	0	7	3	0	4	0	7	7	0	0	0	50	1	3	1	0	0	18	2	0	3	1	0	2	0	0	0	0	0	1	7	60	48	35	0	0	3	0	1	0	1	0	1	2	0	16	0	0	0	0	1	0	0	0	1	25	0	0	3	58	2	0	1	0	0	0	0
OTU1116	0	0	0	0	0	0	0	0	0	0	0	0	0	1	0	0	0	0	0	0	0	0	0	0	0	0	4	0	1	0	0	0	0	0	0	0	5	0	2	0	0	0	7	43	14	0	2	17	9	1	0	0	0	1	20	10	7	57	11	0	0	0	0	0	2	0	0	0	0	0	1	0	0	2	0	0	5	0	0	0	1	2	10	6	3	16	0	0	1	0	15	0	279	16	7	10	3	1	0	0	0	1
OTU1117	1	0	0	0	0	0	0	0	2	0	0	0	0	0	0	0	0	0	0	0	0	0	0	0	0	0	0	1	0	0	0	0	0	0	0	0	0	0	0	0	0	0	0	1	0	0	2	0	0	0	2	1	0	9	7	0	1	2	0	0	0	14	0	0	0	0	0	0	0	1	1	1	5	2	1	0	0	2	7	0	0	1	0	367	0	2	0	0	0	2	1	0	2	3	0	0	3	0	0	0	0	0
OTU1118	0	0	0	0	0	0	2	0	0	0	0	0	0	0	0	0	0	0	2	0	0	0	0	0	0	3	0	0	0	0	0	0	0	0	1	0	0	0	0	0	0	0	0	0	0	0	0	0	0	0	0	0	0	0	0	0	0	0	0	0	0	0	0	0	1	1	0	0	0	0	0	0	0	0	0	0	0	0	0	0	0	0	0	0	0	0	0	0	0	0	0	0	0	5	3	6	0	0	95	95	125	47
OTU1119	0	0	0	0	0	0	0	2	0	0	0	0	0	0	0	0	0	0	0	0	0	2	2	0	0	2	0	0	0	0	0	0	2	0	1	0	0	0	0	0	0	0	0	0	0	0	0	0	0	0	0	0	0	0	0	0	0	0	0	0	0	0	0	0	0	0	1	2	2	0	0	0	0	0	0	0	0	0	0	0	0	0	0	0	0	0	0	0	0	0	0	0	0	22	0	0	0	1	1620	241	0	1
OTU112	1	7	2	0	0	0	0	0	0	0	12	5	0	0	0	1	0	0	0	0	1	0	85	1	0	0	41	1	3	11	3	0	1	0	1	0	2	7968	234	0	10	1	3	4	8	12	5	16	5	2	0	15	8	32	13	16	25	5	16	3	0	0	0	0	0	0	1	0	2	9	9	7	1	20	7	5	6	3	6	15	14	29	5	5	4	101	44	4	3	5	4	5	11	17	14	34	15	0	0	0	0	0
OTU1120	0	4	1	0	0	0	0	0	0	0	0	0	0	0	0	0	0	0	1	0	0	0	0	0	0	0	0	0	0	0	0	0	0	0	0	0	0	145	8	0	0	0	1	0	0	0	0	2	0	0	0	2	0	1	0	0	0	0	0	0	0	0	0	1	0	0	0	0	0	0	0	0	0	1	1	3	0	0	0	0	0	0	0	0	0	2	0	0	0	0	0	0	0	0	4	2	0	0	0	189	0	0
OTU1121	0	2	0	0	0	0	0	0	0	0	0	0	0	0	0	0	0	0	0	0	0	0	0	0	0	0	0	1	0	1	3	0	0	1	0	0	0	0	0	0	1	0	1	33	20	63	8	0	0	2	0	0	0	0	22	14	11	27	7	0	0	0	0	0	2	0	0	0	0	8	0	3	0	0	3	2	0	2	0	0	0	41	0	3	0	0	1	1	0	2	0	2	30	0	17	20	86	6	0	1	0	2
OTU1122	0	2	0	0	0	0	3	1	0	5	0	0	0	1	1	0	0	0	0	0	1	2	0	0	0	0	0	2	6	1	0	0	1	0	1	1	4	0	3	0	6	1	4	5	3	3	4	1	507	35	105	214	68	68	10	3	6	4	7	3	1	0	0	0	0	1	8	4	15	4	2	2	6	550	2	4	2	0	28	1	26	0	1	4	1	1	4	2	0	7	5	135	116	5	8	30	19	9	5	2	16	0
OTU1123	0	1	0	0	0	0	0	1	0	0	0	1	0	0	0	0	0	0	0	0	0	0	0	0	1	1	7	11	0	5	0	0	0	0	0	0	19	10	5	0	36	11	16	0	3	2	2	0	14	3	0	12	7	1	4	2	19	0	0	0	0	1	0	0	0	0	0	0	0	2	1	4	7	0	15	20	18	14	8	6	7	15	2	4	3	1	16	9	2	8	4	1	7	7	0	13	1	0	0	0	0	0
OTU1124	0	0	0	0	0	0	1	0	0	320	0	0	0	23	0	0	0	0	266	0	1	153	0	15	0	2	0	0	0	12	0	298	1	1	1	30	2	1	42	1	1	7	0	19	6	9	1	93	0	0	2	0	0	2	3	8	0	3	5	3	0	3	3	1	1	1	1	2	2	1	1	0	4	0	3	3	0	0	1	1	0	1	1	1	0	0	1	0	6	0	1	0	12	4	3	1	1	19	20	26	2	2
OTU1125	0	0	0	0	0	0	0	1	0	0	0	0	0	0	0	0	0	0	1	0	4	0	0	0	1	0	0	0	0	0	0	0	2	0	0	0	0	0	0	0	0	0	0	0	0	0	0	0	0	0	0	0	0	0	0	0	0	0	0	1	0	0	0	1	0	0	2	1	2	0	0	0	0	0	0	0	0	0	0	0	0	0	0	0	0	0	0	0	0	0	0	0	0	1	1	13	11	0	92	151	433	396
OTU1126	0	0	0	1	0	0	0	3	1	0	1	0	0	1	0	0	0	0	0	0	0	0	0	0	0	0	33	63	3	16	0	1	1	0	0	0	0	0	0	0	2	2	1	27	16	9	75	2	0	47	0	1	4	3	27	13	1	13	1	0	2	0	0	0	1	0	0	0	0	0	0	12	0	11	0	3	7	0	0	1	8	6	11	45	19	7	0	0	0	1	0	0	7	2	8	17	29	0	0	0	1	0
OTU1127	0	0	1	0	0	0	0	0	2	0	0	0	0	2	0	5	0	0	0	0	4	0	0	0	0	0	10	13	1	32	3	3	2	6	2	0	0	4	1	0	2	0	19	84	34	123	17	4	5	10	0	0	12	17	55	116	71	20	19	0	0	0	0	0	0	4	2	2	1	1	32	9	22	5	68	1	6	1	3	0	2	67	9	4	0	1	3	1	12	1	3	1	42	10	13	7	33	2	0	0	0	2
OTU1128	0	0	0	0	0	0	0	0	0	0	0	1	0	0	0	0	0	1	0	0	1	0	0	0	2	0	0	11	1	0	2	0	0	6	0	0	1	0	0	0	7	9	0	0	0	5	0	0	0	3	1	1	0	1	4	0	12	4	1	0	0	0	3	0	60	4	228	68	0	1	0	0	0	1	0	7	0	11	4	0	3	0	2	0	1	11	0	0	0	0	0	0	18	16	0	5	0	0	0	0	0	19
OTU1129	0	0	0	1	0	0	0	0	0	0	0	0	2	0	0	0	0	0	0	0	0	0	0	0	1	0	0	0	17	3	5	0	0	7	0	0	1	1	0	1	0	0	1	28	9	213	0	3	0	0	2	2	0	1	10	9	61	0	0	2	3	0	0	0	0	0	3	0	0	1	0	0	1	0	2	3	1	0	1	0	0	88	0	0	1	0	0	0	0	0	0	0	18	0	2	0	0	0	0	0	0	0
OTU113	0	9	2	8	0	2	1	5	0	2	2	0	0	5	0	0	2	0	6	0	5	7	1	1	7	2	66	226	85	391	82	6	8	6	23	1	57	36	110	3	199	100	169	158	274	156	85	62	79	142	74	442	79	108	223	129	250	96	160	16	7	8	3	2	522	295	489	327	925	124	226	189	161	144	187	114	309	58	215	40	82	233	106	166	139	123	60	181	190	231	116	181	94	232	261	137	259	5	122	107	236	52
OTU1130	0	0	1	0	0	0	0	0	0	0	0	1	0	0	0	0	0	1	0	0	2	0	0	0	0	0	0	1	0	0	0	0	0	0	0	0	0	1	0	0	0	0	0	1	1	0	0	0	0	0	0	1	0	1	0	2	2	1	0	0	0	0	0	1	0	0	0	0	0	0	0	0	0	1	0	0	1	0	0	0	1	4	0	0	0	35	0	0	1	1	0	0	320	0	0	2	0	2	0	0	0	0
OTU1131	0	0	0	0	0	0	0	3	0	0	0	0	0	0	0	0	0	0	0	0	0	0	0	0	2	0	2	0	0	0	0	0	0	0	1	0	0	0	1	0	28	10	0	0	0	0	0	0	22	4	6	3	3	0	6	0	0	2	5	0	1	0	0	0	66	20	0	0	223	0	0	0	0	9	0	1	0	1	13	0	0	0	1	5	4	0	0	49	0	0	13	4	0	4	0	0	0	0	0	0	32	21
OTU1132	0	1	0	0	0	0	3	8	0	0	1	0	0	0	1	0	0	0	1	4	0	4	0	4	0	7	92	25	142	29	77	0	0	0	7	0	45	20	40	0	33	20	12	17	6	21	29	6	10	5	1	22	7	12	9	47	147	12	20	2	0	0	0	1	1	41	39	31	68	45	16	10	24	4	32	162	47	78	3	37	12	12	7	0	10	5	78	17	30	5	13	7	16	6	15	108	10	0	0	1	3	2
OTU1133	0	0	0	0	0	0	0	0	0	1	0	0	0	0	0	0	0	0	2	0	0	1	0	0	0	0	0	0	0	0	0	0	0	0	0	0	0	0	0	0	0	6	0	1	0	0	0	20	0	0	0	0	0	0	2	0	0	0	2	0	1	0	0	2	0	2	1	0	3	0	1	0	0	0	0	0	0	0	1	0	0	0	90	4	6	9	0	0	0	0	0	7	0	20	2	4	3	0	56	0	72	91
OTU1134	0	0	1	0	0	0	1	1	2	0	0	0	2	0	0	0	0	0	1	1	4	1	2	2	6	1	0	0	0	0	0	0	1	1	3	0	0	0	0	1	0	0	2	0	0	0	0	0	2	0	0	44	0	2	11	3	13	3	18	2	5	0	1	3	219	331	421	249	300	0	0	1	0	13	0	0	1	0	0	0	0	6	2	4	40	0	0	2	0	6	6	0	0	0	1	12	0	4	3	3	10	2
OTU1135	0	1	2	0	0	0	0	3	0	0	3	1	0	0	1	0	0	0	0	0	0	0	0	0	0	1	34	75	0	5	42	0	0	2	7	0	20	15	8	2	12	13	10	1	6	28	8	0	32	7	2	3	8	5	2	5	1	15	4	0	0	0	0	2	0	0	0	0	0	0	8	9	0	14	8	43	120	24	0	4	0	4	29	2	2	3	20	58	64	1	0	15	2	7	7	26	3	2	0	0	1	0
OTU1136	0	0	0	0	0	0	0	0	0	0	0	0	0	0	0	0	0	0	0	0	0	0	0	0	0	0	0	0	0	0	0	322	0	0	0	0	0	0	0	0	0	0	0	8	0	0	0	0	0	0	0	0	0	0	0	0	0	0	0	0	0	0	0	2	0	0	1	0	0	0	0	0	0	0	0	0	0	0	0	0	0	0	0	0	0	0	0	0	0	0	0	0	0	0	0	0	0	0	1	0	1	0
OTU1137	0	0	0	0	0	0	2	1	0	0	0	1	0	1	0	0	1	0	1	0	1	1	2	0	1	0	21	1	8	16	16	0	3	5	3	0	5	84	0	0	4	2	1	3	1	0	5	3	9	4	2	6	3	5	10	9	5	22	5	0	0	0	2	0	87	53	32	86	61	11	16	5	5	2	12	21	0	10	0	13	12	5	0	3	7	3	20	3	0	4	0	1	2	10	6	4	30	0	2	0	0	1
OTU1138	0	0	0	0	0	0	0	0	0	0	0	1	0	0	0	0	0	0	0	0	1	1	0	0	0	1	0	1	0	3	0	1	0	0	0	0	0	0	0	0	0	0	1	0	0	0	0	3	9	1	0	6	0	2	12	5	9	3	4	0	0	1	0	1	107	74	27	88	8	0	0	0	0	2	0	4	0	0	1	0	0	0	3	0	2	0	0	0	0	0	0	0	1	0	3	2	0	1	3	2	34	49
OTU1139	0	0	0	0	0	0	0	0	0	0	0	0	0	0	0	0	0	0	1	0	1	0	0	0	0	0	0	0	0	0	0	0	0	0	0	0	0	0	0	0	0	0	0	0	0	0	0	0	0	0	0	0	0	1	0	0	0	0	0	0	0	0	1	0	0	5	1	0	0	0	0	0	0	0	0	0	0	0	0	0	0	0	0	0	0	0	0	0	0	0	0	0	0	0	1	6	5	0	42	101	199	163
OTU114	0	3	4	0	0	0	4	7	0	0	3	1	0	7	0	0	0	0	10	1	7	2	4	8	5	6	106	79	8	76	60	2	22	14	34	3	3	21	141	1	83	23	30	35	165	151	94	37	143	128	5	204	285	60	166	38	159	52	167	10	7	0	6	2	842	153	2161	137	1129	30	239	276	202	78	84	222	21	178	17	20	37	11	37	48	2	4	59	289	9	28	458	159	28	214	48	498	26	12	22	66	157	2
OTU1140	0	0	0	0	0	0	0	1	0	0	0	0	0	0	0	0	0	0	0	0	1	0	0	0	1	0	0	0	0	0	0	1	2	0	2	0	0	0	0	0	0	0	0	0	0	0	0	0	0	0	0	0	0	0	0	0	11	0	0	0	0	1	0	0	1	7	351	16	0	0	0	0	0	0	0	0	0	0	0	0	0	0	0	0	0	0	0	0	0	0	0	0	0	0	0	0	0	2	0	0	0	0
OTU1141	0	0	0	0	0	0	0	1	0	0	0	0	0	0	0	0	0	0	0	0	1	0	0	0	0	0	1	1	0	1	1	0	0	0	0	0	0	4	1	0	4	17	9	15	0	1	0	0	14	2	3	4	13	3	1	1	19	2	0	0	0	0	0	0	0	0	0	0	0	30	41	21	2	3	24	75	0	3	0	56	12	3	2	4	0	1	1	0	17	9	35	20	0	0	0	1	10	0	0	0	0	0
OTU1142	0	2	1	0	0	0	0	0	0	0	0	5	0	0	0	0	0	0	0	0	0	0	0	0	0	0	20	0	3	23	17	0	0	1	0	0	1	0	0	0	5	4	1	12	0	47	3	17	22	1	0	86	22	27	7	23	11	0	6	0	2	0	0	0	0	22	2	0	6	4	12	1	2	126	164	19	2	0	3	44	6	22	48	0	0	2	28	2	1	12	49	23	3	11	1	0	0	0	0	0	0	0
OTU1143	0	0	0	0	0	0	0	0	0	0	0	0	0	0	0	0	0	0	0	0	0	0	294	1	0	0	0	0	0	0	0	3	0	0	1	0	0	6	0	0	0	0	0	0	0	0	0	0	0	0	0	0	0	0	0	0	0	0	0	2	0	2	1	0	1	0	0	0	2	0	0	0	0	0	0	0	0	0	0	0	0	0	0	0	0	0	0	0	1	0	0	0	0	0	0	0	0	2	0	1	0	2
OTU1144	0	0	0	0	0	0	2	0	0	0	0	0	0	0	0	0	0	0	0	0	0	0	0	0	0	5	8	34	0	22	5	1	0	0	0	4	0	5	11	0	13	10	10	32	23	31	8	42	4	3	0	6	6	3	16	42	9	41	34	0	0	0	1	2	89	43	46	24	7	3	7	16	52	14	3	6	6	2	2	0	14	38	27	23	1	1	8	17	0	1	4	0	35	18	21	35	13	1	0	1	28	1
OTU1145	0	0	0	0	1	0	0	0	0	0	0	0	0	0	0	0	0	0	0	0	0	0	0	0	0	0	0	1	32	0	2	4	1	0	0	0	0	0	0	0	1	0	2	106	77	4	0	0	0	0	1	5	0	1	23	85	118	4	13	0	0	0	0	0	1	4	8	0	0	0	1	0	1	2	2	1	2	0	0	0	1	0	0	0	0	0	0	0	1	0	0	0	5	2	0	5	0	0	0	0	0	0
OTU1146	0	0	0	0	0	0	0	0	0	0	0	0	0	0	0	0	0	0	0	0	0	0	0	0	0	0	0	0	0	1	0	0	9	0	0	0	0	0	0	0	3	0	0	0	430	0	0	1	0	0	0	0	0	0	4	0	1	2	0	1	0	0	0	0	0	0	0	0	0	5	0	0	0	0	0	0	2	0	0	0	2	3	0	0	0	0	0	4	0	1	0	0	7	2	0	0	0	0	0	0	0	0
OTU1147	0	0	0	0	0	0	0	0	0	0	0	0	0	0	0	0	0	0	0	0	0	0	0	0	0	0	0	0	0	0	0	0	0	6	0	0	0	0	0	0	0	2	0	1	0	317	0	0	0	0	0	0	1	1	0	4	2	2	0	0	0	0	0	0	0	1	0	0	0	0	1	0	0	2	0	0	0	0	0	1	1	0	1	0	5	0	2	1	4	0	0	10	0	1	0	4	0	0	0	0	0	0
OTU1148	0	0	0	0	0	0	0	1	0	0	0	0	0	0	0	0	0	0	0	0	0	0	0	0	1	0	0	0	0	0	0	0	1	0	0	1	0	0	0	0	0	0	0	0	0	0	0	0	0	0	0	0	0	0	0	0	0	0	0	0	0	0	0	0	3	2	0	1	3	0	0	0	0	0	0	0	0	0	0	0	0	0	0	0	0	0	0	0	0	0	0	0	7	14	0	2	3	1	193	1	62	98
OTU1149	0	3	0	0	0	0	4	6	1	0	2	0	0	2	0	0	0	0	4	0	0	0	0	1	1	0	2	3	0	44	3	0	1	0	1	1	3	9	8	0	58	17	0	7	39	41	4	10	84	2	5	13	7	8	16	15	4	6	19	5	1	0	0	1	18	40	87	2	5	0	0	14	10	13	11	1	3	0	64	0	14	28	18	8	0	8	0	1	8	9	13	13	50	14	11	16	42	369	150	0	72	196
OTU115	0	2	0	3	0	1	0	0	2	1	1	3	1	2	3	0	0	6	0	0	0	0	1	0	0	0	1	17	124	9	261	0	0	0	48	0	5	1	3	3	4	4	1	2	4	0	10	8	6	1	0	17	5	14	23	8	61	13	8	0	0	0	0	3	1	0	5	0	0	0	821	8	5	5	1575	55	2029	204	8	4	9	18	4	0	6	3	2298	1036	1890	1	3	5	9	25	10	33	7	0	0	1	0	0
OTU1150	0	0	3	0	0	0	0	0	0	0	0	1	1	1	0	0	0	0	5	0	3	0	0	0	0	0	3	0	2	2	0	1	0	0	0	3	21	0	0	0	30	135	277	36	15	56	1	14	4	0	0	6	5	0	3	20	43	12	1	0	0	0	0	0	1	0	7	2	0	0	2	9	0	0	0	0	0	0	13	2	1	19	0	3	1	16	4	0	0	5	0	0	6	1	4	2	4	0	0	0	0	0
OTU1151	0	0	0	2	0	0	0	1	0	0	0	0	0	0	0	0	0	0	0	0	0	0	0	0	0	0	0	2	2	1	0	0	1	0	2	1	1	2	6	0	7	1	0	50	25	9	0	18	2	5	1	101	0	13	9	56	0	0	3	0	1	0	0	0	0	5	0	0	0	12	23	55	31	4	51	7	1	12	0	16	0	0	7	0	0	3	5	10	0	0	10	0	0	7	1	6	3	0	0	0	0	2
OTU1152	0	0	2	0	1	0	1	2	1	1	2	0	0	0	0	0	0	0	1	0	1	0	0	1	1	1	23	1	12	49	35	1	9	3	4	0	5	1	2	0	34	7	18	28	60	181	23	33	8	18	0	21	9	17	47	52	26	16	159	2	3	2	0	3	236	110	334	175	280	0	2	7	30	14	16	14	9	2	7	13	10	96	30	30	27	37	29	2	1	29	2	10	40	49	54	98	93	6	27	142	76	5
OTU1153	0	0	0	0	0	0	1	0	0	0	0	0	0	0	0	0	0	0	0	0	0	0	0	0	0	0	0	1	0	0	0	0	0	0	0	0	0	0	0	0	0	0	0	0	0	0	0	0	0	0	0	0	0	0	0	0	0	0	0	0	0	0	250	0	0	0	0	0	0	0	0	0	0	0	0	0	0	0	0	0	0	7	0	0	3	0	0	0	0	0	0	0	0	0	0	0	0	0	0	0	0	0
OTU1154	0	2	0	0	0	0	0	0	0	0	0	0	0	0	0	0	0	0	0	0	1	4	0	0	0	0	3	9	0	14	8	0	0	0	0	0	136	0	2	0	13	4	108	4	1	3	5	9	5	6	0	0	14	1	12	4	0	3	14	1	0	0	0	0	0	0	0	0	1	1	2	0	14	18	1	12	0	1	10	10	5	18	1	9	0	25	11	12	1	5	0	8	6	8	8	7	4	10	0	0	0	2
OTU1155	0	1	0	0	0	0	0	0	0	0	0	0	0	0	0	0	0	0	0	0	0	0	0	0	0	0	10	0	0	80	12	0	0	0	1	0	0	3	0	0	0	0	0	6	6	13	9	5	1	0	0	33	3	10	0	19	1	4	12	1	0	0	0	0	0	0	2	0	1	0	3	21	12	0	0	0	0	1	16	2	7	19	1	9	3	5	0	0	0	7	55	5	3	10	3	0	1	68	38	17	20	55
OTU1156	0	0	0	0	0	0	0	0	5	10	1	2	0	0	0	0	0	0	5	0	0	0	1	0	0	0	8	5	1	1	5	0	1	0	3	0	8	17	5	0	5	19	5	1	3	0	67	0	0	16	0	0	2	16	8	1	2	0	20	0	0	0	0	0	0	0	0	2	1	50	2	17	4	10	0	44	45	5	3	17	10	2	2	2	5	5	32	29	21	5	28	26	0	23	2	1	0	0	2	0	1	2
OTU1157	1	0	0	1	0	0	0	0	0	0	1	0	0	0	0	0	0	0	0	0	0	0	0	0	1	0	0	6	0	0	1	0	0	0	0	0	0	1	1	0	0	3	1	0	14	6	0	8	62	30	0	57	0	1	21	3	0	2	10	0	0	0	0	0	1	0	3	0	0	0	1	0	24	19	36	0	0	0	33	0	8	1	2	3	0	13	0	0	2	27	0	6	25	10	21	10	16	1	1	0	3	1
OTU1158	0	0	0	0	0	0	0	0	0	0	0	0	0	0	0	0	0	0	0	0	0	0	0	0	0	0	0	0	0	0	0	0	2	0	0	0	3	0	2	0	1	5	0	11	15	0	0	3	2	0	0	66	1	12	46	17	2	38	22	0	0	0	0	0	0	0	1	1	0	0	0	0	1	0	0	0	6	1	26	0	1	7	22	1	0	3	1	0	0	7	0	8	48	8	2	1	58	1	0	0	0	0
OTU1159	0	0	0	0	0	0	0	0	0	0	0	0	0	0	0	0	0	0	0	0	0	0	0	0	0	0	0	0	0	0	0	1	0	0	0	1	0	0	0	0	0	0	0	0	0	0	0	0	0	0	0	0	0	0	0	3	0	0	5	0	1	0	0	0	0	181	1	1	81	0	0	0	0	0	0	0	0	0	0	0	0	1	0	0	0	0	0	0	0	0	0	0	0	0	0	0	0	0	0	1	0	0
OTU116	0	5	4	0	0	0	10	4	2	2	4	1	0	4	1	0	2	3	11	0	8	0	2	13	0	0	175	93	114	563	106	0	20	10	15	1	160	128	614	0	360	590	228	144	467	761	184	138	210	285	62	48	115	126	219	351	267	245	130	0	1	1	0	1	36	163	115	70	68	77	274	170	253	98	437	571	113	211	107	5	159	372	166	322	158	150	171	238	593	125	108	150	211	69	182	404	340	870	3	137	257	366
OTU1160	0	0	0	0	0	0	0	0	0	0	0	0	0	0	0	0	0	0	0	0	0	0	0	0	0	0	0	2	0	0	0	2	1	0	0	1	0	0	0	0	0	0	0	0	0	0	0	0	0	0	0	0	0	2	0	3	0	0	1	0	3	0	0	0	0	9	5	7	9	0	0	0	0	0	0	0	0	0	0	0	0	2	0	0	0	0	0	5	0	0	0	0	0	0	5	1	4	0	0	140	0	183
OTU1161	0	0	0	0	0	0	0	1	0	0	0	0	0	0	0	0	0	1	0	0	6	2	0	0	6	0	5	14	0	3	8	0	0	1	0	0	6	3	0	0	42	5	11	10	7	12	25	0	10	2	0	8	2	0	4	15	1	13	2	0	0	0	0	1	0	0	0	5	36	0	1	0	2	3	2	25	8	4	12	1	2	31	8	3	4	2	1	0	1	4	2	36	0	1	8	11	4	0	0	0	0	0
OTU1162	0	0	1	0	0	0	0	0	1	0	0	0	0	0	0	0	0	1	0	0	0	0	0	0	0	0	2	0	339	0	0	0	0	0	0	0	0	25	0	1	0	0	0	0	1	1	0	0	0	0	0	0	1	8	1	0	0	0	0	0	0	0	0	0	0	0	0	0	2	13	212	10	0	1	0	5	13	118	0	22	1	0	0	0	0	1	0	2	29	0	0	0	0	1	2	0	1	0	0	0	0	0
OTU1163	0	1	0	0	0	0	0	0	0	0	0	0	0	0	0	0	0	0	1	0	0	1	0	0	0	0	14	31	49	4	5	1	0	0	3	1	13	1	23	0	10	9	15	8	12	26	7	3	0	22	5	1	21	7	15	22	23	3	12	2	0	0	0	0	2	33	0	10	38	10	0	0	7	6	3	1	10	25	2	4	4	27	3	11	1	4	35	15	21	12	6	11	98	7	10	26	2	4	0	0	0	0
OTU1164	0	0	1	0	0	0	0	0	0	0	0	0	0	0	0	0	0	0	0	0	0	0	0	0	0	0	1	0	161	0	3	0	0	0	3	0	13	3	0	0	0	2	0	1	0	0	0	0	0	0	0	0	0	1	3	0	260	1	2	0	0	0	0	0	0	0	14	0	1	0	10	0	1	0	0	3	17	1	0	0	1	0	1	1	2	0	0	52	0	0	0	3	0	1	0	0	1	0	0	0	0	0
OTU1165	0	2	0	3	0	0	1	0	0	1	0	0	0	2	0	0	0	0	0	0	1	0	0	0	0	0	1	0	0	0	0	0	1	2	0	0	0	0	1	0	0	2	2	0	12	0	1	0	26	1	0	9	1	33	2	0	0	8	8	1	0	0	0	0	5	0	1	0	2	0	0	2	21	0	0	4	0	2	47	0	6	2	4	0	0	16	0	4	0	0	8	11	7	44	13	2	23	0	43	1	41	45
OTU1166	0	0	0	0	0	0	5	0	0	0	0	0	0	0	0	0	0	0	0	0	0	0	0	0	0	0	7	3	0	8	3	0	1	0	0	0	0	3	0	0	0	2	0	3	17	5	1	0	3	2	1	4	0	0	0	0	1	0	1	0	0	1	0	0	15	0	0	0	1	0	0	45	13	42	1	1	0	0	1	0	108	1	3	39	6	0	0	0	2	0	26	3	0	0	12	22	25	3	0	0	0	0
OTU1167	0	0	0	0	0	0	0	1	0	0	0	0	0	0	0	0	0	0	0	0	1	1	0	0	1	0	0	0	0	0	0	2	0	0	5	0	0	0	0	0	0	0	0	0	1	0	0	0	0	0	0	0	0	0	5	1	0	6	3	2	1	2	0	0	116	6	46	71	85	0	0	0	0	0	0	0	0	0	0	0	0	2	0	0	0	0	0	0	0	0	0	0	0	0	0	0	0	0	1	0	0	0
OTU1168	0	3	0	0	0	0	0	1	0	0	0	0	0	0	0	0	0	325	1	0	1	3	0	0	1	0	1	2	8	1	17	0	0	1	5	1	124	4	1	0	45	12	15	0	1	34	7	13	8	7	4	1	5	5	83	7	30	55	9	0	1	0	0	0	5	0	0	2	1	4	14	2	0	0	0	79	27	75	9	6	16	12	22	11	16	15	40	13	71	10	3	5	7	7	11	90	2	0	2	3	2	0
OTU1169	0	1	0	0	0	0	0	0	0	0	0	0	0	1	0	0	0	0	0	0	0	0	0	0	0	0	2	1	0	1	0	2	0	0	1	0	13	6	0	0	11	15	69	2	0	1	1	2	3	11	0	14	6	0	0	0	1	0	1	0	0	0	0	0	20	11	1	6	38	0	9	0	0	0	0	26	0	76	28	7	7	0	3	0	3	0	3	0	3	4	21	0	0	9	0	0	0	0	0	0	8	0
OTU117	0	6	4	0	1	0	2	0	3	0	1	2	0	5	0	0	2	0	0	0	0	1	2	0	0	0	96	155	293	299	154	2	3	6	17	3	112	256	381	2	157	120	72	130	107	232	42	187	128	365	58	282	144	42	274	75	267	88	109	3	1	0	0	4	26	14	66	91	117	57	461	290	73	75	59	326	799	383	61	115	145	106	39	21	42	261	180	507	365	167	145	197	72	70	94	197	60	1	50	81	12	20
OTU1170	0	3	0	0	0	0	0	0	0	0	0	0	0	0	0	0	0	0	0	0	0	0	0	0	0	0	2	0	0	0	0	0	0	0	0	0	2	0	0	0	0	1	1	0	1	0	0	0	1	4	0	0	0	0	0	0	450	1	1	0	0	0	0	1	0	0	29	1	0	1	1	1	0	0	0	0	1	2	4	0	8	7	1	2	0	122	0	0	0	0	2	1	123	2	1	2	1	3	0	0	0	0
OTU1171	0	0	0	0	0	1	2	1	0	0	2	0	2	0	0	1	0	2	2	0	5	0	0	2	4	2	49	53	1	21	53	6	6	5	5	0	0	0	7	0	79	55	98	57	23	125	72	3	124	247	5	2	4	7	34	143	58	11	88	2	0	0	2	7	147	74	7	1	272	0	27	101	13	0	7	36	7	4	5	7	5	82	16	26	59	1	3	3	4	2	0	6	31	18	9	48	19	2	232	0	18	215
OTU1172	0	0	0	0	0	0	0	0	0	0	1	0	0	0	0	0	0	0	0	0	0	2	0	0	0	0	0	1	0	12	0	0	0	4	1	0	0	9	1	0	1	0	7	17	2	14	0	0	1	45	9	0	4	1	12	24	4	5	18	0	0	0	0	0	0	2	0	0	0	1	2	9	6	38	48	0	0	0	0	3	0	5	9	1	0	4	3	0	8	0	0	0	3	2	6	5	6	0	0	0	0	0
OTU1173	0	0	0	3	0	0	0	5	0	1	0	0	0	0	0	0	0	0	0	0	0	4	1	0	0	0	0	0	2	0	2	0	0	0	0	0	375	198	2	0	2	0	1	1	1	3	0	3	0	2	1	0	0	0	3	7	3	0	0	0	0	0	0	0	0	0	0	0	0	7	3	1	1	4	6	176	2	42	1	2	0	0	1	0	0	2	4	1	0	0	2	0	3	1	2	6	4	0	0	0	0	0
OTU1174	0	0	0	0	0	1	0	0	0	0	0	0	0	1	0	0	0	0	1	0	2	0	0	1	0	0	2	0	0	6	0	0	0	0	0	0	2	0	41	0	73	7	28	0	0	1	9	0	9	7	2	24	1	1	2	2	1	5	4	0	0	0	1	0	4	17	2	0	18	0	0	19	12	2	0	1	0	1	5	0	0	4	9	8	0	5	3	44	0	4	0	4	16	9	18	20	4	0	0	0	23	0
OTU1175	0	0	0	0	0	0	0	0	0	0	0	0	0	0	0	0	0	0	1	0	2	0	3	0	5	0	0	0	0	0	0	0	3	0	1	0	0	0	0	0	0	0	0	0	0	0	0	0	0	0	0	0	0	0	9	1	3	5	4	2	0	0	1	0	188	61	116	204	162	0	0	0	0	0	0	0	0	0	0	0	0	0	0	0	4	0	0	0	0	0	0	0	5	0	0	0	0	115	3	3	8	3
OTU1176	0	0	2	0	0	0	0	0	0	0	3	0	0	1	3	0	0	0	0	0	3	0	0	5	0	0	0	13	26	17	0	0	0	1	9	0	4	17	209	0	132	67	45	2	2	20	5	0	7	9	5	4	4	11	3	5	51	3	7	0	0	0	0	1	0	0	1	0	0	32	64	19	2	4	23	14	29	47	3	3	9	4	0	1	1	5	12	34	133	5	1	30	2	2	4	13	2	0	0	0	0	0
OTU1177	0	0	0	0	0	0	0	0	0	0	0	0	0	0	0	0	0	0	0	0	0	0	0	2	0	0	15	44	120	1	22	0	0	0	0	0	56	0	11	0	4	1	1	4	0	25	3	0	2	7	0	0	2	0	3	1	48	0	0	0	0	0	0	0	0	0	2	0	1	7	2	10	0	0	0	3	22	3	0	16	2	7	0	52	0	1	6	1	0	3	6	4	2	0	6	2	0	0	0	0	0	0
OTU1178	0	0	0	0	0	0	0	0	0	0	0	1	0	0	0	0	0	0	0	0	0	0	0	0	0	0	12	40	1	0	0	0	0	0	0	0	0	0	1	0	16	0	0	0	0	0	0	0	17	7	0	146	19	16	0	1	0	0	1	0	0	0	0	0	0	0	5	0	0	4	0	0	4	11	10	44	0	2	0	0	0	7	0	1	0	0	25	0	1	2	6	20	0	0	0	0	1	0	0	0	0	0
OTU1179	0	0	0	0	0	0	0	0	0	0	0	0	0	0	0	0	0	0	1	0	0	0	0	0	0	1	0	0	0	2	0	1	2	0	4	0	0	0	0	0	0	0	0	0	0	0	0	0	0	0	0	0	0	0	0	2	0	0	1	0	0	1	0	0	31	84	84	49	87	0	0	0	0	0	0	0	0	0	0	0	0	0	0	0	0	0	0	0	0	0	0	0	0	1	0	0	0	4	42	1	2	0
OTU118	0	11	17	4	0	0	0	5	1	4	3	6	0	7	0	1	0	2	3	0	0	5	7	4	0	2	5	0	0	3	2	0	0	0	28	1	252	521	449	10	12	8	7	6	13	12	21	7	11	0	19	18	8	53	15	7	833	19	4	0	0	6	1	3	0	0	21	3	9	1298	1921	122	3	172	5753	129	1045	376	3	74	29	17	8	29	3	17	268	411	1288	8	3	16	15	9	20	14	10	3	2	0	0	4
OTU1180	0	0	0	0	0	0	0	0	0	0	0	0	0	0	0	0	0	0	0	0	0	0	0	0	0	0	0	0	0	0	0	0	0	0	0	10	0	0	0	0	0	0	0	0	1	0	0	421	0	0	0	2	0	0	0	0	0	0	0	0	0	0	0	0	0	0	0	0	1	0	0	0	0	0	0	0	0	0	1	0	0	0	1	0	0	1	0	0	0	0	0	0	1	0	0	0	2	0	0	0	0	0
OTU1181	1	0	0	0	0	0	2	1	0	0	0	0	0	0	2	0	0	0	0	0	0	0	0	3	1	0	20	13	1	28	21	0	1	0	1	0	3	4	47	0	3	1	5	0	13	48	3	1	10	1	1	21	4	7	1	10	10	5	2	0	0	1	0	0	0	1	0	0	0	5	12	1	22	4	4	3	0	3	13	4	63	0	1	19	2	3	0	6	13	5	14	43	8	15	4	6	4	0	2	0	2	0
OTU1182	0	0	0	0	0	0	0	0	0	0	0	0	0	0	0	0	0	0	0	0	0	0	0	0	0	0	19	52	22	10	6	0	1	5	0	0	1	5	7	0	0	0	19	0	5	34	3	1	2	1	4	20	4	3	5	0	1	3	1	0	0	0	0	0	0	0	0	0	66	2	26	14	1	12	1	7	1	0	0	4	0	8	9	16	5	0	0	0	6	11	1	1	0	16	9	1	8	0	2	0	0	0
OTU1183	0	0	0	2	0	0	0	1	0	0	0	0	0	2	0	0	0	0	1	0	0	0	0	0	0	0	0	40	0	1	0	3	0	0	3	0	0	0	0	0	1	3	0	195	4	12	3	1	0	0	0	0	1	0	2	0	1	1	2	1	0	0	0	0	0	0	0	0	0	1	2	0	0	0	0	1	7	1	1	0	0	3	0	1	2	0	1	0	113	6	0	26	0	3	4	1	0	0	0	0	0	0
OTU1184	0	0	0	0	0	0	1	0	0	0	0	0	0	0	0	0	0	0	0	0	0	0	0	0	0	0	0	16	0	6	4	0	1	2	2	1	1	0	10	0	5	1	1	0	3	36	5	8	7	3	2	9	0	25	18	13	0	9	7	1	2	0	5	0	8	13	0	5	12	6	0	0	3	5	2	3	5	1	12	4	1	9	18	4	1	1	0	25	6	7	3	9	22	5	10	27	39	0	13	97	25	9
OTU1185	0	0	0	0	0	0	0	0	0	0	0	0	0	0	0	0	0	0	0	0	0	0	0	0	0	0	0	0	0	0	0	0	0	0	0	0	0	0	0	0	0	0	0	0	0	0	0	0	0	0	0	0	0	0	0	0	0	0	0	0	1	0	0	1	1	0	5	2	1	0	0	0	0	0	0	0	0	0	0	0	0	0	0	0	0	0	0	0	0	0	0	0	26	0	0	0	0	295	0	0	0	3
OTU1186	0	0	0	0	0	0	0	1	0	0	0	0	0	0	0	0	0	0	0	0	1	1	0	0	0	0	0	0	0	0	0	0	0	0	0	1	0	0	0	0	0	0	0	0	0	0	0	0	0	0	0	0	0	0	0	0	0	0	0	0	0	0	0	2	0	1	3	0	1	0	0	0	0	0	0	0	0	0	0	0	0	0	0	0	0	0	0	0	0	0	0	0	4	5	5	4	4	160	84	236	131	87
OTU1187	1	0	2	0	0	2	0	0	0	0	0	0	0	1	0	0	0	0	1	0	0	0	0	1	1	2	18	15	119	9	38	0	0	0	3	1	67	5	44	0	18	18	8	0	4	87	29	5	35	13	4	8	8	12	18	1	1	5	1	0	0	0	0	0	116	55	112	47	52	10	15	21	11	10	8	14	26	15	0	15	5	59	40	40	3	8	0	110	4	9	15	0	1	21	9	34	31	0	1	0	3	2
OTU1188	0	0	0	0	0	0	1	0	0	0	0	0	0	0	0	0	0	0	0	0	0	2	0	0	0	1	0	0	0	0	0	0	0	0	0	0	0	0	0	0	0	0	0	0	0	0	0	0	0	0	0	0	0	0	1	4	10	2	4	0	0	0	0	1	52	60	68	56	115	0	0	0	0	0	0	0	0	0	0	0	0	0	0	0	0	0	0	0	0	0	0	0	0	0	0	3	1	0	6	0	36	8
OTU1189	0	1	0	0	1	0	0	1	0	0	0	6	0	0	2	0	0	1	0	0	2	0	0	0	0	0	3	3	0	28	0	0	0	1	0	0	3	0	2	0	0	1	21	2	7	10	4	0	0	3	0	5	0	1	3	5	4	5	64	0	0	0	0	0	0	0	1	0	4	0	0	3	2	4	6	1	4	5	0	2	0	0	5	6	2	0	3	1	0	0	0	3	6	6	270	190	4	0	0	9	6	0
OTU119	0	10	4	0	1	1	0	5	2	0	5	10	3	0	1	1	1	4	0	0	2	0	1	2	0	1	179	218	1	2	680	0	11	0	1	12	1	2	4	0	15	7	13	9	53	4	14	564	3	6	1	21	4	42	72	10	17	16	1104	0	9	3	0	16	1156	4	6	0	21	3	7	10	11	71	9	9	27	14	1	7	6	15	812	384	23	150	17	15	4	12	3	89	991	1413	9025	1124	15	207	31	1172	86	4
OTU1190	0	0	0	0	0	0	0	0	0	0	0	0	0	0	0	0	0	0	0	2	0	0	0	0	0	0	0	0	0	0	0	0	0	0	4	0	0	0	0	0	0	0	0	0	0	0	23	0	0	1	0	0	0	4	0	8	0	7	0	0	0	0	0	1	0	0	0	2	19	0	0	0	0	0	0	0	0	2	0	0	0	0	2	2	0	0	0	0	0	0	0	3	7	2	5	1	3	214	24	0	40	81
OTU1191	0	0	0	0	0	0	1	0	1	0	0	0	0	0	0	0	0	0	2	0	1	0	0	2	0	0	0	1	0	0	1	0	0	0	2	1	1	0	2	0	0	1	0	2	0	7	1	6	1	0	0	0	0	0	0	2	0	6	2	1	0	0	0	0	0	20	0	41	0	0	1	0	0	0	0	0	0	0	0	0	3	0	12	18	13	1	0	1	0	0	5	0	2	5	1	5	1	115	0	126	2	1
OTU1192	0	0	0	0	0	0	0	0	0	0	0	0	0	0	0	0	0	0	0	0	0	0	0	1	0	0	0	0	0	0	0	0	0	0	0	0	0	0	0	0	0	0	0	0	0	0	0	0	0	0	0	0	0	0	0	0	0	0	0	0	0	0	0	0	0	0	0	0	0	0	0	0	0	0	0	0	0	0	0	0	0	0	0	0	0	0	0	0	0	0	0	0	0	0	0	0	0	0	0	283	0	0
OTU1193	0	0	0	0	0	0	0	0	0	0	0	0	0	0	1	0	0	0	0	0	0	0	0	0	0	0	0	0	2	0	0	0	0	0	0	0	0	0	3	0	0	1	0	15	10	0	0	2	2	0	0	7	0	4	7	113	8	41	22	0	0	0	0	0	2	3	0	39	0	1	0	0	0	0	0	3	0	0	0	1	1	27	1	0	0	2	0	0	0	0	0	0	30	0	5	2	98	1	0	0	0	4
OTU1194	0	3	5	2	0	1	0	6	0	0	1	2	0	4	2	0	0	0	2	0	0	1	0	0	0	0	456	6	120	8	795	0	9	4	12	0	173	35	66	2	84	34	35	0	11	84	20	0	0	135	3	10	26	11	8	14	58	9	7	0	0	1	0	6	0	0	0	0	0	31	159	123	3	15	27	59	94	269	12	13	27	9	10	3	44	7	174	231	195	2	2	6	9	38	16	90	8	0	0	0	1	0
OTU1195	0	2	0	0	0	0	0	0	0	0	0	0	0	0	0	0	0	0	0	0	4	0	0	0	0	0	0	0	0	1	0	1	0	0	0	0	0	0	4	0	0	1	98	34	2	0	0	2	0	1	0	0	0	0	0	1	103	0	35	0	0	0	0	0	0	2	0	0	2	0	1	0	0	0	0	0	0	1	5	1	0	1	3	0	0	1	23	0	0	1	10	3	28	58	1	2	1	0	2	0	0	0
OTU1196	0	0	0	0	0	0	0	0	0	0	0	0	0	0	0	0	0	0	0	0	1	0	0	0	0	0	0	0	0	0	0	0	0	0	1	0	0	0	0	0	0	0	0	0	0	0	0	0	0	0	0	0	0	0	2	2	0	0	0	0	0	1	0	0	32	91	30	36	0	0	0	0	0	0	0	0	0	0	0	0	0	0	0	0	0	0	0	0	0	0	0	0	0	0	4	1	0	0	63	65	1	1
OTU1197	0	0	0	0	0	0	0	0	0	0	0	0	0	0	0	0	0	0	2	0	0	0	0	0	1	0	0	0	0	0	0	0	1	0	0	0	0	0	0	0	0	0	0	0	0	0	0	0	0	0	0	0	0	0	0	0	1	0	0	0	0	0	1	2	90	159	156	11	8	0	0	0	0	0	0	0	1	0	0	0	0	0	0	0	0	0	0	0	0	0	0	0	0	0	0	0	0	3	0	2	5	0
OTU1198	0	0	0	0	0	0	0	0	0	0	0	0	0	0	0	0	0	0	0	0	0	0	0	0	1	0	0	0	0	0	0	0	1	0	0	0	0	0	0	0	0	0	0	0	0	0	0	0	0	0	0	0	0	1	0	0	1	0	0	0	1	0	0	6	0	0	0	0	0	0	0	1	0	0	0	1	0	0	0	0	0	0	36	0	0	12	0	0	0	0	0	3	0	0	0	4	1	0	41	75	148	54
OTU1199	0	0	0	0	0	0	0	3	0	0	0	0	0	0	0	0	0	0	0	1	0	0	0	0	0	0	1	34	5	4	10	0	0	0	0	3	0	0	0	0	0	0	0	2	6	0	0	0	0	2	0	0	0	2	7	1	0	3	2	0	0	0	0	0	0	0	0	0	0	10	0	2	2	0	0	0	0	0	0	0	0	1	0	4	1	22	0	0	0	1	0	0	0	0	27	0	2	0	1	175	9	0
OTU12	0	96	5	27	1	2	9	2	10	19	10	17	10	11	9	1	10	3	34	0	8	26	2	36	51	4	27	117	31	1175	27	63	105	16	15	56	2635	42	2970	3	9036	1825	598	5018	5025	313	25	3052	333	6403	1578	7059	33	897	8538	5823	94	2236	3284	57	39	65	30	36	116	113	116	57	56	23	55	916	26	55	59	71	287	100	2138	46	388	4604	6141	7133	1124	2025	87	121	38	2331	1202	33	576	251	110	470	629	2808	383	665	1896	1190
OTU120	0	6	0	0	0	0	62	17	2	0	1	4	0	1	1	0	0	0	8	2	23	4	12	2	6	12	273	134	321	219	72	14	22	7	36	9	21	19	31	0	44	12	157	70	183	137	41	89	26	36	9	103	67	36	134	98	195	165	130	4	4	6	8	12	1420	813	1075	750	1942	49	221	52	58	81	99	85	47	4	187	81	1615	106	129	52	51	39	36	85	88	50	39	66	102	96	70	154	87	333	669	92	900	337
OTU1200	0	1	0	0	0	0	0	0	1	0	0	2	0	0	1	0	0	0	1	0	0	2	3	0	0	1	0	15	0	2	33	0	0	0	0	0	10	4	10	1	33	18	19	0	4	41	11	0	0	9	4	7	0	6	4	0	0	4	13	1	0	0	1	2	72	61	79	79	219	2	0	0	11	6	6	9	3	4	0	14	5	2	14	15	2	21	1	0	3	18	6	4	11	5	4	28	4	1	1	0	3	55
OTU1201	0	0	0	0	0	0	0	0	0	0	0	0	0	0	0	0	0	0	0	0	0	0	3	0	0	0	0	3	0	5	3	0	0	0	0	0	0	0	0	0	23	14	39	8	6	44	1	14	0	1	0	3	0	0	4	15	7	8	4	0	0	0	0	0	50	6	30	11	40	0	0	4	9	13	2	2	3	7	6	1	36	5	7	0	4	4	4	7	0	0	4	2	14	6	12	7	19	0	19	26	0	47
OTU1202	0	0	0	0	0	0	0	0	0	0	1	0	0	1	0	0	0	0	0	0	0	0	2	0	0	0	0	0	0	0	0	9	0	0	0	1	0	1	0	0	0	0	0	182	7	6	0	15	0	0	0	1	0	1	8	49	0	1	9	0	0	0	0	0	0	5	0	0	1	0	0	0	0	3	0	0	0	0	0	0	0	0	1	0	0	0	0	0	0	1	0	0	89	1	0	9	1	0	0	0	0	0
OTU1203	0	0	0	0	0	3	4	0	0	0	1	0	0	2	2	0	2	0	4	0	6	3	0	1	1	4	21	7	0	5	36	2	7	2	10	0	10	9	2	1	74	4	1	96	19	6	2	7	1	22	0	56	37	5	556	16	24	46	80	2	3	2	0	0	192	2	221	11	151	0	6	65	27	18	61	36	0	16	107	104	90	11	6	174	2	2	40	28	12	29	2	43	12	6	125	171	12	5	4	37	25	27
OTU1204	0	0	0	0	0	0	0	0	0	0	0	0	0	0	0	0	0	0	0	1	1	0	1	0	0	0	0	0	0	0	0	0	0	1	0	0	0	0	0	0	1	0	0	1	2	0	0	0	0	0	0	53	0	0	5	6	5	5	6	1	0	2	0	0	112	72	118	79	104	0	0	0	0	0	0	0	1	0	0	0	0	8	2	0	0	1	13	0	1	1	23	11	0	0	0	1	3	2	2	44	7	6
OTU1205	0	0	0	0	0	0	0	0	0	0	0	0	0	0	0	0	0	0	0	2	0	0	0	1	0	0	0	0	0	0	0	0	0	0	3	0	0	0	0	0	0	0	0	0	0	0	0	0	0	0	0	0	0	0	0	0	0	0	6	0	0	0	0	1	9	0	4	13	219	0	0	0	0	0	0	0	0	0	0	0	0	0	0	0	0	0	0	0	0	0	0	0	2	9	2	0	3	80	26	1	9	56
OTU1206	0	0	0	0	0	0	0	0	0	0	1	0	0	1	0	1	0	0	3	0	0	2	0	3	0	0	16	21	11	4	16	1	3	0	0	2	15	5	1	1	54	3	23	0	0	2	0	5	2	2	0	18	0	36	1	1	1	0	6	0	0	0	0	0	0	0	0	1	0	2	7	12	8	11	22	0	1	3	20	0	11	6	53	2	12	40	13	0	19	7	3	1	1	6	2	14	2	0	40	16	50	154
OTU1207	0	0	0	0	0	0	0	0	0	0	0	0	0	0	0	0	0	0	0	0	2	0	0	1	0	0	0	0	0	0	0	3	2	0	0	0	0	0	0	0	0	0	0	0	2	0	0	0	0	0	0	0	0	0	1	4	2	0	0	0	0	0	0	0	0	3	17	16	0	0	0	0	0	0	0	0	0	0	0	0	0	0	0	1	0	1	0	0	2	0	0	0	0	1	0	16	0	3	30	8	338	9
OTU1208	0	0	0	0	0	0	0	0	0	0	0	0	0	0	0	0	0	0	0	0	0	0	0	0	0	0	0	0	0	0	0	0	0	0	0	1	0	0	0	0	0	0	0	0	0	0	0	0	0	0	0	0	0	0	3	1	4	0	0	0	0	0	0	0	85	131	173	34	0	0	0	0	0	0	0	0	0	0	0	0	0	0	0	0	0	0	0	0	0	0	0	0	0	0	0	0	0	0	0	0	0	0
OTU1209	0	5	0	0	2	1	0	0	8	1	1	1	0	1	0	1	0	1	1	0	0	1	0	1	1	0	4	4	5	8	3	0	0	1	1	0	10	7	33	0	22	22	28	4	16	27	7	5	7	4	1	13	13	24	4	34	6	2	8	1	1	0	1	1	2	16	8	10	16	7	15	8	5	6	12	10	21	38	13	8	7	16	5	3	1	18	11	16	24	9	27	15	10	13	3	23	18	7	1	5	5	2
OTU121	0	0	0	0	0	0	11	8	0	0	0	0	0	0	0	0	0	0	7	1	5	3	7	4	21	4	0	0	0	1	0	5	13	6	15	0	0	0	1	0	0	0	1	0	0	0	2	0	0	0	0	0	2	1	53	26	72	31	22	9	9	5	5	5	1752	1149	2953	1223	555	0	0	0	0	0	0	0	0	3	0	0	0	1	0	0	0	0	0	0	2	1	0	0	0	3	3	0	1	14	16	19	25	13
OTU1210	0	3	0	0	0	0	6	0	0	0	2	2	0	0	0	0	0	0	0	0	0	0	0	0	0	0	7	0	1	4	1	0	4	0	0	0	0	11	0	0	23	0	1	0	22	0	1	0	0	0	0	0	0	0	4	1	2	0	1	0	0	0	0	0	0	0	0	0	0	2	0	30	6	2	0	0	1	1	3	6	234	0	1	0	0	2	5	0	1	0	2	26	0	18	0	1	1	1	3	0	0	0
OTU1211	0	0	0	0	0	0	0	1	0	0	0	0	0	0	0	0	1	2	5	0	0	2	0	0	0	0	0	0	0	0	0	0	0	0	2	0	0	0	0	0	0	0	0	1	0	0	0	5	0	0	0	2	0	1	3	0	4	3	3	0	0	0	0	0	4	41	18	1	0	0	0	0	2	0	0	0	0	0	1	0	0	0	2	0	0	9	0	0	0	0	0	0	12	6	6	2	11	3	12	0	185	51
OTU1212	0	0	0	0	0	0	0	0	0	0	0	0	0	0	0	0	1	0	0	0	0	0	0	2	0	0	0	1	0	26	1	0	0	0	1	0	2	0	0	0	0	0	0	2	19	0	13	12	11	1	0	41	6	3	2	21	3	19	17	0	0	0	2	0	12	31	1	1	5	1	3	15	40	4	1	0	3	0	1	0	3	20	3	2	4	1	0	3	1	13	2	10	42	9	2	10	34	0	67	41	60	113
OTU1213	0	0	0	0	1	0	0	0	0	0	0	0	0	0	1	0	0	0	0	0	0	0	0	2	0	0	2	1	0	7	0	0	0	0	0	4	0	0	31	0	0	0	1	0	0	4	2	44	5	1	0	10	0	2	1	3	0	2	0	0	0	0	0	0	0	1	0	0	0	0	0	2	7	4	0	0	1	0	1	1	2	3	0	5	2	0	5	0	0	2	16	36	5	36	8	16	124	160	1	3	0	2
OTU1214	0	0	0	0	0	0	0	0	0	0	0	0	0	0	0	0	0	0	0	0	0	0	0	0	0	0	1	0	0	60	0	0	1	0	1	0	0	0	0	0	20	9	2	1	34	6	1	11	2	1	0	38	0	5	66	0	0	0	17	0	2	0	0	3	3	0	0	0	0	0	0	21	0	2	0	2	0	0	28	0	2	6	31	2	3	6	1	0	0	0	1	18	75	20	0	33	2	1	0	2	1	0
OTU1215	0	0	0	0	0	0	0	0	0	0	0	0	0	0	0	0	0	0	0	0	0	0	0	0	0	0	0	1	0	5	3	0	0	0	0	0	14	1	9	0	0	0	0	3	0	1	2	0	0	13	0	0	0	0	1	0	91	3	2	0	0	0	0	0	0	0	0	0	0	0	0	0	0	0	46	3	174	9	2	13	0	0	1	0	2	0	0	41	0	0	0	4	1	1	3	1	3	0	0	0	0	0
OTU1216	0	0	0	0	0	0	1	0	0	0	0	0	0	0	0	0	0	0	0	0	1	0	3	0	0	1	0	0	0	0	0	0	0	0	0	0	53	0	0	0	0	0	0	0	53	4	0	0	0	0	0	1	0	1	2	2	9	0	6	2	1	0	0	0	69	31	122	7	110	0	0	0	0	0	0	50	0	2	3	1	0	2	2	11	6	2	0	0	0	16	0	0	4	30	3	34	43	0	156	1	44	6
OTU1217	0	0	0	0	0	0	0	0	0	0	0	0	0	0	0	0	0	0	1	0	0	0	1	2	0	0	0	0	0	0	0	0	0	0	6	0	0	0	0	0	0	0	0	0	2	0	0	0	0	0	0	0	0	0	0	1	8	0	0	2	0	1	0	2	3	107	282	40	5	0	0	0	0	0	0	0	0	0	0	0	0	0	0	0	0	0	0	0	0	0	0	0	0	0	0	4	1	0	2	0	103	31
OTU1218	0	0	0	0	0	0	0	0	0	0	0	0	0	0	0	0	0	0	0	0	0	0	0	0	0	33	0	0	0	0	0	0	0	0	0	0	0	0	0	0	0	0	0	0	0	0	0	0	0	0	0	0	0	0	3	0	0	0	4	0	0	0	0	2	53	137	1	1	98	0	0	0	0	0	0	0	0	0	0	1	0	0	0	0	0	0	0	0	0	0	0	0	0	0	0	0	0	0	0	4	0	0
OTU1219	0	0	0	0	0	2	0	0	0	0	0	0	0	3	0	1	0	0	0	0	0	0	0	0	1	2	23	11	0	0	19	0	1	0	0	0	0	0	0	2	40	43	14	32	24	6	17	2	5	0	0	3	1	5	5	20	16	16	15	0	0	0	1	0	0	0	0	0	0	0	1	1	3	19	25	5	2	1	18	4	14	7	21	8	7	6	0	2	0	12	7	7	16	1	69	32	41	0	0	0	0	0
OTU122	0	12	5	0	0	0	6	0	0	0	0	7	0	1	0	0	0	0	0	0	2	3	1	0	14	1	3	382	4	7	5	0	0	0	84	0	100	4	16	1	18	118	208	6	6	9	35	10	66	327	1	126	21	82	29	14	16	16	26	0	2	0	0	0	0	0	7	4	0	313	465	7	87	19	371	14	15	18	348	165	155	21	211	10	2	12	186	3843	1105	219	1	8	13	14	18	25	24	0	0	0	4	0
OTU1220	0	0	0	0	0	0	0	0	0	0	0	0	0	0	0	0	0	0	0	0	3	0	0	0	1	0	2	0	0	2	7	0	2	0	0	1	2	0	1	0	0	0	0	0	0	38	0	20	0	0	1	0	0	0	4	9	10	18	4	0	0	2	0	0	1	289	3	2	4	0	2	1	0	0	0	3	4	1	2	0	0	0	0	28	22	0	0	0	0	0	0	2	160	0	6	21	9	60	1	1	65	90
OTU1221	0	0	0	0	0	0	0	0	0	0	0	0	1	0	0	0	0	0	0	0	0	1	0	0	0	0	27	34	30	26	16	1	0	0	2	3	27	24	18	0	21	14	11	43	31	18	21	24	10	34	8	73	20	12	12	26	15	13	30	5	0	0	0	3	40	60	58	54	46	6	7	27	22	33	8	14	29	12	28	8	15	39	42	9	48	26	15	44	13	16	29	14	33	13	32	48	63	144	28	44	12	58
OTU1222	0	0	0	0	0	0	0	1	0	0	0	0	0	1	0	0	0	0	0	1	0	0	0	0	0	0	0	0	0	0	0	2	0	0	0	0	0	0	0	0	0	0	0	1	0	0	0	2	0	3	0	36	0	6	0	0	4	18	0	1	1	0	0	1	18	26	21	5	15	0	0	0	1	0	0	0	0	0	1	0	0	0	8	0	0	8	0	0	0	5	0	0	2	2	2	0	0	33	5	20	24	51
OTU1223	0	0	0	0	0	0	0	0	0	0	0	0	0	0	0	0	1	0	0	0	2	0	0	0	0	0	0	4	0	12	0	0	1	0	0	0	0	0	0	0	0	9	0	0	4	0	0	0	0	7	0	0	6	0	0	0	7	0	0	0	0	0	2	1	30	25	238	24	35	0	0	0	0	0	0	0	0	0	0	0	0	0	0	0	0	0	0	0	0	5	6	0	0	0	0	1	13	0	34	0	0	120
OTU1224	0	0	0	0	0	0	0	0	0	0	0	0	0	0	0	0	0	0	0	0	0	0	0	0	0	0	0	0	0	0	0	0	0	0	0	0	0	0	0	0	0	0	0	0	0	0	0	0	0	0	0	0	0	0	0	0	0	0	0	0	0	0	0	0	0	0	0	1	0	0	0	0	0	0	0	0	0	0	0	0	0	0	0	0	0	0	0	0	0	0	0	0	0	0	0	0	0	279	0	0	0	0
OTU1225	0	0	0	0	0	0	0	0	0	0	0	0	0	0	0	0	0	0	0	0	0	0	0	0	0	0	0	0	0	0	0	0	0	0	0	0	0	0	0	0	0	0	0	0	0	0	0	0	0	0	0	0	0	0	0	0	0	0	0	0	0	0	1	0	0	0	0	0	0	0	0	0	0	0	0	0	0	0	0	0	0	0	0	0	0	0	0	0	0	0	0	0	0	0	0	0	0	0	0	254	0	0
OTU1226	0	2	1	2	0	2	3	0	0	0	0	1	0	0	0	1	1	0	0	0	6	0	1	1	0	1	55	28	212	17	25	0	0	0	0	0	46	2	5	0	12	8	11	8	6	14	4	2	11	10	4	6	7	9	3	9	23	4	1	0	1	0	0	1	7	0	26	2	13	0	5	6	1	8	8	15	7	3	0	91	0	4	8	19	5	5	30	21	3	8	19	8	5	14	63	31	5	0	0	2	3	0
OTU1227	0	0	0	0	0	0	0	0	0	0	0	0	0	0	0	0	0	0	0	0	0	251	0	0	0	0	0	0	0	0	0	0	0	0	0	0	5	0	0	0	0	0	0	0	0	0	0	0	0	0	0	0	0	0	0	0	0	0	0	0	0	0	0	0	0	0	0	0	0	0	0	0	0	0	0	0	0	0	0	0	0	0	0	0	0	0	0	0	0	0	0	0	0	0	0	0	0	0	4	1	1	0
OTU1228	0	0	0	0	0	0	0	0	0	0	0	0	0	0	0	0	0	0	0	0	0	0	0	0	0	0	0	0	0	0	1	0	6	0	0	0	0	0	10	0	0	0	2	2	98	1	1	0	0	0	0	0	0	2	6	0	0	0	0	0	0	11	0	0	0	0	0	0	0	47	0	0	5	31	3	0	1	0	0	0	2	0	3	325	0	0	0	0	1	0	0	14	0	2	1	2	0	0	0	0	0	0
OTU1229	0	1	0	0	0	0	4	0	0	0	0	0	0	0	0	0	0	2	1	0	1	0	0	0	0	0	0	0	0	0	2	0	0	0	0	0	0	2	0	0	166	68	42	21	23	71	2	3	15	0	0	1	0	6	27	12	23	4	3	0	1	0	0	0	0	0	1	0	0	0	45	2	0	1	43	0	4	4	1	1	9	11	14	0	0	0	0	0	0	0	2	6	43	6	3	11	6	2	0	7	11	7
OTU123	0	6	7	3	3	1	3	1	5	2	5	4	2	5	3	4	0	1	9	0	2	33	3	6	6	5	13	4	8	10	5	0	1	5	12	4	3629	118	165	2	47	406	31	16	16	18	4	11	46	7	31	103	33	277	46	23	31	31	27	4	3	0	1	5	161	103	9	501	63	959	193	59	37	42	450	88	1067	61	182	552	52	141	6	5	12	20	1165	35	401	37	112	33	31	22	33	37	16	523	1	5	7	3
OTU1230	0	0	0	0	0	0	0	0	0	0	0	0	0	0	0	0	0	0	0	0	0	0	0	0	0	0	0	0	0	0	0	0	0	0	0	0	0	0	0	0	0	0	0	0	0	0	0	0	0	0	0	0	0	0	0	0	0	0	0	0	0	0	0	0	28	1	26	37	24	0	0	0	0	0	0	0	0	0	0	0	0	0	0	0	0	0	0	0	0	0	0	0	0	0	0	0	0	57	44	140	0	0
OTU1231	0	0	0	0	0	0	0	0	0	0	0	0	0	0	0	0	0	0	0	0	0	0	0	0	0	0	0	0	0	0	0	0	0	0	0	0	0	0	0	0	0	0	0	0	0	0	0	0	0	0	0	0	0	0	0	0	0	0	0	0	0	0	0	0	0	0	0	1	0	0	0	0	0	0	0	0	0	0	0	0	0	0	0	0	0	0	0	0	0	0	0	0	2	0	0	0	0	367	0	0	0	0
OTU1232	0	0	0	0	0	0	0	0	0	0	0	0	0	0	0	0	0	0	0	0	0	0	0	0	0	0	0	0	0	0	0	0	1	0	0	0	0	0	0	0	0	0	0	0	0	0	0	0	0	0	0	0	0	0	0	0	0	0	0	0	0	0	0	0	0	0	0	0	0	0	0	0	0	0	0	0	0	0	0	0	0	0	0	0	0	0	0	0	0	0	0	0	0	0	0	0	0	0	0	299	0	0
OTU1233	0	3	0	0	0	0	0	0	1	0	2	2	0	0	0	0	0	0	0	0	0	0	0	0	0	0	0	0	0	0	82	0	0	0	0	3	1	0	0	0	0	0	2	0	0	0	1	51	0	0	0	0	154	27	4	0	1	2	1	0	0	0	0	4	0	0	0	0	0	0	0	1	0	5	0	0	0	0	0	0	3	0	0	9	0	2	12	0	0	12	0	10	0	94	3	17	1	0	7	0	0	0
OTU1234	0	289	0	0	0	0	0	0	1	0	0	0	0	0	0	0	0	0	0	0	0	0	0	0	46	0	0	0	0	0	0	0	0	0	0	0	0	0	0	0	0	0	0	0	0	2	0	0	3	0	0	0	0	0	1	0	0	0	0	0	0	0	0	0	0	0	0	0	1	0	0	0	0	0	0	0	0	0	3	0	0	0	0	0	0	0	0	0	2	0	0	0	0	0	0	0	0	0	0	0	5	0
OTU1235	0	0	2	0	0	0	7	0	1	0	0	1	0	0	0	0	0	0	0	0	0	0	0	0	2	0	1	0	0	0	0	0	0	0	1	0	0	0	0	0	1	0	16	0	6	0	1	1	24	2	0	3	2	10	0	6	0	0	2	1	0	0	0	0	0	4	0	0	0	0	0	1	4	9	0	0	0	2	43	0	149	5	1	0	0	9	0	0	0	4	0	0	6	2	0	6	0	1	0	3	1	18
OTU1236	0	0	0	0	0	0	0	0	0	0	0	0	0	0	337	0	1	0	0	0	0	0	0	0	0	0	0	0	0	0	0	0	0	0	0	0	0	0	0	0	0	2	1	0	0	0	0	0	0	0	0	0	1	0	1	1	0	0	2	0	0	0	0	0	0	0	0	0	0	0	2	0	1	0	0	0	0	0	0	0	0	4	0	0	0	0	0	0	1	0	0	0	0	0	0	0	1	0	0	0	9	0
OTU1237	0	0	0	0	0	0	0	0	0	0	0	0	0	0	0	0	0	0	4	0	1	0	0	0	0	0	0	0	0	10	2	0	0	0	2	0	0	0	0	0	0	4	1	0	0	8	1	2	0	3	0	0	0	0	14	7	4	3	5	0	0	0	0	1	217	4	51	6	162	0	0	0	13	0	12	0	0	0	8	0	0	6	1	0	1	1	0	0	2	3	4	2	0	0	4	5	2	0	4	0	0	24
OTU1238	0	0	1	0	2	0	0	3	0	0	0	1	0	1	0	0	0	0	1	0	5	2	0	1	0	1	6	7	1	19	6	3	16	4	8	1	16	1	1	0	34	7	69	7	49	35	18	6	8	17	5	26	11	10	23	11	10	17	4	5	0	6	3	0	142	32	8	3	29	0	0	12	21	7	6	32	12	2	32	7	26	24	17	20	15	20	4	6	0	14	40	15	44	18	67	13	59	609	92	69	121	256
OTU1239	0	0	0	0	0	0	0	1	0	0	0	0	0	0	0	0	0	0	2	0	0	0	0	0	0	0	19	8	18	8	23	0	0	0	0	0	24	3	7	0	26	6	1	0	0	6	4	11	9	9	0	9	0	10	1	0	2	3	2	0	0	0	0	1	29	8	39	0	12	0	20	0	4	7	5	18	5	9	12	2	0	8	9	7	0	4	17	24	2	6	2	1	1	6	7	20	2	3	1	2	0	20
OTU124	10	5	9	2	0	8	19	42	2	1	116	4	10	5	3	2	3	0	29	7	16	39	13	22	37	23	213	144	381	71	335	21	62	12	50	21	684	739	244	2	489	74	123	304	377	218	69	322	104	139	64	440	145	108	271	301	284	226	619	25	11	14	13	36	1496	1074	1110	579	1652	312	320	75	253	162	178	127	138	779	331	128	222	355	221	115	248	164	197	221	372	202	92	304	618	302	703	1064	265	1721	717	2201	1412	1051
OTU1240	0	0	0	0	0	0	0	0	0	0	0	0	0	3	0	0	0	1	0	0	0	0	0	0	0	0	12	50	0	22	0	0	0	0	1	0	7	22	57	0	19	14	13	0	0	1	0	0	0	19	0	0	0	2	0	1	1	1	0	0	0	0	0	0	0	0	0	0	0	0	2	40	0	0	22	0	17	85	0	0	4	1	0	0	0	0	15	0	18	0	0	0	0	0	0	3	0	0	0	0	0	0
OTU1241	0	0	0	0	0	0	0	0	0	0	0	0	0	0	0	0	0	0	0	0	0	0	0	0	0	0	0	0	13	0	0	0	0	0	0	0	0	12	25	0	2	1	0	0	0	0	1	0	0	0	0	0	2	0	2	0	23	1	0	0	0	0	0	0	0	0	2	0	2	3	155	0	0	0	0	9	151	28	2	49	0	5	0	0	0	6	17	4	1	0	0	0	0	2	0	1	3	0	0	0	0	0
OTU1242	0	0	1	0	0	0	7	5	0	0	0	2	0	0	0	0	0	0	6	0	0	2	1	1	12	0	36	121	3	9	6	0	6	9	6	0	11	10	0	0	42	4	22	84	78	84	60	10	96	22	2	48	18	10	79	18	34	40	101	4	1	2	4	3	18	28	26	10	18	2	6	5	3	6	3	155	34	4	28	15	35	95	72	53	21	7	4	41	7	6	7	56	162	30	190	101	49	269	235	54	22	94
OTU1243	0	0	0	0	0	0	0	0	0	0	0	0	0	0	0	0	0	0	0	0	0	0	0	0	1	0	0	0	0	0	0	0	0	0	2	0	0	13	7	0	0	0	0	2	0	0	1	0	0	0	4	2	0	1	0	0	9	0	0	0	0	0	0	0	0	0	0	0	0	38	64	0	0	1	363	0	47	13	0	6	1	0	0	0	0	3	11	21	30	0	0	0	0	0	0	1	0	0	1	0	0	0
OTU1244	0	1	1	0	0	0	16	1	0	0	1	0	1	0	0	0	0	0	0	0	1	0	0	0	0	1	3	0	8	3	14	2	0	2	0	0	10	5	15	0	34	1	12	209	13	125	10	1	7	4	1	3	2	6	62	115	40	12	19	1	1	0	1	0	53	21	266	40	3	16	3	11	32	26	10	5	10	2	20	2	263	94	4	6	18	3	1	29	4	4	0	14	2	2	8	17	7	2	51	2	230	17
OTU1245	0	0	0	0	0	0	0	0	0	0	0	0	0	0	0	0	0	0	0	0	0	0	0	0	0	0	0	0	0	0	0	0	0	0	0	0	0	0	0	0	0	0	0	0	0	0	0	0	0	0	0	0	0	0	0	0	0	0	0	252	0	0	0	0	0	1	1	2	0	0	0	0	0	0	0	0	0	0	0	0	0	1	0	0	0	0	0	0	0	0	0	0	0	0	0	0	0	0	0	0	0	0
OTU1246	0	0	0	0	0	0	1	2	0	0	0	0	0	0	0	0	0	0	0	0	2	0	0	3	4	0	0	0	0	0	0	0	1	1	0	0	0	0	0	0	0	0	0	0	0	0	0	0	0	0	0	0	0	0	0	0	0	6	0	0	0	2	0	0	0	1	1	489	1	0	0	0	0	0	0	0	0	0	0	0	0	0	0	0	0	0	0	0	0	0	0	0	0	0	4	17	4	0	1	160	586	105
OTU1247	0	0	0	0	0	1	0	2	0	2	0	0	1	0	0	0	0	0	4	0	0	0	0	0	0	0	0	0	0	1	0	0	0	0	4	0	0	6	2	1	2	89	0	2	3	5	187	0	4	0	0	1	0	2	2	5	2	1	5	0	0	0	0	0	0	0	0	0	0	4	0	2	8	3	38	62	0	0	0	0	1	2	0	1	0	4	66	105	0	0	0	2	0	4	6	21	98	0	0	0	0	0
OTU1248	0	0	0	0	0	0	0	0	0	0	0	7	0	0	0	521	0	1	0	0	0	0	0	0	0	0	0	5	0	0	0	0	0	0	0	0	0	0	0	0	0	0	0	0	2	0	0	0	0	0	0	0	0	0	3	3	3	0	1	0	0	0	0	0	0	1	0	0	0	0	0	0	0	0	0	0	0	0	1	0	0	0	0	0	3	0	0	4	0	4	0	2	1	0	0	3	1	0	0	0	0	0
OTU1249	0	0	0	0	0	0	0	1	0	0	0	0	0	1	0	0	0	0	0	0	0	0	0	0	0	0	0	0	0	1	0	0	3	0	1	0	0	0	0	0	0	0	0	0	2	0	0	0	0	0	0	0	1	0	1	0	0	0	3	0	0	0	0	0	51	29	55	22	70	0	0	0	0	0	0	0	0	0	0	0	0	0	0	0	0	0	0	0	0	0	0	0	0	0	0	3	0	26	58	0	80	23
OTU125	0	7	0	1	0	2	0	63	5	2	0	6	0	2	0	0	1	0	0	0	2	0	2	0	74	0	2	0	2	8	5	3	0	0	0	0	3	3	10	1	14	9	6	7	2	4	1	8	6	9	4	90	2	14	244	25	7	12	47	0	0	0	0	0	9	1	1	0	20	4	5	6	5604	8	45	14	30	9	2829	5	139	16	14	10	4	4	14	9	7	8	5	9	9	27	19	22	9	0	82	1	0	1
OTU1250	0	0	0	2	0	0	1	0	0	0	0	2	0	0	0	0	0	0	4	0	2	2	1	1	0	0	7	0	6	0	1	0	0	0	1	1	0	4	5	0	52	65	2	1	1	4	0	0	9	8	2	3	5	2	0	5	4	0	11	1	1	0	0	0	39	47	61	20	79	1	32	1	1	11	8	7	3	0	10	1	0	2	2	1	0	10	1	1	4	1	9	5	3	9	2	6	6	44	110	90	76	44
OTU1251	0	0	0	0	0	0	0	0	0	0	0	0	0	0	0	0	0	0	1	0	0	0	0	0	0	0	0	0	0	0	0	1	0	1	1	0	0	0	0	0	0	0	0	0	0	0	0	2	0	0	0	0	0	3	4	0	0	2	2	0	0	0	0	1	42	73	26	28	37	0	0	0	0	0	0	0	0	0	0	0	0	0	0	0	0	0	0	0	0	0	0	3	1	3	0	3	3	1	90	0	79	69
OTU1252	0	0	0	0	0	0	0	0	0	0	0	0	0	0	0	0	0	0	0	0	0	0	0	0	0	0	0	0	0	0	0	0	0	0	0	0	0	0	0	0	0	0	0	0	0	0	0	0	0	0	0	0	0	0	0	0	0	0	0	1	0	0	0	0	0	0	0	0	0	0	0	0	0	0	0	0	0	0	0	0	0	0	0	0	0	0	0	0	0	0	0	0	2	0	0	0	0	290	0	0	0	0
OTU1253	0	1	0	0	0	0	3	0	0	0	0	0	0	0	0	0	0	0	2	0	0	0	0	0	0	0	0	3	0	20	1	4	0	0	0	0	0	0	0	0	0	0	0	2	9	6	0	32	68	3	4	2	9	3	13	50	2	50	26	1	0	1	0	6	0	30	0	3	34	0	1	4	15	0	0	0	5	1	5	0	1	12	4	11	0	44	3	0	0	0	14	6	40	39	18	39	47	0	1	51	12	0
OTU1254	0	0	0	0	0	0	0	4	0	0	0	0	0	0	0	0	1	0	0	0	4	0	0	0	0	1	6	20	2	4	4	0	0	0	0	0	21	0	6	1	47	31	17	4	4	28	1	3	0	4	3	7	2	2	0	5	19	1	1	0	0	0	0	0	0	0	0	5	0	2	8	0	8	6	0	17	18	6	1	53	8	2	7	4	0	8	12	17	4	2	0	3	0	5	1	4	2	0	0	0	0	0
OTU1255	0	1	0	1	0	1	0	0	0	1	0	4	0	0	1	0	0	0	0	0	0	0	0	2	0	0	1	1	1	5	1	0	0	0	0	0	1	2	147	0	7	0	0	33	10	48	28	4	0	0	0	1	1	4	37	0	2	3	1	0	0	2	0	0	3	0	0	0	0	4	0	1	1	0	4	32	5	57	5	3	2	9	7	470	0	12	0	41	0	0	30	1	1	24	102	4	25	0	0	1	0	0
OTU1256	0	0	0	0	0	0	0	1	0	0	0	0	0	0	0	0	0	0	0	1	0	0	0	0	10	0	0	0	0	26	0	0	0	0	0	0	0	0	0	0	0	0	0	0	0	0	0	0	0	0	0	0	0	0	0	0	1	0	0	0	0	0	0	0	5	6	78	2	0	0	0	0	0	0	2	0	0	0	0	0	0	0	0	3	0	0	0	0	0	0	0	0	0	1	0	5	5	0	52	2	109	20
OTU1257	0	0	0	0	0	0	0	0	0	0	0	0	0	0	0	0	0	0	0	0	0	4	5	0	0	1	1	0	0	0	0	228	3	0	0	0	0	0	0	0	0	0	0	20	1	0	0	0	0	0	0	0	0	0	0	0	0	0	0	0	0	0	0	0	1	0	3	0	0	0	0	0	0	0	0	0	0	0	0	0	0	0	0	0	0	0	0	0	0	0	0	0	0	0	5	0	0	0	0	56	1	1
OTU1258	0	0	0	0	0	0	0	0	1	2	0	0	0	0	0	0	0	0	0	0	0	0	0	0	0	0	15	11	0	1	10	0	0	0	2	0	16	10	2	0	27	8	16	0	0	1	1	0	3	26	2	7	5	1	6	0	2	22	1	0	0	0	0	0	0	0	0	0	1	10	0	16	5	9	32	16	7	0	35	56	12	1	10	6	2	17	4	8	19	25	28	34	0	6	4	4	7	0	0	0	0	0
OTU1259	0	4	0	0	0	0	1	0	0	0	0	0	0	0	0	0	0	0	0	0	0	0	0	0	0	1	2	13	56	0	1	0	0	0	0	0	19	17	19	0	0	4	13	4	0	13	0	0	0	0	0	0	0	1	4	0	31	0	0	0	0	0	0	0	0	0	0	0	0	11	6	3	0	2	24	13	7	5	1	27	3	2	0	0	0	0	47	10	31	0	1	4	0	1	0	3	1	0	0	0	0	0
OTU126	0	1	2	0	0	569	0	0	0	3	0	50	0	0	1	6786	2578	6	3	0	1	0	0	1	1	0	8	1	5	5	4	0	0	0	849	0	2	0	4	0	11	4	5	7	8	5	25	3	5	4	2	8	1	5	17	23	18	12	27	1	550	6	1	31	10	1	7	16	20	2	14	14	3	9	2	15	13	2	7	6	11	11	34	2	9	6	23	18	2	6	5	15	27	16	6	19	7	3	2	12	21	0
OTU1260	0	0	0	0	0	0	0	0	1	0	1	0	0	0	0	0	0	0	0	0	0	0	0	0	0	0	1	0	0	0	0	0	1	0	0	0	0	0	0	0	0	0	0	1	20	33	0	0	52	1	0	13	1	3	0	26	1	13	1	0	0	1	0	0	0	3	1	0	0	0	0	0	13	0	0	1	5	1	0	1	3	5	9	18	21	4	0	0	2	14	2	0	34	25	14	20	10	0	2	0	0	0
OTU1261	0	0	0	0	0	0	0	0	0	0	0	0	0	0	0	0	0	0	0	0	0	0	0	0	0	0	0	0	0	0	0	0	0	0	0	261	0	0	0	0	0	0	0	0	0	0	0	2	0	0	0	0	0	0	0	0	0	0	0	0	0	0	0	0	1	0	0	0	1	0	0	0	0	0	0	0	0	0	0	0	0	0	0	0	0	0	0	0	0	0	0	0	0	0	0	0	0	0	0	2	0	0
OTU1262	0	1	0	0	0	0	0	0	1	0	0	0	0	1	0	0	0	0	0	0	0	0	0	0	0	0	0	0	0	0	0	0	0	0	0	0	0	2	0	0	0	0	0	0	0	0	0	0	0	0	0	0	0	0	0	0	0	0	0	0	0	0	19	0	0	0	0	0	0	2	0	0	0	0	0	0	0	0	0	0	0	0	0	0	814	0	0	0	0	0	0	0	0	0	0	0	0	0	0	0	0	0
OTU1263	0	0	0	0	0	0	0	0	0	0	0	0	0	0	0	0	0	0	0	0	0	0	0	0	0	0	0	0	0	0	0	0	0	0	0	0	0	0	0	0	0	0	0	0	0	0	0	0	0	0	0	0	0	0	0	0	0	0	0	0	0	0	0	0	0	0	0	0	0	0	0	0	0	0	0	0	0	0	0	0	0	0	0	0	0	0	0	0	0	0	0	0	0	0	0	0	0	0	0	267	0	0
OTU1264	0	0	0	0	0	0	0	1	0	0	0	5	0	0	0	0	0	0	0	0	0	0	0	0	0	0	0	0	0	8	0	0	0	0	0	0	0	0	0	0	0	0	0	0	0	0	0	0	0	0	0	0	0	0	1	0	0	0	0	0	0	0	0	0	0	0	0	0	0	0	0	0	0	8	0	0	0	0	11	0	0	0	0	0	0	0	0	0	0	0	0	0	0	0	2	0	0	0	0	1	140	130
OTU1265	0	0	0	0	0	0	0	1	0	0	0	0	0	0	0	0	0	0	1	3	0	0	0	0	0	0	0	0	0	0	0	0	0	0	0	0	0	0	0	0	0	0	0	0	0	0	0	0	0	0	0	0	0	0	1	1	0	0	0	0	0	0	0	0	0	47	2	52	0	0	0	0	0	0	0	0	0	0	0	0	0	0	0	0	0	0	0	0	0	0	0	0	0	0	0	0	9	0	60	0	33	157
OTU1266	0	0	0	0	0	0	0	4	0	0	0	0	0	0	0	0	0	0	0	0	0	0	5	0	0	2	2	9	0	13	6	0	0	0	2	0	2	0	0	0	0	0	2	0	5	6	0	0	1	1	2	15	3	2	7	5	8	3	4	2	0	0	0	0	1	24	78	0	40	0	0	0	4	11	0	27	8	0	0	2	6	0	9	4	1	4	1	0	0	3	13	0	2	4	0	16	3	181	0	1	2	39
OTU1267	0	0	0	0	0	0	0	0	0	0	0	2	0	0	0	0	0	0	0	0	0	0	0	2	0	0	0	7	0	0	0	0	0	0	3	0	34	0	39	0	0	2	0	9	11	0	2	0	5	0	0	0	3	0	1	3	13	0	15	0	0	0	1	0	0	0	0	0	0	10	0	0	1	6	0	2	3	2	0	3	1	5	13	4	17	8	13	54	0	16	0	0	0	6	2	15	26	1	0	0	0	0
OTU1268	0	0	0	0	0	0	0	0	0	0	0	0	0	0	0	0	0	0	0	0	2	0	0	0	1	1	0	0	0	0	0	2	0	0	0	0	0	0	0	0	0	0	0	0	0	0	0	0	0	0	0	0	0	0	0	0	0	5	5	3	0	0	0	0	1	6	46	38	185	0	0	0	0	0	0	0	2	0	0	0	0	0	0	0	0	0	0	0	0	0	0	0	3	0	0	0	0	0	0	2	0	0
OTU1269	0	0	0	0	0	0	0	0	0	0	0	0	0	0	0	0	0	0	0	0	0	0	0	0	1	0	21	6	59	29	9	0	1	1	0	0	3	5	4	0	4	0	6	20	6	11	2	0	0	0	0	50	1	5	14	28	1	3	15	0	1	0	0	1	0	1	0	0	0	19	90	5	23	2	4	17	0	0	0	3	0	8	0	4	0	2	1	0	3	3	6	0	21	0	2	10	11	0	0	0	0	6
OTU127	2	8	5	0	1	6	22	53	3	2	1	5	0	7	3	0	5	0	29	1	23	14	17	26	20	16	96	103	124	330	91	48	63	26	91	32	160	24	295	1	73	62	122	562	240	255	149	155	65	157	29	131	96	90	184	850	126	139	126	42	49	22	49	90	432	388	526	905	441	109	123	682	107	142	74	57	440	123	41	55	73	516	352	210	298	273	127	318	76	42	199	148	434	1509	318	266	273	656	28586	412	456	238
OTU1270	0	0	0	0	0	0	0	0	0	0	0	0	0	0	0	0	0	0	0	0	0	0	0	0	1	0	0	0	0	0	0	2	0	0	0	0	0	0	0	0	0	0	0	0	0	1	0	0	0	0	0	0	0	1	0	0	0	0	2	0	0	0	0	0	1	14	4	0	25	0	0	0	0	0	0	0	0	0	0	0	0	0	0	0	0	0	0	0	0	0	0	0	0	3	12	0	2	2	10	214	0	15
OTU1271	0	0	0	2	0	0	0	1	0	0	2	1	0	0	0	0	0	0	0	0	0	0	0	0	0	0	8	9	157	18	5	0	0	0	2	0	1	0	3	0	8	15	20	5	0	2	4	9	0	15	11	10	2	9	2	3	13	4	1	0	0	0	0	0	6	0	19	0	0	10	0	7	0	5	10	17	30	36	12	38	4	5	3	1	1	6	19	39	15	0	5	9	8	10	1	18	4	0	0	0	0	0
OTU1272	0	0	0	0	0	0	0	0	0	0	0	0	0	0	0	0	0	0	0	0	0	0	0	0	0	0	1	0	1	9	0	0	0	0	2	0	0	0	0	0	1	0	0	0	8	0	0	17	18	0	0	49	11	5	2	2	0	19	4	0	2	0	0	4	0	5	3	2	2	0	0	51	7	9	0	0	0	0	1	0	6	0	21	2	5	14	0	1	0	0	14	8	7	7	1	2	8	0	21	20	24	49
OTU1273	0	0	0	0	0	0	0	0	0	0	0	0	0	0	0	0	0	0	0	0	0	0	0	0	0	0	0	0	0	0	0	0	0	0	0	0	0	0	0	0	1152	0	0	0	0	0	0	0	0	0	0	0	0	1	0	0	0	0	0	0	0	0	0	0	0	0	0	0	0	0	0	0	0	1	0	0	0	0	0	0	0	0	0	0	0	0	0	0	0	0	0	0	0	0	0	0	1	0	0	0	0	0
OTU1274	0	0	2	0	0	0	0	0	0	1	0	0	0	0	0	0	0	0	0	0	0	0	0	0	1	0	2	5	0	12	10	0	0	1	0	0	0	0	0	0	11	2	2	7	16	37	5	55	3	0	2	6	0	1	16	57	20	62	57	0	0	0	0	0	0	4	2	7	3	4	0	3	4	5	0	1	39	4	20	6	0	9	0	1	4	13	1	17	12	14	19	28	61	5	14	14	3	0	0	0	2	0
OTU1275	0	4	0	0	0	0	0	0	0	5	1	0	0	0	0	0	0	0	0	0	1	0	0	0	0	0	0	2	0	0	1	1	24	0	0	0	0	0	0	0	2	1	293	0	815	2	1	3	1	1	12	10	4	17	0	0	0	1	3	0	0	0	0	1	0	0	0	0	0	0	2	0	27	396	0	0	0	0	0	2	0	0	7	5	1	24	0	0	0	303	129	269	5	330	1	175	6	0	8	0	6	0
OTU1276	0	0	0	0	0	0	0	0	0	0	0	0	0	0	0	0	0	0	0	0	0	0	0	0	0	0	0	0	0	1	0	0	0	0	0	0	0	1	0	0	0	0	0	15	0	0	0	0	0	0	0	0	0	0	1	0	0	0	118	0	4	0	0	0	0	1	0	0	0	0	0	0	0	0	0	0	2	0	0	0	0	1	0	0	0	1	0	3	0	0	0	0	7	0	0	0	5	2	98	0	1	243
OTU1277	0	0	1	0	0	0	0	0	0	0	1	0	0	0	0	0	0	0	0	0	0	0	0	0	0	0	0	0	0	0	0	0	0	0	0	5	0	0	0	0	1	0	0	0	0	0	0	10	0	0	0	2	0	0	2	0	3	13	0	3	0	0	0	0	0	0	0	0	0	3	0	0	1	0	0	1	1	0	0	0	1	391	0	3	1	4	1	0	1	0	1	0	6	0	2	0	0	0	0	0	0	0
OTU1278	0	1	1	0	0	2	0	0	1	0	1	0	0	0	0	0	0	0	2	0	1	0	0	0	1	0	0	1	0	8	0	0	1	0	0	0	0	0	0	0	0	4	4	0	3	0	0	0	2	0	0	0	5	0	6	1	2	3	5	0	0	0	0	0	6	47	58	98	98	0	0	0	0	0	0	0	0	1	0	0	0	0	2	0	0	0	5	1	0	0	0	0	0	4	0	1	0	0	0	0	7	0
OTU1279	0	0	0	0	0	0	0	0	0	0	0	0	0	0	0	0	0	0	0	0	0	0	0	0	0	0	0	0	0	0	0	0	0	0	0	0	0	0	0	0	0	0	0	0	0	0	0	0	0	0	0	0	0	1	0	0	0	0	0	0	0	230	0	2	3	0	0	0	0	0	0	0	0	14	0	0	0	0	0	0	0	0	0	0	0	0	0	0	0	0	0	0	0	0	0	1	0	0	0	0	0	0
OTU128	0	0	0	0	1	0	2	14	1	0	12	5	0	0	5	1	0	0	5	1	11	5	8	4	16	2	349	271	7	325	32	4	30	8	15	22	15	8	4	0	135	8	7	24	145	83	48	398	6	252	10	45	13	31	337	167	89	210	168	12	5	16	1	10	2199	920	787	1836	27	3	14	13	74	21	2	4	26	12	88	21	15	33	22	47	10	49	32	11	37	77	10	185	61	16	594	288	264	59	12	22	49	41
OTU1280	0	0	0	0	0	0	0	1	0	0	0	0	0	0	0	0	0	0	1	0	0	0	0	2	0	1	0	0	2	0	0	0	1	4	2	0	0	0	0	0	0	0	0	0	0	3	0	0	0	0	0	0	0	0	0	2	4	20	2	2	0	1	2	8	20	77	165	118	94	0	0	0	0	0	0	0	0	1	0	0	0	1	0	0	0	0	0	0	0	2	0	0	6	21	4	2	7	339	320	4	23	132
OTU1281	0	0	0	0	0	0	0	0	0	0	0	0	0	0	0	0	0	0	0	0	0	0	0	0	0	1	0	0	0	0	0	0	0	0	0	0	0	0	0	0	0	0	0	0	0	0	0	0	0	0	0	0	0	0	0	0	0	0	0	0	0	0	0	0	0	0	0	0	0	0	0	0	0	0	0	0	0	0	0	0	0	0	0	0	0	0	0	0	0	0	0	0	0	0	0	0	0	0	0	256	0	0
OTU1282	0	1	0	0	0	0	0	8	0	0	0	0	0	0	0	0	0	0	0	0	0	2	0	0	0	0	18	0	0	2	55	1	0	1	0	0	23	0	0	0	0	0	2	0	2	1	2	0	0	0	0	0	2	2	10	0	1	1	242	0	0	1	0	3	263	3	189	0	10	0	0	0	0	0	0	39	2	0	2	0	3	0	0	0	2	0	1	61	0	0	0	0	4	3	0	3	0	0	1	6	0	4
OTU1283	0	0	0	0	0	0	0	0	0	0	326	0	0	0	0	0	0	0	0	2	0	0	0	0	0	0	0	0	0	0	0	0	0	0	0	0	0	0	0	0	0	0	0	0	0	0	0	0	0	0	0	0	0	0	0	0	0	1	0	0	0	0	0	0	0	0	0	0	0	0	0	0	0	0	0	0	0	0	0	0	0	0	0	0	0	0	0	0	0	0	0	0	0	0	0	0	0	0	0	0	0	0
OTU1284	0	1	0	0	0	0	0	0	0	0	295	0	2	0	0	0	0	0	0	0	0	0	0	6	0	1	6	24	68	15	3	0	0	0	7	0	0	19	46	0	217	21	6	8	8	32	6	0	3	3	1	15	0	17	15	2	48	0	6	0	1	0	0	0	0	0	16	0	0	13	27	18	7	0	19	20	23	48	6	17	7	8	4	25	1	3	23	55	55	0	19	5	1	10	0	18	5	1	0	0	0	0
OTU1285	0	0	0	0	0	0	0	0	0	0	0	0	0	0	0	0	0	0	0	0	0	0	0	0	0	0	0	0	0	0	0	0	0	0	3	1	0	0	0	0	0	0	0	0	0	0	0	0	0	0	0	0	0	0	0	0	0	0	0	0	3	0	0	0	0	0	0	0	0	0	0	0	0	0	0	0	0	0	0	0	0	0	0	0	0	0	0	0	0	0	0	0	0	0	0	0	1	0	0	0	0	286
OTU1286	0	0	0	0	0	0	0	0	0	0	0	1	0	0	1	0	0	0	0	0	0	0	0	0	0	0	7	35	2	31	0	0	1	0	2	0	0	0	3	0	7	19	22	10	26	15	42	5	3	16	0	17	9	24	11	14	3	11	36	0	0	0	0	0	6	13	10	7	26	0	0	4	17	17	0	3	3	0	8	1	3	38	17	24	29	3	2	1	1	1	5	38	3	20	7	24	12	23	1	0	5	0
OTU1287	0	1	0	0	0	0	0	2	0	0	0	0	1	0	0	0	0	0	1	0	0	0	0	0	0	0	15	23	0	22	2	0	4	0	0	3	0	0	2	0	4	4	4	18	16	11	49	9	1	2	1	61	15	8	3	2	13	1	18	0	5	0	0	0	44	10	7	0	66	0	1	0	3	38	0	0	1	0	2	3	1	8	47	6	4	1	1	0	24	0	1	0	3	7	111	35	1	0	0	8	1	0
OTU1288	0	0	0	0	0	0	0	0	0	0	0	0	0	0	0	0	0	0	0	0	0	0	0	0	1	0	22	15	0	27	6	0	3	0	4	0	0	0	12	0	12	6	13	0	10	9	2	1	3	5	1	7	0	0	4	6	1	2	7	3	0	1	0	0	24	87	56	21	22	0	0	1	17	0	0	2	0	7	6	0	0	27	5	3	2	0	1	0	0	0	4	1	0	9	1	14	1	1	0	1	65	50
OTU1289	0	0	0	0	0	0	0	0	0	0	0	0	0	0	0	0	0	0	0	0	0	0	0	0	0	0	6	7	17	0	1	0	0	0	0	0	2	2	3	0	21	5	1	7	6	3	2	15	6	1	0	6	0	1	12	39	14	19	2	0	0	0	0	0	0	10	0	1	0	0	0	0	6	2	3	2	4	0	7	11	2	22	7	0	0	1	4	0	13	5	4	9	14	6	1	3	2	0	0	0	1	15
OTU129	0	3	0	1	0	8	3	3	0	0	6	4	0	0	2	2	0	0	2	0	1	1	1	0	3	0	9	10	8	7	3	14	20	2	5	2	4	8	18	1	10	4	7	164	361	14	6	106	12	19	0	755	11	11	139	148	48	588	1386	14	10	3	10	22	112	227	330	37	225	0	72	12	137	100	6	10	84	5	20	4	11	253	192	176	223	177	11	10	28	47	9	3	569	151	55	137	38	328	189	40	377	369
OTU1290	0	0	2	0	0	0	2	0	0	0	0	0	0	3	0	0	0	0	0	0	0	0	0	0	3	0	0	0	1	40	0	0	3	0	1	0	2	0	0	0	4	0	0	0	7	0	11	8	13	2	0	12	2	7	2	1	1	9	21	0	1	0	0	0	0	0	0	0	0	1	1	23	27	33	0	0	1	0	29	1	31	6	12	9	0	1	0	0	0	0	36	40	10	19	20	24	0	0	0	0	0	0
OTU1291	0	0	2	0	0	0	0	0	0	0	1	0	0	0	0	0	0	0	0	0	0	0	0	0	0	0	0	0	2	0	0	0	0	0	0	0	1	0	0	0	0	0	1	0	1	2	3	2	3	0	0	0	0	289	3	2	0	4	0	0	0	0	0	0	0	0	1	0	0	1	0	1	0	3	0	1	0	2	0	1	1	0	2	1	1	6	0	1	0	3	0	0	19	1	1	2	5	0	0	0	0	21
OTU1292	0	1	0	0	0	0	3	1	0	0	0	0	0	1	0	0	0	0	0	0	0	0	0	0	0	0	0	3	2	0	0	0	0	0	0	0	1	0	3	0	1	0	0	0	2	0	0	1	0	0	0	1	0	2	0	3	0	0	0	0	0	0	0	0	0	0	0	0	0	0	0	0	0	2	1	2	3	0	1	0	230	0	1	0	0	0	0	1	0	0	1	0	3	3	1	9	434	0	0	0	0	4
OTU1293	0	0	2	0	0	0	0	0	0	0	0	0	0	0	0	0	0	0	0	0	0	1	2	0	0	0	63	7	14	6	12	0	1	0	1	0	10	0	0	0	27	4	16	0	1	0	7	0	10	6	7	0	3	0	8	3	6	6	0	0	0	0	0	0	0	0	17	15	14	5	36	2	9	4	10	0	0	0	15	0	3	8	1	0	3	0	6	4	3	0	7	2	0	3	0	18	6	0	0	0	1	0
OTU1294	0	2	0	0	0	0	1	1	1	0	0	0	0	0	0	0	0	0	0	0	0	0	0	0	0	0	1	45	0	5	2	0	0	1	0	0	2	0	2	0	31	2	17	0	9	12	17	0	0	0	0	2	0	9	2	31	2	19	6	1	2	0	0	0	0	5	2	6	0	0	0	0	13	0	0	1	2	0	0	0	1	10	19	0	4	22	0	1	0	0	0	0	42	9	0	0	8	324	4	0	1	5
OTU1295	0	0	0	0	0	0	0	0	0	0	0	0	0	0	0	0	0	0	1	0	0	0	0	0	0	0	0	0	1	0	0	1	0	1	0	0	0	0	0	0	116	35	0	42	0	29	0	0	0	0	0	0	0	12	0	1	0	4	2	0	0	0	0	0	0	0	0	0	0	0	0	0	0	0	0	0	1	1	3	0	0	4	1	0	1	0	0	2	1	0	1	1	3	20	1	0	0	0	1	0	0	0
OTU1296	0	2	0	0	0	1	0	0	0	1	0	0	0	0	0	0	0	0	0	0	0	0	0	0	0	0	0	0	0	1	7	6	0	0	0	0	20	2	13	0	19	4	6	75	48	80	29	2	12	18	0	11	6	5	18	20	4	56	4	0	0	1	0	0	0	0	0	0	0	2	3	0	1	0	1	7	28	9	3	0	0	27	13	17	2	0	17	117	54	4	1	4	17	17	8	35	15	0	0	0	4	0
OTU1297	0	0	0	0	1	0	0	0	0	0	0	0	0	0	0	0	0	0	0	0	0	0	0	1	0	0	0	0	0	1	0	0	0	0	0	0	0	7	14	0	0	0	0	0	0	3	3	0	0	0	0	1	0	6	6	2	15	0	0	0	0	0	0	0	0	0	0	0	3	48	71	4	0	7	146	0	14	5	0	0	3	0	2	0	4	0	4	2	11	0	0	0	0	4	4	0	0	0	0	0	0	0
OTU1298	0	0	0	0	0	0	0	0	0	0	0	0	0	0	0	0	0	0	0	0	0	0	0	0	0	0	0	0	0	0	0	0	0	0	0	0	0	0	0	0	0	0	0	0	0	0	0	0	0	0	0	0	0	0	0	0	0	0	0	0	0	0	1	0	0	0	0	0	0	0	0	0	0	0	0	0	0	0	0	0	0	0	0	0	0	0	0	0	0	0	0	0	0	0	0	0	0	0	120	0	0	187
OTU1299	0	2	0	0	0	0	1	0	0	0	0	0	0	2	0	0	0	0	0	0	1	0	0	0	0	0	5	39	31	43	1	0	0	0	1	0	0	0	0	0	11	29	20	0	0	1	8	0	0	12	0	6	4	0	0	0	1	0	0	0	0	0	0	0	0	0	0	0	0	0	0	0	0	0	0	12	11	21	4	0	6	0	0	0	0	7	2	0	40	19	16	0	0	2	2	0	0	0	0	0	0	0
OTU13	3	7	7	0	2	1	12	6	9	499	476	12	0	3	4	1	1150	7	979	7	0	3	1	3	4	9	13020	438	118	166	46	7	346	0	5	2	45	22	90	3	61	41949	46	94	61	55	32	40	58	27	27	58	23	135	108	193	98	120	153	8	0	1	2	21	19	12	22	56	12	34	82	63	34	86	210	138	201	71	66	355	520	166	41	37	72	27	58	67	80	38	62	97	103	151	110	138	81	4	17	3	1	3
OTU130	1	1	9	0	4	0	2	4	3	0	17	11	0	9	37	3	3	2	6	0	5	3	0	0	1	5	35	37	34	28	14	0	1	0	12	1	44	11	29	1	31	57	29	29	45	20	5	102	28	17	9	30	39	74	181	105	74	129	67	12	2	0	824	0	60	9	21	15	13	41	78	65	29	65	39	45	280	20	41	80	36	280	28	32	32500	45	31	43	35	25	44	58	118	84	73	91	52	330	127	275	56	83
OTU1300	0	0	0	0	0	0	0	0	0	0	0	0	0	0	0	0	0	0	0	0	0	0	0	0	1	0	6	6	0	0	0	0	0	1	0	0	5	2	3	0	1	2	2	0	2	24	0	1	2	1	0	1	0	2	4	4	3	6	2	0	0	2	0	7	0	0	0	0	0	1	2	3	0	5	0	4	0	1	0	2	5	2	1	140	5	565	0	0	0	9	0	0	2	3	3	4	1	0	0	0	0	0
OTU1301	0	0	1	0	0	0	0	0	0	0	0	0	0	0	0	0	0	0	1	0	0	0	0	0	1	0	3	2	0	8	5	0	3	0	1	0	12	0	0	0	191	0	1	0	0	0	0	1	2	1	2	0	0	4	0	5	1	1	2	2	0	0	0	0	23	42	62	33	10	4	20	4	1	5	12	7	1	3	0	1	2	2	0	0	1	1	8	9	16	0	0	12	0	0	0	2	1	0	10	5	131	36
OTU1302	0	0	0	0	0	0	0	3	0	0	1	0	0	0	0	0	1	0	0	0	0	0	0	0	0	0	3	8	0	15	1	0	2	0	0	13	33	3	65	0	0	2	3	12	95	12	2	435	0	2	2	0	1	6	306	21	25	51	16	0	0	0	0	2	13	28	24	1	0	13	3	1	8	1	3	94	25	11	2	4	24	22	41	40	9	9	2	1	0	2	4	1	15	124	31	173	6	131	2	2	10	0
OTU1303	0	0	0	0	0	0	0	0	0	0	0	0	0	0	0	0	0	0	1	0	0	0	0	1	0	0	0	0	0	0	0	0	1	0	0	0	0	0	0	0	0	0	0	0	6	10	0	26	1	0	0	2	0	0	1	7	0	28	2	0	0	0	0	0	1	2	28	20	56	0	0	0	0	0	1	1	2	0	0	0	0	0	0	0	0	1	1	0	0	0	0	0	10	13	10	1	0	99	30	4	31	38
OTU1304	0	0	0	0	0	0	12	1	0	0	2	0	0	0	1	0	0	0	0	0	1	2	2	0	3	1	3	0	0	0	0	0	0	0	1	0	28	0	4	0	0	0	43	0	1	6	0	0	6	0	0	5	0	0	4	12	0	4	6	1	0	0	0	0	1	0	2	1	1	2	2	0	2	7	2	0	1	7	102	0	446	0	0	5	0	1	4	7	3	0	6	1	1	3	4	4	2	0	0	1	3	86
OTU1305	0	10	4	2	0	2	1	0	0	1	5	1	0	1	0	0	1	1	0	0	0	0	0	0	0	0	3	5	1	20	4	3	12	0	1	2	5	1	13	0	4	14	3	259	630	37	12	50	30	1	9	77	7	25	99	253	23	121	134	0	0	0	1	1	5	7	5	12	2	1	2	8	42	64	6	11	40	5	18	0	6	131	44	15	24	93	15	0	9	13	17	95	354	103	57	259	147	11	2	0	10	4
OTU1306	0	2	0	2	0	0	0	0	2	0	0	2	0	0	0	0	0	0	0	0	0	0	0	0	0	0	35	22	143	0	120	0	0	0	1	0	25	17	24	0	0	0	0	0	0	0	0	0	8	0	5	0	11	3	3	1	42	4	1	0	0	0	0	7	0	11	0	0	0	1	0	1	0	2	0	0	26	0	0	4	8	2	0	1	17	1	23	0	2	1	0	0	0	6	0	1	4	0	0	2	0	0
OTU1307	0	0	0	0	0	0	2	0	0	0	0	0	2	0	0	0	0	0	1	0	0	0	0	0	0	0	17	25	1	36	34	0	0	0	0	0	0	0	0	0	0	3	2	0	0	1	0	0	14	10	4	26	9	0	6	7	17	0	2	0	0	0	0	0	56	0	14	6	1	0	0	11	32	6	2	2	0	3	4	2	9	0	0	1	4	0	5	1	2	2	2	45	2	1	3	3	5	0	0	0	0	0
OTU1308	0	1	0	0	0	0	0	0	0	0	0	0	0	2	0	0	0	0	3	0	0	0	0	0	1	0	188	40	26	150	305	0	7	0	0	0	11	0	2	0	3	11	12	9	4	9	0	1	5	6	2	0	22	13	25	11	1	21	14	0	11	0	1	5	17	0	0	29	39	1	9	8	0	4	45	4	3	1	6	28	2	22	448	5	92	3	14	6	19	19	40	2	9	21	28	137	13	0	5	0	5	0
OTU1309	0	0	0	0	0	0	0	0	0	0	0	0	0	0	1	0	0	0	0	0	0	0	0	0	0	0	0	0	35	0	0	1	0	0	0	0	0	0	0	0	1	1	0	108	0	0	0	0	0	1	0	0	0	2	0	9	0	1	1	0	0	0	0	0	0	0	0	0	0	3	0	0	3	1	0	0	1	0	0	0	0	0	0	0	0	0	0	0	0	1	1	0	160	9	0	0	0	2	0	0	0	0
OTU131	0	0	0	0	0	0	48	1042	0	374	1	0	0	0	0	0	0	0	715	0	5	595	1	2	7	9	0	0	0	2	0	602	13	2	547	3	10	0	0	0	0	14	0	14	0	0	9	0	2	0	0	0	0	0	0	5	0	0	3	895	10	1273	10	10	8	7	15	5	13	0	0	0	1	4	0	32	0	0	0	0	5	22	0	28	0	0	3	1	1	0	0	0	0	0	7	5	0	9	9	127	17	6
OTU1310	0	2	0	0	0	0	0	2	0	0	5	5	0	0	0	0	0	0	0	0	3	0	8	0	1	0	36	23	4	14	47	4	5	0	16	4	1	122	7	4	18	1	5	90	138	3	12	127	4	13	0	105	6	21	18	6	14	8	13	1	0	5	0	0	0	0	6	3	0	1	9	34	7	4	3	52	4	4	4	2	0	23	21	182	5	7	58	7	205	31	1	7	109	38	80	70	72	3	1	2	13	14
OTU1311	0	0	0	0	0	0	0	0	1	0	0	0	0	0	0	0	0	0	0	0	0	0	0	0	0	0	0	0	0	0	0	0	0	0	2	2	0	0	0	0	0	1	0	0	0	0	0	81	0	0	0	0	0	0	0	0	1	3	0	0	0	1	0	0	0	0	2	0	1	0	0	0	0	0	0	0	0	0	0	0	0	0	4	0	0	5	1	1	0	0	0	0	0	3	0	1	3	3	89	0	58	139
OTU1312	0	0	1	0	0	0	1	0	0	0	0	1	0	3	0	0	0	0	0	1	0	0	1	0	1	2	14	11	0	5	4	1	2	2	0	1	0	1	0	0	0	0	0	0	18	8	19	13	10	2	0	0	0	1	3	0	8	22	22	0	1	4	0	3	1	3	234	83	81	0	0	10	5	9	10	0	0	1	4	3	34	19	0	13	4	3	1	0	0	0	1	7	17	9	13	42	9	0	1	160	159	336
OTU1313	0	0	0	0	0	0	0	0	0	0	0	0	0	0	0	0	2	0	0	0	0	0	0	0	0	0	12	0	1	30	3	0	0	0	0	0	0	0	0	0	17	4	0	6	23	20	5	1	9	2	0	7	1	6	3	3	3	7	5	2	0	0	1	0	5	1	13	14	0	1	0	6	7	1	0	0	0	0	6	0	2	19	4	0	2	2	0	3	0	2	13	4	8	11	2	17	6	0	13	2	29	0
OTU1314	0	0	0	0	0	1	0	0	0	0	0	0	0	0	0	0	0	0	0	0	0	0	0	0	0	0	7	0	0	19	0	0	1	0	1	0	0	1	0	0	2	2	0	4	14	2	9	35	0	1	0	133	6	16	6	3	0	31	22	1	0	0	0	0	1	0	5	4	0	0	0	10	1	18	0	0	3	0	4	0	0	21	8	4	15	0	0	0	1	0	13	0	9	0	23	46	7	0	0	0	0	0
OTU1315	0	3	1	0	2	0	0	3	0	0	0	0	0	0	0	0	0	0	0	0	0	0	0	0	0	0	5	1	0	7	2	0	0	0	0	0	0	0	1	0	0	0	0	0	8	0	0	20	0	2	0	104	2	5	0	0	3	22	23	0	0	0	0	0	0	0	5	0	0	2	0	0	60	4	0	1	1	2	2	0	4	0	10	0	15	19	0	0	2	1	1	4	111	74	31	5	135	1	14	95	54	9
OTU1316	0	1	1	0	0	0	3	0	0	0	0	0	0	0	0	0	0	0	0	0	0	0	0	0	0	0	0	0	1	1	1	0	0	0	2	0	0	12	20	0	78	14	8	0	1	0	0	0	0	9	4	0	0	5	0	1	0	0	0	0	0	0	0	0	0	0	0	0	1	11	26	0	0	0	17	0	0	23	1	0	4	1	2	0	0	0	25	48	7	1	0	0	0	0	0	5	1	0	0	0	0	0
OTU1317	0	0	0	0	0	0	0	0	0	0	1	0	0	0	1	0	0	0	0	0	0	0	0	0	0	0	0	0	0	0	0	0	0	0	0	11	1	0	1	0	13	0	0	1	0	0	2	160	0	0	0	1	0	0	1	3	1	89	1	0	3	0	0	1	0	0	0	0	0	0	2	0	0	0	0	1	0	1	0	0	1	0	24	2	14	31	2	1	2	1	0	1	3	9	32	4	0	0	0	1	0	0
OTU1318	0	1	0	0	0	0	0	1	0	0	0	0	0	0	0	0	0	0	0	0	0	0	0	0	0	0	0	0	1	0	1	0	0	0	2	4	5	0	0	0	0	0	0	0	0	0	94	40	2	0	0	0	1	1	61	1	0	57	4	0	0	0	0	0	0	1	0	5	0	0	0	0	17	1	0	1	1	0	0	0	6	1	0	0	0	0	0	4	0	0	0	0	3	0	76	0	0	0	0	4	0	0
OTU1319	0	0	0	0	0	0	0	1	0	0	0	0	0	0	0	0	0	0	0	0	0	1	1	0	0	1	0	1	0	0	0	0	0	4	0	2	0	0	0	0	0	0	0	0	0	4	0	7	0	0	0	0	0	0	0	0	4	0	4	3	0	0	0	1	1	26	229	1	211	0	0	0	0	0	0	0	1	0	0	0	0	26	16	0	0	0	0	0	0	0	0	0	1	0	0	1	0	0	0	0	0	0
OTU132	0	3	0	4	0	0	7	6	2	0	4	0	0	0	0	0	0	0	9	5	4	18	4	6	15	13	13	97	90	61	8	9	13	8	17	6	342	2	12	1	77	37	22	124	19	9	4	72	102	12	4	307	38	84	108	172	172	95	222	2	4	3	3	9	667	804	1337	835	2986	34	34	178	46	11	155	14	17	10	79	71	65	17	10	0	3	34	42	11	13	26	96	38	57	37	84	56	22	101	114	124	659	135
OTU1320	0	0	0	2	0	0	2	0	0	0	0	0	0	0	0	0	0	0	0	0	0	0	0	0	0	1	0	0	0	0	0	0	1	0	4	0	0	0	0	0	0	0	0	0	0	0	0	0	0	0	0	0	0	0	1	10	4	1	0	0	0	1	0	1	45	85	66	17	22	0	0	0	0	0	0	0	0	0	0	0	0	1	0	0	2	0	0	0	0	0	0	0	0	0	0	0	4	0	5	20	0	42
OTU1321	0	0	0	0	0	0	0	0	0	0	0	0	0	0	0	0	0	0	0	0	0	0	0	0	0	0	0	0	0	0	0	0	0	0	0	0	0	0	0	0	0	0	0	0	0	0	0	0	0	0	0	0	0	0	0	0	0	0	0	1	0	0	1	0	0	0	0	1	0	0	0	0	0	0	0	0	0	0	0	0	0	0	0	0	0	0	0	0	0	0	0	0	1	0	0	0	3	287	0	3	0	37
OTU1322	0	0	0	0	0	0	0	0	0	0	0	0	0	0	0	0	0	0	2	0	0	1	0	0	1	0	0	0	0	0	0	0	1	0	1	0	0	0	0	0	0	0	0	0	0	0	0	0	0	0	0	0	0	0	0	1	0	0	0	0	0	0	0	2	62	57	29	45	128	0	0	0	0	0	0	0	0	0	0	0	0	0	0	0	0	0	0	0	0	0	0	0	0	0	1	0	0	1	3	1	2	4
OTU1323	0	0	0	0	0	0	0	0	0	0	0	0	0	0	0	0	0	0	0	0	0	0	1	0	0	0	0	0	0	0	0	0	5	0	0	0	0	0	0	0	0	0	0	0	0	0	0	0	0	0	0	0	0	0	0	1	3	0	0	0	0	0	0	0	0	50	129	0	1	0	0	0	0	0	6	0	0	0	0	0	0	0	0	0	0	0	0	0	0	0	0	0	0	0	9	0	1	0	1	145	1	0
OTU1324	0	0	0	0	0	0	0	0	0	0	0	0	0	0	0	0	0	0	0	0	0	0	0	0	0	0	0	0	0	0	0	0	0	0	0	0	0	0	0	0	0	0	0	0	0	0	0	0	0	0	0	0	0	0	0	0	0	0	0	0	0	0	0	0	0	0	0	0	0	0	0	0	0	0	0	0	0	0	0	0	0	0	0	0	0	0	0	0	0	0	0	0	0	0	2	0	0	0	0	143	93	4
OTU1325	0	0	0	0	0	0	0	0	0	0	0	0	0	0	0	0	0	0	0	0	0	0	0	0	0	0	64	0	0	20	0	0	0	0	0	0	1	1	1	0	0	0	2	1	0	1	0	0	7	3	0	2	0	2	0	0	0	0	4	0	0	0	0	0	0	0	3	0	0	0	4	1	0	0	0	1	1	0	0	2	2	1	1	0	3	0	0	2	2	0	0	3	1	8	158	88	0	0	0	8	5	0
OTU1326	0	0	0	0	0	0	0	1	0	0	0	0	0	0	0	0	0	0	0	0	0	0	0	1	0	3	5	30	4	20	5	1	13	0	0	0	2	0	0	0	1	15	1	27	36	11	18	11	4	4	0	7	7	0	10	14	3	9	9	1	0	0	0	0	4	13	9	0	22	0	2	6	4	4	2	14	1	0	11	2	3	15	18	5	8	7	0	0	0	0	2	1	5	14	14	9	19	11	22	9	22	43
OTU1327	0	0	0	0	0	0	1	0	0	0	0	0	0	0	0	0	0	0	0	0	0	0	0	0	2	0	0	0	0	0	81	0	0	0	0	0	0	0	0	0	0	0	0	0	0	2	0	2	2	0	0	0	1	0	50	0	3	1	1	0	0	0	0	2	1	0	0	0	0	0	0	0	60	0	0	0	0	0	104	1	3	2	4	0	0	0	0	0	0	0	0	0	0	4	1	3	2	0	0	0	3	0
OTU1328	0	0	0	0	0	0	0	0	0	0	0	0	0	0	0	0	0	0	0	0	0	0	0	0	0	0	0	0	0	0	0	0	0	0	0	0	0	0	0	0	0	0	0	0	0	0	0	0	0	0	0	0	0	0	0	0	0	0	0	0	0	0	0	0	0	0	0	0	1	0	0	0	0	0	0	0	0	0	0	0	0	0	0	0	0	0	0	0	0	0	0	0	7	0	0	0	0	210	8	3	12	1
OTU1329	0	0	0	0	0	0	0	0	0	0	0	0	0	0	0	0	0	0	0	0	0	0	0	0	0	0	0	0	0	0	0	0	0	0	0	0	0	0	0	0	0	0	0	0	0	0	0	0	0	0	0	0	0	0	0	0	0	0	0	0	0	0	0	0	0	0	0	0	0	0	0	0	0	0	0	0	0	0	0	0	0	0	0	0	0	0	0	0	0	0	0	0	0	0	1	0	0	0	0	260	0	0
OTU133	0	0	0	0	0	0	7	4	3	2	0	0	0	0	0	0	0	1	4	0	10	4	0	8	10	9	0	0	0	1	0	6	8	4	15	4	2	0	0	0	0	0	1	3	0	0	0	1	0	3	0	2	0	2	23	25	3	14	116	4	0	0	2	3	270	491	6	15	1607	1	6	3	113	52	1	0	2	0	2	9	2	3	16	1	3	0	0	3	0	0	0	0	30	16	13	70	134	107	101	10	842	2115
OTU1330	0	1	3	0	0	0	0	0	0	0	1	0	0	2	0	0	0	0	0	0	0	0	0	0	0	0	4	0	0	0	5	0	3	0	2	0	10	0	0	0	0	0	1	21	36	3	0	13	0	0	0	0	0	5	8	4	18	11	1	0	0	2	0	1	0	0	4	0	1	0	0	0	5	0	0	33	14	5	4	0	5	2	0	24	11	10	0	12	0	0	17	0	2	43	25	34	5	0	0	1	0	0
OTU1331	0	1	0	0	0	0	0	0	0	0	0	0	0	0	0	0	0	1	0	0	0	0	0	0	0	1	2	0	0	0	0	0	0	0	0	0	0	0	0	0	88	3	0	0	12	1	0	2	0	2	5	0	0	0	0	0	0	0	0	1	0	0	0	0	0	0	0	0	0	0	0	2	0	0	0	33	0	0	11	57	22	0	0	0	0	31	0	0	23	0	18	2	0	0	0	0	1	0	0	0	0	0
OTU1332	0	0	0	0	0	0	0	0	0	0	2	2	0	0	0	0	0	0	0	0	0	0	0	0	0	0	6	2	0	37	0	0	0	0	0	0	0	0	0	0	0	0	0	3	1	0	0	11	0	0	0	23	0	3	5	2	2	4	2	0	3	0	0	1	0	0	2	0	0	0	0	1	9	0	0	0	4	0	0	0	0	3	0	0	0	11	0	1	0	0	0	0	28	5	3	3	31	9	71	0	17	58
OTU1333	0	0	0	0	0	0	0	2	0	0	0	1	0	0	0	0	0	0	0	0	0	0	0	0	0	0	26	1	23	0	5	1	0	0	0	2	1	1	1	0	0	1	0	34	3	1	0	38	0	0	0	0	0	0	11	7	2	51	36	0	2	0	0	0	0	0	0	0	0	0	3	1	0	0	0	28	4	2	0	0	0	0	29	1	1	0	0	0	0	0	0	2	0	10	1	5	2	0	0	2	0	0
OTU1334	0	0	0	0	0	0	0	0	0	0	0	0	0	0	0	0	0	0	0	0	0	0	0	0	1	0	34	9	35	5	18	0	10	0	0	0	1	0	0	0	7	0	0	3	14	0	0	34	2	0	0	20	8	1	1	3	2	6	6	0	0	0	0	0	0	0	0	0	0	0	19	0	78	3	0	17	0	2	1	5	3	11	7	1	2	1	0	3	1	1	0	0	1	3	12	3	10	0	0	0	1	0
OTU1335	0	0	0	0	0	0	1	0	0	0	0	0	0	0	0	0	0	0	0	0	0	0	0	0	0	0	0	69	0	1	0	0	0	0	0	0	0	0	3	0	0	13	3	29	8	83	10	0	0	0	0	0	0	2	0	7	38	13	0	0	0	0	0	0	0	0	0	0	0	14	0	28	10	0	15	1	1	1	2	0	199	0	0	6	20	7	0	1	0	35	33	4	0	2	11	1	8	0	0	31	0	0
OTU1336	0	0	0	0	0	0	0	0	0	0	0	0	0	0	0	0	0	0	0	0	0	0	0	0	0	0	0	0	0	0	0	0	0	0	0	0	0	0	0	0	0	0	0	0	0	0	0	0	0	0	0	0	0	0	0	0	0	0	0	0	0	0	0	0	0	0	0	0	0	0	0	0	0	0	0	0	0	0	0	0	0	0	0	0	0	0	0	0	0	0	0	0	0	0	0	0	0	1	0	253	0	0
OTU1337	0	0	0	0	0	0	0	0	0	0	0	0	0	0	0	0	0	0	0	0	0	0	0	0	0	0	0	0	0	0	0	0	0	0	0	0	0	0	0	0	0	0	0	0	0	0	0	0	0	0	0	0	0	0	0	0	0	0	0	0	0	0	0	0	0	0	0	0	0	0	0	0	0	0	0	0	0	0	0	0	0	0	0	0	0	0	0	0	0	0	0	0	0	0	0	0	0	0	1	484	0	0
OTU1338	0	0	0	0	0	0	0	0	0	0	1	0	0	0	0	0	0	0	0	0	0	0	0	0	0	3	0	0	0	0	0	0	0	0	0	0	1	1	0	0	0	0	0	0	0	3	0	0	0	0	0	1	0	0	0	3	0	0	0	0	0	0	0	0	0	0	0	0	0	0	0	0	0	1	0	0	318	0	2	17	0	1	1	0	0	0	1	0	0	0	0	0	0	2	0	0	0	0	0	0	0	0
OTU1339	0	0	0	0	0	0	3	0	0	2	0	0	0	0	0	0	0	0	2	0	0	0	0	0	0	0	1	21	0	17	3	0	0	0	0	0	0	0	0	2	0	6	0	0	0	5	2	5	19	0	0	4	0	10	3	10	3	6	19	0	0	0	0	0	40	5	23	6	16	0	0	0	8	0	0	0	1	1	13	1	32	20	7	1	1	11	0	0	0	1	14	0	32	16	9	2	5	2	4	0	88	64
OTU134	0	0	1	0	0	0	5	2	3	0	0	6	0	3	1	2	0	0	2	0	0	2	1	1	0	2	2	6	1	6	2	0	10	0	6	0	4	8	13	0	0	2	0	0	2	3	2	1	2	4	0	3	0	13	14	20	6	4	6	2	4	2	2	4	6	8	8	7	0	0	1	5	0	6	163	2	7	1	7	7	276	4	5	1	3	11	2	7	0	2	2	3	682	68	9	14	2430	1428	1600	4	14	53
OTU1340	0	1	0	0	0	0	0	0	0	0	0	0	0	0	0	0	0	0	0	0	0	0	0	0	0	0	0	129	0	10	3	0	0	0	0	0	5	0	0	0	4	1	1	0	2	1	0	2	0	0	17	1	0	4	6	0	0	2	10	0	0	0	0	0	0	0	0	2	0	2	2	18	4	44	21	0	1	0	11	1	7	3	17	13	12	3	0	3	2	25	0	13	0	21	2	16	1	0	0	0	2	0
OTU1341	0	0	0	0	0	0	0	0	0	0	0	0	0	0	0	0	0	0	0	0	0	0	0	0	0	0	2	2	0	0	0	0	0	0	0	0	0	0	0	0	0	0	0	0	1	6	0	0	0	0	0	0	0	0	0	0	0	0	0	0	0	0	0	2	0	0	0	0	2	0	0	0	0	0	0	0	0	0	0	0	0	4	3	0	3	5	0	0	0	0	0	0	0	1	1	7	12	1	30	0	175	103
OTU1342	0	1	0	1	0	0	0	7	0	1	0	0	0	0	0	0	0	0	0	0	0	0	0	0	0	0	2	0	0	11	1	0	0	0	1	3	0	0	1	0	1	0	0	7	1	4	6	20	17	2	0	4	0	22	12	30	13	46	39	0	1	0	0	0	1	0	0	1	2	9	1	7	18	27	24	0	1	1	5	0	0	1	96	0	35	27	5	1	0	9	0	0	3	25	1	10	0	0	71	1	47	20
OTU1343	0	0	1	0	0	0	0	0	0	0	0	0	0	0	0	0	0	0	0	0	0	0	0	0	0	0	0	0	0	0	0	0	0	0	0	0	1	0	0	0	0	0	0	0	0	0	0	20	0	0	0	0	0	0	153	77	1	0	1	0	0	0	0	0	1	2	0	0	0	0	0	0	0	2	0	1	1	7	0	0	0	7	59	0	0	1	0	0	0	0	0	0	0	0	4	1	2	0	0	0	0	0
OTU1344	0	0	0	0	0	0	0	0	0	0	0	0	0	0	0	0	0	0	0	0	0	0	0	0	0	0	0	0	0	0	0	0	0	0	0	0	0	0	0	0	0	0	0	0	0	0	0	12	0	0	0	0	0	0	0	0	0	9	1	0	0	0	0	0	0	0	1	2	1	0	0	0	1	0	0	0	0	0	0	0	0	0	0	0	0	6	0	0	1	0	0	0	0	0	0	0	1	41	49	32	138	59
OTU1345	0	1	0	0	0	0	0	0	0	0	0	0	0	0	0	0	0	0	0	0	0	0	0	0	0	0	0	0	0	0	0	0	0	0	0	0	1	0	0	0	0	0	0	1	1	0	0	0	0	0	0	7	1	3	0	0	1	0	0	0	0	0	0	0	0	0	0	0	0	0	1	0	0	52	1	1	1	0	0	1	2	2	14	0	3	0	1	0	1	207	0	2	0	1	2	1	0	0	0	0	0	0
OTU1346	0	0	0	0	0	0	0	1	0	0	0	0	0	0	0	0	0	0	0	0	0	0	2	0	1	0	0	0	0	0	0	0	0	0	5	0	0	0	0	0	0	0	0	0	0	0	1	0	0	0	0	0	0	0	0	2	7	1	1	2	1	1	0	2	41	6	103	256	50	0	0	0	0	0	0	0	0	0	0	0	0	0	0	0	0	0	0	0	0	0	0	0	3	0	1	0	6	1	0	0	0	193
OTU1347	0	0	0	0	0	0	0	0	0	0	0	0	0	0	0	0	0	0	0	0	0	0	0	0	0	0	0	0	0	0	0	0	1	0	0	0	0	0	0	0	0	0	0	0	0	0	0	0	0	0	0	0	0	0	0	0	4	4	0	0	0	0	0	0	14	0	204	40	0	0	0	0	0	0	0	0	0	0	0	0	0	0	0	0	0	0	0	0	0	0	0	0	0	0	0	0	0	0	0	1	0	0
OTU1348	0	0	0	0	0	0	0	0	0	0	0	0	0	0	0	0	0	0	0	0	0	0	0	0	0	0	0	0	0	0	0	0	0	0	0	0	0	0	0	0	0	0	0	0	0	0	0	0	0	0	0	0	0	0	0	0	0	0	0	0	0	0	0	0	0	0	0	0	0	0	0	0	0	0	0	0	0	0	0	0	0	0	0	0	0	0	0	0	0	0	0	0	0	0	1	0	0	0	0	273	0	1
OTU1349	0	1	0	0	0	0	0	0	0	0	0	0	0	0	0	0	0	0	0	0	0	0	1	0	0	0	7	1	124	0	0	0	1	0	0	0	5	30	0	0	1	0	0	0	0	2	0	0	0	0	0	0	0	0	2	0	0	1	0	0	0	0	0	0	0	0	0	0	0	0	32	1	0	0	39	0	0	15	0	0	1	2	0	0	0	0	0	14	0	0	0	0	0	0	2	1	1	0	0	0	0	0
OTU135	4	5	1	0	7	1	3	11	2	2	3	17	0	8	0	0	4	1	7	0	7	10	2	16	1	5	238	127	92	210	390	1	9	15	27	2	232	131	299	8	844	251	173	83	165	262	116	32	142	85	54	260	59	77	76	77	225	54	73	4	3	0	0	14	140	175	153	131	243	180	164	98	24	73	293	271	84	130	119	106	79	98	85	96	39	75	279	844	432	75	228	141	57	115	69	183	97	2	8	3	6	2
OTU1350	0	0	0	0	0	0	0	0	0	0	0	0	0	0	0	0	0	0	0	0	1	0	0	0	0	0	0	0	0	0	0	0	0	0	0	0	0	0	0	0	0	0	0	0	0	0	0	0	0	0	0	0	0	0	0	0	0	0	6	0	0	0	0	0	0	2	3	1	227	0	0	0	0	0	0	0	0	0	0	0	0	0	0	0	0	0	0	0	0	0	0	0	0	0	0	0	0	0	0	0	0	0
OTU1351	0	0	0	0	0	0	0	0	0	0	0	0	0	0	0	0	0	0	0	0	0	0	1	0	0	0	0	0	0	0	0	0	0	0	0	0	0	0	0	0	0	0	0	0	0	0	0	0	0	0	0	0	0	0	0	0	0	1	4	0	1	0	1	0	33	0	3	88	77	0	0	0	0	0	0	0	0	0	0	2	0	0	0	2	0	0	0	0	4	0	0	0	1	2	0	8	7	51	31	36	139	65
OTU1352	0	4	6	1	0	0	0	0	0	0	0	0	0	0	0	0	3	0	0	0	0	0	0	0	0	0	0	0	0	22	0	0	0	0	0	0	3	0	0	0	11	0	2	0	0	1	0	1	0	0	0	0	0	1	0	0	1	6	1	0	0	0	0	0	0	2	0	127	17	1	0	24	0	39	0	1	1	1	0	28	0	0	0	0	0	34	26	3	0	0	108	0	4	0	1	0	2	0	0	0	0	0
OTU1353	0	0	1	1	0	0	0	0	0	0	0	0	0	0	0	0	0	0	0	0	0	0	0	0	0	2	0	1	0	0	0	0	0	0	0	0	0	0	0	0	2	0	1	0	9	4	0	33	0	1	0	0	0	0	6	2	0	35	10	0	0	0	0	1	0	1	2	2	0	0	2	0	0	5	0	0	3	0	0	0	1	1	19	0	1	17	0	0	1	0	0	0	24	23	21	6	8	0	77	0	0	12
OTU1354	0	2	0	0	0	0	2	1	0	1	0	1	0	0	0	0	0	0	3	0	0	0	0	5	0	1	20	44	15	14	5	0	4	0	0	0	0	0	1	0	13	0	9	40	4	9	8	21	28	3	1	8	15	19	33	73	7	43	91	0	1	0	0	2	30	118	149	5	44	0	4	8	21	22	31	11	12	6	46	5	94	39	38	48	20	62	5	2	3	30	50	23	3	34	14	65	8	0	63	146	146	58
OTU1355	0	0	0	0	0	0	0	0	0	1	0	0	0	0	0	0	0	0	0	0	0	0	0	0	0	0	0	0	0	4	0	0	0	2	0	0	0	0	0	0	1	0	0	12	2	31	0	0	0	1	0	3	0	6	19	52	26	6	9	0	0	0	0	0	0	0	0	2	0	5	0	15	1	7	49	1	0	0	3	0	2	0	1	5	0	0	1	2	0	0	0	2	2	0	0	0	8	3	0	0	6	0
OTU1356	0	0	0	0	0	0	0	0	0	0	2	0	0	1	1	0	0	0	1	0	1	0	1	7	0	0	7	0	19	0	0	0	0	0	5	0	4	61	138	0	41	13	10	0	3	0	4	1	0	12	7	4	1	1	1	6	41	0	5	0	0	0	0	0	0	0	0	0	0	40	86	3	0	4	10	1	30	13	2	15	17	0	1	0	3	4	4	82	106	0	1	0	3	0	7	6	4	0	0	0	0	0
OTU1357	0	0	0	0	0	0	3	0	0	0	0	0	0	0	0	0	0	0	2	0	0	0	0	1	0	0	7	0	0	0	0	0	1	0	0	0	0	0	0	0	0	0	0	1	0	7	0	0	0	0	0	0	3	1	6	6	4	5	0	0	0	0	0	0	78	38	181	95	21	0	0	0	0	0	0	0	0	0	0	1	0	1	0	0	0	0	0	0	0	0	0	0	1	0	0	0	0	3	0	0	1	1
OTU1358	0	0	0	0	0	0	0	0	0	0	0	0	0	0	0	0	0	0	0	0	0	0	0	0	4	0	0	0	0	0	0	0	0	0	1	0	0	0	0	0	0	0	0	0	0	0	0	13	0	0	0	0	0	0	0	0	0	0	0	0	0	0	0	2	0	0	0	0	0	0	0	0	0	0	0	0	0	0	0	0	0	0	0	0	0	6	0	0	0	0	0	0	0	0	2	0	1	0	47	99	38	44
OTU1359	0	0	0	0	0	0	0	0	0	0	0	0	0	0	1	0	0	0	1	0	0	4	0	0	0	1	0	0	0	0	0	2	0	0	2	0	0	0	0	0	0	0	0	0	5	0	0	0	0	4	0	3	1	5	0	1	0	0	0	1	0	0	0	0	86	159	57	5	96	5	0	0	0	0	0	0	0	0	0	0	0	3	0	7	0	0	0	0	0	1	0	0	0	5	0	0	5	0	65	0	0	5
OTU136	1	18	6	11	7	1	18	26	1	3	6	7	5	9	0	2	101	233	48	1	20	10	18	21	21	20	676	720	683	480	662	30	60	17	53	31	580	239	343	6	811	562	422	922	472	665	338	384	461	259	104	430	847	222	727	742	792	465	460	21	17	12	14	38	1305	1482	1556	1143	1118	213	367	402	322	264	438	654	1328	320	249	370	183	748	431	177	332	372	650	391	286	214	985	418	442	454	471	754	424	338	463	318	488	588
OTU1360	0	0	0	1	0	0	0	0	0	0	0	1	0	0	0	0	0	0	0	0	0	0	0	0	0	0	0	0	0	0	0	0	0	0	0	1	1	2	0	0	0	2	2	0	0	0	2	10	0	0	0	2	53	5	2	43	3	6	16	1	0	0	0	0	0	7	0	0	0	0	0	0	69	0	4	1	4	0	0	0	1	11	3	0	2	0	0	1	0	0	0	0	54	20	299	75	29	5	0	12	1	0
OTU1361	0	0	0	0	0	0	0	0	0	0	0	0	0	0	0	0	0	0	0	0	0	0	0	0	0	0	0	0	0	0	0	0	0	0	0	0	0	0	0	0	0	0	0	0	0	0	0	0	0	0	0	0	0	0	0	1	0	0	2	0	0	0	0	0	0	173	70	1	0	0	0	0	0	0	0	0	0	0	0	0	0	0	0	0	0	0	0	0	0	0	0	0	0	0	0	0	0	0	0	0	0	0
OTU1362	0	0	0	0	0	0	0	0	0	0	0	0	0	0	0	0	0	0	0	0	0	0	0	0	0	0	32	5	0	3	40	0	0	0	2	0	0	0	0	0	0	0	0	0	0	0	2	0	0	3	0	0	0	0	0	0	0	0	4	0	0	0	0	1	1	1	1	1	1	0	0	0	1	1	0	0	0	0	0	0	2	6	0	0	0	0	0	0	0	2	0	0	1	8	3	2	0	1	142	62	6	0
OTU1363	0	0	0	0	0	0	1	0	0	0	0	0	0	0	0	0	0	0	0	0	1	0	0	3	0	0	0	0	0	0	0	0	0	0	0	5	0	0	0	0	0	0	0	0	0	0	0	0	0	0	0	0	0	0	0	0	0	0	6	0	0	0	0	0	0	21	0	22	380	0	0	0	0	0	0	0	0	0	0	0	0	0	0	0	0	0	0	0	0	0	0	0	0	0	0	0	0	0	0	0	1	0
OTU1364	0	3	0	0	0	0	0	6	0	0	0	0	0	0	0	0	0	0	0	1	0	0	0	0	0	0	0	1	1	0	0	0	0	0	2	0	13	0	0	0	0	0	0	0	3	0	0	4	1	2	0	3	0	2	1	0	2	0	0	1	0	0	3	0	0	0	0	0	0	0	0	0	2	0	0	119	96	32	0	1	1	0	0	0	1	0	8	3	0	0	0	0	2	6	0	0	1	0	0	4	0	0
OTU1365	0	0	0	0	0	0	0	0	0	0	0	0	0	0	0	0	0	0	0	0	0	0	0	0	0	0	20	33	0	65	18	0	0	0	0	0	1	0	1	0	0	20	22	0	3	0	0	7	16	0	0	30	3	2	2	1	2	3	2	0	0	0	0	0	1	0	3	0	1	0	2	21	5	2	1	0	1	0	12	3	2	2	5	8	11	16	1	0	1	19	28	4	33	7	12	41	24	5	22	9	38	7
OTU1366	0	0	0	0	0	1	0	0	2	0	0	0	0	0	0	0	0	0	0	0	0	0	0	0	0	0	11	0	42	2	6	0	0	0	1	0	1	4	9	0	1	0	0	0	0	0	0	0	0	0	0	0	0	2	3	0	5	0	0	0	0	0	0	0	0	0	0	0	0	27	22	2	0	0	3	9	2	18	1	50	0	1	0	0	0	0	17	60	49	2	8	0	0	0	2	0	0	0	0	0	0	0
OTU1367	0	0	0	0	0	0	0	3	0	0	0	1	0	0	0	0	0	0	0	0	0	0	0	0	0	0	15	0	10	3	21	0	0	2	0	0	3	0	3	0	6	5	22	2	4	0	2	5	2	0	0	0	13	11	10	10	3	11	5	0	0	0	0	3	0	0	0	0	3	4	1	1	0	12	6	19	15	28	17	1	1	2	1	0	4	6	12	0	0	5	6	7	6	0	1	13	4	0	0	0	0	0
OTU1368	0	0	0	0	0	0	0	0	0	0	0	0	0	0	139	0	0	0	0	0	0	0	1	0	0	0	7	0	178	0	25	0	2	0	0	0	4	0	0	0	0	0	2	1	0	0	2	0	0	0	0	0	0	3	1	1	45	0	1	1	0	0	0	2	0	0	0	1	0	0	2	0	0	1	0	0	2	0	0	1	0	0	0	0	41	0	0	5	0	0	1	1	0	1	2	2	0	0	2	3	2	0
OTU1369	0	0	0	0	0	0	0	0	0	0	0	0	0	0	0	0	0	0	0	0	0	0	0	0	0	1	0	0	0	0	0	0	3	0	0	0	1	0	0	0	0	0	0	0	0	0	0	0	1	0	0	0	0	0	0	0	0	0	2	0	0	0	0	0	0	0	2	2	0	0	0	0	0	0	0	0	0	0	0	0	2	0	0	0	0	1	0	0	0	0	8	0	0	17	0	8	0	12	195	0	215	8
OTU137	0	7	7	4	0	5	0	1	0	0	0	3	0	6	0	0	0	0	0	0	1	4	2	2	9	5	207	44	70	121	31	1	8	2	61	0	8	2	51	0	220	13	1	39	62	17	7	27	11	139	0	81	21	19	37	32	39	23	97	10	2	2	7	12	605	123	206	79	329	6	89	14	37	19	7	12	25	7	161	62	22	141	94	51	53	136	11	310	4752	147	4	6	93	124	59	139	29	38	43	1	62	141
OTU1370	0	1	0	0	0	0	0	0	0	0	0	0	0	0	0	0	0	0	0	0	0	0	0	0	0	0	1	3	0	13	0	6	1	5	0	0	0	0	0	0	0	1	0	97	80	82	0	0	0	0	0	1	0	0	43	105	11	1	3	0	0	0	1	0	7	6	26	23	17	1	1	0	2	5	9	2	2	0	0	1	3	16	16	3	6	1	1	0	0	0	0	1	1	6	35	3	18	1	0	0	0	2
OTU1371	0	0	0	0	0	0	0	0	0	0	0	0	0	0	0	0	0	0	0	0	0	1	1	1	0	0	0	2	0	0	0	0	0	0	0	0	0	0	1	0	0	0	0	1	0	8	0	2	0	0	1	0	0	0	14	0	9	5	6	0	0	0	0	0	143	6	99	6	1	0	0	0	0	0	0	0	0	3	0	0	0	0	1	0	0	4	0	0	0	0	0	0	0	0	0	0	0	0	0	0	0	0
OTU1372	0	0	0	0	0	0	0	0	0	0	0	0	0	0	0	0	0	0	0	0	0	0	0	0	7	0	0	0	0	0	0	0	0	1	0	0	0	0	0	0	0	0	0	0	0	0	0	0	0	0	0	0	0	0	0	0	0	0	0	0	2	0	0	0	3	1	0	0	3	0	0	0	0	1	0	0	0	0	0	0	0	0	0	0	0	0	0	0	0	0	0	0	0	0	0	7	0	0	0	0	266	0
OTU1373	0	0	0	0	0	0	0	0	0	0	0	0	0	0	0	0	0	0	0	0	0	0	0	0	0	0	0	0	0	0	0	0	0	0	0	0	0	0	0	0	0	0	0	0	0	0	0	0	0	0	0	0	0	0	0	0	0	0	0	0	0	0	0	0	0	0	0	0	0	0	0	0	0	0	0	0	0	0	0	0	0	0	0	0	0	0	0	0	0	0	0	0	0	0	0	0	0	0	0	224	0	0
OTU1374	0	1	0	0	0	0	4	3	0	0	2	0	0	0	20	0	0	0	2	1	3	1	2	3	3	2	19	62	14	477	4	12	19	0	5	9	2	2	3	0	24	8	3	115	176	7	89	98	2	60	3	2	3	16	175	92	29	31	75	0	6	0	1	5	490	598	321	136	641	1	3	5	14	12	2	6	10	3	8	2	107	42	43	5	4	30	8	1	3	12	9	521	125	22	76	213	102	12	9	14	30	6
OTU1375	0	2	1	0	0	0	0	0	0	0	0	5	0	0	0	1	0	0	0	0	0	0	0	0	0	0	22	3	2	37	29	0	5	0	0	5	3	0	0	0	1	2	1	3	14	9	79	128	66	27	1	3	10	6	11	11	8	22	10	1	1	0	0	0	0	0	0	1	0	0	3	1	0	1	0	1	0	0	13	0	0	17	17	14	11	63	2	14	0	1	0	28	27	16	10	31	17	0	0	0	1	0
OTU1376	0	2	0	0	0	0	1	0	0	0	0	0	0	0	0	0	0	0	0	0	0	0	0	0	0	0	1	7	0	2	0	0	1	0	2	0	0	0	0	0	21	7	0	1	0	0	0	7	19	11	0	13	5	4	12	3	0	10	5	0	0	0	0	0	119	55	37	48	18	0	0	0	0	11	0	0	0	0	3	3	0	22	2	1	3	0	1	0	1	6	20	19	18	1	2	9	16	4	1	1	2	38
OTU1377	0	0	1	0	0	0	0	0	0	0	0	4	0	0	0	0	0	0	0	0	0	0	0	0	0	0	4	25	2	12	0	0	0	0	0	0	0	0	3	0	12	0	3	0	4	0	3	0	0	0	0	25	0	1	23	17	0	13	15	0	0	0	0	0	38	15	1	0	1	0	0	0	1	26	0	0	0	0	19	2	9	54	6	0	6	5	0	1	0	0	16	0	32	2	18	3	10	1	1	0	0	0
OTU1378	0	1	0	0	0	1	0	0	0	0	0	0	0	0	0	0	0	0	0	0	0	0	1	0	0	0	0	21	0	0	0	0	0	0	1	0	30	126	32	0	0	0	0	0	0	1	0	0	0	0	0	0	0	0	2	0	0	0	0	0	0	0	0	0	0	0	0	0	0	1	2	0	0	14	1	3	6	0	0	0	0	1	2	0	0	1	0	28	3	0	1	0	0	0	0	6	0	0	0	0	0	0
OTU1379	0	0	0	0	0	1	0	0	0	0	0	4	0	0	1	0	0	0	0	0	3	0	0	0	2	1	13	0	8	15	8	0	3	0	0	0	1	0	4	0	28	8	13	9	6	53	19	25	13	21	0	20	4	15	18	28	0	10	22	0	0	0	4	0	1	12	13	14	1	14	7	2	9	23	6	8	2	3	9	1	23	12	24	3	25	7	3	3	1	6	12	24	7	5	20	18	26	5	6	155	26	93
OTU138	0	1	1	0	0	2	1	11	1	0	0	10	6	1	2	0	0	0	2	0	1	0	261	5	6	6	137	133	216	73	455	2	13	1	1238	2	21	26	63	0	918	14	8	55	127	15	25	11	10	13	39	22	346	24	28	18	35	16	19	2	4	1	0	9	205	51	42	13	35	18	396	8	290	48	67	9	9	14	97	36	13	14	33	55	16	75	314	40	14	266	6	22	45	44	27	178	38	104	31	14	31	7
OTU1380	0	0	0	0	0	0	1	4	0	0	0	0	0	0	0	0	0	0	1	0	0	0	0	0	0	0	0	0	0	0	0	2	0	0	0	1	0	0	0	0	0	0	1	0	0	0	0	0	0	0	0	0	0	0	0	3	0	0	2	1	1	0	0	1	82	115	6	0	151	0	0	0	0	0	0	0	0	0	0	0	0	0	0	0	0	0	0	0	0	0	0	0	0	0	0	0	5	0	114	1	17	58
OTU1381	0	0	0	0	0	0	0	0	0	0	0	0	0	0	0	0	0	0	0	0	2	0	0	0	0	0	0	0	0	0	0	0	0	0	1	0	0	0	0	0	0	0	0	0	0	0	0	0	0	0	0	0	0	0	1	0	1	0	0	0	0	0	0	0	34	1	217	34	1	0	0	0	0	0	0	0	0	0	0	0	0	0	0	0	0	0	0	0	0	0	0	0	0	0	0	0	0	0	0	0	0	1
OTU1382	0	0	0	0	0	0	1	0	0	0	0	0	0	0	0	0	0	0	0	0	0	1	0	1	0	0	6	2	0	0	0	1	0	0	0	0	0	0	0	0	10	0	1	0	0	0	0	0	17	0	0	0	0	0	2	0	1	0	1	0	0	0	0	0	146	52	36	24	80	1	3	8	0	0	2	0	0	4	0	1	2	0	4	2	0	3	0	6	1	4	0	10	0	1	1	0	0	0	0	0	1	0
OTU1383	0	3	3	0	0	0	0	0	6	1	1	3	0	0	0	0	1	0	0	0	0	0	0	0	0	0	3	7	8	2	0	0	0	0	0	0	10	0	1	0	76	3	5	0	1	0	0	1	0	10	2	29	5	2	4	0	2	4	4	0	0	0	0	0	0	0	0	3	0	0	25	4	1	20	43	4	13	9	4	8	3	0	0	3	0	3	22	20	25	10	4	4	0	7	0	8	0	0	0	0	0	0
OTU1384	0	0	0	0	0	0	0	0	0	0	0	0	2	0	0	0	0	0	0	0	0	0	0	0	0	0	21	15	34	2	71	0	2	1	0	0	1	0	3	0	3	1	0	2	0	0	0	0	0	0	1	0	0	1	37	5	249	57	21	0	0	0	0	2	1	0	2	3	0	2	3	2	5	0	0	3	1	1	0	0	0	0	3	0	4	5	0	0	1	0	0	2	8	12	26	3	3	0	0	0	0	0
OTU1385	0	0	0	0	0	0	0	0	1	0	0	0	0	0	1	0	0	0	1	0	0	0	0	0	0	0	3	14	0	30	22	1	0	0	1	0	7	3	4	0	26	21	0	1	1	5	6	9	0	6	3	11	3	19	1	6	19	17	3	0	0	0	2	3	0	0	0	1	1	7	18	1	0	11	0	4	0	90	1	0	13	9	21	6	23	19	1	5	4	0	8	1	3	29	11	27	8	0	0	0	12	0
OTU1386	0	1	0	0	0	0	1	0	1	0	0	1	0	0	0	0	0	4	0	0	2	0	0	0	0	0	6	4	14	10	2	0	1	0	4	1	13	3	25	0	50	11	5	2	12	3	4	11	0	12	3	18	7	2	4	7	8	0	2	0	1	0	0	0	74	13	50	7	60	3	26	7	1	17	3	7	1	21	3	1	7	11	9	6	2	1	4	11	17	3	4	7	0	3	19	24	5	1	0	2	4	2
OTU1387	0	0	0	0	0	0	0	0	0	0	0	0	0	0	0	0	0	0	0	0	0	0	0	0	0	0	2	9	1	21	8	0	0	1	1	0	6	1	8	0	47	3	5	9	3	4	0	15	16	18	1	17	19	10	7	2	3	4	13	0	0	0	0	0	27	11	20	4	18	0	2	13	10	0	21	24	1	10	26	6	0	1	5	2	1	2	0	22	13	2	7	13	21	7	12	7	52	0	5	3	3	34
OTU1388	0	0	1	0	2	0	0	0	0	1	0	0	0	0	0	0	1	0	1	0	0	0	0	0	0	0	0	0	0	1	0	0	0	0	0	0	0	0	1	0	2	29	1	0	0	0	0	1	0	0	0	42	33	2	0	0	1	0	4	0	0	0	0	0	0	0	1	0	0	0	87	0	12	30	3	0	0	1	10	0	0	1	4	0	0	3	2	0	0	4	0	0	0	2	19	1	0	0	0	2	0	0
OTU1389	0	0	0	0	0	0	0	0	0	0	0	0	0	2	0	0	0	0	0	0	0	0	0	0	0	0	2	0	0	1	0	0	0	0	0	0	0	0	0	0	0	0	1	1	0	1	0	17	0	0	0	0	0	0	6	0	0	97	0	0	0	11	0	3	0	0	0	9	0	0	0	0	0	1	0	0	0	0	1	0	0	0	8	109	0	0	0	0	2	0	1	0	2	0	4	0	0	0	0	0	0	0
OTU139	0	6	2	0	0	1	0	5	0	0	0	7	2	14	1	0	0	0	9	0	1	2	1	1	3	1	75	255	15	609	163	6	4	3	3	4	95	78	131	1	520	129	148	551	354	169	220	125	390	363	16	80	32	62	237	313	25	186	259	5	0	4	0	3	36	136	68	7	150	52	4	119	166	55	230	125	98	17	202	69	25	336	92	95	78	114	239	169	92	202	174	225	165	163	133	293	140	9	66	0	11	2
OTU1390	0	2	0	0	0	0	0	0	0	0	0	0	0	0	0	0	1	0	0	0	0	0	0	0	0	0	0	0	0	0	0	0	0	0	0	0	0	0	2	0	0	0	0	0	0	0	0	0	0	0	0	165	1	0	0	0	2	0	0	0	0	0	0	0	0	0	3	0	2	0	0	1	4	191	0	0	0	0	0	0	5	0	0	0	0	0	0	0	2	0	0	0	0	0	0	0	0	0	0	0	0	0
OTU1391	0	0	0	0	0	0	0	0	0	0	0	0	0	0	0	0	0	0	0	0	0	0	0	0	0	0	0	0	0	0	0	0	0	0	1	0	0	0	0	0	0	0	0	0	0	0	0	0	0	0	0	0	0	0	0	0	0	0	0	0	0	0	0	1	3	0	1	0	0	0	0	0	0	0	0	0	0	0	0	0	0	0	0	0	0	0	0	0	0	0	0	0	1	5	0	0	2	27	86	10	44	66
OTU1392	0	0	0	0	0	0	1	0	0	0	0	0	0	0	0	0	0	0	2	0	1	0	0	0	0	0	0	0	0	0	0	0	0	0	0	0	0	0	0	0	0	0	0	0	0	0	0	0	0	0	0	0	0	0	0	0	0	0	0	0	0	0	3	0	0	0	0	0	0	1	0	0	0	0	0	0	0	0	0	0	0	0	0	0	0	0	0	0	0	0	0	0	0	2	0	0	1	0	66	201	1	74
OTU1393	0	0	0	0	0	0	0	0	0	0	0	0	0	0	1	0	0	0	0	0	0	0	0	0	0	0	18	10	0	23	0	0	0	0	0	0	3	0	0	1	13	13	0	0	0	0	9	2	0	2	7	2	0	1	5	0	9	7	4	0	2	0	1	0	0	0	0	0	1	0	3	2	1	50	5	14	1	9	1	0	4	0	44	2	3	0	4	24	6	4	11	0	0	2	7	15	0	0	0	0	0	0
OTU1394	0	0	0	0	0	0	0	0	0	0	0	0	0	0	0	0	0	0	0	0	0	0	0	0	0	0	0	0	0	0	0	1	0	0	0	0	0	0	0	0	0	0	0	0	0	0	0	0	0	0	0	0	0	0	12	3	1	0	5	0	0	0	0	1	208	20	38	17	84	0	0	0	0	0	0	0	0	0	0	0	0	0	0	0	0	0	0	0	0	0	0	0	0	0	0	1	0	0	1	0	11	0
OTU1395	0	0	0	0	0	0	0	0	0	0	0	0	0	0	0	0	0	0	0	0	0	0	0	0	0	0	0	0	0	0	0	0	0	0	0	1	0	0	0	0	0	0	0	0	0	0	0	0	0	0	0	0	0	0	2	0	0	0	0	0	0	0	0	0	155	107	0	31	2	0	0	0	0	0	0	0	0	0	0	0	0	0	0	0	0	0	0	0	0	0	0	0	0	0	0	0	0	0	0	0	1	0
OTU1396	0	0	0	0	0	0	0	3	2	0	0	0	0	0	0	0	2	0	0	0	0	0	0	0	1	0	4	9	1	0	0	0	0	0	0	0	0	0	0	0	0	0	1	0	0	0	0	0	0	0	0	13	1	0	0	9	0	0	1	0	1	0	0	0	0	83	4	0	0	0	13	0	4	0	0	0	9	0	7	0	21	0	1	0	0	0	8	0	0	1	17	19	0	47	4	23	1	0	3	0	0	0
OTU1397	0	4	0	0	0	0	0	0	0	0	0	1	0	0	0	0	0	0	0	0	0	1	0	1	0	0	0	1	0	0	0	0	0	0	2	0	15	0	26	2	0	6	7	0	0	0	0	0	0	3	0	3	53	2	1	0	0	0	1	0	0	0	0	0	0	0	0	0	0	28	0	7	8	4	0	11	5	6	2	0	26	0	1	0	0	0	32	0	66	8	12	5	1	4	1	2	1	0	0	0	0	0
OTU1398	0	0	0	0	2	0	0	0	1	0	0	0	0	0	0	0	0	0	1	0	0	0	0	5	0	0	7	4	1	14	0	0	0	0	1	5	0	4	15	0	7	23	0	0	0	9	0	108	11	1	0	17	4	94	19	1	9	15	36	0	0	0	0	1	1	0	0	0	0	14	37	3	0	0	20	1	1	0	34	20	4	1	33	4	4	89	0	6	2	3	0	3	47	6	10	4	1	1	0	0	1	26
OTU1399	0	3	0	0	0	0	0	0	0	0	0	0	0	0	0	0	0	0	2	0	0	0	0	0	0	0	9	6	26	0	0	0	0	0	0	0	0	0	3	0	7	4	4	4	0	0	2	0	36	5	2	17	5	2	11	7	2	14	6	0	1	0	2	0	3	4	9	0	12	0	0	1	0	0	7	5	3	1	5	0	16	3	2	4	30	4	1	0	0	7	9	25	1	17	22	18	2	1	9	71	5	10
OTU14	0	46	19	2	0	6	208	20	15	8	17	15	15	26	8	7	2	11	21	1	18	24	6	8	275	32	58	69	40	82	148	18	15	15	21	10	879	49	112	5	4825	612	1025	155	111	358	71	293	2198	648	500	813	59	3736	3666	695	191	226	985	382	13	1	4	10	722	270	1602	107	260	58	77	138	94	66	511	272	198	458	10510	786	8761	15414	220	56	73	262	186	615	67	2472	2708	824	198	328	135	1176	234	117	248	10	425	551
OTU140	0	4	3	6	0	0	0	0	2	2	0	6	1	3	0	2	0	4	0	0	5	33	0	0	0	0	5	33	4	7	4	4	7	0	2	0	1390	4	15	6	14	2	5	137	394	6	8	13	3	8	0	8	2	12	138	604	8	51	267	0	1	0	1	1	7	8	25	2	10	1	12	3	18	7	4	19	77	6	6	8	11	33	14	4	13	8	1	6	7	5	1	2	5579	75	13	90	53	145	105	0	1368	0
OTU1400	0	0	0	0	0	0	0	0	0	0	0	1	0	0	0	0	0	0	0	0	0	0	0	0	0	0	20	34	0	0	84	6	0	0	0	6	0	0	4	0	3	4	0	80	32	0	25	94	0	6	1	3	0	5	56	5	201	117	45	1	0	0	0	1	0	0	1	4	0	2	3	24	8	5	0	1	42	2	0	4	1	1	18	0	4	6	2	0	6	0	2	1	47	2	58	31	13	1	0	5	3	0
OTU1401	0	0	2	0	0	0	1	0	0	0	0	0	0	0	0	0	0	0	0	0	0	3	0	0	0	0	0	0	0	0	0	0	0	0	5	0	0	0	3	0	0	0	1	6	30	0	0	6	4	0	1	3	0	6	20	8	1	20	48	0	0	0	0	0	0	0	0	0	1	0	6	0	4	0	0	3	2	1	4	0	0	8	26	16	11	14	0	0	0	1	0	0	37	1	3	1	84	49	83	0	38	31
OTU1402	0	0	0	1	0	0	0	0	0	0	0	0	0	0	0	0	0	0	5	0	0	0	0	0	0	0	2	16	2	0	0	4	3	0	4	0	0	0	0	0	1	2	2	15	0	0	0	3	18	6	0	24	1	5	0	0	2	2	15	0	0	0	0	0	64	0	0	39	0	0	0	1	23	1	0	18	0	1	3	0	0	0	3	0	0	8	3	0	0	6	2	33	0	4	0	1	0	0	63	0	0	0
OTU1403	0	0	0	0	0	0	0	0	0	0	0	0	0	0	0	0	0	0	0	0	0	0	0	1	0	0	0	0	0	0	0	0	0	0	4	0	0	0	0	0	0	0	0	0	1	0	0	0	0	0	0	0	0	0	0	0	1	0	0	0	0	0	0	0	0	0	0	0	0	0	0	276	0	0	0	1	0	0	0	0	0	0	0	0	0	0	0	4	0	3	0	1	0	0	0	0	0	0	0	0	0	0
OTU1404	0	0	0	0	0	0	0	0	0	0	0	0	0	0	0	0	0	0	0	0	0	0	0	0	0	0	0	0	0	0	0	0	0	1	0	0	0	0	0	0	0	0	0	0	0	0	0	0	0	0	0	0	0	0	0	0	0	0	0	0	0	1	0	0	0	0	0	0	0	0	0	0	0	0	0	0	0	0	0	0	0	0	0	0	0	0	0	0	0	0	0	0	3	0	0	0	0	236	0	0	0	0
OTU1405	0	0	0	0	0	0	0	0	0	0	0	0	0	0	0	0	0	0	0	0	0	0	0	0	0	0	0	0	0	0	0	0	0	0	0	0	0	0	0	0	0	0	0	0	0	0	0	0	0	0	0	0	0	0	0	0	0	0	0	0	0	0	0	0	0	0	0	0	0	0	0	0	0	0	0	0	0	0	0	0	0	0	0	0	0	0	0	0	0	0	0	0	0	0	0	0	0	0	0	227	0	0
OTU1406	0	0	5	0	0	0	9	2	0	0	0	9	0	0	3	0	0	0	1	0	2	2	1	7	6	0	11	8	2	2	0	1	11	2	13	9	14	2	21	0	1	0	1	18	211	16	59	94	2	15	10	8	1	2	33	16	21	15	71	4	9	0	5	8	559	107	100	135	126	12	4	5	0	3	0	4	22	6	3	0	2	39	30	28	1	44	6	5	11	2	2	27	90	63	22	117	42	398	126	92	138	122
OTU1407	0	0	0	1	0	0	0	2	0	1	0	1	0	0	49	1	0	0	0	0	0	1	2	0	0	0	6	1	9	0	3	0	0	1	0	0	43	58	10	0	3	1	8	7	3	12	7	1	4	1	0	3	0	4	5	3	44	1	8	4	0	0	0	0	0	0	1	0	1	23	572	1	8	6	2	200	5	405	1	28	6	31	0	2	1	2	167	0	3	0	0	6	3	3	8	6	9	0	0	0	1	0
OTU1408	0	0	0	0	0	0	0	4	0	0	0	0	0	0	0	0	0	0	2	0	0	0	0	0	3	0	3	32	2	6	2	0	0	0	0	0	0	0	0	0	2	2	0	12	4	8	7	7	11	0	0	17	2	1	20	6	5	8	6	0	0	0	0	0	33	12	0	3	3	0	0	2	2	1	0	0	0	0	6	0	10	11	3	0	0	3	1	0	0	4	0	19	14	12	5	1	16	22	29	25	1	24
OTU1409	0	0	0	0	0	0	0	0	0	0	0	0	0	1	0	0	0	0	0	0	0	0	0	0	0	1	0	2	0	3	0	0	0	0	0	1	8	0	11	0	9	0	3	8	5	19	1	2	0	18	2	12	48	5	4	2	20	1	6	1	0	0	1	0	0	0	1	0	0	0	0	0	1	2	2	1	8	9	3	1	0	17	0	3	11	0	0	0	1	8	0	12	6	9	6	23	0	0	0	0	1	0
OTU141	1	8	0	0	3	3	11	14	0	0	3	4	1	3	2	0	3	0	4	0	3	2	1	4	14	6	208	87	168	76	296	12	34	4	35	40	45	46	179	0	236	69	71	261	395	212	100	570	31	68	20	294	175	110	216	200	395	188	111	10	21	12	3	20	82	7	37	9	106	22	36	167	97	304	39	123	98	857	44	51	108	96	382	262	100	139	217	145	297	215	89	200	154	192	281	348	140	418	190	1268	946	134
OTU1410	0	0	2	0	0	0	0	1	0	0	0	0	0	2	0	0	0	0	0	0	0	2	0	0	0	0	0	2	2	8	5	1	1	0	11	0	14	2	1	0	8	0	1	54	20	7	2	8	7	1	3	0	5	2	9	4	6	9	9	2	2	1	3	0	13	12	61	11	53	8	35	34	12	17	0	4	0	57	0	0	11	38	5	117	15	7	13	1	10	1	5	0	14	2	7	21	8	4	1	32	10	2
OTU1411	0	0	0	0	0	0	0	2	0	0	0	0	0	0	0	0	0	0	3	0	0	0	0	1	1	0	8	8	0	6	4	0	4	0	0	0	5	0	0	0	2	0	1	0	13	0	6	41	0	1	0	23	0	0	6	1	0	32	13	2	0	0	0	1	0	0	4	3	2	0	1	1	3	0	1	1	3	0	0	0	0	4	34	0	15	45	0	0	0	0	0	0	17	62	36	8	29	5	43	0	463	443
OTU1412	0	0	2	0	0	0	0	1	0	0	0	0	0	0	0	0	0	0	0	0	0	0	0	0	0	0	0	2	0	0	0	0	0	0	0	0	0	0	1	0	0	2	0	42	27	26	3	0	0	3	0	1	2	0	41	36	90	15	19	0	1	0	0	0	26	0	7	1	0	0	2	0	1	0	0	2	2	1	0	0	0	7	25	0	0	6	3	1	0	1	0	0	21	0	3	1	9	4	0	0	0	0
OTU1413	0	0	0	0	0	0	0	0	0	0	0	0	0	0	0	0	0	0	0	0	0	0	0	0	0	0	0	0	0	0	0	0	2	0	0	2	0	0	0	0	0	0	0	0	0	0	0	6	0	0	0	0	0	5	0	0	0	1	0	0	0	0	0	0	35	26	114	7	43	0	0	0	0	4	0	0	0	2	0	0	0	0	5	0	0	4	0	0	1	0	0	0	4	7	3	3	30	0	37	1	14	0
OTU1414	0	0	0	0	0	0	0	0	0	0	0	0	0	0	0	0	0	0	0	0	0	0	0	0	0	0	0	0	0	0	0	0	0	0	0	0	0	0	0	0	0	0	0	0	0	0	0	0	0	0	0	0	0	0	0	0	0	0	0	0	0	0	0	0	0	26	0	0	25	0	0	0	0	0	0	0	0	0	0	0	0	0	0	0	0	0	0	0	0	0	0	0	0	2	0	0	0	0	67	2	79	29
OTU1415	0	0	0	0	0	0	0	0	0	0	0	0	0	0	0	0	0	0	0	0	0	0	0	0	0	0	0	0	0	0	0	0	0	0	0	0	0	0	0	0	0	0	0	0	0	0	0	0	0	0	0	0	0	0	0	0	0	0	0	0	0	0	0	0	0	0	0	0	0	0	0	0	0	0	0	0	0	0	0	0	0	0	0	0	0	0	0	0	0	0	0	0	0	0	0	0	0	1	0	0	222	0
OTU1416	0	0	0	0	0	0	0	0	0	0	0	2	0	0	0	0	0	0	0	0	0	0	0	0	0	0	41	45	1	38	0	0	0	0	0	3	1	0	2	0	0	0	0	5	0	0	8	30	1	0	0	26	1	11	2	2	0	22	5	0	0	0	0	0	0	0	0	0	0	0	0	3	0	26	17	0	0	0	19	2	68	3	0	0	0	0	0	0	17	0	12	0	5	1	7	8	17	0	0	0	0	0
OTU1417	0	2	2	0	0	0	3	1	0	0	0	1	0	1	0	0	1	104	1	4	0	0	1	0	6	0	37	61	22	73	22	3	8	1	5	4	47	40	19	0	193	42	63	74	36	50	21	30	14	12	8	85	62	10	23	68	60	37	42	1	1	3	3	8	319	206	298	146	273	3	47	21	30	34	16	46	147	31	41	41	27	45	40	19	16	13	39	28	30	11	115	57	74	55	35	62	33	14	49	39	86	44
OTU1418	0	0	0	0	0	0	0	0	0	0	0	0	0	0	0	0	0	0	0	0	0	1	0	0	0	0	0	16	143	0	0	1	0	1	0	0	58	7	44	0	9	0	0	6	4	10	4	0	0	0	0	2	0	1	0	0	6	0	1	0	0	1	0	0	3	0	0	0	0	3	0	4	0	1	0	0	25	4	0	1	5	1	0	10	0	0	1	0	7	0	0	0	0	0	0	1	0	0	0	0	0	0
OTU1419	0	0	0	0	0	0	0	0	0	0	1	0	0	0	0	0	0	0	0	0	0	0	0	0	0	0	1	3	53	0	1	0	0	0	0	0	7	0	2	0	2	9	14	9	11	59	14	2	0	0	0	0	0	8	6	78	10	5	2	0	0	0	0	0	0	0	2	0	0	2	1	15	0	3	4	1	4	1	0	0	0	33	0	6	0	0	1	1	2	0	0	16	9	0	0	1	0	0	0	0	0	0
OTU142	0	10	4	4	0	0	0	0	1	0	2	2	0	2	0	0	0	3	14	0	2	0	5	13	1	0	4	6	3	6	7	0	0	0	12	0	9	73	1531	1	329	1645	783	3	6	7	15	9	10	12	49	16	14	39	20	19	25	12	20	0	0	0	1	0	0	0	0	0	0	363	125	412	5	24	215	19	49	464	8	33	60	19	9	9	9	13	65	374	760	41	33	110	16	14	39	26	9	0	0	0	1	0
OTU1420	0	0	0	2	0	0	0	5	0	0	2	0	0	2	0	0	1	0	0	0	0	0	4	0	0	0	6	4	0	2	0	0	1	1	3	1	50	17	27	0	20	13	9	91	15	57	43	76	4	8	9	2	1	5	29	61	45	50	45	0	0	0	0	3	2	6	0	3	1	10	14	10	3	8	2	21	4	5	4	7	8	28	20	4	14	100	21	7	40	2	3	24	42	15	19	16	19	1	0	0	1	2
OTU1421	0	0	0	0	0	0	0	0	0	0	0	0	0	0	0	0	0	0	2	0	1	0	0	0	0	0	0	0	0	0	1	0	0	0	0	0	0	0	0	0	0	0	13	0	0	0	0	0	0	0	0	2	0	0	1	0	1	0	6	0	3	1	0	0	18	12	1	30	121	0	0	0	0	0	0	9	1	0	0	0	0	0	1	5	3	0	0	0	0	1	0	0	1	0	0	3	0	25	16	0	62	12
OTU1422	0	0	0	0	0	0	0	1	0	0	0	0	0	0	0	0	0	0	0	0	0	0	0	0	5	2	0	0	0	0	0	0	0	0	0	0	0	0	0	0	0	0	0	0	0	0	0	0	0	0	0	0	0	0	4	0	1	5	0	0	2	0	0	0	32	83	102	16	46	0	0	0	0	0	0	0	0	0	0	0	0	0	0	0	0	0	0	1	0	0	0	0	0	0	1	0	0	4	0	0	0	0
OTU1423	0	0	0	0	0	0	0	0	0	0	0	0	0	0	0	0	0	0	0	0	0	0	0	0	0	0	0	0	0	0	0	0	0	0	0	0	0	0	0	0	0	0	0	0	0	0	0	0	0	0	0	0	0	0	0	0	0	0	0	0	0	0	0	0	0	0	0	0	0	0	0	0	0	0	0	0	0	0	0	0	0	0	0	0	0	0	0	0	0	0	0	0	0	0	0	0	0	0	0	215	0	0
OTU1424	0	0	0	0	0	0	0	0	0	0	0	0	0	0	0	0	0	0	0	0	0	0	0	0	0	0	0	0	0	0	0	0	0	0	1	0	0	0	0	0	0	0	0	0	0	0	0	0	0	0	0	0	0	0	0	0	0	0	0	0	0	0	0	0	0	0	0	0	0	0	0	0	0	0	0	0	0	0	0	0	0	0	0	0	0	0	0	0	0	0	0	0	0	0	0	0	0	0	0	216	0	1
OTU1425	0	0	0	0	0	1	0	0	0	0	322	0	0	0	0	0	0	0	0	2	0	0	0	0	0	0	0	0	2	0	0	0	0	0	0	0	0	0	0	0	0	0	0	0	0	0	0	0	0	0	0	0	0	0	0	0	0	0	0	0	0	0	0	2	0	0	0	0	0	0	0	0	0	0	0	0	1	0	0	0	1	0	0	0	1	0	0	0	1	0	0	0	0	2	0	2	0	0	0	0	0	0
OTU1426	0	0	0	0	0	0	0	0	0	0	0	1	0	0	1	0	0	0	0	0	0	0	1	1	0	0	2	0	1	0	2	2	0	0	0	0	0	0	6	4	0	2	1	12	1	0	0	0	0	0	0	1	0	13	12	1	6	0	4	0	0	0	0	0	0	0	0	0	1	258	26	15	0	1	200	1	0	3	4	0	6	0	1	0	2	0	4	1	0	0	1	3	3	4	5	0	2	0	1	0	0	0
OTU1427	0	0	0	0	0	1	0	0	0	0	0	0	0	0	1	0	0	0	0	0	0	0	0	0	0	0	10	18	8	0	0	0	4	0	2	0	1	2	0	0	3	6	12	4	3	58	14	0	0	1	0	12	0	1	9	7	6	0	1	0	1	0	0	0	0	0	0	0	0	0	9	0	3	14	6	9	0	0	20	2	9	28	0	1	0	0	0	1	1	5	12	17	0	4	2	16	9	0	0	0	0	1
OTU1428	0	1	0	0	0	0	0	0	0	0	0	0	0	0	0	0	0	1	0	0	0	1	0	0	0	0	2	11	1	23	1	0	0	0	0	0	6	0	4	0	11	5	10	12	3	19	4	10	0	2	2	6	15	6	17	15	6	3	11	0	0	0	0	0	3	0	2	1	0	7	0	9	1	20	5	3	4	3	20	12	9	6	0	0	8	5	3	2	2	7	30	23	10	8	9	6	10	0	0	0	1	2
OTU1429	0	0	0	0	0	0	0	0	0	0	0	3	0	1	0	5	0	0	2	0	0	2	0	0	0	5	6	1	1	0	0	0	0	0	1	0	26	8	14	0	0	59	41	0	1	0	0	0	0	5	5	0	0	0	1	0	2	1	3	0	0	0	0	0	0	0	0	0	0	0	7	12	0	0	8	3	34	4	0	101	11	1	7	0	0	0	11	0	9	1	2	0	0	0	0	8	1	0	1	0	0	0
OTU143	2	26	8	1	2	4	42	29	0	1	1	8	2	12	1	0	3	0	18	3	23	18	22	10	40	27	340	384	221	265	424	22	75	18	74	34	264	338	333	7	856	351	215	317	482	315	185	680	80	246	92	163	772	656	392	353	411	815	633	20	30	10	9	41	788	609	925	542	780	62	168	357	140	219	184	238	342	449	748	216	499	390	701	258	291	266	594	227	305	77	214	364	505	326	787	558	392	1213	897	1299	562	263
OTU1430	0	0	0	0	0	0	1	4	0	0	0	0	0	1	0	1	0	0	2	0	2	0	0	4	3	0	48	43	23	39	58	0	4	2	4	0	10	1	64	2	36	52	7	47	23	28	6	19	11	5	6	16	25	7	18	36	69	12	9	0	0	0	0	1	104	110	60	13	40	15	37	38	34	11	62	23	17	7	4	27	12	31	5	4	7	13	15	72	13	16	17	74	48	20	29	31	79	1	4	69	23	20
OTU1431	0	0	0	0	0	0	2	0	0	0	0	0	0	2	0	0	0	0	0	0	0	1	1	0	1	0	13	1	1	0	0	0	2	0	1	1	0	0	0	0	2	0	0	0	0	0	0	0	3	0	0	1	0	0	2	0	5	2	3	0	0	0	0	2	24	26	80	88	19	0	0	0	0	3	0	0	0	0	0	0	0	0	0	1	0	0	0	0	0	3	12	1	0	1	1	0	6	1	1	0	1	0
OTU1432	0	0	0	0	0	0	2	1	3	0	0	1	0	0	1	1	2	0	2	1	1	7	1	0	6	2	29	68	19	21	13	0	9	15	36	4	30	11	18	2	62	65	32	10	43	280	59	26	66	2	2	171	31	18	106	24	87	75	150	13	7	4	0	0	39	47	18	211	1461	5	54	12	20	63	22	17	58	14	70	36	14	141	19	2	11	35	2	628	12	14	12	40	103	48	42	142	87	111	123	97	212	983
OTU1433	0	0	0	0	0	0	0	0	0	0	0	0	0	0	0	0	0	0	0	0	0	0	0	2	0	0	0	0	0	0	0	0	0	3	0	0	0	0	0	0	0	0	0	0	0	0	0	0	0	0	0	0	0	0	0	0	0	0	8	1	0	0	0	1	0	0	0	0	242	0	0	0	0	0	0	0	0	0	0	0	0	0	0	0	0	0	0	0	0	0	0	0	0	0	0	0	0	1	3	1	1	0
OTU1434	0	0	0	0	0	0	1	0	0	0	0	0	0	0	0	0	0	0	1	0	1	0	0	0	0	0	0	0	0	0	0	0	0	0	1	0	0	0	0	0	0	0	0	0	0	0	0	0	0	0	0	0	0	0	0	0	0	0	0	0	0	0	2	0	1	1	0	0	7	0	0	0	0	0	0	0	0	0	0	0	0	0	0	0	0	0	0	0	0	0	0	0	0	1	3	2	1	0	67	98	90	24
OTU1435	0	0	0	0	0	0	0	0	0	0	0	0	0	0	0	0	0	0	1	0	0	0	0	0	0	0	0	0	0	0	0	0	0	0	0	0	0	0	0	0	0	0	0	0	0	0	0	6	0	0	0	0	0	2	0	0	0	0	0	0	0	0	0	3	0	0	2	0	0	0	0	0	0	0	0	0	0	0	0	0	0	0	0	0	9	0	0	0	0	0	0	0	0	1	0	0	1	64	95	8	243	12
OTU1436	0	0	0	0	0	0	0	0	0	0	0	0	0	0	0	0	0	0	0	0	0	0	0	0	0	0	0	0	0	0	0	0	0	0	0	0	0	0	0	0	0	0	0	0	0	0	0	0	0	0	0	0	0	0	0	0	0	0	0	1	0	0	0	0	0	0	0	0	0	0	0	0	0	0	0	0	0	0	0	0	0	0	0	0	0	0	0	0	0	0	0	0	0	0	0	0	0	0	3	183	0	0
OTU1437	0	4	0	0	0	0	0	0	0	0	0	0	0	0	0	0	0	0	0	0	0	0	0	0	0	0	0	0	0	0	0	0	0	0	0	3	0	0	0	0	0	1	0	0	0	0	0	1	0	0	0	0	0	1	0	0	0	1	0	0	10	0	0	0	0	0	0	0	0	0	0	1	0	0	0	0	0	1	0	0	0	0	259	0	0	0	0	0	0	0	0	2	0	0	1	2	0	0	0	0	0	0
OTU1438	0	0	0	0	0	1	0	0	0	0	1	0	0	0	0	0	0	0	0	0	0	0	0	0	0	0	4	34	6	0	5	0	0	0	1	0	0	4	0	0	49	6	10	0	0	0	18	0	5	12	4	0	25	5	0	0	18	0	1	0	0	0	0	0	0	0	0	0	0	0	0	14	0	52	6	0	2	1	1	15	24	1	1	9	10	0	1	13	0	15	0	81	0	4	1	38	2	0	0	0	7	0
OTU1439	0	0	1	0	1	0	0	3	1	0	0	0	0	0	0	1	0	0	0	0	2	0	0	0	0	0	12	11	5	6	11	0	7	0	0	0	3	0	2	0	8	5	11	12	21	12	14	3	2	14	0	7	6	1	4	1	0	3	7	0	1	1	0	0	11	7	0	13	27	3	8	4	2	1	27	4	10	1	2	14	1	10	4	11	3	0	1	4	0	3	11	11	6	1	22	30	5	89	8	6	31	33
OTU144	0	0	0	0	0	0	5	3	0	0	0	0	0	0	0	0	0	0	3	1	11	5	0	0	2	2	0	0	0	0	0	2	10	4	1	3	0	0	0	0	0	0	0	0	0	0	0	0	0	0	0	0	0	0	0	28	107	20	0	8	2	0	6	4	0	1508	5215	978	10	0	0	0	0	0	2	0	0	0	0	0	0	0	0	0	0	0	0	1	0	0	0	3	0	0	0	35	0	8	7	12	1576	7
OTU1440	1	5	11	0	0	4	3	3	4	1	2	1	0	6	0	1	2	2	5	0	2	3	4	10	0	3	75	81	111	188	129	4	26	31	11	11	23	74	173	0	176	62	259	210	233	1849	98	61	72	63	14	44	23	33	157	282	305	141	131	8	0	5	0	7	8	19	8	7	9	133	53	52	34	94	13	52	71	63	69	37	27	410	116	61	70	134	25	173	96	440	13	43	133	101	170	319	262	3	92	2	27	29
OTU1441	0	2	0	0	0	0	0	1	0	0	0	0	0	0	0	0	0	0	0	0	0	0	0	0	0	0	0	0	0	1	26	0	0	0	2	0	0	7	0	0	6	6	0	1	0	8	4	0	2	1	2	2	0	0	3	4	26	0	11	0	0	0	0	1	0	0	0	0	0	1	1	23	2	0	31	16	0	17	1	0	0	3	0	14	0	0	0	18	52	0	2	1	0	2	3	1	9	0	0	0	1	0
OTU1442	0	0	0	0	0	0	0	0	0	0	3	0	0	3	0	0	0	0	0	0	0	0	0	0	0	0	0	0	0	0	0	0	0	0	0	0	0	17	1	0	0	12	0	0	0	0	0	1	0	1	0	0	12	3	1	0	0	2	0	0	0	0	0	0	0	0	0	0	0	0	104	13	0	0	42	0	41	5	0	18	0	6	2	0	0	0	0	0	0	0	0	0	0	0	0	3	2	0	0	0	0	0
OTU1443	0	0	0	0	0	0	0	0	0	0	0	0	0	0	0	0	0	0	0	0	0	0	2	0	0	0	0	0	0	0	0	0	0	0	0	0	0	0	0	0	0	0	0	0	0	0	0	0	0	0	0	0	0	0	8	5	0	1	0	0	1	0	0	0	90	47	1	51	54	0	0	0	0	0	0	0	0	0	0	0	0	0	0	0	0	0	0	0	0	0	0	0	0	0	0	0	0	0	0	0	1	0
OTU1444	0	0	0	0	0	0	0	0	0	0	0	0	0	0	0	0	0	0	0	0	0	0	0	0	2	0	0	0	0	0	0	0	0	0	0	0	0	0	0	0	0	0	0	0	0	0	0	0	0	0	0	0	0	0	0	0	0	0	0	0	0	0	0	1	10	1	0	0	0	0	0	0	0	0	0	0	0	0	0	0	0	0	0	0	0	0	0	0	0	0	0	0	5	1	13	1	0	84	33	267	57	0
OTU1445	0	0	0	0	0	0	0	0	0	0	1	0	0	0	0	0	0	0	0	0	0	0	0	0	0	0	0	0	0	0	0	0	0	0	0	0	0	0	0	0	0	1	0	0	0	0	0	0	0	0	0	2	0	0	0	0	0	1	0	0	0	0	1	0	0	0	0	0	0	0	0	0	0	0	0	0	0	0	0	0	0	0	0	0	265	0	0	0	0	0	0	0	0	1	0	0	0	0	0	0	0	0
OTU1446	0	0	0	0	0	0	0	0	0	0	0	0	0	0	0	0	0	0	0	0	0	0	0	0	0	0	0	0	0	0	0	0	0	0	0	0	0	0	0	0	0	0	0	0	0	0	0	0	0	0	0	0	0	0	0	0	0	0	0	0	0	0	0	0	0	0	0	0	0	0	0	0	0	0	0	0	0	0	0	0	0	0	0	0	0	0	0	0	0	0	0	0	0	0	0	0	0	0	0	257	0	0
OTU1447	0	2	1	0	0	0	0	0	0	0	0	0	0	0	0	0	0	0	0	0	0	0	0	0	0	0	11	11	0	6	16	0	1	0	0	1	0	1	0	0	0	3	1	0	3	1	6	15	13	4	0	11	0	0	9	2	2	3	9	0	0	0	0	0	0	0	0	0	2	0	0	0	5	0	8	0	1	0	2	0	63	1	14	4	0	14	5	0	0	0	8	5	12	9	8	30	26	0	0	0	30	30
OTU1448	0	0	0	0	0	0	1	1	0	0	0	0	1	0	0	0	0	1	0	0	0	0	0	0	0	0	0	17	95	13	16	0	0	0	0	0	0	26	54	0	9	3	21	6	6	9	0	0	7	6	2	7	3	8	0	10	0	10	1	0	0	0	0	0	0	0	0	0	0	37	0	0	4	0	13	12	20	2	6	28	0	0	24	0	0	5	45	23	0	4	23	7	0	14	0	5	9	0	0	0	0	0
OTU1449	0	0	0	0	0	0	1	0	0	1	0	0	0	1	0	0	0	0	0	0	0	0	0	0	0	0	0	17	0	20	0	0	0	0	0	0	2	0	0	0	11	4	16	1	1	10	0	4	34	6	0	4	10	3	1	0	0	0	0	0	1	0	0	0	0	0	0	0	0	0	0	0	0	0	0	0	0	1	19	0	30	0	17	0	22	2	1	0	1	0	52	1	0	1	9	83	0	0	0	0	4	0
OTU145	1	2	0	2	1	0	7	9	1	2	2	12	0	2	0	3	771	0	12	0	8	3	3	7	21	13	382	124	84	190	415	3	8	6	15	6	70	66	195	1	109	74	245	43	33	35	73	106	79	222	28	146	60	35	152	161	149	151	97	3	4	1	12	29	579	487	373	173	173	29	405	57	48	61	108	123	206	197	153	159	55	60	109	87	490	171	261	156	195	144	233	124	82	149	303	93	108	253	407	776	277	1072
OTU1450	0	0	0	0	0	0	0	0	0	0	0	0	0	0	0	0	0	273	0	0	0	0	0	0	0	0	0	0	0	0	0	0	0	0	0	0	0	0	0	0	19	0	0	0	0	0	0	0	3	0	0	0	0	0	0	0	0	0	0	0	0	0	0	0	0	0	0	0	0	0	0	0	0	0	0	0	0	0	0	1	0	0	0	1	0	0	0	0	0	0	0	0	0	0	0	0	1	0	6	0	0	0
OTU1451	0	0	0	0	0	0	0	0	0	0	0	0	0	0	0	0	0	0	1	0	2	0	0	3	0	0	8	24	66	0	8	3	0	0	0	0	4	6	27	1	1	0	11	8	0	4	4	4	2	6	0	1	1	0	0	1	6	14	2	0	0	0	0	0	0	0	0	1	0	3	20	6	0	13	6	0	17	1	1	1	0	0	3	6	0	0	0	0	24	5	0	1	1	2	2	2	0	0	0	0	0	0
OTU1452	0	0	0	0	0	0	0	0	0	0	0	0	0	0	0	0	5	0	0	0	2	0	0	0	0	0	34	29	8	31	7	0	1	0	0	0	3	9	10	0	38	7	8	1	24	27	12	29	8	3	2	16	3	11	6	4	4	9	10	0	1	0	0	0	76	7	12	0	13	1	2	3	8	5	2	4	1	3	2	0	6	7	15	17	7	3	11	9	0	14	6	16	12	23	8	14	14	1	11	0	2	1
OTU1453	0	0	0	0	0	0	0	1	0	0	0	0	0	2	0	0	0	0	0	0	0	0	0	0	0	0	7	5	4	4	0	0	0	0	1	0	0	0	10	0	3	0	5	6	16	1	0	20	6	1	3	7	1	15	21	27	23	12	16	3	0	0	1	0	2	37	9	7	61	0	0	6	5	4	1	0	1	0	1	7	7	6	26	1	2	20	0	2	0	6	0	1	21	8	8	9	39	22	16	0	49	45
OTU1454	0	0	0	0	0	0	0	0	0	0	1	1	0	0	0	0	0	0	0	0	0	0	0	0	0	0	1	63	6	7	6	1	0	0	4	0	7	15	4	0	5	1	13	25	15	29	3	6	1	0	3	18	22	14	10	3	26	10	11	0	3	1	0	0	0	0	0	0	2	26	1	0	1	2	0	5	11	4	13	3	7	24	7	25	1	9	2	32	24	12	1	0	6	5	5	18	8	0	0	0	0	0
OTU1455	0	4	4	0	0	0	0	0	1	4	1	0	0	0	2	0	3	0	0	0	3	12	0	0	0	0	10	69	1184	11	27	0	0	0	0	0	578	112	18	0	2	3	84	4	18	18	20	1	0	3	4	5	6	4	10	12	265	14	5	4	0	2	0	0	0	0	8	0	0	4	7	10	19	4	4	7	312	73	1	57	6	56	3	17	0	5	2	47	10	0	11	14	8	9	9	28	3	0	1	1	1	2
OTU1456	0	0	0	0	0	3	0	0	0	0	0	2	1	2	0	0	0	0	3	0	0	0	0	0	0	0	6	0	18	0	70	0	0	1	3	0	0	0	0	0	4	7	2	3	0	1	1	2	3	1	0	1	2	1	7	6	4	3	3	0	0	0	0	7	1	0	0	4	0	8	6	1	0	2	7	1	3	9	0	0	1	0	0	3	0	1	28	7	73	1	2	4	2	4	11	16	3	0	0	0	2	0
OTU1457	0	0	0	0	0	0	0	0	0	0	0	0	0	0	0	0	0	0	0	0	0	4	0	1	0	2	11	28	27	13	14	0	0	0	0	0	40	9	105	1	5	12	0	1	0	1	9	1	0	12	0	0	21	1	2	2	13	1	4	0	6	0	0	0	0	0	1	0	0	10	0	10	1	9	9	50	38	8	0	30	7	1	81	3	16	5	16	53	60	1	15	0	2	1	1	3	0	0	0	0	0	0
OTU1458	0	0	0	0	0	0	0	1	0	0	0	0	0	0	0	0	0	0	0	0	0	0	0	0	0	0	0	0	0	0	0	0	0	3	1	0	0	0	0	0	0	0	0	0	0	0	0	0	0	0	0	0	0	0	0	3	0	0	2	0	0	0	0	0	26	26	17	14	105	0	0	0	0	0	0	0	0	0	0	0	0	0	0	0	0	0	0	0	0	0	0	0	0	2	0	5	0	1	49	0	66	0
OTU1459	1	0	0	0	0	0	0	0	0	0	0	0	0	0	0	0	0	0	0	0	0	0	0	0	0	0	0	0	0	0	0	0	0	0	1	1	0	5	1	0	0	0	0	0	0	0	0	1	0	0	0	0	0	0	0	0	1	0	13	0	0	0	0	0	1	0	1	0	173	0	0	0	14	0	0	0	0	0	0	0	0	0	0	2	0	0	1	1	0	0	0	0	0	0	0	0	0	3	1	2	1	0
OTU146	2	0	0	0	0	0	0	0	0	0	0	0	0	1	0	0	0	2	0	0	0	0	0	0	0	2	2	0	4	6	2	29	0	0	0	8	3	1	2	0	4	4	1	1752	2	3	1	109	1	2	2	0	0	13	224	144	6	3069	169	1	0	0	0	0	2	4	0	49	3	7	11	0	0	3	0	6	95	3	3	1	3	6	1	1	0	4	2	1	7	2	0	7	1704	5	12	27	5	25	0	0	1	0
OTU1460	0	0	0	0	0	0	0	2	0	0	0	0	0	0	0	0	0	0	4	0	0	2	0	0	0	0	5	2	0	0	0	0	0	0	0	2	8	9	17	0	35	3	4	0	0	1	3	12	5	5	0	0	0	2	0	2	0	5	3	0	0	0	0	0	0	0	0	2	0	0	8	11	0	2	7	3	0	1	1	3	7	0	10	2	5	0	0	13	11	1	0	0	25	22	34	4	0	0	18	0	0	0
OTU1461	0	0	0	0	0	0	0	0	0	0	0	0	0	1	0	0	0	0	0	0	0	0	0	0	0	0	0	0	0	0	0	0	1	0	0	0	0	0	0	0	0	3	0	11	4	0	0	1	1	0	0	1	0	0	10	64	179	0	1	0	0	0	0	0	0	0	5	0	0	0	0	0	0	0	0	0	1	1	1	6	4	0	0	0	0	0	2	0	0	0	0	0	1	0	0	2	0	0	0	0	0	0
OTU1462	0	0	0	0	0	0	1	0	0	0	0	0	0	0	0	0	0	0	0	0	0	0	0	0	4	1	0	0	0	0	0	0	0	0	1	0	0	0	0	0	0	0	0	0	0	0	0	0	0	0	0	0	0	0	0	0	0	0	0	0	0	0	0	2	0	2	8	0	0	0	0	0	1	0	0	0	0	0	0	0	0	0	0	0	0	0	0	0	0	0	0	0	0	11	0	0	0	0	235	0	0	0
OTU1463	0	29	4	4	9	9	11	6	4	3	3	12	0	3	7	6	0	2	3	0	109	0	0	2	2	1	40	7220	40	2685	10449	4	2	5	37	1	52	17	62	4	46	45	9498	38	45	57	2407	27	69	29	2	78	39	211	87	103	90	67	132	3	1	0	1	131	1	0	7	2	5	1549	49	43	38	48	25	67	121	43	54	65	554	45	45	43	47	79	57	37	76	74	1296	11623	118	547	3040	124	146	6	17	51	3	6
OTU1464	0	0	0	0	0	0	0	0	0	0	0	0	0	0	0	0	0	0	0	0	0	0	0	0	0	0	0	0	0	0	0	0	0	0	0	0	0	0	0	0	0	0	0	0	0	0	0	0	0	0	0	0	0	0	0	0	0	0	0	0	0	0	0	0	0	0	0	0	0	0	0	0	0	0	0	0	0	0	0	0	0	0	0	0	0	0	0	0	0	0	0	0	0	0	0	0	0	0	0	188	0	0
OTU1465	0	0	0	0	0	0	0	1	0	0	0	0	0	0	0	0	0	0	0	1	0	0	0	0	0	1	0	0	0	0	0	0	0	0	0	0	0	0	1	0	0	0	0	1	0	0	0	0	36	0	0	0	9	1	2	0	0	8	1	0	0	0	0	1	57	0	7	8	2	0	0	0	14	0	0	0	1	0	0	3	1	0	4	0	0	1	0	0	0	0	11	0	1	0	0	1	0	112	0	0	17	1
OTU1466	0	0	0	0	0	0	1	0	0	0	0	0	0	0	0	0	0	0	0	0	3	0	0	0	0	0	43	30	5	48	27	0	2	0	0	1	0	3	1	0	3	5	16	19	16	35	45	6	2	2	0	66	18	3	12	38	1	21	5	2	0	2	0	0	22	4	1	1	16	0	4	36	20	32	3	2	16	0	21	1	31	4	10	7	13	10	1	2	1	17	3	35	8	3	15	53	8	0	2	1	0	0
OTU1467	0	0	0	0	0	0	0	0	0	0	0	1	0	0	0	0	0	0	0	0	0	0	0	0	0	0	3	0	0	1	0	0	0	0	0	0	0	0	1	0	75	2	20	0	0	0	0	0	23	1	9	0	0	0	0	2	2	0	0	0	0	0	0	0	0	0	0	0	0	0	0	0	0	0	0	0	0	72	8	0	2	0	0	2	18	0	0	0	0	12	2	10	0	0	4	4	0	0	0	0	0	0
OTU1468	0	0	0	0	0	0	1	1	0	0	1	0	0	0	0	0	0	0	1	0	0	0	0	0	1	1	0	7	0	7	0	0	2	4	1	0	2	0	0	0	2	0	1	5	7	3	0	0	0	2	0	4	8	4	7	13	3	1	7	0	1	0	0	0	0	28	29	6	6	1	0	0	0	0	6	0	1	0	51	2	24	18	15	0	0	12	0	3	0	1	3	7	4	14	0	5	6	0	40	2	98	26
OTU1469	0	0	2	0	0	0	0	0	0	0	0	0	0	0	0	0	0	1	0	0	0	0	0	0	0	0	0	7	0	0	0	0	0	0	0	0	1	0	0	1	2	0	0	42	4	0	0	10	0	0	0	0	0	3	0	9	0	0	27	0	0	0	0	0	0	0	0	0	0	1	0	0	5	0	0	0	0	1	0	0	0	7	12	0	8	9	0	0	0	0	4	1	3	16	9	47	16	0	0	0	0	1
OTU147	0	0	0	0	0	0	11	9	0	0	0	0	0	0	0	0	0	0	5	0	3	4	2	3	2	8	1	0	0	2	6	1	6	1	12	4	0	0	0	0	0	1	0	0	2	0	0	1	0	0	0	0	0	0	109	72	124	32	104	3	6	3	3	0	2211	845	2002	540	1457	0	0	0	0	0	0	0	0	0	3	1	0	0	0	0	0	0	1	0	0	0	0	0	4	2	0	5	0	15	70	12	119	15
OTU1470	0	0	0	0	0	0	0	0	0	0	0	0	0	1	0	0	0	0	0	0	2	0	0	0	2	0	0	0	0	1	0	1	1	0	0	5	0	0	1	0	0	0	3	11	57	0	0	91	0	0	0	1	0	3	20	3	0	8	11	0	0	0	0	0	0	0	0	3	0	0	0	0	1	1	0	2	2	1	0	1	0	6	39	3	0	7	2	1	2	0	0	0	14	1	28	0	9	0	0	0	0	0
OTU1471	0	0	0	0	0	0	0	0	0	0	0	0	0	0	0	0	0	0	0	0	1	0	0	0	0	0	0	0	0	1	0	0	0	0	1	0	13	2	18	0	116	0	13	21	0	0	0	0	0	12	1	1	0	2	1	0	0	0	0	0	0	0	0	0	0	0	0	0	0	6	2	0	0	4	2	13	0	6	0	0	12	3	2	0	2	0	60	4	36	1	0	0	0	3	0	1	1	0	0	0	0	0
OTU1472	0	0	0	0	0	0	0	0	0	0	0	0	0	0	0	0	0	0	0	0	0	0	0	0	0	0	0	0	0	0	0	0	0	0	0	0	0	0	0	0	0	0	0	0	0	0	0	0	0	0	0	0	0	0	0	0	0	0	0	0	0	0	0	0	0	0	0	0	0	0	0	0	0	0	0	0	0	0	0	0	0	0	0	0	0	0	0	0	0	0	0	0	0	0	1	0	0	0	0	170	0	0
OTU1473	0	1	0	0	0	0	0	0	0	0	2	0	1	0	3	0	0	6	2	0	0	0	0	0	0	1	0	0	32	0	0	0	0	0	1	0	50	7	48	0	2	1	3	0	0	11	1	0	0	0	0	16	5	1	2	0	2	0	0	1	0	0	0	0	0	0	0	0	0	1	0	4	0	0	1	3	48	16	0	56	0	11	0	0	2	0	59	19	1	7	2	1	0	0	0	9	0	0	0	0	0	0
OTU1474	0	0	1	0	0	1	0	0	0	2	0	1	1	1	0	0	0	0	0	0	0	1	0	0	0	0	0	0	0	0	0	0	0	0	0	0	129	9	29	0	1	0	0	2	0	0	0	0	0	0	0	0	0	1	1	0	15	2	2	0	0	0	0	0	0	0	0	0	0	0	0	0	0	1	0	0	67	96	0	0	0	0	0	0	1	1	0	0	0	0	0	0	2	6	0	0	0	0	0	0	0	0
OTU1475	0	2	0	1	0	0	0	0	0	0	0	5	0	2	0	0	0	0	0	0	0	0	0	0	0	0	22	12	0	15	28	0	3	0	2	0	0	0	0	0	2	6	3	0	3	0	2	6	5	70	0	5	2	20	5	7	0	1	10	0	0	0	0	0	0	1	0	0	0	0	0	13	5	15	2	5	10	2	0	7	3	5	5	0	1	0	1	20	4	14	0	0	7	16	5	18	15	0	0	0	2	0
OTU1476	0	0	0	0	0	0	0	0	1	0	0	0	0	0	0	0	0	0	0	0	1	0	0	0	0	0	0	0	0	3	0	0	0	3	0	0	1	2	0	0	6	1	2	0	0	3	2	0	0	1	2	24	0	2	1	1	0	0	1	0	0	0	0	1	0	0	3	0	0	26	146	30	3	4	39	0	0	0	0	0	0	2	1	0	0	0	4	2	0	0	0	0	0	0	0	8	1	0	2	0	1	0
OTU1477	0	0	0	0	0	0	0	0	0	0	0	0	0	0	0	0	0	0	0	0	0	0	0	0	0	0	4	14	0	4	0	0	2	0	2	0	10	0	0	0	7	3	0	20	7	11	0	0	2	2	0	22	0	0	9	4	14	4	9	0	0	0	0	1	0	0	3	0	0	3	0	7	0	3	104	0	0	0	18	0	3	1	0	11	0	2	9	1	0	0	2	0	7	2	5	0	4	1	4	0	0	23
OTU1478	0	0	0	0	0	0	1	1	0	0	0	0	0	0	0	0	0	0	0	0	0	0	0	0	0	0	0	0	0	0	0	0	0	0	0	0	0	0	0	0	0	0	0	0	0	0	0	0	0	0	0	0	0	0	18	0	0	0	0	0	0	0	0	0	231	2	0	0	0	0	0	0	0	0	0	0	0	0	0	0	0	0	0	0	0	0	0	0	0	0	0	0	0	0	0	0	0	0	0	0	0	0
OTU1479	0	0	0	0	0	0	0	0	0	0	0	0	0	0	0	0	0	0	1	0	0	1	0	0	0	0	0	0	0	0	0	0	0	0	1	1	0	0	0	0	0	0	0	0	0	0	0	2	0	0	0	0	0	0	2	5	0	3	3	0	0	0	0	0	33	100	121	0	98	0	0	0	0	0	0	0	0	1	0	0	0	0	0	0	0	0	0	0	0	0	0	0	0	0	0	0	0	0	0	0	0	0
OTU148	0	0	0	0	0	0	1	5	0	0	0	0	0	0	0	0	0	0	7	2	7	8	1	6	2	6	0	1	0	0	0	5	2	1	9	3	0	0	0	0	0	0	0	18	0	1	0	0	0	0	0	3	0	0	0	0	3	2	0	6	5	4	2	3	19	17	47	45	8	0	1	0	0	0	0	3	0	0	0	0	1	1	0	0	0	0	0	0	0	0	0	0	23	41	8	28	45	748	1265	301	659	2512
OTU1480	0	0	0	0	0	0	0	0	0	0	0	0	0	0	0	0	0	0	0	0	0	0	0	0	2	0	0	0	0	0	0	0	0	0	0	0	0	0	0	0	0	0	0	0	0	0	0	0	0	0	0	0	0	0	0	0	0	0	0	1	0	0	0	0	0	0	0	0	0	0	0	0	0	0	0	0	0	0	0	0	0	0	0	0	0	0	0	0	0	0	0	0	0	0	0	0	9	0	2	0	0	213
OTU1481	0	0	0	0	0	0	0	5	0	0	0	0	0	0	0	0	1	0	0	0	0	0	0	0	0	1	0	0	0	0	0	0	0	0	0	0	1	0	0	0	4	0	0	10	1	2	0	3	0	0	0	0	0	0	1	0	3	3	4	2	1	0	0	0	85	38	59	186	46	0	0	0	0	0	0	8	0	0	0	0	0	1	12	0	0	1	0	0	3	0	0	0	2	1	0	0	0	6	13	0	6	20
OTU1482	0	0	0	0	0	0	0	1	0	0	2	0	0	0	0	0	2	0	0	0	0	4	1	0	1	3	1	0	0	0	0	0	0	0	4	0	74	3	4	0	6	1	0	0	0	0	0	0	3	0	0	5	0	3	5	2	0	1	0	0	0	0	0	0	0	0	0	0	0	5	9	4	0	0	4	38	0	9	0	30	0	0	1	0	0	2	36	1	11	25	3	3	0	0	0	1	3	1	0	0	0	0
OTU1483	0	0	0	0	0	0	0	0	0	0	0	1	0	0	0	0	0	0	1	0	0	0	0	0	0	0	1	3	3	1	2	0	0	0	0	0	1	0	1	0	27	1	0	14	28	17	0	1	14	10	0	8	14	2	13	8	7	2	16	0	0	0	0	0	0	0	0	0	0	30	53	0	3	1	11	2	0	1	0	0	3	2	0	0	0	0	6	0	1	0	0	6	6	2	28	18	17	0	0	0	1	0
OTU1484	0	0	0	0	0	0	0	1	0	0	0	0	0	0	0	0	0	0	0	0	0	0	0	0	0	0	8	0	4	4	7	0	0	0	1	1	10	0	0	0	21	3	0	0	3	14	2	5	3	5	2	8	7	0	19	0	6	3	5	0	0	0	0	0	1	0	50	8	35	6	3	11	11	3	17	4	0	8	6	4	1	4	2	2	6	5	0	32	2	7	2	10	50	13	3	12	15	0	4	0	35	29
OTU1485	0	0	0	0	0	0	0	2	0	0	0	0	0	0	0	0	0	0	0	0	0	0	0	0	0	0	0	0	168	0	0	0	0	0	0	0	0	8	0	0	0	6	0	0	0	0	2	0	0	0	0	0	0	0	0	0	3	1	0	0	0	0	0	0	0	0	0	0	0	1	57	0	0	0	0	13	0	0	0	0	0	0	1	0	0	0	17	0	0	0	1	0	2	0	2	0	0	0	0	0	0	0
OTU1486	0	0	0	0	0	0	0	0	0	2	0	0	0	0	0	0	0	0	0	0	0	0	0	0	0	0	0	0	0	0	0	0	4	0	0	0	0	0	0	0	1	1	0	0	114	1	40	0	0	0	0	7	0	0	1	62	1	2	0	0	0	0	0	0	0	0	0	0	1	0	2	1	0	1	0	0	1	0	1	0	0	0	0	0	0	0	0	0	2	0	0	0	0	1	3	2	0	0	0	0	0	0
OTU1487	0	0	0	0	0	0	1	0	0	0	0	0	0	0	0	0	0	0	2	0	0	0	0	0	0	0	0	0	0	0	0	0	1	0	0	0	0	0	0	0	0	0	0	0	0	0	0	0	0	0	0	0	0	0	2	0	0	2	0	1	0	0	0	1	75	1	106	24	60	0	0	0	0	0	0	0	0	0	0	0	0	0	0	0	0	0	0	0	0	0	0	0	0	0	0	0	0	0	0	0	4	0
OTU1488	0	0	0	0	0	0	0	0	0	0	0	0	0	0	1	0	0	0	1	0	0	1	0	0	0	0	0	7	0	0	7	0	0	0	0	0	0	0	0	0	3	1	0	0	0	0	0	0	2	0	0	0	0	0	7	0	0	3	4	0	1	0	0	1	70	0	68	113	58	0	0	0	0	0	0	0	2	0	1	0	0	4	0	0	0	10	0	0	0	0	0	0	12	0	4	0	0	0	0	0	0	0
OTU1489	0	2	2	0	0	0	0	0	0	0	0	0	0	0	0	0	0	0	0	0	0	0	0	0	0	0	0	0	0	2	0	0	0	0	0	0	0	0	0	0	0	1	1	0	0	0	0	0	1	0	0	0	0	0	1	2	7	0	1	0	0	0	0	1	0	0	0	0	4	105	99	0	0	103	256	2	3	0	2	1	1	1	0	0	3	0	0	3	1	0	0	3	2	2	0	0	1	1	0	0	0	0
OTU149	0	0	4	0	0	8	5	26	6	2	4	6	0	3	4	1	3	0	5	0	17	1	2	4	12	16	147	101	204	98	63	18	47	16	55	6	31	15	20	1	133	72	38	267	311	147	79	122	53	91	13	3212	642	31	160	265	327	591	345	12	8	9	7	13	504	509	1005	1195	276	24	109	619	155	153	48	126	163	23	54	82	35	165	81	82	111	99	89	63	56	12	49	50	290	107	149	189	282	423	550	476	898	1012
OTU1490	0	0	1	0	0	0	0	2	0	0	0	0	0	2	0	0	0	0	0	0	0	4	0	0	0	0	1	1	3	0	0	0	0	0	0	0	61	0	19	0	6	12	46	0	0	2	2	3	0	8	0	3	0	0	3	3	2	0	0	0	0	0	0	0	0	0	0	0	0	0	13	11	0	0	0	17	0	30	0	8	0	0	1	1	0	0	5	11	2	0	0	0	0	2	2	1	0	0	0	0	0	0
OTU1491	0	0	0	0	0	0	0	4	0	0	0	0	0	0	0	0	0	0	1	0	0	1	0	2	1	0	5	12	0	26	0	0	0	0	0	0	1	0	7	0	3	20	14	0	1	4	1	3	6	3	0	101	4	7	2	1	2	3	7	1	0	0	1	2	77	11	42	62	19	0	8	0	14	23	19	1	1	0	19	2	12	0	5	2	30	5	1	0	5	31	32	30	1	7	12	7	7	0	18	27	7	0
OTU1492	0	0	0	0	0	0	0	3	0	0	0	0	0	1	0	0	0	0	0	0	0	0	0	1	0	2	0	7	0	0	0	0	0	0	0	0	5	5	21	0	5	0	27	3	3	6	1	0	0	0	0	0	2	1	0	1	18	1	0	0	0	0	0	0	0	0	0	0	0	8	9	2	3	0	3	41	2	4	0	20	5	4	0	18	2	4	4	15	5	4	6	0	1	1	3	1	0	0	0	0	0	0
OTU1493	0	0	0	0	0	0	0	0	0	0	0	1	1	0	0	0	0	0	0	0	4	0	0	0	0	0	6	0	13	3	0	0	0	0	0	0	19	15	0	0	18	4	22	0	0	0	0	1	0	0	0	0	3	2	0	1	14	0	0	0	0	0	0	0	0	0	0	0	0	0	32	0	5	7	7	27	17	3	0	6	2	2	2	0	0	1	8	15	1	0	16	0	0	4	1	12	0	0	1	0	0	0
OTU1494	0	0	0	0	0	0	0	0	0	0	1	2	0	0	0	0	0	0	0	0	0	1	0	1	0	1	27	2	4	8	17	0	2	0	1	0	1	0	0	0	0	0	3	5	12	0	10	3	5	0	0	13	0	2	11	4	4	2	0	0	0	0	0	0	3	0	0	0	0	1	0	0	2	7	5	3	1	2	0	0	3	6	7	2	0	5	5	2	0	3	2	0	6	27	3	8	2	53	63	44	78	66
OTU1495	0	0	0	0	0	0	0	0	0	0	1	0	0	0	0	0	0	0	0	0	0	1	0	0	0	0	40	2	36	9	19	0	2	0	0	0	20	4	30	0	0	0	0	0	0	0	0	0	0	1	0	2	0	3	1	4	25	0	0	0	0	0	0	0	0	0	0	0	0	1	8	0	0	10	9	29	5	8	0	9	0	0	0	3	0	0	1	22	0	0	5	0	0	2	0	0	0	0	0	0	0	0
OTU1496	0	3	0	0	0	0	1	6	0	0	0	1	0	14	0	0	0	0	0	0	0	1	0	0	0	4	74	18	0	77	17	0	3	0	2	1	0	1	1	0	0	2	1	1	54	0	83	77	6	2	0	15	1	5	19	18	5	13	23	5	0	0	2	2	44	44	96	20	100	0	1	0	4	3	0	1	2	0	36	1	0	18	22	5	16	17	1	0	4	8	0	7	41	6	54	26	0	0	272	156	175	184
OTU1497	0	2	0	0	0	0	0	0	0	0	2	0	0	2	0	0	0	0	0	1	0	0	2	0	0	0	42	18	11	22	14	0	0	0	0	1	9	0	0	0	6	18	13	7	8	27	3	61	9	1	0	15	8	8	5	5	22	6	5	6	1	0	0	0	20	6	9	0	9	0	4	4	5	0	4	10	2	1	13	2	10	26	30	9	3	7	0	0	0	10	11	17	2	7	20	6	10	32	9	67	6	29
OTU1498	0	0	0	0	0	0	0	12	0	0	0	0	0	0	0	0	0	0	1	1	1	0	5	0	0	0	11	10	5	2	52	0	1	0	2	5	0	1	17	2	36	23	4	5	9	13	5	54	2	13	1	61	8	1	69	36	17	24	13	6	0	2	0	0	159	50	259	4	41	0	15	5	6	49	5	55	3	6	14	9	8	3	2	52	1	3	16	132	14	3	6	6	29	44	43	43	89	10	28	9	10	51
OTU1499	0	0	0	0	0	0	0	0	0	0	0	0	0	0	0	0	0	0	0	0	1	0	0	0	1	0	3	2	0	43	3	0	0	0	0	0	0	0	0	0	0	0	0	0	7	14	2	13	10	0	0	1	1	94	4	0	1	11	7	0	0	0	2	0	0	2	2	3	2	0	1	16	14	0	5	1	3	3	20	0	5	11	26	20	5	42	0	1	0	0	0	0	21	18	6	15	14	118	15	16	24	18
OTU15	1	42	20	8	8	6	4	461	12	8	13	22	32	9	5	4	5	4	34	0	19	196	294	34	23	11	514	198	6300	108	3107	6	23	10	122	8	7422	11232	1451	7	1897	728	473	81	103	207	96	38	100	91	125	166	116	246	255	215	308	207	202	4	1	1	1	104	9	10	22	14	19	190	1612	208	74	108	139	16572	1376	13906	448	323	335	98	87	69	115	152	17044	688	2374	1658	144	176	143	282	147	301	145	16	5	6	6	4
OTU150	0	4	5	0	0	4	7	8	0	0	4	3	0	1	2	0	0	0	7	0	6	10	1	5	10	7	108	125	16	110	48	8	13	5	17	1	72	7	30	0	66	42	40	49	64	114	56	35	42	18	30	158	15	10	193	109	39	162	70	9	6	3	6	12	1711	1648	162	139	426	41	123	57	24	95	130	66	31	25	22	55	21	45	78	54	14	19	77	31	53	17	36	37	70	41	99	125	35	290	148	147	42	134
OTU1500	0	0	0	0	0	0	1	0	0	0	0	0	0	0	0	0	0	0	1	0	0	0	0	0	0	0	0	2	0	0	0	0	0	0	0	0	0	0	0	0	0	0	0	0	0	0	12	0	0	0	0	0	0	0	1	1	5	0	0	0	0	0	0	1	9	8	0	0	0	0	0	0	0	0	15	0	0	0	0	0	1	0	1	0	22	14	0	0	0	0	0	2	10	10	0	1	0	117	15	5	1	0
OTU1501	0	0	0	0	0	0	0	0	0	0	0	0	0	0	0	0	0	0	0	0	0	0	0	0	0	0	0	0	0	0	0	0	0	0	0	0	0	0	0	0	0	0	0	0	0	0	0	0	0	0	0	0	0	0	1	0	2	0	2	0	2	0	0	1	24	15	72	41	31	0	0	0	0	0	0	0	0	0	0	0	0	0	0	0	0	0	0	0	0	0	0	0	0	0	0	0	0	2	71	0	2	36
OTU1502	0	0	0	0	0	0	0	0	0	0	0	1	0	0	0	0	0	0	0	0	0	0	0	0	0	0	0	0	0	0	0	0	1	0	2	0	0	0	0	0	0	0	0	0	0	0	0	0	5	0	0	0	0	11	0	0	0	0	0	0	1	0	0	0	19	36	54	0	28	0	0	0	0	0	0	0	0	0	0	0	0	0	0	0	0	0	0	0	0	0	0	0	0	2	0	0	0	1	88	0	38	0
OTU1503	0	0	0	0	0	0	3	0	0	0	0	0	0	0	0	0	0	0	0	0	0	0	1	2	0	0	6	6	1	17	2	0	1	0	8	0	9	7	0	0	9	9	1	0	14	0	10	14	3	3	0	18	4	10	7	4	4	3	9	0	0	0	2	1	86	23	29	2	28	2	7	1	10	3	9	4	2	1	5	0	4	25	4	0	2	13	0	5	5	1	24	8	1	5	35	6	20	11	51	0	17	223
OTU1504	0	0	0	0	0	0	0	1	0	0	0	0	0	0	0	0	0	0	0	0	0	0	0	0	0	0	0	0	0	0	0	0	0	0	0	0	0	0	0	0	0	0	0	0	0	0	0	0	0	0	0	0	0	0	0	0	0	0	0	0	0	0	0	0	0	0	0	0	0	0	0	0	0	0	0	0	0	0	0	0	0	0	0	0	0	0	0	0	0	0	0	0	0	0	0	0	0	0	0	199	0	0
OTU1505	0	0	0	0	0	0	0	0	0	0	0	0	0	0	0	0	0	0	0	0	0	0	0	0	0	0	0	0	0	0	0	0	0	0	0	0	0	0	0	0	0	0	0	0	0	0	0	0	0	0	0	0	0	0	0	0	0	0	0	0	0	0	0	0	0	0	0	0	0	0	0	0	0	0	0	0	0	0	0	0	0	0	0	0	0	0	0	0	0	0	0	0	0	0	0	0	0	0	0	160	0	0
OTU1506	0	0	0	0	0	0	0	0	221	0	0	0	0	0	0	0	0	0	0	0	0	0	0	0	0	0	0	0	2	0	1	0	0	0	0	0	0	0	0	0	1	0	0	2	1	0	0	0	0	0	0	0	0	0	0	0	1	0	0	0	0	0	0	0	0	0	0	0	0	0	0	0	0	0	0	0	0	0	0	0	0	0	0	0	0	0	0	0	0	0	0	2	0	0	0	1	0	0	0	0	7	0
OTU1507	0	0	0	1	0	2	0	1	0	0	0	2	1	0	0	0	0	0	2	0	0	0	0	1	0	0	0	0	0	1	0	0	0	0	1	0	18	8	16	0	35	31	8	0	13	10	2	1	8	12	1	4	12	2	0	0	2	3	0	0	0	0	0	1	0	0	0	0	0	3	0	0	0	0	10	1	1	16	9	1	0	12	7	7	2	6	3	49	0	0	2	0	12	3	4	0	2	1	0	0	0	0
OTU1508	0	0	0	0	0	0	0	0	1	0	0	1	0	0	0	0	0	0	0	0	0	0	0	0	3	0	4	5	0	0	5	0	0	0	0	0	3	0	0	0	0	0	0	0	1	20	3	29	31	0	0	12	11	10	1	1	0	18	6	0	0	0	0	0	0	0	4	0	0	0	0	1	24	0	2	2	0	2	13	0	10	7	0	1	4	21	11	0	0	0	2	10	6	6	1	4	0	0	1	0	0	0
OTU1509	0	0	0	0	0	0	1	0	0	0	0	0	0	0	0	0	0	0	0	0	0	0	0	0	1	0	1	0	0	17	0	0	0	0	0	0	0	3	10	0	11	2	14	0	4	3	4	1	0	1	2	1	0	7	1	11	1	0	5	0	0	0	0	1	0	1	0	0	3	25	21	0	4	0	24	5	1	6	11	0	4	0	0	1	1	1	0	4	21	0	0	3	4	11	8	0	0	30	0	101	1	9
OTU151	0	2	9	0	0	1	1	8	1	1	3	5	2	1	2	0	5	0	3	1	1	3	0	4	2	7	241	238	165	280	380	2	3	2	13	2	48	47	73	1	134	98	169	130	125	104	167	56	89	77	30	175	188	55	100	60	104	53	56	1	1	0	5	5	81	50	77	52	137	105	250	101	123	267	175	336	115	117	99	158	89	173	192	144	197	64	153	139	363	101	462	129	76	144	143	179	137	304	33	101	75	53
OTU1510	0	0	0	0	0	0	0	0	0	0	0	2	0	0	0	0	0	0	0	0	0	0	0	0	0	0	1	0	0	0	0	4	0	0	0	0	1	0	2	0	0	3	50	163	1	0	0	1	0	0	2	0	0	1	17	84	0	1	0	0	0	0	0	0	0	2	0	0	0	0	0	0	0	0	1	0	0	0	0	0	5	0	0	0	0	0	0	0	0	0	0	0	2	9	3	44	20	0	0	0	0	0
OTU1511	0	2	0	0	0	0	0	0	0	0	0	0	0	0	0	0	0	0	0	0	0	1	0	0	2	0	0	0	0	1	14	0	0	0	0	0	12	0	8	0	36	16	1	0	0	0	0	2	24	4	4	0	2	3	2	1	1	2	1	0	0	0	0	1	0	0	0	0	0	5	14	0	4	0	0	26	29	173	29	2	19	0	1	4	3	14	48	4	1	7	2	25	0	2	4	16	0	0	0	0	2	0
OTU1512	1	0	0	1	0	0	0	0	3	1	0	3	0	0	0	0	0	2	0	0	2	0	0	0	0	0	1	3	2	0	0	0	0	0	0	0	1	1	2	0	9	0	155	1	30	1	1	1	6	10	25	26	1	7	4	2	4	8	0	0	0	0	0	0	0	0	0	1	5	0	0	0	23	308	0	0	2	1	3	1	4	0	0	1	0	28	6	4	0	320	69	279	0	311	3	123	16	0	4	0	2	0
OTU1513	0	1	0	0	0	0	0	0	0	0	0	2	0	0	0	0	0	0	0	0	0	0	0	0	0	0	0	4	0	0	0	0	0	0	0	0	0	0	1	0	0	1	0	1	1	0	0	0	0	1	0	0	2	1	7	256	0	1	0	0	0	0	0	0	0	9	0	0	0	0	0	1	6	0	0	3	3	1	0	5	1	0	0	0	0	3	0	0	0	0	0	0	0	1	3	4	0	0	0	0	0	1
OTU1514	0	0	0	0	0	0	0	0	0	0	0	0	0	0	0	0	0	0	0	0	0	0	0	0	0	0	0	0	0	0	0	0	0	1	0	0	1	0	0	0	0	0	0	2	6	35	0	5	0	0	0	0	0	0	3	1	5	9	2	0	0	0	0	0	53	11	98	82	25	0	0	0	0	0	0	3	0	0	0	0	1	11	0	0	0	0	0	0	0	0	0	0	0	0	7	11	3	0	0	0	11	1
OTU1515	0	0	0	0	0	0	0	0	0	0	0	0	0	0	0	0	0	0	0	0	0	0	0	0	0	0	0	0	0	0	0	0	2	0	0	0	0	0	0	0	0	0	0	0	0	0	0	0	0	0	0	0	0	0	0	1	0	0	0	0	0	0	0	0	38	109	61	0	0	0	0	0	0	0	0	0	0	0	0	0	0	0	0	0	0	0	0	0	0	0	0	0	0	1	0	0	0	2	1	0	3	0
OTU1516	0	0	0	0	0	0	0	0	0	0	0	0	0	0	0	0	0	0	1	0	0	0	0	2	0	0	0	0	0	0	0	0	0	0	0	0	0	0	0	0	0	0	0	0	0	0	0	0	0	0	0	0	0	0	0	0	0	0	12	2	0	0	0	1	0	0	2	1	241	0	0	0	0	0	0	0	0	0	0	0	0	0	0	0	0	0	0	0	0	0	0	0	0	0	0	0	0	0	0	0	1	0
OTU1517	0	3	0	0	0	0	0	0	1	0	0	0	0	0	0	0	0	0	0	0	0	0	0	0	0	0	14	4	138	18	8	0	0	0	7	0	0	0	3	0	13	5	0	5	0	9	1	2	0	1	0	0	0	1	11	5	148	3	2	0	0	0	0	0	4	9	4	0	3	0	5	0	1	0	0	0	24	1	0	0	0	0	1	4	3	0	7	35	6	6	0	4	3	3	1	10	2	0	0	1	1	0
OTU1518	0	0	0	0	0	0	1	1	0	0	0	0	0	0	0	0	0	0	6	0	0	0	0	0	3	0	0	0	0	0	0	0	1	0	2	0	0	0	0	0	0	0	0	0	0	0	0	0	0	0	0	0	0	0	0	0	1	0	3	0	0	0	1	0	39	25	23	12	240	0	0	0	0	0	0	0	0	0	0	0	0	0	0	1	0	0	0	0	0	0	0	0	0	0	0	0	0	4	2	0	2	1
OTU1519	0	0	0	0	0	0	0	0	0	0	0	0	0	0	0	0	0	0	0	0	1	0	0	0	0	0	0	0	0	0	0	0	0	0	0	0	0	0	0	0	0	0	0	0	0	0	0	0	0	0	0	0	0	0	0	0	0	0	0	0	0	0	0	0	0	0	1	0	0	0	0	0	0	0	0	0	0	0	0	0	0	0	0	0	0	0	0	0	0	0	0	0	0	1	0	0	0	0	26	167	1	0
OTU152	0	4	15	3	0	5	9	33	2	1	6	2	2	220	5	0	0	0	10	4	23	5	0	8	6	7	346	313	144	368	483	9	27	4	30	6	65	89	453	8	556	368	457	254	213	104	69	175	90	162	72	495	210	107	206	132	106	390	194	7	7	12	12	21	304	243	148	268	862	256	534	202	261	236	693	705	162	163	219	201	112	156	169	130	106	145	230	565	343	451	483	306	126	190	168	183	248	228	94	257	151	139
OTU1520	0	0	1	0	0	0	0	0	0	0	0	0	0	0	0	0	0	0	0	0	2	0	0	0	1	0	14	2	1	16	3	0	3	0	1	0	0	0	0	0	16	1	0	0	2	0	7	14	9	0	0	12	0	1	4	0	0	3	14	0	1	1	0	0	69	12	81	19	43	0	0	0	9	1	0	18	0	0	3	1	0	0	6	2	0	4	2	0	0	1	10	2	2	3	1	7	3	0	20	52	9	6
OTU1521	0	0	0	0	0	0	0	0	0	0	0	0	0	0	0	0	0	0	0	0	0	0	0	0	0	0	1	0	0	0	0	0	3	6	0	0	0	0	1	1	0	2	0	101	9	92	2	0	0	0	0	0	0	3	3	34	2	0	0	0	0	0	0	0	0	0	0	0	0	0	0	8	0	1	0	0	1	0	0	0	1	0	0	0	0	0	0	0	0	1	0	0	3	0	0	7	0	0	0	0	0	0
OTU1522	0	0	0	0	0	0	0	0	0	0	0	1	0	0	2	0	0	1	0	0	0	0	0	1	0	0	2	0	0	1	0	0	0	0	3	0	18	37	34	0	1	1	0	0	0	0	0	6	0	0	2	2	0	7	0	4	37	1	0	0	0	0	0	0	0	0	4	0	2	47	106	21	0	14	243	4	67	14	2	1	0	1	2	0	0	2	21	37	50	0	0	2	0	0	0	2	1	0	0	0	0	0
OTU1523	0	1	0	0	0	0	0	0	0	0	0	0	0	0	0	0	0	0	1	0	0	0	0	0	1	0	0	0	0	3	0	0	0	0	0	0	0	0	1	0	1	6	0	0	1	0	0	0	0	1	0	2	0	2	13	168	0	0	0	0	0	0	0	0	0	8	0	0	1	70	1	0	0	0	1	0	0	0	0	1	0	0	15	0	1	0	2	1	3	0	0	0	76	3	8	5	2	12	0	0	0	0
OTU1524	0	3	0	0	0	1	0	3	0	0	1	0	0	0	0	1	0	0	0	0	0	0	0	0	0	0	0	0	25	3	0	0	0	2	0	0	2	1	35	0	44	25	123	0	17	37	1	0	4	3	1	1	0	1	3	2	20	5	2	0	0	0	0	0	0	0	2	0	0	18	10	25	5	2	33	8	10	51	0	0	9	33	2	5	0	4	26	0	25	0	5	23	0	6	1	5	6	0	0	0	1	0
OTU1525	0	0	0	0	0	0	0	0	0	0	0	0	0	0	0	0	0	0	0	0	0	0	0	0	0	0	0	2	0	0	0	0	1	0	0	0	0	0	0	0	3	0	0	0	3	1	0	3	7	4	0	7	0	0	0	1	0	7	1	0	0	0	2	0	39	4	9	8	104	0	0	0	1	0	0	0	1	0	10	0	0	4	5	3	0	0	3	0	0	0	0	0	1	18	12	2	0	0	2	0	79	43
OTU1526	0	0	0	0	0	0	0	0	0	0	0	0	0	0	0	0	0	0	0	0	0	0	0	0	0	0	0	0	0	0	0	0	0	0	0	0	0	0	0	0	0	0	0	0	0	0	0	0	0	0	0	0	2	0	1	0	0	0	1	0	0	0	0	0	0	0	0	0	0	0	1	1	0	0	0	0	0	0	22	124	31	1	0	15	16	8	0	0	0	0	0	0	1	1	0	0	2	0	0	0	0	0
OTU1527	0	0	0	0	0	0	1	0	0	0	0	0	0	0	0	0	0	0	0	0	0	0	0	0	0	0	0	0	0	0	0	0	0	0	0	0	0	0	0	0	0	0	0	0	0	0	0	0	0	0	0	0	0	0	0	0	1	5	0	0	0	0	3	2	12	5	17	131	0	0	0	0	0	0	0	0	0	0	0	0	0	0	0	0	0	0	0	0	0	0	0	0	0	0	0	1	0	0	0	0	40	1
OTU1528	0	0	0	0	0	0	0	0	0	1	0	0	0	0	0	0	0	0	0	0	0	0	1	0	0	0	0	2	0	1	0	0	0	0	0	0	0	0	0	0	0	0	0	0	0	0	0	6	0	1	0	0	0	0	0	0	0	1	0	0	2	0	0	1	4	0	0	3	0	0	0	0	0	0	0	0	0	0	0	0	0	0	0	0	0	0	0	0	0	0	0	0	6	0	0	1	0	131	105	1	2	3
OTU1529	0	0	0	0	0	1	0	0	0	0	0	0	0	0	0	0	0	0	0	0	0	0	0	0	0	0	109	0	16	0	60	0	3	0	1	0	1	2	1	0	0	0	0	0	0	0	0	0	0	1	0	2	0	1	2	0	36	1	0	0	0	0	0	0	0	0	2	3	0	0	0	0	0	0	0	1	0	2	2	1	0	0	0	2	1	1	4	56	0	0	23	3	0	4	102	47	11	0	0	0	1	1
OTU153	0	0	0	0	0	0	0	0	0	853	271	1	0	33	1355	0	874	549	1	0	0	0	1	0	1	4	4	2	1	1	3	1	2	0	0	357	3	0	3	0	3	4	3	5	3	2	2	12	3	1	0	1	4	8	9	7	9	3	1	5	0	360	318	18	3	0	8	0	2	4	5	6	1	1	10	2	3	6	1	7	6	4	0	13	13	3	4	2	5	2	0	6	5	4	13	1	4	6	3	0	23	0
OTU1530	0	0	0	0	0	0	0	0	0	0	0	0	0	0	0	0	0	0	0	0	0	1	0	1	0	0	1	8	0	0	0	0	0	5	0	0	29	0	39	0	0	5	0	0	0	28	0	0	0	0	0	0	1	3	0	0	60	0	0	0	0	0	0	0	0	0	0	0	0	0	0	2	0	2	0	0	0	25	0	23	0	7	0	12	2	3	0	0	0	0	0	1	0	0	0	0	0	0	0	0	0	0
OTU1531	0	0	0	0	0	0	0	0	0	0	0	0	0	0	0	1	0	0	0	0	0	0	0	0	2	0	0	265	0	0	0	0	0	0	0	0	0	0	1	0	0	0	0	0	5	0	0	0	0	0	0	0	0	5	0	0	1	0	0	0	0	0	0	0	1	0	0	0	0	0	1	0	0	0	0	0	1	1	64	0	1	1	2	1	0	0	0	0	0	0	0	0	30	3	0	3	0	2	0	0	0	0
OTU1532	0	0	0	0	0	0	0	0	0	0	0	0	0	0	0	0	0	0	0	0	1	0	0	0	0	0	9	21	8	10	10	0	0	1	0	0	0	0	1	1	4	16	8	1	20	105	15	0	5	0	0	0	0	0	3	9	0	3	1	0	0	0	0	0	0	0	0	0	0	0	0	0	0	0	0	0	1	0	5	0	2	16	5	2	0	0	0	1	0	0	2	0	1	0	4	7	3	0	0	0	0	0
OTU1533	0	5	0	0	0	4	0	1	0	0	0	1	0	10	0	0	2	0	3	0	0	0	0	1	0	6	0	0	2	0	2	0	0	0	6	0	0	7	73	0	71	133	36	5	0	0	4	2	1	38	3	1	1	6	0	4	1	0	3	1	0	0	0	0	0	0	0	0	0	20	44	10	0	1	48	3	17	16	0	55	21	9	2	0	1	0	20	104	78	36	23	0	3	0	2	1	5	0	0	0	3	0
OTU1534	0	0	0	0	0	0	0	1	0	0	0	0	0	0	0	0	0	0	0	0	0	0	0	0	0	0	0	0	0	0	0	0	1	0	0	0	0	0	0	0	0	0	0	0	0	0	0	8	0	0	0	0	0	0	0	1	1	0	0	5	3	1	1	0	1	57	0	0	0	0	0	0	0	0	0	0	0	0	0	0	0	0	0	0	0	0	0	0	0	0	0	0	0	0	0	2	0	0	21	0	260	14
OTU1535	0	0	0	0	0	0	0	0	0	0	0	0	0	0	0	0	0	0	0	0	0	0	0	0	0	0	0	0	0	0	0	0	0	0	0	0	0	0	0	0	0	0	0	3	0	2	0	0	0	0	0	0	0	0	4	5	6	1	1	0	0	0	0	0	68	4	72	39	1	0	0	0	0	0	0	0	0	0	0	1	0	12	0	0	0	0	0	0	0	0	0	0	0	0	2	4	6	0	5	1	72	38
OTU1536	0	0	0	0	0	0	0	2	0	0	0	0	0	0	0	0	0	0	1	0	1	9	0	0	0	1	0	0	0	0	0	0	3	0	2	0	0	0	0	0	0	0	0	0	0	0	0	0	0	0	0	0	0	0	5	23	5	0	8	1	2	0	0	0	180	150	172	33	223	0	0	0	0	0	0	0	0	0	0	0	0	0	0	0	0	0	0	0	0	0	0	0	2	0	11	0	1	3	31	125	81	44
OTU1537	0	0	0	0	0	0	0	0	0	0	0	0	0	0	0	0	0	0	1	0	0	0	0	1	0	0	0	0	0	0	0	0	0	0	0	1	0	0	0	0	0	0	0	0	0	0	0	0	0	0	0	1	0	0	2	4	4	2	0	0	0	1	47	0	82	21	35	38	0	0	0	0	0	0	0	0	0	0	0	0	0	0	0	0	2	0	0	0	0	0	0	0	0	3	1	0	0	1	83	0	0	61
OTU1538	0	0	0	0	0	0	0	0	0	4	0	0	0	0	2	0	0	0	0	0	0	0	0	0	0	0	0	0	0	0	0	0	0	0	0	0	0	0	0	0	0	0	0	0	0	2	0	0	0	0	1	0	0	1	1	0	1	0	0	0	0	0	0	0	0	0	0	0	0	0	0	0	2	0	3	41	2	51	0	9	0	0	0	3	0	0	210	3	1	0	0	0	0	0	1	2	0	0	0	0	0	0
OTU1539	0	0	0	0	0	0	0	0	0	0	0	0	0	0	0	0	0	0	0	0	0	0	0	0	0	0	0	0	0	0	0	0	0	0	0	0	0	0	0	0	0	0	0	0	0	0	0	0	0	0	0	0	0	0	0	0	0	0	0	0	0	0	0	0	0	0	0	0	0	0	0	0	0	0	0	0	0	0	0	0	0	0	0	0	0	0	0	0	0	0	0	0	0	0	0	2	0	0	0	0	166	0
OTU154	3	9	1	0	0	0	0	0	4	5	17	0	0	0	468	0	0	8	0	0	1	0	1	0	0	0	9	12	0	0	1	0	6	3	8	19	0	2	5	5	133	9	45	1	597	86	8	1248	9	18	0	27	22	8	3	2	14	10	13	0	1	15	12	12	0	0	0	0	0	0	6	4	88	6	2	4	13	19	2	0	1	24	189	407	453	702	15	436	8	71	0	11	1012	22	120	27	671	36	0	4	2	2
OTU1540	0	0	0	0	0	0	0	0	0	0	0	0	0	2	1	0	0	0	0	0	0	21	4	0	0	1	0	4	6	0	4	0	0	0	0	0	537	60	0	0	2	4	1	0	2	0	1	0	2	0	0	1	1	0	8	0	1	3	5	0	0	0	0	0	0	0	1	0	0	0	3	0	0	0	0	9	26	10	4	8	2	3	5	0	1	1	0	2	1	0	0	1	0	3	0	5	5	0	0	0	0	0
OTU1541	0	0	0	0	0	0	0	3	0	0	0	0	0	0	0	0	0	0	0	0	0	0	0	0	0	1	0	0	0	1	0	0	0	0	0	1	0	0	0	0	0	0	2	0	0	0	0	0	0	0	0	30	0	1	1	2	0	0	7	0	0	0	0	0	0	41	0	0	32	0	0	0	119	2	0	0	1	0	0	0	3	0	2	0	0	0	3	1	1	0	0	0	2	0	3	1	0	0	0	0	0	0
OTU1542	0	0	0	0	0	0	0	0	0	0	0	0	0	0	0	0	0	0	0	0	0	0	0	0	0	0	0	1	0	0	0	7	0	0	0	0	1	0	0	0	0	0	0	125	1	0	0	2	1	3	0	3	0	1	52	99	0	28	3	1	0	0	0	0	4	1	0	2	0	0	0	0	0	0	0	0	3	0	0	0	0	119	0	2	0	0	0	0	0	1	2	0	11	1	0	2	1	5	0	0	0	0
OTU1543	0	0	0	1	0	0	1	1	0	0	0	0	0	1	0	0	0	0	1	0	0	2	1	0	0	0	4	9	19	8	7	0	0	0	1	2	7	5	5	1	12	21	19	1	3	11	11	4	6	3	1	11	1	36	6	2	9	7	13	0	0	0	0	3	3	0	87	62	64	5	0	0	5	1	4	0	6	0	0	0	9	6	16	9	0	12	4	42	0	11	15	0	3	5	3	11	2	0	0	5	48	80
OTU1544	0	0	0	0	0	0	0	0	0	0	0	0	0	0	0	0	0	0	0	0	0	0	0	0	0	0	0	0	0	0	0	0	0	0	0	0	0	0	0	0	0	0	0	0	0	0	0	0	0	0	0	0	0	0	0	0	0	0	0	0	0	0	0	0	0	0	0	0	0	0	0	0	0	0	0	0	0	0	0	0	0	0	0	0	0	0	0	0	0	0	0	0	0	0	0	0	0	0	0	188	0	0
OTU1545	0	0	0	0	0	0	0	0	0	0	0	0	0	0	0	0	0	0	0	0	0	0	1	0	0	8	0	0	0	0	0	0	0	0	0	1	0	0	0	0	0	0	0	0	0	0	0	0	0	0	0	0	0	0	0	0	0	0	2	0	0	0	0	0	2	1	0	0	67	0	0	0	0	0	0	0	0	0	0	0	0	0	0	0	0	0	0	0	0	0	0	2	2	0	0	0	0	190	1	0	44	26
OTU1546	0	0	0	0	0	0	0	0	0	0	0	204	0	0	0	0	0	0	0	3	0	0	0	0	0	0	0	8	0	0	0	0	0	0	0	0	0	0	0	0	0	0	0	0	0	0	0	0	0	1	0	3	0	0	0	0	0	0	0	0	0	0	0	0	0	0	0	0	0	0	0	0	0	0	0	0	0	0	0	0	0	0	0	0	0	0	2	0	0	0	0	0	0	0	0	3	0	0	0	0	0	0
OTU1547	0	0	2	0	0	0	0	0	0	0	0	0	0	0	0	1	0	0	0	0	0	0	0	0	0	0	4	16	61	7	1	0	0	0	0	0	13	4	8	0	89	5	8	0	2	0	1	1	1	10	0	4	1	1	4	0	10	8	4	0	0	0	0	1	56	21	23	36	31	0	0	4	5	1	10	20	19	3	0	12	0	0	2	14	5	0	25	41	6	0	2	12	0	0	2	4	3	1	0	2	0	0
OTU1548	0	0	0	0	0	0	0	0	0	0	0	0	0	0	0	0	0	0	1	0	0	0	0	0	0	0	10	0	0	0	0	0	0	0	0	0	0	0	1	0	11	20	7	0	14	0	0	0	0	6	0	0	0	9	0	22	22	1	0	1	0	0	0	0	0	1	0	0	0	3	58	1	0	7	24	3	0	0	0	0	0	11	0	0	0	0	0	1	0	0	0	37	8	2	0	0	2	0	0	0	0	0
OTU1549	0	0	0	0	0	0	0	0	0	0	0	0	0	0	0	0	0	0	0	0	0	1	1	0	0	0	5	20	47	0	24	0	0	0	0	0	16	20	2	0	0	0	0	0	0	0	1	2	0	0	1	2	0	0	1	0	12	1	1	0	0	0	0	1	0	0	0	0	0	12	14	4	0	0	19	17	16	15	0	4	0	0	0	0	0	0	5	0	34	0	0	0	0	2	3	0	0	0	0	0	0	0
OTU155	0	0	0	0	0	0	9	2	0	0	2	0	0	0	0	0	1	0	8	1	3	5	4	3	16	12	14	94	74	67	46	7	5	5	3	4	23	15	10	0	231	46	114	72	37	32	17	45	166	49	23	225	136	14	90	177	109	98	79	13	4	8	341	3	435	74	687	147	108	17	100	22	15	26	133	13	12	8	80	6	48	98	28	34	359	25	13	20	46	30	23	102	303	130	178	219	262	1049	471	255	1103	1159
OTU1550	0	0	0	0	0	0	0	0	0	0	0	0	0	0	0	0	0	0	0	0	0	0	0	0	0	0	8	3	0	0	0	0	0	0	0	0	1	0	0	0	120	1	3	0	0	0	0	3	0	2	0	15	2	5	2	0	1	0	0	0	0	0	0	0	105	10	49	13	0	0	0	2	1	0	5	4	0	0	12	0	6	0	0	0	1	0	0	0	0	4	5	0	0	1	0	0	0	0	0	0	0	0
OTU1551	0	0	0	0	0	0	0	0	0	0	0	0	0	1	0	0	0	0	0	0	0	0	0	0	0	0	3	0	0	0	0	0	1	0	0	0	0	0	0	0	0	0	1	0	95	1	0	0	1	0	0	2	1	5	0	1	157	0	0	0	0	0	0	0	0	0	4	0	0	0	0	0	0	0	0	0	0	0	1	1	0	0	1	0	0	0	0	0	1	0	0	0	3	1	1	1	0	0	0	0	0	0
OTU1552	0	0	0	0	0	0	0	0	0	0	0	0	0	0	0	0	0	1	0	0	2	0	0	0	2	0	6	0	16	7	10	0	1	0	0	0	0	0	0	1	0	1	10	0	4	0	3	5	24	0	0	12	1	5	3	2	0	3	9	0	0	0	0	0	0	1	0	0	0	0	2	0	34	17	17	3	0	0	21	1	2	0	1	2	9	2	0	0	0	8	0	9	6	11	16	15	12	0	0	1	1	0
OTU1553	0	0	0	0	0	0	0	0	0	0	0	0	0	0	0	0	0	0	0	0	0	1	0	1	0	0	0	0	24	0	0	0	0	0	7	0	27	6	50	0	2	0	0	0	0	11	1	0	0	0	1	0	0	2	0	0	6	0	5	0	0	0	0	0	0	0	0	0	0	20	34	0	0	1	0	2	1	2	0	10	0	2	0	0	0	0	0	50	18	0	0	6	0	2	0	1	0	0	0	0	0	0
OTU1554	0	0	0	0	0	0	0	1	0	0	0	0	0	0	0	0	0	0	0	0	2	0	0	0	0	0	16	2	0	5	18	0	1	0	0	0	0	0	0	0	19	11	26	4	2	23	5	6	6	6	0	11	6	0	3	15	3	1	14	0	2	0	0	0	1	0	0	0	1	2	1	1	11	10	13	7	1	1	11	3	0	17	4	6	1	4	5	21	8	0	2	0	8	47	1	12	10	0	5	0	3	59
OTU1555	0	0	0	0	0	0	0	0	0	0	0	0	0	0	0	0	0	0	0	0	0	0	0	0	0	0	5	0	0	0	0	4	0	0	0	0	0	0	0	0	0	0	0	170	1	0	0	4	0	0	0	0	0	5	0	0	2	1	0	0	0	0	0	0	0	0	0	0	0	0	0	0	0	0	0	0	1	0	0	5	0	0	20	0	0	0	0	0	0	0	0	0	0	1	2	1	0	0	0	0	0	0
OTU1556	0	0	0	0	0	0	0	0	0	0	0	0	0	0	0	0	0	0	0	0	0	0	0	0	0	0	0	0	0	0	2	0	2	0	2	0	7	0	1	0	0	0	1	0	78	1	1	0	0	3	0	0	0	0	0	0	0	16	0	0	0	0	0	0	0	0	0	2	0	0	0	91	0	1	0	2	0	0	0	0	0	0	14	8	0	0	2	0	0	0	0	0	0	1	3	0	0	0	0	0	0	0
OTU1557	0	0	0	0	0	0	0	0	0	0	0	0	0	0	0	0	0	0	3	0	0	0	0	1	0	0	3	0	0	1	2	0	0	0	0	0	0	0	17	0	0	6	1	25	20	10	2	8	1	2	1	3	2	4	56	40	20	1	30	5	0	0	0	1	2	1	2	0	0	0	15	47	0	3	2	0	0	0	0	4	1	26	2	2	0	3	0	2	0	0	0	4	6	0	3	3	36	0	0	0	0	16
OTU1558	0	2	0	0	0	0	0	0	0	0	7	0	0	0	0	0	0	0	0	0	0	0	0	0	1	0	0	0	0	3	1	0	0	0	0	1	2	0	5	1	5	0	0	1	0	3	0	95	9	1	0	21	4	21	3	1	3	6	53	1	2	0	3	0	0	0	24	0	0	6	12	3	0	11	23	4	3	0	4	2	2	3	25	6	37	14	2	2	0	0	2	0	32	17	14	6	6	0	8	0	0	0
OTU1559	0	0	0	0	0	0	0	0	0	0	0	0	0	0	0	0	0	0	0	0	0	0	0	0	0	0	0	0	0	0	0	0	0	0	0	0	0	0	0	0	0	0	0	0	0	0	0	0	0	0	0	0	0	0	0	0	0	0	0	0	0	0	0	2	2	0	0	0	0	0	0	0	0	0	0	0	0	0	0	0	0	0	0	0	0	0	0	0	0	0	0	0	0	2	0	0	0	0	80	0	80	49
OTU156	0	0	1	0	0	0	9	2	0	0	0	0	0	0	0	0	0	0	3	0	10	4	2	3	5	2	2	0	0	0	0	5	6	1	14	3	1	0	1	0	2	5	0	2	47	12	13	0	0	3	2	1	0	0	64	29	134	8	25	5	0	3	2	6	1174	1011	220	237	639	2	0	0	0	3	0	0	0	11	1	1	0	2	0	7	1	0	0	1	1	0	6	1	6	22	25	47	5	16	50	137	1376	404
OTU1560	0	0	0	0	0	0	0	0	0	0	0	0	0	0	0	0	0	0	0	0	0	0	0	0	0	0	0	0	0	0	0	0	1	0	0	0	0	0	0	0	0	0	0	0	0	0	0	0	1	0	0	0	0	0	0	1	0	0	1	0	0	0	0	0	0	14	18	13	3	0	0	0	0	0	0	0	0	0	0	0	7	0	1	0	3	0	0	0	0	0	0	0	0	0	11	2	0	0	23	95	4	35
OTU1561	0	0	0	0	0	0	0	0	0	0	0	0	0	0	0	0	0	0	0	0	0	0	0	0	0	0	0	0	0	0	0	0	0	0	0	0	0	0	0	0	0	0	0	0	0	0	0	0	0	0	0	0	0	0	0	0	0	0	0	0	0	0	0	0	0	0	0	0	0	0	0	0	0	0	0	0	0	0	0	0	0	0	0	0	0	0	0	0	0	0	0	0	0	0	0	0	0	0	0	148	0	0
OTU1562	3	1	0	0	0	0	0	0	0	1	0	0	0	0	0	0	0	0	0	0	0	0	0	0	0	0	0	0	0	0	0	0	0	0	0	0	0	1	3	0	0	0	0	0	1	0	1	0	0	0	0	0	0	4	0	1	0	2	0	0	0	0	0	0	0	0	0	0	0	3	3	31	0	0	7	0	3	0	0	3	1	1	2	1	0	0	0	0	0	0	1	2	290	0	0	0	0	7	0	0	0	0
OTU1563	0	0	0	0	0	0	0	0	168	0	0	0	0	0	0	0	0	0	0	0	0	0	0	0	0	0	0	0	0	0	0	0	0	0	0	0	0	0	0	0	0	3	0	0	0	0	0	0	1	0	0	0	0	0	0	0	0	0	3	0	0	0	0	0	0	0	0	0	0	0	0	0	0	0	0	0	2	0	0	0	0	0	0	0	0	0	0	0	0	0	0	2	0	0	0	2	1	0	0	0	3	0
OTU1564	0	0	0	0	0	0	0	0	0	0	0	1	0	0	0	0	0	0	0	0	0	0	0	0	0	0	0	0	0	5	2	0	2	0	0	0	0	0	0	0	0	0	0	0	1	0	0	12	0	0	0	0	0	1	1	9	0	32	19	0	0	0	0	0	2	0	0	0	0	0	0	0	0	0	0	0	0	0	2	0	0	0	32	9	0	3	0	0	0	0	0	0	0	0	0	6	0	0	0	0	0	36
OTU1565	0	0	0	0	0	0	2	0	0	1	0	0	0	1	1	2	0	0	0	1	3	2	0	0	0	2	58	20	16	21	15	0	5	1	1	1	11	0	12	0	4	2	3	5	20	5	14	3	3	22	4	20	13	2	15	13	13	12	18	1	3	1	0	0	135	96	43	66	328	3	71	1	2	25	2	2	5	2	0	12	3	26	7	2	2	2	7	1	23	10	2	31	5	5	4	22	23	3	38	3	3	95
OTU1566	0	0	0	0	0	0	0	0	0	0	0	0	0	0	0	0	0	0	0	0	1	0	2	0	0	0	0	0	0	0	0	0	2	0	6	0	0	0	0	0	0	0	0	0	0	0	0	0	0	0	0	0	0	0	0	0	0	0	0	0	0	0	0	0	0	0	0	0	0	0	0	0	0	0	0	0	0	0	0	0	0	0	0	0	0	0	0	0	0	0	0	0	0	0	0	0	0	0	79	0	0	137
OTU1567	0	2	0	0	0	0	0	0	0	0	0	0	0	0	0	0	0	0	0	0	0	0	0	0	0	0	209	0	0	0	3	0	7	0	0	0	0	0	0	0	0	0	1	0	0	0	26	0	0	0	0	0	0	0	8	0	2	1	0	0	0	0	0	0	0	0	0	0	0	0	0	0	0	0	0	5	1	1	0	9	0	5	1	0	0	0	5	0	0	0	0	0	1	2	0	0	0	0	0	0	0	0
OTU1568	0	0	0	0	0	0	0	0	0	0	0	0	0	0	0	0	0	0	3	0	0	0	0	0	0	0	8	15	40	2	14	0	0	0	1	0	0	0	0	0	0	0	0	0	2	2	0	13	0	0	0	0	0	0	1	0	0	0	1	0	0	0	0	0	6	2	7	4	0	0	0	0	3	0	0	1	3	0	0	0	0	0	53	0	0	4	1	0	0	0	0	0	0	0	4	1	0	18	12	0	18	24
OTU1569	0	0	0	0	0	3	1	0	0	0	0	0	0	0	1	0	0	0	0	0	0	1	0	3	0	0	1	7	109	3	5	1	2	1	2	0	8	1	18	0	9	22	11	26	13	23	11	25	0	7	5	7	0	2	37	9	212	29	23	0	0	0	0	0	3	0	31	42	22	8	71	0	4	8	0	10	11	6	2	10	8	6	5	29	4	21	2	34	1	3	0	2	54	21	8	21	25	0	0	0	0	0
OTU157	0	9	5	1	2	1	12	18	6	3	12	8	5	2	3	4	0	1	12	0	15	4	12	6	16	11	113	157	122	155	66	12	31	10	30	16	53	94	136	2	444	159	141	155	233	285	92	190	170	65	53	181	154	412	177	262	279	178	160	18	20	6	2	16	195	493	242	251	375	103	131	116	76	157	228	39	62	87	274	49	192	253	171	146	78	533	46	131	256	112	150	187	281	175	228	292	244	342	376	1004	749	440
OTU1570	0	0	0	0	0	2	0	2	0	1	0	1	2	0	0	0	0	0	0	2	0	0	0	0	3	0	30	16	64	37	1	0	0	1	8	0	14	11	50	0	43	2	61	2	3	2	24	2	1	47	12	10	4	19	2	3	11	4	2	0	2	0	0	0	0	0	0	0	6	5	0	17	8	273	8	14	27	2	22	43	3	0	17	26	14	4	10	163	25	0	10	22	2	26	7	4	1	0	3	0	1	0
OTU1571	0	1	0	0	0	0	0	0	0	0	0	0	0	0	0	0	0	0	0	0	0	0	0	0	0	0	0	0	0	0	0	0	0	0	1	0	123	12	1	0	2	0	0	0	1	0	0	0	6	0	0	18	3	0	0	1	0	0	4	0	0	0	0	0	0	0	1	0	0	0	2	0	13	0	0	5	21	0	2	2	0	1	6	0	0	2	72	0	24	0	0	3	0	0	0	0	0	0	0	0	0	0
OTU1572	0	0	0	0	0	0	0	0	0	0	0	0	0	0	0	0	0	0	0	0	0	0	0	0	0	0	0	0	0	1	0	0	1	0	0	0	0	0	0	0	0	0	0	0	0	0	0	0	0	0	0	0	0	0	0	0	0	0	0	0	0	0	0	0	0	0	2	1	0	0	0	0	0	0	0	0	0	0	0	0	0	0	0	0	0	0	0	0	0	0	0	0	0	0	0	1	0	0	3	138	88	0
OTU1573	0	0	0	0	0	0	0	0	0	0	0	0	0	0	0	0	0	0	0	0	0	0	0	0	0	0	0	0	0	0	0	0	0	0	0	0	0	0	0	0	0	0	0	0	0	0	0	0	0	0	0	0	0	0	0	0	0	0	0	0	0	0	0	0	0	0	0	0	0	0	0	0	0	0	0	0	0	0	0	0	0	0	0	0	0	0	0	0	0	0	0	0	0	0	0	0	0	0	0	162	0	0
OTU1574	0	1	0	0	0	0	2	0	0	0	0	0	0	0	0	0	0	0	0	0	0	0	0	0	0	0	1	0	3	4	0	0	0	0	0	0	0	0	0	1	0	0	0	0	3	0	0	0	0	0	0	0	0	3	0	0	0	2	7	3	0	0	0	0	0	0	10	8	3	3	0	0	6	0	0	1	0	0	0	2	96	0	0	0	0	0	0	2	0	0	0	1	12	3	15	83	7	0	0	1	14	1
OTU1575	0	0	0	0	0	0	0	0	0	659	0	1	0	0	0	0	0	0	0	0	0	0	0	0	0	0	0	0	0	0	0	0	0	0	0	0	0	0	0	0	0	0	0	2	4	1	0	0	0	0	0	0	0	1	0	1	0	0	0	0	0	0	0	0	0	0	0	0	0	0	0	0	0	0	0	2	0	0	0	1	1	0	2	0	1	0	3	0	0	0	0	0	0	0	0	3	1	0	0	0	0	0
OTU1576	0	0	0	0	0	0	0	0	0	0	0	0	0	1	0	0	0	0	0	0	0	0	0	0	2	0	0	0	0	13	2	0	0	0	0	0	2	0	3	0	81	3	15	1	0	0	5	0	0	3	2	0	0	3	0	0	0	0	14	0	0	0	0	0	0	0	0	0	0	6	11	36	17	23	9	12	12	3	28	1	3	0	0	2	0	0	21	0	0	1	23	16	3	19	0	24	0	0	0	0	0	0
OTU1577	0	0	0	0	0	0	1	0	0	0	0	0	0	0	0	0	3	0	0	0	1	0	0	0	3	0	130	12	30	4	57	0	0	0	0	0	15	2	1	0	24	14	30	9	11	2	12	1	1	1	0	29	0	4	5	1	9	0	1	0	0	0	0	0	19	8	18	2	20	1	14	4	10	2	10	15	5	1	60	16	7	13	2	0	14	18	4	3	19	27	24	2	0	7	18	30	0	0	0	1	0	0
OTU1578	0	0	0	1	0	0	0	0	0	0	0	0	0	0	0	0	0	0	0	0	0	0	0	0	0	0	0	1	9	45	5	0	0	0	1	0	2	3	2	0	0	0	0	17	6	1	9	6	13	0	0	0	0	6	18	26	0	0	1	0	0	0	0	0	1	0	0	0	0	0	0	0	39	0	12	0	0	0	0	0	65	9	4	0	0	0	0	1	0	0	0	0	12	1	26	5	19	0	0	2	14	29
OTU1579	0	0	0	0	0	0	0	1	0	0	0	0	0	0	0	0	0	0	1	0	0	0	0	0	0	0	0	0	0	9	0	0	2	0	1	0	2	1	0	0	0	0	0	0	5	0	5	2	0	0	1	10	0	0	1	13	1	11	0	0	0	0	0	0	81	64	50	17	15	0	2	0	12	0	0	1	0	2	0	0	1	0	8	0	2	1	0	0	0	0	2	0	0	9	0	0	2	0	22	0	48	47
OTU158	0	12	13	1	0	3	6	19	3	0	10	9	4	4	0	0	5	1	14	1	7	3	10	9	6	4	193	289	152	407	109	9	26	7	26	11	197	125	215	4	533	217	133	139	247	258	167	206	214	164	28	265	124	101	133	127	90	176	145	15	5	2	4	12	249	400	375	245	460	32	102	161	155	77	208	343	97	73	126	88	98	383	144	160	140	162	127	213	46	81	147	125	181	123	146	188	293	416	416	191	904	1126
OTU1580	0	0	0	2	0	0	0	0	0	0	0	0	0	0	0	0	0	1	0	0	0	0	0	0	0	0	0	0	25	12	6	0	0	0	3	0	4	0	0	0	0	0	0	1	6	40	2	0	0	1	1	1	0	2	0	1	145	1	8	0	0	1	0	0	0	0	1	3	0	0	35	20	0	1	0	0	10	0	0	2	0	6	0	21	0	0	56	107	51	2	0	0	0	0	1	3	0	0	0	0	0	0
OTU1581	0	2	0	0	0	0	0	0	0	0	0	1	0	0	0	1	0	0	0	0	0	3	1	1	0	0	25	0	6	4	10	0	0	0	9	0	31	36	35	0	60	18	0	2	0	0	1	0	7	33	2	8	0	2	2	0	28	5	2	0	0	0	0	1	0	0	5	0	0	20	36	0	0	0	1	0	117	20	11	42	9	6	2	6	2	10	41	98	9	2	2	12	1	4	2	5	0	0	0	0	2	0
OTU1582	0	4	0	0	0	0	0	0	0	0	0	0	0	0	0	0	0	0	0	0	0	0	0	0	0	0	0	1	0	0	0	0	0	0	0	0	0	25	11	0	32	31	10	0	0	0	0	0	4	2	2	0	0	0	0	0	0	0	3	0	0	0	0	0	0	0	0	0	0	11	0	2	0	1	3	0	0	17	2	5	0	4	0	7	4	0	27	0	27	0	0	0	0	2	0	0	0	0	0	0	0	0
OTU1583	0	0	0	0	0	0	0	1	0	0	0	0	0	0	0	0	0	0	0	0	0	0	0	0	0	0	0	0	0	0	0	0	0	0	1	0	0	0	0	0	0	0	0	0	0	0	0	0	0	0	0	0	0	0	0	0	0	2	0	0	0	0	0	0	0	0	0	0	0	0	0	0	0	0	0	0	0	0	0	0	0	0	0	0	0	0	0	0	0	0	0	0	0	0	0	0	10	0	0	0	0	474
OTU1584	0	0	0	0	0	0	2	0	0	0	0	0	0	0	0	0	0	0	0	0	0	0	0	0	1	2	0	0	0	0	0	0	1	0	1	0	0	0	0	0	0	0	0	0	3	0	0	0	0	0	0	0	0	0	0	1	0	0	0	0	0	0	0	0	23	178	47	16	10	0	0	0	0	0	0	0	0	0	1	0	0	0	0	0	0	0	0	0	0	0	0	0	0	0	0	0	0	1	4	0	0	0
OTU1585	0	0	0	0	0	0	0	0	0	0	0	0	0	0	0	0	0	0	0	0	0	0	0	0	0	0	8	10	0	22	20	1	0	0	1	0	0	1	0	0	2	0	20	5	5	6	7	2	6	1	0	9	0	2	3	4	2	3	7	0	0	0	0	0	0	0	0	0	0	5	7	15	9	8	11	4	3	3	6	1	6	9	5	2	6	7	0	3	0	0	4	22	4	1	13	17	15	1	0	1	4	0
OTU1586	0	0	2	0	0	0	1	0	0	0	1	0	0	0	0	0	1	0	3	0	0	2	0	0	2	0	5	5	0	8	1	0	7	3	2	0	0	0	3	3	17	13	6	21	12	32	14	11	22	8	3	17	6	0	19	42	28	3	11	3	0	0	0	0	79	16	155	28	83	12	2	16	9	6	14	0	2	0	15	0	21	8	13	11	10	3	2	3	0	1	0	0	16	5	0	32	12	3	0	0	2	0
OTU1587	0	0	0	2	0	0	0	0	1	0	2	0	0	0	0	0	0	0	0	0	0	0	0	0	0	0	15	37	0	128	2	0	0	0	1	0	0	2	2	0	22	0	2	0	13	7	0	15	8	9	0	29	84	27	1	1	20	0	7	0	0	0	0	0	0	0	1	0	1	0	2	3	29	60	0	3	3	0	11	1	4	4	0	1	9	8	2	0	1	4	46	10	1	10	4	20	18	0	1	0	33	22
OTU1588	0	0	0	0	0	0	0	0	0	0	0	0	0	0	0	0	1	0	0	0	0	0	0	0	0	0	0	0	0	0	0	1	0	2	0	0	0	0	0	0	0	0	0	47	22	40	0	0	0	0	0	0	0	1	6	0	0	17	29	0	4	0	0	0	0	0	0	0	1	0	1	0	0	0	0	3	0	0	0	0	2	0	11	0	0	0	0	1	0	0	0	1	4	0	13	11	9	1	0	0	1	0
OTU1589	0	0	0	0	0	0	0	0	0	0	0	0	0	0	0	0	0	0	0	0	0	0	0	0	0	0	0	0	0	0	0	0	0	0	0	0	0	0	4	0	0	0	7	1	1	29	6	0	0	0	0	0	0	5	9	18	90	0	0	0	0	0	0	0	2	0	3	0	0	0	0	0	0	0	0	2	13	12	0	0	0	0	0	0	0	8	0	13	0	0	0	0	13	3	0	0	11	3	1	0	0	11
OTU159	3	1	0	1	0	2	4	8	2	0	0	4	0	0	0	1	0	0	8	0	2	3	2	4	4	1	128	90	140	63	71	8	10	10	6	2	67	85	134	3	185	99	95	204	43	297	27	20	25	84	9	56	17	19	37	70	135	77	37	4	3	0	3	2	335	559	810	550	376	29	134	42	44	39	40	49	127	249	100	56	61	28	25	8	80	58	271	67	76	41	40	17	47	47	36	72	123	446	365	8	231	1834
OTU1590	0	0	0	0	0	0	0	0	0	0	0	0	0	0	0	0	0	0	1	0	0	0	0	0	1	0	0	0	0	0	0	0	1	1	1	0	3	0	8	0	18	39	8	0	1	0	0	22	29	3	12	52	1	0	0	12	1	0	10	0	1	0	0	0	16	0	26	11	16	11	0	0	5	1	1	0	0	7	82	3	4	2	1	0	0	0	4	6	8	2	0	0	4	1	1	0	2	0	0	0	18	0
OTU1591	0	0	0	0	0	0	0	1	0	0	0	0	0	0	0	0	0	0	0	0	0	0	0	0	0	0	0	0	0	0	0	5	0	0	0	0	0	0	1	0	0	0	0	49	4	0	0	4	0	0	0	0	0	0	6	30	2	7	11	0	0	0	1	2	0	0	0	0	4	0	0	0	2	0	0	0	0	0	0	0	0	3	7	0	0	14	0	0	0	0	0	0	25	2	12	2	14	0	19	0	89	68
OTU1592	0	0	1	0	0	0	0	0	0	0	0	0	0	0	0	0	0	0	0	0	0	0	0	0	0	0	2	0	0	0	0	0	0	0	0	0	0	0	0	0	0	0	0	0	0	0	0	0	0	0	0	0	0	1	6	0	0	3	33	0	0	0	0	0	0	0	0	0	51	0	0	0	0	0	0	0	0	0	0	0	0	0	0	0	0	0	0	0	1	0	0	0	0	5	88	2	0	0	0	9	0	0
OTU1593	0	0	0	0	0	0	0	0	0	0	0	0	0	2	0	0	0	0	0	0	0	0	0	0	0	1	6	8	44	1	1	0	1	0	0	0	3	2	11	0	21	2	7	2	56	0	0	0	5	0	1	14	1	1	11	7	11	4	6	0	0	1	0	3	61	67	29	37	106	0	17	0	1	1	0	32	3	6	0	5	3	2	0	9	0	7	106	24	3	3	0	9	1	4	5	10	5	0	0	0	1	0
OTU1594	0	0	0	0	0	0	0	0	0	0	0	0	0	0	0	0	0	0	0	0	0	0	0	0	0	0	0	0	0	0	0	0	0	0	0	0	0	0	0	0	0	0	0	0	0	0	0	0	0	0	0	0	0	0	0	3	1	0	0	0	0	0	0	0	30	12	98	53	32	0	0	0	0	0	0	0	0	0	0	0	0	0	0	0	0	0	0	0	0	0	0	0	0	0	0	0	0	0	1	0	2	9
OTU1595	0	0	0	0	0	0	0	0	0	0	0	0	0	0	0	0	0	0	0	0	0	0	0	0	0	0	0	0	0	0	0	0	0	0	0	0	0	0	0	0	0	0	0	0	0	0	0	0	0	0	0	0	0	0	0	0	0	2	0	0	0	0	0	0	0	0	0	0	0	0	0	0	0	0	0	0	0	0	0	0	0	0	0	0	0	0	0	0	0	0	0	0	0	0	1	0	0	0	28	293	8	57
OTU1596	0	0	0	0	0	0	0	0	0	0	0	0	0	0	0	0	0	0	0	0	0	0	0	0	0	0	0	0	0	0	0	0	0	0	0	0	0	0	0	0	0	0	0	0	0	0	0	0	0	0	0	0	0	0	0	0	0	0	0	0	0	0	0	0	0	0	0	0	0	0	0	0	0	0	0	0	0	0	0	0	0	0	0	0	0	0	0	0	0	0	0	0	0	0	0	0	0	0	0	180	0	0
OTU1597	0	0	1	0	0	0	3	0	0	0	0	0	0	0	0	0	0	0	0	0	0	0	5	0	0	0	32	0	2	2	9	0	0	0	0	0	0	0	1	0	6	1	2	0	1	2	3	0	81	5	4	0	0	0	5	0	1	0	1	0	0	0	0	0	0	1	12	3	16	0	0	0	4	5	0	9	3	0	0	2	7	0	0	0	21	2	0	0	0	0	1	4	0	6	35	0	0	0	26	9	20	28
OTU1598	0	0	0	0	0	0	0	0	0	0	0	0	0	0	0	0	0	0	1	0	0	0	1	0	0	0	0	0	0	20	2	0	0	0	0	2	0	1	0	0	0	1	1	8	10	4	0	105	3	0	0	1	0	1	22	7	2	18	24	0	0	0	0	0	0	0	0	0	0	0	2	0	0	0	0	0	0	2	0	4	0	5	4	8	0	4	0	0	0	0	0	1	37	14	14	12	26	0	0	0	0	1
OTU1599	0	0	0	0	3	0	0	1	0	0	0	0	0	0	0	0	0	0	0	0	0	0	0	0	0	0	11	1	12	4	14	1	0	0	0	0	5	2	18	0	36	14	6	7	16	3	2	7	6	2	0	0	5	2	7	5	14	3	1	0	0	2	0	0	0	0	1	1	0	1	4	1	0	0	1	6	5	2	1	2	4	7	1	8	0	19	6	4	12	9	6	5	9	9	3	15	13	0	0	0	2	1
OTU16	0	8	3	1	0	1	3	6	0	0	3	3	1	1	9	2	2	14	0	0	197	0	1	0	0	0	21	24	7	57	46	1	139	2	2	1	15	16	23	6	55	15	10995	38	3568	35	20	33	348	700	468	1218	122	737	80	48	63	213	79	0	1	3	3	31	1	2	3	4	12	17	53	40	1142	21404	22	45	14	43	21	29	36	26	31	255	21	1648	18	37	26	15233	6056	13428	81	12967	153	7541	856	2	258	619	2448	22
OTU160	0	0	0	0	0	0	10	6	0	2	0	2	0	0	1	0	0	0	4	0	7	1	0	3	4	1	4	15	0	16	5	0	3	4	4	10	1	2	1	0	18	36	1	39	77	20	6	1	14	7	13	6	1	1	84	82	107	57	23	2	2	2	208	11	373	381	1331	616	333	7	1	23	9	67	52	4	0	2	2	1	11	66	50	10	103	3	5	1	2	1	17	10	101	13	20	57	158	196	240	165	133	396
OTU1600	0	0	0	0	0	0	0	0	0	3	0	0	0	0	0	0	0	0	0	0	0	0	0	0	0	0	0	0	23	0	0	0	0	0	0	0	5	3	42	0	0	2	0	0	0	0	0	0	0	0	7	18	0	11	3	0	18	0	0	0	0	0	0	0	0	0	0	0	0	0	0	0	0	0	0	0	47	0	0	1	11	0	0	0	0	0	27	0	15	6	8	0	5	6	1	4	0	0	0	0	0	0
OTU1601	0	0	0	0	0	0	0	0	0	0	0	0	0	0	0	0	0	0	0	0	0	0	0	0	0	0	0	0	0	0	0	0	0	0	0	1	2	0	0	0	0	3	0	1	0	0	0	1	0	0	0	45	0	15	0	0	0	0	0	0	0	0	0	0	0	0	7	0	6	0	0	0	0	1	0	0	0	0	0	1	0	0	0	2	0	2	0	0	0	0	7	1	5	6	12	0	0	114	56	2	0	42
OTU1602	0	0	0	0	0	0	0	0	0	0	0	0	0	0	0	0	0	0	0	0	0	0	0	0	0	0	0	0	0	0	0	0	0	0	0	2	0	0	0	0	0	0	0	0	0	0	0	0	0	0	0	0	0	0	4	0	0	0	0	0	0	0	0	0	195	0	0	1	0	0	0	0	0	0	0	0	0	0	0	0	0	0	0	0	0	0	0	0	0	0	0	0	0	0	0	0	0	0	1	0	0	0
OTU1603	0	1	0	0	0	0	0	0	0	0	0	0	0	0	0	0	0	0	1	0	1	0	0	0	0	1	0	0	0	0	0	0	0	0	0	0	1	0	0	0	0	0	1	10	7	3	0	8	0	0	0	3	0	4	10	13	2	30	18	0	0	0	0	0	3	8	1	6	9	0	0	0	1	2	0	2	1	0	9	0	0	2	0	4	0	2	0	0	0	4	14	6	21	17	3	32	63	1	42	106	23	29
OTU1604	0	0	0	0	0	0	0	0	0	0	0	0	0	0	0	0	0	0	0	0	0	0	0	1	0	0	0	1	0	13	0	0	0	0	0	0	0	0	0	0	0	0	0	0	1	0	0	0	1	0	0	8	2	0	0	0	0	3	0	0	0	0	0	0	1	0	0	0	0	0	0	0	0	0	0	0	0	0	1	0	0	0	0	0	0	1	1	0	0	0	2	0	1	2	2	0	2	0	8	89	44	0
OTU1605	0	0	0	0	0	0	0	0	0	0	0	0	0	0	0	0	0	0	0	0	0	0	0	0	0	0	0	0	0	0	0	0	0	0	0	0	0	0	0	0	0	0	0	0	0	0	0	0	0	0	0	0	0	0	0	0	0	0	0	0	0	0	0	0	0	0	0	0	0	0	0	0	0	0	0	0	0	0	0	0	0	0	0	0	0	0	0	0	0	0	0	0	0	0	0	0	0	0	0	180	0	0
OTU1606	0	0	0	0	0	0	0	0	0	208	0	0	0	0	0	0	0	0	0	0	0	0	0	0	0	0	0	0	0	0	0	0	0	0	0	0	0	0	0	0	0	0	0	0	0	1	0	0	0	0	0	0	0	0	0	0	0	0	0	0	0	0	0	0	0	0	0	1	0	0	0	0	0	0	0	0	0	0	0	0	1	0	0	2	0	0	0	0	0	1	0	1	0	0	0	0	0	0	0	0	0	0
OTU1607	0	0	0	0	0	0	0	0	0	1	0	0	0	0	0	0	0	0	0	0	0	0	0	0	0	0	16	0	0	0	0	0	2	0	0	0	11	6	0	0	0	1	0	0	0	0	0	0	0	15	0	0	0	0	0	0	0	0	3	0	0	0	0	0	0	0	0	0	0	0	0	5	0	0	0	13	1	2	0	3	3	0	2	0	0	0	130	18	17	0	0	0	0	0	0	0	0	0	0	0	0	0
OTU1608	0	0	0	0	0	0	0	0	0	0	1	0	0	0	0	0	0	0	0	0	0	0	0	0	4	0	1	0	0	0	0	0	0	0	0	0	0	17	1	0	0	1	0	0	0	0	0	1	15	3	0	0	0	1	0	112	1	0	0	0	0	0	0	0	0	4	0	0	0	0	0	0	5	0	0	0	1	0	105	0	0	0	0	0	0	1	0	1	0	0	0	0	0	2	1	3	0	0	0	0	0	0
OTU1609	0	0	0	0	0	0	0	0	0	0	0	0	0	0	0	0	0	0	0	0	0	0	0	0	0	1	3	3	5	1	0	0	0	0	1	0	0	10	2	0	6	6	2	4	1	10	2	0	25	2	0	32	6	0	0	6	8	1	0	2	2	0	1	0	24	24	1	0	0	1	3	11	10	13	3	13	0	3	22	0	2	3	3	1	0	0	1	1	4	2	1	9	1	2	3	1	2	0	0	0	5	1
OTU161	0	2	0	0	1	0	8	5	1	0	2	5	0	2	0	2	2	0	16	0	4	4	1	5	4	2	8	4	5	19	7	12	11	2	15	8	1	0	3	0	25	6	3	650	72	21	5	35	0	3	0	17	0	3	34	73	91	130	69	5	2	1	4	11	173	577	733	245	565	9	5	1	7	33	3	5	23	12	13	1	2	36	10	13	21	98	2	5	2	4	11	3	33	106	39	214	100	130	188	9	356	832
OTU1610	0	0	0	0	0	0	1	1	0	0	0	0	0	0	0	0	0	0	0	0	0	0	0	0	0	0	3	8	0	1	0	0	0	0	0	0	0	0	0	0	0	0	0	5	0	0	3	12	56	63	0	0	7	3	4	28	6	33	0	0	0	0	0	1	0	4	0	1	0	0	0	6	0	3	1	0	0	2	4	0	1	1	0	0	0	6	1	0	0	11	7	0	5	2	3	7	6	82	0	12	0	0
OTU1611	0	0	0	0	0	0	1	0	0	0	1	1	0	0	0	0	0	0	0	0	0	0	0	1	0	2	1	18	1	14	12	0	0	0	5	0	0	0	2	0	24	0	22	15	9	1	207	2	12	1	3	1	1	7	0	19	3	0	2	0	0	0	0	0	0	1	14	9	0	17	21	12	21	3	1	29	3	7	20	5	6	3	0	0	0	14	7	1	0	36	146	1	15	6	25	1	28	0	0	0	0	1
OTU1612	0	0	0	0	0	0	0	0	0	0	0	0	0	0	0	0	0	0	0	0	0	0	0	0	0	0	0	1	11	0	0	1	1	1	0	0	0	0	4	0	2	0	0	30	24	11	3	0	1	1	1	14	0	0	21	25	27	0	7	0	0	0	0	0	0	3	0	0	0	0	2	0	0	0	0	2	1	0	0	1	0	0	0	0	0	0	6	0	0	0	0	2	21	0	2	0	0	0	0	0	0	0
OTU1613	0	0	1	0	0	0	0	0	0	0	0	0	0	0	0	0	0	0	2	0	0	0	0	0	0	0	3	3	0	13	1	0	2	0	0	0	2	0	0	0	4	8	2	5	4	0	1	0	11	1	0	4	2	0	1	2	3	1	0	3	1	0	0	0	0	8	66	0	0	0	0	9	18	0	6	0	1	0	1	0	1	3	2	0	0	2	2	0	0	0	3	7	13	3	2	3	0	3	0	3	0	0
OTU1614	0	0	0	0	0	0	0	0	0	0	0	0	0	0	0	0	0	0	0	0	0	0	0	0	0	0	0	0	0	12	1	0	0	0	0	0	0	0	6	0	0	0	0	0	1	2	0	0	3	0	0	1	0	2	59	0	55	4	0	0	0	0	0	0	0	0	4	0	0	20	0	0	15	0	25	0	0	0	0	0	0	1	0	0	0	0	1	0	0	2	0	0	2	0	1	0	1	0	0	0	0	0
OTU1615	0	0	0	0	0	0	5	0	0	0	0	0	0	2	0	0	0	0	0	0	0	0	0	0	0	0	0	0	0	0	1	0	0	0	0	0	0	0	0	0	61	0	38	0	0	0	0	0	36	7	0	14	0	0	4	0	1	0	3	0	0	0	0	0	0	0	0	0	0	0	0	0	0	0	0	0	0	0	4	0	44	9	0	0	0	15	0	0	0	0	4	0	0	28	1	0	0	0	4	0	0	0
OTU1616	0	0	0	0	0	0	0	0	0	0	0	0	0	0	0	0	0	0	0	0	0	0	0	0	0	0	0	0	0	0	0	0	0	0	1	0	0	0	0	0	0	0	0	0	0	0	0	0	0	0	0	0	0	0	0	1	0	0	1	0	0	0	0	0	1	36	0	0	107	0	0	0	0	0	0	0	0	0	0	0	0	0	0	0	0	0	0	0	0	0	0	0	0	0	0	0	0	0	0	0	0	0
OTU1617	0	0	0	0	0	0	0	0	0	0	0	0	0	0	0	0	0	0	0	0	0	0	0	0	0	0	0	0	0	0	0	0	0	0	0	0	0	0	0	0	0	0	0	0	0	0	0	0	0	0	0	0	0	0	0	0	0	0	0	0	0	0	0	0	2	0	0	0	0	0	0	0	0	0	0	0	0	0	0	0	0	0	0	0	0	0	0	0	0	0	0	0	0	0	5	2	0	0	7	182	0	0
OTU1618	0	0	0	0	0	0	0	0	0	0	0	0	0	0	0	0	0	0	0	0	0	0	0	0	0	0	0	0	0	0	0	0	0	0	0	0	0	0	0	0	0	0	0	0	0	0	0	0	0	0	0	0	0	0	0	0	0	0	0	0	0	0	0	0	0	50	223	0	0	0	0	0	0	0	0	0	0	0	0	0	0	0	0	0	0	0	0	0	0	0	0	0	0	0	0	0	0	0	0	0	0	0
OTU1619	0	0	0	0	0	0	0	0	0	0	0	0	0	0	0	0	0	0	0	0	0	0	0	0	0	0	0	0	0	0	0	0	0	0	0	0	0	0	0	0	0	0	0	0	0	0	0	0	0	0	0	0	0	0	0	0	0	0	0	0	0	0	0	0	0	2	0	0	0	0	0	0	0	0	0	0	0	0	0	0	0	0	0	0	0	0	0	0	0	0	0	0	0	0	0	0	0	138	0	0	0	0
OTU162	0	4	5	1	0	0	12	13	0	0	2	3	0	4	309	0	1	0	12	6	30	4	6	4	24	5	155	61	39	200	82	15	18	8	6	28	28	4	14	0	143	65	306	219	261	39	49	240	42	31	5	192	16	122	243	522	93	217	275	19	4	7	4	27	1689	1040	1585	824	1692	1	33	28	62	70	36	46	28	16	105	19	72	152	152	41	57	161	2	13	4	49	82	94	428	154	1529	182	203	637	1049	480	1609	1279
OTU1620	0	0	0	0	0	0	0	0	0	0	0	0	0	0	0	0	0	0	0	0	0	0	0	0	0	1	0	0	0	0	0	0	2	0	0	0	0	0	0	0	0	0	0	0	1	0	0	0	0	0	0	0	0	0	0	0	0	0	0	0	1	0	0	0	0	0	43	0	0	0	0	0	0	0	0	0	0	0	0	0	0	0	0	0	0	0	0	0	0	0	0	0	0	0	0	1	0	0	100	0	51	0
OTU1621	0	0	0	0	0	0	1	1	0	0	0	0	0	0	0	0	0	0	0	0	0	0	0	0	0	0	0	0	0	0	0	0	0	0	0	0	0	0	0	0	0	0	0	0	0	0	0	0	0	0	0	0	0	0	0	0	0	0	0	0	0	0	0	0	0	0	0	0	0	0	0	0	0	0	0	0	0	0	0	0	0	0	0	0	0	0	0	0	0	0	0	0	0	2	2	1	5	0	57	52	27	59
OTU1622	0	0	0	0	0	0	0	0	0	0	0	0	0	0	0	0	0	0	0	0	0	0	0	0	0	0	0	0	0	0	0	0	0	0	0	0	0	0	0	0	0	0	0	0	0	0	0	0	0	0	0	0	0	0	0	0	0	0	0	0	0	0	0	0	0	0	0	0	0	0	0	0	0	0	0	0	0	0	0	0	0	0	0	0	0	0	0	0	0	0	0	0	0	0	0	0	0	190	4	0	0	0
OTU1623	0	0	0	0	0	0	0	0	0	0	0	0	0	147	0	0	0	0	0	0	0	0	0	0	0	2	0	0	17	0	0	0	0	0	0	0	0	19	3	0	1	0	0	0	0	0	0	0	0	1	0	0	0	0	0	4	30	2	1	0	0	0	0	0	0	0	3	0	0	3	0	0	0	1	0	0	10	0	0	1	1	0	1	0	0	0	0	0	11	0	0	0	0	0	0	0	0	0	0	0	0	0
OTU1624	0	0	0	0	0	0	0	0	0	0	0	0	0	0	0	0	0	0	3	2	0	0	0	1	3	0	0	0	0	0	0	1	0	0	0	0	0	0	0	0	0	0	0	0	0	0	0	0	0	0	0	0	0	0	0	0	2	0	2	0	0	0	0	3	0	1	82	1	104	0	0	0	4	0	0	0	0	0	0	0	0	0	0	0	0	0	0	0	0	0	0	0	0	0	0	2	0	0	0	1	12	40
OTU1625	0	0	0	2	0	0	0	0	0	0	0	0	0	1	0	0	0	0	0	0	0	0	0	2	0	0	9	4	0	0	0	0	0	0	0	0	7	0	29	2	78	2	9	0	0	0	2	0	1	0	9	2	1	0	3	0	4	0	0	0	0	0	0	0	0	0	0	0	0	0	24	0	0	5	12	0	1	3	0	3	0	0	0	1	1	0	2	14	0	0	0	25	0	1	0	0	1	0	0	0	0	0
OTU1626	0	1	0	0	0	0	0	0	1	0	2	1	0	1	0	0	0	0	0	0	0	0	0	0	0	0	4	1	0	16	4	0	0	0	0	0	0	0	1	0	27	7	4	1	1	1	2	0	5	92	0	3	8	1	0	0	0	5	0	0	1	0	0	0	0	0	0	0	0	0	3	0	2	9	6	2	0	1	5	2	5	0	15	0	6	2	3	1	0	8	0	0	2	1	1	3	0	0	0	0	0	0
OTU1627	0	0	0	0	0	0	0	0	0	0	0	0	0	0	0	0	0	0	0	0	0	0	0	0	0	0	10	10	6	7	18	0	0	1	0	0	1	0	5	0	0	0	2	7	0	42	8	4	0	2	0	5	0	2	5	0	25	2	0	0	0	0	0	0	0	0	0	0	0	0	0	1	0	0	0	0	3	0	0	1	0	0	1	35	27	19	2	0	0	0	0	4	3	4	5	6	8	0	0	0	2	0
OTU1628	0	0	0	0	0	0	0	0	0	0	0	0	0	0	0	0	0	0	0	0	0	0	0	0	0	0	4	23	0	91	0	0	0	0	0	0	1	0	5	0	2	0	0	1	1	5	0	0	4	4	0	15	1	0	13	0	10	1	0	0	0	0	0	0	0	0	0	0	3	0	18	3	1	5	2	3	0	0	2	0	0	1	13	0	0	0	1	0	0	8	0	0	0	2	6	0	3	0	0	0	0	0
OTU1629	0	0	0	0	0	0	0	0	0	0	0	0	0	0	0	0	0	0	0	0	0	0	0	0	0	0	0	0	0	0	0	0	0	0	0	0	0	0	0	0	1	0	1	0	2	0	0	0	17	13	2	1	0	2	38	21	4	31	7	0	0	0	0	0	1	0	0	1	0	0	5	20	13	53	5	0	3	0	0	0	0	0	0	0	0	0	0	0	0	0	0	0	0	0	1	1	0	0	0	0	0	0
OTU163	0	15	10	1	1	2	13	31	1	1	3	3	0	6	1	4	1	1	20	2	8	9	5	13	32	9	69	72	176	152	154	12	14	14	75	10	230	44	260	1	475	243	178	202	138	246	133	195	259	130	41	901	130	1121	318	160	137	409	281	10	9	17	114	32	236	219	236	201	518	73	39	402	169	80	107	183	102	245	471	61	240	100	356	360	163	255	382	975	54	117	576	305	590	1120	201	860	174	30	1161	457	634	497
OTU1630	0	0	0	0	0	0	0	0	0	0	0	1	0	0	0	0	0	0	0	0	0	0	0	0	0	0	0	5	10	2	7	0	0	0	1	4	2	6	1	0	4	1	6	22	29	91	8	34	1	3	0	12	0	7	10	10	2	6	4	0	0	0	0	0	0	0	0	0	0	2	1	12	1	3	4	5	4	3	3	6	4	20	14	9	4	1	4	3	17	11	4	0	23	5	45	4	6	1	0	1	0	1
OTU1631	0	0	0	0	0	0	0	0	0	0	0	0	0	0	0	0	0	0	0	0	0	0	0	0	2	0	0	0	0	0	0	0	0	0	0	0	0	0	0	0	0	0	0	5	4	0	0	13	5	0	0	0	0	1	9	4	0	95	9	0	0	0	0	0	0	0	0	0	0	0	1	0	0	0	0	0	0	0	0	1	0	1	4	1	0	5	1	0	0	0	3	0	16	4	23	4	13	12	16	45	3	0
OTU1632	0	0	0	0	0	0	0	0	0	0	0	0	0	0	0	0	0	0	0	0	0	0	0	0	0	0	0	0	0	0	0	0	0	0	0	0	0	0	0	0	0	0	0	0	0	0	0	0	0	0	0	0	0	0	0	0	0	0	0	0	0	0	0	0	0	0	165	0	0	0	0	0	0	0	0	0	0	0	0	0	0	0	0	0	0	0	0	0	0	0	0	0	0	0	0	0	0	0	0	0	0	0
OTU1633	0	0	0	0	0	0	0	0	0	0	0	0	0	0	0	0	0	0	0	0	0	0	0	0	0	0	0	0	0	0	0	0	0	0	1	0	0	0	0	0	0	0	0	0	0	0	0	0	0	0	0	0	0	0	0	0	0	0	0	0	0	0	0	0	0	0	0	0	0	0	0	0	0	0	0	0	0	0	0	0	0	0	0	0	0	0	0	0	0	0	0	0	0	0	0	0	0	167	0	0	0	0
OTU1634	0	2	0	0	0	0	0	0	0	0	0	0	0	0	0	0	0	0	0	0	0	0	0	1	0	0	0	0	0	1	0	0	0	2	0	0	0	0	0	0	4	0	0	6	0	24	0	0	4	3	2	8	2	0	6	1	6	11	8	0	0	0	0	1	3	1	8	6	0	2	2	0	0	8	9	0	0	1	0	0	0	30	0	4	2	0	0	0	6	0	1	0	1	7	4	2	1	3	2	0	47	2
OTU1635	0	0	0	0	0	0	0	0	0	0	0	0	141	0	1	0	815	0	0	0	0	0	0	0	0	0	2	0	2	1	3	0	0	0	0	0	0	3	0	0	1	1	0	0	1	0	0	1	1	2	0	2	0	0	64	1	17	15	0	0	0	0	0	0	5	0	0	0	0	0	1	0	2	2	2	0	0	2	0	0	2	2	2	0	4	2	0	0	1	2	0	0	1	3	0	1	0	0	0	0	0	0
OTU1636	0	0	0	0	0	0	0	1	0	0	1	0	0	0	0	0	0	0	0	0	1	0	0	0	0	2	0	0	0	0	0	3	0	0	3	0	0	0	0	0	0	0	0	0	0	0	0	0	0	0	0	0	0	0	0	0	0	0	0	0	0	0	0	0	0	0	1	0	0	0	0	0	0	0	0	0	0	0	0	0	0	0	0	0	0	0	0	0	0	0	0	0	0	0	6	2	0	3	40	80	173	10
OTU1637	1	0	0	0	0	0	0	0	0	0	0	0	1	1	0	0	0	0	0	0	0	0	0	0	0	0	160	0	0	0	35	0	3	0	0	0	0	0	0	0	0	0	0	0	0	0	0	0	1	0	0	1	0	4	0	1	0	30	0	0	0	0	0	0	0	0	0	0	0	1	1	1	0	0	0	3	0	0	0	69	1	3	3	4	0	3	2	0	0	38	1	26	0	1	0	0	0	0	0	0	0	0
OTU1638	0	0	0	0	0	0	1	0	0	0	0	0	0	0	0	0	0	0	1	0	0	0	0	3	0	0	16	0	63	4	9	0	0	0	0	0	16	9	13	0	43	12	8	1	3	1	0	3	2	13	2	1	5	2	0	2	19	0	1	0	0	0	0	0	17	0	7	8	0	8	20	0	0	4	9	28	18	21	5	7	11	3	1	0	7	1	8	23	24	4	8	20	6	9	4	2	0	1	0	0	1	0
OTU1639	0	0	0	0	0	0	0	0	0	0	0	1	0	0	0	0	0	0	0	0	0	0	0	0	0	0	13	22	6	1	13	0	0	0	2	0	11	0	3	2	18	2	3	3	3	1	2	7	11	2	4	3	14	0	4	1	2	2	4	0	0	0	0	0	41	7	63	12	60	0	0	2	0	10	7	1	4	32	0	4	7	0	10	8	6	0	2	7	48	0	4	1	3	5	12	14	2	0	4	38	6	65
OTU164	0	7	5	3	0	0	0	3	3	1	8	1	5	0	4	2	0	1	3	0	4	0	0	1	15	0	24	10	65	10	9	1	0	0	14	0	16	82	185	0	5319	167	212	22	12	45	24	7	76	52	64	17	29	31	25	30	112	12	28	0	0	0	0	0	0	0	0	0	0	114	303	120	49	92	134	44	27	30	672	13	97	21	16	18	8	9	56	189	221	116	33	167	12	33	17	35	12	0	1	0	0	0
OTU1640	0	0	0	0	0	0	0	1	0	0	0	0	0	0	0	0	0	0	0	0	0	0	0	0	0	0	0	4	0	0	0	0	0	0	0	0	5	0	31	0	13	7	18	0	0	0	0	0	2	3	0	0	0	6	0	1	3	0	0	0	0	0	0	0	0	0	0	0	0	0	0	2	0	12	21	23	1	0	3	1	6	0	0	0	0	0	4	4	0	19	6	7	0	0	1	0	2	0	0	0	0	0
OTU1641	0	0	4	0	0	0	0	0	0	0	0	0	0	1	0	0	0	0	0	0	0	0	0	0	0	0	0	0	13	0	8	0	0	0	0	0	0	0	2	0	0	0	1	0	2	0	1	0	0	0	0	0	0	6	5	1	34	3	1	0	0	0	0	1	0	0	0	0	1	179	0	3	9	1	7	5	1	2	0	6	0	0	2	0	2	0	2	0	0	0	0	0	1	0	8	4	1	0	0	0	0	0
OTU1642	0	0	0	0	0	0	0	0	0	0	0	1	0	0	0	0	0	0	0	0	0	0	0	0	0	0	0	0	0	0	0	0	1	0	0	0	2	0	2	0	18	0	0	16	18	0	2	0	0	19	0	0	0	0	12	2	3	0	0	0	0	0	0	0	2	0	137	0	0	0	0	0	0	0	2	2	0	1	0	0	4	1	0	0	0	1	0	0	0	0	0	15	2	3	113	0	1	0	0	0	0	0
OTU1643	0	0	0	0	0	0	0	0	0	0	0	0	0	0	0	0	0	0	1	0	0	0	0	1	0	0	0	0	0	0	0	0	0	0	0	0	0	0	0	0	0	2	0	0	0	0	0	12	19	2	0	16	0	0	1	0	2	3	1	0	0	0	0	0	18	50	59	17	7	0	1	0	1	0	0	0	0	0	0	0	0	0	0	0	3	0	0	0	0	0	0	0	0	0	11	1	0	0	2	0	0	26
OTU1644	0	0	0	0	0	0	0	0	0	0	5	0	0	0	0	0	0	0	0	0	2	0	0	0	0	0	0	0	0	1	0	0	0	0	2	1	0	1	1	0	12	1	25	0	13	9	31	39	1	1	0	1	1	60	31	8	7	2	3	1	4	0	0	0	16	5	4	4	18	1	1	1	2	4	2	1	2	1	3	0	0	61	174	10	2	17	2	2	0	7	5	177	1	123	40	0	111	0	3	0	5	0
OTU1645	0	0	0	0	0	0	0	0	0	0	0	0	0	0	0	0	0	0	0	0	2	0	0	0	0	0	5	5	4	0	5	0	0	0	0	0	4	0	0	0	20	0	0	0	1	1	0	0	2	3	1	4	0	0	0	0	0	0	2	1	0	0	0	5	21	12	32	12	29	1	1	0	16	3	1	1	2	0	5	1	0	0	0	4	0	3	0	3	2	2	0	0	0	1	2	5	2	19	75	0	5	4
OTU1646	0	0	0	0	0	0	0	0	0	0	0	0	0	0	0	0	0	0	0	0	0	0	0	0	0	0	0	0	0	0	0	0	0	0	0	0	0	0	0	0	0	0	0	0	0	0	0	0	0	0	0	0	0	0	0	0	0	0	0	0	0	0	0	0	0	0	0	0	0	0	0	0	0	0	0	0	0	0	0	0	0	0	0	0	0	0	0	0	0	0	0	0	0	0	0	0	0	113	0	0	0	0
OTU1647	0	1	0	0	0	0	3	0	0	0	0	0	0	0	0	0	0	0	2	0	0	1	0	0	2	0	6	6	2	6	29	0	0	0	0	0	10	1	3	0	31	16	9	3	2	0	3	1	10	20	0	10	1	2	2	3	1	4	2	0	0	0	0	3	35	76	55	14	18	0	7	2	2	13	2	7	2	2	41	3	3	0	7	1	5	4	5	5	18	5	6	3	3	8	2	1	3	29	94	3	72	46
OTU1648	0	5	2	0	0	0	0	12	1	0	0	1	0	1	0	0	0	0	0	0	0	4	4	0	0	3	51	42	161	9	37	0	0	1	1	0	133	104	100	0	12	26	34	2	7	15	12	1	9	3	5	6	94	11	4	8	58	5	1	4	0	0	0	0	0	1	0	0	1	18	178	6	4	5	61	338	54	133	1	81	20	47	3	28	3	4	127	35	79	7	54	5	1	11	8	5	5	0	0	0	0	0
OTU1649	0	0	0	0	0	0	0	0	0	0	0	0	0	0	0	0	0	0	0	0	0	0	0	0	0	0	2	11	0	45	3	0	0	0	0	0	2	0	0	0	0	0	0	0	0	14	2	3	0	2	0	9	1	2	2	0	0	1	0	0	0	0	0	0	24	22	0	0	11	1	22	9	0	0	7	0	1	0	0	0	2	0	0	0	4	0	0	3	0	3	0	0	18	6	5	0	0	0	0	0	0	0
OTU165	0	0	4	0	0	3	4	15	0	0	0	0	0	2	0	2	0	0	4	0	7	10	2	15	1	3	89	48	0	104	23	4	11	0	10	3	312	0	144	0	21	38	18	42	67	30	18	40	105	33	0	43	90	25	78	18	32	50	41	0	1	0	7	13	87	93	210	2	334	27	24	19	53	22	160	111	11	13	29	15	51	20	54	9	10	64	33	21	8	25	323	226	103	131	140	80	99	491	335	648	254	332
OTU1650	0	0	0	0	0	0	0	0	0	0	0	0	0	0	0	0	0	0	0	0	0	0	0	0	0	0	0	0	6	6	0	0	0	0	0	0	0	2	0	0	21	0	0	3	0	1	0	0	0	0	0	0	0	0	2	7	103	1	1	0	0	0	0	0	0	0	3	0	0	13	4	1	0	0	10	0	6	17	0	2	3	0	5	0	0	1	0	0	0	0	0	0	0	1	0	3	0	0	0	0	0	0
OTU1651	0	0	0	0	0	0	0	0	0	0	0	0	0	0	0	0	0	0	0	0	0	0	0	0	0	0	1	0	0	25	0	0	0	2	0	2	0	0	0	0	0	0	0	23	10	2	5	65	0	0	0	1	0	2	11	0	1	0	0	0	0	0	0	0	0	0	0	0	1	0	3	0	0	0	0	0	1	0	0	1	0	0	19	0	0	0	0	0	0	0	0	1	38	14	1	0	0	1	0	2	0	0
OTU1652	0	0	0	0	0	0	1	0	0	0	0	0	0	0	0	0	0	0	0	0	0	0	0	0	0	0	0	0	0	1	0	0	0	1	0	0	0	0	0	0	0	0	0	0	0	0	0	0	0	0	0	0	0	0	0	0	0	0	0	0	0	170	0	0	1	0	0	0	0	0	0	0	0	0	0	0	0	0	0	0	0	0	0	7	0	0	3	0	0	0	0	0	0	0	0	0	0	0	0	0	0	0
OTU1653	0	0	0	0	0	0	0	0	0	0	0	0	0	0	0	0	0	0	0	0	0	0	0	0	0	0	0	0	0	0	0	0	0	0	0	0	0	0	2	0	0	0	0	0	0	0	2	19	16	0	0	0	1	16	7	0	1	0	0	0	0	0	0	0	0	0	1	0	0	0	0	0	0	0	0	1	0	0	0	0	0	5	23	0	4	0	0	0	1	0	2	0	0	7	0	0	0	0	5	0	0	25
OTU1654	0	0	1	0	0	0	0	0	0	0	0	0	0	0	0	0	0	0	0	0	0	0	0	0	0	0	2	0	0	0	0	5	1	0	0	0	5	0	2	0	0	0	2	94	59	60	0	1	1	0	0	0	0	0	9	22	30	10	13	0	0	0	0	0	0	2	0	0	0	1	0	0	0	0	0	3	1	0	3	0	0	20	19	0	0	3	0	0	0	1	0	1	32	0	17	1	36	1	1	0	1	0
OTU1655	0	0	0	0	0	0	0	0	0	0	0	0	0	0	0	0	0	0	0	0	0	0	0	0	0	0	0	1	0	0	0	1	0	0	0	0	0	0	0	0	0	0	1	118	1	0	0	4	0	2	0	0	0	0	20	52	14	3	37	0	0	0	0	0	0	0	0	0	0	0	0	0	0	0	4	2	3	0	0	0	0	0	0	0	0	0	0	0	0	18	0	0	2	0	0	8	0	0	0	0	0	0
OTU1656	0	0	0	0	0	0	0	0	0	0	0	0	0	0	1	0	0	0	0	0	0	1	0	0	0	1	0	0	0	0	0	0	0	0	0	0	0	0	0	0	0	0	0	0	0	0	0	0	0	0	0	28	10	4	0	0	0	1	6	4	0	0	0	1	43	9	10	34	183	0	14	0	1	5	0	1	1	0	0	0	0	0	0	0	0	0	0	0	1	0	3	0	0	0	0	0	0	0	0	1	11	0
OTU1657	0	0	0	0	0	0	1	0	0	0	0	0	0	0	0	0	0	0	0	2	0	0	0	0	0	0	0	0	0	0	0	0	0	0	0	0	0	0	0	0	0	0	0	0	0	0	0	0	0	0	0	0	0	0	0	1	0	0	1	0	0	0	0	0	55	58	36	3	31	0	0	0	0	0	0	0	0	0	0	0	0	0	0	0	0	0	0	0	0	0	0	0	0	4	0	0	0	0	35	0	35	0
OTU1658	0	3	0	0	0	0	3	4	0	0	0	1	0	0	0	0	0	0	0	0	0	0	0	0	1	0	1	7	0	35	0	0	0	0	1	0	0	0	5	0	0	0	0	2	4	2	7	11	16	1	0	25	12	6	1	1	2	4	21	0	0	0	0	1	57	28	47	11	40	0	0	2	8	1	0	0	0	0	7	4	2	1	2	10	3	0	0	1	0	4	0	9	4	9	3	19	24	0	119	95	47	59
OTU1659	0	0	0	0	0	0	0	0	0	0	0	0	0	0	0	0	0	0	0	0	0	0	0	0	2	0	0	0	0	0	0	0	0	0	0	0	0	0	0	0	0	0	0	0	0	0	0	0	0	0	0	0	0	1	0	1	2	0	1	0	0	1	0	0	24	20	111	7	70	0	0	0	0	0	0	0	0	0	0	0	0	1	0	0	0	0	0	0	0	0	0	0	0	0	0	0	1	0	1	2	0	0
OTU166	0	5	0	5	0	2	0	70	0	0	1	2	0	5	4	0	0	0	0	0	0	0	0	0	0	1	2	3	2	2	756	0	0	0	40	0	1	3	16	0	13	3	2	4	13	5	435	7	5	2	0	6	3	24	12	8	8	16	7	0	0	1	1	15	1	0	2	0	1	2	1	7	5	10	4	2612	4	5	6	8	6	8	2	3	8	0	4	1818	3	7	1	7	22	32	18	13	6	3	3	0	1	0
OTU1660	0	0	0	0	0	0	1	0	0	0	0	0	0	0	0	0	0	0	1	0	0	0	0	0	2	2	2	0	0	8	0	0	0	0	1	0	4	0	8	0	2	6	0	0	5	0	0	0	0	2	0	10	0	1	6	1	1	0	2	1	0	0	0	1	62	62	36	7	119	0	11	0	0	1	0	0	8	3	0	0	0	1	1	0	0	3	2	8	7	0	8	0	0	0	0	26	0	0	47	0	55	31
OTU1661	0	0	0	0	0	0	0	0	0	0	0	0	0	0	0	0	0	0	0	0	0	0	0	0	0	0	0	0	0	0	0	0	0	0	0	0	0	0	0	0	0	0	0	0	0	0	0	0	0	0	0	0	0	0	0	0	0	0	0	0	0	0	0	0	0	1	0	1	1	0	0	0	0	0	0	0	0	0	0	0	0	0	0	0	0	0	0	0	0	0	0	0	0	0	5	0	0	0	0	206	0	0
OTU1662	0	0	0	0	0	0	0	0	0	0	0	0	0	0	0	0	0	0	1	0	0	0	0	0	0	0	0	0	0	0	0	0	1	0	1	0	0	0	0	0	0	0	0	0	0	0	0	0	0	0	0	0	0	0	0	0	0	0	0	0	0	0	0	1	0	1	1	0	1	0	0	0	0	0	0	0	0	0	0	0	0	0	0	0	0	0	0	0	0	0	0	0	0	2	8	4	0	59	23	163	74	0
OTU1663	0	0	0	0	0	0	0	0	0	0	0	0	0	0	0	0	0	0	0	0	0	0	0	0	0	0	0	0	0	0	0	0	0	0	0	0	0	0	0	0	0	0	0	0	0	0	0	0	0	0	0	0	0	0	0	0	0	0	0	0	0	0	0	0	0	0	0	0	0	0	0	0	0	0	0	0	0	0	0	0	0	0	0	0	0	0	0	0	0	0	0	0	0	0	0	0	0	148	0	0	0	0
OTU1664	0	0	0	0	0	0	0	2	0	0	0	0	0	0	0	0	0	0	0	0	0	2	0	0	0	0	0	0	0	0	0	0	1	0	0	0	0	0	0	0	0	0	0	0	0	0	0	0	0	0	0	0	0	0	0	0	0	0	0	0	0	0	0	0	18	84	8	1	1	0	0	0	0	0	0	0	0	0	0	0	0	0	0	0	0	0	0	0	0	0	0	0	0	0	0	0	0	0	4	0	0	63
OTU1665	0	0	0	0	0	0	0	0	0	0	0	0	0	0	0	0	1	0	0	0	0	0	0	0	0	0	0	0	0	0	1	0	3	0	0	0	0	0	0	0	0	0	0	26	32	1	2	0	0	0	0	10	0	0	6	60	19	3	3	0	0	0	0	0	1	0	1	0	0	0	0	6	0	0	0	1	0	0	0	0	0	13	0	0	0	0	0	0	0	1	0	3	9	0	8	2	27	0	0	0	0	2
OTU1666	0	0	0	0	0	0	0	3	0	0	2	0	0	3	0	0	0	0	9	0	0	0	0	0	0	0	1	0	0	51	0	1	0	0	0	0	0	2	0	0	1	154	34	0	0	1	0	0	0	0	4	6	0	3	4	0	3	0	4	0	0	0	0	1	0	0	1	1	0	0	2	0	5	0	1	0	3	0	0	0	1	1	0	2	0	0	2	12	0	1	0	118	4	15	0	1	0	0	0	0	0	0
OTU1667	0	0	0	0	0	0	1	0	0	0	0	0	0	0	0	0	0	0	0	0	0	0	0	0	0	2	0	0	0	0	0	0	0	0	1	0	0	0	0	0	0	0	0	0	0	0	0	0	0	0	0	0	0	0	2	2	3	0	1	0	0	0	0	0	35	13	48	22	15	0	0	0	0	0	0	0	0	0	0	0	0	0	0	0	0	0	0	0	0	0	0	0	0	1	0	0	0	0	28	0	13	0
OTU1668	0	0	0	0	0	0	0	2	0	0	0	0	0	0	0	0	0	0	0	0	0	0	0	0	0	0	53	6	0	2	7	0	2	0	0	5	0	0	13	0	3	0	0	0	1	0	3	9	6	2	0	11	1	0	11	9	2	1	0	0	0	2	0	0	1	70	1	0	0	0	0	3	0	0	0	16	5	0	22	1	0	5	2	25	0	0	1	1	0	4	0	0	0	2	0	0	7	0	0	0	0	3
OTU1669	0	0	0	0	0	0	0	0	0	0	0	0	0	0	0	0	0	0	0	0	0	0	0	0	0	0	1	7	35	13	1	2	0	0	0	1	6	0	0	0	0	0	0	8	6	7	4	35	4	0	1	1	0	0	7	5	14	4	11	0	0	0	1	0	1	0	0	0	2	1	2	8	9	10	0	0	6	0	0	0	0	9	2	0	6	0	0	5	11	1	1	1	15	0	9	11	11	0	0	0	0	0
OTU167	0	1	3	3	0	0	2	1	1	0	1	0	1	0	1	2	0	0	7	0	2	2	4	0	11	4	6	355	0	336	15	2	2	1	11	6	1	7	4	4	1	1	1	101	45	31	259	164	73	57	0	21	144	63	83	127	12	164	90	8	2	1	0	6	27	75	137	5	447	1	5	9	33	180	0	4	18	0	154	4	85	156	90	52	19	75	2	4	2	49	30	120	41	61	96	263	274	5	553	1404	549	1692
OTU1670	0	0	0	0	0	0	0	0	2	0	0	0	0	0	0	0	0	0	0	0	0	2	1	0	0	0	38	0	1	0	9	0	0	0	1	0	10	11	37	0	0	0	0	0	1	0	0	0	0	1	0	0	14	0	0	0	25	0	4	0	0	0	0	1	0	0	2	0	0	0	0	0	0	0	0	85	47	2	0	27	0	0	1	4	0	1	20	7	29	0	0	1	0	0	0	0	0	0	0	0	0	0
OTU1671	0	0	0	0	0	0	0	0	2	0	1	0	0	3	0	0	0	0	0	0	0	0	0	0	0	0	0	5	16	0	1	0	1	0	0	0	0	4	15	0	36	2	7	3	1	0	7	2	0	1	0	0	6	0	2	3	11	2	0	0	0	0	0	0	0	6	0	0	1	6	10	6	9	0	4	3	4	7	0	15	0	7	1	2	3	3	0	6	4	0	5	7	2	1	13	1	3	0	0	0	2	4
OTU1672	0	3	6	0	0	0	2	0	0	0	0	9	2	1	1	0	4	0	0	0	2	0	2	0	0	0	7	15	69	1	70	0	0	0	0	0	40	10	14	0	289	61	112	0	2	3	8	12	0	5	5	5	1	6	24	4	5	1	1	0	5	0	0	3	0	2	1	0	1	0	3	0	0	0	1	5	9	15	4	12	10	19	529	4	12	4	21	5	20	0	2	0	1	36	17	5	7	0	0	0	0	0
OTU1673	0	3	0	0	0	0	0	1	0	0	0	3	0	10	0	0	1	0	0	0	0	1	0	0	1	0	0	3	0	12	0	3	0	0	1	0	1	13	1	0	1	4	0	28	26	14	18	7	0	0	0	6	1	1	19	26	26	5	7	1	0	0	0	0	1	0	0	0	1	1	2	4	1	0	32	1	2	0	4	0	1	11	8	0	0	3	5	0	4	0	0	0	23	4	3	3	5	0	0	0	0	0
OTU1674	0	1	0	0	0	0	0	0	0	1	0	0	0	0	0	0	0	0	0	0	2	0	0	0	0	0	3	0	0	7	26	1	3	2	1	0	5	0	2	0	0	1	6	37	164	12	3	8	11	0	0	1	0	5	23	23	16	7	54	2	3	1	0	0	1	68	57	7	27	0	6	52	0	1	0	0	1	2	0	4	0	28	33	23	53	1	5	2	8	1	5	8	15	2	27	21	60	2	0	2	1	0
OTU1675	0	4	0	0	0	0	0	0	0	0	0	0	0	0	0	0	0	0	1	0	0	0	0	0	0	0	0	4	1	0	0	2	0	0	0	0	1	1	1	0	5	3	0	8	8	4	7	13	0	1	0	1	4	0	15	7	20	8	5	0	0	0	0	0	90	33	34	37	30	1	0	0	1	0	0	3	0	0	0	0	0	1	8	1	2	11	1	9	0	0	12	0	2	1	1	5	13	5	10	0	4	14
OTU1676	0	0	0	0	0	0	0	0	0	0	0	0	0	0	0	0	0	0	0	0	0	0	2	0	0	0	0	0	0	0	0	0	0	0	234	1	0	0	0	0	0	0	0	0	0	0	4	0	0	0	0	0	0	0	0	0	0	0	0	0	0	0	0	0	1	1	0	0	3	0	0	0	0	0	0	0	0	0	0	0	0	0	0	0	0	0	0	0	0	0	0	0	0	0	0	0	0	0	1	0	0	0
OTU1677	0	0	0	0	0	0	4	0	0	0	1	0	0	2	0	0	0	0	0	0	0	0	0	0	0	0	9	8	0	1	0	0	2	1	2	0	2	0	1	1	57	1	0	133	64	87	65	25	20	14	0	8	5	8	11	14	2	29	78	1	0	4	0	1	84	3	0	0	2	1	17	0	6	0	1	3	2	1	2	1	37	16	45	154	14	19	3	30	11	0	7	3	22	23	4	27	8	0	2	0	1	0
OTU1678	0	0	0	0	0	0	0	0	0	0	0	0	0	13	0	0	0	0	0	0	0	0	0	0	0	0	0	0	0	0	0	0	1	0	0	0	0	0	0	0	1	0	0	0	10	17	0	0	0	0	0	0	0	0	1	2	3	0	1	0	0	0	0	0	0	31	109	119	32	0	0	0	0	0	0	0	0	0	0	0	0	0	4	0	0	15	0	0	0	0	0	0	0	0	0	0	5	2	0	0	0	0
OTU1679	0	0	0	0	0	0	0	0	0	0	0	0	0	0	0	0	0	0	0	0	0	0	0	0	0	0	0	0	0	0	0	0	0	0	0	0	1	0	0	0	0	0	1	0	0	0	0	0	0	0	0	0	0	0	26	0	0	0	0	0	0	1	0	0	0	0	0	0	0	0	0	1	0	0	0	1	0	0	0	0	0	0	0	127	0	5	0	0	0	0	0	0	0	0	23	0	0	0	0	2	0	0
OTU168	0	5	1	4	0	0	7	2	0	0	0	4	1	8	0	658	938	0	120	2	0	5	0	8	10	11	1	2	1	19	0	8	6	6	15	7	6	0	7	0	0	8	3	3	0	2	0	10	1	0	0	5	1	1	2	9	2	11	6	5	6064	2	606	25	14	10	22	26	37	0	6	2	1	0	4	0	6	0	1	0	9	0	352	1	39	1	67	4	0	3	0	1	6	14	3	7	3	26	16	17	19	2
OTU1680	0	0	0	0	0	0	0	0	0	0	0	0	0	0	0	0	0	0	0	0	0	0	0	0	0	0	0	0	0	0	0	0	2	1	0	3	0	0	0	0	0	0	0	0	1	0	0	0	0	0	0	0	0	0	0	0	7	0	0	3	0	0	0	2	62	0	180	47	0	0	0	0	0	0	0	0	0	0	0	0	0	0	0	0	0	0	0	0	0	0	0	0	0	0	0	0	0	0	0	62	2	0
OTU1681	0	0	0	0	0	0	0	0	0	0	0	0	0	0	0	0	0	0	0	0	0	0	0	0	0	3	0	0	0	4	0	0	0	0	0	1	1	0	0	0	0	0	2	0	0	0	1	2	0	0	0	0	0	0	0	0	0	0	8	0	0	0	3	1	1	0	1	0	0	0	0	0	9	0	0	0	0	0	0	0	1	0	0	1	0	0	0	0	0	0	0	0	0	1	2	3	15	55	56	71	48	54
OTU1682	0	0	0	0	0	0	0	0	0	0	0	0	0	0	0	0	0	0	0	0	0	0	0	0	0	0	0	0	0	2	0	0	0	0	0	0	0	0	0	0	0	0	1	0	0	0	0	0	0	1	0	0	0	0	0	0	0	0	0	0	0	0	0	0	0	3	0	0	0	0	0	0	0	0	0	0	0	0	0	0	0	0	0	0	0	0	0	0	0	0	0	0	7	4	10	59	0	0	9	141	42	7
OTU1683	0	0	0	0	0	0	0	0	0	0	0	0	0	0	0	0	0	0	0	0	0	0	0	0	0	0	0	0	0	0	0	0	0	0	0	0	0	0	0	0	0	0	0	0	0	0	0	0	0	0	0	0	0	0	0	0	0	0	0	1	0	0	0	0	0	0	0	0	0	0	0	0	0	0	0	0	0	0	0	0	0	0	0	0	0	0	0	0	0	0	0	0	0	0	0	0	0	0	0	126	0	0
OTU1684	0	0	0	0	0	0	0	0	0	0	0	1	0	0	2	0	0	0	0	0	0	0	0	0	0	1	35	33	25	0	5	0	1	0	0	0	0	8	0	0	2	0	0	8	0	0	2	0	8	0	1	0	0	3	3	3	1	3	9	0	0	0	0	0	20	25	1	0	4	1	6	0	1	2	1	0	0	5	0	6	2	3	14	17	5	4	0	3	0	0	0	3	0	0	0	3	0	0	0	0	1	0
OTU1685	0	1	0	0	0	0	0	0	0	0	0	0	0	0	0	0	0	0	0	0	1	0	0	0	0	0	7	0	0	0	4	0	3	0	0	0	1	0	4	0	14	68	21	5	37	19	0	0	1	0	0	0	0	0	1	6	5	0	4	0	0	0	0	0	0	0	0	0	0	5	2	5	0	0	12	2	0	0	0	0	2	3	0	4	0	0	1	2	0	0	0	6	0	2	5	20	66	0	0	0	1	2
OTU1686	0	0	0	0	0	0	0	0	0	0	0	0	0	0	0	0	0	0	0	0	0	0	0	0	0	1	11	14	0	3	1	0	0	0	0	0	2	15	2	0	1	4	1	12	0	37	8	0	0	2	0	2	10	1	2	1	19	3	0	0	0	0	0	0	0	0	0	0	2	23	0	11	0	0	27	0	4	8	1	29	0	47	0	1	0	0	6	38	12	0	0	6	0	2	1	8	1	0	0	0	0	0
OTU1687	0	0	0	0	0	0	0	0	0	0	0	0	0	0	0	0	0	0	0	0	0	0	0	0	0	0	89	1	0	0	292	0	0	0	0	0	0	1	0	0	0	0	0	2	1	0	1	0	0	0	0	0	29	0	1	0	0	1	0	0	0	0	0	0	0	0	0	0	0	0	0	0	7	0	22	7	0	0	0	0	2	0	2	0	0	0	1	2	0	0	0	0	61	1	0	0	1	0	0	0	0	0
OTU1688	0	2	0	0	0	1	0	0	1	0	0	0	0	0	0	0	0	0	4	0	0	0	0	0	1	1	6	7	2	15	2	0	2	3	0	0	8	4	0	1	28	5	7	19	14	3	8	14	2	4	0	11	10	9	12	6	10	3	10	0	0	0	0	1	0	0	0	0	2	0	4	9	1	0	3	1	7	3	10	3	8	5	9	6	10	10	9	4	7	5	2	7	14	11	12	21	13	0	4	5	37	14
OTU1689	0	0	0	0	0	0	0	0	0	0	0	0	0	0	0	0	0	0	0	0	2	0	0	0	0	0	0	0	0	1	0	0	0	0	0	0	0	0	26	0	5	0	15	1	7	19	4	0	0	0	0	0	0	3	2	18	15	2	4	0	0	0	0	0	0	1	2	12	0	1	0	10	2	9	0	4	0	0	7	0	3	3	11	4	0	0	0	0	0	0	0	0	13	3	0	5	9	0	0	0	0	0
OTU169	0	0	2	0	1	0	4	5	0	0	0	0	0	0	0	0	0	1	10	1	3	7	3	1	9	8	4	7	6	2	8	11	8	4	15	15	2	5	137	0	19	30	16	69	30	79	41	16	3	2	0	1	3	4	172	91	100	82	66	2	5	0	4	15	2195	469	701	1225	1340	15	24	4	2	4	30	6	2	11	30	9	3	46	12	0	3	2	4	5	22	6	6	25	66	8	21	30	39	116	62	5	165	56
OTU1690	0	0	0	0	0	0	0	0	0	0	0	0	0	0	0	0	0	0	0	0	0	0	0	0	0	0	0	1	0	0	1	3	2	0	0	0	0	0	1	0	2	1	0	52	20	3	0	0	0	0	0	0	0	0	9	8	6	0	0	0	0	0	0	0	5	0	4	0	0	0	0	2	0	0	1	0	2	0	0	0	0	1	0	0	0	0	0	0	1	0	0	0	0	2	2	21	47	0	0	0	1	2
OTU1691	0	0	0	0	0	0	0	0	0	0	0	1	0	0	0	0	0	0	0	0	0	0	2	0	0	0	0	1	15	0	0	0	0	0	0	0	0	0	1	0	1	1	1	0	0	0	0	13	0	2	0	0	4	1	3	4	4	0	3	0	0	0	0	0	25	56	4	12	0	1	0	0	0	117	0	0	1	0	0	0	0	3	62	3	1	0	0	0	0	0	0	0	2	0	102	3	0	0	0	8	0	0
OTU1692	0	0	0	0	0	0	0	1	0	0	0	0	0	0	0	0	0	0	1	0	0	0	0	0	0	0	1	0	0	0	0	0	0	0	0	0	0	0	0	0	17	9	48	0	1	0	0	0	0	12	0	3	0	0	4	0	0	0	0	0	0	0	0	0	0	0	0	0	0	3	1	1	13	7	0	3	0	0	20	0	1	21	24	1	1	2	3	0	0	0	0	1	0	1	0	0	14	0	0	0	0	0
OTU1693	0	1	0	0	0	0	0	1	2	0	0	0	0	0	2	0	0	0	0	0	0	0	0	0	0	0	0	0	0	7	0	0	0	4	0	0	0	0	0	0	0	1	0	0	22	2	0	4	1	0	8	0	2	3	4	1	1	10	0	1	0	0	0	0	3	2	0	0	0	0	0	1	31	22	0	0	0	0	0	1	0	6	3	6	0	32	1	0	0	0	0	0	8	21	10	2	2	0	0	0	0	0
OTU1694	0	0	0	0	0	0	0	0	0	0	0	0	0	0	0	0	0	0	0	0	0	0	0	0	0	0	0	0	0	0	0	0	0	0	0	0	0	2	3	0	0	0	0	3	1	0	0	1	0	0	0	1	0	3	0	0	1	0	0	0	0	0	0	0	0	0	0	0	0	21	21	0	0	2	188	1	17	5	0	0	0	2	0	0	0	0	0	19	16	0	0	0	1	0	0	1	0	0	0	0	0	0
OTU1695	0	0	0	0	0	0	0	0	4	0	0	0	0	0	0	0	0	0	0	0	0	0	0	0	0	0	0	1	0	0	0	0	3	0	0	0	0	0	1	0	0	0	0	8	2	0	0	0	0	0	0	0	0	0	13	27	235	2	5	0	0	0	0	0	1	0	8	0	6	0	2	0	3	1	1	0	2	2	1	0	8	1	0	0	0	0	0	1	0	0	0	1	0	0	0	0	5	0	0	0	0	0
OTU1696	0	0	0	0	0	0	0	0	0	0	1	0	0	0	0	0	0	0	0	0	0	0	0	0	0	0	4	3	9	21	3	0	0	0	0	0	4	2	4	0	14	2	10	11	18	13	10	16	1	14	0	1	2	0	2	12	3	1	9	0	0	0	0	3	0	1	2	3	0	0	2	0	4	0	2	5	1	2	0	0	0	15	1	19	5	10	0	0	1	9	3	5	18	8	1	25	8	42	6	0	74	3
OTU1697	0	0	0	0	0	0	0	0	0	0	0	0	0	0	0	0	0	0	0	0	0	0	0	0	0	0	0	0	0	0	0	0	0	0	0	0	0	0	0	0	0	0	0	0	0	0	0	0	0	0	0	0	0	0	4	0	0	0	0	0	0	0	0	1	197	0	0	0	0	0	0	0	0	0	0	0	0	0	0	0	0	0	0	0	0	0	0	0	0	0	0	0	0	0	0	0	0	0	0	153	0	0
OTU1698	0	0	0	0	0	0	3	2	0	0	0	1	0	0	0	0	0	0	4	0	3	0	0	0	0	2	1	1	2	10	8	0	3	0	1	0	1	0	0	0	0	1	0	0	5	0	1	12	2	0	0	0	0	1	5	5	18	9	5	0	0	0	0	0	59	98	83	70	77	0	0	0	6	1	0	1	4	0	2	2	1	0	31	0	10	1	0	0	0	0	0	0	4	8	20	1	7	0	7	25	14	14
OTU1699	0	0	0	0	0	0	0	0	0	0	0	0	0	0	0	0	0	0	0	0	0	0	0	0	0	0	0	0	0	0	0	0	0	2	0	0	0	0	0	0	0	0	0	0	0	0	0	0	0	0	0	0	0	0	0	0	0	5	0	0	0	0	0	0	2	0	0	0	0	0	0	0	0	0	0	0	0	0	0	0	0	0	0	0	0	0	0	0	0	0	0	0	0	1	0	6	0	0	12	0	50	81
OTU17	2	14	5	4	5	3	139	17	2	0	4	1	0	11	12	6	7	2	31	4	11	6	10	7	15	11	125	28	14	8	1965	16	27	14	99	7	10	25	31	8	25	661	13	16	36	26	19	19	24	15	10	22	30	46	817	49	51	63	57	14	14	13	61	85	20360	20	40	32	27	12	2962	2644	20	22	3144	29	34	23	110	36	5249	30	20	3	1177	22	1343	29	30	10	22	555	34	95	102	323	26	16	31	43	173	21
OTU170	0	0	0	0	0	0	1	2	0	0	0	0	0	0	0	0	0	0	1	0	3	0	1	0	1	2	0	0	0	0	0	1	2	0	4	2	0	0	1	0	2	0	0	0	0	0	0	0	0	0	0	0	0	0	0	0	0	0	1	3	2	1	2	6	5	0	4	1	8	0	0	0	0	0	0	0	0	0	0	0	0	0	0	0	0	0	0	0	0	0	0	0	0	28	10	0	120	3	940	408	5	4361
OTU1700	0	0	0	0	0	0	0	0	0	0	0	0	0	0	0	0	0	0	0	0	0	0	0	0	0	0	0	0	0	0	0	0	0	0	0	0	0	0	0	0	0	0	0	0	0	0	0	0	0	0	0	0	0	0	0	0	0	0	0	0	0	0	0	0	0	0	0	0	0	0	0	0	0	0	0	0	0	0	0	0	0	0	0	0	0	2	0	0	0	0	0	0	0	0	0	1	0	120	0	0	42	0
OTU1701	0	0	0	0	0	0	0	0	0	0	0	0	0	0	0	0	0	0	0	0	0	0	0	2	0	0	0	0	0	0	0	0	0	0	0	0	0	0	0	0	0	0	0	0	0	0	0	0	0	0	0	0	0	0	0	0	0	0	0	0	0	0	0	0	0	0	0	0	0	0	0	0	0	0	0	0	0	0	0	0	0	0	0	0	0	0	0	0	0	0	0	0	2	1	1	2	0	51	16	50	46	5
OTU1702	0	5	0	0	0	0	0	0	0	0	0	0	0	0	0	0	1	0	0	0	0	0	0	0	0	0	0	5	24	30	9	0	2	0	0	0	0	0	0	0	0	13	0	1	23	0	0	1	3	0	1	11	0	1	23	0	0	2	8	0	0	0	0	0	1	0	0	0	0	0	13	0	8	0	12	0	3	0	3	0	1	10	12	0	0	1	3	0	1	0	0	0	5	23	35	4	15	0	0	0	0	0
OTU1703	0	0	0	0	0	0	0	1	0	0	0	0	0	0	0	0	0	0	1	0	0	0	0	0	1	0	0	0	0	1	0	0	1	0	0	1	0	0	0	0	1	2	0	0	0	0	0	17	0	0	0	0	0	0	3	3	0	30	30	1	0	0	1	0	0	0	0	0	1	0	3	0	0	0	0	0	2	0	0	0	1	4	0	0	0	0	0	0	3	0	0	0	10	0	1	14	4	0	37	0	100	153
OTU1704	0	0	0	0	0	0	0	0	0	0	0	0	0	0	0	45	0	162	0	0	0	0	0	0	0	0	0	0	0	0	0	0	0	0	0	0	0	0	1	0	0	0	1	0	0	1	0	0	0	0	0	0	0	0	2	0	0	0	2	0	0	0	0	2	0	0	0	0	0	0	0	0	0	2	0	0	0	0	0	0	0	0	0	0	0	7	0	0	0	0	0	0	0	0	0	1	1	0	0	0	0	0
OTU1705	0	0	0	0	0	0	0	0	0	0	0	0	0	0	0	0	0	0	0	3	4	0	0	1	0	0	0	0	0	0	0	0	0	0	0	0	0	0	0	0	0	0	0	0	0	0	0	0	0	0	0	0	0	0	0	0	0	3	0	0	0	0	0	0	0	0	13	229	8	0	0	0	0	0	0	0	0	0	0	0	0	0	0	0	0	0	0	0	0	0	0	0	0	0	0	0	0	0	2	0	0	0
OTU1706	0	0	0	0	0	0	0	0	0	1	0	0	0	1	0	0	0	0	0	0	0	0	0	0	0	0	0	14	0	9	6	0	0	1	0	0	0	0	2	0	0	0	0	1	0	1	3	7	17	0	0	2	0	6	0	0	0	1	6	0	1	0	0	2	0	1	2	0	0	0	0	0	3	0	0	0	0	0	6	0	4	1	5	0	0	20	3	0	0	3	4	9	1	3	0	0	1	0	14	43	10	53
OTU1707	0	0	1	0	0	0	0	0	0	0	0	0	0	0	0	0	0	0	1	0	0	0	0	0	0	0	6	6	0	7	3	0	4	0	0	0	0	0	3	0	0	31	5	22	106	54	0	0	6	1	1	56	0	0	3	49	5	1	6	0	0	0	0	0	0	2	0	0	0	0	8	1	3	0	29	1	0	0	1	0	0	2	3	0	0	12	1	0	0	2	2	10	7	3	6	0	1	0	3	0	1	0
OTU1708	0	0	1	0	0	0	0	0	1	1	0	0	0	1	0	0	0	0	0	0	3	0	0	0	0	0	2	15	1	5	0	0	0	1	0	1	0	0	2	0	4	12	27	3	19	47	13	47	0	11	3	10	3	1	19	0	2	1	18	0	0	0	0	0	2	0	1	0	0	1	0	12	15	29	0	1	0	19	0	2	4	24	1	4	1	6	0	3	3	1	23	46	2	5	3	14	3	0	1	0	4	14
OTU1709	0	0	0	0	0	0	0	0	0	0	0	0	0	2	0	0	0	0	0	0	0	0	0	0	0	0	4	0	0	0	1	0	0	0	1	0	0	2	6	0	3	0	2	1	0	4	6	10	0	5	3	1	2	18	5	5	1	5	2	0	0	0	0	0	18	1	27	32	5	0	3	0	0	0	2	0	1	0	0	0	0	8	0	0	5	1	0	2	14	9	0	3	3	1	9	8	2	0	1	0	0	0
OTU171	0	5	7	2	3	1	5	10	2	0	5	8	0	3	2	0	0	5	3	0	4	3	1	0	5	0	121	177	207	155	162	0	15	7	4	22	21	1	12	6	10	101	297	110	275	596	65	454	117	20	12	157	84	48	121	52	30	56	177	4	7	1	7	5	54	103	182	107	68	11	63	40	48	233	7	139	16	9	63	14	84	234	310	212	155	298	19	6	5	80	86	123	120	160	356	382	276	407	25	70	14	30
OTU1710	0	0	0	0	0	0	3	2	0	0	0	0	0	0	0	0	0	0	1	0	0	1	0	0	0	0	0	0	0	0	0	0	0	0	0	0	0	0	0	0	56	32	16	0	0	1	0	0	53	3	5	1	1	0	3	0	0	0	0	0	0	0	0	0	0	13	10	0	3	0	0	0	6	17	10	0	0	0	13	0	16	1	0	0	0	1	2	0	0	0	13	22	8	4	0	8	0	0	5	0	0	39
OTU1711	0	0	0	0	0	0	0	0	0	0	0	2	0	0	0	0	0	0	0	0	0	0	0	0	0	0	1	0	0	0	1	0	0	0	0	0	0	0	0	0	0	3	0	2	0	0	0	0	0	1	0	0	0	1	0	0	136	3	1	1	0	0	0	0	0	0	5	0	0	0	0	0	22	0	0	1	0	0	1	1	0	7	0	0	0	0	0	0	0	0	0	0	0	8	0	9	1	0	2	0	0	0
OTU1712	0	6	0	0	0	0	0	0	0	0	1	0	0	1	0	0	0	0	0	0	0	0	0	0	0	0	0	0	5	0	0	0	1	0	0	0	7	0	2	0	0	1	2	7	10	32	0	5	1	0	0	4	5	0	3	23	11	3	0	0	6	0	0	0	0	2	0	0	1	0	0	4	0	0	0	3	1	1	0	0	2	4	1	0	0	1	7	0	0	0	0	2	19	10	0	0	0	1	6	0	0	2
OTU1713	0	2	1	0	0	0	2	1	0	0	2	3	0	0	0	0	0	0	1	0	0	0	0	2	1	0	1	0	0	4	4	0	0	0	4	0	1	0	0	0	0	0	8	0	2	0	0	1	0	0	0	2	4	27	1	4	0	1	156	8	7	0	1	0	2	3	2	0	11	0	0	173	1	0	0	3	2	2	4	0	3	104	289	0	12	41	0	1	0	0	47	7	85	748	53	24	4	520	405	1113	57	250
OTU1714	0	0	0	0	0	0	0	0	0	0	0	0	0	0	0	0	0	0	0	0	0	0	1	1	0	0	0	0	0	0	0	0	0	0	2	2	0	0	0	0	0	0	0	0	0	0	0	0	0	0	0	0	0	0	0	0	0	0	0	0	0	0	0	0	0	45	0	23	55	0	0	0	0	0	0	0	0	0	0	0	0	0	0	0	0	0	0	0	0	0	0	0	0	0	0	1	0	0	8	0	67	39
OTU1715	0	0	0	0	0	0	0	0	0	0	0	0	0	0	0	0	0	0	0	0	0	0	0	0	0	0	0	0	0	0	0	0	0	0	2	0	0	0	0	0	0	0	0	0	2	0	0	0	13	0	0	0	0	1	6	0	0	1	0	0	0	0	0	0	0	0	1	0	0	0	0	0	6	0	0	0	0	0	0	0	0	0	0	0	1	2	0	0	0	0	7	0	2	0	0	0	3	0	9	0	0	124
OTU1716	0	0	0	0	0	0	0	0	0	0	2	0	0	0	0	0	0	0	0	0	0	0	0	0	0	0	0	0	0	0	0	0	0	0	0	0	0	0	0	0	0	0	0	0	0	0	0	0	0	0	0	0	0	0	2	0	0	0	0	0	0	0	6	0	0	0	0	0	0	0	0	0	0	0	0	0	0	0	0	0	0	0	1	0	268	0	0	0	0	0	0	0	0	0	0	0	0	0	0	0	0	0
OTU1717	0	0	0	0	0	0	0	0	0	0	0	0	0	0	0	0	0	0	0	0	0	0	0	0	0	0	0	0	0	0	0	0	0	0	0	0	0	0	0	0	0	0	0	0	0	0	0	0	0	0	0	0	0	0	0	0	0	0	0	0	0	0	0	0	0	0	0	0	0	0	0	0	0	0	0	0	0	0	0	0	0	0	0	0	0	0	0	0	0	0	0	0	0	0	0	0	0	0	0	137	0	0
OTU1718	0	0	0	1	0	0	0	0	0	0	0	0	0	0	0	0	0	0	0	0	0	2	0	0	0	0	0	0	0	0	0	0	0	0	0	0	215	0	0	0	0	2	24	0	2	0	0	1	0	1	0	0	18	0	1	0	0	0	2	0	0	0	0	0	0	0	0	0	0	0	1	9	0	0	1	2	34	0	2	40	0	0	0	0	3	0	63	2	0	0	1	0	0	1	2	0	0	0	0	0	0	0
OTU1719	0	0	0	0	1	0	0	0	0	0	0	0	0	2	0	0	0	0	0	0	2	0	0	2	0	0	0	4	1	18	0	0	0	0	0	0	0	2	53	0	0	0	19	0	0	0	10	0	0	0	0	4	0	1	2	7	0	1	0	0	0	0	0	0	0	0	0	0	0	0	0	1	0	0	0	0	0	0	0	0	12	0	2	16	14	2	2	0	0	0	0	3	8	1	0	3	0	0	0	0	0	0
OTU172	0	1	0	3	0	0	2	3	2	6	2	3	0	0	0	0	1	2	0	0	2	0	2	0	4	0	108	81	5	215	111	12	16	10	8	6	7	2	3	0	9	2	5	174	223	439	155	199	1	3	1	6	3	16	691	3	6	177	86	5	5	0	1	5	21	2	0	154	9	4	12	130	2	58	3	1	14	11	177	15	227	187	351	0	80	14	1	2	5	5	1	261	65	112	257	66	175	1	7	7	2	746
OTU1720	0	0	0	0	0	0	0	1	0	0	0	0	0	0	0	0	0	0	0	0	0	0	0	1	0	0	20	1	0	0	8	0	0	0	1	0	5	0	15	0	5	5	21	0	0	0	13	0	0	19	0	12	0	0	0	0	17	0	0	0	0	0	0	0	0	0	0	0	0	21	11	0	0	1	23	35	7	1	3	8	0	1	4	0	5	0	0	16	13	3	0	3	0	0	2	3	1	0	0	0	0	0
OTU1721	0	0	0	0	0	0	0	0	0	0	0	0	0	0	0	0	0	0	0	0	1	0	0	0	0	0	15	0	221	0	1	0	0	0	1	0	24	10	0	0	1	0	16	0	0	2	0	0	0	0	0	0	0	4	0	1	0	0	2	2	0	0	0	0	0	0	0	0	0	1	136	0	0	0	27	5	0	28	0	6	0	0	0	0	0	0	2	48	43	0	0	0	0	0	3	3	1	0	0	0	2	1
OTU1722	0	0	0	0	0	0	0	0	0	0	0	0	0	0	0	0	0	0	0	0	0	0	0	2	0	0	0	16	0	10	0	0	1	0	0	0	0	0	17	0	1	0	11	20	6	1	0	0	1	8	1	9	4	5	1	5	0	3	34	1	0	2	0	0	0	0	2	5	56	0	0	5	3	7	0	0	2	0	1	0	2	24	5	10	11	1	2	0	0	14	9	8	5	3	1	3	5	0	0	0	1	1
OTU1723	0	0	0	0	0	0	0	0	0	0	0	0	0	0	0	0	0	0	1	0	0	0	0	0	0	0	0	2	1	0	0	0	0	0	0	0	0	12	0	0	23	4	2	0	1	1	0	0	6	13	0	0	0	2	0	0	0	0	1	0	0	0	0	0	2	0	0	0	0	53	23	3	0	4	0	1	0	8	0	7	9	3	0	0	0	1	1	12	0	2	6	40	1	0	1	2	0	0	0	0	0	0
OTU1724	0	0	1	0	0	1	0	2	0	0	0	0	0	1	2	1	0	0	0	0	2	1	0	0	0	0	10	0	71	13	9	4	3	1	3	0	22	10	1	0	8	15	9	2	1	7	8	4	0	6	0	6	19	2	5	4	8	1	25	0	1	4	1	2	175	52	149	6	361	71	37	5	21	80	4	6	12	13	1	4	3	13	0	1	0	2	52	2	21	12	19	5	18	16	7	16	14	15	102	58	102	65
OTU1725	0	0	0	0	0	0	0	0	0	0	0	0	0	0	0	0	0	0	0	0	0	0	0	0	0	0	0	0	0	0	0	0	0	0	0	0	0	0	0	0	0	0	0	0	0	0	0	0	0	0	0	0	0	0	0	0	0	0	0	0	1	0	0	0	0	0	201	0	0	0	0	0	0	0	0	0	0	0	0	0	0	0	0	0	0	0	0	0	0	0	0	0	0	0	0	0	0	0	0	0	0	0
OTU1726	0	0	0	0	0	0	0	0	0	0	0	0	0	0	0	0	0	0	0	0	0	0	0	0	1	0	0	0	0	0	0	0	0	0	0	0	0	0	0	0	0	0	0	0	0	0	0	0	0	0	0	0	0	0	0	0	0	0	0	0	0	0	0	0	0	0	31	0	0	0	0	0	0	0	0	0	0	0	0	0	0	0	0	0	0	0	0	0	0	0	0	0	0	6	0	0	0	0	99	0	43	0
OTU1727	0	0	1	0	0	0	0	0	0	0	0	0	0	0	0	0	0	0	0	0	1	0	0	0	2	0	3	1	0	1	0	0	7	0	2	3	1	3	0	0	1	1	0	0	83	0	16	116	0	0	0	3	0	96	1	0	0	48	14	0	3	1	0	1	1	2	2	4	0	0	0	0	0	0	0	0	2	0	16	0	6	3	0	0	0	58	2	0	0	9	0	0	0	71	100	6	2	1	484	4	129	0
OTU1728	0	0	0	0	0	0	4	2	1	0	0	0	0	0	1	0	1	0	2	3	1	3	2	2	10	7	4	1	0	1	0	4	16	0	10	9	0	1	0	0	0	0	0	3	0	1	2	40	0	0	4	5	1	3	27	63	1	24	38	8	4	0	2	6	592	418	4	3	912	2	1	0	1	0	0	0	0	3	0	1	0	0	0	0	0	2	1	4	0	0	0	64	22	18	16	32	98	172	863	743	798	2568
OTU1729	0	0	0	0	0	0	0	0	0	0	0	0	0	0	0	0	0	0	0	0	0	0	0	0	0	0	0	0	0	0	0	0	0	0	0	0	0	0	0	0	0	0	0	0	0	0	0	0	0	0	0	0	0	0	0	0	0	0	0	0	3	0	0	9	0	0	0	0	0	0	0	0	0	0	0	0	0	0	0	0	0	0	0	0	0	0	0	0	0	0	0	0	0	1	0	2	0	62	81	8	6	0
OTU173	0	0	1	0	1	1	1	0	0	0	0	5	3	1	3	3	0	0	0	0	0	1	0	0	0	0	3	10	4	10	3	0	0	0	0	0	11	4	10	2	2	2	2	5	9	1	1	3	16	1	0	7	0	3	7	6	8	18	17	0	87	0	0	0	0	0	1	0	0	3	1	5	4	4	0	8	3	5	5	8	12	10	7197	3	5	7	4	2	8	4	3	1	12	12	16	17	5	0	1	0	0	0
OTU1730	0	0	0	0	0	0	0	0	0	0	0	0	0	0	0	0	0	0	0	0	0	0	0	0	0	0	0	0	0	0	0	0	0	0	0	0	0	0	0	0	0	0	0	0	0	0	0	0	0	0	0	0	0	0	0	0	0	0	0	0	0	0	0	0	0	0	0	0	0	0	0	0	0	0	0	0	0	0	0	0	0	0	0	0	0	0	0	0	0	0	0	0	0	0	1	0	0	0	0	164	0	0
OTU1731	0	2	0	0	0	0	0	0	0	0	0	0	0	0	1	0	0	0	0	0	0	0	0	0	1	2	5	4	34	0	0	0	0	0	0	1	1	0	1	0	68	0	3	0	0	0	0	6	2	0	4	5	1	0	0	0	0	6	4	0	0	0	0	0	19	5	36	0	0	0	17	1	0	4	0	1	1	16	35	0	7	0	0	2	0	3	3	2	12	0	0	6	6	0	1	4	1	0	0	0	0	27
OTU1732	0	1	0	0	0	0	0	2	0	0	0	0	0	3	0	0	0	0	0	0	0	0	0	0	0	0	21	57	22	17	20	0	0	0	0	0	0	0	1	0	0	1	0	0	0	0	0	0	0	0	0	0	1	0	0	0	4	0	0	0	0	0	0	0	0	0	0	0	0	5	18	2	3	0	8	0	0	0	4	0	0	0	0	0	0	0	0	0	0	0	0	0	0	1	0	0	0	0	0	0	0	0
OTU1733	0	0	0	0	1	0	0	0	0	0	0	0	0	0	0	0	0	0	0	0	0	0	0	0	0	0	38	8	0	45	7	0	0	0	0	0	2	0	6	0	0	0	1	4	2	0	4	2	10	5	0	7	8	4	1	3	0	29	5	0	0	0	0	1	0	0	0	1	4	2	0	8	9	0	11	2	1	1	3	2	2	2	1	3	1	11	0	0	0	12	6	15	12	1	4	1	6	0	0	4	0	7
OTU1734	0	0	0	1	0	0	0	0	0	0	0	1	0	0	0	0	0	0	0	0	0	0	0	0	0	0	4	0	0	0	0	0	2	0	0	0	0	0	10	0	0	4	46	3	37	10	1	0	10	3	0	3	6	2	1	4	7	0	13	2	0	0	0	0	2	0	1	0	0	13	32	4	2	8	13	0	0	5	0	1	0	43	1	5	1	2	0	0	0	0	0	2	3	1	3	0	2	0	0	0	0	0
OTU1735	0	1	2	0	0	0	0	0	0	0	0	0	0	0	0	0	0	0	0	0	0	0	0	0	1	1	47	4	8	0	12	0	1	1	3	6	1	7	5	0	164	11	2	7	15	15	6	7	7	7	9	4	1	0	44	7	26	27	1	0	2	0	1	1	88	1	94	1	1	4	21	10	15	0	1	9	1	0	8	13	8	9	1	0	0	2	0	2	1	2	4	8	3	2	11	11	4	0	17	47	8	30
OTU1736	0	0	0	0	0	0	0	0	0	0	0	0	2	0	0	0	0	1	0	0	0	0	0	0	0	0	30	20	25	0	11	0	0	0	0	0	6	0	12	0	0	0	9	0	2	0	4	0	1	2	4	3	0	3	0	0	15	1	0	0	0	0	0	0	0	0	0	0	0	0	25	0	0	0	0	15	16	0	0	3	0	4	0	4	2	1	8	0	5	0	6	0	0	1	0	1	0	0	0	0	0	0
OTU1737	0	0	0	0	0	0	0	0	0	0	0	0	0	0	0	0	0	0	0	0	0	0	0	0	0	0	8	0	0	0	20	0	2	0	4	0	0	18	0	0	11	1	8	0	0	0	0	0	0	0	0	3	0	1	0	0	6	0	2	0	0	0	0	0	0	0	0	0	0	2	12	0	0	0	0	5	6	53	0	17	0	6	3	4	0	4	17	24	9	0	0	0	0	0	0	1	0	0	0	0	0	0
OTU1738	0	0	0	0	0	0	0	0	0	0	0	0	0	0	0	0	0	0	0	0	0	1	0	0	0	0	3	2	13	0	0	0	0	0	1	0	2	3	0	0	9	28	4	0	2	0	1	0	0	3	0	6	0	1	0	2	5	0	1	0	0	0	0	0	0	0	0	0	0	8	6	26	1	0	0	5	41	21	2	0	3	0	3	0	0	0	4	1	29	0	17	5	0	0	3	2	1	0	0	0	0	0
OTU1739	0	0	0	0	0	0	0	0	0	0	0	0	0	0	0	0	0	0	0	0	0	0	0	0	0	0	0	0	0	1	0	0	2	0	0	0	0	90	3	0	1	1	0	13	3	13	2	0	0	0	0	0	0	0	0	1	44	0	0	0	0	0	0	0	0	0	2	0	0	0	0	1	0	0	0	0	2	102	0	0	4	0	0	2	0	0	1	0	0	0	0	2	0	0	0	2	2	0	0	0	0	0
OTU174	0	8	0	0	0	0	0	0	7	0	2	2	1	2	2	0	2	0	0	0	3	0	0	2	0	0	190	61	4	51	147	1	8	2	2	0	8	9	4	0	4	9	13	36	64	16	7	20	2	7	0	5	3	14	22	8	17	99	44	0	0	0	0	1	1	0	6	4	6	1	0	5	3	11	3	12	68	12	72	14	4	40	25	74	129	1	4	5	38	28	1	59	3904	34	115	65	7	16	72	108	72	50
OTU1740	0	0	0	0	0	0	0	0	0	0	0	0	0	0	0	0	0	0	0	0	0	0	0	0	0	0	0	0	0	0	0	0	0	0	195	0	0	0	0	0	0	0	0	0	0	0	2	0	0	0	0	0	0	0	0	0	0	0	0	0	0	0	0	1	1	0	0	0	0	0	0	0	0	0	0	0	0	0	0	0	0	0	0	0	0	0	0	0	0	0	0	0	0	0	0	0	0	0	0	0	0	0
OTU1741	0	2	2	0	0	0	0	0	0	0	0	0	0	0	0	0	0	0	0	0	0	0	0	0	0	0	0	0	0	1	0	0	0	0	2	0	0	1	0	0	3	0	0	33	44	0	141	0	0	0	0	4	0	1	0	2	4	0	0	0	0	0	0	0	0	0	0	0	0	0	0	0	0	0	0	0	0	0	0	1	1	0	2	0	0	0	0	1	0	0	0	1	2	0	0	1	0	0	0	0	0	0
OTU1742	0	0	0	0	0	0	0	0	0	0	0	0	0	0	0	0	0	0	0	0	0	0	0	0	0	0	0	0	0	0	0	0	2	0	0	0	0	0	0	0	0	0	0	0	0	0	0	11	0	0	0	0	0	0	0	0	0	0	0	1	0	0	0	3	1	0	0	1	0	0	0	0	0	0	1	0	0	0	0	0	0	0	0	0	0	12	0	0	0	0	0	0	5	0	0	2	0	1	6	30	123	15
OTU1743	0	0	0	0	0	0	0	0	0	0	0	0	0	0	0	0	0	0	0	0	0	0	0	0	0	0	0	0	0	0	0	0	0	0	0	0	0	0	0	0	0	0	0	2	0	0	0	0	0	0	0	2	0	1	1	0	2	1	0	0	2	0	1	0	0	0	25	0	0	0	0	0	0	0	0	0	0	0	0	0	0	3	19	0	3	32	0	0	0	0	0	1	3	0	80	17	1	0	0	7	0	0
OTU1744	0	0	0	0	0	0	0	0	0	0	0	0	0	0	0	0	0	0	0	0	0	1	0	1	0	0	0	0	0	0	0	0	0	0	0	0	0	0	0	0	0	0	0	0	1	0	0	0	0	1	0	0	0	0	0	4	2	0	3	0	0	0	0	0	0	75	54	31	109	0	0	0	0	0	0	0	0	0	0	0	0	0	0	0	0	0	0	0	0	0	0	0	0	0	0	1	0	0	0	1	2	0
OTU1745	0	0	0	0	0	0	1	4	0	0	0	0	0	1	0	0	0	0	0	0	1	0	0	0	0	0	2	0	0	37	0	0	0	1	5	1	0	0	1	0	4	14	12	4	0	0	0	5	7	1	0	24	6	0	3	39	2	5	4	0	0	0	0	1	2	18	0	3	40	0	0	5	0	17	0	0	3	0	4	2	6	1	1	0	0	10	0	1	11	16	11	11	2	4	11	1	1	1	6	144	42	46
OTU1746	0	0	0	0	0	0	0	0	0	0	0	0	0	0	0	0	0	0	0	0	0	0	0	0	0	0	0	0	0	0	0	0	0	0	0	0	0	0	0	0	0	0	0	0	0	0	0	0	0	0	0	0	0	0	0	0	0	0	0	0	0	0	0	0	0	0	0	0	0	0	0	0	0	0	0	0	0	0	0	0	0	0	0	0	0	0	0	0	0	0	0	0	0	0	0	0	0	148	0	8	0	0
OTU1747	0	0	0	0	0	0	0	1	0	0	0	0	0	0	0	0	0	0	0	0	0	0	0	0	0	0	0	0	0	0	0	0	0	0	0	0	0	0	0	0	0	0	0	0	0	0	0	0	0	0	0	0	0	0	0	0	0	0	0	0	0	0	0	0	0	0	0	0	0	0	0	0	0	0	0	0	0	0	0	0	0	0	0	0	0	0	0	0	0	0	0	0	0	0	0	0	0	0	0	116	0	0
OTU1748	0	0	1	0	0	0	0	6	0	0	0	0	0	2	0	0	0	0	1	0	0	0	0	0	0	0	0	2	16	0	0	0	0	0	0	0	25	0	0	0	48	15	4	0	0	0	0	1	4	7	8	0	0	0	8	0	3	0	0	0	0	0	0	0	0	0	0	0	0	1	12	4	0	0	0	11	8	17	15	12	12	0	0	0	0	1	23	38	6	0	21	0	0	2	0	1	0	0	0	0	0	0
OTU1749	0	0	0	0	0	0	0	0	1	0	0	0	0	0	0	0	0	0	0	0	3	0	0	0	0	0	0	0	0	0	4	4	3	0	0	0	1	4	0	0	1	0	9	183	39	16	3	9	0	0	0	0	0	1	3	11	5	1	4	0	0	0	0	0	1	0	0	22	0	0	0	0	5	0	0	23	0	1	0	5	0	1	1	0	0	3	1	0	0	0	0	0	1	3	3	8	2	1	0	0	0	0
OTU175	0	0	0	1	0	0	7	24	0	0	4	0	0	0	1	0	3	0	3	0	3	1	2	2	3	9	0	1	2	3	0	5	8	4	11	12	0	0	0	0	3	4	0	41	1	4	0	247	1	1	0	9	4	5	89	231	9	53	78	8	3	1	7	5	1570	675	515	208	528	0	0	3	0	0	0	3	6	2	1	0	0	3	56	11	0	71	0	7	0	0	1	0	58	63	21	44	12	389	1260	481	1917	1401
OTU1750	0	0	0	0	0	0	5	1	0	0	0	0	0	1	0	0	0	0	0	0	1	0	0	0	3	0	2	4	2	1	0	0	0	4	0	0	3	7	6	0	4	12	26	5	8	19	1	0	2	0	0	2	0	5	3	4	1	7	4	0	0	0	0	0	2	0	0	0	0	9	20	0	4	0	1	1	1	0	46	0	185	36	3	0	0	0	0	10	9	7	0	2	0	0	2	6	3	0	0	0	0	0
OTU1751	0	0	0	0	0	0	0	0	0	0	0	0	0	0	0	0	0	0	0	0	0	0	3	0	1	0	0	0	0	3	0	0	0	0	4	0	5	0	0	0	7	3	0	1	0	2	0	0	4	0	0	0	0	0	1	1	18	0	0	0	0	0	0	0	0	0	9	0	0	7	16	0	0	0	0	0	5	0	1	0	0	0	0	0	0	1	0	21	91	0	0	0	0	0	1	0	0	0	0	0	0	0
OTU1752	0	0	0	0	0	0	0	0	0	0	0	0	0	0	0	0	0	0	0	0	0	0	0	0	1	0	7	4	3	12	2	0	1	0	0	0	0	0	0	0	8	6	5	3	12	0	4	11	5	0	0	1	0	3	2	0	11	0	7	0	1	0	0	0	0	15	2	0	0	0	0	0	7	0	0	3	7	1	1	0	0	0	12	6	5	15	0	0	3	2	5	17	0	4	3	2	4	0	0	0	0	0
OTU1753	0	0	0	1	0	0	1	1	0	0	4	2	0	0	0	0	0	0	2	0	0	0	2	0	2	1	17	13	3	17	76	2	0	0	3	0	44	22	32	0	85	218	23	4	27	59	14	11	42	30	9	18	18	33	5	5	9	1	1	0	6	0	0	3	0	1	0	1	1	16	0	1	12	5	9	33	1	8	32	0	7	2	25	13	7	12	10	22	14	7	9	49	4	6	8	67	2	0	0	0	7	0
OTU1754	0	0	0	0	0	0	0	0	0	0	0	0	0	0	0	0	0	0	1	0	0	0	1	0	1	0	15	12	10	9	22	0	0	1	3	0	3	6	20	0	7	0	0	15	2	28	35	1	6	2	0	0	0	1	6	2	23	4	12	2	0	0	0	0	0	1	0	0	1	6	7	5	0	5	49	3	3	1	1	8	2	18	8	3	1	10	4	2	1	2	8	12	15	6	11	10	30	0	0	0	2	0
OTU1755	0	0	0	0	0	1	3	2	0	0	0	0	0	0	0	0	0	0	0	0	0	3	0	0	0	0	5	3	28	0	11	0	0	0	0	0	18	5	17	0	3	4	4	0	0	7	0	0	0	1	0	23	13	1	2	3	5	5	0	0	0	0	0	0	0	28	7	7	20	9	14	0	6	10	4	32	7	9	8	14	5	0	0	0	0	1	21	9	8	2	14	0	1	0	0	5	1	0	0	0	1	2
OTU1756	0	1	0	0	0	0	0	0	0	0	0	0	0	0	0	0	0	0	0	0	0	0	0	0	0	0	0	0	6	0	0	0	0	1	0	0	0	0	0	0	0	0	0	18	11	18	0	0	0	0	0	0	1	2	2	5	84	1	1	1	0	0	0	0	0	0	4	0	0	0	1	0	0	0	0	0	4	0	0	0	0	11	2	0	1	2	0	0	0	2	0	3	2	2	0	12	1	0	0	0	1	0
OTU1757	0	0	0	0	0	0	3	0	0	0	0	0	0	0	0	0	0	0	0	0	1	0	0	1	0	1	0	0	0	12	0	0	1	0	1	1	0	0	0	0	1	11	1	0	1	0	0	1	1	0	0	3	0	0	3	3	3	3	17	0	1	0	0	3	26	36	95	50	58	0	0	0	4	1	3	0	0	2	0	0	0	0	8	0	0	0	0	0	0	0	7	0	0	2	3	4	14	0	0	62	34	28
OTU1758	0	0	0	0	0	0	0	0	0	0	0	1	0	0	0	0	0	0	0	0	0	0	0	0	0	4	0	0	0	1	0	0	0	0	0	0	1	0	0	0	2	0	0	0	1	0	0	0	3	0	0	0	1	0	0	0	0	0	1	0	0	0	0	0	0	0	0	0	0	0	0	0	0	0	0	11	3	0	14	105	25	0	1	5	13	4	0	0	0	0	0	0	0	0	0	0	0	0	0	0	0	0
OTU1759	0	0	0	0	0	0	0	0	0	0	0	0	0	0	0	0	0	0	0	0	0	0	0	0	0	0	0	0	0	0	9	0	0	0	0	0	5	1	5	0	4	0	18	0	0	0	8	0	0	0	0	0	0	4	0	0	6	0	0	0	0	0	0	0	0	0	0	0	0	0	4	0	0	0	5	1	14	2	3	8	0	0	1	0	0	0	1	13	5	1	0	0	0	2	0	0	0	0	0	0	0	0
OTU176	0	4	1	3	1	0	7	1	2	0	0	2	0	4	0	0	0	0	9	0	0	0	1	0	8	2	47	152	237	150	149	1	1	5	11	3	28	226	47	0	357	134	113	66	71	227	59	60	58	58	13	120	31	34	71	98	79	40	99	0	4	3	0	1	38	162	67	68	165	105	86	78	36	87	53	23	32	56	65	13	59	95	53	49	45	179	99	84	426	82	66	125	150	29	65	85	118	3	6	127	93	86
OTU1760	0	0	0	0	0	0	0	0	0	0	0	0	0	0	0	0	0	0	0	0	0	0	0	0	0	0	0	0	0	0	0	0	3	0	4	1	0	0	0	0	0	0	0	3	1	0	0	0	0	0	0	0	0	0	2	2	2	1	0	0	0	0	0	0	31	22	50	47	8	0	0	0	0	0	0	8	0	0	0	0	0	0	0	0	0	0	0	0	0	4	0	0	3	0	0	0	0	2	1	0	20	0
OTU1761	0	0	0	0	0	0	0	0	0	0	0	0	0	0	2	0	0	0	1	0	0	1	0	0	1	0	0	3	3	0	0	0	1	0	0	0	0	0	1	0	0	0	0	5	0	0	0	5	3	0	0	0	0	0	0	0	0	0	0	0	0	0	0	0	0	11	0	0	0	0	0	2	1	0	0	0	0	0	0	0	0	4	0	0	1	0	0	4	3	0	0	0	3	0	5	0	0	1	39	29	0	104
OTU1762	0	0	0	0	0	0	0	0	0	0	0	0	0	0	0	0	0	0	1	0	0	1	0	0	0	0	0	0	0	0	0	0	0	0	0	0	0	0	0	0	0	0	0	0	0	0	0	0	0	0	0	0	0	0	0	7	0	0	0	0	0	0	0	0	0	157	0	0	0	0	0	0	0	0	0	0	0	0	0	0	0	0	0	0	0	0	0	0	0	0	0	0	0	0	0	0	0	0	0	0	0	0
OTU1763	0	0	0	0	0	0	0	0	0	0	0	0	0	0	0	0	0	0	0	0	0	0	0	0	0	0	0	0	0	0	0	0	0	0	0	0	0	0	0	0	0	0	0	0	0	0	0	0	0	0	0	0	0	0	0	0	0	0	0	0	0	0	0	0	1	0	0	0	0	0	0	0	0	0	0	0	0	0	0	0	0	0	0	0	0	0	0	0	0	0	0	0	0	0	0	2	0	0	0	0	151	0
OTU1764	0	0	0	0	0	0	0	0	0	0	0	0	0	0	0	0	0	0	0	0	0	0	0	0	0	0	0	0	0	0	0	0	1	0	1	0	0	0	0	0	0	0	0	0	9	0	0	0	0	0	0	3	0	0	19	35	5	0	0	0	2	0	0	0	0	44	95	20	0	0	0	0	0	0	0	0	0	0	0	0	0	9	0	0	0	0	0	0	0	0	0	0	0	0	0	0	0	0	2	0	0	0
OTU1765	0	0	0	0	0	0	0	0	0	0	0	0	0	0	0	0	0	0	0	0	0	0	0	0	0	0	0	0	0	0	0	0	0	0	0	0	0	0	0	0	0	0	0	0	0	0	0	0	0	0	0	1	0	0	0	0	0	0	0	0	0	0	3	0	0	0	0	0	0	0	0	0	0	0	0	0	0	0	0	0	0	0	0	0	254	0	0	0	0	0	0	0	0	0	0	0	0	0	0	0	0	0
OTU1766	0	0	0	0	0	0	0	0	0	0	0	0	0	0	0	0	0	0	0	0	0	0	0	0	0	0	0	0	0	0	0	0	0	0	0	0	0	0	0	0	0	0	0	0	0	0	0	0	0	0	0	0	0	0	0	0	0	0	0	0	0	0	0	0	5	0	3	2	0	0	0	0	0	0	0	0	0	0	0	0	0	0	0	0	0	0	0	0	0	0	0	0	0	0	0	0	5	0	1	0	133	10
OTU1767	0	1	0	0	0	0	0	1	0	0	0	0	0	0	0	0	0	0	5	0	2	0	2	0	1	0	3	3	0	0	0	0	1	0	0	0	0	3	0	0	0	7	1	1	0	0	0	0	0	4	0	4	3	0	1	2	8	3	0	0	0	0	0	0	20	10	3	28	9	0	0	3	3	2	0	0	0	1	4	0	0	0	5	0	0	0	6	4	3	4	0	1	0	3	6	15	4	11	8	2	18	36
OTU1768	0	0	0	0	0	0	0	1	0	0	0	1	0	0	0	67	0	0	0	0	0	0	0	0	0	0	9	4	5	6	0	0	0	0	0	0	1	0	0	0	25	5	2	2	5	8	9	11	3	2	1	10	4	3	1	5	0	2	1	0	1	0	0	0	0	0	0	10	0	0	1	0	2	0	8	3	0	0	7	0	3	2	5	1	4	12	0	2	0	1	1	1	1	3	3	14	5	10	6	0	2	0
OTU1769	0	0	0	0	0	0	0	2	0	4	0	1	0	0	0	0	0	0	0	0	1	0	7	0	1	0	0	0	5	0	0	0	0	0	3	0	0	0	0	0	16	14	16	0	3	12	0	0	0	6	0	1	1	0	8	0	0	0	0	0	0	0	0	0	0	0	1	0	0	0	0	0	7	1	0	4	0	0	7	1	3	0	1	1	0	1	2	1	1	0	3	0	5	5	1	5	3	1	4	0	2	34
OTU177	0	12	1	2	0	4	4	2	1	0	4	1	0	1	1	0	0	0	0	0	3	2	2	7	1	0	264	101	189	103	163	3	4	1	11	0	70	141	482	4	412	84	82	151	130	74	119	94	104	68	23	69	72	105	41	204	86	138	86	2	0	0	1	1	48	16	24	14	89	88	532	58	211	254	307	75	70	108	36	69	61	121	110	46	60	55	34	470	346	87	143	75	79	80	113	110	68	4	13	10	166	8
OTU1770	0	0	0	0	0	0	0	0	1	0	0	0	0	0	0	0	0	0	0	0	0	0	0	0	0	0	8	0	48	0	2	0	0	0	3	0	14	4	0	0	0	0	0	0	0	0	0	0	0	1	0	0	0	1	3	0	0	0	0	0	0	0	0	0	0	0	0	0	0	0	5	1	0	0	12	14	1	1	0	0	0	1	0	0	0	0	3	0	62	0	1	0	0	5	0	0	0	0	0	0	0	0
OTU1771	0	0	0	0	0	0	0	0	0	0	0	0	1	0	0	0	0	0	0	0	0	0	0	0	0	0	0	16	5	3	0	1	0	2	0	0	0	0	0	0	1	1	1	29	6	4	1	12	2	1	0	0	0	4	9	35	4	7	10	0	0	0	0	0	0	6	30	0	0	0	0	1	5	1	6	2	1	0	1	0	0	6	10	7	3	7	0	0	0	0	0	8	3	4	7	0	34	0	56	0	0	0
OTU1772	0	0	1	0	0	0	1	0	0	0	1	1	0	0	0	0	0	0	0	0	0	0	0	0	0	0	3	1	42	0	0	0	0	0	4	0	2	11	21	0	3	3	2	2	0	4	2	0	0	3	3	1	0	3	3	1	5	0	1	0	0	0	0	0	0	0	0	0	0	0	20	1	1	1	0	4	18	41	5	2	8	0	0	14	6	3	30	180	29	3	0	0	1	2	3	11	0	0	0	0	0	0
OTU1773	0	0	0	0	0	0	0	0	0	0	3	0	0	0	0	0	0	0	0	0	0	0	0	0	0	0	0	0	0	20	0	0	0	0	0	2	0	0	0	0	0	0	0	3	33	0	1	56	0	0	0	2	0	2	2	2	3	3	14	0	1	1	1	0	0	3	19	0	3	0	1	0	26	0	1	3	3	0	5	1	0	2	26	23	12	0	1	0	0	0	0	0	3	4	51	4	20	0	0	1	0	0
OTU1774	0	0	1	0	0	3	0	1	0	0	0	0	0	0	0	0	0	0	0	0	0	1	0	0	0	0	0	0	2	2	13	0	0	0	1	0	40	18	2	1	1	6	0	0	1	8	10	0	2	3	6	0	1	2	2	2	10	2	1	0	1	0	0	0	0	0	0	0	0	16	12	0	0	0	24	7	20	19	3	3	0	5	0	3	0	3	11	23	9	2	0	0	0	0	0	5	1	0	0	0	0	0
OTU1775	0	0	1	1	0	0	0	0	0	0	1	0	0	0	0	0	0	1	0	0	0	0	1	0	0	0	1	5	6	5	11	0	0	0	7	0	3	3	1	0	1	6	0	9	1	11	3	4	5	0	4	33	0	4	0	0	6	3	2	0	0	0	0	5	0	15	7	1	2	0	0	3	1	2	3	15	8	1	6	4	4	0	4	4	10	1	1	4	15	9	0	15	12	1	1	3	10	8	11	21	4	19
OTU1776	0	0	0	0	0	0	0	0	0	0	0	0	0	0	0	0	0	0	0	0	0	0	0	0	0	0	0	0	0	1	0	0	0	0	0	0	0	0	1	1	0	2	1	1	0	0	1	1	1	2	0	5	0	2	2	1	2	3	5	0	0	0	10	0	0	0	0	0	1	0	0	1	0	4	2	0	12	2	2	0	1	0	3	0	294	0	0	0	0	0	117	0	4	0	2	3	0	0	0	0	0	0
OTU1777	0	0	0	0	0	0	0	0	0	0	0	0	0	0	0	0	0	1	0	0	0	0	0	0	0	0	0	0	0	0	0	2	0	0	0	0	0	2	1	0	0	0	0	43	1	0	2	2	0	0	0	0	0	0	2	0	0	68	3	0	0	0	0	0	0	0	0	0	0	0	0	2	0	0	0	1	5	0	0	0	0	0	4	0	0	0	0	0	0	0	0	0	54	0	0	0	0	0	0	0	0	0
OTU1778	0	0	0	0	0	0	1	0	0	0	0	0	0	0	0	0	0	0	0	0	0	0	0	0	0	0	0	0	0	0	0	0	0	0	0	0	0	0	0	0	0	0	0	0	0	0	21	10	1	0	0	0	0	0	0	2	0	0	0	0	1	0	0	0	22	9	31	48	16	0	0	0	0	0	0	0	0	0	0	0	0	0	0	0	0	0	0	0	0	0	0	0	0	0	2	3	1	0	1	0	0	0
OTU1779	0	0	0	0	0	0	0	0	0	0	0	0	0	0	0	0	0	0	0	0	0	1	0	0	2	0	0	0	0	0	0	0	0	0	0	0	0	0	0	0	0	0	0	0	5	0	0	0	0	0	0	0	0	0	8	18	0	0	0	0	0	0	1	0	204	283	2	1	25	0	0	0	0	0	0	0	0	0	0	0	0	0	0	0	0	0	0	0	0	0	0	0	0	0	0	0	0	0	0	1	0	0
OTU178	0	2	0	0	0	0	0	2	0	3	0	1	0	0	0	0	0	1	8	2	0	2	0	1	5	1	2	0	0	0	0	43	3	0	0	3	3	0	0	0	0	3	2	2609	0	0	1	1	3	1	0	3	0	5	5	1	7	2	1	1	0	3	2	3	2	1	1	0	11	0	0	4	1	0	0	9	0	2	5	1	0	3	0	1	1	3	2	1	0	0	1	4	3	72	0	27	3	6	3593	4	6	2
OTU1780	0	0	0	0	0	0	0	0	0	0	0	0	0	0	0	0	0	0	0	0	0	0	0	0	0	0	0	0	0	0	0	0	0	0	0	0	0	0	0	0	0	0	0	0	0	0	0	0	0	0	0	0	0	0	0	0	0	0	0	0	0	0	0	0	0	0	0	0	1	0	0	0	0	0	0	0	0	0	0	0	0	0	0	0	0	0	0	0	0	0	0	0	0	0	1	0	0	0	0	152	0	0
OTU1781	0	0	0	0	0	0	0	0	0	0	0	0	0	0	0	0	0	0	0	0	0	0	0	0	0	0	0	0	0	0	0	0	0	0	0	0	0	0	0	0	0	0	0	0	0	0	0	0	0	0	0	0	0	0	0	0	0	0	0	0	0	0	0	0	0	0	0	0	0	0	0	0	0	0	0	0	0	0	0	0	0	0	0	0	0	0	0	0	0	0	0	0	0	0	0	0	0	0	0	180	0	0
OTU1782	0	0	0	0	0	0	0	0	0	0	0	0	0	0	0	0	0	0	0	0	0	0	0	0	0	0	0	0	0	0	0	0	0	0	0	0	0	0	0	0	0	0	0	0	0	0	0	0	0	0	0	0	0	0	0	0	0	0	0	0	0	0	0	0	0	0	0	0	0	0	0	0	0	0	0	0	0	0	0	0	0	0	0	0	0	0	0	0	0	0	0	0	0	0	0	0	0	0	0	145	0	0
OTU1783	0	0	0	0	0	0	0	0	0	0	0	0	0	0	0	0	0	0	0	0	0	0	0	0	0	0	0	0	0	0	0	0	0	0	0	0	0	0	0	0	0	0	0	0	0	0	0	0	0	0	0	0	0	0	0	0	0	0	0	0	0	0	0	0	0	0	0	0	0	0	0	0	0	0	0	0	0	0	0	0	0	0	0	0	0	0	0	0	0	0	0	0	0	0	0	0	0	0	0	143	0	0
OTU1784	0	0	0	0	0	0	0	0	0	0	0	0	0	0	0	0	0	0	0	0	0	0	0	0	0	0	0	0	0	0	0	0	0	0	0	0	0	0	0	0	0	0	0	0	0	0	0	0	0	0	0	0	0	0	0	0	0	0	0	0	0	0	0	0	0	0	0	0	0	0	0	0	0	0	0	0	0	0	0	0	0	0	0	0	0	0	0	0	0	0	0	0	0	0	0	0	0	0	0	149	0	0
OTU1785	0	0	0	0	0	0	0	0	0	0	0	0	0	0	0	0	0	0	0	0	0	0	0	0	0	0	0	0	0	0	0	0	0	0	0	0	0	0	0	0	0	0	0	0	0	0	0	0	0	0	0	0	0	0	0	0	0	0	0	0	0	0	0	0	0	0	0	0	0	0	0	0	0	0	0	0	0	0	0	0	0	0	0	0	0	0	0	0	0	0	0	0	0	0	0	0	0	0	0	129	12	0
OTU1786	0	0	0	0	0	0	0	1	0	0	0	0	0	0	0	0	0	0	1	0	0	0	0	0	0	1	0	0	0	0	0	0	0	0	0	0	0	0	0	0	1	0	0	0	1	0	0	6	0	0	0	0	0	0	0	0	0	16	0	0	0	0	0	0	0	1	0	10	0	0	0	0	0	0	0	0	0	0	0	0	0	0	0	0	0	0	0	0	0	0	0	0	0	0	0	0	0	0	2	288	100	66
OTU1787	0	0	0	0	0	0	0	0	0	0	0	0	0	0	0	0	0	0	0	0	0	0	0	0	0	0	0	0	0	0	0	0	0	0	0	0	0	0	0	0	0	0	0	0	0	0	0	0	0	0	0	0	0	0	0	0	0	0	0	0	0	0	0	0	39	0	0	12	0	0	0	0	0	0	0	0	0	0	0	0	0	0	0	0	0	0	0	0	0	0	0	0	0	0	0	0	0	0	0	0	231	0
OTU1788	0	0	0	0	0	0	0	1	0	0	0	0	0	0	0	0	0	0	0	0	0	0	0	0	0	0	0	0	0	45	5	0	0	0	0	0	3	0	0	2	1	1	4	2	8	1	2	12	2	0	1	1	0	0	7	6	0	34	24	0	0	0	0	0	0	2	2	0	0	0	0	1	5	3	0	0	1	1	20	1	1	1	4	4	3	11	0	1	0	0	0	2	17	11	11	10	51	13	26	0	102	45
OTU1789	0	0	0	0	0	0	0	2	1	0	0	0	0	0	0	0	0	0	9	0	0	0	0	0	0	0	0	0	0	3	0	0	0	0	0	0	0	0	0	0	0	16	0	17	0	14	0	9	1	3	0	0	0	0	2	6	0	0	2	0	2	0	0	0	0	0	2	0	0	0	0	0	4	0	0	0	0	0	1	0	2	6	2	0	1	1	0	0	0	0	0	0	6	0	0	0	3	0	30	0	22	9
OTU179	0	1	6	2	0	0	0	1	3	0	1	0	0	0	0	0	0	0	2	0	0	0	0	0	3	0	7	55	24	23	6	3	3	1	0	0	2	1	6	1	10	7	9	15	7	5	1	12	12	8	0	20	1	15	114	53	4058	39	106	0	0	1	0	0	5	2	105	2	1	2	9	1	3	6	2	12	33	2	25	9	6	9	13	33	9	5	3	12	7	2	6	10	2478	43	31	36	89	69	0	0	2	0
OTU1790	0	0	0	0	0	0	0	0	0	118	3	0	0	0	0	0	0	0	0	0	0	0	0	0	0	0	0	0	0	1	0	0	0	0	0	0	0	1	3	0	0	0	0	0	0	9	1	0	0	0	1	4	0	0	2	3	0	0	0	0	0	0	0	0	0	0	17	0	0	1	0	0	0	0	2	0	0	0	0	0	0	4	0	0	0	0	0	0	0	1	1	0	0	1	0	0	2	0	0	0	0	0
OTU1791	0	0	0	0	0	0	0	0	0	0	159	0	0	0	0	0	0	0	0	0	0	0	0	0	0	0	0	0	0	0	0	0	0	0	0	0	0	0	0	0	0	0	0	0	0	0	0	0	0	0	0	0	0	0	0	0	0	0	0	0	0	0	0	0	0	0	0	0	0	0	0	0	0	0	0	0	0	0	0	0	0	0	0	2	0	0	0	0	0	0	0	0	0	0	0	0	0	0	0	0	0	0
OTU1792	0	0	0	0	0	0	0	1	0	0	0	0	0	0	0	0	0	0	0	0	1	0	0	0	0	0	0	0	0	0	0	0	0	0	2	0	0	0	0	0	0	0	0	0	0	0	0	0	0	0	0	0	0	0	0	0	0	0	0	0	0	0	0	0	0	0	0	0	0	0	0	0	0	0	0	0	0	0	0	0	0	0	0	0	0	0	0	0	0	0	0	0	0	0	7	0	0	48	0	133	47	0
OTU1793	0	0	0	0	0	0	0	0	0	0	0	0	0	0	0	0	0	0	0	0	0	0	0	119	1	0	0	0	0	0	0	0	1	0	0	0	0	0	1	0	0	0	0	0	0	0	0	0	0	0	0	0	0	0	1	0	0	0	0	0	0	0	0	0	13	0	2	1	12	0	0	0	0	0	0	0	0	0	0	0	0	0	0	0	0	0	0	0	0	0	0	0	0	0	0	0	0	0	0	0	5	0
OTU1794	0	0	0	0	0	0	0	0	0	0	0	0	0	0	0	0	0	0	0	0	0	0	0	0	0	0	3	8	4	11	0	0	4	1	0	0	0	0	0	0	0	0	0	0	0	0	2	4	0	0	1	0	0	0	12	1	1	14	5	2	0	0	0	5	79	8	78	6	92	0	0	0	2	3	0	0	1	0	7	0	0	0	0	0	1	0	1	0	0	0	0	0	3	3	0	0	0	0	15	0	29	2
OTU1795	0	0	0	0	0	0	0	2	0	0	0	0	0	0	0	0	0	0	2	0	0	0	0	0	0	0	14	0	1	0	6	0	0	0	0	0	31	4	0	0	3	5	10	0	0	0	0	0	0	1	0	0	2	0	0	0	6	1	0	0	0	0	0	0	0	0	0	0	0	7	0	0	0	0	0	46	15	8	0	7	0	0	1	0	0	0	0	6	3	6	4	0	0	0	0	0	2	0	0	0	0	0
OTU1796	0	0	2	0	0	0	0	0	0	0	2	0	0	0	0	0	0	0	0	0	0	0	0	0	0	1	41	10	7	2	4	0	4	0	0	0	0	0	0	0	0	2	1	13	82	1	0	6	4	0	0	1	0	3	19	11	3	0	15	0	0	0	0	1	0	0	0	0	0	0	0	3	9	3	0	1	5	0	8	0	1	2	5	12	4	7	1	1	0	6	0	35	8	46	11	13	17	0	3	0	0	0
OTU1797	0	0	0	0	0	0	0	1	0	0	0	0	0	0	0	0	0	0	0	0	1	0	0	0	0	0	2	1	0	29	3	0	0	0	0	0	0	0	6	0	0	4	14	1	0	0	1	7	0	1	0	4	1	1	3	3	2	5	12	0	4	0	0	0	0	10	29	9	34	2	0	10	6	2	4	0	0	0	7	0	9	1	10	0	0	1	0	0	0	12	8	1	6	4	22	5	4	0	0	1	14	0
OTU1798	0	0	0	0	0	1	0	0	0	0	2	0	0	0	0	0	0	0	0	0	0	0	0	0	0	0	7	40	0	25	8	1	0	0	0	0	0	1	0	0	0	3	0	11	0	0	5	8	0	0	0	1	0	3	9	52	67	21	8	5	0	0	0	0	0	1	6	0	0	2	0	0	0	4	0	3	0	0	0	0	3	12	2	2	8	15	0	0	0	2	0	0	38	3	5	8	15	1	0	0	0	0
OTU1799	0	1	0	0	0	0	0	0	1	0	0	0	0	0	0	0	0	1	0	0	0	0	2	0	0	0	0	0	58	0	11	0	0	0	0	0	0	10	1	0	0	2	2	0	0	0	0	0	0	1	0	0	0	0	1	0	0	0	1	0	0	0	0	0	0	0	0	0	0	4	31	0	0	0	0	14	12	100	0	0	1	0	0	0	0	1	117	14	17	0	0	0	0	0	4	1	0	0	0	0	0	0
OTU18	0	11	2	0	1	0	44	52	0	2	0	2	0	2	0	0	0	1	57	10	17	36	12	42	44	39	63	101	46	486	34	43	62	28	103	28	42	13	21	2	40	461	40	277	73	329	97	247	101	120	40	65	32	65	64	58	342	278	116	31	37	27	33	88	336	145	5337	4917	242	4	20	14	11	7	13	63	76	17	323	29	30	26	121	69	101	431	10	15	27	16	983	638	108	278	110	606	773	527	4847	948	9966	18599
OTU180	0	9	0	0	0	0	0	0	1	3	2	1	0	0	0	0	0	0	0	0	0	0	0	0	0	0	1	3	1	1	3	0	0	0	0	0	5	0	5	0	4	3	6	0	3	0	1	4	4	1	0	1	3	19	5224	5	1	4	5	0	2	2	0	0	53	0	0	0	0	1	5	4	2	4	4	3	2	4	0	1	5	5	5	354	0	9	6	8	5	6	0	3	4	9	3	14	4	0	0	1	0	0
OTU1800	0	0	0	0	0	0	0	0	0	0	0	0	0	0	0	0	0	0	0	0	0	0	0	0	0	0	9	12	1	8	0	1	0	0	0	0	0	0	0	0	91	9	2	5	15	0	1	3	0	3	0	0	0	0	0	0	2	0	0	0	0	0	0	0	0	0	0	0	0	0	22	0	0	3	0	0	1	0	0	0	1	3	3	0	0	1	0	20	1	0	0	0	0	0	2	0	4	0	0	0	0	0
OTU1801	0	0	0	0	0	0	0	0	0	0	0	1	0	0	0	0	0	0	0	0	0	0	0	1	0	0	0	0	0	0	2	0	0	0	2	0	0	0	0	0	0	0	0	0	10	2	0	0	0	0	0	0	0	0	7	0	0	0	2	0	0	0	0	0	30	7	25	11	16	0	0	0	0	0	0	0	0	4	0	0	0	1	3	3	0	0	0	0	0	0	0	0	0	4	0	3	3	0	1	1	0	0
OTU1802	0	0	0	0	0	0	0	0	0	0	0	0	0	0	0	0	0	0	0	0	0	0	0	0	0	0	0	0	0	0	0	0	0	0	0	0	0	0	0	0	258	0	0	0	0	0	0	0	0	0	0	0	0	0	0	0	0	0	0	0	0	0	0	0	0	0	0	0	0	0	0	0	0	0	0	0	1	0	0	0	0	0	0	0	0	0	0	0	0	0	0	0	0	0	0	1	0	0	0	0	0	0
OTU1803	0	0	0	0	0	0	0	0	0	0	0	0	0	0	0	0	0	0	0	0	0	0	0	0	0	0	0	0	0	0	0	0	0	0	0	0	0	0	0	0	0	1	0	0	0	0	0	0	0	0	0	1	0	0	1	0	1	161	0	0	0	0	0	0	0	0	0	6	0	0	0	0	0	1	0	0	0	0	0	0	0	0	0	0	0	0	0	0	0	0	0	0	0	0	0	0	1	0	0	0	0	0
OTU1804	0	0	0	0	0	0	0	0	0	0	0	0	0	0	0	0	0	0	0	0	0	0	0	0	2	0	0	0	0	0	0	0	0	1	0	0	1	0	0	0	0	0	0	2	0	0	0	1	0	0	0	0	0	0	0	0	1	0	2	0	2	0	0	3	0	0	26	2	13	0	0	0	0	0	0	0	0	0	0	0	0	0	0	0	0	0	0	0	0	0	0	0	75	3	4	2	5	0	54	60	27	14
OTU1805	0	0	0	0	0	0	0	1	0	0	2	0	0	0	0	0	0	0	0	0	0	0	1	0	0	0	0	0	0	0	0	0	0	0	0	0	0	0	0	0	0	0	0	0	0	0	0	0	9	0	0	0	0	0	0	0	0	0	0	0	0	0	0	0	2	0	4	0	0	0	0	0	0	0	0	0	0	0	0	0	2	0	0	0	0	0	0	0	0	0	0	0	0	0	7	13	3	0	0	163	0	0
OTU1806	0	0	0	0	0	0	0	0	0	0	0	0	0	0	0	0	0	2	0	0	0	0	0	0	0	0	0	0	0	0	0	0	0	0	0	0	3	1	0	0	0	1	0	0	0	0	0	0	0	0	0	0	0	0	0	3	4	1	0	0	0	0	0	0	0	0	0	0	0	0	0	0	0	0	0	29	0	10	0	3	4	0	0	0	0	0	258	0	1	0	0	1	0	0	0	2	1	0	0	0	0	0
OTU1807	0	0	0	0	0	0	0	0	0	0	0	0	0	0	0	0	0	0	2	0	0	0	0	0	0	0	0	0	0	0	0	0	0	0	1	0	0	0	0	0	0	0	0	0	0	0	0	0	0	0	0	0	0	0	0	0	0	0	0	0	0	0	0	0	1	0	0	0	1	0	0	0	0	0	0	0	0	0	0	0	0	0	0	0	0	0	0	0	0	0	0	0	0	6	0	1	0	168	63	0	29	0
OTU1808	0	0	0	0	0	0	0	0	0	0	0	0	0	0	0	0	0	0	0	0	0	0	0	0	0	0	0	0	0	0	0	0	0	0	0	0	0	0	0	0	0	0	0	0	0	0	0	0	0	0	0	0	0	0	0	0	0	0	0	0	0	0	0	0	1	0	0	0	0	0	0	0	0	0	0	0	0	0	0	0	0	0	0	0	0	0	0	0	0	0	0	0	0	0	0	0	0	0	55	0	146	0
OTU1809	0	0	0	0	0	0	0	0	0	0	0	0	0	0	0	0	0	0	0	0	0	0	0	0	0	0	0	0	0	0	0	0	0	0	0	0	0	0	0	0	0	0	0	0	0	0	0	0	0	0	0	0	0	0	0	0	0	0	0	0	0	0	0	0	0	0	0	0	0	0	0	0	0	0	0	0	0	0	0	0	0	0	0	0	0	0	0	0	0	0	0	0	0	0	1	0	0	0	0	141	0	0
OTU181	0	1	0	0	0	0	30	0	0	0	0	3	2	0	0	0	0	0	1	0	0	0	0	0	0	0	1	2	2495	4	1	0	1	0	0	0	0	1	2	0	1	3	1	3	3	5	2	3	3	4	1	3	4	12	16	4	26	33	7	0	0	0	0	0	2	0	1	0	1	1	7	1	0	0	2	2	17	6	9	3	2339	1	9	2	7	1	7	8	3	4	3	2	3	12	4	12	5	1	0	1	0	0
OTU1810	0	0	0	0	0	0	0	0	0	0	0	0	0	0	0	0	0	0	0	0	0	0	0	0	0	0	0	0	0	0	0	0	0	0	0	0	0	0	0	0	0	0	0	0	0	0	0	0	0	0	0	0	0	0	0	0	0	0	0	0	0	0	0	0	0	0	0	0	0	0	0	0	0	0	0	0	0	0	0	0	0	0	0	0	0	0	0	0	0	0	0	0	0	0	0	0	0	0	0	124	0	0
OTU1811	0	1	0	0	0	0	1	0	0	0	54	0	0	1	0	0	0	0	0	0	0	1	0	2	0	0	6	21	19	6	0	0	0	0	5	0	6	5	22	0	50	11	40	0	2	6	11	0	3	3	0	2	0	4	1	5	4	1	1	0	0	1	0	0	0	1	0	0	0	5	5	7	1	6	1	5	4	15	4	51	5	1	0	1	4	1	33	9	21	5	5	5	2	1	0	10	0	0	0	0	0	0
OTU1812	0	0	0	0	0	0	0	0	0	0	0	0	0	0	0	0	0	0	0	0	0	0	0	0	0	0	8	36	31	26	0	0	0	0	0	0	0	0	0	0	0	0	0	1	0	0	23	7	0	0	0	0	0	0	0	0	0	0	0	0	0	0	0	0	0	0	0	0	0	0	0	0	0	0	0	0	0	0	0	1	1	0	0	2	0	1	0	0	0	0	0	0	0	1	1	0	1	0	0	0	0	0
OTU1813	0	2	0	0	0	0	0	0	0	0	0	0	0	0	0	0	0	0	0	0	0	0	0	0	0	0	28	4	25	18	44	0	0	0	0	0	24	7	46	0	4	7	15	0	12	2	0	0	0	20	0	19	7	2	4	1	21	1	0	0	0	0	0	0	0	0	0	0	0	2	26	0	3	5	11	23	16	16	10	27	5	1	0	6	96	2	22	20	34	15	0	9	0	3	21	7	2	0	0	1	0	0
OTU1814	0	1	0	0	0	0	0	0	0	0	0	0	0	0	0	0	0	0	0	0	0	0	0	0	0	0	11	3	0	1	0	0	0	0	0	2	0	0	0	0	1	1	1	11	5	6	0	11	0	3	0	13	0	2	4	5	5	4	9	0	0	0	0	3	0	2	5	0	0	0	0	0	0	5	0	0	4	0	2	1	3	16	8	4	2	4	0	0	0	0	4	3	12	19	13	7	0	0	0	0	10	0
OTU1815	0	0	0	0	0	0	0	0	0	0	0	0	0	0	0	0	0	0	2	0	0	0	0	0	2	0	0	68	0	0	0	0	0	0	0	0	1	0	4	0	4	16	5	0	13	10	0	2	12	0	0	9	2	2	11	1	0	2	1	1	1	0	0	0	1	26	0	21	8	0	0	1	8	0	0	1	0	2	17	0	9	11	3	13	1	13	0	0	0	0	0	0	46	2	2	10	4	1	58	17	202	343
OTU1816	0	0	0	0	0	0	0	0	0	0	0	0	0	1	0	0	0	0	0	0	0	0	0	0	0	0	2	10	0	9	2	0	1	0	0	1	1	0	0	0	5	6	0	9	20	0	4	3	21	0	0	1	3	1	10	13	1	1	3	0	0	0	0	1	10	4	2	27	1	0	1	5	0	1	1	0	7	3	2	0	2	15	11	7	9	16	0	2	1	7	9	0	7	20	18	35	21	0	0	1	1	0
OTU1817	0	0	0	0	0	0	0	0	0	0	0	0	0	0	0	0	0	0	0	0	0	0	0	0	0	0	0	10	0	17	0	0	0	2	0	0	0	0	1	0	2	11	11	0	0	7	0	13	4	0	2	0	1	1	12	14	6	11	4	0	0	0	0	0	0	0	0	1	1	2	13	0	0	2	3	0	0	0	8	0	2	0	2	2	0	10	0	0	4	6	2	0	4	11	3	1	4	0	0	0	0	2
OTU1818	0	0	0	0	0	0	0	0	0	0	0	1	0	0	0	0	0	0	0	0	0	0	0	0	0	0	0	0	14	0	0	0	0	0	0	0	5	1	0	0	1	3	7	0	0	0	0	0	0	1	0	0	0	0	0	0	0	0	0	0	0	0	0	0	0	0	0	0	0	1	0	5	0	0	0	0	10	2	4	1	0	2	0	0	0	0	9	3	106	1	0	0	0	2	0	4	0	0	0	0	0	0
OTU1819	0	0	0	0	0	0	0	0	0	0	0	0	0	0	0	0	0	0	0	0	0	0	0	0	0	0	2	2	1	1	0	0	0	0	0	0	0	0	1	0	0	0	4	0	5	4	6	1	2	0	0	1	0	0	0	1	0	1	3	0	1	0	1	0	0	0	0	0	0	0	0	0	0	0	0	0	0	0	0	0	4	10	1	0	3	0	0	0	0	0	0	8	6	3	4	2	0	100	0	0	0	0
OTU182	0	0	0	0	1	0	2	10	0	0	0	3	0	0	2	0	1	0	1	0	7	6	1	2	16	7	79	45	58	60	64	4	5	5	5	2	40	4	52	1	98	33	40	32	41	79	42	42	16	23	38	34	25	18	19	67	59	55	42	7	2	1	1	9	71	28	395	43	54	22	28	29	10	28	54	20	21	72	97	19	37	73	8	4	13	58	17	54	46	45	22	91	55	94	26	97	40	424	451	437	585	740
OTU1820	0	0	0	0	0	0	0	0	0	0	0	0	0	0	0	0	0	0	0	0	0	0	0	0	0	0	1	0	0	0	19	0	0	0	0	0	0	0	0	0	0	0	0	0	1	0	0	0	0	0	0	0	1	0	0	0	0	0	10	0	0	0	0	0	0	0	1	0	1	0	0	0	0	0	0	0	0	0	0	0	1	0	0	1	10	0	0	0	0	0	0	0	5	0	185	24	0	0	0	0	3	0
OTU1821	0	0	0	0	0	0	0	0	0	0	0	0	0	0	0	0	0	0	0	0	0	0	0	0	1	0	0	0	1	0	0	0	0	0	2	0	0	1	0	0	0	0	0	0	0	0	0	0	14	33	2	18	2	4	51	43	2	37	30	0	0	0	0	0	0	1	3	1	2	19	42	34	18	55	14	0	0	1	0	0	0	0	0	0	1	0	0	0	1	0	0	0	0	0	0	0	0	0	0	0	0	0
OTU1822	0	0	0	0	0	0	0	0	0	0	0	0	0	0	0	0	0	0	0	0	2	0	0	0	0	0	0	2	1	11	2	0	0	0	0	0	1	0	0	0	5	0	2	4	0	1	0	9	0	0	0	0	0	0	5	127	3	20	2	0	0	0	0	0	1	0	0	0	0	0	0	2	4	0	0	0	1	0	0	9	3	0	1	1	0	0	0	0	0	0	7	0	1	0	5	10	3	0	0	0	0	0
OTU1823	0	0	0	0	0	0	0	0	0	0	0	0	0	0	0	0	0	0	4	0	0	0	0	1	0	0	0	0	1	0	0	0	0	0	2	0	0	0	0	0	2	63	0	0	0	0	0	12	0	0	0	0	1	8	1	3	0	0	0	0	0	0	0	0	2	0	0	2	0	2	0	1	12	0	0	0	0	0	0	1	0	0	0	0	0	0	0	0	0	1	1	0	7	46	18	1	12	77	51	4	46	115
OTU1824	0	0	0	0	0	0	0	4	0	0	0	0	0	0	0	0	0	0	0	0	0	1	0	0	2	0	0	0	0	0	0	0	0	0	0	0	0	0	0	0	0	0	0	0	0	0	0	0	0	0	0	0	0	0	0	2	0	0	0	0	0	0	0	0	86	27	18	37	4	1	0	0	0	0	0	0	0	0	0	0	0	0	0	0	0	0	0	0	0	0	0	0	0	0	0	0	0	0	1	0	0	0
OTU1825	0	0	0	0	0	0	0	0	0	0	0	0	0	0	0	0	0	0	0	0	0	0	0	0	0	0	0	0	0	0	0	0	0	0	0	0	0	0	0	0	0	0	0	0	0	0	0	0	0	0	0	0	0	0	0	5	0	4	0	0	0	0	1	1	22	41	17	63	9	0	0	0	0	0	0	0	0	0	0	0	0	0	4	0	0	0	0	0	0	0	0	0	0	0	0	4	0	0	0	0	78	0
OTU1826	0	0	1	0	0	0	0	0	0	0	0	0	0	2	0	0	0	0	1	0	1	0	0	0	0	0	0	0	1	0	0	0	0	0	0	0	0	2	0	0	0	0	0	0	0	0	0	15	19	0	0	5	0	2	0	0	0	5	0	0	0	0	0	0	0	0	0	0	4	0	0	0	0	5	0	2	0	0	0	0	1	7	0	0	0	15	0	0	0	2	0	0	25	0	7	1	1	0	39	145	59	71
OTU1827	0	0	0	0	0	0	1	1	0	0	0	0	0	2	0	0	0	0	0	0	0	0	0	2	0	0	0	0	0	0	1	0	0	0	0	1	0	0	0	0	0	0	0	0	0	1	0	2	0	0	0	2	0	4	0	0	0	0	0	0	0	0	0	0	0	0	0	12	0	0	0	0	0	0	0	0	0	0	0	1	0	1	0	0	0	0	0	0	0	0	0	0	0	0	2	28	0	0	0	188	0	0
OTU1828	0	0	0	0	0	0	0	0	0	0	0	0	0	0	0	0	0	0	1	0	0	0	1	0	0	0	0	0	0	0	0	0	0	0	0	0	0	0	0	0	0	0	0	0	0	0	0	0	0	0	0	0	0	0	0	0	0	0	0	0	0	0	0	0	0	0	0	0	0	0	0	0	0	0	0	0	0	0	0	0	0	0	0	0	0	0	0	0	0	0	0	0	0	0	2	0	0	0	0	142	0	0
OTU1829	0	0	0	0	0	0	0	0	0	0	0	0	0	0	0	0	0	0	0	0	0	0	0	0	0	0	0	0	0	0	0	0	0	0	0	0	0	0	0	0	0	0	0	0	0	0	0	0	0	0	0	0	0	0	0	0	0	0	0	0	0	0	0	0	0	0	0	0	0	0	0	0	0	0	0	0	0	0	0	0	0	0	0	0	0	0	0	0	0	0	0	0	0	0	0	0	0	0	0	130	0	0
OTU183	0	1	2	0	0	4	2	2	7	3	3	3	2	3	0	2	0	0	3	0	4	1	6	1	3	0	14	56	106	30	15	2	0	0	8	0	116	294	205	2	242	62	85	135	188	733	84	3	192	63	1	107	55	46	114	32	757	153	28	0	0	0	2	0	2	0	8	1	0	479	510	56	34	48	50	293	252	495	109	148	62	132	5	185	30	62	347	101	871	51	2	134	87	46	38	205	106	0	0	1	3	2
OTU1830	0	0	0	0	0	0	0	0	0	0	0	0	0	0	0	0	0	0	0	0	0	0	0	0	0	0	0	0	0	0	0	0	0	0	0	0	0	0	0	0	0	0	0	0	0	0	0	0	0	0	0	0	0	0	0	0	0	0	0	0	0	0	0	0	0	0	0	0	0	0	0	0	0	0	0	0	0	0	0	0	0	0	0	0	0	0	0	0	0	0	0	0	0	0	0	0	0	0	0	177	0	0
OTU1831	0	0	0	0	0	0	0	0	0	0	0	0	0	0	0	0	0	0	0	0	0	0	0	0	0	0	0	0	0	0	0	0	0	0	0	0	0	0	0	0	0	0	0	0	0	0	0	0	0	0	0	0	0	0	0	0	0	0	0	0	0	0	0	0	0	0	0	0	0	0	0	0	0	0	0	0	0	0	0	0	0	0	0	0	0	0	0	0	0	0	0	0	0	0	0	1	0	0	0	0	97	0
OTU1832	0	0	0	0	0	0	0	0	0	0	0	0	0	0	0	0	0	0	0	0	0	0	0	0	0	0	0	0	0	0	0	0	0	0	0	0	0	0	0	0	0	0	0	0	0	0	0	0	0	0	0	0	0	0	0	0	0	0	0	0	0	0	0	0	0	0	0	0	0	0	0	0	0	0	0	0	0	0	0	0	0	0	0	0	0	0	0	0	0	0	0	0	0	0	0	0	0	0	0	0	0	153
OTU1833	0	0	1	0	0	0	13	0	0	0	0	1	0	0	0	0	0	0	0	0	0	0	0	0	0	0	0	0	0	1	0	0	0	0	0	0	3	0	0	0	24	2	0	0	0	0	0	0	1	1	0	0	0	0	0	2	0	0	0	0	0	0	0	0	0	0	0	0	0	1	0	0	0	0	0	0	4	0	0	0	208	0	0	0	0	0	0	1	0	0	0	0	0	0	1	2	0	1	0	0	0	0
OTU1834	0	0	1	0	0	1	0	1	0	0	0	0	0	0	0	0	0	0	0	0	0	0	0	0	0	0	0	0	0	0	0	0	0	0	0	0	0	0	19	0	19	3	5	40	11	27	1	0	9	5	0	0	1	7	5	3	0	13	0	2	1	0	0	0	0	0	0	0	0	19	0	1	3	3	1	0	0	3	0	1	0	12	2	4	1	3	0	2	12	0	0	1	7	0	0	4	25	0	0	0	0	0
OTU1835	0	0	0	0	0	0	0	0	0	1	0	0	0	0	0	0	0	0	2	0	0	0	0	5	0	0	3	1	1	0	0	0	0	0	0	0	0	0	157	0	0	14	0	0	0	0	1	0	0	0	0	0	0	0	0	0	0	0	0	0	0	0	0	0	0	0	0	0	0	1	0	22	0	0	2	0	2	0	0	0	0	1	0	0	0	1	0	3	0	0	1	0	0	0	2	0	0	0	0	0	0	0
OTU1836	0	0	0	0	0	0	0	0	0	0	0	0	0	0	0	0	0	0	1	0	0	0	0	0	0	0	0	0	0	0	0	0	0	0	0	0	0	0	0	0	0	0	0	0	0	0	0	0	0	0	0	0	0	0	0	0	0	0	0	1	0	0	0	0	0	58	0	0	0	0	0	0	0	0	0	0	0	0	0	0	0	0	0	0	0	0	0	0	0	0	0	0	0	0	0	0	1	0	0	0	0	98
OTU1837	0	0	0	0	0	0	0	0	0	0	2	0	0	0	0	0	0	0	0	0	0	1	0	0	0	0	9	17	0	12	1	0	0	0	0	0	44	4	1	0	1	1	2	0	0	0	0	0	0	20	0	18	0	2	0	0	2	0	0	0	0	0	0	0	0	5	0	0	0	0	0	0	0	0	12	23	5	7	2	7	1	0	0	1	0	0	1	0	4	0	0	0	1	0	0	12	6	0	0	0	0	0
OTU1838	0	0	0	0	0	0	0	1	0	0	0	0	0	0	1	0	0	0	0	0	1	0	0	0	0	0	34	31	6	124	40	1	2	0	1	0	0	3	27	0	5	39	49	7	8	0	9	4	33	9	0	44	14	6	6	3	5	4	18	0	0	0	0	0	5	38	14	39	20	6	0	12	3	0	3	1	32	15	31	21	10	4	24	4	10	17	28	7	2	33	14	16	6	7	54	16	2	0	2	2	4	0
OTU1839	3	0	0	0	0	0	0	0	0	0	0	0	0	0	0	0	0	0	0	0	0	0	0	0	0	0	6	6	35	1	16	0	0	0	0	0	10	71	21	0	0	0	2	0	1	6	0	0	0	1	1	1	0	1	0	1	30	1	1	1	0	0	0	0	3	0	0	0	0	5	27	0	0	0	19	6	21	15	4	6	3	0	1	0	0	3	23	7	0	0	8	0	0	3	3	0	0	0	0	0	0	0
OTU184	0	5	0	0	0	0	1	17	4	0	3	6	1	2	0	1	1	0	7	0	11	3	1	3	2	7	162	234	180	187	114	3	8	1	10	8	13	12	2	0	58	18	130	219	49	35	48	215	26	43	22	184	31	112	107	56	75	72	119	4	3	5	7	8	450	162	101	50	373	24	38	21	116	11	81	155	12	74	70	20	48	29	129	44	35	105	24	25	14	67	60	86	194	332	158	158	164	713	757	227	894	749
OTU1840	0	0	2	0	0	0	0	0	0	0	0	0	0	0	0	0	0	0	0	0	0	0	1	0	0	0	0	13	0	0	1	0	0	0	0	0	5	4	11	0	20	11	13	0	0	8	1	0	3	3	6	0	0	0	11	0	12	0	0	0	0	0	0	0	0	0	0	0	29	9	12	0	0	0	3	0	0	2	11	1	2	0	4	0	0	0	0	5	45	0	2	15	0	0	2	2	5	0	0	0	0	0
OTU1841	0	0	0	0	0	1	0	0	0	0	0	0	0	0	0	0	0	1	0	0	0	0	0	0	0	0	0	15	0	8	0	0	1	0	0	2	0	1	0	0	28	23	9	0	5	0	0	0	7	2	0	2	1	0	0	1	0	4	3	0	0	0	0	0	18	20	0	16	32	7	7	0	6	3	1	0	0	7	12	1	2	0	0	0	0	1	0	0	0	3	7	15	0	9	1	1	13	1	0	2	0	3
OTU1842	0	0	0	0	0	0	0	0	0	0	0	0	0	0	0	0	0	0	0	0	2	0	0	0	0	0	0	0	0	0	0	0	2	0	0	0	0	0	0	0	0	0	0	0	0	0	0	0	0	0	0	0	0	0	0	0	0	0	0	2	0	0	1	0	3	0	0	0	0	0	0	0	0	0	0	0	0	0	0	0	0	0	0	0	0	0	0	0	0	0	0	0	0	3	1	0	0	0	85	140	0	0
OTU1843	0	0	0	0	0	0	0	0	0	0	0	0	0	0	0	0	0	0	0	0	0	0	1	0	0	1	0	0	0	0	0	0	0	0	2	0	0	0	0	0	0	0	0	0	0	0	0	0	0	0	0	0	0	0	0	0	0	0	2	0	0	0	0	0	50	0	10	30	58	0	0	0	0	0	0	0	0	0	0	0	0	0	0	0	0	0	0	0	0	0	0	0	0	0	0	0	0	0	0	0	0	0
OTU1844	0	0	0	0	0	0	0	0	0	0	0	0	0	0	0	0	0	0	0	0	0	1	0	0	0	0	6	1	0	3	0	0	1	0	0	1	19	0	5	0	30	22	24	0	12	6	0	5	9	0	0	20	2	3	3	3	0	2	2	0	0	0	0	0	15	5	19	0	5	0	44	1	9	2	15	1	1	8	8	0	1	2	0	1	1	1	13	13	22	0	7	5	3	4	5	0	16	0	20	0	3	18
OTU1845	0	0	0	0	0	0	0	1	0	0	0	0	0	0	0	0	0	0	0	0	0	0	0	0	0	0	2	1	0	2	0	0	3	0	1	0	0	0	4	0	2	1	2	0	1	0	0	0	0	4	7	4	0	1	7	2	4	2	0	0	0	0	0	0	51	26	42	10	14	1	5	0	0	7	7	0	0	0	0	0	2	0	2	0	0	4	0	0	0	2	1	0	0	4	2	0	0	0	2	0	0	1
OTU1846	0	0	0	0	0	0	0	0	0	0	0	0	0	0	0	0	0	0	0	0	0	0	0	0	0	0	0	0	0	0	0	0	0	6	0	0	1	0	0	1	0	0	1	18	4	72	2	2	1	0	0	2	0	0	87	6	0	0	12	0	0	0	0	2	1	0	0	0	0	0	1	2	0	0	0	1	4	0	0	0	0	12	3	0	0	0	0	1	0	0	0	0	8	3	4	13	25	1	0	0	4	4
OTU1847	0	2	0	0	0	0	0	0	0	0	0	0	0	0	0	1	0	1	0	0	0	0	0	0	0	0	0	0	0	0	0	0	0	0	0	0	0	0	0	0	0	1	0	0	0	27	0	0	0	0	0	0	0	0	0	6	122	0	0	0	0	0	0	0	0	0	2	0	0	1	0	0	0	0	0	0	0	0	0	0	0	7	1	0	0	1	0	0	0	0	0	2	4	7	1	0	0	0	0	0	0	0
OTU1848	0	0	0	0	0	0	2	0	0	0	0	0	0	0	0	0	0	0	0	0	0	0	0	0	0	0	0	0	0	0	0	0	0	4	0	3	3	0	0	0	0	0	0	0	0	0	0	0	0	0	0	0	0	0	0	0	0	0	5	0	0	0	0	0	0	0	2	0	103	0	0	0	0	0	0	0	0	0	0	0	0	0	0	0	0	0	0	0	0	0	0	0	0	0	0	0	0	1	0	0	0	0
OTU1849	0	0	0	0	0	0	0	0	0	0	0	0	0	0	0	0	0	0	0	0	0	0	1	0	0	0	0	0	0	0	0	0	0	0	0	0	0	0	0	0	0	0	0	0	0	0	0	0	0	0	0	0	0	0	0	0	0	0	0	0	0	0	2	0	38	29	0	0	10	0	0	0	0	0	0	0	0	0	0	0	0	0	0	0	0	0	0	0	0	0	0	0	0	3	0	1	0	0	28	0	38	0
OTU185	0	0	0	0	0	0	5	0	0	0	0	0	0	2	0	0	0	0	10	8	8	2	2	2	4	7	12	81	29	10	30	2	2	1	10	2	23	0	2	0	144	28	62	0	1	0	0	6	8	1	1	3	2	11	39	12	48	2	21	3	4	3	4	13	581	208	1549	81	677	1	0	0	2	0	0	9	1	0	5	1	4	14	293	0	5	9	2	3	0	0	0	5	2	24	5	29	8	4	207	6	614	320
OTU1850	0	0	0	0	0	0	0	0	0	0	0	0	0	0	0	0	0	0	0	0	6	0	0	0	0	0	4	6	1	18	0	0	0	1	0	0	1	1	5	0	34	1	7	5	3	0	6	6	3	3	0	5	2	4	1	12	0	16	12	0	0	0	0	0	0	3	0	26	6	5	3	7	2	0	0	12	4	2	17	3	2	3	0	1	1	6	0	6	7	0	5	13	1	8	4	1	6	107	17	0	10	74
OTU1851	0	0	0	0	0	0	0	0	0	0	0	0	0	0	0	0	0	0	0	0	0	0	0	0	0	2	0	0	0	0	0	0	0	0	0	0	0	0	0	0	0	0	0	0	0	0	0	0	0	0	0	0	0	0	0	0	0	0	0	0	0	0	0	0	0	0	3	0	1	0	0	0	0	0	0	0	0	0	0	0	0	0	0	0	0	0	0	0	0	0	0	0	1	0	0	0	0	152	0	0	0	0
OTU1852	0	0	0	0	0	0	0	0	0	0	0	0	0	0	0	0	0	0	0	0	0	0	0	0	0	0	0	0	0	0	0	0	0	0	0	0	0	0	0	0	0	0	0	0	0	0	0	0	0	0	0	0	0	0	0	0	0	0	0	0	0	0	0	0	0	0	0	0	0	0	0	0	0	0	0	0	0	0	0	0	0	0	0	0	0	0	0	0	0	0	0	0	0	0	0	0	0	0	0	143	0	0
OTU1853	0	0	0	0	0	0	0	0	0	0	0	0	0	0	0	0	0	0	0	0	0	0	0	0	0	0	0	0	0	0	0	0	0	0	0	0	0	0	0	0	0	0	0	0	0	0	0	0	0	0	0	0	0	0	0	0	0	0	0	0	0	0	0	0	0	0	0	0	0	0	0	0	0	0	0	0	0	0	0	0	0	0	0	0	0	0	0	0	0	0	0	0	0	0	0	0	0	0	0	163	0	0
OTU1854	0	0	0	0	0	0	0	0	0	0	0	0	0	0	0	0	0	0	0	0	0	0	0	1	0	0	1	0	0	0	0	0	0	0	0	0	0	0	6	0	0	0	1	23	46	3	0	1	0	0	0	0	0	1	3	161	1	5	17	0	0	0	0	0	14	4	0	0	0	0	0	0	1	2	0	1	0	0	4	0	0	1	2	10	0	12	0	0	0	1	0	0	11	4	0	34	25	0	0	0	0	0
OTU1855	0	0	0	0	0	0	0	0	0	0	0	0	0	0	0	0	0	0	0	0	3	0	0	1	0	0	0	0	0	0	0	1	0	2	0	1	0	0	0	0	0	0	0	0	0	0	0	0	0	0	0	0	0	0	0	0	0	0	0	0	0	0	0	0	32	28	38	68	0	0	0	0	0	0	0	0	0	0	0	0	0	0	0	0	0	0	0	0	0	0	0	0	0	0	0	4	0	0	0	0	95	1
OTU1856	0	0	0	0	0	0	0	2	0	0	0	0	0	0	0	0	0	0	0	0	0	0	0	0	1	0	0	0	0	0	0	0	2	0	0	0	0	0	0	0	0	0	0	0	0	0	0	0	0	0	0	0	0	0	1	2	0	0	3	0	0	0	0	0	81	72	32	16	77	0	0	0	0	0	0	0	0	0	0	0	0	0	0	0	0	0	0	0	0	0	0	0	0	0	0	9	0	0	0	0	3	0
OTU1857	0	0	0	0	0	0	0	0	0	0	0	0	0	0	1	0	0	0	0	0	0	0	0	0	0	0	4	1	0	0	0	0	6	0	0	0	1	0	0	0	0	0	0	2	115	0	0	0	0	0	0	0	0	0	0	20	0	0	0	0	0	0	0	0	0	3	0	0	0	0	0	0	0	0	1	0	0	0	0	0	0	0	0	0	0	0	0	0	0	0	0	0	0	1	0	0	0	0	0	0	0	0
OTU1858	0	0	1	0	0	0	0	0	0	0	0	0	0	0	0	0	0	0	0	0	0	0	0	0	0	0	2	43	59	4	2	0	0	0	0	0	1	0	0	0	0	3	1	1	9	0	0	0	0	0	0	10	0	1	2	0	1	0	4	0	0	0	0	0	0	0	0	0	0	0	0	0	3	5	0	0	0	0	0	0	10	0	0	3	2	1	1	0	0	0	4	0	0	0	8	7	0	0	0	0	0	0
OTU1859	0	1	0	0	0	1	0	0	0	0	0	0	0	0	0	0	0	0	0	0	0	0	0	0	0	0	0	24	0	0	0	0	0	0	0	0	0	0	0	0	1	2	0	0	0	0	0	0	1	0	7	0	0	3	0	0	0	0	0	0	0	0	0	0	0	0	0	0	0	16	0	0	0	0	0	0	0	0	18	0	12	0	0	0	0	0	82	0	42	0	0	0	0	0	0	0	0	0	0	0	0	0
OTU186	0	2	0	0	0	0	5	0	2	3	1	2	0	2	0	0	0	5	4	0	0	0	1	0	0	0	5	1	8	3	6	8	18	0	5	3	3	4	1	3	12	7	1	437	378	12	22	157	57	4	0	421	290	43	271	176	10	689	356	1	0	0	0	26	6	3	6	18	3	6	8	7	2	4	3	10	21	9	12	1	53	13	8	362	1	1717	4	6	9	493	6	2	777	140	83	32	589	501	311	276	2	10
OTU1860	0	1	0	0	0	1	0	0	0	0	0	0	0	0	0	0	0	0	0	0	0	0	0	0	4	0	0	8	1	10	4	0	0	0	1	0	0	4	0	0	24	27	18	0	3	0	0	0	17	2	9	2	2	2	2	1	0	0	3	0	0	0	0	0	0	0	0	0	0	8	0	2	0	0	0	1	0	0	1	0	5	0	0	3	1	0	1	5	2	4	32	21	0	0	6	21	1	0	0	0	0	0
OTU1861	0	0	0	0	0	0	0	0	0	0	0	0	0	0	0	0	0	0	1	0	0	0	0	0	0	0	0	0	0	14	0	0	0	0	1	0	0	0	0	0	0	1	0	0	1	0	0	4	0	4	0	4	1	1	1	2	0	1	4	1	0	0	0	1	0	0	0	8	1	0	0	1	6	3	5	0	0	0	0	0	0	5	2	0	0	14	0	0	0	1	1	0	2	38	3	0	0	51	3	0	0	19
OTU1862	0	0	0	0	0	0	2	0	0	0	0	0	0	0	0	0	0	0	0	0	0	0	0	0	0	0	0	0	2	3	0	0	0	0	0	0	0	0	0	0	0	0	0	0	0	0	0	0	0	0	1	0	0	0	1	0	0	0	0	0	0	0	0	0	0	0	0	1	0	0	0	0	0	0	0	0	0	0	0	0	0	0	7	0	0	0	0	0	0	0	0	0	5	50	20	0	18	46	1	43	0	7
OTU1863	0	0	0	0	0	0	0	0	0	0	0	0	0	0	0	0	0	0	1	0	0	0	0	0	0	0	0	0	0	0	1	0	0	0	0	0	0	0	0	0	0	0	2	1	11	0	0	14	0	0	0	1	0	3	0	0	6	14	1	0	0	0	0	0	10	0	0	7	10	0	1	0	0	1	0	0	0	0	0	0	0	5	1	2	0	1	2	0	0	2	0	0	4	2	0	3	16	74	0	0	1	0
OTU1864	0	0	0	0	0	0	0	0	0	0	0	0	0	0	0	0	0	0	0	0	0	0	0	0	0	0	0	0	0	0	0	0	1	0	0	0	0	0	0	0	0	0	0	0	0	0	0	0	3	0	0	3	1	3	0	0	0	0	0	0	0	0	0	0	0	0	0	0	0	0	0	0	0	0	0	0	0	1	2	0	0	0	0	0	0	0	0	1	0	0	0	29	1	6	0	1	2	36	58	0	13	32
OTU1865	0	0	0	0	0	0	0	0	0	0	0	0	0	0	0	0	0	0	0	0	0	0	0	0	0	0	0	0	0	0	0	1	0	0	1	0	0	0	0	0	0	0	0	0	0	0	0	0	0	0	0	0	0	0	5	0	0	0	1	1	0	0	0	0	20	5	26	27	70	0	0	1	0	0	5	0	0	0	0	0	0	0	1	0	0	0	2	0	0	0	0	0	0	0	0	0	2	0	0	0	0	0
OTU1866	0	0	0	0	0	0	0	0	0	0	0	0	0	0	0	0	0	0	0	0	0	0	0	0	0	0	0	0	0	0	1	0	0	0	0	0	0	0	0	0	0	0	1	3	1	0	0	0	0	0	0	0	0	0	1	189	0	0	2	0	0	0	0	0	0	3	0	0	0	0	0	0	0	0	0	0	3	0	0	1	0	0	2	0	0	1	0	6	1	0	0	0	0	0	0	0	1	0	1	0	0	0
OTU1867	0	0	0	0	0	0	0	0	0	0	0	0	0	0	0	0	0	0	0	0	0	1	0	0	1	3	0	0	0	0	0	0	0	0	1	0	0	0	0	0	0	0	0	0	0	0	0	0	0	0	0	0	0	0	0	0	0	0	0	0	1	0	0	1	0	5	0	0	0	0	0	0	0	0	0	0	0	0	0	0	0	0	0	0	0	0	0	0	0	0	0	0	0	2	0	2	0	2	28	17	60	75
OTU1868	0	0	0	0	0	0	0	0	1	0	0	0	0	0	0	0	0	0	0	0	0	0	0	0	0	0	40	79	0	0	0	0	1	0	0	0	0	0	0	0	0	0	0	0	0	1	16	0	0	0	0	0	0	4	0	1	30	0	0	0	0	0	0	0	0	0	0	0	0	0	0	0	2	0	11	0	2	0	0	0	0	0	2	8	0	0	2	0	0	1	0	0	3	0	2	1	11	0	0	0	0	0
OTU1869	0	0	0	0	1	0	0	0	0	0	0	0	0	0	0	0	0	0	0	0	1	1	0	0	0	0	0	10	0	0	3	0	0	0	3	0	16	0	0	0	22	5	14	0	0	2	0	0	0	7	0	0	8	1	0	0	0	0	1	0	0	0	0	0	0	0	0	0	0	8	0	0	5	0	3	0	0	5	15	3	6	0	0	0	0	0	2	6	11	5	10	20	0	0	0	2	0	0	0	0	0	0
OTU187	0	1	0	0	2	0	0	0	3	0	0	0	0	0	0	0	2	0	0	0	0	0	1	0	0	1	254	78	1462	2	476	0	3	0	25	0	4	99	569	0	273	3	3	5	7	1	26	7	3	4	24	5	0	1	9	14	324	11	7	1	0	3	0	2	0	0	4	0	0	34	422	0	100	4	151	3	216	283	11	68	1	3	2	4	6	5	286	2098	458	33	1	3	5	17	5	15	3	0	0	0	0	0
OTU1870	0	0	0	0	0	0	0	0	0	0	0	0	0	0	0	0	0	0	0	0	0	0	0	2	0	0	0	1	1	0	0	0	0	0	0	0	0	0	0	0	0	0	0	0	1	2	3	0	0	0	0	0	0	0	0	1	0	13	0	0	0	0	0	0	3	2	0	17	3	0	0	0	0	15	0	0	0	0	0	0	0	4	0	0	2	0	0	0	0	0	6	0	0	47	0	3	0	9	161	2	20	0
OTU1871	0	0	0	0	0	0	0	0	0	0	0	0	0	0	0	0	0	0	0	0	0	1	0	1	0	1	10	13	8	0	7	0	0	0	0	0	49	1	10	0	2	7	1	1	1	1	0	0	0	0	0	0	0	0	3	0	19	0	0	0	0	0	0	0	0	0	0	0	0	7	61	0	0	3	3	19	22	2	2	27	1	0	0	0	0	0	2	10	9	6	0	0	1	0	0	4	0	0	0	0	1	1
OTU1872	0	0	0	0	0	0	0	3	0	0	0	0	0	0	0	0	0	0	0	0	0	0	0	0	0	0	10	1	7	1	0	0	0	0	0	0	0	0	0	0	0	0	0	1	2	0	0	11	0	6	0	7	0	0	0	2	0	14	4	0	0	0	0	0	0	3	0	0	0	0	0	1	2	3	0	2	0	0	1	0	0	0	5	4	7	0	0	0	0	3	0	2	3	5	6	10	0	28	5	0	27	4
OTU1873	0	2	0	0	0	0	0	0	3	0	0	3	0	0	0	0	0	0	0	0	0	0	0	0	2	0	4	11	9	14	12	0	0	0	1	1	0	0	0	0	17	20	0	0	2	5	11	22	0	0	7	7	0	3	10	16	0	4	3	0	0	0	0	0	42	0	17	0	2	0	2	0	0	16	0	0	0	1	42	6	8	5	13	7	0	29	1	1	1	22	9	11	3	49	25	23	3	0	1	0	0	0
OTU1874	0	0	0	0	0	0	0	0	0	0	0	3	0	0	0	0	0	0	0	0	0	0	0	0	0	0	0	0	0	19	0	0	0	0	0	0	0	0	1	0	0	0	0	0	0	0	0	9	0	0	0	0	0	1	1	0	0	0	0	0	2	1	1	0	0	0	0	0	0	0	0	0	1	0	0	0	0	0	0	2	0	0	26	4	20	17	0	0	0	0	0	0	4	19	18	17	4	0	0	0	0	0
OTU1875	0	0	0	0	0	0	0	0	0	0	0	0	0	0	0	0	0	0	0	0	0	0	0	0	0	0	0	0	0	20	0	0	1	0	0	0	0	0	3	0	0	0	0	1	9	0	3	2	1	0	0	29	0	2	2	1	0	4	0	0	2	0	0	0	0	0	2	0	0	0	0	0	7	0	6	0	0	0	13	0	4	0	23	2	0	15	0	0	1	0	9	1	6	26	1	2	0	0	0	0	0	0
OTU1876	0	0	0	0	0	0	1	0	0	0	0	0	0	0	0	0	0	0	0	0	2	0	0	1	0	0	0	2	2	0	5	0	0	0	0	0	8	7	10	0	13	6	13	0	3	1	0	0	0	0	0	12	0	1	0	0	0	0	1	0	0	0	0	0	0	0	0	0	0	7	2	6	2	0	4	0	0	0	11	0	9	0	0	1	0	0	11	4	0	3	1	3	2	0	0	4	0	11	7	2	0	6
OTU1877	0	0	0	0	0	0	0	0	0	0	0	0	0	0	0	0	0	0	0	0	1	0	0	3	0	0	0	1	0	0	0	1	2	1	2	0	0	0	0	0	0	0	1	0	0	0	2	0	0	0	0	0	0	0	1	1	2	1	0	0	1	0	0	0	17	30	177	97	56	0	0	0	0	0	0	0	0	0	1	0	0	0	3	0	0	0	1	0	0	0	0	0	0	0	0	0	0	0	24	1	0	1
OTU1878	0	0	0	0	0	0	0	0	0	0	0	0	0	0	0	0	0	0	0	0	0	0	0	0	0	1	0	0	0	0	0	0	0	0	0	0	28	0	0	0	0	0	0	0	0	0	0	0	0	2	0	0	0	0	1	0	12	0	0	0	0	0	0	0	0	0	0	0	0	1	0	0	1	0	0	0	63	16	0	37	0	0	0	0	0	0	0	0	0	0	0	0	0	0	0	0	0	0	0	0	0	0
OTU1879	0	0	0	0	0	0	0	0	0	0	5	0	0	0	0	0	0	0	0	0	0	1	0	0	0	1	0	0	0	1	0	0	0	0	1	0	0	3	33	0	2	0	9	0	0	2	0	3	0	0	0	0	0	0	1	0	0	0	1	0	0	0	0	0	0	0	0	0	0	8	14	1	0	1	0	0	9	0	1	2	0	3	4	0	0	0	3	6	33	0	7	0	0	1	1	1	0	0	0	0	0	0
OTU188	3	5	11	0	0	0	1	0	3	6	0	9	9	8	1	2	0	1	1	0	7	13	2	11	1	1	30	35	262	30	60	0	1	2	28	0	186	110	837	1	57	50	115	25	45	169	6	4	17	85	58	21	3	26	29	28	447	26	34	2	1	0	4	0	1	2	14	4	3	208	395	33	25	11	42	47	169	1632	19	47	58	44	9	50	17	13	4688	308	661	6	4	26	30	45	28	53	20	0	0	0	0	1
OTU1880	0	1	0	0	0	0	0	0	0	0	0	0	0	0	0	0	0	0	0	0	0	2	0	0	0	0	0	0	0	0	0	0	0	0	6	0	7	0	65	0	0	14	10	0	4	0	2	0	0	3	1	0	0	1	0	0	6	0	0	0	0	0	0	0	0	0	0	0	0	0	0	1	4	0	0	19	0	0	1	0	5	2	2	5	0	1	0	16	14	3	0	1	2	0	0	0	4	0	0	0	0	0
OTU1881	0	0	0	0	0	0	2	0	1	0	0	0	1	1	0	0	0	0	1	0	1	0	0	4	0	0	1	4	0	1	2	0	0	0	0	0	0	1	240	0	129	221	97	2	20	36	13	0	11	0	8	7	20	5	4	8	0	4	7	0	0	0	0	0	0	0	0	0	0	21	2	32	1	1	100	0	2	51	1	20	12	81	0	1	1	5	4	46	20	11	1	0	2	8	16	1	2	0	0	0	0	0
OTU1882	0	0	0	0	0	0	0	0	0	0	0	0	0	0	0	0	0	0	0	0	0	0	0	0	0	0	0	0	0	0	0	1	0	0	0	0	0	0	0	0	0	0	0	52	1	30	0	0	0	0	0	0	0	0	0	34	0	3	0	0	0	0	0	0	0	2	0	39	0	0	0	0	0	0	0	0	0	0	0	0	0	0	0	0	0	2	0	0	0	0	0	0	0	0	0	0	0	0	0	0	2	0
OTU1883	0	0	0	0	0	0	0	0	0	0	0	0	0	0	0	0	0	0	0	0	0	0	0	0	0	1	0	0	0	0	0	1	0	0	0	1	0	0	0	0	0	0	0	15	1	0	0	3	0	0	0	2	0	0	5	1	0	0	5	0	0	0	0	0	0	0	0	0	69	0	0	0	0	0	0	0	0	1	0	0	1	0	0	0	0	2	0	0	0	0	0	0	0	0	0	0	18	0	6	0	7	7
OTU1884	0	0	0	0	0	1	0	0	0	0	0	0	0	0	0	0	0	0	0	0	0	0	0	0	1	0	0	0	0	7	0	0	3	0	0	0	1	0	0	0	0	0	3	0	29	13	0	16	1	0	0	2	5	3	14	1	0	24	13	1	2	0	1	0	0	0	0	1	0	1	0	0	0	1	0	0	0	1	2	0	0	38	62	0	18	22	0	3	0	0	0	0	10	9	13	103	15	0	0	0	5	0
OTU1885	0	0	0	0	0	0	1	0	0	0	0	1	0	0	1	0	0	0	2	0	0	0	2	1	0	0	4	7	1	0	3	2	6	0	4	0	3	0	1	2	4	10	2	6	161	27	0	9	0	0	1	3	3	3	9	63	18	38	80	1	1	0	3	7	192	143	333	191	134	1	2	1	15	0	2	0	6	0	69	7	0	29	54	1	7	123	1	1	1	0	8	6	88	51	17	110	79	6	4	3	31	8
OTU1886	0	0	0	0	0	0	0	0	0	0	0	0	0	0	0	0	0	0	0	0	0	0	0	1	0	0	0	0	0	0	0	0	0	0	0	0	0	0	0	0	0	0	0	0	0	0	0	2	0	0	0	0	0	0	0	0	0	1	0	0	0	0	0	2	0	1	0	0	0	0	0	0	0	0	0	0	0	0	0	0	0	0	3	0	0	10	0	0	0	0	0	0	0	0	0	0	2	0	1	0	37	136
OTU1887	0	0	0	0	0	0	0	0	0	0	0	0	0	0	0	0	0	0	0	0	0	0	0	0	0	0	0	0	0	22	0	0	0	0	0	0	0	0	0	0	0	0	0	0	0	0	1	0	0	0	0	0	0	0	0	0	0	1	0	0	1	0	0	0	57	35	74	11	41	0	0	0	0	0	0	0	0	0	0	0	0	2	5	0	1	1	0	0	0	0	0	0	1	2	0	2	1	16	33	5	11	20
OTU1888	0	0	0	0	0	0	0	0	0	0	0	0	0	0	0	0	0	0	0	0	0	0	0	0	0	0	0	0	0	0	0	0	0	0	0	0	0	0	0	0	0	0	0	0	0	0	0	0	0	0	0	0	0	0	0	0	0	0	0	0	0	0	0	0	64	56	0	75	0	0	0	0	0	0	0	0	0	0	0	0	0	0	0	0	0	0	0	0	0	0	0	0	0	0	0	0	0	0	1	0	3	0
OTU1889	0	0	0	0	0	0	0	0	0	0	0	0	0	0	0	0	0	0	0	0	0	0	0	0	0	0	0	0	0	0	0	0	2	0	0	0	0	0	0	0	0	0	0	0	0	0	0	0	0	0	0	0	0	0	0	0	0	0	0	0	0	0	0	0	104	0	53	1	0	0	0	0	0	0	0	0	0	0	0	0	0	0	0	0	0	0	0	0	0	0	0	0	0	0	0	0	0	0	0	0	0	0
OTU189	0	0	0	0	0	0	1	4	0	0	0	0	0	0	0	0	0	0	3	0	2	2	1	1	2	1	0	0	0	0	0	4	6	1	7	1	0	0	0	0	0	0	0	0	0	0	0	0	0	0	0	3	0	0	25	17	48	24	9	1	0	6	0	7	862	475	1716	1159	686	0	0	0	0	0	0	0	0	0	0	0	0	0	0	0	0	0	0	0	0	0	0	2	4	0	0	4	0	6	3	8	88	9
OTU1890	0	0	2	0	0	0	0	0	0	0	0	0	0	0	0	0	0	0	2	0	2	0	0	0	0	0	0	0	0	0	0	0	0	1	0	0	0	0	0	0	6	3	0	0	0	0	0	0	0	0	0	0	0	0	0	0	0	0	1	0	0	0	0	0	35	17	31	10	36	0	0	0	0	0	0	0	0	2	0	0	0	0	0	0	0	0	0	0	1	0	0	0	0	0	0	2	0	46	0	0	4	4
OTU1891	0	0	0	0	0	0	0	0	0	0	0	0	0	0	0	0	0	0	0	0	0	0	0	0	0	0	0	0	0	0	0	0	0	0	0	0	0	0	0	0	0	0	0	0	0	0	0	0	0	0	0	0	0	0	0	4	3	0	0	0	0	0	0	0	1	138	272	83	0	0	0	0	0	0	0	0	0	0	0	0	0	0	0	0	0	0	0	0	0	0	0	0	0	0	0	0	0	3	0	0	0	0
OTU1892	0	0	0	0	0	0	0	0	0	0	0	0	0	0	0	0	0	0	0	0	0	0	0	0	0	0	0	0	0	0	0	0	0	0	0	0	0	0	0	0	0	0	0	0	0	0	0	0	0	0	0	0	0	0	0	0	0	0	0	0	0	0	0	0	0	3	0	0	0	0	0	0	0	0	0	0	0	0	0	0	0	0	0	0	0	0	0	0	0	0	0	0	10	0	0	1	0	157	7	0	9	0
OTU1893	0	0	0	0	0	0	0	0	0	0	0	0	0	0	0	0	0	0	0	0	0	0	0	0	0	0	0	0	0	0	0	0	0	0	0	0	0	0	0	0	0	0	0	0	0	0	0	0	0	0	0	0	0	0	0	0	0	0	0	0	0	0	0	0	0	0	0	0	0	0	0	0	0	0	0	0	0	0	0	0	0	0	0	0	0	0	0	0	0	0	0	0	0	0	0	1	0	0	0	0	114	0
OTU1894	0	0	0	0	0	0	1	0	0	0	0	0	0	0	0	0	0	0	0	0	0	0	0	0	0	0	0	0	0	0	0	0	0	0	0	0	0	0	0	0	0	0	0	0	0	0	0	0	0	0	0	0	0	0	0	0	0	0	0	0	0	0	0	0	0	0	0	0	0	0	0	0	0	0	0	0	0	0	0	0	0	0	0	0	0	0	0	0	0	0	0	0	2	0	0	0	0	118	0	0	0	0
OTU1895	0	0	0	0	0	0	0	1	0	0	0	0	0	0	0	0	0	0	0	0	0	0	0	0	0	3	0	0	0	2	0	0	0	1	0	0	0	0	0	0	0	0	0	0	0	0	0	0	0	0	0	0	0	0	0	0	0	2	0	0	0	0	0	0	2	41	25	42	52	0	0	0	0	14	0	0	0	0	0	0	0	0	0	0	0	0	0	0	0	0	0	0	0	0	0	1	0	0	0	0	0	3
OTU1896	0	0	0	0	0	0	0	0	0	0	0	0	0	0	0	0	0	0	1	0	0	0	0	0	0	2	0	0	0	0	0	0	1	4	0	0	0	0	0	0	0	0	0	0	0	0	0	0	0	0	0	0	0	0	1	4	1	3	3	0	0	0	0	0	34	32	98	69	177	0	0	0	0	0	0	0	0	0	0	0	0	0	0	0	0	0	0	0	0	0	0	0	0	0	0	0	0	0	0	2	6	1
OTU1897	0	0	0	0	0	0	0	0	0	0	0	0	0	0	0	0	0	0	0	0	0	0	0	4	0	0	0	0	1	0	3	0	0	0	1	0	11	0	9	0	0	0	0	0	0	0	1	0	0	0	0	0	0	0	0	0	4	0	1	0	0	0	0	0	0	0	0	0	0	0	16	0	0	0	0	0	71	0	0	0	0	0	0	0	0	0	34	5	8	0	0	0	0	1	0	1	0	0	0	0	0	0
OTU1898	0	1	0	0	0	0	8	3	0	0	0	0	0	0	0	0	0	0	3	0	2	2	1	0	12	3	0	1	2	2	4	1	2	6	10	9	9	4	0	0	6	18	2	7	5	9	9	9	1	3	0	7	1	1	19	9	8	13	6	5	4	2	7	7	107	78	91	89	128	2	2	1	0	1	4	1	5	0	2	0	22	5	8	6	0	0	0	0	5	1	7	0	15	83	16	15	13	172	1814	55	22	339
OTU1899	0	0	0	0	0	0	0	0	1	0	0	4	0	0	0	0	0	0	0	0	0	2	0	0	0	1	0	0	0	0	0	0	0	0	0	0	128	44	1	0	3	0	0	0	2	0	0	0	1	0	0	0	0	1	3	0	0	3	0	0	0	0	0	0	0	0	0	0	0	3	0	0	0	0	0	0	48	0	0	57	0	3	0	0	0	0	0	0	0	0	0	1	0	0	0	0	0	0	0	0	0	0
OTU19	0	24	26	3	3	1	2	6	4	0	36	6	2	0	5	1	0	3	0	0	11	1	0	0	1	0	15	16	9	4	15	4	142	21	38	240	20	10	37	0	2379	14	907	170	6865	1080	105	13739	4	635	1	38	17	177	296	23	55	90	307	15	25	10	18	55	10	1	4	1	3	2	16	30	978	21	18	40	95	337	25	9	66	637	2265	808	1234	3907	13	1646	12	1881	9	32	2766	174	258	70	2630	44	9	2	8	17
OTU190	0	5	2	9	0	0	0	1	1	1	0	5	1	2	0	0	0	0	2	0	1	1	3	0	0	0	109	33	135	67	51	0	3	1	16	1	121	85	109	3	809	224	104	17	73	121	33	64	59	76	20	229	75	33	108	11	304	74	91	1	7	0	0	5	5	123	5	1	5	166	519	110	122	103	62	193	284	20	28	107	19	147	117	57	65	60	498	298	676	74	91	93	203	61	44	40	93	4	0	0	0	3
OTU1900	0	0	0	0	0	0	2	0	0	0	0	0	0	0	0	0	0	0	0	0	0	2	0	0	0	2	0	0	0	0	0	0	0	0	2	0	0	0	0	0	0	0	0	0	0	0	0	0	0	0	0	0	0	0	2	0	0	0	0	0	0	0	0	0	52	25	43	6	0	0	0	0	0	0	0	0	0	0	0	0	0	0	0	0	0	0	0	0	0	0	0	0	0	0	0	0	3	0	11	0	44	90
OTU1901	0	0	0	0	0	0	0	0	0	0	0	1	0	0	3	0	0	0	0	0	0	0	0	0	0	2	145	0	2	0	63	0	4	0	0	0	0	0	0	0	0	0	0	26	0	0	7	1	0	2	0	1	0	0	15	0	0	0	0	0	0	0	0	0	0	0	0	0	0	3	1	0	2	0	0	0	0	0	0	16	1	5	2	0	0	2	0	0	4	26	0	1	0	1	0	81	6	0	0	0	1	0
OTU1902	0	1	0	0	0	2	0	0	0	0	0	0	0	0	0	0	0	0	0	0	0	0	0	0	0	0	0	0	76	0	30	0	0	0	0	0	0	0	1	0	0	0	0	0	2	0	0	10	0	0	11	0	0	2	1	0	0	2	0	0	0	0	0	0	0	0	0	2	0	0	0	18	0	0	0	0	0	0	10	0	0	0	0	1	0	0	3	0	0	3	0	0	0	0	0	0	0	0	0	0	0	0
OTU1903	0	0	0	0	0	0	2	1	0	0	0	0	0	0	2	0	0	0	0	0	0	0	0	0	0	0	17	0	24	13	1	0	1	0	0	0	0	2	0	0	3	2	4	0	3	4	0	0	1	5	6	1	1	1	4	1	53	2	1	3	0	0	0	0	41	0	0	0	63	1	5	1	0	20	0	50	3	2	0	1	18	5	1	5	25	0	0	13	10	2	7	28	1	0	0	5	3	0	0	0	0	2
OTU1904	0	0	0	0	0	0	0	0	0	0	0	0	0	0	0	0	0	0	0	0	0	0	0	0	0	0	0	1	16	0	1	0	0	0	0	0	0	0	2	0	4	0	2	0	0	0	0	5	0	0	0	0	0	0	0	14	0	0	0	0	0	0	0	0	0	0	0	0	28	0	0	0	0	0	0	0	0	0	0	0	1	0	8	0	0	1	0	14	0	0	0	0	3	10	0	8	0	13	0	49	0	9
OTU1905	0	0	1	0	0	2	0	2	0	0	0	0	0	0	1	2	0	1	1	0	0	2	0	0	0	0	8	6	3	14	6	0	0	1	2	2	2	4	19	0	15	11	10	4	7	19	4	21	5	0	1	11	4	10	15	17	5	8	9	1	0	0	1	1	26	22	7	6	23	9	5	1	4	0	8	2	9	2	10	2	10	22	11	4	5	4	4	13	4	1	6	4	3	12	4	13	12	21	36	15	25	16
OTU1906	0	0	0	0	0	0	1	0	0	0	0	0	0	0	0	0	0	0	0	0	0	0	0	0	0	0	0	0	0	0	0	0	0	0	3	0	0	0	0	0	0	0	0	0	0	0	0	0	0	0	0	0	0	0	0	0	0	0	0	0	0	0	0	0	0	0	0	0	0	0	0	0	0	0	0	0	0	0	0	0	0	0	0	0	0	0	0	0	0	0	0	0	1	0	0	0	0	144	0	0	0	0
OTU1907	0	0	0	1	0	0	0	0	0	0	0	0	2	0	0	0	0	0	1	0	1	11	0	1	2	0	0	0	0	4	0	0	0	0	2	0	331	9	13	0	20	22	3	0	3	4	0	0	7	17	4	25	24	11	11	0	7	6	0	0	0	0	0	1	25	0	2	3	0	4	10	22	16	5	15	16	34	14	6	6	6	0	6	1	5	0	112	3	19	16	7	4	1	5	1	2	0	0	0	0	1	0
OTU1908	0	0	0	0	0	0	0	0	0	0	0	1	0	0	0	0	0	0	0	0	0	1	0	3	0	0	1	0	67	0	0	0	0	0	0	0	27	7	81	0	0	3	1	0	0	1	0	0	0	0	1	4	1	3	1	3	59	0	0	0	0	0	0	0	0	0	3	0	0	1	0	1	0	2	0	0	64	56	0	0	0	5	0	4	0	0	0	17	17	0	0	0	0	1	0	0	2	0	0	0	0	0
OTU1909	0	2	0	0	3	0	0	0	1	0	0	2	0	2	1	0	0	0	0	0	0	0	0	0	0	0	1	0	0	1	0	0	0	0	0	0	14	0	0	0	3	2	5	11	3	4	0	3	3	3	0	4	1	0	7	108	106	3	0	0	0	0	0	3	0	1	5	0	0	0	0	3	7	4	0	0	4	0	0	0	0	0	0	0	2	0	6	0	0	2	3	1	18	0	7	10	11	0	0	2	3	0
OTU191	0	0	0	0	1	0	4	2	1	0	2	0	0	0	0	0	0	0	8	1	0	2	5	1	3	5	5	5	0	0	0	1	1	0	3	2	0	2	1	0	2	1	0	0	4	0	2	1	0	0	0	0	0	0	1	0	0	2	44	1	11	0	1	8	7	0	9	4	2794	0	0	0	0	0	0	0	0	0	0	0	0	0	2	0	0	0	2	1	0	0	0	0	3	6	0	3	53	103	516	9	20	3724
OTU1910	0	0	0	0	0	0	0	0	1	0	0	0	0	0	0	0	0	0	0	0	1	0	0	0	0	0	0	4	0	5	0	0	0	0	1	0	0	4	12	0	11	7	25	0	0	0	0	1	9	18	2	22	2	0	1	0	7	1	7	0	0	0	0	0	0	0	3	0	1	13	13	11	1	2	0	16	12	2	10	0	20	3	1	0	0	3	12	23	7	0	1	0	10	2	0	3	2	0	0	0	0	0
OTU1911	0	0	0	0	0	0	0	0	0	0	0	1	0	0	0	0	0	0	0	0	0	0	0	0	0	0	0	0	0	0	0	0	0	0	0	1	0	0	0	0	0	0	1	0	0	0	0	26	3	0	0	0	0	0	3	50	0	25	0	1	0	0	0	0	0	0	0	0	0	0	1	0	0	0	0	0	1	0	0	0	0	25	0	0	0	0	0	0	2	0	0	0	31	0	0	0	2	0	0	0	0	4
OTU1912	0	0	0	0	0	0	0	0	0	0	0	0	0	0	0	0	0	0	0	0	0	0	0	0	0	0	0	0	0	0	0	0	1	0	0	0	0	0	0	0	0	0	0	0	0	0	0	0	0	0	0	0	0	0	1	4	0	0	0	0	0	0	0	0	82	54	0	25	1	0	0	0	0	0	0	0	0	0	0	0	0	0	0	0	0	0	1	0	0	0	0	0	0	0	0	2	0	0	0	0	0	0
OTU1913	0	0	0	0	0	0	0	0	0	0	0	0	0	0	0	0	0	0	0	0	0	0	0	0	0	0	0	0	0	0	0	0	0	0	0	2	0	0	0	0	0	0	0	0	0	0	0	0	0	0	0	0	0	0	0	0	0	0	0	0	0	0	0	0	57	0	0	0	4	0	0	0	0	0	0	0	0	0	0	0	0	0	0	0	0	0	0	0	0	0	0	0	0	1	0	1	0	60	52	0	67	0
OTU1914	0	0	0	0	0	1	0	0	0	0	0	0	0	0	0	0	0	0	0	0	0	0	0	0	1	0	0	0	0	3	0	0	0	0	0	0	0	1	1	0	4	1	2	20	3	0	0	0	3	3	0	1	2	0	3	30	13	1	3	0	0	0	2	0	28	28	1	0	12	2	6	2	1	0	0	0	0	0	0	11	4	0	0	0	1	0	0	0	0	3	0	6	6	0	4	3	1	0	42	13	74	51
OTU1915	0	0	0	0	0	0	0	0	0	0	0	0	0	0	0	0	0	0	0	0	0	0	0	0	0	0	0	0	0	0	0	0	0	0	0	0	0	0	0	0	0	0	0	0	0	0	0	0	0	0	0	0	0	0	0	0	0	2	0	0	0	0	0	0	0	0	0	142	0	0	0	0	0	0	0	0	0	0	0	0	0	0	0	0	0	0	0	0	0	0	0	0	0	0	0	0	0	1	0	0	1	1
OTU1916	0	0	0	0	0	0	0	0	0	0	0	0	0	0	0	0	0	0	0	0	0	0	0	0	0	0	0	0	0	0	0	0	0	0	0	0	0	0	0	0	0	0	0	0	0	0	0	0	0	0	0	0	0	0	0	0	0	0	0	0	0	0	0	0	0	0	0	0	0	0	0	0	0	0	0	0	0	0	0	0	0	0	0	0	0	0	0	0	0	0	0	0	0	2	0	0	0	0	0	123	0	0
OTU1917	0	0	0	0	0	0	0	0	0	0	0	0	0	1	0	0	0	0	0	0	0	0	0	0	0	0	0	0	0	0	0	1	0	0	0	0	0	0	0	0	4	3	0	0	0	0	0	0	0	0	0	4	0	0	0	6	0	0	0	0	0	0	0	0	0	1	0	0	0	0	0	6	0	0	0	0	0	0	0	0	0	0	0	0	0	0	0	0	0	0	0	0	0	0	7	6	0	0	32	48	34	0
OTU1918	0	0	0	0	0	0	0	0	0	0	0	0	0	0	0	0	0	0	0	0	0	0	0	0	0	0	0	0	0	0	0	0	0	0	0	0	0	0	0	0	0	0	0	0	0	0	0	0	0	0	0	0	0	0	0	0	0	0	0	0	0	0	0	0	0	0	0	0	0	0	0	0	0	0	0	0	0	0	0	0	0	0	0	0	0	0	0	0	0	0	0	0	0	0	0	0	0	0	0	216	0	0
OTU1919	0	0	0	0	0	0	0	0	0	0	2	0	0	0	0	0	0	0	2	0	0	0	0	0	0	0	9	5	14	1	4	0	0	0	0	0	0	0	0	0	9	10	3	0	2	2	0	1	0	2	3	1	0	3	4	0	0	0	1	0	0	0	0	0	0	0	0	0	0	3	0	0	0	10	4	0	0	1	3	27	1	0	2	4	4	1	0	0	10	6	1	0	0	0	0	7	0	0	0	0	0	0
OTU192	0	0	0	0	0	0	3	2	0	0	0	0	0	1	0	0	0	0	1	0	4	2	0	0	6	3	14	38	0	8	25	3	2489	4	1	3	1	0	7	0	3	19	10	0	69	10	16	10	14	1	0	17	7	19	16	9	4	8	20	1	9	3	5	3	230	148	95	69	214	0	6	0	5	41	9	15	1	0	65	7	39	12	27	31	28	56	20	12	2	5	15	4	7	49	27	75	10	7	24	177	17	58
OTU1920	0	0	0	0	0	0	0	4	0	0	3	4	0	1	1	0	2	0	0	0	1	0	0	4	0	0	101	25	196	42	66	0	1	0	0	0	21	0	25	0	3	5	11	3	34	0	2	2	1	13	0	5	0	9	3	0	6	5	1	0	0	0	0	0	5	25	17	16	32	0	15	0	4	0	0	31	8	0	16	8	2	3	5	7	20	3	6	6	31	13	3	4	8	5	3	11	17	0	0	0	0	0
OTU1921	0	0	0	0	0	0	0	0	0	0	0	0	0	0	0	0	0	0	0	0	0	0	0	0	0	0	0	106	0	0	0	0	0	0	0	0	1	0	0	0	0	0	1	0	0	0	0	1	0	0	0	0	0	0	0	0	0	0	0	0	0	0	0	0	0	0	0	0	0	0	0	0	0	0	0	0	0	0	9	2	0	0	0	0	0	0	0	0	0	0	0	0	0	0	1	0	0	1	0	0	0	0
OTU1922	0	1	0	0	0	0	1	0	2	0	0	1	0	0	0	0	0	0	0	0	0	0	0	0	1	0	2	3781	3	0	2	0	0	0	0	0	4	2	3	0	7	1	0	2	1	0	0	2	0	1	1	4	0	5	11	8	2	2	7	1	0	0	0	0	0	2	0	0	0	2	5	2	1	1	5	4	7	2	2	2	6	1	7	0	14	1	6	0	3	2	1	4	13	3	2	13	3	0	0	0	0	0
OTU1923	0	0	0	0	0	0	1	7	0	0	0	0	0	0	0	0	0	0	1	0	1	1	0	0	1	1	0	0	6	4	1	0	3	0	0	0	0	0	2	0	23	9	16	0	13	0	4	20	1	9	2	10	0	8	1	6	3	2	2	3	0	0	2	3	95	68	35	0	40	0	5	0	7	0	1	4	0	3	0	0	1	7	4	0	13	4	1	0	0	3	1	0	1	2	20	10	5	4	20	261	55	76
OTU1924	0	0	10	0	0	0	0	0	0	0	0	0	0	0	0	0	0	0	0	0	0	0	0	0	0	0	0	0	0	0	3	0	0	0	0	0	2	0	0	0	18	0	0	0	3	0	0	2	4	0	1	3	0	0	1	2	0	0	0	1	0	0	0	0	3	7	2	4	17	0	3	0	0	0	0	6	0	24	1	0	10	0	23	0	2	0	6	1	16	2	4	0	0	1	0	6	0	0	0	0	0	0
OTU1925	0	0	0	0	0	0	0	0	0	0	0	0	0	0	0	0	0	0	0	0	0	0	0	0	0	0	0	0	1	2	0	3	1	0	0	0	0	0	1	0	0	0	0	10	20	0	0	6	12	0	0	0	4	5	1	0	2	15	11	0	0	0	2	0	0	0	0	0	0	0	1	0	8	8	0	0	0	0	3	0	13	0	1	2	4	6	0	2	0	1	18	1	23	29	11	4	5	0	0	0	0	0
OTU1926	0	0	0	0	0	0	0	0	0	0	0	0	0	0	0	0	0	0	0	0	0	3	0	0	0	0	0	0	0	0	0	0	0	2	0	0	3	0	0	0	0	0	0	0	0	25	0	0	4	0	0	8	0	6	2	0	0	1	0	0	0	0	0	0	0	0	2	0	0	0	1	13	0	18	34	0	0	0	0	5	1	7	0	0	0	1	0	1	0	0	0	0	2	0	0	0	0	3	0	0	0	0
OTU1927	0	0	0	0	0	0	0	0	0	0	0	0	0	0	0	0	0	0	0	0	0	0	0	0	1	0	0	3	0	0	0	0	0	0	2	0	29	0	0	0	0	0	11	0	0	0	0	0	0	0	0	0	0	0	2	0	2	0	2	0	0	0	0	0	0	0	3	0	0	0	3	0	0	0	0	2	61	3	0	2	0	0	0	0	0	1	0	0	19	0	0	0	0	0	1	3	0	0	0	0	1	0
OTU1928	0	0	0	0	0	0	0	0	0	0	0	0	0	0	0	0	0	0	0	0	0	0	0	0	0	0	1	0	0	2	0	0	0	0	0	0	12	0	0	0	0	3	0	0	0	0	0	0	0	0	0	0	0	0	0	0	1	1	2	0	1	0	0	0	0	0	0	0	115	0	1	0	0	0	0	0	0	0	0	0	0	0	0	0	0	0	0	0	0	0	0	0	0	1	0	0	0	0	0	0	0	0
OTU1929	0	0	0	0	0	0	0	0	0	0	0	0	0	0	0	0	0	0	0	0	0	0	0	0	0	0	0	0	0	0	0	0	0	0	1	0	1	2	44	0	19	0	0	0	2	0	1	0	8	0	3	0	1	2	0	5	0	0	0	0	0	0	0	0	0	0	0	0	0	2	0	0	4	0	0	0	30	0	8	10	21	2	0	0	0	3	17	7	0	0	7	3	0	1	0	1	0	0	0	0	0	0
OTU193	0	0	0	0	1	0	0	3	1	0	0	1	0	2	0	0	0	0	2	3	4	2	0	4	5	3	6	17	5	6	2	5	3	1	14	4	4	11	8	0	88	17	57	24	49	17	35	3	0	23	17	5	1	5	9	37	24	268	71	0	2	6	7	8	37	43	179	14	66	4	64	105	4	4	2	31	15	10	0	7	2	3	1	9	3	13	10	5	12	10	28	3	95	59	25	43	82	438	1063	10	374	2117
OTU1930	0	1	0	0	0	0	0	0	0	0	0	0	0	0	0	0	0	0	0	0	0	0	0	0	0	0	1	0	0	0	0	0	0	0	0	0	0	2	0	2	2	0	1	0	1	0	0	0	3	46	36	0	0	32	1	0	0	0	1	0	0	0	0	0	0	0	0	0	0	1	0	0	0	4	1	0	0	0	2	5	1	0	0	1	0	2	2	0	0	3	0	42	1	2	1	2	0	0	7	0	72	5
OTU1931	0	2	0	0	0	0	0	0	0	0	0	0	0	0	0	0	0	0	0	0	0	0	0	0	0	0	0	0	0	0	0	0	0	0	0	0	0	0	0	0	0	0	16	0	0	0	0	0	0	0	0	0	0	0	0	1	0	0	0	0	0	0	0	0	0	0	0	0	0	0	0	0	0	0	0	0	0	1	0	0	0	0	2	0	0	0	0	0	0	0	0	0	12	143	0	4	0	0	2	0	0	0
OTU1932	0	0	0	0	0	0	0	0	0	0	0	0	0	0	0	0	0	0	0	0	1	0	2	0	0	0	0	2	0	3	0	0	0	0	0	0	0	0	0	0	0	0	0	0	0	2	1	0	1	0	0	0	0	4	0	9	0	0	0	0	2	0	0	0	0	0	0	0	0	0	0	0	0	0	0	0	0	0	0	0	0	0	0	3	0	4	0	0	1	0	0	0	0	2	0	0	13	0	67	7	20	29
OTU1933	0	0	0	0	0	0	0	0	0	0	0	0	0	0	0	0	0	0	0	0	0	0	0	0	0	0	0	0	0	0	0	0	0	0	0	0	0	0	0	0	0	0	0	0	0	2	0	1	0	0	0	0	0	5	0	0	1	3	6	0	2	0	0	0	0	0	0	0	0	0	0	1	0	0	0	1	0	0	1	0	0	0	1	0	1	102	0	0	0	0	0	0	15	1	0	2	0	0	0	0	0	0
OTU1934	0	0	0	0	0	0	0	0	0	0	0	0	0	1	0	0	0	0	0	0	0	0	0	0	0	3	0	0	0	0	0	0	0	0	0	0	0	0	0	0	0	0	0	0	0	0	0	0	2	0	0	0	0	0	1	0	0	0	0	0	0	1	3	0	0	0	0	0	0	0	0	0	0	0	0	3	0	0	11	87	22	0	3	6	16	4	0	0	0	0	0	0	0	0	2	0	0	0	0	0	0	0
OTU1935	0	0	0	0	0	0	0	0	0	0	0	0	0	1	0	0	0	0	0	0	0	0	0	0	0	0	0	1	0	0	0	0	0	0	0	0	1	0	0	0	2	0	0	0	0	0	0	4	0	0	0	30	0	71	0	0	3	0	3	0	0	0	2	2	0	0	0	0	0	0	1	0	0	0	0	1	0	0	1	0	0	0	0	0	21	22	0	0	0	0	0	0	1	0	8	4	0	0	0	0	3	0
OTU1936	0	0	0	0	0	0	0	1	0	0	0	0	0	0	0	0	0	0	0	0	0	0	0	0	0	0	0	0	0	0	0	0	0	0	1	0	0	0	0	0	0	0	0	0	0	0	0	0	0	0	0	0	0	0	4	0	1	0	0	0	0	0	0	0	64	15	41	6	13	0	0	0	0	0	0	0	0	0	0	0	0	0	0	0	0	0	0	0	0	0	0	0	0	0	0	0	0	0	0	0	0	0
OTU1937	0	0	0	0	0	0	0	0	0	0	0	0	0	0	0	0	0	0	0	0	0	0	0	2	0	0	0	0	0	0	0	0	0	0	1	0	0	0	0	0	0	0	0	0	0	0	0	0	0	0	0	0	0	0	0	0	0	0	0	0	2	0	136	0	0	0	0	1	0	0	0	0	0	0	0	0	0	1	0	0	0	0	1	0	1	0	1	0	0	0	0	0	0	0	0	0	0	0	0	0	0	0
OTU1938	0	0	0	0	0	0	0	0	0	0	0	0	0	0	0	0	0	0	0	0	0	0	0	0	0	0	0	0	0	0	0	0	0	0	0	0	0	0	0	0	0	0	0	0	0	0	0	0	0	0	0	0	0	0	0	0	8	0	0	0	0	0	0	0	51	0	86	0	0	0	0	0	0	0	0	0	0	0	0	0	0	0	0	0	0	0	0	0	0	0	0	0	0	0	0	0	0	0	1	0	0	0
OTU1939	0	0	0	0	0	0	0	0	0	0	0	0	0	0	0	0	0	0	0	0	0	0	0	1	0	0	0	0	0	0	0	0	0	0	0	0	0	0	0	0	0	0	0	0	0	0	0	0	0	0	0	0	0	0	0	1	0	0	0	0	0	0	0	0	0	82	0	57	5	0	0	0	0	0	0	0	0	0	0	0	0	1	0	0	0	0	0	0	0	0	0	0	0	0	0	0	0	0	0	0	0	0
OTU194	0	3	0	0	0	0	0	6	0	0	1	0	0	0	0	0	0	3	0	0	1376	3	1	1	3	0	1	1	0	0	0	2	1	0	3	6	0	1	0	0	0	1	11	1	0	0	2	1	0	2	0	0	0	3	221	0	0	1	0	1	6	0	0	6	7	6	9	3	9	0	699	0	0	1	0	2	1	3	20	0	0	3	1	0	0	3	2	0	0	0	0	1	0	17	37	18	22	4	931	886	1402	995
OTU1940	0	0	0	0	0	0	0	0	0	0	0	0	0	0	0	0	0	0	0	0	0	0	0	0	0	0	0	0	0	0	0	0	1	0	0	0	0	0	0	0	0	0	0	0	0	0	0	0	0	0	0	0	0	0	0	0	0	0	0	0	0	0	0	0	1	0	0	0	0	0	0	0	0	0	0	0	0	0	0	0	0	0	0	0	0	0	0	0	0	0	0	0	0	1	0	0	1	0	101	0	18	44
OTU1941	0	0	0	0	0	0	0	0	0	0	0	0	0	0	0	0	0	0	0	0	0	0	0	0	0	0	0	0	0	0	0	0	0	0	0	0	0	0	0	0	0	0	0	0	0	0	0	0	0	0	0	0	0	0	0	0	0	0	0	0	0	0	0	0	0	0	0	0	0	0	0	0	0	0	0	0	0	0	0	0	0	0	0	0	0	0	0	0	0	0	0	0	0	0	0	0	0	0	0	114	0	0
OTU1942	0	0	0	0	0	0	0	0	0	0	0	0	0	0	0	0	0	0	0	0	0	0	0	0	0	0	0	0	0	0	0	0	0	0	1	0	0	0	0	0	0	0	0	0	0	0	0	0	0	0	0	0	0	0	0	0	0	0	0	0	0	0	0	0	1	0	0	0	0	0	0	0	0	0	0	0	0	0	0	0	0	0	0	0	0	0	0	0	0	0	0	0	0	0	0	0	3	0	1	0	1	138
OTU1943	0	0	0	1	0	0	0	0	0	0	0	0	0	0	0	0	2	0	0	0	0	1	0	0	1	0	2	1	0	2	0	0	0	0	1	0	128	0	0	0	0	5	0	0	1	0	0	0	0	0	0	5	1	0	3	6	4	2	2	0	0	0	0	0	3	0	0	0	0	0	0	0	0	0	0	2	0	0	5	1	3	2	1	6	7	6	9	2	1	0	2	0	8	12	8	3	4	0	0	1	0	0
OTU1944	0	0	0	0	0	0	2	0	0	0	0	0	0	0	0	0	0	0	0	0	0	0	0	0	0	0	0	0	0	0	0	0	0	0	0	0	3	0	55	0	1	6	2	0	0	0	1	0	0	0	3	0	0	0	1	0	1	0	0	0	0	0	0	0	0	0	0	9	1	1	5	2	0	0	0	0	7	0	1	16	7	1	1	0	0	1	0	70	0	10	0	4	0	0	0	0	0	0	0	0	0	0
OTU1945	0	0	0	0	0	0	0	1	0	0	0	0	0	0	0	0	0	0	0	0	0	0	0	0	2	0	0	0	0	0	0	0	0	0	2	0	0	0	0	0	0	0	0	0	0	0	0	0	0	0	0	0	0	0	0	0	0	0	0	1	0	0	0	0	2	0	0	0	2	0	0	0	0	0	0	0	0	0	0	0	0	0	0	0	0	0	0	0	0	0	0	0	2	0	0	3	0	36	22	23	84	0
OTU1946	0	0	0	0	0	0	0	0	0	0	0	0	0	0	1	0	0	0	0	0	3	0	0	0	0	0	0	0	0	0	0	0	0	0	2	2	0	0	0	0	0	0	0	0	0	0	0	0	0	0	0	0	0	0	0	0	1	0	0	0	0	0	0	0	0	0	0	0	0	0	0	0	0	0	0	0	0	0	0	0	0	0	0	0	0	0	0	0	0	0	0	0	0	1	0	0	0	0	7	3	98	0
OTU1947	0	2	0	0	0	0	0	0	0	0	0	4	0	0	0	0	0	0	0	0	2	0	0	0	0	0	4	0	0	0	0	0	0	0	0	0	0	0	0	1	13	24	29	0	0	0	0	1	12	5	0	0	1	1	1	1	0	0	0	0	0	0	0	0	0	0	0	0	0	3	0	6	0	1	2	0	3	0	2	4	0	0	14	1	0	0	0	0	0	0	65	3	0	0	0	2	0	0	0	0	1	0
OTU1948	0	0	0	0	0	0	0	0	1	0	1	0	0	1	0	0	0	0	0	0	0	0	0	0	0	0	18	37	24	16	10	0	2	0	0	0	22	0	0	0	4	0	0	19	4	17	1	0	8	1	0	0	3	0	5	19	0	0	7	0	0	0	0	2	0	0	0	0	0	4	0	0	0	1	0	10	0	2	0	1	1	22	3	4	0	0	11	0	0	0	0	17	0	16	1	8	1	0	0	0	0	2
OTU1949	0	1	0	0	0	0	0	0	0	0	0	0	0	0	0	0	0	0	0	0	0	0	0	0	0	0	0	15	22	0	0	0	0	0	0	0	1	0	20	0	13	3	1	0	2	11	0	0	6	1	0	13	0	5	4	0	0	2	4	0	0	0	0	0	4	2	12	0	24	0	0	5	1	1	0	0	0	0	2	1	6	0	2	0	3	3	0	9	0	1	7	0	0	1	3	1	0	0	0	0	0	0
OTU195	1	0	0	0	0	0	0	0	1	0	0	2	0	0	0	0	0	0	2	0	0	0	0	1	0	3	608	758	602	68	393	0	14	0	1	3	63	3	12	2	5	18	38	3	10	17	13	150	2	8	0	4	6	2	10	4	18	16	59	2	0	0	0	23	81	61	104	70	24	3	4	13	27	218	3	18	16	9	25	81	46	33	12	4	48	21	22	15	9	3	32	3	45	207	453	80	13	3	2	9	5	1
OTU1950	0	0	0	0	0	0	0	0	0	0	0	0	0	0	0	0	0	0	0	0	0	0	0	0	0	0	0	1	0	0	0	3	0	0	0	0	0	0	0	0	0	0	0	6	3	47	2	0	0	0	0	0	0	0	10	5	0	0	0	0	0	0	0	0	3	0	0	0	0	0	0	0	0	0	0	0	2	0	0	0	0	11	1	2	0	0	0	0	2	0	0	0	9	0	44	4	10	0	0	1	0	0
OTU1951	0	0	0	0	0	0	0	0	0	0	0	0	0	0	0	0	0	0	0	0	0	0	0	0	0	0	0	0	0	0	0	0	0	0	2	0	0	0	0	0	0	0	0	0	1	0	0	0	0	0	0	0	0	0	0	3	5	2	0	2	0	0	0	0	0	114	76	70	38	0	2	0	0	0	0	0	0	0	0	0	0	0	0	0	0	0	0	0	0	0	0	1	0	0	0	0	2	0	2	2	0	0
OTU1952	0	0	0	0	0	0	0	0	0	0	0	0	0	0	0	0	0	0	1	0	2	0	0	0	1	0	1	0	0	0	0	0	0	0	0	0	0	0	0	0	0	0	0	0	0	0	2	0	0	0	0	0	0	0	0	0	3	0	0	0	0	0	0	0	0	0	0	0	0	0	0	0	0	0	0	0	0	0	0	0	0	0	0	0	0	0	0	2	0	0	0	0	3	0	0	0	0	115	1	0	9	5
OTU1953	0	0	0	0	0	0	0	0	0	0	0	0	0	0	0	0	0	0	0	0	0	0	1	0	0	0	0	0	0	0	0	0	0	0	0	0	0	0	0	0	0	0	0	0	0	0	0	0	0	0	0	0	0	0	0	0	0	0	0	0	0	0	0	0	0	0	0	0	0	0	0	0	0	0	0	0	0	0	0	0	0	0	0	0	0	0	0	0	0	0	0	0	0	1	1	0	0	0	29	114	0	0
OTU1954	0	0	0	0	0	0	0	4	0	0	0	0	0	0	0	0	0	0	0	0	0	0	0	0	0	1	0	0	0	0	0	0	0	0	0	0	0	0	0	0	0	0	0	0	0	0	0	1	0	0	0	0	0	0	0	0	2	0	0	0	0	1	0	0	1	18	9	1	2	0	0	0	4	0	0	0	0	0	0	0	0	0	0	0	0	1	0	0	0	0	1	0	1	2	0	1	1	94	24	29	20	48
OTU1955	0	0	0	0	0	0	0	0	0	0	0	0	0	0	0	0	0	0	0	0	0	0	0	0	0	0	0	0	0	0	0	0	0	0	0	0	0	0	0	0	0	0	0	0	0	0	0	0	0	0	0	0	0	0	0	0	0	0	0	0	0	0	0	0	0	0	0	0	0	0	0	0	0	0	0	0	0	0	0	0	0	0	0	0	0	0	0	0	0	0	0	0	0	0	0	0	3	0	0	0	0	121
OTU1956	0	0	0	0	0	1	1	0	0	0	0	0	0	0	0	0	0	0	0	0	0	0	0	0	0	0	9	0	13	0	9	0	1	2	1	2	0	3	10	0	7	4	11	0	7	11	7	7	0	8	8	16	0	0	4	0	1	0	3	0	0	0	0	1	0	1	16	0	101	10	0	0	3	0	0	0	1	0	0	0	10	0	6	0	0	8	3	0	0	0	16	2	0	1	2	0	0	0	0	138	52	38
OTU1957	0	0	0	0	0	0	0	0	0	0	0	0	0	0	0	0	0	0	0	0	0	0	0	0	0	0	0	0	0	0	0	0	0	0	0	0	0	0	0	0	0	0	0	0	1	0	0	0	0	0	0	0	0	0	0	0	0	0	0	0	0	0	0	0	0	0	0	0	0	0	0	0	0	0	0	0	0	0	0	0	0	0	0	0	0	0	0	0	0	0	0	0	0	0	0	2	0	0	0	0	114	0
OTU1958	0	0	1	0	0	0	2	0	0	0	0	0	0	0	0	0	0	0	0	0	0	0	0	0	0	0	7	0	0	7	0	0	0	0	0	0	0	0	0	0	2	16	5	0	1	0	1	0	1	0	0	0	1	17	0	2	3	4	3	0	0	0	0	0	9	0	17	1	0	0	1	3	5	6	2	0	0	0	9	0	0	5	8	1	1	9	0	0	0	1	2	0	7	11	2	0	6	1	0	0	0	4
OTU1959	0	0	0	0	0	0	0	0	0	0	0	0	0	0	0	0	100	0	0	0	0	0	0	0	0	0	0	0	0	0	0	0	0	0	0	0	0	0	0	0	0	0	0	0	0	0	0	0	0	0	0	0	0	0	0	0	0	0	0	0	0	0	0	0	0	0	0	0	0	0	0	0	0	0	0	0	0	0	0	0	0	0	0	0	0	0	0	0	0	0	0	0	0	0	0	0	0	0	0	0	0	0
OTU196	0	6	0	0	0	0	4	9	0	0	1	4	0	3	3	3	0	0	2	0	1	0	0	0	10	0	11	309	5	220	9	2	6	3	8	3	1	12	4	0	124	64	7	54	148	251	134	3	392	6	0	15	4	18	65	353	19	136	223	4	0	3	4	8	6	273	301	110	11	9	97	24	11	20	25	6	27	22	70	6	68	28	7	22	60	56	16	6	7	4	11	45	331	70	798	394	41	299	57	92	14	4
OTU1960	0	0	0	0	0	0	0	0	0	0	0	0	0	0	0	0	0	0	0	0	1	0	0	0	0	0	0	0	0	0	0	0	0	0	1	0	0	0	0	0	0	0	0	0	0	0	0	0	0	0	0	0	0	0	0	0	11	0	0	0	1	0	0	0	15	0	184	14	0	0	0	0	0	0	0	0	0	0	0	0	0	0	0	0	0	0	0	0	0	0	0	0	0	0	0	0	0	0	2	0	2	0
OTU1961	0	0	0	0	0	0	0	0	0	0	0	0	0	0	0	0	0	0	0	0	0	0	0	1	0	0	4	18	45	6	10	0	0	0	2	0	0	0	6	0	1	0	8	0	0	0	0	0	0	0	1	5	0	2	0	1	0	0	1	0	0	0	0	1	0	6	2	0	7	0	1	12	0	1	1	0	1	51	0	6	0	0	4	2	0	1	0	11	27	4	1	0	2	0	53	4	0	2	0	4	0	0
OTU1962	0	0	0	0	0	0	0	0	0	0	0	0	0	0	0	0	0	0	0	0	0	0	0	0	0	0	5	1	9	1	0	0	0	0	0	0	3	3	3	0	1	0	0	2	8	0	4	2	0	0	2	0	0	3	6	0	0	0	12	0	0	0	0	0	3	0	0	0	10	6	3	1	0	0	10	0	1	9	6	0	2	14	3	0	0	0	8	4	2	0	0	3	1	6	10	8	11	0	0	0	0	0
OTU1963	0	0	0	0	0	0	0	0	0	0	0	0	0	0	0	0	0	0	0	0	0	0	0	0	0	0	3	0	0	0	0	0	0	0	1	0	0	11	0	0	7	3	7	7	2	1	2	0	0	4	1	0	0	0	0	19	0	0	8	0	2	0	0	0	0	0	0	0	0	0	0	0	3	7	3	0	2	0	0	0	0	9	3	3	2	0	0	3	0	0	0	14	7	0	0	18	4	0	0	0	0	4
OTU1964	0	0	0	0	0	0	3	0	0	2	0	0	0	0	0	0	0	0	0	0	0	0	1	0	0	0	17	0	0	9	3	0	1	0	0	0	0	0	0	0	0	5	0	0	5	0	1	1	1	0	0	0	0	0	0	0	1	1	3	0	0	0	0	0	2	10	4	3	24	0	0	0	2	2	2	0	0	0	3	0	1	0	4	2	0	5	0	0	0	3	6	3	0	13	11	1	5	0	14	0	10	3
OTU1965	0	0	0	0	0	1	0	0	0	0	0	0	0	0	0	0	0	0	0	0	1	0	0	0	0	0	8	0	2	0	4	0	0	0	0	0	0	0	0	1	46	20	29	0	7	4	1	3	4	3	1	7	0	1	8	0	2	0	4	0	0	0	1	0	35	3	0	12	2	3	0	1	1	4	10	29	0	1	5	0	6	7	6	0	5	0	0	0	0	0	0	0	7	5	7	9	21	154	14	1	14	48
OTU1966	0	0	0	0	0	0	0	0	0	0	0	0	0	0	0	0	0	0	0	0	2	0	0	0	0	0	0	74	2	1	2	0	0	0	0	0	6	0	0	0	0	0	3	2	0	1	5	0	0	0	0	0	0	0	0	0	0	0	0	0	0	0	0	0	1	2	0	0	0	0	0	0	1	0	3	4	0	3	0	1	12	2	0	1	2	0	0	0	0	2	0	3	0	0	0	0	19	0	4	0	0	0
OTU1967	0	0	0	0	0	0	0	0	0	0	0	1	1	0	0	0	0	0	0	0	0	0	0	0	0	0	8	11	7	3	2	4	0	0	0	0	9	0	0	0	11	15	22	18	2	21	1	37	3	4	0	8	10	4	4	8	6	14	4	0	0	0	0	0	10	3	10	20	4	0	13	1	3	7	0	30	4	2	13	10	2	8	1	0	0	2	0	9	0	0	9	0	10	1	26	20	14	0	0	0	2	0
OTU1968	0	0	0	0	0	0	0	0	0	0	0	0	0	0	0	0	0	0	0	0	0	0	0	0	0	0	0	12	13	0	0	0	0	0	0	0	1	18	0	0	33	1	0	0	0	2	0	0	3	0	0	6	0	0	0	0	0	1	0	0	0	0	0	0	0	0	0	0	0	0	0	0	0	0	0	13	0	0	0	3	0	0	1	0	0	0	20	0	15	0	0	0	0	6	0	0	0	1	0	0	0	0
OTU1969	0	0	0	0	0	0	0	0	0	0	0	0	0	0	0	0	0	0	0	0	0	0	0	0	0	0	3	2	0	33	0	0	1	0	0	0	0	0	0	0	0	7	0	4	4	0	0	3	0	0	3	5	2	7	1	5	0	0	3	0	0	0	0	0	0	0	0	0	0	1	2	3	9	0	2	0	1	0	0	0	0	13	5	0	3	4	3	0	0	0	3	11	11	10	7	4	11	0	0	0	1	0
OTU197	0	2	3	0	2	0	16	3	1	1	6	1	1	2	2	0	0	4	20	0	3	7	0	2	30	5	132	194	37	53	120	3	13	0	16	1	221	35	103	2	264	673	127	283	39	28	64	31	518	118	88	81	270	197	322	45	33	73	68	1	0	0	0	1	7	27	5	6	170	22	164	275	179	296	25	114	20	33	683	25	748	43	6	34	30	41	286	83	79	44	251	302	86	171	111	177	189	4	7	2	5	46
OTU1970	0	0	0	0	0	0	0	0	0	0	0	0	0	0	0	0	0	0	0	0	0	0	0	0	0	0	0	0	0	3	0	0	0	0	0	0	0	0	0	0	0	0	0	0	0	0	0	0	0	0	0	0	0	5	0	0	0	0	0	0	0	0	0	0	0	0	0	0	0	0	0	0	0	0	0	0	1	0	10	0	0	30	0	0	0	2	0	0	0	0	0	2	5	5	2	9	6	0	0	0	2	27
OTU1971	0	0	1	0	0	0	0	0	0	0	0	1	0	0	0	0	0	0	0	0	0	0	0	0	0	0	0	1	3	1	0	2	2	0	0	0	0	0	0	0	0	2	0	87	35	18	7	1	0	0	0	1	0	1	17	1	15	0	1	0	0	0	0	0	0	0	0	0	0	0	0	1	0	2	0	0	0	2	0	2	0	0	0	0	0	0	1	0	2	1	0	1	4	0	0	1	26	0	0	0	0	0
OTU1972	0	0	3	0	0	0	0	0	0	0	0	1	0	0	0	0	0	0	0	0	0	0	0	0	2	0	2	1	0	2	1	0	0	0	1	1	3	0	1	1	1	9	10	0	2	0	4	51	0	4	0	3	0	2	2	0	5	0	17	0	0	0	0	0	0	0	0	0	0	0	0	55	1	5	0	0	0	9	3	1	4	2	2	0	1	0	3	0	0	0	0	2	19	32	0	4	13	1	0	0	1	0
OTU1973	0	0	0	2	0	0	0	0	0	0	0	0	0	0	0	0	0	0	0	0	3	0	0	0	0	1	2	6	0	3	5	0	0	0	0	1	0	1	0	0	62	22	7	8	4	6	2	4	9	1	0	4	0	1	14	4	2	8	18	0	2	0	0	0	2	0	3	0	3	0	0	1	0	0	1	0	0	8	3	3	1	18	2	3	1	4	4	24	1	1	1	0	19	2	6	11	15	1	4	0	12	67
OTU1974	0	0	0	0	0	0	0	0	0	0	0	0	0	0	0	0	0	0	0	0	0	0	0	0	0	2	0	0	0	5	0	0	0	0	0	0	0	0	0	0	3	0	0	1	0	0	1	0	0	0	0	1	0	0	2	0	1	0	2	0	0	0	2	0	22	15	3	68	0	0	7	0	1	0	0	0	0	2	5	0	0	2	0	0	0	0	0	1	0	0	0	0	0	0	0	0	0	0	0	0	1	0
OTU1975	0	0	0	0	0	0	0	0	0	0	0	0	0	0	0	0	0	0	0	0	0	0	0	1	0	0	0	5	0	0	0	1	0	0	1	0	0	0	0	0	3	3	0	35	0	18	22	1	0	2	0	0	0	5	29	4	0	5	49	0	0	0	0	0	0	0	0	0	2	0	54	0	3	0	0	0	1	0	0	0	0	3	0	1	0	0	0	1	0	0	4	0	0	0	0	2	0	0	0	0	0	0
OTU1976	0	0	2	0	0	0	0	5	2	1	0	1	0	0	1	0	0	1	2	0	6	3	0	1	1	3	47	96	15	30	21	0	4	0	6	2	59	9	15	0	74	98	88	18	28	11	8	22	62	24	21	29	46	9	20	20	47	32	27	1	0	0	0	3	214	104	96	82	181	5	24	31	11	35	11	50	23	14	28	13	28	16	37	14	8	57	29	11	23	26	52	71	25	29	81	19	68	8	32	7	21	12
OTU1977	0	0	0	0	0	0	2	0	0	0	0	0	0	0	0	0	0	0	0	0	0	0	0	0	4	2	0	0	0	2	0	0	0	1	1	2	0	0	0	0	0	0	0	0	0	0	0	0	2	0	0	0	0	0	13	4	11	0	3	3	1	1	0	1	81	166	329	34	34	0	0	0	11	0	0	0	0	0	1	0	0	0	0	0	1	1	0	0	0	0	0	8	0	4	0	0	1	0	28	1	35	220
OTU1978	0	0	0	0	0	0	0	0	0	0	0	0	0	0	0	0	0	0	0	0	0	0	0	0	0	0	0	0	0	0	0	0	0	0	0	0	0	0	0	0	0	0	0	0	0	0	0	0	0	0	0	0	0	0	0	0	0	0	0	0	0	0	0	0	3	0	1	0	0	0	0	0	0	0	0	0	0	0	0	0	0	0	0	0	0	0	0	0	0	0	0	0	0	0	1	0	0	2	0	109	0	0
OTU1979	0	0	0	0	0	0	0	0	0	0	0	0	0	0	0	0	0	0	0	0	0	0	0	0	0	0	0	0	0	0	0	0	0	0	0	0	0	0	0	0	0	0	0	0	0	0	0	0	0	0	2	0	0	0	1	0	0	1	0	0	0	0	0	0	0	0	0	0	0	0	0	0	0	0	0	0	0	0	0	11	0	0	0	0	0	11	108	53	10	0	0	0	0	0	0	0	0	0	0	0	0	0
OTU198	0	1	1	2	0	0	0	9	0	0	0	1	0	1	0	3	466	0	0	0	2	3	0	3	0	1	5	8	35	26	10	0	0	0	6	2	14	12	121	0	83	9	192	48	88	90	13	117	71	16	6	3816	34	167	45	276	33	55	42	11	0	3	2	7	2	10	105	3	6	52	68	299	371	215	279	23	21	25	24	20	20	357	22	13	30	12	99	74	9	7	121	33	93	63	29	165	26	0	14	0	4	0
OTU1980	0	0	0	0	0	0	0	0	0	0	0	0	0	0	0	0	0	0	0	0	0	0	0	0	0	0	0	0	0	0	0	0	0	0	0	0	0	0	0	0	0	0	0	0	0	0	0	0	0	0	0	0	0	0	0	0	0	0	0	0	0	0	0	0	0	0	0	0	0	0	0	0	0	0	0	0	0	0	0	0	0	0	0	0	0	0	0	0	0	0	0	0	0	0	0	0	0	0	0	120	0	0
OTU1981	0	0	0	0	0	0	0	2	0	0	0	0	0	0	0	0	0	0	0	0	6	0	0	0	0	0	0	0	0	0	0	0	0	0	0	0	0	0	0	0	0	0	0	0	0	0	0	0	0	0	0	0	0	0	0	0	0	0	0	0	0	0	1	0	0	0	0	0	0	0	0	0	0	0	0	0	0	0	0	0	0	0	0	0	0	0	0	0	0	0	0	0	0	0	0	0	0	0	9	70	12	13
OTU1982	0	0	0	0	0	0	0	0	0	0	0	0	0	0	0	0	0	0	0	0	0	0	0	1	0	0	0	0	0	0	0	0	0	0	0	0	0	0	66	0	0	0	0	0	0	0	0	0	0	0	0	0	0	0	1	2	40	0	0	0	0	0	0	0	0	0	1	0	0	0	0	2	0	0	0	0	5	2	0	0	10	0	0	2	2	0	0	0	0	0	0	2	1	0	1	0	0	0	0	0	0	0
OTU1983	0	1	2	0	0	0	0	0	0	0	0	0	0	0	0	0	0	0	0	0	1	0	0	0	2	0	15	8	4	3	61	0	0	0	0	0	11	9	7	0	12	1	9	1	2	1	0	0	0	3	0	28	17	5	3	6	9	2	2	0	0	0	0	0	0	8	2	1	22	9	30	4	40	18	19	4	13	7	7	24	3	4	7	3	1	5	10	9	41	0	3	0	4	5	1	11	8	0	2	0	0	0
OTU1984	0	0	0	0	0	0	0	0	0	0	0	0	0	0	0	0	0	0	0	0	0	0	0	0	0	0	1	0	0	0	1	0	0	0	0	0	7	1	2	0	7	0	0	0	0	0	0	0	0	0	0	0	0	2	1	0	0	0	0	0	0	0	0	0	0	0	0	0	0	4	0	0	0	0	2	20	0	67	4	7	0	1	0	0	0	1	26	13	1	1	2	0	0	0	3	0	0	0	0	0	0	0
OTU1985	0	0	0	0	0	0	0	0	0	0	0	0	0	2	0	0	0	0	0	0	0	0	0	0	0	0	41	10	0	0	28	0	0	0	0	0	5	0	3	0	23	6	0	1	0	0	0	0	1	3	0	8	4	2	1	0	3	0	0	0	0	0	0	0	0	0	0	0	0	1	0	1	0	5	31	23	0	7	3	0	0	3	0	0	3	0	0	0	15	1	0	29	2	0	0	0	0	0	0	0	0	0
OTU1986	0	1	0	1	0	0	0	0	0	0	2	1	0	1	0	0	0	0	0	0	0	0	0	0	0	0	21	0	0	0	3	0	0	0	0	0	1	0	0	0	3	9	0	2	8	0	0	3	5	5	0	11	108	4	0	3	3	1	1	0	0	0	0	0	0	0	0	0	6	0	0	2	18	78	0	2	2	0	3	2	2	1	74	5	7	10	4	4	0	5	52	23	2	12	16	11	1	0	0	0	0	0
OTU1987	0	0	0	0	0	0	0	0	0	0	0	0	0	0	0	0	0	0	0	1	2	0	0	0	1	0	20	10	0	37	3	0	2	0	0	2	0	0	7	0	4	1	0	0	8	9	0	54	0	0	0	2	0	2	2	6	1	6	6	0	3	0	0	0	40	20	17	8	10	0	0	3	7	0	3	3	3	1	0	0	0	9	14	30	0	4	0	9	0	1	2	0	9	3	26	45	8	2	36	21	66	26
OTU1988	0	0	0	1	0	0	0	0	0	0	0	0	0	0	0	0	0	0	0	0	0	0	0	0	0	0	2	0	0	0	0	0	0	0	0	0	2	0	11	0	5	0	2	33	0	8	0	7	0	2	0	3	0	0	4	4	11	19	1	0	0	0	0	0	0	0	0	0	0	0	0	0	0	0	7	0	0	1	0	0	14	2	1	23	1	0	0	0	4	0	3	3	0	24	14	5	2	0	4	0	0	0
OTU1989	0	0	0	0	2	0	0	1	0	0	0	0	0	2	0	0	0	0	0	0	0	1	0	0	0	0	4	3	2	0	7	0	0	0	0	0	10	12	39	0	19	4	33	0	0	16	0	0	6	15	2	1	22	4	4	1	7	4	1	0	0	0	0	0	0	1	1	0	5	24	30	5	8	9	4	12	16	15	5	8	1	6	2	2	0	3	44	14	50	1	2	6	1	1	2	0	3	0	0	0	0	0
OTU199	0	0	0	0	0	0	0	1	0	0	0	0	0	0	0	0	0	0	13	1	1	2	0	4	4	2	0	0	0	1	0	6	3	4	7	4	0	0	0	0	0	0	0	0	0	0	0	0	0	0	0	0	1	0	2	10	33	2	7	3	3	4	8	5	403	413	2218	624	376	0	0	0	0	0	0	0	0	0	0	0	0	0	0	0	0	0	0	0	0	0	0	0	1	0	0	0	0	12	6	10	11	6
OTU1990	0	0	0	0	0	0	0	0	0	0	0	0	0	0	0	0	2	0	1	0	0	0	0	1	1	0	4	16	0	0	2	0	1	0	1	1	0	0	10	0	0	4	0	4	17	0	0	9	0	0	10	3	0	1	1	0	2	4	2	1	0	0	0	0	10	9	64	0	0	17	35	10	0	7	3	4	3	1	9	0	1	0	1	3	0	6	18	4	29	21	7	2	1	3	32	2	2	0	1	2	38	0
OTU1991	0	0	0	0	0	0	0	0	0	0	0	0	0	1	0	0	0	0	0	0	0	1	0	0	0	0	9	35	20	23	5	9	0	0	0	0	3	1	0	0	1	0	0	22	5	10	11	11	0	0	0	21	0	0	17	14	77	7	23	6	1	0	1	0	33	5	12	23	23	3	0	4	6	2	14	0	1	0	0	10	0	27	10	0	0	17	1	1	3	2	0	2	23	13	4	11	43	0	17	2	0	4
OTU1992	0	1	4	0	0	0	0	7	5	0	0	2	0	3	0	0	0	0	3	0	2	4	0	0	5	1	68	131	112	57	60	0	4	1	4	0	38	12	111	1	118	22	68	24	52	70	17	6	19	37	13	45	35	6	9	24	336	18	20	0	0	0	0	0	3	30	95	73	41	24	86	23	16	16	40	70	57	99	15	44	51	35	32	39	57	21	44	57	16	30	37	33	16	21	14	94	43	3	0	0	4	3
OTU1993	0	0	0	0	0	0	0	0	0	0	0	0	0	0	0	0	0	0	0	0	0	0	0	0	0	0	0	0	4	1	0	0	2	0	0	0	0	0	3	0	12	0	0	18	35	10	0	1	0	0	0	1	0	0	12	2	1	2	23	0	0	0	0	0	1	0	0	0	3	0	0	0	0	2	5	0	0	0	1	0	4	3	0	0	0	1	0	0	0	0	0	0	11	0	2	13	11	1	0	0	0	0
OTU1994	0	1	0	0	0	0	0	0	0	0	0	0	0	0	0	0	0	0	0	0	1	0	0	0	1	0	5	1	0	35	1	2	1	1	0	0	0	2	5	0	1	2	0	8	23	30	1	1	32	0	0	11	8	4	15	35	3	12	2	0	0	0	0	0	0	6	14	3	9	7	0	2	11	0	2	5	1	0	4	0	2	11	2	4	0	3	2	3	2	0	13	28	8	2	23	40	30	0	0	2	15	0
OTU1995	0	0	0	0	0	0	0	0	0	0	0	0	0	0	0	0	0	4	0	0	0	0	0	0	0	0	0	0	0	0	10	0	1	0	0	0	0	0	0	0	2	0	0	16	3	0	0	0	0	1	0	0	0	1	11	0	7	1	0	0	0	0	0	0	0	0	33	45	0	0	0	0	0	0	0	0	0	0	0	0	0	12	3	6	2	0	0	0	0	0	2	1	0	0	0	3	0	0	0	0	0	0
OTU1996	0	0	0	0	0	0	0	0	0	0	0	0	0	1	0	0	0	0	0	0	0	0	0	0	0	0	0	1	0	0	5	0	0	0	0	0	0	0	0	0	15	10	2	1	0	0	2	0	0	0	0	5	8	0	0	0	0	0	0	0	0	0	0	1	0	4	0	0	0	0	0	1	1	2	0	2	2	0	9	0	0	0	0	0	4	0	0	4	0	7	11	2	0	0	3	1	0	0	2	0	16	6
OTU1997	0	0	0	0	0	0	0	0	0	0	0	0	0	0	0	0	1	0	0	0	0	0	0	0	0	0	0	0	0	0	1	0	0	0	0	0	0	0	0	0	1	0	0	45	13	0	23	0	0	0	0	0	0	0	4	21	0	0	0	0	0	0	0	0	0	0	0	0	0	0	0	0	0	0	0	0	0	2	0	0	0	0	1	3	0	0	0	0	0	0	0	0	0	0	0	1	0	0	0	0	0	0
OTU1998	0	3	0	0	0	0	0	0	5	0	0	0	0	0	0	0	0	0	0	0	0	0	0	0	0	0	0	1	0	5	0	0	5	0	1	0	0	0	0	0	0	0	0	0	139	0	0	0	0	0	0	0	0	0	0	1	2	0	9	0	0	0	0	0	0	0	0	0	0	0	0	0	0	0	0	0	0	0	0	0	0	0	0	0	2	0	0	0	0	0	0	0	0	0	12	0	1	0	0	0	0	0
OTU1999	0	0	0	0	0	0	0	0	0	0	0	0	0	0	0	0	0	0	0	0	0	0	0	0	0	0	0	0	1	0	0	0	6	0	0	0	0	0	1	0	0	0	0	0	136	0	0	0	0	0	0	1	0	0	1	0	0	1	2	0	0	0	0	0	0	0	0	0	0	0	0	0	0	0	0	0	2	0	0	0	0	0	0	4	0	0	0	0	4	0	0	0	15	11	0	0	0	0	0	0	0	0
OTU2	17	38	31	10	13	12	661	387	29	629	62	34	0	16	43	26	27	5	20	0	5	14	8	138	441	1352	136	173	95	1080	90	17	24	26	34	217	163	93	5845	5	298	260	144	219	463	883	153	9008	223	244	29	173	204	478	586	602	295	458	436	39	27	481	639	525	73	39	107	22	55	228	316	248	185	314	206	15647	1005	132	17197	57735	26277	703	871	20561	26246	17646	159	233	225	168	174	335	435	284	457	486	341	59	11	24	38	7
OTU20	4	44	32	2	10	16	130	213	10	441	232	25	9	664	14	8	19	8	92	18	122	95	78	105	195	86	2437	4280	636	2968	2501	117	314	179	313	108	1176	1302	1808	20	2489	1096	1829	2146	2958	4139	946	1748	1788	670	376	10263	7525	741	4296	3653	3838	2404	3163	85	155	83	108	232	14173	7492	7211	20209	7097	926	1459	1298	2129	2301	1842	1836	1770	1822	2406	1017	1950	1010	3682	1699	1465	1794	2046	1150	1359	702	1769	2869	2093	2658	6310	5150	2927	2074	1423	3589	3899	2537
OTU200	0	4	1	0	1	2	0	2	0	4	7	3	0	2	2	0	1	4	2	0	1	2	0	4	0	1	16	35	229	69	108	0	0	1	6	1	128	129	195	1	677	107	95	33	5	178	46	21	22	44	28	49	53	53	38	45	301	42	56	0	0	0	0	0	0	22	29	55	71	199	571	199	81	60	162	86	251	207	47	172	65	72	20	19	18	98	105	287	554	60	50	40	57	42	22	38	41	2	1	2	1	2
OTU2000	0	0	0	0	0	0	0	0	0	0	0	0	0	0	0	0	0	0	0	0	0	0	0	0	0	0	0	0	0	0	2	0	0	5	0	0	0	0	0	0	0	1	0	0	0	166	0	0	0	0	0	0	0	0	2	0	0	0	0	0	0	0	0	0	0	0	0	0	0	0	1	0	2	0	0	1	4	4	0	0	0	0	0	0	0	0	0	0	1	0	0	0	0	0	0	0	1	0	0	0	0	0
OTU2001	0	0	0	1	0	0	0	0	0	0	0	0	0	0	0	0	0	0	2	0	0	0	0	0	2	0	1	0	0	0	0	0	0	2	0	0	0	0	0	0	10	9	7	0	1	50	0	1	0	2	0	0	0	0	1	8	4	0	1	0	0	1	0	0	0	0	0	0	0	0	1	0	0	0	1	14	5	2	0	0	0	0	0	0	0	1	0	4	0	0	0	0	1	3	0	1	0	0	0	0	0	0
OTU2002	0	0	0	0	0	0	0	0	0	0	0	0	0	0	0	0	0	0	0	0	0	2	0	0	0	0	0	2	0	0	0	0	0	0	2	4	8	0	13	0	0	0	0	1	0	0	0	52	0	5	0	0	3	0	0	0	1	9	1	0	0	0	0	0	0	21	76	0	0	0	0	9	3	0	0	0	1	7	4	13	0	0	0	0	8	33	46	17	23	3	2	0	0	0	2	3	0	0	2	0	6	0
OTU2003	0	0	0	0	0	0	0	2	0	0	0	0	0	0	0	0	0	0	0	2	0	0	0	0	0	0	0	0	0	0	0	0	1	0	0	1	0	0	0	0	0	0	0	0	0	0	0	0	2	0	0	0	0	0	1	0	0	0	0	0	0	0	0	0	0	1	2	0	0	0	0	0	0	0	0	0	0	0	0	0	0	0	0	0	0	0	0	0	0	0	0	0	0	1	0	3	5	0	23	27	87	175
OTU2004	0	3	0	0	0	0	0	0	0	0	0	0	0	0	0	0	0	0	0	0	0	0	0	0	0	0	1	0	0	0	0	0	2	0	0	0	1	0	1	0	0	0	0	0	0	0	0	0	0	0	0	0	0	0	1	3	0	0	2	0	3	0	0	2	0	0	0	0	0	0	1	0	0	0	0	0	0	2	0	0	0	0	3	0	28	115	2	0	1	0	0	0	1	0	0	1	0	0	0	0	0	0
OTU2005	0	1	0	0	0	0	0	1	0	0	0	0	0	4	0	0	0	0	0	0	0	0	0	0	0	0	0	0	0	0	0	0	0	0	3	0	14	11	0	0	3	12	0	0	0	1	0	0	0	0	5	0	0	1	7	0	0	1	1	2	0	0	0	0	0	0	0	1	2	0	0	84	0	0	0	1	0	55	0	0	0	24	3	0	2	0	40	0	3	0	0	1	0	3	1	1	6	0	0	0	0	0
OTU2006	0	0	0	0	0	0	0	0	0	0	0	0	0	0	0	0	0	0	1	0	0	0	0	0	0	0	8	0	0	0	8	0	0	0	0	1	0	1	4	0	6	36	70	0	0	12	16	17	23	6	3	22	0	28	0	8	0	0	3	0	0	0	0	1	0	0	0	0	0	0	1	17	2	4	0	9	0	1	0	5	31	19	5	1	0	11	0	13	2	2	0	0	0	6	13	14	45	0	0	0	0	34
OTU2007	0	0	0	0	0	0	0	0	0	0	0	0	0	0	0	0	0	0	0	0	0	0	0	0	0	0	0	2	0	0	1	3	0	0	0	0	0	0	0	0	0	0	0	159	32	0	0	1	0	0	0	0	0	0	0	0	0	0	0	0	0	0	0	0	0	0	0	0	0	0	0	0	1	0	0	0	0	0	0	0	0	1	1	0	2	1	0	0	0	1	0	0	0	0	0	1	0	0	0	0	1	0
OTU2008	0	0	0	0	0	0	0	0	0	0	0	0	0	0	0	0	0	0	2	0	0	0	0	0	0	0	2	1	0	0	0	0	0	0	0	0	0	0	0	0	0	3	1	6	0	0	0	0	21	0	0	0	0	0	3	0	0	0	5	1	0	0	0	0	11	1	35	5	39	3	0	1	3	2	2	3	0	0	2	0	0	1	1	0	0	8	0	0	0	0	1	0	0	0	0	6	1	0	0	0	0	0
OTU2009	0	0	0	0	0	0	0	0	0	0	0	0	0	0	0	0	0	0	0	0	0	0	0	0	1	0	0	0	0	0	0	0	0	0	0	0	0	0	0	0	0	0	0	0	0	0	0	9	0	23	0	0	0	0	1	0	0	0	0	0	0	0	0	0	46	0	0	0	0	0	0	0	0	0	0	0	0	1	14	0	4	0	0	0	7	0	0	0	0	18	8	1	0	0	0	0	2	0	0	0	0	0
OTU201	0	0	0	0	0	0	9	5	0	0	0	0	0	0	0	0	0	0	5	0	2	1	0	3	7	1	0	0	0	0	0	0	2	1	4	0	0	0	0	0	0	0	0	0	0	0	0	0	0	0	0	0	0	0	0	0	0	0	0	6	1	2	6	12	8	13	13	3	5	0	0	0	0	0	0	0	0	0	0	0	0	0	2	0	0	0	0	0	0	0	0	0	2	84	0	26	0	5	4042	9	1334	5
OTU2010	0	0	0	0	0	0	0	4	0	0	0	0	0	0	0	0	0	0	4	0	0	0	1	3	0	0	0	0	0	0	0	0	0	0	0	0	0	1	0	0	0	4	0	0	0	0	0	0	0	1	0	1	0	0	0	0	3	0	0	0	5	0	0	0	0	0	0	0	0	0	0	0	0	1	1	0	0	0	2	0	1	0	2	0	0	0	98	0	0	0	1	0	0	1	2	5	0	0	0	0	3	0
OTU2011	0	0	0	0	0	0	0	0	2	0	0	0	0	0	0	0	0	0	0	0	0	0	0	0	0	0	0	0	0	0	0	0	1	0	0	2	0	0	0	0	0	0	0	0	0	0	0	0	8	0	0	6	0	11	0	0	1	1	1	0	0	0	0	0	0	0	0	0	0	0	0	0	5	0	0	0	2	2	0	0	0	0	8	0	1	0	0	0	0	1	0	15	51	27	13	7	58	8	10	41	25	54
OTU2012	0	0	0	0	0	0	0	0	0	0	0	0	0	0	0	0	0	0	0	0	0	0	0	0	0	0	0	1	0	0	0	0	0	0	0	0	0	4	0	0	0	0	0	0	0	0	0	2	0	0	0	0	0	0	0	1	2	0	0	0	0	0	0	0	0	0	0	0	0	6	6	0	0	6	179	0	29	7	0	0	2	0	0	0	0	1	23	21	2	0	0	0	0	0	3	0	0	0	0	0	0	0
OTU2013	0	0	0	0	0	0	0	0	0	0	0	0	0	0	0	0	0	0	0	0	0	0	0	0	0	0	0	0	0	0	0	0	0	0	0	0	0	0	0	0	0	0	0	0	0	0	0	0	0	0	0	0	0	0	0	0	0	3	0	0	0	0	0	0	0	0	0	0	0	0	0	0	0	0	0	0	0	0	0	0	0	0	3	0	0	3	0	0	0	0	0	0	0	0	0	0	0	121	0	0	0	0
OTU2014	0	0	0	0	0	0	0	0	0	0	0	0	0	0	0	0	0	0	0	0	0	0	0	0	0	0	0	0	0	0	0	0	0	0	0	0	0	0	0	0	0	0	0	0	0	0	0	0	0	0	0	0	0	0	0	0	0	0	0	0	0	0	0	0	0	0	0	0	0	0	0	0	0	0	0	0	0	0	0	0	0	0	0	0	0	0	0	0	0	0	0	0	0	0	0	0	0	0	0	131	0	0
OTU2015	0	0	0	0	0	0	0	0	0	0	0	0	0	0	0	0	0	0	0	0	0	0	0	0	0	0	0	0	0	0	0	0	0	0	0	0	0	0	0	0	0	0	0	0	0	0	0	0	0	0	0	0	0	0	0	0	0	0	0	0	0	0	0	0	0	0	0	0	0	0	0	0	0	0	0	0	0	0	0	0	0	0	0	0	0	0	0	0	0	0	0	0	0	0	0	0	0	0	0	89	0	0
OTU2016	0	0	0	0	0	0	0	0	0	0	0	0	0	0	0	0	0	0	0	0	0	0	0	0	0	0	0	0	0	0	0	0	0	0	0	0	0	0	0	0	0	0	0	0	0	0	0	0	0	0	0	0	0	0	0	0	0	0	0	0	0	0	0	0	0	0	0	0	0	0	0	0	0	0	0	0	0	0	0	0	0	0	0	0	0	0	0	0	0	0	0	0	0	0	0	0	0	0	0	132	0	0
OTU2017	0	0	0	0	0	0	0	0	0	0	0	0	0	0	0	0	0	0	0	0	0	0	0	0	0	0	0	0	0	0	0	0	0	0	0	0	0	0	0	0	0	0	0	0	0	0	0	0	0	0	0	0	0	0	0	0	0	0	0	0	0	0	0	0	0	0	0	0	0	0	0	0	0	0	0	0	0	0	0	0	0	0	0	0	0	0	0	0	0	0	0	0	0	0	0	0	0	0	0	121	0	0
OTU2018	0	0	0	0	0	0	0	0	0	0	0	2	0	0	0	102	0	0	0	0	0	0	0	0	0	0	0	0	0	0	0	0	0	0	0	0	0	0	0	0	0	0	0	0	0	0	0	0	0	0	0	0	0	0	0	0	0	0	0	0	0	0	0	0	0	0	0	0	0	0	0	0	0	0	1	0	0	0	0	0	0	0	0	0	0	0	0	0	1	0	0	0	1	0	0	0	0	0	0	0	0	0
OTU2019	0	0	0	0	0	0	0	0	0	0	0	0	0	0	0	0	1	0	0	0	0	0	0	0	0	0	0	2	0	0	0	0	2	0	0	0	1	0	0	0	0	1	1	0	4	2	0	0	0	0	0	3	1	3	0	100	2	0	1	1	0	0	0	0	0	2	0	0	0	1	0	0	0	1	0	0	1	1	0	1	0	74	0	0	0	0	0	0	2	0	0	0	0	2	0	0	18	0	0	0	0	0
OTU202	0	12	4	0	1	2	7	14	6	0	8	8	1	6	0	0	1	0	8	0	19	21	4	15	2	8	138	255	453	158	183	4	28	19	39	16	240	104	409	1	218	87	297	332	495	277	232	432	124	154	20	191	129	103	253	186	411	186	218	13	8	10	8	14	120	144	279	214	64	146	105	130	143	142	59	194	142	861	107	68	124	187	213	264	247	272	374	276	302	295	145	316	386	298	510	699	431	413	199	813	541	449
OTU2020	0	0	0	0	0	0	0	0	0	0	0	0	0	0	0	0	0	0	2	0	1	0	0	0	1	0	0	0	0	0	0	0	0	0	4	0	0	0	0	0	0	0	0	0	0	0	0	0	0	0	0	0	0	0	1	3	0	1	0	0	0	0	0	0	15	40	15	16	21	0	0	0	0	0	0	0	0	0	0	0	0	0	0	0	0	0	0	0	0	0	0	0	0	0	0	1	1	0	12	0	71	45
OTU2021	0	0	0	0	0	0	0	0	0	0	0	0	0	0	0	0	0	0	0	0	0	0	0	0	1	0	0	0	0	0	0	0	0	0	0	0	0	0	0	0	0	0	0	0	0	0	0	0	0	0	0	0	0	0	3	0	0	0	0	0	0	0	0	0	59	15	20	0	12	0	0	0	0	0	0	0	0	0	0	0	0	0	0	0	0	0	0	0	0	0	0	0	0	0	0	0	0	0	29	0	1	1
OTU2022	0	1	0	0	0	0	0	0	0	0	0	0	0	0	0	0	0	0	0	0	0	0	0	0	0	0	2	0	0	0	0	0	0	0	0	0	0	0	0	0	0	2	0	1	9	1	0	0	0	2	0	0	0	0	4	1	0	6	0	0	0	3	0	0	9	36	28	3	0	0	0	0	1	0	6	0	0	0	0	1	0	0	10	7	0	0	0	10	0	15	0	0	0	0	1	0	0	1	0	0	0	0
OTU2023	0	0	1	0	0	0	0	0	0	0	0	0	0	0	0	0	0	0	0	0	0	0	0	0	3	0	4	6	4	7	5	0	0	0	0	0	4	0	0	0	3	3	4	0	3	2	5	1	9	0	0	4	0	6	4	4	1	1	4	0	1	0	0	0	0	9	5	7	0	0	0	1	0	8	1	2	30	2	1	0	3	0	0	0	0	0	1	1	0	3	0	5	5	2	3	2	9	0	0	0	0	0
OTU2024	0	0	0	0	0	0	1	0	0	0	0	0	0	0	0	0	0	0	0	0	0	0	0	0	0	0	2	8	0	13	0	1	0	0	0	0	0	0	0	0	1	0	0	39	9	8	0	0	0	0	0	0	0	1	22	3	25	4	25	0	0	0	0	0	0	0	33	1	0	2	6	4	0	2	0	0	0	0	2	0	1	0	4	0	2	5	0	0	1	0	0	0	10	3	4	0	25	0	0	0	0	0
OTU2025	0	0	0	0	0	0	0	0	0	0	0	0	0	0	0	0	0	0	0	0	0	0	0	0	0	0	0	0	0	12	4	0	0	0	0	0	0	1	0	0	1	0	0	1	1	0	7	7	11	0	1	6	5	4	0	1	1	6	10	0	0	0	0	0	0	0	0	0	1	0	1	0	0	7	0	0	1	1	5	0	1	0	5	0	16	5	2	0	0	1	66	3	5	10	2	1	3	6	0	7	8	0
OTU2026	0	0	0	0	0	0	0	0	0	0	0	0	0	0	0	0	0	0	0	0	0	0	0	0	0	0	0	0	0	0	18	0	0	1	0	0	9	4	14	0	4	0	0	1	0	26	0	0	0	0	0	1	0	0	0	3	28	0	0	0	0	0	0	2	0	0	0	0	0	0	0	0	0	0	0	0	6	44	0	0	0	0	2	0	1	0	13	0	4	0	0	4	0	1	0	1	0	0	0	0	0	0
OTU2027	0	0	0	0	0	0	0	0	0	0	0	0	0	0	0	0	0	0	0	0	0	0	0	0	0	0	0	0	0	0	0	0	2	0	0	0	0	0	1	0	13	0	0	13	67	14	7	0	0	0	0	0	0	0	2	17	0	0	4	0	0	0	0	0	0	0	0	0	0	0	0	1	0	0	1	0	1	0	0	0	1	0	0	0	0	6	0	0	1	0	0	0	0	1	0	1	3	0	0	0	0	0
OTU2028	0	0	0	0	0	0	0	0	0	0	0	0	0	0	0	0	0	0	0	0	0	0	0	0	0	0	0	0	0	2	0	0	0	3	0	0	4	1	0	0	0	0	0	50	54	67	0	0	0	0	1	0	0	1	4	0	28	0	2	0	0	0	0	0	0	0	0	0	0	2	13	5	0	0	1	0	0	0	1	0	0	1	0	0	0	0	1	1	0	0	0	0	6	0	1	6	35	0	0	0	0	0
OTU2029	0	0	3	0	0	0	0	0	0	0	0	0	0	0	0	0	0	0	0	0	0	0	0	0	0	0	0	0	0	3	0	0	0	0	0	0	0	0	0	0	53	21	14	0	0	0	0	0	19	5	0	0	0	16	2	0	0	0	0	0	0	0	0	0	0	0	0	0	0	0	10	0	0	5	2	3	0	3	7	0	0	0	0	3	0	0	0	0	2	7	1	7	0	12	0	0	0	0	0	0	0	0
OTU203	0	2	1	9	0	0	0	0	0	0	2	11	2	0	1	0	0	3	0	0	2	51	0	0	2	1	5	6	1	1	4	0	0	1	1	1	3739	275	48	2	58	18	160	5	1	34	5	16	9	15	1	34	4	11	5	3	105	5	5	0	0	0	0	0	0	0	2	0	0	12	64	39	1	4	3	103	41	115	50	114	23	15	2	10	0	20	8	118	38	0	2	2	5	3	3	10	3	0	0	1	1	0
OTU2030	0	0	0	0	0	0	0	0	0	0	0	0	0	0	0	0	0	0	0	0	0	0	0	0	0	0	0	0	0	0	1	0	0	0	0	0	0	0	0	0	0	0	0	0	0	0	0	1	7	0	0	5	0	3	45	0	2	3	5	0	0	0	0	0	0	0	0	0	0	0	0	0	4	2	0	1	0	0	2	0	1	0	2	7	1	37	0	0	0	0	0	0	1	0	4	8	1	0	0	0	0	0
OTU2031	0	0	0	0	0	0	0	0	0	0	0	0	0	0	0	0	0	0	0	0	0	0	0	0	0	0	0	0	0	0	0	0	0	0	0	0	0	0	0	0	0	0	0	0	0	0	0	0	0	0	0	0	0	0	1	2	0	2	0	3	0	0	0	0	55	17	0	31	16	0	0	0	0	0	0	0	0	0	0	0	0	0	0	0	0	0	0	0	0	0	0	0	0	0	0	0	0	0	0	0	1	0
OTU2032	0	0	0	0	0	0	0	2	0	0	0	0	0	0	0	0	0	0	1	0	0	0	0	0	0	0	0	0	0	0	0	0	0	0	0	0	0	0	0	0	0	0	0	0	0	0	0	0	0	0	0	0	0	0	0	0	2	0	0	0	0	0	0	0	0	0	79	0	0	0	0	0	0	0	0	0	0	0	0	0	0	0	0	0	0	0	0	0	0	0	0	0	0	0	0	0	0	0	0	0	0	45
OTU2033	0	0	0	0	0	0	0	0	0	0	0	0	0	0	0	0	0	0	0	1	0	0	0	0	0	0	0	0	0	0	0	0	0	0	0	0	0	0	0	0	0	0	0	0	0	0	0	0	0	0	0	0	0	0	0	0	0	0	0	0	0	0	0	0	0	0	0	0	0	0	0	0	0	0	0	0	0	0	0	0	0	0	0	0	0	0	0	0	0	0	0	0	0	0	1	0	0	0	0	86	0	17
OTU2034	0	0	0	0	0	0	0	0	0	0	0	0	0	0	0	0	0	0	1	0	0	0	0	0	0	0	0	1	0	0	0	0	0	0	0	0	0	0	0	0	0	0	0	0	0	0	0	0	0	0	0	0	0	0	0	0	0	0	0	0	0	0	0	0	0	0	0	0	0	0	0	0	0	0	0	0	0	0	0	0	0	0	0	0	0	0	0	0	0	0	0	0	1	0	0	0	0	249	0	0	1	0
OTU2035	0	0	0	0	0	0	0	0	0	0	0	0	0	0	0	0	0	0	0	0	0	0	0	0	0	0	0	0	0	0	0	0	0	0	0	0	0	0	0	0	0	0	0	0	0	0	0	0	0	0	0	0	0	0	0	0	0	0	0	0	0	0	0	0	0	0	0	0	0	0	0	0	0	0	0	0	0	0	0	0	0	0	0	0	0	0	0	0	0	0	0	0	0	0	0	0	0	0	0	92	0	0
OTU2036	0	0	0	0	0	0	0	0	0	0	0	0	0	0	0	0	0	0	0	0	0	0	0	0	0	0	0	0	0	0	0	0	0	0	0	0	0	0	0	0	0	0	0	0	0	0	0	0	0	0	0	0	0	0	0	0	0	0	0	0	0	0	0	0	0	0	0	0	0	0	0	0	0	0	0	0	0	0	0	0	0	0	0	0	0	0	0	0	0	0	0	0	0	0	0	0	0	0	0	119	0	0
OTU2037	0	1	0	0	0	0	4	0	0	3	0	0	0	0	0	0	0	0	0	0	0	0	0	0	1	2	7	0	6	6	10	0	0	0	4	0	5	1	6	0	48	2	3	4	10	3	0	4	2	0	0	0	0	1	7	0	18	1	5	0	0	0	0	0	0	0	2	23	55	0	18	0	5	2	1	3	4	6	0	2	4	7	7	5	3	0	3	2	12	9	3	1	2	0	1	11	2	0	0	0	0	0
OTU2038	0	0	0	0	0	0	0	2	0	0	0	0	0	0	0	0	0	0	0	0	0	0	0	0	0	0	0	0	0	0	0	0	0	0	0	0	0	0	0	0	0	0	0	0	0	0	0	0	0	0	0	0	0	0	0	0	1	1	0	0	0	0	0	0	0	0	0	0	0	0	0	0	0	0	0	0	0	0	0	0	0	0	0	0	0	0	0	0	0	0	0	0	2	0	0	0	0	121	0	0	0	2
OTU2039	0	0	0	0	0	0	0	0	0	0	0	0	0	0	0	0	0	0	0	0	0	0	0	0	0	3	0	0	0	0	0	0	0	0	0	0	0	0	0	0	0	0	0	0	0	0	0	0	0	0	0	0	0	0	1	0	2	0	0	0	0	0	0	0	0	0	0	0	0	0	0	0	0	0	0	7	0	0	17	98	20	0	1	1	23	0	0	0	0	0	0	0	0	0	0	0	0	0	0	0	0	0
OTU204	0	4	2	0	0	0	8	5	0	0	4	1	0	6	0	0	0	1	1	0	3	4	3	3	5	7	305	85	239	90	234	3	16	0	6	1	42	19	89	2	121	109	97	108	135	31	49	31	34	213	31	232	36	13	71	88	171	72	69	4	0	0	0	6	387	166	688	414	274	38	202	23	67	46	17	63	52	55	102	152	26	72	110	35	18	58	131	217	389	106	130	65	73	74	55	77	56	2	17	1	155	27
OTU2040	0	0	0	0	0	0	0	0	0	0	0	0	0	0	0	0	0	0	0	0	0	0	0	0	0	0	51	0	0	0	105	0	0	0	0	0	1	0	0	0	1	2	0	0	0	0	0	0	0	1	0	0	0	0	3	1	2	0	1	0	0	0	0	0	0	0	0	0	0	0	0	0	0	0	0	0	0	0	0	0	0	1	20	0	0	0	0	0	0	1	2	1	2	0	0	6	0	0	0	0	0	0
OTU2041	0	0	0	0	0	0	0	0	0	0	0	0	0	0	0	0	0	0	0	0	0	1	0	0	0	0	13	74	3	2	41	0	0	0	2	0	1	0	0	0	7	7	2	3	26	15	36	7	14	9	0	5	2	7	3	2	8	16	30	0	0	2	0	3	4	5	0	0	1	1	0	8	1	5	1	9	0	1	3	0	4	29	29	14	11	30	1	43	8	3	5	39	4	0	15	51	23	0	10	0	3	16
OTU2042	0	0	0	0	0	0	5	0	0	0	0	0	0	0	0	0	0	0	0	0	0	2	0	0	0	0	7	0	0	0	0	0	0	0	0	0	40	0	25	0	15	0	0	0	0	0	4	0	43	0	0	1	0	14	0	9	0	0	0	0	0	0	0	0	0	0	0	0	0	10	0	9	0	0	0	1	14	0	25	0	87	0	2	0	0	0	0	0	0	0	0	12	0	4	0	5	0	0	0	0	0	0
OTU2043	0	0	0	0	0	0	0	0	0	0	2	0	0	1	0	0	0	0	0	0	0	0	0	1	0	1	1	28	20	1	0	0	0	0	1	0	13	5	12	0	0	0	0	0	0	0	1	0	0	0	0	0	1	3	0	0	0	0	0	0	0	1	0	0	0	0	0	1	0	1	1	8	3	9	3	7	24	0	0	14	0	0	0	1	0	0	0	5	0	0	8	0	0	0	0	1	0	0	0	0	0	0
OTU2044	0	0	0	0	0	0	0	0	0	0	0	0	0	0	0	0	0	0	0	0	0	0	0	0	6	0	0	0	0	5	2	0	3	0	0	0	0	1	0	0	0	2	0	0	25	0	0	0	0	0	0	0	9	12	2	0	0	17	0	0	0	0	0	0	0	0	0	0	0	0	0	0	0	0	0	0	0	0	52	1	0	0	5	3	0	4	0	0	0	0	0	0	0	2	4	0	0	0	0	0	0	0
OTU2045	0	0	0	0	0	0	0	0	0	0	0	0	0	0	0	0	0	0	0	0	0	0	0	0	0	1	0	0	0	0	0	0	0	1	0	0	0	0	0	0	0	0	0	0	0	0	0	0	0	0	0	0	0	0	1	5	0	0	0	0	1	0	0	0	116	36	10	7	15	0	0	0	0	0	0	0	0	0	0	0	0	0	0	0	0	0	0	0	0	0	0	0	0	0	0	0	0	0	3	0	2	1
OTU2046	0	0	0	0	0	0	0	0	0	0	0	0	0	0	0	0	0	0	0	0	0	0	0	0	0	0	0	0	2	0	0	0	0	0	0	6	0	0	0	0	0	1	0	0	0	0	0	202	0	0	0	1	0	0	0	0	0	1	1	0	0	0	0	0	0	0	0	0	0	0	0	0	0	0	0	0	0	0	1	0	0	3	0	0	0	0	0	0	0	0	0	0	0	0	4	2	0	0	0	0	0	0
OTU2047	0	0	0	0	0	0	0	0	1	0	0	0	0	0	0	0	0	0	0	0	0	0	0	0	0	0	0	0	0	0	0	0	0	0	0	0	0	0	24	0	0	1	0	1	0	0	0	0	0	0	0	0	0	0	2	0	0	1	0	0	0	0	0	0	0	0	0	0	0	0	0	0	0	0	0	0	244	0	0	0	0	0	0	0	0	0	0	0	0	0	2	0	1	0	0	0	0	0	0	0	0	0
OTU2048	0	1	0	0	0	0	0	0	0	0	0	0	0	0	0	0	0	0	1	0	0	0	0	0	0	0	0	0	0	0	0	0	0	0	0	0	0	0	0	0	66	1	0	0	0	0	0	0	0	0	0	0	0	0	0	0	1	0	2	0	0	0	0	0	0	0	0	0	0	2	0	0	0	0	37	0	1	8	3	0	0	0	0	0	0	0	9	0	0	51	0	23	1	0	1	0	1	0	0	0	0	0
OTU2049	0	0	0	0	0	0	0	0	0	0	0	0	0	0	0	0	0	0	0	0	0	0	0	0	0	0	3	0	0	0	0	0	0	0	0	0	3	1	0	0	2	0	0	1	0	0	0	0	0	1	0	0	0	0	0	3	1	0	1	0	0	0	0	0	0	0	0	0	0	0	9	0	0	3	0	2	0	98	0	0	5	0	0	0	0	0	9	0	0	0	0	0	1	0	0	0	0	0	0	0	0	0
OTU205	0	2	1	2	0	0	0	0	140	0	2	4	0	0	0	1	0	2	6	0	0	0	3	3	0	1	56	42	679	20	105	0	1	0	4	0	600	260	293	5	135	66	22	41	19	53	32	2	6	45	9	10	12	17	15	9	515	6	16	0	1	0	0	1	35	26	10	1	4	55	142	37	17	1	12	150	500	221	40	187	15	50	6	116	35	12	346	162	132	2	47	11	10	43	13	61	6	1	1	0	4	0
OTU2050	0	0	0	0	0	0	0	0	0	0	0	0	0	0	0	0	0	0	0	0	0	0	0	0	0	0	1	0	0	0	0	0	0	0	0	0	0	0	0	0	0	0	0	26	1	72	0	0	0	0	0	0	0	0	5	3	4	0	0	0	0	0	0	0	1	0	0	0	0	0	3	0	0	0	0	0	4	0	0	0	1	1	0	0	0	0	0	1	0	0	0	0	1	0	0	0	12	0	0	0	0	0
OTU2051	0	1	0	0	0	0	0	0	0	0	0	0	0	0	0	0	0	0	0	0	0	0	0	0	0	0	0	0	0	0	4	0	0	0	0	0	0	0	0	0	0	0	0	17	4	13	3	0	6	13	1	0	15	1	4	21	32	4	3	0	0	0	0	0	0	0	0	0	0	12	36	10	3	16	38	4	1	1	0	5	0	7	0	0	0	0	0	9	13	0	4	0	0	2	4	2	0	0	0	0	0	2
OTU2052	0	0	0	0	0	0	0	0	0	0	0	0	0	0	0	0	0	0	0	1	0	0	0	0	1	0	0	0	0	4	0	0	0	0	3	0	0	0	0	0	0	0	0	0	0	0	0	0	0	0	0	1	31	0	0	0	2	0	13	0	0	0	0	0	16	15	45	8	61	0	0	0	0	0	0	7	0	0	0	0	0	0	0	0	0	0	0	0	0	0	0	4	0	1	2	0	0	2	5	0	0	2
OTU2053	0	0	0	0	0	0	0	0	0	0	0	0	0	0	0	0	0	0	0	0	0	0	0	0	0	0	0	0	0	0	0	0	0	0	0	0	0	0	0	0	0	0	0	0	0	0	0	0	0	0	0	0	0	0	0	0	0	0	2	0	0	0	0	1	0	0	0	0	0	0	0	0	0	0	0	0	0	0	0	0	0	0	1	0	0	1	0	0	0	0	0	0	0	0	4	0	0	0	6	170	27	1
OTU2054	0	0	0	0	0	0	0	0	0	0	0	0	0	0	0	0	0	0	3	0	0	0	0	0	0	0	0	0	0	0	0	0	0	0	0	0	0	0	0	0	0	0	0	0	0	0	0	0	0	0	0	0	0	0	0	2	0	0	0	1	0	0	0	0	33	60	2	1	38	0	0	0	0	0	0	0	0	0	0	0	0	0	0	0	0	0	0	0	0	0	0	0	0	0	0	0	0	0	0	0	0	0
OTU2055	0	0	0	0	0	0	0	0	0	0	0	0	0	0	0	0	0	0	0	0	0	0	0	0	0	0	0	0	0	0	0	0	0	0	0	0	0	0	0	0	0	0	0	0	0	0	0	0	0	0	0	0	0	0	0	0	0	0	0	0	0	0	0	0	0	0	0	0	0	0	0	0	0	0	0	0	0	0	0	0	0	0	0	0	0	0	0	0	0	0	0	0	0	0	1	0	0	0	0	96	0	0
OTU2056	0	0	0	0	0	0	0	0	0	0	0	0	0	0	0	0	0	0	0	0	0	0	1	0	0	0	0	1	0	0	0	0	4	0	1	0	4	5	9	0	0	0	0	0	0	1	1	6	0	0	0	0	0	0	0	0	0	0	1	0	0	0	0	0	2	0	0	0	5	0	0	0	0	1	0	5	34	7	0	0	0	0	0	0	0	0	0	1	5	1	0	2	1	0	0	7	0	0	8	32	76	0
OTU2057	0	0	0	0	0	0	0	0	0	0	0	0	0	0	0	0	0	0	0	0	0	0	0	0	0	0	0	0	0	0	0	0	0	0	0	0	0	0	0	0	0	0	0	0	0	0	0	0	0	0	0	0	0	0	0	0	0	0	0	0	0	0	0	0	0	0	0	0	0	0	0	0	0	0	0	0	0	0	0	0	0	0	0	0	0	0	0	0	0	0	0	0	0	0	0	1	0	0	0	1	87	0
OTU2058	0	0	0	0	0	0	0	0	0	0	0	0	0	0	0	0	0	0	0	0	0	0	0	0	0	0	0	0	0	0	0	0	0	0	0	0	0	0	0	0	0	0	0	0	0	0	0	0	0	0	0	0	0	0	0	0	0	0	0	0	0	0	0	0	0	0	0	0	0	0	0	0	0	0	0	0	0	0	0	0	0	0	0	0	0	0	0	0	0	0	0	0	0	0	0	0	0	0	0	95	0	0
OTU2059	0	0	0	0	0	0	0	0	0	0	0	0	0	0	0	0	0	0	0	0	0	0	0	0	0	0	0	0	0	0	0	0	0	0	0	0	0	0	0	0	0	0	0	0	0	0	0	0	0	0	0	0	0	0	0	0	0	0	0	0	0	0	0	0	0	0	0	0	0	0	0	0	0	0	0	0	0	0	0	0	0	0	0	0	0	0	0	0	0	0	0	0	0	0	0	0	0	0	2	0	88	0
OTU206	0	12	2	0	0	0	4	5	1	0	2	0	1	3	0	0	0	0	1	0	2	0	4	4	10	9	35	78	65	15	42	0	7	4	20	7	36	31	103	0	142	52	64	22	96	148	10	70	85	31	35	186	103	98	125	56	59	59	49	3	2	1	2	5	133	205	168	207	122	36	29	75	162	63	53	13	42	144	103	36	98	56	76	29	15	94	60	26	48	53	64	41	99	87	77	147	126	209	332	134	646	503
OTU2060	0	0	0	0	0	0	5	0	0	0	0	0	0	0	0	0	0	0	0	0	0	0	0	0	0	0	3	0	0	6	0	0	0	0	0	0	6	1	20	0	27	0	7	0	0	0	6	0	0	0	0	0	0	0	2	0	3	0	0	0	0	0	0	0	0	0	0	0	0	0	3	0	0	1	10	7	3	0	0	8	12	1	1	0	0	1	1	4	0	0	0	0	0	0	0	0	3	0	1	0	0	0
OTU2061	0	0	0	0	0	0	0	0	0	0	0	0	0	0	106	0	0	0	0	0	0	0	0	0	0	0	0	0	0	0	0	0	0	0	0	0	0	0	0	0	0	0	0	0	1	0	0	0	0	0	0	0	0	0	0	0	0	0	0	0	0	0	0	2	0	0	0	0	0	0	0	0	0	0	0	4	0	4	0	0	0	0	0	0	0	0	0	0	0	0	0	0	0	0	0	1	0	0	0	0	0	0
OTU2062	0	0	1	0	0	0	0	0	0	0	0	0	0	1	0	0	0	0	0	0	0	0	0	0	1	0	0	0	31	0	2	0	0	0	0	0	3	0	0	0	10	6	6	3	6	2	1	2	13	2	4	0	0	1	0	17	9	1	1	2	0	0	0	0	0	0	0	0	0	24	14	0	13	5	49	0	0	4	4	0	1	13	5	5	0	4	9	2	10	0	2	0	0	1	1	3	7	0	0	0	0	0
OTU2063	0	0	0	0	0	0	0	0	0	0	0	0	0	0	0	0	0	0	0	0	0	0	0	0	0	0	4	27	5	27	1	0	0	0	0	0	0	0	1	0	0	0	0	0	13	3	0	0	0	0	0	1	0	2	11	4	2	4	4	0	0	0	0	0	0	0	0	0	1	0	0	0	0	0	0	0	0	0	0	2	0	9	1	20	4	0	0	0	1	0	0	0	6	31	15	29	20	0	2	0	1	0
OTU2064	0	0	0	0	0	0	0	0	0	0	0	0	0	0	0	0	0	0	0	0	0	0	0	0	0	0	16	10	75	0	9	0	0	0	0	0	8	2	0	0	2	9	0	0	0	2	0	0	1	2	0	0	0	2	1	3	0	0	1	0	0	0	0	0	0	0	0	0	0	1	0	0	2	3	0	3	6	14	2	1	2	4	0	2	5	0	0	0	0	1	0	0	5	6	7	5	9	0	0	0	0	0
OTU2065	0	2	0	0	0	0	1	1	0	0	0	0	0	0	0	0	1	0	0	0	2	0	0	0	0	1	4	7	0	7	8	0	3	2	4	1	3	1	7	0	18	4	4	0	3	6	1	0	3	8	1	5	6	0	3	17	8	11	15	0	0	0	0	1	3	12	3	1	2	3	12	12	7	19	1	9	7	16	3	8	18	6	8	6	2	12	1	8	6	8	6	13	14	16	9	15	10	0	6	5	16	16
OTU2066	0	0	0	0	0	0	0	0	0	0	0	0	0	0	0	0	2	0	0	0	1	0	0	0	0	0	12	1	14	8	6	0	0	0	0	0	0	0	3	0	8	21	26	0	2	0	0	0	0	1	0	1	0	0	0	0	0	0	3	0	0	0	0	1	0	0	0	0	0	4	14	0	0	0	10	0	0	2	0	0	0	0	0	7	0	0	4	0	0	4	0	5	0	0	0	1	2	0	0	0	0	0
OTU2067	0	0	0	0	0	0	0	0	0	0	0	0	0	0	0	0	0	0	0	0	0	0	0	0	0	0	0	0	16	0	2	0	0	0	3	0	14	8	29	0	9	3	13	0	0	0	3	0	0	5	3	1	0	1	4	0	6	0	2	0	0	0	0	0	0	0	0	0	0	8	31	4	0	0	5	25	22	7	0	13	9	1	1	4	0	0	39	7	12	0	8	2	2	2	1	0	0	0	0	0	0	0
OTU2068	0	0	0	0	0	0	0	0	0	0	0	0	0	0	0	0	0	1	3	0	0	0	0	0	0	0	3	2	0	8	0	0	2	0	3	0	0	0	0	0	2	8	5	0	1	0	18	8	8	9	0	11	0	3	1	1	0	2	9	0	0	1	0	0	8	16	2	1	1	0	1	1	0	0	0	0	0	0	12	0	1	1	0	13	8	17	0	0	0	3	1	11	0	3	7	1	40	0	0	0	0	2
OTU2069	0	0	0	0	0	0	0	0	0	0	0	0	0	0	0	0	0	0	0	0	0	0	0	0	2	0	0	1	0	7	0	0	0	0	0	0	0	0	0	0	0	0	0	0	0	0	1	2	0	0	0	3	0	1	0	2	0	0	3	0	0	0	0	0	0	2	63	6	2	2	4	7	3	1	0	2	5	0	0	0	0	0	0	0	0	2	0	5	5	0	0	4	1	0	1	3	0	0	0	6	0	0
OTU207	0	0	0	3	0	0	3	1	2	0	1	4	0	5	4	0	0	0	4	0	5	0	2	0	1	0	28	67	30	55	77	2	11	8	10	2	13	19	126	2	206	119	214	168	431	448	18	8	56	23	4	30	16	60	269	166	160	8	50	1	0	1	0	5	7	3	3	0	2	106	112	186	35	15	201	11	15	44	124	42	79	124	28	49	10	5	94	66	109	62	36	176	24	72	63	104	100	2	1	2	7	4
OTU2070	0	0	0	0	0	0	0	0	0	0	0	0	0	0	0	0	0	0	0	0	0	0	0	1	0	0	0	0	0	0	0	0	0	0	0	0	4	9	41	0	13	5	3	31	0	0	1	0	0	0	0	5	0	0	0	0	0	0	0	0	0	0	0	0	0	0	0	0	0	2	16	0	0	0	0	2	2	0	1	0	0	1	0	0	0	0	0	0	0	0	0	1	2	0	0	1	2	0	0	0	0	0
OTU2071	0	0	0	0	0	0	0	0	0	0	0	0	0	0	0	0	0	0	0	0	0	2	0	0	0	0	0	1	0	0	0	0	2	0	0	4	0	1	18	0	9	0	0	38	18	4	0	0	10	1	0	34	1	15	11	25	2	8	1	1	0	0	0	1	0	0	0	0	0	14	13	27	17	5	16	0	1	1	2	8	0	9	8	1	0	0	42	6	1	0	12	7	7	6	0	8	0	0	0	0	0	0
OTU2072	0	0	0	0	0	0	0	3	1	0	0	0	3	4	0	0	0	0	0	0	0	0	0	0	0	0	0	2	0	1	0	0	0	0	0	0	0	3	0	0	3	0	1	3	2	1	0	0	0	0	0	12	4	3	0	0	34	1	0	0	0	0	0	0	0	0	2	0	0	0	7	0	172	6	0	4	0	0	1	0	5	0	0	0	0	0	3	0	0	0	0	1	3	1	1	5	0	0	0	0	0	0
OTU2073	0	0	0	0	0	0	0	0	0	0	0	0	0	0	0	0	0	0	0	0	0	0	0	0	0	0	0	0	0	0	0	0	0	0	0	0	0	0	0	0	0	0	0	0	0	0	0	0	0	0	0	0	0	0	0	0	1	0	1	0	0	0	0	0	0	0	0	0	0	1	0	0	0	0	0	5	64	0	0	0	0	0	0	0	0	0	0	0	0	0	0	0	89	0	0	2	0	3	0	0	0	0
OTU2074	0	0	0	0	0	0	0	0	1	0	0	0	1	0	0	0	0	0	0	0	0	0	0	0	0	0	0	0	1	0	0	0	0	0	0	0	0	0	0	0	0	0	0	1	2	0	0	5	0	2	0	0	0	0	0	0	0	0	80	0	5	0	0	0	0	0	0	0	0	0	1	0	0	0	0	0	0	0	0	0	0	0	116	2	0	0	0	0	0	0	0	0	1	107	18	12	0	0	0	0	0	0
OTU2075	0	0	0	0	0	0	0	0	0	0	0	0	0	0	0	0	0	0	1	0	0	0	0	0	0	0	0	0	0	0	0	0	0	0	0	0	0	0	0	0	0	0	0	0	0	0	0	0	0	0	0	0	0	0	0	1	0	0	2	0	0	0	0	0	21	8	0	0	78	0	0	0	0	0	0	0	0	0	0	0	0	0	0	0	0	0	0	0	0	0	0	0	0	1	0	0	0	0	8	0	3	0
OTU2076	0	0	0	0	0	0	0	0	0	0	0	0	0	0	0	0	0	0	0	0	0	0	0	0	0	0	0	0	0	0	0	0	0	0	0	0	0	0	0	0	0	0	0	0	0	0	0	0	0	0	0	0	0	0	0	0	0	0	0	0	0	0	0	0	0	0	0	0	106	0	0	0	0	0	0	0	0	0	0	0	0	0	0	0	0	0	0	0	0	0	0	0	0	0	0	0	0	0	0	0	0	0
OTU2077	0	3	0	0	0	0	0	0	0	0	0	0	0	0	0	0	0	0	0	0	0	0	0	0	0	0	0	1	0	0	0	0	0	0	3	0	0	0	0	0	0	0	0	0	3	0	0	0	0	0	0	1	0	0	0	0	0	1	0	0	0	0	0	0	0	0	0	0	0	0	0	3	0	0	0	1	2	3	0	0	0	1	0	0	0	0	5	0	164	0	0	0	8	0	2	1	0	0	0	0	0	0
OTU2078	0	0	1	0	0	0	0	0	1	0	1	0	0	0	0	0	0	0	0	0	0	0	0	0	0	0	0	0	0	1	0	0	0	0	0	0	0	0	0	0	0	0	0	0	0	0	0	0	0	0	0	0	0	0	1	1	1	0	0	0	0	0	0	0	0	0	0	0	0	0	0	0	0	0	0	0	0	0	0	0	0	0	0	0	1	0	0	0	0	3	0	0	0	192	0	0	1	0	2	0	0	0
OTU2079	0	0	0	0	0	0	0	0	0	0	0	0	0	0	0	0	0	0	0	0	0	0	0	0	0	0	0	0	0	0	0	0	0	0	0	0	0	0	0	0	0	0	0	0	0	0	0	0	0	0	0	0	0	0	0	0	0	0	0	0	0	0	0	0	0	0	0	0	0	0	0	0	0	0	0	0	0	0	0	0	0	0	0	0	0	0	0	0	0	0	0	0	0	0	0	0	0	0	95	0	0	0
OTU208	0	3	1	1	0	0	8	10	1	0	1	3	0	0	0	0	4	0	3	0	4	4	1	7	5	9	63	172	159	97	180	3	8	10	7	8	97	110	82	3	359	97	70	119	109	268	64	97	57	36	21	148	88	62	151	135	116	86	114	8	7	4	3	20	556	602	692	338	668	78	201	48	72	63	101	121	287	166	106	151	45	110	144	55	63	90	109	72	58	77	169	108	141	231	261	407	193	177	120	111	285	248
OTU2080	0	0	0	0	0	0	0	0	0	0	0	0	0	0	0	0	0	0	0	0	0	0	0	0	0	0	0	0	0	0	0	0	0	0	0	0	0	0	0	0	0	0	0	0	0	0	0	0	0	0	0	0	0	0	0	0	0	0	0	0	0	0	0	0	0	0	0	3	0	0	0	0	0	0	0	0	0	0	0	0	0	0	0	0	0	0	0	0	0	0	0	0	0	0	0	0	0	0	96	0	0	0
OTU2081	0	0	0	0	0	0	0	0	0	0	0	0	0	0	0	0	0	0	0	0	0	0	0	0	0	0	0	0	0	0	0	0	0	0	0	0	0	0	0	0	0	0	0	0	0	0	0	0	0	0	0	0	0	0	0	0	0	0	0	0	0	0	0	0	0	0	0	0	0	0	0	0	0	0	0	0	0	0	0	0	0	0	0	0	0	0	0	0	0	0	0	0	0	0	0	0	0	0	0	104	0	0
OTU2082	0	0	0	0	0	0	0	0	0	0	0	0	0	0	0	0	0	0	0	0	0	0	0	0	0	0	0	0	0	0	0	0	0	0	0	0	0	0	0	0	0	0	0	0	0	0	0	0	0	0	0	0	0	0	0	0	0	0	0	0	0	0	0	0	0	0	0	0	0	0	0	0	0	0	0	0	0	0	0	0	0	0	0	0	0	0	0	0	0	0	0	0	0	0	0	0	0	0	0	114	0	0
OTU2083	0	0	0	0	0	0	0	0	0	0	0	0	0	0	0	0	0	0	0	0	0	0	0	0	0	0	0	0	0	0	0	0	0	0	0	0	0	0	0	0	0	0	0	0	0	0	0	0	0	0	0	0	0	0	0	0	0	0	0	0	0	0	0	0	0	0	0	0	0	0	0	0	0	0	0	0	0	0	0	0	0	0	0	0	0	0	0	0	0	0	0	0	0	0	0	0	0	0	0	121	0	0
OTU2084	0	2	0	0	0	0	0	0	0	0	0	0	0	0	0	2	0	0	0	0	0	0	0	0	0	0	0	0	0	21	0	0	0	0	0	0	0	0	12	0	0	0	9	0	3	5	21	0	0	0	0	0	0	0	0	7	0	1	1	0	0	0	0	0	0	3	0	0	0	0	0	0	0	0	9	0	0	0	22	0	2	5	0	0	3	3	1	0	0	0	1	0	0	0	16	0	0	0	0	0	0	0
OTU2085	0	0	0	1	0	0	0	1	0	0	0	0	0	2	0	0	0	0	0	0	0	0	0	0	0	0	4	0	0	0	0	0	0	0	0	0	0	0	5	0	3	0	12	29	0	1	0	0	5	3	0	0	0	0	0	0	0	0	1	0	2	0	0	0	0	0	0	0	0	6	0	0	0	0	9	13	1	0	0	0	0	0	0	0	0	0	11	9	9	0	0	0	0	0	0	0	3	0	0	0	0	0
OTU2086	0	0	0	0	0	0	0	3	0	0	2	0	0	0	0	0	0	0	0	0	0	0	0	0	0	0	0	0	0	1	0	0	0	0	0	0	0	0	0	0	0	1	2	0	0	0	0	3	1	0	0	1	1	0	0	5	0	1	0	0	0	0	0	0	0	0	0	0	0	0	0	0	123	1	0	0	0	0	0	0	0	1	0	0	0	0	4	0	1	1	0	0	3	0	0	1	1	0	0	0	0	0
OTU2087	0	0	0	0	0	0	0	0	0	0	0	0	0	0	0	0	0	0	0	1	0	0	0	0	0	0	0	0	0	0	0	0	0	0	1	0	0	0	0	0	0	0	0	0	0	0	0	0	0	0	0	0	0	0	0	0	0	0	0	0	0	0	0	0	1	0	0	0	0	0	0	0	0	0	0	0	0	0	0	0	0	0	0	0	0	0	0	0	0	0	0	0	0	2	0	2	2	0	77	12	32	7
OTU2088	0	0	0	0	0	0	0	0	1	0	0	0	0	0	0	0	0	0	2	0	0	0	0	1	1	0	0	3	0	52	0	0	3	3	0	0	3	0	0	0	6	0	52	26	25	31	0	0	0	0	0	2	1	0	2	14	0	6	19	0	0	0	0	0	0	0	20	32	1	0	2	0	1	13	2	0	1	0	1	0	0	0	6	0	1	5	1	1	0	0	0	1	7	2	6	0	4	1	67	0	115	54
OTU2089	0	0	0	0	0	0	0	0	0	0	0	0	0	0	0	0	0	0	0	0	0	0	0	0	0	0	17	10	11	8	0	0	0	0	0	0	13	2	0	1	0	0	0	0	0	1	0	0	0	4	0	0	5	0	0	0	17	2	0	0	0	0	0	0	0	0	1	0	0	0	2	3	0	0	0	0	12	1	0	14	0	5	3	7	0	4	5	0	8	7	0	1	11	5	0	0	1	0	0	0	2	1
OTU209	0	4	2	1	0	0	1	6	2	0	3	11	0	1	2	1	1	2	1	3	2	0	1	2	7	4	52	56	74	23	52	4	6	10	11	3	11	20	44	0	79	78	37	41	35	84	39	82	41	17	2	34	44	44	30	29	40	42	49	8	5	3	1	3	131	68	254	67	155	28	28	17	23	40	98	14	29	12	35	43	22	53	43	21	22	64	24	5	41	38	18	55	50	76	57	105	32	224	123	238	257	257
OTU2090	0	0	0	0	0	1	0	0	2	0	0	0	0	0	0	0	0	0	0	0	0	0	0	0	0	0	13	2	0	7	1	0	0	0	0	0	1	1	0	0	0	0	0	0	0	0	10	14	1	0	1	1	0	1	0	3	0	0	7	0	0	1	0	0	0	0	0	1	22	0	0	0	0	0	0	0	1	0	3	0	0	1	3	7	18	7	0	0	0	0	0	0	0	17	9	5	0	0	0	0	0	0
OTU2091	0	0	2	0	0	0	1	0	0	0	0	1	0	0	0	0	0	0	0	0	0	0	0	0	0	0	0	1	0	21	0	4	0	9	0	0	0	0	0	0	0	1	0	205	9	165	0	0	0	0	0	0	0	1	7	2	1	0	0	0	0	0	0	0	0	0	0	0	0	0	0	0	0	1	0	1	2	0	0	0	2	1	0	24	0	0	0	0	0	0	0	0	0	0	0	3	0	0	0	0	0	0
OTU2092	0	0	0	0	0	0	0	0	0	0	0	0	0	0	0	0	0	0	0	0	0	0	0	0	0	0	0	3	0	0	0	0	0	0	0	0	0	0	0	0	0	3	0	37	28	52	0	0	0	2	0	0	0	0	0	0	12	0	4	0	0	0	0	0	0	0	0	0	0	0	0	0	0	0	0	0	2	1	0	0	1	18	10	0	0	0	2	0	0	0	0	0	10	2	7	3	8	0	0	0	0	0
OTU2093	0	2	0	0	0	0	0	0	3	0	1	0	0	0	0	0	0	0	0	0	0	0	0	0	0	0	0	0	42	0	0	0	0	0	0	0	0	0	0	0	0	4	0	0	0	0	0	0	0	0	0	0	0	1	0	1	0	0	1	0	0	0	0	0	0	0	0	0	0	0	0	0	0	0	0	0	0	319	0	0	0	0	0	0	0	0	0	2	0	0	1	0	0	0	1	0	1	0	0	0	0	0
OTU2094	0	1	3	0	2	0	0	0	0	0	1	0	0	1	0	0	0	0	0	0	0	0	0	0	0	0	0	0	3	2	26	0	0	0	0	0	17	0	1	0	6	36	39	0	2	0	0	0	0	1	0	8	6	5	1	0	3	0	2	0	0	0	0	0	0	0	0	0	0	7	46	0	13	15	10	4	5	1	0	1	0	5	2	0	9	0	0	17	0	0	40	0	2	5	12	2	0	0	0	0	0	0
OTU2095	0	0	0	0	0	0	0	0	1	0	0	0	0	0	0	0	0	0	0	0	0	0	0	0	0	0	0	0	0	0	1	0	0	0	2	2	0	0	0	0	16	0	0	0	0	1	1	3	0	10	0	1	8	6	0	172	1	0	7	0	1	0	0	0	0	6	0	0	2	0	0	18	0	3	3	0	0	0	0	0	1	13	2	0	0	0	2	0	0	0	0	4	0	4	0	5	17	1	0	0	0	0
OTU2096	0	0	0	0	0	0	0	4	0	0	0	1	0	0	0	0	0	0	0	0	0	0	0	0	3	0	0	0	0	0	0	1	1	0	0	0	0	0	0	0	0	0	0	0	0	0	0	0	0	0	0	0	1	0	0	1	0	0	0	0	1	0	0	0	1	16	30	22	7	0	0	0	0	0	0	0	0	0	7	0	0	0	0	0	0	0	0	0	0	0	0	0	0	2	0	0	2	0	12	2	58	31
OTU2097	0	0	0	0	0	0	0	0	0	0	0	0	0	1	0	0	0	0	0	0	0	0	0	0	1	0	0	0	0	0	0	0	0	1	0	0	0	0	0	0	0	0	0	0	0	0	0	11	0	0	0	1	0	0	0	1	0	9	4	1	0	0	0	0	0	1	1	0	0	0	0	0	4	0	0	0	1	0	0	0	0	2	11	1	0	11	0	2	0	0	0	0	7	0	4	3	16	0	0	97	49	11
OTU2098	0	0	0	0	0	3	0	0	0	0	0	0	0	0	0	0	0	1	0	0	0	0	0	0	0	0	0	0	0	3	0	0	0	0	0	0	0	1	5	0	38	8	17	0	0	0	0	1	14	2	4	0	0	1	1	0	2	0	2	0	0	0	0	0	0	0	0	0	0	4	26	9	1	0	20	2	6	1	0	1	1	0	0	0	0	0	2	11	22	0	0	8	0	1	0	0	0	0	0	0	1	0
OTU2099	0	0	0	0	0	0	0	0	0	1	0	0	0	0	2	0	0	0	0	0	1	0	0	0	0	0	0	12	0	42	2	3	0	2	1	0	0	3	0	0	46	14	52	23	89	67	3	17	11	0	0	4	0	20	0	29	7	28	58	0	0	0	0	1	41	1	71	0	16	2	0	1	0	1	1	0	7	0	35	1	5	6	37	6	1	20	0	2	0	12	0	0	61	102	65	15	27	5	232	0	7	31
OTU21	1	9	7	6	1	2	67	38	6	10	9	15	2	12	10	5	2	1	33	0	672	7	1	1	82	7	485	365	227	341	302	31	28	26	61	14	330	72	153	6	1021	1298	25820	1104	387	591	201	351	146	293	78	476	188	1454	606	937	780	644	551	20	19	2	5	26	13	29	64	42	30	347	274	491	405	236	1438	795	122	159	1677	383	2656	521	475	132	135	372	441	1254	186	829	1008	501	461	240	559	471	553	72	34	34	227	142
OTU210	0	2	1	1	0	2	0	0	2	1	2	2	0	1	2	0	2	0	0	0	0	0	0	0	5	0	32	58	50	109	20	4	8	0	12	0	4	1	11	0	238	6	122	233	202	53	138	10	6	81	44	397	46	23	228	101	28	32	86	0	0	1	3	1	2	1	13	4	18	2	9	79	18	758	9	33	21	12	460	8	85	22	86	74	84	58	8	10	6	178	234	684	25	65	618	134	34	0	4	22	7	3
OTU2100	0	1	0	0	0	0	0	0	0	0	0	0	0	0	0	0	0	0	0	0	0	0	0	0	0	0	0	0	0	0	0	0	0	0	0	0	0	0	0	2	0	0	1	0	0	0	0	1	0	0	0	0	0	0	0	103	0	0	2	0	0	0	0	0	0	5	0	0	0	0	1	0	0	0	0	0	0	2	0	2	0	1	5	3	0	0	0	0	1	0	0	1	0	0	0	2	0	0	0	0	0	0
OTU2101	0	0	0	0	0	0	1	0	0	0	0	2	0	0	0	0	0	0	0	0	3	0	0	0	0	0	0	0	0	0	0	0	0	0	0	0	0	0	0	0	4	0	17	0	0	2	0	0	0	0	0	0	0	0	0	0	0	0	0	0	0	0	0	0	0	0	0	0	0	0	0	0	0	0	0	0	0	0	0	20	66	0	0	0	0	0	0	0	0	0	0	0	0	1	1	0	0	0	0	0	0	0
OTU2102	0	1	0	0	0	0	0	1	0	0	0	0	0	2	0	0	0	0	2	0	0	2	0	0	0	0	23	25	22	21	26	0	1	0	0	0	44	8	12	0	35	20	13	2	10	5	4	2	206	3	13	23	70	4	14	6	11	11	1	1	0	0	0	0	33	16	39	22	15	5	16	21	9	24	15	33	51	12	5	16	26	14	8	3	9	8	51	19	13	3	70	9	10	4	19	13	12	84	5	2	5	5
OTU2103	0	0	0	0	0	0	0	0	0	0	0	0	0	0	0	0	0	0	0	0	0	0	0	0	0	0	0	0	0	0	0	0	0	0	0	0	0	0	0	0	0	0	0	0	0	0	0	0	0	0	0	1	0	0	0	0	0	66	0	0	0	0	0	0	0	0	0	1	0	0	0	0	0	0	0	0	2	1	0	0	0	0	0	0	2	0	0	0	0	0	0	0	0	0	0	92	1	0	0	0	4	0
OTU2104	0	0	0	0	0	0	0	2	1	0	0	2	4	1	0	0	0	4	3	0	0	0	0	0	1	3	0	1	0	1	0	0	0	1	0	0	0	0	0	0	0	5	3	0	0	0	0	0	0	0	0	0	0	0	1	0	4	0	2	0	2	0	0	0	27	8	48	5	27	0	0	0	0	0	0	0	0	0	0	0	0	0	1	0	0	0	3	0	3	0	0	0	0	0	0	2	2	0	1	2	4	0
OTU2105	0	0	0	0	0	0	0	0	0	0	0	0	0	0	0	0	0	0	0	0	0	0	0	0	0	0	8	7	9	3	7	0	0	0	0	2	0	0	0	0	0	0	0	2	0	1	0	0	0	0	0	3	0	1	2	0	0	0	3	0	0	0	0	0	33	1	6	64	2	0	0	0	0	1	0	0	1	0	0	1	0	0	22	0	0	3	0	0	0	0	0	0	0	0	0	0	0	0	0	0	0	0
OTU2106	0	0	0	0	0	0	0	0	0	0	0	0	0	0	0	0	0	0	0	2	0	0	0	0	1	0	0	0	7	0	0	0	0	0	0	0	0	0	0	0	0	0	0	0	0	0	0	0	0	0	0	0	0	0	0	3	0	0	1	0	0	0	0	0	32	44	15	24	16	0	1	0	0	0	1	0	0	0	1	0	0	0	0	0	0	0	3	0	0	1	0	0	0	6	0	1	0	0	14	2	41	0
OTU2107	0	0	0	0	0	0	0	0	0	0	0	0	0	0	0	0	0	0	0	0	0	0	0	0	0	0	0	0	0	0	0	0	0	0	0	0	0	0	0	0	0	0	1	0	0	0	0	0	0	0	0	0	0	0	0	0	0	0	0	0	0	0	0	0	0	0	0	0	0	0	0	0	0	0	0	25	0	0	2	89	13	3	0	6	7	3	0	0	0	0	0	0	0	0	0	0	0	0	0	0	0	0
OTU2108	0	0	0	0	0	0	0	0	0	0	0	0	0	0	0	0	0	0	0	0	0	0	0	0	0	0	0	0	0	0	0	0	0	0	0	0	0	0	0	0	0	0	0	0	0	0	0	0	0	0	0	0	0	0	0	0	0	0	0	0	0	0	0	0	0	0	0	0	0	0	0	0	0	0	0	0	0	0	0	0	0	0	0	0	0	0	0	0	0	0	0	0	0	0	1	0	0	0	0	85	0	0
OTU2109	0	0	0	0	0	0	0	0	0	0	0	0	0	0	0	0	0	0	0	0	0	0	0	0	0	0	0	0	0	0	0	0	0	0	0	0	0	0	0	0	0	0	0	0	0	0	0	0	0	0	0	0	0	0	0	0	0	0	0	0	0	0	0	0	0	0	0	0	0	0	0	0	0	0	0	0	0	0	0	0	0	0	0	0	0	0	0	0	0	0	0	0	0	0	0	5	0	0	0	0	205	0
OTU211	0	4	1	1	0	1	4	13	0	2	2	6	5	1	0	0	0	0	5	0	9	17	5	6	2	0	42	166	87	86	41	9	2	2	18	1	259	255	294	1	52	152	183	278	5	60	35	29	138	62	21	200	108	111	97	77	224	46	41	1	3	2	1	3	4	2	19	6	5	143	153	118	92	48	185	67	250	302	73	131	108	74	51	36	41	27	324	256	407	122	309	660	65	34	49	50	40	0	0	0	0	2
OTU2110	0	0	0	0	0	0	0	0	0	0	0	0	0	0	0	0	0	0	0	0	0	0	0	0	0	0	0	0	0	0	0	0	0	0	0	0	0	0	0	0	0	0	0	0	0	0	0	0	0	0	0	0	0	0	0	0	0	0	0	0	0	0	0	0	0	0	0	0	0	0	0	0	0	0	0	0	0	0	0	0	0	0	0	0	0	0	0	0	0	0	0	0	0	0	0	0	0	0	0	97	0	0
OTU2111	0	0	0	0	0	0	0	0	0	0	0	0	0	0	0	0	0	0	0	0	0	0	0	0	0	1	0	0	0	0	0	0	0	0	0	0	0	0	0	0	0	0	0	0	4	1	0	0	0	0	0	18	0	12	0	0	0	0	0	0	0	0	0	0	0	0	0	0	0	0	0	0	0	0	0	0	0	0	0	0	0	0	0	0	0	0	0	0	0	0	0	0	0	0	0	0	3	0	0	0	76	51
OTU2112	0	4	0	0	0	0	0	2	0	0	0	1	0	0	0	0	0	0	0	0	2	0	0	0	0	0	9	1	19	10	6	0	1	0	2	5	2	0	0	0	0	1	0	0	12	3	1	3	11	2	0	10	0	6	6	12	3	0	4	0	0	0	0	0	0	1	0	0	1	1	0	0	0	0	2	0	0	1	7	0	0	9	4	0	3	16	0	1	1	3	3	9	9	0	1	14	31	5	3	11	8	2
OTU2113	0	0	0	0	0	0	0	0	0	0	0	0	0	0	0	0	0	0	0	0	0	0	0	0	0	0	39	22	0	15	20	0	4	0	0	0	9	0	0	0	0	2	11	0	0	0	0	0	0	2	0	0	0	2	2	0	1	0	0	0	0	0	0	1	0	0	0	0	0	0	0	0	15	0	0	21	0	1	0	13	10	0	0	0	0	0	23	0	0	0	0	0	0	1	0	2	0	0	0	0	0	0
OTU2114	0	0	0	0	0	0	0	0	0	0	0	0	0	0	0	0	0	0	0	0	0	0	0	0	0	0	10	2	0	0	0	0	0	0	0	0	0	15	6	0	28	0	0	1	0	0	0	0	0	0	0	28	1	0	0	0	1	0	0	0	0	0	0	0	0	0	2	0	0	0	6	1	0	27	0	2	4	3	0	5	2	0	0	9	0	0	2	17	1	0	0	0	2	0	0	1	0	0	0	0	0	0
OTU2115	0	0	0	0	0	0	0	0	0	1	0	0	0	0	0	0	1	0	0	0	0	1	0	0	0	0	24	0	5	2	17	0	0	0	0	0	20	10	9	0	0	1	1	0	0	1	0	4	0	3	0	1	0	0	0	0	23	1	3	0	0	0	0	0	0	0	0	0	0	1	0	0	0	2	1	16	44	7	0	2	5	0	0	3	0	0	0	2	3	0	0	0	0	1	2	6	2	0	0	0	0	0
OTU2116	0	0	0	0	0	0	0	0	0	0	0	0	0	0	0	0	0	0	0	0	0	0	0	3	0	0	2	0	0	58	1	0	0	0	0	0	0	0	0	0	5	0	0	0	1	0	16	0	17	0	0	1	0	2	0	16	3	7	53	0	0	0	0	0	0	0	0	0	0	0	0	0	0	1	28	0	2	0	0	0	0	6	0	0	0	0	0	0	0	0	1	0	38	0	0	1	0	0	0	0	0	0
OTU2117	0	0	0	0	0	0	1	5	0	0	3	0	0	2	0	0	1	0	1	0	0	0	0	0	0	3	22	50	14	11	30	0	0	0	0	0	12	1	8	0	30	23	7	2	1	20	10	35	51	7	2	23	30	28	10	3	8	16	6	0	0	1	0	2	6	0	11	7	6	10	15	4	7	16	8	15	7	18	24	9	50	11	13	6	16	25	10	29	25	17	18	20	10	22	13	53	13	4	6	3	8	6
OTU2118	0	0	0	0	0	0	0	0	0	0	0	0	0	0	0	0	0	0	0	0	0	0	0	0	0	0	0	5	18	0	6	0	0	0	0	0	0	0	0	0	0	0	5	2	1	3	4	10	0	0	0	0	0	1	2	8	51	0	3	0	0	0	0	0	0	0	1	0	0	0	0	0	0	0	0	1	2	0	0	0	0	0	0	0	0	0	0	0	0	0	0	2	1	0	2	1	0	0	0	0	0	0
OTU2119	0	0	0	0	0	0	0	0	0	0	0	0	0	0	0	0	0	0	0	0	0	0	0	0	0	0	0	3	0	14	1	0	0	0	0	0	0	0	0	0	0	8	3	7	0	0	2	5	0	0	0	10	2	1	0	24	2	12	0	0	0	0	0	0	0	0	1	0	1	0	19	0	8	9	0	0	0	0	0	0	0	0	0	0	0	2	0	1	0	3	5	0	0	2	5	0	0	0	1	0	0	0
OTU212	0	0	0	0	0	0	9	6	0	0	0	3	0	0	0	0	0	0	1	1	1	6	2	7	1	1	0	0	0	11	0	2	7	0	3	0	0	0	1	0	0	0	0	6	0	1	0	0	1	3	0	0	0	0	12	11	1	0	2	2	1	2	3	3	2	55	33	6	38	9	0	0	6	7	5	0	5	0	0	0	0	0	0	0	3	0	0	0	0	0	4	0	61	5	4	14	4	2698	277	378	408	69
OTU2120	0	4	0	1	0	0	0	0	0	0	0	5	0	0	1	0	0	0	0	0	0	0	0	0	0	1	54	19	8	21	81	0	1	1	2	0	24	1	97	0	20	14	42	57	25	13	66	8	1	30	10	0	11	3	8	9	56	1	8	0	0	2	1	0	0	0	0	0	0	5	49	2	6	39	43	41	125	29	0	11	53	17	6	99	14	6	219	180	241	81	17	2	12	24	17	27	20	0	1	0	0	0
OTU2121	0	0	0	2	0	0	0	0	0	0	0	0	0	0	0	0	0	0	0	0	0	0	0	0	0	0	2	0	28	1	15	0	0	0	0	0	0	0	0	0	0	0	0	0	2	0	1	1	0	0	0	0	0	1	1	0	3	15	0	0	0	0	0	0	0	0	0	0	0	0	0	0	0	0	0	0	0	0	0	83	2	0	0	0	0	1	2	0	8	1	5	4	0	4	0	1	0	0	0	0	0	0
OTU2122	0	0	0	0	0	0	0	0	0	0	0	0	0	0	0	0	0	0	0	0	0	0	0	0	0	0	0	0	0	0	0	1	0	0	0	0	0	0	0	0	0	0	0	0	0	0	1	0	0	0	0	0	0	0	0	0	0	0	0	0	0	0	0	0	3	0	0	0	0	0	0	0	0	0	0	0	0	0	0	0	0	1	8	0	0	0	0	0	0	0	0	0	0	0	0	0	3	0	0	111	1	12
OTU2123	0	0	0	0	0	0	0	0	0	0	0	2	0	0	0	0	0	0	0	0	0	0	0	0	0	0	0	0	0	5	0	0	0	0	1	0	0	1	17	1	8	2	2	0	0	0	3	0	0	4	0	0	2	0	0	0	0	6	1	0	0	0	0	0	0	0	0	2	0	0	28	0	0	5	12	0	4	1	0	3	1	18	0	0	1	0	4	57	23	0	0	4	0	0	1	4	0	0	0	0	0	0
OTU2124	0	0	0	0	0	0	0	0	0	0	0	0	0	0	0	0	0	0	0	0	0	0	0	0	1	0	0	0	0	0	0	0	0	0	0	0	0	1	0	1	2	2	0	0	0	0	0	0	7	3	2	25	0	14	1	1	0	0	0	0	0	0	0	0	0	0	0	0	0	0	2	2	14	0	0	0	1	0	27	0	0	0	5	0	0	0	2	0	0	2	23	2	0	0	0	3	0	0	1	0	0	0
OTU2125	0	0	0	0	0	0	0	0	0	0	0	0	0	0	0	0	0	0	0	0	0	2	0	0	0	0	0	0	0	0	0	0	0	0	0	0	15	0	0	0	0	0	0	0	0	1	0	26	0	0	0	0	0	0	0	0	0	0	0	0	0	0	0	0	0	0	35	0	0	0	0	0	0	0	0	0	0	0	0	0	0	0	0	0	0	1	0	50	0	0	0	0	0	0	2	4	0	0	0	0	0	0
OTU2126	0	0	0	0	0	0	0	1	0	0	2	0	6	0	0	0	0	0	1	0	0	0	0	1	3	1	13	0	5	4	1	1	1	4	2	4	10	2	9	0	15	7	12	0	22	11	4	2	0	6	2	9	0	8	24	10	13	10	4	0	0	0	3	2	92	41	296	172	45	3	59	7	0	5	20	4	3	5	7	3	3	3	1	1	4	2	9	0	0	1	0	0	0	7	6	10	5	0	13	0	0	48
OTU2127	0	0	0	0	0	0	0	0	0	0	0	0	0	0	0	0	0	0	1	0	0	0	0	0	0	0	0	0	0	0	0	0	0	0	0	0	0	0	0	0	0	0	0	0	0	0	0	0	0	0	0	0	0	0	1	8	0	3	0	0	0	0	0	0	7	53	84	61	76	0	0	0	0	0	0	0	0	0	0	0	0	0	0	0	0	0	0	0	0	0	0	0	0	0	0	0	0	0	4	0	0	3
OTU2128	0	0	0	0	0	0	0	0	0	0	0	0	0	0	0	0	0	0	0	0	0	0	0	0	0	0	0	0	0	0	0	0	0	0	0	0	0	0	0	0	0	0	0	0	0	0	0	0	0	0	0	0	0	0	0	0	0	6	0	0	0	0	0	0	36	22	16	33	2	0	0	0	0	0	0	0	0	0	0	0	0	0	0	0	0	0	0	0	0	0	0	0	0	0	0	0	0	0	0	0	0	1
OTU2129	0	0	0	0	0	0	0	0	0	0	0	0	0	0	0	0	0	0	0	0	0	0	0	0	0	0	0	0	0	0	0	0	0	0	0	0	0	0	0	0	0	0	0	0	0	0	1	0	0	0	0	0	0	0	0	0	2	0	3	0	0	0	0	0	16	14	38	3	0	0	0	0	0	0	0	0	0	0	0	0	0	0	0	0	0	2	0	3	0	0	0	0	0	0	0	0	0	0	2	12	29	8
OTU213	0	0	0	0	0	0	4	8	0	0	0	0	0	0	0	0	0	0	4	0	4	1	3	6	4	7	0	0	0	0	0	0	6	0	5	0	0	0	0	0	0	0	0	0	0	0	0	0	0	0	0	1	0	0	0	2	0	0	96	2	4	1	2	7	8	9	17	4	3152	0	0	1	0	0	0	0	0	0	0	0	0	0	0	0	0	0	0	0	1	0	0	0	0	0	40	0	1	2	3	7	11	16
OTU2130	0	0	0	0	0	0	0	0	0	0	0	0	0	0	0	0	0	0	0	0	0	0	0	0	0	0	0	0	0	0	0	0	0	0	1	0	0	0	0	0	9	1	4	4	5	0	0	9	0	0	0	0	0	2	9	0	1	1	0	0	0	0	0	0	0	0	0	1	4	0	0	0	13	2	0	0	0	0	16	0	7	5	7	0	7	0	0	0	0	0	0	0	0	0	6	8	8	0	27	69	1	22
OTU2131	0	0	0	0	0	0	0	0	0	0	0	0	0	0	0	0	0	0	0	0	0	0	0	0	0	0	0	0	0	0	0	0	0	0	0	0	0	0	0	0	0	0	0	0	0	0	0	0	0	0	0	0	0	0	0	0	0	0	0	0	0	0	0	0	0	0	0	0	0	0	0	0	0	0	0	0	0	0	0	0	0	0	0	0	0	0	0	0	0	0	0	0	0	3	0	0	0	0	79	1	0	1
OTU2132	0	0	0	0	0	0	0	0	0	0	0	0	0	0	0	0	0	0	0	0	0	0	0	0	0	0	0	0	0	0	0	0	0	0	0	0	0	0	0	0	0	0	0	0	0	0	0	0	0	0	0	0	0	0	0	0	0	0	0	0	0	0	0	0	0	0	0	0	0	0	0	0	0	0	0	0	0	0	0	0	0	0	0	0	0	0	0	0	0	0	0	0	0	0	4	0	0	0	0	156	0	0
OTU2133	0	0	0	0	0	0	0	0	0	0	0	0	0	0	0	0	0	0	0	0	0	0	0	0	0	0	0	0	0	0	0	0	0	0	0	0	0	0	0	0	0	0	0	0	0	0	0	0	0	0	0	0	0	0	0	0	0	0	0	0	0	0	0	0	0	0	0	0	0	0	0	0	0	0	0	0	0	0	0	0	0	0	0	0	0	0	0	0	0	0	0	0	0	0	0	0	0	0	0	125	0	0
OTU2134	0	0	0	0	0	0	0	0	0	0	0	0	0	0	0	0	0	0	0	0	0	0	0	0	0	0	0	0	0	0	0	0	0	0	0	0	0	0	0	0	0	0	0	0	0	0	0	0	0	0	0	0	0	0	0	0	0	0	0	0	0	0	0	0	0	0	0	0	0	0	0	0	0	0	0	0	0	0	0	0	0	0	0	0	0	0	0	0	0	0	0	0	0	0	2	0	0	0	0	82	0	0
OTU2135	0	0	0	0	0	0	0	0	0	0	0	0	0	0	0	0	0	0	0	0	0	0	0	0	0	0	0	0	0	0	0	0	0	0	0	0	0	0	0	0	0	0	0	0	0	0	0	0	0	0	0	0	0	0	0	0	0	0	0	0	0	0	0	0	0	0	0	0	0	0	0	0	0	0	0	0	0	0	0	0	0	0	0	0	0	0	0	0	0	0	0	0	0	0	0	0	0	0	0	79	0	0
OTU2136	0	0	0	0	0	0	0	0	0	0	0	0	0	0	0	0	0	0	0	0	0	0	0	0	0	0	0	0	0	0	0	0	0	0	0	0	0	0	0	0	0	0	0	0	0	0	0	0	0	0	0	0	0	0	0	0	0	0	0	0	0	0	0	0	0	0	0	0	0	0	0	0	0	0	0	0	0	0	0	0	0	0	0	0	0	0	0	0	0	0	0	0	0	0	4	0	0	0	0	141	0	0
OTU2137	0	0	0	0	0	0	0	0	0	0	0	0	0	0	0	0	0	0	0	0	0	0	0	0	0	0	0	0	0	0	0	0	0	0	0	0	0	0	0	0	0	0	0	0	0	0	0	0	0	0	0	0	0	0	0	0	0	0	0	0	0	0	0	0	0	0	0	0	0	0	0	0	0	0	0	0	0	0	0	0	0	0	0	0	0	0	0	0	0	0	0	0	0	0	0	0	0	0	0	81	0	0
OTU2138	0	0	0	0	0	1	0	6	0	0	0	0	0	0	0	0	0	0	0	0	0	0	0	0	0	0	0	0	0	0	0	0	0	0	0	0	0	0	0	0	7	11	0	0	0	0	0	0	0	17	0	1	0	1	1	0	0	2	0	2	0	0	0	0	0	0	0	0	0	4	22	0	0	0	0	49	9	6	0	0	0	0	2	0	0	0	0	16	10	0	0	0	0	1	0	0	1	0	0	0	2	0
OTU2139	0	0	0	0	0	0	1	0	2	0	0	0	0	0	0	0	0	0	3	0	3	0	0	0	0	0	0	0	0	0	0	0	0	0	2	0	0	0	0	0	9	122	7	0	0	0	1	0	0	0	0	2	0	1	1	1	0	0	1	0	0	0	0	0	0	0	0	0	1	6	0	2	0	0	0	0	0	0	0	0	1	0	0	0	0	0	0	2	4	0	0	0	4	0	2	0	0	0	0	0	0	0
OTU214	0	2	2	0	0	0	2	2	0	1	2	1	0	0	0	0	0	0	1	0	8	1	0	1	0	3	0	2	0	0	5	1	5	1	50	5	0	1	2	0	4	2	3	1	122	3	3	0	0	1	0	1	5	3	6	3	6	5	275	1	4	0	1	10	8	0	3	1	1392	0	6	2561	1	9	2	3	10	1	3	6	2	7	270	0	2	4	0	1	4	3	4	2	4	165	61	49	54	1	996	240	8	1967
OTU2140	0	0	0	0	0	0	0	0	0	0	0	0	0	0	0	0	0	0	0	1	0	0	0	0	0	0	0	0	0	0	0	0	0	0	0	0	1	0	0	0	0	0	0	0	6	0	0	0	0	0	0	0	0	0	0	3	0	0	0	0	0	0	0	0	20	23	32	8	38	0	0	0	0	0	0	0	0	0	0	0	0	1	0	3	0	0	0	0	0	0	0	0	3	15	9	0	0	0	13	0	5	0
OTU2141	0	2	0	0	0	0	0	0	0	0	0	0	0	0	0	0	0	0	0	0	0	0	0	0	0	0	8	0	0	0	3	0	0	0	0	0	0	2	0	0	1	0	0	17	3	37	0	6	0	0	0	3	0	4	42	11	32	0	1	0	0	0	0	0	1	0	0	0	0	0	1	0	0	6	1	0	1	0	1	0	2	0	0	0	0	0	0	1	1	0	0	0	0	0	1	1	0	0	0	0	0	0
OTU2142	0	0	2	0	0	0	0	1	0	0	0	0	0	0	0	0	0	0	0	0	0	0	0	0	1	0	2	4	0	57	1	0	0	0	6	0	1	0	21	0	0	0	9	1	10	0	2	0	0	1	0	10	0	0	0	3	0	1	2	0	0	0	0	0	15	85	0	0	0	2	0	0	3	4	0	4	2	3	24	0	33	2	1	2	1	10	0	0	0	5	1	10	5	11	4	11	9	0	0	1	0	0
OTU2143	0	0	0	0	0	0	0	0	0	0	0	0	0	0	0	0	0	0	0	0	0	0	0	0	0	0	0	0	0	0	0	0	0	0	1	0	0	0	8	0	0	0	0	3	0	0	134	1	0	0	0	0	0	2	4	0	1	0	0	0	0	0	0	0	0	0	0	0	0	0	3	0	0	2	0	0	0	3	0	0	3	0	0	0	0	3	12	26	0	1	0	0	0	0	4	0	0	0	0	0	0	0
OTU2144	0	0	0	0	0	0	0	0	0	0	0	0	0	0	0	0	0	0	0	0	0	0	0	0	0	0	0	0	0	0	0	0	0	0	1	0	0	0	0	0	0	0	0	0	0	0	0	0	0	0	0	0	0	0	0	0	0	0	0	0	0	0	0	0	0	0	0	0	0	0	0	0	0	0	0	0	0	0	0	0	0	0	0	0	0	0	0	0	0	0	0	0	5	0	0	1	0	115	0	0	2	0
OTU2145	0	0	0	0	0	0	0	0	0	0	0	0	0	0	0	0	0	0	0	0	0	0	0	0	0	0	0	0	0	0	0	0	0	0	0	6	0	0	0	0	0	0	0	1	0	2	0	191	0	5	0	0	1	5	1	0	0	0	0	0	0	0	0	0	0	0	0	0	0	0	0	8	0	0	0	0	0	0	0	0	0	3	0	0	0	0	0	0	7	0	4	0	1	0	0	0	0	0	0	0	0	0
OTU2146	0	0	0	0	0	1	0	0	0	0	0	1	0	0	0	0	0	0	0	0	0	0	0	0	0	0	0	0	0	0	0	0	0	0	0	0	101	9	1	2	0	4	2	0	0	0	0	0	7	0	0	0	0	2	5	1	0	3	1	0	0	0	0	0	0	2	0	0	0	0	0	3	0	3	3	0	7	5	0	9	1	0	4	0	0	0	28	0	2	4	5	1	0	0	0	0	0	0	0	0	0	0
OTU2147	0	0	0	0	0	0	0	0	0	0	0	0	0	0	0	0	0	0	0	0	0	0	0	0	2	0	0	0	0	0	0	0	0	0	0	0	1	0	0	0	0	0	0	0	0	0	0	0	0	0	0	0	0	0	0	0	0	0	0	0	0	0	0	0	0	0	0	1	2	0	0	0	0	0	0	0	0	0	0	0	0	0	0	0	0	0	0	0	0	0	0	0	0	3	0	0	0	0	41	0	68	13
OTU2148	0	0	0	0	0	0	0	2	0	0	0	0	0	2	0	0	0	0	0	0	0	0	0	0	0	0	1	0	0	0	0	0	0	0	0	0	4	18	17	0	0	0	0	1	0	0	0	0	0	2	0	2	0	0	0	2	8	0	1	0	0	0	0	0	0	2	0	0	0	2	37	2	0	0	193	12	21	10	0	1	4	2	4	0	3	0	0	2	0	0	1	0	0	0	2	1	2	0	0	0	0	0
OTU2149	0	0	0	0	0	0	0	0	0	0	0	0	0	0	0	0	0	0	0	0	3	0	0	0	1	0	0	0	0	1	0	0	0	0	0	0	0	0	0	0	1	7	6	0	0	1	0	0	0	2	0	0	0	1	0	2	4	0	5	0	0	0	0	3	0	0	24	0	24	0	0	0	0	0	0	0	0	0	4	0	0	0	2	0	0	0	0	0	0	0	6	0	0	0	0	1	0	0	0	0	0	12
OTU215	0	3	4	1	0	0	6	4	1	0	2	1	0	1	1	0	1	0	0	0	0	0	2	0	0	1	34	43	4	22	130	4	5	5	7	8	5	4	5	0	19	11	6	70	101	432	4	259	126	10	0	73	16	14	38	40	36	57	72	0	2	1	1	5	2	3	4	3	3	6	26	3	104	49	17	42	9	9	56	12	105	50	218	35	39	91	7	7	52	96	44	23	176	169	122	356	56	3	105	279	440	3
OTU2150	0	0	0	0	0	0	0	0	0	0	0	0	0	0	0	0	0	0	0	0	0	0	0	0	0	0	0	1	2	5	0	0	0	0	0	0	1	0	0	0	0	0	1	0	4	0	0	6	2	0	0	1	0	16	3	0	0	5	0	0	1	0	0	1	0	0	0	0	0	0	0	0	8	4	0	0	0	1	6	0	0	1	11	0	0	63	0	1	0	0	0	0	9	4	3	0	7	0	0	0	0	1
OTU2151	0	0	0	0	0	0	0	0	0	0	0	0	0	0	0	0	0	0	0	0	0	0	0	0	0	0	0	0	0	2	0	0	3	0	0	0	0	0	0	0	1	3	2	1	3	2	0	8	1	2	0	0	0	23	1	5	0	6	0	0	0	0	0	1	0	2	5	0	1	0	0	1	3	2	0	0	1	0	5	2	0	3	2	1	0	0	4	1	0	0	0	11	6	1	2	0	7	57	8	23	3	5
OTU2152	0	0	0	0	0	0	0	0	0	0	0	0	0	0	0	0	0	0	0	0	0	0	0	0	0	0	0	1	0	0	1	2	0	0	0	0	0	0	0	0	0	0	0	27	0	15	5	41	0	0	0	0	0	3	0	27	1	3	0	0	0	0	0	0	0	3	0	0	0	5	0	5	7	2	9	0	0	0	1	0	2	16	0	3	0	0	0	0	0	3	0	0	1	0	0	0	0	0	0	0	0	0
OTU2153	0	0	0	0	0	0	0	0	0	0	0	0	0	0	0	0	0	0	0	0	1	0	0	0	0	0	11	0	0	2	0	0	0	0	0	0	5	0	0	0	0	0	8	0	9	31	7	16	2	0	0	11	0	0	2	0	0	5	5	0	0	0	0	3	0	0	0	0	0	0	0	15	15	0	0	22	2	0	0	0	5	0	18	3	19	29	0	18	0	0	4	1	0	10	9	22	30	0	0	1	2	0
OTU2154	0	0	0	0	0	0	0	0	0	0	0	0	0	0	0	0	0	0	0	0	0	0	0	0	0	0	0	0	0	0	0	0	0	0	0	0	0	0	0	0	0	0	0	0	0	0	0	0	0	0	0	1	0	0	2	0	0	2	1	0	0	0	0	1	70	0	0	68	2	0	0	0	0	0	0	0	0	0	0	0	0	0	0	0	0	0	0	0	1	0	0	0	0	0	0	0	0	0	0	0	0	0
OTU2155	0	0	0	0	0	0	0	1	0	0	0	2	0	0	0	0	0	0	0	0	0	0	0	0	0	0	2	2	0	0	0	0	0	0	1	0	0	0	0	0	0	0	0	1	2	0	0	0	0	0	0	0	0	0	1	0	2	0	1	0	0	0	2	0	0	0	1	1	0	0	0	0	0	0	0	0	0	0	0	0	0	4	0	0	0	0	0	0	0	0	0	0	2	2	4	4	6	0	31	25	47	10
OTU2156	0	0	0	0	2	0	0	1	0	0	0	0	0	0	0	0	0	0	6	0	0	0	1	0	2	0	0	0	0	0	0	2	0	0	0	4	0	0	0	0	0	2	0	0	0	0	0	0	0	0	0	0	0	0	3	0	0	0	0	0	0	0	0	3	56	0	0	0	23	0	0	0	0	0	0	0	0	0	0	0	1	0	2	0	0	0	0	0	1	0	0	0	0	2	4	14	1	0	10	162	83	28
OTU2157	0	0	0	0	0	0	0	0	0	0	0	0	0	0	0	0	0	0	0	0	0	0	0	0	0	0	0	0	0	0	0	0	0	1	0	0	0	0	0	0	0	0	0	0	0	0	0	0	0	0	0	0	0	0	0	0	1	0	0	0	0	0	0	0	25	0	44	29	0	0	0	0	0	0	0	0	0	0	0	0	0	0	0	0	0	0	0	0	0	0	0	0	0	0	0	0	0	0	0	0	1	0
OTU2158	0	0	0	0	0	0	0	0	0	0	0	0	0	0	0	0	0	0	2	0	0	0	0	0	0	0	0	0	0	0	0	0	0	0	0	0	0	0	0	0	0	0	0	0	0	0	0	0	0	0	0	0	0	0	0	0	3	4	0	0	0	0	0	0	0	7	73	60	1	0	0	0	0	0	0	0	0	0	0	0	0	0	0	0	0	0	0	0	0	0	0	0	0	0	0	0	0	0	0	0	2	0
OTU2159	0	0	0	0	0	0	0	0	0	0	0	0	0	0	0	0	0	0	0	0	0	0	0	0	4	0	0	0	0	0	0	0	0	1	2	0	0	0	0	0	2	0	0	0	0	0	0	0	0	0	0	0	0	0	0	4	1	0	0	0	0	0	2	0	4	54	124	63	106	0	0	0	0	0	0	0	0	0	0	0	0	0	0	0	0	0	1	0	0	0	0	0	0	0	0	0	0	3	0	1	0	0
OTU216	0	5	6	3	3	2	0	8	2	0	10	9	0	0	1	0	6	2	4	0	1	0	1	0	0	0	164	94	156	76	229	3	1	6	5	2	35	9	42	1	159	118	11	19	95	424	425	88	64	83	36	186	89	38	137	54	22	37	109	2	0	5	2	10	4	1	2	2	2	59	357	21	60	29	26	119	22	44	212	35	53	65	119	109	162	170	184	58	48	129	124	190	137	238	173	420	108	4	3	5	6	1
OTU2160	0	0	0	0	0	0	0	0	0	0	0	0	0	0	0	0	0	0	0	1	0	0	0	0	0	0	0	0	0	0	0	0	0	0	0	0	0	0	0	0	0	0	0	0	0	0	0	0	0	0	0	0	0	0	0	0	0	0	0	0	0	0	0	0	0	0	0	0	0	0	0	0	0	0	0	0	0	0	0	0	0	0	0	0	0	0	0	0	0	0	0	0	0	1	0	0	0	0	122	0	0	0
OTU2161	0	0	0	0	0	0	0	1	0	0	0	0	0	0	0	0	0	0	0	0	0	0	0	0	0	0	0	0	0	0	0	0	0	0	0	0	0	0	0	0	0	0	0	0	0	0	0	0	0	0	0	0	0	0	0	0	0	0	0	0	0	0	0	0	0	0	0	0	0	0	0	0	0	0	0	0	0	0	0	0	0	0	0	0	0	0	0	0	0	0	0	0	0	0	0	0	0	109	0	0	0	0
OTU2162	0	0	0	0	0	0	0	0	0	0	0	0	0	0	0	0	0	0	0	0	0	0	0	0	0	0	0	0	0	0	0	0	0	0	0	0	0	0	0	0	0	0	0	0	0	0	0	0	0	0	0	0	0	0	0	0	0	0	0	0	0	0	0	0	0	0	0	0	0	0	0	0	0	0	0	0	0	0	0	0	0	0	0	0	0	0	0	0	0	0	0	0	0	0	0	0	0	114	0	0	0	0
OTU2163	0	0	0	0	0	0	0	0	0	0	0	0	0	0	0	0	0	0	0	0	0	0	0	0	0	0	0	0	0	0	0	0	0	0	0	0	0	0	0	0	0	0	0	0	0	0	0	0	0	0	0	0	0	0	0	0	0	0	0	0	0	0	0	0	0	0	0	0	0	0	0	0	0	0	0	0	0	0	0	0	0	0	0	0	0	0	0	0	0	0	0	0	0	0	0	0	0	0	0	93	0	0
OTU2164	0	0	0	0	0	0	0	0	0	0	0	0	0	0	0	0	0	0	0	0	0	0	0	0	0	0	0	0	0	0	0	0	0	0	0	0	0	0	0	0	0	0	0	0	0	0	0	0	0	0	0	0	0	0	0	0	0	0	0	0	0	0	0	0	0	0	0	0	0	0	0	0	0	0	0	0	0	0	0	0	0	0	0	0	0	0	0	0	0	0	0	0	0	0	1	0	0	0	0	156	0	0
OTU2165	0	0	0	0	0	0	0	0	0	0	0	0	0	0	0	0	0	0	0	0	0	0	0	0	0	0	0	0	0	0	0	0	0	0	0	0	0	0	0	0	0	0	0	0	0	0	0	0	0	0	0	0	0	0	0	0	0	0	0	0	0	0	0	0	0	0	0	0	0	0	0	0	0	0	0	0	0	0	0	0	0	0	0	0	0	0	0	0	0	0	0	0	0	0	1	0	0	0	0	82	0	0
OTU2166	0	0	0	0	0	0	0	0	0	0	0	0	0	0	0	0	0	0	0	0	0	0	0	0	0	0	0	0	0	0	0	0	0	0	0	0	0	0	0	0	0	0	0	0	0	0	0	0	0	0	0	0	0	0	0	0	0	0	0	0	0	0	0	0	0	0	0	0	0	0	0	0	0	0	0	0	0	0	0	0	0	0	0	0	0	0	0	0	0	0	0	0	0	0	1	0	0	0	0	79	0	0
OTU2167	0	0	0	0	0	0	0	0	0	0	0	0	0	0	0	0	0	0	0	0	0	0	0	0	0	0	0	0	0	0	0	0	0	0	0	0	0	0	0	0	0	0	0	0	0	0	0	0	0	0	0	0	0	0	0	0	5	1	2	0	3	0	0	0	0	0	49	49	37	0	0	0	0	0	0	0	0	0	0	0	0	0	0	0	0	0	0	0	0	0	0	0	0	0	0	2	0	0	0	0	100	0
OTU2168	0	1	0	0	0	0	0	0	0	0	0	0	2	0	0	0	0	0	0	0	0	0	0	0	0	2	2	18	12	0	2	0	0	1	0	0	7	0	2	0	2	1	0	0	0	4	6	0	0	4	0	6	0	0	0	0	73	6	0	0	0	0	0	0	0	0	1	0	0	1	0	0	0	0	1	0	25	0	0	56	3	57	2	2	0	0	18	0	8	0	0	0	0	0	0	1	0	0	0	0	0	0
OTU2169	0	0	0	0	0	0	0	0	0	0	98	0	0	0	0	0	0	0	0	3	0	0	0	0	0	0	0	0	0	0	0	0	0	0	0	0	0	0	0	0	0	0	0	0	1	0	0	0	0	0	0	1	0	0	0	0	0	0	0	0	0	0	0	0	0	0	0	0	0	0	0	0	0	0	0	1	0	0	0	0	0	0	0	0	0	0	0	2	0	0	0	0	0	0	0	3	0	0	0	0	0	0
OTU217	0	2	2	0	0	1	0	3	1	3	1	1	0	7	0	0	0	1	2	0	7	7	0	0	1	1	60	287	157	57	31	2	12	9	9	2	33	7	58	0	93	20	150	80	89	291	10	43	168	93	15	77	35	63	106	52	184	41	97	4	3	2	0	4	12	1	11	1	2	18	235	178	29	24	29	14	117	67	67	55	19	185	58	90	77	116	51	28	28	48	50	139	146	77	45	103	58	3	6	2	7	1
OTU2170	0	0	0	1	0	0	0	0	0	0	0	0	0	0	0	0	0	0	1	0	1	0	0	0	0	0	1	4	0	5	0	0	0	0	0	0	0	2	26	0	27	21	20	49	2	47	0	0	2	0	0	0	0	0	13	7	0	1	0	0	0	0	0	1	0	0	0	0	0	0	11	0	0	0	6	0	0	0	0	0	0	3	0	0	4	0	0	3	0	0	1	1	4	0	0	2	0	0	0	0	0	0
OTU2171	0	0	0	1	0	0	0	0	0	0	0	0	0	0	0	0	0	0	0	0	0	0	0	0	0	1	0	0	0	0	0	0	0	0	2	0	33	0	20	0	0	20	0	0	0	0	0	0	0	0	0	0	0	2	0	1	0	0	1	0	0	0	0	0	0	0	0	0	0	0	0	25	0	0	0	0	0	0	17	14	0	0	0	0	0	0	0	0	1	0	0	0	0	0	0	0	0	0	0	0	0	0
OTU2172	0	0	3	0	0	2	0	4	0	0	0	0	0	0	0	1	0	0	2	0	1	3	0	0	0	0	5	90	1	70	14	5	1	0	10	3	17	2	23	0	45	26	60	17	18	3	21	63	14	16	3	6	10	2	30	37	16	26	19	5	0	0	0	0	214	124	98	9	32	5	6	8	1	14	8	31	0	15	19	29	11	33	1	6	23	14	3	59	15	9	45	28	13	12	7	26	97	0	18	35	39	31
OTU2173	0	0	0	0	0	0	0	0	0	0	0	0	0	0	0	0	0	0	0	0	0	0	0	0	0	0	0	0	0	1	0	0	0	0	0	0	0	0	0	0	0	3	0	0	0	0	0	0	0	0	0	0	0	2	0	0	0	0	0	0	0	0	0	0	0	0	0	0	0	0	0	0	0	0	0	2	0	3	6	0	0	0	0	0	0	0	0	1	0	132	1	0	1	0	1	0	0	0	0	11	2	0
OTU2174	0	0	0	0	0	0	0	0	0	0	0	0	0	0	0	0	0	0	0	0	0	0	0	0	0	0	2	0	0	1	1	0	1	1	0	0	0	0	0	0	1	0	0	9	23	51	2	0	0	0	0	0	0	1	0	0	0	0	2	1	1	0	0	0	0	0	0	0	0	0	0	0	0	0	0	0	2	0	0	0	0	11	5	0	0	0	1	0	0	0	4	0	4	0	0	9	19	0	0	0	0	0
OTU2175	0	1	0	0	0	0	0	0	0	0	0	1	0	0	0	0	0	0	0	0	0	0	0	2	0	0	6	13	4	11	6	0	1	0	6	1	21	2	6	0	12	2	13	0	2	0	4	3	0	8	3	16	22	2	0	0	2	0	0	0	0	0	0	0	5	26	10	7	8	4	26	0	2	19	3	21	2	0	4	25	4	0	4	8	2	0	2	6	15	0	1	2	2	4	6	13	1	0	0	1	0	0
OTU2176	0	0	0	0	0	0	2	0	0	0	0	0	0	0	0	0	0	0	0	0	1	0	0	0	0	0	12	0	0	0	0	0	0	0	0	0	0	2	0	0	2	0	1	65	19	44	0	1	0	0	0	0	0	1	33	32	13	1	7	2	0	0	0	0	2	6	0	0	2	0	3	2	0	1	7	0	4	1	1	4	2	16	1	0	0	0	0	0	0	0	1	0	7	0	0	5	12	0	0	0	71	37
OTU2177	0	0	0	0	0	0	0	0	0	0	0	0	0	0	0	0	0	0	0	0	0	0	0	0	0	0	0	0	0	3	0	0	0	0	0	0	7	1	1	0	0	0	0	5	0	14	9	0	0	0	0	0	0	0	1	0	21	0	0	0	0	0	0	0	0	0	0	0	0	0	0	0	1	0	0	0	9	28	0	0	0	1	0	0	1	0	1	32	0	0	0	0	4	1	0	4	0	0	0	0	0	0
OTU2178	0	0	0	0	0	0	0	0	0	0	0	2	0	0	0	0	0	0	0	0	0	0	0	0	3	0	1	0	0	0	0	0	2	0	0	0	1	0	0	0	3	0	0	0	1	0	0	9	6	0	0	1	4	6	10	1	0	6	7	0	0	0	1	0	0	3	0	0	3	0	2	3	0	0	0	0	0	0	5	0	2	3	11	1	7	15	0	0	0	2	1	0	8	9	7	7	0	0	0	0	34	0
OTU2179	0	0	0	0	0	0	0	0	0	0	0	0	0	0	0	0	0	0	0	0	0	0	0	0	0	0	0	0	1	0	0	0	0	0	0	0	3	0	0	0	1	3	0	0	0	0	0	0	0	37	0	0	0	0	48	0	0	1	0	0	0	0	0	0	0	0	0	0	0	42	0	0	0	0	0	0	0	1	0	0	3	1	1	0	0	0	0	0	0	0	0	2	0	0	0	0	0	0	0	0	0	0
OTU218	0	3	0	6	2	2	15	6	6	4	2	0	1	2	1	0	0	0	2	0	3	7	1	17	2	7	34	166	41	78	242	11	8	9	21	3	134	11	688	1	355	21	38	228	328	313	15	113	141	186	6	26	13	29	82	64	133	48	92	6	14	4	4	17	34	5	7	20	50	35	25	110	97	244	7	28	586	85	71	151	408	90	181	143	106	152	131	408	41	13	72	84	312	159	22	134	29	15	9	1	13	4
OTU2180	0	0	0	0	0	0	0	0	0	0	0	0	0	0	0	0	0	0	0	0	1	0	0	0	0	0	3	0	0	0	0	0	0	0	0	0	0	0	1	0	0	3	0	4	8	0	2	9	0	0	1	0	0	2	15	0	0	0	5	5	0	0	0	0	1	0	0	0	0	0	1	0	1	2	17	3	0	0	0	0	6	47	0	0	0	0	0	0	1	0	1	0	6	2	0	0	118	0	0	0	0	1
OTU2181	0	0	0	0	0	0	0	0	3	0	0	0	0	1	0	0	0	0	1	0	0	0	0	0	0	0	0	0	0	1	0	0	0	0	0	0	0	0	0	0	0	2	0	0	0	0	0	0	0	0	0	1	0	0	1	2	0	117	0	0	0	0	0	0	0	0	0	2	0	1	0	0	0	0	0	0	4	0	0	0	0	0	1	0	3	0	0	0	1	2	0	2	0	0	0	2	2	0	0	0	0	0
OTU2182	0	0	0	0	0	0	1	5	0	0	0	0	0	2	0	0	0	0	0	0	0	4	4	0	2	3	0	0	0	3	0	0	2	0	0	0	2	0	0	0	0	2	0	0	0	0	1	0	1	1	0	2	1	0	17	20	33	25	4	2	0	0	1	0	75	91	285	233	81	0	2	0	0	0	0	0	2	4	0	0	0	0	0	0	0	2	2	0	2	0	0	0	1	4	0	0	6	1	25	15	55	56
OTU2183	0	0	0	0	0	0	0	0	0	0	0	0	0	0	0	0	0	0	0	0	0	0	0	0	0	0	0	0	0	0	0	0	0	0	0	0	0	0	0	0	0	0	0	0	0	0	0	0	0	0	0	0	0	2	0	0	0	0	0	1	0	0	0	0	10	1	15	0	69	0	0	0	0	0	0	0	1	0	0	0	0	2	0	0	0	4	0	0	0	0	0	0	0	0	0	0	0	0	0	1	0	8
OTU2184	0	0	0	0	0	0	0	0	0	0	1	0	0	0	0	0	0	0	0	0	0	0	0	0	0	0	0	0	0	0	0	0	0	0	0	0	0	0	0	0	0	0	0	0	0	0	0	0	0	0	0	0	0	0	0	0	0	0	0	0	0	0	0	0	0	27	29	21	5	0	0	0	0	0	0	0	0	0	0	0	0	0	0	0	0	0	0	0	0	0	0	0	0	0	0	0	0	0	0	0	0	0
OTU2185	0	0	0	0	0	0	0	0	0	0	0	0	0	1	0	0	0	0	0	0	0	1	1	0	0	0	0	0	0	0	0	0	0	0	0	0	0	0	0	0	0	0	0	0	0	0	0	0	0	0	0	0	0	0	0	0	0	0	0	0	1	0	0	0	0	0	1	0	0	0	0	0	0	0	0	0	0	0	0	0	0	0	0	0	0	0	0	0	0	0	0	0	2	2	0	0	0	44	8	0	30	0
OTU2186	0	0	0	0	0	0	0	0	0	0	0	0	0	0	0	0	0	0	0	0	0	0	0	0	0	0	0	0	0	0	0	0	0	0	0	0	0	0	0	0	0	0	0	0	0	0	0	0	0	0	0	0	0	0	0	0	0	1	0	0	0	0	0	0	0	0	2	95	0	0	0	0	0	0	0	0	0	0	0	0	0	0	0	0	0	0	0	0	0	0	0	0	0	0	0	0	0	0	0	0	0	0
OTU2187	0	0	0	0	0	0	0	0	0	0	0	0	0	0	0	0	0	0	0	0	0	0	0	0	0	0	0	0	0	0	0	0	0	0	0	0	0	0	0	0	0	0	0	0	0	0	0	0	0	0	0	0	0	0	0	0	0	1	0	0	0	0	0	0	0	0	0	0	1	0	0	0	0	0	0	0	0	0	0	0	0	0	0	0	0	0	0	11	7	3	5	20	0	3	3	8	0	0	0	51	0	0
OTU2188	0	0	0	0	0	0	0	0	0	0	0	0	0	0	0	0	0	0	0	0	0	0	0	0	0	0	0	0	0	0	0	0	0	0	0	0	0	0	0	0	0	0	0	0	0	0	0	0	0	0	0	0	0	0	0	0	0	0	0	0	0	0	0	0	7	0	2	0	0	0	0	0	0	0	0	0	0	0	0	0	0	0	0	0	0	0	0	0	0	0	0	0	0	1	0	0	0	69	25	0	7	0
OTU2189	0	0	0	0	0	0	0	0	0	0	0	0	0	0	0	0	0	0	0	0	0	0	0	0	0	0	0	0	0	0	0	0	0	0	0	0	0	0	0	0	0	0	0	0	0	0	0	0	0	0	0	0	0	0	0	0	0	0	0	0	0	0	0	0	0	0	0	0	0	0	0	0	0	0	0	0	0	0	0	0	0	0	0	0	0	0	0	0	0	0	0	0	0	0	0	0	0	6	98	0	0	0
OTU219	0	0	2	1	0	0	3	15	0	0	1	0	1	0	2	0	0	0	9	1	9	1	0	5	11	2	23	1	5	62	5	9	15	3	6	8	13	1	1	3	457	39	104	17	21	1	5	45	63	0	0	80	14	66	38	34	27	34	87	15	7	6	2	8	697	399	464	503	1539	1	1	5	45	11	5	9	4	3	93	13	21	2	43	13	12	43	2	3	1	48	58	35	34	28	18	27	15	154	219	52	527	170
OTU2190	0	0	0	0	0	0	0	0	0	0	0	0	0	0	0	0	0	0	0	0	0	0	0	0	0	0	0	0	0	0	0	0	0	0	0	0	0	0	0	0	0	0	0	0	0	0	0	0	0	0	0	0	0	0	0	0	0	0	0	0	0	0	0	0	0	0	0	0	0	0	0	0	0	0	0	0	0	0	0	0	0	0	0	0	0	0	0	0	0	0	0	0	0	0	0	0	0	0	0	163	0	0
OTU2191	0	0	0	0	0	0	0	0	0	0	0	0	0	0	0	0	0	0	0	0	0	0	0	0	0	0	0	0	0	0	0	0	0	0	0	0	0	0	0	0	0	0	0	0	0	0	0	0	0	0	0	0	0	0	0	0	0	0	0	0	0	0	0	0	0	0	0	0	0	0	0	0	0	0	0	0	0	0	0	0	0	0	0	0	0	0	0	0	0	0	0	0	0	0	0	0	0	0	0	139	0	0
OTU2192	0	0	0	0	0	0	0	0	0	0	0	0	0	0	0	0	0	0	0	0	0	0	0	0	0	1	0	0	0	0	0	0	0	0	0	0	0	0	0	0	0	0	0	0	0	0	0	0	0	0	2	0	0	0	0	0	0	0	0	0	0	0	0	0	0	0	0	0	0	0	0	0	0	0	0	0	0	0	0	0	0	0	0	0	0	0	0	0	0	0	0	0	0	0	4	0	0	0	0	94	7	0
OTU2193	0	0	0	0	0	0	0	0	0	0	0	0	0	0	0	0	0	0	0	0	0	0	0	0	0	0	0	0	0	0	0	0	0	0	0	0	0	0	0	0	0	0	0	0	0	0	0	0	0	0	0	0	0	0	0	0	0	0	0	0	0	0	0	0	0	0	0	0	0	0	0	0	0	0	0	0	0	0	0	0	0	0	0	0	0	0	0	0	0	0	0	0	0	0	0	0	0	0	0	109	0	0
OTU2194	0	0	0	0	0	0	0	0	0	0	0	0	0	0	0	0	0	0	0	0	0	0	0	0	0	0	0	0	0	0	0	0	0	0	0	0	0	0	0	0	0	0	0	0	0	0	0	0	0	0	0	0	0	0	0	0	0	0	0	0	0	0	0	0	0	0	0	0	0	0	0	0	0	0	0	0	0	0	0	0	0	0	0	0	0	0	0	0	0	0	0	0	0	0	0	0	0	0	0	111	0	0
OTU2195	0	0	0	0	0	0	0	1	0	0	0	0	0	0	0	0	0	0	0	0	0	0	0	0	0	0	11	0	0	0	0	0	0	0	0	0	6	0	0	0	0	1	1	0	0	0	0	2	5	1	0	2	14	0	0	0	0	0	0	0	0	0	0	0	0	0	0	0	0	0	0	0	6	8	0	15	3	0	1	2	0	2	0	0	0	0	0	1	0	3	35	0	0	1	0	0	0	0	0	0	0	0
OTU2196	0	0	0	0	0	0	0	3	0	0	0	0	0	0	0	0	0	0	0	0	0	0	0	0	0	0	0	3	0	0	0	0	0	0	0	0	1	0	0	0	0	0	0	0	0	0	0	0	0	0	0	0	0	2	0	0	0	0	0	0	0	0	0	0	0	0	0	0	0	0	0	0	0	0	0	81	31	1	0	0	0	4	0	2	0	0	0	0	0	0	0	2	0	0	0	1	0	0	0	0	0	0
OTU2197	0	0	0	0	0	0	0	0	0	0	0	0	0	1	0	0	0	0	0	0	0	0	0	4	0	0	23	0	2	12	4	0	0	0	0	0	13	1	21	0	0	0	0	2	0	0	6	4	18	0	0	1	10	7	2	1	2	1	0	0	0	0	0	2	0	0	0	0	3	7	9	0	5	15	0	21	0	1	6	2	3	0	5	0	3	0	10	10	0	1	12	0	0	2	4	1	1	0	0	0	5	0
OTU2198	0	0	0	0	0	0	0	0	0	0	0	0	0	0	0	0	0	0	4	0	0	0	0	0	0	0	0	2	0	1	4	0	0	0	0	0	0	0	0	0	0	8	1	0	0	0	0	0	1	0	2	0	0	0	2	0	0	0	0	0	0	0	0	0	24	1	0	0	11	0	0	1	0	0	0	0	0	1	6	0	3	3	0	4	6	0	0	0	0	2	0	0	3	8	0	2	2	47	9	0	0	0
OTU2199	0	0	0	0	0	0	0	0	0	0	0	0	0	0	0	1	0	0	0	0	1	0	0	0	0	0	5	0	26	0	0	0	0	0	0	0	1	0	19	0	0	0	7	0	0	0	0	0	2	0	0	0	1	0	0	0	4	2	0	0	0	0	0	0	0	0	0	0	0	0	10	0	0	0	0	3	10	7	1	0	0	5	0	0	0	0	0	1	13	0	0	15	0	0	0	11	1	0	0	0	0	0
OTU22	0	3	0	0	0	1	32	22	1	1	5	3	0	2	0	0	2	2	17	13	34	21	17	33	28	33	6	11	14	8	4	35	79	20	74	9	11	1	6	6	11	15	8	11	599	11	13	12	10	22	1	1232	5	1021	166	63	23	446	1309	40	17	28	17	72	75	58	145	65	159	4	4	8	9	227	10	17	47	23	11	19	18	880	22	666	21	227	16	6	10	110	151	20	2039	73	205	681	1283	1814	1164	909	15176	29929
OTU220	0	4	1	0	0	1	0	0	0	0	1	3	0	0	0	3	0	1	0	0	0	0	0	84	0	0	4	6	0	1	0	0	0	0	0	0	1	12	3738	2	2	8	1	4	6	5	0	0	5	2	0	8	5	3	3	6	3	0	8	0	0	0	0	1	0	0	0	1	0	6	2	0	0	1	1	2	1	4	4	9	7	7	4	0	2	22	1	3	1	0	3	5	12	3	6	11	7	0	0	0	1	3
OTU2200	0	0	0	0	0	0	0	0	0	0	0	0	0	0	0	0	0	0	0	0	0	0	0	1	0	0	18	20	23	0	4	0	0	0	3	0	2	9	7	0	2	1	0	0	0	0	0	0	0	2	0	3	4	0	0	0	0	0	1	0	0	0	0	0	0	0	0	0	0	13	0	0	0	1	0	5	6	4	0	8	3	0	3	0	1	3	0	1	5	0	20	1	0	0	1	1	0	0	0	0	0	0
OTU2201	0	0	0	0	0	0	0	1	0	0	0	0	0	0	0	0	0	0	0	0	0	0	0	0	0	0	9	4	7	4	6	0	0	0	2	0	10	1	0	0	8	1	2	0	1	0	6	2	1	1	0	12	0	0	0	0	0	3	0	0	0	0	0	0	0	0	0	0	0	0	2	6	1	0	0	0	9	1	7	7	2	0	0	0	8	3	7	2	14	0	0	8	0	1	0	0	0	0	0	0	0	0
OTU2202	0	0	0	0	0	0	0	0	0	0	0	0	0	0	0	0	0	0	0	0	0	0	0	0	0	0	12	7	0	5	15	0	0	1	0	0	0	0	0	0	1	0	0	0	9	7	0	0	0	0	0	0	0	9	0	0	0	8	5	0	0	0	0	0	0	0	0	0	0	0	0	0	0	8	4	0	0	0	2	0	3	0	0	5	2	25	0	0	0	0	14	0	1	13	0	14	4	0	0	0	3	0
OTU2203	0	0	0	0	0	0	0	0	0	0	0	0	0	0	0	0	0	0	0	0	0	0	0	1	0	0	1	0	0	0	0	0	0	0	0	0	0	0	0	0	0	0	0	1	0	0	4	3	1	0	0	0	0	0	0	0	0	0	0	0	0	0	0	0	0	0	5	0	0	0	13	0	0	0	0	0	0	0	2	0	0	1	0	0	5	3	0	0	4	1	0	0	7	15	18	13	1	0	11	0	8	5
OTU2204	0	0	0	0	0	0	0	1	0	0	0	0	0	0	0	0	0	0	0	0	0	0	0	0	0	0	12	21	0	1	31	0	0	0	0	0	6	1	0	0	0	51	0	0	0	0	0	0	0	11	0	0	0	0	0	1	0	0	0	0	0	0	0	0	0	0	0	0	0	0	0	3	0	0	1	14	0	5	0	2	4	0	0	0	0	0	1	0	0	0	0	0	0	2	0	2	0	0	0	0	0	0
OTU2205	0	0	0	0	0	0	0	0	0	0	0	0	0	0	0	0	0	0	0	0	0	0	0	0	0	0	0	4	0	3	0	0	0	0	0	0	0	0	2	2	0	0	0	1	1	5	0	0	0	0	0	0	0	1	4	11	2	5	10	0	0	0	0	0	0	0	0	1	0	0	0	0	0	1	3	1	0	0	1	0	2	3	1	0	0	1	0	0	0	0	2	0	1	6	8	12	9	0	0	0	0	0
OTU2206	0	0	0	0	0	0	0	0	0	0	0	0	0	0	0	0	0	0	0	0	0	0	0	0	0	0	1	4	0	2	0	0	0	0	0	0	0	0	24	0	21	0	0	0	0	0	0	0	0	0	0	30	0	1	0	0	0	0	1	0	0	0	0	0	0	0	0	0	0	0	0	0	0	0	0	0	0	0	4	0	0	0	0	0	4	2	0	0	0	0	0	0	10	19	0	0	0	0	0	0	0	0
OTU2207	0	1	0	0	0	0	0	0	0	0	0	0	0	0	0	0	0	0	0	0	0	0	0	0	0	0	0	0	0	3	0	0	0	0	0	0	0	0	0	0	0	0	0	0	0	35	0	0	0	0	0	35	0	7	0	0	0	0	3	0	0	0	0	0	0	0	2	0	3	20	15	0	20	1	23	0	0	0	0	2	0	2	5	0	0	0	0	18	0	0	0	0	0	0	0	2	0	0	0	0	0	0
OTU2208	0	0	0	0	0	0	2	0	0	0	0	0	0	1	0	0	0	0	0	0	0	0	0	0	0	0	0	0	0	0	7	0	0	0	0	0	0	0	0	0	3	5	7	1	1	1	1	0	5	1	0	0	14	27	1	0	0	0	0	1	1	0	0	1	0	0	0	0	0	0	0	0	6	15	0	0	0	0	0	8	13	5	15	0	0	0	0	0	2	0	0	0	0	12	18	6	3	0	0	0	0	0
OTU2209	0	0	0	0	0	0	0	0	0	0	0	0	0	0	0	0	0	0	0	0	0	1	1	0	0	0	0	0	0	0	0	85	0	1	0	0	1	0	0	0	0	0	0	6	0	0	0	0	0	0	0	0	0	0	0	0	0	0	0	0	0	0	0	3	0	0	0	0	0	0	0	0	0	0	0	0	0	0	0	0	0	0	0	0	0	0	0	0	0	0	0	0	0	0	0	0	0	1	0	0	0	0
OTU221	0	0	0	0	0	0	10	3	0	0	0	4	0	0	2	0	0	1	4	0	2	2	1	0	1	5	40	811	8	110	96	6	5	0	0	4	11	28	56	4	412	86	25	201	121	67	32	107	157	89	11	164	35	228	151	186	61	123	95	0	4	3	125	6	11	92	98	12	84	26	27	23	9	112	23	64	8	8	41	17	32	85	60	62	288	82	24	155	20	34	77	358	235	133	82	155	313	164	482	82	163	339
OTU2210	0	0	0	0	0	0	1	0	0	0	0	0	0	0	0	0	0	0	0	0	0	0	0	0	0	0	2	0	0	0	0	0	0	0	0	2	1	0	0	0	10	0	0	2	1	1	0	114	9	0	3	3	27	3	4	11	6	30	11	0	0	0	0	0	1	0	0	1	0	0	0	1	0	0	0	1	0	0	0	0	4	5	0	0	0	2	0	0	0	4	0	4	31	2	4	6	2	2	1	0	0	0
OTU2211	0	0	0	0	0	0	0	2	0	0	0	0	0	0	1	0	0	0	0	0	0	0	0	1	0	0	2	2	4	0	2	0	0	0	1	0	5	5	8	0	4	1	6	7	0	1	3	0	0	0	0	3	6	1	3	0	30	1	0	0	0	0	0	0	0	0	0	0	0	5	0	0	0	0	11	3	8	2	15	15	0	0	2	3	0	0	2	7	12	5	0	12	4	7	0	0	0	1	0	0	0	0
OTU2212	0	0	0	0	0	0	0	0	0	0	0	0	0	0	0	0	0	0	0	0	0	0	0	0	0	0	0	0	0	2	2	0	0	0	0	0	5	5	17	0	17	0	5	0	0	6	0	0	5	2	0	15	0	1	5	0	0	1	0	0	0	0	0	0	0	0	0	0	0	0	0	8	0	0	2	13	0	8	0	0	4	0	0	5	0	1	0	0	0	0	3	7	0	1	2	20	0	0	0	0	0	0
OTU2213	1	0	0	0	0	0	0	0	0	0	0	0	0	1	0	0	0	0	2	0	0	0	0	0	0	0	0	0	0	0	0	0	0	0	0	0	6	0	2	0	20	18	12	0	13	5	5	0	2	1	0	0	1	0	1	4	5	0	5	0	0	0	0	0	0	0	1	0	0	0	3	6	0	1	26	0	0	0	0	0	0	5	6	0	0	0	5	0	2	0	5	3	2	0	0	8	8	0	0	0	3	0
OTU2214	0	0	0	0	0	0	0	0	0	0	0	0	0	0	0	0	0	0	0	0	0	0	0	0	0	0	1	0	0	0	0	0	0	0	0	0	0	0	0	0	137	0	0	0	0	0	0	0	0	0	0	0	0	0	0	2	0	0	0	0	0	0	0	0	0	0	0	0	0	0	0	0	0	1	0	0	0	0	0	0	0	0	0	0	0	0	0	0	0	0	0	0	0	0	0	1	0	0	0	0	0	0
OTU2215	0	1	0	0	0	0	0	0	0	0	1	1	0	2	0	1	0	0	1	0	0	1	0	2	0	0	101	0	0	71	25	0	0	2	0	0	6	22	11	0	34	17	2	1	13	134	7	43	33	23	11	10	3	25	24	12	0	2	4	0	0	0	0	1	0	0	0	0	37	5	0	1	10	41	31	4	2	8	62	0	29	21	8	1	19	33	41	8	18	0	65	79	31	34	15	25	16	0	67	1	28	59
OTU2216	0	0	0	0	0	0	0	0	0	0	0	0	0	0	0	0	0	1	0	0	0	0	0	0	0	0	0	0	0	2	0	0	5	4	0	1	0	0	1	0	3	13	0	0	3	27	0	9	11	3	2	0	0	1	0	0	0	1	4	0	0	0	0	0	0	0	0	0	0	0	0	0	3	8	3	0	0	0	0	0	0	1	5	0	0	18	0	0	0	0	11	0	0	5	3	1	21	0	0	0	0	0
OTU2217	0	0	0	0	0	0	0	0	0	0	0	1	0	0	0	0	0	0	0	0	0	0	0	0	0	0	0	0	0	2	0	1	0	0	0	0	0	0	0	0	4	5	3	0	0	0	0	0	1	0	0	0	0	0	0	1	0	6	3	0	0	0	0	0	0	31	0	0	1	0	0	0	0	0	1	0	0	0	33	0	0	0	0	2	0	0	1	0	0	0	0	0	4	0	0	5	0	0	0	0	0	0
OTU2218	0	0	0	0	0	0	0	0	0	0	0	0	0	0	0	0	0	0	0	0	0	0	0	0	0	0	0	0	0	1	0	0	0	0	0	0	0	0	0	0	6	5	0	0	2	3	1	1	2	1	0	0	0	5	2	1	1	3	2	0	0	0	0	0	0	28	4	17	32	0	0	0	1	0	0	1	0	0	9	3	2	0	1	2	2	6	0	5	0	0	0	8	7	0	6	1	8	0	0	0	0	1
OTU2219	0	0	0	0	0	0	0	0	0	0	0	0	0	0	0	0	0	0	0	0	0	0	0	0	0	0	0	0	0	0	1	0	0	0	0	0	0	0	0	0	0	0	0	37	0	5	0	0	0	0	0	0	0	0	0	0	0	0	0	0	0	0	0	0	0	0	0	0	0	0	0	0	0	0	0	0	0	0	0	0	0	0	0	0	0	0	0	0	0	21	0	0	0	0	0	66	0	0	0	0	0	0
OTU222	2	7	0	1	4	5	0	0	2	1	2	2	0	3	1	0	0	0	0	0	0	0	0	6	0	0	4	6	4	6	4	9	5	2	5	2	1	10	195	1	7	4	9	1156	356	177	19	11	9	11	3	11	0	25	339	303	987	28	138	3	1	0	0	0	1	32	15	2	3	0	4	1	6	3	4	11	476	200	5	3	7	170	29	18	27	33	13	44	454	3	0	8	84	24	164	77	290	1	0	4	0	2
OTU2220	0	0	0	0	0	0	0	0	0	0	0	0	0	3	0	0	0	0	0	0	0	0	0	0	0	0	0	0	0	0	1	0	0	0	0	0	1	0	0	0	2	0	0	0	3	0	0	0	1	3	0	0	0	0	0	0	0	0	0	0	0	0	0	0	0	0	0	0	0	0	60	2	1	0	0	0	17	0	0	0	0	1	0	0	0	0	0	19	39	0	0	0	0	0	0	0	0	0	0	0	0	0
OTU2221	0	1	0	0	0	0	0	0	0	0	0	0	0	0	0	0	0	0	0	0	0	0	0	0	0	0	0	0	5	0	1	0	0	0	0	0	7	0	0	0	3	0	0	0	0	7	1	0	2	0	0	0	0	0	3	13	45	2	0	0	0	0	0	0	0	0	0	0	0	0	0	0	0	0	0	1	4	0	0	0	3	0	1	0	1	0	3	0	1	0	0	0	0	0	0	0	1	0	0	0	0	0
OTU2222	0	0	0	0	0	0	0	0	0	0	0	0	0	0	0	0	0	0	0	0	0	0	0	0	0	0	0	0	0	0	0	0	0	0	0	0	0	0	0	0	0	0	0	0	0	0	0	0	0	0	0	0	0	0	0	3	0	0	0	0	0	0	0	0	0	96	0	0	0	0	0	0	0	0	0	0	0	0	0	0	0	0	0	0	0	0	0	0	0	0	0	0	0	0	0	0	0	0	0	0	0	0
OTU2223	0	0	0	0	0	0	1	0	0	0	0	0	0	0	0	0	0	0	0	0	0	0	0	0	0	0	0	0	0	0	0	0	0	0	0	0	0	0	0	0	0	0	0	5	0	0	0	0	3	7	1	0	0	2	0	5	2	13	0	0	0	0	0	0	0	0	0	123	0	0	0	0	4	1	0	0	1	0	0	0	0	4	0	0	0	0	0	0	0	8	0	1	0	1	8	0	7	0	0	1	0	0
OTU2224	0	0	0	0	0	0	0	0	0	0	0	0	0	0	0	0	0	0	0	0	0	0	0	0	0	0	0	0	0	0	0	0	0	0	0	0	0	0	0	0	0	0	0	6	0	2	0	0	0	0	0	0	0	0	3	0	0	4	3	0	0	0	0	0	22	4	3	5	6	0	0	0	0	0	0	1	0	0	0	0	2	8	1	0	0	10	0	0	0	0	0	0	7	4	2	10	4	0	16	0	8	40
OTU2225	0	0	0	0	0	0	0	1	0	0	0	0	0	0	0	0	0	1	0	0	0	0	0	0	0	0	0	0	0	0	0	0	0	0	0	0	0	0	0	1	1	0	0	0	0	0	0	0	0	2	0	10	0	1	0	0	0	0	1	0	0	0	0	2	0	0	0	0	0	0	10	11	0	0	0	45	0	0	0	0	0	0	29	0	0	34	2	1	0	0	0	0	1	1	0	0	2	0	0	0	0	0
OTU2226	0	0	0	0	0	0	0	0	0	0	0	0	0	0	0	0	0	0	2	0	0	0	0	0	0	0	0	0	0	0	0	0	0	0	0	0	0	0	0	0	0	0	0	0	0	0	0	0	0	0	0	0	0	0	0	0	0	0	0	0	0	0	0	2	0	0	0	0	0	0	0	0	0	0	0	0	0	0	0	0	0	0	0	0	0	0	0	0	0	0	0	0	0	0	0	0	0	0	16	0	45	29
OTU2227	0	0	0	0	0	0	0	0	0	0	0	0	0	0	0	0	0	0	0	0	0	0	0	0	0	0	0	0	0	0	0	0	0	0	0	0	0	0	0	0	0	0	0	0	0	0	0	0	0	0	0	0	0	0	0	0	0	0	0	0	0	0	0	0	37	5	12	2	29	0	0	0	0	0	0	0	0	0	0	0	0	0	0	0	0	0	0	0	0	0	0	0	0	0	0	0	0	0	0	0	0	1
OTU2228	0	0	0	0	0	0	0	0	0	0	0	0	0	0	0	0	0	0	0	0	0	0	0	0	0	0	0	0	0	0	0	0	0	0	0	0	0	0	0	0	0	0	0	0	0	0	0	0	0	0	0	0	0	0	0	0	0	0	0	0	0	0	0	0	101	0	0	0	0	0	0	0	0	0	0	0	0	0	0	0	0	0	0	0	0	0	0	0	0	0	0	0	0	0	0	0	0	0	0	0	0	0
OTU2229	0	0	0	0	0	0	0	0	0	0	0	0	0	0	0	0	0	0	0	0	0	0	0	0	0	0	0	2	0	0	0	0	2	0	0	0	0	0	0	0	0	0	0	0	0	0	0	0	0	1	0	0	3	0	0	0	2	0	0	0	0	0	0	0	1	32	45	6	0	0	0	0	0	0	0	4	0	0	0	2	0	0	2	0	0	0	20	0	5	0	1	0	0	0	0	0	0	0	11	1	12	4
OTU223	0	2	4	0	1	0	0	0	0	0	0	5	0	1	3	0	1	1	0	0	1	2	0	0	0	0	96	0	111	5	30	0	2	0	5	0	93	0	1	2	4	7	166	3	1	0	188	1	4	1	0	6	4	5	7	2	2985	2	4	0	0	0	3	1	0	0	79	1	4	13	57	2	3	3	42	1	3	1	1	32	5	4	3	2	222	4	3	3	3	0	3	19	4	2	3	10	2	0	0	0	0	0
OTU2230	0	0	0	0	0	0	0	0	0	0	0	0	0	0	0	0	0	0	0	0	0	0	0	0	0	0	0	0	0	0	0	0	0	0	0	0	0	0	0	0	0	0	0	0	0	0	0	0	0	0	0	0	0	0	0	0	0	0	0	1	0	0	0	0	0	0	0	0	0	0	0	0	0	0	0	0	0	0	0	0	0	0	0	0	0	0	0	0	0	0	0	0	0	0	1	0	0	0	0	145	0	0
OTU2231	0	0	0	0	0	0	0	0	0	0	0	0	0	0	0	0	0	0	0	0	0	0	0	0	0	0	0	0	0	0	0	0	0	0	0	0	0	0	0	0	0	0	0	0	0	0	0	0	0	0	0	0	0	0	0	0	0	0	0	0	0	0	0	0	0	0	0	0	0	0	0	0	0	0	0	0	0	0	0	0	0	0	0	0	0	0	0	0	0	0	0	0	0	0	0	0	0	0	83	0	0	0
OTU2232	0	0	0	0	0	0	0	0	0	0	0	0	0	0	0	0	0	0	0	0	0	0	0	0	0	0	0	0	0	0	0	0	0	0	0	0	0	0	0	0	0	0	0	0	0	0	0	0	0	0	0	0	0	0	0	0	0	0	0	0	0	0	0	0	0	0	0	0	0	0	0	0	0	0	0	0	0	0	0	0	0	0	0	0	0	0	0	0	0	0	0	0	0	0	0	0	0	0	20	0	60	19
OTU2233	0	0	0	0	0	0	0	1	0	0	0	0	0	0	0	0	0	0	0	0	0	0	0	0	0	0	0	0	0	0	0	0	0	0	0	0	0	0	0	0	0	0	0	0	0	0	0	0	0	0	0	0	0	0	0	0	0	0	0	0	0	0	0	0	0	0	0	0	0	0	0	0	0	0	0	0	0	0	0	0	0	0	0	0	0	0	0	0	0	0	0	0	0	0	0	0	0	0	0	98	4	0
OTU2234	0	0	0	0	0	0	0	0	0	0	0	0	0	0	0	0	0	0	1	0	0	0	0	0	0	0	0	0	0	0	11	0	0	0	0	0	0	0	0	0	0	0	0	0	0	0	0	0	0	0	0	0	0	14	5	0	0	0	0	0	0	0	0	2	0	0	0	0	0	0	0	0	0	2	0	0	0	0	0	2	0	0	0	0	12	0	0	0	0	0	0	0	0	0	0	10	0	0	0	0	111	0
OTU2235	0	0	0	0	0	0	0	0	0	0	0	0	0	0	0	0	0	0	0	0	0	0	0	0	0	0	0	0	0	0	0	0	0	0	0	0	0	0	0	0	0	0	0	0	0	0	0	0	0	0	0	0	0	0	0	0	0	0	0	0	0	0	0	0	0	0	0	0	0	0	0	0	0	0	0	0	0	0	0	0	0	0	0	0	0	0	0	0	0	0	0	0	0	0	0	0	0	0	0	0	1	111
OTU2236	0	0	0	0	0	0	0	0	0	0	0	0	0	0	0	0	0	0	1	0	0	0	0	0	0	1	0	0	0	21	0	0	0	1	0	0	0	0	0	0	0	0	0	0	0	0	0	0	0	0	0	0	0	0	0	0	0	0	0	1	0	0	0	0	0	0	0	3	0	0	0	0	0	0	0	0	0	0	0	0	0	0	0	0	0	0	0	1	0	0	0	0	0	4	0	4	1	0	0	0	66	55
OTU2237	0	0	0	0	0	0	1	0	0	0	0	0	0	0	0	0	0	0	0	0	0	0	0	1	0	0	16	0	0	0	0	0	0	0	0	0	3	0	20	0	0	3	0	0	5	0	0	0	0	0	0	20	0	0	4	0	0	0	0	0	0	0	0	0	132	1	0	0	0	2	0	0	0	1	0	0	0	7	0	1	0	0	0	0	0	0	0	0	0	2	0	0	0	1	0	2	0	0	0	0	0	0
OTU2238	0	0	0	0	0	0	0	0	0	0	0	0	0	0	0	0	0	0	0	0	0	0	0	0	0	0	47	0	0	0	0	0	1	0	0	0	0	2	0	0	0	0	0	0	0	0	0	0	0	1	0	0	0	0	0	0	0	0	0	0	0	0	0	0	0	0	0	0	0	0	0	0	0	0	0	0	0	0	0	1	0	0	30	14	0	0	0	0	0	2	0	0	0	14	2	3	0	0	0	0	0	0
OTU2239	0	0	0	0	0	0	0	0	0	0	0	0	0	0	0	0	0	0	0	0	0	0	0	0	0	0	2	0	44	0	0	0	0	0	0	0	5	3	0	0	3	1	0	0	0	0	0	0	0	1	0	0	0	0	0	1	13	1	0	0	0	0	0	0	0	0	0	0	0	0	9	0	0	0	0	6	7	3	0	1	0	0	0	0	0	0	0	0	2	0	0	0	0	0	0	0	0	0	0	0	0	0
OTU224	0	2	0	1	0	4	0	1	113	0	13	2	2	1	1	0	4	0	1	0	0	3	0	1	0	0	6	18	3	22	4	0	1	9	8	0	36	18	28	3	3511	7	6	18	62	77	26	16	11	12	6	3	5	30	41	41	112	17	156	0	0	1	0	0	4	27	9	10	76	12	19	4	6	33	9	5	11	2	3	7	6	4	3	9	2	10	6	2	4	8	12	12	19	14	16	18	203	9	11	1	21	16
OTU2240	0	0	0	0	0	0	0	0	0	0	0	0	0	0	0	0	0	0	0	0	0	0	0	0	0	0	0	0	60	0	0	0	0	0	2	0	17	9	6	0	0	0	0	2	0	0	0	0	0	0	0	0	5	0	0	0	12	2	0	0	0	0	0	0	0	0	0	0	0	0	5	0	0	0	4	7	32	24	1	0	0	0	0	3	0	0	6	13	0	0	0	0	0	1	1	0	0	0	0	0	0	0
OTU2241	0	0	1	0	0	0	0	0	0	0	0	0	0	0	0	0	0	0	0	0	0	0	0	1	0	0	0	0	0	1	0	0	0	0	1	0	0	0	12	0	4	0	2	0	0	0	0	1	0	15	0	0	0	36	0	10	1	2	0	0	0	0	0	0	0	0	0	0	0	1	0	2	0	0	0	0	0	0	0	1	0	0	0	0	5	0	2	1	0	0	11	2	0	10	0	0	1	0	0	0	0	0
OTU2242	0	0	0	0	0	0	0	0	0	0	0	0	0	0	0	0	0	0	0	0	0	0	0	0	0	0	0	0	0	0	4	1	0	0	0	0	0	0	0	0	0	0	0	15	0	0	0	5	0	0	0	0	0	0	43	2	1	6	11	0	0	0	0	0	0	0	29	0	8	1	0	0	0	1	0	3	1	0	0	0	6	1	0	0	3	0	0	2	1	1	0	1	0	0	9	2	0	0	0	0	0	0
OTU2243	0	0	0	0	0	0	0	0	0	0	0	0	0	0	0	0	0	0	0	0	0	2	0	0	0	0	12	18	10	3	0	0	1	0	1	0	24	1	1	0	26	6	18	0	4	9	2	6	6	2	0	1	1	1	1	4	37	10	2	2	0	0	0	0	53	15	19	42	33	2	7	16	8	0	1	11	3	7	2	10	1	3	7	1	2	11	4	14	3	5	19	15	6	11	0	6	16	0	0	0	1	0
OTU2244	0	0	0	0	0	0	0	0	0	0	0	0	0	0	0	0	0	0	0	0	0	0	0	0	0	0	0	0	0	0	0	0	0	0	0	4	0	0	0	0	0	0	0	0	0	0	0	0	0	0	0	0	0	0	0	0	0	0	0	0	0	0	0	0	0	0	0	0	0	0	0	0	0	0	0	0	0	0	0	0	0	0	0	0	0	0	0	0	0	0	0	0	0	0	0	0	0	0	1	58	0	0
OTU2245	0	0	0	0	0	0	0	0	2	0	0	0	0	0	0	0	0	0	0	0	0	0	0	0	0	0	0	0	0	0	0	0	0	0	0	0	21	8	4	0	0	0	22	0	0	0	0	0	0	3	0	1	3	2	0	0	1	0	0	0	0	0	0	0	0	0	0	0	0	0	20	2	0	0	0	5	9	25	0	0	0	0	0	0	0	0	0	3	10	0	0	0	0	1	0	1	0	0	0	0	0	0
OTU2246	0	0	0	0	0	0	0	0	0	0	0	0	0	0	0	0	0	0	0	0	0	0	0	0	0	0	0	0	3	0	0	0	0	0	0	0	14	5	6	0	6	3	0	0	0	0	8	4	0	0	0	0	0	2	0	0	4	2	0	1	0	0	0	0	0	0	0	0	0	0	0	0	0	1	0	3	3	0	0	15	0	3	0	1	0	0	20	45	8	0	0	0	0	0	0	1	0	0	0	0	0	0
OTU2247	0	0	0	0	0	0	0	0	0	0	0	0	0	0	0	0	0	0	0	0	0	0	0	0	0	0	0	0	0	0	0	0	0	0	0	0	11	0	30	0	4	1	0	0	0	0	0	7	0	0	1	0	6	2	0	0	0	0	0	0	0	0	0	0	0	0	0	0	0	10	0	6	0	0	0	0	0	0	0	0	0	2	0	0	0	0	0	0	4	15	6	0	1	6	0	1	0	0	0	0	0	0
OTU2248	0	0	0	0	0	0	0	0	0	0	0	0	0	0	0	0	0	0	0	0	0	1	0	0	0	0	4	1	7	0	0	0	0	0	0	0	13	1	37	0	1	7	3	0	0	0	2	0	0	4	1	0	4	0	0	0	13	1	0	0	0	0	0	0	0	0	0	0	0	3	7	3	0	1	34	4	7	17	0	1	2	1	1	1	0	0	4	12	15	0	0	0	0	9	1	5	1	0	0	0	1	0
OTU2249	0	0	0	0	0	0	0	0	0	1	0	0	5	0	0	0	0	0	0	0	0	0	0	0	0	0	7	4	1	2	0	0	0	0	0	0	2	0	21	0	11	0	0	1	1	0	0	0	0	2	3	9	0	1	0	0	3	0	0	0	0	0	0	0	0	0	0	0	0	0	0	0	0	0	7	14	13	0	0	0	0	0	0	0	1	0	10	6	11	0	0	0	0	0	0	3	0	0	0	0	0	0
OTU225	1	15	0	0	1	0	11	2	1	1	1	3	2	1	1	4	0	4	0	0	0	0	2	0	0	19	6	9	8	8	5	0	0	0	4	0	2	8	13	1	6	10	9	11	13	4	7	5	240	113	3362	20	12	48	97	10	9	28	14	1	0	0	0	4	3	2	0	16	0	158	7	7	3	7	711	11	7	19	12	606	965	10	3	70	3	22	12	242	8	3	4	12	13	10	12	30	26	0	0	0	0	0
OTU2250	0	0	0	0	0	0	0	0	0	0	0	0	0	0	0	0	1	0	0	0	0	0	0	0	0	0	0	0	0	0	0	0	0	0	0	0	3	0	2	0	0	0	0	0	0	0	0	0	0	1	0	0	2	0	0	1	96	0	0	0	0	0	0	0	0	0	4	0	0	0	0	0	0	0	0	0	0	0	0	0	0	0	4	0	0	0	0	0	0	1	0	0	0	0	0	0	0	0	0	0	0	0
OTU2251	0	0	0	0	0	0	0	0	0	0	0	0	0	0	0	0	0	0	0	0	0	0	0	0	0	0	0	0	0	0	0	0	0	0	0	0	0	0	0	0	23	13	7	2	0	1	2	7	0	0	0	0	4	2	12	0	0	0	6	0	0	0	0	2	0	0	0	0	5	0	1	0	0	0	3	3	0	0	0	0	2	0	3	6	2	8	1	0	0	0	1	1	0	0	1	5	8	0	3	12	6	11
OTU2252	0	1	0	0	0	0	0	0	0	0	0	0	0	1	0	0	0	0	0	0	0	0	0	0	0	0	0	0	0	1	0	0	2	2	0	0	0	1	0	1	0	0	3	0	56	35	0	3	0	0	0	0	10	6	0	0	0	1	1	0	0	0	0	0	0	0	0	0	0	0	56	0	0	29	11	0	0	0	0	0	0	0	0	0	0	0	1	0	0	0	1	0	0	1	0	0	3	0	0	0	0	0
OTU2253	0	0	0	0	0	0	0	0	0	0	0	0	0	0	0	0	0	0	0	0	0	0	0	0	0	1	0	0	0	2	0	0	1	0	1	0	0	0	0	0	3	0	0	2	0	0	129	0	0	0	0	10	0	1	1	0	0	0	0	0	0	0	2	7	0	0	2	0	0	0	0	0	0	0	0	0	0	0	2	0	0	0	0	0	0	5	0	0	0	1	0	0	2	3	0	5	0	0	130	2	0	0
OTU2254	0	0	0	0	0	0	0	0	0	0	0	0	0	0	0	0	0	0	0	0	0	0	0	0	0	0	2	0	0	2	1	0	0	0	0	1	0	0	0	0	0	2	1	0	1	0	1	17	0	0	0	1	0	0	2	83	0	19	22	0	0	0	0	0	0	6	0	0	0	0	0	0	0	0	0	0	0	0	0	0	0	0	0	1	1	9	0	0	0	0	0	0	0	0	11	3	0	0	0	0	0	0
OTU2255	0	0	0	0	0	0	0	0	0	0	0	0	0	0	0	0	0	0	0	0	0	0	0	0	0	0	1	0	0	0	0	0	0	0	0	0	0	0	0	0	0	0	0	0	0	0	1	0	0	13	0	23	10	4	13	11	0	6	0	0	0	0	0	0	1	3	0	0	0	2	15	15	8	20	1	0	1	0	9	0	0	0	0	0	0	0	0	0	0	1	0	1	0	0	0	0	0	0	0	0	0	0
OTU2256	0	0	0	0	0	0	0	0	0	0	0	0	0	0	0	0	0	0	0	0	0	0	0	0	0	0	0	1	0	0	1	0	0	0	0	0	0	0	0	0	0	0	0	0	0	0	0	1	0	0	0	0	0	0	5	0	0	11	17	0	0	0	0	0	87	0	0	0	0	0	0	0	0	0	0	0	1	1	0	0	0	0	0	4	1	0	0	0	0	0	0	0	0	0	0	0	0	0	0	0	0	0
OTU2257	0	0	0	0	0	0	0	0	0	0	0	0	0	0	0	0	0	0	0	0	0	0	0	0	0	0	5	0	0	0	0	0	0	1	0	0	2	0	0	0	6	0	0	3	2	0	0	0	1	1	0	2	0	0	2	0	3	0	0	2	0	0	0	0	12	8	52	1	30	1	1	0	0	0	0	0	1	0	2	1	4	0	0	0	0	1	1	0	0	0	0	2	4	1	2	5	7	0	42	8	14	27
OTU2258	0	0	0	0	0	0	0	0	0	0	0	0	0	0	0	0	0	0	0	0	0	0	0	0	0	0	0	0	0	0	0	0	2	0	0	0	0	0	0	0	0	0	0	0	0	0	0	0	0	0	0	0	0	0	0	0	0	2	0	0	0	0	0	0	36	8	0	54	34	0	0	0	0	0	0	0	0	0	0	0	0	0	0	0	0	0	0	0	0	0	0	0	0	0	0	0	0	0	0	0	0	1
OTU2259	0	0	0	0	0	0	0	0	0	0	0	0	0	0	0	0	0	0	0	0	0	0	0	0	0	0	0	0	0	1	0	0	0	0	0	0	0	0	0	0	0	0	0	0	0	0	0	0	0	0	0	0	0	1	0	0	0	0	0	0	0	0	0	0	6	0	57	6	5	0	0	0	0	0	0	0	0	0	0	0	0	0	0	0	0	0	0	1	0	0	0	0	0	0	0	0	0	1	1	2	0	1
OTU226	3	2	2	0	2	5	1	1	0	0	6	12	5	0	3	0	0	0	0	0	0	0	0	0	0	1	96	93	152	154	149	0	2	0	1	4	26	29	56	0	26	49	25	24	22	39	10	72	130	24	3	42	43	42	33	23	32	30	25	0	8	0	1	4	0	0	4	5	1	12	62	21	25	30	24	66	34	1081	91	84	69	59	87	23	35	110	23	46	536	77	118	110	54	134	99	100	27	3	7	18	5	11
OTU2260	0	0	0	0	0	0	0	1	0	0	0	0	0	0	0	0	0	0	0	0	0	0	0	0	0	0	0	0	0	0	0	0	0	0	0	0	0	0	0	0	0	0	0	0	0	0	0	0	0	0	0	0	0	0	0	1	0	0	0	0	0	0	0	0	0	57	0	0	0	0	0	0	0	0	0	0	0	0	0	0	0	0	0	0	0	0	0	0	0	0	0	0	0	0	0	0	0	32	6	4	0	5
OTU2261	0	0	0	0	0	0	0	0	0	0	0	0	0	0	0	0	0	0	0	0	0	0	0	0	0	0	0	0	0	0	0	0	0	0	0	0	0	0	0	0	0	0	0	0	0	0	0	0	0	0	0	0	0	0	0	0	0	0	0	0	0	0	0	0	0	0	0	0	76	0	0	0	0	0	0	0	0	0	0	0	0	0	0	0	0	0	0	0	0	0	0	0	0	0	0	0	0	0	0	0	0	0
OTU2262	0	0	0	0	0	0	0	0	0	0	0	0	0	0	0	0	0	0	0	0	0	0	0	0	0	0	0	0	0	0	0	0	0	0	0	0	0	0	0	0	0	0	0	0	0	0	0	0	0	0	0	0	0	0	0	0	0	0	0	0	0	0	0	0	0	0	1	0	0	0	0	0	0	0	0	0	0	0	0	0	0	0	0	0	0	0	0	0	0	0	0	0	0	0	2	0	0	2	1	91	0	0
OTU2263	0	0	0	0	0	0	0	0	0	2	0	0	0	0	0	0	0	0	0	0	0	0	0	0	1	0	1	4	0	10	0	0	0	1	0	0	3	0	0	0	6	0	0	3	0	15	2	0	0	2	0	0	0	4	4	9	0	3	3	0	0	0	0	0	0	0	0	7	7	0	0	0	0	0	0	0	1	0	10	1	0	0	0	3	0	3	0	0	0	5	1	0	3	6	4	2	8	13	64	31	10	34
OTU2264	0	0	0	0	0	0	0	0	0	0	0	0	0	0	0	0	0	0	0	0	0	0	0	0	0	0	0	0	0	0	0	0	0	0	0	0	0	0	0	0	0	0	0	0	0	0	0	0	0	0	0	0	0	0	0	0	0	0	0	0	0	0	0	0	0	0	0	0	0	0	0	0	0	0	0	0	0	0	0	0	0	0	0	0	0	0	0	0	0	0	0	0	0	0	0	0	0	0	0	103	0	0
OTU2265	0	0	0	0	0	0	0	0	0	0	0	0	0	0	0	0	0	0	0	0	0	0	0	0	0	0	0	0	0	0	0	0	0	0	0	0	0	0	0	0	0	0	0	0	0	0	0	0	0	0	0	0	0	0	0	0	0	0	0	0	0	0	0	0	0	0	0	0	0	0	0	0	0	0	0	0	0	0	0	0	0	0	0	0	0	0	0	0	0	0	0	0	0	0	1	0	0	0	0	67	0	0
OTU2266	0	0	0	0	0	0	0	0	0	0	0	0	0	0	0	0	0	0	0	0	0	0	0	0	0	0	0	0	0	0	0	0	0	0	0	0	0	0	0	0	0	0	0	0	0	0	0	0	0	0	0	0	0	0	0	0	0	0	0	0	0	0	0	0	0	0	0	0	0	0	0	0	0	0	0	0	0	0	0	0	0	0	0	0	0	0	0	0	0	0	0	0	0	0	0	0	0	0	0	142	0	0
OTU2267	0	0	0	0	0	0	0	0	0	0	0	0	1	0	0	0	0	0	0	0	0	0	1	0	0	0	0	0	0	2	0	0	0	0	0	0	0	1	0	0	0	2	0	0	0	0	0	1	0	0	0	0	1	0	4	0	0	0	0	0	0	0	0	0	0	0	0	0	0	0	0	0	0	0	0	0	0	0	0	0	0	0	0	0	0	0	1	0	0	0	0	0	0	0	0	0	7	0	0	0	1	132
OTU2268	0	0	0	0	0	0	0	1	0	0	0	0	0	0	0	0	0	0	0	0	0	0	0	0	0	0	0	0	33	0	0	0	0	0	2	0	0	27	5	0	0	0	0	0	0	0	0	0	0	0	0	0	0	0	0	0	1	0	1	0	0	0	0	0	0	0	1	0	0	2	0	0	0	0	23	10	16	3	0	1	0	1	0	0	2	0	1	8	6	0	0	0	0	0	0	3	0	0	0	0	0	0
OTU2269	0	1	0	0	0	0	0	1	0	0	0	0	0	0	0	0	0	0	0	0	0	0	0	1	0	0	20	6	0	39	12	0	0	0	0	0	0	0	0	0	65	0	1	39	11	3	2	2	5	2	2	33	4	8	0	1	1	21	0	0	0	0	1	0	0	0	5	0	0	1	4	11	21	3	16	0	0	1	17	5	0	0	9	4	1	2	8	2	0	0	5	8	0	20	9	7	14	0	11	0	0	0
OTU227	1	5	1	1	1	4	5	4	5	3	9	3	1	9	1	2	3	0	2	0	1	2	0	6	8	3	112	208	284	118	238	0	1	0	23	0	187	86	236	1	375	89	101	7	38	10	32	15	46	80	28	123	75	58	45	39	198	18	32	0	0	0	0	7	4	23	16	7	2	80	236	56	32	84	84	172	205	342	207	64	96	34	24	39	10	15	248	313	267	65	95	65	50	62	30	123	56	1	53	190	158	67
OTU2270	0	0	0	0	0	0	0	0	0	0	0	0	0	0	0	0	0	0	0	0	1	0	0	0	0	0	0	14	0	0	0	0	0	0	1	0	7	0	14	0	0	3	15	0	0	0	9	0	0	6	0	0	0	2	0	0	2	2	0	0	0	0	1	0	0	0	0	0	0	0	0	0	2	6	0	1	1	0	4	0	6	8	0	0	23	0	0	0	0	0	9	0	1	0	0	1	0	0	0	0	0	0
OTU2271	0	0	0	0	0	0	0	0	0	0	0	0	0	0	1	0	0	0	0	0	0	0	0	0	0	0	0	1	0	0	0	0	0	0	0	0	0	1	0	0	0	2	0	25	4	1	0	2	2	0	0	5	1	4	7	8	0	2	0	0	0	0	0	0	0	0	0	0	0	0	0	1	0	0	0	22	1	0	0	1	0	0	0	47	0	2	3	0	0	1	0	0	0	1	0	0	0	0	0	0	0	0
OTU2272	0	0	0	0	0	0	0	0	0	0	0	0	0	0	0	0	0	0	0	0	0	0	0	0	0	1	0	20	1	3	1	1	0	0	0	0	2	0	0	0	5	0	0	12	5	2	0	7	5	2	0	0	3	0	5	3	2	6	1	0	0	0	0	0	2	6	3	19	1	2	0	2	3	0	0	3	4	0	0	21	3	2	1	0	2	0	0	0	0	1	1	1	6	1	3	3	9	0	0	48	0	0
OTU2273	0	0	0	0	0	0	0	0	0	0	0	0	0	0	0	0	0	0	0	0	0	0	0	0	0	0	0	1	11	0	0	0	0	0	0	0	0	0	0	0	0	0	0	0	0	0	0	0	0	0	0	0	0	0	0	0	0	0	0	0	0	0	1	0	0	6	0	0	0	0	0	0	0	0	0	0	1	0	0	0	0	0	1	0	0	0	0	0	0	0	0	0	0	0	0	0	0	0	1	0	0	96
OTU2274	0	0	0	0	0	0	0	0	0	0	0	2	0	0	0	0	0	0	0	0	0	0	0	0	0	0	0	0	0	1	5	0	0	0	3	0	0	1	0	0	40	11	11	0	0	0	0	8	5	4	1	10	2	10	1	0	1	0	0	0	0	0	0	0	0	0	1	0	0	0	0	4	7	6	18	1	0	0	22	1	6	2	10	0	0	3	0	0	3	10	9	6	2	0	3	0	0	95	5	0	43	42
OTU2275	0	0	0	0	0	0	0	0	0	0	0	0	0	0	0	0	0	0	0	0	0	0	0	0	0	0	0	0	0	0	0	0	1	0	0	0	0	0	0	0	0	0	0	0	0	0	0	0	0	0	0	0	0	0	0	0	0	0	3	0	0	0	0	2	0	0	1	0	37	0	0	0	0	0	0	0	0	0	0	0	0	0	0	0	0	0	0	0	0	0	0	0	0	0	0	0	0	0	14	3	33	31
OTU2276	0	0	0	0	0	1	0	0	0	0	0	1	0	0	0	0	1	0	0	0	0	0	0	0	0	0	0	0	0	2	0	0	0	0	4	0	11	5	0	0	0	9	0	0	0	0	0	0	0	2	0	0	0	0	0	1	0	1	0	0	0	0	0	1	0	0	0	0	0	0	0	8	0	0	0	2	0	0	0	3	0	0	99	0	0	0	2	0	0	1	4	2	0	0	0	0	0	0	0	0	0	0
OTU2277	0	0	1	0	0	0	1	2	0	0	0	0	0	0	0	0	0	0	1	0	0	0	0	0	0	0	0	3	0	0	0	0	0	0	0	0	154	10	3	0	0	3	7	0	1	1	0	1	2	2	0	16	3	4	3	4	0	0	1	0	1	0	0	0	12	23	1	12	54	6	4	1	0	1	20	7	61	5	6	19	2	2	1	0	0	0	171	0	0	2	2	0	1	1	1	4	0	0	0	0	0	0
OTU2278	9	4	5	0	0	0	1	0	2	1	17	1	0	3	0	1	0	1	6	0	1	2	10	3	1	7	229	483	105	13	27	0	12	1	7	5	63	453	190	0	48	104	70	9	107	21	24	12	32	45	0	32	20	62	73	121	164	78	61	1	1	1	2	0	8	4	3	13	10	59	51	69	17	45	29	49	20395	62	24	72	50	54	117	51	27	22	52	248	104	15	34	87	68	44	53	68	55	1	0	0	1	15
OTU2279	0	0	0	0	0	0	0	0	0	0	0	0	0	0	0	0	0	0	0	0	0	0	0	0	0	0	1	1	0	0	0	0	0	0	0	0	0	0	0	0	3	0	0	0	0	0	0	0	3	0	3	24	0	0	0	3	0	0	0	0	0	0	0	0	0	37	17	0	0	0	0	0	0	0	0	0	1	0	13	0	0	0	0	7	0	1	0	0	0	9	0	0	0	0	3	0	0	0	0	0	0	0
OTU228	0	0	0	0	0	0	4	5	0	0	0	0	0	0	0	0	0	0	0	0	0	2	0	1	2	2	46	41	0	7	26	0	6	0	4	2	0	0	23	0	59	16	1	0	13	57	89	82	33	31	3	0	0	2	7	14	12	7	14	2	2	0	0	9	189	91	1052	414	98	13	9	9	0	30	20	13	1	2	15	1	0	17	13	7	0	25	4	1	2	0	10	8	26	23	8	35	15	13	1075	3	1056	664
OTU2280	0	0	0	0	0	0	0	0	0	0	0	0	0	0	0	0	0	0	0	0	0	0	0	0	0	0	0	1	0	13	0	0	0	0	0	0	0	0	1	0	0	0	16	4	8	3	0	4	6	8	3	2	0	0	0	5	0	3	4	0	0	0	0	0	18	16	8	18	9	0	0	0	0	4	1	0	17	3	2	0	0	7	1	4	0	5	5	0	0	2	3	0	4	3	1	10	0	0	0	0	8	0
OTU2281	0	0	0	0	0	0	0	0	0	0	0	0	0	0	0	1	0	0	0	0	0	0	0	0	0	0	0	0	0	0	1	0	0	0	0	0	0	0	0	0	0	0	0	29	3	16	11	1	0	0	0	0	0	2	7	14	25	0	1	0	0	0	0	0	0	0	1	0	0	0	0	0	0	0	0	0	0	0	0	0	0	0	0	0	2	0	2	0	0	0	0	2	4	0	0	1	0	0	0	0	0	0
OTU2282	0	1	0	0	0	0	0	0	0	0	0	0	0	1	0	0	1	0	3	0	0	0	0	0	0	0	0	0	0	0	0	0	0	0	0	0	0	0	0	1	0	0	0	0	2	0	0	0	1	0	0	0	0	1	5	0	5	1	0	0	0	0	1	0	0	0	0	0	0	0	0	1	1	2	0	0	1	0	0	0	0	1	0	6	28	6	0	0	0	0	0	0	0	25	0	10	24	0	0	0	0	1
OTU2283	0	1	0	0	0	0	0	6	0	0	2	0	0	0	0	0	0	0	0	0	0	0	0	0	0	0	3	0	0	0	0	0	0	0	0	0	1	0	0	0	2	0	0	0	1	0	0	0	2	0	0	22	4	5	3	4	0	0	4	0	0	0	0	3	0	0	0	0	0	0	38	28	1	13	2	303	0	0	0	2	2	7	96	15	0	112	0	1	0	0	0	0	1	3	0	2	0	0	0	0	0	0
OTU2284	0	0	0	0	0	0	0	0	0	0	0	0	0	0	0	0	0	0	0	0	0	0	0	0	0	0	0	0	0	1	1	0	0	0	0	0	0	0	0	0	0	0	0	0	0	0	0	1	1	0	0	9	0	6	2	0	0	0	0	0	0	0	0	0	0	0	0	0	1	0	0	8	0	0	0	3	0	1	0	0	3	0	4	0	1	2	0	1	0	0	3	5	4	1	0	1	3	64	4	0	0	0
OTU2285	0	0	0	0	0	0	0	0	0	0	0	0	0	0	0	0	0	0	0	0	0	0	0	0	0	0	0	0	0	0	0	0	0	0	0	0	0	0	0	0	0	0	0	0	0	0	0	0	0	0	0	0	0	0	44	24	8	0	0	0	0	0	0	0	0	0	0	0	0	0	0	0	0	0	0	2	0	0	0	0	0	0	0	0	0	0	0	0	0	0	0	2	52	0	0	0	0	1	0	0	0	0
OTU2286	0	0	0	0	0	0	0	0	0	0	0	0	0	0	0	0	0	0	0	0	0	0	0	0	0	0	0	0	0	0	0	0	0	0	3	0	0	0	0	0	0	0	0	0	0	0	0	0	0	0	0	0	0	0	1	0	0	0	0	0	0	0	0	0	0	1	1	0	0	0	0	0	0	0	0	0	0	0	0	0	0	0	0	0	0	0	0	0	0	0	0	0	0	1	0	6	0	0	9	0	84	0
OTU2287	0	0	0	0	0	0	0	0	0	0	0	0	0	0	0	0	0	0	0	0	0	0	0	0	0	0	1	0	0	0	0	0	0	0	0	0	0	0	0	0	0	0	0	0	0	0	0	0	0	0	0	0	0	0	0	3	2	0	0	0	0	0	0	0	3	80	40	32	9	0	0	0	0	0	0	0	0	0	0	0	0	0	1	0	0	0	0	0	0	0	0	0	0	0	1	0	1	1	0	1	0	1
OTU2288	0	0	0	0	0	0	0	0	0	0	0	0	0	0	0	0	0	0	0	0	0	0	0	0	0	0	0	0	0	0	0	0	0	0	0	0	0	0	0	0	0	0	0	0	0	0	0	0	0	0	0	0	0	0	0	4	1	1	1	0	0	0	1	0	7	20	8	4	34	0	0	0	0	0	0	0	0	0	0	0	0	0	0	0	0	0	0	0	0	0	0	0	0	0	0	0	0	0	10	0	0	0
OTU2289	0	0	0	0	0	0	0	0	0	0	0	0	0	0	0	0	0	0	0	0	0	0	0	0	0	0	0	0	0	0	0	0	0	0	0	0	0	0	0	0	0	0	0	0	0	0	0	0	0	0	0	0	0	0	0	0	5	0	0	0	0	0	0	0	1	0	77	10	2	0	0	0	0	0	0	0	0	0	0	0	0	0	0	0	0	0	0	0	0	0	0	0	0	0	0	0	0	0	0	0	1	0
OTU229	0	0	0	0	0	0	0	2	0	0	0	0	0	0	0	0	0	0	12	2	0	6	2	3	2	0	0	0	0	0	0	3	7	0	1	3	0	0	0	0	0	0	0	0	0	0	0	0	0	0	0	0	1	0	5	4	19	0	2	0	2	2	0	5	100	51	817	45	55	0	0	0	0	0	0	0	0	0	0	0	0	0	0	0	1	0	0	0	0	0	0	0	0	28	0	4	0	6	1908	7	490	38
OTU2290	0	0	0	0	0	0	0	0	0	0	0	0	0	0	0	0	0	0	0	0	0	0	0	0	0	0	0	0	0	0	0	0	0	0	0	0	0	0	0	0	0	0	0	0	0	0	0	0	0	0	0	0	0	0	0	0	0	0	0	1	0	0	0	0	0	0	0	0	93	0	0	0	0	0	0	0	0	0	0	0	0	0	0	0	0	0	0	0	0	0	0	0	0	0	0	0	0	0	0	0	0	0
OTU2291	0	0	0	0	0	0	0	0	0	0	0	0	0	0	0	0	0	0	1	0	0	0	0	0	0	0	0	0	0	0	0	0	0	0	0	0	0	3	0	0	0	0	0	0	0	0	0	0	0	0	0	0	0	0	0	0	0	0	0	0	0	2	0	0	0	0	1	0	0	0	0	0	0	0	0	0	0	0	0	0	0	0	0	0	0	0	0	0	0	0	0	0	0	7	3	0	0	0	79	0	0	1
OTU2292	0	0	0	0	0	0	0	0	0	0	0	0	0	0	0	0	0	0	0	0	0	0	0	0	0	0	0	0	0	0	0	0	0	0	0	0	0	0	0	0	0	0	0	0	0	0	0	0	0	0	0	0	0	0	1	0	0	0	0	0	0	0	0	0	79	0	0	0	0	0	0	0	0	0	0	0	0	0	0	0	0	0	0	0	0	0	0	0	0	0	0	0	0	0	0	0	0	0	0	0	0	0
OTU2293	0	0	0	0	0	0	0	1	0	0	0	0	0	0	0	0	0	0	0	0	0	0	0	0	0	0	0	0	0	0	0	0	0	0	0	0	0	0	0	0	0	0	0	0	0	0	0	0	0	0	0	0	0	0	0	0	0	0	2	0	0	1	0	0	41	0	0	0	47	0	0	0	0	0	0	0	0	0	0	0	0	0	0	0	0	0	0	0	0	0	1	0	0	0	0	0	0	0	0	0	0	0
OTU2294	0	0	0	0	0	0	0	0	0	0	0	0	0	0	0	0	0	0	0	0	0	0	0	0	0	0	0	0	0	0	0	0	0	0	0	0	0	0	0	0	0	0	0	0	0	0	0	0	0	0	0	0	0	0	0	0	0	0	0	0	0	0	0	0	0	0	89	0	0	0	0	0	0	0	0	0	0	0	0	0	0	0	0	0	0	0	0	0	0	0	0	0	0	0	0	0	0	0	0	0	0	0
OTU2295	0	0	0	0	0	0	0	0	0	0	0	0	0	0	0	0	0	0	0	0	0	0	0	0	0	0	0	0	0	0	0	0	0	0	0	0	0	0	0	0	0	0	0	0	0	0	0	0	0	0	0	0	0	0	0	0	0	0	0	0	0	0	0	0	0	0	0	0	0	0	0	0	6	8	0	1	0	0	0	0	0	0	0	0	0	0	0	0	0	0	0	0	0	1	0	0	0	0	22	0	41	0
OTU2296	0	0	0	0	0	0	0	0	0	0	0	0	0	0	0	0	0	0	0	1	0	0	0	0	0	0	0	0	0	0	0	0	0	0	0	0	0	0	0	0	0	0	0	0	0	0	0	0	0	0	0	0	0	0	1	0	0	0	0	0	0	0	0	0	1	0	0	0	0	0	0	0	0	0	0	0	0	0	0	0	0	0	0	0	0	0	0	0	0	0	0	0	0	0	0	0	2	0	35	0	0	59
OTU2297	0	0	0	0	0	0	0	0	0	0	0	0	0	0	0	0	0	0	0	0	0	0	0	0	0	0	0	0	0	0	0	0	0	0	0	0	0	0	0	0	0	0	0	0	0	0	0	0	0	0	0	0	0	0	0	0	0	0	0	0	0	0	0	0	0	0	0	0	0	0	0	0	0	0	0	0	0	0	0	0	0	0	0	0	0	0	0	0	0	0	0	0	0	2	0	0	0	0	107	0	0	1
OTU2298	0	0	0	0	0	0	0	0	0	0	0	0	0	0	0	0	0	0	0	0	0	0	0	0	0	0	0	0	0	0	0	0	0	3	0	0	0	0	0	0	0	0	0	0	0	0	0	0	0	0	0	0	0	0	0	0	0	0	0	0	0	0	0	0	1	0	2	16	0	0	0	0	0	3	0	0	0	0	0	0	0	0	0	0	1	0	0	0	0	0	0	0	4	0	4	2	0	0	82	0	52	0
OTU2299	0	0	0	0	0	0	0	0	0	0	0	0	0	0	0	0	0	0	0	0	0	0	0	0	0	0	0	0	0	0	0	0	0	0	0	0	0	0	0	0	0	0	0	0	0	0	0	0	0	0	0	0	0	0	0	0	0	0	0	0	0	0	0	0	0	0	0	0	0	0	0	0	0	0	0	0	0	0	0	0	0	0	0	0	0	0	0	0	0	0	0	0	0	0	0	0	0	0	0	102	0	0
OTU23	0	26	5	2	4	3	4	33	4	11	9	15	5	6	5	0	4	4	2	0	1	2	0	0	0	0	325	23	9	2597	15	0	20	3	203	1	8	17	23	3	5854	125	32	17	201	16	249	38	725	10	3	48	12	342	34	25	24	44	34	0	9	0	0	0	0	0	0	1	4	2	10613	14304	2621	16	26	37	16	36	33	20	65	33	125	18	15	82	48	29	11	25	11	27	197	71	462	91	37	1	0	11	7	2
OTU230	2	1	0	0	0	0	0	3	0	1	2	0	0	1	1	0	0	0	3	0	8	1	4	1	6	1	3	1	11	0	3	3	6	4	10	2	2	0	13	0	80	2	35	64	27	52	1	138	0	2	0	34	1	16	13	18	7	12	5	8	1	0	1	6	169	18	30	211	110	6	1	8	9	181	30	2	3	13	6	3	5	108	0	17	19	5	17	0	5	21	1	16	3	36	128	7	8	64	112	4506	132	104
OTU2300	0	0	0	0	0	0	0	0	0	0	0	0	0	0	0	0	0	0	0	0	0	0	0	0	0	0	0	0	0	0	0	0	0	0	0	0	0	0	0	0	0	0	0	0	0	0	0	0	0	0	0	0	0	0	0	0	0	0	0	0	0	0	0	0	0	0	0	0	0	0	0	0	0	0	0	0	0	0	0	0	0	0	0	0	0	0	0	0	0	0	0	0	0	0	0	0	0	0	0	85	0	0
OTU2301	0	0	0	0	0	0	3	3	0	0	0	0	0	0	0	0	0	0	0	0	0	0	0	0	0	0	0	0	0	8	0	0	0	0	0	0	0	2	0	0	0	0	0	0	0	0	0	0	36	0	0	0	0	17	4	0	0	0	1	0	0	0	0	0	0	5	0	0	0	0	0	0	2	0	0	0	1	1	0	0	0	0	12	0	1	4	0	2	2	0	0	0	11	1	5	0	2	0	0	181	0	5
OTU2302	0	0	0	0	0	0	0	2	0	0	0	0	0	0	0	0	0	0	0	0	0	0	0	0	0	0	0	0	0	0	0	0	0	0	0	0	0	0	0	0	0	0	0	0	0	0	0	0	0	0	0	0	0	0	0	0	0	0	0	0	0	0	0	0	0	0	0	0	0	0	0	3	0	0	0	0	0	0	0	0	0	0	0	0	0	0	0	0	0	0	0	0	0	0	0	0	0	0	0	0	0	73
OTU2303	1	3	0	0	0	0	0	0	0	0	0	0	0	0	0	0	0	0	0	0	0	0	0	0	0	0	8	2	0	4	0	0	0	0	0	0	0	6	6	0	5	1	0	13	8	36	1	0	0	23	0	1	6	9	18	56	63	4	4	2	0	0	0	0	0	3	3	0	0	46	43	10	36	42	74	11	4	2	6	18	3	21	2	0	0	7	1	6	66	0	0	0	2	3	4	1	7	0	0	0	0	0
OTU2304	1	0	0	0	0	0	0	1	0	0	0	0	0	0	1	0	1	0	0	0	0	0	0	0	0	0	13	0	1	0	0	0	0	0	0	0	0	1	0	0	0	3	0	0	4	0	0	2	2	0	1	5	0	0	0	1	1	0	0	0	0	0	0	0	0	0	0	0	0	0	0	0	13	2	0	3	3	0	0	0	2	0	0	9	3	0	3	0	0	6	18	0	0	1	3	11	14	0	2	0	0	0
OTU2305	0	0	0	0	0	0	0	0	0	0	0	0	0	0	0	0	0	0	1	0	1	0	0	0	0	0	0	0	0	0	0	0	0	0	0	0	0	0	0	0	0	0	0	0	5	0	0	0	0	0	0	0	0	0	14	1	5	0	0	2	0	0	0	0	28	5	5	14	53	0	0	0	0	0	0	0	0	0	0	0	0	3	1	0	0	0	0	0	0	0	0	0	0	0	0	0	2	0	0	0	0	9
OTU2306	0	0	0	0	0	0	0	0	0	0	0	0	0	0	0	0	0	0	0	0	1	2	0	0	0	0	1	2	0	6	0	0	0	0	0	0	8	0	2	0	0	2	32	1	1	0	0	0	1	0	0	1	0	2	1	0	1	1	1	0	0	0	0	0	13	0	0	0	0	0	0	2	0	0	0	14	4	0	4	0	0	0	0	1	1	0	0	2	4	2	4	0	0	0	0	4	0	0	0	0	0	3
OTU2307	0	0	0	0	0	0	0	0	0	0	0	0	0	0	0	0	0	0	0	0	0	0	0	5	0	0	0	0	0	3	0	0	0	0	0	0	0	1	74	0	0	1	0	0	0	0	6	0	0	0	0	0	0	0	1	28	0	0	0	0	0	2	0	0	1	0	0	0	0	0	0	0	0	0	0	0	0	0	0	0	0	0	0	7	0	0	0	0	1	0	0	0	1	1	0	0	0	0	0	0	0	0
OTU2308	0	0	0	0	0	0	0	0	0	0	0	1	0	0	0	0	0	0	0	0	0	1	0	0	0	0	2	4	7	9	8	0	0	0	1	0	5	0	17	0	9	5	4	4	1	7	5	7	3	9	0	1	0	2	0	1	3	0	6	0	0	0	0	0	1	3	8	10	0	0	0	3	0	0	1	3	0	0	0	0	0	0	0	1	0	0	0	0	8	0	0	2	8	0	0	0	1	0	0	0	0	0
OTU2309	0	0	0	0	0	0	0	0	0	0	0	0	0	0	0	0	0	0	1	0	0	0	0	0	0	0	1	0	6	27	0	0	0	0	0	0	0	14	0	0	4	23	0	4	0	0	0	6	3	0	7	0	0	1	1	5	20	8	12	0	0	0	0	0	0	0	2	1	3	0	0	1	0	0	12	22	0	0	1	3	0	8	0	0	0	0	9	0	15	0	0	3	9	2	24	1	0	0	0	0	0	0
OTU231	0	0	1	0	0	0	1	11	0	2	0	3	0	1	0	0	0	0	7	1	4	4	2	1	7	3	33	5	3	4	60	3	12	9	11	11	3	1	1	0	8	8	15	92	90	38	12	100	12	2	0	120	13	6	89	88	63	143	116	3	1	0	5	15	809	599	1757	780	778	0	62	10	70	73	39	3	2	8	12	3	13	22	31	25	29	6	8	1	22	131	1	4	100	93	53	121	32	29	88	9	70	11
OTU2310	0	0	0	0	0	0	0	0	0	0	0	0	0	0	0	0	0	0	0	0	0	0	0	0	0	0	0	1	8	0	0	0	0	0	0	0	0	10	24	0	0	0	0	0	0	0	2	0	0	2	0	0	1	0	0	1	0	1	0	0	1	0	0	0	0	0	0	0	0	0	0	0	0	0	0	1	15	11	3	0	0	0	9	0	0	0	0	17	12	0	0	0	1	1	2	0	0	0	0	0	0	0
OTU2311	0	0	0	0	0	0	0	0	0	0	0	0	0	0	0	0	0	0	0	0	0	0	0	0	0	0	0	6	0	3	0	0	1	0	0	0	2	1	6	0	0	2	25	1	0	1	18	2	0	0	0	0	0	0	3	1	0	6	0	0	0	0	0	0	0	0	0	0	18	0	0	0	3	0	0	0	0	1	2	10	0	0	0	0	0	0	0	4	0	0	0	0	0	12	0	2	3	0	0	0	0	0
OTU2312	0	0	0	0	0	0	0	1	0	0	0	0	0	0	0	3	0	0	2	0	1	0	0	0	0	0	2	1	0	68	0	0	0	0	1	0	4	1	0	0	6	4	0	1	2	4	2	0	9	316	1	2	16	5	4	1	0	2	0	0	0	0	0	0	0	0	0	0	2	0	2	3	1	7	29	2	0	1	6	15	13	0	0	2	3	1	4	19	3	1	5	149	3	32	15	12	7	0	3	0	0	5
OTU2313	0	1	0	0	0	0	0	0	0	0	1	0	0	0	0	0	0	0	0	0	0	0	0	0	0	0	0	0	1	6	0	0	0	0	0	0	0	0	9	0	0	0	2	0	4	0	0	3	0	0	0	0	0	1	0	0	8	0	0	0	0	0	0	0	0	1	0	0	0	0	0	0	3	7	0	0	0	0	0	8	0	2	13	0	1	5	1	0	0	0	0	40	0	0	0	0	47	0	0	0	0	0
OTU2314	0	0	0	0	0	0	0	1	0	0	0	0	0	0	0	0	0	0	0	0	0	0	0	0	1	0	0	0	0	0	0	0	1	0	1	4	0	0	0	0	0	0	0	0	0	0	0	0	0	0	0	0	0	0	0	0	0	0	0	2	0	0	0	0	1	0	1	2	0	0	0	0	0	0	0	0	0	0	0	0	0	0	0	0	0	0	0	0	0	0	0	0	0	6	0	0	5	0	28	46	4	229
OTU2315	0	0	0	0	0	0	0	0	0	0	0	1	0	0	0	0	0	0	0	0	0	0	0	0	0	0	0	0	0	0	0	0	4	1	0	0	0	0	10	0	5	5	7	0	6	28	14	0	2	0	0	1	4	1	0	2	27	2	0	0	0	0	0	0	0	0	0	0	0	0	0	0	0	1	25	1	2	1	2	3	1	2	0	8	0	0	0	3	3	0	0	0	1	7	0	2	1	0	0	0	0	0
OTU2316	0	0	0	0	0	0	0	0	0	0	0	0	0	0	0	0	0	0	0	0	0	0	0	0	0	0	0	1	0	1	0	0	0	0	3	0	1	0	0	0	6	4	0	0	7	0	0	0	0	1	4	30	8	2	0	0	0	0	7	0	0	0	0	0	0	0	0	0	0	0	0	0	0	0	0	0	0	0	1	0	4	0	0	0	1	0	0	18	2	6	0	4	3	0	0	1	0	0	0	0	0	0
OTU2317	0	0	0	0	0	0	0	0	0	0	0	0	0	0	0	0	0	0	0	0	0	0	0	0	0	1	0	3	0	0	0	0	0	0	0	0	9	0	0	0	0	0	0	0	0	0	1	0	0	0	2	0	5	3	0	1	4	0	3	0	0	0	0	0	0	0	0	0	0	3	4	3	0	0	6	1	0	0	1	51	0	0	0	0	0	0	0	0	0	32	0	0	0	1	1	0	4	0	0	0	0	0
OTU2318	0	0	1	0	0	0	0	0	0	0	0	0	0	0	0	0	0	0	0	0	0	0	0	0	0	0	0	4	0	0	0	0	0	0	0	0	12	11	2	0	20	2	10	0	0	0	0	0	0	5	0	0	2	0	0	1	10	0	3	0	0	0	0	0	0	0	3	0	0	9	1	0	0	0	20	13	27	31	4	6	2	1	0	0	0	0	9	8	7	4	0	6	0	0	2	0	0	0	0	0	0	0
OTU2319	0	0	0	0	0	0	0	0	0	4	0	0	0	1	0	0	0	0	0	0	0	0	0	0	0	0	0	0	0	2	0	0	0	0	0	0	1	0	0	0	16	3	1	0	0	0	0	0	23	0	2	1	18	0	4	0	0	1	3	0	0	0	0	0	0	0	0	0	0	0	1	0	2	0	0	1	0	0	5	3	0	1	0	0	0	1	0	0	0	3	2	0	0	4	1	3	2	0	0	0	0	1
OTU232	0	0	0	0	0	0	0	3	0	0	0	0	0	0	0	0	0	0	4	0	3	0	0	0	9	4	0	0	0	0	0	0	5	1	4	3	0	0	0	0	0	0	0	0	0	0	0	0	0	0	0	0	0	0	0	0	0	0	0	3	1	0	0	7	13	8	8	1	4	0	0	0	0	0	0	0	0	0	0	0	0	0	0	0	0	0	0	0	0	0	0	0	7	8	9	14	0	497	524	1018	921	112
OTU2320	0	0	0	0	0	0	0	0	0	0	0	0	0	0	0	0	0	0	0	0	0	0	0	0	0	0	0	0	0	0	0	0	0	0	0	0	0	0	0	0	0	2	0	5	3	0	2	16	0	0	0	0	0	3	1	7	3	1	8	0	0	1	0	0	0	15	0	0	0	0	0	0	0	0	0	0	1	0	0	0	0	2	2	7	2	16	0	0	0	0	0	6	3	2	0	1	18	0	9	1	0	41
OTU2321	0	0	0	0	0	0	0	0	0	0	0	4	0	0	0	0	0	0	0	0	0	0	0	0	0	0	0	0	0	0	0	0	0	1	0	0	0	0	0	0	0	0	2	0	0	0	0	42	2	0	0	2	0	1	20	4	0	9	4	0	0	0	0	0	1	2	0	0	2	0	0	0	0	0	0	0	0	2	0	0	0	5	0	0	0	0	0	1	0	0	0	0	2	1	1	2	2	0	9	18	24	0
OTU2322	0	0	0	0	0	0	0	0	0	0	0	0	0	0	1	0	0	0	0	0	0	0	0	0	0	0	0	0	1	1	0	0	0	0	0	0	0	0	1	0	0	1	2	11	7	5	5	5	0	0	0	0	2	7	33	5	1	3	3	0	0	0	0	0	0	0	0	1	0	0	4	0	14	0	23	0	1	0	0	0	0	6	13	0	1	11	0	10	0	0	0	1	5	3	3	8	2	0	0	0	0	0
OTU2323	0	0	0	0	0	0	0	0	0	0	0	0	0	0	0	0	0	0	0	0	0	0	0	0	0	0	1	0	0	1	0	0	0	0	0	0	1	0	4	0	11	6	0	0	9	5	2	2	1	10	3	0	2	2	5	2	1	6	4	0	0	0	0	0	0	0	19	0	3	6	0	5	3	1	0	0	0	0	4	0	6	9	7	1	3	2	2	1	7	1	5	1	10	4	6	18	6	22	0	0	2	16
OTU2324	0	0	0	0	0	0	0	1	0	0	0	0	0	0	0	0	0	0	0	0	0	0	0	0	0	0	0	0	0	4	0	0	0	0	0	0	2	5	0	0	12	0	5	0	1	0	0	5	0	0	0	0	5	3	0	1	0	0	0	0	0	0	0	0	0	19	0	0	2	0	3	0	5	0	0	0	0	0	2	0	0	0	2	0	0	0	3	13	3	3	0	0	0	1	0	8	1	0	33	0	52	0
OTU2325	0	0	0	0	0	0	0	0	0	0	0	0	0	0	0	0	0	0	0	0	0	0	0	0	0	0	0	0	0	0	0	0	0	0	0	0	0	0	0	0	0	0	0	5	0	0	0	0	0	12	0	0	0	0	1	13	0	0	0	0	3	0	0	0	0	0	0	0	0	0	0	0	0	1	0	0	0	0	1	1	17	0	27	0	0	0	0	0	0	0	0	0	0	17	0	0	0	0	0	0	0	0
OTU2326	0	0	0	0	0	0	0	0	0	0	0	0	0	0	0	0	0	0	0	0	0	0	0	0	2	0	1	0	0	0	0	1	0	0	0	0	0	0	0	0	0	0	0	0	0	0	0	0	0	0	0	5	0	0	2	0	0	0	2	0	0	1	0	0	107	0	2	0	34	0	0	0	13	0	0	0	0	0	0	0	0	0	0	0	0	0	0	0	0	0	7	0	0	11	0	1	0	1	2	2	6	0
OTU2327	0	3	0	0	0	0	0	0	0	0	2	0	0	2	0	0	0	0	0	0	0	0	0	0	0	0	0	0	0	3	0	0	0	0	1	0	0	0	0	0	0	0	0	1	8	7	1	0	0	0	0	3	0	3	4	0	0	100	1	0	0	0	0	0	0	0	0	2	0	0	9	0	0	0	3	0	1	1	0	0	5	0	0	0	1	2	4	0	0	0	0	11	0	1	0	0	0	0	0	0	0	0
OTU2328	0	3	0	2	0	0	1	8	0	0	0	2	0	3	0	2	2	0	6	2	0	0	3	3	2	1	21	62	133	167	13	2	8	5	8	4	36	10	64	6	522	35	41	269	59	99	22	76	88	85	6	68	48	17	85	160	213	87	102	10	1	4	2	5	250	489	393	157	345	30	106	74	28	5	16	84	62	121	17	41	36	113	102	29	43	54	102	73	92	18	18	73	79	141	150	102	40	10	27	9	22	31
OTU2329	0	0	0	0	0	0	0	0	0	0	0	0	0	0	0	0	0	0	0	0	0	0	0	0	0	0	0	0	0	0	0	0	0	0	0	0	0	0	0	0	0	0	0	0	0	0	0	0	0	0	0	0	0	0	0	0	0	0	0	0	0	0	0	0	90	0	0	0	0	0	0	0	0	0	0	0	0	0	0	0	0	0	0	0	0	0	0	0	0	0	0	0	0	0	0	0	0	0	0	0	0	0
OTU233	0	5	0	2	0	1	0	20	2	0	2	0	0	0	0	1	0	1	0	0	0	3	1	0	0	0	6	24	2	5	5	0	0	0	5	0	16	2	2	0	10	7	8	6	17	7	3	4	5	31	0	329	10	11	17	27	19	14	10	0	24	2	0	17	0	0	8	3	8	10	111	300	6	41	3	846	5	3	4	5	11	29	1189	79	14	945	3	6	7	4	2	6	35	41	8	25	21	221	0	1	3	0
OTU2330	0	1	0	0	0	0	0	0	0	0	0	0	0	0	0	0	0	0	0	0	0	0	0	0	0	0	0	0	0	0	0	0	0	0	0	0	0	0	0	0	0	0	0	0	0	0	0	0	0	0	0	0	0	0	0	0	0	0	0	0	0	0	0	0	14	0	29	2	8	0	0	0	0	0	0	0	0	3	0	0	0	0	0	0	0	0	0	0	0	0	0	0	0	2	0	0	4	0	12	0	0	6
OTU2331	0	0	0	0	0	0	0	0	0	0	0	0	0	0	0	0	0	0	0	0	0	0	0	0	0	0	0	0	0	0	0	0	0	0	0	0	0	0	0	0	0	0	0	0	0	0	0	0	0	0	0	0	0	0	1	0	0	0	0	0	0	0	0	2	74	0	0	0	0	0	0	0	0	0	0	0	0	0	0	0	0	0	0	0	0	0	0	0	0	0	0	0	0	0	0	0	0	0	0	0	0	0
OTU2332	0	0	0	0	0	0	0	0	0	0	0	0	0	0	0	0	0	0	0	0	0	0	0	0	0	0	0	0	0	0	0	0	0	0	0	0	0	0	0	0	0	0	0	0	0	0	0	0	0	0	0	0	0	0	0	0	0	0	1	0	0	0	0	1	12	17	0	42	21	0	0	0	0	0	0	0	0	0	0	0	0	0	0	0	0	0	0	0	0	0	0	0	0	0	0	0	0	2	0	0	0	0
OTU2333	0	0	0	0	0	0	0	1	0	0	0	0	0	0	0	0	0	0	0	0	0	0	0	0	0	0	0	0	0	0	0	0	0	0	0	0	0	0	0	0	0	0	0	0	0	0	0	0	0	0	0	0	0	0	0	0	0	0	0	0	0	0	0	0	6	2	82	0	0	0	0	0	0	0	0	0	0	0	0	0	0	0	0	0	0	0	0	0	0	0	0	0	0	0	0	0	0	0	0	0	0	0
OTU2334	0	0	0	0	0	0	0	0	0	0	0	0	0	0	0	0	0	0	0	0	0	0	0	0	0	0	0	0	0	0	0	0	1	0	0	0	2	0	0	0	0	0	0	0	0	2	0	0	0	0	0	0	0	0	0	2	0	1	0	0	0	0	0	0	8	20	0	36	2	0	0	0	0	0	0	0	0	0	0	0	0	0	0	0	0	1	0	0	0	0	0	0	0	0	0	0	0	0	0	0	10	6
OTU2335	0	0	0	0	0	0	0	0	0	0	0	0	0	0	0	0	0	0	0	0	0	0	0	0	0	0	0	0	0	0	0	0	0	0	0	0	0	0	0	0	0	0	0	0	0	0	0	0	0	0	0	0	0	0	0	0	0	0	0	0	0	0	0	0	0	31	0	0	0	0	0	0	0	0	0	0	0	0	0	0	0	0	0	0	0	0	0	0	0	0	0	0	0	0	0	0	0	0	2	77	0	0
OTU2336	0	0	0	0	0	0	0	0	0	0	0	0	0	0	0	0	0	0	0	0	0	0	1	0	0	0	0	0	0	0	0	0	0	0	0	0	0	0	0	0	2	0	0	0	3	0	0	0	0	0	0	6	0	0	0	0	0	0	1	0	0	3	0	0	3	6	15	0	0	0	0	0	1	0	0	0	0	0	0	0	0	0	7	0	5	1	0	0	0	1	0	0	2	1	3	2	3	3	26	27	11	56
OTU2337	0	1	0	0	0	0	0	0	0	0	0	0	0	0	0	0	0	0	0	0	0	0	0	0	0	0	0	0	0	0	0	0	0	0	0	0	0	0	1	0	0	0	21	0	0	0	0	0	0	0	0	0	0	0	0	0	0	1	0	1	0	0	0	0	0	1	21	36	36	0	0	0	0	0	0	0	0	0	1	0	0	10	0	0	0	0	0	0	0	0	0	0	0	0	0	1	0	0	0	0	0	0
OTU2338	0	0	0	0	0	0	0	2	0	0	0	0	0	0	0	0	0	0	0	0	0	0	0	0	0	0	0	0	0	0	0	0	0	0	0	0	0	3	0	0	0	0	0	0	0	0	0	0	0	0	0	1	0	0	0	0	0	0	0	0	0	0	0	0	0	0	0	0	0	1	0	0	0	0	0	19	13	102	0	1	0	0	0	2	0	1	48	0	0	0	0	1	0	0	0	2	0	0	0	0	0	0
OTU2339	0	0	0	0	0	0	0	0	0	0	0	0	0	0	0	0	0	0	0	0	0	0	0	0	0	0	0	0	0	0	0	0	0	0	0	0	0	2	0	0	0	0	0	0	2	0	0	0	0	0	0	0	0	0	0	0	0	0	0	0	0	0	0	0	0	0	0	0	0	0	0	0	0	0	0	0	82	0	0	0	0	0	0	0	0	0	1	0	0	1	0	0	0	0	0	0	0	0	0	0	0	0
OTU234	1	15	9	8	1	1	3	17	9	0	1	2	0	3	0	0	0	0	1	0	1	7	0	0	23	0	12	24	9	11	11	11	12	0	14	20	25	7	28	6	14	18	31	295	307	3	52	852	1182	34	154	521	350	148	427	593	26	372	499	7	4	15	3	41	138	52	20	4	53	2	10	101	670	193	15	24	40	17	527	25	286	221	295	940	138	1698	11	52	18	12	138	1506	461	162	347	91	790	5	312	59	2	634
OTU2340	0	0	0	0	0	0	0	0	0	0	0	0	0	0	0	0	0	0	0	0	0	0	0	0	0	2	0	0	0	0	0	0	0	0	0	0	0	0	0	0	0	0	0	0	0	0	0	0	0	0	0	0	0	0	0	0	0	0	0	3	0	0	0	0	0	0	0	0	2	0	0	0	0	0	0	0	0	0	0	0	0	0	0	0	0	0	0	0	0	0	0	0	6	0	0	0	0	154	4	0	0	0
OTU2341	0	0	0	0	0	0	0	0	0	0	0	0	0	0	0	0	0	0	0	0	0	0	0	0	0	0	0	0	0	0	0	0	0	0	0	0	0	0	0	0	0	0	0	0	0	0	0	0	0	0	0	0	0	0	0	0	0	0	0	0	0	0	0	0	0	0	0	0	0	0	0	0	0	0	0	0	0	0	0	0	0	0	0	0	0	0	0	0	0	0	0	0	0	0	0	0	0	0	89	0	0	0
OTU2342	0	0	0	0	0	0	0	0	0	0	0	0	0	0	0	0	0	0	6	0	0	0	0	0	0	0	0	0	0	0	0	0	0	0	0	0	0	0	0	0	0	0	0	0	0	0	0	0	0	0	0	0	0	0	0	0	0	0	0	0	0	0	1	0	0	0	0	0	0	0	0	0	0	0	0	0	0	0	0	0	0	0	0	0	0	0	0	0	0	0	0	0	0	0	0	4	0	0	15	0	86	59
OTU2343	0	0	0	0	0	0	0	0	0	0	0	0	0	0	0	0	0	0	0	0	0	0	0	0	0	0	0	0	0	0	0	0	0	0	0	0	0	0	0	0	0	0	0	0	0	0	0	0	0	0	0	0	0	0	0	0	0	0	0	0	0	0	0	0	0	0	0	0	0	0	0	0	0	0	0	0	0	0	0	0	0	0	0	0	0	0	0	0	0	0	0	0	0	0	0	0	0	0	0	77	0	0
OTU2344	0	0	0	0	0	0	0	0	0	0	0	0	0	0	0	0	0	0	0	0	0	0	0	0	0	0	0	0	0	0	0	0	0	0	0	0	0	0	0	0	0	0	0	0	0	0	0	0	0	0	0	0	0	0	0	0	0	0	0	0	0	0	0	0	0	0	0	0	0	0	0	0	0	0	0	0	0	0	0	0	0	0	0	0	0	0	0	0	0	0	0	0	0	0	0	0	0	0	0	116	0	0
OTU2345	0	0	0	0	0	0	0	0	0	0	0	0	0	0	0	0	0	0	0	0	0	0	0	0	0	0	0	0	0	0	0	0	0	0	0	0	0	0	0	0	0	0	0	0	0	0	0	0	0	0	0	0	0	0	0	0	0	0	0	0	0	0	0	0	0	0	0	0	0	0	0	0	0	0	0	0	0	0	0	0	0	0	0	0	0	0	0	0	0	0	0	0	0	0	0	0	0	0	0	99	0	0
OTU2346	0	0	0	0	0	0	0	0	0	0	0	0	0	0	0	0	0	0	0	0	0	0	0	0	0	0	0	0	0	0	0	0	0	0	0	0	0	0	0	0	0	0	0	0	0	0	0	0	0	0	0	0	0	0	0	0	0	0	0	0	0	0	0	0	0	0	0	0	0	0	0	0	0	0	0	0	0	0	0	0	0	0	0	0	0	0	0	0	0	0	0	0	0	0	0	0	0	0	0	0	0	73
OTU2347	0	0	0	0	0	0	3	0	0	0	0	0	0	0	0	0	0	0	0	0	0	0	0	0	0	0	0	0	0	0	0	0	0	0	0	0	0	0	0	0	0	0	0	0	0	0	0	0	0	0	0	0	0	0	0	0	0	0	0	0	0	0	0	0	0	1	0	0	0	0	0	0	0	0	0	0	0	0	0	0	0	0	0	0	0	0	0	0	2	0	0	0	0	0	2	2	0	0	0	80	37	1
OTU2348	0	0	0	0	0	0	0	2	0	0	0	0	0	0	0	0	0	0	0	0	0	0	0	0	0	0	0	0	0	0	0	0	0	1	0	0	0	0	0	0	0	0	0	0	0	0	0	0	0	0	0	0	0	0	0	0	0	0	6	0	0	0	0	0	1	16	0	31	44	0	0	0	0	0	0	0	0	0	0	0	0	0	0	0	0	0	0	0	0	0	0	0	0	0	0	5	0	0	21	0	49	0
OTU2349	0	0	0	0	0	0	0	2	1	0	0	0	0	0	0	0	0	0	0	0	0	0	0	0	0	0	0	4	15	0	0	0	0	0	0	0	0	0	14	0	1	3	0	1	0	2	1	0	0	2	0	0	6	0	0	0	8	0	0	0	0	0	0	0	0	0	0	0	0	0	0	0	0	3	1	11	0	0	0	0	0	0	2	0	0	0	0	11	9	0	0	2	0	0	0	1	2	0	0	0	0	0
OTU235	0	0	0	0	0	0	1	0	0	0	3	0	0	0	0	0	0	0	6	0	2	2	0	1	10	3	14	9	0	24	32	1	10	3	9	6	0	0	0	0	3	2	15	14	2	2	6	56	25	0	0	34	5	14	27	4	7	17	35	3	4	0	3	2	152	87	248	100	180	0	1	3	13	31	16	2	7	0	19	1	7	27	33	8	10	8	9	1	0	12	6	22	43	18	17	30	27	75	323	460	291	647
OTU2350	0	0	0	0	0	0	1	1	0	0	0	0	0	1	0	0	0	0	0	0	0	0	0	0	0	0	0	0	0	3	0	0	0	0	2	0	4	0	2	0	0	0	0	3	1	7	5	0	1	1	0	0	0	0	0	1	0	0	9	0	0	1	0	0	0	0	0	0	0	0	0	36	0	6	0	3	0	0	0	0	1	0	2	0	0	0	0	0	0	0	0	0	0	4	0	1	0	0	5	0	2	34
OTU2351	0	0	0	0	0	0	0	0	0	0	69	0	0	0	0	0	0	0	0	0	0	0	0	0	0	0	0	0	0	0	0	0	0	0	0	0	0	0	0	0	0	0	0	0	0	0	0	0	0	0	0	0	0	1	0	0	0	0	0	0	0	0	0	0	0	0	0	0	0	0	0	0	0	0	0	0	0	0	0	0	0	0	0	0	0	0	0	0	0	0	0	0	0	0	0	0	0	0	0	0	0	0
OTU2352	0	0	0	0	0	0	0	0	0	0	0	1	0	0	0	0	0	0	0	0	0	2	0	0	0	1	9	28	11	4	6	0	0	0	0	2	6	3	1	0	16	0	9	0	1	0	1	18	18	4	2	2	5	16	1	3	0	16	9	0	0	0	0	0	0	0	1	0	0	0	1	2	0	17	0	3	1	17	10	3	12	26	1	9	3	7	5	1	19	4	0	5	8	19	1	26	8	0	0	0	0	0
OTU2353	0	0	0	0	0	0	0	2	0	0	0	0	0	0	0	0	1	0	1	0	3	0	1	0	0	0	1	0	0	0	1	0	0	0	5	2	2	0	0	1	1	31	31	0	0	0	46	13	1	0	0	113	13	0	0	0	1	2	22	0	1	0	0	0	0	0	0	0	0	0	0	2	20	1	0	1	0	0	0	0	0	14	105	0	0	0	1	1	0	0	0	1	0	2	2	5	1	0	0	0	52	0
OTU2354	0	0	0	0	0	0	0	0	0	0	0	0	0	0	0	0	0	0	0	0	2	0	0	0	0	0	0	0	0	0	0	0	0	0	0	0	0	1	0	0	0	34	39	0	10	10	0	0	0	0	0	2	0	4	2	29	0	0	11	1	0	0	0	0	0	1	0	0	0	6	0	1	0	0	82	0	1	1	44	0	0	45	0	0	0	0	0	0	0	0	0	0	2	1	2	33	0	0	0	0	4	0
OTU2355	0	0	0	0	0	0	0	0	0	0	0	0	0	0	0	0	0	0	0	0	0	0	1	0	0	0	0	2	0	0	0	0	0	0	0	0	0	1	1	0	2	0	0	0	0	1	0	0	0	0	0	0	2	0	0	0	1	0	4	0	0	0	0	0	0	0	0	0	4	5	2	50	1	28	18	0	4	0	3	0	0	9	1	6	0	0	0	0	0	0	1	0	0	0	3	0	2	0	0	0	0	0
OTU2356	0	0	0	0	0	0	0	0	0	0	0	0	0	0	0	0	0	0	0	0	0	0	0	0	0	2	0	1	0	3	3	0	0	0	0	0	0	1	0	0	7	0	3	2	0	0	1	4	0	0	0	0	0	0	1	0	7	2	0	0	0	0	0	0	0	0	0	0	0	0	0	3	0	0	0	5	9	1	5	9	12	17	25	77	14	0	12	3	0	3	2	6	0	1	0	3	1	0	0	0	0	0
OTU2357	0	1	1	0	0	0	0	0	0	0	0	0	0	0	0	0	0	0	0	0	0	0	0	0	0	0	7	0	1	0	5	0	0	0	0	0	15	1	2	0	0	0	3	0	0	0	0	0	0	1	0	0	0	0	1	0	7	0	2	0	0	0	0	0	0	0	0	0	0	4	29	1	0	0	26	0	2	3	0	7	0	0	0	1	0	0	1	0	18	0	0	0	0	0	2	1	1	0	0	0	0	0
OTU2358	0	0	0	0	0	0	0	1	0	0	0	0	0	0	2	0	0	0	0	0	0	1	0	0	0	2	32	6	7	0	0	0	0	0	0	0	30	5	3	0	2	18	9	0	0	1	0	2	7	11	0	18	3	1	2	3	6	5	0	0	0	0	0	0	0	0	3	1	2	21	31	12	2	35	0	32	101	19	2	18	9	22	1	1	0	0	9	19	0	1	6	16	2	1	3	2	3	0	0	0	0	0
OTU2359	0	0	0	0	1	0	0	5	0	0	0	0	0	0	0	0	0	0	1	0	0	0	0	1	0	0	5	6	3	0	1	0	0	0	0	0	4	0	39	0	8	3	0	0	0	0	1	0	0	12	0	0	0	0	0	7	4	0	0	0	0	0	0	0	0	5	0	0	0	2	3	0	0	0	0	0	4	3	2	7	0	0	0	0	0	0	2	0	6	2	5	0	0	0	0	0	0	0	0	0	0	0
OTU236	0	2	0	0	0	0	1	4	2	0	0	4	0	1	0	1	0	0	1	0	0	2	0	0	2	0	29	19	96	30	78	1	0	0	1	0	9	7	4	0	53	30	20	151	76	64	25	98	2	5	1	36	32	31	91	116	75	111	106	5	0	0	2	6	42	2	59	99	6	12	11	12	17	29	5	52	32	526	39	19	24	118	59	37	68	60	4	24	29	24	21	35	87	156	68	106	163	136	4	3	81	42
OTU2360	0	0	1	0	0	0	0	0	0	0	0	0	0	3	0	1	0	0	0	0	0	0	0	0	0	0	9	4	0	0	0	0	0	0	0	0	5	0	28	0	6	0	6	2	0	0	1	0	0	5	0	0	4	2	0	0	18	0	0	0	0	0	0	0	0	0	0	0	0	0	0	14	0	0	0	0	3	11	0	0	2	2	0	0	0	0	0	19	4	0	0	0	0	0	2	8	0	0	0	0	0	0
OTU2361	0	0	0	4	0	0	4	0	0	0	0	0	0	0	0	0	0	0	0	0	0	0	0	0	0	0	5	8	0	1	7	0	1	0	1	0	5	6	6	0	51	14	9	0	3	5	3	4	5	3	0	1	2	1	4	0	1	1	1	0	0	0	0	0	0	0	0	0	0	0	0	5	0	1	8	17	2	3	14	10	34	2	0	2	0	0	10	10	13	0	7	1	0	4	1	5	0	0	0	0	0	0
OTU2362	0	0	1	0	0	0	0	0	0	0	0	0	0	0	0	0	0	0	0	0	0	0	0	0	0	0	0	0	1	2	0	0	0	0	0	0	0	0	0	0	0	0	0	26	0	0	0	0	0	0	0	0	0	3	8	4	43	0	0	0	0	0	0	0	2	0	2	0	0	0	0	0	0	0	0	0	1	0	0	0	0	0	0	0	0	0	0	0	0	0	0	0	5	0	3	0	5	4	0	0	0	0
OTU2363	0	0	0	0	0	0	0	0	0	0	0	0	0	0	0	0	0	0	0	0	0	0	0	0	0	0	0	0	1	0	0	0	0	2	0	0	0	0	47	0	0	22	1	0	2	3	0	0	0	1	0	1	0	0	1	1	0	0	3	0	0	0	0	0	0	0	0	0	0	0	0	0	0	0	1	0	0	0	0	0	0	1	0	0	0	0	0	0	5	3	0	7	2	0	0	1	4	0	0	0	0	0
OTU2364	0	0	0	0	0	0	0	0	0	0	0	0	0	0	0	0	0	0	0	0	0	0	0	0	0	0	0	0	0	0	0	0	77	0	0	0	0	0	0	0	0	0	0	0	0	0	0	0	0	0	0	0	0	0	0	0	0	0	0	0	0	0	0	0	0	0	0	0	0	0	0	0	0	0	0	0	0	0	0	0	0	0	0	0	0	0	0	0	0	0	0	0	0	0	0	0	0	1	0	0	1	0
OTU2365	0	0	0	0	0	0	0	0	0	0	0	0	0	0	0	0	0	0	0	0	2	0	0	0	0	0	0	0	0	3	0	0	2	0	0	0	6	0	0	0	2	1	11	0	4	4	4	3	21	0	0	0	0	3	7	0	2	0	1	0	0	0	0	0	0	0	0	0	0	0	0	0	0	3	0	0	0	0	7	0	1	0	0	0	1	0	0	0	0	0	1	0	8	6	6	0	8	0	0	0	0	0
OTU2366	0	0	0	0	0	0	0	0	0	0	0	0	2	0	0	0	0	0	0	0	3	0	0	1	0	1	0	0	0	0	0	0	1	0	0	0	0	1	0	0	1	0	0	8	4	0	0	0	4	0	0	15	0	0	0	0	4	0	1	1	2	0	0	0	0	0	0	0	1	0	0	0	0	0	18	0	0	0	0	0	0	24	0	0	0	0	1	0	0	7	0	1	0	0	0	2	24	0	0	0	0	0
OTU2367	0	0	0	0	0	0	0	0	0	0	0	0	0	0	0	0	0	0	0	0	0	4	0	0	1	0	0	0	0	0	0	0	1	0	0	0	0	0	0	0	0	0	0	0	0	0	0	0	0	0	0	0	0	6	0	0	0	0	0	0	1	0	0	0	0	12	0	0	0	0	1	0	0	0	0	0	0	0	0	0	0	1	0	0	0	0	0	0	0	0	0	0	3	0	0	0	2	46	33	4	3	10
OTU2368	0	0	0	0	0	0	0	0	0	0	0	0	0	0	0	0	0	0	1	0	0	0	0	0	0	0	0	0	0	0	0	0	0	0	0	1	0	0	0	0	0	0	0	0	0	0	0	0	0	0	0	0	0	0	0	1	0	0	0	0	0	0	0	0	0	74	0	0	0	0	0	0	0	0	0	0	0	0	0	0	0	0	0	0	0	0	0	0	0	0	0	0	0	0	0	0	0	0	0	0	0	0
OTU2369	0	0	0	0	0	0	0	0	0	0	0	0	0	0	0	0	0	0	0	0	0	0	0	0	0	0	3	0	0	1	2	0	0	0	0	0	6	0	0	0	5	6	0	2	7	4	3	0	0	0	0	10	0	0	0	2	1	0	0	0	2	0	0	0	0	4	5	3	5	0	7	0	0	1	6	0	0	0	3	0	0	11	1	0	1	8	0	0	3	1	0	0	2	3	5	4	1	10	0	19	2	2
OTU237	0	3	9	0	0	0	1	11	0	0	1	0	1	2	1	0	2	0	2	0	0	6	7	8	3	5	142	80	217	35	194	6	13	6	18	5	70	131	134	2	182	43	20	142	45	40	18	72	54	270	7	99	55	13	43	44	139	54	37	2	5	1	1	8	167	391	318	58	307	20	86	28	19	29	31	63	184	70	60	58	51	24	106	54	21	18	106	144	213	51	17	34	22	31	83	89	37	3	317	6	321	237
OTU2370	0	0	0	0	0	0	0	0	0	0	0	0	0	0	0	0	0	0	0	0	0	0	0	0	0	0	0	0	0	1	0	0	0	0	0	0	0	0	0	0	24	4	5	1	9	2	3	4	0	0	0	1	0	3	5	4	0	1	2	0	0	0	0	3	4	1	0	0	1	0	0	1	1	1	0	1	0	0	9	0	3	1	7	0	3	6	2	0	0	0	3	2	2	0	0	2	2	0	7	0	0	40
OTU2371	1	0	0	0	0	0	0	0	0	0	0	1	0	0	0	0	0	0	0	0	0	0	0	0	0	0	0	7	0	1	0	0	0	0	0	0	0	0	0	0	21	0	0	1	2	1	1	0	11	1	1	0	0	2	0	0	3	0	2	0	0	0	0	0	9	9	17	11	14	0	0	0	0	0	0	4	0	0	0	0	3	3	1	0	8	1	1	4	0	2	0	4	0	0	0	0	4	0	2	0	2	16
OTU2372	0	0	0	0	0	0	0	0	0	0	0	0	0	0	0	0	0	0	0	0	0	0	0	0	0	0	0	0	0	0	0	0	0	0	0	0	0	0	0	0	0	1	0	0	0	0	0	0	0	0	0	0	1	0	0	0	2	0	0	0	0	0	2	2	0	0	0	0	0	0	0	0	0	0	0	0	0	1	0	0	0	0	0	0	16	62	0	0	0	0	0	0	0	1	0	0	0	0	0	0	0	0
OTU2373	0	0	2	0	0	0	2	0	0	0	0	0	0	0	0	0	0	0	0	0	0	0	0	0	1	0	0	0	0	20	0	0	0	0	0	0	0	0	0	0	3	0	1	0	0	0	0	0	2	0	2	8	0	9	1	0	1	0	13	0	1	0	0	0	0	0	0	0	0	0	2	1	6	5	0	0	0	0	15	0	4	0	8	0	1	1	0	0	0	53	5	11	2	8	4	9	0	0	0	0	0	0
OTU2374	0	0	0	0	0	0	0	0	0	0	0	0	0	0	0	0	0	0	0	0	0	0	0	0	0	0	0	0	0	0	0	0	1	0	0	0	2	0	0	0	0	1	0	11	11	18	1	0	0	0	0	3	1	4	8	19	2	12	3	0	0	0	0	0	0	1	0	1	0	1	0	0	0	0	0	1	1	0	0	1	0	2	1	0	0	0	0	0	0	4	0	0	28	1	0	0	3	0	0	0	0	0
OTU2375	0	0	0	0	0	0	0	0	0	0	0	0	0	0	0	0	0	0	0	0	0	0	0	0	0	0	0	0	0	7	0	0	0	0	0	0	0	0	0	0	2	0	0	0	0	0	2	0	0	0	0	2	0	2	0	3	0	0	2	0	0	0	0	0	1	21	2	0	1	0	0	0	8	0	0	0	3	0	3	0	9	8	0	0	3	3	0	0	0	5	13	0	0	4	0	1	1	0	18	0	2	2
OTU2376	0	0	1	0	1	0	0	0	0	0	0	0	0	0	0	0	0	0	0	0	0	0	0	0	0	0	0	0	0	3	0	0	0	0	0	1	0	0	1	0	2	0	1	2	1	0	0	20	0	1	0	0	0	3	68	0	1	26	11	0	0	0	0	0	1	0	0	2	0	0	2	0	0	0	0	0	2	1	0	0	0	0	4	15	0	11	0	0	1	0	0	0	1	0	23	1	0	0	0	3	0	0
OTU2377	0	0	0	0	0	0	0	0	0	0	0	0	0	0	0	0	0	0	0	0	0	0	0	0	0	0	0	0	0	0	0	0	0	0	0	0	0	0	0	0	0	0	0	0	0	0	0	0	0	0	0	0	0	0	2	1	0	0	0	0	0	0	0	0	15	17	1	0	0	0	0	0	0	0	0	0	0	0	0	0	0	0	0	0	0	0	0	0	0	0	0	0	0	0	0	0	3	0	0	0	0	26
OTU2378	0	0	1	0	0	0	4	1	0	0	0	5	1	3	1	0	2	0	0	0	2	0	0	0	0	0	37	2	20	5	59	0	1	1	0	0	9	2	0	0	48	96	36	0	8	52	33	1	39	23	9	1	3	12	16	5	28	2	23	0	0	0	0	0	0	0	2	0	0	25	42	54	7	32	30	59	8	11	57	1	73	7	33	29	4	26	80	23	3	21	103	46	24	12	8	65	20	2	0	0	0	2
OTU2379	0	0	0	0	0	0	0	0	0	0	0	0	0	0	0	0	0	0	0	0	0	0	0	0	0	0	0	0	0	0	0	0	0	0	0	0	0	0	0	0	0	0	0	0	0	0	0	0	0	0	0	0	0	0	0	0	0	0	64	0	0	0	0	2	0	0	0	0	2	0	0	0	0	0	0	0	0	0	0	0	0	0	0	0	0	6	0	0	0	0	0	0	0	0	0	0	0	0	0	0	0	0
OTU238	0	4	5	1	1	0	26	1	6	9	3	1	2	0	0	0	0	0	5	3	3	2	0	1	46	0	52	17	12	105	25	2	6	3	23	0	7	6	9	8	469	97	205	162	350	125	171	63	158	150	10	159	171	104	77	15	27	42	247	7	3	0	0	5	6	3	6	1	11	1	3	96	196	73	3	36	8	29	1975	15	1018	121	112	57	21	59	16	783	6	54	172	146	240	145	267	416	84	108	10	4	177	0
OTU2380	0	1	0	0	0	0	0	0	0	0	0	0	0	0	0	0	0	0	1	0	1	0	0	0	0	0	2	1	0	0	5	0	0	1	1	0	1	0	4	0	21	28	21	0	0	6	7	0	1	6	0	21	0	3	0	0	2	5	1	0	0	0	0	0	0	2	108	0	90	0	9	15	1	0	1	4	0	1	2	1	7	11	1	1	0	0	3	16	12	3	4	0	2	7	2	1	22	0	0	0	8	0
OTU2381	0	0	0	0	0	0	0	0	0	0	0	0	0	0	0	0	0	0	0	0	0	0	0	0	0	0	0	0	0	0	0	0	1	0	0	0	0	0	0	0	0	0	0	12	0	0	0	0	0	0	0	0	0	0	0	9	0	0	2	0	0	0	0	1	0	14	0	0	0	0	0	0	0	0	0	2	0	0	0	0	0	0	0	0	0	0	0	0	0	2	0	0	2	0	0	2	28	5	0	0	0	19
OTU2382	0	0	0	0	0	0	0	0	0	0	0	0	0	0	0	0	0	0	0	0	0	0	0	0	0	0	0	0	0	0	0	0	0	0	0	0	0	0	0	0	0	0	0	0	0	0	0	0	0	0	0	0	0	0	0	0	0	0	0	0	0	0	0	0	34	0	37	11	0	0	0	0	0	0	0	0	0	0	0	0	0	0	0	0	0	0	0	0	0	0	0	0	0	0	0	0	0	0	1	0	0	0
OTU2383	0	0	0	0	0	0	0	0	0	0	0	0	0	0	0	0	0	0	0	0	0	0	0	1	4	0	0	0	0	0	0	0	0	0	2	0	0	0	0	0	0	0	0	0	0	0	0	0	0	0	0	0	0	0	1	0	0	0	0	0	0	0	0	0	13	4	44	5	22	0	0	0	0	0	0	0	0	0	0	0	0	0	0	0	0	0	0	0	0	0	0	0	0	0	0	0	0	0	0	0	1	0
OTU2384	0	0	0	0	0	0	0	3	0	0	0	1	0	4	0	0	0	0	0	0	0	0	0	0	0	1	0	1	0	0	0	0	0	2	0	0	0	0	0	0	0	2	0	0	0	0	4	10	0	0	0	0	0	0	1	0	0	4	61	0	0	0	0	0	9	51	59	43	7	0	0	0	0	0	0	0	0	0	0	0	0	0	20	6	25	1	0	0	0	0	0	0	3	10	28	1	0	5	42	38	32	69
OTU2385	0	1	3	1	2	2	12	13	1	2	2	4	0	1	2	1	2	6	19	2	12	11	5	7	11	9	14	37	16	27	23	13	16	2	19	23	11	13	39	4	16	10	16	14	12	11	17	715	11	4	3	1046	19	1713	35	49	40	770	26	3	7	7	11	24	10	32	44	29	32	16	15	15	10	166	10	37	46	14	20	15	12	23	17	13	20	190	23	13	15	903	18	1519	1138	110	115	141	5799	3146	1943	3001	683	3715
OTU2386	0	0	0	0	0	0	0	0	0	0	0	0	0	0	0	0	0	0	0	0	0	0	0	0	0	0	0	0	0	0	0	0	1	0	0	0	0	0	0	0	0	0	0	0	0	0	0	0	0	0	0	0	0	0	0	0	0	0	0	0	0	0	0	0	0	0	38	44	0	0	0	0	0	0	0	0	0	0	0	0	0	0	0	0	0	0	0	0	0	0	0	0	0	0	0	0	0	0	0	0	0	0
OTU2387	0	0	0	0	0	0	0	0	0	0	0	0	0	0	0	0	0	0	0	0	0	0	0	0	0	0	0	0	0	0	0	0	0	0	0	0	0	0	0	0	0	0	0	0	0	0	0	0	0	0	0	0	0	0	1	0	0	0	0	0	0	0	0	0	0	0	0	0	0	1	14	0	0	1	1	0	6	3	0	0	0	1	0	0	0	0	137	0	3	0	0	0	0	0	0	0	0	0	0	0	0	0
OTU2388	0	0	0	0	0	0	0	0	0	0	0	0	0	0	0	0	0	0	0	0	0	0	0	0	0	0	0	0	0	0	0	0	0	0	0	0	0	0	0	0	0	0	0	0	0	0	0	0	0	0	0	0	0	0	0	0	0	0	0	0	0	0	0	0	0	0	0	0	0	0	0	0	0	0	0	0	0	0	0	0	0	0	0	0	0	0	0	0	0	0	0	0	0	0	0	0	0	59	0	0	0	0
OTU2389	0	0	0	0	0	0	0	0	0	0	0	0	0	0	0	0	0	0	0	0	0	0	0	0	0	0	0	0	0	0	0	0	0	0	0	0	0	0	0	0	0	0	0	0	0	0	0	0	0	0	0	0	0	0	0	0	0	0	0	0	0	0	0	0	0	0	0	0	0	0	0	0	0	0	0	0	0	0	0	0	0	0	0	0	0	0	0	0	0	0	0	0	0	0	0	0	0	46	68	23	31	40
OTU239	0	3	3	2	3	0	4	3	2	3	1	0	0	1	3	0	1	0	2	0	0	2	0	5	3	0	83	8	5	3	128	0	9	0	45	2	91	158	212	2	129	116	12	3	8	6	49	3	155	3	0	3	25	77	13	39	43	5	15	0	0	0	0	3	0	1	0	0	3	408	282	112	219	72	76	12	231	174	78	7	70	18	7	14	35	13	455	282	1392	52	1	143	18	11	13	15	7	0	3	0	3	1
OTU2390	0	0	0	0	0	0	0	0	0	0	0	0	0	4	0	0	0	0	0	0	0	0	0	0	0	0	0	0	0	0	0	0	0	0	0	0	0	0	0	0	0	0	0	0	0	0	0	0	0	0	0	0	0	0	0	0	0	0	0	0	0	0	0	0	0	0	3	2	0	0	0	0	0	0	0	0	0	0	0	0	1	0	0	0	0	0	0	0	0	0	0	0	0	2	0	0	0	0	48	0	0	51
OTU2391	0	0	0	0	0	0	0	0	0	0	0	0	0	0	0	0	0	0	0	0	0	0	0	0	0	0	0	0	0	0	0	0	0	0	0	0	0	0	0	0	0	0	0	0	0	0	0	0	0	0	0	0	0	0	0	3	0	0	2	0	1	0	0	0	12	23	13	0	36	0	0	0	0	0	0	0	0	0	0	0	0	0	2	0	0	0	0	0	0	0	0	0	0	2	3	1	0	0	9	76	19	14
OTU2392	0	0	0	0	0	0	0	0	0	0	0	0	0	0	0	0	0	0	0	0	0	0	0	0	0	0	0	0	0	0	0	0	0	0	0	0	0	0	0	0	0	0	0	0	0	0	0	0	0	0	0	0	0	0	0	0	0	0	0	0	0	0	0	0	0	0	0	0	0	0	0	0	0	0	0	0	0	0	0	0	0	0	0	0	0	0	0	0	0	0	0	0	0	0	0	0	0	0	0	70	0	0
OTU2393	0	0	0	0	0	0	0	0	0	0	0	0	0	0	0	0	0	0	0	0	0	0	0	0	0	0	0	0	0	0	0	0	0	0	0	0	0	0	0	0	0	0	0	0	0	0	0	0	0	0	0	0	0	0	0	0	0	0	0	0	0	0	0	0	0	0	2	0	0	0	0	0	0	0	0	0	0	0	0	0	0	0	0	0	0	0	0	0	0	0	0	0	0	1	0	0	0	2	19	97	0	59
OTU2394	0	0	0	0	0	0	0	0	0	0	0	0	0	0	0	0	0	0	0	0	0	0	0	0	0	0	0	0	0	0	0	0	0	0	0	0	0	0	0	0	0	0	0	0	0	0	0	0	0	0	0	0	0	0	0	0	0	0	0	0	0	0	0	0	0	0	0	0	0	0	0	0	0	0	0	0	0	0	0	0	0	0	0	0	0	0	0	0	0	0	0	0	0	0	0	0	0	0	0	93	0	0
OTU2395	0	0	0	0	0	0	0	0	0	0	0	0	0	0	0	0	0	0	0	0	0	0	0	0	0	0	0	0	0	0	0	0	0	0	0	0	0	0	0	0	0	0	0	0	0	0	0	0	0	0	0	0	0	0	0	0	0	0	0	0	0	0	0	0	0	0	0	0	0	0	0	0	0	0	0	0	0	0	0	0	0	0	0	0	0	0	0	0	0	0	0	0	0	0	0	0	0	0	0	0	60	0
OTU2396	0	0	74	0	0	0	0	0	0	0	0	0	0	0	0	0	0	0	0	0	0	0	0	0	0	0	0	0	0	0	0	0	0	0	0	0	0	0	0	0	0	0	0	0	0	0	0	0	0	0	0	0	0	0	0	0	0	0	0	0	0	0	0	0	0	0	0	0	0	0	0	0	0	0	0	0	2	0	0	0	0	1	0	0	0	0	0	2	1	0	0	0	0	0	0	0	0	0	0	0	0	0
OTU2397	0	0	0	0	0	0	0	0	0	0	0	0	0	0	118	0	0	0	0	0	0	0	0	0	0	0	0	0	0	0	0	0	0	0	0	0	0	0	0	0	0	0	0	0	0	0	0	0	0	2	0	0	0	0	0	1	0	0	0	0	0	0	0	0	0	0	0	0	0	0	0	0	0	0	1	0	0	0	0	0	0	0	0	0	0	0	0	0	0	0	0	0	0	0	0	0	0	0	0	0	0	0
OTU2398	0	0	0	0	0	0	0	0	0	0	1	0	0	0	0	0	0	0	5	0	1	0	0	0	0	0	0	0	0	0	0	0	0	0	0	0	0	0	0	0	14	28	28	3	0	0	0	0	0	1	0	0	0	0	1	0	0	0	0	0	0	0	0	0	0	0	0	0	0	0	0	0	0	0	0	0	0	0	0	0	7	0	0	0	0	0	20	11	0	0	0	7	0	0	0	0	0	0	0	0	0	0
OTU2399	0	0	0	0	0	0	0	0	0	0	0	0	0	0	0	0	0	0	0	0	1	0	0	0	0	0	0	0	0	0	0	1	0	0	0	0	0	0	0	0	0	0	0	0	0	0	0	0	0	0	0	0	0	0	0	0	0	0	1	0	0	0	0	0	1	0	0	0	81	0	0	0	0	0	0	0	0	0	0	0	0	0	0	0	0	0	0	0	0	0	0	0	0	0	0	1	0	0	0	0	74	0
OTU24	0	0	0	0	0	0	37	52	0	0	0	0	0	0	0	0	0	0	41	4	58	42	49	39	64	69	0	5	0	0	2	33	44	27	106	30	2	4	0	0	3	1	3	0	0	0	1	3	1	3	2	2	2	1	437	267	177	258	430	40	20	18	25	51	11317	5812	4730	6533	10106	4	1	4	0	6	4	2	6	1	0	0	0	2	1	2	2	5	4	4	0	1	2	6	83	129	11	357	100	1967	4222	351	7693	2103
OTU240	0	0	0	0	0	0	1	7	0	0	0	0	0	0	0	0	0	0	0	0	4	0	2	1	3	2	0	1	3	0	0	2	3	2	6	3	0	0	19	0	0	0	0	0	1	0	0	0	4	0	1	1	1	5	1	3	1	4	7	5	2	1	6	3	6	17	7	9	286	0	3	6	2	0	0	0	0	0	2	0	0	1	5	2	0	29	0	4	0	4	1	3	15	6	124	21	23	330	109	2631	275	422
OTU2400	0	0	0	0	0	0	0	0	0	0	0	0	0	5	2	0	0	0	0	0	0	0	4	0	0	0	7	4	9	3	7	1	1	2	0	0	0	1	16	0	2	3	0	6	15	8	0	17	1	0	0	0	3	5	3	12	33	9	10	0	0	0	0	2	0	0	0	3	0	9	25	0	6	4	0	1	0	0	4	0	0	2	6	1	4	1	3	2	0	1	0	4	5	2	7	7	2	0	0	0	0	0
OTU2401	0	0	0	0	0	0	0	0	0	0	0	0	0	0	0	0	0	0	0	0	0	0	0	0	0	1	0	0	0	0	0	0	0	0	0	0	10	0	9	0	0	0	13	1	0	0	0	0	0	0	0	0	1	0	0	0	17	0	0	0	0	0	0	0	0	0	0	0	0	0	14	0	0	0	0	7	29	0	0	35	2	0	0	0	0	0	0	7	0	0	0	0	0	1	1	0	0	0	0	0	0	0
OTU2402	0	0	0	0	0	0	0	0	0	0	0	0	0	0	0	0	0	0	0	0	0	0	0	0	0	2	0	0	0	1	0	0	0	0	0	0	1	0	0	0	0	0	0	1	6	14	0	0	0	0	0	0	0	0	1	4	4	1	1	0	0	0	0	0	41	11	9	18	25	0	0	0	0	0	0	0	2	0	0	0	0	2	0	0	0	0	0	0	0	0	0	0	6	0	0	0	0	0	0	0	1	0
OTU2403	0	0	0	0	0	0	0	0	0	0	0	0	0	0	0	0	0	0	0	0	0	0	0	0	0	0	33	1	0	0	5	0	2	0	0	0	0	0	0	0	4	0	8	0	1	1	3	0	0	1	0	25	3	2	0	0	0	5	0	0	0	0	0	0	0	0	0	0	0	0	0	0	4	0	0	2	1	1	19	0	1	4	2	0	2	0	0	0	0	9	3	9	0	4	0	0	2	0	0	0	0	0
OTU2404	0	0	0	0	0	0	0	0	0	0	0	0	0	0	0	0	0	0	0	0	0	0	0	0	0	0	27	2	0	0	2	0	4	0	3	0	0	0	0	0	0	0	0	0	0	0	6	0	0	0	0	0	0	1	0	0	9	0	0	0	0	0	0	0	0	0	0	0	0	0	6	1	0	0	0	0	16	0	0	0	0	1	0	0	0	0	1	38	0	0	3	0	2	0	0	0	0	0	0	0	0	0
OTU2405	0	3	0	0	0	0	0	0	0	0	0	0	0	0	0	0	0	0	0	0	0	0	0	0	0	0	0	2	1	0	0	0	0	0	0	0	0	0	0	0	124	0	0	0	0	0	0	0	0	0	0	0	0	0	0	0	0	0	0	0	0	0	0	0	0	0	0	0	0	0	1	0	0	0	0	0	0	0	0	0	0	0	0	0	0	0	0	0	1	0	0	0	0	0	0	0	0	0	0	0	0	0
OTU2406	0	0	3	0	0	0	0	0	0	0	0	0	0	0	0	0	0	0	0	0	0	0	0	3	0	0	1	5	0	0	0	0	2	0	0	0	11	0	1	0	4	3	8	0	0	0	0	0	0	1	0	0	0	0	0	0	4	3	0	0	0	0	0	0	0	0	0	0	0	2	6	0	0	0	35	1	11	1	6	5	0	0	0	0	0	0	0	0	23	13	9	0	0	1	0	0	0	0	0	0	0	0
OTU2407	0	0	0	0	0	0	0	0	0	1	0	0	0	0	0	0	0	0	0	0	0	0	0	0	0	0	0	0	94	0	0	0	0	0	0	0	0	0	0	0	0	1	0	0	0	0	0	0	0	0	0	0	3	0	0	0	28	0	1	0	0	0	0	0	0	0	0	0	0	0	0	0	3	0	0	0	0	0	0	0	0	0	0	0	0	0	0	0	1	0	0	0	0	0	0	0	0	0	0	0	0	0
OTU2408	0	0	0	0	0	0	0	0	0	0	0	0	0	0	0	0	0	0	0	0	0	0	0	0	0	0	0	0	59	0	1	0	0	0	0	0	0	0	1	0	1	0	0	0	0	2	0	0	0	0	0	0	0	0	0	1	4	0	0	0	0	0	0	0	0	0	0	0	0	0	0	0	0	0	0	7	0	0	0	0	0	0	0	1	3	0	0	14	0	0	1	11	0	0	0	0	0	0	0	0	0	0
OTU2409	0	3	0	0	0	1	0	0	0	0	0	0	0	0	0	0	0	0	0	0	0	0	0	0	0	0	12	4	13	16	22	0	1	0	1	0	7	12	16	0	46	0	3	1	0	0	0	0	0	2	12	3	0	4	2	0	7	1	1	0	0	0	0	0	1	0	1	0	0	3	0	0	0	0	0	7	77	16	4	11	3	0	0	0	1	0	3	21	10	3	0	20	3	1	0	0	1	0	0	0	0	0
OTU241	2	2	0	3	0	5	0	7	0	0	2	1	1	1	2	0	0	0	2	0	3	25	10	3	0	2	542	45	966	19	565	1	16	1	25	0	563	593	419	2	97	42	123	12	18	92	71	9	12	28	47	35	55	27	17	33	500	44	30	0	0	2	0	13	0	0	10	2	20	288	1425	29	6	102	742	138	395	266	16	213	36	46	12	49	25	18	267	302	543	9	51	23	23	53	24	20	25	1	1	0	0	0
OTU2410	0	0	0	0	0	0	0	1	0	0	0	0	0	0	0	0	0	0	0	0	0	0	0	0	0	0	3	0	1	0	0	0	0	0	0	1	0	0	1	0	0	0	0	0	0	0	0	7	6	0	0	0	9	7	3	0	0	0	0	0	0	0	0	0	0	0	0	0	0	0	4	0	0	0	4	30	0	0	0	1	2	1	0	0	2	0	0	0	1	0	9	15	1	0	0	9	3	0	0	1	1	0
OTU2411	0	1	0	0	0	0	0	0	0	0	0	2	0	2	0	0	2	2	0	0	0	2	0	0	0	0	2	7	5	9	0	5	3	0	2	0	2	2	0	0	1	1	0	110	9	7	11	1	1	0	0	1	3	14	1	1	2	1	7	0	3	0	0	0	0	0	0	0	0	0	0	1	3	0	5	2	1	1	1	0	0	0	2	0	0	0	2	1	7	0	0	0	8	0	1	2	11	0	0	0	0	0
OTU2412	0	1	0	2	0	0	1	0	0	0	0	0	0	3	0	0	2	1	2	0	3	0	0	3	0	0	2	1	36	88	1	3	1	1	2	0	1	44	93	0	3	19	15	26	31	128	9	1	12	4	41	3	11	6	2	20	233	18	2	0	0	0	0	0	0	0	1	0	0	6	60	2	34	1	39	60	91	36	0	129	1	10	4	2	3	16	364	42	69	0	23	46	2	0	3	24	24	0	0	0	0	0
OTU2413	0	0	0	0	0	1	0	0	0	0	0	0	0	0	0	0	0	0	0	0	0	0	0	0	0	0	5	9	31	5	14	0	1	2	0	0	10	1	21	0	1	2	9	5	7	2	2	0	2	0	5	9	0	1	2	0	0	2	3	0	0	0	0	0	51	0	4	0	1	0	23	0	1	1	23	2	14	0	1	12	0	6	0	2	5	2	32	0	0	0	13	0	14	1	4	0	5	0	0	0	0	0
OTU2414	0	0	0	0	0	0	0	0	0	8	0	0	0	0	0	0	0	0	0	0	0	0	0	0	0	0	3	1	0	0	4	0	0	0	0	0	0	0	2	0	1	0	1	0	0	24	0	0	0	0	0	0	0	1	0	0	2	0	0	0	0	0	0	0	0	0	0	0	0	0	0	0	0	0	0	2	0	0	0	0	12	0	0	0	4	0	1	0	6	0	0	0	1	0	1	12	0	0	0	0	0	0
OTU2415	0	0	0	0	0	0	0	0	0	0	0	0	0	0	0	0	0	0	0	0	0	0	0	0	0	0	0	0	0	1	0	0	0	0	0	0	6	13	1	0	14	6	2	0	0	0	0	0	0	0	0	0	0	2	0	0	6	0	0	0	0	0	0	0	0	0	0	0	0	0	19	0	0	0	3	0	0	6	3	0	4	0	0	0	1	0	0	4	0	0	0	0	0	0	0	0	0	0	0	0	0	0
OTU2416	0	0	1	0	0	0	0	0	0	0	0	0	0	0	0	0	0	0	0	0	0	0	0	0	0	0	0	0	0	0	0	0	0	0	0	0	3	0	15	0	0	1	1	0	0	0	0	0	0	20	0	0	1	0	0	0	0	1	0	0	0	0	0	0	0	0	0	0	0	30	0	0	0	3	0	0	6	0	0	0	2	1	0	0	0	1	0	22	7	5	1	0	0	0	0	0	0	0	0	0	0	0
OTU2417	0	0	0	0	0	0	0	0	0	0	0	0	0	0	0	0	0	0	0	0	0	0	0	1	0	0	0	1	0	0	0	0	0	0	0	0	1	0	44	0	1	0	1	0	0	0	0	0	0	1	0	0	0	2	0	0	6	0	0	0	0	0	0	0	0	0	0	0	0	0	0	1	0	0	0	0	73	1	0	3	0	0	0	0	1	0	19	7	5	0	0	0	0	0	0	2	0	0	0	0	0	0
OTU2418	0	1	0	0	0	0	0	1	0	0	0	0	0	0	0	0	0	0	0	0	0	0	0	0	0	0	0	0	0	0	0	0	0	0	0	0	1	0	8	0	0	1	11	0	2	0	0	0	0	2	2	0	7	1	0	0	6	0	0	0	0	1	0	0	0	0	0	0	0	4	0	0	0	5	1	11	13	0	7	8	3	0	0	1	0	0	9	0	0	10	0	0	0	0	5	0	0	0	0	0	0	0
OTU2419	0	0	0	0	0	0	0	0	0	0	0	0	0	0	0	0	0	0	0	0	0	0	0	0	0	0	0	0	0	0	0	0	0	0	0	0	0	1	0	0	10	0	0	0	2	0	0	0	0	0	0	20	0	0	0	0	0	0	17	1	0	0	0	0	0	0	0	0	0	0	0	0	0	0	0	0	2	0	0	0	3	41	0	0	0	0	0	2	0	0	15	0	0	0	0	1	0	0	0	1	0	0
OTU242	0	0	0	0	2	0	0	0	0	0	0	1	1	0	0	0	2	0	0	0	0	0	0	0	0	0	1	3	2	5	0	0	0	0	0	2	7	0	5	0	0	4	2	0	3	0	1	12	5	0	0	3	1	3	1	4	2	15	16	0	47	0	0	1	0	0	34	0	0	2	3	0	0	1	3	11	3	0	1	6	4	5	3194	6	1	1	5	4	4	0	0	6	2	6	3	13	8	0	0	0	0	0
OTU2420	0	0	0	0	0	0	0	0	0	0	0	0	0	0	1	0	0	0	0	0	0	1	0	0	0	0	0	1	0	0	0	0	0	0	0	0	0	0	0	0	10	4	2	0	4	3	0	0	5	0	0	1	0	0	2	0	0	0	0	0	0	0	0	0	0	0	0	0	4	0	0	0	0	0	0	0	0	0	3	0	0	0	0	0	0	0	0	0	0	0	0	1	0	0	1	6	3	33	13	0	1	1
OTU2421	0	3	0	0	0	0	0	0	0	0	1	2	0	0	0	0	0	1	0	0	5	0	0	0	0	0	0	5	0	2	0	0	0	0	0	0	1	0	0	3	19	16	141	0	1	0	0	0	4	3	0	141	16	7	4	0	0	4	1	0	0	0	0	0	0	0	0	0	0	0	1	1	0	3	0	1	6	5	0	1	0	7	2	2	0	2	7	1	0	19	12	4	0	2	19	2	3	0	0	2	0	0
OTU2422	0	0	0	0	0	0	0	0	0	0	0	0	0	0	0	0	0	0	0	0	0	0	0	0	0	0	0	0	0	0	2	0	0	0	2	0	2	0	0	0	0	0	1	0	0	0	42	0	0	16	12	0	0	0	0	1	0	0	0	2	0	0	0	0	0	0	0	0	0	0	0	50	0	13	0	0	0	0	0	1	0	26	2	37	0	0	0	0	1	0	0	51	0	0	0	0	2	0	0	0	0	0
OTU2423	0	0	0	0	0	0	0	1	0	0	0	0	0	0	0	0	0	0	0	0	0	0	0	0	0	0	0	0	0	0	0	0	0	0	0	0	0	1	0	0	0	0	0	5	0	26	5	0	0	1	0	0	0	0	0	0	5	1	6	2	0	0	0	0	0	2	30	6	32	0	0	0	0	0	0	0	0	0	0	0	0	22	0	0	0	6	0	0	0	0	0	0	3	0	0	1	1	0	0	1	0	0
OTU2424	0	0	0	0	0	0	0	1	0	0	0	0	0	0	0	0	0	0	0	0	0	0	0	0	0	0	5	2	4	0	5	0	0	0	0	0	6	0	1	0	0	6	3	0	0	0	0	1	44	0	0	0	5	0	0	0	0	0	0	0	0	0	0	0	4	11	35	17	2	1	9	0	0	11	1	0	0	0	0	4	3	1	40	0	0	0	5	0	0	2	12	2	1	0	1	1	3	6	6	1	22	3
OTU2425	0	1	0	0	0	0	2	0	0	0	0	3	0	0	0	0	0	0	0	0	0	0	0	1	2	0	0	0	0	0	0	0	0	0	0	0	0	0	0	0	0	0	0	0	0	0	0	0	0	0	1	1	118	0	4	0	0	1	3	0	0	0	0	1	0	0	0	0	0	0	0	0	1	0	0	0	2	1	5	0	8	0	0	2	0	1	0	0	0	0	2	2	1	1	0	3	0	0	0	0	0	0
OTU2426	0	0	0	0	0	0	0	0	0	0	0	0	0	0	0	0	0	0	0	0	0	0	0	0	0	0	0	0	0	0	0	0	0	0	0	0	0	0	0	0	0	0	0	0	3	0	0	0	0	0	0	0	0	40	0	0	0	4	5	0	0	0	0	0	0	0	1	0	0	0	0	0	0	0	0	5	0	0	0	0	0	33	4	5	0	0	0	0	0	0	0	4	15	0	0	0	0	0	0	0	0	0
OTU2427	0	0	0	0	0	0	0	0	0	0	0	0	0	0	0	0	0	0	0	0	0	0	0	0	0	0	0	0	0	0	0	0	0	0	0	0	0	0	0	0	0	0	0	0	0	0	0	0	0	0	0	0	0	0	5	0	3	2	2	0	0	0	1	0	34	2	35	15	17	0	0	0	0	0	0	0	0	0	0	0	0	0	0	0	0	0	0	0	0	0	0	0	0	0	0	0	0	0	0	0	3	0
OTU2428	0	0	0	0	0	0	0	0	0	0	0	0	0	0	0	0	0	0	0	0	0	0	0	0	0	0	0	0	0	0	0	0	0	0	0	0	0	0	0	0	0	0	0	0	0	0	0	0	0	0	0	0	0	0	0	0	3	0	0	0	0	0	0	0	0	0	118	0	0	0	0	0	0	0	0	0	0	0	0	0	0	0	0	0	0	0	0	0	0	0	0	0	0	0	0	0	0	0	0	3	0	0
OTU2429	0	0	0	0	0	0	0	0	0	0	0	0	0	0	0	0	0	0	0	0	0	0	0	2	0	0	0	0	0	0	0	0	0	0	0	0	0	0	0	0	0	0	0	0	0	0	0	0	0	0	0	0	0	0	0	0	8	0	4	1	2	0	0	0	9	0	29	3	18	0	0	0	0	0	0	0	0	0	0	0	0	0	0	0	0	0	0	0	0	0	0	0	6	0	0	1	0	57	0	0	21	2
OTU243	0	2	1	0	0	0	0	3	0	1	0	2	0	2	0	0	0	0	6	0	2	0	3	1	12	1	425	55	3	63	168	2	13	0	7	3	1	1	2	2	138	63	52	67	128	12	85	87	99	38	2	259	21	7	40	130	36	50	236	2	3	1	5	8	250	440	549	53	61	0	2	59	160	41	13	6	11	6	82	34	37	90	29	51	64	47	6	13	9	28	14	26	201	131	180	105	93	7	174	5	212	220
OTU2430	0	0	0	0	0	0	0	0	0	0	0	0	0	0	0	0	0	0	0	0	0	0	0	1	0	0	0	0	0	0	0	0	0	0	0	0	0	0	0	0	0	0	0	0	0	0	1	0	0	0	0	0	0	0	3	0	0	0	1	0	0	0	0	0	45	10	14	4	23	0	0	0	0	0	0	0	0	0	0	0	0	0	0	0	0	0	0	0	0	0	0	0	0	0	0	0	0	0	1	0	10	0
OTU2431	0	0	0	0	0	0	0	0	0	0	0	0	0	0	0	0	0	0	0	0	0	0	0	0	0	0	0	0	0	0	0	0	0	0	0	0	7	0	0	0	0	0	0	0	0	0	0	0	0	0	0	0	0	0	0	0	0	0	0	0	0	0	0	0	57	0	0	50	0	0	0	0	0	0	0	0	0	0	0	0	0	0	0	0	0	0	0	0	0	0	0	0	0	0	0	0	2	0	0	0	0	1
OTU2432	0	0	0	0	0	0	0	0	0	0	0	0	0	0	0	0	0	0	0	0	0	0	0	0	0	0	0	0	0	0	0	0	0	0	0	1	0	0	0	0	0	0	0	0	0	0	0	0	0	0	0	0	0	0	0	0	2	0	0	0	0	0	0	0	4	18	44	8	0	0	0	0	0	0	0	0	0	0	0	0	0	0	0	0	0	0	0	0	0	0	0	0	0	0	0	0	0	0	0	0	0	0
OTU2433	0	0	0	0	0	0	1	0	0	0	0	0	0	0	0	0	0	0	0	0	0	0	0	0	0	0	0	0	0	0	0	0	1	0	0	0	1	0	0	0	0	0	0	0	16	0	3	0	0	0	0	0	0	2	0	0	2	0	2	1	0	0	0	0	8	0	29	0	24	0	0	0	0	0	0	0	0	1	0	0	0	0	0	0	0	0	0	0	0	0	0	1	0	1	0	1	9	0	0	0	16	25
OTU2434	0	0	0	0	0	0	0	1	0	0	0	0	0	0	0	0	0	0	0	0	0	0	0	0	0	0	0	0	0	0	0	0	0	0	0	0	0	0	0	0	0	0	0	0	0	0	0	0	0	0	0	0	0	0	0	0	0	1	0	0	0	0	0	0	0	0	26	22	11	0	0	0	0	0	0	0	0	0	0	0	0	0	0	0	0	0	0	0	0	0	0	0	0	0	0	0	0	0	34	0	0	15
OTU2435	0	0	0	0	0	0	0	0	0	0	0	0	0	0	0	0	0	0	1	0	0	0	0	0	1	0	0	0	0	0	0	0	0	0	0	0	0	0	0	0	0	3	0	0	0	0	0	0	0	0	0	0	0	0	0	0	0	0	2	0	0	0	0	0	0	0	0	0	84	0	0	0	0	0	0	0	0	0	2	0	0	0	0	0	0	0	0	0	3	0	0	0	0	0	0	0	0	0	0	0	0	0
OTU2436	0	0	2	0	0	0	7	0	0	0	0	1	0	0	0	0	0	0	0	0	0	0	0	0	0	0	2	0	0	0	0	0	0	0	0	0	0	0	5	0	6	0	12	0	0	0	0	0	5	3	0	0	0	0	0	4	0	0	0	0	0	0	0	0	0	0	0	0	0	0	0	0	0	0	0	0	0	3	50	0	160	0	0	0	0	0	3	1	0	0	0	0	0	2	1	0	0	0	0	0	0	0
OTU2437	0	0	0	0	0	0	0	0	0	0	0	0	0	0	0	0	0	0	0	0	0	0	0	0	0	0	0	10	0	0	0	0	0	0	0	0	0	0	0	0	0	0	0	0	0	0	0	0	0	0	0	0	0	0	0	0	0	0	0	0	0	0	0	0	0	0	0	0	0	0	0	0	0	0	0	0	0	0	0	0	0	0	0	0	0	1	0	0	0	1	0	0	0	4	0	1	0	0	0	0	70	0
OTU2438	0	0	0	0	0	0	0	0	0	0	0	0	0	0	0	0	2	0	0	0	0	0	0	5	0	0	3	0	0	5	0	0	0	0	0	0	0	0	5	0	0	0	0	0	0	0	0	0	0	0	0	2	0	0	9	0	4	0	0	0	0	0	1	1	19	0	22	0	0	0	0	0	0	0	0	0	0	1	0	0	0	0	0	0	0	6	0	0	4	0	0	0	6	4	0	0	0	75	0	0	0	0
OTU2439	0	0	0	0	0	0	0	0	0	0	0	0	0	0	0	0	0	0	0	0	0	0	0	0	0	0	0	0	0	0	0	0	0	0	0	0	0	0	0	0	0	0	0	0	0	0	0	0	0	0	0	0	0	0	0	0	0	0	0	0	0	0	0	0	0	0	0	0	0	0	0	0	0	0	0	0	0	0	0	0	0	0	0	0	0	0	0	0	0	0	0	0	0	0	0	0	0	0	103	0	0	0
OTU244	0	0	0	0	0	0	8	4	0	0	0	0	0	0	0	0	0	0	4	0	3	6	2	6	4	1	0	0	0	0	0	1	2	8	1	5	0	0	0	0	0	0	0	0	0	0	0	0	0	0	0	0	0	0	9	6	10	1	0	8	0	8	0	4	523	431	646	147	17	0	0	0	0	0	0	0	0	0	0	0	1	0	0	0	0	0	0	0	0	0	1	0	5	4	0	14	5	489	322	5	683	253
OTU2440	0	0	0	0	0	0	0	0	0	0	0	0	0	0	0	0	0	0	0	0	0	0	0	0	0	0	0	0	0	0	0	0	0	0	0	0	0	0	0	0	0	0	0	0	0	0	0	0	0	0	0	0	0	0	0	0	0	0	0	0	0	0	0	0	0	0	0	0	0	0	0	0	0	0	0	0	0	0	0	0	0	0	0	0	0	0	0	0	0	0	0	0	0	0	0	0	0	0	0	53	0	0
OTU2441	0	0	0	0	0	0	0	0	0	0	0	0	0	0	0	0	0	0	0	0	0	0	0	0	0	0	0	0	0	0	0	0	0	0	0	0	0	0	0	0	0	0	0	0	0	0	0	0	0	0	0	0	0	0	0	0	0	0	0	0	0	0	0	0	0	0	0	0	0	0	0	0	0	0	0	0	0	0	0	0	0	0	0	0	0	0	0	0	0	0	0	0	0	0	0	0	0	0	0	101	0	0
OTU2442	0	0	0	0	0	0	0	0	0	0	0	0	0	0	0	0	0	0	1	0	0	0	0	0	0	0	0	0	0	0	0	0	0	0	0	0	0	0	0	0	0	0	0	0	0	0	0	0	0	0	0	0	0	0	0	0	0	0	0	0	0	0	0	0	0	0	0	0	0	0	0	0	0	0	0	0	0	0	0	0	0	0	0	0	0	0	0	0	0	0	0	0	0	0	0	0	0	0	0	69	0	5
OTU2443	0	0	0	0	0	0	0	0	0	0	0	0	0	0	0	0	0	0	0	1	0	0	0	0	0	0	0	0	0	0	0	0	0	0	0	0	0	0	0	0	0	0	0	0	0	0	0	0	0	0	0	0	0	0	0	0	0	0	0	0	0	0	0	0	0	0	0	0	0	0	0	0	0	0	0	0	0	0	0	0	0	0	0	0	0	0	0	0	0	0	0	0	0	0	0	2	0	0	0	0	87	0
OTU2444	0	0	0	0	0	0	0	0	0	0	0	81	0	0	0	0	0	0	0	0	0	0	0	0	0	0	0	0	0	0	0	0	0	0	0	0	0	0	0	0	0	0	0	0	0	0	0	0	0	0	0	0	0	0	0	0	0	0	0	0	0	0	0	0	0	0	0	0	0	0	0	0	0	0	0	0	0	0	0	0	0	0	0	0	0	0	0	0	0	0	0	0	0	0	0	0	0	0	0	0	0	0
OTU2445	0	2	0	0	0	0	1	0	0	0	2	0	0	0	0	0	0	0	1	0	0	0	0	0	0	0	0	0	0	1	1	0	1	0	0	2	0	0	1	1	0	37	6	4	1	0	0	0	3	1	0	0	0	0	0	0	3	1	2	0	0	0	0	0	0	0	2	0	0	5	21	7	8	0	0	4	0	0	0	2	1	4	0	0	0	2	0	3	0	4	2	6	0	0	0	3	0	0	0	0	0	0
OTU2446	0	0	0	0	0	0	0	0	0	0	0	0	0	0	0	0	0	0	0	0	0	0	0	1	0	0	0	1	38	0	0	0	0	0	0	0	1	15	24	0	0	1	0	1	0	0	0	0	0	0	0	0	3	3	0	0	4	0	0	0	0	0	0	0	0	0	0	0	0	0	0	0	0	0	2	0	39	4	0	12	0	0	0	0	0	2	0	0	8	0	0	0	0	2	1	0	0	0	0	0	0	0
OTU2447	0	0	0	0	0	0	0	0	0	0	0	0	0	0	0	0	0	0	0	0	0	0	0	1	0	0	0	0	0	0	0	0	0	0	0	0	2	2	41	0	2	0	0	0	0	0	0	0	0	1	0	0	0	0	0	0	0	0	0	0	0	0	0	0	0	0	0	0	0	0	23	0	0	0	0	0	12	8	0	19	2	0	1	3	0	0	0	10	10	0	0	0	0	0	0	0	0	0	0	0	0	0
OTU2448	0	0	0	0	0	0	0	0	0	0	0	0	0	0	0	0	0	0	0	0	0	0	0	0	2	0	0	0	1	0	0	0	0	0	0	0	0	0	0	0	121	0	0	0	0	0	0	0	0	0	0	0	0	0	1	0	0	0	2	0	0	0	0	0	0	0	0	0	0	0	0	0	0	0	0	0	0	0	5	0	0	0	0	0	1	0	0	1	0	0	0	0	0	0	0	2	0	0	0	0	0	0
OTU2449	0	0	0	0	0	0	0	0	0	0	0	1	0	0	0	0	0	0	0	0	0	0	0	0	0	0	14	4	5	4	6	0	0	1	0	0	0	0	0	0	0	4	0	0	0	2	0	0	0	0	0	7	2	0	1	0	0	0	0	0	0	0	1	0	0	0	0	0	0	1	5	0	0	0	1	0	0	0	0	0	1	0	2	1	0	0	0	2	0	0	2	5	2	0	0	0	0	0	0	0	0	0
OTU245	0	2	0	2	0	2	0	4	393	0	9	0	0	0	4	3	0	0	0	0	7	2	5	25	1	0	4	33	234	9	155	5	7	0	35	15	35	115	978	1	78	66	60	288	173	29	19	432	12	7	5	67	66	25	79	110	47	180	19	14	2	1	0	13	5	2	7	9	6	186	69	117	308	66	113	42	40	272	56	3	63	167	46	16	3	27	190	108	568	62	6	71	193	13	36	50	17	9	1	1	3	0
OTU2450	0	0	0	0	0	0	0	0	0	0	0	0	0	0	0	0	0	0	0	0	0	0	0	1	0	0	13	0	20	1	4	0	0	0	0	0	0	2	27	0	0	0	1	0	0	0	0	0	4	5	2	4	0	1	1	0	0	0	0	0	0	0	0	0	0	0	0	0	0	0	5	0	0	1	5	1	0	3	0	0	0	0	1	0	6	0	0	0	0	0	3	1	0	2	1	0	0	0	0	0	0	0
OTU2451	0	0	3	0	0	0	0	0	0	0	0	0	0	0	0	0	0	0	0	0	0	0	0	0	0	0	43	0	0	0	0	0	0	0	2	0	0	0	0	0	5	2	0	5	0	0	7	0	0	0	0	0	0	0	0	0	0	0	12	0	2	0	0	0	0	0	1	0	0	0	0	0	0	0	0	6	0	0	1	3	0	14	12	2	0	0	0	0	0	0	0	0	5	1	3	18	1	0	0	0	4	0
OTU2452	0	0	0	0	0	0	0	0	0	0	0	0	0	0	0	0	0	0	0	0	0	0	0	0	0	0	19	0	1	0	0	0	0	0	0	0	0	0	0	0	0	3	0	0	0	0	0	0	1	0	3	0	0	0	0	0	35	0	0	0	0	0	0	0	0	0	3	0	0	0	2	0	0	0	0	0	0	0	0	39	0	2	0	0	0	0	0	0	0	0	2	0	0	0	0	1	2	0	0	0	0	0
OTU2453	0	0	0	0	0	0	0	0	0	0	0	0	0	0	0	0	0	0	0	0	0	0	0	0	0	0	1	0	0	0	0	1	0	2	0	0	0	0	0	0	0	0	0	51	0	29	0	0	0	0	0	0	0	0	2	2	0	1	0	0	0	0	0	0	0	0	0	0	0	0	0	0	0	0	0	0	0	0	0	0	0	10	0	0	0	0	0	0	0	0	0	0	1	1	0	1	0	0	0	0	0	0
OTU2454	0	0	0	0	0	0	0	0	0	0	0	0	0	0	0	0	0	0	0	0	0	0	0	0	0	0	1	15	0	27	0	0	2	0	0	0	3	0	0	0	2	3	0	1	13	0	6	0	2	10	0	0	8	1	8	0	0	0	3	0	0	0	0	0	0	0	0	0	0	0	0	0	0	0	0	2	0	0	0	0	0	3	0	1	1	5	0	0	0	2	0	1	25	0	0	3	0	0	0	0	0	0
OTU2455	0	0	0	0	0	0	0	0	0	0	0	0	0	0	0	0	1	0	0	0	0	0	0	0	0	0	0	12	0	0	11	0	0	0	0	0	0	0	0	0	1	0	0	0	0	0	0	0	0	0	0	1	0	0	0	1	0	0	1	0	0	0	0	2	0	32	0	1	0	0	0	0	0	0	0	0	0	0	0	0	0	0	0	0	0	0	2	0	0	3	0	0	0	0	0	0	1	0	32	0	0	0
OTU2456	0	0	1	1	1	2	2	3	0	0	2	3	0	2	1	0	1	0	6	0	0	1	0	0	1	0	10	33	25	89	4	0	1	1	6	1	8	2	13	0	10	3	3	20	11	13	0	3	24	5	9	26	40	11	15	7	38	9	20	3	0	2	0	0	259	69	247	86	258	3	44	16	12	29	18	55	6	17	6	26	23	35	16	3	4	7	60	12	8	52	33	67	15	1	3	15	29	2	1	1	4	0
OTU2457	0	0	0	0	0	0	0	0	0	0	0	0	0	0	0	0	0	0	0	0	0	0	0	0	0	0	5	10	0	18	1	0	0	0	0	0	3	0	0	0	0	0	0	5	0	1	5	0	0	0	0	9	0	2	2	0	0	0	8	0	0	1	0	0	0	0	3	0	0	0	0	0	10	0	0	0	2	0	0	0	1	0	0	12	0	0	0	0	1	0	11	0	0	2	0	0	4	0	0	0	0	0
OTU2458	0	0	0	0	0	0	0	1	0	0	0	1	0	0	0	0	0	0	0	0	0	0	0	0	0	0	0	0	1	0	0	0	0	0	0	1	1	0	2	0	0	1	1	7	23	3	2	14	0	0	0	0	1	1	8	3	31	10	2	0	0	0	0	0	2	6	3	12	23	0	0	0	0	0	0	17	0	0	0	0	0	5	1	0	4	4	1	0	0	1	5	0	0	3	13	19	1	0	0	2	0	1
OTU2459	0	0	0	0	0	0	0	0	0	0	0	0	0	0	0	0	0	0	0	0	0	0	0	0	0	0	1	2	6	0	0	0	0	0	0	0	6	4	8	0	2	2	3	0	0	0	0	0	1	0	0	0	0	0	0	0	0	0	0	0	0	0	0	0	0	0	0	0	0	0	9	0	0	0	0	0	0	16	0	1	3	0	0	0	0	0	16	0	4	0	0	0	0	0	0	0	6	0	0	0	1	2
OTU246	414	0	0	0	0	3	0	5	3	904	0	1	0	0	0	0	0	0	3	0	5	0	2	0	4	277	0	0	1	3	2	0	1	1087	507	1	0	2	2	0	0	1	0	0	3	33	13	0	0	0	0	0	1	2	1	4	0	0	4	1	0	0	0	3	0	11	6	1	4	0	3	1	0	1	5	1	7	3	3	5	5	1	0	0	0	0	3	0	0	0	0	0	10	1	4	6	1	0	1	1	2	5
OTU2460	0	0	0	0	0	0	0	0	0	0	0	0	0	0	0	0	0	0	1	0	0	0	0	0	0	0	0	0	0	0	1	0	0	1	0	0	0	0	0	0	0	0	0	0	0	0	0	0	0	0	0	0	0	0	0	0	0	0	0	0	0	0	0	0	0	2	0	0	0	0	0	0	0	0	0	0	0	0	0	0	0	0	0	0	0	0	0	0	0	0	0	0	0	0	0	0	2	0	37	0	0	37
OTU2461	0	0	0	0	0	0	0	0	0	0	0	0	0	0	0	0	0	0	0	0	0	0	0	0	0	0	1	4	0	0	1	0	0	0	0	0	0	0	0	0	0	0	1	4	10	12	1	0	40	2	0	0	0	3	2	0	1	4	10	0	0	0	0	0	0	0	0	0	0	0	0	0	1	4	0	0	0	0	26	0	1	16	7	1	1	20	1	2	0	3	0	0	4	2	3	1	0	0	4	0	16	0
OTU2462	0	0	0	0	0	0	0	0	0	0	0	0	0	0	0	0	0	0	0	0	0	0	0	0	0	0	0	6	0	0	0	1	0	0	0	0	0	0	0	0	0	0	0	5	5	0	2	0	6	0	3	0	0	0	3	0	1	0	0	0	0	0	0	0	0	0	0	0	0	0	0	0	10	3	5	0	0	0	0	0	0	4	5	6	0	1	0	0	0	0	0	0	3	4	0	0	3	0	0	0	0	0
OTU2463	0	1	0	0	0	0	0	0	0	0	0	0	0	0	0	0	0	0	0	0	0	0	0	0	0	0	1	0	0	0	0	0	0	4	0	0	1	0	0	0	0	0	0	8	0	75	0	0	0	0	0	0	0	0	5	0	3	0	0	0	0	0	0	0	0	0	1	0	0	0	0	0	0	0	0	0	0	1	0	0	0	0	0	0	1	0	1	0	0	0	0	0	0	1	0	3	4	0	0	0	0	0
OTU2464	0	0	0	0	0	0	1	0	0	0	0	3	0	0	0	0	0	1	1	0	2	0	0	0	1	0	0	2	0	0	2	0	0	2	4	0	0	0	5	0	6	0	3	10	4	5	4	2	2	0	0	3	4	0	1	0	6	1	8	0	0	0	0	0	36	61	32	40	87	0	0	0	0	1	17	0	0	3	5	0	1	6	0	1	0	2	0	0	1	3	0	2	0	0	5	4	1	0	1	77	0	5
OTU2465	0	0	0	0	0	0	0	1	0	0	0	0	0	0	0	0	0	0	0	0	0	0	0	0	0	0	0	0	0	0	0	0	0	0	0	0	27	3	0	0	3	0	1	0	1	0	0	0	2	1	0	0	0	0	0	0	3	0	0	0	0	0	0	0	0	0	1	0	0	0	0	0	0	0	0	7	23	14	0	0	0	1	0	1	0	0	8	0	3	0	0	0	1	0	0	2	0	0	6	0	0	0
OTU2466	0	0	0	0	0	0	0	0	0	0	0	0	1	0	0	0	0	0	1	0	0	0	0	0	3	0	1	0	4	0	0	0	0	0	0	0	6	0	0	0	26	4	6	0	4	0	1	1	0	11	4	0	1	1	0	0	5	0	3	0	0	0	0	0	6	4	15	3	4	0	0	0	2	0	0	11	11	28	32	0	0	0	8	3	0	0	9	2	0	10	13	11	0	2	0	2	0	0	0	0	0	0
OTU2467	0	0	0	0	0	0	0	3	0	0	0	0	0	1	0	0	0	0	0	0	0	0	0	0	0	0	8	0	0	0	0	0	0	0	0	0	9	1	25	0	0	0	0	0	0	0	0	0	0	0	0	0	0	1	0	0	13	0	0	0	0	0	0	0	0	0	1	0	0	0	7	0	0	0	1	0	31	13	1	7	0	0	0	0	0	0	0	3	0	0	0	2	0	0	0	0	0	0	0	0	0	0
OTU2468	0	0	0	0	0	0	0	0	0	0	0	0	0	0	0	0	0	0	0	0	0	0	0	0	0	0	0	0	0	0	0	0	0	0	0	0	2	3	1	0	24	11	0	0	0	0	0	0	0	0	0	0	8	0	6	0	0	0	2	0	0	0	0	0	19	0	0	21	9	0	0	0	0	1	0	0	0	0	0	1	2	0	0	0	0	0	1	0	2	0	0	0	0	0	0	0	0	0	0	0	0	0
OTU2469	0	0	0	0	0	0	0	0	0	0	0	1	0	0	0	0	0	0	0	0	0	0	0	0	0	0	0	0	0	0	0	0	1	0	2	0	0	0	12	0	56	9	0	17	10	19	0	0	1	0	0	0	0	0	2	2	1	0	0	0	0	0	0	0	0	2	0	0	0	0	4	0	0	0	2	0	0	4	0	0	6	4	0	0	0	0	0	7	15	0	0	0	0	1	0	0	17	0	0	0	0	2
OTU247	0	1	0	0	0	0	0	1	0	0	0	2	0	0	0	0	0	0	7	0	5	2	3	1	6	3	44	1	318	8	135	0	4	3	13	2	12	9	3	1	9	9	5	0	3	7	0	0	0	15	4	15	32	5	4	2	8	3	2	0	1	0	0	2	549	907	1141	143	850	7	208	29	1	6	64	5	5	1	7	31	7	29	0	0	1	3	54	0	300	1	39	10	3	14	1	12	5	2	0	1	2	1
OTU2470	0	0	0	0	0	0	0	0	0	0	0	0	0	2	0	0	0	0	0	0	0	0	0	0	0	0	0	0	0	1	0	0	0	0	0	0	0	1	0	0	10	1	1	16	0	0	0	0	0	0	0	0	0	0	73	18	0	0	0	0	1	0	0	0	0	0	0	0	0	0	0	1	0	9	0	0	0	0	0	0	0	0	0	0	0	0	0	0	0	0	0	0	0	0	8	0	0	0	0	0	0	0
OTU2471	0	0	0	0	0	0	0	0	0	0	0	0	0	0	0	0	0	0	0	0	0	0	0	0	0	0	0	0	0	0	0	3	0	0	0	0	0	0	0	0	1	0	2	155	0	0	0	0	0	0	0	0	0	0	0	0	0	0	0	0	0	0	0	0	0	0	0	0	0	0	1	0	1	0	0	0	1	1	0	0	0	0	0	0	0	0	0	0	0	0	0	0	0	0	0	0	0	0	0	0	0	0
OTU2472	0	0	0	0	0	0	0	0	0	0	0	1	0	0	1	0	0	0	0	0	0	0	0	0	0	0	0	0	0	0	0	0	0	0	0	0	0	0	0	0	0	0	0	0	0	0	20	0	0	44	0	0	0	2	0	0	1	0	1	0	0	0	0	0	0	0	0	0	0	0	0	0	0	0	1	0	2	0	0	0	0	0	0	73	0	1	0	0	0	1	32	0	0	0	0	0	0	0	0	0	0	0
OTU2473	0	0	0	0	0	0	0	0	0	0	0	0	0	0	0	0	0	0	0	0	0	0	0	0	0	0	0	0	1	0	0	0	0	0	0	2	0	0	0	0	0	0	0	0	0	0	0	100	0	1	0	0	0	0	0	0	8	0	1	0	0	0	0	0	0	0	0	0	0	0	0	0	0	0	0	0	0	0	0	0	0	1	0	2	0	6	1	0	0	0	0	0	0	0	0	0	0	0	0	0	0	0
OTU2474	0	0	0	0	0	0	0	0	0	0	0	0	0	0	0	0	0	0	0	0	0	0	0	0	0	0	0	0	0	0	0	0	0	0	0	0	0	0	0	0	0	2	0	0	0	1	0	1	0	4	0	0	0	0	0	6	1	76	0	0	0	0	0	0	0	0	0	3	0	0	0	0	0	0	0	0	2	0	0	2	0	0	0	0	0	0	0	0	0	0	0	0	0	1	0	0	15	0	31	0	0	0
OTU2475	0	1	0	0	0	0	0	0	0	0	0	0	0	0	0	0	0	0	0	0	0	0	0	0	0	0	0	0	0	3	0	0	0	0	0	1	0	0	0	0	1	0	0	36	3	0	0	12	0	1	0	0	0	0	2	9	1	0	20	1	0	0	0	0	0	0	0	0	0	0	0	0	1	0	0	0	0	0	19	0	0	17	7	1	0	4	0	1	0	2	0	0	18	0	3	1	6	0	0	0	0	11
OTU2476	0	0	0	0	0	0	0	0	0	0	0	0	0	0	0	0	0	1	1	0	0	0	0	0	0	0	1	0	0	0	0	0	0	0	0	0	0	20	22	2	4	0	1	0	0	1	6	0	0	5	0	0	0	0	1	0	4	3	0	0	0	0	0	0	0	0	0	0	0	27	28	0	0	3	396	0	18	15	0	0	2	1	3	0	0	0	29	28	13	0	0	0	0	1	2	1	0	0	0	0	0	0
OTU2477	0	0	0	0	0	0	0	0	0	0	0	0	0	0	0	0	0	0	0	0	0	0	0	0	0	0	0	0	0	1	0	0	0	0	2	0	0	0	0	0	0	0	0	0	0	0	0	0	0	0	0	43	0	3	0	0	0	2	2	0	0	0	0	0	0	1	1	0	9	0	0	0	7	3	0	0	0	1	8	0	0	0	6	0	0	0	0	0	0	1	11	0	0	0	0	0	0	0	0	0	0	0
OTU2478	0	0	0	0	0	0	0	0	0	0	0	0	0	0	0	0	0	0	0	0	0	0	0	0	0	0	0	0	0	0	0	0	0	0	0	0	0	0	0	0	0	0	0	0	0	0	1	0	0	0	0	0	1	0	0	76	0	0	0	0	0	0	0	0	0	2	0	0	0	0	0	0	0	1	0	0	0	1	0	0	0	0	0	0	0	1	0	0	0	0	0	0	1	0	2	12	1	0	0	0	0	0
OTU2479	0	0	0	0	0	0	0	2	0	0	0	0	0	0	0	0	0	0	0	0	0	0	0	2	0	4	0	0	0	0	0	0	0	0	0	0	0	0	0	0	0	0	0	0	0	0	0	0	0	0	0	0	0	0	0	0	0	0	2	0	0	0	0	0	0	0	1	7	73	3	0	0	0	1	2	0	0	0	0	0	0	0	0	0	1	0	0	0	0	0	0	0	0	2	0	0	0	0	3	3	0	0
OTU248	0	4	4	0	0	0	3	10	1	0	0	0	0	0	0	0	0	1	3	1	3	7	0	2	1	1	42	118	44	123	33	2	1	0	7	0	370	24	56	0	51	48	214	0	33	7	15	4	45	32	10	121	52	28	8	4	8	11	20	1	0	4	0	2	87	0	124	28	462	30	86	47	57	104	23	115	8	69	21	27	38	48	39	35	58	22	33	173	24	66	55	27	38	21	20	81	75	1	2	0	2	4
OTU2480	0	0	0	0	0	0	0	0	0	0	0	0	0	0	0	0	0	0	0	0	0	0	0	0	1	0	0	0	0	0	0	0	0	0	0	0	0	0	0	0	0	0	0	0	0	0	0	0	5	0	0	0	0	0	0	2	0	0	9	0	0	0	0	0	2	3	0	6	128	0	0	0	0	14	0	0	0	0	0	0	0	0	0	0	4	0	0	3	0	0	0	0	0	0	0	0	0	0	0	2	0	0
OTU2481	0	0	0	0	0	0	0	0	0	0	0	0	0	0	0	0	0	0	0	0	0	0	0	0	0	0	0	0	0	0	0	0	0	0	0	0	0	0	0	0	0	0	0	0	0	0	0	0	0	0	0	0	0	0	1	0	1	0	1	0	0	0	0	0	19	0	28	24	20	0	0	0	0	0	0	0	0	0	0	0	0	0	0	0	0	0	0	0	0	0	0	0	0	0	0	0	0	0	0	0	0	0
OTU2482	0	0	0	0	0	0	0	0	0	0	0	0	0	0	0	0	0	0	0	0	0	0	0	0	0	0	0	0	0	0	0	0	0	0	2	0	0	0	0	0	0	0	0	0	0	0	0	0	0	0	0	0	0	0	0	0	0	0	0	0	0	0	0	0	54	1	0	0	0	0	0	0	0	0	0	0	0	0	0	0	0	0	0	0	0	0	0	0	0	0	0	0	0	0	0	0	0	0	0	1	0	0
OTU2483	0	0	0	0	0	0	0	0	0	0	0	0	0	0	0	0	0	0	0	0	0	0	0	0	0	0	0	0	0	0	0	0	0	0	0	0	0	0	0	0	0	0	0	0	0	0	0	0	0	0	0	0	0	0	2	0	0	0	0	1	0	0	0	0	33	0	0	0	0	0	0	0	0	0	0	0	0	0	0	0	0	0	0	0	0	0	0	0	0	0	0	0	0	2	0	0	0	0	42	0	43	13
OTU2484	0	0	0	0	0	0	0	0	0	0	0	0	0	0	0	0	0	0	0	0	0	0	0	0	0	0	0	0	0	0	0	0	0	0	0	0	0	0	0	0	0	0	0	0	0	0	0	0	0	0	0	0	0	0	1	0	0	0	0	0	0	0	0	0	70	0	0	0	0	0	0	0	0	0	0	0	0	0	0	0	0	0	0	0	0	0	0	0	0	0	0	0	0	0	0	0	0	0	0	0	0	0
OTU2485	0	0	0	0	3	0	0	0	0	1	0	3	0	0	0	0	0	0	2	0	0	0	0	0	0	0	0	1	0	1	0	0	0	0	1	0	3	0	0	0	4	2	0	0	0	0	0	0	0	3	0	0	1	0	0	0	0	0	0	0	0	0	0	0	0	0	1	0	0	0	0	0	0	0	0	0	0	0	0	0	0	1	0	0	0	0	9	0	0	2	0	0	0	2	2	7	0	0	0	4	73	0
OTU2486	0	0	0	0	0	0	1	0	0	0	0	0	0	0	0	0	0	0	0	0	0	0	0	0	0	0	0	0	0	0	0	0	0	0	0	0	0	0	0	0	0	0	0	0	0	0	0	0	0	0	0	0	0	0	0	0	0	0	0	0	0	0	0	0	0	0	0	68	0	0	0	0	0	0	0	0	0	0	0	0	0	0	0	0	0	0	0	0	0	0	0	0	0	0	0	0	0	0	0	0	0	0
OTU2487	0	0	0	0	0	0	0	0	0	0	0	0	0	0	0	0	0	0	0	0	0	0	0	0	0	0	0	0	0	0	0	0	0	0	0	0	0	0	0	0	0	0	0	0	0	0	0	0	0	0	0	0	0	0	0	0	0	0	0	0	0	0	0	0	0	0	0	73	0	0	0	0	0	0	0	0	0	0	0	0	0	0	0	0	0	0	0	0	0	0	0	0	0	0	0	0	0	1	0	0	0	0
OTU2488	0	0	0	0	0	0	0	0	0	0	0	0	0	0	0	0	0	0	0	0	0	0	0	0	0	0	0	0	0	0	0	0	0	0	0	0	0	0	0	0	0	0	0	0	0	0	0	0	0	0	0	0	0	0	0	0	0	0	0	1	0	0	0	0	0	0	0	2	0	0	0	0	0	0	0	0	0	0	0	0	0	0	0	0	0	0	0	0	0	0	0	0	2	0	0	0	0	98	0	0	2	0
OTU2489	0	0	0	0	0	0	0	0	0	0	0	0	0	0	0	0	0	0	0	0	0	0	0	0	0	0	0	0	0	0	0	0	0	0	0	0	0	0	0	0	0	0	0	0	0	0	0	0	0	0	0	0	0	0	0	0	0	0	0	0	0	0	0	0	0	0	0	0	0	0	0	0	0	0	0	0	0	0	0	0	0	0	0	0	0	0	0	0	0	0	0	0	0	0	2	0	0	0	0	66	0	0
OTU249	0	0	2	2	0	0	0	1	2	0	2	1	0	2	0	0	0	1	1	0	0	2	0	7	1	1	2	23	0	19	16	2	2	0	3	2	12	7	71	2	1	4	5	8	29	33	99	17	1	13	0	7	0	11	10	0	173	11	17	0	8	2	0	0	103	0	8	8	11	13	34	24	9	8	111	28	22	106	8	9	6	15	76	31	7	38	477	76	30	20	2	3	1031	7	37	207	21	48	25	436	123	143
OTU2490	0	0	0	0	0	0	0	0	0	0	0	0	0	0	0	0	0	0	0	0	0	0	0	0	0	0	0	0	0	0	0	0	0	0	0	0	0	0	0	0	0	0	0	0	0	0	0	0	0	0	0	0	0	0	1	0	0	0	0	0	0	0	0	0	19	4	0	0	9	0	0	0	0	0	0	0	0	0	0	0	0	0	0	0	0	0	1	0	0	0	0	0	0	0	0	3	0	0	8	0	60	0
OTU2491	0	0	0	0	0	0	0	0	0	0	0	0	0	2	0	0	0	0	0	0	0	0	0	0	6	0	7	0	0	0	2	0	1	1	1	1	4	0	17	0	0	0	0	10	4	0	0	6	22	8	0	36	0	2	0	18	0	0	15	0	0	0	0	0	2	1	0	0	0	0	0	0	1	1	0	0	2	0	0	0	0	9	0	1	0	2	0	0	0	0	0	0	0	0	5	1	0	84	0	42	0	0
OTU2492	0	0	0	0	0	0	0	0	0	0	0	0	0	0	0	0	0	0	0	0	0	0	0	0	0	0	0	0	0	0	0	0	0	0	0	0	0	0	0	0	0	0	0	0	0	0	0	0	0	0	0	0	0	0	0	0	0	0	0	0	0	0	0	0	0	0	0	0	0	0	0	0	0	0	0	0	0	0	0	0	0	0	0	0	0	0	0	0	0	0	0	0	0	0	0	0	0	53	0	0	0	0
OTU2493	0	0	0	0	0	0	0	0	0	0	0	0	0	0	0	0	0	0	0	0	0	0	0	0	0	0	0	0	0	0	0	0	0	0	0	0	0	0	0	0	0	0	0	0	0	0	0	0	0	0	0	0	0	0	0	0	0	0	0	0	0	0	0	0	0	0	0	0	0	0	0	0	0	0	0	0	0	0	0	0	0	0	0	0	0	0	0	0	0	0	0	0	0	0	0	0	0	0	0	100	0	0
OTU2494	0	0	0	0	0	0	0	0	0	0	0	0	0	0	0	0	0	0	0	0	0	0	0	0	0	0	0	0	0	0	0	0	0	0	0	0	0	0	0	0	0	0	0	0	0	0	0	0	0	0	0	0	0	0	0	0	0	0	0	0	0	0	0	0	0	0	0	0	0	0	0	0	0	0	0	0	0	0	0	0	0	0	0	0	0	0	0	0	0	0	0	0	0	0	0	0	0	0	0	65	0	0
OTU2495	0	0	0	0	0	0	0	0	0	0	0	0	0	0	0	0	0	0	0	0	0	0	0	0	0	0	0	0	0	0	0	0	0	0	0	0	0	0	0	0	0	0	0	0	0	0	0	0	0	0	0	0	0	0	0	0	0	0	0	0	0	0	0	0	0	0	0	0	0	0	0	0	0	0	0	0	0	0	0	0	0	0	0	0	0	0	0	0	0	0	0	0	0	0	0	0	0	0	0	99	0	0
OTU2496	0	0	0	0	0	0	0	0	0	0	0	0	0	0	0	0	0	0	0	0	0	0	0	0	0	0	0	0	0	0	0	0	0	0	0	0	0	0	0	0	0	0	0	0	0	0	0	0	0	0	0	0	0	0	0	0	0	0	0	0	0	0	0	0	0	0	0	0	1	0	0	0	0	0	0	0	0	0	0	0	0	0	0	0	0	0	0	0	0	0	0	0	0	0	0	0	0	0	0	63	0	0
OTU2497	0	0	0	0	0	0	0	0	0	0	0	0	0	0	0	0	0	0	0	0	0	0	0	0	0	0	0	0	0	0	0	0	0	0	0	0	0	0	0	0	0	0	0	0	0	0	0	0	0	0	0	0	0	0	0	0	0	0	0	0	0	0	0	0	0	1	0	0	0	0	0	0	0	0	0	0	0	0	0	0	0	0	0	0	0	0	0	0	0	0	0	0	0	0	0	0	0	0	0	76	0	0
OTU2498	0	0	0	0	0	0	0	0	0	0	0	0	0	0	0	0	0	0	0	0	0	0	0	0	0	0	0	0	0	0	0	0	0	0	0	0	0	0	0	0	0	0	0	0	0	0	0	0	0	0	0	0	0	0	0	0	0	0	0	0	0	0	0	0	0	0	0	0	0	0	0	0	0	0	0	0	0	0	0	0	0	0	0	0	0	0	0	0	0	0	0	0	0	0	1	0	0	0	0	62	0	0
OTU2499	0	0	0	0	0	0	0	0	0	0	0	0	0	0	0	0	0	0	0	0	0	0	0	0	0	0	0	0	0	0	0	0	0	0	0	0	0	0	0	0	0	0	0	0	0	0	0	0	0	0	0	0	0	0	0	0	0	0	0	0	0	0	0	0	0	1	0	0	0	0	0	0	0	0	0	0	0	0	0	0	0	0	0	0	0	0	0	0	0	0	0	0	0	0	2	0	0	0	0	82	0	0
OTU25	0	25	16	2	0	0	2	6	3	4	8	13	0	0	8	6	4	0	7	0	9	1	0	2	13	11	46	27	30	176	24	18	86	0	10	107	32	23	31	2	25	67	55	125	2898	27	43	5032	25	38	5	35	19	127	1986	42	71	4798	10663	1	18	11	2	28	82	6	2	74	159	16	31	19	16	20	15	50	171	57	70	32	31	56	1628	490	44	1195	34	60	40	25	33	27	1120	5283	7864	133	222	29	1309	155	321	72
OTU250	0	0	0	0	0	0	3	5	0	0	0	0	0	2	0	0	0	0	0	0	1	2	2	2	1	2	0	0	0	0	0	0	1	0	11	0	0	0	0	0	0	0	0	0	0	0	0	0	0	0	0	1	0	1	63	26	21	13	79	6	2	0	0	0	1099	340	455	365	799	0	0	0	0	0	0	0	0	0	3	0	0	1	0	0	0	6	0	0	0	0	0	0	1	4	0	12	5	8	114	3	245	53
OTU2500	0	0	0	0	0	0	0	0	0	0	0	0	0	0	0	0	0	0	0	0	0	0	0	0	0	0	0	0	0	0	0	0	0	0	0	0	0	0	0	0	0	0	0	0	0	0	0	0	0	0	0	0	0	0	0	0	0	0	0	0	0	0	0	0	0	0	0	0	0	0	0	0	0	0	0	0	0	0	0	0	0	0	0	0	0	0	0	0	0	0	0	0	0	0	0	0	0	0	0	0	0	84
OTU2501	0	0	1	0	0	0	0	0	0	0	0	0	0	2	0	0	0	0	0	0	0	0	0	1	2	0	18	4	23	14	6	0	1	0	0	3	4	2	1	0	3	0	0	2	14	0	1	4	2	0	3	20	0	4	1	1	10	0	0	3	0	0	1	0	14	14	2	0	9	0	0	6	8	11	0	0	0	0	4	0	4	2	5	5	4	6	1	0	1	1	4	0	1	6	4	9	19	1	7	1	2	41
OTU2502	0	0	0	0	0	0	0	0	0	0	0	0	0	0	0	0	0	0	2	0	0	0	0	0	0	1	0	0	0	0	0	1	0	1	0	0	0	0	0	0	0	1	0	0	0	0	1	0	0	0	0	0	0	0	2	1	0	0	0	0	0	0	0	0	49	0	0	5	0	0	0	0	0	0	0	0	0	0	0	0	0	0	2	0	0	0	0	0	1	0	0	0	0	0	0	0	0	0	22	0	0	0
OTU2503	0	0	0	0	0	0	0	0	0	0	0	0	0	0	0	0	0	0	0	0	0	0	0	2	0	0	0	5	0	0	0	0	0	0	0	0	0	0	0	0	0	0	0	4	0	0	0	5	0	0	0	0	0	17	0	2	0	1	0	0	0	0	0	0	0	0	0	1	0	0	0	0	0	0	0	0	1	0	0	0	4	2	1	0	0	0	0	0	0	0	0	0	0	1	0	3	2	0	46	0	0	0
OTU2504	0	0	0	0	0	0	0	0	0	0	0	0	0	0	0	0	0	0	0	0	0	0	0	0	0	0	6	0	0	0	0	0	0	0	0	0	0	0	0	0	0	0	0	3	11	0	0	0	0	0	0	0	0	0	10	4	0	0	13	2	0	0	0	0	0	0	0	0	3	0	1	0	0	0	0	0	0	2	0	0	0	1	12	6	0	0	0	0	0	0	0	0	0	0	8	6	19	0	0	0	0	1
OTU2505	0	0	0	0	0	0	0	0	0	0	1	1	0	1	0	0	1	0	4	0	0	0	0	3	3	0	5	0	0	12	0	0	0	0	0	0	0	3	1	0	0	10	0	0	0	0	0	0	0	0	0	0	0	0	9	0	0	0	0	0	6	0	0	3	4	0	0	0	0	0	0	0	0	0	0	0	0	0	2	0	0	0	10	0	0	0	5	1	3	0	0	0	2	4	0	4	1	85	0	0	5	0
OTU2506	0	3	0	0	0	0	0	0	4	0	0	0	0	0	0	0	0	0	0	0	0	0	0	0	1	0	3	1	0	11	0	0	0	0	0	0	0	0	0	0	0	2	1	0	0	27	0	0	5	7	0	0	0	1	0	0	4	1	0	0	0	0	0	0	0	0	0	0	0	12	0	0	3	9	4	0	0	0	5	0	1	6	3	0	2	8	3	2	0	0	0	0	5	3	1	7	0	0	0	0	1	0
OTU2507	0	0	0	0	0	0	0	0	0	0	0	0	0	0	0	0	0	0	0	0	0	0	0	0	3	0	0	49	0	0	0	2	2	0	0	0	0	0	0	0	0	0	2	0	10	0	0	0	0	0	0	0	0	0	10	0	0	3	0	0	0	0	0	0	0	0	0	0	0	0	0	0	7	0	0	0	0	0	7	0	0	0	4	0	8	0	0	0	0	0	0	0	0	0	20	0	0	0	0	1	32	39
OTU2508	0	0	1	0	0	0	0	0	0	0	0	0	0	0	0	0	0	0	0	0	0	0	0	0	0	0	4	2	0	0	0	0	0	0	0	0	0	0	0	0	24	12	7	1	7	31	1	3	0	2	0	3	1	0	1	4	5	1	0	3	0	3	0	5	0	0	2	0	0	0	4	2	0	1	4	0	8	0	0	0	0	7	14	3	1	6	1	0	0	0	0	0	97	1	0	14	0	2	31	0	2	24
OTU2509	0	0	0	0	0	0	0	0	0	0	0	0	0	0	0	0	0	0	0	0	0	0	0	0	0	0	2	38	29	25	7	0	1	0	0	0	0	0	1	0	0	1	15	2	9	1	12	3	41	37	0	23	0	3	1	1	2	0	0	0	0	0	2	0	0	0	0	0	0	0	0	0	1	0	0	2	1	0	0	0	0	0	4	4	14	8	0	0	1	1	0	29	10	28	26	23	18	0	0	0	37	0
OTU251	0	0	1	0	0	0	6	4	0	0	0	3	0	3	0	0	0	0	6	0	12	7	1	3	4	7	0	4	0	3	0	5	11	10	11	3	4	0	1	0	3	1	9	2	2	1	5	1	2	0	0	4	7	0	35	87	132	45	85	0	0	2	6	5	449	1201	2165	617	1036	2	10	2	4	0	17	0	7	0	1	0	1	2	10	0	6	7	2	1	3	1	12	4	11	4	0	23	21	66	45	71	380	267
OTU2510	0	0	0	0	0	0	0	1	0	0	0	3	0	0	0	0	0	0	0	0	0	0	0	0	0	1	0	0	44	0	0	0	0	0	0	0	25	18	1	0	0	1	0	0	0	2	10	0	0	6	0	2	0	0	0	0	19	0	0	0	0	0	0	0	0	0	3	0	0	0	0	0	0	0	0	15	8	3	2	8	0	3	0	0	0	1	0	0	0	1	5	0	0	0	0	1	1	0	0	0	0	0
OTU2511	0	0	0	0	0	0	0	0	0	0	0	0	0	0	0	0	0	0	0	0	0	0	0	3	0	0	0	0	50	0	3	0	0	0	0	1	0	2	30	0	0	1	0	0	0	0	0	0	0	0	0	0	0	0	1	0	6	0	0	0	0	0	0	0	0	0	0	0	0	0	0	0	0	0	0	3	26	0	0	11	0	0	0	0	0	0	18	0	11	0	0	0	0	1	0	0	0	0	0	0	0	0
OTU2512	0	0	0	0	0	0	0	0	0	0	0	0	0	0	0	0	0	0	0	0	0	0	0	0	0	0	1	0	0	9	0	0	0	0	0	0	2	0	1	0	0	0	0	12	26	2	3	15	2	0	0	0	0	0	7	0	0	9	5	0	0	0	0	0	0	0	0	0	0	0	0	0	0	0	0	0	0	0	0	0	0	0	5	0	0	2	3	0	3	0	20	1	10	0	20	0	35	0	0	0	0	0
OTU2513	0	0	0	0	0	0	0	0	0	0	0	0	0	0	0	0	0	0	0	0	0	0	0	0	0	0	0	0	0	5	0	0	1	0	0	0	0	0	0	0	0	8	0	3	4	10	1	4	7	0	0	4	0	1	3	0	0	10	1	1	0	0	0	0	6	0	0	0	11	0	0	0	2	0	1	0	0	0	0	0	1	2	0	0	0	0	1	0	0	0	7	0	0	0	0	3	1	0	1	0	18	14
OTU2514	0	0	0	0	0	0	0	0	0	0	0	0	0	0	0	0	0	0	0	0	0	0	0	0	0	0	1	0	0	41	0	0	0	0	0	0	1	1	0	0	0	0	0	0	0	0	5	0	0	0	0	0	0	0	0	0	0	0	5	0	0	0	0	0	0	0	0	0	0	0	0	4	0	0	0	5	2	0	3	0	0	0	0	0	17	0	0	0	0	0	0	0	0	1	0	0	0	0	0	0	0	0
OTU2515	0	0	0	0	0	0	0	0	0	0	0	2	0	0	0	0	0	0	0	0	0	0	3	0	0	0	0	0	0	1	0	0	1	0	0	0	2	70	2	0	0	1	0	0	0	0	0	0	0	0	0	1	0	0	1	1	0	0	0	0	0	1	0	0	0	0	0	0	0	0	2	0	0	0	1	0	0	1	0	2	0	0	0	46	0	0	0	0	0	0	1	0	2	2	0	0	0	0	0	0	0	0
OTU2516	0	2	0	0	0	0	0	0	0	0	0	0	0	0	0	0	0	0	0	0	0	0	0	0	0	0	0	0	16	0	7	0	0	0	3	0	20	0	1	1	7	26	0	1	1	9	0	0	0	0	0	0	3	0	0	0	10	0	1	0	0	0	0	0	0	0	0	0	0	12	7	1	0	0	8	0	0	0	0	0	7	3	0	0	0	0	0	13	24	0	0	2	1	0	0	0	1	0	0	0	0	0
OTU2517	0	0	0	0	0	0	0	0	0	0	0	0	0	0	0	0	0	0	0	0	0	0	0	0	0	0	0	0	0	1	0	3	1	0	0	0	0	0	0	0	0	1	0	56	4	0	0	1	0	0	0	0	0	5	20	6	1	5	3	0	2	0	0	0	0	0	0	0	0	0	0	0	0	0	0	0	0	0	0	0	0	1	1	0	0	0	0	0	0	0	0	0	3	0	0	11	10	1	0	0	0	0
OTU2518	0	0	0	0	0	0	0	0	0	0	0	0	0	0	0	0	0	0	0	0	0	0	0	0	0	0	0	0	0	0	0	0	65	0	0	0	0	0	0	0	0	0	0	0	0	0	0	0	0	0	0	0	0	0	0	0	0	0	0	0	0	0	0	0	1	0	0	0	0	0	0	0	0	0	0	0	0	0	0	0	0	0	0	0	0	0	0	0	0	0	0	0	0	0	0	0	0	0	0	0	0	0
OTU2519	0	0	0	0	0	0	0	0	0	1	0	1	0	0	0	0	0	0	0	0	0	0	0	0	0	0	0	1	0	0	0	0	1	2	0	1	0	0	0	0	0	3	0	0	5	5	0	1	1	0	0	6	0	0	25	0	0	0	0	0	1	0	0	0	3	0	0	0	0	0	0	0	0	0	0	0	0	0	1	1	0	1	4	1	0	8	0	0	0	2	0	0	0	1	7	4	8	0	0	0	1	0
OTU252	1	7	4	4	1	2	2	7	0	6	0	4	3	0	6	0	0	1	3	0	4	4	0	0	4	5	25	5	18	38	29	1	8	3	6	2	703	76	6	1	99	433	155	38	37	129	30	8	12	36	0	32	33	36	61	46	175	11	26	2	3	0	1	4	339	233	156	46	100	19	60	31	45	8	7	667	234	73	121	525	47	228	12	14	26	14	888	297	102	58	74	12	65	53	41	137	9	3	4	3	7	8
OTU2520	0	0	0	0	0	0	1	0	0	0	0	0	0	0	2	0	0	0	0	0	0	0	0	0	0	0	0	3	0	0	0	0	0	0	3	0	0	0	0	0	2	1	4	4	7	8	3	1	22	5	0	12	6	10	1	0	0	3	0	0	0	0	0	0	0	0	0	1	0	0	0	0	9	1	0	0	0	0	5	0	2	0	3	9	0	1	0	0	0	4	6	11	1	4	6	6	7	1	0	0	73	5
OTU2521	0	0	0	0	0	0	0	0	0	0	0	0	6	0	0	2	0	2	0	0	0	0	0	0	0	0	0	0	1	9	0	1	0	0	0	0	6	3	12	0	24	14	3	5	0	5	0	0	6	0	0	0	0	10	2	2	0	1	0	0	0	0	0	0	0	1	0	0	0	11	0	0	3	1	0	0	0	2	5	31	2	3	0	2	0	3	0	0	12	8	0	12	0	0	1	5	0	0	1	0	1	0
OTU2522	0	0	0	1	0	0	1	0	0	0	0	0	0	0	0	0	0	0	3	0	0	0	1	0	0	0	0	0	0	0	0	0	0	0	0	1	0	0	3	0	0	0	0	0	0	0	0	23	0	0	0	4	0	0	8	0	1	12	0	0	0	0	0	0	1	0	0	0	0	5	0	0	0	0	0	0	0	1	0	0	3	0	0	0	4	18	0	0	0	0	0	0	0	7	0	11	0	0	0	0	1	0
OTU2523	0	0	0	0	0	0	0	0	0	0	0	0	0	0	0	0	0	0	0	0	0	0	0	0	0	0	2	0	0	0	0	0	0	0	0	0	0	0	0	0	108	0	0	0	0	0	0	0	0	0	0	0	0	0	3	0	0	1	0	0	0	0	0	0	0	0	0	0	0	0	0	0	0	0	0	0	0	0	1	0	2	0	0	1	0	0	0	0	0	0	0	0	0	0	0	0	0	0	0	0	0	0
OTU2524	0	0	0	0	0	0	0	0	0	0	0	0	0	0	0	0	0	0	0	0	0	0	0	0	0	0	0	0	0	1	0	0	0	0	0	1	0	1	0	0	23	1	2	2	0	0	3	1	6	1	0	0	0	0	6	0	0	0	2	0	1	0	0	0	3	17	26	41	27	0	0	0	0	0	0	2	0	0	28	0	17	1	0	0	0	1	4	3	3	0	14	0	0	12	3	6	1	1	0	0	25	17
OTU2525	0	0	0	0	0	0	0	0	0	0	0	0	0	0	0	0	0	0	0	0	0	0	0	0	0	1	0	0	0	3	0	0	0	0	0	0	0	0	5	0	29	0	10	0	0	0	0	0	0	0	0	0	3	3	0	0	0	0	0	0	0	0	0	0	0	0	0	0	0	3	6	2	3	1	9	0	0	2	8	1	1	1	0	0	0	1	0	11	0	0	2	0	0	0	1	0	0	0	0	0	0	0
OTU2526	0	0	0	0	0	0	0	0	0	0	0	2	0	0	0	0	0	0	0	0	0	0	0	0	0	0	0	0	0	0	0	0	0	0	0	0	3	0	0	0	0	0	0	9	0	1	0	8	0	0	0	0	62	9	2	23	1	0	0	0	0	0	0	0	0	0	0	0	0	0	1	5	0	1	0	0	1	0	0	0	0	1	0	20	0	6	3	0	0	0	0	0	1	1	5	1	0	0	0	0	0	0
OTU2527	0	2	0	1	0	0	0	0	2	0	0	0	0	0	0	0	0	0	0	0	0	1	0	0	0	0	6	0	0	5	0	0	0	0	1	1	0	0	0	0	2	6	1	4	0	0	3	5	13	4	0	0	4	10	3	1	1	8	9	0	0	0	0	0	0	0	0	0	0	0	1	0	0	1	0	2	5	1	2	2	2	2	0	2	0	1	4	1	3	7	2	0	1	3	7	4	2	0	0	0	0	0
OTU2528	0	0	0	0	0	0	0	0	0	0	0	0	0	0	0	0	0	0	1	0	0	0	0	0	0	0	0	0	0	0	0	0	2	0	0	0	0	0	0	0	0	0	0	0	0	0	0	0	0	0	0	0	0	0	8	0	0	0	0	0	0	0	0	0	40	0	0	0	6	0	0	0	0	0	0	0	0	0	0	0	0	0	0	0	0	0	0	0	0	0	0	0	0	2	0	0	0	0	25	0	0	0
OTU2529	0	0	0	0	0	0	1	0	0	0	0	0	0	0	0	0	0	0	0	0	0	0	0	0	0	0	0	0	0	0	0	0	1	0	0	0	0	0	0	0	0	0	0	0	0	0	0	0	0	0	0	0	0	0	5	2	0	0	0	0	0	0	0	0	35	19	26	1	0	0	0	0	0	0	0	0	0	0	0	0	0	0	0	0	0	0	0	0	0	0	0	0	0	0	0	1	0	0	29	0	5	0
OTU253	0	1	1	1	0	3	9	4	4	0	3	2	0	2	5	0	2	0	7	1	3	7	0	0	13	2	86	180	68	114	43	0	3	2	5	1	26	5	21	0	49	12	100	8	14	48	66	16	41	18	12	75	15	6	290	18	29	24	39	1	3	3	1	3	376	165	183	194	200	0	37	21	42	55	47	18	19	6	178	7	103	24	37	23	38	40	17	20	27	19	58	37	25	48	923	101	33	4	4	23	4	18
OTU2530	0	0	0	0	0	0	0	0	0	0	0	0	0	0	0	0	0	0	0	0	1	0	0	0	0	0	0	0	0	0	0	0	0	0	0	0	0	0	0	0	0	0	0	0	0	0	0	0	0	0	0	0	0	0	0	0	0	0	7	0	0	0	0	0	0	0	0	0	107	2	0	0	0	0	0	0	2	0	0	0	0	0	0	0	3	0	0	0	0	0	0	0	35	0	1	0	0	0	0	1	1	1
OTU2531	0	0	0	0	0	0	0	0	0	0	0	0	0	0	0	0	0	0	0	0	0	0	0	0	0	0	0	0	0	0	0	0	0	0	0	0	0	0	0	0	0	0	0	0	0	0	0	0	0	0	0	0	0	0	0	0	0	1	0	0	1	0	0	0	0	0	0	0	0	0	0	0	0	0	0	0	0	0	0	3	0	0	34	0	3	0	0	0	0	0	0	0	0	0	0	4	0	0	0	0	32	0
OTU2532	0	0	0	0	0	0	0	0	0	0	0	0	0	1	0	0	0	0	0	0	0	1	0	0	0	0	0	0	0	0	0	0	0	0	0	0	0	0	0	0	0	0	0	0	0	0	0	0	0	0	0	3	0	0	0	0	0	0	0	0	0	0	0	3	13	15	16	0	53	0	0	0	0	0	0	0	0	1	0	0	0	0	0	0	0	0	0	0	0	0	0	0	0	0	0	0	0	0	0	0	0	0
OTU2533	0	0	0	0	0	0	0	0	0	0	0	0	0	0	0	0	0	0	0	0	0	0	0	0	0	0	0	0	0	0	0	0	0	0	2	0	0	0	0	0	0	0	0	0	0	0	1	13	0	0	0	1	0	0	1	6	1	1	6	0	0	0	0	0	65	1	11	0	0	0	0	0	7	1	5	0	0	0	2	0	2	1	2	0	7	6	0	0	0	5	0	12	3	0	2	0	2	0	0	0	0	0
OTU2534	0	0	0	0	0	0	0	0	0	0	0	0	0	0	0	0	0	0	0	2	0	0	0	0	0	0	0	0	0	0	0	0	0	0	0	0	0	2	0	0	0	0	0	0	0	0	0	0	0	0	0	1	0	0	0	0	0	0	2	0	0	0	0	0	12	24	17	1	27	0	0	0	0	0	0	0	0	0	0	0	0	0	1	0	0	0	0	0	0	0	0	0	0	0	0	1	0	0	10	0	1	11
OTU2535	0	0	0	0	0	0	0	0	0	0	0	0	0	0	0	0	0	0	0	0	0	0	0	0	0	0	0	0	0	0	0	0	0	0	0	0	0	0	0	0	0	0	0	0	0	0	0	0	0	0	0	0	0	0	0	0	0	0	3	0	0	0	0	0	3	5	12	0	16	0	0	0	0	0	0	0	0	0	0	0	0	0	0	0	0	0	0	0	0	0	0	0	0	0	0	0	4	0	13	0	16	27
OTU2536	0	0	0	0	0	0	0	0	0	0	0	0	0	0	0	0	0	0	0	0	0	0	0	0	0	0	0	0	0	0	0	0	0	0	0	0	0	0	0	0	0	0	0	0	0	0	0	0	0	0	0	0	0	0	0	0	0	0	0	0	0	0	0	0	0	1	0	0	0	0	0	0	0	0	0	0	0	0	0	0	0	0	0	0	0	0	0	0	0	0	0	0	0	0	0	0	0	0	0	0	83	0
OTU2537	0	0	0	0	0	0	0	0	0	0	0	0	0	0	0	0	0	0	0	0	0	0	0	0	0	0	0	0	0	0	0	0	0	0	0	0	0	0	0	0	0	0	0	0	0	0	0	0	0	0	0	0	0	0	0	0	0	1	0	0	0	0	0	0	0	0	40	28	1	0	0	0	0	0	0	0	0	0	0	0	0	0	0	0	0	0	0	0	0	0	0	0	0	0	0	0	0	0	0	0	45	0
OTU2538	0	0	0	0	0	0	1	0	0	0	1	0	0	0	0	0	0	0	0	0	0	0	0	0	0	0	7	16	20	13	2	0	0	0	0	2	0	1	0	0	0	2	0	0	1	0	0	18	0	0	0	0	1	1	1	4	2	0	1	0	1	0	0	0	60	54	97	3	51	0	2	0	0	0	1	0	2	0	0	0	3	5	8	5	0	7	5	1	0	0	0	12	0	0	2	2	0	0	28	0	60	0
OTU2539	0	0	0	0	0	0	0	0	0	0	0	0	0	0	0	0	0	0	0	0	0	0	0	0	0	0	0	0	0	0	0	0	0	0	0	0	0	0	0	0	0	0	0	0	0	0	0	0	0	0	0	0	0	0	0	0	0	0	1	0	0	0	0	0	0	0	0	0	0	0	0	0	0	0	0	0	1	0	1	0	0	7	0	0	0	0	0	0	0	0	0	0	0	5	1	3	0	0	64	0	19	4
OTU254	0	18	5	4	0	2	0	4	1	1	0	0	0	0	4	0	1	1	6	0	6	0	2	2	2	2	41	58	353	147	112	1	2	1	13	0	224	59	197	0	80	161	82	38	21	115	33	10	17	19	18	33	54	25	36	26	615	24	19	5	0	0	0	2	44	1	31	1	0	121	203	39	25	10	302	244	197	186	53	184	28	67	11	60	67	62	94	221	167	59	51	55	35	42	11	34	47	1	0	4	3	0
OTU2540	0	0	0	0	0	0	0	0	0	0	0	0	0	0	0	0	0	0	0	0	0	0	0	0	0	0	0	0	0	0	0	0	0	0	0	0	0	0	0	0	0	0	0	1	0	1	0	0	0	0	0	0	0	0	0	2	0	0	0	0	0	0	0	0	0	1	0	1	0	0	0	0	0	0	0	0	0	0	0	0	0	1	0	0	0	0	0	0	0	0	0	0	0	1	0	0	0	66	13	2	27	5
OTU2541	0	0	0	0	0	0	0	0	0	0	0	0	0	0	0	0	0	0	0	0	0	0	0	0	0	0	0	0	0	0	0	0	1	0	0	0	0	0	0	0	0	0	0	0	0	0	0	0	0	0	0	0	0	0	0	0	0	0	0	0	0	0	0	0	0	0	0	0	0	0	0	0	0	0	0	0	0	0	0	0	0	0	0	0	0	0	0	0	0	0	0	0	0	0	3	0	0	0	0	88	0	0
OTU2542	0	0	0	0	0	0	0	0	0	0	0	0	0	0	0	0	0	0	0	0	0	0	0	0	0	0	0	0	0	0	0	0	0	0	0	0	0	0	0	0	0	0	0	0	0	0	0	0	0	0	0	0	0	0	0	0	0	0	0	0	0	0	0	1	0	0	0	0	0	0	0	0	0	0	0	0	0	0	0	0	0	0	0	0	0	0	0	0	0	0	0	0	0	0	3	0	0	0	0	83	0	0
OTU2543	0	0	0	0	0	0	0	0	0	0	0	0	0	0	0	0	0	0	0	0	0	0	0	0	0	0	0	0	0	0	0	0	0	0	0	0	0	0	0	0	0	0	0	0	0	0	0	0	0	0	0	0	0	0	0	0	0	0	0	0	0	0	0	0	0	0	0	0	0	0	0	0	0	0	0	0	0	0	0	0	0	0	0	0	0	0	0	0	0	0	0	0	0	0	1	0	0	0	0	77	0	0
OTU2544	0	0	0	0	0	0	0	0	0	0	0	0	0	0	0	0	0	0	0	0	0	0	0	0	0	0	0	0	0	0	0	0	0	0	2	1	0	0	0	0	1	0	0	0	0	0	0	1	0	0	0	0	0	0	2	0	0	1	0	0	0	0	0	0	1	0	0	0	0	0	0	0	0	0	0	0	0	0	0	0	0	0	0	0	0	0	0	0	0	0	0	0	2	3	1	0	5	0	26	0	0	222
OTU2545	0	0	0	0	0	0	0	0	0	0	0	0	0	0	0	0	0	0	0	0	0	0	0	0	0	0	0	0	0	0	0	0	0	0	0	0	0	0	0	0	0	0	0	0	0	0	0	0	0	0	0	0	0	0	0	0	0	0	0	0	0	0	0	0	0	0	0	0	0	0	0	0	0	0	0	0	0	0	0	0	0	0	0	0	0	0	0	0	0	0	0	0	0	0	0	0	0	0	0	66	0	0
OTU2546	0	0	0	0	0	0	1	0	0	0	0	0	0	0	0	0	0	0	0	0	0	0	0	0	0	0	0	0	0	0	0	0	0	0	0	0	0	0	0	0	0	0	0	0	0	0	0	0	0	0	0	0	0	0	0	0	0	0	0	0	0	0	0	0	0	0	0	0	0	0	0	0	0	0	0	0	0	0	0	0	0	0	0	0	0	0	0	0	0	0	0	0	0	0	0	0	0	0	0	89	0	0
OTU2547	0	0	0	0	0	0	0	0	0	0	0	0	0	0	0	0	0	0	0	0	0	0	0	0	0	0	0	0	0	0	0	0	0	0	0	0	0	0	0	0	0	0	0	0	0	0	0	0	0	0	0	0	0	0	0	0	0	0	0	0	0	0	0	0	0	0	0	0	0	0	0	0	0	0	0	0	0	0	0	0	0	0	0	0	0	0	0	0	0	0	0	0	0	0	0	0	0	0	0	35	0	0
OTU2548	0	0	0	0	0	0	1	0	0	0	0	0	0	0	0	0	0	0	0	0	0	0	0	0	0	0	0	0	0	0	0	0	0	0	0	0	0	0	0	0	0	0	0	0	0	0	0	0	0	0	0	0	0	0	0	0	0	0	0	0	0	0	0	0	0	0	0	0	0	0	0	0	0	0	0	0	0	0	0	0	0	0	0	0	0	0	0	0	0	0	0	0	0	0	0	0	0	0	0	95	0	0
OTU2549	0	0	0	0	0	0	0	0	0	0	0	0	0	0	0	0	0	0	0	0	0	0	0	0	0	0	0	0	0	0	0	0	0	0	0	0	0	0	0	0	0	0	0	0	0	0	0	0	0	0	0	0	0	0	0	0	0	0	0	0	0	0	0	0	0	0	0	0	0	0	0	0	0	0	0	0	0	0	0	0	0	0	0	0	0	0	0	0	0	0	0	0	0	2	0	0	0	3	28	147	5	3
OTU255	1	5	2	0	1	2	8	3	0	0	1	2	0	1	0	0	1	1	6	0	0	2	0	0	1	4	4	67	23	65	5	0	2	0	8	1	11	1	5	2	26	10	35	28	157	9	7	22	15	192	12	384	280	17	47	19	23	248	52	0	10	0	10	0	3	94	29	12	7	1	2	37	13	531	1	70	14	11	66	10	66	6	138	17	332	31	97	84	1	22	2	443	26	54	941	170	71	3	1	30	4	6
OTU2550	0	0	0	0	0	0	0	0	0	0	0	0	0	0	0	0	0	0	0	0	0	0	0	0	0	0	0	0	0	0	0	0	0	0	0	0	0	0	0	0	0	0	0	0	0	0	0	0	0	0	0	0	0	0	0	0	0	0	0	0	0	0	0	0	0	0	0	0	0	0	0	0	0	0	0	0	0	0	0	0	0	0	0	0	0	0	0	0	0	0	0	0	0	0	0	0	0	0	0	0	66	0
OTU2551	0	0	0	0	0	0	0	0	0	0	0	0	0	0	0	0	0	0	0	0	0	0	0	0	0	0	0	0	0	0	0	0	0	0	0	0	0	0	0	0	0	0	0	0	0	0	0	0	0	0	0	0	0	0	0	0	0	0	0	0	0	0	0	0	0	0	0	0	0	0	0	0	0	0	0	0	0	0	0	0	0	0	0	0	0	0	0	0	0	0	0	0	0	0	0	0	0	0	0	0	95	0
OTU2552	0	0	0	0	0	0	0	0	0	0	0	0	0	0	0	0	0	0	0	0	0	0	0	0	0	0	0	0	0	0	0	0	0	0	0	0	0	0	0	0	0	0	0	0	0	0	0	0	0	0	0	0	0	0	0	0	0	0	0	0	0	0	0	0	0	0	0	0	0	0	0	0	0	0	0	0	0	0	0	0	0	1	0	0	0	0	0	0	0	0	0	0	0	0	0	0	0	0	0	0	43	44
OTU2553	0	0	0	0	0	0	0	1	0	0	0	0	0	0	0	0	0	0	0	0	0	0	0	0	0	1	0	0	0	0	0	0	0	0	0	0	0	0	2	0	0	0	0	0	0	0	0	0	0	0	0	0	0	0	0	0	0	0	0	0	0	0	0	0	0	11	0	0	50	0	0	0	0	0	0	0	0	0	0	0	0	0	0	0	0	0	0	0	0	0	0	0	12	0	7	0	2	0	4	0	0	0
OTU2554	0	0	0	0	0	0	0	0	0	0	0	0	0	72	0	0	0	0	0	0	0	0	0	0	0	0	0	0	0	0	0	0	0	0	0	0	0	0	0	0	0	0	0	0	0	2	0	0	0	0	0	0	0	2	0	0	0	0	0	0	0	0	0	0	0	0	0	0	0	0	0	0	0	0	0	0	0	0	0	0	0	0	0	0	0	0	0	0	0	0	0	0	2	0	0	0	0	0	0	0	0	0
OTU2555	0	0	0	0	0	0	0	0	0	0	0	0	0	0	0	0	0	0	0	0	0	0	0	0	0	0	6	11	9	11	0	0	0	0	0	0	0	0	0	0	0	0	0	17	15	3	0	0	0	0	0	2	0	0	1	3	0	2	0	0	0	0	0	0	0	0	0	0	0	0	18	3	5	0	1	0	1	0	4	0	1	0	0	0	0	0	0	0	0	0	0	0	1	1	0	0	0	0	0	0	1	0
OTU2556	0	0	0	0	0	0	0	0	0	0	0	0	0	0	0	0	0	0	0	0	0	0	0	0	0	0	9	0	0	0	0	0	0	0	0	0	5	0	9	0	2	1	9	0	2	0	6	0	2	6	3	0	3	0	0	3	0	0	0	0	0	0	0	0	1	1	0	6	0	0	0	0	0	2	0	0	0	8	0	0	2	1	0	0	0	0	0	0	0	0	0	0	2	0	0	1	4	0	0	0	0	0
OTU2557	0	0	0	0	0	0	0	0	0	0	0	0	0	0	0	0	0	0	0	0	0	0	2	0	0	0	5	0	0	0	0	0	0	0	0	0	25	11	38	0	5	7	17	0	0	0	1	0	0	0	0	0	0	0	0	1	0	1	0	0	0	0	0	0	0	0	0	0	0	0	0	0	0	0	0	0	15	51	9	12	0	0	0	0	1	0	1	0	5	1	15	0	0	0	1	0	0	0	0	0	0	0
OTU2558	0	0	0	0	0	0	0	0	0	0	0	0	0	0	0	0	0	0	0	0	0	0	0	1	0	0	14	0	23	1	9	0	1	0	0	0	0	0	4	0	0	0	0	1	0	0	0	0	3	0	0	0	0	2	0	0	3	0	1	0	0	0	0	1	0	0	0	0	0	0	0	0	0	0	0	0	1	0	0	0	0	0	0	0	1	0	0	1	0	0	9	0	0	17	1	0	3	0	0	0	0	1
OTU2559	0	0	0	0	0	0	0	0	0	0	0	0	0	0	0	0	0	0	0	0	0	0	0	0	0	0	7	0	0	10	0	0	0	0	0	0	0	1	0	0	0	0	8	0	0	0	0	2	0	0	0	13	1	1	0	1	0	4	1	0	1	0	0	0	0	0	3	0	0	0	0	0	1	0	0	0	0	2	1	0	0	0	0	0	0	0	3	0	0	10	0	0	1	1	7	0	2	17	3	0	2	5
OTU256	1	0	0	0	0	0	0	0	0	2	0	2	0	0	25	0	0	0	0	0	6	0	2	7	0	0	32	65	11	209	6	0	2	0	2	0	4	3	288	0	47	13	208	13	101	3	20	2	1	140	36	15	187	20	32	46	166	22	18	0	0	0	1	3	2	0	8	3	6	507	7	59	2	158	361	11	8	3	1	6	9	15	4	33	21	11	6	2	0	6	19	331	10	18	19	18	14	0	1	0	1	2
OTU2560	0	0	0	0	0	0	0	0	0	0	0	0	0	0	0	0	0	0	0	0	0	0	0	0	0	0	0	9	1	0	11	0	0	0	0	0	2	0	7	1	0	11	1	0	2	0	0	0	0	8	0	0	2	0	0	0	7	0	1	0	0	0	0	0	0	0	0	0	6	0	0	0	2	12	0	9	7	0	0	2	0	2	0	4	2	3	1	7	0	1	0	0	0	0	0	4	1	0	0	0	0	0
OTU2561	0	0	0	0	0	0	0	0	0	0	0	0	0	0	0	0	0	0	0	0	0	0	0	0	0	0	0	6	0	8	2	0	0	0	0	0	2	1	0	0	3	0	0	1	0	0	3	0	0	0	0	0	1	0	0	0	0	0	0	0	0	0	0	0	0	0	0	0	0	1	0	0	4	0	0	1	11	0	0	1	0	0	0	1	2	0	13	1	4	0	0	0	0	0	0	6	0	0	0	0	0	0
OTU2562	0	0	0	0	0	0	0	0	0	0	1	0	0	0	0	0	0	0	0	0	0	0	0	0	0	0	0	5	0	0	1	0	0	0	7	0	2	13	0	0	12	0	0	0	0	0	0	0	0	0	0	0	0	0	3	0	2	0	0	0	0	0	0	0	0	0	0	0	0	0	0	0	0	0	3	11	4	0	0	13	1	0	0	0	0	0	0	23	17	0	0	0	0	0	0	0	0	0	0	0	0	0
OTU2563	0	0	0	0	0	0	0	0	0	0	1	0	0	0	0	0	0	0	0	0	0	0	0	0	0	1	1	0	10	0	0	0	0	3	0	0	1	0	22	0	1	3	2	1	0	65	2	2	8	1	0	2	1	0	5	0	0	4	4	0	0	0	0	0	0	0	0	0	0	4	0	0	0	4	0	0	12	7	0	1	1	0	3	2	2	1	3	0	5	5	2	7	0	2	2	4	0	0	0	0	0	0
OTU2564	0	0	0	0	0	0	0	0	0	0	0	0	0	0	0	0	0	0	0	0	1	0	0	0	0	0	5	3	0	7	3	0	0	0	0	0	0	0	1	0	10	0	0	14	2	9	0	0	0	6	0	1	0	0	1	8	4	0	0	0	0	0	2	0	29	8	23	16	9	0	0	3	0	0	0	4	0	0	0	0	0	3	2	0	4	0	0	0	0	0	0	0	3	10	4	0	0	0	16	0	6	10
OTU2565	0	0	0	0	0	0	0	4	0	0	0	1	0	0	0	0	0	0	0	0	0	0	0	0	0	0	0	0	0	1	0	0	1	0	0	0	2	0	0	0	0	0	0	0	46	9	0	1	0	0	0	4	0	1	6	18	19	1	2	0	0	0	0	0	0	0	1	0	0	1	0	2	19	0	0	0	1	0	0	5	7	0	0	5	0	0	0	3	0	0	2	3	0	1	2	3	0	0	0	0	0	0
OTU2566	0	0	0	0	0	0	0	0	0	0	0	0	0	0	0	0	0	0	0	0	0	0	0	0	0	0	0	2	0	0	0	0	0	0	0	0	34	0	0	0	0	0	1	0	0	0	1	0	1	0	0	0	0	0	1	1	66	0	0	0	0	0	0	0	0	0	1	0	0	0	0	0	0	0	0	0	23	0	0	1	1	0	0	3	0	0	1	0	0	0	0	0	0	0	0	0	0	0	0	0	0	0
OTU2567	0	0	0	0	0	0	0	0	0	0	0	0	0	0	0	0	0	0	0	0	0	0	0	0	0	0	0	0	0	0	0	0	0	0	0	0	8	1	0	0	17	6	9	0	0	0	0	0	2	0	0	3	0	0	4	0	0	0	0	0	0	0	0	0	0	0	0	0	0	5	0	0	0	0	0	0	5	0	16	0	5	0	0	0	0	0	0	7	1	0	0	0	0	0	0	3	0	0	0	0	0	0
OTU2568	0	0	0	0	0	0	0	0	0	0	0	0	0	0	0	0	1	0	0	0	0	0	0	0	0	0	0	0	0	0	0	0	0	0	0	0	0	19	1	0	15	7	0	1	0	0	0	0	0	5	0	0	0	0	0	0	2	2	0	0	0	0	0	0	0	0	0	0	0	0	0	53	0	0	7	0	2	37	10	1	1	0	0	0	0	1	0	20	26	0	0	0	0	0	4	0	0	0	0	0	0	0
OTU2569	0	0	0	0	0	0	4	0	0	0	0	0	0	0	0	0	0	0	0	0	0	0	0	0	0	0	0	0	0	0	0	0	0	0	0	0	7	0	0	0	4	0	13	0	0	0	0	0	0	0	0	26	0	0	0	0	0	0	0	0	0	0	0	0	0	0	0	36	0	0	0	0	1	0	0	0	0	0	0	1	4	0	0	0	0	0	0	0	0	0	0	0	0	0	0	0	0	0	0	0	0	0
OTU257	0	0	0	0	0	0	4	3	0	0	0	0	0	0	0	0	0	0	2	3	4	1	2	4	5	5	0	0	0	0	1	2	2	1	4	0	0	0	0	0	0	0	0	0	0	0	1	0	0	0	0	1	0	3	0	1	1	0	0	3	0	0	4	9	5	5	5	9	2	0	0	0	0	0	0	0	0	0	0	0	0	0	1	0	0	0	0	0	0	0	0	0	0	81	7	1	0	3	2380	130	31	2
OTU2570	0	0	0	0	0	0	2	2	3	0	0	1	0	0	0	0	0	0	7	0	4	1	0	0	1	1	9	70	1	69	16	0	1	0	7	2	7	11	3	0	36	84	20	5	13	0	7	10	36	6	7	3	12	13	14	16	2	12	18	2	1	0	0	5	66	50	100	6	131	2	12	9	20	35	24	20	1	14	25	7	18	17	3	1	10	24	3	31	16	26	52	60	26	21	21	27	99	63	37	0	27	53
OTU2571	0	0	0	0	0	0	0	0	0	0	0	0	0	0	0	0	0	0	0	0	0	0	0	0	0	0	0	0	0	0	0	0	0	0	0	0	0	0	0	0	0	0	0	0	0	0	0	9	0	0	0	0	0	0	0	0	0	0	19	0	0	0	0	0	0	1	0	0	2	0	0	0	0	0	0	0	0	0	0	0	0	0	0	0	4	0	0	0	0	0	0	0	0	0	0	0	0	0	0	0	61	0
OTU2572	0	0	0	0	0	0	0	2	0	0	0	0	0	0	0	0	0	0	0	0	0	0	0	0	0	0	2	0	0	2	0	0	0	0	2	0	1	0	0	0	1	1	3	0	4	0	0	3	8	0	0	0	4	4	0	0	1	0	1	0	0	0	1	0	0	0	0	0	2	0	2	2	3	0	0	1	1	0	0	5	2	3	12	1	3	21	0	3	0	0	6	0	3	5	2	0	2	49	14	0	9	0
OTU2573	0	0	0	0	0	0	0	0	0	0	0	0	0	0	0	0	0	0	0	0	0	0	0	0	0	0	0	0	0	0	0	0	0	0	0	1	0	0	0	0	0	0	0	0	0	0	0	0	6	0	0	0	5	1	1	0	0	0	4	0	0	0	0	0	24	5	15	0	26	0	0	0	0	0	0	0	0	0	0	0	0	0	0	0	0	0	0	0	0	0	0	0	1	0	2	0	0	25	0	0	1	0
OTU2574	0	4	0	0	0	0	0	0	0	0	0	0	0	0	0	0	0	1	0	0	0	0	0	0	0	0	2	1	1	2	0	0	68	0	0	0	0	0	0	1	0	2	1	0	2071	0	0	1	0	0	0	2	1	154	0	0	5	0	0	0	0	0	0	0	0	0	2	0	0	1	0	0	1	2	0	0	0	1	0	0	0	0	0	0	0	0	0	0	0	2	1	3	0	2	0	1	2	0	0	0	0	0
OTU2575	0	0	0	0	0	0	0	0	0	0	0	0	0	0	0	0	0	0	0	0	0	0	0	0	0	0	0	0	0	0	0	0	0	0	0	0	0	0	0	0	0	0	0	0	0	1	0	5	0	0	0	0	0	0	0	13	6	0	0	0	0	0	0	0	0	0	1	0	0	0	22	0	0	0	0	0	1	0	1	0	0	0	0	21	0	0	0	0	0	0	6	0	0	0	0	12	0	0	0	0	0	0
OTU2576	0	0	0	0	0	0	1	0	0	0	0	0	0	0	0	0	0	0	0	0	0	3	0	0	2	0	0	0	0	0	0	0	0	0	0	0	0	0	0	0	0	0	0	2	0	0	0	0	0	0	0	0	0	0	3	0	7	2	0	0	0	0	0	0	24	2	19	69	12	0	0	0	0	0	0	0	0	0	0	0	0	0	4	0	0	0	0	0	0	0	0	0	0	0	3	4	2	0	0	1	15	0
OTU2577	0	0	0	0	0	0	0	0	0	0	0	0	0	0	0	0	0	0	0	0	0	0	0	0	0	0	0	0	0	0	0	0	0	0	0	0	0	0	0	0	0	0	0	0	0	0	0	0	0	0	0	0	0	0	0	0	0	0	1	0	0	0	0	0	16	13	3	3	30	0	0	0	0	0	0	0	0	0	0	0	0	0	0	0	0	0	0	0	0	0	0	0	0	0	0	0	0	0	0	0	0	0
OTU2578	0	0	0	0	0	0	0	2	0	0	0	0	0	0	0	0	0	0	0	0	0	0	0	0	0	0	0	0	0	0	0	0	0	0	0	0	0	0	0	0	0	0	0	0	0	0	0	0	0	0	0	0	0	0	0	0	0	0	0	0	0	88	0	0	0	0	0	0	0	0	0	0	0	0	0	0	0	0	0	0	0	0	0	0	0	0	0	0	0	0	0	0	0	0	0	0	0	0	0	0	0	0
OTU2579	0	0	0	0	0	0	0	2	0	0	0	0	0	0	0	0	0	0	0	0	0	0	0	0	0	0	0	0	0	0	0	0	0	0	0	0	0	0	0	0	0	0	0	0	0	0	0	0	0	0	0	0	0	0	0	0	0	0	2	0	0	0	0	0	50	0	0	0	41	0	1	0	0	0	0	0	0	0	0	0	0	0	0	0	0	0	0	0	0	0	0	0	0	0	0	0	0	0	0	0	0	0
OTU258	0	5	0	0	0	0	0	4	1	1	2	8	0	3	0	1	0	0	4	2	5	3	8	4	1	3	220	164	120	59	126	4	8	0	5	0	67	176	549	0	120	59	77	22	76	1	72	38	154	181	9	213	75	74	94	109	550	200	81	0	6	1	0	5	211	143	742	265	308	124	170	51	65	177	236	121	225	198	44	102	19	30	180	117	123	67	32	515	163	56	257	51	137	238	33	164	51	4	6	0	4	3
OTU2580	0	0	0	0	0	0	0	0	0	0	0	0	0	0	0	0	0	0	0	0	0	0	0	0	0	0	0	0	0	0	0	0	0	0	2	0	0	0	0	0	0	0	0	0	0	0	0	0	0	0	0	0	0	0	0	0	0	0	0	0	0	0	0	0	25	1	23	0	16	0	0	0	0	0	0	0	0	0	0	0	0	0	0	0	0	0	0	0	0	0	0	0	0	0	0	2	0	0	19	0	30	0
OTU2581	0	0	0	0	0	0	1	0	0	0	0	0	0	0	0	0	0	0	0	0	0	0	0	0	0	0	0	0	0	0	0	0	0	0	0	0	0	0	0	0	0	0	0	0	0	0	0	0	0	0	0	0	0	0	0	1	0	0	0	0	0	0	0	2	0	64	0	0	0	0	0	0	0	0	0	0	0	0	0	0	0	0	0	0	0	0	0	0	0	0	0	0	0	0	0	0	0	0	0	0	2	0
OTU2582	0	0	0	0	0	0	0	0	0	0	0	0	0	0	0	0	0	0	0	0	1	0	0	2	0	0	0	0	0	0	0	1	0	0	0	0	0	0	0	0	0	0	0	0	16	0	0	0	0	0	0	0	0	0	3	1	1	0	0	0	0	0	2	1	0	78	0	42	0	0	0	0	0	0	0	0	1	0	0	0	0	4	0	0	0	1	0	0	0	0	0	0	0	1	0	0	10	0	1	0	0	0
OTU2583	0	0	0	0	0	0	0	0	0	0	0	0	0	0	0	0	0	0	0	0	0	0	0	0	0	0	0	0	0	0	0	0	0	0	0	0	0	0	0	0	0	0	0	0	0	0	0	0	0	0	0	0	0	0	0	0	0	0	0	0	0	0	0	0	0	35	0	71	0	0	0	0	0	0	0	0	0	0	0	0	0	0	0	0	0	0	0	0	0	0	0	0	0	0	0	0	0	0	0	0	1	0
OTU2584	0	0	0	0	0	0	1	0	0	0	0	0	0	0	0	0	0	0	0	0	0	0	0	0	0	0	0	0	0	0	0	0	2	0	0	0	0	0	0	0	0	0	0	0	0	0	0	0	0	0	0	0	0	0	0	0	0	0	0	0	0	0	0	0	1	0	5	0	0	1	0	0	0	0	0	0	0	0	0	0	0	0	0	0	0	0	0	0	0	0	0	0	0	2	0	0	0	4	20	1	32	30
OTU2585	0	0	0	0	0	0	0	2	0	0	0	0	0	0	0	0	1	0	0	0	0	0	0	0	1	0	0	0	0	8	0	0	0	0	0	0	0	0	3	0	0	1	0	0	0	0	12	0	0	0	0	0	1	0	4	1	0	1	1	0	0	0	0	1	4	0	2	2	3	0	0	0	0	0	2	0	0	0	0	0	0	0	0	0	0	6	0	0	6	0	0	0	0	3	0	1	2	0	16	0	0	41
OTU2586	0	0	0	0	0	0	0	0	0	0	0	0	0	0	0	0	0	0	0	0	0	0	0	0	0	0	0	0	0	0	0	0	0	0	0	0	0	0	0	0	0	0	0	0	0	0	0	0	0	0	0	0	0	0	0	0	0	0	0	0	0	0	0	0	0	0	2	0	0	0	0	0	0	0	0	0	0	3	0	0	0	0	0	0	0	0	0	0	0	0	0	0	0	0	3	0	0	0	37	62	0	0
OTU2587	0	0	0	0	0	0	0	0	0	0	0	0	0	0	0	0	0	0	0	0	0	0	0	0	0	0	0	0	0	0	0	0	0	0	0	0	0	0	0	0	0	0	0	0	0	0	0	0	0	0	0	0	0	0	0	0	0	0	0	0	0	0	0	0	0	0	0	0	0	0	0	0	0	0	0	0	0	0	0	0	0	0	0	0	0	0	0	0	0	0	0	0	1	0	0	2	0	90	3	0	11	0
OTU2588	0	0	0	0	0	0	0	1	0	0	0	0	1	1	0	0	0	0	0	0	0	0	0	0	0	0	2	6	1	3	1	0	0	0	0	0	0	0	1	0	12	6	2	12	5	12	6	1	2	6	0	0	0	0	22	3	0	0	5	1	0	0	0	0	5	59	38	0	17	0	0	0	3	3	1	0	0	0	0	2	0	10	0	1	5	0	0	0	1	0	3	0	2	17	3	9	33	3	33	3	58	87
OTU2589	0	0	0	0	0	0	0	0	0	0	0	0	0	0	0	0	0	0	0	0	0	0	0	0	0	0	0	0	0	0	0	0	0	0	0	0	0	0	0	0	0	0	0	0	0	0	0	0	0	0	0	0	0	0	0	0	0	0	0	0	0	0	0	0	0	0	0	0	0	0	0	0	0	0	0	0	0	0	0	0	0	0	0	0	0	0	0	0	0	0	0	0	0	0	0	0	0	0	0	56	0	0
OTU259	0	37	14	6	8	4	20	46	5	2	17	17	5	17	17	2	2	3	15	0	16	9	15	20	18	4	872	1240	722	1012	1216	19	53	14	75	30	365	950	1500	4	3811	896	467	1598	2243	1894	2406	1706	350	671	135	1808	1174	347	1525	878	623	696	1334	16	22	25	14	48	217	1079	427	490	975	262	968	369	874	558	883	1920	579	537	763	444	511	1211	1915	1625	730	1546	2086	909	1532	769	550	1203	1811	1511	1740	3622	2008	1147	636	3165	4158	1784
OTU2590	0	0	0	0	0	0	0	0	0	0	0	0	0	0	0	0	0	0	0	0	0	0	0	0	0	0	0	0	0	0	0	0	0	0	0	0	0	0	0	0	0	0	0	0	0	0	0	0	0	0	0	0	0	0	0	0	0	0	0	0	0	0	0	0	0	0	0	0	0	0	0	0	0	0	0	0	0	0	0	0	0	0	0	0	0	0	0	0	0	0	0	0	0	0	0	0	0	0	0	59	1	0
OTU2591	0	0	0	0	0	0	0	0	0	0	0	0	0	0	0	0	0	0	0	0	0	0	0	0	0	0	0	0	0	0	0	0	0	0	0	0	0	0	0	0	0	0	0	0	0	0	0	0	0	0	0	0	0	0	0	0	0	0	0	0	0	0	0	0	0	0	0	0	0	0	0	0	0	0	0	0	0	0	0	0	0	0	0	0	0	0	0	0	0	0	0	0	0	0	0	0	0	0	0	47	0	0
OTU2592	0	0	0	0	0	0	0	0	0	0	0	0	0	0	0	0	0	0	0	0	0	0	0	1	0	0	0	0	0	0	0	0	0	0	0	0	0	0	0	0	0	0	0	0	0	0	0	0	0	0	0	0	0	0	0	0	0	0	0	0	0	0	0	0	0	0	0	0	0	0	0	0	0	0	0	0	0	0	0	0	0	0	0	0	0	0	0	0	0	0	0	0	0	0	0	0	0	0	0	99	0	0
OTU2593	0	0	0	0	0	0	0	0	0	0	0	0	0	0	0	0	0	0	0	0	0	0	0	0	0	0	0	0	0	0	0	0	0	0	0	0	0	0	0	0	0	0	0	0	0	0	0	0	0	0	0	0	0	0	0	0	0	0	0	0	0	0	0	0	0	0	0	0	0	0	0	0	0	0	0	0	0	0	0	0	0	0	0	0	0	0	0	0	0	0	0	0	0	0	0	0	0	0	0	83	0	0
OTU2594	0	0	0	0	0	0	0	0	0	0	0	0	0	0	0	0	0	0	0	0	0	0	0	0	0	0	0	0	0	0	0	0	0	0	0	0	0	0	0	0	0	0	0	0	0	0	0	0	0	0	0	0	0	0	0	0	0	0	0	0	0	0	0	0	0	0	0	0	0	0	0	0	0	0	0	0	0	0	0	0	0	0	0	0	0	0	0	0	0	0	0	0	0	0	0	0	0	0	0	6	52	0
OTU2595	0	0	0	0	0	0	0	0	0	0	0	0	0	0	0	0	0	0	0	0	0	0	0	0	0	0	0	0	0	0	0	0	0	0	0	0	0	0	0	0	0	0	0	0	0	0	0	0	0	0	0	0	0	0	0	0	0	0	0	0	0	0	0	0	0	0	0	0	0	0	0	0	0	0	0	0	0	0	0	0	0	0	0	0	0	0	0	0	0	0	0	0	0	0	0	0	0	0	0	0	67	0
OTU2596	0	0	0	0	0	0	0	0	0	0	0	0	0	0	0	0	0	0	0	0	0	0	0	0	0	0	0	0	0	0	0	0	0	0	0	0	0	0	0	0	0	0	0	0	0	0	0	0	0	0	0	0	0	0	0	0	0	0	0	0	0	0	0	0	0	0	0	0	0	0	0	0	0	0	0	0	0	0	0	0	0	0	0	0	0	0	0	0	0	0	0	0	0	0	0	1	0	0	0	0	65	0
OTU2597	0	0	0	0	1	0	0	0	0	0	0	0	0	0	0	0	0	1	0	0	0	0	0	0	0	0	2	0	0	13	0	0	0	0	0	0	0	0	0	0	0	5	0	0	0	0	0	0	0	0	0	0	0	1	0	0	0	0	0	0	0	0	0	0	1	0	0	0	0	0	0	15	0	0	0	0	0	0	0	0	2	0	0	0	6	0	0	0	0	2	0	9	0	0	0	25	0	0	8	0	7	0
OTU2598	0	0	0	0	0	0	1	1	0	0	0	0	0	0	0	0	2	1	0	0	0	0	0	0	0	0	0	0	0	0	0	0	0	0	0	0	0	0	0	0	0	0	2	0	0	0	0	0	0	0	0	0	0	0	1	0	0	0	0	0	0	0	0	0	74	0	20	0	0	21	0	0	0	0	0	0	0	0	0	0	0	0	0	0	0	0	26	0	0	0	0	0	0	0	0	0	0	0	0	0	0	0
OTU2599	0	0	0	0	0	0	0	0	0	0	1	0	0	0	0	0	0	1	0	0	1	0	0	0	0	0	0	0	0	0	0	0	0	0	0	0	0	0	1	0	1	9	0	4	0	0	0	0	0	4	0	1	0	53	14	0	0	2	1	0	0	0	0	0	0	0	0	0	0	1	1	0	0	0	0	0	2	0	0	0	0	0	1	0	1	1	0	0	0	0	33	0	0	0	0	0	0	0	0	0	0	0
OTU26	0	19	4	3	4	17	3	8	5	5	17	1	5	16	6	1	1	9	3	0	1	1	30	36	12	4	232	241	438	532	186	12	80	6	14	21	118	1281	2928	3	7577	75	134	614	4172	712	293	413	48	157	107	285	67	162	1192	2733	4215	158	254	3	3	16	4	7	32	43	118	8	8	230	427	831	281	137	2148	112	356	122	262	334	224	515	287	1246	410	430	332	36	28	620	220	142	208	83	494	712	1908	4	3	12	31	25
OTU260	0	2	0	1	0	1	0	0	1	0	2	2	0	2	0	0	0	0	0	0	0	0	2	0	2	0	4	6	6	3	6	5	2	0	0	0	6	23	28	0	27	2	6	38	11	5	8	1	4	3	2	2512	5	12	4	19	12	5	12	1	1	0	0	0	3	4	51	18	25	4	6	16	16	19	13	10	15	11	11	7	7	43	10	7	10	20	91	11	6	4	12	13	4	8	16	10	14	9	45	34	0	32
OTU2600	0	0	0	0	0	0	0	0	0	0	0	0	0	0	0	0	0	0	1	0	0	0	0	0	0	0	0	0	0	0	0	0	0	0	0	0	0	0	0	0	0	0	0	0	0	0	0	0	0	0	0	6	2	2	0	0	0	0	0	0	0	0	0	0	0	0	0	0	0	0	0	0	1	0	0	0	0	0	0	1	3	0	0	0	0	1	0	0	0	0	0	0	1	4	0	4	16	0	5	3	28	27
OTU2601	0	0	0	0	0	0	0	0	0	0	0	0	0	0	0	0	0	0	0	0	0	3	0	0	0	0	1	7	0	7	0	0	0	0	0	0	4	0	0	0	5	2	0	0	7	0	0	0	0	2	0	6	0	0	0	0	0	0	0	0	0	0	0	0	0	1	0	0	0	7	1	1	0	1	9	4	5	3	7	0	5	6	0	0	0	0	0	1	1	1	0	15	0	0	3	0	0	0	0	0	0	0
OTU2602	0	0	0	0	0	0	0	0	0	0	0	0	0	0	0	0	0	0	0	0	0	0	0	0	0	0	22	0	0	0	1	0	0	0	0	0	2	0	2	0	0	2	4	0	0	0	0	0	0	0	0	0	0	2	12	0	3	6	0	0	5	0	0	0	1	0	0	18	6	0	0	0	4	14	6	1	1	0	2	3	1	0	63	0	5	1	0	2	0	0	0	0	0	0	1	0	2	0	0	0	0	1
OTU2603	0	0	3	0	0	0	0	0	0	0	0	0	0	0	0	0	0	0	0	0	0	0	0	0	0	0	16	0	14	4	18	0	0	3	1	0	0	0	1	0	0	0	0	0	1	6	4	2	0	0	0	0	0	0	0	0	0	0	0	0	0	0	0	0	0	1	0	0	0	0	0	0	8	0	4	2	0	1	0	4	0	0	1	0	2	1	0	0	0	0	1	0	1	4	0	0	0	0	0	0	0	0
OTU2604	0	0	0	0	0	0	0	0	0	0	0	0	0	0	0	0	0	0	0	0	0	0	0	0	0	0	0	5	0	0	0	0	0	0	0	0	0	0	0	0	3	2	5	0	3	0	7	2	0	0	0	9	0	1	1	0	0	0	0	0	0	0	0	0	0	0	0	0	0	0	0	0	5	0	2	0	0	0	0	0	2	0	2	0	2	1	0	0	0	0	3	0	0	3	0	5	9	0	1	0	9	8
OTU2605	0	0	0	0	0	0	0	0	0	0	1	1	0	0	0	0	0	0	0	0	0	0	2	2	0	0	22	11	13	0	0	0	1	0	0	0	9	11	8	0	12	15	12	1	0	0	0	0	2	1	2	3	8	4	4	0	14	0	0	1	0	0	0	0	15	0	0	0	0	5	24	5	0	0	14	21	19	7	12	3	6	11	0	2	5	2	24	4	5	7	1	0	0	2	1	0	1	0	0	0	0	0
OTU2606	0	0	0	0	0	0	0	0	0	0	0	0	0	0	0	0	0	0	0	0	0	0	0	0	0	0	0	0	0	24	0	0	0	0	0	0	0	0	0	0	0	0	0	0	0	4	2	0	0	0	0	0	0	1	8	0	3	0	0	0	0	0	0	0	70	0	5	15	0	0	0	0	0	0	0	0	0	0	0	0	0	0	0	0	0	0	0	0	0	0	0	0	1	0	1	0	1	0	0	0	0	0
OTU2607	0	0	0	0	0	0	0	0	0	0	0	0	1	0	0	0	0	0	0	0	0	0	0	0	0	0	0	0	0	0	0	0	4	0	0	0	0	0	0	0	0	0	0	0	15	0	0	0	0	0	0	0	0	0	0	0	0	0	1	0	0	0	0	0	0	0	0	0	0	0	0	0	0	0	0	0	0	0	0	0	0	31	0	0	0	1	0	0	0	0	0	0	0	0	0	23	0	0	0	0	1	0
OTU2608	0	0	0	0	0	0	0	0	0	0	2	0	0	0	0	0	0	0	0	0	0	0	0	0	0	0	0	0	0	0	0	0	0	1	0	2	0	0	0	0	0	0	0	0	0	0	0	1	0	0	0	0	0	0	0	0	0	0	1	0	1	0	0	0	0	0	0	0	1	0	0	0	0	0	0	0	0	0	0	0	4	0	2	3	2	0	0	0	0	0	0	0	0	0	0	0	0	0	30	0	5	9
OTU2609	0	0	0	0	0	0	0	0	0	0	0	0	0	0	0	0	0	0	0	0	0	0	0	0	0	0	0	0	22	0	0	0	0	0	1	0	0	10	22	0	0	3	4	0	0	0	1	0	0	0	0	0	0	0	1	0	0	0	0	0	0	0	0	0	0	0	0	0	0	0	0	0	0	0	3	14	6	0	0	9	0	0	0	0	0	0	8	17	19	1	0	0	0	0	0	2	1	0	0	0	0	0
OTU261	0	0	0	0	0	1	1	0	0	0	0	4	0	0	0	0	0	0	0	0	0	0	0	0	0	0	11	9	5	1	1	0	0	0	0	0	0	1	4	3	6	1	1	8	8	7	0	1	5	0	0	2	5	13	15	11	69	51	36	0	0	17	0	2	2	0	7	0	2	0	1	5	3	3	0	10	20	5	8	10	9	3	2	900	59	15	11	3	3	9	4	17	1538	47	6	15	269	23	4	0	0	8
OTU2610	0	0	0	0	0	0	0	0	0	0	0	0	0	0	0	0	0	0	0	0	0	0	0	0	0	0	0	0	0	0	3	0	1	0	1	0	0	0	2	0	0	0	0	0	0	14	0	0	0	0	0	0	0	0	6	0	7	0	0	0	0	0	0	0	0	0	0	0	0	0	0	0	0	0	0	0	1	3	0	0	0	6	0	1	0	0	0	0	39	0	0	0	2	0	0	1	0	0	0	0	0	0
OTU2611	0	0	0	0	0	0	0	0	0	0	0	0	0	0	0	0	0	0	1	0	0	0	0	0	0	0	0	0	0	3	0	0	0	0	2	0	0	0	0	0	3	0	0	2	7	0	1	0	0	0	0	0	0	0	3	2	0	0	0	0	0	0	0	0	2	2	0	0	4	0	0	0	0	0	0	0	0	0	0	0	0	3	1	0	0	2	0	0	0	0	0	0	1	9	0	0	0	0	26	0	10	6
OTU2612	0	0	0	0	0	0	0	1	0	0	0	0	0	0	0	0	0	0	0	0	0	0	0	0	1	0	7	0	0	0	0	0	0	0	0	0	12	0	0	0	2	2	13	0	0	0	0	0	0	0	0	1	0	0	2	0	0	0	2	0	0	0	0	0	23	7	19	16	48	0	0	0	0	0	0	0	3	1	3	7	0	0	1	1	0	0	9	2	2	0	0	0	0	0	0	0	1	0	0	6	2	0
OTU2613	0	2	0	0	0	0	0	0	0	0	0	0	0	0	0	0	0	0	0	0	0	0	0	2	0	0	3	0	9	5	0	0	2	0	0	0	1	11	38	0	2	4	5	2	2	22	0	4	5	7	6	1	0	2	0	0	1	1	0	0	1	0	0	2	0	0	0	0	0	1	13	17	2	1	0	9	71	10	8	8	5	1	1	0	2	3	19	21	10	18	3	0	2	4	1	2	1	0	0	0	0	0
OTU2614	0	0	0	0	0	0	0	0	0	0	0	0	0	0	0	0	0	0	0	0	0	0	0	0	0	0	0	0	0	0	0	0	0	0	0	0	0	0	0	0	191	0	0	0	0	0	0	0	0	0	0	0	0	0	0	0	0	0	0	0	0	0	0	0	0	0	0	0	0	0	0	0	0	0	0	0	0	0	0	0	0	0	0	0	0	0	0	0	0	0	0	0	0	0	0	0	0	0	0	0	0	0
OTU2615	0	1	0	0	0	0	0	0	0	0	0	0	0	0	0	0	0	0	0	0	1	0	0	0	0	0	0	0	0	3	0	0	0	0	2	0	0	0	0	1	14	5	17	0	6	0	0	0	0	3	0	0	1	0	3	0	1	0	1	3	0	0	0	0	0	0	0	0	0	0	15	0	0	5	0	3	0	1	14	0	2	5	1	0	0	0	0	41	2	6	12	0	1	0	0	10	1	0	0	0	0	0
OTU2616	0	0	1	0	0	0	0	0	0	0	0	0	0	0	0	0	0	0	0	0	0	0	0	0	2	0	0	0	0	0	0	0	0	0	0	0	0	1	1	0	55	0	0	0	1	1	0	0	0	0	9	0	0	0	0	1	0	0	12	0	0	0	0	0	0	0	0	0	1	0	0	0	2	36	0	0	0	0	102	0	0	0	6	0	1	7	1	0	0	22	0	0	0	16	0	9	1	0	0	0	0	1
OTU2617	0	0	0	0	0	0	0	0	0	0	0	0	0	0	0	0	0	0	0	1	0	0	0	0	0	0	0	2	0	0	0	0	0	0	0	0	1	0	0	0	10	7	9	0	0	13	7	0	0	0	0	2	2	0	1	0	0	0	0	0	0	0	0	0	0	0	0	0	23	0	6	0	0	11	2	1	0	0	0	0	2	0	4	1	7	3	0	0	0	1	0	10	7	0	0	0	0	0	0	0	1	0
OTU2618	0	0	0	0	0	0	0	0	0	0	0	0	0	0	0	0	0	0	0	0	0	0	0	0	0	0	0	0	0	0	0	3	0	0	0	0	0	1	0	0	0	0	1	14	0	3	0	0	2	0	0	0	0	0	2	22	0	23	22	1	0	0	0	0	0	0	0	2	0	0	0	0	0	0	0	0	0	0	0	0	0	5	0	3	1	0	0	0	0	0	0	0	12	0	2	0	5	0	0	0	0	0
OTU2619	0	0	0	0	0	0	0	0	0	0	0	0	0	0	0	0	0	0	0	0	0	0	0	0	0	0	0	0	0	0	1	0	0	0	0	0	0	0	2	0	0	0	0	36	2	9	0	3	0	0	0	0	0	2	16	85	50	0	0	0	0	0	0	0	0	3	3	0	0	0	0	0	0	0	0	0	1	0	0	0	1	5	0	0	0	0	1	3	1	0	0	0	3	0	2	8	4	0	0	0	0	0
OTU262	2	0	0	1	0	0	0	1	2	1	2	0	2	2	4	0	0	1	0	0	1	0	3	1	0	0	50	72	91	10	154	0	2	8	1	0	49	41	288	3	102	64	103	4	24	931	54	6	31	29	10	73	18	25	24	4	26	6	19	0	0	1	0	2	0	0	6	31	0	24	4	22	23	80	183	78	70	55	57	26	45	8	24	54	78	18	65	99	59	17	46	66	8	57	52	58	46	0	0	1	0	1
OTU2620	0	0	0	0	0	0	0	0	0	0	0	0	0	0	0	0	0	0	0	0	4	0	0	0	0	0	0	0	0	0	0	0	2	0	0	0	0	0	0	0	0	0	0	7	0	0	0	0	0	0	0	0	0	0	1	0	0	10	0	0	3	0	0	0	77	0	2	10	26	0	0	0	0	0	0	0	1	0	0	0	0	0	0	0	0	0	0	0	0	0	0	0	0	9	3	1	1	0	23	1	28	27
OTU2621	0	0	1	0	0	0	0	0	0	0	0	0	0	0	0	0	0	0	0	0	0	0	0	0	0	0	0	0	0	0	0	0	0	0	2	0	18	0	1	0	1	0	0	9	6	15	0	0	0	2	0	0	0	0	1	0	35	0	0	0	0	0	0	0	0	0	0	0	0	1	2	0	0	0	0	9	9	127	0	2	0	1	0	3	0	0	0	12	15	0	0	0	0	0	0	0	0	0	0	0	0	0
OTU2622	0	0	0	0	0	0	0	0	0	0	0	0	0	0	0	0	0	0	0	0	0	0	0	0	0	0	0	0	0	0	0	8	0	0	0	0	2	0	0	0	0	1	1	10	0	0	0	15	0	0	0	0	0	0	3	0	2	13	19	0	0	0	0	0	0	0	1	0	0	0	0	0	0	0	0	0	1	1	0	0	0	0	0	0	0	0	0	0	1	0	0	0	122	3	1	2	3	5	0	0	0	0
OTU2623	0	1	0	0	0	0	0	0	0	0	0	0	0	0	0	0	0	0	0	0	1	0	0	0	0	0	0	2	0	0	0	0	0	0	0	0	0	0	0	0	3	0	0	0	0	0	0	0	4	55	24	1	0	0	3	0	0	1	0	0	0	0	0	0	0	0	0	0	0	1	0	0	0	0	1	0	0	0	15	0	0	0	0	6	0	0	0	0	0	12	4	0	0	0	0	3	0	0	0	0	0	0
OTU2624	0	0	0	0	0	0	0	0	0	0	0	0	0	1	0	0	0	0	0	0	0	0	0	0	0	0	2	0	0	1	0	0	0	0	0	0	0	0	0	0	0	2	0	0	0	0	0	0	9	0	2	7	0	4	0	0	1	0	8	0	0	0	0	0	0	0	0	0	0	0	1	13	31	1	0	0	0	0	5	0	20	0	0	1	0	2	0	1	0	4	11	10	6	18	6	18	4	0	1	0	1	0
OTU2625	0	0	0	0	0	0	0	1	0	0	0	0	0	0	0	0	0	0	0	0	0	0	0	0	0	0	0	0	0	0	0	0	0	0	0	0	0	0	0	0	0	0	0	0	0	0	0	4	0	0	0	0	0	11	0	1	0	0	0	0	0	0	0	0	0	0	0	0	0	0	0	0	1	0	0	0	0	0	0	0	0	0	1	1	2	3	0	0	0	0	0	0	0	3	2	0	3	13	8	7	26	10
OTU2626	0	0	0	0	0	0	0	0	0	0	0	0	0	0	0	0	0	0	0	0	0	0	0	0	0	0	0	0	0	0	0	0	0	0	0	0	0	0	0	0	0	0	0	0	0	0	0	0	0	0	0	0	0	0	0	1	0	0	0	0	0	0	0	0	0	59	0	0	0	0	0	0	0	0	0	0	0	0	0	0	0	0	0	0	0	0	0	0	0	0	0	0	0	0	0	0	0	0	0	0	0	0
OTU2627	0	0	0	0	0	0	0	0	0	0	0	0	0	0	0	0	0	0	0	0	0	0	0	0	0	0	0	0	0	0	0	0	1	0	0	0	0	0	0	0	0	0	0	0	0	0	0	0	0	0	0	0	0	0	0	0	1	4	0	0	0	0	0	0	0	0	125	32	0	0	0	0	0	0	0	0	0	0	0	0	0	0	0	0	0	0	0	0	0	0	0	0	0	0	0	0	0	0	0	0	0	1
OTU2628	0	2	0	0	0	0	0	0	0	0	0	0	0	0	0	0	0	0	0	0	0	0	0	0	0	0	0	0	0	0	0	0	0	0	0	0	0	0	0	0	0	0	0	0	0	0	0	3	0	0	0	0	0	0	1	0	0	0	4	0	0	0	0	0	0	0	0	0	0	2	0	0	0	0	0	0	0	0	0	0	0	0	0	0	0	0	0	1	0	0	0	0	41	0	14	43	0	1	0	0	0	0
OTU2629	0	0	0	0	0	0	0	0	0	0	0	0	0	0	3	0	0	0	0	0	0	0	0	0	0	0	0	0	0	0	0	0	0	0	3	0	0	0	0	0	5	0	0	0	0	0	0	0	0	0	0	0	0	0	0	0	0	5	0	0	0	83	0	0	1	1	0	0	0	0	1	23	0	0	0	0	0	4	0	0	0	0	0	0	0	0	4	4	0	0	7	39	0	0	0	0	0	1	0	0	0	0
OTU263	0	6	0	0	0	0	2	11	3	0	3	5	0	0	1	0	0	5	9	2	5	2	2	4	4	5	51	39	22	17	30	2	20	1	30	4	20	4	10	0	677	13	25	21	36	16	3	15	13	13	2	121	37	11	24	30	34	30	48	8	11	1	6	13	501	677	859	369	1769	5	20	17	31	20	15	87	11	18	43	10	14	14	5	8	2	3	43	53	181	28	44	96	9	12	16	41	11	124	95	12	232	94
OTU2630	0	0	0	0	0	0	0	0	0	0	0	0	0	0	0	0	0	0	0	0	0	0	0	0	0	0	0	0	0	0	0	0	0	0	0	0	0	0	0	0	0	0	0	0	0	0	0	0	0	0	0	0	0	0	0	0	0	0	0	0	0	0	0	0	35	0	7	9	35	0	0	0	0	0	0	0	0	0	0	0	0	0	0	0	0	0	0	0	0	0	0	0	0	0	0	0	0	0	0	0	0	0
OTU2631	0	0	0	0	0	0	0	0	0	0	0	0	0	0	0	0	0	0	0	0	0	0	0	0	1	0	0	0	0	0	0	0	0	0	0	0	0	0	0	0	0	0	0	0	0	0	0	0	0	0	0	0	0	0	0	0	0	0	1	0	0	0	0	0	25	0	48	0	19	0	0	0	0	0	0	0	0	2	0	0	0	0	0	0	0	0	0	0	0	0	0	0	0	0	0	0	0	0	0	0	0	0
OTU2632	0	0	0	0	0	0	0	0	0	0	0	0	0	0	0	0	0	0	0	0	0	0	0	0	0	0	0	0	0	0	0	0	0	0	0	0	0	0	0	0	0	0	1	0	0	0	0	9	0	0	0	8	0	1	0	0	0	6	0	0	0	0	0	0	41	7	13	47	1	0	0	0	0	0	0	0	0	0	0	0	0	0	0	0	0	0	0	0	0	0	0	2	0	0	0	0	0	1	1	0	0	0
OTU2633	0	0	0	0	0	0	0	0	0	0	0	0	0	0	0	0	0	0	1	0	0	0	0	2	0	0	0	0	0	0	0	0	0	0	0	0	0	0	0	0	1	0	0	0	0	0	0	0	0	0	0	0	0	0	0	0	0	0	0	0	0	0	0	0	6	4	3	4	7	1	0	0	0	0	0	0	0	0	0	0	0	0	0	0	0	0	0	0	0	0	0	0	0	0	0	0	0	0	16	0	26	16
OTU2634	0	0	0	0	0	0	0	0	0	0	0	0	0	0	0	0	0	0	0	0	0	0	0	0	0	0	0	0	0	0	0	0	0	0	0	0	0	0	0	0	0	0	0	0	0	0	0	0	0	0	0	0	0	0	0	0	0	0	0	0	0	0	0	0	0	0	0	0	70	0	0	0	0	0	0	0	0	0	0	0	0	0	0	0	0	0	0	0	0	0	0	0	0	0	0	0	0	0	0	0	0	0
OTU2635	0	0	0	0	0	0	0	0	0	0	0	0	0	0	0	0	0	0	0	0	0	0	0	0	0	0	1	0	0	2	0	0	0	0	0	0	0	5	0	0	0	0	0	0	0	0	1	0	0	0	0	1	0	1	1	0	12	0	0	0	0	0	0	0	0	0	0	0	0	9	5	0	0	0	93	1	34	20	1	0	1	0	2	0	0	0	4	10	0	2	0	0	0	0	2	0	0	0	0	0	0	0
OTU2636	0	0	0	0	0	0	0	0	0	0	0	0	0	0	0	0	0	0	0	0	0	0	0	0	0	0	0	0	0	0	0	0	0	0	0	0	0	0	0	0	0	0	0	0	0	0	0	0	0	0	0	0	0	0	0	0	0	0	0	0	0	0	0	1	0	0	0	0	0	0	0	0	0	0	0	0	0	0	0	0	0	0	0	0	0	0	0	0	0	0	0	0	2	0	0	0	0	65	0	0	0	0
OTU2637	0	0	0	0	0	0	0	0	0	0	0	0	0	0	0	0	0	0	0	0	0	0	0	0	0	0	0	0	0	0	0	0	0	0	0	0	0	0	0	0	0	0	0	0	0	0	0	1	0	0	0	0	0	0	0	3	0	0	0	0	0	0	0	0	0	0	0	1	0	0	0	0	0	0	0	0	0	0	0	0	0	0	0	0	0	0	0	0	0	0	0	0	4	0	0	0	2	46	2	0	0	26
OTU2638	0	0	0	0	1	2	2	8	0	0	0	0	0	0	1	0	4	0	6	0	3	8	1	2	6	4	270	98	1	106	159	0	9	2	3	1	70	3	19	0	471	93	104	40	72	26	160	18	18	126	16	26	35	7	28	33	26	18	33	4	0	4	2	2	11	1	90	105	71	3	36	9	4	14	16	75	5	37	70	22	10	39	12	48	77	3	9	5	1	13	7	104	27	45	25	171	24	127	236	200	163	336
OTU2639	0	0	0	0	0	0	0	0	0	0	0	0	0	0	0	0	0	0	0	0	0	0	0	0	0	0	0	0	0	0	0	0	0	0	0	0	0	0	0	0	0	0	0	0	0	0	0	0	0	0	0	0	0	0	0	0	0	0	0	0	0	0	0	0	0	0	0	0	0	0	0	0	0	0	0	0	0	0	0	0	0	0	0	0	0	0	0	0	0	0	0	0	0	1	0	0	0	0	89	0	0	0
OTU264	0	0	0	0	0	0	0	6	0	0	0	0	0	0	0	0	0	0	6	1	3	3	0	2	1	4	0	0	0	4	0	3	7	3	4	3	3	0	0	1	1	17	36	2	2	0	0	0	0	0	0	0	1	0	4	8	1	7	11	2	3	1	1	4	369	471	569	132	198	0	2	0	0	0	0	0	0	0	0	0	2	0	2	0	0	0	0	0	0	0	4	0	10	3	1	53	23	3	196	46	90	1921
OTU2640	0	0	0	0	0	0	1	0	0	0	0	0	0	0	0	0	0	0	0	0	0	1	0	0	0	0	0	0	0	0	0	0	0	0	0	0	0	0	0	0	0	0	0	0	1	0	0	0	0	0	0	0	0	0	0	0	0	0	0	0	0	0	0	0	0	0	0	0	0	0	0	0	0	0	0	0	0	0	0	0	0	0	0	0	0	0	1	0	0	0	0	0	0	0	0	0	0	0	0	60	11	0
OTU2641	0	0	0	0	0	0	0	0	0	0	0	0	0	0	0	0	0	0	0	0	0	0	0	0	0	0	0	0	0	0	0	0	0	0	0	0	0	0	0	0	0	0	0	0	0	0	0	0	0	0	0	0	0	0	0	0	0	0	0	0	0	0	0	0	0	0	0	0	0	0	0	0	0	0	0	0	0	0	0	0	0	0	0	0	0	0	0	0	0	0	0	0	0	0	0	0	0	0	0	45	0	0
OTU2642	0	0	0	0	0	0	0	0	0	0	0	0	0	0	0	0	0	0	0	0	0	0	0	0	0	0	0	0	0	0	0	0	0	0	0	0	0	0	0	0	0	0	0	0	0	0	0	0	0	0	0	0	0	0	0	0	0	0	0	0	0	0	0	0	0	0	0	0	0	0	0	0	0	0	0	0	0	0	0	0	0	0	0	0	0	0	0	0	0	0	0	0	0	0	0	0	0	0	0	0	80	2
OTU2643	0	0	0	1	0	0	0	0	0	1	0	0	0	0	0	0	0	0	0	0	0	2	0	0	0	0	3	1	4	1	3	0	0	0	1	0	15	1	6	0	10	7	16	0	0	0	2	0	7	12	0	7	7	3	0	0	3	1	2	0	0	0	0	0	0	0	0	0	0	0	6	1	7	22	1	7	13	3	0	4	0	0	0	0	1	4	0	10	8	10	16	2	3	6	0	1	2	0	0	0	0	0
OTU2644	0	0	0	0	0	0	0	1	0	0	0	0	0	0	0	0	0	0	0	0	0	0	0	0	0	0	0	0	0	0	0	0	0	0	0	0	15	1	0	0	0	0	0	0	0	0	0	0	2	0	0	0	0	0	1	0	0	0	0	0	0	0	0	0	0	0	0	0	0	0	0	0	0	0	0	15	0	31	0	6	1	0	0	0	0	0	6	0	8	0	0	0	0	0	0	0	0	0	0	0	0	0
OTU2645	0	0	0	0	0	0	0	2	0	0	0	0	0	0	0	0	0	0	0	0	0	0	0	0	0	0	0	1	0	0	0	0	1	0	0	0	0	0	0	0	0	0	0	0	0	1	0	0	0	0	0	11	0	0	0	7	10	0	0	0	0	0	0	0	0	2	4	0	0	0	0	0	67	0	6	0	0	0	0	1	4	1	0	0	0	0	0	0	0	0	13	0	2	0	0	0	0	0	0	0	0	0
OTU2646	0	0	0	0	0	0	0	0	0	0	0	1	0	0	1	0	0	0	0	0	0	0	0	0	0	0	1	0	0	0	0	0	3	0	0	0	7	0	1	0	2	1	0	0	71	1	0	0	4	0	0	0	0	0	21	24	0	0	0	0	0	0	0	0	0	0	0	0	0	0	0	2	0	0	0	1	0	1	0	1	0	3	1	0	0	1	0	0	0	0	0	0	1	0	1	2	2	0	0	0	0	0
OTU2647	0	0	0	0	0	0	0	0	0	0	0	0	0	0	0	0	0	0	2	0	0	0	0	0	0	0	0	0	0	0	0	0	0	0	0	0	0	0	0	0	0	0	0	0	0	0	0	0	0	0	0	0	0	0	0	2	0	0	0	0	0	0	0	0	0	0	0	0	0	0	0	0	0	0	0	0	0	0	0	0	0	0	0	0	0	0	0	0	0	0	0	0	0	0	5	0	0	0	0	61	0	0
OTU2648	0	0	0	0	0	0	0	0	0	0	0	1	0	0	0	0	0	0	3	0	0	0	0	0	0	0	1	0	0	0	18	0	0	0	0	0	0	0	0	0	0	0	0	0	0	0	0	2	0	0	0	0	0	0	0	0	0	3	0	0	0	0	0	0	0	0	0	0	0	0	0	0	0	0	0	0	0	0	0	2	0	0	25	0	3	44	0	0	2	0	0	0	0	0	0	3	0	0	0	0	0	0
OTU2649	0	0	0	0	0	0	0	0	0	0	0	0	0	0	0	0	0	0	0	0	0	3	0	0	0	0	0	0	0	0	0	0	0	0	0	0	0	0	0	0	0	0	0	0	0	0	0	0	0	0	0	0	0	0	3	2	0	0	0	0	0	0	0	0	4	72	0	0	0	0	0	0	0	0	0	0	0	0	0	0	0	0	0	0	0	0	0	0	0	0	0	0	0	0	0	0	0	0	0	0	0	0
OTU265	0	2	7	0	0	3	4	11	0	3	3	1	2	1	0	0	0	0	1	0	2	9	1	1	2	8	185	168	1166	117	427	3	9	2	17	4	149	32	47	0	52	48	199	198	52	110	148	201	5	12	1	23	100	23	81	54	275	47	95	9	9	3	7	17	109	274	208	203	312	34	56	38	48	149	39	280	241	63	33	194	23	129	165	93	91	12	82	124	147	17	140	51	94	105	101	215	62	4	42	81	45	2
OTU2650	0	0	0	0	0	0	0	0	0	0	0	0	0	0	0	0	0	0	0	0	0	0	0	0	0	0	8	0	1	0	5	0	2	0	0	0	2	2	2	0	0	0	0	0	0	0	0	0	0	0	0	0	0	0	0	0	4	0	0	0	0	0	0	0	0	0	0	0	0	4	40	0	0	0	4	0	8	3	0	4	0	0	0	0	0	0	5	0	11	0	0	0	0	1	0	2	0	0	0	0	0	0
OTU2651	0	0	0	0	0	0	0	0	0	0	0	0	0	0	0	0	0	0	0	0	0	0	0	0	0	0	0	4	4	2	1	0	0	0	0	0	0	1	0	0	0	2	4	5	0	25	3	0	0	0	1	1	0	0	12	11	0	0	0	0	0	0	0	0	0	1	0	0	0	0	0	0	0	0	0	0	0	2	2	0	1	4	1	0	0	0	0	0	2	0	0	0	2	0	4	6	0	0	0	0	0	0
OTU2652	0	0	0	0	0	0	0	0	0	0	0	0	0	0	0	0	0	0	0	0	0	0	0	0	0	0	0	5	49	0	0	0	0	0	0	0	0	0	0	0	0	0	0	0	0	0	0	0	0	0	0	0	1	0	0	0	0	0	0	0	0	0	0	0	0	0	0	0	0	0	0	0	0	0	0	0	0	0	0	0	0	0	0	0	0	0	0	0	2	0	0	0	0	0	0	0	0	0	0	0	0	0
OTU2653	0	0	0	0	0	0	0	0	0	0	0	0	0	0	0	0	0	0	0	0	0	0	0	0	0	0	9	0	0	7	0	0	0	0	0	0	0	0	0	0	0	0	0	0	0	0	0	7	0	0	0	30	0	2	1	0	0	10	11	0	0	0	0	0	0	0	0	0	0	0	1	0	0	1	0	0	0	0	1	0	0	0	0	0	6	0	0	0	0	0	0	0	0	13	19	4	26	0	0	0	0	0
OTU2654	0	0	0	0	0	0	0	0	0	0	0	0	0	0	0	0	0	0	0	0	0	0	0	0	0	1	0	0	0	11	0	0	0	0	0	0	0	20	2	0	7	0	0	0	0	0	0	0	0	0	0	0	0	0	0	0	9	2	0	0	0	0	0	0	0	0	0	0	0	3	0	0	0	0	2	3	2	0	1	0	0	0	0	0	0	0	0	8	6	0	0	0	0	0	0	1	6	0	0	0	0	2
OTU2655	0	0	0	0	0	0	0	0	0	0	0	0	0	0	0	0	0	0	0	0	0	0	0	0	0	0	1	0	0	16	0	0	0	0	0	0	0	0	0	0	0	2	0	0	19	2	0	2	22	0	0	8	1	0	2	0	0	1	0	0	0	0	0	0	0	0	0	0	0	1	0	0	3	6	9	0	0	0	0	0	0	6	1	0	0	0	0	0	0	0	0	1	2	0	3	3	0	0	0	0	0	0
OTU2656	0	0	0	0	0	0	0	0	0	0	0	0	0	0	0	0	0	0	0	0	0	0	0	0	0	0	0	0	0	17	2	0	0	0	0	0	2	0	0	0	1	0	6	1	8	3	0	3	1	0	0	0	0	3	1	4	0	0	4	0	0	0	0	1	0	0	0	0	0	0	0	1	1	20	1	0	0	0	0	1	3	7	6	1	0	0	0	0	0	4	9	7	1	0	1	7	5	0	0	0	2	1
OTU2657	0	0	0	0	0	0	0	0	0	0	0	0	0	0	0	0	0	0	0	0	0	0	0	0	0	0	2	0	5	2	3	0	0	0	0	0	14	2	2	0	12	0	0	0	0	0	0	0	0	0	0	0	0	0	2	0	0	0	2	0	0	0	0	0	0	0	0	0	0	0	19	0	0	1	54	0	0	0	0	1	0	0	0	0	0	0	0	3	0	1	0	0	0	1	0	0	0	0	0	0	0	0
OTU2658	0	0	0	0	0	0	0	0	0	0	1	0	0	0	0	0	0	0	0	0	0	0	0	0	0	0	0	8	0	29	0	0	0	0	0	2	0	0	0	0	0	0	0	14	5	0	0	17	0	0	1	1	0	1	0	16	0	20	14	0	0	0	0	1	0	4	0	0	0	0	0	0	0	0	0	0	0	0	0	0	0	2	5	0	1	5	0	0	0	0	0	0	1	5	3	0	0	0	0	0	0	0
OTU2659	0	0	0	0	0	0	0	0	0	0	0	0	0	0	0	0	0	0	0	0	0	1	0	0	0	0	0	3	0	0	0	0	0	0	0	0	33	0	3	0	48	0	8	0	0	0	1	3	0	3	1	0	0	15	2	1	0	0	3	0	0	0	0	0	0	0	0	0	2	0	0	4	0	1	0	4	0	3	9	1	6	0	1	0	0	2	1	2	8	0	1	3	1	1	0	1	1	0	0	0	0	0
OTU266	0	6	1	0	0	0	0	0	0	0	1	0	0	0	1	0	0	0	0	0	0	0	0	0	0	0	2	5	0	3350	0	0	0	0	0	0	0	1	3	0	1	1	1	2	6	2	15	3	0	13	0	4	0	13	1	2	4	3	6	1	0	0	0	0	0	0	0	0	0	0	4	0	0	4	1	4	0	2	0	0	2	2	11	0	3	1	2	0	3	4	3	2	1	7	3	5	1	0	0	0	0	0
OTU2660	0	0	0	0	0	0	0	0	0	0	0	0	0	0	0	0	0	0	0	0	0	0	0	0	0	0	0	1	0	0	0	0	0	0	0	0	44	2	0	0	3	1	0	0	0	2	0	0	15	0	0	0	0	0	0	1	20	0	0	0	0	0	0	0	0	0	0	0	0	3	1	0	0	0	0	2	25	81	0	0	0	3	0	4	0	0	13	17	0	6	0	0	1	0	0	3	0	0	0	0	0	0
OTU2661	0	0	0	0	0	0	0	0	0	0	0	0	0	0	0	0	0	0	0	0	0	0	0	0	0	0	17	0	1	0	0	0	1	0	0	0	0	0	46	0	8	2	0	0	14	5	2	16	0	0	0	0	0	2	0	0	0	0	0	0	0	0	0	0	0	0	0	0	0	0	0	0	15	7	2	0	4	0	4	2	1	0	0	0	0	2	0	0	0	0	0	0	0	7	6	1	0	0	0	0	0	0
OTU2662	0	0	0	0	0	0	0	0	0	0	0	0	0	0	0	0	0	0	0	0	0	0	0	0	0	0	0	0	0	8	0	0	0	0	0	0	9	1	11	0	9	6	0	1	0	1	0	0	0	1	0	0	3	1	0	0	0	0	0	0	0	0	0	0	0	0	0	0	0	15	24	1	0	0	6	0	0	0	0	0	1	1	0	0	2	0	12	13	11	0	0	0	0	0	0	0	0	0	0	0	0	0
OTU2663	0	0	0	0	0	0	0	0	0	0	0	0	0	0	0	0	0	0	0	0	0	0	0	0	0	0	0	0	0	0	1	0	0	0	0	0	0	2	2	0	0	0	0	0	0	0	0	0	0	0	0	0	0	0	0	0	0	1	0	0	0	0	0	0	5	6	0	20	3	0	0	0	0	0	0	3	0	0	0	0	13	0	0	0	0	0	6	1	1	0	0	0	0	0	0	0	1	0	0	0	14	0
OTU2664	0	0	0	0	0	0	0	0	0	0	0	0	0	0	0	0	0	0	0	0	0	0	0	0	0	0	1	4	0	0	1	0	0	0	1	0	0	0	3	0	38	5	15	0	0	0	8	0	0	0	0	6	0	2	0	0	0	0	0	0	0	0	0	0	0	0	0	0	0	0	2	0	7	0	0	1	0	0	0	0	1	0	0	0	2	0	1	0	3	0	2	0	0	1	0	2	0	0	0	0	0	0
OTU2665	0	0	0	0	0	0	0	0	0	0	0	0	0	0	0	0	0	0	0	0	0	0	0	0	0	0	0	0	0	0	0	0	0	0	2	0	0	0	0	0	4	14	0	0	0	0	0	1	0	17	0	0	0	22	0	1	0	19	1	0	0	0	0	0	0	0	0	0	0	0	0	0	0	0	0	0	1	0	0	0	0	0	0	0	0	0	0	0	0	0	24	0	0	0	0	0	1	0	0	0	0	0
OTU2666	0	0	0	0	0	0	0	0	0	0	1	0	0	0	0	0	0	0	0	0	0	0	0	0	0	0	0	0	0	0	0	0	2	0	0	0	1	0	0	0	0	0	0	0	20	0	0	0	0	0	0	0	0	0	5	23	0	0	1	0	0	0	0	0	0	0	0	0	0	0	0	0	0	28	0	0	3	0	0	0	0	12	9	0	1	0	0	0	0	0	0	0	0	0	2	10	32	0	0	0	0	2
OTU2667	0	0	0	0	0	2	0	0	0	0	0	0	0	0	0	0	0	0	0	0	0	0	0	0	0	0	0	0	0	0	0	0	0	0	0	0	0	0	0	0	0	1	0	1	5	0	0	62	0	0	0	0	0	2	2	0	1	9	0	0	0	0	0	0	0	0	0	1	0	0	0	0	0	0	0	1	0	0	0	0	0	0	0	0	0	0	0	0	0	0	0	0	2	0	0	0	0	0	0	0	0	0
OTU2668	0	0	0	0	0	0	0	0	0	0	0	0	0	0	0	0	0	0	0	0	0	0	0	0	0	0	0	0	0	6	5	0	0	1	0	0	1	0	0	0	0	0	0	0	4	41	0	3	0	0	0	0	0	0	0	0	0	3	0	0	0	0	0	0	0	0	11	5	0	0	0	0	0	0	0	0	1	0	0	0	0	0	8	1	0	3	0	0	0	0	0	0	0	2	5	7	0	0	0	0	2	0
OTU2669	0	0	0	0	0	0	0	0	0	0	0	0	0	0	0	0	0	0	0	0	0	0	0	0	0	0	0	0	0	0	0	0	0	0	0	0	0	0	0	0	1	0	0	0	0	1	0	0	0	0	0	0	0	0	1	0	2	2	0	0	0	0	0	0	0	0	0	0	0	0	0	0	121	1	0	0	0	0	0	1	0	1	0	0	0	0	1	0	0	0	0	1	0	0	0	0	0	0	0	0	0	0
OTU267	0	8	2	1	0	2	0	3	3	0	1	0	0	3	0	0	1	0	1	0	0	0	0	0	1	0	938	357	233	1677	379	1	19	3	2	1	4	9	13	4	13	5	8	187	696	45	86	135	13	13	0	240	62	78	249	71	133	63	39	1	0	4	5	7	30	2	6	0	2	20	11	43	97	235	18	151	11	11	25	30	74	302	142	414	169	22	12	12	19	236	64	43	76	511	211	439	535	2	4	6	11	11
OTU2670	0	3	0	0	0	0	0	0	0	0	0	0	0	0	0	0	0	0	0	0	0	0	0	0	0	0	0	0	0	0	0	0	0	0	0	0	0	0	1	0	3	4	0	0	12	4	1	0	1	0	0	2	0	1	0	0	0	0	0	0	0	2	0	0	0	0	0	0	0	6	35	2	2	0	3	10	24	5	0	0	0	0	5	1	0	1	0	0	0	0	2	0	0	0	0	0	0	0	0	0	0	0
OTU2671	0	0	0	0	0	0	0	0	0	0	0	0	0	0	0	0	0	0	0	0	0	0	0	0	0	0	0	0	0	0	0	0	0	2	0	0	0	0	0	0	0	1	0	0	0	0	0	2	0	0	0	0	0	8	0	0	0	0	0	0	0	0	0	0	0	2	0	0	0	1	0	0	0	0	0	0	0	0	1	0	0	0	3	0	0	0	0	0	0	0	0	0	1	0	0	0	0	0	2	0	28	31
OTU2672	0	0	0	0	0	0	0	0	0	0	0	0	0	0	0	0	0	0	0	0	0	0	0	0	0	0	0	0	0	0	0	0	0	0	0	0	0	0	0	0	0	0	0	0	0	0	0	5	0	0	0	0	0	0	0	0	0	0	0	0	0	0	0	0	2	0	0	0	0	0	0	0	0	0	0	0	0	0	0	0	0	0	0	0	0	1	0	0	0	0	5	0	0	0	0	1	0	40	0	0	0	11
OTU2673	0	0	0	0	0	0	0	0	0	0	0	0	0	0	0	0	0	0	0	0	0	0	0	0	0	0	6	0	0	0	0	0	0	0	0	0	0	0	0	0	0	1	0	0	1	0	0	11	19	0	0	0	0	4	0	0	0	7	1	0	0	0	2	0	0	0	0	0	0	0	0	0	5	0	0	0	0	0	1	0	3	7	10	0	0	5	0	0	1	0	36	9	1	3	6	0	0	0	0	0	0	0
OTU2674	0	0	0	0	0	0	0	0	1	0	0	0	0	0	0	0	0	0	0	0	1	0	0	0	0	0	0	14	0	2	0	1	0	0	1	0	0	1	0	0	3	0	0	2	0	0	0	0	4	0	0	0	0	5	1	9	0	0	1	0	12	0	0	0	5	0	0	0	0	0	0	0	0	1	0	0	0	0	0	0	0	4	15	0	1	0	12	0	5	0	0	0	11	12	1	15	3	0	15	1	5	4
OTU2675	0	0	0	0	0	0	0	0	0	0	0	0	0	0	0	0	0	0	0	0	0	0	0	0	0	0	0	0	0	0	0	0	0	0	0	0	0	0	0	0	0	0	2	0	0	0	0	0	0	18	1	0	0	0	0	0	2	0	0	0	0	0	0	0	0	0	0	0	0	0	3	0	0	0	1	0	0	58	0	0	0	0	0	0	0	0	0	7	0	0	0	0	0	0	0	0	0	0	0	0	0	0
OTU2676	0	0	1	0	0	0	0	0	0	0	0	0	0	0	0	0	0	0	0	0	0	0	0	0	0	0	0	0	0	0	0	0	0	0	0	0	0	0	0	0	0	0	0	0	0	0	0	0	0	0	0	0	0	3	130	0	1	0	0	0	0	0	0	0	2	0	0	0	0	0	0	0	0	0	0	0	0	0	0	0	0	0	0	0	2	1	0	0	0	0	0	0	0	1	0	0	0	0	0	0	0	0
OTU2677	0	0	0	0	0	0	0	1	0	0	0	0	0	0	0	0	0	1	0	0	0	0	0	0	0	0	0	0	0	0	0	0	0	0	0	0	0	0	0	0	0	0	0	0	0	0	0	0	0	0	0	0	0	3	0	0	0	0	59	0	1	0	0	0	0	0	0	0	4	0	0	1	0	0	0	0	0	0	0	0	0	1	79	0	0	1	0	0	0	0	0	0	0	53	17	17	0	0	1	0	0	0
OTU2678	0	0	0	0	0	0	0	0	0	0	0	0	0	0	0	0	0	0	0	0	0	0	0	0	0	4	0	0	0	0	0	0	0	0	0	0	0	0	0	0	0	0	0	0	0	0	0	0	0	0	0	0	0	0	0	0	0	0	0	0	0	0	0	0	66	0	0	0	0	0	0	0	0	0	0	0	0	0	0	0	0	0	0	0	0	0	0	0	0	0	0	0	0	0	0	0	0	0	0	0	0	0
OTU2679	0	0	0	0	0	0	0	0	0	0	0	0	0	0	1	0	0	0	0	0	6	0	2	0	3	0	0	11	2	0	1	0	0	0	0	0	9	22	16	0	104	7	4	0	0	0	3	3	0	3	0	5	3	4	2	1	2	0	2	0	0	0	0	0	2	0	1	0	0	37	24	12	2	1	3	30	16	12	2	13	4	2	4	0	0	4	16	34	17	4	1	20	73	1	25	4	1	0	0	0	0	0
OTU268	0	8	3	1	0	2	0	3	0	2	6	5	0	0	0	0	1	0	6	1	8	22	0	0	0	37	122	7	36	0	444	3	2	0	1	2	683	39	26	0	14	165	1121	7	7	3	1	42	7	1	12	40	26	19	9	11	5	17	9	0	0	0	1	8	0	0	84	60	1	0	4	38	48	4	272	106	20	67	4	2117	10	14	45	3	5	3	308	6	25	3	121	7	6	18	34	17	10	3	0	0	0	0
OTU2680	0	0	0	0	0	0	0	0	0	0	0	0	0	0	0	0	0	0	0	0	0	0	0	0	0	0	0	0	0	0	0	0	0	0	0	0	0	0	0	0	0	0	0	0	0	0	0	0	0	0	0	0	0	0	0	0	0	0	0	0	0	0	0	0	0	0	1	0	0	0	0	0	0	0	0	0	0	0	0	0	0	0	0	0	0	0	0	0	0	0	0	0	0	0	0	0	3	1	0	0	1	64
OTU2681	0	0	0	0	0	0	0	0	0	0	0	0	0	0	0	0	0	0	0	0	0	0	0	0	0	0	0	0	0	0	0	0	0	0	0	0	0	0	0	0	0	0	0	0	0	0	0	0	0	0	0	0	0	0	0	0	0	0	0	0	0	0	0	0	0	0	0	0	0	0	0	0	0	0	0	0	0	0	0	0	0	0	0	0	0	0	0	0	0	0	0	0	0	0	0	0	0	68	0	0	0	0
OTU2682	0	0	0	0	0	0	0	0	0	0	0	0	0	0	0	0	0	0	0	0	0	0	0	0	0	0	0	0	0	0	0	0	0	0	0	0	0	0	0	0	0	0	0	0	0	0	0	0	0	0	0	0	0	0	0	0	0	0	0	0	0	0	0	0	7	0	0	0	0	0	0	0	0	0	0	0	0	0	0	0	0	0	0	0	0	0	0	0	0	0	0	0	0	0	0	0	0	59	0	0	1	0
OTU2683	0	0	0	0	0	0	0	0	0	0	0	0	0	0	0	0	0	0	0	0	0	0	0	0	0	0	0	0	0	0	0	0	0	0	0	0	0	0	0	0	0	0	0	0	0	0	0	0	0	0	0	0	0	0	0	0	0	0	0	0	0	0	0	0	1	0	0	0	0	0	0	0	0	0	0	0	0	0	0	0	0	0	0	0	0	0	0	0	0	0	0	0	0	0	0	0	0	0	87	2	0	0
OTU2684	0	0	0	0	0	0	0	0	0	0	0	0	0	0	0	0	0	0	0	0	0	1	0	0	0	0	0	0	0	0	0	0	0	0	0	0	0	0	0	0	0	0	0	0	0	0	0	0	0	0	0	0	0	0	0	0	0	0	0	0	0	0	0	0	0	0	0	0	0	0	0	0	0	0	0	0	0	0	0	0	0	0	0	0	0	0	0	0	0	0	0	0	0	0	0	0	0	0	0	75	0	0
OTU2685	0	0	0	0	0	0	0	0	0	0	0	0	0	0	0	0	0	0	0	0	0	0	0	0	0	0	0	0	0	0	0	0	0	0	0	0	0	0	0	0	0	0	0	0	0	0	0	0	0	0	0	0	0	0	0	0	0	0	0	0	0	0	0	0	0	0	0	0	0	0	0	0	0	0	0	0	0	0	0	0	0	0	0	0	0	0	0	0	0	0	0	0	0	0	0	0	0	0	0	34	37	0
OTU2686	0	0	0	0	0	0	0	0	0	0	0	0	0	0	0	0	0	0	0	0	0	0	0	0	0	0	0	0	0	0	0	0	0	0	0	0	0	0	0	0	0	0	0	0	0	0	0	0	0	0	0	0	0	0	0	0	0	0	0	0	0	0	0	0	0	0	0	0	0	0	0	0	0	0	0	0	0	0	0	0	0	0	0	0	0	0	0	0	0	0	0	0	0	0	0	0	0	0	0	0	0	86
OTU2687	0	2	0	0	0	1	0	0	0	0	0	0	0	0	0	0	0	0	0	0	0	0	0	0	0	0	4	3	1	0	1	0	0	0	0	0	15	1	9	0	1	1	0	0	3	3	0	0	0	1	0	3	1	4	3	0	0	1	0	0	0	0	0	0	0	0	1	0	0	0	0	3	2	1	0	13	5	3	2	8	1	4	0	2	1	0	16	1	3	4	0	0	0	2	1	0	0	0	0	0	0	0
OTU2688	0	3	0	0	0	0	0	0	0	15	0	2	0	0	0	0	0	0	0	0	0	0	0	0	0	0	5	3	0	0	8	0	1	0	0	0	0	0	1	0	0	0	1	2	6	0	1	0	2	6	3	10	4	5	0	3	0	3	0	0	0	0	0	1	0	0	0	0	0	0	2	0	0	1	2	3	0	0	9	15	1	3	3	0	0	14	0	0	7	0	2	8	0	4	1	1	0	0	0	0	0	0
OTU2689	0	0	0	0	0	0	0	0	0	0	0	0	0	0	0	0	0	2	0	0	0	0	0	0	0	0	0	4	0	16	0	0	0	0	0	0	4	9	6	0	20	0	0	0	1	0	0	0	0	0	1	0	0	1	0	0	24	0	0	0	0	0	0	0	0	0	0	0	0	2	6	0	0	0	0	0	6	0	0	2	0	2	0	0	1	0	0	0	0	0	0	0	0	4	0	0	0	0	0	0	0	0
OTU269	0	1	4	0	0	1	0	0	1	0	1	5	0	2	2	0	0	0	3	0	0	0	0	0	1	2	138	341	861	155	217	0	3	0	9	0	70	126	118	1	253	112	226	27	54	72	66	8	34	131	58	121	110	52	53	24	247	15	16	0	0	0	0	3	1	26	12	9	29	78	142	60	11	92	199	126	173	48	60	172	102	105	92	118	124	72	59	352	312	83	124	82	63	51	41	72	77	0	1	0	1	4
OTU2690	0	0	0	0	0	0	0	0	0	0	0	0	0	0	0	0	0	0	0	0	0	0	0	0	0	0	47	7	0	0	0	0	0	0	0	0	1	0	0	0	3	0	0	13	3	0	0	0	0	0	0	0	0	0	0	14	0	10	1	0	0	0	0	0	0	0	0	0	0	0	0	0	0	0	0	0	0	0	0	0	0	2	0	0	0	0	0	0	0	0	0	0	0	0	44	1	1	0	0	0	0	0
OTU2691	0	0	0	0	0	0	0	0	6	0	0	5	0	2	0	0	0	0	3	0	1	0	5	0	0	0	7	21	1	2	15	0	1	0	0	0	0	4	1	0	0	3	1	4	0	2	0	1	2	3	0	2	0	1	4	6	5	1	2	0	2	0	0	0	0	0	1	0	0	8	3	6	7	1	50	0	1	1	1	0	7	0	7	1	7	12	9	4	5	0	0	6	1	6	2	13	12	0	0	0	0	0
OTU2692	0	0	0	0	0	0	0	0	0	0	0	0	0	0	0	0	0	0	0	0	1	0	0	0	0	0	16	5	6	3	0	0	0	0	0	0	0	0	1	0	0	0	0	0	0	1	9	0	2	15	0	3	0	0	0	1	0	0	0	0	0	0	0	0	1	0	0	29	3	0	10	0	0	0	0	0	0	0	0	0	0	0	0	12	1	3	0	4	0	0	0	0	0	0	0	0	0	0	0	0	0	0
OTU2693	0	1	0	0	0	0	0	0	2	0	4	0	0	0	0	0	0	0	0	0	0	0	2	0	0	0	2	8	0	0	0	0	0	3	0	0	0	5	0	2	3	1	0	14	6	9	2	0	14	0	0	4	0	3	0	8	13	2	4	0	0	0	0	0	0	3	6	0	0	1	0	0	2	3	3	2	82	1	0	0	0	0	2	1	0	0	3	0	0	0	0	73	3	2	3	9	3	0	0	1	4	3
OTU2694	0	0	0	0	0	0	0	0	0	0	0	0	0	0	0	0	0	0	0	0	0	0	0	0	0	0	9	39	1	0	21	0	0	0	1	0	5	0	0	0	10	0	2	0	0	1	0	0	0	5	0	2	1	2	0	1	51	25	0	0	0	0	0	0	0	0	0	0	7	0	9	3	2	0	0	9	4	0	0	0	1	0	3	5	3	0	8	0	15	5	0	3	0	1	0	16	0	0	0	0	0	0
OTU2695	0	0	0	0	0	0	0	0	0	0	0	0	0	0	0	0	0	0	0	0	0	0	0	0	0	0	1	11	0	0	0	0	0	0	0	0	1	1	2	0	2	0	13	0	0	0	0	0	0	1	0	13	0	0	0	7	10	0	0	0	0	0	0	0	0	0	0	0	0	0	0	0	0	0	10	0	0	2	0	28	2	0	0	3	0	1	0	0	0	4	0	0	0	0	0	4	0	0	0	0	0	0
OTU2696	0	0	0	0	0	0	0	0	0	0	1	0	0	0	1	0	0	0	0	0	0	0	0	0	0	0	4	6	0	5	6	0	0	0	0	0	3	0	0	0	35	0	8	0	0	3	14	0	0	15	0	0	0	1	0	0	2	1	0	0	0	0	0	0	0	0	0	0	0	0	8	0	0	0	0	0	1	0	0	0	0	6	8	0	0	0	1	0	0	0	0	0	0	0	0	0	0	0	0	0	0	0
OTU2697	0	0	0	0	0	0	0	0	0	0	0	0	0	0	0	0	0	0	0	0	0	0	0	0	0	2	5	7	3	1	6	0	0	0	1	0	0	0	27	0	2	4	9	0	0	0	0	2	5	0	0	7	1	4	0	3	16	5	5	0	0	0	0	0	0	0	0	0	0	2	23	26	1	7	1	0	42	2	8	14	0	2	2	2	3	0	2	16	8	10	0	3	7	1	0	0	2	1	0	0	0	0
OTU2698	0	0	0	0	0	0	0	0	0	0	0	0	0	0	0	0	0	0	0	0	0	0	0	0	0	0	0	0	0	7	0	0	0	0	0	0	0	0	7	0	23	7	0	0	0	0	0	0	14	0	3	1	0	0	0	0	0	0	0	2	0	0	0	0	8	10	0	0	0	7	11	0	0	0	0	0	4	9	0	0	0	0	0	0	0	1	0	5	0	0	0	0	0	0	1	0	0	0	0	0	0	0
OTU2699	0	0	0	0	0	0	0	0	0	0	0	0	0	0	0	0	0	0	0	0	0	0	0	0	1	0	0	5	0	0	4	0	0	0	0	0	0	1	6	0	33	1	6	0	0	8	4	0	0	2	1	1	0	0	1	0	2	2	0	0	0	0	0	0	0	0	0	0	0	1	45	0	7	2	10	0	0	11	0	0	3	0	0	1	0	0	0	3	3	0	1	0	0	0	0	1	0	0	7	0	0	0
OTU27	0	18	1	6	3	3	22	26	17	5	11	25	0	18	6	3	9	1	18	1	16	7	9	9	16	7	757	630	66	254	1185	31	61	18	39	22	222	112	1150	9	1272	430	338	980	880	740	244	580	210	170	40	295	201	207	432	992	336	666	1423	16	16	5	6	33	191	278	149	843	120	2281	392	80	165	142	565	807	168	1012	443	138	679	352	446	234	226	366	177	305	881	245	128	355	1471	928	1901	2687	752	285	163	289	612	413
OTU270	0	0	6	0	0	1	2	6	0	0	1	0	0	0	0	0	0	1	0	0	11	6	11	2	5	3	26	74	114	38	19	6	14	2	3	3	135	303	92	0	212	28	85	177	34	49	36	32	17	61	5	42	39	8	17	16	82	11	18	0	1	8	1	0	29	38	85	22	57	16	62	40	27	21	19	119	80	58	79	101	82	25	31	245	16	21	111	53	107	11	21	23	45	19	16	511	31	191	93	132	351	64
OTU2700	0	0	0	0	0	0	0	0	0	0	0	0	0	1	0	0	0	0	0	0	0	0	0	0	0	0	0	3	2	0	5	0	0	0	0	0	0	0	0	2	0	0	0	0	0	10	2	0	7	0	0	0	0	0	6	0	0	0	0	0	0	0	0	0	0	0	0	0	3	0	0	3	0	0	1	0	3	0	6	0	4	6	0	0	3	1	0	9	2	0	3	2	0	1	0	1	0	0	0	0	0	0
OTU2701	0	0	0	0	0	0	0	0	0	0	0	2	0	0	0	0	0	0	0	0	0	0	0	0	0	0	5	0	0	0	3	0	0	0	0	1	0	0	0	0	0	2	0	0	0	1	0	0	2	0	0	0	13	3	0	0	0	3	0	1	0	0	0	0	13	10	0	15	0	3	0	2	1	0	8	0	0	0	7	2	1	0	0	4	1	0	0	0	0	3	0	0	1	0	9	9	1	0	4	0	0	0
OTU2702	0	0	0	0	0	0	0	0	0	0	0	0	0	0	0	0	0	0	0	0	0	0	0	0	0	0	0	0	0	0	0	0	0	0	1	0	0	0	0	0	2	0	1	0	0	0	0	0	0	0	0	4	0	2	4	1	0	0	0	0	0	0	0	0	14	3	0	3	5	0	0	0	0	0	0	0	0	0	0	0	16	0	0	0	0	2	0	0	1	0	0	1	0	0	3	12	0	0	24	0	23	15
OTU2703	0	1	1	0	0	0	0	1	0	0	0	0	0	2	0	0	0	0	0	0	0	0	0	0	0	0	0	1	0	1	0	0	0	0	1	3	0	0	4	0	4	0	2	0	0	1	7	5	6	2	0	1	2	0	1	0	1	1	3	0	0	0	0	0	2	4	15	9	13	3	4	1	7	3	0	1	5	1	11	0	7	5	15	0	3	2	0	12	0	0	2	3	3	5	2	0	4	0	2	6	2	8
OTU2704	0	0	0	0	0	0	0	0	0	0	0	0	0	1	0	0	0	0	0	0	0	0	0	0	0	0	17	0	0	0	0	0	2	0	0	0	8	0	0	0	3	0	0	3	0	0	0	0	0	3	4	0	0	4	0	0	3	0	2	0	0	0	0	0	0	0	0	0	0	0	22	0	0	0	10	7	16	0	0	5	2	1	0	0	1	1	2	5	12	0	4	0	0	0	0	1	0	0	0	0	0	0
OTU2705	0	0	0	0	0	0	0	0	0	0	0	0	0	0	0	0	0	0	0	0	0	0	0	0	0	0	0	11	3	1	1	0	0	0	0	0	3	0	14	0	0	0	0	0	0	0	0	0	0	0	0	0	14	0	0	3	0	0	1	0	0	0	0	0	0	0	0	0	0	2	0	1	0	0	0	1	0	0	1	0	0	0	0	0	0	0	0	43	0	0	3	0	0	2	0	0	0	0	0	0	0	0
OTU2706	0	0	0	0	0	0	0	1	0	0	0	0	0	1	0	0	0	0	2	0	0	4	0	0	0	3	10	0	0	9	2	3	1	2	6	0	86	8	0	0	2	2	0	0	0	0	0	1	0	2	0	0	3	0	13	10	10	9	11	0	0	1	2	1	244	126	199	242	279	1	10	1	0	1	0	13	75	14	0	0	2	0	7	0	1	0	86	0	19	0	1	0	3	0	0	0	1	1	2	1	10	0
OTU2707	0	0	0	0	0	0	0	0	0	0	0	0	0	0	0	0	0	0	0	0	0	0	0	0	0	0	0	0	0	0	0	0	0	0	0	0	19	0	1	0	0	0	0	0	0	0	0	0	0	0	0	0	0	1	0	0	0	0	0	0	0	0	0	0	0	0	0	0	0	0	0	0	0	0	2	8	39	30	0	0	0	1	1	3	0	0	0	4	0	0	0	0	0	0	0	0	0	0	0	0	0	0
OTU2708	0	0	0	0	0	0	0	0	0	0	0	0	0	0	0	0	0	0	0	0	0	0	0	0	0	0	0	8	0	0	2	0	0	0	0	0	0	0	0	0	0	10	0	0	0	0	0	0	0	0	0	1	1	3	0	0	1	0	0	0	0	0	0	1	0	0	0	0	0	0	0	0	0	8	22	0	0	0	0	0	15	3	1	0	0	9	0	0	0	0	5	0	0	2	0	0	0	0	0	0	0	0
OTU2709	0	0	0	0	0	0	0	0	0	0	0	1	0	0	0	0	0	0	4	0	0	0	0	0	0	0	0	0	0	4	0	0	0	0	0	1	0	0	0	0	0	3	0	0	2	2	0	2	0	0	0	0	0	1	1	0	2	6	1	0	0	0	0	2	0	1	5	0	1	0	0	0	0	1	0	0	0	0	0	0	0	1	0	3	1	0	0	0	0	0	0	0	1	0	1	0	5	0	4	0	8	18
OTU271	0	1	0	0	0	0	0	1	1	3	3	2	0	0	0	0	0	0	0	0	0	0	0	0	0	0	156	2139	1	0	0	0	3	0	0	0	4	1	1	0	5	3	0	0	2	2	0	1	0	0	0	5	0	3	2	826	1	4	3	0	0	0	0	0	0	15	0	0	0	1	0	1	2	0	0	6	17	8	2	4	5	3	5	0	0	6	2	0	3	2	0	1	27	8	30	21	3	0	3	0	2	0
OTU2710	0	0	0	0	0	0	0	0	0	0	0	0	0	0	0	0	0	0	0	0	0	0	0	0	0	0	0	1	0	4	0	0	0	0	0	0	0	0	0	0	9	6	0	0	3	0	2	6	5	5	0	0	2	6	0	0	0	5	4	0	0	0	0	1	0	7	0	0	0	0	0	0	0	2	0	0	0	0	8	0	5	2	22	1	1	4	0	0	0	2	7	3	2	8	0	1	0	0	15	9	2	0
OTU2711	0	0	0	1	0	0	0	0	0	0	0	0	0	0	0	0	0	0	0	0	0	0	0	0	0	0	0	0	0	6	0	0	0	0	0	1	0	0	0	0	0	0	2	9	1	1	4	0	0	0	0	1	0	0	0	0	0	3	1	0	0	0	1	0	34	14	0	0	16	0	0	0	2	2	1	1	0	0	0	0	0	0	0	0	4	1	1	0	0	0	3	0	0	0	3	3	0	0	0	0	2	0
OTU2712	0	0	0	0	0	0	0	0	0	0	0	0	0	0	0	0	0	0	0	0	0	0	0	0	0	0	0	0	0	0	0	4	0	0	0	0	0	0	0	1	0	0	0	79	0	0	0	0	0	0	0	0	0	1	7	10	10	0	0	0	0	0	0	0	0	0	2	0	0	0	0	0	0	0	0	0	0	0	0	0	0	0	0	0	0	0	0	0	0	0	0	0	0	0	0	0	0	0	0	0	0	0
OTU2713	0	2	0	0	0	0	0	0	0	0	0	0	0	0	0	0	0	0	0	0	0	0	0	0	0	0	0	0	0	2	0	0	0	0	0	0	0	0	0	0	0	0	0	18	0	4	0	0	0	0	0	12	0	0	0	2	12	0	0	0	0	2	0	0	0	0	0	0	0	0	0	0	0	0	0	0	1	1	0	0	0	0	10	4	1	1	0	0	0	0	0	0	0	4	5	4	0	0	0	0	0	0
OTU2714	0	1	1	0	0	0	0	0	0	0	0	0	0	0	0	0	0	0	0	0	0	0	0	0	0	0	0	1	0	1	0	0	0	0	3	8	0	0	0	0	3	5	3	5	1	23	9	72	0	0	0	0	0	0	14	4	7	1	23	3	0	0	0	0	2	0	0	0	0	0	0	2	0	1	13	0	2	4	1	0	5	26	0	0	0	26	0	1	0	0	0	0	4	1	6	2	1	0	0	0	2	0
OTU2715	0	0	0	0	0	0	0	0	0	0	0	0	0	4	0	0	0	0	0	0	0	0	0	0	0	0	0	0	0	0	0	0	0	3	0	0	2	1	0	0	0	0	0	4	6	4	0	14	3	0	0	6	3	4	1	1	9	2	0	0	0	0	0	0	0	0	0	0	0	0	0	0	0	0	0	2	0	0	0	0	0	7	11	0	0	1	0	0	0	0	0	0	10	0	12	7	22	0	0	0	0	0
OTU2716	0	0	0	0	0	0	0	1	0	0	0	0	0	0	0	0	0	0	0	0	0	0	0	0	0	3	0	0	6	2	1	0	0	0	0	0	0	1	0	0	1	3	0	0	11	28	4	0	0	0	0	4	0	0	1	4	11	0	1	0	1	2	0	0	26	13	51	0	23	0	0	0	0	0	0	1	37	1	5	21	0	6	4	16	3	10	0	0	0	0	0	0	24	14	2	9	4	5	0	0	0	0
OTU2717	0	0	0	0	0	0	0	0	0	0	0	0	0	0	0	0	0	0	0	0	0	0	0	0	0	0	0	0	0	0	0	0	0	0	0	0	0	0	0	0	0	0	0	0	0	0	0	1	0	0	0	0	0	2	9	6	0	5	0	0	0	0	0	0	0	0	0	0	0	0	0	0	0	3	0	0	0	0	2	0	0	0	0	0	0	0	0	0	1	0	0	0	0	5	1	5	0	0	0	30	0	0
OTU2718	0	0	0	0	0	0	0	0	0	0	0	0	0	0	0	0	0	0	0	0	0	0	0	0	0	0	0	0	0	0	0	0	0	0	0	0	0	0	0	0	0	0	0	1	0	0	0	0	0	0	0	34	0	1	0	0	0	0	0	0	0	0	0	0	0	0	0	0	0	0	0	0	0	0	0	0	0	0	0	0	0	1	0	0	0	0	0	0	0	17	0	0	0	2	0	0	0	0	0	0	0	0
OTU2719	0	0	0	0	0	0	0	0	0	0	0	0	0	0	0	0	0	0	0	0	0	0	0	0	0	0	0	0	0	0	0	0	0	0	0	0	0	0	0	0	0	0	0	0	0	0	0	0	0	0	0	0	0	0	0	2	0	0	0	0	0	0	0	0	0	32	35	0	0	0	0	0	0	0	0	0	0	0	0	0	0	0	0	0	0	0	0	0	0	0	0	0	0	0	0	0	0	0	0	0	0	0
OTU272	0	0	0	0	0	0	3	0	379	0	86	167	0	304	0	0	1151	879	0	832	317	3	1	1	2	0	0	0	2	0	0	1203	0	0	2	106	0	0	1	10	0	1	5	23	0	1	6	3	2	1	0	199	0	6	5	2	4	4	16	61	1	0	0	9	3	1	8	0	2	2	19	25	2	11	6	6	0	2	2	5	4	2	5	0	2	1	2	1	3	2	7	8	11	14	2	8	6	2	22	7	9	27
OTU2720	0	0	0	0	0	0	0	2	0	0	0	0	0	0	0	0	0	0	0	0	0	0	0	0	0	0	0	0	0	0	0	0	0	0	0	0	0	0	0	0	0	3	0	0	1	0	0	0	0	0	0	0	0	0	2	0	5	0	1	0	1	0	0	0	71	29	50	0	28	0	0	0	0	0	0	0	0	0	0	0	0	0	0	0	0	0	0	0	0	0	0	0	0	0	0	0	0	0	0	0	0	0
OTU2721	0	0	0	1	0	0	0	0	0	0	0	0	0	0	0	1	0	0	0	0	0	0	0	0	0	0	0	0	0	0	0	0	0	0	0	0	0	0	0	0	0	1	0	0	0	0	0	0	0	1	0	0	0	0	0	1	19	0	0	0	1	0	0	0	0	0	0	0	0	0	0	0	0	0	0	0	59	0	0	0	4	0	0	0	0	0	0	18	0	17	0	0	0	0	0	0	0	0	0	0	0	0
OTU2722	0	0	0	0	0	0	0	0	0	0	0	0	0	0	0	0	0	0	0	0	0	2	0	0	0	0	0	0	0	0	0	0	0	0	0	0	0	0	0	0	0	0	0	0	0	0	0	0	0	0	0	0	0	0	0	0	0	1	0	0	0	0	0	0	0	0	0	65	15	0	0	0	0	0	0	0	0	0	0	0	0	0	0	0	0	0	0	0	0	0	0	0	0	0	0	0	0	0	0	0	0	0
OTU2723	0	0	0	0	0	0	0	0	0	0	0	0	0	0	0	0	0	0	0	0	0	0	0	0	0	0	0	0	0	0	0	0	0	0	0	0	0	0	0	0	0	0	0	0	0	0	0	0	0	0	0	0	0	0	0	0	0	0	0	0	1	0	0	0	30	0	0	25	31	0	0	0	0	0	0	0	0	0	0	0	0	0	0	0	0	0	0	0	0	0	0	0	0	0	0	0	0	0	0	0	0	0
OTU2724	0	0	0	0	0	0	0	0	0	0	0	0	0	0	0	0	0	0	0	0	0	0	0	0	0	0	0	0	0	0	0	0	0	0	0	0	0	0	0	0	0	0	0	0	0	0	0	0	0	0	0	0	0	0	3	0	0	0	0	0	0	0	0	0	69	2	0	0	0	0	0	0	0	0	0	0	0	0	0	0	0	0	0	0	0	0	0	0	0	0	0	0	0	0	0	0	0	0	0	0	0	0
OTU2725	0	0	0	0	0	0	0	0	0	0	0	0	0	0	0	0	0	0	0	0	0	0	0	0	0	0	0	0	0	0	0	0	0	0	0	0	0	0	0	0	0	0	0	0	0	0	0	0	0	0	0	0	0	0	0	0	0	0	0	0	0	0	0	0	63	0	0	11	0	0	0	0	0	0	0	0	0	0	0	0	0	0	0	0	0	0	0	0	0	0	0	0	0	0	0	0	0	0	0	0	0	0
OTU2726	0	0	0	0	0	0	0	0	0	0	0	0	0	0	0	0	0	0	0	0	0	0	0	0	0	0	0	0	0	0	0	0	0	0	0	0	0	0	0	0	0	0	0	0	0	0	0	0	0	0	0	0	0	0	0	0	0	0	0	0	0	0	0	0	12	22	6	9	0	0	0	0	0	0	0	0	0	0	0	0	0	0	0	0	0	0	0	0	0	0	0	0	0	0	0	0	0	0	14	0	9	1
OTU2727	0	0	0	0	0	0	0	0	0	0	0	0	0	0	0	0	0	0	0	0	0	0	0	0	0	0	0	0	0	0	0	0	0	0	1	0	0	0	0	0	0	0	0	0	0	0	0	0	0	0	0	0	0	0	0	0	0	0	0	0	0	0	0	0	0	1	0	0	111	0	0	0	0	0	0	0	0	0	0	0	0	0	0	0	0	0	0	0	0	0	0	0	0	0	0	0	0	0	0	0	0	0
OTU2728	0	0	0	0	0	0	0	0	0	0	0	0	0	0	0	0	0	0	0	0	0	0	0	0	0	0	0	0	0	0	0	0	0	0	0	0	0	0	0	0	0	0	0	0	0	0	0	0	0	0	0	0	0	0	0	0	0	0	0	0	0	0	0	0	0	0	0	5	0	0	0	0	0	0	0	0	0	0	0	0	0	0	0	0	0	0	0	0	0	0	0	0	0	0	0	0	0	0	0	0	0	54
OTU2729	0	0	0	0	0	0	0	0	0	0	0	0	0	0	0	0	0	0	0	1	1	1	0	0	0	0	0	0	0	0	0	0	0	0	1	0	0	0	0	0	0	0	0	0	0	0	0	0	0	0	0	1	0	0	0	0	0	0	0	0	0	0	0	0	0	0	0	0	0	0	0	0	0	0	0	0	0	0	0	0	0	0	27	0	0	8	0	0	0	0	0	0	0	0	0	1	0	0	0	0	71	0
OTU273	0	0	0	0	0	2	4	3	0	0	1	4	0	1	1	0	0	2	2	0	3	0	0	0	2	0	18	18	30	16	6	1	12	2	0	1	26	25	35	3	68	60	66	114	77	281	19	3	4	10	10	17	16	9	201	92	129	71	56	2	0	3	0	4	132	97	171	131	112	27	38	13	8	6	12	20	39	15	15	9	10	188	12	5	3	9	53	49	23	20	20	8	133	42	86	168	137	16	5	7	30	12
OTU2730	0	0	0	0	0	0	0	0	0	0	0	0	0	0	0	0	0	0	0	0	0	0	0	3	0	0	2	3	0	2	0	0	0	0	0	0	0	0	8	0	0	0	0	0	0	0	0	2	14	0	0	6	0	0	0	1	0	0	0	0	0	0	0	0	0	0	2	0	1	0	5	0	0	0	0	1	0	0	0	0	0	1	1	1	2	0	0	0	4	3	0	0	0	1	0	2	2	0	28	31	0	57
OTU2731	0	0	0	0	0	0	0	0	0	0	0	0	0	0	0	0	0	0	0	0	0	0	0	0	0	0	0	0	0	0	0	0	0	0	0	0	0	0	0	0	0	0	0	0	0	0	0	0	0	0	0	0	0	0	0	0	0	0	0	0	0	0	0	0	0	0	0	0	0	0	0	0	0	0	0	0	0	0	0	0	0	0	0	0	0	0	0	0	0	0	0	0	0	0	0	2	0	0	0	0	46	0
OTU2732	0	0	0	0	0	0	0	4	0	0	0	0	0	0	0	0	0	0	0	0	0	0	0	0	0	0	0	0	0	0	0	1	0	0	0	0	0	0	0	0	0	0	0	0	0	0	0	0	0	0	0	0	0	0	0	0	0	0	0	0	0	0	0	0	1	0	0	2	2	0	0	0	0	0	0	0	0	0	0	0	0	0	0	0	0	0	0	0	0	0	0	0	0	1	0	0	0	42	65	2	8	0
OTU2733	0	0	0	0	0	0	0	0	0	0	2	0	0	0	0	0	0	0	0	0	2	0	0	0	0	0	0	0	0	0	0	0	1	0	0	2	0	1	0	0	0	0	0	0	0	0	0	0	0	0	0	0	1	0	0	0	0	0	0	0	0	0	0	0	0	0	0	1	0	0	0	0	0	0	0	0	0	0	0	0	0	0	0	0	0	0	0	0	0	0	0	0	0	6	0	2	0	15	207	0	53	0
OTU2734	0	0	0	0	0	0	0	0	0	0	0	0	0	0	0	0	0	0	0	0	0	0	0	0	0	0	0	0	0	0	0	0	0	0	0	0	0	0	0	0	0	0	0	0	0	0	0	0	0	0	0	0	0	0	0	0	0	0	0	0	0	0	0	0	0	0	0	0	0	0	0	0	0	0	0	0	0	0	0	0	0	0	0	0	0	0	0	0	0	0	0	0	0	0	0	0	0	0	0	53	0	0
OTU2735	0	0	0	0	0	0	0	0	0	0	0	0	0	0	0	0	0	0	0	0	0	0	0	0	0	0	0	0	0	0	0	0	0	0	0	0	0	0	0	0	0	0	0	0	0	0	0	0	0	0	0	0	0	0	0	0	0	0	0	0	0	0	0	0	0	0	0	0	0	0	0	0	0	0	0	0	0	0	0	0	0	0	0	0	0	0	0	0	0	0	0	0	0	0	1	0	0	0	0	132	0	0
OTU2736	0	0	0	0	0	0	0	0	0	0	0	0	0	0	0	0	0	0	0	0	0	0	0	0	0	0	0	0	0	0	0	0	0	0	0	0	0	0	0	0	0	0	0	0	0	0	0	0	0	0	0	0	0	0	0	0	0	0	0	0	0	0	0	0	0	0	0	0	0	0	0	0	0	0	0	0	0	0	0	0	0	0	0	0	0	0	0	0	0	0	0	0	0	0	0	0	0	0	1	66	0	0
OTU2737	0	0	0	0	0	0	0	0	0	0	0	0	0	0	0	0	0	0	0	0	0	0	0	0	0	0	0	0	0	0	0	0	0	0	0	0	0	0	0	0	0	0	0	0	0	0	0	0	0	0	0	0	0	0	0	0	0	0	0	0	0	0	0	0	0	0	0	0	0	0	0	0	0	0	0	0	0	0	0	0	0	0	0	0	0	0	0	0	0	0	0	0	0	0	1	0	0	0	0	60	0	0
OTU2738	0	0	0	0	0	0	0	0	0	0	0	0	0	0	0	0	0	0	0	0	0	0	0	0	0	0	0	0	0	0	0	0	0	0	0	0	0	0	0	0	0	0	0	0	0	0	0	0	0	0	0	0	0	0	0	0	0	0	0	0	0	0	0	0	0	0	0	0	0	0	0	0	0	0	0	0	0	0	0	0	0	0	0	0	0	0	0	0	0	0	0	0	0	0	0	0	0	0	0	38	0	0
OTU2739	0	0	0	0	0	0	0	0	0	0	0	0	0	0	0	0	0	0	0	0	0	0	0	0	0	0	0	0	0	0	0	0	0	0	0	0	0	0	0	0	0	0	0	0	0	0	0	0	0	0	0	0	0	0	0	0	0	0	0	0	0	0	0	0	0	0	0	0	0	0	0	0	0	0	0	0	0	0	0	0	0	0	0	0	0	0	0	0	0	0	0	0	0	0	0	0	0	0	0	59	0	0
OTU274	0	12	3	0	0	2	0	5	3	0	2	5	0	2	1	0	1	0	0	0	0	6	0	8	3	2	8	207	7	164	14	0	1	0	0	1	7	13	484	0	11	9	10	9	5	15	9	5	1003	111	1000	108	249	862	94	20	30	30	26	0	2	1	1	2	0	3	5	14	30	0	17	8	165	836	112	22	9	12	48	24	28	37	18	19	7	11	22	39	6	137	105	23	41	187	32	31	43	95	32	142	57	44
OTU2740	0	0	0	0	0	0	0	0	0	0	0	1	0	0	0	0	0	0	0	0	0	0	0	0	0	0	0	0	0	0	0	0	0	0	0	0	0	0	0	0	0	0	0	0	0	0	0	0	0	0	0	0	0	0	0	0	0	0	0	0	0	0	0	0	0	1	0	0	0	0	0	0	0	0	0	0	0	0	0	0	0	0	1	0	0	0	0	0	0	0	0	0	0	0	0	3	0	0	0	1	67	0
OTU2741	0	0	0	0	0	0	0	0	0	0	0	0	0	0	0	0	0	0	0	0	0	0	0	0	0	0	0	0	0	0	0	0	0	0	0	0	0	0	0	0	0	0	0	0	0	0	0	0	0	0	0	0	0	0	0	0	0	0	0	0	0	0	0	0	0	0	0	0	0	0	0	0	0	0	0	0	0	0	0	0	0	0	0	0	0	0	0	0	0	0	0	0	0	0	0	0	0	0	0	0	68	0
OTU2742	0	0	0	0	0	0	0	0	0	0	0	0	0	0	0	0	0	0	0	0	0	0	0	0	0	0	0	0	0	0	0	0	0	0	0	0	0	0	0	0	0	0	0	0	0	0	0	0	0	0	0	0	0	0	0	0	0	0	0	0	0	0	0	0	0	0	0	0	0	0	0	0	0	0	0	0	0	0	0	0	0	0	0	0	0	0	0	0	0	0	0	0	0	0	0	0	0	0	0	0	47	0
OTU2743	0	0	0	0	0	0	714	1	0	0	0	0	0	0	0	0	0	0	0	0	0	0	0	375	0	0	0	0	0	0	0	1	1	1012	0	0	0	0	9	0	0	0	0	0	0	15	0	0	0	0	0	0	0	0	0	0	0	0	0	3	0	0	1	5	1	0	6	18	0	0	0	0	0	0	0	0	0	0	0	0	8	0	0	0	0	0	0	0	0	0	3	0	0	0	0	0	0	4	4	2	7	0
OTU2744	0	0	0	0	0	0	2	0	0	0	0	0	0	0	0	0	0	0	0	0	0	0	0	0	2	0	0	0	0	1	1	0	0	0	0	0	0	0	0	0	1	0	0	0	0	0	0	0	0	0	0	0	0	0	0	0	0	1	1	0	0	0	0	0	3	3	0	0	67	0	0	0	2	0	0	1	0	0	0	0	0	0	0	0	0	0	0	0	0	0	5	0	0	0	0	0	0	0	0	0	0	2
OTU2745	0	0	0	0	0	0	0	0	0	0	0	0	0	0	0	1	0	0	0	0	0	0	0	0	0	0	0	0	0	0	0	0	0	0	0	0	0	0	1	0	3	0	0	0	0	0	0	0	2	0	0	0	0	0	0	0	124	0	0	0	0	0	0	0	0	0	2	0	0	0	0	0	0	0	0	0	0	0	0	0	0	0	0	0	0	0	0	0	3	0	0	1	25	1	0	0	0	1	0	0	0	0
OTU2746	0	0	0	0	0	0	0	0	0	0	0	0	0	0	0	0	0	0	0	0	1	0	0	0	0	0	1	0	0	13	1	0	0	0	0	0	3	0	0	0	9	5	16	5	2	3	0	5	4	0	0	5	0	1	3	2	2	1	8	0	0	0	0	0	2	11	0	0	2	0	0	0	5	0	0	0	0	0	0	1	3	2	11	1	0	3	0	0	3	3	1	0	13	1	9	1	9	0	1	0	7	3
OTU2747	0	0	0	0	0	0	0	0	0	0	0	0	0	0	0	0	0	0	0	0	0	2	0	0	0	0	0	0	0	0	0	0	0	0	0	0	26	15	0	0	3	1	0	0	0	0	0	0	0	0	1	0	4	0	0	0	0	0	0	0	0	0	0	0	0	0	0	0	0	0	0	0	0	0	0	0	0	0	0	0	0	0	0	1	0	1	2	0	0	0	0	0	0	0	0	1	1	0	0	0	0	0
OTU2748	0	0	0	0	0	0	0	0	0	0	0	0	0	0	0	0	0	0	0	0	0	0	0	1	1	0	0	0	0	0	0	0	0	0	1	0	0	0	0	0	0	0	0	0	0	0	0	0	0	0	0	0	0	0	2	0	0	0	0	0	0	0	0	0	26	0	30	10	0	0	0	0	0	0	0	0	0	0	0	0	0	0	0	0	0	0	0	0	0	0	0	0	0	0	0	0	0	0	0	2	0	0
OTU2749	0	0	0	0	0	0	0	1	0	0	0	0	0	0	0	0	0	0	0	0	0	0	0	1	1	0	0	0	3	4	0	1	0	0	2	0	2	5	3	0	0	0	0	0	0	0	0	0	0	0	0	0	0	0	2	2	0	3	0	0	1	0	0	0	130	53	0	20	8	0	0	0	0	0	5	0	3	2	0	0	0	0	0	0	0	0	0	5	2	0	0	0	0	0	3	9	1	0	0	0	18	12
OTU275	0	2	0	0	0	0	7	2	0	0	0	0	0	0	0	0	0	0	1	0	3	2	0	1	2	0	37	50	34	31	47	5	8	10	5	9	2	0	1	0	25	32	21	13	116	89	68	85	56	14	17	61	49	49	98	25	41	42	42	2	0	1	1	1	249	79	54	78	311	14	20	21	30	17	49	15	7	16	44	26	24	57	21	21	26	70	19	20	5	40	22	29	121	73	75	86	53	12	7	203	151	55
OTU2750	0	0	0	0	0	0	0	0	0	0	1	0	0	0	0	0	0	0	0	0	0	0	0	0	0	0	16	3	0	4	2	0	0	0	0	0	2	0	5	0	60	1	2	0	1	11	0	0	0	1	1	1	4	0	0	0	6	1	0	1	0	0	0	0	0	1	0	0	0	1	0	4	0	3	5	0	0	0	12	0	4	11	6	6	4	5	0	1	5	1	0	0	8	2	0	7	0	0	0	0	0	0
OTU2751	0	0	0	0	0	0	0	0	0	0	0	0	0	0	0	0	0	0	0	0	0	0	0	0	0	0	0	3	0	0	0	0	0	0	0	0	0	0	2	0	0	0	0	0	0	0	0	0	0	1	0	0	4	0	0	0	4	0	0	0	0	0	0	0	0	0	0	0	0	0	0	0	0	0	0	7	10	59	5	1	0	1	0	0	0	0	12	0	0	0	2	0	0	0	0	0	0	0	0	0	0	0
OTU2752	0	0	0	0	0	0	0	0	0	0	0	0	0	0	0	0	0	0	0	0	0	0	0	0	0	0	0	12	0	3	12	0	0	0	0	0	0	0	12	0	0	0	0	0	0	0	0	3	0	6	0	0	0	4	0	0	0	0	0	0	0	0	0	1	0	0	0	0	0	0	0	4	12	1	0	0	0	0	6	0	4	0	0	0	3	2	0	0	0	10	0	0	2	1	0	0	0	0	0	0	0	0
OTU2753	0	0	0	0	0	0	0	0	0	0	0	1	0	0	0	0	0	0	0	0	0	0	0	0	0	0	1	15	21	5	11	0	0	0	0	0	0	0	0	0	0	0	0	1	0	0	1	0	0	0	0	2	0	2	2	0	17	5	0	0	0	0	0	0	0	0	0	1	0	2	0	0	0	0	2	0	0	0	0	0	7	0	2	0	0	0	0	1	0	5	0	2	3	1	0	4	0	0	0	0	0	0
OTU2754	0	0	1	0	0	0	0	0	0	0	0	0	0	1	0	0	0	0	0	0	0	0	0	0	0	0	0	0	0	23	0	0	0	0	0	0	0	0	0	0	0	0	0	0	0	0	0	0	20	0	0	19	0	4	0	3	0	0	0	0	0	0	0	0	0	0	0	0	0	0	0	0	1	2	0	0	0	0	14	0	0	0	0	0	0	4	0	0	0	1	2	0	0	1	0	1	0	0	0	0	0	0
OTU2755	0	0	0	0	0	0	0	0	0	0	0	0	0	0	0	0	0	0	0	0	0	0	0	0	0	0	0	0	0	0	54	0	0	0	0	0	0	0	0	0	0	0	0	0	0	0	0	0	0	0	0	0	0	0	0	0	0	0	0	0	0	0	0	1	0	0	0	0	0	0	0	0	0	0	0	0	0	0	0	0	0	0	0	0	0	0	0	0	0	0	0	7	0	1	0	0	0	0	0	0	0	0
OTU2756	0	0	0	0	0	0	0	0	0	0	0	0	0	0	0	1	0	0	0	0	0	0	0	0	0	0	3	0	0	0	32	0	0	0	0	0	25	2	0	0	0	0	0	0	0	0	0	0	0	0	0	0	0	1	0	0	0	0	0	0	0	0	0	0	0	0	0	0	0	0	0	0	0	0	0	4	10	0	0	17	0	0	0	5	0	0	0	14	0	0	0	0	0	2	0	0	0	0	0	0	0	0
OTU2757	0	0	0	0	0	0	0	0	0	0	0	0	0	0	0	0	0	0	0	0	0	0	0	0	0	0	0	0	0	2	14	0	0	0	0	0	0	2	0	0	1	0	0	0	8	9	2	0	0	0	0	0	0	0	1	0	19	0	0	0	0	0	0	0	0	0	0	0	0	0	0	0	0	0	1	0	0	0	0	0	0	6	0	0	0	0	0	0	0	0	0	0	0	2	0	7	27	0	0	0	0	1
OTU2758	0	0	0	0	0	0	0	0	0	0	0	0	0	0	0	0	0	0	0	0	0	0	0	0	0	0	0	0	0	0	0	0	0	2	0	0	0	0	0	0	0	0	0	0	0	0	0	0	0	0	0	0	0	0	0	0	0	0	0	0	0	0	0	2	77	15	0	0	22	0	0	0	0	0	0	0	0	0	0	0	0	0	0	1	0	0	0	0	0	0	0	0	0	0	0	0	0	0	0	0	0	0
OTU2759	0	0	0	0	0	0	0	0	0	0	0	0	0	0	0	0	0	0	0	0	0	0	0	0	0	0	0	0	0	0	0	0	0	0	1	0	0	0	0	0	0	0	0	0	0	0	0	0	0	0	0	0	0	0	0	0	0	0	0	0	0	0	0	0	2	0	0	0	0	0	0	0	0	0	0	0	0	0	0	0	0	0	0	0	0	0	0	0	0	0	0	0	0	1	0	0	0	1	83	0	0	0
OTU276	0	1	0	0	0	0	1	0	1	0	0	1	0	5	0	0	0	0	0	0	0	0	0	0	0	0	4	1	1	2	5	0	4	0	55	0	0	7	3	2	1	1	1	1	216	7	9	4	6	3	0	6	2	17	6	6	5	4	8	0	0	0	0	0	0	0	0	0	2	0	20	6683	1	6	6	9	2	1	4	9	7	4	0	3	4	22	0	5	2	0	2	4	4	13	9	8	7	0	0	0	0	0
OTU2760	0	2	0	0	0	0	0	0	0	0	0	0	0	0	0	0	0	0	0	0	0	0	0	0	0	0	1	0	0	0	2	0	0	0	0	0	4	0	1	0	0	0	7	28	6	3	0	1	0	1	0	4	0	4	97	4	16	0	3	0	0	0	0	0	16	31	0	0	7	0	0	0	0	1	0	0	0	0	2	0	53	1	20	0	0	1	0	0	1	7	9	8	5	42	12	8	0	0	16	2	0	0
OTU2761	0	0	0	0	0	0	0	1	0	0	0	0	0	0	0	0	0	0	0	0	0	0	0	0	0	0	0	0	0	0	0	0	0	0	0	0	10	0	4	0	8	6	1	0	0	0	0	0	4	0	1	7	0	0	0	0	0	0	0	2	0	0	0	0	0	0	0	0	0	1	4	1	1	0	14	3	0	0	2	1	0	3	0	0	0	0	1	0	0	0	15	0	0	1	0	1	0	0	0	0	0	0
OTU2762	0	0	0	0	0	0	0	0	0	0	0	2	0	0	0	0	0	0	0	0	0	0	0	0	0	0	0	0	0	0	0	0	0	0	0	0	0	43	0	0	0	1	0	10	0	15	0	0	1	0	0	0	0	0	0	0	6	0	0	0	0	0	0	0	0	0	0	0	0	0	51	2	0	0	11	0	0	0	0	0	0	0	1	0	0	0	0	0	3	0	0	0	3	0	0	0	0	0	0	0	0	0
OTU2763	0	0	0	0	0	0	4	0	0	0	0	0	0	0	0	0	0	0	0	0	0	0	0	0	0	0	0	0	0	0	0	0	0	0	0	0	0	2	0	0	0	0	0	0	0	0	1	0	0	0	0	0	0	0	0	0	0	0	0	0	0	0	0	1	0	0	0	0	0	0	0	1	0	0	0	0	0	0	4	41	8	0	0	6	20	0	0	0	0	0	0	0	0	3	0	2	0	0	0	0	0	0
OTU2764	0	0	0	0	0	0	0	0	0	0	0	2	0	0	0	0	0	0	1	0	0	0	0	0	0	0	0	0	0	0	0	2	0	0	0	0	0	0	0	0	0	0	6	7	1	0	1	0	0	0	0	3	0	0	0	3	12	3	2	0	0	0	0	0	2	11	12	3	7	0	0	0	0	0	0	0	0	1	0	0	0	10	1	0	0	1	0	0	0	0	0	0	0	0	1	2	7	0	0	0	0	0
OTU2765	0	0	0	0	0	0	0	0	0	0	0	0	0	0	0	0	0	0	0	0	0	0	0	0	0	0	0	0	0	0	0	0	0	0	0	0	0	0	0	1	0	0	0	51	18	9	0	0	0	0	0	0	0	0	6	11	1	0	0	0	0	0	0	0	0	0	0	0	0	0	0	0	0	0	10	0	4	0	0	0	0	0	1	0	4	3	0	0	0	0	0	0	1	1	0	1	1	0	0	0	0	0
OTU2766	0	0	0	0	0	0	0	0	0	0	0	0	0	0	0	0	0	0	0	0	0	0	0	0	0	0	1	0	3	1	0	0	0	0	0	0	0	0	0	0	1	0	1	70	0	0	0	1	0	0	0	0	0	0	0	0	1	0	13	0	0	0	0	0	0	0	0	0	0	0	0	2	16	0	0	0	0	0	0	0	0	0	0	0	1	0	0	0	0	0	0	0	1	1	0	1	0	0	0	0	0	0
OTU2767	0	0	0	0	0	0	0	0	4	2	0	1	0	0	0	0	0	0	0	0	0	1	0	0	0	1	0	6	0	4	0	1	1	0	0	0	7	0	1	0	0	2	2	19	18	7	7	9	3	1	0	0	7	1	22	44	35	0	2	0	0	0	0	1	1	0	0	1	0	0	0	0	9	1	1	6	3	0	0	0	0	4	0	0	1	6	5	0	3	0	0	0	0	2	5	3	16	0	0	0	1	0
OTU2768	0	0	0	0	0	0	0	0	0	0	0	0	0	0	0	0	0	0	0	0	0	0	0	0	0	0	1	0	0	0	0	0	1	0	0	1	0	0	0	0	0	0	0	0	11	0	0	0	0	0	0	0	0	3	0	0	0	5	0	0	2	0	0	0	2	0	0	0	0	0	0	0	5	0	0	0	0	3	0	0	0	0	4	0	0	0	0	0	0	0	0	0	0	0	1	1	0	0	0	0	53	0
OTU2769	0	0	0	0	0	0	0	0	0	0	2	0	0	0	0	0	0	0	0	0	0	0	0	0	0	0	0	0	0	0	0	0	0	0	0	0	0	0	0	0	0	0	0	0	16	26	0	0	0	1	0	1	0	0	0	0	1	0	5	0	0	0	0	0	0	0	0	0	0	0	0	0	0	0	0	1	0	1	0	0	3	46	0	0	0	1	0	0	0	0	0	0	0	0	0	0	0	0	0	0	0	0
OTU277	2	10	6	0	0	3	5	1	0	0	3	3	0	4	0	0	0	0	3	0	14	1	0	5	22	0	6	124	0	33	1	0	1	0	8	6	2	0	310	0	135	152	531	1	16	24	13	28	148	452	31	55	63	27	19	0	6	3	108	4	0	0	2	0	1	4	3	0	2	0	0	187	35	30	5	6	0	84	470	5	112	65	17	11	36	17	10	107	3	2	52	38	36	10	68	30	25	4	7	10	25	149
OTU2770	0	0	0	0	0	0	0	0	0	0	0	0	0	0	0	0	0	0	0	0	0	0	0	0	0	0	2	0	0	0	0	0	0	0	0	0	0	0	0	0	0	0	0	0	0	2	0	0	0	0	0	0	0	0	1	2	0	0	0	0	0	0	0	0	0	0	0	0	0	0	0	0	0	0	0	0	0	0	0	62	0	0	0	0	0	0	0	0	0	0	0	0	0	0	0	0	0	0	0	0	0	0
OTU2771	0	0	0	0	0	0	0	0	0	0	0	0	0	0	0	0	0	0	0	0	0	0	0	0	0	0	1	0	0	1	0	0	0	0	0	0	0	0	0	0	0	0	0	0	2	0	0	0	12	0	0	0	0	3	0	11	0	1	0	0	0	0	0	0	53	1	7	0	0	0	0	0	0	0	0	0	0	0	0	0	0	0	0	0	0	0	0	0	0	0	0	0	0	3	0	0	0	0	0	0	0	0
OTU2772	0	0	0	0	0	0	0	0	0	0	0	0	0	0	0	0	0	0	0	0	0	0	0	0	0	0	0	0	0	0	0	0	1	0	0	0	0	0	0	0	0	0	0	2	0	1	0	0	6	1	0	23	2	1	0	4	0	5	2	0	0	0	0	0	0	0	0	0	0	0	0	0	5	0	0	0	0	1	1	0	3	0	7	0	9	0	0	0	0	3	16	4	0	2	1	2	0	0	0	0	0	0
OTU2773	0	0	0	0	0	0	0	0	0	0	0	0	0	0	0	0	0	0	0	0	0	0	0	0	0	0	0	0	0	0	0	0	0	0	0	0	5	5	0	0	0	1	0	0	0	0	0	0	0	1	1	0	0	0	0	0	0	0	0	0	0	0	0	0	0	0	0	0	0	0	1	1	0	0	0	1	3	29	0	0	0	0	0	1	0	0	32	0	6	0	0	0	0	0	0	0	1	0	0	0	0	0
OTU2774	0	0	0	2	0	0	0	0	0	0	0	0	0	0	0	0	0	0	0	0	0	0	0	0	0	0	3	0	0	3	0	0	0	0	0	0	2	0	0	0	0	1	0	0	0	0	0	0	0	3	1	5	4	2	1	0	1	0	0	0	0	0	0	0	0	0	0	0	0	4	21	10	0	7	0	1	0	0	0	13	0	0	0	2	0	0	1	0	4	6	8	0	2	0	0	0	0	0	0	0	0	0
OTU2775	0	1	0	0	0	0	0	0	3	0	0	0	0	0	0	0	1	0	1	0	0	0	0	0	0	0	0	13	0	0	0	0	0	0	0	0	0	3	1	1	1	1	1	0	1	9	6	2	9	3	0	41	3	3	11	15	0	4	17	0	0	0	0	0	0	0	1	0	0	1	0	0	9	0	0	0	2	0	1	4	16	14	0	9	13	6	1	2	3	30	6	274	2	0	1	5	0	0	44	0	21	0
OTU2776	0	0	0	0	0	0	0	0	0	0	0	0	0	0	0	0	0	0	0	0	0	0	0	0	0	0	1	0	0	0	0	0	0	0	0	0	0	0	0	0	0	0	0	1	0	0	0	0	0	0	0	0	0	1	4	11	0	0	0	0	0	0	0	0	0	0	0	0	0	1	0	0	0	0	0	0	0	4	0	0	3	0	0	1	0	0	0	0	0	1	6	26	0	88	1	0	0	0	5	0	0	0
OTU2777	0	0	0	0	0	0	0	0	0	0	0	0	0	0	0	0	0	0	0	0	0	0	0	0	0	0	0	0	0	0	0	0	0	0	1	0	0	0	0	0	0	0	0	0	0	0	0	0	0	0	0	0	0	0	1	1	0	1	0	0	0	0	0	0	39	15	0	29	0	0	0	0	0	0	0	0	0	0	0	0	0	0	0	0	0	0	0	0	0	0	0	0	0	0	0	2	0	0	0	2	90	0
OTU2778	0	0	0	0	0	0	0	0	0	0	0	0	0	0	0	0	0	0	0	0	0	0	0	0	0	0	0	0	0	0	0	0	0	0	0	0	0	0	4	0	0	0	0	0	0	0	0	0	0	0	0	0	2	0	0	79	0	0	0	0	7	0	1	0	0	3	0	1	1	0	0	0	0	0	0	0	0	0	0	1	0	0	0	0	0	0	0	0	3	0	0	2	0	0	0	0	0	0	0	0	4	1
OTU2779	0	0	0	0	0	0	0	0	0	0	0	0	0	0	0	0	0	0	0	0	0	0	0	0	0	0	0	0	0	0	0	0	3	0	0	0	0	0	0	0	0	0	0	0	0	0	0	0	0	0	0	0	0	0	0	0	8	0	0	0	4	0	0	1	0	0	108	0	14	0	0	0	0	0	0	0	0	0	0	0	0	0	0	0	0	0	0	0	0	0	0	0	0	0	0	0	0	0	0	0	0	0
OTU278	0	2	1	0	0	3	9	0	1	0	0	0	0	2	0	0	1	1	0	0	0	0	0	3	0	0	2	6	4	4	9	0	0	0	4	1	4	3	2	0	12	6	7	8	2	1	1	7	3	11	361	783	5	10	26	51	5	18	1017	0	0	0	0	0	2	0	13	7	30	7	38	561	8	4	7	3	13	15	8	5	555	4	12	21	9	6	12	2	3	3	2	18	11	10	16	5	8	0	0	0	0	0
OTU2780	0	0	0	0	0	0	0	4	0	0	0	0	0	0	0	0	0	0	0	0	0	1	0	0	0	0	0	0	0	0	0	0	3	0	0	0	0	0	0	0	0	0	0	0	0	0	0	9	0	0	0	1	0	0	1	0	0	2	2	0	0	0	0	0	0	0	0	0	0	0	0	0	0	0	0	0	0	0	0	0	0	0	0	0	0	0	0	0	0	1	0	0	1	0	0	0	0	0	0	0	0	61
OTU2781	0	0	0	0	0	0	0	0	0	0	0	0	0	0	0	0	0	0	0	0	0	0	0	0	0	0	0	0	0	0	0	0	0	0	0	0	0	0	0	0	0	0	0	0	0	0	0	0	0	0	0	0	0	0	0	0	0	0	0	0	0	0	0	0	53	0	0	0	0	0	0	0	0	0	0	0	0	0	0	0	0	0	0	0	0	0	0	0	0	0	0	0	0	0	0	0	0	0	0	0	0	0
OTU2782	0	0	0	0	0	0	0	0	0	0	0	0	0	0	0	0	0	0	0	0	2	0	0	0	0	0	0	0	0	0	0	0	0	0	0	1	0	0	0	0	0	0	0	0	0	0	0	0	0	0	0	0	0	0	1	0	0	1	1	0	0	0	0	0	85	10	0	21	46	0	0	0	0	0	0	0	0	0	0	0	0	0	0	0	0	0	0	0	0	0	0	0	0	0	0	0	0	0	0	0	0	0
OTU2783	0	0	0	0	0	0	0	1	0	0	0	0	0	0	0	0	0	0	0	0	0	3	0	0	0	0	2	3	5	0	1	0	0	0	1	0	16	16	5	0	1	4	0	0	5	4	0	0	0	0	0	8	0	0	0	0	1	0	7	0	1	0	0	0	18	4	9	10	10	3	1	5	0	2	0	7	59	16	2	0	2	2	2	0	4	3	6	1	22	0	0	116	0	1	0	1	8	11	4	0	0	24
OTU2784	0	0	0	0	0	0	0	0	0	0	0	0	0	0	0	0	0	0	0	0	0	0	3	0	0	0	0	0	0	0	0	0	1	0	0	0	0	0	0	0	0	0	0	0	0	0	0	0	0	0	0	0	0	0	0	0	0	0	0	0	1	1	0	0	2	0	0	0	2	0	0	0	0	0	0	0	0	0	0	0	0	0	0	0	0	0	1	0	0	0	0	0	0	1	0	2	10	0	16	0	100	214
OTU2785	0	0	0	0	0	0	0	0	0	0	0	0	0	0	0	0	0	0	0	0	0	0	0	0	0	0	0	0	0	0	0	0	0	0	0	0	0	0	0	0	0	0	0	0	0	0	0	0	0	0	0	0	0	1	0	2	0	0	0	0	0	0	1	0	1	61	9	0	0	0	0	0	0	0	0	0	0	1	0	0	0	0	0	0	0	0	0	0	0	0	0	0	0	0	0	0	0	0	0	0	0	0
OTU2786	0	1	0	0	0	0	0	0	0	0	0	0	0	0	0	0	0	0	0	0	0	0	0	0	0	0	0	0	0	1	3	1	0	0	0	1	0	0	0	0	0	0	0	12	0	0	0	0	0	0	0	0	0	0	0	0	0	0	3	0	1	0	0	0	0	25	30	5	3	0	0	0	0	0	0	0	0	0	0	0	0	1	0	0	13	1	0	0	0	0	0	0	3	0	0	0	0	0	0	0	15	7
OTU2787	0	0	0	0	0	0	0	0	0	0	0	0	0	0	0	0	0	0	0	0	0	0	0	0	0	0	0	0	0	0	0	0	0	0	0	0	0	0	0	0	0	0	0	0	0	0	0	0	0	0	0	0	0	0	0	0	0	0	0	0	0	0	0	0	1	0	15	0	55	0	0	0	0	0	0	0	0	0	0	0	0	0	0	0	0	0	0	0	0	0	0	0	0	0	0	0	0	0	0	0	0	0
OTU2788	0	0	0	0	0	0	4	0	0	0	0	0	0	0	0	0	0	0	0	0	0	0	0	0	0	0	0	4	0	0	0	0	0	0	0	0	0	0	0	0	0	0	0	0	0	0	0	0	0	0	0	0	0	2	0	0	0	0	0	0	3	0	0	0	0	0	0	33	46	0	0	0	0	0	0	4	0	0	0	0	0	0	0	0	0	0	0	5	8	0	0	1	0	0	0	0	0	0	0	1	0	0
OTU2789	0	0	2	0	0	0	0	0	2	0	0	0	0	0	0	0	0	0	0	0	0	0	0	0	0	0	0	0	0	0	0	0	3	0	0	0	0	0	3	0	1	7	0	11	6	0	0	0	0	0	0	0	0	2	3	3	15	0	2	0	0	1	0	0	0	0	0	0	0	0	0	64	0	0	0	0	1	0	1	0	3	2	0	281	1	2	0	0	0	0	0	0	21	14	37	0	0	0	0	0	0	0
OTU279	0	2	1	0	0	2	0	0	0	0	0	3	0	0	0	0	0	0	0	0	1	0	6	0	0	0	0	3	0	3	1	0	0	0	0	1	6	134	5	0	6	4	6	2	6	3	0	4	1	1	0	2	0	12	0	4	7	10	9	0	2	0	0	0	0	0	0	5	1	2	3	3	0	4	1	2	2697	125	4	0	8	1	9	0	3	7	0	3	0	5	3	4	2	7	10	7	2	0	0	0	5	9
OTU2790	0	1	0	0	0	0	0	0	0	1	0	0	0	0	0	0	0	0	0	0	0	0	0	0	0	1	0	0	0	3	0	0	0	0	0	0	4	0	0	0	0	2	0	0	0	0	0	0	2	0	0	0	3	0	0	0	2	0	1	0	0	0	0	0	0	1	2	0	0	0	0	0	0	0	0	0	0	9	0	0	0	0	10	0	0	5	5	0	0	0	0	0	3	0	3	11	1	54	0	0	0	19
OTU2791	0	0	0	0	0	0	0	0	0	0	0	0	0	0	0	0	0	0	0	0	0	0	0	0	0	0	0	0	0	0	0	0	0	0	0	0	0	0	0	0	0	0	0	0	0	0	0	0	0	0	0	0	0	0	0	0	0	0	0	0	0	0	0	0	0	0	0	0	0	0	0	0	0	0	0	0	0	0	0	0	0	0	0	0	0	0	0	0	0	0	0	0	0	0	0	0	0	108	0	0	0	0
OTU2792	0	0	0	0	0	0	0	0	0	0	0	0	0	0	0	0	0	0	0	0	0	0	0	0	0	0	0	0	0	0	0	0	0	0	0	0	0	0	0	0	0	0	0	0	0	0	0	0	0	0	0	0	0	0	0	0	0	0	0	0	0	0	0	0	0	0	0	0	0	0	0	0	0	0	0	0	0	0	0	0	0	0	0	0	0	0	0	0	0	0	0	0	0	0	0	0	0	0	55	0	0	0
OTU2793	0	0	0	0	0	0	0	0	0	0	0	0	0	0	0	0	0	0	0	0	0	0	0	0	0	0	0	0	0	0	0	0	0	0	0	0	0	0	0	0	0	0	0	0	0	0	0	0	0	0	0	1	0	0	0	0	0	0	0	0	0	0	0	0	0	0	0	0	0	0	0	0	0	0	0	0	0	0	0	0	0	0	1	0	0	0	0	0	0	0	0	0	0	0	2	1	1	0	6	29	15	7
OTU2794	0	0	0	0	0	0	0	0	0	0	0	0	0	0	0	0	0	0	0	0	0	0	0	0	0	2	0	0	0	0	0	0	0	0	0	0	0	0	0	0	0	0	0	0	0	0	0	0	0	0	0	0	0	0	0	0	0	0	0	0	0	0	0	0	0	0	0	0	0	0	0	0	0	0	0	0	0	0	0	0	0	0	0	0	0	0	0	0	0	0	0	0	0	0	0	0	0	0	0	64	0	0
OTU2795	0	0	0	0	0	0	0	0	0	0	0	0	0	0	0	0	0	0	0	0	0	0	0	0	0	0	0	0	0	0	0	0	0	0	0	0	0	0	0	0	0	0	0	0	0	0	0	0	0	0	0	0	0	0	0	0	0	0	0	0	0	0	0	0	0	0	0	0	0	0	0	0	0	0	0	0	0	0	0	0	0	0	0	0	0	0	0	0	0	0	0	0	0	0	2	0	0	1	0	75	0	0
OTU2796	0	0	0	0	0	0	0	0	0	0	0	0	0	0	0	0	0	0	0	0	0	0	0	0	0	0	0	0	0	0	0	0	0	0	0	0	0	0	0	0	0	0	0	0	0	0	0	0	0	0	0	0	0	0	0	0	0	0	0	0	0	0	0	0	0	0	0	0	0	0	0	0	0	0	0	0	0	0	0	0	0	0	0	0	0	0	0	0	0	0	0	0	0	0	0	0	0	0	0	58	0	0
OTU2797	0	0	0	0	0	0	0	0	0	0	0	0	0	0	0	0	0	0	0	0	0	0	0	0	0	0	0	0	0	0	0	0	0	0	0	0	0	0	0	0	0	0	0	0	0	0	0	0	0	0	0	0	0	0	0	0	0	0	0	0	0	0	0	0	0	0	0	0	0	0	0	0	0	0	0	0	0	0	0	0	0	0	0	0	0	0	0	0	0	0	0	0	0	0	0	0	0	0	0	51	0	0
OTU2798	0	0	0	0	0	0	0	0	0	0	0	0	0	0	0	0	0	0	0	0	0	0	0	0	0	0	0	0	0	0	0	0	0	0	0	0	0	0	0	0	0	0	0	0	0	0	0	0	0	0	0	0	0	0	0	0	0	0	0	0	0	0	0	0	0	0	0	0	0	0	0	0	0	0	0	0	0	0	0	0	0	0	0	0	0	0	0	0	0	0	0	0	0	0	0	0	0	0	2	58	0	0
OTU2799	0	0	0	0	0	0	0	0	0	0	0	0	0	0	0	0	0	0	1	0	0	0	0	0	0	0	0	0	0	0	0	0	0	0	0	0	0	0	0	0	0	0	0	0	0	0	0	0	0	0	0	0	0	0	0	0	0	0	0	0	0	0	0	0	0	0	0	0	0	0	0	0	0	0	0	0	0	0	0	0	0	0	0	0	0	0	0	0	0	0	0	0	0	0	0	0	0	0	0	67	0	0
OTU28	0	9	4	0	0	5	40	55	3	8	0	6	2	3	4	0	3	4	25	6	40	33	21	26	57	52	237	182	265	193	137	39	39	11	125	24	149	35	201	4	2666	127	542	154	114	26	77	253	544	282	319	1340	867	224	402	306	460	257	355	22	23	13	21	56	4582	2297	3325	2121	4218	82	184	441	203	196	76	783	488	1281	554	421	430	127	134	102	97	265	638	373	190	408	208	631	204	416	177	362	235	2461	1310	641	3988	1552
OTU280	0	2	0	0	0	0	4	2	0	0	1	0	0	0	0	0	0	0	2	2	1	1	0	0	1	1	23	3	21	60	0	2	4	1	2	0	0	0	3	0	0	5	6	29	18	15	8	11	6	1	2	92	0	0	9	14	19	19	24	2	0	0	1	2	360	173	554	439	322	0	2	0	44	0	0	0	1	4	41	1	1	10	22	5	4	23	0	3	1	0	0	8	13	14	14	9	14	5	303	211	119	198
OTU2800	0	0	0	0	0	0	0	0	0	0	0	0	0	0	0	0	0	0	0	0	0	0	0	0	0	0	0	0	0	0	0	0	0	0	0	0	0	0	0	0	0	0	0	0	0	0	0	0	0	0	0	0	0	0	0	0	0	0	0	0	0	0	0	0	0	0	0	0	0	0	0	0	0	0	0	0	0	0	0	0	0	0	0	0	0	0	0	0	0	0	0	0	0	0	0	0	0	0	0	41	0	0
OTU2801	0	0	0	0	0	0	0	0	0	0	0	0	0	0	0	0	0	0	0	0	0	0	0	0	0	0	0	0	0	0	0	0	0	0	0	0	0	0	0	0	0	0	0	0	0	0	0	0	0	0	0	0	0	0	0	0	0	0	0	0	0	0	0	0	0	0	0	0	0	0	0	0	0	0	0	0	0	0	0	0	0	0	0	0	0	0	0	0	0	0	0	0	0	0	0	0	0	0	0	0	57	0
OTU2802	0	0	0	0	0	0	0	0	0	0	0	0	0	0	0	0	0	0	0	0	0	0	0	0	0	0	0	0	0	0	0	0	0	0	0	0	0	0	0	0	0	0	0	0	0	0	0	0	0	0	0	0	0	0	0	0	0	0	0	0	0	0	0	0	0	0	0	0	0	0	0	0	0	0	0	0	0	0	0	0	0	0	0	0	0	0	0	0	0	0	0	0	0	0	0	0	0	0	0	0	39	0
OTU2803	0	0	0	0	0	0	0	0	0	0	0	0	0	0	0	0	0	0	0	0	0	0	0	0	0	0	0	0	0	0	0	0	0	0	0	0	0	0	0	0	0	0	0	0	0	0	0	0	0	0	0	0	0	0	0	0	0	0	0	0	0	0	0	0	0	0	0	0	0	0	0	0	0	0	0	0	0	0	0	0	0	0	0	0	0	0	0	0	0	0	0	0	0	0	0	0	0	0	0	0	52	0
OTU2804	0	1	0	0	0	0	2	2	0	0	0	0	0	0	0	0	0	0	0	0	0	0	0	0	0	0	6	5	7	44	0	1	0	0	0	0	2	0	0	0	1	3	0	22	4	2	4	18	35	4	5	22	0	46	1	2	10	45	47	3	3	0	0	0	0	0	2	0	0	0	1	28	50	16	2	0	1	0	16	3	8	8	56	1	1	38	2	1	0	15	0	16	39	19	7	14	0	4	41	2	77	0
OTU2805	0	0	0	0	0	0	0	1	0	0	0	0	0	0	0	0	0	0	0	0	0	0	0	0	0	0	0	0	14	0	0	0	0	0	0	0	0	0	0	0	0	0	0	17	6	17	0	0	0	0	0	1	0	0	28	11	1	0	13	3	0	0	0	0	2	0	0	0	0	0	0	0	0	0	0	0	0	0	0	0	0	19	0	0	0	0	0	0	0	0	0	0	0	0	0	1	5	0	0	0	0	0
OTU2806	0	0	0	0	0	0	0	0	0	0	0	0	0	0	0	0	82	0	0	0	0	0	0	0	0	0	0	0	0	0	0	0	0	0	0	0	0	0	0	0	0	0	0	0	0	0	0	0	0	1	0	1	0	0	0	1	0	0	0	0	0	0	0	0	0	0	0	0	0	0	1	1	0	0	0	0	0	0	0	0	0	0	0	0	0	0	0	0	0	0	0	0	0	0	0	0	0	0	0	0	0	0
OTU2807	0	0	0	0	0	0	0	0	0	0	0	0	0	0	0	0	0	0	0	0	0	0	0	4	0	0	0	0	0	0	0	0	0	0	0	0	0	1	17	0	3	0	0	0	0	0	0	0	34	0	0	0	0	3	0	0	0	0	0	0	0	0	0	0	0	0	0	0	0	5	0	0	0	2	0	0	0	0	0	1	0	0	0	0	0	1	0	0	0	0	0	0	0	0	0	0	0	0	0	0	0	0
OTU2808	0	0	0	0	0	0	0	0	0	0	0	0	0	0	0	0	0	0	0	0	0	0	0	0	4	0	0	0	0	0	0	0	0	0	0	0	0	0	0	0	0	0	0	0	7	0	0	0	0	0	0	0	0	0	0	0	0	0	0	0	0	0	0	0	9	0	7	0	0	0	0	0	0	0	0	0	0	0	0	0	0	2	0	0	0	0	0	0	0	0	0	0	0	0	0	0	0	0	52	0	11	0
OTU2809	0	1	0	0	2	0	0	0	0	0	0	0	0	0	0	0	0	0	0	0	0	0	0	4	0	0	6	0	0	3	4	0	0	0	1	0	0	0	0	0	0	0	0	0	0	0	0	1	0	2	0	0	0	0	2	0	0	0	0	0	2	0	0	2	1	0	3	0	0	0	0	0	0	0	0	0	0	0	0	0	0	1	0	0	0	0	1	3	1	1	0	1	0	8	2	2	3	0	3	0	25	32
OTU281	0	0	0	0	0	0	2	5	0	0	0	0	0	0	0	0	0	0	0	0	0	2	0	0	0	1	0	1	4	0	0	1	8	0	3	0	0	0	0	0	0	0	0	0	1	0	0	0	0	0	0	0	0	0	0	0	0	0	0	3	0	1	1	0	9	7	7	3	4	0	0	0	0	0	0	0	0	0	0	0	0	0	0	0	0	0	0	0	0	0	0	0	55	0	0	0	0	2473	3	5	3	3
OTU2810	0	0	0	0	0	0	0	0	0	0	0	0	0	0	0	0	0	0	0	0	0	0	0	0	0	1	3	10	0	7	0	0	0	0	0	0	0	0	0	0	0	3	0	0	2	0	8	0	0	0	0	0	0	0	2	0	0	0	3	0	0	1	0	0	0	0	0	0	0	0	0	0	3	0	0	0	2	0	4	0	0	0	4	6	1	1	0	0	1	0	2	1	3	7	1	9	6	0	0	0	0	0
OTU2811	0	0	0	0	0	0	0	0	0	0	2	0	0	2	0	0	0	0	0	0	0	0	0	0	0	0	6	0	0	1	22	0	0	0	0	0	0	0	0	2	3	1	0	0	0	2	0	15	3	0	0	0	0	0	0	0	0	0	0	0	0	0	0	1	0	0	0	0	0	0	0	0	6	0	0	1	0	0	0	0	1	0	10	3	1	1	0	0	0	0	3	0	0	3	5	0	0	0	0	0	0	0
OTU2812	0	0	0	0	0	0	0	1	0	0	0	0	0	0	0	0	0	0	0	0	0	0	0	0	2	0	2	1	0	3	0	0	0	0	0	0	0	0	0	0	0	0	0	0	0	0	0	0	1	0	2	0	0	0	0	0	0	3	0	0	0	0	0	0	0	0	0	0	0	0	0	0	0	0	0	1	0	0	0	0	0	0	0	0	1	3	0	0	0	0	2	0	0	2	1	3	4	0	8	14	0	19
OTU2813	0	0	0	0	0	0	0	0	0	0	0	0	0	0	0	0	0	0	0	0	0	0	0	0	0	0	12	0	46	4	3	0	0	0	0	0	0	0	4	0	0	0	0	0	0	1	2	0	0	0	1	0	0	0	0	0	0	4	0	0	0	0	0	0	0	0	0	0	0	0	2	0	0	0	3	0	0	7	0	1	0	0	0	0	0	0	0	3	0	0	0	1	0	0	1	0	1	0	0	0	0	0
OTU2814	0	0	0	0	0	0	0	0	0	0	0	2	0	0	0	0	0	0	0	0	0	0	0	0	0	0	8	0	0	0	1	0	0	0	0	0	0	0	0	0	0	2	0	0	0	0	0	3	0	0	0	0	0	0	0	0	3	0	0	0	0	0	0	0	0	0	2	0	0	0	0	0	0	0	0	0	0	0	0	0	0	0	1	0	7	0	0	0	0	0	0	0	0	13	5	5	2	0	27	0	33	9
OTU2815	0	0	0	0	0	0	0	0	0	0	0	0	0	0	0	0	0	0	0	0	0	2	0	1	0	2	4	1	0	0	0	0	0	0	0	0	23	0	21	0	1	2	0	0	0	0	0	0	0	1	0	0	0	0	1	0	2	0	3	0	0	0	0	0	0	0	0	0	0	1	0	5	0	0	0	1	30	6	0	7	0	0	0	0	0	0	0	0	0	0	0	1	0	0	2	2	0	0	0	0	0	0
OTU2816	0	0	0	0	0	0	0	0	0	0	0	0	0	0	4	0	0	0	0	0	0	0	0	0	0	0	0	128	0	0	0	0	0	0	0	0	0	0	0	0	0	0	0	0	0	0	0	0	0	0	0	1	0	0	0	0	0	0	0	0	0	0	0	0	0	0	0	0	0	0	0	0	0	0	0	0	0	0	0	0	0	0	0	0	0	0	0	0	0	0	0	0	0	0	0	0	0	0	0	0	0	0
OTU2817	0	0	0	0	0	0	0	0	0	0	0	0	0	0	0	0	0	0	0	0	1	0	0	0	0	0	2	13	0	1	20	0	0	0	0	0	0	2	26	0	23	0	3	1	0	0	3	0	2	0	0	0	0	4	0	0	0	0	0	0	0	0	0	0	0	0	0	0	0	12	7	0	0	4	1	7	0	4	0	12	3	0	0	0	0	0	0	18	9	0	0	4	0	2	0	5	0	0	0	0	0	0
OTU2818	0	0	0	0	0	0	0	0	0	0	0	0	0	0	0	0	0	0	0	0	0	0	0	0	0	0	3	2	0	5	4	0	0	0	0	0	0	0	3	0	3	2	3	10	11	3	2	47	1	2	0	0	0	28	0	2	1	7	8	0	2	0	0	0	0	0	0	1	1	0	1	1	0	2	0	1	1	0	0	0	0	20	11	4	13	11	3	0	0	0	2	0	29	10	13	1	20	0	0	2	0	20
OTU2819	0	0	0	0	0	0	0	0	0	0	1	3	0	0	0	0	0	0	0	0	0	0	0	0	0	0	0	0	68	0	0	0	0	0	0	0	25	0	0	0	0	0	1	0	0	9	0	0	0	0	0	0	0	0	0	0	4	0	0	0	0	0	0	0	0	0	0	0	0	0	0	0	0	0	0	1	1	0	0	1	0	0	0	0	0	0	0	0	0	0	0	0	1	0	0	0	0	0	0	0	0	0
OTU282	0	0	0	0	0	0	2	10	1	0	0	0	0	0	0	0	0	0	5	1	0	1	2	0	0	0	0	0	0	0	0	0	3	0	8	1	0	0	0	0	0	1	0	1	0	1	0	0	2	0	0	1	0	0	3	7	11	108	5	3	0	0	0	2	4	152	96	1988	228	0	0	0	0	0	1	0	0	0	0	1	0	0	0	0	0	0	0	0	0	0	0	0	3	0	2	1	2	124	8	2	32	6
OTU2820	0	0	0	0	0	0	0	0	0	0	0	0	0	0	0	0	0	0	0	0	0	0	0	0	0	0	1	0	62	0	36	0	0	0	0	0	0	0	1	0	0	4	0	0	0	0	1	0	0	0	0	0	0	0	0	0	0	0	0	0	0	0	0	0	0	0	0	0	0	1	0	9	0	0	0	0	0	0	0	0	0	0	0	0	0	0	0	0	0	0	0	0	0	2	2	0	0	0	0	0	0	0
OTU2821	0	0	0	0	0	0	0	0	0	0	0	0	0	0	0	0	0	0	0	0	0	0	0	0	0	0	12	17	59	5	13	3	3	0	0	0	3	7	0	0	28	2	8	2	6	8	9	9	5	4	0	3	5	9	7	4	17	4	2	0	1	0	0	0	19	5	18	14	15	2	0	4	14	2	6	5	14	7	4	10	10	4	10	2	1	0	6	2	21	5	24	4	13	5	12	1	8	2	0	1	20	11
OTU2822	0	0	0	0	0	0	0	0	0	0	0	4	0	0	0	0	0	0	0	0	0	0	0	0	0	0	1	0	0	62	0	0	1	0	0	0	0	0	0	0	2	0	0	4	22	0	0	10	0	0	0	0	0	1	3	0	0	0	1	0	0	2	0	1	0	0	0	0	0	0	1	0	0	0	0	0	0	0	0	0	0	9	2	16	8	13	2	0	0	0	0	2	3	15	14	9	13	0	0	0	0	0
OTU2823	0	0	1	0	0	0	0	0	0	0	0	0	0	2	0	0	0	0	1	0	4	3	0	8	0	0	7	1	3	13	1	0	0	0	2	0	28	34	321	0	9	20	32	5	2	0	3	2	4	2	5	2	6	0	7	5	10	5	0	0	0	0	0	0	0	0	0	0	0	45	65	15	0	8	24	5	13	59	1	5	4	0	7	0	2	1	44	15	156	2	13	12	5	5	2	5	2	0	0	0	0	0
OTU2824	0	0	0	0	0	0	0	0	0	0	0	0	0	0	1	0	0	0	0	0	2	0	0	0	1	0	0	0	0	6	0	0	0	0	0	1	0	0	0	0	0	4	4	4	6	16	2	14	8	2	0	0	0	0	7	4	2	2	1	0	0	0	0	0	0	0	0	0	5	0	0	3	5	0	1	0	0	0	9	0	6	19	3	1	6	0	1	0	0	0	13	0	1	0	2	3	1	0	0	0	0	0
OTU2825	0	0	0	0	0	0	0	0	0	0	0	0	0	0	0	0	0	0	0	0	0	0	0	0	0	0	0	0	0	0	0	0	2	0	0	0	0	0	0	0	0	0	0	0	0	0	0	0	0	0	0	0	0	0	0	0	0	0	0	0	0	0	0	0	0	0	1	0	0	0	0	0	0	0	1	0	0	0	0	0	0	0	0	0	0	0	0	0	0	0	0	0	0	0	0	0	0	0	0	0	0	52
OTU2826	0	0	0	0	0	0	0	0	0	0	0	0	0	0	0	0	0	0	0	0	0	0	0	0	0	0	0	0	0	0	0	0	0	0	0	1	0	0	0	0	0	0	1	0	0	0	0	21	0	0	0	0	0	0	0	0	0	0	0	0	0	0	0	0	1	0	4	0	1	0	0	0	0	0	0	0	0	0	0	0	0	0	2	0	0	0	0	0	0	0	0	0	0	0	10	4	0	0	0	0	44	0
OTU2827	0	0	0	0	0	0	0	0	0	0	0	0	0	0	0	0	0	0	0	0	0	0	0	0	0	0	0	0	0	0	0	0	0	0	0	0	0	0	1	0	0	0	0	0	0	0	0	0	0	0	0	0	0	0	0	0	0	0	0	0	0	0	0	0	0	0	0	0	0	0	0	0	0	0	0	0	0	0	0	0	0	0	0	0	0	0	0	60	0	0	0	0	1	0	0	0	0	0	0	0	0	0
OTU2828	0	0	0	0	0	0	0	0	0	0	0	0	0	0	0	0	0	0	2	0	0	0	0	0	0	0	0	0	0	1	0	0	0	0	0	0	0	0	0	0	27	0	1	0	0	0	0	0	0	0	0	0	0	0	0	0	22	0	0	0	0	0	0	0	0	0	0	0	0	0	0	0	0	0	0	0	0	0	0	0	0	0	0	0	0	0	6	16	0	0	0	0	0	0	0	0	0	0	0	0	0	0
OTU2829	0	0	0	0	0	0	0	0	0	0	1	0	0	0	0	0	0	0	0	0	0	0	0	0	0	0	2	0	54	0	5	0	0	0	2	0	3	0	0	0	3	12	0	2	10	0	0	13	1	0	0	1	0	0	2	0	16	1	4	0	0	0	0	0	0	0	0	0	0	0	6	13	0	0	10	2	1	0	6	0	0	0	0	0	1	7	0	0	0	0	3	7	0	0	0	0	0	0	0	0	0	0
OTU283	1	5	3	0	0	1	13	7	0	1	2	12	1	0	0	0	0	494	6	3	4	5	9	6	3	5	200	163	186	140	197	15	27	5	16	14	198	102	205	4	223	128	124	376	150	216	97	187	126	90	22	142	102	73	306	261	227	138	168	10	1	6	7	20	470	327	448	360	359	34	57	51	45	79	149	154	214	181	44	95	57	214	156	100	149	168	73	103	122	61	117	106	152	137	143	289	199	283	188	232	299	131
OTU2830	0	0	0	0	0	0	0	0	0	0	0	0	0	0	0	0	0	0	0	0	0	0	0	0	0	0	0	0	0	0	0	0	0	0	0	0	0	0	0	0	0	47	0	0	1	0	0	0	0	0	0	0	0	1	0	1	0	0	0	0	0	0	0	0	0	0	0	0	0	0	0	0	0	0	0	0	0	0	0	0	0	0	0	0	0	0	0	0	0	0	0	0	0	0	0	0	0	0	0	0	0	0
OTU2831	0	0	0	0	0	0	0	0	0	0	0	0	0	0	0	0	0	0	0	0	0	0	0	0	0	0	0	0	0	0	0	0	0	0	0	0	0	0	0	0	0	0	0	6	0	6	0	0	0	0	0	0	0	0	0	23	0	0	10	0	0	0	0	0	0	0	0	0	0	0	0	0	0	0	0	0	1	0	0	0	0	2	0	0	0	0	0	0	2	0	0	0	0	0	0	0	0	0	0	0	0	0
OTU2832	0	0	0	0	0	0	0	0	0	0	1	0	0	0	0	0	0	0	0	0	0	2	0	0	0	3	1	0	0	1	3	0	1	0	0	4	0	0	0	0	0	0	0	7	26	10	0	47	1	1	0	0	1	0	19	34	37	9	9	0	0	0	0	3	27	22	75	48	12	9	0	3	25	0	0	1	1	0	1	0	0	0	13	13	0	0	1	2	0	3	0	0	6	8	12	3	5	1	9	0	53	84
OTU2833	0	0	0	0	0	0	0	0	0	0	0	0	0	0	0	0	0	0	0	0	0	0	0	0	0	0	1	0	0	0	0	0	0	0	0	0	0	0	0	0	0	0	0	3	0	0	1	1	0	0	0	0	0	0	4	2	5	12	0	0	0	0	0	0	0	10	0	0	11	0	0	0	0	0	0	0	0	0	0	0	0	2	0	0	0	2	0	0	0	0	0	0	0	0	0	0	0	0	0	0	0	0
OTU2834	0	0	0	0	0	0	0	0	0	0	0	1	0	0	0	0	0	0	0	0	0	0	0	0	0	0	0	1	0	0	0	0	0	0	0	0	0	0	0	0	0	0	0	0	1	0	0	0	23	0	0	45	0	1	0	0	0	3	0	0	0	0	0	1	0	0	1	0	0	1	0	0	0	0	0	0	0	0	4	0	0	0	1	0	0	12	3	0	0	0	0	0	0	0	0	0	0	0	0	0	0	0
OTU2835	0	0	0	0	0	0	0	0	0	0	0	0	0	0	0	0	0	0	0	0	0	0	0	0	0	0	0	2	0	0	0	0	0	0	0	0	0	0	0	0	0	0	0	1	0	54	14	0	0	1	0	0	0	0	0	0	1	0	0	0	0	0	0	0	0	0	0	0	0	0	0	0	0	0	0	0	0	7	0	0	0	0	1	0	0	0	1	0	0	0	0	0	0	0	0	2	0	0	0	0	0	0
OTU2836	0	0	0	0	0	0	0	0	0	0	0	0	0	0	0	0	0	0	0	0	0	0	0	0	0	0	0	1	2	0	0	0	0	7	0	0	9	3	0	1	0	0	0	0	0	280	0	0	0	0	0	0	0	0	0	0	236	0	2	0	0	0	0	0	0	0	6	3	0	0	0	1	0	1	0	1	2	0	0	0	0	0	2	0	0	0	0	0	0	0	0	0	0	0	2	0	0	0	0	0	0	0
OTU2837	0	0	0	0	0	0	0	0	0	0	0	0	0	0	0	0	0	0	0	0	0	0	0	0	0	0	0	0	0	0	0	0	0	0	0	0	0	0	0	0	0	0	0	0	1	0	0	13	0	0	0	0	0	0	1	1	0	6	4	0	0	0	0	0	0	0	0	0	0	0	0	0	0	0	0	0	0	0	0	0	0	0	5	0	0	8	0	0	0	0	0	0	4	0	0	0	0	0	0	0	27	38
OTU2838	0	0	0	0	0	0	0	0	0	0	0	0	0	0	0	0	0	0	0	0	0	0	0	0	1	0	0	0	0	0	0	0	0	0	0	0	0	0	0	0	0	1	0	0	0	0	0	61	0	0	0	0	0	0	2	0	0	0	0	0	0	0	0	0	0	0	0	0	0	0	0	0	0	0	0	0	0	1	3	0	0	0	0	0	0	0	0	0	0	0	0	0	0	0	0	0	0	0	0	0	0	0
OTU2839	0	0	0	0	0	0	0	0	0	0	0	0	0	0	0	0	0	0	0	0	0	0	0	0	0	0	0	0	0	0	0	0	0	0	0	0	0	0	0	0	0	0	0	0	4	1	0	20	0	0	0	0	0	2	0	0	0	14	0	0	0	0	0	3	0	0	0	0	0	0	0	0	2	1	0	0	0	0	1	0	0	0	0	2	0	17	1	0	0	0	15	0	0	0	19	3	5	0	0	0	0	0
OTU284	0	1	0	0	0	0	3	5	0	2	1	0	0	1	0	0	0	0	6	0	6	1	5	4	5	0	14	6	0	100	13	1	4	2	1	2	0	0	1	0	14	2	1	0	18	4	7	2	1	16	0	10	28	1	5	20	10	25	6	4	10	0	5	6	98	439	267	766	130	0	65	0	21	12	0	50	18	0	4	0	7	89	7	65	26	13	1	7	42	1	19	0	0	28	29	35	32	10	214	2	150	74
OTU2840	0	0	0	0	0	0	0	0	0	0	0	0	0	0	0	0	0	0	0	0	0	0	0	0	0	0	0	0	0	1	3	0	0	0	0	0	0	0	0	0	0	0	0	0	0	0	0	0	0	0	0	0	1	0	1	0	1	0	0	0	0	0	0	0	44	12	0	0	2	0	0	0	4	0	0	3	0	0	0	0	7	0	0	0	0	0	0	0	0	3	0	0	0	0	0	0	0	0	0	0	0	1
OTU2841	0	0	0	0	0	0	0	0	0	0	0	0	0	0	0	0	0	0	0	0	0	0	0	0	0	0	0	0	0	0	0	0	0	0	0	0	0	2	0	0	0	0	0	0	0	0	0	0	0	0	0	0	0	0	0	0	80	0	0	0	0	0	0	0	0	0	2	0	0	0	0	0	0	0	0	0	0	0	0	0	0	0	0	0	0	0	0	0	0	0	0	0	0	0	0	0	0	0	0	0	0	0
OTU2842	0	0	0	0	0	0	0	0	0	0	0	0	0	0	0	0	0	0	1	0	0	0	0	0	0	0	0	0	0	0	0	2	0	0	0	0	0	0	0	0	0	0	0	0	0	0	0	0	0	0	0	0	0	0	0	0	1	0	0	0	1	0	0	0	0	0	35	0	31	0	0	0	0	0	0	0	0	0	0	0	0	0	0	0	0	0	0	0	0	0	0	0	0	0	0	0	0	2	0	0	0	0
OTU2843	0	0	1	0	0	0	2	0	0	0	0	0	0	1	0	0	0	0	3	0	0	0	0	0	3	0	11	1	8	2	2	5	0	2	0	0	0	0	1	0	5	4	14	6	6	33	15	4	5	6	0	1	0	1	35	13	12	27	9	0	0	0	0	2	64	39	87	172	88	0	0	9	14	0	11	0	0	2	7	0	17	27	16	1	0	9	11	1	26	4	0	25	8	8	1	5	18	2	17	6	2	1
OTU2844	0	0	0	0	0	0	1	0	0	0	0	0	0	0	0	0	0	0	0	0	0	0	0	0	0	0	0	0	0	0	0	0	1	0	0	0	0	0	0	0	0	0	0	0	0	0	0	0	0	0	0	0	0	0	0	1	0	0	3	0	0	0	0	0	23	8	1	13	27	0	0	0	0	0	0	0	0	0	0	0	0	0	0	0	0	0	0	0	0	0	0	0	0	0	0	0	0	0	15	0	0	0
OTU2845	0	0	0	0	0	0	0	0	0	0	0	0	0	0	0	0	0	0	0	0	0	0	0	0	0	0	0	2	0	0	0	0	0	0	1	1	0	0	0	0	2	0	0	3	0	0	0	13	0	0	6	0	0	2	2	19	0	0	5	0	0	0	0	0	67	0	4	0	0	0	0	19	0	0	0	2	0	0	11	0	0	2	15	0	0	0	1	0	0	0	0	0	1	0	0	0	1	0	0	0	0	0
OTU2846	0	0	0	0	0	0	0	0	0	0	0	0	0	0	0	0	0	0	0	0	0	0	0	0	0	0	0	0	0	0	0	0	0	0	0	0	0	0	0	0	0	0	0	0	0	0	0	0	0	0	0	0	0	0	0	0	0	0	0	0	0	0	0	0	65	0	0	0	10	0	0	0	0	0	0	0	0	0	0	0	0	0	0	0	0	0	0	0	0	0	0	0	0	0	0	0	0	0	0	0	1	1
OTU2847	0	0	0	0	0	0	0	0	0	0	0	0	0	0	0	0	0	0	0	0	0	0	0	0	0	0	0	0	0	0	0	1	0	0	0	0	0	0	0	0	0	0	0	0	0	0	0	0	0	0	0	0	0	0	0	0	0	0	0	0	0	0	0	0	18	0	21	14	16	0	0	0	0	0	0	0	0	0	0	0	0	0	0	0	0	0	0	0	0	0	0	0	0	0	0	0	0	0	3	0	2	0
OTU2848	0	0	0	0	0	0	0	1	0	0	0	0	0	0	0	0	0	0	0	0	0	0	0	0	0	0	0	0	0	0	0	1	0	2	0	0	0	0	0	0	0	0	0	0	0	0	0	0	0	0	0	0	0	0	1	0	0	0	0	0	0	0	0	0	37	40	4	0	0	0	0	0	0	0	0	0	0	0	0	0	0	0	0	0	0	0	0	0	0	0	0	0	0	0	0	0	0	0	0	0	0	0
OTU2849	0	0	0	0	0	0	0	0	0	0	0	0	0	0	0	0	0	0	0	0	0	0	0	0	0	0	0	0	0	0	0	0	0	0	0	0	0	0	0	0	0	0	0	0	0	0	0	0	0	0	0	0	0	0	0	0	0	1	0	0	0	0	0	0	0	31	8	17	0	0	0	0	0	0	0	0	0	0	0	0	0	0	0	0	0	0	0	0	0	0	0	0	0	0	0	0	0	0	0	0	2	0
OTU285	0	1	0	0	0	3	0	2	2	0	5	4	0	0	2	1	0	0	3	0	0	0	0	0	0	1	0	10	4	4	5	0	0	3	1	1	1	1	29	3	9	3	3	142	12	147	2	30	38	60	4	8	4	26	105	237	20	172	47	0	2	0	0	0	0	3	3	0	6	638	91	22	42	291	588	8	17	2	7	3	7	54	13	8	13	9	8	2	0	1	30	18	102	4	40	11	50	0	0	0	0	1
OTU2850	0	0	0	0	0	0	0	0	0	0	0	0	0	0	0	0	0	0	0	0	0	0	0	0	0	0	0	0	0	0	0	0	0	0	0	0	0	0	0	0	0	0	0	0	0	0	0	0	0	0	0	0	0	0	0	0	1	0	0	0	0	0	0	0	2	5	27	0	24	0	0	0	0	0	0	0	0	0	0	0	0	0	0	0	0	0	0	0	0	0	0	0	0	0	0	0	0	0	0	0	0	1
OTU2851	0	0	0	0	0	0	0	0	0	0	0	0	0	0	0	0	0	0	0	0	0	0	0	0	0	0	0	0	0	0	0	0	0	0	0	0	0	0	0	0	0	0	0	0	0	0	0	0	0	0	0	0	0	0	0	0	0	0	0	0	0	0	0	0	0	0	0	60	0	0	0	0	0	0	0	0	0	0	0	0	0	0	0	0	0	0	0	0	0	0	0	0	0	0	0	0	0	0	0	0	0	0
OTU2852	0	0	0	0	0	0	0	0	0	0	0	0	0	0	0	0	0	0	0	0	0	0	0	0	0	0	0	0	0	9	0	0	0	0	0	0	0	0	0	0	0	1	0	0	0	0	0	0	0	0	0	0	0	0	0	0	0	0	0	0	0	2	0	0	0	0	0	0	0	0	0	0	0	0	0	0	0	1	0	0	0	0	0	1	0	0	1	0	0	0	0	0	2	8	4	0	0	40	0	0	0	1
OTU2853	0	1	0	0	0	0	1	1	0	0	1	0	0	0	0	0	0	0	0	0	0	0	0	0	1	0	2	3	0	0	9	1	0	0	0	2	0	0	1	0	0	0	0	0	6	0	2	11	0	0	0	33	0	14	0	7	10	8	27	0	1	0	0	1	0	0	0	5	0	0	0	0	23	1	0	0	7	0	7	0	0	1	29	2	2	17	1	0	0	4	0	0	16	16	13	7	41	102	143	2	97	61
OTU2854	0	0	0	0	0	0	0	0	0	0	0	0	0	0	0	0	0	0	0	0	0	0	0	0	0	0	0	0	0	0	0	0	0	0	0	0	0	0	0	0	0	0	0	0	0	0	0	0	0	0	0	0	0	0	0	0	0	0	0	0	0	0	0	0	0	0	0	0	0	0	0	0	0	0	0	0	0	0	0	0	0	0	0	0	0	0	0	0	0	0	0	0	0	0	0	0	3	0	0	0	0	99
OTU2855	0	0	0	0	0	0	0	0	0	0	0	0	0	0	0	0	0	0	0	0	0	0	0	0	0	0	0	0	0	0	0	0	0	0	0	0	0	0	0	0	0	0	0	0	0	0	0	0	0	0	0	0	0	0	0	0	0	0	0	0	0	0	0	0	0	0	0	0	0	0	0	0	0	0	0	0	0	0	0	0	0	0	0	0	0	0	0	0	0	0	0	0	0	0	0	0	0	0	60	0	0	0
OTU2856	0	0	0	0	0	0	0	0	0	0	0	0	0	0	0	0	0	0	0	0	0	0	0	0	0	0	0	0	0	0	0	0	0	0	0	0	0	0	0	0	0	0	0	0	0	0	0	0	0	0	0	0	0	0	0	0	0	0	0	0	0	0	0	0	0	0	0	0	0	0	0	0	0	0	0	0	0	0	0	0	0	0	0	0	0	0	0	0	0	0	0	0	0	1	1	0	1	0	43	5	0	25
OTU2857	0	0	0	0	0	0	0	0	0	0	0	0	0	0	0	0	0	0	0	0	0	0	0	0	0	0	0	0	0	0	0	0	0	0	0	0	0	0	0	0	0	0	0	0	0	2	0	3	0	0	0	0	0	0	0	0	0	0	0	0	0	0	0	0	0	0	1	0	0	0	0	0	0	0	0	0	3	0	0	0	0	0	0	0	2	0	0	0	0	0	0	0	0	0	0	0	0	0	26	0	38	0
OTU2858	0	0	0	0	0	0	0	1	0	0	0	0	0	0	0	0	0	0	0	0	0	0	0	0	0	0	0	0	0	0	0	0	0	0	0	0	0	0	0	0	0	0	0	0	0	0	0	0	0	0	0	0	0	0	0	0	0	0	0	0	2	0	0	0	0	0	1	0	0	0	0	0	0	0	0	0	0	0	0	0	0	0	0	0	0	0	0	0	0	0	0	0	0	0	0	2	0	0	14	0	50	0
OTU2859	0	0	0	0	0	0	0	0	0	0	0	0	0	0	0	0	0	0	0	0	0	0	0	0	0	0	0	0	0	0	0	0	0	0	0	0	0	0	0	0	0	0	0	0	0	0	0	0	0	0	0	0	0	0	0	0	0	0	0	0	0	0	0	0	0	0	0	0	0	0	0	0	0	0	0	0	0	0	0	0	0	0	0	0	0	0	0	0	0	0	0	0	0	0	0	0	0	0	46	0	9	0
OTU286	0	3	5	0	0	1	0	8	0	0	7	2	3	0	1	0	0	5	0	0	0	0	0	0	0	0	3	5	505	2	348	0	0	0	67	0	4	6	10	1	15	9	1	1	9	11	3	11	2	5	0	10	3	12	26	5	194	11	4	0	0	0	0	8	0	1	10	7	0	4	1857	2	0	2	2137	395	2671	186	5	7	30	25	10	2	11	10	3369	660	3786	2	4	1	15	22	25	30	5	0	1	0	2	2
OTU2860	0	0	0	0	0	0	0	0	0	0	0	0	0	0	0	0	0	0	0	0	0	0	0	0	0	0	0	0	0	0	0	0	0	0	0	0	0	0	0	0	0	0	0	0	0	0	0	0	0	0	0	0	0	0	0	0	0	0	0	0	0	0	0	0	0	0	0	0	0	0	0	0	0	0	0	0	0	0	0	0	0	0	0	0	0	0	0	0	0	0	0	0	0	0	0	0	0	0	0	40	0	0
OTU2861	0	0	0	0	0	0	0	0	0	0	0	0	0	0	0	0	0	0	0	0	0	0	0	0	0	0	0	0	0	0	0	0	0	0	0	0	0	0	0	0	0	0	0	0	0	0	0	0	0	0	0	0	0	0	0	0	0	0	0	0	0	0	0	0	0	0	0	0	0	0	0	0	0	0	0	0	0	0	0	0	0	0	0	0	0	0	0	0	0	0	0	0	0	0	0	0	0	0	0	56	0	0
OTU2862	0	0	0	0	0	0	0	0	0	0	0	0	0	0	0	0	0	0	0	0	0	0	0	0	0	0	0	0	0	0	0	0	0	0	0	0	0	0	0	0	0	0	0	0	0	0	0	0	0	0	0	0	0	0	0	0	0	0	0	0	0	0	0	0	0	0	0	0	0	0	0	0	0	0	0	0	0	0	0	0	0	0	0	0	0	0	0	0	0	0	0	0	0	0	0	0	0	0	0	74	0	0
OTU2863	0	0	0	0	0	0	0	0	0	0	0	0	0	0	0	0	0	0	0	0	0	0	0	0	0	0	0	0	0	0	0	0	0	0	0	0	0	0	0	0	0	0	0	0	0	0	0	0	0	0	0	0	0	0	0	0	0	0	0	0	0	0	0	0	0	0	0	0	0	0	0	0	0	0	0	0	0	0	0	0	0	0	0	0	0	0	0	0	0	0	0	0	0	0	0	0	0	0	0	62	0	0
OTU2864	0	0	0	0	0	0	0	0	0	0	0	0	0	0	0	0	0	0	0	0	0	0	0	0	0	0	0	0	0	0	0	0	0	0	0	0	0	0	0	0	0	0	0	0	0	0	0	0	0	0	0	0	0	0	0	0	0	0	0	0	0	0	0	0	0	0	0	0	0	0	0	0	0	0	0	0	0	0	0	0	0	0	0	0	0	0	0	0	0	0	0	0	0	0	1	0	0	0	0	52	0	0
OTU2865	0	0	0	0	0	0	0	0	0	0	0	0	0	0	0	0	0	0	0	0	0	0	0	0	0	0	0	0	0	0	0	0	0	0	0	0	0	0	0	0	0	0	0	0	0	0	0	0	0	0	0	0	0	0	0	0	0	0	0	0	0	0	0	0	0	0	0	0	0	0	0	0	0	0	0	0	0	0	0	0	0	0	0	0	0	0	0	0	0	0	0	0	0	0	0	0	0	0	0	75	0	0
OTU2866	0	0	0	0	0	0	0	0	0	0	0	0	0	0	0	0	0	0	0	0	0	0	0	0	0	0	0	0	0	0	0	0	0	0	0	0	0	0	0	0	0	0	0	0	0	0	0	0	0	0	0	0	0	0	0	0	0	0	0	0	0	0	0	0	0	0	0	0	0	0	0	0	0	0	0	0	0	0	0	0	0	0	0	0	0	0	0	0	0	0	0	0	0	0	0	0	0	0	0	56	0	0
OTU2867	0	0	0	0	0	0	0	0	0	0	0	0	0	0	0	0	0	0	1	0	0	0	0	0	0	1	0	1	0	0	0	3	0	0	0	0	0	0	0	0	0	0	0	0	0	0	0	0	0	0	0	0	0	0	0	0	5	0	0	0	0	0	0	3	0	23	104	2	0	0	0	0	0	0	0	0	0	0	0	0	0	0	0	0	0	0	0	0	0	0	0	0	0	0	0	1	0	0	0	0	109	2
OTU2868	0	6	0	0	0	0	0	0	0	0	0	0	0	0	0	0	0	0	0	0	0	0	0	0	0	0	0	0	0	0	0	1	0	0	1	0	0	0	1	0	0	0	0	10	0	0	2	0	0	0	0	0	0	0	7	5	22	0	0	0	0	0	0	0	0	0	0	0	0	0	0	0	0	0	0	0	2	3	0	0	0	7	0	0	0	0	1	0	0	0	0	0	0	0	0	0	0	0	3	0	0	0
OTU2869	0	2	0	0	0	0	0	0	0	0	0	0	0	0	0	0	0	0	0	0	0	0	0	0	0	0	0	0	0	0	10	0	0	0	0	0	4	2	0	0	10	2	0	0	0	0	0	0	0	1	0	0	0	0	0	0	0	0	0	0	0	0	0	0	0	0	0	0	0	11	6	0	0	0	1	2	0	10	2	3	0	0	0	0	0	0	0	0	0	0	0	0	0	0	0	0	0	0	0	0	0	0
OTU287	0	0	0	0	0	0	0	7	0	0	0	0	0	0	0	0	0	0	2	0	5	0	0	0	1	2	0	0	0	0	0	2	0	1	2	0	0	0	0	0	0	0	1	0	0	0	0	0	0	0	0	0	0	0	0	0	0	0	0	0	2	2	1	2	2	1	5	1	2	0	1	0	0	0	0	0	0	0	0	0	0	0	0	0	0	0	0	0	0	0	0	0	0	0	0	50	0	2	0	2	2944	1
OTU2870	0	0	0	0	0	0	3	0	0	0	0	0	0	0	0	0	0	0	0	0	0	0	0	0	0	0	0	0	0	0	0	0	0	0	0	0	0	0	0	0	0	1	0	0	0	0	0	0	0	0	0	0	0	1	1	10	0	0	0	0	0	0	0	0	0	0	0	0	0	0	0	0	0	0	0	0	0	0	0	0	0	2	0	0	0	0	0	0	0	5	5	0	0	0	0	3	0	0	0	0	0	0
OTU2871	0	0	0	0	0	0	0	0	64	0	0	0	0	0	0	0	0	0	0	0	0	0	0	0	0	0	0	0	0	0	0	0	0	0	0	0	0	0	0	0	0	0	0	0	0	0	0	0	0	0	0	0	0	0	0	0	0	0	0	0	0	0	0	0	0	0	0	0	0	0	0	0	0	0	0	0	0	0	0	0	0	0	0	0	0	0	0	0	0	0	0	0	0	0	0	0	0	0	0	0	0	0
OTU2872	0	0	0	0	0	0	0	0	0	0	2	0	0	0	0	0	0	0	0	0	0	0	0	0	0	0	0	1	0	0	6	0	0	0	0	0	0	0	1	0	0	0	0	2	5	0	3	22	0	0	0	0	0	0	0	0	0	0	0	0	0	0	0	0	0	0	0	0	0	0	0	2	0	0	0	0	0	0	2	0	0	1	1	0	0	0	0	0	0	0	0	0	16	0	23	0	2	4	0	2	0	0
OTU2873	0	0	0	0	0	0	0	0	2	0	0	0	0	2	0	0	0	0	1	0	0	1	0	2	0	1	35	33	65	26	7	0	2	1	1	1	23	20	67	0	131	26	3	17	46	53	21	37	7	6	0	6	13	27	19	5	11	33	57	2	1	0	1	0	3	10	3	3	31	27	24	2	12	25	36	1	8	18	36	11	12	46	46	11	48	35	34	7	7	40	12	13	24	98	22	27	19	0	1	0	0	1
OTU2874	0	0	2	0	0	0	0	0	0	0	0	0	0	0	1	0	0	0	0	0	0	0	0	0	0	0	15	3	2	3	4	0	0	0	0	2	5	0	0	0	6	4	3	10	0	3	2	15	0	2	0	0	4	1	5	0	0	8	4	0	0	0	0	0	0	0	0	1	0	0	0	0	0	1	0	1	0	0	0	0	1	6	5	8	2	1	3	0	0	0	0	7	4	0	17	16	2	0	0	13	10	0
OTU2875	0	0	0	0	0	0	0	0	0	0	0	0	0	0	0	0	0	0	0	0	0	0	0	0	0	0	0	8	40	0	3	0	0	0	1	0	0	0	0	0	4	0	7	0	0	0	3	1	0	0	0	6	4	0	0	1	0	2	1	0	0	0	0	0	18	0	14	13	7	0	1	0	0	0	0	2	0	2	3	3	1	0	0	0	0	0	0	0	0	0	20	0	3	0	4	2	3	0	1	0	0	0
OTU2876	0	0	0	0	0	0	0	0	0	0	0	0	0	0	0	0	0	0	0	0	0	0	0	0	0	0	0	0	2	0	0	0	0	0	0	0	0	0	0	0	0	1	0	3	0	9	0	0	0	0	0	0	0	0	2	2	0	0	0	0	0	1	0	0	0	0	0	0	0	0	0	0	0	0	0	0	1	0	2	0	0	2	0	2	0	4	0	0	0	13	0	0	4	5	0	8	1	0	0	0	0	0
OTU2877	0	3	0	0	0	0	0	0	0	0	1	0	0	0	0	0	0	0	0	0	0	0	0	0	0	0	3	0	0	8	0	0	0	0	0	0	1	0	6	0	0	0	0	0	0	0	0	1	0	0	0	0	0	0	0	0	0	0	0	0	0	0	0	0	0	0	0	0	0	0	0	5	0	0	0	0	14	0	0	0	0	0	0	0	0	0	23	0	0	0	0	3	0	0	0	0	0	0	0	0	0	0
OTU2878	0	0	0	0	0	0	0	0	0	0	0	0	0	0	0	0	0	0	0	0	2	0	0	0	0	0	0	0	0	1	8	0	0	0	0	0	0	0	3	0	14	0	5	0	0	0	2	0	0	2	2	1	8	1	0	0	0	0	0	0	0	0	0	0	0	0	0	0	0	4	0	0	0	1	3	0	0	21	6	2	0	0	0	0	8	0	4	0	0	8	0	1	0	1	0	11	0	0	0	0	0	0
OTU2879	0	0	0	0	0	0	0	0	0	0	0	0	0	0	0	0	0	0	0	0	0	0	0	0	0	0	0	0	0	6	0	0	0	0	0	0	0	0	0	0	0	1	0	0	1	0	0	0	36	0	0	15	0	0	0	0	0	0	2	0	0	0	0	0	0	0	1	0	0	0	1	0	0	4	0	0	0	0	29	0	0	0	0	0	0	0	0	0	0	25	0	0	0	0	3	0	0	0	0	0	0	0
OTU288	0	0	0	0	0	0	2	6	0	0	0	0	1	1	0	0	0	1	3	1	2	2	1	2	6	0	6	0	0	0	0	0	5	0	6	0	0	0	0	0	0	0	0	0	0	2	0	1	0	0	0	6	3	1	1	10	14	8	12	3	7	0	1	1	56	134	851	111	189	0	0	0	0	0	0	0	1	0	0	1	0	0	8	0	2	0	0	0	0	0	0	0	1	16	56	6	21	184	925	2759	293	522
OTU2880	0	0	0	0	0	0	0	0	0	0	0	0	0	0	0	0	0	0	0	0	0	0	0	0	0	0	1	0	0	0	15	0	0	0	0	0	7	0	0	0	30	0	6	0	0	0	0	0	0	0	0	0	2	0	0	0	0	2	4	0	0	0	0	0	0	0	0	0	0	0	0	0	0	1	0	0	0	0	10	0	6	1	0	0	4	1	0	0	0	1	0	0	0	1	2	0	1	0	0	0	0	0
OTU2881	0	0	0	0	0	0	0	0	0	0	1	0	0	0	0	0	0	0	0	0	0	0	0	0	0	0	0	2	0	0	3	0	0	0	0	4	0	0	2	0	0	0	0	0	0	0	3	25	0	0	0	0	0	0	0	0	0	2	0	0	0	0	2	0	0	0	0	0	0	0	0	0	0	6	0	0	0	0	0	0	0	0	7	5	9	7	0	0	0	0	2	0	0	20	1	5	1	0	10	0	0	0
OTU2882	0	1	0	0	0	0	0	0	0	0	0	0	0	0	0	0	0	0	0	0	0	0	0	0	0	0	0	0	0	0	1	0	0	0	0	0	0	0	0	0	0	0	0	0	0	0	0	0	0	1	0	0	0	0	0	12	64	0	0	0	0	0	0	0	0	0	0	0	0	2	0	0	0	0	0	0	0	0	0	0	0	0	0	0	0	0	0	0	0	0	0	0	0	0	0	0	0	0	0	0	0	0
OTU2883	0	0	0	0	0	0	0	0	0	0	0	0	0	0	0	0	0	0	0	0	0	0	0	0	0	0	1	0	0	0	3	0	0	0	0	0	0	0	0	0	0	0	10	0	0	0	0	0	0	7	0	0	2	0	0	0	0	0	0	0	0	0	0	0	0	0	0	0	0	0	2	0	0	1	9	5	2	15	0	0	0	4	0	0	0	0	0	12	4	0	0	0	0	0	0	0	0	0	0	0	0	0
OTU2884	0	0	0	2	0	0	0	1	1	0	0	0	2	0	0	0	0	0	1	0	1	0	0	0	0	0	1	11	23	8	9	1	1	2	3	1	0	5	0	0	7	1	11	26	16	119	42	33	20	0	0	0	3	3	64	19	33	30	54	0	0	0	0	0	1	0	0	0	2	1	28	1	4	1	10	3	5	22	2	5	0	1	14	14	5	10	0	14	2	18	2	0	8	16	66	18	6	0	0	1	6	0
OTU2885	0	0	0	0	0	0	0	0	0	0	0	0	0	0	0	0	0	0	0	0	0	0	0	0	0	0	0	0	0	0	0	0	5	1	0	0	0	0	0	0	0	0	0	0	8	2	0	0	0	0	0	0	0	0	0	2	4	6	0	1	0	0	0	0	0	0	0	0	0	0	0	0	0	0	0	0	0	0	0	0	0	12	0	0	0	0	0	0	0	0	0	0	15	0	0	2	13	2	0	0	0	0
OTU2886	0	1	0	0	0	0	0	0	0	0	0	0	0	0	0	0	0	0	0	0	0	0	0	0	0	0	28	5	1	0	0	1	0	0	4	0	0	2	0	0	0	1	3	3	19	0	41	9	0	1	1	1	0	0	2	7	39	0	62	0	3	0	1	0	3	44	1	2	0	0	1	0	0	0	0	0	0	0	0	0	2	2	50	2	0	23	1	0	0	7	0	0	15	30	43	20	1	26	20	5	32	13
OTU2887	0	2	0	0	0	0	0	0	0	0	0	0	0	0	0	0	0	0	0	0	0	0	0	0	0	0	2	0	3	0	0	0	0	0	1	0	3	4	12	0	0	3	0	0	0	0	2	0	0	11	0	0	0	0	0	0	0	0	0	0	0	0	0	0	0	0	0	0	0	0	0	0	0	0	0	0	10	0	1	0	0	1	0	0	0	0	6	7	14	0	0	0	0	0	0	0	2	0	0	0	0	0
OTU2888	0	0	0	0	0	0	0	0	0	0	0	0	0	0	0	0	0	2	0	0	0	0	0	0	0	0	0	0	0	2	0	0	0	0	2	0	0	0	0	0	0	0	0	0	0	0	0	0	0	0	0	0	0	0	0	0	0	0	0	0	0	0	0	0	0	0	2	0	0	0	0	0	0	0	0	0	0	0	0	0	0	0	0	0	0	0	0	0	0	0	0	0	0	0	0	0	0	0	0	59	3	29
OTU2889	0	0	0	1	0	0	0	0	0	0	0	3	0	0	0	0	0	0	0	0	0	0	1	0	1	0	4	6	3	1	4	0	0	0	0	0	40	1	0	0	8	0	0	2	0	6	0	0	0	0	0	3	0	0	0	0	0	2	1	0	0	0	0	0	0	0	0	0	0	0	0	0	1	0	13	2	0	6	0	11	0	0	0	0	0	0	41	2	14	0	0	4	0	0	0	0	0	0	0	0	0	0
OTU289	0	2	2	0	0	2	7	10	0	3	1	3	0	1	0	0	0	0	1	1	2	1	0	0	16	7	10	54	0	7	4	2	0	4	3	3	0	1	1	1	173	3	13	13	4	2	1	35	39	18	4	50	40	35	43	24	4	6	26	4	1	0	2	8	518	272	85	128	361	0	7	16	16	19	6	8	1	6	316	9	161	4	11	3	14	26	21	6	1	90	22	123	2	26	8	9	6	3	17	0	76	1
OTU2890	0	1	0	0	1	0	0	0	0	0	0	0	0	0	0	0	0	0	0	3	0	2	0	1	0	0	0	5	0	0	6	1	0	0	0	0	19	0	29	0	0	2	0	17	3	3	0	0	0	0	0	4	0	3	1	1	7	111	4	5	0	0	0	1	0	0	0	5	0	0	2	0	0	0	0	0	4	2	0	0	0	7	6	31	0	0	3	23	3	1	9	0	37	29	3	2	38	8	0	0	0	1
OTU2891	0	0	0	0	0	0	0	0	0	0	0	0	0	0	0	0	0	0	0	0	0	0	0	0	0	0	0	0	0	0	0	0	0	0	0	0	5	1	0	0	0	4	2	0	0	0	0	0	0	1	0	0	2	0	0	0	0	0	0	0	0	0	0	0	0	0	0	0	0	0	0	4	0	0	0	12	22	0	0	26	0	0	2	1	0	0	0	8	4	0	0	0	0	1	0	3	1	0	0	0	0	0
OTU2892	0	0	0	0	0	0	0	0	0	0	0	0	0	0	0	0	0	0	0	0	0	0	0	0	0	0	0	1	0	0	12	0	0	0	1	0	2	7	1	0	1	0	2	2	0	1	0	0	0	2	0	0	0	2	0	1	12	0	0	0	0	0	0	0	0	0	0	1	0	0	16	1	0	0	13	1	13	0	0	0	0	1	0	1	0	0	18	10	66	0	0	0	0	1	0	1	1	0	0	3	0	0
OTU2893	0	0	0	0	0	0	0	0	0	0	0	0	0	0	0	0	0	0	0	0	0	0	0	0	0	0	0	0	0	0	0	0	0	0	0	0	0	3	0	0	4	0	0	0	2	0	0	2	0	0	0	0	0	1	3	1	0	0	0	0	0	0	0	3	0	0	0	0	0	0	2	5	1	0	0	3	0	0	0	0	0	0	0	10	13	3	7	0	0	0	13	0	0	0	0	0	0	0	0	0	0	0
OTU2894	0	0	0	0	0	0	0	0	0	0	0	0	0	0	0	0	0	0	1	0	1	0	0	0	0	0	0	3	0	0	0	0	0	0	0	0	4	1	13	0	2	0	0	4	0	0	0	0	0	0	4	0	0	0	2	1	5	0	1	0	0	0	0	0	0	0	0	0	0	0	0	2	0	0	3	0	0	4	3	0	3	3	0	0	0	0	1	0	0	6	4	3	2	3	2	10	0	0	0	0	0	0
OTU2895	0	0	0	0	0	0	0	0	0	0	0	0	0	0	0	0	0	0	0	0	0	0	0	0	0	0	0	0	0	0	0	0	0	0	0	0	0	0	40	0	12	0	0	0	0	0	0	0	0	0	1	0	0	0	0	0	0	0	0	0	0	0	0	0	0	0	0	0	0	0	0	0	0	0	0	0	0	0	0	0	0	0	0	0	0	0	0	0	0	0	0	0	0	0	0	0	0	0	0	0	0	0
OTU2896	0	0	1	0	0	0	0	0	0	0	0	1	0	0	0	0	0	0	0	0	0	0	0	0	0	0	0	0	0	0	0	0	0	0	0	0	0	0	3	0	1	1	15	3	0	0	0	0	2	0	0	6	0	0	1	9	0	1	0	0	0	0	0	0	0	0	0	0	0	0	0	0	0	0	4	0	10	0	2	0	1	5	0	0	4	0	0	0	0	18	2	0	7	0	7	1	0	0	0	0	0	0
OTU2897	0	0	0	0	0	0	0	0	0	0	0	0	0	0	0	0	0	0	0	0	0	0	0	0	3	0	0	0	0	0	0	0	0	0	0	0	0	0	0	0	23	0	0	0	1	3	0	0	0	0	4	9	0	0	0	2	4	0	0	0	0	0	0	0	1	0	4	2	2	0	0	0	0	0	0	0	0	0	1	0	0	0	3	0	0	4	0	2	0	0	1	2	0	2	5	1	0	0	1	0	0	0
OTU2898	0	0	0	0	0	0	0	0	0	0	0	0	0	0	0	0	0	0	0	0	0	0	0	0	0	0	0	0	0	0	0	0	0	0	0	0	0	0	0	0	15	2	1	0	0	0	0	0	0	0	0	0	0	0	0	0	0	0	0	0	0	0	0	0	21	14	3	4	0	0	0	0	0	0	0	2	0	0	3	13	0	0	0	0	0	0	0	0	0	0	0	1	0	0	0	0	0	1	0	0	0	0
OTU2899	0	0	0	0	0	0	0	0	0	0	0	0	0	2	0	0	0	0	0	0	0	0	0	0	0	0	0	2	0	0	0	0	1	0	1	0	0	0	0	0	101	12	0	3	18	5	4	4	0	1	0	0	0	2	10	4	1	4	22	0	0	0	0	0	2	0	0	5	3	0	24	5	1	2	0	0	0	0	0	0	0	13	13	0	0	34	0	0	0	0	0	0	4	3	0	8	0	3	0	0	0	0
OTU29	1	29	7	4	2	2	0	15	1	3	696	28	6	14	4	4	5	1	1	2	0	8	54	2	1	4	102	380	393	114	121	3	5	2	8	1	1078	14985	438	2	307	219	179	103	41	276	136	45	65	110	25	178	50	104	64	46	462	58	71	11	0	2	0	3	3	2	6	0	35	36	458	130	31	44	54	822	2016	2393	229	386	89	301	19	167	14	276	3743	327	486	86	64	74	52	167	91	151	61	1	2	0	2	0
OTU290	0	12	4	0	1	6	0	12	1	1	2	4	0	1	1	0	0	2	4	3	0	0	3	0	0	0	12	470	5	7	4	0	0	2	123	0	13	96	1	1	16	153	7	2	8	117	85	6	6	12	1	6	15	30	16	32	23	14	11	2	0	0	0	0	0	0	2	0	0	7	893	9	4	5	4	703	326	7	7	10	13	36	4	1	5	8	114	1501	4761	6	4	5	9	17	11	15	13	0	0	0	1	0
OTU2900	0	0	0	0	0	0	0	0	0	0	0	0	0	0	0	0	0	0	0	0	0	0	0	0	0	0	0	0	0	0	0	0	0	0	0	0	1	1	0	0	1	2	0	0	0	0	0	0	0	0	0	0	0	0	0	0	0	0	0	0	0	0	0	0	0	0	0	0	0	2	13	1	0	0	0	0	18	0	0	0	0	0	0	0	0	0	12	0	17	0	0	0	0	0	0	1	0	0	0	0	0	0
OTU2901	0	0	0	0	0	0	0	0	0	0	0	0	0	0	0	0	0	0	0	0	0	0	0	0	0	0	1	0	0	0	0	0	0	0	0	0	0	0	0	0	0	0	0	19	0	0	2	0	0	0	0	0	0	0	5	5	0	4	1	2	0	0	0	0	0	0	0	0	0	0	0	0	0	0	0	0	0	0	0	0	0	19	0	0	0	0	0	0	0	0	0	0	2	0	0	0	0	0	0	0	0	0
OTU2902	0	0	0	0	0	0	0	0	1	0	0	0	0	0	0	0	1	0	0	0	0	0	0	0	0	0	0	0	0	0	0	2	0	0	0	0	2	0	0	0	0	0	0	64	0	0	0	0	0	0	5	0	0	17	4	1	172	2	0	0	0	0	0	0	0	0	4	0	0	0	0	0	0	2	0	0	0	1	0	0	0	2	4	0	0	0	4	0	0	1	0	0	1	1	2	0	0	0	0	0	0	0
OTU2903	0	0	0	0	0	0	0	1	0	0	0	0	0	1	0	0	0	0	0	0	0	0	0	0	0	0	0	0	0	0	0	0	0	0	0	0	0	0	0	0	0	0	0	0	3	2	0	0	0	0	0	0	0	2	2	14	0	0	0	0	1	0	0	0	0	0	0	0	0	0	0	2	0	1	0	0	0	0	0	0	0	0	30	0	7	0	0	0	0	0	0	0	2	0	1	6	0	0	0	0	0	0
OTU2904	0	0	0	0	0	0	0	0	0	0	0	0	0	0	0	0	0	0	0	0	0	0	0	0	0	0	0	0	0	0	0	0	0	1	0	0	0	0	0	0	0	0	2	12	3	12	0	6	1	2	0	0	0	1	1	67	5	3	0	0	0	0	0	0	0	3	0	0	1	0	0	0	0	1	0	0	0	0	3	0	0	0	0	1	3	0	0	0	0	0	0	0	7	1	0	0	3	0	0	0	0	0
OTU2905	0	0	0	0	0	0	0	0	0	0	0	0	0	0	0	0	0	0	0	0	0	0	0	0	0	0	0	0	0	0	0	0	0	0	0	0	0	1	0	0	0	0	0	0	4	0	2	0	8	0	0	1	0	34	10	9	0	2	0	0	0	0	0	0	0	0	0	0	0	0	0	0	23	0	0	0	0	3	2	0	2	5	0	0	0	3	0	0	1	3	5	11	6	1	1	3	8	0	7	0	15	2
OTU2906	0	0	0	0	0	0	0	0	1	0	0	3	0	0	0	0	0	0	0	0	0	0	0	0	0	0	0	2	0	0	0	4	0	0	0	0	0	0	0	0	0	3	1	0	1	2	1	1	11	9	0	0	5	5	4	0	0	2	4	2	0	0	0	0	0	0	1	0	2	0	0	1	3	0	2	0	2	1	8	0	1	3	4	0	1	1	0	0	0	2	2	4	1	2	8	3	0	1	0	0	6	0
OTU2907	0	0	0	0	0	0	1	0	0	0	0	2	0	0	0	0	0	0	0	0	0	0	0	0	0	0	0	0	0	0	0	0	0	0	0	0	0	0	0	0	0	0	1	1	0	0	0	0	0	0	0	87	3	0	0	3	0	0	0	0	2	0	0	0	0	0	3	2	0	0	0	3	0	0	0	0	0	0	0	0	27	1	14	0	0	0	3	0	0	0	1	1	0	0	4	4	1	0	9	4	29	0
OTU2908	0	0	0	0	0	0	0	0	0	0	0	0	0	0	0	0	0	0	0	0	0	0	0	0	0	0	0	0	0	0	0	0	0	0	0	0	0	0	0	0	0	0	0	0	0	2	0	0	0	0	0	0	0	0	29	24	0	2	0	0	0	0	0	0	1	1	19	0	0	1	0	2	0	0	0	0	0	0	0	0	0	8	0	0	0	0	0	0	0	0	0	2	0	0	0	6	2	0	0	0	0	0
OTU2909	0	0	0	0	0	0	0	0	0	0	0	0	0	0	0	0	0	0	0	0	0	0	0	0	0	0	0	0	0	0	0	0	0	0	0	0	0	0	0	0	0	0	0	0	0	0	0	0	0	0	0	0	0	0	0	3	0	0	0	0	0	0	0	0	0	61	0	0	0	0	0	0	0	0	0	0	0	0	0	0	0	0	0	0	0	0	0	0	0	0	0	0	0	0	0	0	0	2	3	0	0	0
OTU291	0	6	0	2	0	3	0	0	1	7	1	1	1	1	0	1	0	1	0	0	0	4	1	1	0	5	31	35	0	102	3	0	0	0	4	0	474	11	277	0	249	39	145	0	2	0	2	2	3	56	0	3	34	7	2	4	28	2	20	0	0	0	0	0	0	0	0	0	1	11	3	236	1	3	9	100	56	241	1	601	31	20	18	2	36	19	21	395	0	18	54	2	8	8	9	14	25	0	0	2	0	0
OTU2910	0	0	0	0	0	0	0	0	1	0	0	0	0	0	0	0	0	0	2	0	4	1	0	0	0	0	0	0	0	0	0	0	0	0	0	0	0	0	0	0	0	0	0	0	0	0	0	0	0	0	0	0	0	0	1	0	1	0	0	0	0	0	0	0	0	0	23	10	0	0	0	0	0	0	0	0	0	2	0	0	0	0	0	0	0	0	0	0	0	0	0	0	0	0	2	0	0	0	2	40	2	0
OTU2911	0	0	0	0	0	0	0	0	0	0	0	1	0	0	0	0	0	0	0	0	0	0	0	0	0	0	0	0	0	0	0	0	0	0	0	0	0	0	0	0	0	0	0	0	0	0	6	0	0	0	0	1	0	0	1	0	0	1	2	0	0	0	0	0	0	0	0	0	0	0	0	5	0	0	0	1	2	0	0	0	0	0	0	0	0	0	0	0	0	0	0	0	1	103	2	1	41	0	1	0	0	1
OTU2912	0	0	0	0	0	0	0	0	0	0	0	0	0	0	0	0	0	0	0	0	0	0	0	0	0	0	0	0	0	0	0	0	0	0	0	0	0	0	0	0	0	0	0	0	0	0	0	0	0	0	0	0	0	0	0	0	0	0	1	0	0	0	0	0	0	0	0	0	44	0	0	0	0	0	0	0	0	0	0	0	0	0	0	0	0	0	0	0	0	0	0	0	0	0	0	0	0	0	0	0	0	0
OTU2913	0	0	0	0	0	0	0	0	0	0	0	0	0	0	0	0	0	0	0	0	0	0	1	0	0	0	0	0	0	0	0	0	0	0	0	0	0	0	0	0	0	0	0	0	0	0	0	0	0	0	0	0	0	0	0	0	0	0	4	0	0	0	0	0	1	0	0	0	38	0	0	0	0	0	0	0	0	0	0	0	0	0	0	0	0	0	0	0	0	0	0	0	0	0	0	0	0	0	0	0	39	0
OTU2914	0	0	0	0	0	0	0	0	0	0	0	0	0	0	0	0	0	0	0	0	0	0	0	0	0	0	0	0	0	0	0	0	0	0	0	0	0	0	0	0	0	0	0	0	0	0	0	0	0	0	0	0	0	0	0	0	0	0	0	0	0	0	1	0	11	1	6	0	4	0	0	0	0	0	0	0	0	0	0	0	0	0	0	0	0	0	0	0	0	0	0	0	0	0	0	1	0	2	7	0	26	7
OTU2915	0	0	0	0	0	0	0	0	0	0	0	0	0	0	0	0	0	0	0	0	0	0	0	0	0	0	0	0	0	0	0	0	0	0	0	0	0	0	0	0	0	0	0	0	0	0	0	0	0	0	0	0	0	0	1	0	0	0	0	0	0	0	0	0	89	0	0	0	0	0	0	0	0	0	0	0	0	0	0	0	0	0	0	0	0	0	0	0	0	0	0	0	0	0	0	0	0	0	0	0	0	0
OTU2916	0	0	0	0	0	0	2	0	0	0	0	0	0	0	0	0	0	0	0	0	0	0	0	0	0	0	0	17	0	34	0	0	3	0	0	0	0	0	0	0	1	5	0	9	4	26	9	0	0	0	0	7	0	0	4	0	0	0	3	0	0	0	0	0	111	0	0	0	1	0	0	0	9	0	0	0	0	0	3	0	5	3	0	0	7	3	0	0	0	0	0	0	10	4	0	8	0	0	1	0	24	34
OTU2917	0	0	0	0	0	0	0	0	0	0	0	0	0	0	0	0	0	0	0	0	0	0	0	0	0	0	0	0	0	0	0	0	1	0	0	0	0	0	0	0	0	0	0	0	0	0	0	0	0	0	0	0	0	0	0	0	0	0	0	0	0	0	0	0	32	15	0	0	23	0	0	0	0	0	0	0	0	0	0	0	0	0	0	0	0	0	0	0	0	0	0	0	0	0	0	0	0	0	2	0	0	0
OTU2918	0	0	0	0	0	0	0	0	0	0	0	0	0	0	0	0	0	0	0	0	0	0	0	0	0	0	0	0	0	0	0	0	0	0	0	0	0	0	0	0	0	0	0	0	0	0	0	0	0	0	0	0	0	0	0	0	0	2	0	0	0	0	0	0	11	0	13	33	13	0	0	0	0	0	0	0	0	0	0	0	0	0	0	0	0	0	0	0	0	0	0	0	0	0	0	0	0	0	0	0	0	0
OTU2919	0	6	8	0	3	1	5	11	1	2	1	3	0	5	0	0	2	0	2	0	4	0	0	1	5	0	98	737	0	89	88	4	1	11	5	4	1	3	8	0	1035	46	184	150	71	410	155	164	141	305	19	103	202	77	416	21	16	18	135	14	2	0	10	1	13	0	41	0	7	2	3	31	26	115	0	166	16	8	101	7	203	174	72	47	163	98	12	134	11	36	206	9	20	38	194	354	30	0	53	148	98	110
OTU292	0	0	0	0	0	3	3	8	0	1	4	1	0	0	3	0	0	1	1	0	0	1	0	1	2	2	108	39	51	11	51	0	0	3	3	6	2	2	8	0	3	3	7	1	55	7	3	176	7	3	1	2521	54	12	23	49	47	37	53	4	17	1	1	4	150	717	472	206	88	4	13	7	9	248	1	4	8	6	10	2	6	10	649	19	102	13	21	2	10	2	15	9	26	44	355	96	32	14	9	10	11	3
OTU2920	0	0	0	0	0	0	0	0	0	0	0	0	0	0	0	0	0	0	0	0	0	1	0	0	0	0	0	0	0	0	0	0	0	0	0	0	0	0	0	0	0	0	0	0	0	0	0	0	0	0	0	0	0	0	0	4	0	0	0	0	0	0	0	0	0	76	1	0	0	0	0	0	0	0	0	0	0	0	0	0	0	0	0	0	0	0	0	0	0	0	0	0	0	0	0	0	0	0	0	0	0	1
OTU2921	0	0	0	0	0	0	0	0	0	0	0	0	0	0	0	0	0	0	0	0	0	0	0	0	0	0	0	0	0	0	0	0	0	0	0	0	0	0	0	0	0	0	0	0	0	0	0	0	0	0	0	0	0	0	0	0	0	0	0	0	0	0	0	0	0	0	71	0	0	0	0	0	0	0	0	0	0	0	0	0	0	0	0	0	0	0	0	0	0	0	0	0	0	0	0	0	0	0	0	0	0	0
OTU2922	0	0	0	0	0	0	0	0	0	0	0	0	0	0	0	0	0	0	0	0	0	0	0	0	0	0	0	0	0	0	0	0	0	0	0	0	0	0	0	0	0	0	0	0	0	0	0	0	0	0	0	0	0	0	0	0	0	0	0	0	0	0	0	0	0	0	46	0	0	0	0	0	0	0	0	9	0	0	0	0	0	0	0	0	0	0	0	0	0	0	0	0	0	0	0	0	0	0	0	0	0	0
OTU2923	0	0	0	0	0	0	0	0	0	0	0	0	0	0	0	0	0	0	0	0	0	0	0	0	0	0	0	0	0	0	0	0	0	0	0	2	0	0	0	0	0	0	0	0	0	1	0	3	0	0	0	0	0	0	1	0	0	5	6	0	0	0	0	0	0	0	10	17	78	0	0	0	0	1	0	0	0	0	0	0	0	3	9	0	1	3	0	0	0	0	0	0	2	0	0	0	0	0	0	3	0	0
OTU2924	0	0	0	0	0	0	0	0	0	0	0	0	0	0	0	0	0	0	0	0	0	0	0	0	0	0	0	0	0	0	0	0	0	0	0	0	0	0	0	0	0	0	0	0	0	0	0	0	0	0	0	0	0	0	0	0	0	0	0	0	0	0	0	0	0	0	0	35	0	0	0	0	0	0	0	0	0	0	0	0	0	0	0	0	0	0	0	0	0	0	0	0	0	0	0	0	0	0	0	2	0	0
OTU2925	0	0	0	0	0	0	0	0	0	0	0	0	0	0	0	0	0	0	0	0	0	0	0	0	0	0	0	0	0	0	0	0	0	0	0	0	0	0	0	0	0	0	0	0	0	0	0	0	0	0	0	0	0	0	0	0	0	0	0	0	1	0	0	0	0	0	1	2	0	0	0	0	0	0	0	0	0	0	0	0	0	0	0	0	0	0	0	0	0	0	0	0	0	3	0	0	0	0	76	0	0	0
OTU2926	0	0	0	0	0	0	0	0	0	0	0	0	0	0	0	0	0	0	0	0	0	0	0	0	0	0	0	0	0	0	0	0	0	0	0	0	0	0	0	0	0	0	0	0	0	0	0	0	0	0	0	0	0	0	0	0	0	0	0	0	0	0	0	0	2	0	0	0	1	0	0	0	0	0	0	0	0	0	0	0	0	0	0	0	0	0	0	0	0	0	0	0	0	0	0	0	0	0	6	41	12	1
OTU2927	0	0	0	0	0	0	0	0	0	0	0	0	0	1	0	0	0	0	0	0	0	0	0	0	0	0	2	8	0	0	0	0	0	0	0	0	0	0	0	0	0	0	1	0	0	3	0	4	0	0	0	0	2	0	0	1	0	0	0	0	0	0	0	2	0	0	0	0	0	0	0	0	0	0	0	1	0	0	0	2	4	69	4	0	6	75	1	0	0	0	0	0	0	0	0	3	0	0	0	1	0	0
OTU2928	0	0	0	0	0	0	0	0	0	0	0	0	0	0	0	0	0	0	0	0	0	0	0	0	0	0	0	0	0	0	0	0	0	0	0	0	0	0	0	0	0	0	0	0	0	0	0	0	0	0	0	0	0	0	0	0	0	0	0	0	0	0	0	0	0	0	0	0	0	0	0	0	0	0	0	0	0	0	0	0	0	0	0	0	0	0	0	0	0	0	0	0	0	0	0	2	0	0	0	0	18	41
OTU2929	0	0	0	0	0	0	0	0	0	0	0	0	0	0	0	0	0	0	0	0	0	0	0	0	0	0	0	0	0	0	0	0	0	0	0	0	0	0	0	0	0	0	0	0	0	0	0	0	0	0	0	0	0	0	0	0	0	0	0	0	0	0	0	0	0	0	0	0	0	0	0	0	0	0	0	0	0	0	0	0	0	0	0	0	0	0	0	0	0	0	0	0	0	0	0	0	0	101	0	0	0	0
OTU293	0	1	0	0	0	3	1	1	0	0	0	0	0	0	0	0	0	0	4	1	4	6	0	0	0	3	42	4	15	4	9	0	1	0	4	6	34	16	34	1	19	14	30	29	6	19	23	63	25	9	6	48	2	22	20	49	8	20	52	2	0	5	6	5	255	150	347	110	221	2	39	4	17	0	3	35	37	5	11	36	8	39	9	29	31	17	73	30	33	53	22	36	5	6	39	2	5	2	55	429	11	1
OTU2930	0	0	0	0	0	0	0	0	0	0	0	0	0	0	0	0	0	0	0	0	0	0	0	0	0	0	0	0	0	0	0	0	0	0	0	0	0	0	0	0	0	0	0	0	0	0	0	0	0	0	0	0	0	0	0	0	0	0	0	0	0	0	0	0	0	0	0	0	0	0	0	0	0	0	0	0	0	0	0	0	0	0	0	0	0	0	0	0	0	0	0	0	0	0	0	0	0	63	0	0	0	0
OTU2931	0	0	0	0	0	0	0	0	0	0	0	0	0	0	0	0	0	0	0	0	0	0	0	0	0	0	0	0	0	0	0	0	0	0	0	0	0	0	0	0	0	0	0	0	0	0	0	0	0	0	0	0	0	0	0	0	0	0	0	0	0	0	0	0	0	0	0	0	0	0	0	0	0	0	0	0	0	0	0	0	0	0	0	0	0	0	0	0	0	0	0	0	1	0	0	0	0	106	0	0	0	0
OTU2932	0	0	0	0	0	0	0	0	0	0	0	0	0	0	0	0	0	0	1	0	0	0	0	0	0	0	0	0	0	0	0	0	0	0	0	0	0	0	0	0	0	0	0	0	0	0	0	0	0	0	0	0	0	0	0	0	0	0	0	0	0	0	0	0	0	0	1	0	0	0	0	0	0	0	0	0	0	0	1	0	0	1	0	0	0	0	0	0	0	0	0	0	1	5	0	0	0	0	32	45	0	12
OTU2933	0	0	0	0	0	0	0	0	0	0	0	0	0	0	0	0	0	0	0	0	0	0	0	0	0	0	0	0	0	0	0	0	0	0	0	0	0	0	0	0	0	0	0	0	0	0	0	0	0	0	0	0	0	0	0	0	0	0	0	0	0	0	0	0	0	0	0	0	0	0	0	0	0	0	0	0	0	0	0	0	0	0	0	0	0	0	0	0	0	0	0	0	0	0	0	0	0	0	78	0	0	0
OTU2934	0	0	0	0	0	0	0	0	0	0	0	0	0	0	0	0	0	0	0	0	0	0	0	0	0	0	0	0	0	0	0	0	0	0	0	0	0	0	0	0	0	0	0	0	0	0	0	0	0	0	0	0	0	0	0	0	0	0	0	0	0	0	0	0	0	0	0	0	0	0	0	0	0	0	0	0	0	0	0	0	0	0	0	0	0	0	0	0	0	0	0	0	0	0	0	0	0	0	0	41	0	0
OTU2935	0	0	0	0	0	0	0	0	1	0	0	1	0	0	0	0	0	0	0	0	0	0	0	0	0	0	20	30	4	34	7	0	0	0	0	0	0	0	0	2	16	2	1	21	5	0	0	4	3	0	0	30	0	0	5	0	1	2	9	0	0	0	4	2	0	3	1	0	0	0	24	0	3	18	0	0	1	0	17	1	2	11	5	1	67	2	2	0	4	10	0	1	6	0	17	4	1	0	20	80	0	23
OTU2936	0	0	0	0	0	0	0	0	0	0	0	0	0	0	0	0	0	0	0	0	0	0	0	5	0	0	0	0	0	0	0	0	0	0	0	0	0	0	0	0	0	0	0	0	0	0	0	0	0	0	0	0	0	0	0	0	0	0	0	0	0	0	0	0	0	0	0	0	0	0	0	0	0	0	0	0	0	0	0	0	0	0	0	0	0	0	0	0	0	0	0	0	0	0	0	2	0	0	0	0	41	0
OTU2937	0	0	0	0	0	0	0	0	0	0	0	0	0	0	0	0	0	0	0	0	0	0	0	1	0	0	0	0	0	0	0	0	0	0	0	0	0	0	0	0	0	0	0	0	0	0	0	0	0	0	0	0	0	0	0	0	0	0	0	0	0	0	0	0	0	0	0	0	0	0	0	0	0	0	0	0	0	0	0	0	0	0	0	0	0	0	0	0	0	0	0	0	0	0	0	0	0	0	2	0	0	64
OTU2938	0	0	0	0	0	0	0	0	0	0	0	0	0	0	0	0	0	0	0	0	0	0	0	0	0	1	0	0	0	0	0	0	0	0	0	0	0	0	0	0	0	0	0	0	0	0	0	0	0	0	0	0	0	1	0	0	0	0	0	0	0	0	0	0	0	0	0	0	0	0	0	0	0	0	0	0	0	0	0	1	0	0	0	0	0	0	0	0	0	0	0	0	3	0	0	0	9	0	0	0	0	58
OTU2939	0	0	0	0	0	0	0	0	42	0	0	0	0	0	0	0	0	0	0	0	0	0	33	0	0	0	0	0	0	0	0	0	0	0	0	0	0	2	0	0	2	0	0	0	0	0	0	0	0	0	0	0	0	0	0	0	0	0	0	0	0	0	0	0	0	0	0	0	0	0	0	0	0	0	0	0	0	0	0	0	0	0	0	0	0	0	0	0	0	0	0	0	0	0	0	0	0	0	0	0	1	0
OTU294	0	3	0	0	0	0	0	3	0	0	0	2	4	0	0	0	0	3	11	0	4	10	0	0	0	0	3	2	0	129	179	0	2	1	4	0	277	0	2	0	627	449	108	0	6	2	3	4	5	104	1	7	3	15	1	22	3	3	3	1	0	0	0	2	3	547	1	1	1	183	4	1	5	96	7	113	7	159	5	2	3	5	3	2	1	2	5	4	166	5	0	36	5	4	30	16	17	8	245	810	0	559
OTU2940	0	0	0	0	0	0	0	0	0	0	0	0	0	0	18	0	67	0	0	0	0	0	0	0	0	0	0	0	0	0	0	0	0	0	0	0	0	0	0	0	0	0	0	0	0	0	0	0	0	0	0	0	0	0	1	0	0	0	0	0	0	0	0	0	0	0	0	0	0	0	0	0	0	0	0	0	0	0	0	0	0	1	0	0	0	0	0	0	0	0	0	0	0	0	0	0	0	0	0	0	0	0
OTU2941	0	0	0	0	0	0	0	0	0	0	0	0	0	0	0	0	0	0	1	0	0	0	0	0	0	0	0	0	0	11	0	0	0	0	0	0	1	1	0	0	0	0	0	7	5	9	0	0	0	0	0	0	0	1	2	14	15	0	0	0	0	0	0	0	0	0	0	0	0	0	0	0	0	0	0	0	0	0	0	0	0	24	0	0	0	0	0	0	0	0	1	0	1	0	0	0	0	0	0	0	0	0
OTU2942	0	0	0	0	0	0	0	0	0	0	0	0	0	0	0	0	0	0	59	0	0	0	0	0	0	0	0	0	0	0	0	0	0	0	0	0	0	0	0	0	0	0	0	0	0	0	0	0	0	0	0	0	0	0	0	0	0	0	0	0	0	0	0	0	0	0	0	0	0	0	0	0	0	0	0	0	0	0	0	0	0	0	0	0	0	0	0	0	0	0	0	0	0	0	0	0	0	0	0	0	0	0
OTU2943	0	0	0	0	0	0	0	0	0	0	0	0	0	0	0	0	0	0	0	0	0	1	0	0	0	2	0	0	0	0	0	0	0	0	0	0	0	0	0	0	0	0	0	0	0	0	0	0	0	0	0	0	0	0	0	0	0	0	1	0	0	0	0	0	25	0	1	0	41	0	0	0	0	0	0	0	0	0	0	0	0	0	0	0	0	0	0	0	0	0	0	0	0	0	0	0	0	0	0	0	0	10
OTU2944	0	0	0	0	0	0	0	0	0	0	0	0	0	0	0	0	0	0	0	0	0	0	5	0	1	0	0	0	0	0	0	0	0	0	0	0	0	3	0	0	2	0	0	0	0	0	0	0	5	0	0	0	0	2	0	0	0	0	0	0	0	0	0	0	0	0	0	0	0	2	7	0	1	0	0	0	1	0	14	0	14	0	0	0	0	0	2	0	0	0	1	15	0	0	0	0	0	0	0	2	0	0
OTU2945	0	0	0	0	0	0	0	0	0	0	0	0	0	0	0	0	0	0	0	0	0	0	0	2	0	0	0	0	0	0	0	0	0	0	0	0	0	0	0	0	0	0	0	0	0	0	0	0	0	0	0	0	0	0	0	0	0	0	0	0	0	0	1	0	0	0	0	0	0	0	0	0	0	0	0	0	0	0	0	0	0	0	0	0	0	0	0	0	0	0	0	0	0	0	0	0	0	0	52	0	0	0
OTU2946	0	0	0	0	0	0	0	0	0	0	0	0	0	0	0	0	0	0	0	0	0	0	0	0	0	0	55	0	0	0	0	0	2	0	0	0	0	0	0	0	0	0	0	0	0	0	0	0	0	0	0	0	0	0	0	0	0	0	0	0	0	0	0	0	0	3	0	0	0	0	0	0	0	0	0	0	0	0	0	0	0	0	0	0	0	0	0	0	0	0	0	0	1	0	0	0	0	0	0	0	0	0
OTU2947	0	0	1	0	0	0	1	0	0	0	0	0	0	0	0	0	0	0	0	0	0	0	0	0	0	0	12	4	0	19	0	0	1	0	0	0	0	0	3	0	1	11	5	2	2	0	17	3	1	5	3	24	36	1	2	2	0	2	7	0	0	0	0	0	0	1	32	1	0	0	0	0	3	10	0	1	0	1	4	4	6	7	3	9	6	2	0	0	0	3	0	27	2	8	9	45	3	0	6	0	0	0
OTU2948	0	0	0	0	0	0	0	0	0	0	0	0	0	0	0	0	0	0	0	0	0	0	0	0	0	0	4	7	33	9	12	0	1	0	1	0	0	0	0	0	0	0	0	0	2	0	0	0	8	0	0	0	5	0	0	0	0	0	0	0	0	0	0	0	0	0	0	0	0	1	0	0	0	2	0	0	0	0	3	2	2	0	0	4	0	0	0	0	0	0	0	0	0	6	10	2	0	0	3	0	0	0
OTU2949	0	1	0	0	0	0	0	0	0	0	0	0	0	0	0	0	0	0	0	0	0	0	0	0	0	0	4	0	0	0	4	0	0	0	0	0	0	0	1	0	52	5	1	0	0	0	0	0	2	0	0	0	0	0	0	0	0	0	0	0	0	0	0	0	0	0	0	0	1	0	0	0	0	11	4	1	0	0	0	0	1	0	0	0	0	0	0	0	3	0	1	0	0	0	0	0	0	0	0	0	0	0
OTU295	0	1	3	0	0	0	0	0	0	150	2	5	0	0	0	0	1	0	3	0	6	2	0	1	2	0	9	22	14	2	11	11	7	2	0	2	39	10	139	0	18	7	127	514	62	98	18	39	16	29	1	177	52	16	211	104	33	259	310	0	0	2	0	7	29	19	30	16	41	10	7	17	58	74	25	14	36	136	15	13	21	57	24	78	9	23	16	23	15	16	41	11	205	165	286	86	148	106	29	1	48	18
OTU2950	0	0	0	0	0	0	1	0	2	0	0	3	0	0	0	0	0	0	0	0	0	0	0	0	0	0	23	15	0	50	21	0	0	0	0	0	1	0	0	0	3	4	3	62	4	27	8	39	33	58	0	13	0	0	0	3	0	21	31	1	0	0	0	0	0	0	0	0	0	0	0	0	0	0	0	31	0	0	1	0	7	14	18	0	9	3	0	0	1	3	0	4	20	64	62	8	53	1	2	0	0	0
OTU2951	0	0	0	0	0	0	0	0	0	0	0	0	0	0	0	0	0	0	0	0	0	0	0	0	0	0	0	7	0	0	3	0	0	0	0	0	0	0	0	0	0	1	0	0	0	0	1	1	4	0	0	0	0	5	0	2	0	0	1	0	0	0	0	0	0	0	0	0	0	0	0	0	4	0	0	0	0	0	0	0	0	0	0	2	2	4	0	0	0	0	2	0	2	0	8	0	10	4	5	0	18	8
OTU2952	0	0	0	0	0	0	0	0	0	0	0	0	0	0	0	0	0	0	0	0	0	0	0	3	0	0	0	4	1	0	0	0	0	0	0	0	0	0	27	0	0	0	16	0	0	0	0	0	0	0	0	0	0	2	0	0	5	0	0	0	0	0	0	0	0	0	0	0	0	0	0	0	0	0	0	0	1	0	0	0	0	0	0	1	0	0	9	2	0	0	0	0	0	0	2	0	0	0	0	0	0	0
OTU2953	0	0	0	0	0	0	0	0	0	0	0	0	0	0	0	0	0	0	0	0	0	0	0	0	0	0	7	29	34	7	0	0	0	0	0	0	1	0	16	0	0	3	0	0	1	1	1	1	1	0	0	0	0	3	0	6	0	3	3	0	0	0	0	0	0	3	11	5	0	1	1	1	1	3	0	1	0	0	8	0	2	0	8	0	1	0	0	1	1	1	0	2	7	0	1	0	0	1	0	0	9	0
OTU2954	0	0	0	0	0	0	0	0	0	0	0	0	0	0	0	0	0	0	0	0	0	0	0	0	0	0	1	5	0	0	0	0	0	0	0	0	0	0	0	0	0	0	0	0	0	1	0	0	3	0	0	8	0	0	0	1	0	0	2	0	0	0	0	0	0	1	0	0	0	4	0	0	6	0	0	0	0	0	0	0	0	0	0	0	0	0	1	0	0	0	0	0	0	0	2	0	4	0	0	0	38	12
OTU2955	0	0	1	0	0	0	0	0	0	0	0	0	0	0	0	0	0	0	0	0	0	0	0	0	0	0	0	2	1	0	7	0	0	0	0	0	0	0	0	0	23	2	13	0	0	0	1	0	0	2	1	0	0	6	0	0	0	0	0	0	0	0	0	0	0	31	0	11	0	0	0	0	1	29	0	5	1	0	0	5	0	0	0	0	0	0	0	36	10	7	5	0	0	0	0	1	0	0	0	0	0	0
OTU2956	0	0	0	0	0	0	0	0	0	1	0	0	0	1	0	0	0	0	0	0	0	0	0	0	0	0	0	9	0	0	8	0	1	0	0	0	4	1	0	0	14	2	0	0	0	0	3	1	2	2	2	2	1	0	11	0	4	2	1	0	0	0	0	1	0	0	0	8	0	2	6	0	0	0	0	0	0	38	0	4	0	3	2	1	0	0	2	8	11	5	6	20	2	0	2	0	2	0	0	0	0	0
OTU2957	0	0	1	1	0	0	0	0	1	0	3	0	0	0	0	0	0	0	0	0	0	1	2	0	0	1	2	0	79	0	1	0	0	1	0	0	35	93	2	0	28	7	3	3	9	50	15	0	1	10	8	0	0	2	1	4	66	6	3	0	1	0	0	0	0	0	0	1	0	5	32	32	0	1	3	54	161	262	7	135	0	4	1	12	1	1	98	9	8	0	1	0	16	15	6	4	14	0	0	0	0	0
OTU2958	0	0	0	0	0	0	0	0	0	0	0	0	0	0	0	0	0	0	0	0	0	0	0	0	0	0	0	0	0	39	0	0	0	0	0	0	0	0	0	0	0	0	0	0	0	0	0	0	0	0	0	0	0	0	0	3	2	0	0	0	0	0	0	0	0	0	0	0	0	0	0	0	0	0	0	0	0	0	0	0	0	1	0	0	0	0	0	0	0	0	22	0	0	26	0	0	0	0	0	0	0	0
OTU2959	0	0	0	0	0	0	0	0	0	0	0	0	0	0	0	0	0	0	0	0	0	0	0	0	0	0	0	0	0	1	0	0	0	0	0	1	0	0	0	0	0	0	0	0	0	0	0	0	0	0	0	0	0	0	0	4	1	0	0	0	0	0	1	1	11	19	2	8	19	0	0	0	0	0	0	0	0	0	0	0	0	0	0	0	0	0	0	0	0	0	0	0	0	1	0	3	0	1	0	0	0	0
OTU296	0	6	0	3	0	0	0	0	0	0	0	2	0	1	2	0	1	1	1	0	0	0	1	1	0	0	6	6	22	2	2	0	0	7	3	0	2	77	217	1	2	5	6	3	28	146	4	4	3	34	3	2	6	16	6	6	103	8	19	0	0	0	0	0	0	0	3	0	4	1311	64	4	5	7	1	3	182	104	5	19	6	6	0	2	9	3	197	44	173	3	6	7	7	7	4	9	15	0	0	0	2	0
OTU2960	0	0	0	0	0	0	0	0	0	0	0	1	0	0	0	0	0	0	0	0	0	0	0	0	0	0	0	0	7	7	0	0	0	0	0	0	0	0	0	0	0	0	0	0	0	0	0	0	1	0	0	41	0	4	2	0	2	0	2	0	0	0	0	0	0	0	2	0	0	0	0	0	10	0	1	0	2	0	6	0	4	0	2	1	0	0	0	0	9	0	0	0	0	5	0	0	27	0	0	0	0	0
OTU2961	0	0	0	0	0	0	0	0	0	0	0	0	0	0	0	0	0	0	0	0	0	0	0	0	0	0	0	0	0	0	7	0	0	0	0	0	0	0	0	0	1	0	0	0	0	0	0	0	0	3	0	0	0	0	0	1	0	0	0	0	0	0	0	0	0	0	0	0	0	5	12	0	0	0	0	5	0	0	0	0	0	0	0	0	0	0	0	0	21	0	0	3	0	0	0	0	0	0	0	0	0	0
OTU2962	0	0	0	0	0	0	0	0	0	0	0	1	0	0	0	0	0	0	3	0	0	0	0	0	0	0	3	0	0	1	3	0	0	0	0	0	2	0	0	0	6	0	2	5	3	5	1	2	3	4	0	1	7	11	6	17	0	2	3	0	0	0	0	0	0	6	0	0	0	6	5	4	4	15	18	4	1	0	18	0	4	0	7	4	0	2	0	2	0	2	0	9	6	8	0	5	5	0	1	0	2	5
OTU2963	0	0	0	0	0	0	0	0	0	0	0	0	0	0	0	0	0	0	0	0	0	0	0	0	1	0	0	2	0	5	0	0	1	0	0	0	0	0	0	0	0	0	0	0	0	8	0	0	0	0	0	0	0	1	0	0	0	0	0	0	0	0	0	0	47	0	0	0	41	0	0	0	1	3	0	0	0	0	0	0	0	0	0	0	0	1	0	0	0	0	0	0	0	0	0	1	0	0	0	0	0	1
OTU2964	0	0	0	0	0	0	0	0	0	0	0	0	0	0	0	0	0	0	0	0	0	0	0	0	0	0	0	0	0	0	0	0	0	1	0	0	0	0	0	0	0	0	0	0	0	0	0	0	0	0	0	0	0	0	0	0	1	0	0	0	0	0	0	0	8	0	99	2	0	0	0	0	0	0	0	0	0	0	0	0	0	0	0	0	0	0	0	0	0	0	0	0	0	0	0	0	0	0	0	0	2	0
OTU2965	0	0	0	0	0	0	0	0	0	0	0	0	0	0	0	0	0	0	0	0	0	0	0	0	0	0	1	3	0	1	0	0	2	1	2	0	0	0	0	0	0	4	0	0	0	0	0	0	0	0	0	1	0	0	0	0	0	0	0	0	0	0	1	3	0	0	0	0	0	0	0	0	0	0	0	0	0	0	0	0	0	0	1	0	0	0	0	0	3	0	0	0	0	4	0	2	0	0	63	0	0	2
OTU2966	0	0	0	0	0	0	0	0	0	0	0	0	0	1	0	0	0	0	0	0	0	0	0	0	0	0	0	0	0	0	0	0	0	0	5	0	0	0	0	1	0	0	0	0	0	0	0	0	0	1	0	0	0	0	0	0	0	0	0	0	0	0	0	0	2	0	0	0	0	1	0	0	0	0	7	0	25	0	0	0	0	0	0	0	0	0	0	0	61	0	0	0	0	0	0	1	0	0	0	0	0	0
OTU2967	0	0	0	0	0	0	0	0	0	0	0	0	0	0	0	0	0	0	0	0	0	0	0	0	0	0	0	3	0	0	0	0	1	0	0	0	14	1	0	0	0	1	0	0	0	0	0	0	0	0	0	0	0	0	0	0	1	2	0	0	0	0	0	0	0	0	0	0	0	0	0	0	0	0	0	0	0	3	0	0	0	0	0	0	0	0	6	0	21	0	0	0	5	0	0	0	0	0	0	0	0	0
OTU2968	0	0	0	0	0	0	0	0	0	0	0	0	0	0	0	0	0	0	0	0	0	0	0	0	0	0	0	1	0	0	0	0	0	0	0	0	2	0	0	0	0	0	1	0	0	0	0	0	0	0	0	0	0	0	0	0	40	0	3	0	0	0	0	0	0	0	0	0	0	0	0	17	0	0	0	0	17	0	0	15	0	0	0	0	0	1	5	0	0	0	6	0	8	0	0	0	0	0	0	0	0	0
OTU2969	0	0	0	0	0	0	0	0	0	0	0	0	0	2	0	0	0	0	0	0	0	0	0	0	0	0	0	0	0	0	0	0	0	0	0	0	0	0	24	0	2	0	0	0	0	0	0	0	0	1	0	0	0	0	0	0	0	0	0	0	0	0	0	0	0	0	0	0	0	0	0	0	0	0	0	0	0	0	0	0	0	0	0	0	0	0	0	53	0	0	2	14	0	0	0	0	0	0	0	0	0	0
OTU297	1	3	2	1	1	1	1	1	4	0	0	5	0	1	0	1	1	0	6	0	1	0	1	5	0	0	41	51	3	70	20	0	0	2	8	0	216	126	556	0	197	55	93	1	20	93	4	9	17	11	11	15	28	18	1	22	346	9	9	1	0	0	0	0	0	0	11	0	2	99	144	115	27	9	3	57	153	96	20	83	22	59	2	13	7	13	52	121	221	23	64	18	51	38	19	28	11	0	0	0	0	0
OTU2970	0	0	0	0	0	0	0	0	0	0	0	0	0	2	0	0	0	0	0	0	0	0	0	0	0	0	2	3	0	0	0	0	0	0	2	0	2	6	68	0	27	60	91	0	0	19	0	1	1	0	1	0	1	1	6	4	23	6	1	0	0	0	0	0	0	0	0	0	0	4	1	1	0	0	3	1	1	11	2	1	0	7	0	0	3	6	1	1	30	0	2	2	0	0	4	1	5	0	0	0	0	0
OTU2971	0	1	0	0	0	0	0	0	0	0	0	0	0	0	0	0	0	0	0	0	0	0	1	0	2	0	0	0	1	1	3	3	3	0	4	0	33	28	18	0	34	5	0	11	42	1	0	22	0	18	5	0	0	4	1	14	53	2	6	0	0	0	0	0	0	0	3	0	0	2	0	81	0	0	1	5	68	6	8	0	0	3	4	51	5	2	37	5	9	0	1	2	0	2	5	3	0	0	0	0	0	2
OTU2972	0	0	0	0	0	0	0	0	0	0	0	0	0	0	0	0	0	0	0	0	0	0	0	0	0	0	0	0	0	0	0	0	1	1	0	0	0	0	0	0	2	0	0	21	20	7	0	0	0	0	0	1	0	0	1	2	11	0	1	0	0	0	0	0	0	0	0	0	0	0	0	0	0	0	0	0	2	0	0	0	0	6	0	0	0	0	0	0	0	0	0	0	0	0	0	3	2	0	0	0	0	0
OTU2973	0	0	0	0	0	0	0	0	0	0	0	1	0	0	0	0	0	0	0	0	0	0	0	0	0	0	0	6	0	7	1	0	0	0	0	2	0	1	3	0	2	1	1	8	5	0	0	1	0	8	1	2	1	1	48	2	7	0	2	0	0	0	0	0	0	0	0	0	0	4	5	14	1	0	0	2	0	0	1	0	0	7	1	0	0	0	0	3	0	1	0	0	2	0	0	0	8	0	0	0	0	0
OTU2974	0	0	0	0	0	0	0	0	0	0	0	0	0	0	0	0	0	0	0	0	0	0	0	0	0	0	5	0	0	0	0	0	0	0	0	0	1	0	0	0	0	0	8	3	6	2	8	0	0	0	0	0	0	1	1	0	0	1	10	0	0	0	0	0	0	0	0	0	0	1	0	0	0	0	0	0	0	0	0	1	0	14	1	0	0	0	0	20	2	0	0	0	1	0	1	5	13	0	0	0	0	0
OTU2975	0	0	0	0	0	0	0	0	0	0	0	0	0	0	0	0	0	0	0	0	0	0	0	0	0	0	0	0	0	0	0	0	0	0	0	0	0	0	3	0	0	0	0	26	0	0	0	2	0	0	0	0	0	0	168	0	0	44	181	0	0	0	0	0	9	0	0	0	1	0	0	0	0	0	0	0	3	1	0	2	0	0	1	0	0	19	1	0	0	0	0	0	0	57	0	0	0	0	0	0	0	0
OTU2976	0	0	0	0	0	0	0	0	0	0	0	0	0	0	0	0	0	0	0	0	0	0	0	0	0	0	4	0	0	0	0	0	1	0	0	0	9	0	0	0	2	2	0	9	0	7	0	0	6	0	0	0	0	0	0	8	39	4	1	0	0	0	0	0	0	0	0	0	0	4	8	0	10	0	3	6	1	0	13	0	2	3	0	0	0	7	0	0	0	0	4	0	6	0	6	1	0	0	0	0	0	0
OTU2977	0	0	0	0	0	0	0	0	0	0	0	0	0	2	0	0	0	0	0	0	0	0	0	0	0	0	4	0	1	0	0	0	0	0	0	0	0	0	0	0	2	1	0	3	1	0	0	0	10	0	0	0	5	0	0	0	1	3	4	0	0	0	0	0	0	0	0	0	0	0	0	12	7	15	2	0	0	0	1	0	0	0	3	1	3	0	0	0	0	0	0	0	0	2	3	1	0	0	0	0	0	15
OTU2978	0	0	0	0	0	0	0	0	0	0	0	0	1	0	0	0	0	0	0	0	0	1	0	0	0	0	3	2	0	0	0	0	0	0	0	0	1	0	0	0	0	1	0	0	6	1	4	5	6	0	0	4	0	0	3	5	0	10	0	0	0	0	0	0	1	0	0	0	4	0	1	2	2	1	16	0	0	0	9	0	0	6	4	1	6	1	0	0	0	4	12	0	1	5	5	1	2	0	13	11	11	0
OTU2979	0	0	0	0	0	0	0	0	0	0	0	0	0	0	0	0	0	0	0	0	0	0	0	0	0	0	0	0	0	0	0	0	0	0	0	0	0	0	0	0	0	0	0	0	0	25	0	0	0	0	0	0	0	0	0	7	2	0	0	0	0	0	0	0	0	1	0	0	0	0	0	0	0	0	0	0	0	0	0	0	0	16	0	0	0	0	0	0	0	0	0	0	5	0	0	0	0	0	0	0	0	0
OTU298	0	3	0	1	0	0	0	0	1	3	1	1	3	3	0	0	0	0	0	0	0	0	0	5	0	0	82	108	836	137	68	0	1	0	3	0	54	40	486	0	39	29	56	3	3	7	27	0	1	3	1	13	2	23	9	0	462	4	11	0	1	0	0	1	0	0	6	0	4	27	182	47	0	9	15	15	88	63	80	178	3	13	2	33	31	27	19	135	33	33	16	10	2	27	1	8	7	0	0	0	0	0
OTU2980	0	0	0	0	0	0	0	0	0	0	0	0	0	0	0	0	0	0	0	0	0	0	0	0	0	0	0	0	0	0	0	0	2	0	0	2	0	0	0	0	0	0	0	0	0	0	0	94	0	0	0	0	0	0	0	0	0	0	0	0	1	0	0	0	0	0	1	0	0	0	0	0	0	0	0	0	0	0	0	0	0	0	0	0	0	0	0	0	0	0	0	0	0	0	0	0	0	0	0	0	0	0
OTU2981	0	0	0	0	0	0	0	0	0	0	0	0	0	0	0	0	0	0	0	0	0	0	0	0	0	0	0	0	0	0	0	0	0	0	0	2	0	0	0	0	0	0	0	0	0	0	0	14	0	0	0	0	0	0	31	0	0	0	12	0	0	0	0	0	0	0	0	0	0	0	0	2	0	0	0	0	0	0	0	0	0	0	0	0	0	1	0	0	0	0	0	0	41	0	0	2	0	1	0	0	0	0
OTU2982	0	0	0	0	0	0	0	0	0	0	0	0	0	0	0	0	0	0	0	0	0	0	0	0	0	0	0	0	0	0	0	0	0	0	0	0	0	0	0	0	0	0	0	0	0	0	0	0	0	5	0	0	2	0	0	0	0	0	0	0	0	0	0	0	0	0	0	0	0	0	60	0	0	0	0	0	0	0	0	0	0	0	0	0	0	0	0	0	0	0	0	0	0	0	0	0	0	0	0	0	0	0
OTU2983	0	0	0	0	0	0	0	0	0	0	0	0	0	0	0	0	0	0	0	0	0	0	0	0	0	0	0	0	0	0	0	0	0	0	3	0	0	0	0	0	0	0	0	0	0	0	0	0	0	0	0	0	0	1	0	0	0	0	0	0	0	0	0	0	0	0	0	0	0	0	0	0	0	0	0	0	0	0	0	0	0	0	0	0	0	0	0	62	0	0	0	0	0	0	0	0	0	0	0	0	0	0
OTU2984	0	0	0	0	0	0	0	0	0	0	0	0	0	0	0	0	0	0	0	2	0	0	0	0	0	0	0	0	0	0	0	1	1	0	0	0	0	0	0	0	0	0	0	0	0	0	0	0	0	0	0	0	0	0	2	0	0	0	0	1	0	0	0	0	57	0	8	0	0	0	0	0	0	0	0	0	0	0	0	0	0	0	0	0	0	0	0	0	0	0	0	0	0	0	0	0	0	0	17	0	0	0
OTU2985	0	0	0	0	2	0	0	0	0	0	0	0	0	0	0	0	0	0	0	0	0	0	0	0	0	0	0	0	0	0	0	1	0	0	0	0	0	0	0	0	0	0	0	0	4	0	0	0	0	0	0	0	0	0	4	1	0	5	5	0	0	0	0	0	0	0	0	0	0	0	0	0	0	0	0	0	0	0	0	0	0	4	18	0	0	0	0	0	0	0	0	0	28	0	1	5	24	3	0	0	5	1
OTU2986	0	0	0	0	0	0	0	0	0	0	0	0	0	0	0	0	0	0	0	0	0	0	0	0	0	0	0	0	0	0	0	0	0	0	0	0	0	0	0	0	0	0	0	0	0	0	1	0	0	0	0	0	1	0	0	0	89	1	0	0	0	0	1	0	0	1	4	0	0	0	0	0	0	0	0	0	0	37	0	0	0	0	0	0	1	0	2	0	19	0	0	0	0	0	0	0	0	0	0	0	0	0
OTU2987	0	0	0	0	0	0	0	0	0	0	0	0	0	0	0	0	0	0	0	0	0	0	0	0	0	0	0	0	0	0	0	0	0	0	0	0	0	0	0	0	0	0	0	0	0	0	0	0	0	0	0	0	0	0	0	0	7	0	0	0	0	0	0	0	4	0	62	22	0	0	0	0	0	0	0	0	0	0	0	0	0	0	0	0	0	0	0	0	0	0	0	0	1	0	0	0	0	0	0	0	0	0
OTU2988	0	0	0	0	0	0	0	0	0	0	0	0	0	0	0	0	0	0	0	0	0	0	0	0	0	0	0	0	0	0	0	0	0	0	0	0	0	0	0	0	1	0	0	0	0	0	0	0	0	0	0	0	0	0	0	0	0	0	58	1	0	0	0	0	0	0	0	0	6	0	0	0	4	0	0	0	4	0	0	2	0	0	0	0	1	0	0	0	0	0	0	0	0	0	0	0	0	0	0	0	0	0
OTU2989	0	0	0	0	0	0	0	0	0	0	0	0	0	0	0	0	0	0	0	0	0	0	0	0	0	0	0	0	0	0	0	0	0	0	0	0	0	0	0	0	0	0	0	0	0	0	0	0	0	0	0	0	0	0	0	0	0	0	4	0	0	0	0	0	0	0	0	0	50	0	0	0	0	0	0	0	0	0	0	0	0	0	0	0	0	0	0	0	0	0	0	0	0	0	0	0	0	0	0	0	0	0
OTU299	0	2	0	0	0	0	3	0	0	0	1	1	0	2	0	0	0	2	2	0	0	0	0	1	0	2	0	0	1	0	3	1	8	1	2	11	1	0	0	1	0	5	5	5	89	32	51	195	0	0	0	6	7	218	3	0	0	47	20	4	1	0	0	2	3	1	4	2	1	1	2	2	0	2	0	4	4	0	60	0	0	3	33	31	1	83	0	3	4	29	1	4	11	181	383	27	3	2	1443	1191	733	1
OTU2990	0	0	0	0	0	0	0	0	0	0	0	0	0	0	0	0	0	0	0	0	0	0	0	0	0	0	0	0	0	0	0	0	0	0	0	0	0	0	0	0	0	0	0	0	0	0	0	0	0	0	0	0	0	0	0	0	0	0	0	0	0	0	0	1	0	0	0	0	0	0	0	0	0	0	0	0	0	0	0	0	0	0	0	0	0	0	0	0	0	0	0	0	0	0	0	0	0	0	0	0	62	0
OTU2991	0	0	0	0	0	0	0	0	0	0	0	0	0	0	0	0	0	0	0	0	0	0	0	0	0	0	0	0	0	0	0	0	0	0	0	0	0	0	0	0	0	0	0	0	0	0	0	0	0	0	0	0	0	0	0	0	0	0	0	0	0	0	0	0	53	0	0	0	0	0	0	0	0	0	0	0	0	0	0	0	0	0	0	0	0	0	0	0	0	0	0	0	0	0	0	0	0	0	0	0	0	0
OTU2992	0	0	0	0	0	0	0	0	0	0	0	0	0	0	0	0	0	0	0	0	0	0	0	0	0	0	0	0	0	0	0	0	0	0	0	0	0	0	0	0	0	0	0	0	0	0	0	0	0	0	0	0	0	0	1	0	0	0	0	0	0	0	0	0	16	9	20	18	25	0	0	0	0	0	0	0	0	0	0	0	0	0	0	0	0	0	0	0	0	0	0	0	0	0	0	0	0	1	10	2	13	0
OTU2993	0	0	0	0	0	0	0	2	0	0	0	0	0	0	0	0	0	0	0	0	0	0	0	0	0	0	0	0	0	0	0	0	0	0	0	0	0	0	0	0	0	0	0	0	0	0	0	0	0	0	0	0	0	0	2	0	0	6	0	0	0	0	0	0	61	0	1	15	0	0	0	0	0	0	0	1	0	0	0	0	0	0	0	0	0	0	0	0	0	0	0	0	0	0	0	0	0	0	0	0	1	0
OTU2994	0	0	0	0	0	0	0	0	0	0	0	0	0	0	0	0	0	0	0	0	0	1	0	0	0	0	0	0	0	0	0	0	0	0	0	0	0	0	0	0	0	0	0	0	0	0	0	0	0	0	0	0	0	0	0	2	0	0	0	0	1	0	0	1	0	93	0	0	2	0	0	0	0	0	0	0	0	0	0	0	0	0	0	0	0	0	0	0	0	0	0	0	0	0	0	0	0	0	0	0	0	0
OTU2995	0	0	0	0	0	0	0	0	0	0	0	0	0	0	0	0	0	0	0	0	0	0	0	0	0	0	0	0	0	0	0	0	0	0	0	0	0	0	0	0	0	0	0	0	0	0	0	0	0	0	0	0	0	0	0	0	0	0	0	0	0	0	0	0	0	27	0	0	13	0	0	0	0	0	0	0	0	0	0	0	0	0	0	0	0	0	0	0	0	0	0	0	0	0	0	0	0	0	0	0	0	0
OTU2996	0	0	0	0	0	0	0	0	0	0	0	0	0	0	0	0	0	0	0	0	0	0	0	0	0	0	0	0	0	0	0	0	0	0	0	0	0	0	0	0	0	0	0	0	0	0	0	0	0	0	0	0	0	0	0	0	4	0	0	0	0	0	0	1	0	1	71	58	0	0	0	0	0	0	0	0	0	0	0	0	0	0	0	0	0	0	0	0	0	0	0	0	0	1	0	4	0	0	27	0	37	5
OTU2997	0	0	0	0	0	0	0	4	0	0	0	0	0	0	0	0	0	0	1	1	0	0	0	0	0	0	0	0	0	0	0	0	2	0	0	1	0	0	0	0	0	0	0	0	0	0	0	0	0	0	0	0	0	0	0	0	1	1	0	0	0	0	0	3	0	0	1	3	1	0	0	0	0	0	0	1	0	0	0	0	0	0	0	0	0	0	0	0	0	0	0	0	0	4	0	1	0	0	61	0	41	181
OTU2998	0	0	0	0	0	0	0	0	0	0	0	0	0	0	0	0	0	0	0	0	0	0	0	0	0	0	0	0	0	0	0	0	0	0	0	0	0	0	0	0	0	0	0	0	0	0	0	0	0	0	0	0	0	0	0	0	0	0	0	0	0	0	0	0	0	0	0	0	45	0	0	0	0	0	0	0	0	0	0	0	0	0	0	0	0	0	0	0	0	0	0	0	0	0	0	0	0	0	0	0	0	0
OTU2999	0	0	0	0	0	0	0	0	0	0	0	0	0	0	0	0	0	0	0	0	0	0	0	0	0	0	0	0	0	0	0	0	0	0	0	0	0	0	0	0	0	0	0	0	0	0	0	0	0	0	0	0	0	0	0	0	0	0	4	0	0	0	0	0	0	0	0	0	67	0	0	0	0	0	0	0	4	0	0	0	0	0	0	0	0	0	0	0	0	0	0	0	0	0	0	0	0	1	0	0	0	0
OTU3	2	41	31	6	5	12	39	73	16	4	66	45	3	23	28	2	7	1	79	2	25	33	19	55	24	23	2967	2414	1048	3741	1964	66	157	58	119	40	567	931	2338	3	2661	2894	893	3564	5092	3464	2649	632	1073	1860	691	2207	855	1104	1967	2885	3209	1215	3266	51	53	19	45	90	2425	2992	4347	1815	3409	461	811	1028	1143	1074	1363	1337	1777	478	1118	245	985	1837	2875	1449	1929	1148	736	1205	622	1005	1501	2244	3010	1753	2324	3044	4927	4220	7798	5889	7387	7344
OTU30	1	25	6	0	0	3	22	41	4	3	14	1	0	7	7	10	4	0	36	5	45	24	12	26	39	18	884	948	410	572	1062	27	85	27	86	46	289	167	496	7	2405	285	763	477	463	374	353	728	168	544	152	1381	206	161	338	588	867	332	666	37	14	34	30	73	1820	1476	2043	899	1381	69	313	163	119	218	100	395	384	281	372	187	111	385	185	330	328	248	221	452	252	267	166	469	1086	676	565	1323	635	1944	2522	1027	2111	2666
OTU300	0	13	9	3	0	0	14	26	2	4	9	13	0	8	0	2	2	1	9	1	25	13	10	36	22	9	394	775	669	359	177	30	57	44	82	15	524	433	1957	0	791	107	677	1545	664	1211	611	334	220	259	57	414	257	249	612	999	4007	609	662	22	10	4	4	14	1155	428	885	802	1145	328	632	446	383	250	682	121	249	470	417	285	267	965	310	151	85	366	366	759	1019	410	111	257	1044	227	327	309	925	213	314	173	1500	299
OTU3000	0	0	0	0	0	0	0	0	0	0	0	1	0	0	0	0	0	0	0	0	0	0	0	0	0	0	1	0	0	0	0	0	0	0	0	0	0	0	0	0	3	0	0	0	1	0	0	5	0	0	0	2	0	8	6	0	2	0	2	0	0	0	0	0	14	7	6	0	9	0	0	2	4	2	5	0	1	0	2	5	4	0	18	0	5	9	2	0	1	6	2	4	6	3	10	3	3	41	6	22	39	14
OTU3001	0	0	0	0	0	0	0	0	0	0	0	0	0	0	0	0	0	0	0	0	0	0	0	0	0	0	2	0	0	0	0	0	0	0	1	0	0	0	0	0	0	0	0	0	0	0	0	0	0	0	0	0	0	0	0	0	0	0	0	0	0	0	0	0	0	0	0	0	0	0	0	0	0	0	0	0	0	0	0	0	0	0	7	0	10	0	0	0	0	0	0	0	0	5	1	2	0	0	0	0	58	0
OTU3002	0	0	0	0	0	0	1	0	0	0	0	0	0	0	0	0	0	0	0	0	0	0	0	0	0	0	0	0	0	0	0	0	0	0	0	0	0	0	0	0	0	0	0	0	0	0	0	0	0	0	0	0	0	0	0	0	0	0	0	0	0	0	0	2	0	0	0	0	2	0	0	0	0	0	0	0	0	0	0	0	0	0	0	0	0	0	0	0	0	0	0	0	0	2	0	0	0	0	103	0	2	0
OTU3003	0	0	0	0	0	0	0	0	0	0	0	0	0	0	0	0	0	0	0	0	0	0	0	0	0	0	0	0	0	0	0	0	0	0	0	0	0	0	0	0	0	0	0	0	0	0	0	0	0	0	0	0	0	0	0	0	0	0	0	0	0	0	0	0	0	0	0	0	0	0	0	0	0	0	0	0	0	0	0	0	0	0	0	0	0	0	0	0	0	0	0	0	0	0	0	0	0	0	0	66	0	0
OTU3004	0	0	0	0	0	0	0	0	0	0	0	0	0	0	0	0	0	0	0	0	0	0	0	0	0	0	0	0	0	0	0	0	0	0	0	0	0	0	0	0	0	0	0	0	0	0	0	0	0	0	0	0	0	0	0	0	0	0	0	0	0	0	0	0	0	0	0	0	0	0	0	0	0	0	0	0	0	0	0	0	0	0	0	0	0	0	0	0	0	0	0	0	0	0	0	0	0	0	0	52	0	0
OTU3005	0	0	0	0	0	0	0	0	0	0	0	0	0	0	0	0	0	0	0	0	0	0	0	0	0	0	0	0	0	0	0	0	0	0	0	0	0	0	0	0	0	0	0	0	0	0	0	0	0	0	0	0	0	0	0	0	0	0	0	0	0	0	0	0	0	0	0	0	0	0	0	0	0	0	0	0	0	0	0	0	0	0	0	0	0	0	0	0	0	0	0	0	0	0	0	0	0	0	0	68	0	0
OTU3006	0	0	0	0	0	0	0	0	0	0	0	0	0	0	0	0	0	0	0	0	0	0	0	0	0	0	0	0	0	0	0	0	0	0	0	0	0	0	0	0	0	0	0	0	0	0	0	0	0	0	0	0	0	0	0	0	0	0	0	0	0	0	0	0	0	0	0	0	0	0	0	0	0	0	0	0	0	0	0	0	0	0	0	0	0	0	0	0	0	0	0	0	0	0	0	0	0	0	0	34	0	0
OTU3007	0	0	0	0	0	0	0	0	0	0	0	0	0	0	0	0	0	0	0	0	0	0	0	0	0	0	0	0	0	0	0	0	0	0	0	0	0	0	0	0	0	0	0	0	0	0	0	0	0	0	0	0	0	0	0	0	0	0	0	0	0	0	0	0	0	0	0	0	0	0	0	0	0	0	0	0	0	0	0	0	0	0	0	0	0	0	0	0	0	0	0	0	0	0	1	0	0	0	0	48	0	0
OTU3008	0	0	0	0	0	0	0	0	0	0	0	0	0	0	0	0	0	0	0	0	0	0	0	0	0	0	0	0	0	0	0	0	0	0	0	0	0	0	0	0	0	0	0	0	0	0	0	0	0	0	0	0	0	0	0	0	0	0	0	0	0	0	0	0	0	0	0	0	0	0	0	0	0	0	0	0	0	0	0	0	0	0	0	0	0	0	0	0	0	0	0	0	0	0	0	0	0	0	0	77	0	0
OTU3009	0	0	0	0	0	0	0	0	0	0	0	0	0	0	0	0	0	0	0	0	0	0	0	0	0	0	0	0	0	0	0	0	0	0	0	0	0	0	0	0	0	0	0	0	0	0	0	0	0	0	0	0	0	0	0	0	0	0	0	0	0	0	0	0	0	0	0	0	0	0	0	0	0	0	0	0	0	0	0	0	0	0	0	0	0	0	0	0	0	0	0	0	0	0	0	0	0	0	0	43	0	0
OTU301	0	2	0	0	0	0	0	3	0	0	0	2	0	1	0	1	0	0	3	0	1	0	1	1	0	0	3	0	1	0	2	0	1	3	0	6	2	2	0	2	1	4	0	2	0	2	1	79	0	0	0	1	0	0	491	789	5	93	2	0	0	0	0	1	7	26	1	2	0	1	4	3	0	1	1	2	18	6	3	0	4	61	8	1	0	0	1	0	0	1	0	1	92	45	195	4	4	5	1437	559	5	0
OTU3010	0	0	0	0	0	0	0	0	0	0	0	0	0	0	0	0	0	0	0	0	0	0	0	0	0	0	0	0	0	0	0	0	0	0	0	0	0	0	0	0	0	0	0	0	0	0	0	0	0	0	0	0	0	0	0	0	0	0	0	0	0	0	0	0	0	0	0	0	0	0	0	0	0	0	0	0	0	0	0	0	0	0	0	0	0	0	0	0	0	0	0	0	0	0	0	0	0	0	0	39	0	0
OTU3011	0	0	0	0	0	0	0	0	0	0	0	0	0	0	0	0	0	0	0	0	0	0	0	0	0	0	0	0	0	0	0	0	0	0	0	0	0	0	0	0	0	0	0	0	0	0	0	0	0	0	0	0	0	0	0	0	0	0	0	0	0	0	0	0	1	0	0	0	0	0	0	0	0	0	0	0	0	0	0	0	0	0	0	0	0	0	0	0	0	0	0	0	0	0	0	0	4	0	0	2	0	330
OTU3012	0	0	0	0	0	0	0	0	0	0	0	0	0	0	1	0	0	0	0	0	0	0	0	0	0	0	4	7	0	0	3	0	0	0	0	0	0	0	1	0	0	19	2	1	2	0	0	5	0	1	0	3	0	2	1	0	0	0	3	0	0	0	0	0	0	0	0	0	0	0	0	3	0	6	8	5	0	2	2	1	2	4	5	0	3	3	1	6	0	0	0	0	0	1	5	4	1	0	0	0	0	0
OTU3013	0	0	0	0	0	0	0	0	0	0	0	0	0	0	0	0	1	0	0	0	0	0	0	0	0	0	0	0	2	0	0	0	0	0	0	0	0	0	0	0	0	0	0	0	0	0	0	3	0	0	0	0	0	0	0	0	0	11	0	0	0	0	0	0	0	0	1	2	0	0	0	1	0	0	0	0	0	1	0	0	2	0	1	20	6	0	0	0	0	0	0	0	1	13	0	26	0	0	0	0	1	0
OTU3014	0	0	0	0	0	0	0	0	0	0	0	0	0	0	0	0	0	1	0	0	0	0	0	0	0	0	0	0	0	12	0	0	0	0	0	0	0	1	0	0	0	0	0	0	0	0	0	0	2	0	0	0	0	0	0	2	0	0	0	0	0	0	0	0	3	0	0	0	0	0	0	0	0	1	0	0	0	0	5	1	2	0	2	1	0	0	0	0	0	1	5	1	0	5	4	0	1	1	26	0	0	3
OTU3015	0	0	0	0	0	0	0	0	0	0	0	0	0	0	0	0	0	0	0	0	0	1	3	0	1	0	0	0	0	0	0	0	0	2	1	0	0	22	5	0	10	8	0	0	0	0	0	0	0	0	0	0	0	0	1	0	0	0	1	0	0	0	0	0	0	0	0	0	0	0	0	0	0	0	4	0	0	0	0	0	2	0	0	0	1	0	1	12	9	0	1	0	0	1	0	1	0	0	0	0	0	0
OTU3016	0	0	0	0	0	0	0	0	0	0	0	0	0	0	0	0	0	1	0	0	0	0	0	1	0	1	1	0	0	0	2	0	0	0	0	0	0	0	3	0	0	2	0	0	0	0	0	0	0	0	5	0	0	0	0	0	6	0	0	0	0	0	0	0	0	0	0	0	0	0	0	0	0	1	1	2	7	2	4	2	0	1	0	0	0	0	6	0	6	0	0	0	0	0	0	0	0	0	0	0	0	0
OTU3017	0	6	0	0	0	0	0	4	0	0	2	1	0	1	0	0	0	0	0	0	0	0	1	2	0	0	3	18	12	16	15	0	0	0	2	0	13	14	18	3	41	11	29	21	30	6	14	21	7	12	1	13	2	11	21	16	14	9	10	1	3	3	0	1	4	2	4	0	0	8	2	18	4	12	23	10	12	8	7	2	9	6	24	45	4	11	5	12	10	10	10	21	27	22	13	38	48	2	10	0	24	23
OTU3018	0	0	0	0	0	0	0	0	0	0	0	0	0	0	0	0	0	0	0	0	0	0	0	0	0	0	20	0	0	0	0	0	0	0	0	0	0	0	0	0	0	1	0	11	0	0	0	10	0	0	0	0	0	12	0	0	0	7	0	1	0	0	0	0	0	0	0	0	0	0	0	0	1	0	0	0	2	0	0	1	0	1	0	9	3	5	0	0	0	0	0	0	0	0	0	2	0	0	0	0	0	0
OTU3019	0	0	0	0	0	0	0	0	0	0	0	0	0	0	0	0	0	0	0	0	1	0	0	0	0	0	2	0	6	10	0	0	0	0	0	0	0	0	0	0	0	0	0	0	1	0	1	11	1	0	0	3	0	1	0	0	0	0	0	0	0	0	0	0	0	0	0	0	0	1	0	0	1	6	5	0	0	1	1	0	0	0	11	1	0	2	1	0	0	0	0	0	2	6	5	3	1	0	1	0	0	0
OTU302	0	2	1	0	0	4	0	5	0	0	0	1	0	1	0	0	0	0	3	0	1	0	4	18	0	3	24	53	70	69	24	0	8	1	27	0	19	62	449	0	258	142	97	5	17	30	8	24	43	18	18	34	21	18	9	7	37	22	24	0	0	0	0	0	0	0	3	0	0	87	47	43	10	58	125	11	13	112	27	20	14	14	18	6	9	14	43	133	337	95	26	50	15	42	14	22	13	0	11	2	30	34
OTU3020	0	0	0	0	0	0	0	0	0	0	0	0	0	0	0	0	0	0	0	0	0	0	0	0	0	0	8	7	20	8	0	0	0	1	0	0	0	0	6	0	2	0	0	7	5	0	0	0	0	0	0	0	3	0	0	7	0	0	1	0	0	0	0	0	0	12	0	0	0	0	0	0	12	0	0	0	0	1	2	0	0	3	3	0	0	2	0	0	3	6	0	2	0	1	0	1	0	0	0	0	0	0
OTU3021	0	0	0	0	0	0	0	0	0	0	0	0	0	0	0	0	0	0	0	0	0	0	0	0	0	0	0	10	9	0	0	0	0	0	1	0	14	0	0	0	0	0	0	0	1	0	1	0	0	0	0	0	0	0	0	0	0	0	0	0	0	0	0	0	0	0	0	0	0	0	0	0	0	0	0	0	4	0	0	0	0	0	0	0	0	0	0	0	12	0	0	0	0	0	0	3	0	0	0	0	0	0
OTU3022	0	0	0	0	0	0	0	0	0	0	0	0	0	0	0	0	0	0	3	0	1	0	0	3	3	0	0	0	10	1	0	0	0	0	0	0	0	7	6	0	0	0	0	0	0	0	7	0	0	3	0	1	3	0	0	0	18	0	0	0	0	0	0	0	0	0	1	0	0	1	12	2	0	1	13	3	2	0	0	2	0	0	0	0	2	0	0	4	16	0	0	0	0	1	1	3	0	0	0	0	0	0
OTU3023	0	0	0	0	0	0	0	0	0	0	0	0	0	0	0	0	0	0	0	0	0	0	0	0	1	0	0	0	0	4	0	0	0	0	0	0	1	0	0	0	0	1	0	3	10	0	0	0	26	0	0	0	0	1	0	2	3	0	0	0	0	0	0	0	0	3	11	0	0	0	0	0	0	0	1	8	0	0	9	0	0	0	3	0	0	3	7	0	0	3	0	1	0	15	13	11	8	0	5	0	0	30
OTU3024	0	0	0	0	0	0	0	0	0	0	0	0	0	0	0	0	0	0	0	0	0	3	0	1	0	0	0	0	0	13	0	0	0	0	0	0	0	0	0	0	1	0	0	0	0	0	0	0	0	0	0	19	0	0	0	0	0	0	9	0	0	0	0	0	0	0	1	0	0	0	0	0	0	0	0	0	0	0	10	0	0	0	7	0	0	1	0	0	0	8	23	0	14	7	5	4	2	4	23	78	47	43
OTU3025	0	0	0	0	0	0	0	0	0	0	0	0	0	0	0	0	0	0	1	0	0	0	0	0	1	0	0	6	0	9	9	0	0	0	1	0	0	0	0	0	5	5	1	0	0	1	2	8	12	1	0	0	0	7	2	0	0	0	0	0	4	0	0	0	0	0	0	0	0	0	25	0	8	0	2	1	0	1	0	0	0	3	1	0	5	0	1	0	0	6	13	5	3	3	1	10	0	0	0	1	0	0
OTU3026	0	0	0	0	0	0	0	0	0	0	0	0	0	0	0	0	0	0	0	0	0	0	0	0	0	0	0	0	0	0	0	1	0	0	0	0	1	0	1	0	0	0	0	18	0	0	0	0	0	0	0	0	0	0	0	0	0	0	0	0	0	0	0	0	0	0	0	0	0	0	0	0	0	0	14	0	0	0	0	0	0	0	0	0	0	0	0	0	0	0	0	0	0	22	0	0	1	0	0	0	0	0
OTU3027	0	0	0	0	0	0	0	0	0	0	0	0	0	0	0	0	0	0	0	0	0	0	0	0	0	0	1	0	0	0	1	0	0	0	1	0	0	6	0	1	8	2	0	0	0	0	4	0	0	3	1	0	0	0	0	1	3	0	0	0	0	0	0	0	0	0	0	0	0	2	0	11	0	0	0	7	3	8	0	2	0	0	1	3	0	0	7	16	3	0	0	0	0	0	0	9	0	0	0	0	0	0
OTU3028	3	0	0	0	0	0	0	0	0	0	0	0	0	0	0	0	0	0	0	0	0	1	0	0	0	0	0	0	0	0	0	0	0	0	2	0	8	0	0	0	0	0	1	0	0	0	0	0	0	6	4	0	3	0	2	0	12	0	0	0	0	0	0	0	0	0	0	0	0	4	0	0	0	0	0	0	12	0	0	7	0	0	0	0	0	0	0	16	0	0	0	0	0	1	0	0	0	0	0	0	0	0
OTU3029	0	0	0	0	0	0	0	0	0	0	0	0	0	0	0	0	0	0	0	0	0	0	0	0	0	0	0	1	0	1	0	0	0	0	0	0	43	0	0	0	0	3	0	0	0	0	0	1	0	0	0	0	4	0	0	0	0	0	0	0	0	0	0	0	0	0	0	0	0	0	3	0	0	1	0	4	12	0	0	4	0	0	0	0	1	0	0	0	0	0	0	2	0	0	0	0	0	0	0	0	0	0
OTU303	0	5	0	1	0	0	0	1	0	2	0	0	0	4	0	0	0	2	1	0	2	3	0	0	0	1	181	114	586	79	94	0	10	0	5	0	205	53	111	6	21	50	30	20	15	18	21	8	40	41	9	163	24	27	22	16	77	8	11	1	0	4	2	1	64	52	64	47	1	56	117	66	23	20	108	123	152	53	48	77	18	65	38	36	33	23	111	154	171	26	127	31	18	48	15	60	43	1	2	3	0	0
OTU3030	0	0	0	0	0	0	0	0	0	0	0	0	0	0	0	0	0	0	0	0	1	0	0	0	0	0	0	0	0	0	0	0	0	0	0	0	0	0	1	0	0	0	0	0	0	4	1	3	0	0	3	0	0	0	0	0	0	24	0	0	0	0	0	0	0	0	0	2	0	0	0	0	0	0	0	0	0	0	0	0	0	0	0	0	0	0	0	0	0	0	0	0	0	2	10	41	0	0	0	7	1	0
OTU3031	0	0	0	0	0	0	0	0	0	0	0	0	0	0	0	0	0	0	0	0	0	0	0	0	0	0	0	0	0	0	0	0	0	0	0	0	0	0	0	0	4	8	0	0	0	0	0	0	0	0	0	0	0	2	2	1	15	0	0	0	0	0	0	0	0	0	1	0	0	0	0	0	0	0	2	0	10	0	0	0	5	0	0	1	0	0	0	31	1	0	0	19	0	0	0	0	0	0	0	0	0	0
OTU3032	0	0	0	1	0	0	0	0	0	3	1	2	0	0	0	0	0	0	1	0	1	0	0	0	0	0	5	1	0	2	0	0	0	2	6	0	1	0	0	0	5	17	3	0	0	6	12	2	3	0	0	6	0	0	1	4	0	0	0	0	0	0	0	0	0	0	0	0	0	0	0	2	0	3	0	0	5	0	2	1	0	0	1	0	0	0	0	5	0	0	3	12	0	6	0	0	4	0	0	0	0	3
OTU3033	0	0	0	0	0	0	0	0	0	0	0	0	0	0	0	0	0	0	0	0	0	0	0	0	0	0	0	0	0	0	0	0	0	0	0	0	0	0	0	0	0	0	0	35	0	0	0	0	0	0	0	10	0	0	0	0	0	0	0	0	0	0	0	0	0	0	0	0	0	0	0	0	0	0	0	4	0	0	0	0	0	8	0	8	0	0	0	0	0	0	0	0	0	0	0	0	0	0	0	0	0	0
OTU3034	0	0	0	0	0	0	0	0	0	0	0	0	0	0	0	0	0	0	0	0	0	0	0	0	0	0	0	0	0	2	0	0	0	0	0	0	0	0	0	0	0	0	0	0	1	0	0	0	9	2	0	0	7	6	0	0	0	0	0	0	0	0	0	0	0	0	0	0	0	0	0	4	0	12	6	0	0	0	0	0	0	2	0	0	0	0	0	0	0	0	2	0	0	3	1	0	0	0	1	0	0	0
OTU3035	0	0	0	0	0	0	0	0	0	0	0	0	0	1	0	0	0	0	0	0	0	0	0	0	2	0	1	2	1	0	0	0	6	0	0	2	1	0	0	0	4	1	3	0	0	0	0	2	14	0	0	0	4	2	1	0	0	1	0	0	0	1	3	0	14	0	34	31	8	0	0	0	0	0	0	0	0	0	6	0	2	0	0	0	0	1	0	0	0	0	8	1	2	4	6	20	0	0	16	1	98	15
OTU3036	0	0	0	0	0	0	0	0	0	0	0	0	1	0	0	0	0	0	0	0	0	0	0	0	0	0	0	0	0	0	0	0	0	0	0	0	0	0	0	0	0	2	0	0	0	0	0	0	10	16	0	26	0	0	0	0	0	0	0	0	0	0	0	0	0	0	1	0	0	0	2	0	0	0	0	0	0	0	14	0	0	7	0	0	0	0	0	0	0	0	0	0	0	0	8	0	0	0	0	0	0	0
OTU3037	0	0	0	0	0	0	0	0	0	0	0	0	0	0	0	0	0	0	0	0	0	0	0	0	0	0	0	0	0	0	0	0	0	0	0	0	1	0	0	0	2	0	0	0	0	0	0	1	0	0	0	11	0	0	0	0	0	2	28	0	0	0	0	0	0	0	0	0	0	0	0	0	0	3	0	0	0	0	6	0	0	4	0	0	0	0	0	0	0	0	0	0	13	0	0	0	1	0	0	0	0	4
OTU3038	0	0	0	1	0	0	0	0	0	0	0	0	0	0	0	0	0	0	0	0	0	0	0	0	0	0	0	0	0	0	0	1	0	0	0	0	0	0	0	0	0	0	0	0	0	0	4	0	0	0	0	0	0	0	71	1	0	0	0	0	0	0	0	0	3	0	0	0	0	0	0	0	0	0	0	0	0	0	0	0	0	1	0	0	0	21	0	0	0	0	0	0	0	1	0	0	0	0	0	0	0	0
OTU3039	0	0	0	0	0	0	0	2	0	0	0	0	0	0	0	0	0	0	0	0	0	0	0	0	0	0	0	0	0	0	0	0	0	0	0	0	0	0	0	0	0	0	0	0	0	0	0	0	0	0	0	0	0	0	4	3	0	0	0	0	0	0	0	0	12	31	0	0	0	0	0	0	0	0	0	0	0	0	0	0	0	0	0	0	0	0	0	0	0	0	0	0	0	0	0	0	0	1	0	0	2	0
OTU304	1	4	0	0	2	1	1	2	1	0	8	3	0	0	1	0	0	0	10	0	1	2	2	2	5	0	7	48	10	60	100	2	7	7	6	2	14	59	7	0	87	253	8	353	187	266	26	161	172	32	6	9	18	17	127	314	49	125	115	2	1	0	0	0	42	4	94	113	6	0	8	33	5	27	17	13	26	9	59	1	17	150	56	0	71	48	23	7	7	7	6	258	198	92	84	281	125	8	131	0	51	226
OTU3040	0	0	0	0	0	0	0	0	0	0	0	0	0	0	0	0	0	0	0	0	0	0	0	0	0	0	0	0	0	0	0	0	0	0	0	0	0	0	0	0	0	0	0	0	9	6	0	3	4	0	0	0	0	0	0	2	11	0	0	0	0	0	0	0	1	0	39	0	0	0	0	0	0	0	0	0	0	0	0	0	0	3	0	0	0	0	0	4	0	0	0	0	5	0	0	0	0	0	0	0	0	0
OTU3041	0	0	0	0	0	0	0	0	0	0	0	0	0	0	0	0	0	0	0	0	0	0	0	0	0	0	0	0	0	0	0	0	0	0	0	0	0	0	0	0	0	0	0	0	0	0	3	0	0	0	0	0	0	0	0	0	46	2	1	0	0	0	0	0	0	0	5	0	0	0	0	0	0	0	0	0	0	0	0	0	0	0	0	0	0	0	0	0	0	0	0	0	1	0	0	1	0	0	0	0	0	0
OTU3042	0	0	0	0	0	0	0	0	0	0	0	0	0	0	0	0	0	0	0	0	0	0	0	0	0	0	0	0	0	0	0	1	0	0	0	0	0	0	0	0	0	0	0	0	0	0	0	0	0	0	0	0	0	0	0	0	0	0	1	0	0	0	0	0	0	0	0	59	38	0	0	0	0	0	0	0	0	0	0	0	0	0	0	0	0	0	0	4	0	0	0	0	0	0	0	4	0	0	0	0	0	0
OTU3043	0	0	0	0	0	0	0	0	0	0	0	0	0	0	0	0	0	0	0	0	0	0	0	0	0	0	0	0	0	0	0	0	0	0	0	0	0	0	0	0	1	0	0	0	0	0	0	1	0	0	0	0	0	0	0	0	0	0	0	0	0	0	0	0	20	15	0	29	1	0	0	0	0	0	0	0	0	0	0	0	0	0	0	4	5	0	0	0	0	0	0	0	0	0	0	0	4	1	0	0	0	3
OTU3044	0	0	0	0	0	0	1	0	0	0	0	0	0	0	0	0	0	0	0	0	0	0	0	0	0	0	0	0	0	0	0	0	0	0	0	0	0	0	0	0	0	0	0	0	0	0	0	0	0	0	1	0	0	0	2	1	0	0	0	0	0	0	0	0	35	0	7	1	9	0	0	0	0	6	0	3	0	0	0	0	0	0	0	0	0	0	11	0	0	0	0	0	0	0	0	0	0	0	0	0	0	0
OTU3045	0	0	0	0	0	0	0	0	0	0	0	0	0	0	0	0	0	0	0	0	0	0	0	0	0	0	0	0	0	0	0	0	0	0	0	0	0	0	0	0	0	0	0	0	0	0	0	0	0	0	0	0	0	0	0	0	0	0	0	0	0	0	0	0	11	0	2	12	11	0	0	0	0	0	0	0	0	0	0	0	0	0	0	0	0	0	0	0	0	0	0	0	0	0	0	0	0	14	0	0	0	3
OTU3046	0	0	0	0	0	0	0	0	0	0	0	0	0	0	0	0	0	0	0	0	0	0	0	0	0	0	0	0	0	0	0	0	0	0	0	0	0	0	0	0	0	0	0	0	0	0	0	0	0	0	0	0	0	0	0	0	0	0	0	0	0	0	0	0	2	0	0	0	0	0	0	0	0	0	0	0	0	0	0	0	0	0	0	0	0	0	0	0	0	0	0	0	0	0	0	0	0	0	0	46	0	5
OTU3047	0	0	0	0	0	0	0	0	0	0	0	0	0	0	0	0	0	0	0	0	0	0	0	0	0	0	0	0	0	0	0	0	0	0	0	0	0	0	0	0	0	0	0	0	0	0	0	0	0	0	0	0	0	0	0	0	0	0	0	0	0	0	0	0	0	0	0	56	0	0	0	0	0	0	0	0	0	0	0	0	0	0	0	0	0	0	0	0	0	0	0	0	0	0	0	0	0	0	0	0	0	0
OTU3048	0	0	0	0	0	0	0	0	0	0	0	0	0	0	0	0	0	0	0	0	0	0	0	0	0	0	0	0	0	0	0	0	0	0	0	0	0	0	0	0	0	0	0	0	0	0	0	0	0	0	0	0	0	0	0	0	0	0	0	0	0	0	0	0	0	0	0	45	0	0	0	0	0	0	0	0	0	0	0	0	0	0	0	0	0	0	0	0	0	0	0	0	0	0	0	0	0	0	0	0	0	0
OTU3049	0	0	0	0	0	0	0	0	0	0	0	0	0	0	0	0	0	0	0	0	0	0	0	0	0	0	0	0	0	0	0	0	0	0	0	0	0	0	0	0	0	0	0	0	0	0	0	0	0	0	0	0	0	0	0	0	0	0	0	0	0	0	0	0	2	0	0	0	38	0	0	0	0	0	0	0	0	0	0	0	0	0	0	0	0	0	0	0	0	0	0	0	0	0	0	0	0	0	0	0	0	1
OTU305	0	0	0	6	0	0	0	2	0	0	0	1	0	0	0	0	0	0	0	0	0	0	0	14	1	1	50	113	2	56	55	0	6	0	27	3	6	5	537	0	11	4	9	10	12	9	0	6	21	79	8	64	1	15	7	4	57	10	46	0	0	0	0	1	0	0	2	21	3	1	4	38	103	30	1	25	0	5	29	15	23	5	3	5	2	13	119	657	93	14	43	0	4	55	9	14	11	0	4	65	17	2
OTU3050	0	0	0	0	0	0	0	0	0	0	0	0	0	0	0	0	0	0	0	0	0	0	0	0	0	0	0	0	0	0	0	0	0	0	0	0	0	0	0	0	0	0	0	0	0	0	0	0	0	0	0	0	0	0	0	0	0	0	3	0	0	0	0	0	0	0	0	0	0	0	0	0	0	0	0	0	0	0	0	0	1	2	0	0	0	0	0	10	2	1	8	18	2	8	0	8	3	19	0	0	0	0
OTU3051	0	0	0	0	0	0	0	0	0	0	0	0	0	0	0	0	0	0	0	0	0	0	0	0	0	0	0	0	0	0	0	0	0	0	0	0	0	0	0	0	0	0	0	0	0	0	0	0	0	0	0	0	0	0	0	1	0	3	0	0	0	0	0	0	0	0	0	0	0	0	0	0	0	0	0	0	0	0	0	0	0	0	0	0	0	0	0	0	0	0	0	0	8	5	3	4	11	0	21	0	3	10
OTU3052	0	0	0	0	0	0	0	0	0	0	0	0	0	0	0	0	0	0	0	0	0	0	0	2	0	0	0	0	0	0	0	0	0	0	0	0	0	0	0	0	0	0	0	0	0	0	0	0	0	0	0	0	0	0	0	0	0	0	0	0	0	0	0	0	1	0	0	0	0	0	0	0	0	0	0	0	0	0	0	0	0	0	2	0	0	0	0	0	0	0	0	0	0	0	0	4	0	0	12	0	29	12
OTU3053	0	0	0	0	0	0	0	0	0	0	0	0	0	0	0	0	0	0	0	0	0	0	0	0	0	0	0	0	0	0	0	0	0	0	0	0	0	0	0	0	0	0	0	0	0	0	0	0	0	0	0	0	0	0	0	0	0	0	0	0	0	0	0	0	0	0	0	0	0	0	0	0	0	0	0	0	0	0	0	0	0	0	0	0	0	0	0	0	0	0	0	0	0	0	0	0	0	63	0	0	0	0
OTU3054	0	0	0	0	0	0	0	0	0	0	0	0	0	0	0	0	0	0	0	0	0	0	0	0	0	0	0	0	0	0	0	0	0	0	0	0	0	0	0	0	0	0	0	0	0	0	0	0	0	0	0	0	0	0	0	0	0	0	0	0	0	0	0	0	59	0	1	0	1	0	0	0	0	0	0	0	0	0	0	0	0	0	0	1	0	0	0	0	0	0	0	0	0	3	0	0	0	0	64	0	0	1
OTU3055	0	0	0	0	0	0	0	0	0	0	0	0	0	0	0	0	0	0	0	0	0	0	0	0	0	0	0	0	0	0	0	0	0	0	0	0	0	0	0	0	0	0	0	0	0	0	0	0	0	0	0	0	0	0	0	0	0	0	0	0	0	0	0	0	0	0	0	0	0	0	0	0	0	0	0	0	0	0	0	0	0	0	0	0	0	0	0	0	0	0	0	0	0	0	0	0	0	0	0	49	0	0
OTU3056	0	0	0	0	0	0	0	0	0	0	0	0	0	0	0	0	0	0	0	0	0	0	0	0	0	0	0	0	0	0	0	0	0	0	0	0	0	0	0	0	0	0	0	0	0	0	0	0	0	0	0	0	0	0	0	0	0	0	0	0	0	0	0	0	0	0	0	0	0	0	0	0	0	0	0	0	0	0	0	0	0	0	0	0	0	0	0	0	0	0	0	0	0	0	0	0	0	0	0	75	0	0
OTU3057	0	0	0	0	0	0	0	0	0	0	0	0	0	0	0	0	0	0	0	0	0	0	0	0	0	0	0	0	0	0	0	0	0	0	0	0	0	0	0	0	0	0	0	0	0	0	0	0	0	0	0	0	0	0	0	0	0	0	0	0	0	0	0	0	0	0	0	0	0	0	0	0	0	0	0	0	0	0	0	0	0	0	0	0	0	0	0	0	0	0	0	0	0	0	0	0	0	0	0	35	0	0
OTU3058	0	0	0	0	0	0	0	0	0	0	0	0	0	0	0	0	0	0	0	0	0	0	0	0	0	0	0	0	0	0	0	0	0	0	0	0	0	0	0	0	0	0	0	0	0	0	0	0	0	0	0	0	0	0	0	0	0	0	0	0	0	0	0	0	0	0	1	0	0	0	0	0	0	0	0	0	0	0	0	0	0	0	0	0	0	0	0	0	0	0	0	0	0	0	0	0	0	0	0	42	31	2
OTU3059	0	0	0	0	0	0	0	0	0	0	0	0	0	0	0	0	0	0	0	0	0	0	0	0	0	0	0	0	0	0	0	0	0	0	0	0	0	0	0	0	0	0	0	0	0	0	0	0	0	0	0	0	0	0	0	0	0	0	0	0	0	0	0	0	0	0	0	0	0	0	0	0	0	0	0	0	0	0	0	0	0	0	0	0	0	0	0	0	0	0	0	0	0	0	0	0	0	0	0	49	0	0
OTU306	0	0	0	0	0	0	3	14	1	0	2	0	0	2	0	0	0	0	5	0	0	6	8	5	7	4	0	0	0	1	0	2	2	0	12	19	3	0	0	1	0	3	0	1	5	0	0	203	0	1	0	0	0	1	9	28	13	170	37	4	6	3	3	12	267	232	72	243	818	2	0	0	0	0	1	4	7	1	4	0	0	1	4	1	0	67	11	0	2	2	0	4	47	40	14	13	7	1376	1520	378	413	400
OTU3060	0	0	0	0	0	0	0	0	0	0	0	0	0	0	0	0	0	0	0	0	0	0	0	0	0	0	0	0	0	0	0	0	0	0	0	0	0	0	0	0	0	0	0	0	0	0	0	0	0	0	0	0	0	0	0	0	0	0	0	0	0	0	0	0	0	0	0	0	0	0	0	0	0	0	0	0	0	0	0	0	0	0	0	0	0	0	0	0	0	0	0	0	0	0	0	0	0	0	0	0	39	0
OTU3061	0	0	0	0	0	0	2	0	0	0	0	1	0	0	0	0	0	0	0	0	0	1	0	0	0	0	1	0	2	0	0	0	0	0	0	0	1	0	0	0	0	0	9	0	0	0	0	0	3	0	0	0	0	1	0	0	1	1	3	0	0	0	0	0	0	0	0	0	2	0	0	0	4	10	22	0	0	0	1	0	6	2	1	0	0	0	0	1	0	0	1	4	0	7	6	4	3	0	0	0	0	0
OTU3062	0	0	0	0	0	0	0	1	0	0	3	0	0	0	0	0	0	0	0	0	0	0	0	0	0	0	0	0	0	0	0	0	0	0	0	0	0	0	0	0	0	0	1	0	0	0	0	0	0	0	0	6	0	0	0	0	4	0	0	0	0	0	0	0	0	0	0	0	0	0	0	0	0	0	0	24	1	0	0	0	0	0	27	0	0	20	0	0	0	0	0	1	0	0	0	0	0	0	0	0	0	0
OTU3063	0	0	0	0	0	0	0	2	0	0	0	0	0	0	0	0	0	0	0	0	0	0	0	0	0	0	0	0	0	1	0	0	0	0	0	0	0	0	0	0	0	0	0	0	0	0	0	0	0	0	0	0	0	0	0	0	1	1	1	0	0	0	0	0	0	0	0	0	0	0	0	0	1	0	0	41	2	0	0	0	0	0	0	0	0	0	0	0	0	0	0	0	0	0	0	0	0	0	0	0	0	0
OTU3064	0	0	0	0	0	0	0	7	0	0	0	0	0	6	0	0	3	0	0	0	0	0	0	2	0	0	0	0	0	12	0	0	0	0	0	0	0	0	3	0	0	3	0	0	0	0	3	0	0	0	0	0	2	0	13	2	0	4	0	0	0	0	0	1	1	10	9	0	15	0	0	0	0	0	1	0	0	1	0	0	0	0	0	0	0	2	0	0	2	0	0	0	0	1	0	8	5	0	11	0	106	23
OTU3065	0	0	0	0	0	0	0	0	131	0	0	0	0	0	0	0	0	0	0	0	0	0	0	0	0	0	0	0	0	1	0	0	0	0	0	0	0	0	0	0	0	0	0	0	0	0	1	0	0	0	0	0	0	0	0	0	0	0	0	0	0	0	0	0	0	0	0	0	0	1	0	0	0	0	0	1	1	0	0	0	0	0	1	0	0	0	0	1	0	0	0	3	0	0	0	1	0	0	0	0	3	0
OTU3066	0	0	0	0	0	0	0	0	0	55	0	0	0	0	0	0	0	0	0	0	0	0	0	0	0	0	0	0	0	0	0	0	0	0	0	0	0	0	0	0	0	0	0	0	0	0	0	0	0	0	0	0	0	0	0	0	0	0	0	0	0	0	0	4	12	0	0	0	5	0	0	0	0	0	0	0	0	0	0	0	0	0	0	0	0	3	0	0	0	0	0	0	0	0	0	0	0	0	0	8	0	6
OTU3067	0	0	0	0	0	0	0	0	0	0	0	0	0	0	4	0	0	0	0	0	0	0	0	0	0	0	0	0	1	0	14	0	0	0	0	0	3	0	0	0	0	7	0	0	0	0	0	0	0	0	0	0	0	0	0	0	0	0	0	0	0	0	0	1	0	0	0	0	0	0	0	0	0	0	0	13	0	4	0	3	0	0	0	0	0	0	0	0	0	0	0	0	2	0	0	0	0	0	0	0	0	0
OTU3068	0	0	0	0	0	0	0	0	0	0	0	0	0	0	0	0	0	0	0	0	0	0	0	1	0	0	0	0	0	0	0	0	0	0	0	0	0	0	0	0	0	0	0	0	0	0	0	0	0	0	0	0	0	0	0	0	0	0	3	0	0	0	0	0	0	0	0	2	85	0	0	0	0	0	0	0	0	0	0	0	0	0	0	0	0	0	0	0	0	0	0	0	0	0	0	0	0	0	0	0	1	0
OTU3069	0	0	0	0	0	0	0	0	0	0	0	0	0	0	0	0	0	0	0	0	0	0	0	1	0	0	0	0	0	0	0	0	0	0	0	0	0	0	18	0	0	0	0	0	0	0	0	0	0	31	0	0	0	0	0	0	0	0	0	0	0	0	0	0	0	0	0	0	0	0	0	0	0	6	1	0	0	0	5	0	0	0	0	4	0	0	0	0	0	0	0	0	0	0	0	0	0	0	0	0	0	0
OTU307	0	0	0	0	0	0	0	0	0	0	0	1	0	0	0	0	0	0	0	0	1	0	0	0	0	1	247	20	140	0	681	0	0	0	0	0	103	49	98	0	25	10	51	3	1	3	38	1	1	12	6	2	12	0	2	6	448	1	2	0	0	0	0	0	0	0	3	0	0	75	194	0	56	58	126	58	95	37	1	170	47	16	13	37	6	0	2	194	170	22	0	5	316	12	4	13	10	11	0	0	0	0
OTU3070	0	1	0	0	0	0	0	0	0	0	0	0	0	0	0	0	0	0	0	0	0	0	0	0	0	0	1	1	1	37	0	0	0	0	0	0	0	0	0	0	0	0	0	9	0	0	0	0	0	0	0	3	0	0	0	2	0	0	19	0	0	0	0	0	0	0	0	0	0	0	0	0	0	0	0	0	0	0	0	0	0	0	5	0	0	0	0	0	0	0	0	0	0	0	0	0	5	0	0	0	0	0
OTU3071	0	0	0	0	0	0	0	0	0	0	1	0	0	0	0	0	0	0	0	0	0	0	0	0	0	0	20	6	0	0	3	0	0	0	0	0	2	0	0	1	23	9	6	0	0	0	0	0	1	7	4	14	3	0	0	0	0	0	4	0	0	0	0	0	0	0	2	0	18	12	5	5	0	1	0	3	1	0	0	1	2	0	1	0	0	0	1	12	0	0	3	18	1	4	0	1	2	0	1	0	0	1
OTU3072	0	0	0	0	0	0	0	0	0	0	1	0	0	0	0	0	0	0	0	0	0	0	0	0	0	0	1	8	0	11	0	0	0	0	0	0	0	0	0	0	0	0	4	0	4	0	1	0	7	0	0	3	2	1	0	1	0	0	0	0	0	0	0	0	0	0	0	0	0	0	0	0	0	1	5	0	0	0	0	0	0	0	0	0	1	2	0	0	0	0	0	0	1	2	0	4	0	0	0	0	0	0
OTU3073	0	0	0	0	0	0	0	0	0	0	0	0	0	0	0	0	0	0	0	0	0	0	0	0	0	0	9	3	0	0	0	0	0	0	0	0	3	0	0	0	1	1	5	0	2	1	0	0	0	1	0	2	0	0	2	0	0	0	0	0	0	0	0	0	0	0	0	0	1	3	0	11	0	1	0	5	13	0	0	4	0	0	0	0	3	0	0	8	3	0	1	0	0	0	0	1	0	0	0	0	0	0
OTU3074	0	1	0	0	0	0	0	0	2	0	0	0	0	0	0	0	0	0	0	0	0	0	0	4	0	0	0	5	1	14	2	0	2	8	1	2	2	0	3	0	0	2	1	48	26	274	18	21	8	0	0	0	0	14	9	13	6	70	85	0	1	1	0	0	0	0	0	1	3	0	3	0	0	1	2	3	19	0	0	0	1	24	153	30	3	1	2	0	2	9	9	1	80	19	64	90	2	1	4	2	1	0
OTU3075	0	0	0	0	0	0	0	0	0	0	0	0	0	0	0	0	0	0	0	0	0	0	0	0	0	0	5	24	0	0	0	0	0	0	0	0	0	0	0	0	0	0	0	1	0	0	0	0	0	0	0	0	0	0	1	3	0	0	4	0	0	0	0	0	0	0	0	1	0	0	0	0	0	0	0	0	138	0	0	1	0	0	0	2	1	0	0	0	0	0	0	0	0	2	3	1	0	0	0	0	0	0
OTU3076	0	0	0	0	0	0	0	0	0	0	0	0	0	0	0	0	0	4	0	0	0	0	0	0	0	0	0	3	0	18	0	0	0	0	0	0	0	0	0	0	0	0	1	2	0	8	0	6	0	0	0	0	0	0	0	0	0	6	3	0	0	0	0	0	0	0	0	0	0	0	1	0	0	0	0	3	0	0	0	0	0	0	1	0	5	4	0	0	0	0	0	0	0	2	0	0	0	0	0	0	0	1
OTU3077	0	0	0	0	0	0	0	0	0	0	0	0	0	0	0	0	0	0	0	0	0	0	0	0	0	0	0	0	0	2	0	0	0	0	0	0	0	5	1	0	6	0	0	0	0	0	0	0	0	0	0	1	0	0	0	0	0	0	0	0	0	0	0	0	0	0	0	0	0	0	21	0	0	0	0	2	0	0	0	3	0	0	0	0	0	0	0	11	20	0	0	0	0	0	0	0	7	0	0	0	0	0
OTU3078	0	0	0	0	0	0	0	0	0	1	0	0	0	0	0	0	0	0	0	0	0	1	0	0	0	0	14	24	10	26	86	0	0	1	5	1	7	1	2	0	8	1	4	1	17	1	2	50	16	0	6	4	22	9	10	5	1	8	6	2	3	0	1	1	0	0	0	0	1	0	1	3	6	14	0	10	5	7	7	4	4	5	34	3	25	1	10	0	0	5	13	27	10	12	12	55	5	7	1	2	2	4
OTU3079	0	0	0	0	0	0	0	0	0	0	0	2	0	0	0	0	0	0	0	0	0	0	0	0	0	0	0	3	0	0	9	0	0	0	0	0	0	0	0	0	0	0	1	0	2	0	0	4	0	0	0	8	3	0	2	0	0	0	16	0	0	0	0	0	24	0	0	0	1	0	0	1	0	1	0	0	0	0	0	0	0	0	2	1	0	1	1	1	0	0	0	2	12	7	58	10	0	4	1	15	3	0
OTU308	0	1	0	0	0	0	2	4	0	0	0	0	0	1	0	0	0	0	0	0	0	3	0	0	1	0	3	32	39	14	0	0	3	3	13	0	0	0	0	0	0	0	4	3	0	0	1	2	16	4	3	39	0	5	8	12	96	15	14	3	4	2	0	0	170	167	1465	257	211	0	3	7	2	1	0	0	0	6	0	0	0	3	0	0	1	0	1	0	1	2	1	5	3	0	4	2	3	8	3	5	9	1
OTU3080	0	0	0	0	0	0	0	0	0	0	0	0	0	0	0	0	0	0	0	0	0	0	0	0	0	0	0	0	0	0	0	0	4	0	0	0	0	0	0	0	0	0	0	0	0	16	0	0	0	0	0	0	0	0	0	9	2	0	0	0	0	0	0	0	0	0	0	0	0	0	0	0	0	0	0	0	0	0	0	0	0	7	0	0	0	0	0	0	0	0	0	0	0	0	0	0	0	0	0	0	0	0
OTU3081	0	1	0	0	0	0	16	17	0	0	0	1	0	0	0	0	0	2	13	1	8	13	11	13	15	9	0	0	1	1	0	5	36	5	32	11	0	1	0	0	0	0	0	0	1	1	0	0	0	0	0	0	0	0	203	8	399	7	23	7	20	6	15	14	5364	81	9905	106	536	3	0	0	0	0	4	0	1	0	1	0	0	0	0	1	0	0	0	0	0	0	0	1	6	0	1	2	6	21	39	27	57	46
OTU3082	0	0	0	0	0	0	0	0	0	0	0	0	0	0	0	0	0	0	0	0	0	0	0	0	0	0	0	0	0	0	0	0	0	0	0	0	1	0	0	0	0	0	0	1	0	0	0	2	0	2	0	0	0	0	3	18	6	0	0	0	0	0	0	1	0	0	0	0	0	0	0	0	0	0	0	1	0	0	0	0	0	0	0	0	0	6	0	2	0	0	0	0	27	0	0	1	0	0	0	0	0	0
OTU3083	0	0	0	1	0	0	1	0	0	1	0	0	0	0	0	0	0	0	0	0	0	0	0	0	0	0	0	1	0	0	0	0	0	0	0	0	3	0	0	0	1	1	0	3	1	0	0	0	0	0	0	7	0	1	0	0	0	0	8	0	0	0	0	0	0	0	0	0	0	1	0	0	7	1	9	0	0	0	0	3	3	0	0	0	6	0	0	0	0	0	0	4	0	0	1	0	0	0	0	0	0	0
OTU3084	0	3	0	0	0	0	1	0	0	0	0	1	0	3	0	0	0	0	0	0	0	0	2	0	0	0	1	1	2	2	0	0	0	0	2	0	18	19	171	0	2	2	1	1	1	2	0	0	5	0	0	2	0	5	3	5	7	4	3	0	0	0	0	0	0	0	0	0	0	16	57	0	0	9	0	3	331	0	0	3	1	0	0	0	0	0	6	71	0	2	2	0	9	0	2	6	0	0	0	1	0	0
OTU3085	0	0	0	0	0	0	0	0	0	0	0	0	0	0	0	0	0	0	0	0	0	0	0	0	0	0	0	0	0	0	0	0	0	0	0	0	0	6	0	0	0	0	0	0	0	0	0	0	0	0	0	0	0	0	0	0	0	0	0	0	0	0	0	0	0	0	0	0	0	3	18	6	0	0	3	0	1	0	0	0	0	0	0	0	0	0	4	0	3	0	0	0	1	0	0	0	0	0	0	0	0	0
OTU3086	0	0	0	0	0	0	0	0	0	0	0	0	0	0	0	0	0	0	0	0	0	0	0	0	0	0	0	0	0	0	0	0	0	0	0	0	10	5	8	0	6	18	9	2	9	0	2	0	0	0	0	1	0	4	1	2	4	2	0	0	0	0	0	0	3	0	0	0	3	4	2	6	0	0	0	0	0	5	1	0	0	2	4	0	0	0	0	5	0	0	0	3	0	0	0	0	5	0	0	0	0	0
OTU3087	0	0	0	0	0	0	0	0	0	0	0	0	0	0	0	0	0	0	0	0	0	0	0	1	0	0	0	0	0	0	0	0	0	0	0	0	0	0	62	0	0	0	0	0	0	0	0	0	0	0	0	0	0	0	0	0	0	0	0	0	0	0	0	0	0	0	0	0	0	0	0	0	0	0	0	0	0	0	0	0	0	0	0	0	0	0	0	0	0	0	0	5	0	0	0	0	0	0	0	0	0	0
OTU3088	0	0	0	0	0	0	0	0	0	0	0	0	0	0	0	0	0	0	0	0	0	0	0	0	0	0	1	15	1	1	2	0	0	19	0	0	0	3	21	0	0	0	2	8	47	876	13	18	0	6	0	0	1	2	11	8	4	9	18	0	0	0	0	1	0	0	0	0	2	0	0	1	0	3	3	0	1	0	0	3	1	7	4	19	1	61	3	0	3	0	0	0	3	91	200	9	35	0	1	3	0	0
OTU3089	0	0	0	0	0	0	0	0	0	0	1	0	0	0	0	0	0	0	0	0	0	0	0	0	0	0	0	0	0	0	3	0	0	0	0	0	1	0	17	0	22	6	7	0	1	0	0	0	1	1	0	0	0	1	0	1	1	0	0	0	0	0	0	0	0	0	1	0	0	1	20	0	1	0	2	0	0	1	0	0	1	0	0	0	0	0	1	2	3	1	0	0	3	1	0	0	0	0	1	0	0	0
OTU309	0	3	1	4	0	2	0	2	2	0	1	1	0	0	0	0	0	0	1	1	0	5	0	0	1	4	1	0	2	2	3	0	0	0	5	0	203	17	25	0	1	245	38	10	6	11	3	4	26	6	0	24	95	25	2	5	4	7	1	2	0	0	0	0	0	0	0	1	96	206	5	36	11	4	2	14	302	74	70	784	41	18	1	2	7	1	113	5	146	13	230	4	6	6	3	4	2	0	0	0	0	0
OTU3090	0	0	0	0	0	0	0	0	0	0	0	0	0	0	0	0	0	0	0	0	0	0	0	0	0	0	0	0	3	0	3	0	0	0	0	0	0	0	0	0	6	0	0	0	0	0	1	0	0	3	0	0	0	0	0	0	2	0	0	0	0	0	0	0	0	0	0	0	0	0	7	0	0	0	0	0	0	0	0	4	1	0	0	4	0	0	15	0	0	1	0	0	0	1	2	0	4	0	0	0	0	0
OTU3091	0	0	0	0	0	0	0	0	0	0	0	0	0	0	0	0	0	0	0	0	0	0	0	0	0	0	0	0	0	2	0	2	0	0	0	0	1	0	0	0	6	1	10	22	1	3	0	0	0	0	0	1	0	0	1	9	3	1	0	0	0	0	0	0	0	1	0	0	0	0	0	0	0	0	1	0	0	0	0	0	0	0	0	6	0	0	0	0	0	1	0	0	0	10	0	0	13	0	1	0	0	0
OTU3092	0	1	3	0	0	0	0	0	0	0	0	0	0	0	1	0	0	0	3	0	3	0	1	0	0	0	0	4	0	1	0	0	0	3	2	0	0	10	0	0	92	21	2	12	4	49	2	0	3	6	0	3	0	0	8	7	9	1	0	0	0	0	0	0	2	23	5	0	0	6	0	3	1	0	5	1	13	16	3	0	0	17	1	0	0	0	2	66	56	1	0	0	3	2	1	7	2	0	0	0	0	0
OTU3093	0	0	0	0	0	0	0	0	0	0	0	0	0	0	0	0	0	0	0	0	0	0	0	0	0	1	0	0	0	0	0	0	0	0	0	0	0	0	0	0	0	1	4	3	1	6	6	2	3	0	0	0	0	1	0	0	18	0	0	0	0	0	0	0	0	0	1	0	0	0	0	4	0	0	13	0	0	0	0	3	0	0	0	23	1	0	0	0	0	0	0	0	0	0	1	0	6	0	0	0	0	0
OTU3094	0	0	0	0	0	0	0	0	0	0	0	0	0	0	0	0	0	0	0	0	0	0	0	0	0	0	0	0	0	0	0	0	0	0	0	0	0	0	0	0	0	0	0	4	0	2	0	0	0	0	0	0	0	0	0	0	0	1	0	0	0	0	0	0	0	0	0	0	0	0	9	12	7	0	3	1	0	0	0	0	1	4	0	0	0	0	0	2	0	0	0	5	0	0	0	0	0	0	0	0	0	0
OTU3095	0	0	0	0	0	0	1	0	0	0	0	0	0	0	0	0	0	0	0	0	0	0	0	0	0	0	7	2	0	2	30	0	0	0	0	0	3	0	0	2	16	24	0	8	3	1	1	2	1	0	0	12	8	2	5	2	17	4	3	0	0	1	0	1	17	15	26	34	7	4	0	0	1	1	11	8	0	0	0	5	2	0	6	1	3	5	0	5	0	1	0	6	0	9	0	16	3	1	28	0	9	1
OTU3096	0	0	0	0	0	0	0	0	0	0	0	0	0	0	0	1	0	0	0	0	0	0	0	0	0	0	0	0	0	0	0	0	0	0	0	0	0	0	0	0	0	0	0	1	0	0	0	0	8	0	2	0	0	0	22	0	0	14	0	0	0	0	0	0	0	0	0	0	0	0	0	0	4	2	1	0	0	0	0	0	0	0	13	0	0	0	0	0	0	0	0	13	0	2	3	0	0	0	30	0	0	0
OTU3097	0	1	0	13	0	0	0	0	17	0	16	0	0	0	0	0	5	0	1	0	0	0	0	0	0	0	1	5	0	0	0	0	0	0	0	0	4	0	1	0	0	0	0	0	2	0	2	2	1	2	0	235	1	6	4	1	0	26	3	0	9	0	0	0	1	0	0	0	0	1	0	6	0	7	5	2	1	1	0	0	5	3	149	2	9	0	3	9	0	6	1	1	0	1	0	5	0	0	0	0	1	0
OTU3098	0	0	0	0	0	0	0	0	0	0	0	0	0	0	0	0	0	0	0	0	0	0	0	4	0	0	0	0	0	0	0	0	0	0	0	0	0	0	2	0	2	0	3	0	18	1	0	0	2	0	0	4	6	0	11	6	0	0	0	2	0	0	0	0	0	0	0	0	0	0	0	2	1	0	11	0	0	1	0	1	0	44	0	0	0	1	0	0	0	0	0	0	0	0	0	10	5	0	0	0	0	0
OTU3099	0	1	0	0	0	0	0	0	0	0	0	0	0	0	0	0	0	0	0	0	0	0	0	0	0	0	0	0	0	0	0	0	0	0	0	0	0	0	0	0	0	0	1	0	1	0	1	0	0	0	0	2	0	2	1	2	0	5	6	0	0	0	0	1	0	0	0	0	0	0	0	2	13	0	0	1	0	0	36	0	0	5	1	1	2	0	0	0	0	0	1	0	0	1	2	0	1	0	0	7	0	0
OTU31	4	21	7	2	1	6	8	20	4	0	3	9	1	4	7	1	2	6	9	0	12	16	3	14	8	7	694	1449	623	1223	1079	12	25	13	37	15	223	209	307	2	699	298	359	647	925	689	531	485	493	174	83	804	481	718	427	603	591	550	479	7	8	12	12	23	466	407	271	442	695	234	653	604	559	530	871	237	206	90	265	250	172	619	786	830	386	645	338	1222	139	525	265	619	627	1258	686	1086	1460	1300	263	281	486	453
OTU310	0	3	0	6	0	0	2	4	0	0	0	0	0	0	0	0	0	0	2	0	2	0	1	3	3	5	4	0	0	11	1	7	3	2	7	16	0	0	0	1	3	3	1	45	21	2	24	272	0	5	0	4	0	2	71	85	34	57	209	2	3	5	5	4	289	486	1146	358	389	0	0	0	10	6	1	1	7	2	0	0	5	2	34	6	24	29	0	1	1	7	0	3	173	50	333	75	26	360	835	205	605	1212
OTU3100	0	0	3	0	0	0	0	0	0	0	0	0	0	0	0	0	0	0	0	0	0	0	0	0	0	0	0	0	0	0	0	0	0	0	0	0	0	0	0	0	0	0	0	1	0	0	0	0	0	0	0	0	0	0	1	4	0	2	0	0	0	0	0	6	0	0	0	0	0	0	0	0	0	0	0	0	0	0	0	0	0	0	14	4	13	17	0	0	0	0	0	0	0	0	1	0	20	0	0	0	0	1
OTU3101	0	0	0	0	0	0	0	0	0	0	0	0	0	0	0	0	0	0	0	0	0	0	0	0	0	0	0	0	0	0	0	0	0	0	0	0	0	0	0	0	0	0	0	0	0	0	0	0	0	0	0	0	0	0	1	0	0	0	0	0	0	0	0	0	53	19	0	0	0	0	0	0	0	0	0	0	0	0	0	0	0	0	0	0	0	0	0	0	0	0	0	0	0	0	0	0	0	0	0	0	1	0
OTU3102	0	0	0	0	0	0	0	0	0	0	0	0	0	0	0	0	0	0	0	0	0	0	0	0	0	0	5	0	0	0	0	0	0	0	0	0	0	0	0	0	0	0	0	0	3	0	2	0	0	0	0	0	0	0	19	0	0	0	0	0	0	0	0	0	0	0	0	0	0	0	0	0	0	1	0	0	0	0	0	0	0	1	20	9	0	0	0	0	2	0	0	0	0	0	6	26	5	0	0	0	4	1
OTU3103	0	0	1	0	0	0	0	0	0	0	0	1	0	0	0	0	0	0	0	0	0	0	0	0	0	0	0	3	6	0	0	0	0	0	0	0	0	0	1	0	0	3	0	0	6	12	8	2	1	0	38	0	0	17	37	26	31	7	61	0	2	0	0	0	0	2	8	1	0	0	4	0	2	0	4	1	1	7	0	3	0	29	10	11	0	3	8	0	4	2	12	1	16	1	8	3	33	2	0	0	0	16
OTU3104	0	0	0	0	0	0	0	0	0	0	0	0	0	0	0	0	0	0	0	0	0	0	0	0	0	0	0	0	0	0	0	0	0	0	0	0	0	0	0	0	0	0	0	0	0	0	0	0	0	0	0	0	0	0	0	0	0	0	0	1	0	0	0	0	0	59	1	0	0	0	0	0	0	0	0	0	0	0	0	0	0	0	0	0	0	0	0	0	0	0	0	0	0	0	0	0	0	2	0	0	0	0
OTU3105	0	0	0	0	0	0	1	0	0	0	0	0	0	0	0	0	0	0	0	0	0	1	1	0	0	0	0	0	0	0	0	0	0	0	0	1	0	0	0	0	0	0	0	0	0	0	0	0	0	0	0	8	0	0	0	0	0	0	0	0	42	0	1	0	0	0	0	10	0	0	0	0	0	0	0	0	0	0	0	0	0	0	0	0	0	0	0	0	0	0	0	0	0	0	0	0	0	0	0	0	0	0
OTU3106	0	0	0	0	0	0	0	0	0	0	0	0	0	0	0	0	0	0	0	0	0	0	0	0	0	0	0	0	0	0	0	0	0	0	0	0	0	0	0	0	0	0	0	0	0	0	0	0	0	0	0	0	0	0	0	0	0	0	0	0	0	0	0	0	51	0	0	0	0	0	0	0	0	0	0	0	0	0	0	0	0	0	0	0	0	0	0	0	0	0	0	0	0	0	0	0	0	0	0	0	0	0
OTU3107	0	0	0	0	0	0	0	0	0	0	0	0	0	0	0	0	1	0	0	0	0	0	0	0	0	0	0	0	0	1	0	0	0	0	0	0	0	0	0	0	0	0	0	0	0	0	0	0	0	0	0	0	0	0	0	62	0	1	0	0	0	0	0	0	43	26	0	0	5	0	0	0	0	0	0	0	1	0	0	0	0	0	0	0	0	0	0	0	0	0	0	0	0	0	1	0	0	0	0	0	0	0
OTU3108	0	0	0	0	0	0	0	0	0	0	0	0	0	0	0	0	0	0	0	0	0	0	0	0	0	0	0	0	0	0	0	0	0	0	0	0	0	0	0	0	0	0	0	3	0	0	0	0	0	0	0	0	0	0	0	0	0	0	0	0	0	0	0	0	11	4	11	23	0	0	0	0	0	0	0	0	0	0	0	0	0	0	0	0	0	0	0	0	0	0	0	0	0	0	0	0	0	0	1	0	0	0
OTU3109	0	0	0	0	0	0	0	0	0	0	0	0	0	0	0	0	0	0	0	0	0	0	0	0	0	0	0	0	0	0	0	0	0	0	0	0	0	0	0	0	0	0	0	0	0	0	0	0	0	0	0	0	0	0	1	0	0	0	0	0	0	0	0	0	24	6	12	0	2	0	0	0	0	0	0	0	0	0	0	0	0	0	0	0	0	0	0	0	0	0	0	0	0	0	0	0	0	1	0	0	1	0
OTU311	0	10	0	0	0	0	3	0	0	1	3	0	0	3	0	0	0	1	0	0	3	2	0	0	18	0	8	9	0	0	7	2	0	0	3	1	1	7	1	1	22	14	37	5	17	6	1	30	45	6	14	177	102	99	156	12	11	28	57	4	4	0	0	0	5	2	9	2	6	16	4	26	33	11	10	9	9	3	653	11	53	62	21	3	2	10	2	2	0	23	88	12	37	37	25	426	29	0	2	0	21	0
OTU3110	0	0	0	0	0	0	0	0	0	0	0	0	0	0	0	0	0	0	0	0	0	0	0	0	0	0	0	7	0	0	0	0	0	0	2	0	0	1	0	0	0	1	3	0	0	0	0	0	0	1	0	0	0	0	0	0	0	0	2	0	0	0	0	0	1	7	0	0	69	0	0	0	0	0	2	7	1	0	1	0	0	2	0	1	1	0	1	0	0	9	0	0	0	0	0	0	0	0	0	0	0	1
OTU3111	0	0	0	0	0	0	0	0	0	0	0	0	0	0	0	0	0	0	0	0	0	0	0	0	0	0	0	0	0	0	0	0	0	0	0	0	0	0	0	0	0	0	0	0	0	0	0	0	0	0	0	0	0	0	0	0	0	0	0	0	0	0	0	0	37	0	11	0	0	0	0	0	0	0	0	0	0	0	0	0	0	0	0	0	0	0	0	0	0	0	0	0	0	0	0	0	0	0	0	0	0	0
OTU3112	0	0	0	0	0	0	0	0	0	0	0	0	0	0	0	0	0	0	0	0	0	0	0	0	0	0	0	0	0	0	0	0	0	0	0	0	0	0	0	0	0	0	0	0	0	0	0	0	0	0	0	0	0	0	0	1	0	0	0	0	0	0	0	0	0	36	0	0	0	0	0	0	0	0	0	0	0	0	0	0	0	0	0	0	0	0	0	0	0	0	0	0	0	0	0	0	0	0	0	0	0	0
OTU3113	0	0	0	0	0	0	6	0	0	0	0	0	0	0	0	0	0	0	0	0	0	0	0	0	0	0	0	0	0	0	0	0	0	0	0	0	0	0	0	0	0	0	0	0	0	0	0	0	0	0	0	0	0	0	0	0	0	0	0	0	0	0	0	0	0	46	0	0	0	0	0	0	0	0	0	0	0	0	0	0	0	0	0	0	0	0	0	0	0	0	0	0	0	0	0	0	0	0	0	0	0	0
OTU3114	0	0	0	0	0	0	0	0	0	0	0	0	0	0	0	0	0	0	0	0	0	0	0	0	0	0	3	3	19	1	0	0	0	0	0	0	9	0	8	0	1	0	0	0	0	0	0	0	0	3	0	0	4	0	0	0	1	1	1	0	0	0	0	0	7	6	3	31	15	0	5	2	2	0	0	3	17	3	0	8	9	1	0	0	0	0	0	7	0	0	0	2	0	0	5	0	0	0	11	0	0	0
OTU3115	0	0	0	0	0	0	0	0	0	0	0	0	0	0	0	0	0	0	1	0	0	0	0	0	0	0	0	0	0	0	0	0	0	0	0	0	0	0	0	0	0	0	0	0	0	0	0	0	0	0	0	0	0	0	0	0	0	0	0	0	3	0	0	0	0	0	63	3	1	0	0	0	0	0	0	0	0	0	0	0	0	0	0	0	0	0	0	0	0	0	0	0	0	0	0	0	0	2	2	0	0	0
OTU3116	0	0	0	0	0	0	0	0	0	0	0	0	0	0	0	0	0	0	0	0	0	0	0	0	0	0	0	0	0	0	0	0	0	0	0	0	0	0	0	0	0	0	0	0	0	0	0	0	0	0	0	0	0	0	0	0	0	0	0	0	0	0	0	0	0	0	0	0	36	0	0	0	0	0	0	0	0	0	0	0	0	0	0	0	0	0	0	0	0	0	0	0	0	0	0	0	0	0	0	0	1	0
OTU3117	0	0	0	0	0	0	0	0	0	0	0	0	0	0	0	0	0	0	0	0	0	1	0	0	0	0	0	0	0	0	0	0	3	0	0	1	0	0	0	0	28	1	0	0	2	21	0	42	0	0	0	0	0	0	0	12	0	5	1	0	0	0	0	0	7	0	2	13	120	0	0	0	0	0	0	5	0	0	0	0	0	0	0	6	13	2	0	1	2	0	0	1	29	0	7	3	6	0	0	1	0	0
OTU3118	0	0	0	0	0	0	0	0	0	0	0	0	0	0	0	0	0	0	0	0	0	0	0	0	0	0	0	0	0	0	0	0	0	0	0	0	0	0	4	0	3	0	0	0	0	0	0	0	0	0	0	1	0	0	0	0	0	0	1	0	0	0	0	0	0	0	1	0	1	0	0	0	0	0	0	0	0	0	0	0	0	0	0	0	0	0	0	0	0	0	0	0	0	0	0	0	0	0	0	0	0	53
OTU3119	0	0	0	0	0	0	0	4	0	1	0	0	0	1	0	0	0	0	0	0	0	0	0	0	0	0	0	0	0	0	0	0	0	0	0	0	0	0	0	0	0	0	0	0	0	0	0	0	0	0	0	0	0	0	0	0	0	0	0	0	0	0	0	0	0	0	0	0	0	0	0	0	83	0	0	1	3	0	0	0	2	0	0	0	0	0	0	6	2	0	0	0	0	0	0	3	0	0	0	0	0	0
OTU312	0	0	0	0	0	0	4	8	0	0	0	0	0	0	0	0	0	0	2	0	1	5	0	0	6	1	0	0	0	0	0	1	1	3	4	3	0	0	0	0	0	2	1	0	0	0	0	0	0	0	0	0	0	0	11	4	6	1	1	1	2	0	0	4	492	228	599	92	218	0	0	0	0	0	0	0	0	0	0	0	0	0	0	0	0	0	0	0	0	0	0	4	0	0	0	6	0	4	16	0	360	2
OTU3120	0	0	0	0	0	0	0	0	0	0	0	0	0	0	0	0	0	0	0	0	0	0	0	0	0	0	0	0	0	0	0	0	0	0	0	0	0	0	0	0	0	0	0	0	0	0	0	0	0	0	0	0	0	0	0	0	0	0	0	0	0	0	0	0	0	0	0	0	0	0	0	0	0	0	0	0	0	43	0	0	0	0	0	0	0	0	0	0	0	0	0	0	0	0	0	0	0	0	0	0	0	0
OTU3121	0	0	0	0	0	0	0	0	0	0	0	0	0	0	0	0	0	0	0	0	0	0	0	0	0	0	0	0	0	0	0	0	0	0	0	0	0	0	0	0	0	0	0	0	0	0	0	0	0	0	0	0	0	0	0	0	0	0	0	0	0	0	0	0	0	0	0	0	0	0	0	0	0	0	0	0	0	0	0	0	0	0	0	0	0	0	0	0	50	0	0	0	0	0	0	0	0	0	0	0	0	0
OTU3122	0	0	0	0	0	0	0	0	0	0	0	0	0	0	0	0	0	0	0	0	0	0	0	0	0	0	0	0	0	0	0	0	0	0	0	0	0	0	0	0	0	0	0	0	0	0	0	0	0	2	0	0	0	0	0	0	0	0	1	0	0	0	0	0	0	0	0	0	0	0	0	0	0	0	0	0	0	0	0	0	0	0	0	1	0	0	0	0	1	0	0	0	0	0	48	0	0	0	0	5	0	0
OTU3123	0	0	0	0	0	0	0	0	0	0	0	0	0	0	0	0	0	0	0	0	0	0	0	0	0	0	0	0	0	0	0	0	0	0	0	0	0	0	0	0	0	0	0	0	0	0	0	0	0	0	0	0	0	0	0	0	0	0	0	0	0	0	0	0	0	0	1	0	0	0	0	0	0	0	0	0	0	0	0	0	0	0	0	0	0	0	0	0	0	0	0	0	0	0	0	0	6	0	17	0	14	23
OTU3124	0	0	0	0	0	0	0	0	0	0	0	0	0	0	0	0	0	0	0	0	0	0	0	0	0	0	0	0	0	0	0	0	0	0	0	0	0	0	0	0	0	0	0	0	0	0	0	0	0	0	0	0	0	0	0	0	0	0	0	0	0	0	0	0	0	0	0	0	0	0	0	0	0	0	0	0	0	0	0	0	0	0	0	0	0	0	0	0	0	0	0	0	0	0	0	0	0	0	0	32	0	0
OTU3125	0	0	0	0	0	0	0	0	0	0	0	0	0	0	0	0	0	0	0	0	0	0	0	0	0	0	0	0	0	0	0	0	0	0	0	0	0	0	0	0	0	0	0	0	0	0	0	0	0	0	0	0	0	0	0	0	0	0	0	0	0	0	0	0	0	0	0	0	0	0	0	0	0	0	0	0	0	0	0	0	0	0	0	0	0	0	0	0	0	0	0	0	0	0	0	0	0	0	0	43	0	0
OTU3126	0	0	0	0	0	0	0	0	0	0	0	0	0	0	0	0	0	0	0	0	0	0	0	0	0	0	0	0	0	0	0	0	0	0	0	0	0	0	0	0	0	0	0	0	0	0	0	0	1	0	0	0	0	0	1	3	0	0	2	0	0	0	0	0	0	0	0	0	0	0	0	0	0	0	0	0	0	0	0	0	0	0	0	0	0	11	0	0	0	0	0	0	0	0	0	0	1	0	0	26	14	9
OTU3127	0	0	0	0	0	0	0	0	0	0	0	0	0	0	0	0	0	0	0	0	0	0	0	0	0	0	0	0	0	0	0	0	0	0	0	0	0	0	0	0	0	0	0	0	0	0	0	0	0	0	0	0	0	0	0	0	0	0	0	0	0	0	0	0	0	0	0	0	0	0	0	0	0	0	0	0	0	0	0	0	0	0	0	0	0	0	0	0	0	0	0	0	0	0	0	0	0	0	0	73	0	0
OTU3128	0	0	0	0	0	0	0	0	0	0	0	0	0	0	0	0	0	0	0	0	0	0	0	0	0	0	0	0	0	0	0	0	0	0	0	0	0	0	0	0	0	0	0	0	0	0	0	0	0	0	0	0	0	0	0	0	0	0	0	0	0	0	0	0	0	0	0	0	0	0	0	0	0	0	0	0	0	0	0	0	0	0	0	0	0	0	0	0	0	0	0	0	0	0	0	0	0	0	0	44	0	0
OTU3129	0	0	0	0	0	0	0	0	0	0	0	0	0	0	0	0	0	0	0	0	0	0	0	0	0	0	0	0	0	0	0	0	0	0	0	0	0	0	0	0	0	0	0	0	0	0	0	0	0	0	0	0	0	0	0	0	0	0	0	0	0	0	0	0	0	0	0	0	0	0	0	0	0	0	0	0	0	0	0	0	0	0	0	0	0	0	0	0	0	0	0	0	0	0	0	0	0	0	0	38	0	0
OTU313	0	1	0	0	0	0	1	0	0	1	2	0	0	0	0	0	0	0	0	0	0	0	3	0	0	0	57	156	130	158	63	0	0	2	6	0	17	90	97	0	121	0	21	11	33	34	30	42	1	13	0	30	12	11	19	1	188	48	12	0	0	0	0	0	0	2	99	85	2	60	147	1	27	27	57	32	222	49	41	102	38	5	6	0	10	22	349	74	55	2	24	1	4	6	17	22	102	0	0	0	0	1
OTU3130	0	0	0	0	0	0	0	0	0	0	0	0	0	0	0	0	0	0	0	0	0	0	0	0	0	0	0	0	0	0	0	0	0	0	0	0	0	0	0	0	0	0	0	0	0	0	0	0	0	0	0	0	0	0	0	0	0	0	0	0	0	0	0	0	0	0	0	0	0	0	0	0	0	0	0	0	0	0	0	0	0	0	0	0	0	0	0	0	0	0	0	0	0	0	0	0	0	0	0	38	0	0
OTU3131	0	0	0	0	0	0	0	0	0	0	0	0	0	0	0	0	0	0	0	0	0	0	0	0	0	0	0	0	0	0	0	0	0	0	0	0	0	0	0	0	0	0	0	0	0	0	0	0	0	0	0	0	0	0	0	0	0	0	0	0	0	0	0	0	0	0	0	0	0	0	0	0	0	0	0	0	0	0	0	0	0	0	0	0	0	0	0	0	0	0	0	0	0	0	0	0	0	0	0	45	0	0
OTU3132	0	0	0	0	0	0	0	0	0	0	0	0	0	0	0	0	0	0	0	0	0	0	0	0	0	0	0	0	0	0	0	0	0	0	0	0	0	0	0	0	0	0	0	0	0	0	0	0	0	0	0	0	0	0	0	0	0	0	0	0	0	0	0	0	0	0	0	0	0	0	0	0	0	0	0	0	0	0	0	0	0	0	0	0	0	0	0	0	0	0	0	0	0	0	0	0	0	0	0	37	0	0
OTU3133	0	0	0	0	0	0	0	0	0	0	0	0	0	0	0	0	0	0	0	0	0	0	0	0	0	0	0	0	0	0	0	0	0	0	0	0	0	0	0	0	0	0	0	0	0	0	0	0	0	0	0	0	0	0	0	0	0	0	0	0	0	0	0	0	0	0	0	0	0	0	0	0	0	0	0	0	0	0	0	0	0	0	0	0	0	0	0	0	0	0	0	0	0	0	0	1	0	0	0	0	50	0
OTU3134	0	0	0	0	0	0	0	0	0	0	0	0	0	0	0	0	0	0	0	0	0	0	0	0	0	0	0	0	0	0	0	0	0	0	0	0	0	0	0	0	0	0	0	0	0	0	0	0	0	0	0	0	0	0	0	0	0	0	0	0	0	0	0	0	0	0	0	0	0	0	0	0	0	0	0	0	0	0	0	0	0	0	0	0	0	0	0	0	0	0	0	0	0	0	0	0	0	0	3	0	48	0
OTU3135	0	0	0	0	0	0	0	0	0	0	0	0	0	0	0	0	0	0	0	0	0	0	0	0	0	0	0	0	0	0	0	0	0	0	0	0	0	0	0	0	0	0	0	0	0	0	0	0	0	0	0	0	0	0	0	0	0	0	0	0	0	0	0	0	0	0	0	0	0	0	0	0	0	0	0	0	0	0	0	0	0	0	0	0	0	0	0	0	0	0	0	0	0	0	0	0	0	0	0	0	35	0
OTU3136	0	0	0	0	0	0	0	0	0	0	0	0	0	0	0	0	0	0	0	0	0	0	0	0	0	0	0	0	0	0	0	0	0	0	0	0	0	0	0	0	0	0	0	0	0	0	0	0	0	0	0	0	0	0	0	0	0	0	0	0	0	0	0	0	0	0	0	0	0	0	0	0	0	0	0	0	0	0	0	0	0	0	0	0	0	0	0	0	0	0	0	0	0	0	0	0	0	0	0	0	42	0
OTU3137	0	0	0	0	0	0	0	0	0	0	0	0	0	0	0	0	0	0	0	0	0	0	0	0	0	0	0	0	0	0	0	0	0	0	0	0	0	0	0	0	0	0	0	0	0	0	0	0	0	0	0	0	0	0	0	0	0	0	0	0	0	0	0	0	0	0	0	0	0	0	0	0	0	0	0	0	0	0	0	0	0	0	0	0	0	0	0	0	0	0	0	0	0	0	0	0	0	0	0	0	39	0
OTU3138	0	0	0	0	0	0	0	0	0	0	0	0	0	0	0	0	0	0	0	0	0	0	0	0	0	0	0	0	0	0	0	0	0	0	0	0	0	0	0	0	0	0	0	0	0	0	0	0	0	0	0	0	0	0	0	0	0	0	0	0	0	0	0	0	0	0	0	0	0	0	0	0	0	0	0	0	0	0	0	0	0	0	0	0	0	0	0	0	0	0	0	0	0	0	0	0	0	0	0	0	0	39
OTU3139	0	0	0	0	0	0	0	0	0	0	0	0	0	0	0	0	0	0	0	0	0	0	0	0	0	0	0	0	0	0	0	0	0	0	0	0	0	0	0	0	0	0	0	0	0	0	0	0	0	0	0	0	0	0	0	0	0	0	0	0	0	0	0	0	0	0	0	0	0	0	0	0	0	0	0	0	0	0	0	0	0	0	0	0	0	0	0	0	0	0	0	0	0	0	0	0	0	0	0	0	0	58
OTU314	0	10	4	0	0	0	0	1	0	2	0	2	6	0	0	1	1	0	0	0	0	0	0	0	0	0	6	1	1	2	5	14	6	0	8	9	10	5	15	0	3	7	1	588	304	6	0	610	1	5	1	532	4	33	317	2	9	330	237	8	0	4	0	17	2	0	4	1	123	7	1	206	12	2	7	10	19	0	9	3	9	221	25	443	12	2687	4	11	4	3	1	15	322	71	152	91	1883	250	518	1	4	7
OTU3140	0	0	0	0	0	0	0	0	0	0	0	0	0	0	0	0	0	0	0	0	2	0	0	2	0	2	23	0	0	0	0	0	0	0	0	0	0	0	18	0	0	0	7	0	0	0	0	2	0	0	0	0	0	0	3	0	0	0	0	0	0	0	0	0	0	0	0	0	0	0	0	1	1	0	0	1	0	0	0	13	0	0	0	0	0	0	0	0	0	0	0	0	3	0	1	0	0	0	0	0	0	0
OTU3141	0	0	0	0	0	0	0	0	0	0	0	0	0	0	0	0	0	0	0	0	0	0	0	0	0	0	6	8	13	0	0	0	0	0	0	0	0	0	0	0	0	1	0	0	0	0	0	0	1	0	0	0	0	0	0	1	3	1	0	0	0	0	0	0	0	0	0	0	0	0	0	0	0	0	0	0	39	0	0	0	0	0	0	5	0	0	0	0	0	0	0	0	1	0	0	0	0	0	0	0	0	0
OTU3142	0	0	0	0	0	0	0	0	0	0	0	0	0	0	0	0	0	0	0	0	0	0	0	0	0	0	4	0	21	1	1	0	0	0	1	0	23	12	0	0	7	0	0	2	3	3	0	0	0	1	3	2	0	2	0	4	9	0	2	0	0	0	0	2	0	0	0	0	0	4	5	0	0	8	3	5	3	3	0	9	5	3	0	1	0	0	9	10	33	6	6	3	1	2	0	4	1	0	0	0	0	0
OTU3143	0	0	0	0	0	0	0	0	0	0	0	0	0	0	0	0	0	0	0	0	0	0	0	0	0	0	0	9	38	2	9	0	0	0	0	0	13	4	0	0	6	3	0	0	0	6	0	0	0	1	0	4	1	1	0	0	4	0	0	0	0	0	0	0	0	0	0	7	0	1	5	4	1	3	0	10	3	4	0	1	1	1	0	0	0	0	0	0	0	0	7	0	0	0	0	0	1	0	0	0	0	0
OTU3144	0	0	0	0	0	0	0	0	0	0	0	0	0	0	0	0	0	0	0	0	0	0	0	0	0	0	0	26	0	11	0	0	0	0	0	0	0	0	0	0	2	11	0	0	0	0	0	0	0	0	0	0	0	0	0	0	0	0	0	0	0	0	2	0	0	0	0	0	0	0	0	1	2	0	0	4	0	0	0	0	5	0	0	0	1	0	0	0	0	0	5	0	10	0	0	3	0	1	0	0	0	0
OTU3145	20	68	16	1	7	8	71	147	22	16	105	17	2	23	18	5	15	10	99	2	40	55	35	61	82	141	107	117	67	123	55	49	90	37	1145	41	102	26	128	12	107	255	108	67	67	60	116	85	174	135	39	145	112	427	348	490	234	304	533	39	36	39	128	80	187	279	212	176	359	99	295	182	112	245	120	193	373	83	128	273	132	197	98	75	187	74	3406	24692	10998	15613	20148	31913	4690	14382	2427	19208	2211	58470	1650	35877	10687	6211
OTU3146	0	7	3	0	0	0	0	3	0	0	5	1	0	6	0	0	1	0	2	0	2	1	0	0	1	0	45	90	139	50	7	3	5	0	10	0	19	26	5	0	17	10	88	197	30	42	7	56	29	29	9	135	4	20	56	155	163	68	92	1	0	1	0	4	179	78	97	67	110	48	65	55	30	19	43	13	40	1	37	15	8	49	58	2	12	67	9	7	42	12	12	16	129	5	12	16	96	5	0	0	44	39
OTU3147	0	0	0	0	0	0	0	0	0	0	0	0	0	0	0	0	0	0	0	0	0	0	0	0	0	0	0	0	25	0	0	0	0	0	0	0	3	0	0	0	0	1	0	0	0	0	0	0	0	0	0	0	0	0	0	0	1	0	0	0	0	0	0	0	0	0	0	0	0	0	27	0	0	0	0	0	12	0	0	2	0	0	0	0	0	0	0	0	0	0	0	0	0	0	0	0	0	0	0	0	0	0
OTU3148	0	0	0	0	0	0	0	0	0	0	1	0	0	0	0	0	0	0	0	0	0	0	0	0	0	0	0	0	0	66	0	0	0	0	0	0	0	1	0	0	4	0	0	0	10	5	2	0	0	3	0	0	0	0	13	21	4	1	2	0	0	0	0	0	0	9	0	0	0	0	0	0	0	0	0	0	6	0	0	0	1	0	0	1	4	0	0	0	0	0	0	0	1	0	5	24	5	0	0	5	2	1
OTU3149	0	0	0	0	0	0	0	0	0	0	0	0	0	0	3	0	0	0	0	0	0	0	0	0	0	1	0	0	0	2	0	0	0	0	0	0	0	0	0	0	0	0	0	0	0	0	0	0	8	0	1	9	0	0	0	0	0	2	11	0	0	0	0	0	0	6	0	0	8	0	0	0	0	3	0	0	1	0	1	0	3	0	7	1	0	0	0	0	0	0	2	4	0	1	2	0	18	0	4	0	0	0
OTU315	0	6	1	1	0	0	0	0	0	0	2	2	0	0	0	1	0	0	0	0	0	0	0	0	0	0	1	1	2	0	0	0	6	1	0	12	2	0	8	0	1	4	3	25	441	14	1	374	2	5	0	5	1	194	735	8	9	281	1	5	0	0	0	0	28	0	8	5	0	0	3	1	7	4	2	5	5	2	8	2	4	212	3	0	3	7	2	0	2	5	0	9	0	5	710	4	210	0	0	16	0	2
OTU3150	0	0	0	0	0	0	0	0	0	0	0	0	0	0	0	0	0	0	0	0	0	0	0	0	0	0	0	0	0	10	0	0	0	0	0	0	1	0	0	0	0	0	0	5	0	0	0	0	0	0	0	1	1	0	3	0	0	0	0	1	0	0	0	0	0	0	0	0	0	4	0	9	0	6	0	0	0	0	0	0	0	0	0	1	0	0	1	0	0	0	1	0	0	0	0	1	13	0	0	0	0	0
OTU3151	0	0	0	0	0	0	0	0	0	0	0	2	0	0	0	0	0	0	0	0	0	0	0	0	0	0	0	0	0	0	2	0	0	0	0	0	0	0	0	0	0	0	0	10	0	0	0	0	0	0	0	0	0	0	0	0	45	0	0	0	0	0	0	0	0	0	1	0	0	0	0	1	0	0	0	0	0	0	0	0	0	0	0	0	0	0	0	0	0	0	0	0	0	0	0	1	0	0	0	0	0	0
OTU3152	0	0	0	0	0	0	0	0	0	0	0	0	0	0	0	0	0	0	0	0	0	0	0	0	0	0	0	0	0	0	1	0	2	0	0	0	0	0	1	0	13	0	9	0	0	0	0	0	2	0	0	7	0	0	0	0	0	0	0	0	0	0	0	0	0	0	0	0	2	0	0	0	3	0	0	0	0	0	3	0	0	0	0	2	0	0	0	0	0	0	0	0	0	0	0	0	0	12	4	0	0	0
OTU3153	0	0	0	0	0	0	0	0	0	0	0	0	0	1	0	0	0	0	0	0	0	0	0	0	0	0	0	0	0	0	0	0	1	2	0	1	0	0	0	0	0	0	3	2	9	21	0	1	0	4	0	0	0	5	0	0	2	2	2	0	1	0	0	0	0	0	0	0	0	0	0	0	0	2	0	0	0	0	2	0	0	0	7	0	0	2	0	0	0	2	0	12	0	0	0	2	0	0	0	0	56	7
OTU3154	0	0	0	0	0	0	0	0	0	0	0	0	0	0	0	0	0	0	0	0	0	0	0	0	0	0	0	0	0	0	0	0	0	1	0	0	0	0	0	0	0	0	0	0	0	0	0	0	0	0	0	13	0	0	0	0	0	0	0	0	0	0	0	0	0	0	1	0	0	0	0	0	0	0	0	0	0	0	0	0	2	0	0	0	0	0	0	0	0	0	0	5	0	3	23	1	0	0	0	0	0	0
OTU3155	0	0	0	0	0	0	0	0	0	0	0	0	0	0	0	0	0	0	1	0	0	0	0	0	0	0	0	0	0	0	0	0	0	1	0	0	0	0	0	0	0	0	0	0	0	0	0	0	0	0	0	0	0	0	0	0	3	1	0	0	0	0	0	0	4	5	45	46	0	0	0	0	0	0	0	0	0	0	0	0	0	0	0	0	0	0	0	0	0	0	0	0	0	0	0	0	0	0	0	0	0	5
OTU3156	0	0	0	0	0	0	0	0	0	0	0	0	0	0	0	0	0	0	0	0	0	0	0	0	0	0	0	0	0	0	0	0	0	0	0	2	0	0	0	0	0	0	0	0	0	0	0	4	11	0	0	0	0	3	0	0	0	0	0	0	0	0	0	0	0	0	0	0	0	0	0	0	1	0	0	0	0	0	0	0	0	0	3	0	4	0	0	0	0	0	0	0	0	1	0	2	0	0	0	0	0	0
OTU3157	0	0	0	0	0	0	0	0	0	0	0	0	0	0	0	0	0	0	0	0	0	0	0	0	0	0	0	1	3	1	0	0	0	0	0	0	4	0	0	0	3	0	0	0	0	0	0	0	0	0	0	0	0	0	0	0	0	0	0	0	0	0	0	0	0	0	0	0	0	0	0	5	1	0	5	0	4	0	0	0	0	2	0	0	0	1	0	6	1	0	0	0	0	0	0	7	5	0	0	0	0	1
OTU3158	0	0	0	0	0	0	0	0	0	0	0	0	0	0	0	0	0	0	0	0	0	0	0	0	0	0	0	0	0	0	0	0	0	0	0	0	21	0	1	0	0	9	0	0	0	0	0	0	0	0	0	0	4	0	0	0	0	0	0	0	0	0	0	0	0	0	0	0	0	0	0	0	0	13	0	17	2	0	0	30	4	0	0	0	0	0	0	1	0	0	2	0	0	0	0	0	0	0	0	0	0	0
OTU3159	0	0	0	0	0	0	0	0	0	0	0	1	0	0	0	0	0	0	0	0	0	0	0	0	0	0	0	0	0	0	0	0	0	0	2	0	4	3	23	0	1	0	0	0	0	0	0	0	0	0	0	0	0	0	0	0	1	0	0	0	0	0	0	0	0	0	0	0	0	0	0	0	0	0	0	7	24	0	0	2	0	0	0	0	0	1	0	1	0	0	0	0	0	0	0	0	0	0	0	0	0	0
OTU316	0	0	2	3	0	0	0	6	4	0	2	1	0	2	0	0	0	5	0	0	0	0	0	0	6	5	87	110	1	51	15	0	3	0	10	0	1	2	13	3	25	3	15	46	16	21	77	32	90	54	3	232	62	14	12	20	11	13	38	1	0	0	3	2	21	4	9	1	20	11	2	25	31	24	5	1	14	1	94	1	27	45	37	9	30	42	3	10	1	6	57	356	30	34	102	46	35	11	91	1	12	88
OTU3160	0	0	0	0	0	0	0	0	0	0	0	0	0	0	0	0	0	0	0	0	0	0	0	0	0	0	0	0	3	0	0	0	0	0	0	0	0	0	0	0	8	3	3	0	0	0	0	0	0	0	0	0	0	0	0	0	7	0	0	0	0	0	0	0	0	0	0	0	2	0	0	0	0	3	0	0	0	3	0	0	1	0	0	0	0	0	11	0	4	0	0	0	0	0	0	0	0	0	0	0	0	0
OTU3161	0	0	0	0	0	0	0	0	0	0	0	0	0	0	0	0	0	0	0	0	0	0	0	3	0	0	0	0	0	0	3	0	0	0	0	0	0	1	12	0	15	2	3	0	0	0	2	0	0	0	0	2	0	0	0	0	0	0	0	0	0	0	0	0	0	0	0	0	0	0	0	0	0	4	0	0	0	0	10	0	2	0	0	0	2	0	2	0	3	0	0	3	0	4	4	3	0	0	0	0	0	0
OTU3162	0	0	0	0	0	0	0	0	0	0	0	0	0	0	0	0	0	0	0	0	0	0	0	0	0	0	0	0	0	0	0	0	0	0	0	0	0	0	0	0	18	4	1	0	0	0	1	0	0	3	0	0	0	0	6	0	0	0	4	0	0	0	0	0	0	0	0	0	0	0	0	0	0	0	0	0	0	0	7	0	3	0	0	0	0	0	0	0	0	0	0	1	0	1	0	6	0	0	0	0	2	0
OTU3163	0	0	0	0	0	0	0	0	0	0	1	0	0	0	0	0	0	0	0	0	0	0	0	0	1	0	0	0	0	0	0	0	0	0	0	0	0	0	0	0	50	0	0	0	2	0	0	0	0	6	0	0	0	6	9	20	26	0	9	0	0	0	0	0	2	0	0	1	0	0	0	0	0	0	0	0	2	0	21	1	1	1	2	0	0	0	0	1	0	0	0	2	0	0	0	3	0	0	0	0	0	0
OTU3164	0	0	0	0	0	0	0	0	0	0	0	0	0	0	0	0	0	0	0	0	0	0	0	0	0	0	0	0	0	0	0	0	0	0	0	0	6	5	0	0	0	12	11	0	0	0	0	0	18	0	0	0	0	1	0	0	0	0	0	0	0	0	0	0	0	0	0	0	0	0	0	0	0	0	9	0	0	0	0	4	1	0	1	0	0	1	17	1	1	0	1	1	0	0	2	5	0	0	0	0	0	0
OTU3165	0	0	1	0	0	0	1	0	0	0	0	1	0	0	0	0	0	0	0	0	0	0	0	0	0	0	0	7	0	0	0	0	0	0	0	0	0	0	2	0	3	30	0	0	0	0	0	0	0	0	8	0	6	0	2	0	3	0	0	0	0	0	0	3	0	0	0	0	0	0	0	0	0	0	1	3	0	1	0	35	7	1	0	0	0	13	0	0	0	0	2	10	0	0	0	0	0	0	0	0	0	0
OTU3166	0	0	0	0	0	0	0	0	0	0	0	0	0	0	0	0	0	0	0	0	0	0	0	0	0	0	0	0	0	1	0	0	0	0	0	0	0	0	0	0	0	2	0	66	11	8	3	2	0	0	0	0	0	2	11	13	1	1	10	0	1	0	0	0	0	0	0	0	0	0	0	0	0	0	0	0	0	0	0	0	0	1	1	0	0	0	0	0	0	1	0	0	0	0	14	1	2	0	0	0	0	0
OTU3167	0	1	0	0	0	0	0	0	0	0	0	0	0	0	0	0	0	0	0	0	0	0	0	0	0	0	0	1	0	0	0	0	0	0	0	0	0	0	0	0	0	0	0	7	2	0	4	0	3	0	0	0	4	8	4	17	0	6	0	1	0	1	0	0	0	0	0	0	0	0	0	0	6	9	0	3	0	0	0	0	0	8	3	5	1	16	0	0	0	0	0	4	3	2	13	7	5	0	0	0	13	0
OTU3168	0	0	0	0	0	0	0	0	0	0	1	0	0	0	0	0	0	0	0	0	0	0	0	0	0	0	0	0	0	0	1	0	0	0	0	0	0	0	1	0	2	0	0	51	0	34	0	0	0	0	0	0	0	0	0	0	0	0	0	1	0	0	0	0	0	0	0	0	0	0	0	0	0	0	0	0	0	0	0	0	0	58	0	0	0	0	0	0	0	0	0	0	0	0	0	0	1	0	0	0	0	0
OTU3169	0	0	0	0	0	0	0	0	0	0	0	0	0	0	0	0	0	0	0	0	0	0	0	0	0	0	8	0	1	0	2	0	0	0	0	0	0	0	0	0	0	0	1	8	7	0	0	2	0	0	0	0	0	0	6	0	0	3	12	0	0	0	0	0	2	0	0	0	0	0	0	0	0	0	0	0	0	0	0	0	0	0	5	2	0	4	0	0	0	3	0	0	1	3	12	1	5	0	0	0	0	0
OTU317	0	4	3	0	0	4	1	17	2	2	2	4	1	9	0	0	3	1	0	0	0	0	0	0	0	0	4	0	0	2	8	0	0	0	11	0	0	2	24	4	2	10	6	0	1	8	10	0	142	147	2	10	96	57	13	8	15	8	15	0	0	1	0	2	0	0	0	2	5	639	5	594	233	8	732	144	8	9	4	17	57	7	5	46	3	4	73	5	5	3	531	3	2	8	7	14	15	0	4	0	0	0
OTU3170	0	0	0	0	0	0	0	0	0	0	0	0	0	0	0	0	0	0	0	0	0	0	0	0	0	0	0	2	0	3	0	0	0	0	3	3	0	0	0	0	0	0	0	0	8	5	3	11	1	0	0	0	0	4	0	2	1	4	8	0	0	0	0	0	3	3	3	0	10	0	0	0	1	0	1	0	1	0	0	0	1	12	0	6	14	3	0	0	0	0	0	0	0	3	0	2	0	0	2	1	14	4
OTU3171	0	0	0	0	0	0	0	0	0	0	0	0	0	0	0	0	0	0	0	0	0	0	0	0	0	0	0	0	0	0	0	0	0	0	0	0	0	0	0	0	0	0	0	0	0	7	0	0	0	0	0	0	0	0	0	0	0	0	0	0	0	0	0	0	0	0	0	0	0	0	61	0	0	0	0	0	0	0	0	0	0	0	0	0	0	0	0	0	0	0	0	0	0	0	1	0	0	0	0	0	0	0
OTU3172	0	0	0	2	0	0	5	0	0	0	0	0	0	6	0	0	0	0	0	0	1	0	1	0	0	0	45	8	17	0	52	0	2	1	1	2	40	30	12	0	135	12	20	62	8	52	37	112	8	20	2	134	15	3	25	17	19	62	13	2	0	0	2	0	37	19	10	11	3	10	12	3	2	31	11	13	9	59	47	17	53	18	38	10	15	1	21	3	13	5	5	14	4	13	65	65	6	0	9	0	5	11
OTU3173	0	0	0	0	0	0	0	0	0	0	0	0	0	0	0	0	0	0	0	0	0	0	0	0	0	0	0	0	0	0	0	0	0	0	0	0	0	0	0	0	0	0	0	0	1	6	7	2	0	0	0	0	0	0	1	10	0	0	16	0	0	0	0	0	0	1	0	0	0	0	0	0	0	0	0	0	0	0	0	0	0	0	1	0	0	0	0	0	0	0	0	0	0	0	2	0	0	0	0	0	3	17
OTU3174	0	0	0	0	0	0	0	0	0	0	0	0	0	0	0	0	0	0	1	0	0	0	0	0	0	0	0	0	0	0	0	0	0	0	0	0	0	0	0	0	0	0	0	0	0	0	0	3	0	0	0	0	0	0	0	0	0	0	0	0	0	0	0	0	0	0	48	0	0	0	0	0	0	0	0	1	0	0	0	1	0	0	0	0	0	0	0	0	0	0	0	0	0	0	0	0	0	0	0	0	0	0
OTU3175	0	0	0	0	0	0	0	0	0	0	1	0	0	0	0	0	0	0	0	0	0	0	0	0	0	0	0	0	0	0	0	0	0	0	0	0	0	0	0	0	0	1	0	0	0	1	1	20	0	0	1	0	0	1	0	0	3	0	4	0	0	1	0	0	0	0	0	0	1	4	0	0	0	0	0	1	0	0	0	0	0	2	3	17	0	0	0	0	0	0	0	0	0	0	19	0	1	0	0	0	0	4
OTU3176	0	0	0	0	0	0	0	0	0	0	0	0	0	0	0	0	0	0	0	0	0	0	0	0	0	0	0	0	0	0	0	0	0	0	0	0	1	2	0	1	0	0	0	0	0	0	0	5	0	0	0	0	0	1	1	5	1	20	0	1	0	0	0	0	0	0	0	0	0	0	0	0	10	0	0	0	1	0	0	0	0	25	10	0	2	10	0	1	0	0	0	0	1	0	12	1	0	0	0	0	0	0
OTU3177	0	0	0	0	0	0	0	0	0	0	0	0	0	0	0	0	0	0	1	1	0	0	0	0	0	0	0	0	7	1	0	0	0	0	1	0	0	0	0	0	0	0	0	11	1	0	0	1	35	0	0	5	1	0	0	0	0	1	1	0	2	0	0	1	12	0	15	12	7	0	0	0	0	0	0	0	0	0	5	0	0	0	11	0	0	0	1	0	0	1	0	0	0	0	8	8	3	0	13	0	405	20
OTU3178	0	0	1	0	0	0	0	0	0	0	0	0	0	0	0	0	0	0	0	0	0	0	0	0	0	0	1	0	5	3	0	0	0	0	0	0	13	0	0	0	0	0	0	0	0	1	0	29	0	0	0	21	3	0	1	0	2	7	5	0	0	0	0	0	0	0	0	1	0	0	0	0	1	4	0	24	0	1	0	1	0	0	0	6	0	1	3	0	0	0	4	2	0	3	0	30	0	0	1	0	1	0
OTU3179	0	0	0	0	0	0	0	0	0	0	0	0	0	0	0	0	0	0	0	0	0	0	0	0	0	0	0	0	0	0	0	0	0	0	0	0	0	0	0	0	0	0	0	0	0	0	0	0	0	0	0	0	0	0	0	1	0	0	0	0	0	0	0	0	0	47	0	0	1	0	0	0	0	0	0	0	0	0	0	0	0	0	0	0	0	0	0	0	0	0	0	0	0	0	0	0	0	0	0	0	0	0
OTU318	0	1	2	0	0	0	1	4	1	0	0	0	0	0	0	0	0	0	7	0	3	0	0	2	2	1	156	27	2	42	85	1	13	5	16	0	5	3	3	0	9	6	4	31	241	11	166	26	3	20	0	15	3	24	48	144	153	144	179	1	8	6	4	5	3	216	260	43	215	0	3	4	6	2	2	1	21	8	68	7	11	39	112	228	45	50	5	16	1	14	4	52	1035	26	149	378	12	596	237	376	17	94
OTU3180	0	0	0	0	0	0	0	0	0	0	0	0	0	0	0	0	0	0	0	0	0	0	0	0	0	0	0	0	0	0	0	0	0	0	0	0	0	0	0	0	0	0	0	0	0	0	0	0	0	0	0	0	0	0	0	0	2	0	0	0	0	0	0	0	0	0	37	0	0	0	0	0	0	0	0	0	0	0	0	0	0	0	0	0	0	0	0	0	0	0	0	0	0	0	0	0	0	0	0	0	0	0
OTU3181	0	0	0	0	0	0	0	0	0	0	0	0	0	0	0	0	0	0	0	0	0	0	0	0	0	0	0	0	0	0	0	0	0	0	0	0	0	0	0	0	0	0	0	0	0	0	0	0	0	0	0	0	0	0	0	0	0	2	0	0	0	0	0	0	0	0	0	43	0	0	0	0	0	0	0	0	0	0	0	0	0	0	0	0	0	0	0	0	0	0	0	0	0	0	0	0	0	0	0	0	0	0
OTU3182	0	0	0	0	0	0	0	2	0	0	0	0	0	0	0	0	0	0	0	0	0	0	0	0	0	0	0	0	0	0	0	0	0	0	0	0	0	0	0	0	0	0	0	0	0	0	0	0	0	0	0	0	0	0	0	3	0	3	0	0	0	0	0	0	38	0	0	12	0	0	0	0	0	0	0	0	0	0	0	0	0	0	10	0	0	2	0	0	0	0	0	0	2	14	0	0	0	0	0	0	0	0
OTU3183	0	0	0	0	0	0	0	0	0	0	0	0	0	0	0	0	0	0	0	0	0	1	0	0	3	0	1	0	0	2	4	0	4	0	2	0	0	0	2	0	0	0	3	9	7	6	2	1	20	0	0	5	0	27	2	2	5	20	26	0	0	0	1	0	21	0	0	0	11	0	0	0	2	2	6	0	0	0	8	0	7	0	4	3	0	0	0	0	0	0	0	32	3	0	1	6	4	0	0	31	2	0
OTU3184	0	0	0	0	0	0	0	0	0	0	0	0	0	0	0	0	0	0	0	0	0	0	0	0	0	0	0	0	0	0	0	0	0	0	0	3	0	0	0	0	0	0	0	0	0	0	0	0	0	0	0	0	0	0	2	0	0	0	2	0	0	0	0	0	19	13	1	0	34	0	0	0	0	0	0	0	0	0	0	0	0	0	0	0	0	0	0	0	0	0	0	0	0	0	0	0	0	0	0	0	3	0
OTU3185	0	0	0	0	0	0	0	0	0	0	0	0	0	0	0	0	0	0	0	0	0	0	0	0	0	0	0	0	0	0	0	0	0	0	0	0	0	0	0	0	0	0	0	0	0	0	0	0	0	0	0	0	0	0	0	0	0	0	0	0	0	0	0	0	37	0	0	0	0	0	0	0	0	0	0	0	0	0	0	0	0	0	0	0	0	0	0	0	0	0	0	0	0	0	0	0	0	0	1	0	0	0
OTU3186	0	0	0	0	0	0	0	1	0	0	0	0	0	0	0	0	0	0	0	0	0	0	0	0	0	0	0	0	0	0	0	0	0	0	2	0	0	0	0	0	0	0	0	0	4	0	0	0	0	0	0	0	0	1	0	0	0	0	0	0	4	0	0	0	16	0	0	18	0	0	0	0	0	0	0	0	0	0	0	0	0	0	0	0	0	0	0	0	0	0	0	0	0	0	0	0	0	0	0	0	0	0
OTU3187	0	0	0	0	0	0	0	0	0	0	0	0	0	0	0	0	0	0	0	0	0	0	0	0	0	0	0	0	0	0	0	0	0	0	0	0	0	0	0	0	0	0	0	0	0	0	0	0	0	0	0	0	0	0	0	0	0	0	0	0	0	0	0	0	0	30	0	0	0	0	0	0	0	0	0	0	0	0	0	0	0	0	0	0	0	0	0	0	0	0	0	0	0	0	0	0	0	0	0	0	0	0
OTU3188	0	0	0	0	0	0	0	0	0	0	0	0	0	0	0	0	0	0	0	0	0	0	0	0	0	0	0	0	0	0	0	0	0	0	0	0	0	0	0	0	0	0	0	0	0	0	0	0	0	0	0	0	0	0	0	0	0	0	0	0	0	0	0	0	0	43	0	20	0	0	0	0	0	0	0	0	0	0	0	0	0	0	0	0	0	0	0	0	0	0	0	0	0	0	0	0	0	0	0	0	0	0
OTU3189	0	0	0	0	0	0	0	0	0	0	0	0	0	0	0	0	0	0	0	0	0	0	0	0	0	0	0	0	0	0	0	0	0	0	0	0	0	0	0	0	0	0	0	1	0	0	0	0	0	0	0	0	0	0	0	0	0	0	0	0	0	0	0	0	0	1	0	0	0	0	0	0	0	0	0	0	0	0	0	0	0	0	0	0	0	0	0	0	0	0	0	0	0	0	0	0	0	2	0	0	0	37
OTU319	0	1	4	1	1	0	0	0	0	2	1	0	0	0	0	0	2	1	3	0	8	0	1	6	0	0	0	9	0	1	2	0	0	0	11	0	1	73	66	0	0	3	360	45	3	0	2	54	0	152	0	2	0	14	1443	5	3	224	2	0	0	0	1	19	33	0	0	4	0	3	0	406	2	98	2	1	119	3	5	1	7	11	3	16	0	763	4	0	3	2	2	3	15	13	10	18	15	2	0	0	0	0
OTU3190	0	2	0	0	0	0	2	0	0	0	0	0	0	1	0	0	0	1	0	0	0	0	0	0	0	1	1	1	0	7	0	0	0	0	1	0	0	1	1	0	2	0	0	1	6	0	0	1	1	0	0	0	0	1	0	2	11	181	1	0	0	2	0	0	0	2	222	6	0	2	0	0	0	0	1	0	6	0	1	0	1	0	14	0	0	0	10	0	0	0	0	2	0	0	11	4	1	0	1	2	1	4
OTU3191	0	0	0	0	0	0	0	1	0	1	0	0	0	0	0	0	0	0	0	0	0	0	0	0	0	0	0	0	0	0	0	0	0	0	0	0	0	0	0	0	0	0	0	0	0	0	0	0	0	0	0	0	0	0	0	0	0	0	0	0	1	0	1	0	0	5	2	0	0	0	0	0	0	0	0	0	0	0	0	0	0	0	0	0	0	3	0	0	0	0	0	0	1	0	0	1	2	46	6	0	23	9
OTU3192	0	0	0	0	0	0	1	0	0	0	0	0	0	0	0	0	0	0	0	0	0	0	0	4	0	0	0	0	0	0	0	2	0	0	1	0	0	0	0	0	0	0	0	0	0	0	0	0	0	0	0	0	0	0	0	0	0	0	0	0	0	0	0	0	12	0	33	23	13	0	0	0	0	0	0	0	0	0	0	0	0	0	0	0	0	0	0	0	0	0	0	0	0	0	0	2	0	0	54	0	42	71
OTU3193	0	0	0	0	0	0	0	0	0	0	0	0	0	0	0	0	0	0	0	0	0	0	0	0	0	0	0	0	0	0	0	0	0	0	0	0	0	0	0	0	0	0	0	0	0	0	0	0	0	0	0	0	0	0	0	0	0	0	0	0	0	0	0	0	0	0	0	35	0	0	0	0	0	0	0	0	0	0	0	0	0	0	0	0	0	0	0	0	0	0	0	0	0	0	0	0	0	0	0	0	0	0
OTU3194	0	0	0	0	0	0	0	0	0	0	0	0	0	0	0	0	0	0	0	0	0	0	0	0	0	0	0	1	0	0	0	0	0	0	0	0	0	0	0	0	0	0	0	0	32	0	0	0	0	0	0	0	0	0	0	0	0	0	0	0	0	0	0	0	0	0	0	0	0	0	29	0	0	0	0	0	0	0	0	0	0	24	0	0	0	0	0	0	0	0	0	0	0	0	0	0	0	0	0	0	0	0
OTU3195	0	0	0	0	0	0	0	0	0	0	0	0	0	0	0	0	0	0	0	0	0	0	0	0	0	0	0	0	0	0	0	0	0	0	0	0	0	0	0	0	0	0	0	0	0	0	0	0	0	0	0	0	0	0	0	1	0	0	0	0	0	0	0	0	0	0	0	0	0	0	0	0	0	0	0	0	0	0	0	0	0	0	0	21	0	0	0	0	0	0	0	0	45	0	0	1	0	0	0	0	0	0
OTU3196	0	0	0	0	0	0	0	0	0	0	0	0	0	0	0	0	0	0	0	0	0	0	0	0	0	0	0	0	0	0	0	0	0	0	0	0	0	0	0	0	0	0	0	0	0	0	0	0	0	3	0	0	0	0	0	0	0	0	1	0	0	0	0	1	0	0	0	0	0	0	0	1	0	0	0	0	0	0	0	0	0	2	0	0	9	76	0	0	0	0	0	0	0	0	4	0	0	0	0	0	0	0
OTU3197	0	0	0	0	0	0	0	0	0	0	0	0	0	0	0	0	0	0	0	0	0	0	0	0	0	0	0	0	0	0	0	0	0	0	1	0	0	0	0	0	0	0	0	0	0	0	0	0	0	0	0	0	0	0	0	0	0	0	0	0	0	0	0	0	0	0	0	0	0	0	0	0	0	0	0	0	0	0	0	0	0	0	0	0	0	0	0	0	0	0	0	0	0	0	0	5	0	0	0	0	43	0
OTU3198	0	0	0	0	0	0	0	2	0	0	0	0	0	0	0	0	0	0	0	0	0	0	0	0	0	0	0	0	0	0	0	0	0	0	0	2	0	0	0	0	0	0	0	0	0	0	0	0	0	0	0	0	0	0	0	0	0	0	0	0	0	0	0	0	2	0	29	0	0	0	0	0	0	0	0	0	0	0	0	0	0	0	0	0	0	0	0	0	0	0	0	0	0	0	0	0	0	0	55	0	0	0
OTU3199	0	0	0	0	0	0	0	0	0	0	0	0	0	0	0	0	0	0	0	0	0	0	0	0	0	0	0	0	0	0	0	0	0	0	0	0	0	0	0	0	0	0	0	0	0	0	0	0	0	0	0	0	0	0	0	0	0	0	0	0	0	0	0	0	0	0	0	0	0	0	0	0	0	0	0	0	0	0	0	0	0	0	0	0	0	0	0	0	0	0	0	0	0	0	0	0	0	0	0	58	0	0
OTU32	1	9	1	8	4	5	0	1	4	2	5	5	18	413	2	0	3	1	3	0	0	17	5	0	0	1	25	47	47	53	35	0	0	0	1	0	3911	6675	247	3	49	84	20	26	25	162	20	25	36	23	13	40	44	69	69	71	206	31	46	0	0	0	0	0	0	0	3	0	0	55	155	45	14	27	78	593	278	1683	40	413	122	64	20	89	25	92	16962	122	130	40	56	19	49	53	54	96	78	3	0	0	1	0
OTU320	0	6	3	0	0	1	1	12	1	0	1	2	0	0	0	0	1	0	0	0	0	3	3	0	0	2	11	5	17	34	17	46	2	0	11	1	75	11	28	0	24	20	6	1008	12	31	8	18	69	18	14	6	8	25	74	22	173	18	14	2	0	3	1	3	5	1	15	15	3	3	19	24	6	7	3	294	269	15	11	14	17	15	2	127	12	60	28	358	18	7	88	17	794	203	78	125	83	23	18	1	10	4
OTU3200	0	0	0	0	0	0	0	0	0	0	0	0	0	0	0	0	0	0	0	0	0	0	0	0	0	0	0	0	0	0	0	0	0	0	0	0	0	0	0	0	0	0	0	0	0	0	0	0	0	0	0	0	0	0	0	0	0	0	0	0	0	0	0	0	0	0	0	0	0	0	0	0	0	0	0	0	0	0	0	0	0	0	0	0	0	0	0	0	0	0	0	0	0	0	0	0	0	0	0	55	0	0
OTU3201	0	0	0	0	0	0	0	0	0	0	0	0	0	0	0	0	0	0	0	0	0	0	0	0	0	0	0	0	0	0	0	0	0	0	0	0	0	0	0	0	0	0	0	0	0	0	0	0	0	0	0	0	0	0	0	0	0	0	0	0	0	0	0	0	0	0	0	0	0	0	0	0	0	0	0	0	0	0	0	0	0	0	0	0	0	0	0	0	0	0	0	0	0	0	0	0	0	0	0	37	0	0
OTU3202	0	0	0	0	0	0	0	0	0	0	0	0	0	0	0	0	0	0	0	0	0	0	0	0	0	0	0	0	0	0	0	0	0	0	0	0	0	0	0	0	0	0	0	0	0	0	0	0	0	0	0	0	0	0	0	0	0	0	0	0	0	0	0	0	0	0	0	0	0	0	0	0	0	0	0	0	0	0	0	0	0	0	0	0	0	0	0	0	0	0	0	0	0	0	0	0	0	0	0	45	0	0
OTU3203	0	0	0	0	0	0	0	0	0	0	0	0	0	0	0	0	0	0	0	0	0	0	0	0	0	0	0	0	0	0	0	0	0	0	0	0	0	0	0	0	0	0	0	0	0	0	0	0	0	0	0	0	0	0	0	0	0	0	0	0	0	0	0	0	0	0	0	0	0	0	0	0	0	0	0	0	0	0	0	0	0	0	0	0	0	0	0	0	0	0	0	0	0	0	0	0	0	0	0	77	0	0
OTU3204	0	0	0	0	0	0	0	0	0	0	0	0	0	0	0	0	0	0	0	0	0	0	0	0	0	0	0	0	0	0	0	0	0	0	0	0	0	0	0	0	0	0	0	0	0	0	0	0	0	0	0	0	0	0	0	0	0	0	0	0	0	0	0	0	0	0	0	0	0	0	0	0	0	0	0	0	0	0	0	0	0	0	0	0	0	0	0	0	0	0	0	0	0	0	0	0	0	0	0	86	0	0
OTU3205	0	0	0	0	0	0	0	0	0	0	0	0	0	0	0	0	0	0	0	0	0	0	0	0	0	0	0	0	0	0	0	0	0	0	0	0	0	0	0	0	0	0	0	0	0	0	0	0	0	0	0	0	0	0	0	0	0	0	0	0	0	0	0	0	0	0	0	0	0	0	0	0	0	0	0	0	0	0	0	0	0	0	0	0	0	0	0	0	0	0	0	0	0	0	0	0	0	0	0	59	0	0
OTU3206	0	0	0	0	0	0	0	0	0	0	0	0	0	0	0	0	0	0	0	0	0	0	0	0	0	0	0	0	0	0	0	0	0	0	0	0	0	0	0	0	0	0	0	0	0	0	0	0	0	0	0	0	0	0	0	0	0	0	0	0	0	0	0	0	0	0	0	0	0	0	0	0	0	0	0	0	0	0	0	0	0	0	0	0	0	0	0	0	0	0	0	0	0	0	0	0	0	0	0	0	36	0
OTU3207	0	0	0	0	0	0	0	0	0	0	0	0	0	0	0	0	0	0	0	0	0	0	0	0	0	0	0	0	0	0	0	0	0	0	0	0	0	0	0	0	0	0	0	0	0	0	0	0	0	0	0	0	0	0	0	0	0	0	0	0	0	0	0	0	0	0	0	0	0	0	0	0	0	0	0	0	0	0	0	0	0	0	0	0	0	0	0	0	0	0	0	0	0	0	0	1	0	0	0	0	38	0
OTU3208	0	0	0	0	0	0	0	0	0	0	0	0	0	0	0	0	0	0	0	0	0	0	0	0	0	0	0	0	0	0	0	0	0	0	0	0	0	0	0	0	0	0	0	0	0	0	0	0	0	0	0	0	0	0	0	0	0	0	0	0	0	0	0	0	0	0	0	0	0	0	0	0	0	0	0	0	0	0	0	0	0	0	0	0	0	0	0	0	0	0	0	0	0	0	0	0	0	0	0	0	39	0
OTU3209	0	0	0	0	0	0	0	0	0	0	0	0	0	0	0	0	0	0	0	0	0	0	0	0	0	0	0	0	0	0	0	0	0	0	0	0	0	0	0	0	0	0	0	0	0	0	0	0	0	0	0	0	0	0	0	0	0	0	0	0	0	0	0	0	1	0	0	0	0	0	0	0	0	0	0	0	0	0	0	0	0	0	0	0	0	0	0	0	0	0	0	0	0	0	0	2	0	0	0	0	56	0
OTU321	1	9	8	2	1	3	2	3	3	0	1	3	0	4	3	1	0	0	2	0	3	1	0	0	10	1	133	58	2	191	66	5	8	1	8	1	9	16	11	4	117	58	184	82	193	190	29	136	190	100	21	161	13	77	351	28	62	150	104	5	2	3	1	11	16	1	6	7	115	0	38	30	77	124	16	47	36	25	117	49	204	209	277	99	44	409	86	155	15	116	66	29	147	170	251	169	117	3	78	6	5	48
OTU3210	0	0	0	0	0	0	0	0	0	0	0	0	0	0	0	0	0	0	1	0	0	0	0	0	0	0	0	0	0	0	0	0	0	0	0	0	0	0	0	0	0	0	0	0	0	0	0	0	0	0	0	0	0	0	0	0	0	0	0	0	0	0	0	0	0	0	0	0	0	0	0	0	0	0	0	0	0	0	0	0	0	0	0	0	0	0	0	0	0	0	0	0	0	0	0	0	0	0	0	0	47	0
OTU3211	0	0	0	0	0	0	0	0	0	0	0	0	0	0	0	0	0	0	0	0	0	0	0	0	0	0	0	0	0	0	0	0	0	0	0	0	0	0	0	0	0	0	0	0	0	0	0	0	0	0	0	0	0	0	0	0	0	0	0	0	0	0	0	0	0	0	0	0	0	0	0	0	0	0	0	0	0	0	0	0	0	0	0	0	0	0	0	0	0	0	0	0	0	0	0	0	0	0	0	0	45	0
OTU3212	0	0	0	0	0	0	0	0	0	0	0	0	0	0	0	0	0	0	0	0	0	0	0	0	0	0	0	0	0	0	0	0	0	0	0	0	0	0	0	0	0	0	0	0	0	0	0	0	0	0	0	0	0	0	0	0	0	0	0	0	0	0	0	0	0	0	0	0	0	0	0	0	0	0	0	0	0	0	0	0	0	0	0	0	0	0	0	0	0	0	0	0	0	0	0	0	0	0	0	0	56	0
OTU3213	0	0	0	0	0	0	0	0	0	0	0	0	0	0	0	0	0	0	0	0	0	0	0	0	0	0	0	0	0	0	0	0	0	0	0	0	0	0	0	0	0	0	0	0	0	0	0	0	0	0	0	0	0	0	0	0	0	0	0	0	0	0	0	0	0	0	0	0	0	0	0	0	0	0	0	0	0	0	0	0	0	0	0	0	0	0	0	0	0	0	0	0	0	0	0	0	0	0	0	0	0	30
OTU3214	0	0	0	0	0	0	0	0	0	0	0	0	0	0	0	0	0	0	0	0	0	0	0	0	0	0	0	0	0	0	0	0	0	0	0	0	0	0	0	0	0	0	0	0	0	0	0	0	0	0	0	0	0	0	0	0	0	0	0	0	0	0	0	0	0	0	0	0	0	0	0	0	0	0	0	0	0	0	0	0	0	0	0	0	0	0	0	0	0	0	0	0	0	0	0	0	0	0	0	0	0	25
OTU3215	0	1	0	0	0	0	0	0	0	0	0	0	0	0	0	0	0	0	0	0	0	0	0	0	0	0	0	0	0	0	7	0	0	0	0	0	2	1	33	0	0	2	5	0	0	0	7	0	0	0	0	0	0	0	0	0	0	0	0	0	0	0	0	0	0	0	0	0	0	0	0	0	0	0	0	0	0	22	0	0	1	0	6	0	0	0	0	5	5	0	0	7	0	1	0	0	0	0	0	0	0	0
OTU3216	0	0	0	0	0	0	0	5	0	0	0	0	0	0	0	0	0	0	0	0	0	0	0	0	0	0	0	0	0	0	0	0	0	0	0	0	0	0	0	0	0	0	0	0	0	0	0	0	0	0	0	0	0	0	0	0	0	0	0	0	0	0	0	0	0	0	0	0	0	0	0	0	0	0	0	0	0	0	0	0	0	0	0	0	0	0	0	0	0	0	0	0	0	0	0	0	0	0	32	0	0	0
OTU3217	0	1	0	0	0	0	0	0	0	49	0	0	0	0	0	0	0	0	0	0	0	0	0	0	0	0	0	0	0	0	0	0	0	0	0	0	0	0	0	0	0	1	0	0	0	0	0	0	0	0	0	0	0	0	0	0	0	0	0	0	0	0	0	0	0	0	0	0	0	0	0	0	0	0	0	0	0	0	0	0	0	0	0	0	0	0	0	0	0	0	0	0	0	0	0	2	0	0	0	0	0	0
OTU3218	0	0	0	0	0	0	0	0	0	0	0	0	0	0	1	0	0	0	0	0	0	0	0	0	0	0	0	0	0	0	0	0	0	0	0	0	12	0	26	0	0	0	0	0	0	0	0	0	0	12	0	0	0	0	0	0	2	1	0	0	0	0	0	0	0	0	0	0	0	0	0	0	0	0	0	7	9	0	0	9	3	0	0	0	0	0	0	0	0	0	4	0	0	1	3	0	3	0	0	0	0	0
OTU3219	0	0	0	0	0	0	0	0	0	0	0	0	0	0	0	0	0	0	0	0	0	0	3	0	0	0	1	0	0	0	4	0	0	0	0	0	0	12	2	0	5	4	0	0	0	0	0	0	1	3	0	1	0	0	0	0	0	0	0	0	0	0	0	0	0	0	0	0	0	0	0	0	0	0	0	4	0	15	0	0	0	0	0	0	0	0	0	0	0	0	0	0	0	0	0	0	0	0	0	0	0	0
OTU322	0	2	0	2	0	0	0	0	0	0	0	0	0	344	0	0	0	0	0	0	1	0	2	0	0	1	101	10	337	45	127	0	8	0	9	0	39	29	129	0	65	12	15	0	32	1	48	0	2	20	3	11	14	5	8	5	51	7	3	0	0	0	0	1	1	0	3	2	2	66	27	2	56	132	21	42	129	46	3	14	10	27	2	8	7	2	55	138	27	26	18	31	1	9	4	27	13	1	0	3	1	0
OTU3220	0	0	0	0	0	0	0	3	0	0	0	0	0	0	0	0	0	0	0	0	0	0	0	0	3	0	0	1	0	0	0	0	0	0	0	0	0	0	0	0	0	0	4	0	0	0	0	0	0	0	0	2	5	4	0	0	0	0	0	0	0	0	0	0	0	0	0	0	0	0	0	0	0	0	0	8	0	0	28	0	0	0	0	0	0	0	0	0	0	11	12	2	0	0	0	1	0	0	1	0	0	0
OTU3221	0	0	0	0	0	0	0	0	0	0	0	0	0	0	1	0	0	0	0	0	0	0	0	1	1	0	0	0	0	0	0	0	0	0	0	0	0	10	21	0	0	0	0	0	0	0	0	0	0	0	2	0	0	0	0	0	0	0	0	0	0	0	0	0	0	0	0	0	0	6	0	0	6	0	2	8	0	0	5	0	0	0	0	0	0	0	0	0	0	0	0	0	0	0	0	0	0	0	0	0	0	0
OTU3222	0	0	0	0	0	0	0	1	0	0	0	0	0	3	0	0	0	0	0	0	0	0	0	0	0	1	0	4	0	0	0	0	0	0	0	0	0	0	0	0	0	0	1	0	0	0	0	0	0	0	0	1	5	0	0	2	2	0	0	0	0	0	0	2	0	0	0	0	0	9	5	0	0	0	12	3	0	0	0	6	0	0	0	0	0	0	0	0	2	0	5	0	5	0	2	0	0	0	0	0	0	0
OTU3223	0	0	0	0	0	0	0	0	0	0	0	0	0	0	0	0	0	0	0	0	0	0	0	0	0	1	0	0	0	0	0	0	0	0	0	0	0	0	0	0	0	0	0	0	0	0	0	0	0	0	0	0	0	0	0	3	0	0	1	0	0	0	0	0	9	75	0	0	19	0	0	0	0	0	0	0	0	0	0	0	0	0	0	0	0	0	0	0	0	0	0	0	0	2	0	1	0	0	13	0	20	69
OTU3224	0	0	1	0	0	0	0	0	0	1	0	2	0	0	0	0	0	0	0	0	0	0	0	0	0	0	1	0	0	1	0	0	0	1	0	0	0	0	0	0	0	0	2	20	0	4	0	0	0	0	0	0	0	1	15	15	1	0	0	3	0	0	0	0	0	0	0	0	0	0	0	1	0	0	0	1	0	1	1	2	0	28	0	0	1	0	0	1	0	0	0	0	0	0	0	7	0	0	0	0	2	0
OTU3225	0	0	0	0	0	0	1	2	0	0	0	2	0	0	0	0	0	0	0	0	1	0	0	0	0	0	17	6	0	20	1	0	0	2	0	0	0	0	4	0	4	10	12	10	6	10	4	2	12	7	6	1	16	8	5	6	0	0	8	0	1	0	0	0	0	8	0	2	1	2	0	6	5	0	1	29	2	0	3	10	5	2	5	4	3	3	0	8	0	1	3	7	12	2	1	10	48	1	0	0	33	18
OTU3226	0	0	0	0	0	0	0	0	0	0	0	0	0	0	0	0	0	0	0	0	0	0	0	3	0	0	0	26	0	0	6	0	0	0	0	0	3	8	21	0	0	0	9	0	1	0	0	2	0	2	2	4	1	2	1	2	1	0	1	0	0	3	0	0	0	0	1	0	0	18	4	3	0	0	0	6	0	0	2	12	0	5	0	0	0	3	1	2	2	2	1	3	0	1	0	18	2	0	0	0	3	0
OTU3227	3	0	0	0	0	0	0	0	0	0	0	0	0	0	0	0	0	0	4	0	0	0	0	0	0	0	24	22	0	0	9	0	0	0	0	0	7	0	0	0	1	10	53	0	3	0	0	0	1	0	0	9	1	0	1	0	0	0	0	0	0	0	0	0	0	0	0	0	0	1	1	6	0	0	0	3	0	0	0	0	2	0	0	0	1	0	1	0	0	0	0	10	0	0	3	0	0	0	0	0	0	0
OTU3228	0	0	0	0	0	0	0	0	0	0	0	0	0	0	0	0	0	0	0	0	0	0	0	0	0	0	4	3	6	1	0	0	0	0	0	0	0	0	1	0	0	0	0	0	5	0	0	5	0	0	0	0	0	0	0	0	0	0	3	0	0	3	0	0	18	0	0	0	0	0	1	0	0	0	1	0	0	0	0	1	0	0	0	6	0	0	0	0	0	2	1	0	0	1	4	0	9	0	0	0	2	0
OTU3229	0	1	0	0	0	0	0	0	0	0	0	0	0	0	0	0	0	0	1	0	0	0	0	0	0	0	0	14	0	1	7	0	0	0	0	0	8	1	0	0	0	0	0	0	0	0	0	0	0	3	0	6	0	0	0	0	0	0	0	0	0	0	0	0	0	0	1	0	0	3	0	3	0	1	0	0	0	6	0	0	0	1	0	3	0	0	0	0	0	0	0	0	1	0	0	0	0	0	0	0	0	0
OTU323	1	2	1	0	4	0	2	4	0	1	2	4	0	1	1	0	0	0	2	3	1	552	0	0	3	3	27	214	6	91	45	4	10	9	14	5	15	2	16	0	19	35	59	87	399	265	266	140	205	29	2	349	81	115	52	86	37	98	141	13	4	0	8	10	246	144	496	372	240	1	13	11	67	70	10	9	12	10	106	4	32	169	204	23	53	79	10	11	12	92	40	79	141	186	203	366	214	225	793	9	463	406
OTU3230	0	0	0	0	0	0	0	0	0	0	0	0	0	0	0	0	0	0	0	0	0	0	0	0	0	0	0	8	0	0	0	0	0	0	0	0	0	0	0	0	6	0	0	0	0	0	0	4	0	0	0	6	0	0	8	0	0	0	0	0	0	1	0	0	0	0	0	0	0	0	0	0	3	0	0	0	0	0	0	0	0	3	3	14	1	0	0	0	0	0	0	0	0	0	3	0	2	0	6	0	0	25
OTU3231	0	0	0	0	0	0	0	0	0	0	0	0	0	0	0	0	0	0	0	0	0	0	0	0	0	0	0	0	37	0	0	0	0	0	0	0	0	0	0	0	0	0	0	0	0	0	0	0	0	0	0	0	0	0	0	0	0	0	0	0	0	0	0	0	0	0	0	0	0	0	0	0	0	0	0	0	0	0	0	0	0	0	0	0	0	0	0	0	0	0	0	0	0	0	0	0	0	0	0	0	0	0
OTU3232	2	9	1	4	0	5	1	1	1	0	0	2	0	3	4	0	0	1	4	0	2	1	0	9	0	0	70	86	346	92	84	0	2	5	20	0	35	282	935	5	665	458	364	40	63	190	127	12	59	57	18	54	36	44	18	65	275	68	81	0	0	0	0	1	4	0	3	2	2	272	185	146	20	17	249	69	372	199	74	56	84	69	32	15	35	40	97	1085	1057	73	57	99	31	163	39	110	95	2	4	1	0	6
OTU3233	0	0	0	0	0	0	0	0	0	0	0	1	0	0	0	0	0	0	0	0	0	0	0	0	0	0	0	0	0	3	0	0	0	0	0	0	0	0	0	0	0	1	0	0	2	0	2	0	7	0	0	0	1	0	9	1	1	0	21	0	0	0	0	0	0	0	0	0	2	0	0	0	18	0	4	1	6	1	0	0	0	0	6	0	2	0	0	0	0	0	0	0	3	0	8	2	0	0	0	0	0	0
OTU3234	0	0	0	0	0	0	0	0	0	0	0	0	0	0	0	0	0	0	0	0	0	0	0	0	0	2	0	1	0	4	0	0	0	0	0	1	0	0	0	0	7	0	3	0	0	0	0	1	1	15	2	0	6	1	0	0	0	0	0	0	0	0	0	0	0	0	0	0	0	11	0	3	0	0	2	0	1	0	0	4	4	0	0	0	1	0	0	0	0	0	1	21	0	1	0	0	1	0	0	0	0	0
OTU3235	0	0	0	0	0	0	0	0	0	0	0	0	0	0	0	0	0	0	0	0	0	0	0	0	0	0	0	3	0	2	4	0	0	0	0	0	0	0	4	0	0	0	0	2	0	1	0	6	11	0	0	0	0	0	0	0	0	0	6	0	0	0	0	0	0	0	0	0	0	0	0	0	0	0	0	0	0	0	0	0	0	1	7	4	0	0	0	0	0	0	0	2	2	9	3	3	6	0	0	0	0	0
OTU3236	0	2	0	2	0	0	0	0	0	2	0	0	1	1	0	0	0	0	0	0	0	0	0	0	0	0	5	2	0	2	6	0	1	0	0	0	3	0	0	0	0	6	6	0	4	0	0	5	13	2	0	0	1	11	9	1	0	1	13	0	0	0	0	0	0	0	0	0	0	0	0	1	3	2	1	2	7	2	2	4	4	4	2	0	0	0	1	1	1	0	7	0	2	4	8	11	4	0	0	0	0	0
OTU3237	0	0	0	0	0	0	0	0	0	0	0	0	0	0	0	0	0	0	0	0	0	0	0	0	0	0	3	0	0	0	8	0	0	0	0	0	0	0	0	0	0	0	0	0	0	2	0	0	0	1	0	0	0	0	1	0	0	0	0	0	0	0	0	0	0	0	0	0	0	0	0	0	0	0	0	6	0	1	0	1	0	2	0	8	0	0	0	0	0	0	0	0	0	1	0	9	0	0	0	0	0	0
OTU3238	0	0	0	0	0	0	0	0	0	0	0	0	0	0	0	0	0	0	1	0	0	3	0	0	0	0	0	0	0	0	0	285	0	0	0	0	0	0	0	0	0	0	0	1	0	0	0	0	0	0	0	0	0	0	0	0	0	0	0	0	0	0	0	0	0	0	0	0	0	0	1	0	0	0	0	0	0	0	0	0	0	0	0	0	0	0	0	0	0	0	0	0	0	0	0	0	0	0	0	0	0	0
OTU3239	0	0	0	0	0	0	0	0	0	0	0	0	0	0	0	0	0	0	0	0	0	0	0	0	0	0	0	0	0	0	0	0	1	0	0	0	0	0	0	0	0	0	0	0	0	0	0	0	0	0	0	0	0	0	0	0	0	0	0	0	0	0	0	0	0	0	0	0	0	0	0	0	0	0	0	0	0	0	0	0	0	0	0	0	0	0	0	0	0	0	0	0	0	0	0	0	0	0	0	0	0	57
OTU324	0	10	2	1	0	11	3	5	2	6	2	16	0	1	0	1	2	0	4	0	1	2	0	0	0	16	541	16	2504	10	332	6	6	2	39	1	273	28	8	2	33	6	150	223	13	11	3	32	8	1	0	15	9	18	6	18	11	425	94	2	0	1	0	1	4	2	2	6	7	37	2536	83	6	12	87	126	33	301	8	408	13	184	7	1	5	155	9	237	1106	94	1	16	226	14	158	58	29	14	166	3	683	35
OTU3240	0	0	0	0	0	0	0	0	0	0	0	0	0	0	0	0	0	0	0	0	0	0	0	0	0	0	0	0	0	0	0	0	0	0	4	0	3	0	0	0	0	12	4	0	0	5	0	0	9	1	0	0	0	0	0	0	0	0	0	0	0	0	0	0	1	7	39	20	0	0	0	0	0	0	0	5	0	0	0	3	4	0	0	2	0	0	3	2	0	0	1	0	0	0	1	2	0	0	0	0	0	0
OTU3241	0	0	0	0	0	0	0	0	0	0	0	0	0	0	0	0	0	0	0	0	0	0	0	0	0	0	0	0	1	0	0	0	0	0	0	0	5	0	0	0	0	1	2	0	0	0	0	0	0	0	0	6	2	0	0	0	0	0	0	0	0	0	0	0	5	0	6	1	14	0	0	0	0	10	0	3	0	0	0	0	0	0	1	0	0	0	0	0	0	3	3	0	0	0	0	2	0	0	1	0	0	2
OTU3242	0	0	0	0	0	0	0	0	0	0	1	0	0	0	1	0	0	0	0	0	0	1	0	0	0	0	1	0	0	1	1	0	0	0	0	0	40	2	3	0	0	18	148	0	2	77	1	1	1	0	0	0	0	5	39	0	3	16	4	4	0	0	0	0	0	0	0	1	2	1	0	0	1	25	21	0	3	13	0	2	5	92	0	0	1	3	1	0	1	1	0	11	37	1	3	75	2	5	0	0	8	0
OTU3243	0	0	0	0	0	0	0	0	0	0	0	0	0	0	0	0	0	0	0	0	0	0	0	0	0	0	0	0	0	0	0	0	0	0	0	0	34	0	0	0	13	0	0	6	4	2	0	0	1	1	0	2	0	2	2	3	6	0	5	0	0	0	0	0	5	5	0	0	44	0	0	4	0	0	0	0	11	1	8	4	40	0	1	0	0	1	0	0	0	0	0	0	8	1	2	0	0	4	8	0	0	0
OTU3244	0	0	0	0	0	0	0	0	0	0	0	0	0	0	0	0	0	0	0	0	0	1	0	0	0	2	1	0	0	2	0	0	0	0	0	0	34	4	2	0	0	0	0	0	1	0	0	0	3	0	0	3	3	4	0	0	2	0	0	0	0	0	0	0	1	0	12	0	12	0	0	0	0	5	15	6	32	15	1	8	0	0	0	0	0	0	47	4	0	1	0	0	0	0	2	2	2	0	0	0	0	0
OTU3245	0	0	0	0	0	0	0	0	0	0	0	0	0	0	0	0	0	0	0	0	0	0	0	0	0	0	0	0	0	0	0	0	0	0	0	0	0	3	0	0	0	0	0	0	0	1	0	0	0	0	0	0	0	0	0	0	0	0	0	0	0	0	0	0	0	0	2	0	0	0	2	0	0	0	0	0	9	77	0	0	0	0	0	0	0	0	11	19	0	0	0	0	0	0	0	0	0	0	0	0	0	0
OTU3246	0	0	0	0	0	0	0	0	0	0	0	0	0	0	0	0	0	0	0	0	0	0	0	0	0	0	0	0	0	1	0	0	0	0	0	0	0	0	13	0	35	1	0	0	0	4	1	0	0	0	0	0	0	0	0	1	6	3	0	0	0	0	0	0	0	0	1	0	0	0	0	4	0	0	0	0	0	0	3	0	0	0	0	0	0	0	7	12	0	0	0	0	0	0	0	0	0	2	0	0	0	0
OTU3247	0	0	0	0	0	0	0	0	0	0	0	0	0	0	0	0	0	0	0	0	2	0	0	0	0	0	0	0	0	0	0	0	0	0	0	0	2	0	11	0	0	11	15	0	0	21	0	0	0	0	0	0	4	0	1	0	0	0	0	0	0	0	0	0	0	0	0	0	0	0	0	0	0	0	0	0	1	0	0	0	0	0	0	0	0	0	0	0	0	0	0	0	0	0	0	0	0	0	0	0	0	0
OTU3248	0	0	0	0	0	0	0	0	0	0	0	0	0	0	0	0	0	0	0	0	0	0	0	0	0	0	0	1	20	0	1	0	0	1	3	0	0	6	17	0	6	1	0	0	0	3	0	0	0	0	0	0	0	1	0	0	36	0	0	0	1	0	0	0	0	0	0	0	0	0	0	0	0	0	0	0	0	0	0	1	0	0	0	0	0	0	0	17	21	0	0	0	0	0	0	0	0	0	0	0	0	0
OTU3249	0	0	1	0	0	0	0	0	0	0	0	0	0	0	0	0	0	0	0	0	0	3	0	0	0	0	2	1	0	1	2	0	0	0	0	0	1	6	0	0	21	0	0	2	0	1	0	0	2	0	2	14	1	11	0	0	0	1	0	0	0	0	0	0	0	0	0	3	0	2	0	5	2	0	5	1	6	0	11	0	52	0	0	0	0	0	0	8	3	6	3	12	0	0	0	3	1	0	0	0	0	0
OTU325	0	2	1	0	0	3	0	11	0	0	0	0	7	1	4	0	0	0	4	0	2	2	0	4	2	0	11	8	3	10	1	0	0	2	0	1	55	0	113	0	597	32	74	21	7	38	11	10	186	243	6	103	30	30	9	6	4	11	42	0	3	0	0	0	1	0	4	1	1	24	6	0	38	29	13	766	544	9	191	25	17	9	234	25	49	19	48	13	19	258	27	3	9	81	55	69	2	1	37	0	76	82
OTU3250	0	0	0	0	0	0	0	1	0	0	0	0	0	0	0	0	0	0	0	0	0	0	0	0	0	0	0	4	0	0	5	0	0	0	1	0	21	10	4	0	14	7	1	0	0	1	0	0	0	2	3	4	1	1	0	0	4	3	0	0	0	0	0	2	0	6	0	0	0	5	2	11	1	0	15	4	17	10	1	11	0	0	0	0	0	7	12	13	2	2	0	2	0	4	0	0	1	0	31	0	1	15
OTU3251	0	0	0	0	0	0	0	0	0	0	0	0	0	0	0	0	0	0	0	0	0	0	0	0	0	0	0	0	0	0	0	0	0	0	0	0	0	0	1	0	15	0	13	0	0	0	0	0	0	0	2	0	0	1	0	0	0	0	0	0	0	0	0	0	0	0	0	0	0	0	0	0	0	0	0	0	0	0	1	0	0	0	0	0	0	0	0	0	0	0	0	15	2	0	0	0	2	0	0	0	0	0
OTU3252	0	2	0	0	0	0	1	10	2	0	0	7	0	1	0	2	0	7	6	0	11	4	2	7	4	2	40	85	57	82	72	21	15	10	26	1	98	38	62	0	168	86	164	191	74	106	32	96	375	113	16	222	195	45	130	180	137	120	172	8	2	0	11	13	537	783	913	749	1296	25	120	68	47	132	61	104	162	123	51	58	41	138	125	33	49	69	63	70	287	70	234	105	125	152	334	152	183	171	285	171	229	733
OTU3253	0	0	0	0	0	0	0	0	0	0	0	0	0	0	0	0	0	0	0	0	0	0	0	0	0	0	0	0	0	0	0	0	0	0	0	0	1	0	0	0	0	0	0	20	9	1	0	0	0	0	0	0	0	0	31	21	0	0	0	0	0	0	0	0	0	0	0	0	0	0	0	0	1	2	0	2	0	0	0	2	0	0	0	0	0	0	0	0	0	0	0	0	0	0	0	0	0	0	0	0	0	0
OTU3254	0	2	0	0	0	0	0	0	0	0	0	0	0	0	0	0	0	0	0	0	0	0	0	0	0	0	0	0	0	1	0	0	0	0	0	0	0	0	0	0	0	0	0	18	4	3	0	0	0	0	0	0	0	0	0	0	0	10	0	2	0	0	0	0	0	0	0	0	0	0	0	0	0	0	0	0	0	0	0	0	0	15	2	0	0	0	0	0	0	0	0	0	0	0	14	0	7	0	0	0	0	0
OTU3255	0	0	0	0	0	0	0	0	0	0	0	0	0	0	0	0	1	0	0	0	0	0	0	0	0	0	0	0	0	0	0	0	1	0	1	0	0	0	0	0	0	5	0	25	3	3	0	0	3	0	0	0	1	0	18	24	62	5	0	0	0	0	0	0	0	4	3	0	0	0	9	0	0	2	0	0	4	0	0	0	0	6	0	0	0	0	0	1	4	0	0	0	0	1	0	0	0	0	0	0	20	0
OTU3256	0	0	0	0	0	0	0	0	0	0	0	0	0	0	0	0	0	0	0	0	0	0	0	0	0	0	0	0	0	0	0	0	1	0	0	0	0	0	0	1	1	1	0	22	22	2	0	0	0	0	0	1	0	0	5	15	0	1	0	0	0	0	0	0	0	0	0	1	0	0	0	0	0	0	0	0	0	0	0	0	0	0	5	0	0	0	0	0	1	0	0	0	0	3	0	0	10	0	0	0	0	0
OTU3257	0	0	0	0	0	0	0	0	0	0	0	0	0	0	0	0	0	0	0	0	0	0	0	0	0	0	0	0	0	0	0	0	0	0	0	0	0	0	0	0	0	0	0	0	1	29	0	0	0	0	0	0	0	0	0	17	0	0	0	0	0	0	0	0	0	0	0	0	0	0	0	0	0	0	0	0	0	0	0	0	0	2	0	0	0	0	0	1	0	0	0	0	0	0	0	0	24	0	0	0	0	0
OTU3258	0	0	0	0	0	0	0	0	0	0	0	0	0	0	0	0	0	0	0	0	0	0	0	0	0	0	0	0	0	0	0	0	0	0	0	0	0	0	0	0	0	0	0	0	0	17	0	17	0	0	0	0	0	0	0	0	0	6	0	0	0	0	0	0	0	0	0	1	0	0	0	0	0	0	0	0	1	0	0	0	0	4	7	0	0	0	0	1	0	0	0	0	9	0	0	0	0	0	0	0	0	0
OTU3259	0	0	0	0	0	0	0	0	0	0	0	0	0	0	0	0	0	0	0	0	0	0	0	0	0	0	0	0	0	0	0	0	0	0	0	0	0	0	0	0	0	1	0	0	0	29	9	0	0	0	0	0	0	0	0	0	6	0	0	0	0	0	0	0	0	0	0	0	0	0	0	0	0	0	0	0	0	0	0	1	0	0	0	0	0	0	0	0	0	0	0	0	0	0	0	0	0	0	0	0	0	0
OTU326	0	0	0	0	0	0	0	1	0	0	0	0	0	0	0	0	0	0	2	0	1	2	0	1	0	4	0	0	0	0	0	3	1	0	5	3	0	0	0	0	0	0	0	0	0	0	0	0	0	0	0	0	0	0	11	8	4	2	0	0	0	0	0	5	337	194	410	43	103	0	0	0	0	0	0	0	0	0	0	0	0	0	0	0	0	0	0	0	0	0	0	0	0	3	6	7	7	3	188	197	228	221
OTU3260	0	0	0	0	0	0	0	0	0	0	0	1	0	0	0	0	0	0	0	0	0	0	0	0	0	0	1	5	0	1	0	0	0	0	0	0	0	0	0	0	0	0	0	6	0	5	0	0	7	28	0	1	0	1	1	16	0	1	1	0	0	0	0	0	0	5	1	0	0	0	0	0	0	0	0	0	0	0	0	0	0	0	0	4	0	0	0	0	0	0	0	1	3	1	0	0	1	0	0	20	0	0
OTU3261	0	0	0	0	0	0	0	0	0	0	0	0	0	0	0	0	0	0	0	0	0	0	0	0	0	0	0	0	0	0	0	0	0	0	0	0	0	0	0	0	3	0	1	0	0	0	20	0	0	0	0	0	0	0	0	0	6	0	0	0	0	0	0	0	0	0	0	0	0	0	3	0	0	0	9	0	0	0	0	0	0	0	0	0	0	2	0	0	0	0	0	5	3	0	0	4	0	0	0	0	1	0
OTU3262	0	0	0	0	0	0	0	2	0	0	0	0	0	0	0	0	0	0	1	0	0	0	0	0	0	0	3	0	0	0	0	0	0	0	1	0	0	0	0	0	0	3	0	0	0	0	1	0	0	2	0	0	0	0	1	0	0	0	0	0	0	0	0	0	0	0	0	7	0	0	0	6	0	0	0	0	0	0	0	0	0	0	0	0	0	0	0	0	0	0	6	14	0	1	0	0	0	0	0	0	0	0
OTU3263	0	0	0	0	0	0	0	0	0	0	0	0	0	0	0	0	0	0	0	0	0	0	0	0	0	0	0	0	0	0	0	0	0	0	0	0	0	0	0	0	0	0	0	0	0	0	0	9	0	0	0	0	0	0	1	1	0	0	0	0	0	0	0	0	0	0	0	1	0	0	0	0	0	0	0	0	0	0	0	0	0	0	0	0	4	0	0	0	0	0	0	0	28	8	0	0	0	1	0	0	0	0
OTU3264	0	2	0	0	0	0	0	0	0	0	0	0	0	0	0	0	0	0	0	0	0	0	0	0	0	0	14	0	0	0	0	0	0	0	3	0	3	0	0	0	10	0	2	0	0	0	0	0	10	0	1	0	0	2	0	0	0	1	0	0	0	0	1	0	0	0	0	0	0	0	0	0	0	0	12	0	0	20	11	16	0	0	0	0	1	0	11	0	9	7	0	0	0	0	3	7	0	0	0	0	0	0
OTU3265	0	0	0	0	0	0	0	0	0	0	0	0	0	0	0	0	0	0	0	0	0	0	0	0	0	0	0	0	0	0	0	0	0	0	0	0	0	0	0	0	0	0	0	0	0	0	0	0	0	0	0	0	0	0	4	0	0	0	2	0	0	0	1	0	24	6	2	0	6	0	0	0	0	0	0	0	0	0	1	0	0	0	0	0	0	0	1	0	0	0	0	0	0	0	0	0	2	1	0	0	0	0
OTU3266	0	0	0	0	0	0	0	0	0	0	0	1	0	0	0	0	0	0	0	0	0	0	0	0	0	0	0	0	0	0	0	0	1	0	0	0	0	0	9	0	0	0	3	0	0	4	2	0	0	0	0	0	0	0	2	3	0	1	6	0	0	0	0	0	0	0	0	0	0	0	2	8	0	0	54	0	0	0	0	1	0	6	0	0	0	0	0	0	0	0	0	0	1	0	1	0	1	0	0	0	0	0
OTU3267	0	0	0	0	0	0	0	0	0	0	0	0	0	2	0	0	0	0	0	0	0	0	0	0	0	0	0	0	0	0	0	0	0	0	0	0	0	2	0	0	0	0	0	0	0	0	0	7	0	0	0	0	1	0	0	57	10	2	3	0	0	0	0	0	0	2	0	0	0	0	0	0	1	0	0	1	2	0	0	0	0	0	0	0	0	0	0	0	0	0	0	0	0	0	0	1	1	0	0	0	0	0
OTU3268	0	0	0	0	0	0	0	0	1	0	0	0	0	0	1	0	0	0	0	0	0	0	0	0	0	0	0	0	0	3	0	0	0	0	0	0	0	0	1	0	2	0	0	0	0	0	0	0	0	0	0	0	0	0	1	1	0	0	0	0	0	0	0	2	0	0	0	0	0	0	0	0	0	1	0	0	0	0	0	0	2	0	0	2	0	109	4	0	0	0	0	0	0	0	1	3	0	0	0	0	0	0
OTU3269	0	0	0	0	0	0	0	0	0	0	0	0	0	0	0	0	0	0	0	0	0	0	0	0	0	0	0	0	0	0	0	0	0	0	0	0	0	0	0	0	0	0	0	4	0	0	0	0	0	0	0	0	0	1	0	8	0	2	6	0	0	0	0	0	0	0	0	0	0	0	0	0	0	0	0	0	0	0	0	0	0	0	1	0	0	4	0	0	0	0	0	0	14	1	2	0	0	0	10	1	0	0
OTU327	0	0	0	0	0	0	4	3	0	0	0	0	0	0	0	0	0	0	2	0	2	4	0	3	5	5	1	0	0	0	0	2	1	1	7	1	11	4	0	0	1	8	0	0	0	6	0	0	1	0	0	0	1	0	8	9	11	7	10	5	0	0	1	7	626	243	561	439	435	0	0	0	0	0	0	0	0	0	1	0	0	0	0	0	0	0	0	0	0	0	0	0	0	0	0	1	0	6	2	4	4	2
OTU3270	0	0	0	0	0	0	0	0	0	0	0	0	0	0	0	0	0	0	0	0	0	0	0	0	0	0	0	0	0	0	0	0	0	0	0	0	0	0	0	0	0	0	0	0	0	0	0	0	0	0	0	0	0	0	0	4	0	0	0	0	0	0	0	0	0	29	0	12	34	0	0	0	0	0	0	0	0	0	0	0	0	0	0	0	0	0	0	0	0	0	0	0	0	0	0	0	0	0	0	0	0	0
OTU3271	0	0	0	0	0	0	0	0	0	0	0	0	0	0	0	0	0	0	0	0	0	0	0	0	0	0	1	0	0	0	0	0	0	0	0	0	0	0	0	0	0	0	0	1	0	0	0	0	0	0	0	0	0	0	0	0	81	0	0	0	0	1	0	0	0	0	2	0	0	0	0	0	0	0	0	0	0	0	0	0	0	0	0	2	0	0	2	0	0	0	0	0	1	0	0	0	0	0	0	0	0	0
OTU3272	0	0	0	0	0	0	0	0	0	0	0	0	0	0	0	0	0	0	0	0	0	0	0	0	0	0	0	0	0	0	0	0	0	0	0	0	0	0	0	0	0	0	0	0	0	0	0	0	0	0	0	0	0	0	0	0	1	0	0	0	0	0	0	0	0	0	0	0	0	0	0	0	0	0	0	0	0	0	0	0	0	0	0	0	0	0	0	0	0	0	0	0	0	0	0	65	0	0	0	0	2	0
OTU3273	0	0	0	0	0	0	1	4	0	0	0	0	0	0	0	0	0	0	0	0	0	1	0	0	0	1	0	0	0	0	0	0	1	0	2	0	0	0	0	0	0	0	0	6	0	0	0	0	3	0	0	0	3	0	5	11	5	1	0	0	0	0	0	0	73	14	77	2	38	0	0	0	0	0	0	0	0	1	0	0	0	3	0	1	0	0	0	0	0	0	0	0	0	0	5	1	0	0	0	0	0	1
OTU3274	0	0	0	0	0	0	0	0	0	0	0	0	0	0	0	0	0	0	0	0	0	0	0	0	0	0	0	0	0	3	0	0	0	0	2	0	0	0	0	0	0	1	0	0	0	0	2	0	0	0	0	0	0	0	0	36	1	38	0	0	0	0	0	0	0	1	1	6	0	0	0	0	0	0	0	0	3	0	0	0	0	0	0	0	0	0	0	0	0	0	0	0	0	0	0	0	0	0	1	0	0	0
OTU3275	0	0	0	0	0	0	0	0	0	0	0	0	0	0	0	0	0	0	0	0	15	0	0	0	0	0	3	0	0	0	0	0	0	0	0	0	0	0	0	0	3	0	2	0	6	0	0	0	0	3	0	0	0	0	0	0	0	1	0	0	48	0	0	0	2	0	0	9	0	0	0	0	0	0	0	0	0	0	0	0	1	0	1	0	0	1	0	0	0	0	3	0	0	0	0	0	1	0	1	0	1	5
OTU3276	0	0	0	0	0	0	0	0	0	0	0	0	0	0	0	0	0	0	0	0	0	0	0	0	0	0	0	0	0	0	0	0	0	0	0	0	0	0	0	0	0	0	0	0	0	0	0	0	0	0	0	0	0	1	1	0	0	0	0	0	1	0	0	0	14	10	26	0	2	0	0	0	0	0	0	0	0	0	0	1	0	0	0	0	0	0	0	0	0	0	0	0	0	0	0	5	0	0	0	0	30	0
OTU3277	0	0	0	0	0	0	0	0	0	0	0	0	0	0	0	0	0	0	0	0	0	0	1	0	0	0	0	0	0	0	0	0	0	0	0	0	0	0	0	0	0	0	0	0	0	0	0	0	0	0	0	0	0	0	0	0	0	0	0	0	0	0	0	0	9	0	29	0	0	0	0	0	0	0	0	0	0	0	0	0	0	0	0	0	0	0	0	0	0	0	0	0	0	0	0	0	0	0	0	0	0	0
OTU3278	0	0	0	0	0	0	0	0	0	0	0	0	0	0	0	0	0	0	0	0	0	0	0	0	0	0	0	0	0	0	0	0	0	0	0	0	0	0	0	0	0	0	0	0	0	0	0	0	0	0	0	0	0	0	0	0	0	0	0	0	0	0	0	0	8	13	2	11	0	0	0	0	0	0	0	0	0	0	0	0	0	0	0	0	0	0	0	0	0	0	0	0	0	3	1	0	0	1	22	0	0	0
OTU3279	0	0	0	0	0	0	0	0	0	0	0	0	0	0	0	0	0	0	2	0	0	0	0	0	1	0	0	1	0	2	0	0	1	0	0	0	0	0	0	0	0	0	0	0	0	0	4	0	0	0	0	0	0	0	1	0	1	1	0	0	1	0	0	0	32	3	29	39	0	0	0	0	0	0	0	0	0	0	0	0	0	0	20	0	0	0	0	0	0	0	0	0	0	0	1	0	0	0	3	0	0	0
OTU328	0	1	0	0	0	0	1	1	0	0	2	0	0	1	6	0	0	0	0	0	0	0	0	0	1	0	2	2	2	8	1	0	3	0	1	0	0	5	2	4	6	4	4	2	0	0	2	2	3	9	0	2	0	9	19	3	12	14	1952	0	0	0	14	0	4	0	0	0	52	4	1	0	0	0	0	2	24	5	6	1	1	6	0	0	286	1	0	3	1	4	7	4	9	8	9	6	6	0	0	0	0	1
OTU3280	0	0	0	0	0	0	0	0	0	0	0	0	0	0	0	0	0	0	0	0	0	0	0	0	0	0	0	0	0	0	0	0	0	0	0	0	0	0	0	0	0	0	0	0	0	0	0	3	0	0	0	0	0	0	0	1	1	0	3	0	5	0	0	0	4	18	28	0	2	0	0	0	0	0	0	0	0	0	0	1	0	0	0	0	2	7	0	0	0	0	0	1	3	0	1	1	1	0	0	0	0	0
OTU3281	0	0	0	0	0	0	0	0	0	0	0	0	0	0	0	0	0	0	0	0	0	0	0	0	0	0	0	0	0	0	0	0	0	0	0	0	0	0	0	0	0	0	0	0	0	0	0	0	0	0	0	0	0	0	0	0	0	0	0	0	0	0	0	0	0	38	0	2	0	0	0	0	0	0	0	0	0	0	0	0	0	0	0	0	0	0	0	0	0	0	0	0	0	0	0	0	0	0	0	0	0	0
OTU3282	0	0	0	0	0	0	0	0	0	0	0	0	0	0	0	0	0	0	0	0	0	0	0	0	1	0	0	0	0	0	0	0	0	0	0	0	0	0	0	0	0	0	0	0	0	0	0	0	0	0	0	0	0	0	3	0	0	5	0	0	0	0	0	0	6	40	16	4	0	0	0	0	0	0	0	0	0	0	0	0	0	0	0	0	0	7	0	0	0	0	0	0	0	0	2	0	3	0	0	4	0	0
OTU3283	0	0	0	0	0	0	0	0	0	0	0	0	0	0	0	0	0	0	0	0	0	0	0	0	0	0	0	0	0	0	0	0	0	0	0	0	0	0	0	0	1	0	0	0	0	0	0	0	0	0	0	0	0	0	0	0	0	0	0	0	0	0	0	2	0	27	0	39	0	0	0	0	0	0	0	0	0	0	0	0	0	0	0	0	0	0	0	0	0	0	0	0	0	0	0	0	0	0	2	0	0	0
OTU3284	0	0	0	0	0	0	0	0	0	0	0	0	0	0	0	0	0	0	1	0	0	0	0	0	0	0	0	0	0	0	0	0	0	0	0	0	0	0	0	0	0	0	0	0	0	0	0	0	0	0	0	0	0	0	0	1	0	0	0	0	0	0	0	0	0	60	0	0	0	0	0	0	0	0	0	0	0	0	0	0	0	0	0	0	0	0	0	0	0	0	0	0	0	0	0	0	0	0	0	0	0	0
OTU3285	0	0	0	0	0	0	0	0	0	0	0	0	0	0	0	0	0	0	0	0	0	0	0	0	0	0	0	0	0	0	0	0	0	0	0	0	0	0	0	0	0	0	0	0	0	0	0	0	1	0	0	0	0	0	0	1	1	0	2	0	0	0	0	0	0	15	6	0	38	0	0	0	0	0	0	0	0	0	0	0	0	0	0	0	0	0	0	0	0	0	0	0	0	0	0	1	0	0	0	0	0	0
OTU3286	0	0	0	0	0	0	2	0	0	0	0	0	0	0	0	0	0	0	0	0	0	0	0	0	0	0	0	0	0	0	0	0	0	0	0	0	0	0	0	0	0	0	0	0	0	0	0	0	0	0	0	0	0	2	0	0	0	0	4	0	0	0	0	0	33	0	0	0	69	0	0	0	0	0	0	0	0	0	0	0	0	14	0	0	0	1	0	0	0	0	0	17	0	0	0	0	1	0	12	0	0	0
OTU3287	0	0	0	0	0	0	0	0	0	0	0	0	0	0	0	0	0	0	0	0	0	0	0	0	0	0	21	13	5	24	3	0	0	0	0	0	11	0	3	0	0	6	0	4	15	5	8	1	2	0	0	3	3	0	21	12	0	0	4	0	0	0	0	0	1	1	0	0	16	0	5	0	0	0	4	5	0	0	1	3	0	2	7	2	1	0	1	1	0	1	0	5	1	5	5	18	11	9	10	0	25	1
OTU3288	0	0	0	0	0	0	0	0	0	0	0	0	0	0	0	0	0	0	0	0	0	0	0	0	0	0	0	0	0	0	0	0	0	0	0	0	0	0	0	0	0	0	0	0	0	0	0	0	0	0	0	0	0	0	0	0	0	0	0	0	0	0	0	0	0	0	0	0	0	0	43	0	0	0	0	0	0	0	0	0	0	0	0	0	0	0	0	0	0	0	0	0	0	0	0	0	0	0	0	0	0	0
OTU3289	0	0	0	0	0	0	0	0	0	0	0	0	0	0	0	0	1	0	0	0	0	0	0	0	0	0	0	0	0	0	0	0	0	0	0	0	0	0	0	0	0	2	0	0	0	0	0	0	0	0	0	0	0	1	0	0	0	0	1	0	0	0	0	0	0	0	0	0	0	0	1	0	0	0	0	0	1	0	0	84	0	0	0	0	0	1	0	0	0	0	0	0	0	0	0	0	0	0	0	0	0	0
OTU329	0	0	0	0	0	0	0	5	0	0	0	0	0	0	0	0	0	579	0	1085	0	0	0	2	1	4	0	0	0	0	0	0	2	2	2	0	0	0	0	8	0	0	0	0	0	0	3	0	3	0	0	0	0	0	0	2	1	0	0	732	0	0	0	0	3	4	2	1	3	0	0	0	0	0	0	0	0	0	1	0	0	7	0	0	0	0	0	0	1	0	0	5	0	5	1	2	4	0	5	1	5	0
OTU3290	0	0	0	0	0	0	0	0	0	0	0	0	0	0	0	0	0	0	0	0	0	0	0	0	0	0	0	0	20	0	0	0	0	0	0	0	4	0	0	0	3	14	0	0	0	0	1	0	7	0	0	0	0	0	0	0	0	0	0	0	0	0	0	0	0	0	0	0	0	0	10	0	0	0	0	0	5	56	0	0	0	0	0	0	0	0	0	0	34	0	0	0	0	0	0	0	0	0	0	0	0	0
OTU3291	0	0	0	0	0	0	0	0	0	0	0	0	0	0	0	0	0	0	0	0	0	0	0	0	0	0	0	0	0	0	0	0	0	0	0	0	0	0	0	0	0	0	0	0	0	0	0	0	0	0	0	0	0	0	0	0	0	1	0	0	0	0	0	0	0	0	0	0	0	0	0	0	0	0	0	0	0	0	0	0	0	0	0	0	0	0	0	2	0	0	0	0	0	0	42	0	26	0	0	0	0	0
OTU3292	0	0	0	0	0	0	0	1	0	0	0	0	0	0	0	0	0	0	0	0	0	0	0	0	0	0	0	0	2	0	0	0	0	0	0	0	0	0	0	0	0	0	0	0	0	0	0	0	3	0	0	0	0	0	0	0	0	0	2	0	0	0	0	0	0	0	0	0	0	0	0	0	1	1	0	0	0	0	0	0	1	1	0	0	0	0	0	0	0	0	0	0	0	0	71	0	0	0	0	4	0	0
OTU3293	0	0	0	0	0	0	0	0	0	0	0	0	0	0	0	0	0	0	0	0	0	0	0	0	0	0	0	0	0	0	0	0	0	0	0	0	0	0	0	0	0	0	0	0	0	0	0	0	0	0	0	0	0	0	0	0	0	0	0	0	0	0	0	0	0	0	0	0	0	0	0	0	0	0	0	0	0	0	0	0	0	0	0	0	0	0	0	0	0	0	0	0	0	2	0	0	1	0	27	0	11	20
OTU3294	0	0	0	0	0	0	0	0	0	0	0	0	0	0	0	0	0	0	1	0	0	1	0	0	0	0	0	0	0	0	0	0	1	0	0	0	0	0	0	0	0	0	0	0	0	0	0	0	0	0	0	0	0	0	0	0	0	0	0	0	0	0	0	0	0	0	4	0	1	0	0	0	0	0	0	0	0	0	0	0	0	0	0	0	0	0	0	0	0	0	0	0	0	0	0	1	0	13	3	7	37	7
OTU3295	0	0	0	0	0	0	0	0	0	0	0	0	0	0	0	0	0	0	2	0	0	0	0	0	0	0	1	2	0	0	0	0	0	0	0	0	0	0	0	0	0	0	3	0	0	0	0	2	0	0	0	0	3	0	0	0	4	0	0	0	0	3	0	0	8	2	218	0	0	0	0	1	0	0	0	0	0	0	1	0	0	0	3	7	0	0	1	0	1	0	0	0	4	4	0	2	9	0	48	1	67	87
OTU3296	0	0	0	0	0	0	0	0	0	0	0	0	0	0	0	0	0	0	0	0	0	0	0	0	0	0	0	0	0	0	0	0	0	0	0	0	0	0	0	0	0	0	0	0	0	0	0	0	0	0	0	0	0	0	0	0	0	0	0	0	0	0	0	0	0	0	0	0	0	0	0	0	0	0	0	0	0	0	0	0	0	0	0	0	0	0	0	0	0	0	0	0	0	0	0	0	0	0	0	90	0	0
OTU3297	0	0	0	0	0	0	0	0	0	0	0	0	0	0	0	0	0	0	0	0	0	0	0	0	0	0	0	0	0	0	0	0	0	0	0	0	0	0	0	0	0	0	0	0	0	0	0	0	0	0	0	0	0	0	0	0	0	0	0	0	0	0	0	0	0	0	0	0	0	0	0	0	0	0	0	0	0	0	0	0	0	0	0	0	0	0	0	0	0	0	0	0	0	0	0	0	0	0	0	24	0	6
OTU3298	0	0	0	0	0	0	0	0	0	0	0	0	0	0	0	0	0	0	0	0	0	0	0	0	0	0	0	0	0	0	0	0	0	0	0	0	0	0	0	0	0	0	0	0	0	0	0	0	0	0	0	0	0	0	0	0	0	0	0	0	0	0	0	0	0	0	0	0	0	0	0	0	0	0	0	0	0	0	0	0	0	0	0	0	0	0	0	0	0	0	0	0	0	0	0	0	0	0	0	90	0	0
OTU3299	0	0	0	0	0	0	0	0	0	0	0	0	0	0	0	0	0	0	0	0	0	0	0	0	0	0	0	0	0	0	0	0	0	0	0	0	0	0	0	0	0	0	0	0	0	0	0	0	0	0	0	0	0	0	0	0	0	0	0	0	0	0	0	0	0	0	0	0	0	0	0	0	0	0	0	0	0	0	0	0	0	0	0	0	0	0	0	0	0	0	0	0	0	0	0	0	0	0	0	80	0	0
OTU33	0	17	5	3	1	5	30	28	0	2	11	20	2	8	2	6	6	4	36	3	39	33	13	25	48	25	1483	387	675	414	949	31	105	25	124	24	240	231	844	4	773	599	542	508	449	343	421	731	279	302	208	530	301	143	533	948	1021	635	770	30	26	28	18	81	1470	1255	1396	704	1371	332	757	513	153	150	619	226	538	594	713	406	304	574	498	357	279	779	516	1067	1132	278	298	615	453	813	522	992	498	1248	1332	1394	3858	2678
OTU330	0	4	1	4	0	0	5	8	0	0	4	2	0	3	5	0	2	0	4	1	4	0	4	0	7	2	19	62	19	52	28	1	6	1	12	7	4	1	13	5	143	39	58	16	42	7	17	79	36	5	5	92	18	32	30	71	24	56	49	6	7	1	0	2	310	178	412	321	291	0	14	8	48	22	8	9	27	8	76	7	21	32	67	9	16	68	5	9	7	55	63	20	51	42	27	46	36	309	237	203	486	290
OTU3300	0	0	0	0	0	0	0	0	0	0	0	0	0	0	0	0	0	0	0	0	0	0	0	0	0	0	0	0	0	0	0	0	0	0	0	0	0	0	0	0	0	0	0	0	0	0	0	0	0	0	0	0	0	0	0	0	0	0	0	0	0	0	0	0	0	0	0	0	1	0	0	0	0	0	0	0	0	0	0	0	0	0	0	0	0	0	0	0	0	0	2	0	0	0	0	0	0	0	0	0	43	0
OTU3301	0	0	0	0	0	0	0	0	0	0	0	0	0	0	0	0	0	0	0	0	0	0	0	0	0	0	0	0	0	0	0	0	0	0	0	0	0	0	0	0	0	0	0	0	0	0	0	0	0	0	0	0	0	0	0	0	0	0	0	0	0	0	0	0	0	0	0	0	0	0	0	0	0	0	0	0	0	0	0	0	0	0	0	0	0	0	0	0	0	0	0	0	0	0	0	0	0	0	0	0	43	0
OTU3302	0	0	0	0	0	0	0	0	0	0	0	0	0	0	0	0	0	0	0	0	0	0	0	0	0	0	0	0	0	0	0	0	0	0	0	0	0	0	0	0	0	0	0	0	0	0	0	0	0	0	0	0	0	0	0	0	0	0	0	0	0	0	0	0	0	0	0	0	0	0	0	0	0	0	0	0	0	0	0	0	0	0	0	0	0	0	0	0	0	0	0	0	0	0	0	0	0	0	0	0	0	50
OTU3303	0	2	0	0	0	0	1	0	0	0	0	3	0	0	0	0	0	0	0	0	0	0	0	0	0	0	0	1	0	1	0	0	0	0	1	0	2	5	5	0	4	8	0	1	3	2	0	1	0	1	0	0	1	1	6	0	3	0	3	0	0	0	0	0	0	0	0	0	0	3	3	5	0	1	13	0	2	1	0	4	3	5	0	1	0	2	1	10	10	2	5	1	0	3	0	4	5	11	0	0	0	7
OTU3304	0	2	0	0	0	0	0	0	0	0	0	0	0	1	0	0	0	0	1	0	0	0	0	0	0	0	0	0	0	6	2	0	0	0	1	1	0	0	1	0	0	4	0	2	1	3	1	0	3	0	0	0	0	0	0	0	0	0	1	0	1	0	3	0	5	3	24	2	17	0	0	1	6	0	0	4	0	0	0	0	0	3	1	0	2	0	1	0	0	0	2	1	6	2	1	0	0	43	2	0	2	33
OTU3305	0	0	0	0	0	0	1	0	0	3	1	0	0	0	0	0	0	0	0	0	0	0	0	0	0	0	0	0	0	1	0	0	0	0	0	0	0	0	0	0	0	0	0	0	0	0	0	0	0	0	0	0	0	0	0	0	0	0	0	0	0	0	0	0	0	0	0	0	0	0	0	0	69	0	0	0	0	0	0	0	0	0	0	0	0	0	0	0	0	0	0	0	0	0	0	0	0	0	0	0	0	0
OTU3306	0	0	0	0	0	0	1	1	0	0	0	0	1	0	0	0	2	0	2	0	0	0	0	0	1	0	0	0	0	3	0	0	0	0	0	0	11	0	1	0	0	7	0	0	0	0	2	0	0	0	0	0	1	4	0	0	0	0	0	0	0	0	0	0	3	0	0	0	1	3	1	2	0	0	0	0	0	0	1	12	0	0	0	0	1	0	6	1	2	0	0	2	0	5	0	0	0	0	0	0	0	0
OTU3307	0	0	0	0	0	0	0	0	0	0	0	0	0	0	0	0	0	0	0	0	0	2	0	0	0	0	0	0	0	0	0	0	0	0	0	0	15	4	0	0	13	1	0	0	0	0	1	0	0	0	0	0	0	0	0	0	1	0	0	0	0	0	0	0	0	0	0	0	0	1	0	0	0	0	0	1	0	2	5	0	0	0	0	0	0	0	49	0	0	0	0	0	0	0	0	0	0	0	0	0	0	0
OTU3308	0	0	0	0	0	0	0	0	0	0	0	0	0	0	0	0	0	0	0	0	0	1	0	0	0	0	2	0	0	0	0	0	0	0	1	0	0	3	0	0	21	15	0	0	0	0	0	0	1	1	0	3	8	3	0	0	0	0	2	0	0	0	0	2	0	0	1	0	0	0	0	0	1	2	0	34	2	0	1	6	0	0	0	0	0	2	2	3	0	1	9	0	0	0	0	0	0	0	0	0	0	0
OTU3309	0	0	0	0	0	0	0	0	0	0	0	0	0	0	0	0	0	0	0	0	0	0	0	0	1	0	0	0	0	0	0	2	0	0	0	0	0	0	0	0	0	0	0	5	1	0	0	1	0	0	0	0	0	0	6	3	0	2	6	0	0	0	0	0	0	0	0	0	1	0	0	0	0	1	0	0	0	0	0	0	0	0	3	0	6	0	0	0	0	0	0	2	0	0	6	0	0	0	0	0	0	0
OTU331	0	12	2	0	0	0	6	17	0	0	2	4	0	6	6	2	1	0	12	2	5	6	1	6	14	10	234	485	129	351	402	8	25	1	22	13	56	36	265	1	272	280	371	108	297	232	380	285	248	61	41	138	152	81	92	101	140	165	146	5	11	5	11	15	210	58	267	126	191	45	48	38	75	116	45	290	41	111	189	89	173	119	108	160	125	95	129	225	123	80	117	289	294	258	244	454	109	259	200	609	286	315
OTU3310	0	0	0	0	0	0	0	0	0	0	0	0	0	0	0	0	0	0	0	0	0	0	0	0	0	1	0	0	0	0	0	0	0	0	0	0	5	0	0	0	2	0	0	0	1	1	0	0	0	0	0	0	0	0	0	0	0	0	0	0	0	0	0	0	0	0	0	0	0	0	0	0	0	0	0	6	0	0	5	47	0	2	1	0	0	0	0	0	1	0	0	0	0	0	0	3	0	0	0	0	0	0
OTU3311	0	0	0	0	0	0	0	0	0	0	0	0	0	0	0	0	0	0	0	0	0	0	0	0	0	0	23	0	0	0	0	0	0	0	0	0	0	0	0	0	0	0	0	0	0	0	0	0	0	0	0	0	0	0	0	0	0	0	0	0	0	0	0	0	0	0	0	0	0	9	0	0	0	0	0	0	0	0	0	0	0	0	0	0	0	0	0	0	0	0	0	0	0	0	0	1	0	0	0	0	0	0
OTU3312	0	0	0	0	0	0	0	0	0	0	0	0	0	0	0	0	0	0	0	0	0	0	0	0	0	0	8	0	1	0	0	0	1	0	0	1	0	0	0	0	0	0	0	0	0	0	0	5	2	0	0	12	0	0	0	0	0	0	0	0	0	0	0	0	0	0	0	0	0	0	0	0	0	4	0	20	0	0	0	2	0	0	0	2	0	0	0	0	0	0	0	0	2	1	0	0	0	0	1	0	0	0
OTU3313	0	0	0	0	0	0	0	0	0	0	0	0	0	0	0	0	0	0	0	0	0	0	0	0	0	0	8	0	0	0	0	0	0	0	0	0	0	0	34	0	0	0	0	0	0	0	0	0	0	0	0	0	0	0	0	0	0	0	0	0	0	0	0	0	0	0	0	0	0	0	0	0	0	0	0	7	0	0	0	0	0	0	0	0	2	0	0	0	0	0	0	0	0	0	0	0	0	0	0	0	0	0
OTU3314	0	0	0	0	0	0	0	0	0	0	0	0	0	0	0	0	0	0	0	0	0	0	0	0	0	0	0	2	0	5	0	0	0	0	0	0	0	2	6	1	0	0	4	1	0	1	0	0	8	11	0	8	0	3	4	0	1	3	9	0	0	0	0	0	0	0	0	0	0	3	17	17	0	1	4	5	1	4	0	2	0	1	5	6	0	4	8	6	4	5	1	8	2	0	0	6	5	0	0	0	0	1
OTU3315	0	0	0	0	0	0	0	0	0	0	0	0	0	0	0	0	0	0	0	0	0	0	0	0	0	0	2	6	0	6	12	0	0	0	0	0	0	0	0	0	0	12	0	2	0	0	0	1	0	3	2	1	0	0	3	0	0	0	6	0	0	0	0	0	0	0	0	0	0	0	0	1	0	2	0	0	0	1	1	0	3	0	1	0	2	4	0	0	0	0	1	0	0	0	0	1	0	0	0	0	0	0
OTU3316	0	0	0	0	0	0	0	0	0	0	0	0	0	0	0	0	0	0	0	0	0	0	0	0	0	0	0	31	29	6	19	0	0	0	0	0	3	0	20	0	11	0	1	0	0	4	0	0	0	0	0	0	0	0	1	0	4	1	0	0	0	0	0	1	0	0	0	0	0	0	0	0	0	1	12	12	0	1	0	0	0	0	0	0	0	0	1	5	3	1	1	0	0	0	0	0	0	0	0	0	0	0
OTU3317	0	0	0	0	0	0	0	0	0	0	0	5	0	2	0	0	0	0	0	0	0	0	2	0	0	2	42	125	60	78	17	1	2	2	5	4	1	0	1	1	4	1	0	97	30	31	24	88	13	7	0	6	1	12	110	129	99	53	47	0	3	0	0	0	4	3	5	15	1	6	12	5	3	0	1	3	2	2	0	9	4	23	38	0	11	93	1	3	6	1	4	4	36	28	40	23	35	0	19	0	5	1
OTU3318	0	0	0	0	0	0	0	0	0	0	0	0	0	0	0	0	0	0	0	0	0	0	0	0	0	0	0	13	0	6	3	0	0	0	0	0	0	0	0	0	6	0	9	0	0	0	0	0	0	0	0	14	0	0	0	0	0	0	0	0	0	0	0	0	0	0	1	0	0	0	0	0	0	0	0	0	2	0	13	0	0	12	0	0	0	0	0	0	0	0	0	9	0	0	0	3	0	0	0	0	0	0
OTU3319	0	0	0	0	0	0	0	0	0	0	0	0	0	0	0	0	0	0	0	0	0	0	0	0	0	0	0	0	0	15	0	0	0	0	0	0	1	0	0	0	0	0	0	0	2	0	0	0	0	0	0	0	0	0	0	0	0	0	0	2	0	0	0	1	0	0	0	0	0	0	0	0	0	0	0	0	0	0	2	0	0	2	4	1	0	0	0	0	2	0	0	0	0	0	0	1	0	0	0	0	0	0
OTU332	0	0	6	3	1	0	0	2	5	1	4	1	0	1	0	0	3	0	0	0	0	11	1	5	0	0	6	91	4	88	61	0	0	0	7	0	737	571	206	2	20	10	4	2	5	13	4	12	9	39	12	21	9	14	6	21	12	7	7	0	0	0	0	3	0	1	0	2	0	75	210	79	8	2	13	174	126	438	13	47	12	34	15	9	0	9	31	54	175	3	21	54	3	8	43	13	9	1	0	0	0	1
OTU3320	0	0	0	0	0	0	3	0	0	0	0	0	0	0	0	0	0	0	0	0	0	0	2	0	0	0	2	8	0	2	6	0	0	2	1	0	0	0	0	0	4	0	0	14	2	3	0	4	3	1	0	1	9	0	11	0	2	12	2	0	0	1	0	0	0	0	12	30	0	0	5	0	2	1	16	6	1	0	0	4	7	6	13	0	2	3	4	1	1	0	0	5	10	1	10	9	11	0	3	5	1	0
OTU3321	0	0	0	0	0	0	0	0	0	0	0	0	0	0	0	0	0	0	0	0	0	1	0	0	0	0	0	0	0	0	16	0	0	0	0	0	0	0	0	0	0	0	0	0	0	0	0	0	9	0	0	3	0	0	0	0	2	0	1	0	0	0	0	1	0	0	0	0	0	0	0	0	0	0	0	0	0	0	0	0	0	0	0	16	0	1	0	0	0	0	0	0	0	0	0	0	0	0	0	0	0	0
OTU3322	0	0	0	0	0	0	0	0	0	0	0	0	0	0	0	0	0	0	0	0	0	0	0	0	0	0	0	0	0	0	21	0	0	0	0	0	0	0	0	0	0	0	0	0	0	0	0	0	0	0	0	0	0	0	0	0	0	0	0	0	0	0	0	0	0	0	0	0	0	0	0	0	0	0	0	0	0	39	0	0	0	0	0	0	0	0	0	0	0	0	0	0	0	1	0	0	0	0	0	0	0	0
OTU3323	0	0	1	0	0	0	0	0	0	0	0	0	0	0	0	0	0	0	1	0	1	0	0	0	0	0	3	6	0	0	9	0	0	0	0	0	0	0	0	0	0	0	3	1	2	1	14	2	0	0	0	4	6	1	2	2	0	3	0	0	2	0	0	0	34	28	1	0	1	0	0	0	2	24	0	0	0	0	0	4	3	4	23	0	0	5	2	0	15	0	0	0	4	2	19	6	11	0	0	0	0	2
OTU3324	0	0	0	0	0	0	0	0	0	0	0	0	1	0	0	0	0	0	0	0	0	0	0	0	0	0	0	2	12	0	2	0	0	0	0	0	0	0	3	0	9	0	0	1	2	2	1	0	3	1	0	1	0	0	0	2	1	6	1	0	0	0	0	0	5	0	0	0	16	0	0	2	0	0	0	0	5	5	5	0	0	6	3	0	0	10	0	9	3	0	1	0	3	2	1	0	0	0	2	0	0	0
OTU3325	0	0	0	0	0	0	0	0	0	0	0	0	0	0	0	0	0	0	0	0	0	0	0	0	0	0	0	0	0	0	0	0	0	2	0	0	0	0	0	0	0	0	0	1	0	9	0	0	0	0	0	0	0	0	10	0	0	0	0	0	0	0	0	0	1	0	0	0	0	0	0	0	0	0	0	0	0	0	0	0	0	0	0	0	0	0	0	0	0	0	0	0	0	0	0	14	0	0	0	0	0	0
OTU3326	0	0	0	0	0	0	0	0	0	0	0	0	0	0	0	0	0	0	0	0	0	0	0	0	0	0	0	0	0	0	0	0	0	0	1	0	0	0	0	0	0	0	0	14	9	0	0	4	0	0	0	0	0	5	9	0	0	4	0	0	0	0	0	0	0	0	0	0	0	0	6	15	0	3	5	0	1	1	0	0	0	6	1	0	0	0	0	2	0	0	0	0	1	0	0	0	0	0	0	0	0	0
OTU3327	0	0	0	0	0	0	0	0	0	0	0	0	0	0	0	0	0	0	0	0	0	0	0	0	0	0	0	0	0	0	0	0	0	0	1	0	0	0	0	0	0	0	0	0	0	0	0	0	0	0	0	0	0	0	2	0	0	0	0	0	0	0	0	0	9	4	19	0	18	3	0	0	0	0	0	0	0	0	0	0	0	0	0	0	0	0	0	0	0	0	0	0	0	1	0	3	0	0	0	0	4	0
OTU3328	0	0	0	0	0	0	0	0	0	0	0	0	0	0	0	0	0	0	0	0	0	0	0	0	0	0	0	0	0	0	0	0	0	0	0	1	0	0	0	0	0	0	0	0	0	0	0	1	0	0	0	0	0	0	25	37	0	0	0	0	0	0	0	0	0	0	0	0	0	0	0	0	0	0	1	0	0	0	0	0	0	0	3	0	0	0	0	0	0	0	0	0	0	2	0	0	0	0	0	0	0	0
OTU3329	0	0	0	0	0	0	0	0	0	0	0	0	0	0	0	0	0	0	0	0	1	5	0	0	0	0	1	2	0	0	0	0	2	0	0	0	81	9	26	0	11	10	5	0	0	2	0	0	8	2	3	0	4	1	0	0	15	0	4	0	0	0	0	0	0	0	22	0	0	19	0	1	0	0	2	34	6	1	1	0	2	0	1	0	0	3	16	0	0	0	9	0	0	1	1	0	0	0	0	0	0	0
OTU333	0	0	0	0	0	0	0	5	0	0	0	2	0	0	0	0	0	0	0	1	0	0	4	0	16	0	4	0	4	0	24	0	5	1	1	0	4	2	0	0	0	1	0	1	2	0	0	2	0	0	0	55	0	0	13	9	7	6	5	0	3	1	0	3	570	260	350	308	208	0	1	0	0	1	0	3	1	0	255	2	0	0	1	3	2	0	1	0	2	27	0	0	12	20	12	11	6	2	0	26	59	3
OTU3330	0	0	0	3	0	0	0	0	0	0	0	0	0	0	0	0	0	0	0	0	0	0	0	0	0	0	0	0	0	0	0	0	0	0	0	0	7	0	0	0	20	0	0	18	0	0	1	0	0	0	0	0	4	0	0	0	0	0	0	0	0	0	0	0	0	0	0	0	0	3	0	0	0	0	0	0	0	0	0	0	0	0	0	0	0	0	0	0	0	0	0	0	1	0	0	9	0	0	0	0	0	0
OTU3331	0	0	0	0	0	0	0	0	0	0	0	0	0	0	0	0	0	0	0	0	0	0	0	0	0	0	1	0	17	0	0	0	0	0	0	0	12	2	6	0	0	0	0	0	0	0	0	0	0	0	0	0	0	0	0	0	0	0	0	0	0	0	0	0	1	0	0	0	0	4	0	0	0	1	0	1	8	0	0	0	0	0	0	0	0	0	1	18	12	0	0	0	0	0	0	0	0	0	0	0	0	0
OTU3332	0	0	0	0	0	0	0	0	0	0	0	0	0	0	0	0	0	0	0	0	0	0	0	2	0	0	0	0	1	0	0	0	0	0	0	0	0	31	9	0	22	5	1	0	0	15	2	0	0	4	3	0	0	0	0	0	0	0	3	0	0	0	0	0	0	0	0	0	0	3	0	0	0	0	0	3	2	19	0	4	0	0	0	0	0	0	0	0	0	0	0	0	2	0	0	1	0	0	0	0	1	0
OTU3333	0	0	0	0	0	0	0	0	0	0	0	0	0	0	0	0	0	0	0	0	0	0	0	0	0	0	0	0	0	0	0	0	0	0	0	0	0	3	18	0	0	0	0	0	0	0	2	0	0	0	0	0	0	0	0	0	0	0	0	0	0	0	0	0	0	0	0	0	0	0	4	0	0	0	0	0	10	11	0	0	0	0	0	0	0	0	0	0	0	0	0	0	1	0	0	0	0	0	0	0	0	0
OTU3334	0	0	0	0	0	0	0	0	0	0	0	1	0	0	0	0	0	0	0	0	0	0	0	0	0	0	0	0	5	2	0	0	0	0	0	0	7	1	15	0	0	0	16	0	0	0	14	0	0	0	0	0	5	0	1	0	21	0	0	0	0	0	0	0	0	0	0	0	0	0	23	0	0	0	29	7	3	2	0	2	4	0	0	2	0	0	21	2	5	0	0	0	1	0	0	1	0	0	0	0	0	0
OTU3335	0	0	0	0	0	0	0	1	2	0	0	2	0	0	0	0	0	0	0	0	0	0	0	0	0	0	0	7	1	0	0	0	0	0	0	0	0	0	1	0	15	8	8	0	2	0	6	5	15	3	0	3	0	5	0	0	0	0	2	0	1	0	0	0	1	2	0	0	5	1	0	0	5	0	0	0	0	1	0	0	0	5	4	0	4	4	0	0	0	3	2	0	1	0	4	0	0	0	1	0	11	8
OTU3336	0	0	0	0	0	0	0	1	0	1	0	0	0	0	0	0	0	0	0	0	0	0	0	0	0	1	0	9	0	0	0	0	0	0	0	0	0	0	0	0	52	3	0	0	0	0	0	0	0	0	0	0	0	0	0	0	0	1	0	0	0	0	0	0	0	0	0	0	0	0	0	0	0	0	0	0	0	0	0	9	1	1	0	0	0	0	0	0	0	0	0	0	0	0	1	0	0	0	0	0	0	0
OTU3337	0	0	0	0	0	0	0	0	0	0	0	0	0	0	0	0	0	0	0	0	0	0	0	0	0	0	0	0	0	2	0	0	0	0	0	0	1	0	3	0	0	3	0	0	0	0	0	0	0	0	0	1	2	0	0	0	0	0	0	0	0	0	0	0	0	0	0	0	0	0	8	0	0	2	0	3	0	4	5	0	0	1	0	0	0	0	0	0	14	0	1	1	0	0	1	0	0	0	0	0	0	0
OTU3338	0	0	4	0	0	0	0	0	0	0	0	0	0	0	0	0	0	0	0	0	0	0	0	0	0	0	0	0	1	0	1	1	0	0	0	0	4	0	0	0	2	3	6	3	0	3	2	4	1	3	4	3	2	0	1	5	0	4	0	0	0	0	0	0	0	0	0	2	0	9	1	5	8	1	0	1	3	0	6	0	0	2	0	2	0	2	6	3	5	0	8	12	4	2	7	0	0	0	0	1	0	0
OTU3339	0	0	0	0	0	0	0	0	0	0	0	0	0	2	0	0	0	0	0	0	0	0	0	0	0	0	0	0	0	1	0	0	0	0	0	0	0	10	0	0	0	2	7	0	0	0	2	0	0	0	0	1	0	1	0	0	0	0	0	0	2	0	0	0	0	0	0	0	0	0	0	0	0	0	3	0	0	0	11	0	0	0	2	0	0	0	1	4	10	0	0	18	0	0	0	3	0	0	0	0	0	0
OTU334	0	1	0	0	0	0	4	2	0	0	0	0	0	0	0	0	0	0	1	0	0	2	0	1	2	0	0	0	0	0	0	1	0	2	4	1	0	0	0	0	0	0	0	0	0	0	0	0	0	0	0	0	0	0	0	0	0	0	3	4	1	1	2	3	1	1	2	1	3	0	0	0	0	0	0	0	0	0	0	0	0	0	0	0	0	0	0	0	0	0	0	0	28	5	0	10	14	1276	87	3	396	90
OTU3340	0	0	0	0	0	0	0	1	0	0	0	0	0	0	0	0	0	0	0	0	0	0	0	0	0	0	0	1	0	0	0	0	0	0	0	0	0	0	0	0	0	2	7	0	0	0	0	0	5	0	0	0	6	0	0	2	0	0	0	0	0	0	0	0	1	26	15	0	3	0	0	0	1	1	0	0	0	2	2	0	2	0	0	0	0	0	1	6	0	0	0	0	0	0	1	0	0	0	0	0	0	6
OTU3341	0	0	0	0	0	0	0	0	0	0	0	0	0	0	0	0	0	0	0	0	0	0	0	0	0	0	0	0	0	0	0	3	0	0	0	0	0	0	0	0	0	0	0	26	0	0	0	0	1	0	0	0	0	0	4	0	0	3	0	0	0	0	0	0	0	0	0	29	0	0	0	0	0	0	0	3	3	0	0	0	0	0	0	0	0	0	3	0	0	0	0	1	0	0	0	0	0	0	0	0	0	0
OTU3342	0	0	0	0	0	0	0	0	0	0	0	0	0	0	0	0	0	0	0	0	0	0	0	0	0	0	0	0	0	0	0	0	0	0	0	0	0	0	0	0	0	0	0	30	0	23	0	0	0	0	0	0	0	0	0	0	0	1	0	0	0	0	0	0	0	0	0	0	0	0	0	0	0	0	0	0	0	0	0	0	0	0	0	0	0	0	0	0	0	0	0	0	0	0	0	0	0	0	0	0	0	0
OTU3343	0	0	0	0	0	0	0	0	0	0	0	0	0	0	0	0	0	0	0	0	0	0	0	0	0	0	3	0	0	1	0	2	0	0	0	0	0	0	0	0	0	0	0	12	0	1	0	3	0	0	0	0	0	0	0	0	0	0	0	0	0	0	0	0	0	0	0	0	0	0	0	0	1	0	0	0	0	0	0	0	0	7	1	1	0	0	0	0	0	0	0	0	8	0	0	0	2	0	0	0	0	0
OTU3344	0	0	0	0	0	0	0	0	0	0	0	0	0	0	0	0	0	0	0	0	4	0	0	0	0	0	19	4	0	0	17	0	4	0	1	0	10	12	1	0	0	1	24	0	35	0	0	2	0	2	1	10	0	1	0	0	2	3	8	0	0	0	0	0	3	1	19	1	1	0	1	8	4	1	0	12	0	2	0	0	2	27	1	10	1	16	0	23	21	0	2	21	4	0	2	5	6	0	0	0	11	10
OTU3345	0	0	0	0	0	3	0	0	0	0	0	0	0	0	0	0	0	0	1	0	0	0	0	0	0	0	0	0	0	0	0	0	1	0	0	0	0	0	0	0	0	0	0	8	61	0	1	0	0	0	0	0	0	3	17	13	11	0	0	0	0	0	0	0	1	0	1	0	0	0	1	0	0	0	0	0	0	0	0	1	0	0	0	0	0	0	0	0	0	0	0	0	10	0	3	3	30	0	0	0	0	0
OTU3346	0	0	2	0	0	0	0	0	0	0	0	0	0	0	0	0	0	0	0	0	0	0	0	0	0	0	0	0	0	0	0	0	0	0	0	0	0	0	0	0	0	0	0	0	8	7	0	0	0	0	0	0	0	0	0	35	0	0	0	0	0	0	0	0	0	4	0	0	0	0	0	0	0	0	0	0	0	0	0	1	0	0	0	0	0	0	0	0	1	0	0	0	0	0	0	0	0	0	0	0	0	0
OTU3347	0	2	0	0	0	0	0	0	0	0	0	0	0	3	0	0	0	0	0	0	0	0	0	0	0	0	1	0	0	0	0	0	0	0	0	1	0	0	2	0	0	0	0	0	1	2	10	3	2	0	0	1	2	14	0	5	0	3	4	0	0	0	0	1	0	0	0	0	0	0	0	1	0	0	0	3	9	3	0	0	0	1	2	0	0	2	0	1	0	0	0	0	3	2	18	0	1	3	1	0	0	0
OTU3348	0	0	0	0	0	0	0	0	0	0	0	0	0	0	0	0	0	0	0	0	0	0	0	0	0	0	0	1	0	0	0	0	0	0	4	0	0	0	0	0	0	0	0	0	0	0	0	2	0	0	0	3	0	0	0	0	0	0	0	0	0	0	0	0	0	0	0	0	0	0	0	6	0	0	0	12	0	0	0	0	0	11	23	4	2	14	0	0	0	0	0	0	1	3	0	0	0	0	0	0	0	0
OTU3349	0	0	0	0	0	0	0	0	0	0	0	0	0	0	0	0	0	0	0	0	0	0	0	0	0	0	0	0	0	0	0	0	0	0	0	0	0	0	0	0	0	0	0	0	0	0	0	0	0	0	0	0	21	0	0	0	15	0	0	0	0	0	0	0	0	0	0	0	0	0	0	0	0	2	0	1	0	0	0	0	0	0	0	0	0	0	0	0	0	0	1	0	0	0	0	0	0	0	0	0	0	0
OTU335	0	0	0	0	0	0	0	8	1	0	0	0	0	0	0	0	1	0	2	0	0	0	0	2	1	1	48	61	20	63	29	1	1	5	2	2	34	7	23	0	95	28	25	6	46	127	17	31	30	26	17	26	16	19	32	15	33	18	38	0	0	0	0	5	103	38	121	155	94	8	49	7	42	43	26	53	20	7	25	18	37	27	24	38	20	24	17	36	51	27	13	35	12	22	13	50	25	1	10	4	4	20
OTU3350	0	0	1	0	0	0	0	0	0	0	0	0	0	0	0	0	0	0	0	0	0	0	0	0	0	0	6	0	0	0	0	0	0	0	0	0	12	0	10	0	0	1	2	0	0	0	0	0	0	0	0	0	0	2	0	0	45	0	0	0	0	0	0	0	0	0	3	0	0	0	8	0	0	1	0	3	4	0	2	5	3	0	0	0	0	0	0	1	0	0	0	0	1	0	0	1	0	0	0	0	1	0
OTU3351	0	0	0	0	0	0	0	0	0	0	0	0	0	0	0	0	0	0	0	0	0	0	0	0	0	0	0	0	0	0	0	0	0	0	0	0	0	0	0	0	0	0	0	0	0	0	0	0	0	0	0	0	0	0	0	0	32	0	0	0	0	0	0	0	0	0	2	0	0	0	0	0	0	0	0	0	0	0	0	0	0	0	0	0	0	0	0	0	0	0	0	0	0	0	0	0	0	0	0	0	0	0
OTU3352	0	0	0	0	0	0	0	0	0	0	0	0	0	0	0	0	0	0	0	0	4	0	0	0	0	0	0	0	0	0	0	0	0	0	0	0	0	0	0	0	0	0	0	0	0	0	0	0	0	0	0	0	0	0	0	0	1	0	0	0	0	0	2	0	49	10	21	6	0	0	0	0	0	0	0	0	0	0	0	0	0	0	0	0	0	0	0	0	0	0	0	0	0	0	0	0	0	0	0	0	0	0
OTU3353	0	0	0	0	0	0	0	0	0	0	0	0	0	0	0	0	0	0	0	0	0	0	0	0	0	0	0	0	0	0	0	0	2	0	0	0	0	0	0	0	0	0	0	0	0	0	0	0	0	0	0	0	0	1	0	0	3	0	0	1	1	0	0	0	0	0	52	0	0	0	0	0	0	0	0	0	0	0	0	0	0	0	0	0	0	0	0	0	0	0	0	0	0	0	0	0	0	0	0	0	0	2
OTU3354	0	0	0	0	0	0	0	0	0	0	0	0	0	0	0	0	0	0	0	0	0	0	0	0	0	0	0	0	0	0	0	0	0	0	0	0	0	0	0	0	0	0	0	0	0	0	0	0	0	0	0	1	0	0	0	0	3	33	0	0	0	0	0	0	0	0	0	0	0	0	0	0	0	0	0	0	0	0	0	0	0	0	0	7	0	0	2	0	0	0	0	0	0	0	0	3	0	0	0	0	3	0
OTU3355	0	0	0	0	0	0	0	0	0	0	0	0	0	0	0	0	0	0	0	0	0	0	0	0	0	0	0	0	0	0	0	0	0	0	0	0	0	0	0	0	0	0	0	0	0	0	0	0	0	0	0	0	0	0	0	0	0	2	0	0	0	0	0	0	0	0	21	16	0	0	0	0	0	0	0	0	0	0	0	0	0	0	0	0	0	0	0	0	0	0	0	0	0	0	0	0	0	0	0	0	0	0
OTU3356	0	0	0	0	0	0	0	1	0	0	0	0	0	0	0	0	0	0	0	0	1	0	0	0	0	0	0	0	0	0	0	0	0	0	0	0	5	0	0	0	0	6	4	0	0	0	0	0	0	0	0	0	0	0	0	0	0	0	0	0	0	0	0	0	50	0	0	0	1	0	0	3	0	3	0	17	0	4	0	9	4	0	0	0	0	0	0	0	0	0	4	0	0	0	3	0	0	0	0	0	0	0
OTU3357	0	0	0	0	0	0	0	0	0	0	0	0	0	0	0	0	0	0	0	0	0	0	0	0	0	0	0	0	0	0	0	0	0	0	0	0	0	0	0	0	0	0	0	0	0	0	0	0	0	0	0	0	0	0	0	0	0	0	0	0	0	0	0	0	45	0	0	0	0	0	0	0	0	0	0	0	0	0	0	0	0	0	0	0	0	0	0	0	0	0	0	0	0	0	0	0	0	0	0	0	0	0
OTU3358	0	0	0	0	0	0	0	0	0	0	0	0	0	0	0	0	0	0	0	0	0	0	0	0	0	0	0	0	0	0	0	0	0	0	0	0	0	0	0	0	0	0	0	0	0	0	0	0	0	0	0	0	0	0	0	0	0	0	0	0	0	0	0	0	16	44	0	0	0	0	0	0	0	0	0	0	0	0	0	0	0	0	0	0	0	0	0	0	0	0	0	0	0	0	1	0	0	0	0	0	0	0
OTU3359	0	0	0	0	0	0	0	0	0	0	0	0	0	0	0	0	0	0	0	0	0	0	0	0	0	0	0	0	0	0	0	0	0	0	0	0	0	0	0	0	0	1	0	0	0	0	0	0	0	0	0	0	0	0	0	1	0	0	0	0	0	0	0	0	0	57	0	0	0	0	0	0	0	0	0	0	0	0	0	0	0	0	0	0	0	0	0	0	0	0	0	0	0	0	0	0	0	0	0	0	0	0
OTU336	0	1	0	0	0	0	0	3	0	0	0	5	0	0	549	0	1203	0	0	0	3	3	0	0	0	0	0	3	0	0	0	119	0	0	0	3	0	0	1	0	2	2	1	3	0	0	1	0	0	0	0	3	3	0	5	2	3	4	3	5	6	0	4	12	2	0	5	11	0	0	0	0	3	0	1	0	1	4	0	0	2	4	4	0	2	0	10	3	2	0	0	2	3	0	4	8	0	2	0	2	3	0
OTU3360	0	0	0	0	0	0	0	0	0	0	0	0	0	0	0	0	0	0	0	0	0	0	0	0	0	1	0	0	0	0	0	0	0	0	0	0	0	0	0	0	0	0	0	0	0	0	0	0	0	0	0	0	0	0	0	0	0	0	0	0	0	0	0	0	0	33	0	0	2	0	0	0	0	0	0	0	0	0	0	0	0	0	0	0	0	0	0	0	0	0	0	0	0	0	0	0	0	0	0	0	0	0
OTU3361	0	0	0	0	0	0	0	0	0	0	0	0	0	0	0	0	0	0	0	0	0	0	0	0	0	0	0	0	0	0	0	0	0	0	0	0	0	0	0	0	0	0	0	0	0	0	0	0	0	0	0	0	0	0	0	0	0	0	0	0	0	0	0	0	0	0	53	0	0	0	0	0	0	0	0	0	0	0	0	0	0	0	0	0	0	0	0	0	0	0	0	0	0	0	0	0	0	0	0	0	0	0
OTU3362	0	0	0	2	0	0	4	0	0	0	0	0	0	0	0	0	0	0	0	0	0	0	2	0	0	0	0	1	0	0	0	2	0	0	1	0	0	1	0	0	0	0	1	0	0	0	0	0	0	0	0	1	0	0	5	1	1	1	0	0	1	1	0	0	145	76	171	9	1	0	0	0	0	0	0	0	0	0	0	0	1	0	3	0	0	0	4	0	0	0	0	0	1	0	0	0	1	10	12	25	18	12
OTU3363	0	0	0	0	0	0	0	0	0	0	0	0	0	0	0	0	0	0	0	0	0	0	0	0	0	0	0	0	0	0	0	0	0	0	0	0	0	0	0	0	0	0	0	0	0	0	0	0	0	0	0	0	0	0	0	0	0	0	0	0	0	0	0	0	0	0	1	33	0	0	0	0	0	0	0	0	0	0	0	0	0	0	0	0	0	0	0	0	0	0	0	0	0	0	0	0	0	0	0	0	0	0
OTU3364	0	0	0	0	0	0	0	0	0	0	0	0	0	0	0	0	0	0	0	0	2	0	0	0	0	0	0	0	0	0	0	0	0	0	0	0	0	0	0	0	0	0	0	0	0	0	0	0	0	0	0	0	0	0	0	0	0	0	0	0	0	0	0	0	0	0	0	35	0	0	0	0	0	0	0	0	0	0	0	0	0	0	0	0	0	0	0	0	0	0	0	0	0	0	0	0	0	0	0	0	0	0
OTU3365	0	0	0	0	0	0	0	0	0	0	0	0	0	0	0	0	0	0	0	0	0	0	0	0	0	0	0	0	0	0	0	0	0	0	0	0	0	0	0	0	0	0	0	0	0	0	0	0	0	0	0	0	0	0	0	0	0	0	0	0	0	0	0	0	0	0	0	0	59	0	0	0	0	0	0	0	0	0	0	0	0	0	0	0	0	0	0	0	0	0	0	0	0	0	0	0	0	0	0	0	1	0
OTU3366	0	0	0	0	0	0	0	0	0	0	0	0	0	0	0	0	0	0	0	0	0	0	0	0	0	0	0	0	9	0	0	0	0	0	0	0	0	0	0	0	0	0	0	0	0	0	0	0	0	0	0	0	0	0	0	0	0	0	0	0	0	0	1	0	1	0	0	0	34	0	0	0	0	0	0	0	6	0	0	0	0	0	0	0	0	0	0	0	0	0	0	0	0	0	0	0	0	0	0	0	0	0
OTU3367	0	0	0	0	0	0	0	0	0	0	0	0	0	0	0	0	0	0	0	0	0	0	0	0	0	0	0	0	0	0	0	0	0	0	0	0	0	0	0	0	0	0	0	0	0	0	0	0	0	0	0	0	0	0	0	0	0	0	0	0	0	0	0	0	0	2	0	0	44	0	0	0	0	0	0	0	0	0	0	0	0	0	0	0	0	0	0	0	0	0	0	0	0	0	0	0	0	0	0	0	0	0
OTU3368	0	0	0	0	0	0	0	0	0	0	0	0	0	0	0	0	0	0	0	0	0	0	0	0	0	0	0	0	0	0	0	0	0	0	0	0	0	0	0	0	0	0	0	0	0	0	0	0	0	0	0	0	0	0	0	0	0	1	0	0	0	0	0	1	0	0	0	0	0	0	0	0	0	0	0	0	0	0	30	0	0	0	1	0	0	1	0	0	0	0	0	0	0	0	1	1	0	0	0	0	0	0
OTU3369	0	0	0	0	0	0	0	0	0	0	0	0	0	0	0	0	0	0	0	0	0	0	0	0	0	0	0	0	0	0	0	0	0	0	0	0	0	0	0	0	0	0	0	0	0	0	0	0	0	0	0	0	0	0	0	0	0	0	0	0	0	0	0	0	0	0	0	0	0	0	0	0	0	0	0	0	2	0	0	0	0	0	0	0	0	0	0	0	0	0	0	0	43	8	7	1	0	0	38	0	0	0
OTU337	0	2	5	0	3	1	2	1	0	0	1	19	0	0	1	1	0	0	0	0	1	0	1	0	0	0	28	46	14	144	17	20	5	6	0	5	14	5	4	0	1	3	16	381	68	179	67	208	53	12	5	3	24	21	56	245	17	438	155	3	0	7	1	1	3	10	17	24	13	4	9	13	74	203	50	2	21	3	8	5	32	63	15	144	55	23	9	10	5	0	7	11	400	533	80	465	23	8	32	3	22	3
OTU3370	0	0	0	0	0	0	0	0	0	0	0	0	0	0	0	0	0	0	0	0	0	0	0	0	0	0	0	0	0	0	0	0	0	0	0	0	0	0	0	0	0	0	0	0	0	0	0	0	0	0	0	0	0	0	0	0	0	0	0	0	0	0	0	0	0	0	0	0	0	0	0	0	0	0	0	0	0	0	0	0	0	0	0	0	0	0	0	0	0	0	0	0	0	1	0	0	0	0	38	0	0	0
OTU3371	0	0	0	0	0	0	0	0	0	2	0	1	0	0	0	0	1	0	0	0	2	0	0	0	0	0	0	0	0	2	0	0	0	0	2	1	0	0	0	0	1	0	0	0	0	0	2	0	3	1	0	2	1	0	0	0	2	0	0	0	1	0	0	1	1	0	0	0	1	0	0	0	0	0	0	0	0	1	0	0	0	0	0	0	0	0	1	0	1	1	0	0	0	3	5	1	0	0	0	27	2	0
OTU3372	0	0	0	0	0	0	0	0	0	0	0	0	0	0	0	0	0	0	0	0	0	0	0	0	0	0	0	0	0	0	0	0	0	0	0	0	0	0	0	0	0	0	0	0	0	0	0	0	0	0	0	0	0	0	0	0	0	0	0	0	0	0	1	0	0	0	0	0	0	0	0	0	0	0	0	0	0	0	0	0	0	0	0	0	0	0	0	0	0	0	0	0	0	0	4	0	0	0	1	49	2	1
OTU3373	0	0	0	0	0	0	0	0	0	0	0	0	0	0	0	0	0	0	0	0	0	0	0	0	0	0	0	0	0	0	0	0	0	0	0	0	0	0	0	0	0	0	0	0	0	0	0	0	3	0	0	0	0	0	0	0	0	0	0	0	0	0	0	0	0	0	0	0	0	0	0	0	0	0	0	0	0	0	0	0	0	0	0	0	0	0	0	0	0	0	0	0	0	1	0	0	1	0	32	0	0	9
OTU3374	0	0	0	0	0	0	0	0	0	0	0	0	0	0	0	0	0	0	0	0	0	0	0	0	0	0	0	0	0	0	0	0	0	0	0	0	0	0	0	0	0	0	0	0	0	0	0	0	0	0	0	0	0	0	0	0	0	0	0	0	0	0	0	0	0	0	0	0	0	0	0	0	0	0	0	0	0	0	0	0	0	0	0	0	0	0	0	0	0	0	0	0	0	0	0	0	0	0	50	0	0	0
OTU3375	0	0	0	0	0	0	0	0	0	0	0	0	0	0	0	0	0	0	0	0	0	0	0	0	0	0	0	0	0	0	0	0	0	0	0	0	0	0	0	0	0	0	0	0	0	0	0	0	0	0	0	0	0	0	0	0	0	0	0	0	0	0	0	0	0	0	0	0	0	0	0	0	0	0	0	0	0	0	0	0	0	0	0	0	0	0	0	0	0	0	0	0	0	0	0	0	0	0	0	34	0	0
OTU3376	0	0	0	0	0	0	0	0	0	0	0	0	0	0	0	0	0	0	0	0	0	0	0	0	0	0	0	0	0	0	0	0	0	0	0	0	0	0	0	0	0	0	0	0	0	0	0	0	0	0	0	0	0	0	0	0	0	0	0	0	0	0	0	0	0	0	0	0	0	0	0	0	0	0	0	0	0	0	0	0	0	0	0	0	0	0	0	0	0	0	0	0	0	0	0	0	0	0	0	33	0	0
OTU3377	0	0	0	0	0	0	0	0	0	0	0	0	0	0	0	0	0	0	0	0	0	0	0	0	0	0	0	0	0	0	0	0	0	0	0	0	0	0	0	0	0	0	0	0	0	0	0	0	0	0	0	0	0	0	0	0	0	0	0	0	0	0	0	0	0	0	0	0	0	0	0	0	0	0	0	0	0	0	0	0	0	0	0	0	0	0	0	0	0	0	0	0	0	0	0	0	0	0	0	41	0	0
OTU3378	0	0	0	0	0	0	0	0	0	0	0	0	0	0	0	0	0	0	0	0	0	0	0	0	0	0	0	0	0	0	0	0	0	0	0	0	0	0	0	0	0	0	0	0	0	0	0	0	0	0	0	0	0	0	0	0	0	0	0	0	0	0	0	0	0	0	0	0	0	0	0	0	0	0	0	0	0	0	0	0	0	0	0	0	0	0	0	0	0	0	0	0	0	0	1	0	0	0	0	40	0	0
OTU3379	0	0	0	0	0	0	0	0	0	0	0	0	0	0	0	0	0	0	0	0	0	0	0	0	0	0	0	0	0	0	0	0	0	0	0	0	0	0	0	0	0	0	0	0	0	0	0	0	0	0	0	0	0	0	0	0	0	0	0	0	0	0	0	0	0	0	0	0	0	0	0	0	0	0	0	0	0	0	0	0	0	0	0	0	0	0	0	0	0	0	0	0	0	0	0	0	0	0	0	82	9	0
OTU338	0	1	0	0	0	0	1	0	2	0	2	0	0	8	1	1	0	0	1	0	0	0	0	0	1	1	9	26	3	22	84	2	3	2	7	0	21	4	4	3	45	77	4	22	22	21	34	50	5	84	50	36	10	11	43	9	55	30	12	2	0	1	5	2	82	66	65	19	98	24	120	14	17	5	30	30	1	7	28	10	18	18	99	23	34	17	28	161	20	160	26	24	36	28	27	126	25	0	25	2	64	29
OTU3380	0	0	0	0	0	0	0	0	0	0	0	0	0	0	0	0	0	0	0	0	0	0	0	0	0	0	0	0	0	0	0	0	0	0	0	0	0	0	0	0	0	0	0	0	0	0	0	0	0	0	0	0	0	0	0	0	0	0	0	0	0	0	0	0	0	0	0	0	0	0	0	0	0	0	0	0	0	0	0	0	0	0	0	0	0	0	0	0	0	0	0	0	0	0	1	0	0	0	0	40	0	0
OTU3381	0	0	0	0	0	0	0	0	0	0	0	0	0	0	0	0	0	0	0	0	0	0	0	0	0	0	0	0	0	0	0	0	0	0	0	0	0	0	0	0	0	0	0	0	0	0	0	0	0	0	0	0	0	0	0	0	0	0	0	0	0	0	0	0	0	0	0	0	0	0	0	0	0	0	0	0	0	0	0	0	0	0	0	0	0	0	0	0	0	0	0	0	0	0	0	0	0	0	0	55	0	0
OTU3382	0	0	0	0	0	0	0	0	0	0	0	0	0	0	0	0	0	0	0	0	0	0	0	0	0	0	0	0	0	0	0	0	0	0	0	0	0	0	0	0	0	0	0	0	0	0	0	0	0	0	0	0	0	0	0	0	0	0	0	0	0	0	0	0	0	0	0	0	0	0	0	0	0	0	0	0	0	0	0	0	0	0	0	0	0	0	0	0	0	0	0	0	0	0	0	0	0	0	0	51	0	0
OTU3383	0	0	0	0	0	0	0	0	0	0	0	0	0	0	0	0	0	0	0	0	0	0	0	0	0	0	0	0	0	0	0	0	0	0	0	0	0	0	0	0	0	0	0	0	0	0	0	0	0	0	0	0	0	0	0	0	0	0	0	0	0	0	0	0	0	0	0	0	0	0	0	0	0	0	0	0	0	0	0	0	0	0	0	0	0	0	0	0	0	0	0	0	0	0	0	0	0	0	0	31	0	0
OTU3384	0	0	0	0	0	0	0	0	0	0	0	0	0	0	0	0	0	0	0	0	0	0	0	0	0	0	0	0	0	0	0	0	0	0	0	0	0	0	0	0	0	0	0	0	0	0	0	0	0	0	0	0	0	0	0	0	0	0	0	0	0	0	0	0	0	0	0	0	0	0	0	0	0	0	0	0	0	0	0	0	0	0	0	0	0	0	0	0	0	0	0	0	0	0	0	0	0	0	0	47	0	0
OTU3385	0	0	0	0	0	0	0	0	0	0	0	0	0	0	0	0	0	0	0	0	0	0	0	0	0	0	0	0	0	0	0	0	0	0	0	0	0	0	0	0	0	0	0	0	0	0	0	0	0	0	0	0	0	0	0	0	0	0	0	0	0	0	0	0	0	0	0	0	0	0	0	0	0	0	0	0	0	0	0	0	0	0	0	0	0	0	0	0	0	0	0	0	0	0	0	0	0	0	0	0	54	0
OTU3386	0	0	0	0	0	0	0	0	0	0	0	0	0	0	0	0	0	0	0	0	0	0	0	0	0	0	0	0	0	0	0	0	0	0	0	0	0	0	0	0	0	0	0	0	0	0	0	0	0	0	0	0	0	0	0	0	0	0	0	0	0	0	0	0	0	0	0	0	0	0	0	0	0	0	0	0	0	0	0	0	0	0	0	0	0	0	0	0	0	0	0	0	0	0	0	0	0	0	0	0	56	0
OTU3387	0	0	0	0	0	0	0	0	0	0	0	0	0	0	0	0	0	0	0	0	0	0	0	0	0	0	0	0	0	0	0	0	0	0	0	0	0	0	0	0	0	0	0	0	0	0	0	0	0	0	0	0	0	0	0	0	0	0	0	0	0	0	0	0	0	0	0	0	0	0	0	0	0	0	0	0	0	0	0	0	0	0	0	0	0	0	0	0	0	0	0	0	0	0	0	0	0	0	0	0	38	0
OTU3388	0	0	0	0	0	0	0	0	0	0	0	0	0	0	0	0	0	0	0	0	0	0	0	0	0	0	0	0	0	0	0	0	2	0	0	0	0	0	0	0	0	0	0	0	0	0	0	0	0	0	0	0	0	0	0	0	0	0	0	0	0	0	0	0	0	0	0	0	0	0	0	0	0	0	0	0	0	0	0	0	0	0	0	0	0	0	0	0	0	0	0	0	0	0	0	0	0	0	0	0	0	42
OTU3389	0	0	0	0	0	0	0	0	0	0	0	0	0	0	0	0	0	0	0	0	1	0	0	0	0	0	0	0	0	0	0	0	0	0	0	0	0	0	0	0	0	0	0	0	0	0	0	0	0	0	0	0	0	0	0	0	0	0	0	0	0	0	0	0	0	0	0	0	0	0	0	0	0	0	0	0	0	0	0	0	0	0	0	0	0	0	0	0	0	0	0	0	0	0	0	0	0	0	0	0	0	37
OTU339	2	2	0	0	0	2	0	2	0	1	2	0	0	0	0	0	0	1	10	5	3	2	4	2	3	4	90	99	0	69	55	8	11	8	15	5	4	1	4	0	145	29	5	131	66	114	45	46	1	28	4	62	15	34	198	168	124	36	52	13	0	3	1	15	884	399	167	6	4	1	47	52	3	14	1	16	7	27	5	1	10	205	6	39	26	77	3	9	7	0	48	79	138	24	80	170	214	5	4	1157	47	30
OTU3390	0	2	0	0	0	0	0	0	0	0	0	0	0	0	0	0	0	0	0	0	0	0	0	0	0	0	2	0	0	6	1	0	1	0	0	0	1	0	0	0	2	0	1	0	5	0	2	4	0	0	0	4	0	1	4	0	0	1	1	0	0	0	0	0	0	0	16	0	0	0	0	0	0	0	0	0	0	1	0	0	0	1	0	0	0	1	0	0	0	0	4	0	3	0	0	6	1	0	0	0	0	0
OTU3391	0	0	0	0	0	0	2	0	0	0	0	0	0	1	0	0	0	0	0	0	0	0	0	0	0	0	0	0	0	0	6	0	0	0	0	0	0	0	0	0	0	0	0	0	0	2	14	1	0	0	0	0	0	3	0	1	0	0	4	0	0	0	0	1	0	0	25	0	0	0	0	0	3	8	2	0	0	0	6	0	5	3	0	0	4	0	0	0	0	0	0	5	0	0	0	1	0	0	1	0	0	0
OTU3392	0	0	0	0	0	0	3	0	0	0	0	0	0	0	0	0	0	0	0	0	0	0	0	0	0	0	0	0	0	0	0	0	0	0	0	0	0	0	0	0	0	0	0	0	0	0	0	0	0	0	0	0	0	0	0	0	0	2	6	0	0	0	0	0	0	0	0	22	0	0	0	0	0	0	0	0	0	0	0	0	0	0	39	0	0	7	2	0	0	0	0	0	0	0	4	2	0	0	0	0	0	0
OTU3393	0	0	0	0	0	0	0	2	3	0	0	0	0	0	0	0	0	0	0	0	0	0	2	0	0	0	0	0	0	0	0	0	0	0	0	0	12	7	0	0	0	0	0	0	0	0	0	0	0	0	0	0	0	2	0	0	0	0	0	0	0	0	0	0	0	0	0	0	0	0	0	0	0	0	0	41	0	0	0	0	0	0	0	0	0	0	0	0	0	0	0	0	0	0	0	0	0	0	0	0	0	0
OTU3394	0	0	0	0	0	0	0	1	0	0	0	0	0	0	0	0	0	0	2	0	0	0	0	0	0	0	0	0	0	0	0	0	0	0	0	0	0	0	3	0	0	0	0	0	0	0	0	0	0	0	0	0	0	0	0	0	0	0	0	0	0	0	0	0	32	0	41	1	0	0	0	0	0	0	0	0	0	0	0	0	7	0	0	0	0	0	0	0	0	0	0	0	0	0	0	0	0	0	0	0	2	0
OTU3395	0	0	0	0	0	0	0	0	0	0	0	0	0	0	0	0	0	0	0	0	0	0	0	2	1	0	0	0	0	0	0	0	0	0	0	0	0	0	0	0	0	0	0	0	0	0	0	0	0	0	0	0	0	0	0	0	0	0	0	0	0	0	0	0	0	0	0	0	0	0	0	0	0	0	0	0	0	0	0	0	0	0	0	0	0	0	0	0	0	0	0	0	0	0	0	0	0	0	22	26	0	0
OTU3396	0	0	0	0	0	0	0	0	0	0	0	0	0	0	0	0	0	0	0	0	0	0	0	0	0	3	0	0	0	0	0	0	0	0	0	0	0	0	0	0	0	0	0	0	0	0	0	0	0	0	0	0	0	0	0	0	0	0	0	3	0	0	0	0	0	0	0	0	0	0	0	0	0	0	0	0	0	0	0	0	0	0	0	0	0	0	0	0	0	0	0	0	0	0	0	0	0	0	0	25	0	0
OTU3397	0	0	0	0	0	0	0	0	0	0	0	0	0	0	0	0	0	0	0	0	0	0	0	0	0	1	5	0	16	7	0	0	0	0	0	0	1	4	0	0	0	3	4	0	0	0	0	0	0	0	0	0	0	0	0	0	0	0	0	0	0	0	0	0	0	0	0	0	0	3	0	0	0	0	0	0	0	0	0	4	0	0	0	0	1	0	4	0	0	0	1	0	0	0	0	0	0	0	0	0	0	0
OTU3398	0	0	0	0	0	0	0	0	0	0	0	0	0	0	0	0	0	0	0	0	0	0	0	0	0	0	0	3	0	0	11	0	0	0	0	0	0	0	0	0	0	1	0	7	43	0	0	0	1	0	0	0	0	0	0	17	5	30	2	0	0	0	0	3	0	0	0	1	0	0	0	0	0	1	0	0	3	0	0	0	0	0	2	0	0	0	0	0	1	0	0	0	2	0	0	0	0	0	0	0	0	0
OTU3399	0	0	0	0	0	0	0	0	0	0	0	0	0	0	0	0	0	0	0	0	0	0	0	0	0	0	0	20	9	3	0	0	0	0	0	0	4	0	0	0	0	0	0	2	7	5	44	2	0	0	0	3	0	0	23	7	0	14	8	0	0	0	0	0	10	2	3	1	27	0	1	0	0	0	0	0	1	0	0	0	0	39	1	6	0	0	1	0	0	0	0	0	0	0	0	6	4	0	23	0	0	4
OTU34	4	19	6	0	8	7	19	21	4	4	13	12	2	12	5	2	3	1	33	3	18	14	8	29	38	19	886	796	1043	1218	1001	27	55	23	92	24	101	538	1091	2	1037	753	716	532	892	1983	1456	649	526	308	297	632	376	1095	807	668	976	570	630	21	21	10	7	44	633	1615	1658	484	641	416	882	361	235	289	644	356	484	635	1306	609	1124	1058	1073	712	421	551	487	590	1054	715	450	793	643	522	718	1942	996	533	536	881	1077	499
OTU340	0	2	0	0	0	1	10	0	0	0	2	8	0	4	127	6	1	0	0	0	2	0	0	3	0	1	97	5	157	4	351	0	2	0	7	0	1	3	177	0	3	8	20	7	43	42	42	1	26	261	112	7	11	26	20	5	261	11	8	0	0	1	0	3	4	0	10	0	3	332	99	17	15	21	6	19	29	37	8	109	661	16	6	87	15	15	265	81	192	3	2	41	8	22	12	121	16	0	5	3	2	0
OTU3400	0	0	0	0	0	0	0	0	0	0	0	0	0	0	0	0	0	0	0	0	0	0	0	0	0	0	4	6	18	0	5	0	0	0	0	0	0	0	6	0	0	3	2	0	0	0	0	0	0	5	0	1	0	0	0	0	0	1	0	0	0	0	0	0	0	0	0	0	0	0	0	0	0	0	0	0	1	0	0	0	0	0	2	6	1	0	0	6	0	0	0	0	0	0	0	4	0	0	0	0	0	0
OTU3401	0	0	0	0	0	0	0	0	0	0	0	0	0	0	0	0	0	0	0	0	0	0	0	0	0	0	0	1	4	0	0	0	0	0	0	0	1	3	0	0	1	2	0	0	0	2	0	3	0	2	0	1	0	0	3	2	0	0	1	0	0	0	0	0	0	0	3	0	1	0	0	0	3	0	0	2	0	0	2	1	0	0	1	1	2	1	2	15	0	2	0	4	0	1	3	1	0	0	0	0	0	0
OTU3402	0	0	0	0	0	0	0	0	0	0	0	0	0	0	0	0	0	0	0	0	0	0	0	0	0	0	0	0	6	0	0	0	0	0	0	0	0	0	0	0	0	0	0	3	0	0	1	4	0	0	0	0	0	0	12	0	4	0	1	0	0	0	0	0	0	1	0	0	0	0	0	0	0	0	0	0	1	0	0	0	0	0	6	2	2	0	0	0	0	0	0	0	0	1	3	8	0	0	0	0	0	0
OTU3403	0	0	0	0	0	0	0	0	0	0	0	1	0	0	0	0	0	0	0	0	0	0	0	0	0	0	0	0	10	0	9	0	0	0	0	0	0	0	0	0	0	0	0	0	0	0	0	0	0	0	0	0	0	0	0	0	18	0	1	0	0	0	0	0	0	0	0	0	0	0	0	0	0	0	0	0	0	0	0	0	0	0	0	0	0	2	0	0	0	0	0	0	0	1	0	3	0	0	0	0	0	0
OTU3404	0	0	0	0	0	0	0	0	0	0	0	0	0	0	0	0	0	0	0	0	0	0	0	0	0	0	0	0	8	0	0	1	0	0	0	0	0	5	1	0	9	0	0	5	0	0	0	0	0	0	0	0	0	0	0	1	8	0	1	0	0	0	0	0	0	0	0	0	0	0	0	0	0	0	3	0	0	0	0	2	0	4	0	0	0	7	0	0	0	0	0	23	0	0	0	0	2	0	0	0	0	0
OTU3405	0	0	0	0	0	0	0	0	0	0	0	0	0	0	0	0	0	0	0	0	0	0	0	0	0	0	1	0	23	0	4	0	0	0	0	0	0	0	0	0	0	0	0	0	0	0	0	0	1	0	1	0	0	0	0	0	0	0	0	0	0	0	0	0	0	0	0	0	0	9	1	0	0	0	4	0	8	1	0	0	0	0	0	0	0	0	0	0	0	0	0	0	0	0	0	6	0	0	0	0	0	0
OTU3406	0	0	0	0	0	0	0	0	0	0	0	0	0	0	0	0	0	0	0	0	0	0	0	0	0	0	0	13	9	0	0	0	1	0	0	0	0	0	0	0	0	0	0	0	8	0	0	0	0	0	1	0	0	0	0	0	0	0	0	0	0	0	0	0	0	0	0	0	0	0	0	0	0	0	0	0	57	0	0	0	0	0	1	0	1	0	1	0	0	0	0	0	0	0	0	0	0	0	0	0	0	0
OTU3407	0	1	1	0	0	3	0	0	2	0	0	3	0	0	0	0	3	0	3	1	4	5	1	0	0	0	75	32	147	59	88	0	0	1	4	0	7	4	12	3	5	23	8	5	6	18	6	4	4	11	1	5	7	8	14	6	64	4	9	5	0	0	2	2	11	9	13	2	16	6	14	5	13	11	6	14	28	9	3	14	10	17	8	14	37	12	25	12	44	8	6	7	10	19	17	24	19	0	0	0	3	9
OTU3408	0	0	0	0	0	0	0	0	0	0	0	0	0	0	0	0	0	0	0	0	0	0	0	0	0	0	0	0	0	0	42	0	0	0	0	0	0	0	0	0	0	0	0	0	0	0	0	0	1	0	0	0	0	0	0	0	0	0	0	0	0	0	0	8	0	0	0	0	0	0	0	0	0	0	0	0	0	0	0	0	0	0	1	0	0	0	0	2	0	0	0	0	0	0	4	2	0	0	0	0	0	0
OTU3409	0	0	0	0	0	0	3	0	0	0	0	0	0	0	0	0	0	0	0	0	4	0	0	0	0	0	0	0	0	1	1	0	0	0	0	0	1	0	1	0	0	0	1	0	0	0	0	2	31	0	0	0	0	5	1	1	1	0	2	0	0	0	0	0	0	0	0	0	0	1	0	3	0	0	0	0	0	0	1	0	3	0	0	0	0	0	0	0	8	0	0	7	0	2	0	1	0	0	0	0	1	2
OTU341	0	0	0	0	0	0	2	6	0	0	0	0	0	0	0	0	0	0	1	0	1	2	0	1	3	3	0	0	0	0	0	1	3	1	4	0	0	0	0	0	0	0	0	2	0	0	0	3	35	0	55	68	0	5	2	6	0	3	9	0	1	1	3	2	2	2	14	1	321	2	0	0	88	1	0	2	0	2	2	1	26	2	2	1	0	0	0	1	2	30	42	0	3	45	3	4	3	38	1536	6	8	3
OTU3410	0	0	0	0	0	0	0	0	0	0	0	0	0	0	0	0	0	0	0	0	0	0	0	0	0	0	0	0	0	0	0	0	0	0	0	0	14	0	5	0	2	0	0	0	0	0	0	0	0	0	0	0	0	0	0	0	0	0	0	0	0	0	0	0	0	0	0	0	0	0	0	0	0	0	0	0	0	0	0	24	0	0	0	0	0	0	0	3	0	0	0	0	0	0	0	0	0	0	0	0	0	0
OTU3411	0	0	0	0	0	0	0	4	0	0	0	0	1	1	0	1	0	0	0	0	1	1	0	0	1	0	11	14	0	0	18	0	0	0	0	0	44	10	27	0	8	1	48	2	0	25	0	1	8	6	8	2	0	5	1	1	21	5	7	0	0	0	0	2	0	0	0	37	0	0	22	0	9	2	37	44	23	0	21	15	0	19	3	14	2	9	11	31	15	5	9	0	0	13	3	34	1	0	0	0	0	0
OTU3412	0	0	0	0	0	0	0	0	0	0	0	0	0	0	0	0	0	0	0	0	0	0	0	0	0	0	0	0	0	1	0	0	0	0	0	0	10	0	0	0	10	5	0	0	0	0	0	0	0	3	12	0	3	0	1	0	0	0	0	0	0	0	0	0	0	0	0	0	0	0	0	0	0	0	0	0	0	0	0	0	9	0	0	0	0	0	0	0	0	0	0	1	0	0	0	3	4	0	0	0	0	0
OTU3413	0	0	0	0	0	0	0	0	0	0	0	0	0	0	0	0	0	0	0	0	0	0	0	0	0	0	0	0	0	0	0	0	0	0	0	0	0	7	11	0	5	0	0	0	0	0	0	0	0	0	0	0	0	0	0	0	0	0	0	0	0	0	0	0	0	0	0	0	0	0	0	0	0	0	5	6	0	0	0	5	0	0	0	0	0	2	2	0	2	0	0	0	0	0	0	0	0	0	0	0	0	0
OTU3414	0	0	0	0	0	0	0	0	0	0	0	0	1	0	0	0	0	0	0	0	0	0	0	0	0	0	0	0	0	0	0	0	0	0	0	0	2	22	0	0	1	0	0	0	0	0	0	0	0	0	0	0	0	0	0	0	0	0	0	0	1	0	0	0	0	0	0	1	0	0	0	0	0	0	0	0	26	0	0	0	0	0	0	0	0	0	0	0	0	0	0	0	0	0	1	0	1	0	0	0	0	0
OTU3415	0	0	0	0	0	0	0	0	0	0	0	0	0	0	0	0	0	0	0	0	0	0	0	0	0	0	0	0	0	0	1	0	0	0	0	0	0	3	0	0	0	2	0	0	0	0	0	0	0	0	0	0	0	0	0	0	0	0	0	0	0	0	0	0	0	0	0	0	0	0	12	2	0	0	0	1	4	5	0	0	0	1	0	0	0	0	0	0	4	0	0	0	0	0	0	2	0	0	0	0	0	0
OTU3416	0	0	0	0	0	0	0	0	0	0	0	0	0	1	0	0	0	0	0	0	0	0	0	0	0	0	0	0	0	0	9	0	0	0	0	0	3	0	37	0	14	0	0	1	2	0	0	0	0	2	1	0	0	0	0	2	0	0	0	0	0	0	0	0	0	0	0	0	0	0	0	0	0	0	0	0	0	0	0	0	0	2	1	0	9	6	0	0	0	0	0	13	1	0	1	0	0	0	0	0	0	0
OTU3417	0	0	0	0	0	0	0	0	0	0	0	0	0	0	0	0	0	0	0	0	0	0	0	0	0	0	0	0	0	1	0	0	0	0	0	0	0	0	0	0	1	0	5	3	4	10	0	0	0	0	1	0	2	0	3	7	17	5	1	0	0	0	0	0	0	1	1	0	0	0	8	0	0	0	0	0	0	0	2	0	0	14	0	0	0	0	0	0	0	0	0	0	0	1	2	2	41	0	0	0	0	0
OTU3418	0	0	0	0	0	0	0	0	0	0	0	0	0	0	0	0	0	0	0	0	0	0	0	0	0	0	0	0	0	0	0	0	0	0	0	0	0	1	0	0	12	1	1	0	0	0	0	0	0	0	0	1	0	0	0	0	0	0	0	0	0	0	0	0	0	0	0	0	0	0	2	1	0	0	0	2	0	0	0	1	0	0	0	0	0	0	7	13	21	0	0	0	0	0	0	0	2	0	0	0	0	0
OTU3419	0	0	0	0	0	0	0	0	0	0	0	0	0	0	0	0	0	0	0	0	0	0	0	0	0	0	1	0	0	0	0	4	1	0	0	0	0	1	0	0	3	0	0	13	6	14	0	0	0	0	0	0	0	0	1	8	0	0	1	0	0	0	0	0	0	0	0	0	0	12	0	0	0	0	14	0	0	0	0	0	2	0	2	0	0	0	5	0	0	0	0	11	3	0	2	0	3	0	0	0	0	1
OTU342	0	2	0	5	0	0	5	13	0	1	0	2	0	0	0	0	2	1	1	0	5	6	0	3	1	5	145	135	71	138	97	12	3	4	4	4	33	21	33	2	123	57	143	162	185	134	51	29	34	41	3	144	83	23	93	54	53	70	70	2	1	0	2	1	390	228	476	439	100	15	61	172	51	209	38	109	14	63	39	34	210	34	76	35	20	57	82	45	22	94	32	116	81	125	52	80	50	4	3	150	115	63
OTU3420	0	0	0	0	0	0	0	0	0	0	0	0	0	0	0	0	0	0	0	0	0	0	0	0	0	0	0	0	0	0	0	0	0	0	0	0	1	0	0	0	4	22	2	0	0	2	0	0	0	0	0	0	0	0	0	0	0	0	0	0	0	0	0	0	0	0	0	0	0	0	0	0	0	0	0	0	0	0	0	0	0	0	0	0	0	0	0	0	0	0	0	0	0	0	0	0	0	0	0	0	0	0
OTU3421	0	0	0	0	0	0	0	0	0	0	0	0	0	0	0	0	0	0	0	0	0	0	0	0	0	0	0	0	0	0	0	0	0	0	0	0	0	0	0	0	3	0	0	0	0	0	0	0	0	7	0	0	1	0	2	0	0	0	0	0	0	0	0	0	0	0	0	0	0	0	0	14	0	0	0	0	0	7	6	0	0	1	0	0	0	0	0	0	0	0	0	14	1	0	0	0	0	0	0	0	0	0
OTU3422	0	0	0	0	0	0	0	0	0	0	0	0	0	0	0	0	0	0	0	0	0	0	0	0	0	0	1	1	0	0	0	0	0	0	0	0	0	0	4	0	3	0	3	0	0	0	0	0	0	1	0	6	0	0	1	0	0	0	0	0	0	0	0	0	0	0	0	0	0	0	0	0	5	0	14	0	0	8	0	0	0	0	0	0	0	0	0	0	0	0	0	0	0	4	0	0	0	0	0	0	0	0
OTU3423	0	4	0	2	0	1	0	0	0	0	3	0	0	1	0	0	0	0	0	0	0	0	0	0	0	0	2	4	0	1	0	0	0	0	1	1	1	0	0	0	0	7	1	0	1	1	1	4	0	4	0	1	3	1	1	0	0	2	0	0	0	0	0	0	6	0	0	0	1	0	0	6	0	0	0	0	2	0	0	2	0	1	5	0	1	1	0	0	0	0	4	2	0	2	0	0	1	0	0	0	0	0
OTU3424	0	0	0	0	0	0	0	0	0	0	0	0	0	0	0	0	0	0	0	0	0	0	0	0	0	0	0	0	0	0	0	4	0	0	0	0	0	0	0	0	0	0	0	12	18	5	0	0	0	0	0	0	0	0	0	0	0	0	1	0	0	0	0	0	0	0	0	0	0	0	0	0	0	0	0	2	0	0	0	0	0	0	0	0	0	0	0	0	0	0	0	0	0	0	0	0	0	0	0	0	0	0
OTU3425	0	0	0	0	0	0	0	0	0	0	0	0	0	0	0	0	0	0	0	0	0	0	0	0	0	0	0	0	0	0	0	0	0	0	0	0	0	0	0	0	0	0	0	5	0	8	1	0	0	0	0	1	0	0	10	4	7	0	4	0	0	0	0	0	1	2	0	0	3	0	3	0	0	0	0	0	1	1	2	0	0	3	0	0	0	0	0	0	0	0	0	0	0	0	0	0	3	0	0	0	0	0
OTU3426	0	3	0	0	0	0	0	3	0	0	0	0	0	0	0	0	0	0	0	0	0	0	0	1	0	0	0	2	9	18	0	0	0	0	0	0	14	8	27	0	15	0	0	4	2	1	4	3	11	0	0	5	2	9	13	3	0	2	1	0	0	0	0	0	46	0	3	0	0	7	3	12	13	2	10	19	8	0	4	0	1	0	8	0	0	7	10	0	0	2	0	11	5	3	6	5	0	0	0	0	0	0
OTU3427	0	0	0	0	0	0	0	0	0	0	0	0	0	0	0	0	0	0	0	0	0	0	0	0	0	0	2	0	0	0	0	0	0	0	0	0	0	0	0	0	0	0	0	0	1	0	0	16	3	0	0	7	0	8	0	0	2	5	6	0	1	0	0	0	0	0	0	0	0	0	0	0	0	0	0	0	0	0	0	0	0	0	9	0	11	0	0	0	0	0	0	0	17	0	0	0	3	0	0	0	0	0
OTU3428	0	1	0	0	0	0	0	1	0	0	0	0	0	0	0	0	0	0	3	0	0	0	0	0	0	0	1	6	0	3	1	1	0	0	2	0	0	0	2	0	7	1	2	0	1	11	1	10	2	1	0	1	1	9	2	1	3	2	4	0	0	0	0	2	5	1	6	4	4	6	1	0	5	0	3	0	0	5	1	5	1	0	3	1	0	8	0	2	2	1	1	3	3	6	2	7	0	0	16	11	16	17
OTU3429	0	0	0	0	0	0	0	1	0	0	0	0	0	0	0	0	0	0	0	0	0	0	0	0	0	2	0	0	0	0	0	0	0	0	0	0	9	3	0	0	6	5	0	0	11	16	0	0	0	0	0	0	0	0	0	0	44	0	0	0	0	0	0	0	0	0	1	0	0	1	0	0	0	0	1	12	3	94	0	10	0	0	1	10	0	0	10	0	1	1	0	0	0	1	0	0	0	0	0	0	0	0
OTU343	0	2	0	0	0	0	1	0	1	0	2	4	0	1	0	0	0	1	0	0	0	0	1	0	0	0	1	4	3	0	0	0	0	0	1	0	0	71	61	2	2	1	3	3	1	0	7	0	2	0	0	0	0	7	7	3	91	3	3	0	0	0	0	0	4	0	5	0	0	128	189	9	3	35	2589	19	211	105	1	0	32	6	1	1	1	8	158	219	63	0	0	5	4	6	2	3	7	0	1	0	0	0
OTU3430	0	0	0	0	0	0	0	0	0	0	0	0	0	0	0	0	0	0	0	0	0	0	0	0	0	0	1	0	0	0	0	0	0	0	0	0	0	0	0	0	0	0	0	3	0	7	0	0	0	1	0	0	0	0	1	0	9	0	9	0	0	0	0	0	0	0	0	0	0	8	0	0	0	0	0	0	0	0	0	0	0	0	0	0	0	1	0	0	0	0	0	0	0	6	0	0	0	0	0	0	0	0
OTU3431	0	0	0	0	0	0	0	0	0	0	0	0	0	0	0	0	0	0	0	0	0	2	0	0	0	0	16	0	0	0	0	0	2	0	0	0	0	0	0	0	0	0	0	0	0	0	17	0	0	0	0	0	0	0	0	0	0	0	0	0	0	0	0	0	0	0	0	0	0	1	0	0	0	0	0	0	0	0	0	0	0	0	0	28	0	2	0	0	0	0	0	0	0	0	0	0	0	0	0	0	0	0
OTU3432	0	0	0	0	0	1	0	0	0	0	0	1	0	0	0	0	0	0	0	0	0	0	0	0	0	0	0	0	0	0	0	0	0	0	0	1	0	0	0	0	0	1	2	0	0	0	0	9	0	0	0	0	0	0	1	4	0	0	0	0	0	0	0	0	0	0	0	0	0	0	0	0	9	10	0	0	0	1	0	0	0	0	18	3	4	7	0	0	0	0	1	0	5	6	0	3	2	0	0	0	0	0
OTU3433	0	0	0	0	0	0	0	0	0	0	0	0	0	0	0	0	0	0	0	0	0	0	0	0	0	0	0	0	0	0	0	0	0	0	0	0	0	0	0	0	0	0	0	0	0	0	0	0	19	0	0	0	0	0	1	0	0	0	0	0	0	0	0	0	0	0	0	1	0	0	0	0	0	0	0	1	0	0	2	0	0	0	0	0	1	0	0	0	0	0	1	0	0	4	0	2	0	33	0	0	1	0
OTU3434	0	0	0	0	0	0	3	0	0	0	0	0	0	0	0	0	0	0	0	0	0	0	0	0	0	0	0	0	0	0	0	0	0	0	0	0	0	0	0	0	0	0	0	0	0	0	0	8	7	0	0	2	2	0	0	0	1	0	0	0	0	0	0	0	0	0	0	0	0	0	0	3	4	0	0	0	0	2	0	0	0	2	1	3	0	0	0	0	0	0	0	8	0	1	0	5	0	0	0	0	0	0
OTU3435	0	0	0	0	0	0	0	0	0	0	0	0	0	0	0	0	0	0	0	0	0	0	0	0	0	0	0	0	0	0	0	0	0	0	0	0	0	0	0	0	0	3	0	0	0	0	0	0	15	6	0	45	0	1	0	3	0	0	0	0	0	0	0	0	0	0	0	0	0	1	1	12	0	1	0	0	0	1	0	3	0	2	0	1	0	0	19	3	2	2	0	2	1	0	1	0	0	0	0	0	0	0
OTU3436	0	0	0	0	0	0	0	0	0	0	0	0	0	0	0	0	0	0	0	0	0	0	0	0	0	0	0	0	0	0	0	0	0	0	0	0	0	0	0	0	0	0	0	0	0	0	0	0	0	0	0	0	3	2	0	0	0	0	0	0	0	0	0	0	3	17	0	1	0	0	0	0	4	2	0	0	0	0	5	0	0	0	0	0	2	1	0	0	0	6	4	0	0	0	0	0	0	0	0	0	0	0
OTU3437	0	0	0	0	0	0	0	0	0	0	0	0	0	0	0	0	0	0	0	0	0	0	0	0	0	0	0	0	0	0	0	0	0	0	0	0	19	1	0	0	0	0	0	0	0	0	0	0	0	0	1	0	0	3	0	0	0	0	0	0	0	0	0	0	0	0	0	0	0	0	2	1	0	0	3	2	6	2	0	8	1	15	0	0	0	0	10	0	2	0	0	0	0	0	1	0	0	0	0	0	0	0
OTU3438	0	0	0	0	0	0	0	0	0	0	0	0	0	5	0	0	0	0	0	0	0	0	0	0	0	0	0	0	0	1	0	0	0	0	0	0	0	0	0	0	0	1	0	0	0	0	0	1	0	0	0	1	0	0	5	2	0	12	1	0	2	0	0	0	0	0	0	0	0	0	0	7	29	2	0	0	0	0	32	0	0	5	0	4	2	5	0	1	0	2	0	0	0	2	1	6	0	0	0	7	2	0
OTU3439	0	0	1	0	0	0	0	0	0	1	0	0	0	0	0	0	0	0	0	0	0	0	0	0	0	0	2	0	0	0	0	1	0	0	0	1	0	0	0	0	0	0	0	10	0	1	0	2	0	0	0	0	0	0	4	2	0	7	19	0	0	0	0	0	0	0	0	0	0	0	0	0	6	0	0	0	0	0	1	5	0	3	1	0	0	0	0	0	0	1	0	0	0	0	0	13	8	0	0	0	0	0
OTU344	0	2	1	1	0	0	0	1	0	0	0	1	1	0	0	0	0	1	3	0	0	1	1	1	2	4	5	4	42	0	2	0	0	1	14	4	52	34	13	0	17	3	6	18	0	1	1	2	8	62	19	8	7	3	3	51	5	12	8	0	0	0	1	0	0	3	0	1	1	30	138	19	7	3	3	93	19	23	18	124	8	4	1	1	0	0	604	530	222	17	19	8	1	13	21	24	3	0	1	0	1	0
OTU3440	0	0	0	0	0	0	0	0	0	0	0	0	0	0	0	0	0	0	0	0	0	0	0	0	0	0	0	0	1	0	0	0	0	0	0	0	0	0	0	0	0	0	0	0	0	0	0	0	0	0	0	0	0	0	3	31	0	0	0	0	0	0	0	0	0	0	0	0	0	0	0	0	0	0	0	0	3	0	0	0	0	0	0	0	5	0	0	0	0	0	0	0	0	0	0	0	0	0	0	0	0	0
OTU3441	0	0	0	0	0	0	0	0	0	0	0	0	0	0	0	0	0	0	0	0	0	0	0	0	0	0	1	0	0	0	0	0	0	0	0	0	0	0	0	0	0	0	0	0	0	2	0	0	0	0	0	0	0	0	0	38	0	0	0	0	0	0	0	0	0	1	0	0	0	0	0	0	0	0	0	0	1	0	0	0	0	0	0	0	0	0	0	0	0	0	0	0	0	0	0	0	0	0	0	0	0	0
OTU3442	0	1	0	0	0	0	0	0	0	1	0	0	0	0	0	0	0	0	0	0	0	0	0	0	0	0	2	0	13	0	0	0	1	0	0	0	6	4	0	0	6	0	0	0	0	2	0	0	11	0	0	0	1	0	0	4	0	0	0	0	0	0	0	0	0	0	0	0	0	2	61	4	0	0	2	0	0	12	9	0	0	0	1	0	0	0	7	11	0	0	1	11	5	0	0	0	1	0	0	0	0	0
OTU3443	0	0	0	0	0	0	0	0	0	0	0	0	0	0	0	0	0	0	0	0	0	0	0	0	0	0	0	0	2	0	0	0	0	0	0	0	0	0	0	0	0	0	0	0	0	0	0	0	0	0	0	0	0	0	0	13	0	10	10	0	0	0	0	0	0	0	0	0	0	0	0	0	0	0	0	0	1	0	0	0	0	0	0	0	0	0	0	0	0	0	0	0	7	1	1	0	0	0	0	0	0	0
OTU3444	0	0	0	0	0	0	0	0	0	0	0	0	0	0	0	0	0	0	0	0	0	0	0	0	0	0	0	0	0	0	0	0	0	0	0	0	0	0	0	0	0	0	0	0	0	0	0	0	0	0	0	0	0	0	0	5	0	18	0	0	0	0	0	0	0	0	0	0	0	0	0	0	0	0	0	0	0	0	0	0	0	0	0	0	0	0	0	0	0	0	0	0	0	0	0	0	0	0	0	0	0	0
OTU3445	0	0	0	0	0	1	0	0	0	0	1	0	0	0	0	0	0	0	0	0	0	0	0	0	0	0	0	0	0	0	0	0	0	0	0	0	0	0	0	1	0	0	0	0	0	0	0	0	0	0	0	0	0	1	0	7	0	0	0	0	0	0	0	0	0	0	0	0	0	5	0	0	0	0	73	0	0	0	0	0	0	0	0	0	0	0	0	0	0	0	0	0	0	0	0	2	3	0	0	0	0	0
OTU3446	0	0	0	0	0	0	0	0	0	0	0	0	0	0	0	0	0	0	0	0	0	0	0	0	0	0	0	0	0	0	0	0	0	0	0	0	0	0	0	0	0	0	0	0	0	0	0	0	0	0	0	0	0	0	0	1	0	0	0	0	0	0	0	0	0	32	0	1	0	0	0	0	0	0	0	0	0	0	0	0	0	0	0	0	0	0	0	0	0	0	0	0	0	0	0	0	0	0	0	0	0	0
OTU3447	2	0	0	0	0	0	9	1	0	0	0	0	0	0	0	0	0	0	0	0	9	0	1	1	1	4	8	1	9	21	17	1	3	0	1	0	1	4	51	0	5	1	120	28	8	1	14	3	1	0	0	11	6	3	30	29	63	12	34	7	0	1	0	4	31	14	54	58	178	70	27	14	33	12	4	1	7	6	44	57	180	46	13	5	2	5	2	7	5	4	11	0	31	25	12	12	27	0	22	13	13	13
OTU3448	0	0	0	0	0	0	0	0	0	0	0	0	0	0	0	0	0	0	0	0	0	0	0	0	0	0	0	0	0	0	0	0	0	0	0	0	0	0	0	0	0	0	0	0	0	0	0	1	0	0	0	0	0	0	0	4	0	14	0	0	0	0	0	0	0	0	0	0	0	0	0	0	0	0	0	0	1	0	0	0	0	0	0	6	0	0	0	0	0	0	0	0	8	0	11	2	0	0	0	0	0	0
OTU3449	0	0	0	0	0	0	0	1	0	0	0	0	0	0	0	0	0	0	0	0	0	0	0	0	3	0	0	0	0	0	3	0	0	0	0	0	0	0	0	0	0	0	0	0	0	0	0	4	4	1	0	6	4	3	0	0	1	0	7	0	0	0	3	0	0	0	0	0	0	0	0	2	6	0	0	0	0	2	7	0	0	22	0	0	0	0	0	2	0	3	20	0	5	3	12	0	5	0	0	0	0	1
OTU345	0	5	0	6	0	0	2	3	2	0	2	1	0	0	0	1	0	0	1	0	3	0	0	0	5	0	33	30	3	43	36	0	0	2	6	2	22	29	36	1	423	32	38	20	27	137	28	35	28	50	12	24	12	18	36	18	19	26	37	1	0	0	2	1	0	0	0	6	2	21	87	22	18	16	161	14	18	18	64	12	24	14	21	9	22	56	22	28	71	23	27	57	39	25	53	34	24	2	0	3	8	112
OTU3450	0	0	0	0	0	0	0	0	0	0	0	0	0	0	0	0	0	0	0	0	0	0	0	0	0	0	0	0	0	0	0	0	0	0	0	0	0	0	0	0	0	0	0	0	0	0	0	0	0	0	0	0	0	0	0	0	0	0	3	0	0	0	0	0	28	0	13	0	20	0	0	0	0	0	0	0	0	0	0	0	0	0	0	0	0	0	0	0	0	0	0	0	0	0	0	0	0	0	0	0	0	0
OTU3451	2	0	0	0	0	0	0	0	0	0	0	0	0	0	0	0	0	0	0	0	0	0	0	0	0	0	0	0	2	0	0	0	0	4	0	0	0	0	0	0	0	0	0	11	0	47	0	0	0	0	0	0	0	0	0	46	0	0	1	0	0	0	0	0	0	54	0	0	41	0	1	0	0	0	27	0	1	0	0	0	0	0	0	0	0	0	0	0	0	0	0	0	3	3	0	0	0	0	0	0	1	1
OTU3452	0	0	0	0	0	0	0	0	0	0	0	0	0	0	0	0	0	0	0	0	0	0	0	0	0	0	0	0	0	0	0	0	0	0	0	0	0	0	0	0	0	0	0	0	0	0	0	0	0	0	0	0	0	0	0	0	0	0	6	0	0	0	0	0	0	0	0	0	0	0	34	0	0	0	0	0	0	0	0	0	1	0	1	0	0	0	0	0	0	0	0	0	0	0	0	0	0	0	0	0	0	0
OTU3453	0	0	0	0	0	0	0	0	0	0	0	0	0	0	0	0	1	0	0	0	0	0	0	0	0	0	1	0	0	9	0	0	0	0	0	0	0	0	0	0	3	0	0	0	0	0	0	3	0	0	0	3	0	0	0	0	5	0	0	0	0	1	0	0	12	0	43	22	11	0	0	0	0	0	0	0	0	0	0	0	0	0	0	0	0	0	0	3	0	0	0	0	0	4	0	0	0	0	0	0	0	2
OTU3454	0	0	0	0	0	0	0	0	0	0	0	0	0	0	0	0	0	0	0	0	0	0	0	0	0	0	0	0	0	0	0	0	0	0	0	0	0	0	0	0	0	0	0	0	0	0	0	0	0	0	0	0	0	0	0	0	0	0	0	0	0	0	0	0	4	0	0	0	1	0	0	0	0	0	0	0	0	0	0	0	0	0	0	0	0	0	0	0	0	0	0	0	0	0	0	0	0	0	5	0	31	5
OTU3455	0	0	0	0	0	0	0	0	0	0	0	0	0	0	0	0	0	0	0	0	0	0	0	0	0	0	0	0	0	0	0	0	0	0	0	0	0	0	0	0	0	0	0	0	0	0	0	0	0	0	0	0	0	0	0	0	0	0	0	0	0	0	0	0	0	6	0	2	11	0	0	0	0	0	0	0	0	0	0	0	0	0	0	0	0	0	0	0	0	0	0	0	0	0	0	3	0	0	15	0	0	0
OTU3456	0	0	0	0	0	0	0	0	0	0	0	0	0	0	0	0	0	0	0	0	0	0	0	0	0	0	0	0	0	0	0	0	2	0	0	0	0	0	0	0	0	0	0	0	0	0	0	0	0	0	0	0	0	0	0	1	2	0	1	1	0	0	0	0	12	39	35	31	48	0	0	0	0	0	0	0	0	0	0	0	0	0	0	0	0	0	0	0	0	0	0	0	0	0	0	0	0	0	0	0	0	0
OTU3457	0	0	0	0	0	0	0	0	0	0	0	0	0	0	0	0	0	0	0	0	0	0	0	0	0	0	0	0	0	0	0	0	0	0	0	0	0	0	0	0	0	0	0	0	0	0	0	0	0	0	0	0	0	0	0	4	0	0	0	0	0	0	0	0	0	40	1	0	0	0	0	0	0	0	0	0	0	0	0	0	0	0	0	0	0	0	0	0	0	0	0	0	0	0	0	0	0	0	0	0	0	0
OTU3458	0	0	0	0	0	0	0	0	0	0	0	0	0	0	0	0	0	0	0	0	0	0	0	0	0	0	0	0	0	0	0	0	2	0	0	0	0	0	0	0	0	0	0	0	0	0	0	0	0	0	0	0	0	0	0	0	0	1	0	0	0	0	0	0	0	0	42	51	0	0	0	0	0	0	0	0	0	0	0	0	0	0	0	0	0	0	0	0	0	0	0	0	0	0	0	0	0	1	0	0	18	0
OTU3459	0	0	0	0	0	0	0	0	0	0	0	0	0	0	0	0	0	0	0	0	0	0	0	0	0	0	0	0	0	0	0	0	0	0	0	0	0	0	0	0	0	0	0	0	0	0	0	0	0	0	0	0	0	0	0	0	0	0	0	0	0	0	0	0	0	0	47	0	0	0	0	0	0	0	0	0	0	0	0	0	0	0	0	0	0	0	0	0	0	0	0	0	0	0	0	0	0	0	0	0	0	0
OTU346	0	0	4	0	0	0	0	3	0	2	0	1	0	0	1	0	0	0	0	3	0	0	0	0	1	1	27	66	38	131	6	0	0	0	3	7	0	3	3	0	8	1	3	25	123	11	27	173	3	5	6	144	5	24	32	28	47	32	57	0	0	0	2	0	51	53	9	23	2	8	1	15	19	24	2	20	1	5	11	2	12	32	57	59	28	48	4	2	0	12	2	172	87	46	55	57	149	41	12	130	176	5
OTU3460	0	0	0	0	0	0	0	0	0	0	0	0	0	0	0	0	0	0	0	0	0	0	0	0	0	0	0	0	0	0	0	0	0	0	0	0	0	0	0	0	0	0	0	0	0	0	0	0	0	0	0	0	0	0	0	0	1	0	0	0	0	0	0	0	7	0	45	0	0	0	0	0	0	0	0	0	0	0	0	0	0	0	0	0	0	0	0	0	0	0	0	0	0	0	0	0	0	0	0	0	0	0
OTU3461	0	0	0	0	0	0	0	0	0	0	0	0	0	0	0	0	0	0	0	0	0	0	0	0	0	0	0	0	0	0	0	0	0	0	0	0	0	0	0	0	0	0	0	0	0	0	0	0	0	0	0	0	0	0	0	0	0	0	0	0	0	0	0	0	0	0	54	0	0	0	0	0	0	0	0	0	0	0	0	0	0	0	0	0	0	0	0	0	0	0	0	0	0	0	0	0	0	0	0	0	0	0
OTU3462	0	0	0	0	0	0	0	0	0	0	0	0	0	0	0	0	0	0	0	0	0	0	0	0	0	0	0	0	0	0	0	0	0	0	0	0	0	0	0	0	0	0	0	0	0	0	0	0	0	0	0	0	0	0	0	0	1	0	0	0	0	0	0	0	0	0	28	0	0	0	0	0	0	0	0	0	0	0	0	0	0	0	0	0	0	0	0	0	0	0	0	0	0	0	0	0	0	0	0	0	0	0
OTU3463	0	0	0	0	0	0	0	0	0	0	0	0	0	0	0	0	0	0	0	0	0	0	0	0	0	0	0	0	0	0	0	0	0	0	0	0	0	0	0	0	0	0	0	0	0	0	0	0	0	0	0	0	0	0	0	0	0	0	0	0	0	0	0	0	0	0	33	0	0	0	0	0	0	0	0	0	0	0	0	0	0	0	0	0	0	0	0	0	0	0	0	0	0	0	0	0	0	0	0	0	0	0
OTU3464	0	0	0	0	0	0	0	0	0	0	0	0	0	0	0	0	0	0	2	0	0	0	0	0	0	1	0	0	0	0	0	0	0	0	0	0	0	0	0	0	0	0	0	0	0	0	1	1	9	0	0	0	0	1	6	46	3	1	0	0	0	0	0	0	71	106	131	0	1	0	0	0	0	0	0	0	0	0	0	0	0	0	0	3	0	3	0	0	0	0	0	0	2	13	3	0	0	0	200	48	67	13
OTU3465	0	0	0	0	0	0	0	0	0	0	0	0	0	0	0	0	0	0	0	0	0	0	0	0	0	0	0	0	0	0	0	0	0	0	0	0	0	0	0	0	0	0	0	0	0	0	0	0	0	0	0	0	0	0	0	0	0	0	0	0	0	0	0	0	0	0	0	38	0	0	0	0	0	0	0	0	0	0	0	0	0	0	0	0	0	0	0	0	0	0	0	0	0	0	0	0	0	0	0	0	0	0
OTU3466	0	0	0	0	0	0	0	1	0	0	0	3	0	0	0	0	0	0	0	0	0	0	0	0	0	0	0	0	0	1	0	0	0	0	0	0	0	0	0	0	2	3	0	5	2	7	2	0	0	0	0	0	0	1	4	0	0	2	0	1	0	0	0	2	29	0	0	39	0	0	0	0	3	0	0	0	0	0	0	0	0	6	0	0	1	16	2	0	0	0	0	0	0	0	0	15	17	0	0	0	0	36
OTU3467	0	0	0	0	0	0	0	0	0	0	0	0	0	0	0	0	0	0	0	0	0	0	0	0	0	0	0	0	0	0	0	0	0	0	0	0	0	0	0	0	0	0	0	0	0	0	0	0	0	0	0	0	0	0	0	0	0	0	0	0	0	0	0	0	0	0	0	0	1	0	0	0	0	0	0	0	0	0	0	0	0	0	0	0	0	0	0	0	0	0	0	0	0	0	0	0	0	0	0	0	0	38
OTU3468	0	0	0	0	0	0	0	0	0	0	0	1	0	0	0	0	0	0	0	0	0	0	0	0	0	0	1	34	27	9	60	0	2	0	3	0	2	10	22	0	4	0	0	0	6	0	0	0	1	1	0	0	8	5	9	1	0	0	0	0	0	0	0	1	0	0	0	0	0	8	0	7	0	0	63	22	0	2	0	0	1	7	5	4	2	0	2	0	15	2	18	1	1	23	1	0	1	0	0	0	0	0
OTU3469	0	0	0	0	0	0	0	0	0	2	0	0	0	0	0	0	0	0	0	0	0	0	0	0	0	0	0	0	0	0	2	0	0	0	0	0	0	0	0	0	0	0	0	0	0	0	0	0	0	0	0	1	0	0	1	0	0	0	0	0	0	0	0	0	0	0	0	0	0	0	0	2	187	0	0	1	0	0	0	0	6	0	0	3	0	0	0	0	0	1	0	0	0	1	0	0	0	0	0	0	0	0
OTU347	0	2	2	0	0	3	2	4	0	0	0	1	0	0	0	0	0	1	0	1	5	2	3	1	0	3	47	15	115	7	67	3	9	10	2	9	5	1	13	0	17	15	2	89	67	268	92	80	3	9	0	141	11	22	145	174	310	38	81	2	7	3	1	6	299	782	174	115	368	10	49	18	19	21	14	1	23	3	7	9	9	62	25	14	11	18	21	2	6	6	4	60	65	26	22	67	43	67	40	8	103	14
OTU3470	0	0	0	0	0	0	0	0	0	0	0	0	0	0	0	0	0	0	0	0	0	0	0	0	0	0	0	0	4	1	0	0	0	0	0	0	2	0	0	0	0	0	0	0	0	0	0	0	0	0	0	0	0	0	0	0	0	0	0	0	0	0	0	0	0	0	0	0	0	0	0	0	0	0	0	0	45	0	0	10	0	0	0	0	0	0	0	0	0	0	1	0	0	0	0	0	0	0	0	0	0	0
OTU3471	0	0	0	0	0	0	0	0	0	0	0	0	0	0	0	0	0	0	0	0	0	0	0	0	0	0	0	0	0	0	0	0	0	0	0	0	0	0	0	0	0	0	0	0	0	0	0	0	0	0	0	1	0	0	0	3	0	0	0	0	0	0	0	0	0	0	0	0	0	0	0	0	0	0	0	0	29	0	0	0	0	0	0	0	0	0	0	0	0	0	0	0	0	0	0	0	0	0	0	0	0	0
OTU3472	0	0	0	0	0	0	0	2	0	0	0	0	0	0	0	0	0	0	0	0	0	0	0	0	0	0	2	0	15	0	0	0	0	0	0	0	0	3	0	0	0	0	0	0	0	0	0	0	0	1	1	0	0	0	1	0	2	0	1	0	0	0	0	0	0	0	0	0	0	0	0	0	0	0	0	26	6	55	0	0	0	0	0	2	0	0	0	0	0	2	0	0	0	0	0	8	0	0	0	0	0	0
OTU3473	0	0	0	0	0	0	0	0	0	0	0	2	0	0	0	0	0	0	1	0	0	0	0	0	0	0	0	3	0	0	0	0	0	0	1	0	0	0	0	0	0	0	0	0	0	0	0	0	0	0	0	0	0	0	0	0	0	2	20	0	2	0	0	0	0	0	0	0	2	0	0	0	0	1	0	0	0	0	0	0	1	1	93	0	0	0	0	1	0	0	0	0	0	58	0	0	0	0	0	0	0	0
OTU3474	0	0	0	0	0	0	0	0	0	0	0	0	0	0	0	0	0	0	0	0	0	0	0	0	0	0	0	0	0	0	0	0	0	0	0	0	0	0	0	0	0	0	0	0	0	0	0	0	0	0	0	0	0	0	0	0	0	0	0	0	0	0	0	0	0	0	0	0	0	0	0	0	0	0	0	0	0	0	0	0	0	0	0	0	0	0	0	0	0	0	0	0	0	6	0	6	0	0	3	0	49	1
OTU3475	0	0	0	0	0	0	0	0	0	0	0	1	0	0	1	0	0	0	0	0	0	0	0	0	0	0	0	6	0	0	0	2	1	0	0	0	0	0	0	0	0	0	0	0	0	0	0	0	0	0	0	0	0	0	0	0	0	3	0	0	0	0	0	0	0	0	1	0	0	0	0	0	0	0	0	0	0	0	0	0	0	1	0	0	0	0	0	0	0	0	0	0	0	5	0	0	4	0	28	0	17	19
OTU3476	0	0	0	0	0	0	0	0	0	0	0	0	0	0	0	0	0	0	0	0	0	0	0	0	0	0	0	0	0	0	0	0	0	0	0	0	0	0	0	0	0	0	0	0	0	0	0	0	0	0	0	0	0	0	0	0	0	0	0	0	0	0	0	0	0	0	0	0	0	0	0	0	0	0	0	0	0	0	0	0	0	0	0	0	0	0	0	0	0	0	0	0	0	0	0	0	0	41	0	0	0	0
OTU3477	0	0	0	0	0	0	0	0	0	0	0	0	0	0	0	0	0	0	0	0	0	0	0	0	0	0	0	0	0	0	0	0	0	0	2	0	0	0	0	0	0	0	0	0	0	0	0	0	0	0	0	0	0	0	0	0	0	0	0	0	0	0	0	0	0	0	0	0	0	0	0	0	0	0	0	0	0	0	0	0	0	0	0	0	0	0	0	0	0	0	0	0	0	0	0	0	0	0	48	0	0	0
OTU3478	0	0	0	0	0	0	0	0	0	0	0	0	0	0	0	0	0	0	0	0	0	0	0	0	0	0	0	0	0	0	0	0	0	0	0	0	0	0	0	0	0	0	0	0	0	0	0	0	0	0	0	0	0	0	0	0	0	0	0	0	0	0	0	0	0	0	0	0	0	0	0	0	0	0	0	0	0	0	0	0	0	0	0	0	0	0	0	0	0	0	0	0	0	0	0	0	0	0	31	0	1	0
OTU3479	0	0	0	0	0	0	0	0	0	0	0	0	0	0	0	0	0	0	0	0	0	0	0	0	0	0	0	0	0	0	0	0	0	0	0	0	0	0	0	0	0	0	0	0	0	0	0	0	0	0	0	0	0	0	0	0	0	0	0	0	0	0	0	0	0	0	0	0	0	0	0	0	0	0	0	0	0	0	0	0	0	0	0	0	0	0	0	0	0	0	0	0	0	0	0	0	0	0	0	32	0	0
OTU348	1	1	6	0	0	0	6	0	0	0	6	0	0	0	0	0	0	0	1	0	0	0	3	0	1	0	5	42	6	134	6	0	1	2	4	2	12	7	9	0	34	11	3	7	7	45	8	50	66	86	7	346	6	482	12	9	5	1	58	0	0	0	1	17	1	0	19	4	2	42	3	3	0	7	8	29	13	1	7	3	161	32	40	2	16	164	11	219	5	3	7	57	6	40	3	18	11	0	0	0	0	0
OTU3480	0	0	0	0	0	0	0	0	0	0	0	0	0	0	0	0	0	0	0	0	0	0	0	0	0	0	0	0	0	0	0	0	0	0	0	0	0	0	0	0	0	0	0	0	0	0	0	0	0	0	0	0	0	0	0	0	0	0	0	0	0	0	0	0	0	0	0	0	0	0	0	0	0	0	0	0	0	0	0	0	0	0	0	0	0	0	0	0	0	0	0	0	0	0	0	0	0	0	0	26	0	0
OTU3481	0	0	0	0	0	0	0	0	0	0	0	0	0	0	0	0	0	0	0	0	0	0	0	0	0	0	0	0	0	0	0	0	0	0	0	0	0	0	0	0	0	0	0	0	0	0	0	0	0	0	0	0	0	0	0	0	0	0	0	0	0	0	0	0	0	0	0	0	0	0	0	0	0	0	0	0	0	0	0	0	0	0	0	0	0	0	0	0	0	0	0	0	0	0	0	0	0	0	0	49	0	0
OTU3482	0	0	0	0	0	0	0	0	0	0	0	0	0	0	0	0	0	0	0	0	0	0	0	0	0	0	0	0	0	0	0	0	0	0	0	0	0	0	0	0	0	0	0	0	0	0	0	0	0	0	0	0	0	0	0	0	0	0	0	0	0	0	0	0	0	1	0	0	0	0	0	0	0	0	0	0	0	0	0	0	0	0	0	0	0	0	0	0	0	0	0	0	0	0	0	0	0	0	0	46	0	0
OTU3483	0	0	0	0	0	0	0	0	0	0	0	0	0	0	0	0	0	0	0	0	0	0	0	0	0	0	0	0	0	0	0	0	0	0	0	0	0	0	0	0	0	0	0	0	0	0	0	0	0	0	0	0	0	0	0	0	0	0	0	0	0	0	0	0	0	0	0	0	0	0	0	0	0	0	0	0	0	0	0	0	0	0	0	0	0	0	0	0	0	0	0	0	0	0	0	0	0	0	0	45	2	0
OTU3484	0	0	0	0	0	0	0	0	0	0	0	0	0	0	0	0	0	0	0	0	0	0	0	0	0	0	0	0	0	0	0	0	0	0	0	0	0	0	0	0	0	0	0	0	0	0	0	0	0	0	0	0	0	0	0	0	0	0	0	0	0	0	0	0	0	0	0	0	0	0	0	0	0	0	0	0	0	0	0	0	0	0	0	0	0	0	0	0	0	0	0	0	1	0	0	0	0	0	0	57	0	0
OTU3485	0	0	0	0	0	0	0	0	0	0	0	0	0	0	0	0	0	0	0	0	0	0	0	0	0	0	0	0	0	0	0	0	0	0	0	0	0	0	0	0	0	0	0	0	0	0	0	0	0	0	0	0	0	0	0	0	0	0	0	0	0	0	0	0	0	0	0	0	0	0	0	0	0	0	0	0	0	0	0	0	0	0	0	0	0	0	0	0	0	0	0	0	0	0	0	0	0	0	0	28	0	0
OTU3486	0	0	0	0	0	0	0	0	0	0	0	0	0	0	0	0	0	0	0	0	0	0	0	0	0	0	0	0	0	0	0	0	0	0	0	0	0	0	0	0	0	0	0	0	0	0	0	0	0	0	0	0	0	0	0	0	0	0	0	0	0	0	0	0	0	0	0	0	0	0	0	0	0	0	0	0	0	0	0	0	0	0	0	0	0	0	0	0	0	0	0	0	0	0	2	0	0	0	0	75	0	0
OTU3487	0	0	0	0	0	0	0	0	0	0	0	0	0	0	0	0	0	0	0	0	0	0	0	0	0	0	0	0	0	0	0	0	0	0	0	0	0	0	0	0	0	0	0	0	0	0	0	0	0	0	0	0	0	0	0	0	0	0	0	0	0	0	0	0	0	0	0	0	0	0	0	0	0	0	0	0	0	0	0	0	0	0	0	0	0	0	0	0	0	0	0	0	0	0	0	0	0	0	0	53	0	0
OTU3488	0	0	0	0	0	0	0	0	0	0	0	0	0	0	0	0	0	0	0	0	0	0	0	0	0	0	0	0	0	0	0	0	0	0	0	0	0	0	0	0	0	0	0	0	0	0	0	0	0	0	0	0	0	0	0	0	0	0	0	0	0	0	0	0	0	0	0	0	0	0	0	0	0	0	0	0	0	0	0	0	0	0	0	0	0	0	0	0	0	0	0	0	0	0	0	0	0	0	0	0	23	0
OTU3489	0	0	0	0	0	0	0	0	0	0	0	0	0	0	0	0	0	0	0	0	0	0	0	0	0	0	0	0	0	0	0	0	0	0	0	0	0	0	0	0	0	0	0	0	0	0	0	1	0	0	0	0	0	0	0	0	0	0	0	0	0	0	0	0	0	0	0	0	0	0	0	0	0	0	0	0	0	0	0	0	0	0	0	0	0	0	0	0	0	0	0	0	0	0	0	2	0	0	2	0	39	0
OTU349	0	0	0	0	0	0	2	16	0	1	2	1	0	0	0	0	0	0	0	3	5	8	0	0	0	0	4	1	2	4	6	0	2	0	0	0	328	5	4	0	1	46	146	5	6	0	6	1	412	30	1	25	221	9	17	0	15	8	11	1	1	0	0	2	17	82	195	79	52	4	7	5	44	146	4	181	8	2	4	2	8	0	9	7	51	4	21	6	3	0	120	4	11	42	160	43	12	2	0	1	0	1
OTU3490	0	0	0	0	0	0	0	0	0	0	0	0	0	0	0	0	0	0	0	0	0	0	0	0	0	0	0	0	0	0	0	0	0	0	0	0	0	0	0	0	0	0	0	0	0	0	0	0	0	0	0	0	0	0	0	0	0	0	0	0	0	0	0	0	0	0	0	0	0	0	0	0	0	0	0	0	0	0	0	0	0	0	0	0	0	0	0	0	0	0	0	0	0	0	0	0	0	0	0	0	0	36
OTU3491	0	0	0	0	0	0	0	0	0	0	0	0	0	0	0	0	0	0	0	0	0	0	0	0	0	0	0	0	0	0	0	0	0	0	0	0	0	0	0	0	0	0	0	0	0	0	0	8	0	0	0	0	0	0	0	0	0	0	0	0	0	0	0	0	0	0	0	1	0	0	0	0	0	0	0	0	0	0	0	0	0	0	0	0	0	0	0	0	0	0	0	0	0	0	0	0	0	0	0	0	0	44
OTU3492	0	0	1	0	0	0	0	10	0	0	5	3	0	0	0	0	0	0	0	0	1	2	1	0	0	0	5	0	0	4	0	0	0	0	0	0	6	5	0	0	0	9	6	0	0	6	0	2	0	0	0	3	15	3	4	0	7	9	4	2	4	0	0	0	0	0	4	0	0	0	0	6	0	0	0	57	0	10	0	8	2	6	11	0	2	0	2	3	13	0	0	0	0	5	5	14	1	0	4	0	5	0
OTU3493	0	0	0	0	0	0	0	0	0	0	0	0	0	0	0	0	0	0	0	0	0	0	0	0	0	0	5	2	0	0	3	0	0	0	0	0	0	0	4	0	0	0	0	0	0	0	0	0	0	0	0	0	1	0	0	1	0	0	0	0	0	0	0	0	0	0	0	14	0	0	0	0	0	0	0	0	0	0	0	0	0	0	0	0	0	0	0	0	0	0	2	0	0	0	0	0	0	0	0	0	0	0
OTU3494	0	2	0	0	0	0	0	0	0	0	0	0	0	0	0	0	0	0	0	0	0	0	0	0	0	0	1	0	0	1	0	0	0	0	0	0	0	0	0	0	0	0	0	0	0	0	0	0	0	25	0	0	0	0	0	0	0	0	0	0	0	0	0	0	0	0	0	0	0	0	0	0	0	0	0	0	0	3	0	0	3	0	0	0	1	0	0	0	2	0	0	2	0	0	0	0	10	0	0	0	0	0
OTU3495	0	1	0	0	0	0	0	0	0	0	0	0	0	0	0	0	0	0	0	0	0	0	0	0	0	1	13	1	8	0	11	0	0	0	0	0	4	7	7	0	1	1	0	0	0	0	0	0	0	0	0	2	0	4	0	0	9	2	0	0	0	0	0	0	0	0	0	0	0	0	3	0	0	0	0	3	12	9	0	14	3	0	3	0	0	1	8	2	1	0	11	0	0	4	0	1	1	0	0	0	0	0
OTU3496	0	0	0	0	0	0	0	0	0	0	0	0	0	0	0	0	0	0	0	0	0	0	0	0	0	0	18	11	0	2	23	0	0	0	0	0	0	0	0	0	5	2	9	0	0	0	7	0	3	0	1	0	0	0	7	0	0	0	5	0	0	0	0	0	0	10	0	0	0	0	0	2	0	1	0	3	0	0	0	2	0	2	1	1	8	0	0	0	0	10	0	15	0	0	0	0	2	0	0	0	0	0
OTU3497	0	0	0	0	0	0	0	0	0	0	0	0	0	0	0	0	0	0	0	0	0	0	0	0	0	0	1	0	0	6	0	0	0	0	0	0	0	0	0	0	0	0	0	0	1	0	0	0	0	0	0	0	0	0	4	4	0	0	0	0	0	0	0	0	0	0	0	0	0	0	0	0	0	0	0	0	2	0	0	0	0	0	3	0	0	0	0	0	0	0	0	0	0	0	1	7	1	0	0	0	5	0
OTU3498	0	0	0	0	0	0	0	0	0	1	0	0	0	0	0	0	0	0	0	0	0	0	0	0	0	0	17	0	5	0	11	0	0	0	0	0	0	1	0	0	1	0	0	0	0	0	0	0	0	0	0	1	0	2	0	0	0	0	0	0	0	0	0	0	0	0	0	0	0	0	2	0	0	0	0	0	0	0	0	0	0	0	0	0	0	0	0	0	0	0	0	0	12	0	0	0	0	0	0	0	0	0
OTU3499	0	0	0	0	0	0	0	0	0	0	0	0	0	0	0	0	0	0	0	0	0	0	0	0	0	0	0	2	0	13	0	0	2	0	0	2	0	0	1	0	0	0	0	0	4	0	5	10	0	0	0	0	0	1	9	3	0	0	0	0	0	0	0	0	0	0	0	0	0	0	0	0	0	0	0	0	0	0	0	0	0	0	0	0	0	0	0	0	0	0	0	0	0	12	0	0	0	0	0	0	0	0
OTU35	4	6	14	6	0	14	11	15	8	4	24	5	1	10	1	3	1	1	14	0	4	5	9	17	14	4	864	481	184	1160	958	3	33	3	20	17	307	173	1306	3	823	617	159	373	526	285	232	529	249	575	186	411	405	239	498	422	415	404	564	3	4	0	5	30	536	334	497	552	1441	280	612	939	226	91	216	619	567	244	1005	239	425	529	190	385	345	368	107	563	336	554	1903	894	544	383	324	286	609	249	261	190	506	711
OTU350	0	6	0	1	0	4	0	3	0	2	0	1	0	2	0	0	1	0	0	0	1	3	0	0	0	3	35	102	56	263	55	0	3	1	2	0	37	29	7	0	64	50	53	15	8	22	27	34	6	44	5	84	47	19	16	4	58	29	36	2	0	0	0	1	65	15	8	11	59	22	26	7	25	54	11	168	134	75	100	82	36	8	27	19	33	11	37	23	21	29	83	34	36	38	66	42	35	2	8	2	6	0
OTU3500	0	0	0	0	0	0	0	0	0	0	0	0	0	0	0	0	0	0	0	0	0	0	0	0	0	0	2	8	29	0	1	0	0	0	0	0	0	0	0	0	0	0	0	0	0	3	0	0	0	5	0	0	0	3	0	0	0	0	0	0	0	0	0	0	0	0	0	0	0	0	12	1	0	0	0	0	0	0	0	0	0	0	0	0	0	0	0	0	0	0	0	0	1	0	0	0	0	0	0	0	0	0
OTU3501	0	0	0	0	0	0	0	0	0	0	0	0	0	1	0	0	0	0	0	0	0	0	0	0	0	0	4	29	0	7	0	0	0	0	1	0	27	0	0	0	13	3	5	1	4	1	5	0	1	7	0	1	3	0	5	0	0	1	0	0	0	0	0	0	0	0	0	0	0	2	0	1	0	4	0	5	0	0	0	4	2	0	0	3	0	0	0	18	7	1	3	6	2	1	0	1	5	0	0	0	0	0
OTU3502	0	0	0	0	0	0	0	0	0	0	0	0	0	0	0	0	0	0	0	0	0	0	0	0	0	0	0	4	0	0	0	0	0	0	3	0	0	0	0	0	12	1	0	0	0	0	0	0	0	2	0	0	0	0	0	0	0	0	0	0	0	0	0	1	0	0	0	0	0	0	0	0	0	0	6	4	0	0	1	0	0	0	0	0	0	0	0	5	6	0	0	0	0	0	0	0	0	0	0	0	0	0
OTU3503	0	2	0	0	0	0	0	0	1	0	0	0	0	2	0	0	0	0	0	0	0	2	0	0	0	0	0	0	73	1	0	0	0	0	2	0	7	0	1	0	4	0	2	3	14	23	1	0	0	0	0	1	0	0	0	0	11	0	4	0	0	0	0	0	0	0	1	0	0	20	62	0	1	0	0	0	1	0	0	0	0	1	4	0	0	0	5	189	49	0	0	0	6	0	1	0	0	2	0	0	0	0
OTU3504	0	0	0	0	0	0	0	0	0	0	0	0	0	0	0	0	0	0	0	0	0	2	0	0	0	0	0	0	40	0	5	0	0	0	0	0	31	3	0	0	0	0	1	1	2	4	0	0	0	3	0	0	0	0	0	0	15	2	0	0	0	0	0	1	0	0	0	0	0	0	0	0	0	0	0	0	25	6	0	0	0	0	0	0	1	0	0	0	0	0	0	0	1	1	0	0	0	0	0	0	0	0
OTU3505	0	0	0	0	0	2	0	0	0	0	0	0	0	0	0	0	0	0	0	0	0	0	0	0	0	0	0	2	17	0	13	0	0	0	0	0	0	1	0	0	0	0	1	0	0	0	0	0	0	4	1	0	3	0	0	0	0	1	0	0	0	0	0	0	0	0	0	0	0	0	4	0	0	2	7	2	1	1	6	0	0	0	0	0	0	0	0	17	7	1	0	0	0	0	0	0	0	0	0	0	0	0
OTU3506	0	0	0	0	0	0	0	0	0	0	0	0	0	1	0	0	0	0	0	0	0	0	0	0	0	0	0	0	58	0	0	0	0	0	0	0	2	18	0	1	0	0	0	0	0	0	0	0	0	0	0	0	0	0	1	0	1	0	1	0	0	0	0	0	0	0	0	1	0	0	16	0	0	0	0	0	4	9	0	1	0	1	0	0	0	0	0	0	0	0	2	0	0	0	0	2	0	0	0	0	0	0
OTU3507	0	0	0	0	0	0	0	0	0	0	0	1	0	0	0	0	0	0	0	0	0	1	0	0	0	0	0	0	1	0	0	0	0	0	0	0	44	0	0	0	1	4	0	0	0	0	0	0	0	0	2	0	0	1	0	0	0	0	1	0	0	0	0	0	0	0	0	0	0	0	3	0	0	0	0	3	0	5	0	0	0	0	0	2	0	0	6	0	1	0	0	0	0	0	0	0	0	0	0	0	0	0
OTU3508	0	0	1	0	0	0	0	0	1	0	0	0	0	0	0	0	0	0	0	0	0	0	0	0	2	0	0	0	0	8	0	0	0	0	0	0	0	0	0	0	8	4	3	0	0	0	0	0	1	0	0	0	0	6	0	0	0	0	0	0	0	0	0	0	0	0	0	0	0	0	8	0	2	0	1	0	0	0	18	0	1	0	0	0	3	0	0	2	3	1	0	0	7	0	0	0	0	0	0	0	0	0
OTU3509	0	0	0	0	0	0	0	0	0	0	0	0	0	0	0	0	0	0	0	0	0	0	0	0	0	0	0	0	0	14	0	0	2	0	0	0	0	3	0	0	0	0	0	0	6	3	2	2	7	13	0	1	0	7	1	0	0	0	4	0	0	0	0	0	0	0	0	0	0	1	0	0	0	0	0	0	2	0	0	0	0	1	2	2	2	2	0	0	0	0	0	0	0	3	1	1	11	0	0	0	0	0
OTU351	0	6	1	0	0	0	0	0	3	0	4	3	0	0	0	0	0	0	0	0	0	0	0	0	1	1	3	10	0	0	1	0	2	0	3	2	1	1	1	2	0	2	3	67	144	0	6	131	1	0	0	159	3	13	62	0	2	82	46	0	0	1	0	2	0	0	0	5	1	7	0	67	0	1	3	1	5	6	2	2	2	84	1	88	6	562	9	0	1	6	0	11	101	39	65	101	616	149	1	0	4	7
OTU3510	0	0	0	0	0	0	0	0	0	0	0	0	0	0	0	0	0	0	0	0	0	0	0	0	0	0	0	0	0	2	0	1	0	0	0	0	0	0	1	0	0	1	5	9	0	7	2	0	0	5	3	1	0	0	0	0	5	0	0	0	0	0	0	0	0	0	0	0	0	0	7	0	0	0	0	0	0	0	5	4	6	0	0	0	0	0	0	0	0	2	0	4	0	0	0	0	7	0	0	0	0	0
OTU3511	0	0	0	0	0	0	0	0	0	0	0	0	0	0	0	0	0	0	0	0	0	0	0	0	0	0	0	0	0	12	0	0	0	0	0	0	0	0	0	0	3	0	0	0	1	0	2	0	0	0	0	0	0	11	0	0	0	0	0	0	0	0	0	0	0	0	0	0	0	0	0	0	0	0	0	2	0	0	0	0	0	0	5	0	0	0	0	0	0	0	27	0	0	0	0	0	0	0	0	0	0	0
OTU3512	0	0	0	0	0	0	0	0	0	0	0	0	0	0	0	0	0	0	0	0	0	0	0	0	0	0	0	0	0	0	12	0	0	0	0	0	0	0	0	0	0	0	1	0	2	0	0	0	6	15	0	0	0	0	0	0	0	0	2	0	0	0	0	0	0	0	0	0	0	0	0	0	20	0	0	0	0	0	0	0	2	0	0	0	0	0	0	0	0	0	0	0	1	0	0	0	0	0	0	0	0	0
OTU3513	0	0	0	0	0	0	0	0	0	0	0	0	0	1	0	0	0	0	0	0	0	0	0	0	0	0	0	2	0	0	6	0	0	0	0	0	0	0	0	0	1	0	3	2	0	0	4	2	14	0	0	11	0	0	0	0	0	0	0	0	0	0	0	0	0	0	0	0	0	0	0	0	0	9	0	0	0	0	0	1	2	0	0	1	10	0	0	0	0	0	0	4	0	1	0	0	0	0	7	0	0	0
OTU3514	0	0	0	0	0	0	0	0	0	0	0	1	0	0	0	0	0	0	0	0	0	0	0	0	0	0	0	0	0	0	0	2	0	0	0	0	0	0	0	0	0	0	0	96	0	0	0	0	0	0	0	0	0	1	0	0	0	0	1	0	0	0	0	0	0	0	0	0	0	0	0	0	0	0	0	0	0	0	2	0	0	0	0	0	0	0	0	0	0	0	0	0	0	0	0	6	0	0	0	0	0	0
OTU3515	0	0	0	0	0	0	0	0	0	0	0	0	0	0	0	0	0	0	0	0	0	0	0	0	0	0	0	0	0	0	0	0	4	0	0	0	0	0	0	0	0	0	0	0	0	0	0	6	0	0	0	0	0	0	0	0	0	0	0	0	0	0	0	0	0	0	0	0	0	0	0	0	0	0	0	0	0	0	0	0	0	0	0	0	0	0	0	0	0	0	0	0	0	0	1	0	0	0	21	0	0	0
OTU3516	0	0	0	0	0	0	0	0	0	0	0	0	0	0	0	0	0	0	0	0	0	0	0	0	0	0	0	0	0	0	0	0	0	0	1	0	0	0	0	0	0	0	0	0	0	0	0	0	0	0	0	0	0	0	0	0	0	0	1	0	0	0	0	0	0	13	0	2	14	0	0	0	0	0	0	0	0	0	0	0	0	0	0	0	0	0	0	0	0	0	0	0	0	0	0	0	0	0	0	0	0	0
OTU3517	0	0	0	0	0	0	0	0	0	0	0	0	0	0	0	0	0	0	0	0	0	0	0	0	0	0	0	0	0	0	0	0	0	0	0	3	0	0	0	0	0	0	0	0	0	0	0	16	0	0	0	0	0	0	6	0	0	0	4	0	0	0	0	0	0	0	0	0	2	0	0	0	0	0	0	0	2	0	0	0	0	0	0	0	0	6	0	0	0	0	0	0	0	0	2	0	0	0	0	0	0	0
OTU3518	0	0	0	0	0	0	0	3	0	0	0	0	0	0	0	0	0	0	0	0	0	0	0	0	0	0	0	0	0	0	0	0	0	0	0	0	6	0	0	0	0	0	0	0	0	0	0	0	0	0	0	0	0	0	0	0	5	0	0	0	0	0	0	0	0	0	0	0	0	4	0	0	0	0	0	8	8	31	0	0	0	0	0	0	0	0	0	0	1	0	0	0	0	0	3	0	0	0	0	0	0	0
OTU3519	0	0	0	0	0	0	0	0	0	0	0	0	0	0	0	0	0	0	0	0	0	0	0	1	0	0	0	0	0	0	3	0	1	0	0	0	1	0	5	0	0	0	0	0	14	0	0	0	0	0	0	0	0	0	1	0	0	4	0	0	0	0	0	0	0	0	0	0	0	0	0	0	0	0	0	0	0	0	0	3	0	0	0	0	0	0	0	0	0	0	0	0	0	6	0	0	0	0	0	0	0	0
OTU352	0	0	0	0	0	0	2	2	0	0	0	0	0	8	0	0	0	0	2	1	3	2	0	1	2	8	20	0	0	11	11	0	2	0	6	1	13	1	105	1	0	18	2	22	31	2	0	2	14	2	2	9	137	6	12	38	19	5	13	3	3	2	2	0	301	120	660	528	526	0	5	0	17	66	4	42	29	9	10	0	2	9	219	3	4	1	75	2	1	1	9	0	0	4	0	1	25	4	3	0	6	1
OTU3520	0	0	0	0	0	0	0	0	0	0	0	0	0	1	0	0	0	0	0	0	0	0	0	0	0	0	0	0	0	1	0	0	0	0	0	0	8	0	1	0	0	0	0	0	0	0	7	0	0	0	0	2	0	4	0	0	13	0	0	0	0	0	0	0	0	3	0	0	0	0	0	2	0	0	0	0	0	0	0	0	0	0	0	0	0	0	0	0	0	0	0	0	0	3	1	0	0	0	1	0	0	27
OTU3521	0	3	0	0	0	0	0	2	3	0	0	0	0	0	0	0	0	0	0	0	0	1	0	0	0	0	0	1	3	0	0	0	0	0	1	0	33	0	0	0	1	1	0	0	0	1	0	0	0	0	0	15	0	0	0	0	3	0	0	0	0	0	0	0	0	0	1	0	0	0	0	1	0	0	0	47	64	127	0	0	0	0	0	0	3	0	0	0	0	2	0	0	4	0	1	0	0	0	0	0	0	0
OTU3522	0	1	0	0	0	0	0	0	0	0	0	0	0	0	0	0	0	0	0	0	0	0	0	0	0	0	0	0	0	0	0	0	0	0	0	0	1	5	0	0	3	5	0	0	0	25	2	0	0	0	0	0	0	0	0	0	13	0	0	0	0	0	0	0	0	0	0	0	0	0	0	0	1	0	0	8	0	0	0	1	0	0	0	1	0	2	0	0	0	0	6	0	0	0	0	1	0	0	0	0	0	0
OTU3523	0	0	0	0	0	0	0	0	0	0	0	0	0	0	0	0	0	0	0	0	0	0	0	0	0	0	0	0	0	0	0	0	1	0	0	0	0	0	3	0	2	0	0	19	16	0	0	0	0	0	0	0	0	0	1	10	1	3	14	0	0	0	0	0	0	0	1	0	0	0	0	0	0	0	0	0	1	0	0	0	0	1	0	0	0	0	0	0	2	0	0	0	21	1	3	9	10	0	1	0	0	0
OTU3524	0	0	2	0	0	0	1	0	0	0	0	1	0	0	3	0	0	0	0	0	2	0	0	0	0	0	14	16	3	14	15	0	1	1	1	0	1	3	20	0	70	3	14	2	1	0	0	3	2	27	3	11	1	6	2	1	10	2	3	0	0	0	2	0	33	25	41	18	15	6	9	8	0	6	5	2	16	10	17	3	1	0	10	8	6	6	2	37	6	0	0	8	0	16	4	12	1	13	16	32	13	24
OTU3525	0	0	0	0	0	0	0	0	0	0	0	1	0	0	0	0	0	0	0	0	0	0	0	0	0	0	2	0	7	0	0	0	0	0	0	0	0	0	0	0	4	0	0	8	2	0	0	2	0	0	0	1	1	0	0	10	0	0	0	0	0	0	0	0	0	0	23	10	0	0	2	0	0	0	0	0	0	0	1	2	0	4	0	0	0	0	0	0	1	0	0	0	9	0	2	1	4	0	0	0	0	0
OTU3526	0	0	0	0	0	0	0	0	0	0	0	0	0	0	0	0	0	0	0	0	0	0	0	0	0	0	0	0	0	0	0	0	0	0	0	0	0	0	0	0	2	0	0	10	4	0	0	3	0	1	0	0	0	0	2	0	1	7	1	0	0	0	0	0	0	0	0	2	0	0	0	1	4	0	0	0	0	0	0	0	0	11	0	0	0	3	0	0	0	0	0	0	3	0	4	0	1	0	0	0	0	0
OTU3527	0	0	0	0	0	0	0	0	0	0	0	0	0	0	0	0	0	0	0	0	0	0	0	0	0	0	0	0	0	0	0	3	0	2	0	0	0	0	0	0	0	0	0	26	14	5	0	0	0	0	0	0	0	0	4	12	0	0	18	0	0	0	0	0	0	0	0	0	0	0	0	0	0	0	0	0	2	0	0	0	0	4	0	0	0	0	0	0	0	0	0	0	0	0	0	0	11	0	0	0	0	0
OTU3528	0	0	0	0	0	0	0	0	0	0	0	0	0	2	0	0	0	0	0	0	0	0	0	0	0	0	0	0	0	0	0	0	0	0	0	0	0	0	0	0	0	0	0	7	1	0	0	1	0	0	0	0	0	0	30	2	0	0	0	0	1	0	0	0	0	0	0	0	0	0	0	0	0	0	0	0	0	0	0	0	0	0	0	0	0	0	0	0	0	0	0	0	0	0	0	0	0	0	0	0	0	0
OTU3529	0	0	0	0	0	0	0	0	0	0	0	0	0	0	0	0	0	0	0	0	0	0	0	0	0	0	0	0	0	0	0	0	0	0	0	0	0	0	0	0	0	1	0	35	12	0	0	0	0	0	0	0	0	0	8	27	0	0	1	0	0	0	0	0	0	1	1	0	0	0	0	0	0	0	0	0	3	0	0	0	0	0	0	0	0	1	0	0	0	0	0	0	2	7	5	0	1	0	1	2	0	0
OTU353	0	0	0	0	0	0	5	4	0	0	0	0	0	0	0	0	0	0	2	0	1	1	0	0	0	0	0	0	0	1	0	0	0	0	1	0	0	0	0	0	0	0	0	0	0	0	0	4	0	1	0	0	0	0	1	0	0	0	0	0	3	0	0	5	1	5	6	2	3	0	0	0	0	0	0	0	0	0	0	0	0	0	2	0	0	0	0	4	0	0	1	0	1	9	2	10	7	333	444	67	1139	133
OTU3530	0	0	0	0	0	0	0	0	0	0	0	0	0	0	0	0	0	0	0	0	0	0	0	0	0	0	0	2	0	0	0	0	0	0	0	2	3	0	0	0	0	0	0	8	11	0	0	23	0	0	0	0	0	3	5	1	0	6	0	0	0	0	0	0	0	0	0	0	0	0	0	0	0	0	0	0	0	0	0	0	0	0	0	0	0	0	0	0	0	0	0	0	2	2	49	0	0	0	0	3	0	1
OTU3531	0	0	0	0	0	0	0	0	0	0	0	0	0	0	0	0	0	0	0	0	0	0	0	0	0	0	0	0	0	0	0	0	0	0	0	0	0	0	0	0	0	0	0	1	0	0	37	0	0	0	0	0	0	0	0	1	0	0	1	0	0	0	0	0	0	0	0	0	0	0	0	1	0	0	0	0	0	0	0	0	0	0	0	0	0	0	0	0	0	0	0	0	0	1	0	1	0	0	0	0	0	0
OTU3532	0	0	0	0	0	2	0	0	2	0	0	0	0	0	0	0	0	0	4	0	0	0	0	0	1	0	2	0	0	0	0	0	1	0	0	0	0	0	0	0	0	1	1	0	29	0	0	12	0	0	0	2	3	0	5	6	1	0	6	0	0	0	0	0	0	0	0	0	0	0	0	0	0	0	0	0	0	0	2	0	0	0	1	1	0	0	2	0	1	0	0	0	10	1	2	37	7	0	0	0	3	0
OTU3533	0	0	0	0	0	0	0	0	0	0	0	0	0	0	0	0	0	0	0	0	0	0	0	0	0	0	1	0	0	0	0	0	0	0	0	0	0	0	0	0	0	0	0	0	3	0	0	0	0	0	0	0	0	0	0	0	0	0	0	0	0	0	3	0	0	0	0	15	0	0	0	0	0	0	0	0	0	0	0	0	0	0	0	0	0	1	0	0	0	0	0	0	9	0	0	0	0	0	0	0	0	0
OTU3534	0	3	0	0	0	0	0	0	1	5	0	0	0	1	0	0	0	0	0	0	0	0	0	0	0	0	0	0	0	0	0	0	0	0	0	2	1	0	0	0	0	2	1	2	5	0	0	11	0	2	0	6	0	3	1	3	1	3	20	0	0	0	0	0	0	0	0	0	0	0	0	0	0	1	0	6	7	0	0	3	3	4	0	0	0	1	0	0	0	0	0	2	4	1	1	3	3	0	0	0	0	0
OTU3535	0	0	0	0	0	0	0	0	0	0	0	0	0	1	0	0	0	0	0	0	0	0	0	0	0	0	0	0	0	0	0	0	0	0	0	0	1	0	0	0	0	0	0	9	4	0	0	1	0	1	0	9	1	0	0	0	0	7	5	0	0	0	0	0	0	0	1	15	0	0	0	9	0	1	0	0	2	0	2	0	4	0	0	0	0	2	0	2	2	1	0	0	0	4	0	2	0	0	0	0	0	20
OTU3536	0	0	0	0	0	0	0	0	0	0	0	0	0	0	0	0	0	0	0	0	0	0	0	0	0	0	0	0	0	0	0	0	0	0	0	0	0	0	0	0	0	0	0	0	0	25	0	0	0	0	0	0	0	0	10	0	10	0	2	0	0	0	0	0	0	0	0	0	0	0	0	0	0	3	0	0	0	0	0	0	0	0	0	0	0	0	0	0	0	0	0	0	6	0	0	0	0	0	0	0	0	0
OTU3537	0	1	0	0	0	0	0	0	0	0	0	0	0	0	0	0	0	0	0	0	1	0	0	0	0	0	0	0	0	0	0	0	0	0	0	0	0	0	0	0	0	2	0	0	0	8	0	0	0	0	0	6	1	0	0	0	0	1	0	0	0	0	0	0	0	0	0	0	0	0	0	0	0	0	0	0	1	0	0	0	1	1	0	3	0	0	0	0	2	0	3	0	0	6	0	1	0	0	0	0	0	0
OTU3538	0	0	0	0	0	0	0	0	0	0	0	0	0	0	0	0	0	0	1	0	0	0	0	0	0	0	0	0	0	0	0	0	0	0	0	0	0	0	0	0	0	0	0	0	0	0	18	1	0	36	0	0	0	0	0	0	0	0	0	0	2	0	0	0	0	0	0	0	0	0	0	0	0	0	0	0	0	1	0	0	0	0	1	0	0	0	0	3	0	0	26	1	0	0	0	1	0	0	0	0	1	0
OTU3539	0	0	0	0	0	0	0	0	0	0	0	0	0	0	0	0	0	0	0	0	0	0	0	0	0	0	0	0	0	0	3	0	0	0	0	1	0	0	0	0	1	0	0	0	0	0	5	4	10	0	0	0	0	6	2	0	0	0	0	0	0	0	0	0	0	0	1	0	1	0	0	0	9	17	0	0	0	0	7	2	4	0	3	0	0	7	0	0	0	5	0	0	0	1	0	0	0	0	0	0	0	0
OTU354	0	0	1	0	0	1	2	2	0	0	0	0	0	0	0	0	0	0	2	0	2	2	0	5	1	6	0	0	0	2	0	1	3	4	8	0	2	1	1	0	3	2	1	62	10	0	4	42	3	1	0	0	2	0	13	55	26	23	160	2	3	1	0	1	293	226	287	120	43	0	3	1	0	4	0	2	3	0	0	0	0	3	1	1	0	7	0	1	0	0	0	1	105	4	32	9	38	6	158	314	218	169
OTU3540	0	0	0	0	0	0	0	1	0	0	0	0	0	0	0	0	0	0	0	0	0	0	0	0	2	0	0	0	0	0	0	1	0	0	0	0	0	0	0	0	0	2	0	0	0	2	0	0	47	0	0	0	0	0	1	0	0	0	0	0	0	0	0	0	0	0	0	0	0	0	0	0	0	5	0	2	0	0	1	0	0	0	0	0	0	0	0	0	0	0	0	5	0	1	0	0	1	0	0	0	0	1
OTU3541	0	0	0	0	0	0	0	0	0	0	0	0	0	0	0	0	0	0	0	0	0	0	0	0	0	0	0	1	0	0	0	0	0	0	0	0	0	0	0	0	0	1	0	0	2	0	0	0	0	0	0	8	0	0	0	0	0	0	1	0	0	0	0	0	0	0	0	0	0	2	5	1	2	6	0	0	0	0	1	0	0	3	0	0	0	0	0	0	0	0	3	12	0	0	0	0	0	0	0	0	0	0
OTU3542	0	0	0	0	0	0	0	0	0	0	0	0	0	0	0	0	0	0	0	0	0	0	0	0	0	0	3	0	0	4	1	0	0	0	0	0	0	0	5	0	0	2	0	0	0	3	0	0	5	0	0	2	1	3	0	0	0	0	0	0	0	0	0	0	0	0	0	0	0	0	0	0	0	3	0	4	0	0	0	8	0	0	0	0	0	1	4	0	0	0	4	6	0	1	0	0	0	0	0	0	0	0
OTU3543	0	1	0	0	0	0	0	0	0	0	0	0	0	0	0	0	0	0	0	0	0	0	0	0	0	0	0	0	0	0	0	0	0	0	0	0	0	1	0	0	0	1	0	0	0	0	0	0	0	0	0	0	0	12	1	0	0	0	4	0	0	0	0	0	0	0	0	0	0	0	0	0	0	1	0	0	0	0	0	0	0	0	0	16	0	0	0	0	0	0	0	0	0	1	23	0	0	0	0	1	0	14
OTU3544	0	0	0	0	0	0	0	0	0	0	0	0	0	0	0	0	0	0	0	0	0	0	0	0	0	0	0	0	0	1	0	0	0	0	0	0	0	0	2	0	0	0	0	0	0	0	0	6	0	0	0	0	1	4	1	2	0	1	4	0	0	2	0	0	0	0	0	0	0	0	0	0	0	0	0	0	0	0	0	0	0	0	0	0	0	7	0	0	0	0	0	0	0	0	0	5	1	9	24	2	0	10
OTU3545	0	0	0	0	0	0	0	0	0	0	0	0	0	0	0	0	0	0	0	0	0	0	0	0	0	0	0	0	0	0	0	0	0	0	0	0	0	0	0	0	0	5	0	0	0	0	1	0	0	0	0	0	0	0	0	0	13	0	0	0	0	0	0	0	0	0	3	0	0	0	0	0	0	0	0	0	0	0	0	0	0	0	0	1	0	0	0	0	0	0	20	0	0	0	0	0	0	0	0	0	0	0
OTU3546	0	0	0	0	0	0	0	0	0	0	0	0	0	0	0	0	0	0	0	0	1	0	0	0	0	0	0	0	8	0	0	0	0	0	0	0	0	0	0	0	0	0	1	0	0	0	0	2	0	0	0	1	0	0	8	0	38	1	0	0	0	0	0	0	0	1	0	40	0	0	0	0	6	0	0	0	0	0	0	4	0	0	0	0	0	7	0	0	0	0	0	2	0	0	0	0	0	0	3	0	0	0
OTU3547	0	0	0	0	0	0	0	0	0	0	0	0	0	0	0	0	0	0	0	0	0	0	0	0	0	0	0	0	0	0	0	0	0	0	0	0	0	0	0	0	0	0	0	0	0	0	0	0	0	1	0	0	0	0	0	0	0	32	0	0	1	0	0	0	0	0	0	1	0	0	0	0	0	0	0	0	2	0	0	0	0	0	2	0	0	0	0	0	0	0	0	0	0	0	0	0	0	0	0	0	0	0
OTU3548	0	0	0	0	0	0	0	0	0	0	0	0	0	0	0	0	0	0	0	0	0	0	0	0	0	0	0	0	0	0	0	0	0	0	0	0	0	0	0	0	0	0	0	0	0	0	0	0	0	0	0	0	0	0	0	0	0	1	0	0	0	0	0	0	0	0	0	49	0	0	0	0	0	0	0	0	0	0	0	0	0	0	0	0	0	0	0	0	0	0	0	0	0	0	0	0	0	0	0	0	0	0
OTU3549	0	0	0	0	0	0	0	0	0	0	0	0	0	0	0	0	0	0	0	0	0	0	0	0	0	0	0	0	0	0	0	0	0	0	0	0	0	0	0	0	0	0	0	0	0	0	0	0	0	0	0	0	0	0	0	0	0	0	0	0	0	0	0	0	31	4	12	7	0	0	0	0	0	0	0	0	0	0	0	0	0	0	0	0	0	0	0	0	0	0	0	0	0	0	0	0	0	0	0	0	0	0
OTU355	0	0	0	0	0	2	3	5	1	4	0	5	0	3	0	0	0	0	11	0	4	0	0	0	9	6	43	20	6	14	33	2	8	2	10	1	8	17	15	0	39	29	33	20	25	44	9	91	17	11	8	117	16	15	44	31	27	11	36	1	4	4	3	4	278	150	391	202	232	3	7	7	26	33	28	14	5	9	22	11	12	41	41	24	30	43	3	26	13	33	44	8	37	30	77	58	51	156	196	56	532	499
OTU3550	0	0	0	0	0	0	0	0	0	0	0	0	0	0	0	0	0	0	0	0	0	0	0	0	0	0	0	0	0	0	0	0	0	0	0	0	0	0	0	0	0	0	0	0	0	0	0	0	0	0	0	0	0	0	0	0	0	0	0	0	0	0	0	0	26	0	0	0	0	0	0	0	0	0	0	0	0	0	0	0	0	0	0	0	0	0	0	0	0	0	0	0	0	0	0	0	0	0	0	0	0	0
OTU3551	0	0	0	0	0	0	0	0	0	0	0	3	0	0	0	0	0	0	0	0	0	0	0	0	0	0	0	0	0	0	0	0	0	0	0	0	0	0	0	0	0	0	0	0	0	0	0	0	0	0	0	0	0	0	0	0	0	0	1	0	0	0	0	0	5	2	0	0	9	0	0	0	0	0	0	0	0	1	0	0	0	0	0	0	0	0	1	0	0	0	0	0	0	0	0	1	0	0	5	0	24	8
OTU3552	0	0	0	0	0	0	0	0	0	0	0	0	0	0	0	0	0	0	0	0	0	0	0	0	0	0	0	0	0	0	0	0	0	0	0	0	0	0	0	0	0	0	0	0	0	0	0	0	0	0	0	0	0	0	0	0	0	0	1	0	0	0	0	0	15	2	7	0	3	0	0	0	0	0	0	0	0	0	0	0	0	0	0	0	0	0	0	0	0	0	0	0	0	0	0	0	0	0	6	0	12	0
OTU3553	0	0	0	0	0	0	0	0	0	0	0	0	0	0	0	0	0	0	0	0	0	0	0	0	0	1	0	0	0	0	0	0	0	0	0	0	0	0	0	0	0	0	0	0	0	0	0	0	0	0	0	0	0	0	0	0	0	0	0	0	0	0	0	0	34	0	21	18	0	0	0	0	0	0	0	0	0	0	0	0	0	0	0	0	0	0	0	0	0	0	0	0	0	0	0	0	0	0	0	0	0	0
OTU3554	0	0	0	0	0	0	1	0	0	0	0	1	0	0	0	0	0	0	0	0	0	0	0	0	0	0	0	0	0	0	0	0	1	0	2	0	0	0	0	0	0	0	0	0	0	0	0	0	0	0	0	0	0	0	0	0	0	0	0	0	0	0	0	0	1	33	0	18	0	0	0	0	0	0	0	0	0	0	0	0	0	0	0	0	0	0	0	0	0	0	0	0	0	0	0	2	0	0	9	2	39	0
OTU3555	0	0	0	0	0	0	0	0	0	0	0	0	0	0	0	0	0	0	0	0	0	0	0	0	0	0	0	0	0	0	0	0	0	0	0	0	0	0	0	0	0	0	0	0	0	0	0	0	0	0	0	0	0	0	0	0	0	0	0	0	0	0	0	0	16	1	17	0	0	0	0	0	0	0	0	0	0	0	0	0	0	0	0	0	0	0	0	0	0	0	0	0	0	0	0	0	0	0	0	0	1	0
OTU3556	0	0	0	0	0	0	0	0	0	0	0	0	0	0	0	0	0	0	0	0	0	0	0	0	0	0	0	0	0	0	0	0	0	0	0	0	0	0	0	0	0	0	0	0	0	0	0	0	0	0	0	0	0	0	0	0	0	0	0	0	0	0	0	0	0	29	0	0	0	0	0	0	0	0	0	0	0	0	0	0	0	0	0	0	0	0	0	0	0	0	0	0	0	0	0	0	0	0	0	0	0	0
OTU3557	0	0	0	0	0	0	0	0	0	0	0	0	0	0	0	0	0	0	0	0	0	0	0	0	0	0	0	0	0	0	0	0	0	0	0	0	0	0	0	0	0	0	0	0	0	0	0	0	0	0	0	0	0	0	0	5	0	0	0	3	0	0	0	0	0	27	0	0	0	0	0	0	0	0	0	0	0	0	0	0	0	0	0	0	0	0	0	0	0	0	0	0	0	0	0	0	0	0	0	0	0	0
OTU3558	0	0	0	0	0	0	0	0	0	0	0	0	0	0	0	0	0	0	0	0	0	0	0	0	0	0	0	0	0	0	0	0	0	0	0	0	0	0	0	0	0	0	0	0	0	0	0	0	0	0	0	0	0	0	0	0	0	0	0	0	0	0	0	0	0	33	0	0	0	0	0	0	0	0	0	0	0	0	0	0	0	0	0	0	0	0	0	0	0	0	0	0	0	0	0	0	0	0	0	0	0	0
OTU3559	0	0	0	0	0	0	0	0	0	0	0	0	0	0	0	0	0	0	0	0	0	0	0	0	0	0	0	0	0	0	0	0	0	0	0	0	0	0	0	0	0	0	0	0	0	0	0	0	0	0	0	0	0	0	0	0	0	0	0	0	0	0	0	0	1	0	36	0	0	0	0	0	0	0	0	0	0	0	0	0	0	0	0	0	0	0	0	0	0	0	0	0	0	0	0	0	0	0	0	0	0	0
OTU356	0	0	0	0	0	0	2	5	1	0	0	0	0	1	0	0	0	0	1	0	3	2	0	0	2	0	2	0	0	25	0	0	3	3	5	4	0	0	0	0	0	0	0	2	0	15	69	9	0	0	0	3	0	7	14	5	25	15	24	1	0	0	0	2	407	233	411	142	320	0	0	0	0	1	0	0	0	0	4	0	0	5	2	2	2	35	3	0	1	0	0	0	18	7	7	10	3	309	121	171	303	96
OTU3560	0	0	0	0	0	0	0	0	0	0	0	0	0	0	0	0	0	0	0	0	0	0	0	0	0	0	0	0	0	0	0	0	0	0	0	0	0	0	0	0	0	0	0	0	0	0	0	0	0	0	0	0	0	0	0	0	1	0	0	0	0	0	0	0	0	0	38	0	0	0	0	0	0	0	0	0	0	0	0	0	0	0	0	0	0	0	0	0	0	0	0	0	0	0	0	0	0	0	0	0	0	0
OTU3561	0	0	0	0	2	0	0	0	0	0	0	0	1	0	0	0	0	0	0	0	0	0	0	0	0	0	0	0	0	0	0	0	0	0	0	2	0	0	3	0	0	0	0	0	0	0	0	4	1	0	0	1	0	0	0	0	5	0	1	2	0	0	0	0	0	0	43	0	0	0	0	0	0	5	0	0	1	0	0	2	0	1	0	0	0	0	1	0	0	4	0	0	0	0	0	6	0	0	0	0	2	0
OTU3562	0	0	0	0	0	0	0	0	0	0	0	0	0	0	0	0	0	0	0	0	0	0	0	0	0	0	0	0	0	0	0	0	0	0	0	0	0	0	0	0	0	0	0	0	0	0	0	0	0	0	0	0	0	0	0	0	0	0	0	0	0	0	0	0	9	0	38	1	0	0	0	0	0	0	0	0	0	0	0	0	0	0	0	0	0	0	0	0	0	0	0	0	0	0	0	0	0	0	0	0	0	0
OTU3563	0	0	0	0	0	0	0	0	0	0	0	0	0	0	0	0	0	0	0	0	0	0	0	0	0	0	0	0	0	0	0	0	0	0	1	0	0	0	0	0	0	0	0	0	0	0	0	0	0	0	0	0	0	0	1	0	2	0	0	0	0	0	0	0	3	0	14	2	10	0	0	0	0	0	0	0	0	0	0	0	0	0	0	0	0	0	0	0	0	0	0	0	0	0	0	0	0	0	0	0	0	1
OTU3564	0	0	0	0	0	0	0	0	0	0	0	0	0	0	0	0	0	0	0	0	0	0	0	0	0	0	0	0	0	0	0	0	0	0	0	0	0	0	0	0	0	0	0	0	0	0	0	0	0	0	0	0	0	0	0	0	0	0	0	0	0	0	0	0	0	0	20	0	0	0	0	0	0	0	0	0	0	0	0	0	0	0	0	0	0	0	0	0	0	0	0	0	0	0	0	0	0	0	0	0	0	0
OTU3565	0	0	0	3	0	0	0	0	0	0	0	0	0	0	0	0	0	0	0	0	0	1	1	0	2	0	0	0	0	0	0	0	2	0	0	0	0	0	0	0	3	0	0	0	0	0	1	0	0	0	0	0	0	0	0	0	2	0	3	0	0	0	0	0	6	37	190	6	150	0	0	0	0	0	0	0	2	0	0	0	1	2	0	0	0	4	0	0	2	0	0	0	0	2	0	0	0	0	144	0	0	0
OTU3566	0	0	0	0	0	0	0	0	1	0	0	1	0	0	0	0	0	0	1	0	0	0	0	0	0	0	1	0	0	3	0	0	0	0	0	0	0	0	0	0	0	0	0	0	0	0	0	0	0	0	0	0	0	0	3	0	0	0	2	1	1	0	0	1	6	0	3	0	38	0	0	0	0	0	1	0	0	2	0	0	0	1	2	0	0	0	0	0	0	0	0	0	0	1	0	3	0	0	3	0	3	0
OTU3567	0	0	0	0	0	0	0	0	0	0	0	0	0	0	0	0	0	0	0	0	0	0	0	0	0	0	0	0	0	0	0	0	0	0	0	0	0	2	0	0	0	0	0	0	0	0	0	0	0	0	0	0	0	0	0	0	2	1	1	0	0	0	0	0	3	0	19	31	0	0	0	0	0	0	0	0	0	0	0	0	0	0	0	0	0	0	0	0	0	0	0	0	0	0	0	0	0	0	0	0	0	0
OTU3568	0	0	0	0	0	0	0	0	0	0	0	0	0	0	4	0	0	0	0	0	0	0	0	0	0	0	0	1	0	0	0	0	0	0	0	0	0	0	0	0	0	0	0	0	0	0	0	0	0	0	0	1	0	0	0	0	1	0	1	1	4	0	2	0	15	15	30	8	99	0	0	0	0	1	0	0	0	0	0	0	0	8	0	0	7	0	0	0	0	0	0	0	1	2	3	1	1	45	32	0	27	66
OTU3569	0	0	0	0	0	0	0	0	0	0	0	0	0	0	0	0	0	0	0	0	0	0	0	0	0	0	0	0	0	0	0	0	0	0	0	0	6	0	0	0	29	0	0	0	0	0	0	0	0	1	0	0	19	0	0	0	0	0	0	0	0	0	0	0	0	9	4	1	31	0	0	0	0	0	0	0	0	4	0	12	4	0	1	0	0	0	0	0	0	0	0	0	1	0	0	1	0	0	0	0	3	0
OTU357	0	3	0	2	0	0	0	5	0	1	0	4	0	1	1	1	0	0	31	0	14	1	0	1	4	2	3	3	0	26	2	1	24	3	2	0	4	4	1	0	12	994	360	42	578	68	6	2	24	3	3	9	10	37	8	31	34	55	9	5	0	0	4	6	1	9	29	6	28	4	0	28	10	5	126	4	10	5	59	37	36	78	19	20	30	19	9	5	1	15	6	6	10	30	33	36	34	1	578	36	267	204
OTU3570	0	0	0	0	0	0	0	0	0	0	0	0	0	0	0	0	0	0	0	0	0	0	0	0	0	0	0	0	0	0	0	0	0	0	0	0	0	0	0	0	4	0	0	0	0	0	0	0	0	0	0	0	0	0	4	0	0	0	0	0	0	0	0	0	0	0	0	0	46	0	0	0	0	0	0	0	0	0	0	0	0	0	0	0	1	0	0	0	0	0	0	0	0	0	0	0	0	0	0	0	0	0
OTU3571	0	0	0	0	0	0	0	0	0	0	0	0	0	0	0	0	0	0	0	0	0	0	0	0	0	0	0	1	0	0	0	0	0	0	0	0	0	1	0	0	2	0	0	5	4	3	0	0	1	0	0	0	0	0	0	0	2	4	0	0	0	0	0	0	0	0	0	0	39	0	0	0	0	0	0	5	0	0	0	0	0	2	0	0	0	1	5	0	0	0	1	0	0	0	0	0	0	0	0	0	0	0
OTU3572	0	0	0	0	0	0	0	0	0	0	0	0	0	0	0	0	0	0	0	0	0	0	0	0	0	0	0	0	0	0	0	0	0	0	0	0	0	0	0	0	0	0	3	0	0	0	0	0	0	0	0	0	0	0	0	0	0	1	0	0	0	0	0	0	0	0	4	0	6	0	0	0	0	0	0	0	0	0	0	0	0	0	0	0	0	0	0	0	0	0	0	0	0	0	0	1	0	0	0	0	31	0
OTU3573	0	0	0	0	0	0	0	0	0	0	0	0	0	0	0	0	0	0	0	0	0	0	0	0	0	0	0	0	0	0	0	0	0	0	0	0	0	0	0	0	0	0	0	0	0	0	0	0	0	0	0	0	0	0	0	0	0	0	0	0	0	0	0	0	0	0	0	0	0	5	0	0	0	2	0	0	24	0	0	0	0	0	0	0	0	0	0	0	0	0	0	0	0	0	0	0	0	0	0	0	0	0
OTU3574	0	0	0	0	0	0	0	0	0	0	0	0	0	0	0	1	0	0	0	0	0	0	0	0	0	0	0	4	0	0	2	0	0	0	0	0	0	0	1	0	2	0	1	0	3	0	0	0	0	0	0	0	0	0	0	0	0	0	0	0	0	0	0	0	0	0	0	0	0	1	0	4	4	1	24	0	0	7	10	0	2	1	0	0	0	0	0	0	0	1	0	3	0	0	0	0	0	0	0	0	0	0
OTU3575	0	0	0	0	0	0	0	0	0	0	0	0	0	0	0	0	0	0	0	0	0	0	0	0	0	0	0	0	0	0	0	0	0	0	0	0	0	0	0	0	0	0	0	0	0	0	0	0	0	0	0	0	0	0	0	0	0	0	0	0	0	0	0	0	0	0	0	0	0	1	3	0	2	0	7	0	0	0	0	0	0	0	0	0	0	0	0	0	0	0	0	1	0	3	0	0	4	0	0	0	0	19
OTU3576	0	0	0	0	0	0	0	0	0	0	0	0	0	0	0	0	0	0	0	0	0	0	0	0	0	0	0	0	0	0	0	0	0	0	0	0	0	0	0	0	0	0	0	0	0	0	0	0	0	0	0	0	0	0	0	0	0	0	0	0	0	0	0	0	0	0	0	0	0	0	0	0	0	0	26	0	0	0	0	0	0	0	0	0	0	0	0	0	0	0	0	0	0	0	0	0	0	0	0	0	0	0
OTU3577	0	0	0	0	0	0	0	0	0	0	0	0	0	0	0	0	0	0	0	0	0	0	0	0	0	0	0	0	0	0	0	0	0	0	0	0	0	0	0	0	0	0	0	0	0	0	0	0	0	0	0	0	0	0	0	0	0	0	0	0	0	0	0	0	0	0	0	0	0	0	0	0	0	0	43	0	0	0	0	0	0	0	0	0	0	0	0	0	0	0	0	0	0	0	3	0	0	0	0	0	0	0
OTU3578	0	0	0	0	0	0	0	0	0	0	0	0	0	0	0	0	0	0	0	0	0	0	0	0	0	0	0	0	0	0	0	0	0	0	0	0	0	0	0	0	0	0	0	0	0	0	0	0	0	0	0	0	0	0	0	0	0	0	0	1	0	0	0	0	0	0	0	0	0	0	0	1	0	0	0	0	59	2	0	0	0	0	0	0	0	0	0	0	0	0	0	0	0	0	0	0	0	0	0	0	0	0
OTU3579	0	0	0	0	0	0	0	0	0	0	0	0	0	0	0	0	0	0	0	0	0	0	0	0	0	0	0	0	0	13	0	0	0	0	0	0	0	0	0	0	0	0	0	0	0	0	0	0	0	0	0	0	0	2	0	0	0	0	0	0	0	0	0	0	0	0	0	0	0	0	0	0	0	0	0	0	0	0	1	0	62	1	0	0	0	0	0	0	0	0	0	0	0	0	1	0	0	0	0	0	0	0
OTU358	0	4	2	2	0	0	0	0	0	0	0	3	0	1	0	0	1	1	0	0	0	0	0	0	0	0	1	4	3	0	0	0	0	0	0	9	4	3	8	3	3	1	1	1	8	1	1	318	0	4	1	348	0	9	6	4	13	10	158	0	16	0	1	6	0	0	14	1	8	1	0	2	3	12	4	4	13	6	4	2	4	5	687	5	65	150	1	2	0	4	4	1	261	0	5	7	797	7	0	0	0	14
OTU3580	0	0	0	0	0	0	0	0	0	0	0	0	0	0	0	0	0	0	0	0	0	0	0	0	0	0	1	0	0	0	0	0	0	0	0	0	0	0	0	0	0	0	0	0	0	0	0	0	0	0	0	0	0	0	0	0	0	0	0	0	0	0	0	0	0	0	0	0	0	0	0	0	0	0	0	1	0	0	0	0	0	0	5	0	8	0	0	0	0	0	0	0	0	9	0	34	0	0	0	0	0	0
OTU3581	0	0	0	0	0	0	0	0	0	0	0	0	0	0	0	0	0	0	0	0	0	0	0	0	0	0	0	0	0	0	0	0	0	0	0	0	0	0	0	0	0	0	0	0	0	0	0	0	0	0	0	0	0	0	0	0	0	0	0	0	0	0	0	0	0	0	0	0	0	0	0	0	0	0	0	0	0	0	0	0	0	0	0	0	0	0	0	0	0	0	0	0	0	26	0	0	0	0	0	0	0	0
OTU3582	0	0	0	0	0	0	0	0	0	0	0	0	0	0	0	0	0	0	0	0	0	0	0	0	0	0	0	0	0	0	0	0	0	0	0	0	0	0	0	0	0	0	0	0	0	0	0	0	0	0	0	0	0	0	0	0	0	0	0	0	0	0	0	0	0	0	0	0	0	0	0	0	0	0	0	0	0	0	0	0	0	0	0	0	0	0	0	0	0	0	0	0	0	2	0	5	0	1	15	0	30	0
OTU3583	0	0	0	0	0	0	0	0	0	0	0	0	0	1	0	0	0	0	0	0	0	0	0	0	0	0	2	10	0	17	0	0	0	0	0	0	0	0	0	0	0	0	0	0	0	0	2	3	0	0	0	0	0	0	2	0	0	0	0	0	0	0	0	0	0	0	0	0	0	0	0	0	0	0	0	0	0	0	0	0	2	0	0	0	4	0	0	0	0	1	0	0	0	2	2	6	0	0	11	0	4	19
OTU3584	0	0	0	0	0	0	0	0	0	0	0	0	0	0	0	0	0	0	0	0	0	0	0	0	0	0	0	0	0	0	0	0	0	0	0	0	0	0	0	0	0	0	0	0	0	0	0	0	0	0	0	0	0	0	0	0	0	0	0	0	0	0	0	0	0	0	0	0	0	0	0	0	0	0	0	0	0	0	0	0	0	0	0	0	0	0	0	0	0	0	0	0	0	0	0	1	0	0	27	0	12	0
OTU3585	0	0	0	0	0	0	0	0	0	0	0	0	0	0	0	0	0	0	0	0	0	0	0	0	0	0	0	0	0	0	0	0	0	0	0	0	0	0	0	0	0	0	0	0	0	0	0	0	0	0	0	0	0	0	0	0	0	0	0	0	0	0	0	0	0	0	0	0	0	0	0	0	0	0	0	0	0	0	0	0	0	0	0	0	0	0	0	0	0	0	0	0	0	0	0	0	4	0	0	0	0	56
OTU3586	0	0	0	0	0	0	1	1	0	0	0	0	0	0	0	0	0	0	0	0	0	0	0	0	0	0	0	0	0	0	0	0	0	0	0	1	0	0	0	0	0	0	0	0	0	0	0	0	0	0	0	0	0	0	0	0	0	0	0	0	0	0	0	0	0	0	0	0	0	0	0	0	0	0	0	0	0	0	0	0	0	0	0	0	0	0	0	0	0	0	0	0	0	0	0	1	0	28	0	0	15	0
OTU3587	0	0	0	0	0	0	0	0	0	0	0	0	0	0	0	0	0	0	0	0	0	0	0	0	0	0	0	0	0	0	0	0	0	0	0	0	0	0	0	0	0	0	0	0	0	0	0	0	0	0	0	0	0	0	0	0	0	0	0	0	0	0	0	0	0	0	0	0	0	0	0	0	0	0	0	0	0	0	0	0	0	0	0	0	0	0	0	0	0	0	0	0	0	0	0	0	0	0	36	0	0	0
OTU3588	0	0	0	0	0	0	0	0	0	0	0	0	0	0	0	0	0	0	0	0	0	0	0	0	0	0	0	0	0	0	0	0	0	0	0	0	0	0	0	0	0	0	0	0	0	0	0	0	0	0	0	0	0	0	0	0	0	0	0	0	0	0	0	0	0	0	0	0	0	0	0	0	0	0	0	0	0	0	0	0	0	0	0	0	0	0	0	0	0	0	0	0	0	0	0	0	0	0	36	0	0	0
OTU3589	0	0	0	0	0	0	0	0	0	0	0	0	0	0	0	0	0	0	0	0	0	0	0	0	0	0	0	0	0	0	0	0	0	0	0	0	0	0	0	0	0	0	0	0	0	0	0	0	0	0	0	0	0	0	0	0	0	0	0	0	0	0	0	0	0	0	0	0	0	0	0	0	0	0	0	0	0	0	0	0	0	0	0	0	0	0	0	0	0	0	0	0	0	0	0	0	0	0	36	0	0	0
OTU359	0	0	0	0	0	0	6	1	0	1	0	0	0	0	0	0	0	0	1	0	0	3	0	0	13	0	9	20	27	29	7	0	0	0	2	0	46	2	12	0	399	20	41	33	36	3	8	8	13	86	275	91	14	49	20	9	10	10	8	2	0	0	0	0	0	0	9	4	0	13	5	36	7	6	7	158	6	370	132	12	151	13	15	15	16	16	30	17	26	13	7	81	7	11	3	14	9	0	0	2	0	1
OTU3590	0	0	0	0	0	0	0	0	0	0	0	0	0	0	0	0	0	0	1	0	1	1	0	0	0	0	0	5	0	0	0	0	0	0	0	0	0	4	0	0	1	0	0	0	1	0	0	2	0	0	0	0	0	0	0	0	0	0	0	0	0	0	0	0	0	0	0	0	3	0	0	0	0	3	0	0	0	0	0	0	2	1	0	0	0	0	0	1	0	0	0	0	0	0	0	3	2	0	12	4	7	9
OTU3591	0	0	0	0	0	0	1	0	0	0	0	0	0	0	0	0	0	0	0	0	0	0	0	0	0	0	0	0	0	0	0	0	0	0	0	0	0	0	0	0	0	0	0	0	0	0	0	0	0	0	0	0	0	0	0	0	0	0	0	0	0	0	0	0	0	0	0	0	0	0	0	0	0	0	0	0	0	0	0	0	0	0	0	0	0	0	0	0	0	0	0	0	0	1	0	0	0	0	32	0	0	0
OTU3592	0	0	0	0	0	0	0	0	0	0	0	0	0	0	0	0	0	0	0	0	0	0	0	0	0	0	0	0	0	0	0	0	0	0	0	0	0	0	0	0	0	0	0	0	0	0	0	0	0	0	0	0	0	0	0	0	0	0	0	0	0	0	0	0	0	0	0	0	0	0	0	0	0	0	0	0	0	0	0	0	0	0	0	0	0	0	0	0	0	0	0	0	0	2	0	0	0	0	41	0	33	1
OTU3593	0	0	0	0	0	0	0	0	0	0	0	0	0	0	0	0	0	0	0	0	0	0	0	0	0	1	0	0	0	0	0	0	0	0	0	0	0	0	0	0	0	0	0	0	0	0	0	0	0	0	0	0	0	0	0	0	0	0	0	0	0	0	0	0	0	0	0	0	0	0	0	0	0	0	0	0	0	0	0	0	0	0	0	0	0	0	0	0	0	0	0	0	0	2	0	0	0	0	48	0	0	0
OTU3594	0	0	0	0	0	0	0	0	0	0	0	0	0	0	0	0	0	0	0	0	0	0	0	0	0	0	0	0	0	0	0	0	0	0	0	0	0	0	0	0	0	0	0	0	0	0	0	0	0	0	0	0	0	0	0	0	0	0	0	0	0	0	0	0	0	0	2	0	0	0	0	0	0	0	0	0	0	0	0	0	0	0	0	0	0	0	0	0	0	0	0	0	0	0	0	0	0	0	108	0	5	0
OTU3595	0	0	0	0	0	0	0	0	0	0	0	0	0	0	0	0	0	0	0	0	0	0	0	0	0	0	0	0	0	0	0	0	0	0	0	0	0	0	0	0	0	0	0	0	0	0	0	0	0	0	0	0	0	0	0	0	0	0	0	0	0	0	0	0	0	0	1	0	0	0	0	0	0	0	0	0	0	0	0	0	0	0	0	0	0	0	0	0	0	0	0	0	0	0	0	0	0	0	68	0	0	0
OTU3596	0	0	0	0	0	0	0	0	0	0	0	0	0	0	0	0	0	0	0	0	0	0	0	0	0	0	0	0	0	0	0	0	0	0	0	0	0	0	0	0	0	0	0	0	0	0	0	0	0	0	0	0	0	0	0	0	0	0	0	0	0	0	0	0	0	0	0	0	0	0	0	0	0	0	0	0	0	0	0	0	0	0	0	0	0	0	0	0	0	0	0	0	0	0	0	0	0	0	0	29	0	0
OTU3597	0	0	0	0	0	0	0	0	0	0	0	0	0	0	0	0	0	0	0	0	0	0	0	0	0	0	0	0	0	0	0	0	0	0	0	0	0	0	0	0	0	0	0	0	0	0	0	0	0	0	0	0	0	0	0	0	0	0	0	0	0	0	0	0	0	0	0	0	0	0	0	0	0	0	0	0	0	0	0	0	0	0	0	0	0	0	0	0	0	0	0	0	0	0	0	0	0	0	0	28	0	0
OTU3598	0	0	0	0	0	0	0	0	0	0	0	0	0	0	0	0	0	0	0	0	0	0	0	0	0	0	0	0	0	0	0	0	0	0	0	0	0	0	0	0	0	0	0	0	0	0	0	0	0	0	0	0	0	0	0	0	0	0	0	0	0	0	0	0	0	0	0	0	0	0	0	0	0	0	0	0	0	0	0	0	0	0	0	0	0	0	0	0	0	0	0	0	0	0	0	0	0	0	0	51	0	0
OTU3599	0	0	0	0	0	0	0	0	0	0	0	0	0	0	0	0	0	0	0	0	0	0	0	0	0	0	0	0	0	0	0	0	0	0	0	0	0	0	0	0	0	0	0	0	0	0	0	0	0	0	0	0	0	0	0	0	0	0	0	0	0	0	0	0	0	0	0	0	0	0	0	0	0	0	0	0	0	0	0	0	0	0	0	0	0	0	0	0	0	0	0	0	0	0	0	0	0	0	0	29	0	0
OTU36	0	7	0	4	5	8	20	16	3	764	1	11	0	0	1037	1	9	7	10	2	10	8	2	16	6	6	1079	377	4364	119	909	7	28	24	48	0	679	340	1052	8	272	151	169	243	108	1214	222	20	25	437	111	211	116	90	146	97	2706	81	106	15	3	13	3	12	18	3	67	9	585	913	2239	239	80	472	538	283	1009	371	73	418	476	390	33	258	127	36	852	510	1038	121	219	608	54	100	84	403	56	4	7	1	9	3
OTU360	0	0	0	0	0	0	0	0	0	0	0	0	0	1	0	0	0	0	0	0	0	0	0	0	0	0	4	7	0	0	1	0	29	0	0	0	0	0	0	0	0	0	0	3	1127	0	0	4	0	0	2	3	0	6	4	2	23	786	2	0	0	0	0	0	0	0	0	24	0	0	2	1	0	0	0	1	21	8	2	5	1	3	1	1	0	3	4	1	0	0	0	2	4	0	1	6	0	0	0	0	0	0
OTU3600	0	0	0	0	0	0	0	0	0	0	0	0	0	0	0	0	0	0	0	0	0	0	0	0	0	0	0	0	0	3	3	0	0	0	0	0	0	3	0	0	5	1	0	1	0	0	3	0	1	0	2	1	0	3	0	1	1	5	5	0	0	0	0	0	0	0	0	0	7	0	0	0	0	0	0	0	0	1	0	1	0	0	0	0	2	14	0	3	0	0	0	1	1	5	3	1	11	0	0	25	0	0
OTU3601	0	0	0	0	0	0	0	0	0	0	0	0	0	0	0	0	0	0	0	0	0	0	0	0	0	0	0	0	0	0	0	0	0	0	0	0	0	0	0	0	0	0	0	0	0	0	0	0	0	0	0	0	0	0	0	0	0	0	0	0	0	0	0	0	0	0	0	0	0	0	0	0	0	0	0	0	0	0	0	0	0	0	0	0	0	0	0	0	0	0	0	0	0	0	0	0	0	0	0	36	0	0
OTU3602	0	0	0	0	0	0	0	0	0	0	0	0	0	0	0	0	0	0	0	0	0	0	0	0	0	0	0	0	0	0	0	0	0	0	0	0	0	0	0	0	0	0	0	0	0	0	0	0	0	0	0	0	0	0	0	0	0	0	0	0	0	0	0	0	0	0	0	0	0	0	0	0	0	0	0	0	0	0	0	0	0	0	0	0	0	0	0	0	0	0	0	0	0	0	0	0	0	0	0	26	0	0
OTU3603	0	0	0	0	0	0	0	0	0	0	0	0	0	0	0	0	0	0	0	0	0	0	0	0	0	0	0	0	0	0	0	0	0	0	0	0	0	0	0	0	0	0	0	0	0	0	0	0	0	0	0	0	0	0	0	0	0	0	0	0	0	0	0	0	0	0	0	0	0	0	0	0	0	0	0	0	0	0	0	0	0	0	0	0	0	0	0	0	0	0	0	0	0	0	0	0	0	0	0	54	0	0
OTU3604	0	0	0	0	0	0	0	0	0	0	0	0	0	0	0	0	0	0	0	0	0	0	0	0	0	0	0	0	0	0	0	0	0	0	0	0	0	0	0	0	0	0	0	0	0	0	0	0	0	0	0	0	0	0	0	0	0	0	0	0	0	0	0	0	0	0	0	0	0	0	0	0	0	0	0	0	0	0	0	0	0	0	0	0	0	0	0	0	0	0	0	0	0	0	0	0	0	0	0	34	0	0
OTU3605	0	0	0	0	0	0	0	0	0	0	0	0	0	0	0	0	0	0	2	0	1	0	1	0	0	0	0	0	0	0	0	0	0	0	0	0	0	0	0	0	0	1	0	0	1	0	0	3	0	0	0	0	0	0	0	0	0	2	0	0	0	0	0	0	0	0	0	0	0	0	0	0	0	0	0	0	0	0	0	0	0	0	0	0	0	0	0	0	0	0	0	0	4	0	0	0	3	0	14	47	8	7
OTU3606	0	0	0	0	0	0	0	0	0	0	0	0	0	0	0	0	0	0	0	0	0	0	0	0	0	0	0	0	0	0	0	0	0	0	0	0	0	0	0	0	0	0	0	0	0	0	0	0	0	0	0	0	0	0	0	0	0	0	0	0	0	0	0	0	0	0	0	0	0	0	0	0	0	0	0	0	0	0	0	0	0	0	0	0	0	0	0	0	0	0	0	0	0	0	0	0	0	2	0	39	0	0
OTU3607	0	0	0	0	0	0	0	0	0	0	0	0	0	0	0	0	0	0	0	0	0	0	0	0	0	0	0	0	0	0	0	0	0	0	0	0	0	0	0	0	0	0	0	0	0	0	0	0	0	0	0	0	0	0	0	0	0	0	0	0	0	0	0	0	0	0	0	0	0	0	0	0	0	0	0	0	0	0	0	0	0	0	0	0	0	0	0	0	0	0	0	0	0	0	0	0	0	0	0	0	25	0
OTU3608	0	0	0	0	0	0	0	0	0	0	0	0	0	0	0	0	0	0	0	0	0	0	0	0	0	0	0	0	0	0	0	0	0	0	0	0	0	0	0	0	0	0	0	0	0	0	0	0	0	0	0	0	0	0	0	0	0	0	0	0	0	0	0	0	0	0	0	0	0	0	0	0	0	0	0	0	0	0	0	0	0	0	0	0	0	0	0	0	0	0	0	0	0	0	0	0	0	0	0	0	39	0
OTU3609	0	0	0	0	0	0	0	0	0	0	0	0	0	0	0	0	0	0	0	0	0	0	0	0	0	0	0	0	0	0	0	0	0	0	0	0	0	0	0	0	0	0	0	0	0	0	0	0	0	0	0	0	0	0	0	0	0	0	0	0	0	0	0	0	0	0	0	0	0	0	0	0	0	0	0	0	0	0	0	0	0	0	0	0	0	0	0	0	0	0	0	0	0	0	0	0	0	0	0	0	30	0
OTU361	0	11	1	1	0	1	13	9	0	2	3	5	0	1	1	1	0	0	8	2	3	5	5	3	16	3	103	283	112	199	122	5	31	7	32	14	133	99	127	1	462	191	127	248	333	305	148	174	218	60	70	956	227	454	130	100	140	129	176	22	6	9	13	12	296	279	731	387	304	20	108	135	83	137	66	79	58	682	196	79	142	216	245	168	81	163	580	149	342	177	152	248	241	212	246	534	201	514	274	394	296	521
OTU3610	0	0	0	0	0	0	0	0	0	0	0	0	0	0	0	0	0	0	0	0	0	0	0	0	0	0	0	0	0	0	0	0	0	0	0	0	0	0	0	0	0	0	0	0	0	0	0	0	0	0	0	0	0	0	0	0	0	0	0	0	0	0	0	0	0	0	0	0	0	0	0	0	0	0	0	0	0	0	0	0	0	0	0	0	0	0	0	0	0	0	0	0	0	0	0	0	0	0	0	0	36	0
OTU3611	0	0	0	0	0	0	0	0	0	0	0	0	0	0	0	0	0	0	0	0	0	0	0	0	0	0	0	0	0	0	0	0	0	0	0	0	0	0	0	0	0	0	0	0	0	0	0	0	0	0	0	0	0	0	0	0	0	0	0	0	0	0	0	0	0	0	0	0	0	0	0	0	0	0	0	0	0	0	0	0	0	0	0	0	0	0	0	0	0	0	0	0	0	0	0	0	0	0	0	0	21	0
OTU3612	0	0	0	0	0	0	0	0	0	0	0	0	0	0	0	0	0	0	0	0	0	0	0	0	0	0	0	0	0	0	0	0	0	0	0	0	0	0	0	0	0	0	0	0	0	0	0	0	0	0	0	0	0	0	0	0	0	0	0	0	0	0	0	0	0	0	0	0	0	0	0	0	0	0	0	0	0	0	0	0	0	0	0	0	0	0	0	0	0	0	0	0	0	0	0	0	0	0	0	0	18	3
OTU3613	0	0	0	0	0	0	0	0	0	0	0	0	0	0	0	0	0	0	0	0	0	0	0	0	0	0	0	0	0	0	0	0	0	0	0	0	0	0	0	0	0	0	0	0	0	0	0	0	0	0	0	0	0	0	0	0	0	0	0	0	0	0	0	0	0	0	0	0	0	0	0	0	0	0	0	0	0	0	0	0	0	0	0	0	0	0	0	0	0	0	0	0	0	0	0	0	0	0	0	0	21	0
OTU3614	0	0	0	0	0	0	0	0	0	0	0	0	0	0	0	0	0	0	0	0	0	1	0	1	0	0	0	0	0	0	0	2	0	0	0	0	0	0	0	0	0	0	0	0	0	0	0	0	0	0	0	0	0	0	0	0	0	6	0	0	0	0	0	0	0	0	0	93	0	0	0	0	0	0	0	0	0	0	0	0	0	0	0	0	0	0	0	0	0	0	0	0	0	0	0	13	0	1	2	0	395	30
OTU3615	0	0	0	0	0	0	0	0	0	0	0	0	0	0	0	0	0	0	0	0	0	0	0	0	0	0	0	0	0	0	0	0	0	0	0	0	0	0	0	0	0	0	0	0	0	0	0	0	0	0	0	0	0	0	0	0	0	0	0	0	0	0	0	0	0	0	0	0	0	0	0	0	0	0	0	0	0	0	0	0	0	0	0	0	0	0	0	0	0	0	0	0	0	0	0	0	0	0	0	0	35	0
OTU3616	0	0	0	0	0	0	0	0	0	0	0	0	0	0	0	0	0	0	0	0	0	0	0	0	0	0	0	0	0	0	0	0	0	0	0	0	0	0	0	0	0	0	0	0	0	0	0	0	0	0	0	2	0	0	0	0	0	0	0	0	0	0	0	0	0	0	0	0	0	0	0	0	0	0	0	0	0	0	0	0	0	0	0	0	0	0	0	0	1	0	0	0	0	0	0	2	0	0	0	0	18	0
OTU3617	0	0	0	0	0	0	0	0	0	0	0	0	0	0	0	0	0	0	0	0	0	0	0	1	0	0	0	0	0	0	0	0	0	2	0	0	0	0	0	0	0	0	0	0	0	0	0	0	0	0	0	0	0	0	0	0	0	0	0	0	0	0	0	0	0	0	0	0	0	0	0	0	0	0	0	0	0	0	0	0	0	0	0	0	0	0	0	0	0	0	0	0	0	0	0	0	2	0	0	0	2	44
OTU3618	0	0	0	0	0	0	0	0	0	0	0	0	0	0	0	0	0	0	0	0	0	0	0	0	0	0	0	0	0	0	0	0	0	0	0	0	0	0	0	0	0	0	0	0	0	0	0	0	0	0	0	0	0	0	0	0	0	0	0	0	0	0	0	0	0	0	0	0	0	0	0	0	0	0	0	0	0	0	0	0	0	0	0	0	0	0	0	0	0	0	0	0	0	0	0	0	0	0	0	0	0	40
OTU3619	0	0	0	0	0	0	0	0	0	0	0	0	0	0	0	0	0	0	0	0	0	0	0	0	0	0	0	0	0	0	0	0	0	0	0	0	0	0	0	0	0	0	0	0	0	0	0	0	0	0	0	0	0	0	0	0	0	0	0	0	0	0	0	0	0	0	0	0	0	0	0	0	0	0	0	0	0	0	0	0	0	0	0	0	0	0	0	0	0	0	0	0	0	0	0	0	0	0	0	0	0	29
OTU362	0	0	0	0	0	0	0	4	0	0	0	0	0	0	0	0	1	0	4	2	0	2	0	4	1	0	5	0	0	27	17	1	6	2	6	0	9	0	0	0	30	5	15	13	25	26	3	14	16	6	0	8	1	5	10	16	9	11	23	1	0	0	0	3	132	115	442	144	42	0	0	1	14	13	0	16	0	0	22	6	13	19	3	3	16	4	0	0	0	4	7	5	33	9	48	17	50	206	163	300	134	329
OTU3620	0	0	0	0	0	0	0	0	0	0	0	0	0	0	0	0	0	0	0	0	0	0	0	0	0	0	0	0	0	0	0	0	0	0	0	0	0	0	0	0	0	0	0	0	0	0	0	0	0	0	0	0	0	0	0	0	0	0	0	0	0	0	0	0	0	0	0	0	0	0	0	0	0	0	0	0	0	0	0	0	0	0	0	0	0	0	0	0	0	0	0	0	0	0	0	0	0	0	0	0	0	35
OTU3621	0	0	0	0	0	0	0	1	0	0	0	0	0	0	0	0	0	0	0	0	0	0	0	0	0	0	0	0	0	0	0	0	0	0	0	0	0	0	0	0	0	0	0	0	0	0	0	0	0	0	0	0	0	0	0	0	0	0	0	0	0	0	0	0	10	8	19	0	14	0	0	0	0	0	0	0	0	0	0	0	0	0	0	0	0	0	0	0	0	0	0	0	0	0	0	0	0	0	0	0	0	0
OTU3622	0	0	0	0	0	0	0	3	0	0	0	0	0	0	0	0	0	0	0	0	0	0	0	0	0	0	6	8	7	6	9	2	4	4	0	3	0	1	1	0	10	1	0	15	18	23	7	34	5	2	0	0	0	5	14	26	53	37	29	0	0	0	3	5	0	7	0	1	10	8	21	4	36	7	21	0	3	6	0	0	0	30	5	7	3	5	0	5	1	10	11	0	17	4	11	9	15	0	1	0	0	0
OTU3623	0	0	0	0	0	0	0	2	0	0	0	0	0	0	0	0	0	0	0	0	0	0	0	0	0	0	0	3	0	0	0	0	0	0	0	0	0	0	0	0	0	0	0	0	0	0	0	0	0	0	0	0	0	0	0	0	0	0	1	0	0	0	0	0	0	0	0	0	0	1	0	0	78	0	0	0	0	3	0	0	5	0	0	0	0	0	0	0	0	0	0	0	0	0	0	1	0	0	0	0	0	0
OTU3624	0	0	0	0	0	0	0	0	0	1	0	0	0	0	0	0	0	0	0	0	0	0	0	0	0	0	0	0	0	0	0	0	0	0	0	0	0	10	0	0	0	0	0	0	0	0	0	0	0	0	0	0	0	0	0	0	0	0	0	0	0	0	0	0	0	0	0	0	0	0	0	0	0	0	0	0	19	0	0	0	0	0	0	0	0	0	0	0	0	0	0	0	0	0	0	0	0	0	0	0	0	0
OTU3625	0	0	0	0	0	0	0	0	0	0	0	0	0	0	5	0	0	0	0	0	0	0	0	0	0	0	0	0	0	0	0	2	0	0	0	0	0	0	2	0	0	0	0	52	0	0	0	0	2	0	0	1	0	3	1	0	0	0	0	0	0	0	0	0	0	0	1	0	0	0	0	0	0	0	0	0	0	0	0	0	0	0	0	0	0	2	0	0	0	0	2	0	1	0	1	1	0	1	0	0	0	0
OTU3626	0	0	0	0	0	0	0	0	0	0	0	0	0	0	0	0	0	0	0	0	0	0	0	0	0	0	4	0	0	21	0	0	0	0	0	0	0	0	0	0	0	0	0	0	0	21	0	0	0	0	0	0	0	0	0	0	0	0	0	0	0	0	0	0	0	0	0	0	0	0	0	0	0	0	0	1	0	0	0	0	0	0	0	0	0	0	0	0	2	0	0	0	0	0	0	0	0	0	0	0	0	0
OTU3627	0	0	0	0	1	0	0	0	0	0	0	0	0	0	0	0	0	0	0	0	0	0	0	0	0	0	10	14	0	0	0	0	0	0	0	1	0	0	0	0	0	0	0	0	0	2	0	3	0	0	0	0	0	0	0	0	0	0	0	0	0	0	0	0	0	0	0	0	0	0	3	0	0	5	0	0	0	0	0	1	1	0	0	0	0	0	0	0	0	0	1	0	0	0	0	0	0	0	0	0	0	0
OTU3628	0	0	0	0	0	0	0	0	0	0	0	0	0	0	0	0	0	0	0	0	0	0	0	0	0	0	6	0	0	0	0	0	0	0	0	0	0	0	0	0	0	0	0	0	0	5	0	0	0	0	0	0	0	0	0	0	15	0	0	0	0	0	0	0	0	0	0	0	0	0	0	0	0	0	5	0	2	0	0	6	0	0	0	0	0	0	0	18	3	2	0	0	0	1	0	0	0	0	0	0	0	0
OTU3629	0	0	0	0	0	0	0	0	0	0	0	0	0	0	0	0	0	0	0	0	0	0	1	0	0	0	6	1	12	0	1	0	0	0	0	0	0	0	0	0	1	3	0	0	0	4	0	0	0	0	0	0	0	0	2	0	0	0	7	0	0	0	0	0	0	0	0	0	0	0	1	1	0	5	4	0	2	0	1	0	0	0	0	1	0	0	0	0	0	2	1	0	0	0	0	0	5	0	0	0	1	0
OTU363	0	1	0	0	1	1	1	1	0	0	0	2	0	1	0	0	0	0	0	1	3	1	1	0	3	0	3	18	6	11	15	1	1	2	8	3	6	0	16	1	254	18	68	16	32	28	20	23	75	14	13	37	44	8	22	23	50	38	23	3	2	2	3	0	87	96	127	144	94	6	8	30	9	8	53	12	12	2	64	4	30	43	46	7	19	24	3	1	32	12	6	52	51	19	21	44	43	0	2	3	7	10
OTU3630	0	0	0	0	0	0	0	0	0	0	0	0	0	0	0	0	0	0	0	0	0	0	0	0	0	0	1	0	0	1	6	0	0	0	0	0	0	0	0	0	0	0	0	8	0	0	4	0	0	0	0	0	0	0	3	0	0	0	0	0	0	0	0	0	0	0	0	0	0	0	0	0	0	0	0	0	0	0	0	0	0	0	0	9	0	2	0	0	0	0	0	0	0	3	0	15	0	0	0	0	0	0
OTU3631	0	0	0	0	0	0	0	0	0	0	0	0	0	0	0	0	0	0	0	0	0	0	0	0	0	0	2	0	6	8	11	0	1	0	0	0	1	0	0	0	0	0	0	0	0	0	3	5	0	0	0	0	0	1	2	0	0	0	0	0	0	0	0	0	0	0	0	0	0	0	0	0	0	9	0	3	0	1	3	0	2	0	1	0	6	0	0	0	1	0	0	0	0	0	0	0	0	0	0	0	0	0
OTU3632	0	0	0	0	0	0	0	0	0	0	0	0	0	0	0	0	0	0	0	0	0	0	0	0	0	0	0	4	20	0	0	0	0	0	0	0	1	0	0	0	0	0	0	0	0	0	0	0	0	0	0	0	1	0	0	0	7	0	0	0	0	0	0	0	0	0	0	0	0	0	0	0	0	0	0	0	1	0	0	0	0	0	0	0	0	0	0	2	5	0	1	0	0	0	0	0	0	0	0	0	0	0
OTU3633	0	0	0	0	0	0	0	0	0	0	2	0	0	0	0	0	0	0	0	0	0	0	0	0	0	0	0	2	0	1	0	0	0	0	0	0	0	0	0	0	2	1	0	0	2	0	3	0	0	3	0	0	0	0	0	0	0	0	0	0	0	0	0	0	0	0	0	0	0	0	0	0	0	0	0	6	0	0	0	0	1	0	3	0	0	0	0	0	0	0	0	3	0	0	1	0	10	0	5	0	0	0
OTU3634	0	0	0	0	0	0	0	0	0	0	0	0	0	0	0	0	0	0	0	0	0	0	0	0	0	0	0	6	0	0	0	0	0	0	0	0	0	0	0	0	0	3	0	6	0	3	2	1	0	0	0	2	0	0	0	0	0	3	0	0	0	0	0	0	0	0	0	0	0	0	0	0	0	0	1	0	0	0	3	0	0	0	0	6	0	2	0	0	1	0	0	0	2	1	4	0	9	0	0	0	0	0
OTU3635	0	0	0	0	0	0	0	0	0	0	0	0	0	0	0	0	0	0	0	0	0	1	0	0	1	0	1	3	1	5	1	1	0	3	2	0	17	2	2	1	94	27	18	60	25	96	30	10	1	16	5	13	5	2	13	16	8	79	3	0	0	1	0	0	0	3	0	48	0	7	2	17	4	6	10	10	1	5	4	0	1	22	13	3	11	1	1	5	8	1	0	22	39	53	16	5	12	4	26	0	1	1
OTU3636	0	0	0	0	0	0	0	0	0	0	0	0	0	1	0	0	0	0	0	0	0	0	0	0	0	0	0	0	11	0	0	0	0	0	0	0	0	0	0	0	0	0	0	0	0	0	0	0	0	0	0	0	0	0	0	0	0	0	0	0	0	0	0	0	0	0	0	0	0	0	30	0	0	0	0	0	0	0	0	0	0	0	0	0	0	0	0	0	0	0	0	0	0	0	0	0	0	0	0	0	0	0
OTU3637	0	0	0	0	0	0	0	0	0	0	0	0	0	0	0	0	0	0	0	0	0	0	0	0	0	0	0	0	28	0	0	0	0	0	0	0	0	0	0	0	0	0	0	0	0	0	0	0	0	0	0	0	0	0	0	0	0	0	0	0	0	0	0	0	0	0	0	0	2	0	0	0	0	0	0	0	0	0	0	0	0	0	0	0	0	0	0	2	0	0	0	0	0	0	0	0	0	1	0	0	1	0
OTU3638	0	0	0	0	0	0	0	0	0	0	0	0	0	0	0	0	0	0	0	0	0	0	0	0	0	0	0	0	0	17	0	0	0	0	0	0	0	0	0	0	0	0	0	0	0	0	0	0	23	0	0	0	0	0	0	0	5	0	0	0	0	0	0	0	0	0	0	0	0	0	0	0	0	0	0	0	0	0	0	0	0	0	0	0	0	0	0	0	0	0	0	0	0	0	0	0	0	0	0	0	0	0
OTU3639	0	0	0	0	0	0	0	0	0	0	0	1	0	0	0	0	0	0	0	0	0	0	0	0	0	0	0	0	0	3	1	0	0	0	0	0	3	0	15	0	0	1	0	0	0	0	0	0	0	0	0	0	0	0	0	0	3	0	2	0	0	0	0	0	0	0	0	0	2	0	0	0	1	2	0	5	0	0	0	0	0	0	0	0	0	0	0	16	0	0	0	0	0	0	0	0	0	0	0	0	0	0
OTU364	0	0	1	0	0	0	1	4	0	0	0	1	0	0	0	0	0	0	1	0	0	0	0	1	1	1	0	4	1	67	0	1	3	3	0	1	0	0	0	0	3	0	1	2	59	0	0	8	2	0	0	2	0	0	23	0	1	50	14	3	1	2	0	4	0	2	0	1	3	1	2	0	8	0	0	0	1	2	0	2	1	17	3	12	0	57	1	3	0	1	0	1	80	14	21	8	33	364	180	190	376	188
OTU3640	0	0	1	0	0	0	0	0	0	0	0	0	0	1	0	0	0	0	1	0	0	1	0	0	0	0	3	2	0	5	12	0	0	1	0	0	4	2	1	0	0	0	0	39	0	36	0	0	0	0	0	5	1	0	10	1	3	2	5	1	0	0	0	2	0	0	1	0	3	0	4	1	0	3	0	3	0	3	2	0	2	3	8	0	3	0	9	1	6	0	0	0	10	7	2	7	4	272	69	1	0	14
OTU3641	0	0	0	0	0	0	0	0	0	0	1	0	0	0	1	0	0	0	0	0	0	0	0	0	0	0	0	0	0	0	4	0	0	0	0	0	7	5	3	0	0	0	0	6	3	0	0	0	0	0	0	0	0	0	1	1	2	2	0	0	0	0	0	2	4	0	20	0	10	0	0	0	0	0	0	6	0	0	0	0	0	2	0	0	0	0	0	1	0	0	0	0	7	2	12	5	0	3	3	0	0	0
OTU3642	0	0	0	0	0	0	0	0	0	0	0	0	0	0	0	0	0	0	0	0	0	0	0	0	0	0	0	0	0	0	1	0	0	0	0	0	0	0	0	0	0	0	1	0	0	0	0	3	2	0	0	0	0	0	0	0	5	0	67	0	0	0	0	0	0	0	0	0	2	0	1	0	0	0	1	0	1	0	0	0	0	0	0	0	0	0	0	0	0	0	0	0	0	4	0	0	0	0	0	0	0	0
OTU3643	0	0	0	0	0	0	0	0	0	0	0	0	0	0	0	0	0	0	0	0	0	0	0	0	0	0	0	0	0	0	0	0	1	0	0	0	0	0	0	0	0	0	0	0	1	0	0	1	0	0	0	0	0	0	19	0	0	0	0	0	0	0	0	0	1	0	0	0	0	0	0	0	0	0	0	0	0	1	0	0	0	0	0	0	0	0	1	0	0	0	0	0	0	0	13	2	0	0	0	0	0	0
OTU3644	0	0	0	0	0	0	0	0	0	0	0	0	0	0	0	0	0	0	0	0	0	0	0	0	0	0	0	0	0	0	0	0	0	0	0	1	0	0	0	0	0	0	0	0	0	0	0	0	0	0	0	0	0	0	4	0	0	0	0	0	0	0	0	0	47	0	0	1	0	0	0	0	0	0	0	0	0	0	0	0	0	0	0	0	0	0	0	0	0	0	0	0	0	0	0	0	0	0	0	0	0	0
OTU3645	0	0	0	0	0	0	0	0	0	0	0	0	0	0	0	0	0	0	0	0	0	2	0	0	0	0	0	0	0	0	0	0	0	0	0	0	19	1	0	0	3	0	0	0	0	0	3	0	1	0	0	0	4	0	0	0	0	0	0	0	0	0	0	0	0	0	0	0	0	1	5	0	0	0	0	1	4	1	1	6	0	0	0	0	0	0	9	0	0	0	0	0	0	0	0	2	1	0	0	0	0	0
OTU3646	0	0	0	0	0	0	0	0	0	0	0	0	0	0	0	0	0	0	0	0	0	0	0	0	0	0	0	0	0	0	0	0	0	0	0	0	3	26	9	0	0	0	0	0	0	0	0	0	0	0	0	0	0	0	4	0	6	0	0	0	0	0	0	0	0	0	0	0	0	0	0	0	0	0	0	3	12	6	3	0	0	0	0	0	0	0	13	0	0	0	0	0	2	0	0	0	0	0	0	0	0	0
OTU3647	0	0	0	0	0	0	0	0	0	0	0	0	0	0	0	0	0	0	0	0	0	0	0	0	0	0	0	0	0	0	0	0	0	0	0	0	1	4	1	0	0	0	0	0	0	0	0	0	0	0	0	0	0	0	0	1	8	0	0	0	0	0	0	0	0	0	0	0	0	0	45	0	0	0	0	0	11	0	0	0	0	0	0	0	0	0	0	0	2	0	0	0	0	0	0	0	0	0	0	0	0	0
OTU3648	0	0	0	0	0	0	0	0	0	0	0	0	0	0	0	0	0	0	0	0	0	0	0	0	0	0	13	7	7	0	1	0	0	0	0	0	6	0	10	0	0	0	0	0	0	0	0	0	0	0	0	0	0	0	0	0	0	0	0	0	0	0	0	0	0	0	0	0	0	0	0	0	0	0	0	12	15	0	0	0	0	0	2	0	0	0	2	10	2	0	0	0	0	0	0	0	0	0	0	0	0	0
OTU3649	0	3	0	0	0	0	0	0	1	0	0	3	0	0	2	0	2	2	0	0	0	12	1	11	0	0	1	17	1	3	6	1	2	0	7	0	243	6	507	0	0	6	2	0	2	6	0	3	5	44	0	10	0	4	9	3	11	3	1	2	1	0	0	3	0	0	2	0	0	2	0	0	0	0	1	0	3	114	2	3	0	2	4	0	1	8	14	0	79	1	4	11	0	16	2	2	2	0	4	0	3	1
OTU365	0	1	0	0	0	0	1	3	0	0	1	0	0	0	0	0	1	0	0	0	0	0	0	0	0	0	0	12	0	11	16	0	0	0	7	0	12	9	29	0	39	7	0	28	20	50	24	10	3	4	1	2	2	14	21	11	97	12	10	0	0	0	2	0	1	0	1	0	0	21	4	7	6	1	8	156	8	1136	12	9	5	31	12	2	5	5	51	8	60	1	13	14	60	29	11	31	35	0	0	0	1	0
OTU3650	0	0	0	0	0	0	0	0	0	0	0	1	0	0	0	0	0	0	0	0	0	0	1	1	0	0	0	0	0	1	0	0	0	0	0	0	0	85	2	0	2	5	0	3	3	0	4	2	0	4	0	0	0	0	2	0	0	0	0	0	0	0	0	0	0	0	0	0	0	0	5	0	0	0	1	1	2	4	1	0	5	1	1	0	0	1	28	0	1	0	0	1	0	0	0	1	0	0	0	0	0	0
OTU3651	0	0	1	0	0	0	0	0	0	0	0	0	0	0	0	0	0	0	0	0	0	0	0	0	0	0	0	13	17	4	0	0	0	0	0	0	16	20	6	1	3	3	2	3	0	0	0	0	0	0	0	0	2	0	1	0	4	0	0	0	0	0	0	0	0	0	0	0	0	5	8	2	1	0	0	2	6	9	0	44	0	0	0	0	0	1	13	3	9	0	0	3	0	0	3	0	0	0	0	0	0	0
OTU3652	0	0	0	0	0	0	0	0	0	0	0	0	0	0	0	0	0	0	7	0	0	0	0	0	0	0	0	0	0	0	0	0	0	0	0	0	0	0	9	0	4	3	0	0	0	0	0	0	0	0	0	0	0	0	0	0	0	0	0	0	0	0	0	0	9	17	0	0	0	0	0	0	0	0	1	0	0	0	0	0	0	0	0	0	0	0	1	0	0	0	0	0	0	0	0	0	0	0	0	0	0	0
OTU3653	0	0	0	0	0	0	0	0	0	0	0	0	0	0	0	0	0	0	0	0	0	0	0	0	0	0	0	0	0	0	0	0	0	0	0	0	0	0	40	0	0	0	0	0	0	0	0	0	0	0	0	0	0	0	0	0	0	0	0	0	0	0	0	0	0	0	0	0	0	0	0	0	0	0	0	0	0	0	0	0	0	2	0	0	0	0	0	0	0	0	1	0	0	0	0	2	0	0	0	0	0	0
OTU3654	0	0	0	0	0	0	0	0	0	0	0	0	0	0	0	0	0	0	0	0	0	0	0	0	0	0	0	0	0	0	0	0	0	0	0	0	0	0	9	0	4	0	0	0	0	0	0	0	0	0	0	0	0	0	0	0	0	0	0	0	0	0	0	0	0	0	0	0	0	0	0	0	1	0	0	0	0	0	0	0	0	0	0	0	0	0	0	0	14	0	0	0	0	0	0	0	0	0	0	0	0	0
OTU3655	0	0	0	0	0	0	0	0	0	0	0	0	0	0	0	0	0	0	0	0	0	0	0	0	0	0	0	0	0	0	0	0	0	0	0	0	3	0	0	0	7	2	0	0	5	0	4	1	6	4	0	0	0	0	0	0	0	0	0	0	0	0	0	0	0	0	0	0	0	0	6	0	0	0	3	1	6	0	24	0	1	8	2	8	0	1	0	0	9	1	9	0	0	0	0	2	5	0	0	0	0	0
OTU3656	0	0	0	0	0	0	0	0	0	0	0	0	0	0	0	0	0	0	0	0	0	0	0	0	0	0	0	0	0	0	0	0	0	0	0	0	2	21	0	0	7	0	13	0	0	0	0	0	0	2	0	0	0	1	0	1	0	0	4	0	0	0	0	0	0	0	0	0	0	1	0	0	0	0	0	1	0	6	11	8	2	0	1	1	0	0	0	0	0	0	0	0	8	0	0	0	2	0	0	0	0	0
OTU3657	0	0	0	0	0	0	0	0	0	0	0	0	0	0	0	0	0	0	0	0	0	0	0	0	0	0	0	0	0	0	0	0	0	0	0	0	0	0	0	0	11	2	0	0	0	0	0	0	0	0	2	6	1	1	0	0	0	0	0	0	0	0	0	0	0	0	0	0	0	0	0	0	1	0	0	0	0	0	0	0	1	0	0	0	0	0	0	0	0	1	20	4	0	0	0	0	0	0	0	0	0	0
OTU3658	0	0	0	0	0	0	0	0	0	0	0	1	0	0	0	0	0	0	0	0	1	0	0	0	0	0	0	0	0	0	0	0	0	0	0	0	0	0	0	0	8	0	8	0	0	0	0	0	0	4	0	0	0	0	0	9	13	3	0	0	0	0	0	0	0	0	1	0	0	2	0	0	0	0	4	3	0	2	0	0	0	0	0	0	0	1	0	0	0	2	1	2	0	1	2	0	0	0	0	0	0	0
OTU3659	0	0	0	0	0	0	0	0	0	0	0	0	0	0	0	0	0	0	0	0	0	0	0	0	0	0	0	0	0	0	0	0	0	0	0	0	0	0	1	0	4	0	0	0	0	0	0	0	0	0	0	0	0	0	0	18	0	0	0	0	0	0	0	0	0	0	0	0	0	0	0	0	0	0	0	1	0	0	0	0	0	0	0	0	0	2	0	0	0	0	0	0	0	0	0	2	13	0	0	0	0	0
OTU366	0	0	2	0	0	0	0	0	0	0	0	0	0	0	0	0	0	1	0	0	2	0	1	1	2	3	10	1	17	88	12	0	3	2	2	2	0	0	3	0	3	1	1	14	7	0	2	0	20	0	0	4	6	706	11	7	2	9	0	0	0	0	0	3	354	132	33	164	48	0	3	1	1	4	12	3	0	6	4	12	0	5	2	2	0	0	5	2	3	17	24	2	2	12	6	6	0	3	0	235	62	1
OTU3660	0	0	0	0	0	0	0	0	0	0	0	0	0	0	0	0	0	0	0	0	0	0	0	0	0	0	0	0	0	0	0	0	0	0	0	0	0	0	0	0	0	12	0	0	0	0	0	0	0	0	2	0	0	2	3	1	0	3	9	0	0	0	0	0	0	0	0	0	0	0	0	0	0	3	0	0	0	0	0	0	0	3	0	0	0	1	0	0	0	0	0	0	0	1	0	0	0	0	0	0	0	0
OTU3661	0	0	0	0	0	0	0	0	0	0	0	0	0	0	0	0	0	0	0	0	0	0	0	0	0	0	0	0	0	0	0	0	0	0	0	0	0	0	0	0	0	2	0	0	0	1	0	0	0	0	0	0	0	0	0	2	0	0	0	0	0	0	0	0	0	0	0	0	0	0	0	0	18	0	0	0	0	10	0	0	0	0	0	0	0	0	0	0	0	14	0	0	0	0	0	0	0	0	0	0	0	0
OTU3662	0	0	0	0	0	0	0	0	0	0	0	0	0	0	0	0	0	0	0	0	0	0	0	0	0	0	0	2	0	0	0	0	0	0	1	0	0	0	16	0	22	9	0	0	0	0	0	0	0	1	0	0	0	0	0	0	10	0	0	0	0	0	0	0	0	0	0	0	0	10	45	0	0	0	0	0	3	7	0	9	0	3	2	0	0	0	1	33	8	0	0	0	0	4	0	1	2	0	0	0	0	0
OTU3663	0	4	4	0	0	0	5	6	3	0	0	5	1	1	0	0	3	0	7	0	25	5	0	0	9	3	65	64	64	21	55	0	2	1	6	0	210	8	7	0	353	256	726	56	141	114	12	80	24	12	2	267	130	32	104	67	109	24	78	8	1	2	0	3	3	7	17	0	3	12	40	48	94	112	26	101	41	19	292	203	133	123	94	73	41	76	72	11	43	64	182	94	80	73	56	73	42	2	1	0	18	0
OTU3664	0	0	0	0	0	0	0	0	0	0	0	0	0	0	0	0	0	0	0	0	0	0	0	0	0	0	0	0	0	0	0	0	0	0	0	0	0	0	0	0	0	0	12	0	0	0	0	0	1	12	2	1	0	3	3	0	8	0	1	0	0	0	0	0	0	0	0	0	0	0	6	0	3	0	0	0	0	0	0	0	3	0	0	0	3	0	0	0	0	0	0	2	0	0	1	0	0	0	0	0	0	0
OTU3665	0	0	0	0	0	0	0	0	0	0	3	0	0	0	0	0	0	0	3	0	0	0	0	0	2	0	0	0	0	0	0	0	0	0	1	0	0	0	1	0	0	2	0	48	0	0	0	0	0	0	0	0	0	0	0	16	5	0	0	0	0	0	0	0	0	0	0	0	0	0	0	0	0	0	0	0	0	1	0	0	0	0	0	0	0	0	0	1	0	0	0	0	0	1	0	0	1	0	0	0	0	0
OTU3666	0	0	0	0	0	0	0	0	0	0	0	0	0	0	0	0	0	0	0	0	0	0	0	0	0	0	0	0	0	0	0	0	1	0	0	0	0	0	0	0	0	0	0	8	15	3	0	0	0	0	0	0	0	0	0	0	0	0	0	0	0	0	0	0	0	0	0	0	0	0	0	0	1	0	0	0	0	0	0	0	0	9	0	0	0	1	0	1	0	0	0	0	3	0	2	0	0	0	0	0	0	0
OTU3667	0	1	0	0	0	0	0	0	0	0	0	0	0	0	0	0	0	0	0	0	0	0	0	0	0	0	0	10	0	20	3	0	1	0	2	0	1	0	2	0	12	1	4	22	13	0	43	0	27	8	0	1	1	1	9	18	2	4	20	0	0	0	0	0	0	0	0	0	0	0	0	11	12	0	3	6	1	0	9	1	3	3	0	3	0	2	2	25	1	1	1	0	0	6	6	13	8	0	0	0	1	0
OTU3668	0	0	0	0	0	0	0	0	0	0	0	0	0	0	0	0	0	0	0	0	0	0	0	0	0	0	1	1	0	0	0	0	0	0	1	0	0	5	10	0	1	0	2	11	0	0	0	0	0	0	0	0	0	0	0	4	0	1	0	0	0	0	0	0	0	0	0	0	0	0	0	0	9	3	0	1	0	5	0	0	0	0	0	1	0	1	1	0	14	0	0	3	8	1	0	8	1	2	0	0	1	0
OTU3669	0	0	1	0	0	0	0	0	0	0	0	0	0	0	0	0	0	0	0	0	0	0	4	0	0	0	0	0	0	0	0	0	0	0	0	0	0	0	0	0	0	0	0	3	0	1	0	4	0	8	0	0	0	0	3	1	0	0	0	0	0	0	0	0	8	0	2	0	7	0	0	0	0	1	0	0	1	1	0	0	0	0	5	3	0	1	0	0	0	1	0	0	0	3	2	7	0	0	8	0	6	1
OTU367	0	2	1	0	0	0	1	8	0	0	1	0	0	1	0	0	0	0	0	0	3	1	0	3	1	0	16	113	3	55	28	0	9	5	6	1	30	3	4	1	19	4	154	9	41	140	3	4	27	2	0	0	56	3	10	180	11	19	37	3	2	0	0	4	12	20	28	3	365	13	34	17	74	11	60	5	5	1	5	10	11	79	13	13	48	17	2	7	1	1	15	58	118	19	20	11	35	98	85	227	17	82
OTU3670	0	0	0	0	0	0	0	0	0	0	0	0	0	0	0	0	0	0	0	0	0	0	0	0	0	0	1	0	0	0	0	0	0	0	1	0	0	0	0	0	0	0	0	0	8	0	17	5	0	0	0	0	0	0	8	0	1	0	0	0	0	0	0	0	0	0	0	0	0	0	0	0	0	0	0	0	0	0	0	0	0	5	0	0	0	0	0	0	0	0	0	2	0	0	0	0	2	0	0	0	0	0
OTU3671	0	0	0	0	0	0	0	0	0	0	0	0	0	0	0	0	0	0	0	0	0	0	0	0	0	0	0	1	0	0	0	0	0	0	0	0	0	0	0	0	3	0	0	0	5	1	0	0	0	0	0	1	0	0	0	0	0	0	0	0	0	0	0	0	0	0	0	0	0	0	0	0	0	0	0	9	0	0	0	0	0	7	0	10	5	0	0	0	1	0	0	0	3	0	0	2	0	0	0	0	0	0
OTU3672	0	0	0	0	0	0	0	0	0	0	0	0	0	0	0	0	0	0	0	0	0	0	0	0	0	0	0	0	0	0	0	0	0	0	0	0	0	0	0	0	0	0	0	0	8	0	0	2	0	0	0	0	0	0	0	0	0	1	3	0	0	0	0	0	2	5	7	0	2	0	0	0	2	0	0	0	0	0	0	0	0	0	0	0	1	8	1	0	1	0	0	0	0	1	0	0	0	0	0	0	9	1
OTU3673	0	0	0	0	0	0	0	0	0	0	0	0	0	0	0	0	0	0	0	0	0	0	0	0	0	0	0	0	0	0	0	0	0	0	0	0	0	0	0	0	0	0	0	0	0	30	0	0	0	0	0	0	0	0	0	0	0	0	1	0	0	0	0	0	0	0	0	0	0	0	0	0	0	0	0	0	0	0	0	0	0	0	0	0	1	0	0	0	0	0	0	0	0	0	0	0	0	0	0	0	0	0
OTU3674	0	0	0	0	0	0	0	0	0	0	0	0	0	0	0	0	0	0	0	0	0	0	0	0	0	2	0	0	0	0	0	0	0	3	0	0	0	0	0	0	0	0	1	0	0	20	0	0	0	0	0	0	0	0	0	0	0	0	0	0	0	0	0	0	0	0	0	0	0	0	0	0	0	0	0	0	13	0	0	5	0	0	0	0	0	0	0	0	0	2	0	0	0	0	0	0	0	0	0	0	0	0
OTU3675	0	0	0	0	0	0	0	0	0	0	0	0	0	0	0	0	0	0	0	0	0	0	0	0	0	0	0	0	0	0	0	0	0	0	0	0	0	0	0	0	1	0	0	0	1	7	1	4	0	3	0	0	0	1	0	0	0	0	0	0	0	0	0	0	0	0	0	0	0	0	0	0	0	0	0	0	0	0	0	0	0	12	0	1	0	0	0	0	0	0	0	2	0	0	1	0	1	0	0	0	0	0
OTU3676	0	0	0	0	0	0	0	0	0	0	0	0	0	0	0	0	0	0	0	0	0	0	0	0	0	0	0	0	0	0	0	0	0	0	0	0	0	0	0	0	0	0	0	0	0	1	0	0	0	0	0	0	0	0	0	0	0	0	0	0	0	0	0	0	0	0	0	0	0	0	0	0	0	0	0	0	0	0	0	0	0	0	0	61	0	0	0	0	0	0	0	0	0	0	0	0	1	0	0	0	0	0
OTU3677	0	0	0	0	0	0	0	0	0	0	0	0	0	0	0	0	0	0	0	0	0	0	0	0	0	0	0	0	0	0	0	0	0	0	0	0	0	0	0	0	0	0	0	0	1	0	0	91	0	0	0	1	0	0	0	0	1	0	0	0	0	0	0	0	0	0	0	0	0	0	0	0	0	0	0	0	2	0	0	0	0	0	0	0	0	0	0	0	0	0	2	0	0	0	0	0	0	0	0	0	0	0
OTU3678	0	0	0	0	0	0	0	0	0	0	0	0	0	0	0	0	0	0	0	0	0	0	0	0	0	0	0	0	0	0	0	0	0	0	0	1	0	0	0	0	0	0	0	0	0	0	0	13	0	0	0	0	0	2	6	0	0	0	0	0	0	0	0	0	0	0	0	0	0	0	0	0	0	0	0	0	0	0	0	0	0	0	1	4	8	0	0	0	0	0	0	0	0	3	0	0	0	0	0	0	0	0
OTU3679	0	0	0	0	0	0	0	0	0	0	0	0	0	0	0	0	0	0	0	0	0	0	0	0	0	0	0	0	0	0	0	0	0	0	0	0	0	0	0	0	0	0	0	0	0	0	0	13	0	0	0	0	0	0	0	1	1	28	0	0	0	0	0	0	0	0	0	2	0	0	0	0	0	0	0	0	0	0	1	0	0	1	0	0	2	0	0	0	0	0	0	0	0	0	0	0	0	0	0	0	0	5
OTU368	0	1	1	0	0	0	2	1	0	1	0	0	0	0	2	5	1	0	0	2	3	0	0	0	0	0	7	3	2	1	2	0	1	0	0	20	3	0	0	1	5	15	5	2	70	2	0	449	0	4	0	1	0	3	433	2	6	654	260	2	11	0	0	4	24	2	2	28	6	0	2	2	3	2	0	4	14	8	6	2	4	0	454	1	2	41	8	6	0	2	2	0	24	9	180	22	5	0	77	850	300	36
OTU3680	0	0	0	0	0	0	0	0	0	0	0	0	0	0	0	0	0	0	0	0	0	0	0	0	0	0	0	0	0	0	0	0	2	0	0	0	0	0	0	0	0	0	0	0	0	0	0	11	0	0	0	0	0	1	0	0	0	0	0	0	0	0	0	0	0	0	0	0	0	0	0	0	0	0	0	0	0	0	0	0	0	0	0	0	0	0	0	0	0	0	0	0	0	0	0	0	0	0	20	0	0	0
OTU3681	0	0	0	0	0	0	0	0	0	0	0	0	0	0	0	0	0	0	0	0	0	0	0	0	0	0	0	0	0	0	0	0	0	0	0	0	1	0	0	0	0	1	0	6	0	0	0	5	2	0	0	9	0	0	0	0	0	8	0	0	0	0	0	0	0	0	0	0	0	0	0	0	0	0	2	0	0	0	0	0	0	0	5	0	0	0	0	0	0	0	0	0	3	3	0	0	0	0	0	0	0	0
OTU3682	0	0	0	0	0	0	0	0	0	0	0	0	0	0	0	0	0	0	0	0	0	0	0	0	0	0	0	0	0	0	0	0	0	0	0	0	0	0	0	0	0	0	0	3	9	2	0	0	7	0	0	0	3	3	3	10	2	11	0	0	0	0	0	0	0	0	0	0	0	8	13	0	2	0	11	0	0	0	0	0	0	3	1	0	0	0	0	0	0	0	0	15	0	0	6	0	0	0	0	0	0	0
OTU3683	0	0	0	0	0	0	0	0	0	0	1	0	0	1	0	0	0	0	0	0	0	0	0	0	0	0	0	0	0	0	0	0	0	0	0	0	0	0	0	0	0	2	0	0	0	0	0	0	6	0	0	9	0	0	1	0	0	0	0	0	0	0	0	0	0	0	0	0	0	0	0	17	3	0	0	1	0	0	2	0	0	0	0	0	0	0	0	0	2	0	0	0	3	0	0	0	0	0	0	0	0	0
OTU3684	0	0	0	0	0	0	0	0	0	0	0	0	0	0	0	0	0	0	0	0	0	0	0	0	0	0	0	0	0	0	0	0	0	0	0	0	0	0	0	0	0	0	0	2	1	0	0	0	7	20	0	5	0	0	0	0	0	0	0	0	0	0	0	0	0	0	0	0	0	0	0	0	0	0	1	0	0	0	0	0	0	0	4	0	0	0	0	0	0	0	0	0	0	0	0	1	0	0	0	0	0	0
OTU3685	0	0	0	0	0	0	0	0	3	0	4	0	0	0	0	0	2	0	0	0	0	0	0	0	0	0	0	0	0	0	0	0	0	0	0	0	1	0	0	0	0	0	0	0	0	0	0	0	1	0	0	77	0	0	0	0	0	11	0	0	0	0	0	0	0	0	0	0	0	0	0	3	0	3	3	0	0	0	0	0	1	0	48	0	0	0	1	4	0	0	0	0	0	0	3	1	0	0	0	0	0	0
OTU3686	0	1	0	3	0	3	0	0	10	0	2	0	0	0	0	0	3	1	0	0	0	0	0	0	0	0	2	0	0	0	0	0	0	0	0	0	0	0	0	0	0	7	0	2	0	0	1	1	0	1	0	179	3	0	0	0	0	25	2	0	0	0	0	0	0	0	0	3	0	0	0	0	0	2	3	0	0	2	0	0	4	0	133	0	3	0	5	1	0	1	0	0	0	0	1	0	0	0	0	0	0	0
OTU3687	0	0	0	0	0	0	0	1	0	0	0	0	0	0	0	0	0	0	0	0	0	0	0	0	0	0	0	0	0	0	0	0	0	0	0	0	0	0	0	0	0	0	0	0	0	0	0	0	0	0	0	1	0	15	0	2	0	0	0	0	0	0	0	0	0	0	0	0	0	0	0	0	51	0	0	0	0	0	0	0	0	0	0	0	0	0	0	1	0	0	0	0	0	0	0	0	0	0	0	0	0	0
OTU3688	0	0	0	0	0	0	1	0	0	0	0	0	0	0	0	0	0	0	0	0	0	0	0	0	0	0	0	0	0	0	0	0	0	0	0	0	0	0	0	0	0	0	0	0	1	0	0	0	0	0	0	0	0	2	0	0	0	0	0	0	0	0	0	0	0	0	0	0	0	0	0	0	0	0	0	0	0	0	0	0	2	0	0	0	0	0	0	0	0	0	0	0	2	0	2	29	0	0	0	0	0	0
OTU3689	0	0	0	0	0	0	0	0	0	0	0	0	0	0	0	0	0	0	0	0	0	0	0	0	0	0	0	0	0	0	4	0	0	0	0	0	0	0	0	0	0	0	0	0	0	0	0	0	0	0	0	0	0	0	11	7	0	0	0	0	0	0	0	0	0	0	0	0	0	0	0	0	0	0	0	0	0	0	0	0	0	12	0	5	0	0	1	0	0	0	0	0	0	1	0	0	2	0	0	0	0	0
OTU369	0	0	0	0	0	0	3	0	716	0	0	0	0	0	0	0	1	0	0	0	0	0	0	4	0	0	0	0	0	1	0	0	0	0	0	0	2	1	1	0	0	0	0	1	0	0	0	0	0	0	0	0	0	4	5	0	2	0	2	989	0	0	0	3	0	1	3	0	5	0	1	0	0	0	0	2	4	0	3	0	0	15	0	1	0	0	1	0	0	0	0	9	2	0	0	1	1	2	0	0	13	0
OTU3690	0	0	0	0	0	0	0	0	0	0	0	0	0	0	0	0	0	0	0	0	0	0	1	0	0	0	0	0	0	0	3	0	0	0	0	0	0	0	2	0	0	0	0	0	0	0	0	0	0	0	1	0	0	0	2	9	0	7	0	0	1	0	0	0	0	0	1	0	0	0	0	0	0	0	0	0	0	0	0	0	0	0	0	0	0	0	0	0	0	0	0	0	0	0	0	2	30	0	0	0	0	0
OTU3691	0	0	0	0	0	0	0	0	0	0	0	0	0	0	0	0	0	0	0	0	0	0	0	0	0	0	0	0	0	0	0	0	0	0	0	0	0	0	0	0	0	0	0	0	0	0	0	0	0	0	0	0	0	0	5	0	0	0	0	0	0	0	0	0	24	0	0	15	0	0	0	0	0	0	0	0	0	0	0	0	0	0	0	0	0	0	0	0	0	0	0	0	0	0	0	0	0	0	0	0	0	0
OTU3692	0	0	0	0	0	0	0	0	0	0	0	0	0	0	0	0	0	0	0	0	5	0	0	0	0	0	0	0	0	0	0	0	0	0	0	0	0	0	0	0	0	0	0	0	0	0	0	0	0	0	0	0	0	0	0	2	0	0	1	0	0	0	0	0	0	15	0	0	15	0	0	0	0	0	0	0	0	0	0	0	0	0	0	0	0	0	0	0	0	0	0	0	0	0	0	0	0	0	0	0	0	0
OTU3693	0	0	0	0	0	0	0	0	0	0	0	0	0	0	0	0	0	0	0	0	0	0	0	0	0	0	0	0	0	0	0	0	0	0	3	0	0	0	0	0	0	0	0	0	0	0	0	0	0	0	0	0	0	0	0	3	5	0	0	0	0	0	0	0	0	0	0	0	0	0	0	15	0	0	0	0	0	0	0	0	0	0	0	0	0	0	0	0	0	0	0	0	0	0	0	0	3	0	0	0	0	0
OTU3694	0	0	0	0	0	0	0	0	0	0	0	0	0	0	0	0	0	0	0	0	0	0	0	0	0	0	0	0	0	0	0	0	0	0	0	0	0	0	0	0	0	0	0	0	0	0	0	0	0	0	0	0	0	0	0	1	0	0	0	0	0	0	0	1	0	6	5	0	9	0	0	0	0	0	0	0	0	0	0	0	0	0	0	0	0	0	0	0	0	0	0	0	0	0	0	0	0	0	0	0	0	0
OTU3695	0	0	0	0	0	0	0	0	0	0	0	0	0	0	0	0	0	0	0	0	0	0	0	0	0	0	0	0	0	0	0	0	0	0	0	0	0	0	0	0	0	0	0	0	0	0	0	0	0	0	0	0	0	0	0	0	3	0	0	0	0	0	0	0	0	0	11	5	8	0	0	0	0	0	0	0	0	0	0	0	0	0	0	0	0	0	0	0	0	0	0	0	0	0	0	0	0	0	1	0	0	2
OTU3696	0	0	0	0	0	0	0	0	0	0	0	0	0	0	0	0	0	0	0	0	0	0	0	0	0	0	0	0	0	0	0	0	0	0	0	0	0	0	0	0	0	0	0	0	0	0	0	0	0	0	0	0	0	3	0	0	1	0	0	0	0	0	0	1	0	0	0	0	0	0	0	0	0	0	0	0	0	0	0	0	0	0	0	0	0	35	0	0	0	0	0	0	1	0	0	0	0	0	0	0	0	0
OTU3697	0	0	0	0	0	0	0	0	0	0	0	0	0	0	0	0	0	0	0	0	0	0	0	0	0	0	0	0	0	0	0	0	0	0	0	0	0	0	0	0	0	0	0	0	0	0	0	0	0	0	0	0	0	0	0	3	0	0	5	0	0	0	0	0	0	4	0	0	23	0	0	0	0	0	0	0	0	0	0	0	0	0	0	0	0	0	0	0	0	0	0	0	0	0	0	0	0	0	0	0	0	0
OTU3698	0	0	0	0	0	0	0	0	0	0	0	0	0	0	0	0	0	0	0	0	0	0	0	0	0	0	0	0	0	0	0	0	0	0	0	0	0	0	0	0	0	0	0	0	0	0	0	0	0	0	0	0	0	0	0	0	0	0	0	1	0	0	0	0	0	9	19	0	8	0	0	0	0	0	0	0	0	0	0	0	0	0	0	0	0	0	0	0	0	0	0	0	0	0	0	0	0	1	0	0	0	0
OTU3699	0	0	0	0	0	0	0	0	0	0	0	0	0	0	0	0	0	0	1	0	0	0	0	0	0	0	0	0	0	0	0	0	0	0	0	0	0	0	0	0	0	0	0	0	0	0	0	0	0	0	0	0	0	0	0	0	0	0	0	0	0	0	0	0	44	9	18	0	3	0	0	0	0	0	0	0	0	0	0	0	0	0	0	0	0	0	0	0	0	0	0	0	0	0	0	0	0	0	0	0	0	0
OTU37	0	8	3	0	0	1	16	11	1	0	1	4	4	7	1	1	1	1	10	2	10	6	1	4	11	11	19	19	13	35	14	10	245	10	24	2	23	21	39	1	23	11	28	31	11394	25	7	8	31	18	3	51	9	45	42	115	51	75	44	6	17	3	8	15	48	31	18	27	19	12	21	13	13	20	19	34	91	23	23	28	26	30	49	5	26	21	17	27	24	16	11	34	6340	53	34	2819	4304	165	20	27	19493	122
OTU370	0	2	0	0	0	0	0	3	0	0	0	0	0	0	0	0	0	0	1	0	1	2	0	1	4	1	3	0	1	15	0	0	1	0	7	1	0	1	0	0	9	0	5	4	5	4	0	3	11	2	10	53	16	15	13	3	2	2	31	4	3	0	0	2	123	9	48	46	345	0	0	4	21	28	10	0	0	6	10	2	30	8	5	2	0	8	0	3	0	4	7	59	1	113	23	31	9	30	658	282	418	212
OTU3700	0	0	0	0	0	0	0	0	0	0	0	0	0	0	0	0	0	0	0	0	0	0	0	0	0	0	0	0	6	0	0	0	0	0	0	0	1	0	3	0	1	0	0	0	0	0	0	0	0	0	0	0	1	0	0	0	0	0	0	0	0	0	2	0	1	0	0	0	0	0	6	3	0	1	4	0	0	2	0	0	0	0	5	0	2	0	0	0	16	0	0	0	0	0	0	1	0	5	0	0	0	0
OTU3701	0	0	0	0	0	0	0	0	0	0	0	0	0	0	0	0	0	0	0	0	0	0	0	0	0	0	0	0	0	0	0	0	0	0	0	0	0	0	0	0	0	0	0	0	0	0	0	0	0	0	0	0	0	0	0	0	0	0	0	0	0	0	0	0	31	0	0	22	0	0	0	0	0	0	0	0	0	0	0	0	0	0	0	0	0	0	0	0	0	0	0	0	0	0	0	0	0	0	0	0	0	0
OTU3702	0	0	0	0	0	0	0	1	0	0	0	0	0	0	0	0	0	0	0	0	0	0	2	0	0	0	1	1	2	0	0	0	0	0	0	0	0	0	0	0	2	0	1	0	1	0	0	0	0	0	0	1	0	0	0	0	2	19	1	0	0	0	0	0	11	4	17	4	30	0	1	0	0	0	0	29	3	0	0	0	0	0	12	1	0	0	0	6	0	0	0	0	0	0	0	4	0	0	0	0	0	0
OTU3703	0	0	0	0	0	0	0	0	0	0	0	0	0	0	0	0	0	0	0	0	0	0	0	0	0	0	0	0	0	0	0	0	0	0	0	0	0	0	0	0	0	0	0	0	0	0	0	0	0	0	0	0	0	0	0	0	0	0	0	0	0	0	0	0	18	0	0	0	0	0	0	0	0	0	0	0	0	0	0	0	0	0	0	0	0	0	0	0	0	0	0	0	0	0	0	0	0	0	0	0	0	0
OTU3704	0	0	0	0	0	0	0	0	0	0	0	0	0	0	0	0	0	0	0	0	0	0	0	0	0	0	0	0	0	0	0	0	0	0	0	0	0	0	0	0	0	0	0	0	0	0	0	0	0	0	0	0	0	0	0	0	0	0	0	0	0	0	0	0	0	35	0	0	0	0	0	0	0	0	0	0	0	0	0	0	0	0	0	0	0	0	0	0	0	0	0	0	0	0	0	0	0	2	0	0	0	0
OTU3705	0	0	0	0	0	0	0	2	0	0	0	0	0	0	1	0	0	0	0	0	0	0	0	0	0	0	0	0	1	0	0	0	0	0	0	0	9	0	0	0	2	4	1	0	0	0	0	0	0	0	0	2	1	0	6	2	1	0	0	0	0	0	0	2	7	6	14	30	8	8	8	2	0	2	0	3	0	0	0	3	2	1	0	0	0	0	0	0	0	4	5	14	0	0	0	0	5	1	0	0	0	0
OTU3706	0	0	0	0	0	0	0	0	0	0	0	0	0	0	0	0	0	0	0	0	0	0	0	0	0	0	0	0	0	0	0	0	0	0	0	0	0	0	0	0	0	0	0	0	0	0	0	0	0	0	0	0	0	0	0	0	0	0	0	0	0	0	0	0	0	35	0	0	0	0	0	0	0	0	0	0	0	0	0	0	0	0	0	0	0	0	0	0	0	0	0	0	0	0	0	0	0	0	0	0	0	0
OTU3707	0	0	0	0	0	0	0	0	0	0	0	0	0	0	0	0	0	0	0	0	0	0	0	0	0	0	0	0	0	0	0	0	0	0	0	0	0	0	0	0	0	0	0	0	0	0	0	0	0	0	0	0	0	0	0	1	0	0	0	0	0	0	0	0	1	38	0	1	0	0	0	0	0	0	0	0	0	0	0	0	0	0	0	0	0	0	0	0	0	0	0	0	0	0	0	0	0	0	0	0	0	0
OTU3708	0	0	0	0	0	0	0	0	0	0	0	0	0	0	0	0	0	0	0	0	0	0	0	0	0	0	0	0	0	11	0	0	0	0	0	0	0	0	0	0	0	0	0	0	6	0	0	0	0	0	0	0	0	0	0	0	0	0	0	0	0	0	0	0	0	29	0	1	0	0	0	0	4	0	0	0	0	0	0	0	0	0	0	0	0	0	0	0	0	0	0	0	0	1	16	0	0	0	0	0	0	0
OTU3709	0	0	0	0	0	0	0	0	0	0	0	0	0	0	0	0	0	0	0	0	0	0	0	0	0	0	0	0	0	0	0	0	0	0	0	0	0	0	0	0	0	0	0	0	0	0	0	0	0	0	0	0	0	0	0	0	0	0	0	0	0	0	0	0	0	0	57	46	0	0	0	0	0	0	0	0	0	0	0	0	0	0	0	0	0	0	0	0	0	0	0	0	0	0	0	0	0	0	0	3	0	0
OTU371	0	2	3	2	0	0	3	7	0	0	1	0	0	1	0	0	1	0	0	2	0	2	7	2	3	5	24	23	15	41	71	4	3	0	0	0	11	11	29	1	46	23	27	59	87	28	17	40	167	205	18	40	41	29	37	32	30	79	50	2	0	1	3	1	87	97	117	47	114	3	20	2	16	10	126	64	6	24	28	10	24	72	78	24	72	79	11	23	18	21	20	9	71	117	200	177	120	72	72	129	113	36
OTU3710	0	0	0	0	0	0	0	0	0	0	0	0	0	0	0	0	0	0	0	0	0	0	0	0	0	0	0	0	0	0	0	0	0	0	0	0	0	0	0	0	0	0	0	0	0	0	0	0	0	0	0	0	0	0	0	0	0	0	0	0	0	0	0	0	0	0	37	0	0	0	0	0	0	0	0	0	0	0	0	0	0	0	0	0	0	0	0	0	0	0	0	0	0	0	0	0	0	0	0	0	0	0
OTU3711	0	0	0	0	0	0	0	0	0	0	0	0	0	0	0	0	0	0	0	0	0	0	0	0	0	0	0	0	0	0	0	0	0	1	0	0	0	0	0	0	0	0	0	0	0	0	0	0	0	0	0	0	0	0	0	0	0	0	0	0	0	0	0	0	0	0	37	0	0	0	0	0	0	0	0	0	0	0	0	0	0	0	0	0	0	0	0	0	0	0	0	0	0	0	0	0	0	0	0	0	0	0
OTU3712	0	0	0	0	0	0	0	0	0	0	0	0	0	0	0	0	0	0	0	0	0	0	0	0	2	0	0	0	0	0	0	1	0	0	0	0	0	0	0	0	0	0	0	0	0	0	0	0	0	0	0	0	0	0	5	0	0	0	0	0	0	0	0	0	5	0	14	0	19	0	0	0	1	0	0	0	0	0	0	0	0	0	0	0	0	0	0	0	0	0	0	0	0	0	0	0	0	0	0	0	0	0
OTU3713	0	0	0	0	0	0	0	0	0	0	0	0	0	0	0	0	0	0	0	0	0	0	0	0	0	0	0	0	0	0	2	0	0	0	0	0	0	0	0	0	2	1	0	1	0	0	0	0	0	0	0	11	0	0	0	0	9	0	0	0	0	0	0	0	0	20	31	38	0	0	0	0	0	0	0	0	0	0	0	0	0	0	0	0	0	1	0	0	0	0	0	0	0	0	0	0	6	0	0	0	0	0
OTU3714	0	0	0	0	0	0	0	0	0	0	0	0	0	0	0	0	0	0	0	0	0	0	0	0	0	0	0	0	0	0	0	0	0	0	0	0	0	0	0	0	0	0	0	0	0	0	0	0	0	0	0	0	0	0	0	0	0	0	0	0	0	0	0	0	0	0	0	28	0	0	0	0	0	0	0	0	0	0	0	0	0	0	0	0	0	0	0	0	0	0	0	0	0	0	0	0	0	0	0	0	0	0
OTU3715	0	0	0	0	0	0	0	0	0	0	0	0	0	0	0	0	0	0	0	0	0	0	0	0	0	0	0	0	0	0	0	0	0	0	0	0	0	0	0	0	1	0	0	0	0	0	4	0	0	0	0	0	0	0	0	0	0	0	0	0	0	0	0	0	0	0	0	4	0	0	0	0	0	0	0	0	0	0	0	0	0	0	0	0	0	0	0	0	0	0	0	0	0	0	0	6	0	0	36	0	0	0
OTU3716	0	0	4	0	0	1	6	19	0	0	5	0	0	2	3	1	0	5	2	2	2	11	9	11	5	0	17	14	213	36	101	4	12	10	27	4	533	8	164	0	29	7	9	95	144	458	17	62	114	34	1	30	10	355	196	29	217	67	173	6	7	6	6	15	465	52	40	234	761	2	37	283	14	10	5	487	308	372	25	13	10	22	90	232	24	35	563	47	21	5	76	35	279	944	121	335	130	1353	348	1600	423	941
OTU3717	0	0	0	0	0	0	0	0	0	0	0	0	0	0	0	0	0	0	0	0	0	0	0	0	0	0	0	0	0	0	0	0	0	0	0	0	0	0	0	0	0	0	0	0	0	0	0	0	0	0	0	0	0	0	0	0	0	0	0	0	0	0	0	0	0	1	0	0	24	0	0	0	0	0	0	0	0	0	0	0	0	0	0	0	0	0	0	0	0	0	0	0	0	0	0	0	0	0	0	0	0	15
OTU3718	0	0	0	0	0	0	0	0	0	0	0	0	0	0	0	0	0	0	0	0	0	0	0	0	0	0	0	0	0	0	0	0	0	0	0	0	0	0	0	0	0	0	0	0	0	0	0	0	0	0	0	0	0	0	0	0	0	0	0	0	0	0	0	0	0	0	0	0	29	0	0	0	0	0	0	0	0	0	0	0	0	0	0	0	0	0	0	0	0	0	0	0	0	0	0	0	0	0	0	0	0	0
OTU3719	0	0	0	0	0	0	0	0	0	0	0	0	0	0	0	0	0	0	0	0	0	0	0	0	0	2	0	0	0	0	0	0	0	0	0	0	0	0	0	0	0	0	0	0	0	0	0	0	0	0	0	0	0	0	0	0	0	0	0	0	0	0	0	0	0	0	0	0	33	0	0	0	0	0	0	0	0	0	0	0	0	0	0	0	0	0	0	0	0	0	0	0	0	0	0	0	0	0	0	0	0	0
OTU372	0	1	0	3	0	1	0	8	0	0	3	0	0	4	0	0	0	0	6	0	2	0	4	3	5	1	37	26	25	14	24	0	5	0	4	1	11	5	12	0	57	26	1	14	9	39	6	4	0	7	51	130	12	3	29	9	38	1	11	1	1	0	1	0	878	309	756	183	336	7	16	16	22	35	6	0	1	16	89	22	11	3	9	2	9	51	1	7	7	4	87	61	1	15	0	19	56	2	0	1	7	4
OTU3720	0	0	0	0	0	0	1	0	0	0	0	0	0	0	0	0	0	0	0	0	0	0	0	2	0	0	0	0	0	0	0	0	0	0	0	0	0	0	0	0	0	0	0	0	0	0	0	0	0	0	0	0	0	0	0	0	0	0	5	1	0	0	0	0	0	0	0	0	32	0	0	0	0	0	0	0	0	0	0	0	0	0	0	0	0	0	0	0	0	0	0	0	0	0	0	0	0	0	0	0	0	0
OTU3721	0	0	0	0	0	0	0	0	0	0	0	0	0	0	0	0	0	0	0	0	0	0	0	0	0	0	0	0	0	0	0	0	0	0	0	0	0	0	0	0	0	0	0	0	0	0	0	0	0	0	0	0	0	0	0	0	0	0	5	0	0	0	0	0	1	0	0	0	34	0	0	0	0	0	0	0	0	0	0	0	0	0	0	0	0	0	0	0	0	0	0	0	0	0	0	0	0	0	17	0	0	0
OTU3722	0	0	0	0	0	0	0	0	0	0	0	1	0	0	0	0	0	0	0	0	0	0	0	0	0	0	0	0	0	0	0	0	0	0	0	0	0	0	0	0	0	0	0	0	0	0	0	0	0	0	0	0	0	0	0	3	0	0	0	0	0	0	0	0	0	0	0	0	0	0	0	0	19	0	5	0	0	0	2	0	3	5	0	0	0	0	0	0	0	0	0	0	0	0	0	0	0	0	0	0	0	1
OTU3723	0	0	0	0	0	0	0	0	0	0	0	0	0	0	0	0	0	0	0	0	0	0	0	0	0	0	0	0	0	0	0	0	0	0	0	0	0	0	0	0	0	0	0	0	0	0	0	0	0	0	0	0	0	0	0	1	0	0	0	0	0	0	0	0	0	0	0	0	0	0	0	0	0	0	0	0	57	0	0	0	0	0	0	0	0	0	0	0	0	0	1	0	0	0	0	1	0	0	0	0	0	0
OTU3724	0	0	0	0	1	0	0	0	0	0	1	0	0	0	0	0	0	0	0	0	0	0	0	0	0	0	0	1	0	0	0	0	0	0	0	0	0	2	0	0	0	2	1	0	0	0	0	0	0	0	0	0	0	1	0	2	0	0	0	0	0	0	0	0	0	0	0	0	0	0	0	0	0	0	1	0	6	2	0	0	0	0	1	0	0	0	1	1	0	0	0	0	60	0	0	0	0	2	0	0	0	0
OTU3725	0	0	0	0	0	0	0	0	0	0	0	0	0	0	0	0	0	0	0	0	0	0	0	0	0	0	0	0	0	0	0	0	0	0	0	0	0	0	0	0	0	0	0	0	0	0	0	0	0	0	0	0	0	0	0	0	0	0	0	0	0	0	0	0	0	0	0	0	0	0	0	0	0	0	0	0	0	0	37	0	0	1	0	0	0	0	0	0	0	0	0	0	0	0	0	0	0	0	0	0	0	0
OTU3726	0	0	0	0	0	0	0	0	0	0	0	0	0	0	0	0	0	0	0	0	0	0	0	0	0	0	0	0	0	0	0	0	0	0	0	0	0	0	0	0	0	0	0	0	0	0	0	0	0	0	0	1	0	0	0	0	0	0	0	0	0	0	0	0	0	0	0	0	0	0	0	0	0	0	0	0	0	0	0	0	0	0	0	0	0	0	0	0	37	0	0	0	0	0	0	0	0	0	0	0	0	0
OTU3727	0	0	0	0	0	0	0	0	0	0	0	0	0	0	0	0	0	0	0	0	0	1	0	0	0	0	0	0	0	0	0	0	0	0	0	0	0	0	0	0	0	0	0	0	0	0	0	0	0	0	0	0	0	0	0	0	0	0	0	0	0	0	0	0	0	0	0	0	0	0	0	0	0	0	0	0	0	0	0	0	0	0	0	0	0	0	0	0	0	0	0	0	0	3	0	0	0	0	23	0	0	0
OTU3728	0	0	0	0	0	0	0	0	0	0	0	0	0	0	0	0	0	0	0	0	0	0	0	0	0	0	0	0	0	0	0	0	0	0	0	0	0	0	0	0	0	0	0	0	0	0	0	0	0	0	0	0	0	0	0	0	0	0	0	0	0	0	0	0	0	0	0	0	0	0	0	0	0	0	0	0	0	0	0	0	0	0	0	0	0	0	0	0	0	0	0	0	0	3	0	0	0	0	43	0	0	0
OTU3729	0	0	0	0	0	0	0	0	0	0	0	0	0	0	0	0	0	0	0	0	0	0	0	0	0	0	0	0	0	0	0	0	0	0	0	0	0	0	0	0	0	0	0	0	0	0	0	0	0	0	0	0	0	0	0	0	0	0	0	0	0	0	0	0	0	0	0	0	0	0	0	0	0	0	0	0	0	0	0	0	0	0	0	0	0	0	0	0	0	0	0	0	0	0	0	32	0	0	0	0	0	0
OTU373	0	0	0	0	0	0	0	7	0	0	0	0	0	0	0	0	0	0	5	0	0	1	0	0	3	0	133	9	0	6	14	0	0	5	0	2	7	1	322	0	6	18	15	48	7	292	20	118	1	14	0	3	8	6	58	44	215	68	22	3	0	2	0	0	3	2	5	2	0	4	2	41	12	9	0	226	5	56	8	4	31	39	49	136	19	63	3	17	3	29	30	0	28	82	4	13	18	3	4	0	0	0
OTU3730	0	0	0	0	0	0	0	0	0	0	0	0	0	0	0	0	0	0	0	0	0	0	0	0	0	0	0	0	0	0	0	0	0	0	0	0	0	0	0	0	0	0	0	0	0	0	0	0	0	0	0	0	0	0	0	0	0	0	0	0	0	0	0	0	0	0	0	0	2	0	0	0	0	0	0	0	0	0	0	0	0	0	0	1	0	0	0	0	0	0	0	0	0	0	0	0	0	27	1	0	7	0
OTU3731	0	0	0	0	0	0	0	0	0	0	0	0	0	0	0	0	0	0	0	0	0	0	0	0	0	0	0	0	0	0	0	0	0	0	0	0	0	0	0	0	0	0	0	0	0	0	0	0	0	0	0	0	0	0	0	0	0	0	0	0	0	0	0	0	0	0	0	0	0	0	0	0	0	0	0	0	0	0	0	0	0	0	0	0	0	0	0	0	0	0	0	0	0	0	0	0	0	0	18	0	0	0
OTU3732	0	0	0	0	0	0	0	0	0	0	0	0	0	0	0	0	0	0	0	0	0	0	0	0	0	0	0	0	0	0	0	0	0	0	0	0	0	0	0	0	0	0	0	0	0	0	0	0	0	0	0	0	0	0	0	0	0	0	0	0	0	0	0	0	0	0	0	0	0	0	0	0	0	0	0	0	0	0	0	0	0	0	0	0	0	0	0	0	0	0	0	0	0	0	0	0	0	0	27	23	0	6
OTU3733	0	0	0	0	0	0	0	0	0	0	0	0	0	0	0	0	0	0	0	0	0	0	0	0	0	0	0	0	0	0	0	0	0	0	0	0	0	0	0	0	0	0	0	0	0	0	0	0	0	0	0	0	0	0	0	0	0	0	0	0	0	0	0	0	0	0	0	0	0	0	0	0	0	0	0	0	0	0	0	0	0	0	0	0	0	0	0	0	0	0	0	0	0	0	0	0	0	0	0	36	0	0
OTU3734	0	0	0	0	0	0	0	0	0	0	0	0	0	0	0	0	0	0	0	0	0	0	0	0	0	0	0	0	0	0	0	0	0	0	0	0	0	0	0	0	0	0	0	0	0	0	0	0	0	0	0	0	0	0	0	0	0	0	0	0	0	0	0	0	0	0	0	0	0	0	0	0	0	0	0	0	0	0	0	0	0	0	0	0	0	0	0	0	0	0	0	0	0	0	0	0	0	0	0	30	0	0
OTU3735	0	0	0	0	0	0	0	0	0	0	0	0	0	0	0	0	0	0	0	0	0	0	0	0	0	0	0	0	0	0	0	0	0	0	0	0	0	0	0	0	0	0	0	0	0	0	0	0	0	0	0	0	0	0	0	0	0	0	0	0	0	0	0	0	0	0	0	0	0	0	0	0	0	0	0	0	0	0	0	0	0	0	0	0	0	0	0	0	0	0	0	0	0	0	0	0	0	0	0	23	0	0
OTU3736	0	0	0	0	0	0	0	0	0	0	0	0	0	0	0	0	0	0	0	0	0	0	0	0	0	0	0	0	0	0	0	0	0	0	0	0	0	0	0	0	0	0	0	0	0	0	0	0	0	0	0	0	0	0	0	0	0	0	0	0	0	0	0	0	0	0	0	0	0	0	0	0	0	0	0	0	0	0	0	0	0	0	0	0	0	0	0	0	0	0	0	0	0	0	0	0	0	0	0	31	0	0
OTU3737	0	0	0	0	0	0	0	0	0	0	0	0	0	0	0	0	0	0	0	0	0	0	0	0	0	0	0	0	0	0	0	0	0	0	0	0	0	0	0	0	0	0	0	0	0	0	0	0	0	0	0	0	0	0	0	0	0	0	0	0	0	0	0	0	0	0	0	0	0	0	0	0	0	0	0	0	0	0	0	0	0	0	0	0	0	0	0	0	0	0	0	0	0	0	0	0	0	0	0	32	0	0
OTU3738	0	0	0	0	0	0	0	0	0	0	0	0	0	0	0	0	0	0	0	0	0	0	0	0	0	0	0	0	0	0	0	0	0	0	0	0	0	0	0	0	0	0	0	0	0	0	0	0	0	0	0	0	0	0	0	0	0	0	0	0	0	0	0	0	0	0	0	0	0	0	0	0	0	0	0	0	0	0	0	0	0	0	0	0	0	0	0	0	0	0	0	0	0	0	0	0	0	0	0	25	0	0
OTU3739	0	0	0	0	0	0	0	0	0	0	0	0	0	0	0	0	0	0	0	0	0	0	0	0	0	0	0	0	0	0	0	0	0	0	0	0	0	0	0	0	0	0	0	0	0	0	0	0	0	0	0	0	0	0	0	0	0	0	0	0	0	0	0	0	0	0	0	0	0	0	0	0	0	0	0	0	0	0	0	0	0	0	0	0	0	0	0	0	0	0	0	0	0	0	0	0	0	0	0	50	0	0
OTU374	0	0	0	0	0	0	0	0	1	0	0	2	2	2	0	2	0	0	0	0	1	0	4	4	0	0	9	8	3	3	1	25	0	6	20	0	25	233	143	0	14	25	10	407	56	115	4	6	1	20	12	5	1	12	112	436	533	47	67	0	0	0	1	4	39	9	16	69	0	1	13	11	3	7	54	20	149	117	11	6	12	15	2	1	2	13	37	57	429	1	2	9	10	11	19	9	44	2	0	1	0	1
OTU3740	0	0	0	0	0	0	0	0	0	0	0	0	0	0	0	0	0	0	0	0	0	0	0	0	0	0	0	0	0	0	0	0	0	0	0	0	0	0	0	0	0	0	0	0	0	0	0	0	0	0	0	0	0	0	0	0	0	0	0	0	0	0	0	0	0	0	0	0	0	0	0	0	0	0	0	0	0	0	0	0	0	0	0	0	0	0	0	0	0	0	0	0	0	0	0	0	0	0	0	35	0	0
OTU3741	0	0	0	0	0	0	0	0	0	0	0	0	0	0	0	0	0	0	0	0	0	0	0	0	0	0	0	0	0	0	0	0	0	0	0	0	0	0	0	0	0	0	0	0	0	0	0	0	0	0	0	0	0	0	0	0	0	0	0	0	0	0	0	0	0	0	0	0	0	0	0	0	0	0	0	0	0	0	0	0	0	0	0	0	0	0	0	0	0	0	0	0	0	0	0	0	0	0	0	39	0	0
OTU3742	0	0	0	0	0	0	0	0	0	0	0	0	0	0	0	0	0	0	0	0	0	0	0	0	0	0	0	0	0	0	0	0	0	0	0	0	0	0	0	0	0	0	0	0	0	0	0	0	0	0	0	0	0	0	0	0	0	0	0	0	0	0	0	0	0	0	0	0	0	0	0	0	0	0	0	0	0	0	0	0	0	0	0	0	0	0	0	0	0	0	0	0	0	0	0	0	0	0	0	32	0	0
OTU3743	0	0	0	0	0	0	0	0	0	0	0	0	0	0	0	0	0	0	0	0	0	0	0	0	0	0	0	0	0	0	0	0	0	0	0	0	0	0	0	0	0	0	0	0	0	0	0	0	0	0	0	0	0	0	0	0	0	0	0	0	0	0	0	0	0	0	0	0	0	0	0	0	0	0	0	0	0	0	0	0	0	0	0	0	0	0	0	0	0	0	0	0	0	0	0	0	0	0	0	19	0	0
OTU3744	0	0	0	0	0	0	0	0	0	0	0	0	0	0	0	0	0	0	0	0	0	0	0	0	0	0	0	0	0	0	0	0	0	0	0	0	0	0	0	0	0	0	0	0	0	0	0	0	0	0	0	0	0	0	0	0	0	0	0	0	0	0	0	0	0	0	0	0	0	0	0	0	0	0	0	0	0	0	0	0	0	0	0	0	0	0	0	0	0	0	0	0	0	0	0	0	0	0	0	24	0	0
OTU3745	0	0	0	0	0	0	0	0	0	0	0	0	0	0	0	0	0	0	0	0	0	0	0	0	0	0	0	0	0	0	0	0	0	0	0	0	0	0	0	0	0	0	0	0	0	0	0	0	0	0	0	0	0	0	0	0	0	0	0	0	0	0	0	0	0	0	0	0	0	0	0	0	0	0	0	0	0	0	0	0	0	0	0	0	0	0	0	0	0	0	0	0	0	0	2	0	0	0	0	27	0	0
OTU3746	0	0	0	0	0	0	0	0	0	0	0	0	0	0	0	0	0	0	0	0	0	0	0	0	0	0	0	0	0	0	0	0	0	0	0	0	0	0	0	0	0	0	0	0	0	0	0	0	0	0	0	0	0	0	0	0	0	0	0	0	0	0	0	0	0	0	0	0	0	0	0	0	0	0	0	0	0	0	0	0	0	0	0	0	0	0	0	0	0	0	0	0	0	0	0	0	0	0	0	46	0	0
OTU3747	0	0	0	0	0	0	0	0	0	0	0	0	0	0	0	0	0	0	0	0	0	0	0	0	0	0	0	0	0	0	0	0	0	0	0	0	0	0	0	0	0	0	0	0	0	0	0	0	0	0	0	0	0	0	0	0	0	0	0	0	0	0	0	0	0	0	0	0	0	0	0	0	0	0	0	0	0	0	0	0	0	0	0	0	0	0	0	0	0	0	0	0	0	0	0	0	0	0	0	36	0	0
OTU3748	0	0	0	0	0	0	0	0	0	0	0	0	0	0	0	0	0	0	0	0	0	0	0	0	0	0	0	0	0	0	0	0	0	0	0	0	0	0	0	0	0	0	0	0	0	0	0	0	0	0	0	0	0	0	0	0	0	0	0	0	0	0	0	0	0	0	0	0	0	0	0	0	0	0	0	0	0	0	0	0	0	0	0	0	0	0	0	0	0	0	0	0	0	0	0	0	0	0	0	33	0	0
OTU3749	0	0	0	0	0	0	0	0	0	0	0	0	0	0	0	0	0	0	0	0	0	0	0	0	0	0	0	0	0	0	0	0	0	0	0	0	0	0	0	0	0	0	0	0	0	0	0	0	0	0	0	0	0	0	0	0	0	0	0	0	0	0	0	0	0	0	0	0	0	0	0	0	0	0	0	0	0	0	0	0	0	0	0	0	0	0	0	0	0	0	0	0	0	0	0	0	0	0	0	0	47	0
OTU375	0	0	0	0	0	0	0	4	0	0	0	0	0	0	0	0	0	0	2	0	1	0	0	0	2	1	0	0	0	0	0	7	5	3	2	0	1	0	0	0	0	1	0	0	0	0	0	0	3	0	0	17	0	0	17	4	7	7	5	1	0	0	3	5	404	182	239	207	101	0	6	0	24	2	0	0	1	0	0	0	1	1	0	0	5	0	0	0	0	0	1	0	1	4	0	18	19	4	1	2	807	754
OTU3750	0	0	0	0	0	0	0	0	0	0	0	0	0	0	0	0	0	0	0	0	0	0	0	0	0	0	0	0	0	0	0	0	0	0	0	0	0	0	0	0	0	0	0	0	0	0	0	0	0	0	0	0	0	0	0	0	0	0	0	0	0	0	0	0	0	0	0	0	0	0	0	0	0	0	0	0	0	0	0	0	0	0	0	0	0	0	0	0	0	0	0	0	0	0	0	0	0	0	0	0	32	0
OTU3751	0	0	0	0	0	0	0	0	0	0	0	0	0	0	0	0	0	0	0	0	0	0	0	0	0	0	0	0	0	0	0	0	1	0	0	0	0	0	0	0	0	0	0	0	0	0	0	0	0	0	0	0	0	0	0	0	0	0	0	0	0	0	0	0	0	0	0	0	0	0	0	0	0	0	0	0	0	0	0	0	0	0	0	0	0	0	0	0	0	0	0	0	0	0	0	0	1	0	0	0	12	28
OTU3752	0	0	0	0	0	0	0	0	0	0	0	0	0	0	0	0	0	0	0	0	0	0	0	0	0	0	0	0	0	0	0	0	0	0	0	0	0	0	0	0	0	0	0	0	0	0	0	0	0	0	0	0	0	0	0	0	0	0	0	0	0	0	0	0	0	0	0	0	0	0	0	0	0	0	0	0	0	0	0	0	0	0	0	0	0	0	0	0	0	0	0	0	0	0	0	0	0	0	0	0	25	0
OTU3753	0	0	0	0	0	0	0	0	0	0	0	0	0	0	0	0	0	0	0	0	0	0	0	0	0	0	0	0	0	0	0	0	0	0	0	0	0	0	0	0	0	0	0	0	0	0	0	0	0	0	0	0	0	0	0	0	0	0	0	0	0	0	0	0	0	0	0	0	0	0	0	0	0	0	0	0	0	0	0	0	0	0	0	0	0	0	0	0	0	0	0	0	0	0	0	0	0	0	0	0	20	0
OTU3754	0	0	0	0	0	0	0	0	0	0	0	0	0	0	0	0	0	0	0	0	0	0	0	0	0	0	0	0	0	0	0	0	0	0	0	0	0	0	0	0	0	0	0	0	0	0	0	0	0	0	0	0	0	0	0	0	0	0	0	0	0	0	0	0	0	0	0	0	0	0	0	0	0	0	0	0	0	0	0	0	0	0	0	0	0	0	0	0	0	0	0	0	0	0	0	0	0	0	0	0	0	30
OTU3755	0	0	1	0	0	0	0	0	0	0	0	0	0	0	0	0	0	0	0	0	0	0	0	0	0	0	2	0	0	0	0	0	0	0	0	0	0	0	0	0	0	0	1	0	0	0	0	0	0	0	0	0	0	0	0	0	0	0	3	0	0	0	0	0	0	0	0	0	2	0	0	0	0	4	0	0	2	0	0	0	0	0	0	1	1	3	0	0	0	0	0	0	0	5	2	3	5	0	14	1	6	19
OTU3756	0	0	4	0	0	0	226	0	0	0	1	0	0	0	3	0	0	0	0	0	0	0	0	0	1	1	0	0	0	0	0	1	0	0	0	0	0	0	0	0	0	0	0	0	0	0	0	0	8	0	0	0	0	0	0	0	0	0	0	0	1	286	1	0	1	2	2	0	1	0	0	0	0	0	0	0	0	1	0	0	1	0	0	4	0	0	0	0	0	0	0	0	1	0	0	0	2	5	0	0	1	3
OTU3757	0	0	0	0	0	0	0	20	0	0	0	0	0	0	0	0	0	0	0	0	0	0	0	0	0	0	0	0	0	0	0	0	0	0	0	0	0	0	0	0	0	0	0	0	0	0	0	0	0	0	0	0	0	0	0	0	0	0	0	0	0	0	0	0	0	0	0	0	0	0	0	0	0	0	0	0	0	0	0	0	0	0	0	0	0	0	0	0	0	0	0	0	0	0	0	0	0	0	0	0	0	0
OTU3758	0	1	0	0	0	0	0	2	1	0	0	0	0	0	0	0	0	0	0	0	0	0	0	2	0	0	24	0	7	2	6	0	0	0	2	0	11	2	23	0	0	3	0	0	0	1	1	0	0	1	0	2	1	3	4	1	6	1	1	0	0	0	0	0	0	0	0	0	0	0	1	3	1	1	3	9	21	9	1	18	0	0	0	1	0	0	5	3	5	0	2	0	1	2	4	2	1	0	0	0	0	0
OTU3759	0	0	0	0	0	0	0	0	0	0	58	0	0	0	0	0	0	0	0	0	0	0	0	0	0	0	0	0	0	0	0	0	0	0	0	0	0	0	0	0	0	0	0	0	0	0	0	0	0	0	0	0	0	0	0	0	0	0	0	0	0	0	0	0	0	0	0	0	0	0	0	0	0	0	0	0	0	0	0	0	0	0	0	0	0	0	0	0	0	0	0	0	0	0	0	0	0	0	0	0	0	0
OTU376	0	1	0	0	0	0	0	2	0	5	4	9	0	0	0	2	0	2	0	0	0	1	3	0	0	2	20	48	107	2	25	0	2	1	1	0	89	51	77	0	8	6	46	19	25	12	1	1	7	30	24	2	14	23	3	1	253	11	4	0	0	0	0	0	0	0	4	1	0	1	51	20	10	1	13	27	514	83	4	311	9	37	2	41	0	0	2	169	69	1	0	2	1	12	12	10	25	0	0	0	0	0
OTU3760	0	0	0	0	0	0	0	0	0	0	0	0	0	0	0	0	0	0	0	1	0	0	0	0	0	0	0	0	0	0	0	0	0	0	0	0	0	0	0	0	0	0	0	0	0	0	0	0	0	0	0	0	0	0	0	0	0	0	0	0	0	0	0	0	0	0	0	0	0	0	0	0	0	0	0	0	0	0	0	0	0	0	0	0	0	0	0	0	0	0	0	0	0	0	0	0	0	0	0	0	0	26
OTU3761	0	0	0	0	0	0	0	0	0	0	0	0	0	0	0	0	0	0	0	0	0	2	0	0	0	0	0	0	0	0	0	0	0	0	0	0	6	2	0	0	0	1	0	0	0	0	0	0	0	0	0	0	12	1	0	0	0	0	0	0	0	0	0	0	0	0	0	0	0	0	0	15	0	0	0	0	0	0	0	2	0	0	0	0	0	1	0	0	0	0	0	0	0	0	0	0	0	0	0	0	0	0
OTU3762	0	0	0	0	0	0	0	0	0	0	0	0	0	0	0	0	0	0	0	0	0	1	0	0	0	0	0	0	0	2	0	0	0	0	0	0	0	0	0	0	0	0	0	0	0	0	0	0	0	0	0	0	0	0	0	0	0	0	2	0	0	0	0	0	0	1	0	0	0	0	0	0	0	0	0	0	0	0	0	0	0	0	1	0	1	0	0	0	0	0	0	0	3	0	2	1	0	0	5	0	37	24
OTU3763	0	0	0	0	0	0	0	0	0	0	0	0	1	0	0	0	0	0	0	0	0	2	0	0	0	0	0	0	0	0	0	0	0	0	0	0	31	0	0	0	1	13	0	0	0	0	0	0	0	0	1	3	0	0	0	0	0	0	0	0	0	0	0	0	0	0	0	0	0	0	0	0	2	0	0	0	0	0	2	0	0	0	0	0	0	0	0	0	0	0	0	0	0	0	0	0	0	0	0	0	0	0
OTU3764	0	0	0	0	1	0	0	0	0	0	0	0	0	0	0	0	0	0	0	0	0	1	0	0	0	0	0	0	0	0	0	0	2	0	1	0	0	0	0	0	0	0	0	0	0	0	0	0	0	0	0	0	0	0	0	0	0	0	0	1	0	0	0	0	0	0	0	0	0	0	0	0	0	0	0	0	0	0	0	0	0	0	0	0	0	0	0	1	0	0	0	0	0	0	1	0	0	0	0	22	21	0
OTU3765	0	0	0	0	0	0	0	0	0	0	0	0	0	0	0	0	0	0	0	0	0	2	0	0	0	0	0	0	0	0	0	0	0	0	0	0	0	0	0	0	0	0	0	0	0	0	0	0	0	0	0	0	0	0	0	0	0	0	0	0	0	0	0	0	0	0	0	0	0	0	0	0	0	0	0	0	0	0	0	0	0	0	0	0	0	0	0	0	0	0	0	0	0	0	0	0	0	0	13	0	0	0
OTU3766	0	0	0	0	0	0	0	0	0	0	0	0	0	0	0	0	0	0	0	0	0	2	0	0	0	0	0	0	0	0	0	0	0	0	0	0	13	0	0	0	0	0	0	0	0	0	0	0	0	0	0	5	0	0	0	0	0	0	0	0	0	0	0	0	0	0	0	0	0	0	0	0	0	0	0	0	0	0	0	15	0	0	0	0	0	0	0	0	0	0	0	0	0	0	0	0	0	0	0	0	0	0
OTU3767	0	0	0	0	0	0	0	0	0	0	0	0	0	0	0	0	0	0	0	0	0	0	0	0	15	0	0	0	0	0	0	0	0	0	0	0	0	0	0	0	0	0	0	0	0	0	0	0	0	0	0	0	0	0	0	0	0	0	0	0	0	0	0	0	0	0	0	0	0	0	0	0	0	0	0	0	0	0	0	0	0	0	0	0	0	0	0	0	0	0	0	0	0	0	0	0	0	0	0	0	4	16
OTU3768	0	0	0	0	0	0	0	0	0	0	0	0	0	0	3	0	0	0	0	0	0	0	0	0	0	1	5	0	11	0	0	0	0	0	0	0	2	0	0	0	0	0	0	0	0	0	0	0	0	0	0	6	0	0	0	0	3	0	0	0	0	0	0	0	0	0	0	0	0	0	0	0	0	0	4	0	2	0	0	2	0	0	1	0	0	0	0	0	0	0	0	1	0	0	0	0	0	0	0	0	0	0
OTU3769	0	0	0	0	0	0	0	0	0	0	0	0	0	0	0	0	0	0	0	0	0	0	0	0	0	0	1	0	0	0	0	0	0	0	0	0	0	0	0	0	0	0	0	0	1	0	0	0	1	0	0	0	0	8	0	0	0	4	1	0	0	0	0	0	0	0	0	0	0	0	8	0	0	0	0	0	0	0	0	0	0	0	5	0	0	0	0	0	0	3	0	0	0	0	1	0	0	0	0	0	1	35
OTU377	0	2	0	0	0	0	2	5	0	0	0	0	0	1	0	0	0	1	6	0	7	4	0	2	7	0	15	81	0	29	8	1	2	4	8	2	70	6	34	1	66	50	122	15	15	86	18	16	55	23	18	25	43	4	39	22	22	97	17	6	1	1	4	5	555	294	91	1409	88	0	5	17	29	44	9	33	7	10	65	4	32	10	61	15	35	65	4	11	4	11	53	45	41	75	56	126	10	63	242	94	76	5
OTU3770	0	0	0	0	0	0	0	0	0	0	0	0	0	1	0	0	0	0	0	0	0	0	0	0	0	0	11	0	0	0	0	0	0	0	0	0	0	0	0	0	2	0	0	0	0	0	0	0	0	0	0	0	0	0	0	0	8	0	8	0	0	0	0	0	0	0	0	0	0	0	0	0	0	0	1	0	0	0	0	0	0	0	0	0	0	1	0	0	0	0	0	0	0	0	0	0	0	0	0	1	0	0
OTU3771	0	0	0	0	0	0	0	0	0	0	0	0	0	0	0	0	0	0	0	0	0	0	0	0	0	0	0	2	0	8	0	0	0	0	0	0	0	0	0	0	0	0	2	0	7	0	0	0	0	0	0	0	0	0	0	0	0	0	0	0	0	0	0	0	0	0	0	0	0	0	0	0	0	0	0	0	0	0	0	0	0	0	0	0	0	0	0	0	0	0	1	0	0	0	0	0	0	0	0	0	0	0
OTU3772	0	0	0	0	0	0	0	0	0	0	0	0	0	0	0	0	0	0	0	0	0	0	0	0	0	0	0	13	0	0	3	0	0	0	0	0	0	0	0	0	0	1	0	0	1	0	2	0	2	0	0	0	0	1	0	0	0	0	0	0	0	0	0	0	0	0	0	0	0	0	0	0	0	0	2	0	0	0	12	0	0	0	0	0	0	0	0	0	0	0	0	0	0	0	3	4	0	0	0	0	0	0
OTU3773	0	0	0	0	0	0	0	0	0	0	0	0	0	0	0	0	0	0	0	0	0	0	0	0	0	0	0	4	0	0	0	0	0	0	0	0	0	0	8	0	0	0	0	0	0	0	0	0	0	0	2	0	0	0	0	0	0	0	0	0	0	0	0	0	0	0	0	0	0	5	0	3	0	0	0	0	0	0	8	0	0	0	0	0	0	0	0	0	0	2	0	0	0	0	2	0	2	0	0	0	0	0
OTU3774	0	0	0	0	1	0	0	0	0	0	0	0	0	0	0	0	0	0	0	0	0	0	0	0	0	0	0	8	0	0	0	0	0	0	0	2	1	0	0	0	0	0	0	0	0	0	0	3	7	0	0	0	6	3	0	1	0	0	6	0	0	0	0	0	0	0	0	0	0	0	0	4	14	0	0	0	0	0	0	0	0	0	0	0	0	0	0	0	0	0	0	0	0	0	3	0	2	0	0	0	0	0
OTU3775	0	0	0	0	0	0	0	0	0	0	0	0	0	0	0	0	0	0	0	0	0	0	0	0	0	0	0	1	0	0	0	0	0	0	0	0	1	1	3	0	8	0	5	0	0	0	0	0	0	0	0	1	0	3	0	0	0	0	0	0	0	0	0	0	0	0	0	0	0	0	0	0	0	0	0	0	1	0	0	8	0	2	0	3	0	0	0	8	0	0	0	0	0	0	0	0	0	0	0	0	0	0
OTU3776	0	0	0	0	0	0	1	6	1	0	3	2	0	0	1	0	0	1	0	0	2	1	0	0	0	1	1	32	172	7	11	0	0	1	0	2	15	0	11	1	28	52	95	27	18	77	15	16	6	8	0	6	9	4	50	30	16	19	30	0	4	0	7	0	90	88	171	111	216	2	1	20	3	16	0	8	8	6	31	1	59	11	11	9	0	3	13	2	1	0	21	3	20	30	44	127	17	106	43	28	48	19
OTU3777	0	0	0	0	0	0	0	0	0	0	0	0	0	0	0	0	0	0	0	0	0	0	0	0	0	0	0	1	23	0	0	0	0	0	0	0	23	0	0	0	0	2	0	0	0	0	0	0	0	0	0	22	0	2	0	0	10	0	0	0	0	0	0	0	0	0	4	0	0	0	0	0	2	0	0	5	0	2	0	4	7	11	5	1	0	0	0	1	9	0	0	3	0	8	0	1	0	0	0	0	0	0
OTU3778	0	0	0	0	0	0	0	0	0	0	0	0	0	0	0	0	0	0	0	0	0	0	0	0	0	0	0	0	31	0	0	0	0	0	0	0	0	0	0	0	0	0	0	0	0	0	0	0	0	0	0	0	0	0	0	0	0	0	0	0	0	0	0	0	0	0	0	0	0	0	0	0	0	0	0	0	0	0	0	0	0	0	0	0	0	0	0	0	0	0	0	0	0	0	0	0	0	0	0	0	0	0
OTU3779	0	0	0	0	0	0	0	0	0	0	0	0	0	0	0	0	0	0	0	0	0	0	0	0	0	0	0	0	5	0	0	0	0	0	0	0	0	0	0	0	0	0	0	0	0	0	0	0	0	0	0	0	0	0	0	0	20	0	1	0	0	3	0	0	0	0	0	15	18	0	0	0	0	0	0	0	0	0	0	1	0	0	0	3	0	0	0	0	0	0	0	0	0	0	0	0	0	2	0	0	0	0
OTU378	0	0	0	0	0	0	1	1	1	0	0	0	0	0	0	0	0	0	0	0	0	12	2	5	2	0	0	0	0	0	2	1	2	0	3	1	333	0	0	0	0	0	1	0	0	0	0	0	0	0	0	0	0	3	23	12	18	17	29	2	1	0	2	1	460	146	140	155	809	7	0	1	0	0	5	12	9	97	1	0	3	0	2	0	0	0	0	0	0	0	0	1	1	0	0	1	6	6	2	5	6	0
OTU3780	0	0	0	0	0	0	0	0	0	0	0	0	0	0	0	0	0	0	0	0	0	0	0	0	0	0	2	0	4	0	0	0	0	0	0	0	0	0	10	0	0	0	0	0	0	0	8	0	0	0	0	0	0	0	0	0	0	0	3	0	0	0	1	0	0	0	0	0	0	0	0	0	0	0	0	0	0	0	0	0	0	0	0	0	1	1	0	4	2	0	4	0	0	0	0	0	0	0	0	0	0	0
OTU3781	0	0	0	0	0	0	0	0	0	0	0	0	0	0	0	0	0	0	0	0	0	0	0	0	0	0	0	0	1	0	0	0	0	0	0	0	0	0	0	0	15	3	0	0	0	0	0	0	0	0	0	11	0	0	0	0	0	0	0	0	0	0	0	0	0	0	0	0	0	0	0	0	0	2	0	0	0	0	4	0	6	0	0	0	0	0	0	0	0	1	0	0	0	0	0	0	0	0	0	0	0	0
OTU3782	0	0	0	0	0	0	0	0	0	0	0	0	0	0	0	0	0	0	0	0	0	0	0	0	0	0	2	0	1	0	0	0	0	0	0	0	0	0	0	0	0	0	0	0	0	0	1	0	0	0	0	0	0	0	0	0	6	0	0	0	0	0	0	0	0	0	0	0	0	1	19	0	0	4	0	0	1	0	0	1	0	0	0	0	0	1	0	0	6	0	1	0	0	0	0	0	0	0	0	0	0	0
OTU3783	0	0	0	0	0	0	0	0	0	0	1	0	0	0	0	0	0	0	0	0	0	0	0	0	0	0	0	0	0	11	0	0	0	0	0	0	0	0	0	0	0	1	2	0	0	0	0	8	21	0	2	0	0	2	0	0	0	0	0	0	0	0	0	0	0	0	0	0	0	0	0	0	0	3	0	0	0	0	0	0	9	0	0	0	3	7	0	0	0	13	0	0	0	19	8	2	0	0	0	0	0	0
OTU3784	0	0	0	0	0	0	0	0	0	0	0	0	0	0	0	0	0	0	0	0	0	0	0	0	0	0	0	0	0	31	0	0	0	0	0	0	0	0	0	0	0	0	0	0	0	0	0	0	0	0	0	1	0	0	0	0	0	0	0	0	0	0	0	0	0	0	0	0	0	0	0	0	0	0	0	0	0	0	0	0	0	0	0	0	0	0	0	0	0	0	0	6	0	0	0	0	0	0	0	0	0	0
OTU3785	0	0	0	0	0	0	0	0	0	0	0	0	0	0	0	0	0	0	0	0	0	0	0	0	0	0	3	0	0	9	0	0	0	0	0	0	1	0	0	0	0	0	0	0	0	0	0	3	2	0	0	3	0	0	0	6	2	8	0	0	0	0	0	0	0	1	0	0	0	0	0	2	8	0	0	0	0	0	0	0	0	4	1	1	1	0	0	0	0	0	0	0	9	3	3	0	6	0	34	1	14	18
OTU3786	0	0	0	1	0	0	0	0	0	0	0	0	0	0	0	0	0	0	0	0	0	0	0	0	0	0	0	5	0	1	0	0	0	0	0	0	3	0	0	0	7	0	0	5	0	0	0	0	0	0	0	6	0	0	0	0	0	0	0	0	0	0	0	0	0	0	0	0	0	0	1	0	0	0	3	6	0	0	0	0	0	0	0	0	0	0	0	0	0	0	6	0	0	0	0	0	0	0	0	0	0	0
OTU3787	0	0	0	0	0	5	0	0	0	0	0	0	0	0	0	0	0	0	0	0	0	1	0	0	0	0	6	7	2	14	1	0	0	0	0	0	0	0	0	0	7	6	4	7	2	0	0	9	0	2	4	10	6	2	5	9	16	14	10	0	0	0	2	0	21	0	2	0	0	3	8	1	4	0	26	3	12	0	1	5	6	0	6	1	1	4	0	0	5	13	18	0	2	0	4	1	3	0	0	0	0	0
OTU3788	0	0	0	0	0	0	0	0	0	0	0	0	0	0	0	0	0	0	0	0	0	0	0	0	0	0	0	0	0	0	5	0	0	0	0	0	0	2	0	0	4	4	0	0	0	0	0	1	4	0	0	0	0	0	0	0	0	0	8	0	0	0	0	0	0	0	0	0	0	0	19	5	0	0	0	5	0	3	0	0	0	0	0	0	0	0	0	2	0	0	16	0	0	0	0	0	0	0	0	0	0	0
OTU3789	0	0	0	0	0	0	0	0	0	0	0	0	0	0	0	0	0	0	0	0	0	0	0	0	0	0	0	0	0	0	3	0	0	0	0	0	0	0	4	0	3	0	0	0	5	2	1	0	0	0	0	0	0	0	0	0	0	7	0	0	0	0	0	0	0	0	0	0	0	0	0	0	0	1	0	0	3	0	0	0	0	0	0	0	0	1	0	0	0	0	0	1	0	0	0	0	0	0	0	0	0	0
OTU379	0	1	0	0	0	0	0	1	1	0	0	0	0	0	0	0	1	0	0	0	0	0	0	0	0	0	1	25	0	15	35	6	2	3	2	0	4	1	5	4	3	2	1	292	149	123	11	4	10	7	7	46	1	24	359	390	80	13	47	3	0	0	0	0	5	8	1	0	2	1	32	95	3	13	5	1	15	5	4	3	11	117	29	1	12	5	1	8	3	11	2	57	21	17	26	27	653	0	0	1	3	13
OTU3790	0	0	0	0	0	0	0	0	0	0	0	0	0	0	0	0	0	0	0	0	0	0	0	0	0	0	0	0	0	0	1	0	0	0	0	0	0	0	0	0	0	0	0	0	2	0	0	2	0	0	0	0	0	0	5	0	0	2	2	0	0	0	0	0	0	0	0	1	0	0	0	0	0	0	0	0	0	0	0	0	0	0	1	0	0	0	0	0	0	0	0	2	0	0	11	6	0	0	0	0	0	0
OTU3791	0	0	0	0	0	0	0	0	0	0	0	0	0	0	0	0	0	0	0	0	0	0	0	0	0	0	0	0	0	0	0	2	0	0	0	0	0	0	0	0	0	0	0	3	0	2	0	2	0	0	0	0	0	2	1	0	18	0	0	0	1	0	0	0	0	0	1	0	0	0	0	0	0	0	0	0	0	0	0	0	0	0	0	4	0	3	0	0	0	0	1	2	15	0	0	1	0	0	0	0	0	0
OTU3792	0	0	0	0	0	0	0	0	0	0	0	0	0	0	0	0	0	0	0	0	0	0	0	0	0	0	0	0	0	0	0	0	0	1	0	0	0	0	0	0	0	0	0	0	0	33	2	0	0	0	0	0	0	0	0	0	0	0	0	0	0	0	0	0	0	0	0	0	0	0	0	0	0	0	0	0	0	0	0	0	0	0	0	0	0	0	0	0	0	0	0	0	0	0	0	1	0	0	0	0	0	0
OTU3793	0	0	0	0	0	0	0	0	0	0	0	0	0	0	0	0	0	2	0	0	0	0	5	0	0	0	0	0	0	0	0	0	0	0	0	0	42	1	6	0	0	0	0	0	3	4	0	0	0	0	1	1	0	0	0	0	0	0	0	0	0	0	0	0	0	0	0	0	1	0	0	0	0	0	9	0	0	0	0	3	0	0	0	0	0	0	12	0	0	0	0	0	0	0	0	1	0	0	0	0	0	0
OTU3794	0	0	0	0	0	0	0	0	0	0	0	0	0	0	0	0	0	0	0	0	0	0	0	0	0	0	0	0	0	0	0	0	1	0	0	0	33	0	0	0	0	0	0	0	0	0	0	0	0	0	0	0	0	0	0	0	0	0	0	0	0	0	0	0	0	26	0	0	5	0	0	0	0	0	0	0	0	0	0	0	0	0	0	0	0	0	0	0	0	0	0	0	0	0	0	0	0	2	0	0	0	0
OTU3795	0	0	0	0	0	0	0	0	0	0	0	0	0	0	0	0	0	0	0	0	0	0	0	0	0	0	0	0	0	0	0	0	0	0	0	0	25	0	0	0	0	0	0	0	0	0	0	0	0	0	0	0	0	0	0	0	0	0	0	0	0	0	0	0	0	0	0	0	0	0	0	0	0	0	0	0	0	0	0	0	0	0	0	0	0	0	0	0	0	0	0	0	0	0	0	0	0	0	0	0	0	0
OTU3796	0	0	0	0	0	0	0	0	0	0	0	0	0	0	0	0	0	0	0	0	0	0	0	0	0	0	0	0	0	0	0	0	0	0	0	0	2	0	0	0	0	0	0	0	1	0	0	0	0	0	0	0	0	0	0	3	0	0	0	0	0	0	0	0	0	0	0	0	0	0	0	0	0	0	0	0	0	0	0	0	0	4	0	10	0	0	0	0	0	0	0	0	0	0	0	0	0	0	0	0	0	0
OTU3797	0	0	0	0	0	0	0	2	0	0	0	0	0	0	0	0	0	0	0	0	0	3	0	0	0	0	13	4	8	7	2	0	0	0	0	0	41	2	13	0	0	0	0	0	3	16	4	0	0	0	5	0	12	6	3	3	33	1	0	2	0	5	0	0	0	1	0	0	0	0	3	0	1	0	4	55	2	5	0	0	1	15	0	31	0	0	6	0	10	0	6	1	1	1	0	0	0	0	0	0	0	0
OTU3798	0	0	1	0	0	0	0	0	1	0	0	0	0	0	2	0	0	0	0	0	0	0	0	0	0	0	4	2	0	1	0	0	0	0	1	0	4	0	0	0	0	3	0	0	0	0	8	0	0	3	0	0	0	4	1	0	0	0	0	0	0	0	0	0	0	0	0	0	0	0	0	0	0	1	0	6	1	0	1	0	2	3	0	0	0	0	6	6	2	6	0	1	0	1	2	4	0	0	0	0	0	0
OTU3799	0	0	0	0	0	3	0	0	0	0	0	0	0	0	0	0	0	0	0	0	0	0	2	2	0	0	3	2	6	1	1	0	0	0	0	0	0	18	63	0	0	1	3	0	0	11	0	0	0	0	2	0	0	0	5	0	2	0	0	0	0	0	0	0	0	0	0	0	0	0	4	0	0	3	0	0	7	19	0	0	0	0	0	0	3	1	23	0	32	0	1	0	0	0	3	0	0	0	0	0	0	0
OTU38	0	13	4	0	0	10	0	1	0	4	10	6	0	4	2	1	4	2	2	0	0	5	1	0	0	0	15	29	21	6472	20	98	3	0	3	0	20	10	26	1	19	50	33	3595	186	16	8	21	4591	31	11	23	31	81	62	2048	53	18	31	1	3	80	0	0	0	28	1	4	1	13	32	31	7	30	25	24	45	35	34	13	31	26	53	4906	10	33	19	14	14	28	16	19	31	49	55	84	79	1	1	2	1	1
OTU380	0	0	0	0	0	0	2	1	0	0	0	0	0	0	0	0	0	0	1	1	3	1	2	0	2	1	1	18	0	16	12	0	2	1	3	0	10	0	0	0	7	1	2	9	11	12	4	22	51	2	0	31	4	10	14	8	16	14	13	1	2	0	2	0	408	216	233	157	198	3	1	2	29	5	14	1	6	0	9	1	0	7	16	5	6	11	1	0	0	11	0	4	9	8	7	23	10	28	162	22	200	155
OTU3800	0	0	0	0	0	0	0	0	0	0	0	0	0	0	0	0	0	0	0	0	0	0	0	0	0	0	0	0	0	2	0	0	0	0	0	0	0	8	9	0	0	0	0	0	0	1	0	0	0	0	0	0	0	0	2	0	15	1	0	0	0	0	0	0	1	0	3	0	0	5	0	0	0	0	0	0	16	2	0	0	0	1	2	0	0	0	0	4	0	0	0	0	1	3	0	5	1	0	0	0	0	0
OTU3801	0	0	0	0	0	0	0	0	0	0	0	0	0	0	0	0	0	0	0	0	0	0	0	0	0	0	0	0	0	0	0	0	0	0	0	0	0	1	5	0	0	2	0	0	0	0	0	0	0	0	0	0	0	0	0	0	0	0	0	0	0	0	0	0	0	0	0	0	0	0	0	0	0	0	0	0	0	0	0	0	0	0	0	0	0	0	2	1	11	0	0	0	0	0	0	0	0	0	0	0	0	0
OTU3802	0	0	0	0	0	0	0	0	0	0	0	0	0	0	0	0	0	0	1	0	2	0	0	0	0	0	0	0	0	0	0	0	0	0	0	0	0	0	0	0	6	7	28	0	0	0	0	0	0	0	0	0	0	0	0	3	0	0	0	0	0	0	0	0	0	9	0	0	0	0	0	0	0	0	0	0	0	0	0	0	0	0	0	2	0	0	0	0	0	0	0	0	0	0	1	0	1	0	0	0	0	0
OTU3803	0	0	0	0	0	0	0	0	0	0	0	0	0	0	0	0	0	0	0	0	0	0	0	0	0	0	0	1	0	0	0	0	0	0	0	0	0	2	0	0	14	4	0	0	0	0	0	0	0	0	0	0	0	2	0	0	0	0	0	0	0	0	0	0	0	0	0	0	0	0	0	0	0	0	0	0	0	0	0	11	0	0	0	0	0	0	11	1	0	0	0	0	0	0	0	0	0	0	0	0	0	0
OTU3804	0	0	0	0	0	0	0	0	0	0	0	0	0	0	0	0	0	0	0	0	0	0	0	0	0	0	2	0	0	0	0	0	0	0	0	0	0	0	4	0	11	0	0	0	0	0	0	0	0	0	0	0	0	0	0	0	0	0	0	0	0	0	0	0	0	0	0	0	0	1	0	0	0	0	0	2	4	0	5	0	3	0	0	0	0	1	0	0	0	0	0	0	0	0	0	0	0	0	0	0	0	0
OTU3805	0	0	0	0	0	0	0	0	0	0	0	0	0	0	0	0	0	0	0	0	0	0	0	0	0	0	0	0	0	0	0	0	0	0	0	0	0	0	1	0	1	0	0	0	0	0	0	0	0	0	0	5	0	0	0	0	0	0	0	0	0	0	0	0	0	0	0	0	0	1	21	20	0	0	0	0	0	0	0	0	0	0	1	0	0	0	0	0	0	0	0	0	0	0	0	0	0	0	0	0	0	0
OTU3806	0	0	0	0	0	0	0	0	0	0	0	0	0	0	0	0	0	0	0	0	0	0	0	0	0	0	0	0	0	0	0	0	0	0	0	0	0	0	0	0	3	0	0	11	3	5	0	0	0	0	0	0	0	0	0	0	0	0	0	0	0	0	0	0	0	0	0	0	0	0	0	0	0	0	0	0	0	0	0	0	0	19	0	0	0	0	0	0	0	0	0	0	0	2	0	0	0	0	0	0	0	0
OTU3807	0	0	0	0	0	0	0	0	0	0	0	0	0	0	0	0	0	0	0	0	0	0	0	0	0	0	0	0	0	0	0	0	0	0	0	0	0	0	0	0	0	23	0	0	0	0	0	0	0	0	0	0	0	0	0	0	0	0	0	0	0	0	0	0	0	0	0	0	0	0	0	0	0	0	0	0	0	0	0	0	0	0	0	0	0	0	0	0	0	0	0	0	0	0	0	0	0	0	0	0	0	0
OTU3808	0	0	0	0	0	0	1	0	0	0	0	0	0	0	0	0	0	0	0	0	0	0	0	0	0	0	0	0	0	0	0	0	0	0	0	0	0	0	0	0	0	3	0	0	0	0	0	2	0	0	18	0	6	1	0	0	0	0	0	0	0	0	0	0	0	0	0	1	0	0	0	0	0	0	0	0	0	0	0	0	2	0	0	0	0	0	0	1	0	5	0	0	0	0	0	1	0	0	0	0	0	0
OTU3809	0	0	0	0	0	0	0	0	0	0	0	0	0	0	0	0	0	0	0	0	0	1	0	0	0	0	0	0	0	0	0	0	0	0	0	0	0	0	0	0	0	0	1	0	0	0	0	0	0	0	0	0	0	0	0	0	0	0	0	0	0	0	0	0	0	0	0	0	0	0	0	0	0	0	0	0	0	0	0	0	0	0	0	0	0	0	0	0	0	0	0	0	0	1	0	0	0	1	77	0	0	26
OTU381	0	0	0	0	0	0	0	3	1	0	1	0	0	2	0	0	0	0	0	0	4	4	1	10	1	3	3	6	0	0	1	3	6	2	1	1	2	0	1	0	18	1	69	0	22	2	0	7	12	0	1	27	9	2	1	1	26	31	9	5	7	0	6	4	30	34	402	734	53	0	2	2	35	5	0	12	2	3	4	0	9	5	155	5	17	10	1	0	2	1	0	10	98	23	46	29	42	157	356	228	361	349
OTU3810	0	0	0	0	0	0	0	0	0	0	0	0	0	0	0	0	0	0	0	0	0	0	0	0	0	0	0	0	0	0	0	1	0	0	0	0	0	0	0	0	0	0	0	14	0	0	0	0	0	0	0	0	0	0	30	1	0	0	41	0	0	0	0	0	0	0	0	0	1	0	0	0	0	0	0	0	0	0	0	0	0	0	0	0	0	11	0	0	0	0	0	0	0	7	0	0	0	0	0	0	0	0
OTU3811	0	1	0	0	0	0	0	0	0	0	0	0	0	0	0	0	0	0	0	0	0	0	0	0	0	0	0	4	0	6	1	0	0	0	0	0	0	0	0	0	0	0	0	5	0	0	0	0	0	0	1	0	0	0	3	3	9	3	0	0	0	0	0	0	0	1	0	0	0	0	0	0	0	1	0	0	0	0	0	0	1	0	0	0	0	0	0	0	0	0	0	0	10	0	2	0	0	0	0	0	0	0
OTU3812	0	0	0	0	0	0	0	0	0	0	0	0	0	0	0	0	0	0	0	0	0	0	0	0	0	0	0	0	0	0	2	0	0	0	0	0	0	0	0	0	0	0	0	24	0	0	0	1	8	0	0	0	0	0	4	32	0	1	0	0	0	0	0	0	0	0	0	0	0	0	0	0	0	0	0	0	0	0	0	0	0	0	3	0	0	0	0	0	0	0	0	1	0	0	0	0	5	0	0	0	0	0
OTU3813	0	0	0	0	0	0	0	0	0	0	2	1	0	0	0	0	0	0	0	0	0	0	0	0	0	0	0	1	0	0	0	0	0	0	1	0	0	0	0	0	0	0	2	18	0	1	1	0	2	0	0	0	3	1	19	0	0	0	0	0	0	0	0	0	0	0	2	0	0	0	0	0	0	2	0	0	0	0	2	0	0	0	0	0	0	0	1	0	0	4	1	0	3	0	2	3	0	0	0	0	0	0
OTU3814	0	0	0	0	0	0	0	0	0	0	0	0	0	0	0	0	0	0	0	0	0	0	0	0	0	0	0	2	1	0	1	2	0	0	0	0	3	0	0	0	2	0	0	188	0	0	0	0	0	0	0	0	0	1	0	0	0	0	0	0	0	0	0	0	0	0	0	0	0	0	0	0	0	0	0	4	1	1	0	0	0	0	0	0	0	4	0	0	3	0	0	0	0	0	0	3	0	0	0	0	0	0
OTU3815	0	0	0	0	0	0	0	0	0	0	0	0	0	0	0	0	0	0	0	0	0	0	0	0	0	0	0	0	0	0	0	1	0	0	0	0	0	0	0	0	0	0	0	34	0	0	0	0	0	0	0	0	0	0	1	0	1	0	0	0	0	0	0	0	0	0	0	0	0	0	0	0	0	0	0	0	0	0	0	0	0	0	0	0	0	0	0	0	0	0	0	0	0	0	0	0	0	0	0	0	0	0
OTU3816	0	0	0	0	0	0	0	0	0	0	0	0	0	0	0	0	0	0	0	0	0	0	0	0	0	0	0	5	0	1	0	0	0	0	0	0	0	0	0	0	0	0	0	17	0	3	0	0	0	0	0	0	0	0	0	0	1	0	0	0	0	0	0	0	0	0	0	0	0	0	0	0	0	0	0	0	0	0	0	0	0	0	0	6	0	0	0	0	0	0	0	0	0	0	0	0	0	0	0	0	0	0
OTU3817	0	0	0	0	0	0	0	0	0	0	0	0	0	0	0	0	0	0	0	0	0	0	0	0	0	0	0	0	0	0	0	0	0	0	0	0	0	0	0	0	0	0	0	6	1	0	2	5	0	0	0	0	0	0	0	0	0	0	0	0	0	0	0	0	0	0	0	0	0	0	0	1	0	0	13	0	0	0	0	0	0	0	1	0	0	0	0	0	0	0	0	3	4	0	0	1	9	0	0	0	0	0
OTU3818	0	0	0	0	0	0	0	0	0	0	0	0	0	0	0	0	0	0	0	0	0	0	0	0	0	0	0	0	0	0	0	0	0	0	0	0	0	0	0	0	3	0	0	13	0	0	0	0	0	0	0	0	0	0	0	0	0	0	0	0	0	0	0	0	0	0	0	0	0	0	0	0	0	0	0	0	0	0	0	0	0	2	0	0	0	0	0	0	0	0	0	0	0	0	0	0	0	0	0	0	0	0
OTU3819	0	0	0	0	0	0	0	1	0	0	0	0	0	0	0	0	0	0	0	0	0	0	0	0	0	0	0	0	0	0	0	0	0	0	0	0	0	0	0	0	0	0	2	14	9	0	0	0	0	0	5	0	0	0	18	12	4	0	1	0	0	0	0	0	0	0	0	0	0	0	0	0	12	0	0	1	0	1	8	0	1	3	0	0	0	0	0	0	0	0	0	0	0	0	0	1	1	0	0	0	0	0
OTU382	0	2	0	0	0	1	3	6	0	1	0	1	1	3	0	0	0	0	2	0	4	5	4	3	2	2	9	0	0	5	0	5	7	0	7	3	16	17	25	0	3	9	15	10	19	6	0	1	1	16	17	102	2	10	39	14	28	11	44	8	5	5	6	3	495	208	309	484	440	16	33	13	28	13	0	7	59	38	60	2	17	8	32	15	80	2	5	49	58	7	7	17	2	27	63	25	102	1	463	9	49	1886
OTU3820	0	0	0	0	0	0	0	0	0	0	0	0	0	0	0	0	0	0	0	0	0	0	0	0	0	0	0	0	0	0	0	0	0	0	0	0	0	0	0	0	0	0	0	5	9	0	0	0	0	0	0	0	0	0	0	0	0	1	0	0	0	0	0	0	0	0	0	0	0	0	0	0	0	0	0	0	0	0	0	5	0	0	6	0	0	1	1	0	0	19	0	1	6	0	9	1	0	1	0	0	1	0
OTU3821	0	0	0	0	0	0	0	0	0	0	0	0	0	0	0	0	0	0	0	0	0	0	0	0	0	0	0	0	0	0	1	0	0	0	0	0	0	0	0	0	0	0	0	0	4	0	0	0	0	0	0	0	0	0	0	0	0	0	14	0	0	0	0	0	0	0	0	0	0	0	0	0	0	0	0	0	0	0	0	0	0	0	0	3	0	0	0	0	0	0	0	0	0	0	2	0	13	0	0	0	0	0
OTU3822	0	0	0	0	0	0	0	0	0	0	0	0	0	0	0	0	0	0	0	0	0	0	0	0	0	0	0	0	0	0	0	0	0	0	0	0	0	0	0	0	0	0	0	0	14	17	0	0	0	0	0	0	0	0	0	0	0	1	0	0	0	0	0	0	0	0	0	0	0	0	0	0	0	0	4	1	0	0	0	0	1	0	0	0	2	0	0	0	0	0	0	0	0	0	0	0	0	0	0	0	0	0
OTU3823	0	0	0	0	0	0	0	0	0	0	0	0	0	0	0	0	0	0	0	0	0	0	0	0	0	0	0	0	1	0	0	0	0	0	0	0	0	0	0	0	0	0	0	0	3	0	0	0	0	0	0	0	0	0	1	0	0	0	2	0	0	0	0	0	0	0	0	0	0	0	0	0	0	0	0	0	0	0	0	0	0	0	9	0	0	0	0	0	0	0	0	0	0	0	0	0	22	0	0	0	0	0
OTU3824	0	0	0	0	0	0	0	0	0	0	0	0	0	0	0	0	0	0	0	0	0	0	0	0	0	0	0	0	0	0	0	0	0	0	0	0	0	0	0	0	0	0	0	0	1	0	0	0	0	0	0	0	0	0	0	0	23	0	0	0	0	0	0	0	0	0	0	0	0	0	0	0	0	0	0	0	0	0	0	0	0	0	0	0	0	0	0	0	0	0	0	0	0	0	0	0	0	0	0	0	0	0
OTU3825	0	0	0	0	0	0	0	0	0	0	0	0	0	0	0	0	0	0	0	0	0	0	0	0	0	0	0	1	0	0	3	0	0	0	0	0	0	0	0	0	0	0	0	7	6	0	0	0	0	0	0	0	0	0	0	0	0	7	0	0	0	0	0	2	0	0	0	0	0	2	15	3	0	0	0	0	0	0	0	0	0	0	0	0	0	0	0	0	0	0	0	0	0	0	0	0	0	0	0	0	0	0
OTU3826	0	0	0	0	0	0	0	0	0	0	0	0	0	0	0	0	0	0	0	0	0	0	0	0	0	0	1	0	0	0	1	0	0	0	0	0	1	0	0	0	0	0	0	0	3	4	0	1	1	0	0	0	1	0	4	0	0	0	3	0	0	0	0	0	0	0	0	0	0	0	0	0	0	2	0	0	0	0	0	0	0	0	0	1	1	1	0	0	0	0	0	0	21	1	6	5	2	0	0	0	0	0
OTU3827	0	0	0	0	0	0	0	0	0	0	0	0	0	0	0	0	0	0	0	0	0	0	0	0	0	0	0	0	0	0	0	0	0	0	0	0	0	0	0	0	0	0	0	0	0	17	0	0	0	0	0	0	0	0	0	0	0	0	0	0	0	0	0	0	0	0	0	0	0	0	0	0	0	0	0	2	0	0	7	0	0	0	8	0	0	0	0	0	0	0	0	0	0	0	0	0	0	0	0	0	0	0
OTU3828	0	0	0	4	0	0	0	0	0	0	0	0	0	1	0	0	0	0	0	0	0	0	0	0	0	0	0	0	0	0	0	0	0	0	0	0	11	0	8	0	0	0	0	0	0	0	3	0	0	0	0	0	0	0	0	0	0	0	1	0	0	0	0	0	0	0	0	0	0	0	3	0	2	0	0	0	0	9	0	0	0	0	0	0	0	0	21	0	16	0	0	0	1	0	0	0	0	0	0	0	0	0
OTU3829	0	0	0	0	0	0	0	0	0	0	0	0	0	0	0	0	0	0	0	0	0	0	0	0	0	0	0	1	0	0	0	0	0	0	0	0	0	0	0	0	0	0	0	0	0	0	0	4	0	0	0	0	0	0	1	2	10	0	0	0	0	0	0	0	0	0	1	0	0	0	0	0	0	0	0	0	0	0	0	0	0	11	1	0	0	0	0	0	0	0	0	8	0	0	0	0	6	0	0	0	0	0
OTU383	0	2	1	2	0	0	0	3	0	4	0	0	1	0	3	0	0	0	9	0	7	0	0	4	0	0	0	4	2	14	0	2	3	0	0	0	3	1	182	0	34	270	251	23	46	104	8	0	2	2	4	5	34	43	29	31	3	4	12	3	0	2	0	1	0	0	11	0	0	32	54	25	32	63	400	8	5	18	20	5	32	159	0	16	6	20	1	2	5	7	7	10	3	15	19	7	5	0	0	0	1	0
OTU3830	1	0	0	0	0	0	0	0	0	0	0	0	0	0	0	0	0	0	0	0	0	0	0	0	0	0	0	0	0	0	0	0	0	0	0	0	0	0	0	0	0	0	0	0	0	0	0	28	0	0	0	0	0	0	0	0	0	0	0	0	0	0	0	0	0	0	0	0	0	0	0	0	0	0	0	0	0	0	0	0	0	0	0	3	7	0	0	0	0	0	0	0	0	0	2	0	0	0	0	0	0	0
OTU3831	0	0	0	0	0	0	0	0	0	0	0	0	0	0	0	0	0	0	0	0	0	0	0	0	0	0	0	0	0	0	0	0	0	0	0	1	0	0	0	0	0	0	0	0	0	0	0	16	0	0	0	2	0	0	10	0	1	2	7	0	2	0	0	0	0	0	0	0	0	0	0	0	0	0	0	0	0	0	0	0	0	0	7	0	0	0	0	0	0	0	0	0	0	0	8	0	3	0	0	0	0	0
OTU3832	0	0	0	0	0	0	0	0	0	0	0	2	0	0	0	0	0	0	0	0	0	0	0	0	0	0	0	0	0	0	0	0	0	0	0	0	0	1	0	1	0	0	0	0	0	0	0	6	0	0	0	0	0	0	21	8	0	0	0	0	0	0	0	0	0	0	0	0	0	0	0	0	0	0	0	1	0	0	0	0	0	22	7	0	0	0	0	0	0	0	0	0	0	0	1	0	2	0	0	0	0	0
OTU3833	0	0	0	0	0	0	0	0	0	0	0	0	0	0	0	0	0	0	0	0	0	0	0	0	0	0	0	0	0	2	0	0	0	0	0	0	0	0	0	0	0	0	0	0	0	0	0	0	11	1	0	0	0	0	0	0	2	0	0	0	0	0	0	0	0	0	0	0	0	0	0	0	0	0	0	3	0	0	32	0	0	0	0	0	0	0	0	0	0	0	0	0	0	0	0	0	0	0	0	0	0	0
OTU3834	0	0	0	0	0	0	0	0	0	0	0	0	0	0	0	0	0	0	0	0	0	0	0	0	0	0	0	0	0	0	0	0	0	0	0	0	0	0	0	0	0	0	0	0	0	0	0	0	0	13	0	0	0	0	0	0	0	0	0	0	0	0	0	0	0	0	0	0	0	0	0	9	0	0	0	0	0	21	0	0	3	0	0	0	0	0	0	0	0	0	0	0	0	0	0	0	0	0	0	0	0	0
OTU3835	0	0	0	0	0	0	0	0	0	0	0	0	0	0	0	0	0	0	0	0	0	0	0	0	0	0	0	0	0	0	0	0	0	0	0	0	0	0	0	0	0	2	0	0	0	0	0	0	0	3	0	0	0	0	1	7	0	14	0	0	0	0	0	0	0	0	0	0	0	0	1	0	21	0	0	0	1	0	0	1	2	0	1	0	2	1	0	0	0	0	0	3	4	21	0	0	0	0	1	0	0	0
OTU3836	0	0	0	0	0	0	0	0	0	0	0	0	0	0	0	0	0	0	0	0	0	0	0	0	0	0	0	0	0	1	0	0	0	0	0	0	0	2	0	0	0	0	0	0	0	0	0	0	3	0	5	3	1	2	0	2	0	0	0	0	0	0	0	0	0	0	0	0	0	0	0	0	1	0	0	0	0	0	0	0	0	2	0	1	0	0	6	1	5	1	0	1	0	1	1	0	0	0	0	0	0	0
OTU3837	0	0	0	0	0	0	0	0	0	0	0	0	0	0	0	0	0	0	0	0	0	0	0	0	0	0	0	0	0	0	0	0	0	0	0	0	0	0	0	0	0	0	0	0	0	0	0	0	0	0	0	15	0	0	0	0	0	0	0	0	0	0	0	0	0	0	0	0	0	0	0	0	0	0	0	0	0	0	0	0	0	0	0	0	0	0	0	0	0	0	0	0	0	0	0	0	0	0	0	0	0	0
OTU3838	0	0	0	0	0	0	0	0	0	0	0	0	0	0	0	0	0	0	0	0	0	0	0	0	0	0	0	0	0	0	0	0	0	0	0	0	0	0	0	0	0	0	0	0	0	0	0	0	0	0	0	0	9	0	0	0	0	0	0	0	0	0	0	0	0	0	0	0	0	0	0	0	5	0	0	1	7	0	0	0	0	0	6	0	0	0	0	0	0	0	0	0	0	0	0	0	0	0	0	0	0	0
OTU3839	0	0	0	0	0	0	0	0	0	0	0	0	0	0	0	0	0	0	0	0	0	0	0	0	0	0	0	0	0	0	0	0	0	0	0	0	0	0	0	0	0	0	0	0	0	0	0	0	0	0	0	0	0	7	0	0	0	0	0	0	0	0	0	0	0	0	0	0	0	0	0	0	0	0	0	0	0	0	0	0	0	0	0	0	0	0	2	0	0	0	0	0	0	1	0	0	0	29	36	0	0	0
OTU384	0	2	1	0	0	0	0	8	4	2	1	5	0	1	0	0	1	0	1	0	0	5	0	0	0	0	28	7	102	9	44	0	2	0	1	0	286	130	37	2	12	153	17	5	12	114	21	2	2	5	1	5	4	12	15	14	192	2	10	0	0	0	0	2	2	0	11	0	1	5	110	72	9	9	47	439	52	22	4	118	20	22	2	16	5	16	332	85	27	2	21	19	15	9	7	34	4	2	0	0	1	0
OTU3840	0	0	0	0	0	0	0	0	0	0	0	0	0	0	0	0	0	0	0	0	0	0	0	0	0	0	0	0	0	0	0	0	0	0	0	0	0	0	0	0	0	0	0	0	0	0	0	4	0	0	0	0	0	1	0	0	2	0	0	0	0	0	0	0	0	0	27	0	0	0	0	0	0	0	0	0	0	0	0	0	0	0	0	0	4	0	0	0	0	0	0	0	0	0	0	0	0	0	0	0	0	0
OTU3841	0	0	0	2	0	0	0	0	0	0	0	0	0	0	0	0	0	0	0	0	0	0	0	0	0	0	0	0	0	0	0	0	0	0	0	0	5	0	0	0	0	0	0	0	0	0	0	0	1	0	0	0	0	2	0	0	0	0	0	0	0	0	0	0	0	0	0	0	0	7	24	0	0	2	0	3	2	0	0	0	0	0	0	0	0	0	0	0	4	0	0	3	0	1	0	0	0	0	0	0	0	0
OTU3842	0	0	0	0	0	0	0	0	0	0	0	0	0	0	0	0	0	0	0	0	0	0	0	0	0	0	0	0	1	0	0	0	0	0	0	0	0	0	0	0	0	0	0	0	0	2	0	0	0	0	0	0	0	0	3	0	4	13	8	0	1	0	0	0	0	0	0	1	0	0	0	0	0	0	0	0	2	0	0	0	0	5	7	0	0	4	0	0	0	0	0	0	0	15	0	0	0	0	0	0	0	0
OTU3843	0	0	0	0	0	0	0	0	0	0	0	0	0	0	0	0	0	0	0	0	0	0	0	0	0	0	0	0	0	0	0	0	0	0	0	0	0	0	0	0	0	0	10	1	0	17	0	0	0	2	0	0	0	0	3	6	2	0	0	0	0	0	0	0	0	0	0	0	0	0	0	0	0	0	6	0	0	0	0	0	0	0	0	4	0	0	0	0	0	0	0	1	0	0	0	0	2	0	0	0	0	0
OTU3844	0	0	0	0	0	0	0	0	0	0	0	1	2	0	0	0	0	0	0	0	0	0	0	0	0	0	0	0	0	0	0	0	0	0	0	0	0	0	0	0	0	0	0	0	0	0	0	0	0	0	0	0	2	0	0	12	3	0	0	0	0	0	0	0	0	0	0	0	0	3	0	0	0	0	0	0	0	4	0	0	0	2	0	0	0	0	6	0	0	0	0	0	0	0	0	7	2	0	0	0	4	0
OTU3845	0	0	0	0	0	0	0	0	0	0	0	0	0	0	0	0	0	0	0	0	0	0	0	0	0	0	0	0	0	0	0	0	0	0	0	0	0	0	0	0	0	0	0	0	0	0	0	0	0	0	0	0	1	0	0	7	0	4	25	0	0	0	0	0	0	0	0	0	0	0	0	0	0	1	0	0	2	0	0	0	0	29	0	0	0	0	0	0	0	0	0	0	0	0	0	0	0	0	0	0	0	0
OTU3846	0	0	0	0	0	0	0	0	0	0	0	0	0	0	0	0	0	0	0	0	0	0	0	0	0	0	0	0	0	0	0	0	0	0	0	0	0	0	0	0	0	0	0	0	0	0	0	0	0	0	0	0	0	0	0	0	18	0	0	0	0	0	0	0	0	0	0	0	0	0	0	0	0	0	0	0	0	0	0	0	0	0	0	0	0	0	0	0	0	0	0	0	0	0	0	0	0	0	0	0	0	0
OTU3847	0	0	0	0	0	0	0	0	0	0	0	0	0	0	0	0	0	0	0	0	0	0	0	0	0	0	0	1	0	0	0	0	0	0	0	0	0	0	0	0	0	0	0	0	3	8	0	0	0	0	0	0	0	1	4	1	4	4	0	0	0	0	0	0	0	0	2	0	0	1	21	0	0	0	0	0	0	0	0	0	0	4	1	0	0	1	0	0	0	0	0	0	0	0	0	0	0	0	0	0	0	0
OTU3848	0	0	0	0	0	0	0	0	0	0	0	0	0	0	0	0	0	0	0	0	0	0	0	0	0	0	0	0	0	0	0	0	0	0	0	0	0	0	0	0	0	0	0	0	0	2	0	0	0	0	0	0	0	0	0	2	35	2	0	0	0	0	0	1	0	0	1	0	0	0	0	0	0	0	0	0	0	0	0	0	0	0	0	0	0	0	0	0	0	0	0	0	0	0	0	0	0	0	0	0	0	0
OTU3849	0	0	0	0	0	0	0	0	0	0	0	0	0	0	0	0	0	0	0	0	0	0	0	0	0	0	0	0	0	0	0	0	0	0	0	0	0	2	0	0	0	1	0	0	0	0	0	0	0	0	0	1	0	2	0	0	29	0	0	0	0	0	0	0	0	0	1	0	0	0	0	0	0	0	0	0	27	0	0	8	0	0	0	0	0	0	0	0	0	0	0	0	0	0	0	0	0	0	0	0	0	0
OTU385	0	4	2	0	0	0	0	13	0	4	21	4	0	1	0	2	2	0	5	3	13	7	1	0	0	5	60	77	60	52	49	4	5	2	12	0	91	25	92	4	144	135	164	38	49	32	26	79	137	112	8	157	93	32	30	27	133	36	53	3	2	34	4	2	107	75	177	99	197	16	51	46	22	57	316	70	138	37	22	113	51	86	50	18	67	26	69	130	92	42	109	106	71	146	113	155	59	58	155	176	1112	201
OTU3850	0	0	0	0	0	0	0	0	0	0	0	0	0	0	0	0	0	0	0	0	0	0	0	0	0	0	0	0	0	0	0	0	0	0	0	0	0	0	0	0	0	0	0	0	0	0	0	0	0	0	0	0	0	0	1	0	6	0	0	0	0	0	0	0	0	0	0	0	0	0	0	16	0	0	0	0	0	0	0	0	0	0	2	24	0	0	0	0	0	0	0	0	0	0	0	0	0	0	0	0	0	0
OTU3851	0	0	0	0	0	0	0	0	0	0	0	0	0	0	0	0	0	0	0	0	0	0	0	0	0	0	0	0	0	0	0	0	0	0	0	0	0	0	0	0	0	0	0	0	0	0	0	0	0	0	0	0	0	0	0	0	0	1	0	0	0	0	0	0	0	0	0	0	0	0	0	0	0	0	0	0	0	0	0	0	0	0	0	0	0	27	0	0	0	0	0	0	0	16	0	0	0	0	0	0	0	0
OTU3852	0	0	0	0	0	0	0	0	0	0	0	0	0	0	0	0	0	0	0	0	0	0	0	0	0	0	0	0	0	0	0	0	0	0	0	2	1	0	0	0	0	0	0	0	2	0	0	13	0	0	0	0	0	0	0	1	1	6	2	0	0	0	0	1	4	5	8	28	37	0	0	0	0	0	0	0	0	0	0	0	0	0	0	0	0	0	0	0	0	0	0	0	0	2	2	1	0	0	11	2	3	1
OTU3853	0	0	0	0	0	0	0	0	0	0	0	0	0	0	0	0	0	0	0	0	0	0	0	0	0	0	0	0	0	0	0	0	0	0	0	0	0	0	0	0	0	0	0	0	0	0	0	0	0	0	0	0	0	0	0	0	0	4	0	0	0	0	0	0	0	0	0	24	0	0	0	0	0	0	0	0	0	0	0	0	0	0	0	0	0	0	0	0	0	0	0	0	0	0	0	0	0	1	0	0	0	0
OTU3854	0	0	0	0	0	0	0	0	0	0	0	0	0	0	0	0	0	0	0	0	0	0	0	0	0	0	0	0	0	0	0	0	0	0	0	0	0	0	0	0	0	0	0	0	0	0	0	0	0	0	0	0	0	0	0	0	0	0	22	0	0	0	0	0	0	0	0	0	0	0	0	0	0	0	0	0	0	0	0	0	0	0	0	0	0	0	1	0	0	0	0	0	0	0	0	0	0	0	0	0	0	0
OTU3855	0	0	0	0	0	0	0	0	0	0	0	0	0	0	0	0	0	0	0	0	0	0	0	0	0	0	0	0	0	0	0	0	0	0	0	0	0	0	0	0	0	0	0	0	0	0	0	0	0	0	0	0	0	0	0	0	0	0	1	0	0	0	0	0	0	0	1	0	28	0	0	0	0	0	0	0	0	0	0	0	0	0	0	0	0	0	0	0	0	0	0	0	0	0	0	0	0	0	0	0	0	0
OTU3856	0	0	0	0	0	0	0	0	0	0	0	0	0	0	0	0	0	0	0	0	0	0	0	0	0	0	0	0	0	0	0	0	0	0	0	0	0	0	0	0	0	0	0	0	0	0	0	0	0	0	0	0	0	0	0	0	0	0	0	0	0	1	0	0	4	12	9	1	17	0	0	0	0	0	0	0	0	0	0	0	0	0	0	0	0	0	0	0	0	0	0	0	0	0	0	0	0	0	0	0	17	1
OTU3857	0	0	0	0	0	0	0	0	0	0	0	0	0	0	0	0	0	0	0	0	0	0	0	0	0	0	0	0	0	0	0	0	0	0	0	0	0	0	0	0	0	0	0	0	0	0	0	0	0	0	0	0	0	0	1	0	0	0	0	0	0	0	0	0	33	0	0	0	0	0	0	0	0	0	0	0	0	0	0	0	0	0	0	0	0	0	0	0	0	0	0	0	0	0	0	0	0	0	0	0	0	0
OTU3858	0	0	0	0	0	0	0	0	0	0	0	0	0	0	0	0	0	0	1	0	0	1	0	0	0	0	0	0	0	0	0	0	0	0	0	0	0	0	0	0	0	0	0	0	0	0	0	0	0	0	0	0	0	0	1	0	0	0	0	0	0	0	0	0	29	0	0	1	0	0	0	0	0	0	0	0	0	0	0	0	0	0	0	0	0	0	0	0	0	0	0	0	0	0	0	0	0	0	0	0	0	0
OTU3859	0	0	0	0	0	0	0	0	0	0	0	0	0	0	0	0	0	0	0	0	0	0	0	0	0	0	0	0	0	0	0	0	0	0	0	0	0	0	0	0	0	0	0	0	0	0	0	0	0	0	0	0	0	0	0	0	0	0	0	0	0	0	0	0	29	0	0	0	0	0	0	0	0	0	0	0	0	0	0	0	0	0	0	0	0	0	0	0	0	0	0	0	0	0	0	0	0	0	0	0	0	0
OTU386	0	0	0	0	0	0	1	1	0	0	0	0	0	0	1	0	0	0	2	0	0	3	3	0	0	0	0	0	0	1	37	0	0	0	1	1	0	0	0	0	2	0	0	1	16	0	0	73	21	1	0	0	0	2	12	9	1	26	19	1	0	0	0	2	3	1	2	0	1	0	38	2	21	11	13	0	1	0	0	0	0	25	13	5	9	16	4	0	1	0	0	0	6	12	28	9	6	1	140	308	295	467
OTU3860	0	0	0	0	0	0	0	0	0	0	0	0	0	0	0	0	0	0	0	0	0	0	0	0	0	0	0	0	0	0	0	0	0	0	0	0	0	0	0	0	0	0	0	0	0	0	0	0	0	0	0	0	0	0	0	0	0	0	0	0	0	0	0	0	29	0	0	0	0	0	0	0	0	0	0	0	0	0	0	0	0	0	0	0	0	0	0	0	0	0	0	0	0	0	0	0	0	0	0	0	0	0
OTU3861	0	0	0	0	0	0	4	1	0	0	0	0	0	1	0	0	0	0	0	0	5	0	0	0	0	0	0	0	0	0	0	0	0	2	0	0	0	0	0	0	0	0	0	0	0	0	0	0	0	0	0	0	0	0	0	0	2	1	0	0	1	0	0	0	264	65	1	33	36	0	0	0	0	0	0	0	0	0	0	0	0	0	0	1	0	0	0	0	0	0	0	0	0	4	0	1	3	0	83	0	89	77
OTU3862	0	0	0	0	0	0	0	0	0	0	0	0	0	0	0	0	0	0	0	0	0	0	0	0	0	0	0	0	0	0	0	0	0	0	0	0	0	0	0	0	0	0	0	0	0	0	0	0	0	0	0	0	0	0	0	0	0	0	0	0	0	0	0	0	29	0	0	0	0	0	0	0	0	0	0	0	0	0	0	0	0	0	0	0	0	0	0	0	0	0	0	0	0	0	0	0	0	0	0	0	0	0
OTU3863	0	0	0	0	0	0	0	0	0	0	0	0	0	3	0	0	0	0	1	0	0	0	0	0	0	0	0	0	0	0	0	0	0	0	0	0	0	0	0	0	0	0	0	0	0	0	0	0	0	0	0	0	0	0	0	0	0	0	0	0	0	0	0	0	27	2	0	0	0	0	0	0	0	0	0	0	0	0	0	0	0	0	0	0	0	0	0	0	0	0	0	0	0	0	0	0	0	0	0	0	0	0
OTU3864	0	0	0	0	0	0	0	0	0	0	0	0	0	0	0	0	0	0	0	0	0	0	0	0	0	0	0	0	0	0	0	0	0	0	0	0	0	0	0	0	0	1	0	0	0	0	0	0	0	0	0	0	0	0	0	0	0	0	0	0	0	0	0	0	18	0	0	0	0	0	0	0	0	0	0	0	0	0	0	0	0	0	0	0	0	0	0	0	0	0	0	0	0	0	0	0	0	0	0	0	0	0
OTU3865	0	0	0	0	0	0	0	0	1	0	0	2	0	0	0	0	0	0	5	0	6	0	11	0	2	0	0	4	0	2	0	0	0	0	0	0	0	5	0	0	0	6	2	0	4	0	0	0	0	3	0	2	1	0	1	0	5	0	0	0	9	0	0	0	21	0	21	0	2	0	0	0	0	0	0	0	0	1	2	0	0	1	9	0	0	0	11	1	3	0	0	0	0	1	2	9	0	0	0	0	1	0
OTU3866	0	0	0	0	0	0	0	0	0	0	0	0	0	0	0	0	0	0	0	0	0	0	0	0	0	0	0	0	0	0	0	0	0	0	0	0	0	0	0	0	0	0	0	0	0	0	0	0	0	0	0	0	0	0	0	0	0	0	0	0	0	1	0	0	0	27	0	0	0	0	0	0	0	0	0	0	0	0	0	0	0	0	0	0	0	0	0	0	0	0	0	0	0	0	0	0	0	0	0	0	0	0
OTU3867	0	0	0	0	0	0	0	0	0	0	0	0	0	0	0	0	0	0	0	0	0	0	0	0	0	0	0	0	0	0	0	0	0	0	0	0	0	0	0	0	0	0	0	0	0	0	0	0	0	0	0	0	0	0	0	0	0	0	0	0	0	0	0	0	0	34	0	0	0	0	0	0	0	0	0	0	0	0	0	0	0	0	0	0	0	0	0	0	0	0	0	0	0	0	0	0	0	0	0	0	0	0
OTU3868	0	0	1	0	0	0	3	0	0	0	0	0	0	0	0	0	0	0	5	0	0	2	0	2	2	1	0	13	5	2	3	1	2	3	0	0	0	0	4	0	1	0	0	0	4	79	2	0	4	4	0	2	0	2	0	12	110	0	11	1	0	3	5	0	2	135	259	0	227	0	0	29	1	2	30	2	2	0	5	3	4	5	0	8	3	1	8	0	5	1	0	3	12	1	3	34	2	0	5	2	9	2
OTU3869	0	0	0	0	0	0	0	0	0	0	0	0	0	0	0	0	0	0	0	0	0	0	0	0	0	0	0	0	0	0	0	0	0	0	0	0	0	0	0	0	0	0	0	0	0	0	0	0	0	0	0	0	0	0	0	1	0	0	0	0	0	0	0	0	0	60	0	0	0	0	0	0	0	0	0	0	0	0	0	0	0	0	0	0	0	0	0	0	0	0	0	0	0	0	0	0	0	0	0	0	0	2
OTU387	0	0	0	0	0	0	2	4	0	0	0	0	0	1	1	0	0	0	4	4	1	3	2	0	1	0	0	0	0	11	2	0	3	0	0	0	0	0	0	0	0	140	71	3	0	8	8	0	24	0	0	21	0	2	7	9	1	6	5	1	1	0	2	0	188	242	30	185	227	0	0	0	3	2	2	3	1	0	19	3	6	2	32	4	31	11	0	0	1	6	44	0	16	4	27	2	2	2	21	2	187	103
OTU3870	0	0	0	0	0	0	0	0	0	0	0	0	0	0	0	0	0	0	0	0	0	0	0	0	0	0	0	0	0	0	0	0	0	0	0	0	0	0	0	0	0	0	0	0	0	0	0	0	0	0	0	0	0	0	0	0	0	0	0	0	0	0	0	0	0	21	0	0	0	0	0	0	0	0	0	0	0	0	0	0	0	0	0	0	0	0	0	0	0	0	0	0	0	0	0	0	0	0	0	0	0	0
OTU3871	0	0	0	0	0	0	0	0	1	0	0	1	0	0	0	0	0	0	0	0	0	0	0	0	0	0	0	1	0	1	0	0	0	0	0	0	0	1	0	0	0	0	0	0	0	0	0	0	0	0	0	6	0	0	0	0	0	0	1	0	0	0	0	0	0	11	0	0	15	0	0	0	1	0	0	0	0	0	1	0	0	1	0	0	0	0	0	0	2	0	0	0	0	0	0	0	0	5	6	0	5	3
OTU3872	0	0	0	0	0	0	0	0	0	0	0	0	0	0	0	0	0	0	1	0	0	0	0	0	0	0	0	0	0	0	0	0	0	0	1	0	0	0	0	0	0	0	0	0	0	0	0	0	0	0	0	0	0	0	0	1	0	0	0	0	0	0	0	0	4	4	12	7	0	0	0	0	0	0	0	0	0	0	0	0	0	0	0	0	0	0	0	0	0	0	0	0	0	0	1	0	0	0	0	0	0	0
OTU3873	0	0	0	0	0	0	0	0	0	0	0	0	0	0	0	0	0	0	0	0	0	0	0	0	0	0	0	0	0	0	0	0	0	0	0	0	0	0	0	0	0	0	0	0	0	0	0	0	0	0	0	0	0	0	0	0	0	0	0	0	0	0	0	0	0	0	40	0	0	0	0	0	0	0	0	0	0	0	0	0	0	0	0	0	0	0	0	0	0	0	0	0	0	0	0	0	0	0	0	0	0	0
OTU3874	0	0	0	0	0	0	0	0	0	0	0	0	0	0	0	0	0	0	0	0	0	0	0	0	0	0	0	0	0	0	0	0	0	0	0	0	0	0	0	0	0	0	0	0	0	0	0	0	0	0	0	0	0	0	0	0	0	0	0	0	0	0	0	0	0	0	33	0	0	0	0	0	0	0	0	0	0	0	0	0	0	0	0	0	0	0	0	0	0	0	0	0	0	0	0	0	0	0	0	0	0	0
OTU3875	0	0	0	0	0	0	0	0	0	0	0	0	0	0	0	0	0	0	0	0	0	0	0	0	0	0	0	0	0	0	0	0	0	0	0	0	0	0	0	0	0	0	0	0	0	0	0	0	0	0	0	0	0	0	0	0	4	0	0	0	0	0	0	0	0	0	42	0	0	0	0	0	0	0	0	0	0	0	0	0	0	0	0	0	0	0	0	0	0	0	0	0	0	0	0	0	0	0	0	0	0	0
OTU3876	0	0	0	0	0	0	0	0	0	0	0	0	0	0	0	0	0	0	0	0	0	0	0	0	0	0	0	0	0	0	0	0	0	0	0	0	0	0	0	0	0	0	0	0	0	0	0	0	0	0	0	0	0	0	0	0	0	0	0	0	0	0	0	0	0	0	12	13	0	0	0	0	0	0	0	1	0	0	0	0	0	0	0	0	0	0	0	0	0	0	0	0	0	0	0	0	0	0	0	0	0	0
OTU3877	0	0	0	0	0	0	0	0	0	0	0	0	0	0	0	0	0	0	0	0	0	0	0	0	0	0	0	0	0	0	0	0	0	0	0	0	0	0	0	0	0	0	0	0	0	0	0	0	0	0	0	0	0	0	0	2	0	0	0	0	0	0	0	0	20	13	27	4	0	0	0	0	0	0	0	0	0	0	0	0	0	0	0	0	0	0	0	0	0	0	0	0	0	0	0	0	0	0	0	0	0	0
OTU3878	0	0	0	0	0	0	0	0	0	0	0	0	0	0	0	0	0	0	0	0	0	0	0	0	0	0	0	0	0	0	0	0	0	0	0	0	0	0	0	0	0	0	0	0	0	0	0	0	0	0	0	0	0	0	0	0	0	0	0	0	0	0	0	0	0	0	0	19	0	0	0	0	0	0	0	0	0	0	0	0	0	0	0	0	0	0	0	0	0	0	0	0	9	0	0	0	0	0	0	0	0	0
OTU3879	0	0	0	0	0	0	2	0	0	0	0	0	0	0	0	0	0	0	0	0	0	0	0	0	0	0	0	0	0	0	0	0	0	0	0	0	0	0	0	0	2	0	0	0	0	0	0	0	0	0	0	0	0	0	0	0	0	0	0	0	0	0	0	0	0	0	0	10	0	0	0	0	0	0	0	0	0	0	0	0	15	0	0	0	0	0	0	0	0	0	0	0	0	0	0	0	2	0	0	0	0	0
OTU388	0	3	2	0	2	5	0	0	2	0	1	1	0	0	0	0	0	0	2	0	0	0	0	0	5	1	14	51	32	27	6	3	4	2	9	0	61	9	10	0	23	30	39	51	11	11	12	1	84	66	10	60	24	20	59	13	24	76	24	2	0	0	2	0	148	65	61	29	152	30	98	22	23	25	29	21	37	40	89	14	22	45	11	17	22	22	0	24	62	10	41	27	15	161	13	35	20	179	5	60	6	108
OTU3880	0	0	0	0	0	0	0	0	0	0	0	0	0	0	0	0	0	0	0	0	0	0	0	0	0	0	0	0	0	0	0	0	0	0	0	0	0	0	0	0	0	0	0	0	0	0	0	0	0	0	0	0	0	0	0	0	0	0	0	0	0	0	0	0	0	0	0	0	16	0	0	0	0	0	0	0	0	0	0	0	0	0	0	0	0	0	0	0	0	0	0	0	0	0	0	0	0	0	0	0	0	0
OTU3881	0	0	0	0	0	0	3	0	0	0	0	0	0	2	0	0	0	0	0	0	0	0	0	0	0	0	0	0	0	0	0	0	0	0	0	0	0	0	0	0	0	0	0	0	0	0	0	1	0	0	0	0	1	0	5	0	0	7	11	0	0	0	0	0	0	0	0	2	39	0	0	0	0	0	0	0	0	0	0	0	1	0	0	0	0	1	0	0	0	0	0	0	1	0	1	0	3	0	0	0	0	0
OTU3882	0	0	0	0	0	0	0	0	0	0	0	0	0	0	0	0	0	0	0	0	0	0	0	0	0	0	0	0	0	0	0	0	1	0	0	0	0	0	0	0	0	0	0	0	0	0	0	0	0	0	0	0	0	0	0	0	0	0	3	0	0	0	0	0	0	0	0	0	43	0	0	0	0	0	0	0	0	0	0	0	0	0	0	0	0	0	0	0	0	0	0	0	0	1	0	0	0	0	0	0	0	0
OTU3883	0	0	0	0	0	0	0	0	1	0	0	0	0	0	0	0	0	0	0	0	1	0	0	0	0	0	0	0	0	0	3	0	0	0	0	0	0	2	0	0	2	2	1	2	0	0	0	0	0	0	1	0	0	0	0	0	0	0	0	0	0	0	0	0	0	0	0	0	0	0	18	0	0	0	0	2	0	0	0	8	2	0	0	0	0	4	0	12	0	0	1	0	0	0	0	0	0	0	0	0	0	0
OTU3884	0	0	0	0	0	0	0	0	0	0	0	3	0	1	0	0	0	0	0	0	0	0	0	0	0	0	0	2	0	0	1	0	0	0	0	1	0	1	6	0	0	2	5	2	0	0	0	0	2	0	0	0	0	4	0	0	2	3	3	0	0	0	0	0	0	0	0	0	0	2	1	0	0	0	0	2	3	3	2	0	0	1	0	0	0	0	1	7	7	0	0	1	0	0	2	5	0	0	0	0	0	0
OTU3885	0	0	0	0	0	0	0	0	0	0	0	0	0	0	0	0	0	0	0	0	0	0	0	0	0	0	0	0	0	0	0	0	0	0	0	0	0	0	0	0	0	0	1	0	0	0	0	0	0	0	0	0	0	0	0	0	0	0	0	0	0	0	0	0	0	0	0	0	0	0	0	0	0	0	0	0	9	29	0	0	0	1	0	0	0	0	0	8	85	0	0	0	0	0	0	0	0	0	0	0	0	0
OTU3886	0	0	0	0	1	0	0	0	0	0	0	0	0	0	0	0	0	0	0	0	0	0	0	0	0	0	0	0	0	0	0	0	0	0	1	0	0	0	0	0	0	1	2	0	0	0	1	0	0	0	0	0	0	0	3	0	6	0	0	0	0	0	0	0	0	0	0	0	0	0	9	0	0	0	0	0	0	2	0	0	0	0	0	0	0	0	8	3	11	0	0	0	0	0	0	0	0	0	0	0	0	0
OTU3887	0	0	0	0	0	0	0	0	0	0	0	0	0	0	0	0	0	0	0	0	0	0	0	0	0	0	0	0	0	0	0	0	0	0	0	0	0	0	0	0	0	0	0	0	0	0	0	0	0	0	0	0	0	0	0	0	0	0	0	0	0	0	0	0	0	0	0	0	0	0	0	0	0	0	0	0	0	0	23	0	0	0	0	0	0	0	0	0	0	0	0	0	0	0	0	0	0	0	0	0	0	0
OTU3888	0	0	0	0	0	0	0	0	0	0	0	0	0	0	0	0	0	0	0	0	0	0	0	0	0	0	0	0	0	0	0	0	0	0	0	0	0	0	0	0	0	0	0	0	0	0	0	0	0	0	0	0	0	0	0	0	0	0	0	0	0	0	0	0	0	0	0	0	0	0	0	0	0	0	0	0	0	0	0	37	0	0	0	0	0	0	0	0	0	0	0	0	0	0	0	0	0	0	0	0	0	0
OTU3889	0	0	0	0	0	0	0	0	0	0	0	0	0	0	0	0	0	0	0	0	0	0	0	0	0	0	0	0	0	0	0	0	0	0	0	0	0	0	0	0	0	0	0	0	0	0	0	0	0	0	0	0	0	0	0	0	0	0	0	0	0	0	0	0	0	0	0	0	0	0	0	0	0	0	0	0	0	0	0	20	0	0	0	0	0	0	0	0	0	0	0	0	0	0	0	0	0	0	0	0	0	0
OTU389	0	2	3	2	0	0	0	1	2	0	230	7	0	0	0	0	0	0	0	0	0	0	3	3	1	0	0	1	0	0	1	0	0	0	4	0	28	334	67	1	22	72	0	0	11	24	16	1	9	2	5	4	9	16	5	4	8	4	4	0	0	3	0	2	0	0	0	0	0	12	3	33	1	46	1	73	608	153	24	13	8	18	1	18	2	15	3	71	35	13	15	7	3	2	14	5	3	0	0	0	0	0
OTU3890	0	0	0	0	0	0	0	0	0	0	0	0	0	0	0	0	0	0	0	0	0	0	0	0	0	0	0	0	0	0	0	0	0	0	0	0	0	0	0	0	0	0	0	0	0	0	0	3	0	0	0	0	0	0	0	0	0	0	0	0	1	0	0	0	0	0	0	0	0	0	0	0	0	0	0	0	0	0	0	0	0	0	21	0	0	0	0	0	0	0	0	0	0	0	0	0	0	0	0	0	0	0
OTU3891	0	0	0	0	0	0	0	0	0	0	0	0	0	0	0	0	0	0	0	0	0	0	0	0	0	0	0	0	0	0	0	0	0	0	0	0	5	0	0	0	0	0	0	0	0	0	0	0	0	0	0	0	0	0	0	0	0	0	0	0	0	0	0	0	0	0	0	0	0	0	0	0	0	0	0	0	0	0	0	0	0	0	26	0	0	0	0	0	0	0	8	0	0	0	0	0	0	0	0	0	0	0
OTU3892	0	0	0	0	0	0	0	0	0	0	0	0	0	0	0	0	0	0	0	0	0	0	0	0	0	0	0	0	0	0	0	0	0	0	0	0	0	0	0	0	0	0	0	0	0	0	0	0	0	0	0	0	0	0	0	0	0	0	0	0	0	0	3	0	0	0	0	0	0	0	0	0	0	0	0	0	0	0	0	0	0	0	0	0	63	0	0	0	0	0	0	0	0	0	0	0	0	0	0	0	0	0
OTU3893	0	0	0	0	0	0	0	0	0	0	0	0	0	0	0	0	0	0	0	0	0	0	0	0	0	0	0	0	0	0	22	0	0	0	0	0	0	0	0	0	0	0	0	0	0	0	4	0	0	0	0	0	0	0	0	0	0	0	1	0	0	0	0	0	0	0	0	0	0	0	0	0	0	1	0	0	0	9	0	0	0	0	1	0	0	0	48	0	0	0	0	0	0	0	0	0	0	0	0	0	0	0
OTU3894	0	0	0	0	0	0	0	0	0	0	0	0	0	0	0	0	0	0	0	0	0	0	0	0	0	0	0	0	0	0	0	0	0	0	0	0	0	0	0	0	0	0	0	0	0	0	0	0	0	0	0	0	0	0	0	0	0	0	0	0	0	0	0	0	0	0	0	0	0	0	0	0	0	0	0	0	0	0	0	0	0	0	0	0	0	0	0	0	0	0	0	0	15	0	0	0	0	0	0	0	0	0
OTU3895	0	0	0	0	0	0	0	0	0	0	0	0	0	0	0	0	0	0	0	0	0	0	0	0	0	0	0	0	0	0	0	0	0	0	0	0	0	0	0	0	0	0	0	0	0	0	0	0	0	0	0	0	0	0	0	0	0	0	0	0	0	0	0	0	0	0	0	0	0	0	0	0	0	0	0	0	0	0	0	0	0	0	0	0	0	0	0	0	0	0	0	0	0	0	1	0	0	0	5	26	0	0
OTU3896	0	0	0	0	0	0	0	0	0	0	0	0	0	0	0	0	0	0	0	0	0	0	0	0	0	0	0	0	0	0	0	0	0	0	0	0	0	0	0	0	0	0	0	0	0	0	0	0	0	0	0	0	0	0	0	0	0	0	0	0	0	0	0	0	0	0	1	0	1	0	0	0	0	1	0	0	0	0	0	0	0	0	0	0	0	0	0	0	0	0	1	0	0	0	1	0	0	2	0	31	0	0
OTU3897	0	0	0	0	0	0	0	0	0	0	0	0	0	0	0	0	0	0	0	0	0	0	0	0	0	0	0	0	0	0	0	0	0	0	0	0	0	0	0	0	0	0	0	0	0	0	0	0	0	0	0	0	0	0	0	0	0	0	0	0	0	0	0	0	0	0	0	0	0	0	0	0	0	0	0	0	0	0	0	0	0	0	0	0	0	0	0	0	0	0	0	0	0	0	0	0	1	0	0	0	0	58
OTU3898	0	0	0	0	0	0	0	0	0	0	0	0	0	0	0	0	0	0	0	0	0	0	0	0	0	0	0	0	0	0	0	0	0	0	0	0	0	0	0	0	0	0	0	0	0	0	0	0	0	0	0	0	0	0	0	0	0	0	0	0	0	0	0	0	0	0	0	0	0	0	0	0	0	0	0	0	0	0	0	0	0	0	0	0	0	0	0	0	0	0	0	0	0	0	0	0	0	38	0	0	0	0
OTU3899	0	0	0	0	0	0	0	0	0	0	0	0	0	0	0	0	0	0	1	0	0	0	0	0	0	0	0	0	0	0	0	0	0	0	0	0	0	0	0	0	8	0	0	0	0	0	0	2	0	0	0	0	0	0	1	0	0	1	0	0	0	0	0	0	0	2	0	1	0	0	0	0	0	0	0	0	0	0	0	0	0	0	2	0	0	0	0	0	0	0	0	0	0	2	0	0	0	3	24	0	0	5
OTU39	5	33	55	4	2	15	53	44	19	56	78	56	7	5	12	5	30	9	23	1	41	44	33	20	27	42	1251	1348	4283	1644	1612	200	81	98	158	48	782	674	416	13	5004	308	792	5351	648	2698	803	1784	4115	636	99	714	521	222	684	735	1024	784	1520	40	55	33	39	130	1929	1191	2711	1225	1595	359	1475	488	522	883	701	470	748	784	381	677	474	541	1039	663	1000	1228	732	2582	1027	208	316	1076	1283	3657	15153	5753	775	2014	1619	988	2097	1487
OTU390	0	2	0	0	0	0	1	0	0	0	0	0	0	0	0	0	0	0	0	0	5	0	0	0	0	0	0	5	0	0	0	0	0	0	0	0	2	0	0	0	1348	0	335	0	1	0	0	0	0	0	0	0	0	1	4	1	0	3	3	0	0	0	0	0	0	0	0	0	0	0	2	1	0	2	0	2	3	0	0	1	4	0	2	1	0	2	0	0	1	2	0	3	2	3	4	169	3	0	0	0	3	0
OTU3900	0	0	0	0	0	0	1	0	0	0	0	0	0	0	0	0	0	0	0	0	29	2	0	0	0	1	0	0	0	0	0	0	0	0	0	0	0	0	0	0	0	0	1	0	0	0	0	0	0	0	0	0	0	0	0	5	0	0	2	0	2	0	0	0	19	122	2	0	88	0	0	0	0	0	0	0	0	0	0	0	0	0	0	0	0	0	0	0	0	0	0	0	5	2	0	0	0	47	80	25	47	4
OTU3901	0	0	0	0	0	0	0	0	0	0	0	0	0	0	0	0	0	0	0	0	0	0	0	0	0	0	0	0	0	0	0	0	0	1	0	0	0	0	0	0	0	0	0	0	0	0	0	1	0	0	0	0	0	0	0	0	0	0	0	0	0	0	0	0	0	0	0	0	0	0	0	0	0	0	0	0	0	0	0	0	0	0	0	0	0	0	0	0	0	0	0	0	0	0	0	3	0	0	34	0	15	7
OTU3902	0	0	0	0	0	0	0	0	0	0	0	0	0	0	0	0	0	0	0	0	2	0	0	0	0	0	0	0	0	1	0	0	0	0	0	0	0	0	0	0	0	0	0	0	0	0	0	0	0	0	0	0	0	0	0	0	0	0	0	0	0	0	0	0	0	0	0	0	0	0	0	0	0	0	0	0	0	0	0	0	0	0	0	0	0	0	0	0	0	0	0	0	0	0	0	0	0	0	23	0	1	0
OTU3903	0	0	0	0	0	0	0	0	0	0	0	0	0	0	0	0	0	0	0	0	0	0	0	0	0	0	0	0	0	0	0	0	0	0	0	0	0	0	0	0	0	0	0	0	0	0	0	0	0	0	0	0	0	0	0	0	0	0	0	0	0	0	0	0	0	0	0	0	0	0	0	0	0	0	0	0	0	0	0	0	0	0	0	0	0	0	0	0	0	0	0	0	0	0	0	0	0	0	0	15	0	0
OTU3904	0	0	0	0	0	0	0	0	0	0	0	0	0	0	0	0	0	0	0	0	0	0	0	0	0	0	0	0	0	0	0	0	0	0	0	0	0	0	0	0	0	0	0	0	0	0	0	0	0	0	0	0	0	0	0	0	0	0	0	0	0	0	0	0	0	0	0	0	0	0	0	0	0	0	0	0	0	0	0	0	0	0	0	0	0	0	0	0	0	0	0	0	0	0	0	0	0	0	0	32	0	0
OTU3905	0	0	0	0	0	0	0	0	0	0	0	0	0	0	0	0	0	0	0	0	0	0	0	0	0	0	0	0	0	0	0	0	0	0	0	0	0	0	0	0	0	0	0	0	0	0	0	0	0	0	0	0	0	0	0	0	0	0	0	0	0	0	0	0	0	0	0	0	0	0	0	0	0	0	0	0	0	0	0	0	0	0	0	0	0	0	0	0	0	0	0	0	0	0	0	0	0	0	0	24	0	0
OTU3906	0	0	0	0	0	0	0	0	0	0	0	0	0	0	0	0	0	0	0	0	0	0	0	0	0	0	0	0	0	0	0	0	0	0	0	0	0	0	0	0	0	0	0	0	0	0	0	0	0	0	0	0	0	0	0	0	0	0	0	0	0	0	0	0	0	0	0	0	0	0	0	0	0	0	0	0	0	0	0	0	0	0	0	0	0	0	0	0	0	0	0	0	0	0	0	0	0	0	0	22	0	0
OTU3907	0	0	0	0	0	0	0	0	0	0	0	0	0	0	0	0	0	0	0	0	0	0	0	0	0	0	0	0	0	0	0	0	0	0	0	0	0	0	0	0	0	0	0	0	0	0	0	0	0	0	0	0	0	0	0	0	0	0	0	0	0	0	0	0	0	0	0	0	0	0	0	0	0	0	0	0	0	0	0	0	0	0	0	0	0	0	0	0	0	0	0	0	0	0	0	0	0	0	3	33	0	0
OTU3908	0	0	0	0	0	0	0	0	0	0	0	0	0	0	0	0	0	0	0	0	0	0	0	0	0	0	0	0	0	0	0	0	0	0	0	0	0	0	0	0	0	0	0	0	0	0	0	0	0	0	0	0	0	0	0	0	0	0	0	0	0	0	0	0	0	0	0	0	0	0	0	0	0	0	0	0	0	0	0	0	0	0	0	0	0	0	0	0	0	0	0	0	0	0	0	0	0	0	0	26	0	0
OTU3909	0	0	0	0	0	0	0	0	0	0	0	0	0	0	0	0	0	0	0	0	0	0	0	0	0	0	0	0	0	0	0	0	0	0	0	0	0	0	0	0	0	0	0	0	0	0	0	0	0	0	0	0	0	0	0	0	0	0	0	0	0	0	0	0	0	0	0	0	0	0	0	0	0	0	0	0	0	0	0	0	0	0	0	0	0	0	0	0	0	0	0	0	0	0	0	0	0	0	0	22	0	0
OTU391	0	7	5	0	0	0	0	7	3	0	0	4	0	0	1	0	0	0	2	0	1	3	1	4	2	0	70	90	75	55	65	1	2	0	2	0	74	41	105	0	98	51	53	22	33	36	43	18	22	16	15	59	21	8	10	15	68	12	41	0	0	3	0	1	0	1	1	1	0	31	124	50	28	33	44	75	98	65	21	28	74	22	6	92	23	16	56	245	71	20	32	13	16	35	24	98	34	0	2	1	3	1
OTU3910	0	0	0	0	0	0	0	0	0	0	0	0	0	0	0	0	0	0	0	0	0	0	0	0	0	0	0	0	0	0	0	0	0	0	0	0	0	0	0	0	0	0	0	0	0	0	0	0	0	0	0	0	0	0	0	0	0	0	0	0	0	0	0	0	0	0	0	0	0	0	0	0	0	0	0	0	0	0	0	0	0	0	0	0	0	0	0	0	0	0	0	0	0	0	0	0	0	0	0	19	0	0
OTU3911	0	0	0	0	0	0	0	0	0	0	0	0	0	0	0	0	0	0	0	0	0	0	0	0	0	0	0	0	0	0	0	0	0	0	0	0	0	0	0	0	0	0	0	0	0	0	0	0	0	0	0	0	0	0	0	0	0	0	0	0	0	0	0	0	0	0	0	0	0	0	0	0	0	0	0	0	0	0	0	0	0	0	0	0	0	0	0	0	0	0	0	0	0	0	0	0	0	0	0	26	0	0
OTU3912	0	0	0	0	0	0	0	0	0	0	0	0	0	0	0	0	0	0	0	0	0	0	0	0	0	0	0	0	0	0	0	0	0	0	0	0	0	0	0	0	0	0	0	0	0	0	0	0	0	0	0	0	0	0	0	0	0	0	0	0	0	0	0	0	0	0	0	0	0	0	0	0	0	0	0	0	0	0	0	0	0	0	0	0	0	0	0	0	0	0	0	0	0	0	0	0	0	0	0	19	0	0
OTU3913	0	0	0	0	0	0	0	0	0	0	0	0	0	0	0	0	0	0	0	0	0	0	0	0	0	0	0	0	0	0	0	0	0	0	0	0	0	0	0	0	0	0	0	0	0	0	0	0	0	0	0	0	0	0	0	0	0	0	0	0	0	0	0	0	0	0	0	0	0	0	0	0	0	0	0	0	0	0	0	0	0	0	0	0	0	0	0	0	0	0	0	0	0	0	0	0	0	0	0	20	0	0
OTU3914	0	0	0	0	0	0	0	0	0	0	0	0	0	0	0	0	0	0	0	0	0	0	0	0	0	0	0	0	0	0	0	0	0	0	0	0	0	0	0	0	0	0	0	0	0	0	0	0	0	0	0	0	0	0	0	0	0	0	0	0	0	0	0	0	0	0	0	0	0	0	0	0	0	0	0	0	0	0	0	0	0	0	0	0	0	0	0	0	0	0	0	0	0	0	0	0	0	0	0	23	0	0
OTU3915	0	0	0	0	0	0	0	0	0	0	0	0	0	0	0	0	0	0	0	0	0	0	0	0	0	0	0	0	0	0	0	0	0	0	0	0	0	0	0	0	0	0	0	0	0	0	0	0	0	0	0	0	0	0	0	0	0	0	0	0	0	0	0	0	0	0	0	0	0	0	0	0	0	0	0	0	0	0	0	0	0	0	0	0	0	0	0	0	0	0	0	0	0	0	0	0	0	0	0	48	0	0
OTU3916	0	0	0	0	0	0	0	0	0	0	0	0	0	0	0	0	0	0	0	0	0	0	0	0	0	0	0	0	0	0	0	0	0	0	0	0	0	0	0	0	0	0	0	0	0	0	0	0	0	0	0	0	0	0	0	0	0	0	0	0	0	0	0	0	0	0	0	0	0	0	0	0	0	0	0	0	0	0	0	0	0	0	0	0	0	0	0	0	0	0	0	0	0	0	0	0	0	0	0	0	26	0
OTU3917	0	0	0	0	0	0	0	0	0	0	0	0	0	0	0	0	0	0	0	0	0	0	0	0	0	0	0	0	0	0	0	0	0	0	0	0	0	0	0	0	0	0	0	0	0	0	0	0	0	0	0	0	0	0	0	0	0	0	0	0	0	0	0	0	0	0	0	0	0	0	0	0	0	0	0	0	0	0	0	0	0	0	0	0	0	0	0	0	0	0	0	0	0	0	0	0	0	0	0	0	13	0
OTU3918	0	0	0	0	0	0	0	0	0	0	0	0	0	0	0	0	0	0	0	0	0	0	0	0	0	0	0	0	0	0	0	0	0	0	0	0	0	0	0	0	0	0	0	0	0	0	0	0	0	0	0	0	0	0	0	0	0	0	0	0	1	0	0	0	0	0	1	0	0	0	0	0	0	0	0	0	0	0	0	0	0	0	0	0	0	0	0	0	0	0	0	0	0	0	0	0	0	0	0	0	61	0
OTU3919	0	0	0	0	0	0	0	0	0	0	0	0	0	0	0	0	0	0	0	0	0	0	0	0	0	0	0	0	0	0	0	0	0	0	0	0	0	0	0	0	0	0	0	0	0	0	0	0	0	0	0	0	0	0	0	0	0	0	0	0	0	0	0	0	0	0	0	0	0	0	0	0	0	0	0	0	0	0	0	0	0	0	0	0	0	0	0	0	0	0	0	0	0	0	0	0	0	0	0	0	31	0
OTU392	0	0	1	0	0	0	0	5	0	0	0	1	0	0	0	1	0	0	0	0	4	7	1	6	0	1	37	65	44	38	11	2	2	0	5	2	169	18	147	3	219	67	22	59	35	34	38	18	33	24	4	50	13	3	35	20	116	16	22	2	0	0	0	3	35	227	189	152	32	6	36	32	13	52	55	135	77	78	24	28	25	24	9	14	10	9	190	55	32	13	22	54	58	61	57	63	53	2	3	67	49	14
OTU3920	0	0	0	0	0	0	0	0	0	0	0	0	0	0	0	0	0	0	0	0	0	0	0	0	0	0	0	0	0	0	0	0	0	0	0	0	0	0	0	0	0	0	0	0	0	0	0	0	0	0	0	0	0	0	0	0	0	0	0	0	0	0	0	0	0	0	0	0	0	0	0	0	0	0	0	0	0	0	0	0	0	0	0	0	0	0	0	0	0	0	0	0	0	0	0	0	0	0	0	0	0	30
OTU3921	0	0	0	0	0	0	0	0	0	0	0	0	0	0	0	0	0	0	0	0	0	0	0	0	0	0	0	0	0	0	0	0	0	0	0	0	0	0	0	0	0	0	0	0	0	0	0	0	0	0	0	0	0	0	0	0	0	0	0	0	0	0	0	0	0	0	0	0	0	0	0	0	0	0	0	0	0	0	0	0	0	0	0	0	0	0	0	0	0	0	0	0	0	0	0	0	0	0	0	0	0	32
OTU3922	0	0	0	0	0	0	0	0	0	0	0	0	0	0	0	0	0	0	0	0	0	0	0	0	0	0	0	0	0	0	0	0	0	0	0	0	0	0	0	0	0	0	0	0	0	0	0	0	0	0	0	0	0	0	0	0	0	0	0	0	0	0	0	0	0	0	0	0	0	0	0	0	0	0	0	0	0	0	0	0	0	0	0	0	0	0	0	0	0	0	0	0	0	0	0	0	0	0	0	0	0	25
OTU3923	0	0	0	28	0	0	0	1	0	0	0	0	0	0	0	0	0	0	0	0	0	0	0	0	0	0	0	0	0	0	0	0	0	0	0	0	0	0	0	0	0	0	2	0	0	0	0	0	0	0	0	0	0	0	0	0	0	0	0	0	0	0	0	0	0	0	0	0	0	0	0	0	0	0	0	0	0	0	0	0	0	0	0	0	0	1	3	0	0	0	0	0	0	1	0	0	0	0	0	0	0	0
OTU3924	0	0	0	0	0	0	4	0	0	0	0	0	0	0	0	0	0	0	0	0	0	0	0	0	0	0	0	0	0	0	0	0	0	0	0	0	0	0	0	0	0	0	0	0	0	0	1	0	0	0	0	0	0	0	0	0	0	0	0	0	0	0	0	0	0	0	0	0	0	0	0	2	0	0	0	0	0	0	0	0	25	0	0	0	0	0	0	0	0	0	0	2	0	0	0	0	0	0	0	0	0	0
OTU3925	0	0	0	0	0	0	0	1	0	0	0	0	0	0	0	0	0	0	0	0	0	0	0	0	0	0	0	0	0	0	0	0	0	0	0	0	0	0	0	0	0	0	2	0	0	0	0	16	0	0	0	0	0	0	4	0	0	0	0	0	0	0	0	0	21	0	0	0	0	0	0	0	0	0	0	0	0	0	0	0	0	1	0	0	0	0	0	0	0	0	0	0	0	0	0	1	0	0	2	0	0	0
OTU3926	0	0	0	0	0	0	0	0	0	0	1	0	0	0	0	0	0	0	0	0	0	0	0	0	0	0	0	0	4	0	0	0	0	0	0	0	0	0	0	0	0	0	0	0	0	0	2	0	0	0	0	0	0	0	0	0	0	1	0	0	0	0	0	0	0	0	0	0	0	0	0	4	0	3	0	0	8	0	14	0	0	0	0	0	0	0	0	4	2	0	0	0	2	0	0	0	0	0	0	0	0	0
OTU3927	0	0	0	0	0	1	0	0	0	0	4	0	0	0	0	0	0	0	1	0	0	0	9	0	0	0	0	0	0	1	0	0	0	1	0	0	0	63	8	0	0	4	1	0	1	1	6	0	0	0	0	0	0	1	0	0	0	0	1	0	0	0	0	0	0	0	0	0	0	2	0	0	0	1	9	6	0	4	0	0	0	0	0	0	0	1	12	0	2	0	0	0	0	1	0	1	0	0	0	0	0	0
OTU3928	0	0	0	0	0	0	0	0	0	0	0	0	0	0	0	0	0	0	0	0	0	0	0	1	0	0	0	0	0	0	0	0	0	0	0	0	0	0	14	0	0	0	0	0	0	0	0	0	0	0	0	1	0	0	0	0	0	0	0	0	0	0	0	0	0	0	0	0	0	0	0	0	0	0	0	0	15	0	0	0	3	0	0	0	0	0	0	0	0	0	0	0	0	0	0	0	0	0	0	0	0	0
OTU3929	0	0	0	0	0	0	0	0	0	0	0	0	0	0	0	0	0	0	0	0	0	0	0	1	0	0	0	0	0	0	0	0	0	0	2	0	0	0	6	0	0	0	0	0	0	0	0	0	0	0	0	0	0	0	0	0	2	0	0	0	0	0	0	0	0	0	0	0	0	0	0	0	2	0	0	0	0	0	0	0	2	0	0	0	0	0	0	9	19	0	0	0	0	0	0	0	0	0	0	0	0	0
OTU393	4	3	2	0	0	0	0	9	0	0	2	2	0	3	0	1	0	2	2	0	7	2	1	5	5	2	30	70	2	287	11	4	10	0	9	9	5	4	1	3	5	6	217	116	133	13	797	79	197	11	1	31	8	81	57	23	26	226	70	4	0	3	0	5	7	22	30	9	1	2	9	53	62	21	5	4	20	4	64	6	26	98	51	112	19	54	4	1	5	3	12	24	205	460	568	98	588	206	582	28	565	244
OTU3930	0	0	0	0	0	0	0	0	0	0	0	0	0	0	0	0	0	0	0	0	0	0	0	0	0	0	6	0	0	1	0	0	0	0	0	0	1	0	0	0	7	4	0	0	1	12	0	0	0	1	0	6	0	0	4	0	0	0	1	0	0	0	0	0	0	0	0	0	3	1	1	2	0	0	1	0	1	0	6	1	2	0	0	0	0	0	4	2	0	0	0	11	0	1	0	0	4	0	0	0	7	0
OTU3931	0	0	0	0	0	0	0	0	0	0	0	0	0	1	0	0	0	0	0	0	0	0	0	0	0	0	8	0	0	7	0	0	0	0	0	0	0	1	0	0	2	0	4	0	0	0	4	0	0	0	0	0	3	0	0	0	4	0	0	0	0	0	0	0	0	0	0	0	0	0	18	0	50	0	0	5	0	3	0	1	1	6	1	0	1	0	0	0	0	0	0	0	0	0	0	0	0	0	0	0	0	0
OTU3932	0	0	0	0	0	0	0	0	0	0	0	0	0	0	0	0	0	0	0	0	0	0	0	0	0	0	1	0	11	0	1	0	0	0	0	0	0	5	3	0	0	0	0	0	1	0	0	0	0	0	0	0	0	0	0	0	0	0	0	0	0	0	0	0	0	0	0	0	0	0	0	0	0	0	0	1	0	0	0	0	0	0	0	3	0	0	0	5	4	0	0	0	0	0	1	0	0	0	0	0	0	0
OTU3933	0	0	0	0	0	0	0	0	0	0	0	0	0	0	0	0	0	0	0	0	0	0	0	0	0	0	0	42	0	3	0	3	0	0	0	0	0	0	0	0	0	0	0	0	0	1	0	0	0	0	0	0	0	0	0	0	0	0	0	0	0	0	0	0	0	0	0	0	0	0	0	4	0	15	0	0	0	0	0	0	2	1	0	0	0	0	0	0	1	2	12	0	5	0	1	1	1	0	0	0	0	0
OTU3934	0	0	0	0	0	0	0	0	0	0	0	0	0	0	0	0	0	0	0	0	0	0	0	0	0	0	0	1	0	0	0	0	0	0	0	0	0	0	0	0	0	0	0	0	10	3	0	0	0	0	0	0	0	0	0	0	0	3	2	0	0	0	0	0	0	0	0	0	0	0	0	0	0	0	0	0	0	0	0	0	0	6	0	0	0	0	0	0	2	0	0	0	0	0	0	0	0	0	0	0	0	0
OTU3935	0	0	0	0	0	0	0	0	0	0	0	0	0	0	0	0	0	0	0	0	0	0	0	0	0	0	0	35	0	0	0	0	0	0	0	0	0	0	0	0	0	0	0	0	0	0	0	0	0	0	0	3	0	0	0	0	0	0	0	0	0	0	0	0	0	0	0	0	0	0	0	4	0	0	0	0	0	0	0	0	0	0	0	0	0	0	0	0	0	0	0	0	0	0	0	3	0	0	0	0	0	0
OTU3936	0	0	0	0	0	0	0	0	0	0	0	0	0	0	0	0	0	0	0	0	0	0	0	0	0	0	0	8	0	0	0	0	0	0	0	0	0	0	0	0	0	0	0	0	0	0	0	0	0	0	0	0	0	0	0	0	9	0	0	0	0	0	0	0	0	0	0	0	0	0	0	0	0	0	0	0	0	0	0	0	0	0	0	0	0	0	0	0	0	0	0	0	0	0	0	0	0	0	0	0	0	0
OTU3937	0	0	0	0	0	0	0	0	0	0	0	0	0	0	0	0	0	0	0	0	0	0	0	0	0	0	0	14	0	0	0	0	0	0	0	0	0	0	0	0	0	0	0	0	0	0	0	0	0	0	0	1	0	0	0	0	0	0	0	0	0	0	0	0	0	0	0	0	0	0	0	0	0	0	0	0	11	0	0	0	0	2	0	0	0	0	0	0	0	0	0	0	0	0	0	0	0	0	0	0	0	0
OTU3938	0	0	0	0	0	0	0	0	0	0	0	0	0	0	0	0	0	0	0	0	0	0	0	0	0	0	0	8	0	0	0	0	0	0	0	0	0	0	1	0	1	0	0	0	0	0	0	0	0	0	0	0	0	0	0	0	0	0	0	0	0	0	0	0	0	0	0	0	0	2	0	0	0	0	0	0	0	6	0	3	1	0	0	0	0	0	2	16	0	1	0	0	0	0	0	0	0	0	0	0	0	0
OTU3939	0	0	0	0	0	0	0	0	0	0	0	1	0	0	0	0	0	0	0	0	0	0	0	0	0	0	1	11	0	0	0	0	0	0	0	0	0	0	0	0	5	1	2	0	0	2	0	0	0	2	0	0	0	0	0	7	2	0	0	0	0	0	0	0	0	0	0	0	0	2	0	0	0	2	0	0	0	1	6	0	0	0	0	0	0	0	3	0	0	0	0	0	0	0	2	1	2	0	0	0	0	0
OTU394	0	0	2	0	0	0	0	0	0	3	0	0	0	1	1	0	0	0	0	0	9	0	2	0	0	0	25	17	0	10	51	1	0	0	0	0	1	1	1	2	254	4	89	11	15	1	3	0	1	30	7	39	5	4	5	2	17	0	19	1	1	0	0	1	0	1	1	0	5	0	21	0	6	12	0	2	2	2	0	6	1	6	1	4	2	3	51	29	16	12	3	1	3	5	990	26	10	0	0	27	2	2
OTU3940	0	0	0	0	0	0	0	0	0	0	0	0	0	0	0	0	0	0	0	0	0	0	0	0	0	0	0	4	2	13	0	1	0	0	0	0	2	0	0	0	0	0	0	6	0	0	1	13	0	0	0	0	0	0	9	8	0	1	1	0	0	0	0	0	1	0	1	0	0	0	1	3	3	0	0	0	0	0	0	0	1	1	0	3	0	0	2	1	0	0	0	0	4	0	0	0	0	0	0	0	0	0
OTU3941	0	0	0	0	0	0	0	0	0	0	0	0	0	0	0	0	0	0	0	0	0	0	0	0	0	0	0	3	0	0	0	0	0	0	0	0	0	0	0	0	0	13	21	0	0	0	0	0	0	0	0	0	0	0	0	0	0	0	0	0	0	0	0	0	0	0	0	0	0	0	0	0	0	0	0	0	0	0	0	0	0	0	0	0	0	0	0	0	0	0	0	0	0	1	0	0	0	0	0	0	0	0
OTU3942	0	0	0	0	0	0	0	0	0	0	0	0	0	0	0	0	0	0	0	0	0	0	0	0	0	0	0	6	24	0	4	0	0	0	0	0	4	1	0	0	3	1	0	0	0	0	2	0	0	0	0	1	0	0	0	0	0	0	0	0	0	0	0	0	0	0	0	0	0	0	0	0	0	0	0	0	9	4	0	1	0	0	0	0	0	0	0	1	0	0	0	0	0	0	0	0	0	0	0	0	0	0
OTU3943	0	0	0	0	0	0	0	0	0	0	0	0	0	0	1	0	0	0	0	0	0	0	0	0	0	0	0	3	33	0	0	0	0	0	0	0	15	0	0	0	3	0	2	1	0	0	0	1	0	0	0	1	0	1	3	4	13	1	1	0	0	0	0	0	0	4	0	0	0	12	0	0	1	0	0	11	0	93	0	0	10	3	0	0	0	0	8	11	1	0	0	1	1	4	0	0	0	0	0	0	0	0
OTU3944	0	0	0	0	0	0	0	0	0	0	0	0	0	0	0	0	0	0	0	0	0	0	0	0	0	0	0	0	2	0	0	0	0	0	0	0	0	0	0	0	7	0	0	0	0	0	0	0	0	0	0	0	0	0	0	0	14	0	0	0	0	0	0	0	0	0	1	0	0	0	0	0	0	2	0	0	2	0	0	3	0	0	0	1	0	0	8	0	0	2	2	0	0	0	0	1	0	0	0	0	0	0
OTU3945	0	0	0	0	0	0	0	0	0	0	0	0	0	0	4	0	0	0	0	0	0	0	0	0	0	0	0	0	19	0	0	0	0	0	0	0	0	0	0	0	0	0	0	0	0	0	0	0	0	0	0	0	0	0	2	0	0	0	0	0	0	0	0	0	0	0	0	0	0	0	0	0	0	0	0	0	0	0	0	0	0	0	0	0	0	0	0	0	0	0	0	0	0	0	0	0	0	0	0	0	0	0
OTU3946	0	0	0	0	0	0	0	0	0	0	0	4	0	3	0	0	0	0	0	0	0	0	0	0	0	0	0	11	21	0	0	0	0	0	0	0	2	0	0	0	3	3	0	0	0	0	0	3	2	1	1	8	7	0	0	0	5	0	0	0	0	0	0	0	0	0	0	0	0	1	10	0	0	0	0	15	31	1	1	1	2	0	0	0	1	0	0	0	14	0	4	0	0	0	0	2	0	0	0	0	0	0
OTU3947	0	0	0	0	0	0	0	0	0	0	0	0	0	0	0	0	0	0	0	0	0	0	0	0	0	0	0	0	3	0	0	0	0	0	0	0	0	0	10	0	0	0	0	0	0	0	0	0	0	0	0	0	0	0	0	0	0	0	0	0	0	0	0	0	0	0	0	0	0	0	0	0	0	2	0	0	0	2	0	0	0	0	0	3	0	1	0	3	3	0	0	0	4	0	0	0	0	0	0	0	0	0
OTU3948	0	0	0	0	0	0	0	0	0	0	0	0	0	0	0	0	0	0	0	0	0	0	0	0	0	1	0	0	6	0	0	0	0	0	0	0	0	2	0	0	0	1	0	0	0	1	0	0	0	0	0	0	0	3	0	0	7	0	0	0	0	0	0	0	0	0	0	0	0	3	0	0	0	1	0	6	5	1	0	3	0	1	0	0	0	0	32	1	0	0	0	0	0	0	0	0	0	0	0	0	0	0
OTU3949	0	0	0	0	0	0	0	0	0	0	0	0	0	0	0	0	0	0	0	0	0	0	0	0	0	0	0	0	11	0	0	0	0	0	0	0	0	1	0	0	0	0	0	0	0	0	0	0	0	0	0	0	0	0	0	0	0	0	0	0	0	0	0	0	0	0	0	0	0	0	32	0	0	0	0	0	0	0	0	0	0	0	0	0	0	0	0	0	9	0	0	0	0	0	0	0	0	0	0	0	0	0
OTU395	0	0	0	0	0	0	0	4	0	0	0	0	0	3	0	0	0	1	6	0	1	0	0	0	0	3	0	17	0	10	4	4	4	4	6	3	3	0	13	0	6	9	2	25	35	39	5	29	10	13	3	0	10	0	5	7	7	21	10	1	4	0	0	2	111	8	316	211	114	6	1	7	1	3	1	0	3	3	3	6	0	3	23	7	0	15	0	0	0	0	0	0	13	5	1	15	4	361	74	2	48	115
OTU3950	0	0	0	0	0	0	0	0	0	0	0	0	0	0	0	0	0	0	0	0	0	0	0	0	0	0	0	0	14	0	8	0	0	0	0	0	0	0	0	0	0	2	7	0	0	0	2	0	1	0	0	0	0	0	0	0	6	0	0	0	0	0	0	0	0	0	0	0	0	0	0	0	0	0	0	0	0	0	0	0	0	0	0	0	0	0	0	0	0	0	0	0	0	6	0	0	0	0	0	0	0	0
OTU3951	0	0	0	0	0	0	0	0	0	0	0	0	0	0	0	0	0	0	0	0	0	0	0	0	0	0	0	0	0	3	0	0	0	0	0	0	0	0	0	0	0	0	0	0	0	0	0	5	0	0	0	0	0	0	0	0	0	3	5	0	0	0	0	0	0	0	0	0	0	0	0	0	0	0	0	0	0	0	0	0	0	0	5	0	0	2	0	0	0	0	1	0	3	0	0	0	1	0	0	0	0	0
OTU3952	0	0	0	0	0	0	0	0	0	0	0	0	0	0	0	0	0	0	0	0	0	0	0	0	0	0	0	0	1	4	0	0	0	0	0	0	0	0	0	0	6	0	0	0	0	0	0	0	0	0	0	0	0	0	0	0	0	0	0	0	0	0	0	0	0	0	0	0	0	0	4	0	0	0	0	0	0	0	4	0	0	0	0	0	0	0	0	0	0	0	0	0	0	0	0	3	0	0	0	0	0	0
OTU3953	0	0	0	0	0	0	0	0	0	0	0	0	0	0	0	0	0	0	0	0	0	0	0	0	0	0	0	2	2	12	0	0	0	0	0	0	0	0	0	0	0	0	0	3	0	4	0	3	0	0	0	1	1	0	0	4	0	0	0	0	0	0	0	0	0	1	0	0	0	0	0	36	0	4	1	0	12	2	0	2	0	0	0	0	0	0	1	3	3	0	0	0	1	0	0	0	1	0	0	0	0	0
OTU3954	0	0	0	0	0	0	0	0	0	0	0	0	0	0	0	0	0	0	0	0	0	0	0	0	0	0	0	0	0	0	18	0	0	0	0	0	0	0	0	0	0	0	0	0	0	5	0	3	0	0	0	0	0	1	0	0	0	0	0	0	0	0	0	0	0	0	0	0	0	0	0	0	0	0	0	0	0	0	0	0	0	0	0	0	0	0	0	0	0	0	0	0	0	1	0	0	0	0	0	0	0	0
OTU3955	0	0	0	0	0	0	0	0	0	0	0	0	0	0	0	0	0	0	0	0	0	0	0	0	0	0	0	0	0	0	6	0	0	0	0	0	0	0	0	0	0	1	32	0	0	0	0	0	0	0	0	0	0	0	0	0	0	0	0	0	0	0	0	0	0	0	0	0	0	0	0	19	0	0	0	0	0	14	0	0	0	0	0	5	0	0	0	0	0	0	0	0	0	7	0	0	0	0	0	0	0	0
OTU3956	0	0	0	0	0	0	0	0	0	0	0	0	0	0	0	0	0	0	0	0	0	0	0	0	0	0	0	0	0	0	0	1	0	0	0	1	0	0	0	0	0	0	0	0	0	6	0	11	0	0	0	0	0	0	0	0	0	0	0	0	0	0	0	0	0	3	0	0	0	0	0	0	0	0	0	0	0	0	0	0	0	0	0	0	0	2	0	0	0	0	0	0	0	0	0	3	0	0	4	0	1	0
OTU3957	0	0	0	0	0	0	0	0	0	0	0	0	0	0	0	0	0	0	0	0	0	0	0	0	0	0	0	0	0	0	0	0	3	0	0	0	0	0	0	0	0	0	0	0	12	0	0	1	0	0	0	0	0	0	0	0	0	4	6	0	0	0	0	0	0	0	0	0	0	0	0	0	0	0	0	0	2	0	0	0	0	0	5	0	0	0	0	0	0	0	0	0	0	0	4	0	0	0	0	0	0	0
OTU3958	0	0	0	0	0	0	0	0	0	0	0	0	0	0	0	0	0	0	0	0	0	0	0	0	0	0	0	0	0	0	0	0	2	0	0	0	0	0	0	0	0	0	0	1	10	11	0	0	0	0	0	0	0	0	1	8	8	0	0	0	0	0	0	0	0	1	0	0	0	0	0	0	0	2	0	0	0	1	0	0	0	6	4	0	0	0	0	1	0	0	0	0	0	0	0	0	1	0	0	0	0	0
OTU3959	0	0	0	0	0	0	0	0	0	0	0	0	0	0	0	0	0	0	0	0	0	0	0	0	2	0	3	1	0	0	0	0	0	1	0	0	5	0	0	0	0	0	0	0	0	8	5	0	0	0	0	0	0	1	7	5	0	0	0	0	0	0	0	0	2	0	0	0	0	0	0	0	0	0	4	0	0	0	1	0	0	5	0	0	0	0	0	0	0	0	0	0	0	7	0	0	0	0	0	0	0	0
OTU396	0	0	0	0	0	0	0	0	0	0	0	0	2	0	0	0	0	0	4	0	0	2	0	0	0	0	0	14	0	1	2	0	1	0	15	0	24	2	186	2	29	56	16	5	1	0	3	6	3	26	4	12	32	10	1	1	5	5	3	0	2	1	0	0	0	44	7	1	0	9	74	0	6	47	80	4	268	6	52	1	23	12	20	17	11	1	1	3	1087	27	54	18	2	19	7	37	5	1	0	0	3	0
OTU3960	0	0	0	2	0	0	0	0	0	0	0	0	0	0	0	0	0	0	0	0	0	0	0	0	0	0	0	2	0	3	0	0	0	2	0	0	14	0	11	0	241	26	0	21	13	32	18	0	6	18	0	0	2	5	5	25	2	11	15	5	0	0	0	1	3	0	0	0	1	0	1	0	0	4	0	1	2	2	0	2	6	6	1	43	8	3	1	24	0	0	0	0	7	7	19	45	2	0	2	9	3	0
OTU3961	0	0	0	0	0	0	0	0	0	0	0	0	0	0	0	0	0	0	0	0	0	0	0	0	0	0	0	7	0	0	0	0	0	0	2	0	1	0	10	0	14	0	9	0	0	0	1	0	0	0	0	2	0	0	0	0	2	2	2	0	0	0	0	0	0	0	0	0	0	1	0	1	0	0	0	5	0	8	0	0	0	0	3	0	0	0	0	2	6	0	2	4	0	0	0	2	0	0	0	0	0	0
OTU3962	0	0	0	0	0	0	0	0	0	0	0	0	0	0	0	0	0	0	0	0	0	0	0	0	0	0	0	0	0	0	0	0	0	0	3	0	0	0	0	0	0	0	0	0	0	0	0	0	0	0	0	0	0	0	0	0	0	0	0	0	0	0	0	0	9	14	0	2	5	0	0	0	0	0	0	0	0	0	0	0	0	0	0	0	0	0	0	0	0	0	0	0	0	0	0	0	0	0	0	0	0	0
OTU3963	0	0	0	0	0	0	0	0	0	0	0	0	0	0	0	0	0	0	0	0	0	1	0	0	0	0	0	0	0	0	0	0	0	0	0	0	42	0	0	0	0	0	2	0	0	0	0	0	0	0	0	0	0	0	0	0	0	0	0	0	0	0	0	0	0	0	0	0	0	0	0	0	0	0	0	0	0	0	0	0	6	0	0	1	0	0	1	0	0	0	0	0	0	0	0	0	0	0	0	0	0	0
OTU3964	0	0	0	0	0	0	0	0	0	0	0	0	0	0	0	0	0	0	0	0	0	0	0	0	0	0	0	0	0	0	0	0	0	0	0	0	11	0	0	0	0	0	0	0	0	0	0	0	0	0	0	0	3	0	0	0	0	0	0	0	0	0	0	0	0	0	0	0	0	0	0	0	0	0	2	0	10	6	0	0	0	0	0	0	0	0	0	0	0	5	0	0	0	0	0	0	3	0	0	0	0	0
OTU3965	0	0	0	0	0	0	0	0	0	0	0	0	0	0	0	0	0	0	0	0	0	0	0	0	0	0	0	0	2	0	0	0	0	0	0	0	4	0	0	0	1	3	0	0	0	0	2	0	0	0	0	0	0	0	0	0	2	0	0	0	0	0	0	0	0	0	0	0	0	0	0	0	0	2	7	5	0	0	0	0	3	0	0	0	0	0	0	0	20	0	3	0	0	0	1	0	0	0	0	0	0	0
OTU3966	0	0	0	0	0	0	0	0	0	0	0	0	0	0	0	0	0	0	0	0	0	0	0	0	0	0	0	0	0	0	0	0	0	0	0	0	21	0	0	0	2	0	0	0	0	0	0	0	0	0	0	0	0	0	0	0	0	0	0	0	0	0	0	0	0	0	0	0	0	0	0	0	0	4	0	0	0	0	0	3	0	0	0	0	0	0	0	0	0	0	0	0	0	0	0	0	0	0	0	0	0	0
OTU3967	0	0	0	0	0	0	0	0	0	0	0	0	0	0	0	0	0	0	0	0	0	1	0	0	0	0	0	0	0	0	0	0	0	0	0	0	8	0	0	0	0	0	0	0	0	1	0	0	0	0	0	0	1	0	0	0	0	0	0	0	0	0	0	0	0	0	0	0	0	0	5	3	11	0	0	3	1	0	0	0	0	2	0	0	0	0	0	0	0	0	0	0	0	2	0	0	0	0	0	0	0	0
OTU3968	0	0	0	0	0	0	0	1	0	0	0	0	0	0	0	0	0	0	0	0	0	0	0	0	0	0	0	0	0	0	0	0	0	1	0	0	24	0	0	0	0	0	0	0	2	1	0	0	0	0	0	1	0	4	0	0	1	0	0	0	0	0	0	0	0	0	0	0	0	0	0	0	0	0	0	13	0	0	2	7	0	0	0	0	2	0	0	0	0	0	0	0	1	0	0	0	0	0	0	0	0	0
OTU3969	0	0	0	0	0	0	0	0	0	0	0	0	1	0	0	0	0	0	0	0	0	0	0	0	0	0	0	0	0	0	0	0	0	0	1	1	0	27	1	0	2	0	0	0	0	0	0	0	0	0	0	0	0	0	0	0	0	0	1	0	0	0	0	0	0	0	0	0	0	0	0	0	0	1	0	0	54	0	0	0	0	2	0	0	0	0	0	0	28	0	0	0	0	0	0	4	0	0	0	0	0	0
OTU397	0	0	0	0	0	0	1	0	0	0	0	0	0	0	0	0	0	0	0	1130	0	911	1	4	1	0	0	0	0	0	0	0	0	2	3	0	15	0	0	20	0	0	0	0	0	0	0	0	0	0	0	0	0	0	0	0	0	0	0	2	1	1	0	0	0	3	5	5	9	1	0	0	0	0	1	0	0	0	0	0	0	0	0	0	0	0	0	0	0	0	0	0	0	2	0	0	0	3	3	5	2	6
OTU3970	0	0	0	0	0	0	0	0	0	0	2	0	0	0	0	0	0	0	2	0	0	0	0	0	0	0	0	0	0	0	0	0	0	0	0	0	4	6	5	0	5	4	1	0	0	0	0	0	0	0	0	0	0	0	0	1	0	0	0	0	0	0	0	0	0	0	0	0	0	1	0	0	0	0	0	2	6	0	0	1	0	3	1	0	0	0	2	1	4	0	2	0	0	4	0	0	0	0	1	0	0	0
OTU3971	0	0	0	0	0	0	0	0	0	0	0	0	0	1	0	0	0	0	0	0	0	0	0	0	0	0	0	0	0	0	0	0	0	0	0	0	0	2	0	0	0	0	0	0	0	0	0	0	0	0	0	0	0	0	0	0	0	0	0	0	0	0	0	0	0	0	0	0	0	0	0	0	7	0	0	1	0	0	0	0	0	7	0	0	0	0	0	0	0	0	0	0	0	0	0	0	0	0	0	0	0	0
OTU3972	0	0	0	0	0	0	0	0	0	0	0	0	0	0	0	0	0	0	0	0	0	0	0	0	0	0	0	0	0	0	0	0	0	0	0	0	0	6	4	0	0	0	0	0	0	0	0	0	0	0	0	0	3	0	0	0	1	1	0	0	0	0	0	0	0	0	0	0	0	0	0	0	0	0	0	0	0	6	0	11	0	0	0	0	0	0	0	0	0	0	0	0	0	5	0	0	0	0	0	0	0	0
OTU3973	0	0	0	0	0	0	0	0	0	0	0	0	0	0	0	0	0	0	0	0	0	0	0	0	0	0	0	0	0	0	0	0	0	0	0	0	0	0	3	0	19	5	6	0	0	0	0	0	0	0	0	4	2	0	0	0	0	0	2	0	0	0	0	0	0	0	0	0	0	0	0	0	0	3	1	0	0	0	0	0	0	0	0	0	0	0	0	0	1	0	1	0	0	0	0	0	0	4	0	0	1	0
OTU3974	0	0	0	0	0	0	0	0	0	0	0	0	0	0	0	0	0	0	0	0	0	0	0	0	0	0	0	1	0	0	0	0	0	0	0	0	0	0	28	0	0	0	0	0	0	0	0	0	0	0	0	0	0	0	0	0	0	0	0	0	0	0	0	0	0	0	0	0	0	0	0	0	0	0	0	0	0	0	0	0	0	0	0	0	0	0	0	0	0	0	0	0	0	0	0	0	0	0	0	0	0	0
OTU3975	0	0	0	0	0	0	0	0	0	0	0	0	0	0	0	0	0	0	0	0	0	0	0	0	0	0	0	0	0	0	0	0	0	0	0	0	0	1	0	0	79	2	0	4	0	11	4	0	0	0	0	0	0	1	2	6	7	1	0	0	0	0	0	0	0	0	0	0	0	0	0	1	1	0	2	0	0	0	0	0	3	3	0	0	0	2	1	0	0	0	0	0	3	2	0	1	0	0	0	0	0	0
OTU3976	0	0	0	0	0	0	0	0	0	0	0	0	0	0	0	0	0	0	0	0	0	0	0	0	0	0	0	1	0	0	0	0	0	0	0	0	0	0	0	0	11	0	0	0	0	0	0	0	0	0	3	0	0	0	0	0	0	0	2	0	0	0	0	0	0	0	0	0	0	0	0	0	0	0	0	0	2	0	13	0	0	0	0	0	0	0	1	0	0	0	0	0	0	0	0	1	0	0	0	0	0	0
OTU3977	0	0	0	0	0	0	0	0	1	0	0	0	0	0	0	0	0	0	0	0	0	0	0	0	0	0	0	0	0	0	0	0	0	0	0	0	2	0	0	0	4	0	0	0	0	1	1	0	0	0	0	0	0	0	0	0	0	0	0	0	0	0	0	0	0	0	0	0	0	0	0	0	0	0	0	1	11	9	0	1	0	0	0	0	0	0	0	0	0	0	0	0	0	0	0	0	0	0	0	0	0	0
OTU3978	0	0	0	0	0	0	0	0	0	0	0	0	0	0	0	0	0	0	0	0	0	0	0	0	0	0	0	0	0	0	0	0	0	0	0	0	0	0	0	0	1	0	0	0	0	0	0	0	0	0	0	0	0	0	0	0	0	0	0	0	0	0	0	0	0	0	0	0	0	0	0	0	78	0	0	0	0	0	0	0	6	0	2	0	0	10	0	0	0	0	0	0	0	0	0	1	0	0	0	0	0	0
OTU3979	0	0	0	0	0	0	0	0	0	0	0	0	0	0	0	0	0	0	0	0	0	0	0	0	0	0	0	0	0	0	0	0	0	0	0	0	0	0	0	0	0	6	0	0	0	0	0	0	0	0	0	0	2	0	0	0	0	0	0	0	0	0	0	0	0	0	0	0	0	0	0	0	0	0	0	1	1	0	0	0	0	0	0	0	0	0	0	0	0	0	22	0	0	0	0	0	0	0	0	0	0	0
OTU398	1	2	0	0	0	0	4	8	4	0	1	0	0	0	0	0	2	0	0	0	1	0	0	3	6	9	6	2	3	8	33	0	1	9	16	0	4	3	1	3	13	1	6	0	10	151	0	1	212	0	2	54	30	30	29	66	126	20	3	7	0	2	1	9	332	345	1522	104	70	22	21	118	95	34	23	23	21	3	25	34	9	5	4	7	5	121	125	29	32	18	32	89	216	11	16	91	167	21	34	186	77	22
OTU3980	0	0	0	0	0	0	0	0	0	0	0	1	0	0	0	0	0	0	0	0	0	0	0	0	0	0	0	1	1	0	0	0	0	0	0	0	0	0	0	0	0	10	0	0	0	2	0	0	0	0	0	0	0	0	0	0	7	0	0	0	0	0	0	0	0	0	0	0	0	4	2	0	0	0	0	0	0	0	0	0	0	0	0	0	0	0	0	2	0	0	0	3	0	0	0	0	0	0	0	0	0	0
OTU3981	0	0	0	0	0	0	0	0	0	0	0	0	0	0	0	0	0	0	0	0	0	0	0	0	0	0	0	0	0	0	0	0	0	0	0	0	0	0	0	0	0	0	11	0	0	0	0	0	0	0	0	13	0	1	0	0	0	0	5	0	0	0	0	0	0	0	0	0	0	0	1	0	0	0	0	0	0	22	0	0	0	0	0	0	0	0	0	0	0	0	7	0	0	2	0	0	0	0	0	0	0	0
OTU3982	0	2	0	0	0	0	0	0	2	0	0	1	0	0	2	0	0	0	0	0	0	0	0	0	0	0	0	3	0	3	0	0	0	0	0	0	0	0	0	0	0	0	0	7	0	3	0	0	0	0	0	0	0	0	0	0	1	1	0	0	0	0	0	0	0	0	1	0	0	0	5	0	0	0	5	0	0	0	0	0	5	1	0	0	2	0	4	0	0	1	0	0	0	0	0	0	2	0	0	2	0	0
OTU3983	0	0	0	0	0	0	0	0	0	0	0	1	0	0	0	0	0	0	0	0	0	0	0	0	0	0	0	0	0	0	0	0	0	0	0	0	0	0	0	0	0	0	0	2	0	0	0	0	1	0	0	0	0	0	8	8	5	0	6	0	0	0	0	0	1	0	0	0	0	0	0	0	0	0	0	0	0	0	0	0	0	0	0	0	0	4	0	0	0	1	0	0	4	0	0	2	6	0	0	0	0	2
OTU3984	0	0	0	0	0	0	0	0	0	0	0	0	0	0	0	0	0	0	0	0	0	0	0	0	0	0	0	1	0	0	0	0	0	0	0	0	0	0	0	0	0	0	0	5	31	9	0	0	0	0	0	0	0	0	0	0	0	0	0	0	0	0	0	0	0	0	0	0	0	0	0	0	0	0	0	0	0	0	0	0	0	20	0	0	0	0	1	0	1	4	0	0	0	4	0	2	0	0	0	0	0	0
OTU3985	0	0	0	0	0	0	0	0	0	0	0	0	1	0	0	0	0	0	0	0	0	0	0	0	0	0	0	0	0	0	3	0	0	0	0	0	0	0	0	0	0	0	0	37	0	9	1	0	0	0	0	0	1	0	3	0	0	0	0	0	0	0	0	0	0	0	0	0	0	0	0	0	0	0	0	0	0	0	0	0	0	0	0	0	0	0	1	0	0	11	0	0	0	0	0	78	0	0	0	0	3	0
OTU3986	0	0	0	0	0	0	1	0	0	0	1	0	0	1	0	0	0	0	1	0	0	0	0	0	0	0	0	2	0	1	2	0	0	0	0	2	0	0	0	0	6	10	0	2	13	3	4	3	4	2	0	0	0	0	4	1	0	0	0	0	0	0	0	0	0	0	2	0	0	0	0	0	0	0	0	16	0	0	0	0	2	0	0	1	0	0	0	0	0	0	0	0	0	1	11	6	6	0	0	1	1	0
OTU3987	0	0	0	0	0	0	0	0	0	0	0	0	0	1	0	0	0	0	0	0	0	0	0	0	0	0	0	0	0	0	0	0	0	0	0	0	0	0	0	0	0	0	0	0	37	6	0	0	1	0	0	0	0	1	2	1	0	2	3	0	0	0	0	0	0	0	0	0	0	0	0	0	0	0	6	0	0	0	0	0	0	0	2	0	0	0	0	0	0	0	0	0	0	0	0	0	3	0	0	0	0	0
OTU3988	0	0	0	0	0	1	0	0	0	0	0	0	0	0	0	0	0	0	0	0	0	0	0	0	0	0	0	0	1	2	0	0	0	0	0	2	0	0	0	0	0	0	0	0	2	0	1	16	0	1	0	0	0	0	0	13	0	14	3	0	0	0	0	0	0	0	0	0	1	0	0	0	0	0	0	1	0	2	0	0	0	0	0	0	0	0	0	0	0	3	0	0	1	0	0	1	0	0	0	0	0	5
OTU3989	0	0	0	0	0	0	0	0	0	0	0	0	0	0	0	0	0	0	0	0	0	0	0	0	1	0	0	0	0	0	0	0	2	0	0	0	0	0	0	0	0	0	0	0	8	0	0	0	2	2	0	2	1	1	0	0	0	0	0	0	0	0	0	0	0	0	0	0	0	0	0	5	2	0	0	0	0	0	3	0	0	2	2	0	0	0	0	0	0	15	0	0	1	0	0	0	0	0	0	0	0	0
OTU399	1	0	0	0	0	0	0	0	0	0	0	3	0	0	0	0	0	0	4	0	3	0	2	4	1	1	0	50	8	62	1	0	3	0	0	3	0	19	78	2	39	12	0	19	27	19	3	139	5	26	15	32	16	6	8	15	7	19	3	4	0	0	0	0	38	96	212	60	77	0	15	24	71	0	12	22	5	3	44	4	2	48	42	12	1	25	1	31	0	43	15	17	18	25	12	15	14	1	39	3	197	63
OTU3990	0	0	0	0	0	0	0	0	0	0	0	1	0	0	0	0	0	0	0	0	0	0	0	0	1	0	0	0	0	0	0	0	1	0	0	0	0	0	0	1	1	0	0	0	10	0	0	0	2	2	2	0	0	0	0	0	0	0	0	0	0	0	0	0	0	0	0	0	0	0	0	0	0	0	3	0	0	0	0	0	0	0	0	0	0	0	0	0	0	0	7	0	0	0	0	0	3	0	0	0	0	0
OTU3991	0	0	0	0	0	0	0	0	0	0	0	0	0	0	0	0	0	0	0	0	0	0	0	0	0	0	0	0	0	0	0	0	0	0	0	0	0	0	0	0	0	0	0	0	4	0	0	0	0	0	0	0	0	0	0	0	0	1	0	0	0	0	0	0	0	0	0	0	0	0	0	0	0	0	0	0	0	0	0	0	0	0	0	0	0	0	0	0	0	0	0	0	26	0	0	0	0	0	0	0	0	0
OTU3992	0	0	0	0	0	0	0	0	0	0	0	0	0	0	0	0	0	0	0	0	0	0	0	0	0	0	0	0	0	0	0	0	4	0	0	0	0	0	0	0	1	0	0	0	3	1	0	0	0	1	0	0	0	0	3	13	10	1	5	0	0	0	0	0	0	0	0	0	0	0	0	0	0	1	0	0	0	0	0	0	0	15	0	0	0	0	1	0	0	0	0	0	0	0	0	3	0	0	0	0	1	0
OTU3993	0	0	0	0	0	2	0	6	0	0	0	2	0	2	0	0	0	0	0	0	0	5	0	0	5	0	9	77	0	11	2	5	1	0	0	0	1	0	3	0	0	0	1	42	16	45	1	16	1	0	2	4	4	1	36	3	129	34	39	1	1	1	0	0	9	0	6	3	4	0	35	0	14	1	5	48	2	7	7	0	20	3	1	79	35	2	1	49	1	1	6	1	26	22	85	15	67	3	0	1	1	1
OTU3994	0	0	0	0	0	0	0	0	0	0	0	0	0	0	0	0	0	0	0	0	0	0	0	0	0	0	0	0	0	0	0	0	0	0	0	0	0	0	0	0	0	0	0	0	0	27	0	0	0	0	0	0	0	0	0	0	0	0	0	0	0	0	0	0	0	0	0	0	0	0	0	0	0	0	0	0	0	0	0	0	0	0	0	0	0	0	0	0	0	0	0	0	0	0	0	0	0	0	0	0	0	0
OTU3995	0	0	0	0	0	0	0	0	0	0	0	0	0	0	0	0	0	0	0	0	0	0	0	0	0	0	0	0	0	0	0	0	0	0	0	0	0	0	0	0	0	0	0	0	0	12	0	0	0	0	0	0	0	0	0	0	0	0	0	0	0	0	0	0	0	0	0	0	0	0	0	0	0	0	0	0	0	0	0	0	0	0	0	0	0	0	0	0	0	0	0	0	0	0	0	0	0	0	0	0	0	0
OTU3996	0	0	0	0	0	0	0	0	0	0	0	0	0	0	0	0	0	0	0	0	1	0	1	0	0	1	6	5	4	6	10	0	10	29	0	0	0	2	1	0	10	7	1	4	208	1484	7	6	3	0	1	420	0	6	3	218	20	717	10	1	0	0	0	0	0	6	11	14	1	0	6	6	4	3	0	8	23	1	2	13	2	4	1	1	4	7	3	5	4	3	4	9	10	248	130	10	11	1	10	5	1	0
OTU3997	0	0	0	1	0	0	0	0	0	0	0	3	0	0	0	0	0	0	0	0	0	0	0	0	0	0	0	0	0	0	0	0	0	0	0	0	0	0	0	0	1	0	0	0	0	0	1	0	2	0	0	0	0	0	0	1	0	0	0	0	0	0	0	0	0	0	0	0	0	0	0	19	0	0	0	0	0	0	0	0	0	1	1	0	0	1	0	0	0	11	0	0	0	0	0	2	0	0	0	0	0	0
OTU3998	0	0	0	0	0	0	0	0	0	0	0	0	0	0	0	0	0	0	0	0	0	0	0	0	0	0	0	0	0	0	0	0	0	0	0	0	0	0	0	0	0	0	0	0	0	0	0	1	0	0	0	0	0	0	6	0	1	0	2	0	0	0	0	0	1	0	0	0	0	0	0	0	0	0	0	0	0	0	0	0	0	21	0	3	0	2	0	0	0	0	0	0	0	0	0	7	0	0	0	0	0	0
OTU3999	0	0	0	0	0	0	0	0	0	0	0	0	0	0	0	0	0	0	0	0	0	0	0	0	0	0	0	0	0	0	0	0	0	0	0	0	0	4	0	0	0	0	0	0	0	0	0	5	0	0	0	0	0	0	0	0	0	0	0	0	0	0	0	0	0	0	0	0	0	0	0	0	0	0	0	0	25	0	0	0	0	0	0	0	0	0	0	0	0	0	0	0	0	0	0	0	0	0	0	0	0	0
OTU4	1	33	25	1	0	25	59	150	4	17	18	21	0	7	14	11	7	10	77	38	52	51	37	133	121	58	2692	1183	2574	1135	1316	78	393	81	521	99	516	204	2211	7	2183	950	205	989	3138	908	1402	1307	442	919	146	2683	540	364	1218	1842	1914	1052	1280	91	236	69	92	195	6377	4889	9410	4834	4747	380	1110	822	1053	772	1490	871	381	260	1080	358	424	1126	1335	1138	527	1345	811	906	8028	434	793	621	1425	1472	1215	1540	1515	3876	10599	3124	4649	4632
OTU40	1	15	16	1	0	2	22	52	2	1	9	10	2	9	8	2	5	4	42	3	40	31	14	24	29	24	1387	565	549	697	970	46	77	34	63	28	122	99	937	5	864	312	297	1024	1352	652	677	427	643	417	166	624	320	293	1124	712	446	1281	1336	31	23	18	26	48	933	1318	2531	726	1761	468	888	149	354	379	695	248	402	948	766	389	320	742	603	558	636	928	245	347	295	445	409	510	1163	998	968	1156	954	1646	1815	9742	1528	1336
OTU400	3	0	1	0	2	0	1	5	1	0	5	0	0	3	1	0	2	0	1	0	0	2	2	0	0	0	43	46	34	35	131	0	0	1	1	0	48	19	50	0	123	16	10	38	40	19	42	67	17	25	10	31	11	32	34	38	69	31	24	1	0	0	1	1	1	0	1	1	1	41	93	21	11	26	19	157	41	1098	79	13	27	51	44	13	78	84	61	82	36	32	21	38	334	100	53	186	94	8	4	1	0	3
OTU4000	0	0	0	0	0	0	0	0	0	0	0	0	0	0	0	0	0	0	0	0	0	0	0	0	0	0	0	0	0	0	0	0	0	0	0	0	0	0	0	0	0	0	0	0	0	0	0	14	0	0	0	0	0	0	0	0	19	6	0	0	0	0	0	0	0	0	0	0	0	0	0	0	0	0	0	0	0	0	0	0	0	0	1	0	0	9	0	0	0	0	0	0	0	0	3	0	0	0	0	0	0	0
OTU4001	0	0	0	0	0	0	0	0	0	0	0	0	0	0	0	0	0	0	0	0	0	0	0	0	0	0	0	0	0	0	0	0	0	0	0	0	0	0	0	0	0	0	0	1	0	0	0	3	0	0	0	0	0	0	3	5	0	0	4	0	0	0	0	0	0	0	0	0	0	0	0	0	0	0	0	0	0	0	1	0	0	3	1	0	0	0	0	0	0	0	0	0	3	0	0	0	0	0	0	1	0	0
OTU4002	0	0	0	0	0	0	0	1	0	0	0	0	0	0	0	0	0	0	0	0	0	0	0	0	0	0	0	0	0	0	0	0	0	0	0	0	0	0	0	0	0	0	0	0	0	0	0	0	0	11	0	1	0	0	0	0	0	0	0	0	0	0	0	0	0	0	1	0	0	8	3	0	0	2	0	0	0	0	0	0	1	0	1	0	0	0	0	0	0	3	0	0	0	0	0	0	0	0	0	0	0	0
OTU4003	0	0	0	0	0	0	0	0	0	0	0	0	0	0	0	0	0	0	0	0	0	0	0	0	0	0	0	0	0	0	0	0	0	0	0	0	0	0	0	0	0	0	0	0	0	0	0	0	0	0	0	24	0	0	0	0	0	0	0	0	0	0	0	0	0	0	0	0	0	0	0	0	0	0	0	0	0	0	0	0	0	0	0	0	0	0	0	0	0	0	0	36	0	0	0	0	1	0	0	0	0	0
OTU4004	0	0	0	0	0	0	0	0	0	0	0	2	0	0	0	0	0	0	0	0	0	0	0	0	0	0	2	2	0	0	0	0	0	0	1	0	0	12	0	0	0	0	0	12	0	16	3	0	4	0	0	40	2	2	0	1	0	5	0	0	0	0	0	0	0	0	0	1	0	0	0	0	0	1	0	11	1	3	1	0	0	0	0	0	0	1	1	1	2	0	0	0	26	4	0	1	2	0	1	1	0	0
OTU4005	0	0	0	0	0	0	0	0	0	0	0	0	0	0	0	0	0	0	0	0	0	0	0	0	0	0	0	0	0	0	0	0	0	0	0	0	0	0	0	0	0	0	0	0	0	0	0	0	0	0	0	28	0	0	0	0	0	0	0	0	0	0	0	0	0	0	0	0	0	0	0	0	0	0	0	0	0	0	0	0	0	0	0	0	0	0	0	0	0	0	0	0	0	0	0	0	0	0	0	0	0	0
OTU4006	0	0	0	0	0	0	0	0	0	0	0	0	0	0	0	0	0	0	0	0	0	0	0	0	0	0	0	0	0	0	0	0	0	0	0	0	0	0	0	0	0	0	0	0	0	0	0	0	0	0	0	25	0	0	0	0	0	0	0	0	0	0	0	0	0	0	0	0	0	0	0	0	0	0	0	0	0	0	0	0	0	0	1	0	0	0	0	0	0	0	0	0	0	0	0	0	0	0	0	0	0	0
OTU4007	0	0	0	0	0	0	0	0	0	0	0	0	0	0	0	0	0	0	0	0	0	0	0	0	0	0	0	0	0	0	0	0	0	0	0	0	1	0	0	0	0	0	0	0	0	0	0	0	3	0	0	0	2	3	0	0	3	0	0	0	0	0	0	0	0	0	0	0	0	0	1	0	0	0	0	0	0	0	0	0	0	1	1	0	0	0	0	30	0	0	13	0	0	0	0	0	0	0	1	0	0	0
OTU4008	0	0	0	0	0	0	0	0	0	0	0	0	0	0	0	0	0	0	0	0	0	0	0	0	0	0	0	0	0	0	0	0	0	0	0	0	0	0	0	0	0	0	0	0	2	0	0	17	0	0	0	0	0	1	0	0	2	2	0	0	0	0	0	2	0	0	0	0	0	0	0	0	0	0	0	4	0	0	0	0	0	1	3	0	0	4	0	0	0	0	0	0	0	3	0	4	9	0	0	0	0	3
OTU4009	0	0	0	0	0	0	0	0	0	0	0	0	0	0	0	0	0	0	1	0	0	0	0	0	0	0	0	0	0	0	0	0	0	0	0	0	0	0	0	0	0	0	0	0	0	0	0	0	0	0	0	0	0	0	3	0	0	0	0	0	0	0	0	0	14	0	0	0	48	0	0	0	0	0	0	1	0	0	0	0	0	0	0	0	0	0	0	0	0	0	0	0	0	0	2	0	4	0	5	0	0	1
OTU401	0	0	0	0	0	0	0	0	0	0	0	0	0	5	0	0	0	0	1	0	1	1	2	2	4	1	6	24	2	33	78	3	1	0	1	1	6	1	1	0	15	7	33	71	38	19	3	15	16	22	1	9	11	7	37	16	7	46	17	2	0	0	0	2	216	236	71	108	186	9	1	16	0	8	0	1	8	1	24	9	3	19	22	0	30	9	0	0	2	8	52	61	24	25	85	119	0	5	1	3	3	0
OTU4010	0	0	0	0	0	0	1	2	0	0	0	0	0	0	0	0	0	0	0	2	1	0	1	2	1	3	6	12	4	13	0	1	1	0	2	0	0	8	2	0	2	0	1	1	10	0	0	0	31	0	1	8	17	5	6	9	13	6	5	2	0	0	0	1	126	40	124	37	92	5	16	5	5	7	9	23	0	19	1	17	6	0	1	3	0	0	3	4	0	21	6	34	4	0	2	0	5	1	1	1	0	0
OTU4011	0	0	0	0	0	0	0	0	0	0	0	0	0	0	0	0	0	0	0	0	0	0	0	0	0	0	0	0	0	0	1	0	0	0	0	0	0	0	0	0	4	0	0	0	0	0	0	0	0	1	0	0	0	0	0	3	0	1	5	0	0	0	0	0	0	0	0	0	0	0	0	0	2	0	0	0	0	0	4	2	0	0	4	1	0	0	0	0	0	0	0	0	1	0	1	0	0	0	0	0	0	0
OTU4012	0	0	0	0	0	0	0	0	0	0	0	0	0	0	0	0	0	0	0	0	0	0	0	0	0	0	0	0	0	0	0	0	0	0	0	0	0	0	0	0	0	0	0	0	0	0	0	0	0	0	0	0	0	0	0	2	0	0	0	0	0	0	0	0	0	34	0	0	0	0	0	0	0	0	0	0	0	0	0	0	0	0	0	0	0	0	0	0	0	0	0	0	0	0	0	0	0	0	0	0	0	0
OTU4013	0	0	1	0	0	0	0	0	0	0	0	4	0	0	0	0	0	0	0	0	0	0	0	0	0	0	0	0	0	0	0	0	0	0	0	0	0	0	0	0	1	0	0	0	0	0	0	0	0	0	0	0	0	0	0	0	59	0	0	0	0	0	0	0	0	0	0	1	0	0	0	0	0	0	2	0	0	0	0	0	0	0	0	16	0	0	0	0	0	0	0	0	0	0	0	1	1	0	0	0	0	0
OTU4014	0	0	0	0	0	0	0	0	0	0	0	0	0	0	0	0	0	0	0	0	0	0	0	0	0	0	0	0	0	0	0	0	0	0	0	0	0	0	0	0	0	0	0	0	0	0	0	0	0	0	0	0	0	0	0	0	70	0	0	0	0	0	0	1	0	0	1	0	0	0	0	0	0	0	8	0	0	0	0	0	0	0	0	0	0	0	0	0	0	0	0	0	0	0	0	0	0	0	0	0	0	0
OTU4015	0	0	0	0	0	0	0	0	0	0	0	0	0	0	0	0	0	0	0	0	0	0	0	0	0	0	0	0	0	0	0	0	0	0	0	0	0	0	0	0	0	0	0	0	0	0	0	0	0	0	0	0	0	0	0	0	0	1	0	0	0	0	0	0	0	0	0	25	6	0	0	0	0	0	0	0	0	0	0	0	0	0	0	0	0	0	0	0	0	0	0	0	0	0	0	0	0	0	0	0	0	0
OTU4016	0	0	0	0	0	0	0	0	0	0	0	0	0	0	0	0	0	0	0	0	0	0	0	0	0	0	0	0	0	0	0	0	0	0	0	0	0	0	0	0	0	0	0	0	0	0	0	0	0	0	0	0	0	0	0	0	0	2	0	0	0	0	0	0	0	0	0	21	0	0	0	0	0	0	0	0	0	0	0	0	0	0	0	0	0	0	0	0	0	0	0	0	0	0	0	0	0	0	0	0	0	0
OTU4017	0	0	0	0	0	0	0	0	0	0	0	0	0	0	0	0	0	0	0	0	0	0	0	0	0	0	0	0	0	0	0	0	0	0	0	0	0	0	0	0	0	0	0	0	0	0	0	0	0	0	0	0	0	0	0	1	0	7	0	0	0	0	0	0	0	0	0	28	0	0	0	0	0	0	0	0	0	0	0	0	0	0	0	0	0	0	0	0	0	0	0	0	0	0	0	0	0	0	0	0	0	0
OTU4018	0	0	0	0	0	0	0	0	0	0	0	0	0	0	0	0	0	0	0	0	0	0	0	0	0	0	0	0	0	0	0	0	0	0	0	0	0	0	0	0	0	0	0	0	0	0	0	0	0	0	0	0	0	0	0	0	0	0	4	0	0	0	0	0	0	0	0	0	2	0	0	2	0	0	0	0	0	0	0	0	0	0	2	0	13	0	0	0	0	0	0	0	0	0	0	0	0	0	0	0	3	0
OTU4019	0	0	0	0	0	0	0	0	0	0	0	0	0	0	0	0	0	0	0	0	0	0	1	0	0	0	0	0	0	0	0	0	0	0	0	0	0	0	0	0	0	0	0	0	0	0	0	0	0	0	0	0	0	0	0	2	0	0	1	0	0	0	0	0	0	20	0	0	11	0	0	0	0	0	0	0	0	0	0	0	0	0	0	0	0	0	0	0	0	0	0	0	0	0	0	0	0	0	0	9	1	0
OTU402	0	0	0	0	0	0	0	0	0	0	0	0	0	0	0	0	0	0	1323	0	0	0	0	1	0	0	1	0	0	0	0	0	0	0	0	1	0	0	0	0	0	6	0	0	0	0	0	0	0	0	0	0	0	0	0	0	0	0	0	0	0	0	1	0	0	2	2	0	0	0	0	0	0	0	0	0	0	0	0	0	0	0	0	0	0	0	0	0	0	0	0	0	0	0	0	0	0	0	1	2	2	0
OTU4020	0	0	0	0	0	0	0	0	0	0	0	0	0	0	0	0	0	0	0	0	0	0	0	0	0	0	0	0	0	0	0	0	0	0	0	0	0	0	0	0	0	0	0	0	0	0	0	0	0	0	0	0	0	0	0	0	0	0	0	2	0	0	0	0	0	0	0	0	0	0	0	0	0	0	0	0	0	0	0	0	0	0	0	0	0	0	0	0	0	0	0	0	0	0	0	0	0	0	0	25	0	0
OTU4021	0	0	0	0	0	0	0	0	0	0	0	0	0	0	0	0	0	0	0	0	0	0	0	0	0	0	0	0	0	0	0	0	0	0	0	0	0	0	0	0	0	0	0	0	0	0	0	0	0	4	1	0	0	0	0	0	0	0	0	0	0	0	0	0	28	0	0	0	0	0	0	0	0	0	0	0	0	0	0	0	0	0	0	0	0	0	0	0	0	0	0	0	0	0	0	0	0	0	0	0	0	0
OTU4022	0	0	0	0	0	0	0	0	0	0	0	0	0	0	0	0	0	0	0	0	0	0	0	0	0	0	0	0	0	0	0	0	0	0	0	0	0	0	0	0	0	0	0	0	0	0	0	0	0	0	0	0	0	0	0	0	0	0	0	0	0	0	0	0	25	0	0	0	0	0	0	0	0	0	0	0	0	0	0	0	0	0	0	0	0	0	0	0	0	0	0	0	0	0	0	0	0	0	0	0	0	0
OTU4023	0	0	0	0	0	0	0	0	0	0	0	0	0	0	0	0	0	0	0	0	0	0	0	0	0	0	0	0	0	0	0	0	0	0	0	0	0	0	0	0	0	0	0	0	0	0	0	0	0	0	0	0	0	0	0	0	0	0	0	0	0	0	0	0	14	4	0	16	0	0	0	0	0	0	0	0	0	0	0	0	0	0	0	0	0	0	0	0	0	0	0	0	0	0	0	0	0	0	6	0	5	0
OTU4024	0	0	0	0	0	0	0	0	0	0	0	0	0	0	0	0	0	0	0	0	0	0	0	0	0	0	0	0	0	0	0	0	0	0	0	0	0	0	0	0	0	0	0	0	0	0	0	0	0	0	0	0	0	0	0	0	0	0	0	0	0	0	0	0	22	0	0	0	0	0	0	0	0	0	0	0	0	0	0	0	0	0	0	0	0	0	0	0	0	0	0	0	0	0	0	0	0	0	0	0	0	0
OTU4025	0	0	0	0	0	0	0	0	0	0	0	0	0	0	0	0	0	0	0	0	0	0	0	0	0	0	0	0	0	0	0	0	0	0	0	0	0	0	0	0	0	0	0	0	0	0	0	0	0	0	0	0	0	0	0	0	0	0	0	0	0	0	0	0	1	0	0	3	0	0	0	0	0	0	0	0	0	0	0	0	0	0	0	0	0	0	0	0	0	0	0	0	0	0	0	0	0	0	0	0	0	25
OTU4026	0	0	0	0	0	0	0	0	0	0	0	0	0	0	0	0	0	0	0	0	0	0	0	0	0	0	0	0	0	0	0	0	0	0	0	0	0	0	0	0	0	0	0	0	0	0	0	0	0	0	0	0	0	0	5	0	0	0	0	0	0	0	0	0	28	0	0	0	0	0	0	0	0	0	0	0	0	0	0	0	0	0	0	0	0	0	0	0	0	0	0	0	0	0	0	0	0	0	0	0	0	0
OTU4027	0	0	0	0	0	0	0	0	0	0	0	0	0	0	0	0	0	0	0	0	0	0	0	0	0	0	0	0	0	0	0	0	0	0	0	0	0	0	0	0	0	0	0	0	0	0	0	0	0	0	0	0	0	0	0	0	2	1	0	0	0	0	0	0	18	6	7	5	0	0	0	0	0	0	0	0	0	0	0	0	0	0	0	0	0	0	0	0	0	0	0	0	2	0	0	0	0	0	0	0	0	0
OTU4028	0	0	0	0	0	0	0	0	0	0	0	0	0	0	0	0	0	0	0	0	0	0	0	0	0	0	0	0	0	0	0	0	0	0	0	0	0	0	0	0	0	0	0	0	0	0	0	0	0	0	0	0	0	0	0	0	0	0	0	0	0	0	0	0	18	0	0	0	0	0	0	0	0	0	0	0	0	0	0	0	0	0	0	0	0	0	0	0	0	0	0	0	0	0	0	0	0	0	0	0	0	0
OTU4029	0	0	0	0	0	0	0	0	0	0	0	0	0	0	0	0	0	0	0	0	0	0	0	0	0	0	0	0	0	0	0	0	0	0	0	0	0	0	0	0	0	0	0	0	0	0	0	0	0	0	0	0	0	0	0	0	0	0	0	0	0	0	0	0	13	0	0	7	0	0	0	0	0	0	0	0	0	0	0	0	0	0	0	0	0	0	0	0	0	0	0	0	0	0	0	0	0	0	0	0	0	0
OTU403	0	0	0	2	0	0	1	0	0	0	0	1	0	0	0	0	3	1	0	0	0	0	0	1	0	0	111	122	42	128	67	0	5	0	0	1	34	2	25	0	26	14	40	30	29	1	76	19	46	14	2	55	11	4	30	1	238	40	20	0	0	0	0	0	0	0	13	0	0	30	54	26	9	32	70	7	18	17	20	21	19	21	29	16	82	5	0	22	3	53	63	31	3	11	7	14	16	0	0	0	0	0
OTU4030	0	0	0	0	0	0	0	0	0	0	0	0	0	0	0	0	0	0	0	0	0	0	0	0	0	0	4	1	0	3	0	0	0	0	0	0	2	0	0	0	2	2	1	0	3	1	0	0	0	1	0	2	0	0	0	0	2	1	0	0	0	0	0	0	10	4	8	0	9	0	1	0	0	0	0	0	6	4	3	2	0	2	0	3	0	2	0	0	0	0	1	0	0	2	0	0	3	0	0	0	0	0
OTU4031	0	0	0	0	0	0	0	0	0	0	0	0	0	0	0	0	0	0	0	0	0	0	0	0	0	0	0	0	0	0	0	0	0	0	0	0	0	0	0	0	0	0	0	1	0	2	0	0	0	0	0	0	0	0	0	0	0	0	1	0	0	0	0	0	25	4	9	0	6	0	0	0	0	0	0	2	0	0	0	0	0	1	0	0	0	0	0	0	0	0	0	0	0	0	0	0	0	0	0	0	0	0
OTU4032	0	0	0	0	0	0	0	0	0	0	0	0	0	0	0	0	0	0	0	0	0	0	0	0	0	0	0	0	0	0	0	0	0	0	0	0	0	0	0	0	0	0	0	0	0	0	0	0	0	0	0	0	0	0	0	0	0	0	0	0	0	0	0	0	0	39	0	0	0	0	0	0	0	0	0	0	0	0	0	0	0	0	0	0	0	0	0	0	0	0	0	0	0	0	0	0	0	0	0	0	0	0
OTU4033	0	0	0	0	0	0	0	0	0	0	0	0	0	0	0	0	0	0	0	0	0	0	0	0	0	0	0	0	0	0	0	0	0	0	0	0	0	0	0	0	0	0	0	0	0	0	0	0	0	0	0	0	0	0	0	0	0	0	0	0	0	0	0	0	0	32	0	0	0	0	0	0	0	0	0	0	0	0	0	0	0	0	0	0	0	0	0	0	0	0	0	0	0	0	0	0	0	0	0	0	0	0
OTU4034	0	0	0	0	0	0	0	0	0	0	0	0	0	0	0	0	0	0	0	0	0	0	0	0	0	0	0	0	0	0	0	0	0	0	0	0	0	0	0	0	0	0	0	0	0	0	0	0	0	0	0	0	0	0	0	0	0	0	0	0	0	0	0	0	0	20	0	0	0	0	0	0	0	0	0	0	0	0	0	0	0	0	0	0	0	0	0	0	0	0	0	0	0	0	0	0	0	0	0	0	0	0
OTU4035	0	0	0	0	0	0	0	0	0	0	0	0	0	0	0	0	0	0	0	0	0	0	0	0	0	0	0	0	0	0	0	0	0	0	0	0	0	0	0	0	0	0	0	0	0	0	0	0	0	0	0	0	0	0	0	0	0	0	0	0	0	0	0	0	0	42	2	0	0	0	0	0	0	0	0	0	0	0	0	0	0	0	0	0	0	0	0	0	0	0	0	0	0	0	0	0	0	0	0	0	0	0
OTU4036	0	0	0	0	0	0	0	0	0	0	0	0	0	0	0	0	0	0	0	0	0	0	0	0	1	0	0	0	0	0	0	0	0	0	0	0	0	0	0	0	0	0	0	0	0	0	0	0	0	0	0	0	0	0	0	0	0	0	0	0	0	0	0	0	0	34	0	0	0	0	0	0	0	0	0	0	0	0	0	0	0	0	0	0	0	0	0	0	0	0	0	0	0	0	0	0	0	0	0	0	0	0
OTU4037	0	0	0	0	0	0	0	0	0	0	0	0	0	0	0	0	0	0	0	0	0	0	0	0	0	0	0	0	0	0	0	0	0	0	0	0	0	0	0	0	0	0	0	0	0	0	0	0	0	0	0	0	0	0	0	0	0	0	0	0	0	0	0	0	0	20	0	0	0	0	0	0	0	0	0	0	0	0	0	0	0	0	0	0	0	0	0	0	0	0	0	0	0	0	0	0	0	0	0	0	0	0
OTU4038	0	0	0	0	0	0	0	0	0	0	0	0	0	0	0	0	0	0	0	0	0	0	0	0	0	0	0	0	0	0	0	0	0	0	0	0	0	0	0	0	0	0	0	0	0	0	0	0	0	0	0	0	0	0	0	0	0	0	0	0	0	0	0	0	0	30	0	0	0	0	0	0	0	0	0	0	0	0	0	0	0	0	0	0	0	0	0	0	0	0	0	0	0	0	0	0	0	0	0	0	0	0
OTU4039	0	0	0	0	0	0	0	0	0	0	0	0	0	0	0	0	0	0	0	0	0	0	0	0	0	0	0	0	0	0	0	0	0	0	0	0	0	0	0	0	0	0	0	0	0	0	0	0	0	0	0	0	0	0	0	1	0	0	0	0	0	0	0	0	0	36	0	0	0	0	0	0	0	0	0	0	0	0	0	0	0	0	0	0	0	0	0	0	0	0	0	0	0	0	0	0	0	0	0	0	0	0
OTU404	0	2004	0	1	0	0	0	0	0	0	0	0	0	0	0	0	0	0	0	0	0	0	0	1	0	0	0	1	3	1	2	0	0	3	8	0	0	2	0	0	1	2	0	0	1	2	1	1	0	1	0	1	0	4	5	2	2	2	2	0	0	0	0	0	2	0	0	0	3	1	3	2	0	0	1	0	6	2	0	3	0	0	0	6	0	1	2	2	0	0	1	6	3	3	2	3	2	0	0	1	0	0
OTU4040	0	0	0	0	0	0	0	0	0	0	0	0	0	0	0	0	0	0	0	0	0	0	0	0	0	0	0	0	0	0	0	0	0	0	0	0	0	0	0	0	0	0	0	0	0	0	0	0	0	0	0	0	0	0	0	0	0	0	0	0	0	0	0	0	0	17	0	0	0	0	0	0	0	0	0	0	0	0	0	0	0	0	0	0	0	0	0	0	0	0	0	0	0	0	0	0	0	0	0	0	0	0
OTU4041	0	0	0	0	0	0	0	0	0	0	0	0	0	0	0	0	0	0	0	0	0	0	0	0	0	0	0	0	0	0	0	0	0	0	0	0	0	0	0	0	0	0	0	0	0	0	0	0	0	0	0	0	0	0	0	0	0	0	0	0	0	0	0	0	0	26	0	7	0	0	0	0	0	0	0	0	0	0	0	0	0	0	0	0	0	0	0	0	0	0	0	0	0	0	0	0	0	0	1	0	0	0
OTU4042	0	0	0	0	0	0	0	0	0	0	0	0	0	0	0	0	0	0	0	0	0	0	0	0	0	0	0	0	0	0	0	0	0	0	0	0	0	0	0	0	0	2	0	0	0	0	1	0	0	0	0	0	0	0	0	4	0	0	0	0	0	0	0	0	0	30	0	0	0	0	0	0	0	0	0	0	0	0	0	0	0	0	0	0	0	0	0	0	0	0	0	0	0	1	0	1	0	0	0	0	0	0
OTU4043	0	0	0	0	0	0	0	0	0	0	0	0	0	0	0	0	0	0	0	0	0	0	0	0	0	0	0	0	0	0	0	0	0	0	0	0	0	0	0	0	0	0	0	0	0	0	0	0	0	0	0	0	0	0	0	0	0	0	0	0	0	0	0	0	0	16	10	0	0	0	0	0	0	0	0	0	0	0	0	0	0	0	0	0	0	0	0	0	0	0	0	0	0	0	0	0	0	1	0	0	0	0
OTU4044	0	0	0	0	0	0	0	0	0	0	0	0	0	0	0	0	0	0	0	0	0	0	0	0	0	0	0	0	0	0	0	0	0	0	0	0	0	0	0	0	0	0	0	0	0	0	0	0	0	0	0	0	0	0	0	0	0	0	0	0	0	0	0	0	0	2	0	0	0	0	0	0	0	0	0	0	0	0	0	0	0	0	0	0	0	0	0	0	0	0	0	0	0	0	0	0	0	20	0	0	0	0
OTU4045	0	0	0	0	0	0	0	0	0	0	0	0	0	0	0	0	0	0	0	0	0	0	0	0	0	0	0	0	0	0	0	0	0	0	0	0	0	0	0	0	0	0	0	0	0	0	0	0	0	0	0	0	0	0	0	0	0	0	0	0	0	0	0	0	0	1	0	22	0	0	0	0	0	0	0	0	0	0	0	0	0	0	0	0	0	0	0	0	0	0	0	0	0	0	0	0	0	0	0	0	0	0
OTU4046	0	0	0	0	0	0	0	0	1	0	0	0	0	0	0	0	0	0	0	0	0	0	0	0	0	2	0	0	0	0	0	0	0	0	0	0	0	0	0	0	0	0	0	0	0	0	0	0	0	0	0	0	0	0	0	0	0	0	0	0	0	0	0	0	0	0	43	102	0	0	0	0	0	0	0	0	0	0	0	0	1	0	0	0	0	0	0	0	0	0	0	0	0	0	0	0	0	0	0	0	0	0
OTU4047	0	0	0	0	0	0	0	0	0	0	0	0	0	0	0	0	0	0	0	0	0	0	0	0	0	0	0	0	0	0	0	0	0	0	0	0	0	0	0	0	0	0	0	0	0	0	0	0	0	0	0	0	0	0	0	0	0	0	0	0	0	0	0	0	0	0	12	0	0	0	0	0	0	0	0	0	0	0	0	0	0	0	0	0	0	0	0	0	0	0	0	0	0	1	0	0	8	0	5	22	1	3
OTU4048	0	0	0	0	0	0	0	0	0	0	0	0	0	0	0	0	0	0	0	0	0	0	0	0	0	0	0	0	0	0	0	0	0	0	0	0	0	0	0	0	0	0	0	0	0	0	0	0	0	0	0	0	0	0	0	0	0	0	0	0	0	0	0	0	0	0	26	0	0	0	0	0	0	0	0	0	0	0	0	0	0	0	0	0	0	0	0	0	0	0	0	0	0	0	0	0	0	0	0	0	0	0
OTU4049	0	0	0	0	0	0	0	0	0	0	0	0	0	0	0	0	0	0	3	0	0	0	0	0	0	0	0	0	0	0	0	0	0	0	0	0	0	0	0	0	0	0	4	0	0	0	0	0	0	0	0	0	0	0	0	0	0	0	0	0	1	0	0	0	0	0	0	33	0	0	0	0	0	0	0	0	0	0	0	0	3	0	0	0	0	0	0	0	0	0	0	0	0	0	0	0	0	0	0	0	0	0
OTU405	5	2	2	0	0	0	5	0	0	0	0	3	0	0	2	0	0	0	0	0	0	2	0	0	0	0	0	3	0	3	0	0	0	0	0	0	0	0	8	0	1	0	3	0	0	0	0	0	1	3	0	2	0	38	6	5	0	0	6	7	0	0	0	4	0	0	0	1	2	0	0	11	0	5	0	1	8	3	2	0	0	123	21	0	69	124	0	0	1	1	67	0	103	991	13	4	6	359	350	950	96	224
OTU4050	0	0	0	0	0	0	0	2	0	0	0	2	0	0	0	0	0	0	0	0	0	0	0	0	0	0	0	0	1	0	0	0	0	0	0	0	0	0	0	0	0	1	0	0	0	0	0	0	0	0	0	1	0	0	0	0	0	0	0	0	1	0	0	0	0	0	2	0	22	0	0	0	0	0	0	0	0	0	0	0	0	0	0	0	0	0	0	0	0	0	0	0	0	0	1	1	0	0	0	0	0	0
OTU4051	0	0	0	0	0	0	0	0	0	0	0	0	0	0	0	0	0	0	0	0	0	0	0	0	0	0	0	0	0	0	0	0	0	0	0	0	0	0	0	0	0	0	0	0	0	0	0	0	0	0	0	0	0	0	0	0	0	0	0	0	0	0	0	0	0	0	0	0	26	0	0	0	0	0	0	0	0	0	0	0	0	0	0	0	0	0	0	0	0	0	0	0	0	0	0	0	0	0	0	0	0	0
OTU4052	0	0	0	0	0	0	0	0	0	0	0	0	0	0	0	0	0	0	0	0	0	0	0	0	0	0	0	0	0	0	0	0	0	0	0	0	0	0	0	0	0	0	0	0	0	0	0	0	0	0	0	0	0	0	0	0	0	0	0	0	0	0	0	0	0	4	0	0	29	0	0	0	0	0	0	0	0	0	0	0	0	0	0	0	0	0	0	0	0	0	0	0	0	0	0	0	0	0	0	0	0	2
OTU4053	0	0	0	0	0	0	0	0	0	0	0	0	0	0	0	0	0	0	0	0	0	0	0	0	0	0	0	0	0	0	0	0	0	0	0	0	0	0	0	0	0	0	0	0	0	0	0	0	0	0	0	0	0	0	0	0	0	0	1	0	0	0	0	0	0	0	18	0	21	0	0	0	0	0	0	0	0	0	0	0	0	0	0	0	0	0	0	0	0	0	0	0	0	0	0	0	0	0	0	0	0	0
OTU4054	0	0	0	0	0	0	0	0	0	0	0	0	0	0	0	0	0	0	0	0	0	0	0	0	0	0	0	0	0	0	0	0	0	0	0	0	0	0	0	0	0	0	0	0	0	0	0	0	0	0	0	0	0	0	0	0	0	0	0	0	0	0	0	0	0	0	0	0	23	0	0	0	0	0	0	0	0	0	0	0	0	0	0	0	0	0	0	0	0	0	0	0	0	0	0	0	0	0	2	0	0	0
OTU4055	0	0	0	0	0	0	0	0	0	0	0	0	0	0	0	0	0	0	0	0	0	0	0	0	0	0	0	0	0	0	0	0	0	0	0	0	0	0	0	0	0	0	0	0	0	0	0	0	0	0	0	0	0	0	0	0	0	0	0	0	0	0	0	0	0	0	0	0	15	0	0	0	0	0	0	0	0	0	0	0	0	0	0	0	0	0	0	0	0	0	0	0	0	0	0	0	0	0	0	0	0	0
OTU4056	0	0	0	0	0	0	0	1	0	0	0	0	0	0	0	0	0	0	0	0	0	0	0	0	0	0	2	0	0	0	0	0	0	0	0	0	0	0	0	0	0	0	2	0	0	0	0	0	0	0	0	0	0	0	0	0	0	0	0	0	0	0	0	0	0	0	0	0	0	0	23	0	0	0	0	16	0	0	0	0	0	0	0	0	0	0	3	0	2	0	0	0	0	0	0	0	0	0	0	0	0	0
OTU4057	0	0	0	0	0	0	0	0	0	0	0	0	0	0	0	0	0	0	0	0	0	0	0	0	0	0	0	0	0	0	1	0	0	0	0	0	0	0	0	0	0	0	0	0	0	0	0	0	0	0	0	2	0	0	0	0	3	0	0	0	0	0	0	0	0	0	0	0	0	0	17	0	0	0	0	0	0	0	0	0	0	0	4	0	0	0	0	1	10	0	0	0	0	6	0	1	0	0	2	0	0	0
OTU4058	0	0	0	0	0	0	0	0	1	0	0	0	0	0	0	0	0	0	0	0	0	0	0	0	0	0	0	0	0	0	0	0	0	0	0	0	0	1	1	0	0	0	0	0	0	0	0	0	0	0	0	0	0	0	1	0	0	0	0	0	0	0	0	0	0	0	0	0	0	10	1	0	0	0	41	0	0	0	0	0	0	0	0	0	0	0	0	0	0	0	0	0	0	0	1	0	0	0	0	0	0	0
OTU4059	0	0	0	0	0	0	0	0	0	0	0	0	0	0	0	0	0	0	0	0	0	0	0	0	0	0	0	0	0	0	0	0	0	0	0	0	0	0	0	0	0	0	0	0	0	0	4	0	0	0	0	0	0	0	0	0	0	0	0	0	0	0	0	0	0	0	0	0	0	0	0	31	0	0	0	0	0	0	0	0	0	0	0	0	0	0	0	0	0	0	0	0	0	0	0	0	0	0	0	0	0	0
OTU406	0	0	0	0	0	0	3	0	0	0	0	0	0	0	0	0	0	0	2	8	0	5	0	7	0	0	0	0	0	0	0	0	1	0	0	0	0	0	0	0	0	0	0	0	0	0	0	0	0	0	0	0	0	0	0	0	0	0	2	4	8	0	5	5	4	3	6	1	6	0	0	0	0	0	0	0	0	0	0	0	0	0	0	0	0	0	0	0	0	0	0	1	0	0	2	0	36	3	265	443	18	5040
OTU4060	0	0	0	0	0	0	0	0	0	0	0	0	0	0	0	0	0	0	0	0	0	0	0	0	0	0	0	0	0	0	0	0	0	0	0	0	0	0	0	0	0	0	0	0	0	0	0	0	0	0	0	0	0	0	1	0	0	0	0	0	0	0	0	0	0	0	0	0	0	0	0	5	0	0	0	0	0	0	0	23	0	0	0	2	0	1	0	0	0	8	0	0	0	0	0	0	0	0	0	0	0	0
OTU4061	0	0	0	0	0	0	0	0	0	0	0	0	0	0	0	0	0	0	0	0	0	0	0	0	0	0	0	0	0	0	0	0	0	0	0	0	0	0	0	0	0	0	0	0	0	0	0	0	0	0	0	0	0	0	0	0	0	0	0	0	0	0	0	0	0	0	0	0	0	0	0	0	6	0	0	0	0	0	0	0	22	0	0	5	0	0	0	0	0	0	0	0	0	0	0	0	2	0	0	0	0	0
OTU4062	0	0	0	0	0	0	0	0	0	0	0	0	0	0	0	0	0	0	0	0	0	0	0	0	0	0	0	3	0	0	0	0	0	0	0	0	0	0	0	0	0	4	0	0	0	0	0	0	0	0	0	0	0	0	0	0	0	0	0	0	0	0	0	0	0	0	0	0	0	0	1	0	0	28	0	8	0	0	0	0	0	0	0	0	0	0	0	0	0	0	0	0	0	0	0	0	0	0	0	0	0	0
OTU4063	0	0	0	0	0	0	0	0	0	0	0	0	0	0	0	0	0	0	0	0	0	0	0	0	0	0	0	0	0	5	0	0	0	0	0	0	1	0	0	0	0	0	0	0	0	0	0	0	0	0	0	0	0	0	0	0	0	0	0	0	0	0	0	0	0	0	0	0	0	0	0	0	5	0	5	0	0	0	0	0	0	0	2	0	0	0	0	0	0	1	19	0	0	0	0	1	3	0	6	0	0	1
OTU4064	0	0	0	0	0	0	0	0	1	0	0	0	0	0	0	0	0	0	0	0	0	0	0	0	0	0	5	0	0	0	4	0	0	0	0	0	1	12	0	0	0	0	0	0	0	0	0	0	0	0	0	0	0	0	0	0	0	0	0	0	0	0	0	0	0	0	0	0	0	0	0	0	0	0	0	10	0	5	0	0	0	0	0	0	0	0	37	0	0	0	0	0	0	0	0	0	0	0	0	0	0	0
OTU4065	0	0	2	0	0	0	0	0	0	0	0	0	0	0	0	0	0	0	0	0	0	0	0	0	0	0	0	0	0	0	0	0	0	0	0	0	0	0	0	0	0	0	0	0	0	0	0	0	0	0	0	3	0	0	0	0	0	0	0	0	0	0	0	0	0	0	0	0	0	0	0	0	0	0	0	15	0	0	24	0	0	0	0	0	0	0	0	0	0	0	0	0	0	0	0	0	0	0	0	0	0	0
OTU4066	0	0	0	0	0	0	0	0	0	0	0	0	0	0	0	0	0	0	0	0	0	0	0	0	0	0	0	0	0	0	0	0	0	0	0	0	0	0	0	0	0	0	0	0	0	0	0	0	0	0	0	0	0	0	0	0	0	0	2	0	0	0	0	0	0	0	0	0	0	0	0	0	0	0	0	0	34	0	0	0	0	0	0	0	0	0	0	0	0	0	0	0	0	0	0	0	0	0	0	0	0	0
OTU4067	0	0	0	0	0	0	0	0	0	0	0	0	0	0	0	0	0	0	0	0	0	0	0	0	0	0	0	0	0	0	0	0	0	0	0	0	0	0	0	0	0	0	0	0	0	0	0	0	0	0	0	0	0	0	0	0	0	0	0	0	0	0	0	0	0	0	0	0	0	0	0	0	1	0	0	0	0	23	0	0	0	0	0	0	0	0	0	0	0	0	0	0	0	0	0	0	0	0	0	0	0	0
OTU4068	0	0	0	0	0	0	0	0	0	0	0	0	0	0	0	0	0	0	0	0	0	0	0	0	0	0	0	0	0	0	0	0	0	0	0	0	1	0	0	0	0	0	0	0	0	0	0	0	0	0	0	0	0	0	0	0	0	1	0	0	0	0	0	0	0	0	0	0	0	0	0	0	0	0	0	0	0	2	0	0	3	0	0	0	0	0	18	0	0	1	0	0	0	0	0	0	0	0	0	0	0	0
OTU4069	0	0	0	1	0	0	0	0	0	0	0	0	0	0	0	0	0	0	0	0	0	0	0	0	0	0	0	0	0	2	0	0	0	0	0	0	0	0	0	0	0	1	0	0	0	3	1	0	0	0	0	0	0	8	4	0	0	1	0	0	0	0	0	0	0	0	0	0	0	0	0	0	2	0	0	1	0	0	4	0	3	3	1	0	0	4	0	0	0	0	0	0	0	1	0	6	0	0	0	8	0	8
OTU407	0	3	3	0	0	0	11	0	0	0	0	1	2	0	1	1	0	0	0	0	1	0	0	0	0	0	296	21	19	1	96	0	3	2	18	0	72	11	5	0	19	5	27	5	12	26	4	3	1	4	0	0	4	12	11	5	10	1	3	0	0	3	0	0	0	0	0	0	0	61	675	16	3	11	206	19	128	20	0	8	132	7	0	67	7	6	579	6	700	7	5	8	4	16	1	17	2	0	0	0	1	2
OTU4070	0	0	0	0	0	0	0	0	0	0	0	0	0	0	0	0	0	0	0	0	0	0	0	0	0	0	0	0	0	0	0	0	0	0	0	0	0	0	0	0	0	0	0	0	0	0	0	0	0	0	0	0	0	0	0	0	0	0	0	0	0	0	0	0	0	0	0	0	0	0	0	0	0	0	0	0	0	0	0	0	0	0	30	0	0	0	0	0	0	1	0	0	0	0	0	3	0	0	0	0	0	0
OTU4071	0	0	0	3	0	0	0	0	6	0	4	0	0	0	0	0	1	0	2	0	0	0	0	0	0	0	2	1	0	0	0	0	0	0	0	0	0	0	0	0	5	3	0	0	0	1	0	0	0	0	0	94	0	1	1	0	0	25	0	0	16	0	0	0	0	0	0	2	0	0	0	0	0	2	9	0	0	0	1	0	4	0	80	0	0	1	1	4	0	1	0	0	0	0	3	0	0	0	0	0	0	0
OTU4072	0	0	0	0	0	0	0	0	0	0	0	0	0	0	0	0	0	0	0	0	0	0	0	0	0	0	0	0	0	0	0	0	0	0	0	0	0	0	0	0	0	0	0	0	0	0	0	0	0	0	0	1	0	0	0	0	0	0	0	0	0	0	6	0	0	0	0	0	0	0	0	0	0	0	0	0	0	0	0	0	0	0	2	0	61	0	0	0	0	0	0	0	0	0	0	0	0	0	0	0	0	0
OTU4073	0	0	0	0	0	0	0	0	0	0	0	0	0	0	0	0	0	0	0	0	0	0	0	0	0	0	0	0	0	0	0	0	0	0	0	0	0	0	0	0	0	0	0	0	1	0	0	0	0	0	0	0	0	3	0	0	0	0	0	0	1	0	0	0	0	0	0	0	2	0	0	0	0	0	0	0	0	0	0	0	0	0	0	0	0	3	0	7	0	0	0	0	0	1	0	0	1	6	5	0	0	15
OTU4074	0	0	0	0	0	0	0	2	0	0	0	0	0	0	0	0	0	0	0	0	0	0	0	0	0	0	3	3	0	13	0	0	0	0	0	1	0	1	0	0	0	1	0	0	12	0	0	0	1	0	0	0	3	0	1	0	0	3	2	0	0	0	0	1	7	4	7	2	4	0	0	0	1	0	0	2	0	0	2	0	0	0	2	7	0	1	1	5	0	0	0	0	3	4	4	10	30	80	67	0	32	24
OTU4075	0	0	0	0	0	0	0	0	0	0	0	1	0	2	0	0	0	0	0	0	3	0	0	1	0	0	3	0	0	4	1	0	0	0	3	0	0	3	59	0	4	40	114	4	0	0	1	0	0	0	0	0	0	4	1	6	0	0	0	0	0	0	0	0	0	0	0	0	0	12	0	30	0	1	20	0	0	226	1	3	5	1	1	1	0	4	0	9	51	0	1	0	0	0	2	0	3	0	0	0	0	0
OTU4076	0	0	1	0	0	0	0	0	0	0	0	0	0	0	0	0	0	0	0	0	0	0	0	0	0	0	0	0	0	0	0	0	0	0	0	0	0	0	0	0	0	0	0	0	0	0	0	0	0	0	0	0	0	0	0	0	0	0	0	0	0	0	0	0	0	0	0	0	0	0	0	1	0	0	0	0	0	0	0	0	0	0	0	0	0	0	0	0	0	0	26	0	0	0	0	0	0	0	0	0	0	0
OTU4077	0	0	0	0	0	0	0	0	0	0	0	0	0	0	0	0	0	0	0	0	0	0	0	0	0	0	0	0	0	0	0	0	0	0	0	0	0	0	0	0	0	0	0	0	0	0	0	0	0	4	0	0	0	6	0	0	0	0	0	0	0	0	0	0	0	0	0	0	0	0	0	0	0	0	0	0	0	0	0	0	0	0	0	2	0	0	0	0	0	0	0	20	0	16	0	1	1	0	0	0	0	0
OTU4078	0	0	0	0	0	0	0	0	0	0	0	0	0	0	0	0	0	0	0	0	0	0	0	0	0	0	0	0	0	0	0	0	0	0	0	0	0	0	0	0	0	0	0	0	0	0	0	0	0	0	0	0	0	0	0	0	0	0	0	0	0	0	0	0	0	0	0	0	0	0	0	0	0	0	0	0	0	0	0	0	0	2	0	0	0	0	0	0	0	0	0	0	29	0	0	0	0	0	0	0	1	0
OTU4079	0	0	0	0	0	0	0	0	0	0	0	0	0	0	0	0	0	0	0	0	0	0	0	0	0	0	0	0	0	0	0	0	0	0	0	0	0	0	0	0	0	0	0	0	0	0	0	0	0	0	0	0	0	0	0	0	0	0	0	0	0	0	0	0	0	0	0	0	0	0	0	0	0	0	0	0	0	0	0	0	0	0	0	0	0	0	0	0	0	0	0	0	0	3	0	0	1	0	5	0	0	10
OTU408	0	7	3	0	7	0	0	1	0	5	0	4	0	1	0	1	0	0	2	0	0	0	0	0	0	1	25	74	86	26	25	0	2	3	9	0	1	4	84	1	69	327	128	103	69	109	27	19	71	32	10	76	28	26	26	89	12	15	32	0	0	0	0	0	0	1	2	0	0	52	141	224	45	126	44	18	43	317	75	98	34	105	10	29	20	43	79	82	80	235	83	81	23	18	55	94	96	0	0	0	5	0
OTU4080	0	0	0	0	0	0	0	0	0	0	0	0	0	0	0	0	0	0	0	0	0	0	0	0	0	0	0	0	0	0	0	0	0	0	0	0	0	0	0	0	0	0	0	0	0	0	0	0	0	0	0	0	0	0	0	0	0	0	0	0	0	0	0	0	0	0	0	0	0	0	0	0	0	0	0	0	0	0	0	0	0	0	0	0	0	0	0	0	0	0	0	0	0	0	1	0	0	0	9	28	0	0
OTU4081	0	0	0	0	0	0	0	2	0	0	0	0	0	0	0	0	0	0	0	0	0	0	0	0	0	0	0	0	0	3	1	0	0	0	0	0	0	0	0	0	0	1	0	0	3	0	0	9	0	0	0	0	0	0	4	0	0	0	0	0	0	1	0	0	1	4	3	0	2	0	0	0	0	0	0	1	0	0	0	0	0	0	6	0	2	0	0	0	1	0	0	0	0	2	1	2	3	0	3	0	24	8
OTU4082	0	0	0	0	0	0	0	0	0	0	0	0	0	0	0	0	0	0	0	0	0	0	0	0	0	0	0	0	0	0	0	0	0	0	0	0	0	0	0	0	0	0	0	0	0	0	0	0	0	0	0	0	0	0	0	0	0	0	0	0	0	0	0	0	1	0	0	0	0	0	0	0	0	0	0	0	0	0	0	0	0	0	0	0	0	0	0	0	0	0	0	0	0	0	0	1	0	0	28	0	38	0
OTU4083	0	0	0	0	0	0	0	0	0	0	0	0	0	0	0	0	0	0	0	0	0	1	0	0	0	0	0	0	0	0	0	0	1	0	0	0	0	0	0	0	0	0	0	0	0	0	0	1	0	0	0	4	0	0	0	0	0	0	0	0	0	0	0	0	0	0	0	0	0	0	0	0	0	0	0	0	0	0	0	0	0	0	0	0	0	0	0	0	0	0	0	0	0	0	0	1	4	0	0	0	18	54
OTU4084	0	0	0	0	0	0	1	0	0	0	0	0	0	0	0	0	0	0	0	0	0	0	0	0	0	0	0	0	0	7	0	0	0	0	0	0	0	0	0	0	0	0	0	0	0	0	0	7	22	0	0	0	0	5	3	1	3	0	3	0	0	0	0	0	1	0	0	0	0	0	0	0	0	0	0	1	0	0	0	0	0	2	0	0	0	1	0	1	0	0	0	0	18	1	0	2	16	0	8	0	17	15
OTU4085	0	0	0	0	0	0	0	0	0	0	0	0	0	0	0	0	0	0	0	0	0	0	0	0	0	0	0	0	0	0	0	0	0	0	0	0	0	0	0	0	0	0	0	0	0	0	0	0	0	0	0	0	0	0	0	0	0	0	0	0	0	0	0	0	0	0	0	0	0	0	0	0	0	0	0	0	0	0	0	0	0	0	0	0	0	0	0	0	0	0	0	0	0	0	0	0	0	44	0	0	0	0
OTU4086	0	0	0	0	0	0	0	0	0	0	0	0	0	0	0	0	0	0	0	0	0	0	0	0	0	0	0	0	0	0	0	0	0	0	0	0	0	0	0	0	0	0	0	0	0	0	0	0	0	0	0	0	0	0	0	0	0	0	0	0	0	0	0	0	0	0	0	0	0	0	0	0	0	0	0	0	0	0	0	0	0	0	0	0	0	0	0	0	0	0	0	0	0	0	0	0	0	28	0	0	0	0
OTU4087	0	0	0	0	0	0	0	0	0	0	0	0	0	0	0	0	0	0	0	0	0	0	0	0	0	0	0	0	0	0	0	0	0	0	0	0	0	0	0	0	0	0	0	0	0	0	0	0	0	0	0	0	0	0	0	0	0	0	0	0	0	0	0	0	0	0	0	0	0	0	0	0	0	0	0	0	0	0	0	0	0	0	0	0	0	0	0	0	0	0	0	0	0	0	0	0	0	0	22	0	0	0
OTU4088	0	0	0	0	0	0	0	0	0	0	0	0	0	0	0	0	0	0	0	0	0	0	0	0	0	0	1	0	0	0	0	0	0	0	0	0	0	0	0	0	0	0	0	0	0	0	0	0	0	0	0	0	0	0	0	0	0	0	0	0	0	0	0	0	0	0	0	0	0	0	0	0	0	1	0	0	0	0	0	0	0	0	0	0	0	0	0	0	0	0	0	0	0	2	0	0	0	0	29	0	0	0
OTU4089	0	0	0	0	0	0	0	0	0	0	0	0	0	0	0	0	0	0	0	0	0	0	0	0	0	0	0	0	0	0	0	0	0	0	0	0	0	0	0	0	0	0	0	0	0	0	0	0	0	0	0	0	0	0	0	0	0	0	0	0	0	0	0	0	0	0	0	0	0	0	0	0	0	0	0	0	0	0	0	0	0	0	0	0	0	0	0	0	0	0	0	0	0	0	0	0	0	0	33	0	0	0
OTU409	0	0	0	0	0	0	5	1	0	0	0	0	0	0	0	0	0	0	1	0	7	3	0	1	4	2	1	26	0	0	0	1	1	0	2	1	0	0	10	0	6	23	38	75	7	1	0	7	9	5	0	19	0	1	7	25	41	15	10	0	6	0	1	0	258	150	670	255	109	5	24	13	7	10	1	0	4	2	0	0	12	1	0	1	9	6	0	2	30	13	9	3	7	15	99	37	2	2	137	5	4	4
OTU4090	0	0	0	0	0	0	0	0	0	0	0	0	0	0	0	0	0	0	0	0	0	0	0	0	0	0	0	0	0	0	0	0	0	0	0	0	0	0	0	0	0	0	0	0	0	0	0	0	0	0	0	0	0	0	0	0	0	0	0	0	0	0	0	0	0	0	0	0	0	0	0	0	0	0	0	0	0	0	0	0	0	0	0	0	0	0	0	0	0	0	0	0	0	0	0	0	0	0	20	0	0	0
OTU4091	0	0	0	0	0	0	0	0	0	0	0	0	0	0	0	0	0	0	0	0	0	0	0	0	0	0	0	0	0	0	0	0	0	0	0	0	0	0	0	0	0	0	0	0	0	0	0	0	0	0	0	0	0	0	0	0	0	0	0	0	0	0	0	0	0	0	0	0	0	0	0	0	0	0	0	0	0	0	0	0	0	0	0	0	0	0	0	0	0	0	0	0	0	0	0	0	0	1	21	0	0	13
OTU4092	0	0	0	0	0	0	0	0	0	0	0	0	0	0	0	0	0	0	0	0	0	0	0	0	0	0	0	0	0	0	0	0	0	0	0	0	0	0	0	0	0	0	0	0	0	0	0	0	0	0	0	0	0	0	0	0	0	0	0	0	0	0	0	0	0	0	0	0	0	0	0	0	0	0	0	0	0	0	0	0	0	0	0	0	0	0	0	0	0	0	0	0	0	0	0	0	0	0	50	0	0	0
OTU4093	0	0	0	0	0	0	0	1	0	0	0	0	0	0	0	0	0	0	0	0	0	0	0	0	0	0	0	0	0	0	0	0	0	0	0	0	0	0	0	0	0	0	0	0	0	0	0	0	0	0	0	0	0	0	1	0	0	0	0	0	0	0	0	0	24	0	1	0	0	0	0	0	0	0	0	0	0	0	0	0	0	0	0	0	0	0	0	0	0	0	0	0	0	0	0	0	0	0	45	0	0	0
OTU4094	0	0	0	0	0	0	0	0	0	0	0	0	0	0	0	0	0	0	0	0	0	0	0	0	0	0	0	0	0	0	0	0	0	0	0	0	0	0	0	0	0	0	0	0	0	0	0	0	0	0	0	0	0	0	0	0	0	0	0	0	0	0	0	0	0	0	0	0	0	0	0	0	0	0	0	0	0	0	0	0	0	0	0	0	0	0	0	0	0	0	0	0	0	0	0	0	0	0	23	0	0	0
OTU4095	0	0	0	0	0	0	0	0	0	0	0	0	0	0	0	0	0	0	0	0	1	0	0	0	0	0	0	0	0	0	0	0	0	0	0	0	0	0	0	0	0	0	0	0	0	0	0	0	0	0	0	0	0	0	0	0	0	0	0	0	0	0	0	0	0	0	0	0	0	0	0	0	0	0	0	0	0	0	0	0	0	0	0	0	0	0	0	0	0	0	0	0	0	0	0	1	0	0	23	0	22	0
OTU4096	0	0	0	0	0	0	0	0	0	0	0	0	0	0	0	0	0	0	0	0	0	0	0	0	0	0	0	0	0	0	0	0	0	0	0	0	0	0	0	0	0	0	0	0	0	0	0	0	0	0	0	0	0	0	0	0	0	0	0	0	0	0	0	0	0	0	0	0	0	0	0	0	0	0	0	0	0	0	0	0	0	0	0	0	0	0	0	0	0	0	0	0	0	0	0	0	0	0	0	13	0	0
OTU4097	0	0	0	0	0	0	0	0	0	0	0	0	0	0	0	0	0	0	0	0	0	0	0	0	0	0	0	0	0	0	0	0	0	0	0	0	0	0	0	0	0	0	0	0	0	0	0	0	0	0	0	0	0	0	0	0	0	0	0	0	0	0	0	0	0	0	0	0	0	0	0	0	0	0	0	0	0	0	0	0	0	0	0	0	0	0	0	0	0	0	0	0	0	0	0	0	0	0	0	50	0	0
OTU4098	0	0	0	0	0	0	0	0	0	0	0	0	0	0	0	0	0	0	0	0	0	0	0	0	0	0	0	0	0	0	0	0	0	0	0	0	0	0	0	0	0	0	0	0	0	0	0	0	0	0	0	0	0	0	0	0	0	0	0	0	0	0	0	0	0	0	0	0	0	0	0	0	0	0	0	0	0	0	0	0	0	0	0	0	0	0	0	0	0	0	0	0	0	0	0	0	0	0	0	21	0	0
OTU4099	0	0	0	0	0	0	0	0	0	0	0	0	0	0	0	0	0	0	0	0	0	0	0	0	0	0	0	0	0	0	0	0	0	0	0	0	0	0	0	0	0	0	0	0	0	0	0	0	0	0	0	0	0	0	0	0	0	0	0	0	0	0	0	0	0	0	0	0	0	0	0	0	0	0	0	0	0	0	0	0	0	0	0	0	0	0	0	0	0	0	0	0	0	0	0	0	0	0	0	30	0	0
OTU41	0	2	0	0	0	4	18	25	1	3	3	5	0	6	3	0	0	1	33	1	23	13	5	20	22	17	104	122	248	52	170	15	26	24	43	21	104	112	182	1	123	119	144	221	182	336	92	371	156	57	29	229	122	58	234	193	238	246	350	27	21	10	16	18	2593	959	2522	2897	1183	40	66	43	74	69	45	120	165	109	97	145	55	233	293	149	181	188	141	259	160	84	141	48	204	182	488	431	154	507	344	524	875	911
OTU410	0	0	0	0	0	0	0	4	0	0	0	0	0	0	0	0	0	0	1	0	1	0	1	0	3	0	2	2	0	63	7	1	5	1	2	1	0	0	0	4	5	5	5	8	19	9	46	35	9	0	0	108	3	5	28	22	11	42	29	4	0	0	1	7	102	86	333	157	97	1	0	7	7	8	0	3	5	3	16	0	13	24	25	16	19	18	1	3	3	28	31	50	24	65	44	62	16	143	247	422	137	82
OTU4100	0	0	0	0	0	0	0	0	0	0	0	0	0	0	0	0	0	0	0	0	0	0	0	0	0	0	0	0	0	0	0	0	0	0	0	0	0	0	0	0	0	0	0	0	0	0	0	0	0	0	0	0	0	0	0	0	0	0	0	0	0	0	0	0	0	0	0	0	0	0	0	0	0	0	0	0	0	0	0	0	0	0	0	0	0	0	0	0	0	0	0	0	0	0	0	0	0	0	0	30	0	0
OTU4101	0	0	0	0	0	0	0	0	0	0	0	0	0	0	0	0	0	0	0	0	0	0	0	0	0	0	0	0	0	0	0	0	0	0	0	0	0	0	0	0	0	0	0	0	0	0	0	0	0	0	0	0	0	0	0	0	0	0	0	0	0	0	0	0	0	0	0	0	0	0	0	0	0	0	0	0	0	0	0	0	0	0	0	0	0	0	0	0	0	0	0	0	0	0	0	0	0	0	0	43	0	0
OTU4102	0	0	0	0	0	0	0	0	0	0	0	0	0	0	0	0	0	0	0	0	0	0	0	0	0	0	0	0	0	0	0	0	0	0	0	0	0	0	0	0	0	0	0	0	0	0	0	0	0	0	0	0	0	0	0	0	0	0	0	0	0	0	0	0	0	0	0	0	0	0	0	0	0	0	0	0	0	0	0	0	0	0	0	0	0	0	0	0	0	0	0	0	0	0	0	0	0	0	0	34	0	0
OTU4103	0	0	0	0	0	0	0	0	0	0	0	0	0	0	0	0	0	0	0	0	0	0	0	0	0	0	0	0	0	0	0	0	0	0	0	0	0	0	0	0	0	0	0	0	0	0	0	0	0	0	0	0	0	0	0	0	0	0	0	0	0	0	0	0	0	0	0	0	0	0	0	0	0	0	0	0	0	0	0	0	0	0	0	0	0	0	0	0	0	0	0	0	0	0	0	0	0	0	0	37	0	0
OTU4104	0	0	0	0	0	0	0	0	0	0	0	0	0	0	0	0	0	0	0	0	0	0	0	0	0	0	0	0	0	0	0	0	0	0	0	0	0	0	0	0	0	0	0	0	0	0	0	0	0	0	0	0	0	0	0	0	0	0	0	0	0	0	0	0	0	0	0	0	0	0	0	0	0	0	0	0	0	0	0	0	0	0	0	0	0	0	0	0	0	0	0	0	0	0	0	0	0	0	0	23	0	0
OTU4105	0	0	0	0	0	0	0	0	0	0	0	0	0	0	0	0	0	0	0	0	0	0	0	0	0	0	0	0	0	0	0	0	0	0	0	0	0	0	0	0	0	0	0	0	0	0	0	0	0	0	0	0	0	0	0	0	0	0	0	0	0	0	0	0	0	0	0	0	0	0	0	0	0	0	0	0	0	0	0	0	0	0	0	0	0	0	0	0	0	0	0	0	0	0	0	0	0	0	0	13	0	0
OTU4106	0	0	0	0	0	0	0	0	0	0	0	0	0	0	0	0	0	0	0	0	0	0	0	0	0	0	0	0	0	0	0	0	0	0	0	0	0	0	0	0	0	0	0	0	0	0	0	0	0	0	0	0	0	0	0	0	0	0	0	0	0	0	0	0	0	0	0	0	0	0	0	0	0	0	0	0	0	0	0	0	0	0	0	0	0	0	0	0	0	0	0	0	0	0	0	0	0	0	0	21	0	0
OTU4107	0	0	0	0	0	0	0	0	0	0	0	0	0	0	0	0	0	0	0	0	0	0	0	0	0	0	0	0	0	0	0	0	0	0	0	0	0	0	0	0	0	0	0	0	0	0	0	0	0	0	0	0	0	0	0	0	0	0	0	0	0	0	0	0	0	0	0	0	0	0	0	0	0	0	0	0	0	0	0	0	0	0	0	0	0	0	0	0	0	0	0	0	0	0	0	0	0	0	0	25	0	0
OTU4108	0	0	0	0	0	0	0	0	0	0	0	0	0	0	0	0	0	0	0	0	0	0	0	0	0	0	0	0	0	0	0	0	0	0	0	0	0	0	0	0	0	0	0	0	0	0	0	0	0	0	0	0	0	0	0	0	0	0	0	0	0	0	0	0	0	0	0	0	0	0	0	0	0	0	0	0	0	0	0	0	0	0	0	0	0	0	0	0	0	0	0	0	0	0	0	0	0	0	0	19	0	0
OTU4109	0	0	0	0	0	0	0	0	0	0	0	0	0	0	0	0	0	0	0	0	0	0	0	0	0	0	0	0	0	0	0	0	0	0	0	0	0	0	0	0	0	0	0	0	0	0	0	0	0	0	0	0	0	0	0	0	0	0	0	0	0	0	0	0	0	0	0	0	0	0	0	0	0	0	0	0	0	0	0	0	0	0	0	0	0	0	0	0	0	0	0	0	0	0	0	0	0	0	0	39	0	0
OTU411	0	1	1	0	0	0	0	6	0	0	1	5	0	0	2	0	1	0	0	0	1	3	0	2	1	2	33	217	65	49	28	8	3	2	4	1	15	1	21	0	351	38	47	80	27	75	18	118	80	28	0	167	64	51	30	75	42	60	37	0	2	0	1	1	3	8	14	2	11	71	170	60	75	82	115	9	36	16	48	46	29	45	18	8	13	36	25	10	33	61	298	102	33	57	44	38	18	0	3	2	2	0
OTU4110	0	0	0	0	0	0	0	0	0	0	0	0	0	0	0	0	0	0	0	0	0	0	0	0	0	0	0	0	0	0	0	0	0	0	0	0	0	0	0	0	0	0	0	0	0	0	0	0	0	0	0	0	0	0	0	0	0	0	0	0	0	0	0	0	0	0	0	0	0	0	0	0	0	0	0	0	0	0	0	0	0	0	0	0	0	0	0	0	0	0	0	0	0	0	0	0	0	0	0	22	0	0
OTU4111	0	0	0	0	0	0	0	0	0	0	0	0	0	0	0	0	0	0	0	0	0	0	0	0	0	0	0	0	0	0	0	0	0	0	0	0	0	0	0	0	0	0	0	0	0	0	0	0	0	0	0	0	0	0	0	0	0	0	0	0	0	0	0	0	0	0	0	0	0	0	0	0	0	0	0	0	0	0	0	0	0	0	0	0	0	0	0	0	0	0	0	0	0	0	0	1	0	0	0	0	32	0
OTU4112	0	0	0	0	0	0	0	0	0	0	0	0	0	0	0	0	0	0	0	0	0	0	0	0	0	0	0	0	0	0	0	0	0	0	0	0	0	0	0	0	0	0	0	0	0	0	0	0	0	0	0	0	0	0	0	0	0	0	0	0	0	0	0	0	0	0	0	0	0	0	0	0	0	0	0	0	0	0	0	0	0	0	0	0	0	0	0	0	0	0	0	0	0	0	0	0	0	0	0	0	38	0
OTU4113	0	0	0	0	0	0	0	0	0	0	0	0	0	0	0	0	0	0	0	0	0	0	0	0	0	0	0	0	0	0	0	0	0	0	0	0	0	0	0	0	0	0	0	0	0	0	0	0	0	0	0	0	0	0	0	0	0	0	0	0	0	0	0	0	0	0	0	0	0	0	0	0	0	0	0	0	0	0	0	0	0	0	0	0	0	0	0	0	0	0	0	0	0	2	0	0	0	0	24	0	25	0
OTU4114	0	0	0	0	0	0	0	0	0	0	0	0	0	0	0	0	0	0	0	0	0	0	0	0	0	0	0	0	0	0	0	0	0	0	0	0	0	0	0	0	0	0	0	0	0	0	0	0	0	0	0	0	0	0	0	0	0	0	0	0	0	0	0	0	0	0	0	0	0	0	0	0	0	0	0	0	0	0	0	0	0	0	0	0	0	0	0	0	0	0	0	0	0	0	0	0	0	0	0	0	27	0
OTU4115	0	0	0	0	0	0	0	0	0	0	0	0	0	0	0	0	0	0	0	0	0	0	0	0	0	0	0	0	0	0	0	0	0	0	0	0	0	0	0	0	0	0	0	0	0	0	0	0	0	0	0	0	0	0	0	0	0	0	0	0	0	0	0	0	0	0	0	0	0	0	2	0	0	0	0	0	2	0	0	0	0	0	0	0	0	0	0	0	0	0	0	0	0	0	0	0	0	0	0	0	16	0
OTU4116	0	0	0	0	0	0	0	0	0	0	0	0	0	0	0	0	0	0	0	0	0	0	0	0	0	0	0	0	0	0	0	0	0	0	0	0	0	0	0	0	0	0	0	0	0	0	0	0	0	0	0	0	0	0	0	0	0	0	0	0	0	0	0	0	0	0	0	0	0	0	0	0	0	0	0	0	0	0	0	0	0	0	0	0	0	0	0	0	0	0	0	0	0	0	0	3	0	1	0	0	34	0
OTU4117	0	0	0	0	0	0	0	0	0	0	0	0	0	0	0	0	0	0	0	0	0	0	0	0	0	0	0	0	0	0	0	0	0	0	0	0	0	0	0	0	0	0	0	0	0	0	0	0	0	0	0	0	0	0	0	0	0	0	0	0	0	0	0	0	0	2	0	0	0	0	0	0	0	0	0	0	0	0	0	0	0	0	0	0	0	0	0	0	0	0	0	0	0	1	0	0	0	0	26	0	18	1
OTU4118	0	0	0	0	0	0	0	0	0	0	0	0	0	0	0	0	0	0	0	0	0	0	0	0	0	0	0	0	0	0	0	0	0	0	0	0	0	0	0	0	0	0	0	0	0	0	4	0	0	0	0	0	0	0	0	0	0	0	0	0	0	0	0	0	0	0	0	0	0	0	0	0	0	0	0	0	0	0	0	0	0	0	0	0	0	0	0	0	0	0	0	0	1	0	0	0	0	0	0	0	25	0
OTU4119	0	0	0	0	0	0	0	0	0	0	0	0	0	0	0	0	0	0	0	0	0	0	0	0	0	0	0	0	0	0	0	0	0	0	0	0	0	0	0	0	0	0	0	0	0	0	0	0	0	0	0	0	0	0	0	0	0	0	0	0	0	0	0	0	0	0	0	0	0	0	0	0	0	0	0	0	0	0	0	0	0	0	0	0	0	0	0	0	0	0	0	0	0	0	0	0	0	0	0	0	30	0
OTU412	0	3	0	0	0	0	0	1	0	0	3	0	0	0	0	3	0	0	1	0	0	0	0	1	0	0	2	3	1	3	4	0	0	0	0	0	2	9	15	2	309	9	20	46	44	3	2	24	53	5	0	5	4	48	14	43	4	29	17	3	0	1	0	5	12	79	1	34	2	89	18	32	7	2	45	1	2	2	32	7	9	393	20	7	7	72	4	1	0	14	10	104	56	9	14	12	73	1	1	0	35	21
OTU4120	0	0	0	0	0	0	0	0	0	0	0	0	0	0	0	0	0	0	0	0	0	0	0	0	0	0	0	0	0	0	0	0	0	0	0	0	0	0	0	0	0	0	0	0	0	0	0	0	0	0	0	0	0	0	0	0	0	0	0	0	0	0	0	0	0	0	0	0	0	0	0	0	0	0	0	0	0	0	0	0	0	0	0	0	0	0	0	0	0	0	0	0	0	0	0	0	0	0	0	0	28	0
OTU4121	0	0	0	0	0	0	0	0	0	0	0	0	0	0	0	0	0	0	0	0	0	0	0	0	0	0	0	0	0	0	0	0	0	0	0	0	0	0	0	0	0	0	0	0	0	0	0	0	0	0	0	0	0	0	0	0	0	0	0	0	0	0	0	0	0	0	0	0	0	0	0	0	0	0	0	0	0	0	0	0	0	0	0	0	0	0	0	0	0	0	0	0	0	0	0	0	0	0	0	0	24	0
OTU4122	0	0	0	0	0	0	0	0	0	0	0	0	0	0	0	0	0	0	0	0	0	0	0	0	0	0	0	0	0	0	0	0	0	0	0	0	0	0	0	0	0	0	0	0	0	0	0	0	0	0	0	0	0	0	0	0	0	0	0	0	0	0	0	0	0	0	0	0	0	0	0	0	0	0	0	0	0	0	0	0	0	0	0	0	0	0	0	0	0	0	0	0	0	0	0	0	0	0	0	0	1	20
OTU4123	0	0	0	0	0	0	0	0	0	0	0	0	0	0	0	0	0	0	0	0	0	0	0	0	0	0	0	0	0	0	0	0	0	0	0	0	0	0	0	0	0	0	0	0	0	0	0	0	0	0	0	0	0	0	0	0	0	0	0	0	0	0	0	0	0	0	0	1	0	0	0	0	0	0	0	0	0	0	0	0	0	0	0	0	0	0	0	0	0	0	0	0	0	0	0	0	2	0	0	0	0	23
OTU4124	0	0	0	0	0	0	0	0	0	0	0	0	0	0	0	0	0	0	0	0	0	0	0	0	0	0	0	0	0	0	0	0	0	0	0	0	0	0	0	0	0	0	0	0	0	0	0	0	0	0	0	0	0	0	0	0	0	0	0	0	0	0	0	0	0	0	0	0	0	0	0	0	0	0	0	0	0	0	0	0	0	0	0	0	0	0	0	0	0	0	0	0	0	0	0	0	0	0	0	0	0	27
OTU4125	0	0	0	0	0	0	0	0	0	0	0	0	0	0	0	0	0	0	0	0	0	0	0	0	0	0	0	0	0	0	0	0	0	0	0	0	0	0	0	0	0	0	0	0	0	0	0	0	0	0	0	0	0	0	0	0	0	0	0	0	0	0	0	0	0	0	0	0	0	0	0	0	0	0	0	0	0	0	0	0	0	0	0	0	0	0	0	0	0	0	0	0	0	0	0	0	0	0	0	0	0	20
OTU4126	0	0	0	0	0	0	0	0	0	0	0	0	0	0	0	0	0	0	0	0	0	0	0	0	0	0	0	0	0	0	0	0	0	0	0	0	0	0	0	0	0	0	0	0	0	0	0	0	0	0	0	0	0	0	0	0	0	0	0	0	0	0	0	0	0	0	0	0	0	0	0	0	0	0	0	0	0	0	0	0	0	0	0	0	0	0	0	0	0	0	0	0	0	0	0	0	0	0	0	0	0	19
OTU4127	0	0	0	0	0	0	0	0	0	0	0	0	0	0	0	0	0	0	0	0	0	0	0	0	0	0	0	0	0	0	0	0	0	0	0	0	0	0	0	0	0	0	0	0	0	0	0	0	0	0	0	0	0	0	0	0	0	0	0	0	0	0	0	0	0	0	0	0	0	0	0	0	0	0	0	0	0	0	0	0	0	0	0	0	0	0	0	0	0	0	0	0	0	0	0	0	0	0	0	0	0	40
OTU4128	0	0	0	0	0	0	0	0	0	0	0	0	0	0	0	0	0	0	0	0	0	0	0	0	0	0	0	0	0	0	0	0	0	0	0	0	0	0	0	0	0	0	0	0	0	0	0	0	0	0	0	0	0	0	0	0	0	0	0	0	0	0	0	0	0	0	0	0	0	0	0	0	0	0	0	0	0	0	0	0	0	0	0	0	0	0	0	0	0	0	0	0	0	0	0	0	0	0	0	0	0	12
OTU4129	0	0	1	0	0	0	0	0	0	0	9	0	0	1	0	0	0	0	2	0	1	0	2	1	0	0	30	12	0	27	12	0	0	1	0	0	23	34	52	0	21	38	37	3	8	17	13	9	4	17	2	0	8	3	7	15	12	24	13	0	0	0	0	0	11	15	15	0	0	14	61	19	11	2	63	44	5	22	22	1	6	15	13	26	2	8	10	42	69	19	2	33	14	22	3	32	11	0	0	2	35	37
OTU413	1	2	0	0	0	0	0	0	0	0	0	2	0	0	0	0	0	0	1	0	2	1	1	0	6	0	3	6	0	157	1	1	2	0	3	1	1	0	2	0	3	1	1	10	38	5	6	13	77	6	0	381	16	57	35	166	5	41	37	2	2	2	0	3	118	55	32	15	7	0	1	0	17	6	0	7	7	0	234	2	5	115	31	51	20	31	1	1	1	0	44	48	98	53	34	12	107	3	516	27	289	318
OTU4130	0	0	4	0	0	0	0	0	0	0	0	0	0	0	0	0	0	0	0	0	0	0	0	0	0	0	0	0	0	0	0	0	0	0	0	0	0	0	0	0	0	0	0	0	0	0	0	0	0	0	0	13	0	0	0	0	0	0	0	0	0	0	0	0	0	0	0	0	0	0	0	0	0	0	0	0	0	0	0	3	0	0	0	0	0	0	0	0	0	0	0	0	4	0	0	0	0	3	0	0	0	0
OTU4131	0	0	0	0	0	0	1	0	0	0	0	0	0	0	0	0	0	0	0	0	0	0	0	0	0	1	0	0	0	0	0	0	0	0	0	0	0	0	0	0	0	0	0	0	0	0	0	0	0	0	0	0	0	0	0	0	0	0	0	0	0	0	0	0	0	0	0	0	0	0	0	0	0	0	0	0	0	0	0	0	0	0	0	0	0	0	0	0	0	0	0	0	0	0	0	0	4	1	8	0	0	18
OTU4132	0	0	0	0	0	0	4	0	0	0	0	0	0	0	0	0	0	0	0	0	0	0	0	0	0	0	0	0	0	6	0	0	0	0	0	0	0	0	0	0	8	0	0	0	0	17	0	0	0	20	3	20	0	0	0	7	0	6	1	0	0	0	0	0	0	0	0	0	0	0	9	0	0	0	0	0	0	1	0	0	6	0	0	0	0	0	2	0	1	7	0	0	3	0	0	0	0	0	0	0	0	0
OTU4133	0	0	1	0	0	0	0	1	0	0	1	0	0	0	0	0	0	0	0	0	0	0	0	0	0	0	0	1	0	0	0	0	0	0	0	0	1	0	0	0	0	0	0	0	4	0	0	3	0	0	0	0	0	0	0	0	0	1	3	0	0	0	0	0	0	0	0	0	0	0	0	0	34	1	0	1	0	0	0	0	5	0	20	0	0	15	2	0	0	0	0	0	0	0	11	12	0	1	0	0	0	3
OTU4134	0	0	0	1	0	2	0	0	0	0	0	0	2	0	0	0	0	0	1	0	0	0	0	0	0	0	0	0	0	0	0	0	0	0	0	0	0	0	0	0	0	5	0	0	0	0	0	1	0	0	0	0	0	1	1	3	0	0	0	0	0	0	0	0	0	0	0	0	0	0	0	0	0	0	0	0	1	3	0	0	2	0	0	0	0	0	5	8	4	0	0	0	0	0	1	0	0	0	0	0	0	0
OTU4135	0	0	0	0	0	0	0	0	0	0	0	0	0	0	31	0	0	0	0	0	0	0	0	0	0	0	0	0	0	0	0	0	0	0	0	0	0	0	0	0	0	0	0	0	0	0	0	0	0	0	0	0	0	0	0	0	0	1	0	0	0	0	0	0	0	0	0	0	0	0	0	0	0	0	0	0	0	0	0	0	0	0	0	0	0	0	0	0	0	0	0	0	0	0	0	0	0	0	0	0	0	0
OTU4136	0	0	0	0	0	0	0	0	0	0	0	0	0	0	2	0	0	0	0	0	0	0	0	0	0	0	0	0	0	0	0	0	0	0	0	0	0	0	0	0	0	0	0	0	0	0	0	0	0	0	0	0	0	0	1	0	0	0	0	0	0	0	0	0	0	0	0	0	0	0	0	0	0	0	0	0	0	0	0	0	0	0	12	0	10	0	0	0	0	0	0	0	0	0	0	0	0	0	0	0	0	0
OTU4137	0	0	0	0	0	0	0	0	0	0	0	0	0	0	0	0	23	0	0	0	0	0	0	0	0	0	0	0	0	0	0	0	0	0	0	0	0	0	0	0	0	0	0	0	0	0	0	0	0	0	0	0	0	0	0	0	0	0	0	0	0	0	0	0	0	0	0	0	0	0	0	0	0	0	0	0	0	0	0	0	0	0	0	0	0	0	0	0	0	0	0	0	0	0	0	0	0	0	0	0	0	0
OTU4138	0	0	0	0	0	0	0	1	0	0	0	0	0	0	0	0	0	0	1	0	0	0	2	0	0	0	0	0	0	0	0	0	0	0	0	0	0	7	0	0	3	3	0	0	0	0	0	0	0	4	0	0	0	0	0	0	0	0	0	0	0	0	0	0	0	0	0	0	0	0	0	0	1	0	0	3	6	0	0	0	0	0	0	0	0	0	0	8	8	0	0	0	0	0	0	0	0	0	0	0	0	0
OTU4139	0	0	0	0	0	0	0	0	0	0	1	0	0	0	0	0	0	0	0	0	3	0	0	0	0	0	0	0	0	0	0	0	0	0	0	0	0	0	0	0	0	0	17	0	0	0	0	0	0	0	0	0	0	0	0	0	0	0	0	0	0	0	0	0	0	0	0	0	0	0	0	0	0	0	0	0	0	0	0	0	0	1	0	0	0	0	0	0	0	0	0	0	0	0	0	0	0	0	0	0	0	0
OTU414	0	4	3	0	0	0	0	0	0	0	2	0	0	1	0	0	0	0	0	0	1	0	1	0	0	0	0	0	0	4	0	0	3	0	1	4	0	0	3	0	0	0	0	0	50	8	11	200	0	0	0	0	2	2	29	9	7	7	19	0	0	0	0	3	214	142	270	27	210	0	0	0	0	3	0	0	0	0	2	1	0	5	22	7	4	69	1	0	2	0	0	1	4	20	0	31	38	1	72	0	270	190
OTU4140	0	0	0	0	0	0	0	0	0	0	0	0	0	0	0	0	1	0	0	0	0	0	2	0	0	0	0	0	2	0	0	0	0	0	0	0	1	13	5	0	0	0	0	0	0	0	3	0	0	0	0	0	0	0	0	0	0	0	0	0	0	0	0	2	0	0	0	0	0	1	0	0	0	0	6	0	2	0	0	0	0	0	0	0	0	1	0	0	0	0	0	3	0	0	0	0	0	0	0	0	1	0
OTU4141	0	0	0	0	0	0	0	0	0	0	0	0	0	0	0	0	0	0	0	0	0	0	0	0	0	0	8	0	0	0	1	0	0	0	0	0	0	0	0	0	0	5	0	0	2	0	0	0	0	0	0	0	3	2	0	0	4	0	0	0	0	0	0	0	0	0	0	0	0	0	2	0	0	3	0	2	0	0	0	0	0	0	0	2	3	0	0	0	5	0	0	0	3	0	5	16	0	0	0	0	0	0
OTU4142	0	0	0	0	0	0	0	0	0	0	0	0	0	2	0	0	0	0	0	0	0	0	0	0	0	0	1	0	2	0	0	0	0	1	0	0	0	0	0	0	0	0	0	0	0	18	0	0	0	0	0	0	0	0	0	0	0	0	0	0	0	0	0	0	0	0	0	0	0	0	0	0	0	0	0	0	0	0	0	0	0	0	0	0	0	0	0	0	0	0	0	0	0	0	0	0	0	0	0	0	0	0
OTU4143	0	0	0	0	0	0	0	0	0	0	0	0	0	1	0	0	0	0	0	0	0	0	0	0	0	0	9	0	0	0	0	0	0	0	0	0	1	0	0	0	0	0	0	0	0	0	0	0	0	0	0	0	0	0	1	0	3	0	0	0	0	0	0	0	0	0	0	0	0	0	0	0	0	0	0	9	0	0	0	0	0	2	0	5	0	0	0	0	0	0	0	0	0	0	0	0	0	0	0	0	0	0
OTU4144	0	4	0	0	0	0	0	0	0	0	0	0	0	0	0	0	0	0	0	0	0	0	0	0	0	0	2	0	0	2	0	0	0	0	0	0	1	0	0	0	6	0	0	0	0	0	0	0	0	0	0	14	0	0	0	0	0	0	0	0	0	0	0	0	0	0	1	0	0	0	0	0	0	0	0	0	5	2	0	0	1	0	0	0	2	3	0	0	0	0	0	1	0	0	0	3	0	0	0	0	0	0
OTU4145	0	0	0	0	0	0	0	0	0	0	0	0	0	0	0	0	0	0	0	0	0	0	0	0	0	0	0	4	15	2	0	0	0	0	0	0	1	0	9	0	0	0	6	0	0	0	0	0	0	0	0	0	1	0	0	0	1	0	0	0	0	0	0	0	0	0	0	0	0	0	0	0	0	1	0	0	0	0	0	0	0	0	0	0	0	0	0	0	0	0	0	0	0	0	0	1	3	0	0	0	0	0
OTU4146	0	0	0	0	0	0	1	0	0	0	0	0	0	0	0	0	0	0	0	0	0	0	0	0	0	0	0	5	0	0	2	0	0	0	0	0	0	0	0	0	0	0	6	0	2	0	3	1	0	14	0	0	0	2	1	0	0	0	0	0	0	0	0	0	0	0	0	0	0	0	0	1	0	0	0	0	0	0	14	5	86	0	3	0	0	0	1	0	0	0	0	0	0	0	2	1	0	0	0	0	0	0
OTU4147	0	0	0	0	0	0	0	0	0	0	0	0	0	0	0	0	0	0	0	0	0	0	0	0	0	0	0	9	0	0	0	0	0	0	0	0	0	0	0	0	0	0	0	0	0	0	0	0	0	0	0	0	0	0	0	0	0	0	0	0	0	0	0	0	0	0	0	0	0	0	0	0	0	0	0	0	0	0	0	13	0	0	0	0	0	0	0	0	0	0	0	0	0	0	0	0	0	0	0	0	0	0
OTU4148	0	1	0	0	0	0	0	0	0	0	0	0	0	0	0	0	0	0	0	0	0	0	0	0	0	0	0	20	0	3	5	0	3	0	0	0	0	0	0	0	0	0	0	0	0	0	0	1	3	0	0	0	5	0	4	0	1	0	0	0	0	0	0	0	0	0	0	0	0	0	0	0	0	0	0	0	0	0	2	0	0	0	5	0	0	0	2	0	1	0	0	3	0	3	0	1	0	0	1	0	0	0
OTU4149	0	0	0	0	0	0	0	0	0	0	0	0	0	0	0	1	0	0	0	0	0	0	0	0	0	0	0	6	0	1	0	0	0	0	1	0	0	0	0	0	0	1	0	0	0	0	3	0	0	0	0	0	0	1	0	0	25	0	0	0	0	0	0	0	0	0	0	0	0	0	1	1	0	0	0	1	2	0	0	0	4	1	0	1	0	0	7	1	2	0	4	0	0	0	0	0	0	0	0	0	0	0
OTU415	0	0	0	2	0	0	4	9	0	1	0	0	0	0	0	0	0	0	2	2	0	5	1	3	3	2	5	0	2	16	0	4	3	3	1	0	0	1	0	1	2	2	6	47	14	0	0	8	5	0	4	17	2	6	41	25	16	18	50	2	2	0	3	6	788	387	534	399	512	0	6	0	20	4	8	0	0	2	6	0	7	6	2	1	2	3	12	2	0	6	49	3	30	9	7	23	28	14	154	9	457	190
OTU4150	0	0	0	0	0	0	0	0	0	0	0	0	0	0	0	0	0	0	0	0	0	0	0	0	0	0	0	13	0	0	0	1	0	1	0	0	0	0	0	0	0	1	0	46	4	11	3	1	4	0	0	0	0	0	63	14	7	6	12	0	0	0	0	0	1	0	0	1	0	0	0	0	0	0	0	0	6	0	2	0	0	5	0	0	2	1	0	3	0	0	0	0	1	7	1	5	18	0	0	0	0	0
OTU4151	0	0	0	2	0	0	0	0	0	0	0	0	0	0	0	0	0	0	1	0	0	0	0	0	0	0	1	3	37	1	2	0	1	0	1	0	18	4	0	0	2	0	0	0	0	5	0	1	0	0	0	0	0	0	0	0	0	0	1	0	0	0	0	1	0	0	0	0	0	5	7	2	0	0	29	12	8	3	1	6	1	0	0	0	0	0	0	8	0	0	3	2	0	0	1	0	0	0	0	0	0	0
OTU4152	0	0	0	0	0	0	0	0	0	0	0	0	0	0	0	0	0	0	0	0	0	0	0	0	0	0	0	5	0	0	0	0	0	0	0	0	0	0	0	0	0	0	0	0	1	13	0	0	1	0	0	0	1	0	2	0	0	5	1	0	0	0	0	0	0	0	0	0	0	0	0	0	1	0	0	0	3	0	2	0	0	0	3	0	0	0	0	0	0	4	0	0	2	1	0	1	0	0	0	0	0	0
OTU4153	0	0	0	0	0	0	0	0	0	0	0	0	0	0	0	0	0	0	0	0	0	2	0	0	0	0	0	7	0	0	0	0	0	0	0	0	8	0	0	0	0	0	0	0	0	0	0	0	0	5	0	0	0	0	0	0	0	0	0	0	0	0	0	0	0	0	0	0	0	0	0	0	0	0	0	0	0	0	0	14	0	0	0	3	0	0	0	0	0	0	0	0	0	0	0	0	0	0	0	0	0	0
OTU4154	0	0	0	0	1	0	0	0	0	0	0	0	0	0	0	0	0	0	0	0	0	0	0	0	0	0	0	7	18	0	0	0	0	0	0	0	0	0	0	0	0	0	0	0	0	0	0	0	0	0	0	0	0	0	7	1	0	0	0	0	0	0	0	0	1	0	0	0	0	0	0	0	1	2	0	0	0	0	0	0	3	0	0	7	0	0	0	0	0	0	0	0	0	2	0	0	0	0	0	0	0	0
OTU4155	0	0	0	0	0	0	0	0	0	0	0	0	0	0	0	0	0	0	0	0	0	0	0	0	0	0	0	0	13	0	5	0	0	0	0	0	0	3	0	0	0	0	0	0	0	0	0	0	0	0	0	0	0	0	0	0	0	0	0	0	0	0	0	0	0	0	0	0	0	0	0	0	0	0	0	0	0	0	1	0	0	0	0	0	0	0	0	0	2	0	0	0	0	0	0	0	0	0	0	0	0	0
OTU4156	0	0	0	0	0	0	0	0	0	0	0	0	0	0	0	0	0	0	0	0	0	0	0	0	0	0	0	0	31	0	0	0	0	0	0	0	0	0	0	0	0	0	0	7	0	0	0	0	0	0	0	0	0	0	0	0	0	0	0	0	0	0	0	0	0	0	0	0	0	0	0	0	0	0	0	0	0	1	0	0	0	0	0	0	0	0	0	0	0	0	0	0	0	0	0	0	0	0	0	0	0	0
OTU4157	0	0	0	0	0	0	0	0	0	0	0	0	0	0	0	0	0	0	0	0	0	3	0	0	0	0	4	0	1	4	0	0	1	0	0	0	1	0	0	0	1	3	0	0	0	0	0	0	0	0	0	0	0	1	0	1	0	0	0	0	0	0	0	0	0	0	1	0	0	0	0	0	0	0	0	0	0	0	0	0	2	0	4	0	0	4	0	0	0	0	0	0	0	1	0	12	0	0	0	0	0	0
OTU4158	0	0	0	0	0	0	0	0	0	0	0	0	0	0	0	0	0	0	0	0	0	0	0	0	0	0	0	0	9	0	0	0	0	0	2	0	0	0	0	0	0	0	0	0	0	0	0	0	0	0	0	0	0	0	0	0	9	0	0	0	0	0	0	0	0	0	0	0	1	0	0	0	0	0	0	0	6	4	0	0	0	0	0	0	0	0	0	0	0	0	0	0	1	0	0	1	0	0	0	0	0	0
OTU4159	0	0	0	0	0	0	0	0	0	0	0	0	0	0	0	0	0	0	0	0	0	0	0	0	0	0	0	0	0	8	1	0	0	0	0	0	0	0	0	0	0	0	0	3	0	0	0	0	0	0	0	2	0	0	0	2	0	3	8	0	0	0	0	0	0	0	0	0	0	0	0	0	0	0	0	0	0	0	0	0	0	1	0	0	0	0	0	0	0	0	0	0	0	0	0	0	0	0	0	0	0	0
OTU416	0	1	0	0	0	0	1	2	0	0	0	0	0	0	0	0	0	0	0	0	1	1	1	0	1	5	0	0	0	0	0	2	2	0	5	1	0	0	0	0	0	0	0	0	2	0	0	2	6	0	0	0	0	1	22	2	3	3	33	2	3	1	1	1	54	98	375	194	641	0	0	23	0	0	0	0	0	0	0	0	4	0	0	36	5	0	0	0	0	0	0	0	0	0	0	0	2	498	215	5	6	310
OTU4160	0	0	0	0	0	0	0	0	0	0	0	0	0	0	0	0	0	0	0	0	0	0	0	0	0	0	0	0	0	34	0	0	0	0	0	0	0	0	0	0	0	0	0	3	0	0	0	0	0	0	0	0	0	0	2	0	2	0	0	0	0	0	0	0	0	0	0	0	0	0	0	0	0	0	0	0	0	0	0	0	0	0	0	0	0	0	0	1	0	0	0	8	0	0	0	0	0	0	0	0	0	0
OTU4161	0	0	0	0	0	0	0	0	0	0	0	0	0	0	0	0	0	0	0	0	0	0	0	0	0	0	1	0	6	14	0	0	0	0	0	0	0	0	0	0	0	0	0	3	11	0	0	0	0	0	0	0	0	0	0	0	3	0	0	0	0	0	0	0	0	0	0	0	0	0	0	0	0	0	0	4	0	1	1	0	0	0	0	0	0	0	0	0	0	0	0	0	0	0	0	0	0	0	0	0	0	0
OTU4162	0	0	0	0	0	0	0	0	0	0	0	0	0	0	0	0	0	0	0	0	0	0	1	0	0	0	0	0	0	6	5	0	0	0	0	1	0	0	0	0	0	0	0	0	12	2	1	3	0	0	0	2	0	0	0	0	0	3	0	0	0	0	0	0	0	0	0	0	0	0	0	0	0	0	0	1	3	0	0	0	0	3	0	0	0	2	0	0	0	0	0	8	0	0	0	0	0	0	0	0	0	0
OTU4163	0	0	0	0	0	0	0	0	0	0	0	0	0	3	0	0	0	0	0	0	0	0	0	0	0	0	0	0	0	3	0	0	0	0	0	0	0	0	0	0	0	0	0	0	0	0	0	0	0	0	0	0	0	0	0	4	0	0	0	0	0	0	0	0	1	34	0	0	5	0	0	0	0	0	0	0	0	0	0	0	0	2	0	0	0	0	0	0	0	0	0	0	0	0	3	0	0	0	0	0	0	0
OTU4164	0	0	0	0	0	0	0	0	0	0	0	0	0	0	0	0	0	0	0	0	0	0	0	0	0	0	0	0	0	0	17	0	0	0	0	0	0	0	0	0	10	6	0	0	0	0	0	0	0	0	0	0	0	0	0	0	0	0	1	0	0	0	0	0	0	0	0	0	0	0	0	0	0	0	0	3	1	0	0	0	0	0	0	0	0	0	0	0	0	0	0	0	0	1	0	0	0	0	0	0	1	0
OTU4165	0	0	0	0	0	0	0	0	0	0	0	0	0	0	0	0	0	0	0	0	0	0	0	0	0	0	0	0	0	0	6	0	0	0	0	0	0	0	0	0	0	0	0	0	8	0	0	0	0	0	0	0	0	0	0	0	0	0	0	0	0	0	0	0	0	0	0	0	0	0	0	0	0	0	0	0	0	0	0	0	0	0	0	0	0	0	0	0	0	0	0	0	0	0	6	0	0	0	0	0	0	0
OTU4166	0	0	0	0	0	0	0	0	0	0	0	0	0	0	0	0	0	0	0	0	0	0	0	0	0	0	3	1	0	0	31	0	0	0	0	0	0	0	2	0	0	0	0	0	3	0	6	0	0	8	0	0	0	0	2	0	17	0	0	0	0	0	0	0	0	0	1	0	0	0	36	1	0	0	0	0	3	0	0	0	10	0	0	6	0	0	0	6	0	0	0	1	0	4	0	11	0	0	0	0	0	0
OTU4167	0	0	0	0	0	0	0	0	0	0	0	0	0	0	0	0	0	0	0	0	0	0	0	0	0	0	0	0	0	0	0	2	0	0	0	0	0	0	0	0	0	0	0	17	0	0	0	0	0	0	0	0	0	0	0	0	0	0	0	0	0	0	0	0	0	0	0	0	0	0	0	0	0	0	0	0	0	0	0	0	0	0	0	0	0	0	0	0	0	0	0	0	0	0	0	0	0	0	0	0	0	0
OTU4168	0	0	0	0	0	0	0	0	0	0	0	0	0	0	0	0	0	0	0	0	0	0	0	0	0	0	0	0	0	0	0	3	0	0	0	1	1	0	1	0	1	0	0	43	30	0	0	0	0	0	0	0	0	0	1	0	3	0	0	0	0	0	0	0	0	0	0	0	0	0	0	0	0	0	0	0	1	0	0	0	2	0	0	0	0	0	0	3	0	1	0	0	27	0	0	0	1	1	0	0	0	0
OTU4169	0	0	0	0	0	0	0	0	0	0	0	0	0	0	0	0	0	0	0	0	0	0	0	0	0	0	0	0	0	0	0	0	0	2	0	0	0	0	0	0	0	0	0	0	0	27	0	0	0	0	0	0	0	0	0	0	0	0	0	0	0	0	0	0	0	0	0	0	0	0	0	0	0	0	4	0	0	0	0	0	0	0	0	0	0	0	0	0	0	0	0	0	0	0	0	0	0	0	0	0	0	0
OTU417	0	0	0	0	0	0	2	2	0	0	0	0	0	0	0	0	0	0	0	0	2	2	5	1	0	3	0	0	0	0	0	2	1	1	1	0	0	0	0	0	0	0	0	0	0	0	0	5	0	0	0	2	0	0	14	0	0	0	10	1	2	2	3	0	373	5	8	3	392	0	0	0	0	35	0	0	0	0	3	0	0	4	0	0	0	0	0	0	3	0	1	0	24	0	15	1	0	1214	3	2	8	38
OTU4170	0	0	0	0	0	0	0	0	0	0	0	0	0	0	0	0	0	0	0	0	0	0	0	0	0	0	0	0	0	0	0	0	0	0	2	0	0	0	0	0	0	0	0	0	0	0	0	0	0	0	0	0	0	1	0	0	0	0	0	0	0	0	0	0	0	0	0	0	0	0	0	0	0	0	0	0	0	0	0	0	0	0	0	0	0	0	4	35	0	0	1	0	0	0	0	0	0	0	0	0	0	0
OTU4171	0	0	0	0	0	0	0	0	0	0	0	0	0	0	0	0	0	0	0	0	0	0	0	0	0	0	1	0	0	0	0	0	0	0	1	0	0	0	0	0	0	1	3	0	0	0	0	1	0	0	1	4	0	0	0	0	1	0	1	0	0	0	0	0	0	0	0	0	0	0	12	6	0	2	5	1	0	0	0	4	1	0	0	0	0	0	0	0	0	2	0	4	0	0	0	1	0	0	0	0	0	0
OTU4172	0	0	0	0	0	0	0	0	0	0	0	0	0	0	0	0	0	0	0	0	2	0	0	0	0	0	0	0	0	0	0	0	0	0	0	0	7	0	0	0	0	0	0	0	0	0	0	0	0	0	0	0	0	0	0	0	14	0	0	0	0	0	0	0	6	0	1	17	4	0	0	0	1	0	0	0	0	1	0	0	0	0	0	0	0	0	0	0	0	0	0	0	0	0	0	0	0	0	0	0	0	0
OTU4173	0	0	0	0	0	0	0	0	0	0	0	0	0	0	0	0	0	0	0	0	0	0	0	0	0	0	0	0	0	0	0	0	0	0	0	0	4	0	3	0	0	0	0	0	0	0	0	0	0	0	0	1	0	0	0	0	0	0	0	0	0	0	0	0	0	0	0	0	0	22	3	0	0	0	2	0	0	0	0	0	2	0	0	0	0	0	1	1	6	0	0	1	0	0	0	1	0	0	0	0	0	0
OTU4174	0	1	0	0	0	0	0	0	0	0	0	0	0	0	0	0	0	0	0	0	0	0	0	0	1	0	0	5	0	0	0	0	0	0	0	0	18	0	0	1	1	0	0	0	3	0	3	0	0	0	0	0	0	0	0	0	0	0	4	0	0	0	0	0	0	0	0	0	0	0	0	0	0	2	0	0	0	0	17	0	12	0	0	0	1	0	2	0	0	0	0	4	5	0	0	0	0	0	0	0	0	0
OTU4175	0	0	0	0	0	0	0	0	0	0	0	0	0	0	0	0	0	0	0	0	0	1	0	0	0	0	0	0	0	0	0	0	0	0	0	0	22	3	0	0	0	0	0	3	0	0	0	1	0	0	0	0	0	0	0	0	0	1	1	0	0	0	0	0	0	0	0	0	0	0	0	0	0	0	0	0	0	0	0	0	0	0	0	0	0	0	2	0	0	0	0	0	0	11	0	1	0	0	1	0	0	0
OTU4176	0	0	0	0	0	0	0	0	0	0	0	0	0	0	0	0	0	0	0	0	0	0	0	0	0	0	0	0	0	0	0	0	0	0	0	0	7	4	0	0	0	0	0	0	0	0	0	0	0	0	0	0	0	0	8	0	0	0	0	0	0	0	0	0	0	0	0	0	0	0	0	0	0	0	0	0	0	0	0	0	0	0	0	0	1	0	0	0	0	0	0	0	0	0	0	0	0	0	0	0	0	0
OTU4177	0	0	0	1	0	0	0	0	0	0	0	0	0	0	0	0	0	0	1	0	0	0	0	0	0	0	0	0	0	0	0	0	0	0	0	0	5	0	0	0	0	1	0	0	0	0	0	0	0	0	0	0	0	0	0	0	0	0	0	0	0	0	0	0	12	0	4	5	0	0	0	0	0	0	0	0	0	1	0	0	1	0	0	0	0	0	13	0	0	0	0	0	0	0	0	2	0	0	1	2	0	1
OTU4178	0	0	0	0	0	0	0	0	0	0	0	0	0	0	0	0	0	0	0	0	0	0	0	0	0	0	0	0	0	0	0	0	0	0	0	0	5	0	0	0	0	0	6	0	0	0	0	0	0	0	0	0	0	0	0	0	0	0	0	0	0	0	0	0	0	0	0	0	0	0	0	0	0	0	0	0	0	0	8	0	0	0	0	0	0	1	0	0	0	0	0	0	0	0	2	1	0	0	0	0	0	0
OTU4179	0	0	0	0	0	0	0	0	0	1	0	0	0	0	0	0	0	0	0	0	0	0	0	0	0	0	0	2	0	0	0	0	0	0	0	0	4	0	0	0	7	0	2	0	0	0	0	0	0	0	0	0	0	0	0	0	0	0	0	0	1	0	0	0	0	0	0	0	0	0	1	0	0	0	0	0	0	1	0	0	0	0	0	0	0	0	1	0	0	0	0	0	0	0	0	0	0	0	0	0	2	0
OTU418	0	2	0	2	0	0	0	1	0	0	0	1	0	1	0	0	0	0	0	0	0	0	1	1	0	0	164	0	84	0	97	0	4	0	6	0	21	6	52	0	141	8	9	0	2	12	16	0	0	18	10	8	0	7	12	0	124	6	1	0	0	3	0	2	0	0	5	0	0	85	171	11	0	7	109	45	21	22	1	63	10	9	8	19	7	1	42	41	128	1	37	20	2	7	0	12	2	0	0	0	1	0
OTU4180	0	0	0	0	0	0	0	0	0	0	0	0	0	0	0	0	0	0	0	0	0	0	0	0	0	0	0	0	0	0	0	0	0	0	0	0	2	1	0	0	6	4	0	0	0	0	0	0	4	5	0	0	4	0	0	0	0	0	0	0	0	0	0	0	0	0	0	0	0	0	0	0	0	0	0	2	0	5	2	0	1	0	0	0	0	0	0	0	0	5	0	0	0	0	0	0	0	0	0	0	0	0
OTU4181	0	0	0	0	0	0	0	0	2	0	0	2	0	0	0	0	0	0	0	0	0	0	0	0	0	0	0	0	0	0	1	0	0	0	0	0	0	2	0	0	1	4	3	0	0	1	2	0	0	5	0	0	0	1	6	0	4	0	0	0	0	0	0	0	0	1	0	0	0	5	0	0	0	0	0	1	0	0	0	0	0	0	2	0	0	0	0	0	0	0	1	3	0	0	0	1	0	0	0	0	0	0
OTU4182	0	0	0	0	0	0	0	0	0	0	0	0	0	0	0	0	0	0	0	0	0	0	2	0	0	0	0	0	0	0	2	0	0	0	0	0	0	62	3	0	0	0	0	0	0	0	0	0	0	0	0	2	2	0	1	0	0	0	0	0	0	2	0	0	0	0	0	0	0	0	0	0	0	0	0	2	1	0	0	0	0	1	1	19	0	2	2	0	0	2	0	0	1	2	0	0	0	0	0	0	0	0
OTU4183	0	0	0	0	0	0	0	0	0	0	0	0	0	0	0	0	0	0	0	0	0	1	0	1	0	0	0	4	1	2	0	0	0	0	0	0	5	15	17	0	3	1	3	0	0	0	1	0	4	4	0	8	0	3	1	0	0	0	0	0	0	0	0	0	0	0	0	0	0	0	0	7	0	0	0	0	12	12	0	0	0	0	0	0	0	0	0	3	3	1	1	0	0	0	0	1	2	0	0	0	0	0
OTU4184	0	0	0	0	0	0	0	0	0	0	0	0	0	0	0	0	0	0	0	0	0	0	0	0	0	0	0	0	0	0	0	0	0	0	0	0	0	0	8	0	0	0	0	0	0	0	0	0	0	0	0	0	0	0	0	0	0	0	0	0	0	0	0	0	0	0	0	0	0	0	0	0	0	0	0	0	0	6	5	0	0	0	0	0	0	0	0	0	8	0	0	0	0	0	0	4	0	0	0	0	0	0
OTU4185	0	0	0	0	0	0	0	0	0	0	1	0	0	0	0	0	0	0	0	0	0	0	0	0	0	0	1	2	0	0	0	0	0	0	0	0	0	0	2	0	0	0	0	0	0	0	0	0	0	0	0	4	1	1	0	2	0	0	0	0	0	0	0	0	0	0	0	0	0	0	2	2	9	3	2	0	0	0	0	0	0	0	0	0	4	0	0	0	0	0	0	0	0	0	0	3	0	0	0	0	0	0
OTU4186	0	0	0	0	0	0	0	0	0	0	0	0	0	0	0	0	0	0	0	0	0	0	0	0	0	0	0	0	0	0	0	0	0	0	2	0	0	0	0	0	7	0	0	0	0	0	0	0	0	0	0	0	0	0	0	1	0	0	0	0	0	0	0	0	0	26	0	0	0	0	0	0	4	0	0	0	0	0	0	0	0	0	0	0	0	0	0	0	0	0	1	0	0	0	0	0	0	1	0	0	0	1
OTU4187	0	0	0	0	0	0	0	0	0	0	0	0	0	0	0	0	0	0	0	0	0	0	0	0	1	0	0	0	0	0	0	0	0	0	0	0	0	0	0	0	9	3	2	0	0	0	0	2	0	0	0	0	0	1	0	0	0	0	0	0	0	0	0	0	0	11	0	0	0	0	0	1	0	0	0	0	0	0	1	0	1	0	0	0	0	0	1	0	0	0	0	0	0	0	1	0	0	0	0	0	0	0
OTU4188	0	0	0	0	0	0	0	0	0	0	0	0	0	0	0	0	0	0	0	0	0	0	0	0	0	0	0	0	0	0	0	0	0	0	0	0	0	0	0	0	13	0	0	0	0	0	0	0	0	4	0	0	0	0	0	0	0	0	0	0	0	0	0	0	0	0	0	0	0	0	0	0	0	0	1	0	0	0	4	1	0	0	0	0	0	0	0	4	0	0	0	0	0	0	0	0	0	0	0	0	0	0
OTU4189	0	0	0	0	0	0	0	0	0	0	0	0	0	0	0	0	0	0	0	0	0	0	0	0	0	0	4	0	0	0	0	0	0	0	0	0	2	0	0	0	3	0	0	0	0	0	0	0	0	0	0	0	0	0	0	0	0	0	0	0	0	0	0	0	0	0	0	0	18	0	0	0	0	0	0	0	0	0	0	0	0	0	0	0	0	1	0	0	0	0	0	0	0	0	2	0	6	0	0	0	0	0
OTU419	0	1	1	2	0	0	5	9	0	0	1	7	0	2	0	0	1	1	0	0	2	0	0	0	3	0	7	7	1	0	15	2	1	1	17	0	16	7	44	0	227	13	52	157	36	63	18	14	19	26	4	841	5	122	51	208	21	32	20	3	0	4	0	3	2	26	38	2	3	198	72	501	742	62	236	19	110	19	50	4	29	101	12	44	24	31	80	23	4	6	110	22	45	36	15	37	25	0	27	1	0	8
OTU4190	0	6	0	0	0	0	0	1	0	0	0	0	0	0	0	0	0	0	0	0	1	0	0	2	1	0	5	19	1	2	9	0	5	0	0	1	0	0	44	0	73	10	10	0	0	0	1	0	7	10	1	0	2	0	0	0	20	1	0	0	0	1	2	0	16	9	9	1	0	3	0	0	1	1	5	5	6	14	2	0	0	0	0	2	44	4	3	47	65	1	1	7	1	4	10	4	1	58	1	94	27	24
OTU4191	0	0	0	0	0	0	0	0	0	0	0	0	0	0	0	0	0	0	0	0	0	0	0	0	0	0	0	2	0	0	0	0	0	0	0	0	0	0	0	0	11	5	0	0	0	4	0	0	8	0	3	0	0	1	0	0	0	1	0	0	0	0	0	0	0	0	0	0	0	0	0	0	0	0	0	3	0	0	0	0	0	0	0	0	0	0	5	3	0	0	0	0	0	0	0	7	0	0	0	0	0	0
OTU4192	0	0	0	0	0	0	0	0	0	0	0	0	0	0	0	0	0	0	0	0	0	0	0	0	0	0	0	0	0	0	0	0	0	0	0	0	0	3	0	1	10	3	0	0	2	0	0	0	0	0	0	0	0	0	0	0	0	0	0	0	0	0	0	0	0	0	0	0	0	0	0	0	0	0	5	0	2	0	0	0	3	2	0	0	0	0	0	0	1	0	0	0	0	0	0	0	0	0	0	0	0	0
OTU4193	0	0	0	0	0	0	0	0	1	1	0	0	0	0	0	0	0	0	0	0	0	0	0	0	0	0	0	0	0	11	0	0	0	0	0	0	0	0	0	0	4	0	0	1	0	0	0	0	0	0	0	3	0	1	0	1	0	0	0	0	0	0	0	0	0	0	0	0	0	0	0	0	0	0	0	0	4	0	0	1	7	0	0	0	0	0	1	0	0	0	0	0	0	5	0	1	0	0	0	0	0	0
OTU4194	0	0	0	0	0	0	0	0	0	0	0	0	0	0	0	0	0	0	0	0	0	0	0	0	0	0	0	0	0	0	0	0	0	0	0	0	0	0	0	0	3	0	0	0	0	0	0	0	0	0	0	0	0	0	0	0	0	0	7	0	0	0	0	0	0	0	0	0	0	0	0	0	0	0	0	0	0	0	0	0	0	0	0	0	0	0	0	0	0	0	0	0	5	0	0	1	0	0	0	0	0	0
OTU4195	0	0	0	0	0	0	0	0	0	0	0	0	0	0	0	0	0	0	0	0	0	0	0	0	0	0	0	0	0	1	0	0	0	0	0	0	0	0	0	0	6	0	4	0	0	0	0	0	0	0	0	0	1	0	0	0	0	0	4	0	0	0	0	0	0	0	0	0	0	0	0	0	2	0	0	0	0	0	9	0	1	0	0	1	1	0	0	0	0	0	0	0	5	0	5	0	1	0	2	0	0	0
OTU4196	0	0	0	0	0	0	0	0	0	0	0	0	0	0	0	0	0	0	0	0	0	0	0	0	0	0	0	0	0	0	0	0	0	0	2	0	0	0	0	0	0	5	0	0	0	0	8	0	0	0	0	0	0	0	0	0	0	0	0	0	0	0	0	0	0	0	0	0	0	0	0	0	0	0	0	0	0	0	0	0	4	0	0	0	0	0	0	0	0	0	0	0	0	0	0	0	0	0	0	0	0	0
OTU4197	0	0	0	0	0	0	0	0	0	0	0	0	0	0	0	0	0	0	0	0	0	0	0	0	0	0	0	0	0	0	0	0	0	0	0	0	0	0	0	0	1	24	4	0	0	0	0	0	0	0	0	0	0	0	0	0	0	0	0	0	0	0	0	0	0	0	0	0	0	0	0	0	0	0	0	0	0	0	0	0	0	0	0	0	0	0	0	0	0	0	0	0	0	0	0	0	0	0	0	0	0	0
OTU4198	0	0	0	2	0	0	0	0	0	0	0	0	0	2	0	0	0	0	0	0	0	0	0	0	0	0	0	0	0	3	0	0	0	0	0	0	0	0	0	0	0	4	6	0	4	0	1	3	0	1	0	4	0	3	0	0	0	5	1	0	0	0	0	0	0	0	0	0	0	0	0	1	2	4	0	0	1	0	0	0	0	0	0	0	0	2	1	2	0	0	0	1	2	1	4	6	6	0	0	0	0	1
OTU4199	0	0	0	0	0	0	0	0	0	0	0	0	0	0	1	0	0	0	0	0	0	1	0	0	0	0	0	0	14	5	2	0	2	1	2	0	10	0	1	1	16	8	16	19	16	27	3	0	0	6	0	3	1	10	33	5	17	2	12	0	0	0	0	0	0	0	0	0	0	3	51	0	6	0	18	0	14	3	0	3	6	36	1	11	0	0	0	18	11	2	0	4	9	0	3	1	54	0	0	0	0	0
OTU42	1	11	1	0	2	0	1	26	2	2	11	5	0	5	9	0	1	1	9	3	23	31	2	75	9	52	854	425	351	1024	244	3	43	7	57	19	1200	231	2748	18	1034	109	601	117	250	115	137	296	55	332	203	627	182	37	209	134	629	358	750	21	36	12	3	25	3	5	50	20	32	30	780	129	302	225	81	507	765	539	170	1202	86	527	755	413	198	139	144	3166	554	774	156	355	235	212	161	799	464	139	31	20	23	16
OTU420	0	0	0	0	0	0	1	26	0	0	0	0	0	0	0	0	0	0	3	0	0	0	1	0	0	2	13	7	0	5	31	1	0	2	1	0	5	6	4	0	34	3	29	4	12	35	3	0	0	0	1	7	2	0	13	2	42	26	5	0	0	2	0	1	81	41	314	381	119	39	42	1	2	1	44	41	3	5	0	28	2	13	3	0	2	0	7	6	51	0	0	7	3	2	6	4	6	4	0	3	1	1
OTU4200	0	0	0	0	0	0	0	0	0	0	0	0	0	0	0	0	0	0	0	0	0	0	0	0	0	0	0	0	0	0	0	0	0	0	0	0	0	0	0	0	0	0	1	4	0	3	0	0	1	0	0	0	0	1	2	13	25	0	0	0	0	0	0	0	0	0	4	0	0	0	0	0	0	0	0	0	1	0	0	0	4	0	0	0	1	0	0	0	0	0	0	0	1	0	0	0	9	0	0	0	2	0
OTU4201	0	0	0	0	0	0	0	0	0	0	0	0	0	0	0	0	0	0	0	0	0	0	0	0	0	0	0	0	0	0	0	0	0	0	0	0	0	0	0	0	0	0	0	19	0	0	0	0	0	0	0	0	0	0	0	0	0	0	0	0	0	0	0	0	0	0	0	0	0	0	0	0	3	0	0	0	0	0	0	0	0	0	0	0	0	0	0	0	0	0	0	0	0	6	0	0	0	0	0	0	0	0
OTU4202	0	0	0	0	0	0	0	0	0	0	0	0	0	0	0	0	0	0	0	0	0	0	0	0	0	0	0	0	0	0	0	0	0	0	0	0	0	0	0	0	0	0	0	4	0	9	0	0	0	0	0	0	0	1	0	0	0	0	0	0	0	0	0	0	0	0	0	0	0	0	0	0	0	0	0	0	0	0	0	0	0	0	0	0	0	0	0	0	0	0	0	0	0	0	0	0	0	0	0	0	0	0
OTU4203	0	0	0	0	0	0	0	0	0	0	0	0	0	0	0	0	0	0	0	0	0	0	0	0	0	0	0	12	0	0	0	0	0	0	0	0	0	0	0	0	0	0	0	8	0	2	5	6	0	0	0	0	0	0	0	0	1	0	2	0	0	0	0	0	0	0	0	0	0	0	0	0	0	0	0	0	0	0	0	0	0	7	0	0	0	2	0	0	0	0	0	0	0	0	2	0	0	0	0	0	0	0
OTU4204	0	0	0	0	0	0	0	0	0	0	0	0	0	0	3	0	0	0	0	0	0	0	0	0	0	0	0	0	0	0	0	2	0	0	0	0	0	0	0	0	0	0	0	5	12	0	0	0	0	0	0	0	0	0	6	4	0	0	0	0	0	0	0	0	0	0	0	0	0	0	0	1	0	0	0	0	0	0	0	0	0	0	1	0	0	0	0	0	0	0	0	0	0	0	0	0	5	0	0	0	0	0
OTU4205	0	0	0	0	0	0	1	0	0	0	0	0	0	0	0	0	0	0	0	0	0	0	0	0	0	0	4	0	0	2	1	0	0	0	0	0	0	0	1	0	6	3	0	0	1	0	0	4	2	1	0	3	0	1	0	7	1	0	0	0	0	0	0	0	0	0	0	0	0	0	0	0	0	2	0	0	0	0	6	0	9	0	2	0	5	3	0	0	0	0	0	2	0	0	3	0	0	0	0	0	0	7
OTU4206	0	2	0	0	0	0	0	0	0	0	0	0	0	0	0	0	0	0	0	0	0	0	0	0	0	0	0	0	0	0	0	0	0	0	0	0	0	0	0	0	3	0	0	9	21	9	0	2	2	0	0	0	0	0	3	6	8	0	0	0	0	0	0	0	0	0	0	0	0	0	3	0	2	0	0	0	0	0	0	0	2	0	0	4	0	0	0	0	2	0	0	0	2	0	0	1	17	0	0	0	0	0
OTU4207	0	0	0	0	0	0	0	0	0	0	0	0	0	0	0	0	0	0	0	0	0	0	0	0	0	0	0	0	0	0	0	0	0	0	0	0	0	0	0	0	1	0	0	14	3	18	0	0	0	0	0	0	0	0	1	0	0	0	0	0	0	0	0	0	0	0	0	0	0	0	0	0	0	0	0	0	0	0	0	0	0	0	0	13	0	0	0	0	0	0	0	0	0	0	0	0	0	0	0	0	0	0
OTU4208	0	0	0	0	0	0	0	0	0	0	0	0	0	0	0	0	0	0	0	0	0	0	0	0	0	0	0	0	0	0	0	0	0	0	0	0	0	0	0	0	0	0	0	0	0	14	0	0	0	0	0	0	0	4	0	0	0	0	0	0	0	0	0	0	0	0	0	0	0	0	0	13	0	0	1	0	0	0	0	0	0	2	0	0	0	0	11	0	0	0	0	0	1	0	0	0	0	0	0	0	0	0
OTU4209	0	0	0	0	0	0	0	0	0	0	0	0	0	0	0	0	0	0	0	0	0	0	0	0	0	0	0	0	0	0	0	0	0	0	0	0	0	0	0	0	0	0	0	0	0	28	0	0	0	0	0	0	0	0	0	0	0	0	0	0	0	0	0	0	0	0	0	0	0	0	0	1	0	0	0	0	0	0	0	0	0	0	0	0	0	0	0	0	0	0	0	0	0	0	0	0	0	0	0	0	0	0
OTU421	0	6	0	0	0	0	0	1	0	4	0	0	0	0	0	0	0	0	0	0	0	1	0	0	2	0	10	4	1	3	1	5	30	0	0	0	0	0	2	2	2	1	1	140	719	1	0	2	1	2	0	4	0	3	5	86	3	7	96	22	0	0	0	2	1	5	4	11	75	2	453	2	12	23	0	5	10	1	2	4	6	703	1	0	1	6	2	3	4	1	0	2	10	1	10	38	100	1	74	0	116	122
OTU4210	0	0	0	0	0	0	0	0	0	0	0	0	0	0	0	0	0	0	0	0	0	0	0	0	0	0	0	0	0	0	0	0	0	0	0	0	0	0	0	0	0	0	0	0	0	20	0	0	0	0	0	0	0	0	0	0	0	0	0	0	0	0	0	0	0	0	0	0	0	0	0	0	0	0	0	0	0	0	0	0	0	0	0	0	0	0	0	0	0	0	0	0	0	0	0	0	0	0	0	0	0	0
OTU4211	0	0	0	0	0	0	0	0	0	0	0	0	0	0	0	0	0	0	0	0	0	0	0	0	0	0	0	0	0	0	0	0	0	0	0	0	0	0	0	0	0	0	0	0	0	12	0	0	0	0	0	0	0	0	0	0	0	0	0	0	0	0	0	0	0	0	0	0	0	0	0	0	0	0	0	0	0	0	0	0	0	0	0	0	0	0	0	0	0	0	0	0	0	0	0	0	0	0	0	0	0	0
OTU4212	0	0	0	0	0	0	0	0	1	0	1	1	0	0	2	0	0	0	1	0	0	0	0	0	0	0	8	4	0	0	35	4	0	6	0	0	5	7	1	0	13	6	9	35	33	177	19	15	39	0	0	26	37	4	36	192	42	25	85	0	0	1	0	2	1	1	3	0	3	9	4	3	3	40	1	0	7	1	167	2	51	80	27	6	59	1	9	1	2	26	31	0	9	45	7	87	29	0	52	0	46	1
OTU4213	0	0	0	0	0	0	0	0	0	0	0	0	0	0	0	0	0	0	0	0	0	0	0	0	0	0	0	0	0	0	0	0	0	0	0	0	0	0	0	0	0	0	1	12	0	6	0	0	0	0	0	1	0	0	0	0	0	0	0	0	0	0	0	0	0	0	0	0	0	0	0	0	0	0	0	0	0	0	1	0	18	0	0	0	2	0	0	0	0	0	0	0	1	0	0	0	4	0	0	0	0	0
OTU4214	0	0	0	0	0	0	0	0	0	0	0	0	0	0	0	0	0	0	0	0	0	0	0	0	0	0	0	0	0	0	0	0	0	0	0	0	0	0	0	0	0	0	0	0	0	1	0	0	0	0	0	0	0	0	5	0	0	0	0	0	0	0	0	0	0	0	2	0	0	0	0	0	0	0	0	0	0	0	0	0	0	0	19	2	0	2	0	0	0	0	0	0	0	0	0	0	0	0	0	0	0	0
OTU4215	0	0	0	0	0	0	0	0	0	0	0	0	0	0	0	0	0	0	0	0	0	0	0	0	0	0	0	0	0	0	0	0	0	0	0	0	0	0	0	0	0	0	0	0	0	7	0	0	0	0	0	0	0	0	0	0	23	0	0	0	0	0	0	0	0	0	0	0	0	0	0	0	0	0	0	0	1	0	0	0	2	0	0	0	0	0	1	0	0	0	0	0	0	0	0	0	1	0	0	0	0	0
OTU4216	0	0	0	0	0	0	0	0	0	0	0	0	0	0	0	0	0	0	0	0	0	0	0	0	0	0	0	0	0	0	0	0	0	0	0	0	0	0	0	0	0	0	1	0	1	1	0	0	0	0	0	0	0	0	2	0	0	0	0	0	0	0	0	0	4	0	0	0	0	3	0	0	0	0	0	0	0	0	0	0	0	0	5	0	0	2	0	0	0	0	0	0	0	2	5	0	25	0	0	0	2	0
OTU4217	0	0	0	0	0	0	0	0	0	0	0	0	0	0	0	0	0	0	0	0	0	0	0	0	0	0	0	0	0	0	0	0	0	1	0	0	0	0	0	0	0	0	0	0	0	0	0	22	0	0	0	0	2	0	0	0	0	0	0	0	0	0	1	0	0	0	0	0	0	0	0	0	0	0	0	0	0	0	0	0	0	1	0	0	0	1	0	0	0	0	0	0	1	2	0	1	0	0	48	0	41	30
OTU4218	0	0	0	0	0	0	0	0	0	0	0	0	0	0	0	0	0	0	0	0	0	0	0	0	0	0	0	0	0	0	0	0	0	0	0	0	0	0	0	0	0	0	0	0	0	0	0	23	0	0	0	0	0	0	0	0	0	0	0	0	0	0	0	0	0	0	0	0	0	0	0	0	0	0	0	0	0	0	0	0	0	0	0	0	0	0	0	1	0	0	0	0	0	0	0	0	0	0	0	0	0	0
OTU4219	0	0	0	0	0	0	0	0	0	0	0	0	0	0	0	0	0	0	0	0	0	0	0	0	0	0	0	0	0	0	0	0	0	0	1	0	0	0	0	0	0	0	0	0	0	0	0	3	0	0	0	0	0	0	0	0	0	0	0	0	0	0	0	0	0	0	0	0	0	0	0	0	0	0	0	3	0	0	0	0	0	0	0	0	0	0	0	0	9	0	0	0	0	0	0	0	0	0	0	0	0	0
OTU422	0	2	1	0	0	0	0	1	6	0	0	7	0	6	0	0	0	0	10	0	0	0	0	5	0	0	8	4	0	0	14	0	0	0	8	3	4	4	240	0	733	339	18	0	1	9	87	36	31	125	0	3	1	24	9	18	12	2	14	2	0	0	0	0	1	1	1	2	0	36	218	95	7	0	504	7	9	17	6	8	8	6	13	2	1	5	5	86	19	1	1	113	16	5	6	5	16	0	1	0	0	3
OTU4220	0	0	0	0	0	0	0	0	0	0	2	0	0	0	0	0	0	0	0	0	0	0	0	0	0	0	0	0	0	0	0	0	0	0	0	0	0	0	4	0	0	0	0	0	0	0	0	0	14	0	0	0	0	0	0	0	0	0	0	0	0	0	0	0	0	0	0	0	0	0	3	0	0	0	10	0	0	0	0	3	0	0	0	0	0	0	0	4	0	0	0	0	0	0	0	1	0	0	0	0	0	0
OTU4221	0	0	0	0	0	0	0	0	0	0	0	0	0	0	0	0	0	0	0	0	0	0	0	0	0	0	0	0	0	0	0	0	0	0	0	0	0	0	0	0	0	0	0	0	0	0	0	0	2	0	0	0	0	0	0	0	0	0	0	0	0	0	0	0	0	0	0	0	0	0	0	0	0	0	0	0	0	0	0	0	0	0	0	0	0	17	0	0	0	0	0	0	0	0	0	0	0	0	0	0	0	0
OTU4222	0	0	0	0	0	0	0	0	0	0	0	0	0	0	0	0	0	0	0	0	0	0	0	0	0	0	0	0	0	0	0	0	0	0	0	0	0	0	0	0	0	0	0	0	0	0	0	0	0	7	0	0	0	0	2	0	0	0	0	0	0	0	0	0	0	0	0	1	0	0	0	0	0	0	0	0	0	0	0	0	0	0	0	0	0	2	0	0	0	0	0	2	0	0	0	0	0	0	0	0	0	14
OTU4223	0	0	4	0	0	0	0	0	0	0	0	0	0	0	0	0	0	0	0	0	0	0	0	0	0	0	8	2	2	5	0	0	0	0	0	0	7	9	1	0	2	3	0	1	0	8	0	0	0	5	0	0	5	2	0	2	0	0	2	0	0	0	0	0	0	0	3	0	0	0	10	0	1	1	0	0	0	3	4	1	5	1	1	0	0	2	4	16	6	0	3	0	0	1	1	3	0	0	0	0	0	0
OTU4224	0	0	0	0	0	0	0	0	0	0	0	0	0	0	0	0	0	0	0	0	0	0	0	0	0	0	0	0	1	0	0	0	0	0	0	0	0	0	0	0	1	3	0	0	0	0	0	0	0	0	22	0	0	0	4	0	0	0	0	0	0	0	0	0	0	0	0	0	0	0	0	0	0	1	0	1	0	0	0	0	11	0	1	0	0	0	0	3	0	0	0	0	0	0	0	0	0	0	0	0	0	0
OTU4225	0	0	0	2	0	0	0	0	0	0	5	0	0	0	0	0	3	0	0	0	0	0	0	0	0	0	0	0	0	2	0	0	0	0	0	0	0	0	0	0	0	1	0	0	0	0	0	0	0	0	0	54	0	0	0	0	0	6	0	0	0	0	0	0	0	0	0	0	0	0	0	0	0	4	1	0	0	0	0	0	0	0	39	0	0	0	0	0	0	0	0	0	0	0	0	1	2	0	0	0	0	0
OTU4226	0	0	0	0	0	0	0	0	0	0	0	0	0	0	0	0	0	0	0	0	0	0	0	0	0	0	0	0	0	0	0	0	0	0	0	0	0	0	0	0	0	0	0	0	0	0	0	0	0	0	0	8	0	0	0	0	0	0	0	0	0	0	0	0	0	0	0	0	0	0	0	0	0	0	0	0	0	0	22	0	0	0	0	0	0	0	0	0	0	0	0	0	0	0	0	0	0	0	0	0	0	0
OTU4227	0	0	0	0	0	0	0	0	0	0	0	0	0	0	0	0	0	0	0	0	0	0	0	0	0	0	0	0	0	0	0	0	0	0	0	0	0	0	0	0	0	0	0	0	0	0	0	3	0	0	0	4	0	0	0	6	0	7	7	0	0	0	0	0	0	0	0	0	0	0	0	0	0	0	0	0	0	0	0	0	0	0	0	0	0	3	0	0	0	0	0	0	1	0	0	1	0	0	0	0	0	0
OTU4228	0	0	0	0	0	0	0	0	0	0	0	0	0	0	0	0	0	0	0	0	0	0	0	0	0	0	0	0	0	0	0	0	0	0	0	0	0	0	0	0	0	0	0	0	0	0	0	0	0	0	0	20	0	4	0	0	0	0	0	0	0	0	0	0	0	0	0	0	0	0	0	0	0	0	0	0	0	0	15	0	0	0	0	0	0	0	0	0	0	0	0	0	0	0	0	0	0	0	0	0	0	0
OTU4229	0	1	0	0	0	0	0	1	1	0	0	13	0	0	0	0	3	0	4	0	3	0	0	0	2	0	1	10	0	10	0	0	0	0	0	4	22	0	0	0	26	19	17	7	0	0	7	3	0	11	0	7	0	0	5	0	14	3	4	0	0	0	0	0	0	0	0	0	2	0	0	0	5	1	2	0	1	1	9	5	9	3	14	0	0	0	14	1	7	4	0	13	1	7	3	15	10	0	3	0	0	1
OTU423	0	7	0	0	0	0	6	2	7	0	1	0	0	0	1	0	0	2	0	0	0	0	0	0	0	0	7	4	2	12	231	2	4	6	8	2	4	3	8	0	2	7	6	18	84	23	136	45	5	47	0	18	5	28	267	70	29	188	263	1	4	10	0	27	13	11	8	12	12	0	7	2	6	6	3	9	9	2	11	8	79	46	118	428	2	342	5	2	5	2	47	4	8	137	12	267	18	23	23	1	10	48
OTU4230	0	0	0	0	0	0	0	0	1	0	0	0	0	0	0	0	0	0	0	0	0	0	0	0	0	0	0	7	0	0	0	0	0	0	0	0	0	0	13	0	0	0	0	0	0	0	0	0	0	0	2	4	7	0	3	0	18	2	0	0	0	0	0	0	0	0	0	0	0	9	0	14	21	4	4	0	0	0	0	0	0	7	0	9	0	0	0	0	1	0	3	1	0	0	0	1	4	0	0	0	0	0
OTU4231	0	0	0	0	0	0	0	0	0	0	0	0	0	0	0	0	0	0	0	0	0	0	0	0	0	0	0	0	0	0	0	0	0	0	0	0	0	0	0	0	5	0	0	0	0	0	0	1	1	0	2	0	0	4	10	8	1	1	0	0	0	0	0	0	0	0	0	0	2	0	0	0	1	0	0	0	0	0	0	0	0	3	3	0	0	1	0	0	2	0	0	0	0	3	0	0	7	0	3	0	0	5
OTU4232	0	0	0	0	0	0	0	0	0	0	0	0	0	0	0	0	0	0	0	0	0	0	0	0	0	0	0	0	0	0	0	0	0	0	0	0	0	0	0	0	0	0	0	0	0	0	0	0	0	0	0	0	0	10	0	0	0	0	0	0	0	0	0	0	0	0	0	0	0	0	0	0	0	0	0	0	0	0	0	0	0	0	4	0	0	0	0	0	0	0	0	0	0	0	0	0	0	0	0	0	18	0
OTU4233	0	0	0	0	0	0	0	1	0	0	0	0	0	0	0	0	0	0	0	0	0	0	0	0	0	0	0	0	0	0	0	0	0	0	0	0	0	6	0	0	0	0	0	0	0	0	0	1	0	0	0	8	0	5	3	0	1	0	1	0	0	0	0	0	2	2	20	23	31	0	0	0	1	4	0	0	1	1	0	0	0	2	0	0	0	8	0	0	1	0	0	10	1	11	0	2	6	0	18	1	3	6
OTU4234	0	0	0	0	0	0	0	0	0	0	0	1	0	0	0	0	0	0	0	0	0	0	0	0	0	0	0	0	0	0	0	0	0	0	0	0	0	0	0	0	0	0	0	0	0	0	0	0	0	0	0	0	0	1	1	0	0	10	3	0	0	0	0	3	0	0	0	0	1	0	0	0	0	0	0	0	1	0	1	0	0	0	6	0	1	19	0	1	0	0	0	0	1	0	0	2	0	0	0	0	0	0
OTU4235	0	0	0	0	0	0	0	0	0	0	0	0	0	1	0	0	0	0	0	0	0	0	0	0	0	0	0	0	0	0	0	0	0	0	0	0	0	0	0	0	0	0	0	10	5	10	3	0	0	0	0	0	0	0	11	0	29	14	0	0	0	0	0	0	0	1	0	0	0	0	0	0	0	0	0	0	0	0	0	0	0	0	1	2	0	1	0	0	0	0	0	1	2	0	0	2	18	2	4	0	0	0
OTU4236	0	0	0	0	0	0	0	0	0	0	0	0	0	0	0	0	0	0	0	0	0	0	0	0	0	0	0	0	0	0	0	0	0	0	0	0	0	0	0	0	0	0	0	0	0	0	0	0	0	0	0	0	0	0	4	0	0	0	0	0	0	0	0	0	0	0	0	0	0	0	0	0	0	0	0	0	0	0	0	0	0	0	0	0	0	0	0	0	0	0	0	0	0	0	0	4	6	0	0	0	0	0
OTU4237	0	0	0	0	0	0	0	0	0	0	0	0	0	0	0	0	0	0	0	0	0	0	0	0	0	0	0	0	0	0	0	0	0	0	0	0	0	0	0	0	0	0	0	0	0	0	0	0	0	0	0	0	0	0	1	0	0	1	0	0	0	0	0	0	16	0	0	16	1	0	0	0	0	0	0	0	0	0	0	0	0	0	0	0	0	0	0	0	0	0	0	0	0	0	0	0	0	0	0	0	0	0
OTU4238	0	0	0	0	0	0	0	0	0	0	0	0	0	0	0	0	0	0	0	0	0	0	0	0	0	0	0	0	0	1	0	0	0	0	0	0	0	0	0	0	0	0	0	0	0	0	0	6	0	0	0	0	0	0	5	0	0	0	0	0	0	0	0	0	16	18	0	0	0	0	0	0	0	0	0	0	0	0	0	0	0	1	0	0	0	0	0	0	0	0	0	0	3	0	5	0	0	0	1	0	0	0
OTU4239	0	2	0	0	0	0	0	0	0	0	3	0	0	0	0	0	0	0	1	0	4	0	0	0	1	1	0	2	1	33	0	0	0	0	0	0	0	2	9	0	16	5	16	27	16	17	6	32	6	11	1	1	4	23	18	13	7	24	28	0	0	0	0	2	11	7	142	30	30	0	0	0	8	1	5	4	1	0	5	12	8	34	14	8	4	40	1	1	12	0	2	0	27	52	14	13	6	0	2	5	23	86
OTU424	0	1	1	0	0	4	4	3	0	1	2	0	1	4	1	0	1	3	1	0	6	0	3	1	0	4	94	161	53	60	48	0	4	5	6	0	18	44	124	0	126	53	151	22	63	19	58	2	3	42	26	65	6	27	26	15	152	7	10	0	3	1	3	0	146	0	35	46	78	90	157	72	26	87	80	87	66	33	32	93	155	28	26	108	23	16	189	213	164	16	23	65	18	20	17	69	18	1	0	0	8	2
OTU4240	0	0	0	0	0	0	0	0	0	0	0	0	0	0	0	0	0	0	0	0	0	0	0	0	0	0	0	0	0	0	0	0	0	0	0	0	0	0	0	0	0	0	0	0	0	0	0	0	3	0	0	0	0	0	0	12	0	0	0	0	0	0	0	0	0	0	0	0	0	0	0	0	0	0	0	0	0	0	0	0	0	0	0	0	0	0	0	0	0	0	0	0	0	20	0	0	0	0	0	0	0	0
OTU4241	0	0	0	0	0	0	0	0	0	0	0	0	0	0	0	0	0	0	0	0	0	0	0	0	0	0	0	0	0	0	0	0	0	0	0	0	0	0	0	0	0	0	0	0	0	0	0	0	0	0	0	0	0	0	0	34	0	0	0	0	0	0	0	0	0	3	0	0	0	0	0	0	0	0	0	0	0	0	0	0	0	0	0	0	0	0	0	0	0	0	0	0	0	0	0	0	0	0	0	0	0	0
OTU4242	0	0	0	0	0	0	0	0	0	0	0	0	0	0	0	0	0	0	0	0	0	0	0	0	0	0	1	0	0	0	0	0	0	0	0	0	0	0	1	0	0	0	0	0	1	0	0	0	0	0	0	0	0	0	1	18	0	0	0	0	0	1	0	0	0	5	0	0	0	0	0	0	7	0	0	0	4	0	0	0	0	4	0	4	0	0	0	0	0	2	0	0	0	0	0	1	0	0	0	0	0	0
OTU4243	0	0	0	0	0	0	0	0	0	0	0	0	0	0	0	0	0	0	0	0	0	0	0	0	0	0	0	0	0	0	0	0	0	0	0	0	0	0	0	0	0	0	0	0	1	0	0	0	0	0	0	0	0	0	0	33	5	0	0	0	0	0	0	0	0	0	0	0	0	0	0	0	0	0	0	0	0	0	0	0	0	10	0	0	0	0	0	0	13	0	0	0	0	0	0	0	0	0	0	0	0	0
OTU4244	0	0	0	0	0	0	0	0	0	0	0	0	0	0	0	0	0	0	1	0	2	0	0	0	0	0	0	0	0	0	1	0	0	0	0	0	0	0	0	0	0	1	0	0	5	1	0	0	3	0	0	0	0	0	0	3	1	2	5	0	0	0	0	0	0	0	0	0	0	0	0	0	1	0	0	0	2	6	0	0	3	7	0	0	0	0	30	0	13	0	0	1	24	3	0	0	0	2	0	0	0	0
OTU4245	0	0	0	0	0	0	0	0	0	0	0	0	0	0	0	0	0	0	0	0	0	0	0	0	0	0	1	0	0	0	0	0	0	0	0	0	0	0	2	0	0	0	0	0	1	0	6	0	0	3	0	0	0	2	0	0	32	0	0	0	0	0	1	0	0	0	0	0	0	0	0	0	0	0	0	0	1	0	0	0	0	0	0	8	1	0	0	0	0	0	0	0	0	0	0	0	0	0	0	0	0	0
OTU4246	0	0	0	0	0	0	0	0	0	0	0	0	0	0	0	0	0	0	0	0	0	0	0	0	0	0	1	0	0	0	0	0	0	0	0	0	0	1	0	0	0	0	0	0	0	0	0	0	0	0	0	0	0	0	0	0	19	0	0	0	0	0	0	0	0	0	0	0	0	0	0	0	0	0	0	0	15	0	1	0	0	0	0	0	0	0	0	0	0	0	0	0	0	0	0	0	1	0	0	0	0	0
OTU4247	0	0	0	0	0	0	0	0	0	0	0	0	0	0	0	0	0	0	0	0	0	0	0	0	0	0	0	0	0	0	0	0	0	0	0	0	0	0	0	0	0	0	0	0	0	0	0	0	0	0	0	0	0	0	0	0	30	0	0	0	0	0	0	0	0	0	0	0	0	0	0	0	0	0	0	0	0	0	0	4	0	0	0	0	1	0	0	0	0	0	0	0	0	0	0	0	0	0	0	0	0	0
OTU4248	0	0	0	0	0	0	0	0	0	0	0	0	0	0	0	0	0	0	0	0	0	0	0	0	0	0	0	1	0	0	0	0	0	0	0	0	0	0	0	0	0	0	0	0	0	8	0	0	0	0	0	0	0	0	0	0	10	0	0	0	0	0	0	0	0	0	3	0	0	0	0	0	0	0	0	0	1	0	0	0	0	0	1	0	0	0	0	2	0	0	0	0	0	0	0	1	0	0	0	0	0	0
OTU4249	0	0	0	0	0	0	0	0	0	0	0	0	0	0	0	0	0	0	0	0	0	0	0	0	0	0	0	0	0	0	0	0	0	0	0	0	0	0	0	0	0	2	1	0	0	0	0	0	0	0	0	0	5	0	0	0	2	0	0	0	0	0	0	0	0	0	0	0	0	0	5	0	0	0	0	2	17	0	1	4	3	0	0	0	0	0	0	0	0	0	0	0	0	0	0	0	1	0	0	0	0	0
OTU425	0	1	5	0	1	0	0	0	0	0	1	0	0	0	0	0	0	0	1	0	0	0	0	0	0	0	138	2	0	0	164	0	1	1	0	1	0	0	3	1	2	58	31	28	3	0	16	4	3	0	12	0	57	6	2	3	4	2	14	0	0	0	0	2	0	0	0	2	3	0	1	1	0	1	180	3	5	4	2	7	4	0	5	0	0	1	2	0	0	215	1	626	0	4	4	4	4	1	5	0	1	257
OTU4250	0	0	0	0	0	0	1	0	0	2	0	0	0	0	0	0	0	0	0	0	0	0	0	0	0	0	0	0	0	0	0	0	0	0	0	0	2	0	0	0	0	0	0	0	0	0	0	0	0	0	0	0	0	0	0	2	2	0	6	0	0	0	0	0	0	0	0	0	1	0	0	0	0	0	0	0	0	0	0	0	15	0	0	6	0	0	0	0	0	0	1	0	6	0	0	0	0	0	0	0	0	0
OTU4251	0	0	0	0	0	0	0	0	0	0	0	0	0	0	0	0	0	0	0	0	0	0	0	0	0	0	0	0	0	0	0	0	0	0	0	0	0	0	0	0	0	0	0	1	0	0	0	0	0	0	0	0	0	0	0	0	0	25	0	0	0	0	0	0	0	0	0	0	0	0	0	0	0	0	0	0	4	0	0	0	0	0	0	0	0	0	0	0	0	0	0	0	0	0	0	0	0	0	0	0	0	0
OTU4252	0	0	0	0	0	0	0	2	0	0	0	0	0	0	0	0	0	0	0	0	0	0	0	0	0	0	0	0	0	0	0	0	1	0	0	0	0	0	0	0	0	0	0	0	0	0	0	0	0	0	0	0	0	0	1	0	0	8	0	0	0	0	1	0	33	0	4	79	1	0	0	0	0	0	0	0	0	0	0	0	0	0	0	0	0	0	0	0	0	0	0	4	0	0	2	0	0	20	14	0	0	9
OTU4253	0	0	0	0	0	0	0	0	0	0	0	0	0	0	0	0	0	0	0	0	0	0	0	0	0	0	0	1	0	0	0	0	0	0	0	0	2	0	0	0	0	0	0	10	1	0	0	0	1	0	0	0	0	0	0	0	3	5	18	0	0	0	0	0	0	0	3	0	2	0	0	0	4	0	0	1	0	0	0	0	0	0	0	0	0	4	0	0	0	1	0	0	1	2	0	4	3	0	0	0	3	0
OTU4254	0	1	0	5	0	1	0	0	1	0	1	3	0	10	0	0	3	0	4	0	3	0	0	0	0	0	0	0	0	4	0	1	0	0	0	0	4	0	1	0	4	3	1	0	2	0	0	0	0	0	0	6	2	0	9	0	8	2	2	18	0	0	0	0	9	0	1	1	2	0	0	0	0	3	0	5	0	17	0	0	1	5	1	0	0	0	8	0	3	2	3	3	4	0	0	19	0	2	0	0	7	0
OTU4255	0	0	0	0	0	0	0	0	0	0	0	0	0	0	0	0	0	0	0	0	0	0	0	0	0	0	0	0	0	0	0	0	0	0	0	0	0	0	0	0	0	0	0	0	0	0	0	0	0	0	0	0	0	0	0	0	0	0	0	0	0	0	0	2	0	2	0	0	0	0	0	0	0	0	0	0	0	0	0	0	0	0	0	0	0	0	0	0	0	0	0	0	0	0	0	0	0	0	15	5	7	0
OTU4256	0	0	0	0	0	0	0	0	0	0	0	0	0	0	0	0	0	0	0	0	0	0	0	0	0	0	0	0	0	0	0	0	0	0	0	0	0	0	0	0	0	0	0	0	0	0	0	0	0	0	0	0	0	0	0	0	2	0	0	0	0	0	0	0	34	12	31	11	20	0	0	0	0	0	0	0	0	0	0	0	0	0	0	0	0	0	0	0	0	0	0	0	0	0	0	0	0	1	0	3	26	0
OTU4257	0	0	0	0	0	0	0	0	0	0	0	0	0	0	0	0	0	0	0	0	0	0	0	0	0	0	0	0	0	0	0	0	0	0	0	0	0	0	0	0	0	0	0	0	0	0	0	0	0	0	0	0	0	0	0	0	0	0	0	0	0	0	0	0	23	0	0	0	0	0	0	0	0	0	0	0	0	0	0	0	0	0	0	0	0	0	0	0	0	0	0	0	0	0	0	0	0	0	0	1	0	0
OTU4258	0	0	0	0	0	0	0	0	0	0	0	0	0	0	0	0	0	0	0	0	0	0	0	0	0	0	0	0	0	0	0	0	0	0	0	0	0	0	0	0	0	0	0	0	0	0	0	0	0	0	0	0	0	0	0	0	0	0	0	0	0	0	0	0	10	0	0	0	13	0	0	0	0	0	0	0	0	0	0	0	0	0	0	0	0	0	0	0	0	0	0	0	0	0	0	0	0	0	0	0	1	0
OTU4259	0	0	0	0	0	0	0	0	0	0	0	0	0	0	0	0	0	0	0	0	0	0	0	0	0	0	0	0	0	0	0	0	0	0	0	0	0	0	0	0	0	0	0	0	0	0	0	0	0	0	0	0	0	0	0	0	0	0	0	0	0	0	0	0	22	0	0	0	0	0	0	0	0	0	0	0	0	0	0	0	0	0	0	0	0	0	0	0	0	0	0	0	0	0	0	0	0	0	0	0	0	0
OTU426	0	0	1	0	0	3	0	3	4	0	0	0	0	0	0	0	0	0	0	0	0	2	2	0	1	0	8	11	69	11	38	0	0	0	5	0	9	26	74	0	22	18	17	6	0	1	0	2	19	9	2	26	8	0	9	7	14	19	3	5	0	0	0	12	204	106	147	70	59	30	56	1	7	10	24	28	23	5	2	9	19	3	2	0	1	2	61	30	38	16	12	24	0	13	12	22	7	2	23	1	101	1
OTU4260	0	0	0	0	0	0	0	0	0	0	0	0	0	0	0	0	0	0	0	0	0	0	0	0	0	0	0	0	0	0	0	0	0	0	0	0	0	0	0	0	0	0	0	0	0	0	0	0	0	0	0	0	0	0	0	0	1	0	0	0	0	0	1	0	9	0	30	7	0	0	0	0	0	0	0	0	0	0	0	0	0	0	0	0	0	0	0	0	0	0	0	0	0	0	0	0	0	0	0	0	0	0
OTU4261	0	0	0	0	0	0	0	0	0	0	0	0	0	0	0	0	0	0	0	0	0	0	0	0	0	0	0	0	0	0	0	0	0	0	0	0	0	0	0	0	0	0	0	0	0	0	0	0	0	0	0	0	0	0	0	0	0	0	0	0	0	0	0	0	20	0	0	0	0	0	0	0	0	0	0	0	0	0	0	0	0	0	0	0	0	0	0	0	0	0	0	0	0	0	0	0	0	0	0	0	0	0
OTU4262	0	0	0	0	0	0	0	2	0	0	1	1	0	0	0	0	0	0	1	0	0	2	0	0	0	0	0	0	0	2	0	0	1	3	0	1	0	0	0	0	0	0	1	0	8	0	0	15	0	2	0	1	0	3	7	34	0	2	1	0	1	0	0	13	205	70	1	1	159	0	0	0	2	0	0	0	5	0	0	0	1	0	17	0	0	22	1	0	0	0	0	0	13	65	6	2	2	170	154	161	27	121
OTU4263	0	0	0	0	0	0	0	0	0	0	0	0	0	0	0	0	0	0	0	0	0	0	0	0	0	0	0	0	0	0	0	0	0	0	0	0	0	0	0	0	0	0	0	0	0	0	0	0	0	0	0	0	0	0	0	0	0	0	0	1	0	0	0	0	20	0	6	0	0	0	0	0	0	0	0	0	0	0	0	0	0	0	0	0	0	0	0	0	0	0	0	0	0	0	0	0	0	0	2	0	0	0
OTU4264	0	0	0	0	0	0	0	0	0	0	0	0	0	0	0	0	0	0	0	0	0	0	0	0	0	0	0	0	0	0	0	0	0	0	0	0	0	0	0	0	0	0	0	0	0	0	0	0	0	0	0	0	0	0	0	0	0	0	0	0	0	0	0	0	25	7	0	0	0	0	0	0	0	0	0	0	0	0	0	0	0	0	0	0	0	0	0	0	0	0	0	0	0	0	0	0	0	0	0	0	0	0
OTU4265	0	0	0	0	0	0	0	0	0	0	0	0	0	0	0	0	0	0	0	0	1	0	0	0	0	0	0	0	0	0	0	0	0	0	0	0	0	0	0	0	0	0	0	0	0	0	0	0	0	0	0	0	0	0	0	0	0	0	0	0	0	0	0	0	24	11	0	0	21	0	0	0	0	0	0	0	0	0	0	0	0	0	0	0	0	0	1	0	0	0	0	0	0	0	0	1	0	0	0	0	1	0
OTU4266	0	0	0	0	0	0	0	0	0	0	0	0	0	0	0	0	0	0	0	0	0	0	0	0	0	0	0	0	0	0	0	0	0	0	0	0	0	0	0	0	0	0	0	0	0	0	0	0	0	0	0	0	0	0	0	1	0	0	0	0	0	0	0	0	0	26	0	0	0	0	0	0	0	0	0	0	0	0	0	0	0	0	0	0	0	0	0	0	0	0	0	0	0	0	0	0	0	0	0	0	0	0
OTU4267	0	0	0	0	0	0	0	0	0	0	0	0	0	0	0	0	0	0	0	0	0	0	0	0	0	0	0	0	0	0	0	0	0	0	0	0	0	0	0	0	0	0	0	0	0	0	0	0	0	0	0	0	0	0	0	0	0	0	0	0	0	0	0	0	0	17	0	5	0	0	0	0	0	0	0	0	0	0	0	0	0	0	0	0	0	0	0	0	0	0	0	0	0	0	0	0	0	0	0	0	0	0
OTU4268	0	0	0	0	0	0	0	0	0	0	0	0	0	0	0	0	0	0	0	0	0	0	0	0	0	0	0	0	0	0	0	0	0	0	0	0	0	0	0	0	0	0	0	0	0	0	0	0	0	0	0	0	0	0	0	0	0	0	0	0	0	0	0	0	0	20	0	0	0	0	0	0	0	0	0	0	0	0	0	0	0	0	0	0	0	0	0	0	0	0	0	0	0	0	0	0	0	0	0	0	0	0
OTU4269	0	0	0	0	0	0	0	0	1	0	0	0	0	0	0	0	0	0	0	0	0	0	0	0	0	0	0	0	0	0	3	0	0	0	0	0	0	0	0	0	0	0	0	0	1	1	2	0	0	0	0	0	0	0	4	2	0	0	5	0	0	0	0	0	0	19	2	0	0	0	0	0	0	0	0	0	0	0	0	0	0	0	0	0	0	0	0	0	0	0	0	0	0	1	0	0	0	0	0	0	0	7
OTU427	0	1	2	0	0	0	0	1	0	0	1	0	0	2	1	0	0	0	1	0	1	0	1	0	1	0	1	14	3	53	13	1	4	10	3	4	5	0	14	4	49	10	51	29	80	107	84	44	27	17	1	6	10	31	21	64	4	31	26	1	4	2	0	1	1	13	1	8	1	0	6	36	4	21	3	7	6	0	27	0	4	30	37	21	6	37	0	9	2	8	37	29	92	21	33	45	45	2	3	167	77	104
OTU4270	0	0	0	0	0	0	0	0	0	0	0	0	0	0	0	0	0	0	0	0	0	0	0	0	0	0	0	0	0	0	0	0	0	0	0	0	0	0	0	0	0	0	0	0	0	0	0	0	0	0	0	0	0	0	0	0	0	0	0	0	0	0	0	0	1	11	0	0	0	0	0	0	0	0	0	0	0	0	0	0	0	0	0	0	0	0	0	0	0	0	0	0	0	0	0	0	0	0	0	0	0	0
OTU4271	0	0	0	0	0	0	0	0	0	0	0	0	0	0	1	0	0	0	1	0	0	0	0	0	0	0	0	3	0	0	0	0	0	0	1	0	0	0	0	0	0	1	0	0	0	0	1	0	0	0	0	0	0	0	0	0	2	0	0	0	0	0	0	2	1	8	1	13	0	0	0	0	0	0	0	0	0	0	0	0	0	0	0	0	0	0	0	0	0	0	0	0	0	2	0	0	0	0	3	0	0	2
OTU4272	0	0	0	0	0	0	0	0	0	0	0	0	0	0	0	0	0	0	0	0	0	0	0	0	0	0	0	0	0	0	0	0	0	0	0	0	0	0	0	0	0	0	0	0	0	0	0	0	0	0	0	0	0	0	0	0	0	0	5	0	0	0	0	0	0	21	0	0	0	0	0	0	0	0	0	0	0	0	0	0	0	0	0	0	0	0	0	0	0	0	0	0	0	0	0	0	0	0	0	0	0	0
OTU4273	0	0	0	0	0	0	0	0	0	0	0	0	0	0	0	0	0	0	0	0	0	0	0	0	0	0	0	0	0	0	0	0	0	0	0	0	0	0	0	0	0	0	0	0	0	0	0	0	0	0	0	0	0	0	0	0	0	0	0	0	0	0	0	0	0	12	0	5	13	0	0	0	0	0	0	0	0	0	0	0	0	0	0	0	0	0	0	0	0	0	0	0	0	0	0	0	1	0	0	0	0	0
OTU4274	0	0	0	0	0	0	0	0	0	0	0	0	0	0	0	0	0	0	0	0	0	0	0	0	0	0	0	0	0	0	0	0	0	0	0	0	0	0	0	0	0	0	0	0	0	0	0	0	0	0	0	0	0	0	0	0	0	0	0	0	0	0	1	0	0	2	9	0	1	0	0	0	0	0	0	0	0	0	0	0	0	0	0	0	0	0	0	0	0	0	0	0	0	0	0	0	0	4	11	0	18	11
OTU4275	0	0	0	0	0	0	0	0	0	0	0	0	0	0	0	0	0	0	0	0	0	0	0	0	0	0	0	0	0	0	0	0	0	0	0	0	0	0	0	0	0	0	0	0	0	0	0	0	0	0	0	0	0	0	0	0	3	1	0	0	0	0	0	1	1	7	113	51	6	0	0	0	0	0	0	0	0	0	0	0	0	0	0	0	0	0	0	0	0	0	0	0	0	0	0	0	0	0	0	0	0	0
OTU4276	0	0	0	0	0	0	0	0	0	0	0	0	0	0	0	0	0	0	0	0	0	0	0	0	0	0	0	0	0	0	0	0	0	0	0	0	0	0	0	0	0	0	0	0	0	0	0	0	0	0	0	0	0	0	0	0	1	0	0	0	0	0	0	0	1	0	35	0	0	0	0	0	0	0	0	0	0	0	0	0	0	0	0	0	0	0	0	0	0	0	0	0	0	0	0	0	0	0	0	0	0	0
OTU4277	0	0	0	0	0	0	0	0	0	0	0	0	0	0	0	0	0	0	0	0	0	0	0	0	0	0	0	0	0	0	0	0	0	0	1	0	0	0	0	0	0	0	0	0	0	0	0	0	0	0	0	0	0	0	0	0	0	0	0	0	0	0	0	0	0	0	34	14	0	0	0	0	0	0	0	0	0	0	0	0	0	0	0	0	0	0	0	0	0	0	0	0	0	0	0	0	0	0	0	0	0	0
OTU4278	0	0	0	0	0	0	0	0	0	0	0	0	0	0	0	0	0	0	0	0	0	0	0	0	0	0	0	0	0	0	0	0	0	0	2	0	0	0	0	0	0	0	0	0	0	0	0	0	0	0	0	0	0	0	0	0	0	0	0	0	0	0	0	0	0	0	14	8	0	0	0	0	0	0	0	0	0	0	0	0	0	0	0	0	0	0	0	0	0	0	0	0	0	0	0	0	0	0	0	0	0	0
OTU4279	0	0	0	0	0	0	0	0	0	0	0	0	0	0	0	0	0	0	0	0	0	0	0	0	0	0	0	0	0	0	0	0	0	0	0	0	0	0	0	0	0	0	0	0	0	0	0	0	0	0	0	0	0	0	0	0	0	0	0	0	0	0	0	0	0	0	31	0	0	0	0	0	0	0	0	0	0	0	0	0	0	0	0	0	0	0	0	0	0	0	0	0	0	0	0	0	0	0	0	0	0	0
OTU428	0	1	0	0	0	0	0	0	0	0	0	0	0	5	0	2	4	0	0	0	1	0	1	0	1	0	11	25	25	13	0	0	0	1	0	3	0	14	0	0	9	0	3	26	44	18	12	74	0	0	3	4	5	6	43	46	397	86	39	5	2	0	0	4	36	99	98	120	67	6	0	2	6	1	1	1	5	2	1	3	4	266	20	7	3	38	4	7	7	4	1	4	105	60	29	30	168	5	2	0	23	13
OTU4280	0	0	0	0	0	0	0	0	0	0	0	0	0	0	0	0	0	0	0	0	0	0	0	0	0	0	0	0	0	0	0	0	0	0	0	0	0	0	0	0	0	0	0	0	0	0	0	0	0	0	0	0	0	0	0	0	0	0	0	0	0	0	0	0	0	0	5	23	0	0	0	0	0	0	0	0	0	0	0	0	0	0	0	0	0	0	0	0	0	0	0	0	0	0	0	0	0	0	0	0	0	0
OTU4281	0	0	0	0	0	0	0	0	0	0	0	0	0	0	0	0	0	0	0	0	0	0	0	0	0	0	0	0	0	0	0	0	0	0	0	0	0	0	0	0	0	0	0	0	0	0	0	0	0	0	0	0	0	0	0	0	0	0	0	0	0	0	0	0	1	0	24	0	3	0	0	0	0	0	0	0	0	0	0	0	0	0	0	0	0	0	0	0	0	0	0	0	0	0	0	0	0	0	0	0	0	0
OTU4282	0	0	0	0	0	0	0	0	0	0	0	0	0	0	0	0	0	0	0	0	0	0	0	0	0	0	0	0	0	0	0	0	0	0	0	0	0	0	0	0	0	0	0	0	0	0	0	0	0	0	0	0	0	0	0	0	0	0	0	0	0	0	0	0	0	0	1	0	0	0	0	0	0	0	0	0	0	0	0	0	0	0	0	0	0	0	0	0	0	0	0	0	0	0	0	1	0	0	0	0	30	0
OTU4283	0	0	0	0	0	0	0	0	0	0	0	0	0	0	0	0	0	0	0	0	0	0	0	0	0	0	0	0	0	0	0	0	0	0	0	0	0	0	0	0	0	0	0	0	0	0	0	0	0	0	0	0	0	0	0	0	0	0	0	0	0	0	0	0	0	0	0	31	0	0	0	0	0	0	0	0	0	0	0	0	0	0	0	0	0	0	0	0	0	0	0	0	0	0	0	0	0	0	0	0	0	0
OTU4284	0	0	0	0	0	0	0	0	0	0	0	0	0	0	0	0	0	0	0	0	0	0	0	0	0	0	0	0	0	0	0	0	0	0	0	0	0	0	0	0	0	0	0	0	0	0	0	0	0	0	0	0	0	0	0	0	0	0	0	0	0	0	0	0	0	0	0	29	0	0	0	0	0	0	0	0	0	0	0	0	0	0	0	0	0	0	0	0	0	0	0	0	0	0	0	0	0	0	0	0	0	0
OTU4285	0	0	0	0	0	0	0	0	0	0	0	0	0	0	0	0	0	0	0	0	0	0	0	0	0	0	0	0	0	0	0	0	0	0	0	0	0	0	0	0	0	0	0	0	0	0	0	0	0	0	0	0	0	0	0	0	0	0	0	0	0	0	0	0	0	0	0	29	0	0	0	0	0	0	0	0	0	0	0	0	0	0	0	0	0	0	0	0	0	0	0	0	0	0	0	0	0	0	0	0	0	0
OTU4286	0	0	0	0	0	0	0	0	0	0	0	0	0	0	0	0	0	0	0	0	0	0	0	0	0	0	0	0	0	0	0	0	0	0	0	0	0	0	0	0	0	0	0	0	0	0	0	0	0	0	0	0	0	0	0	0	0	0	3	0	0	0	0	0	3	0	0	0	15	0	0	0	0	0	0	0	0	0	0	0	0	0	0	0	0	0	0	0	0	0	0	0	0	2	0	0	0	0	0	0	0	0
OTU4287	0	0	0	0	0	0	0	0	0	0	0	0	0	0	0	0	0	0	0	0	0	0	0	0	0	0	0	0	0	0	0	0	0	0	0	0	0	0	0	0	0	0	0	0	0	0	0	0	0	0	0	0	0	0	0	0	0	0	0	0	0	0	0	0	2	0	0	0	19	0	0	0	0	0	0	0	0	0	0	0	0	0	0	0	0	0	0	0	0	0	0	0	0	0	0	0	0	0	0	0	0	0
OTU4288	0	0	0	0	0	0	0	0	0	0	0	0	0	0	0	0	0	0	0	0	0	0	0	0	0	0	0	0	0	0	0	0	0	0	0	2	0	0	0	0	0	0	0	0	0	0	0	0	0	0	0	0	0	0	0	0	0	0	1	0	0	0	0	0	0	0	0	0	17	0	0	0	0	0	0	0	0	0	0	0	0	0	0	0	0	0	0	0	0	0	0	0	0	0	0	0	0	3	2	0	0	5
OTU4289	0	0	0	0	0	0	0	0	0	0	0	0	0	0	0	0	0	0	0	0	0	0	0	0	0	0	0	0	0	0	0	0	0	0	1	2	0	0	0	0	0	0	0	1	0	0	0	0	0	0	0	0	0	0	0	0	0	0	1	0	0	0	0	0	0	0	0	0	46	0	0	0	0	0	0	0	0	0	0	0	0	0	0	0	0	0	0	0	0	0	0	0	0	1	0	0	0	0	1	0	0	0
OTU429	0	0	0	0	0	0	2	0	1	0	0	1	2	0	0	0	0	2	4	1	2	0	0	0	1	0	18	9	15	17	27	0	3	0	1	1	1	2	4	1	21	20	17	5	40	3	27	0	2	14	1	1	8	17	14	31	53	24	10	2	0	0	0	1	57	108	64	8	56	21	12	24	0	2	25	2	5	12	32	0	16	7	7	1	10	18	16	14	5	12	8	12	3	17	13	36	29	1	98	377	75	149
OTU4290	0	0	0	0	0	0	0	0	0	0	0	0	0	0	0	0	0	0	0	0	0	1	0	0	0	0	0	1	0	0	0	0	0	0	0	0	0	0	0	0	0	0	0	8	0	0	2	4	0	1	0	0	0	0	4	0	0	4	0	0	0	0	0	0	0	1	0	12	25	0	0	0	0	0	0	0	1	0	0	0	0	4	0	4	0	0	0	1	0	0	0	0	8	0	0	0	13	0	0	0	0	0
OTU4291	0	0	0	0	0	0	0	0	0	0	0	0	0	0	7	0	0	0	0	0	0	0	0	0	0	0	0	0	0	0	0	0	0	0	0	0	0	0	0	0	0	0	0	0	0	0	0	0	0	1	0	0	0	0	0	0	3	0	0	0	0	0	0	0	0	0	0	0	0	36	1	0	0	0	0	0	0	0	0	0	0	0	0	0	0	0	0	0	0	2	0	0	0	0	0	1	0	0	0	0	0	0
OTU4292	0	0	0	0	0	0	0	0	0	0	0	0	0	0	0	0	0	0	0	0	0	0	0	0	0	0	0	0	0	0	0	0	0	0	0	0	0	0	0	0	0	0	0	0	0	0	0	0	0	0	0	0	0	0	0	0	0	0	0	0	0	0	0	0	0	0	0	0	0	0	21	0	0	0	0	0	0	10	0	0	0	0	0	0	0	0	0	0	1	0	0	0	0	0	0	0	0	0	0	0	0	0
OTU4293	0	0	0	0	0	0	0	0	0	0	0	0	0	0	0	0	0	0	0	0	0	0	0	0	0	0	0	0	0	0	0	0	0	0	0	0	0	0	0	0	0	0	0	0	0	0	0	0	0	0	0	0	1	0	0	0	0	0	0	0	0	0	0	0	0	0	0	0	0	0	0	3	0	0	0	0	13	8	0	12	0	0	0	0	0	0	0	0	0	0	0	0	0	0	0	1	0	0	0	0	0	0
OTU4294	0	0	0	0	0	0	0	0	0	0	0	0	0	0	0	0	0	0	0	0	0	0	0	0	0	0	0	0	0	0	0	0	0	0	0	0	0	0	0	0	0	0	0	0	0	0	0	0	0	0	0	0	0	0	0	0	0	0	0	0	0	0	0	0	0	0	0	0	0	0	0	0	0	14	0	0	0	0	0	0	0	0	0	0	0	0	0	0	0	0	0	0	0	0	0	0	0	0	0	0	0	0
OTU4295	0	0	0	0	0	0	0	0	0	0	0	0	0	0	0	0	0	0	1	0	0	0	0	0	0	0	0	0	0	0	0	0	0	0	0	0	0	0	0	0	0	0	0	0	0	0	0	0	0	0	0	0	0	0	2	0	3	0	0	0	0	0	0	0	0	0	1	0	0	0	0	0	0	0	0	1	0	0	2	0	1	0	0	0	0	0	0	0	1	0	0	0	1	22	1	0	0	0	0	0	0	0
OTU4296	0	0	0	0	0	0	0	0	0	0	0	0	0	0	0	0	0	0	0	0	0	0	0	0	0	0	0	0	0	0	0	0	0	0	0	0	0	9	0	0	6	0	0	0	0	1	0	0	0	0	3	0	2	2	0	0	0	0	0	0	0	0	0	0	0	0	0	0	0	0	0	4	0	0	0	2	10	0	0	0	0	1	0	0	0	1	0	4	6	0	0	0	0	0	0	0	0	0	0	0	0	0
OTU4297	0	0	0	0	0	0	0	0	0	0	0	0	0	0	0	0	0	0	0	0	0	0	0	0	0	0	0	0	0	0	0	0	0	0	0	0	0	0	0	0	0	0	0	0	0	0	0	0	0	3	0	0	0	0	0	0	0	0	0	0	0	0	0	0	0	0	0	0	0	0	0	0	0	0	0	0	20	0	0	0	0	0	0	0	0	0	0	0	0	0	0	0	0	1	0	0	0	0	0	0	0	0
OTU4298	0	2	0	0	0	0	0	0	0	0	0	0	0	0	0	0	0	0	0	0	0	0	0	0	0	0	0	0	0	0	0	0	0	0	0	0	0	0	0	0	0	0	0	0	0	1	0	0	0	0	0	0	0	0	1	0	0	0	3	0	0	0	0	0	0	0	0	0	0	0	1	0	0	0	0	0	49	0	0	0	0	0	3	0	0	1	0	26	0	0	0	0	0	0	0	4	0	0	0	0	0	0
OTU4299	0	0	0	0	0	0	0	0	0	0	0	0	0	0	0	0	0	0	0	0	0	0	0	0	0	0	18	0	0	0	0	0	0	0	0	0	0	0	0	0	0	0	0	0	0	0	0	3	0	0	0	0	0	0	0	0	0	0	0	0	0	0	0	0	0	0	0	0	0	0	0	0	0	0	0	0	1	0	0	1	0	0	0	18	0	0	0	0	0	0	0	0	0	1	0	0	0	0	0	0	0	0
OTU43	0	10	4	1	2	2	29	65	5	4	11	14	7	23	1	1	4	2	14	1	49	73	25	19	28	19	249	570	775	376	197	16	35	26	120	23	1916	701	302	0	4952	293	934	226	219	442	184	116	127	166	264	505	338	208	428	455	826	280	484	45	28	9	16	40	2810	1955	4389	1127	4731	489	1614	397	222	226	644	1482	467	1486	620	378	201	339	828	84	130	183	4352	567	1208	873	196	230	264	265	139	412	318	427	398	43	1299	403
OTU430	0	1	0	0	0	1	0	0	0	0	1	3	0	0	0	0	0	0	1	0	0	0	0	2	0	0	4	7	12	20	1	1	4	0	0	0	0	3	88	0	129	10	7	76	97	17	1	7	23	8	2	29	28	28	16	8	206	12	1	0	0	1	1	0	0	0	9	0	0	1	9	15	44	12	2	9	52	73	13	0	64	5	43	24	11	23	50	26	9	17	12	10	43	67	33	57	47	1	5	1	6	0
OTU4300	0	0	0	0	0	0	0	0	0	0	0	0	0	0	0	0	0	0	0	0	0	0	0	0	0	0	0	0	0	0	0	0	0	0	0	0	0	0	0	0	0	0	0	0	0	0	0	0	0	0	0	0	0	0	0	0	0	0	0	0	0	0	0	0	0	0	0	0	0	8	0	0	0	0	0	0	0	18	0	0	0	0	0	0	0	0	0	0	23	0	0	0	0	0	0	0	0	0	0	0	0	0
OTU4301	0	0	0	0	0	0	0	0	0	0	0	0	0	0	0	0	0	0	0	0	0	0	0	0	0	0	0	1	0	0	0	0	0	0	0	0	0	0	0	0	0	0	0	3	0	0	0	2	2	0	0	0	2	0	0	0	0	0	2	0	0	0	0	0	0	0	0	0	0	0	0	0	0	0	0	0	0	0	5	0	0	1	11	0	0	0	0	0	0	0	0	0	0	0	5	0	0	0	0	0	0	0
OTU4302	0	0	0	0	0	0	0	0	0	0	0	0	0	0	0	0	0	0	0	0	0	0	0	0	0	0	0	0	0	0	0	0	0	0	0	0	0	0	0	0	0	0	0	0	0	0	0	0	0	0	0	0	0	0	0	0	0	0	0	0	0	0	0	0	0	0	0	0	0	0	0	0	0	0	0	0	0	0	0	14	0	0	0	0	0	0	0	0	0	0	0	0	0	0	0	0	0	0	0	0	0	0
OTU4303	0	0	0	0	0	0	0	0	0	0	0	0	0	0	0	0	0	0	0	0	0	0	0	0	0	0	0	0	0	0	0	0	0	0	0	0	0	0	0	0	0	0	0	0	0	0	0	1	0	0	0	0	0	0	0	0	0	0	0	3	0	0	0	0	0	0	0	0	0	0	0	0	0	0	0	0	0	0	0	0	0	28	0	5	0	0	0	0	0	0	0	0	0	0	0	0	0	0	0	0	0	0
OTU4304	0	0	0	0	0	0	0	0	0	0	1	0	0	0	0	0	2	0	0	0	0	0	0	0	0	0	0	0	0	1	0	0	0	0	0	0	0	0	0	0	0	6	0	0	0	0	0	1	0	0	0	53	0	0	0	0	0	3	0	0	5	0	0	0	0	0	0	0	0	2	0	0	0	3	1	0	0	0	3	0	0	0	52	0	0	0	1	0	0	1	0	0	0	0	1	1	0	0	0	0	0	0
OTU4305	0	1	0	0	0	0	0	0	0	0	0	0	0	0	0	0	0	0	0	0	0	0	0	0	0	0	4	0	4	0	0	0	0	0	0	0	0	0	0	0	0	0	0	0	2	0	0	0	0	0	0	1	0	1	0	0	0	0	0	0	0	0	0	0	0	0	0	0	0	0	0	0	0	0	0	0	0	0	0	0	0	0	0	30	0	0	0	0	1	0	0	0	0	0	0	0	0	0	0	0	0	0
OTU4306	0	0	0	0	0	0	0	0	0	0	0	0	0	0	0	0	0	0	0	0	0	0	0	0	0	0	0	0	0	0	0	0	0	0	0	0	0	0	0	0	0	0	0	0	0	0	0	0	0	0	0	0	0	0	0	0	0	0	0	0	0	0	0	0	0	0	0	0	0	0	0	0	0	0	0	0	0	0	0	0	0	0	0	0	20	0	0	0	0	0	0	0	0	0	0	0	0	0	0	0	0	0
OTU4307	0	0	0	0	0	0	0	0	0	0	0	0	0	0	0	0	0	0	0	0	0	0	0	0	0	0	0	0	0	0	0	0	0	0	0	0	0	0	0	0	0	0	0	0	0	0	0	0	0	0	0	0	0	0	0	0	0	0	0	0	0	0	1	0	0	0	0	0	0	0	0	0	0	0	0	0	0	0	0	0	0	0	0	0	25	0	0	0	0	0	0	0	0	0	0	0	0	0	0	0	0	0
OTU4308	0	0	0	0	0	0	0	0	0	0	0	0	0	0	0	0	0	0	0	0	0	0	0	0	0	0	0	0	0	0	0	0	0	0	0	0	0	0	0	0	0	0	0	0	0	0	0	0	2	1	0	0	0	1	0	0	0	0	0	0	0	0	0	0	0	0	0	0	0	0	0	0	0	0	0	0	0	0	0	0	0	2	0	0	0	0	9	1	4	0	2	0	0	0	0	0	0	0	0	0	0	0
OTU4309	0	0	0	0	0	0	0	0	0	0	0	0	0	0	0	0	0	0	0	0	0	0	0	0	0	0	0	0	0	0	0	0	0	0	0	0	0	0	0	0	0	0	0	0	0	0	0	0	0	0	0	0	0	0	0	0	0	0	0	0	0	0	0	0	0	0	0	0	0	0	0	0	0	0	0	0	0	0	0	0	0	0	0	0	0	0	21	0	0	0	0	0	0	0	0	0	0	0	0	0	0	0
OTU431	0	0	1	1	0	2	0	13	0	0	1	0	0	0	0	2	0	2	0	0	0	0	0	2	2	0	32	4	1	52	43	0	3	1	8	6	1	1	86	0	654	16	49	4	12	1	4	224	94	39	15	81	3	13	17	11	12	33	13	0	2	0	0	2	1	0	1	2	1	4	81	28	48	40	2	41	1	94	13	5	6	6	16	15	13	50	72	64	14	80	21	10	14	124	34	33	12	0	1	155	2	1
OTU4310	0	0	0	0	0	0	0	0	0	0	0	0	0	0	0	0	0	0	0	0	0	0	0	0	0	0	0	0	0	0	0	0	0	0	0	0	0	0	3	0	0	0	0	0	0	0	0	0	0	0	0	0	0	0	0	0	0	0	0	0	0	0	0	1	0	0	0	0	0	0	0	0	0	0	0	0	0	0	0	0	0	0	0	0	0	0	3	5	0	7	7	6	0	0	0	2	5	0	0	0	5	0
OTU4311	0	0	0	0	0	0	0	0	0	0	0	0	0	0	0	0	0	0	0	0	0	0	0	0	0	0	0	0	0	0	0	0	0	0	0	0	0	0	0	0	0	0	0	0	0	0	0	0	0	0	0	0	0	0	0	0	0	0	0	0	0	0	0	0	0	0	0	0	0	0	0	0	0	0	0	0	0	0	0	0	0	0	0	0	0	0	0	0	0	0	0	0	0	0	2	0	0	0	0	25	0	0
OTU4312	0	0	0	0	0	0	0	0	0	0	0	0	0	0	0	0	0	0	0	0	0	0	0	0	0	0	0	0	0	0	0	0	0	0	0	0	0	0	0	0	0	0	0	0	0	0	0	0	0	0	0	0	0	0	0	0	0	0	0	0	0	0	0	0	0	0	0	4	0	0	0	0	0	0	0	0	0	0	0	0	0	0	0	0	0	0	0	0	0	0	0	0	0	0	2	0	0	0	0	26	0	0
OTU4313	0	0	0	0	0	0	0	0	0	0	0	0	0	0	0	0	0	0	0	0	0	0	0	0	0	0	0	0	0	0	0	0	0	0	0	0	0	0	0	0	0	0	0	0	0	0	0	0	0	0	0	0	0	0	0	0	0	0	0	0	0	0	0	0	0	0	0	0	0	0	0	0	0	0	0	0	0	0	0	0	0	0	0	0	0	0	0	0	0	0	0	0	0	0	0	0	2	0	0	0	0	20
OTU4314	0	0	0	0	0	0	0	0	0	0	0	0	0	1	0	0	0	0	0	0	4	0	0	0	0	0	0	0	0	0	0	0	0	0	0	0	0	0	0	0	0	0	0	0	0	0	0	0	0	0	0	0	0	0	0	0	0	0	0	0	0	0	0	0	0	0	0	0	0	0	0	0	0	0	0	0	0	0	0	0	0	0	0	0	0	0	0	0	0	0	0	0	0	0	0	0	2	2	2	0	13	30
OTU4315	0	0	0	0	0	0	0	0	0	0	0	0	0	0	0	0	0	0	0	0	0	0	0	0	0	0	0	0	0	0	0	0	0	0	0	0	0	0	0	0	0	1	0	0	0	0	0	0	3	0	2	0	0	0	1	1	0	0	0	0	0	0	0	0	10	0	0	0	2	0	0	0	0	0	0	0	0	0	0	0	0	5	0	0	0	0	0	0	0	0	0	0	0	0	0	0	1	0	6	0	24	24
OTU4316	0	0	0	0	0	0	0	0	0	0	0	0	0	0	0	0	0	0	0	0	0	0	0	0	0	0	0	0	0	0	0	0	0	0	0	0	0	0	0	0	0	0	0	0	0	0	0	0	0	0	0	0	0	0	0	0	0	0	0	0	0	0	0	0	0	0	0	0	0	0	0	0	0	0	0	0	0	0	0	0	0	0	0	0	0	0	0	0	0	0	0	0	0	0	0	0	0	37	0	0	0	0
OTU4317	0	0	0	0	0	0	0	0	0	0	0	0	0	0	0	0	0	0	0	0	0	0	0	0	0	0	0	0	0	0	0	0	0	0	0	0	0	0	0	0	0	0	0	0	0	0	0	0	0	0	0	0	0	0	0	0	0	0	0	1	0	0	0	0	0	0	0	0	0	0	0	0	0	0	0	0	0	0	0	0	0	0	0	0	0	0	0	0	0	0	0	0	1	0	0	0	0	48	0	0	0	0
OTU4318	0	0	0	0	0	0	0	0	0	0	0	0	0	0	0	0	0	0	0	0	0	0	0	0	0	0	0	0	0	0	0	0	0	0	0	0	0	0	0	0	0	0	0	0	0	0	0	0	0	0	0	0	0	0	0	0	0	0	0	0	0	0	0	0	0	0	0	0	0	0	0	0	0	0	0	0	0	0	0	0	0	0	0	6	0	0	0	0	0	0	0	0	1	0	0	0	0	18	1	0	1	0
OTU4319	0	0	0	0	0	0	0	0	0	0	0	0	0	0	0	0	0	0	0	0	0	0	0	0	0	0	0	0	0	0	0	0	0	0	0	0	0	0	0	0	0	0	0	0	0	0	0	0	0	0	0	0	0	0	0	0	0	0	0	0	0	0	0	0	0	0	0	0	0	0	0	0	0	0	0	0	0	0	0	0	0	0	0	0	0	0	0	0	0	0	0	0	0	0	0	0	0	12	0	0	0	0
OTU432	0	4	7	0	0	0	1	0	0	4	3	0	1	0	3	0	0	0	1	0	0	0	0	0	0	0	5	78	4	33	41	0	0	0	1	0	38	92	69	0	487	45	23	20	7	26	11	24	29	31	2	24	19	12	23	22	101	30	16	1	0	6	0	1	0	0	3	0	0	31	6	10	50	13	18	74	53	300	128	30	29	25	12	100	39	5	65	123	203	62	18	8	9	60	301	16	64	0	0	3	0	0
OTU4320	0	0	0	0	0	0	0	0	0	0	0	0	0	0	0	0	0	0	0	0	0	0	0	0	0	0	0	0	0	0	0	0	0	0	0	0	0	0	0	0	0	0	0	0	0	0	0	0	0	0	0	0	0	0	0	0	0	0	0	0	0	0	0	0	0	0	0	0	0	0	0	0	0	0	0	0	0	0	0	0	0	0	0	0	0	0	0	0	0	0	0	0	0	0	0	0	0	0	25	0	0	0
OTU4321	0	0	0	0	0	0	0	0	0	0	0	0	0	0	0	0	0	0	0	0	0	0	0	0	0	0	0	0	0	0	0	0	0	0	0	0	0	0	0	0	0	0	0	0	0	0	0	0	0	0	0	0	0	0	0	0	0	0	0	0	0	0	0	0	0	0	0	0	0	0	0	0	0	0	0	0	0	0	0	0	0	0	0	0	0	0	0	0	0	0	0	0	0	0	0	0	0	0	27	0	0	0
OTU4322	0	0	0	0	0	0	0	0	0	0	0	0	0	0	0	0	0	0	0	0	0	0	0	0	0	0	0	0	0	0	0	0	0	0	0	0	0	0	0	0	0	0	0	0	0	0	0	0	0	0	0	0	0	0	0	0	0	0	0	0	0	0	0	0	0	0	0	0	0	0	0	0	0	0	0	0	0	0	0	0	0	0	0	0	0	0	0	0	0	0	0	0	0	0	0	0	0	0	34	0	0	0
OTU4323	0	0	0	0	0	0	0	0	0	0	0	0	0	0	0	0	0	0	0	0	0	0	0	0	0	0	0	0	0	0	0	0	0	0	0	0	0	0	0	0	0	0	0	0	0	0	0	0	0	0	0	0	0	0	0	0	0	0	0	0	0	0	0	0	0	0	0	0	0	0	0	0	0	0	0	0	0	0	0	0	0	0	0	0	0	0	0	0	0	0	0	0	0	0	0	0	0	0	45	0	0	0
OTU4324	0	0	0	0	0	0	0	0	0	0	0	0	0	0	0	0	0	0	0	0	0	0	0	0	0	0	0	0	0	0	0	0	0	0	0	0	0	0	0	0	0	0	0	0	0	0	0	0	0	0	0	0	0	0	0	0	0	0	0	0	0	0	0	0	1	0	0	0	0	0	0	0	0	0	0	0	0	0	0	0	0	0	0	0	0	0	0	0	0	0	0	0	0	0	0	0	0	0	6	0	0	14
OTU4325	0	0	0	0	0	0	0	0	0	0	0	0	0	0	0	0	0	0	0	0	0	0	0	0	0	0	0	0	0	0	0	0	0	2	0	0	0	0	0	0	0	0	0	0	0	0	0	0	0	0	0	0	0	0	1	0	0	0	0	0	0	0	0	0	0	0	0	0	0	0	0	0	0	0	0	0	0	0	0	0	0	0	0	0	0	0	0	0	0	0	0	0	0	1	0	0	0	0	14	0	0	0
OTU4326	0	0	0	0	0	0	0	0	0	0	0	0	0	0	0	0	0	0	0	0	0	0	0	0	0	0	0	0	0	0	0	0	0	0	0	0	0	0	0	0	0	0	0	0	0	0	0	0	0	0	0	0	0	0	0	0	0	0	0	0	0	0	0	0	0	0	0	0	0	0	0	0	0	0	0	0	0	0	0	0	0	0	0	0	0	0	0	0	0	0	0	0	0	0	0	0	0	0	34	0	0	0
OTU4327	0	0	0	0	0	0	0	0	0	0	0	0	0	0	0	0	0	0	0	0	0	0	0	0	0	0	0	0	0	0	0	0	0	0	0	0	0	0	0	0	0	0	0	0	0	0	0	0	0	0	0	0	0	0	0	0	0	0	0	0	0	0	0	0	0	0	0	0	0	0	0	0	0	0	0	0	0	0	0	0	0	0	0	0	0	0	0	0	0	0	0	0	0	1	0	0	0	0	13	0	0	0
OTU4328	0	0	0	0	0	0	0	0	0	0	0	0	0	0	0	0	0	0	0	0	0	0	1	0	0	0	0	0	0	0	0	0	0	0	0	0	0	0	0	0	0	0	0	0	0	0	0	2	0	0	0	0	0	0	0	0	0	0	0	0	0	0	0	0	0	0	0	0	0	0	0	0	0	0	0	0	0	0	0	0	0	0	0	0	6	0	0	0	0	0	0	0	0	1	0	0	0	0	26	0	12	0
OTU4329	0	0	0	0	0	0	0	0	0	0	0	0	0	0	0	0	0	0	0	0	0	0	0	0	0	0	0	0	0	0	0	0	0	0	0	0	0	0	0	0	0	0	0	0	0	0	0	0	0	0	0	0	0	0	0	0	0	0	0	0	0	0	0	0	0	0	0	0	0	0	0	0	0	0	0	0	0	0	0	0	0	0	0	0	0	0	0	0	0	0	0	0	0	0	0	0	0	0	24	0	0	0
OTU433	0	1	0	0	0	0	2	0	0	0	0	1	0	0	0	0	0	1	1	0	0	1	0	1	0	0	1	4	4	4	10	0	2	0	2	0	29	3	11	0	270	26	16	3	6	1	4	1	2	14	43	5	1	13	21	1	11	11	9	1	0	0	0	2	16	5	7	8	4	2	24	26	2	6	0	24	96	373	14	1	4	12	13	16	3	1	94	107	33	0	31	5	1	3	3	1	0	0	0	0	0	0
OTU4330	0	0	0	0	0	0	0	0	0	0	0	0	0	0	0	0	0	0	0	0	0	0	0	0	0	0	0	0	0	0	0	0	0	0	0	0	0	0	0	0	0	0	0	0	0	0	0	0	0	0	0	0	0	0	0	0	0	0	0	0	0	0	0	0	0	0	0	0	0	0	0	0	0	0	0	0	0	0	0	0	0	0	0	0	0	0	0	0	0	0	0	0	0	0	0	0	0	0	33	0	0	0
OTU4331	0	0	0	0	0	0	0	0	0	0	0	0	0	0	0	0	0	0	0	0	0	0	0	0	0	0	0	0	0	0	1	0	0	0	0	0	0	0	0	0	0	0	0	0	0	0	0	0	0	0	0	0	0	0	0	0	0	0	0	0	0	0	0	0	0	0	0	0	0	0	0	0	0	0	0	0	0	0	0	0	0	0	0	0	0	0	0	0	0	0	0	0	0	0	0	0	0	0	0	38	0	0
OTU4332	0	0	0	0	0	0	0	0	0	0	0	0	0	0	0	0	0	0	0	0	0	0	0	0	0	0	0	0	0	0	0	0	0	0	0	0	0	0	0	0	0	0	0	0	0	0	0	0	0	0	0	0	0	0	0	0	0	0	0	0	0	0	0	0	0	0	0	0	0	0	0	0	0	0	0	0	0	0	0	0	0	0	0	0	0	0	0	0	0	0	0	0	0	0	0	0	0	0	0	47	0	0
OTU4333	0	0	0	0	0	0	0	0	0	0	0	0	0	0	0	0	0	0	0	0	0	0	0	0	0	0	0	0	0	0	0	0	0	0	0	0	0	0	0	0	0	0	0	0	0	0	0	0	0	0	0	0	0	0	0	0	0	0	0	0	0	0	0	0	0	0	0	0	0	0	0	0	0	0	0	0	0	0	0	0	0	0	0	0	0	0	0	0	0	0	0	0	0	0	0	0	0	0	0	27	0	0
OTU4334	0	0	0	0	0	0	0	0	0	0	0	0	0	0	0	0	0	0	1	0	0	0	0	0	0	0	0	0	0	0	0	0	0	0	0	0	0	0	0	0	0	0	0	0	0	0	0	0	0	0	0	0	0	0	0	0	0	0	0	0	0	0	0	0	0	0	0	0	0	0	0	0	0	0	0	0	0	0	0	0	0	0	0	0	0	0	0	0	0	0	0	0	0	0	0	0	0	0	2	39	0	5
OTU4335	0	0	0	0	0	0	0	0	0	0	0	0	0	0	0	0	0	0	0	0	0	0	0	0	0	0	0	0	0	0	0	0	0	0	0	0	0	0	0	0	0	0	0	0	0	0	0	0	0	0	0	0	0	0	0	0	0	0	0	0	0	0	0	0	0	0	0	0	0	0	0	0	0	0	0	0	0	0	0	0	0	0	0	0	0	0	0	0	0	0	0	0	0	0	0	0	0	0	0	22	0	0
OTU4336	0	0	0	0	0	0	0	0	0	0	0	0	0	0	0	0	0	0	0	0	0	0	0	0	0	0	0	0	0	0	0	0	0	0	0	0	0	0	0	0	0	0	0	0	0	0	0	0	0	0	0	0	0	0	0	0	0	0	0	0	0	0	0	0	0	0	0	0	0	0	0	0	0	0	0	0	0	0	0	0	0	0	0	0	0	0	0	0	0	0	0	0	0	0	0	0	0	0	0	23	0	0
OTU4337	0	0	0	0	0	0	0	0	0	0	0	0	0	0	0	0	0	0	0	0	0	0	0	0	0	0	0	0	0	0	0	0	0	0	0	0	0	0	0	0	0	0	0	0	0	0	0	0	0	0	0	0	0	0	0	0	0	0	0	0	0	0	0	0	0	0	0	0	0	0	0	0	0	0	0	0	0	0	0	0	0	0	0	0	0	0	0	0	0	0	0	0	0	0	0	0	0	0	0	43	0	0
OTU4338	0	0	0	0	0	0	0	0	0	0	0	0	0	0	0	0	0	0	0	0	0	0	0	0	0	0	0	0	0	0	0	0	0	0	0	0	0	0	0	0	0	0	0	0	0	0	0	0	0	0	0	0	0	0	0	0	0	0	0	0	0	0	0	0	0	0	0	0	0	0	0	0	0	0	0	0	0	0	0	0	0	0	0	0	0	0	0	0	0	0	0	0	0	0	0	0	0	0	0	29	0	0
OTU4339	0	0	0	0	0	0	0	0	0	0	0	0	0	0	0	0	0	0	0	0	0	0	0	0	0	0	0	0	0	0	0	0	0	0	0	0	0	0	0	0	0	0	0	0	0	0	0	0	0	0	0	0	0	0	0	0	0	0	0	0	0	0	0	0	0	0	0	0	0	0	0	0	0	0	0	0	0	0	0	0	0	0	0	0	0	0	0	0	0	0	0	0	0	0	0	0	0	0	0	20	0	0
OTU434	0	1	2	0	0	0	2	0	0	0	0	1	0	0	0	0	0	0	8	1	1	0	0	5	1	3	30	71	26	67	71	0	2	7	12	5	46	38	105	1	113	91	30	42	179	143	44	37	102	37	21	63	44	37	47	38	37	59	56	3	3	2	0	3	6	36	160	117	49	20	28	11	13	17	19	26	6	124	23	24	19	41	38	48	20	44	141	32	133	23	31	33	101	21	35	151	106	12	56	3	82	122
OTU4340	0	0	0	0	0	0	0	0	0	0	0	0	0	0	0	0	0	0	0	0	0	0	0	0	0	0	0	0	0	0	0	0	0	0	0	0	0	0	0	0	0	0	0	0	0	0	0	0	0	0	0	0	0	0	0	0	0	0	0	0	0	0	0	0	0	0	0	0	0	0	0	0	0	0	0	0	0	0	0	0	0	0	0	0	0	0	0	0	0	0	0	0	0	0	0	0	0	0	0	27	0	0
OTU4341	0	0	0	0	0	0	0	0	0	0	0	0	0	0	0	0	0	0	0	0	0	0	0	0	0	0	0	0	0	0	0	0	0	0	0	0	0	0	0	0	0	0	0	0	0	0	0	0	0	0	0	0	0	0	0	0	0	0	0	0	0	0	0	0	0	0	0	0	0	0	0	0	0	0	0	0	0	0	0	0	0	0	0	0	0	0	0	0	0	0	0	0	0	0	0	0	0	0	0	24	0	0
OTU4342	0	0	0	0	0	0	0	0	0	0	0	0	0	0	0	0	0	0	0	0	0	0	0	0	0	0	0	0	0	0	0	0	0	0	0	0	0	0	0	0	0	0	0	0	0	0	0	0	0	0	0	0	0	0	0	0	0	0	0	0	0	0	0	0	0	0	0	0	0	0	0	0	0	0	0	0	0	0	0	0	0	0	0	0	0	0	0	0	0	0	0	0	0	0	0	0	0	0	0	37	0	0
OTU4343	0	0	0	0	0	0	0	0	0	0	0	0	0	0	0	0	0	0	0	0	0	0	0	0	0	0	0	0	0	0	0	0	0	0	0	0	0	0	0	0	0	0	0	0	0	0	0	0	0	0	0	0	0	0	0	0	0	0	0	0	0	0	0	0	0	0	0	0	0	0	0	0	0	0	0	0	0	0	0	0	0	0	0	0	0	0	0	0	0	0	0	0	0	0	0	0	0	0	0	12	0	0
OTU4344	0	0	0	0	0	0	0	0	0	0	0	0	0	0	0	0	0	0	0	0	0	0	0	0	0	0	0	0	0	0	0	0	0	0	0	0	0	0	0	0	0	0	0	0	0	0	0	0	0	0	0	0	0	0	0	0	0	0	0	0	0	0	0	0	0	0	0	0	0	0	0	0	0	0	0	0	0	0	0	0	0	0	0	0	0	0	0	0	0	0	0	0	0	0	0	0	0	0	0	20	0	0
OTU4345	0	0	0	0	0	0	0	0	0	0	0	0	0	0	0	0	0	0	0	0	0	0	0	0	0	0	0	0	0	0	0	0	0	0	0	0	0	0	0	0	0	0	0	0	0	0	0	0	0	0	0	0	0	0	0	0	0	0	0	0	0	0	0	0	0	0	0	0	0	0	0	0	0	0	0	0	0	0	0	0	0	0	0	0	0	0	0	0	0	0	0	0	0	0	0	0	0	0	0	33	0	0
OTU4346	0	0	0	0	0	0	0	0	0	0	0	0	0	0	0	0	0	0	0	0	0	0	0	0	0	0	0	0	0	0	0	0	0	0	0	0	0	0	0	0	0	0	0	0	0	0	0	0	0	0	0	0	0	0	0	0	0	0	0	0	0	0	0	0	0	0	0	0	0	0	0	0	0	0	0	0	0	0	0	0	0	0	0	0	0	0	0	0	0	0	0	0	0	0	0	0	0	0	0	26	0	0
OTU4347	0	0	0	0	0	0	0	0	0	0	0	0	0	0	0	0	0	0	0	0	0	0	0	0	0	0	0	0	0	0	0	0	0	0	0	0	0	0	0	0	0	0	0	0	0	0	0	0	0	0	0	0	0	0	0	0	0	0	0	0	0	0	0	0	0	0	0	0	0	0	0	0	0	0	0	0	0	0	0	0	0	0	0	0	0	0	0	0	0	0	0	0	0	0	0	0	0	0	0	23	0	0
OTU4348	0	0	0	0	0	0	0	0	0	0	0	0	0	0	0	0	0	0	0	0	0	0	0	0	0	0	0	0	0	0	0	0	0	0	0	0	0	0	0	0	0	0	0	0	0	0	0	0	0	0	0	0	0	0	0	0	0	0	0	0	0	0	0	0	0	0	0	0	0	0	0	0	0	0	0	0	0	0	0	0	0	0	0	0	0	0	0	0	0	0	0	0	0	0	0	0	0	0	0	15	0	0
OTU4349	0	0	0	0	0	0	0	0	0	0	0	0	0	0	0	0	0	0	0	0	0	0	0	0	0	0	0	0	0	0	0	0	0	0	0	0	0	0	0	0	0	0	0	0	0	0	0	0	0	0	0	0	0	0	0	0	0	0	0	0	0	0	0	0	0	0	0	0	0	0	0	0	0	0	0	0	0	0	0	0	0	0	0	0	0	0	0	0	0	0	0	0	0	0	0	0	0	0	0	18	0	0
OTU435	0	5	0	3	0	0	0	0	1	0	0	0	0	4	5	0	0	1	0	0	0	0	0	0	0	0	0	1	0	1	2	2	3	4	0	0	2	3	0	0	3	1	0	237	103	139	0	1	0	1	0	2	1	1	464	370	178	2	6	1	0	0	0	0	6	6	7	0	0	1	1	1	0	3	2	0	11	4	1	2	0	59	0	0	0	0	0	0	0	3	1	0	72	5	30	54	79	1	0	0	1	0
OTU4350	0	0	0	0	0	0	0	0	0	0	0	0	0	0	0	0	0	0	0	0	0	0	0	0	0	0	0	0	0	0	0	0	0	0	0	0	0	0	0	0	0	0	0	0	0	0	0	0	0	0	0	0	0	0	0	0	0	0	0	0	0	0	0	0	0	0	0	0	0	0	0	0	0	0	0	0	0	0	0	0	0	0	0	0	0	0	0	0	0	0	0	0	0	0	0	0	0	0	0	18	0	0
OTU4351	0	0	0	0	0	0	0	0	0	0	0	0	0	0	0	0	0	0	0	0	0	0	0	0	0	0	0	0	0	0	0	0	0	0	0	0	0	0	0	0	0	0	0	0	0	0	0	0	0	0	0	0	0	0	0	0	0	0	0	0	0	0	0	0	0	0	0	0	0	0	0	0	0	0	0	0	0	0	0	0	0	0	0	0	0	0	0	0	0	0	0	0	0	0	0	0	0	0	0	28	0	0
OTU4352	0	0	0	0	0	0	0	0	0	0	0	0	0	0	0	0	0	0	0	0	0	0	0	0	0	0	0	0	0	0	0	0	0	0	0	0	0	0	0	0	0	0	0	0	0	0	0	0	0	0	0	0	0	0	0	0	0	0	0	0	0	0	0	0	0	0	0	0	0	0	0	0	0	0	0	0	0	0	0	0	0	0	0	0	0	0	0	0	0	0	0	0	0	0	0	0	0	0	0	14	0	0
OTU4353	0	0	0	0	0	0	0	0	0	0	0	0	0	0	0	0	0	0	0	0	0	0	0	0	0	0	0	0	0	0	0	0	0	0	0	0	0	0	0	0	0	0	0	0	0	0	0	0	0	0	0	0	0	0	0	0	0	0	0	0	0	0	0	0	0	0	0	0	0	0	0	0	0	0	0	0	0	0	0	0	0	0	0	0	0	0	0	0	0	0	0	0	0	0	0	0	0	0	0	11	0	0
OTU4354	0	0	0	0	0	0	0	0	0	0	0	0	0	0	0	0	0	0	0	0	0	0	0	0	0	0	0	0	0	0	0	0	0	0	0	0	0	0	0	0	0	0	0	0	0	0	0	0	0	0	0	0	0	0	0	0	0	0	0	0	0	0	0	0	0	0	0	0	0	0	0	0	0	0	0	0	0	0	0	0	0	0	0	0	0	0	0	0	0	0	0	0	0	0	0	0	0	0	0	11	0	9
OTU4355	0	0	0	0	0	0	0	0	0	0	0	0	0	0	0	0	0	0	0	0	0	0	0	0	0	0	0	0	0	0	0	0	0	0	0	0	0	0	0	0	0	0	0	0	0	0	0	0	0	0	0	0	0	0	0	0	0	0	0	0	0	0	0	0	0	0	0	0	0	0	0	0	0	0	0	0	0	0	0	0	0	0	0	0	0	0	0	0	0	0	0	0	0	0	0	0	0	0	0	0	24	0
OTU4356	0	0	0	0	0	0	0	0	0	0	0	0	0	0	0	0	0	0	0	0	0	0	0	0	0	0	0	0	0	0	0	0	0	0	0	0	0	0	0	0	0	0	0	0	0	0	0	0	0	0	0	0	0	0	0	0	0	0	0	0	0	0	0	0	0	0	0	0	0	0	0	0	0	0	0	0	0	0	0	0	0	0	0	0	0	0	0	0	0	0	0	0	0	0	0	0	0	0	0	0	17	0
OTU4357	0	0	0	0	0	0	0	0	0	0	0	0	0	0	0	0	0	0	0	0	0	0	0	0	0	0	0	0	0	0	0	0	0	0	0	0	0	0	0	0	0	0	0	0	0	0	0	0	0	0	0	0	0	0	0	0	0	0	0	0	0	0	0	0	0	0	0	0	0	0	0	0	0	0	0	0	0	0	0	0	0	0	0	0	0	0	0	0	0	0	0	0	0	0	0	0	0	0	0	0	14	20
OTU4358	0	0	0	0	0	0	0	0	0	0	0	0	0	0	0	0	0	0	0	0	0	0	0	0	0	0	0	0	0	0	0	0	0	0	0	0	0	0	0	0	0	0	0	0	0	0	0	0	0	0	0	0	0	0	0	0	0	0	0	0	0	0	0	0	0	0	0	0	0	0	0	0	0	0	0	0	0	0	0	0	0	0	0	0	0	0	0	0	0	0	0	0	0	0	0	0	0	0	0	0	29	0
OTU4359	0	0	0	0	0	0	0	0	0	0	0	0	0	0	0	0	0	0	0	0	0	0	0	0	0	0	0	0	0	0	0	0	0	0	0	0	0	0	0	0	0	0	0	0	0	0	0	0	0	0	0	0	0	0	0	0	0	0	0	0	0	0	0	0	0	0	0	0	0	0	0	0	0	0	0	0	0	0	0	0	0	0	0	0	0	0	0	0	0	0	0	0	0	0	0	0	0	0	0	0	22	0
OTU436	0	0	0	0	0	0	6	0	1	0	0	0	0	0	0	0	0	0	0	1	0	0	0	3	1	3	0	0	0	0	0	3	5	0	5	0	0	0	0	0	0	0	0	0	0	0	0	0	0	0	0	0	0	0	6	9	9	1	4	5	0	0	0	1	156	124	257	59	145	0	0	0	0	0	0	0	0	0	0	0	0	0	0	0	0	0	0	0	3	1	0	0	7	12	4	19	3	172	118	62	217	141
OTU4360	0	0	0	0	0	0	0	0	0	0	0	0	0	0	0	0	0	0	0	0	0	0	0	0	0	0	0	0	0	0	0	0	0	0	0	0	0	0	0	0	0	0	0	0	0	0	0	0	0	0	0	0	0	0	0	0	0	0	0	0	0	0	0	0	0	0	0	0	0	0	0	0	0	0	0	0	0	0	0	0	0	0	0	0	0	0	0	0	0	0	0	0	0	0	0	0	0	2	0	0	18	8
OTU4361	0	0	0	0	0	0	0	0	0	0	0	0	0	0	0	0	341	0	1	0	0	0	0	0	0	0	105	11	14	19	38	0	2	0	1	0	3	2	5	0	25	2	20	15	6	21	5	15	12	15	1	27	2	4	12	5	54	5	5	0	0	0	0	5	9	47	29	17	49	7	29	3	0	4	11	7	28	8	3	2	3	6	2	6	9	8	9	7	6	1	7	3	5	14	25	28	8	0	11	5	36	10
OTU4362	0	0	0	0	0	0	0	0	0	0	0	0	0	0	0	0	0	0	0	0	0	0	0	0	0	0	0	0	0	0	0	0	0	0	0	0	0	0	0	0	0	0	0	0	0	0	0	0	0	0	0	0	0	0	0	0	0	0	0	0	0	0	0	0	0	0	0	0	0	0	0	0	0	0	0	0	0	0	0	0	0	0	0	0	0	0	0	0	0	0	0	0	0	0	0	0	0	0	0	0	22	0
OTU4363	0	0	0	0	0	0	0	0	0	0	0	0	0	0	0	0	0	0	0	0	0	0	0	0	0	0	0	0	0	0	0	0	0	0	0	0	0	0	0	0	0	0	0	0	0	0	0	0	0	0	0	0	0	0	0	0	0	0	3	0	0	0	0	0	0	0	0	0	0	0	0	0	0	0	0	0	0	0	0	0	0	0	0	0	0	0	0	0	0	0	0	0	0	0	0	0	3	0	0	0	24	0
OTU4364	0	0	0	0	0	0	0	0	0	0	0	0	0	0	0	0	0	0	0	0	0	0	0	0	0	0	0	0	0	0	0	0	0	0	0	0	0	0	0	0	0	0	0	0	0	0	0	0	0	0	0	0	0	0	0	0	0	0	0	0	0	0	0	0	0	0	0	0	0	0	0	0	0	0	0	0	0	0	0	0	0	0	0	0	0	0	0	0	0	0	0	0	0	0	0	0	0	0	0	0	0	17
OTU4365	0	0	0	0	0	0	0	0	0	0	0	0	0	0	0	0	0	0	0	0	0	0	0	0	0	0	0	0	0	0	0	0	0	0	0	0	0	0	0	0	0	0	0	0	0	0	0	0	0	0	0	0	0	0	0	0	0	0	0	0	0	0	0	0	0	0	0	0	0	0	0	0	0	0	0	0	0	0	0	0	0	0	0	0	0	0	0	0	0	0	0	0	0	0	0	0	0	0	0	0	0	34
OTU4366	0	0	0	0	0	0	0	0	0	0	0	0	0	0	0	0	0	0	0	0	0	0	0	0	0	0	0	0	0	0	0	0	0	0	0	0	0	0	0	0	0	0	0	0	0	0	0	4	0	0	0	5	0	0	0	0	1	0	1	0	0	0	0	0	0	0	5	0	13	0	0	0	1	0	0	0	0	0	0	0	0	0	0	0	0	0	0	0	0	4	0	0	0	0	1	1	4	0	5	0	7	34
OTU4367	0	0	0	0	0	0	0	0	0	0	0	0	0	0	0	0	0	0	0	0	0	0	0	0	0	0	0	0	0	0	0	0	0	0	0	0	0	0	0	0	0	0	0	0	0	0	0	0	0	0	0	0	0	0	0	0	0	0	0	0	0	0	0	0	0	0	0	0	0	0	0	0	0	0	0	0	0	0	0	0	0	0	0	0	0	0	0	0	0	0	0	0	0	0	0	0	0	0	0	0	0	28
OTU4368	0	0	0	0	0	0	0	0	0	0	0	0	0	0	0	0	0	0	0	0	0	0	0	0	0	0	0	0	0	0	0	0	0	0	0	0	0	0	0	0	0	0	0	0	0	0	0	0	0	0	0	0	0	0	0	0	0	0	0	0	0	0	0	0	0	0	0	0	0	0	0	0	0	0	0	0	0	0	0	0	0	0	0	0	0	0	0	0	0	0	0	0	0	0	0	0	0	0	0	0	1	25
OTU4369	0	0	0	0	0	0	0	0	0	0	0	0	0	0	0	0	0	0	0	0	0	0	0	0	0	0	0	0	0	0	0	0	0	0	0	0	0	0	0	0	0	0	0	0	0	0	0	0	0	0	0	0	0	0	0	0	0	0	0	0	0	0	0	0	0	0	0	0	0	0	0	0	0	0	0	0	0	0	0	0	0	0	0	0	0	0	0	0	0	0	0	0	0	0	0	0	0	0	0	0	0	21
OTU437	0	3	1	2	1	2	1	0	0	0	4	1	0	2	0	0	0	0	1	0	0	0	0	0	4	1	215	71	5	97	168	7	15	11	6	2	4	3	39	1	12	21	16	38	242	444	66	64	12	6	17	99	18	42	137	412	72	59	112	4	5	0	6	20	134	99	31	20	79	2	12	19	9	35	6	17	26	6	24	7	41	300	19	32	31	63	3	22	9	54	470	22	672	110	63	164	477	139	61	2	66	45
OTU438	0	0	0	0	0	1	0	2	0	0	0	0	0	0	0	0	0	0	0	0	3	4	0	1	1	0	59	46	18	89	13	2	7	1	4	4	35	2	46	0	59	29	8	65	15	48	5	18	6	8	0	26	26	3	11	65	84	27	46	1	0	0	0	0	3	6	1	0	40	0	0	2	31	18	19	10	26	8	42	3	11	18	12	5	26	4	88	45	119	1	11	0	87	18	85	10	62	2	0	46	75	49
OTU439	0	0	0	1	0	0	0	0	0	1	0	0	0	0	0	0	0	0	0	0	0	0	0	0	0	0	0	2	0	2	0	1	0	0	0	0	0	1	2	0	1	0	1	401	5	0	0	1	1	0	0	3	0	0	413	695	3	121	4	0	0	0	0	0	6	11	0	0	0	0	0	3	0	2	0	0	17	0	1	0	1	211	0	0	0	1	1	0	2	4	3	1	3	0	0	2	3	0	1	0	0	0
OTU44	6	15	3	8	3	0	4	10	0	8	20	12	3	10	6	1	6	1	8	1	13	58	8	13	11	5	10	7	18	17	20	0	9	1	40	0	4815	655	703	11	156	423	470	11	51	52	24	18	159	295	39	154	1140	116	79	30	80	55	55	2	0	0	0	5	265	157	107	341	396	673	761	248	99	180	1070	113	2295	350	368	610	365	100	66	5	34	26	3534	460	2065	129	237	398	25	41	39	114	44	2	6	0	4	3
OTU440	0	1	0	1	3	0	0	0	0	3	0	3	1	0	0	0	0	2	0	0	0	6	0	0	0	0	0	0	0	0	0	0	0	0	0	0	0	0	0	2	0	1	1	1	1	0	0	2	1262	0	0	273	4	5	2	2	5	1	1	0	0	0	0	0	0	1	11	0	0	0	2	0	0	2	4	1	0	3	1	1	3	2	3	3	1	0	5	0	0	0	0	0	2	0	10	3	0	0	0	0	0	0
OTU441	0	4	2	0	0	2	6	6	4	0	1	0	0	1	2	0	1	0	1	0	0	0	0	0	0	0	59	204	165	48	51	0	2	0	12	2	15	1	7	0	7	8	5	24	15	7	7	21	54	20	69	244	34	23	26	9	213	23	24	0	0	0	0	4	0	0	21	4	1	16	149	85	497	34	31	7	31	2	18	13	60	6	2	1	1	5	78	11	109	3	9	24	43	16	72	24	2	0	1	2	0	0
OTU442	0	0	0	0	0	0	0	0	0	0	0	0	0	0	0	0	0	1	0	0	0	0	0	1	0	0	1	0	1	0	0	0	0	0	0	0	0	0	28	0	1648	1	0	1	0	3	0	0	2	3	0	2	0	0	3	0	0	4	4	0	0	0	0	0	0	0	0	0	0	0	2	6	1	0	0	8	2	1	1	2	0	1	4	0	0	1	0	1	0	0	1	0	0	2	1	4	1	0	0	0	0	0
OTU443	0	2	3	0	0	4	0	2	0	0	0	2	0	0	1	0	2	0	0	0	11	6	2	7	2	1	84	82	182	34	45	1	10	5	17	2	83	23	215	0	17	10	544	61	77	143	23	4	20	144	4	5	14	16	40	85	56	16	39	1	1	3	3	4	0	9	2	1	6	191	300	104	18	8	88	12	31	17	29	48	22	19	12	81	10	6	122	252	84	6	36	55	33	22	34	39	37	0	3	1	3	0
OTU444	0	2	1	0	0	0	0	0	0	0	0	1	0	0	0	0	1	0	0	0	1	2	1	0	1	0	58	2	9	10	10	6	9	2	1	0	4	26	2	0	8	1	3	10	76	35	4	11	37	0	0	3	41	3	33	17	48	5	72	0	18	0	0	1	5	25	364	34	14	0	4	2	5	10	0	3	0	1	0	8	4	4	425	4	0	4	2	0	69	0	4	1	5	88	22	60	53	24	25	1	44	100
OTU445	0	0	0	0	0	0	1	1	0	0	0	0	0	0	0	0	0	0	4	0	1	5	0	2	1	0	0	0	0	0	0	1	3	1	2	0	0	0	0	0	0	0	0	0	0	0	0	0	0	0	0	0	0	0	3	9	7	9	5	0	0	0	2	3	223	286	369	297	467	0	0	0	0	0	0	0	0	0	0	0	3	0	0	0	0	0	0	0	0	0	0	0	0	0	7	7	3	6	0	183	142	98
OTU446	0	1	1	1	0	1	0	0	0	0	2	0	1	0	0	0	0	1	0	0	0	0	0	5	2	0	8	5	65	31	2	0	0	0	3	0	10	21	1077	3	163	131	118	4	4	10	4	10	29	2	8	23	41	4	5	8	6	12	17	0	0	0	0	0	0	0	0	0	1	80	52	17	13	18	33	25	15	29	41	13	15	8	8	1	3	8	63	54	171	54	19	22	3	5	15	7	4	0	0	0	0	0
OTU447	0	0	0	0	0	0	1	0	0	0	0	0	0	1	0	0	0	0	0	0	0	1	3	0	0	0	45	104	10	27	32	0	2	0	1	1	4	0	0	1	0	3	4	0	0	4	0	10	2	0	0	14	0	0	11	5	17	0	29	1	3	0	1	1	139	123	459	13	129	0	0	0	0	3	0	2	2	1	0	0	0	3	13	5	2	4	1	0	4	1	0	0	17	39	23	31	2	2	1	3	3	1
OTU448	0	0	0	0	0	0	2	2	0	0	0	0	0	0	0	0	1	0	0	0	1	0	0	1	1	0	17	16	9	57	26	1	4	4	2	4	1	0	0	0	16	6	32	18	39	21	19	86	44	7	3	52	102	5	32	45	29	34	43	3	0	0	4	6	1	8	45	33	18	2	18	16	63	10	0	17	3	2	43	0	20	90	70	14	19	74	0	4	4	8	52	42	64	25	61	37	25	43	17	2	7	79
OTU449	0	1	0	0	0	0	0	8	1	0	2	3	0	0	0	1	0	1	1	0	0	17	0	0	0	1	3	7	5	2	5	14	0	0	22	13	196	19	24	0	102	3	7	9	31	10	5	111	85	89	19	74	44	57	77	77	15	52	28	1	0	1	0	0	7	2	11	4	187	5	26	372	87	76	10	58	8	18	9	11	12	18	29	15	7	31	9	26	42	41	27	94	39	48	62	59	118	3	1	28	15	7
OTU45	4	43	23	9	1	17	31	65	6	14	20	72	4	2	155	45	7	16	23	3	36	36	56	47	46	95	1774	1463	1501	994	983	66	130	23	162	76	455	1304	1218	8	7479	337	1252	1356	2097	1184	875	2472	502	464	259	996	355	651	4252	814	1540	964	1058	74	43	60	17	97	1363	1130	1414	789	1630	209	593	799	1172	1796	533	844	914	311	668	2333	880	1815	1128	1792	528	1517	621	1198	1215	439	843	880	1392	1445	3146	1650	1254	1873	1924	1194	2383	1941
OTU450	0	4	3	1	0	0	0	3	1	0	6	3	1	3	0	0	1	1	0	0	2	0	1	1	1	25	8	7	2	5	7	1	0	0	3	0	6	888	152	12	263	10	175	2	5	18	7	2	27	20	0	16	2	31	21	12	16	32	135	0	2	0	0	0	0	0	1	2	4	102	16	279	6	10	26	138	103	283	10	1560	37	51	14	8	2	17	181	22	216	6	40	97	28	47	38	24	32	2	1	0	0	0
OTU451	0	2	0	0	0	6	17	7	0	0	0	0	1	0	34	0	1	0	9	0	8	10	0	12	12	6	54	124	182	66	46	4	14	11	12	2	569	129	212	5	1478	238	324	80	97	101	73	5	384	70	99	40	26	19	59	49	133	36	54	3	0	1	0	6	213	511	286	310	480	151	166	51	45	71	271	236	51	945	130	68	362	31	52	21	43	37	269	206	260	118	70	141	22	71	53	129	40	5	7	5	17	1
OTU452	0	1	4	1	0	0	1	5	3	0	0	0	0	0	0	0	0	1	3	0	4	0	1	3	1	4	118	64	417	70	61	4	13	3	11	0	76	64	91	1	174	60	61	84	66	53	68	83	36	41	6	33	17	25	61	93	110	88	58	7	3	0	5	6	74	102	107	62	56	27	29	27	25	16	40	48	100	71	14	52	40	85	23	41	34	36	74	59	43	24	45	43	44	58	61	66	66	267	178	84	103	287
OTU453	0	0	1	0	0	0	5	4	5	0	1	0	0	3	1	0	1	0	1	6	0	1	0	3	10	2	26	14	1	58	62	0	15	4	5	1	1	3	29	619	103	78	72	40	7	52	18	35	117	17	5	37	4	56	68	53	35	80	21	5	4	4	2	4	449	405	661	108	487	0	12	1	17	35	47	9	9	3	112	72	166	33	21	9	30	28	23	3	1	17	40	27	37	97	27	143	39	3	37	45	136	170
OTU454	0	0	3	2	1	0	0	0	0	1	1	0	0	3	1	0	0	0	0	0	1	1	0	0	0	0	2	25	8	6	19	2	1	0	0	5	191	3	6	0	24	2	462	33	36	40	41	53	0	3	0	4	1	2	30	5	71	30	17	0	0	0	0	1	3	2	0	13	0	5	4	6	4	11	21	21	7	1	4	5	0	17	4	12	14	54	3	4	1	26	0	13	11	24	87	44	73	1	0	0	0	0
OTU455	0	0	0	0	0	0	1	1	1	0	0	0	0	0	0	0	0	0	8	2	1	4	0	0	1	2	2	14	1	10	10	2	4	0	9	0	0	5	19	0	13	0	1	0	1	2	6	11	3	0	0	0	0	2	10	6	13	7	1	3	0	2	4	1	147	57	183	44	12	2	2	4	5	0	1	0	0	0	6	3	6	5	11	5	4	5	1	6	8	4	0	3	9	10	8	12	13	106	190	91	194	256
OTU456	0	0	0	0	0	0	0	0	0	0	3	0	6	1	3	0	0	0	1	0	1	0	2	0	5	1	17	39	1	26	5	0	3	0	8	1	2	4	17	0	56	22	40	17	1	11	24	14	34	16	6	29	4	24	27	19	13	29	34	0	0	0	3	1	314	206	233	111	5	5	26	12	17	17	20	10	2	6	18	1	15	16	24	7	3	26	9	16	13	12	46	21	31	19	12	15	14	0	55	0	124	46
OTU457	0	0	0	0	0	0	0	1	0	0	0	0	0	0	0	0	0	0	3	0	0	0	0	0	0	0	38	13	23	29	9	3	2	2	5	2	1	5	12	0	26	8	0	35	75	19	26	42	22	12	0	19	14	7	18	20	0	33	34	0	1	0	1	0	67	18	16	11	39	3	6	5	4	9	0	1	4	9	17	1	14	34	42	18	23	30	4	9	4	12	2	12	47	46	35	33	43	137	11	104	28	39
OTU458	0	0	1	1	0	0	1	1	5	0	0	0	0	1	3	0	0	0	0	0	2	3	0	2	1	1	20	12	0	57	11	1	4	0	4	6	2	0	7	0	3	5	2	36	63	17	47	274	36	6	0	48	8	9	35	50	12	43	131	1	1	0	0	1	122	63	114	86	9	0	8	2	10	18	4	4	11	7	34	1	18	62	118	21	32	81	1	3	2	0	15	30	96	118	110	76	42	125	114	187	23	100
OTU459	0	0	0	0	0	0	0	0	0	0	0	0	0	0	0	0	0	0	0	0	3	0	0	1	0	0	0	0	0	0	0	0	3	0	5	1031	0	0	0	0	6	0	0	0	0	0	0	16	0	0	0	0	0	0	2	0	0	0	0	0	0	356	2	9	9	1	2	3	3	0	0	0	0	0	0	0	0	0	0	1	0	0	0	9	0	0	0	0	0	0	0	0	0	0	0	0	0	4	0	2	0	3
OTU46	0	4	9	3	1	3	0	3	2	5	4	2	4	4	1	0	1	1	1	0	1	1	0	0	0	4	178	9	203	29	27	0	6	0	0	0	50	6	9	3	30	50	260	18	25	20	25	15	15	10	0	15	5	18	43	60	22646	43	19	0	0	0	10	0	1	0	349	1	0	7	22	12	9	30	8	24	43	16	16	220	19	14	3	19	520	14	23	33	16	13	11	69	37	42	40	77	40	1	6	0	1	1
OTU460	0	2	0	0	2	0	1	2	0	0	0	0	0	0	0	0	0	0	0	0	0	0	0	0	0	0	58	55	3	95	1	1	8	3	1	2	7	2	6	0	15	6	1	63	16	269	27	20	33	2	0	92	2	7	196	236	80	236	1079	2	0	0	7	3	6	14	16	7	38	1	6	13	136	7	60	1	16	6	6	9	5	31	5	32	62	51	10	4	8	7	3	128	78	10	35	12	155	2	27	47	6	21
OTU461	0	6	0	0	0	1	0	0	1	1	0	0	0	6	0	0	1	0	0	0	0	0	0	0	0	0	3	5	4	0	0	0	0	0	0	42	6	8	8	6	11	1	5	10	0	7	3	940	3	4	0	9	3	18	11	4	12	594	2096	0	0	0	0	0	0	0	17	22	50	3	4	0	1	13	22	8	21	4	10	6	7	8	2	1	4	9	6	13	0	1	5	4	6	5	4	10	8	0	0	1	0	0
OTU462	0	0	0	0	0	0	2	2	0	0	4	5	0	1	0	0	0	0	0	0	2	2	0	0	0	0	35	18	4	17	4	6	9	0	0	2	2	0	2	0	30	19	3	74	48	1	5	48	17	8	2	25	19	24	85	177	2	73	86	0	4	0	0	2	40	192	71	206	228	0	8	0	29	18	14	5	8	6	24	1	16	78	58	1	20	46	10	3	1	20	23	26	56	82	57	26	26	0	30	8	21	19
OTU463	0	4	0	0	0	0	2	1	0	4	1	4	0	0	0	0	0	0	0	0	0	0	0	5	2	0	8	9	7	17	8	1	2	0	6	0	24	5	95	1	93	2	18	131	66	20	50	13	1	24	12	3	6	47	33	19	556	27	10	2	3	10	0	31	6	3	24	4	4	7	16	207	10	22	7	130	59	22	7	7	18	2	59	525	9	11	15	78	5	1	32	11	325	90	12	25	11	36	33	110	105	64
OTU464	0	2	0	0	0	0	0	3	0	0	0	0	0	0	0	0	1	0	0	0	0	0	0	0	0	0	2	1	3	0	2	0	0	0	0	1	2	1	0	0	9	0	4	0	2	1	0	15	3	4	0	2	1	6	2	6	5	1	11	0	55	0	0	0	2	0	0	0	4	2	0	0	135	2	0	2	0	3	3	2	5	53	1258	1	1	4	3	3	3	0	3	2	2	4	13	0	2	0	1	0	0	1
OTU465	0	0	0	0	0	0	0	2	0	0	0	0	0	0	0	0	0	0	3	0	0	0	1	4	3	1	0	0	0	0	2	0	3	2	4	0	0	0	0	0	1	0	0	0	0	0	0	0	0	0	0	0	0	0	1	7	0	0	0	1	0	0	1	6	56	59	7	4	3	0	0	0	0	0	0	0	0	0	0	0	0	20	3	0	0	0	0	0	0	0	2	0	7	4	7	14	14	144	74	367	311	633
OTU466	0	0	0	0	0	0	0	0	0	0	0	0	0	0	0	0	0	0	950	0	1	0	0	0	0	0	0	0	0	0	0	0	0	0	0	0	0	0	0	0	0	2	0	0	0	0	0	0	0	0	0	0	0	0	0	0	0	0	0	0	0	0	0	0	0	0	2	0	0	0	0	0	0	0	0	0	0	0	0	0	0	0	0	0	0	0	0	0	0	0	0	0	0	0	0	0	0	0	0	2	4	0
OTU467	0	0	0	1	0	0	0	4	0	0	2	1	0	2	0	0	0	0	0	0	0	1	0	1	0	5	247	33	71	6	149	0	9	0	5	0	39	21	74	1	9	23	15	4	2	1	12	3	0	10	1	3	43	10	2	6	52	4	4	0	0	0	0	2	41	0	2	0	0	28	70	7	6	13	74	179	45	106	2	127	8	5	29	13	9	3	30	57	185	3	43	16	5	36	9	31	3	0	0	0	1	0
OTU468	0	0	0	0	0	0	0	0	0	0	0	0	0	0	0	0	0	0	1	0	0	0	0	0	1	0	1	0	0	0	0	0	0	0	1055	0	0	0	0	0	0	0	0	1	0	0	11	0	0	0	0	0	0	0	0	0	0	0	0	0	0	0	0	0	1	0	1	0	0	0	0	0	0	0	0	0	0	0	0	0	0	0	0	0	0	0	0	0	0	0	0	0	0	0	0	0	0	0	0	0	0	0
OTU469	0	0	0	0	0	0	0	1	0	0	0	0	0	0	0	0	0	0	0	0	2	1	2	2	1	0	0	0	0	0	0	1	3	3	1	0	0	0	0	0	0	0	0	0	0	0	0	0	0	0	0	0	0	0	0	4	3	0	0	0	0	0	2	0	4	3	7	4	0	0	0	0	0	0	0	0	0	1	0	0	0	6	2	0	2	9	0	0	0	0	0	0	1	5	6	62	32	3	98	107	1004	317
OTU47	0	31	35	8	6	3	6	18	14	8	7	638	2	13	2	1	2	0	13	2	16	25	14	10	11	15	2456	928	5636	884	2303	6	30	14	94	9	1536	878	1177	5	916	1049	1045	254	133	826	159	229	338	1017	112	952	295	255	295	129	2419	278	240	17	4	6	11	39	988	314	676	369	208	690	1750	1062	368	356	401	1887	2454	691	737	1737	519	938	180	296	426	449	1915	5506	2719	414	1060	355	323	324	162	364	258	7	10	13	14	5
OTU470	0	0	0	0	0	0	1	0	0	0	0	0	0	0	0	0	0	0	5	0	0	1	0	1	1	0	0	0	0	0	0	0	2	0	2	0	0	0	0	0	0	0	0	0	0	0	0	0	0	0	0	0	0	0	0	0	0	1	0	0	1070	0	1	0	0	4	1	1	0	0	0	0	0	0	0	0	0	0	0	0	0	0	67	0	0	0	0	0	0	0	0	0	0	0	0	0	1	0	1	5	3	1
OTU471	0	0	0	0	0	0	1	1	1	0	0	0	0	0	0	0	0	0	4	0	1	0	0	1	3	0	3	0	0	0	0	3	7	1	6	2	0	2	0	1	0	0	1	0	15	1	0	38	66	0	0	4	13	3	0	8	0	0	0	2	0	0	0	6	5	3	3	3	1	0	0	0	24	0	1	0	0	0	2	1	0	20	0	5	0	0	1	0	0	2	0	2	32	10	16	0	0	855	130	342	81	35
OTU472	1	0	3	0	0	0	0	0	0	0	0	3	0	3	0	0	0	0	0	0	0	0	0	0	0	0	0	6	2	2	1	9	4	0	0	1	6	0	5	0	6	3	4	80	117	15	2	68	1	0	0	5	1	10	474	56	0	21	27	2	9	0	0	0	11	1	0	4	0	0	5	4	0	7	0	1	1	4	10	2	0	222	307	35	14	20	6	2	1	0	0	0	61	15	154	14	306	0	0	1	0	4
OTU473	0	0	1	1	0	2	0	0	0	0	0	1	1	0	0	0	4	0	0	0	0	0	0	0	0	0	4	6	0	0	1	1	0	0	0	0	5	1	31	0	979	2	1	0	1	2	0	0	1	6	0	0	0	7	8	2	2	3	8	0	0	0	0	0	0	0	0	0	0	0	1	2	2	3	0	3	8	6	4	2	5	14	1	0	1	1	4	3	11	0	0	12	621	21	5	11	4	21	1	0	0	0
OTU474	0	6	2	0	2	0	32	4	3	2	1	0	1	2	5	0	1	0	1	0	2	8	3	0	5	4	75	50	98	14	3	3	3	0	2	3	25	25	8	2	19	48	10	23	12	11	22	3	1721	45	0	206	64	2	45	63	18	78	20	10	3	0	4	3	3	6	43	306	2	0	4	6	5	2	144	36	13	4	54	16	619	159	67	27	11	21	7	4	123	31	44	56	15	42	32	100	22	42	87	4	303	144
OTU475	0	0	0	0	0	1	0	0	0	0	0	0	0	0	0	0	0	0	0	0	0	0	0	0	0	0	0	8	1355	1	0	0	0	0	0	0	1	0	3	0	4	1	2	2	2	1	4	0	2	0	0	1	3	0	7	0	35	5	0	0	0	0	0	2	0	0	0	1	1	0	3	0	3	1	0	4	6	0	3	0	2	0	1	3	1	0	4	2	3	0	0	1	4	7	1	3	5	1	0	0	0	0
OTU476	0	3	0	0	0	0	1	7	0	0	0	0	0	0	0	0	0	0	3	2	2	8	1	7	0	7	0	4	0	6	5	7	3	2	6	3	1	0	0	0	2	0	0	0	0	0	0	19	0	2	0	0	0	0	14	1	1	2	0	2	0	3	1	8	6	2	7	6	15	0	0	3	0	14	1	0	1	0	0	0	4	1	8	1	20	54	0	0	0	1	0	3	5	25	8	18	30	262	927	560	634	925
OTU477	0	0	5	0	0	0	0	0	0	3	0	2	0	1	0	0	0	0	0	0	0	0	0	0	2	0	0	2	4	0	0	0	0	0	15	0	1	11	12	2	11	3	10	2	1	3	7	5	0	7	1	6	5	4	6	4	25	3	13	0	1	0	0	4	0	14	0	13	42	9	166	2	0	6	21	5	26	10	22	11	8	2	14	0	4	9	1171	45	277	0	1	8	4	6	2	9	4	0	0	2	40	1
OTU478	0	1315	0	0	0	0	0	0	0	0	0	2	0	0	0	0	0	0	0	0	0	0	0	0	0	0	4	0	0	0	2	0	0	0	0	0	0	0	0	0	0	0	1	0	0	3	2	0	0	0	0	0	0	4	0	0	1	0	5	0	0	0	0	0	0	0	0	0	0	0	0	0	0	1	0	0	1	1	0	0	0	0	1	0	0	0	7	0	0	0	0	1	1	0	0	0	0	0	0	3	0	0
OTU479	0	2	0	1	0	0	1	14	1	0	0	1	1	1	0	3	0	1	9	0	7	4	4	6	6	0	38	41	116	85	45	5	5	1	42	1	227	23	88	0	226	54	37	8	26	24	18	7	115	20	3	12	30	15	27	24	215	29	22	3	0	0	0	0	13	2	18	231	3	272	220	170	11	14	132	274	59	23	4	10	22	33	6	13	1	3	257	294	704	3	8	6	50	28	46	48	10	5	47	3	7	1
OTU48	0	0	0	0	0	0	8	15	0	0	0	0	0	0	0	0	0	0	5	0	10	6	8	2	8	1	0	0	0	0	2	0	19	9	10	9	0	0	0	0	0	0	1	0	0	0	0	0	0	1	0	1	0	0	0	126	1	0	0	7	8	0	10	12	13	4285	11	16	23	0	0	0	0	0	0	0	1	0	0	0	0	0	0	0	0	0	0	1	0	0	1	0	109	20	69	138	0	4635	583	4051	4902	11
OTU480	0	0	0	0	0	0	0	0	0	0	291	0	0	4	0	0	1	0	0	0	0	5	0	0	0	0	1	4	0	0	14	0	0	0	3	0	134	23	2	1	2	5	1	3	2	18	0	0	0	0	0	5	7	13	9	0	6	3	1	0	0	0	0	0	0	0	3	0	2	23	18	0	8	4	3	65	37	120	2	4	3	2	3	0	0	0	518	5	181	1	9	1	1	1	0	9	7	0	0	0	0	0
OTU481	0	2	0	1	0	0	0	2	0	0	0	0	0	0	0	0	1	0	3	0	4	1	0	0	3	0	0	2	0	4	0	3	6	2	4	0	0	0	0	0	0	0	0	1	0	0	0	2	0	0	0	0	0	0	43	0	0	0	2	0	2	0	0	5	717	7	5	0	2	0	3	0	0	0	0	0	0	0	0	0	0	1	0	0	0	1	5	0	0	4	0	0	1	38	1	0	0	7	946	5	5	1
OTU482	0	0	0	0	0	0	2	2	2	0	0	0	0	0	0	0	0	0	4	2	0	0	0	2	2	0	0	0	0	0	0	0	6	1	1	3	0	0	0	0	0	0	0	0	2	0	3	1	0	0	0	0	0	0	5	12	8	1	1	1	0	0	4	3	72	1	426	21	193	0	0	1	0	0	0	0	0	0	0	0	0	1	0	0	0	3	0	3	0	0	0	0	19	30	0	0	8	245	821	0	5	87
OTU483	1	1	2	0	0	0	1	0	0	0	0	0	1	1	1	0	1	1	2	0	2	0	0	0	0	2	8	44	17	28	16	0	0	0	2	0	20	5	41	0	236	268	59	24	13	18	74	4	34	34	11	24	21	12	11	8	15	11	6	0	1	0	0	0	0	0	2	44	0	0	20	14	12	67	4	10	8	11	27	148	29	14	206	15	13	34	43	36	68	21	8	50	22	84	61	50	34	0	4	2	0	0
OTU484	0	0	0	0	0	0	0	1	0	0	0	0	0	0	0	0	0	0	7	0	0	1	0	0	0	1	0	0	0	0	0	0	6	0	0	0	0	0	0	0	0	0	0	0	0	1	0	0	0	0	0	0	0	0	13	3	18	1	2	0	1	0	0	2	358	136	708	141	88	0	0	0	0	0	0	2	0	0	0	0	0	0	0	0	0	5	0	0	0	0	0	0	0	3	0	7	0	7	88	1	69	5
OTU485	0	2	2	0	1	2	2	1	3	2	0	4	1	39	0	0	0	1	3	0	3	3	1	3	5	2	215	121	162	88	180	0	12	5	8	2	78	71	96	1	308	67	73	43	86	110	66	54	30	123	15	143	65	49	58	56	84	38	51	4	0	1	3	7	166	201	421	175	220	29	145	55	60	45	50	124	82	44	56	69	42	91	77	55	47	39	81	112	74	52	34	67	60	54	60	64	113	61	242	69	205	420
OTU486	0	3	0	0	0	0	0	0	2	0	6	0	0	1	0	0	0	0	1	0	0	0	1	0	2	0	1	5	0	28	0	0	0	2	7	2	0	0	1	1	6	1	53	10	19	51	17	16	47	8	2	10	4	14	21	19	10	32	89	1	0	0	0	6	3	0	0	0	1	1	1	81	114	0	0	0	4	2	72	2	21	36	10	30	3	119	2	0	4	6	5	15	68	55	83	3	56	2	4	174	59	4
OTU487	0	0	2	0	0	2	0	2	0	0	0	0	0	0	2	0	0	0	2	0	1	2	0	0	2	0	8	0	0	0	0	1	2	0	1	0	0	0	1	0	1	2	0	1	1	1	9	1	0	1	0	0	1	2	13	2	5	4	83	1	1	0	0	1	250	8	58	123	74	0	2	3	0	0	2	0	3	1	3	0	1	6	7	1	0	0	1	2	0	0	2	0	154	70	11	38	104	4	100	222	76	57
OTU488	0	0	0	0	0	0	2	0	0	0	0	0	0	0	0	0	0	0	1	1	0	0	0	1	2	1	3	35	4	14	24	0	2	0	0	4	0	2	1	0	3	8	0	12	30	14	18	20	16	2	4	1	0	4	2	2	3	32	16	0	0	0	0	1	1	20	0	5	56	1	0	4	6	3	3	0	4	8	7	5	2	4	83	6	16	17	0	0	26	0	0	25	43	24	29	28	23	186	260	62	212	471
OTU489	0	0	0	0	0	1	0	1	0	1	1	0	0	0	1	0	0	0	0	0	0	0	0	0	0	0	2	2	3	11	0	0	1	1	1	3	7	4	2	0	3	6	4	3	23	35	2	244	1	0	0	1	0	9	384	3	18	4	107	0	0	12	0	1	16	0	2	4	0	0	1	2	37	14	14	5	0	0	6	3	12	7	1	815	3	9	0	2	2	4	12	6	13	8	25	17	8	50	3	3	1	0
OTU49	1	12	18	4	1	7	11	30	5	4	5	13	5	7	9	4	1	3	13	2	7	11	7	4	13	9	941	710	1351	565	1829	5	38	17	52	7	450	496	440	5	594	541	1030	386	456	784	697	159	191	184	96	403	286	267	389	307	1269	261	265	9	21	3	8	29	537	340	793	242	432	587	1171	213	404	760	422	1268	1039	578	387	722	302	523	564	555	383	186	347	658	1046	222	731	279	326	311	398	1021	764	289	50	100	106	244
OTU490	0	1	0	0	0	0	4	3	0	0	2	0	0	0	0	1	0	0	0	0	0	0	2	2	7	2	14	20	6	58	20	3	7	5	4	2	4	0	9	0	149	32	27	37	36	19	24	83	127	81	4	54	13	23	35	61	16	22	57	1	3	0	5	5	380	174	251	296	302	1	12	26	27	10	19	23	8	4	41	8	40	73	58	12	35	70	5	16	3	21	18	33	70	80	68	83	60	166	314	38	174	145
OTU491	0	1	0	0	0	1	0	2	0	0	0	2	0	1	0	0	0	1	0	0	0	0	0	0	8	0	0	1	2	1	39	0	0	3	0	0	7	4	1	2	327	19	0	5	32	350	5	66	57	1	0	2	12	116	15	18	37	3	56	0	0	0	0	0	0	0	0	0	1	1	2	1	4	18	1	342	7	6	138	15	77	12	26	19	8	46	27	20	3	23	28	12	10	15	6	69	18	0	0	0	1	0
OTU492	0	0	0	0	0	0	2	1	0	0	0	0	0	0	0	0	0	0	0	0	0	0	0	0	0	0	3	9	0	0	3	0	2	0	0	0	9	3	2	0	26	11	3	9	10	0	0	2	12	5	1	0	9	2	3	15	8	9	9	0	3	0	1	0	123	126	376	150	85	0	1	4	8	3	1	0	5	0	1	2	3	4	6	1	3	8	0	4	0	3	9	1	1	9	13	6	12	0	9	0	5	13
OTU493	0	0	0	0	0	0	1	4	0	0	0	0	0	0	1	0	0	0	11	0	0	0	2	1	1	1	0	0	0	4	0	1	1	5	1	0	0	0	0	0	2	1	0	1	0	0	0	0	0	0	0	0	0	0	16	1	25	14	3	2	4	1	1	0	135	243	629	583	191	0	0	0	0	0	0	2	1	0	0	0	0	2	0	0	0	0	0	0	0	1	0	0	0	1	3	0	0	4	4	3	2	0
OTU494	0	6	0	2	0	4	5	0	0	0	0	0	0	2	0	0	0	0	0	0	2	9	0	0	0	7	13	18	117	4	15	0	0	5	3	0	269	56	22	2	30	8	15	10	0	103	7	1	14	9	8	1	6	7	8	0	91	0	3	0	0	0	0	0	0	0	2	0	0	8	8	63	3	5	9	62	56	238	28	14	20	5	5	3	1	0	52	44	92	12	0	0	2	8	4	5	8	1	0	0	0	0
OTU495	0	1	4	2	1	4	4	0	0	0	2	4	0	0	2	0	0	0	1	0	2	1	1	0	3	1	28	69	57	26	27	0	2	0	4	7	17	15	20	1	38	17	31	22	64	14	20	147	53	19	9	8	28	130	54	82	18	68	55	3	9	0	0	6	2	2	0	1	3	14	3	14	18	14	87	12	4	41	95	7	115	169	142	3	11	400	23	16	61	24	42	20	82	50	24	71	41	0	67	10	218	33
OTU496	0	6	0	0	0	0	0	1	0	0	1	1	0	6	0	0	0	0	1	0	2	2	1	0	1	3	40	32	37	0	114	0	7	0	7	0	68	45	69	0	89	21	41	2	8	0	12	4	9	18	2	13	25	3	8	7	61	7	4	0	0	0	0	3	0	8	2	0	2	11	60	25	4	44	116	66	55	47	31	151	7	12	16	18	4	13	73	73	115	44	14	35	13	16	14	17	5	1	0	2	0	0
OTU497	0	0	1	0	0	0	0	0	0	0	0	7	0	0	411	677	0	0	0	0	0	0	0	0	0	0	0	3	5	0	1	0	0	0	0	0	0	0	0	0	1	0	0	8	0	0	0	1	0	0	0	2	0	0	0	7	0	0	1	0	0	0	0	0	0	0	0	0	0	0	1	0	0	3	0	1	5	3	1	1	1	2	0	0	0	2	0	1	2	0	1	0	0	0	2	5	0	0	0	0	0	0
OTU498	0	0	0	0	0	0	6	12	0	0	0	0	0	0	0	0	0	1	4	0	6	1	0	3	2	9	0	0	0	0	1	4	3	1	5	5	0	0	0	2	0	0	0	0	0	0	2	0	0	0	0	1	0	0	30	1	1	0	61	0	1	2	1	4	989	1	6	5	1614	0	0	4	0	0	0	0	0	1	0	0	0	0	2	0	0	0	0	0	0	0	0	0	27	21	34	19	0	911	1212	1836	321	11
OTU499	0	0	0	0	0	0	0	1	2	1	0	0	0	1	0	0	0	0	2	0	1	0	0	2	0	1	15	87	3	78	46	4	6	3	5	3	38	53	48	1	10	61	5	49	50	67	27	80	23	12	2	11	4	12	43	30	23	21	59	3	0	3	2	1	60	29	91	22	23	13	12	34	39	55	24	24	5	22	9	7	44	62	28	29	38	21	88	3	19	4	35	16	14	37	71	81	41	4	1	384	209	83
OTU5	1	99	9	3	0	10	72	145	12	8	16	30	30	34	8	13	4	2	144	0	153	25	13	5	41	21	649	471	633	493	365	16	39	38	248	9	385	190	202	0	11616	4983	4960	534	456	1016	433	442	3051	2929	5960	1838	2897	480	2717	699	488	739	1541	48	14	17	12	403	221	137	153	230	546	145	381	1221	228	470	365	5906	248	1795	1356	546	2907	1159	489	366	257	824	14319	6002	489	1228	10740	3369	545	1333	635	2147	437	22	119	24	220	81
OTU50	0	12	5	4	0	4	5	35	1	0	3	12	0	2	1	0	1	0	20	0	10	8	5	17	8	9	177	125	138	674	205	11	35	6	37	18	401	114	350	0	273	194	249	317	396	461	468	486	614	539	72	726	170	309	309	495	110	495	432	15	11	10	9	13	1191	606	600	1004	735	57	266	594	664	217	291	326	153	258	351	118	106	334	329	305	192	435	53	132	95	562	362	550	614	584	531	512	423	383	1495	915	1057	1089
OTU500	0	0	0	0	0	0	3	1	0	0	0	0	0	0	0	0	0	0	1	0	0	1	2	0	3	0	0	15	0	0	2	5	1	2	2	3	2	6	0	0	8	6	5	0	20	16	0	40	18	2	1	2	9	17	19	4	11	11	8	2	0	0	0	3	245	23	430	117	124	0	0	0	2	6	0	9	2	4	21	0	20	39	16	4	12	36	0	0	4	0	17	12	5	13	4	2	10	2	34	1	4	0
OTU501	0	2	3	1	0	0	0	0	0	2	2	1	0	0	0	0	0	0	0	0	0	0	0	0	0	0	0	2	0	112	1	0	0	0	0	0	0	2	2	1	6	0	0	0	6	1	2	3	1	223	1	4	3	883	4	1	1	1	3	0	3	0	0	0	0	0	0	0	0	0	3	2	0	5	0	1	3	0	1	0	0	3	2	0	0	3	0	3	1	7	1	5	3	5	3	13	0	0	0	0	0	0
OTU502	0	2	0	0	0	2	28	3	0	2	0	5	4	1	0	0	0	0	0	0	4	4	0	0	14	4	54	45	19	44	20	0	4	0	8	2	19	8	4	0	2581	22	51	44	59	42	14	25	87	67	13	194	75	78	39	18	23	24	31	1	0	0	3	9	60	86	49	27	17	7	18	65	45	23	5	97	6	5	238	33	395	37	61	33	16	23	9	19	15	199	19	172	45	52	50	114	41	11	153	27	104	64
OTU503	0	0	0	0	0	0	0	0	0	0	0	0	0	0	0	0	0	0	0	0	0	0	0	0	0	1	0	0	0	0	0	0	923	1	0	1	0	0	0	0	0	0	0	0	9	0	0	0	0	0	0	0	0	0	0	0	0	0	0	0	0	0	0	13	1	0	0	1	2	0	0	0	0	0	0	0	0	0	0	0	0	0	0	0	0	0	0	0	0	0	0	0	0	0	0	0	0	6	0	1	3	0
OTU504	0	0	2	0	0	1	2	1	1	0	4	2	0	2	0	0	0	0	4	0	6	1	0	7	10	0	72	16	1	41	61	0	9	6	3	2	7	2	3	0	95	2	139	13	8	33	26	7	8	8	27	13	22	5	20	61	35	31	15	1	3	0	2	1	118	11	8	15	3	8	10	13	12	11	54	8	6	3	38	10	11	18	11	6	8	7	16	11	3	0	223	27	68	15	25	61	36	1160	43	809	152	155
OTU505	0	1	0	0	0	3	1	1	2	0	0	0	0	2	2	0	1	0	0	0	0	0	1	4	2	2	91	22	11	10	73	0	3	0	4	1	29	33	209	1	88	6	46	0	8	0	12	0	19	19	11	6	0	8	16	2	17	6	2	0	0	0	0	4	0	0	2	1	1	42	66	12	1	40	52	51	129	31	19	27	13	3	10	12	9	5	4	53	77	7	14	17	10	1	6	21	11	1	0	0	0	0
OTU506	0	0	0	0	0	0	0	6	0	0	0	0	0	0	0	0	0	0	1396	0	4	2	2	3	10	3	0	0	0	0	0	4	7	1	4	1	0	0	0	0	0	8	0	0	0	0	0	1	0	0	0	0	0	0	16	27	18	4	8	0	4	2	1	6	406	706	908	277	510	0	0	0	1	0	0	0	0	1	0	0	0	0	1	0	0	0	2	0	0	0	0	0	0	2	14	7	0	10	34	792	186	49
OTU507	0	0	0	0	0	0	3	5	0	0	0	0	0	0	0	0	1	0	1	0	1	0	0	0	9	1	37	22	0	10	0	2	0	0	6	0	0	0	0	0	4	2	0	1	6	1	5	6	10	4	0	3	2	2	27	3	28	15	12	3	0	1	1	0	239	26	414	212	216	0	0	3	13	4	1	1	0	0	22	1	18	10	5	12	1	0	1	6	0	3	1	3	15	3	1	12	8	3	3	48	19	12
OTU508	0	0	1	0	0	0	0	4	1	1	2	0	0	3	2	1	0	5	0	0	0	1	3	1	0	5	225	28	189	16	237	0	1	0	5	0	40	45	75	0	73	27	12	5	36	23	32	1	2	41	9	49	9	14	15	3	84	16	8	0	0	2	0	8	0	0	4	0	0	59	93	41	13	25	44	35	62	42	10	57	13	19	3	38	26	2	71	173	63	65	27	17	3	26	10	60	6	0	1	0	3	0
OTU509	0	0	0	0	0	0	0	0	0	0	0	1	0	0	0	0	0	0	0	0	0	0	0	1	2	0	6	0	0	0	13	0	0	1	1	5	1	2	0	2	4	0	1	13	12	2	2	46	0	0	0	23	0	3	29	17	3	164	133	0	0	0	3	3	4	14	58	36	80	2	0	1	5	0	2	2	6	1	0	5	0	3	7	0	0	0	0	4	4	0	0	6	152	17	57	20	5	2	91	4	125	159
OTU51	4	12	6	0	0	1	5	14	3	7	51	4	0	175	4	0	2	0	6	6	10	5	5	14	7	16	126	332	234	324	161	37	19	12	26	14	143	86	181	2	444	200	262	805	257	472	158	480	405	95	51	336	230	131	346	481	489	521	397	16	11	1	16	26	630	1324	1110	901	900	127	235	170	118	129	145	430	558	378	149	238	140	578	505	170	202	326	430	169	306	152	457	532	375	565	844	691	318	161	331	100	140	301
OTU510	0	0	0	0	0	0	0	0	0	0	0	0	0	0	0	0	0	0	0	0	0	4	0	0	3	0	1	0	39	1	0	1	1	0	1	3	0	0	0	0	0	0	0	0	0	0	0	0	0	0	0	0	0	0	0	0	0	0	0	0	0	2	0	3	1	6	0	1	1	0	0	0	0	0	0	0	0	0	0	0	0	0	0	0	0	0	0	0	0	0	0	0	15	0	8	2	1	756	12	355	116	36
OTU511	0	0	0	0	0	1	0	1	0	0	4	0	0	1	0	0	0	0	0	0	0	0	0	0	0	2	2	0	1	3	1	0	2	0	2	1	0	0	0	0	4	1	0	8	30	2	9	67	8	1	0	26	0	25	63	82	10	51	91	2	1	1	2	2	101	65	130	28	32	0	0	9	7	2	0	5	8	0	0	1	1	21	23	2	1	17	4	2	3	3	2	15	124	38	67	51	128	2	9	4	27	23
OTU512	0	2	1	2	0	0	0	4	1	0	0	0	0	0	0	0	0	0	0	0	1	0	0	0	0	0	18	17	13	11	22	4	1	1	2	0	13	6	19	0	125	5	79	78	26	52	21	49	11	8	9	167	6	126	34	29	31	29	32	0	0	0	0	5	1	4	4	11	1	11	20	26	12	36	28	16	33	27	7	23	48	16	4	38	17	23	30	19	11	20	31	52	79	61	46	51	47	15	18	5	7	11
OTU513	0	3	0	0	0	0	0	1	1	1	1	0	0	1	0	0	0	357	0	0	0	0	0	0	1	0	35	9	8	47	22	2	1	0	2	2	3	0	9	0	177	6	6	74	48	25	36	22	5	9	5	1	0	8	122	20	11	241	32	8	5	2	0	0	5	2	0	5	5	11	12	0	55	8	44	3	11	1	44	3	3	91	69	31	2	27	2	4	1	1	5	3	29	5	27	6	65	2	10	3	0	6
OTU514	0	0	0	0	0	0	0	0	0	0	0	0	0	0	0	0	0	0	0	0	0	0	0	0	1	0	0	0	0	0	0	1	1	0	0	1	0	0	0	0	0	0	0	0	0	0	0	0	0	0	0	0	0	0	0	0	0	0	0	0	0	0	0	0	2	1	0	1	0	0	0	0	0	0	0	0	0	0	0	0	0	0	0	0	0	0	0	0	0	0	0	0	0	0	0	35	0	0	0	3	1044	0
OTU515	0	0	0	0	0	0	2	1	0	0	0	0	0	0	0	0	0	0	0	0	1	1	0	4	0	0	0	0	0	0	0	0	0	0	0	0	0	0	0	0	0	0	0	0	0	0	0	0	0	0	0	0	0	0	0	0	0	0	0	0	0	0	0	0	2	0	0	0	0	0	0	0	0	0	0	0	0	0	0	0	0	0	0	0	0	0	0	0	0	0	0	0	0	0	0	3	5	0	131	0	492	849
OTU516	0	2	0	0	0	0	0	4	0	0	2	0	0	4	0	3	0	2	5	0	1	0	0	0	1	0	27	35	3	61	23	1	0	0	0	0	13	5	32	1	190	124	59	12	28	90	43	9	78	63	11	10	16	36	28	19	15	20	47	0	4	0	3	3	1	1	1	2	11	3	14	44	16	32	25	88	2	9	20	0	25	29	48	29	18	12	9	34	10	12	30	55	22	36	46	158	37	73	52	0	5	105
OTU517	1	0	0	0	0	0	1	6	3	0	0	1	0	0	0	0	2	0	0	0	0	0	0	0	0	0	35	2	118	0	6	0	0	0	0	0	7	2	2	2	0	0	4	0	1	3	5	0	1	3	0	2	0	5	8	1	4	3	2	0	0	0	0	0	0	0	0	0	0	0	0	1	3	6	0	390	5	711	3	1	10	0	5	2	0	1	16	0	1	0	0	2	0	3	0	1	1	0	0	0	0	0
OTU518	0	0	0	0	0	0	1	0	0	0	0	0	0	0	0	0	0	0	0	3	0	1	3	0	2	2	0	0	0	0	0	0	4	0	4	1	0	0	0	0	0	0	0	0	0	0	0	0	0	0	0	0	0	0	6	3	4	1	2	1	0	0	0	1	433	135	303	180	83	0	0	0	0	0	0	0	0	0	0	0	0	0	0	0	0	0	0	0	0	0	0	0	0	0	0	0	0	1	0	2	3	1
OTU519	0	2	0	0	0	0	1	0	0	1	0	3	0	0	0	0	0	0	0	0	0	2	0	4	0	0	51	28	12	41	30	1	3	2	0	0	24	3	25	0	196	9	49	6	10	75	3	28	67	42	5	5	2	5	10	2	14	6	34	0	0	0	0	1	0	0	1	0	113	10	1	9	10	5	13	12	0	12	17	16	32	6	29	7	5	8	58	21	29	55	11	27	7	21	27	40	4	3	6	5	1	1
OTU52	5	34	4	8	3	2	16	3	15	2	8	6	0	5	5	0	8	3	13	1	10	42	2	48	21	22	1156	723	51	1042	405	0	35	1	120	5	1758	29	3171	4	1123	232	397	28	55	11	577	94	120	681	53	280	230	133	107	68	130	44	139	11	3	10	10	16	223	77	23	4	383	651	520	331	151	674	244	244	514	215	359	881	181	55	19	390	316	199	677	4857	755	102	193	177	57	235	109	318	127	0	115	4	55	405
OTU520	0	0	0	0	0	0	1	2	0	0	2	4	0	0	0	0	0	0	0	0	0	0	2	0	0	0	8	6	0	8	7	0	1	6	3	0	0	0	4	0	5	0	1	17	11	2	1	24	5	0	4	4	7	0	7	9	1	6	11	2	1	0	0	0	118	179	97	12	68	0	5	1	11	10	2	13	2	10	8	0	10	2	15	0	4	13	0	2	0	2	5	6	11	4	76	16	120	5	201	60	227	70
OTU521	0	0	0	0	0	0	0	1	0	0	0	0	0	0	0	0	0	0	1	0	0	0	0	3	0	0	0	0	0	0	0	1	1	0	3	1	0	0	1	3	1	0	0	15	13	0	0	43	14	5	0	12	2	1	27	40	0	45	80	2	0	0	0	3	4	14	16	6	100	0	5	2	7	4	0	3	4	0	25	2	4	2	5	0	2	20	0	0	1	0	1	0	34	15	41	15	19	179	51	714	70	65
OTU522	0	0	0	0	0	0	0	0	0	0	0	1	0	0	0	0	0	0	0	0	0	3	0	0	0	0	1	3	0	228	0	0	0	0	0	0	0	0	1	0	187	0	0	1	0	6	0	0	46	417	0	0	326	9	0	0	0	0	15	0	0	0	0	0	0	0	0	0	0	1	1	0	2	3	2	1	0	1	1	0	3	0	0	0	0	0	4	3	1	0	0	2	10	3	1	0	72	0	0	0	0	4
OTU523	0	0	0	0	0	0	1	0	0	0	0	0	0	0	0	0	0	0	0	0	0	0	0	0	1	0	0	0	0	0	0	1	0	1	3	0	0	0	0	0	0	0	0	0	0	0	0	0	0	0	0	0	0	0	0	3	0	0	0	1	1	0	2	1	1	3	2	0	2	0	0	0	0	0	0	0	0	0	0	0	0	0	0	1	0	0	0	0	0	0	0	0	1	10	0	0	26	4	372	7	1	802
OTU524	0	0	0	0	0	0	0	2	0	0	0	0	0	0	0	0	0	0	2	0	2	5	2	4	1	1	7	14	1	3	6	2	0	0	6	1	18	2	34	0	31	19	31	3	17	4	0	4	12	8	9	2	1	2	12	24	62	32	2	0	1	0	0	4	9	59	467	113	33	10	19	23	0	1	16	8	17	81	11	10	6	12	71	0	2	5	15	12	2	2	9	8	8	1	9	2	21	0	2	0	1	118
OTU525	0	1	0	0	0	0	0	3	0	0	0	0	1	0	0	0	0	0	1	0	0	2	4	1	3	5	7	12	0	5	14	0	1	0	7	0	3	0	0	0	6	0	21	32	1	1	7	38	8	3	2	28	0	0	6	3	16	6	14	4	1	3	1	5	210	219	412	109	352	5	0	1	32	0	6	1	2	1	6	0	17	14	25	0	3	0	0	0	2	0	0	12	3	1	31	38	17	7	46	109	291	454
OTU526	0	3	4	0	0	0	0	0	0	0	478	0	0	0	0	0	0	0	0	7	0	0	0	0	0	2	0	7	0	13	2	4	3	0	1	3	1	0	0	2	19	18	11	1	1	0	7	5	6	0	2	18	2	2	0	2	3	4	24	1	1	0	2	0	55	64	65	147	140	0	0	0	2	4	4	9	6	5	2	4	5	6	1	0	0	3	2	0	0	0	2	7	1	2	1	16	2	0	190	4	89	249
OTU527	0	0	0	0	0	0	5	2	221	3	0	0	0	0	399	0	0	0	10	0	9	4	4	2	15	7	1	1	0	3	0	1	5	4	18	4	0	0	0	0	0	0	2	0	0	0	3	1	2	3	0	24	0	7	104	33	39	9	104	10	7	7	5	13	1548	400	69	35	1500	4	5	0	1	0	1	0	2	0	1	2	2	2	0	3	7	5	0	0	0	0	0	12	91	215	10	63	50	494	251	213	1019	850
OTU528	0	3	0	0	2	0	0	5	2	0	2	0	0	1	0	1	0	0	10	0	3	1	0	0	0	1	9	33	1	35	3	3	6	1	12	0	0	0	7	1	4	241	22	36	98	73	22	25	1	42	0	5	16	9	20	39	18	33	35	0	3	0	0	5	75	30	5	52	140	2	10	22	10	35	41	0	6	8	21	3	4	12	44	5	7	68	0	15	47	6	1	19	20	45	57	29	64	441	22	73	154	1
OTU529	0	1	0	0	0	0	0	21	1	0	0	0	0	0	0	0	2	0	0	0	1	0	0	0	0	1	123	58	5	35	15	0	3	1	0	0	5	3	16	0	7	7	27	4	9	21	0	2	0	3	17	9	3	21	3	11	222	1	5	1	0	3	0	0	0	0	11	0	0	22	42	7	0	0	4	896	28	7	6	22	8	13	4	50	24	4	16	14	1	6	1	2	0	3	6	5	9	0	1	0	0	0
OTU53	0	12	7	5	2	1	15	13	0	7	4	6	1	1	2	0	1	1	18	1	13	16	4	20	17	29	388	876	666	349	160	16	17	7	47	2	140	112	421	3	438	101	314	124	348	62	182	23	33	180	39	422	147	125	103	171	289	147	313	16	7	6	8	25	658	662	681	1031	5583	54	222	296	96	386	392	455	527	44	229	799	162	145	176	339	157	297	327	246	184	277	227	356	117	238	138	361	151	12	13	20	31	7
OTU530	0	0	0	0	0	1	0	2	2	0	0	0	1	0	0	0	0	0	0	0	2	0	0	0	0	0	1	3	3	0	0	0	0	0	2	0	0	0	7	0	988	4	99	1	0	0	1	0	0	4	0	2	0	1	3	0	0	1	4	0	0	0	0	0	0	0	0	0	0	2	0	2	0	0	1	1	1	5	13	2	13	0	3	0	2	1	10	40	1	0	0	1	0	3	0	2	0	0	0	0	0	0
OTU531	0	2	1	0	4	3	1	0	1	1	1	0	0	0	3	0	0	0	1	0	1	0	0	0	2	0	56	27	42	19	36	2	6	4	5	0	1	59	34	2	39	20	97	13	23	60	9	36	12	16	5	81	11	5	22	6	83	4	19	0	0	0	0	2	11	54	8	27	50	5	27	16	6	66	8	30	44	26	71	14	28	28	33	51	78	12	40	41	131	20	15	61	10	24	80	110	61	1	8	71	2	1
OTU532	0	0	0	0	0	0	1	0	0	0	0	0	0	0	0	0	0	0	0	0	0	0	1	1	3	2	1	9	0	3	1	3	3	1	2	1	1	0	3	0	3	4	26	5	3	27	4	6	21	3	1	16	0	8	32	16	5	18	15	0	0	0	3	0	83	123	192	167	203	0	0	0	8	0	1	1	0	2	8	0	20	20	6	1	7	1	0	0	0	0	11	8	0	4	12	14	6	4	7	0	49	31
OTU533	345	0	0	0	0	1	0	0	0	0	0	0	0	0	0	0	0	808	0	0	0	0	0	0	0	0	3	0	0	0	0	1	0	0	0	0	1	0	0	0	0	0	0	0	0	2	2	0	0	1	0	0	0	17	5	0	6	6	0	328	0	0	0	0	0	0	0	0	1	0	1	1	0	1	0	2	6	0	2	2	5	12	1	0	0	0	0	0	2	0	2	1	4	3	3	3	4	0	13	1	0	0
OTU534	0	0	0	0	0	0	0	0	0	0	1	2	0	0	0	0	0	0	0	0	0	0	0	0	0	0	0	0	0	1	0	0	0	0	0	0	0	4	0	0	0	0	0	1	1	1	2	27	0	0	0	1154	0	1	3	4	4	0	23	0	0	0	0	0	0	0	26	0	0	0	1	0	0	4	1	3	1	1	3	1	1	0	1	2	1	0	1	1	1	1	0	1	17	2	1	7	6	0	0	0	0	0
OTU535	0	1	0	0	0	0	3	3	0	0	0	3	0	0	0	0	0	0	0	0	1	1	0	0	0	1	15	27	25	41	72	0	3	0	7	4	38	12	37	5	44	35	7	2	14	16	25	24	41	3	8	19	46	42	15	14	7	16	31	0	1	0	0	1	7	1	1	7	0	7	1	10	31	41	22	28	53	103	79	14	47	22	104	18	15	35	53	23	94	23	41	12	21	39	20	70	6	3	22	25	28	0
OTU536	0	1	2	0	0	0	0	0	0	4	2	0	0	3	0	2	0	0	3	0	9	0	0	0	0	0	28	8	0	7	34	8	4	8	3	1	5	2	25	0	188	48	379	144	82	214	41	13	3	9	0	1	0	34	57	282	254	32	20	4	1	0	0	0	2	3	10	0	1	2	3	43	8	17	13	4	14	5	1	4	12	217	0	20	0	55	0	5	15	3	2	26	23	7	15	10	165	2	0	0	0	4
OTU537	0	0	0	0	0	0	1	3	0	0	0	0	0	0	0	0	0	0	0	0	0	0	0	0	1	0	24	4	0	21	18	2	2	0	0	0	2	1	30	1	2	5	2	23	1	15	8	1	0	0	0	32	5	1	11	9	4	12	15	0	3	0	2	3	4	80	66	28	46	3	7	1	1	6	10	3	1	6	16	2	4	23	23	0	8	20	0	3	0	21	3	3	29	13	28	7	24	161	60	0	43	164
OTU538	0	0	0	0	0	1	3	2	0	1	1	0	0	0	0	0	0	0	3	0	1	1	1	0	0	2	3	13	2	19	10	3	0	2	3	1	4	0	1	0	6	3	0	18	2	0	17	18	11	7	3	31	2	88	4	18	17	13	22	0	4	0	4	0	63	65	377	57	224	0	0	0	1	4	1	4	4	5	4	1	6	9	9	19	15	23	0	7	8	7	8	4	45	20	178	29	15	0	34	29	16	9
OTU539	1	0	0	0	0	0	0	1	0	0	0	0	0	0	0	0	0	0	0	1	0	0	1	0	5	3	6	12	0	13	4	0	2	1	0	1	0	0	0	0	0	0	0	6	6	9	2	1	4	1	0	6	3	0	8	1	11	0	10	2	0	0	0	3	169	144	82	40	80	0	0	3	7	0	1	2	0	1	5	0	1	5	11	25	14	8	0	0	1	9	5	15	8	21	28	11	15	210	124	2	113	56
OTU54	0	8	9	1	0	7	1	17	5	0	13	7	0	2	4	1	0	0	11	0	15	2	3	2	7	7	607	94	145	73	1382	17	35	8	11	37	53	5	7	3	23	46	151	436	457	112	67	1177	4	13	4	457	434	39	533	186	368	49	264	7	7	5	10	30	1300	3111	1273	1121	1539	18	6	34	101	341	56	132	31	7	45	68	37	721	397	353	366	45	7	28	60	8	451	5	312	153	426	562	388	29	340	9	1016	13
OTU540	0	0	1	0	0	0	0	1	0	0	0	0	0	0	0	0	1	0	0	0	0	1	0	0	1	0	0	0	15	10	1	0	0	0	0	0	2	0	4	0	4	4	0	1	2	4	0	22	550	1	0	34	11	108	5	1	5	24	10	0	2	0	0	0	0	0	0	1	0	0	5	4	37	10	1	4	5	1	60	6	6	9	27	5	8	42	3	0	0	1	55	15	20	8	35	10	27	0	22	242	1	1
OTU541	0	3	0	0	0	2	0	3	0	0	4	2	0	0	2	1	1	1	3	0	0	0	0	1	0	5	4	4	0	16	0	0	0	2	5	0	12	1	3	0	34	181	22	37	10	4	4	1	39	7	22	7	13	33	52	54	7	14	4	0	0	0	0	2	0	0	1	0	0	73	144	85	44	58	59	73	8	15	10	84	19	19	2	0	0	1	26	36	52	7	20	40	11	23	36	16	2	0	1	0	0	0
OTU542	0	0	0	0	0	0	0	0	0	0	0	0	0	0	0	0	922	0	0	0	0	0	0	0	0	0	0	0	0	0	1	0	0	0	0	0	0	0	0	0	1	0	0	0	0	0	0	0	0	1	0	0	0	0	1	4	0	0	0	0	0	0	0	13	0	1	0	0	0	0	0	0	0	0	0	2	0	1	0	0	1	0	2	0	0	1	3	0	4	0	0	0	4	0	0	0	7	0	0	0	0	0
OTU543	0	0	0	0	0	0	1	0	0	0	0	0	0	1	0	0	0	0	0	0	1	1	0	0	0	0	24	15	8	50	24	0	7	3	6	6	1	0	3	1	98	19	44	24	83	120	54	19	15	14	2	36	12	16	36	17	15	23	68	0	2	0	0	1	156	93	135	55	63	0	3	16	19	31	8	12	0	8	53	21	40	15	41	14	10	35	4	20	10	4	8	4	34	23	56	77	26	24	86	20	253	101
OTU544	411	0	0	0	0	0	0	0	0	0	1	0	0	0	521	0	0	0	0	0	0	0	0	0	0	0	3	1	0	0	0	0	0	0	0	0	1	1	0	0	0	0	0	1	0	0	0	2	0	0	0	1	0	1	5	1	1	0	8	0	0	0	0	0	0	0	0	0	0	1	1	1	1	0	0	1	11	1	0	0	3	9	0	0	2	1	0	2	1	0	0	1	4	0	0	2	2	0	0	0	12	0
OTU545	0	3	2	1	0	0	0	0	0	0	3	1	0	0	1	0	0	0	0	0	0	0	3	0	0	0	18	5	8	36	45	3	2	2	0	6	4	0	15	0	15	5	0	21	137	80	81	364	0	3	0	1	0	18	14	17	66	17	35	0	0	0	0	0	0	0	1	0	1	10	2	0	23	4	2	12	10	8	10	11	3	1	80	29	17	4	1	1	9	83	9	1	29	46	69	96	6	0	0	0	0	0
OTU546	0	0	0	0	0	0	0	0	0	0	4	0	0	0	0	0	0	0	3	0	0	6	0	0	0	1	10	48	15	11	12	4	1	0	4	0	87	0	36	1	5	0	4	32	38	5	20	7	9	25	6	8	4	0	10	2	197	14	16	1	0	1	0	1	0	1	122	36	0	0	9	7	0	41	35	6	11	50	10	21	3	17	8	17	10	0	0	38	4	18	26	14	0	4	4	61	44	0	0	2	9	2
OTU547	0	0	0	2	0	0	0	2	0	0	0	0	0	1	0	0	0	0	2	0	0	0	0	0	0	3	97	0	1	0	22	0	9	0	3	0	0	2	0	0	1	0	0	1	13	0	5	10	0	2	0	0	0	0	3	0	4	0	44	0	4	0	3	2	29	2	93	0	2	0	0	0	0	0	0	1	3	1	0	4	1	4	0	8	15	0	0	1	0	0	0	2	4	11	23	18	7	320	188	6	232	30
OTU548	0	0	0	0	0	0	2	0	0	0	4	0	0	0	0	0	0	0	2	0	0	0	0	2	5	1	9	34	12	5	15	0	0	2	1	1	11	2	13	0	38	40	28	10	19	60	14	11	44	29	6	51	1	19	25	17	22	17	8	0	1	0	0	1	69	44	175	99	72	4	21	10	31	20	2	15	7	12	27	0	23	6	12	8	18	21	20	14	62	20	11	23	21	31	49	38	19	0	2	22	6	136
OTU549	0	6	0	0	0	0	0	0	0	0	0	6	0	0	0	0	0	0	0	0	0	0	0	0	0	0	0	1	0	1	0	0	1	0	0	0	0	0	0	0	0	0	2	0	14	0	2	4	1	1	3	0	3	0	1	0	1	0	2	0	12	2	2	0	2	0	0	1	1	4	4	0	3	4	0	0	0	0	0	0	0	1	1176	0	0	2	0	3	0	1	1	2	91	1	8	3	0	642	0	1	0	0
OTU55	0	0	0	0	0	0	5	11	0	1	0	0	0	0	0	0	0	0	6	1	7	3	8	0	4	0	0	0	0	0	0	0	5	1	8	7	0	0	0	0	0	1	1	0	0	0	0	0	0	0	0	0	0	0	0	0	1	0	0	6	10	0	1	15	12	9	10	8	27	0	1	0	0	0	0	0	3	0	0	0	0	0	0	0	0	0	0	0	0	0	0	0	2	57	107	87	0	13	3719	8387	4193	50
OTU550	0	0	0	0	0	0	0	0	0	1095	0	1	0	0	0	0	0	0	0	0	0	0	0	0	0	0	0	1	0	0	0	0	0	0	0	0	0	0	0	0	1	0	0	4	1	0	0	0	1	0	1	1	0	0	0	0	4	0	2	0	0	0	0	0	0	0	0	0	0	0	3	0	0	2	6	0	0	0	0	0	1	0	0	1	1	0	1	0	0	0	0	0	1	0	1	1	1	0	0	0	0	0
OTU551	0	0	0	0	0	0	0	0	0	0	0	0	0	0	0	0	0	0	0	0	0	2	0	1	0	0	0	0	0	0	0	0	0	0	3	0	0	0	0	0	0	0	0	0	0	0	0	0	0	0	0	0	0	0	0	0	0	0	0	0	0	0	0	1045	4	0	2	21	1	0	0	0	0	0	0	0	0	0	0	0	0	3	0	0	0	0	0	0	0	0	0	0	0	0	0	0	0	0	2	7	5	1
OTU552	0	0	0	0	0	0	1	0	0	1	3	0	0	3	0	0	0	2	2	0	0	0	0	0	0	0	47	1	0	1	1	0	0	0	0	0	3	0	6	0	9	4	0	11	11	11	0	69	44	11	4	0	5	253	94	18	3	72	35	0	0	0	0	4	1	0	0	4	6	1	136	3	1	0	92	4	1	3	42	6	108	36	41	18	13	92	1	1	11	0	29	38	30	19	44	21	19	1	5	0	0	41
OTU553	0	0	3	0	0	0	25	0	0	0	2	2	1	3	2	0	0	0	7	2	11	6	0	3	1	3	62	6	25	38	124	1	2	1	21	1	11	13	119	0	59	71	99	31	37	83	26	4	68	131	4	82	46	22	16	37	33	22	18	2	0	1	6	8	218	195	244	476	184	15	25	21	11	22	33	23	11	87	74	17	649	47	62	19	11	18	198	57	193	19	4	19	55	149	65	98	41	13	60	9	31	78
OTU554	0	6	0	0	0	1	1	6	4	1	0	0	0	2	4	1	3	0	3	0	1	4	10	1	3	4	24	25	204	10	83	2	2	1	7	1	177	240	123	8	68	67	80	74	3	66	14	5	9	28	5	7	37	15	35	20	95	8	5	0	0	0	1	6	10	35	29	34	44	11	145	3	18	18	37	283	87	127	17	120	36	19	109	20	10	8	186	97	270	0	16	21	16	21	32	24	17	2	15	7	78	23
OTU555	1	1	3	0	0	0	2	0	1	0	0	2	0	3	0	3	0	0	4	0	0	0	0	5	0	0	5	46	1	10	52	4	1	0	6	0	8	10	37	0	99	110	51	2	4	16	21	2	18	42	6	18	10	9	8	0	152	4	3	0	0	0	2	0	0	0	6	1	0	28	66	42	13	19	195	50	4	16	46	15	23	7	0	6	5	5	79	70	36	29	17	36	12	21	8	21	73	0	0	0	0	1
OTU556	0	0	2	0	0	0	6	1	0	0	0	5	0	0	0	0	0	0	0	1	1	1	0	1	0	0	1	3	27	25	0	0	1	0	3	4	0	0	2	1	2	3	0	19	15	0	5	28	17	0	0	16	0	0	33	8	2	28	3	1	0	2	0	4	196	2	52	39	109	4	1	0	0	14	0	0	0	1	0	0	0	8	0	1	8	38	0	0	0	0	0	0	1	43	40	44	56	0	9	3	3	540
OTU557	0	0	0	0	0	0	0	5	0	0	0	0	0	0	0	0	0	0	0	0	1	1	0	0	2	0	0	0	0	5	0	1	0	2	1	0	0	0	0	0	0	0	0	0	1	0	0	0	0	0	0	2	0	1	0	1	4	10	4	1	0	0	0	0	62	87	582	362	148	0	0	0	0	6	0	0	0	0	0	0	0	0	0	0	6	9	0	0	0	0	9	0	0	6	0	8	0	1	118	0	128	4
OTU558	0	10	0	0	0	0	0	1	1	3	0	2	0	0	0	0	0	0	0	0	0	0	0	0	0	0	0	0	1	4	0	2	0	0	0	0	3	4	1	0	3	5	5	9	50	24	11	4	0	28	499	10	3	2	136	41	4	4	24	0	0	0	0	0	7	0	16	4	0	1	3	1	4	7	3	7	1	23	12	6	16	17	1	6	0	2	4	10	4	18	1	77	4	11	3	45	30	0	0	0	0	0
OTU559	0	0	0	0	0	0	0	1	0	0	0	0	0	3	1	0	0	0	1	0	0	0	0	0	2	0	2	2	2	149	0	0	8	0	3	0	0	0	0	1	0	0	0	3	14	2	27	58	31	0	0	2	0	0	7	109	5	17	5	1	1	0	0	2	5	1	5	0	4	0	6	3	1	0	0	2	4	0	1	0	0	8	30	7	3	43	1	1	1	0	0	0	37	25	11	3	11	138	304	2	3	32
OTU56	2	20	0	1	0	0	3	7	1	3	12	6	0	1	1	5	3	2	2	0	5	3	1	6	6	407	41	46	30	7864	23	3	6	3	3	3	27	25	276	3	90	43	23	16	52	18	10	55	84	30	3	80	61	64	65	109	102	83	57	5	197	7	7	2	6	21	11	3	4	46	93	47	22	60	75	91	81	34	72	17543	60	195	4120	433	74	44	63	44	94	218	75	188	47	90	96	104	50	1	1	242	3	9
OTU560	0	0	1	0	0	0	4	3	0	0	2	0	0	1	0	0	0	0	1	0	4	1	1	0	6	2	16	36	30	48	32	1	3	0	3	1	25	20	22	3	76	36	25	12	7	14	12	17	9	19	1	19	17	11	31	24	29	43	22	0	0	2	3	0	76	52	266	259	48	13	48	33	2	13	27	22	13	17	43	11	16	20	16	14	8	15	44	28	16	2	3	31	9	10	5	41	21	0	5	2	42	28
OTU561	0	0	0	0	0	1	2	1	3	0	3	0	0	0	0	0	0	0	0	0	0	0	0	0	5	0	27	29	24	32	21	0	2	0	0	3	7	1	3	0	10	4	24	9	61	21	18	26	26	8	3	12	2	30	34	20	4	23	13	3	0	0	1	1	107	47	54	3	92	9	0	19	12	12	12	0	6	1	36	2	30	13	6	19	25	16	0	5	0	0	1	11	11	47	15	25	5	1	45	2	3	44
OTU562	0	0	0	0	0	1	0	0	0	0	0	0	0	0	0	0	1326	0	0	0	0	0	0	0	0	0	1	0	1	0	0	0	0	1	0	0	0	1	1	0	2	0	0	0	0	0	0	0	0	0	0	1	0	1	0	0	1	1	0	0	0	0	0	3	0	0	0	0	0	0	0	1	0	0	1	3	0	0	0	0	5	0	0	0	2	0	1	0	0	0	0	0	1	0	0	4	1	0	0	0	0	0
OTU563	0	0	0	0	0	0	0	2	0	0	0	0	0	0	0	0	0	0	0	0	1	1	4	0	2	2	0	0	0	0	0	2	0	0	3	1	0	0	0	0	0	0	0	0	0	0	0	0	0	0	0	0	0	0	0	0	0	0	0	0	3	0	0	0	0	2	1	0	7	0	0	0	0	0	0	1	0	0	0	0	0	0	0	0	0	0	0	0	0	0	0	2	3	15	1	13	3	109	612	131	299	152
OTU564	0	5	0	0	0	0	0	0	0	0	0	0	0	2	0	0	0	0	0	0	0	0	0	0	3	0	4	165	3	2	0	0	0	0	3	15	1	0	3	0	1	0	4	1	5	2	41	441	2	0	0	2	0	5	5	12	7	0	0	12	0	0	0	0	2	1	2	0	0	0	1	0	1	1	0	1	0	2	24	2	1	536	10	0	0	13	3	2	2	0	0	6	8	0	13	4	2	0	0	0	40	0
OTU565	0	1	1	0	0	0	0	0	2	0	0	0	0	0	0	0	1	0	0	0	0	0	0	0	0	0	4	0	0	2	0	32	0	0	0	0	2	0	4	1	1	2	0	772	0	0	0	0	0	3	0	4	0	13	8	1	0	0	0	0	0	3	0	0	2	0	0	0	4	3	0	0	1	328	1	2	1	1	2	3	0	5	0	561	2	1	4	0	0	0	2	4	0	3	1	9	5	0	0	0	0	0
OTU566	0	0	0	0	0	0	1	2	0	0	0	0	0	0	0	0	0	0	0	0	2	2	0	0	0	0	0	0	0	0	0	0	5	0	1	0	0	0	0	0	0	0	0	0	0	0	0	0	0	0	0	0	0	0	0	0	0	0	0	1	0	0	3	2	5	0	5	2	2	0	0	0	0	0	0	0	0	0	0	0	2	0	0	0	0	0	0	0	0	0	0	0	27	0	2	0	0	1892	0	273	1	0
OTU567	0	2	0	0	0	10	4	1	0	3	0	6	0	1	1	0	0	0	0	0	0	1	0	0	1	0	17	83	3	31	41	1	0	0	1	0	2	0	7	0	7	4	0	45	50	33	1	17	18	4	9	1	30	21	68	36	16	17	46	0	7	1	0	0	3	0	1	0	1	0	0	9	7	15	12	20	2	1	57	33	43	17	69	21	19	75	0	8	1	48	83	4	25	40	27	99	39	0	2	0	68	0
OTU568	0	0	0	0	0	0	3	0	0	0	0	0	0	0	0	0	0	0	0	0	0	0	0	2	1	3	2	13	0	24	0	0	0	1	1	0	1	0	1	0	2	9	0	19	4	45	14	12	15	19	5	82	0	2	2	4	1	12	3	2	1	0	0	0	48	5	41	69	77	0	0	3	2	8	1	2	2	0	17	2	42	31	51	11	2	9	2	4	4	1	2	64	31	18	4	27	5	183	30	2	66	13
OTU569	0	0	0	0	0	0	0	0	0	0	1043	0	0	0	0	0	0	0	0	2	0	0	0	0	0	0	0	0	0	0	0	0	0	0	0	0	0	0	0	0	1	0	0	0	0	0	0	0	2	0	0	0	2	0	1	0	1	0	2	0	0	0	0	0	0	0	0	0	0	0	0	0	2	0	0	1	11	0	0	0	2	0	0	0	0	0	1	0	0	1	0	4	0	0	0	1	0	0	0	0	0	0
OTU57	1	30	3	6	3	4	18	16	0	3535	9	13	0	8	97	142	2740	1217	10	2	11	21	24	20	14	14	16	33	563	80	22	43	488	12	53	9	71	53	276	0	188	43	38	148	256	106	62	19	92	46	47	54	38	197	773	573	95	172	97	45	10	12	61	81	107	194	394	71	80	8	698	499	285	43	961	58	155	550	106	55	62	235	99	50	62	491	65	147	577	4788	53	405	3808	442	222	185	603	13223	501	377	720	988
OTU570	0	3	0	0	0	3	0	1	0	0	2	0	0	0	0	0	1	0	5	0	2	2	0	2	2	0	40	24	6	34	30	2	2	3	3	5	9	1	71	2	23	44	8	30	37	17	13	59	40	15	14	54	27	12	20	40	17	38	30	1	0	0	2	6	184	161	240	92	270	22	49	24	52	50	65	15	10	3	19	68	21	41	13	25	9	89	34	18	26	20	79	33	44	43	37	6	40	8	3	10	4	27
OTU571	0	0	0	0	0	0	2	0	0	0	0	1	1	0	0	0	2	0	4	0	1	16	0	0	6	2	14	14	59	0	22	1	2	0	5	0	380	8	31	4	24	30	40	9	19	10	2	0	9	7	7	26	32	37	9	7	9	3	10	4	0	0	0	1	180	98	341	84	184	1	23	24	47	14	42	4	52	29	52	0	25	7	16	5	0	5	284	46	10	18	14	155	1	1	0	24	2	2	0	2	1	2
OTU572	0	5	0	0	0	3	0	9	0	0	0	4	0	0	0	0	0	0	1	0	1	0	0	0	1	0	21	5	27	19	32	6	5	1	0	2	2	0	1	0	302	13	12	120	121	35	37	10	1	1	1	32	19	6	58	19	131	12	22	0	1	2	0	0	3	0	5	1	5	15	9	0	96	74	33	5	1	10	14	8	15	6	6	122	3	0	5	0	2	23	20	65	34	42	39	21	8	0	8	0	0	1
OTU573	0	1	2	0	0	0	0	0	0	0	5	2	0	1	0	0	0	0	2	0	0	0	0	0	0	0	2	3	1	0	1	6	6	5	0	0	1	5	1	0	19	37	0	204	182	147	19	4	0	0	0	0	2	9	79	267	61	20	78	0	1	0	0	0	4	2	0	0	0	0	1	0	2	2	11	1	12	1	2	4	3	27	1	1	63	44	3	2	4	0	1	1	45	1	88	43	7	1	0	1	4	0
OTU574	0	0	0	0	0	0	0	4	0	0	0	0	0	0	0	0	0	0	3	0	2	0	0	0	2	0	0	0	0	0	0	1	5	0	3	1	0	0	0	0	0	0	0	0	0	0	0	7	0	0	0	0	0	0	0	1	0	0	6	1	3	0	2	6	145	155	85	4	53	0	0	0	0	0	0	0	0	0	1	0	0	0	0	0	0	15	0	0	0	0	0	0	0	1	3	0	0	0	152	494	111	37
OTU575	0	0	0	0	0	2	2	1	0	1	6	0	0	0	0	0	0	0	1	0	0	3	0	1	4	1	11	1	0	0	9	0	5	1	2	5	0	0	2	0	18	45	0	0	0	0	0	90	10	0	0	2	5	18	13	12	3	24	9	0	0	1	0	3	0	2	262	2	118	0	6	31	27	9	4	1	4	0	8	11	3	15	58	0	29	76	0	0	2	44	60	11	26	27	30	8	1	1	25	240	80	234
OTU576	0	1	0	0	0	1	3	2	0	0	1	0	0	1	0	0	0	0	0	0	3	0	0	0	0	0	1	0	5	58	15	0	0	0	0	31	6	0	5	1	5	1	3	1	3	1	0	1165	1	2	0	5	0	5	6	2	9	151	2	0	0	0	0	5	0	0	1	5	0	6	6	5	59	3	6	2	3	3	5	1	6	7	22	25	0	28	5	0	1	14	0	5	2	5	18	23	4	0	0	0	0	0
OTU577	0	1	2	0	3	0	0	1	0	0	0	2	0	0	0	0	0	0	0	0	0	1	0	0	0	0	27	149	73	52	63	0	6	0	2	0	26	85	10	0	3	5	4	12	34	7	34	76	41	19	2	47	11	25	59	85	14	37	29	13	0	0	0	0	0	0	1	3	2	8	89	34	23	12	12	126	4	3	39	36	10	33	44	80	30	27	131	41	4	35	9	50	41	58	95	98	61	0	1	36	33	4
OTU578	0	3	3	0	0	0	0	1	0	0	0	0	0	0	0	0	0	1	0	0	0	0	2	0	0	0	0	0	0	0	2	0	7	2	0	0	0	1	0	0	0	0	0	2	97	101	3	0	0	0	0	0	12	5	0	95	2	159	5	0	0	0	0	1	3	0	0	0	0	1	0	1	0	1	1	3	2	1	1	0	3	0	1	0	1	1	1	1	0	0	7	408	2	7	117	72	318	1	282	0	0	3
OTU579	0	0	0	0	0	0	0	0	0	0	0	0	0	0	0	0	0	0	0	0	0	0	0	0	0	0	0	0	0	0	0	393	0	0	0	0	0	0	0	0	0	0	0	14	0	0	0	0	0	0	0	0	0	0	0	0	0	0	0	0	0	0	0	373	0	0	1	1	0	0	0	0	0	0	0	0	0	0	0	0	0	0	0	0	0	9	0	0	0	0	0	0	0	0	0	0	0	0	0	0	0	0
OTU58	1	14	9	0	1	1	2	31	0	3	15	8	2	6	8	2	2	4	3	0	1	3	0	1	182	0	1217	47	60	503	81	3	41	1	8	4	25	13	14	5	62	23	32	60	94	42	23	33	161	66	22	681	136	2625	149	86	104	82	268	33	5	9	9	15	9	2	21	4	39	31	204	74	1077	666	54	45	46	17	6328	65	81	1676	162	244	174	167	31	39	16	926	88	191	170	110	234	301	152	201	137	61	558	250
OTU580	0	5	2	0	0	0	4	5	2	0	1	0	2	0	0	0	0	0	2	0	1	0	0	2	1	1	53	85	2	45	58	0	10	3	1	1	0	1	2	0	137	9	2	1	57	85	19	22	5	3	7	51	1	10	162	105	18	43	26	1	0	5	0	5	198	549	41	258	94	7	0	18	16	5	9	9	15	0	26	1	29	44	110	131	27	20	3	3	2	4	7	17	99	22	25	134	129	1	3	1	104	113
OTU581	0	0	1	0	1	0	0	0	0	0	2	4	0	0	1	0	0	0	0	0	0	0	0	0	0	2	0	1	0	1	0	0	0	0	0	0	6	1	0	0	1175	0	1	0	2	1	3	1	0	4	0	3	0	0	4	3	3	2	3	0	0	0	0	0	0	0	0	0	1	0	0	1	0	0	0	4	0	1	0	0	7	3	0	1	3	4	0	0	36	0	0	0	5	4	1	9	2	0	0	0	0	0
OTU582	0	0	0	2	0	0	0	0	2	6	2	0	0	1	0	1	0	0	0	0	0	1	2	1	0	3	113	2	463	27	117	0	3	0	9	0	153	188	58	4	3	10	22	1	3	5	2	0	0	2	6	6	5	8	4	1	76	2	3	0	0	0	0	2	2	0	4	0	0	0	159	10	0	1	17	95	681	89	1	151	21	11	2	0	2	3	3	269	252	13	23	0	0	9	3	6	6	1	0	0	3	0
OTU583	0	1	5	1	0	0	0	1	2	0	4	5	0	0	0	0	0	0	0	0	0	0	0	0	0	0	0	10	0	3	1	1	0	0	0	10	0	1	4	0	5	2	0	2	9	4	7	372	2	2	1	10	162	16	7	1	11	0	6	1	0	0	0	0	0	0	4	0	0	0	0	0	343	0	4	12	2	4	7	0	60	4	8	0	0	9	4	1	0	4	1	17	6	4	21	3	1	0	0	0	2	0
OTU584	0	1	0	0	0	0	3	1	0	0	0	0	0	1	0	0	0	0	1	0	0	2	3	2	3	0	34	49	8	22	64	8	3	0	1	0	8	0	13	0	68	16	34	30	23	21	13	37	16	7	7	46	11	12	38	22	34	52	73	4	1	1	2	5	242	178	283	169	185	11	41	12	25	21	24	28	8	15	19	13	13	25	70	11	16	27	18	4	5	27	40	39	53	49	113	105	58	82	98	86	169	217
OTU585	0	1	0	1	0	0	0	0	1	0	1	0	0	1	0	0	0	0	0	0	0	0	0	0	0	0	0	3	1	38	0	0	2	2	1	3	1	0	1	0	6	8	1	61	69	18	5	91	0	6	0	8	0	3	221	0	43	18	43	0	3	1	2	1	3	0	3	3	2	3	0	9	2	8	0	0	5	5	5	0	6	31	190	50	24	53	1	1	0	0	0	0	18	9	138	12	51	1	0	3	1	1
OTU586	0	0	0	0	0	0	0	2	0	2	0	0	0	0	0	2	0	0	1	0	1	3	0	0	0	0	24	15	2	8	12	2	4	0	1	1	1	0	6	0	3	23	1	26	6	5	16	5	18	7	5	35	11	9	25	15	5	19	17	1	0	0	0	1	367	94	81	15	192	0	0	9	1	4	5	9	0	0	11	1	3	45	9	5	0	7	8	9	1	6	4	10	8	29	17	9	41	17	23	3	16	46
OTU587	0	2	0	0	0	0	0	1	0	0	0	0	0	0	0	0	0	0	3	0	0	0	0	2	1	0	2	1	2	2	48	0	0	0	0	0	2	0	0	0	25	20	4	12	12	6	12	11	0	6	0	79	2	18	4	25	20	22	40	0	4	3	0	3	6	27	19	0	1	6	4	2	63	18	13	0	5	2	63	0	1	18	32	3	5	41	4	10	6	16	0	3	135	79	32	143	71	7	5	0	4	3
OTU588	0	1	0	0	0	0	0	1	1	0	0	4	1	0	0	0	0	1	0	0	0	0	0	0	2	1	12	109	12	0	9	0	1	0	13	1	106	1	39	0	564	36	14	2	3	0	1	0	9	30	21	1	2	2	2	5	0	3	8	0	0	0	0	0	0	65	0	0	75	5	10	3	0	2	11	17	6	7	23	11	2	5	1	7	27	18	42	145	282	9	0	3	3	1	2	1	4	7	0	0	2	1
OTU589	0	1	0	0	0	0	0	3	0	0	4	0	0	0	0	0	0	1	0	0	0	0	2	0	0	0	13	16	0	18	0	1	0	6	3	2	4	4	8	0	12	15	5	25	41	72	11	16	68	7	5	9	7	1	4	25	12	27	23	0	0	0	0	1	15	42	41	42	50	0	3	14	15	5	3	3	2	4	11	3	14	22	16	14	33	47	19	8	1	14	19	0	43	51	21	43	43	2	7	1	10	0
OTU59	0	24	9	6	0	11	14	39	2	7	13	12	5	11	11	955	2	4	12	0	10	18	9	11	14	8	355	429	661	537	268	17	21	15	48	3	984	698	831	7	1174	372	372	428	808	673	193	155	337	434	230	874	349	131	657	450	1175	231	392	13	4	6	9	17	180	140	177	207	299	599	554	268	466	546	516	1533	458	1417	439	311	484	450	315	217	311	269	952	624	1101	302	239	710	269	314	332	582	558	9	17	10	15	5
OTU590	0	2	0	0	0	0	0	0	0	0	0	0	0	1	0	0	0	0	0	0	0	0	0	0	0	2	1	40	0	8	4	5	0	0	0	2	1	7	2	0	0	0	4	229	11	19	1	10	0	2	0	2	2	8	48	382	36	16	13	0	0	0	0	0	2	17	4	0	1	8	13	5	1	2	9	4	2	0	14	1	6	77	0	4	0	1	1	4	1	1	3	7	64	1	26	15	4	5	0	3	0	0
OTU591	0	0	0	0	0	0	1369	0	0	0	0	0	1	0	0	0	0	0	0	0	1	0	0	1	0	1	0	0	0	0	0	0	0	2	0	1	0	0	0	0	0	0	0	0	0	0	0	0	0	0	0	0	0	0	0	0	0	0	0	0	0	0	0	0	1	2	3	0	1	0	0	0	0	0	0	0	0	0	0	0	7	0	0	0	0	0	0	0	0	1	0	0	0	3	0	0	0	3	23	0	4	1
OTU592	0	2	0	0	3	1	2	0	0	0	0	0	0	0	0	0	0	2	5	3	1	3	2	2	4	3	23	4	37	3	7	0	1	0	3	2	20	2	4	0	141	20	59	6	3	47	26	16	40	5	0	37	46	131	12	9	11	9	16	3	0	0	0	8	177	132	237	73	121	1	0	2	25	31	23	40	7	0	62	11	59	11	29	8	12	11	32	6	3	11	29	32	29	18	12	6	40	30	54	6	134	152
OTU593	0	0	0	0	0	0	0	3	0	0	0	0	0	0	0	0	0	0	1	0	0	0	0	0	0	0	1	1	3	3	55	0	0	1	0	0	0	0	2	0	1	67	0	2	0	26	1	4	56	0	0	65	2	8	102	1	1	5	158	0	0	0	0	8	3	0	0	0	9	0	2	0	88	102	0	0	1	2	9	2	3	4	4	0	3	57	1	1	5	0	1	2	0	4	182	62	0	0	2	7	0	0
OTU594	0	0	1	0	0	0	0	4	0	0	0	2	0	0	0	1	0	0	6	0	0	4	0	0	7	2	44	72	160	43	12	0	9	2	3	0	21	8	7	2	70	62	85	14	28	11	19	2	20	14	2	288	56	11	14	47	45	20	30	0	0	0	0	0	377	338	734	373	115	0	0	0	38	60	4	137	5	22	129	41	8	9	19	3	2	10	14	34	4	105	198	2	10	74	17	33	46	2	171	1	6	5
OTU595	0	0	1	1	0	2	10	0	0	0	3	0	0	1	1	0	0	0	0	0	0	0	0	3	2	0	6	0	0	18	2	0	3	0	1	0	15	0	22	1	12	5	6	0	0	0	10	1	59	50	1	0	79	28	9	4	2	4	4	2	1	0	0	0	26	205	59	30	91	14	25	29	26	26	61	60	67	2	30	3	42	2	12	11	10	27	13	0	14	35	57	17	2	6	8	8	6	22	100	1	98	95
OTU596	0	5	0	0	0	0	0	4	1	1	1	0	1	0	1	0	0	0	2	0	0	0	0	0	3	0	0	2	1	3	0	0	0	0	0	2	4	1	0	0	15	11	1	1	0	0	2	118	80	3	0	26	3	15	2	9	8	177	299	0	0	0	0	2	0	0	0	4	5	0	2	3	79	2	1	5	13	5	87	0	18	9	200	0	33	148	0	1	6	5	0	49	99	69	104	15	6	2	0	1	3	2
OTU597	0	1	3	1	0	1	0	0	0	0	7	1	0	2	0	0	0	0	3	0	3	3	0	1	1	0	26	20	43	29	5	0	5	1	0	0	56	3	0	0	237	47	47	0	0	16	3	11	0	1	0	0	0	3	8	1	9	5	1	10	0	0	0	0	54	0	166	123	41	1	5	1	0	1	2	162	25	17	17	27	15	173	0	2	0	7	2	1	1	10	57	1	6	1	0	18	4	0	0	0	0	0
OTU598	0	0	0	0	0	0	0	3	0	0	0	0	0	0	0	0	0	0	0	0	1	0	0	2	0	1	51	23	0	11	20	0	0	0	0	0	0	0	0	0	7	2	4	7	2	0	0	32	1	3	0	1	4	5	5	170	40	168	22	0	0	0	0	3	3	21	9	1	7	0	3	4	0	0	7	0	4	0	0	1	4	0	0	0	3	1	0	1	0	0	0	6	7	32	11	26	11	63	86	37	22	89
OTU599	0	2	0	0	0	0	0	4	0	0	0	1	0	1	1	1	0	2	1	0	2	0	2	0	0	0	60	0	1	1	1	0	2	0	0	0	0	0	2	0	0	2	2	3	88	33	2	1	55	0	8	3	541	17	3	63	6	66	11	0	1	0	2	1	1	3	0	3	1	7	1	0	0	2	8	96	4	1	5	3	1	2	0	2	0	3	9	4	2	1	308	427	9	25	95	179	145	0	402	0	10	657
OTU6	0	0	1	0	0	2	46	81	0	0	1	0	0	0	0	1	0	1	73	5	28	39	29	32	55	90	5	1	5	17	0	18	54	26	142	49	15	1	11	0	4	2	4	2	2	1	1	7	5	4	0	11	0	4	26	4851	20	24	11	36	30	41	70	50	351	72687	176	160	277	4	7	15	5	17	9	9	19	2	23	16	4	6	4	2	16	9	2	8	11	8	12	15	9	8	8	19	6	186	84	95	128	62
OTU60	0	0	0	0	0	0	16	22	0	0	5	0	0	0	0	0	0	0	15	4	9	201	3	0	13	17	2	0	0	0	0	1	16	3	24	8	4	0	0	0	2	0	2	3	0	0	0	1	0	0	0	0	0	0	134	38	108	498	94	14	2	3	12	11	2183	702	2129	7086	1504	0	1	3	0	0	0	5	3	0	1	1	2	0	0	0	2	0	2	0	0	0	0	1	3	5	3	14	4	18	51	21	98	72
OTU600	0	3	0	0	0	0	0	0	0	1	1	1	0	0	0	0	0	0	2	0	0	0	0	0	1	0	0	3	0	43	1	0	2	0	0	6	2	0	42	1	5	87	24	6	42	8	20	76	88	1	9	32	24	46	26	40	2	28	42	2	0	0	0	0	0	3	1	1	1	23	50	59	67	24	13	2	1	0	84	0	76	85	12	21	1	23	1	1	1	54	30	54	52	36	15	2	66	1	0	44	0	55
OTU601	0	0	3	0	0	0	0	1	0	0	0	4	0	0	0	0	0	0	0	0	0	0	0	0	0	0	36	129	0	48	28	3	20	0	0	0	1	1	1	1	4	6	0	35	314	1	6	5	10	0	0	5	2	2	146	33	0	2	41	0	0	0	0	3	1	0	0	1	0	0	0	0	49	33	24	3	3	0	0	0	1	10	74	0	7	47	3	4	1	0	2	1	29	7	63	5	200	1	0	5	0	2
OTU602	1	3	7	0	0	0	0	2	0	0	4	1	1	2	3	0	0	0	0	0	0	8	0	1	3	1	73	35	370	0	76	0	4	0	7	0	50	12	79	1	109	13	43	2	4	2	39	1	0	37	6	1	16	8	9	4	49	8	5	0	0	0	0	0	0	0	0	0	3	11	93	13	1	42	167	34	14	259	4	29	19	6	0	3	6	2	88	105	19	1	3	7	4	8	5	45	4	0	0	0	4	0
OTU603	0	0	2	4	0	0	0	0	0	0	0	10	0	1	0	0	2	0	5	0	0	0	0	2	0	0	1	0	1	1	1	0	1	0	4	0	1	36	218	0	160	205	132	3	1	1	2	3	45	11	34	0	0	3	10	9	86	21	8	0	0	0	0	0	0	0	9	1	0	29	51	80	0	5	72	34	11	107	4	26	10	22	0	2	7	2	36	93	296	1	20	5	3	4	0	7	6	0	0	0	0	1
OTU604	1	0	1	0	0	4	0	1	1	0	2	0	0	0	0	0	0	0	1	0	3	4	0	0	2	1	29	10	13	27	19	0	0	0	6	0	45	15	12	4	61	21	28	3	12	23	12	16	15	34	7	2	0	2	7	8	6	10	19	2	2	2	2	1	23	56	66	20	184	17	15	0	12	3	33	17	1	17	12	17	16	10	41	9	8	19	46	24	12	12	16	9	3	12	20	38	17	0	0	105	40	106
OTU605	0	0	0	0	0	0	0	0	0	0	4	0	0	6	0	0	0	0	2	0	10	0	2	1	0	0	2	3	0	2	0	0	0	0	2	0	43	4	24	0	0	6	206	0	4	0	0	0	7	28	1	0	1	648	2	3	1	5	0	0	0	0	0	1	0	0	0	0	0	8	12	24	18	12	52	3	8	3	1	5	14	3	29	6	5	5	3	11	1	8	17	72	2	5	5	3	7	0	0	1	0	0
OTU606	0	0	0	0	0	0	0	3	0	0	0	1	0	0	0	0	0	0	0	0	0	0	0	0	3	0	0	1	0	0	3	0	1	0	1	0	3	7	0	0	0	0	0	0	0	0	0	1	0	0	0	3	0	2	7	5	25	13	6	0	0	0	0	2	138	155	180	92	218	0	1	1	0	2	0	0	19	0	4	0	0	1	1	0	3	0	0	0	1	0	0	0	20	9	0	4	20	43	15	3	10	19
OTU607	0	2	2	0	0	0	1	2	0	0	0	0	0	0	0	0	0	0	6	1	2	1	0	1	4	0	8	0	0	19	3	1	0	4	0	3	0	2	2	0	8	9	4	6	12	1	2	3	8	0	3	0	0	0	12	2	19	0	11	0	0	0	1	0	468	38	617	55	28	0	0	4	23	4	15	0	0	0	3	0	0	1	4	0	0	2	0	2	1	0	0	0	2	5	3	15	22	6	4	2	196	205
OTU608	0	2	0	0	0	0	0	0	810	0	365	0	0	0	0	0	0	0	0	5	0	0	0	0	0	0	1	0	6	0	5	0	0	2	0	0	9	1	1	0	3	0	8	0	10	40	0	1	2	0	0	0	1	5	1	4	50	6	8	0	0	0	0	0	0	0	3	0	0	26	0	1	1	0	1	9	11	15	1	0	9	0	0	4	1	0	0	1	1	2	0	9	3	1	1	2	4	0	0	0	17	0
OTU609	0	0	1	0	0	2	4	3	0	0	4	0	0	4	0	0	0	0	5	0	1	0	0	7	1	2	9	25	4	23	24	10	6	2	9	3	0	0	20	0	9	4	2	158	81	130	128	76	0	3	0	6	1	18	275	879	19	75	49	8	1	1	1	2	147	42	325	94	80	0	7	1	9	59	7	4	19	8	1	27	5	36	8	43	21	14	1	6	55	1	3	3	64	44	154	95	128	5	87	48	258	564
OTU61	0	7	0	2	0	4	18	0	0	0	5	5	1	8	0	0	1	11	15	0	11	9	1	10	11	3	302	16	59	254	1784	18	18	61	10	11	14	11	709	5	2383	607	356	676	212	3361	399	342	895	1	56	16	917	79	361	26	184	560	1745	2	20	0	0	36	20	4	7	18	46	20	16	12	8	577	714	28	88	368	450	357	1400	21	1247	9	14	612	18	18	21	17	18	612	362	1419	1926	2514	326	3012	549	740	3784	77
OTU610	1	0	0	0	0	0	0	4	0	0	0	0	0	0	0	0	0	0	0	0	0	2	0	1	0	1	0	0	0	4	1	0	0	3	1	4	0	0	0	0	0	3	0	0	9	2	0	40	0	0	0	12	0	0	16	5	0	1	2	0	0	0	2	0	0	0	4	0	0	0	0	0	16	0	0	6	1	0	10	0	0	33	11	12	0	4	1	2	0	0	1	0	10	38	5	5	14	186	102	147	159	338
OTU611	0	0	0	0	0	0	0	0	0	799	0	3	0	0	0	0	0	0	0	0	0	0	0	0	0	2	3	0	0	0	0	0	0	0	0	0	0	4	0	0	1	0	0	1	2	0	0	0	0	1	0	0	2	0	2	0	3	0	0	0	0	0	0	0	5	1	1	3	0	0	4	0	5	0	0	4	0	0	0	5	8	0	0	0	0	0	0	2	0	0	0	1	1	0	3	0	6	3	0	60	7	87
OTU612	0	4	0	0	0	1	1	0	0	0	0	2	0	0	0	0	0	0	0	0	0	0	3	2	0	0	0	0	2	0	0	0	0	0	5	0	26	134	64	0	2	0	7	0	2	0	0	0	0	2	1	0	4	16	6	0	159	1	5	0	0	0	0	0	0	0	3	0	0	268	334	10	0	37	1575	21	294	81	2	7	8	5	0	1	0	1	75	58	229	0	0	0	4	3	3	3	3	0	3	0	0	0
OTU613	0	0	0	1	0	0	3	2	0	0	0	0	0	0	0	3	0	0	3	0	0	11	0	1	3	0	47	45	41	109	44	0	2	0	0	0	129	2	13	0	127	69	107	17	21	5	23	1	47	25	9	34	11	9	10	7	3	4	9	0	0	2	1	0	1	0	1	1	3	36	263	38	52	68	160	41	4	1	19	0	48	8	14	45	9	6	116	3	15	45	20	23	16	10	6	72	27	1	2	0	54	87
OTU614	0	0	0	0	0	0	0	2	0	0	105	0	0	0	0	0	0	0	0	1	0	0	3	2	0	0	22	6	12	12	8	0	7	2	4	0	6	13	89	0	27	2	17	2	24	78	6	2	1	6	0	3	4	4	43	11	356	5	4	2	0	0	0	3	0	6	32	3	9	22	43	5	4	5	13	9	66	35	4	14	4	18	0	0	1	2	6	22	20	1	2	4	1	17	10	6	17	1	26	8	113	2
OTU615	2	1	0	0	0	0	9	4	3	0	0	5	0	2	0	0	2	1	5	0	1	3	4	7	8	16	0	3	2	1096	1	2	1	0	16	4	11	1	31	0	3	10	0	0	1	0	17	1	3	1	2	8	6	4	19	19	11	14	350	3	4	1	9	19	24	19	7	35	4403	6	13	8	5	0	4	5	0	2	6	5	3	10	589	58	4	5	10	7	13	4	3	19	7	2	1	26	8	60	35	5	247	6
OTU616	1	0	0	0	0	0	1	0	0	0	1	0	0	0	0	0	1	0	1	0	3	0	1	3	1	2	28	13	1	6	0	3	6	1	3	2	1	0	3	1	2	4	0	47	34	12	52	76	7	2	0	3	0	9	30	75	15	22	132	1	0	0	0	3	31	185	334	170	114	0	16	11	0	0	0	4	12	0	3	1	0	69	12	0	13	6	4	2	4	2	1	1	245	158	85	221	10	15	143	13	199	21
OTU617	0	2	0	0	0	0	2	0	0	0	1	0	0	0	0	0	0	0	0	0	0	0	0	0	7	0	18	11	9	11	1	5	0	1	0	0	1	0	11	1	3	5	10	20	26	0	11	7	2	67	3	147	5	6	5	2	15	2	10	0	0	0	0	0	4	0	9	0	1	0	49	8	34	33	3	47	2	0	168	6	39	3	2	29	30	8	18	0	7	45	13	16	3	3	8	16	11	0	0	0	0	0
OTU618	0	0	0	0	0	0	0	0	0	1	0	0	0	0	0	0	0	0	0	0	0	2	0	0	1	1	0	0	0	0	0	0	3	0	0	1	0	0	0	0	2	0	1	11	0	0	0	0	0	0	0	0	0	0	10	2	8	13	3	0	3	0	1	1	165	130	310	179	36	0	0	0	0	0	0	0	0	0	1	0	0	0	0	0	0	0	0	0	0	0	0	0	0	0	0	0	0	0	3	1	2	0
OTU619	0	0	0	0	0	0	0	0	0	1	2	0	0	0	0	0	0	0	0	0	0	0	0	2	0	0	0	0	0	0	0	0	0	0	0	0	0	0	0	0	1244	0	0	0	0	0	0	0	0	0	0	0	0	0	1	0	0	0	0	0	2	0	0	0	0	0	0	0	0	0	0	0	0	0	0	0	0	0	0	0	0	0	0	0	0	0	0	0	0	0	0	0	0	0	0	0	0	0	0	0	0	0
OTU62	0	4	1	13	1	5	5	3	13	3	7	6	4	7	2	0	0	4	2	0	0	58	6	2	2	7	16	16	6	6	8	0	0	0	13	0	10347	315	54	3	147	35	265	38	48	35	6	5	87	33	32	925	106	207	34	46	47	33	18	2	0	3	0	1	0	10	17	20	3	58	118	370	67	87	153	198	507	130	138	268	395	85	25	15	15	27	2476	42	445	41	93	155	36	15	46	61	13	0	1	0	3	0
OTU620	0	0	0	0	0	2	5	3	0	0	0	0	0	0	0	0	0	0	2	0	0	1	0	1	0	0	24	11	0	30	2	0	2	0	0	3	8	0	1	0	54	15	51	0	0	11	0	0	0	2	0	11	0	0	6	4	1	2	4	0	1	1	2	0	159	121	207	353	77	0	0	0	0	0	1	10	2	0	18	29	4	7	0	12	11	2	2	1	0	0	0	3	0	19	5	0	5	0	112	0	63	0
OTU621	0	3	2	1	0	0	0	6	1	1	1	0	2	0	0	0	3	0	0	0	3	1	0	0	7	0	4	6	8	73	2	0	6	1	0	5	3	1	5	0	18	2	2	17	125	2	5	150	334	4	8	49	53	11	52	169	22	197	100	1	7	2	1	9	12	118	5	14	67	2	8	13	104	51	6	8	8	8	22	10	24	54	44	64	5	169	7	4	5	8	74	14	188	199	98	263	251	27	7	14	92	0
OTU622	0	8	0	0	0	0	0	5	0	0	3	7	0	0	1	0	0	0	0	0	0	0	0	0	1	0	7	1	1	3	0	0	0	0	0	11	0	1	2	0	5	1	7	4	13	0	10	302	0	0	1	454	5	16	0	3	1	194	9	0	4	1	12	11	0	0	5	7	8	1	3	1	73	124	5	4	23	8	6	1	10	6	219	170	702	447	0	6	3	510	1	7	4	7	73	11	18	0	0	3	1	0
OTU623	0	0	1	0	0	0	0	0	0	1	1	4	0	2	1	0	0	0	0	0	0	0	0	0	0	0	0	33	45	23	0	0	4	0	1	0	4	0	12	0	19	27	0	3	57	26	5	58	72	1	0	63	51	22	205	93	5	1	57	1	0	0	2	0	0	0	3	0	0	147	3	146	27	35	166	2	5	1	3	3	54	51	0	0	30	32	38	1	30	21	65	95	8	41	9	31	5	0	0	0	0	0
OTU624	0	0	0	0	0	0	1	0	2	0	0	0	0	1	0	0	0	0	0	0	0	0	0	0	0	0	3	7	1	106	2	0	0	2	0	5	0	0	1	0	0	0	0	7	45	19	1	53	2	1	0	82	18	12	20	18	1	33	16	0	1	0	0	1	8	12	26	5	21	0	3	11	23	2	0	0	1	0	1	2	21	8	12	28	2	17	3	0	0	3	3	0	48	24	18	8	34	81	26	30	60	45
OTU625	0	0	0	0	0	0	0	0	0	0	0	1	0	0	0	0	0	0	0	0	0	0	0	3	1	0	5	11	1	0	2	0	0	0	4	0	12	157	95	0	13	13	1	2	1	2	7	1	1	9	0	0	6	0	7	8	18	0	3	0	0	0	0	0	0	0	1	0	0	46	48	12	2	1	2	2	158	87	9	18	3	3	0	7	2	1	46	125	171	2	1	21	5	5	0	14	1	0	0	0	0	0
OTU626	0	7	0	0	0	1	1	0	0	0	2	5	0	0	1	0	0	0	0	0	0	0	2	0	0	0	1	10	4	1	2	1	1	0	6	1	3	4	3	0	2	16	0	13	4	2	14	17	34	1	3	138	8	12	1	41	34	44	40	0	1	0	0	1	0	1	9	6	5	67	96	166	56	12	56	3	5	2	1	3	5	30	9	2	5	19	1	1	34	12	9	4	73	32	14	7	5	2	2	0	2	0
OTU627	0	0	0	0	0	0	0	1	0	0	0	0	0	0	0	0	0	0	1	0	1	0	0	0	2	0	0	0	0	0	0	0	0	0	2	0	0	0	0	0	0	0	0	0	0	0	0	0	0	0	0	0	0	0	19	0	0	0	4	0	4	0	0	0	580	1	14	1	135	0	0	0	0	0	0	0	0	0	0	0	0	0	0	0	0	0	0	0	0	0	0	0	0	2	0	0	0	0	40	0	0	1
OTU628	0	0	1	0	0	0	0	2	0	0	0	1	0	2	0	0	3	0	2	0	1	0	0	0	0	0	0	1	4	1	0	0	3	3	0	0	6	0	9	0	1	2	2	17	63	61	1	3	2	1	0	3	0	6	283	231	247	10	66	0	0	0	0	0	11	9	8	2	2	0	10	12	5	1	0	2	12	2	5	2	1	21	1	17	1	9	2	3	2	2	0	2	13	1	0	31	32	0	0	0	0	0
OTU629	0	0	0	0	0	0	3	0	0	0	0	0	0	1	0	0	0	0	1	1	0	0	2	0	6	0	13	6	1	7	8	0	2	0	0	0	1	0	17	1	35	29	31	15	0	4	24	4	8	7	0	8	5	9	4	10	7	3	7	2	0	0	0	3	229	27	8	1	211	1	4	2	17	14	25	2	0	4	19	2	0	14	0	4	6	7	0	6	1	3	5	1	3	1	5	19	5	91	44	6	34	56
OTU63	0	10	6	7	0	6	5	9	0	1	3	5	3	5	2	1	2	0	7	0	0	3	3	0	3	10	183	514	1527	494	227	0	5	2	16	0	890	284	290	3	205	1146	209	115	87	297	276	191	105	85	40	202	54	119	66	60	524	114	281	2	5	0	0	8	26	8	71	24	19	135	109	113	86	129	77	1258	1171	472	191	3327	341	257	24	131	114	181	332	816	564	168	763	231	212	73	96	134	98	5	1	1	5	1
OTU630	0	0	0	2	3	0	0	2	0	0	0	4	0	0	0	0	0	0	1	0	0	0	0	0	2	1	17	28	27	14	11	0	1	0	3	0	22	40	33	0	111	56	39	0	1	1	12	0	11	12	4	7	6	5	7	13	2	3	2	0	0	0	0	0	1	0	0	0	0	60	152	23	2	15	36	63	18	37	46	16	15	8	0	8	5	0	105	20	64	25	25	4	4	27	2	26	1	0	4	0	1	0
OTU631	0	0	0	0	0	0	1	0	2	1	0	1	0	4	1	0	0	1	3	0	1	1	2	2	0	3	49	8	30	2	177	0	10	1	4	0	11	65	138	0	13	11	16	25	4	48	21	6	0	11	12	0	0	6	9	6	2	2	2	0	0	2	0	2	0	0	0	1	0	13	83	34	0	2	2	5	102	41	7	40	60	3	0	26	5	4	41	28	33	0	1	0	2	13	8	6	4	0	0	0	0	0
OTU632	0	0	0	0	0	0	0	1	0	0	0	0	0	0	0	0	0	0	4	0	2	1	0	0	0	6	85	52	77	41	78	0	3	1	1	0	42	5	0	4	7	22	63	0	3	35	7	1	4	49	15	1	20	16	1	6	50	0	4	0	0	0	0	4	0	0	5	0	2	5	54	11	4	1	1	35	20	3	5	78	21	14	0	9	61	1	30	44	7	23	27	31	1	12	1	3	23	0	0	0	12	1
OTU633	0	5	3	3	0	0	0	0	0	0	0	3	0	0	2	0	0	2	0	0	0	3	0	2	0	2	74	7	64	4	81	0	2	1	3	0	201	69	319	0	157	17	111	0	9	18	14	0	1	58	12	11	33	7	8	5	231	6	0	0	0	0	0	2	0	0	3	0	0	70	72	67	1	0	1	19	36	28	1	128	7	7	2	84	30	5	74	149	227	1	1	9	3	3	2	33	2	0	0	0	0	0
OTU634	2	1	0	0	0	0	0	1	0	1	0	0	0	1	2	0	0	0	0	0	0	0	0	0	0	0	0	1	0	0	0	0	0	0	3	0	1	7	1	1	86	4	1	0	0	3	1	0	4	133	1	0	11	3	0	1	0	0	4	0	0	0	0	0	0	0	0	0	41	0	419	1	126	0	0	3	0	0	1	0	5	3	2	0	1	3	234	39	2	23	1	0	7	6	3	2	0	0	0	2	1	0
OTU635	0	0	0	0	0	0	4	0	0	0	0	0	0	0	0	0	0	0	0	0	0	3	921	16	0	0	0	0	0	0	0	1	0	0	0	0	0	7	0	0	0	0	0	0	0	0	0	0	0	0	0	0	0	0	0	0	0	0	0	0	3	0	0	0	2	0	1	0	2	0	0	0	0	0	0	0	0	0	0	0	0	0	0	0	0	0	0	0	0	0	0	0	0	0	0	0	0	2	0	1	4	2
OTU636	0	0	0	0	0	0	0	0	0	0	0	1	0	0	0	0	0	1	0	0	0	0	0	0	2	0	4	8	14	9	5	0	0	0	3	0	11	0	44	0	2	10	1	8	32	21	3	7	18	8	7	2	7	16	19	5	165	2	6	1	0	0	0	0	3	0	4	0	0	6	8	6	2	1	3	39	360	58	17	21	6	19	1	48	23	8	17	15	58	5	40	25	3	15	14	14	25	0	0	0	1	0
OTU637	0	4	3	1	0	2	4	1	10	2	12	9	0	1	1	0	0	0	2	0	1	1	0	1	1	2	219	231	197	225	157	6	7	0	7	1	152	52	109	3	245	70	173	56	114	144	42	39	39	88	15	67	82	24	65	64	1172	35	59	7	0	1	2	5	41	26	150	42	103	24	100	80	52	76	85	162	172	208	31	106	103	104	48	92	62	59	97	122	56	97	111	92	36	60	33	202	54	2	2	5	9	2
OTU638	0	0	0	0	0	0	0	0	0	0	0	3	1	0	0	0	0	0	0	0	2	0	3	0	0	0	1	0	2	12	3	0	0	0	4	0	4	181	23	1	41	7	75	0	0	15	3	1	3	7	6	2	36	20	4	2	4	6	0	0	0	0	0	0	0	0	0	0	0	17	76	24	15	1	1	1	152	55	12	50	5	4	4	4	1	2	101	53	89	0	11	2	1	8	3	5	5	0	0	0	0	0
OTU639	0	2	5	0	0	2	2	3	0	0	0	1	0	0	3	0	0	0	3	0	1	2	0	0	3	2	20	52	52	3	14	1	3	0	1	2	45	7	18	0	73	21	23	69	27	27	6	49	4	89	13	46	13	9	23	21	44	24	15	7	3	2	0	2	260	364	110	190	242	29	49	21	44	57	16	69	40	26	22	19	16	11	34	58	28	33	71	95	34	58	33	61	23	13	54	20	27	3	0	0	87	67
OTU64	2	9	5	0	1	2	8	6	2	0	0	5	0	2	1	0	0	2	7	0	6	8	3	8	16	5	68	29	61	21	52	1	18	5	42	1	28	4	19	4	2850	48	63	15	51	24	13	34	1704	1127	420	1589	398	19	141	73	87	65	103	3	4	1	4	5	1010	334	356	501	532	51	12	324	10	44	15	34	25	19	65	17	190	120	38	36	17	36	104	838	9	68	97	131	88	97	53	95	80	8	204	4	718	252
OTU640	0	2	0	0	0	0	0	9	0	1	0	0	0	0	0	0	0	0	1	0	1	2	1	2	1	0	13	23	50	34	42	0	3	0	5	0	30	15	13	5	147	33	17	15	12	5	4	15	28	31	10	39	29	20	31	18	48	13	21	0	1	0	1	2	171	124	146	66	124	23	23	21	8	7	15	47	37	25	37	18	33	27	20	10	31	28	22	30	24	3	28	21	42	25	31	80	42	29	46	13	69	55
OTU641	0	0	0	0	0	0	0	2	0	0	0	0	0	0	0	0	0	0	1	0	5	0	0	1	4	1	1	0	3	38	15	4	5	0	6	0	2	1	10	2	2	26	104	59	58	14	1	2	32	12	17	3	36	29	6	13	7	15	46	2	0	0	0	0	0	6	0	2	0	13	2	26	67	0	1	5	5	0	32	13	5	53	1	7	0	8	3	51	2	5	39	12	58	10	40	17	102	3	103	112	88	38
OTU642	0	2	1	0	0	0	0	4	0	0	0	0	0	0	0	0	1	0	0	0	0	0	0	0	0	0	0	5	1	40	0	1	0	0	1	1	0	4	1	0	0	0	0	47	2	293	15	6	1	1	1	2	1	4	60	6	4	11	141	0	5	2	0	2	2	0	4	0	5	1	0	1	42	20	1	0	5	2	1	2	2	6	231	40	11	0	0	0	2	1	1	15	86	13	19	5	8	3	0	0	52	58
OTU643	0	1	1	0	0	0	0	0	1	0	0	0	0	0	2	0	0	0	3	0	5	2	0	0	1	0	4	6	0	3	18	0	0	1	1	5	1	2	3	0	0	1	3	6	3	17	14	268	0	0	1	0	2	0	6	10	7	5	8	0	2	1	0	0	18	89	68	72	30	0	1	2	28	4	3	18	5	0	24	2	0	18	104	10	15	13	3	2	2	5	1	19	3	44	16	15	4	2	0	2	0	0
OTU644	0	0	0	0	0	0	1	3	0	0	0	0	0	0	0	0	0	0	0	2	0	0	2	2	4	0	0	0	0	0	0	0	0	0	5	0	0	0	0	0	0	0	0	0	0	0	0	0	0	0	0	0	0	0	2	3	9	0	0	0	0	0	0	0	202	243	633	3	0	0	2	0	10	0	0	0	0	0	0	1	1	0	5	3	0	12	1	0	0	0	0	38	3	21	12	10	0	0	171	0	3	0
OTU645	0	2	0	0	0	0	0	2	0	0	0	0	0	0	0	0	1	0	0	0	0	0	0	0	0	0	0	24	0	0	0	0	0	0	0	0	1	1	1	1	5	2	0	2	3	0	3	0	1	1	0	5	1	4	23	15	1	2	1	25	0	0	0	0	1	0	0	0	1	0	3	1	0	0	1	0	9	0	1	8	3	882	4	0	2	0	4	1	3	2	3	0	0	3	1	2	1	0	0	0	1	0
OTU646	0	0	0	0	0	0	0	8	0	0	0	0	0	0	0	0	0	0	1	0	0	0	0	0	0	1	0	0	0	0	0	2	6	1	1	1	0	0	0	0	0	0	0	0	0	0	0	0	0	0	0	0	0	0	12	0	2	0	0	0	1	0	0	1	699	31	111	1	39	0	0	0	0	0	0	0	0	0	0	0	0	0	0	0	0	0	0	0	0	0	0	0	0	0	0	0	0	2	2	0	1	0
OTU647	0	14	7	3	0	2	5	8	0	3	4	9	2	3	4	2	2	0	5	0	2	15	2	17	3	11	604	671	1121	876	361	0	20	4	57	0	1006	844	1308	0	393	827	481	34	177	228	597	39	494	441	127	394	282	179	54	34	60	42	92	0	0	5	1	4	3	1	5	4	10	63	466	984	502	407	378	850	892	365	348	594	256	134	62	616	95	98	322	3698	261	302	278	364	28	338	56	288	76	2	54	0	5	2
OTU648	0	0	0	0	1	0	0	0	0	0	0	0	2	0	0	0	0	0	0	0	0	0	0	0	0	0	0	1	1	0	0	0	1	2	0	3	5	6	1	2	0	2	1	5	30	17	0	189	13	0	0	9	1	12	20	8	22	922	5	0	0	0	0	0	0	0	2	0	1	0	2	3	0	5	0	0	21	1	1	6	3	1	2	0	4	0	1	3	3	0	3	3	53	1	14	4	15	0	0	0	0	0
OTU649	0	0	0	0	0	0	0	0	0	0	252	0	0	0	0	0	481	0	1	6	0	0	0	0	0	0	1	0	2	0	0	0	0	0	2	0	0	0	0	0	2	0	0	0	0	0	0	3	0	0	0	0	0	0	0	1	0	0	0	0	0	0	0	11	0	0	0	0	0	0	2	1	1	0	0	1	0	0	0	1	4	0	0	0	0	0	0	4	2	1	0	0	1	2	0	0	1	0	0	0	0	0
OTU65	0	11	11	2	1	5	13	6	0	2	13	2	0	8	0	2	0	0	9	0	1	4	2	7	10	2	235	387	379	588	265	2	11	7	12	1	50	604	1043	0	1060	433	401	306	295	359	210	489	363	60	96	283	254	2088	283	440	542	327	381	7	3	0	1	22	118	67	93	79	71	354	532	312	226	213	482	107	242	369	783	166	1089	770	124	462	140	766	214	364	335	423	292	405	588	496	274	754	440	11	111	413	377	147
OTU650	0	0	0	0	0	0	2	0	0	0	0	0	0	0	0	0	0	0	0	0	2	2	1	2	1	0	9	4	4	1	0	0	0	0	8	3	7	3	6	0	194	23	94	0	11	1	0	1	3	11	1	3	17	3	4	7	7	4	2	0	0	0	1	3	41	86	44	40	49	0	3	9	0	10	5	8	0	7	59	2	16	2	8	5	3	2	3	0	0	9	0	3	2	4	8	6	27	3	67	68	38	53
OTU651	0	2	1	1	0	0	3	0	1	0	0	0	0	0	2	0	0	0	1	0	1	1	1	9	2	0	10	6	0	34	3	1	2	0	0	1	1	0	18	2	16	3	1	9	1	7	1	12	149	215	0	4	32	18	3	358	17	62	21	0	0	0	0	0	46	16	36	16	102	0	4	26	3	23	33	2	9	1	28	3	3	16	3	0	5	8	6	0	1	12	15	10	15	14	17	13	28	4	36	118	80	26
OTU652	0	0	0	0	0	0	0	0	0	0	0	0	0	0	0	0	0	0	0	0	1	0	0	0	0	0	5	28	42	19	0	0	0	1	0	1	53	7	32	2	62	9	44	5	0	0	6	2	6	28	4	63	13	5	4	8	17	11	12	0	0	0	1	0	1	1	20	7	81	23	2	7	11	7	14	16	32	6	19	48	6	12	15	8	6	0	18	52	64	14	33	19	21	9	6	22	16	0	27	9	26	50
OTU653	0	3	0	0	0	0	0	0	1	0	0	0	0	0	0	0	1430	0	0	0	0	0	0	0	0	0	0	0	0	0	0	0	0	0	0	0	0	0	0	0	0	0	0	0	0	0	0	2	0	1	0	0	0	1	1	0	0	0	0	0	0	0	0	3	0	0	0	0	0	0	0	2	0	0	0	0	0	0	0	2	1	6	0	0	0	0	0	1	0	0	0	0	0	0	0	0	1	0	0	0	0	0
OTU654	0	2	1	0	0	0	1	0	0	1	1	3	0	1	0	0	0	1	3	0	4	2	0	9	0	0	23	3	38	4	88	1	1	2	30	0	61	44	169	0	72	26	76	8	8	48	42	1	4	27	0	14	5	8	10	8	36	15	11	0	0	1	0	1	0	0	1	1	1	17	83	18	6	9	69	60	102	171	9	22	20	11	6	3	16	39	149	76	673	106	7	3	12	34	3	18	7	0	1	0	0	0
OTU655	0	0	0	0	0	0	0	0	0	0	0	0	0	0	0	0	0	0	2	0	2	4	0	0	0	0	0	0	0	0	0	3	2	1	1	0	0	0	0	0	0	0	0	0	0	0	0	0	0	0	0	0	0	0	0	0	0	0	0	1	1	0	1	1	1	0	0	0	0	0	0	0	0	0	0	0	0	0	0	0	0	0	0	0	0	0	0	0	0	0	0	0	8	2	0	3	4	314	108	0	235	276
OTU656	0	4	0	1	0	0	0	0	0	0	1	3	3	3	2	0	3	0	7	0	0	3	2	3	1	0	1	19	9	39	11	1	1	0	5	0	111	137	212	0	20	128	40	10	17	22	6	16	45	5	1	21	67	43	45	17	34	51	53	0	5	0	0	2	0	0	0	2	4	100	105	83	1	3	367	25	133	56	30	34	21	23	27	4	11	50	119	78	75	18	117	414	33	6	18	12	35	0	0	0	0	0
OTU657	0	4	0	0	0	0	4	0	0	0	3	0	0	0	0	0	0	0	0	0	0	1	0	0	1	1	6	10	0	6	8	0	0	0	1	0	0	0	0	0	56	11	2	0	3	1	9	9	17	20	64	79	18	37	7	3	3	3	3	4	0	4	0	0	1	14	19	9	0	2	0	6	8	21	20	12	10	8	34	6	43	5	30	6	19	45	12	1	3	11	1	23	1	35	3	5	2	0	16	0	0	1
OTU658	0	0	0	0	0	0	0	0	0	0	2	0	0	0	0	0	1	0	0	0	0	0	0	0	1	0	0	0	0	18	0	0	12	0	0	8	0	0	1	0	3	1	0	0	342	0	1	215	0	2	0	0	0	9	2	3	0	7	3	0	3	2	0	0	1	0	0	0	1	0	0	1	0	6	1	1	4	0	4	2	24	0	64	57	11	20	2	1	2	0	0	46	5	21	5	15	48	0	1	0	0	1
OTU659	0	7	0	3	0	0	0	0	1	0	1	0	0	0	0	0	0	0	0	0	1	0	0	0	0	0	80	0	17	0	7	0	9	0	2	0	47	0	0	2	1	18	201	0	4	1	15	0	0	0	0	0	92	2	0	0	5	3	3	0	0	0	0	2	0	0	0	0	0	0	1	0	0	1	244	2	4	3	1	2	0	1	1	2	2	0	1	66	4	0	6	104	7	0	5	3	0	0	0	0	0	0
OTU66	0	5	0	0	7	1	9	17	1	0	0	4	0	0	3	0	1	0	11	345	9	9	5	3	28	6	296	281	311	155	177	1	418	17	30	8	48	74	82	15	96	63	111	49	157	185	11	53	10	30	17	60	20	33	55	47	56	211	80	15	14	11	5	24	201	121	418	3016	190	29	61	45	26	37	322	58	47	16	107	43	66	168	337	81	93	144	76	63	54	182	61	61	115	263	109	249	143	668	1007	532	1712	1093
OTU660	0	0	1	0	0	1	0	0	0	0	0	0	0	0	0	0	0	2	0	0	0	0	0	0	0	0	95	9	485	0	118	0	2	0	1	0	2	9	2	0	1	1	0	0	5	0	0	0	0	14	0	1	1	0	3	1	148	1	0	0	0	0	0	8	0	0	5	0	1	0	42	15	0	2	0	0	290	44	0	56	0	5	0	17	4	0	20	40	45	0	0	4	0	3	1	15	0	0	0	0	0	0
OTU661	0	0	0	0	0	0	1	4	0	0	0	0	0	0	0	0	0	0	0	0	1	0	0	0	1	0	0	0	1	0	0	0	0	0	1	0	0	0	0	0	0	0	0	2	1	0	17	0	0	0	0	0	0	0	0	2	13	9	0	0	0	0	0	0	2	21	49	124	0	0	0	19	0	0	0	0	0	0	0	0	0	0	0	0	0	0	0	0	0	0	0	0	7	0	5	7	0	314	0	0	186	12
OTU662	0	0	0	0	0	0	0	2	0	0	0	0	0	0	1	0	0	0	5	0	4	5	2	0	0	0	43	7	49	3	14	0	1	0	3	0	24	36	36	0	53	35	24	1	2	1	3	0	25	15	9	8	3	1	3	3	1	5	4	0	0	0	0	0	0	0	1	0	0	15	35	0	6	0	2	20	22	19	7	33	1	2	0	6	2	5	13	86	47	26	13	37	11	3	3	10	1	0	0	0	3	0
OTU663	0	1	0	1	0	3	0	0	7	0	4	1	0	0	0	0	1	1	0	0	2	0	1	6	1	0	3	11	1	0	8	1	0	0	1	1	3	21	209	3	3	3	138	106	11	3	0	82	3	425	1	5	2	18	2124	6	8	294	0	0	0	0	0	15	39	0	3	13	3	0	7	199	71	189	2	6	805	3	12	11	9	8	1	52	6	1123	16	9	6	4	0	3	180	11	15	23	8	3	0	0	4	0
OTU664	0	0	0	0	0	0	2	1	2	0	0	1	0	0	1	0	0	0	1	0	0	0	0	2	0	1	25	29	1	21	21	0	4	0	5	4	0	1	0	0	17	5	1	8	41	1	23	22	11	4	1	6	5	19	25	9	6	5	16	6	4	0	0	0	87	93	227	42	65	2	8	5	26	41	19	4	0	2	16	5	3	26	11	29	7	10	2	2	1	20	33	56	16	16	61	23	37	7	42	2	97	120
OTU665	0	0	0	0	0	0	0	1	0	0	0	0	0	0	0	0	0	0	0	0	2	0	0	0	3	1	2	0	0	12	0	0	0	0	0	0	0	0	0	0	0	0	0	0	0	0	0	0	2	0	0	1	3	16	0	0	0	2	0	0	0	0	0	666	2	1	1	0	0	0	0	0	0	0	0	0	0	0	4	0	0	0	0	0	2	16	0	0	0	0	1	1	0	0	0	0	0	0	0	14	32	0
OTU666	0	0	0	1	0	1	21	0	0	0	0	0	0	2	0	0	0	2	0	0	0	2	0	0	0	0	4	1	1	4	3	0	0	0	0	0	0	0	0	0	3	1	0	1	6	5	3	6	689	0	0	5	14	0	19	3	3	5	83	0	0	0	0	0	0	0	0	0	4	0	3	1	1	8	2	0	0	1	2	1	1305	6	6	7	16	3	1	0	4	0	0	8	2	3	1	17	10	1	0	0	0	0
OTU667	0	0	0	0	0	0	3	13	0	0	0	0	0	0	0	0	0	0	1	0	0	0	0	0	0	0	0	0	0	0	0	0	1	0	0	3	0	0	0	0	0	0	0	1	0	0	0	0	0	0	0	0	0	0	17	6	23	3	1	0	0	0	3	0	148	63	432	65	18	0	0	0	0	0	0	2	0	0	0	0	0	0	0	0	0	0	0	0	0	0	0	0	3	0	0	0	0	136	2	1	1	19
OTU668	0	0	0	0	0	0	0	1	0	0	0	0	0	0	0	0	0	0	2	2	0	0	1	0	0	0	0	0	0	0	0	0	2	0	0	0	0	0	0	0	0	0	0	0	0	0	1	0	0	0	0	0	0	0	0	30	0	0	1	0	1	0	0	0	13	781	13	3	51	0	0	0	0	0	0	0	0	0	0	0	0	0	0	0	0	0	0	0	0	0	0	0	0	0	0	0	0	2	1	0	0	0
OTU669	0	0	0	0	0	0	0	4	0	0	0	0	0	0	0	0	0	0	0	0	0	0	3	2	1	0	0	0	0	0	0	2	1	1	0	1	0	0	0	0	0	0	0	0	0	0	0	0	0	0	0	0	0	0	0	0	0	0	0	0	2	0	1	1	0	3	5	1	2	0	0	0	0	0	0	0	0	0	0	0	0	0	0	0	0	0	0	0	0	0	0	0	0	2	14	5	6	0	47	517	119	178
OTU67	0	20	6	1	3	1	1	37	3	3	8	28	2	10	2	0	0	2	4	0	0	6	2	2	11	8	233	131	141	147	321	12	18	6	26	15	109	219	231	2	235	149	47	441	361	210	207	467	91	21	49	233	84	82	262	149	372	537	244	2	7	0	0	7	4	62	15	161	199	137	106	167	153	829	105	2174	81	99	233	242	81	145	428	239	266	308	340	213	671	123	101	191	255	763	727	1455	760	48	76	8	40	16
OTU670	0	2	1	0	0	0	0	0	0	0	1	0	0	0	0	0	0	0	0	0	1	0	0	0	5	1	5	10	0	6	0	0	1	0	5	0	1	0	0	0	0	0	3	2	8	6	1	3	11	0	0	10	0	3	2	3	1	4	10	0	3	0	0	0	7	40	146	69	179	0	0	1	0	0	0	0	0	0	0	1	0	11	4	0	0	0	1	0	2	0	5	8	10	8	1	4	5	8	70	67	32	210
OTU671	0	0	0	0	0	0	0	1	0	0	0	0	0	0	0	0	0	0	1	0	3	1	1	0	0	0	0	0	0	0	0	1	1	0	0	5	0	0	0	0	1	0	0	0	0	0	0	0	0	0	0	0	0	0	5	0	0	2	9	0	0	0	1	1	219	26	34	150	448	0	0	0	0	0	0	0	0	0	0	0	0	0	0	0	0	0	1	0	0	0	0	0	0	0	0	0	0	0	4	0	2	2
OTU672	0	0	1	0	0	0	11	4	2	0	2	0	0	3	0	0	0	2	0	0	0	0	0	3	1	1	28	34	28	58	84	0	0	0	2	0	3	50	79	0	35	10	32	8	4	3	16	5	101	21	4	17	40	717	19	18	31	4	67	0	0	0	0	2	0	0	0	0	1	24	88	30	44	112	65	1	8	18	254	44	618	16	27	48	15	37	31	124	27	59	56	27	33	26	13	68	3	0	10	0	0	0
OTU673	0	0	1	0	0	0	0	0	1	0	2	0	0	1	0	0	0	0	0	0	0	2	1	1	0	1	92	59	27	43	117	0	1	2	0	0	67	116	56	0	191	11	8	1	25	23	4	1	10	44	8	29	0	9	7	14	21	10	14	1	0	0	1	1	22	3	0	1	24	19	95	41	2	7	76	44	31	70	27	99	22	5	22	15	13	1	95	37	100	2	10	32	0	15	26	29	3	1	0	2	0	0
OTU674	0	0	0	0	0	0	0	0	0	0	0	0	0	0	0	0	0	0	0	0	1	0	0	0	5	1	0	0	0	0	0	0	2	0	0	1	0	0	0	0	0	0	0	0	0	0	0	0	0	0	0	0	0	0	0	0	2	7	3	0	0	1	1	2	159	32	413	259	83	0	0	0	0	0	0	0	0	0	0	0	0	0	0	0	0	0	0	0	0	0	0	0	0	0	0	0	0	22	16	0	39	7
OTU675	0	3	0	1	0	0	0	1	0	0	0	1	0	1	0	0	0	0	0	0	0	0	0	0	0	0	0	11	0	3	0	2	0	0	3	0	0	0	0	0	1	0	7	19	20	1	102	3	2	29	4	18	2	52	36	2	1	2	90	0	0	0	0	0	2	0	0	0	1	0	4	8	10	0	1	13	6	0	0	0	3	2	23	0	4	3	1	0	1	3	5	4	45	13	336	15	8	0	1	11	0	0
OTU676	0	0	0	0	0	0	0	0	0	0	0	0	0	0	0	0	0	0	7	0	1	0	2	0	3	0	0	0	0	0	0	0	1	0	2	1	0	0	0	0	0	0	0	4	4	0	0	0	0	0	0	0	0	0	5	0	0	7	6	3	1	0	0	3	80	51	10	74	336	0	0	0	0	0	0	0	0	0	0	0	0	0	0	0	0	0	0	0	0	0	0	0	0	1	0	9	0	2	86	0	381	0
OTU677	0	0	0	0	0	0	0	0	0	0	0	9	0	0	0	0	0	3	0	0	1	0	1	1	2	0	0	0	0	0	0	0	1	0	4	0	0	0	0	0	0	0	0	0	0	0	0	0	0	0	0	0	0	0	29	1	1	0	0	0	0	0	2	0	747	47	56	33	29	0	0	0	0	0	0	0	0	0	0	0	0	0	0	0	0	0	0	0	0	0	0	0	0	0	0	0	0	0	0	0	0	0
OTU678	0	3	0	0	0	2	1	3	0	0	0	3	0	1	1	0	3	1	1	0	1	0	0	1	2	0	33	2	3	10	115	0	0	0	11	0	48	15	14	1	313	80	91	5	0	3	6	3	0	13	7	31	4	8	9	0	3	8	3	0	0	0	0	0	0	0	0	0	0	6	25	5	24	37	30	67	38	14	180	32	110	7	26	19	0	0	108	185	83	44	12	55	3	36	5	5	4	0	3	0	0	0
OTU679	0	1	2	0	0	0	0	4	2	0	0	0	1	0	1	0	0	0	1	0	1	0	1	4	1	5	10	25	22	1	33	2	0	0	8	0	5	21	11	0	767	8	27	23	7	12	1	20	55	8	3	8	13	7	12	6	48	4	8	0	1	3	0	0	8	40	106	0	8	4	4	12	42	4	128	29	2	18	20	11	14	2	11	12	0	13	22	101	14	27	12	401	10	3	16	31	6	0	10	19	70	19
OTU68	3	8	3	2	2	2	0	0	1	6	2	23	0	4	13	4	6	8	11	1	2	3	3	3	3	6	2015	1092	2337	1213	2610	10	71	12	8	3	180	74	143	9	371	664	435	436	1255	768	886	90	61	193	20	194	96	133	649	744	2465	271	313	32	4	2	23	42	62	87	166	357	39	42	446	219	126	157	171	255	202	209	192	146	287	2673	261	951	3234	280	196	98	104	136	334	156	377	450	621	3054	1391	8	19	4	96	36
OTU680	0	0	0	0	0	0	0	0	1	0	1	0	0	2	0	0	0	0	4	0	0	0	0	1	3	0	18	27	0	5	32	0	10	3	0	0	21	3	0	0	14	3	0	6	8	8	0	43	25	13	10	0	20	7	8	24	16	19	3	2	0	0	1	2	3	2	26	50	18	8	0	12	10	2	18	19	0	43	4	2	8	13	1	15	13	4	2	5	8	0	12	1	41	13	16	42	11	337	63	209	221	68
OTU681	0	0	0	0	0	0	0	0	0	0	0	0	0	0	0	0	0	0	0	0	0	0	0	3	1	0	0	0	0	0	0	0	5	0	0	0	0	0	2	0	0	0	0	0	0	0	0	0	0	0	0	0	0	0	3	0	1	0	2	0	1	0	0	0	67	57	143	0	28	0	0	0	0	0	0	0	0	0	0	0	1	0	0	0	0	0	0	0	0	0	0	0	4	0	0	7	5	3	64	0	192	198
OTU682	0	0	0	0	0	0	0	0	0	0	0	0	0	0	0	0	0	0	0	0	0	0	0	0	0	0	2	0	0	0	0	0	0	0	0	0	0	1	0	0	0	0	1	2	8	0	0	1	0	0	0	3	0	5	0	2	0	2	2	0	9	0	0	0	0	0	0	0	0	0	0	2	0	0	0	2	0	0	0	0	0	0	1122	0	0	0	0	0	0	0	0	1	0	1	3	3	0	0	0	0	0	0
OTU683	0	0	0	0	0	0	1	0	2	0	0	0	1	0	0	0	0	0	0	0	0	0	1	0	0	0	14	5	1	7	13	0	2	0	1	0	23	20	6	0	409	33	30	13	6	16	23	1	3	14	38	10	20	6	10	0	6	3	0	0	0	0	0	2	1	0	0	18	1	9	53	3	5	6	54	1	10	35	0	27	93	0	4	7	2	1	154	13	113	17	29	157	0	1	1	8	2	0	1	0	0	0
OTU684	0	0	0	0	0	4	0	0	1	0	4	1	0	2	0	0	0	0	0	0	0	0	0	0	20	0	2	0	2	3	0	0	0	0	0	0	0	0	2	0	1	4	9	0	0	3	0	0	2	0	0	1	4	573	6	2	3	7	1	0	0	0	0	0	0	0	2	0	0	0	2	0	9	4	0	4	3	3	405	5	0	1	1	2	3	0	1	4	1	2	0	3	0	3	3	9	1	0	0	1	0	0
OTU685	0	1	0	0	0	2	1	0	0	0	3	2	0	0	1	0	0	0	0	0	0	0	1	1	0	0	1	17	1	14	44	0	0	0	3	0	1	1	72	0	2	12	18	2	24	2	5	3	24	23	12	6	63	38	44	10	8	2	7	0	0	1	2	0	0	1	2	0	3	8	22	4	5	24	17	3	2	1	1	0	27	1	4	6	4	9	4	2	13	2	49	94	24	39	33	75	180	6	3	0	3	2
OTU686	0	1	0	2	2	0	0	6	0	0	0	0	0	0	0	0	0	0	0	0	4	0	0	1	0	0	9	23	13	17	6	0	5	1	4	1	20	2	26	3	270	29	57	1	7	1	13	16	48	4	7	39	11	6	15	5	2	9	2	0	0	0	0	0	7	31	23	4	58	4	16	37	32	3	9	55	65	17	36	14	12	23	17	1	16	19	17	16	39	54	11	8	6	28	6	29	17	7	0	1	9	14
OTU687	0	0	1	0	0	0	0	0	0	0	0	0	0	0	0	0	0	0	0	0	0	1	0	0	0	0	0	0	1	0	1	0	3	0	0	0	3	0	3	0	22	0	1	2	1	0	3	1	1	3	0	5	2	9	5	12	2	2	8	0	0	0	0	0	59	101	15	16	39	56	13	0	1	4	0	0	50	979	2	0	0	0	2	1	1	5	18	24	1	1	0	3	1	0	6	5	1	2	0	0	7	1
OTU688	0	0	0	0	0	0	0	0	0	714	0	3	0	0	0	0	0	0	0	0	0	1	0	1	0	0	1	0	0	0	0	0	186	0	0	0	4	0	0	0	6	0	0	1	3	0	0	0	0	0	0	0	0	1	1	0	0	0	1	0	0	0	1	0	0	0	0	0	0	2	0	0	1	0	0	0	0	0	0	0	2	0	0	2	0	0	0	0	0	0	0	1	1	0	1	0	1	0	2	0	0	0
OTU689	0	0	0	0	0	0	0	0	0	0	0	0	0	0	640	81	0	0	1	0	0	0	0	0	0	0	0	3	1	1	1	0	5	0	0	0	0	0	0	0	1	0	0	1	2	0	0	0	2	2	0	1	0	0	1	0	0	0	2	0	0	0	0	0	0	0	0	0	0	0	0	0	0	3	1	0	0	0	1	2	0	6	1	0	0	4	0	0	0	2	0	0	1	0	4	4	1	0	0	0	7	0
OTU69	3	5	4	3	2	2	12	19	2	1	1	20	3	3	3	0	1	1	20	0	14	5	3	11	32	9	165	194	50	213	103	16	29	11	36	19	22	68	76	0	357	85	205	127	139	85	69	133	90	53	12	150	39	136	145	102	113	120	190	7	15	6	7	55	108	451	635	96	392	78	75	125	106	150	280	46	45	68	459	30	432	199	145	131	250	1188	35	81	330	286	156	252	101	452	151	475	147	592	776	561	3958	859
OTU690	0	5	0	1	0	0	0	0	0	0	0	0	0	0	0	0	0	0	0	0	0	0	0	7	0	0	0	0	2	3	0	0	0	0	0	0	1	3	223	0	12	0	0	1	3	7	5	0	2	4	0	4	1	3	1	2	5	0	3	0	0	0	0	0	0	0	0	6	0	153	1	3	4	0	38	5	215	8	0	10	1	4	1	0	3	0	52	6	3	3	2	5	5	2	6	2	1	0	0	0	0	2
OTU691	0	0	0	0	0	1	3	4	0	0	0	3	0	0	0	0	0	0	2	0	3	0	2	0	1	2	48	2	80	33	145	0	2	0	7	0	0	0	0	0	2	0	0	0	11	4	28	8	0	1	0	2	0	0	9	5	2	7	7	2	1	0	0	1	170	172	205	107	410	1	1	3	0	0	0	11	3	0	0	0	2	1	0	18	34	13	0	0	2	0	0	0	0	2	1	1	1	5	1	1	2	2
OTU692	0	4	1	0	0	0	0	0	0	4	0	2	0	0	1	2	1	0	0	0	0	0	0	0	0	0	17	66	0	40	45	0	0	0	0	0	27	9	44	0	73	39	37	0	0	30	0	3	3	34	2	16	1	1	2	1	2	5	6	0	0	0	0	0	14	0	30	0	0	22	2	6	0	17	58	30	6	24	39	30	6	3	22	23	35	56	8	15	25	1	27	58	24	9	30	38	8	1	1	0	0	0
OTU693	0	0	0	1	0	0	0	0	0	0	1	0	0	0	0	0	0	0	0	0	0	12	0	0	0	0	0	0	0	0	0	0	0	0	0	0	908	0	0	2	0	3	3	1	3	2	2	2	0	0	0	1	2	1	0	0	2	0	0	0	0	0	0	0	0	0	0	0	0	0	1	2	0	0	0	0	0	0	0	0	4	0	1	0	2	1	0	1	0	0	0	3	2	4	2	103	3	0	0	0	3	0
OTU694	0	0	0	0	0	0	0	0	0	0	1	0	0	1	0	0	0	0	0	0	0	0	0	0	0	1	14	87	133	36	23	4	2	1	0	0	1	0	1	0	3	6	2	66	13	55	0	14	0	1	2	8	0	1	57	126	284	2	3	2	0	0	0	2	1	8	8	0	0	1	12	0	9	7	1	2	3	0	2	2	0	58	4	4	12	41	0	1	0	0	0	12	16	7	31	22	58	0	0	2	1	7
OTU695	0	0	0	0	0	0	0	0	0	0	0	0	0	0	0	0	0	0	0	0	0	0	0	0	0	0	7	11	24	5	10	0	0	2	0	0	3	3	2	1	8	3	3	14	0	0	8	1	6	1	0	506	3	12	6	8	3	8	10	2	0	0	0	0	0	0	14	0	0	5	2	25	26	46	3	14	13	5	1	0	5	19	9	6	8	2	25	1	8	4	10	5	1	25	7	14	6	0	3	1	0	0
OTU696	0	0	1	3	0	0	0	0	0	0	0	4	0	0	0	0	0	0	0	0	1	0	2	2	0	1	11	23	134	46	1	0	0	0	4	1	16	25	198	0	10	3	0	0	3	0	18	0	1	0	4	2	0	4	3	0	79	1	0	0	0	0	0	0	0	0	3	0	3	24	1	13	2	12	51	19	15	45	1	12	12	1	0	1	1	0	81	93	109	0	13	1	1	4	0	2	2	0	0	0	0	0
OTU697	0	1	2	0	0	0	0	0	0	0	0	0	0	0	1	0	0	0	5	0	0	2	1	1	0	2	11	8	0	8	0	1	0	0	6	5	47	66	62	0	46	156	8	24	11	29	6	2	15	9	9	27	25	14	22	7	15	6	4	0	0	0	0	0	0	0	1	0	4	42	130	15	0	5	12	52	243	62	9	77	24	6	6	3	7	4	35	134	267	22	17	42	5	16	5	24	6	0	0	0	0	0
OTU698	0	0	0	0	0	0	0	2	0	0	0	0	1	2	0	0	1	0	0	0	0	1	0	0	1	0	19	36	53	5	1	0	0	0	2	0	46	0	64	0	34	41	1	26	11	32	11	0	58	46	5	10	8	2	8	3	31	3	2	0	0	0	0	1	36	0	6	0	3	9	2	0	1	24	68	7	24	33	33	56	6	3	30	7	54	29	121	96	240	6	86	84	2	34	38	1	2	0	0	0	0	0
OTU699	0	700	0	0	0	0	0	0	0	0	0	1	0	0	0	0	0	0	0	0	0	0	0	0	0	0	1	0	1	0	0	0	0	0	0	0	2	0	1	0	0	0	0	0	0	0	0	0	0	1	4	0	0	0	0	4	0	0	1	0	0	0	0	0	0	0	0	0	0	0	0	0	0	0	0	0	0	2	0	0	0	0	0	0	0	0	0	0	1	0	0	0	0	0	3	2	0	0	0	0	0	0
OTU7	0	88	35	4	1	23	55	65	4	16	14	65	11	2	16	7	8	4	18	0	48	29	9	124	47	12	2241	2580	45	1543	4416	117	123	47	202	37	1516	461	7691	5	2714	242	1749	5159	1891	2246	1692	1373	809	591	340	2662	2361	316	433	581	1066	2953	1856	46	7	22	28	156	17	2634	108	2136	108	44	1008	1410	1159	2559	1644	1159	2015	3044	825	119	2114	2116	555	1275	1127	3222	49	5519	1021	746	310	1166	2229	2844	3481	4938	1583	73	2538	2049	4516	3028
OTU70	0	15	3	1	0	0	2	0	1	0	5	16	0	0	5	0	0	4	2	0	3	3	0	0	12	0	1789	18	3	1461	1253	0	47	31	7	0	12	4	7	1	1721	4	12	10	329	1239	629	17	35	12	3	548	2	264	642	19	17	133	515	0	1	7	0	25	8	0	12	5	17	10	904	16	5	126	52	7	39	316	875	35	118	34	11	678	111	127	6	10	18	444	1	875	703	469	314	1036	24	16	24	391	22	5
OTU700	0	2	2	0	0	2	0	0	0	0	0	0	0	0	0	0	0	0	0	0	0	0	0	0	5	0	1	4	1	5	7	0	0	0	1	3	0	3	17	0	67	1	0	0	6	5	5	27	29	6	5	26	7	5	4	0	0	0	0	2	2	0	0	0	0	0	0	0	0	0	0	17	0	1	0	1	3	2	87	13	41	101	9	0	13	26	2	11	0	0	0	13	16	14	4	6	7	2	0	0	119	45
OTU701	0	0	0	4	0	0	6	2	0	0	0	0	0	0	0	0	0	0	0	0	3	18	0	0	1	1	33	10	47	4	22	0	2	0	4	1	489	0	0	2	3	3	0	16	12	7	11	16	12	3	0	6	11	13	39	64	5	18	64	0	0	2	4	1	82	50	0	9	124	2	0	0	5	6	0	29	9	0	16	3	11	8	7	22	1	11	1	4	4	2	32	1	21	17	5	28	51	141	543	63	601	172
OTU702	0	0	0	0	0	0	0	0	0	0	2	2	0	401	0	0	0	0	0	0	0	0	0	0	0	0	1	2	37	1	2	0	0	0	0	0	3	2	8	0	0	0	1	0	0	1	0	2	0	0	0	0	2	0	1	0	4	3	1	0	0	0	0	0	0	0	0	0	0	0	472	3	0	0	2	3	9	0	0	11	1	3	1	2	1	2	4	1	0	1	0	3	0	0	0	0	4	0	0	0	0	0
OTU703	1	2	1	0	1	0	1	2	1	2	1	3	0	0	0	0	0	0	1	0	2	0	0	1	0	1	33	49	92	44	69	0	2	1	7	0	38	48	54	0	39	10	29	11	20	47	0	83	29	21	0	24	22	85	46	25	17	34	15	0	0	0	0	0	3	5	8	7	0	47	69	14	14	12	31	29	49	141	18	23	11	49	17	29	7	48	110	60	138	11	44	4	11	57	44	101	7	1	9	33	3	0
OTU704	0	0	0	0	0	0	2	0	0	0	0	0	0	0	0	0	0	0	2	0	0	2	0	0	1	0	0	0	0	0	0	0	0	0	0	0	0	0	0	0	0	1	0	0	0	0	0	0	0	0	0	0	0	0	0	0	0	0	0	1	2	0	0	0	0	7	2	1	4	0	0	0	0	0	0	0	0	0	0	0	1	0	0	1	0	0	1	0	0	0	0	0	9	6	8	8	3	484	125	267	147	171
OTU705	1	0	0	0	0	0	0	6	0	0	0	3	0	14	3	0	2	0	0	0	2	0	3	0	0	0	2	91	19	25	4	0	7	2	1	1	6	0	1	1	12	38	23	23	21	9	21	5	10	16	5	3	6	0	15	1	26	6	22	0	0	0	0	0	73	35	65	18	148	6	55	0	21	3	20	1	1	12	1	8	30	17	2	46	9	10	13	1	12	5	25	1	3	21	21	5	18	5	1	1	0	1
OTU706	0	3	1	0	1	0	0	0	1	0	2	1	1	0	1	0	0	0	0	0	0	22	0	0	0	0	1	4	6	3	0	0	1	0	0	0	1256	1	6	0	2	4	2	1	2	1	1	1	3	0	0	2	2	9	3	7	2	10	13	0	0	0	0	0	1	0	0	0	0	160	78	2	0	4	0	2	0	0	3	1	2	3	2	0	2	4	56	0	0	1	2	3	0	3	4	7	2	0	0	0	1	0
OTU707	0	0	3	2	1	2	3	0	0	0	0	0	0	0	0	0	0	0	1	0	7	0	0	0	8	0	0	4	2	3	2	0	0	2	1	0	2	0	7	0	456	39	76	3	1	68	4	0	51	4	0	5	4	3	3	6	6	1	2	0	0	0	0	0	1	21	1	3	25	0	0	1	8	21	21	3	10	0	194	0	17	28	3	3	7	3	2	22	1	1	1	12	7	24	4	3	0	0	3	0	1	1
OTU708	0	2	0	0	0	0	1	4	0	0	1	0	1	2	0	0	0	0	2	1	3	1	0	5	2	1	42	56	14	17	39	0	5	4	3	0	34	2	12	1	37	20	29	3	3	94	22	6	25	18	3	16	20	20	4	1	14	9	9	3	0	0	0	0	83	58	81	74	40	8	9	26	19	34	22	14	11	15	43	12	9	6	7	1	4	1	17	13	37	21	15	38	20	15	15	17	14	338	106	1	41	33
OTU709	1	0	0	1	0	1	0	0	0	1	554	0	0	0	1	0	0	0	0	7	0	0	0	1	0	0	2	0	0	0	1	0	0	0	0	0	0	0	34	2	11	0	0	0	0	0	0	0	0	0	0	0	0	0	0	1	1	1	2	0	0	0	0	1	0	0	0	0	0	0	6	1	0	1	0	5	58	25	0	30	0	0	0	0	1	0	45	19	77	1	0	1	5	0	2	0	1	0	0	0	0	0
OTU71	1	2	23	0	1	4	8	5	2	1	3	21	8	10	2	2	2	2	12	0	7	0	0	41	2	0	1424	223	20	12	523	70	23	14	10	3	12	14	2634	3	240	704	247	2569	219	687	962	240	2	61	0	40	626	47	495	271	2508	30	64	7	10	4	15	10	8	11	53	0	33	8	10	362	5	1347	626	25	58	90	36	63	357	191	761	139	763	105	459	14	95	233	5	91	716	39	1360	378	48	18	2	23	11	2
OTU710	0	1	0	0	0	0	0	0	0	0	0	0	0	0	0	0	0	0	0	0	1	0	0	0	0	0	10	29	77	32	0	0	0	0	5	0	3	15	149	0	16	66	52	0	1	0	1	1	16	2	19	11	0	18	3	1	16	4	1	0	0	0	0	0	0	0	1	0	1	19	21	17	6	14	47	24	44	35	1	20	11	10	2	0	2	3	25	100	81	12	0	55	3	3	3	1	5	0	0	0	0	0
OTU711	0	0	0	0	0	0	0	8	0	0	0	0	0	0	0	0	0	0	4	0	4	1	1	0	0	2	1	0	0	0	0	2	4	0	3	0	0	0	0	0	0	0	0	0	0	0	0	0	0	0	0	0	1	0	7	0	2	4	0	0	0	0	3	3	54	72	142	89	3	0	0	0	0	0	0	2	0	0	0	0	0	0	0	0	0	0	0	0	2	0	0	0	8	1	4	12	2	323	263	108	345	237
OTU712	0	0	2	0	0	0	0	1	0	0	0	0	0	0	0	0	1	0	0	0	2	0	0	0	0	0	25	47	1	42	0	1	3	0	1	0	28	0	48	0	19	4	48	73	50	38	32	0	0	48	0	12	3	9	23	16	82	15	11	0	0	0	1	0	1	0	2	0	0	0	1	46	16	31	12	44	12	0	1	9	6	10	13	19	45	28	2	0	29	28	13	7	2	25	5	12	3	0	3	0	0	0
OTU713	0	7	2	0	3	3	0	0	2	1	0	9	0	2	3	0	0	0	0	0	1	0	0	0	0	0	26	30	2	14	119	0	0	1	0	1	10	2	2	0	1	14	2	31	16	45	8	29	1	0	0	1	14	1	7	8	5	7	13	0	6	0	0	0	2	1	0	0	1	3	7	41	1	4	5	3	1	14	1	10	34	14	286	9	1	11	9	0	2	0	4	2	6	120	22	151	9	1	1	2	6	1
OTU714	0	0	1	0	0	0	0	3	0	0	1	0	0	1	0	0	0	0	2	0	0	2	0	0	2	0	18	0	0	22	0	0	0	0	2	0	31	2	43	2	131	65	10	2	0	10	11	0	35	20	5	0	10	0	15	0	15	0	1	0	0	0	0	0	0	0	0	0	0	15	16	27	0	12	50	45	1	2	21	2	11	9	8	18	4	0	7	71	49	0	0	50	0	2	2	15	0	0	0	0	0	0
OTU715	0	1	0	0	0	0	0	2	1	0	0	2	0	0	0	0	0	0	0	0	0	0	0	0	1	0	0	18	0	0	0	0	0	0	1	8	0	0	115	0	0	1	0	0	1	0	0	143	13	0	0	3	0	4	42	1	0	2	28	0	0	1	0	0	2	1	0	0	2	0	0	1	3	0	0	0	1	2	14	0	0	0	10	13	27	32	0	0	0	0	0	2	1	6	4	1	1	5	65	228	104	136
OTU716	0	0	0	0	0	0	1	2	0	0	0	0	0	0	0	0	0	0	1	0	0	0	0	0	0	0	1	1	0	0	0	2	0	0	1	0	0	0	0	0	9	0	0	11	0	12	0	0	6	0	0	0	0	0	12	2	20	12	4	0	0	0	0	2	272	69	116	174	62	0	8	7	0	5	0	1	0	4	3	0	0	4	0	0	0	0	0	3	0	0	2	1	1	1	0	0	0	4	1	1	8	0
OTU717	1	0	0	0	0	0	0	4	0	0	6	2	0	0	2	2	0	0	2	0	0	0	0	0	1	0	0	0	5	0	0	2	0	1	4	7	1	0	1	1	0	3	1	4	2	41	12	221	65	1	0	5	12	6	4	8	4	311	183	1	3	0	1	4	3	1	2	758	2	0	0	1	3	8	1	4	13	1	7	1	52	188	2	5	8	236	3	0	0	1	2	5	217	1	17	127	0	6	3	0	10	1
OTU718	0	0	2	0	0	0	0	0	0	0	0	1	0	0	1	0	0	0	0	0	0	0	0	0	0	0	2	1	1	0	4	0	0	0	0	0	72	1	108	0	19	2	2	10	16	15	0	2	1	6	0	13	4	3	1	2	32	22	54	0	3	1	0	0	0	0	3	0	1	6	1	7	8	0	0	57	13	12	6	21	2	14	15	16	24	29	0	1	0	0	74	2	250	11	17	11	0	1	2	0	0	0
OTU719	0	0	1	0	0	0	0	0	0	0	1	0	0	1	0	0	0	0	0	0	1	0	0	0	0	0	2	1	11	2	2	0	0	0	0	0	0	0	0	0	1	0	1	12	2	7	7	0	0	1	0	0	0	2	28	330	3	79	13	0	0	0	0	0	3	8	0	3	0	2	5	0	1	3	0	0	4	1	2	1	1	3	2	0	0	0	2	0	3	0	37	0	115	47	11	1	53	9	4	2	1	1
OTU72	1	12	3	0	1	0	2	22	0	0	7	11	1	6	1	0	2	0	3	0	1	15	0	18	0	6	478	323	5257	200	581	0	8	4	22	4	322	124	900	1	75	43	130	43	19	90	42	32	20	134	39	162	99	44	62	38	964	50	31	6	1	17	12	18	24	5	81	68	18	140	304	118	82	154	36	514	589	165	48	368	39	127	25	282	625	32	193	435	384	165	121	69	31	91	25	138	34	7	1	1	6	0
OTU720	0	1	0	0	0	0	1	1	0	0	0	0	0	0	0	0	0	0	1	0	1	0	0	0	1	0	2	25	0	0	0	2	1	0	4	0	0	0	0	0	1	4	0	8	5	1	2	0	0	0	0	13	3	0	19	3	12	16	11	1	0	0	0	0	205	55	164	304	417	0	0	9	0	0	0	14	7	0	14	0	0	1	0	0	4	2	3	0	0	0	1	2	2	3	11	2	3	2	2	0	5	3
OTU721	0	0	0	0	0	0	0	1	0	0	0	0	0	0	0	0	0	0	0	0	3	1	0	0	0	0	0	0	0	0	0	1	3	0	4	0	0	0	0	0	0	0	0	0	0	0	0	0	0	0	0	0	0	0	1	3	1	1	1	0	0	0	0	1	64	184	110	43	32	0	0	0	0	0	0	0	0	0	0	0	0	0	0	0	0	0	0	0	0	0	0	0	11	6	0	2	1	414	316	2	163	70
OTU722	0	0	2	0	0	0	0	0	0	0	0	6	0	0	0	1183	0	0	0	0	0	0	0	0	0	0	0	0	0	0	0	0	0	0	0	0	0	0	0	0	0	0	0	0	0	0	0	0	0	0	0	1	0	0	1	2	0	0	3	0	0	0	0	0	0	0	0	0	0	0	0	0	0	0	0	0	3	0	2	0	0	0	0	0	0	0	0	0	0	2	0	0	1	0	0	0	0	0	0	0	0	0
OTU723	0	2	1	0	0	1	0	1	0	0	0	0	0	1	1	0	0	3	0	0	0	2	0	0	2	0	16	0	0	45	21	0	0	0	8	0	11	8	24	0	62	83	17	4	2	1	0	2	42	14	2	105	9	11	2	1	16	4	6	0	0	1	2	0	94	51	2	0	2	21	81	53	4	30	101	36	1	22	43	16	13	2	0	17	17	1	24	38	12	16	77	14	3	5	29	16	7	0	0	1	4	0
OTU724	1	4	3	1	1	0	5	1	0	2	0	0	0	1	4	0	0	0	0	0	3	2	0	1	0	2	140	172	1	134	114	43	3	4	11	1	56	33	211	1	513	73	185	959	15	247	65	113	5	25	2	27	36	34	49	129	350	127	34	8	0	11	2	2	41	1	26	5	3	152	392	43	15	41	56	17	20	118	29	24	9	264	27	451	18	53	79	118	290	4	81	122	18	41	39	210	47	0	4	0	8	0
OTU725	0	0	0	0	0	0	0	3	0	0	0	0	0	0	0	0	0	0	2	0	0	0	0	3	1	0	0	0	0	0	0	0	0	0	2	0	0	1	0	0	21	53	0	0	0	0	0	0	0	0	0	0	0	2	6	6	3	0	7	0	3	2	0	2	90	81	143	38	128	0	0	0	0	0	2	0	0	0	3	1	2	0	0	0	0	0	0	0	0	0	1	0	4	0	0	0	8	23	23	2	0	73
OTU726	0	0	0	0	0	0	2	0	0	0	0	0	0	0	0	0	0	0	0	0	0	0	0	0	0	0	0	0	0	0	0	0	0	0	0	0	0	0	0	0	0	0	0	0	0	0	0	0	0	0	0	0	0	0	0	0	0	0	0	0	0	0	0	0	0	0	2	0	0	0	0	0	0	0	0	0	0	0	0	0	0	0	0	0	0	0	0	0	0	0	0	0	0	0	0	0	0	649	0	0	0	0
OTU727	0	0	0	0	0	0	0	0	0	641	0	1	0	0	0	0	0	0	0	0	0	0	0	0	0	0	0	0	0	0	0	0	0	0	0	0	0	0	0	0	2	0	0	1	0	0	0	0	0	3	0	0	0	2	1	3	2	0	0	0	0	0	0	0	0	0	0	0	0	2	1	0	0	0	1	0	0	0	0	3	0	0	0	0	0	0	0	0	0	0	0	0	3	0	0	4	0	0	0	0	0	0
OTU728	0	0	0	0	0	0	0	0	0	0	527	0	0	0	0	0	0	0	0	8	0	0	0	0	0	0	0	0	0	0	3	0	0	0	2	0	0	0	0	3	0	0	0	0	0	0	0	1	0	0	1	1	0	0	1	2	1	1	0	0	0	0	0	0	0	0	0	0	0	0	0	0	1	2	0	0	5	0	0	0	1	0	0	0	0	0	0	0	0	1	0	0	0	0	0	0	0	0	0	0	0	0
OTU729	0	0	0	0	0	0	0	0	0	0	0	0	0	0	0	0	0	0	587	0	0	0	0	0	0	1	0	0	0	0	0	0	0	0	0	0	0	0	0	0	0	14	0	0	0	0	0	0	0	0	0	0	0	0	0	0	0	0	0	1	1	0	0	24	2	0	4	1	1	0	0	0	0	0	0	0	0	0	0	0	0	0	0	0	0	0	0	0	0	0	0	0	0	0	0	0	0	0	3	0	0	0
OTU73	0	6	6	0	0	0	11	16	1	1	1	4	2	3	0	0	4	0	20	1	22	13	9	6	25	18	256	70	46	111	67	6	32	9	31	14	67	3	1	0	238	83	146	27	39	7	7	139	52	25	2	66	29	16	106	76	84	58	327	17	20	3	13	18	2763	1331	1302	1131	7209	2	20	2	38	32	3	86	13	11	178	31	15	14	109	20	49	83	3	2	3	47	22	138	202	111	104	70	38	178	296	103	391	176
OTU730	0	0	0	0	0	0	0	1	0	0	0	0	0	0	0	0	0	0	1	0	0	0	0	1	0	0	0	0	0	0	0	0	1	1	0	0	0	0	0	0	0	0	0	0	0	0	0	0	0	0	0	0	0	0	0	5	10	10	1	0	0	0	2	0	0	67	187	294	2	0	0	0	0	0	0	0	0	0	0	0	0	0	0	0	0	0	0	0	0	0	0	0	0	0	0	3	0	0	1	0	69	0
OTU731	0	0	0	0	0	0	1	4	0	0	0	0	0	0	0	0	0	0	1	0	0	0	0	0	0	1	0	0	0	0	0	0	2	0	0	0	0	0	0	0	0	0	0	0	0	0	0	0	0	0	0	0	0	0	3	1	0	0	0	1	0	0	4	0	179	183	1	12	130	0	0	0	0	0	0	0	0	0	0	0	0	0	0	0	0	0	0	0	0	0	0	0	0	0	0	0	0	105	0	0	73	0
OTU732	0	4	0	0	0	3	0	0	1	2	7	3	0	0	0	0	1	3	0	0	0	6	0	0	0	0	2	5	11	60	2	0	0	0	6	0	26	13	6	0	0	8	4	0	2	8	0	7	355	87	5	21	109	890	17	5	7	6	14	1	1	0	2	1	13	5	2	7	7	1	4	5	2	9	5	6	7	9	5	4	6	10	1	7	0	7	5	174	1	27	56	142	37	17	7	11	9	2	49	2	53	43
OTU733	0	0	0	0	0	0	0	1	0	0	0	0	0	0	0	0	0	0	0	0	0	1	1	2	0	0	0	0	0	0	0	0	0	0	2	0	17	14	44	0	0	0	0	0	0	0	0	0	2	1	0	0	0	1	0	0	52	1	1	0	0	0	0	1	0	0	2	0	0	70	98	0	0	4	357	15	43	8	0	2	0	0	0	0	0	0	32	3	72	0	0	1	1	1	1	6	0	1	0	0	0	0
OTU734	0	0	0	0	0	0	0	0	0	0	0	0	0	0	0	0	0	0	0	0	0	0	0	0	0	2	0	0	0	0	0	0	0	0	1	0	0	0	0	0	0	0	0	0	0	0	0	0	0	0	0	0	0	0	1	0	2	3	1	0	0	0	0	0	45	88	103	224	53	0	0	0	0	0	1	0	0	0	0	0	0	0	0	0	0	0	0	0	0	0	0	0	0	0	0	0	0	0	0	3	43	51
OTU735	0	0	0	0	0	0	0	3	0	0	0	0	0	0	0	0	0	0	4	0	2	0	1	0	2	1	6	3	9	0	25	0	1	0	0	0	13	2	3	0	74	103	49	2	0	1	0	0	11	2	0	29	4	4	6	2	1	8	14	2	2	0	0	4	14	10	48	21	150	14	22	1	7	5	16	18	6	17	25	11	11	2	3	4	1	3	7	6	1	16	10	6	0	11	3	3	7	0	67	0	3	27
OTU736	0	1	0	0	0	0	0	0	0	0	0	1	2	0	1	0	2	0	4	0	0	0	0	2	0	0	0	0	2	0	0	0	0	0	4	0	3	0	111	0	172	229	18	0	1	0	8	0	0	22	0	2	0	9	0	5	3	5	3	0	0	0	0	0	0	0	0	0	0	13	153	74	0	0	55	1	1	1	2	1	2	0	2	2	1	1	1	3	2	3	0	33	1	1	4	2	0	0	0	0	0	1
OTU737	0	0	2	0	0	2	0	0	0	2	0	1	0	2	0	0	0	3	2	0	0	0	1	0	0	1	4	20	0	0	12	1	0	0	1	1	4	2	10	0	13	18	10	53	4	20	3	34	45	1	14	1	1	41	28	5	14	5	2	0	0	3	1	0	0	0	1	0	0	19	1	4	15	13	0	3	5	137	8	11	10	17	29	49	47	43	3	26	12	9	15	5	16	34	61	278	6	0	0	0	10	0
OTU738	0	0	0	0	0	0	1	0	0	0	0	0	0	0	0	0	0	0	1	0	2	0	0	3	0	1	0	0	0	0	0	0	0	0	3	0	0	0	0	0	0	0	0	0	0	0	0	0	0	0	0	0	0	0	0	0	0	0	6	1	0	0	0	0	41	1	47	77	228	0	0	0	0	0	0	0	0	0	0	0	0	0	0	0	0	0	0	0	0	0	0	0	7	0	0	0	0	712	3	2	17	2
OTU739	0	0	0	0	0	0	0	1	0	0	0	0	0	0	0	0	0	0	1	0	0	2	7	0	2	1	0	0	0	0	0	0	0	2	0	0	0	0	0	0	0	0	0	0	0	1	0	0	0	0	0	0	0	0	0	0	0	0	0	0	6	0	0	2	3	0	9	1	1	0	0	0	0	0	0	0	0	0	0	0	0	0	12	0	0	0	0	0	0	0	0	0	1	0	6	1	1	286	20	455	296	62
OTU74	1	8	7	4	1	5	5	8	2	8	4	7	1	1	4	0	1	0	14	0	6	11	6	7	13	2	140	261	653	189	446	8	8	9	29	6	66	369	189	4	741	308	143	199	195	329	180	50	60	170	13	139	96	63	246	101	624	45	96	10	2	5	4	9	621	424	608	309	444	141	240	68	100	106	144	415	301	151	92	116	91	310	90	342	282	71	214	438	654	78	59	82	125	113	93	973	331	559	290	815	567	260
OTU740	0	1	0	0	0	0	0	0	0	0	0	1	0	0	0	2	0	0	2	0	2	0	1	0	5	0	20	21	10	3	3	0	0	6	0	0	11	0	13	0	18	12	16	6	15	16	9	7	2	12	3	1	7	2	21	5	29	4	5	0	0	0	0	3	88	47	46	68	50	8	5	1	3	7	7	7	2	1	4	2	1	12	13	4	4	19	3	5	5	6	2	8	2	5	2	22	22	1	0	0	3	0
OTU741	0	0	0	0	0	0	1	0	0	0	0	0	0	0	0	0	0	0	0	3	0	1	0	0	3	0	0	0	0	0	1	0	6	4	0	3	0	0	0	0	0	1	0	1	0	0	0	0	0	0	0	0	0	0	2	10	1	11	17	2	1	0	0	1	3	238	72	472	479	0	0	1	0	0	0	0	0	0	0	1	0	0	0	11	0	2	0	0	0	0	0	0	4	0	134	0	0	213	3	2	2	0
OTU742	0	0	0	0	0	0	0	0	0	0	0	0	0	0	0	0	0	0	5	0	0	0	0	2	0	0	0	2	0	0	0	0	1	0	1	0	0	0	0	0	0	0	0	0	0	0	0	0	0	0	0	0	0	0	0	0	0	0	0	0	0	0	0	0	3	2	2	0	2	0	0	0	0	0	0	0	0	0	0	0	0	0	0	1	0	0	1	0	0	0	0	0	0	0	0	8	0	48	30	25	506	12
OTU743	0	0	2	0	0	1	0	1	0	0	2	0	0	0	0	0	0	0	0	0	0	1	0	2	0	0	27	2	1	9	16	1	1	0	2	0	6	0	0	2	12	3	25	0	1	2	2	30	25	11	0	23	9	3	1	7	3	5	3	1	0	0	3	0	19	21	27	87	40	0	2	17	0	0	0	12	1	0	8	8	8	0	29	1	2	3	0	8	9	1	0	15	2	10	31	18	1	1	95	1	22	1
OTU744	0	0	0	0	0	0	2	3	0	0	0	0	0	0	0	0	0	0	0	0	0	0	0	1	0	0	0	0	0	0	0	0	3	0	1	0	0	0	0	0	0	2	2	0	0	0	0	0	0	0	0	0	0	0	13	5	2	3	6	3	5	1	3	0	158	78	128	63	163	0	0	0	0	0	0	1	0	0	0	0	0	1	0	0	0	0	0	0	0	0	0	0	6	0	8	11	12	0	0	1	84	109
OTU745	0	0	0	0	0	0	0	11	0	0	0	1	0	0	0	0	0	0	0	0	0	0	0	0	0	2	0	0	0	1	0	0	0	0	0	0	6	2	1	0	1	24	14	0	0	0	2	0	0	4	0	2	0	7	1	1	2	1	0	0	0	0	0	0	0	0	0	0	2	2	0	1	2	8	0	698	1	6	4	45	2	2	0	1	1	0	4	5	7	0	7	2	0	0	4	0	1	0	0	1	0	0
OTU746	1	0	0	0	0	0	0	1	0	1	0	0	0	0	0	0	0	0	1	0	0	0	0	0	0	0	3	3	0	3	0	0	3	0	0	0	0	0	1	0	27	0	14	15	21	21	10	13	34	10	14	22	12	4	101	6	2	25	17	0	0	0	0	0	5	0	2	2	0	0	0	4	1	0	0	0	5	2	7	0	19	2	9	23	10	1	1	20	6	6	25	0	83	19	10	9	148	7	18	0	23	16
OTU747	0	2	0	1	0	0	0	3	0	1	2	0	0	0	67	4	0	0	0	0	0	2	1	6	0	1	82	54	801	40	43	1	9	1	3	0	157	26	131	0	29	18	33	23	24	16	27	1	8	18	9	28	17	27	18	18	299	14	18	2	0	0	0	1	0	68	12	0	2	66	292	61	15	14	9	84	179	180	7	122	11	196	7	14	4	5	88	54	231	9	28	25	10	42	29	15	9	0	0	1	2	0
OTU748	0	2	0	0	0	0	0	0	54	0	0	0	0	1	18	0	22	3	0	0	0	1	0	0	0	0	4	13	20	5	19	0	0	0	3	3	4	2	7	0	58	4	6	26	24	52	17	6	6	1	10	6	11	24	19	19	118	8	26	4	0	0	0	2	22	10	12	24	20	8	10	7	4	2	5	5	33	15	14	10	10	192	9	14	7	19	22	28	10	7	2	168	20	4	13	9	19	24	8	1	42	9
OTU749	0	2	1	0	0	0	0	0	0	0	0	0	0	0	0	0	0	0	0	0	1	0	0	0	0	0	0	3	0	0	0	0	4	5	1	2	0	0	0	0	0	4	0	46	31	0	1	21	4	1	0	0	0	7	34	24	1	37	32	0	0	0	4	0	21	38	8	39	33	1	0	0	11	0	0	1	1	0	0	0	0	19	4	0	0	3	0	1	0	0	0	0	14	42	25	35	16	1	91	19	30	246
OTU75	0	1	0	2	2	0	2	13	0	2	1	3	0	2	1	1	1	2	0	0	0	24	242	4	0	7	11	18	132	20	11	0	2	2	13	0	911	9405	211	0	23	7	18	21	21	21	12	11	17	16	6	22	13	21	53	50	63	54	48	0	0	0	0	4	4	1	2	9	3	68	26	20	6	14	12	244	672	2187	18	118	29	53	13	8	9	86	204	181	111	14	25	20	29	20	17	46	23	0	3	3	0	1
OTU750	0	1	0	1	0	0	24	15	0	0	1	0	2	2	0	0	2	2	4	0	10	3	6	5	12	3	160	117	168	145	107	12	16	1	15	13	45	45	47	0	86	22	48	90	39	66	6	65	85	30	12	476	146	66	102	110	317	81	105	0	4	1	8	10	829	566	876	296	630	26	74	300	232	30	51	69	84	21	213	30	794	65	48	8	17	93	70	23	27	72	40	155	134	171	90	158	95	379	630	226	943	599
OTU751	0	2	0	0	0	0	0	0	0	0	0	6	0	0	0	627	0	1	0	0	0	0	0	0	0	0	0	2	1	0	0	0	0	0	1	0	0	13	40	0	2	2	33	3	1	1	7	0	0	0	1	3	0	2	0	1	43	1	5	0	0	0	0	0	0	0	4	0	0	20	73	0	0	2	28	16	19	5	0	1	0	1	0	4	0	5	0	0	38	0	2	2	0	4	3	7	1	0	0	0	0	0
OTU752	0	2	3	0	0	0	1	2	0	0	0	3	0	0	2	0	0	0	0	0	0	0	2	16	1	0	0	1	0	3	5	0	0	0	7	0	1	25	249	0	5	30	37	43	6	0	28	1	3	0	1	4	14	0	19	5	5	11	9	3	0	0	0	0	46	2	0	1	3	13	1	28	34	82	206	3	5	102	2	2	79	53	1	4	0	6	19	53	122	55	5	4	4	9	4	7	18	2	21	145	98	70
OTU753	0	0	0	0	0	0	3	4	0	0	0	0	0	0	0	0	0	0	2	0	2	1	0	0	0	0	20	0	0	0	0	0	4	0	1	0	0	3	0	2	3	3	0	1	2	0	0	1	3	0	0	1	1	9	2	0	9	1	5	0	0	0	0	5	7	36	24	0	0	2	0	0	2	0	0	0	0	1	4	4	2	7	2	0	3	6	1	2	2	16	2	0	5	2	27	6	20	346	214	200	60	340
OTU754	0	4	0	1	0	0	0	2	0	0	1	0	0	0	0	0	0	1	0	0	0	0	0	0	0	0	1	34	3	20	16	0	0	0	1	0	10	4	38	0	45	0	7	11	12	6	3	3	1	6	0	36	4	21	12	17	88	10	19	0	0	0	0	2	53	6	3	42	3	36	62	18	63	56	12	10	18	36	23	6	4	21	2	7	7	5	99	8	2	304	287	166	26	4	13	5	22	0	0	0	0	1
OTU755	0	0	0	0	0	0	0	0	0	0	0	0	0	0	0	0	0	0	13	0	0	0	0	0	0	0	0	0	2	0	0	0	1	0	1	0	0	0	0	0	0	0	0	0	0	0	0	0	0	0	0	0	0	0	0	0	0	0	0	0	516	0	0	0	3	1	0	27	3	0	1	0	0	0	0	0	0	0	0	0	0	1	32	0	0	0	0	0	0	0	0	0	0	0	0	0	0	1	1	0	1	1
OTU756	0	0	0	0	0	0	0	4	0	0	0	4	0	0	0	0	0	0	0	0	1	0	1	2	2	1	0	0	0	0	0	0	0	0	1	0	0	0	0	0	0	2	15	6	0	0	0	0	0	0	0	9	0	0	4	2	4	5	1	0	1	2	1	0	186	43	65	246	124	0	0	0	0	0	0	0	0	1	0	0	0	0	0	0	0	0	0	0	0	0	0	0	0	0	0	0	0	4	1	0	3	26
OTU757	0	0	0	0	2	0	0	0	0	0	0	0	0	0	0	0	0	0	0	0	0	2	0	0	0	0	2	113	0	1	0	6	1	6	0	0	0	0	0	0	0	3	1	56	5	173	3	5	1	0	0	0	0	2	3	320	0	0	1	0	0	0	0	0	0	6	0	0	0	0	2	0	0	0	0	0	6	0	4	0	1	0	3	0	0	0	1	0	0	0	0	0	3	3	2	16	24	0	0	0	0	0
OTU758	0	0	0	0	0	1	1	3	0	0	0	0	0	0	0	0	0	0	1	0	0	0	0	3	6	1	10	36	13	37	32	1	2	2	8	6	2	0	59	0	0	0	0	1	0	1	6	22	6	4	0	1	0	3	2	0	0	45	5	0	1	0	1	3	10	82	7	596	80	0	0	18	15	0	0	93	15	17	1	3	12	2	0	4	10	1	29	41	1	1	32	15	8	19	3	39	0	142	89	1	2	95
OTU759	59	0	0	0	0	0	270	2	0	143	0	0	0	0	0	0	0	0	1	0	0	0	0	1	4	0	1	0	0	0	2	0	605	0	0	0	0	0	0	0	2	0	0	1	19	0	0	0	0	1	0	0	0	0	0	0	1	0	1	298	4	3	1	1	3	1	0	0	17	0	0	0	0	0	0	0	0	0	0	0	2	4	0	0	0	0	0	0	0	0	0	0	1	0	0	0	0	1	2	0	4	24
OTU76	0	0	0	0	0	0	5	11	0	0	0	0	0	0	0	0	0	0	12	2	7	3	1	7	11	0	0	0	2	0	0	5	16	14	28	14	0	0	0	0	0	0	0	0	0	0	0	2	0	0	0	0	1	0	4	0	4	0	1	11	22	1	4	20	23	17	34	27	30	0	0	0	132	0	0	0	1	0	0	0	8	0	0	0	0	1	0	0	0	0	0	1	446	2	0	0	0	39245	11	19	45	14
OTU760	0	0	2	0	0	0	0	1	2	0	0	1	0	0	3	0	0	0	4	0	1	0	0	0	0	0	20	15	4	58	5	5	3	1	2	0	4	3	1	0	25	13	15	43	45	64	23	9	19	40	13	13	12	8	58	52	13	38	52	0	1	1	1	0	3	5	11	12	3	6	7	38	22	0	7	5	5	8	0	4	25	27	18	19	48	21	4	1	0	15	3	68	39	18	8	34	34	0	6	155	23	77
OTU761	0	3	1	3	0	0	0	0	0	0	5	0	0	0	0	0	0	0	1	0	0	4	0	3	1	1	35	24	122	12	38	1	2	5	9	10	38	6	85	0	43	33	50	27	17	28	9	42	14	3	4	7	14	3	27	27	57	48	44	0	1	1	1	2	87	132	216	329	528	18	36	8	15	9	88	23	2	14	8	7	15	21	8	16	4	16	68	54	18	6	30	28	10	17	8	9	25	2	4	47	56	51
OTU762	0	0	0	0	0	0	0	0	0	0	0	0	0	0	0	0	0	0	4	0	3	0	0	4	0	0	0	0	0	0	0	0	0	0	1	0	0	0	0	0	0	0	0	0	0	0	0	1	0	0	0	0	0	0	0	0	0	0	0	0	1	0	0	1	0	0	0	0	1	0	0	0	0	0	0	0	0	0	0	0	0	0	0	0	0	0	0	0	0	0	0	0	18	1	3	3	6	373	56	96	55	40
OTU763	0	0	0	0	0	0	0	0	0	0	0	0	0	0	0	0	0	0	0	0	2	0	0	0	2	0	0	0	0	0	0	1	1	0	2	0	0	0	0	0	1	0	0	13	0	0	7	0	0	0	0	0	0	0	0	9	1	25	15	0	2	0	0	0	0	22	130	69	33	0	0	0	0	2	0	0	0	0	0	0	0	5	0	0	0	5	0	0	0	0	0	0	4	1	3	0	0	39	90	214	35	87
OTU764	0	2	0	1	0	0	0	0	0	0	0	0	0	0	0	0	0	0	0	0	0	0	0	0	0	0	0	0	67	1	22	0	0	6	5	0	0	0	10	0	0	7	0	1	0	710	0	2	0	1	0	2	8	0	5	4	57	0	8	0	0	0	0	2	0	0	3	0	0	2	21	0	0	3	35	1	11	0	1	5	0	3	1	0	0	0	0	16	32	0	2	0	1	5	0	2	2	0	0	0	0	0
OTU765	0	1	0	0	0	0	0	0	0	5	0	0	0	0	0	0	0	0	0	0	1	0	0	0	0	0	2	1	42	2	5	0	0	0	2	0	60	1	117	0	5	43	115	0	0	27	1	1	0	5	9	2	0	1	2	1	12	7	1	0	0	0	0	0	0	0	0	0	0	0	94	1	0	0	1	17	0	2	2	4	17	8	1	2	0	3	19	104	59	0	7	19	6	0	2	0	2	0	0	0	0	0
OTU766	0	3	3	1	2	0	0	0	0	0	3	0	0	0	0	0	0	0	5	0	1	0	0	0	0	0	2	1	6	0	18	0	0	2	1	2	1	5	3	0	33	156	84	7	76	36	0	20	11	3	0	0	2	366	7	143	17	11	20	0	3	0	0	0	0	1	3	0	0	2	6	50	0	21	22	5	0	1	34	0	60	29	129	30	6	0	2	3	13	59	0	3	20	5	11	17	30	1	0	0	0	2
OTU767	2	0	0	0	0	0	1	2	0	0	0	0	1	0	4	0	1	0	1	0	2	0	0	0	0	5	32	20	37	23	32	0	6	0	0	0	163	13	27	0	48	42	50	29	15	16	8	48	11	3	4	14	15	15	42	43	39	21	27	0	1	0	3	0	89	109	152	23	109	3	2	9	36	57	10	131	16	16	18	215	6	41	62	22	14	14	6	12	16	5	24	20	18	14	42	28	21	0	50	30	75	39
OTU768	0	0	0	0	0	0	0	1	0	0	0	0	0	0	0	0	0	0	0	2	0	2	2	0	5	4	0	0	0	0	0	1	1	0	3	0	0	0	0	0	0	0	0	0	0	0	0	0	0	0	0	0	0	0	0	0	0	0	9	0	0	1	3	0	0	103	24	54	435	0	0	0	0	0	0	0	0	0	0	0	0	1	0	0	0	0	0	0	0	0	0	0	0	3	1	1	0	68	21	1	5	1
OTU769	1	5	0	0	0	0	7	11	0	0	0	0	0	0	0	1	0	0	2	14	0	1	4	7	2	2	3	7	8	4	7	12	18	8	11	3	23	3	154	0	7	34	7	32	46	98	85	2	27	14	0	8	5	15	12	987	150	110	210	10	7	3	11	17	72	69	3161	1523	63	5	3	6	116	13	1	9	174	5	10	13	4	83	33	7	4	28	112	5	6	0	2	11	334	20	7	15	10	114	66	18	48	34
OTU77	1	10	6	1	0	2	11	15	6	7	5	8	0	2	0	3	3	0	19	0	15	12	7	9	13	15	110	453	72	558	72	18	31	28	35	9	201	38	166	3	204	272	288	425	926	516	316	398	309	445	48	692	162	107	315	533	164	348	310	11	10	10	17	7	1127	731	1415	822	754	7	61	218	274	179	196	360	84	53	260	356	146	411	221	211	156	185	52	209	82	193	335	412	397	157	240	330	552	144	372	86	216	221
OTU770	0	0	0	0	0	2	2	1	0	0	0	0	0	1	0	0	0	0	8	0	2	0	2	2	0	0	1	0	0	1	0	0	2	0	1	0	2	4	68	0	417	38	30	2	1	0	0	0	1	5	3	2	0	0	2	1	2	2	2	0	1	0	0	0	1	1	0	0	0	3	11	10	3	0	7	5	12	3	16	0	0	2	1	4	2	1	10	46	19	0	1	2	0	2	0	1	0	0	0	0	2	0
OTU771	0	0	0	0	0	0	0	0	405	0	0	0	0	0	0	0	0	0	0	0	0	0	0	157	0	0	0	1	0	0	0	0	0	0	0	0	0	0	0	0	0	0	0	0	0	0	0	0	0	0	0	0	0	0	0	1	0	0	0	0	0	0	0	0	0	0	0	0	0	0	0	0	0	0	0	0	0	0	0	0	0	0	0	0	0	2	0	0	0	0	0	2	0	2	0	0	1	0	0	0	0	0
OTU772	0	0	0	0	0	0	0	2	0	0	0	0	1	0	0	0	0	0	4	0	1	0	0	0	0	0	5	2	2	0	0	0	1	1	6	0	16	2	11	0	154	31	21	7	0	0	9	0	1	46	2	1	11	1	2	2	4	0	0	0	0	0	0	0	25	20	0	0	0	23	9	58	3	0	47	54	0	16	1	3	8	4	2	0	0	3	10	96	14	0	8	28	0	0	8	4	1	0	0	0	0	0
OTU773	0	0	0	0	0	7	0	0	1	0	0	0	0	0	0	0	0	0	0	0	0	6	0	0	0	0	0	0	1	0	0	3	0	0	0	3	0	0	0	0	5	0	1	97	2	1	0	121	305	1	0	24	1	1	2	62	1	1	1	0	0	0	0	2	0	1	1	0	0	0	0	0	0	0	0	0	4	3	0	0	2	0	2	2	0	0	5	0	0	0	0	0	224	1	3	1	2	6	0	0	0	0
OTU774	0	0	2	0	0	1	3	5	2	0	0	4	0	0	0	0	0	0	4	0	7	1	1	0	4	2	111	185	119	48	296	4	17	6	14	13	55	32	49	0	91	82	20	47	75	183	61	152	288	132	6	60	125	58	67	61	26	69	99	3	0	0	2	11	45	14	69	76	28	58	29	25	34	51	37	81	19	96	88	27	118	80	82	42	108	84	111	48	95	53	49	138	114	115	149	207	59	328	128	283	209	174
OTU775	0	0	0	0	0	2	0	0	1	0	0	0	0	0	0	0	0	0	0	0	1	5	0	0	0	0	15	0	0	17	0	0	0	0	1	0	0	0	0	0	32	0	12	0	5	0	3	50	60	8	0	12	0	34	0	8	0	0	6	0	0	0	0	1	0	0	0	0	0	0	0	5	4	9	0	0	0	2	15	0	19	2	35	8	12	51	0	8	0	0	35	3	0	44	92	0	5	0	129	0	153	227
OTU776	0	0	0	0	0	0	1	0	0	0	0	0	0	0	0	0	0	0	0	0	0	1	2	1	0	0	1	1	0	6	0	0	3	0	0	1	6	2	1	0	6	4	23	0	2	0	3	9	1	10	0	27	1	2	6	6	0	3	8	0	2	1	2	0	27	18	24	33	68	0	0	5	6	7	14	12	17	1	9	9	12	3	2	6	0	7	0	7	0	4	6	5	1	4	11	6	15	16	95	52	57	211
OTU777	0	0	0	0	1	0	0	0	0	0	0	0	0	0	0	0	0	0	0	0	0	0	0	0	0	0	0	3	0	1	1	1	497	0	0	0	0	0	0	0	0	0	0	0	14	0	0	0	0	0	0	0	0	0	0	0	0	0	0	0	1	0	0	0	3	0	0	3	0	0	0	0	0	0	0	0	0	0	0	0	0	0	0	0	0	2	8	0	0	0	0	0	1	1	0	4	0	0	1	0	44	0
OTU778	0	1	0	0	0	0	0	0	0	0	0	4	0	0	0	582	0	0	0	0	0	0	0	0	0	0	1	0	0	1	1	0	0	0	0	1	1	2	0	0	0	0	0	1	0	2	0	0	0	2	0	0	0	2	1	0	1	2	0	356	0	0	0	0	1	0	1	0	0	0	0	1	3	0	0	0	2	0	1	3	0	12	1	0	2	1	2	3	1	0	1	0	3	1	0	0	2	0	0	3	0	1
OTU779	0	7	3	0	3	0	0	1	0	0	0	0	0	2	0	0	0	0	0	0	2	1	0	0	0	2	19	1	173	0	20	1	2	0	1	1	5	0	0	0	1	0	1	3	15	1	1	0	0	4	0	1	0	0	12	13	25	16	3	2	1	0	1	0	64	133	86	121	93	5	0	1	1	11	0	17	0	1	0	67	1	5	2	1	32	2	1	3	3	0	20	2	8	6	247	24	4	0	56	244	136	20
OTU78	0	1	0	0	0	1	33	24	0	1	6	9	1	0	0	0	0	0	21	0	38	9	6	3	22	14	131	69	53	51	38	8	11	9	9	7	305	12	13	1	367	328	862	87	70	68	17	103	54	26	7	886	438	51	186	146	191	136	269	5	7	5	6	10	1055	496	1087	486	1203	29	69	32	324	385	57	329	16	4	490	428	428	91	135	32	45	100	71	18	10	130	198	207	211	218	147	194	98	516	647	104	1168	784
OTU780	0	577	0	0	0	0	89	0	0	0	0	0	0	150	0	0	0	0	0	0	0	0	0	1	0	0	0	0	2	0	0	1	0	0	0	0	0	3	0	0	4	0	1	0	0	0	0	0	0	3	0	0	0	3	0	0	1	3	4	0	0	0	0	0	0	3	0	0	0	0	0	0	0	1	0	4	1	1	1	0	6	0	0	0	0	0	0	1	1	0	1	5	1	2	2	2	1	0	0	77	1	0
OTU781	2	4	3	1	0	1	0	0	8	29	1	10	1	2	0	0	0	0	0	0	2	2	0	0	2	0	27	46	52	34	15	0	0	0	2	1	47	23	69	0	43	47	32	28	18	42	18	4	27	11	8	109	51	34	27	46	36	12	23	0	0	0	0	0	1	0	0	0	5	17	63	23	20	16	54	38	42	31	35	10	19	63	20	6	11	13	26	42	56	26	21	52	16	17	38	44	57	1	5	0	5	1
OTU782	0	4	4	0	1	0	3	8	2	0	1	10	0	3	0	0	0	0	1	0	0	0	0	0	0	5	9	8	3	4	1	1	1	0	3	2	6	6	13	1	129	19	14	10	12	15	2	60	8	11	6	30	8	12	51	36	21	25	25	8	1	0	0	1	14	35	79	0	15	13	3	44	13	7	1	121	9	49	29	47	124	563	18	3	11	29	41	23	5	91	17	29	23	43	14	450	10	0	16	36	30	13
OTU783	0	0	0	0	0	0	1	2	0	0	0	0	0	0	0	0	0	0	0	486	0	0	0	0	0	0	0	0	0	0	0	0	0	0	0	0	0	0	0	4	0	0	0	0	0	0	0	0	0	0	0	0	0	0	0	0	0	0	0	0	0	3	0	0	0	0	0	0	0	0	0	0	0	0	0	0	0	0	0	0	0	0	0	0	0	0	0	0	0	0	0	0	0	0	0	0	0	0	0	0	0	3
OTU784	0	0	0	0	0	0	1	0	4	0	0	1	0	3	0	1	0	0	0	0	1	2	0	2	0	0	20	24	4	26	18	2	6	1	8	8	11	4	4	0	126	57	21	53	43	30	8	44	89	8	14	40	18	18	57	54	43	15	52	0	4	1	1	2	250	152	89	95	262	0	11	5	15	10	7	31	86	25	36	9	17	27	19	14	33	60	2	7	4	11	30	27	27	22	6	82	62	3	43	1	98	19
OTU785	0	0	0	0	0	0	0	0	0	0	1	2	0	1	0	0	0	0	0	0	0	0	0	0	0	0	0	1	0	1	0	0	0	0	2	0	3	1	0	0	0	0	1	0	0	0	0	2	1	0	0	0	0	4	7	3	5	20	2	0	1	0	0	0	0	0	43	0	0	0	0	7	0	6	0	1	4	0	0	0	0	2	2	0	0	1	2	0	0	0	0	2	294	451	7	2	1	1	6	0	4	0
OTU786	0	0	0	0	0	0	0	1	0	0	0	0	0	0	0	0	0	0	2	0	1	0	0	0	1	0	0	0	0	0	0	0	0	0	0	0	0	0	0	0	0	0	0	0	0	0	0	0	0	0	0	0	0	0	0	0	2	2	1	0	0	0	0	0	78	55	59	49	47	0	0	0	0	0	0	0	0	0	0	0	0	0	0	0	0	0	0	0	0	0	0	0	5	2	0	0	0	238	28	0	0	2
OTU787	0	1	0	1	0	0	0	0	0	0	0	0	0	0	0	0	1	0	0	0	0	0	0	1	4	2	4	5	0	0	11	0	0	2	3	1	2	3	0	4	17	7	0	1	17	38	1	18	1	10	6	0	1	1	8	13	0	5	8	0	0	0	0	2	78	23	0	28	0	3	1	17	5	11	17	1	0	19	12	0	8	7	12	8	0	28	6	4	10	13	3	7	1	4	3	15	9	0	19	0	141	127
OTU788	0	0	0	0	0	1	0	4	2	0	0	0	0	0	0	0	0	0	1	0	1	2	0	0	0	0	21	11	1	13	3	0	4	0	5	0	73	0	3	0	52	54	116	0	1	0	29	1	17	14	6	39	2	4	4	2	0	6	2	0	0	0	0	2	0	0	1	21	0	4	1	10	6	30	47	17	1	11	18	9	19	1	4	13	0	3	13	6	1	7	18	7	5	13	46	57	10	0	0	1	1	1
OTU789	0	0	0	0	0	0	0	0	0	0	0	0	0	0	47	0	0	0	0	0	0	0	0	0	2	0	39	23	0	2	3	2	4	0	3	4	2	0	1	0	0	4	0	21	13	4	17	25	10	5	0	35	0	2	18	12	2	15	38	2	0	0	2	4	95	15	4	4	11	1	2	32	3	24	0	0	1	0	44	0	10	10	8	7	7	7	1	1	0	7	15	0	16	17	3	8	7	98	72	0	0	17
OTU79	0	20	1	0	0	4	11	14	5	0	0	4	0	7	1	2	0	2	15	4	12	7	5	5	27	15	466	461	435	731	853	14	25	599	24	28	57	63	204	3	303	354	316	291	566	479	221	695	426	132	52	643	294	245	347	416	244	458	407	20	138	9	8	49	485	626	1220	293	711	87	252	292	194	273	175	140	103	74	518	293	323	558	534	417	316	862	131	90	161	325	632	344	524	383	575	865	472	369	688	1099	692	1305
OTU790	3	1	0	1	0	0	3	0	0	0	0	0	0	2	0	0	0	1	0	0	1	0	0	0	0	0	4	17	5	0	8	0	2	0	0	0	177	0	0	0	28	172	160	12	0	45	0	4	3	5	0	20	16	7	2	12	64	0	4	0	0	0	0	0	0	0	2	0	0	0	1	0	0	3	0	21	4	2	4	14	35	6	3	20	0	0	2	2	0	2	39	3	1	1	4	13	0	0	0	1	0	0
OTU791	0	0	1	0	0	0	0	2	1	0	0	1	0	0	0	0	0	0	0	0	0	0	0	0	0	0	0	0	0	3	0	2	3	1	0	0	0	0	1	0	0	0	0	1	0	0	0	17	58	0	0	0	0	10	0	0	4	0	13	1	0	1	1	0	1	0	2	0	0	0	2	0	0	0	0	0	0	4	4	2	18	1	15	0	2	1	0	0	0	0	16	0	0	0	9	7	3	0	9	1	288	212
OTU792	0	0	0	0	0	0	2	0	0	0	0	2	1	0	0	0	0	0	0	0	0	0	0	0	1	0	0	9	6	7	6	0	0	0	0	0	0	4	17	0	13	9	0	7	0	5	8	4	0	8	0	16	0	0	2	4	5	4	13	0	0	0	1	1	8	2	22	14	47	9	3	12	11	0	16	4	2	12	18	2	2	0	1	1	0	4	5	13	40	4	2	14	0	8	31	29	0	3	34	87	69	22
OTU793	0	2	0	0	0	0	0	0	0	0	0	0	0	0	0	0	0	0	2	0	4	0	0	2	3	0	2	20	0	24	1	3	1	0	0	5	0	0	1	0	2	2	1	110	36	1	5	57	3	0	1	21	0	21	34	6	4	30	15	0	2	0	4	2	4	2	5	13	48	0	0	0	26	26	1	1	1	0	60	0	28	8	29	11	32	44	5	0	2	12	14	7	0	4	19	20	9	4	2	320	108	78
OTU794	0	2	0	1	0	0	0	2	0	0	1	1	1	0	0	0	0	0	0	0	0	1	0	3	0	0	21	18	29	46	28	1	3	1	8	3	11	7	67	0	55	19	11	32	31	41	55	118	49	5	0	42	20	12	18	37	21	25	18	0	0	2	0	3	0	1	7	0	0	27	40	11	15	22	46	33	13	32	14	8	15	9	8	15	6	31	31	45	64	6	9	121	16	11	22	9	22	0	0	0	1	0
OTU795	0	0	0	0	0	0	0	0	0	0	0	0	0	0	0	0	0	0	0	0	0	0	0	0	0	0	0	0	0	0	0	0	0	0	0	0	0	0	0	0	0	0	0	0	0	0	0	0	0	0	0	0	0	0	0	0	0	0	0	0	0	0	251	0	0	0	0	0	0	0	0	0	0	0	0	0	0	0	0	0	0	0	0	0	0	0	0	0	0	0	0	0	0	0	0	0	0	0	4	0	0	0
OTU796	0	0	0	0	0	0	2	1	0	0	0	0	0	0	0	0	0	0	0	0	0	0	0	0	2	0	0	1	2	0	0	4	0	0	0	0	0	6	0	1	2	2	0	115	3	41	5	22	4	7	0	25	8	2	2	2	3	1	1	2	0	0	0	0	0	0	2	0	0	1	0	0	25	0	1	12	5	1	67	1	59	337	3	7	6	3	0	32	0	0	9	17	3	23	42	9	7	0	1	0	0	0
OTU797	0	10	0	0	0	0	4	7	0	0	0	0	0	0	1	0	0	0	2	0	3	1	0	3	9	0	3	164	1	67	6	0	1	4	0	3	4	6	153	0	6	5	4	1	4	1	0	6	22	7	3	2	7	21	9	8	11	3	42	3	3	2	0	3	109	109	127	28	626	22	0	54	16	87	27	154	23	2	50	13	0	10	1	20	24	2	1	5	2	249	4	3	0	15	3	2	1	1	0	0	1	1
OTU798	0	0	1	0	0	0	4	0	0	0	0	1	0	0	0	0	1	0	3	0	5	0	2	5	1	0	58	13	2	76	32	0	4	0	6	0	20	2	49	0	47	35	64	1	11	1	13	20	112	18	18	109	1	3	7	47	6	87	20	0	0	0	0	2	2	0	7	6	0	5	2	51	19	30	21	3	1	2	44	4	19	22	65	7	5	38	16	57	0	24	14	79	34	16	47	47	9	1	20	98	29	0
OTU799	0	2	2	0	0	2	0	0	0	0	2	0	0	0	3	0	0	0	0	0	0	2	2	25	0	0	0	2	2	2	7	0	0	0	1	0	44	37	451	2	2	0	0	0	1	10	27	1	1	18	2	1	0	2	8	5	65	2	9	0	0	0	0	0	0	0	1	1	1	2	5	3	0	0	2	1	448	3	1	4	1	4	1	3	0	2	4	112	0	3	0	3	1	5	2	0	6	0	0	0	0	0
OTU8	1	1088	8	17	3	13	1219	211	9	9	19	19	9	20	20	6	11	6	119	9	36	37	21	48	119	105	826	3766	1998	590	4046	59	85	66	216	96	435	301	1106	16	2503	2760	176	1493	682	2339	1380	1569	2674	94	818	14002	872	2169	300	762	3193	1066	758	36	20	34	75	229	43	7627	531	90	9358	69	123	1215	3553	2320	654	3536	9691	141	3074	2905	470	202	447	784	1895	4033	136	61	4292	9542	609	4772	2616	1168	2285	2224	5979	1224	1106	3133	422	1435
OTU80	0	10	3	0	0	3	0	11	2	0	3	2	1	1	6	1	2	0	3	1	78	0	0	12	0	2	22	24	16	9	250	7	3	4	96	0	41	7	509	6	992	21	2638	127	20	7	406	11	255	402	1	64	92	26	134	33	26	19	142	3	0	4	2	18	8	0	6	5	12	4	8	27	153	160	105	53	13	8	11	68	28	67	16	100	74	478	49	2896	642	13	24	37	84	47	489	33	108	3	6	16	9	2
OTU800	0	0	0	2	0	0	0	0	0	1	0	1	0	0	0	0	0	0	1	0	4	0	0	0	0	0	0	3	32	5	8	0	1	0	2	0	16	52	19	1	174	121	80	7	26	78	1	0	0	9	4	14	2	3	9	3	81	14	1	0	0	0	0	1	7	62	33	172	0	0	6	1	1	4	0	19	18	27	2	1	7	2	8	1	4	1	20	68	357	7	0	26	1	4	17	25	6	0	7	0	4	1
OTU801	0	0	0	0	0	1	0	0	0	0	1	0	0	1	0	0	0	0	0	0	0	0	0	0	0	0	0	1	1	2	2	1	0	0	0	0	0	0	0	0	3	3	0	17	0	2	0	0	0	0	0	4	0	5	0	1	3	0	4	0	0	0	0	0	0	0	0	0	0	0	1	1	0	0	0	1	9	3	0	3	1	1	4	0	1	0	1	0	0	0	0	1	799	0	2	7	1	16	0	0	0	0
OTU802	0	0	1	0	0	0	0	0	0	0	0	0	0	0	0	0	0	0	0	2	0	0	0	0	0	0	0	1	0	1	1	3	0	0	0	0	0	1	0	0	2	0	0	219	2	2	0	0	0	1	0	1	0	4	256	0	0	63	396	0	0	0	0	0	8	0	0	2	6	0	0	1	3	0	0	1	2	1	1	0	0	0	0	0	1	71	0	1	0	1	2	3	1	190	1	6	2	0	5	0	1	0
OTU803	0	0	0	0	0	0	0	0	0	0	0	0	0	0	0	0	0	1	2	0	0	0	0	2	2	0	12	0	0	33	1	0	0	1	1	0	1	0	0	0	1	0	1	7	25	19	11	4	1	1	2	5	17	2	10	14	0	9	4	0	1	1	0	1	49	18	2	0	1	0	2	20	27	14	1	1	4	0	19	1	3	22	33	5	8	6	1	1	0	0	60	8	65	18	36	19	25	83	6	0	1	2
OTU804	0	2	2	0	0	0	0	0	1	0	0	1	0	0	2	0	0	0	0	0	0	1	6	0	0	1	0	10	0	128	0	0	3	0	1	0	0	1	0	0	0	0	0	15	24	16	15	11	0	2	0	29	0	8	1	10	0	3	5	0	1	0	0	0	25	2	2	1	2	0	0	0	4	2	0	0	4	2	0	0	3	7	0	6	10	1	0	1	0	8	0	2	22	5	4	26	64	0	103	2	203	243
OTU805	0	1	0	0	1	0	0	2	0	0	0	0	0	1	0	0	1	0	0	0	0	0	0	0	0	0	0	2	0	0	1	0	0	0	0	0	0	0	4	0	3	3	3	1	2	2	3	0	3	0	0	0	0	11	1	1	2	1	1	0	0	0	0	0	0	0	0	0	0	0	0	0	0	0	0	878	1	0	0	0	0	1	0	0	6	0	4	0	2	2	0	0	0	2	0	0	0	0	0	0	0	0
OTU806	0	0	0	0	0	0	0	0	0	0	0	0	0	4	0	0	0	0	0	0	0	0	0	0	0	0	22	0	0	16	17	0	6	2	2	0	4	0	4	1	6	24	0	22	83	28	14	7	1	124	7	2	0	1	21	16	7	4	19	5	1	0	0	0	0	0	1	0	0	0	1	0	0	1	0	5	4	0	0	1	9	89	12	20	8	1	3	0	0	1	2	129	7	2	3	60	11	0	0	0	6	2
OTU807	0	0	0	0	0	0	0	0	0	0	0	0	0	0	1	0	0	0	0	0	0	0	0	0	0	0	14	3	2	0	2	0	0	1	0	0	18	2	111	0	1	8	52	16	29	7	16	1	5	41	15	1	18	7	7	471	23	9	6	0	0	0	0	1	0	6	1	0	0	27	0	0	18	15	29	2	10	1	4	10	89	22	7	4	38	6	2	33	32	0	0	22	10	2	21	6	7	0	0	0	0	7
OTU808	2	0	0	0	0	0	0	1	2	7	0	4	0	0	1	0	0	2	0	0	0	0	0	0	0	0	14	9	0	1	0	0	0	0	0	0	0	0	0	1	4	10	10	0	0	2	3	12	0	0	0	12	0	6	10	2	2	6	2	0	0	16	3	0	0	0	0	0	0	0	5	1	2	7	0	0	0	16	0	3	0	2	6	681	165	1	15	18	3	3	0	20	1	1	1	26	10	0	0	0	1	1
OTU809	0	0	0	0	0	0	0	1	0	0	0	0	0	0	0	0	0	0	0	1	0	1	0	0	3	0	0	4	0	8	0	0	0	0	1	0	0	0	0	0	0	0	0	7	0	3	1	3	1	3	1	5	0	2	2	7	0	2	3	0	0	0	0	0	1	3	1	2	0	0	0	0	0	0	0	0	0	0	3	0	13	12	14	5	0	7	0	0	0	0	0	0	8	11	5	2	9	270	123	38	51	91
OTU81	0	1	0	0	0	0	7	7	0	2	0	0	0	0	0	0	0	0	4	3	1	6	11	3	11	11	83	10	48	3	51	7	8	7	9	4	58	0	0	1	49	71	7	7	5	28	4	0	0	8	3	7	9	11	35	85	89	83	35	7	14	2	10	13	589	1991	2760	3860	933	5	47	0	3	11	3	45	4	29	1	12	12	17	29	0	4	6	49	63	13	0	3	1	2	15	33	37	1	16	59	13	13	5
OTU810	0	1	0	0	0	0	0	11	1	0	0	0	0	0	0	0	3	0	0	0	0	0	0	2	0	0	0	0	0	0	3	1	0	0	0	0	0	0	0	0	0	2	0	1	3	0	0	3	0	1	0	0	0	1	1	1	1	5	24	1	0	0	0	2	0	1	5	2	1	0	0	0	22	3	0	96	3	1	2	0	0	19	7	0	7	53	3	0	0	0	1	2	5	16	56	41	4	2	2	23	473	1
OTU811	0	0	0	0	0	0	0	0	0	0	1	1	0	269	0	0	0	636	0	0	0	0	0	0	0	0	1	0	2	0	0	0	0	0	0	0	1	0	3	0	0	0	0	0	0	0	1	0	3	0	0	1	1	5	2	4	1	0	0	0	0	0	0	0	0	0	0	0	0	0	0	0	0	0	0	0	0	0	0	0	0	0	0	0	0	0	0	1	1	0	0	0	0	4	1	0	0	0	2	0	0	0
OTU812	0	0	1	1	0	0	0	4	1	0	0	2	0	0	0	0	0	0	0	0	0	0	0	0	0	0	12	3	0	25	26	0	0	0	0	0	92	8	1	0	7	35	2	2	0	13	0	0	6	1	0	0	0	2	4	2	102	0	4	0	0	0	0	0	0	0	2	0	0	6	64	19	0	0	0	59	111	47	0	38	3	3	0	0	0	0	2	2	37	1	20	0	2	0	7	1	1	0	0	1	0	0
OTU813	0	0	0	0	0	0	0	2	0	0	0	2	0	0	3	0	0	0	0	0	0	0	0	0	0	0	0	0	462	0	3	0	0	0	2	0	4	2	0	0	1	0	1	0	0	0	0	0	1	0	0	1	3	3	2	3	25	0	0	0	0	0	4	0	0	0	1	0	0	9	33	3	0	3	0	45	11	75	0	0	0	0	0	0	0	0	16	2	11	0	0	1	0	0	0	4	0	0	0	0	0	0
OTU814	0	0	0	0	0	0	0	1	0	0	1	0	0	0	0	0	0	0	0	0	0	0	0	0	0	0	0	1	0	0	0	0	0	0	0	0	25	25	0	0	17	0	0	0	3	3	3	0	0	1	0	0	0	1	1	1	1	6	0	0	0	0	0	0	0	0	0	0	0	9	0	9	1	2	1	420	1	126	6	0	0	0	3	4	0	13	0	47	0	0	2	1	3	6	0	41	10	0	0	0	0	0
OTU815	0	0	1	0	0	0	2	3	0	0	2	3	0	0	0	0	0	0	0	0	0	0	0	0	0	0	7	6	16	18	12	2	0	0	4	6	0	0	8	0	2	4	11	2	20	9	36	39	21	1	3	24	8	4	12	11	5	38	24	0	2	0	2	0	75	46	53	22	2	2	3	28	31	1	50	24	3	0	21	9	32	11	13	1	30	20	0	5	3	11	7	14	49	7	18	80	15	1	0	0	1	0
OTU816	0	0	0	0	0	1	0	0	0	0	1	1	0	0	0	0	0	0	3	0	0	0	0	0	0	0	13	54	1	34	43	1	0	0	0	1	0	1	3	0	6	122	5	12	8	0	1	49	13	5	0	0	6	5	32	31	15	50	33	0	1	0	0	0	0	0	0	1	0	0	0	6	2	11	13	2	3	4	48	1	13	25	59	44	10	33	5	0	0	16	0	42	87	46	36	14	66	0	1	1	0	0
OTU817	0	0	0	0	0	0	530	0	0	0	0	0	0	0	0	0	0	0	0	0	0	0	0	0	0	0	0	0	0	0	0	0	1	0	0	0	0	0	0	0	1	0	0	0	0	0	0	0	0	0	0	0	0	0	0	0	0	0	0	0	0	2	0	0	0	1	0	2	1	0	0	0	0	0	0	0	0	0	0	0	11	0	0	0	0	0	0	0	0	0	0	0	0	0	0	0	0	1	1	0	0	0
OTU818	0	0	2	0	0	0	2	1	0	1	0	0	0	0	0	0	0	0	0	2	0	1	0	0	1	3	3	3	5	38	2	0	0	0	1	0	2	0	4	0	4	9	22	26	53	4	8	10	15	11	6	61	9	15	44	26	10	9	49	0	0	0	0	0	101	58	176	1	157	0	0	11	30	40	5	10	2	1	10	0	10	3	10	19	10	10	19	2	0	12	17	28	73	30	35	26	44	2	0	2	7	2
OTU819	0	3	0	2	0	1	2	0	0	0	0	0	0	0	3	0	0	0	1	0	0	1	0	1	3	0	11	13	57	31	19	0	0	0	1	2	52	12	65	1	63	18	35	20	8	33	3	1	13	4	1	53	5	3	29	26	14	8	30	0	0	0	0	1	17	32	55	67	2	17	61	21	0	18	18	16	23	11	95	14	6	16	1	16	1	3	33	44	39	23	25	13	26	19	26	39	1	1	0	0	2	0
OTU82	0	16	3	1	0	1	0	0	4	4	4	0	0	0	0	0	0	1	0	0	0	0	0	0	0	0	11	1234	2	15	1697	32	0	0	7	0	6	8	6	1	17	11	3	1535	11	3	748	14	5	3112	1	14	3	39	33	2	10	6	15	0	0	11	0	49	3	0	1	2	0	3	3940	7	2	4	6	11	2	11	25	5	25	9	16	709	10	451	9	3	12	5	4	48	12	46	568	53	6	0	1	16	1	0
OTU820	0	0	0	0	0	0	0	0	0	0	1	0	0	0	3	0	0	0	0	0	1	1	0	0	2	0	5	1	0	4	0	0	2	0	3	0	18	2	17	0	50	0	16	0	6	0	7	10	6	2	0	4	0	3	0	1	1	0	2	0	1	0	0	1	0	0	0	0	0	7	37	0	0	0	2	21	2	604	43	15	4	17	5	1	21	0	37	33	41	0	0	10	0	2	5	2	0	0	0	0	0	0
OTU821	0	15	0	0	0	0	0	0	0	0	0	1	0	0	0	0	0	0	0	0	0	0	0	0	2	0	0	2	0	1	2	0	0	0	8	0	0	0	0	3	0	0	0	0	0	0	1	1	0	0	0	393	0	6	2	1	4	1	2	0	0	2	0	0	0	0	14	0	0	0	1	7	0	0	0	5	0	0	85	0	0	2	1	47	2	0	2	76	4	0	3	0	0	1	0	0	0	1	0	0	0	0
OTU822	0	0	0	0	0	0	0	0	0	0	0	0	0	0	0	0	0	0	0	0	1	0	0	0	0	0	0	0	0	0	0	0	0	1	0	0	0	0	0	0	0	0	0	0	0	0	0	0	0	0	0	0	0	0	0	0	0	0	0	0	0	0	1	1	2	0	0	1	5	0	0	0	0	0	0	0	0	0	0	0	0	0	0	0	0	0	0	0	0	0	0	0	0	3	0	0	0	0	360	0	139	0
OTU823	0	1	3	1	0	0	0	0	0	0	1	1	0	0	0	0	0	0	0	0	1	0	0	0	0	0	6	0	2	2	1	0	1	0	2	0	20	46	65	1	41	16	86	0	0	0	1	1	13	12	4	5	3	4	1	2	1	0	14	0	0	0	0	0	0	0	0	0	0	2	148	11	3	6	4	0	17	35	0	3	4	5	0	0	0	6	7	90	145	0	13	2	4	2	7	4	0	0	0	0	0	0
OTU824	0	0	0	0	0	0	0	0	0	0	0	0	0	0	0	0	0	0	0	0	0	0	0	0	0	0	0	0	0	0	0	0	0	0	0	0	0	0	0	0	0	0	0	0	0	0	0	0	0	0	0	0	0	0	0	0	0	0	0	0	0	0	0	1	0	0	0	47	0	0	0	0	0	0	0	0	0	0	0	0	0	0	0	0	0	0	0	0	0	0	0	0	1	0	0	0	0	532	2	0	1	0
OTU825	0	0	6	0	2	1	1	3	0	1	0	0	0	0	0	0	0	0	0	0	2	0	0	2	4	0	40	17	0	35	17	0	0	0	8	0	6	1	0	0	27	22	8	3	37	5	90	1	14	9	4	8	5	54	13	6	14	10	21	0	0	0	0	1	32	49	42	31	122	14	6	11	9	3	11	4	0	0	73	2	71	4	7	2	4	2	11	64	26	3	0	54	8	8	3	12	20	0	0	2	21	1
OTU826	0	0	1	0	0	0	0	5	1	0	1	2	0	0	0	0	0	0	0	0	1	0	0	0	1	5	0	5	0	1	0	0	0	0	0	4	0	0	0	0	1	0	12	2	18	0	0	29	6	0	0	34	0	50	7	0	0	37	0	0	0	0	0	0	0	0	2	0	3	0	0	3	39	4	0	0	2	0	82	11	1	6	5	4	2	26	0	0	0	9	0	1	29	6	20	10	8	2	56	3	95	84
OTU827	0	0	0	0	0	0	0	4	0	0	0	0	0	0	0	0	0	0	0	0	2	0	0	1	0	0	4	0	0	0	0	0	0	0	1	0	2	0	0	0	0	0	0	0	1	0	0	23	0	0	0	8	1	0	0	0	0	4	2	0	0	0	0	0	0	1	0	0	0	0	0	0	0	0	0	0	0	0	0	0	0	0	2	0	7	0	0	0	0	0	0	0	1	14	3	3	5	1	104	111	130	230
OTU828	0	0	0	0	0	0	0	0	0	0	0	0	0	0	0	0	0	505	0	0	0	0	0	0	0	0	0	0	0	0	2	0	0	0	0	0	2	0	0	0	0	0	0	0	0	0	3	0	0	1	0	0	0	5	0	0	4	0	0	0	0	0	0	0	0	0	0	0	0	1	0	0	0	0	0	0	0	0	0	0	0	0	0	0	0	0	0	1	0	0	0	0	0	0	2	0	0	0	2	0	0	0
OTU829	0	0	0	2	0	0	3	0	0	0	0	0	0	0	0	0	0	0	1	1	0	0	0	0	4	0	2	0	0	0	4	1	0	0	1	3	1	0	0	0	8	2	10	2	5	0	4	4	0	0	0	9	1	5	2	0	4	9	8	0	0	0	0	0	95	41	121	93	81	0	0	0	8	4	0	0	0	0	7	0	2	3	6	7	19	2	0	1	5	1	19	6	10	3	2	11	10	12	66	7	86	50
OTU83	0	7	3	0	0	0	0	6	0	0	11	2	0	0	1	2	0	3	4	0	1	1	2	2	0	0	4	10	3	3	2	18	8	1	12	23	4	5	15	1	4	8	16	455	238	3	5	448	2	6	0	603	5	38	312	2	8	323	161	8	5	9	0	47	12	0	25	16	469	0	10	262	56	2	1	7	23	6	3	1	6	415	29	337	25	2279	8	2	3	6	1	49	447	99	305	193	1562	838	1835	25	117	26
OTU830	0	0	0	0	0	1	3	0	0	0	0	0	0	0	0	0	0	1	2	0	1	3	0	0	1	1	1	0	0	2	0	0	1	0	0	0	28	0	1	0	122	44	101	0	5	5	2	0	6	1	0	9	0	0	2	4	1	0	3	0	0	0	0	0	55	2	0	8	28	1	0	0	0	25	0	16	49	1	22	23	18	3	1	0	0	10	2	0	2	2	35	7	5	4	0	3	0	0	1	1	1	0
OTU831	0	0	0	0	0	0	0	1	0	0	0	0	0	0	0	0	0	0	0	0	1	0	0	0	0	2	0	0	0	0	0	0	0	0	1	0	0	0	0	0	1	0	2	0	0	0	0	0	0	0	0	0	0	0	3	5	6	1	5	0	2	0	0	1	70	82	102	65	118	0	0	0	0	0	0	0	0	0	0	0	0	0	0	0	0	0	0	0	0	0	0	0	0	1	0	1	0	2	1	1	142	33
OTU832	0	0	0	0	0	0	0	1	0	0	0	0	0	0	0	0	0	0	1	0	0	558	0	0	2	0	0	0	0	0	0	0	0	0	4	0	5	0	0	0	0	0	0	0	0	0	0	0	0	0	0	0	0	0	0	0	1	0	0	0	1	2	0	0	40	35	19	9	39	0	0	0	0	0	5	0	0	0	0	0	0	0	0	0	0	0	0	0	0	0	0	0	0	0	0	3	0	8	17	0	14	14
OTU833	0	0	0	0	0	0	0	3	0	1	0	0	0	0	0	0	0	0	1	0	2	0	0	0	0	0	10	4	41	17	4	1	0	0	0	3	5	0	4	0	145	19	17	31	9	20	1	21	20	3	1	1	8	17	24	32	81	46	14	0	0	0	0	0	1	0	7	0	0	104	6	7	27	2	766	5	8	1	17	1	12	5	4	1	7	0	0	7	3	12	8	22	27	3	9	4	11	2	0	0	0	0
OTU834	0	0	0	0	0	0	0	0	0	0	0	0	0	0	0	0	0	0	0	0	0	0	0	0	0	0	0	0	0	0	0	0	0	0	0	0	0	0	0	0	0	0	0	0	0	0	0	0	0	0	0	0	0	0	0	0	0	0	0	0	0	0	0	0	0	0	0	0	0	0	0	0	0	0	0	0	0	0	0	0	0	0	0	0	0	0	0	0	0	0	0	0	0	0	0	0	0	0	1	417	0	0
OTU835	0	1	0	0	0	0	1	0	0	0	0	1	0	0	0	0	0	0	0	0	0	0	0	0	0	0	23	53	69	78	9	0	1	2	6	0	0	0	46	0	24	8	1	0	0	19	22	1	14	3	4	1	3	2	1	0	0	52	6	0	0	0	0	0	2	0	3	0	142	28	0	0	0	2	6	2	22	14	12	0	0	51	8	5	18	6	39	0	101	22	89	1	0	3	0	4	21	0	0	0	0	0
OTU836	0	0	0	0	0	0	1	0	0	0	1	0	0	0	0	0	0	0	1	0	0	0	0	0	1	0	2	0	0	0	0	0	0	0	1	0	0	0	0	0	1	0	0	0	8	0	10	9	0	0	0	0	5	34	3	0	3	9	0	0	0	2	0	0	0	0	1	0	0	0	1	0	0	0	0	2	5	0	0	0	1	2	0	12	7	2	1	0	0	0	0	6	10	25	11	3	13	167	39	121	125	109
OTU837	0	0	0	0	0	0	0	0	0	0	0	0	0	0	0	0	0	0	0	0	0	0	0	0	0	0	0	0	0	0	0	487	0	1	0	0	0	0	0	0	0	0	0	11	0	0	0	0	0	0	0	0	0	0	0	0	0	0	0	0	0	0	0	1	0	1	1	0	0	0	0	0	0	0	0	0	0	0	0	0	0	0	0	0	0	0	0	0	0	0	0	0	0	0	0	0	0	0	0	0	3	0
OTU838	0	0	0	0	0	0	0	3	0	0	0	0	0	0	1	0	0	0	2	0	0	3	0	3	0	3	15	0	115	12	90	2	2	3	5	0	1	0	0	2	9	24	32	0	34	10	7	0	15	0	14	3	1	0	8	21	20	6	4	0	1	1	2	4	685	166	428	389	231	10	35	30	5	1	37	2	0	0	11	0	14	3	14	5	21	21	22	3	2	0	24	3	3	0	10	18	15	1	2	1	86	104
OTU839	0	0	0	2	0	0	1	1	0	0	0	0	1	0	0	0	0	0	0	0	0	0	0	0	0	0	0	0	0	0	0	0	0	0	0	0	0	0	0	0	0	0	0	35	1	2	0	20	0	5	0	0	0	0	0	0	0	7	198	0	0	0	0	0	2	1	0	0	5	0	0	0	0	0	0	0	2	0	0	0	2	0	0	24	0	0	0	0	0	1	0	0	0	0	2	0	0	0	0	360	0	0
OTU84	0	1	0	1	0	3	20	14	0	3	2	0	0	0	0	3	0	1	8	0	3	18	3	13	8	11	226	341	840	322	285	13	96	11	37	13	150	49	118	1	148	50	44	172	2351	85	122	79	55	75	12	111	30	28	566	343	263	210	190	22	9	2	12	14	1277	1426	1753	1464	2287	38	84	21	80	24	21	115	91	52	55	112	93	205	96	63	33	88	47	35	68	121	53	357	266	63	338	411	322	22	78	16	157	333
OTU840	0	1	3	8	0	0	1	0	2	0	4	3	2	4	1	3	1	0	0	0	5	0	2	3	3	0	6	55	29	40	22	2	0	0	12	2	41	108	121	2	18	74	78	75	13	203	81	50	15	34	66	26	10	38	42	9	358	47	62	3	0	0	0	2	2	0	5	4	3	137	40	9	8	7	93	123	101	76	4	66	23	121	2	76	26	43	1249	848	100	8	12	84	81	36	17	129	10	0	0	0	3	0
OTU841	0	0	0	0	0	0	0	6	0	0	0	0	0	0	1	0	0	0	1	0	0	0	0	0	0	0	4	0	0	7	0	0	0	0	0	0	0	0	0	0	11	15	0	0	0	9	0	0	0	1	6	0	0	0	0	2	11	12	1	5	0	0	0	0	3	172	325	233	65	0	0	0	0	0	2	0	18	10	2	0	0	0	1	1	0	0	0	0	0	0	0	4	0	0	0	9	0	2	2	1	0	0
OTU842	0	0	1	0	0	0	0	0	0	0	1	1	0	0	3	3	0	0	0	0	0	0	0	0	0	0	0	1	0	0	2	0	0	8	4	0	0	0	0	0	3	32	2	0	47	142	6	1	0	34	0	0	0	3	28	12	4	26	3	0	0	0	2	1	0	0	1	0	0	0	2	58	0	20	158	2	0	7	0	1	1	1	15	4	0	0	2	1	62	0	0	53	1	2	6	44	11	0	0	0	1	0
OTU843	0	0	0	0	0	0	0	0	0	0	4	0	0	0	2	0	1	0	0	0	0	0	0	0	0	0	0	7	0	1	1	1	0	0	0	34	0	2	1	1	2	4	1	42	6	2	1	1539	1	1	0	2	1	11	4	0	3	37	4	0	0	0	0	0	1	0	0	0	0	0	2	4	0	0	0	1	1	4	3	3	1	5	0	0	1	6	1	2	0	1	0	0	6	9	4	4	2	0	0	1	1	0
OTU844	0	2	0	0	0	0	6	0	0	0	0	0	0	1	0	0	0	0	0	0	0	0	0	0	0	2	1	0	1	0	0	0	0	0	6	0	0	0	2	0	0	4	0	1	0	0	1	1	0	0	0	3	213	1	0	0	0	4	3	0	0	0	0	0	0	0	0	0	0	0	3	192	0	1	2	1	1	0	1	192	131	2	48	0	0	0	0	0	0	0	0	1	2	2	130	6	1	0	0	6	0	0
OTU845	0	0	0	0	0	0	0	0	0	685	0	0	0	0	0	0	0	0	0	0	0	0	0	0	0	0	0	0	0	0	0	0	0	0	0	0	3	0	0	0	0	0	0	0	0	0	0	0	0	0	0	1	1	4	0	0	0	0	0	0	0	0	0	0	0	0	0	0	0	0	5	2	0	0	2	0	0	0	0	0	0	0	0	0	0	0	0	0	0	0	0	0	4	0	0	0	6	216	0	0	1	0
OTU846	0	0	0	0	0	0	0	0	0	0	0	0	0	0	0	0	0	0	0	0	0	0	445	2	0	0	0	0	0	0	0	0	0	0	0	0	0	10	0	0	0	0	0	0	0	0	0	0	0	0	0	0	0	0	0	0	0	0	0	0	0	0	0	1	0	0	0	3	0	0	0	1	0	0	0	0	0	0	0	0	0	0	0	0	0	0	0	0	0	0	0	0	0	0	0	0	0	0	0	0	0	1
OTU847	0	542	0	0	0	0	0	0	0	0	0	0	0	0	0	0	0	0	0	0	0	1	0	0	0	0	0	0	0	0	1	0	0	0	0	0	0	2	0	0	0	0	0	0	0	0	0	0	0	0	0	0	0	0	0	0	0	0	0	0	0	0	0	0	0	0	0	0	0	0	4	0	0	0	0	0	0	6	0	0	1	0	0	1	5	0	0	0	0	0	2	0	0	1	0	0	0	0	0	0	1	0
OTU848	1	1	1	0	0	0	0	5	0	0	0	0	0	11	0	0	0	0	3	0	1	0	0	0	3	0	9	8	13	28	4	0	3	0	0	0	0	0	0	1	22	14	27	8	4	18	12	54	5	7	6	30	15	1	15	11	9	11	19	0	0	0	0	0	30	26	149	44	0	2	37	0	3	6	4	14	4	14	24	1	7	18	25	22	1	23	11	2	2	17	10	59	21	53	52	20	27	0	5	3	36	2
OTU849	0	1	4	2	0	0	2	2	2	2	6	2	8	0	1	2	2	2	1	0	2	3	0	2	23	1	37	84	17	79	22	1	0	0	23	5	22	22	135	0	347	115	14	32	28	55	32	57	112	24	21	66	29	9	274	16	26	33	49	1	16	0	1	0	1	62	431	187	0	18	210	93	5	28	60	90	142	78	1366	67	24	26	1393	92	60	55	597	270	1345	78	59	17	52	91	85	96	34	0	63	0	12	164
OTU85	4	7	4	0	6	2	3	4	3	3	1	2	0	1	3	1	0	0	1	0	4	4	1	3	3	0	50	42	11	17	113	5	39	0	9	2	2	9	12	2	19	19	22	125	1041	49	72	85	20	10	9	6	9	58	75	242	268	243	1162	0	3	0	6	24	9	1310	25	231	42	15	4	35	1	22	5	25	57	5	9	9	9	53	24	9	20	372	18	9	22	8	10	19	5527	57	28	403	188	410	29	92	26	156
OTU850	0	1	0	0	0	0	0	1	0	0	0	1	0	4	0	0	0	0	6	0	1	0	0	0	2	0	8	25	6	11	9	0	4	0	1	5	1	4	3	0	4	3	5	2	1	0	11	10	6	1	3	21	12	9	1	12	8	12	5	1	0	0	3	5	0	2	2	1	1	0	2	14	71	2	8	17	2	0	23	8	7	3	14	3	10	38	1	0	0	8	11	16	11	20	13	19	15	129	7	141	127	79
OTU851	0	0	0	0	0	0	2	0	0	0	0	0	0	0	0	0	0	0	0	0	0	0	0	0	0	0	0	0	0	0	0	0	3	1	1	0	0	0	1	0	0	0	4	0	0	0	0	0	2	0	0	0	0	0	7	2	3	1	4	1	1	0	0	0	301	89	32	24	111	0	0	0	0	0	0	3	1	1	0	0	1	3	9	2	0	0	1	0	4	0	0	0	2	0	3	0	1	4	3	1	2	2
OTU852	0	2	1	0	0	0	1	0	0	0	0	1	0	1	0	0	0	0	0	0	0	0	0	0	0	1	3	27	3	4	9	0	0	0	0	0	35	1	9	0	238	26	27	5	25	6	5	4	2	37	24	18	41	5	7	0	1	4	5	0	2	1	1	0	0	0	0	0	0	1	57	20	1	31	25	11	3	9	3	15	13	24	9	32	44	1	0	55	17	37	7	116	2	1	0	33	1	3	0	0	0	0
OTU853	0	0	0	0	0	0	0	2	0	0	0	0	0	0	0	0	0	0	0	0	1	1	0	3	0	0	0	0	0	0	2	3	0	0	1	1	19	0	0	0	15	8	1	0	0	0	0	0	0	0	0	6	10	0	10	2	2	0	11	0	0	0	2	0	258	55	50	15	234	3	0	0	0	8	0	7	0	16	1	14	3	3	0	0	0	0	0	0	10	2	9	0	1	1	6	1	2	6	0	0	3	0
OTU854	0	0	0	0	1	0	0	0	4	0	2	4	0	2	0	0	0	1	0	0	0	0	0	0	0	0	11	4	3	1	0	4	13	13	5	2	0	1	3	0	1	2	1	189	409	280	6	119	2	3	0	16	0	3	214	97	18	64	37	6	0	0	0	0	13	3	0	3	0	0	3	13	2	4	0	1	21	2	1	3	3	226	27	1	2	4	2	0	6	0	1	1	17	16	51	36	116	0	0	0	0	4
OTU855	0	0	1	0	0	0	0	0	0	0	1	0	0	1	0	0	0	0	0	1	0	0	0	1	0	0	10	1	0	120	14	0	1	1	0	2	1	2	0	0	587	0	1	1	0	1	1	72	4	3	0	36	0	15	4	8	0	2	0	0	1	5	0	0	45	2	43	60	21	0	0	0	8	16	0	0	0	0	6	0	5	13	1	17	3	0	2	1	1	0	65	38	3	25	23	7	0	0	50	31	12	30
OTU856	0	0	0	0	0	0	0	0	0	0	0	0	0	0	0	0	0	0	0	2	1	3	0	0	0	1	0	2	0	4	2	0	0	0	1	0	0	1	0	0	6	0	0	2	0	0	1	1	29	0	0	0	0	9	6	1	1	7	1	2	0	0	0	0	0	2	4	1	2	1	0	2	0	0	0	0	0	0	0	0	9	0	1	2	3	0	0	0	0	0	0	9	1	33	2	3	6	164	255	1	3	141
OTU857	0	2	0	0	0	0	1	2	0	0	1	0	0	0	0	0	2	0	0	0	0	0	0	0	0	0	3	0	3	11	0	1	0	0	0	1	0	0	1	0	317	14	30	0	10	15	62	6	14	10	0	13	2	19	6	7	3	5	7	0	0	3	0	1	1	0	0	0	1	0	0	15	43	1	10	14	0	3	4	0	100	9	13	19	5	9	2	1	1	7	14	63	10	37	4	3	8	0	53	0	66	27
OTU858	0	1	0	1	0	0	0	2	2	2	0	1	0	2	0	0	1	2	0	0	1	0	0	4	0	0	52	23	25	26	93	0	7	0	7	0	1	13	33	1	56	17	59	3	2	11	34	3	10	21	8	17	3	6	11	3	95	1	14	0	1	0	2	4	49	16	10	0	25	5	17	0	6	52	38	53	18	22	19	24	10	6	14	1	22	13	57	40	62	14	20	26	1	26	12	9	8	0	1	0	2	2
OTU859	0	0	0	0	0	0	0	0	1	1	1	0	3	0	1	0	0	0	0	0	0	0	1	0	0	0	63	28	0	1	10	0	2	0	3	0	20	0	39	0	22	4	94	2	4	2	21	0	0	34	3	0	0	3	1	0	71	3	4	0	0	0	0	1	0	0	4	0	0	1	0	0	0	12	31	25	45	0	0	21	11	5	5	3	0	0	7	20	65	15	0	28	1	16	1	3	2	0	0	2	0	0
OTU86	0	0	1	0	0	2	0	1	3	13	6	9	1	0	6	0	1	0	2	0	0	0	0	0	8	0	15	11	94	62	9	1	5	2	12	2	4	8	13	0	34	7	3	131	270	20	1039	24	9	3	1	25	8	43	51	30	46	53	34	0	0	2	2	4	226	29	69	39	20	8	19	12	8	12	26	27	10144	15	33	14	4	18	14	101	68	55	23	21	6	11	11	5	29	17	54	33	69	4	4	8	17	219
OTU860	0	0	2	4	0	4	0	1	0	0	0	0	0	0	0	0	0	0	1	0	0	0	0	0	0	0	22	46	3	47	8	4	4	1	0	0	1	0	11	0	22	58	22	4	44	130	48	7	0	5	0	7	0	5	14	8	13	4	7	0	0	2	0	0	2	0	0	0	1	18	72	0	28	9	12	8	4	1	2	40	10	8	4	8	14	25	22	19	30	7	3	6	21	1	1	15	16	1	0	0	0	0
OTU861	0	0	0	0	0	0	2	0	0	0	0	1	0	0	0	0	0	0	0	0	0	0	0	0	0	0	71	1	1	2	33	0	1	0	0	0	0	0	7	0	1	2	1	1	1	1	15	5	0	1	21	0	1	1	2	316	2	0	3	1	0	0	0	0	0	1	0	0	0	4	0	0	0	0	0	3	2	1	1	4	3	129	6	1	48	0	2	0	2	4	0	0	0	13	24	3	73	0	0	1	0	0
OTU862	0	0	0	0	0	0	0	0	0	0	0	0	0	0	0	0	0	0	0	0	0	0	0	3	0	0	7	0	52	0	28	0	0	0	0	0	40	38	128	0	0	1	0	0	1	0	0	0	0	2	0	0	0	3	2	0	22	2	2	0	0	0	0	0	0	0	1	0	0	3	42	1	0	0	32	61	205	20	2	33	6	2	0	0	0	0	1	0	11	0	0	0	0	0	9	1	0	0	0	0	0	0
OTU863	0	1	0	0	0	0	0	2	0	0	0	1	0	0	0	0	0	0	0	0	0	0	0	0	0	0	0	13	0	11	15	0	0	0	7	0	0	0	35	0	5	2	3	0	0	0	7	0	0	0	0	3	0	1	1	3	5	1	0	0	0	0	0	0	0	0	0	0	0	3	14	7	0	2	60	1	5	1	0	1	4	2	0	6	4	0	61	118	352	7	5	0	0	9	0	4	7	0	0	0	0	0
OTU864	0	0	0	0	0	0	0	0	0	0	0	0	0	0	1	0	0	0	0	0	0	0	0	0	2	0	1	7	0	6	18	0	0	0	0	3	0	0	4	0	4	0	0	0	0	11	2	155	0	0	0	1	1	35	13	2	4	16	15	0	0	2	1	1	56	0	20	42	18	0	0	0	0	6	0	0	0	0	0	0	0	10	9	1	7	10	2	0	0	0	0	0	10	6	4	8	3	0	35	0	121	123
OTU865	0	0	1	1	0	0	0	1	4	0	0	1	0	0	1	0	1	0	0	0	0	0	0	2	5	0	51	92	64	72	108	0	1	2	1	0	9	4	105	0	52	87	122	13	28	189	40	70	48	34	38	102	3	53	14	35	4	47	24	0	1	2	0	2	1	0	9	9	0	4	29	71	27	13	32	47	11	6	179	9	72	8	74	3	13	115	22	0	33	51	24	111	2	27	18	68	28	0	89	60	81	18
OTU866	0	0	1	0	0	0	0	0	0	2	0	0	0	0	0	0	0	0	0	0	0	0	0	0	0	0	0	0	0	0	0	0	1	0	1	2	1	0	2	0	2	0	3	1	50	0	0	36	1	0	36	1	0	3	1	0	0	1	2	0	1	0	4	6	0	0	0	3	0	4	0	3	3	42	5	1	0	0	5	4	0	0	4	0	1	124	3	6	0	0	2	0	6	10	4	32	55	1	22	0	64	18
OTU867	0	6	0	0	0	0	0	0	3	0	0	2	0	0	0	0	0	0	0	0	0	0	0	0	0	0	1	2	2	0	1	0	5	0	0	0	0	2	0	0	0	4	5	30	108	0	1	18	0	1	1	0	0	5	69	37	3	45	167	0	2	0	0	0	4	1	0	18	2	0	0	0	5	0	0	0	5	0	1	2	1	3	0	0	0	0	2	1	0	0	0	1	232	8	30	50	48	4	0	1	1	18
OTU868	0	2	2	0	0	2	2	1	0	1	0	0	0	1	0	0	0	0	4	0	2	0	0	0	6	2	10	11	1	20	8	0	0	0	2	2	6	2	0	3	2	2	22	8	24	30	1	56	24	8	1	111	56	59	47	33	7	50	32	1	5	0	0	4	36	101	177	6	111	0	0	0	3	19	0	14	5	1	34	8	15	31	27	8	12	41	3	16	4	9	24	71	14	7	54	70	9	288	99	209	104	61
OTU869	0	1	1	0	0	3	2	0	0	1	2	1	0	1	0	0	0	0	1	0	0	0	0	0	0	0	31	41	1	20	12	1	7	0	3	0	2	1	3	0	49	20	23	98	66	43	38	36	37	0	24	51	34	14	69	96	22	39	55	3	1	2	0	1	172	147	150	106	122	2	19	16	24	18	41	3	2	1	26	4	9	95	45	13	16	80	4	3	17	24	11	54	91	55	115	73	150	3	22	28	37	41
OTU87	0	6	0	6	0	0	5	12	0	3	7	5	0	1	6	0	0	0	13	2	12	6	1	13	7	9	164	139	181	175	149	5	15	7	27	14	24	11	155	1	166	54	143	189	135	119	108	255	131	121	27	159	81	59	184	180	120	220	211	12	5	4	17	18	602	697	714	331	832	41	106	75	93	114	131	97	195	116	146	100	79	199	123	69	109	332	129	151	223	109	141	106	115	192	310	150	193	156	372	219	320	446
OTU870	0	2	0	1	0	0	0	0	0	0	0	0	0	0	0	0	0	0	0	0	0	0	1	0	0	0	1	21	5	14	6	1	2	0	0	1	2	12	31	0	0	14	7	51	64	6	2	16	0	4	0	2	0	4	207	10	1	6	2	7	7	0	0	0	13	0	2	0	0	0	0	0	0	3	0	2	2	48	1	0	0	38	32	26	3	8	1	1	0	0	0	7	12	40	41	23	4	7	1	47	0	0
OTU871	0	0	0	0	0	2	0	1	0	0	1	0	0	0	0	0	0	0	0	0	0	0	0	0	0	0	41	10	0	27	18	0	2	1	0	4	0	0	1	0	1	4	1	3	34	13	20	74	11	0	0	8	0	3	32	13	4	7	19	0	0	0	0	1	0	0	3	1	0	3	0	0	7	2	1	31	2	0	2	1	3	5	9	18	7	6	7	1	0	2	0	0	16	19	20	38	24	0	1	0	3	3
OTU872	0	0	0	0	0	0	0	1	0	2	0	0	0	2	0	0	0	0	1	0	0	0	0	0	1	0	0	1	0	0	0	0	0	4	0	0	0	0	1	0	72	2	4	2	0	0	0	3	19	0	0	24	5	1	2	0	1	1	10	0	0	0	1	0	89	0	0	19	147	1	2	0	6	0	1	3	1	0	17	0	29	3	4	0	11	0	14	11	0	2	0	22	1	14	3	8	4	0	0	1	0	0
OTU873	0	0	0	0	0	0	0	0	0	0	2	0	0	0	0	0	0	0	0	0	0	0	0	0	0	0	17	7	37	19	32	0	0	0	1	0	18	39	81	0	45	19	0	0	1	2	11	4	2	4	1	10	11	5	1	0	16	15	1	0	0	0	0	1	0	0	1	0	0	8	10	2	0	5	0	8	24	74	1	25	8	2	2	0	0	50	16	95	31	9	9	3	6	2	3	1	4	0	0	0	0	0
OTU874	0	0	0	0	6	0	0	0	0	0	323	0	0	0	0	0	0	0	0	0	0	0	0	0	0	0	5	6	282	0	0	0	0	2	2	0	2	40	29	1	7	7	1	0	1	8	0	1	0	1	0	27	0	3	0	0	56	1	0	0	0	0	0	0	0	0	0	0	0	10	23	32	0	0	118	35	27	46	7	13	0	3	2	6	0	9	3	26	19	0	2	0	10	18	1	0	14	0	0	0	0	0
OTU875	0	3	0	0	0	0	0	0	0	0	0	0	0	0	1	0	0	0	0	0	0	0	0	0	0	1	15	14	46	23	1	0	0	0	1	0	5	6	11	3	0	24	0	2	7	24	0	7	20	5	2	0	23	3	3	18	3	16	6	0	0	0	0	0	0	0	2	6	2	2	2	19	0	9	20	0	3	1	3	0	2	22	7	0	3	3	0	1	3	21	0	29	16	13	0	4	17	0	0	111	0	1
OTU876	0	308	0	0	0	0	0	0	0	149	1	0	0	0	0	0	4	0	0	0	0	0	0	0	0	0	0	3	2	3	0	0	0	0	0	0	0	0	0	1	0	0	2	0	0	0	0	0	0	0	0	0	0	0	0	0	3	0	4	0	0	0	0	26	0	0	0	0	0	0	0	0	0	2	1	1	0	0	1	2	1	5	0	0	0	0	3	0	0	0	0	0	0	4	0	1	0	0	0	0	0	0
OTU877	0	1	0	0	0	0	1	3	4	0	0	1	0	0	0	0	0	0	0	0	1	0	0	0	2	1	1	2	0	2	6	4	2	0	0	1	0	3	0	0	14	2	10	71	41	73	1	16	0	2	0	86	0	2	164	81	53	20	19	0	5	0	0	1	35	7	74	88	14	15	0	0	0	4	4	0	3	0	1	2	102	57	196	1	2	2	1	7	10	3	1	2	20	23	4	22	39	2	233	0	139	34
OTU878	1	2	0	0	0	0	0	1	0	0	1	0	0	0	0	0	0	0	3	3	0	2	0	0	1	0	21	10	12	11	27	7	0	0	0	0	1	0	2	0	7	0	20	37	54	40	15	9	27	29	0	2	0	3	49	48	3	30	110	3	0	0	1	1	129	267	350	136	81	0	1	1	11	4	1	3	4	2	8	16	4	7	16	16	31	3	0	3	7	8	4	8	36	25	126	103	19	4	133	416	217	296
OTU879	0	0	0	0	0	0	0	0	0	0	0	0	0	0	0	0	0	0	0	1	0	1	0	3	0	4	0	0	0	0	0	0	0	0	2	1	0	0	0	0	0	0	0	0	0	0	0	0	0	0	0	0	0	0	2	2	13	0	5	0	0	0	0	0	31	119	111	44	169	0	0	0	0	0	0	0	0	0	0	0	0	0	0	0	0	0	0	0	0	0	0	0	0	0	0	0	0	0	6	0	28	0
OTU88	3	2	7	0	0	3	0	1	0	0	1	10	4	13	2	2	0	0	0	0	0	1	0	67	0	25	2635	10	310	9	1814	61	57	3	2	6	8	5	14	1	6	4	6	2470	23	159	9	94	8	6	0	23	14	39	82	18	22	1245	63	2	0	0	0	25	0	1	0	35	5	3	7	13	12	15	23	23	52	25	18	961	24	42	11	14	8	10	16	16	45	379	11	219	14	65	39	5208	25	0	2	0	110	1
OTU880	0	0	0	0	0	0	0	2	0	0	0	0	0	0	0	0	0	0	0	0	0	0	0	0	0	2	2	0	7	5	1	0	0	0	1	0	9	3	4	0	3	0	2	10	9	0	0	10	2	0	0	0	2	0	22	7	1	1	1	2	0	0	0	2	75	55	16	4	34	2	0	23	31	1	1	5	50	2	6	9	0	9	1	7	1	0	1	0	5	0	0	2	1	1	0	5	6	0	39	27	97	17
OTU881	0	0	0	0	0	0	0	0	0	0	0	0	0	0	0	0	0	0	1	0	0	0	0	0	0	0	0	0	0	0	0	2	0	0	454	0	0	0	0	0	0	0	0	0	0	0	2	0	0	0	0	0	0	0	0	0	0	0	0	0	0	0	0	0	0	0	2	0	2	0	0	0	0	0	0	0	0	0	0	0	0	0	0	0	0	0	0	0	0	0	0	0	0	0	0	1	0	2	5	0	85	0
OTU882	0	0	0	0	0	0	0	0	0	0	0	0	0	0	0	0	0	0	0	0	0	0	0	0	0	0	0	0	0	0	0	0	0	0	0	0	0	0	0	0	0	0	0	0	0	0	0	0	0	0	0	1	0	0	0	0	0	0	0	0	0	0	4	0	0	0	0	0	0	0	0	0	0	0	0	0	0	0	0	0	0	0	0	0	958	0	0	0	0	0	0	0	0	0	0	0	0	0	0	0	0	0
OTU883	0	0	0	0	0	0	0	0	0	0	0	0	0	0	0	0	0	0	0	2	0	1	0	0	0	0	0	0	0	0	0	0	2	0	1	0	0	0	0	0	0	0	0	0	0	0	0	0	0	0	0	0	0	0	0	0	0	0	0	0	0	0	0	1	5	1	15	0	0	0	0	0	0	0	0	0	0	0	0	0	0	0	0	0	0	0	0	0	0	0	0	0	0	2	12	3	0	0	19	377	20	2
OTU884	0	0	1	0	1	1	0	0	0	0	1	0	0	0	0	0	0	0	0	0	0	0	0	0	0	0	10	16	1	47	17	0	7	0	1	0	2	2	41	1	27	10	15	11	80	9	0	1	151	119	14	24	39	33	32	3	2	4	6	0	0	0	0	0	1	0	0	0	0	0	13	13	3	28	33	0	1	0	12	3	8	6	11	2	3	2	30	39	1	7	59	113	31	21	12	22	17	0	0	0	0	1
OTU885	0	2	0	3	0	1	7	5	2	2	0	4	0	3	2	1	0	0	3	1	7	1	1	4	4	1	131	111	110	77	87	7	13	4	16	11	9	1	45	4	187	86	79	96	104	127	126	201	76	77	5	144	25	36	82	67	70	147	149	6	9	3	5	6	49	63	196	92	76	46	174	60	91	99	102	20	14	16	94	42	68	145	208	106	71	62	29	19	81	35	68	107	153	84	104	182	95	227	458	529	724	650
OTU886	0	0	1	0	0	0	0	0	0	1	0	1	0	0	0	0	0	0	0	0	0	0	0	3	0	0	1	1	0	0	3	0	0	0	5	0	0	13	132	0	16	61	12	11	14	3	0	1	6	1	0	3	0	18	47	6	19	11	32	0	0	1	0	0	0	0	3	0	1	0	7	0	0	0	14	14	0	20	0	2	2	7	0	15	5	18	37	55	8	0	0	0	10	1	2	7	16	0	5	0	16	19
OTU887	0	5	2	1	0	17	13	13	5	2	26	3	4	7	3	3	1	0	12	4	8	15	2	5	17	12	214	204	96	251	233	41	32	22	31	21	124	60	164	0	552	92	120	942	400	555	195	283	99	165	36	113	49	86	348	250	245	200	206	10	16	7	14	40	354	208	1108	164	184	36	63	21	139	102	52	113	57	412	252	25	182	314	556	383	116	261	29	126	117	134	33	274	294	916	527	997	296	758	618	1073	1020	392
OTU888	0	0	0	0	0	0	1	0	0	0	0	0	0	0	0	0	0	0	2	0	0	0	0	0	0	0	1	13	39	20	13	0	0	0	0	0	29	26	0	0	5	25	15	23	2	3	0	15	3	1	0	0	4	2	5	1	23	17	0	0	0	0	0	3	0	0	2	0	0	24	54	6	15	21	54	128	2	2	2	1	4	0	11	5	4	16	81	21	1	0	7	13	0	6	2	9	0	0	1	0	0	0
OTU889	0	0	0	0	0	0	0	0	0	0	0	0	0	0	0	0	0	0	3	0	0	0	0	1	1	0	0	0	0	0	0	0	0	2	0	0	0	0	0	0	0	0	0	0	0	0	0	0	0	0	0	0	0	0	0	0	0	0	0	0	0	0	0	4	2	0	0	2	1	2	0	0	0	0	0	0	0	0	0	0	0	0	0	0	0	0	0	0	0	0	0	0	0	0	5	58	0	1	5	251	1773	0
OTU89	1	2	4	3	0	6	2	4	1	3	3	0	0	2	2	2	0	1	7	1	1	0	1	1	2	3	270	236	118	357	285	0	7	1	7	1	39	21	275	2	718	224	196	252	117	143	82	103	205	128	33	231	123	169	236	118	133	156	384	4	4	0	0	8	0	36	41	7	10	332	338	182	103	151	437	113	55	355	185	356	190	197	123	151	56	303	93	134	304	146	203	324	279	313	125	684	307	4	113	214	52	343
OTU890	0	0	1	3	0	0	0	0	1	0	0	0	0	1	0	0	0	0	2	0	2	0	0	0	0	0	4	0	1	28	1	0	0	0	2	1	0	0	2	0	6	42	42	0	22	4	15	33	6	43	0	61	2	15	17	10	3	11	7	0	1	2	0	2	0	0	3	0	2	0	4	52	13	0	9	0	1	0	32	0	5	19	22	8	3	28	0	3	0	7	2	17	17	12	26	26	5	1	0	0	0	11
OTU891	0	1	0	0	0	0	0	0	0	0	1	0	0	0	1	0	0	0	0	0	0	0	0	4	0	0	0	0	6	3	0	2	0	0	0	0	3	2	113	0	39	44	8	68	4	3	15	6	4	5	3	2	1	16	17	16	2	19	19	0	0	0	0	0	0	0	0	4	0	78	1	3	1	3	39	8	6	201	3	0	5	14	14	11	2	6	5	2	21	0	1	0	17	8	5	8	12	0	1	0	0	0
OTU892	0	4	0	0	0	2	0	9	4	4	0	1	1	0	0	0	0	0	1	0	0	1	0	0	0	6	96	59	522	64	66	0	6	3	11	0	13	54	5	1	50	30	49	20	67	11	6	5	8	26	0	99	8	14	18	15	113	8	5	1	3	0	0	1	0	20	4	2	2	23	153	44	38	55	30	79	65	20	3	170	16	24	9	41	28	15	61	69	23	13	50	49	7	33	7	43	24	0	0	1	0	1
OTU893	0	1	0	0	0	0	1	0	0	0	2	1	0	0	0	0	0	0	0	0	0	2	1	0	0	2	96	13	27	37	43	0	3	0	1	2	4	39	21	0	88	12	20	7	8	8	2	10	8	24	13	28	68	26	20	14	14	40	10	0	0	17	0	1	26	0	33	13	5	9	30	80	141	63	34	5	32	26	1	484	108	53	16	32	13	14	20	64	5	4	34	23	13	19	19	38	41	2	13	5	17	43
OTU894	0	0	0	0	0	0	0	0	0	0	2	0	0	0	0	0	0	0	0	0	0	0	0	0	0	0	2	14	18	2	6	0	0	0	0	0	2	1	1	0	7	2	0	41	34	4	3	10	4	1	0	14	4	3	10	58	30	44	15	3	0	0	0	0	1	1	2	4	1	1	13	8	1	6	95	3	9	4	9	2	2	368	7	4	5	13	1	0	0	12	3	7	38	4	17	10	13	0	23	1	0	14
OTU895	0	571	0	0	3	0	0	0	0	0	0	0	0	0	0	0	0	0	0	0	0	0	0	0	0	0	1	0	0	0	0	0	0	0	0	0	0	1	0	0	1	0	1	0	0	0	0	0	0	0	0	3	0	6	0	0	4	1	0	0	0	0	0	0	0	0	0	0	0	0	0	0	0	1	0	2	0	0	0	0	0	1	0	0	0	0	0	4	1	1	0	0	1	0	0	2	1	0	0	0	0	0
OTU896	0	0	0	0	0	0	2	0	0	1	0	0	1	499	0	0	0	0	0	0	0	0	0	0	0	0	0	0	0	0	2	0	0	0	0	0	0	12	0	0	0	0	0	0	1	1	0	0	2	0	0	0	0	1	0	0	1	3	0	0	0	0	0	0	0	0	0	0	0	0	0	0	0	1	1	1	0	0	0	0	0	3	0	3	0	0	2	0	0	0	0	0	0	0	1	2	0	0	0	0	0	0
OTU897	0	0	1	0	0	0	0	0	0	0	0	1	0	0	0	0	0	0	0	0	0	0	0	0	0	2	0	0	864	0	0	0	0	0	0	0	1	0	3	0	1	0	0	1	0	0	6	0	1	3	0	0	0	1	1	5	6	4	0	0	0	0	0	0	0	0	0	0	0	0	1	0	2	1	1	3	8	0	1	57	3	0	0	0	2	0	0	1	4	2	0	2	1	0	3	1	0	0	1	0	0	1
OTU898	0	0	0	0	0	0	2	0	0	0	0	0	0	0	0	0	0	0	0	0	2	0	0	1	0	0	0	0	0	0	0	0	1	0	0	0	0	0	0	0	0	0	0	0	0	0	0	0	0	0	0	0	0	0	0	1	0	0	0	0	1	0	0	0	0	14	12	8	0	0	0	0	0	0	0	0	0	0	0	0	0	0	0	0	0	0	0	0	0	0	0	0	3	0	12	5	0	17	37	266	350	58
OTU899	0	0	0	0	0	5	3	2	0	0	0	2	0	0	0	0	0	0	3	0	0	0	0	0	0	0	0	0	2	0	1	0	0	4	2	0	0	0	0	0	17	0	0	6	47	12	37	24	2	13	1	75	8	4	4	28	13	14	38	0	0	0	0	0	0	0	4	0	0	0	2	1	0	1	0	19	2	1	11	1	75	8	1	2	2	0	0	1	1	0	0	0	38	15	18	56	18	0	2	0	1	0
OTU9	1	43	16	5	2	3	240	44	2	10	8	6	4	11	5	2	10	2	26	0	105	27	30	31	536	25	579	543	951	647	483	13	79	42	139	13	487	1148	625	6	4111	961	3281	316	672	1225	919	300	639	200	735	1767	652	1795	2357	623	772	1260	1037	83	42	19	14	44	526	398	622	8033	517	625	893	513	646	539	1286	308	493	284	15612	365	8486	1975	1198	266	136	358	263	1578	969	4639	1386	538	1159	378	423	5609	425	200	251	31	503	230
OTU90	0	3	0	1	0	0	0	0	0	0	0	0	4	2	0	0	1	0	2	0	0	0	1	0	15	2	13	27	6	2	6	0	0	0	16	0	9	2	6	2	9269	100	5	5	6	5	6	4	28	12	1	8	9	6	16	19	12	11	15	2	0	0	0	0	0	0	0	0	1	6	7	3	10	9	5	35	19	2	296	28	19	21	2	1	5	6	47	52	2112	6	1	22	9	21	16	10	9	0	0	2	3	0
OTU900	0	1	1	0	0	2	0	3	0	0	0	0	0	0	0	0	0	0	0	0	0	1	0	0	2	1	15	29	24	18	7	0	0	1	5	1	5	0	17	0	23	10	8	0	19	24	12	4	21	9	3	5	12	6	7	26	9	18	25	0	0	2	1	4	27	23	36	3	22	0	10	29	55	27	8	16	4	0	6	3	7	29	38	39	5	39	3	2	0	1	2	10	14	13	36	47	29	229	9	145	18	78
OTU901	0	0	0	0	0	0	0	1	0	0	0	0	0	0	0	0	0	0	0	0	5	0	0	2	1	0	0	0	0	0	0	3	0	0	0	1	0	0	0	0	0	0	0	0	0	0	0	0	0	0	0	0	0	0	6	1	4	7	2	0	2	2	0	1	171	76	237	289	152	0	0	0	0	0	0	0	1	0	0	0	0	0	0	0	0	0	0	0	0	0	0	0	0	0	0	2	0	1	3	0	3	0
OTU902	0	1	0	0	0	0	0	0	0	0	0	0	0	0	0	0	0	0	0	0	0	0	0	0	0	2	2	0	0	0	0	0	1	0	0	0	3	0	4	0	4	2	0	0	0	0	0	1	1	2	4	0	0	0	4	0	3	0	0	0	0	0	0	0	123	25	137	77	0	1	0	0	24	5	0	0	7	0	11	0	33	0	0	0	0	0	0	0	2	0	0	9	1	0	0	0	0	0	1	0	2	0
OTU903	0	1	0	2	0	0	0	0	0	0	1	0	0	0	0	0	0	0	0	0	0	0	0	0	0	0	0	1	1	0	0	0	0	0	0	0	0	0	0	0	2	0	0	2	2	0	0	0	0	0	0	0	0	0	1	0	3	2	7	0	0	0	0	0	0	0	0	0	0	0	0	1	0	0	2	4	501	0	0	0	3	0	0	0	0	0	0	0	0	0	1	4	0	0	0	0	0	0	0	0	0	0
OTU904	0	2	0	0	0	0	3	0	3	0	0	0	0	2	0	0	0	0	0	1	0	0	0	0	0	0	10	2	4	4	15	0	0	0	0	1	0	0	22	0	3	1	3	45	25	59	1	24	22	1	0	70	8	9	17	17	143	35	28	0	0	0	0	0	0	0	2	0	0	0	18	0	33	2	0	5	3	10	29	7	13	11	46	13	3	21	1	1	6	8	14	20	59	37	36	48	30	0	1	0	1	0
OTU905	0	0	0	0	0	0	0	2	0	0	0	0	0	0	0	0	0	0	2	1	0	1	2	3	1	0	0	0	0	0	0	2	0	0	2	3	0	0	0	0	0	0	0	2	0	0	0	0	0	0	0	0	2	0	0	1	3	0	0	2	3	0	0	4	113	38	59	75	2	0	0	0	0	0	0	0	0	0	0	0	0	0	0	0	0	0	0	0	0	0	0	0	0	12	0	4	3	3	437	2	143	99
OTU906	0	0	0	0	0	0	0	0	0	0	0	0	0	0	0	0	0	0	0	0	0	0	0	0	2	0	1	0	0	0	0	5	2	0	0	0	1	0	0	0	11	5	0	79	17	6	2	0	0	0	0	1	0	0	7	3	8	26	3	0	0	0	0	0	2	2	335	0	0	0	0	0	0	0	1	0	0	0	0	1	1	1	0	0	0	0	0	0	1	1	0	1	2	0	0	1	3	3	10	0	7	54
OTU907	0	0	1	0	0	0	0	0	0	0	0	0	0	0	0	0	0	1	0	0	0	0	0	0	0	0	22	3	2	4	16	0	2	0	4	0	3	0	0	0	56	7	1	5	22	5	0	3	7	17	0	22	0	2	1	0	4	9	10	0	0	0	0	1	102	0	0	0	63	6	2	5	0	10	23	1	2	2	0	5	3	1	6	5	0	7	1	0	4	7	13	3	11	1	22	22	3	0	2	3	1	0
OTU908	0	4	0	0	0	0	0	2	0	0	0	0	1	0	0	0	0	0	0	0	0	1	0	0	1	0	10	8	0	29	0	0	0	0	0	0	5	0	0	0	36	17	49	4	5	0	3	2	15	7	9	31	13	8	2	16	1	2	7	0	1	0	0	0	0	2	0	0	0	6	17	27	14	16	5	39	2	1	4	4	10	13	5	13	4	22	4	7	2	15	28	50	0	3	2	12	20	0	0	0	0	0
OTU909	0	0	0	0	2	0	0	0	0	0	0	0	0	0	0	0	0	0	0	0	0	0	0	0	0	0	12	0	0	5	1	0	3	6	2	3	0	0	0	0	1	0	0	0	12	0	0	6	1	0	0	13	0	9	6	3	5	4	1	4	2	1	0	0	50	46	242	50	64	0	0	1	1	3	0	0	2	1	1	1	0	4	4	2	5	5	0	0	0	0	8	14	7	16	11	19	13	51	76	18	88	156
OTU91	0	1	3	5	3	2	0	2	0	8	0	2	0	0	1	0	3	2	0	0	1	9	10	0	0	1	22	30	72	12	17	0	0	0	0	0	1760	4676	197	0	32	9	50	13	13	53	12	9	19	20	7	16	31	67	38	25	43	13	35	0	0	0	0	1	0	0	0	0	1	13	37	27	5	19	272	464	91	6233	9	624	46	28	13	22	10	61	200	70	66	11	26	21	28	28	32	33	18	0	0	1	0	0
OTU910	0	0	0	0	0	0	0	0	0	0	0	0	0	0	0	0	0	0	4	0	0	1	0	0	2	1	0	0	0	0	0	1	3	0	0	0	0	0	0	0	0	0	0	0	1	0	0	0	0	0	0	0	0	0	5	0	0	0	4	1	0	0	0	0	329	0	121	28	89	0	0	0	0	0	0	0	0	0	0	0	0	0	0	0	0	0	0	1	0	0	0	0	0	0	0	0	0	1	0	0	2	0
OTU911	0	0	0	0	0	0	6	3	0	0	0	0	0	0	0	0	0	0	3	1	2	0	0	0	3	4	7	2	7	8	4	1	0	1	0	1	11	1	4	0	87	45	4	0	7	11	0	5	48	11	0	7	5	9	12	7	3	9	20	2	0	0	0	0	57	0	34	12	170	4	0	1	17	5	8	41	11	0	21	0	8	9	22	12	2	16	23	16	7	0	6	5	5	12	4	8	4	0	84	0	98	19
OTU912	0	0	0	0	0	0	5	0	0	0	0	3	0	0	0	1	0	1	0	0	1	1	0	1	4	0	3	1	0	3	2	0	0	0	2	0	34	12	81	0	100	0	2	0	0	0	0	0	38	7	5	5	13	4	0	2	3	5	2	0	0	0	0	0	0	0	0	0	0	17	1	0	12	5	0	15	48	0	66	4	124	0	0	6	0	2	5	47	1	0	0	34	1	4	0	5	0	0	0	0	0	0
OTU913	0	1	0	0	0	0	1	1	0	0	0	0	0	0	0	0	0	0	2	0	1	0	0	0	0	4	2	36	8	43	26	0	0	0	1	0	0	0	5	0	87	100	29	5	2	1	0	4	5	15	16	33	12	5	5	5	4	8	13	1	0	0	0	0	64	19	44	6	61	3	16	42	15	29	13	35	3	3	20	6	6	6	8	0	1	13	0	19	1	35	19	22	24	18	18	2	1	0	16	31	3	16
OTU914	0	0	2	0	0	0	0	0	0	0	1	0	0	0	0	0	0	0	0	0	0	2	0	0	0	4	2	3	0	0	0	0	0	0	2	0	90	23	4	0	6	2	35	4	1	18	0	0	0	73	0	0	1	1	1	1	1	3	0	0	0	0	0	0	0	0	0	0	0	9	0	0	0	0	0	2	121	36	0	38	1	4	0	0	0	0	73	97	16	0	0	0	1	3	2	0	5	0	1	0	0	0
OTU915	0	3	0	0	0	0	0	0	0	0	3	1	3	0	0	0	0	3	0	0	0	0	1	0	0	0	5	5	70	30	8	0	1	0	1	0	41	31	15	0	319	24	13	7	17	1	1	0	5	18	6	4	0	5	9	7	32	0	7	0	0	0	0	0	0	0	0	0	2	59	81	0	9	2	63	32	14	239	1	8	17	6	3	9	7	1	81	128	222	2	8	1	3	1	2	11	2	0	0	0	0	0
OTU916	0	0	0	0	0	1	1	2	0	0	0	0	0	0	0	0	0	0	2	0	0	0	3	0	0	0	0	0	0	1	0	0	0	0	3	0	0	0	0	0	0	0	1	0	1	0	0	1	11	0	0	66	2	7	0	12	5	10	11	0	0	0	0	0	51	69	210	56	98	0	0	0	0	15	0	0	0	0	1	0	0	1	0	0	0	0	1	0	3	4	0	0	0	1	15	22	4	0	0	0	4	1
OTU917	0	0	0	0	0	0	0	4	0	0	0	0	0	0	0	0	0	1	0	0	0	1	0	0	0	3	2	3	0	0	13	0	0	1	4	0	22	8	17	0	23	14	43	5	1	27	47	0	0	27	0	15	4	4	20	7	15	0	4	0	0	0	0	0	1	0	14	10	56	0	0	3	2	39	5	21	2	12	1	33	2	5	18	0	4	0	14	0	8	23	57	2	0	13	6	5	0	0	0	0	2	1
OTU918	0	4	0	1	0	0	0	0	2	0	3	1	0	0	0	0	0	0	0	0	0	1	0	3	0	0	0	0	0	34	0	0	0	1	3	0	0	10	52	1	41	31	0	0	1	0	2	0	0	3	0	54	1	11	0	2	6	0	4	0	0	0	0	2	0	0	0	13	72	10	0	32	2	18	13	60	11	22	1	6	5	0	4	0	0	1	49	30	17	1	97	0	0	2	3	5	1	0	0	0	0	0
OTU919	0	2	2	0	0	0	1	0	0	0	7	0	0	0	0	0	2	1	1	0	0	0	0	1	0	2	1	1	81	3	76	0	0	0	1	0	54	4	72	0	58	20	10	2	2	1	0	0	2	4	6	2	16	9	1	2	0	8	6	0	0	0	1	0	1	0	0	0	2	7	31	0	2	1	0	25	33	231	21	23	20	5	1	1	9	4	18	6	85	6	0	5	1	5	1	3	3	0	0	0	0	0
OTU92	0	12	4	1	1	3	1	14	2	1	14	9	8	5	1	0	2	2	1	0	6	1	0	0	6	0	141	400	126	523	74	2	25	12	23	2	12	4	10	2	571	177	89	132	656	665	859	379	1193	132	7	350	286	117	448	238	47	389	197	10	7	5	2	4	11	8	10	31	20	16	24	52	265	111	85	43	35	15	301	31	50	366	302	368	92	243	41	21	13	78	77	226	313	314	615	500	357	7	12	17	13	6
OTU920	0	0	0	0	0	0	0	0	0	0	1	0	0	0	0	0	0	0	0	1	0	0	0	0	0	0	0	0	0	0	0	0	0	0	0	13	0	0	0	0	1	2	0	0	3	0	0	560	4	0	1	0	0	5	0	1	2	2	4	0	0	0	0	0	0	0	0	0	1	0	0	1	0	0	0	0	0	4	0	0	2	0	3	2	0	10	7	0	0	1	0	0	0	2	3	5	0	0	0	1	0	0
OTU921	0	0	0	0	0	0	6	2	0	0	0	0	0	0	0	0	0	0	0	0	3	0	0	0	0	0	1	11	0	1	2	0	0	0	0	0	0	0	0	0	32	26	9	0	1	0	0	0	1	9	5	4	4	0	9	0	5	5	4	0	0	0	2	0	113	71	80	58	52	0	0	0	16	18	12	29	0	0	4	2	9	8	4	0	1	1	3	2	3	13	9	2	0	0	8	5	2	1	0	79	33	39
OTU922	0	3	1	0	0	0	0	1	0	1	0	3	0	0	4	0	0	0	0	0	0	0	0	0	0	0	4	1	0	13	3	0	0	0	0	0	14	0	10	1	7	10	1	14	20	23	2	11	39	3	0	3	10	17	20	490	16	109	18	2	0	0	0	0	0	20	7	5	1	10	2	2	26	92	2	7	14	6	4	9	1	268	3	10	0	0	2	0	6	4	141	21	151	113	9	20	29	5	6	3	0	0
OTU923	0	0	0	0	0	0	0	0	0	0	0	0	0	0	0	0	0	0	0	0	0	0	0	0	1	2	0	0	0	0	0	0	0	0	0	0	0	0	0	0	0	0	0	0	0	0	0	0	0	0	0	0	0	0	0	0	0	2	0	0	0	0	0	0	0	1	0	603	0	0	0	0	0	0	0	0	0	0	0	0	0	0	0	0	0	0	0	0	0	0	0	0	0	0	0	0	0	0	0	0	1	0
OTU924	0	0	0	0	0	1	0	4	0	0	1	0	0	0	0	0	2	0	1	0	1	0	0	1	0	0	1	12	0	176	0	0	0	0	0	1	1	0	6	0	5	3	3	15	2	4	14	9	3	9	3	40	5	5	10	9	0	3	7	0	1	4	0	0	0	2	1	0	0	2	0	33	13	10	0	39	0	1	0	8	3	20	4	18	5	5	2	2	1	0	2	13	15	5	13	8	9	65	17	38	19	17
OTU925	0	0	0	2	3	0	0	2	0	0	2	0	0	0	0	0	0	0	0	0	0	0	0	0	0	0	2	11	0	31	3	0	0	0	0	2	34	3	2	0	15	1	7	16	21	1	15	15	6	1	0	25	0	10	3	18	20	2	2	0	0	3	1	0	0	0	1	0	0	0	6	1	0	1	0	3	4	1	6	4	1	2	28	169	15	3	12	15	1	2	0	14	246	67	12	37	61	6	2	0	2	4
OTU926	0	0	0	0	0	0	0	0	0	0	0	3	0	0	0	0	0	0	0	0	0	0	0	0	0	0	3	12	15	18	0	0	2	0	0	0	2	0	1	0	0	5	0	4	6	0	1	0	0	0	0	0	0	0	5	0	8	2	2	0	0	0	0	0	39	16	132	35	52	10	54	1	0	4	18	1	5	0	1	0	1	0	1	0	0	3	0	0	1	2	2	0	2	0	4	0	0	18	14	3	11	2
OTU927	0	0	0	0	0	0	1	0	0	0	0	0	0	0	0	0	0	0	0	0	0	0	0	0	0	0	1	2	0	0	0	0	1	0	0	0	0	1	3	0	37	1	0	0	3	1	0	2	2	2	0	4	0	5	4	3	2	5	10	0	0	0	0	0	0	0	0	0	0	0	0	0	0	2	0	2	444	0	0	0	2	0	0	0	2	0	0	0	1	0	1	0	3	0	2	2	1	0	0	0	0	0
OTU928	0	4	0	0	0	0	1	0	1	4	1	3	0	1	0	0	0	0	1	0	0	0	0	0	5	1	40	22	42	225	50	3	8	4	4	2	9	0	100	0	3	44	33	154	152	49	137	40	4	6	7	9	8	10	61	187	3	43	72	0	0	0	0	3	32	71	4	13	111	5	4	5	98	25	51	12	19	19	53	2	15	31	33	6	20	48	25	33	40	35	5	1	90	63	71	67	47	461	368	194	200	332
OTU929	0	4	1	0	0	0	0	0	0	0	0	0	0	0	0	0	1	0	0	0	2	0	0	0	2	0	2	0	0	3	3	0	4	2	0	0	5	2	4	0	0	0	6	7	14	7	9	96	103	2	0	4	1	23	26	17	4	72	59	0	2	0	4	0	28	5	7	1	1	0	0	0	0	4	0	4	4	0	1	5	1	12	30	6	50	72	4	5	1	5	0	1	263	3	133	19	97	15	84	80	167	1
OTU93	451	0	2	1	2	6	1356	1155	53	0	0	4	0	0	1384	3	1002	74	511	1794	8	6	938	16	3	4	3	6	2	7	2	1986	390	3	481	2	4	26	7	35	0	20	3	52	13	2	10	3	1817	4	1	16	18	14	15	14	11	12	23	384	432	2	262	37	14	19	16	20	31	1	0	9	3	13	9	38	13	2	11	3	51	14	14	19	25	37	4	7	4	11	3	21	23	10	17	21	5	475	20	522	72	11
OTU930	0	0	0	0	0	0	0	0	0	0	0	0	0	0	0	0	0	0	0	0	0	0	0	0	0	0	0	0	0	0	0	0	0	0	0	0	0	0	0	0	0	0	0	0	0	0	0	0	0	0	0	0	0	0	0	0	0	0	0	0	0	416	0	1	0	0	0	0	0	0	0	0	0	0	0	0	0	0	0	0	0	0	0	11	0	0	0	0	0	0	0	0	0	0	0	0	0	0	0	0	2	0
OTU931	0	0	0	0	0	0	2	0	3	0	1	0	0	4	0	0	0	1	0	0	3	0	0	0	0	1	28	67	8	16	33	0	1	6	2	1	4	14	0	0	2	1	11	18	18	150	35	3	5	1	0	7	3	2	4	3	0	13	8	2	0	0	0	1	141	40	3	0	99	22	2	11	1	58	52	17	10	2	1	1	20	15	2	13	2	0	6	2	2	17	0	29	25	2	31	29	8	2	0	0	51	17
OTU932	0	0	0	0	0	0	0	0	0	0	0	0	0	0	0	0	0	0	2	0	2	0	0	2	0	0	4	4	0	0	0	0	0	3	2	0	0	0	8	0	1	6	13	9	0	0	12	0	1	0	0	0	0	2	1	7	3	0	5	0	0	0	0	2	0	0	0	0	3	4	0	2	5	11	0	0	0	0	0	0	0	1	0	0	0	0	0	0	4	0	0	0	6	0	14	1	12	0	46	199	111	203
OTU933	0	0	0	0	0	0	0	0	0	0	1	0	0	0	0	0	0	0	0	0	5	0	0	10	0	1	1	0	0	0	0	0	0	3	0	0	1	7	249	0	40	2	37	1	2	0	0	0	21	2	0	0	3	1	6	0	0	2	1	0	0	0	0	0	0	0	0	0	0	44	3	39	0	5	73	1	4	13	1	0	1	3	2	0	1	0	1	2	0	0	12	0	5	0	1	0	0	0	0	0	0	0
OTU934	0	0	0	0	0	0	0	0	0	0	0	0	0	0	0	0	0	0	0	0	0	4	0	2	0	0	6	2	0	0	3	0	0	0	2	0	3	0	0	0	1	0	0	6	0	1	0	7	0	0	0	1	0	0	0	1	3	0	1	0	0	0	0	2	1	0	0	3	1	0	0	0	2	0	0	0	1	0	0	0	0	6	12	10	6	14	0	0	0	0	0	0	23	12	8	6	21	90	46	28	66	112
OTU935	0	0	0	0	0	0	4	0	0	0	0	0	0	0	0	0	0	0	0	0	0	0	0	2	0	0	0	0	0	0	0	0	0	1	0	1	0	0	0	0	0	1	5	0	0	0	0	0	4	0	0	0	0	6	0	0	0	0	0	0	0	0	0	1	1	26	2	1	0	0	0	0	0	2	0	0	0	0	0	0	0	0	0	0	1	0	0	0	0	0	0	0	0	3	1	2	7	1	46	284	82	26
OTU936	0	1	0	0	0	0	0	4	0	0	0	0	0	0	0	0	0	0	0	0	0	0	0	0	1	0	0	16	0	14	2	1	0	0	1	0	0	0	2	0	1	1	9	33	2	20	6	0	21	2	0	17	21	2	3	6	32	9	22	0	0	0	0	0	0	0	1	0	2	10	0	21	152	29	253	4	0	1	30	8	16	14	1	0	14	21	5	1	2	3	4	5	10	1	1	3	12	0	0	0	0	0
OTU937	0	0	0	0	0	0	0	0	0	0	0	0	0	0	0	434	0	0	0	0	0	0	0	0	2	0	0	0	0	0	0	0	0	0	0	0	0	0	0	0	11	0	0	5	0	0	0	0	0	0	0	0	0	0	2	0	2	0	0	0	0	0	0	0	0	0	0	0	0	0	1	0	0	0	0	0	1	2	0	0	0	0	0	0	0	0	0	0	0	0	0	0	0	0	0	0	0	0	0	0	0	0
OTU938	0	2	1	0	0	1	0	0	0	0	0	0	0	0	0	0	0	0	0	0	0	0	6	3	0	0	0	0	0	2	0	0	0	0	0	0	0	462	19	0	1	0	0	0	1	3	1	1	0	0	0	1	2	1	0	2	0	0	0	0	0	0	0	0	0	0	0	0	0	0	4	0	0	1	0	2	0	1	0	1	2	3	1	0	0	4	3	1	0	0	2	1	0	0	0	5	3	0	0	0	0	0
OTU939	0	0	0	0	0	0	0	0	0	0	0	0	0	0	0	0	0	0	0	0	0	0	0	0	0	0	0	0	0	0	0	0	0	0	0	0	0	0	0	0	0	0	0	0	0	0	0	0	0	0	0	0	0	0	0	0	0	0	0	0	0	0	0	0	0	0	0	0	0	0	0	0	0	0	0	0	0	0	0	0	0	0	0	0	0	0	0	0	0	0	0	0	0	0	0	0	0	0	87	394	0	0
OTU94	0	0	0	1	0	0	6	14	0	0	0	0	0	0	0	0	0	0	12	3	7	2	1	1	11	4	0	3	0	0	0	4	16	8	8	6	0	0	0	0	0	2	0	0	0	0	0	0	0	0	0	0	0	0	4	10	122	14	3	6	8	0	9	9	684	581	6193	1545	172	0	1	2	0	0	0	0	0	1	0	0	0	0	0	0	0	1	3	0	0	0	0	1	5	1	2	0	0	263	140	10	19	6
OTU940	0	0	0	0	0	0	0	0	1	0	0	0	2	0	0	0	0	0	0	0	4	0	0	0	0	1	0	2	0	1	1	0	3	3	4	0	1	1	18	0	21	2	35	8	67	35	41	9	49	114	0	48	1	2	18	2	0	0	10	0	0	0	0	0	3	0	1	1	83	0	0	5	0	0	17	20	2	0	2	0	1	28	22	16	13	0	0	14	0	2	5	28	5	4	11	13	15	0	0	0	0	0
OTU941	0	0	0	0	0	0	0	0	0	0	0	0	0	0	0	0	0	0	0	0	0	5	0	0	0	0	3	3	0	24	9	0	0	0	1	0	30	1	1	1	51	7	63	0	29	1	13	3	13	11	0	5	5	19	2	15	8	0	2	0	0	0	0	0	0	0	0	0	0	7	0	1	5	6	0	55	0	2	17	8	6	0	7	1	2	5	1	6	0	0	23	9	0	5	3	33	38	0	2	0	0	0
OTU942	0	0	0	0	0	0	0	0	0	0	0	0	0	2	0	0	0	0	0	0	0	0	0	3	4	0	0	19	0	43	40	1	1	0	0	6	0	10	50	1	65	4	1	63	27	20	6	42	10	4	0	20	3	14	10	20	66	15	4	6	2	0	1	0	0	4	2	0	0	3	16	9	15	5	0	6	1	20	11	4	12	19	12	12	28	22	3	10	6	33	0	9	38	22	12	75	35	27	50	2	2	1
OTU943	0	1	0	0	0	0	0	0	0	0	0	0	0	1	0	0	1	0	0	0	0	1	0	0	1	0	2	0	6	2	18	0	0	0	1	0	165	1	41	3	82	6	11	0	0	1	0	0	0	0	0	6	0	0	1	1	32	0	0	1	0	0	0	0	0	0	1	0	0	14	2	7	0	40	45	0	11	1	0	0	0	4	2	0	0	0	16	373	146	2	0	4	1	0	0	4	0	0	0	0	0	0
OTU944	0	0	0	0	0	0	0	0	0	1	0	0	0	0	7	0	0	0	0	0	0	0	0	0	0	0	15	0	0	4	0	0	0	0	4	0	0	0	2	0	3	2	0	0	0	0	7	0	1	0	6	0	0	2	1	0	334	0	0	0	0	0	0	0	0	0	13	0	0	1	6	0	1	1	4	0	0	5	2	2	0	2	1	0	0	1	0	167	2	0	0	0	1	0	2	0	0	0	0	0	0	0
OTU945	0	0	0	0	0	0	0	2	0	0	0	0	0	3	0	0	2	0	0	0	0	0	0	0	4	0	0	0	0	0	1	2	0	1	0	2	0	1	0	0	0	0	0	37	42	23	0	39	4	0	1	17	0	9	12	91	3	50	18	0	1	1	0	0	4	0	1	1	12	0	0	31	14	3	5	1	0	0	102	0	0	8	9	22	19	8	1	0	0	1	1	20	19	39	23	53	97	10	2	39	39	17
OTU946	0	0	0	0	2	0	0	0	0	0	0	0	0	0	0	0	0	0	0	0	0	1	0	0	6	0	0	0	0	0	0	0	0	0	0	0	16	0	25	0	0	0	0	2	0	0	0	3	0	2	0	0	0	2	6	10	0	0	0	0	0	0	0	0	181	112	0	72	0	245	0	1	2	0	0	0	15	87	0	0	0	0	0	0	3	0	35	2	81	0	1	5	1	0	0	0	0	0	0	1	0	2
OTU947	0	0	1	0	0	0	0	3	0	0	0	1	0	0	0	0	0	0	0	0	0	1	0	0	0	0	1	0	15	0	1	0	0	0	0	0	0	12	7	0	2	0	3	0	0	0	1	0	0	1	0	1	0	4	8	5	23	1	3	0	0	0	0	0	0	0	1	0	0	134	26	0	0	2	0	143	143	203	7	0	2	7	0	6	1	0	4	0	37	0	5	2	1	0	0	4	5	1	0	2	0	0
OTU948	0	0	0	0	0	0	0	1	0	0	0	0	0	0	0	0	0	0	0	0	0	0	0	0	0	0	0	0	0	0	0	3	2	0	0	0	0	0	0	0	0	0	0	115	69	0	0	0	0	0	0	0	1	0	0	32	2	0	0	0	0	0	0	0	218	0	0	0	6	0	0	0	0	0	0	1	0	0	0	0	0	1	0	0	0	0	0	1	0	0	0	0	8	0	0	0	2	0	0	3	76	1
OTU949	0	1	0	0	0	0	0	0	0	0	1	0	0	0	0	0	2	2	1	0	0	0	0	0	0	0	3	3	0	2	0	0	3	0	1	0	0	0	1	0	8	0	1	24	134	230	3	0	0	0	0	0	0	2	41	67	1	1	4	0	0	0	0	2	0	0	1	0	1	3	0	21	25	11	1	0	2	0	0	0	4	2	0	0	0	3	0	0	4	10	0	15	3	0	0	50	0	0	0	0	0	0
OTU95	0	1	0	0	0	0	13	11	0	1	1	1	0	0	3	2	0	4	14	1	16	10	2	14	14	15	67	206	109	56	138	15	20	37	6	13	169	106	129	1	542	138	142	132	237	374	109	188	248	60	214	2495	221	79	341	200	231	553	309	3	4	3	710	21	607	450	1052	564	1033	116	95	163	83	301	412	47	7	92	101	35	194	81	176	43	824	260	50	59	57	116	59	363	552	251	258	453	476	1020	1202	812	1084	1130
OTU950	0	1	0	0	0	0	0	2	0	0	2	1	0	0	0	0	1	0	0	0	0	0	0	1	2	0	0	1	1	6	1	3	1	0	0	0	6	0	1	0	4	0	8	41	17	10	6	38	0	0	2	10	0	7	14	33	88	60	15	1	0	1	1	0	1	3	2	3	34	18	10	0	33	29	8	8	2	0	0	0	4	5	8	9	20	28	1	11	5	5	1	12	35	32	15	37	7	1	0	0	375	1
OTU951	0	0	0	0	0	0	0	0	0	0	0	2	0	0	0	0	0	0	1	0	1	0	0	0	1	1	44	11	28	34	11	0	0	0	0	0	12	4	9	0	54	31	5	1	10	6	7	4	3	37	3	30	2	7	1	3	14	9	12	2	0	0	0	1	42	68	196	40	116	2	19	24	14	25	20	16	42	14	35	8	7	11	15	13	2	18	1	3	13	8	23	22	9	20	9	22	22	104	78	24	30	33
OTU952	0	0	2	0	0	0	0	0	0	0	0	0	0	0	0	0	0	0	0	0	0	1	0	0	1	0	3	7	0	21	8	2	0	0	0	0	0	0	0	0	0	0	0	1	1	2	21	24	14	0	0	10	0	15	4	7	2	6	0	0	0	0	0	1	0	4	0	0	0	0	0	0	8	3	10	6	0	0	3	0	1	8	9	4	2	5	1	0	0	4	5	2	14	4	9	16	21	3	32	163	52	83
OTU953	0	1	0	0	0	0	2	4	0	1	0	0	0	0	0	0	0	0	6	1	1	3	0	3	1	0	17	29	4	22	2	0	6	0	4	0	11	1	23	0	40	31	7	15	22	34	1	2	4	8	1	72	4	1	9	8	15	7	4	0	1	2	0	3	75	144	60	165	93	12	21	23	17	4	23	1	6	55	14	1	1	23	43	0	1	7	12	35	48	2	18	9	19	1	13	10	12	0	34	20	22	1
OTU954	0	0	0	0	0	0	0	1	0	0	0	0	0	0	0	0	0	0	0	0	0	0	25	601	2	0	0	0	0	0	0	0	0	0	3	0	0	0	15	0	0	0	0	1	13	0	2	0	0	0	0	0	0	0	0	0	0	0	0	0	1	0	0	4	0	1	2	2	2	0	0	0	0	0	3	0	0	0	0	0	0	0	0	0	0	0	0	0	0	0	0	0	2	0	0	5	4	86	3	0	37	74
OTU955	0	0	0	0	0	0	0	1	0	0	0	0	0	0	0	0	0	0	0	0	2	0	0	0	0	2	1	10	0	0	0	0	0	0	7	0	27	1	3	0	56	20	116	1	0	5	0	2	0	0	0	11	9	2	0	0	0	0	2	0	0	2	0	0	21	0	0	14	1	2	0	0	1	0	0	7	7	0	41	84	11	5	0	5	3	0	0	2	18	3	4	0	1	0	3	1	0	1	0	0	0	0
OTU956	0	0	0	0	0	0	1	0	0	0	1	0	1	0	0	0	0	0	1	0	0	4	0	1	0	0	0	8	10	3	0	5	2	1	2	0	153	0	17	0	52	26	3	2	18	5	0	8	45	7	3	68	66	11	10	13	18	9	4	0	0	2	0	0	14	59	8	47	4	6	35	21	13	57	50	4	0	0	50	0	10	0	10	55	9	25	1	7	3	10	176	21	18	44	23	26	3	2	41	0	14	2
OTU957	0	0	0	0	0	0	0	0	1	0	0	0	0	0	0	0	526	0	0	0	0	0	0	0	0	0	1	0	3	0	0	0	0	0	0	0	0	0	0	1	0	0	0	0	0	0	0	0	0	2	0	0	0	0	0	0	0	0	0	0	0	0	0	0	0	0	0	0	0	0	0	2	0	0	0	0	2	0	0	1	1	0	0	0	0	0	0	1	0	0	0	0	0	1	5	0	0	0	0	0	0	0
OTU958	0	1	0	0	0	0	0	0	0	0	1	0	0	0	0	0	0	0	0	0	0	2	0	1	0	0	1	14	0	2	18	0	0	2	3	0	25	23	30	1	24	8	28	1	0	13	0	0	27	6	6	16	2	6	0	0	21	1	3	0	0	0	0	0	0	0	1	0	1	13	17	1	4	4	22	7	18	122	3	10	7	6	0	2	4	4	24	15	23	6	0	3	0	4	5	4	5	0	0	0	0	0
OTU959	0	0	0	0	0	0	3	0	0	0	0	1	0	0	0	0	0	0	0	0	0	0	0	0	1	0	15	19	1	10	16	0	0	0	2	2	0	0	0	0	1	11	3	33	18	16	2	40	1	3	1	26	4	21	9	0	3	8	1	0	2	0	1	0	2	0	0	2	0	0	1	2	14	27	1	2	0	0	20	5	56	22	23	3	20	9	0	10	12	10	10	16	1	78	18	54	5	0	0	0	1	0
OTU96	0	7	4	0	4	2	2	3	0	2	2	3	0	4	0	6	0	0	0	0	0	0	0	2	0	0	3	3	13	4	3	3	39	0	5	10	8	9	19	1	8	10	2	181	1044	16	202	239	10	9	0	21	10	32	1805	98	470	394	2294	8	9	2	0	4	65	5	16	18	73	4	12	7	8	11	8	16	46	14	6	6	10	280	287	116	10	52	13	8	15	9	15	7	1421	89	42	369	946	39	3	1	12	27
OTU960	0	0	0	0	1	0	0	3	0	0	0	0	0	4	1	0	0	0	0	0	0	1	0	0	0	0	4	9	16	0	16	2	0	5	0	0	25	6	45	0	13	0	6	50	4	83	5	7	27	18	48	200	17	4	53	138	253	20	23	1	0	0	0	1	2	4	13	2	0	1	3	28	188	8	12	2	24	0	11	1	8	88	10	19	3	19	2	0	35	9	10	15	144	29	31	6	13	2	0	2	0	1
OTU961	0	0	1	2	0	0	0	0	0	0	0	0	0	0	3	0	0	0	0	0	0	0	0	2	0	0	0	0	2	43	5	0	0	1	0	0	0	0	3	0	0	1	0	15	0	4	1	2	1	1	0	0	1	0	4	191	0	122	186	0	0	0	0	0	0	4	0	5	4	0	0	1	0	1	1	6	8	0	4	2	2	1	5	0	3	0	0	3	3	1	1	2	0	0	0	3	3	0	0	2	0	0
OTU962	0	6	2	0	0	0	0	3	0	0	0	1	0	0	0	0	0	0	0	0	0	1	2	0	1	0	5	0	0	1	0	0	1	0	1	0	0	0	0	0	0	1	0	0	5	0	2	1	0	0	0	6	0	0	3	0	0	10	0	0	0	0	0	0	3	0	0	1	3	0	0	1	103	0	1	0	0	0	9	0	2	0	0	0	0	0	0	2	1	0	2	0	1	6	25	3	13	56	44	2	96	72
OTU963	0	0	0	0	0	0	0	0	0	0	0	0	0	0	0	2	0	0	0	0	2	0	0	0	0	0	0	1	0	22	5	0	1	0	0	8	2	0	0	2	0	1	0	0	21	0	0	59	61	3	1	0	0	1	1	3	0	19	1	0	0	0	0	0	0	0	0	2	0	0	0	0	2	0	0	0	1	0	0	0	0	2	20	2	4	48	0	0	2	2	0	1	9	14	14	37	6	0	0	78	6	29
OTU964	0	0	0	0	0	0	0	0	0	0	0	0	0	0	0	0	0	0	0	0	0	0	0	0	0	0	1	2	0	0	0	0	1	5	0	0	5	1	0	0	1	0	2	46	60	81	19	2	2	2	0	0	3	33	20	60	142	13	8	6	0	0	0	0	0	0	3	0	0	0	1	0	0	0	0	0	1	4	1	0	0	72	0	30	1	2	0	2	2	0	0	1	1	0	1	2	15	0	1	0	0	2
OTU965	0	0	0	0	0	0	0	0	0	2	0	0	0	1	0	0	0	0	0	0	0	0	0	0	0	0	0	0	0	15	0	0	2	0	0	0	0	0	0	0	0	0	1	0	361	1	3	54	0	1	0	3	2	2	0	4	7	67	0	0	4	0	0	0	0	0	1	0	0	0	1	4	0	0	0	1	2	0	0	4	0	2	121	3	0	0	0	0	1	0	2	0	4	1	0	1	0	0	0	0	0	0
OTU966	0	0	0	0	0	0	0	0	0	0	0	0	0	0	0	0	0	0	0	0	1	0	0	1	0	0	0	0	0	0	0	0	0	0	2	0	0	1	0	0	0	0	0	0	0	0	0	5	0	0	0	0	0	0	1	0	0	3	0	0	0	0	0	3	1	1	1	2	0	0	0	0	0	0	0	0	1	0	0	0	0	0	0	0	0	0	0	0	0	0	0	0	7	5	6	10	6	0	102	0	158	135
OTU967	0	1	0	0	0	1	0	0	0	0	0	0	0	2	0	0	0	0	1	0	0	0	0	0	0	4	51	26	46	5	10	0	4	0	6	0	13	8	5	0	3	3	6	12	7	38	65	4	2	9	0	5	2	1	5	0	196	1	18	0	0	0	0	0	5	1	5	0	1	3	4	6	0	1	60	4	14	3	1	9	0	6	3	4	0	3	23	38	79	0	4	4	6	13	2	38	2	34	18	0	5	0
OTU968	0	0	0	0	0	0	0	0	0	1	0	0	0	0	0	0	0	0	0	0	0	0	0	0	1	0	0	2	0	0	0	0	6	0	0	0	0	0	2	0	2	0	0	19	77	75	0	0	1	2	0	0	0	3	10	124	14	0	3	1	0	0	0	0	0	10	1	0	0	43	0	0	5	0	0	0	4	0	26	0	0	97	8	0	0	0	1	0	3	0	0	0	9	0	0	1	57	0	0	0	0	0
OTU969	0	0	0	0	0	0	0	0	0	0	0	0	0	1	0	0	0	0	0	0	0	0	0	0	0	0	0	3	1	0	0	0	0	0	0	4	0	0	0	3	0	1	2	1	0	1	0	47	0	0	0	3	0	0	4	8	3	14	32	0	0	0	0	0	0	0	0	0	3	3	1	0	1	1	0	0	1	3	1	1	3	11	1	0	0	0	2	1	0	0	428	2	5	0	1	3	1	0	1	0	0	0
OTU97	3	5	10	0	2	2	15	20	2	4	6	7	0	3	4	2	4	0	7	0	13	4	6	23	7	34	136	117	166	185	116	30	54	11	47	13	52	46	488	0	1722	43	53	962	970	432	63	576	137	99	62	265	43	173	398	283	1418	247	208	12	17	16	16	40	48	109	1876	103	52	43	85	376	315	120	36	245	410	1133	133	42	213	151	456	655	177	382	273	154	70	245	120	107	565	672	617	739	569	389	281	2355	657	455
OTU970	0	2	0	0	0	0	0	0	0	0	2	0	0	0	0	0	0	0	0	0	0	0	0	0	0	0	1	0	0	1	0	0	0	0	0	7	0	0	0	0	0	0	0	3	2	1	0	376	0	0	0	0	0	5	1	4	0	6	6	0	0	0	0	0	0	0	0	0	0	0	2	0	0	2	0	0	0	0	0	1	0	0	3	14	4	1	2	0	0	0	1	3	0	0	0	3	0	0	0	0	0	0
OTU971	0	0	2	0	0	0	0	0	0	0	2	1	0	1	0	0	0	2	0	0	0	0	0	0	0	0	2	0	0	13	1	0	3	0	0	3	0	2	1	0	2	0	0	26	36	0	2	36	0	2	0	22	1	18	7	22	0	31	58	1	1	0	0	2	44	50	28	14	23	0	0	0	8	18	4	0	5	0	2	0	0	24	18	0	2	27	0	1	0	0	10	20	52	30	2	7	10	0	36	2	17	45
OTU972	0	0	0	0	0	0	0	0	0	0	0	0	0	0	0	0	0	0	0	0	0	0	0	0	0	0	0	0	0	0	0	0	0	0	0	0	0	0	0	0	0	0	0	0	2	0	0	0	1	0	0	1	0	24	1	5	0	4	0	0	0	0	0	0	5	372	1	238	1	0	0	0	67	0	0	0	0	2	0	0	3	0	0	0	0	0	0	0	0	0	0	0	0	5	0	0	0	4	743	2	1	0
OTU973	0	0	2	0	0	0	0	0	0	0	0	0	0	1	0	0	0	0	0	0	2	0	2	0	0	2	13	5	1	13	7	1	0	2	0	0	0	0	0	3	17	2	4	8	12	33	9	1	2	3	3	0	5	8	4	1	19	1	17	0	0	0	0	1	0	10	0	0	71	0	5	3	10	9	12	0	0	77	1	0	2	27	19	1	1	8	0	0	0	0	7	14	8	20	13	15	5	1	26	37	3	20
OTU974	0	0	1	0	0	0	2	0	0	0	0	0	0	0	0	0	0	0	0	0	1	0	1	0	0	0	3	1	2	0	0	0	1	0	0	0	0	3	0	0	0	0	15	13	197	18	0	0	10	10	0	9	2	0	1	5	119	1	3	0	0	0	0	0	0	0	8	0	0	0	1	4	5	6	0	1	0	2	3	0	7	3	1	0	49	0	1	2	36	0	0	0	4	0	68	46	1	0	0	1	5	0
OTU975	0	0	3	0	0	0	0	0	0	0	1	0	0	0	0	0	0	0	0	0	0	3	0	1	0	0	0	5	0	36	6	0	0	0	0	0	0	0	0	0	0	1	0	0	17	12	1	29	0	0	0	0	0	1	7	30	1	31	15	0	2	0	1	0	0	1	0	1	2	0	0	0	0	0	5	1	2	0	0	0	2	5	0	5	13	3	0	0	0	0	11	1	17	42	17	12	26	3	1	1	240	180
OTU976	0	0	0	0	0	0	0	0	0	0	0	0	0	0	0	0	0	0	0	0	3	0	0	0	0	0	0	0	0	0	0	0	0	0	0	1	0	0	0	0	0	0	0	0	0	0	0	0	0	0	0	0	0	0	0	0	0	0	0	1	0	0	0	0	0	2	0	3	0	0	0	0	0	0	0	0	0	0	0	0	0	0	0	0	0	0	0	0	0	0	0	0	1	0	0	1	0	357	95	1	15	1
OTU977	0	0	0	0	0	0	0	2	0	0	0	0	0	0	0	0	0	0	0	3	0	1	0	1	1	1	0	1	0	0	0	0	1	0	7	0	0	0	0	0	0	0	0	0	0	0	0	0	0	0	0	0	0	0	1	0	13	6	8	1	0	0	0	0	57	12	156	145	182	0	0	0	0	0	0	0	0	0	0	0	0	0	0	0	4	0	0	0	0	0	0	0	0	0	0	0	2	0	1	0	2	0
OTU978	0	0	2	0	0	0	12	4	0	1	0	0	0	0	0	0	0	0	0	0	0	0	0	0	0	0	2	0	2	0	4	0	0	0	0	0	0	1	2	0	0	2	3	28	1	26	1	1	0	0	0	2	2	0	0	3	0	2	2	2	0	0	0	0	0	0	0	0	0	0	2	2	1	0	1	9	1	0	0	0	531	0	4	0	0	2	0	5	0	0	1	0	0	3	0	1	4	0	0	0	0	0
OTU979	0	2	0	0	0	0	0	4	0	0	0	0	0	0	1	2	0	0	0	0	0	0	0	0	0	0	8	30	27	10	21	0	0	0	4	0	41	4	20	0	12	10	23	1	1	0	7	0	0	10	0	15	13	2	1	1	23	3	2	0	1	0	0	3	0	0	2	0	0	2	30	0	6	23	20	26	25	22	2	44	2	0	2	10	6	0	21	31	42	6	9	11	1	0	8	8	0	0	0	1	0	0
OTU98	0	3	1	0	0	0	2	2	0	0	0	3	0	3	0	0	1	1	0	0	4	0	0	0	3	0	88	177	11	193	141	10	26	0	4	8	4	6	24	1	71	59	117	651	2125	339	664	293	186	131	6	465	34	123	172	326	20	184	449	9	1	2	0	0	3	4	0	5	6	5	11	44	546	97	4	11	11	10	314	12	268	1092	129	704	190	296	12	26	16	429	22	324	1274	101	85	646	524	29	3	0	10	3
OTU980	0	0	0	0	0	0	0	0	0	0	0	0	0	0	59	0	0	0	0	0	0	0	0	0	0	0	203	0	91	1	45	0	5	0	0	0	0	3	5	0	1	0	0	1	0	0	1	0	0	2	0	1	0	0	3	0	56	5	1	0	0	0	0	1	1	0	1	0	1	0	38	1	0	3	3	0	5	1	0	11	0	9	0	0	3	0	2	0	4	0	0	0	0	2	4	1	0	0	0	0	2	0
OTU981	0	0	0	0	0	0	0	0	0	0	0	0	0	0	0	0	0	0	0	0	0	0	1	0	0	0	1	1	0	25	0	0	0	0	1	0	0	4	0	0	0	0	0	0	7	1	6	1	0	0	0	25	1	0	0	10	3	0	1	0	0	0	0	0	0	0	1	3	3	0	0	33	4	4	0	0	0	0	0	0	0	7	0	0	0	0	0	0	0	0	0	5	3	3	0	4	0	296	55	0	94	0
OTU982	0	2	0	0	0	0	0	0	1	0	0	0	1	2	0	0	0	0	0	0	0	0	0	0	0	0	0	0	1	4	1	0	0	1	2	0	2	0	2	0	1	5	1	1	0	35	2	2	1	1	0	0	4	1	3	7	5	2	3	0	0	0	0	0	0	0	0	0	1	0	0	171	0	3	0	0	1	2	0	1	2	2	0	0	0	0	271	2	0	59	0	4	1	6	243	0	3	0	0	5	0	0
OTU983	0	0	0	0	0	0	0	1	0	0	0	1	1	0	0	0	0	0	1	5	0	1	0	0	2	0	0	0	1	0	0	0	0	0	6	0	6	0	1	0	3	10	0	0	1	5	0	0	0	0	0	0	0	1	1	0	7	1	2	0	0	0	0	0	41	0	120	1	183	4	0	0	0	1	0	74	45	0	0	1	0	0	0	1	0	0	20	39	21	1	0	5	0	0	1	3	0	0	1	0	1	1
OTU984	0	0	0	0	0	0	6	1	0	0	0	0	0	0	0	0	0	0	0	0	0	0	0	0	0	0	6	0	0	0	0	0	4	0	0	0	0	0	0	0	0	0	0	0	0	0	1	0	0	0	0	4	0	0	0	0	0	0	0	1	0	0	1	0	17	0	6	0	0	0	0	0	0	0	0	0	0	0	0	0	0	0	0	0	0	0	0	0	0	0	0	0	6	0	4	1	0	293	37	115	26	20
OTU985	0	0	0	0	0	0	0	0	0	0	0	0	0	0	0	0	0	0	0	0	0	0	2	0	0	0	0	0	0	0	0	1	0	0	0	541	0	0	0	0	0	0	0	0	2	0	0	6	0	0	0	0	0	1	0	0	5	0	0	0	0	0	0	1	0	0	0	0	1	0	0	0	0	0	0	0	0	0	0	0	0	0	0	0	0	0	0	0	0	0	0	0	0	0	0	0	0	0	0	3	0	0
OTU986	0	0	0	0	0	0	2	3	0	0	0	0	0	0	0	0	0	0	0	3	2	0	0	2	1	0	0	0	0	0	0	0	1	0	0	1	0	0	0	0	0	0	0	0	0	0	0	0	0	0	0	0	0	0	3	0	0	0	6	0	4	0	1	4	538	4	2	5	711	0	0	0	0	0	0	0	0	0	0	0	0	0	0	0	0	0	0	0	0	0	0	0	4	2	1	5	0	541	382	204	205	2
OTU987	0	0	0	0	0	0	0	0	0	441	0	0	0	0	0	0	0	0	0	0	0	0	0	0	0	0	0	0	0	0	0	0	0	0	0	0	0	0	0	0	0	0	0	0	0	0	0	0	0	0	0	0	1	0	0	0	0	1	1	0	0	0	0	0	0	0	0	0	0	0	0	2	0	0	1	0	0	0	0	0	0	0	0	0	0	0	0	0	1	1	0	0	0	0	1	2	1	0	0	0	0	0
OTU988	0	0	0	0	0	0	0	0	0	0	0	0	0	0	0	0	0	0	0	213	0	0	0	0	0	0	0	0	0	0	0	0	0	0	0	136	0	0	0	12	0	0	0	0	0	0	0	14	0	0	0	0	0	0	0	0	0	0	0	2	0	0	0	3	0	0	0	1	0	0	0	0	0	0	0	0	0	0	0	0	0	0	0	0	0	0	0	1	0	0	0	0	0	0	0	0	0	0	0	0	1	0
OTU989	0	0	0	0	0	0	2	2	0	0	0	0	0	0	0	0	0	0	0	0	0	0	3	4	5	1	0	0	0	0	1	0	0	2	4	0	0	0	0	0	0	0	0	0	0	0	0	0	0	0	0	0	0	0	1	1	0	2	55	1	0	0	0	2	27	8	7	9	1010	0	0	0	0	0	0	0	1	0	0	1	0	0	0	0	0	0	0	0	0	0	0	0	0	0	0	0	0	1	2	6	4	2
OTU99	0	9	5	0	4	0	3	5	0	0	7	12	0	7	0	2	0	0	4	3	2	2	3	0	3	5	171	376	377	415	82	4	6	1	9	0	141	37	84	0	207	63	155	139	290	292	144	108	103	59	25	315	69	33	158	153	701	132	257	5	2	3	5	2	109	295	886	328	337	147	162	124	125	39	329	135	83	41	182	67	66	205	74	36	78	92	232	146	176	77	77	158	288	63	53	101	195	101	65	5	54	68
OTU990	0	0	0	0	0	0	0	0	0	0	0	0	0	0	436	0	0	0	0	0	0	0	0	0	0	0	0	0	0	0	0	0	0	0	0	0	0	0	0	0	0	0	0	0	0	0	0	0	0	0	0	0	0	0	0	0	0	0	0	0	0	0	2	0	0	0	0	0	0	0	0	4	0	1	0	0	0	2	2	0	0	1	0	0	0	6	0	0	0	0	0	0	1	0	0	3	0	0	0	0	0	0
OTU991	0	0	0	0	0	1	0	1	0	0	0	0	0	0	0	0	0	0	0	0	0	0	0	0	1	0	3	0	4	2	5	1	0	3	0	1	0	2	0	0	2	0	1	2	5	4	2	32	52	9	0	25	45	42	26	2	2	11	7	0	4	2	0	0	109	54	67	56	67	0	0	8	0	4	0	0	0	3	24	2	28	1	2	0	0	9	0	2	1	2	3	19	2	1	8	11	1	1	72	1	1	6
OTU992	0	0	0	0	0	0	0	1	0	0	0	0	0	0	0	0	0	0	0	0	0	2	0	0	2	0	12	0	0	0	0	0	2	0	2	0	1	0	0	0	3	18	8	0	3	0	2	22	15	0	0	17	5	3	0	0	1	15	6	0	4	0	1	0	1	0	6	0	9	0	0	0	8	5	0	1	0	2	9	0	10	14	0	0	3	5	0	2	0	3	2	1	13	19	11	6	2	19	117	21	66	136
OTU993	0	0	1	0	0	0	0	0	0	0	1	1	0	0	0	0	0	0	0	0	3	0	0	1	0	0	0	0	1	7	0	0	0	0	8	0	20	26	91	0	58	0	33	1	1	15	0	1	14	15	0	10	1	6	0	6	15	0	8	0	0	0	0	0	0	0	0	0	7	10	40	0	1	0	0	31	2	0	5	1	1	2	3	2	2	0	58	73	179	8	0	0	0	19	5	39	6	0	0	0	5	0
OTU994	0	0	0	0	0	0	1	1	0	0	0	0	0	0	0	0	0	0	0	0	0	0	0	0	1	0	0	0	0	0	0	0	2	1	1	1	2	0	0	0	0	0	0	0	0	0	0	0	0	0	0	0	0	0	0	7	0	15	0	1	1	0	0	6	0	1	4	971	2	0	0	0	0	0	0	0	3	0	0	0	0	0	0	0	0	0	0	0	0	0	0	0	0	0	0	22	4	5	5	2	694	251
OTU995	0	0	0	0	0	0	0	0	0	0	0	0	0	0	0	0	0	0	0	0	0	0	0	0	0	0	0	0	0	0	0	0	0	1	0	0	0	0	0	0	0	0	0	35	0	0	0	0	0	0	0	0	0	0	0	0	0	0	0	0	0	0	0	0	0	0	0	0	1	0	0	0	0	0	0	0	0	0	0	0	0	0	0	0	0	0	0	0	0	0	0	0	0	0	0	0	11	0	2	0	1	398
OTU996	0	0	0	0	0	0	0	0	0	0	0	0	0	0	0	0	0	0	0	0	1	0	0	408	0	0	0	0	0	0	0	0	0	0	3	0	0	0	0	0	0	0	0	0	0	0	0	0	0	0	0	0	0	0	0	0	0	0	0	0	0	0	0	0	0	0	1	0	0	0	0	0	0	0	0	0	0	0	0	0	0	0	0	0	0	0	0	0	0	0	0	0	0	0	0	0	0	2	0	0	0	0
OTU997	0	0	0	0	0	0	0	0	0	0	0	0	0	2	0	0	0	0	1	0	3	0	0	0	1	0	12	14	49	14	6	0	0	1	3	0	12	9	9	0	62	5	11	3	5	25	15	14	1	11	2	41	0	3	6	1	14	2	4	0	0	1	1	0	11	12	32	68	14	3	8	2	34	11	8	10	7	0	1	8	5	17	5	16	9	7	15	17	5	14	16	5	2	2	10	37	14	1	25	0	5	31
OTU998	0	0	1	0	0	0	0	2	0	0	0	0	0	1	0	0	0	0	0	1	1	0	0	1	1	2	5	7	0	3	4	0	1	0	1	0	0	0	4	0	9	5	4	8	3	7	5	11	9	6	1	1	7	1	2	2	3	2	12	0	0	1	1	0	44	62	71	4	107	0	1	3	12	0	0	0	2	2	0	12	3	6	24	10	4	2	1	4	1	10	7	19	15	2	7	7	21	217	18	0	0	78
OTU999	0	0	0	0	1	0	0	5	1	0	0	0	0	0	0	0	0	0	1	0	2	0	0	1	0	0	1	2	84	2	5	0	0	0	1	0	4	5	56	0	19	26	28	0	0	3	0	4	0	2	6	8	14	0	0	4	9	5	1	0	0	0	0	0	0	0	1	0	0	15	49	16	9	0	20	38	17	10	4	8	21	4	5	5	4	1	59	97	43	8	14	8	3	2	0	14	2	0	0	0	0	0
